<?xml version="1.0"?>
<q:quakeml xmlns:q="http://quakeml.org/xmlns/quakeml/1.2"  xmlns="http://quakeml.org/xmlns/bed/1.2">
<eventParameters publicID="smi:eu.emsc/unid">
<event publicID="quakeml:eu.emsc/event/20020501_0000022">
  <preferredOriginID>quakeml:eu.emsc/event/20020501_0000022/origin/1414194</preferredOriginID>
  <preferredMagnitudeID>quakeml:eu.emsc/event/20020501_0000022/origin/1414194/mag/2</preferredMagnitudeID>
  <creationInfo>
    <agencyURI>smi:smi-registry/organization/EMSC</agencyURI>
    <authorURI>smi:smi-registry/organization/EMSC</authorURI>
    <creationTime>2014-12-10T16:25:15.91466Z</creationTime>
  </creationInfo>
  <description>
    <text>CENTRAL TURKEY</text>
    <type>Flinn-Engdahl region</type>
  </description>
  <origin publicID="quakeml:eu.emsc/event/20020501_0000022/origin/1414194">
    <time>
      <value>2002-05-01T23:45:09.3Z</value>
    </time>
    <latitude>
      <value>39.095</value>
      <uncertainty>9999.9</uncertainty>
    </latitude>
    <longitude>
      <value>36.081</value>
      <uncertainty>9999.9</uncertainty>
    </longitude>
    <depth>
      <value>10000</value>
    </depth>
    <depthType>from location</depthType>
    <methodID>smi:eu.emsc-csem/origin_method/NA</methodID>
    <quality>
      <usedPhaseCount>8</usedPhaseCount>
      <usedStationCount>7</usedStationCount>
      <standardError>2.5</standardError>
      <azimuthalGap>112</azimuthalGap>
      <minimumDistance>0.3</minimumDistance>
      <maximumDistance>2.5</maximumDistance>
    </quality>
    <evaluationMode>manual</evaluationMode>
    <creationInfo>
      <agencyURI>smi:smi-registry/organization/EMSC</agencyURI>
      <authorURI>smi:smi-registry/organization/EMSC</authorURI>
    </creationInfo>
    <originUncertainty>
      <azimuthMaxHorizontalUncertainty>-99</azimuthMaxHorizontalUncertainty>
    </originUncertainty>
  </origin>
  <magnitude publicID="quakeml:eu.emsc/event/20020501_0000022/origin/1414194/mag/2">
    <mag>
      <value>3.4</value>
    </mag>
    <type>MD</type>
    <originID>quakeml:eu.emsc/event/20020501_0000022/origin/1414194</originID>
    <creationInfo>
      <agencyURI>smi:smi-registry/organization/EMSC</agencyURI>
      <authorURI>smi:smi-registry/organization/EMSC</authorURI>
    </creationInfo>
  </magnitude>
</event>
<event publicID="quakeml:eu.emsc/event/20020501_0000021">
  <preferredOriginID>quakeml:eu.emsc/event/20020501_0000021/origin/1414196</preferredOriginID>
  <preferredMagnitudeID>quakeml:eu.emsc/event/20020501_0000021/origin/1414196/mag/2</preferredMagnitudeID>
  <creationInfo>
    <agencyURI>smi:smi-registry/organization/EMSC</agencyURI>
    <authorURI>smi:smi-registry/organization/EMSC</authorURI>
    <creationTime>2014-12-10T16:25:13.59087Z</creationTime>
  </creationInfo>
  <description>
    <text>CENTRAL TURKEY</text>
    <type>Flinn-Engdahl region</type>
  </description>
  <origin publicID="quakeml:eu.emsc/event/20020501_0000021/origin/1414196">
    <time>
      <value>2002-05-01T23:24:25.5Z</value>
    </time>
    <latitude>
      <value>39.113</value>
      <uncertainty>9999.9</uncertainty>
    </latitude>
    <longitude>
      <value>36.073</value>
      <uncertainty>9999.9</uncertainty>
    </longitude>
    <depth>
      <value>10000</value>
    </depth>
    <depthType>from location</depthType>
    <methodID>smi:eu.emsc-csem/origin_method/NA</methodID>
    <quality>
      <usedPhaseCount>8</usedPhaseCount>
      <usedStationCount>7</usedStationCount>
      <standardError>2.5</standardError>
      <azimuthalGap>112</azimuthalGap>
      <minimumDistance>0.32</minimumDistance>
      <maximumDistance>2.48</maximumDistance>
    </quality>
    <evaluationMode>manual</evaluationMode>
    <creationInfo>
      <agencyURI>smi:smi-registry/organization/EMSC</agencyURI>
      <authorURI>smi:smi-registry/organization/EMSC</authorURI>
    </creationInfo>
    <originUncertainty>
      <azimuthMaxHorizontalUncertainty>-99</azimuthMaxHorizontalUncertainty>
    </originUncertainty>
  </origin>
  <magnitude publicID="quakeml:eu.emsc/event/20020501_0000021/origin/1414196/mag/2">
    <mag>
      <value>3.3</value>
    </mag>
    <type>MD</type>
    <originID>quakeml:eu.emsc/event/20020501_0000021/origin/1414196</originID>
    <creationInfo>
      <agencyURI>smi:smi-registry/organization/EMSC</agencyURI>
      <authorURI>smi:smi-registry/organization/EMSC</authorURI>
    </creationInfo>
  </magnitude>
</event>
<event publicID="quakeml:eu.emsc/event/20020501_0000030">
  <preferredOriginID>quakeml:eu.emsc/event/20020501_0000030/origin/1404973</preferredOriginID>
  <preferredMagnitudeID>quakeml:eu.emsc/event/20020501_0000030/origin/1404973/mag/1</preferredMagnitudeID>
  <creationInfo>
    <agencyURI>smi:smi-registry/organization/EMSC</agencyURI>
    <authorURI>smi:smi-registry/organization/EMSC</authorURI>
    <creationTime>2014-12-03T16:36:47.188275Z</creationTime>
  </creationInfo>
  <description>
    <text>NORTHERN ITALY</text>
    <type>Flinn-Engdahl region</type>
  </description>
  <origin publicID="quakeml:eu.emsc/event/20020501_0000030/origin/1404973">
    <time>
      <value>2002-05-01T22:58:24.4Z</value>
      <uncertainty>0.08</uncertainty>
    </time>
    <latitude>
      <value>44.5038</value>
      <uncertainty>2.1</uncertainty>
    </latitude>
    <longitude>
      <value>7.2552</value>
      <uncertainty>1.4</uncertainty>
    </longitude>
    <depth>
      <value>12000</value>
    </depth>
    <depthType>from location</depthType>
    <methodID>smi:eu.emsc-csem/origin_method/NA</methodID>
    <quality>
      <usedPhaseCount>55</usedPhaseCount>
      <usedStationCount>31</usedStationCount>
      <standardError>0.69</standardError>
      <azimuthalGap>59</azimuthalGap>
      <minimumDistance>0.11</minimumDistance>
      <maximumDistance>2.33</maximumDistance>
    </quality>
    <evaluationMode>manual</evaluationMode>
    <creationInfo>
      <agencyURI>smi:smi-registry/organization/EMSC</agencyURI>
      <authorURI>smi:smi-registry/organization/EMSC</authorURI>
    </creationInfo>
    <originUncertainty>
      <azimuthMaxHorizontalUncertainty>64</azimuthMaxHorizontalUncertainty>
    </originUncertainty>
  </origin>
  <magnitude publicID="quakeml:eu.emsc/event/20020501_0000030/origin/1404973/mag/1">
    <mag>
      <value>2.1</value>
      <uncertainty>0.4</uncertainty>
    </mag>
    <type>ML</type>
    <originID>quakeml:eu.emsc/event/20020501_0000030/origin/1404973</originID>
    <stationCount>10</stationCount>
    <creationInfo>
      <agencyURI>smi:smi-registry/organization/EMSC</agencyURI>
      <authorURI>smi:smi-registry/organization/EMSC</authorURI>
    </creationInfo>
  </magnitude>
</event>
<event publicID="quakeml:eu.emsc/event/20020501_0000020">
  <preferredOriginID>quakeml:eu.emsc/event/20020501_0000020/origin/1405447</preferredOriginID>
  <preferredMagnitudeID>quakeml:eu.emsc/event/20020501_0000020/origin/1405447/mag/1</preferredMagnitudeID>
  <creationInfo>
    <agencyURI>smi:smi-registry/organization/EMSC</agencyURI>
    <authorURI>smi:smi-registry/organization/EMSC</authorURI>
    <creationTime>2014-12-03T11:35:25.257284Z</creationTime>
  </creationInfo>
  <description>
    <text>PYRENEES</text>
    <type>Flinn-Engdahl region</type>
  </description>
  <origin publicID="quakeml:eu.emsc/event/20020501_0000020/origin/1405447">
    <time>
      <value>2002-05-01T22:19:31.0Z</value>
      <uncertainty>0.14</uncertainty>
    </time>
    <latitude>
      <value>43.4579</value>
      <uncertainty>3.6</uncertainty>
    </latitude>
    <longitude>
      <value>-0.6155</value>
      <uncertainty>2.3</uncertainty>
    </longitude>
    <depth>
      <value>5000</value>
    </depth>
    <depthType>from location</depthType>
    <methodID>smi:eu.emsc-csem/origin_method/NA</methodID>
    <quality>
      <usedPhaseCount>62</usedPhaseCount>
      <usedStationCount>32</usedStationCount>
      <standardError>1.01</standardError>
      <azimuthalGap>90</azimuthalGap>
      <minimumDistance>0.42</minimumDistance>
      <maximumDistance>5.31</maximumDistance>
    </quality>
    <evaluationMode>manual</evaluationMode>
    <creationInfo>
      <agencyURI>smi:smi-registry/organization/EMSC</agencyURI>
      <authorURI>smi:smi-registry/organization/EMSC</authorURI>
    </creationInfo>
    <originUncertainty>
      <azimuthMaxHorizontalUncertainty>117</azimuthMaxHorizontalUncertainty>
    </originUncertainty>
  </origin>
  <magnitude publicID="quakeml:eu.emsc/event/20020501_0000020/origin/1405447/mag/1">
    <mag>
      <value>2.7</value>
      <uncertainty>0.4</uncertainty>
    </mag>
    <type>ML</type>
    <originID>quakeml:eu.emsc/event/20020501_0000020/origin/1405447</originID>
    <stationCount>12</stationCount>
    <creationInfo>
      <agencyURI>smi:smi-registry/organization/EMSC</agencyURI>
      <authorURI>smi:smi-registry/organization/EMSC</authorURI>
    </creationInfo>
  </magnitude>
</event>
<event publicID="quakeml:eu.emsc/event/20020501_0000019">
  <preferredOriginID>quakeml:eu.emsc/event/20020501_0000019/origin/1414198</preferredOriginID>
  <preferredMagnitudeID>quakeml:eu.emsc/event/20020501_0000019/origin/1414198/mag/2</preferredMagnitudeID>
  <creationInfo>
    <agencyURI>smi:smi-registry/organization/EMSC</agencyURI>
    <authorURI>smi:smi-registry/organization/EMSC</authorURI>
    <creationTime>2014-12-10T16:25:09.48573Z</creationTime>
  </creationInfo>
  <description>
    <text>GREECE</text>
    <type>Flinn-Engdahl region</type>
  </description>
  <origin publicID="quakeml:eu.emsc/event/20020501_0000019/origin/1414198">
    <time>
      <value>2002-05-01T22:06:15.6Z</value>
    </time>
    <latitude>
      <value>38.65</value>
      <uncertainty>9999.9</uncertainty>
    </latitude>
    <longitude>
      <value>23.67</value>
      <uncertainty>9999.9</uncertainty>
    </longitude>
    <depth>
      <value>5000</value>
    </depth>
    <depthType>from location</depthType>
    <methodID>smi:eu.emsc-csem/origin_method/NA</methodID>
    <quality>
      <usedPhaseCount>6</usedPhaseCount>
      <usedStationCount>5</usedStationCount>
      <standardError>1.55</standardError>
      <azimuthalGap>182</azimuthalGap>
      <minimumDistance>0.68</minimumDistance>
      <maximumDistance>2.01</maximumDistance>
    </quality>
    <evaluationMode>manual</evaluationMode>
    <creationInfo>
      <agencyURI>smi:smi-registry/organization/EMSC</agencyURI>
      <authorURI>smi:smi-registry/organization/EMSC</authorURI>
    </creationInfo>
    <originUncertainty>
      <azimuthMaxHorizontalUncertainty>-99</azimuthMaxHorizontalUncertainty>
    </originUncertainty>
  </origin>
  <magnitude publicID="quakeml:eu.emsc/event/20020501_0000019/origin/1414198/mag/2">
    <mag>
      <value>3</value>
    </mag>
    <type>ML</type>
    <originID>quakeml:eu.emsc/event/20020501_0000019/origin/1414198</originID>
    <creationInfo>
      <agencyURI>smi:smi-registry/organization/EMSC</agencyURI>
      <authorURI>smi:smi-registry/organization/EMSC</authorURI>
    </creationInfo>
  </magnitude>
</event>
<event publicID="quakeml:eu.emsc/event/20020501_0000025">
  <preferredOriginID>quakeml:eu.emsc/event/20020501_0000025/origin/1404999</preferredOriginID>
  <preferredMagnitudeID>quakeml:eu.emsc/event/20020501_0000025/origin/1404999/mag/2</preferredMagnitudeID>
  <creationInfo>
    <agencyURI>smi:smi-registry/organization/EMSC</agencyURI>
    <authorURI>smi:smi-registry/organization/EMSC</authorURI>
    <creationTime>2014-12-03T10:24:54.368977Z</creationTime>
  </creationInfo>
  <description>
    <text>WESTERN TURKEY</text>
    <type>Flinn-Engdahl region</type>
  </description>
  <origin publicID="quakeml:eu.emsc/event/20020501_0000025/origin/1404999">
    <time>
      <value>2002-05-01T20:51:14.9Z</value>
      <uncertainty>0.1</uncertainty>
    </time>
    <latitude>
      <value>36.4593</value>
      <uncertainty>3.7</uncertainty>
    </latitude>
    <longitude>
      <value>30.389</value>
      <uncertainty>2.4</uncertainty>
    </longitude>
    <depth>
      <value>74500.0</value>
      <uncertainty>2.5</uncertainty>
    </depth>
    <depthType>from location</depthType>
    <methodID>smi:eu.emsc-csem/origin_method/NA</methodID>
    <quality>
      <usedPhaseCount>76</usedPhaseCount>
      <usedStationCount>73</usedStationCount>
      <standardError>0.75</standardError>
      <azimuthalGap>38</azimuthalGap>
      <minimumDistance>0.48</minimumDistance>
      <maximumDistance>77.44</maximumDistance>
    </quality>
    <evaluationMode>manual</evaluationMode>
    <creationInfo>
      <agencyURI>smi:smi-registry/organization/EMSC</agencyURI>
      <authorURI>smi:smi-registry/organization/EMSC</authorURI>
    </creationInfo>
    <originUncertainty>
      <azimuthMaxHorizontalUncertainty>65</azimuthMaxHorizontalUncertainty>
    </originUncertainty>
  </origin>
  <magnitude publicID="quakeml:eu.emsc/event/20020501_0000025/origin/1404999/mag/2">
    <mag>
      <value>4</value>
    </mag>
    <type>MD</type>
    <originID>quakeml:eu.emsc/event/20020501_0000025/origin/1404999</originID>
    <creationInfo>
      <agencyURI>smi:smi-registry/organization/EMSC</agencyURI>
      <authorURI>smi:smi-registry/organization/EMSC</authorURI>
    </creationInfo>
  </magnitude>
</event>
<event publicID="quakeml:eu.emsc/event/20020501_0000008">
  <preferredOriginID>quakeml:eu.emsc/event/20020501_0000008/origin/1405733</preferredOriginID>
  <preferredMagnitudeID>quakeml:eu.emsc/event/20020501_0000008/origin/1405733/mag/2</preferredMagnitudeID>
  <creationInfo>
    <agencyURI>smi:smi-registry/organization/EMSC</agencyURI>
    <authorURI>smi:smi-registry/organization/EMSC</authorURI>
    <creationTime>2014-12-03T11:09:45.105288Z</creationTime>
  </creationInfo>
  <description>
    <text>DODECANESE ISLANDS, GREECE</text>
    <type>Flinn-Engdahl region</type>
  </description>
  <origin publicID="quakeml:eu.emsc/event/20020501_0000008/origin/1405733">
    <time>
      <value>2002-05-01T20:37:01.7Z</value>
      <uncertainty>0.11</uncertainty>
    </time>
    <latitude>
      <value>36.5409</value>
      <uncertainty>6.1</uncertainty>
    </latitude>
    <longitude>
      <value>26.8219</value>
      <uncertainty>2.2</uncertainty>
    </longitude>
    <depth>
      <value>148600.0</value>
      <uncertainty>2.9</uncertainty>
    </depth>
    <depthType>from location</depthType>
    <methodID>smi:eu.emsc-csem/origin_method/NA</methodID>
    <quality>
      <usedPhaseCount>45</usedPhaseCount>
      <usedStationCount>44</usedStationCount>
      <standardError>0.54</standardError>
      <azimuthalGap>108</azimuthalGap>
      <minimumDistance>1.1</minimumDistance>
      <maximumDistance>10.91</maximumDistance>
    </quality>
    <evaluationMode>manual</evaluationMode>
    <creationInfo>
      <agencyURI>smi:smi-registry/organization/EMSC</agencyURI>
      <authorURI>smi:smi-registry/organization/EMSC</authorURI>
    </creationInfo>
    <originUncertainty>
      <azimuthMaxHorizontalUncertainty>29</azimuthMaxHorizontalUncertainty>
    </originUncertainty>
  </origin>
  <magnitude publicID="quakeml:eu.emsc/event/20020501_0000008/origin/1405733/mag/2">
    <mag>
      <value>4.4</value>
    </mag>
    <type>ML</type>
    <originID>quakeml:eu.emsc/event/20020501_0000008/origin/1405733</originID>
    <creationInfo>
      <agencyURI>smi:smi-registry/organization/EMSC</agencyURI>
      <authorURI>smi:smi-registry/organization/EMSC</authorURI>
    </creationInfo>
  </magnitude>
</event>
<event publicID="quakeml:eu.emsc/event/20020501_0000018">
  <preferredOriginID>quakeml:eu.emsc/event/20020501_0000018/origin/1405451</preferredOriginID>
  <preferredMagnitudeID>quakeml:eu.emsc/event/20020501_0000018/origin/1405451/mag/2</preferredMagnitudeID>
  <creationInfo>
    <agencyURI>smi:smi-registry/organization/EMSC</agencyURI>
    <authorURI>smi:smi-registry/organization/EMSC</authorURI>
    <creationTime>2014-12-03T10:23:30.21039Z</creationTime>
  </creationInfo>
  <description>
    <text>TUNISIA</text>
    <type>Flinn-Engdahl region</type>
  </description>
  <origin publicID="quakeml:eu.emsc/event/20020501_0000018/origin/1405451">
    <time>
      <value>2002-05-01T19:49:26.5Z</value>
      <uncertainty>0.48</uncertainty>
    </time>
    <latitude>
      <value>35.2009</value>
      <uncertainty>12.5</uncertainty>
    </latitude>
    <longitude>
      <value>10.9772</value>
      <uncertainty>6.7</uncertainty>
    </longitude>
    <depth>
      <value>40000</value>
    </depth>
    <depthType>from location</depthType>
    <methodID>smi:eu.emsc-csem/origin_method/NA</methodID>
    <quality>
      <usedPhaseCount>40</usedPhaseCount>
      <usedStationCount>35</usedStationCount>
      <standardError>1.3</standardError>
      <azimuthalGap>122</azimuthalGap>
      <minimumDistance>1.36</minimumDistance>
      <maximumDistance>73.32</maximumDistance>
    </quality>
    <evaluationMode>manual</evaluationMode>
    <creationInfo>
      <agencyURI>smi:smi-registry/organization/EMSC</agencyURI>
      <authorURI>smi:smi-registry/organization/EMSC</authorURI>
    </creationInfo>
    <originUncertainty>
      <azimuthMaxHorizontalUncertainty>12</azimuthMaxHorizontalUncertainty>
    </originUncertainty>
  </origin>
  <magnitude publicID="quakeml:eu.emsc/event/20020501_0000018/origin/1405451/mag/2">
    <mag>
      <value>4</value>
    </mag>
    <type>mb</type>
    <originID>quakeml:eu.emsc/event/20020501_0000018/origin/1405451</originID>
    <stationCount>2</stationCount>
    <creationInfo>
      <agencyURI>smi:smi-registry/organization/EMSC</agencyURI>
      <authorURI>smi:smi-registry/organization/EMSC</authorURI>
    </creationInfo>
  </magnitude>
</event>
<event publicID="quakeml:eu.emsc/event/20020501_0000017">
  <preferredOriginID>quakeml:eu.emsc/event/20020501_0000017/origin/1434652</preferredOriginID>
  <preferredMagnitudeID>quakeml:eu.emsc/event/20020501_0000017/origin/1434652/mag/2</preferredMagnitudeID>
  <creationInfo>
    <agencyURI>smi:smi-registry/organization/EMSC</agencyURI>
    <authorURI>smi:smi-registry/organization/EMSC</authorURI>
    <creationTime>2014-12-03T10:23:39.29234Z</creationTime>
  </creationInfo>
  <description>
    <text>BOSNIA AND HERZEGOVINA</text>
    <type>Flinn-Engdahl region</type>
  </description>
  <origin publicID="quakeml:eu.emsc/event/20020501_0000017/origin/1434652">
    <time>
      <value>2002-05-01T19:41:28.3Z</value>
      <uncertainty>0.17</uncertainty>
    </time>
    <latitude>
      <value>43.1274</value>
      <uncertainty>5</uncertainty>
    </latitude>
    <longitude>
      <value>18.4696</value>
      <uncertainty>3.5</uncertainty>
    </longitude>
    <depth>
      <value>2000</value>
    </depth>
    <depthType>from location</depthType>
    <methodID>smi:eu.emsc-csem/origin_method/NA</methodID>
    <quality>
      <usedPhaseCount>75</usedPhaseCount>
      <usedStationCount>65</usedStationCount>
      <standardError>1.28</standardError>
      <azimuthalGap>40</azimuthalGap>
      <minimumDistance>0.23</minimumDistance>
      <maximumDistance>11.11</maximumDistance>
    </quality>
    <evaluationMode>manual</evaluationMode>
    <creationInfo>
      <agencyURI>smi:smi-registry/organization/EMSC</agencyURI>
      <authorURI>smi:smi-registry/organization/EMSC</authorURI>
    </creationInfo>
    <originUncertainty>
      <azimuthMaxHorizontalUncertainty>47</azimuthMaxHorizontalUncertainty>
    </originUncertainty>
  </origin>
  <magnitude publicID="quakeml:eu.emsc/event/20020501_0000017/origin/1434652/mag/2">
    <mag>
      <value>3.6</value>
    </mag>
    <type>ML</type>
    <originID>quakeml:eu.emsc/event/20020501_0000017/origin/1434652</originID>
    <creationInfo>
      <agencyURI>smi:smi-registry/organization/EMSC</agencyURI>
      <authorURI>smi:smi-registry/organization/EMSC</authorURI>
    </creationInfo>
  </magnitude>
</event>
<event publicID="quakeml:eu.emsc/event/20020501_0000016">
  <preferredOriginID>quakeml:eu.emsc/event/20020501_0000016/origin/1414200</preferredOriginID>
  <preferredMagnitudeID>quakeml:eu.emsc/event/20020501_0000016/origin/1414200/mag/2</preferredMagnitudeID>
  <creationInfo>
    <agencyURI>smi:smi-registry/organization/EMSC</agencyURI>
    <authorURI>smi:smi-registry/organization/EMSC</authorURI>
    <creationTime>2014-12-10T16:25:03.970611Z</creationTime>
  </creationInfo>
  <description>
    <text>WEST OF GIBRALTAR</text>
    <type>Flinn-Engdahl region</type>
  </description>
  <origin publicID="quakeml:eu.emsc/event/20020501_0000016/origin/1414200">
    <time>
      <value>2002-05-01T16:59:59.0Z</value>
    </time>
    <latitude>
      <value>36.7608</value>
      <uncertainty>9999.9</uncertainty>
    </latitude>
    <longitude>
      <value>-9.7363</value>
      <uncertainty>9999.9</uncertainty>
    </longitude>
    <depth>
      <value>0</value>
    </depth>
    <depthType>from location</depthType>
    <methodID>smi:eu.emsc-csem/origin_method/NA</methodID>
    <quality>
      <usedPhaseCount>54</usedPhaseCount>
      <usedStationCount>32</usedStationCount>
      <standardError>4</standardError>
      <azimuthalGap>280</azimuthalGap>
      <minimumDistance>1.13</minimumDistance>
      <maximumDistance>8.1</maximumDistance>
    </quality>
    <evaluationMode>manual</evaluationMode>
    <creationInfo>
      <agencyURI>smi:smi-registry/organization/EMSC</agencyURI>
      <authorURI>smi:smi-registry/organization/EMSC</authorURI>
    </creationInfo>
    <originUncertainty>
      <azimuthMaxHorizontalUncertainty>-99</azimuthMaxHorizontalUncertainty>
    </originUncertainty>
  </origin>
  <magnitude publicID="quakeml:eu.emsc/event/20020501_0000016/origin/1414200/mag/2">
    <mag>
      <value>2.7</value>
    </mag>
    <type>mb</type>
    <originID>quakeml:eu.emsc/event/20020501_0000016/origin/1414200</originID>
    <stationCount>24</stationCount>
    <creationInfo>
      <agencyURI>smi:smi-registry/organization/EMSC</agencyURI>
      <authorURI>smi:smi-registry/organization/EMSC</authorURI>
    </creationInfo>
  </magnitude>
</event>
<event publicID="quakeml:eu.emsc/event/20020501_0000015">
  <preferredOriginID>quakeml:eu.emsc/event/20020501_0000015/origin/1414202</preferredOriginID>
  <preferredMagnitudeID>quakeml:eu.emsc/event/20020501_0000015/origin/1414202/mag/2</preferredMagnitudeID>
  <creationInfo>
    <agencyURI>smi:smi-registry/organization/EMSC</agencyURI>
    <authorURI>smi:smi-registry/organization/EMSC</authorURI>
    <creationTime>2014-12-10T16:25:03.389922Z</creationTime>
  </creationInfo>
  <description>
    <text>WESTERN TURKEY</text>
    <type>Flinn-Engdahl region</type>
  </description>
  <origin publicID="quakeml:eu.emsc/event/20020501_0000015/origin/1414202">
    <time>
      <value>2002-05-01T15:55:59.8Z</value>
    </time>
    <latitude>
      <value>40.918</value>
      <uncertainty>9999.9</uncertainty>
    </latitude>
    <longitude>
      <value>31.556</value>
      <uncertainty>9999.9</uncertainty>
    </longitude>
    <depth>
      <value>10000</value>
    </depth>
    <depthType>from location</depthType>
    <methodID>smi:eu.emsc-csem/origin_method/NA</methodID>
    <quality>
      <usedPhaseCount>9</usedPhaseCount>
      <usedStationCount>8</usedStationCount>
      <standardError>2.07</standardError>
      <azimuthalGap>178</azimuthalGap>
      <minimumDistance>0.52</minimumDistance>
      <maximumDistance>2.26</maximumDistance>
    </quality>
    <evaluationMode>manual</evaluationMode>
    <creationInfo>
      <agencyURI>smi:smi-registry/organization/EMSC</agencyURI>
      <authorURI>smi:smi-registry/organization/EMSC</authorURI>
    </creationInfo>
    <originUncertainty>
      <azimuthMaxHorizontalUncertainty>-99</azimuthMaxHorizontalUncertainty>
    </originUncertainty>
  </origin>
  <magnitude publicID="quakeml:eu.emsc/event/20020501_0000015/origin/1414202/mag/2">
    <mag>
      <value>3.2</value>
    </mag>
    <type>MD</type>
    <originID>quakeml:eu.emsc/event/20020501_0000015/origin/1414202</originID>
    <creationInfo>
      <agencyURI>smi:smi-registry/organization/EMSC</agencyURI>
      <authorURI>smi:smi-registry/organization/EMSC</authorURI>
    </creationInfo>
  </magnitude>
</event>
<event publicID="quakeml:eu.emsc/event/20020501_0000014">
  <preferredOriginID>quakeml:eu.emsc/event/20020501_0000014/origin/1405459</preferredOriginID>
  <preferredMagnitudeID>quakeml:eu.emsc/event/20020501_0000014/origin/1405459/mag/2</preferredMagnitudeID>
  <creationInfo>
    <agencyURI>smi:smi-registry/organization/EMSC</agencyURI>
    <authorURI>smi:smi-registry/organization/EMSC</authorURI>
    <creationTime>2014-12-03T11:17:17.316251Z</creationTime>
  </creationInfo>
  <description>
    <text>GREECE</text>
    <type>Flinn-Engdahl region</type>
  </description>
  <origin publicID="quakeml:eu.emsc/event/20020501_0000014/origin/1405459">
    <time>
      <value>2002-05-01T13:40:03.8Z</value>
      <uncertainty>0.4</uncertainty>
    </time>
    <latitude>
      <value>38.1998</value>
      <uncertainty>12.9</uncertainty>
    </latitude>
    <longitude>
      <value>23.4928</value>
      <uncertainty>10.7</uncertainty>
    </longitude>
    <depth>
      <value>2000</value>
    </depth>
    <depthType>from location</depthType>
    <methodID>smi:eu.emsc-csem/origin_method/NA</methodID>
    <quality>
      <usedPhaseCount>8</usedPhaseCount>
      <usedStationCount>8</usedStationCount>
      <standardError>0.94</standardError>
      <azimuthalGap>67</azimuthalGap>
      <minimumDistance>0.29</minimumDistance>
      <maximumDistance>3.2</maximumDistance>
    </quality>
    <evaluationMode>manual</evaluationMode>
    <creationInfo>
      <agencyURI>smi:smi-registry/organization/EMSC</agencyURI>
      <authorURI>smi:smi-registry/organization/EMSC</authorURI>
    </creationInfo>
    <originUncertainty>
      <azimuthMaxHorizontalUncertainty>55</azimuthMaxHorizontalUncertainty>
    </originUncertainty>
  </origin>
  <magnitude publicID="quakeml:eu.emsc/event/20020501_0000014/origin/1405459/mag/2">
    <mag>
      <value>3</value>
    </mag>
    <type>ML</type>
    <originID>quakeml:eu.emsc/event/20020501_0000014/origin/1405459</originID>
    <creationInfo>
      <agencyURI>smi:smi-registry/organization/EMSC</agencyURI>
      <authorURI>smi:smi-registry/organization/EMSC</authorURI>
    </creationInfo>
  </magnitude>
</event>
<event publicID="quakeml:eu.emsc/event/20020501_0000031">
  <preferredOriginID>quakeml:eu.emsc/event/20020501_0000031/origin/1404977</preferredOriginID>
  <preferredMagnitudeID>quakeml:eu.emsc/event/20020501_0000031/origin/1404977/mag/1</preferredMagnitudeID>
  <creationInfo>
    <agencyURI>smi:smi-registry/organization/EMSC</agencyURI>
    <authorURI>smi:smi-registry/organization/EMSC</authorURI>
    <creationTime>2014-12-03T17:07:03.937891Z</creationTime>
  </creationInfo>
  <description>
    <text>NORTHERN ITALY</text>
    <type>Flinn-Engdahl region</type>
  </description>
  <origin publicID="quakeml:eu.emsc/event/20020501_0000031/origin/1404977">
    <time>
      <value>2002-05-01T13:24:24.5Z</value>
      <uncertainty>0.08</uncertainty>
    </time>
    <latitude>
      <value>44.4368</value>
      <uncertainty>2.1</uncertainty>
    </latitude>
    <longitude>
      <value>7.3812</value>
      <uncertainty>1.3</uncertainty>
    </longitude>
    <depth>
      <value>15000</value>
    </depth>
    <depthType>from location</depthType>
    <methodID>smi:eu.emsc-csem/origin_method/NA</methodID>
    <quality>
      <usedPhaseCount>39</usedPhaseCount>
      <usedStationCount>22</usedStationCount>
      <standardError>0.5</standardError>
      <azimuthalGap>117</azimuthalGap>
      <minimumDistance>0.2</minimumDistance>
      <maximumDistance>1.38</maximumDistance>
    </quality>
    <evaluationMode>manual</evaluationMode>
    <creationInfo>
      <agencyURI>smi:smi-registry/organization/EMSC</agencyURI>
      <authorURI>smi:smi-registry/organization/EMSC</authorURI>
    </creationInfo>
    <originUncertainty>
      <azimuthMaxHorizontalUncertainty>67</azimuthMaxHorizontalUncertainty>
    </originUncertainty>
  </origin>
  <magnitude publicID="quakeml:eu.emsc/event/20020501_0000031/origin/1404977/mag/1">
    <mag>
      <value>1.6</value>
      <uncertainty>0.3</uncertainty>
    </mag>
    <type>ML</type>
    <originID>quakeml:eu.emsc/event/20020501_0000031/origin/1404977</originID>
    <stationCount>8</stationCount>
    <creationInfo>
      <agencyURI>smi:smi-registry/organization/EMSC</agencyURI>
      <authorURI>smi:smi-registry/organization/EMSC</authorURI>
    </creationInfo>
  </magnitude>
</event>
<event publicID="quakeml:eu.emsc/event/20020501_0000013">
  <preferredOriginID>quakeml:eu.emsc/event/20020501_0000013/origin/1414204</preferredOriginID>
  <preferredMagnitudeID>quakeml:eu.emsc/event/20020501_0000013/origin/1414204/mag/2</preferredMagnitudeID>
  <creationInfo>
    <agencyURI>smi:smi-registry/organization/EMSC</agencyURI>
    <authorURI>smi:smi-registry/organization/EMSC</authorURI>
    <creationTime>2014-12-10T16:25:01.331114Z</creationTime>
  </creationInfo>
  <description>
    <text>GREECE</text>
    <type>Flinn-Engdahl region</type>
  </description>
  <origin publicID="quakeml:eu.emsc/event/20020501_0000013/origin/1414204">
    <time>
      <value>2002-05-01T12:56:27.2Z</value>
    </time>
    <latitude>
      <value>38.57</value>
      <uncertainty>9999.9</uncertainty>
    </latitude>
    <longitude>
      <value>23.66</value>
      <uncertainty>9999.9</uncertainty>
    </longitude>
    <depth>
      <value>20000</value>
    </depth>
    <depthType>from location</depthType>
    <methodID>smi:eu.emsc-csem/origin_method/NA</methodID>
    <quality>
      <usedPhaseCount>6</usedPhaseCount>
      <usedStationCount>5</usedStationCount>
      <standardError>1.85</standardError>
      <azimuthalGap>180</azimuthalGap>
      <minimumDistance>0.6</minimumDistance>
      <maximumDistance>1.94</maximumDistance>
    </quality>
    <evaluationMode>manual</evaluationMode>
    <creationInfo>
      <agencyURI>smi:smi-registry/organization/EMSC</agencyURI>
      <authorURI>smi:smi-registry/organization/EMSC</authorURI>
    </creationInfo>
    <originUncertainty>
      <azimuthMaxHorizontalUncertainty>-99</azimuthMaxHorizontalUncertainty>
    </originUncertainty>
  </origin>
  <magnitude publicID="quakeml:eu.emsc/event/20020501_0000013/origin/1414204/mag/2">
    <mag>
      <value>2.9</value>
    </mag>
    <type>ML</type>
    <originID>quakeml:eu.emsc/event/20020501_0000013/origin/1414204</originID>
    <creationInfo>
      <agencyURI>smi:smi-registry/organization/EMSC</agencyURI>
      <authorURI>smi:smi-registry/organization/EMSC</authorURI>
    </creationInfo>
  </magnitude>
</event>
<event publicID="quakeml:eu.emsc/event/20020501_0000012">
  <preferredOriginID>quakeml:eu.emsc/event/20020501_0000012/origin/1414206</preferredOriginID>
  <preferredMagnitudeID>quakeml:eu.emsc/event/20020501_0000012/origin/1414206/mag/2</preferredMagnitudeID>
  <creationInfo>
    <agencyURI>smi:smi-registry/organization/EMSC</agencyURI>
    <authorURI>smi:smi-registry/organization/EMSC</authorURI>
    <creationTime>2014-12-10T16:24:59.808522Z</creationTime>
  </creationInfo>
  <description>
    <text>WESTERN TURKEY</text>
    <type>Flinn-Engdahl region</type>
  </description>
  <origin publicID="quakeml:eu.emsc/event/20020501_0000012/origin/1414206">
    <time>
      <value>2002-05-01T12:34:12.0Z</value>
    </time>
    <latitude>
      <value>38.6</value>
      <uncertainty>9999.9</uncertainty>
    </latitude>
    <longitude>
      <value>31.026</value>
      <uncertainty>9999.9</uncertainty>
    </longitude>
    <depth>
      <value>7000</value>
    </depth>
    <depthType>from location</depthType>
    <methodID>smi:eu.emsc-csem/origin_method/NA</methodID>
    <quality>
      <usedPhaseCount>16</usedPhaseCount>
      <usedStationCount>14</usedStationCount>
      <standardError>1.05</standardError>
      <azimuthalGap>64</azimuthalGap>
      <minimumDistance>0.85</minimumDistance>
      <maximumDistance>3.42</maximumDistance>
    </quality>
    <evaluationMode>manual</evaluationMode>
    <creationInfo>
      <agencyURI>smi:smi-registry/organization/EMSC</agencyURI>
      <authorURI>smi:smi-registry/organization/EMSC</authorURI>
    </creationInfo>
    <originUncertainty>
      <azimuthMaxHorizontalUncertainty>-99</azimuthMaxHorizontalUncertainty>
    </originUncertainty>
  </origin>
  <magnitude publicID="quakeml:eu.emsc/event/20020501_0000012/origin/1414206/mag/2">
    <mag>
      <value>3.6</value>
    </mag>
    <type>MD</type>
    <originID>quakeml:eu.emsc/event/20020501_0000012/origin/1414206</originID>
    <creationInfo>
      <agencyURI>smi:smi-registry/organization/EMSC</agencyURI>
      <authorURI>smi:smi-registry/organization/EMSC</authorURI>
    </creationInfo>
  </magnitude>
</event>
<event publicID="quakeml:eu.emsc/event/20020501_0000011">
  <preferredOriginID>quakeml:eu.emsc/event/20020501_0000011/origin/1405462</preferredOriginID>
  <preferredMagnitudeID>quakeml:eu.emsc/event/20020501_0000011/origin/1405462/mag/2</preferredMagnitudeID>
  <creationInfo>
    <agencyURI>smi:smi-registry/organization/EMSC</agencyURI>
    <authorURI>smi:smi-registry/organization/EMSC</authorURI>
    <creationTime>2014-12-03T10:40:40.994561Z</creationTime>
  </creationInfo>
  <description>
    <text>TUNISIA</text>
    <type>Flinn-Engdahl region</type>
  </description>
  <origin publicID="quakeml:eu.emsc/event/20020501_0000011/origin/1405462">
    <time>
      <value>2002-05-01T11:25:19.5Z</value>
      <uncertainty>1.8</uncertainty>
    </time>
    <latitude>
      <value>34.9442</value>
      <uncertainty>48</uncertainty>
    </latitude>
    <longitude>
      <value>10.8706</value>
      <uncertainty>10.2</uncertainty>
    </longitude>
    <depth>
      <value>10000</value>
    </depth>
    <depthType>from location</depthType>
    <methodID>smi:eu.emsc-csem/origin_method/NA</methodID>
    <quality>
      <usedPhaseCount>17</usedPhaseCount>
      <usedStationCount>17</usedStationCount>
      <standardError>0.83</standardError>
      <azimuthalGap>247</azimuthalGap>
      <minimumDistance>1.52</minimumDistance>
      <maximumDistance>13.12</maximumDistance>
    </quality>
    <evaluationMode>manual</evaluationMode>
    <creationInfo>
      <agencyURI>smi:smi-registry/organization/EMSC</agencyURI>
      <authorURI>smi:smi-registry/organization/EMSC</authorURI>
    </creationInfo>
    <originUncertainty>
      <azimuthMaxHorizontalUncertainty>10</azimuthMaxHorizontalUncertainty>
    </originUncertainty>
  </origin>
  <magnitude publicID="quakeml:eu.emsc/event/20020501_0000011/origin/1405462/mag/2">
    <mag>
      <value>3.2</value>
    </mag>
    <type>ML</type>
    <originID>quakeml:eu.emsc/event/20020501_0000011/origin/1405462</originID>
    <stationCount>7</stationCount>
    <creationInfo>
      <agencyURI>smi:smi-registry/organization/EMSC</agencyURI>
      <authorURI>smi:smi-registry/organization/EMSC</authorURI>
    </creationInfo>
  </magnitude>
</event>
<event publicID="quakeml:eu.emsc/event/20020501_0000010">
  <preferredOriginID>quakeml:eu.emsc/event/20020501_0000010/origin/1414208</preferredOriginID>
  <preferredMagnitudeID>quakeml:eu.emsc/event/20020501_0000010/origin/1414208/mag/2</preferredMagnitudeID>
  <creationInfo>
    <agencyURI>smi:smi-registry/organization/EMSC</agencyURI>
    <authorURI>smi:smi-registry/organization/EMSC</authorURI>
    <creationTime>2014-12-10T16:24:56.525419Z</creationTime>
  </creationInfo>
  <description>
    <text>WESTERN TURKEY</text>
    <type>Flinn-Engdahl region</type>
  </description>
  <origin publicID="quakeml:eu.emsc/event/20020501_0000010/origin/1414208">
    <time>
      <value>2002-05-01T10:45:38.2Z</value>
    </time>
    <latitude>
      <value>38.623</value>
      <uncertainty>9999.9</uncertainty>
    </latitude>
    <longitude>
      <value>30.986</value>
      <uncertainty>9999.9</uncertainty>
    </longitude>
    <depth>
      <value>7000</value>
    </depth>
    <depthType>from location</depthType>
    <methodID>smi:eu.emsc-csem/origin_method/NA</methodID>
    <quality>
      <usedPhaseCount>16</usedPhaseCount>
      <usedStationCount>14</usedStationCount>
      <standardError>1</standardError>
      <azimuthalGap>64</azimuthalGap>
      <minimumDistance>0.81</minimumDistance>
      <maximumDistance>3.21</maximumDistance>
    </quality>
    <evaluationMode>manual</evaluationMode>
    <creationInfo>
      <agencyURI>smi:smi-registry/organization/EMSC</agencyURI>
      <authorURI>smi:smi-registry/organization/EMSC</authorURI>
    </creationInfo>
    <originUncertainty>
      <azimuthMaxHorizontalUncertainty>-99</azimuthMaxHorizontalUncertainty>
    </originUncertainty>
  </origin>
  <magnitude publicID="quakeml:eu.emsc/event/20020501_0000010/origin/1414208/mag/2">
    <mag>
      <value>3.4</value>
    </mag>
    <type>MD</type>
    <originID>quakeml:eu.emsc/event/20020501_0000010/origin/1414208</originID>
    <creationInfo>
      <agencyURI>smi:smi-registry/organization/EMSC</agencyURI>
      <authorURI>smi:smi-registry/organization/EMSC</authorURI>
    </creationInfo>
  </magnitude>
</event>
<event publicID="quakeml:eu.emsc/event/20020501_0000009">
  <preferredOriginID>quakeml:eu.emsc/event/20020501_0000009/origin/1405468</preferredOriginID>
  <preferredMagnitudeID>quakeml:eu.emsc/event/20020501_0000009/origin/1405468/mag/2</preferredMagnitudeID>
  <creationInfo>
    <agencyURI>smi:smi-registry/organization/EMSC</agencyURI>
    <authorURI>smi:smi-registry/organization/EMSC</authorURI>
    <creationTime>2014-12-03T12:03:05.530413Z</creationTime>
  </creationInfo>
  <description>
    <text>KERKIRA REGION, GREECE</text>
    <type>Flinn-Engdahl region</type>
  </description>
  <origin publicID="quakeml:eu.emsc/event/20020501_0000009/origin/1405468">
    <time>
      <value>2002-05-01T10:30:43.7Z</value>
      <uncertainty>0.18</uncertainty>
    </time>
    <latitude>
      <value>39.6846</value>
      <uncertainty>5.3</uncertainty>
    </latitude>
    <longitude>
      <value>19.7958</value>
      <uncertainty>3.6</uncertainty>
    </longitude>
    <depth>
      <value>60000</value>
    </depth>
    <depthType>from location</depthType>
    <methodID>smi:eu.emsc-csem/origin_method/NA</methodID>
    <quality>
      <usedPhaseCount>70</usedPhaseCount>
      <usedStationCount>60</usedStationCount>
      <standardError>1.09</standardError>
      <azimuthalGap>61</azimuthalGap>
      <minimumDistance>0.63</minimumDistance>
      <maximumDistance>34.38</maximumDistance>
    </quality>
    <evaluationMode>manual</evaluationMode>
    <creationInfo>
      <agencyURI>smi:smi-registry/organization/EMSC</agencyURI>
      <authorURI>smi:smi-registry/organization/EMSC</authorURI>
    </creationInfo>
    <originUncertainty>
      <azimuthMaxHorizontalUncertainty>4</azimuthMaxHorizontalUncertainty>
    </originUncertainty>
  </origin>
  <magnitude publicID="quakeml:eu.emsc/event/20020501_0000009/origin/1405468/mag/2">
    <mag>
      <value>3.7</value>
    </mag>
    <type>MD</type>
    <originID>quakeml:eu.emsc/event/20020501_0000009/origin/1405468</originID>
    <creationInfo>
      <agencyURI>smi:smi-registry/organization/EMSC</agencyURI>
      <authorURI>smi:smi-registry/organization/EMSC</authorURI>
    </creationInfo>
  </magnitude>
</event>
<event publicID="quakeml:eu.emsc/event/20020501_0000007">
  <preferredOriginID>quakeml:eu.emsc/event/20020501_0000007/origin/1405471</preferredOriginID>
  <preferredMagnitudeID>quakeml:eu.emsc/event/20020501_0000007/origin/1405471/mag/2</preferredMagnitudeID>
  <creationInfo>
    <agencyURI>smi:smi-registry/organization/EMSC</agencyURI>
    <authorURI>smi:smi-registry/organization/EMSC</authorURI>
    <creationTime>2014-12-03T11:34:39.256557Z</creationTime>
  </creationInfo>
  <description>
    <text>TUNISIA</text>
    <type>Flinn-Engdahl region</type>
  </description>
  <origin publicID="quakeml:eu.emsc/event/20020501_0000007/origin/1405471">
    <time>
      <value>2002-05-01T06:06:41.6Z</value>
      <uncertainty>0.48</uncertainty>
    </time>
    <latitude>
      <value>35.2762</value>
      <uncertainty>13.6</uncertainty>
    </latitude>
    <longitude>
      <value>11.0046</value>
      <uncertainty>7.1</uncertainty>
    </longitude>
    <depth>
      <value>2000</value>
    </depth>
    <depthType>from location</depthType>
    <methodID>smi:eu.emsc-csem/origin_method/NA</methodID>
    <quality>
      <usedPhaseCount>34</usedPhaseCount>
      <usedStationCount>34</usedStationCount>
      <standardError>0.94</standardError>
      <azimuthalGap>131</azimuthalGap>
      <minimumDistance>1.32</minimumDistance>
      <maximumDistance>85.26</maximumDistance>
    </quality>
    <evaluationMode>manual</evaluationMode>
    <creationInfo>
      <agencyURI>smi:smi-registry/organization/EMSC</agencyURI>
      <authorURI>smi:smi-registry/organization/EMSC</authorURI>
    </creationInfo>
    <originUncertainty>
      <azimuthMaxHorizontalUncertainty>9</azimuthMaxHorizontalUncertainty>
    </originUncertainty>
  </origin>
  <magnitude publicID="quakeml:eu.emsc/event/20020501_0000007/origin/1405471/mag/2">
    <mag>
      <value>3.7</value>
    </mag>
    <type>mb</type>
    <originID>quakeml:eu.emsc/event/20020501_0000007/origin/1405471</originID>
    <stationCount>1</stationCount>
    <creationInfo>
      <agencyURI>smi:smi-registry/organization/EMSC</agencyURI>
      <authorURI>smi:smi-registry/organization/EMSC</authorURI>
    </creationInfo>
  </magnitude>
</event>
<event publicID="quakeml:eu.emsc/event/20020501_0000023">
  <preferredOriginID>quakeml:eu.emsc/event/20020501_0000023/origin/1405044</preferredOriginID>
  <preferredMagnitudeID>quakeml:eu.emsc/event/20020501_0000023/origin/1405044/mag/1</preferredMagnitudeID>
  <creationInfo>
    <agencyURI>smi:smi-registry/organization/EMSC</agencyURI>
    <authorURI>smi:smi-registry/organization/EMSC</authorURI>
    <creationTime>2014-12-03T10:35:51.752539Z</creationTime>
  </creationInfo>
  <description>
    <text>SPAIN</text>
    <type>Flinn-Engdahl region</type>
  </description>
  <origin publicID="quakeml:eu.emsc/event/20020501_0000023/origin/1405044">
    <time>
      <value>2002-05-01T04:59:26.3Z</value>
      <uncertainty>0.19</uncertainty>
    </time>
    <latitude>
      <value>37.0517</value>
      <uncertainty>4.2</uncertainty>
    </latitude>
    <longitude>
      <value>-3.6792</value>
      <uncertainty>3</uncertainty>
    </longitude>
    <depth>
      <value>2000</value>
    </depth>
    <depthType>from location</depthType>
    <methodID>smi:eu.emsc-csem/origin_method/NA</methodID>
    <quality>
      <usedPhaseCount>85</usedPhaseCount>
      <usedStationCount>55</usedStationCount>
      <standardError>1.13</standardError>
      <azimuthalGap>87</azimuthalGap>
      <minimumDistance>0.11</minimumDistance>
      <maximumDistance>10.86</maximumDistance>
    </quality>
    <evaluationMode>manual</evaluationMode>
    <creationInfo>
      <agencyURI>smi:smi-registry/organization/EMSC</agencyURI>
      <authorURI>smi:smi-registry/organization/EMSC</authorURI>
    </creationInfo>
    <originUncertainty>
      <azimuthMaxHorizontalUncertainty>179</azimuthMaxHorizontalUncertainty>
    </originUncertainty>
  </origin>
  <magnitude publicID="quakeml:eu.emsc/event/20020501_0000023/origin/1405044/mag/1">
    <mag>
      <value>3.9</value>
      <uncertainty>0.3</uncertainty>
    </mag>
    <type>ML</type>
    <originID>quakeml:eu.emsc/event/20020501_0000023/origin/1405044</originID>
    <stationCount>8</stationCount>
    <creationInfo>
      <agencyURI>smi:smi-registry/organization/EMSC</agencyURI>
      <authorURI>smi:smi-registry/organization/EMSC</authorURI>
    </creationInfo>
  </magnitude>
</event>
<event publicID="quakeml:eu.emsc/event/20020501_0000004">
  <preferredOriginID>quakeml:eu.emsc/event/20020501_0000004/origin/1414210</preferredOriginID>
  <preferredMagnitudeID>quakeml:eu.emsc/event/20020501_0000004/origin/1414210/mag/2</preferredMagnitudeID>
  <creationInfo>
    <agencyURI>smi:smi-registry/organization/EMSC</agencyURI>
    <authorURI>smi:smi-registry/organization/EMSC</authorURI>
    <creationTime>2014-12-10T16:24:31.593874Z</creationTime>
  </creationInfo>
  <description>
    <text>WESTERN TURKEY</text>
    <type>Flinn-Engdahl region</type>
  </description>
  <origin publicID="quakeml:eu.emsc/event/20020501_0000004/origin/1414210">
    <time>
      <value>2002-05-01T02:50:16.5Z</value>
    </time>
    <latitude>
      <value>38.414</value>
      <uncertainty>9999.9</uncertainty>
    </latitude>
    <longitude>
      <value>28.135</value>
      <uncertainty>9999.9</uncertainty>
    </longitude>
    <depth>
      <value>9000</value>
    </depth>
    <depthType>from location</depthType>
    <methodID>smi:eu.emsc-csem/origin_method/NA</methodID>
    <quality>
      <usedPhaseCount>7</usedPhaseCount>
      <usedStationCount>6</usedStationCount>
      <standardError>0.85</standardError>
      <azimuthalGap>240</azimuthalGap>
      <minimumDistance>0.69</minimumDistance>
      <maximumDistance>2.18</maximumDistance>
    </quality>
    <evaluationMode>manual</evaluationMode>
    <creationInfo>
      <agencyURI>smi:smi-registry/organization/EMSC</agencyURI>
      <authorURI>smi:smi-registry/organization/EMSC</authorURI>
    </creationInfo>
    <originUncertainty>
      <azimuthMaxHorizontalUncertainty>-99</azimuthMaxHorizontalUncertainty>
    </originUncertainty>
  </origin>
  <magnitude publicID="quakeml:eu.emsc/event/20020501_0000004/origin/1414210/mag/2">
    <mag>
      <value>3.1</value>
    </mag>
    <type>MD</type>
    <originID>quakeml:eu.emsc/event/20020501_0000004/origin/1414210</originID>
    <creationInfo>
      <agencyURI>smi:smi-registry/organization/EMSC</agencyURI>
      <authorURI>smi:smi-registry/organization/EMSC</authorURI>
    </creationInfo>
  </magnitude>
</event>
<event publicID="quakeml:eu.emsc/event/20020501_0000003">
  <preferredOriginID>quakeml:eu.emsc/event/20020501_0000003/origin/1405488</preferredOriginID>
  <preferredMagnitudeID>quakeml:eu.emsc/event/20020501_0000003/origin/1405488/mag/2</preferredMagnitudeID>
  <creationInfo>
    <agencyURI>smi:smi-registry/organization/EMSC</agencyURI>
    <authorURI>smi:smi-registry/organization/EMSC</authorURI>
    <creationTime>2014-12-03T10:18:45.928359Z</creationTime>
  </creationInfo>
  <description>
    <text>GREECE</text>
    <type>Flinn-Engdahl region</type>
  </description>
  <origin publicID="quakeml:eu.emsc/event/20020501_0000003/origin/1405488">
    <time>
      <value>2002-05-01T02:35:34.2Z</value>
      <uncertainty>0.57</uncertainty>
    </time>
    <latitude>
      <value>38.5646</value>
      <uncertainty>16.9</uncertainty>
    </latitude>
    <longitude>
      <value>23.6548</value>
      <uncertainty>10</uncertainty>
    </longitude>
    <depth>
      <value>2000</value>
    </depth>
    <depthType>from location</depthType>
    <methodID>smi:eu.emsc-csem/origin_method/NA</methodID>
    <quality>
      <usedPhaseCount>13</usedPhaseCount>
      <usedStationCount>13</usedStationCount>
      <standardError>1.23</standardError>
      <azimuthalGap>167</azimuthalGap>
      <minimumDistance>0.59</minimumDistance>
      <maximumDistance>3.8</maximumDistance>
    </quality>
    <evaluationMode>manual</evaluationMode>
    <creationInfo>
      <agencyURI>smi:smi-registry/organization/EMSC</agencyURI>
      <authorURI>smi:smi-registry/organization/EMSC</authorURI>
    </creationInfo>
    <originUncertainty>
      <azimuthMaxHorizontalUncertainty>88</azimuthMaxHorizontalUncertainty>
    </originUncertainty>
  </origin>
  <magnitude publicID="quakeml:eu.emsc/event/20020501_0000003/origin/1405488/mag/2">
    <mag>
      <value>3.2</value>
    </mag>
    <type>ML</type>
    <originID>quakeml:eu.emsc/event/20020501_0000003/origin/1405488</originID>
    <creationInfo>
      <agencyURI>smi:smi-registry/organization/EMSC</agencyURI>
      <authorURI>smi:smi-registry/organization/EMSC</authorURI>
    </creationInfo>
  </magnitude>
</event>
<event publicID="quakeml:eu.emsc/event/20020501_0000002">
  <preferredOriginID>quakeml:eu.emsc/event/20020501_0000002/origin/1414212</preferredOriginID>
  <preferredMagnitudeID>quakeml:eu.emsc/event/20020501_0000002/origin/1414212/mag/2</preferredMagnitudeID>
  <creationInfo>
    <agencyURI>smi:smi-registry/organization/EMSC</agencyURI>
    <authorURI>smi:smi-registry/organization/EMSC</authorURI>
    <creationTime>2014-12-10T16:24:26.422249Z</creationTime>
  </creationInfo>
  <description>
    <text>WESTERN TURKEY</text>
    <type>Flinn-Engdahl region</type>
  </description>
  <origin publicID="quakeml:eu.emsc/event/20020501_0000002/origin/1414212">
    <time>
      <value>2002-05-01T01:23:51.8Z</value>
    </time>
    <latitude>
      <value>38.649</value>
      <uncertainty>9999.9</uncertainty>
    </latitude>
    <longitude>
      <value>30.851</value>
      <uncertainty>9999.9</uncertainty>
    </longitude>
    <depth>
      <value>10000</value>
    </depth>
    <depthType>from location</depthType>
    <methodID>smi:eu.emsc-csem/origin_method/NA</methodID>
    <quality>
      <usedPhaseCount>8</usedPhaseCount>
      <usedStationCount>6</usedStationCount>
      <standardError>1.97</standardError>
      <azimuthalGap>111</azimuthalGap>
      <minimumDistance>0.71</minimumDistance>
      <maximumDistance>2.06</maximumDistance>
    </quality>
    <evaluationMode>manual</evaluationMode>
    <creationInfo>
      <agencyURI>smi:smi-registry/organization/EMSC</agencyURI>
      <authorURI>smi:smi-registry/organization/EMSC</authorURI>
    </creationInfo>
    <originUncertainty>
      <azimuthMaxHorizontalUncertainty>-99</azimuthMaxHorizontalUncertainty>
    </originUncertainty>
  </origin>
  <magnitude publicID="quakeml:eu.emsc/event/20020501_0000002/origin/1414212/mag/2">
    <mag>
      <value>3.1</value>
    </mag>
    <type>MD</type>
    <originID>quakeml:eu.emsc/event/20020501_0000002/origin/1414212</originID>
    <creationInfo>
      <agencyURI>smi:smi-registry/organization/EMSC</agencyURI>
      <authorURI>smi:smi-registry/organization/EMSC</authorURI>
    </creationInfo>
  </magnitude>
</event>
<event publicID="quakeml:eu.emsc/event/20020501_0000001">
  <preferredOriginID>quakeml:eu.emsc/event/20020501_0000001/origin/1405490</preferredOriginID>
  <creationInfo>
    <agencyURI>smi:smi-registry/organization/EMSC</agencyURI>
    <authorURI>smi:smi-registry/organization/EMSC</authorURI>
    <creationTime>2014-12-03T10:46:56.30501Z</creationTime>
  </creationInfo>
  <description>
    <text>CENTRAL ITALY</text>
    <type>Flinn-Engdahl region</type>
  </description>
  <origin publicID="quakeml:eu.emsc/event/20020501_0000001/origin/1405490">
    <time>
      <value>2002-05-01T01:10:12.1Z</value>
      <uncertainty>0.49</uncertainty>
    </time>
    <latitude>
      <value>43.8726</value>
      <uncertainty>9.5</uncertainty>
    </latitude>
    <longitude>
      <value>11.2591</value>
      <uncertainty>3.2</uncertainty>
    </longitude>
    <depth>
      <value>10000</value>
    </depth>
    <depthType>from location</depthType>
    <methodID>smi:eu.emsc-csem/origin_method/NA</methodID>
    <quality>
      <usedPhaseCount>8</usedPhaseCount>
      <usedStationCount>5</usedStationCount>
      <standardError>0.35</standardError>
      <azimuthalGap>255</azimuthalGap>
      <minimumDistance>0.19</minimumDistance>
      <maximumDistance>3.55</maximumDistance>
    </quality>
    <evaluationMode>manual</evaluationMode>
    <creationInfo>
      <agencyURI>smi:smi-registry/organization/EMSC</agencyURI>
      <authorURI>smi:smi-registry/organization/EMSC</authorURI>
    </creationInfo>
    <originUncertainty>
      <azimuthMaxHorizontalUncertainty>47</azimuthMaxHorizontalUncertainty>
    </originUncertainty>
  </origin>
</event>
</eventParameters>
</q:quakeml>
