<?xml version="1.0"?>
<q:quakeml xmlns:q="http://quakeml.org/xmlns/quakeml/1.2"  xmlns="http://quakeml.org/xmlns/bed/1.2">
<eventParameters publicID="smi:eu.emsc/unid">
<event publicID="quakeml:eu.emsc/event/20020504_0000013">
  <preferredOriginID>quakeml:eu.emsc/event/20020504_0000013/origin/1414138</preferredOriginID>
  <preferredMagnitudeID>quakeml:eu.emsc/event/20020504_0000013/origin/1414138/mag/2</preferredMagnitudeID>
  <creationInfo>
    <agencyURI>smi:smi-registry/organization/EMSC</agencyURI>
    <authorURI>smi:smi-registry/organization/EMSC</authorURI>
    <creationTime>2014-12-10T16:27:04.828257Z</creationTime>
  </creationInfo>
  <description>
    <text>WESTERN TURKEY</text>
    <type>Flinn-Engdahl region</type>
  </description>
  <origin publicID="quakeml:eu.emsc/event/20020504_0000013/origin/1414138">
    <time>
      <value>2002-05-04T23:26:25.6Z</value>
    </time>
    <latitude>
      <value>40.78</value>
      <uncertainty>9999.9</uncertainty>
    </latitude>
    <longitude>
      <value>30.864</value>
      <uncertainty>9999.9</uncertainty>
    </longitude>
    <depth>
      <value>9000</value>
    </depth>
    <depthType>from location</depthType>
    <methodID>smi:eu.emsc-csem/origin_method/NA</methodID>
    <quality>
      <usedPhaseCount>13</usedPhaseCount>
      <usedStationCount>12</usedStationCount>
      <standardError>0.89</standardError>
      <azimuthalGap>171</azimuthalGap>
      <minimumDistance>0.41</minimumDistance>
      <maximumDistance>2.6</maximumDistance>
    </quality>
    <evaluationMode>manual</evaluationMode>
    <creationInfo>
      <agencyURI>smi:smi-registry/organization/EMSC</agencyURI>
      <authorURI>smi:smi-registry/organization/EMSC</authorURI>
    </creationInfo>
    <originUncertainty>
      <azimuthMaxHorizontalUncertainty>-99</azimuthMaxHorizontalUncertainty>
    </originUncertainty>
  </origin>
  <magnitude publicID="quakeml:eu.emsc/event/20020504_0000013/origin/1414138/mag/2">
    <mag>
      <value>3.1</value>
    </mag>
    <type>MD</type>
    <originID>quakeml:eu.emsc/event/20020504_0000013/origin/1414138</originID>
    <creationInfo>
      <agencyURI>smi:smi-registry/organization/EMSC</agencyURI>
      <authorURI>smi:smi-registry/organization/EMSC</authorURI>
    </creationInfo>
  </magnitude>
</event>
<event publicID="quakeml:eu.emsc/event/20020504_0000012">
  <preferredOriginID>quakeml:eu.emsc/event/20020504_0000012/origin/1414140</preferredOriginID>
  <preferredMagnitudeID>quakeml:eu.emsc/event/20020504_0000012/origin/1414140/mag/2</preferredMagnitudeID>
  <creationInfo>
    <agencyURI>smi:smi-registry/organization/EMSC</agencyURI>
    <authorURI>smi:smi-registry/organization/EMSC</authorURI>
    <creationTime>2014-12-10T16:27:02.833496Z</creationTime>
  </creationInfo>
  <description>
    <text>WESTERN TURKEY</text>
    <type>Flinn-Engdahl region</type>
  </description>
  <origin publicID="quakeml:eu.emsc/event/20020504_0000012/origin/1414140">
    <time>
      <value>2002-05-04T21:26:16.1Z</value>
    </time>
    <latitude>
      <value>37.702</value>
      <uncertainty>9999.9</uncertainty>
    </latitude>
    <longitude>
      <value>29.312</value>
      <uncertainty>9999.9</uncertainty>
    </longitude>
    <depth>
      <value>14000</value>
    </depth>
    <depthType>from location</depthType>
    <methodID>smi:eu.emsc-csem/origin_method/NA</methodID>
    <quality>
      <usedPhaseCount>9</usedPhaseCount>
      <usedStationCount>7</usedStationCount>
      <standardError>0.81</standardError>
      <azimuthalGap>82</azimuthalGap>
      <minimumDistance>0.64</minimumDistance>
      <maximumDistance>1.76</maximumDistance>
    </quality>
    <evaluationMode>manual</evaluationMode>
    <creationInfo>
      <agencyURI>smi:smi-registry/organization/EMSC</agencyURI>
      <authorURI>smi:smi-registry/organization/EMSC</authorURI>
    </creationInfo>
    <originUncertainty>
      <azimuthMaxHorizontalUncertainty>-99</azimuthMaxHorizontalUncertainty>
    </originUncertainty>
  </origin>
  <magnitude publicID="quakeml:eu.emsc/event/20020504_0000012/origin/1414140/mag/2">
    <mag>
      <value>3.1</value>
    </mag>
    <type>MD</type>
    <originID>quakeml:eu.emsc/event/20020504_0000012/origin/1414140</originID>
    <creationInfo>
      <agencyURI>smi:smi-registry/organization/EMSC</agencyURI>
      <authorURI>smi:smi-registry/organization/EMSC</authorURI>
    </creationInfo>
  </magnitude>
</event>
<event publicID="quakeml:eu.emsc/event/20020504_0000011">
  <preferredOriginID>quakeml:eu.emsc/event/20020504_0000011/origin/1405387</preferredOriginID>
  <preferredMagnitudeID>quakeml:eu.emsc/event/20020504_0000011/origin/1405387/mag/1</preferredMagnitudeID>
  <creationInfo>
    <agencyURI>smi:smi-registry/organization/EMSC</agencyURI>
    <authorURI>smi:smi-registry/organization/EMSC</authorURI>
    <creationTime>2014-12-03T12:17:34.951471Z</creationTime>
  </creationInfo>
  <description>
    <text>STRAIT OF GIBRALTAR</text>
    <type>Flinn-Engdahl region</type>
  </description>
  <origin publicID="quakeml:eu.emsc/event/20020504_0000011/origin/1405387">
    <time>
      <value>2002-05-04T20:40:41.8Z</value>
      <uncertainty>0.4</uncertainty>
    </time>
    <latitude>
      <value>35.8961</value>
      <uncertainty>8.4</uncertainty>
    </latitude>
    <longitude>
      <value>-6.7318</value>
      <uncertainty>4</uncertainty>
    </longitude>
    <depth>
      <value>80000</value>
    </depth>
    <depthType>from location</depthType>
    <methodID>smi:eu.emsc-csem/origin_method/NA</methodID>
    <quality>
      <usedPhaseCount>72</usedPhaseCount>
      <usedStationCount>38</usedStationCount>
      <standardError>1.06</standardError>
      <azimuthalGap>245</azimuthalGap>
      <minimumDistance>1.53</minimumDistance>
      <maximumDistance>7.49</maximumDistance>
    </quality>
    <evaluationMode>manual</evaluationMode>
    <creationInfo>
      <agencyURI>smi:smi-registry/organization/EMSC</agencyURI>
      <authorURI>smi:smi-registry/organization/EMSC</authorURI>
    </creationInfo>
    <originUncertainty>
      <azimuthMaxHorizontalUncertainty>18</azimuthMaxHorizontalUncertainty>
    </originUncertainty>
  </origin>
  <magnitude publicID="quakeml:eu.emsc/event/20020504_0000011/origin/1405387/mag/1">
    <mag>
      <value>3.3</value>
      <uncertainty>0.4</uncertainty>
    </mag>
    <type>ML</type>
    <originID>quakeml:eu.emsc/event/20020504_0000011/origin/1405387</originID>
    <stationCount>28</stationCount>
    <creationInfo>
      <agencyURI>smi:smi-registry/organization/EMSC</agencyURI>
      <authorURI>smi:smi-registry/organization/EMSC</authorURI>
    </creationInfo>
  </magnitude>
</event>
<event publicID="quakeml:eu.emsc/event/20020504_0000010">
  <preferredOriginID>quakeml:eu.emsc/event/20020504_0000010/origin/1414142</preferredOriginID>
  <preferredMagnitudeID>quakeml:eu.emsc/event/20020504_0000010/origin/1414142/mag/2</preferredMagnitudeID>
  <creationInfo>
    <agencyURI>smi:smi-registry/organization/EMSC</agencyURI>
    <authorURI>smi:smi-registry/organization/EMSC</authorURI>
    <creationTime>2014-12-10T16:26:54.883526Z</creationTime>
  </creationInfo>
  <description>
    <text>WESTERN TURKEY</text>
    <type>Flinn-Engdahl region</type>
  </description>
  <origin publicID="quakeml:eu.emsc/event/20020504_0000010/origin/1414142">
    <time>
      <value>2002-05-04T18:48:42.4Z</value>
    </time>
    <latitude>
      <value>37.223</value>
      <uncertainty>9999.9</uncertainty>
    </latitude>
    <longitude>
      <value>28.045</value>
      <uncertainty>9999.9</uncertainty>
    </longitude>
    <depth>
      <value>5000</value>
    </depth>
    <depthType>from location</depthType>
    <methodID>smi:eu.emsc-csem/origin_method/NA</methodID>
    <quality>
      <usedPhaseCount>7</usedPhaseCount>
      <usedStationCount>6</usedStationCount>
      <standardError>0.69</standardError>
      <azimuthalGap>217</azimuthalGap>
      <minimumDistance>0.21</minimumDistance>
      <maximumDistance>2.45</maximumDistance>
    </quality>
    <evaluationMode>manual</evaluationMode>
    <creationInfo>
      <agencyURI>smi:smi-registry/organization/EMSC</agencyURI>
      <authorURI>smi:smi-registry/organization/EMSC</authorURI>
    </creationInfo>
    <originUncertainty>
      <azimuthMaxHorizontalUncertainty>-99</azimuthMaxHorizontalUncertainty>
    </originUncertainty>
  </origin>
  <magnitude publicID="quakeml:eu.emsc/event/20020504_0000010/origin/1414142/mag/2">
    <mag>
      <value>3</value>
    </mag>
    <type>MD</type>
    <originID>quakeml:eu.emsc/event/20020504_0000010/origin/1414142</originID>
    <creationInfo>
      <agencyURI>smi:smi-registry/organization/EMSC</agencyURI>
      <authorURI>smi:smi-registry/organization/EMSC</authorURI>
    </creationInfo>
  </magnitude>
</event>
<event publicID="quakeml:eu.emsc/event/20020504_0000009">
  <preferredOriginID>quakeml:eu.emsc/event/20020504_0000009/origin/1414144</preferredOriginID>
  <preferredMagnitudeID>quakeml:eu.emsc/event/20020504_0000009/origin/1414144/mag/2</preferredMagnitudeID>
  <creationInfo>
    <agencyURI>smi:smi-registry/organization/EMSC</agencyURI>
    <authorURI>smi:smi-registry/organization/EMSC</authorURI>
    <creationTime>2014-12-10T16:26:51.842331Z</creationTime>
  </creationInfo>
  <description>
    <text>CENTRAL TURKEY</text>
    <type>Flinn-Engdahl region</type>
  </description>
  <origin publicID="quakeml:eu.emsc/event/20020504_0000009/origin/1414144">
    <time>
      <value>2002-05-04T14:41:09.5Z</value>
    </time>
    <latitude>
      <value>37.241</value>
      <uncertainty>9999.9</uncertainty>
    </latitude>
    <longitude>
      <value>36.326</value>
      <uncertainty>9999.9</uncertainty>
    </longitude>
    <depth>
      <value>11000</value>
    </depth>
    <depthType>from location</depthType>
    <methodID>smi:eu.emsc-csem/origin_method/NA</methodID>
    <quality>
      <usedPhaseCount>7</usedPhaseCount>
      <usedStationCount>6</usedStationCount>
      <standardError>1.17</standardError>
      <azimuthalGap>101</azimuthalGap>
      <minimumDistance>0.52</minimumDistance>
      <maximumDistance>2.35</maximumDistance>
    </quality>
    <evaluationMode>manual</evaluationMode>
    <creationInfo>
      <agencyURI>smi:smi-registry/organization/EMSC</agencyURI>
      <authorURI>smi:smi-registry/organization/EMSC</authorURI>
    </creationInfo>
    <originUncertainty>
      <azimuthMaxHorizontalUncertainty>-99</azimuthMaxHorizontalUncertainty>
    </originUncertainty>
  </origin>
  <magnitude publicID="quakeml:eu.emsc/event/20020504_0000009/origin/1414144/mag/2">
    <mag>
      <value>3.2</value>
    </mag>
    <type>MD</type>
    <originID>quakeml:eu.emsc/event/20020504_0000009/origin/1414144</originID>
    <creationInfo>
      <agencyURI>smi:smi-registry/organization/EMSC</agencyURI>
      <authorURI>smi:smi-registry/organization/EMSC</authorURI>
    </creationInfo>
  </magnitude>
</event>
<event publicID="quakeml:eu.emsc/event/20020504_0000008">
  <preferredOriginID>quakeml:eu.emsc/event/20020504_0000008/origin/1414146</preferredOriginID>
  <preferredMagnitudeID>quakeml:eu.emsc/event/20020504_0000008/origin/1414146/mag/2</preferredMagnitudeID>
  <creationInfo>
    <agencyURI>smi:smi-registry/organization/EMSC</agencyURI>
    <authorURI>smi:smi-registry/organization/EMSC</authorURI>
    <creationTime>2014-12-10T16:26:48.194211Z</creationTime>
  </creationInfo>
  <description>
    <text>EASTERN TURKEY</text>
    <type>Flinn-Engdahl region</type>
  </description>
  <origin publicID="quakeml:eu.emsc/event/20020504_0000008/origin/1414146">
    <time>
      <value>2002-05-04T14:16:03.3Z</value>
    </time>
    <latitude>
      <value>38.036</value>
      <uncertainty>9999.9</uncertainty>
    </latitude>
    <longitude>
      <value>38.738</value>
      <uncertainty>9999.9</uncertainty>
    </longitude>
    <depth>
      <value>6000</value>
    </depth>
    <depthType>from location</depthType>
    <methodID>smi:eu.emsc-csem/origin_method/NA</methodID>
    <quality>
      <usedPhaseCount>6</usedPhaseCount>
      <usedStationCount>5</usedStationCount>
      <standardError>1.16</standardError>
      <azimuthalGap>143</azimuthalGap>
      <minimumDistance>0.38</minimumDistance>
      <maximumDistance>2.82</maximumDistance>
    </quality>
    <evaluationMode>manual</evaluationMode>
    <creationInfo>
      <agencyURI>smi:smi-registry/organization/EMSC</agencyURI>
      <authorURI>smi:smi-registry/organization/EMSC</authorURI>
    </creationInfo>
    <originUncertainty>
      <azimuthMaxHorizontalUncertainty>-99</azimuthMaxHorizontalUncertainty>
    </originUncertainty>
  </origin>
  <magnitude publicID="quakeml:eu.emsc/event/20020504_0000008/origin/1414146/mag/2">
    <mag>
      <value>3.5</value>
    </mag>
    <type>MD</type>
    <originID>quakeml:eu.emsc/event/20020504_0000008/origin/1414146</originID>
    <creationInfo>
      <agencyURI>smi:smi-registry/organization/EMSC</agencyURI>
      <authorURI>smi:smi-registry/organization/EMSC</authorURI>
    </creationInfo>
  </magnitude>
</event>
<event publicID="quakeml:eu.emsc/event/20020504_0000007">
  <preferredOriginID>quakeml:eu.emsc/event/20020504_0000007/origin/1414148</preferredOriginID>
  <preferredMagnitudeID>quakeml:eu.emsc/event/20020504_0000007/origin/1414148/mag/2</preferredMagnitudeID>
  <creationInfo>
    <agencyURI>smi:smi-registry/organization/EMSC</agencyURI>
    <authorURI>smi:smi-registry/organization/EMSC</authorURI>
    <creationTime>2014-12-10T16:26:44.593771Z</creationTime>
  </creationInfo>
  <description>
    <text>WESTERN TURKEY</text>
    <type>Flinn-Engdahl region</type>
  </description>
  <origin publicID="quakeml:eu.emsc/event/20020504_0000007/origin/1414148">
    <time>
      <value>2002-05-04T13:09:50.7Z</value>
    </time>
    <latitude>
      <value>40.762</value>
      <uncertainty>9999.9</uncertainty>
    </latitude>
    <longitude>
      <value>31.621</value>
      <uncertainty>9999.9</uncertainty>
    </longitude>
    <depth>
      <value>9000</value>
    </depth>
    <depthType>from location</depthType>
    <methodID>smi:eu.emsc-csem/origin_method/NA</methodID>
    <quality>
      <usedPhaseCount>17</usedPhaseCount>
      <usedStationCount>16</usedStationCount>
      <standardError>1.04</standardError>
      <azimuthalGap>135</azimuthalGap>
      <minimumDistance>0.43</minimumDistance>
      <maximumDistance>3.3</maximumDistance>
    </quality>
    <evaluationMode>manual</evaluationMode>
    <creationInfo>
      <agencyURI>smi:smi-registry/organization/EMSC</agencyURI>
      <authorURI>smi:smi-registry/organization/EMSC</authorURI>
    </creationInfo>
    <originUncertainty>
      <azimuthMaxHorizontalUncertainty>-99</azimuthMaxHorizontalUncertainty>
    </originUncertainty>
  </origin>
  <magnitude publicID="quakeml:eu.emsc/event/20020504_0000007/origin/1414148/mag/2">
    <mag>
      <value>3.4</value>
    </mag>
    <type>MD</type>
    <originID>quakeml:eu.emsc/event/20020504_0000007/origin/1414148</originID>
    <creationInfo>
      <agencyURI>smi:smi-registry/organization/EMSC</agencyURI>
      <authorURI>smi:smi-registry/organization/EMSC</authorURI>
    </creationInfo>
  </magnitude>
</event>
<event publicID="quakeml:eu.emsc/event/20020504_0000001">
  <preferredOriginID>quakeml:eu.emsc/event/20020504_0000001/origin/1405405</preferredOriginID>
  <preferredMagnitudeID>quakeml:eu.emsc/event/20020504_0000001/origin/1405405/mag/2</preferredMagnitudeID>
  <creationInfo>
    <agencyURI>smi:smi-registry/organization/EMSC</agencyURI>
    <authorURI>smi:smi-registry/organization/EMSC</authorURI>
    <creationTime>2014-12-03T12:21:16.512991Z</creationTime>
  </creationInfo>
  <description>
    <text>WESTERN TURKEY</text>
    <type>Flinn-Engdahl region</type>
  </description>
  <origin publicID="quakeml:eu.emsc/event/20020504_0000001/origin/1405405">
    <time>
      <value>2002-05-04T11:02:44.2Z</value>
      <uncertainty>0.11</uncertainty>
    </time>
    <latitude>
      <value>39.1213</value>
      <uncertainty>3</uncertainty>
    </latitude>
    <longitude>
      <value>27.8713</value>
      <uncertainty>2.9</uncertainty>
    </longitude>
    <depth>
      <value>10000</value>
    </depth>
    <depthType>from location</depthType>
    <methodID>smi:eu.emsc-csem/origin_method/NA</methodID>
    <quality>
      <usedPhaseCount>41</usedPhaseCount>
      <usedStationCount>38</usedStationCount>
      <standardError>0.79</standardError>
      <azimuthalGap>53</azimuthalGap>
      <minimumDistance>0.52</minimumDistance>
      <maximumDistance>4.95</maximumDistance>
    </quality>
    <evaluationMode>manual</evaluationMode>
    <creationInfo>
      <agencyURI>smi:smi-registry/organization/EMSC</agencyURI>
      <authorURI>smi:smi-registry/organization/EMSC</authorURI>
    </creationInfo>
    <originUncertainty>
      <azimuthMaxHorizontalUncertainty>73</azimuthMaxHorizontalUncertainty>
    </originUncertainty>
  </origin>
  <magnitude publicID="quakeml:eu.emsc/event/20020504_0000001/origin/1405405/mag/2">
    <mag>
      <value>3.6</value>
    </mag>
    <type>MD</type>
    <originID>quakeml:eu.emsc/event/20020504_0000001/origin/1405405</originID>
    <creationInfo>
      <agencyURI>smi:smi-registry/organization/EMSC</agencyURI>
      <authorURI>smi:smi-registry/organization/EMSC</authorURI>
    </creationInfo>
  </magnitude>
</event>
<event publicID="quakeml:eu.emsc/event/20020504_0000006">
  <preferredOriginID>quakeml:eu.emsc/event/20020504_0000006/origin/1405389</preferredOriginID>
  <preferredMagnitudeID>quakeml:eu.emsc/event/20020504_0000006/origin/1405389/mag/2</preferredMagnitudeID>
  <creationInfo>
    <agencyURI>smi:smi-registry/organization/EMSC</agencyURI>
    <authorURI>smi:smi-registry/organization/EMSC</authorURI>
    <creationTime>2014-12-03T12:00:03.419669Z</creationTime>
  </creationInfo>
  <description>
    <text>CYPRUS REGION</text>
    <type>Flinn-Engdahl region</type>
  </description>
  <origin publicID="quakeml:eu.emsc/event/20020504_0000006/origin/1405389">
    <time>
      <value>2002-05-04T10:42:11.4Z</value>
      <uncertainty>1.2</uncertainty>
    </time>
    <latitude>
      <value>34.68</value>
      <uncertainty>28.7</uncertainty>
    </latitude>
    <longitude>
      <value>33.2236</value>
      <uncertainty>10</uncertainty>
    </longitude>
    <depth>
      <value>2000</value>
    </depth>
    <depthType>from location</depthType>
    <methodID>smi:eu.emsc-csem/origin_method/NA</methodID>
    <quality>
      <usedPhaseCount>8</usedPhaseCount>
      <usedStationCount>6</usedStationCount>
      <standardError>1.52</standardError>
      <azimuthalGap>222</azimuthalGap>
      <minimumDistance>0.29</minimumDistance>
      <maximumDistance>0.75</maximumDistance>
    </quality>
    <evaluationMode>manual</evaluationMode>
    <creationInfo>
      <agencyURI>smi:smi-registry/organization/EMSC</agencyURI>
      <authorURI>smi:smi-registry/organization/EMSC</authorURI>
    </creationInfo>
  </origin>
  <magnitude publicID="quakeml:eu.emsc/event/20020504_0000006/origin/1405389/mag/2">
    <mag>
      <value>3</value>
    </mag>
    <type>ML</type>
    <originID>quakeml:eu.emsc/event/20020504_0000006/origin/1405389</originID>
    <creationInfo>
      <agencyURI>smi:smi-registry/organization/EMSC</agencyURI>
      <authorURI>smi:smi-registry/organization/EMSC</authorURI>
    </creationInfo>
  </magnitude>
</event>
<event publicID="quakeml:eu.emsc/event/20020504_0000005">
  <preferredOriginID>quakeml:eu.emsc/event/20020504_0000005/origin/1414150</preferredOriginID>
  <preferredMagnitudeID>quakeml:eu.emsc/event/20020504_0000005/origin/1414150/mag/2</preferredMagnitudeID>
  <creationInfo>
    <agencyURI>smi:smi-registry/organization/EMSC</agencyURI>
    <authorURI>smi:smi-registry/organization/EMSC</authorURI>
    <creationTime>2014-12-10T16:26:40.454384Z</creationTime>
  </creationInfo>
  <description>
    <text>ROMANIA</text>
    <type>Flinn-Engdahl region</type>
  </description>
  <origin publicID="quakeml:eu.emsc/event/20020504_0000005/origin/1414150">
    <time>
      <value>2002-05-04T09:01:24.6Z</value>
    </time>
    <latitude>
      <value>45.657</value>
      <uncertainty>9999.9</uncertainty>
    </latitude>
    <longitude>
      <value>26.376</value>
      <uncertainty>9999.9</uncertainty>
    </longitude>
    <depth>
      <value>158600.0</value>
    </depth>
    <depthType>from location</depthType>
    <methodID>smi:eu.emsc-csem/origin_method/NA</methodID>
    <quality>
      <usedPhaseCount>8</usedPhaseCount>
      <usedStationCount>6</usedStationCount>
      <standardError>0.63</standardError>
      <azimuthalGap>165</azimuthalGap>
      <minimumDistance>0.32</minimumDistance>
      <maximumDistance>1.26</maximumDistance>
    </quality>
    <evaluationMode>manual</evaluationMode>
    <creationInfo>
      <agencyURI>smi:smi-registry/organization/EMSC</agencyURI>
      <authorURI>smi:smi-registry/organization/EMSC</authorURI>
    </creationInfo>
    <originUncertainty>
      <azimuthMaxHorizontalUncertainty>-99</azimuthMaxHorizontalUncertainty>
    </originUncertainty>
  </origin>
  <magnitude publicID="quakeml:eu.emsc/event/20020504_0000005/origin/1414150/mag/2">
    <mag>
      <value>3.9</value>
    </mag>
    <type>MD</type>
    <originID>quakeml:eu.emsc/event/20020504_0000005/origin/1414150</originID>
    <stationCount>3</stationCount>
    <creationInfo>
      <agencyURI>smi:smi-registry/organization/EMSC</agencyURI>
      <authorURI>smi:smi-registry/organization/EMSC</authorURI>
    </creationInfo>
  </magnitude>
</event>
<event publicID="quakeml:eu.emsc/event/20020504_0000004">
  <preferredOriginID>quakeml:eu.emsc/event/20020504_0000004/origin/1414152</preferredOriginID>
  <preferredMagnitudeID>quakeml:eu.emsc/event/20020504_0000004/origin/1414152/mag/2</preferredMagnitudeID>
  <creationInfo>
    <agencyURI>smi:smi-registry/organization/EMSC</agencyURI>
    <authorURI>smi:smi-registry/organization/EMSC</authorURI>
    <creationTime>2014-12-10T16:26:37.863345Z</creationTime>
  </creationInfo>
  <description>
    <text>WESTERN TURKEY</text>
    <type>Flinn-Engdahl region</type>
  </description>
  <origin publicID="quakeml:eu.emsc/event/20020504_0000004/origin/1414152">
    <time>
      <value>2002-05-04T04:17:34.6Z</value>
    </time>
    <latitude>
      <value>40.793</value>
      <uncertainty>9999.9</uncertainty>
    </latitude>
    <longitude>
      <value>30.662</value>
      <uncertainty>9999.9</uncertainty>
    </longitude>
    <depth>
      <value>5000</value>
    </depth>
    <depthType>from location</depthType>
    <methodID>smi:eu.emsc-csem/origin_method/NA</methodID>
    <quality>
      <usedPhaseCount>12</usedPhaseCount>
      <usedStationCount>10</usedStationCount>
      <standardError>0.76</standardError>
      <azimuthalGap>204</azimuthalGap>
      <minimumDistance>0.47</minimumDistance>
      <maximumDistance>1.83</maximumDistance>
    </quality>
    <evaluationMode>manual</evaluationMode>
    <creationInfo>
      <agencyURI>smi:smi-registry/organization/EMSC</agencyURI>
      <authorURI>smi:smi-registry/organization/EMSC</authorURI>
    </creationInfo>
    <originUncertainty>
      <azimuthMaxHorizontalUncertainty>-99</azimuthMaxHorizontalUncertainty>
    </originUncertainty>
  </origin>
  <magnitude publicID="quakeml:eu.emsc/event/20020504_0000004/origin/1414152/mag/2">
    <mag>
      <value>2.9</value>
    </mag>
    <type>MD</type>
    <originID>quakeml:eu.emsc/event/20020504_0000004/origin/1414152</originID>
    <creationInfo>
      <agencyURI>smi:smi-registry/organization/EMSC</agencyURI>
      <authorURI>smi:smi-registry/organization/EMSC</authorURI>
    </creationInfo>
  </magnitude>
</event>
<event publicID="quakeml:eu.emsc/event/20020504_0000003">
  <preferredOriginID>quakeml:eu.emsc/event/20020504_0000003/origin/1405394</preferredOriginID>
  <preferredMagnitudeID>quakeml:eu.emsc/event/20020504_0000003/origin/1405394/mag/2</preferredMagnitudeID>
  <creationInfo>
    <agencyURI>smi:smi-registry/organization/EMSC</agencyURI>
    <authorURI>smi:smi-registry/organization/EMSC</authorURI>
    <creationTime>2014-12-03T12:10:57.627108Z</creationTime>
  </creationInfo>
  <description>
    <text>GREECE</text>
    <type>Flinn-Engdahl region</type>
  </description>
  <origin publicID="quakeml:eu.emsc/event/20020504_0000003/origin/1405394">
    <time>
      <value>2002-05-04T03:29:07.8Z</value>
      <uncertainty>0.24</uncertainty>
    </time>
    <latitude>
      <value>39.1128</value>
      <uncertainty>5.8</uncertainty>
    </latitude>
    <longitude>
      <value>21.8549</value>
      <uncertainty>4.3</uncertainty>
    </longitude>
    <depth>
      <value>10000</value>
    </depth>
    <depthType>from location</depthType>
    <methodID>smi:eu.emsc-csem/origin_method/NA</methodID>
    <quality>
      <usedPhaseCount>73</usedPhaseCount>
      <usedStationCount>56</usedStationCount>
      <standardError>1.33</standardError>
      <azimuthalGap>56</azimuthalGap>
      <minimumDistance>0.38</minimumDistance>
      <maximumDistance>72.87</maximumDistance>
    </quality>
    <evaluationMode>manual</evaluationMode>
    <creationInfo>
      <agencyURI>smi:smi-registry/organization/EMSC</agencyURI>
      <authorURI>smi:smi-registry/organization/EMSC</authorURI>
    </creationInfo>
    <originUncertainty>
      <azimuthMaxHorizontalUncertainty>159</azimuthMaxHorizontalUncertainty>
    </originUncertainty>
  </origin>
  <magnitude publicID="quakeml:eu.emsc/event/20020504_0000003/origin/1405394/mag/2">
    <mag>
      <value>3.6</value>
    </mag>
    <type>ML</type>
    <originID>quakeml:eu.emsc/event/20020504_0000003/origin/1405394</originID>
    <creationInfo>
      <agencyURI>smi:smi-registry/organization/EMSC</agencyURI>
      <authorURI>smi:smi-registry/organization/EMSC</authorURI>
    </creationInfo>
  </magnitude>
</event>
<event publicID="quakeml:eu.emsc/event/20020504_0000002">
  <preferredOriginID>quakeml:eu.emsc/event/20020504_0000002/origin/1414154</preferredOriginID>
  <preferredMagnitudeID>quakeml:eu.emsc/event/20020504_0000002/origin/1414154/mag/2</preferredMagnitudeID>
  <creationInfo>
    <agencyURI>smi:smi-registry/organization/EMSC</agencyURI>
    <authorURI>smi:smi-registry/organization/EMSC</authorURI>
    <creationTime>2014-12-10T16:26:32.819318Z</creationTime>
  </creationInfo>
  <description>
    <text>CENTRAL MEDITERRANEAN SEA</text>
    <type>Flinn-Engdahl region</type>
  </description>
  <origin publicID="quakeml:eu.emsc/event/20020504_0000002/origin/1414154">
    <time>
      <value>2002-05-04T00:23:35.8Z</value>
    </time>
    <latitude>
      <value>35.93</value>
      <uncertainty>9999.9</uncertainty>
    </latitude>
    <longitude>
      <value>22.16</value>
      <uncertainty>9999.9</uncertainty>
    </longitude>
    <depth>
      <value>13000</value>
    </depth>
    <depthType>from location</depthType>
    <methodID>smi:eu.emsc-csem/origin_method/NA</methodID>
    <quality>
      <usedPhaseCount>6</usedPhaseCount>
      <usedStationCount>6</usedStationCount>
      <standardError>2.38</standardError>
      <azimuthalGap>224</azimuthalGap>
      <minimumDistance>1.01</minimumDistance>
      <maximumDistance>2.99</maximumDistance>
    </quality>
    <evaluationMode>manual</evaluationMode>
    <creationInfo>
      <agencyURI>smi:smi-registry/organization/EMSC</agencyURI>
      <authorURI>smi:smi-registry/organization/EMSC</authorURI>
    </creationInfo>
    <originUncertainty>
      <azimuthMaxHorizontalUncertainty>-99</azimuthMaxHorizontalUncertainty>
    </originUncertainty>
  </origin>
  <magnitude publicID="quakeml:eu.emsc/event/20020504_0000002/origin/1414154/mag/2">
    <mag>
      <value>3.1</value>
    </mag>
    <type>MD</type>
    <originID>quakeml:eu.emsc/event/20020504_0000002/origin/1414154</originID>
    <creationInfo>
      <agencyURI>smi:smi-registry/organization/EMSC</agencyURI>
      <authorURI>smi:smi-registry/organization/EMSC</authorURI>
    </creationInfo>
  </magnitude>
</event>
</eventParameters>
</q:quakeml>
