<?xml version="1.0"?>
<q:quakeml xmlns:q="http://quakeml.org/xmlns/quakeml/1.2"  xmlns="http://quakeml.org/xmlns/bed/1.2">
<eventParameters publicID="smi:eu.emsc/unid">
<event publicID="quakeml:eu.emsc/event/20021114_0000010">
  <preferredOriginID>quakeml:eu.emsc/event/20021114_0000010/origin/1397599</preferredOriginID>
  <preferredMagnitudeID>quakeml:eu.emsc/event/20021114_0000010/origin/1397599/mag/2</preferredMagnitudeID>
  <creationInfo>
    <agencyURI>smi:smi-registry/organization/EMSC</agencyURI>
    <authorURI>smi:smi-registry/organization/EMSC</authorURI>
    <creationTime>2014-12-03T11:10:55.556137Z</creationTime>
  </creationInfo>
  <description>
    <text>SOUTHERN ITALY</text>
    <type>Flinn-Engdahl region</type>
  </description>
  <origin publicID="quakeml:eu.emsc/event/20021114_0000010/origin/1397599">
    <time>
      <value>2002-11-14T19:47:58.5Z</value>
      <uncertainty>0.2</uncertainty>
    </time>
    <latitude>
      <value>41.6658</value>
      <uncertainty>4.5</uncertainty>
    </latitude>
    <longitude>
      <value>14.7845</value>
      <uncertainty>3.1</uncertainty>
    </longitude>
    <depth>
      <value>10000</value>
    </depth>
    <depthType>from location</depthType>
    <methodID>smi:eu.emsc-csem/origin_method/NA</methodID>
    <quality>
      <usedPhaseCount>25</usedPhaseCount>
      <usedStationCount>17</usedStationCount>
      <standardError>0.69</standardError>
      <azimuthalGap>134</azimuthalGap>
      <minimumDistance>0.31</minimumDistance>
      <maximumDistance>2.9</maximumDistance>
    </quality>
    <evaluationMode>manual</evaluationMode>
    <creationInfo>
      <agencyURI>smi:smi-registry/organization/EMSC</agencyURI>
      <authorURI>smi:smi-registry/organization/EMSC</authorURI>
    </creationInfo>
    <originUncertainty>
      <azimuthMaxHorizontalUncertainty>178</azimuthMaxHorizontalUncertainty>
    </originUncertainty>
  </origin>
  <magnitude publicID="quakeml:eu.emsc/event/20021114_0000010/origin/1397599/mag/2">
    <mag>
      <value>2.7</value>
    </mag>
    <type>ML</type>
    <originID>quakeml:eu.emsc/event/20021114_0000010/origin/1397599</originID>
    <stationCount>8</stationCount>
    <creationInfo>
      <agencyURI>smi:smi-registry/organization/EMSC</agencyURI>
      <authorURI>smi:smi-registry/organization/EMSC</authorURI>
    </creationInfo>
  </magnitude>
</event>
<event publicID="quakeml:eu.emsc/event/20021114_0000015">
  <preferredOriginID>quakeml:eu.emsc/event/20021114_0000015/origin/1411160</preferredOriginID>
  <preferredMagnitudeID>quakeml:eu.emsc/event/20021114_0000015/origin/1411160/mag/2</preferredMagnitudeID>
  <creationInfo>
    <agencyURI>smi:smi-registry/organization/EMSC</agencyURI>
    <authorURI>smi:smi-registry/organization/EMSC</authorURI>
    <creationTime>2014-12-10T18:41:12.339556Z</creationTime>
  </creationInfo>
  <description>
    <text>NORTHERN ITALY</text>
    <type>Flinn-Engdahl region</type>
  </description>
  <origin publicID="quakeml:eu.emsc/event/20021114_0000015/origin/1411160">
    <time>
      <value>2002-11-14T12:05:33.2Z</value>
    </time>
    <latitude>
      <value>44.4802</value>
      <uncertainty>9999.9</uncertainty>
    </latitude>
    <longitude>
      <value>7.2943</value>
      <uncertainty>9999.9</uncertainty>
    </longitude>
    <depth>
      <value>10000</value>
    </depth>
    <depthType>from location</depthType>
    <methodID>smi:eu.emsc-csem/origin_method/NA</methodID>
    <quality>
      <usedPhaseCount>16</usedPhaseCount>
      <usedStationCount>10</usedStationCount>
      <standardError>3.5</standardError>
      <azimuthalGap>110</azimuthalGap>
      <minimumDistance>0.14</minimumDistance>
      <maximumDistance>0.71</maximumDistance>
    </quality>
    <evaluationMode>manual</evaluationMode>
    <creationInfo>
      <agencyURI>smi:smi-registry/organization/EMSC</agencyURI>
      <authorURI>smi:smi-registry/organization/EMSC</authorURI>
    </creationInfo>
    <originUncertainty>
      <azimuthMaxHorizontalUncertainty>-99</azimuthMaxHorizontalUncertainty>
    </originUncertainty>
  </origin>
  <magnitude publicID="quakeml:eu.emsc/event/20021114_0000015/origin/1411160/mag/2">
    <mag>
      <value>2.1</value>
    </mag>
    <type>ML</type>
    <originID>quakeml:eu.emsc/event/20021114_0000015/origin/1411160</originID>
    <creationInfo>
      <agencyURI>smi:smi-registry/organization/EMSC</agencyURI>
      <authorURI>smi:smi-registry/organization/EMSC</authorURI>
    </creationInfo>
  </magnitude>
</event>
<event publicID="quakeml:eu.emsc/event/20021114_0000016">
  <preferredOriginID>quakeml:eu.emsc/event/20021114_0000016/origin/1411162</preferredOriginID>
  <preferredMagnitudeID>quakeml:eu.emsc/event/20021114_0000016/origin/1411162/mag/2</preferredMagnitudeID>
  <creationInfo>
    <agencyURI>smi:smi-registry/organization/EMSC</agencyURI>
    <authorURI>smi:smi-registry/organization/EMSC</authorURI>
    <creationTime>2014-12-10T18:41:11.848599Z</creationTime>
  </creationInfo>
  <description>
    <text>SWITZERLAND</text>
    <type>Flinn-Engdahl region</type>
  </description>
  <origin publicID="quakeml:eu.emsc/event/20021114_0000016/origin/1411162">
    <time>
      <value>2002-11-14T10:49:06.6Z</value>
    </time>
    <latitude>
      <value>47.564</value>
      <uncertainty>9999.9</uncertainty>
    </latitude>
    <longitude>
      <value>8.159</value>
      <uncertainty>9999.9</uncertainty>
    </longitude>
    <depth>
      <value>0</value>
    </depth>
    <depthType>from location</depthType>
    <methodID>smi:eu.emsc-csem/origin_method/NA</methodID>
    <quality>
      <usedPhaseCount>4</usedPhaseCount>
      <usedStationCount>4</usedStationCount>
      <standardError>0.19</standardError>
      <azimuthalGap>173</azimuthalGap>
      <minimumDistance>0.05</minimumDistance>
      <maximumDistance>0.62</maximumDistance>
    </quality>
    <evaluationMode>manual</evaluationMode>
    <creationInfo>
      <agencyURI>smi:smi-registry/organization/EMSC</agencyURI>
      <authorURI>smi:smi-registry/organization/EMSC</authorURI>
    </creationInfo>
    <originUncertainty>
      <azimuthMaxHorizontalUncertainty>-99</azimuthMaxHorizontalUncertainty>
    </originUncertainty>
  </origin>
  <magnitude publicID="quakeml:eu.emsc/event/20021114_0000016/origin/1411162/mag/2">
    <mag>
      <value>1.7</value>
      <uncertainty>0.3</uncertainty>
    </mag>
    <type>ML</type>
    <originID>quakeml:eu.emsc/event/20021114_0000016/origin/1411162</originID>
    <stationCount>2</stationCount>
    <creationInfo>
      <agencyURI>smi:smi-registry/organization/EMSC</agencyURI>
      <authorURI>smi:smi-registry/organization/EMSC</authorURI>
    </creationInfo>
  </magnitude>
</event>
<event publicID="quakeml:eu.emsc/event/20021114_0000008">
  <preferredOriginID>quakeml:eu.emsc/event/20021114_0000008/origin/1397602</preferredOriginID>
  <preferredMagnitudeID>quakeml:eu.emsc/event/20021114_0000008/origin/1397602/mag/2</preferredMagnitudeID>
  <creationInfo>
    <agencyURI>smi:smi-registry/organization/EMSC</agencyURI>
    <authorURI>smi:smi-registry/organization/EMSC</authorURI>
    <creationTime>2014-12-03T11:10:55.671509Z</creationTime>
  </creationInfo>
  <description>
    <text>GREECE</text>
    <type>Flinn-Engdahl region</type>
  </description>
  <origin publicID="quakeml:eu.emsc/event/20021114_0000008/origin/1397602">
    <time>
      <value>2002-11-14T10:22:59.9Z</value>
      <uncertainty>0.25</uncertainty>
    </time>
    <latitude>
      <value>38.6421</value>
      <uncertainty>5.4</uncertainty>
    </latitude>
    <longitude>
      <value>23.6217</value>
      <uncertainty>5</uncertainty>
    </longitude>
    <depth>
      <value>2000</value>
    </depth>
    <depthType>from location</depthType>
    <methodID>smi:eu.emsc-csem/origin_method/NA</methodID>
    <quality>
      <usedPhaseCount>35</usedPhaseCount>
      <usedStationCount>25</usedStationCount>
      <standardError>1.07</standardError>
      <azimuthalGap>62</azimuthalGap>
      <minimumDistance>0.56</minimumDistance>
      <maximumDistance>3.16</maximumDistance>
    </quality>
    <evaluationMode>manual</evaluationMode>
    <creationInfo>
      <agencyURI>smi:smi-registry/organization/EMSC</agencyURI>
      <authorURI>smi:smi-registry/organization/EMSC</authorURI>
    </creationInfo>
    <originUncertainty>
      <azimuthMaxHorizontalUncertainty>108</azimuthMaxHorizontalUncertainty>
    </originUncertainty>
  </origin>
  <magnitude publicID="quakeml:eu.emsc/event/20021114_0000008/origin/1397602/mag/2">
    <mag>
      <value>3.4</value>
    </mag>
    <type>ML</type>
    <originID>quakeml:eu.emsc/event/20021114_0000008/origin/1397602</originID>
    <creationInfo>
      <agencyURI>smi:smi-registry/organization/EMSC</agencyURI>
      <authorURI>smi:smi-registry/organization/EMSC</authorURI>
    </creationInfo>
  </magnitude>
</event>
<event publicID="quakeml:eu.emsc/event/20021114_0000012">
  <preferredOriginID>quakeml:eu.emsc/event/20021114_0000012/origin/1411164</preferredOriginID>
  <preferredMagnitudeID>quakeml:eu.emsc/event/20021114_0000012/origin/1411164/mag/2</preferredMagnitudeID>
  <creationInfo>
    <agencyURI>smi:smi-registry/organization/EMSC</agencyURI>
    <authorURI>smi:smi-registry/organization/EMSC</authorURI>
    <creationTime>2014-12-10T18:41:11.367999Z</creationTime>
  </creationInfo>
  <description>
    <text>NORTHERN ITALY</text>
    <type>Flinn-Engdahl region</type>
  </description>
  <origin publicID="quakeml:eu.emsc/event/20021114_0000012/origin/1411164">
    <time>
      <value>2002-11-14T10:16:34.6Z</value>
    </time>
    <latitude>
      <value>44.4002</value>
      <uncertainty>9999.9</uncertainty>
    </latitude>
    <longitude>
      <value>7.2618</value>
      <uncertainty>9999.9</uncertainty>
    </longitude>
    <depth>
      <value>10000</value>
    </depth>
    <depthType>from location</depthType>
    <methodID>smi:eu.emsc-csem/origin_method/NA</methodID>
    <quality>
      <usedPhaseCount>8</usedPhaseCount>
      <usedStationCount>5</usedStationCount>
      <standardError>2.37</standardError>
      <azimuthalGap>149</azimuthalGap>
      <minimumDistance>0.16</minimumDistance>
      <maximumDistance>0.58</maximumDistance>
    </quality>
    <evaluationMode>manual</evaluationMode>
    <creationInfo>
      <agencyURI>smi:smi-registry/organization/EMSC</agencyURI>
      <authorURI>smi:smi-registry/organization/EMSC</authorURI>
    </creationInfo>
    <originUncertainty>
      <azimuthMaxHorizontalUncertainty>-99</azimuthMaxHorizontalUncertainty>
    </originUncertainty>
  </origin>
  <magnitude publicID="quakeml:eu.emsc/event/20021114_0000012/origin/1411164/mag/2">
    <mag>
      <value>1.8</value>
    </mag>
    <type>ML</type>
    <originID>quakeml:eu.emsc/event/20021114_0000012/origin/1411164</originID>
    <creationInfo>
      <agencyURI>smi:smi-registry/organization/EMSC</agencyURI>
      <authorURI>smi:smi-registry/organization/EMSC</authorURI>
    </creationInfo>
  </magnitude>
</event>
<event publicID="quakeml:eu.emsc/event/20021114_0000007">
  <preferredOriginID>quakeml:eu.emsc/event/20021114_0000007/origin/1397605</preferredOriginID>
  <preferredMagnitudeID>quakeml:eu.emsc/event/20021114_0000007/origin/1397605/mag/1</preferredMagnitudeID>
  <creationInfo>
    <agencyURI>smi:smi-registry/organization/EMSC</agencyURI>
    <authorURI>smi:smi-registry/organization/EMSC</authorURI>
    <creationTime>2014-12-03T10:52:00.640342Z</creationTime>
  </creationInfo>
  <description>
    <text>AZORES-CAPE ST. VINCENT RIDGE</text>
    <type>Flinn-Engdahl region</type>
  </description>
  <origin publicID="quakeml:eu.emsc/event/20021114_0000007/origin/1397605">
    <time>
      <value>2002-11-14T05:55:30.2Z</value>
      <uncertainty>0.38</uncertainty>
    </time>
    <latitude>
      <value>36.9786</value>
      <uncertainty>7</uncertainty>
    </latitude>
    <longitude>
      <value>-10.9476</value>
      <uncertainty>4.7</uncertainty>
    </longitude>
    <depth>
      <value>41100.0</value>
    </depth>
    <depthType>from location</depthType>
    <methodID>smi:eu.emsc-csem/origin_method/NA</methodID>
    <quality>
      <usedPhaseCount>31</usedPhaseCount>
      <usedStationCount>19</usedStationCount>
      <standardError>0.82</standardError>
      <azimuthalGap>293</azimuthalGap>
      <minimumDistance>1.86</minimumDistance>
      <maximumDistance>6.11</maximumDistance>
    </quality>
    <evaluationMode>manual</evaluationMode>
    <creationInfo>
      <agencyURI>smi:smi-registry/organization/EMSC</agencyURI>
      <authorURI>smi:smi-registry/organization/EMSC</authorURI>
    </creationInfo>
    <originUncertainty>
      <azimuthMaxHorizontalUncertainty>68</azimuthMaxHorizontalUncertainty>
    </originUncertainty>
  </origin>
  <magnitude publicID="quakeml:eu.emsc/event/20021114_0000007/origin/1397605/mag/1">
    <mag>
      <value>3.1</value>
      <uncertainty>0.3</uncertainty>
    </mag>
    <type>ML</type>
    <originID>quakeml:eu.emsc/event/20021114_0000007/origin/1397605</originID>
    <stationCount>5</stationCount>
    <creationInfo>
      <agencyURI>smi:smi-registry/organization/EMSC</agencyURI>
      <authorURI>smi:smi-registry/organization/EMSC</authorURI>
    </creationInfo>
  </magnitude>
</event>
<event publicID="quakeml:eu.emsc/event/20021114_0000013">
  <preferredOriginID>quakeml:eu.emsc/event/20021114_0000013/origin/1411166</preferredOriginID>
  <preferredMagnitudeID>quakeml:eu.emsc/event/20021114_0000013/origin/1411166/mag/2</preferredMagnitudeID>
  <creationInfo>
    <agencyURI>smi:smi-registry/organization/EMSC</agencyURI>
    <authorURI>smi:smi-registry/organization/EMSC</authorURI>
    <creationTime>2014-12-10T18:58:49.620324Z</creationTime>
  </creationInfo>
  <description>
    <text>BELGIUM</text>
    <type>Flinn-Engdahl region</type>
  </description>
  <origin publicID="quakeml:eu.emsc/event/20021114_0000013/origin/1411166">
    <time>
      <value>2002-11-14T05:17:44.3Z</value>
    </time>
    <latitude>
      <value>50.3257</value>
      <uncertainty>9999.9</uncertainty>
    </latitude>
    <longitude>
      <value>4.4573</value>
      <uncertainty>9999.9</uncertainty>
    </longitude>
    <depth>
      <value>2000</value>
    </depth>
    <depthType>from location</depthType>
    <methodID>smi:eu.emsc-csem/origin_method/NA</methodID>
    <quality>
      <usedPhaseCount>14</usedPhaseCount>
      <usedStationCount>6</usedStationCount>
      <standardError>1.79</standardError>
      <azimuthalGap>282</azimuthalGap>
      <minimumDistance>0.31</minimumDistance>
      <maximumDistance>3.09</maximumDistance>
    </quality>
    <evaluationMode>manual</evaluationMode>
    <creationInfo>
      <agencyURI>smi:smi-registry/organization/EMSC</agencyURI>
      <authorURI>smi:smi-registry/organization/EMSC</authorURI>
    </creationInfo>
    <originUncertainty>
      <azimuthMaxHorizontalUncertainty>-99</azimuthMaxHorizontalUncertainty>
    </originUncertainty>
  </origin>
  <magnitude publicID="quakeml:eu.emsc/event/20021114_0000013/origin/1411166/mag/2">
    <mag>
      <value>2.5</value>
      <uncertainty>0.2</uncertainty>
    </mag>
    <type>ML</type>
    <originID>quakeml:eu.emsc/event/20021114_0000013/origin/1411166</originID>
    <stationCount>4</stationCount>
    <creationInfo>
      <agencyURI>smi:smi-registry/organization/EMSC</agencyURI>
      <authorURI>smi:smi-registry/organization/EMSC</authorURI>
    </creationInfo>
  </magnitude>
</event>
<event publicID="quakeml:eu.emsc/event/20021114_0000014">
  <preferredOriginID>quakeml:eu.emsc/event/20021114_0000014/origin/1411168</preferredOriginID>
  <preferredMagnitudeID>quakeml:eu.emsc/event/20021114_0000014/origin/1411168/mag/2</preferredMagnitudeID>
  <creationInfo>
    <agencyURI>smi:smi-registry/organization/EMSC</agencyURI>
    <authorURI>smi:smi-registry/organization/EMSC</authorURI>
    <creationTime>2014-12-10T18:41:10.875699Z</creationTime>
  </creationInfo>
  <description>
    <text>BELGIUM</text>
    <type>Flinn-Engdahl region</type>
  </description>
  <origin publicID="quakeml:eu.emsc/event/20021114_0000014/origin/1411168">
    <time>
      <value>2002-11-14T05:17:20.9Z</value>
    </time>
    <latitude>
      <value>50.3001</value>
      <uncertainty>9999.9</uncertainty>
    </latitude>
    <longitude>
      <value>4.4519</value>
      <uncertainty>9999.9</uncertainty>
    </longitude>
    <depth>
      <value>5000</value>
    </depth>
    <depthType>from location</depthType>
    <methodID>smi:eu.emsc-csem/origin_method/NA</methodID>
    <quality>
      <usedPhaseCount>29</usedPhaseCount>
      <usedStationCount>12</usedStationCount>
      <standardError>2.62</standardError>
      <azimuthalGap>240</azimuthalGap>
      <minimumDistance>0.29</minimumDistance>
      <maximumDistance>5.02</maximumDistance>
    </quality>
    <evaluationMode>manual</evaluationMode>
    <creationInfo>
      <agencyURI>smi:smi-registry/organization/EMSC</agencyURI>
      <authorURI>smi:smi-registry/organization/EMSC</authorURI>
    </creationInfo>
    <originUncertainty>
      <azimuthMaxHorizontalUncertainty>-99</azimuthMaxHorizontalUncertainty>
    </originUncertainty>
  </origin>
  <magnitude publicID="quakeml:eu.emsc/event/20021114_0000014/origin/1411168/mag/2">
    <mag>
      <value>2.6</value>
      <uncertainty>0.2</uncertainty>
    </mag>
    <type>ML</type>
    <originID>quakeml:eu.emsc/event/20021114_0000014/origin/1411168</originID>
    <stationCount>6</stationCount>
    <creationInfo>
      <agencyURI>smi:smi-registry/organization/EMSC</agencyURI>
      <authorURI>smi:smi-registry/organization/EMSC</authorURI>
    </creationInfo>
  </magnitude>
</event>
<event publicID="quakeml:eu.emsc/event/20021114_0000006">
  <preferredOriginID>quakeml:eu.emsc/event/20021114_0000006/origin/1397608</preferredOriginID>
  <preferredMagnitudeID>quakeml:eu.emsc/event/20021114_0000006/origin/1397608/mag/1</preferredMagnitudeID>
  <creationInfo>
    <agencyURI>smi:smi-registry/organization/EMSC</agencyURI>
    <authorURI>smi:smi-registry/organization/EMSC</authorURI>
    <creationTime>2014-12-03T11:05:48.661211Z</creationTime>
  </creationInfo>
  <description>
    <text>EASTERN IRAN</text>
    <type>Flinn-Engdahl region</type>
  </description>
  <origin publicID="quakeml:eu.emsc/event/20021114_0000006/origin/1397608">
    <time>
      <value>2002-11-14T04:07:28.9Z</value>
      <uncertainty>0.42</uncertainty>
    </time>
    <latitude>
      <value>32.8574</value>
      <uncertainty>19.6</uncertainty>
    </latitude>
    <longitude>
      <value>59.65</value>
      <uncertainty>13.7</uncertainty>
    </longitude>
    <depth>
      <value>10000</value>
    </depth>
    <depthType>from location</depthType>
    <methodID>smi:eu.emsc-csem/origin_method/NA</methodID>
    <quality>
      <usedPhaseCount>21</usedPhaseCount>
      <usedStationCount>21</usedStationCount>
      <standardError>1.27</standardError>
      <azimuthalGap>101</azimuthalGap>
      <minimumDistance>17.27</minimumDistance>
      <maximumDistance>88.51</maximumDistance>
    </quality>
    <evaluationMode>manual</evaluationMode>
    <creationInfo>
      <agencyURI>smi:smi-registry/organization/EMSC</agencyURI>
      <authorURI>smi:smi-registry/organization/EMSC</authorURI>
    </creationInfo>
    <originUncertainty>
      <azimuthMaxHorizontalUncertainty>169</azimuthMaxHorizontalUncertainty>
    </originUncertainty>
  </origin>
  <magnitude publicID="quakeml:eu.emsc/event/20021114_0000006/origin/1397608/mag/1">
    <mag>
      <value>4.6</value>
      <uncertainty>0.2</uncertainty>
    </mag>
    <type>mb</type>
    <originID>quakeml:eu.emsc/event/20021114_0000006/origin/1397608</originID>
    <stationCount>4</stationCount>
    <creationInfo>
      <agencyURI>smi:smi-registry/organization/EMSC</agencyURI>
      <authorURI>smi:smi-registry/organization/EMSC</authorURI>
    </creationInfo>
  </magnitude>
</event>
<event publicID="quakeml:eu.emsc/event/20021114_0000005">
  <preferredOriginID>quakeml:eu.emsc/event/20021114_0000005/origin/1536449</preferredOriginID>
  <preferredMagnitudeID>quakeml:eu.emsc/event/20021114_0000005/origin/1536449/mag/1</preferredMagnitudeID>
  <creationInfo>
    <agencyURI>smi:smi-registry/organization/EMSC</agencyURI>
    <authorURI>smi:smi-registry/organization/EMSC</authorURI>
    <creationTime>2014-12-03T11:45:35.273373Z</creationTime>
  </creationInfo>
  <description>
    <text>BELGIUM</text>
    <type>Flinn-Engdahl region</type>
  </description>
  <origin publicID="quakeml:eu.emsc/event/20021114_0000005/origin/1536449">
    <time>
      <value>2002-11-14T03:09:45.0Z</value>
      <uncertainty>0.17</uncertainty>
    </time>
    <latitude>
      <value>50.3409</value>
      <uncertainty>3.7</uncertainty>
    </latitude>
    <longitude>
      <value>4.3665</value>
      <uncertainty>2.7</uncertainty>
    </longitude>
    <depth>
      <value>10000</value>
    </depth>
    <depthType>from location</depthType>
    <methodID>smi:eu.emsc-csem/origin_method/NA</methodID>
    <quality>
      <usedPhaseCount>77</usedPhaseCount>
      <usedStationCount>34</usedStationCount>
      <standardError>1.28</standardError>
      <azimuthalGap>78</azimuthalGap>
      <minimumDistance>0.18</minimumDistance>
      <maximumDistance>7.82</maximumDistance>
    </quality>
    <evaluationMode>manual</evaluationMode>
    <creationInfo>
      <agencyURI>smi:smi-registry/organization/EMSC</agencyURI>
      <authorURI>smi:smi-registry/organization/EMSC</authorURI>
    </creationInfo>
    <originUncertainty>
      <azimuthMaxHorizontalUncertainty>139</azimuthMaxHorizontalUncertainty>
    </originUncertainty>
  </origin>
  <magnitude publicID="quakeml:eu.emsc/event/20021114_0000005/origin/1536449/mag/1">
    <mag>
      <value>2.9</value>
      <uncertainty>0.4</uncertainty>
    </mag>
    <type>ML</type>
    <originID>quakeml:eu.emsc/event/20021114_0000005/origin/1536449</originID>
    <stationCount>11</stationCount>
    <creationInfo>
      <agencyURI>smi:smi-registry/organization/EMSC</agencyURI>
      <authorURI>smi:smi-registry/organization/EMSC</authorURI>
    </creationInfo>
  </magnitude>
</event>
<event publicID="quakeml:eu.emsc/event/20021114_0000004">
  <preferredOriginID>quakeml:eu.emsc/event/20021114_0000004/origin/1397613</preferredOriginID>
  <preferredMagnitudeID>quakeml:eu.emsc/event/20021114_0000004/origin/1397613/mag/2</preferredMagnitudeID>
  <creationInfo>
    <agencyURI>smi:smi-registry/organization/EMSC</agencyURI>
    <authorURI>smi:smi-registry/organization/EMSC</authorURI>
    <creationTime>2014-12-03T10:54:27.539282Z</creationTime>
  </creationInfo>
  <description>
    <text>SOUTHERN ITALY</text>
    <type>Flinn-Engdahl region</type>
  </description>
  <origin publicID="quakeml:eu.emsc/event/20021114_0000004/origin/1397613">
    <time>
      <value>2002-11-14T02:11:28.6Z</value>
      <uncertainty>0.24</uncertainty>
    </time>
    <latitude>
      <value>41.6947</value>
      <uncertainty>5.3</uncertainty>
    </latitude>
    <longitude>
      <value>14.762</value>
      <uncertainty>4.2</uncertainty>
    </longitude>
    <depth>
      <value>15000</value>
    </depth>
    <depthType>from location</depthType>
    <methodID>smi:eu.emsc-csem/origin_method/NA</methodID>
    <quality>
      <usedPhaseCount>30</usedPhaseCount>
      <usedStationCount>19</usedStationCount>
      <standardError>1.17</standardError>
      <azimuthalGap>68</azimuthalGap>
      <minimumDistance>0.32</minimumDistance>
      <maximumDistance>2.87</maximumDistance>
    </quality>
    <evaluationMode>manual</evaluationMode>
    <creationInfo>
      <agencyURI>smi:smi-registry/organization/EMSC</agencyURI>
      <authorURI>smi:smi-registry/organization/EMSC</authorURI>
    </creationInfo>
    <originUncertainty>
      <azimuthMaxHorizontalUncertainty>11</azimuthMaxHorizontalUncertainty>
    </originUncertainty>
  </origin>
  <magnitude publicID="quakeml:eu.emsc/event/20021114_0000004/origin/1397613/mag/2">
    <mag>
      <value>2.1</value>
    </mag>
    <type>ML</type>
    <originID>quakeml:eu.emsc/event/20021114_0000004/origin/1397613</originID>
    <stationCount>14</stationCount>
    <creationInfo>
      <agencyURI>smi:smi-registry/organization/EMSC</agencyURI>
      <authorURI>smi:smi-registry/organization/EMSC</authorURI>
    </creationInfo>
  </magnitude>
</event>
<event publicID="quakeml:eu.emsc/event/20021114_0000003">
  <preferredOriginID>quakeml:eu.emsc/event/20021114_0000003/origin/1397617</preferredOriginID>
  <preferredMagnitudeID>quakeml:eu.emsc/event/20021114_0000003/origin/1397617/mag/2</preferredMagnitudeID>
  <creationInfo>
    <agencyURI>smi:smi-registry/organization/EMSC</agencyURI>
    <authorURI>smi:smi-registry/organization/EMSC</authorURI>
    <creationTime>2014-12-03T11:44:55.993166Z</creationTime>
  </creationInfo>
  <description>
    <text>WESTERN TURKEY</text>
    <type>Flinn-Engdahl region</type>
  </description>
  <origin publicID="quakeml:eu.emsc/event/20021114_0000003/origin/1397617">
    <time>
      <value>2002-11-14T00:34:13.8Z</value>
      <uncertainty>0.15</uncertainty>
    </time>
    <latitude>
      <value>36.0466</value>
      <uncertainty>5.2</uncertainty>
    </latitude>
    <longitude>
      <value>31.1285</value>
      <uncertainty>3.5</uncertainty>
    </longitude>
    <depth>
      <value>20000</value>
    </depth>
    <depthType>from location</depthType>
    <methodID>smi:eu.emsc-csem/origin_method/NA</methodID>
    <quality>
      <usedPhaseCount>18</usedPhaseCount>
      <usedStationCount>15</usedStationCount>
      <standardError>0.55</standardError>
      <azimuthalGap>83</azimuthalGap>
      <minimumDistance>1.49</minimumDistance>
      <maximumDistance>6.47</maximumDistance>
    </quality>
    <evaluationMode>manual</evaluationMode>
    <creationInfo>
      <agencyURI>smi:smi-registry/organization/EMSC</agencyURI>
      <authorURI>smi:smi-registry/organization/EMSC</authorURI>
    </creationInfo>
    <originUncertainty>
      <azimuthMaxHorizontalUncertainty>49</azimuthMaxHorizontalUncertainty>
    </originUncertainty>
  </origin>
  <magnitude publicID="quakeml:eu.emsc/event/20021114_0000003/origin/1397617/mag/2">
    <mag>
      <value>3.7</value>
    </mag>
    <type>MD</type>
    <originID>quakeml:eu.emsc/event/20021114_0000003/origin/1397617</originID>
    <creationInfo>
      <agencyURI>smi:smi-registry/organization/EMSC</agencyURI>
      <authorURI>smi:smi-registry/organization/EMSC</authorURI>
    </creationInfo>
  </magnitude>
</event>
<event publicID="quakeml:eu.emsc/event/20021114_0000002">
  <preferredOriginID>quakeml:eu.emsc/event/20021114_0000002/origin/1397620</preferredOriginID>
  <preferredMagnitudeID>quakeml:eu.emsc/event/20021114_0000002/origin/1397620/mag/2</preferredMagnitudeID>
  <creationInfo>
    <agencyURI>smi:smi-registry/organization/EMSC</agencyURI>
    <authorURI>smi:smi-registry/organization/EMSC</authorURI>
    <creationTime>2014-12-03T10:22:44.456625Z</creationTime>
  </creationInfo>
  <description>
    <text>DODECANESE ISLANDS, GREECE</text>
    <type>Flinn-Engdahl region</type>
  </description>
  <origin publicID="quakeml:eu.emsc/event/20021114_0000002/origin/1397620">
    <time>
      <value>2002-11-14T00:28:28.3Z</value>
      <uncertainty>0.6</uncertainty>
    </time>
    <latitude>
      <value>36.87</value>
      <uncertainty>21.8</uncertainty>
    </latitude>
    <longitude>
      <value>27.9417</value>
      <uncertainty>17.9</uncertainty>
    </longitude>
    <depth>
      <value>20000</value>
    </depth>
    <depthType>from location</depthType>
    <methodID>smi:eu.emsc-csem/origin_method/NA</methodID>
    <quality>
      <usedPhaseCount>7</usedPhaseCount>
      <usedStationCount>7</usedStationCount>
      <standardError>1.29</standardError>
      <azimuthalGap>73</azimuthalGap>
      <minimumDistance>0.38</minimumDistance>
      <maximumDistance>2.71</maximumDistance>
    </quality>
    <evaluationMode>manual</evaluationMode>
    <creationInfo>
      <agencyURI>smi:smi-registry/organization/EMSC</agencyURI>
      <authorURI>smi:smi-registry/organization/EMSC</authorURI>
    </creationInfo>
    <originUncertainty>
      <azimuthMaxHorizontalUncertainty>139</azimuthMaxHorizontalUncertainty>
    </originUncertainty>
  </origin>
  <magnitude publicID="quakeml:eu.emsc/event/20021114_0000002/origin/1397620/mag/2">
    <mag>
      <value>3.4</value>
    </mag>
    <type>MD</type>
    <originID>quakeml:eu.emsc/event/20021114_0000002/origin/1397620</originID>
    <creationInfo>
      <agencyURI>smi:smi-registry/organization/EMSC</agencyURI>
      <authorURI>smi:smi-registry/organization/EMSC</authorURI>
    </creationInfo>
  </magnitude>
</event>
<event publicID="quakeml:eu.emsc/event/20021114_0000001">
  <preferredOriginID>quakeml:eu.emsc/event/20021114_0000001/origin/1397622</preferredOriginID>
  <preferredMagnitudeID>quakeml:eu.emsc/event/20021114_0000001/origin/1397622/mag/2</preferredMagnitudeID>
  <creationInfo>
    <agencyURI>smi:smi-registry/organization/EMSC</agencyURI>
    <authorURI>smi:smi-registry/organization/EMSC</authorURI>
    <creationTime>2014-12-03T11:22:04.450679Z</creationTime>
  </creationInfo>
  <description>
    <text>CROATIA</text>
    <type>Flinn-Engdahl region</type>
  </description>
  <origin publicID="quakeml:eu.emsc/event/20021114_0000001/origin/1397622">
    <time>
      <value>2002-11-14T00:09:14.6Z</value>
      <uncertainty>0.34</uncertainty>
    </time>
    <latitude>
      <value>44.1705</value>
      <uncertainty>10.6</uncertainty>
    </latitude>
    <longitude>
      <value>16.2214</value>
      <uncertainty>5.2</uncertainty>
    </longitude>
    <depth>
      <value>20000</value>
    </depth>
    <depthType>from location</depthType>
    <methodID>smi:eu.emsc-csem/origin_method/NA</methodID>
    <quality>
      <usedPhaseCount>21</usedPhaseCount>
      <usedStationCount>18</usedStationCount>
      <standardError>0.91</standardError>
      <azimuthalGap>157</azimuthalGap>
      <minimumDistance>1.74</minimumDistance>
      <maximumDistance>5.93</maximumDistance>
    </quality>
    <evaluationMode>manual</evaluationMode>
    <creationInfo>
      <agencyURI>smi:smi-registry/organization/EMSC</agencyURI>
      <authorURI>smi:smi-registry/organization/EMSC</authorURI>
    </creationInfo>
    <originUncertainty>
      <azimuthMaxHorizontalUncertainty>95</azimuthMaxHorizontalUncertainty>
    </originUncertainty>
  </origin>
  <magnitude publicID="quakeml:eu.emsc/event/20021114_0000001/origin/1397622/mag/2">
    <mag>
      <value>2.4</value>
    </mag>
    <type>ML</type>
    <originID>quakeml:eu.emsc/event/20021114_0000001/origin/1397622</originID>
    <stationCount>7</stationCount>
    <creationInfo>
      <agencyURI>smi:smi-registry/organization/EMSC</agencyURI>
      <authorURI>smi:smi-registry/organization/EMSC</authorURI>
    </creationInfo>
  </magnitude>
</event>
</eventParameters>
</q:quakeml>
