<?xml version="1.0"?>
<q:quakeml xmlns:q="http://quakeml.org/xmlns/quakeml/1.2"  xmlns="http://quakeml.org/xmlns/bed/1.2">
<eventParameters publicID="smi:eu.emsc/unid">
<event publicID="quakeml:eu.emsc/event/20020612_0000008">
  <preferredOriginID>quakeml:eu.emsc/event/20020612_0000008/origin/1403878</preferredOriginID>
  <preferredMagnitudeID>quakeml:eu.emsc/event/20020612_0000008/origin/1403878/mag/1</preferredMagnitudeID>
  <creationInfo>
    <agencyURI>smi:smi-registry/organization/EMSC</agencyURI>
    <authorURI>smi:smi-registry/organization/EMSC</authorURI>
    <creationTime>2014-12-03T15:21:14.41931Z</creationTime>
  </creationInfo>
  <description>
    <text>FRANCE</text>
    <type>Flinn-Engdahl region</type>
  </description>
  <origin publicID="quakeml:eu.emsc/event/20020612_0000008/origin/1403878">
    <time>
      <value>2002-06-12T22:25:30.9Z</value>
      <uncertainty>0.15</uncertainty>
    </time>
    <latitude>
      <value>46.1134</value>
      <uncertainty>3</uncertainty>
    </latitude>
    <longitude>
      <value>2.8854</value>
      <uncertainty>1.7</uncertainty>
    </longitude>
    <depth>
      <value>19500.0</value>
      <uncertainty>0.1</uncertainty>
    </depth>
    <depthType>from location</depthType>
    <methodID>smi:eu.emsc-csem/origin_method/NA</methodID>
    <quality>
      <usedPhaseCount>17</usedPhaseCount>
      <usedStationCount>10</usedStationCount>
      <standardError>0.33</standardError>
      <azimuthalGap>126</azimuthalGap>
      <minimumDistance>0.18</minimumDistance>
      <maximumDistance>1.34</maximumDistance>
    </quality>
    <evaluationMode>manual</evaluationMode>
    <creationInfo>
      <agencyURI>smi:smi-registry/organization/EMSC</agencyURI>
      <authorURI>smi:smi-registry/organization/EMSC</authorURI>
    </creationInfo>
    <originUncertainty>
      <azimuthMaxHorizontalUncertainty>103</azimuthMaxHorizontalUncertainty>
    </originUncertainty>
  </origin>
  <magnitude publicID="quakeml:eu.emsc/event/20020612_0000008/origin/1403878/mag/1">
    <mag>
      <value>1.4</value>
      <uncertainty>0.5</uncertainty>
    </mag>
    <type>ML</type>
    <originID>quakeml:eu.emsc/event/20020612_0000008/origin/1403878</originID>
    <stationCount>5</stationCount>
    <creationInfo>
      <agencyURI>smi:smi-registry/organization/EMSC</agencyURI>
      <authorURI>smi:smi-registry/organization/EMSC</authorURI>
    </creationInfo>
  </magnitude>
</event>
<event publicID="quakeml:eu.emsc/event/20020612_0000014">
  <preferredOriginID>quakeml:eu.emsc/event/20020612_0000014/origin/1405780</preferredOriginID>
  <preferredMagnitudeID>quakeml:eu.emsc/event/20020612_0000014/origin/1405780/mag/1</preferredMagnitudeID>
  <creationInfo>
    <agencyURI>smi:smi-registry/organization/EMSC</agencyURI>
    <authorURI>smi:smi-registry/organization/EMSC</authorURI>
    <creationTime>2014-12-03T16:53:25.725515Z</creationTime>
  </creationInfo>
  <description>
    <text>NORTHERN ITALY</text>
    <type>Flinn-Engdahl region</type>
  </description>
  <origin publicID="quakeml:eu.emsc/event/20020612_0000014/origin/1405780">
    <time>
      <value>2002-06-12T21:12:26.1Z</value>
      <uncertainty>0.1</uncertainty>
    </time>
    <latitude>
      <value>44.7909</value>
      <uncertainty>2.7</uncertainty>
    </latitude>
    <longitude>
      <value>7.193</value>
      <uncertainty>1.5</uncertainty>
    </longitude>
    <depth>
      <value>10000</value>
    </depth>
    <depthType>from location</depthType>
    <methodID>smi:eu.emsc-csem/origin_method/NA</methodID>
    <quality>
      <usedPhaseCount>30</usedPhaseCount>
      <usedStationCount>16</usedStationCount>
      <standardError>0.57</standardError>
      <azimuthalGap>66</azimuthalGap>
      <minimumDistance>0.09</minimumDistance>
      <maximumDistance>1.29</maximumDistance>
    </quality>
    <evaluationMode>manual</evaluationMode>
    <creationInfo>
      <agencyURI>smi:smi-registry/organization/EMSC</agencyURI>
      <authorURI>smi:smi-registry/organization/EMSC</authorURI>
    </creationInfo>
    <originUncertainty>
      <azimuthMaxHorizontalUncertainty>57</azimuthMaxHorizontalUncertainty>
    </originUncertainty>
  </origin>
  <magnitude publicID="quakeml:eu.emsc/event/20020612_0000014/origin/1405780/mag/1">
    <mag>
      <value>1.6</value>
      <uncertainty>0.3</uncertainty>
    </mag>
    <type>ML</type>
    <originID>quakeml:eu.emsc/event/20020612_0000014/origin/1405780</originID>
    <stationCount>6</stationCount>
    <creationInfo>
      <agencyURI>smi:smi-registry/organization/EMSC</agencyURI>
      <authorURI>smi:smi-registry/organization/EMSC</authorURI>
    </creationInfo>
  </magnitude>
</event>
<event publicID="quakeml:eu.emsc/event/20020612_0000004">
  <preferredOriginID>quakeml:eu.emsc/event/20020612_0000004/origin/1413624</preferredOriginID>
  <preferredMagnitudeID>quakeml:eu.emsc/event/20020612_0000004/origin/1413624/mag/2</preferredMagnitudeID>
  <creationInfo>
    <agencyURI>smi:smi-registry/organization/EMSC</agencyURI>
    <authorURI>smi:smi-registry/organization/EMSC</authorURI>
    <creationTime>2014-12-10T16:39:50.77957Z</creationTime>
  </creationInfo>
  <description>
    <text>CENTRAL TURKEY</text>
    <type>Flinn-Engdahl region</type>
  </description>
  <origin publicID="quakeml:eu.emsc/event/20020612_0000004/origin/1413624">
    <time>
      <value>2002-06-12T19:25:53.4Z</value>
    </time>
    <latitude>
      <value>40.677</value>
      <uncertainty>9999.9</uncertainty>
    </latitude>
    <longitude>
      <value>32.977</value>
      <uncertainty>9999.9</uncertainty>
    </longitude>
    <depth>
      <value>5000</value>
    </depth>
    <depthType>from location</depthType>
    <methodID>smi:eu.emsc-csem/origin_method/NA</methodID>
    <quality>
      <usedPhaseCount>9</usedPhaseCount>
      <usedStationCount>7</usedStationCount>
      <standardError>1.14</standardError>
      <azimuthalGap>116</azimuthalGap>
      <minimumDistance>0.49</minimumDistance>
      <maximumDistance>2.74</maximumDistance>
    </quality>
    <evaluationMode>manual</evaluationMode>
    <creationInfo>
      <agencyURI>smi:smi-registry/organization/EMSC</agencyURI>
      <authorURI>smi:smi-registry/organization/EMSC</authorURI>
    </creationInfo>
    <originUncertainty>
      <azimuthMaxHorizontalUncertainty>-99</azimuthMaxHorizontalUncertainty>
    </originUncertainty>
  </origin>
  <magnitude publicID="quakeml:eu.emsc/event/20020612_0000004/origin/1413624/mag/2">
    <mag>
      <value>3.4</value>
    </mag>
    <type>MD</type>
    <originID>quakeml:eu.emsc/event/20020612_0000004/origin/1413624</originID>
    <creationInfo>
      <agencyURI>smi:smi-registry/organization/EMSC</agencyURI>
      <authorURI>smi:smi-registry/organization/EMSC</authorURI>
    </creationInfo>
  </magnitude>
</event>
<event publicID="quakeml:eu.emsc/event/20020612_0000010">
  <preferredOriginID>quakeml:eu.emsc/event/20020612_0000010/origin/1565229</preferredOriginID>
  <preferredMagnitudeID>quakeml:eu.emsc/event/20020612_0000010/origin/1565229/mag/1</preferredMagnitudeID>
  <creationInfo>
    <agencyURI>smi:smi-registry/organization/EMSC</agencyURI>
    <authorURI>smi:smi-registry/organization/EMSC</authorURI>
    <creationTime>2014-12-03T15:23:26.396099Z</creationTime>
  </creationInfo>
  <description>
    <text>SPAIN</text>
    <type>Flinn-Engdahl region</type>
  </description>
  <origin publicID="quakeml:eu.emsc/event/20020612_0000010/origin/1565229">
    <time>
      <value>2002-06-12T16:30:19.2Z</value>
      <uncertainty>0.35</uncertainty>
    </time>
    <latitude>
      <value>41.7996</value>
      <uncertainty>6.2</uncertainty>
    </latitude>
    <longitude>
      <value>2.8471</value>
      <uncertainty>3.7</uncertainty>
    </longitude>
    <depth>
      <value>5000</value>
    </depth>
    <depthType>from location</depthType>
    <methodID>smi:eu.emsc-csem/origin_method/NA</methodID>
    <quality>
      <usedPhaseCount>47</usedPhaseCount>
      <usedStationCount>29</usedStationCount>
      <standardError>0.93</standardError>
      <azimuthalGap>162</azimuthalGap>
      <minimumDistance>0.31</minimumDistance>
      <maximumDistance>4.63</maximumDistance>
    </quality>
    <evaluationMode>manual</evaluationMode>
    <creationInfo>
      <agencyURI>smi:smi-registry/organization/EMSC</agencyURI>
      <authorURI>smi:smi-registry/organization/EMSC</authorURI>
    </creationInfo>
    <originUncertainty>
      <azimuthMaxHorizontalUncertainty>133</azimuthMaxHorizontalUncertainty>
    </originUncertainty>
  </origin>
  <magnitude publicID="quakeml:eu.emsc/event/20020612_0000010/origin/1565229/mag/1">
    <mag>
      <value>2.7</value>
      <uncertainty>0.3</uncertainty>
    </mag>
    <type>ML</type>
    <originID>quakeml:eu.emsc/event/20020612_0000010/origin/1565229</originID>
    <stationCount>5</stationCount>
    <creationInfo>
      <agencyURI>smi:smi-registry/organization/EMSC</agencyURI>
      <authorURI>smi:smi-registry/organization/EMSC</authorURI>
    </creationInfo>
  </magnitude>
</event>
<event publicID="quakeml:eu.emsc/event/20020612_0000003">
  <preferredOriginID>quakeml:eu.emsc/event/20020612_0000003/origin/1413626</preferredOriginID>
  <preferredMagnitudeID>quakeml:eu.emsc/event/20020612_0000003/origin/1413626/mag/2</preferredMagnitudeID>
  <creationInfo>
    <agencyURI>smi:smi-registry/organization/EMSC</agencyURI>
    <authorURI>smi:smi-registry/organization/EMSC</authorURI>
    <creationTime>2014-12-10T16:39:49.77898Z</creationTime>
  </creationInfo>
  <description>
    <text>STRAIT OF GIBRALTAR</text>
    <type>Flinn-Engdahl region</type>
  </description>
  <origin publicID="quakeml:eu.emsc/event/20020612_0000003/origin/1413626">
    <time>
      <value>2002-06-12T16:04:11.8Z</value>
    </time>
    <latitude>
      <value>36.9911</value>
      <uncertainty>9999.9</uncertainty>
    </latitude>
    <longitude>
      <value>-2.4902</value>
      <uncertainty>9999.9</uncertainty>
    </longitude>
    <depth>
      <value>0</value>
    </depth>
    <depthType>from location</depthType>
    <methodID>smi:eu.emsc-csem/origin_method/NA</methodID>
    <quality>
      <usedPhaseCount>26</usedPhaseCount>
      <usedStationCount>13</usedStationCount>
      <standardError>1.22</standardError>
      <azimuthalGap>108</azimuthalGap>
      <minimumDistance>0.23</minimumDistance>
      <maximumDistance>2.94</maximumDistance>
    </quality>
    <evaluationMode>manual</evaluationMode>
    <creationInfo>
      <agencyURI>smi:smi-registry/organization/EMSC</agencyURI>
      <authorURI>smi:smi-registry/organization/EMSC</authorURI>
    </creationInfo>
    <originUncertainty>
      <azimuthMaxHorizontalUncertainty>-99</azimuthMaxHorizontalUncertainty>
    </originUncertainty>
  </origin>
  <magnitude publicID="quakeml:eu.emsc/event/20020612_0000003/origin/1413626/mag/2">
    <mag>
      <value>2.4</value>
    </mag>
    <type>mb</type>
    <originID>quakeml:eu.emsc/event/20020612_0000003/origin/1413626</originID>
    <stationCount>11</stationCount>
    <creationInfo>
      <agencyURI>smi:smi-registry/organization/EMSC</agencyURI>
      <authorURI>smi:smi-registry/organization/EMSC</authorURI>
    </creationInfo>
  </magnitude>
</event>
<event publicID="quakeml:eu.emsc/event/20020612_0000015">
  <preferredOriginID>quakeml:eu.emsc/event/20020612_0000015/origin/1536152</preferredOriginID>
  <preferredMagnitudeID>quakeml:eu.emsc/event/20020612_0000015/origin/1536152/mag/2</preferredMagnitudeID>
  <creationInfo>
    <agencyURI>smi:smi-registry/organization/EMSC</agencyURI>
    <authorURI>smi:smi-registry/organization/EMSC</authorURI>
    <creationTime>2014-12-10T21:59:05.736034Z</creationTime>
  </creationInfo>
  <description>
    <text>SPAIN</text>
    <type>Flinn-Engdahl region</type>
  </description>
  <origin publicID="quakeml:eu.emsc/event/20020612_0000015/origin/1536152">
    <time>
      <value>2002-06-12T15:44:03.3Z</value>
      <uncertainty>1.16</uncertainty>
    </time>
    <latitude>
      <value>41.8162</value>
      <uncertainty>9.4</uncertainty>
    </latitude>
    <longitude>
      <value>2.7351</value>
      <uncertainty>4.8</uncertainty>
    </longitude>
    <depth>
      <value>10500.0</value>
      <uncertainty>2.4</uncertainty>
    </depth>
    <depthType>from location</depthType>
    <methodID>smi:eu.emsc-csem/origin_method/NA</methodID>
    <quality>
      <usedPhaseCount>13</usedPhaseCount>
      <usedStationCount>9</usedStationCount>
      <standardError>0.31</standardError>
      <azimuthalGap>240</azimuthalGap>
      <minimumDistance>0.23</minimumDistance>
      <maximumDistance>2.11</maximumDistance>
    </quality>
    <evaluationMode>manual</evaluationMode>
    <creationInfo>
      <agencyURI>smi:smi-registry/organization/EMSC</agencyURI>
      <authorURI>smi:smi-registry/organization/EMSC</authorURI>
    </creationInfo>
    <originUncertainty>
      <azimuthMaxHorizontalUncertainty>121</azimuthMaxHorizontalUncertainty>
    </originUncertainty>
  </origin>
  <magnitude publicID="quakeml:eu.emsc/event/20020612_0000015/origin/1536152/mag/2">
    <mag>
      <value>1.6</value>
    </mag>
    <type>mb</type>
    <originID>quakeml:eu.emsc/event/20020612_0000015/origin/1536152</originID>
    <stationCount>6</stationCount>
    <creationInfo>
      <agencyURI>smi:smi-registry/organization/EMSC</agencyURI>
      <authorURI>smi:smi-registry/organization/EMSC</authorURI>
    </creationInfo>
  </magnitude>
</event>
<event publicID="quakeml:eu.emsc/event/20020612_0000009">
  <preferredOriginID>quakeml:eu.emsc/event/20020612_0000009/origin/1403881</preferredOriginID>
  <preferredMagnitudeID>quakeml:eu.emsc/event/20020612_0000009/origin/1403881/mag/1</preferredMagnitudeID>
  <creationInfo>
    <agencyURI>smi:smi-registry/organization/EMSC</agencyURI>
    <authorURI>smi:smi-registry/organization/EMSC</authorURI>
    <creationTime>2014-12-03T15:21:26.12696Z</creationTime>
  </creationInfo>
  <description>
    <text>SPAIN</text>
    <type>Flinn-Engdahl region</type>
  </description>
  <origin publicID="quakeml:eu.emsc/event/20020612_0000009/origin/1403881">
    <time>
      <value>2002-06-12T15:42:54.6Z</value>
      <uncertainty>0.24</uncertainty>
    </time>
    <latitude>
      <value>41.8482</value>
      <uncertainty>4.2</uncertainty>
    </latitude>
    <longitude>
      <value>2.7561</value>
      <uncertainty>2.6</uncertainty>
    </longitude>
    <depth>
      <value>19500.0</value>
    </depth>
    <depthType>from location</depthType>
    <methodID>smi:eu.emsc-csem/origin_method/NA</methodID>
    <quality>
      <usedPhaseCount>33</usedPhaseCount>
      <usedStationCount>19</usedStationCount>
      <standardError>1.39</standardError>
      <azimuthalGap>205</azimuthalGap>
      <minimumDistance>0.25</minimumDistance>
      <maximumDistance>3.12</maximumDistance>
    </quality>
    <evaluationMode>manual</evaluationMode>
    <creationInfo>
      <agencyURI>smi:smi-registry/organization/EMSC</agencyURI>
      <authorURI>smi:smi-registry/organization/EMSC</authorURI>
    </creationInfo>
    <originUncertainty>
      <azimuthMaxHorizontalUncertainty>141</azimuthMaxHorizontalUncertainty>
    </originUncertainty>
  </origin>
  <magnitude publicID="quakeml:eu.emsc/event/20020612_0000009/origin/1403881/mag/1">
    <mag>
      <value>2.5</value>
      <uncertainty>0.3</uncertainty>
    </mag>
    <type>ML</type>
    <originID>quakeml:eu.emsc/event/20020612_0000009/origin/1403881</originID>
    <stationCount>12</stationCount>
    <creationInfo>
      <agencyURI>smi:smi-registry/organization/EMSC</agencyURI>
      <authorURI>smi:smi-registry/organization/EMSC</authorURI>
    </creationInfo>
  </magnitude>
</event>
<event publicID="quakeml:eu.emsc/event/20020612_0000013">
  <preferredOriginID>quakeml:eu.emsc/event/20020612_0000013/origin/1403715</preferredOriginID>
  <preferredMagnitudeID>quakeml:eu.emsc/event/20020612_0000013/origin/1403715/mag/1</preferredMagnitudeID>
  <creationInfo>
    <agencyURI>smi:smi-registry/organization/EMSC</agencyURI>
    <authorURI>smi:smi-registry/organization/EMSC</authorURI>
    <creationTime>2014-12-03T16:48:08.492187Z</creationTime>
  </creationInfo>
  <description>
    <text>FRANCE</text>
    <type>Flinn-Engdahl region</type>
  </description>
  <origin publicID="quakeml:eu.emsc/event/20020612_0000013/origin/1403715">
    <time>
      <value>2002-06-12T10:09:10.3Z</value>
      <uncertainty>0.25</uncertainty>
    </time>
    <latitude>
      <value>43.9042</value>
      <uncertainty>5.5</uncertainty>
    </latitude>
    <longitude>
      <value>2.0825</value>
      <uncertainty>4.4</uncertainty>
    </longitude>
    <depth>
      <value>15000</value>
    </depth>
    <depthType>from location</depthType>
    <methodID>smi:eu.emsc-csem/origin_method/NA</methodID>
    <quality>
      <usedPhaseCount>23</usedPhaseCount>
      <usedStationCount>11</usedStationCount>
      <standardError>1.05</standardError>
      <azimuthalGap>88</azimuthalGap>
      <minimumDistance>0.57</minimumDistance>
      <maximumDistance>2.34</maximumDistance>
    </quality>
    <evaluationMode>manual</evaluationMode>
    <creationInfo>
      <agencyURI>smi:smi-registry/organization/EMSC</agencyURI>
      <authorURI>smi:smi-registry/organization/EMSC</authorURI>
    </creationInfo>
    <originUncertainty>
      <azimuthMaxHorizontalUncertainty>110</azimuthMaxHorizontalUncertainty>
    </originUncertainty>
  </origin>
  <magnitude publicID="quakeml:eu.emsc/event/20020612_0000013/origin/1403715/mag/1">
    <mag>
      <value>2.6</value>
      <uncertainty>0.4</uncertainty>
    </mag>
    <type>ML</type>
    <originID>quakeml:eu.emsc/event/20020612_0000013/origin/1403715</originID>
    <stationCount>7</stationCount>
    <creationInfo>
      <agencyURI>smi:smi-registry/organization/EMSC</agencyURI>
      <authorURI>smi:smi-registry/organization/EMSC</authorURI>
    </creationInfo>
  </magnitude>
</event>
<event publicID="quakeml:eu.emsc/event/20020612_0000006">
  <preferredOriginID>quakeml:eu.emsc/event/20020612_0000006/origin/1536150</preferredOriginID>
  <preferredMagnitudeID>quakeml:eu.emsc/event/20020612_0000006/origin/1536150/mag/2</preferredMagnitudeID>
  <creationInfo>
    <agencyURI>smi:smi-registry/organization/EMSC</agencyURI>
    <authorURI>smi:smi-registry/organization/EMSC</authorURI>
    <creationTime>2014-12-10T21:59:05.24279Z</creationTime>
  </creationInfo>
  <description>
    <text>GERMANY</text>
    <type>Flinn-Engdahl region</type>
  </description>
  <origin publicID="quakeml:eu.emsc/event/20020612_0000006/origin/1536150">
    <time>
      <value>2002-06-12T08:23:24.6Z</value>
      <uncertainty>0.26</uncertainty>
    </time>
    <latitude>
      <value>50.8867</value>
    </latitude>
    <longitude>
      <value>6.1028</value>
    </longitude>
    <depth>
      <value>16600.0</value>
      <uncertainty>0.8</uncertainty>
    </depth>
    <depthType>from location</depthType>
    <methodID>smi:eu.emsc-csem/origin_method/NA</methodID>
    <quality>
      <usedPhaseCount>14</usedPhaseCount>
      <usedStationCount>8</usedStationCount>
      <azimuthalGap>287</azimuthalGap>
      <minimumDistance>0.28</minimumDistance>
      <maximumDistance>1.22</maximumDistance>
    </quality>
    <evaluationMode>manual</evaluationMode>
    <creationInfo>
      <agencyURI>smi:smi-registry/organization/EMSC</agencyURI>
      <authorURI>smi:smi-registry/organization/EMSC</authorURI>
    </creationInfo>
  </origin>
  <magnitude publicID="quakeml:eu.emsc/event/20020612_0000006/origin/1536150/mag/2">
    <mag>
      <value>2.1</value>
    </mag>
    <type>ML</type>
    <originID>quakeml:eu.emsc/event/20020612_0000006/origin/1536150</originID>
    <creationInfo>
      <agencyURI>smi:smi-registry/organization/EMSC</agencyURI>
      <authorURI>smi:smi-registry/organization/EMSC</authorURI>
    </creationInfo>
  </magnitude>
</event>
<event publicID="quakeml:eu.emsc/event/20020612_0000002">
  <preferredOriginID>quakeml:eu.emsc/event/20020612_0000002/origin/1404517</preferredOriginID>
  <preferredMagnitudeID>quakeml:eu.emsc/event/20020612_0000002/origin/1404517/mag/2</preferredMagnitudeID>
  <creationInfo>
    <agencyURI>smi:smi-registry/organization/EMSC</agencyURI>
    <authorURI>smi:smi-registry/organization/EMSC</authorURI>
    <creationTime>2014-12-03T11:44:56.41891Z</creationTime>
  </creationInfo>
  <description>
    <text>SOUTHERN ITALY</text>
    <type>Flinn-Engdahl region</type>
  </description>
  <origin publicID="quakeml:eu.emsc/event/20020612_0000002/origin/1404517">
    <time>
      <value>2002-06-12T05:24:11.8Z</value>
      <uncertainty>0.16</uncertainty>
    </time>
    <latitude>
      <value>39.3277</value>
      <uncertainty>6.5</uncertainty>
    </latitude>
    <longitude>
      <value>15.7877</value>
      <uncertainty>3.4</uncertainty>
    </longitude>
    <depth>
      <value>30000</value>
    </depth>
    <depthType>from location</depthType>
    <methodID>smi:eu.emsc-csem/origin_method/NA</methodID>
    <quality>
      <usedPhaseCount>39</usedPhaseCount>
      <usedStationCount>32</usedStationCount>
      <standardError>1.06</standardError>
      <azimuthalGap>94</azimuthalGap>
      <minimumDistance>0.54</minimumDistance>
      <maximumDistance>5.05</maximumDistance>
    </quality>
    <evaluationMode>manual</evaluationMode>
    <creationInfo>
      <agencyURI>smi:smi-registry/organization/EMSC</agencyURI>
      <authorURI>smi:smi-registry/organization/EMSC</authorURI>
    </creationInfo>
    <originUncertainty>
      <azimuthMaxHorizontalUncertainty>109</azimuthMaxHorizontalUncertainty>
    </originUncertainty>
  </origin>
  <magnitude publicID="quakeml:eu.emsc/event/20020612_0000002/origin/1404517/mag/2">
    <mag>
      <value>2.9</value>
    </mag>
    <type>ML</type>
    <originID>quakeml:eu.emsc/event/20020612_0000002/origin/1404517</originID>
    <stationCount>11</stationCount>
    <creationInfo>
      <agencyURI>smi:smi-registry/organization/EMSC</agencyURI>
      <authorURI>smi:smi-registry/organization/EMSC</authorURI>
    </creationInfo>
  </magnitude>
</event>
</eventParameters>
</q:quakeml>
