<?xml version="1.0"?>
<q:quakeml xmlns:q="http://quakeml.org/xmlns/quakeml/1.2"  xmlns="http://quakeml.org/xmlns/bed/1.2">
<eventParameters publicID="smi:eu.emsc/unid">
<event publicID="quakeml:eu.emsc/event/20021116_0000013">
  <preferredOriginID>quakeml:eu.emsc/event/20021116_0000013/origin/1398112</preferredOriginID>
  <preferredMagnitudeID>quakeml:eu.emsc/event/20021116_0000013/origin/1398112/mag/1</preferredMagnitudeID>
  <creationInfo>
    <agencyURI>smi:smi-registry/organization/EMSC</agencyURI>
    <authorURI>smi:smi-registry/organization/EMSC</authorURI>
    <creationTime>2014-12-03T11:40:41.263764Z</creationTime>
  </creationInfo>
  <description>
    <text>MADEIRA ISLANDS, PORTUGAL REGION</text>
    <type>Flinn-Engdahl region</type>
  </description>
  <origin publicID="quakeml:eu.emsc/event/20021116_0000013/origin/1398112">
    <time>
      <value>2002-11-16T22:19:55.7Z</value>
      <uncertainty>0.54</uncertainty>
    </time>
    <latitude>
      <value>34.3905</value>
      <uncertainty>11.2</uncertainty>
    </latitude>
    <longitude>
      <value>-13.5449</value>
      <uncertainty>10.3</uncertainty>
    </longitude>
    <depth>
      <value>2000</value>
    </depth>
    <depthType>from location</depthType>
    <methodID>smi:eu.emsc-csem/origin_method/NA</methodID>
    <quality>
      <usedPhaseCount>38</usedPhaseCount>
      <usedStationCount>26</usedStationCount>
      <standardError>1.12</standardError>
      <azimuthalGap>317</azimuthalGap>
      <minimumDistance>5.02</minimumDistance>
      <maximumDistance>11.14</maximumDistance>
    </quality>
    <evaluationMode>manual</evaluationMode>
    <creationInfo>
      <agencyURI>smi:smi-registry/organization/EMSC</agencyURI>
      <authorURI>smi:smi-registry/organization/EMSC</authorURI>
    </creationInfo>
    <originUncertainty>
      <azimuthMaxHorizontalUncertainty>146</azimuthMaxHorizontalUncertainty>
    </originUncertainty>
  </origin>
  <magnitude publicID="quakeml:eu.emsc/event/20021116_0000013/origin/1398112/mag/1">
    <mag>
      <value>3.3</value>
      <uncertainty>0.2</uncertainty>
    </mag>
    <type>ML</type>
    <originID>quakeml:eu.emsc/event/20021116_0000013/origin/1398112</originID>
    <stationCount>7</stationCount>
    <creationInfo>
      <agencyURI>smi:smi-registry/organization/EMSC</agencyURI>
      <authorURI>smi:smi-registry/organization/EMSC</authorURI>
    </creationInfo>
  </magnitude>
</event>
<event publicID="quakeml:eu.emsc/event/20021116_0000012">
  <preferredOriginID>quakeml:eu.emsc/event/20021116_0000012/origin/1402955</preferredOriginID>
  <preferredMagnitudeID>quakeml:eu.emsc/event/20021116_0000012/origin/1402955/mag/2</preferredMagnitudeID>
  <creationInfo>
    <agencyURI>smi:smi-registry/organization/EMSC</agencyURI>
    <authorURI>smi:smi-registry/organization/EMSC</authorURI>
    <creationTime>2014-12-03T10:44:52.253758Z</creationTime>
  </creationInfo>
  <description>
    <text>SOUTHERN ITALY</text>
    <type>Flinn-Engdahl region</type>
  </description>
  <origin publicID="quakeml:eu.emsc/event/20021116_0000012/origin/1402955">
    <time>
      <value>2002-11-16T16:55:52.4Z</value>
      <uncertainty>0.2</uncertainty>
    </time>
    <latitude>
      <value>41.6923</value>
      <uncertainty>4.3</uncertainty>
    </latitude>
    <longitude>
      <value>14.9195</value>
      <uncertainty>3.3</uncertainty>
    </longitude>
    <depth>
      <value>15000</value>
    </depth>
    <depthType>from location</depthType>
    <methodID>smi:eu.emsc-csem/origin_method/NA</methodID>
    <quality>
      <usedPhaseCount>27</usedPhaseCount>
      <usedStationCount>16</usedStationCount>
      <standardError>1.04</standardError>
      <azimuthalGap>72</azimuthalGap>
      <minimumDistance>0.21</minimumDistance>
      <maximumDistance>2.87</maximumDistance>
    </quality>
    <evaluationMode>manual</evaluationMode>
    <creationInfo>
      <agencyURI>smi:smi-registry/organization/EMSC</agencyURI>
      <authorURI>smi:smi-registry/organization/EMSC</authorURI>
    </creationInfo>
    <originUncertainty>
      <azimuthMaxHorizontalUncertainty>173</azimuthMaxHorizontalUncertainty>
    </originUncertainty>
  </origin>
  <magnitude publicID="quakeml:eu.emsc/event/20021116_0000012/origin/1402955/mag/2">
    <mag>
      <value>2.5</value>
    </mag>
    <type>ML</type>
    <originID>quakeml:eu.emsc/event/20021116_0000012/origin/1402955</originID>
    <stationCount>10</stationCount>
    <creationInfo>
      <agencyURI>smi:smi-registry/organization/EMSC</agencyURI>
      <authorURI>smi:smi-registry/organization/EMSC</authorURI>
    </creationInfo>
  </magnitude>
</event>
<event publicID="quakeml:eu.emsc/event/20021116_0000016">
  <preferredOriginID>quakeml:eu.emsc/event/20021116_0000016/origin/1416387</preferredOriginID>
  <preferredMagnitudeID>quakeml:eu.emsc/event/20021116_0000016/origin/1416387/mag/2</preferredMagnitudeID>
  <creationInfo>
    <agencyURI>smi:smi-registry/organization/EMSC</agencyURI>
    <authorURI>smi:smi-registry/organization/EMSC</authorURI>
    <creationTime>2014-12-10T18:41:13.312707Z</creationTime>
  </creationInfo>
  <description>
    <text>NORTHERN ITALY</text>
    <type>Flinn-Engdahl region</type>
  </description>
  <origin publicID="quakeml:eu.emsc/event/20021116_0000016/origin/1416387">
    <time>
      <value>2002-11-16T16:21:47.2Z</value>
    </time>
    <latitude>
      <value>44.4373</value>
      <uncertainty>9999.9</uncertainty>
    </latitude>
    <longitude>
      <value>9.9113</value>
      <uncertainty>9999.9</uncertainty>
    </longitude>
    <depth>
      <value>10400.0</value>
    </depth>
    <depthType>from location</depthType>
    <methodID>smi:eu.emsc-csem/origin_method/NA</methodID>
    <quality>
      <usedPhaseCount>10</usedPhaseCount>
      <usedStationCount>7</usedStationCount>
      <standardError>3.79</standardError>
      <azimuthalGap>160</azimuthalGap>
      <minimumDistance>0.06</minimumDistance>
      <maximumDistance>0.67</maximumDistance>
    </quality>
    <evaluationMode>manual</evaluationMode>
    <creationInfo>
      <agencyURI>smi:smi-registry/organization/EMSC</agencyURI>
      <authorURI>smi:smi-registry/organization/EMSC</authorURI>
    </creationInfo>
    <originUncertainty>
      <azimuthMaxHorizontalUncertainty>-99</azimuthMaxHorizontalUncertainty>
    </originUncertainty>
  </origin>
  <magnitude publicID="quakeml:eu.emsc/event/20021116_0000016/origin/1416387/mag/2">
    <mag>
      <value>1.8</value>
    </mag>
    <type>ML</type>
    <originID>quakeml:eu.emsc/event/20021116_0000016/origin/1416387</originID>
    <creationInfo>
      <agencyURI>smi:smi-registry/organization/EMSC</agencyURI>
      <authorURI>smi:smi-registry/organization/EMSC</authorURI>
    </creationInfo>
  </magnitude>
</event>
<event publicID="quakeml:eu.emsc/event/20021116_0000014">
  <preferredOriginID>quakeml:eu.emsc/event/20021116_0000014/origin/1397226</preferredOriginID>
  <preferredMagnitudeID>quakeml:eu.emsc/event/20021116_0000014/origin/1397226/mag/2</preferredMagnitudeID>
  <creationInfo>
    <agencyURI>smi:smi-registry/organization/EMSC</agencyURI>
    <authorURI>smi:smi-registry/organization/EMSC</authorURI>
    <creationTime>2014-12-03T10:33:50.341791Z</creationTime>
  </creationInfo>
  <description>
    <text>CYPRUS REGION</text>
    <type>Flinn-Engdahl region</type>
  </description>
  <origin publicID="quakeml:eu.emsc/event/20021116_0000014/origin/1397226">
    <time>
      <value>2002-11-16T09:25:39.6Z</value>
      <uncertainty>0.23</uncertainty>
    </time>
    <latitude>
      <value>34.5769</value>
      <uncertainty>5.8</uncertainty>
    </latitude>
    <longitude>
      <value>34.1126</value>
      <uncertainty>4.7</uncertainty>
    </longitude>
    <depth>
      <value>15000</value>
    </depth>
    <depthType>from location</depthType>
    <methodID>smi:eu.emsc-csem/origin_method/NA</methodID>
    <quality>
      <usedPhaseCount>23</usedPhaseCount>
      <usedStationCount>16</usedStationCount>
      <standardError>1</standardError>
      <azimuthalGap>95</azimuthalGap>
      <minimumDistance>0.43</minimumDistance>
      <maximumDistance>21.01</maximumDistance>
    </quality>
    <evaluationMode>manual</evaluationMode>
    <creationInfo>
      <agencyURI>smi:smi-registry/organization/EMSC</agencyURI>
      <authorURI>smi:smi-registry/organization/EMSC</authorURI>
    </creationInfo>
    <originUncertainty>
      <azimuthMaxHorizontalUncertainty>44</azimuthMaxHorizontalUncertainty>
    </originUncertainty>
  </origin>
  <magnitude publicID="quakeml:eu.emsc/event/20021116_0000014/origin/1397226/mag/2">
    <mag>
      <value>3.6</value>
    </mag>
    <type>ML</type>
    <originID>quakeml:eu.emsc/event/20021116_0000014/origin/1397226</originID>
    <creationInfo>
      <agencyURI>smi:smi-registry/organization/EMSC</agencyURI>
      <authorURI>smi:smi-registry/organization/EMSC</authorURI>
    </creationInfo>
  </magnitude>
</event>
<event publicID="quakeml:eu.emsc/event/20021116_0000010">
  <preferredOriginID>quakeml:eu.emsc/event/20021116_0000010/origin/1411146</preferredOriginID>
  <preferredMagnitudeID>quakeml:eu.emsc/event/20021116_0000010/origin/1411146/mag/2</preferredMagnitudeID>
  <creationInfo>
    <agencyURI>smi:smi-registry/organization/EMSC</agencyURI>
    <authorURI>smi:smi-registry/organization/EMSC</authorURI>
    <creationTime>2014-12-10T15:30:59.78867Z</creationTime>
  </creationInfo>
  <description>
    <text>WESTERN TURKEY</text>
    <type>Flinn-Engdahl region</type>
  </description>
  <origin publicID="quakeml:eu.emsc/event/20021116_0000010/origin/1411146">
    <time>
      <value>2002-11-16T08:56:23.7Z</value>
    </time>
    <latitude>
      <value>40.329</value>
      <uncertainty>9999.9</uncertainty>
    </latitude>
    <longitude>
      <value>29.22</value>
      <uncertainty>9999.9</uncertainty>
    </longitude>
    <depth>
      <value>9000</value>
    </depth>
    <depthType>from location</depthType>
    <methodID>smi:eu.emsc-csem/origin_method/NA</methodID>
    <quality>
      <usedPhaseCount>17</usedPhaseCount>
      <usedStationCount>15</usedStationCount>
      <standardError>0.78</standardError>
      <azimuthalGap>62</azimuthalGap>
      <minimumDistance>0.26</minimumDistance>
      <maximumDistance>2.51</maximumDistance>
    </quality>
    <evaluationMode>manual</evaluationMode>
    <creationInfo>
      <agencyURI>smi:smi-registry/organization/EMSC</agencyURI>
      <authorURI>smi:smi-registry/organization/EMSC</authorURI>
    </creationInfo>
    <originUncertainty>
      <azimuthMaxHorizontalUncertainty>-99</azimuthMaxHorizontalUncertainty>
    </originUncertainty>
  </origin>
  <magnitude publicID="quakeml:eu.emsc/event/20021116_0000010/origin/1411146/mag/2">
    <mag>
      <value>2.9</value>
    </mag>
    <type>MD</type>
    <originID>quakeml:eu.emsc/event/20021116_0000010/origin/1411146</originID>
    <creationInfo>
      <agencyURI>smi:smi-registry/organization/EMSC</agencyURI>
      <authorURI>smi:smi-registry/organization/EMSC</authorURI>
    </creationInfo>
  </magnitude>
</event>
<event publicID="quakeml:eu.emsc/event/20021116_0000008">
  <preferredOriginID>quakeml:eu.emsc/event/20021116_0000008/origin/1398120</preferredOriginID>
  <preferredMagnitudeID>quakeml:eu.emsc/event/20021116_0000008/origin/1398120/mag/2</preferredMagnitudeID>
  <creationInfo>
    <agencyURI>smi:smi-registry/organization/EMSC</agencyURI>
    <authorURI>smi:smi-registry/organization/EMSC</authorURI>
    <creationTime>2014-12-03T11:28:02.869776Z</creationTime>
  </creationInfo>
  <description>
    <text>AEGEAN SEA</text>
    <type>Flinn-Engdahl region</type>
  </description>
  <origin publicID="quakeml:eu.emsc/event/20021116_0000008/origin/1398120">
    <time>
      <value>2002-11-16T06:14:17.9Z</value>
      <uncertainty>0.88</uncertainty>
    </time>
    <latitude>
      <value>38.8065</value>
      <uncertainty>11.5</uncertainty>
    </latitude>
    <longitude>
      <value>25.6678</value>
      <uncertainty>9.7</uncertainty>
    </longitude>
    <depth>
      <value>8600.0</value>
      <uncertainty>8.1</uncertainty>
    </depth>
    <depthType>from location</depthType>
    <methodID>smi:eu.emsc-csem/origin_method/NA</methodID>
    <quality>
      <usedPhaseCount>14</usedPhaseCount>
      <usedStationCount>13</usedStationCount>
      <standardError>1.13</standardError>
      <azimuthalGap>53</azimuthalGap>
      <minimumDistance>0.64</minimumDistance>
      <maximumDistance>3</maximumDistance>
    </quality>
    <evaluationMode>manual</evaluationMode>
    <creationInfo>
      <agencyURI>smi:smi-registry/organization/EMSC</agencyURI>
      <authorURI>smi:smi-registry/organization/EMSC</authorURI>
    </creationInfo>
    <originUncertainty>
      <azimuthMaxHorizontalUncertainty>100</azimuthMaxHorizontalUncertainty>
    </originUncertainty>
  </origin>
  <magnitude publicID="quakeml:eu.emsc/event/20021116_0000008/origin/1398120/mag/2">
    <mag>
      <value>3.4</value>
    </mag>
    <type>ML</type>
    <originID>quakeml:eu.emsc/event/20021116_0000008/origin/1398120</originID>
    <creationInfo>
      <agencyURI>smi:smi-registry/organization/EMSC</agencyURI>
      <authorURI>smi:smi-registry/organization/EMSC</authorURI>
    </creationInfo>
  </magnitude>
</event>
<event publicID="quakeml:eu.emsc/event/20021116_0000007">
  <preferredOriginID>quakeml:eu.emsc/event/20021116_0000007/origin/1402957</preferredOriginID>
  <preferredMagnitudeID>quakeml:eu.emsc/event/20021116_0000007/origin/1402957/mag/2</preferredMagnitudeID>
  <creationInfo>
    <agencyURI>smi:smi-registry/organization/EMSC</agencyURI>
    <authorURI>smi:smi-registry/organization/EMSC</authorURI>
    <creationTime>2014-12-03T11:02:12.152095Z</creationTime>
  </creationInfo>
  <description>
    <text>AEGEAN SEA</text>
    <type>Flinn-Engdahl region</type>
  </description>
  <origin publicID="quakeml:eu.emsc/event/20021116_0000007/origin/1402957">
    <time>
      <value>2002-11-16T04:49:59.4Z</value>
      <uncertainty>0.33</uncertainty>
    </time>
    <latitude>
      <value>39.489</value>
      <uncertainty>6.8</uncertainty>
    </latitude>
    <longitude>
      <value>23.8166</value>
      <uncertainty>5.3</uncertainty>
    </longitude>
    <depth>
      <value>2000</value>
    </depth>
    <depthType>from location</depthType>
    <methodID>smi:eu.emsc-csem/origin_method/NA</methodID>
    <quality>
      <usedPhaseCount>28</usedPhaseCount>
      <usedStationCount>18</usedStationCount>
      <standardError>1.15</standardError>
      <azimuthalGap>106</azimuthalGap>
      <minimumDistance>0.32</minimumDistance>
      <maximumDistance>3.07</maximumDistance>
    </quality>
    <evaluationMode>manual</evaluationMode>
    <creationInfo>
      <agencyURI>smi:smi-registry/organization/EMSC</agencyURI>
      <authorURI>smi:smi-registry/organization/EMSC</authorURI>
    </creationInfo>
    <originUncertainty>
      <azimuthMaxHorizontalUncertainty>124</azimuthMaxHorizontalUncertainty>
    </originUncertainty>
  </origin>
  <magnitude publicID="quakeml:eu.emsc/event/20021116_0000007/origin/1402957/mag/2">
    <mag>
      <value>3.2</value>
    </mag>
    <type>ML</type>
    <originID>quakeml:eu.emsc/event/20021116_0000007/origin/1402957</originID>
    <creationInfo>
      <agencyURI>smi:smi-registry/organization/EMSC</agencyURI>
      <authorURI>smi:smi-registry/organization/EMSC</authorURI>
    </creationInfo>
  </magnitude>
</event>
<event publicID="quakeml:eu.emsc/event/20021116_0000006">
  <preferredOriginID>quakeml:eu.emsc/event/20021116_0000006/origin/1398123</preferredOriginID>
  <preferredMagnitudeID>quakeml:eu.emsc/event/20021116_0000006/origin/1398123/mag/2</preferredMagnitudeID>
  <creationInfo>
    <agencyURI>smi:smi-registry/organization/EMSC</agencyURI>
    <authorURI>smi:smi-registry/organization/EMSC</authorURI>
    <creationTime>2014-12-03T10:18:42.47126Z</creationTime>
  </creationInfo>
  <description>
    <text>CRETE, GREECE</text>
    <type>Flinn-Engdahl region</type>
  </description>
  <origin publicID="quakeml:eu.emsc/event/20021116_0000006/origin/1398123">
    <time>
      <value>2002-11-16T04:48:54.3Z</value>
      <uncertainty>0.35</uncertainty>
    </time>
    <latitude>
      <value>34.5163</value>
      <uncertainty>18.1</uncertainty>
    </latitude>
    <longitude>
      <value>26.231</value>
      <uncertainty>7.5</uncertainty>
    </longitude>
    <depth>
      <value>10000</value>
    </depth>
    <depthType>from location</depthType>
    <methodID>smi:eu.emsc-csem/origin_method/NA</methodID>
    <quality>
      <usedPhaseCount>11</usedPhaseCount>
      <usedStationCount>11</usedStationCount>
      <standardError>0.83</standardError>
      <azimuthalGap>164</azimuthalGap>
      <minimumDistance>3.49</minimumDistance>
      <maximumDistance>8.74</maximumDistance>
    </quality>
    <evaluationMode>manual</evaluationMode>
    <creationInfo>
      <agencyURI>smi:smi-registry/organization/EMSC</agencyURI>
      <authorURI>smi:smi-registry/organization/EMSC</authorURI>
    </creationInfo>
    <originUncertainty>
      <azimuthMaxHorizontalUncertainty>76</azimuthMaxHorizontalUncertainty>
    </originUncertainty>
  </origin>
  <magnitude publicID="quakeml:eu.emsc/event/20021116_0000006/origin/1398123/mag/2">
    <mag>
      <value>3.8</value>
    </mag>
    <type>ML</type>
    <originID>quakeml:eu.emsc/event/20021116_0000006/origin/1398123</originID>
    <creationInfo>
      <agencyURI>smi:smi-registry/organization/EMSC</agencyURI>
      <authorURI>smi:smi-registry/organization/EMSC</authorURI>
    </creationInfo>
  </magnitude>
</event>
<event publicID="quakeml:eu.emsc/event/20021116_0000005">
  <preferredOriginID>quakeml:eu.emsc/event/20021116_0000005/origin/1398127</preferredOriginID>
  <preferredMagnitudeID>quakeml:eu.emsc/event/20021116_0000005/origin/1398127/mag/2</preferredMagnitudeID>
  <creationInfo>
    <agencyURI>smi:smi-registry/organization/EMSC</agencyURI>
    <authorURI>smi:smi-registry/organization/EMSC</authorURI>
    <creationTime>2014-12-03T11:20:14.411025Z</creationTime>
  </creationInfo>
  <description>
    <text>CRETE, GREECE</text>
    <type>Flinn-Engdahl region</type>
  </description>
  <origin publicID="quakeml:eu.emsc/event/20021116_0000005/origin/1398127">
    <time>
      <value>2002-11-16T04:45:02.2Z</value>
      <uncertainty>0.22</uncertainty>
    </time>
    <latitude>
      <value>34.4262</value>
      <uncertainty>7.9</uncertainty>
    </latitude>
    <longitude>
      <value>26.5884</value>
      <uncertainty>5.3</uncertainty>
    </longitude>
    <depth>
      <value>55100.0</value>
      <uncertainty>4.5</uncertainty>
    </depth>
    <depthType>from location</depthType>
    <methodID>smi:eu.emsc-csem/origin_method/NA</methodID>
    <quality>
      <usedPhaseCount>20</usedPhaseCount>
      <usedStationCount>19</usedStationCount>
      <standardError>0.7</standardError>
      <azimuthalGap>106</azimuthalGap>
      <minimumDistance>2.18</minimumDistance>
      <maximumDistance>35.17</maximumDistance>
    </quality>
    <evaluationMode>manual</evaluationMode>
    <creationInfo>
      <agencyURI>smi:smi-registry/organization/EMSC</agencyURI>
      <authorURI>smi:smi-registry/organization/EMSC</authorURI>
    </creationInfo>
    <originUncertainty>
      <azimuthMaxHorizontalUncertainty>57</azimuthMaxHorizontalUncertainty>
    </originUncertainty>
  </origin>
  <magnitude publicID="quakeml:eu.emsc/event/20021116_0000005/origin/1398127/mag/2">
    <mag>
      <value>4</value>
    </mag>
    <type>MD</type>
    <originID>quakeml:eu.emsc/event/20021116_0000005/origin/1398127</originID>
    <creationInfo>
      <agencyURI>smi:smi-registry/organization/EMSC</agencyURI>
      <authorURI>smi:smi-registry/organization/EMSC</authorURI>
    </creationInfo>
  </magnitude>
</event>
<event publicID="quakeml:eu.emsc/event/20021116_0000004">
  <preferredOriginID>quakeml:eu.emsc/event/20021116_0000004/origin/1402962</preferredOriginID>
  <preferredMagnitudeID>quakeml:eu.emsc/event/20021116_0000004/origin/1402962/mag/2</preferredMagnitudeID>
  <creationInfo>
    <agencyURI>smi:smi-registry/organization/EMSC</agencyURI>
    <authorURI>smi:smi-registry/organization/EMSC</authorURI>
    <creationTime>2014-12-03T11:41:20.797861Z</creationTime>
  </creationInfo>
  <description>
    <text>SOUTHERN ITALY</text>
    <type>Flinn-Engdahl region</type>
  </description>
  <origin publicID="quakeml:eu.emsc/event/20021116_0000004/origin/1402962">
    <time>
      <value>2002-11-16T04:30:48.1Z</value>
      <uncertainty>0.13</uncertainty>
    </time>
    <latitude>
      <value>41.7101</value>
      <uncertainty>3.7</uncertainty>
    </latitude>
    <longitude>
      <value>14.8064</value>
      <uncertainty>2.9</uncertainty>
    </longitude>
    <depth>
      <value>10000</value>
    </depth>
    <depthType>from location</depthType>
    <methodID>smi:eu.emsc-csem/origin_method/NA</methodID>
    <quality>
      <usedPhaseCount>62</usedPhaseCount>
      <usedStationCount>43</usedStationCount>
      <standardError>1.07</standardError>
      <azimuthalGap>65</azimuthalGap>
      <minimumDistance>0.39</minimumDistance>
      <maximumDistance>9.66</maximumDistance>
    </quality>
    <evaluationMode>manual</evaluationMode>
    <creationInfo>
      <agencyURI>smi:smi-registry/organization/EMSC</agencyURI>
      <authorURI>smi:smi-registry/organization/EMSC</authorURI>
    </creationInfo>
    <originUncertainty>
      <azimuthMaxHorizontalUncertainty>27</azimuthMaxHorizontalUncertainty>
    </originUncertainty>
  </origin>
  <magnitude publicID="quakeml:eu.emsc/event/20021116_0000004/origin/1402962/mag/2">
    <mag>
      <value>3</value>
    </mag>
    <type>ML</type>
    <originID>quakeml:eu.emsc/event/20021116_0000004/origin/1402962</originID>
    <stationCount>7</stationCount>
    <creationInfo>
      <agencyURI>smi:smi-registry/organization/EMSC</agencyURI>
      <authorURI>smi:smi-registry/organization/EMSC</authorURI>
    </creationInfo>
  </magnitude>
</event>
<event publicID="quakeml:eu.emsc/event/20021116_0000003">
  <preferredOriginID>quakeml:eu.emsc/event/20021116_0000003/origin/1398129</preferredOriginID>
  <preferredMagnitudeID>quakeml:eu.emsc/event/20021116_0000003/origin/1398129/mag/2</preferredMagnitudeID>
  <creationInfo>
    <agencyURI>smi:smi-registry/organization/EMSC</agencyURI>
    <authorURI>smi:smi-registry/organization/EMSC</authorURI>
    <creationTime>2014-12-03T11:33:04.672303Z</creationTime>
  </creationInfo>
  <description>
    <text>WESTERN TURKEY</text>
    <type>Flinn-Engdahl region</type>
  </description>
  <origin publicID="quakeml:eu.emsc/event/20021116_0000003/origin/1398129">
    <time>
      <value>2002-11-16T04:26:53.1Z</value>
      <uncertainty>0.39</uncertainty>
    </time>
    <latitude>
      <value>38.111</value>
      <uncertainty>11.4</uncertainty>
    </latitude>
    <longitude>
      <value>30.0768</value>
      <uncertainty>7.7</uncertainty>
    </longitude>
    <depth>
      <value>15000</value>
    </depth>
    <depthType>from location</depthType>
    <methodID>smi:eu.emsc-csem/origin_method/NA</methodID>
    <quality>
      <usedPhaseCount>10</usedPhaseCount>
      <usedStationCount>7</usedStationCount>
      <standardError>1.29</standardError>
      <azimuthalGap>117</azimuthalGap>
      <minimumDistance>0.45</minimumDistance>
      <maximumDistance>13.99</maximumDistance>
    </quality>
    <evaluationMode>manual</evaluationMode>
    <creationInfo>
      <agencyURI>smi:smi-registry/organization/EMSC</agencyURI>
      <authorURI>smi:smi-registry/organization/EMSC</authorURI>
    </creationInfo>
    <originUncertainty>
      <azimuthMaxHorizontalUncertainty>16</azimuthMaxHorizontalUncertainty>
    </originUncertainty>
  </origin>
  <magnitude publicID="quakeml:eu.emsc/event/20021116_0000003/origin/1398129/mag/2">
    <mag>
      <value>2.8</value>
    </mag>
    <type>MD</type>
    <originID>quakeml:eu.emsc/event/20021116_0000003/origin/1398129</originID>
    <creationInfo>
      <agencyURI>smi:smi-registry/organization/EMSC</agencyURI>
      <authorURI>smi:smi-registry/organization/EMSC</authorURI>
    </creationInfo>
  </magnitude>
</event>
<event publicID="quakeml:eu.emsc/event/20021116_0000001">
  <preferredOriginID>quakeml:eu.emsc/event/20021116_0000001/origin/1398137</preferredOriginID>
  <preferredMagnitudeID>quakeml:eu.emsc/event/20021116_0000001/origin/1398137/mag/2</preferredMagnitudeID>
  <creationInfo>
    <agencyURI>smi:smi-registry/organization/EMSC</agencyURI>
    <authorURI>smi:smi-registry/organization/EMSC</authorURI>
    <creationTime>2014-12-03T11:17:21.120129Z</creationTime>
  </creationInfo>
  <description>
    <text>EASTERN MEDITERRANEAN SEA</text>
    <type>Flinn-Engdahl region</type>
  </description>
  <origin publicID="quakeml:eu.emsc/event/20021116_0000001/origin/1398137">
    <time>
      <value>2002-11-16T02:35:19.7Z</value>
      <uncertainty>0.16</uncertainty>
    </time>
    <latitude>
      <value>35.3903</value>
      <uncertainty>6</uncertainty>
    </latitude>
    <longitude>
      <value>29.5606</value>
      <uncertainty>4.2</uncertainty>
    </longitude>
    <depth>
      <value>40000</value>
    </depth>
    <depthType>from location</depthType>
    <methodID>smi:eu.emsc-csem/origin_method/NA</methodID>
    <quality>
      <usedPhaseCount>36</usedPhaseCount>
      <usedStationCount>34</usedStationCount>
      <standardError>0.95</standardError>
      <azimuthalGap>58</azimuthalGap>
      <minimumDistance>0.73</minimumDistance>
      <maximumDistance>40.64</maximumDistance>
    </quality>
    <evaluationMode>manual</evaluationMode>
    <creationInfo>
      <agencyURI>smi:smi-registry/organization/EMSC</agencyURI>
      <authorURI>smi:smi-registry/organization/EMSC</authorURI>
    </creationInfo>
    <originUncertainty>
      <azimuthMaxHorizontalUncertainty>69</azimuthMaxHorizontalUncertainty>
    </originUncertainty>
  </origin>
  <magnitude publicID="quakeml:eu.emsc/event/20021116_0000001/origin/1398137/mag/2">
    <mag>
      <value>4</value>
    </mag>
    <type>MD</type>
    <originID>quakeml:eu.emsc/event/20021116_0000001/origin/1398137</originID>
    <creationInfo>
      <agencyURI>smi:smi-registry/organization/EMSC</agencyURI>
      <authorURI>smi:smi-registry/organization/EMSC</authorURI>
    </creationInfo>
  </magnitude>
</event>
</eventParameters>
</q:quakeml>
