<?xml version="1.0"?>
<q:quakeml xmlns:q="http://quakeml.org/xmlns/quakeml/1.2"  xmlns="http://quakeml.org/xmlns/bed/1.2">
<eventParameters publicID="smi:eu.emsc/unid">
<event publicID="quakeml:eu.emsc/event/20020502_0000015">
  <preferredOriginID>quakeml:eu.emsc/event/20020502_0000015/origin/1414172</preferredOriginID>
  <preferredMagnitudeID>quakeml:eu.emsc/event/20020502_0000015/origin/1414172/mag/2</preferredMagnitudeID>
  <creationInfo>
    <agencyURI>smi:smi-registry/organization/EMSC</agencyURI>
    <authorURI>smi:smi-registry/organization/EMSC</authorURI>
    <creationTime>2014-12-10T16:25:46.874138Z</creationTime>
  </creationInfo>
  <description>
    <text>WESTERN TURKEY</text>
    <type>Flinn-Engdahl region</type>
  </description>
  <origin publicID="quakeml:eu.emsc/event/20020502_0000015/origin/1414172">
    <time>
      <value>2002-05-02T22:17:37.8Z</value>
    </time>
    <latitude>
      <value>38.62</value>
      <uncertainty>9999.9</uncertainty>
    </latitude>
    <longitude>
      <value>30.751</value>
      <uncertainty>9999.9</uncertainty>
    </longitude>
    <depth>
      <value>10000</value>
    </depth>
    <depthType>from location</depthType>
    <methodID>smi:eu.emsc-csem/origin_method/NA</methodID>
    <quality>
      <usedPhaseCount>8</usedPhaseCount>
      <usedStationCount>6</usedStationCount>
      <standardError>1.27</standardError>
      <azimuthalGap>118</azimuthalGap>
      <minimumDistance>0.66</minimumDistance>
      <maximumDistance>1.88</maximumDistance>
    </quality>
    <evaluationMode>manual</evaluationMode>
    <creationInfo>
      <agencyURI>smi:smi-registry/organization/EMSC</agencyURI>
      <authorURI>smi:smi-registry/organization/EMSC</authorURI>
    </creationInfo>
    <originUncertainty>
      <azimuthMaxHorizontalUncertainty>-99</azimuthMaxHorizontalUncertainty>
    </originUncertainty>
  </origin>
  <magnitude publicID="quakeml:eu.emsc/event/20020502_0000015/origin/1414172/mag/2">
    <mag>
      <value>3.1</value>
    </mag>
    <type>MD</type>
    <originID>quakeml:eu.emsc/event/20020502_0000015/origin/1414172</originID>
    <creationInfo>
      <agencyURI>smi:smi-registry/organization/EMSC</agencyURI>
      <authorURI>smi:smi-registry/organization/EMSC</authorURI>
    </creationInfo>
  </magnitude>
</event>
<event publicID="quakeml:eu.emsc/event/20020502_0000014">
  <preferredOriginID>quakeml:eu.emsc/event/20020502_0000014/origin/1414174</preferredOriginID>
  <preferredMagnitudeID>quakeml:eu.emsc/event/20020502_0000014/origin/1414174/mag/2</preferredMagnitudeID>
  <creationInfo>
    <agencyURI>smi:smi-registry/organization/EMSC</agencyURI>
    <authorURI>smi:smi-registry/organization/EMSC</authorURI>
    <creationTime>2014-12-10T16:25:41.793163Z</creationTime>
  </creationInfo>
  <description>
    <text>WESTERN TURKEY</text>
    <type>Flinn-Engdahl region</type>
  </description>
  <origin publicID="quakeml:eu.emsc/event/20020502_0000014/origin/1414174">
    <time>
      <value>2002-05-02T22:08:49.9Z</value>
    </time>
    <latitude>
      <value>38.619</value>
      <uncertainty>9999.9</uncertainty>
    </latitude>
    <longitude>
      <value>30.79</value>
      <uncertainty>9999.9</uncertainty>
    </longitude>
    <depth>
      <value>5000</value>
    </depth>
    <depthType>from location</depthType>
    <methodID>smi:eu.emsc-csem/origin_method/NA</methodID>
    <quality>
      <usedPhaseCount>10</usedPhaseCount>
      <usedStationCount>8</usedStationCount>
      <standardError>0.85</standardError>
      <azimuthalGap>114</azimuthalGap>
      <minimumDistance>0.69</minimumDistance>
      <maximumDistance>2.4</maximumDistance>
    </quality>
    <evaluationMode>manual</evaluationMode>
    <creationInfo>
      <agencyURI>smi:smi-registry/organization/EMSC</agencyURI>
      <authorURI>smi:smi-registry/organization/EMSC</authorURI>
    </creationInfo>
    <originUncertainty>
      <azimuthMaxHorizontalUncertainty>-99</azimuthMaxHorizontalUncertainty>
    </originUncertainty>
  </origin>
  <magnitude publicID="quakeml:eu.emsc/event/20020502_0000014/origin/1414174/mag/2">
    <mag>
      <value>3</value>
    </mag>
    <type>MD</type>
    <originID>quakeml:eu.emsc/event/20020502_0000014/origin/1414174</originID>
    <creationInfo>
      <agencyURI>smi:smi-registry/organization/EMSC</agencyURI>
      <authorURI>smi:smi-registry/organization/EMSC</authorURI>
    </creationInfo>
  </magnitude>
</event>
<event publicID="quakeml:eu.emsc/event/20020502_0000018">
  <preferredOriginID>quakeml:eu.emsc/event/20020502_0000018/origin/1404961</preferredOriginID>
  <preferredMagnitudeID>quakeml:eu.emsc/event/20020502_0000018/origin/1404961/mag/1</preferredMagnitudeID>
  <creationInfo>
    <agencyURI>smi:smi-registry/organization/EMSC</agencyURI>
    <authorURI>smi:smi-registry/organization/EMSC</authorURI>
    <creationTime>2014-12-03T15:23:17.656083Z</creationTime>
  </creationInfo>
  <description>
    <text>SPAIN</text>
    <type>Flinn-Engdahl region</type>
  </description>
  <origin publicID="quakeml:eu.emsc/event/20020502_0000018/origin/1404961">
    <time>
      <value>2002-05-02T20:13:26.6Z</value>
      <uncertainty>0.77</uncertainty>
    </time>
    <latitude>
      <value>42.9541</value>
      <uncertainty>13.3</uncertainty>
    </latitude>
    <longitude>
      <value>-2.0371</value>
      <uncertainty>9.8</uncertainty>
    </longitude>
    <depth>
      <value>15000</value>
    </depth>
    <depthType>from location</depthType>
    <methodID>smi:eu.emsc-csem/origin_method/NA</methodID>
    <quality>
      <usedPhaseCount>15</usedPhaseCount>
      <usedStationCount>8</usedStationCount>
      <standardError>0.87</standardError>
      <azimuthalGap>305</azimuthalGap>
      <minimumDistance>0.43</minimumDistance>
      <maximumDistance>3.56</maximumDistance>
    </quality>
    <evaluationMode>manual</evaluationMode>
    <creationInfo>
      <agencyURI>smi:smi-registry/organization/EMSC</agencyURI>
      <authorURI>smi:smi-registry/organization/EMSC</authorURI>
    </creationInfo>
    <originUncertainty>
      <azimuthMaxHorizontalUncertainty>46</azimuthMaxHorizontalUncertainty>
    </originUncertainty>
  </origin>
  <magnitude publicID="quakeml:eu.emsc/event/20020502_0000018/origin/1404961/mag/1">
    <mag>
      <value>2.3</value>
      <uncertainty>0.3</uncertainty>
    </mag>
    <type>ML</type>
    <originID>quakeml:eu.emsc/event/20020502_0000018/origin/1404961</originID>
    <stationCount>4</stationCount>
    <creationInfo>
      <agencyURI>smi:smi-registry/organization/EMSC</agencyURI>
      <authorURI>smi:smi-registry/organization/EMSC</authorURI>
    </creationInfo>
  </magnitude>
</event>
<event publicID="quakeml:eu.emsc/event/20020502_0000013">
  <preferredOriginID>quakeml:eu.emsc/event/20020502_0000013/origin/1414176</preferredOriginID>
  <preferredMagnitudeID>quakeml:eu.emsc/event/20020502_0000013/origin/1414176/mag/2</preferredMagnitudeID>
  <creationInfo>
    <agencyURI>smi:smi-registry/organization/EMSC</agencyURI>
    <authorURI>smi:smi-registry/organization/EMSC</authorURI>
    <creationTime>2014-12-10T16:25:40.149747Z</creationTime>
  </creationInfo>
  <description>
    <text>SOUTHERN GREECE</text>
    <type>Flinn-Engdahl region</type>
  </description>
  <origin publicID="quakeml:eu.emsc/event/20020502_0000013/origin/1414176">
    <time>
      <value>2002-05-02T19:14:05.6Z</value>
    </time>
    <latitude>
      <value>37.52</value>
      <uncertainty>9999.9</uncertainty>
    </latitude>
    <longitude>
      <value>23.39</value>
      <uncertainty>9999.9</uncertainty>
    </longitude>
    <depth>
      <value>0</value>
    </depth>
    <depthType>from location</depthType>
    <methodID>smi:eu.emsc-csem/origin_method/NA</methodID>
    <quality>
      <usedPhaseCount>7</usedPhaseCount>
      <usedStationCount>6</usedStationCount>
      <standardError>4.76</standardError>
      <azimuthalGap>132</azimuthalGap>
      <minimumDistance>0.52</minimumDistance>
      <maximumDistance>2.31</maximumDistance>
    </quality>
    <evaluationMode>manual</evaluationMode>
    <creationInfo>
      <agencyURI>smi:smi-registry/organization/EMSC</agencyURI>
      <authorURI>smi:smi-registry/organization/EMSC</authorURI>
    </creationInfo>
    <originUncertainty>
      <azimuthMaxHorizontalUncertainty>-99</azimuthMaxHorizontalUncertainty>
    </originUncertainty>
  </origin>
  <magnitude publicID="quakeml:eu.emsc/event/20020502_0000013/origin/1414176/mag/2">
    <mag>
      <value>3</value>
    </mag>
    <type>ML</type>
    <originID>quakeml:eu.emsc/event/20020502_0000013/origin/1414176</originID>
    <creationInfo>
      <agencyURI>smi:smi-registry/organization/EMSC</agencyURI>
      <authorURI>smi:smi-registry/organization/EMSC</authorURI>
    </creationInfo>
  </magnitude>
</event>
<event publicID="quakeml:eu.emsc/event/20020502_0000022">
  <preferredOriginID>quakeml:eu.emsc/event/20020502_0000022/origin/1414178</preferredOriginID>
  <preferredMagnitudeID>quakeml:eu.emsc/event/20020502_0000022/origin/1414178/mag/2</preferredMagnitudeID>
  <creationInfo>
    <agencyURI>smi:smi-registry/organization/EMSC</agencyURI>
    <authorURI>smi:smi-registry/organization/EMSC</authorURI>
    <creationTime>2014-12-10T18:36:15.940266Z</creationTime>
  </creationInfo>
  <description>
    <text>PYRENEES</text>
    <type>Flinn-Engdahl region</type>
  </description>
  <origin publicID="quakeml:eu.emsc/event/20020502_0000022/origin/1414178">
    <time>
      <value>2002-05-02T17:43:09.3Z</value>
    </time>
    <latitude>
      <value>42.83</value>
      <uncertainty>9999.9</uncertainty>
    </latitude>
    <longitude>
      <value>0.48</value>
      <uncertainty>9999.9</uncertainty>
    </longitude>
    <depth>
      <value>5000</value>
    </depth>
    <depthType>from location</depthType>
    <methodID>smi:eu.emsc-csem/origin_method/NA</methodID>
    <quality>
      <usedPhaseCount>8</usedPhaseCount>
      <usedStationCount>4</usedStationCount>
      <standardError>0.45</standardError>
      <azimuthalGap>160</azimuthalGap>
      <minimumDistance>0.11</minimumDistance>
      <maximumDistance>0.53</maximumDistance>
    </quality>
    <evaluationMode>manual</evaluationMode>
    <creationInfo>
      <agencyURI>smi:smi-registry/organization/EMSC</agencyURI>
      <authorURI>smi:smi-registry/organization/EMSC</authorURI>
    </creationInfo>
    <originUncertainty>
      <azimuthMaxHorizontalUncertainty>-99</azimuthMaxHorizontalUncertainty>
    </originUncertainty>
  </origin>
  <magnitude publicID="quakeml:eu.emsc/event/20020502_0000022/origin/1414178/mag/2">
    <mag>
      <value>2.1</value>
    </mag>
    <type>ML</type>
    <originID>quakeml:eu.emsc/event/20020502_0000022/origin/1414178</originID>
    <creationInfo>
      <agencyURI>smi:smi-registry/organization/EMSC</agencyURI>
      <authorURI>smi:smi-registry/organization/EMSC</authorURI>
    </creationInfo>
  </magnitude>
</event>
<event publicID="quakeml:eu.emsc/event/20020502_0000011">
  <preferredOriginID>quakeml:eu.emsc/event/20020502_0000011/origin/1405420</preferredOriginID>
  <preferredMagnitudeID>quakeml:eu.emsc/event/20020502_0000011/origin/1405420/mag/2</preferredMagnitudeID>
  <creationInfo>
    <agencyURI>smi:smi-registry/organization/EMSC</agencyURI>
    <authorURI>smi:smi-registry/organization/EMSC</authorURI>
    <creationTime>2014-12-03T11:36:39.286132Z</creationTime>
  </creationInfo>
  <description>
    <text>EASTERN MEDITERRANEAN SEA</text>
    <type>Flinn-Engdahl region</type>
  </description>
  <origin publicID="quakeml:eu.emsc/event/20020502_0000011/origin/1405420">
    <time>
      <value>2002-05-02T11:12:50.1Z</value>
      <uncertainty>0.14</uncertainty>
    </time>
    <latitude>
      <value>35.3576</value>
      <uncertainty>5.4</uncertainty>
    </latitude>
    <longitude>
      <value>28.6054</value>
      <uncertainty>3.5</uncertainty>
    </longitude>
    <depth>
      <value>60000</value>
    </depth>
    <depthType>from location</depthType>
    <methodID>smi:eu.emsc-csem/origin_method/NA</methodID>
    <quality>
      <usedPhaseCount>30</usedPhaseCount>
      <usedStationCount>30</usedStationCount>
      <standardError>0.73</standardError>
      <azimuthalGap>64</azimuthalGap>
      <minimumDistance>0.94</minimumDistance>
      <maximumDistance>7.78</maximumDistance>
    </quality>
    <evaluationMode>manual</evaluationMode>
    <creationInfo>
      <agencyURI>smi:smi-registry/organization/EMSC</agencyURI>
      <authorURI>smi:smi-registry/organization/EMSC</authorURI>
    </creationInfo>
    <originUncertainty>
      <azimuthMaxHorizontalUncertainty>80</azimuthMaxHorizontalUncertainty>
    </originUncertainty>
  </origin>
  <magnitude publicID="quakeml:eu.emsc/event/20020502_0000011/origin/1405420/mag/2">
    <mag>
      <value>3.7</value>
    </mag>
    <type>MD</type>
    <originID>quakeml:eu.emsc/event/20020502_0000011/origin/1405420</originID>
    <creationInfo>
      <agencyURI>smi:smi-registry/organization/EMSC</agencyURI>
      <authorURI>smi:smi-registry/organization/EMSC</authorURI>
    </creationInfo>
  </magnitude>
</event>
<event publicID="quakeml:eu.emsc/event/20020502_0000010">
  <preferredOriginID>quakeml:eu.emsc/event/20020502_0000010/origin/1414180</preferredOriginID>
  <preferredMagnitudeID>quakeml:eu.emsc/event/20020502_0000010/origin/1414180/mag/2</preferredMagnitudeID>
  <creationInfo>
    <agencyURI>smi:smi-registry/organization/EMSC</agencyURI>
    <authorURI>smi:smi-registry/organization/EMSC</authorURI>
    <creationTime>2014-12-10T16:25:33.492524Z</creationTime>
  </creationInfo>
  <description>
    <text>WESTERN TURKEY</text>
    <type>Flinn-Engdahl region</type>
  </description>
  <origin publicID="quakeml:eu.emsc/event/20020502_0000010/origin/1414180">
    <time>
      <value>2002-05-02T09:32:49.9Z</value>
    </time>
    <latitude>
      <value>38.663</value>
      <uncertainty>9999.9</uncertainty>
    </latitude>
    <longitude>
      <value>30.719</value>
      <uncertainty>9999.9</uncertainty>
    </longitude>
    <depth>
      <value>5000</value>
    </depth>
    <depthType>from location</depthType>
    <methodID>smi:eu.emsc-csem/origin_method/NA</methodID>
    <quality>
      <usedPhaseCount>13</usedPhaseCount>
      <usedStationCount>10</usedStationCount>
      <standardError>1.01</standardError>
      <azimuthalGap>66</azimuthalGap>
      <minimumDistance>0.62</minimumDistance>
      <maximumDistance>2.44</maximumDistance>
    </quality>
    <evaluationMode>manual</evaluationMode>
    <creationInfo>
      <agencyURI>smi:smi-registry/organization/EMSC</agencyURI>
      <authorURI>smi:smi-registry/organization/EMSC</authorURI>
    </creationInfo>
    <originUncertainty>
      <azimuthMaxHorizontalUncertainty>-99</azimuthMaxHorizontalUncertainty>
    </originUncertainty>
  </origin>
  <magnitude publicID="quakeml:eu.emsc/event/20020502_0000010/origin/1414180/mag/2">
    <mag>
      <value>3.1</value>
    </mag>
    <type>MD</type>
    <originID>quakeml:eu.emsc/event/20020502_0000010/origin/1414180</originID>
    <creationInfo>
      <agencyURI>smi:smi-registry/organization/EMSC</agencyURI>
      <authorURI>smi:smi-registry/organization/EMSC</authorURI>
    </creationInfo>
  </magnitude>
</event>
<event publicID="quakeml:eu.emsc/event/20020502_0000009">
  <preferredOriginID>quakeml:eu.emsc/event/20020502_0000009/origin/1405424</preferredOriginID>
  <preferredMagnitudeID>quakeml:eu.emsc/event/20020502_0000009/origin/1405424/mag/2</preferredMagnitudeID>
  <creationInfo>
    <agencyURI>smi:smi-registry/organization/EMSC</agencyURI>
    <authorURI>smi:smi-registry/organization/EMSC</authorURI>
    <creationTime>2014-12-03T11:38:44.246621Z</creationTime>
  </creationInfo>
  <description>
    <text>SERBIA</text>
    <type>Flinn-Engdahl region</type>
  </description>
  <origin publicID="quakeml:eu.emsc/event/20020502_0000009/origin/1405424">
    <time>
      <value>2002-05-02T07:32:00.0Z</value>
      <uncertainty>0.16</uncertainty>
    </time>
    <latitude>
      <value>42.4175</value>
      <uncertainty>4.4</uncertainty>
    </latitude>
    <longitude>
      <value>21.4545</value>
      <uncertainty>2.9</uncertainty>
    </longitude>
    <depth>
      <value>2000</value>
    </depth>
    <depthType>from location</depthType>
    <methodID>smi:eu.emsc-csem/origin_method/NA</methodID>
    <quality>
      <usedPhaseCount>39</usedPhaseCount>
      <usedStationCount>27</usedStationCount>
      <standardError>1.02</standardError>
      <azimuthalGap>108</azimuthalGap>
      <minimumDistance>0.45</minimumDistance>
      <maximumDistance>4.75</maximumDistance>
    </quality>
    <evaluationMode>manual</evaluationMode>
    <creationInfo>
      <agencyURI>smi:smi-registry/organization/EMSC</agencyURI>
      <authorURI>smi:smi-registry/organization/EMSC</authorURI>
    </creationInfo>
    <originUncertainty>
      <azimuthMaxHorizontalUncertainty>24</azimuthMaxHorizontalUncertainty>
    </originUncertainty>
  </origin>
  <magnitude publicID="quakeml:eu.emsc/event/20020502_0000009/origin/1405424/mag/2">
    <mag>
      <value>3.2</value>
    </mag>
    <type>ML</type>
    <originID>quakeml:eu.emsc/event/20020502_0000009/origin/1405424</originID>
    <creationInfo>
      <agencyURI>smi:smi-registry/organization/EMSC</agencyURI>
      <authorURI>smi:smi-registry/organization/EMSC</authorURI>
    </creationInfo>
  </magnitude>
</event>
<event publicID="quakeml:eu.emsc/event/20020502_0000008">
  <preferredOriginID>quakeml:eu.emsc/event/20020502_0000008/origin/1405428</preferredOriginID>
  <preferredMagnitudeID>quakeml:eu.emsc/event/20020502_0000008/origin/1405428/mag/2</preferredMagnitudeID>
  <creationInfo>
    <agencyURI>smi:smi-registry/organization/EMSC</agencyURI>
    <authorURI>smi:smi-registry/organization/EMSC</authorURI>
    <creationTime>2014-12-03T11:44:22.255906Z</creationTime>
  </creationInfo>
  <description>
    <text>CYPRUS REGION</text>
    <type>Flinn-Engdahl region</type>
  </description>
  <origin publicID="quakeml:eu.emsc/event/20020502_0000008/origin/1405428">
    <time>
      <value>2002-05-02T06:44:20.6Z</value>
      <uncertainty>0.17</uncertainty>
    </time>
    <latitude>
      <value>34.8169</value>
      <uncertainty>7</uncertainty>
    </latitude>
    <longitude>
      <value>32.8525</value>
      <uncertainty>4.4</uncertainty>
    </longitude>
    <depth>
      <value>60000</value>
    </depth>
    <depthType>from location</depthType>
    <methodID>smi:eu.emsc-csem/origin_method/NA</methodID>
    <quality>
      <usedPhaseCount>20</usedPhaseCount>
      <usedStationCount>18</usedStationCount>
      <standardError>0.68</standardError>
      <azimuthalGap>86</azimuthalGap>
      <minimumDistance>0.3</minimumDistance>
      <maximumDistance>6.92</maximumDistance>
    </quality>
    <evaluationMode>manual</evaluationMode>
    <creationInfo>
      <agencyURI>smi:smi-registry/organization/EMSC</agencyURI>
      <authorURI>smi:smi-registry/organization/EMSC</authorURI>
    </creationInfo>
    <originUncertainty>
      <azimuthMaxHorizontalUncertainty>79</azimuthMaxHorizontalUncertainty>
    </originUncertainty>
  </origin>
  <magnitude publicID="quakeml:eu.emsc/event/20020502_0000008/origin/1405428/mag/2">
    <mag>
      <value>3.5</value>
    </mag>
    <type>ML</type>
    <originID>quakeml:eu.emsc/event/20020502_0000008/origin/1405428</originID>
    <creationInfo>
      <agencyURI>smi:smi-registry/organization/EMSC</agencyURI>
      <authorURI>smi:smi-registry/organization/EMSC</authorURI>
    </creationInfo>
  </magnitude>
</event>
<event publicID="quakeml:eu.emsc/event/20020502_0000007">
  <preferredOriginID>quakeml:eu.emsc/event/20020502_0000007/origin/1414182</preferredOriginID>
  <preferredMagnitudeID>quakeml:eu.emsc/event/20020502_0000007/origin/1414182/mag/2</preferredMagnitudeID>
  <creationInfo>
    <agencyURI>smi:smi-registry/organization/EMSC</agencyURI>
    <authorURI>smi:smi-registry/organization/EMSC</authorURI>
    <creationTime>2014-12-10T16:25:28.970368Z</creationTime>
  </creationInfo>
  <description>
    <text>CYPRUS REGION</text>
    <type>Flinn-Engdahl region</type>
  </description>
  <origin publicID="quakeml:eu.emsc/event/20020502_0000007/origin/1414182">
    <time>
      <value>2002-05-02T06:17:11.3Z</value>
    </time>
    <latitude>
      <value>34.607</value>
      <uncertainty>9999.9</uncertainty>
    </latitude>
    <longitude>
      <value>32.839</value>
      <uncertainty>9999.9</uncertainty>
    </longitude>
    <depth>
      <value>25000</value>
    </depth>
    <depthType>from location</depthType>
    <methodID>smi:eu.emsc-csem/origin_method/NA</methodID>
    <quality>
      <usedPhaseCount>8</usedPhaseCount>
      <usedStationCount>5</usedStationCount>
      <standardError>1.42</standardError>
      <azimuthalGap>236</azimuthalGap>
      <minimumDistance>0.49</minimumDistance>
      <maximumDistance>1.06</maximumDistance>
    </quality>
    <evaluationMode>manual</evaluationMode>
    <creationInfo>
      <agencyURI>smi:smi-registry/organization/EMSC</agencyURI>
      <authorURI>smi:smi-registry/organization/EMSC</authorURI>
    </creationInfo>
    <originUncertainty>
      <azimuthMaxHorizontalUncertainty>-99</azimuthMaxHorizontalUncertainty>
    </originUncertainty>
  </origin>
  <magnitude publicID="quakeml:eu.emsc/event/20020502_0000007/origin/1414182/mag/2">
    <mag>
      <value>3.1</value>
    </mag>
    <type>ML</type>
    <originID>quakeml:eu.emsc/event/20020502_0000007/origin/1414182</originID>
    <creationInfo>
      <agencyURI>smi:smi-registry/organization/EMSC</agencyURI>
      <authorURI>smi:smi-registry/organization/EMSC</authorURI>
    </creationInfo>
  </magnitude>
</event>
<event publicID="quakeml:eu.emsc/event/20020502_0000005">
  <preferredOriginID>quakeml:eu.emsc/event/20020502_0000005/origin/1405432</preferredOriginID>
  <preferredMagnitudeID>quakeml:eu.emsc/event/20020502_0000005/origin/1405432/mag/1</preferredMagnitudeID>
  <creationInfo>
    <agencyURI>smi:smi-registry/organization/EMSC</agencyURI>
    <authorURI>smi:smi-registry/organization/EMSC</authorURI>
    <creationTime>2014-12-03T10:44:47.47061Z</creationTime>
  </creationInfo>
  <description>
    <text>PYRENEES</text>
    <type>Flinn-Engdahl region</type>
  </description>
  <origin publicID="quakeml:eu.emsc/event/20020502_0000005/origin/1405432">
    <time>
      <value>2002-05-02T04:40:57.1Z</value>
      <uncertainty>0.14</uncertainty>
    </time>
    <latitude>
      <value>42.9104</value>
      <uncertainty>3.4</uncertainty>
    </latitude>
    <longitude>
      <value>-1.9402</value>
      <uncertainty>2.3</uncertainty>
    </longitude>
    <depth>
      <value>2000</value>
    </depth>
    <depthType>from location</depthType>
    <methodID>smi:eu.emsc-csem/origin_method/NA</methodID>
    <quality>
      <usedPhaseCount>82</usedPhaseCount>
      <usedStationCount>48</usedStationCount>
      <standardError>0.97</standardError>
      <azimuthalGap>70</azimuthalGap>
      <minimumDistance>0.39</minimumDistance>
      <maximumDistance>6.2</maximumDistance>
    </quality>
    <evaluationMode>manual</evaluationMode>
    <creationInfo>
      <agencyURI>smi:smi-registry/organization/EMSC</agencyURI>
      <authorURI>smi:smi-registry/organization/EMSC</authorURI>
    </creationInfo>
    <originUncertainty>
      <azimuthMaxHorizontalUncertainty>143</azimuthMaxHorizontalUncertainty>
    </originUncertainty>
  </origin>
  <magnitude publicID="quakeml:eu.emsc/event/20020502_0000005/origin/1405432/mag/1">
    <mag>
      <value>3</value>
      <uncertainty>0.3</uncertainty>
    </mag>
    <type>ML</type>
    <originID>quakeml:eu.emsc/event/20020502_0000005/origin/1405432</originID>
    <stationCount>22</stationCount>
    <creationInfo>
      <agencyURI>smi:smi-registry/organization/EMSC</agencyURI>
      <authorURI>smi:smi-registry/organization/EMSC</authorURI>
    </creationInfo>
  </magnitude>
</event>
<event publicID="quakeml:eu.emsc/event/20020502_0000001">
  <preferredOriginID>quakeml:eu.emsc/event/20020502_0000001/origin/1405442</preferredOriginID>
  <preferredMagnitudeID>quakeml:eu.emsc/event/20020502_0000001/origin/1405442/mag/2</preferredMagnitudeID>
  <creationInfo>
    <agencyURI>smi:smi-registry/organization/EMSC</agencyURI>
    <authorURI>smi:smi-registry/organization/EMSC</authorURI>
    <creationTime>2014-12-03T12:12:03.397492Z</creationTime>
  </creationInfo>
  <description>
    <text>SERBIA</text>
    <type>Flinn-Engdahl region</type>
  </description>
  <origin publicID="quakeml:eu.emsc/event/20020502_0000001/origin/1405442">
    <time>
      <value>2002-05-02T03:31:32.9Z</value>
      <uncertainty>0.14</uncertainty>
    </time>
    <latitude>
      <value>42.4322</value>
      <uncertainty>4.5</uncertainty>
    </latitude>
    <longitude>
      <value>21.6015</value>
      <uncertainty>2.9</uncertainty>
    </longitude>
    <depth>
      <value>20000</value>
    </depth>
    <depthType>from location</depthType>
    <methodID>smi:eu.emsc-csem/origin_method/NA</methodID>
    <quality>
      <usedPhaseCount>117</usedPhaseCount>
      <usedStationCount>96</usedStationCount>
      <standardError>1.13</standardError>
      <azimuthalGap>110</azimuthalGap>
      <minimumDistance>1.24</minimumDistance>
      <maximumDistance>66.02</maximumDistance>
    </quality>
    <evaluationMode>manual</evaluationMode>
    <creationInfo>
      <agencyURI>smi:smi-registry/organization/EMSC</agencyURI>
      <authorURI>smi:smi-registry/organization/EMSC</authorURI>
    </creationInfo>
    <originUncertainty>
      <azimuthMaxHorizontalUncertainty>41</azimuthMaxHorizontalUncertainty>
    </originUncertainty>
  </origin>
  <magnitude publicID="quakeml:eu.emsc/event/20020502_0000001/origin/1405442/mag/2">
    <mag>
      <value>4</value>
    </mag>
    <type>mb</type>
    <originID>quakeml:eu.emsc/event/20020502_0000001/origin/1405442</originID>
    <stationCount>2</stationCount>
    <creationInfo>
      <agencyURI>smi:smi-registry/organization/EMSC</agencyURI>
      <authorURI>smi:smi-registry/organization/EMSC</authorURI>
    </creationInfo>
  </magnitude>
</event>
<event publicID="quakeml:eu.emsc/event/20020502_0000006">
  <preferredOriginID>quakeml:eu.emsc/event/20020502_0000006/origin/1414184</preferredOriginID>
  <preferredMagnitudeID>quakeml:eu.emsc/event/20020502_0000006/origin/1414184/mag/2</preferredMagnitudeID>
  <creationInfo>
    <agencyURI>smi:smi-registry/organization/EMSC</agencyURI>
    <authorURI>smi:smi-registry/organization/EMSC</authorURI>
    <creationTime>2014-12-10T16:25:27.977274Z</creationTime>
  </creationInfo>
  <description>
    <text>GREECE</text>
    <type>Flinn-Engdahl region</type>
  </description>
  <origin publicID="quakeml:eu.emsc/event/20020502_0000006/origin/1414184">
    <time>
      <value>2002-05-02T03:10:15.2Z</value>
    </time>
    <latitude>
      <value>38.42</value>
      <uncertainty>9999.9</uncertainty>
    </latitude>
    <longitude>
      <value>22.01</value>
      <uncertainty>9999.9</uncertainty>
    </longitude>
    <depth>
      <value>19000</value>
    </depth>
    <depthType>from location</depthType>
    <methodID>smi:eu.emsc-csem/origin_method/NA</methodID>
    <quality>
      <usedPhaseCount>8</usedPhaseCount>
      <usedStationCount>6</usedStationCount>
      <standardError>2.88</standardError>
      <azimuthalGap>109</azimuthalGap>
      <minimumDistance>0.52</minimumDistance>
      <maximumDistance>1.85</maximumDistance>
    </quality>
    <evaluationMode>manual</evaluationMode>
    <creationInfo>
      <agencyURI>smi:smi-registry/organization/EMSC</agencyURI>
      <authorURI>smi:smi-registry/organization/EMSC</authorURI>
    </creationInfo>
    <originUncertainty>
      <azimuthMaxHorizontalUncertainty>-99</azimuthMaxHorizontalUncertainty>
    </originUncertainty>
  </origin>
  <magnitude publicID="quakeml:eu.emsc/event/20020502_0000006/origin/1414184/mag/2">
    <mag>
      <value>3</value>
    </mag>
    <type>MD</type>
    <originID>quakeml:eu.emsc/event/20020502_0000006/origin/1414184</originID>
    <creationInfo>
      <agencyURI>smi:smi-registry/organization/EMSC</agencyURI>
      <authorURI>smi:smi-registry/organization/EMSC</authorURI>
    </creationInfo>
  </magnitude>
</event>
<event publicID="quakeml:eu.emsc/event/20020502_0000004">
  <preferredOriginID>quakeml:eu.emsc/event/20020502_0000004/origin/1414186</preferredOriginID>
  <preferredMagnitudeID>quakeml:eu.emsc/event/20020502_0000004/origin/1414186/mag/2</preferredMagnitudeID>
  <creationInfo>
    <agencyURI>smi:smi-registry/organization/EMSC</agencyURI>
    <authorURI>smi:smi-registry/organization/EMSC</authorURI>
    <creationTime>2014-12-10T16:25:23.847493Z</creationTime>
  </creationInfo>
  <description>
    <text>WESTERN TURKEY</text>
    <type>Flinn-Engdahl region</type>
  </description>
  <origin publicID="quakeml:eu.emsc/event/20020502_0000004/origin/1414186">
    <time>
      <value>2002-05-02T03:05:15.3Z</value>
    </time>
    <latitude>
      <value>38.652</value>
      <uncertainty>9999.9</uncertainty>
    </latitude>
    <longitude>
      <value>31.07</value>
      <uncertainty>9999.9</uncertainty>
    </longitude>
    <depth>
      <value>10000</value>
    </depth>
    <depthType>from location</depthType>
    <methodID>smi:eu.emsc-csem/origin_method/NA</methodID>
    <quality>
      <usedPhaseCount>12</usedPhaseCount>
      <usedStationCount>10</usedStationCount>
      <standardError>2.28</standardError>
      <azimuthalGap>73</azimuthalGap>
      <minimumDistance>0.85</minimumDistance>
      <maximumDistance>2.42</maximumDistance>
    </quality>
    <evaluationMode>manual</evaluationMode>
    <creationInfo>
      <agencyURI>smi:smi-registry/organization/EMSC</agencyURI>
      <authorURI>smi:smi-registry/organization/EMSC</authorURI>
    </creationInfo>
    <originUncertainty>
      <azimuthMaxHorizontalUncertainty>-99</azimuthMaxHorizontalUncertainty>
    </originUncertainty>
  </origin>
  <magnitude publicID="quakeml:eu.emsc/event/20020502_0000004/origin/1414186/mag/2">
    <mag>
      <value>3</value>
    </mag>
    <type>MD</type>
    <originID>quakeml:eu.emsc/event/20020502_0000004/origin/1414186</originID>
    <creationInfo>
      <agencyURI>smi:smi-registry/organization/EMSC</agencyURI>
      <authorURI>smi:smi-registry/organization/EMSC</authorURI>
    </creationInfo>
  </magnitude>
</event>
<event publicID="quakeml:eu.emsc/event/20020502_0000019">
  <preferredOriginID>quakeml:eu.emsc/event/20020502_0000019/origin/1414188</preferredOriginID>
  <preferredMagnitudeID>quakeml:eu.emsc/event/20020502_0000019/origin/1414188/mag/2</preferredMagnitudeID>
  <creationInfo>
    <agencyURI>smi:smi-registry/organization/EMSC</agencyURI>
    <authorURI>smi:smi-registry/organization/EMSC</authorURI>
    <creationTime>2014-12-10T18:58:25.462033Z</creationTime>
  </creationInfo>
  <description>
    <text>PYRENEES</text>
    <type>Flinn-Engdahl region</type>
  </description>
  <origin publicID="quakeml:eu.emsc/event/20020502_0000019/origin/1414188">
    <time>
      <value>2002-05-02T02:38:22.9Z</value>
    </time>
    <latitude>
      <value>42.5573</value>
      <uncertainty>9999.9</uncertainty>
    </latitude>
    <longitude>
      <value>1.0111</value>
      <uncertainty>9999.9</uncertainty>
    </longitude>
    <depth>
      <value>0</value>
    </depth>
    <depthType>from location</depthType>
    <methodID>smi:eu.emsc-csem/origin_method/NA</methodID>
    <quality>
      <usedPhaseCount>34</usedPhaseCount>
      <usedStationCount>17</usedStationCount>
      <standardError>1.09</standardError>
      <azimuthalGap>63</azimuthalGap>
      <minimumDistance>0.19</minimumDistance>
      <maximumDistance>2.88</maximumDistance>
    </quality>
    <evaluationMode>manual</evaluationMode>
    <creationInfo>
      <agencyURI>smi:smi-registry/organization/EMSC</agencyURI>
      <authorURI>smi:smi-registry/organization/EMSC</authorURI>
    </creationInfo>
    <originUncertainty>
      <azimuthMaxHorizontalUncertainty>-99</azimuthMaxHorizontalUncertainty>
    </originUncertainty>
  </origin>
  <magnitude publicID="quakeml:eu.emsc/event/20020502_0000019/origin/1414188/mag/2">
    <mag>
      <value>1.9</value>
      <uncertainty>0.2</uncertainty>
    </mag>
    <type>mb</type>
    <originID>quakeml:eu.emsc/event/20020502_0000019/origin/1414188</originID>
    <stationCount>6</stationCount>
    <creationInfo>
      <agencyURI>smi:smi-registry/organization/EMSC</agencyURI>
      <authorURI>smi:smi-registry/organization/EMSC</authorURI>
    </creationInfo>
  </magnitude>
</event>
<event publicID="quakeml:eu.emsc/event/20020502_0000020">
  <preferredOriginID>quakeml:eu.emsc/event/20020502_0000020/origin/1404969</preferredOriginID>
  <preferredMagnitudeID>quakeml:eu.emsc/event/20020502_0000020/origin/1404969/mag/1</preferredMagnitudeID>
  <creationInfo>
    <agencyURI>smi:smi-registry/organization/EMSC</agencyURI>
    <authorURI>smi:smi-registry/organization/EMSC</authorURI>
    <creationTime>2014-12-03T15:47:05.741454Z</creationTime>
  </creationInfo>
  <description>
    <text>SWITZERLAND</text>
    <type>Flinn-Engdahl region</type>
  </description>
  <origin publicID="quakeml:eu.emsc/event/20020502_0000020/origin/1404969">
    <time>
      <value>2002-05-02T01:53:09.1Z</value>
      <uncertainty>0.32</uncertainty>
    </time>
    <latitude>
      <value>46.607</value>
      <uncertainty>6.5</uncertainty>
    </latitude>
    <longitude>
      <value>8.8566</value>
      <uncertainty>2.9</uncertainty>
    </longitude>
    <depth>
      <value>10000</value>
    </depth>
    <depthType>from location</depthType>
    <methodID>smi:eu.emsc-csem/origin_method/NA</methodID>
    <quality>
      <usedPhaseCount>39</usedPhaseCount>
      <usedStationCount>16</usedStationCount>
      <standardError>0.82</standardError>
      <azimuthalGap>220</azimuthalGap>
      <minimumDistance>1.26</minimumDistance>
      <maximumDistance>6.2</maximumDistance>
    </quality>
    <evaluationMode>manual</evaluationMode>
    <creationInfo>
      <agencyURI>smi:smi-registry/organization/EMSC</agencyURI>
      <authorURI>smi:smi-registry/organization/EMSC</authorURI>
    </creationInfo>
    <originUncertainty>
      <azimuthMaxHorizontalUncertainty>96</azimuthMaxHorizontalUncertainty>
    </originUncertainty>
  </origin>
  <magnitude publicID="quakeml:eu.emsc/event/20020502_0000020/origin/1404969/mag/1">
    <mag>
      <value>2.3</value>
      <uncertainty>0.2</uncertainty>
    </mag>
    <type>ML</type>
    <originID>quakeml:eu.emsc/event/20020502_0000020/origin/1404969</originID>
    <stationCount>7</stationCount>
    <creationInfo>
      <agencyURI>smi:smi-registry/organization/EMSC</agencyURI>
      <authorURI>smi:smi-registry/organization/EMSC</authorURI>
    </creationInfo>
  </magnitude>
</event>
<event publicID="quakeml:eu.emsc/event/20020502_0000003">
  <preferredOriginID>quakeml:eu.emsc/event/20020502_0000003/origin/1414190</preferredOriginID>
  <preferredMagnitudeID>quakeml:eu.emsc/event/20020502_0000003/origin/1414190/mag/2</preferredMagnitudeID>
  <creationInfo>
    <agencyURI>smi:smi-registry/organization/EMSC</agencyURI>
    <authorURI>smi:smi-registry/organization/EMSC</authorURI>
    <creationTime>2014-12-10T16:25:22.210769Z</creationTime>
  </creationInfo>
  <description>
    <text>NEAR THE COAST OF WESTERN TURKEY</text>
    <type>Flinn-Engdahl region</type>
  </description>
  <origin publicID="quakeml:eu.emsc/event/20020502_0000003/origin/1414190">
    <time>
      <value>2002-05-02T01:46:10.8Z</value>
    </time>
    <latitude>
      <value>38.561</value>
      <uncertainty>9999.9</uncertainty>
    </latitude>
    <longitude>
      <value>26.907</value>
      <uncertainty>9999.9</uncertainty>
    </longitude>
    <depth>
      <value>10000</value>
    </depth>
    <depthType>from location</depthType>
    <methodID>smi:eu.emsc-csem/origin_method/NA</methodID>
    <quality>
      <usedPhaseCount>5</usedPhaseCount>
      <usedStationCount>4</usedStationCount>
      <standardError>2.51</standardError>
      <azimuthalGap>248</azimuthalGap>
      <minimumDistance>0.32</minimumDistance>
      <maximumDistance>2.04</maximumDistance>
    </quality>
    <evaluationMode>manual</evaluationMode>
    <creationInfo>
      <agencyURI>smi:smi-registry/organization/EMSC</agencyURI>
      <authorURI>smi:smi-registry/organization/EMSC</authorURI>
    </creationInfo>
    <originUncertainty>
      <azimuthMaxHorizontalUncertainty>-99</azimuthMaxHorizontalUncertainty>
    </originUncertainty>
  </origin>
  <magnitude publicID="quakeml:eu.emsc/event/20020502_0000003/origin/1414190/mag/2">
    <mag>
      <value>3</value>
    </mag>
    <type>MD</type>
    <originID>quakeml:eu.emsc/event/20020502_0000003/origin/1414190</originID>
    <creationInfo>
      <agencyURI>smi:smi-registry/organization/EMSC</agencyURI>
      <authorURI>smi:smi-registry/organization/EMSC</authorURI>
    </creationInfo>
  </magnitude>
</event>
<event publicID="quakeml:eu.emsc/event/20020502_0000002">
  <preferredOriginID>quakeml:eu.emsc/event/20020502_0000002/origin/1414192</preferredOriginID>
  <preferredMagnitudeID>quakeml:eu.emsc/event/20020502_0000002/origin/1414192/mag/2</preferredMagnitudeID>
  <creationInfo>
    <agencyURI>smi:smi-registry/organization/EMSC</agencyURI>
    <authorURI>smi:smi-registry/organization/EMSC</authorURI>
    <creationTime>2014-12-10T16:25:19.611628Z</creationTime>
  </creationInfo>
  <description>
    <text>WESTERN TURKEY</text>
    <type>Flinn-Engdahl region</type>
  </description>
  <origin publicID="quakeml:eu.emsc/event/20020502_0000002/origin/1414192">
    <time>
      <value>2002-05-02T00:37:27.3Z</value>
    </time>
    <latitude>
      <value>39.229</value>
      <uncertainty>9999.9</uncertainty>
    </latitude>
    <longitude>
      <value>27.329</value>
      <uncertainty>9999.9</uncertainty>
    </longitude>
    <depth>
      <value>8000</value>
    </depth>
    <depthType>from location</depthType>
    <methodID>smi:eu.emsc-csem/origin_method/NA</methodID>
    <quality>
      <usedPhaseCount>10</usedPhaseCount>
      <usedStationCount>8</usedStationCount>
      <standardError>0.85</standardError>
      <azimuthalGap>175</azimuthalGap>
      <minimumDistance>0.59</minimumDistance>
      <maximumDistance>1.46</maximumDistance>
    </quality>
    <evaluationMode>manual</evaluationMode>
    <creationInfo>
      <agencyURI>smi:smi-registry/organization/EMSC</agencyURI>
      <authorURI>smi:smi-registry/organization/EMSC</authorURI>
    </creationInfo>
    <originUncertainty>
      <azimuthMaxHorizontalUncertainty>-99</azimuthMaxHorizontalUncertainty>
    </originUncertainty>
  </origin>
  <magnitude publicID="quakeml:eu.emsc/event/20020502_0000002/origin/1414192/mag/2">
    <mag>
      <value>2.9</value>
    </mag>
    <type>MD</type>
    <originID>quakeml:eu.emsc/event/20020502_0000002/origin/1414192</originID>
    <creationInfo>
      <agencyURI>smi:smi-registry/organization/EMSC</agencyURI>
      <authorURI>smi:smi-registry/organization/EMSC</authorURI>
    </creationInfo>
  </magnitude>
</event>
</eventParameters>
</q:quakeml>
