<?xml version="1.0"?>
<q:quakeml xmlns:q="http://quakeml.org/xmlns/quakeml/1.2"  xmlns="http://quakeml.org/xmlns/bed/1.2">
<eventParameters publicID="smi:eu.emsc/unid">
<event publicID="quakeml:eu.emsc/event/20020906_0000023">
  <preferredOriginID>quakeml:eu.emsc/event/20020906_0000023/origin/1434762</preferredOriginID>
  <preferredMagnitudeID>quakeml:eu.emsc/event/20020906_0000023/origin/1434762/mag/2</preferredMagnitudeID>
  <creationInfo>
    <agencyURI>smi:smi-registry/organization/EMSC</agencyURI>
    <authorURI>smi:smi-registry/organization/EMSC</authorURI>
    <creationTime>2014-12-03T12:09:07.272451Z</creationTime>
  </creationInfo>
  <description>
    <text>SICILY, ITALY</text>
    <type>Flinn-Engdahl region</type>
  </description>
  <origin publicID="quakeml:eu.emsc/event/20020906_0000023/origin/1434762">
    <time>
      <value>2002-09-06T14:24:25.8Z</value>
      <uncertainty>0.22</uncertainty>
    </time>
    <latitude>
      <value>38.4911</value>
      <uncertainty>6</uncertainty>
    </latitude>
    <longitude>
      <value>13.7583</value>
      <uncertainty>4.2</uncertainty>
    </longitude>
    <depth>
      <value>10000</value>
    </depth>
    <depthType>from location</depthType>
    <methodID>smi:eu.emsc-csem/origin_method/NA</methodID>
    <quality>
      <usedPhaseCount>21</usedPhaseCount>
      <usedStationCount>16</usedStationCount>
      <standardError>0.96</standardError>
      <azimuthalGap>137</azimuthalGap>
      <minimumDistance>0.45</minimumDistance>
      <maximumDistance>8.71</maximumDistance>
    </quality>
    <evaluationMode>manual</evaluationMode>
    <creationInfo>
      <agencyURI>smi:smi-registry/organization/EMSC</agencyURI>
      <authorURI>smi:smi-registry/organization/EMSC</authorURI>
    </creationInfo>
    <originUncertainty>
      <azimuthMaxHorizontalUncertainty>48</azimuthMaxHorizontalUncertainty>
    </originUncertainty>
  </origin>
  <magnitude publicID="quakeml:eu.emsc/event/20020906_0000023/origin/1434762/mag/2">
    <mag>
      <value>3</value>
    </mag>
    <type>ML</type>
    <originID>quakeml:eu.emsc/event/20020906_0000023/origin/1434762</originID>
    <creationInfo>
      <agencyURI>smi:smi-registry/organization/EMSC</agencyURI>
      <authorURI>smi:smi-registry/organization/EMSC</authorURI>
    </creationInfo>
  </magnitude>
</event>
<event publicID="quakeml:eu.emsc/event/20020906_0000022">
  <preferredOriginID>quakeml:eu.emsc/event/20020906_0000022/origin/1400198</preferredOriginID>
  <preferredMagnitudeID>quakeml:eu.emsc/event/20020906_0000022/origin/1400198/mag/2</preferredMagnitudeID>
  <creationInfo>
    <agencyURI>smi:smi-registry/organization/EMSC</agencyURI>
    <authorURI>smi:smi-registry/organization/EMSC</authorURI>
    <creationTime>2014-12-03T10:59:30.526353Z</creationTime>
  </creationInfo>
  <description>
    <text>SICILY, ITALY</text>
    <type>Flinn-Engdahl region</type>
  </description>
  <origin publicID="quakeml:eu.emsc/event/20020906_0000022/origin/1400198">
    <time>
      <value>2002-09-06T14:22:33.0Z</value>
      <uncertainty>0.21</uncertainty>
    </time>
    <latitude>
      <value>38.431</value>
      <uncertainty>7</uncertainty>
    </latitude>
    <longitude>
      <value>13.7367</value>
      <uncertainty>5.1</uncertainty>
    </longitude>
    <depth>
      <value>20000</value>
    </depth>
    <depthType>from location</depthType>
    <methodID>smi:eu.emsc-csem/origin_method/NA</methodID>
    <quality>
      <usedPhaseCount>29</usedPhaseCount>
      <usedStationCount>25</usedStationCount>
      <standardError>1.04</standardError>
      <azimuthalGap>53</azimuthalGap>
      <minimumDistance>0.4</minimumDistance>
      <maximumDistance>49.68</maximumDistance>
    </quality>
    <evaluationMode>manual</evaluationMode>
    <creationInfo>
      <agencyURI>smi:smi-registry/organization/EMSC</agencyURI>
      <authorURI>smi:smi-registry/organization/EMSC</authorURI>
    </creationInfo>
    <originUncertainty>
      <azimuthMaxHorizontalUncertainty>47</azimuthMaxHorizontalUncertainty>
    </originUncertainty>
  </origin>
  <magnitude publicID="quakeml:eu.emsc/event/20020906_0000022/origin/1400198/mag/2">
    <mag>
      <value>3.7</value>
    </mag>
    <type>mb</type>
    <originID>quakeml:eu.emsc/event/20020906_0000022/origin/1400198</originID>
    <stationCount>1</stationCount>
    <creationInfo>
      <agencyURI>smi:smi-registry/organization/EMSC</agencyURI>
      <authorURI>smi:smi-registry/organization/EMSC</authorURI>
    </creationInfo>
  </magnitude>
</event>
<event publicID="quakeml:eu.emsc/event/20020906_0000021">
  <preferredOriginID>quakeml:eu.emsc/event/20020906_0000021/origin/1434758</preferredOriginID>
  <preferredMagnitudeID>quakeml:eu.emsc/event/20020906_0000021/origin/1434758/mag/2</preferredMagnitudeID>
  <creationInfo>
    <agencyURI>smi:smi-registry/organization/EMSC</agencyURI>
    <authorURI>smi:smi-registry/organization/EMSC</authorURI>
    <creationTime>2014-12-03T11:44:54.396636Z</creationTime>
  </creationInfo>
  <description>
    <text>SICILY, ITALY</text>
    <type>Flinn-Engdahl region</type>
  </description>
  <origin publicID="quakeml:eu.emsc/event/20020906_0000021/origin/1434758">
    <time>
      <value>2002-09-06T14:21:30.3Z</value>
      <uncertainty>0.2</uncertainty>
    </time>
    <latitude>
      <value>38.466</value>
      <uncertainty>5.4</uncertainty>
    </latitude>
    <longitude>
      <value>13.7662</value>
      <uncertainty>4.4</uncertainty>
    </longitude>
    <depth>
      <value>10000</value>
    </depth>
    <depthType>from location</depthType>
    <methodID>smi:eu.emsc-csem/origin_method/NA</methodID>
    <quality>
      <usedPhaseCount>26</usedPhaseCount>
      <usedStationCount>22</usedStationCount>
      <standardError>0.87</standardError>
      <azimuthalGap>76</azimuthalGap>
      <minimumDistance>0.44</minimumDistance>
      <maximumDistance>10</maximumDistance>
    </quality>
    <evaluationMode>manual</evaluationMode>
    <creationInfo>
      <agencyURI>smi:smi-registry/organization/EMSC</agencyURI>
      <authorURI>smi:smi-registry/organization/EMSC</authorURI>
    </creationInfo>
    <originUncertainty>
      <azimuthMaxHorizontalUncertainty>40</azimuthMaxHorizontalUncertainty>
    </originUncertainty>
  </origin>
  <magnitude publicID="quakeml:eu.emsc/event/20020906_0000021/origin/1434758/mag/2">
    <mag>
      <value>3.3</value>
    </mag>
    <type>ML</type>
    <originID>quakeml:eu.emsc/event/20020906_0000021/origin/1434758</originID>
    <creationInfo>
      <agencyURI>smi:smi-registry/organization/EMSC</agencyURI>
      <authorURI>smi:smi-registry/organization/EMSC</authorURI>
    </creationInfo>
  </magnitude>
</event>
<event publicID="quakeml:eu.emsc/event/20020906_0000020">
  <preferredOriginID>quakeml:eu.emsc/event/20020906_0000020/origin/1400202</preferredOriginID>
  <preferredMagnitudeID>quakeml:eu.emsc/event/20020906_0000020/origin/1400202/mag/2</preferredMagnitudeID>
  <creationInfo>
    <agencyURI>smi:smi-registry/organization/EMSC</agencyURI>
    <authorURI>smi:smi-registry/organization/EMSC</authorURI>
    <creationTime>2014-12-03T11:43:05.977165Z</creationTime>
  </creationInfo>
  <description>
    <text>NORWEGIAN SEA</text>
    <type>Flinn-Engdahl region</type>
  </description>
  <origin publicID="quakeml:eu.emsc/event/20020906_0000020/origin/1400202">
    <time>
      <value>2002-09-06T12:30:42.3Z</value>
      <uncertainty>0.67</uncertainty>
    </time>
    <latitude>
      <value>61.6729</value>
      <uncertainty>12</uncertainty>
    </latitude>
    <longitude>
      <value>3.4668</value>
      <uncertainty>8.9</uncertainty>
    </longitude>
    <depth>
      <value>2000</value>
    </depth>
    <depthType>from location</depthType>
    <methodID>smi:eu.emsc-csem/origin_method/NA</methodID>
    <quality>
      <usedPhaseCount>22</usedPhaseCount>
      <usedStationCount>11</usedStationCount>
      <standardError>1.69</standardError>
      <azimuthalGap>185</azimuthalGap>
      <minimumDistance>0.76</minimumDistance>
      <maximumDistance>2.74</maximumDistance>
    </quality>
    <evaluationMode>manual</evaluationMode>
    <creationInfo>
      <agencyURI>smi:smi-registry/organization/EMSC</agencyURI>
      <authorURI>smi:smi-registry/organization/EMSC</authorURI>
    </creationInfo>
    <originUncertainty>
      <azimuthMaxHorizontalUncertainty>126</azimuthMaxHorizontalUncertainty>
    </originUncertainty>
  </origin>
  <magnitude publicID="quakeml:eu.emsc/event/20020906_0000020/origin/1400202/mag/2">
    <mag>
      <value>2.7</value>
    </mag>
    <type>ML</type>
    <originID>quakeml:eu.emsc/event/20020906_0000020/origin/1400202</originID>
    <creationInfo>
      <agencyURI>smi:smi-registry/organization/EMSC</agencyURI>
      <authorURI>smi:smi-registry/organization/EMSC</authorURI>
    </creationInfo>
  </magnitude>
</event>
<event publicID="quakeml:eu.emsc/event/20020906_0000019">
  <preferredOriginID>quakeml:eu.emsc/event/20020906_0000019/origin/1400206</preferredOriginID>
  <preferredMagnitudeID>quakeml:eu.emsc/event/20020906_0000019/origin/1400206/mag/1</preferredMagnitudeID>
  <creationInfo>
    <agencyURI>smi:smi-registry/organization/EMSC</agencyURI>
    <authorURI>smi:smi-registry/organization/EMSC</authorURI>
    <creationTime>2014-12-03T11:34:33.902423Z</creationTime>
  </creationInfo>
  <description>
    <text>CENTRAL ITALY</text>
    <type>Flinn-Engdahl region</type>
  </description>
  <origin publicID="quakeml:eu.emsc/event/20020906_0000019/origin/1400206">
    <time>
      <value>2002-09-06T10:50:12.9Z</value>
      <uncertainty>0.28</uncertainty>
    </time>
    <latitude>
      <value>43.6157</value>
      <uncertainty>6.5</uncertainty>
    </latitude>
    <longitude>
      <value>12.6735</value>
      <uncertainty>5.7</uncertainty>
    </longitude>
    <depth>
      <value>15000</value>
    </depth>
    <depthType>from location</depthType>
    <methodID>smi:eu.emsc-csem/origin_method/NA</methodID>
    <quality>
      <usedPhaseCount>44</usedPhaseCount>
      <usedStationCount>36</usedStationCount>
      <standardError>1.15</standardError>
      <azimuthalGap>99</azimuthalGap>
      <minimumDistance>0.23</minimumDistance>
      <maximumDistance>8.67</maximumDistance>
    </quality>
    <evaluationMode>manual</evaluationMode>
    <creationInfo>
      <agencyURI>smi:smi-registry/organization/EMSC</agencyURI>
      <authorURI>smi:smi-registry/organization/EMSC</authorURI>
    </creationInfo>
    <originUncertainty>
      <azimuthMaxHorizontalUncertainty>97</azimuthMaxHorizontalUncertainty>
    </originUncertainty>
  </origin>
  <magnitude publicID="quakeml:eu.emsc/event/20020906_0000019/origin/1400206/mag/1">
    <mag>
      <value>2.8</value>
      <uncertainty>0.2</uncertainty>
    </mag>
    <type>ML</type>
    <originID>quakeml:eu.emsc/event/20020906_0000019/origin/1400206</originID>
    <stationCount>5</stationCount>
    <creationInfo>
      <agencyURI>smi:smi-registry/organization/EMSC</agencyURI>
      <authorURI>smi:smi-registry/organization/EMSC</authorURI>
    </creationInfo>
  </magnitude>
</event>
<event publicID="quakeml:eu.emsc/event/20020906_0000025">
  <preferredOriginID>quakeml:eu.emsc/event/20020906_0000025/origin/1412228</preferredOriginID>
  <preferredMagnitudeID>quakeml:eu.emsc/event/20020906_0000025/origin/1412228/mag/2</preferredMagnitudeID>
  <creationInfo>
    <agencyURI>smi:smi-registry/organization/EMSC</agencyURI>
    <authorURI>smi:smi-registry/organization/EMSC</authorURI>
    <creationTime>2014-12-10T18:39:31.699545Z</creationTime>
  </creationInfo>
  <description>
    <text>NORTHERN ITALY</text>
    <type>Flinn-Engdahl region</type>
  </description>
  <origin publicID="quakeml:eu.emsc/event/20020906_0000025/origin/1412228">
    <time>
      <value>2002-09-06T09:49:17.3Z</value>
    </time>
    <latitude>
      <value>44.5153</value>
      <uncertainty>9999.9</uncertainty>
    </latitude>
    <longitude>
      <value>7.2068</value>
      <uncertainty>9999.9</uncertainty>
    </longitude>
    <depth>
      <value>16000</value>
    </depth>
    <depthType>from location</depthType>
    <methodID>smi:eu.emsc-csem/origin_method/NA</methodID>
    <quality>
      <usedPhaseCount>11</usedPhaseCount>
      <usedStationCount>7</usedStationCount>
      <standardError>4.92</standardError>
      <azimuthalGap>110</azimuthalGap>
      <minimumDistance>0.08</minimumDistance>
      <maximumDistance>0.59</maximumDistance>
    </quality>
    <evaluationMode>manual</evaluationMode>
    <creationInfo>
      <agencyURI>smi:smi-registry/organization/EMSC</agencyURI>
      <authorURI>smi:smi-registry/organization/EMSC</authorURI>
    </creationInfo>
    <originUncertainty>
      <azimuthMaxHorizontalUncertainty>-99</azimuthMaxHorizontalUncertainty>
    </originUncertainty>
  </origin>
  <magnitude publicID="quakeml:eu.emsc/event/20020906_0000025/origin/1412228/mag/2">
    <mag>
      <value>1.7</value>
    </mag>
    <type>ML</type>
    <originID>quakeml:eu.emsc/event/20020906_0000025/origin/1412228</originID>
    <creationInfo>
      <agencyURI>smi:smi-registry/organization/EMSC</agencyURI>
      <authorURI>smi:smi-registry/organization/EMSC</authorURI>
    </creationInfo>
  </magnitude>
</event>
<event publicID="quakeml:eu.emsc/event/20020906_0000018">
  <preferredOriginID>quakeml:eu.emsc/event/20020906_0000018/origin/1400210</preferredOriginID>
  <preferredMagnitudeID>quakeml:eu.emsc/event/20020906_0000018/origin/1400210/mag/2</preferredMagnitudeID>
  <creationInfo>
    <agencyURI>smi:smi-registry/organization/EMSC</agencyURI>
    <authorURI>smi:smi-registry/organization/EMSC</authorURI>
    <creationTime>2014-12-03T11:52:01.136194Z</creationTime>
  </creationInfo>
  <description>
    <text>SICILY, ITALY</text>
    <type>Flinn-Engdahl region</type>
  </description>
  <origin publicID="quakeml:eu.emsc/event/20020906_0000018/origin/1400210">
    <time>
      <value>2002-09-06T06:15:55.3Z</value>
      <uncertainty>0.15</uncertainty>
    </time>
    <latitude>
      <value>38.3774</value>
      <uncertainty>4.6</uncertainty>
    </latitude>
    <longitude>
      <value>13.6244</value>
      <uncertainty>3.7</uncertainty>
    </longitude>
    <depth>
      <value>15000</value>
    </depth>
    <depthType>from location</depthType>
    <methodID>smi:eu.emsc-csem/origin_method/NA</methodID>
    <quality>
      <usedPhaseCount>45</usedPhaseCount>
      <usedStationCount>45</usedStationCount>
      <standardError>0.81</standardError>
      <azimuthalGap>60</azimuthalGap>
      <minimumDistance>0.3</minimumDistance>
      <maximumDistance>90.76</maximumDistance>
    </quality>
    <evaluationMode>manual</evaluationMode>
    <creationInfo>
      <agencyURI>smi:smi-registry/organization/EMSC</agencyURI>
      <authorURI>smi:smi-registry/organization/EMSC</authorURI>
    </creationInfo>
    <originUncertainty>
      <azimuthMaxHorizontalUncertainty>31</azimuthMaxHorizontalUncertainty>
    </originUncertainty>
  </origin>
  <magnitude publicID="quakeml:eu.emsc/event/20020906_0000018/origin/1400210/mag/2">
    <mag>
      <value>4</value>
    </mag>
    <type>mb</type>
    <originID>quakeml:eu.emsc/event/20020906_0000018/origin/1400210</originID>
    <stationCount>2</stationCount>
    <creationInfo>
      <agencyURI>smi:smi-registry/organization/EMSC</agencyURI>
      <authorURI>smi:smi-registry/organization/EMSC</authorURI>
    </creationInfo>
  </magnitude>
</event>
<event publicID="quakeml:eu.emsc/event/20020906_0000017">
  <preferredOriginID>quakeml:eu.emsc/event/20020906_0000017/origin/1403116</preferredOriginID>
  <preferredMagnitudeID>quakeml:eu.emsc/event/20020906_0000017/origin/1403116/mag/2</preferredMagnitudeID>
  <creationInfo>
    <agencyURI>smi:smi-registry/organization/EMSC</agencyURI>
    <authorURI>smi:smi-registry/organization/EMSC</authorURI>
    <creationTime>2014-12-03T11:25:31.695813Z</creationTime>
  </creationInfo>
  <description>
    <text>ROMANIA</text>
    <type>Flinn-Engdahl region</type>
  </description>
  <origin publicID="quakeml:eu.emsc/event/20020906_0000017/origin/1403116">
    <time>
      <value>2002-09-06T05:04:03.1Z</value>
      <uncertainty>0.17</uncertainty>
    </time>
    <latitude>
      <value>45.5474</value>
      <uncertainty>5.4</uncertainty>
    </latitude>
    <longitude>
      <value>26.4426</value>
      <uncertainty>3.9</uncertainty>
    </longitude>
    <depth>
      <value>100000</value>
    </depth>
    <depthType>from location</depthType>
    <methodID>smi:eu.emsc-csem/origin_method/NA</methodID>
    <quality>
      <usedPhaseCount>81</usedPhaseCount>
      <usedStationCount>69</usedStationCount>
      <standardError>1.21</standardError>
      <azimuthalGap>39</azimuthalGap>
      <minimumDistance>0.35</minimumDistance>
      <maximumDistance>24.28</maximumDistance>
    </quality>
    <evaluationMode>manual</evaluationMode>
    <creationInfo>
      <agencyURI>smi:smi-registry/organization/EMSC</agencyURI>
      <authorURI>smi:smi-registry/organization/EMSC</authorURI>
    </creationInfo>
    <originUncertainty>
      <azimuthMaxHorizontalUncertainty>24</azimuthMaxHorizontalUncertainty>
    </originUncertainty>
  </origin>
  <magnitude publicID="quakeml:eu.emsc/event/20020906_0000017/origin/1403116/mag/2">
    <mag>
      <value>4.4</value>
      <uncertainty>0.2</uncertainty>
    </mag>
    <type>MD</type>
    <originID>quakeml:eu.emsc/event/20020906_0000017/origin/1403116</originID>
    <stationCount>8</stationCount>
    <creationInfo>
      <agencyURI>smi:smi-registry/organization/EMSC</agencyURI>
      <authorURI>smi:smi-registry/organization/EMSC</authorURI>
    </creationInfo>
  </magnitude>
</event>
<event publicID="quakeml:eu.emsc/event/20020906_0000016">
  <preferredOriginID>quakeml:eu.emsc/event/20020906_0000016/origin/1400214</preferredOriginID>
  <preferredMagnitudeID>quakeml:eu.emsc/event/20020906_0000016/origin/1400214/mag/1</preferredMagnitudeID>
  <creationInfo>
    <agencyURI>smi:smi-registry/organization/EMSC</agencyURI>
    <authorURI>smi:smi-registry/organization/EMSC</authorURI>
    <creationTime>2014-12-03T11:44:56.132539Z</creationTime>
  </creationInfo>
  <description>
    <text>NORTHERN ITALY</text>
    <type>Flinn-Engdahl region</type>
  </description>
  <origin publicID="quakeml:eu.emsc/event/20020906_0000016/origin/1400214">
    <time>
      <value>2002-09-06T04:56:47.4Z</value>
      <uncertainty>0.15</uncertainty>
    </time>
    <latitude>
      <value>44.0045</value>
      <uncertainty>4.3</uncertainty>
    </latitude>
    <longitude>
      <value>11.2109</value>
      <uncertainty>3.2</uncertainty>
    </longitude>
    <depth>
      <value>10000</value>
    </depth>
    <depthType>from location</depthType>
    <methodID>smi:eu.emsc-csem/origin_method/NA</methodID>
    <quality>
      <usedPhaseCount>49</usedPhaseCount>
      <usedStationCount>32</usedStationCount>
      <standardError>1.19</standardError>
      <azimuthalGap>39</azimuthalGap>
      <minimumDistance>0.12</minimumDistance>
      <maximumDistance>5.83</maximumDistance>
    </quality>
    <evaluationMode>manual</evaluationMode>
    <creationInfo>
      <agencyURI>smi:smi-registry/organization/EMSC</agencyURI>
      <authorURI>smi:smi-registry/organization/EMSC</authorURI>
    </creationInfo>
    <originUncertainty>
      <azimuthMaxHorizontalUncertainty>27</azimuthMaxHorizontalUncertainty>
    </originUncertainty>
  </origin>
  <magnitude publicID="quakeml:eu.emsc/event/20020906_0000016/origin/1400214/mag/1">
    <mag>
      <value>2.9</value>
      <uncertainty>0.2</uncertainty>
    </mag>
    <type>ML</type>
    <originID>quakeml:eu.emsc/event/20020906_0000016/origin/1400214</originID>
    <stationCount>10</stationCount>
    <creationInfo>
      <agencyURI>smi:smi-registry/organization/EMSC</agencyURI>
      <authorURI>smi:smi-registry/organization/EMSC</authorURI>
    </creationInfo>
  </magnitude>
</event>
<event publicID="quakeml:eu.emsc/event/20020906_0000015">
  <preferredOriginID>quakeml:eu.emsc/event/20020906_0000015/origin/1434754</preferredOriginID>
  <preferredMagnitudeID>quakeml:eu.emsc/event/20020906_0000015/origin/1434754/mag/2</preferredMagnitudeID>
  <creationInfo>
    <agencyURI>smi:smi-registry/organization/EMSC</agencyURI>
    <authorURI>smi:smi-registry/organization/EMSC</authorURI>
    <creationTime>2014-12-03T10:21:04.427921Z</creationTime>
  </creationInfo>
  <description>
    <text>SICILY, ITALY</text>
    <type>Flinn-Engdahl region</type>
  </description>
  <origin publicID="quakeml:eu.emsc/event/20020906_0000015/origin/1434754">
    <time>
      <value>2002-09-06T04:25:06.7Z</value>
      <uncertainty>0.16</uncertainty>
    </time>
    <latitude>
      <value>38.4765</value>
      <uncertainty>5</uncertainty>
    </latitude>
    <longitude>
      <value>13.7307</value>
      <uncertainty>3.5</uncertainty>
    </longitude>
    <depth>
      <value>20000</value>
    </depth>
    <depthType>from location</depthType>
    <methodID>smi:eu.emsc-csem/origin_method/NA</methodID>
    <quality>
      <usedPhaseCount>25</usedPhaseCount>
      <usedStationCount>21</usedStationCount>
      <standardError>0.87</standardError>
      <azimuthalGap>79</azimuthalGap>
      <minimumDistance>0.54</minimumDistance>
      <maximumDistance>11.71</maximumDistance>
    </quality>
    <evaluationMode>manual</evaluationMode>
    <creationInfo>
      <agencyURI>smi:smi-registry/organization/EMSC</agencyURI>
      <authorURI>smi:smi-registry/organization/EMSC</authorURI>
    </creationInfo>
    <originUncertainty>
      <azimuthMaxHorizontalUncertainty>36</azimuthMaxHorizontalUncertainty>
    </originUncertainty>
  </origin>
  <magnitude publicID="quakeml:eu.emsc/event/20020906_0000015/origin/1434754/mag/2">
    <mag>
      <value>3.3</value>
    </mag>
    <type>ML</type>
    <originID>quakeml:eu.emsc/event/20020906_0000015/origin/1434754</originID>
    <creationInfo>
      <agencyURI>smi:smi-registry/organization/EMSC</agencyURI>
      <authorURI>smi:smi-registry/organization/EMSC</authorURI>
    </creationInfo>
  </magnitude>
</event>
<event publicID="quakeml:eu.emsc/event/20020906_0000014">
  <preferredOriginID>quakeml:eu.emsc/event/20020906_0000014/origin/1400222</preferredOriginID>
  <preferredMagnitudeID>quakeml:eu.emsc/event/20020906_0000014/origin/1400222/mag/2</preferredMagnitudeID>
  <creationInfo>
    <agencyURI>smi:smi-registry/organization/EMSC</agencyURI>
    <authorURI>smi:smi-registry/organization/EMSC</authorURI>
    <creationTime>2014-12-03T10:53:53.991308Z</creationTime>
  </creationInfo>
  <description>
    <text>SICILY, ITALY</text>
    <type>Flinn-Engdahl region</type>
  </description>
  <origin publicID="quakeml:eu.emsc/event/20020906_0000014/origin/1400222">
    <time>
      <value>2002-09-06T03:47:07.6Z</value>
      <uncertainty>0.22</uncertainty>
    </time>
    <latitude>
      <value>38.3313</value>
      <uncertainty>6.8</uncertainty>
    </latitude>
    <longitude>
      <value>13.6665</value>
      <uncertainty>4.9</uncertainty>
    </longitude>
    <depth>
      <value>20000</value>
    </depth>
    <depthType>from location</depthType>
    <methodID>smi:eu.emsc-csem/origin_method/NA</methodID>
    <quality>
      <usedPhaseCount>57</usedPhaseCount>
      <usedStationCount>56</usedStationCount>
      <standardError>1.17</standardError>
      <azimuthalGap>63</azimuthalGap>
      <minimumDistance>0.44</minimumDistance>
      <maximumDistance>76.1</maximumDistance>
    </quality>
    <evaluationMode>manual</evaluationMode>
    <creationInfo>
      <agencyURI>smi:smi-registry/organization/EMSC</agencyURI>
      <authorURI>smi:smi-registry/organization/EMSC</authorURI>
    </creationInfo>
    <originUncertainty>
      <azimuthMaxHorizontalUncertainty>38</azimuthMaxHorizontalUncertainty>
    </originUncertainty>
  </origin>
  <magnitude publicID="quakeml:eu.emsc/event/20020906_0000014/origin/1400222/mag/2">
    <mag>
      <value>3.8</value>
    </mag>
    <type>mb</type>
    <originID>quakeml:eu.emsc/event/20020906_0000014/origin/1400222</originID>
    <stationCount>1</stationCount>
    <creationInfo>
      <agencyURI>smi:smi-registry/organization/EMSC</agencyURI>
      <authorURI>smi:smi-registry/organization/EMSC</authorURI>
    </creationInfo>
  </magnitude>
</event>
<event publicID="quakeml:eu.emsc/event/20020906_0000013">
  <preferredOriginID>quakeml:eu.emsc/event/20020906_0000013/origin/1400225</preferredOriginID>
  <preferredMagnitudeID>quakeml:eu.emsc/event/20020906_0000013/origin/1400225/mag/2</preferredMagnitudeID>
  <creationInfo>
    <agencyURI>smi:smi-registry/organization/EMSC</agencyURI>
    <authorURI>smi:smi-registry/organization/EMSC</authorURI>
    <creationTime>2014-12-03T11:47:56.833013Z</creationTime>
  </creationInfo>
  <description>
    <text>SICILY, ITALY</text>
    <type>Flinn-Engdahl region</type>
  </description>
  <origin publicID="quakeml:eu.emsc/event/20020906_0000013/origin/1400225">
    <time>
      <value>2002-09-06T03:37:55.6Z</value>
      <uncertainty>0.26</uncertainty>
    </time>
    <latitude>
      <value>38.4866</value>
      <uncertainty>10.3</uncertainty>
    </latitude>
    <longitude>
      <value>13.689</value>
      <uncertainty>6.1</uncertainty>
    </longitude>
    <depth>
      <value>40000</value>
    </depth>
    <depthType>from location</depthType>
    <methodID>smi:eu.emsc-csem/origin_method/NA</methodID>
    <quality>
      <usedPhaseCount>19</usedPhaseCount>
      <usedStationCount>16</usedStationCount>
      <standardError>1.03</standardError>
      <azimuthalGap>78</azimuthalGap>
      <minimumDistance>0.9</minimumDistance>
      <maximumDistance>11.62</maximumDistance>
    </quality>
    <evaluationMode>manual</evaluationMode>
    <creationInfo>
      <agencyURI>smi:smi-registry/organization/EMSC</agencyURI>
      <authorURI>smi:smi-registry/organization/EMSC</authorURI>
    </creationInfo>
    <originUncertainty>
      <azimuthMaxHorizontalUncertainty>37</azimuthMaxHorizontalUncertainty>
    </originUncertainty>
  </origin>
  <magnitude publicID="quakeml:eu.emsc/event/20020906_0000013/origin/1400225/mag/2">
    <mag>
      <value>3.3</value>
      <uncertainty>0.1</uncertainty>
    </mag>
    <type>ML</type>
    <originID>quakeml:eu.emsc/event/20020906_0000013/origin/1400225</originID>
    <stationCount>4</stationCount>
    <creationInfo>
      <agencyURI>smi:smi-registry/organization/EMSC</agencyURI>
      <authorURI>smi:smi-registry/organization/EMSC</authorURI>
    </creationInfo>
  </magnitude>
</event>
<event publicID="quakeml:eu.emsc/event/20020906_0000026">
  <preferredOriginID>quakeml:eu.emsc/event/20020906_0000026/origin/1412230</preferredOriginID>
  <preferredMagnitudeID>quakeml:eu.emsc/event/20020906_0000026/origin/1412230/mag/2</preferredMagnitudeID>
  <creationInfo>
    <agencyURI>smi:smi-registry/organization/EMSC</agencyURI>
    <authorURI>smi:smi-registry/organization/EMSC</authorURI>
    <creationTime>2014-12-10T18:39:31.183925Z</creationTime>
  </creationInfo>
  <description>
    <text>NORTHERN ITALY</text>
    <type>Flinn-Engdahl region</type>
  </description>
  <origin publicID="quakeml:eu.emsc/event/20020906_0000026/origin/1412230">
    <time>
      <value>2002-09-06T03:18:16.3Z</value>
    </time>
    <latitude>
      <value>44.5458</value>
      <uncertainty>9999.9</uncertainty>
    </latitude>
    <longitude>
      <value>7.181</value>
      <uncertainty>9999.9</uncertainty>
    </longitude>
    <depth>
      <value>17400.0</value>
    </depth>
    <depthType>from location</depthType>
    <methodID>smi:eu.emsc-csem/origin_method/NA</methodID>
    <quality>
      <usedPhaseCount>12</usedPhaseCount>
      <usedStationCount>7</usedStationCount>
      <standardError>2.16</standardError>
      <azimuthalGap>142</azimuthalGap>
      <minimumDistance>0.07</minimumDistance>
      <maximumDistance>0.62</maximumDistance>
    </quality>
    <evaluationMode>manual</evaluationMode>
    <creationInfo>
      <agencyURI>smi:smi-registry/organization/EMSC</agencyURI>
      <authorURI>smi:smi-registry/organization/EMSC</authorURI>
    </creationInfo>
    <originUncertainty>
      <azimuthMaxHorizontalUncertainty>-99</azimuthMaxHorizontalUncertainty>
    </originUncertainty>
  </origin>
  <magnitude publicID="quakeml:eu.emsc/event/20020906_0000026/origin/1412230/mag/2">
    <mag>
      <value>1.8</value>
    </mag>
    <type>ML</type>
    <originID>quakeml:eu.emsc/event/20020906_0000026/origin/1412230</originID>
    <creationInfo>
      <agencyURI>smi:smi-registry/organization/EMSC</agencyURI>
      <authorURI>smi:smi-registry/organization/EMSC</authorURI>
    </creationInfo>
  </magnitude>
</event>
<event publicID="quakeml:eu.emsc/event/20020906_0000012">
  <preferredOriginID>quakeml:eu.emsc/event/20020906_0000012/origin/1434750</preferredOriginID>
  <preferredMagnitudeID>quakeml:eu.emsc/event/20020906_0000012/origin/1434750/mag/2</preferredMagnitudeID>
  <creationInfo>
    <agencyURI>smi:smi-registry/organization/EMSC</agencyURI>
    <authorURI>smi:smi-registry/organization/EMSC</authorURI>
    <creationTime>2014-12-03T11:46:14.5442Z</creationTime>
  </creationInfo>
  <description>
    <text>SICILY, ITALY</text>
    <type>Flinn-Engdahl region</type>
  </description>
  <origin publicID="quakeml:eu.emsc/event/20020906_0000012/origin/1434750">
    <time>
      <value>2002-09-06T03:13:22.6Z</value>
      <uncertainty>0.18</uncertainty>
    </time>
    <latitude>
      <value>38.4453</value>
      <uncertainty>5</uncertainty>
    </latitude>
    <longitude>
      <value>13.7136</value>
      <uncertainty>4.3</uncertainty>
    </longitude>
    <depth>
      <value>15000</value>
    </depth>
    <depthType>from location</depthType>
    <methodID>smi:eu.emsc-csem/origin_method/NA</methodID>
    <quality>
      <usedPhaseCount>25</usedPhaseCount>
      <usedStationCount>20</usedStationCount>
      <standardError>0.79</standardError>
      <azimuthalGap>76</azimuthalGap>
      <minimumDistance>0.4</minimumDistance>
      <maximumDistance>11.71</maximumDistance>
    </quality>
    <evaluationMode>manual</evaluationMode>
    <creationInfo>
      <agencyURI>smi:smi-registry/organization/EMSC</agencyURI>
      <authorURI>smi:smi-registry/organization/EMSC</authorURI>
    </creationInfo>
    <originUncertainty>
      <azimuthMaxHorizontalUncertainty>26</azimuthMaxHorizontalUncertainty>
    </originUncertainty>
  </origin>
  <magnitude publicID="quakeml:eu.emsc/event/20020906_0000012/origin/1434750/mag/2">
    <mag>
      <value>3.1</value>
    </mag>
    <type>ML</type>
    <originID>quakeml:eu.emsc/event/20020906_0000012/origin/1434750</originID>
    <creationInfo>
      <agencyURI>smi:smi-registry/organization/EMSC</agencyURI>
      <authorURI>smi:smi-registry/organization/EMSC</authorURI>
    </creationInfo>
  </magnitude>
</event>
<event publicID="quakeml:eu.emsc/event/20020906_0000011">
  <preferredOriginID>quakeml:eu.emsc/event/20020906_0000011/origin/1400231</preferredOriginID>
  <creationInfo>
    <agencyURI>smi:smi-registry/organization/EMSC</agencyURI>
    <authorURI>smi:smi-registry/organization/EMSC</authorURI>
    <creationTime>2014-12-03T11:28:03.40338Z</creationTime>
  </creationInfo>
  <description>
    <text>SICILY, ITALY</text>
    <type>Flinn-Engdahl region</type>
  </description>
  <origin publicID="quakeml:eu.emsc/event/20020906_0000011/origin/1400231">
    <time>
      <value>2002-09-06T02:56:21.5Z</value>
      <uncertainty>1.34</uncertainty>
    </time>
    <latitude>
      <value>38.4214</value>
      <uncertainty>29.4</uncertainty>
    </latitude>
    <longitude>
      <value>13.6056</value>
      <uncertainty>13.7</uncertainty>
    </longitude>
    <depth>
      <value>5000</value>
    </depth>
    <depthType>from location</depthType>
    <methodID>smi:eu.emsc-csem/origin_method/NA</methodID>
    <quality>
      <usedPhaseCount>7</usedPhaseCount>
      <usedStationCount>5</usedStationCount>
      <standardError>1.22</standardError>
      <azimuthalGap>226</azimuthalGap>
      <minimumDistance>0.44</minimumDistance>
      <maximumDistance>9.44</maximumDistance>
    </quality>
    <evaluationMode>manual</evaluationMode>
    <creationInfo>
      <agencyURI>smi:smi-registry/organization/EMSC</agencyURI>
      <authorURI>smi:smi-registry/organization/EMSC</authorURI>
    </creationInfo>
    <originUncertainty>
      <azimuthMaxHorizontalUncertainty>63</azimuthMaxHorizontalUncertainty>
    </originUncertainty>
  </origin>
</event>
<event publicID="quakeml:eu.emsc/event/20020906_0000010">
  <preferredOriginID>quakeml:eu.emsc/event/20020906_0000010/origin/1434746</preferredOriginID>
  <preferredMagnitudeID>quakeml:eu.emsc/event/20020906_0000010/origin/1434746/mag/2</preferredMagnitudeID>
  <creationInfo>
    <agencyURI>smi:smi-registry/organization/EMSC</agencyURI>
    <authorURI>smi:smi-registry/organization/EMSC</authorURI>
    <creationTime>2014-12-03T11:32:52.491338Z</creationTime>
  </creationInfo>
  <description>
    <text>SICILY, ITALY</text>
    <type>Flinn-Engdahl region</type>
  </description>
  <origin publicID="quakeml:eu.emsc/event/20020906_0000010/origin/1434746">
    <time>
      <value>2002-09-06T02:15:54.0Z</value>
      <uncertainty>0.25</uncertainty>
    </time>
    <latitude>
      <value>38.4802</value>
      <uncertainty>5.1</uncertainty>
    </latitude>
    <longitude>
      <value>13.8081</value>
      <uncertainty>3.4</uncertainty>
    </longitude>
    <depth>
      <value>18900.0</value>
      <uncertainty>2.2</uncertainty>
    </depth>
    <depthType>from location</depthType>
    <methodID>smi:eu.emsc-csem/origin_method/NA</methodID>
    <quality>
      <usedPhaseCount>35</usedPhaseCount>
      <usedStationCount>27</usedStationCount>
      <standardError>0.93</standardError>
      <azimuthalGap>78</azimuthalGap>
      <minimumDistance>0.47</minimumDistance>
      <maximumDistance>10.02</maximumDistance>
    </quality>
    <evaluationMode>manual</evaluationMode>
    <creationInfo>
      <agencyURI>smi:smi-registry/organization/EMSC</agencyURI>
      <authorURI>smi:smi-registry/organization/EMSC</authorURI>
    </creationInfo>
    <originUncertainty>
      <azimuthMaxHorizontalUncertainty>30</azimuthMaxHorizontalUncertainty>
    </originUncertainty>
  </origin>
  <magnitude publicID="quakeml:eu.emsc/event/20020906_0000010/origin/1434746/mag/2">
    <mag>
      <value>3.5</value>
    </mag>
    <type>ML</type>
    <originID>quakeml:eu.emsc/event/20020906_0000010/origin/1434746</originID>
    <creationInfo>
      <agencyURI>smi:smi-registry/organization/EMSC</agencyURI>
      <authorURI>smi:smi-registry/organization/EMSC</authorURI>
    </creationInfo>
  </magnitude>
</event>
<event publicID="quakeml:eu.emsc/event/20020906_0000009">
  <preferredOriginID>quakeml:eu.emsc/event/20020906_0000009/origin/1400239</preferredOriginID>
  <preferredMagnitudeID>quakeml:eu.emsc/event/20020906_0000009/origin/1400239/mag/2</preferredMagnitudeID>
  <creationInfo>
    <agencyURI>smi:smi-registry/organization/EMSC</agencyURI>
    <authorURI>smi:smi-registry/organization/EMSC</authorURI>
    <creationTime>2014-12-03T12:16:02.483596Z</creationTime>
  </creationInfo>
  <description>
    <text>SICILY, ITALY</text>
    <type>Flinn-Engdahl region</type>
  </description>
  <origin publicID="quakeml:eu.emsc/event/20020906_0000009/origin/1400239">
    <time>
      <value>2002-09-06T02:08:59.0Z</value>
      <uncertainty>0.2</uncertainty>
    </time>
    <latitude>
      <value>38.4455</value>
      <uncertainty>6.3</uncertainty>
    </latitude>
    <longitude>
      <value>13.7267</value>
      <uncertainty>5.1</uncertainty>
    </longitude>
    <depth>
      <value>10000</value>
    </depth>
    <depthType>from location</depthType>
    <methodID>smi:eu.emsc-csem/origin_method/NA</methodID>
    <quality>
      <usedPhaseCount>57</usedPhaseCount>
      <usedStationCount>56</usedStationCount>
      <standardError>1.27</standardError>
      <azimuthalGap>32</azimuthalGap>
      <minimumDistance>0.4</minimumDistance>
      <maximumDistance>76</maximumDistance>
    </quality>
    <evaluationMode>manual</evaluationMode>
    <creationInfo>
      <agencyURI>smi:smi-registry/organization/EMSC</agencyURI>
      <authorURI>smi:smi-registry/organization/EMSC</authorURI>
    </creationInfo>
    <originUncertainty>
      <azimuthMaxHorizontalUncertainty>38</azimuthMaxHorizontalUncertainty>
    </originUncertainty>
  </origin>
  <magnitude publicID="quakeml:eu.emsc/event/20020906_0000009/origin/1400239/mag/2">
    <mag>
      <value>3.9</value>
    </mag>
    <type>mb</type>
    <originID>quakeml:eu.emsc/event/20020906_0000009/origin/1400239</originID>
    <stationCount>4</stationCount>
    <creationInfo>
      <agencyURI>smi:smi-registry/organization/EMSC</agencyURI>
      <authorURI>smi:smi-registry/organization/EMSC</authorURI>
    </creationInfo>
  </magnitude>
</event>
<event publicID="quakeml:eu.emsc/event/20020906_0000008">
  <preferredOriginID>quakeml:eu.emsc/event/20020906_0000008/origin/1400246</preferredOriginID>
  <preferredMagnitudeID>quakeml:eu.emsc/event/20020906_0000008/origin/1400246/mag/1</preferredMagnitudeID>
  <creationInfo>
    <agencyURI>smi:smi-registry/organization/EMSC</agencyURI>
    <authorURI>smi:smi-registry/organization/EMSC</authorURI>
    <creationTime>2014-12-03T11:07:41.913068Z</creationTime>
  </creationInfo>
  <description>
    <text>SICILY, ITALY</text>
    <type>Flinn-Engdahl region</type>
  </description>
  <origin publicID="quakeml:eu.emsc/event/20020906_0000008/origin/1400246">
    <time>
      <value>2002-09-06T01:45:32.5Z</value>
      <uncertainty>0.17</uncertainty>
    </time>
    <latitude>
      <value>38.3209</value>
      <uncertainty>5.1</uncertainty>
    </latitude>
    <longitude>
      <value>13.6947</value>
      <uncertainty>3.6</uncertainty>
    </longitude>
    <depth>
      <value>20000</value>
    </depth>
    <depthType>from location</depthType>
    <methodID>smi:eu.emsc-csem/origin_method/NA</methodID>
    <quality>
      <usedPhaseCount>140</usedPhaseCount>
      <usedStationCount>140</usedStationCount>
      <standardError>1.1</standardError>
      <azimuthalGap>61</azimuthalGap>
      <minimumDistance>0.83</minimumDistance>
      <maximumDistance>84.25</maximumDistance>
    </quality>
    <evaluationMode>manual</evaluationMode>
    <creationInfo>
      <agencyURI>smi:smi-registry/organization/EMSC</agencyURI>
      <authorURI>smi:smi-registry/organization/EMSC</authorURI>
    </creationInfo>
    <originUncertainty>
      <azimuthMaxHorizontalUncertainty>12</azimuthMaxHorizontalUncertainty>
    </originUncertainty>
  </origin>
  <magnitude publicID="quakeml:eu.emsc/event/20020906_0000008/origin/1400246/mag/1">
    <mag>
      <value>4.7</value>
      <uncertainty>0.4</uncertainty>
    </mag>
    <type>mb</type>
    <originID>quakeml:eu.emsc/event/20020906_0000008/origin/1400246</originID>
    <stationCount>11</stationCount>
    <creationInfo>
      <agencyURI>smi:smi-registry/organization/EMSC</agencyURI>
      <authorURI>smi:smi-registry/organization/EMSC</authorURI>
    </creationInfo>
  </magnitude>
</event>
<event publicID="quakeml:eu.emsc/event/20020906_0000007">
  <preferredOriginID>quakeml:eu.emsc/event/20020906_0000007/origin/1400250</preferredOriginID>
  <preferredMagnitudeID>quakeml:eu.emsc/event/20020906_0000007/origin/1400250/mag/2</preferredMagnitudeID>
  <creationInfo>
    <agencyURI>smi:smi-registry/organization/EMSC</agencyURI>
    <authorURI>smi:smi-registry/organization/EMSC</authorURI>
    <creationTime>2014-12-03T11:03:54.660893Z</creationTime>
  </creationInfo>
  <description>
    <text>SICILY, ITALY</text>
    <type>Flinn-Engdahl region</type>
  </description>
  <origin publicID="quakeml:eu.emsc/event/20020906_0000007/origin/1400250">
    <time>
      <value>2002-09-06T01:39:54.6Z</value>
      <uncertainty>0.27</uncertainty>
    </time>
    <latitude>
      <value>38.3225</value>
      <uncertainty>7.5</uncertainty>
    </latitude>
    <longitude>
      <value>13.6495</value>
      <uncertainty>6</uncertainty>
    </longitude>
    <depth>
      <value>30000</value>
    </depth>
    <depthType>from location</depthType>
    <methodID>smi:eu.emsc-csem/origin_method/NA</methodID>
    <quality>
      <usedPhaseCount>52</usedPhaseCount>
      <usedStationCount>49</usedStationCount>
      <standardError>1.23</standardError>
      <azimuthalGap>64</azimuthalGap>
      <minimumDistance>0.28</minimumDistance>
      <maximumDistance>72.26</maximumDistance>
    </quality>
    <evaluationMode>manual</evaluationMode>
    <creationInfo>
      <agencyURI>smi:smi-registry/organization/EMSC</agencyURI>
      <authorURI>smi:smi-registry/organization/EMSC</authorURI>
    </creationInfo>
    <originUncertainty>
      <azimuthMaxHorizontalUncertainty>14</azimuthMaxHorizontalUncertainty>
    </originUncertainty>
  </origin>
  <magnitude publicID="quakeml:eu.emsc/event/20020906_0000007/origin/1400250/mag/2">
    <mag>
      <value>3.8</value>
    </mag>
    <type>mb</type>
    <originID>quakeml:eu.emsc/event/20020906_0000007/origin/1400250</originID>
    <stationCount>1</stationCount>
    <creationInfo>
      <agencyURI>smi:smi-registry/organization/EMSC</agencyURI>
      <authorURI>smi:smi-registry/organization/EMSC</authorURI>
    </creationInfo>
  </magnitude>
</event>
<event publicID="quakeml:eu.emsc/event/20020906_0000006">
  <preferredOriginID>quakeml:eu.emsc/event/20020906_0000006/origin/1400254</preferredOriginID>
  <preferredMagnitudeID>quakeml:eu.emsc/event/20020906_0000006/origin/1400254/mag/2</preferredMagnitudeID>
  <creationInfo>
    <agencyURI>smi:smi-registry/organization/EMSC</agencyURI>
    <authorURI>smi:smi-registry/organization/EMSC</authorURI>
    <creationTime>2014-12-03T11:32:16.139376Z</creationTime>
  </creationInfo>
  <description>
    <text>SICILY, ITALY</text>
    <type>Flinn-Engdahl region</type>
  </description>
  <origin publicID="quakeml:eu.emsc/event/20020906_0000006/origin/1400254">
    <time>
      <value>2002-09-06T01:33:17.0Z</value>
      <uncertainty>0.17</uncertainty>
    </time>
    <latitude>
      <value>38.3586</value>
      <uncertainty>4.9</uncertainty>
    </latitude>
    <longitude>
      <value>13.6465</value>
      <uncertainty>4.3</uncertainty>
    </longitude>
    <depth>
      <value>15000</value>
    </depth>
    <depthType>from location</depthType>
    <methodID>smi:eu.emsc-csem/origin_method/NA</methodID>
    <quality>
      <usedPhaseCount>74</usedPhaseCount>
      <usedStationCount>73</usedStationCount>
      <standardError>1.12</standardError>
      <azimuthalGap>30</azimuthalGap>
      <minimumDistance>0.3</minimumDistance>
      <maximumDistance>90.79</maximumDistance>
    </quality>
    <evaluationMode>manual</evaluationMode>
    <creationInfo>
      <agencyURI>smi:smi-registry/organization/EMSC</agencyURI>
      <authorURI>smi:smi-registry/organization/EMSC</authorURI>
    </creationInfo>
    <originUncertainty>
      <azimuthMaxHorizontalUncertainty>25</azimuthMaxHorizontalUncertainty>
    </originUncertainty>
  </origin>
  <magnitude publicID="quakeml:eu.emsc/event/20020906_0000006/origin/1400254/mag/2">
    <mag>
      <value>4.2</value>
    </mag>
    <type>mb</type>
    <originID>quakeml:eu.emsc/event/20020906_0000006/origin/1400254</originID>
    <stationCount>4</stationCount>
    <creationInfo>
      <agencyURI>smi:smi-registry/organization/EMSC</agencyURI>
      <authorURI>smi:smi-registry/organization/EMSC</authorURI>
    </creationInfo>
  </magnitude>
</event>
<event publicID="quakeml:eu.emsc/event/20020906_0000005">
  <preferredOriginID>quakeml:eu.emsc/event/20020906_0000005/origin/1400257</preferredOriginID>
  <preferredMagnitudeID>quakeml:eu.emsc/event/20020906_0000005/origin/1400257/mag/2</preferredMagnitudeID>
  <creationInfo>
    <agencyURI>smi:smi-registry/organization/EMSC</agencyURI>
    <authorURI>smi:smi-registry/organization/EMSC</authorURI>
    <creationTime>2014-12-03T11:02:04.925071Z</creationTime>
  </creationInfo>
  <description>
    <text>SICILY, ITALY</text>
    <type>Flinn-Engdahl region</type>
  </description>
  <origin publicID="quakeml:eu.emsc/event/20020906_0000005/origin/1400257">
    <time>
      <value>2002-09-06T01:31:52.4Z</value>
      <uncertainty>0.24</uncertainty>
    </time>
    <latitude>
      <value>38.4418</value>
      <uncertainty>8.6</uncertainty>
    </latitude>
    <longitude>
      <value>13.6226</value>
      <uncertainty>4.9</uncertainty>
    </longitude>
    <depth>
      <value>15000</value>
    </depth>
    <depthType>from location</depthType>
    <methodID>smi:eu.emsc-csem/origin_method/NA</methodID>
    <quality>
      <usedPhaseCount>17</usedPhaseCount>
      <usedStationCount>12</usedStationCount>
      <standardError>1.11</standardError>
      <azimuthalGap>119</azimuthalGap>
      <minimumDistance>0.61</minimumDistance>
      <maximumDistance>8.68</maximumDistance>
    </quality>
    <evaluationMode>manual</evaluationMode>
    <creationInfo>
      <agencyURI>smi:smi-registry/organization/EMSC</agencyURI>
      <authorURI>smi:smi-registry/organization/EMSC</authorURI>
    </creationInfo>
    <originUncertainty>
      <azimuthMaxHorizontalUncertainty>36</azimuthMaxHorizontalUncertainty>
    </originUncertainty>
  </origin>
  <magnitude publicID="quakeml:eu.emsc/event/20020906_0000005/origin/1400257/mag/2">
    <mag>
      <value>3.1</value>
      <uncertainty>0.2</uncertainty>
    </mag>
    <type>ML</type>
    <originID>quakeml:eu.emsc/event/20020906_0000005/origin/1400257</originID>
    <stationCount>2</stationCount>
    <creationInfo>
      <agencyURI>smi:smi-registry/organization/EMSC</agencyURI>
      <authorURI>smi:smi-registry/organization/EMSC</authorURI>
    </creationInfo>
  </magnitude>
</event>
<event publicID="quakeml:eu.emsc/event/20020906_0000003">
  <preferredOriginID>quakeml:eu.emsc/event/20020906_0000003/origin/1403159</preferredOriginID>
  <preferredMagnitudeID>quakeml:eu.emsc/event/20020906_0000003/origin/1403159/mag/3</preferredMagnitudeID>
  <creationInfo>
    <agencyURI>smi:smi-registry/organization/EMSC</agencyURI>
    <authorURI>smi:smi-registry/organization/EMSC</authorURI>
    <creationTime>2014-12-03T11:43:11.252193Z</creationTime>
  </creationInfo>
  <description>
    <text>SICILY, ITALY</text>
    <type>Flinn-Engdahl region</type>
  </description>
  <origin publicID="quakeml:eu.emsc/event/20020906_0000003/origin/1403159">
    <time>
      <value>2002-09-06T01:21:28.8Z</value>
      <uncertainty>0.09</uncertainty>
    </time>
    <latitude>
      <value>38.2887</value>
      <uncertainty>3.1</uncertainty>
    </latitude>
    <longitude>
      <value>13.6798</value>
      <uncertainty>2</uncertainty>
    </longitude>
    <depth>
      <value>10000</value>
    </depth>
    <depthType>from location</depthType>
    <methodID>smi:eu.emsc-csem/origin_method/NA</methodID>
    <quality>
      <usedPhaseCount>359</usedPhaseCount>
      <usedStationCount>350</usedStationCount>
      <standardError>1.01</standardError>
      <azimuthalGap>62</azimuthalGap>
      <minimumDistance>0.28</minimumDistance>
      <maximumDistance>83.49</maximumDistance>
    </quality>
    <evaluationMode>manual</evaluationMode>
    <creationInfo>
      <agencyURI>smi:smi-registry/organization/EMSC</agencyURI>
      <authorURI>smi:smi-registry/organization/EMSC</authorURI>
    </creationInfo>
    <originUncertainty>
      <azimuthMaxHorizontalUncertainty>22</azimuthMaxHorizontalUncertainty>
    </originUncertainty>
  </origin>
  <magnitude publicID="quakeml:eu.emsc/event/20020906_0000003/origin/1403159/mag/3">
    <mag>
      <value>5.9</value>
      <uncertainty>0.4</uncertainty>
    </mag>
    <type>mb</type>
    <originID>quakeml:eu.emsc/event/20020906_0000003/origin/1403159</originID>
    <stationCount>59</stationCount>
    <creationInfo>
      <agencyURI>smi:smi-registry/organization/EMSC</agencyURI>
      <authorURI>smi:smi-registry/organization/EMSC</authorURI>
    </creationInfo>
  </magnitude>
</event>
<event publicID="quakeml:eu.emsc/event/20020906_0000002">
  <preferredOriginID>quakeml:eu.emsc/event/20020906_0000002/origin/1400261</preferredOriginID>
  <preferredMagnitudeID>quakeml:eu.emsc/event/20020906_0000002/origin/1400261/mag/2</preferredMagnitudeID>
  <creationInfo>
    <agencyURI>smi:smi-registry/organization/EMSC</agencyURI>
    <authorURI>smi:smi-registry/organization/EMSC</authorURI>
    <creationTime>2014-12-03T11:52:31.747401Z</creationTime>
  </creationInfo>
  <description>
    <text>AEGEAN SEA</text>
    <type>Flinn-Engdahl region</type>
  </description>
  <origin publicID="quakeml:eu.emsc/event/20020906_0000002/origin/1400261">
    <time>
      <value>2002-09-06T00:20:25.0Z</value>
      <uncertainty>0.24</uncertainty>
    </time>
    <latitude>
      <value>38.7223</value>
      <uncertainty>6.7</uncertainty>
    </latitude>
    <longitude>
      <value>24.4149</value>
      <uncertainty>5.7</uncertainty>
    </longitude>
    <depth>
      <value>20000</value>
    </depth>
    <depthType>from location</depthType>
    <methodID>smi:eu.emsc-csem/origin_method/NA</methodID>
    <quality>
      <usedPhaseCount>20</usedPhaseCount>
      <usedStationCount>18</usedStationCount>
      <standardError>0.88</standardError>
      <azimuthalGap>59</azimuthalGap>
      <minimumDistance>0.61</minimumDistance>
      <maximumDistance>2.66</maximumDistance>
    </quality>
    <evaluationMode>manual</evaluationMode>
    <creationInfo>
      <agencyURI>smi:smi-registry/organization/EMSC</agencyURI>
      <authorURI>smi:smi-registry/organization/EMSC</authorURI>
    </creationInfo>
    <originUncertainty>
      <azimuthMaxHorizontalUncertainty>107</azimuthMaxHorizontalUncertainty>
    </originUncertainty>
  </origin>
  <magnitude publicID="quakeml:eu.emsc/event/20020906_0000002/origin/1400261/mag/2">
    <mag>
      <value>2.6</value>
    </mag>
    <type>ML</type>
    <originID>quakeml:eu.emsc/event/20020906_0000002/origin/1400261</originID>
    <creationInfo>
      <agencyURI>smi:smi-registry/organization/EMSC</agencyURI>
      <authorURI>smi:smi-registry/organization/EMSC</authorURI>
    </creationInfo>
  </magnitude>
</event>
<event publicID="quakeml:eu.emsc/event/20020906_0000001">
  <preferredOriginID>quakeml:eu.emsc/event/20020906_0000001/origin/1400366</preferredOriginID>
  <preferredMagnitudeID>quakeml:eu.emsc/event/20020906_0000001/origin/1400366/mag/2</preferredMagnitudeID>
  <creationInfo>
    <agencyURI>smi:smi-registry/organization/EMSC</agencyURI>
    <authorURI>smi:smi-registry/organization/EMSC</authorURI>
    <creationTime>2014-12-03T10:32:24.951164Z</creationTime>
  </creationInfo>
  <description>
    <text>AEGEAN SEA</text>
    <type>Flinn-Engdahl region</type>
  </description>
  <origin publicID="quakeml:eu.emsc/event/20020906_0000001/origin/1400366">
    <time>
      <value>2002-09-06T00:15:01.1Z</value>
      <uncertainty>0.26</uncertainty>
    </time>
    <latitude>
      <value>38.6702</value>
      <uncertainty>6</uncertainty>
    </latitude>
    <longitude>
      <value>24.4932</value>
      <uncertainty>5.4</uncertainty>
    </longitude>
    <depth>
      <value>5000</value>
    </depth>
    <depthType>from location</depthType>
    <methodID>smi:eu.emsc-csem/origin_method/NA</methodID>
    <quality>
      <usedPhaseCount>29</usedPhaseCount>
      <usedStationCount>22</usedStationCount>
      <standardError>1.05</standardError>
      <azimuthalGap>53</azimuthalGap>
      <minimumDistance>0.69</minimumDistance>
      <maximumDistance>4.04</maximumDistance>
    </quality>
    <evaluationMode>manual</evaluationMode>
    <creationInfo>
      <agencyURI>smi:smi-registry/organization/EMSC</agencyURI>
      <authorURI>smi:smi-registry/organization/EMSC</authorURI>
    </creationInfo>
    <originUncertainty>
      <azimuthMaxHorizontalUncertainty>101</azimuthMaxHorizontalUncertainty>
    </originUncertainty>
  </origin>
  <magnitude publicID="quakeml:eu.emsc/event/20020906_0000001/origin/1400366/mag/2">
    <mag>
      <value>2.9</value>
    </mag>
    <type>ML</type>
    <originID>quakeml:eu.emsc/event/20020906_0000001/origin/1400366</originID>
    <creationInfo>
      <agencyURI>smi:smi-registry/organization/EMSC</agencyURI>
      <authorURI>smi:smi-registry/organization/EMSC</authorURI>
    </creationInfo>
  </magnitude>
</event>
</eventParameters>
</q:quakeml>
