<?xml version="1.0"?>
<q:quakeml xmlns:q="http://quakeml.org/xmlns/quakeml/1.2"  xmlns="http://quakeml.org/xmlns/bed/1.2">
<eventParameters publicID="smi:eu.emsc/unid">
<event publicID="quakeml:eu.emsc/event/20020708_0000013">
  <preferredOriginID>quakeml:eu.emsc/event/20020708_0000013/origin/1402456</preferredOriginID>
  <preferredMagnitudeID>quakeml:eu.emsc/event/20020708_0000013/origin/1402456/mag/2</preferredMagnitudeID>
  <creationInfo>
    <agencyURI>smi:smi-registry/organization/EMSC</agencyURI>
    <authorURI>smi:smi-registry/organization/EMSC</authorURI>
    <creationTime>2014-12-03T11:50:04.878744Z</creationTime>
  </creationInfo>
  <description>
    <text>AEGEAN SEA</text>
    <type>Flinn-Engdahl region</type>
  </description>
  <origin publicID="quakeml:eu.emsc/event/20020708_0000013/origin/1402456">
    <time>
      <value>2002-07-08T17:56:40.6Z</value>
      <uncertainty>0.2</uncertainty>
    </time>
    <latitude>
      <value>39.9962</value>
      <uncertainty>3.4</uncertainty>
    </latitude>
    <longitude>
      <value>24.2833</value>
      <uncertainty>3.2</uncertainty>
    </longitude>
    <depth>
      <value>19700.0</value>
      <uncertainty>0.2</uncertainty>
    </depth>
    <depthType>from location</depthType>
    <methodID>smi:eu.emsc-csem/origin_method/NA</methodID>
    <quality>
      <usedPhaseCount>24</usedPhaseCount>
      <usedStationCount>15</usedStationCount>
      <standardError>0.59</standardError>
      <azimuthalGap>105</azimuthalGap>
      <minimumDistance>0.41</minimumDistance>
      <maximumDistance>1.8</maximumDistance>
    </quality>
    <evaluationMode>manual</evaluationMode>
    <creationInfo>
      <agencyURI>smi:smi-registry/organization/EMSC</agencyURI>
      <authorURI>smi:smi-registry/organization/EMSC</authorURI>
    </creationInfo>
    <originUncertainty>
      <azimuthMaxHorizontalUncertainty>154</azimuthMaxHorizontalUncertainty>
    </originUncertainty>
  </origin>
  <magnitude publicID="quakeml:eu.emsc/event/20020708_0000013/origin/1402456/mag/2">
    <mag>
      <value>2.8</value>
    </mag>
    <type>ML</type>
    <originID>quakeml:eu.emsc/event/20020708_0000013/origin/1402456</originID>
    <creationInfo>
      <agencyURI>smi:smi-registry/organization/EMSC</agencyURI>
      <authorURI>smi:smi-registry/organization/EMSC</authorURI>
    </creationInfo>
  </magnitude>
</event>
<event publicID="quakeml:eu.emsc/event/20020708_0000018">
  <preferredOriginID>quakeml:eu.emsc/event/20020708_0000018/origin/1401932</preferredOriginID>
  <preferredMagnitudeID>quakeml:eu.emsc/event/20020708_0000018/origin/1401932/mag/1</preferredMagnitudeID>
  <creationInfo>
    <agencyURI>smi:smi-registry/organization/EMSC</agencyURI>
    <authorURI>smi:smi-registry/organization/EMSC</authorURI>
    <creationTime>2014-12-03T16:27:07.226294Z</creationTime>
  </creationInfo>
  <description>
    <text>FRANCE</text>
    <type>Flinn-Engdahl region</type>
  </description>
  <origin publicID="quakeml:eu.emsc/event/20020708_0000018/origin/1401932">
    <time>
      <value>2002-07-08T16:59:50.7Z</value>
      <uncertainty>0.09</uncertainty>
    </time>
    <latitude>
      <value>45.3066</value>
      <uncertainty>2.8</uncertainty>
    </latitude>
    <longitude>
      <value>6.8594</value>
      <uncertainty>1.5</uncertainty>
    </longitude>
    <depth>
      <value>15000</value>
    </depth>
    <depthType>from location</depthType>
    <methodID>smi:eu.emsc-csem/origin_method/NA</methodID>
    <quality>
      <usedPhaseCount>16</usedPhaseCount>
      <usedStationCount>11</usedStationCount>
      <standardError>0.32</standardError>
      <azimuthalGap>95</azimuthalGap>
      <minimumDistance>0.21</minimumDistance>
      <maximumDistance>1.75</maximumDistance>
    </quality>
    <evaluationMode>manual</evaluationMode>
    <creationInfo>
      <agencyURI>smi:smi-registry/organization/EMSC</agencyURI>
      <authorURI>smi:smi-registry/organization/EMSC</authorURI>
    </creationInfo>
    <originUncertainty>
      <azimuthMaxHorizontalUncertainty>79</azimuthMaxHorizontalUncertainty>
    </originUncertainty>
  </origin>
  <magnitude publicID="quakeml:eu.emsc/event/20020708_0000018/origin/1401932/mag/1">
    <mag>
      <value>1.2</value>
      <uncertainty>0.3</uncertainty>
    </mag>
    <type>ML</type>
    <originID>quakeml:eu.emsc/event/20020708_0000018/origin/1401932</originID>
    <stationCount>5</stationCount>
    <creationInfo>
      <agencyURI>smi:smi-registry/organization/EMSC</agencyURI>
      <authorURI>smi:smi-registry/organization/EMSC</authorURI>
    </creationInfo>
  </magnitude>
</event>
<event publicID="quakeml:eu.emsc/event/20020708_0000011">
  <preferredOriginID>quakeml:eu.emsc/event/20020708_0000011/origin/1413234</preferredOriginID>
  <preferredMagnitudeID>quakeml:eu.emsc/event/20020708_0000011/origin/1413234/mag/2</preferredMagnitudeID>
  <creationInfo>
    <agencyURI>smi:smi-registry/organization/EMSC</agencyURI>
    <authorURI>smi:smi-registry/organization/EMSC</authorURI>
    <creationTime>2014-12-10T16:52:50.281836Z</creationTime>
  </creationInfo>
  <description>
    <text>WESTERN TURKEY</text>
    <type>Flinn-Engdahl region</type>
  </description>
  <origin publicID="quakeml:eu.emsc/event/20020708_0000011/origin/1413234">
    <time>
      <value>2002-07-08T12:01:14.3Z</value>
    </time>
    <latitude>
      <value>40.671</value>
      <uncertainty>9999.9</uncertainty>
    </latitude>
    <longitude>
      <value>27.497</value>
      <uncertainty>9999.9</uncertainty>
    </longitude>
    <depth>
      <value>10000</value>
    </depth>
    <depthType>from location</depthType>
    <methodID>smi:eu.emsc-csem/origin_method/NA</methodID>
    <quality>
      <usedPhaseCount>8</usedPhaseCount>
      <usedStationCount>6</usedStationCount>
      <standardError>1.5</standardError>
      <azimuthalGap>120</azimuthalGap>
      <minimumDistance>0.26</minimumDistance>
      <maximumDistance>1.44</maximumDistance>
    </quality>
    <evaluationMode>manual</evaluationMode>
    <creationInfo>
      <agencyURI>smi:smi-registry/organization/EMSC</agencyURI>
      <authorURI>smi:smi-registry/organization/EMSC</authorURI>
    </creationInfo>
    <originUncertainty>
      <azimuthMaxHorizontalUncertainty>-99</azimuthMaxHorizontalUncertainty>
    </originUncertainty>
  </origin>
  <magnitude publicID="quakeml:eu.emsc/event/20020708_0000011/origin/1413234/mag/2">
    <mag>
      <value>2.9</value>
    </mag>
    <type>MD</type>
    <originID>quakeml:eu.emsc/event/20020708_0000011/origin/1413234</originID>
    <creationInfo>
      <agencyURI>smi:smi-registry/organization/EMSC</agencyURI>
      <authorURI>smi:smi-registry/organization/EMSC</authorURI>
    </creationInfo>
  </magnitude>
</event>
<event publicID="quakeml:eu.emsc/event/20020708_0000009">
  <preferredOriginID>quakeml:eu.emsc/event/20020708_0000009/origin/1413236</preferredOriginID>
  <preferredMagnitudeID>quakeml:eu.emsc/event/20020708_0000009/origin/1413236/mag/2</preferredMagnitudeID>
  <creationInfo>
    <agencyURI>smi:smi-registry/organization/EMSC</agencyURI>
    <authorURI>smi:smi-registry/organization/EMSC</authorURI>
    <creationTime>2014-12-10T16:52:46.908875Z</creationTime>
  </creationInfo>
  <description>
    <text>WESTERN TURKEY</text>
    <type>Flinn-Engdahl region</type>
  </description>
  <origin publicID="quakeml:eu.emsc/event/20020708_0000009/origin/1413236">
    <time>
      <value>2002-07-08T10:00:54.9Z</value>
    </time>
    <latitude>
      <value>37.592</value>
      <uncertainty>9999.9</uncertainty>
    </latitude>
    <longitude>
      <value>30.279</value>
      <uncertainty>9999.9</uncertainty>
    </longitude>
    <depth>
      <value>10000</value>
    </depth>
    <depthType>from location</depthType>
    <methodID>smi:eu.emsc-csem/origin_method/NA</methodID>
    <quality>
      <usedPhaseCount>5</usedPhaseCount>
      <usedStationCount>4</usedStationCount>
      <standardError>1.99</standardError>
      <azimuthalGap>204</azimuthalGap>
      <minimumDistance>0.89</minimumDistance>
      <maximumDistance>1.65</maximumDistance>
    </quality>
    <evaluationMode>manual</evaluationMode>
    <creationInfo>
      <agencyURI>smi:smi-registry/organization/EMSC</agencyURI>
      <authorURI>smi:smi-registry/organization/EMSC</authorURI>
    </creationInfo>
    <originUncertainty>
      <azimuthMaxHorizontalUncertainty>-99</azimuthMaxHorizontalUncertainty>
    </originUncertainty>
  </origin>
  <magnitude publicID="quakeml:eu.emsc/event/20020708_0000009/origin/1413236/mag/2">
    <mag>
      <value>3.2</value>
    </mag>
    <type>MD</type>
    <originID>quakeml:eu.emsc/event/20020708_0000009/origin/1413236</originID>
    <creationInfo>
      <agencyURI>smi:smi-registry/organization/EMSC</agencyURI>
      <authorURI>smi:smi-registry/organization/EMSC</authorURI>
    </creationInfo>
  </magnitude>
</event>
<event publicID="quakeml:eu.emsc/event/20020708_0000008">
  <preferredOriginID>quakeml:eu.emsc/event/20020708_0000008/origin/1402461</preferredOriginID>
  <preferredMagnitudeID>quakeml:eu.emsc/event/20020708_0000008/origin/1402461/mag/1</preferredMagnitudeID>
  <creationInfo>
    <agencyURI>smi:smi-registry/organization/EMSC</agencyURI>
    <authorURI>smi:smi-registry/organization/EMSC</authorURI>
    <creationTime>2014-12-03T10:44:46.630693Z</creationTime>
  </creationInfo>
  <description>
    <text>PYRENEES</text>
    <type>Flinn-Engdahl region</type>
  </description>
  <origin publicID="quakeml:eu.emsc/event/20020708_0000008/origin/1402461">
    <time>
      <value>2002-07-08T09:46:47.5Z</value>
      <uncertainty>0.12</uncertainty>
    </time>
    <latitude>
      <value>43.0754</value>
      <uncertainty>2.9</uncertainty>
    </latitude>
    <longitude>
      <value>-0.3061</value>
      <uncertainty>2.3</uncertainty>
    </longitude>
    <depth>
      <value>12000</value>
    </depth>
    <depthType>from location</depthType>
    <methodID>smi:eu.emsc-csem/origin_method/NA</methodID>
    <quality>
      <usedPhaseCount>100</usedPhaseCount>
      <usedStationCount>50</usedStationCount>
      <standardError>1.24</standardError>
      <azimuthalGap>51</azimuthalGap>
      <minimumDistance>0.06</minimumDistance>
      <maximumDistance>5.88</maximumDistance>
    </quality>
    <evaluationMode>manual</evaluationMode>
    <creationInfo>
      <agencyURI>smi:smi-registry/organization/EMSC</agencyURI>
      <authorURI>smi:smi-registry/organization/EMSC</authorURI>
    </creationInfo>
    <originUncertainty>
      <azimuthMaxHorizontalUncertainty>146</azimuthMaxHorizontalUncertainty>
    </originUncertainty>
  </origin>
  <magnitude publicID="quakeml:eu.emsc/event/20020708_0000008/origin/1402461/mag/1">
    <mag>
      <value>3.2</value>
      <uncertainty>0.4</uncertainty>
    </mag>
    <type>ML</type>
    <originID>quakeml:eu.emsc/event/20020708_0000008/origin/1402461</originID>
    <stationCount>29</stationCount>
    <creationInfo>
      <agencyURI>smi:smi-registry/organization/EMSC</agencyURI>
      <authorURI>smi:smi-registry/organization/EMSC</authorURI>
    </creationInfo>
  </magnitude>
</event>
<event publicID="quakeml:eu.emsc/event/20020708_0000007">
  <preferredOriginID>quakeml:eu.emsc/event/20020708_0000007/origin/1402468</preferredOriginID>
  <preferredMagnitudeID>quakeml:eu.emsc/event/20020708_0000007/origin/1402468/mag/2</preferredMagnitudeID>
  <creationInfo>
    <agencyURI>smi:smi-registry/organization/EMSC</agencyURI>
    <authorURI>smi:smi-registry/organization/EMSC</authorURI>
    <creationTime>2014-12-03T12:01:12.19579Z</creationTime>
  </creationInfo>
  <description>
    <text>WESTERN TURKEY</text>
    <type>Flinn-Engdahl region</type>
  </description>
  <origin publicID="quakeml:eu.emsc/event/20020708_0000007/origin/1402468">
    <time>
      <value>2002-07-08T09:42:04.9Z</value>
      <uncertainty>0.14</uncertainty>
    </time>
    <latitude>
      <value>37.1601</value>
      <uncertainty>4.9</uncertainty>
    </latitude>
    <longitude>
      <value>30.8813</value>
      <uncertainty>3.6</uncertainty>
    </longitude>
    <depth>
      <value>118400.0</value>
      <uncertainty>1.9</uncertainty>
    </depth>
    <depthType>from location</depthType>
    <methodID>smi:eu.emsc-csem/origin_method/NA</methodID>
    <quality>
      <usedPhaseCount>89</usedPhaseCount>
      <usedStationCount>82</usedStationCount>
      <standardError>0.93</standardError>
      <azimuthalGap>47</azimuthalGap>
      <minimumDistance>0.72</minimumDistance>
      <maximumDistance>134.51</maximumDistance>
    </quality>
    <evaluationMode>manual</evaluationMode>
    <creationInfo>
      <agencyURI>smi:smi-registry/organization/EMSC</agencyURI>
      <authorURI>smi:smi-registry/organization/EMSC</authorURI>
    </creationInfo>
    <originUncertainty>
      <azimuthMaxHorizontalUncertainty>67</azimuthMaxHorizontalUncertainty>
    </originUncertainty>
  </origin>
  <magnitude publicID="quakeml:eu.emsc/event/20020708_0000007/origin/1402468/mag/2">
    <mag>
      <value>4.5</value>
    </mag>
    <type>MD</type>
    <originID>quakeml:eu.emsc/event/20020708_0000007/origin/1402468</originID>
    <creationInfo>
      <agencyURI>smi:smi-registry/organization/EMSC</agencyURI>
      <authorURI>smi:smi-registry/organization/EMSC</authorURI>
    </creationInfo>
  </magnitude>
</event>
<event publicID="quakeml:eu.emsc/event/20020708_0000006">
  <preferredOriginID>quakeml:eu.emsc/event/20020708_0000006/origin/1402471</preferredOriginID>
  <preferredMagnitudeID>quakeml:eu.emsc/event/20020708_0000006/origin/1402471/mag/2</preferredMagnitudeID>
  <creationInfo>
    <agencyURI>smi:smi-registry/organization/EMSC</agencyURI>
    <authorURI>smi:smi-registry/organization/EMSC</authorURI>
    <creationTime>2014-12-03T10:22:24.712045Z</creationTime>
  </creationInfo>
  <description>
    <text>GREECE</text>
    <type>Flinn-Engdahl region</type>
  </description>
  <origin publicID="quakeml:eu.emsc/event/20020708_0000006/origin/1402471">
    <time>
      <value>2002-07-08T08:46:50.6Z</value>
      <uncertainty>0.3</uncertainty>
    </time>
    <latitude>
      <value>38.8774</value>
      <uncertainty>7.4</uncertainty>
    </latitude>
    <longitude>
      <value>21.0657</value>
      <uncertainty>5.2</uncertainty>
    </longitude>
    <depth>
      <value>8000</value>
    </depth>
    <depthType>from location</depthType>
    <methodID>smi:eu.emsc-csem/origin_method/NA</methodID>
    <quality>
      <usedPhaseCount>16</usedPhaseCount>
      <usedStationCount>10</usedStationCount>
      <standardError>1</standardError>
      <azimuthalGap>122</azimuthalGap>
      <minimumDistance>0.37</minimumDistance>
      <maximumDistance>2.68</maximumDistance>
    </quality>
    <evaluationMode>manual</evaluationMode>
    <creationInfo>
      <agencyURI>smi:smi-registry/organization/EMSC</agencyURI>
      <authorURI>smi:smi-registry/organization/EMSC</authorURI>
    </creationInfo>
    <originUncertainty>
      <azimuthMaxHorizontalUncertainty>170</azimuthMaxHorizontalUncertainty>
    </originUncertainty>
  </origin>
  <magnitude publicID="quakeml:eu.emsc/event/20020708_0000006/origin/1402471/mag/2">
    <mag>
      <value>2.8</value>
    </mag>
    <type>ML</type>
    <originID>quakeml:eu.emsc/event/20020708_0000006/origin/1402471</originID>
    <creationInfo>
      <agencyURI>smi:smi-registry/organization/EMSC</agencyURI>
      <authorURI>smi:smi-registry/organization/EMSC</authorURI>
    </creationInfo>
  </magnitude>
</event>
<event publicID="quakeml:eu.emsc/event/20020708_0000004">
  <preferredOriginID>quakeml:eu.emsc/event/20020708_0000004/origin/1402609</preferredOriginID>
  <preferredMagnitudeID>quakeml:eu.emsc/event/20020708_0000004/origin/1402609/mag/2</preferredMagnitudeID>
  <creationInfo>
    <agencyURI>smi:smi-registry/organization/EMSC</agencyURI>
    <authorURI>smi:smi-registry/organization/EMSC</authorURI>
    <creationTime>2014-12-03T10:38:42.878257Z</creationTime>
  </creationInfo>
  <description>
    <text>WESTERN IRAN</text>
    <type>Flinn-Engdahl region</type>
  </description>
  <origin publicID="quakeml:eu.emsc/event/20020708_0000004/origin/1402609">
    <time>
      <value>2002-07-08T05:42:32.9Z</value>
      <uncertainty>0.15</uncertainty>
    </time>
    <latitude>
      <value>31.931</value>
      <uncertainty>7.8</uncertainty>
    </latitude>
    <longitude>
      <value>50.629</value>
      <uncertainty>5.2</uncertainty>
    </longitude>
    <depth>
      <value>20800.0</value>
    </depth>
    <depthType>from location</depthType>
    <methodID>smi:eu.emsc-csem/origin_method/NA</methodID>
    <quality>
      <usedPhaseCount>76</usedPhaseCount>
      <usedStationCount>71</usedStationCount>
      <standardError>0.94</standardError>
      <azimuthalGap>57</azimuthalGap>
      <minimumDistance>9.48</minimumDistance>
      <maximumDistance>95.21</maximumDistance>
    </quality>
    <evaluationMode>manual</evaluationMode>
    <creationInfo>
      <agencyURI>smi:smi-registry/organization/EMSC</agencyURI>
      <authorURI>smi:smi-registry/organization/EMSC</authorURI>
    </creationInfo>
    <originUncertainty>
      <azimuthMaxHorizontalUncertainty>33</azimuthMaxHorizontalUncertainty>
    </originUncertainty>
  </origin>
  <magnitude publicID="quakeml:eu.emsc/event/20020708_0000004/origin/1402609/mag/2">
    <mag>
      <value>4.7</value>
      <uncertainty>0.4</uncertainty>
    </mag>
    <type>mb</type>
    <originID>quakeml:eu.emsc/event/20020708_0000004/origin/1402609</originID>
    <stationCount>32</stationCount>
    <creationInfo>
      <agencyURI>smi:smi-registry/organization/EMSC</agencyURI>
      <authorURI>smi:smi-registry/organization/EMSC</authorURI>
    </creationInfo>
  </magnitude>
</event>
<event publicID="quakeml:eu.emsc/event/20020708_0000003">
  <preferredOriginID>quakeml:eu.emsc/event/20020708_0000003/origin/1413238</preferredOriginID>
  <preferredMagnitudeID>quakeml:eu.emsc/event/20020708_0000003/origin/1413238/mag/2</preferredMagnitudeID>
  <creationInfo>
    <agencyURI>smi:smi-registry/organization/EMSC</agencyURI>
    <authorURI>smi:smi-registry/organization/EMSC</authorURI>
    <creationTime>2014-12-10T16:52:36.737472Z</creationTime>
  </creationInfo>
  <description>
    <text>SOUTHERN GREECE</text>
    <type>Flinn-Engdahl region</type>
  </description>
  <origin publicID="quakeml:eu.emsc/event/20020708_0000003/origin/1413238">
    <time>
      <value>2002-07-08T01:41:08.6Z</value>
    </time>
    <latitude>
      <value>37.65</value>
      <uncertainty>9999.9</uncertainty>
    </latitude>
    <longitude>
      <value>21.04</value>
      <uncertainty>9999.9</uncertainty>
    </longitude>
    <depth>
      <value>5000</value>
    </depth>
    <depthType>from location</depthType>
    <methodID>smi:eu.emsc-csem/origin_method/NA</methodID>
    <quality>
      <usedPhaseCount>7</usedPhaseCount>
      <usedStationCount>6</usedStationCount>
      <standardError>1.94</standardError>
      <azimuthalGap>202</azimuthalGap>
      <minimumDistance>0.53</minimumDistance>
      <maximumDistance>1.84</maximumDistance>
    </quality>
    <evaluationMode>manual</evaluationMode>
    <creationInfo>
      <agencyURI>smi:smi-registry/organization/EMSC</agencyURI>
      <authorURI>smi:smi-registry/organization/EMSC</authorURI>
    </creationInfo>
    <originUncertainty>
      <azimuthMaxHorizontalUncertainty>-99</azimuthMaxHorizontalUncertainty>
    </originUncertainty>
  </origin>
  <magnitude publicID="quakeml:eu.emsc/event/20020708_0000003/origin/1413238/mag/2">
    <mag>
      <value>3.1</value>
    </mag>
    <type>MD</type>
    <originID>quakeml:eu.emsc/event/20020708_0000003/origin/1413238</originID>
    <creationInfo>
      <agencyURI>smi:smi-registry/organization/EMSC</agencyURI>
      <authorURI>smi:smi-registry/organization/EMSC</authorURI>
    </creationInfo>
  </magnitude>
</event>
<event publicID="quakeml:eu.emsc/event/20020708_0000002">
  <preferredOriginID>quakeml:eu.emsc/event/20020708_0000002/origin/1402476</preferredOriginID>
  <preferredMagnitudeID>quakeml:eu.emsc/event/20020708_0000002/origin/1402476/mag/1</preferredMagnitudeID>
  <creationInfo>
    <agencyURI>smi:smi-registry/organization/EMSC</agencyURI>
    <authorURI>smi:smi-registry/organization/EMSC</authorURI>
    <creationTime>2014-12-03T12:12:03.939944Z</creationTime>
  </creationInfo>
  <description>
    <text>NORTHERN ITALY</text>
    <type>Flinn-Engdahl region</type>
  </description>
  <origin publicID="quakeml:eu.emsc/event/20020708_0000002/origin/1402476">
    <time>
      <value>2002-07-08T01:29:46.7Z</value>
      <uncertainty>0.22</uncertainty>
    </time>
    <latitude>
      <value>44.4085</value>
      <uncertainty>5.2</uncertainty>
    </latitude>
    <longitude>
      <value>10.6878</value>
      <uncertainty>3</uncertainty>
    </longitude>
    <depth>
      <value>21400.0</value>
      <uncertainty>2.1</uncertainty>
    </depth>
    <depthType>from location</depthType>
    <methodID>smi:eu.emsc-csem/origin_method/NA</methodID>
    <quality>
      <usedPhaseCount>77</usedPhaseCount>
      <usedStationCount>54</usedStationCount>
      <standardError>1.09</standardError>
      <azimuthalGap>111</azimuthalGap>
      <minimumDistance>0.21</minimumDistance>
      <maximumDistance>6.31</maximumDistance>
    </quality>
    <evaluationMode>manual</evaluationMode>
    <creationInfo>
      <agencyURI>smi:smi-registry/organization/EMSC</agencyURI>
      <authorURI>smi:smi-registry/organization/EMSC</authorURI>
    </creationInfo>
    <originUncertainty>
      <azimuthMaxHorizontalUncertainty>24</azimuthMaxHorizontalUncertainty>
    </originUncertainty>
  </origin>
  <magnitude publicID="quakeml:eu.emsc/event/20020708_0000002/origin/1402476/mag/1">
    <mag>
      <value>2.8</value>
      <uncertainty>0.2</uncertainty>
    </mag>
    <type>ML</type>
    <originID>quakeml:eu.emsc/event/20020708_0000002/origin/1402476</originID>
    <stationCount>5</stationCount>
    <creationInfo>
      <agencyURI>smi:smi-registry/organization/EMSC</agencyURI>
      <authorURI>smi:smi-registry/organization/EMSC</authorURI>
    </creationInfo>
  </magnitude>
</event>
<event publicID="quakeml:eu.emsc/event/20020708_0000001">
  <preferredOriginID>quakeml:eu.emsc/event/20020708_0000001/origin/1413240</preferredOriginID>
  <preferredMagnitudeID>quakeml:eu.emsc/event/20020708_0000001/origin/1413240/mag/2</preferredMagnitudeID>
  <creationInfo>
    <agencyURI>smi:smi-registry/organization/EMSC</agencyURI>
    <authorURI>smi:smi-registry/organization/EMSC</authorURI>
    <creationTime>2014-12-10T16:52:34.762039Z</creationTime>
  </creationInfo>
  <description>
    <text>NEAR THE COAST OF WESTERN TURKEY</text>
    <type>Flinn-Engdahl region</type>
  </description>
  <origin publicID="quakeml:eu.emsc/event/20020708_0000001/origin/1413240">
    <time>
      <value>2002-07-08T00:27:44.1Z</value>
    </time>
    <latitude>
      <value>38.761</value>
      <uncertainty>9999.9</uncertainty>
    </latitude>
    <longitude>
      <value>26.749</value>
      <uncertainty>9999.9</uncertainty>
    </longitude>
    <depth>
      <value>10000</value>
    </depth>
    <depthType>from location</depthType>
    <methodID>smi:eu.emsc-csem/origin_method/NA</methodID>
    <quality>
      <usedPhaseCount>7</usedPhaseCount>
      <usedStationCount>6</usedStationCount>
      <standardError>1.46</standardError>
      <azimuthalGap>200</azimuthalGap>
      <minimumDistance>0.54</minimumDistance>
      <maximumDistance>2.03</maximumDistance>
    </quality>
    <evaluationMode>manual</evaluationMode>
    <creationInfo>
      <agencyURI>smi:smi-registry/organization/EMSC</agencyURI>
      <authorURI>smi:smi-registry/organization/EMSC</authorURI>
    </creationInfo>
    <originUncertainty>
      <azimuthMaxHorizontalUncertainty>-99</azimuthMaxHorizontalUncertainty>
    </originUncertainty>
  </origin>
  <magnitude publicID="quakeml:eu.emsc/event/20020708_0000001/origin/1413240/mag/2">
    <mag>
      <value>3.1</value>
    </mag>
    <type>MD</type>
    <originID>quakeml:eu.emsc/event/20020708_0000001/origin/1413240</originID>
    <creationInfo>
      <agencyURI>smi:smi-registry/organization/EMSC</agencyURI>
      <authorURI>smi:smi-registry/organization/EMSC</authorURI>
    </creationInfo>
  </magnitude>
</event>
</eventParameters>
</q:quakeml>
