<?xml version="1.0"?>
<q:quakeml xmlns:q="http://quakeml.org/xmlns/quakeml/1.2"  xmlns="http://quakeml.org/xmlns/bed/1.2">
<eventParameters publicID="smi:eu.emsc/unid">
<event publicID="quakeml:eu.emsc/event/20020307_0000017">
  <preferredOriginID>quakeml:eu.emsc/event/20020307_0000017/origin/1409960</preferredOriginID>
  <preferredMagnitudeID>quakeml:eu.emsc/event/20020307_0000017/origin/1409960/mag/2</preferredMagnitudeID>
  <creationInfo>
    <agencyURI>smi:smi-registry/organization/EMSC</agencyURI>
    <authorURI>smi:smi-registry/organization/EMSC</authorURI>
    <creationTime>2014-12-03T11:56:16.366916Z</creationTime>
  </creationInfo>
  <description>
    <text>ALBANIA</text>
    <type>Flinn-Engdahl region</type>
  </description>
  <origin publicID="quakeml:eu.emsc/event/20020307_0000017/origin/1409960">
    <time>
      <value>2002-03-07T20:30:41.4Z</value>
      <uncertainty>0.15</uncertainty>
    </time>
    <latitude>
      <value>40.7136</value>
      <uncertainty>4.5</uncertainty>
    </latitude>
    <longitude>
      <value>20.7686</value>
      <uncertainty>3.2</uncertainty>
    </longitude>
    <depth>
      <value>2000</value>
    </depth>
    <depthType>from location</depthType>
    <methodID>smi:eu.emsc-csem/origin_method/NA</methodID>
    <quality>
      <usedPhaseCount>69</usedPhaseCount>
      <usedStationCount>54</usedStationCount>
      <standardError>1.16</standardError>
      <azimuthalGap>43</azimuthalGap>
      <minimumDistance>0.87</minimumDistance>
      <maximumDistance>9.84</maximumDistance>
    </quality>
    <evaluationMode>manual</evaluationMode>
    <creationInfo>
      <agencyURI>smi:smi-registry/organization/EMSC</agencyURI>
      <authorURI>smi:smi-registry/organization/EMSC</authorURI>
    </creationInfo>
    <originUncertainty>
      <azimuthMaxHorizontalUncertainty>28</azimuthMaxHorizontalUncertainty>
    </originUncertainty>
  </origin>
  <magnitude publicID="quakeml:eu.emsc/event/20020307_0000017/origin/1409960/mag/2">
    <mag>
      <value>3.3</value>
    </mag>
    <type>ML</type>
    <originID>quakeml:eu.emsc/event/20020307_0000017/origin/1409960</originID>
    <creationInfo>
      <agencyURI>smi:smi-registry/organization/EMSC</agencyURI>
      <authorURI>smi:smi-registry/organization/EMSC</authorURI>
    </creationInfo>
  </magnitude>
</event>
<event publicID="quakeml:eu.emsc/event/20020307_0000015">
  <preferredOriginID>quakeml:eu.emsc/event/20020307_0000015/origin/1409963</preferredOriginID>
  <preferredMagnitudeID>quakeml:eu.emsc/event/20020307_0000015/origin/1409963/mag/2</preferredMagnitudeID>
  <creationInfo>
    <agencyURI>smi:smi-registry/organization/EMSC</agencyURI>
    <authorURI>smi:smi-registry/organization/EMSC</authorURI>
    <creationTime>2014-12-03T12:12:54.28094Z</creationTime>
  </creationInfo>
  <description>
    <text>SOUTHERN GREECE</text>
    <type>Flinn-Engdahl region</type>
  </description>
  <origin publicID="quakeml:eu.emsc/event/20020307_0000015/origin/1409963">
    <time>
      <value>2002-03-07T19:32:59.9Z</value>
      <uncertainty>0.67</uncertainty>
    </time>
    <latitude>
      <value>37.8632</value>
      <uncertainty>18</uncertainty>
    </latitude>
    <longitude>
      <value>21.2663</value>
      <uncertainty>12.3</uncertainty>
    </longitude>
    <depth>
      <value>5000</value>
    </depth>
    <depthType>from location</depthType>
    <methodID>smi:eu.emsc-csem/origin_method/NA</methodID>
    <quality>
      <usedPhaseCount>10</usedPhaseCount>
      <usedStationCount>10</usedStationCount>
      <standardError>1.09</standardError>
      <azimuthalGap>158</azimuthalGap>
      <minimumDistance>0.62</minimumDistance>
      <maximumDistance>4.11</maximumDistance>
    </quality>
    <evaluationMode>manual</evaluationMode>
    <creationInfo>
      <agencyURI>smi:smi-registry/organization/EMSC</agencyURI>
      <authorURI>smi:smi-registry/organization/EMSC</authorURI>
    </creationInfo>
    <originUncertainty>
      <azimuthMaxHorizontalUncertainty>43</azimuthMaxHorizontalUncertainty>
    </originUncertainty>
  </origin>
  <magnitude publicID="quakeml:eu.emsc/event/20020307_0000015/origin/1409963/mag/2">
    <mag>
      <value>3.4</value>
    </mag>
    <type>MD</type>
    <originID>quakeml:eu.emsc/event/20020307_0000015/origin/1409963</originID>
    <creationInfo>
      <agencyURI>smi:smi-registry/organization/EMSC</agencyURI>
      <authorURI>smi:smi-registry/organization/EMSC</authorURI>
    </creationInfo>
  </magnitude>
</event>
<event publicID="quakeml:eu.emsc/event/20020307_0000016">
  <preferredOriginID>quakeml:eu.emsc/event/20020307_0000016/origin/1414902</preferredOriginID>
  <preferredMagnitudeID>quakeml:eu.emsc/event/20020307_0000016/origin/1414902/mag/2</preferredMagnitudeID>
  <creationInfo>
    <agencyURI>smi:smi-registry/organization/EMSC</agencyURI>
    <authorURI>smi:smi-registry/organization/EMSC</authorURI>
    <creationTime>2014-12-10T15:57:13.3958Z</creationTime>
  </creationInfo>
  <description>
    <text>WESTERN TURKEY</text>
    <type>Flinn-Engdahl region</type>
  </description>
  <origin publicID="quakeml:eu.emsc/event/20020307_0000016/origin/1414902">
    <time>
      <value>2002-03-07T16:25:33.8Z</value>
    </time>
    <latitude>
      <value>38.375</value>
      <uncertainty>9999.9</uncertainty>
    </latitude>
    <longitude>
      <value>31.162</value>
      <uncertainty>9999.9</uncertainty>
    </longitude>
    <depth>
      <value>10000</value>
    </depth>
    <depthType>from location</depthType>
    <methodID>smi:eu.emsc-csem/origin_method/NA</methodID>
    <quality>
      <usedPhaseCount>9</usedPhaseCount>
      <usedStationCount>6</usedStationCount>
      <standardError>1.35</standardError>
      <azimuthalGap>112</azimuthalGap>
      <minimumDistance>1.02</minimumDistance>
      <maximumDistance>2.22</maximumDistance>
    </quality>
    <evaluationMode>manual</evaluationMode>
    <creationInfo>
      <agencyURI>smi:smi-registry/organization/EMSC</agencyURI>
      <authorURI>smi:smi-registry/organization/EMSC</authorURI>
    </creationInfo>
    <originUncertainty>
      <azimuthMaxHorizontalUncertainty>-99</azimuthMaxHorizontalUncertainty>
    </originUncertainty>
  </origin>
  <magnitude publicID="quakeml:eu.emsc/event/20020307_0000016/origin/1414902/mag/2">
    <mag>
      <value>3.1</value>
    </mag>
    <type>MD</type>
    <originID>quakeml:eu.emsc/event/20020307_0000016/origin/1414902</originID>
    <creationInfo>
      <agencyURI>smi:smi-registry/organization/EMSC</agencyURI>
      <authorURI>smi:smi-registry/organization/EMSC</authorURI>
    </creationInfo>
  </magnitude>
</event>
<event publicID="quakeml:eu.emsc/event/20020307_0000009">
  <preferredOriginID>quakeml:eu.emsc/event/20020307_0000009/origin/1410294</preferredOriginID>
  <preferredMagnitudeID>quakeml:eu.emsc/event/20020307_0000009/origin/1410294/mag/2</preferredMagnitudeID>
  <creationInfo>
    <agencyURI>smi:smi-registry/organization/EMSC</agencyURI>
    <authorURI>smi:smi-registry/organization/EMSC</authorURI>
    <creationTime>2014-12-03T10:36:33.229724Z</creationTime>
  </creationInfo>
  <description>
    <text>GREENLAND SEA</text>
    <type>Flinn-Engdahl region</type>
  </description>
  <origin publicID="quakeml:eu.emsc/event/20020307_0000009/origin/1410294">
    <time>
      <value>2002-03-07T11:52:32.3Z</value>
      <uncertainty>0.21</uncertainty>
    </time>
    <latitude>
      <value>79.392</value>
      <uncertainty>11.9</uncertainty>
    </latitude>
    <longitude>
      <value>3.9292</value>
      <uncertainty>6.1</uncertainty>
    </longitude>
    <depth>
      <value>2000</value>
    </depth>
    <depthType>from location</depthType>
    <methodID>smi:eu.emsc-csem/origin_method/NA</methodID>
    <quality>
      <usedPhaseCount>31</usedPhaseCount>
      <usedStationCount>28</usedStationCount>
      <standardError>0.99</standardError>
      <azimuthalGap>128</azimuthalGap>
      <minimumDistance>1.59</minimumDistance>
      <maximumDistance>72.91</maximumDistance>
    </quality>
    <evaluationMode>manual</evaluationMode>
    <creationInfo>
      <agencyURI>smi:smi-registry/organization/EMSC</agencyURI>
      <authorURI>smi:smi-registry/organization/EMSC</authorURI>
    </creationInfo>
    <originUncertainty>
      <azimuthMaxHorizontalUncertainty>35</azimuthMaxHorizontalUncertainty>
    </originUncertainty>
  </origin>
  <magnitude publicID="quakeml:eu.emsc/event/20020307_0000009/origin/1410294/mag/2">
    <mag>
      <value>2.8</value>
    </mag>
    <type>ML</type>
    <originID>quakeml:eu.emsc/event/20020307_0000009/origin/1410294</originID>
    <creationInfo>
      <agencyURI>smi:smi-registry/organization/EMSC</agencyURI>
      <authorURI>smi:smi-registry/organization/EMSC</authorURI>
    </creationInfo>
  </magnitude>
</event>
<event publicID="quakeml:eu.emsc/event/20020307_0000014">
  <preferredOriginID>quakeml:eu.emsc/event/20020307_0000014/origin/1414904</preferredOriginID>
  <preferredMagnitudeID>quakeml:eu.emsc/event/20020307_0000014/origin/1414904/mag/2</preferredMagnitudeID>
  <creationInfo>
    <agencyURI>smi:smi-registry/organization/EMSC</agencyURI>
    <authorURI>smi:smi-registry/organization/EMSC</authorURI>
    <creationTime>2014-12-10T15:57:10.894064Z</creationTime>
  </creationInfo>
  <description>
    <text>SPAIN</text>
    <type>Flinn-Engdahl region</type>
  </description>
  <origin publicID="quakeml:eu.emsc/event/20020307_0000014/origin/1414904">
    <time>
      <value>2002-03-07T10:16:15.3Z</value>
    </time>
    <latitude>
      <value>38.3813</value>
      <uncertainty>9999.9</uncertainty>
    </latitude>
    <longitude>
      <value>-0.7319</value>
      <uncertainty>9999.9</uncertainty>
    </longitude>
    <depth>
      <value>6800.0</value>
    </depth>
    <depthType>from location</depthType>
    <methodID>smi:eu.emsc-csem/origin_method/NA</methodID>
    <quality>
      <usedPhaseCount>42</usedPhaseCount>
      <usedStationCount>16</usedStationCount>
      <standardError>1.75</standardError>
      <azimuthalGap>175</azimuthalGap>
      <minimumDistance>0.51</minimumDistance>
      <maximumDistance>3.28</maximumDistance>
    </quality>
    <evaluationMode>manual</evaluationMode>
    <creationInfo>
      <agencyURI>smi:smi-registry/organization/EMSC</agencyURI>
      <authorURI>smi:smi-registry/organization/EMSC</authorURI>
    </creationInfo>
    <originUncertainty>
      <azimuthMaxHorizontalUncertainty>-99</azimuthMaxHorizontalUncertainty>
    </originUncertainty>
  </origin>
  <magnitude publicID="quakeml:eu.emsc/event/20020307_0000014/origin/1414904/mag/2">
    <mag>
      <value>2</value>
      <uncertainty>0.1</uncertainty>
    </mag>
    <type>mb</type>
    <originID>quakeml:eu.emsc/event/20020307_0000014/origin/1414904</originID>
    <stationCount>12</stationCount>
    <creationInfo>
      <agencyURI>smi:smi-registry/organization/EMSC</agencyURI>
      <authorURI>smi:smi-registry/organization/EMSC</authorURI>
    </creationInfo>
  </magnitude>
</event>
<event publicID="quakeml:eu.emsc/event/20020307_0000022">
  <preferredOriginID>quakeml:eu.emsc/event/20020307_0000022/origin/1414906</preferredOriginID>
  <preferredMagnitudeID>quakeml:eu.emsc/event/20020307_0000022/origin/1414906/mag/2</preferredMagnitudeID>
  <creationInfo>
    <agencyURI>smi:smi-registry/organization/EMSC</agencyURI>
    <authorURI>smi:smi-registry/organization/EMSC</authorURI>
    <creationTime>2014-12-10T18:34:50.823292Z</creationTime>
  </creationInfo>
  <description>
    <text>GERMANY</text>
    <type>Flinn-Engdahl region</type>
  </description>
  <origin publicID="quakeml:eu.emsc/event/20020307_0000022/origin/1414906">
    <time>
      <value>2002-03-07T08:45:55.5Z</value>
    </time>
    <latitude>
      <value>49.36</value>
      <uncertainty>9999.9</uncertainty>
    </latitude>
    <longitude>
      <value>6.86</value>
      <uncertainty>9999.9</uncertainty>
    </longitude>
    <depth>
      <value>1000</value>
    </depth>
    <depthType>from location</depthType>
    <methodID>smi:eu.emsc-csem/origin_method/NA</methodID>
    <quality>
      <usedPhaseCount>7</usedPhaseCount>
      <usedStationCount>4</usedStationCount>
      <standardError>1.16</standardError>
      <azimuthalGap>167</azimuthalGap>
      <minimumDistance>0.55</minimumDistance>
      <maximumDistance>4.52</maximumDistance>
    </quality>
    <evaluationMode>manual</evaluationMode>
    <creationInfo>
      <agencyURI>smi:smi-registry/organization/EMSC</agencyURI>
      <authorURI>smi:smi-registry/organization/EMSC</authorURI>
    </creationInfo>
    <originUncertainty>
      <azimuthMaxHorizontalUncertainty>-99</azimuthMaxHorizontalUncertainty>
    </originUncertainty>
  </origin>
  <magnitude publicID="quakeml:eu.emsc/event/20020307_0000022/origin/1414906/mag/2">
    <mag>
      <value>1.9</value>
    </mag>
    <type>ML</type>
    <originID>quakeml:eu.emsc/event/20020307_0000022/origin/1414906</originID>
    <creationInfo>
      <agencyURI>smi:smi-registry/organization/EMSC</agencyURI>
      <authorURI>smi:smi-registry/organization/EMSC</authorURI>
    </creationInfo>
  </magnitude>
</event>
<event publicID="quakeml:eu.emsc/event/20020307_0000011">
  <preferredOriginID>quakeml:eu.emsc/event/20020307_0000011/origin/1414908</preferredOriginID>
  <preferredMagnitudeID>quakeml:eu.emsc/event/20020307_0000011/origin/1414908/mag/2</preferredMagnitudeID>
  <creationInfo>
    <agencyURI>smi:smi-registry/organization/EMSC</agencyURI>
    <authorURI>smi:smi-registry/organization/EMSC</authorURI>
    <creationTime>2014-12-10T15:57:07.524529Z</creationTime>
  </creationInfo>
  <description>
    <text>SOUTHERN GREECE</text>
    <type>Flinn-Engdahl region</type>
  </description>
  <origin publicID="quakeml:eu.emsc/event/20020307_0000011/origin/1414908">
    <time>
      <value>2002-03-07T07:32:24.4Z</value>
    </time>
    <latitude>
      <value>37.84</value>
      <uncertainty>9999.9</uncertainty>
    </latitude>
    <longitude>
      <value>21.01</value>
      <uncertainty>9999.9</uncertainty>
    </longitude>
    <depth>
      <value>5000</value>
    </depth>
    <depthType>from location</depthType>
    <methodID>smi:eu.emsc-csem/origin_method/NA</methodID>
    <quality>
      <usedPhaseCount>6</usedPhaseCount>
      <usedStationCount>4</usedStationCount>
      <standardError>1.74</standardError>
      <azimuthalGap>183</azimuthalGap>
      <minimumDistance>0.47</minimumDistance>
      <maximumDistance>1.9</maximumDistance>
    </quality>
    <evaluationMode>manual</evaluationMode>
    <creationInfo>
      <agencyURI>smi:smi-registry/organization/EMSC</agencyURI>
      <authorURI>smi:smi-registry/organization/EMSC</authorURI>
    </creationInfo>
    <originUncertainty>
      <azimuthMaxHorizontalUncertainty>-99</azimuthMaxHorizontalUncertainty>
    </originUncertainty>
  </origin>
  <magnitude publicID="quakeml:eu.emsc/event/20020307_0000011/origin/1414908/mag/2">
    <mag>
      <value>3.1</value>
    </mag>
    <type>MD</type>
    <originID>quakeml:eu.emsc/event/20020307_0000011/origin/1414908</originID>
    <creationInfo>
      <agencyURI>smi:smi-registry/organization/EMSC</agencyURI>
      <authorURI>smi:smi-registry/organization/EMSC</authorURI>
    </creationInfo>
  </magnitude>
</event>
<event publicID="quakeml:eu.emsc/event/20020307_0000010">
  <preferredOriginID>quakeml:eu.emsc/event/20020307_0000010/origin/1414910</preferredOriginID>
  <preferredMagnitudeID>quakeml:eu.emsc/event/20020307_0000010/origin/1414910/mag/2</preferredMagnitudeID>
  <creationInfo>
    <agencyURI>smi:smi-registry/organization/EMSC</agencyURI>
    <authorURI>smi:smi-registry/organization/EMSC</authorURI>
    <creationTime>2014-12-10T15:57:07.38492Z</creationTime>
  </creationInfo>
  <description>
    <text>ROMANIA</text>
    <type>Flinn-Engdahl region</type>
  </description>
  <origin publicID="quakeml:eu.emsc/event/20020307_0000010/origin/1414910">
    <time>
      <value>2002-03-07T06:28:48.3Z</value>
    </time>
    <latitude>
      <value>45.691</value>
      <uncertainty>9999.9</uncertainty>
    </latitude>
    <longitude>
      <value>26.485</value>
      <uncertainty>9999.9</uncertainty>
    </longitude>
    <depth>
      <value>161000</value>
    </depth>
    <depthType>from location</depthType>
    <methodID>smi:eu.emsc-csem/origin_method/NA</methodID>
    <quality>
      <usedPhaseCount>9</usedPhaseCount>
      <usedStationCount>6</usedStationCount>
      <standardError>0.94</standardError>
      <azimuthalGap>161</azimuthalGap>
      <minimumDistance>0.24</minimumDistance>
      <maximumDistance>1.31</maximumDistance>
    </quality>
    <evaluationMode>manual</evaluationMode>
    <creationInfo>
      <agencyURI>smi:smi-registry/organization/EMSC</agencyURI>
      <authorURI>smi:smi-registry/organization/EMSC</authorURI>
    </creationInfo>
    <originUncertainty>
      <azimuthMaxHorizontalUncertainty>-99</azimuthMaxHorizontalUncertainty>
    </originUncertainty>
  </origin>
  <magnitude publicID="quakeml:eu.emsc/event/20020307_0000010/origin/1414910/mag/2">
    <mag>
      <value>3.7</value>
    </mag>
    <type>MD</type>
    <originID>quakeml:eu.emsc/event/20020307_0000010/origin/1414910</originID>
    <stationCount>3</stationCount>
    <creationInfo>
      <agencyURI>smi:smi-registry/organization/EMSC</agencyURI>
      <authorURI>smi:smi-registry/organization/EMSC</authorURI>
    </creationInfo>
  </magnitude>
</event>
<event publicID="quakeml:eu.emsc/event/20020307_0000005">
  <preferredOriginID>quakeml:eu.emsc/event/20020307_0000005/origin/1409966</preferredOriginID>
  <preferredMagnitudeID>quakeml:eu.emsc/event/20020307_0000005/origin/1409966/mag/2</preferredMagnitudeID>
  <creationInfo>
    <agencyURI>smi:smi-registry/organization/EMSC</agencyURI>
    <authorURI>smi:smi-registry/organization/EMSC</authorURI>
    <creationTime>2014-12-03T11:02:09.645164Z</creationTime>
  </creationInfo>
  <description>
    <text>GREECE</text>
    <type>Flinn-Engdahl region</type>
  </description>
  <origin publicID="quakeml:eu.emsc/event/20020307_0000005/origin/1409966">
    <time>
      <value>2002-03-07T06:23:48.4Z</value>
      <uncertainty>0.36</uncertainty>
    </time>
    <latitude>
      <value>38.147</value>
      <uncertainty>9.5</uncertainty>
    </latitude>
    <longitude>
      <value>22.0241</value>
      <uncertainty>7.3</uncertainty>
    </longitude>
    <depth>
      <value>2000</value>
    </depth>
    <depthType>from location</depthType>
    <methodID>smi:eu.emsc-csem/origin_method/NA</methodID>
    <quality>
      <usedPhaseCount>14</usedPhaseCount>
      <usedStationCount>11</usedStationCount>
      <standardError>1.05</standardError>
      <azimuthalGap>98</azimuthalGap>
      <minimumDistance>0.79</minimumDistance>
      <maximumDistance>2.34</maximumDistance>
    </quality>
    <evaluationMode>manual</evaluationMode>
    <creationInfo>
      <agencyURI>smi:smi-registry/organization/EMSC</agencyURI>
      <authorURI>smi:smi-registry/organization/EMSC</authorURI>
    </creationInfo>
    <originUncertainty>
      <azimuthMaxHorizontalUncertainty>96</azimuthMaxHorizontalUncertainty>
    </originUncertainty>
  </origin>
  <magnitude publicID="quakeml:eu.emsc/event/20020307_0000005/origin/1409966/mag/2">
    <mag>
      <value>3.3</value>
    </mag>
    <type>MD</type>
    <originID>quakeml:eu.emsc/event/20020307_0000005/origin/1409966</originID>
    <creationInfo>
      <agencyURI>smi:smi-registry/organization/EMSC</agencyURI>
      <authorURI>smi:smi-registry/organization/EMSC</authorURI>
    </creationInfo>
  </magnitude>
</event>
<event publicID="quakeml:eu.emsc/event/20020307_0000008">
  <preferredOriginID>quakeml:eu.emsc/event/20020307_0000008/origin/1414912</preferredOriginID>
  <preferredMagnitudeID>quakeml:eu.emsc/event/20020307_0000008/origin/1414912/mag/2</preferredMagnitudeID>
  <creationInfo>
    <agencyURI>smi:smi-registry/organization/EMSC</agencyURI>
    <authorURI>smi:smi-registry/organization/EMSC</authorURI>
    <creationTime>2014-12-10T15:57:03.106248Z</creationTime>
  </creationInfo>
  <description>
    <text>CENTRAL TURKEY</text>
    <type>Flinn-Engdahl region</type>
  </description>
  <origin publicID="quakeml:eu.emsc/event/20020307_0000008/origin/1414912">
    <time>
      <value>2002-03-07T06:12:39.0Z</value>
    </time>
    <latitude>
      <value>38.226</value>
      <uncertainty>9999.9</uncertainty>
    </latitude>
    <longitude>
      <value>33.987</value>
      <uncertainty>9999.9</uncertainty>
    </longitude>
    <depth>
      <value>10000</value>
    </depth>
    <depthType>from location</depthType>
    <methodID>smi:eu.emsc-csem/origin_method/NA</methodID>
    <quality>
      <usedPhaseCount>9</usedPhaseCount>
      <usedStationCount>7</usedStationCount>
      <standardError>2.79</standardError>
      <azimuthalGap>127</azimuthalGap>
      <minimumDistance>1.31</minimumDistance>
      <maximumDistance>3.26</maximumDistance>
    </quality>
    <evaluationMode>manual</evaluationMode>
    <creationInfo>
      <agencyURI>smi:smi-registry/organization/EMSC</agencyURI>
      <authorURI>smi:smi-registry/organization/EMSC</authorURI>
    </creationInfo>
    <originUncertainty>
      <azimuthMaxHorizontalUncertainty>-99</azimuthMaxHorizontalUncertainty>
    </originUncertainty>
  </origin>
  <magnitude publicID="quakeml:eu.emsc/event/20020307_0000008/origin/1414912/mag/2">
    <mag>
      <value>4.1</value>
    </mag>
    <type>MD</type>
    <originID>quakeml:eu.emsc/event/20020307_0000008/origin/1414912</originID>
    <creationInfo>
      <agencyURI>smi:smi-registry/organization/EMSC</agencyURI>
      <authorURI>smi:smi-registry/organization/EMSC</authorURI>
    </creationInfo>
  </magnitude>
</event>
<event publicID="quakeml:eu.emsc/event/20020307_0000007">
  <preferredOriginID>quakeml:eu.emsc/event/20020307_0000007/origin/1414914</preferredOriginID>
  <preferredMagnitudeID>quakeml:eu.emsc/event/20020307_0000007/origin/1414914/mag/2</preferredMagnitudeID>
  <creationInfo>
    <agencyURI>smi:smi-registry/organization/EMSC</agencyURI>
    <authorURI>smi:smi-registry/organization/EMSC</authorURI>
    <creationTime>2014-12-10T15:57:01.84764Z</creationTime>
  </creationInfo>
  <description>
    <text>CANARY ISLANDS, SPAIN REGION</text>
    <type>Flinn-Engdahl region</type>
  </description>
  <origin publicID="quakeml:eu.emsc/event/20020307_0000007/origin/1414914">
    <time>
      <value>2002-03-07T02:08:05.2Z</value>
    </time>
    <latitude>
      <value>28.0913</value>
      <uncertainty>9999.9</uncertainty>
    </latitude>
    <longitude>
      <value>-16.2388</value>
      <uncertainty>9999.9</uncertainty>
    </longitude>
    <depth>
      <value>12900.0</value>
    </depth>
    <depthType>from location</depthType>
    <methodID>smi:eu.emsc-csem/origin_method/NA</methodID>
    <quality>
      <usedPhaseCount>14</usedPhaseCount>
      <usedStationCount>8</usedStationCount>
      <standardError>2.57</standardError>
      <azimuthalGap>165</azimuthalGap>
      <minimumDistance>0.35</minimumDistance>
      <maximumDistance>1.93</maximumDistance>
    </quality>
    <evaluationMode>manual</evaluationMode>
    <creationInfo>
      <agencyURI>smi:smi-registry/organization/EMSC</agencyURI>
      <authorURI>smi:smi-registry/organization/EMSC</authorURI>
    </creationInfo>
    <originUncertainty>
      <azimuthMaxHorizontalUncertainty>-99</azimuthMaxHorizontalUncertainty>
    </originUncertainty>
  </origin>
  <magnitude publicID="quakeml:eu.emsc/event/20020307_0000007/origin/1414914/mag/2">
    <mag>
      <value>2.2</value>
      <uncertainty>0.2</uncertainty>
    </mag>
    <type>mb</type>
    <originID>quakeml:eu.emsc/event/20020307_0000007/origin/1414914</originID>
    <stationCount>7</stationCount>
    <creationInfo>
      <agencyURI>smi:smi-registry/organization/EMSC</agencyURI>
      <authorURI>smi:smi-registry/organization/EMSC</authorURI>
    </creationInfo>
  </magnitude>
</event>
<event publicID="quakeml:eu.emsc/event/20020307_0000019">
  <preferredOriginID>quakeml:eu.emsc/event/20020307_0000019/origin/1414916</preferredOriginID>
  <preferredMagnitudeID>quakeml:eu.emsc/event/20020307_0000019/origin/1414916/mag/2</preferredMagnitudeID>
  <creationInfo>
    <agencyURI>smi:smi-registry/organization/EMSC</agencyURI>
    <authorURI>smi:smi-registry/organization/EMSC</authorURI>
    <creationTime>2014-12-10T18:34:50.325262Z</creationTime>
  </creationInfo>
  <description>
    <text>FRANCE</text>
    <type>Flinn-Engdahl region</type>
  </description>
  <origin publicID="quakeml:eu.emsc/event/20020307_0000019/origin/1414916">
    <time>
      <value>2002-03-07T01:52:56.6Z</value>
    </time>
    <latitude>
      <value>45.4047</value>
      <uncertainty>9999.9</uncertainty>
    </latitude>
    <longitude>
      <value>6.555</value>
      <uncertainty>9999.9</uncertainty>
    </longitude>
    <depth>
      <value>2000</value>
    </depth>
    <depthType>from location</depthType>
    <methodID>smi:eu.emsc-csem/origin_method/NA</methodID>
    <quality>
      <usedPhaseCount>11</usedPhaseCount>
      <usedStationCount>6</usedStationCount>
      <standardError>0.67</standardError>
      <azimuthalGap>183</azimuthalGap>
      <minimumDistance>0.17</minimumDistance>
      <maximumDistance>1.66</maximumDistance>
    </quality>
    <evaluationMode>manual</evaluationMode>
    <creationInfo>
      <agencyURI>smi:smi-registry/organization/EMSC</agencyURI>
      <authorURI>smi:smi-registry/organization/EMSC</authorURI>
    </creationInfo>
    <originUncertainty>
      <azimuthMaxHorizontalUncertainty>-99</azimuthMaxHorizontalUncertainty>
    </originUncertainty>
  </origin>
  <magnitude publicID="quakeml:eu.emsc/event/20020307_0000019/origin/1414916/mag/2">
    <mag>
      <value>1.7</value>
    </mag>
    <type>ML</type>
    <originID>quakeml:eu.emsc/event/20020307_0000019/origin/1414916</originID>
    <stationCount>2</stationCount>
    <creationInfo>
      <agencyURI>smi:smi-registry/organization/EMSC</agencyURI>
      <authorURI>smi:smi-registry/organization/EMSC</authorURI>
    </creationInfo>
  </magnitude>
</event>
<event publicID="quakeml:eu.emsc/event/20020307_0000006">
  <preferredOriginID>quakeml:eu.emsc/event/20020307_0000006/origin/1414918</preferredOriginID>
  <preferredMagnitudeID>quakeml:eu.emsc/event/20020307_0000006/origin/1414918/mag/2</preferredMagnitudeID>
  <creationInfo>
    <agencyURI>smi:smi-registry/organization/EMSC</agencyURI>
    <authorURI>smi:smi-registry/organization/EMSC</authorURI>
    <creationTime>2014-12-10T15:56:59.550879Z</creationTime>
  </creationInfo>
  <description>
    <text>SOUTHERN GREECE</text>
    <type>Flinn-Engdahl region</type>
  </description>
  <origin publicID="quakeml:eu.emsc/event/20020307_0000006/origin/1414918">
    <time>
      <value>2002-03-07T00:54:19.5Z</value>
    </time>
    <latitude>
      <value>37.21</value>
      <uncertainty>9999.9</uncertainty>
    </latitude>
    <longitude>
      <value>21.34</value>
      <uncertainty>9999.9</uncertainty>
    </longitude>
    <depth>
      <value>5000</value>
    </depth>
    <depthType>from location</depthType>
    <methodID>smi:eu.emsc-csem/origin_method/NA</methodID>
    <quality>
      <usedPhaseCount>5</usedPhaseCount>
      <usedStationCount>4</usedStationCount>
      <standardError>0.82</standardError>
      <azimuthalGap>218</azimuthalGap>
      <minimumDistance>0.47</minimumDistance>
      <maximumDistance>1.74</maximumDistance>
    </quality>
    <evaluationMode>manual</evaluationMode>
    <creationInfo>
      <agencyURI>smi:smi-registry/organization/EMSC</agencyURI>
      <authorURI>smi:smi-registry/organization/EMSC</authorURI>
    </creationInfo>
    <originUncertainty>
      <azimuthMaxHorizontalUncertainty>-99</azimuthMaxHorizontalUncertainty>
    </originUncertainty>
  </origin>
  <magnitude publicID="quakeml:eu.emsc/event/20020307_0000006/origin/1414918/mag/2">
    <mag>
      <value>2.9</value>
    </mag>
    <type>MD</type>
    <originID>quakeml:eu.emsc/event/20020307_0000006/origin/1414918</originID>
    <creationInfo>
      <agencyURI>smi:smi-registry/organization/EMSC</agencyURI>
      <authorURI>smi:smi-registry/organization/EMSC</authorURI>
    </creationInfo>
  </magnitude>
</event>
<event publicID="quakeml:eu.emsc/event/20020307_0000004">
  <preferredOriginID>quakeml:eu.emsc/event/20020307_0000004/origin/1409969</preferredOriginID>
  <preferredMagnitudeID>quakeml:eu.emsc/event/20020307_0000004/origin/1409969/mag/2</preferredMagnitudeID>
  <creationInfo>
    <agencyURI>smi:smi-registry/organization/EMSC</agencyURI>
    <authorURI>smi:smi-registry/organization/EMSC</authorURI>
    <creationTime>2014-12-03T10:22:30.599203Z</creationTime>
  </creationInfo>
  <description>
    <text>SOUTHERN ITALY</text>
    <type>Flinn-Engdahl region</type>
  </description>
  <origin publicID="quakeml:eu.emsc/event/20020307_0000004/origin/1409969">
    <time>
      <value>2002-03-07T00:48:59.7Z</value>
      <uncertainty>0.37</uncertainty>
    </time>
    <latitude>
      <value>39.2689</value>
      <uncertainty>15.7</uncertainty>
    </latitude>
    <longitude>
      <value>16.4173</value>
      <uncertainty>4.5</uncertainty>
    </longitude>
    <depth>
      <value>20000</value>
    </depth>
    <depthType>from location</depthType>
    <methodID>smi:eu.emsc-csem/origin_method/NA</methodID>
    <quality>
      <usedPhaseCount>21</usedPhaseCount>
      <usedStationCount>16</usedStationCount>
      <standardError>0.88</standardError>
      <azimuthalGap>166</azimuthalGap>
      <minimumDistance>0.39</minimumDistance>
      <maximumDistance>2.35</maximumDistance>
    </quality>
    <evaluationMode>manual</evaluationMode>
    <creationInfo>
      <agencyURI>smi:smi-registry/organization/EMSC</agencyURI>
      <authorURI>smi:smi-registry/organization/EMSC</authorURI>
    </creationInfo>
    <originUncertainty>
      <azimuthMaxHorizontalUncertainty>91</azimuthMaxHorizontalUncertainty>
    </originUncertainty>
  </origin>
  <magnitude publicID="quakeml:eu.emsc/event/20020307_0000004/origin/1409969/mag/2">
    <mag>
      <value>2.2</value>
    </mag>
    <type>ML</type>
    <originID>quakeml:eu.emsc/event/20020307_0000004/origin/1409969</originID>
    <stationCount>11</stationCount>
    <creationInfo>
      <agencyURI>smi:smi-registry/organization/EMSC</agencyURI>
      <authorURI>smi:smi-registry/organization/EMSC</authorURI>
    </creationInfo>
  </magnitude>
</event>
<event publicID="quakeml:eu.emsc/event/20020307_0000003">
  <preferredOriginID>quakeml:eu.emsc/event/20020307_0000003/origin/1409971</preferredOriginID>
  <preferredMagnitudeID>quakeml:eu.emsc/event/20020307_0000003/origin/1409971/mag/2</preferredMagnitudeID>
  <creationInfo>
    <agencyURI>smi:smi-registry/organization/EMSC</agencyURI>
    <authorURI>smi:smi-registry/organization/EMSC</authorURI>
    <creationTime>2014-12-03T11:06:20.819154Z</creationTime>
  </creationInfo>
  <description>
    <text>FYR OF MACEDONIA</text>
    <type>Flinn-Engdahl region</type>
  </description>
  <origin publicID="quakeml:eu.emsc/event/20020307_0000003/origin/1409971">
    <time>
      <value>2002-03-07T00:47:20.7Z</value>
      <uncertainty>0.15</uncertainty>
    </time>
    <latitude>
      <value>41.7895</value>
      <uncertainty>3.2</uncertainty>
    </latitude>
    <longitude>
      <value>22.9006</value>
      <uncertainty>2.6</uncertainty>
    </longitude>
    <depth>
      <value>2000</value>
    </depth>
    <depthType>from location</depthType>
    <methodID>smi:eu.emsc-csem/origin_method/NA</methodID>
    <quality>
      <usedPhaseCount>22</usedPhaseCount>
      <usedStationCount>15</usedStationCount>
      <standardError>0.63</standardError>
      <azimuthalGap>71</azimuthalGap>
      <minimumDistance>0.16</minimumDistance>
      <maximumDistance>2.3</maximumDistance>
    </quality>
    <evaluationMode>manual</evaluationMode>
    <creationInfo>
      <agencyURI>smi:smi-registry/organization/EMSC</agencyURI>
      <authorURI>smi:smi-registry/organization/EMSC</authorURI>
    </creationInfo>
    <originUncertainty>
      <azimuthMaxHorizontalUncertainty>106</azimuthMaxHorizontalUncertainty>
    </originUncertainty>
  </origin>
  <magnitude publicID="quakeml:eu.emsc/event/20020307_0000003/origin/1409971/mag/2">
    <mag>
      <value>2.8</value>
    </mag>
    <type>ML</type>
    <originID>quakeml:eu.emsc/event/20020307_0000003/origin/1409971</originID>
    <creationInfo>
      <agencyURI>smi:smi-registry/organization/EMSC</agencyURI>
      <authorURI>smi:smi-registry/organization/EMSC</authorURI>
    </creationInfo>
  </magnitude>
</event>
<event publicID="quakeml:eu.emsc/event/20020307_0000021">
  <preferredOriginID>quakeml:eu.emsc/event/20020307_0000021/origin/1414920</preferredOriginID>
  <preferredMagnitudeID>quakeml:eu.emsc/event/20020307_0000021/origin/1414920/mag/2</preferredMagnitudeID>
  <creationInfo>
    <agencyURI>smi:smi-registry/organization/EMSC</agencyURI>
    <authorURI>smi:smi-registry/organization/EMSC</authorURI>
    <creationTime>2014-12-10T18:34:49.833598Z</creationTime>
  </creationInfo>
  <description>
    <text>FRANCE</text>
    <type>Flinn-Engdahl region</type>
  </description>
  <origin publicID="quakeml:eu.emsc/event/20020307_0000021/origin/1414920">
    <time>
      <value>2002-03-07T00:40:26.9Z</value>
    </time>
    <latitude>
      <value>45.7609</value>
      <uncertainty>9999.9</uncertainty>
    </latitude>
    <longitude>
      <value>6.9008</value>
      <uncertainty>9999.9</uncertainty>
    </longitude>
    <depth>
      <value>6000</value>
    </depth>
    <depthType>from location</depthType>
    <methodID>smi:eu.emsc-csem/origin_method/NA</methodID>
    <quality>
      <usedPhaseCount>24</usedPhaseCount>
      <usedStationCount>12</usedStationCount>
      <standardError>1.55</standardError>
      <azimuthalGap>179</azimuthalGap>
      <minimumDistance>0.27</minimumDistance>
      <maximumDistance>2.93</maximumDistance>
    </quality>
    <evaluationMode>manual</evaluationMode>
    <creationInfo>
      <agencyURI>smi:smi-registry/organization/EMSC</agencyURI>
      <authorURI>smi:smi-registry/organization/EMSC</authorURI>
    </creationInfo>
    <originUncertainty>
      <azimuthMaxHorizontalUncertainty>-99</azimuthMaxHorizontalUncertainty>
    </originUncertainty>
  </origin>
  <magnitude publicID="quakeml:eu.emsc/event/20020307_0000021/origin/1414920/mag/2">
    <mag>
      <value>2</value>
    </mag>
    <type>ML</type>
    <originID>quakeml:eu.emsc/event/20020307_0000021/origin/1414920</originID>
    <stationCount>6</stationCount>
    <creationInfo>
      <agencyURI>smi:smi-registry/organization/EMSC</agencyURI>
      <authorURI>smi:smi-registry/organization/EMSC</authorURI>
    </creationInfo>
  </magnitude>
</event>
</eventParameters>
</q:quakeml>
