<?xml version="1.0"?>
<q:quakeml xmlns:q="http://quakeml.org/xmlns/quakeml/1.2"  xmlns="http://quakeml.org/xmlns/bed/1.2">
<eventParameters publicID="smi:eu.emsc/unid">
<event publicID="quakeml:eu.emsc/event/20021222_0000011">
  <preferredOriginID>quakeml:eu.emsc/event/20021222_0000011/origin/1403616</preferredOriginID>
  <preferredMagnitudeID>quakeml:eu.emsc/event/20021222_0000011/origin/1403616/mag/2</preferredMagnitudeID>
  <creationInfo>
    <agencyURI>smi:smi-registry/organization/EMSC</agencyURI>
    <authorURI>smi:smi-registry/organization/EMSC</authorURI>
    <creationTime>2014-12-03T10:22:27.499403Z</creationTime>
  </creationInfo>
  <description>
    <text>CRETE, GREECE</text>
    <type>Flinn-Engdahl region</type>
  </description>
  <origin publicID="quakeml:eu.emsc/event/20021222_0000011/origin/1403616">
    <time>
      <value>2002-12-22T21:42:14.4Z</value>
      <uncertainty>0.15</uncertainty>
    </time>
    <latitude>
      <value>34.823</value>
      <uncertainty>6.5</uncertainty>
    </latitude>
    <longitude>
      <value>24.7167</value>
      <uncertainty>2.9</uncertainty>
    </longitude>
    <depth>
      <value>54200.0</value>
      <uncertainty>2.6</uncertainty>
    </depth>
    <depthType>from location</depthType>
    <methodID>smi:eu.emsc-csem/origin_method/NA</methodID>
    <quality>
      <usedPhaseCount>91</usedPhaseCount>
      <usedStationCount>88</usedStationCount>
      <standardError>0.91</standardError>
      <azimuthalGap>137</azimuthalGap>
      <minimumDistance>0.52</minimumDistance>
      <maximumDistance>27.63</maximumDistance>
    </quality>
    <evaluationMode>manual</evaluationMode>
    <creationInfo>
      <agencyURI>smi:smi-registry/organization/EMSC</agencyURI>
      <authorURI>smi:smi-registry/organization/EMSC</authorURI>
    </creationInfo>
    <originUncertainty>
      <azimuthMaxHorizontalUncertainty>42</azimuthMaxHorizontalUncertainty>
    </originUncertainty>
  </origin>
  <magnitude publicID="quakeml:eu.emsc/event/20021222_0000011/origin/1403616/mag/2">
    <mag>
      <value>4.2</value>
      <uncertainty>0.3</uncertainty>
    </mag>
    <type>mb</type>
    <originID>quakeml:eu.emsc/event/20021222_0000011/origin/1403616</originID>
    <stationCount>5</stationCount>
    <creationInfo>
      <agencyURI>smi:smi-registry/organization/EMSC</agencyURI>
      <authorURI>smi:smi-registry/organization/EMSC</authorURI>
    </creationInfo>
  </magnitude>
</event>
<event publicID="quakeml:eu.emsc/event/20021222_0000013">
  <preferredOriginID>quakeml:eu.emsc/event/20021222_0000013/origin/1396083</preferredOriginID>
  <preferredMagnitudeID>quakeml:eu.emsc/event/20021222_0000013/origin/1396083/mag/1</preferredMagnitudeID>
  <creationInfo>
    <agencyURI>smi:smi-registry/organization/EMSC</agencyURI>
    <authorURI>smi:smi-registry/organization/EMSC</authorURI>
    <creationTime>2014-12-03T15:19:09.555656Z</creationTime>
  </creationInfo>
  <description>
    <text>NORTHERN ITALY</text>
    <type>Flinn-Engdahl region</type>
  </description>
  <origin publicID="quakeml:eu.emsc/event/20021222_0000013/origin/1396083">
    <time>
      <value>2002-12-22T21:26:32.2Z</value>
      <uncertainty>0.08</uncertainty>
    </time>
    <latitude>
      <value>44.1159</value>
      <uncertainty>1.6</uncertainty>
    </latitude>
    <longitude>
      <value>7.1484</value>
      <uncertainty>1.4</uncertainty>
    </longitude>
    <depth>
      <value>10000</value>
    </depth>
    <depthType>from location</depthType>
    <methodID>smi:eu.emsc-csem/origin_method/NA</methodID>
    <quality>
      <usedPhaseCount>31</usedPhaseCount>
      <usedStationCount>17</usedStationCount>
      <standardError>0.43</standardError>
      <azimuthalGap>72</azimuthalGap>
      <minimumDistance>0.13</minimumDistance>
      <maximumDistance>1.14</maximumDistance>
    </quality>
    <evaluationMode>manual</evaluationMode>
    <creationInfo>
      <agencyURI>smi:smi-registry/organization/EMSC</agencyURI>
      <authorURI>smi:smi-registry/organization/EMSC</authorURI>
    </creationInfo>
    <originUncertainty>
      <azimuthMaxHorizontalUncertainty>47</azimuthMaxHorizontalUncertainty>
    </originUncertainty>
  </origin>
  <magnitude publicID="quakeml:eu.emsc/event/20021222_0000013/origin/1396083/mag/1">
    <mag>
      <value>1.3</value>
      <uncertainty>0.6</uncertainty>
    </mag>
    <type>ML</type>
    <originID>quakeml:eu.emsc/event/20021222_0000013/origin/1396083</originID>
    <stationCount>5</stationCount>
    <creationInfo>
      <agencyURI>smi:smi-registry/organization/EMSC</agencyURI>
      <authorURI>smi:smi-registry/organization/EMSC</authorURI>
    </creationInfo>
  </magnitude>
</event>
<event publicID="quakeml:eu.emsc/event/20021222_0000014">
  <preferredOriginID>quakeml:eu.emsc/event/20021222_0000014/origin/1396086</preferredOriginID>
  <preferredMagnitudeID>quakeml:eu.emsc/event/20021222_0000014/origin/1396086/mag/1</preferredMagnitudeID>
  <creationInfo>
    <agencyURI>smi:smi-registry/organization/EMSC</agencyURI>
    <authorURI>smi:smi-registry/organization/EMSC</authorURI>
    <creationTime>2014-12-03T15:31:29.322654Z</creationTime>
  </creationInfo>
  <description>
    <text>FRANCE</text>
    <type>Flinn-Engdahl region</type>
  </description>
  <origin publicID="quakeml:eu.emsc/event/20021222_0000014/origin/1396086">
    <time>
      <value>2002-12-22T19:49:00.6Z</value>
      <uncertainty>0.09</uncertainty>
    </time>
    <latitude>
      <value>44.554</value>
      <uncertainty>1.9</uncertainty>
    </latitude>
    <longitude>
      <value>2.63</value>
      <uncertainty>1.6</uncertainty>
    </longitude>
    <depth>
      <value>10000</value>
    </depth>
    <depthType>from location</depthType>
    <methodID>smi:eu.emsc-csem/origin_method/NA</methodID>
    <quality>
      <usedPhaseCount>26</usedPhaseCount>
      <usedStationCount>14</usedStationCount>
      <standardError>0.6</standardError>
      <azimuthalGap>75</azimuthalGap>
      <minimumDistance>0.81</minimumDistance>
      <maximumDistance>2.85</maximumDistance>
    </quality>
    <evaluationMode>manual</evaluationMode>
    <creationInfo>
      <agencyURI>smi:smi-registry/organization/EMSC</agencyURI>
      <authorURI>smi:smi-registry/organization/EMSC</authorURI>
    </creationInfo>
    <originUncertainty>
      <azimuthMaxHorizontalUncertainty>120</azimuthMaxHorizontalUncertainty>
    </originUncertainty>
  </origin>
  <magnitude publicID="quakeml:eu.emsc/event/20021222_0000014/origin/1396086/mag/1">
    <mag>
      <value>1.9</value>
      <uncertainty>0.3</uncertainty>
    </mag>
    <type>ML</type>
    <originID>quakeml:eu.emsc/event/20021222_0000014/origin/1396086</originID>
    <stationCount>11</stationCount>
    <creationInfo>
      <agencyURI>smi:smi-registry/organization/EMSC</agencyURI>
      <authorURI>smi:smi-registry/organization/EMSC</authorURI>
    </creationInfo>
  </magnitude>
</event>
<event publicID="quakeml:eu.emsc/event/20021222_0000009">
  <preferredOriginID>quakeml:eu.emsc/event/20021222_0000009/origin/1410558</preferredOriginID>
  <preferredMagnitudeID>quakeml:eu.emsc/event/20021222_0000009/origin/1410558/mag/2</preferredMagnitudeID>
  <creationInfo>
    <agencyURI>smi:smi-registry/organization/EMSC</agencyURI>
    <authorURI>smi:smi-registry/organization/EMSC</authorURI>
    <creationTime>2014-12-10T18:01:20.956426Z</creationTime>
  </creationInfo>
  <description>
    <text>DODECANESE ISLANDS, GREECE</text>
    <type>Flinn-Engdahl region</type>
  </description>
  <origin publicID="quakeml:eu.emsc/event/20021222_0000009/origin/1410558">
    <time>
      <value>2002-12-22T15:23:51.2Z</value>
    </time>
    <latitude>
      <value>36.776</value>
      <uncertainty>9999.9</uncertainty>
    </latitude>
    <longitude>
      <value>28.87</value>
      <uncertainty>9999.9</uncertainty>
    </longitude>
    <depth>
      <value>33000</value>
    </depth>
    <depthType>from location</depthType>
    <methodID>smi:eu.emsc-csem/origin_method/NA</methodID>
    <quality>
      <usedPhaseCount>6</usedPhaseCount>
      <usedStationCount>5</usedStationCount>
      <standardError>4.24</standardError>
      <azimuthalGap>230</azimuthalGap>
      <minimumDistance>0.83</minimumDistance>
      <maximumDistance>3.18</maximumDistance>
    </quality>
    <evaluationMode>manual</evaluationMode>
    <creationInfo>
      <agencyURI>smi:smi-registry/organization/EMSC</agencyURI>
      <authorURI>smi:smi-registry/organization/EMSC</authorURI>
    </creationInfo>
    <originUncertainty>
      <azimuthMaxHorizontalUncertainty>-99</azimuthMaxHorizontalUncertainty>
    </originUncertainty>
  </origin>
  <magnitude publicID="quakeml:eu.emsc/event/20021222_0000009/origin/1410558/mag/2">
    <mag>
      <value>3.1</value>
    </mag>
    <type>MD</type>
    <originID>quakeml:eu.emsc/event/20021222_0000009/origin/1410558</originID>
    <creationInfo>
      <agencyURI>smi:smi-registry/organization/EMSC</agencyURI>
      <authorURI>smi:smi-registry/organization/EMSC</authorURI>
    </creationInfo>
  </magnitude>
</event>
<event publicID="quakeml:eu.emsc/event/20021222_0000008">
  <preferredOriginID>quakeml:eu.emsc/event/20021222_0000008/origin/1410560</preferredOriginID>
  <preferredMagnitudeID>quakeml:eu.emsc/event/20021222_0000008/origin/1410560/mag/2</preferredMagnitudeID>
  <creationInfo>
    <agencyURI>smi:smi-registry/organization/EMSC</agencyURI>
    <authorURI>smi:smi-registry/organization/EMSC</authorURI>
    <creationTime>2014-12-10T18:01:18.384542Z</creationTime>
  </creationInfo>
  <description>
    <text>ROMANIA</text>
    <type>Flinn-Engdahl region</type>
  </description>
  <origin publicID="quakeml:eu.emsc/event/20021222_0000008/origin/1410560">
    <time>
      <value>2002-12-22T15:10:48.2Z</value>
    </time>
    <latitude>
      <value>45.773</value>
      <uncertainty>9999.9</uncertainty>
    </latitude>
    <longitude>
      <value>26.819</value>
      <uncertainty>9999.9</uncertainty>
    </longitude>
    <depth>
      <value>72000</value>
    </depth>
    <depthType>from location</depthType>
    <methodID>smi:eu.emsc-csem/origin_method/NA</methodID>
    <quality>
      <usedPhaseCount>9</usedPhaseCount>
      <usedStationCount>5</usedStationCount>
      <standardError>0.65</standardError>
      <azimuthalGap>101</azimuthalGap>
      <minimumDistance>0.11</minimumDistance>
      <maximumDistance>1.34</maximumDistance>
    </quality>
    <evaluationMode>manual</evaluationMode>
    <creationInfo>
      <agencyURI>smi:smi-registry/organization/EMSC</agencyURI>
      <authorURI>smi:smi-registry/organization/EMSC</authorURI>
    </creationInfo>
    <originUncertainty>
      <azimuthMaxHorizontalUncertainty>-99</azimuthMaxHorizontalUncertainty>
    </originUncertainty>
  </origin>
  <magnitude publicID="quakeml:eu.emsc/event/20021222_0000008/origin/1410560/mag/2">
    <mag>
      <value>3</value>
      <uncertainty>0.2</uncertainty>
    </mag>
    <type>MD</type>
    <originID>quakeml:eu.emsc/event/20021222_0000008/origin/1410560</originID>
    <stationCount>4</stationCount>
    <creationInfo>
      <agencyURI>smi:smi-registry/organization/EMSC</agencyURI>
      <authorURI>smi:smi-registry/organization/EMSC</authorURI>
    </creationInfo>
  </magnitude>
</event>
<event publicID="quakeml:eu.emsc/event/20021222_0000007">
  <preferredOriginID>quakeml:eu.emsc/event/20021222_0000007/origin/1410562</preferredOriginID>
  <preferredMagnitudeID>quakeml:eu.emsc/event/20021222_0000007/origin/1410562/mag/2</preferredMagnitudeID>
  <creationInfo>
    <agencyURI>smi:smi-registry/organization/EMSC</agencyURI>
    <authorURI>smi:smi-registry/organization/EMSC</authorURI>
    <creationTime>2014-12-10T18:01:14.189356Z</creationTime>
  </creationInfo>
  <description>
    <text>SOUTHERN GREECE</text>
    <type>Flinn-Engdahl region</type>
  </description>
  <origin publicID="quakeml:eu.emsc/event/20021222_0000007/origin/1410562">
    <time>
      <value>2002-12-22T14:10:06.5Z</value>
    </time>
    <latitude>
      <value>36.63</value>
      <uncertainty>9999.9</uncertainty>
    </latitude>
    <longitude>
      <value>22.95</value>
      <uncertainty>9999.9</uncertainty>
    </longitude>
    <depth>
      <value>25000</value>
    </depth>
    <depthType>from location</depthType>
    <methodID>smi:eu.emsc-csem/origin_method/NA</methodID>
    <quality>
      <usedPhaseCount>6</usedPhaseCount>
      <usedStationCount>6</usedStationCount>
      <standardError>1.32</standardError>
      <azimuthalGap>135</azimuthalGap>
      <minimumDistance>0.09</minimumDistance>
      <maximumDistance>2.12</maximumDistance>
    </quality>
    <evaluationMode>manual</evaluationMode>
    <creationInfo>
      <agencyURI>smi:smi-registry/organization/EMSC</agencyURI>
      <authorURI>smi:smi-registry/organization/EMSC</authorURI>
    </creationInfo>
    <originUncertainty>
      <azimuthMaxHorizontalUncertainty>-99</azimuthMaxHorizontalUncertainty>
    </originUncertainty>
  </origin>
  <magnitude publicID="quakeml:eu.emsc/event/20021222_0000007/origin/1410562/mag/2">
    <mag>
      <value>3.2</value>
    </mag>
    <type>MD</type>
    <originID>quakeml:eu.emsc/event/20021222_0000007/origin/1410562</originID>
    <creationInfo>
      <agencyURI>smi:smi-registry/organization/EMSC</agencyURI>
      <authorURI>smi:smi-registry/organization/EMSC</authorURI>
    </creationInfo>
  </magnitude>
</event>
<event publicID="quakeml:eu.emsc/event/20021222_0000015">
  <preferredOriginID>quakeml:eu.emsc/event/20021222_0000015/origin/1396089</preferredOriginID>
  <preferredMagnitudeID>quakeml:eu.emsc/event/20021222_0000015/origin/1396089/mag/2</preferredMagnitudeID>
  <creationInfo>
    <agencyURI>smi:smi-registry/organization/EMSC</agencyURI>
    <authorURI>smi:smi-registry/organization/EMSC</authorURI>
    <creationTime>2014-12-03T15:33:24.598671Z</creationTime>
  </creationInfo>
  <description>
    <text>PYRENEES</text>
    <type>Flinn-Engdahl region</type>
  </description>
  <origin publicID="quakeml:eu.emsc/event/20021222_0000015/origin/1396089">
    <time>
      <value>2002-12-22T13:49:41.1Z</value>
      <uncertainty>0.21</uncertainty>
    </time>
    <latitude>
      <value>43.0868</value>
      <uncertainty>6.7</uncertainty>
    </latitude>
    <longitude>
      <value>-0.2889</value>
      <uncertainty>2.5</uncertainty>
    </longitude>
    <depth>
      <value>10000</value>
    </depth>
    <depthType>from location</depthType>
    <methodID>smi:eu.emsc-csem/origin_method/NA</methodID>
    <quality>
      <usedPhaseCount>9</usedPhaseCount>
      <usedStationCount>5</usedStationCount>
      <standardError>0.48</standardError>
      <azimuthalGap>183</azimuthalGap>
      <minimumDistance>0.08</minimumDistance>
      <maximumDistance>1.85</maximumDistance>
    </quality>
    <evaluationMode>manual</evaluationMode>
    <creationInfo>
      <agencyURI>smi:smi-registry/organization/EMSC</agencyURI>
      <authorURI>smi:smi-registry/organization/EMSC</authorURI>
    </creationInfo>
    <originUncertainty>
      <azimuthMaxHorizontalUncertainty>173</azimuthMaxHorizontalUncertainty>
    </originUncertainty>
  </origin>
  <magnitude publicID="quakeml:eu.emsc/event/20021222_0000015/origin/1396089/mag/2">
    <mag>
      <value>2.1</value>
    </mag>
    <type>ML</type>
    <originID>quakeml:eu.emsc/event/20021222_0000015/origin/1396089</originID>
    <creationInfo>
      <agencyURI>smi:smi-registry/organization/EMSC</agencyURI>
      <authorURI>smi:smi-registry/organization/EMSC</authorURI>
    </creationInfo>
  </magnitude>
</event>
<event publicID="quakeml:eu.emsc/event/20021222_0000006">
  <preferredOriginID>quakeml:eu.emsc/event/20021222_0000006/origin/1410564</preferredOriginID>
  <preferredMagnitudeID>quakeml:eu.emsc/event/20021222_0000006/origin/1410564/mag/2</preferredMagnitudeID>
  <creationInfo>
    <agencyURI>smi:smi-registry/organization/EMSC</agencyURI>
    <authorURI>smi:smi-registry/organization/EMSC</authorURI>
    <creationTime>2014-12-10T18:01:11.128868Z</creationTime>
  </creationInfo>
  <description>
    <text>WESTERN TURKEY</text>
    <type>Flinn-Engdahl region</type>
  </description>
  <origin publicID="quakeml:eu.emsc/event/20021222_0000006/origin/1410564">
    <time>
      <value>2002-12-22T12:47:22.2Z</value>
    </time>
    <latitude>
      <value>40.675</value>
      <uncertainty>9999.9</uncertainty>
    </latitude>
    <longitude>
      <value>29.513</value>
      <uncertainty>9999.9</uncertainty>
    </longitude>
    <depth>
      <value>6000</value>
    </depth>
    <depthType>from location</depthType>
    <methodID>smi:eu.emsc-csem/origin_method/NA</methodID>
    <quality>
      <usedPhaseCount>17</usedPhaseCount>
      <usedStationCount>16</usedStationCount>
      <standardError>0.75</standardError>
      <azimuthalGap>74</azimuthalGap>
      <minimumDistance>0.15</minimumDistance>
      <maximumDistance>2.56</maximumDistance>
    </quality>
    <evaluationMode>manual</evaluationMode>
    <creationInfo>
      <agencyURI>smi:smi-registry/organization/EMSC</agencyURI>
      <authorURI>smi:smi-registry/organization/EMSC</authorURI>
    </creationInfo>
    <originUncertainty>
      <azimuthMaxHorizontalUncertainty>-99</azimuthMaxHorizontalUncertainty>
    </originUncertainty>
  </origin>
  <magnitude publicID="quakeml:eu.emsc/event/20021222_0000006/origin/1410564/mag/2">
    <mag>
      <value>2.9</value>
    </mag>
    <type>MD</type>
    <originID>quakeml:eu.emsc/event/20021222_0000006/origin/1410564</originID>
    <creationInfo>
      <agencyURI>smi:smi-registry/organization/EMSC</agencyURI>
      <authorURI>smi:smi-registry/organization/EMSC</authorURI>
    </creationInfo>
  </magnitude>
</event>
<event publicID="quakeml:eu.emsc/event/20021222_0000016">
  <preferredOriginID>quakeml:eu.emsc/event/20021222_0000016/origin/1396092</preferredOriginID>
  <preferredMagnitudeID>quakeml:eu.emsc/event/20021222_0000016/origin/1396092/mag/1</preferredMagnitudeID>
  <creationInfo>
    <agencyURI>smi:smi-registry/organization/EMSC</agencyURI>
    <authorURI>smi:smi-registry/organization/EMSC</authorURI>
    <creationTime>2014-12-03T15:35:21.942641Z</creationTime>
  </creationInfo>
  <description>
    <text>FRANCE</text>
    <type>Flinn-Engdahl region</type>
  </description>
  <origin publicID="quakeml:eu.emsc/event/20021222_0000016/origin/1396092">
    <time>
      <value>2002-12-22T11:58:15.9Z</value>
      <uncertainty>0.14</uncertainty>
    </time>
    <latitude>
      <value>44.5096</value>
      <uncertainty>3.4</uncertainty>
    </latitude>
    <longitude>
      <value>6.9317</value>
      <uncertainty>2.2</uncertainty>
    </longitude>
    <depth>
      <value>8000</value>
    </depth>
    <depthType>from location</depthType>
    <methodID>smi:eu.emsc-csem/origin_method/NA</methodID>
    <quality>
      <usedPhaseCount>25</usedPhaseCount>
      <usedStationCount>14</usedStationCount>
      <standardError>0.69</standardError>
      <azimuthalGap>104</azimuthalGap>
      <minimumDistance>0.12</minimumDistance>
      <maximumDistance>1.21</maximumDistance>
    </quality>
    <evaluationMode>manual</evaluationMode>
    <creationInfo>
      <agencyURI>smi:smi-registry/organization/EMSC</agencyURI>
      <authorURI>smi:smi-registry/organization/EMSC</authorURI>
    </creationInfo>
    <originUncertainty>
      <azimuthMaxHorizontalUncertainty>61</azimuthMaxHorizontalUncertainty>
    </originUncertainty>
  </origin>
  <magnitude publicID="quakeml:eu.emsc/event/20021222_0000016/origin/1396092/mag/1">
    <mag>
      <value>1.4</value>
      <uncertainty>0.3</uncertainty>
    </mag>
    <type>ML</type>
    <originID>quakeml:eu.emsc/event/20021222_0000016/origin/1396092</originID>
    <stationCount>7</stationCount>
    <creationInfo>
      <agencyURI>smi:smi-registry/organization/EMSC</agencyURI>
      <authorURI>smi:smi-registry/organization/EMSC</authorURI>
    </creationInfo>
  </magnitude>
</event>
<event publicID="quakeml:eu.emsc/event/20021222_0000005">
  <preferredOriginID>quakeml:eu.emsc/event/20021222_0000005/origin/1396762</preferredOriginID>
  <preferredMagnitudeID>quakeml:eu.emsc/event/20021222_0000005/origin/1396762/mag/2</preferredMagnitudeID>
  <creationInfo>
    <agencyURI>smi:smi-registry/organization/EMSC</agencyURI>
    <authorURI>smi:smi-registry/organization/EMSC</authorURI>
    <creationTime>2014-12-03T12:21:31.374411Z</creationTime>
  </creationInfo>
  <description>
    <text>CRETE, GREECE</text>
    <type>Flinn-Engdahl region</type>
  </description>
  <origin publicID="quakeml:eu.emsc/event/20021222_0000005/origin/1396762">
    <time>
      <value>2002-12-22T10:44:25.8Z</value>
      <uncertainty>0.58</uncertainty>
    </time>
    <latitude>
      <value>34.774</value>
      <uncertainty>34.7</uncertainty>
    </latitude>
    <longitude>
      <value>26.8741</value>
      <uncertainty>15.3</uncertainty>
    </longitude>
    <depth>
      <value>40000</value>
    </depth>
    <depthType>from location</depthType>
    <methodID>smi:eu.emsc-csem/origin_method/NA</methodID>
    <quality>
      <usedPhaseCount>8</usedPhaseCount>
      <usedStationCount>8</usedStationCount>
      <standardError>1</standardError>
      <azimuthalGap>147</azimuthalGap>
      <minimumDistance>1.14</minimumDistance>
      <maximumDistance>26.69</maximumDistance>
    </quality>
    <evaluationMode>manual</evaluationMode>
    <creationInfo>
      <agencyURI>smi:smi-registry/organization/EMSC</agencyURI>
      <authorURI>smi:smi-registry/organization/EMSC</authorURI>
    </creationInfo>
    <originUncertainty>
      <azimuthMaxHorizontalUncertainty>25</azimuthMaxHorizontalUncertainty>
    </originUncertainty>
  </origin>
  <magnitude publicID="quakeml:eu.emsc/event/20021222_0000005/origin/1396762/mag/2">
    <mag>
      <value>3.3</value>
    </mag>
    <type>MD</type>
    <originID>quakeml:eu.emsc/event/20021222_0000005/origin/1396762</originID>
    <creationInfo>
      <agencyURI>smi:smi-registry/organization/EMSC</agencyURI>
      <authorURI>smi:smi-registry/organization/EMSC</authorURI>
    </creationInfo>
  </magnitude>
</event>
<event publicID="quakeml:eu.emsc/event/20021222_0000003">
  <preferredOriginID>quakeml:eu.emsc/event/20021222_0000003/origin/1410566</preferredOriginID>
  <preferredMagnitudeID>quakeml:eu.emsc/event/20021222_0000003/origin/1410566/mag/2</preferredMagnitudeID>
  <creationInfo>
    <agencyURI>smi:smi-registry/organization/EMSC</agencyURI>
    <authorURI>smi:smi-registry/organization/EMSC</authorURI>
    <creationTime>2014-12-10T18:01:01.807002Z</creationTime>
  </creationInfo>
  <description>
    <text>CENTRAL TURKEY</text>
    <type>Flinn-Engdahl region</type>
  </description>
  <origin publicID="quakeml:eu.emsc/event/20021222_0000003/origin/1410566">
    <time>
      <value>2002-12-22T04:45:31.2Z</value>
    </time>
    <latitude>
      <value>37.285</value>
      <uncertainty>9999.9</uncertainty>
    </latitude>
    <longitude>
      <value>36.238</value>
      <uncertainty>9999.9</uncertainty>
    </longitude>
    <depth>
      <value>5000</value>
    </depth>
    <depthType>from location</depthType>
    <methodID>smi:eu.emsc-csem/origin_method/NA</methodID>
    <quality>
      <usedPhaseCount>7</usedPhaseCount>
      <usedStationCount>5</usedStationCount>
      <standardError>0.93</standardError>
      <azimuthalGap>115</azimuthalGap>
      <minimumDistance>0.48</minimumDistance>
      <maximumDistance>2.02</maximumDistance>
    </quality>
    <evaluationMode>manual</evaluationMode>
    <creationInfo>
      <agencyURI>smi:smi-registry/organization/EMSC</agencyURI>
      <authorURI>smi:smi-registry/organization/EMSC</authorURI>
    </creationInfo>
    <originUncertainty>
      <azimuthMaxHorizontalUncertainty>-99</azimuthMaxHorizontalUncertainty>
    </originUncertainty>
  </origin>
  <magnitude publicID="quakeml:eu.emsc/event/20021222_0000003/origin/1410566/mag/2">
    <mag>
      <value>3</value>
    </mag>
    <type>MD</type>
    <originID>quakeml:eu.emsc/event/20021222_0000003/origin/1410566</originID>
    <creationInfo>
      <agencyURI>smi:smi-registry/organization/EMSC</agencyURI>
      <authorURI>smi:smi-registry/organization/EMSC</authorURI>
    </creationInfo>
  </magnitude>
</event>
<event publicID="quakeml:eu.emsc/event/20021222_0000002">
  <preferredOriginID>quakeml:eu.emsc/event/20021222_0000002/origin/1396765</preferredOriginID>
  <preferredMagnitudeID>quakeml:eu.emsc/event/20021222_0000002/origin/1396765/mag/2</preferredMagnitudeID>
  <creationInfo>
    <agencyURI>smi:smi-registry/organization/EMSC</agencyURI>
    <authorURI>smi:smi-registry/organization/EMSC</authorURI>
    <creationTime>2014-12-03T11:16:43.266021Z</creationTime>
  </creationInfo>
  <description>
    <text>NORTHWESTERN RUSSIA</text>
    <type>Flinn-Engdahl region</type>
  </description>
  <origin publicID="quakeml:eu.emsc/event/20021222_0000002/origin/1396765">
    <time>
      <value>2002-12-22T03:49:50.0Z</value>
      <uncertainty>0.54</uncertainty>
    </time>
    <latitude>
      <value>67.6011</value>
      <uncertainty>11.5</uncertainty>
    </latitude>
    <longitude>
      <value>33.7226</value>
      <uncertainty>6.3</uncertainty>
    </longitude>
    <depth>
      <value>2000</value>
    </depth>
    <depthType>from location</depthType>
    <methodID>smi:eu.emsc-csem/origin_method/NA</methodID>
    <quality>
      <usedPhaseCount>19</usedPhaseCount>
      <usedStationCount>10</usedStationCount>
      <standardError>1.21</standardError>
      <azimuthalGap>238</azimuthalGap>
      <minimumDistance>0.28</minimumDistance>
      <maximumDistance>7</maximumDistance>
    </quality>
    <evaluationMode>manual</evaluationMode>
    <creationInfo>
      <agencyURI>smi:smi-registry/organization/EMSC</agencyURI>
      <authorURI>smi:smi-registry/organization/EMSC</authorURI>
    </creationInfo>
    <originUncertainty>
      <azimuthMaxHorizontalUncertainty>76</azimuthMaxHorizontalUncertainty>
    </originUncertainty>
  </origin>
  <magnitude publicID="quakeml:eu.emsc/event/20021222_0000002/origin/1396765/mag/2">
    <mag>
      <value>2.7</value>
    </mag>
    <type>ML</type>
    <originID>quakeml:eu.emsc/event/20021222_0000002/origin/1396765</originID>
    <creationInfo>
      <agencyURI>smi:smi-registry/organization/EMSC</agencyURI>
      <authorURI>smi:smi-registry/organization/EMSC</authorURI>
    </creationInfo>
  </magnitude>
</event>
<event publicID="quakeml:eu.emsc/event/20021222_0000001">
  <preferredOriginID>quakeml:eu.emsc/event/20021222_0000001/origin/1410568</preferredOriginID>
  <preferredMagnitudeID>quakeml:eu.emsc/event/20021222_0000001/origin/1410568/mag/2</preferredMagnitudeID>
  <creationInfo>
    <agencyURI>smi:smi-registry/organization/EMSC</agencyURI>
    <authorURI>smi:smi-registry/organization/EMSC</authorURI>
    <creationTime>2014-12-10T18:00:57.13428Z</creationTime>
  </creationInfo>
  <description>
    <text>EASTERN TURKEY</text>
    <type>Flinn-Engdahl region</type>
  </description>
  <origin publicID="quakeml:eu.emsc/event/20021222_0000001/origin/1410568">
    <time>
      <value>2002-12-22T03:47:00.4Z</value>
    </time>
    <latitude>
      <value>38.405</value>
      <uncertainty>9999.9</uncertainty>
    </latitude>
    <longitude>
      <value>38.981</value>
      <uncertainty>9999.9</uncertainty>
    </longitude>
    <depth>
      <value>7000</value>
    </depth>
    <depthType>from location</depthType>
    <methodID>smi:eu.emsc-csem/origin_method/NA</methodID>
    <quality>
      <usedPhaseCount>10</usedPhaseCount>
      <usedStationCount>7</usedStationCount>
      <standardError>1.19</standardError>
      <azimuthalGap>112</azimuthalGap>
      <minimumDistance>0.44</minimumDistance>
      <maximumDistance>3.11</maximumDistance>
    </quality>
    <evaluationMode>manual</evaluationMode>
    <creationInfo>
      <agencyURI>smi:smi-registry/organization/EMSC</agencyURI>
      <authorURI>smi:smi-registry/organization/EMSC</authorURI>
    </creationInfo>
    <originUncertainty>
      <azimuthMaxHorizontalUncertainty>-99</azimuthMaxHorizontalUncertainty>
    </originUncertainty>
  </origin>
  <magnitude publicID="quakeml:eu.emsc/event/20021222_0000001/origin/1410568/mag/2">
    <mag>
      <value>3.4</value>
    </mag>
    <type>MD</type>
    <originID>quakeml:eu.emsc/event/20021222_0000001/origin/1410568</originID>
    <creationInfo>
      <agencyURI>smi:smi-registry/organization/EMSC</agencyURI>
      <authorURI>smi:smi-registry/organization/EMSC</authorURI>
    </creationInfo>
  </magnitude>
</event>
<event publicID="quakeml:eu.emsc/event/20021222_0000017">
  <preferredOriginID>quakeml:eu.emsc/event/20021222_0000017/origin/1396096</preferredOriginID>
  <preferredMagnitudeID>quakeml:eu.emsc/event/20021222_0000017/origin/1396096/mag/1</preferredMagnitudeID>
  <creationInfo>
    <agencyURI>smi:smi-registry/organization/EMSC</agencyURI>
    <authorURI>smi:smi-registry/organization/EMSC</authorURI>
    <creationTime>2014-12-03T16:42:31.818482Z</creationTime>
  </creationInfo>
  <description>
    <text>NORTHERN ITALY</text>
    <type>Flinn-Engdahl region</type>
  </description>
  <origin publicID="quakeml:eu.emsc/event/20021222_0000017/origin/1396096">
    <time>
      <value>2002-12-22T00:39:37.8Z</value>
      <uncertainty>0.08</uncertainty>
    </time>
    <latitude>
      <value>44.3307</value>
      <uncertainty>1.8</uncertainty>
    </latitude>
    <longitude>
      <value>7.4841</value>
      <uncertainty>1.3</uncertainty>
    </longitude>
    <depth>
      <value>15000</value>
    </depth>
    <depthType>from location</depthType>
    <methodID>smi:eu.emsc-csem/origin_method/NA</methodID>
    <quality>
      <usedPhaseCount>72</usedPhaseCount>
      <usedStationCount>40</usedStationCount>
      <standardError>0.69</standardError>
      <azimuthalGap>39</azimuthalGap>
      <minimumDistance>0.11</minimumDistance>
      <maximumDistance>2.62</maximumDistance>
    </quality>
    <evaluationMode>manual</evaluationMode>
    <creationInfo>
      <agencyURI>smi:smi-registry/organization/EMSC</agencyURI>
      <authorURI>smi:smi-registry/organization/EMSC</authorURI>
    </creationInfo>
    <originUncertainty>
      <azimuthMaxHorizontalUncertainty>70</azimuthMaxHorizontalUncertainty>
    </originUncertainty>
  </origin>
  <magnitude publicID="quakeml:eu.emsc/event/20021222_0000017/origin/1396096/mag/1">
    <mag>
      <value>2.4</value>
      <uncertainty>0.4</uncertainty>
    </mag>
    <type>ML</type>
    <originID>quakeml:eu.emsc/event/20021222_0000017/origin/1396096</originID>
    <stationCount>10</stationCount>
    <creationInfo>
      <agencyURI>smi:smi-registry/organization/EMSC</agencyURI>
      <authorURI>smi:smi-registry/organization/EMSC</authorURI>
    </creationInfo>
  </magnitude>
</event>
<event publicID="quakeml:eu.emsc/event/20021222_0000018">
  <preferredOriginID>quakeml:eu.emsc/event/20021222_0000018/origin/1396099</preferredOriginID>
  <preferredMagnitudeID>quakeml:eu.emsc/event/20021222_0000018/origin/1396099/mag/1</preferredMagnitudeID>
  <creationInfo>
    <agencyURI>smi:smi-registry/organization/EMSC</agencyURI>
    <authorURI>smi:smi-registry/organization/EMSC</authorURI>
    <creationTime>2014-12-03T16:44:27.369824Z</creationTime>
  </creationInfo>
  <description>
    <text>NORTHERN ITALY</text>
    <type>Flinn-Engdahl region</type>
  </description>
  <origin publicID="quakeml:eu.emsc/event/20021222_0000018/origin/1396099">
    <time>
      <value>2002-12-22T00:22:35.1Z</value>
      <uncertainty>0.07</uncertainty>
    </time>
    <latitude>
      <value>44.5083</value>
      <uncertainty>1.9</uncertainty>
    </latitude>
    <longitude>
      <value>7.1875</value>
      <uncertainty>1.1</uncertainty>
    </longitude>
    <depth>
      <value>10000</value>
    </depth>
    <depthType>from location</depthType>
    <methodID>smi:eu.emsc-csem/origin_method/NA</methodID>
    <quality>
      <usedPhaseCount>31</usedPhaseCount>
      <usedStationCount>19</usedStationCount>
      <standardError>0.42</standardError>
      <azimuthalGap>72</azimuthalGap>
      <minimumDistance>0.06</minimumDistance>
      <maximumDistance>1.28</maximumDistance>
    </quality>
    <evaluationMode>manual</evaluationMode>
    <creationInfo>
      <agencyURI>smi:smi-registry/organization/EMSC</agencyURI>
      <authorURI>smi:smi-registry/organization/EMSC</authorURI>
    </creationInfo>
    <originUncertainty>
      <azimuthMaxHorizontalUncertainty>67</azimuthMaxHorizontalUncertainty>
    </originUncertainty>
  </origin>
  <magnitude publicID="quakeml:eu.emsc/event/20021222_0000018/origin/1396099/mag/1">
    <mag>
      <value>1.2</value>
      <uncertainty>0.3</uncertainty>
    </mag>
    <type>ML</type>
    <originID>quakeml:eu.emsc/event/20021222_0000018/origin/1396099</originID>
    <stationCount>7</stationCount>
    <creationInfo>
      <agencyURI>smi:smi-registry/organization/EMSC</agencyURI>
      <authorURI>smi:smi-registry/organization/EMSC</authorURI>
    </creationInfo>
  </magnitude>
</event>
</eventParameters>
</q:quakeml>
