<?xml version="1.0"?>
<q:quakeml xmlns:q="http://quakeml.org/xmlns/quakeml/1.2"  xmlns="http://quakeml.org/xmlns/bed/1.2">
<eventParameters publicID="smi:eu.emsc/unid">
<event publicID="quakeml:eu.emsc/event/20020106_0000011">
  <preferredOriginID>quakeml:eu.emsc/event/20020106_0000011/origin/1406426</preferredOriginID>
  <preferredMagnitudeID>quakeml:eu.emsc/event/20020106_0000011/origin/1406426/mag/1</preferredMagnitudeID>
  <creationInfo>
    <agencyURI>smi:smi-registry/organization/EMSC</agencyURI>
    <authorURI>smi:smi-registry/organization/EMSC</authorURI>
    <creationTime>2014-12-03T11:48:30.761138Z</creationTime>
  </creationInfo>
  <description>
    <text>STRAIT OF GIBRALTAR</text>
    <type>Flinn-Engdahl region</type>
  </description>
  <origin publicID="quakeml:eu.emsc/event/20020106_0000011/origin/1406426">
    <time>
      <value>2002-01-06T23:28:53.9Z</value>
      <uncertainty>0.58</uncertainty>
    </time>
    <latitude>
      <value>35.1653</value>
      <uncertainty>11.6</uncertainty>
    </latitude>
    <longitude>
      <value>-4.4169</value>
      <uncertainty>9.3</uncertainty>
    </longitude>
    <depth>
      <value>80000</value>
    </depth>
    <depthType>from location</depthType>
    <methodID>smi:eu.emsc-csem/origin_method/NA</methodID>
    <quality>
      <usedPhaseCount>41</usedPhaseCount>
      <usedStationCount>25</usedStationCount>
      <standardError>1.02</standardError>
      <azimuthalGap>278</azimuthalGap>
      <minimumDistance>1.59</minimumDistance>
      <maximumDistance>12.77</maximumDistance>
    </quality>
    <evaluationMode>manual</evaluationMode>
    <creationInfo>
      <agencyURI>smi:smi-registry/organization/EMSC</agencyURI>
      <authorURI>smi:smi-registry/organization/EMSC</authorURI>
    </creationInfo>
    <originUncertainty>
      <azimuthMaxHorizontalUncertainty>157</azimuthMaxHorizontalUncertainty>
    </originUncertainty>
  </origin>
  <magnitude publicID="quakeml:eu.emsc/event/20020106_0000011/origin/1406426/mag/1">
    <mag>
      <value>3.1</value>
      <uncertainty>0.3</uncertainty>
    </mag>
    <type>ML</type>
    <originID>quakeml:eu.emsc/event/20020106_0000011/origin/1406426</originID>
    <stationCount>17</stationCount>
    <creationInfo>
      <agencyURI>smi:smi-registry/organization/EMSC</agencyURI>
      <authorURI>smi:smi-registry/organization/EMSC</authorURI>
    </creationInfo>
  </magnitude>
</event>
<event publicID="quakeml:eu.emsc/event/20020106_0000017">
  <preferredOriginID>quakeml:eu.emsc/event/20020106_0000017/origin/1406186</preferredOriginID>
  <preferredMagnitudeID>quakeml:eu.emsc/event/20020106_0000017/origin/1406186/mag/1</preferredMagnitudeID>
  <creationInfo>
    <agencyURI>smi:smi-registry/organization/EMSC</agencyURI>
    <authorURI>smi:smi-registry/organization/EMSC</authorURI>
    <creationTime>2014-12-03T16:29:06.423277Z</creationTime>
  </creationInfo>
  <description>
    <text>FRANCE</text>
    <type>Flinn-Engdahl region</type>
  </description>
  <origin publicID="quakeml:eu.emsc/event/20020106_0000017/origin/1406186">
    <time>
      <value>2002-01-06T20:24:00.5Z</value>
      <uncertainty>0.11</uncertainty>
    </time>
    <latitude>
      <value>46.2271</value>
      <uncertainty>1.8</uncertainty>
    </latitude>
    <longitude>
      <value>2.8031</value>
      <uncertainty>1.5</uncertainty>
    </longitude>
    <depth>
      <value>19200.0</value>
    </depth>
    <depthType>from location</depthType>
    <methodID>smi:eu.emsc-csem/origin_method/NA</methodID>
    <quality>
      <usedPhaseCount>28</usedPhaseCount>
      <usedStationCount>14</usedStationCount>
      <standardError>0.45</standardError>
      <azimuthalGap>83</azimuthalGap>
      <minimumDistance>0.29</minimumDistance>
      <maximumDistance>2.07</maximumDistance>
    </quality>
    <evaluationMode>manual</evaluationMode>
    <creationInfo>
      <agencyURI>smi:smi-registry/organization/EMSC</agencyURI>
      <authorURI>smi:smi-registry/organization/EMSC</authorURI>
    </creationInfo>
    <originUncertainty>
      <azimuthMaxHorizontalUncertainty>110</azimuthMaxHorizontalUncertainty>
    </originUncertainty>
  </origin>
  <magnitude publicID="quakeml:eu.emsc/event/20020106_0000017/origin/1406186/mag/1">
    <mag>
      <value>0.9</value>
      <uncertainty>0.4</uncertainty>
    </mag>
    <type>ML</type>
    <originID>quakeml:eu.emsc/event/20020106_0000017/origin/1406186</originID>
    <stationCount>6</stationCount>
    <creationInfo>
      <agencyURI>smi:smi-registry/organization/EMSC</agencyURI>
      <authorURI>smi:smi-registry/organization/EMSC</authorURI>
    </creationInfo>
  </magnitude>
</event>
<event publicID="quakeml:eu.emsc/event/20020106_0000009">
  <preferredOriginID>quakeml:eu.emsc/event/20020106_0000009/origin/1406429</preferredOriginID>
  <preferredMagnitudeID>quakeml:eu.emsc/event/20020106_0000009/origin/1406429/mag/2</preferredMagnitudeID>
  <creationInfo>
    <agencyURI>smi:smi-registry/organization/EMSC</agencyURI>
    <authorURI>smi:smi-registry/organization/EMSC</authorURI>
    <creationTime>2014-12-03T10:27:52.294121Z</creationTime>
  </creationInfo>
  <description>
    <text>RED SEA</text>
    <type>Flinn-Engdahl region</type>
  </description>
  <origin publicID="quakeml:eu.emsc/event/20020106_0000009/origin/1406429">
    <time>
      <value>2002-01-06T20:15:44.0Z</value>
      <uncertainty>0.28</uncertainty>
    </time>
    <latitude>
      <value>23.3905</value>
      <uncertainty>10.1</uncertainty>
    </latitude>
    <longitude>
      <value>37.3464</value>
      <uncertainty>6.8</uncertainty>
    </longitude>
    <depth>
      <value>2000</value>
    </depth>
    <depthType>from location</depthType>
    <methodID>smi:eu.emsc-csem/origin_method/NA</methodID>
    <quality>
      <usedPhaseCount>26</usedPhaseCount>
      <usedStationCount>26</usedStationCount>
      <standardError>0.96</standardError>
      <azimuthalGap>95</azimuthalGap>
      <minimumDistance>1.11</minimumDistance>
      <maximumDistance>91.54</maximumDistance>
    </quality>
    <evaluationMode>manual</evaluationMode>
    <creationInfo>
      <agencyURI>smi:smi-registry/organization/EMSC</agencyURI>
      <authorURI>smi:smi-registry/organization/EMSC</authorURI>
    </creationInfo>
    <originUncertainty>
      <azimuthMaxHorizontalUncertainty>58</azimuthMaxHorizontalUncertainty>
    </originUncertainty>
  </origin>
  <magnitude publicID="quakeml:eu.emsc/event/20020106_0000009/origin/1406429/mag/2">
    <mag>
      <value>3.7</value>
    </mag>
    <type>ML</type>
    <originID>quakeml:eu.emsc/event/20020106_0000009/origin/1406429</originID>
    <creationInfo>
      <agencyURI>smi:smi-registry/organization/EMSC</agencyURI>
      <authorURI>smi:smi-registry/organization/EMSC</authorURI>
    </creationInfo>
  </magnitude>
</event>
<event publicID="quakeml:eu.emsc/event/20020106_0000008">
  <preferredOriginID>quakeml:eu.emsc/event/20020106_0000008/origin/1406433</preferredOriginID>
  <preferredMagnitudeID>quakeml:eu.emsc/event/20020106_0000008/origin/1406433/mag/2</preferredMagnitudeID>
  <creationInfo>
    <agencyURI>smi:smi-registry/organization/EMSC</agencyURI>
    <authorURI>smi:smi-registry/organization/EMSC</authorURI>
    <creationTime>2014-12-03T11:03:58.919308Z</creationTime>
  </creationInfo>
  <description>
    <text>AEGEAN SEA</text>
    <type>Flinn-Engdahl region</type>
  </description>
  <origin publicID="quakeml:eu.emsc/event/20020106_0000008/origin/1406433">
    <time>
      <value>2002-01-06T15:36:06.4Z</value>
      <uncertainty>0.29</uncertainty>
    </time>
    <latitude>
      <value>39.3736</value>
      <uncertainty>7.1</uncertainty>
    </latitude>
    <longitude>
      <value>23.7432</value>
      <uncertainty>4.7</uncertainty>
    </longitude>
    <depth>
      <value>2000</value>
    </depth>
    <depthType>from location</depthType>
    <methodID>smi:eu.emsc-csem/origin_method/NA</methodID>
    <quality>
      <usedPhaseCount>41</usedPhaseCount>
      <usedStationCount>38</usedStationCount>
      <standardError>1.04</standardError>
      <azimuthalGap>143</azimuthalGap>
      <minimumDistance>0.41</minimumDistance>
      <maximumDistance>59.28</maximumDistance>
    </quality>
    <evaluationMode>manual</evaluationMode>
    <creationInfo>
      <agencyURI>smi:smi-registry/organization/EMSC</agencyURI>
      <authorURI>smi:smi-registry/organization/EMSC</authorURI>
    </creationInfo>
    <originUncertainty>
      <azimuthMaxHorizontalUncertainty>121</azimuthMaxHorizontalUncertainty>
    </originUncertainty>
  </origin>
  <magnitude publicID="quakeml:eu.emsc/event/20020106_0000008/origin/1406433/mag/2">
    <mag>
      <value>3.6</value>
    </mag>
    <type>ML</type>
    <originID>quakeml:eu.emsc/event/20020106_0000008/origin/1406433</originID>
    <creationInfo>
      <agencyURI>smi:smi-registry/organization/EMSC</agencyURI>
      <authorURI>smi:smi-registry/organization/EMSC</authorURI>
    </creationInfo>
  </magnitude>
</event>
<event publicID="quakeml:eu.emsc/event/20020106_0000014">
  <preferredOriginID>quakeml:eu.emsc/event/20020106_0000014/origin/1416014</preferredOriginID>
  <preferredMagnitudeID>quakeml:eu.emsc/event/20020106_0000014/origin/1416014/mag/2</preferredMagnitudeID>
  <creationInfo>
    <agencyURI>smi:smi-registry/organization/EMSC</agencyURI>
    <authorURI>smi:smi-registry/organization/EMSC</authorURI>
    <creationTime>2014-12-10T18:32:58.277432Z</creationTime>
  </creationInfo>
  <description>
    <text>GERMANY</text>
    <type>Flinn-Engdahl region</type>
  </description>
  <origin publicID="quakeml:eu.emsc/event/20020106_0000014/origin/1416014">
    <time>
      <value>2002-01-06T13:13:32.8Z</value>
    </time>
    <latitude>
      <value>49.44</value>
      <uncertainty>9999.9</uncertainty>
    </latitude>
    <longitude>
      <value>6.89</value>
      <uncertainty>9999.9</uncertainty>
    </longitude>
    <depth>
      <value>1000</value>
    </depth>
    <depthType>from location</depthType>
    <methodID>smi:eu.emsc-csem/origin_method/NA</methodID>
    <quality>
      <usedPhaseCount>12</usedPhaseCount>
      <usedStationCount>7</usedStationCount>
      <standardError>3.2</standardError>
      <azimuthalGap>200</azimuthalGap>
      <minimumDistance>0.53</minimumDistance>
      <maximumDistance>4.51</maximumDistance>
    </quality>
    <evaluationMode>manual</evaluationMode>
    <creationInfo>
      <agencyURI>smi:smi-registry/organization/EMSC</agencyURI>
      <authorURI>smi:smi-registry/organization/EMSC</authorURI>
    </creationInfo>
    <originUncertainty>
      <azimuthMaxHorizontalUncertainty>-99</azimuthMaxHorizontalUncertainty>
    </originUncertainty>
  </origin>
  <magnitude publicID="quakeml:eu.emsc/event/20020106_0000014/origin/1416014/mag/2">
    <mag>
      <value>2.1</value>
    </mag>
    <type>ML</type>
    <originID>quakeml:eu.emsc/event/20020106_0000014/origin/1416014</originID>
    <creationInfo>
      <agencyURI>smi:smi-registry/organization/EMSC</agencyURI>
      <authorURI>smi:smi-registry/organization/EMSC</authorURI>
    </creationInfo>
  </magnitude>
</event>
<event publicID="quakeml:eu.emsc/event/20020106_0000007">
  <preferredOriginID>quakeml:eu.emsc/event/20020106_0000007/origin/1406436</preferredOriginID>
  <preferredMagnitudeID>quakeml:eu.emsc/event/20020106_0000007/origin/1406436/mag/2</preferredMagnitudeID>
  <creationInfo>
    <agencyURI>smi:smi-registry/organization/EMSC</agencyURI>
    <authorURI>smi:smi-registry/organization/EMSC</authorURI>
    <creationTime>2014-12-03T11:48:47.108425Z</creationTime>
  </creationInfo>
  <description>
    <text>GREECE</text>
    <type>Flinn-Engdahl region</type>
  </description>
  <origin publicID="quakeml:eu.emsc/event/20020106_0000007/origin/1406436">
    <time>
      <value>2002-01-06T12:28:25.6Z</value>
      <uncertainty>0.2</uncertainty>
    </time>
    <latitude>
      <value>38.3019</value>
      <uncertainty>8</uncertainty>
    </latitude>
    <longitude>
      <value>22.5283</value>
      <uncertainty>5.2</uncertainty>
    </longitude>
    <depth>
      <value>10000</value>
    </depth>
    <depthType>from location</depthType>
    <methodID>smi:eu.emsc-csem/origin_method/NA</methodID>
    <quality>
      <usedPhaseCount>8</usedPhaseCount>
      <usedStationCount>8</usedStationCount>
      <standardError>0.47</standardError>
      <azimuthalGap>80</azimuthalGap>
      <minimumDistance>0.74</minimumDistance>
      <maximumDistance>1.88</maximumDistance>
    </quality>
    <evaluationMode>manual</evaluationMode>
    <creationInfo>
      <agencyURI>smi:smi-registry/organization/EMSC</agencyURI>
      <authorURI>smi:smi-registry/organization/EMSC</authorURI>
    </creationInfo>
    <originUncertainty>
      <azimuthMaxHorizontalUncertainty>78</azimuthMaxHorizontalUncertainty>
    </originUncertainty>
  </origin>
  <magnitude publicID="quakeml:eu.emsc/event/20020106_0000007/origin/1406436/mag/2">
    <mag>
      <value>3.1</value>
    </mag>
    <type>ML</type>
    <originID>quakeml:eu.emsc/event/20020106_0000007/origin/1406436</originID>
    <creationInfo>
      <agencyURI>smi:smi-registry/organization/EMSC</agencyURI>
      <authorURI>smi:smi-registry/organization/EMSC</authorURI>
    </creationInfo>
  </magnitude>
</event>
<event publicID="quakeml:eu.emsc/event/20020106_0000005">
  <preferredOriginID>quakeml:eu.emsc/event/20020106_0000005/origin/1500735</preferredOriginID>
  <preferredMagnitudeID>quakeml:eu.emsc/event/20020106_0000005/origin/1500735/mag/2</preferredMagnitudeID>
  <creationInfo>
    <agencyURI>smi:smi-registry/organization/EMSC</agencyURI>
    <authorURI>smi:smi-registry/organization/EMSC</authorURI>
    <creationTime>2014-12-10T15:05:34.880653Z</creationTime>
  </creationInfo>
  <description>
    <text>PYRENEES</text>
    <type>Flinn-Engdahl region</type>
  </description>
  <origin publicID="quakeml:eu.emsc/event/20020106_0000005/origin/1500735">
    <time>
      <value>2002-01-06T09:58:20.8Z</value>
      <uncertainty>0.11</uncertainty>
    </time>
    <latitude>
      <value>43.0795</value>
      <uncertainty>5.9</uncertainty>
    </latitude>
    <longitude>
      <value>-0.5908</value>
      <uncertainty>2.1</uncertainty>
    </longitude>
    <depth>
      <value>10000</value>
    </depth>
    <depthType>from location</depthType>
    <methodID>smi:eu.emsc-csem/origin_method/NA</methodID>
    <quality>
      <usedPhaseCount>8</usedPhaseCount>
      <usedStationCount>6</usedStationCount>
      <standardError>0.35</standardError>
      <azimuthalGap>155</azimuthalGap>
      <minimumDistance>0.08</minimumDistance>
      <maximumDistance>1.49</maximumDistance>
    </quality>
    <evaluationMode>manual</evaluationMode>
    <creationInfo>
      <agencyURI>smi:smi-registry/organization/EMSC</agencyURI>
      <authorURI>smi:smi-registry/organization/EMSC</authorURI>
    </creationInfo>
    <originUncertainty>
      <azimuthMaxHorizontalUncertainty>11</azimuthMaxHorizontalUncertainty>
    </originUncertainty>
  </origin>
  <magnitude publicID="quakeml:eu.emsc/event/20020106_0000005/origin/1500735/mag/2">
    <mag>
      <value>1.7</value>
      <uncertainty>0.3</uncertainty>
    </mag>
    <type>mb</type>
    <originID>quakeml:eu.emsc/event/20020106_0000005/origin/1500735</originID>
    <stationCount>3</stationCount>
    <creationInfo>
      <agencyURI>smi:smi-registry/organization/EMSC</agencyURI>
      <authorURI>smi:smi-registry/organization/EMSC</authorURI>
    </creationInfo>
  </magnitude>
</event>
<event publicID="quakeml:eu.emsc/event/20020106_0000015">
  <preferredOriginID>quakeml:eu.emsc/event/20020106_0000015/origin/1406193</preferredOriginID>
  <preferredMagnitudeID>quakeml:eu.emsc/event/20020106_0000015/origin/1406193/mag/2</preferredMagnitudeID>
  <creationInfo>
    <agencyURI>smi:smi-registry/organization/EMSC</agencyURI>
    <authorURI>smi:smi-registry/organization/EMSC</authorURI>
    <creationTime>2014-12-03T16:04:42.919316Z</creationTime>
  </creationInfo>
  <description>
    <text>PYRENEES</text>
    <type>Flinn-Engdahl region</type>
  </description>
  <origin publicID="quakeml:eu.emsc/event/20020106_0000015/origin/1406193">
    <time>
      <value>2002-01-06T07:46:49.2Z</value>
      <uncertainty>0.1</uncertainty>
    </time>
    <latitude>
      <value>43.1186</value>
      <uncertainty>3.2</uncertainty>
    </latitude>
    <longitude>
      <value>-0.9847</value>
      <uncertainty>1.6</uncertainty>
    </longitude>
    <depth>
      <value>12000</value>
    </depth>
    <depthType>from location</depthType>
    <methodID>smi:eu.emsc-csem/origin_method/NA</methodID>
    <quality>
      <usedPhaseCount>18</usedPhaseCount>
      <usedStationCount>9</usedStationCount>
      <standardError>0.44</standardError>
      <azimuthalGap>76</azimuthalGap>
      <minimumDistance>0.08</minimumDistance>
      <maximumDistance>2.35</maximumDistance>
    </quality>
    <evaluationMode>manual</evaluationMode>
    <creationInfo>
      <agencyURI>smi:smi-registry/organization/EMSC</agencyURI>
      <authorURI>smi:smi-registry/organization/EMSC</authorURI>
    </creationInfo>
    <originUncertainty>
      <azimuthMaxHorizontalUncertainty>5</azimuthMaxHorizontalUncertainty>
    </originUncertainty>
  </origin>
  <magnitude publicID="quakeml:eu.emsc/event/20020106_0000015/origin/1406193/mag/2">
    <mag>
      <value>1.5</value>
    </mag>
    <type>ML</type>
    <originID>quakeml:eu.emsc/event/20020106_0000015/origin/1406193</originID>
    <stationCount>2</stationCount>
    <creationInfo>
      <agencyURI>smi:smi-registry/organization/EMSC</agencyURI>
      <authorURI>smi:smi-registry/organization/EMSC</authorURI>
    </creationInfo>
  </magnitude>
</event>
<event publicID="quakeml:eu.emsc/event/20020106_0000004">
  <preferredOriginID>quakeml:eu.emsc/event/20020106_0000004/origin/1406444</preferredOriginID>
  <preferredMagnitudeID>quakeml:eu.emsc/event/20020106_0000004/origin/1406444/mag/1</preferredMagnitudeID>
  <creationInfo>
    <agencyURI>smi:smi-registry/organization/EMSC</agencyURI>
    <authorURI>smi:smi-registry/organization/EMSC</authorURI>
    <creationTime>2014-12-03T10:27:52.617064Z</creationTime>
  </creationInfo>
  <description>
    <text>NORTHWESTERN IRAN</text>
    <type>Flinn-Engdahl region</type>
  </description>
  <origin publicID="quakeml:eu.emsc/event/20020106_0000004/origin/1406444">
    <time>
      <value>2002-01-06T06:22:28.9Z</value>
      <uncertainty>0.17</uncertainty>
    </time>
    <latitude>
      <value>38.2935</value>
      <uncertainty>8.9</uncertainty>
    </latitude>
    <longitude>
      <value>48.9273</value>
      <uncertainty>3.8</uncertainty>
    </longitude>
    <depth>
      <value>60000</value>
    </depth>
    <depthType>from location</depthType>
    <methodID>smi:eu.emsc-csem/origin_method/NA</methodID>
    <quality>
      <usedPhaseCount>36</usedPhaseCount>
      <usedStationCount>36</usedStationCount>
      <standardError>0.59</standardError>
      <azimuthalGap>102</azimuthalGap>
      <minimumDistance>3.74</minimumDistance>
      <maximumDistance>72.21</maximumDistance>
    </quality>
    <evaluationMode>manual</evaluationMode>
    <creationInfo>
      <agencyURI>smi:smi-registry/organization/EMSC</agencyURI>
      <authorURI>smi:smi-registry/organization/EMSC</authorURI>
    </creationInfo>
  </origin>
  <magnitude publicID="quakeml:eu.emsc/event/20020106_0000004/origin/1406444/mag/1">
    <mag>
      <value>3.4</value>
      <uncertainty>0.4</uncertainty>
    </mag>
    <type>mb</type>
    <originID>quakeml:eu.emsc/event/20020106_0000004/origin/1406444</originID>
    <stationCount>18</stationCount>
    <creationInfo>
      <agencyURI>smi:smi-registry/organization/EMSC</agencyURI>
      <authorURI>smi:smi-registry/organization/EMSC</authorURI>
    </creationInfo>
  </magnitude>
</event>
<event publicID="quakeml:eu.emsc/event/20020106_0000003">
  <preferredOriginID>quakeml:eu.emsc/event/20020106_0000003/origin/1406448</preferredOriginID>
  <preferredMagnitudeID>quakeml:eu.emsc/event/20020106_0000003/origin/1406448/mag/2</preferredMagnitudeID>
  <creationInfo>
    <agencyURI>smi:smi-registry/organization/EMSC</agencyURI>
    <authorURI>smi:smi-registry/organization/EMSC</authorURI>
    <creationTime>2014-12-03T11:17:19.844144Z</creationTime>
  </creationInfo>
  <description>
    <text>SOUTHERN GREECE</text>
    <type>Flinn-Engdahl region</type>
  </description>
  <origin publicID="quakeml:eu.emsc/event/20020106_0000003/origin/1406448">
    <time>
      <value>2002-01-06T06:09:09.2Z</value>
      <uncertainty>0.3</uncertainty>
    </time>
    <latitude>
      <value>37.7694</value>
      <uncertainty>7.3</uncertainty>
    </latitude>
    <longitude>
      <value>22.3186</value>
      <uncertainty>5.8</uncertainty>
    </longitude>
    <depth>
      <value>10000</value>
    </depth>
    <depthType>from location</depthType>
    <methodID>smi:eu.emsc-csem/origin_method/NA</methodID>
    <quality>
      <usedPhaseCount>74</usedPhaseCount>
      <usedStationCount>67</usedStationCount>
      <standardError>1.19</standardError>
      <azimuthalGap>75</azimuthalGap>
      <minimumDistance>1.12</minimumDistance>
      <maximumDistance>77.44</maximumDistance>
    </quality>
    <evaluationMode>manual</evaluationMode>
    <creationInfo>
      <agencyURI>smi:smi-registry/organization/EMSC</agencyURI>
      <authorURI>smi:smi-registry/organization/EMSC</authorURI>
    </creationInfo>
    <originUncertainty>
      <azimuthMaxHorizontalUncertainty>151</azimuthMaxHorizontalUncertainty>
    </originUncertainty>
  </origin>
  <magnitude publicID="quakeml:eu.emsc/event/20020106_0000003/origin/1406448/mag/2">
    <mag>
      <value>4.1</value>
    </mag>
    <type>mb</type>
    <originID>quakeml:eu.emsc/event/20020106_0000003/origin/1406448</originID>
    <stationCount>12</stationCount>
    <creationInfo>
      <agencyURI>smi:smi-registry/organization/EMSC</agencyURI>
      <authorURI>smi:smi-registry/organization/EMSC</authorURI>
    </creationInfo>
  </magnitude>
</event>
<event publicID="quakeml:eu.emsc/event/20020106_0000001">
  <preferredOriginID>quakeml:eu.emsc/event/20020106_0000001/origin/1406456</preferredOriginID>
  <preferredMagnitudeID>quakeml:eu.emsc/event/20020106_0000001/origin/1406456/mag/1</preferredMagnitudeID>
  <creationInfo>
    <agencyURI>smi:smi-registry/organization/EMSC</agencyURI>
    <authorURI>smi:smi-registry/organization/EMSC</authorURI>
    <creationTime>2014-12-03T12:16:20.856805Z</creationTime>
  </creationInfo>
  <description>
    <text>STRAIT OF GIBRALTAR</text>
    <type>Flinn-Engdahl region</type>
  </description>
  <origin publicID="quakeml:eu.emsc/event/20020106_0000001/origin/1406456">
    <time>
      <value>2002-01-06T04:02:19.6Z</value>
      <uncertainty>0.32</uncertainty>
    </time>
    <latitude>
      <value>36.7402</value>
      <uncertainty>7.2</uncertainty>
    </latitude>
    <longitude>
      <value>-7.2363</value>
      <uncertainty>4.2</uncertainty>
    </longitude>
    <depth>
      <value>60000</value>
    </depth>
    <depthType>from location</depthType>
    <methodID>smi:eu.emsc-csem/origin_method/NA</methodID>
    <quality>
      <usedPhaseCount>51</usedPhaseCount>
      <usedStationCount>28</usedStationCount>
      <standardError>1.03</standardError>
      <azimuthalGap>153</azimuthalGap>
      <minimumDistance>0.63</minimumDistance>
      <maximumDistance>5.16</maximumDistance>
    </quality>
    <evaluationMode>manual</evaluationMode>
    <creationInfo>
      <agencyURI>smi:smi-registry/organization/EMSC</agencyURI>
      <authorURI>smi:smi-registry/organization/EMSC</authorURI>
    </creationInfo>
    <originUncertainty>
      <azimuthMaxHorizontalUncertainty>29</azimuthMaxHorizontalUncertainty>
    </originUncertainty>
  </origin>
  <magnitude publicID="quakeml:eu.emsc/event/20020106_0000001/origin/1406456/mag/1">
    <mag>
      <value>3.1</value>
      <uncertainty>0.3</uncertainty>
    </mag>
    <type>ML</type>
    <originID>quakeml:eu.emsc/event/20020106_0000001/origin/1406456</originID>
    <stationCount>17</stationCount>
    <creationInfo>
      <agencyURI>smi:smi-registry/organization/EMSC</agencyURI>
      <authorURI>smi:smi-registry/organization/EMSC</authorURI>
    </creationInfo>
  </magnitude>
</event>
<event publicID="quakeml:eu.emsc/event/20020106_0000013">
  <preferredOriginID>quakeml:eu.emsc/event/20020106_0000013/origin/1416016</preferredOriginID>
  <preferredMagnitudeID>quakeml:eu.emsc/event/20020106_0000013/origin/1416016/mag/2</preferredMagnitudeID>
  <creationInfo>
    <agencyURI>smi:smi-registry/organization/EMSC</agencyURI>
    <authorURI>smi:smi-registry/organization/EMSC</authorURI>
    <creationTime>2014-12-10T18:32:57.739705Z</creationTime>
  </creationInfo>
  <description>
    <text>FRANCE</text>
    <type>Flinn-Engdahl region</type>
  </description>
  <origin publicID="quakeml:eu.emsc/event/20020106_0000013/origin/1416016">
    <time>
      <value>2002-01-06T01:06:47.8Z</value>
    </time>
    <latitude>
      <value>47.01</value>
      <uncertainty>9999.9</uncertainty>
    </latitude>
    <longitude>
      <value>0.0007</value>
      <uncertainty>9999.9</uncertainty>
    </longitude>
    <depth>
      <value>7000</value>
    </depth>
    <depthType>from location</depthType>
    <methodID>smi:eu.emsc-csem/origin_method/NA</methodID>
    <quality>
      <usedPhaseCount>32</usedPhaseCount>
      <usedStationCount>16</usedStationCount>
      <standardError>1.94</standardError>
      <azimuthalGap>100</azimuthalGap>
      <minimumDistance>0.42</minimumDistance>
      <maximumDistance>2.66</maximumDistance>
    </quality>
    <evaluationMode>manual</evaluationMode>
    <creationInfo>
      <agencyURI>smi:smi-registry/organization/EMSC</agencyURI>
      <authorURI>smi:smi-registry/organization/EMSC</authorURI>
    </creationInfo>
    <originUncertainty>
      <azimuthMaxHorizontalUncertainty>-99</azimuthMaxHorizontalUncertainty>
    </originUncertainty>
  </origin>
  <magnitude publicID="quakeml:eu.emsc/event/20020106_0000013/origin/1416016/mag/2">
    <mag>
      <value>2.1</value>
    </mag>
    <type>ML</type>
    <originID>quakeml:eu.emsc/event/20020106_0000013/origin/1416016</originID>
    <stationCount>14</stationCount>
    <creationInfo>
      <agencyURI>smi:smi-registry/organization/EMSC</agencyURI>
      <authorURI>smi:smi-registry/organization/EMSC</authorURI>
    </creationInfo>
  </magnitude>
</event>
<event publicID="quakeml:eu.emsc/event/20020106_0000020">
  <preferredOriginID>quakeml:eu.emsc/event/20020106_0000020/origin/1416018</preferredOriginID>
  <preferredMagnitudeID>quakeml:eu.emsc/event/20020106_0000020/origin/1416018/mag/2</preferredMagnitudeID>
  <creationInfo>
    <agencyURI>smi:smi-registry/organization/EMSC</agencyURI>
    <authorURI>smi:smi-registry/organization/EMSC</authorURI>
    <creationTime>2014-12-10T18:32:57.168351Z</creationTime>
  </creationInfo>
  <description>
    <text>FRANCE</text>
    <type>Flinn-Engdahl region</type>
  </description>
  <origin publicID="quakeml:eu.emsc/event/20020106_0000020/origin/1416018">
    <time>
      <value>2002-01-06T00:34:08.8Z</value>
    </time>
    <latitude>
      <value>45.9969</value>
      <uncertainty>9999.9</uncertainty>
    </latitude>
    <longitude>
      <value>2.9672</value>
      <uncertainty>9999.9</uncertainty>
    </longitude>
    <depth>
      <value>15000</value>
    </depth>
    <depthType>from location</depthType>
    <methodID>smi:eu.emsc-csem/origin_method/NA</methodID>
    <quality>
      <usedPhaseCount>47</usedPhaseCount>
      <usedStationCount>21</usedStationCount>
      <standardError>1.88</standardError>
      <azimuthalGap>62</azimuthalGap>
      <minimumDistance>0.57</minimumDistance>
      <maximumDistance>4</maximumDistance>
    </quality>
    <evaluationMode>manual</evaluationMode>
    <creationInfo>
      <agencyURI>smi:smi-registry/organization/EMSC</agencyURI>
      <authorURI>smi:smi-registry/organization/EMSC</authorURI>
    </creationInfo>
    <originUncertainty>
      <azimuthMaxHorizontalUncertainty>-99</azimuthMaxHorizontalUncertainty>
    </originUncertainty>
  </origin>
  <magnitude publicID="quakeml:eu.emsc/event/20020106_0000020/origin/1416018/mag/2">
    <mag>
      <value>2.5</value>
    </mag>
    <type>ML</type>
    <originID>quakeml:eu.emsc/event/20020106_0000020/origin/1416018</originID>
    <stationCount>17</stationCount>
    <creationInfo>
      <agencyURI>smi:smi-registry/organization/EMSC</agencyURI>
      <authorURI>smi:smi-registry/organization/EMSC</authorURI>
    </creationInfo>
  </magnitude>
</event>
<event publicID="quakeml:eu.emsc/event/20020106_0000019">
  <preferredOriginID>quakeml:eu.emsc/event/20020106_0000019/origin/1416020</preferredOriginID>
  <preferredMagnitudeID>quakeml:eu.emsc/event/20020106_0000019/origin/1416020/mag/2</preferredMagnitudeID>
  <creationInfo>
    <agencyURI>smi:smi-registry/organization/EMSC</agencyURI>
    <authorURI>smi:smi-registry/organization/EMSC</authorURI>
    <creationTime>2014-12-10T18:32:56.551978Z</creationTime>
  </creationInfo>
  <description>
    <text>FRANCE</text>
    <type>Flinn-Engdahl region</type>
  </description>
  <origin publicID="quakeml:eu.emsc/event/20020106_0000019/origin/1416020">
    <time>
      <value>2002-01-06T00:24:26.9Z</value>
    </time>
    <latitude>
      <value>45.9899</value>
      <uncertainty>9999.9</uncertainty>
    </latitude>
    <longitude>
      <value>2.9951</value>
      <uncertainty>9999.9</uncertainty>
    </longitude>
    <depth>
      <value>10000</value>
    </depth>
    <depthType>from location</depthType>
    <methodID>smi:eu.emsc-csem/origin_method/NA</methodID>
    <quality>
      <usedPhaseCount>61</usedPhaseCount>
      <usedStationCount>26</usedStationCount>
      <standardError>2.41</standardError>
      <azimuthalGap>60</azimuthalGap>
      <minimumDistance>0.58</minimumDistance>
      <maximumDistance>4.88</maximumDistance>
    </quality>
    <evaluationMode>manual</evaluationMode>
    <creationInfo>
      <agencyURI>smi:smi-registry/organization/EMSC</agencyURI>
      <authorURI>smi:smi-registry/organization/EMSC</authorURI>
    </creationInfo>
    <originUncertainty>
      <azimuthMaxHorizontalUncertainty>-99</azimuthMaxHorizontalUncertainty>
    </originUncertainty>
  </origin>
  <magnitude publicID="quakeml:eu.emsc/event/20020106_0000019/origin/1416020/mag/2">
    <mag>
      <value>2.7</value>
    </mag>
    <type>ML</type>
    <originID>quakeml:eu.emsc/event/20020106_0000019/origin/1416020</originID>
    <stationCount>17</stationCount>
    <creationInfo>
      <agencyURI>smi:smi-registry/organization/EMSC</agencyURI>
      <authorURI>smi:smi-registry/organization/EMSC</authorURI>
    </creationInfo>
  </magnitude>
</event>
<event publicID="quakeml:eu.emsc/event/20020106_0000016">
  <preferredOriginID>quakeml:eu.emsc/event/20020106_0000016/origin/1416022</preferredOriginID>
  <preferredMagnitudeID>quakeml:eu.emsc/event/20020106_0000016/origin/1416022/mag/2</preferredMagnitudeID>
  <creationInfo>
    <agencyURI>smi:smi-registry/organization/EMSC</agencyURI>
    <authorURI>smi:smi-registry/organization/EMSC</authorURI>
    <creationTime>2014-12-10T18:32:55.889779Z</creationTime>
  </creationInfo>
  <description>
    <text>FRANCE</text>
    <type>Flinn-Engdahl region</type>
  </description>
  <origin publicID="quakeml:eu.emsc/event/20020106_0000016/origin/1416022">
    <time>
      <value>2002-01-06T00:21:16.0Z</value>
    </time>
    <latitude>
      <value>45.9991</value>
      <uncertainty>9999.9</uncertainty>
    </latitude>
    <longitude>
      <value>2.9814</value>
      <uncertainty>9999.9</uncertainty>
    </longitude>
    <depth>
      <value>15800.0</value>
    </depth>
    <depthType>from location</depthType>
    <methodID>smi:eu.emsc-csem/origin_method/NA</methodID>
    <quality>
      <usedPhaseCount>58</usedPhaseCount>
      <usedStationCount>26</usedStationCount>
      <standardError>2.33</standardError>
      <azimuthalGap>59</azimuthalGap>
      <minimumDistance>0.57</minimumDistance>
      <maximumDistance>4.86</maximumDistance>
    </quality>
    <evaluationMode>manual</evaluationMode>
    <creationInfo>
      <agencyURI>smi:smi-registry/organization/EMSC</agencyURI>
      <authorURI>smi:smi-registry/organization/EMSC</authorURI>
    </creationInfo>
    <originUncertainty>
      <azimuthMaxHorizontalUncertainty>-99</azimuthMaxHorizontalUncertainty>
    </originUncertainty>
  </origin>
  <magnitude publicID="quakeml:eu.emsc/event/20020106_0000016/origin/1416022/mag/2">
    <mag>
      <value>2.6</value>
    </mag>
    <type>ML</type>
    <originID>quakeml:eu.emsc/event/20020106_0000016/origin/1416022</originID>
    <stationCount>20</stationCount>
    <creationInfo>
      <agencyURI>smi:smi-registry/organization/EMSC</agencyURI>
      <authorURI>smi:smi-registry/organization/EMSC</authorURI>
    </creationInfo>
  </magnitude>
</event>
</eventParameters>
</q:quakeml>
