<?xml version="1.0"?>
<q:quakeml xmlns:q="http://quakeml.org/xmlns/quakeml/1.2"  xmlns="http://quakeml.org/xmlns/bed/1.2">
<eventParameters publicID="smi:eu.emsc/unid">
<event publicID="quakeml:eu.emsc/event/20020701_0000023">
  <preferredOriginID>quakeml:eu.emsc/event/20020701_0000023/origin/1536314</preferredOriginID>
  <preferredMagnitudeID>quakeml:eu.emsc/event/20020701_0000023/origin/1536314/mag/1</preferredMagnitudeID>
  <creationInfo>
    <agencyURI>smi:smi-registry/organization/EMSC</agencyURI>
    <authorURI>smi:smi-registry/organization/EMSC</authorURI>
    <creationTime>2014-12-03T16:59:10.571642Z</creationTime>
  </creationInfo>
  <description>
    <text>GERMANY</text>
    <type>Flinn-Engdahl region</type>
  </description>
  <origin publicID="quakeml:eu.emsc/event/20020701_0000023/origin/1536314">
    <time>
      <value>2002-07-01T23:04:23.0Z</value>
      <uncertainty>0.27</uncertainty>
    </time>
    <latitude>
      <value>50.7386</value>
      <uncertainty>4.9</uncertainty>
    </latitude>
    <longitude>
      <value>6.3685</value>
      <uncertainty>3.9</uncertainty>
    </longitude>
    <depth>
      <value>15000</value>
    </depth>
    <depthType>from location</depthType>
    <methodID>smi:eu.emsc-csem/origin_method/NA</methodID>
    <quality>
      <usedPhaseCount>38</usedPhaseCount>
      <usedStationCount>19</usedStationCount>
      <standardError>1.1</standardError>
      <azimuthalGap>137</azimuthalGap>
      <minimumDistance>0.26</minimumDistance>
      <maximumDistance>4.43</maximumDistance>
    </quality>
    <evaluationMode>manual</evaluationMode>
    <creationInfo>
      <agencyURI>smi:smi-registry/organization/EMSC</agencyURI>
      <authorURI>smi:smi-registry/organization/EMSC</authorURI>
    </creationInfo>
    <originUncertainty>
      <azimuthMaxHorizontalUncertainty>152</azimuthMaxHorizontalUncertainty>
    </originUncertainty>
  </origin>
  <magnitude publicID="quakeml:eu.emsc/event/20020701_0000023/origin/1536314/mag/1">
    <mag>
      <value>2.5</value>
      <uncertainty>0.3</uncertainty>
    </mag>
    <type>ML</type>
    <originID>quakeml:eu.emsc/event/20020701_0000023/origin/1536314</originID>
    <stationCount>7</stationCount>
    <creationInfo>
      <agencyURI>smi:smi-registry/organization/EMSC</agencyURI>
      <authorURI>smi:smi-registry/organization/EMSC</authorURI>
    </creationInfo>
  </magnitude>
</event>
<event publicID="quakeml:eu.emsc/event/20020701_0000013">
  <preferredOriginID>quakeml:eu.emsc/event/20020701_0000013/origin/1413354</preferredOriginID>
  <preferredMagnitudeID>quakeml:eu.emsc/event/20020701_0000013/origin/1413354/mag/2</preferredMagnitudeID>
  <creationInfo>
    <agencyURI>smi:smi-registry/organization/EMSC</agencyURI>
    <authorURI>smi:smi-registry/organization/EMSC</authorURI>
    <creationTime>2014-12-10T16:54:33.770504Z</creationTime>
  </creationInfo>
  <description>
    <text>OWEN FRACTURE ZONE REGION</text>
    <type>Flinn-Engdahl region</type>
  </description>
  <origin publicID="quakeml:eu.emsc/event/20020701_0000013/origin/1413354">
    <time>
      <value>2002-07-01T23:04:02.8Z</value>
    </time>
    <latitude>
      <value>14.089</value>
      <uncertainty>9999.9</uncertainty>
    </latitude>
    <longitude>
      <value>53.83</value>
      <uncertainty>9999.9</uncertainty>
    </longitude>
    <depth>
      <value>10000</value>
    </depth>
    <depthType>from location</depthType>
    <methodID>smi:eu.emsc-csem/origin_method/NA</methodID>
    <quality>
      <usedPhaseCount>11</usedPhaseCount>
      <usedStationCount>11</usedStationCount>
      <standardError>2.31</standardError>
      <azimuthalGap>117</azimuthalGap>
      <minimumDistance>22.32</minimumDistance>
      <maximumDistance>86.07</maximumDistance>
    </quality>
    <evaluationMode>manual</evaluationMode>
    <creationInfo>
      <agencyURI>smi:smi-registry/organization/EMSC</agencyURI>
      <authorURI>smi:smi-registry/organization/EMSC</authorURI>
    </creationInfo>
    <originUncertainty>
      <azimuthMaxHorizontalUncertainty>-99</azimuthMaxHorizontalUncertainty>
    </originUncertainty>
  </origin>
  <magnitude publicID="quakeml:eu.emsc/event/20020701_0000013/origin/1413354/mag/2">
    <mag>
      <value>4.6</value>
    </mag>
    <type>mb</type>
    <originID>quakeml:eu.emsc/event/20020701_0000013/origin/1413354</originID>
    <stationCount>3</stationCount>
    <creationInfo>
      <agencyURI>smi:smi-registry/organization/EMSC</agencyURI>
      <authorURI>smi:smi-registry/organization/EMSC</authorURI>
    </creationInfo>
  </magnitude>
</event>
<event publicID="quakeml:eu.emsc/event/20020701_0000016">
  <preferredOriginID>quakeml:eu.emsc/event/20020701_0000016/origin/1536310</preferredOriginID>
  <preferredMagnitudeID>quakeml:eu.emsc/event/20020701_0000016/origin/1536310/mag/1</preferredMagnitudeID>
  <creationInfo>
    <agencyURI>smi:smi-registry/organization/EMSC</agencyURI>
    <authorURI>smi:smi-registry/organization/EMSC</authorURI>
    <creationTime>2014-12-03T15:37:23.214487Z</creationTime>
  </creationInfo>
  <description>
    <text>GERMANY</text>
    <type>Flinn-Engdahl region</type>
  </description>
  <origin publicID="quakeml:eu.emsc/event/20020701_0000016/origin/1536310">
    <time>
      <value>2002-07-01T22:42:01.3Z</value>
      <uncertainty>0.29</uncertainty>
    </time>
    <latitude>
      <value>50.7992</value>
      <uncertainty>8</uncertainty>
    </latitude>
    <longitude>
      <value>6.3274</value>
      <uncertainty>3.4</uncertainty>
    </longitude>
    <depth>
      <value>19100.0</value>
      <uncertainty>0.1</uncertainty>
    </depth>
    <depthType>from location</depthType>
    <methodID>smi:eu.emsc-csem/origin_method/NA</methodID>
    <quality>
      <usedPhaseCount>15</usedPhaseCount>
      <usedStationCount>11</usedStationCount>
      <standardError>0.9</standardError>
      <azimuthalGap>159</azimuthalGap>
      <minimumDistance>0.76</minimumDistance>
      <maximumDistance>3.89</maximumDistance>
    </quality>
    <evaluationMode>manual</evaluationMode>
    <creationInfo>
      <agencyURI>smi:smi-registry/organization/EMSC</agencyURI>
      <authorURI>smi:smi-registry/organization/EMSC</authorURI>
    </creationInfo>
    <originUncertainty>
      <azimuthMaxHorizontalUncertainty>143</azimuthMaxHorizontalUncertainty>
    </originUncertainty>
  </origin>
  <magnitude publicID="quakeml:eu.emsc/event/20020701_0000016/origin/1536310/mag/1">
    <mag>
      <value>2.3</value>
      <uncertainty>0.3</uncertainty>
    </mag>
    <type>ML</type>
    <originID>quakeml:eu.emsc/event/20020701_0000016/origin/1536310</originID>
    <stationCount>7</stationCount>
    <creationInfo>
      <agencyURI>smi:smi-registry/organization/EMSC</agencyURI>
      <authorURI>smi:smi-registry/organization/EMSC</authorURI>
    </creationInfo>
  </magnitude>
</event>
<event publicID="quakeml:eu.emsc/event/20020701_0000024">
  <preferredOriginID>quakeml:eu.emsc/event/20020701_0000024/origin/1413356</preferredOriginID>
  <preferredMagnitudeID>quakeml:eu.emsc/event/20020701_0000024/origin/1413356/mag/2</preferredMagnitudeID>
  <creationInfo>
    <agencyURI>smi:smi-registry/organization/EMSC</agencyURI>
    <authorURI>smi:smi-registry/organization/EMSC</authorURI>
    <creationTime>2014-12-10T18:37:42.416313Z</creationTime>
  </creationInfo>
  <description>
    <text>BAY OF BISCAY</text>
    <type>Flinn-Engdahl region</type>
  </description>
  <origin publicID="quakeml:eu.emsc/event/20020701_0000024/origin/1413356">
    <time>
      <value>2002-07-01T22:08:40.5Z</value>
    </time>
    <latitude>
      <value>46.565</value>
      <uncertainty>9999.9</uncertainty>
    </latitude>
    <longitude>
      <value>-2.136</value>
      <uncertainty>9999.9</uncertainty>
    </longitude>
    <depth>
      <value>3000</value>
    </depth>
    <depthType>from location</depthType>
    <methodID>smi:eu.emsc-csem/origin_method/NA</methodID>
    <quality>
      <usedPhaseCount>35</usedPhaseCount>
      <usedStationCount>13</usedStationCount>
      <standardError>2.86</standardError>
      <azimuthalGap>170</azimuthalGap>
      <minimumDistance>1.37</minimumDistance>
      <maximumDistance>4.47</maximumDistance>
    </quality>
    <evaluationMode>manual</evaluationMode>
    <creationInfo>
      <agencyURI>smi:smi-registry/organization/EMSC</agencyURI>
      <authorURI>smi:smi-registry/organization/EMSC</authorURI>
    </creationInfo>
    <originUncertainty>
      <azimuthMaxHorizontalUncertainty>-99</azimuthMaxHorizontalUncertainty>
    </originUncertainty>
  </origin>
  <magnitude publicID="quakeml:eu.emsc/event/20020701_0000024/origin/1413356/mag/2">
    <mag>
      <value>2.4</value>
      <uncertainty>0.3</uncertainty>
    </mag>
    <type>ML</type>
    <originID>quakeml:eu.emsc/event/20020701_0000024/origin/1413356</originID>
    <stationCount>11</stationCount>
    <creationInfo>
      <agencyURI>smi:smi-registry/organization/EMSC</agencyURI>
      <authorURI>smi:smi-registry/organization/EMSC</authorURI>
    </creationInfo>
  </magnitude>
</event>
<event publicID="quakeml:eu.emsc/event/20020701_0000011">
  <preferredOriginID>quakeml:eu.emsc/event/20020701_0000011/origin/1402357</preferredOriginID>
  <preferredMagnitudeID>quakeml:eu.emsc/event/20020701_0000011/origin/1402357/mag/2</preferredMagnitudeID>
  <creationInfo>
    <agencyURI>smi:smi-registry/organization/EMSC</agencyURI>
    <authorURI>smi:smi-registry/organization/EMSC</authorURI>
    <creationTime>2014-12-03T12:09:10.556358Z</creationTime>
  </creationInfo>
  <description>
    <text>CYPRUS REGION</text>
    <type>Flinn-Engdahl region</type>
  </description>
  <origin publicID="quakeml:eu.emsc/event/20020701_0000011/origin/1402357">
    <time>
      <value>2002-07-01T22:05:08.4Z</value>
      <uncertainty>0.51</uncertainty>
    </time>
    <latitude>
      <value>34.9122</value>
      <uncertainty>18.2</uncertainty>
    </latitude>
    <longitude>
      <value>32.7241</value>
      <uncertainty>7.7</uncertainty>
    </longitude>
    <depth>
      <value>10000</value>
    </depth>
    <depthType>from location</depthType>
    <methodID>smi:eu.emsc-csem/origin_method/NA</methodID>
    <quality>
      <usedPhaseCount>9</usedPhaseCount>
      <usedStationCount>8</usedStationCount>
      <standardError>0.83</standardError>
      <azimuthalGap>180</azimuthalGap>
      <minimumDistance>0.25</minimumDistance>
      <maximumDistance>1.08</maximumDistance>
    </quality>
    <evaluationMode>manual</evaluationMode>
    <creationInfo>
      <agencyURI>smi:smi-registry/organization/EMSC</agencyURI>
      <authorURI>smi:smi-registry/organization/EMSC</authorURI>
    </creationInfo>
    <originUncertainty>
      <azimuthMaxHorizontalUncertainty>172</azimuthMaxHorizontalUncertainty>
    </originUncertainty>
  </origin>
  <magnitude publicID="quakeml:eu.emsc/event/20020701_0000011/origin/1402357/mag/2">
    <mag>
      <value>3</value>
    </mag>
    <type>ML</type>
    <originID>quakeml:eu.emsc/event/20020701_0000011/origin/1402357</originID>
    <creationInfo>
      <agencyURI>smi:smi-registry/organization/EMSC</agencyURI>
      <authorURI>smi:smi-registry/organization/EMSC</authorURI>
    </creationInfo>
  </magnitude>
</event>
<event publicID="quakeml:eu.emsc/event/20020701_0000022">
  <preferredOriginID>quakeml:eu.emsc/event/20020701_0000022/origin/1401981</preferredOriginID>
  <preferredMagnitudeID>quakeml:eu.emsc/event/20020701_0000022/origin/1401981/mag/1</preferredMagnitudeID>
  <creationInfo>
    <agencyURI>smi:smi-registry/organization/EMSC</agencyURI>
    <authorURI>smi:smi-registry/organization/EMSC</authorURI>
    <creationTime>2014-12-03T16:55:20.187854Z</creationTime>
  </creationInfo>
  <description>
    <text>FRANCE</text>
    <type>Flinn-Engdahl region</type>
  </description>
  <origin publicID="quakeml:eu.emsc/event/20020701_0000022/origin/1401981">
    <time>
      <value>2002-07-01T19:04:41.0Z</value>
      <uncertainty>0.12</uncertainty>
    </time>
    <latitude>
      <value>45.0806</value>
      <uncertainty>2.5</uncertainty>
    </latitude>
    <longitude>
      <value>3.3155</value>
      <uncertainty>1.9</uncertainty>
    </longitude>
    <depth>
      <value>15000</value>
    </depth>
    <depthType>from location</depthType>
    <methodID>smi:eu.emsc-csem/origin_method/NA</methodID>
    <quality>
      <usedPhaseCount>23</usedPhaseCount>
      <usedStationCount>12</usedStationCount>
      <standardError>0.66</standardError>
      <azimuthalGap>89</azimuthalGap>
      <minimumDistance>0.16</minimumDistance>
      <maximumDistance>2.22</maximumDistance>
    </quality>
    <evaluationMode>manual</evaluationMode>
    <creationInfo>
      <agencyURI>smi:smi-registry/organization/EMSC</agencyURI>
      <authorURI>smi:smi-registry/organization/EMSC</authorURI>
    </creationInfo>
    <originUncertainty>
      <azimuthMaxHorizontalUncertainty>100</azimuthMaxHorizontalUncertainty>
    </originUncertainty>
  </origin>
  <magnitude publicID="quakeml:eu.emsc/event/20020701_0000022/origin/1401981/mag/1">
    <mag>
      <value>2</value>
      <uncertainty>0.3</uncertainty>
    </mag>
    <type>ML</type>
    <originID>quakeml:eu.emsc/event/20020701_0000022/origin/1401981</originID>
    <stationCount>10</stationCount>
    <creationInfo>
      <agencyURI>smi:smi-registry/organization/EMSC</agencyURI>
      <authorURI>smi:smi-registry/organization/EMSC</authorURI>
    </creationInfo>
  </magnitude>
</event>
<event publicID="quakeml:eu.emsc/event/20020701_0000010">
  <preferredOriginID>quakeml:eu.emsc/event/20020701_0000010/origin/1402362</preferredOriginID>
  <preferredMagnitudeID>quakeml:eu.emsc/event/20020701_0000010/origin/1402362/mag/1</preferredMagnitudeID>
  <creationInfo>
    <agencyURI>smi:smi-registry/organization/EMSC</agencyURI>
    <authorURI>smi:smi-registry/organization/EMSC</authorURI>
    <creationTime>2014-12-03T10:40:41.342336Z</creationTime>
  </creationInfo>
  <description>
    <text>BAY OF BISCAY</text>
    <type>Flinn-Engdahl region</type>
  </description>
  <origin publicID="quakeml:eu.emsc/event/20020701_0000010/origin/1402362">
    <time>
      <value>2002-07-01T17:17:58.0Z</value>
      <uncertainty>0.22</uncertainty>
    </time>
    <latitude>
      <value>46.5241</value>
      <uncertainty>4.4</uncertainty>
    </latitude>
    <longitude>
      <value>-2.1252</value>
      <uncertainty>3.7</uncertainty>
    </longitude>
    <depth>
      <value>15000</value>
    </depth>
    <depthType>from location</depthType>
    <methodID>smi:eu.emsc-csem/origin_method/NA</methodID>
    <quality>
      <usedPhaseCount>66</usedPhaseCount>
      <usedStationCount>27</usedStationCount>
      <standardError>1.41</standardError>
      <azimuthalGap>103</azimuthalGap>
      <minimumDistance>0.4</minimumDistance>
      <maximumDistance>6.26</maximumDistance>
    </quality>
    <evaluationMode>manual</evaluationMode>
    <creationInfo>
      <agencyURI>smi:smi-registry/organization/EMSC</agencyURI>
      <authorURI>smi:smi-registry/organization/EMSC</authorURI>
    </creationInfo>
    <originUncertainty>
      <azimuthMaxHorizontalUncertainty>61</azimuthMaxHorizontalUncertainty>
    </originUncertainty>
  </origin>
  <magnitude publicID="quakeml:eu.emsc/event/20020701_0000010/origin/1402362/mag/1">
    <mag>
      <value>3.2</value>
      <uncertainty>0.3</uncertainty>
    </mag>
    <type>ML</type>
    <originID>quakeml:eu.emsc/event/20020701_0000010/origin/1402362</originID>
    <stationCount>18</stationCount>
    <creationInfo>
      <agencyURI>smi:smi-registry/organization/EMSC</agencyURI>
      <authorURI>smi:smi-registry/organization/EMSC</authorURI>
    </creationInfo>
  </magnitude>
</event>
<event publicID="quakeml:eu.emsc/event/20020701_0000009">
  <preferredOriginID>quakeml:eu.emsc/event/20020701_0000009/origin/1402367</preferredOriginID>
  <preferredMagnitudeID>quakeml:eu.emsc/event/20020701_0000009/origin/1402367/mag/2</preferredMagnitudeID>
  <creationInfo>
    <agencyURI>smi:smi-registry/organization/EMSC</agencyURI>
    <authorURI>smi:smi-registry/organization/EMSC</authorURI>
    <creationTime>2014-12-03T12:15:47.713807Z</creationTime>
  </creationInfo>
  <description>
    <text>CRETE, GREECE</text>
    <type>Flinn-Engdahl region</type>
  </description>
  <origin publicID="quakeml:eu.emsc/event/20020701_0000009/origin/1402367">
    <time>
      <value>2002-07-01T13:15:27.8Z</value>
      <uncertainty>0.19</uncertainty>
    </time>
    <latitude>
      <value>34.3239</value>
      <uncertainty>8.9</uncertainty>
    </latitude>
    <longitude>
      <value>26.5632</value>
      <uncertainty>3.9</uncertainty>
    </longitude>
    <depth>
      <value>47900.0</value>
      <uncertainty>3.9</uncertainty>
    </depth>
    <depthType>from location</depthType>
    <methodID>smi:eu.emsc-csem/origin_method/NA</methodID>
    <quality>
      <usedPhaseCount>48</usedPhaseCount>
      <usedStationCount>48</usedStationCount>
      <standardError>0.97</standardError>
      <azimuthalGap>93</azimuthalGap>
      <minimumDistance>1.22</minimumDistance>
      <maximumDistance>81.1</maximumDistance>
    </quality>
    <evaluationMode>manual</evaluationMode>
    <creationInfo>
      <agencyURI>smi:smi-registry/organization/EMSC</agencyURI>
      <authorURI>smi:smi-registry/organization/EMSC</authorURI>
    </creationInfo>
    <originUncertainty>
      <azimuthMaxHorizontalUncertainty>39</azimuthMaxHorizontalUncertainty>
    </originUncertainty>
  </origin>
  <magnitude publicID="quakeml:eu.emsc/event/20020701_0000009/origin/1402367/mag/2">
    <mag>
      <value>4</value>
    </mag>
    <type>mb</type>
    <originID>quakeml:eu.emsc/event/20020701_0000009/origin/1402367</originID>
    <stationCount>11</stationCount>
    <creationInfo>
      <agencyURI>smi:smi-registry/organization/EMSC</agencyURI>
      <authorURI>smi:smi-registry/organization/EMSC</authorURI>
    </creationInfo>
  </magnitude>
</event>
<event publicID="quakeml:eu.emsc/event/20020701_0000015">
  <preferredOriginID>quakeml:eu.emsc/event/20020701_0000015/origin/1413358</preferredOriginID>
  <preferredMagnitudeID>quakeml:eu.emsc/event/20020701_0000015/origin/1413358/mag/2</preferredMagnitudeID>
  <creationInfo>
    <agencyURI>smi:smi-registry/organization/EMSC</agencyURI>
    <authorURI>smi:smi-registry/organization/EMSC</authorURI>
    <creationTime>2014-12-10T18:37:41.395621Z</creationTime>
  </creationInfo>
  <description>
    <text>FRANCE</text>
    <type>Flinn-Engdahl region</type>
  </description>
  <origin publicID="quakeml:eu.emsc/event/20020701_0000015/origin/1413358">
    <time>
      <value>2002-07-01T12:10:51.0Z</value>
    </time>
    <latitude>
      <value>44.8446</value>
      <uncertainty>9999.9</uncertainty>
    </latitude>
    <longitude>
      <value>6.5769</value>
      <uncertainty>9999.9</uncertainty>
    </longitude>
    <depth>
      <value>6000</value>
    </depth>
    <depthType>from location</depthType>
    <methodID>smi:eu.emsc-csem/origin_method/NA</methodID>
    <quality>
      <usedPhaseCount>8</usedPhaseCount>
      <usedStationCount>5</usedStationCount>
      <standardError>0.34</standardError>
      <azimuthalGap>119</azimuthalGap>
      <minimumDistance>0.18</minimumDistance>
      <maximumDistance>1.13</maximumDistance>
    </quality>
    <evaluationMode>manual</evaluationMode>
    <creationInfo>
      <agencyURI>smi:smi-registry/organization/EMSC</agencyURI>
      <authorURI>smi:smi-registry/organization/EMSC</authorURI>
    </creationInfo>
    <originUncertainty>
      <azimuthMaxHorizontalUncertainty>-99</azimuthMaxHorizontalUncertainty>
    </originUncertainty>
  </origin>
  <magnitude publicID="quakeml:eu.emsc/event/20020701_0000015/origin/1413358/mag/2">
    <mag>
      <value>1.2</value>
    </mag>
    <type>ML</type>
    <originID>quakeml:eu.emsc/event/20020701_0000015/origin/1413358</originID>
    <stationCount>1</stationCount>
    <creationInfo>
      <agencyURI>smi:smi-registry/organization/EMSC</agencyURI>
      <authorURI>smi:smi-registry/organization/EMSC</authorURI>
    </creationInfo>
  </magnitude>
</event>
<event publicID="quakeml:eu.emsc/event/20020701_0000021">
  <preferredOriginID>quakeml:eu.emsc/event/20020701_0000021/origin/1413360</preferredOriginID>
  <preferredMagnitudeID>quakeml:eu.emsc/event/20020701_0000021/origin/1413360/mag/2</preferredMagnitudeID>
  <creationInfo>
    <agencyURI>smi:smi-registry/organization/EMSC</agencyURI>
    <authorURI>smi:smi-registry/organization/EMSC</authorURI>
    <creationTime>2014-12-10T18:37:40.915434Z</creationTime>
  </creationInfo>
  <description>
    <text>GERMANY</text>
    <type>Flinn-Engdahl region</type>
  </description>
  <origin publicID="quakeml:eu.emsc/event/20020701_0000021/origin/1413360">
    <time>
      <value>2002-07-01T11:31:11.5Z</value>
    </time>
    <latitude>
      <value>50.18</value>
      <uncertainty>9999.9</uncertainty>
    </latitude>
    <longitude>
      <value>6.71</value>
      <uncertainty>9999.9</uncertainty>
    </longitude>
    <depth>
      <value>0</value>
    </depth>
    <depthType>from location</depthType>
    <methodID>smi:eu.emsc-csem/origin_method/NA</methodID>
    <quality>
      <usedPhaseCount>6</usedPhaseCount>
      <usedStationCount>5</usedStationCount>
      <standardError>0.94</standardError>
      <azimuthalGap>160</azimuthalGap>
      <minimumDistance>0.63</minimumDistance>
      <maximumDistance>2.85</maximumDistance>
    </quality>
    <evaluationMode>manual</evaluationMode>
    <creationInfo>
      <agencyURI>smi:smi-registry/organization/EMSC</agencyURI>
      <authorURI>smi:smi-registry/organization/EMSC</authorURI>
    </creationInfo>
    <originUncertainty>
      <azimuthMaxHorizontalUncertainty>-99</azimuthMaxHorizontalUncertainty>
    </originUncertainty>
  </origin>
  <magnitude publicID="quakeml:eu.emsc/event/20020701_0000021/origin/1413360/mag/2">
    <mag>
      <value>2.2</value>
    </mag>
    <type>ML</type>
    <originID>quakeml:eu.emsc/event/20020701_0000021/origin/1413360</originID>
    <creationInfo>
      <agencyURI>smi:smi-registry/organization/EMSC</agencyURI>
      <authorURI>smi:smi-registry/organization/EMSC</authorURI>
    </creationInfo>
  </magnitude>
</event>
<event publicID="quakeml:eu.emsc/event/20020701_0000008">
  <preferredOriginID>quakeml:eu.emsc/event/20020701_0000008/origin/1434705</preferredOriginID>
  <preferredMagnitudeID>quakeml:eu.emsc/event/20020701_0000008/origin/1434705/mag/2</preferredMagnitudeID>
  <creationInfo>
    <agencyURI>smi:smi-registry/organization/EMSC</agencyURI>
    <authorURI>smi:smi-registry/organization/EMSC</authorURI>
    <creationTime>2014-12-03T12:09:05.62331Z</creationTime>
  </creationInfo>
  <description>
    <text>CRETE, GREECE</text>
    <type>Flinn-Engdahl region</type>
  </description>
  <origin publicID="quakeml:eu.emsc/event/20020701_0000008/origin/1434705">
    <time>
      <value>2002-07-01T10:29:33.7Z</value>
      <uncertainty>0.24</uncertainty>
    </time>
    <latitude>
      <value>34.6363</value>
      <uncertainty>13.3</uncertainty>
    </latitude>
    <longitude>
      <value>26.908</value>
      <uncertainty>6</uncertainty>
    </longitude>
    <depth>
      <value>30000</value>
    </depth>
    <depthType>from location</depthType>
    <methodID>smi:eu.emsc-csem/origin_method/NA</methodID>
    <quality>
      <usedPhaseCount>19</usedPhaseCount>
      <usedStationCount>19</usedStationCount>
      <standardError>0.92</standardError>
      <azimuthalGap>128</azimuthalGap>
      <minimumDistance>1.23</minimumDistance>
      <maximumDistance>64.51</maximumDistance>
    </quality>
    <evaluationMode>manual</evaluationMode>
    <creationInfo>
      <agencyURI>smi:smi-registry/organization/EMSC</agencyURI>
      <authorURI>smi:smi-registry/organization/EMSC</authorURI>
    </creationInfo>
    <originUncertainty>
      <azimuthMaxHorizontalUncertainty>40</azimuthMaxHorizontalUncertainty>
    </originUncertainty>
  </origin>
  <magnitude publicID="quakeml:eu.emsc/event/20020701_0000008/origin/1434705/mag/2">
    <mag>
      <value>3.8</value>
    </mag>
    <type>ML</type>
    <originID>quakeml:eu.emsc/event/20020701_0000008/origin/1434705</originID>
    <creationInfo>
      <agencyURI>smi:smi-registry/organization/EMSC</agencyURI>
      <authorURI>smi:smi-registry/organization/EMSC</authorURI>
    </creationInfo>
  </magnitude>
</event>
<event publicID="quakeml:eu.emsc/event/20020701_0000006">
  <preferredOriginID>quakeml:eu.emsc/event/20020701_0000006/origin/1402375</preferredOriginID>
  <preferredMagnitudeID>quakeml:eu.emsc/event/20020701_0000006/origin/1402375/mag/1</preferredMagnitudeID>
  <creationInfo>
    <agencyURI>smi:smi-registry/organization/EMSC</agencyURI>
    <authorURI>smi:smi-registry/organization/EMSC</authorURI>
    <creationTime>2014-12-03T10:37:51.860936Z</creationTime>
  </creationInfo>
  <description>
    <text>SOUTHERN IRAN</text>
    <type>Flinn-Engdahl region</type>
  </description>
  <origin publicID="quakeml:eu.emsc/event/20020701_0000006/origin/1402375">
    <time>
      <value>2002-07-01T08:20:53.4Z</value>
      <uncertainty>0.21</uncertainty>
    </time>
    <latitude>
      <value>27.3914</value>
      <uncertainty>14.2</uncertainty>
    </latitude>
    <longitude>
      <value>53.7738</value>
      <uncertainty>7.7</uncertainty>
    </longitude>
    <depth>
      <value>30000</value>
    </depth>
    <depthType>from location</depthType>
    <methodID>smi:eu.emsc-csem/origin_method/NA</methodID>
    <quality>
      <usedPhaseCount>26</usedPhaseCount>
      <usedStationCount>26</usedStationCount>
      <standardError>0.97</standardError>
      <azimuthalGap>92</azimuthalGap>
      <minimumDistance>4.74</minimumDistance>
      <maximumDistance>91.03</maximumDistance>
    </quality>
    <evaluationMode>manual</evaluationMode>
    <creationInfo>
      <agencyURI>smi:smi-registry/organization/EMSC</agencyURI>
      <authorURI>smi:smi-registry/organization/EMSC</authorURI>
    </creationInfo>
    <originUncertainty>
      <azimuthMaxHorizontalUncertainty>59</azimuthMaxHorizontalUncertainty>
    </originUncertainty>
  </origin>
  <magnitude publicID="quakeml:eu.emsc/event/20020701_0000006/origin/1402375/mag/1">
    <mag>
      <value>4.3</value>
      <uncertainty>0.3</uncertainty>
    </mag>
    <type>mb</type>
    <originID>quakeml:eu.emsc/event/20020701_0000006/origin/1402375</originID>
    <stationCount>11</stationCount>
    <creationInfo>
      <agencyURI>smi:smi-registry/organization/EMSC</agencyURI>
      <authorURI>smi:smi-registry/organization/EMSC</authorURI>
    </creationInfo>
  </magnitude>
</event>
<event publicID="quakeml:eu.emsc/event/20020701_0000005">
  <preferredOriginID>quakeml:eu.emsc/event/20020701_0000005/origin/1402379</preferredOriginID>
  <preferredMagnitudeID>quakeml:eu.emsc/event/20020701_0000005/origin/1402379/mag/2</preferredMagnitudeID>
  <creationInfo>
    <agencyURI>smi:smi-registry/organization/EMSC</agencyURI>
    <authorURI>smi:smi-registry/organization/EMSC</authorURI>
    <creationTime>2014-12-03T11:27:18.975173Z</creationTime>
  </creationInfo>
  <description>
    <text>AEGEAN SEA</text>
    <type>Flinn-Engdahl region</type>
  </description>
  <origin publicID="quakeml:eu.emsc/event/20020701_0000005/origin/1402379">
    <time>
      <value>2002-07-01T07:33:34.3Z</value>
      <uncertainty>0.18</uncertainty>
    </time>
    <latitude>
      <value>39.9901</value>
      <uncertainty>4.2</uncertainty>
    </latitude>
    <longitude>
      <value>23.2959</value>
      <uncertainty>3.2</uncertainty>
    </longitude>
    <depth>
      <value>2000</value>
    </depth>
    <depthType>from location</depthType>
    <methodID>smi:eu.emsc-csem/origin_method/NA</methodID>
    <quality>
      <usedPhaseCount>23</usedPhaseCount>
      <usedStationCount>13</usedStationCount>
      <standardError>1.02</standardError>
      <azimuthalGap>82</azimuthalGap>
      <minimumDistance>0.3</minimumDistance>
      <maximumDistance>2.06</maximumDistance>
    </quality>
    <evaluationMode>manual</evaluationMode>
    <creationInfo>
      <agencyURI>smi:smi-registry/organization/EMSC</agencyURI>
      <authorURI>smi:smi-registry/organization/EMSC</authorURI>
    </creationInfo>
    <originUncertainty>
      <azimuthMaxHorizontalUncertainty>99</azimuthMaxHorizontalUncertainty>
    </originUncertainty>
  </origin>
  <magnitude publicID="quakeml:eu.emsc/event/20020701_0000005/origin/1402379/mag/2">
    <mag>
      <value>2.8</value>
    </mag>
    <type>ML</type>
    <originID>quakeml:eu.emsc/event/20020701_0000005/origin/1402379</originID>
    <creationInfo>
      <agencyURI>smi:smi-registry/organization/EMSC</agencyURI>
      <authorURI>smi:smi-registry/organization/EMSC</authorURI>
    </creationInfo>
  </magnitude>
</event>
<event publicID="quakeml:eu.emsc/event/20020701_0000001">
  <preferredOriginID>quakeml:eu.emsc/event/20020701_0000001/origin/1402390</preferredOriginID>
  <preferredMagnitudeID>quakeml:eu.emsc/event/20020701_0000001/origin/1402390/mag/2</preferredMagnitudeID>
  <creationInfo>
    <agencyURI>smi:smi-registry/organization/EMSC</agencyURI>
    <authorURI>smi:smi-registry/organization/EMSC</authorURI>
    <creationTime>2014-12-03T11:12:50.95759Z</creationTime>
  </creationInfo>
  <description>
    <text>EASTERN TURKEY</text>
    <type>Flinn-Engdahl region</type>
  </description>
  <origin publicID="quakeml:eu.emsc/event/20020701_0000001/origin/1402390">
    <time>
      <value>2002-07-01T05:17:58.1Z</value>
      <uncertainty>0.42</uncertainty>
    </time>
    <latitude>
      <value>39.8166</value>
      <uncertainty>17.9</uncertainty>
    </latitude>
    <longitude>
      <value>42.2795</value>
      <uncertainty>10.3</uncertainty>
    </longitude>
    <depth>
      <value>2000</value>
    </depth>
    <depthType>from location</depthType>
    <methodID>smi:eu.emsc-csem/origin_method/NA</methodID>
    <quality>
      <usedPhaseCount>9</usedPhaseCount>
      <usedStationCount>8</usedStationCount>
      <standardError>1.15</standardError>
      <azimuthalGap>127</azimuthalGap>
      <minimumDistance>0.58</minimumDistance>
      <maximumDistance>22.38</maximumDistance>
    </quality>
    <evaluationMode>manual</evaluationMode>
    <creationInfo>
      <agencyURI>smi:smi-registry/organization/EMSC</agencyURI>
      <authorURI>smi:smi-registry/organization/EMSC</authorURI>
    </creationInfo>
    <originUncertainty>
      <azimuthMaxHorizontalUncertainty>31</azimuthMaxHorizontalUncertainty>
    </originUncertainty>
  </origin>
  <magnitude publicID="quakeml:eu.emsc/event/20020701_0000001/origin/1402390/mag/2">
    <mag>
      <value>4.1</value>
    </mag>
    <type>MD</type>
    <originID>quakeml:eu.emsc/event/20020701_0000001/origin/1402390</originID>
    <creationInfo>
      <agencyURI>smi:smi-registry/organization/EMSC</agencyURI>
      <authorURI>smi:smi-registry/organization/EMSC</authorURI>
    </creationInfo>
  </magnitude>
</event>
<event publicID="quakeml:eu.emsc/event/20020701_0000020">
  <preferredOriginID>quakeml:eu.emsc/event/20020701_0000020/origin/1413362</preferredOriginID>
  <preferredMagnitudeID>quakeml:eu.emsc/event/20020701_0000020/origin/1413362/mag/2</preferredMagnitudeID>
  <creationInfo>
    <agencyURI>smi:smi-registry/organization/EMSC</agencyURI>
    <authorURI>smi:smi-registry/organization/EMSC</authorURI>
    <creationTime>2014-12-10T18:37:40.395687Z</creationTime>
  </creationInfo>
  <description>
    <text>NORTHERN ITALY</text>
    <type>Flinn-Engdahl region</type>
  </description>
  <origin publicID="quakeml:eu.emsc/event/20020701_0000020/origin/1413362">
    <time>
      <value>2002-07-01T05:06:29.9Z</value>
    </time>
    <latitude>
      <value>44.3578</value>
      <uncertainty>9999.9</uncertainty>
    </latitude>
    <longitude>
      <value>7.2843</value>
      <uncertainty>9999.9</uncertainty>
    </longitude>
    <depth>
      <value>14400.0</value>
    </depth>
    <depthType>from location</depthType>
    <methodID>smi:eu.emsc-csem/origin_method/NA</methodID>
    <quality>
      <usedPhaseCount>18</usedPhaseCount>
      <usedStationCount>10</usedStationCount>
      <standardError>8.05</standardError>
      <azimuthalGap>152</azimuthalGap>
      <minimumDistance>0.12</minimumDistance>
      <maximumDistance>0.62</maximumDistance>
    </quality>
    <evaluationMode>manual</evaluationMode>
    <creationInfo>
      <agencyURI>smi:smi-registry/organization/EMSC</agencyURI>
      <authorURI>smi:smi-registry/organization/EMSC</authorURI>
    </creationInfo>
    <originUncertainty>
      <azimuthMaxHorizontalUncertainty>-99</azimuthMaxHorizontalUncertainty>
    </originUncertainty>
  </origin>
  <magnitude publicID="quakeml:eu.emsc/event/20020701_0000020/origin/1413362/mag/2">
    <mag>
      <value>2</value>
    </mag>
    <type>ML</type>
    <originID>quakeml:eu.emsc/event/20020701_0000020/origin/1413362</originID>
    <creationInfo>
      <agencyURI>smi:smi-registry/organization/EMSC</agencyURI>
      <authorURI>smi:smi-registry/organization/EMSC</authorURI>
    </creationInfo>
  </magnitude>
</event>
<event publicID="quakeml:eu.emsc/event/20020701_0000018">
  <preferredOriginID>quakeml:eu.emsc/event/20020701_0000018/origin/1413364</preferredOriginID>
  <preferredMagnitudeID>quakeml:eu.emsc/event/20020701_0000018/origin/1413364/mag/2</preferredMagnitudeID>
  <creationInfo>
    <agencyURI>smi:smi-registry/organization/EMSC</agencyURI>
    <authorURI>smi:smi-registry/organization/EMSC</authorURI>
    <creationTime>2014-12-10T18:58:38.258219Z</creationTime>
  </creationInfo>
  <description>
    <text>SPAIN</text>
    <type>Flinn-Engdahl region</type>
  </description>
  <origin publicID="quakeml:eu.emsc/event/20020701_0000018/origin/1413364">
    <time>
      <value>2002-07-01T02:35:05.9Z</value>
    </time>
    <latitude>
      <value>42.9117</value>
      <uncertainty>9999.9</uncertainty>
    </latitude>
    <longitude>
      <value>-5.0353</value>
      <uncertainty>9999.9</uncertainty>
    </longitude>
    <depth>
      <value>10500.0</value>
    </depth>
    <depthType>from location</depthType>
    <methodID>smi:eu.emsc-csem/origin_method/NA</methodID>
    <quality>
      <usedPhaseCount>11</usedPhaseCount>
      <usedStationCount>7</usedStationCount>
      <standardError>1.5</standardError>
      <azimuthalGap>150</azimuthalGap>
      <minimumDistance>0.41</minimumDistance>
      <maximumDistance>3.33</maximumDistance>
    </quality>
    <evaluationMode>manual</evaluationMode>
    <creationInfo>
      <agencyURI>smi:smi-registry/organization/EMSC</agencyURI>
      <authorURI>smi:smi-registry/organization/EMSC</authorURI>
    </creationInfo>
    <originUncertainty>
      <azimuthMaxHorizontalUncertainty>-99</azimuthMaxHorizontalUncertainty>
    </originUncertainty>
  </origin>
  <magnitude publicID="quakeml:eu.emsc/event/20020701_0000018/origin/1413364/mag/2">
    <mag>
      <value>1.3</value>
      <uncertainty>0.1</uncertainty>
    </mag>
    <type>mb</type>
    <originID>quakeml:eu.emsc/event/20020701_0000018/origin/1413364</originID>
    <stationCount>5</stationCount>
    <creationInfo>
      <agencyURI>smi:smi-registry/organization/EMSC</agencyURI>
      <authorURI>smi:smi-registry/organization/EMSC</authorURI>
    </creationInfo>
  </magnitude>
</event>
<event publicID="quakeml:eu.emsc/event/20020701_0000003">
  <preferredOriginID>quakeml:eu.emsc/event/20020701_0000003/origin/1402384</preferredOriginID>
  <preferredMagnitudeID>quakeml:eu.emsc/event/20020701_0000003/origin/1402384/mag/2</preferredMagnitudeID>
  <creationInfo>
    <agencyURI>smi:smi-registry/organization/EMSC</agencyURI>
    <authorURI>smi:smi-registry/organization/EMSC</authorURI>
    <creationTime>2014-12-03T11:34:35.236152Z</creationTime>
  </creationInfo>
  <description>
    <text>CRETE, GREECE</text>
    <type>Flinn-Engdahl region</type>
  </description>
  <origin publicID="quakeml:eu.emsc/event/20020701_0000003/origin/1402384">
    <time>
      <value>2002-07-01T01:16:26.5Z</value>
      <uncertainty>0.6</uncertainty>
    </time>
    <latitude>
      <value>34.8031</value>
      <uncertainty>21.6</uncertainty>
    </latitude>
    <longitude>
      <value>26.7012</value>
      <uncertainty>5.9</uncertainty>
    </longitude>
    <depth>
      <value>80000</value>
    </depth>
    <depthType>from location</depthType>
    <methodID>smi:eu.emsc-csem/origin_method/NA</methodID>
    <quality>
      <usedPhaseCount>20</usedPhaseCount>
      <usedStationCount>20</usedStationCount>
      <standardError>0.62</standardError>
      <azimuthalGap>202</azimuthalGap>
      <minimumDistance>1.83</minimumDistance>
      <maximumDistance>21.48</maximumDistance>
    </quality>
    <evaluationMode>manual</evaluationMode>
    <creationInfo>
      <agencyURI>smi:smi-registry/organization/EMSC</agencyURI>
      <authorURI>smi:smi-registry/organization/EMSC</authorURI>
    </creationInfo>
    <originUncertainty>
      <azimuthMaxHorizontalUncertainty>176</azimuthMaxHorizontalUncertainty>
    </originUncertainty>
  </origin>
  <magnitude publicID="quakeml:eu.emsc/event/20020701_0000003/origin/1402384/mag/2">
    <mag>
      <value>4</value>
    </mag>
    <type>MD</type>
    <originID>quakeml:eu.emsc/event/20020701_0000003/origin/1402384</originID>
    <creationInfo>
      <agencyURI>smi:smi-registry/organization/EMSC</agencyURI>
      <authorURI>smi:smi-registry/organization/EMSC</authorURI>
    </creationInfo>
  </magnitude>
</event>
<event publicID="quakeml:eu.emsc/event/20020701_0000017">
  <preferredOriginID>quakeml:eu.emsc/event/20020701_0000017/origin/1413366</preferredOriginID>
  <preferredMagnitudeID>quakeml:eu.emsc/event/20020701_0000017/origin/1413366/mag/2</preferredMagnitudeID>
  <creationInfo>
    <agencyURI>smi:smi-registry/organization/EMSC</agencyURI>
    <authorURI>smi:smi-registry/organization/EMSC</authorURI>
    <creationTime>2014-12-10T18:58:37.779441Z</creationTime>
  </creationInfo>
  <description>
    <text>PYRENEES</text>
    <type>Flinn-Engdahl region</type>
  </description>
  <origin publicID="quakeml:eu.emsc/event/20020701_0000017/origin/1413366">
    <time>
      <value>2002-07-01T00:51:11.2Z</value>
    </time>
    <latitude>
      <value>43.1336</value>
      <uncertainty>9999.9</uncertainty>
    </latitude>
    <longitude>
      <value>-0.5751</value>
      <uncertainty>9999.9</uncertainty>
    </longitude>
    <depth>
      <value>3300.0</value>
    </depth>
    <depthType>from location</depthType>
    <methodID>smi:eu.emsc-csem/origin_method/NA</methodID>
    <quality>
      <usedPhaseCount>14</usedPhaseCount>
      <usedStationCount>6</usedStationCount>
      <standardError>1.43</standardError>
      <azimuthalGap>214</azimuthalGap>
      <minimumDistance>0.69</minimumDistance>
      <maximumDistance>2.56</maximumDistance>
    </quality>
    <evaluationMode>manual</evaluationMode>
    <creationInfo>
      <agencyURI>smi:smi-registry/organization/EMSC</agencyURI>
      <authorURI>smi:smi-registry/organization/EMSC</authorURI>
    </creationInfo>
    <originUncertainty>
      <azimuthMaxHorizontalUncertainty>-99</azimuthMaxHorizontalUncertainty>
    </originUncertainty>
  </origin>
  <magnitude publicID="quakeml:eu.emsc/event/20020701_0000017/origin/1413366/mag/2">
    <mag>
      <value>1.9</value>
      <uncertainty>0.3</uncertainty>
    </mag>
    <type>mb</type>
    <originID>quakeml:eu.emsc/event/20020701_0000017/origin/1413366</originID>
    <stationCount>5</stationCount>
    <creationInfo>
      <agencyURI>smi:smi-registry/organization/EMSC</agencyURI>
      <authorURI>smi:smi-registry/organization/EMSC</authorURI>
    </creationInfo>
  </magnitude>
</event>
<event publicID="quakeml:eu.emsc/event/20020701_0000019">
  <preferredOriginID>quakeml:eu.emsc/event/20020701_0000019/origin/1401985</preferredOriginID>
  <preferredMagnitudeID>quakeml:eu.emsc/event/20020701_0000019/origin/1401985/mag/1</preferredMagnitudeID>
  <creationInfo>
    <agencyURI>smi:smi-registry/organization/EMSC</agencyURI>
    <authorURI>smi:smi-registry/organization/EMSC</authorURI>
    <creationTime>2014-12-03T16:15:37.890131Z</creationTime>
  </creationInfo>
  <description>
    <text>PYRENEES</text>
    <type>Flinn-Engdahl region</type>
  </description>
  <origin publicID="quakeml:eu.emsc/event/20020701_0000019/origin/1401985">
    <time>
      <value>2002-07-01T00:49:11.1Z</value>
      <uncertainty>0.13</uncertainty>
    </time>
    <latitude>
      <value>43.1854</value>
      <uncertainty>3.3</uncertainty>
    </latitude>
    <longitude>
      <value>-0.596</value>
      <uncertainty>2.3</uncertainty>
    </longitude>
    <depth>
      <value>8000</value>
    </depth>
    <depthType>from location</depthType>
    <methodID>smi:eu.emsc-csem/origin_method/NA</methodID>
    <quality>
      <usedPhaseCount>87</usedPhaseCount>
      <usedStationCount>33</usedStationCount>
      <standardError>1.22</standardError>
      <azimuthalGap>66</azimuthalGap>
      <minimumDistance>0.13</minimumDistance>
      <maximumDistance>5.58</maximumDistance>
    </quality>
    <evaluationMode>manual</evaluationMode>
    <creationInfo>
      <agencyURI>smi:smi-registry/organization/EMSC</agencyURI>
      <authorURI>smi:smi-registry/organization/EMSC</authorURI>
    </creationInfo>
    <originUncertainty>
      <azimuthMaxHorizontalUncertainty>117</azimuthMaxHorizontalUncertainty>
    </originUncertainty>
  </origin>
  <magnitude publicID="quakeml:eu.emsc/event/20020701_0000019/origin/1401985/mag/1">
    <mag>
      <value>2.8</value>
      <uncertainty>0.4</uncertainty>
    </mag>
    <type>ML</type>
    <originID>quakeml:eu.emsc/event/20020701_0000019/origin/1401985</originID>
    <stationCount>26</stationCount>
    <creationInfo>
      <agencyURI>smi:smi-registry/organization/EMSC</agencyURI>
      <authorURI>smi:smi-registry/organization/EMSC</authorURI>
    </creationInfo>
  </magnitude>
</event>
<event publicID="quakeml:eu.emsc/event/20020701_0000002">
  <preferredOriginID>quakeml:eu.emsc/event/20020701_0000002/origin/1402388</preferredOriginID>
  <preferredMagnitudeID>quakeml:eu.emsc/event/20020701_0000002/origin/1402388/mag/2</preferredMagnitudeID>
  <creationInfo>
    <agencyURI>smi:smi-registry/organization/EMSC</agencyURI>
    <authorURI>smi:smi-registry/organization/EMSC</authorURI>
    <creationTime>2014-12-03T11:44:19.49772Z</creationTime>
  </creationInfo>
  <description>
    <text>GREECE</text>
    <type>Flinn-Engdahl region</type>
  </description>
  <origin publicID="quakeml:eu.emsc/event/20020701_0000002/origin/1402388">
    <time>
      <value>2002-07-01T00:40:54.0Z</value>
      <uncertainty>0.27</uncertainty>
    </time>
    <latitude>
      <value>40.6218</value>
      <uncertainty>6.5</uncertainty>
    </latitude>
    <longitude>
      <value>23.8074</value>
      <uncertainty>5</uncertainty>
    </longitude>
    <depth>
      <value>20000</value>
    </depth>
    <depthType>from location</depthType>
    <methodID>smi:eu.emsc-csem/origin_method/NA</methodID>
    <quality>
      <usedPhaseCount>18</usedPhaseCount>
      <usedStationCount>11</usedStationCount>
      <standardError>0.87</standardError>
      <azimuthalGap>87</azimuthalGap>
      <minimumDistance>0.32</minimumDistance>
      <maximumDistance>1.41</maximumDistance>
    </quality>
    <evaluationMode>manual</evaluationMode>
    <creationInfo>
      <agencyURI>smi:smi-registry/organization/EMSC</agencyURI>
      <authorURI>smi:smi-registry/organization/EMSC</authorURI>
    </creationInfo>
    <originUncertainty>
      <azimuthMaxHorizontalUncertainty>70</azimuthMaxHorizontalUncertainty>
    </originUncertainty>
  </origin>
  <magnitude publicID="quakeml:eu.emsc/event/20020701_0000002/origin/1402388/mag/2">
    <mag>
      <value>2.5</value>
    </mag>
    <type>ML</type>
    <originID>quakeml:eu.emsc/event/20020701_0000002/origin/1402388</originID>
    <creationInfo>
      <agencyURI>smi:smi-registry/organization/EMSC</agencyURI>
      <authorURI>smi:smi-registry/organization/EMSC</authorURI>
    </creationInfo>
  </magnitude>
</event>
</eventParameters>
</q:quakeml>
