<?xml version="1.0"?>
<q:quakeml xmlns:q="http://quakeml.org/xmlns/quakeml/1.2"  xmlns="http://quakeml.org/xmlns/bed/1.2">
<eventParameters publicID="smi:eu.emsc/unid">
<event publicID="quakeml:eu.emsc/event/20020122_0000008">
  <preferredOriginID>quakeml:eu.emsc/event/20020122_0000008/origin/1405994</preferredOriginID>
  <preferredMagnitudeID>quakeml:eu.emsc/event/20020122_0000008/origin/1405994/mag/1</preferredMagnitudeID>
  <creationInfo>
    <agencyURI>smi:smi-registry/organization/EMSC</agencyURI>
    <authorURI>smi:smi-registry/organization/EMSC</authorURI>
    <creationTime>2014-12-03T15:03:23.235353Z</creationTime>
  </creationInfo>
  <description>
    <text>FRANCE</text>
    <type>Flinn-Engdahl region</type>
  </description>
  <origin publicID="quakeml:eu.emsc/event/20020122_0000008/origin/1405994">
    <time>
      <value>2002-01-22T23:58:05.1Z</value>
      <uncertainty>0.11</uncertainty>
    </time>
    <latitude>
      <value>44.7927</value>
      <uncertainty>2.6</uncertainty>
    </latitude>
    <longitude>
      <value>6.7826</value>
      <uncertainty>2.2</uncertainty>
    </longitude>
    <depth>
      <value>12000</value>
    </depth>
    <depthType>from location</depthType>
    <methodID>smi:eu.emsc-csem/origin_method/NA</methodID>
    <quality>
      <usedPhaseCount>39</usedPhaseCount>
      <usedStationCount>26</usedStationCount>
      <standardError>0.7</standardError>
      <azimuthalGap>53</azimuthalGap>
      <minimumDistance>0.07</minimumDistance>
      <maximumDistance>3.28</maximumDistance>
    </quality>
    <evaluationMode>manual</evaluationMode>
    <creationInfo>
      <agencyURI>smi:smi-registry/organization/EMSC</agencyURI>
      <authorURI>smi:smi-registry/organization/EMSC</authorURI>
    </creationInfo>
    <originUncertainty>
      <azimuthMaxHorizontalUncertainty>77</azimuthMaxHorizontalUncertainty>
    </originUncertainty>
  </origin>
  <magnitude publicID="quakeml:eu.emsc/event/20020122_0000008/origin/1405994/mag/1">
    <mag>
      <value>0.5</value>
      <uncertainty>0.2</uncertainty>
    </mag>
    <type>ML</type>
    <originID>quakeml:eu.emsc/event/20020122_0000008/origin/1405994</originID>
    <stationCount>9</stationCount>
    <creationInfo>
      <agencyURI>smi:smi-registry/organization/EMSC</agencyURI>
      <authorURI>smi:smi-registry/organization/EMSC</authorURI>
    </creationInfo>
  </magnitude>
</event>
<event publicID="quakeml:eu.emsc/event/20020122_0000006">
  <preferredOriginID>quakeml:eu.emsc/event/20020122_0000006/origin/1406671</preferredOriginID>
  <preferredMagnitudeID>quakeml:eu.emsc/event/20020122_0000006/origin/1406671/mag/2</preferredMagnitudeID>
  <creationInfo>
    <agencyURI>smi:smi-registry/organization/EMSC</agencyURI>
    <authorURI>smi:smi-registry/organization/EMSC</authorURI>
    <creationTime>2014-12-03T10:36:40.982537Z</creationTime>
  </creationInfo>
  <description>
    <text>GREECE</text>
    <type>Flinn-Engdahl region</type>
  </description>
  <origin publicID="quakeml:eu.emsc/event/20020122_0000006/origin/1406671">
    <time>
      <value>2002-01-22T22:02:05.9Z</value>
      <uncertainty>0.13</uncertainty>
    </time>
    <latitude>
      <value>40.5289</value>
      <uncertainty>2.9</uncertainty>
    </latitude>
    <longitude>
      <value>23.5522</value>
      <uncertainty>2.1</uncertainty>
    </longitude>
    <depth>
      <value>10000</value>
    </depth>
    <depthType>from location</depthType>
    <methodID>smi:eu.emsc-csem/origin_method/NA</methodID>
    <quality>
      <usedPhaseCount>21</usedPhaseCount>
      <usedStationCount>12</usedStationCount>
      <standardError>0.6</standardError>
      <azimuthalGap>64</azimuthalGap>
      <minimumDistance>0.17</minimumDistance>
      <maximumDistance>1.63</maximumDistance>
    </quality>
    <evaluationMode>manual</evaluationMode>
    <creationInfo>
      <agencyURI>smi:smi-registry/organization/EMSC</agencyURI>
      <authorURI>smi:smi-registry/organization/EMSC</authorURI>
    </creationInfo>
    <originUncertainty>
      <azimuthMaxHorizontalUncertainty>62</azimuthMaxHorizontalUncertainty>
    </originUncertainty>
  </origin>
  <magnitude publicID="quakeml:eu.emsc/event/20020122_0000006/origin/1406671/mag/2">
    <mag>
      <value>2.9</value>
    </mag>
    <type>MD</type>
    <originID>quakeml:eu.emsc/event/20020122_0000006/origin/1406671</originID>
    <creationInfo>
      <agencyURI>smi:smi-registry/organization/EMSC</agencyURI>
      <authorURI>smi:smi-registry/organization/EMSC</authorURI>
    </creationInfo>
  </magnitude>
</event>
<event publicID="quakeml:eu.emsc/event/20020122_0000004">
  <preferredOriginID>quakeml:eu.emsc/event/20020122_0000004/origin/1406674</preferredOriginID>
  <preferredMagnitudeID>quakeml:eu.emsc/event/20020122_0000004/origin/1406674/mag/2</preferredMagnitudeID>
  <creationInfo>
    <agencyURI>smi:smi-registry/organization/EMSC</agencyURI>
    <authorURI>smi:smi-registry/organization/EMSC</authorURI>
    <creationTime>2014-12-03T11:30:00.756334Z</creationTime>
  </creationInfo>
  <description>
    <text>ALBANIA</text>
    <type>Flinn-Engdahl region</type>
  </description>
  <origin publicID="quakeml:eu.emsc/event/20020122_0000004/origin/1406674">
    <time>
      <value>2002-01-22T20:41:04.4Z</value>
      <uncertainty>0.29</uncertainty>
    </time>
    <latitude>
      <value>40.563</value>
      <uncertainty>9.6</uncertainty>
    </latitude>
    <longitude>
      <value>20.3421</value>
      <uncertainty>5</uncertainty>
    </longitude>
    <depth>
      <value>2000</value>
    </depth>
    <depthType>from location</depthType>
    <methodID>smi:eu.emsc-csem/origin_method/NA</methodID>
    <quality>
      <usedPhaseCount>6</usedPhaseCount>
      <usedStationCount>6</usedStationCount>
      <standardError>0.29</standardError>
      <azimuthalGap>183</azimuthalGap>
      <minimumDistance>0.95</minimumDistance>
      <maximumDistance>2</maximumDistance>
    </quality>
    <evaluationMode>manual</evaluationMode>
    <creationInfo>
      <agencyURI>smi:smi-registry/organization/EMSC</agencyURI>
      <authorURI>smi:smi-registry/organization/EMSC</authorURI>
    </creationInfo>
    <originUncertainty>
      <azimuthMaxHorizontalUncertainty>111</azimuthMaxHorizontalUncertainty>
    </originUncertainty>
  </origin>
  <magnitude publicID="quakeml:eu.emsc/event/20020122_0000004/origin/1406674/mag/2">
    <mag>
      <value>3</value>
    </mag>
    <type>MD</type>
    <originID>quakeml:eu.emsc/event/20020122_0000004/origin/1406674</originID>
    <creationInfo>
      <agencyURI>smi:smi-registry/organization/EMSC</agencyURI>
      <authorURI>smi:smi-registry/organization/EMSC</authorURI>
    </creationInfo>
  </magnitude>
</event>
<event publicID="quakeml:eu.emsc/event/20020122_0000005">
  <preferredOriginID>quakeml:eu.emsc/event/20020122_0000005/origin/1415866</preferredOriginID>
  <preferredMagnitudeID>quakeml:eu.emsc/event/20020122_0000005/origin/1415866/mag/2</preferredMagnitudeID>
  <creationInfo>
    <agencyURI>smi:smi-registry/organization/EMSC</agencyURI>
    <authorURI>smi:smi-registry/organization/EMSC</authorURI>
    <creationTime>2014-12-10T15:02:06.11067Z</creationTime>
  </creationInfo>
  <description>
    <text>WESTERN TURKEY</text>
    <type>Flinn-Engdahl region</type>
  </description>
  <origin publicID="quakeml:eu.emsc/event/20020122_0000005/origin/1415866">
    <time>
      <value>2002-01-22T18:19:12.4Z</value>
    </time>
    <latitude>
      <value>38.408</value>
      <uncertainty>9999.9</uncertainty>
    </latitude>
    <longitude>
      <value>27.476</value>
      <uncertainty>9999.9</uncertainty>
    </longitude>
    <depth>
      <value>6000</value>
    </depth>
    <depthType>from location</depthType>
    <methodID>smi:eu.emsc-csem/origin_method/NA</methodID>
    <quality>
      <usedPhaseCount>6</usedPhaseCount>
      <usedStationCount>6</usedStationCount>
      <standardError>0.92</standardError>
      <azimuthalGap>263</azimuthalGap>
      <minimumDistance>1.49</minimumDistance>
      <maximumDistance>2.47</maximumDistance>
    </quality>
    <evaluationMode>manual</evaluationMode>
    <creationInfo>
      <agencyURI>smi:smi-registry/organization/EMSC</agencyURI>
      <authorURI>smi:smi-registry/organization/EMSC</authorURI>
    </creationInfo>
    <originUncertainty>
      <azimuthMaxHorizontalUncertainty>-99</azimuthMaxHorizontalUncertainty>
    </originUncertainty>
  </origin>
  <magnitude publicID="quakeml:eu.emsc/event/20020122_0000005/origin/1415866/mag/2">
    <mag>
      <value>2.9</value>
    </mag>
    <type>MD</type>
    <originID>quakeml:eu.emsc/event/20020122_0000005/origin/1415866</originID>
    <creationInfo>
      <agencyURI>smi:smi-registry/organization/EMSC</agencyURI>
      <authorURI>smi:smi-registry/organization/EMSC</authorURI>
    </creationInfo>
  </magnitude>
</event>
<event publicID="quakeml:eu.emsc/event/20020122_0000002">
  <preferredOriginID>quakeml:eu.emsc/event/20020122_0000002/origin/1406677</preferredOriginID>
  <preferredMagnitudeID>quakeml:eu.emsc/event/20020122_0000002/origin/1406677/mag/2</preferredMagnitudeID>
  <creationInfo>
    <agencyURI>smi:smi-registry/organization/EMSC</agencyURI>
    <authorURI>smi:smi-registry/organization/EMSC</authorURI>
    <creationTime>2014-12-03T10:42:43.483636Z</creationTime>
  </creationInfo>
  <description>
    <text>NORTHEASTERN IRAN</text>
    <type>Flinn-Engdahl region</type>
  </description>
  <origin publicID="quakeml:eu.emsc/event/20020122_0000002/origin/1406677">
    <time>
      <value>2002-01-22T12:21:24.7Z</value>
      <uncertainty>0.48</uncertainty>
    </time>
    <latitude>
      <value>34.9837</value>
      <uncertainty>21.6</uncertainty>
    </latitude>
    <longitude>
      <value>59.9572</value>
      <uncertainty>17.5</uncertainty>
    </longitude>
    <depth>
      <value>40000</value>
    </depth>
    <depthType>from location</depthType>
    <methodID>smi:eu.emsc-csem/origin_method/NA</methodID>
    <quality>
      <usedPhaseCount>10</usedPhaseCount>
      <usedStationCount>9</usedStationCount>
      <standardError>1.41</standardError>
      <azimuthalGap>78</azimuthalGap>
      <minimumDistance>5.4</minimumDistance>
      <maximumDistance>76.53</maximumDistance>
    </quality>
    <evaluationMode>manual</evaluationMode>
    <creationInfo>
      <agencyURI>smi:smi-registry/organization/EMSC</agencyURI>
      <authorURI>smi:smi-registry/organization/EMSC</authorURI>
    </creationInfo>
    <originUncertainty>
      <azimuthMaxHorizontalUncertainty>97</azimuthMaxHorizontalUncertainty>
    </originUncertainty>
  </origin>
  <magnitude publicID="quakeml:eu.emsc/event/20020122_0000002/origin/1406677/mag/2">
    <mag>
      <value>4.4</value>
    </mag>
    <type>mb</type>
    <originID>quakeml:eu.emsc/event/20020122_0000002/origin/1406677</originID>
    <stationCount>2</stationCount>
    <creationInfo>
      <agencyURI>smi:smi-registry/organization/EMSC</agencyURI>
      <authorURI>smi:smi-registry/organization/EMSC</authorURI>
    </creationInfo>
  </magnitude>
</event>
<event publicID="quakeml:eu.emsc/event/20020122_0000013">
  <preferredOriginID>quakeml:eu.emsc/event/20020122_0000013/origin/1415868</preferredOriginID>
  <preferredMagnitudeID>quakeml:eu.emsc/event/20020122_0000013/origin/1415868/mag/2</preferredMagnitudeID>
  <creationInfo>
    <agencyURI>smi:smi-registry/organization/EMSC</agencyURI>
    <authorURI>smi:smi-registry/organization/EMSC</authorURI>
    <creationTime>2014-12-10T18:33:24.711431Z</creationTime>
  </creationInfo>
  <description>
    <text>GERMANY</text>
    <type>Flinn-Engdahl region</type>
  </description>
  <origin publicID="quakeml:eu.emsc/event/20020122_0000013/origin/1415868">
    <time>
      <value>2002-01-22T10:01:13.2Z</value>
    </time>
    <latitude>
      <value>51.61</value>
      <uncertainty>9999.9</uncertainty>
    </latitude>
    <longitude>
      <value>7.61</value>
      <uncertainty>9999.9</uncertainty>
    </longitude>
    <depth>
      <value>1000</value>
    </depth>
    <depthType>from location</depthType>
    <methodID>smi:eu.emsc-csem/origin_method/NA</methodID>
    <quality>
      <usedPhaseCount>7</usedPhaseCount>
      <usedStationCount>5</usedStationCount>
      <standardError>0.77</standardError>
      <azimuthalGap>134</azimuthalGap>
      <minimumDistance>0.27</minimumDistance>
      <maximumDistance>3.32</maximumDistance>
    </quality>
    <evaluationMode>manual</evaluationMode>
    <creationInfo>
      <agencyURI>smi:smi-registry/organization/EMSC</agencyURI>
      <authorURI>smi:smi-registry/organization/EMSC</authorURI>
    </creationInfo>
    <originUncertainty>
      <azimuthMaxHorizontalUncertainty>-99</azimuthMaxHorizontalUncertainty>
    </originUncertainty>
  </origin>
  <magnitude publicID="quakeml:eu.emsc/event/20020122_0000013/origin/1415868/mag/2">
    <mag>
      <value>2.2</value>
    </mag>
    <type>ML</type>
    <originID>quakeml:eu.emsc/event/20020122_0000013/origin/1415868</originID>
    <creationInfo>
      <agencyURI>smi:smi-registry/organization/EMSC</agencyURI>
      <authorURI>smi:smi-registry/organization/EMSC</authorURI>
    </creationInfo>
  </magnitude>
</event>
<event publicID="quakeml:eu.emsc/event/20020122_0000015">
  <preferredOriginID>quakeml:eu.emsc/event/20020122_0000015/origin/1415870</preferredOriginID>
  <preferredMagnitudeID>quakeml:eu.emsc/event/20020122_0000015/origin/1415870/mag/2</preferredMagnitudeID>
  <creationInfo>
    <agencyURI>smi:smi-registry/organization/EMSC</agencyURI>
    <authorURI>smi:smi-registry/organization/EMSC</authorURI>
    <creationTime>2014-12-10T18:33:24.232811Z</creationTime>
  </creationInfo>
  <description>
    <text>GERMANY</text>
    <type>Flinn-Engdahl region</type>
  </description>
  <origin publicID="quakeml:eu.emsc/event/20020122_0000015/origin/1415870">
    <time>
      <value>2002-01-22T08:22:14.1Z</value>
    </time>
    <latitude>
      <value>48.41</value>
      <uncertainty>9999.9</uncertainty>
    </latitude>
    <longitude>
      <value>9.79</value>
      <uncertainty>9999.9</uncertainty>
    </longitude>
    <depth>
      <value>5000</value>
    </depth>
    <depthType>from location</depthType>
    <methodID>smi:eu.emsc-csem/origin_method/NA</methodID>
    <quality>
      <usedPhaseCount>10</usedPhaseCount>
      <usedStationCount>7</usedStationCount>
      <standardError>1.09</standardError>
      <azimuthalGap>162</azimuthalGap>
      <minimumDistance>0.98</minimumDistance>
      <maximumDistance>2.63</maximumDistance>
    </quality>
    <evaluationMode>manual</evaluationMode>
    <creationInfo>
      <agencyURI>smi:smi-registry/organization/EMSC</agencyURI>
      <authorURI>smi:smi-registry/organization/EMSC</authorURI>
    </creationInfo>
    <originUncertainty>
      <azimuthMaxHorizontalUncertainty>-99</azimuthMaxHorizontalUncertainty>
    </originUncertainty>
  </origin>
  <magnitude publicID="quakeml:eu.emsc/event/20020122_0000015/origin/1415870/mag/2">
    <mag>
      <value>2.4</value>
    </mag>
    <type>ML</type>
    <originID>quakeml:eu.emsc/event/20020122_0000015/origin/1415870</originID>
    <creationInfo>
      <agencyURI>smi:smi-registry/organization/EMSC</agencyURI>
      <authorURI>smi:smi-registry/organization/EMSC</authorURI>
    </creationInfo>
  </magnitude>
</event>
<event publicID="quakeml:eu.emsc/event/20020122_0000009">
  <preferredOriginID>quakeml:eu.emsc/event/20020122_0000009/origin/1415872</preferredOriginID>
  <preferredMagnitudeID>quakeml:eu.emsc/event/20020122_0000009/origin/1415872/mag/2</preferredMagnitudeID>
  <creationInfo>
    <agencyURI>smi:smi-registry/organization/EMSC</agencyURI>
    <authorURI>smi:smi-registry/organization/EMSC</authorURI>
    <creationTime>2014-12-10T18:33:23.732513Z</creationTime>
  </creationInfo>
  <description>
    <text>NORTHERN ITALY</text>
    <type>Flinn-Engdahl region</type>
  </description>
  <origin publicID="quakeml:eu.emsc/event/20020122_0000009/origin/1415872">
    <time>
      <value>2002-01-22T07:14:09.3Z</value>
    </time>
    <latitude>
      <value>44.216</value>
      <uncertainty>9999.9</uncertainty>
    </latitude>
    <longitude>
      <value>8.2445</value>
      <uncertainty>9999.9</uncertainty>
    </longitude>
    <depth>
      <value>8800.0</value>
    </depth>
    <depthType>from location</depthType>
    <methodID>smi:eu.emsc-csem/origin_method/NA</methodID>
    <quality>
      <usedPhaseCount>24</usedPhaseCount>
      <usedStationCount>13</usedStationCount>
      <standardError>7.98</standardError>
      <azimuthalGap>186</azimuthalGap>
      <minimumDistance>0.03</minimumDistance>
      <maximumDistance>0.91</maximumDistance>
    </quality>
    <evaluationMode>manual</evaluationMode>
    <creationInfo>
      <agencyURI>smi:smi-registry/organization/EMSC</agencyURI>
      <authorURI>smi:smi-registry/organization/EMSC</authorURI>
    </creationInfo>
    <originUncertainty>
      <azimuthMaxHorizontalUncertainty>-99</azimuthMaxHorizontalUncertainty>
    </originUncertainty>
  </origin>
  <magnitude publicID="quakeml:eu.emsc/event/20020122_0000009/origin/1415872/mag/2">
    <mag>
      <value>2.2</value>
    </mag>
    <type>ML</type>
    <originID>quakeml:eu.emsc/event/20020122_0000009/origin/1415872</originID>
    <creationInfo>
      <agencyURI>smi:smi-registry/organization/EMSC</agencyURI>
      <authorURI>smi:smi-registry/organization/EMSC</authorURI>
    </creationInfo>
  </magnitude>
</event>
<event publicID="quakeml:eu.emsc/event/20020122_0000011">
  <preferredOriginID>quakeml:eu.emsc/event/20020122_0000011/origin/1415874</preferredOriginID>
  <preferredMagnitudeID>quakeml:eu.emsc/event/20020122_0000011/origin/1415874/mag/2</preferredMagnitudeID>
  <creationInfo>
    <agencyURI>smi:smi-registry/organization/EMSC</agencyURI>
    <authorURI>smi:smi-registry/organization/EMSC</authorURI>
    <creationTime>2014-12-10T18:33:23.206965Z</creationTime>
  </creationInfo>
  <description>
    <text>NORTHERN ITALY</text>
    <type>Flinn-Engdahl region</type>
  </description>
  <origin publicID="quakeml:eu.emsc/event/20020122_0000011/origin/1415874">
    <time>
      <value>2002-01-22T07:09:50.0Z</value>
    </time>
    <latitude>
      <value>44.2222</value>
      <uncertainty>9999.9</uncertainty>
    </latitude>
    <longitude>
      <value>8.2365</value>
      <uncertainty>9999.9</uncertainty>
    </longitude>
    <depth>
      <value>10600.0</value>
    </depth>
    <depthType>from location</depthType>
    <methodID>smi:eu.emsc-csem/origin_method/NA</methodID>
    <quality>
      <usedPhaseCount>15</usedPhaseCount>
      <usedStationCount>10</usedStationCount>
      <standardError>8.89</standardError>
      <azimuthalGap>184</azimuthalGap>
      <minimumDistance>0.02</minimumDistance>
      <maximumDistance>0.86</maximumDistance>
    </quality>
    <evaluationMode>manual</evaluationMode>
    <creationInfo>
      <agencyURI>smi:smi-registry/organization/EMSC</agencyURI>
      <authorURI>smi:smi-registry/organization/EMSC</authorURI>
    </creationInfo>
    <originUncertainty>
      <azimuthMaxHorizontalUncertainty>-99</azimuthMaxHorizontalUncertainty>
    </originUncertainty>
  </origin>
  <magnitude publicID="quakeml:eu.emsc/event/20020122_0000011/origin/1415874/mag/2">
    <mag>
      <value>2</value>
    </mag>
    <type>ML</type>
    <originID>quakeml:eu.emsc/event/20020122_0000011/origin/1415874</originID>
    <creationInfo>
      <agencyURI>smi:smi-registry/organization/EMSC</agencyURI>
      <authorURI>smi:smi-registry/organization/EMSC</authorURI>
    </creationInfo>
  </magnitude>
</event>
<event publicID="quakeml:eu.emsc/event/20020122_0000012">
  <preferredOriginID>quakeml:eu.emsc/event/20020122_0000012/origin/1415876</preferredOriginID>
  <preferredMagnitudeID>quakeml:eu.emsc/event/20020122_0000012/origin/1415876/mag/2</preferredMagnitudeID>
  <creationInfo>
    <agencyURI>smi:smi-registry/organization/EMSC</agencyURI>
    <authorURI>smi:smi-registry/organization/EMSC</authorURI>
    <creationTime>2014-12-10T18:33:22.709056Z</creationTime>
  </creationInfo>
  <description>
    <text>NORTHERN ITALY</text>
    <type>Flinn-Engdahl region</type>
  </description>
  <origin publicID="quakeml:eu.emsc/event/20020122_0000012/origin/1415876">
    <time>
      <value>2002-01-22T07:02:28.2Z</value>
    </time>
    <latitude>
      <value>44.2277</value>
      <uncertainty>9999.9</uncertainty>
    </latitude>
    <longitude>
      <value>8.2425</value>
      <uncertainty>9999.9</uncertainty>
    </longitude>
    <depth>
      <value>9600.0</value>
    </depth>
    <depthType>from location</depthType>
    <methodID>smi:eu.emsc-csem/origin_method/NA</methodID>
    <quality>
      <usedPhaseCount>17</usedPhaseCount>
      <usedStationCount>9</usedStationCount>
      <standardError>5.25</standardError>
      <azimuthalGap>184</azimuthalGap>
      <minimumDistance>0.03</minimumDistance>
      <maximumDistance>0.86</maximumDistance>
    </quality>
    <evaluationMode>manual</evaluationMode>
    <creationInfo>
      <agencyURI>smi:smi-registry/organization/EMSC</agencyURI>
      <authorURI>smi:smi-registry/organization/EMSC</authorURI>
    </creationInfo>
    <originUncertainty>
      <azimuthMaxHorizontalUncertainty>-99</azimuthMaxHorizontalUncertainty>
    </originUncertainty>
  </origin>
  <magnitude publicID="quakeml:eu.emsc/event/20020122_0000012/origin/1415876/mag/2">
    <mag>
      <value>1.9</value>
    </mag>
    <type>ML</type>
    <originID>quakeml:eu.emsc/event/20020122_0000012/origin/1415876</originID>
    <creationInfo>
      <agencyURI>smi:smi-registry/organization/EMSC</agencyURI>
      <authorURI>smi:smi-registry/organization/EMSC</authorURI>
    </creationInfo>
  </magnitude>
</event>
<event publicID="quakeml:eu.emsc/event/20020122_0000001">
  <preferredOriginID>quakeml:eu.emsc/event/20020122_0000001/origin/1410378</preferredOriginID>
  <preferredMagnitudeID>quakeml:eu.emsc/event/20020122_0000001/origin/1410378/mag/3</preferredMagnitudeID>
  <creationInfo>
    <agencyURI>smi:smi-registry/organization/EMSC</agencyURI>
    <authorURI>smi:smi-registry/organization/EMSC</authorURI>
    <creationTime>2014-12-03T11:48:48.169445Z</creationTime>
  </creationInfo>
  <description>
    <text>CRETE, GREECE</text>
    <type>Flinn-Engdahl region</type>
  </description>
  <origin publicID="quakeml:eu.emsc/event/20020122_0000001/origin/1410378">
    <time>
      <value>2002-01-22T04:53:52.6Z</value>
      <uncertainty>0.08</uncertainty>
    </time>
    <latitude>
      <value>35.4984</value>
      <uncertainty>3.3</uncertainty>
    </latitude>
    <longitude>
      <value>26.7399</value>
      <uncertainty>2.1</uncertainty>
    </longitude>
    <depth>
      <value>100000</value>
    </depth>
    <depthType>from location</depthType>
    <methodID>smi:eu.emsc-csem/origin_method/NA</methodID>
    <quality>
      <usedPhaseCount>457</usedPhaseCount>
      <usedStationCount>432</usedStationCount>
      <standardError>1.17</standardError>
      <azimuthalGap>34</azimuthalGap>
      <minimumDistance>0.36</minimumDistance>
      <maximumDistance>79.94</maximumDistance>
    </quality>
    <evaluationMode>manual</evaluationMode>
    <creationInfo>
      <agencyURI>smi:smi-registry/organization/EMSC</agencyURI>
      <authorURI>smi:smi-registry/organization/EMSC</authorURI>
    </creationInfo>
    <originUncertainty>
      <azimuthMaxHorizontalUncertainty>33</azimuthMaxHorizontalUncertainty>
    </originUncertainty>
  </origin>
  <magnitude publicID="quakeml:eu.emsc/event/20020122_0000001/origin/1410378/mag/3">
    <mag>
      <value>6.1</value>
      <uncertainty>0.4</uncertainty>
    </mag>
    <type>mb</type>
    <originID>quakeml:eu.emsc/event/20020122_0000001/origin/1410378</originID>
    <stationCount>66</stationCount>
    <creationInfo>
      <agencyURI>smi:smi-registry/organization/EMSC</agencyURI>
      <authorURI>smi:smi-registry/organization/EMSC</authorURI>
    </creationInfo>
  </magnitude>
</event>
<event publicID="quakeml:eu.emsc/event/20020122_0000014">
  <preferredOriginID>quakeml:eu.emsc/event/20020122_0000014/origin/1434591</preferredOriginID>
  <preferredMagnitudeID>quakeml:eu.emsc/event/20020122_0000014/origin/1434591/mag/2</preferredMagnitudeID>
  <creationInfo>
    <agencyURI>smi:smi-registry/organization/EMSC</agencyURI>
    <authorURI>smi:smi-registry/organization/EMSC</authorURI>
    <creationTime>2014-12-03T16:21:20.752477Z</creationTime>
  </creationInfo>
  <description>
    <text>NORTHERN ITALY</text>
    <type>Flinn-Engdahl region</type>
  </description>
  <origin publicID="quakeml:eu.emsc/event/20020122_0000014/origin/1434591">
    <time>
      <value>2002-01-22T01:22:19.2Z</value>
      <uncertainty>0.07</uncertainty>
    </time>
    <latitude>
      <value>44.5405</value>
      <uncertainty>1.9</uncertainty>
    </latitude>
    <longitude>
      <value>7.2124</value>
      <uncertainty>1.1</uncertainty>
    </longitude>
    <depth>
      <value>5000</value>
    </depth>
    <depthType>from location</depthType>
    <methodID>smi:eu.emsc-csem/origin_method/NA</methodID>
    <quality>
      <usedPhaseCount>40</usedPhaseCount>
      <usedStationCount>23</usedStationCount>
      <standardError>0.54</standardError>
      <azimuthalGap>76</azimuthalGap>
      <minimumDistance>0.09</minimumDistance>
      <maximumDistance>1.31</maximumDistance>
    </quality>
    <evaluationMode>manual</evaluationMode>
    <creationInfo>
      <agencyURI>smi:smi-registry/organization/EMSC</agencyURI>
      <authorURI>smi:smi-registry/organization/EMSC</authorURI>
    </creationInfo>
    <originUncertainty>
      <azimuthMaxHorizontalUncertainty>63</azimuthMaxHorizontalUncertainty>
    </originUncertainty>
  </origin>
  <magnitude publicID="quakeml:eu.emsc/event/20020122_0000014/origin/1434591/mag/2">
    <mag>
      <value>2.3</value>
    </mag>
    <type>ML</type>
    <originID>quakeml:eu.emsc/event/20020122_0000014/origin/1434591</originID>
    <creationInfo>
      <agencyURI>smi:smi-registry/organization/EMSC</agencyURI>
      <authorURI>smi:smi-registry/organization/EMSC</authorURI>
    </creationInfo>
  </magnitude>
</event>
</eventParameters>
</q:quakeml>
