<?xml version="1.0"?>
<q:quakeml xmlns:q="http://quakeml.org/xmlns/quakeml/1.2"  xmlns="http://quakeml.org/xmlns/bed/1.2">
<eventParameters publicID="smi:eu.emsc/unid">
<event publicID="quakeml:eu.emsc/event/20021224_0000017">
  <preferredOriginID>quakeml:eu.emsc/event/20021224_0000017/origin/1396072</preferredOriginID>
  <preferredMagnitudeID>quakeml:eu.emsc/event/20021224_0000017/origin/1396072/mag/1</preferredMagnitudeID>
  <creationInfo>
    <agencyURI>smi:smi-registry/organization/EMSC</agencyURI>
    <authorURI>smi:smi-registry/organization/EMSC</authorURI>
    <creationTime>2014-12-03T15:27:34.23353Z</creationTime>
  </creationInfo>
  <description>
    <text>PYRENEES</text>
    <type>Flinn-Engdahl region</type>
  </description>
  <origin publicID="quakeml:eu.emsc/event/20021224_0000017/origin/1396072">
    <time>
      <value>2002-12-24T23:11:11.1Z</value>
      <uncertainty>0.1</uncertainty>
    </time>
    <latitude>
      <value>43.0441</value>
      <uncertainty>2.1</uncertainty>
    </latitude>
    <longitude>
      <value>-0.6204</value>
      <uncertainty>1.6</uncertainty>
    </longitude>
    <depth>
      <value>5000</value>
    </depth>
    <depthType>from location</depthType>
    <methodID>smi:eu.emsc-csem/origin_method/NA</methodID>
    <quality>
      <usedPhaseCount>43</usedPhaseCount>
      <usedStationCount>24</usedStationCount>
      <standardError>0.71</standardError>
      <azimuthalGap>62</azimuthalGap>
      <minimumDistance>0.07</minimumDistance>
      <maximumDistance>4.29</maximumDistance>
    </quality>
    <evaluationMode>manual</evaluationMode>
    <creationInfo>
      <agencyURI>smi:smi-registry/organization/EMSC</agencyURI>
      <authorURI>smi:smi-registry/organization/EMSC</authorURI>
    </creationInfo>
    <originUncertainty>
      <azimuthMaxHorizontalUncertainty>10</azimuthMaxHorizontalUncertainty>
    </originUncertainty>
  </origin>
  <magnitude publicID="quakeml:eu.emsc/event/20021224_0000017/origin/1396072/mag/1">
    <mag>
      <value>2.4</value>
      <uncertainty>0.4</uncertainty>
    </mag>
    <type>ML</type>
    <originID>quakeml:eu.emsc/event/20021224_0000017/origin/1396072</originID>
    <stationCount>14</stationCount>
    <creationInfo>
      <agencyURI>smi:smi-registry/organization/EMSC</agencyURI>
      <authorURI>smi:smi-registry/organization/EMSC</authorURI>
    </creationInfo>
  </magnitude>
</event>
<event publicID="quakeml:eu.emsc/event/20021224_0000015">
  <preferredOriginID>quakeml:eu.emsc/event/20021224_0000015/origin/1396675</preferredOriginID>
  <preferredMagnitudeID>quakeml:eu.emsc/event/20021224_0000015/origin/1396675/mag/1</preferredMagnitudeID>
  <creationInfo>
    <agencyURI>smi:smi-registry/organization/EMSC</agencyURI>
    <authorURI>smi:smi-registry/organization/EMSC</authorURI>
    <creationTime>2014-12-03T11:27:30.395375Z</creationTime>
  </creationInfo>
  <description>
    <text>WESTERN IRAN</text>
    <type>Flinn-Engdahl region</type>
  </description>
  <origin publicID="quakeml:eu.emsc/event/20021224_0000015/origin/1396675">
    <time>
      <value>2002-12-24T22:17:18.8Z</value>
      <uncertainty>0.18</uncertainty>
    </time>
    <latitude>
      <value>34.5668</value>
      <uncertainty>8.6</uncertainty>
    </latitude>
    <longitude>
      <value>47.3912</value>
      <uncertainty>5.3</uncertainty>
    </longitude>
    <depth>
      <value>60000</value>
    </depth>
    <depthType>from location</depthType>
    <methodID>smi:eu.emsc-csem/origin_method/NA</methodID>
    <quality>
      <usedPhaseCount>88</usedPhaseCount>
      <usedStationCount>88</usedStationCount>
      <standardError>0.92</standardError>
      <azimuthalGap>79</azimuthalGap>
      <minimumDistance>10.11</minimumDistance>
      <maximumDistance>82.2</maximumDistance>
    </quality>
    <evaluationMode>manual</evaluationMode>
    <creationInfo>
      <agencyURI>smi:smi-registry/organization/EMSC</agencyURI>
      <authorURI>smi:smi-registry/organization/EMSC</authorURI>
    </creationInfo>
  </origin>
  <magnitude publicID="quakeml:eu.emsc/event/20021224_0000015/origin/1396675/mag/1">
    <mag>
      <value>4.6</value>
      <uncertainty>0.3</uncertainty>
    </mag>
    <type>mb</type>
    <originID>quakeml:eu.emsc/event/20021224_0000015/origin/1396675</originID>
    <stationCount>42</stationCount>
    <creationInfo>
      <agencyURI>smi:smi-registry/organization/EMSC</agencyURI>
      <authorURI>smi:smi-registry/organization/EMSC</authorURI>
    </creationInfo>
  </magnitude>
</event>
<event publicID="quakeml:eu.emsc/event/20021224_0000014">
  <preferredOriginID>quakeml:eu.emsc/event/20021224_0000014/origin/1396678</preferredOriginID>
  <preferredMagnitudeID>quakeml:eu.emsc/event/20021224_0000014/origin/1396678/mag/2</preferredMagnitudeID>
  <creationInfo>
    <agencyURI>smi:smi-registry/organization/EMSC</agencyURI>
    <authorURI>smi:smi-registry/organization/EMSC</authorURI>
    <creationTime>2014-12-03T11:43:14.24606Z</creationTime>
  </creationInfo>
  <description>
    <text>GREECE</text>
    <type>Flinn-Engdahl region</type>
  </description>
  <origin publicID="quakeml:eu.emsc/event/20021224_0000014/origin/1396678">
    <time>
      <value>2002-12-24T20:31:12.4Z</value>
      <uncertainty>0.29</uncertainty>
    </time>
    <latitude>
      <value>38.2769</value>
      <uncertainty>8.4</uncertainty>
    </latitude>
    <longitude>
      <value>22.1912</value>
      <uncertainty>5.9</uncertainty>
    </longitude>
    <depth>
      <value>10000</value>
    </depth>
    <depthType>from location</depthType>
    <methodID>smi:eu.emsc-csem/origin_method/NA</methodID>
    <quality>
      <usedPhaseCount>10</usedPhaseCount>
      <usedStationCount>7</usedStationCount>
      <standardError>1.04</standardError>
      <azimuthalGap>99</azimuthalGap>
      <minimumDistance>0.61</minimumDistance>
      <maximumDistance>1.67</maximumDistance>
    </quality>
    <evaluationMode>manual</evaluationMode>
    <creationInfo>
      <agencyURI>smi:smi-registry/organization/EMSC</agencyURI>
      <authorURI>smi:smi-registry/organization/EMSC</authorURI>
    </creationInfo>
    <originUncertainty>
      <azimuthMaxHorizontalUncertainty>104</azimuthMaxHorizontalUncertainty>
    </originUncertainty>
  </origin>
  <magnitude publicID="quakeml:eu.emsc/event/20021224_0000014/origin/1396678/mag/2">
    <mag>
      <value>3</value>
    </mag>
    <type>MD</type>
    <originID>quakeml:eu.emsc/event/20021224_0000014/origin/1396678</originID>
    <creationInfo>
      <agencyURI>smi:smi-registry/organization/EMSC</agencyURI>
      <authorURI>smi:smi-registry/organization/EMSC</authorURI>
    </creationInfo>
  </magnitude>
</event>
<event publicID="quakeml:eu.emsc/event/20021224_0000020">
  <preferredOriginID>quakeml:eu.emsc/event/20021224_0000020/origin/1396076</preferredOriginID>
  <preferredMagnitudeID>quakeml:eu.emsc/event/20021224_0000020/origin/1396076/mag/1</preferredMagnitudeID>
  <creationInfo>
    <agencyURI>smi:smi-registry/organization/EMSC</agencyURI>
    <authorURI>smi:smi-registry/organization/EMSC</authorURI>
    <creationTime>2014-12-03T16:51:46.736966Z</creationTime>
  </creationInfo>
  <description>
    <text>NORTHERN ITALY</text>
    <type>Flinn-Engdahl region</type>
  </description>
  <origin publicID="quakeml:eu.emsc/event/20021224_0000020/origin/1396076">
    <time>
      <value>2002-12-24T20:10:49.5Z</value>
      <uncertainty>0.14</uncertainty>
    </time>
    <latitude>
      <value>45.9304</value>
      <uncertainty>2.7</uncertainty>
    </latitude>
    <longitude>
      <value>7.9055</value>
      <uncertainty>2.1</uncertainty>
    </longitude>
    <depth>
      <value>10000</value>
    </depth>
    <depthType>from location</depthType>
    <methodID>smi:eu.emsc-csem/origin_method/NA</methodID>
    <quality>
      <usedPhaseCount>55</usedPhaseCount>
      <usedStationCount>27</usedStationCount>
      <standardError>0.88</standardError>
      <azimuthalGap>74</azimuthalGap>
      <minimumDistance>0.06</minimumDistance>
      <maximumDistance>4.23</maximumDistance>
    </quality>
    <evaluationMode>manual</evaluationMode>
    <creationInfo>
      <agencyURI>smi:smi-registry/organization/EMSC</agencyURI>
      <authorURI>smi:smi-registry/organization/EMSC</authorURI>
    </creationInfo>
    <originUncertainty>
      <azimuthMaxHorizontalUncertainty>98</azimuthMaxHorizontalUncertainty>
    </originUncertainty>
  </origin>
  <magnitude publicID="quakeml:eu.emsc/event/20021224_0000020/origin/1396076/mag/1">
    <mag>
      <value>2.6</value>
      <uncertainty>0.2</uncertainty>
    </mag>
    <type>ML</type>
    <originID>quakeml:eu.emsc/event/20021224_0000020/origin/1396076</originID>
    <stationCount>14</stationCount>
    <creationInfo>
      <agencyURI>smi:smi-registry/organization/EMSC</agencyURI>
      <authorURI>smi:smi-registry/organization/EMSC</authorURI>
    </creationInfo>
  </magnitude>
</event>
<event publicID="quakeml:eu.emsc/event/20021224_0000013">
  <preferredOriginID>quakeml:eu.emsc/event/20021224_0000013/origin/1396681</preferredOriginID>
  <preferredMagnitudeID>quakeml:eu.emsc/event/20021224_0000013/origin/1396681/mag/2</preferredMagnitudeID>
  <creationInfo>
    <agencyURI>smi:smi-registry/organization/EMSC</agencyURI>
    <authorURI>smi:smi-registry/organization/EMSC</authorURI>
    <creationTime>2014-12-03T10:48:16.938788Z</creationTime>
  </creationInfo>
  <description>
    <text>AEGEAN SEA</text>
    <type>Flinn-Engdahl region</type>
  </description>
  <origin publicID="quakeml:eu.emsc/event/20021224_0000013/origin/1396681">
    <time>
      <value>2002-12-24T19:46:20.6Z</value>
      <uncertainty>0.21</uncertainty>
    </time>
    <latitude>
      <value>39.1378</value>
      <uncertainty>5.7</uncertainty>
    </latitude>
    <longitude>
      <value>24.528</value>
      <uncertainty>4.8</uncertainty>
    </longitude>
    <depth>
      <value>10000</value>
    </depth>
    <depthType>from location</depthType>
    <methodID>smi:eu.emsc-csem/origin_method/NA</methodID>
    <quality>
      <usedPhaseCount>25</usedPhaseCount>
      <usedStationCount>20</usedStationCount>
      <standardError>0.83</standardError>
      <azimuthalGap>51</azimuthalGap>
      <minimumDistance>0.5</minimumDistance>
      <maximumDistance>2.83</maximumDistance>
    </quality>
    <evaluationMode>manual</evaluationMode>
    <creationInfo>
      <agencyURI>smi:smi-registry/organization/EMSC</agencyURI>
      <authorURI>smi:smi-registry/organization/EMSC</authorURI>
    </creationInfo>
    <originUncertainty>
      <azimuthMaxHorizontalUncertainty>142</azimuthMaxHorizontalUncertainty>
    </originUncertainty>
  </origin>
  <magnitude publicID="quakeml:eu.emsc/event/20021224_0000013/origin/1396681/mag/2">
    <mag>
      <value>3.3</value>
    </mag>
    <type>ML</type>
    <originID>quakeml:eu.emsc/event/20021224_0000013/origin/1396681</originID>
    <creationInfo>
      <agencyURI>smi:smi-registry/organization/EMSC</agencyURI>
      <authorURI>smi:smi-registry/organization/EMSC</authorURI>
    </creationInfo>
  </magnitude>
</event>
<event publicID="quakeml:eu.emsc/event/20021224_0000012">
  <preferredOriginID>quakeml:eu.emsc/event/20021224_0000012/origin/1396684</preferredOriginID>
  <preferredMagnitudeID>quakeml:eu.emsc/event/20021224_0000012/origin/1396684/mag/1</preferredMagnitudeID>
  <creationInfo>
    <agencyURI>smi:smi-registry/organization/EMSC</agencyURI>
    <authorURI>smi:smi-registry/organization/EMSC</authorURI>
    <creationTime>2014-12-03T11:57:33.810007Z</creationTime>
  </creationInfo>
  <description>
    <text>WESTERN TURKEY</text>
    <type>Flinn-Engdahl region</type>
  </description>
  <origin publicID="quakeml:eu.emsc/event/20021224_0000012/origin/1396684">
    <time>
      <value>2002-12-24T18:54:38.5Z</value>
      <uncertainty>0.16</uncertainty>
    </time>
    <latitude>
      <value>37.8554</value>
      <uncertainty>4.8</uncertainty>
    </latitude>
    <longitude>
      <value>29.7853</value>
      <uncertainty>3.9</uncertainty>
    </longitude>
    <depth>
      <value>10000</value>
    </depth>
    <depthType>from location</depthType>
    <methodID>smi:eu.emsc-csem/origin_method/NA</methodID>
    <quality>
      <usedPhaseCount>40</usedPhaseCount>
      <usedStationCount>38</usedStationCount>
      <standardError>0.85</standardError>
      <azimuthalGap>41</azimuthalGap>
      <minimumDistance>0.51</minimumDistance>
      <maximumDistance>91.65</maximumDistance>
    </quality>
    <evaluationMode>manual</evaluationMode>
    <creationInfo>
      <agencyURI>smi:smi-registry/organization/EMSC</agencyURI>
      <authorURI>smi:smi-registry/organization/EMSC</authorURI>
    </creationInfo>
    <originUncertainty>
      <azimuthMaxHorizontalUncertainty>43</azimuthMaxHorizontalUncertainty>
    </originUncertainty>
  </origin>
  <magnitude publicID="quakeml:eu.emsc/event/20021224_0000012/origin/1396684/mag/1">
    <mag>
      <value>3.7</value>
      <uncertainty>0.3</uncertainty>
    </mag>
    <type>mb</type>
    <originID>quakeml:eu.emsc/event/20021224_0000012/origin/1396684</originID>
    <stationCount>4</stationCount>
    <creationInfo>
      <agencyURI>smi:smi-registry/organization/EMSC</agencyURI>
      <authorURI>smi:smi-registry/organization/EMSC</authorURI>
    </creationInfo>
  </magnitude>
</event>
<event publicID="quakeml:eu.emsc/event/20021224_0000011">
  <preferredOriginID>quakeml:eu.emsc/event/20021224_0000011/origin/1403024</preferredOriginID>
  <preferredMagnitudeID>quakeml:eu.emsc/event/20021224_0000011/origin/1403024/mag/2</preferredMagnitudeID>
  <creationInfo>
    <agencyURI>smi:smi-registry/organization/EMSC</agencyURI>
    <authorURI>smi:smi-registry/organization/EMSC</authorURI>
    <creationTime>2014-12-03T10:27:51.648756Z</creationTime>
  </creationInfo>
  <description>
    <text>WESTERN IRAN</text>
    <type>Flinn-Engdahl region</type>
  </description>
  <origin publicID="quakeml:eu.emsc/event/20021224_0000011/origin/1403024">
    <time>
      <value>2002-12-24T17:03:04.1Z</value>
      <uncertainty>0.13</uncertainty>
    </time>
    <latitude>
      <value>34.645</value>
      <uncertainty>5.5</uncertainty>
    </latitude>
    <longitude>
      <value>47.5121</value>
      <uncertainty>3.7</uncertainty>
    </longitude>
    <depth>
      <value>28200.0</value>
    </depth>
    <depthType>from location</depthType>
    <methodID>smi:eu.emsc-csem/origin_method/NA</methodID>
    <quality>
      <usedPhaseCount>290</usedPhaseCount>
      <usedStationCount>284</usedStationCount>
      <standardError>0.97</standardError>
      <azimuthalGap>58</azimuthalGap>
      <minimumDistance>6.01</minimumDistance>
      <maximumDistance>87.25</maximumDistance>
    </quality>
    <evaluationMode>manual</evaluationMode>
    <creationInfo>
      <agencyURI>smi:smi-registry/organization/EMSC</agencyURI>
      <authorURI>smi:smi-registry/organization/EMSC</authorURI>
    </creationInfo>
    <originUncertainty>
      <azimuthMaxHorizontalUncertainty>171</azimuthMaxHorizontalUncertainty>
    </originUncertainty>
  </origin>
  <magnitude publicID="quakeml:eu.emsc/event/20021224_0000011/origin/1403024/mag/2">
    <mag>
      <value>5.1</value>
      <uncertainty>0.4</uncertainty>
    </mag>
    <type>mb</type>
    <originID>quakeml:eu.emsc/event/20021224_0000011/origin/1403024</originID>
    <stationCount>89</stationCount>
    <creationInfo>
      <agencyURI>smi:smi-registry/organization/EMSC</agencyURI>
      <authorURI>smi:smi-registry/organization/EMSC</authorURI>
    </creationInfo>
  </magnitude>
</event>
<event publicID="quakeml:eu.emsc/event/20021224_0000010">
  <preferredOriginID>quakeml:eu.emsc/event/20021224_0000010/origin/1410516</preferredOriginID>
  <preferredMagnitudeID>quakeml:eu.emsc/event/20021224_0000010/origin/1410516/mag/2</preferredMagnitudeID>
  <creationInfo>
    <agencyURI>smi:smi-registry/organization/EMSC</agencyURI>
    <authorURI>smi:smi-registry/organization/EMSC</authorURI>
    <creationTime>2014-12-10T18:03:22.431292Z</creationTime>
  </creationInfo>
  <description>
    <text>WESTERN TURKEY</text>
    <type>Flinn-Engdahl region</type>
  </description>
  <origin publicID="quakeml:eu.emsc/event/20021224_0000010/origin/1410516">
    <time>
      <value>2002-12-24T14:28:48.3Z</value>
    </time>
    <latitude>
      <value>40.656</value>
      <uncertainty>9999.9</uncertainty>
    </latitude>
    <longitude>
      <value>30.632</value>
      <uncertainty>9999.9</uncertainty>
    </longitude>
    <depth>
      <value>10000</value>
    </depth>
    <depthType>from location</depthType>
    <methodID>smi:eu.emsc-csem/origin_method/NA</methodID>
    <quality>
      <usedPhaseCount>16</usedPhaseCount>
      <usedStationCount>14</usedStationCount>
      <standardError>1.29</standardError>
      <azimuthalGap>183</azimuthalGap>
      <minimumDistance>0.4</minimumDistance>
      <maximumDistance>2.55</maximumDistance>
    </quality>
    <evaluationMode>manual</evaluationMode>
    <creationInfo>
      <agencyURI>smi:smi-registry/organization/EMSC</agencyURI>
      <authorURI>smi:smi-registry/organization/EMSC</authorURI>
    </creationInfo>
    <originUncertainty>
      <azimuthMaxHorizontalUncertainty>-99</azimuthMaxHorizontalUncertainty>
    </originUncertainty>
  </origin>
  <magnitude publicID="quakeml:eu.emsc/event/20021224_0000010/origin/1410516/mag/2">
    <mag>
      <value>3</value>
    </mag>
    <type>MD</type>
    <originID>quakeml:eu.emsc/event/20021224_0000010/origin/1410516</originID>
    <creationInfo>
      <agencyURI>smi:smi-registry/organization/EMSC</agencyURI>
      <authorURI>smi:smi-registry/organization/EMSC</authorURI>
    </creationInfo>
  </magnitude>
</event>
<event publicID="quakeml:eu.emsc/event/20021224_0000006">
  <preferredOriginID>quakeml:eu.emsc/event/20021224_0000006/origin/1396687</preferredOriginID>
  <preferredMagnitudeID>quakeml:eu.emsc/event/20021224_0000006/origin/1396687/mag/2</preferredMagnitudeID>
  <creationInfo>
    <agencyURI>smi:smi-registry/organization/EMSC</agencyURI>
    <authorURI>smi:smi-registry/organization/EMSC</authorURI>
    <creationTime>2014-12-03T10:53:53.816424Z</creationTime>
  </creationInfo>
  <description>
    <text>SOUTHERN GREECE</text>
    <type>Flinn-Engdahl region</type>
  </description>
  <origin publicID="quakeml:eu.emsc/event/20021224_0000006/origin/1396687">
    <time>
      <value>2002-12-24T13:12:00.6Z</value>
      <uncertainty>0.63</uncertainty>
    </time>
    <latitude>
      <value>37.8601</value>
      <uncertainty>14.8</uncertainty>
    </latitude>
    <longitude>
      <value>21.115</value>
      <uncertainty>9.3</uncertainty>
    </longitude>
    <depth>
      <value>2000</value>
    </depth>
    <depthType>from location</depthType>
    <methodID>smi:eu.emsc-csem/origin_method/NA</methodID>
    <quality>
      <usedPhaseCount>10</usedPhaseCount>
      <usedStationCount>8</usedStationCount>
      <standardError>1.16</standardError>
      <azimuthalGap>171</azimuthalGap>
      <minimumDistance>0.34</minimumDistance>
      <maximumDistance>1.85</maximumDistance>
    </quality>
    <evaluationMode>manual</evaluationMode>
    <creationInfo>
      <agencyURI>smi:smi-registry/organization/EMSC</agencyURI>
      <authorURI>smi:smi-registry/organization/EMSC</authorURI>
    </creationInfo>
    <originUncertainty>
      <azimuthMaxHorizontalUncertainty>32</azimuthMaxHorizontalUncertainty>
    </originUncertainty>
  </origin>
  <magnitude publicID="quakeml:eu.emsc/event/20021224_0000006/origin/1396687/mag/2">
    <mag>
      <value>3.4</value>
    </mag>
    <type>MD</type>
    <originID>quakeml:eu.emsc/event/20021224_0000006/origin/1396687</originID>
    <creationInfo>
      <agencyURI>smi:smi-registry/organization/EMSC</agencyURI>
      <authorURI>smi:smi-registry/organization/EMSC</authorURI>
    </creationInfo>
  </magnitude>
</event>
<event publicID="quakeml:eu.emsc/event/20021224_0000005">
  <preferredOriginID>quakeml:eu.emsc/event/20021224_0000005/origin/1410518</preferredOriginID>
  <preferredMagnitudeID>quakeml:eu.emsc/event/20021224_0000005/origin/1410518/mag/2</preferredMagnitudeID>
  <creationInfo>
    <agencyURI>smi:smi-registry/organization/EMSC</agencyURI>
    <authorURI>smi:smi-registry/organization/EMSC</authorURI>
    <creationTime>2014-12-10T18:03:13.55615Z</creationTime>
  </creationInfo>
  <description>
    <text>NORTHERN MID-ATLANTIC RIDGE</text>
    <type>Flinn-Engdahl region</type>
  </description>
  <origin publicID="quakeml:eu.emsc/event/20021224_0000005/origin/1410518">
    <time>
      <value>2002-12-24T10:47:18.7Z</value>
    </time>
    <latitude>
      <value>47.671</value>
      <uncertainty>9999.9</uncertainty>
    </latitude>
    <longitude>
      <value>-27.453</value>
      <uncertainty>9999.9</uncertainty>
    </longitude>
    <depth>
      <value>10000</value>
    </depth>
    <depthType>from location</depthType>
    <methodID>smi:eu.emsc-csem/origin_method/NA</methodID>
    <quality>
      <usedPhaseCount>18</usedPhaseCount>
      <usedStationCount>18</usedStationCount>
      <standardError>2.39</standardError>
      <azimuthalGap>156</azimuthalGap>
      <minimumDistance>18.73</minimumDistance>
      <maximumDistance>67.75</maximumDistance>
    </quality>
    <evaluationMode>manual</evaluationMode>
    <creationInfo>
      <agencyURI>smi:smi-registry/organization/EMSC</agencyURI>
      <authorURI>smi:smi-registry/organization/EMSC</authorURI>
    </creationInfo>
    <originUncertainty>
      <azimuthMaxHorizontalUncertainty>-99</azimuthMaxHorizontalUncertainty>
    </originUncertainty>
  </origin>
  <magnitude publicID="quakeml:eu.emsc/event/20021224_0000005/origin/1410518/mag/2">
    <mag>
      <value>4.2</value>
    </mag>
    <type>mb</type>
    <originID>quakeml:eu.emsc/event/20021224_0000005/origin/1410518</originID>
    <stationCount>7</stationCount>
    <creationInfo>
      <agencyURI>smi:smi-registry/organization/EMSC</agencyURI>
      <authorURI>smi:smi-registry/organization/EMSC</authorURI>
    </creationInfo>
  </magnitude>
</event>
<event publicID="quakeml:eu.emsc/event/20021224_0000018">
  <preferredOriginID>quakeml:eu.emsc/event/20021224_0000018/origin/1410520</preferredOriginID>
  <preferredMagnitudeID>quakeml:eu.emsc/event/20021224_0000018/origin/1410520/mag/2</preferredMagnitudeID>
  <creationInfo>
    <agencyURI>smi:smi-registry/organization/EMSC</agencyURI>
    <authorURI>smi:smi-registry/organization/EMSC</authorURI>
    <creationTime>2014-12-10T18:41:52.8544Z</creationTime>
  </creationInfo>
  <description>
    <text>GERMANY</text>
    <type>Flinn-Engdahl region</type>
  </description>
  <origin publicID="quakeml:eu.emsc/event/20021224_0000018/origin/1410520">
    <time>
      <value>2002-12-24T09:11:02.7Z</value>
    </time>
    <latitude>
      <value>51.26</value>
      <uncertainty>9999.9</uncertainty>
    </latitude>
    <longitude>
      <value>6.94</value>
      <uncertainty>9999.9</uncertainty>
    </longitude>
    <depth>
      <value>1000</value>
    </depth>
    <depthType>from location</depthType>
    <methodID>smi:eu.emsc-csem/origin_method/NA</methodID>
    <quality>
      <usedPhaseCount>7</usedPhaseCount>
      <usedStationCount>4</usedStationCount>
      <standardError>0.75</standardError>
      <azimuthalGap>248</azimuthalGap>
      <minimumDistance>0.28</minimumDistance>
      <maximumDistance>2.22</maximumDistance>
    </quality>
    <evaluationMode>manual</evaluationMode>
    <creationInfo>
      <agencyURI>smi:smi-registry/organization/EMSC</agencyURI>
      <authorURI>smi:smi-registry/organization/EMSC</authorURI>
    </creationInfo>
    <originUncertainty>
      <azimuthMaxHorizontalUncertainty>-99</azimuthMaxHorizontalUncertainty>
    </originUncertainty>
  </origin>
  <magnitude publicID="quakeml:eu.emsc/event/20021224_0000018/origin/1410520/mag/2">
    <mag>
      <value>1.8</value>
    </mag>
    <type>ML</type>
    <originID>quakeml:eu.emsc/event/20021224_0000018/origin/1410520</originID>
    <creationInfo>
      <agencyURI>smi:smi-registry/organization/EMSC</agencyURI>
      <authorURI>smi:smi-registry/organization/EMSC</authorURI>
    </creationInfo>
  </magnitude>
</event>
<event publicID="quakeml:eu.emsc/event/20021224_0000004">
  <preferredOriginID>quakeml:eu.emsc/event/20021224_0000004/origin/1396691</preferredOriginID>
  <preferredMagnitudeID>quakeml:eu.emsc/event/20021224_0000004/origin/1396691/mag/2</preferredMagnitudeID>
  <creationInfo>
    <agencyURI>smi:smi-registry/organization/EMSC</agencyURI>
    <authorURI>smi:smi-registry/organization/EMSC</authorURI>
    <creationTime>2014-12-03T11:46:24.310578Z</creationTime>
  </creationInfo>
  <description>
    <text>CRETE, GREECE</text>
    <type>Flinn-Engdahl region</type>
  </description>
  <origin publicID="quakeml:eu.emsc/event/20021224_0000004/origin/1396691">
    <time>
      <value>2002-12-24T07:14:04.0Z</value>
      <uncertainty>0.19</uncertainty>
    </time>
    <latitude>
      <value>34.4208</value>
      <uncertainty>10.5</uncertainty>
    </latitude>
    <longitude>
      <value>25.3728</value>
      <uncertainty>3.2</uncertainty>
    </longitude>
    <depth>
      <value>30000</value>
    </depth>
    <depthType>from location</depthType>
    <methodID>smi:eu.emsc-csem/origin_method/NA</methodID>
    <quality>
      <usedPhaseCount>19</usedPhaseCount>
      <usedStationCount>19</usedStationCount>
      <standardError>0.55</standardError>
      <azimuthalGap>159</azimuthalGap>
      <minimumDistance>0.76</minimumDistance>
      <maximumDistance>9.25</maximumDistance>
    </quality>
    <evaluationMode>manual</evaluationMode>
    <creationInfo>
      <agencyURI>smi:smi-registry/organization/EMSC</agencyURI>
      <authorURI>smi:smi-registry/organization/EMSC</authorURI>
    </creationInfo>
    <originUncertainty>
      <azimuthMaxHorizontalUncertainty>56</azimuthMaxHorizontalUncertainty>
    </originUncertainty>
  </origin>
  <magnitude publicID="quakeml:eu.emsc/event/20021224_0000004/origin/1396691/mag/2">
    <mag>
      <value>3.5</value>
    </mag>
    <type>MD</type>
    <originID>quakeml:eu.emsc/event/20021224_0000004/origin/1396691</originID>
    <creationInfo>
      <agencyURI>smi:smi-registry/organization/EMSC</agencyURI>
      <authorURI>smi:smi-registry/organization/EMSC</authorURI>
    </creationInfo>
  </magnitude>
</event>
<event publicID="quakeml:eu.emsc/event/20021224_0000003">
  <preferredOriginID>quakeml:eu.emsc/event/20021224_0000003/origin/1410522</preferredOriginID>
  <preferredMagnitudeID>quakeml:eu.emsc/event/20021224_0000003/origin/1410522/mag/2</preferredMagnitudeID>
  <creationInfo>
    <agencyURI>smi:smi-registry/organization/EMSC</agencyURI>
    <authorURI>smi:smi-registry/organization/EMSC</authorURI>
    <creationTime>2014-12-10T18:03:07.956926Z</creationTime>
  </creationInfo>
  <description>
    <text>CENTRAL TURKEY</text>
    <type>Flinn-Engdahl region</type>
  </description>
  <origin publicID="quakeml:eu.emsc/event/20021224_0000003/origin/1410522">
    <time>
      <value>2002-12-24T06:44:55.7Z</value>
    </time>
    <latitude>
      <value>37.567</value>
      <uncertainty>9999.9</uncertainty>
    </latitude>
    <longitude>
      <value>36.147</value>
      <uncertainty>9999.9</uncertainty>
    </longitude>
    <depth>
      <value>5000</value>
    </depth>
    <depthType>from location</depthType>
    <methodID>smi:eu.emsc-csem/origin_method/NA</methodID>
    <quality>
      <usedPhaseCount>6</usedPhaseCount>
      <usedStationCount>4</usedStationCount>
      <standardError>1.18</standardError>
      <azimuthalGap>179</azimuthalGap>
      <minimumDistance>0.94</minimumDistance>
      <maximumDistance>1.95</maximumDistance>
    </quality>
    <evaluationMode>manual</evaluationMode>
    <creationInfo>
      <agencyURI>smi:smi-registry/organization/EMSC</agencyURI>
      <authorURI>smi:smi-registry/organization/EMSC</authorURI>
    </creationInfo>
    <originUncertainty>
      <azimuthMaxHorizontalUncertainty>-99</azimuthMaxHorizontalUncertainty>
    </originUncertainty>
  </origin>
  <magnitude publicID="quakeml:eu.emsc/event/20021224_0000003/origin/1410522/mag/2">
    <mag>
      <value>2.9</value>
    </mag>
    <type>MD</type>
    <originID>quakeml:eu.emsc/event/20021224_0000003/origin/1410522</originID>
    <creationInfo>
      <agencyURI>smi:smi-registry/organization/EMSC</agencyURI>
      <authorURI>smi:smi-registry/organization/EMSC</authorURI>
    </creationInfo>
  </magnitude>
</event>
<event publicID="quakeml:eu.emsc/event/20021224_0000019">
  <preferredOriginID>quakeml:eu.emsc/event/20021224_0000019/origin/1410524</preferredOriginID>
  <preferredMagnitudeID>quakeml:eu.emsc/event/20021224_0000019/origin/1410524/mag/2</preferredMagnitudeID>
  <creationInfo>
    <agencyURI>smi:smi-registry/organization/EMSC</agencyURI>
    <authorURI>smi:smi-registry/organization/EMSC</authorURI>
    <creationTime>2014-12-10T18:41:52.326275Z</creationTime>
  </creationInfo>
  <description>
    <text>SPAIN</text>
    <type>Flinn-Engdahl region</type>
  </description>
  <origin publicID="quakeml:eu.emsc/event/20021224_0000019/origin/1410524">
    <time>
      <value>2002-12-24T05:14:39.9Z</value>
    </time>
    <latitude>
      <value>41.1143</value>
      <uncertainty>9999.9</uncertainty>
    </latitude>
    <longitude>
      <value>1.1376</value>
      <uncertainty>9999.9</uncertainty>
    </longitude>
    <depth>
      <value>10200.0</value>
    </depth>
    <depthType>from location</depthType>
    <methodID>smi:eu.emsc-csem/origin_method/NA</methodID>
    <quality>
      <usedPhaseCount>16</usedPhaseCount>
      <usedStationCount>9</usedStationCount>
      <standardError>4.01</standardError>
      <azimuthalGap>205</azimuthalGap>
      <minimumDistance>0.18</minimumDistance>
      <maximumDistance>2.44</maximumDistance>
    </quality>
    <evaluationMode>manual</evaluationMode>
    <creationInfo>
      <agencyURI>smi:smi-registry/organization/EMSC</agencyURI>
      <authorURI>smi:smi-registry/organization/EMSC</authorURI>
    </creationInfo>
    <originUncertainty>
      <azimuthMaxHorizontalUncertainty>-99</azimuthMaxHorizontalUncertainty>
    </originUncertainty>
  </origin>
  <magnitude publicID="quakeml:eu.emsc/event/20021224_0000019/origin/1410524/mag/2">
    <mag>
      <value>2.4</value>
    </mag>
    <type>mb</type>
    <originID>quakeml:eu.emsc/event/20021224_0000019/origin/1410524</originID>
    <stationCount>1</stationCount>
    <creationInfo>
      <agencyURI>smi:smi-registry/organization/EMSC</agencyURI>
      <authorURI>smi:smi-registry/organization/EMSC</authorURI>
    </creationInfo>
  </magnitude>
</event>
<event publicID="quakeml:eu.emsc/event/20021224_0000002">
  <preferredOriginID>quakeml:eu.emsc/event/20021224_0000002/origin/1396695</preferredOriginID>
  <preferredMagnitudeID>quakeml:eu.emsc/event/20021224_0000002/origin/1396695/mag/2</preferredMagnitudeID>
  <creationInfo>
    <agencyURI>smi:smi-registry/organization/EMSC</agencyURI>
    <authorURI>smi:smi-registry/organization/EMSC</authorURI>
    <creationTime>2014-12-03T10:47:02.282434Z</creationTime>
  </creationInfo>
  <description>
    <text>SICILY, ITALY</text>
    <type>Flinn-Engdahl region</type>
  </description>
  <origin publicID="quakeml:eu.emsc/event/20021224_0000002/origin/1396695">
    <time>
      <value>2002-12-24T01:12:59.5Z</value>
      <uncertainty>0.18</uncertainty>
    </time>
    <latitude>
      <value>37.7777</value>
      <uncertainty>4.5</uncertainty>
    </latitude>
    <longitude>
      <value>15.0977</value>
      <uncertainty>3.5</uncertainty>
    </longitude>
    <depth>
      <value>12000</value>
    </depth>
    <depthType>from location</depthType>
    <methodID>smi:eu.emsc-csem/origin_method/NA</methodID>
    <quality>
      <usedPhaseCount>30</usedPhaseCount>
      <usedStationCount>27</usedStationCount>
      <standardError>0.63</standardError>
      <azimuthalGap>104</azimuthalGap>
      <minimumDistance>0.35</minimumDistance>
      <maximumDistance>8.14</maximumDistance>
    </quality>
    <evaluationMode>manual</evaluationMode>
    <creationInfo>
      <agencyURI>smi:smi-registry/organization/EMSC</agencyURI>
      <authorURI>smi:smi-registry/organization/EMSC</authorURI>
    </creationInfo>
    <originUncertainty>
      <azimuthMaxHorizontalUncertainty>139</azimuthMaxHorizontalUncertainty>
    </originUncertainty>
  </origin>
  <magnitude publicID="quakeml:eu.emsc/event/20021224_0000002/origin/1396695/mag/2">
    <mag>
      <value>3.7</value>
    </mag>
    <type>ML</type>
    <originID>quakeml:eu.emsc/event/20021224_0000002/origin/1396695</originID>
    <creationInfo>
      <agencyURI>smi:smi-registry/organization/EMSC</agencyURI>
      <authorURI>smi:smi-registry/organization/EMSC</authorURI>
    </creationInfo>
  </magnitude>
</event>
<event publicID="quakeml:eu.emsc/event/20021224_0000001">
  <preferredOriginID>quakeml:eu.emsc/event/20021224_0000001/origin/1396699</preferredOriginID>
  <preferredMagnitudeID>quakeml:eu.emsc/event/20021224_0000001/origin/1396699/mag/2</preferredMagnitudeID>
  <creationInfo>
    <agencyURI>smi:smi-registry/organization/EMSC</agencyURI>
    <authorURI>smi:smi-registry/organization/EMSC</authorURI>
    <creationTime>2014-12-03T10:56:28.171864Z</creationTime>
  </creationInfo>
  <description>
    <text>GREECE</text>
    <type>Flinn-Engdahl region</type>
  </description>
  <origin publicID="quakeml:eu.emsc/event/20021224_0000001/origin/1396699">
    <time>
      <value>2002-12-24T00:35:15.7Z</value>
      <uncertainty>0.41</uncertainty>
    </time>
    <latitude>
      <value>38.5316</value>
      <uncertainty>11.1</uncertainty>
    </latitude>
    <longitude>
      <value>23.4031</value>
      <uncertainty>7.1</uncertainty>
    </longitude>
    <depth>
      <value>10000</value>
    </depth>
    <depthType>from location</depthType>
    <methodID>smi:eu.emsc-csem/origin_method/NA</methodID>
    <quality>
      <usedPhaseCount>14</usedPhaseCount>
      <usedStationCount>9</usedStationCount>
      <standardError>1.41</standardError>
      <azimuthalGap>125</azimuthalGap>
      <minimumDistance>0.61</minimumDistance>
      <maximumDistance>1.85</maximumDistance>
    </quality>
    <evaluationMode>manual</evaluationMode>
    <creationInfo>
      <agencyURI>smi:smi-registry/organization/EMSC</agencyURI>
      <authorURI>smi:smi-registry/organization/EMSC</authorURI>
    </creationInfo>
    <originUncertainty>
      <azimuthMaxHorizontalUncertainty>79</azimuthMaxHorizontalUncertainty>
    </originUncertainty>
  </origin>
  <magnitude publicID="quakeml:eu.emsc/event/20021224_0000001/origin/1396699/mag/2">
    <mag>
      <value>3</value>
    </mag>
    <type>ML</type>
    <originID>quakeml:eu.emsc/event/20021224_0000001/origin/1396699</originID>
    <creationInfo>
      <agencyURI>smi:smi-registry/organization/EMSC</agencyURI>
      <authorURI>smi:smi-registry/organization/EMSC</authorURI>
    </creationInfo>
  </magnitude>
</event>
</eventParameters>
</q:quakeml>
