<?xml version="1.0"?>
<q:quakeml xmlns:q="http://quakeml.org/xmlns/quakeml/1.2"  xmlns="http://quakeml.org/xmlns/bed/1.2">
<eventParameters publicID="smi:eu.emsc/unid">
<event publicID="quakeml:eu.emsc/event/20021006_0000013">
  <preferredOriginID>quakeml:eu.emsc/event/20021006_0000013/origin/1402843</preferredOriginID>
  <preferredMagnitudeID>quakeml:eu.emsc/event/20021006_0000013/origin/1402843/mag/2</preferredMagnitudeID>
  <creationInfo>
    <agencyURI>smi:smi-registry/organization/EMSC</agencyURI>
    <authorURI>smi:smi-registry/organization/EMSC</authorURI>
    <creationTime>2014-12-03T12:05:29.675016Z</creationTime>
  </creationInfo>
  <description>
    <text>GREECE</text>
    <type>Flinn-Engdahl region</type>
  </description>
  <origin publicID="quakeml:eu.emsc/event/20021006_0000013/origin/1402843">
    <time>
      <value>2002-10-06T23:17:36.9Z</value>
      <uncertainty>0.22</uncertainty>
    </time>
    <latitude>
      <value>39.0534</value>
      <uncertainty>5.9</uncertainty>
    </latitude>
    <longitude>
      <value>21.903</value>
      <uncertainty>4.4</uncertainty>
    </longitude>
    <depth>
      <value>2000</value>
    </depth>
    <depthType>from location</depthType>
    <methodID>smi:eu.emsc-csem/origin_method/NA</methodID>
    <quality>
      <usedPhaseCount>42</usedPhaseCount>
      <usedStationCount>39</usedStationCount>
      <standardError>1.16</standardError>
      <azimuthalGap>40</azimuthalGap>
      <minimumDistance>0.16</minimumDistance>
      <maximumDistance>44.29</maximumDistance>
    </quality>
    <evaluationMode>manual</evaluationMode>
    <creationInfo>
      <agencyURI>smi:smi-registry/organization/EMSC</agencyURI>
      <authorURI>smi:smi-registry/organization/EMSC</authorURI>
    </creationInfo>
    <originUncertainty>
      <azimuthMaxHorizontalUncertainty>174</azimuthMaxHorizontalUncertainty>
    </originUncertainty>
  </origin>
  <magnitude publicID="quakeml:eu.emsc/event/20021006_0000013/origin/1402843/mag/2">
    <mag>
      <value>3.5</value>
    </mag>
    <type>ML</type>
    <originID>quakeml:eu.emsc/event/20021006_0000013/origin/1402843</originID>
    <creationInfo>
      <agencyURI>smi:smi-registry/organization/EMSC</agencyURI>
      <authorURI>smi:smi-registry/organization/EMSC</authorURI>
    </creationInfo>
  </magnitude>
</event>
<event publicID="quakeml:eu.emsc/event/20021006_0000022">
  <preferredOriginID>quakeml:eu.emsc/event/20021006_0000022/origin/1411812</preferredOriginID>
  <preferredMagnitudeID>quakeml:eu.emsc/event/20021006_0000022/origin/1411812/mag/2</preferredMagnitudeID>
  <creationInfo>
    <agencyURI>smi:smi-registry/organization/EMSC</agencyURI>
    <authorURI>smi:smi-registry/organization/EMSC</authorURI>
    <creationTime>2014-12-10T18:40:16.329889Z</creationTime>
  </creationInfo>
  <description>
    <text>GERMANY</text>
    <type>Flinn-Engdahl region</type>
  </description>
  <origin publicID="quakeml:eu.emsc/event/20021006_0000022/origin/1411812">
    <time>
      <value>2002-10-06T22:03:11.8Z</value>
    </time>
    <latitude>
      <value>51.57</value>
      <uncertainty>9999.9</uncertainty>
    </latitude>
    <longitude>
      <value>7.8</value>
      <uncertainty>9999.9</uncertainty>
    </longitude>
    <depth>
      <value>1000</value>
    </depth>
    <depthType>from location</depthType>
    <methodID>smi:eu.emsc-csem/origin_method/NA</methodID>
    <quality>
      <usedPhaseCount>22</usedPhaseCount>
      <usedStationCount>13</usedStationCount>
      <standardError>1.38</standardError>
      <azimuthalGap>108</azimuthalGap>
      <minimumDistance>0.36</minimumDistance>
      <maximumDistance>3.93</maximumDistance>
    </quality>
    <evaluationMode>manual</evaluationMode>
    <creationInfo>
      <agencyURI>smi:smi-registry/organization/EMSC</agencyURI>
      <authorURI>smi:smi-registry/organization/EMSC</authorURI>
    </creationInfo>
    <originUncertainty>
      <azimuthMaxHorizontalUncertainty>-99</azimuthMaxHorizontalUncertainty>
    </originUncertainty>
  </origin>
  <magnitude publicID="quakeml:eu.emsc/event/20021006_0000022/origin/1411812/mag/2">
    <mag>
      <value>2.1</value>
    </mag>
    <type>ML</type>
    <originID>quakeml:eu.emsc/event/20021006_0000022/origin/1411812</originID>
    <creationInfo>
      <agencyURI>smi:smi-registry/organization/EMSC</agencyURI>
      <authorURI>smi:smi-registry/organization/EMSC</authorURI>
    </creationInfo>
  </magnitude>
</event>
<event publicID="quakeml:eu.emsc/event/20021006_0000012">
  <preferredOriginID>quakeml:eu.emsc/event/20021006_0000012/origin/1411814</preferredOriginID>
  <preferredMagnitudeID>quakeml:eu.emsc/event/20021006_0000012/origin/1411814/mag/2</preferredMagnitudeID>
  <creationInfo>
    <agencyURI>smi:smi-registry/organization/EMSC</agencyURI>
    <authorURI>smi:smi-registry/organization/EMSC</authorURI>
    <creationTime>2014-12-10T17:28:47.135991Z</creationTime>
  </creationInfo>
  <description>
    <text>GREECE</text>
    <type>Flinn-Engdahl region</type>
  </description>
  <origin publicID="quakeml:eu.emsc/event/20021006_0000012/origin/1411814">
    <time>
      <value>2002-10-06T21:09:16.5Z</value>
    </time>
    <latitude>
      <value>38.26</value>
      <uncertainty>9999.9</uncertainty>
    </latitude>
    <longitude>
      <value>23.62</value>
      <uncertainty>9999.9</uncertainty>
    </longitude>
    <depth>
      <value>4000</value>
    </depth>
    <depthType>from location</depthType>
    <methodID>smi:eu.emsc-csem/origin_method/NA</methodID>
    <quality>
      <usedPhaseCount>6</usedPhaseCount>
      <usedStationCount>4</usedStationCount>
      <standardError>0.54</standardError>
      <azimuthalGap>181</azimuthalGap>
      <minimumDistance>0.3</minimumDistance>
      <maximumDistance>1.63</maximumDistance>
    </quality>
    <evaluationMode>manual</evaluationMode>
    <creationInfo>
      <agencyURI>smi:smi-registry/organization/EMSC</agencyURI>
      <authorURI>smi:smi-registry/organization/EMSC</authorURI>
    </creationInfo>
    <originUncertainty>
      <azimuthMaxHorizontalUncertainty>-99</azimuthMaxHorizontalUncertainty>
    </originUncertainty>
  </origin>
  <magnitude publicID="quakeml:eu.emsc/event/20021006_0000012/origin/1411814/mag/2">
    <mag>
      <value>2.7</value>
    </mag>
    <type>ML</type>
    <originID>quakeml:eu.emsc/event/20021006_0000012/origin/1411814</originID>
    <creationInfo>
      <agencyURI>smi:smi-registry/organization/EMSC</agencyURI>
      <authorURI>smi:smi-registry/organization/EMSC</authorURI>
    </creationInfo>
  </magnitude>
</event>
<event publicID="quakeml:eu.emsc/event/20021006_0000019">
  <preferredOriginID>quakeml:eu.emsc/event/20021006_0000019/origin/1411816</preferredOriginID>
  <preferredMagnitudeID>quakeml:eu.emsc/event/20021006_0000019/origin/1411816/mag/2</preferredMagnitudeID>
  <creationInfo>
    <agencyURI>smi:smi-registry/organization/EMSC</agencyURI>
    <authorURI>smi:smi-registry/organization/EMSC</authorURI>
    <creationTime>2014-12-10T18:40:15.830878Z</creationTime>
  </creationInfo>
  <description>
    <text>FRANCE</text>
    <type>Flinn-Engdahl region</type>
  </description>
  <origin publicID="quakeml:eu.emsc/event/20021006_0000019/origin/1411816">
    <time>
      <value>2002-10-06T18:15:46.8Z</value>
    </time>
    <latitude>
      <value>44.7117</value>
      <uncertainty>9999.9</uncertainty>
    </latitude>
    <longitude>
      <value>6.7846</value>
      <uncertainty>9999.9</uncertainty>
    </longitude>
    <depth>
      <value>4000</value>
    </depth>
    <depthType>from location</depthType>
    <methodID>smi:eu.emsc-csem/origin_method/NA</methodID>
    <quality>
      <usedPhaseCount>11</usedPhaseCount>
      <usedStationCount>6</usedStationCount>
      <standardError>0.78</standardError>
      <azimuthalGap>186</azimuthalGap>
      <minimumDistance>0.02</minimumDistance>
      <maximumDistance>1.51</maximumDistance>
    </quality>
    <evaluationMode>manual</evaluationMode>
    <creationInfo>
      <agencyURI>smi:smi-registry/organization/EMSC</agencyURI>
      <authorURI>smi:smi-registry/organization/EMSC</authorURI>
    </creationInfo>
    <originUncertainty>
      <azimuthMaxHorizontalUncertainty>-99</azimuthMaxHorizontalUncertainty>
    </originUncertainty>
  </origin>
  <magnitude publicID="quakeml:eu.emsc/event/20021006_0000019/origin/1411816/mag/2">
    <mag>
      <value>1.4</value>
    </mag>
    <type>ML</type>
    <originID>quakeml:eu.emsc/event/20021006_0000019/origin/1411816</originID>
    <stationCount>1</stationCount>
    <creationInfo>
      <agencyURI>smi:smi-registry/organization/EMSC</agencyURI>
      <authorURI>smi:smi-registry/organization/EMSC</authorURI>
    </creationInfo>
  </magnitude>
</event>
<event publicID="quakeml:eu.emsc/event/20021006_0000011">
  <preferredOriginID>quakeml:eu.emsc/event/20021006_0000011/origin/1411818</preferredOriginID>
  <preferredMagnitudeID>quakeml:eu.emsc/event/20021006_0000011/origin/1411818/mag/2</preferredMagnitudeID>
  <creationInfo>
    <agencyURI>smi:smi-registry/organization/EMSC</agencyURI>
    <authorURI>smi:smi-registry/organization/EMSC</authorURI>
    <creationTime>2014-12-10T17:28:43.616447Z</creationTime>
  </creationInfo>
  <description>
    <text>IONIAN SEA</text>
    <type>Flinn-Engdahl region</type>
  </description>
  <origin publicID="quakeml:eu.emsc/event/20021006_0000011/origin/1411818">
    <time>
      <value>2002-10-06T16:28:42.3Z</value>
    </time>
    <latitude>
      <value>37.68</value>
      <uncertainty>9999.9</uncertainty>
    </latitude>
    <longitude>
      <value>20.93</value>
      <uncertainty>9999.9</uncertainty>
    </longitude>
    <depth>
      <value>20000</value>
    </depth>
    <depthType>from location</depthType>
    <methodID>smi:eu.emsc-csem/origin_method/NA</methodID>
    <quality>
      <usedPhaseCount>6</usedPhaseCount>
      <usedStationCount>4</usedStationCount>
      <standardError>2.16</standardError>
      <azimuthalGap>209</azimuthalGap>
      <minimumDistance>0.56</minimumDistance>
      <maximumDistance>1.87</maximumDistance>
    </quality>
    <evaluationMode>manual</evaluationMode>
    <creationInfo>
      <agencyURI>smi:smi-registry/organization/EMSC</agencyURI>
      <authorURI>smi:smi-registry/organization/EMSC</authorURI>
    </creationInfo>
    <originUncertainty>
      <azimuthMaxHorizontalUncertainty>-99</azimuthMaxHorizontalUncertainty>
    </originUncertainty>
  </origin>
  <magnitude publicID="quakeml:eu.emsc/event/20021006_0000011/origin/1411818/mag/2">
    <mag>
      <value>3.2</value>
    </mag>
    <type>MD</type>
    <originID>quakeml:eu.emsc/event/20021006_0000011/origin/1411818</originID>
    <creationInfo>
      <agencyURI>smi:smi-registry/organization/EMSC</agencyURI>
      <authorURI>smi:smi-registry/organization/EMSC</authorURI>
    </creationInfo>
  </magnitude>
</event>
<event publicID="quakeml:eu.emsc/event/20021006_0000010">
  <preferredOriginID>quakeml:eu.emsc/event/20021006_0000010/origin/1399261</preferredOriginID>
  <preferredMagnitudeID>quakeml:eu.emsc/event/20021006_0000010/origin/1399261/mag/2</preferredMagnitudeID>
  <creationInfo>
    <agencyURI>smi:smi-registry/organization/EMSC</agencyURI>
    <authorURI>smi:smi-registry/organization/EMSC</authorURI>
    <creationTime>2014-12-03T10:25:43.685157Z</creationTime>
  </creationInfo>
  <description>
    <text>NORTHERN MID-ATLANTIC RIDGE</text>
    <type>Flinn-Engdahl region</type>
  </description>
  <origin publicID="quakeml:eu.emsc/event/20021006_0000010/origin/1399261">
    <time>
      <value>2002-10-06T16:00:48.1Z</value>
      <uncertainty>0.96</uncertainty>
    </time>
    <latitude>
      <value>43.6675</value>
      <uncertainty>57.2</uncertainty>
    </latitude>
    <longitude>
      <value>-29.3383</value>
      <uncertainty>20.7</uncertainty>
    </longitude>
    <depth>
      <value>10000</value>
    </depth>
    <depthType>from location</depthType>
    <methodID>smi:eu.emsc-csem/origin_method/NA</methodID>
    <quality>
      <usedPhaseCount>15</usedPhaseCount>
      <usedStationCount>15</usedStationCount>
      <standardError>1.04</standardError>
      <azimuthalGap>205</azimuthalGap>
      <minimumDistance>15.73</minimumDistance>
      <maximumDistance>56.2</maximumDistance>
    </quality>
    <evaluationMode>manual</evaluationMode>
    <creationInfo>
      <agencyURI>smi:smi-registry/organization/EMSC</agencyURI>
      <authorURI>smi:smi-registry/organization/EMSC</authorURI>
    </creationInfo>
    <originUncertainty>
      <azimuthMaxHorizontalUncertainty>8</azimuthMaxHorizontalUncertainty>
    </originUncertainty>
  </origin>
  <magnitude publicID="quakeml:eu.emsc/event/20021006_0000010/origin/1399261/mag/2">
    <mag>
      <value>4.2</value>
    </mag>
    <type>mb</type>
    <originID>quakeml:eu.emsc/event/20021006_0000010/origin/1399261</originID>
    <stationCount>9</stationCount>
    <creationInfo>
      <agencyURI>smi:smi-registry/organization/EMSC</agencyURI>
      <authorURI>smi:smi-registry/organization/EMSC</authorURI>
    </creationInfo>
  </magnitude>
</event>
<event publicID="quakeml:eu.emsc/event/20021006_0000021">
  <preferredOriginID>quakeml:eu.emsc/event/20021006_0000021/origin/1411820</preferredOriginID>
  <preferredMagnitudeID>quakeml:eu.emsc/event/20021006_0000021/origin/1411820/mag/2</preferredMagnitudeID>
  <creationInfo>
    <agencyURI>smi:smi-registry/organization/EMSC</agencyURI>
    <authorURI>smi:smi-registry/organization/EMSC</authorURI>
    <creationTime>2014-12-10T18:40:15.360277Z</creationTime>
  </creationInfo>
  <description>
    <text>BELGIUM</text>
    <type>Flinn-Engdahl region</type>
  </description>
  <origin publicID="quakeml:eu.emsc/event/20021006_0000021/origin/1411820">
    <time>
      <value>2002-10-06T14:40:33.0Z</value>
    </time>
    <latitude>
      <value>50.5463</value>
      <uncertainty>9999.9</uncertainty>
    </latitude>
    <longitude>
      <value>3.5607</value>
      <uncertainty>9999.9</uncertainty>
    </longitude>
    <depth>
      <value>1000</value>
    </depth>
    <depthType>from location</depthType>
    <methodID>smi:eu.emsc-csem/origin_method/NA</methodID>
    <quality>
      <usedPhaseCount>9</usedPhaseCount>
      <usedStationCount>6</usedStationCount>
      <standardError>1.92</standardError>
      <azimuthalGap>301</azimuthalGap>
      <minimumDistance>0.64</minimumDistance>
      <maximumDistance>3.48</maximumDistance>
    </quality>
    <evaluationMode>manual</evaluationMode>
    <creationInfo>
      <agencyURI>smi:smi-registry/organization/EMSC</agencyURI>
      <authorURI>smi:smi-registry/organization/EMSC</authorURI>
    </creationInfo>
    <originUncertainty>
      <azimuthMaxHorizontalUncertainty>-99</azimuthMaxHorizontalUncertainty>
    </originUncertainty>
  </origin>
  <magnitude publicID="quakeml:eu.emsc/event/20021006_0000021/origin/1411820/mag/2">
    <mag>
      <value>2.4</value>
      <uncertainty>0.1</uncertainty>
    </mag>
    <type>ML</type>
    <originID>quakeml:eu.emsc/event/20021006_0000021/origin/1411820</originID>
    <stationCount>6</stationCount>
    <creationInfo>
      <agencyURI>smi:smi-registry/organization/EMSC</agencyURI>
      <authorURI>smi:smi-registry/organization/EMSC</authorURI>
    </creationInfo>
  </magnitude>
</event>
<event publicID="quakeml:eu.emsc/event/20021006_0000009">
  <preferredOriginID>quakeml:eu.emsc/event/20021006_0000009/origin/1411822</preferredOriginID>
  <preferredMagnitudeID>quakeml:eu.emsc/event/20021006_0000009/origin/1411822/mag/2</preferredMagnitudeID>
  <creationInfo>
    <agencyURI>smi:smi-registry/organization/EMSC</agencyURI>
    <authorURI>smi:smi-registry/organization/EMSC</authorURI>
    <creationTime>2014-12-10T17:28:41.14944Z</creationTime>
  </creationInfo>
  <description>
    <text>WESTERN TURKEY</text>
    <type>Flinn-Engdahl region</type>
  </description>
  <origin publicID="quakeml:eu.emsc/event/20021006_0000009/origin/1411822">
    <time>
      <value>2002-10-06T12:15:34.3Z</value>
    </time>
    <latitude>
      <value>38.633</value>
      <uncertainty>9999.9</uncertainty>
    </latitude>
    <longitude>
      <value>31.259</value>
      <uncertainty>9999.9</uncertainty>
    </longitude>
    <depth>
      <value>5000</value>
    </depth>
    <depthType>from location</depthType>
    <methodID>smi:eu.emsc-csem/origin_method/NA</methodID>
    <quality>
      <usedPhaseCount>19</usedPhaseCount>
      <usedStationCount>16</usedStationCount>
      <standardError>1.21</standardError>
      <azimuthalGap>153</azimuthalGap>
      <minimumDistance>0.54</minimumDistance>
      <maximumDistance>3.75</maximumDistance>
    </quality>
    <evaluationMode>manual</evaluationMode>
    <creationInfo>
      <agencyURI>smi:smi-registry/organization/EMSC</agencyURI>
      <authorURI>smi:smi-registry/organization/EMSC</authorURI>
    </creationInfo>
    <originUncertainty>
      <azimuthMaxHorizontalUncertainty>-99</azimuthMaxHorizontalUncertainty>
    </originUncertainty>
  </origin>
  <magnitude publicID="quakeml:eu.emsc/event/20021006_0000009/origin/1411822/mag/2">
    <mag>
      <value>3.3</value>
    </mag>
    <type>MD</type>
    <originID>quakeml:eu.emsc/event/20021006_0000009/origin/1411822</originID>
    <creationInfo>
      <agencyURI>smi:smi-registry/organization/EMSC</agencyURI>
      <authorURI>smi:smi-registry/organization/EMSC</authorURI>
    </creationInfo>
  </magnitude>
</event>
<event publicID="quakeml:eu.emsc/event/20021006_0000017">
  <preferredOriginID>quakeml:eu.emsc/event/20021006_0000017/origin/1398366</preferredOriginID>
  <preferredMagnitudeID>quakeml:eu.emsc/event/20021006_0000017/origin/1398366/mag/1</preferredMagnitudeID>
  <creationInfo>
    <agencyURI>smi:smi-registry/organization/EMSC</agencyURI>
    <authorURI>smi:smi-registry/organization/EMSC</authorURI>
    <creationTime>2014-12-03T15:14:54.471598Z</creationTime>
  </creationInfo>
  <description>
    <text>NORTHERN ITALY</text>
    <type>Flinn-Engdahl region</type>
  </description>
  <origin publicID="quakeml:eu.emsc/event/20021006_0000017/origin/1398366">
    <time>
      <value>2002-10-06T11:40:46.1Z</value>
      <uncertainty>0.25</uncertainty>
    </time>
    <latitude>
      <value>44.2037</value>
      <uncertainty>9.6</uncertainty>
    </latitude>
    <longitude>
      <value>9.5073</value>
      <uncertainty>4.6</uncertainty>
    </longitude>
    <depth>
      <value>2000</value>
    </depth>
    <depthType>from location</depthType>
    <methodID>smi:eu.emsc-csem/origin_method/NA</methodID>
    <quality>
      <usedPhaseCount>22</usedPhaseCount>
      <usedStationCount>13</usedStationCount>
      <standardError>1.07</standardError>
      <azimuthalGap>108</azimuthalGap>
      <minimumDistance>0.31</minimumDistance>
      <maximumDistance>2.84</maximumDistance>
    </quality>
    <evaluationMode>manual</evaluationMode>
    <creationInfo>
      <agencyURI>smi:smi-registry/organization/EMSC</agencyURI>
      <authorURI>smi:smi-registry/organization/EMSC</authorURI>
    </creationInfo>
    <originUncertainty>
      <azimuthMaxHorizontalUncertainty>171</azimuthMaxHorizontalUncertainty>
    </originUncertainty>
  </origin>
  <magnitude publicID="quakeml:eu.emsc/event/20021006_0000017/origin/1398366/mag/1">
    <mag>
      <value>2.2</value>
      <uncertainty>0.2</uncertainty>
    </mag>
    <type>ML</type>
    <originID>quakeml:eu.emsc/event/20021006_0000017/origin/1398366</originID>
    <stationCount>7</stationCount>
    <creationInfo>
      <agencyURI>smi:smi-registry/organization/EMSC</agencyURI>
      <authorURI>smi:smi-registry/organization/EMSC</authorURI>
    </creationInfo>
  </magnitude>
</event>
<event publicID="quakeml:eu.emsc/event/20021006_0000008">
  <preferredOriginID>quakeml:eu.emsc/event/20021006_0000008/origin/1399265</preferredOriginID>
  <preferredMagnitudeID>quakeml:eu.emsc/event/20021006_0000008/origin/1399265/mag/2</preferredMagnitudeID>
  <creationInfo>
    <agencyURI>smi:smi-registry/organization/EMSC</agencyURI>
    <authorURI>smi:smi-registry/organization/EMSC</authorURI>
    <creationTime>2014-12-03T10:21:12.156768Z</creationTime>
  </creationInfo>
  <description>
    <text>CRETE, GREECE</text>
    <type>Flinn-Engdahl region</type>
  </description>
  <origin publicID="quakeml:eu.emsc/event/20021006_0000008/origin/1399265">
    <time>
      <value>2002-10-06T11:17:48.0Z</value>
      <uncertainty>0.15</uncertainty>
    </time>
    <latitude>
      <value>34.2783</value>
      <uncertainty>6.3</uncertainty>
    </latitude>
    <longitude>
      <value>26.6077</value>
      <uncertainty>4</uncertainty>
    </longitude>
    <depth>
      <value>30000</value>
    </depth>
    <depthType>from location</depthType>
    <methodID>smi:eu.emsc-csem/origin_method/NA</methodID>
    <quality>
      <usedPhaseCount>27</usedPhaseCount>
      <usedStationCount>26</usedStationCount>
      <standardError>0.73</standardError>
      <azimuthalGap>100</azimuthalGap>
      <minimumDistance>1.28</minimumDistance>
      <maximumDistance>64.63</maximumDistance>
    </quality>
    <evaluationMode>manual</evaluationMode>
    <creationInfo>
      <agencyURI>smi:smi-registry/organization/EMSC</agencyURI>
      <authorURI>smi:smi-registry/organization/EMSC</authorURI>
    </creationInfo>
    <originUncertainty>
      <azimuthMaxHorizontalUncertainty>54</azimuthMaxHorizontalUncertainty>
    </originUncertainty>
  </origin>
  <magnitude publicID="quakeml:eu.emsc/event/20021006_0000008/origin/1399265/mag/2">
    <mag>
      <value>3.8</value>
    </mag>
    <type>MD</type>
    <originID>quakeml:eu.emsc/event/20021006_0000008/origin/1399265</originID>
    <creationInfo>
      <agencyURI>smi:smi-registry/organization/EMSC</agencyURI>
      <authorURI>smi:smi-registry/organization/EMSC</authorURI>
    </creationInfo>
  </magnitude>
</event>
<event publicID="quakeml:eu.emsc/event/20021006_0000024">
  <preferredOriginID>quakeml:eu.emsc/event/20021006_0000024/origin/1411824</preferredOriginID>
  <preferredMagnitudeID>quakeml:eu.emsc/event/20021006_0000024/origin/1411824/mag/2</preferredMagnitudeID>
  <creationInfo>
    <agencyURI>smi:smi-registry/organization/EMSC</agencyURI>
    <authorURI>smi:smi-registry/organization/EMSC</authorURI>
    <creationTime>2014-12-10T18:40:14.886275Z</creationTime>
  </creationInfo>
  <description>
    <text>NORTHERN ITALY</text>
    <type>Flinn-Engdahl region</type>
  </description>
  <origin publicID="quakeml:eu.emsc/event/20021006_0000024/origin/1411824">
    <time>
      <value>2002-10-06T11:15:54.4Z</value>
    </time>
    <latitude>
      <value>44.3978</value>
      <uncertainty>9999.9</uncertainty>
    </latitude>
    <longitude>
      <value>7.273</value>
      <uncertainty>9999.9</uncertainty>
    </longitude>
    <depth>
      <value>14900.0</value>
    </depth>
    <depthType>from location</depthType>
    <methodID>smi:eu.emsc-csem/origin_method/NA</methodID>
    <quality>
      <usedPhaseCount>16</usedPhaseCount>
      <usedStationCount>11</usedStationCount>
      <standardError>3.92</standardError>
      <azimuthalGap>145</azimuthalGap>
      <minimumDistance>0.16</minimumDistance>
      <maximumDistance>0.7</maximumDistance>
    </quality>
    <evaluationMode>manual</evaluationMode>
    <creationInfo>
      <agencyURI>smi:smi-registry/organization/EMSC</agencyURI>
      <authorURI>smi:smi-registry/organization/EMSC</authorURI>
    </creationInfo>
    <originUncertainty>
      <azimuthMaxHorizontalUncertainty>-99</azimuthMaxHorizontalUncertainty>
    </originUncertainty>
  </origin>
  <magnitude publicID="quakeml:eu.emsc/event/20021006_0000024/origin/1411824/mag/2">
    <mag>
      <value>2.1</value>
    </mag>
    <type>ML</type>
    <originID>quakeml:eu.emsc/event/20021006_0000024/origin/1411824</originID>
    <creationInfo>
      <agencyURI>smi:smi-registry/organization/EMSC</agencyURI>
      <authorURI>smi:smi-registry/organization/EMSC</authorURI>
    </creationInfo>
  </magnitude>
</event>
<event publicID="quakeml:eu.emsc/event/20021006_0000007">
  <preferredOriginID>quakeml:eu.emsc/event/20021006_0000007/origin/1402847</preferredOriginID>
  <preferredMagnitudeID>quakeml:eu.emsc/event/20021006_0000007/origin/1402847/mag/2</preferredMagnitudeID>
  <creationInfo>
    <agencyURI>smi:smi-registry/organization/EMSC</agencyURI>
    <authorURI>smi:smi-registry/organization/EMSC</authorURI>
    <creationTime>2014-12-03T10:50:54.921151Z</creationTime>
  </creationInfo>
  <description>
    <text>OWEN FRACTURE ZONE REGION</text>
    <type>Flinn-Engdahl region</type>
  </description>
  <origin publicID="quakeml:eu.emsc/event/20021006_0000007/origin/1402847">
    <time>
      <value>2002-10-06T11:10:01.5Z</value>
      <uncertainty>0.18</uncertainty>
    </time>
    <latitude>
      <value>13.0909</value>
      <uncertainty>7.4</uncertainty>
    </latitude>
    <longitude>
      <value>57.4345</value>
      <uncertainty>5.4</uncertainty>
    </longitude>
    <depth>
      <value>40000</value>
    </depth>
    <depthType>from location</depthType>
    <methodID>smi:eu.emsc-csem/origin_method/NA</methodID>
    <quality>
      <usedPhaseCount>34</usedPhaseCount>
      <usedStationCount>34</usedStationCount>
      <standardError>0.65</standardError>
      <azimuthalGap>114</azimuthalGap>
      <minimumDistance>9.6</minimumDistance>
      <maximumDistance>82.45</maximumDistance>
    </quality>
    <evaluationMode>manual</evaluationMode>
    <creationInfo>
      <agencyURI>smi:smi-registry/organization/EMSC</agencyURI>
      <authorURI>smi:smi-registry/organization/EMSC</authorURI>
    </creationInfo>
    <originUncertainty>
      <azimuthMaxHorizontalUncertainty>142</azimuthMaxHorizontalUncertainty>
    </originUncertainty>
  </origin>
  <magnitude publicID="quakeml:eu.emsc/event/20021006_0000007/origin/1402847/mag/2">
    <mag>
      <value>4.8</value>
      <uncertainty>0.4</uncertainty>
    </mag>
    <type>mb</type>
    <originID>quakeml:eu.emsc/event/20021006_0000007/origin/1402847</originID>
    <stationCount>13</stationCount>
    <creationInfo>
      <agencyURI>smi:smi-registry/organization/EMSC</agencyURI>
      <authorURI>smi:smi-registry/organization/EMSC</authorURI>
    </creationInfo>
  </magnitude>
</event>
<event publicID="quakeml:eu.emsc/event/20021006_0000014">
  <preferredOriginID>quakeml:eu.emsc/event/20021006_0000014/origin/1398418</preferredOriginID>
  <preferredMagnitudeID>quakeml:eu.emsc/event/20021006_0000014/origin/1398418/mag/1</preferredMagnitudeID>
  <creationInfo>
    <agencyURI>smi:smi-registry/organization/EMSC</agencyURI>
    <authorURI>smi:smi-registry/organization/EMSC</authorURI>
    <creationTime>2014-12-03T11:23:46.236414Z</creationTime>
  </creationInfo>
  <description>
    <text>SOUTHERN IRAN</text>
    <type>Flinn-Engdahl region</type>
  </description>
  <origin publicID="quakeml:eu.emsc/event/20021006_0000014/origin/1398418">
    <time>
      <value>2002-10-06T09:51:44.3Z</value>
      <uncertainty>0.19</uncertainty>
    </time>
    <latitude>
      <value>28.3379</value>
      <uncertainty>12.4</uncertainty>
    </latitude>
    <longitude>
      <value>52.835</value>
      <uncertainty>6.5</uncertainty>
    </longitude>
    <depth>
      <value>10000</value>
    </depth>
    <depthType>from location</depthType>
    <methodID>smi:eu.emsc-csem/origin_method/NA</methodID>
    <quality>
      <usedPhaseCount>44</usedPhaseCount>
      <usedStationCount>42</usedStationCount>
      <standardError>1.11</standardError>
      <azimuthalGap>84</azimuthalGap>
      <minimumDistance>5.99</minimumDistance>
      <maximumDistance>88.93</maximumDistance>
    </quality>
    <evaluationMode>manual</evaluationMode>
    <creationInfo>
      <agencyURI>smi:smi-registry/organization/EMSC</agencyURI>
      <authorURI>smi:smi-registry/organization/EMSC</authorURI>
    </creationInfo>
    <originUncertainty>
      <azimuthMaxHorizontalUncertainty>53</azimuthMaxHorizontalUncertainty>
    </originUncertainty>
  </origin>
  <magnitude publicID="quakeml:eu.emsc/event/20021006_0000014/origin/1398418/mag/1">
    <mag>
      <value>4.5</value>
      <uncertainty>0.5</uncertainty>
    </mag>
    <type>mb</type>
    <originID>quakeml:eu.emsc/event/20021006_0000014/origin/1398418</originID>
    <stationCount>23</stationCount>
    <creationInfo>
      <agencyURI>smi:smi-registry/organization/EMSC</agencyURI>
      <authorURI>smi:smi-registry/organization/EMSC</authorURI>
    </creationInfo>
  </magnitude>
</event>
<event publicID="quakeml:eu.emsc/event/20021006_0000006">
  <preferredOriginID>quakeml:eu.emsc/event/20021006_0000006/origin/1399269</preferredOriginID>
  <preferredMagnitudeID>quakeml:eu.emsc/event/20021006_0000006/origin/1399269/mag/2</preferredMagnitudeID>
  <creationInfo>
    <agencyURI>smi:smi-registry/organization/EMSC</agencyURI>
    <authorURI>smi:smi-registry/organization/EMSC</authorURI>
    <creationTime>2014-12-03T10:36:37.825029Z</creationTime>
  </creationInfo>
  <description>
    <text>DODECANESE ISLANDS, GREECE</text>
    <type>Flinn-Engdahl region</type>
  </description>
  <origin publicID="quakeml:eu.emsc/event/20021006_0000006/origin/1399269">
    <time>
      <value>2002-10-06T04:59:53.3Z</value>
      <uncertainty>0.28</uncertainty>
    </time>
    <latitude>
      <value>36.7276</value>
      <uncertainty>8.1</uncertainty>
    </latitude>
    <longitude>
      <value>26.5292</value>
      <uncertainty>5.6</uncertainty>
    </longitude>
    <depth>
      <value>5000</value>
    </depth>
    <depthType>from location</depthType>
    <methodID>smi:eu.emsc-csem/origin_method/NA</methodID>
    <quality>
      <usedPhaseCount>11</usedPhaseCount>
      <usedStationCount>10</usedStationCount>
      <standardError>0.8</standardError>
      <azimuthalGap>133</azimuthalGap>
      <minimumDistance>0.87</minimumDistance>
      <maximumDistance>4.48</maximumDistance>
    </quality>
    <evaluationMode>manual</evaluationMode>
    <creationInfo>
      <agencyURI>smi:smi-registry/organization/EMSC</agencyURI>
      <authorURI>smi:smi-registry/organization/EMSC</authorURI>
    </creationInfo>
    <originUncertainty>
      <azimuthMaxHorizontalUncertainty>144</azimuthMaxHorizontalUncertainty>
    </originUncertainty>
  </origin>
  <magnitude publicID="quakeml:eu.emsc/event/20021006_0000006/origin/1399269/mag/2">
    <mag>
      <value>3.9</value>
    </mag>
    <type>ML</type>
    <originID>quakeml:eu.emsc/event/20021006_0000006/origin/1399269</originID>
    <creationInfo>
      <agencyURI>smi:smi-registry/organization/EMSC</agencyURI>
      <authorURI>smi:smi-registry/organization/EMSC</authorURI>
    </creationInfo>
  </magnitude>
</event>
<event publicID="quakeml:eu.emsc/event/20021006_0000005">
  <preferredOriginID>quakeml:eu.emsc/event/20021006_0000005/origin/1399275</preferredOriginID>
  <preferredMagnitudeID>quakeml:eu.emsc/event/20021006_0000005/origin/1399275/mag/2</preferredMagnitudeID>
  <creationInfo>
    <agencyURI>smi:smi-registry/organization/EMSC</agencyURI>
    <authorURI>smi:smi-registry/organization/EMSC</authorURI>
    <creationTime>2014-12-03T11:37:31.12283Z</creationTime>
  </creationInfo>
  <description>
    <text>CYPRUS REGION</text>
    <type>Flinn-Engdahl region</type>
  </description>
  <origin publicID="quakeml:eu.emsc/event/20021006_0000005/origin/1399275">
    <time>
      <value>2002-10-06T03:49:07.7Z</value>
      <uncertainty>0.15</uncertainty>
    </time>
    <latitude>
      <value>35.7325</value>
      <uncertainty>5.1</uncertainty>
    </latitude>
    <longitude>
      <value>33.2936</value>
      <uncertainty>3.5</uncertainty>
    </longitude>
    <depth>
      <value>20000</value>
    </depth>
    <depthType>from location</depthType>
    <methodID>smi:eu.emsc-csem/origin_method/NA</methodID>
    <quality>
      <usedPhaseCount>44</usedPhaseCount>
      <usedStationCount>41</usedStationCount>
      <standardError>0.99</standardError>
      <azimuthalGap>60</azimuthalGap>
      <minimumDistance>0.49</minimumDistance>
      <maximumDistance>9.25</maximumDistance>
    </quality>
    <evaluationMode>manual</evaluationMode>
    <creationInfo>
      <agencyURI>smi:smi-registry/organization/EMSC</agencyURI>
      <authorURI>smi:smi-registry/organization/EMSC</authorURI>
    </creationInfo>
    <originUncertainty>
      <azimuthMaxHorizontalUncertainty>81</azimuthMaxHorizontalUncertainty>
    </originUncertainty>
  </origin>
  <magnitude publicID="quakeml:eu.emsc/event/20021006_0000005/origin/1399275/mag/2">
    <mag>
      <value>3.6</value>
    </mag>
    <type>ML</type>
    <originID>quakeml:eu.emsc/event/20021006_0000005/origin/1399275</originID>
    <creationInfo>
      <agencyURI>smi:smi-registry/organization/EMSC</agencyURI>
      <authorURI>smi:smi-registry/organization/EMSC</authorURI>
    </creationInfo>
  </magnitude>
</event>
<event publicID="quakeml:eu.emsc/event/20021006_0000004">
  <preferredOriginID>quakeml:eu.emsc/event/20021006_0000004/origin/1411826</preferredOriginID>
  <preferredMagnitudeID>quakeml:eu.emsc/event/20021006_0000004/origin/1411826/mag/2</preferredMagnitudeID>
  <creationInfo>
    <agencyURI>smi:smi-registry/organization/EMSC</agencyURI>
    <authorURI>smi:smi-registry/organization/EMSC</authorURI>
    <creationTime>2014-12-10T17:28:34.762824Z</creationTime>
  </creationInfo>
  <description>
    <text>SOUTHERN GREECE</text>
    <type>Flinn-Engdahl region</type>
  </description>
  <origin publicID="quakeml:eu.emsc/event/20021006_0000004/origin/1411826">
    <time>
      <value>2002-10-06T03:28:41.5Z</value>
    </time>
    <latitude>
      <value>37.83</value>
      <uncertainty>9999.9</uncertainty>
    </latitude>
    <longitude>
      <value>21.17</value>
      <uncertainty>9999.9</uncertainty>
    </longitude>
    <depth>
      <value>18000</value>
    </depth>
    <depthType>from location</depthType>
    <methodID>smi:eu.emsc-csem/origin_method/NA</methodID>
    <quality>
      <usedPhaseCount>8</usedPhaseCount>
      <usedStationCount>5</usedStationCount>
      <standardError>7.57</standardError>
      <azimuthalGap>250</azimuthalGap>
      <minimumDistance>0.33</minimumDistance>
      <maximumDistance>3.43</maximumDistance>
    </quality>
    <evaluationMode>manual</evaluationMode>
    <creationInfo>
      <agencyURI>smi:smi-registry/organization/EMSC</agencyURI>
      <authorURI>smi:smi-registry/organization/EMSC</authorURI>
    </creationInfo>
    <originUncertainty>
      <azimuthMaxHorizontalUncertainty>-99</azimuthMaxHorizontalUncertainty>
    </originUncertainty>
  </origin>
  <magnitude publicID="quakeml:eu.emsc/event/20021006_0000004/origin/1411826/mag/2">
    <mag>
      <value>3.5</value>
    </mag>
    <type>MD</type>
    <originID>quakeml:eu.emsc/event/20021006_0000004/origin/1411826</originID>
    <creationInfo>
      <agencyURI>smi:smi-registry/organization/EMSC</agencyURI>
      <authorURI>smi:smi-registry/organization/EMSC</authorURI>
    </creationInfo>
  </magnitude>
</event>
<event publicID="quakeml:eu.emsc/event/20021006_0000018">
  <preferredOriginID>quakeml:eu.emsc/event/20021006_0000018/origin/1398369</preferredOriginID>
  <preferredMagnitudeID>quakeml:eu.emsc/event/20021006_0000018/origin/1398369/mag/1</preferredMagnitudeID>
  <creationInfo>
    <agencyURI>smi:smi-registry/organization/EMSC</agencyURI>
    <authorURI>smi:smi-registry/organization/EMSC</authorURI>
    <creationTime>2014-12-03T15:35:28.689861Z</creationTime>
  </creationInfo>
  <description>
    <text>FRANCE</text>
    <type>Flinn-Engdahl region</type>
  </description>
  <origin publicID="quakeml:eu.emsc/event/20021006_0000018/origin/1398369">
    <time>
      <value>2002-10-06T02:37:26.1Z</value>
      <uncertainty>0.14</uncertainty>
    </time>
    <latitude>
      <value>43.0249</value>
      <uncertainty>2.9</uncertainty>
    </latitude>
    <longitude>
      <value>0.1518</value>
      <uncertainty>2.3</uncertainty>
    </longitude>
    <depth>
      <value>8000</value>
    </depth>
    <depthType>from location</depthType>
    <methodID>smi:eu.emsc-csem/origin_method/NA</methodID>
    <quality>
      <usedPhaseCount>22</usedPhaseCount>
      <usedStationCount>12</usedStationCount>
      <standardError>0.68</standardError>
      <azimuthalGap>115</azimuthalGap>
      <minimumDistance>0.14</minimumDistance>
      <maximumDistance>2.07</maximumDistance>
    </quality>
    <evaluationMode>manual</evaluationMode>
    <creationInfo>
      <agencyURI>smi:smi-registry/organization/EMSC</agencyURI>
      <authorURI>smi:smi-registry/organization/EMSC</authorURI>
    </creationInfo>
    <originUncertainty>
      <azimuthMaxHorizontalUncertainty>120</azimuthMaxHorizontalUncertainty>
    </originUncertainty>
  </origin>
  <magnitude publicID="quakeml:eu.emsc/event/20021006_0000018/origin/1398369/mag/1">
    <mag>
      <value>1.9</value>
      <uncertainty>0.5</uncertainty>
    </mag>
    <type>ML</type>
    <originID>quakeml:eu.emsc/event/20021006_0000018/origin/1398369</originID>
    <stationCount>9</stationCount>
    <creationInfo>
      <agencyURI>smi:smi-registry/organization/EMSC</agencyURI>
      <authorURI>smi:smi-registry/organization/EMSC</authorURI>
    </creationInfo>
  </magnitude>
</event>
<event publicID="quakeml:eu.emsc/event/20021006_0000001">
  <preferredOriginID>quakeml:eu.emsc/event/20021006_0000001/origin/1399278</preferredOriginID>
  <preferredMagnitudeID>quakeml:eu.emsc/event/20021006_0000001/origin/1399278/mag/1</preferredMagnitudeID>
  <creationInfo>
    <agencyURI>smi:smi-registry/organization/EMSC</agencyURI>
    <authorURI>smi:smi-registry/organization/EMSC</authorURI>
    <creationTime>2014-12-03T10:36:40.80506Z</creationTime>
  </creationInfo>
  <description>
    <text>NORTH ATLANTIC OCEAN</text>
    <type>Flinn-Engdahl region</type>
  </description>
  <origin publicID="quakeml:eu.emsc/event/20021006_0000001/origin/1399278">
    <time>
      <value>2002-10-06T02:36:48.2Z</value>
      <uncertainty>0.36</uncertainty>
    </time>
    <latitude>
      <value>43.3611</value>
      <uncertainty>7.7</uncertainty>
    </latitude>
    <longitude>
      <value>-14.0086</value>
      <uncertainty>5.7</uncertainty>
    </longitude>
    <depth>
      <value>40000</value>
    </depth>
    <depthType>from location</depthType>
    <methodID>smi:eu.emsc-csem/origin_method/NA</methodID>
    <quality>
      <usedPhaseCount>22</usedPhaseCount>
      <usedStationCount>18</usedStationCount>
      <standardError>0.35</standardError>
      <azimuthalGap>304</azimuthalGap>
      <minimumDistance>3.7</minimumDistance>
      <maximumDistance>7.66</maximumDistance>
    </quality>
    <evaluationMode>manual</evaluationMode>
    <creationInfo>
      <agencyURI>smi:smi-registry/organization/EMSC</agencyURI>
      <authorURI>smi:smi-registry/organization/EMSC</authorURI>
    </creationInfo>
    <originUncertainty>
      <azimuthMaxHorizontalUncertainty>151</azimuthMaxHorizontalUncertainty>
    </originUncertainty>
  </origin>
  <magnitude publicID="quakeml:eu.emsc/event/20021006_0000001/origin/1399278/mag/1">
    <mag>
      <value>3.4</value>
      <uncertainty>0.3</uncertainty>
    </mag>
    <type>ML</type>
    <originID>quakeml:eu.emsc/event/20021006_0000001/origin/1399278</originID>
    <stationCount>7</stationCount>
    <creationInfo>
      <agencyURI>smi:smi-registry/organization/EMSC</agencyURI>
      <authorURI>smi:smi-registry/organization/EMSC</authorURI>
    </creationInfo>
  </magnitude>
</event>
<event publicID="quakeml:eu.emsc/event/20021006_0000020">
  <preferredOriginID>quakeml:eu.emsc/event/20021006_0000020/origin/1411828</preferredOriginID>
  <preferredMagnitudeID>quakeml:eu.emsc/event/20021006_0000020/origin/1411828/mag/2</preferredMagnitudeID>
  <creationInfo>
    <agencyURI>smi:smi-registry/organization/EMSC</agencyURI>
    <authorURI>smi:smi-registry/organization/EMSC</authorURI>
    <creationTime>2014-12-10T18:58:45.645116Z</creationTime>
  </creationInfo>
  <description>
    <text>PYRENEES</text>
    <type>Flinn-Engdahl region</type>
  </description>
  <origin publicID="quakeml:eu.emsc/event/20021006_0000020/origin/1411828">
    <time>
      <value>2002-10-06T02:06:56.6Z</value>
    </time>
    <latitude>
      <value>43.0631</value>
      <uncertainty>9999.9</uncertainty>
    </latitude>
    <longitude>
      <value>-0.8409</value>
      <uncertainty>9999.9</uncertainty>
    </longitude>
    <depth>
      <value>10700.0</value>
    </depth>
    <depthType>from location</depthType>
    <methodID>smi:eu.emsc-csem/origin_method/NA</methodID>
    <quality>
      <usedPhaseCount>19</usedPhaseCount>
      <usedStationCount>11</usedStationCount>
      <standardError>1.2</standardError>
      <azimuthalGap>102</azimuthalGap>
      <minimumDistance>0.11</minimumDistance>
      <maximumDistance>2.25</maximumDistance>
    </quality>
    <evaluationMode>manual</evaluationMode>
    <creationInfo>
      <agencyURI>smi:smi-registry/organization/EMSC</agencyURI>
      <authorURI>smi:smi-registry/organization/EMSC</authorURI>
    </creationInfo>
    <originUncertainty>
      <azimuthMaxHorizontalUncertainty>-99</azimuthMaxHorizontalUncertainty>
    </originUncertainty>
  </origin>
  <magnitude publicID="quakeml:eu.emsc/event/20021006_0000020/origin/1411828/mag/2">
    <mag>
      <value>1</value>
      <uncertainty>0.3</uncertainty>
    </mag>
    <type>mb</type>
    <originID>quakeml:eu.emsc/event/20021006_0000020/origin/1411828</originID>
    <stationCount>4</stationCount>
    <creationInfo>
      <agencyURI>smi:smi-registry/organization/EMSC</agencyURI>
      <authorURI>smi:smi-registry/organization/EMSC</authorURI>
    </creationInfo>
  </magnitude>
</event>
</eventParameters>
</q:quakeml>
