<?xml version="1.0"?>
<q:quakeml xmlns:q="http://quakeml.org/xmlns/quakeml/1.2"  xmlns="http://quakeml.org/xmlns/bed/1.2">
<eventParameters publicID="smi:eu.emsc/unid">
<event publicID="quakeml:eu.emsc/event/20020404_0000009">
  <preferredOriginID>quakeml:eu.emsc/event/20020404_0000009/origin/1408786</preferredOriginID>
  <preferredMagnitudeID>quakeml:eu.emsc/event/20020404_0000009/origin/1408786/mag/2</preferredMagnitudeID>
  <creationInfo>
    <agencyURI>smi:smi-registry/organization/EMSC</agencyURI>
    <authorURI>smi:smi-registry/organization/EMSC</authorURI>
    <creationTime>2014-12-03T10:36:34.286021Z</creationTime>
  </creationInfo>
  <description>
    <text>EASTERN MEDITERRANEAN SEA</text>
    <type>Flinn-Engdahl region</type>
  </description>
  <origin publicID="quakeml:eu.emsc/event/20020404_0000009/origin/1408786">
    <time>
      <value>2002-04-04T21:20:12.1Z</value>
      <uncertainty>1.03</uncertainty>
    </time>
    <latitude>
      <value>34.2477</value>
      <uncertainty>24.5</uncertainty>
    </latitude>
    <longitude>
      <value>27.148</value>
      <uncertainty>8.1</uncertainty>
    </longitude>
    <depth>
      <value>100000</value>
    </depth>
    <depthType>from location</depthType>
    <methodID>smi:eu.emsc-csem/origin_method/NA</methodID>
    <quality>
      <usedPhaseCount>23</usedPhaseCount>
      <usedStationCount>21</usedStationCount>
      <standardError>0.97</standardError>
      <azimuthalGap>272</azimuthalGap>
      <minimumDistance>3.29</minimumDistance>
      <maximumDistance>8.52</maximumDistance>
    </quality>
    <evaluationMode>manual</evaluationMode>
    <creationInfo>
      <agencyURI>smi:smi-registry/organization/EMSC</agencyURI>
      <authorURI>smi:smi-registry/organization/EMSC</authorURI>
    </creationInfo>
    <originUncertainty>
      <azimuthMaxHorizontalUncertainty>173</azimuthMaxHorizontalUncertainty>
    </originUncertainty>
  </origin>
  <magnitude publicID="quakeml:eu.emsc/event/20020404_0000009/origin/1408786/mag/2">
    <mag>
      <value>3.8</value>
    </mag>
    <type>ML</type>
    <originID>quakeml:eu.emsc/event/20020404_0000009/origin/1408786</originID>
    <creationInfo>
      <agencyURI>smi:smi-registry/organization/EMSC</agencyURI>
      <authorURI>smi:smi-registry/organization/EMSC</authorURI>
    </creationInfo>
  </magnitude>
</event>
<event publicID="quakeml:eu.emsc/event/20020404_0000008">
  <preferredOriginID>quakeml:eu.emsc/event/20020404_0000008/origin/1408790</preferredOriginID>
  <preferredMagnitudeID>quakeml:eu.emsc/event/20020404_0000008/origin/1408790/mag/1</preferredMagnitudeID>
  <creationInfo>
    <agencyURI>smi:smi-registry/organization/EMSC</agencyURI>
    <authorURI>smi:smi-registry/organization/EMSC</authorURI>
    <creationTime>2014-12-03T11:54:21.847904Z</creationTime>
  </creationInfo>
  <description>
    <text>SOUTHERN IRAN</text>
    <type>Flinn-Engdahl region</type>
  </description>
  <origin publicID="quakeml:eu.emsc/event/20020404_0000008/origin/1408790">
    <time>
      <value>2002-04-04T20:32:12.8Z</value>
      <uncertainty>0.25</uncertainty>
    </time>
    <latitude>
      <value>28.2127</value>
      <uncertainty>10.8</uncertainty>
    </latitude>
    <longitude>
      <value>52.6871</value>
      <uncertainty>7.4</uncertainty>
    </longitude>
    <depth>
      <value>10000</value>
    </depth>
    <depthType>from location</depthType>
    <methodID>smi:eu.emsc-csem/origin_method/NA</methodID>
    <quality>
      <usedPhaseCount>36</usedPhaseCount>
      <usedStationCount>36</usedStationCount>
      <standardError>1.09</standardError>
      <azimuthalGap>114</azimuthalGap>
      <minimumDistance>4.56</minimumDistance>
      <maximumDistance>89.04</maximumDistance>
    </quality>
    <evaluationMode>manual</evaluationMode>
    <creationInfo>
      <agencyURI>smi:smi-registry/organization/EMSC</agencyURI>
      <authorURI>smi:smi-registry/organization/EMSC</authorURI>
    </creationInfo>
    <originUncertainty>
      <azimuthMaxHorizontalUncertainty>153</azimuthMaxHorizontalUncertainty>
    </originUncertainty>
  </origin>
  <magnitude publicID="quakeml:eu.emsc/event/20020404_0000008/origin/1408790/mag/1">
    <mag>
      <value>4.1</value>
      <uncertainty>0.3</uncertainty>
    </mag>
    <type>mb</type>
    <originID>quakeml:eu.emsc/event/20020404_0000008/origin/1408790</originID>
    <stationCount>7</stationCount>
    <creationInfo>
      <agencyURI>smi:smi-registry/organization/EMSC</agencyURI>
      <authorURI>smi:smi-registry/organization/EMSC</authorURI>
    </creationInfo>
  </magnitude>
</event>
<event publicID="quakeml:eu.emsc/event/20020404_0000011">
  <preferredOriginID>quakeml:eu.emsc/event/20020404_0000011/origin/1408207</preferredOriginID>
  <preferredMagnitudeID>quakeml:eu.emsc/event/20020404_0000011/origin/1408207/mag/1</preferredMagnitudeID>
  <creationInfo>
    <agencyURI>smi:smi-registry/organization/EMSC</agencyURI>
    <authorURI>smi:smi-registry/organization/EMSC</authorURI>
    <creationTime>2014-12-03T15:03:12.216839Z</creationTime>
  </creationInfo>
  <description>
    <text>NORTHERN ITALY</text>
    <type>Flinn-Engdahl region</type>
  </description>
  <origin publicID="quakeml:eu.emsc/event/20020404_0000011/origin/1408207">
    <time>
      <value>2002-04-04T17:51:58.3Z</value>
      <uncertainty>0.06</uncertainty>
    </time>
    <latitude>
      <value>44.5093</value>
      <uncertainty>1.5</uncertainty>
    </latitude>
    <longitude>
      <value>7.2428</value>
      <uncertainty>0.9</uncertainty>
    </longitude>
    <depth>
      <value>12000</value>
    </depth>
    <depthType>from location</depthType>
    <methodID>smi:eu.emsc-csem/origin_method/NA</methodID>
    <quality>
      <usedPhaseCount>54</usedPhaseCount>
      <usedStationCount>29</usedStationCount>
      <standardError>0.43</standardError>
      <azimuthalGap>79</azimuthalGap>
      <minimumDistance>0.1</minimumDistance>
      <maximumDistance>1.87</maximumDistance>
    </quality>
    <evaluationMode>manual</evaluationMode>
    <creationInfo>
      <agencyURI>smi:smi-registry/organization/EMSC</agencyURI>
      <authorURI>smi:smi-registry/organization/EMSC</authorURI>
    </creationInfo>
    <originUncertainty>
      <azimuthMaxHorizontalUncertainty>60</azimuthMaxHorizontalUncertainty>
    </originUncertainty>
  </origin>
  <magnitude publicID="quakeml:eu.emsc/event/20020404_0000011/origin/1408207/mag/1">
    <mag>
      <value>2.1</value>
      <uncertainty>0.3</uncertainty>
    </mag>
    <type>ML</type>
    <originID>quakeml:eu.emsc/event/20020404_0000011/origin/1408207</originID>
    <stationCount>8</stationCount>
    <creationInfo>
      <agencyURI>smi:smi-registry/organization/EMSC</agencyURI>
      <authorURI>smi:smi-registry/organization/EMSC</authorURI>
    </creationInfo>
  </magnitude>
</event>
<event publicID="quakeml:eu.emsc/event/20020404_0000007">
  <preferredOriginID>quakeml:eu.emsc/event/20020404_0000007/origin/1408793</preferredOriginID>
  <preferredMagnitudeID>quakeml:eu.emsc/event/20020404_0000007/origin/1408793/mag/2</preferredMagnitudeID>
  <creationInfo>
    <agencyURI>smi:smi-registry/organization/EMSC</agencyURI>
    <authorURI>smi:smi-registry/organization/EMSC</authorURI>
    <creationTime>2014-12-03T10:27:17.922346Z</creationTime>
  </creationInfo>
  <description>
    <text>STRAIT OF GIBRALTAR</text>
    <type>Flinn-Engdahl region</type>
  </description>
  <origin publicID="quakeml:eu.emsc/event/20020404_0000007/origin/1408793">
    <time>
      <value>2002-04-04T17:30:41.2Z</value>
      <uncertainty>0.48</uncertainty>
    </time>
    <latitude>
      <value>36.6363</value>
      <uncertainty>10.5</uncertainty>
    </latitude>
    <longitude>
      <value>-7.9716</value>
      <uncertainty>5.3</uncertainty>
    </longitude>
    <depth>
      <value>60000</value>
    </depth>
    <depthType>from location</depthType>
    <methodID>smi:eu.emsc-csem/origin_method/NA</methodID>
    <quality>
      <usedPhaseCount>19</usedPhaseCount>
      <usedStationCount>12</usedStationCount>
      <standardError>0.79</standardError>
      <azimuthalGap>253</azimuthalGap>
      <minimumDistance>0.92</minimumDistance>
      <maximumDistance>4.45</maximumDistance>
    </quality>
    <evaluationMode>manual</evaluationMode>
    <creationInfo>
      <agencyURI>smi:smi-registry/organization/EMSC</agencyURI>
      <authorURI>smi:smi-registry/organization/EMSC</authorURI>
    </creationInfo>
    <originUncertainty>
      <azimuthMaxHorizontalUncertainty>20</azimuthMaxHorizontalUncertainty>
    </originUncertainty>
  </origin>
  <magnitude publicID="quakeml:eu.emsc/event/20020404_0000007/origin/1408793/mag/2">
    <mag>
      <value>3.5</value>
      <uncertainty>0.1</uncertainty>
    </mag>
    <type>mb</type>
    <originID>quakeml:eu.emsc/event/20020404_0000007/origin/1408793</originID>
    <stationCount>8</stationCount>
    <creationInfo>
      <agencyURI>smi:smi-registry/organization/EMSC</agencyURI>
      <authorURI>smi:smi-registry/organization/EMSC</authorURI>
    </creationInfo>
  </magnitude>
</event>
<event publicID="quakeml:eu.emsc/event/20020404_0000005">
  <preferredOriginID>quakeml:eu.emsc/event/20020404_0000005/origin/1408800</preferredOriginID>
  <preferredMagnitudeID>quakeml:eu.emsc/event/20020404_0000005/origin/1408800/mag/1</preferredMagnitudeID>
  <creationInfo>
    <agencyURI>smi:smi-registry/organization/EMSC</agencyURI>
    <authorURI>smi:smi-registry/organization/EMSC</authorURI>
    <creationTime>2014-12-03T11:50:36.840529Z</creationTime>
  </creationInfo>
  <description>
    <text>SOUTHERN IRAN</text>
    <type>Flinn-Engdahl region</type>
  </description>
  <origin publicID="quakeml:eu.emsc/event/20020404_0000005/origin/1408800">
    <time>
      <value>2002-04-04T15:44:32.9Z</value>
      <uncertainty>0.18</uncertainty>
    </time>
    <latitude>
      <value>27.1187</value>
      <uncertainty>7.9</uncertainty>
    </latitude>
    <longitude>
      <value>55.2764</value>
      <uncertainty>4.2</uncertainty>
    </longitude>
    <depth>
      <value>10000</value>
    </depth>
    <depthType>from location</depthType>
    <methodID>smi:eu.emsc-csem/origin_method/NA</methodID>
    <quality>
      <usedPhaseCount>105</usedPhaseCount>
      <usedStationCount>102</usedStationCount>
      <standardError>0.78</standardError>
      <azimuthalGap>117</azimuthalGap>
      <minimumDistance>5.37</minimumDistance>
      <maximumDistance>90.33</maximumDistance>
    </quality>
    <evaluationMode>manual</evaluationMode>
    <creationInfo>
      <agencyURI>smi:smi-registry/organization/EMSC</agencyURI>
      <authorURI>smi:smi-registry/organization/EMSC</authorURI>
    </creationInfo>
    <originUncertainty>
      <azimuthMaxHorizontalUncertainty>175</azimuthMaxHorizontalUncertainty>
    </originUncertainty>
  </origin>
  <magnitude publicID="quakeml:eu.emsc/event/20020404_0000005/origin/1408800/mag/1">
    <mag>
      <value>4.9</value>
      <uncertainty>0.3</uncertainty>
    </mag>
    <type>mb</type>
    <originID>quakeml:eu.emsc/event/20020404_0000005/origin/1408800</originID>
    <stationCount>52</stationCount>
    <creationInfo>
      <agencyURI>smi:smi-registry/organization/EMSC</agencyURI>
      <authorURI>smi:smi-registry/organization/EMSC</authorURI>
    </creationInfo>
  </magnitude>
</event>
<event publicID="quakeml:eu.emsc/event/20020404_0000004">
  <preferredOriginID>quakeml:eu.emsc/event/20020404_0000004/origin/1408804</preferredOriginID>
  <preferredMagnitudeID>quakeml:eu.emsc/event/20020404_0000004/origin/1408804/mag/2</preferredMagnitudeID>
  <creationInfo>
    <agencyURI>smi:smi-registry/organization/EMSC</agencyURI>
    <authorURI>smi:smi-registry/organization/EMSC</authorURI>
    <creationTime>2014-12-03T11:03:29.435352Z</creationTime>
  </creationInfo>
  <description>
    <text>GREECE</text>
    <type>Flinn-Engdahl region</type>
  </description>
  <origin publicID="quakeml:eu.emsc/event/20020404_0000004/origin/1408804">
    <time>
      <value>2002-04-04T11:27:18.9Z</value>
      <uncertainty>0.21</uncertainty>
    </time>
    <latitude>
      <value>39.0047</value>
      <uncertainty>4.7</uncertainty>
    </latitude>
    <longitude>
      <value>22.2024</value>
      <uncertainty>4.3</uncertainty>
    </longitude>
    <depth>
      <value>15000</value>
    </depth>
    <depthType>from location</depthType>
    <methodID>smi:eu.emsc-csem/origin_method/NA</methodID>
    <quality>
      <usedPhaseCount>36</usedPhaseCount>
      <usedStationCount>28</usedStationCount>
      <standardError>1.04</standardError>
      <azimuthalGap>37</azimuthalGap>
      <minimumDistance>0.1</minimumDistance>
      <maximumDistance>22.59</maximumDistance>
    </quality>
    <evaluationMode>manual</evaluationMode>
    <creationInfo>
      <agencyURI>smi:smi-registry/organization/EMSC</agencyURI>
      <authorURI>smi:smi-registry/organization/EMSC</authorURI>
    </creationInfo>
    <originUncertainty>
      <azimuthMaxHorizontalUncertainty>156</azimuthMaxHorizontalUncertainty>
    </originUncertainty>
  </origin>
  <magnitude publicID="quakeml:eu.emsc/event/20020404_0000004/origin/1408804/mag/2">
    <mag>
      <value>3.2</value>
    </mag>
    <type>ML</type>
    <originID>quakeml:eu.emsc/event/20020404_0000004/origin/1408804</originID>
    <creationInfo>
      <agencyURI>smi:smi-registry/organization/EMSC</agencyURI>
      <authorURI>smi:smi-registry/organization/EMSC</authorURI>
    </creationInfo>
  </magnitude>
</event>
<event publicID="quakeml:eu.emsc/event/20020404_0000003">
  <preferredOriginID>quakeml:eu.emsc/event/20020404_0000003/origin/1408808</preferredOriginID>
  <preferredMagnitudeID>quakeml:eu.emsc/event/20020404_0000003/origin/1408808/mag/2</preferredMagnitudeID>
  <creationInfo>
    <agencyURI>smi:smi-registry/organization/EMSC</agencyURI>
    <authorURI>smi:smi-registry/organization/EMSC</authorURI>
    <creationTime>2014-12-03T11:19:03.434729Z</creationTime>
  </creationInfo>
  <description>
    <text>GREECE</text>
    <type>Flinn-Engdahl region</type>
  </description>
  <origin publicID="quakeml:eu.emsc/event/20020404_0000003/origin/1408808">
    <time>
      <value>2002-04-04T11:24:03.4Z</value>
      <uncertainty>0.21</uncertainty>
    </time>
    <latitude>
      <value>38.9792</value>
      <uncertainty>5</uncertainty>
    </latitude>
    <longitude>
      <value>22.165</value>
      <uncertainty>4.4</uncertainty>
    </longitude>
    <depth>
      <value>10000</value>
    </depth>
    <depthType>from location</depthType>
    <methodID>smi:eu.emsc-csem/origin_method/NA</methodID>
    <quality>
      <usedPhaseCount>28</usedPhaseCount>
      <usedStationCount>23</usedStationCount>
      <standardError>0.91</standardError>
      <azimuthalGap>51</azimuthalGap>
      <minimumDistance>0.14</minimumDistance>
      <maximumDistance>3.69</maximumDistance>
    </quality>
    <evaluationMode>manual</evaluationMode>
    <creationInfo>
      <agencyURI>smi:smi-registry/organization/EMSC</agencyURI>
      <authorURI>smi:smi-registry/organization/EMSC</authorURI>
    </creationInfo>
    <originUncertainty>
      <azimuthMaxHorizontalUncertainty>161</azimuthMaxHorizontalUncertainty>
    </originUncertainty>
  </origin>
  <magnitude publicID="quakeml:eu.emsc/event/20020404_0000003/origin/1408808/mag/2">
    <mag>
      <value>3</value>
    </mag>
    <type>ML</type>
    <originID>quakeml:eu.emsc/event/20020404_0000003/origin/1408808</originID>
    <creationInfo>
      <agencyURI>smi:smi-registry/organization/EMSC</agencyURI>
      <authorURI>smi:smi-registry/organization/EMSC</authorURI>
    </creationInfo>
  </magnitude>
</event>
<event publicID="quakeml:eu.emsc/event/20020404_0000002">
  <preferredOriginID>quakeml:eu.emsc/event/20020404_0000002/origin/1408810</preferredOriginID>
  <preferredMagnitudeID>quakeml:eu.emsc/event/20020404_0000002/origin/1408810/mag/2</preferredMagnitudeID>
  <creationInfo>
    <agencyURI>smi:smi-registry/organization/EMSC</agencyURI>
    <authorURI>smi:smi-registry/organization/EMSC</authorURI>
    <creationTime>2014-12-03T11:50:36.986878Z</creationTime>
  </creationInfo>
  <description>
    <text>CRETE, GREECE</text>
    <type>Flinn-Engdahl region</type>
  </description>
  <origin publicID="quakeml:eu.emsc/event/20020404_0000002/origin/1408810">
    <time>
      <value>2002-04-04T03:05:41.3Z</value>
      <uncertainty>0.36</uncertainty>
    </time>
    <latitude>
      <value>35.4174</value>
      <uncertainty>15.3</uncertainty>
    </latitude>
    <longitude>
      <value>26.2134</value>
      <uncertainty>5.4</uncertainty>
    </longitude>
    <depth>
      <value>10000</value>
    </depth>
    <depthType>from location</depthType>
    <methodID>smi:eu.emsc-csem/origin_method/NA</methodID>
    <quality>
      <usedPhaseCount>9</usedPhaseCount>
      <usedStationCount>8</usedStationCount>
      <standardError>0.67</standardError>
      <azimuthalGap>187</azimuthalGap>
      <minimumDistance>0.52</minimumDistance>
      <maximumDistance>3.27</maximumDistance>
    </quality>
    <evaluationMode>manual</evaluationMode>
    <creationInfo>
      <agencyURI>smi:smi-registry/organization/EMSC</agencyURI>
      <authorURI>smi:smi-registry/organization/EMSC</authorURI>
    </creationInfo>
    <originUncertainty>
      <azimuthMaxHorizontalUncertainty>158</azimuthMaxHorizontalUncertainty>
    </originUncertainty>
  </origin>
  <magnitude publicID="quakeml:eu.emsc/event/20020404_0000002/origin/1408810/mag/2">
    <mag>
      <value>3.6</value>
    </mag>
    <type>MD</type>
    <originID>quakeml:eu.emsc/event/20020404_0000002/origin/1408810</originID>
    <creationInfo>
      <agencyURI>smi:smi-registry/organization/EMSC</agencyURI>
      <authorURI>smi:smi-registry/organization/EMSC</authorURI>
    </creationInfo>
  </magnitude>
</event>
<event publicID="quakeml:eu.emsc/event/20020404_0000001">
  <preferredOriginID>quakeml:eu.emsc/event/20020404_0000001/origin/1408814</preferredOriginID>
  <preferredMagnitudeID>quakeml:eu.emsc/event/20020404_0000001/origin/1408814/mag/2</preferredMagnitudeID>
  <creationInfo>
    <agencyURI>smi:smi-registry/organization/EMSC</agencyURI>
    <authorURI>smi:smi-registry/organization/EMSC</authorURI>
    <creationTime>2014-12-03T12:17:50.617534Z</creationTime>
  </creationInfo>
  <description>
    <text>DODECANESE ISLANDS, GREECE</text>
    <type>Flinn-Engdahl region</type>
  </description>
  <origin publicID="quakeml:eu.emsc/event/20020404_0000001/origin/1408814">
    <time>
      <value>2002-04-04T00:22:48.7Z</value>
      <uncertainty>0.27</uncertainty>
    </time>
    <latitude>
      <value>36.635</value>
      <uncertainty>9.7</uncertainty>
    </latitude>
    <longitude>
      <value>25.7535</value>
      <uncertainty>7.1</uncertainty>
    </longitude>
    <depth>
      <value>2000</value>
    </depth>
    <depthType>from location</depthType>
    <methodID>smi:eu.emsc-csem/origin_method/NA</methodID>
    <quality>
      <usedPhaseCount>13</usedPhaseCount>
      <usedStationCount>13</usedStationCount>
      <standardError>0.8</standardError>
      <azimuthalGap>63</azimuthalGap>
      <minimumDistance>1.37</minimumDistance>
      <maximumDistance>9.6</maximumDistance>
    </quality>
    <evaluationMode>manual</evaluationMode>
    <creationInfo>
      <agencyURI>smi:smi-registry/organization/EMSC</agencyURI>
      <authorURI>smi:smi-registry/organization/EMSC</authorURI>
    </creationInfo>
    <originUncertainty>
      <azimuthMaxHorizontalUncertainty>73</azimuthMaxHorizontalUncertainty>
    </originUncertainty>
  </origin>
  <magnitude publicID="quakeml:eu.emsc/event/20020404_0000001/origin/1408814/mag/2">
    <mag>
      <value>3.6</value>
    </mag>
    <type>ML</type>
    <originID>quakeml:eu.emsc/event/20020404_0000001/origin/1408814</originID>
    <creationInfo>
      <agencyURI>smi:smi-registry/organization/EMSC</agencyURI>
      <authorURI>smi:smi-registry/organization/EMSC</authorURI>
    </creationInfo>
  </magnitude>
</event>
<event publicID="quakeml:eu.emsc/event/20020404_0000012">
  <preferredOriginID>quakeml:eu.emsc/event/20020404_0000012/origin/1414540</preferredOriginID>
  <preferredMagnitudeID>quakeml:eu.emsc/event/20020404_0000012/origin/1414540/mag/2</preferredMagnitudeID>
  <creationInfo>
    <agencyURI>smi:smi-registry/organization/EMSC</agencyURI>
    <authorURI>smi:smi-registry/organization/EMSC</authorURI>
    <creationTime>2014-12-10T18:35:36.17742Z</creationTime>
  </creationInfo>
  <description>
    <text>NORTHERN ITALY</text>
    <type>Flinn-Engdahl region</type>
  </description>
  <origin publicID="quakeml:eu.emsc/event/20020404_0000012/origin/1414540">
    <time>
      <value>2002-04-04T00:13:28.0Z</value>
    </time>
    <latitude>
      <value>44.5658</value>
      <uncertainty>9999.9</uncertainty>
    </latitude>
    <longitude>
      <value>8.675</value>
      <uncertainty>9999.9</uncertainty>
    </longitude>
    <depth>
      <value>5600.0</value>
    </depth>
    <depthType>from location</depthType>
    <methodID>smi:eu.emsc-csem/origin_method/NA</methodID>
    <quality>
      <usedPhaseCount>12</usedPhaseCount>
      <usedStationCount>8</usedStationCount>
      <standardError>4.41</standardError>
      <azimuthalGap>245</azimuthalGap>
      <minimumDistance>0.1</minimumDistance>
      <maximumDistance>1.17</maximumDistance>
    </quality>
    <evaluationMode>manual</evaluationMode>
    <creationInfo>
      <agencyURI>smi:smi-registry/organization/EMSC</agencyURI>
      <authorURI>smi:smi-registry/organization/EMSC</authorURI>
    </creationInfo>
    <originUncertainty>
      <azimuthMaxHorizontalUncertainty>-99</azimuthMaxHorizontalUncertainty>
    </originUncertainty>
  </origin>
  <magnitude publicID="quakeml:eu.emsc/event/20020404_0000012/origin/1414540/mag/2">
    <mag>
      <value>2.1</value>
    </mag>
    <type>ML</type>
    <originID>quakeml:eu.emsc/event/20020404_0000012/origin/1414540</originID>
    <creationInfo>
      <agencyURI>smi:smi-registry/organization/EMSC</agencyURI>
      <authorURI>smi:smi-registry/organization/EMSC</authorURI>
    </creationInfo>
  </magnitude>
</event>
</eventParameters>
</q:quakeml>
