<?xml version="1.0"?>
<q:quakeml xmlns:q="http://quakeml.org/xmlns/quakeml/1.2"  xmlns="http://quakeml.org/xmlns/bed/1.2">
<eventParameters publicID="smi:eu.emsc/unid">
<event publicID="quakeml:eu.emsc/event/20020602_0000012">
  <preferredOriginID>quakeml:eu.emsc/event/20020602_0000012/origin/1413746</preferredOriginID>
  <preferredMagnitudeID>quakeml:eu.emsc/event/20020602_0000012/origin/1413746/mag/2</preferredMagnitudeID>
  <creationInfo>
    <agencyURI>smi:smi-registry/organization/EMSC</agencyURI>
    <authorURI>smi:smi-registry/organization/EMSC</authorURI>
    <creationTime>2014-12-10T16:36:27.48284Z</creationTime>
  </creationInfo>
  <description>
    <text>CANARY ISLANDS, SPAIN REGION</text>
    <type>Flinn-Engdahl region</type>
  </description>
  <origin publicID="quakeml:eu.emsc/event/20020602_0000012/origin/1413746">
    <time>
      <value>2002-06-02T23:53:39.4Z</value>
    </time>
    <latitude>
      <value>27.7135</value>
      <uncertainty>9999.9</uncertainty>
    </latitude>
    <longitude>
      <value>-18.1565</value>
      <uncertainty>9999.9</uncertainty>
    </longitude>
    <depth>
      <value>35000</value>
    </depth>
    <depthType>from location</depthType>
    <methodID>smi:eu.emsc-csem/origin_method/NA</methodID>
    <quality>
      <usedPhaseCount>12</usedPhaseCount>
      <usedStationCount>7</usedStationCount>
      <standardError>2.82</standardError>
      <azimuthalGap>294</azimuthalGap>
      <minimumDistance>0.06</minimumDistance>
      <maximumDistance>3.67</maximumDistance>
    </quality>
    <evaluationMode>manual</evaluationMode>
    <creationInfo>
      <agencyURI>smi:smi-registry/organization/EMSC</agencyURI>
      <authorURI>smi:smi-registry/organization/EMSC</authorURI>
    </creationInfo>
    <originUncertainty>
      <azimuthMaxHorizontalUncertainty>-99</azimuthMaxHorizontalUncertainty>
    </originUncertainty>
  </origin>
  <magnitude publicID="quakeml:eu.emsc/event/20020602_0000012/origin/1413746/mag/2">
    <mag>
      <value>2.1</value>
      <uncertainty>0.2</uncertainty>
    </mag>
    <type>mb</type>
    <originID>quakeml:eu.emsc/event/20020602_0000012/origin/1413746</originID>
    <stationCount>7</stationCount>
    <creationInfo>
      <agencyURI>smi:smi-registry/organization/EMSC</agencyURI>
      <authorURI>smi:smi-registry/organization/EMSC</authorURI>
    </creationInfo>
  </magnitude>
</event>
<event publicID="quakeml:eu.emsc/event/20020602_0000014">
  <preferredOriginID>quakeml:eu.emsc/event/20020602_0000014/origin/1413748</preferredOriginID>
  <preferredMagnitudeID>quakeml:eu.emsc/event/20020602_0000014/origin/1413748/mag/2</preferredMagnitudeID>
  <creationInfo>
    <agencyURI>smi:smi-registry/organization/EMSC</agencyURI>
    <authorURI>smi:smi-registry/organization/EMSC</authorURI>
    <creationTime>2014-12-10T18:36:58.573283Z</creationTime>
  </creationInfo>
  <description>
    <text>NORTHERN ITALY</text>
    <type>Flinn-Engdahl region</type>
  </description>
  <origin publicID="quakeml:eu.emsc/event/20020602_0000014/origin/1413748">
    <time>
      <value>2002-06-02T22:51:48.5Z</value>
    </time>
    <latitude>
      <value>44.201</value>
      <uncertainty>9999.9</uncertainty>
    </latitude>
    <longitude>
      <value>7.5307</value>
      <uncertainty>9999.9</uncertainty>
    </longitude>
    <depth>
      <value>3600.0</value>
    </depth>
    <depthType>from location</depthType>
    <methodID>smi:eu.emsc-csem/origin_method/NA</methodID>
    <quality>
      <usedPhaseCount>15</usedPhaseCount>
      <usedStationCount>9</usedStationCount>
      <standardError>3.38</standardError>
      <azimuthalGap>114</azimuthalGap>
      <minimumDistance>0.08</minimumDistance>
      <maximumDistance>0.8</maximumDistance>
    </quality>
    <evaluationMode>manual</evaluationMode>
    <creationInfo>
      <agencyURI>smi:smi-registry/organization/EMSC</agencyURI>
      <authorURI>smi:smi-registry/organization/EMSC</authorURI>
    </creationInfo>
    <originUncertainty>
      <azimuthMaxHorizontalUncertainty>-99</azimuthMaxHorizontalUncertainty>
    </originUncertainty>
  </origin>
  <magnitude publicID="quakeml:eu.emsc/event/20020602_0000014/origin/1413748/mag/2">
    <mag>
      <value>2.1</value>
    </mag>
    <type>ML</type>
    <originID>quakeml:eu.emsc/event/20020602_0000014/origin/1413748</originID>
    <creationInfo>
      <agencyURI>smi:smi-registry/organization/EMSC</agencyURI>
      <authorURI>smi:smi-registry/organization/EMSC</authorURI>
    </creationInfo>
  </magnitude>
</event>
<event publicID="quakeml:eu.emsc/event/20020602_0000025">
  <preferredOriginID>quakeml:eu.emsc/event/20020602_0000025/origin/1413750</preferredOriginID>
  <preferredMagnitudeID>quakeml:eu.emsc/event/20020602_0000025/origin/1413750/mag/2</preferredMagnitudeID>
  <creationInfo>
    <agencyURI>smi:smi-registry/organization/EMSC</agencyURI>
    <authorURI>smi:smi-registry/organization/EMSC</authorURI>
    <creationTime>2014-12-10T18:36:58.76789Z</creationTime>
  </creationInfo>
  <description>
    <text>GERMANY</text>
    <type>Flinn-Engdahl region</type>
  </description>
  <origin publicID="quakeml:eu.emsc/event/20020602_0000025/origin/1413750">
    <time>
      <value>2002-06-02T20:57:28.4Z</value>
    </time>
    <latitude>
      <value>49.31</value>
      <uncertainty>9999.9</uncertainty>
    </latitude>
    <longitude>
      <value>8.21</value>
      <uncertainty>9999.9</uncertainty>
    </longitude>
    <depth>
      <value>10000</value>
    </depth>
    <depthType>from location</depthType>
    <methodID>smi:eu.emsc-csem/origin_method/NA</methodID>
    <quality>
      <usedPhaseCount>8</usedPhaseCount>
      <usedStationCount>5</usedStationCount>
      <standardError>1.22</standardError>
      <azimuthalGap>110</azimuthalGap>
      <minimumDistance>0.84</minimumDistance>
      <maximumDistance>2</maximumDistance>
    </quality>
    <evaluationMode>manual</evaluationMode>
    <creationInfo>
      <agencyURI>smi:smi-registry/organization/EMSC</agencyURI>
      <authorURI>smi:smi-registry/organization/EMSC</authorURI>
    </creationInfo>
    <originUncertainty>
      <azimuthMaxHorizontalUncertainty>-99</azimuthMaxHorizontalUncertainty>
    </originUncertainty>
  </origin>
  <magnitude publicID="quakeml:eu.emsc/event/20020602_0000025/origin/1413750/mag/2">
    <mag>
      <value>1.5</value>
    </mag>
    <type>ML</type>
    <originID>quakeml:eu.emsc/event/20020602_0000025/origin/1413750</originID>
    <creationInfo>
      <agencyURI>smi:smi-registry/organization/EMSC</agencyURI>
      <authorURI>smi:smi-registry/organization/EMSC</authorURI>
    </creationInfo>
  </magnitude>
</event>
<event publicID="quakeml:eu.emsc/event/20020602_0000011">
  <preferredOriginID>quakeml:eu.emsc/event/20020602_0000011/origin/1405860</preferredOriginID>
  <preferredMagnitudeID>quakeml:eu.emsc/event/20020602_0000011/origin/1405860/mag/1</preferredMagnitudeID>
  <creationInfo>
    <agencyURI>smi:smi-registry/organization/EMSC</agencyURI>
    <authorURI>smi:smi-registry/organization/EMSC</authorURI>
    <creationTime>2014-12-03T10:25:45.894717Z</creationTime>
  </creationInfo>
  <description>
    <text>SOUTHERN IRAN</text>
    <type>Flinn-Engdahl region</type>
  </description>
  <origin publicID="quakeml:eu.emsc/event/20020602_0000011/origin/1405860">
    <time>
      <value>2002-06-02T20:17:29.1Z</value>
      <uncertainty>0.29</uncertainty>
    </time>
    <latitude>
      <value>28.079</value>
      <uncertainty>13.9</uncertainty>
    </latitude>
    <longitude>
      <value>57.6961</value>
      <uncertainty>6.2</uncertainty>
    </longitude>
    <depth>
      <value>40000</value>
    </depth>
    <depthType>from location</depthType>
    <methodID>smi:eu.emsc-csem/origin_method/NA</methodID>
    <quality>
      <usedPhaseCount>79</usedPhaseCount>
      <usedStationCount>79</usedStationCount>
      <standardError>0.89</standardError>
      <azimuthalGap>97</azimuthalGap>
      <minimumDistance>8.64</minimumDistance>
      <maximumDistance>120.19</maximumDistance>
    </quality>
    <evaluationMode>manual</evaluationMode>
    <creationInfo>
      <agencyURI>smi:smi-registry/organization/EMSC</agencyURI>
      <authorURI>smi:smi-registry/organization/EMSC</authorURI>
    </creationInfo>
    <originUncertainty>
      <azimuthMaxHorizontalUncertainty>166</azimuthMaxHorizontalUncertainty>
    </originUncertainty>
  </origin>
  <magnitude publicID="quakeml:eu.emsc/event/20020602_0000011/origin/1405860/mag/1">
    <mag>
      <value>4.4</value>
      <uncertainty>0.3</uncertainty>
    </mag>
    <type>mb</type>
    <originID>quakeml:eu.emsc/event/20020602_0000011/origin/1405860</originID>
    <stationCount>43</stationCount>
    <creationInfo>
      <agencyURI>smi:smi-registry/organization/EMSC</agencyURI>
      <authorURI>smi:smi-registry/organization/EMSC</authorURI>
    </creationInfo>
  </magnitude>
</event>
<event publicID="quakeml:eu.emsc/event/20020602_0000009">
  <preferredOriginID>quakeml:eu.emsc/event/20020602_0000009/origin/1405869</preferredOriginID>
  <preferredMagnitudeID>quakeml:eu.emsc/event/20020602_0000009/origin/1405869/mag/2</preferredMagnitudeID>
  <creationInfo>
    <agencyURI>smi:smi-registry/organization/EMSC</agencyURI>
    <authorURI>smi:smi-registry/organization/EMSC</authorURI>
    <creationTime>2014-12-03T10:46:14.279948Z</creationTime>
  </creationInfo>
  <description>
    <text>SOUTHERN IRAN</text>
    <type>Flinn-Engdahl region</type>
  </description>
  <origin publicID="quakeml:eu.emsc/event/20020602_0000009/origin/1405869">
    <time>
      <value>2002-06-02T20:08:23.4Z</value>
      <uncertainty>0.13</uncertainty>
    </time>
    <latitude>
      <value>27.9561</value>
      <uncertainty>5.3</uncertainty>
    </latitude>
    <longitude>
      <value>57.7161</value>
      <uncertainty>4.4</uncertainty>
    </longitude>
    <depth>
      <value>21600.0</value>
    </depth>
    <depthType>from location</depthType>
    <methodID>smi:eu.emsc-csem/origin_method/NA</methodID>
    <quality>
      <usedPhaseCount>161</usedPhaseCount>
      <usedStationCount>154</usedStationCount>
      <standardError>1.01</standardError>
      <azimuthalGap>60</azimuthalGap>
      <minimumDistance>4.37</minimumDistance>
      <maximumDistance>89.66</maximumDistance>
    </quality>
    <evaluationMode>manual</evaluationMode>
    <creationInfo>
      <agencyURI>smi:smi-registry/organization/EMSC</agencyURI>
      <authorURI>smi:smi-registry/organization/EMSC</authorURI>
    </creationInfo>
    <originUncertainty>
      <azimuthMaxHorizontalUncertainty>65</azimuthMaxHorizontalUncertainty>
    </originUncertainty>
  </origin>
  <magnitude publicID="quakeml:eu.emsc/event/20020602_0000009/origin/1405869/mag/2">
    <mag>
      <value>4.7</value>
      <uncertainty>0.4</uncertainty>
    </mag>
    <type>mb</type>
    <originID>quakeml:eu.emsc/event/20020602_0000009/origin/1405869</originID>
    <stationCount>60</stationCount>
    <creationInfo>
      <agencyURI>smi:smi-registry/organization/EMSC</agencyURI>
      <authorURI>smi:smi-registry/organization/EMSC</authorURI>
    </creationInfo>
  </magnitude>
</event>
<event publicID="quakeml:eu.emsc/event/20020602_0000010">
  <preferredOriginID>quakeml:eu.emsc/event/20020602_0000010/origin/1413752</preferredOriginID>
  <preferredMagnitudeID>quakeml:eu.emsc/event/20020602_0000010/origin/1413752/mag/2</preferredMagnitudeID>
  <creationInfo>
    <agencyURI>smi:smi-registry/organization/EMSC</agencyURI>
    <authorURI>smi:smi-registry/organization/EMSC</authorURI>
    <creationTime>2014-12-10T16:36:18.935116Z</creationTime>
  </creationInfo>
  <description>
    <text>WESTERN TURKEY</text>
    <type>Flinn-Engdahl region</type>
  </description>
  <origin publicID="quakeml:eu.emsc/event/20020602_0000010/origin/1413752">
    <time>
      <value>2002-06-02T17:01:46.3Z</value>
    </time>
    <latitude>
      <value>38.561</value>
      <uncertainty>9999.9</uncertainty>
    </latitude>
    <longitude>
      <value>30.763</value>
      <uncertainty>9999.9</uncertainty>
    </longitude>
    <depth>
      <value>7000</value>
    </depth>
    <depthType>from location</depthType>
    <methodID>smi:eu.emsc-csem/origin_method/NA</methodID>
    <quality>
      <usedPhaseCount>7</usedPhaseCount>
      <usedStationCount>6</usedStationCount>
      <standardError>0.79</standardError>
      <azimuthalGap>143</azimuthalGap>
      <minimumDistance>0.71</minimumDistance>
      <maximumDistance>2.27</maximumDistance>
    </quality>
    <evaluationMode>manual</evaluationMode>
    <creationInfo>
      <agencyURI>smi:smi-registry/organization/EMSC</agencyURI>
      <authorURI>smi:smi-registry/organization/EMSC</authorURI>
    </creationInfo>
    <originUncertainty>
      <azimuthMaxHorizontalUncertainty>-99</azimuthMaxHorizontalUncertainty>
    </originUncertainty>
  </origin>
  <magnitude publicID="quakeml:eu.emsc/event/20020602_0000010/origin/1413752/mag/2">
    <mag>
      <value>3</value>
    </mag>
    <type>MD</type>
    <originID>quakeml:eu.emsc/event/20020602_0000010/origin/1413752</originID>
    <creationInfo>
      <agencyURI>smi:smi-registry/organization/EMSC</agencyURI>
      <authorURI>smi:smi-registry/organization/EMSC</authorURI>
    </creationInfo>
  </magnitude>
</event>
<event publicID="quakeml:eu.emsc/event/20020602_0000023">
  <preferredOriginID>quakeml:eu.emsc/event/20020602_0000023/origin/1413754</preferredOriginID>
  <preferredMagnitudeID>quakeml:eu.emsc/event/20020602_0000023/origin/1413754/mag/2</preferredMagnitudeID>
  <creationInfo>
    <agencyURI>smi:smi-registry/organization/EMSC</agencyURI>
    <authorURI>smi:smi-registry/organization/EMSC</authorURI>
    <creationTime>2014-12-10T18:36:57.560517Z</creationTime>
  </creationInfo>
  <description>
    <text>PYRENEES</text>
    <type>Flinn-Engdahl region</type>
  </description>
  <origin publicID="quakeml:eu.emsc/event/20020602_0000023/origin/1413754">
    <time>
      <value>2002-06-02T15:46:54.6Z</value>
    </time>
    <latitude>
      <value>43.079</value>
      <uncertainty>9999.9</uncertainty>
    </latitude>
    <longitude>
      <value>-0.6738</value>
      <uncertainty>9999.9</uncertainty>
    </longitude>
    <depth>
      <value>0</value>
    </depth>
    <depthType>from location</depthType>
    <methodID>smi:eu.emsc-csem/origin_method/NA</methodID>
    <quality>
      <usedPhaseCount>8</usedPhaseCount>
      <usedStationCount>4</usedStationCount>
      <standardError>0.45</standardError>
      <azimuthalGap>177</azimuthalGap>
      <minimumDistance>0.02</minimumDistance>
      <maximumDistance>0.72</maximumDistance>
    </quality>
    <evaluationMode>manual</evaluationMode>
    <creationInfo>
      <agencyURI>smi:smi-registry/organization/EMSC</agencyURI>
      <authorURI>smi:smi-registry/organization/EMSC</authorURI>
    </creationInfo>
    <originUncertainty>
      <azimuthMaxHorizontalUncertainty>-99</azimuthMaxHorizontalUncertainty>
    </originUncertainty>
  </origin>
  <magnitude publicID="quakeml:eu.emsc/event/20020602_0000023/origin/1413754/mag/2">
    <mag>
      <value>0.9</value>
    </mag>
    <type>mb</type>
    <originID>quakeml:eu.emsc/event/20020602_0000023/origin/1413754</originID>
    <stationCount>1</stationCount>
    <creationInfo>
      <agencyURI>smi:smi-registry/organization/EMSC</agencyURI>
      <authorURI>smi:smi-registry/organization/EMSC</authorURI>
    </creationInfo>
  </magnitude>
</event>
<event publicID="quakeml:eu.emsc/event/20020602_0000016">
  <preferredOriginID>quakeml:eu.emsc/event/20020602_0000016/origin/1403950</preferredOriginID>
  <preferredMagnitudeID>quakeml:eu.emsc/event/20020602_0000016/origin/1403950/mag/1</preferredMagnitudeID>
  <creationInfo>
    <agencyURI>smi:smi-registry/organization/EMSC</agencyURI>
    <authorURI>smi:smi-registry/organization/EMSC</authorURI>
    <creationTime>2014-12-03T15:35:29.737468Z</creationTime>
  </creationInfo>
  <description>
    <text>GERMANY</text>
    <type>Flinn-Engdahl region</type>
  </description>
  <origin publicID="quakeml:eu.emsc/event/20020602_0000016/origin/1403950">
    <time>
      <value>2002-06-02T15:36:49.7Z</value>
      <uncertainty>0.14</uncertainty>
    </time>
    <latitude>
      <value>49.301</value>
      <uncertainty>2.7</uncertainty>
    </latitude>
    <longitude>
      <value>8.25</value>
      <uncertainty>2.4</uncertainty>
    </longitude>
    <depth>
      <value>18000</value>
      <uncertainty>1.7</uncertainty>
    </depth>
    <depthType>from location</depthType>
    <methodID>smi:eu.emsc-csem/origin_method/NA</methodID>
    <quality>
      <usedPhaseCount>59</usedPhaseCount>
      <usedStationCount>35</usedStationCount>
      <standardError>0.91</standardError>
      <azimuthalGap>45</azimuthalGap>
      <minimumDistance>0.11</minimumDistance>
      <maximumDistance>3.57</maximumDistance>
    </quality>
    <evaluationMode>manual</evaluationMode>
    <creationInfo>
      <agencyURI>smi:smi-registry/organization/EMSC</agencyURI>
      <authorURI>smi:smi-registry/organization/EMSC</authorURI>
    </creationInfo>
    <originUncertainty>
      <azimuthMaxHorizontalUncertainty>144</azimuthMaxHorizontalUncertainty>
    </originUncertainty>
  </origin>
  <magnitude publicID="quakeml:eu.emsc/event/20020602_0000016/origin/1403950/mag/1">
    <mag>
      <value>2.7</value>
      <uncertainty>0.4</uncertainty>
    </mag>
    <type>ML</type>
    <originID>quakeml:eu.emsc/event/20020602_0000016/origin/1403950</originID>
    <stationCount>6</stationCount>
    <creationInfo>
      <agencyURI>smi:smi-registry/organization/EMSC</agencyURI>
      <authorURI>smi:smi-registry/organization/EMSC</authorURI>
    </creationInfo>
  </magnitude>
</event>
<event publicID="quakeml:eu.emsc/event/20020602_0000028">
  <preferredOriginID>quakeml:eu.emsc/event/20020602_0000028/origin/1403953</preferredOriginID>
  <preferredMagnitudeID>quakeml:eu.emsc/event/20020602_0000028/origin/1403953/mag/1</preferredMagnitudeID>
  <creationInfo>
    <agencyURI>smi:smi-registry/organization/EMSC</agencyURI>
    <authorURI>smi:smi-registry/organization/EMSC</authorURI>
    <creationTime>2014-12-03T16:48:09.471245Z</creationTime>
  </creationInfo>
  <description>
    <text>NEAR SOUTH COAST OF FRANCE</text>
    <type>Flinn-Engdahl region</type>
  </description>
  <origin publicID="quakeml:eu.emsc/event/20020602_0000028/origin/1403953">
    <time>
      <value>2002-06-02T15:12:34.2Z</value>
      <uncertainty>0.27</uncertainty>
    </time>
    <latitude>
      <value>43.4461</value>
      <uncertainty>6.7</uncertainty>
    </latitude>
    <longitude>
      <value>4.4376</value>
      <uncertainty>3.4</uncertainty>
    </longitude>
    <depth>
      <value>18700.0</value>
      <uncertainty>4</uncertainty>
    </depth>
    <depthType>from location</depthType>
    <methodID>smi:eu.emsc-csem/origin_method/NA</methodID>
    <quality>
      <usedPhaseCount>25</usedPhaseCount>
      <usedStationCount>14</usedStationCount>
      <standardError>1.01</standardError>
      <azimuthalGap>169</azimuthalGap>
      <minimumDistance>0.64</minimumDistance>
      <maximumDistance>2.26</maximumDistance>
    </quality>
    <evaluationMode>manual</evaluationMode>
    <creationInfo>
      <agencyURI>smi:smi-registry/organization/EMSC</agencyURI>
      <authorURI>smi:smi-registry/organization/EMSC</authorURI>
    </creationInfo>
    <originUncertainty>
      <azimuthMaxHorizontalUncertainty>8</azimuthMaxHorizontalUncertainty>
    </originUncertainty>
  </origin>
  <magnitude publicID="quakeml:eu.emsc/event/20020602_0000028/origin/1403953/mag/1">
    <mag>
      <value>2.2</value>
      <uncertainty>0.2</uncertainty>
    </mag>
    <type>ML</type>
    <originID>quakeml:eu.emsc/event/20020602_0000028/origin/1403953</originID>
    <stationCount>8</stationCount>
    <creationInfo>
      <agencyURI>smi:smi-registry/organization/EMSC</agencyURI>
      <authorURI>smi:smi-registry/organization/EMSC</authorURI>
    </creationInfo>
  </magnitude>
</event>
<event publicID="quakeml:eu.emsc/event/20020602_0000021">
  <preferredOriginID>quakeml:eu.emsc/event/20020602_0000021/origin/1405770</preferredOriginID>
  <preferredMagnitudeID>quakeml:eu.emsc/event/20020602_0000021/origin/1405770/mag/1</preferredMagnitudeID>
  <creationInfo>
    <agencyURI>smi:smi-registry/organization/EMSC</agencyURI>
    <authorURI>smi:smi-registry/organization/EMSC</authorURI>
    <creationTime>2014-12-03T16:06:27.860639Z</creationTime>
  </creationInfo>
  <description>
    <text>GERMANY</text>
    <type>Flinn-Engdahl region</type>
  </description>
  <origin publicID="quakeml:eu.emsc/event/20020602_0000021/origin/1405770">
    <time>
      <value>2002-06-02T14:46:12.2Z</value>
      <uncertainty>0.11</uncertainty>
    </time>
    <latitude>
      <value>49.3109</value>
      <uncertainty>1.9</uncertainty>
    </latitude>
    <longitude>
      <value>8.2284</value>
      <uncertainty>1.8</uncertainty>
    </longitude>
    <depth>
      <value>19100.0</value>
    </depth>
    <depthType>from location</depthType>
    <methodID>smi:eu.emsc-csem/origin_method/NA</methodID>
    <quality>
      <usedPhaseCount>66</usedPhaseCount>
      <usedStationCount>37</usedStationCount>
      <standardError>0.94</standardError>
      <azimuthalGap>45</azimuthalGap>
      <minimumDistance>0.1</minimumDistance>
      <maximumDistance>4.55</maximumDistance>
    </quality>
    <evaluationMode>manual</evaluationMode>
    <creationInfo>
      <agencyURI>smi:smi-registry/organization/EMSC</agencyURI>
      <authorURI>smi:smi-registry/organization/EMSC</authorURI>
    </creationInfo>
    <originUncertainty>
      <azimuthMaxHorizontalUncertainty>175</azimuthMaxHorizontalUncertainty>
    </originUncertainty>
  </origin>
  <magnitude publicID="quakeml:eu.emsc/event/20020602_0000021/origin/1405770/mag/1">
    <mag>
      <value>2.8</value>
      <uncertainty>0.3</uncertainty>
    </mag>
    <type>ML</type>
    <originID>quakeml:eu.emsc/event/20020602_0000021/origin/1405770</originID>
    <stationCount>7</stationCount>
    <creationInfo>
      <agencyURI>smi:smi-registry/organization/EMSC</agencyURI>
      <authorURI>smi:smi-registry/organization/EMSC</authorURI>
    </creationInfo>
  </magnitude>
</event>
<event publicID="quakeml:eu.emsc/event/20020602_0000019">
  <preferredOriginID>quakeml:eu.emsc/event/20020602_0000019/origin/1403722</preferredOriginID>
  <preferredMagnitudeID>quakeml:eu.emsc/event/20020602_0000019/origin/1403722/mag/1</preferredMagnitudeID>
  <creationInfo>
    <agencyURI>smi:smi-registry/organization/EMSC</agencyURI>
    <authorURI>smi:smi-registry/organization/EMSC</authorURI>
    <creationTime>2014-12-03T15:55:06.231291Z</creationTime>
  </creationInfo>
  <description>
    <text>GERMANY</text>
    <type>Flinn-Engdahl region</type>
  </description>
  <origin publicID="quakeml:eu.emsc/event/20020602_0000019/origin/1403722">
    <time>
      <value>2002-06-02T14:25:02.3Z</value>
      <uncertainty>0.27</uncertainty>
    </time>
    <latitude>
      <value>49.3238</value>
      <uncertainty>12.9</uncertainty>
    </latitude>
    <longitude>
      <value>8.2211</value>
      <uncertainty>4.4</uncertainty>
    </longitude>
    <depth>
      <value>19200.0</value>
    </depth>
    <depthType>from location</depthType>
    <methodID>smi:eu.emsc-csem/origin_method/NA</methodID>
    <quality>
      <usedPhaseCount>16</usedPhaseCount>
      <usedStationCount>10</usedStationCount>
      <standardError>0.84</standardError>
      <azimuthalGap>155</azimuthalGap>
      <minimumDistance>0.09</minimumDistance>
      <maximumDistance>3.57</maximumDistance>
    </quality>
    <evaluationMode>manual</evaluationMode>
    <creationInfo>
      <agencyURI>smi:smi-registry/organization/EMSC</agencyURI>
      <authorURI>smi:smi-registry/organization/EMSC</authorURI>
    </creationInfo>
    <originUncertainty>
      <azimuthMaxHorizontalUncertainty>126</azimuthMaxHorizontalUncertainty>
    </originUncertainty>
  </origin>
  <magnitude publicID="quakeml:eu.emsc/event/20020602_0000019/origin/1403722/mag/1">
    <mag>
      <value>2.2</value>
      <uncertainty>0.2</uncertainty>
    </mag>
    <type>ML</type>
    <originID>quakeml:eu.emsc/event/20020602_0000019/origin/1403722</originID>
    <stationCount>4</stationCount>
    <creationInfo>
      <agencyURI>smi:smi-registry/organization/EMSC</agencyURI>
      <authorURI>smi:smi-registry/organization/EMSC</authorURI>
    </creationInfo>
  </magnitude>
</event>
<event publicID="quakeml:eu.emsc/event/20020602_0000020">
  <preferredOriginID>quakeml:eu.emsc/event/20020602_0000020/origin/1403956</preferredOriginID>
  <preferredMagnitudeID>quakeml:eu.emsc/event/20020602_0000020/origin/1403956/mag/2</preferredMagnitudeID>
  <creationInfo>
    <agencyURI>smi:smi-registry/organization/EMSC</agencyURI>
    <authorURI>smi:smi-registry/organization/EMSC</authorURI>
    <creationTime>2014-12-03T15:56:56.741535Z</creationTime>
  </creationInfo>
  <description>
    <text>GERMANY</text>
    <type>Flinn-Engdahl region</type>
  </description>
  <origin publicID="quakeml:eu.emsc/event/20020602_0000020/origin/1403956">
    <time>
      <value>2002-06-02T14:24:20.1Z</value>
      <uncertainty>0.22</uncertainty>
    </time>
    <latitude>
      <value>49.293</value>
      <uncertainty>8.6</uncertainty>
    </latitude>
    <longitude>
      <value>8.2805</value>
      <uncertainty>3.4</uncertainty>
    </longitude>
    <depth>
      <value>10000</value>
    </depth>
    <depthType>from location</depthType>
    <methodID>smi:eu.emsc-csem/origin_method/NA</methodID>
    <quality>
      <usedPhaseCount>13</usedPhaseCount>
      <usedStationCount>8</usedStationCount>
      <standardError>0.78</standardError>
      <azimuthalGap>165</azimuthalGap>
      <minimumDistance>0.13</minimumDistance>
      <maximumDistance>1.82</maximumDistance>
    </quality>
    <evaluationMode>manual</evaluationMode>
    <creationInfo>
      <agencyURI>smi:smi-registry/organization/EMSC</agencyURI>
      <authorURI>smi:smi-registry/organization/EMSC</authorURI>
    </creationInfo>
    <originUncertainty>
      <azimuthMaxHorizontalUncertainty>130</azimuthMaxHorizontalUncertainty>
    </originUncertainty>
  </origin>
  <magnitude publicID="quakeml:eu.emsc/event/20020602_0000020/origin/1403956/mag/2">
    <mag>
      <value>1.8</value>
    </mag>
    <type>ML</type>
    <originID>quakeml:eu.emsc/event/20020602_0000020/origin/1403956</originID>
    <creationInfo>
      <agencyURI>smi:smi-registry/organization/EMSC</agencyURI>
      <authorURI>smi:smi-registry/organization/EMSC</authorURI>
    </creationInfo>
  </magnitude>
</event>
<event publicID="quakeml:eu.emsc/event/20020602_0000008">
  <preferredOriginID>quakeml:eu.emsc/event/20020602_0000008/origin/1404667</preferredOriginID>
  <preferredMagnitudeID>quakeml:eu.emsc/event/20020602_0000008/origin/1404667/mag/1</preferredMagnitudeID>
  <creationInfo>
    <agencyURI>smi:smi-registry/organization/EMSC</agencyURI>
    <authorURI>smi:smi-registry/organization/EMSC</authorURI>
    <creationTime>2014-12-03T10:46:55.246579Z</creationTime>
  </creationInfo>
  <description>
    <text>SLOVENIA</text>
    <type>Flinn-Engdahl region</type>
  </description>
  <origin publicID="quakeml:eu.emsc/event/20020602_0000008/origin/1404667">
    <time>
      <value>2002-06-02T13:42:07.7Z</value>
      <uncertainty>0.18</uncertainty>
    </time>
    <latitude>
      <value>45.6287</value>
      <uncertainty>4.2</uncertainty>
    </latitude>
    <longitude>
      <value>14.1856</value>
      <uncertainty>2.7</uncertainty>
    </longitude>
    <depth>
      <value>2000</value>
    </depth>
    <depthType>from location</depthType>
    <methodID>smi:eu.emsc-csem/origin_method/NA</methodID>
    <quality>
      <usedPhaseCount>70</usedPhaseCount>
      <usedStationCount>54</usedStationCount>
      <standardError>1.13</standardError>
      <azimuthalGap>77</azimuthalGap>
      <minimumDistance>0.2</minimumDistance>
      <maximumDistance>7.94</maximumDistance>
    </quality>
    <evaluationMode>manual</evaluationMode>
    <creationInfo>
      <agencyURI>smi:smi-registry/organization/EMSC</agencyURI>
      <authorURI>smi:smi-registry/organization/EMSC</authorURI>
    </creationInfo>
    <originUncertainty>
      <azimuthMaxHorizontalUncertainty>175</azimuthMaxHorizontalUncertainty>
    </originUncertainty>
  </origin>
  <magnitude publicID="quakeml:eu.emsc/event/20020602_0000008/origin/1404667/mag/1">
    <mag>
      <value>3.2</value>
      <uncertainty>0.4</uncertainty>
    </mag>
    <type>ML</type>
    <originID>quakeml:eu.emsc/event/20020602_0000008/origin/1404667</originID>
    <stationCount>7</stationCount>
    <creationInfo>
      <agencyURI>smi:smi-registry/organization/EMSC</agencyURI>
      <authorURI>smi:smi-registry/organization/EMSC</authorURI>
    </creationInfo>
  </magnitude>
</event>
<event publicID="quakeml:eu.emsc/event/20020602_0000007">
  <preferredOriginID>quakeml:eu.emsc/event/20020602_0000007/origin/1405878</preferredOriginID>
  <preferredMagnitudeID>quakeml:eu.emsc/event/20020602_0000007/origin/1405878/mag/1</preferredMagnitudeID>
  <creationInfo>
    <agencyURI>smi:smi-registry/organization/EMSC</agencyURI>
    <authorURI>smi:smi-registry/organization/EMSC</authorURI>
    <creationTime>2014-12-03T10:20:36.8735Z</creationTime>
  </creationInfo>
  <description>
    <text>SLOVENIA</text>
    <type>Flinn-Engdahl region</type>
  </description>
  <origin publicID="quakeml:eu.emsc/event/20020602_0000007/origin/1405878">
    <time>
      <value>2002-06-02T13:37:19.4Z</value>
      <uncertainty>0.09</uncertainty>
    </time>
    <latitude>
      <value>45.6325</value>
      <uncertainty>2.3</uncertainty>
    </latitude>
    <longitude>
      <value>14.2742</value>
      <uncertainty>2.1</uncertainty>
    </longitude>
    <depth>
      <value>10000</value>
    </depth>
    <depthType>from location</depthType>
    <methodID>smi:eu.emsc-csem/origin_method/NA</methodID>
    <quality>
      <usedPhaseCount>142</usedPhaseCount>
      <usedStationCount>110</usedStationCount>
      <standardError>0.99</standardError>
      <azimuthalGap>50</azimuthalGap>
      <minimumDistance>0.15</minimumDistance>
      <maximumDistance>45.72</maximumDistance>
    </quality>
    <evaluationMode>manual</evaluationMode>
    <creationInfo>
      <agencyURI>smi:smi-registry/organization/EMSC</agencyURI>
      <authorURI>smi:smi-registry/organization/EMSC</authorURI>
    </creationInfo>
    <originUncertainty>
      <azimuthMaxHorizontalUncertainty>141</azimuthMaxHorizontalUncertainty>
    </originUncertainty>
  </origin>
  <magnitude publicID="quakeml:eu.emsc/event/20020602_0000007/origin/1405878/mag/1">
    <mag>
      <value>4.2</value>
      <uncertainty>0.2</uncertainty>
    </mag>
    <type>ML</type>
    <originID>quakeml:eu.emsc/event/20020602_0000007/origin/1405878</originID>
    <stationCount>5</stationCount>
    <creationInfo>
      <agencyURI>smi:smi-registry/organization/EMSC</agencyURI>
      <authorURI>smi:smi-registry/organization/EMSC</authorURI>
    </creationInfo>
  </magnitude>
</event>
<event publicID="quakeml:eu.emsc/event/20020602_0000017">
  <preferredOriginID>quakeml:eu.emsc/event/20020602_0000017/origin/1403726</preferredOriginID>
  <preferredMagnitudeID>quakeml:eu.emsc/event/20020602_0000017/origin/1403726/mag/1</preferredMagnitudeID>
  <creationInfo>
    <agencyURI>smi:smi-registry/organization/EMSC</agencyURI>
    <authorURI>smi:smi-registry/organization/EMSC</authorURI>
    <creationTime>2014-12-03T15:47:12.397259Z</creationTime>
  </creationInfo>
  <description>
    <text>GERMANY</text>
    <type>Flinn-Engdahl region</type>
  </description>
  <origin publicID="quakeml:eu.emsc/event/20020602_0000017/origin/1403726">
    <time>
      <value>2002-06-02T13:30:24.9Z</value>
      <uncertainty>0.2</uncertainty>
    </time>
    <latitude>
      <value>49.3034</value>
      <uncertainty>4.7</uncertainty>
    </latitude>
    <longitude>
      <value>8.2473</value>
      <uncertainty>3.2</uncertainty>
    </longitude>
    <depth>
      <value>19200.0</value>
    </depth>
    <depthType>from location</depthType>
    <methodID>smi:eu.emsc-csem/origin_method/NA</methodID>
    <quality>
      <usedPhaseCount>25</usedPhaseCount>
      <usedStationCount>18</usedStationCount>
      <standardError>0.79</standardError>
      <azimuthalGap>80</azimuthalGap>
      <minimumDistance>0.11</minimumDistance>
      <maximumDistance>3.98</maximumDistance>
    </quality>
    <evaluationMode>manual</evaluationMode>
    <creationInfo>
      <agencyURI>smi:smi-registry/organization/EMSC</agencyURI>
      <authorURI>smi:smi-registry/organization/EMSC</authorURI>
    </creationInfo>
    <originUncertainty>
      <azimuthMaxHorizontalUncertainty>87</azimuthMaxHorizontalUncertainty>
    </originUncertainty>
  </origin>
  <magnitude publicID="quakeml:eu.emsc/event/20020602_0000017/origin/1403726/mag/1">
    <mag>
      <value>2.4</value>
      <uncertainty>0.2</uncertainty>
    </mag>
    <type>ML</type>
    <originID>quakeml:eu.emsc/event/20020602_0000017/origin/1403726</originID>
    <stationCount>6</stationCount>
    <creationInfo>
      <agencyURI>smi:smi-registry/organization/EMSC</agencyURI>
      <authorURI>smi:smi-registry/organization/EMSC</authorURI>
    </creationInfo>
  </magnitude>
</event>
<event publicID="quakeml:eu.emsc/event/20020602_0000006">
  <preferredOriginID>quakeml:eu.emsc/event/20020602_0000006/origin/1404669</preferredOriginID>
  <creationInfo>
    <agencyURI>smi:smi-registry/organization/EMSC</agencyURI>
    <authorURI>smi:smi-registry/organization/EMSC</authorURI>
    <creationTime>2014-12-03T11:39:20.814315Z</creationTime>
  </creationInfo>
  <description>
    <text>POLAND</text>
    <type>Flinn-Engdahl region</type>
  </description>
  <origin publicID="quakeml:eu.emsc/event/20020602_0000006/origin/1404669">
    <time>
      <value>2002-06-02T13:29:47.1Z</value>
      <uncertainty>0.21</uncertainty>
    </time>
    <latitude>
      <value>51.5381</value>
      <uncertainty>4.4</uncertainty>
    </latitude>
    <longitude>
      <value>16.0886</value>
      <uncertainty>1.9</uncertainty>
    </longitude>
    <depth>
      <value>2000</value>
    </depth>
    <depthType>from location</depthType>
    <methodID>smi:eu.emsc-csem/origin_method/NA</methodID>
    <quality>
      <usedPhaseCount>23</usedPhaseCount>
      <usedStationCount>11</usedStationCount>
      <standardError>0.56</standardError>
      <azimuthalGap>213</azimuthalGap>
      <minimumDistance>1.2</minimumDistance>
      <maximumDistance>2.96</maximumDistance>
    </quality>
    <evaluationMode>manual</evaluationMode>
    <creationInfo>
      <agencyURI>smi:smi-registry/organization/EMSC</agencyURI>
      <authorURI>smi:smi-registry/organization/EMSC</authorURI>
    </creationInfo>
    <originUncertainty>
      <azimuthMaxHorizontalUncertainty>12</azimuthMaxHorizontalUncertainty>
    </originUncertainty>
  </origin>
</event>
<event publicID="quakeml:eu.emsc/event/20020602_0000024">
  <preferredOriginID>quakeml:eu.emsc/event/20020602_0000024/origin/1413756</preferredOriginID>
  <preferredMagnitudeID>quakeml:eu.emsc/event/20020602_0000024/origin/1413756/mag/2</preferredMagnitudeID>
  <creationInfo>
    <agencyURI>smi:smi-registry/organization/EMSC</agencyURI>
    <authorURI>smi:smi-registry/organization/EMSC</authorURI>
    <creationTime>2014-12-10T18:36:57.81428Z</creationTime>
  </creationInfo>
  <description>
    <text>NORTHERN ITALY</text>
    <type>Flinn-Engdahl region</type>
  </description>
  <origin publicID="quakeml:eu.emsc/event/20020602_0000024/origin/1413756">
    <time>
      <value>2002-06-02T13:26:23.8Z</value>
    </time>
    <latitude>
      <value>44.2885</value>
      <uncertainty>9999.9</uncertainty>
    </latitude>
    <longitude>
      <value>7.2348</value>
      <uncertainty>9999.9</uncertainty>
    </longitude>
    <depth>
      <value>4200.0</value>
    </depth>
    <depthType>from location</depthType>
    <methodID>smi:eu.emsc-csem/origin_method/NA</methodID>
    <quality>
      <usedPhaseCount>12</usedPhaseCount>
      <usedStationCount>7</usedStationCount>
      <standardError>3.78</standardError>
      <azimuthalGap>188</azimuthalGap>
      <minimumDistance>0.08</minimumDistance>
      <maximumDistance>0.7</maximumDistance>
    </quality>
    <evaluationMode>manual</evaluationMode>
    <creationInfo>
      <agencyURI>smi:smi-registry/organization/EMSC</agencyURI>
      <authorURI>smi:smi-registry/organization/EMSC</authorURI>
    </creationInfo>
    <originUncertainty>
      <azimuthMaxHorizontalUncertainty>-99</azimuthMaxHorizontalUncertainty>
    </originUncertainty>
  </origin>
  <magnitude publicID="quakeml:eu.emsc/event/20020602_0000024/origin/1413756/mag/2">
    <mag>
      <value>1.8</value>
    </mag>
    <type>ML</type>
    <originID>quakeml:eu.emsc/event/20020602_0000024/origin/1413756</originID>
    <creationInfo>
      <agencyURI>smi:smi-registry/organization/EMSC</agencyURI>
      <authorURI>smi:smi-registry/organization/EMSC</authorURI>
    </creationInfo>
  </magnitude>
</event>
<event publicID="quakeml:eu.emsc/event/20020602_0000018">
  <preferredOriginID>quakeml:eu.emsc/event/20020602_0000018/origin/1403960</preferredOriginID>
  <preferredMagnitudeID>quakeml:eu.emsc/event/20020602_0000018/origin/1403960/mag/1</preferredMagnitudeID>
  <creationInfo>
    <agencyURI>smi:smi-registry/organization/EMSC</agencyURI>
    <authorURI>smi:smi-registry/organization/EMSC</authorURI>
    <creationTime>2014-12-03T15:53:12.38614Z</creationTime>
  </creationInfo>
  <description>
    <text>GERMANY</text>
    <type>Flinn-Engdahl region</type>
  </description>
  <origin publicID="quakeml:eu.emsc/event/20020602_0000018/origin/1403960">
    <time>
      <value>2002-06-02T12:27:33.1Z</value>
      <uncertainty>0.15</uncertainty>
    </time>
    <latitude>
      <value>49.3057</value>
      <uncertainty>3.5</uncertainty>
    </latitude>
    <longitude>
      <value>8.247</value>
      <uncertainty>2.5</uncertainty>
    </longitude>
    <depth>
      <value>19200.0</value>
    </depth>
    <depthType>from location</depthType>
    <methodID>smi:eu.emsc-csem/origin_method/NA</methodID>
    <quality>
      <usedPhaseCount>31</usedPhaseCount>
      <usedStationCount>19</usedStationCount>
      <standardError>0.83</standardError>
      <azimuthalGap>80</azimuthalGap>
      <minimumDistance>0.11</minimumDistance>
      <maximumDistance>4.55</maximumDistance>
    </quality>
    <evaluationMode>manual</evaluationMode>
    <creationInfo>
      <agencyURI>smi:smi-registry/organization/EMSC</agencyURI>
      <authorURI>smi:smi-registry/organization/EMSC</authorURI>
    </creationInfo>
    <originUncertainty>
      <azimuthMaxHorizontalUncertainty>100</azimuthMaxHorizontalUncertainty>
    </originUncertainty>
  </origin>
  <magnitude publicID="quakeml:eu.emsc/event/20020602_0000018/origin/1403960/mag/1">
    <mag>
      <value>2.4</value>
      <uncertainty>0.3</uncertainty>
    </mag>
    <type>ML</type>
    <originID>quakeml:eu.emsc/event/20020602_0000018/origin/1403960</originID>
    <stationCount>6</stationCount>
    <creationInfo>
      <agencyURI>smi:smi-registry/organization/EMSC</agencyURI>
      <authorURI>smi:smi-registry/organization/EMSC</authorURI>
    </creationInfo>
  </magnitude>
</event>
<event publicID="quakeml:eu.emsc/event/20020602_0000015">
  <preferredOriginID>quakeml:eu.emsc/event/20020602_0000015/origin/1403964</preferredOriginID>
  <preferredMagnitudeID>quakeml:eu.emsc/event/20020602_0000015/origin/1403964/mag/1</preferredMagnitudeID>
  <creationInfo>
    <agencyURI>smi:smi-registry/organization/EMSC</agencyURI>
    <authorURI>smi:smi-registry/organization/EMSC</authorURI>
    <creationTime>2014-12-03T15:27:34.474646Z</creationTime>
  </creationInfo>
  <description>
    <text>GERMANY</text>
    <type>Flinn-Engdahl region</type>
  </description>
  <origin publicID="quakeml:eu.emsc/event/20020602_0000015/origin/1403964">
    <time>
      <value>2002-06-02T11:31:12.7Z</value>
      <uncertainty>0.22</uncertainty>
    </time>
    <latitude>
      <value>49.2867</value>
      <uncertainty>4.4</uncertainty>
    </latitude>
    <longitude>
      <value>8.2119</value>
      <uncertainty>3</uncertainty>
    </longitude>
    <depth>
      <value>16800.0</value>
      <uncertainty>2.3</uncertainty>
    </depth>
    <depthType>from location</depthType>
    <methodID>smi:eu.emsc-csem/origin_method/NA</methodID>
    <quality>
      <usedPhaseCount>41</usedPhaseCount>
      <usedStationCount>23</usedStationCount>
      <standardError>0.99</standardError>
      <azimuthalGap>77</azimuthalGap>
      <minimumDistance>0.09</minimumDistance>
      <maximumDistance>4.11</maximumDistance>
    </quality>
    <evaluationMode>manual</evaluationMode>
    <creationInfo>
      <agencyURI>smi:smi-registry/organization/EMSC</agencyURI>
      <authorURI>smi:smi-registry/organization/EMSC</authorURI>
    </creationInfo>
    <originUncertainty>
      <azimuthMaxHorizontalUncertainty>103</azimuthMaxHorizontalUncertainty>
    </originUncertainty>
  </origin>
  <magnitude publicID="quakeml:eu.emsc/event/20020602_0000015/origin/1403964/mag/1">
    <mag>
      <value>2.6</value>
      <uncertainty>0.3</uncertainty>
    </mag>
    <type>ML</type>
    <originID>quakeml:eu.emsc/event/20020602_0000015/origin/1403964</originID>
    <stationCount>5</stationCount>
    <creationInfo>
      <agencyURI>smi:smi-registry/organization/EMSC</agencyURI>
      <authorURI>smi:smi-registry/organization/EMSC</authorURI>
    </creationInfo>
  </magnitude>
</event>
<event publicID="quakeml:eu.emsc/event/20020602_0000022">
  <preferredOriginID>quakeml:eu.emsc/event/20020602_0000022/origin/1536303</preferredOriginID>
  <preferredMagnitudeID>quakeml:eu.emsc/event/20020602_0000022/origin/1536303/mag/1</preferredMagnitudeID>
  <creationInfo>
    <agencyURI>smi:smi-registry/organization/EMSC</agencyURI>
    <authorURI>smi:smi-registry/organization/EMSC</authorURI>
    <creationTime>2014-12-03T16:06:37.44532Z</creationTime>
  </creationInfo>
  <description>
    <text>SPAIN</text>
    <type>Flinn-Engdahl region</type>
  </description>
  <origin publicID="quakeml:eu.emsc/event/20020602_0000022/origin/1536303">
    <time>
      <value>2002-06-02T10:49:33.1Z</value>
      <uncertainty>0.12</uncertainty>
    </time>
    <latitude>
      <value>41.2409</value>
      <uncertainty>2.9</uncertainty>
    </latitude>
    <longitude>
      <value>-1.9613</value>
      <uncertainty>2.1</uncertainty>
    </longitude>
    <depth>
      <value>5000</value>
    </depth>
    <depthType>from location</depthType>
    <methodID>smi:eu.emsc-csem/origin_method/NA</methodID>
    <quality>
      <usedPhaseCount>68</usedPhaseCount>
      <usedStationCount>31</usedStationCount>
      <standardError>1.01</standardError>
      <azimuthalGap>32</azimuthalGap>
      <minimumDistance>0.43</minimumDistance>
      <maximumDistance>5.66</maximumDistance>
    </quality>
    <evaluationMode>manual</evaluationMode>
    <creationInfo>
      <agencyURI>smi:smi-registry/organization/EMSC</agencyURI>
      <authorURI>smi:smi-registry/organization/EMSC</authorURI>
    </creationInfo>
    <originUncertainty>
      <azimuthMaxHorizontalUncertainty>145</azimuthMaxHorizontalUncertainty>
    </originUncertainty>
  </origin>
  <magnitude publicID="quakeml:eu.emsc/event/20020602_0000022/origin/1536303/mag/1">
    <mag>
      <value>2.8</value>
      <uncertainty>0.5</uncertainty>
    </mag>
    <type>ML</type>
    <originID>quakeml:eu.emsc/event/20020602_0000022/origin/1536303</originID>
    <stationCount>31</stationCount>
    <creationInfo>
      <agencyURI>smi:smi-registry/organization/EMSC</agencyURI>
      <authorURI>smi:smi-registry/organization/EMSC</authorURI>
    </creationInfo>
  </magnitude>
</event>
<event publicID="quakeml:eu.emsc/event/20020602_0000003">
  <preferredOriginID>quakeml:eu.emsc/event/20020602_0000003/origin/1404676</preferredOriginID>
  <preferredMagnitudeID>quakeml:eu.emsc/event/20020602_0000003/origin/1404676/mag/1</preferredMagnitudeID>
  <creationInfo>
    <agencyURI>smi:smi-registry/organization/EMSC</agencyURI>
    <authorURI>smi:smi-registry/organization/EMSC</authorURI>
    <creationTime>2014-12-03T12:20:11.10202Z</creationTime>
  </creationInfo>
  <description>
    <text>STRAIT OF GIBRALTAR</text>
    <type>Flinn-Engdahl region</type>
  </description>
  <origin publicID="quakeml:eu.emsc/event/20020602_0000003/origin/1404676">
    <time>
      <value>2002-06-02T04:14:39.8Z</value>
      <uncertainty>0.32</uncertainty>
    </time>
    <latitude>
      <value>36.7472</value>
      <uncertainty>6.9</uncertainty>
    </latitude>
    <longitude>
      <value>-7.478</value>
      <uncertainty>3.2</uncertainty>
    </longitude>
    <depth>
      <value>60000</value>
    </depth>
    <depthType>from location</depthType>
    <methodID>smi:eu.emsc-csem/origin_method/NA</methodID>
    <quality>
      <usedPhaseCount>64</usedPhaseCount>
      <usedStationCount>35</usedStationCount>
      <standardError>1.04</standardError>
      <azimuthalGap>221</azimuthalGap>
      <minimumDistance>0.79</minimumDistance>
      <maximumDistance>6.58</maximumDistance>
    </quality>
    <evaluationMode>manual</evaluationMode>
    <creationInfo>
      <agencyURI>smi:smi-registry/organization/EMSC</agencyURI>
      <authorURI>smi:smi-registry/organization/EMSC</authorURI>
    </creationInfo>
    <originUncertainty>
      <azimuthMaxHorizontalUncertainty>26</azimuthMaxHorizontalUncertainty>
    </originUncertainty>
  </origin>
  <magnitude publicID="quakeml:eu.emsc/event/20020602_0000003/origin/1404676/mag/1">
    <mag>
      <value>2.9</value>
      <uncertainty>0.4</uncertainty>
    </mag>
    <type>ML</type>
    <originID>quakeml:eu.emsc/event/20020602_0000003/origin/1404676</originID>
    <stationCount>27</stationCount>
    <creationInfo>
      <agencyURI>smi:smi-registry/organization/EMSC</agencyURI>
      <authorURI>smi:smi-registry/organization/EMSC</authorURI>
    </creationInfo>
  </magnitude>
</event>
<event publicID="quakeml:eu.emsc/event/20020602_0000027">
  <preferredOriginID>quakeml:eu.emsc/event/20020602_0000027/origin/1413760</preferredOriginID>
  <preferredMagnitudeID>quakeml:eu.emsc/event/20020602_0000027/origin/1413760/mag/2</preferredMagnitudeID>
  <creationInfo>
    <agencyURI>smi:smi-registry/organization/EMSC</agencyURI>
    <authorURI>smi:smi-registry/organization/EMSC</authorURI>
    <creationTime>2014-12-10T18:36:56.603332Z</creationTime>
  </creationInfo>
  <description>
    <text>FRANCE</text>
    <type>Flinn-Engdahl region</type>
  </description>
  <origin publicID="quakeml:eu.emsc/event/20020602_0000027/origin/1413760">
    <time>
      <value>2002-06-02T04:08:45.4Z</value>
    </time>
    <latitude>
      <value>45.3952</value>
      <uncertainty>9999.9</uncertainty>
    </latitude>
    <longitude>
      <value>6.1425</value>
      <uncertainty>9999.9</uncertainty>
    </longitude>
    <depth>
      <value>20000</value>
    </depth>
    <depthType>from location</depthType>
    <methodID>smi:eu.emsc-csem/origin_method/NA</methodID>
    <quality>
      <usedPhaseCount>9</usedPhaseCount>
      <usedStationCount>5</usedStationCount>
      <standardError>1.84</standardError>
      <azimuthalGap>190</azimuthalGap>
      <minimumDistance>0.43</minimumDistance>
      <maximumDistance>2.1</maximumDistance>
    </quality>
    <evaluationMode>manual</evaluationMode>
    <creationInfo>
      <agencyURI>smi:smi-registry/organization/EMSC</agencyURI>
      <authorURI>smi:smi-registry/organization/EMSC</authorURI>
    </creationInfo>
    <originUncertainty>
      <azimuthMaxHorizontalUncertainty>-99</azimuthMaxHorizontalUncertainty>
    </originUncertainty>
  </origin>
  <magnitude publicID="quakeml:eu.emsc/event/20020602_0000027/origin/1413760/mag/2">
    <mag>
      <value>1.8</value>
    </mag>
    <type>ML</type>
    <originID>quakeml:eu.emsc/event/20020602_0000027/origin/1413760</originID>
    <stationCount>2</stationCount>
    <creationInfo>
      <agencyURI>smi:smi-registry/organization/EMSC</agencyURI>
      <authorURI>smi:smi-registry/organization/EMSC</authorURI>
    </creationInfo>
  </magnitude>
</event>
<event publicID="quakeml:eu.emsc/event/20020602_0000001">
  <preferredOriginID>quakeml:eu.emsc/event/20020602_0000001/origin/1404680</preferredOriginID>
  <preferredMagnitudeID>quakeml:eu.emsc/event/20020602_0000001/origin/1404680/mag/1</preferredMagnitudeID>
  <creationInfo>
    <agencyURI>smi:smi-registry/organization/EMSC</agencyURI>
    <authorURI>smi:smi-registry/organization/EMSC</authorURI>
    <creationTime>2014-12-03T11:52:33.364364Z</creationTime>
  </creationInfo>
  <description>
    <text>AZERBAIJAN</text>
    <type>Flinn-Engdahl region</type>
  </description>
  <origin publicID="quakeml:eu.emsc/event/20020602_0000001/origin/1404680">
    <time>
      <value>2002-06-02T03:27:03.2Z</value>
      <uncertainty>0.11</uncertainty>
    </time>
    <latitude>
      <value>40.3238</value>
      <uncertainty>6</uncertainty>
    </latitude>
    <longitude>
      <value>49.8358</value>
      <uncertainty>3.1</uncertainty>
    </longitude>
    <depth>
      <value>80000</value>
    </depth>
    <depthType>from location</depthType>
    <methodID>smi:eu.emsc-csem/origin_method/NA</methodID>
    <quality>
      <usedPhaseCount>93</usedPhaseCount>
      <usedStationCount>93</usedStationCount>
      <standardError>0.67</standardError>
      <azimuthalGap>78</azimuthalGap>
      <minimumDistance>3.9</minimumDistance>
      <maximumDistance>98.61</maximumDistance>
    </quality>
    <evaluationMode>manual</evaluationMode>
    <creationInfo>
      <agencyURI>smi:smi-registry/organization/EMSC</agencyURI>
      <authorURI>smi:smi-registry/organization/EMSC</authorURI>
    </creationInfo>
  </origin>
  <magnitude publicID="quakeml:eu.emsc/event/20020602_0000001/origin/1404680/mag/1">
    <mag>
      <value>4.3</value>
      <uncertainty>0.3</uncertainty>
    </mag>
    <type>mb</type>
    <originID>quakeml:eu.emsc/event/20020602_0000001/origin/1404680</originID>
    <stationCount>41</stationCount>
    <creationInfo>
      <agencyURI>smi:smi-registry/organization/EMSC</agencyURI>
      <authorURI>smi:smi-registry/organization/EMSC</authorURI>
    </creationInfo>
  </magnitude>
</event>
<event publicID="quakeml:eu.emsc/event/20020602_0000026">
  <preferredOriginID>quakeml:eu.emsc/event/20020602_0000026/origin/1403967</preferredOriginID>
  <preferredMagnitudeID>quakeml:eu.emsc/event/20020602_0000026/origin/1403967/mag/1</preferredMagnitudeID>
  <creationInfo>
    <agencyURI>smi:smi-registry/organization/EMSC</agencyURI>
    <authorURI>smi:smi-registry/organization/EMSC</authorURI>
    <creationTime>2014-12-03T16:44:28.711433Z</creationTime>
  </creationInfo>
  <description>
    <text>PYRENEES</text>
    <type>Flinn-Engdahl region</type>
  </description>
  <origin publicID="quakeml:eu.emsc/event/20020602_0000026/origin/1403967">
    <time>
      <value>2002-06-02T00:35:32.9Z</value>
      <uncertainty>0.26</uncertainty>
    </time>
    <latitude>
      <value>43.1007</value>
      <uncertainty>4.9</uncertainty>
    </latitude>
    <longitude>
      <value>-1.1524</value>
      <uncertainty>2.1</uncertainty>
    </longitude>
    <depth>
      <value>18900.0</value>
      <uncertainty>2</uncertainty>
    </depth>
    <depthType>from location</depthType>
    <methodID>smi:eu.emsc-csem/origin_method/NA</methodID>
    <quality>
      <usedPhaseCount>16</usedPhaseCount>
      <usedStationCount>8</usedStationCount>
      <standardError>0.48</standardError>
      <azimuthalGap>165</azimuthalGap>
      <minimumDistance>0.05</minimumDistance>
      <maximumDistance>1.1</maximumDistance>
    </quality>
    <evaluationMode>manual</evaluationMode>
    <creationInfo>
      <agencyURI>smi:smi-registry/organization/EMSC</agencyURI>
      <authorURI>smi:smi-registry/organization/EMSC</authorURI>
    </creationInfo>
    <originUncertainty>
      <azimuthMaxHorizontalUncertainty>16</azimuthMaxHorizontalUncertainty>
    </originUncertainty>
  </origin>
  <magnitude publicID="quakeml:eu.emsc/event/20020602_0000026/origin/1403967/mag/1">
    <mag>
      <value>1.1</value>
      <uncertainty>0.5</uncertainty>
    </mag>
    <type>ML</type>
    <originID>quakeml:eu.emsc/event/20020602_0000026/origin/1403967</originID>
    <stationCount>4</stationCount>
    <creationInfo>
      <agencyURI>smi:smi-registry/organization/EMSC</agencyURI>
      <authorURI>smi:smi-registry/organization/EMSC</authorURI>
    </creationInfo>
  </magnitude>
</event>
<event publicID="quakeml:eu.emsc/event/20020602_0000002">
  <preferredOriginID>quakeml:eu.emsc/event/20020602_0000002/origin/1413762</preferredOriginID>
  <preferredMagnitudeID>quakeml:eu.emsc/event/20020602_0000002/origin/1413762/mag/2</preferredMagnitudeID>
  <creationInfo>
    <agencyURI>smi:smi-registry/organization/EMSC</agencyURI>
    <authorURI>smi:smi-registry/organization/EMSC</authorURI>
    <creationTime>2014-12-10T16:36:01.252303Z</creationTime>
  </creationInfo>
  <description>
    <text>WESTERN TURKEY</text>
    <type>Flinn-Engdahl region</type>
  </description>
  <origin publicID="quakeml:eu.emsc/event/20020602_0000002/origin/1413762">
    <time>
      <value>2002-06-02T00:19:05.1Z</value>
    </time>
    <latitude>
      <value>37.115</value>
      <uncertainty>9999.9</uncertainty>
    </latitude>
    <longitude>
      <value>27.958</value>
      <uncertainty>9999.9</uncertainty>
    </longitude>
    <depth>
      <value>10000</value>
    </depth>
    <depthType>from location</depthType>
    <methodID>smi:eu.emsc-csem/origin_method/NA</methodID>
    <quality>
      <usedPhaseCount>5</usedPhaseCount>
      <usedStationCount>4</usedStationCount>
      <standardError>0.63</standardError>
      <azimuthalGap>234</azimuthalGap>
      <minimumDistance>0.26</minimumDistance>
      <maximumDistance>1.73</maximumDistance>
    </quality>
    <evaluationMode>manual</evaluationMode>
    <creationInfo>
      <agencyURI>smi:smi-registry/organization/EMSC</agencyURI>
      <authorURI>smi:smi-registry/organization/EMSC</authorURI>
    </creationInfo>
    <originUncertainty>
      <azimuthMaxHorizontalUncertainty>-99</azimuthMaxHorizontalUncertainty>
    </originUncertainty>
  </origin>
  <magnitude publicID="quakeml:eu.emsc/event/20020602_0000002/origin/1413762/mag/2">
    <mag>
      <value>3.2</value>
    </mag>
    <type>MD</type>
    <originID>quakeml:eu.emsc/event/20020602_0000002/origin/1413762</originID>
    <creationInfo>
      <agencyURI>smi:smi-registry/organization/EMSC</agencyURI>
      <authorURI>smi:smi-registry/organization/EMSC</authorURI>
    </creationInfo>
  </magnitude>
</event>
</eventParameters>
</q:quakeml>
