<?xml version="1.0"?>
<q:quakeml xmlns:q="http://quakeml.org/xmlns/quakeml/1.2"  xmlns="http://quakeml.org/xmlns/bed/1.2">
<eventParameters publicID="smi:eu.emsc/unid">
<event publicID="quakeml:eu.emsc/event/20020101_0000003">
  <preferredOriginID>quakeml:eu.emsc/event/20020101_0000003/origin/1406894</preferredOriginID>
  <preferredMagnitudeID>quakeml:eu.emsc/event/20020101_0000003/origin/1406894/mag/2</preferredMagnitudeID>
  <creationInfo>
    <agencyURI>smi:smi-registry/organization/EMSC</agencyURI>
    <authorURI>smi:smi-registry/organization/EMSC</authorURI>
    <creationTime>2014-12-03T11:29:57.721151Z</creationTime>
  </creationInfo>
  <description>
    <text>SOUTHERN GREECE</text>
    <type>Flinn-Engdahl region</type>
  </description>
  <origin publicID="quakeml:eu.emsc/event/20020101_0000003/origin/1406894">
    <time>
      <value>2002-01-01T22:15:57.7Z</value>
      <uncertainty>0.22</uncertainty>
    </time>
    <latitude>
      <value>37.176</value>
      <uncertainty>6.1</uncertainty>
    </latitude>
    <longitude>
      <value>21.8552</value>
      <uncertainty>4.8</uncertainty>
    </longitude>
    <depth>
      <value>15000</value>
    </depth>
    <depthType>from location</depthType>
    <methodID>smi:eu.emsc-csem/origin_method/NA</methodID>
    <quality>
      <usedPhaseCount>91</usedPhaseCount>
      <usedStationCount>82</usedStationCount>
      <standardError>1.21</standardError>
      <azimuthalGap>112</azimuthalGap>
      <minimumDistance>0.06</minimumDistance>
      <maximumDistance>21.46</maximumDistance>
    </quality>
    <evaluationMode>manual</evaluationMode>
    <creationInfo>
      <agencyURI>smi:smi-registry/organization/EMSC</agencyURI>
      <authorURI>smi:smi-registry/organization/EMSC</authorURI>
    </creationInfo>
    <originUncertainty>
      <azimuthMaxHorizontalUncertainty>31</azimuthMaxHorizontalUncertainty>
    </originUncertainty>
  </origin>
  <magnitude publicID="quakeml:eu.emsc/event/20020101_0000003/origin/1406894/mag/2">
    <mag>
      <value>4.1</value>
    </mag>
    <type>ML</type>
    <originID>quakeml:eu.emsc/event/20020101_0000003/origin/1406894</originID>
    <creationInfo>
      <agencyURI>smi:smi-registry/organization/EMSC</agencyURI>
      <authorURI>smi:smi-registry/organization/EMSC</authorURI>
    </creationInfo>
  </magnitude>
</event>
<event publicID="quakeml:eu.emsc/event/20020101_0000004">
  <preferredOriginID>quakeml:eu.emsc/event/20020101_0000004/origin/1416044</preferredOriginID>
  <preferredMagnitudeID>quakeml:eu.emsc/event/20020101_0000004/origin/1416044/mag/2</preferredMagnitudeID>
  <creationInfo>
    <agencyURI>smi:smi-registry/organization/EMSC</agencyURI>
    <authorURI>smi:smi-registry/organization/EMSC</authorURI>
    <creationTime>2014-12-10T14:58:33.452026Z</creationTime>
  </creationInfo>
  <description>
    <text>CENTRAL TURKEY</text>
    <type>Flinn-Engdahl region</type>
  </description>
  <origin publicID="quakeml:eu.emsc/event/20020101_0000004/origin/1416044">
    <time>
      <value>2002-01-01T18:06:00.3Z</value>
    </time>
    <latitude>
      <value>37.749</value>
      <uncertainty>9999.9</uncertainty>
    </latitude>
    <longitude>
      <value>36.329</value>
      <uncertainty>9999.9</uncertainty>
    </longitude>
    <depth>
      <value>10000</value>
    </depth>
    <depthType>from location</depthType>
    <methodID>smi:eu.emsc-csem/origin_method/NA</methodID>
    <quality>
      <usedPhaseCount>5</usedPhaseCount>
      <usedStationCount>4</usedStationCount>
      <standardError>2.3</standardError>
      <azimuthalGap>217</azimuthalGap>
      <minimumDistance>0.87</minimumDistance>
      <maximumDistance>1.75</maximumDistance>
    </quality>
    <evaluationMode>manual</evaluationMode>
    <creationInfo>
      <agencyURI>smi:smi-registry/organization/EMSC</agencyURI>
      <authorURI>smi:smi-registry/organization/EMSC</authorURI>
    </creationInfo>
    <originUncertainty>
      <azimuthMaxHorizontalUncertainty>-99</azimuthMaxHorizontalUncertainty>
    </originUncertainty>
  </origin>
  <magnitude publicID="quakeml:eu.emsc/event/20020101_0000004/origin/1416044/mag/2">
    <mag>
      <value>3.2</value>
    </mag>
    <type>MD</type>
    <originID>quakeml:eu.emsc/event/20020101_0000004/origin/1416044</originID>
    <creationInfo>
      <agencyURI>smi:smi-registry/organization/EMSC</agencyURI>
      <authorURI>smi:smi-registry/organization/EMSC</authorURI>
    </creationInfo>
  </magnitude>
</event>
<event publicID="quakeml:eu.emsc/event/20020101_0000011">
  <preferredOriginID>quakeml:eu.emsc/event/20020101_0000011/origin/1416046</preferredOriginID>
  <preferredMagnitudeID>quakeml:eu.emsc/event/20020101_0000011/origin/1416046/mag/2</preferredMagnitudeID>
  <creationInfo>
    <agencyURI>smi:smi-registry/organization/EMSC</agencyURI>
    <authorURI>smi:smi-registry/organization/EMSC</authorURI>
    <creationTime>2014-12-10T18:32:49.133668Z</creationTime>
  </creationInfo>
  <description>
    <text>NORTHERN ITALY</text>
    <type>Flinn-Engdahl region</type>
  </description>
  <origin publicID="quakeml:eu.emsc/event/20020101_0000011/origin/1416046">
    <time>
      <value>2002-01-01T17:30:45.0Z</value>
    </time>
    <latitude>
      <value>44.0818</value>
      <uncertainty>9999.9</uncertainty>
    </latitude>
    <longitude>
      <value>7.9385</value>
      <uncertainty>9999.9</uncertainty>
    </longitude>
    <depth>
      <value>8700.0</value>
    </depth>
    <depthType>from location</depthType>
    <methodID>smi:eu.emsc-csem/origin_method/NA</methodID>
    <quality>
      <usedPhaseCount>13</usedPhaseCount>
      <usedStationCount>7</usedStationCount>
      <standardError>2.31</standardError>
      <azimuthalGap>120</azimuthalGap>
      <minimumDistance>0.1</minimumDistance>
      <maximumDistance>0.74</maximumDistance>
    </quality>
    <evaluationMode>manual</evaluationMode>
    <creationInfo>
      <agencyURI>smi:smi-registry/organization/EMSC</agencyURI>
      <authorURI>smi:smi-registry/organization/EMSC</authorURI>
    </creationInfo>
    <originUncertainty>
      <azimuthMaxHorizontalUncertainty>-99</azimuthMaxHorizontalUncertainty>
    </originUncertainty>
  </origin>
  <magnitude publicID="quakeml:eu.emsc/event/20020101_0000011/origin/1416046/mag/2">
    <mag>
      <value>1.9</value>
    </mag>
    <type>ML</type>
    <originID>quakeml:eu.emsc/event/20020101_0000011/origin/1416046</originID>
    <creationInfo>
      <agencyURI>smi:smi-registry/organization/EMSC</agencyURI>
      <authorURI>smi:smi-registry/organization/EMSC</authorURI>
    </creationInfo>
  </magnitude>
</event>
<event publicID="quakeml:eu.emsc/event/20020101_0000005">
  <preferredOriginID>quakeml:eu.emsc/event/20020101_0000005/origin/1406266</preferredOriginID>
  <preferredMagnitudeID>quakeml:eu.emsc/event/20020101_0000005/origin/1406266/mag/1</preferredMagnitudeID>
  <creationInfo>
    <agencyURI>smi:smi-registry/organization/EMSC</agencyURI>
    <authorURI>smi:smi-registry/organization/EMSC</authorURI>
    <creationTime>2014-12-03T12:15:45.156256Z</creationTime>
  </creationInfo>
  <description>
    <text>STRAIT OF GIBRALTAR</text>
    <type>Flinn-Engdahl region</type>
  </description>
  <origin publicID="quakeml:eu.emsc/event/20020101_0000005/origin/1406266">
    <time>
      <value>2002-01-01T15:12:06.2Z</value>
      <uncertainty>0.3</uncertainty>
    </time>
    <latitude>
      <value>35.2945</value>
      <uncertainty>6.6</uncertainty>
    </latitude>
    <longitude>
      <value>-4.6578</value>
      <uncertainty>5.5</uncertainty>
    </longitude>
    <depth>
      <value>40000</value>
    </depth>
    <depthType>from location</depthType>
    <methodID>smi:eu.emsc-csem/origin_method/NA</methodID>
    <quality>
      <usedPhaseCount>51</usedPhaseCount>
      <usedStationCount>32</usedStationCount>
      <standardError>1.18</standardError>
      <azimuthalGap>143</azimuthalGap>
      <minimumDistance>1.48</minimumDistance>
      <maximumDistance>13.07</maximumDistance>
    </quality>
    <evaluationMode>manual</evaluationMode>
    <creationInfo>
      <agencyURI>smi:smi-registry/organization/EMSC</agencyURI>
      <authorURI>smi:smi-registry/organization/EMSC</authorURI>
    </creationInfo>
    <originUncertainty>
      <azimuthMaxHorizontalUncertainty>152</azimuthMaxHorizontalUncertainty>
    </originUncertainty>
  </origin>
  <magnitude publicID="quakeml:eu.emsc/event/20020101_0000005/origin/1406266/mag/1">
    <mag>
      <value>3.2</value>
      <uncertainty>0.3</uncertainty>
    </mag>
    <type>ML</type>
    <originID>quakeml:eu.emsc/event/20020101_0000005/origin/1406266</originID>
    <stationCount>16</stationCount>
    <creationInfo>
      <agencyURI>smi:smi-registry/organization/EMSC</agencyURI>
      <authorURI>smi:smi-registry/organization/EMSC</authorURI>
    </creationInfo>
  </magnitude>
</event>
<event publicID="quakeml:eu.emsc/event/20020101_0000006">
  <preferredOriginID>quakeml:eu.emsc/event/20020101_0000006/origin/1416048</preferredOriginID>
  <preferredMagnitudeID>quakeml:eu.emsc/event/20020101_0000006/origin/1416048/mag/2</preferredMagnitudeID>
  <creationInfo>
    <agencyURI>smi:smi-registry/organization/EMSC</agencyURI>
    <authorURI>smi:smi-registry/organization/EMSC</authorURI>
    <creationTime>2014-12-10T15:09:45.766702Z</creationTime>
  </creationInfo>
  <description>
    <text>SOUTHERN GREECE</text>
    <type>Flinn-Engdahl region</type>
  </description>
  <origin publicID="quakeml:eu.emsc/event/20020101_0000006/origin/1416048">
    <time>
      <value>2002-01-01T15:08:25.0Z</value>
    </time>
    <latitude>
      <value>37.94</value>
      <uncertainty>9999.9</uncertainty>
    </latitude>
    <longitude>
      <value>21.9</value>
      <uncertainty>9999.9</uncertainty>
    </longitude>
    <depth>
      <value>5000</value>
    </depth>
    <depthType>from location</depthType>
    <methodID>smi:eu.emsc-csem/origin_method/NA</methodID>
    <quality>
      <usedPhaseCount>4</usedPhaseCount>
      <usedStationCount>4</usedStationCount>
      <standardError>1.88</standardError>
      <azimuthalGap>195</azimuthalGap>
      <minimumDistance>0.98</minimumDistance>
      <maximumDistance>1.9</maximumDistance>
    </quality>
    <evaluationMode>manual</evaluationMode>
    <creationInfo>
      <agencyURI>smi:smi-registry/organization/EMSC</agencyURI>
      <authorURI>smi:smi-registry/organization/EMSC</authorURI>
    </creationInfo>
    <originUncertainty>
      <azimuthMaxHorizontalUncertainty>-99</azimuthMaxHorizontalUncertainty>
    </originUncertainty>
  </origin>
  <magnitude publicID="quakeml:eu.emsc/event/20020101_0000006/origin/1416048/mag/2">
    <mag>
      <value>3.3</value>
    </mag>
    <type>ML</type>
    <originID>quakeml:eu.emsc/event/20020101_0000006/origin/1416048</originID>
    <creationInfo>
      <agencyURI>smi:smi-registry/organization/EMSC</agencyURI>
      <authorURI>smi:smi-registry/organization/EMSC</authorURI>
    </creationInfo>
  </magnitude>
</event>
<event publicID="quakeml:eu.emsc/event/20020101_0000012">
  <preferredOriginID>quakeml:eu.emsc/event/20020101_0000012/origin/1406255</preferredOriginID>
  <preferredMagnitudeID>quakeml:eu.emsc/event/20020101_0000012/origin/1406255/mag/1</preferredMagnitudeID>
  <creationInfo>
    <agencyURI>smi:smi-registry/organization/EMSC</agencyURI>
    <authorURI>smi:smi-registry/organization/EMSC</authorURI>
    <creationTime>2014-12-03T16:08:24.213778Z</creationTime>
  </creationInfo>
  <description>
    <text>FRANCE</text>
    <type>Flinn-Engdahl region</type>
  </description>
  <origin publicID="quakeml:eu.emsc/event/20020101_0000012/origin/1406255">
    <time>
      <value>2002-01-01T13:13:21.8Z</value>
      <uncertainty>0.17</uncertainty>
    </time>
    <latitude>
      <value>45.1885</value>
      <uncertainty>3.8</uncertainty>
    </latitude>
    <longitude>
      <value>6.6161</value>
      <uncertainty>2</uncertainty>
    </longitude>
    <depth>
      <value>5000</value>
    </depth>
    <depthType>from location</depthType>
    <methodID>smi:eu.emsc-csem/origin_method/NA</methodID>
    <quality>
      <usedPhaseCount>45</usedPhaseCount>
      <usedStationCount>22</usedStationCount>
      <standardError>0.88</standardError>
      <azimuthalGap>143</azimuthalGap>
      <minimumDistance>0.35</minimumDistance>
      <maximumDistance>3.66</maximumDistance>
    </quality>
    <evaluationMode>manual</evaluationMode>
    <creationInfo>
      <agencyURI>smi:smi-registry/organization/EMSC</agencyURI>
      <authorURI>smi:smi-registry/organization/EMSC</authorURI>
    </creationInfo>
    <originUncertainty>
      <azimuthMaxHorizontalUncertainty>65</azimuthMaxHorizontalUncertainty>
    </originUncertainty>
  </origin>
  <magnitude publicID="quakeml:eu.emsc/event/20020101_0000012/origin/1406255/mag/1">
    <mag>
      <value>1</value>
      <uncertainty>0.4</uncertainty>
    </mag>
    <type>ML</type>
    <originID>quakeml:eu.emsc/event/20020101_0000012/origin/1406255</originID>
    <stationCount>12</stationCount>
    <creationInfo>
      <agencyURI>smi:smi-registry/organization/EMSC</agencyURI>
      <authorURI>smi:smi-registry/organization/EMSC</authorURI>
    </creationInfo>
  </magnitude>
</event>
<event publicID="quakeml:eu.emsc/event/20020101_0000014">
  <preferredOriginID>quakeml:eu.emsc/event/20020101_0000014/origin/1416050</preferredOriginID>
  <preferredMagnitudeID>quakeml:eu.emsc/event/20020101_0000014/origin/1416050/mag/2</preferredMagnitudeID>
  <creationInfo>
    <agencyURI>smi:smi-registry/organization/EMSC</agencyURI>
    <authorURI>smi:smi-registry/organization/EMSC</authorURI>
    <creationTime>2014-12-10T18:32:48.636013Z</creationTime>
  </creationInfo>
  <description>
    <text>NORTHERN ITALY</text>
    <type>Flinn-Engdahl region</type>
  </description>
  <origin publicID="quakeml:eu.emsc/event/20020101_0000014/origin/1416050">
    <time>
      <value>2002-01-01T05:23:29.8Z</value>
    </time>
    <latitude>
      <value>44.5657</value>
      <uncertainty>9999.9</uncertainty>
    </latitude>
    <longitude>
      <value>7.1917</value>
      <uncertainty>9999.9</uncertainty>
    </longitude>
    <depth>
      <value>9000</value>
    </depth>
    <depthType>from location</depthType>
    <methodID>smi:eu.emsc-csem/origin_method/NA</methodID>
    <quality>
      <usedPhaseCount>22</usedPhaseCount>
      <usedStationCount>11</usedStationCount>
      <standardError>6.84</standardError>
      <azimuthalGap>122</azimuthalGap>
      <minimumDistance>0.09</minimumDistance>
      <maximumDistance>0.89</maximumDistance>
    </quality>
    <evaluationMode>manual</evaluationMode>
    <creationInfo>
      <agencyURI>smi:smi-registry/organization/EMSC</agencyURI>
      <authorURI>smi:smi-registry/organization/EMSC</authorURI>
    </creationInfo>
    <originUncertainty>
      <azimuthMaxHorizontalUncertainty>-99</azimuthMaxHorizontalUncertainty>
    </originUncertainty>
  </origin>
  <magnitude publicID="quakeml:eu.emsc/event/20020101_0000014/origin/1416050/mag/2">
    <mag>
      <value>2.2</value>
    </mag>
    <type>ML</type>
    <originID>quakeml:eu.emsc/event/20020101_0000014/origin/1416050</originID>
    <creationInfo>
      <agencyURI>smi:smi-registry/organization/EMSC</agencyURI>
      <authorURI>smi:smi-registry/organization/EMSC</authorURI>
    </creationInfo>
  </magnitude>
</event>
<event publicID="quakeml:eu.emsc/event/20020101_0000013">
  <preferredOriginID>quakeml:eu.emsc/event/20020101_0000013/origin/1406258</preferredOriginID>
  <preferredMagnitudeID>quakeml:eu.emsc/event/20020101_0000013/origin/1406258/mag/1</preferredMagnitudeID>
  <creationInfo>
    <agencyURI>smi:smi-registry/organization/EMSC</agencyURI>
    <authorURI>smi:smi-registry/organization/EMSC</authorURI>
    <creationTime>2014-12-03T16:08:24.371626Z</creationTime>
  </creationInfo>
  <description>
    <text>NORTHERN ITALY</text>
    <type>Flinn-Engdahl region</type>
  </description>
  <origin publicID="quakeml:eu.emsc/event/20020101_0000013/origin/1406258">
    <time>
      <value>2002-01-01T05:07:32.0Z</value>
      <uncertainty>0.22</uncertainty>
    </time>
    <latitude>
      <value>44.818</value>
      <uncertainty>4.7</uncertainty>
    </latitude>
    <longitude>
      <value>8.3544</value>
      <uncertainty>3.3</uncertainty>
    </longitude>
    <depth>
      <value>10000</value>
    </depth>
    <depthType>from location</depthType>
    <methodID>smi:eu.emsc-csem/origin_method/NA</methodID>
    <quality>
      <usedPhaseCount>46</usedPhaseCount>
      <usedStationCount>22</usedStationCount>
      <standardError>1.03</standardError>
      <azimuthalGap>121</azimuthalGap>
      <minimumDistance>0.78</minimumDistance>
      <maximumDistance>4.66</maximumDistance>
    </quality>
    <evaluationMode>manual</evaluationMode>
    <creationInfo>
      <agencyURI>smi:smi-registry/organization/EMSC</agencyURI>
      <authorURI>smi:smi-registry/organization/EMSC</authorURI>
    </creationInfo>
    <originUncertainty>
      <azimuthMaxHorizontalUncertainty>121</azimuthMaxHorizontalUncertainty>
    </originUncertainty>
  </origin>
  <magnitude publicID="quakeml:eu.emsc/event/20020101_0000013/origin/1406258/mag/1">
    <mag>
      <value>1.4</value>
      <uncertainty>0.6</uncertainty>
    </mag>
    <type>ML</type>
    <originID>quakeml:eu.emsc/event/20020101_0000013/origin/1406258</originID>
    <stationCount>14</stationCount>
    <creationInfo>
      <agencyURI>smi:smi-registry/organization/EMSC</agencyURI>
      <authorURI>smi:smi-registry/organization/EMSC</authorURI>
    </creationInfo>
  </magnitude>
</event>
<event publicID="quakeml:eu.emsc/event/20020101_0000009">
  <preferredOriginID>quakeml:eu.emsc/event/20020101_0000009/origin/1406262</preferredOriginID>
  <preferredMagnitudeID>quakeml:eu.emsc/event/20020101_0000009/origin/1406262/mag/1</preferredMagnitudeID>
  <creationInfo>
    <agencyURI>smi:smi-registry/organization/EMSC</agencyURI>
    <authorURI>smi:smi-registry/organization/EMSC</authorURI>
    <creationTime>2014-12-03T15:33:22.704213Z</creationTime>
  </creationInfo>
  <description>
    <text>GERMANY</text>
    <type>Flinn-Engdahl region</type>
  </description>
  <origin publicID="quakeml:eu.emsc/event/20020101_0000009/origin/1406262">
    <time>
      <value>2002-01-01T04:22:52.1Z</value>
      <uncertainty>0.14</uncertainty>
    </time>
    <latitude>
      <value>47.9803</value>
      <uncertainty>3.3</uncertainty>
    </latitude>
    <longitude>
      <value>9.5047</value>
      <uncertainty>1.9</uncertainty>
    </longitude>
    <depth>
      <value>10000</value>
    </depth>
    <depthType>from location</depthType>
    <methodID>smi:eu.emsc-csem/origin_method/NA</methodID>
    <quality>
      <usedPhaseCount>83</usedPhaseCount>
      <usedStationCount>40</usedStationCount>
      <standardError>1.14</standardError>
      <azimuthalGap>85</azimuthalGap>
      <minimumDistance>0.28</minimumDistance>
      <maximumDistance>4.75</maximumDistance>
    </quality>
    <evaluationMode>manual</evaluationMode>
    <creationInfo>
      <agencyURI>smi:smi-registry/organization/EMSC</agencyURI>
      <authorURI>smi:smi-registry/organization/EMSC</authorURI>
    </creationInfo>
    <originUncertainty>
      <azimuthMaxHorizontalUncertainty>157</azimuthMaxHorizontalUncertainty>
    </originUncertainty>
  </origin>
  <magnitude publicID="quakeml:eu.emsc/event/20020101_0000009/origin/1406262/mag/1">
    <mag>
      <value>1.4</value>
      <uncertainty>0.4</uncertainty>
    </mag>
    <type>ML</type>
    <originID>quakeml:eu.emsc/event/20020101_0000009/origin/1406262</originID>
    <stationCount>8</stationCount>
    <creationInfo>
      <agencyURI>smi:smi-registry/organization/EMSC</agencyURI>
      <authorURI>smi:smi-registry/organization/EMSC</authorURI>
    </creationInfo>
  </magnitude>
</event>
<event publicID="quakeml:eu.emsc/event/20020101_0000001">
  <preferredOriginID>quakeml:eu.emsc/event/20020101_0000001/origin/1406896</preferredOriginID>
  <preferredMagnitudeID>quakeml:eu.emsc/event/20020101_0000001/origin/1406896/mag/2</preferredMagnitudeID>
  <creationInfo>
    <agencyURI>smi:smi-registry/organization/EMSC</agencyURI>
    <authorURI>smi:smi-registry/organization/EMSC</authorURI>
    <creationTime>2014-12-03T10:44:47.741145Z</creationTime>
  </creationInfo>
  <description>
    <text>AEGEAN SEA</text>
    <type>Flinn-Engdahl region</type>
  </description>
  <origin publicID="quakeml:eu.emsc/event/20020101_0000001/origin/1406896">
    <time>
      <value>2002-01-01T01:40:15.0Z</value>
      <uncertainty>0.57</uncertainty>
    </time>
    <latitude>
      <value>39.441</value>
      <uncertainty>15.3</uncertainty>
    </latitude>
    <longitude>
      <value>23.7386</value>
      <uncertainty>6.9</uncertainty>
    </longitude>
    <depth>
      <value>5000</value>
    </depth>
    <depthType>from location</depthType>
    <methodID>smi:eu.emsc-csem/origin_method/NA</methodID>
    <quality>
      <usedPhaseCount>9</usedPhaseCount>
      <usedStationCount>7</usedStationCount>
      <standardError>0.71</standardError>
      <azimuthalGap>213</azimuthalGap>
      <minimumDistance>0.29</minimumDistance>
      <maximumDistance>1.59</maximumDistance>
    </quality>
    <evaluationMode>manual</evaluationMode>
    <creationInfo>
      <agencyURI>smi:smi-registry/organization/EMSC</agencyURI>
      <authorURI>smi:smi-registry/organization/EMSC</authorURI>
    </creationInfo>
    <originUncertainty>
      <azimuthMaxHorizontalUncertainty>39</azimuthMaxHorizontalUncertainty>
    </originUncertainty>
  </origin>
  <magnitude publicID="quakeml:eu.emsc/event/20020101_0000001/origin/1406896/mag/2">
    <mag>
      <value>3.5</value>
    </mag>
    <type>ML</type>
    <originID>quakeml:eu.emsc/event/20020101_0000001/origin/1406896</originID>
    <creationInfo>
      <agencyURI>smi:smi-registry/organization/EMSC</agencyURI>
      <authorURI>smi:smi-registry/organization/EMSC</authorURI>
    </creationInfo>
  </magnitude>
</event>
<event publicID="quakeml:eu.emsc/event/20020101_0000010">
  <preferredOriginID>quakeml:eu.emsc/event/20020101_0000010/origin/1536078</preferredOriginID>
  <preferredMagnitudeID>quakeml:eu.emsc/event/20020101_0000010/origin/1536078/mag/2</preferredMagnitudeID>
  <creationInfo>
    <agencyURI>smi:smi-registry/organization/EMSC</agencyURI>
    <authorURI>smi:smi-registry/organization/EMSC</authorURI>
    <creationTime>2014-12-10T21:58:56.666699Z</creationTime>
  </creationInfo>
  <description>
    <text>GERMANY</text>
    <type>Flinn-Engdahl region</type>
  </description>
  <origin publicID="quakeml:eu.emsc/event/20020101_0000010/origin/1536078">
    <time>
      <value>2002-01-01T00:16:38.4Z</value>
      <uncertainty>0.34</uncertainty>
    </time>
    <latitude>
      <value>50.9252</value>
    </latitude>
    <longitude>
      <value>6.4685</value>
    </longitude>
    <depth>
      <value>7900.0</value>
      <uncertainty>1.9</uncertainty>
    </depth>
    <depthType>from location</depthType>
    <methodID>smi:eu.emsc-csem/origin_method/NA</methodID>
    <quality>
      <usedPhaseCount>13</usedPhaseCount>
      <usedStationCount>7</usedStationCount>
      <azimuthalGap>293</azimuthalGap>
      <minimumDistance>0.43</minimumDistance>
      <maximumDistance>1.45</maximumDistance>
    </quality>
    <evaluationMode>manual</evaluationMode>
    <creationInfo>
      <agencyURI>smi:smi-registry/organization/EMSC</agencyURI>
      <authorURI>smi:smi-registry/organization/EMSC</authorURI>
    </creationInfo>
  </origin>
  <magnitude publicID="quakeml:eu.emsc/event/20020101_0000010/origin/1536078/mag/2">
    <mag>
      <value>1.2</value>
    </mag>
    <type>ML</type>
    <originID>quakeml:eu.emsc/event/20020101_0000010/origin/1536078</originID>
    <creationInfo>
      <agencyURI>smi:smi-registry/organization/EMSC</agencyURI>
      <authorURI>smi:smi-registry/organization/EMSC</authorURI>
    </creationInfo>
  </magnitude>
</event>
</eventParameters>
</q:quakeml>
