<?xml version="1.0"?>
<q:quakeml xmlns:q="http://quakeml.org/xmlns/quakeml/1.2"  xmlns="http://quakeml.org/xmlns/bed/1.2">
<eventParameters publicID="smi:eu.emsc/unid">
<event publicID="quakeml:eu.emsc/event/20020326_0000016">
  <preferredOriginID>quakeml:eu.emsc/event/20020326_0000016/origin/1410212</preferredOriginID>
  <preferredMagnitudeID>quakeml:eu.emsc/event/20020326_0000016/origin/1410212/mag/2</preferredMagnitudeID>
  <creationInfo>
    <agencyURI>smi:smi-registry/organization/EMSC</agencyURI>
    <authorURI>smi:smi-registry/organization/EMSC</authorURI>
    <creationTime>2014-12-03T10:37:11.8066Z</creationTime>
  </creationInfo>
  <description>
    <text>AZORES-CAPE ST. VINCENT RIDGE</text>
    <type>Flinn-Engdahl region</type>
  </description>
  <origin publicID="quakeml:eu.emsc/event/20020326_0000016/origin/1410212">
    <time>
      <value>2002-03-26T22:09:01.2Z</value>
      <uncertainty>0.31</uncertainty>
    </time>
    <latitude>
      <value>36.1683</value>
      <uncertainty>6.1</uncertainty>
    </latitude>
    <longitude>
      <value>-10.137</value>
      <uncertainty>4.3</uncertainty>
    </longitude>
    <depth>
      <value>100000</value>
    </depth>
    <depthType>from location</depthType>
    <methodID>smi:eu.emsc-csem/origin_method/NA</methodID>
    <quality>
      <usedPhaseCount>51</usedPhaseCount>
      <usedStationCount>30</usedStationCount>
      <standardError>0.73</standardError>
      <azimuthalGap>302</azimuthalGap>
      <minimumDistance>1.78</minimumDistance>
      <maximumDistance>8.68</maximumDistance>
    </quality>
    <evaluationMode>manual</evaluationMode>
    <creationInfo>
      <agencyURI>smi:smi-registry/organization/EMSC</agencyURI>
      <authorURI>smi:smi-registry/organization/EMSC</authorURI>
    </creationInfo>
    <originUncertainty>
      <azimuthMaxHorizontalUncertainty>47</azimuthMaxHorizontalUncertainty>
    </originUncertainty>
  </origin>
  <magnitude publicID="quakeml:eu.emsc/event/20020326_0000016/origin/1410212/mag/2">
    <mag>
      <value>4</value>
      <uncertainty>0.1</uncertainty>
    </mag>
    <type>mb</type>
    <originID>quakeml:eu.emsc/event/20020326_0000016/origin/1410212</originID>
    <stationCount>18</stationCount>
    <creationInfo>
      <agencyURI>smi:smi-registry/organization/EMSC</agencyURI>
      <authorURI>smi:smi-registry/organization/EMSC</authorURI>
    </creationInfo>
  </magnitude>
</event>
<event publicID="quakeml:eu.emsc/event/20020326_0000015">
  <preferredOriginID>quakeml:eu.emsc/event/20020326_0000015/origin/1414640</preferredOriginID>
  <preferredMagnitudeID>quakeml:eu.emsc/event/20020326_0000015/origin/1414640/mag/2</preferredMagnitudeID>
  <creationInfo>
    <agencyURI>smi:smi-registry/organization/EMSC</agencyURI>
    <authorURI>smi:smi-registry/organization/EMSC</authorURI>
    <creationTime>2014-12-10T15:52:24.262546Z</creationTime>
  </creationInfo>
  <description>
    <text>GULF OF ADEN</text>
    <type>Flinn-Engdahl region</type>
  </description>
  <origin publicID="quakeml:eu.emsc/event/20020326_0000015/origin/1414640">
    <time>
      <value>2002-03-26T22:04:15.3Z</value>
    </time>
    <latitude>
      <value>12.492</value>
      <uncertainty>9999.9</uncertainty>
    </latitude>
    <longitude>
      <value>46.576</value>
      <uncertainty>9999.9</uncertainty>
    </longitude>
    <depth>
      <value>19000</value>
    </depth>
    <depthType>from location</depthType>
    <methodID>smi:eu.emsc-csem/origin_method/NA</methodID>
    <quality>
      <usedPhaseCount>15</usedPhaseCount>
      <usedStationCount>8</usedStationCount>
      <standardError>4.42</standardError>
      <azimuthalGap>311</azimuthalGap>
      <minimumDistance>1.58</minimumDistance>
      <maximumDistance>5.19</maximumDistance>
    </quality>
    <evaluationMode>manual</evaluationMode>
    <creationInfo>
      <agencyURI>smi:smi-registry/organization/EMSC</agencyURI>
      <authorURI>smi:smi-registry/organization/EMSC</authorURI>
    </creationInfo>
    <originUncertainty>
      <azimuthMaxHorizontalUncertainty>-99</azimuthMaxHorizontalUncertainty>
    </originUncertainty>
  </origin>
  <magnitude publicID="quakeml:eu.emsc/event/20020326_0000015/origin/1414640/mag/2">
    <mag>
      <value>4.6</value>
    </mag>
    <type>ML</type>
    <originID>quakeml:eu.emsc/event/20020326_0000015/origin/1414640</originID>
    <creationInfo>
      <agencyURI>smi:smi-registry/organization/EMSC</agencyURI>
      <authorURI>smi:smi-registry/organization/EMSC</authorURI>
    </creationInfo>
  </magnitude>
</event>
<event publicID="quakeml:eu.emsc/event/20020326_0000019">
  <preferredOriginID>quakeml:eu.emsc/event/20020326_0000019/origin/1409423</preferredOriginID>
  <preferredMagnitudeID>quakeml:eu.emsc/event/20020326_0000019/origin/1409423/mag/1</preferredMagnitudeID>
  <creationInfo>
    <agencyURI>smi:smi-registry/organization/EMSC</agencyURI>
    <authorURI>smi:smi-registry/organization/EMSC</authorURI>
    <creationTime>2014-12-03T15:31:22.114281Z</creationTime>
  </creationInfo>
  <description>
    <text>NEAR SOUTH COAST OF FRANCE</text>
    <type>Flinn-Engdahl region</type>
  </description>
  <origin publicID="quakeml:eu.emsc/event/20020326_0000019/origin/1409423">
    <time>
      <value>2002-03-26T19:35:28.4Z</value>
      <uncertainty>0.15</uncertainty>
    </time>
    <latitude>
      <value>43.9935</value>
      <uncertainty>3.2</uncertainty>
    </latitude>
    <longitude>
      <value>7.6242</value>
      <uncertainty>3.1</uncertainty>
    </longitude>
    <depth>
      <value>15000</value>
    </depth>
    <depthType>from location</depthType>
    <methodID>smi:eu.emsc-csem/origin_method/NA</methodID>
    <quality>
      <usedPhaseCount>41</usedPhaseCount>
      <usedStationCount>23</usedStationCount>
      <standardError>0.81</standardError>
      <azimuthalGap>52</azimuthalGap>
      <minimumDistance>0.12</minimumDistance>
      <maximumDistance>1.76</maximumDistance>
    </quality>
    <evaluationMode>manual</evaluationMode>
    <creationInfo>
      <agencyURI>smi:smi-registry/organization/EMSC</agencyURI>
      <authorURI>smi:smi-registry/organization/EMSC</authorURI>
    </creationInfo>
    <originUncertainty>
      <azimuthMaxHorizontalUncertainty>148</azimuthMaxHorizontalUncertainty>
    </originUncertainty>
  </origin>
  <magnitude publicID="quakeml:eu.emsc/event/20020326_0000019/origin/1409423/mag/1">
    <mag>
      <value>1.8</value>
      <uncertainty>0.4</uncertainty>
    </mag>
    <type>ML</type>
    <originID>quakeml:eu.emsc/event/20020326_0000019/origin/1409423</originID>
    <stationCount>9</stationCount>
    <creationInfo>
      <agencyURI>smi:smi-registry/organization/EMSC</agencyURI>
      <authorURI>smi:smi-registry/organization/EMSC</authorURI>
    </creationInfo>
  </magnitude>
</event>
<event publicID="quakeml:eu.emsc/event/20020326_0000014">
  <preferredOriginID>quakeml:eu.emsc/event/20020326_0000014/origin/1410216</preferredOriginID>
  <preferredMagnitudeID>quakeml:eu.emsc/event/20020326_0000014/origin/1410216/mag/2</preferredMagnitudeID>
  <creationInfo>
    <agencyURI>smi:smi-registry/organization/EMSC</agencyURI>
    <authorURI>smi:smi-registry/organization/EMSC</authorURI>
    <creationTime>2014-12-03T11:26:12.477146Z</creationTime>
  </creationInfo>
  <description>
    <text>NEAR THE COAST OF WESTERN TURKEY</text>
    <type>Flinn-Engdahl region</type>
  </description>
  <origin publicID="quakeml:eu.emsc/event/20020326_0000014/origin/1410216">
    <time>
      <value>2002-03-26T19:17:57.5Z</value>
      <uncertainty>0.15</uncertainty>
    </time>
    <latitude>
      <value>38.3769</value>
      <uncertainty>4.5</uncertainty>
    </latitude>
    <longitude>
      <value>26.7114</value>
      <uncertainty>4.1</uncertainty>
    </longitude>
    <depth>
      <value>15000</value>
    </depth>
    <depthType>from location</depthType>
    <methodID>smi:eu.emsc-csem/origin_method/NA</methodID>
    <quality>
      <usedPhaseCount>12</usedPhaseCount>
      <usedStationCount>11</usedStationCount>
      <standardError>0.45</standardError>
      <azimuthalGap>82</azimuthalGap>
      <minimumDistance>0.43</minimumDistance>
      <maximumDistance>3.69</maximumDistance>
    </quality>
    <evaluationMode>manual</evaluationMode>
    <creationInfo>
      <agencyURI>smi:smi-registry/organization/EMSC</agencyURI>
      <authorURI>smi:smi-registry/organization/EMSC</authorURI>
    </creationInfo>
    <originUncertainty>
      <azimuthMaxHorizontalUncertainty>132</azimuthMaxHorizontalUncertainty>
    </originUncertainty>
  </origin>
  <magnitude publicID="quakeml:eu.emsc/event/20020326_0000014/origin/1410216/mag/2">
    <mag>
      <value>3.3</value>
    </mag>
    <type>MD</type>
    <originID>quakeml:eu.emsc/event/20020326_0000014/origin/1410216</originID>
    <creationInfo>
      <agencyURI>smi:smi-registry/organization/EMSC</agencyURI>
      <authorURI>smi:smi-registry/organization/EMSC</authorURI>
    </creationInfo>
  </magnitude>
</event>
<event publicID="quakeml:eu.emsc/event/20020326_0000013">
  <preferredOriginID>quakeml:eu.emsc/event/20020326_0000013/origin/1410221</preferredOriginID>
  <preferredMagnitudeID>quakeml:eu.emsc/event/20020326_0000013/origin/1410221/mag/2</preferredMagnitudeID>
  <creationInfo>
    <agencyURI>smi:smi-registry/organization/EMSC</agencyURI>
    <authorURI>smi:smi-registry/organization/EMSC</authorURI>
    <creationTime>2014-12-03T10:30:05.63551Z</creationTime>
  </creationInfo>
  <description>
    <text>CYPRUS REGION</text>
    <type>Flinn-Engdahl region</type>
  </description>
  <origin publicID="quakeml:eu.emsc/event/20020326_0000013/origin/1410221">
    <time>
      <value>2002-03-26T19:11:28.9Z</value>
      <uncertainty>0.23</uncertainty>
    </time>
    <latitude>
      <value>35.363</value>
      <uncertainty>7</uncertainty>
    </latitude>
    <longitude>
      <value>31.4599</value>
      <uncertainty>6.2</uncertainty>
    </longitude>
    <depth>
      <value>44000</value>
      <uncertainty>5.6</uncertainty>
    </depth>
    <depthType>from location</depthType>
    <methodID>smi:eu.emsc-csem/origin_method/NA</methodID>
    <quality>
      <usedPhaseCount>29</usedPhaseCount>
      <usedStationCount>28</usedStationCount>
      <standardError>1.02</standardError>
      <azimuthalGap>67</azimuthalGap>
      <minimumDistance>0.87</minimumDistance>
      <maximumDistance>43.89</maximumDistance>
    </quality>
    <evaluationMode>manual</evaluationMode>
    <creationInfo>
      <agencyURI>smi:smi-registry/organization/EMSC</agencyURI>
      <authorURI>smi:smi-registry/organization/EMSC</authorURI>
    </creationInfo>
    <originUncertainty>
      <azimuthMaxHorizontalUncertainty>91</azimuthMaxHorizontalUncertainty>
    </originUncertainty>
  </origin>
  <magnitude publicID="quakeml:eu.emsc/event/20020326_0000013/origin/1410221/mag/2">
    <mag>
      <value>3.5</value>
    </mag>
    <type>MD</type>
    <originID>quakeml:eu.emsc/event/20020326_0000013/origin/1410221</originID>
    <creationInfo>
      <agencyURI>smi:smi-registry/organization/EMSC</agencyURI>
      <authorURI>smi:smi-registry/organization/EMSC</authorURI>
    </creationInfo>
  </magnitude>
</event>
<event publicID="quakeml:eu.emsc/event/20020326_0000018">
  <preferredOriginID>quakeml:eu.emsc/event/20020326_0000018/origin/1414642</preferredOriginID>
  <preferredMagnitudeID>quakeml:eu.emsc/event/20020326_0000018/origin/1414642/mag/2</preferredMagnitudeID>
  <creationInfo>
    <agencyURI>smi:smi-registry/organization/EMSC</agencyURI>
    <authorURI>smi:smi-registry/organization/EMSC</authorURI>
    <creationTime>2014-12-10T18:35:20.555902Z</creationTime>
  </creationInfo>
  <description>
    <text>NORTHERN ITALY</text>
    <type>Flinn-Engdahl region</type>
  </description>
  <origin publicID="quakeml:eu.emsc/event/20020326_0000018/origin/1414642">
    <time>
      <value>2002-03-26T15:46:56.6Z</value>
    </time>
    <latitude>
      <value>44.4188</value>
      <uncertainty>9999.9</uncertainty>
    </latitude>
    <longitude>
      <value>7.523</value>
      <uncertainty>9999.9</uncertainty>
    </longitude>
    <depth>
      <value>2400.0</value>
    </depth>
    <depthType>from location</depthType>
    <methodID>smi:eu.emsc-csem/origin_method/NA</methodID>
    <quality>
      <usedPhaseCount>17</usedPhaseCount>
      <usedStationCount>11</usedStationCount>
      <standardError>4.2</standardError>
      <azimuthalGap>132</azimuthalGap>
      <minimumDistance>0.21</minimumDistance>
      <maximumDistance>0.57</maximumDistance>
    </quality>
    <evaluationMode>manual</evaluationMode>
    <creationInfo>
      <agencyURI>smi:smi-registry/organization/EMSC</agencyURI>
      <authorURI>smi:smi-registry/organization/EMSC</authorURI>
    </creationInfo>
    <originUncertainty>
      <azimuthMaxHorizontalUncertainty>-99</azimuthMaxHorizontalUncertainty>
    </originUncertainty>
  </origin>
  <magnitude publicID="quakeml:eu.emsc/event/20020326_0000018/origin/1414642/mag/2">
    <mag>
      <value>2</value>
    </mag>
    <type>ML</type>
    <originID>quakeml:eu.emsc/event/20020326_0000018/origin/1414642</originID>
    <creationInfo>
      <agencyURI>smi:smi-registry/organization/EMSC</agencyURI>
      <authorURI>smi:smi-registry/organization/EMSC</authorURI>
    </creationInfo>
  </magnitude>
</event>
<event publicID="quakeml:eu.emsc/event/20020326_0000012">
  <preferredOriginID>quakeml:eu.emsc/event/20020326_0000012/origin/1414644</preferredOriginID>
  <preferredMagnitudeID>quakeml:eu.emsc/event/20020326_0000012/origin/1414644/mag/2</preferredMagnitudeID>
  <creationInfo>
    <agencyURI>smi:smi-registry/organization/EMSC</agencyURI>
    <authorURI>smi:smi-registry/organization/EMSC</authorURI>
    <creationTime>2014-12-10T15:52:14.98986Z</creationTime>
  </creationInfo>
  <description>
    <text>WESTERN TURKEY</text>
    <type>Flinn-Engdahl region</type>
  </description>
  <origin publicID="quakeml:eu.emsc/event/20020326_0000012/origin/1414644">
    <time>
      <value>2002-03-26T15:20:42.9Z</value>
    </time>
    <latitude>
      <value>40.533</value>
      <uncertainty>9999.9</uncertainty>
    </latitude>
    <longitude>
      <value>29.163</value>
      <uncertainty>9999.9</uncertainty>
    </longitude>
    <depth>
      <value>11000</value>
    </depth>
    <depthType>from location</depthType>
    <methodID>smi:eu.emsc-csem/origin_method/NA</methodID>
    <quality>
      <usedPhaseCount>6</usedPhaseCount>
      <usedStationCount>4</usedStationCount>
      <standardError>0.91</standardError>
      <azimuthalGap>112</azimuthalGap>
      <minimumDistance>0.54</minimumDistance>
      <maximumDistance>1.57</maximumDistance>
    </quality>
    <evaluationMode>manual</evaluationMode>
    <creationInfo>
      <agencyURI>smi:smi-registry/organization/EMSC</agencyURI>
      <authorURI>smi:smi-registry/organization/EMSC</authorURI>
    </creationInfo>
    <originUncertainty>
      <azimuthMaxHorizontalUncertainty>-99</azimuthMaxHorizontalUncertainty>
    </originUncertainty>
  </origin>
  <magnitude publicID="quakeml:eu.emsc/event/20020326_0000012/origin/1414644/mag/2">
    <mag>
      <value>3.1</value>
    </mag>
    <type>MD</type>
    <originID>quakeml:eu.emsc/event/20020326_0000012/origin/1414644</originID>
    <creationInfo>
      <agencyURI>smi:smi-registry/organization/EMSC</agencyURI>
      <authorURI>smi:smi-registry/organization/EMSC</authorURI>
    </creationInfo>
  </magnitude>
</event>
<event publicID="quakeml:eu.emsc/event/20020326_0000011">
  <preferredOriginID>quakeml:eu.emsc/event/20020326_0000011/origin/1414646</preferredOriginID>
  <preferredMagnitudeID>quakeml:eu.emsc/event/20020326_0000011/origin/1414646/mag/2</preferredMagnitudeID>
  <creationInfo>
    <agencyURI>smi:smi-registry/organization/EMSC</agencyURI>
    <authorURI>smi:smi-registry/organization/EMSC</authorURI>
    <creationTime>2014-12-10T15:52:10.899622Z</creationTime>
  </creationInfo>
  <description>
    <text>WESTERN TURKEY</text>
    <type>Flinn-Engdahl region</type>
  </description>
  <origin publicID="quakeml:eu.emsc/event/20020326_0000011/origin/1414646">
    <time>
      <value>2002-03-26T14:30:12.8Z</value>
    </time>
    <latitude>
      <value>40.799</value>
      <uncertainty>9999.9</uncertainty>
    </latitude>
    <longitude>
      <value>27.911</value>
      <uncertainty>9999.9</uncertainty>
    </longitude>
    <depth>
      <value>10000</value>
    </depth>
    <depthType>from location</depthType>
    <methodID>smi:eu.emsc-csem/origin_method/NA</methodID>
    <quality>
      <usedPhaseCount>11</usedPhaseCount>
      <usedStationCount>7</usedStationCount>
      <standardError>1.03</standardError>
      <azimuthalGap>227</azimuthalGap>
      <minimumDistance>0.44</minimumDistance>
      <maximumDistance>1.31</maximumDistance>
    </quality>
    <evaluationMode>manual</evaluationMode>
    <creationInfo>
      <agencyURI>smi:smi-registry/organization/EMSC</agencyURI>
      <authorURI>smi:smi-registry/organization/EMSC</authorURI>
    </creationInfo>
    <originUncertainty>
      <azimuthMaxHorizontalUncertainty>-99</azimuthMaxHorizontalUncertainty>
    </originUncertainty>
  </origin>
  <magnitude publicID="quakeml:eu.emsc/event/20020326_0000011/origin/1414646/mag/2">
    <mag>
      <value>2.9</value>
    </mag>
    <type>MD</type>
    <originID>quakeml:eu.emsc/event/20020326_0000011/origin/1414646</originID>
    <creationInfo>
      <agencyURI>smi:smi-registry/organization/EMSC</agencyURI>
      <authorURI>smi:smi-registry/organization/EMSC</authorURI>
    </creationInfo>
  </magnitude>
</event>
<event publicID="quakeml:eu.emsc/event/20020326_0000010">
  <preferredOriginID>quakeml:eu.emsc/event/20020326_0000010/origin/1414648</preferredOriginID>
  <preferredMagnitudeID>quakeml:eu.emsc/event/20020326_0000010/origin/1414648/mag/2</preferredMagnitudeID>
  <creationInfo>
    <agencyURI>smi:smi-registry/organization/EMSC</agencyURI>
    <authorURI>smi:smi-registry/organization/EMSC</authorURI>
    <creationTime>2014-12-10T15:52:05.869346Z</creationTime>
  </creationInfo>
  <description>
    <text>WESTERN TURKEY</text>
    <type>Flinn-Engdahl region</type>
  </description>
  <origin publicID="quakeml:eu.emsc/event/20020326_0000010/origin/1414648">
    <time>
      <value>2002-03-26T13:31:14.6Z</value>
    </time>
    <latitude>
      <value>38.636</value>
      <uncertainty>9999.9</uncertainty>
    </latitude>
    <longitude>
      <value>30.847</value>
      <uncertainty>9999.9</uncertainty>
    </longitude>
    <depth>
      <value>10000</value>
    </depth>
    <depthType>from location</depthType>
    <methodID>smi:eu.emsc-csem/origin_method/NA</methodID>
    <quality>
      <usedPhaseCount>15</usedPhaseCount>
      <usedStationCount>14</usedStationCount>
      <standardError>1.61</standardError>
      <azimuthalGap>118</azimuthalGap>
      <minimumDistance>1.08</minimumDistance>
      <maximumDistance>3.42</maximumDistance>
    </quality>
    <evaluationMode>manual</evaluationMode>
    <creationInfo>
      <agencyURI>smi:smi-registry/organization/EMSC</agencyURI>
      <authorURI>smi:smi-registry/organization/EMSC</authorURI>
    </creationInfo>
    <originUncertainty>
      <azimuthMaxHorizontalUncertainty>-99</azimuthMaxHorizontalUncertainty>
    </originUncertainty>
  </origin>
  <magnitude publicID="quakeml:eu.emsc/event/20020326_0000010/origin/1414648/mag/2">
    <mag>
      <value>3.3</value>
    </mag>
    <type>MD</type>
    <originID>quakeml:eu.emsc/event/20020326_0000010/origin/1414648</originID>
    <creationInfo>
      <agencyURI>smi:smi-registry/organization/EMSC</agencyURI>
      <authorURI>smi:smi-registry/organization/EMSC</authorURI>
    </creationInfo>
  </magnitude>
</event>
<event publicID="quakeml:eu.emsc/event/20020326_0000009">
  <preferredOriginID>quakeml:eu.emsc/event/20020326_0000009/origin/1410224</preferredOriginID>
  <preferredMagnitudeID>quakeml:eu.emsc/event/20020326_0000009/origin/1410224/mag/2</preferredMagnitudeID>
  <creationInfo>
    <agencyURI>smi:smi-registry/organization/EMSC</agencyURI>
    <authorURI>smi:smi-registry/organization/EMSC</authorURI>
    <creationTime>2014-12-03T10:56:22.445366Z</creationTime>
  </creationInfo>
  <description>
    <text>IONIAN SEA</text>
    <type>Flinn-Engdahl region</type>
  </description>
  <origin publicID="quakeml:eu.emsc/event/20020326_0000009/origin/1410224">
    <time>
      <value>2002-03-26T12:41:24.8Z</value>
      <uncertainty>1.24</uncertainty>
    </time>
    <latitude>
      <value>37.1852</value>
      <uncertainty>31.4</uncertainty>
    </latitude>
    <longitude>
      <value>20.8926</value>
      <uncertainty>14.3</uncertainty>
    </longitude>
    <depth>
      <value>2000</value>
    </depth>
    <depthType>from location</depthType>
    <methodID>smi:eu.emsc-csem/origin_method/NA</methodID>
    <quality>
      <usedPhaseCount>10</usedPhaseCount>
      <usedStationCount>9</usedStationCount>
      <standardError>1.13</standardError>
      <azimuthalGap>223</azimuthalGap>
      <minimumDistance>0.83</minimumDistance>
      <maximumDistance>5.67</maximumDistance>
    </quality>
    <evaluationMode>manual</evaluationMode>
    <creationInfo>
      <agencyURI>smi:smi-registry/organization/EMSC</agencyURI>
      <authorURI>smi:smi-registry/organization/EMSC</authorURI>
    </creationInfo>
    <originUncertainty>
      <azimuthMaxHorizontalUncertainty>58</azimuthMaxHorizontalUncertainty>
    </originUncertainty>
  </origin>
  <magnitude publicID="quakeml:eu.emsc/event/20020326_0000009/origin/1410224/mag/2">
    <mag>
      <value>3.3</value>
    </mag>
    <type>MD</type>
    <originID>quakeml:eu.emsc/event/20020326_0000009/origin/1410224</originID>
    <creationInfo>
      <agencyURI>smi:smi-registry/organization/EMSC</agencyURI>
      <authorURI>smi:smi-registry/organization/EMSC</authorURI>
    </creationInfo>
  </magnitude>
</event>
<event publicID="quakeml:eu.emsc/event/20020326_0000008">
  <preferredOriginID>quakeml:eu.emsc/event/20020326_0000008/origin/1410227</preferredOriginID>
  <preferredMagnitudeID>quakeml:eu.emsc/event/20020326_0000008/origin/1410227/mag/2</preferredMagnitudeID>
  <creationInfo>
    <agencyURI>smi:smi-registry/organization/EMSC</agencyURI>
    <authorURI>smi:smi-registry/organization/EMSC</authorURI>
    <creationTime>2014-12-03T11:58:05.778382Z</creationTime>
  </creationInfo>
  <description>
    <text>SOUTHERN GREECE</text>
    <type>Flinn-Engdahl region</type>
  </description>
  <origin publicID="quakeml:eu.emsc/event/20020326_0000008/origin/1410227">
    <time>
      <value>2002-03-26T11:37:33.1Z</value>
      <uncertainty>0.55</uncertainty>
    </time>
    <latitude>
      <value>37.2347</value>
      <uncertainty>15.7</uncertainty>
    </latitude>
    <longitude>
      <value>21.0522</value>
      <uncertainty>9.1</uncertainty>
    </longitude>
    <depth>
      <value>20000</value>
    </depth>
    <depthType>from location</depthType>
    <methodID>smi:eu.emsc-csem/origin_method/NA</methodID>
    <quality>
      <usedPhaseCount>23</usedPhaseCount>
      <usedStationCount>22</usedStationCount>
      <standardError>1.28</standardError>
      <azimuthalGap>161</azimuthalGap>
      <minimumDistance>1.01</minimumDistance>
      <maximumDistance>79.58</maximumDistance>
    </quality>
    <evaluationMode>manual</evaluationMode>
    <creationInfo>
      <agencyURI>smi:smi-registry/organization/EMSC</agencyURI>
      <authorURI>smi:smi-registry/organization/EMSC</authorURI>
    </creationInfo>
    <originUncertainty>
      <azimuthMaxHorizontalUncertainty>168</azimuthMaxHorizontalUncertainty>
    </originUncertainty>
  </origin>
  <magnitude publicID="quakeml:eu.emsc/event/20020326_0000008/origin/1410227/mag/2">
    <mag>
      <value>3.7</value>
    </mag>
    <type>ML</type>
    <originID>quakeml:eu.emsc/event/20020326_0000008/origin/1410227</originID>
    <creationInfo>
      <agencyURI>smi:smi-registry/organization/EMSC</agencyURI>
      <authorURI>smi:smi-registry/organization/EMSC</authorURI>
    </creationInfo>
  </magnitude>
</event>
<event publicID="quakeml:eu.emsc/event/20020326_0000025">
  <preferredOriginID>quakeml:eu.emsc/event/20020326_0000025/origin/1414650</preferredOriginID>
  <preferredMagnitudeID>quakeml:eu.emsc/event/20020326_0000025/origin/1414650/mag/2</preferredMagnitudeID>
  <creationInfo>
    <agencyURI>smi:smi-registry/organization/EMSC</agencyURI>
    <authorURI>smi:smi-registry/organization/EMSC</authorURI>
    <creationTime>2014-12-10T18:35:20.52611Z</creationTime>
  </creationInfo>
  <description>
    <text>FRANCE</text>
    <type>Flinn-Engdahl region</type>
  </description>
  <origin publicID="quakeml:eu.emsc/event/20020326_0000025/origin/1414650">
    <time>
      <value>2002-03-26T11:23:06.3Z</value>
    </time>
    <latitude>
      <value>45.1726</value>
      <uncertainty>9999.9</uncertainty>
    </latitude>
    <longitude>
      <value>6.47</value>
      <uncertainty>9999.9</uncertainty>
    </longitude>
    <depth>
      <value>2000</value>
    </depth>
    <depthType>from location</depthType>
    <methodID>smi:eu.emsc-csem/origin_method/NA</methodID>
    <quality>
      <usedPhaseCount>15</usedPhaseCount>
      <usedStationCount>8</usedStationCount>
      <standardError>0.77</standardError>
      <azimuthalGap>131</azimuthalGap>
      <minimumDistance>0.38</minimumDistance>
      <maximumDistance>2.16</maximumDistance>
    </quality>
    <evaluationMode>manual</evaluationMode>
    <creationInfo>
      <agencyURI>smi:smi-registry/organization/EMSC</agencyURI>
      <authorURI>smi:smi-registry/organization/EMSC</authorURI>
    </creationInfo>
    <originUncertainty>
      <azimuthMaxHorizontalUncertainty>-99</azimuthMaxHorizontalUncertainty>
    </originUncertainty>
  </origin>
  <magnitude publicID="quakeml:eu.emsc/event/20020326_0000025/origin/1414650/mag/2">
    <mag>
      <value>2</value>
    </mag>
    <type>ML</type>
    <originID>quakeml:eu.emsc/event/20020326_0000025/origin/1414650</originID>
    <stationCount>4</stationCount>
    <creationInfo>
      <agencyURI>smi:smi-registry/organization/EMSC</agencyURI>
      <authorURI>smi:smi-registry/organization/EMSC</authorURI>
    </creationInfo>
  </magnitude>
</event>
<event publicID="quakeml:eu.emsc/event/20020326_0000006">
  <preferredOriginID>quakeml:eu.emsc/event/20020326_0000006/origin/1410231</preferredOriginID>
  <preferredMagnitudeID>quakeml:eu.emsc/event/20020326_0000006/origin/1410231/mag/2</preferredMagnitudeID>
  <creationInfo>
    <agencyURI>smi:smi-registry/organization/EMSC</agencyURI>
    <authorURI>smi:smi-registry/organization/EMSC</authorURI>
    <creationTime>2014-12-03T12:05:54.201563Z</creationTime>
  </creationInfo>
  <description>
    <text>AUSTRIA</text>
    <type>Flinn-Engdahl region</type>
  </description>
  <origin publicID="quakeml:eu.emsc/event/20020326_0000006/origin/1410231">
    <time>
      <value>2002-03-26T11:17:34.6Z</value>
      <uncertainty>0.11</uncertainty>
    </time>
    <latitude>
      <value>47.2376</value>
      <uncertainty>2.7</uncertainty>
    </latitude>
    <longitude>
      <value>10.8031</value>
      <uncertainty>1.8</uncertainty>
    </longitude>
    <depth>
      <value>2000</value>
    </depth>
    <depthType>from location</depthType>
    <methodID>smi:eu.emsc-csem/origin_method/NA</methodID>
    <quality>
      <usedPhaseCount>111</usedPhaseCount>
      <usedStationCount>66</usedStationCount>
      <standardError>1.09</standardError>
      <azimuthalGap>92</azimuthalGap>
      <minimumDistance>0.23</minimumDistance>
      <maximumDistance>6.5</maximumDistance>
    </quality>
    <evaluationMode>manual</evaluationMode>
    <creationInfo>
      <agencyURI>smi:smi-registry/organization/EMSC</agencyURI>
      <authorURI>smi:smi-registry/organization/EMSC</authorURI>
    </creationInfo>
    <originUncertainty>
      <azimuthMaxHorizontalUncertainty>175</azimuthMaxHorizontalUncertainty>
    </originUncertainty>
  </origin>
  <magnitude publicID="quakeml:eu.emsc/event/20020326_0000006/origin/1410231/mag/2">
    <mag>
      <value>3</value>
    </mag>
    <type>ML</type>
    <originID>quakeml:eu.emsc/event/20020326_0000006/origin/1410231</originID>
    <creationInfo>
      <agencyURI>smi:smi-registry/organization/EMSC</agencyURI>
      <authorURI>smi:smi-registry/organization/EMSC</authorURI>
    </creationInfo>
  </magnitude>
</event>
<event publicID="quakeml:eu.emsc/event/20020326_0000005">
  <preferredOriginID>quakeml:eu.emsc/event/20020326_0000005/origin/1410235</preferredOriginID>
  <preferredMagnitudeID>quakeml:eu.emsc/event/20020326_0000005/origin/1410235/mag/2</preferredMagnitudeID>
  <creationInfo>
    <agencyURI>smi:smi-registry/organization/EMSC</agencyURI>
    <authorURI>smi:smi-registry/organization/EMSC</authorURI>
    <creationTime>2014-12-03T11:26:12.85647Z</creationTime>
  </creationInfo>
  <description>
    <text>SOUTHERN IRAN</text>
    <type>Flinn-Engdahl region</type>
  </description>
  <origin publicID="quakeml:eu.emsc/event/20020326_0000005/origin/1410235">
    <time>
      <value>2002-03-26T10:52:10.7Z</value>
      <uncertainty>0.27</uncertainty>
    </time>
    <latitude>
      <value>29.2157</value>
      <uncertainty>9.7</uncertainty>
    </latitude>
    <longitude>
      <value>51.4513</value>
      <uncertainty>6.4</uncertainty>
    </longitude>
    <depth>
      <value>30000</value>
    </depth>
    <depthType>from location</depthType>
    <methodID>smi:eu.emsc-csem/origin_method/NA</methodID>
    <quality>
      <usedPhaseCount>15</usedPhaseCount>
      <usedStationCount>12</usedStationCount>
      <standardError>0.58</standardError>
      <azimuthalGap>193</azimuthalGap>
      <minimumDistance>3.13</minimumDistance>
      <maximumDistance>87.93</maximumDistance>
    </quality>
    <evaluationMode>manual</evaluationMode>
    <creationInfo>
      <agencyURI>smi:smi-registry/organization/EMSC</agencyURI>
      <authorURI>smi:smi-registry/organization/EMSC</authorURI>
    </creationInfo>
    <originUncertainty>
      <azimuthMaxHorizontalUncertainty>149</azimuthMaxHorizontalUncertainty>
    </originUncertainty>
  </origin>
  <magnitude publicID="quakeml:eu.emsc/event/20020326_0000005/origin/1410235/mag/2">
    <mag>
      <value>4.1</value>
    </mag>
    <type>ML</type>
    <originID>quakeml:eu.emsc/event/20020326_0000005/origin/1410235</originID>
    <creationInfo>
      <agencyURI>smi:smi-registry/organization/EMSC</agencyURI>
      <authorURI>smi:smi-registry/organization/EMSC</authorURI>
    </creationInfo>
  </magnitude>
</event>
<event publicID="quakeml:eu.emsc/event/20020326_0000022">
  <preferredOriginID>quakeml:eu.emsc/event/20020326_0000022/origin/1414652</preferredOriginID>
  <preferredMagnitudeID>quakeml:eu.emsc/event/20020326_0000022/origin/1414652/mag/2</preferredMagnitudeID>
  <creationInfo>
    <agencyURI>smi:smi-registry/organization/EMSC</agencyURI>
    <authorURI>smi:smi-registry/organization/EMSC</authorURI>
    <creationTime>2014-12-10T18:35:19.559559Z</creationTime>
  </creationInfo>
  <description>
    <text>GERMANY</text>
    <type>Flinn-Engdahl region</type>
  </description>
  <origin publicID="quakeml:eu.emsc/event/20020326_0000022/origin/1414652">
    <time>
      <value>2002-03-26T10:38:45.9Z</value>
    </time>
    <latitude>
      <value>47.591</value>
      <uncertainty>9999.9</uncertainty>
    </latitude>
    <longitude>
      <value>8.462</value>
      <uncertainty>9999.9</uncertainty>
    </longitude>
    <depth>
      <value>0</value>
    </depth>
    <depthType>from location</depthType>
    <methodID>smi:eu.emsc-csem/origin_method/NA</methodID>
    <quality>
      <usedPhaseCount>8</usedPhaseCount>
      <usedStationCount>6</usedStationCount>
      <standardError>2.68</standardError>
      <azimuthalGap>162</azimuthalGap>
      <minimumDistance>0.14</minimumDistance>
      <maximumDistance>0.86</maximumDistance>
    </quality>
    <evaluationMode>manual</evaluationMode>
    <creationInfo>
      <agencyURI>smi:smi-registry/organization/EMSC</agencyURI>
      <authorURI>smi:smi-registry/organization/EMSC</authorURI>
    </creationInfo>
    <originUncertainty>
      <azimuthMaxHorizontalUncertainty>-99</azimuthMaxHorizontalUncertainty>
    </originUncertainty>
  </origin>
  <magnitude publicID="quakeml:eu.emsc/event/20020326_0000022/origin/1414652/mag/2">
    <mag>
      <value>1.4</value>
      <uncertainty>0.1</uncertainty>
    </mag>
    <type>ML</type>
    <originID>quakeml:eu.emsc/event/20020326_0000022/origin/1414652</originID>
    <stationCount>2</stationCount>
    <creationInfo>
      <agencyURI>smi:smi-registry/organization/EMSC</agencyURI>
      <authorURI>smi:smi-registry/organization/EMSC</authorURI>
    </creationInfo>
  </magnitude>
</event>
<event publicID="quakeml:eu.emsc/event/20020326_0000003">
  <preferredOriginID>quakeml:eu.emsc/event/20020326_0000003/origin/1414654</preferredOriginID>
  <preferredMagnitudeID>quakeml:eu.emsc/event/20020326_0000003/origin/1414654/mag/2</preferredMagnitudeID>
  <creationInfo>
    <agencyURI>smi:smi-registry/organization/EMSC</agencyURI>
    <authorURI>smi:smi-registry/organization/EMSC</authorURI>
    <creationTime>2014-12-10T15:51:57.892954Z</creationTime>
  </creationInfo>
  <description>
    <text>WESTERN TURKEY</text>
    <type>Flinn-Engdahl region</type>
  </description>
  <origin publicID="quakeml:eu.emsc/event/20020326_0000003/origin/1414654">
    <time>
      <value>2002-03-26T07:56:53.2Z</value>
    </time>
    <latitude>
      <value>38.969</value>
      <uncertainty>9999.9</uncertainty>
    </latitude>
    <longitude>
      <value>31.589</value>
      <uncertainty>9999.9</uncertainty>
    </longitude>
    <depth>
      <value>10000</value>
    </depth>
    <depthType>from location</depthType>
    <methodID>smi:eu.emsc-csem/origin_method/NA</methodID>
    <quality>
      <usedPhaseCount>8</usedPhaseCount>
      <usedStationCount>7</usedStationCount>
      <standardError>2.29</standardError>
      <azimuthalGap>173</azimuthalGap>
      <minimumDistance>1.52</minimumDistance>
      <maximumDistance>2.39</maximumDistance>
    </quality>
    <evaluationMode>manual</evaluationMode>
    <creationInfo>
      <agencyURI>smi:smi-registry/organization/EMSC</agencyURI>
      <authorURI>smi:smi-registry/organization/EMSC</authorURI>
    </creationInfo>
    <originUncertainty>
      <azimuthMaxHorizontalUncertainty>-99</azimuthMaxHorizontalUncertainty>
    </originUncertainty>
  </origin>
  <magnitude publicID="quakeml:eu.emsc/event/20020326_0000003/origin/1414654/mag/2">
    <mag>
      <value>2.9</value>
    </mag>
    <type>MD</type>
    <originID>quakeml:eu.emsc/event/20020326_0000003/origin/1414654</originID>
    <creationInfo>
      <agencyURI>smi:smi-registry/organization/EMSC</agencyURI>
      <authorURI>smi:smi-registry/organization/EMSC</authorURI>
    </creationInfo>
  </magnitude>
</event>
<event publicID="quakeml:eu.emsc/event/20020326_0000024">
  <preferredOriginID>quakeml:eu.emsc/event/20020326_0000024/origin/1409435</preferredOriginID>
  <preferredMagnitudeID>quakeml:eu.emsc/event/20020326_0000024/origin/1409435/mag/1</preferredMagnitudeID>
  <creationInfo>
    <agencyURI>smi:smi-registry/organization/EMSC</agencyURI>
    <authorURI>smi:smi-registry/organization/EMSC</authorURI>
    <creationTime>2014-12-03T16:36:44.675238Z</creationTime>
  </creationInfo>
  <description>
    <text>SWITZERLAND</text>
    <type>Flinn-Engdahl region</type>
  </description>
  <origin publicID="quakeml:eu.emsc/event/20020326_0000024/origin/1409435">
    <time>
      <value>2002-03-26T04:32:12.9Z</value>
      <uncertainty>0.1</uncertainty>
    </time>
    <latitude>
      <value>46.9142</value>
      <uncertainty>2.2</uncertainty>
    </latitude>
    <longitude>
      <value>8.4162</value>
      <uncertainty>1.6</uncertainty>
    </longitude>
    <depth>
      <value>12000</value>
    </depth>
    <depthType>from location</depthType>
    <methodID>smi:eu.emsc-csem/origin_method/NA</methodID>
    <quality>
      <usedPhaseCount>96</usedPhaseCount>
      <usedStationCount>46</usedStationCount>
      <standardError>0.95</standardError>
      <azimuthalGap>79</azimuthalGap>
      <minimumDistance>0.12</minimumDistance>
      <maximumDistance>3.85</maximumDistance>
    </quality>
    <evaluationMode>manual</evaluationMode>
    <creationInfo>
      <agencyURI>smi:smi-registry/organization/EMSC</agencyURI>
      <authorURI>smi:smi-registry/organization/EMSC</authorURI>
    </creationInfo>
    <originUncertainty>
      <azimuthMaxHorizontalUncertainty>134</azimuthMaxHorizontalUncertainty>
    </originUncertainty>
  </origin>
  <magnitude publicID="quakeml:eu.emsc/event/20020326_0000024/origin/1409435/mag/1">
    <mag>
      <value>2.1</value>
      <uncertainty>0.5</uncertainty>
    </mag>
    <type>ML</type>
    <originID>quakeml:eu.emsc/event/20020326_0000024/origin/1409435</originID>
    <stationCount>19</stationCount>
    <creationInfo>
      <agencyURI>smi:smi-registry/organization/EMSC</agencyURI>
      <authorURI>smi:smi-registry/organization/EMSC</authorURI>
    </creationInfo>
  </magnitude>
</event>
<event publicID="quakeml:eu.emsc/event/20020326_0000002">
  <preferredOriginID>quakeml:eu.emsc/event/20020326_0000002/origin/1410241</preferredOriginID>
  <preferredMagnitudeID>quakeml:eu.emsc/event/20020326_0000002/origin/1410241/mag/2</preferredMagnitudeID>
  <creationInfo>
    <agencyURI>smi:smi-registry/organization/EMSC</agencyURI>
    <authorURI>smi:smi-registry/organization/EMSC</authorURI>
    <creationTime>2014-12-03T12:00:03.172176Z</creationTime>
  </creationInfo>
  <description>
    <text>AEGEAN SEA</text>
    <type>Flinn-Engdahl region</type>
  </description>
  <origin publicID="quakeml:eu.emsc/event/20020326_0000002/origin/1410241">
    <time>
      <value>2002-03-26T03:47:50.3Z</value>
      <uncertainty>0.32</uncertainty>
    </time>
    <latitude>
      <value>39.129</value>
      <uncertainty>6.6</uncertainty>
    </latitude>
    <longitude>
      <value>24.1845</value>
      <uncertainty>4.4</uncertainty>
    </longitude>
    <depth>
      <value>12000</value>
    </depth>
    <depthType>from location</depthType>
    <methodID>smi:eu.emsc-csem/origin_method/NA</methodID>
    <quality>
      <usedPhaseCount>19</usedPhaseCount>
      <usedStationCount>13</usedStationCount>
      <standardError>0.69</standardError>
      <azimuthalGap>157</azimuthalGap>
      <minimumDistance>0.24</minimumDistance>
      <maximumDistance>2.51</maximumDistance>
    </quality>
    <evaluationMode>manual</evaluationMode>
    <creationInfo>
      <agencyURI>smi:smi-registry/organization/EMSC</agencyURI>
      <authorURI>smi:smi-registry/organization/EMSC</authorURI>
    </creationInfo>
    <originUncertainty>
      <azimuthMaxHorizontalUncertainty>138</azimuthMaxHorizontalUncertainty>
    </originUncertainty>
  </origin>
  <magnitude publicID="quakeml:eu.emsc/event/20020326_0000002/origin/1410241/mag/2">
    <mag>
      <value>2.6</value>
    </mag>
    <type>ML</type>
    <originID>quakeml:eu.emsc/event/20020326_0000002/origin/1410241</originID>
    <creationInfo>
      <agencyURI>smi:smi-registry/organization/EMSC</agencyURI>
      <authorURI>smi:smi-registry/organization/EMSC</authorURI>
    </creationInfo>
  </magnitude>
</event>
<event publicID="quakeml:eu.emsc/event/20020326_0000026">
  <preferredOriginID>quakeml:eu.emsc/event/20020326_0000026/origin/1414656</preferredOriginID>
  <preferredMagnitudeID>quakeml:eu.emsc/event/20020326_0000026/origin/1414656/mag/2</preferredMagnitudeID>
  <creationInfo>
    <agencyURI>smi:smi-registry/organization/EMSC</agencyURI>
    <authorURI>smi:smi-registry/organization/EMSC</authorURI>
    <creationTime>2014-12-10T18:35:19.81472Z</creationTime>
  </creationInfo>
  <description>
    <text>FRANCE</text>
    <type>Flinn-Engdahl region</type>
  </description>
  <origin publicID="quakeml:eu.emsc/event/20020326_0000026/origin/1414656">
    <time>
      <value>2002-03-26T03:04:43.3Z</value>
    </time>
    <latitude>
      <value>45.1774</value>
      <uncertainty>9999.9</uncertainty>
    </latitude>
    <longitude>
      <value>6.4682</value>
      <uncertainty>9999.9</uncertainty>
    </longitude>
    <depth>
      <value>19000</value>
    </depth>
    <depthType>from location</depthType>
    <methodID>smi:eu.emsc-csem/origin_method/NA</methodID>
    <quality>
      <usedPhaseCount>12</usedPhaseCount>
      <usedStationCount>7</usedStationCount>
      <standardError>0.6</standardError>
      <azimuthalGap>132</azimuthalGap>
      <minimumDistance>0.38</minimumDistance>
      <maximumDistance>1.62</maximumDistance>
    </quality>
    <evaluationMode>manual</evaluationMode>
    <creationInfo>
      <agencyURI>smi:smi-registry/organization/EMSC</agencyURI>
      <authorURI>smi:smi-registry/organization/EMSC</authorURI>
    </creationInfo>
    <originUncertainty>
      <azimuthMaxHorizontalUncertainty>-99</azimuthMaxHorizontalUncertainty>
    </originUncertainty>
  </origin>
  <magnitude publicID="quakeml:eu.emsc/event/20020326_0000026/origin/1414656/mag/2">
    <mag>
      <value>2</value>
    </mag>
    <type>ML</type>
    <originID>quakeml:eu.emsc/event/20020326_0000026/origin/1414656</originID>
    <stationCount>2</stationCount>
    <creationInfo>
      <agencyURI>smi:smi-registry/organization/EMSC</agencyURI>
      <authorURI>smi:smi-registry/organization/EMSC</authorURI>
    </creationInfo>
  </magnitude>
</event>
<event publicID="quakeml:eu.emsc/event/20020326_0000001">
  <preferredOriginID>quakeml:eu.emsc/event/20020326_0000001/origin/1410248</preferredOriginID>
  <preferredMagnitudeID>quakeml:eu.emsc/event/20020326_0000001/origin/1410248/mag/2</preferredMagnitudeID>
  <creationInfo>
    <agencyURI>smi:smi-registry/organization/EMSC</agencyURI>
    <authorURI>smi:smi-registry/organization/EMSC</authorURI>
    <creationTime>2014-12-03T10:42:44.564528Z</creationTime>
  </creationInfo>
  <description>
    <text>AEGEAN SEA</text>
    <type>Flinn-Engdahl region</type>
  </description>
  <origin publicID="quakeml:eu.emsc/event/20020326_0000001/origin/1410248">
    <time>
      <value>2002-03-26T03:01:47.3Z</value>
      <uncertainty>0.13</uncertainty>
    </time>
    <latitude>
      <value>38.9197</value>
      <uncertainty>4.2</uncertainty>
    </latitude>
    <longitude>
      <value>24.4677</value>
      <uncertainty>3.1</uncertainty>
    </longitude>
    <depth>
      <value>10000</value>
    </depth>
    <depthType>from location</depthType>
    <methodID>smi:eu.emsc-csem/origin_method/NA</methodID>
    <quality>
      <usedPhaseCount>130</usedPhaseCount>
      <usedStationCount>126</usedStationCount>
      <standardError>1.11</standardError>
      <azimuthalGap>27</azimuthalGap>
      <minimumDistance>1.11</minimumDistance>
      <maximumDistance>42.06</maximumDistance>
    </quality>
    <evaluationMode>manual</evaluationMode>
    <creationInfo>
      <agencyURI>smi:smi-registry/organization/EMSC</agencyURI>
      <authorURI>smi:smi-registry/organization/EMSC</authorURI>
    </creationInfo>
    <originUncertainty>
      <azimuthMaxHorizontalUncertainty>25</azimuthMaxHorizontalUncertainty>
    </originUncertainty>
  </origin>
  <magnitude publicID="quakeml:eu.emsc/event/20020326_0000001/origin/1410248/mag/2">
    <mag>
      <value>4.3</value>
      <uncertainty>0.2</uncertainty>
    </mag>
    <type>mb</type>
    <originID>quakeml:eu.emsc/event/20020326_0000001/origin/1410248</originID>
    <stationCount>7</stationCount>
    <creationInfo>
      <agencyURI>smi:smi-registry/organization/EMSC</agencyURI>
      <authorURI>smi:smi-registry/organization/EMSC</authorURI>
    </creationInfo>
  </magnitude>
</event>
</eventParameters>
</q:quakeml>
