<?xml version="1.0"?>
<q:quakeml xmlns:q="http://quakeml.org/xmlns/quakeml/1.2"  xmlns="http://quakeml.org/xmlns/bed/1.2">
<eventParameters publicID="smi:eu.emsc/unid">
<event publicID="quakeml:eu.emsc/event/20020110_0000007">
  <preferredOriginID>quakeml:eu.emsc/event/20020110_0000007/origin/1415972</preferredOriginID>
  <preferredMagnitudeID>quakeml:eu.emsc/event/20020110_0000007/origin/1415972/mag/2</preferredMagnitudeID>
  <creationInfo>
    <agencyURI>smi:smi-registry/organization/EMSC</agencyURI>
    <authorURI>smi:smi-registry/organization/EMSC</authorURI>
    <creationTime>2014-12-10T15:07:26.415284Z</creationTime>
  </creationInfo>
  <description>
    <text>WESTERN TURKEY</text>
    <type>Flinn-Engdahl region</type>
  </description>
  <origin publicID="quakeml:eu.emsc/event/20020110_0000007/origin/1415972">
    <time>
      <value>2002-01-10T21:21:48.1Z</value>
    </time>
    <latitude>
      <value>40.805</value>
      <uncertainty>9999.9</uncertainty>
    </latitude>
    <longitude>
      <value>30.951</value>
      <uncertainty>9999.9</uncertainty>
    </longitude>
    <depth>
      <value>10000</value>
    </depth>
    <depthType>from location</depthType>
    <methodID>smi:eu.emsc-csem/origin_method/NA</methodID>
    <quality>
      <usedPhaseCount>9</usedPhaseCount>
      <usedStationCount>8</usedStationCount>
      <standardError>1.74</standardError>
      <azimuthalGap>173</azimuthalGap>
      <minimumDistance>0.39</minimumDistance>
      <maximumDistance>2.4</maximumDistance>
    </quality>
    <evaluationMode>manual</evaluationMode>
    <creationInfo>
      <agencyURI>smi:smi-registry/organization/EMSC</agencyURI>
      <authorURI>smi:smi-registry/organization/EMSC</authorURI>
    </creationInfo>
    <originUncertainty>
      <azimuthMaxHorizontalUncertainty>-99</azimuthMaxHorizontalUncertainty>
    </originUncertainty>
  </origin>
  <magnitude publicID="quakeml:eu.emsc/event/20020110_0000007/origin/1415972/mag/2">
    <mag>
      <value>3.2</value>
    </mag>
    <type>MD</type>
    <originID>quakeml:eu.emsc/event/20020110_0000007/origin/1415972</originID>
    <creationInfo>
      <agencyURI>smi:smi-registry/organization/EMSC</agencyURI>
      <authorURI>smi:smi-registry/organization/EMSC</authorURI>
    </creationInfo>
  </magnitude>
</event>
<event publicID="quakeml:eu.emsc/event/20020110_0000006">
  <preferredOriginID>quakeml:eu.emsc/event/20020110_0000006/origin/1406370</preferredOriginID>
  <preferredMagnitudeID>quakeml:eu.emsc/event/20020110_0000006/origin/1406370/mag/2</preferredMagnitudeID>
  <creationInfo>
    <agencyURI>smi:smi-registry/organization/EMSC</agencyURI>
    <authorURI>smi:smi-registry/organization/EMSC</authorURI>
    <creationTime>2014-12-03T11:52:37.284087Z</creationTime>
  </creationInfo>
  <description>
    <text>WESTERN TURKEY</text>
    <type>Flinn-Engdahl region</type>
  </description>
  <origin publicID="quakeml:eu.emsc/event/20020110_0000006/origin/1406370">
    <time>
      <value>2002-01-10T21:01:28.8Z</value>
      <uncertainty>0.33</uncertainty>
    </time>
    <latitude>
      <value>37.8848</value>
      <uncertainty>11.8</uncertainty>
    </latitude>
    <longitude>
      <value>29.1332</value>
      <uncertainty>8.8</uncertainty>
    </longitude>
    <depth>
      <value>10000</value>
    </depth>
    <depthType>from location</depthType>
    <methodID>smi:eu.emsc-csem/origin_method/NA</methodID>
    <quality>
      <usedPhaseCount>8</usedPhaseCount>
      <usedStationCount>7</usedStationCount>
      <standardError>0.75</standardError>
      <azimuthalGap>90</azimuthalGap>
      <minimumDistance>0.54</minimumDistance>
      <maximumDistance>2.62</maximumDistance>
    </quality>
    <evaluationMode>manual</evaluationMode>
    <creationInfo>
      <agencyURI>smi:smi-registry/organization/EMSC</agencyURI>
      <authorURI>smi:smi-registry/organization/EMSC</authorURI>
    </creationInfo>
    <originUncertainty>
      <azimuthMaxHorizontalUncertainty>136</azimuthMaxHorizontalUncertainty>
    </originUncertainty>
  </origin>
  <magnitude publicID="quakeml:eu.emsc/event/20020110_0000006/origin/1406370/mag/2">
    <mag>
      <value>3.2</value>
    </mag>
    <type>MD</type>
    <originID>quakeml:eu.emsc/event/20020110_0000006/origin/1406370</originID>
    <creationInfo>
      <agencyURI>smi:smi-registry/organization/EMSC</agencyURI>
      <authorURI>smi:smi-registry/organization/EMSC</authorURI>
    </creationInfo>
  </magnitude>
</event>
<event publicID="quakeml:eu.emsc/event/20020110_0000019">
  <preferredOriginID>quakeml:eu.emsc/event/20020110_0000019/origin/1406114</preferredOriginID>
  <preferredMagnitudeID>quakeml:eu.emsc/event/20020110_0000019/origin/1406114/mag/1</preferredMagnitudeID>
  <creationInfo>
    <agencyURI>smi:smi-registry/organization/EMSC</agencyURI>
    <authorURI>smi:smi-registry/organization/EMSC</authorURI>
    <creationTime>2014-12-03T16:19:26.360166Z</creationTime>
  </creationInfo>
  <description>
    <text>SWITZERLAND</text>
    <type>Flinn-Engdahl region</type>
  </description>
  <origin publicID="quakeml:eu.emsc/event/20020110_0000019/origin/1406114">
    <time>
      <value>2002-01-10T19:27:23.5Z</value>
      <uncertainty>0.2</uncertainty>
    </time>
    <latitude>
      <value>47.5097</value>
      <uncertainty>4.1</uncertainty>
    </latitude>
    <longitude>
      <value>9.0787</value>
      <uncertainty>2.5</uncertainty>
    </longitude>
    <depth>
      <value>17900.0</value>
      <uncertainty>1.8</uncertainty>
    </depth>
    <depthType>from location</depthType>
    <methodID>smi:eu.emsc-csem/origin_method/NA</methodID>
    <quality>
      <usedPhaseCount>105</usedPhaseCount>
      <usedStationCount>54</usedStationCount>
      <standardError>1.28</standardError>
      <azimuthalGap>95</azimuthalGap>
      <minimumDistance>0.47</minimumDistance>
      <maximumDistance>6.37</maximumDistance>
    </quality>
    <evaluationMode>manual</evaluationMode>
    <creationInfo>
      <agencyURI>smi:smi-registry/organization/EMSC</agencyURI>
      <authorURI>smi:smi-registry/organization/EMSC</authorURI>
    </creationInfo>
    <originUncertainty>
      <azimuthMaxHorizontalUncertainty>141</azimuthMaxHorizontalUncertainty>
    </originUncertainty>
  </origin>
  <magnitude publicID="quakeml:eu.emsc/event/20020110_0000019/origin/1406114/mag/1">
    <mag>
      <value>2</value>
      <uncertainty>0.4</uncertainty>
    </mag>
    <type>ML</type>
    <originID>quakeml:eu.emsc/event/20020110_0000019/origin/1406114</originID>
    <stationCount>11</stationCount>
    <creationInfo>
      <agencyURI>smi:smi-registry/organization/EMSC</agencyURI>
      <authorURI>smi:smi-registry/organization/EMSC</authorURI>
    </creationInfo>
  </magnitude>
</event>
<event publicID="quakeml:eu.emsc/event/20020110_0000021">
  <preferredOriginID>quakeml:eu.emsc/event/20020110_0000021/origin/1406118</preferredOriginID>
  <preferredMagnitudeID>quakeml:eu.emsc/event/20020110_0000021/origin/1406118/mag/1</preferredMagnitudeID>
  <creationInfo>
    <agencyURI>smi:smi-registry/organization/EMSC</agencyURI>
    <authorURI>smi:smi-registry/organization/EMSC</authorURI>
    <creationTime>2014-12-03T16:38:42.711928Z</creationTime>
  </creationInfo>
  <description>
    <text>FRANCE</text>
    <type>Flinn-Engdahl region</type>
  </description>
  <origin publicID="quakeml:eu.emsc/event/20020110_0000021/origin/1406118">
    <time>
      <value>2002-01-10T18:55:22.5Z</value>
      <uncertainty>0.11</uncertainty>
    </time>
    <latitude>
      <value>43.0536</value>
      <uncertainty>2.4</uncertainty>
    </latitude>
    <longitude>
      <value>0.239</value>
      <uncertainty>2</uncertainty>
    </longitude>
    <depth>
      <value>5000</value>
    </depth>
    <depthType>from location</depthType>
    <methodID>smi:eu.emsc-csem/origin_method/NA</methodID>
    <quality>
      <usedPhaseCount>74</usedPhaseCount>
      <usedStationCount>36</usedStationCount>
      <standardError>1.02</standardError>
      <azimuthalGap>74</azimuthalGap>
      <minimumDistance>0.12</minimumDistance>
      <maximumDistance>4.93</maximumDistance>
    </quality>
    <evaluationMode>manual</evaluationMode>
    <creationInfo>
      <agencyURI>smi:smi-registry/organization/EMSC</agencyURI>
      <authorURI>smi:smi-registry/organization/EMSC</authorURI>
    </creationInfo>
    <originUncertainty>
      <azimuthMaxHorizontalUncertainty>163</azimuthMaxHorizontalUncertainty>
    </originUncertainty>
  </origin>
  <magnitude publicID="quakeml:eu.emsc/event/20020110_0000021/origin/1406118/mag/1">
    <mag>
      <value>2.1</value>
      <uncertainty>0.7</uncertainty>
    </mag>
    <type>ML</type>
    <originID>quakeml:eu.emsc/event/20020110_0000021/origin/1406118</originID>
    <stationCount>18</stationCount>
    <creationInfo>
      <agencyURI>smi:smi-registry/organization/EMSC</agencyURI>
      <authorURI>smi:smi-registry/organization/EMSC</authorURI>
    </creationInfo>
  </magnitude>
</event>
<event publicID="quakeml:eu.emsc/event/20020110_0000005">
  <preferredOriginID>quakeml:eu.emsc/event/20020110_0000005/origin/1415974</preferredOriginID>
  <preferredMagnitudeID>quakeml:eu.emsc/event/20020110_0000005/origin/1415974/mag/2</preferredMagnitudeID>
  <creationInfo>
    <agencyURI>smi:smi-registry/organization/EMSC</agencyURI>
    <authorURI>smi:smi-registry/organization/EMSC</authorURI>
    <creationTime>2014-12-10T15:07:19.271033Z</creationTime>
  </creationInfo>
  <description>
    <text>SOUTHERN NORWAY</text>
    <type>Flinn-Engdahl region</type>
  </description>
  <origin publicID="quakeml:eu.emsc/event/20020110_0000005/origin/1415974">
    <time>
      <value>2002-01-10T17:23:07.6Z</value>
    </time>
    <latitude>
      <value>61.983</value>
      <uncertainty>9999.9</uncertainty>
    </latitude>
    <longitude>
      <value>4.257</value>
      <uncertainty>9999.9</uncertainty>
    </longitude>
    <depth>
      <value>4800.0</value>
    </depth>
    <depthType>from location</depthType>
    <methodID>smi:eu.emsc-csem/origin_method/NA</methodID>
    <quality>
      <usedPhaseCount>24</usedPhaseCount>
      <usedStationCount>11</usedStationCount>
      <standardError>3.93</standardError>
      <azimuthalGap>262</azimuthalGap>
      <minimumDistance>0.96</minimumDistance>
      <maximumDistance>4.95</maximumDistance>
    </quality>
    <evaluationMode>manual</evaluationMode>
    <creationInfo>
      <agencyURI>smi:smi-registry/organization/EMSC</agencyURI>
      <authorURI>smi:smi-registry/organization/EMSC</authorURI>
    </creationInfo>
    <originUncertainty>
      <azimuthMaxHorizontalUncertainty>-99</azimuthMaxHorizontalUncertainty>
    </originUncertainty>
  </origin>
  <magnitude publicID="quakeml:eu.emsc/event/20020110_0000005/origin/1415974/mag/2">
    <mag>
      <value>2.1</value>
    </mag>
    <type>ML</type>
    <originID>quakeml:eu.emsc/event/20020110_0000005/origin/1415974</originID>
    <creationInfo>
      <agencyURI>smi:smi-registry/organization/EMSC</agencyURI>
      <authorURI>smi:smi-registry/organization/EMSC</authorURI>
    </creationInfo>
  </magnitude>
</event>
<event publicID="quakeml:eu.emsc/event/20020110_0000004">
  <preferredOriginID>quakeml:eu.emsc/event/20020110_0000004/origin/1415976</preferredOriginID>
  <preferredMagnitudeID>quakeml:eu.emsc/event/20020110_0000004/origin/1415976/mag/2</preferredMagnitudeID>
  <creationInfo>
    <agencyURI>smi:smi-registry/organization/EMSC</agencyURI>
    <authorURI>smi:smi-registry/organization/EMSC</authorURI>
    <creationTime>2014-12-10T15:07:17.341678Z</creationTime>
  </creationInfo>
  <description>
    <text>WESTERN TURKEY</text>
    <type>Flinn-Engdahl region</type>
  </description>
  <origin publicID="quakeml:eu.emsc/event/20020110_0000004/origin/1415976">
    <time>
      <value>2002-01-10T14:26:34.1Z</value>
    </time>
    <latitude>
      <value>37.931</value>
      <uncertainty>9999.9</uncertainty>
    </latitude>
    <longitude>
      <value>29.098</value>
      <uncertainty>9999.9</uncertainty>
    </longitude>
    <depth>
      <value>10000</value>
    </depth>
    <depthType>from location</depthType>
    <methodID>smi:eu.emsc-csem/origin_method/NA</methodID>
    <quality>
      <usedPhaseCount>7</usedPhaseCount>
      <usedStationCount>5</usedStationCount>
      <standardError>1.94</standardError>
      <azimuthalGap>175</azimuthalGap>
      <minimumDistance>0.52</minimumDistance>
      <maximumDistance>1.38</maximumDistance>
    </quality>
    <evaluationMode>manual</evaluationMode>
    <creationInfo>
      <agencyURI>smi:smi-registry/organization/EMSC</agencyURI>
      <authorURI>smi:smi-registry/organization/EMSC</authorURI>
    </creationInfo>
    <originUncertainty>
      <azimuthMaxHorizontalUncertainty>-99</azimuthMaxHorizontalUncertainty>
    </originUncertainty>
  </origin>
  <magnitude publicID="quakeml:eu.emsc/event/20020110_0000004/origin/1415976/mag/2">
    <mag>
      <value>3.2</value>
    </mag>
    <type>MD</type>
    <originID>quakeml:eu.emsc/event/20020110_0000004/origin/1415976</originID>
    <creationInfo>
      <agencyURI>smi:smi-registry/organization/EMSC</agencyURI>
      <authorURI>smi:smi-registry/organization/EMSC</authorURI>
    </creationInfo>
  </magnitude>
</event>
<event publicID="quakeml:eu.emsc/event/20020110_0000014">
  <preferredOriginID>quakeml:eu.emsc/event/20020110_0000014/origin/1415978</preferredOriginID>
  <preferredMagnitudeID>quakeml:eu.emsc/event/20020110_0000014/origin/1415978/mag/2</preferredMagnitudeID>
  <creationInfo>
    <agencyURI>smi:smi-registry/organization/EMSC</agencyURI>
    <authorURI>smi:smi-registry/organization/EMSC</authorURI>
    <creationTime>2014-12-10T18:33:03.327489Z</creationTime>
  </creationInfo>
  <description>
    <text>NORTHERN ITALY</text>
    <type>Flinn-Engdahl region</type>
  </description>
  <origin publicID="quakeml:eu.emsc/event/20020110_0000014/origin/1415978">
    <time>
      <value>2002-01-10T11:26:48.5Z</value>
    </time>
    <latitude>
      <value>44.5578</value>
      <uncertainty>9999.9</uncertainty>
    </latitude>
    <longitude>
      <value>8.6313</value>
      <uncertainty>9999.9</uncertainty>
    </longitude>
    <depth>
      <value>12900.0</value>
    </depth>
    <depthType>from location</depthType>
    <methodID>smi:eu.emsc-csem/origin_method/NA</methodID>
    <quality>
      <usedPhaseCount>12</usedPhaseCount>
      <usedStationCount>10</usedStationCount>
      <standardError>7.14</standardError>
      <azimuthalGap>242</azimuthalGap>
      <minimumDistance>0.06</minimumDistance>
      <maximumDistance>1.17</maximumDistance>
    </quality>
    <evaluationMode>manual</evaluationMode>
    <creationInfo>
      <agencyURI>smi:smi-registry/organization/EMSC</agencyURI>
      <authorURI>smi:smi-registry/organization/EMSC</authorURI>
    </creationInfo>
    <originUncertainty>
      <azimuthMaxHorizontalUncertainty>-99</azimuthMaxHorizontalUncertainty>
    </originUncertainty>
  </origin>
  <magnitude publicID="quakeml:eu.emsc/event/20020110_0000014/origin/1415978/mag/2">
    <mag>
      <value>2.5</value>
    </mag>
    <type>ML</type>
    <originID>quakeml:eu.emsc/event/20020110_0000014/origin/1415978</originID>
    <creationInfo>
      <agencyURI>smi:smi-registry/organization/EMSC</agencyURI>
      <authorURI>smi:smi-registry/organization/EMSC</authorURI>
    </creationInfo>
  </magnitude>
</event>
<event publicID="quakeml:eu.emsc/event/20020110_0000017">
  <preferredOriginID>quakeml:eu.emsc/event/20020110_0000017/origin/1415980</preferredOriginID>
  <preferredMagnitudeID>quakeml:eu.emsc/event/20020110_0000017/origin/1415980/mag/2</preferredMagnitudeID>
  <creationInfo>
    <agencyURI>smi:smi-registry/organization/EMSC</agencyURI>
    <authorURI>smi:smi-registry/organization/EMSC</authorURI>
    <creationTime>2014-12-10T18:33:02.285787Z</creationTime>
  </creationInfo>
  <description>
    <text>FRANCE</text>
    <type>Flinn-Engdahl region</type>
  </description>
  <origin publicID="quakeml:eu.emsc/event/20020110_0000017/origin/1415980">
    <time>
      <value>2002-01-10T10:53:58.7Z</value>
    </time>
    <latitude>
      <value>48.42</value>
      <uncertainty>9999.9</uncertainty>
    </latitude>
    <longitude>
      <value>6.91</value>
      <uncertainty>9999.9</uncertainty>
    </longitude>
    <depth>
      <value>5000</value>
    </depth>
    <depthType>from location</depthType>
    <methodID>smi:eu.emsc-csem/origin_method/NA</methodID>
    <quality>
      <usedPhaseCount>10</usedPhaseCount>
      <usedStationCount>8</usedStationCount>
      <standardError>0.56</standardError>
      <azimuthalGap>111</azimuthalGap>
      <minimumDistance>0.26</minimumDistance>
      <maximumDistance>1.72</maximumDistance>
    </quality>
    <evaluationMode>manual</evaluationMode>
    <creationInfo>
      <agencyURI>smi:smi-registry/organization/EMSC</agencyURI>
      <authorURI>smi:smi-registry/organization/EMSC</authorURI>
    </creationInfo>
    <originUncertainty>
      <azimuthMaxHorizontalUncertainty>-99</azimuthMaxHorizontalUncertainty>
    </originUncertainty>
  </origin>
  <magnitude publicID="quakeml:eu.emsc/event/20020110_0000017/origin/1415980/mag/2">
    <mag>
      <value>1.9</value>
    </mag>
    <type>ML</type>
    <originID>quakeml:eu.emsc/event/20020110_0000017/origin/1415980</originID>
    <creationInfo>
      <agencyURI>smi:smi-registry/organization/EMSC</agencyURI>
      <authorURI>smi:smi-registry/organization/EMSC</authorURI>
    </creationInfo>
  </magnitude>
</event>
<event publicID="quakeml:eu.emsc/event/20020110_0000015">
  <preferredOriginID>quakeml:eu.emsc/event/20020110_0000015/origin/1415982</preferredOriginID>
  <preferredMagnitudeID>quakeml:eu.emsc/event/20020110_0000015/origin/1415982/mag/2</preferredMagnitudeID>
  <creationInfo>
    <agencyURI>smi:smi-registry/organization/EMSC</agencyURI>
    <authorURI>smi:smi-registry/organization/EMSC</authorURI>
    <creationTime>2014-12-10T18:33:01.805623Z</creationTime>
  </creationInfo>
  <description>
    <text>GERMANY</text>
    <type>Flinn-Engdahl region</type>
  </description>
  <origin publicID="quakeml:eu.emsc/event/20020110_0000015/origin/1415982">
    <time>
      <value>2002-01-10T10:01:15.3Z</value>
    </time>
    <latitude>
      <value>51.26</value>
      <uncertainty>9999.9</uncertainty>
    </latitude>
    <longitude>
      <value>6.96</value>
      <uncertainty>9999.9</uncertainty>
    </longitude>
    <depth>
      <value>1000</value>
    </depth>
    <depthType>from location</depthType>
    <methodID>smi:eu.emsc-csem/origin_method/NA</methodID>
    <quality>
      <usedPhaseCount>7</usedPhaseCount>
      <usedStationCount>5</usedStationCount>
      <standardError>0.74</standardError>
      <azimuthalGap>186</azimuthalGap>
      <minimumDistance>0.27</minimumDistance>
      <maximumDistance>2.21</maximumDistance>
    </quality>
    <evaluationMode>manual</evaluationMode>
    <creationInfo>
      <agencyURI>smi:smi-registry/organization/EMSC</agencyURI>
      <authorURI>smi:smi-registry/organization/EMSC</authorURI>
    </creationInfo>
    <originUncertainty>
      <azimuthMaxHorizontalUncertainty>-99</azimuthMaxHorizontalUncertainty>
    </originUncertainty>
  </origin>
  <magnitude publicID="quakeml:eu.emsc/event/20020110_0000015/origin/1415982/mag/2">
    <mag>
      <value>2</value>
    </mag>
    <type>ML</type>
    <originID>quakeml:eu.emsc/event/20020110_0000015/origin/1415982</originID>
    <creationInfo>
      <agencyURI>smi:smi-registry/organization/EMSC</agencyURI>
      <authorURI>smi:smi-registry/organization/EMSC</authorURI>
    </creationInfo>
  </magnitude>
</event>
<event publicID="quakeml:eu.emsc/event/20020110_0000022">
  <preferredOriginID>quakeml:eu.emsc/event/20020110_0000022/origin/1415984</preferredOriginID>
  <preferredMagnitudeID>quakeml:eu.emsc/event/20020110_0000022/origin/1415984/mag/2</preferredMagnitudeID>
  <creationInfo>
    <agencyURI>smi:smi-registry/organization/EMSC</agencyURI>
    <authorURI>smi:smi-registry/organization/EMSC</authorURI>
    <creationTime>2014-12-10T18:33:01.307775Z</creationTime>
  </creationInfo>
  <description>
    <text>FRANCE</text>
    <type>Flinn-Engdahl region</type>
  </description>
  <origin publicID="quakeml:eu.emsc/event/20020110_0000022/origin/1415984">
    <time>
      <value>2002-01-10T08:39:18.4Z</value>
    </time>
    <latitude>
      <value>45.3378</value>
      <uncertainty>9999.9</uncertainty>
    </latitude>
    <longitude>
      <value>5.658</value>
      <uncertainty>9999.9</uncertainty>
    </longitude>
    <depth>
      <value>2000</value>
    </depth>
    <depthType>from location</depthType>
    <methodID>smi:eu.emsc-csem/origin_method/NA</methodID>
    <quality>
      <usedPhaseCount>21</usedPhaseCount>
      <usedStationCount>12</usedStationCount>
      <standardError>1.21</standardError>
      <azimuthalGap>77</azimuthalGap>
      <minimumDistance>0.45</minimumDistance>
      <maximumDistance>2.71</maximumDistance>
    </quality>
    <evaluationMode>manual</evaluationMode>
    <creationInfo>
      <agencyURI>smi:smi-registry/organization/EMSC</agencyURI>
      <authorURI>smi:smi-registry/organization/EMSC</authorURI>
    </creationInfo>
    <originUncertainty>
      <azimuthMaxHorizontalUncertainty>-99</azimuthMaxHorizontalUncertainty>
    </originUncertainty>
  </origin>
  <magnitude publicID="quakeml:eu.emsc/event/20020110_0000022/origin/1415984/mag/2">
    <mag>
      <value>2.1</value>
    </mag>
    <type>ML</type>
    <originID>quakeml:eu.emsc/event/20020110_0000022/origin/1415984</originID>
    <stationCount>8</stationCount>
    <creationInfo>
      <agencyURI>smi:smi-registry/organization/EMSC</agencyURI>
      <authorURI>smi:smi-registry/organization/EMSC</authorURI>
    </creationInfo>
  </magnitude>
</event>
<event publicID="quakeml:eu.emsc/event/20020110_0000012">
  <preferredOriginID>quakeml:eu.emsc/event/20020110_0000012/origin/1406121</preferredOriginID>
  <preferredMagnitudeID>quakeml:eu.emsc/event/20020110_0000012/origin/1406121/mag/2</preferredMagnitudeID>
  <creationInfo>
    <agencyURI>smi:smi-registry/organization/EMSC</agencyURI>
    <authorURI>smi:smi-registry/organization/EMSC</authorURI>
    <creationTime>2014-12-03T15:19:10.851774Z</creationTime>
  </creationInfo>
  <description>
    <text>NORTHERN ITALY</text>
    <type>Flinn-Engdahl region</type>
  </description>
  <origin publicID="quakeml:eu.emsc/event/20020110_0000012/origin/1406121">
    <time>
      <value>2002-01-10T06:04:15.8Z</value>
      <uncertainty>0.09</uncertainty>
    </time>
    <latitude>
      <value>45.128</value>
      <uncertainty>2.4</uncertainty>
    </latitude>
    <longitude>
      <value>7.0804</value>
      <uncertainty>1.7</uncertainty>
    </longitude>
    <depth>
      <value>8000</value>
    </depth>
    <depthType>from location</depthType>
    <methodID>smi:eu.emsc-csem/origin_method/NA</methodID>
    <quality>
      <usedPhaseCount>23</usedPhaseCount>
      <usedStationCount>13</usedStationCount>
      <standardError>0.54</standardError>
      <azimuthalGap>71</azimuthalGap>
      <minimumDistance>0.1</minimumDistance>
      <maximumDistance>1.58</maximumDistance>
    </quality>
    <evaluationMode>manual</evaluationMode>
    <creationInfo>
      <agencyURI>smi:smi-registry/organization/EMSC</agencyURI>
      <authorURI>smi:smi-registry/organization/EMSC</authorURI>
    </creationInfo>
    <originUncertainty>
      <azimuthMaxHorizontalUncertainty>107</azimuthMaxHorizontalUncertainty>
    </originUncertainty>
  </origin>
  <magnitude publicID="quakeml:eu.emsc/event/20020110_0000012/origin/1406121/mag/2">
    <mag>
      <value>2.2</value>
    </mag>
    <type>ML</type>
    <originID>quakeml:eu.emsc/event/20020110_0000012/origin/1406121</originID>
    <creationInfo>
      <agencyURI>smi:smi-registry/organization/EMSC</agencyURI>
      <authorURI>smi:smi-registry/organization/EMSC</authorURI>
    </creationInfo>
  </magnitude>
</event>
<event publicID="quakeml:eu.emsc/event/20020110_0000003">
  <preferredOriginID>quakeml:eu.emsc/event/20020110_0000003/origin/1406374</preferredOriginID>
  <preferredMagnitudeID>quakeml:eu.emsc/event/20020110_0000003/origin/1406374/mag/2</preferredMagnitudeID>
  <creationInfo>
    <agencyURI>smi:smi-registry/organization/EMSC</agencyURI>
    <authorURI>smi:smi-registry/organization/EMSC</authorURI>
    <creationTime>2014-12-03T11:33:36.295653Z</creationTime>
  </creationInfo>
  <description>
    <text>CENTRAL ITALY</text>
    <type>Flinn-Engdahl region</type>
  </description>
  <origin publicID="quakeml:eu.emsc/event/20020110_0000003/origin/1406374">
    <time>
      <value>2002-01-10T04:11:34.9Z</value>
      <uncertainty>0.18</uncertainty>
    </time>
    <latitude>
      <value>43.0983</value>
      <uncertainty>5.3</uncertainty>
    </latitude>
    <longitude>
      <value>13.6831</value>
      <uncertainty>3.8</uncertainty>
    </longitude>
    <depth>
      <value>15000</value>
    </depth>
    <depthType>from location</depthType>
    <methodID>smi:eu.emsc-csem/origin_method/NA</methodID>
    <quality>
      <usedPhaseCount>64</usedPhaseCount>
      <usedStationCount>50</usedStationCount>
      <standardError>1.03</standardError>
      <azimuthalGap>104</azimuthalGap>
      <minimumDistance>0.57</minimumDistance>
      <maximumDistance>8.77</maximumDistance>
    </quality>
    <evaluationMode>manual</evaluationMode>
    <creationInfo>
      <agencyURI>smi:smi-registry/organization/EMSC</agencyURI>
      <authorURI>smi:smi-registry/organization/EMSC</authorURI>
    </creationInfo>
    <originUncertainty>
      <azimuthMaxHorizontalUncertainty>59</azimuthMaxHorizontalUncertainty>
    </originUncertainty>
  </origin>
  <magnitude publicID="quakeml:eu.emsc/event/20020110_0000003/origin/1406374/mag/2">
    <mag>
      <value>2.2</value>
    </mag>
    <type>ML</type>
    <originID>quakeml:eu.emsc/event/20020110_0000003/origin/1406374</originID>
    <stationCount>21</stationCount>
    <creationInfo>
      <agencyURI>smi:smi-registry/organization/EMSC</agencyURI>
      <authorURI>smi:smi-registry/organization/EMSC</authorURI>
    </creationInfo>
  </magnitude>
</event>
<event publicID="quakeml:eu.emsc/event/20020110_0000020">
  <preferredOriginID>quakeml:eu.emsc/event/20020110_0000020/origin/1405917</preferredOriginID>
  <preferredMagnitudeID>quakeml:eu.emsc/event/20020110_0000020/origin/1405917/mag/1</preferredMagnitudeID>
  <creationInfo>
    <agencyURI>smi:smi-registry/organization/EMSC</agencyURI>
    <authorURI>smi:smi-registry/organization/EMSC</authorURI>
    <creationTime>2014-12-03T16:34:49.443632Z</creationTime>
  </creationInfo>
  <description>
    <text>GERMANY</text>
    <type>Flinn-Engdahl region</type>
  </description>
  <origin publicID="quakeml:eu.emsc/event/20020110_0000020/origin/1405917">
    <time>
      <value>2002-01-10T02:55:29.6Z</value>
      <uncertainty>0.12</uncertainty>
    </time>
    <latitude>
      <value>47.7631</value>
      <uncertainty>2.5</uncertainty>
    </latitude>
    <longitude>
      <value>8.8</value>
      <uncertainty>1.3</uncertainty>
    </longitude>
    <depth>
      <value>19200.0</value>
    </depth>
    <depthType>from location</depthType>
    <methodID>smi:eu.emsc-csem/origin_method/NA</methodID>
    <quality>
      <usedPhaseCount>58</usedPhaseCount>
      <usedStationCount>29</usedStationCount>
      <standardError>0.59</standardError>
      <azimuthalGap>117</azimuthalGap>
      <minimumDistance>0.21</minimumDistance>
      <maximumDistance>3.83</maximumDistance>
    </quality>
    <evaluationMode>manual</evaluationMode>
    <creationInfo>
      <agencyURI>smi:smi-registry/organization/EMSC</agencyURI>
      <authorURI>smi:smi-registry/organization/EMSC</authorURI>
    </creationInfo>
    <originUncertainty>
      <azimuthMaxHorizontalUncertainty>159</azimuthMaxHorizontalUncertainty>
    </originUncertainty>
  </origin>
  <magnitude publicID="quakeml:eu.emsc/event/20020110_0000020/origin/1405917/mag/1">
    <mag>
      <value>1</value>
      <uncertainty>0.4</uncertainty>
    </mag>
    <type>ML</type>
    <originID>quakeml:eu.emsc/event/20020110_0000020/origin/1405917</originID>
    <stationCount>4</stationCount>
    <creationInfo>
      <agencyURI>smi:smi-registry/organization/EMSC</agencyURI>
      <authorURI>smi:smi-registry/organization/EMSC</authorURI>
    </creationInfo>
  </magnitude>
</event>
<event publicID="quakeml:eu.emsc/event/20020110_0000016">
  <preferredOriginID>quakeml:eu.emsc/event/20020110_0000016/origin/1406124</preferredOriginID>
  <preferredMagnitudeID>quakeml:eu.emsc/event/20020110_0000016/origin/1406124/mag/1</preferredMagnitudeID>
  <creationInfo>
    <agencyURI>smi:smi-registry/organization/EMSC</agencyURI>
    <authorURI>smi:smi-registry/organization/EMSC</authorURI>
    <creationTime>2014-12-03T15:55:06.440567Z</creationTime>
  </creationInfo>
  <description>
    <text>FRANCE</text>
    <type>Flinn-Engdahl region</type>
  </description>
  <origin publicID="quakeml:eu.emsc/event/20020110_0000016/origin/1406124">
    <time>
      <value>2002-01-10T02:54:30.4Z</value>
      <uncertainty>0.21</uncertainty>
    </time>
    <latitude>
      <value>45.3715</value>
      <uncertainty>4</uncertainty>
    </latitude>
    <longitude>
      <value>6.5424</value>
      <uncertainty>2.7</uncertainty>
    </longitude>
    <depth>
      <value>10000</value>
    </depth>
    <depthType>from location</depthType>
    <methodID>smi:eu.emsc-csem/origin_method/NA</methodID>
    <quality>
      <usedPhaseCount>24</usedPhaseCount>
      <usedStationCount>14</usedStationCount>
      <standardError>0.81</standardError>
      <azimuthalGap>153</azimuthalGap>
      <minimumDistance>0.19</minimumDistance>
      <maximumDistance>1.81</maximumDistance>
    </quality>
    <evaluationMode>manual</evaluationMode>
    <creationInfo>
      <agencyURI>smi:smi-registry/organization/EMSC</agencyURI>
      <authorURI>smi:smi-registry/organization/EMSC</authorURI>
    </creationInfo>
    <originUncertainty>
      <azimuthMaxHorizontalUncertainty>134</azimuthMaxHorizontalUncertainty>
    </originUncertainty>
  </origin>
  <magnitude publicID="quakeml:eu.emsc/event/20020110_0000016/origin/1406124/mag/1">
    <mag>
      <value>0.6</value>
      <uncertainty>0.4</uncertainty>
    </mag>
    <type>ML</type>
    <originID>quakeml:eu.emsc/event/20020110_0000016/origin/1406124</originID>
    <stationCount>5</stationCount>
    <creationInfo>
      <agencyURI>smi:smi-registry/organization/EMSC</agencyURI>
      <authorURI>smi:smi-registry/organization/EMSC</authorURI>
    </creationInfo>
  </magnitude>
</event>
<event publicID="quakeml:eu.emsc/event/20020110_0000002">
  <preferredOriginID>quakeml:eu.emsc/event/20020110_0000002/origin/1406377</preferredOriginID>
  <preferredMagnitudeID>quakeml:eu.emsc/event/20020110_0000002/origin/1406377/mag/2</preferredMagnitudeID>
  <creationInfo>
    <agencyURI>smi:smi-registry/organization/EMSC</agencyURI>
    <authorURI>smi:smi-registry/organization/EMSC</authorURI>
    <creationTime>2014-12-03T10:23:35.860243Z</creationTime>
  </creationInfo>
  <description>
    <text>ADRIATIC SEA</text>
    <type>Flinn-Engdahl region</type>
  </description>
  <origin publicID="quakeml:eu.emsc/event/20020110_0000002/origin/1406377">
    <time>
      <value>2002-01-10T02:42:32.0Z</value>
      <uncertainty>0.72</uncertainty>
    </time>
    <latitude>
      <value>40.0403</value>
      <uncertainty>18.1</uncertainty>
    </latitude>
    <longitude>
      <value>19.7176</value>
      <uncertainty>7.3</uncertainty>
    </longitude>
    <depth>
      <value>2000</value>
    </depth>
    <depthType>from location</depthType>
    <methodID>smi:eu.emsc-csem/origin_method/NA</methodID>
    <quality>
      <usedPhaseCount>9</usedPhaseCount>
      <usedStationCount>7</usedStationCount>
      <standardError>0.8</standardError>
      <azimuthalGap>224</azimuthalGap>
      <minimumDistance>0.27</minimumDistance>
      <maximumDistance>2.33</maximumDistance>
    </quality>
    <evaluationMode>manual</evaluationMode>
    <creationInfo>
      <agencyURI>smi:smi-registry/organization/EMSC</agencyURI>
      <authorURI>smi:smi-registry/organization/EMSC</authorURI>
    </creationInfo>
    <originUncertainty>
      <azimuthMaxHorizontalUncertainty>93</azimuthMaxHorizontalUncertainty>
    </originUncertainty>
  </origin>
  <magnitude publicID="quakeml:eu.emsc/event/20020110_0000002/origin/1406377/mag/2">
    <mag>
      <value>3</value>
    </mag>
    <type>MD</type>
    <originID>quakeml:eu.emsc/event/20020110_0000002/origin/1406377</originID>
    <creationInfo>
      <agencyURI>smi:smi-registry/organization/EMSC</agencyURI>
      <authorURI>smi:smi-registry/organization/EMSC</authorURI>
    </creationInfo>
  </magnitude>
</event>
<event publicID="quakeml:eu.emsc/event/20020110_0000018">
  <preferredOriginID>quakeml:eu.emsc/event/20020110_0000018/origin/1406127</preferredOriginID>
  <preferredMagnitudeID>quakeml:eu.emsc/event/20020110_0000018/origin/1406127/mag/2</preferredMagnitudeID>
  <creationInfo>
    <agencyURI>smi:smi-registry/organization/EMSC</agencyURI>
    <authorURI>smi:smi-registry/organization/EMSC</authorURI>
    <creationTime>2014-12-03T16:12:00.488867Z</creationTime>
  </creationInfo>
  <description>
    <text>SWITZERLAND</text>
    <type>Flinn-Engdahl region</type>
  </description>
  <origin publicID="quakeml:eu.emsc/event/20020110_0000018/origin/1406127">
    <time>
      <value>2002-01-10T02:21:02.3Z</value>
      <uncertainty>0.16</uncertainty>
    </time>
    <latitude>
      <value>47.1886</value>
      <uncertainty>3.6</uncertainty>
    </latitude>
    <longitude>
      <value>7.4578</value>
      <uncertainty>1.9</uncertainty>
    </longitude>
    <depth>
      <value>10000</value>
    </depth>
    <depthType>from location</depthType>
    <methodID>smi:eu.emsc-csem/origin_method/NA</methodID>
    <quality>
      <usedPhaseCount>22</usedPhaseCount>
      <usedStationCount>12</usedStationCount>
      <standardError>0.61</standardError>
      <azimuthalGap>168</azimuthalGap>
      <minimumDistance>0.28</minimumDistance>
      <maximumDistance>2.7</maximumDistance>
    </quality>
    <evaluationMode>manual</evaluationMode>
    <creationInfo>
      <agencyURI>smi:smi-registry/organization/EMSC</agencyURI>
      <authorURI>smi:smi-registry/organization/EMSC</authorURI>
    </creationInfo>
    <originUncertainty>
      <azimuthMaxHorizontalUncertainty>106</azimuthMaxHorizontalUncertainty>
    </originUncertainty>
  </origin>
  <magnitude publicID="quakeml:eu.emsc/event/20020110_0000018/origin/1406127/mag/2">
    <mag>
      <value>1.8</value>
    </mag>
    <type>ML</type>
    <originID>quakeml:eu.emsc/event/20020110_0000018/origin/1406127</originID>
    <stationCount>7</stationCount>
    <creationInfo>
      <agencyURI>smi:smi-registry/organization/EMSC</agencyURI>
      <authorURI>smi:smi-registry/organization/EMSC</authorURI>
    </creationInfo>
  </magnitude>
</event>
<event publicID="quakeml:eu.emsc/event/20020110_0000013">
  <preferredOriginID>quakeml:eu.emsc/event/20020110_0000013/origin/1406131</preferredOriginID>
  <preferredMagnitudeID>quakeml:eu.emsc/event/20020110_0000013/origin/1406131/mag/1</preferredMagnitudeID>
  <creationInfo>
    <agencyURI>smi:smi-registry/organization/EMSC</agencyURI>
    <authorURI>smi:smi-registry/organization/EMSC</authorURI>
    <creationTime>2014-12-03T15:23:25.80784Z</creationTime>
  </creationInfo>
  <description>
    <text>NORTHERN ITALY</text>
    <type>Flinn-Engdahl region</type>
  </description>
  <origin publicID="quakeml:eu.emsc/event/20020110_0000013/origin/1406131">
    <time>
      <value>2002-01-10T01:36:08.7Z</value>
      <uncertainty>0.28</uncertainty>
    </time>
    <latitude>
      <value>44.7209</value>
      <uncertainty>5.1</uncertainty>
    </latitude>
    <longitude>
      <value>8.4828</value>
      <uncertainty>4.2</uncertainty>
    </longitude>
    <depth>
      <value>12000</value>
    </depth>
    <depthType>from location</depthType>
    <methodID>smi:eu.emsc-csem/origin_method/NA</methodID>
    <quality>
      <usedPhaseCount>39</usedPhaseCount>
      <usedStationCount>26</usedStationCount>
      <standardError>1.12</standardError>
      <azimuthalGap>129</azimuthalGap>
      <minimumDistance>0.16</minimumDistance>
      <maximumDistance>2.72</maximumDistance>
    </quality>
    <evaluationMode>manual</evaluationMode>
    <creationInfo>
      <agencyURI>smi:smi-registry/organization/EMSC</agencyURI>
      <authorURI>smi:smi-registry/organization/EMSC</authorURI>
    </creationInfo>
    <originUncertainty>
      <azimuthMaxHorizontalUncertainty>54</azimuthMaxHorizontalUncertainty>
    </originUncertainty>
  </origin>
  <magnitude publicID="quakeml:eu.emsc/event/20020110_0000013/origin/1406131/mag/1">
    <mag>
      <value>1</value>
      <uncertainty>0.6</uncertainty>
    </mag>
    <type>ML</type>
    <originID>quakeml:eu.emsc/event/20020110_0000013/origin/1406131</originID>
    <stationCount>6</stationCount>
    <creationInfo>
      <agencyURI>smi:smi-registry/organization/EMSC</agencyURI>
      <authorURI>smi:smi-registry/organization/EMSC</authorURI>
    </creationInfo>
  </magnitude>
</event>
<event publicID="quakeml:eu.emsc/event/20020110_0000001">
  <preferredOriginID>quakeml:eu.emsc/event/20020110_0000001/origin/1406380</preferredOriginID>
  <preferredMagnitudeID>quakeml:eu.emsc/event/20020110_0000001/origin/1406380/mag/2</preferredMagnitudeID>
  <creationInfo>
    <agencyURI>smi:smi-registry/organization/EMSC</agencyURI>
    <authorURI>smi:smi-registry/organization/EMSC</authorURI>
    <creationTime>2014-12-03T12:12:56.739288Z</creationTime>
  </creationInfo>
  <description>
    <text>ADRIATIC SEA</text>
    <type>Flinn-Engdahl region</type>
  </description>
  <origin publicID="quakeml:eu.emsc/event/20020110_0000001/origin/1406380">
    <time>
      <value>2002-01-10T01:06:26.1Z</value>
      <uncertainty>0.71</uncertainty>
    </time>
    <latitude>
      <value>40.0339</value>
      <uncertainty>16.3</uncertainty>
    </latitude>
    <longitude>
      <value>19.7297</value>
      <uncertainty>9.4</uncertainty>
    </longitude>
    <depth>
      <value>2000</value>
    </depth>
    <depthType>from location</depthType>
    <methodID>smi:eu.emsc-csem/origin_method/NA</methodID>
    <quality>
      <usedPhaseCount>9</usedPhaseCount>
      <usedStationCount>6</usedStationCount>
      <standardError>0.77</standardError>
      <azimuthalGap>222</azimuthalGap>
      <minimumDistance>0.26</minimumDistance>
      <maximumDistance>2.33</maximumDistance>
    </quality>
    <evaluationMode>manual</evaluationMode>
    <creationInfo>
      <agencyURI>smi:smi-registry/organization/EMSC</agencyURI>
      <authorURI>smi:smi-registry/organization/EMSC</authorURI>
    </creationInfo>
    <originUncertainty>
      <azimuthMaxHorizontalUncertainty>93</azimuthMaxHorizontalUncertainty>
    </originUncertainty>
  </origin>
  <magnitude publicID="quakeml:eu.emsc/event/20020110_0000001/origin/1406380/mag/2">
    <mag>
      <value>3.1</value>
    </mag>
    <type>MD</type>
    <originID>quakeml:eu.emsc/event/20020110_0000001/origin/1406380</originID>
    <creationInfo>
      <agencyURI>smi:smi-registry/organization/EMSC</agencyURI>
      <authorURI>smi:smi-registry/organization/EMSC</authorURI>
    </creationInfo>
  </magnitude>
</event>
</eventParameters>
</q:quakeml>
