<?xml version="1.0"?>
<q:quakeml xmlns:q="http://quakeml.org/xmlns/quakeml/1.2"  xmlns="http://quakeml.org/xmlns/bed/1.2">
<eventParameters publicID="smi:eu.emsc/unid">
<event publicID="quakeml:eu.emsc/event/20020509_0000012">
  <preferredOriginID>quakeml:eu.emsc/event/20020509_0000012/origin/1414076</preferredOriginID>
  <preferredMagnitudeID>quakeml:eu.emsc/event/20020509_0000012/origin/1414076/mag/2</preferredMagnitudeID>
  <creationInfo>
    <agencyURI>smi:smi-registry/organization/EMSC</agencyURI>
    <authorURI>smi:smi-registry/organization/EMSC</authorURI>
    <creationTime>2014-12-10T16:33:01.168443Z</creationTime>
  </creationInfo>
  <description>
    <text>GREECE</text>
    <type>Flinn-Engdahl region</type>
  </description>
  <origin publicID="quakeml:eu.emsc/event/20020509_0000012/origin/1414076">
    <time>
      <value>2002-05-09T20:15:11.4Z</value>
    </time>
    <latitude>
      <value>38.27</value>
      <uncertainty>9999.9</uncertainty>
    </latitude>
    <longitude>
      <value>22.22</value>
      <uncertainty>9999.9</uncertainty>
    </longitude>
    <depth>
      <value>43000</value>
    </depth>
    <depthType>from location</depthType>
    <methodID>smi:eu.emsc-csem/origin_method/NA</methodID>
    <quality>
      <usedPhaseCount>9</usedPhaseCount>
      <usedStationCount>8</usedStationCount>
      <standardError>1.78</standardError>
      <azimuthalGap>74</azimuthalGap>
      <minimumDistance>0.72</minimumDistance>
      <maximumDistance>2.37</maximumDistance>
    </quality>
    <evaluationMode>manual</evaluationMode>
    <creationInfo>
      <agencyURI>smi:smi-registry/organization/EMSC</agencyURI>
      <authorURI>smi:smi-registry/organization/EMSC</authorURI>
    </creationInfo>
    <originUncertainty>
      <azimuthMaxHorizontalUncertainty>-99</azimuthMaxHorizontalUncertainty>
    </originUncertainty>
  </origin>
  <magnitude publicID="quakeml:eu.emsc/event/20020509_0000012/origin/1414076/mag/2">
    <mag>
      <value>3</value>
    </mag>
    <type>ML</type>
    <originID>quakeml:eu.emsc/event/20020509_0000012/origin/1414076</originID>
    <creationInfo>
      <agencyURI>smi:smi-registry/organization/EMSC</agencyURI>
      <authorURI>smi:smi-registry/organization/EMSC</authorURI>
    </creationInfo>
  </magnitude>
</event>
<event publicID="quakeml:eu.emsc/event/20020509_0000013">
  <preferredOriginID>quakeml:eu.emsc/event/20020509_0000013/origin/1405093</preferredOriginID>
  <preferredMagnitudeID>quakeml:eu.emsc/event/20020509_0000013/origin/1405093/mag/1</preferredMagnitudeID>
  <creationInfo>
    <agencyURI>smi:smi-registry/organization/EMSC</agencyURI>
    <authorURI>smi:smi-registry/organization/EMSC</authorURI>
    <creationTime>2014-12-03T12:12:50.638288Z</creationTime>
  </creationInfo>
  <description>
    <text>SOUTHERN IRAN</text>
    <type>Flinn-Engdahl region</type>
  </description>
  <origin publicID="quakeml:eu.emsc/event/20020509_0000013/origin/1405093">
    <time>
      <value>2002-05-09T19:33:08.3Z</value>
      <uncertainty>0.23</uncertainty>
    </time>
    <latitude>
      <value>30.3657</value>
      <uncertainty>10.4</uncertainty>
    </latitude>
    <longitude>
      <value>50.9582</value>
      <uncertainty>6.1</uncertainty>
    </longitude>
    <depth>
      <value>12000</value>
    </depth>
    <depthType>from location</depthType>
    <methodID>smi:eu.emsc-csem/origin_method/NA</methodID>
    <quality>
      <usedPhaseCount>58</usedPhaseCount>
      <usedStationCount>53</usedStationCount>
      <standardError>1</standardError>
      <azimuthalGap>94</azimuthalGap>
      <minimumDistance>3.08</minimumDistance>
      <maximumDistance>94.41</maximumDistance>
    </quality>
    <evaluationMode>manual</evaluationMode>
    <creationInfo>
      <agencyURI>smi:smi-registry/organization/EMSC</agencyURI>
      <authorURI>smi:smi-registry/organization/EMSC</authorURI>
    </creationInfo>
    <originUncertainty>
      <azimuthMaxHorizontalUncertainty>152</azimuthMaxHorizontalUncertainty>
    </originUncertainty>
  </origin>
  <magnitude publicID="quakeml:eu.emsc/event/20020509_0000013/origin/1405093/mag/1">
    <mag>
      <value>4.5</value>
      <uncertainty>0.3</uncertainty>
    </mag>
    <type>mb</type>
    <originID>quakeml:eu.emsc/event/20020509_0000013/origin/1405093</originID>
    <stationCount>22</stationCount>
    <creationInfo>
      <agencyURI>smi:smi-registry/organization/EMSC</agencyURI>
      <authorURI>smi:smi-registry/organization/EMSC</authorURI>
    </creationInfo>
  </magnitude>
</event>
<event publicID="quakeml:eu.emsc/event/20020509_0000007">
  <preferredOriginID>quakeml:eu.emsc/event/20020509_0000007/origin/1405099</preferredOriginID>
  <preferredMagnitudeID>quakeml:eu.emsc/event/20020509_0000007/origin/1405099/mag/1</preferredMagnitudeID>
  <creationInfo>
    <agencyURI>smi:smi-registry/organization/EMSC</agencyURI>
    <authorURI>smi:smi-registry/organization/EMSC</authorURI>
    <creationTime>2014-12-03T11:09:41.272585Z</creationTime>
  </creationInfo>
  <description>
    <text>AZORES-CAPE ST. VINCENT RIDGE</text>
    <type>Flinn-Engdahl region</type>
  </description>
  <origin publicID="quakeml:eu.emsc/event/20020509_0000007/origin/1405099">
    <time>
      <value>2002-05-09T19:08:12.5Z</value>
      <uncertainty>0.48</uncertainty>
    </time>
    <latitude>
      <value>36.6125</value>
      <uncertainty>8.7</uncertainty>
    </latitude>
    <longitude>
      <value>-10.907</value>
      <uncertainty>7.6</uncertainty>
    </longitude>
    <depth>
      <value>44400.0</value>
    </depth>
    <depthType>from location</depthType>
    <methodID>smi:eu.emsc-csem/origin_method/NA</methodID>
    <quality>
      <usedPhaseCount>30</usedPhaseCount>
      <usedStationCount>17</usedStationCount>
      <standardError>0.96</standardError>
      <azimuthalGap>303</azimuthalGap>
      <minimumDistance>1.98</minimumDistance>
      <maximumDistance>7.7</maximumDistance>
    </quality>
    <evaluationMode>manual</evaluationMode>
    <creationInfo>
      <agencyURI>smi:smi-registry/organization/EMSC</agencyURI>
      <authorURI>smi:smi-registry/organization/EMSC</authorURI>
    </creationInfo>
    <originUncertainty>
      <azimuthMaxHorizontalUncertainty>71</azimuthMaxHorizontalUncertainty>
    </originUncertainty>
  </origin>
  <magnitude publicID="quakeml:eu.emsc/event/20020509_0000007/origin/1405099/mag/1">
    <mag>
      <value>3.1</value>
      <uncertainty>0.4</uncertainty>
    </mag>
    <type>ML</type>
    <originID>quakeml:eu.emsc/event/20020509_0000007/origin/1405099</originID>
    <stationCount>14</stationCount>
    <creationInfo>
      <agencyURI>smi:smi-registry/organization/EMSC</agencyURI>
      <authorURI>smi:smi-registry/organization/EMSC</authorURI>
    </creationInfo>
  </magnitude>
</event>
<event publicID="quakeml:eu.emsc/event/20020509_0000015">
  <preferredOriginID>quakeml:eu.emsc/event/20020509_0000015/origin/1414078</preferredOriginID>
  <creationInfo>
    <agencyURI>smi:smi-registry/organization/EMSC</agencyURI>
    <authorURI>smi:smi-registry/organization/EMSC</authorURI>
    <creationTime>2014-12-10T18:58:25.962312Z</creationTime>
  </creationInfo>
  <description>
    <text>FRANCE</text>
    <type>Flinn-Engdahl region</type>
  </description>
  <origin publicID="quakeml:eu.emsc/event/20020509_0000015/origin/1414078">
    <time>
      <value>2002-05-09T16:06:26.5Z</value>
    </time>
    <latitude>
      <value>45.3397</value>
      <uncertainty>9999.9</uncertainty>
    </latitude>
    <longitude>
      <value>6.727</value>
      <uncertainty>9999.9</uncertainty>
    </longitude>
    <depth>
      <value>2000</value>
    </depth>
    <depthType>from location</depthType>
    <methodID>smi:eu.emsc-csem/origin_method/NA</methodID>
    <quality>
      <usedPhaseCount>7</usedPhaseCount>
      <usedStationCount>4</usedStationCount>
      <standardError>0.59</standardError>
      <azimuthalGap>170</azimuthalGap>
      <minimumDistance>0.16</minimumDistance>
      <maximumDistance>0.73</maximumDistance>
    </quality>
    <evaluationMode>manual</evaluationMode>
    <creationInfo>
      <agencyURI>smi:smi-registry/organization/EMSC</agencyURI>
      <authorURI>smi:smi-registry/organization/EMSC</authorURI>
    </creationInfo>
    <originUncertainty>
      <azimuthMaxHorizontalUncertainty>-99</azimuthMaxHorizontalUncertainty>
    </originUncertainty>
  </origin>
</event>
<event publicID="quakeml:eu.emsc/event/20020509_0000017">
  <preferredOriginID>quakeml:eu.emsc/event/20020509_0000017/origin/1414080</preferredOriginID>
  <creationInfo>
    <agencyURI>smi:smi-registry/organization/EMSC</agencyURI>
    <authorURI>smi:smi-registry/organization/EMSC</authorURI>
    <creationTime>2014-12-10T18:36:22.997335Z</creationTime>
  </creationInfo>
  <description>
    <text>FRANCE</text>
    <type>Flinn-Engdahl region</type>
  </description>
  <origin publicID="quakeml:eu.emsc/event/20020509_0000017/origin/1414080">
    <time>
      <value>2002-05-09T16:06:17.9Z</value>
    </time>
    <latitude>
      <value>45.3451</value>
      <uncertainty>9999.9</uncertainty>
    </latitude>
    <longitude>
      <value>6.6591</value>
      <uncertainty>9999.9</uncertainty>
    </longitude>
    <depth>
      <value>13000</value>
    </depth>
    <depthType>from location</depthType>
    <methodID>smi:eu.emsc-csem/origin_method/NA</methodID>
    <quality>
      <usedPhaseCount>8</usedPhaseCount>
      <usedStationCount>4</usedStationCount>
      <standardError>0.52</standardError>
      <azimuthalGap>149</azimuthalGap>
      <minimumDistance>0.17</minimumDistance>
      <maximumDistance>0.7</maximumDistance>
    </quality>
    <evaluationMode>manual</evaluationMode>
    <creationInfo>
      <agencyURI>smi:smi-registry/organization/EMSC</agencyURI>
      <authorURI>smi:smi-registry/organization/EMSC</authorURI>
    </creationInfo>
    <originUncertainty>
      <azimuthMaxHorizontalUncertainty>-99</azimuthMaxHorizontalUncertainty>
    </originUncertainty>
  </origin>
</event>
<event publicID="quakeml:eu.emsc/event/20020509_0000010">
  <preferredOriginID>quakeml:eu.emsc/event/20020509_0000010/origin/1414082</preferredOriginID>
  <preferredMagnitudeID>quakeml:eu.emsc/event/20020509_0000010/origin/1414082/mag/2</preferredMagnitudeID>
  <creationInfo>
    <agencyURI>smi:smi-registry/organization/EMSC</agencyURI>
    <authorURI>smi:smi-registry/organization/EMSC</authorURI>
    <creationTime>2014-12-10T16:32:56.572074Z</creationTime>
  </creationInfo>
  <description>
    <text>GREECE</text>
    <type>Flinn-Engdahl region</type>
  </description>
  <origin publicID="quakeml:eu.emsc/event/20020509_0000010/origin/1414082">
    <time>
      <value>2002-05-09T15:11:30.4Z</value>
    </time>
    <latitude>
      <value>38.84</value>
      <uncertainty>9999.9</uncertainty>
    </latitude>
    <longitude>
      <value>21.28</value>
      <uncertainty>9999.9</uncertainty>
    </longitude>
    <depth>
      <value>33000</value>
    </depth>
    <depthType>from location</depthType>
    <methodID>smi:eu.emsc-csem/origin_method/NA</methodID>
    <quality>
      <usedPhaseCount>5</usedPhaseCount>
      <usedStationCount>4</usedStationCount>
      <standardError>1.87</standardError>
      <azimuthalGap>140</azimuthalGap>
      <minimumDistance>0.42</minimumDistance>
      <maximumDistance>1.44</maximumDistance>
    </quality>
    <evaluationMode>manual</evaluationMode>
    <creationInfo>
      <agencyURI>smi:smi-registry/organization/EMSC</agencyURI>
      <authorURI>smi:smi-registry/organization/EMSC</authorURI>
    </creationInfo>
    <originUncertainty>
      <azimuthMaxHorizontalUncertainty>-99</azimuthMaxHorizontalUncertainty>
    </originUncertainty>
  </origin>
  <magnitude publicID="quakeml:eu.emsc/event/20020509_0000010/origin/1414082/mag/2">
    <mag>
      <value>2.9</value>
    </mag>
    <type>MD</type>
    <originID>quakeml:eu.emsc/event/20020509_0000010/origin/1414082</originID>
    <creationInfo>
      <agencyURI>smi:smi-registry/organization/EMSC</agencyURI>
      <authorURI>smi:smi-registry/organization/EMSC</authorURI>
    </creationInfo>
  </magnitude>
</event>
<event publicID="quakeml:eu.emsc/event/20020509_0000009">
  <preferredOriginID>quakeml:eu.emsc/event/20020509_0000009/origin/1414084</preferredOriginID>
  <preferredMagnitudeID>quakeml:eu.emsc/event/20020509_0000009/origin/1414084/mag/2</preferredMagnitudeID>
  <creationInfo>
    <agencyURI>smi:smi-registry/organization/EMSC</agencyURI>
    <authorURI>smi:smi-registry/organization/EMSC</authorURI>
    <creationTime>2014-12-10T16:32:53.523185Z</creationTime>
  </creationInfo>
  <description>
    <text>WESTERN TURKEY</text>
    <type>Flinn-Engdahl region</type>
  </description>
  <origin publicID="quakeml:eu.emsc/event/20020509_0000009/origin/1414084">
    <time>
      <value>2002-05-09T14:52:45.3Z</value>
    </time>
    <latitude>
      <value>39.679</value>
      <uncertainty>9999.9</uncertainty>
    </latitude>
    <longitude>
      <value>31.109</value>
      <uncertainty>9999.9</uncertainty>
    </longitude>
    <depth>
      <value>12000</value>
    </depth>
    <depthType>from location</depthType>
    <methodID>smi:eu.emsc-csem/origin_method/NA</methodID>
    <quality>
      <usedPhaseCount>8</usedPhaseCount>
      <usedStationCount>6</usedStationCount>
      <standardError>1.1</standardError>
      <azimuthalGap>225</azimuthalGap>
      <minimumDistance>0.79</minimumDistance>
      <maximumDistance>1.74</maximumDistance>
    </quality>
    <evaluationMode>manual</evaluationMode>
    <creationInfo>
      <agencyURI>smi:smi-registry/organization/EMSC</agencyURI>
      <authorURI>smi:smi-registry/organization/EMSC</authorURI>
    </creationInfo>
    <originUncertainty>
      <azimuthMaxHorizontalUncertainty>-99</azimuthMaxHorizontalUncertainty>
    </originUncertainty>
  </origin>
  <magnitude publicID="quakeml:eu.emsc/event/20020509_0000009/origin/1414084/mag/2">
    <mag>
      <value>3.1</value>
    </mag>
    <type>MD</type>
    <originID>quakeml:eu.emsc/event/20020509_0000009/origin/1414084</originID>
    <creationInfo>
      <agencyURI>smi:smi-registry/organization/EMSC</agencyURI>
      <authorURI>smi:smi-registry/organization/EMSC</authorURI>
    </creationInfo>
  </magnitude>
</event>
<event publicID="quakeml:eu.emsc/event/20020509_0000008">
  <preferredOriginID>quakeml:eu.emsc/event/20020509_0000008/origin/1414086</preferredOriginID>
  <preferredMagnitudeID>quakeml:eu.emsc/event/20020509_0000008/origin/1414086/mag/2</preferredMagnitudeID>
  <creationInfo>
    <agencyURI>smi:smi-registry/organization/EMSC</agencyURI>
    <authorURI>smi:smi-registry/organization/EMSC</authorURI>
    <creationTime>2014-12-10T16:32:47.418789Z</creationTime>
  </creationInfo>
  <description>
    <text>ROMANIA</text>
    <type>Flinn-Engdahl region</type>
  </description>
  <origin publicID="quakeml:eu.emsc/event/20020509_0000008/origin/1414086">
    <time>
      <value>2002-05-09T11:32:28.0Z</value>
    </time>
    <latitude>
      <value>45.618</value>
      <uncertainty>9999.9</uncertainty>
    </latitude>
    <longitude>
      <value>26.441</value>
      <uncertainty>9999.9</uncertainty>
    </longitude>
    <depth>
      <value>103800.0</value>
    </depth>
    <depthType>from location</depthType>
    <methodID>smi:eu.emsc-csem/origin_method/NA</methodID>
    <quality>
      <usedPhaseCount>9</usedPhaseCount>
      <usedStationCount>5</usedStationCount>
      <standardError>0.81</standardError>
      <azimuthalGap>148</azimuthalGap>
      <minimumDistance>0.32</minimumDistance>
      <maximumDistance>0.7</maximumDistance>
    </quality>
    <evaluationMode>manual</evaluationMode>
    <creationInfo>
      <agencyURI>smi:smi-registry/organization/EMSC</agencyURI>
      <authorURI>smi:smi-registry/organization/EMSC</authorURI>
    </creationInfo>
    <originUncertainty>
      <azimuthMaxHorizontalUncertainty>-99</azimuthMaxHorizontalUncertainty>
    </originUncertainty>
  </origin>
  <magnitude publicID="quakeml:eu.emsc/event/20020509_0000008/origin/1414086/mag/2">
    <mag>
      <value>3.2</value>
      <uncertainty>0.1</uncertainty>
    </mag>
    <type>MD</type>
    <originID>quakeml:eu.emsc/event/20020509_0000008/origin/1414086</originID>
    <stationCount>4</stationCount>
    <creationInfo>
      <agencyURI>smi:smi-registry/organization/EMSC</agencyURI>
      <authorURI>smi:smi-registry/organization/EMSC</authorURI>
    </creationInfo>
  </magnitude>
</event>
<event publicID="quakeml:eu.emsc/event/20020509_0000016">
  <preferredOriginID>quakeml:eu.emsc/event/20020509_0000016/origin/1404930</preferredOriginID>
  <preferredMagnitudeID>quakeml:eu.emsc/event/20020509_0000016/origin/1404930/mag/1</preferredMagnitudeID>
  <creationInfo>
    <agencyURI>smi:smi-registry/organization/EMSC</agencyURI>
    <authorURI>smi:smi-registry/organization/EMSC</authorURI>
    <creationTime>2014-12-03T16:00:45.185278Z</creationTime>
  </creationInfo>
  <description>
    <text>FRANCE</text>
    <type>Flinn-Engdahl region</type>
  </description>
  <origin publicID="quakeml:eu.emsc/event/20020509_0000016/origin/1404930">
    <time>
      <value>2002-05-09T07:50:00.7Z</value>
      <uncertainty>0.11</uncertainty>
    </time>
    <latitude>
      <value>43.0287</value>
      <uncertainty>2.9</uncertainty>
    </latitude>
    <longitude>
      <value>0.1752</value>
      <uncertainty>2</uncertainty>
    </longitude>
    <depth>
      <value>15000</value>
    </depth>
    <depthType>from location</depthType>
    <methodID>smi:eu.emsc-csem/origin_method/NA</methodID>
    <quality>
      <usedPhaseCount>20</usedPhaseCount>
      <usedStationCount>11</usedStationCount>
      <standardError>0.51</standardError>
      <azimuthalGap>87</azimuthalGap>
      <minimumDistance>0.08</minimumDistance>
      <maximumDistance>2.47</maximumDistance>
    </quality>
    <evaluationMode>manual</evaluationMode>
    <creationInfo>
      <agencyURI>smi:smi-registry/organization/EMSC</agencyURI>
      <authorURI>smi:smi-registry/organization/EMSC</authorURI>
    </creationInfo>
    <originUncertainty>
      <azimuthMaxHorizontalUncertainty>122</azimuthMaxHorizontalUncertainty>
    </originUncertainty>
  </origin>
  <magnitude publicID="quakeml:eu.emsc/event/20020509_0000016/origin/1404930/mag/1">
    <mag>
      <value>1.9</value>
      <uncertainty>0.6</uncertainty>
    </mag>
    <type>ML</type>
    <originID>quakeml:eu.emsc/event/20020509_0000016/origin/1404930</originID>
    <stationCount>8</stationCount>
    <creationInfo>
      <agencyURI>smi:smi-registry/organization/EMSC</agencyURI>
      <authorURI>smi:smi-registry/organization/EMSC</authorURI>
    </creationInfo>
  </magnitude>
</event>
<event publicID="quakeml:eu.emsc/event/20020509_0000006">
  <preferredOriginID>quakeml:eu.emsc/event/20020509_0000006/origin/1405104</preferredOriginID>
  <preferredMagnitudeID>quakeml:eu.emsc/event/20020509_0000006/origin/1405104/mag/1</preferredMagnitudeID>
  <creationInfo>
    <agencyURI>smi:smi-registry/organization/EMSC</agencyURI>
    <authorURI>smi:smi-registry/organization/EMSC</authorURI>
    <creationTime>2014-12-03T11:02:06.970518Z</creationTime>
  </creationInfo>
  <description>
    <text>CRETE, GREECE</text>
    <type>Flinn-Engdahl region</type>
  </description>
  <origin publicID="quakeml:eu.emsc/event/20020509_0000006/origin/1405104">
    <time>
      <value>2002-05-09T06:11:32.9Z</value>
      <uncertainty>0.12</uncertainty>
    </time>
    <latitude>
      <value>34.2188</value>
      <uncertainty>7.3</uncertainty>
    </latitude>
    <longitude>
      <value>26.3951</value>
      <uncertainty>2.8</uncertainty>
    </longitude>
    <depth>
      <value>40000</value>
    </depth>
    <depthType>from location</depthType>
    <methodID>smi:eu.emsc-csem/origin_method/NA</methodID>
    <quality>
      <usedPhaseCount>60</usedPhaseCount>
      <usedStationCount>58</usedStationCount>
      <standardError>0.9</standardError>
      <azimuthalGap>119</azimuthalGap>
      <minimumDistance>1.22</minimumDistance>
      <maximumDistance>93.43</maximumDistance>
    </quality>
    <evaluationMode>manual</evaluationMode>
    <creationInfo>
      <agencyURI>smi:smi-registry/organization/EMSC</agencyURI>
      <authorURI>smi:smi-registry/organization/EMSC</authorURI>
    </creationInfo>
    <originUncertainty>
      <azimuthMaxHorizontalUncertainty>41</azimuthMaxHorizontalUncertainty>
    </originUncertainty>
  </origin>
  <magnitude publicID="quakeml:eu.emsc/event/20020509_0000006/origin/1405104/mag/1">
    <mag>
      <value>4</value>
      <uncertainty>0.2</uncertainty>
    </mag>
    <type>mb</type>
    <originID>quakeml:eu.emsc/event/20020509_0000006/origin/1405104</originID>
    <stationCount>8</stationCount>
    <creationInfo>
      <agencyURI>smi:smi-registry/organization/EMSC</agencyURI>
      <authorURI>smi:smi-registry/organization/EMSC</authorURI>
    </creationInfo>
  </magnitude>
</event>
<event publicID="quakeml:eu.emsc/event/20020509_0000005">
  <preferredOriginID>quakeml:eu.emsc/event/20020509_0000005/origin/1405106</preferredOriginID>
  <preferredMagnitudeID>quakeml:eu.emsc/event/20020509_0000005/origin/1405106/mag/2</preferredMagnitudeID>
  <creationInfo>
    <agencyURI>smi:smi-registry/organization/EMSC</agencyURI>
    <authorURI>smi:smi-registry/organization/EMSC</authorURI>
    <creationTime>2014-12-03T10:42:44.223426Z</creationTime>
  </creationInfo>
  <description>
    <text>IONIAN SEA</text>
    <type>Flinn-Engdahl region</type>
  </description>
  <origin publicID="quakeml:eu.emsc/event/20020509_0000005/origin/1405106">
    <time>
      <value>2002-05-09T05:44:45.2Z</value>
      <uncertainty>2.1</uncertainty>
    </time>
    <latitude>
      <value>37.3309</value>
      <uncertainty>63.7</uncertainty>
    </latitude>
    <longitude>
      <value>20.6854</value>
      <uncertainty>22.7</uncertainty>
    </longitude>
    <depth>
      <value>10000</value>
    </depth>
    <depthType>from location</depthType>
    <methodID>smi:eu.emsc-csem/origin_method/NA</methodID>
    <quality>
      <usedPhaseCount>7</usedPhaseCount>
      <usedStationCount>6</usedStationCount>
      <standardError>1.54</standardError>
      <azimuthalGap>246</azimuthalGap>
      <minimumDistance>0.85</minimumDistance>
      <maximumDistance>2.13</maximumDistance>
    </quality>
    <evaluationMode>manual</evaluationMode>
    <creationInfo>
      <agencyURI>smi:smi-registry/organization/EMSC</agencyURI>
      <authorURI>smi:smi-registry/organization/EMSC</authorURI>
    </creationInfo>
    <originUncertainty>
      <azimuthMaxHorizontalUncertainty>61</azimuthMaxHorizontalUncertainty>
    </originUncertainty>
  </origin>
  <magnitude publicID="quakeml:eu.emsc/event/20020509_0000005/origin/1405106/mag/2">
    <mag>
      <value>2.9</value>
    </mag>
    <type>MD</type>
    <originID>quakeml:eu.emsc/event/20020509_0000005/origin/1405106</originID>
    <creationInfo>
      <agencyURI>smi:smi-registry/organization/EMSC</agencyURI>
      <authorURI>smi:smi-registry/organization/EMSC</authorURI>
    </creationInfo>
  </magnitude>
</event>
<event publicID="quakeml:eu.emsc/event/20020509_0000004">
  <preferredOriginID>quakeml:eu.emsc/event/20020509_0000004/origin/1405659</preferredOriginID>
  <preferredMagnitudeID>quakeml:eu.emsc/event/20020509_0000004/origin/1405659/mag/1</preferredMagnitudeID>
  <creationInfo>
    <agencyURI>smi:smi-registry/organization/EMSC</agencyURI>
    <authorURI>smi:smi-registry/organization/EMSC</authorURI>
    <creationTime>2014-12-03T11:07:49.139924Z</creationTime>
  </creationInfo>
  <description>
    <text>MAURITANIA</text>
    <type>Flinn-Engdahl region</type>
  </description>
  <origin publicID="quakeml:eu.emsc/event/20020509_0000004/origin/1405659">
    <time>
      <value>2002-05-09T05:18:59.1Z</value>
      <uncertainty>0.24</uncertainty>
    </time>
    <latitude>
      <value>19.2493</value>
      <uncertainty>13.4</uncertainty>
    </latitude>
    <longitude>
      <value>-16.2075</value>
      <uncertainty>6.4</uncertainty>
    </longitude>
    <depth>
      <value>20000</value>
    </depth>
    <depthType>from location</depthType>
    <methodID>smi:eu.emsc-csem/origin_method/NA</methodID>
    <quality>
      <usedPhaseCount>28</usedPhaseCount>
      <usedStationCount>21</usedStationCount>
      <standardError>0.83</standardError>
      <azimuthalGap>172</azimuthalGap>
      <minimumDistance>8.59</minimumDistance>
      <maximumDistance>88.16</maximumDistance>
    </quality>
    <evaluationMode>manual</evaluationMode>
    <creationInfo>
      <agencyURI>smi:smi-registry/organization/EMSC</agencyURI>
      <authorURI>smi:smi-registry/organization/EMSC</authorURI>
    </creationInfo>
    <originUncertainty>
      <azimuthMaxHorizontalUncertainty>84</azimuthMaxHorizontalUncertainty>
    </originUncertainty>
  </origin>
  <magnitude publicID="quakeml:eu.emsc/event/20020509_0000004/origin/1405659/mag/1">
    <mag>
      <value>4.4</value>
      <uncertainty>0.5</uncertainty>
    </mag>
    <type>mb</type>
    <originID>quakeml:eu.emsc/event/20020509_0000004/origin/1405659</originID>
    <stationCount>5</stationCount>
    <creationInfo>
      <agencyURI>smi:smi-registry/organization/EMSC</agencyURI>
      <authorURI>smi:smi-registry/organization/EMSC</authorURI>
    </creationInfo>
  </magnitude>
</event>
<event publicID="quakeml:eu.emsc/event/20020509_0000003">
  <preferredOriginID>quakeml:eu.emsc/event/20020509_0000003/origin/1405109</preferredOriginID>
  <preferredMagnitudeID>quakeml:eu.emsc/event/20020509_0000003/origin/1405109/mag/2</preferredMagnitudeID>
  <creationInfo>
    <agencyURI>smi:smi-registry/organization/EMSC</agencyURI>
    <authorURI>smi:smi-registry/organization/EMSC</authorURI>
    <creationTime>2014-12-03T11:20:44.209319Z</creationTime>
  </creationInfo>
  <description>
    <text>SPAIN</text>
    <type>Flinn-Engdahl region</type>
  </description>
  <origin publicID="quakeml:eu.emsc/event/20020509_0000003/origin/1405109">
    <time>
      <value>2002-05-09T04:29:26.3Z</value>
      <uncertainty>0.15</uncertainty>
    </time>
    <latitude>
      <value>42.8807</value>
      <uncertainty>2.5</uncertainty>
    </latitude>
    <longitude>
      <value>-7.9729</value>
      <uncertainty>2.5</uncertainty>
    </longitude>
    <depth>
      <value>15000</value>
    </depth>
    <depthType>from location</depthType>
    <methodID>smi:eu.emsc-csem/origin_method/NA</methodID>
    <quality>
      <usedPhaseCount>14</usedPhaseCount>
      <usedStationCount>11</usedStationCount>
      <standardError>0.51</standardError>
      <azimuthalGap>142</azimuthalGap>
      <minimumDistance>0.42</minimumDistance>
      <maximumDistance>2.5</maximumDistance>
    </quality>
    <evaluationMode>manual</evaluationMode>
    <creationInfo>
      <agencyURI>smi:smi-registry/organization/EMSC</agencyURI>
      <authorURI>smi:smi-registry/organization/EMSC</authorURI>
    </creationInfo>
    <originUncertainty>
      <azimuthMaxHorizontalUncertainty>139</azimuthMaxHorizontalUncertainty>
    </originUncertainty>
  </origin>
  <magnitude publicID="quakeml:eu.emsc/event/20020509_0000003/origin/1405109/mag/2">
    <mag>
      <value>2.3</value>
    </mag>
    <type>mb</type>
    <originID>quakeml:eu.emsc/event/20020509_0000003/origin/1405109</originID>
    <stationCount>7</stationCount>
    <creationInfo>
      <agencyURI>smi:smi-registry/organization/EMSC</agencyURI>
      <authorURI>smi:smi-registry/organization/EMSC</authorURI>
    </creationInfo>
  </magnitude>
</event>
<event publicID="quakeml:eu.emsc/event/20020509_0000001">
  <preferredOriginID>quakeml:eu.emsc/event/20020509_0000001/origin/1405671</preferredOriginID>
  <preferredMagnitudeID>quakeml:eu.emsc/event/20020509_0000001/origin/1405671/mag/2</preferredMagnitudeID>
  <creationInfo>
    <agencyURI>smi:smi-registry/organization/EMSC</agencyURI>
    <authorURI>smi:smi-registry/organization/EMSC</authorURI>
    <creationTime>2014-12-03T11:46:55.401094Z</creationTime>
  </creationInfo>
  <description>
    <text>SOUTHERN GREECE</text>
    <type>Flinn-Engdahl region</type>
  </description>
  <origin publicID="quakeml:eu.emsc/event/20020509_0000001/origin/1405671">
    <time>
      <value>2002-05-09T01:49:42.7Z</value>
      <uncertainty>0.11</uncertainty>
    </time>
    <latitude>
      <value>36.4957</value>
      <uncertainty>3.5</uncertainty>
    </latitude>
    <longitude>
      <value>23.2759</value>
      <uncertainty>2.1</uncertainty>
    </longitude>
    <depth>
      <value>47600.0</value>
      <uncertainty>1.8</uncertainty>
    </depth>
    <depthType>from location</depthType>
    <methodID>smi:eu.emsc-csem/origin_method/NA</methodID>
    <quality>
      <usedPhaseCount>248</usedPhaseCount>
      <usedStationCount>227</usedStationCount>
      <standardError>1.07</standardError>
      <azimuthalGap>49</azimuthalGap>
      <minimumDistance>1.32</minimumDistance>
      <maximumDistance>90.16</maximumDistance>
    </quality>
    <evaluationMode>manual</evaluationMode>
    <creationInfo>
      <agencyURI>smi:smi-registry/organization/EMSC</agencyURI>
      <authorURI>smi:smi-registry/organization/EMSC</authorURI>
    </creationInfo>
    <originUncertainty>
      <azimuthMaxHorizontalUncertainty>34</azimuthMaxHorizontalUncertainty>
    </originUncertainty>
  </origin>
  <magnitude publicID="quakeml:eu.emsc/event/20020509_0000001/origin/1405671/mag/2">
    <mag>
      <value>4.3</value>
      <uncertainty>0.3</uncertainty>
    </mag>
    <type>mb</type>
    <originID>quakeml:eu.emsc/event/20020509_0000001/origin/1405671</originID>
    <stationCount>18</stationCount>
    <creationInfo>
      <agencyURI>smi:smi-registry/organization/EMSC</agencyURI>
      <authorURI>smi:smi-registry/organization/EMSC</authorURI>
    </creationInfo>
  </magnitude>
</event>
</eventParameters>
</q:quakeml>
