<?xml version="1.0"?>
<q:quakeml xmlns:q="http://quakeml.org/xmlns/quakeml/1.2"  xmlns="http://quakeml.org/xmlns/bed/1.2">
<eventParameters publicID="smi:eu.emsc/unid">
<event publicID="quakeml:eu.emsc/event/20020913_0000006">
  <preferredOriginID>quakeml:eu.emsc/event/20020913_0000006/origin/1400033</preferredOriginID>
  <preferredMagnitudeID>quakeml:eu.emsc/event/20020913_0000006/origin/1400033/mag/2</preferredMagnitudeID>
  <creationInfo>
    <agencyURI>smi:smi-registry/organization/EMSC</agencyURI>
    <authorURI>smi:smi-registry/organization/EMSC</authorURI>
    <creationTime>2014-12-03T11:52:31.225117Z</creationTime>
  </creationInfo>
  <description>
    <text>AEGEAN SEA</text>
    <type>Flinn-Engdahl region</type>
  </description>
  <origin publicID="quakeml:eu.emsc/event/20020913_0000006/origin/1400033">
    <time>
      <value>2002-09-13T23:02:04.2Z</value>
      <uncertainty>0.37</uncertainty>
    </time>
    <latitude>
      <value>38.6659</value>
      <uncertainty>9.7</uncertainty>
    </latitude>
    <longitude>
      <value>24.6117</value>
      <uncertainty>5.6</uncertainty>
    </longitude>
    <depth>
      <value>2000</value>
    </depth>
    <depthType>from location</depthType>
    <methodID>smi:eu.emsc-csem/origin_method/NA</methodID>
    <quality>
      <usedPhaseCount>21</usedPhaseCount>
      <usedStationCount>19</usedStationCount>
      <standardError>0.85</standardError>
      <azimuthalGap>174</azimuthalGap>
      <minimumDistance>0.76</minimumDistance>
      <maximumDistance>4.06</maximumDistance>
    </quality>
    <evaluationMode>manual</evaluationMode>
    <creationInfo>
      <agencyURI>smi:smi-registry/organization/EMSC</agencyURI>
      <authorURI>smi:smi-registry/organization/EMSC</authorURI>
    </creationInfo>
    <originUncertainty>
      <azimuthMaxHorizontalUncertainty>107</azimuthMaxHorizontalUncertainty>
    </originUncertainty>
  </origin>
  <magnitude publicID="quakeml:eu.emsc/event/20020913_0000006/origin/1400033/mag/2">
    <mag>
      <value>3.5</value>
    </mag>
    <type>ML</type>
    <originID>quakeml:eu.emsc/event/20020913_0000006/origin/1400033</originID>
    <creationInfo>
      <agencyURI>smi:smi-registry/organization/EMSC</agencyURI>
      <authorURI>smi:smi-registry/organization/EMSC</authorURI>
    </creationInfo>
  </magnitude>
</event>
<event publicID="quakeml:eu.emsc/event/20020913_0000005">
  <preferredOriginID>quakeml:eu.emsc/event/20020913_0000005/origin/1412176</preferredOriginID>
  <preferredMagnitudeID>quakeml:eu.emsc/event/20020913_0000005/origin/1412176/mag/2</preferredMagnitudeID>
  <creationInfo>
    <agencyURI>smi:smi-registry/organization/EMSC</agencyURI>
    <authorURI>smi:smi-registry/organization/EMSC</authorURI>
    <creationTime>2014-12-10T15:20:28.362026Z</creationTime>
  </creationInfo>
  <description>
    <text>WESTERN TURKEY</text>
    <type>Flinn-Engdahl region</type>
  </description>
  <origin publicID="quakeml:eu.emsc/event/20020913_0000005/origin/1412176">
    <time>
      <value>2002-09-13T21:02:19.7Z</value>
    </time>
    <latitude>
      <value>38.888</value>
      <uncertainty>9999.9</uncertainty>
    </latitude>
    <longitude>
      <value>27.971</value>
      <uncertainty>9999.9</uncertainty>
    </longitude>
    <depth>
      <value>10000</value>
    </depth>
    <depthType>from location</depthType>
    <methodID>smi:eu.emsc-csem/origin_method/NA</methodID>
    <quality>
      <usedPhaseCount>15</usedPhaseCount>
      <usedStationCount>14</usedStationCount>
      <standardError>1.07</standardError>
      <azimuthalGap>77</azimuthalGap>
      <minimumDistance>0.74</minimumDistance>
      <maximumDistance>2.96</maximumDistance>
    </quality>
    <evaluationMode>manual</evaluationMode>
    <creationInfo>
      <agencyURI>smi:smi-registry/organization/EMSC</agencyURI>
      <authorURI>smi:smi-registry/organization/EMSC</authorURI>
    </creationInfo>
    <originUncertainty>
      <azimuthMaxHorizontalUncertainty>-99</azimuthMaxHorizontalUncertainty>
    </originUncertainty>
  </origin>
  <magnitude publicID="quakeml:eu.emsc/event/20020913_0000005/origin/1412176/mag/2">
    <mag>
      <value>3.3</value>
    </mag>
    <type>MD</type>
    <originID>quakeml:eu.emsc/event/20020913_0000005/origin/1412176</originID>
    <creationInfo>
      <agencyURI>smi:smi-registry/organization/EMSC</agencyURI>
      <authorURI>smi:smi-registry/organization/EMSC</authorURI>
    </creationInfo>
  </magnitude>
</event>
<event publicID="quakeml:eu.emsc/event/20020913_0000015">
  <preferredOriginID>quakeml:eu.emsc/event/20020913_0000015/origin/1399543</preferredOriginID>
  <preferredMagnitudeID>quakeml:eu.emsc/event/20020913_0000015/origin/1399543/mag/1</preferredMagnitudeID>
  <creationInfo>
    <agencyURI>smi:smi-registry/organization/EMSC</agencyURI>
    <authorURI>smi:smi-registry/organization/EMSC</authorURI>
    <creationTime>2014-12-03T17:01:03.61856Z</creationTime>
  </creationInfo>
  <description>
    <text>NORTHERN ITALY</text>
    <type>Flinn-Engdahl region</type>
  </description>
  <origin publicID="quakeml:eu.emsc/event/20020913_0000015/origin/1399543">
    <time>
      <value>2002-09-13T18:12:55.7Z</value>
      <uncertainty>0.06</uncertainty>
    </time>
    <latitude>
      <value>44.1207</value>
      <uncertainty>1.4</uncertainty>
    </latitude>
    <longitude>
      <value>7.1317</value>
      <uncertainty>1.1</uncertainty>
    </longitude>
    <depth>
      <value>15000</value>
    </depth>
    <depthType>from location</depthType>
    <methodID>smi:eu.emsc-csem/origin_method/NA</methodID>
    <quality>
      <usedPhaseCount>35</usedPhaseCount>
      <usedStationCount>19</usedStationCount>
      <standardError>0.47</standardError>
      <azimuthalGap>56</azimuthalGap>
      <minimumDistance>0.14</minimumDistance>
      <maximumDistance>2.08</maximumDistance>
    </quality>
    <evaluationMode>manual</evaluationMode>
    <creationInfo>
      <agencyURI>smi:smi-registry/organization/EMSC</agencyURI>
      <authorURI>smi:smi-registry/organization/EMSC</authorURI>
    </creationInfo>
    <originUncertainty>
      <azimuthMaxHorizontalUncertainty>59</azimuthMaxHorizontalUncertainty>
    </originUncertainty>
  </origin>
  <magnitude publicID="quakeml:eu.emsc/event/20020913_0000015/origin/1399543/mag/1">
    <mag>
      <value>1.6</value>
      <uncertainty>0.4</uncertainty>
    </mag>
    <type>ML</type>
    <originID>quakeml:eu.emsc/event/20020913_0000015/origin/1399543</originID>
    <stationCount>8</stationCount>
    <creationInfo>
      <agencyURI>smi:smi-registry/organization/EMSC</agencyURI>
      <authorURI>smi:smi-registry/organization/EMSC</authorURI>
    </creationInfo>
  </magnitude>
</event>
<event publicID="quakeml:eu.emsc/event/20020913_0000009">
  <preferredOriginID>quakeml:eu.emsc/event/20020913_0000009/origin/1399546</preferredOriginID>
  <preferredMagnitudeID>quakeml:eu.emsc/event/20020913_0000009/origin/1399546/mag/1</preferredMagnitudeID>
  <creationInfo>
    <agencyURI>smi:smi-registry/organization/EMSC</agencyURI>
    <authorURI>smi:smi-registry/organization/EMSC</authorURI>
    <creationTime>2014-12-03T15:12:48.424182Z</creationTime>
  </creationInfo>
  <description>
    <text>FRANCE</text>
    <type>Flinn-Engdahl region</type>
  </description>
  <origin publicID="quakeml:eu.emsc/event/20020913_0000009/origin/1399546">
    <time>
      <value>2002-09-13T10:23:32.9Z</value>
      <uncertainty>0.12</uncertainty>
    </time>
    <latitude>
      <value>46.2235</value>
      <uncertainty>2.8</uncertainty>
    </latitude>
    <longitude>
      <value>2.8036</value>
      <uncertainty>1.9</uncertainty>
    </longitude>
    <depth>
      <value>15000</value>
    </depth>
    <depthType>from location</depthType>
    <methodID>smi:eu.emsc-csem/origin_method/NA</methodID>
    <quality>
      <usedPhaseCount>16</usedPhaseCount>
      <usedStationCount>8</usedStationCount>
      <standardError>0.45</standardError>
      <azimuthalGap>140</azimuthalGap>
      <minimumDistance>0.28</minimumDistance>
      <maximumDistance>1.29</maximumDistance>
    </quality>
    <evaluationMode>manual</evaluationMode>
    <creationInfo>
      <agencyURI>smi:smi-registry/organization/EMSC</agencyURI>
      <authorURI>smi:smi-registry/organization/EMSC</authorURI>
    </creationInfo>
    <originUncertainty>
      <azimuthMaxHorizontalUncertainty>107</azimuthMaxHorizontalUncertainty>
    </originUncertainty>
  </origin>
  <magnitude publicID="quakeml:eu.emsc/event/20020913_0000009/origin/1399546/mag/1">
    <mag>
      <value>2</value>
      <uncertainty>0.4</uncertainty>
    </mag>
    <type>ML</type>
    <originID>quakeml:eu.emsc/event/20020913_0000009/origin/1399546</originID>
    <stationCount>5</stationCount>
    <creationInfo>
      <agencyURI>smi:smi-registry/organization/EMSC</agencyURI>
      <authorURI>smi:smi-registry/organization/EMSC</authorURI>
    </creationInfo>
  </magnitude>
</event>
<event publicID="quakeml:eu.emsc/event/20020913_0000010">
  <preferredOriginID>quakeml:eu.emsc/event/20020913_0000010/origin/1412178</preferredOriginID>
  <preferredMagnitudeID>quakeml:eu.emsc/event/20020913_0000010/origin/1412178/mag/2</preferredMagnitudeID>
  <creationInfo>
    <agencyURI>smi:smi-registry/organization/EMSC</agencyURI>
    <authorURI>smi:smi-registry/organization/EMSC</authorURI>
    <creationTime>2014-12-10T18:39:40.513578Z</creationTime>
  </creationInfo>
  <description>
    <text>PYRENEES</text>
    <type>Flinn-Engdahl region</type>
  </description>
  <origin publicID="quakeml:eu.emsc/event/20020913_0000010/origin/1412178">
    <time>
      <value>2002-09-13T10:03:20.0Z</value>
    </time>
    <latitude>
      <value>43.0769</value>
      <uncertainty>9999.9</uncertainty>
    </latitude>
    <longitude>
      <value>-0.4488</value>
      <uncertainty>9999.9</uncertainty>
    </longitude>
    <depth>
      <value>6700.0</value>
    </depth>
    <depthType>from location</depthType>
    <methodID>smi:eu.emsc-csem/origin_method/NA</methodID>
    <quality>
      <usedPhaseCount>16</usedPhaseCount>
      <usedStationCount>8</usedStationCount>
      <standardError>0.55</standardError>
      <azimuthalGap>168</azimuthalGap>
      <minimumDistance>0.04</minimumDistance>
      <maximumDistance>1.05</maximumDistance>
    </quality>
    <evaluationMode>manual</evaluationMode>
    <creationInfo>
      <agencyURI>smi:smi-registry/organization/EMSC</agencyURI>
      <authorURI>smi:smi-registry/organization/EMSC</authorURI>
    </creationInfo>
    <originUncertainty>
      <azimuthMaxHorizontalUncertainty>-99</azimuthMaxHorizontalUncertainty>
    </originUncertainty>
  </origin>
  <magnitude publicID="quakeml:eu.emsc/event/20020913_0000010/origin/1412178/mag/2">
    <mag>
      <value>0.6</value>
    </mag>
    <type>mb</type>
    <originID>quakeml:eu.emsc/event/20020913_0000010/origin/1412178</originID>
    <stationCount>2</stationCount>
    <creationInfo>
      <agencyURI>smi:smi-registry/organization/EMSC</agencyURI>
      <authorURI>smi:smi-registry/organization/EMSC</authorURI>
    </creationInfo>
  </magnitude>
</event>
<event publicID="quakeml:eu.emsc/event/20020913_0000014">
  <preferredOriginID>quakeml:eu.emsc/event/20020913_0000014/origin/1399549</preferredOriginID>
  <preferredMagnitudeID>quakeml:eu.emsc/event/20020913_0000014/origin/1399549/mag/1</preferredMagnitudeID>
  <creationInfo>
    <agencyURI>smi:smi-registry/organization/EMSC</agencyURI>
    <authorURI>smi:smi-registry/organization/EMSC</authorURI>
    <creationTime>2014-12-03T16:51:48.202583Z</creationTime>
  </creationInfo>
  <description>
    <text>NORTHERN ITALY</text>
    <type>Flinn-Engdahl region</type>
  </description>
  <origin publicID="quakeml:eu.emsc/event/20020913_0000014/origin/1399549">
    <time>
      <value>2002-09-13T07:13:57.5Z</value>
      <uncertainty>0.08</uncertainty>
    </time>
    <latitude>
      <value>45.0185</value>
      <uncertainty>2.3</uncertainty>
    </latitude>
    <longitude>
      <value>7.1554</value>
      <uncertainty>1.3</uncertainty>
    </longitude>
    <depth>
      <value>8000</value>
    </depth>
    <depthType>from location</depthType>
    <methodID>smi:eu.emsc-csem/origin_method/NA</methodID>
    <quality>
      <usedPhaseCount>24</usedPhaseCount>
      <usedStationCount>13</usedStationCount>
      <standardError>0.46</standardError>
      <azimuthalGap>109</azimuthalGap>
      <minimumDistance>0.07</minimumDistance>
      <maximumDistance>1.75</maximumDistance>
    </quality>
    <evaluationMode>manual</evaluationMode>
    <creationInfo>
      <agencyURI>smi:smi-registry/organization/EMSC</agencyURI>
      <authorURI>smi:smi-registry/organization/EMSC</authorURI>
    </creationInfo>
    <originUncertainty>
      <azimuthMaxHorizontalUncertainty>96</azimuthMaxHorizontalUncertainty>
    </originUncertainty>
  </origin>
  <magnitude publicID="quakeml:eu.emsc/event/20020913_0000014/origin/1399549/mag/1">
    <mag>
      <value>2</value>
      <uncertainty>0.3</uncertainty>
    </mag>
    <type>ML</type>
    <originID>quakeml:eu.emsc/event/20020913_0000014/origin/1399549</originID>
    <stationCount>5</stationCount>
    <creationInfo>
      <agencyURI>smi:smi-registry/organization/EMSC</agencyURI>
      <authorURI>smi:smi-registry/organization/EMSC</authorURI>
    </creationInfo>
  </magnitude>
</event>
<event publicID="quakeml:eu.emsc/event/20020913_0000011">
  <preferredOriginID>quakeml:eu.emsc/event/20020913_0000011/origin/1412180</preferredOriginID>
  <preferredMagnitudeID>quakeml:eu.emsc/event/20020913_0000011/origin/1412180/mag/2</preferredMagnitudeID>
  <creationInfo>
    <agencyURI>smi:smi-registry/organization/EMSC</agencyURI>
    <authorURI>smi:smi-registry/organization/EMSC</authorURI>
    <creationTime>2014-12-10T18:39:40.2831Z</creationTime>
  </creationInfo>
  <description>
    <text>PYRENEES</text>
    <type>Flinn-Engdahl region</type>
  </description>
  <origin publicID="quakeml:eu.emsc/event/20020913_0000011/origin/1412180">
    <time>
      <value>2002-09-13T06:36:21.9Z</value>
    </time>
    <latitude>
      <value>43.1137</value>
      <uncertainty>9999.9</uncertainty>
    </latitude>
    <longitude>
      <value>-0.3162</value>
      <uncertainty>9999.9</uncertainty>
    </longitude>
    <depth>
      <value>0</value>
    </depth>
    <depthType>from location</depthType>
    <methodID>smi:eu.emsc-csem/origin_method/NA</methodID>
    <quality>
      <usedPhaseCount>14</usedPhaseCount>
      <usedStationCount>7</usedStationCount>
      <standardError>0.74</standardError>
      <azimuthalGap>218</azimuthalGap>
      <minimumDistance>0.07</minimumDistance>
      <maximumDistance>1.03</maximumDistance>
    </quality>
    <evaluationMode>manual</evaluationMode>
    <creationInfo>
      <agencyURI>smi:smi-registry/organization/EMSC</agencyURI>
      <authorURI>smi:smi-registry/organization/EMSC</authorURI>
    </creationInfo>
    <originUncertainty>
      <azimuthMaxHorizontalUncertainty>-99</azimuthMaxHorizontalUncertainty>
    </originUncertainty>
  </origin>
  <magnitude publicID="quakeml:eu.emsc/event/20020913_0000011/origin/1412180/mag/2">
    <mag>
      <value>0.9</value>
      <uncertainty>0.3</uncertainty>
    </mag>
    <type>mb</type>
    <originID>quakeml:eu.emsc/event/20020913_0000011/origin/1412180</originID>
    <stationCount>2</stationCount>
    <creationInfo>
      <agencyURI>smi:smi-registry/organization/EMSC</agencyURI>
      <authorURI>smi:smi-registry/organization/EMSC</authorURI>
    </creationInfo>
  </magnitude>
</event>
<event publicID="quakeml:eu.emsc/event/20020913_0000003">
  <preferredOriginID>quakeml:eu.emsc/event/20020913_0000003/origin/1400038</preferredOriginID>
  <preferredMagnitudeID>quakeml:eu.emsc/event/20020913_0000003/origin/1400038/mag/2</preferredMagnitudeID>
  <creationInfo>
    <agencyURI>smi:smi-registry/organization/EMSC</agencyURI>
    <authorURI>smi:smi-registry/organization/EMSC</authorURI>
    <creationTime>2014-12-03T11:13:01.278162Z</creationTime>
  </creationInfo>
  <description>
    <text>CYPRUS REGION</text>
    <type>Flinn-Engdahl region</type>
  </description>
  <origin publicID="quakeml:eu.emsc/event/20020913_0000003/origin/1400038">
    <time>
      <value>2002-09-13T02:56:28.2Z</value>
      <uncertainty>0.27</uncertainty>
    </time>
    <latitude>
      <value>35.0133</value>
      <uncertainty>8</uncertainty>
    </latitude>
    <longitude>
      <value>33.2616</value>
      <uncertainty>4.1</uncertainty>
    </longitude>
    <depth>
      <value>55900.0</value>
      <uncertainty>3.8</uncertainty>
    </depth>
    <depthType>from location</depthType>
    <methodID>smi:eu.emsc-csem/origin_method/NA</methodID>
    <quality>
      <usedPhaseCount>18</usedPhaseCount>
      <usedStationCount>12</usedStationCount>
      <standardError>0.85</standardError>
      <azimuthalGap>98</azimuthalGap>
      <minimumDistance>0.08</minimumDistance>
      <maximumDistance>2.33</maximumDistance>
    </quality>
    <evaluationMode>manual</evaluationMode>
    <creationInfo>
      <agencyURI>smi:smi-registry/organization/EMSC</agencyURI>
      <authorURI>smi:smi-registry/organization/EMSC</authorURI>
    </creationInfo>
    <originUncertainty>
      <azimuthMaxHorizontalUncertainty>1</azimuthMaxHorizontalUncertainty>
    </originUncertainty>
  </origin>
  <magnitude publicID="quakeml:eu.emsc/event/20020913_0000003/origin/1400038/mag/2">
    <mag>
      <value>3.3</value>
    </mag>
    <type>ML</type>
    <originID>quakeml:eu.emsc/event/20020913_0000003/origin/1400038</originID>
    <creationInfo>
      <agencyURI>smi:smi-registry/organization/EMSC</agencyURI>
      <authorURI>smi:smi-registry/organization/EMSC</authorURI>
    </creationInfo>
  </magnitude>
</event>
<event publicID="quakeml:eu.emsc/event/20020913_0000001">
  <preferredOriginID>quakeml:eu.emsc/event/20020913_0000001/origin/1400042</preferredOriginID>
  <preferredMagnitudeID>quakeml:eu.emsc/event/20020913_0000001/origin/1400042/mag/2</preferredMagnitudeID>
  <creationInfo>
    <agencyURI>smi:smi-registry/organization/EMSC</agencyURI>
    <authorURI>smi:smi-registry/organization/EMSC</authorURI>
    <creationTime>2014-12-03T12:09:10.386335Z</creationTime>
  </creationInfo>
  <description>
    <text>AEGEAN SEA</text>
    <type>Flinn-Engdahl region</type>
  </description>
  <origin publicID="quakeml:eu.emsc/event/20020913_0000001/origin/1400042">
    <time>
      <value>2002-09-13T00:52:00.1Z</value>
      <uncertainty>0.28</uncertainty>
    </time>
    <latitude>
      <value>38.6639</value>
      <uncertainty>7</uncertainty>
    </latitude>
    <longitude>
      <value>24.5144</value>
      <uncertainty>6.5</uncertainty>
    </longitude>
    <depth>
      <value>2000</value>
    </depth>
    <depthType>from location</depthType>
    <methodID>smi:eu.emsc-csem/origin_method/NA</methodID>
    <quality>
      <usedPhaseCount>19</usedPhaseCount>
      <usedStationCount>16</usedStationCount>
      <standardError>1</standardError>
      <azimuthalGap>60</azimuthalGap>
      <minimumDistance>0.71</minimumDistance>
      <maximumDistance>2.73</maximumDistance>
    </quality>
    <evaluationMode>manual</evaluationMode>
    <creationInfo>
      <agencyURI>smi:smi-registry/organization/EMSC</agencyURI>
      <authorURI>smi:smi-registry/organization/EMSC</authorURI>
    </creationInfo>
    <originUncertainty>
      <azimuthMaxHorizontalUncertainty>87</azimuthMaxHorizontalUncertainty>
    </originUncertainty>
  </origin>
  <magnitude publicID="quakeml:eu.emsc/event/20020913_0000001/origin/1400042/mag/2">
    <mag>
      <value>2.7</value>
    </mag>
    <type>ML</type>
    <originID>quakeml:eu.emsc/event/20020913_0000001/origin/1400042</originID>
    <creationInfo>
      <agencyURI>smi:smi-registry/organization/EMSC</agencyURI>
      <authorURI>smi:smi-registry/organization/EMSC</authorURI>
    </creationInfo>
  </magnitude>
</event>
<event publicID="quakeml:eu.emsc/event/20020913_0000008">
  <preferredOriginID>quakeml:eu.emsc/event/20020913_0000008/origin/1399552</preferredOriginID>
  <preferredMagnitudeID>quakeml:eu.emsc/event/20020913_0000008/origin/1399552/mag/1</preferredMagnitudeID>
  <creationInfo>
    <agencyURI>smi:smi-registry/organization/EMSC</agencyURI>
    <authorURI>smi:smi-registry/organization/EMSC</authorURI>
    <creationTime>2014-12-03T15:12:43.449449Z</creationTime>
  </creationInfo>
  <description>
    <text>FRANCE</text>
    <type>Flinn-Engdahl region</type>
  </description>
  <origin publicID="quakeml:eu.emsc/event/20020913_0000008/origin/1399552">
    <time>
      <value>2002-09-13T00:31:08.6Z</value>
      <uncertainty>0.11</uncertainty>
    </time>
    <latitude>
      <value>43.1564</value>
      <uncertainty>2.2</uncertainty>
    </latitude>
    <longitude>
      <value>0.0796</value>
      <uncertainty>2</uncertainty>
    </longitude>
    <depth>
      <value>15000</value>
    </depth>
    <depthType>from location</depthType>
    <methodID>smi:eu.emsc-csem/origin_method/NA</methodID>
    <quality>
      <usedPhaseCount>21</usedPhaseCount>
      <usedStationCount>10</usedStationCount>
      <standardError>0.51</standardError>
      <azimuthalGap>103</azimuthalGap>
      <minimumDistance>0.23</minimumDistance>
      <maximumDistance>2.38</maximumDistance>
    </quality>
    <evaluationMode>manual</evaluationMode>
    <creationInfo>
      <agencyURI>smi:smi-registry/organization/EMSC</agencyURI>
      <authorURI>smi:smi-registry/organization/EMSC</authorURI>
    </creationInfo>
    <originUncertainty>
      <azimuthMaxHorizontalUncertainty>109</azimuthMaxHorizontalUncertainty>
    </originUncertainty>
  </origin>
  <magnitude publicID="quakeml:eu.emsc/event/20020913_0000008/origin/1399552/mag/1">
    <mag>
      <value>1.8</value>
      <uncertainty>0.6</uncertainty>
    </mag>
    <type>ML</type>
    <originID>quakeml:eu.emsc/event/20020913_0000008/origin/1399552</originID>
    <stationCount>6</stationCount>
    <creationInfo>
      <agencyURI>smi:smi-registry/organization/EMSC</agencyURI>
      <authorURI>smi:smi-registry/organization/EMSC</authorURI>
    </creationInfo>
  </magnitude>
</event>
<event publicID="quakeml:eu.emsc/event/20020913_0000013">
  <preferredOriginID>quakeml:eu.emsc/event/20020913_0000013/origin/1412182</preferredOriginID>
  <preferredMagnitudeID>quakeml:eu.emsc/event/20020913_0000013/origin/1412182/mag/2</preferredMagnitudeID>
  <creationInfo>
    <agencyURI>smi:smi-registry/organization/EMSC</agencyURI>
    <authorURI>smi:smi-registry/organization/EMSC</authorURI>
    <creationTime>2014-12-10T18:39:39.507631Z</creationTime>
  </creationInfo>
  <description>
    <text>NORTHERN ITALY</text>
    <type>Flinn-Engdahl region</type>
  </description>
  <origin publicID="quakeml:eu.emsc/event/20020913_0000013/origin/1412182">
    <time>
      <value>2002-09-13T00:06:13.2Z</value>
    </time>
    <latitude>
      <value>44.278</value>
      <uncertainty>9999.9</uncertainty>
    </latitude>
    <longitude>
      <value>7.3503</value>
      <uncertainty>9999.9</uncertainty>
    </longitude>
    <depth>
      <value>15300.0</value>
    </depth>
    <depthType>from location</depthType>
    <methodID>smi:eu.emsc-csem/origin_method/NA</methodID>
    <quality>
      <usedPhaseCount>8</usedPhaseCount>
      <usedStationCount>4</usedStationCount>
      <standardError>6.79</standardError>
      <azimuthalGap>162</azimuthalGap>
      <minimumDistance>0.04</minimumDistance>
      <maximumDistance>0.35</maximumDistance>
    </quality>
    <evaluationMode>manual</evaluationMode>
    <creationInfo>
      <agencyURI>smi:smi-registry/organization/EMSC</agencyURI>
      <authorURI>smi:smi-registry/organization/EMSC</authorURI>
    </creationInfo>
    <originUncertainty>
      <azimuthMaxHorizontalUncertainty>-99</azimuthMaxHorizontalUncertainty>
    </originUncertainty>
  </origin>
  <magnitude publicID="quakeml:eu.emsc/event/20020913_0000013/origin/1412182/mag/2">
    <mag>
      <value>1.5</value>
    </mag>
    <type>ML</type>
    <originID>quakeml:eu.emsc/event/20020913_0000013/origin/1412182</originID>
    <creationInfo>
      <agencyURI>smi:smi-registry/organization/EMSC</agencyURI>
      <authorURI>smi:smi-registry/organization/EMSC</authorURI>
    </creationInfo>
  </magnitude>
</event>
</eventParameters>
</q:quakeml>
