<?xml version="1.0"?>
<q:quakeml xmlns:q="http://quakeml.org/xmlns/quakeml/1.2"  xmlns="http://quakeml.org/xmlns/bed/1.2">
<eventParameters publicID="smi:eu.emsc/unid">
<event publicID="quakeml:eu.emsc/event/20020221_0000021">
  <preferredOriginID>quakeml:eu.emsc/event/20020221_0000021/origin/1415120</preferredOriginID>
  <preferredMagnitudeID>quakeml:eu.emsc/event/20020221_0000021/origin/1415120/mag/2</preferredMagnitudeID>
  <creationInfo>
    <agencyURI>smi:smi-registry/organization/EMSC</agencyURI>
    <authorURI>smi:smi-registry/organization/EMSC</authorURI>
    <creationTime>2014-12-10T14:38:33.603705Z</creationTime>
  </creationInfo>
  <description>
    <text>WESTERN TURKEY</text>
    <type>Flinn-Engdahl region</type>
  </description>
  <origin publicID="quakeml:eu.emsc/event/20020221_0000021/origin/1415120">
    <time>
      <value>2002-02-21T22:50:29.7Z</value>
    </time>
    <latitude>
      <value>40.815</value>
      <uncertainty>9999.9</uncertainty>
    </latitude>
    <longitude>
      <value>27.948</value>
      <uncertainty>9999.9</uncertainty>
    </longitude>
    <depth>
      <value>15000</value>
    </depth>
    <depthType>from location</depthType>
    <methodID>smi:eu.emsc-csem/origin_method/NA</methodID>
    <quality>
      <usedPhaseCount>15</usedPhaseCount>
      <usedStationCount>11</usedStationCount>
      <standardError>0.98</standardError>
      <azimuthalGap>175</azimuthalGap>
      <minimumDistance>0.46</minimumDistance>
      <maximumDistance>2.77</maximumDistance>
    </quality>
    <evaluationMode>manual</evaluationMode>
    <creationInfo>
      <agencyURI>smi:smi-registry/organization/EMSC</agencyURI>
      <authorURI>smi:smi-registry/organization/EMSC</authorURI>
    </creationInfo>
    <originUncertainty>
      <azimuthMaxHorizontalUncertainty>-99</azimuthMaxHorizontalUncertainty>
    </originUncertainty>
  </origin>
  <magnitude publicID="quakeml:eu.emsc/event/20020221_0000021/origin/1415120/mag/2">
    <mag>
      <value>3.4</value>
    </mag>
    <type>MD</type>
    <originID>quakeml:eu.emsc/event/20020221_0000021/origin/1415120</originID>
    <creationInfo>
      <agencyURI>smi:smi-registry/organization/EMSC</agencyURI>
      <authorURI>smi:smi-registry/organization/EMSC</authorURI>
    </creationInfo>
  </magnitude>
</event>
<event publicID="quakeml:eu.emsc/event/20020221_0000020">
  <preferredOriginID>quakeml:eu.emsc/event/20020221_0000020/origin/1415122</preferredOriginID>
  <preferredMagnitudeID>quakeml:eu.emsc/event/20020221_0000020/origin/1415122/mag/2</preferredMagnitudeID>
  <creationInfo>
    <agencyURI>smi:smi-registry/organization/EMSC</agencyURI>
    <authorURI>smi:smi-registry/organization/EMSC</authorURI>
    <creationTime>2014-12-10T14:38:30.565572Z</creationTime>
  </creationInfo>
  <description>
    <text>DODECANESE ISLANDS, GREECE</text>
    <type>Flinn-Engdahl region</type>
  </description>
  <origin publicID="quakeml:eu.emsc/event/20020221_0000020/origin/1415122">
    <time>
      <value>2002-02-21T22:37:10.7Z</value>
    </time>
    <latitude>
      <value>36.184</value>
      <uncertainty>9999.9</uncertainty>
    </latitude>
    <longitude>
      <value>28.195</value>
      <uncertainty>9999.9</uncertainty>
    </longitude>
    <depth>
      <value>9000</value>
    </depth>
    <depthType>from location</depthType>
    <methodID>smi:eu.emsc-csem/origin_method/NA</methodID>
    <quality>
      <usedPhaseCount>6</usedPhaseCount>
      <usedStationCount>4</usedStationCount>
      <standardError>1</standardError>
      <azimuthalGap>274</azimuthalGap>
      <minimumDistance>0.95</minimumDistance>
      <maximumDistance>3.43</maximumDistance>
    </quality>
    <evaluationMode>manual</evaluationMode>
    <creationInfo>
      <agencyURI>smi:smi-registry/organization/EMSC</agencyURI>
      <authorURI>smi:smi-registry/organization/EMSC</authorURI>
    </creationInfo>
    <originUncertainty>
      <azimuthMaxHorizontalUncertainty>-99</azimuthMaxHorizontalUncertainty>
    </originUncertainty>
  </origin>
  <magnitude publicID="quakeml:eu.emsc/event/20020221_0000020/origin/1415122/mag/2">
    <mag>
      <value>3.2</value>
    </mag>
    <type>MD</type>
    <originID>quakeml:eu.emsc/event/20020221_0000020/origin/1415122</originID>
    <creationInfo>
      <agencyURI>smi:smi-registry/organization/EMSC</agencyURI>
      <authorURI>smi:smi-registry/organization/EMSC</authorURI>
    </creationInfo>
  </magnitude>
</event>
<event publicID="quakeml:eu.emsc/event/20020221_0000019">
  <preferredOriginID>quakeml:eu.emsc/event/20020221_0000019/origin/1415124</preferredOriginID>
  <preferredMagnitudeID>quakeml:eu.emsc/event/20020221_0000019/origin/1415124/mag/2</preferredMagnitudeID>
  <creationInfo>
    <agencyURI>smi:smi-registry/organization/EMSC</agencyURI>
    <authorURI>smi:smi-registry/organization/EMSC</authorURI>
    <creationTime>2014-12-10T14:38:27.102065Z</creationTime>
  </creationInfo>
  <description>
    <text>WESTERN TURKEY</text>
    <type>Flinn-Engdahl region</type>
  </description>
  <origin publicID="quakeml:eu.emsc/event/20020221_0000019/origin/1415124">
    <time>
      <value>2002-02-21T21:55:08.9Z</value>
    </time>
    <latitude>
      <value>38.647</value>
      <uncertainty>9999.9</uncertainty>
    </latitude>
    <longitude>
      <value>30.874</value>
      <uncertainty>9999.9</uncertainty>
    </longitude>
    <depth>
      <value>10000</value>
    </depth>
    <depthType>from location</depthType>
    <methodID>smi:eu.emsc-csem/origin_method/NA</methodID>
    <quality>
      <usedPhaseCount>15</usedPhaseCount>
      <usedStationCount>12</usedStationCount>
      <standardError>2.41</standardError>
      <azimuthalGap>119</azimuthalGap>
      <minimumDistance>0.72</minimumDistance>
      <maximumDistance>2.94</maximumDistance>
    </quality>
    <evaluationMode>manual</evaluationMode>
    <creationInfo>
      <agencyURI>smi:smi-registry/organization/EMSC</agencyURI>
      <authorURI>smi:smi-registry/organization/EMSC</authorURI>
    </creationInfo>
    <originUncertainty>
      <azimuthMaxHorizontalUncertainty>-99</azimuthMaxHorizontalUncertainty>
    </originUncertainty>
  </origin>
  <magnitude publicID="quakeml:eu.emsc/event/20020221_0000019/origin/1415124/mag/2">
    <mag>
      <value>3.2</value>
    </mag>
    <type>MD</type>
    <originID>quakeml:eu.emsc/event/20020221_0000019/origin/1415124</originID>
    <creationInfo>
      <agencyURI>smi:smi-registry/organization/EMSC</agencyURI>
      <authorURI>smi:smi-registry/organization/EMSC</authorURI>
    </creationInfo>
  </magnitude>
</event>
<event publicID="quakeml:eu.emsc/event/20020221_0000018">
  <preferredOriginID>quakeml:eu.emsc/event/20020221_0000018/origin/1415126</preferredOriginID>
  <preferredMagnitudeID>quakeml:eu.emsc/event/20020221_0000018/origin/1415126/mag/2</preferredMagnitudeID>
  <creationInfo>
    <agencyURI>smi:smi-registry/organization/EMSC</agencyURI>
    <authorURI>smi:smi-registry/organization/EMSC</authorURI>
    <creationTime>2014-12-10T14:38:24.115551Z</creationTime>
  </creationInfo>
  <description>
    <text>WESTERN TURKEY</text>
    <type>Flinn-Engdahl region</type>
  </description>
  <origin publicID="quakeml:eu.emsc/event/20020221_0000018/origin/1415126">
    <time>
      <value>2002-02-21T18:42:53.0Z</value>
    </time>
    <latitude>
      <value>38.71</value>
      <uncertainty>9999.9</uncertainty>
    </latitude>
    <longitude>
      <value>30.982</value>
      <uncertainty>9999.9</uncertainty>
    </longitude>
    <depth>
      <value>10000</value>
    </depth>
    <depthType>from location</depthType>
    <methodID>smi:eu.emsc-csem/origin_method/NA</methodID>
    <quality>
      <usedPhaseCount>9</usedPhaseCount>
      <usedStationCount>7</usedStationCount>
      <standardError>1.34</standardError>
      <azimuthalGap>122</azimuthalGap>
      <minimumDistance>0.76</minimumDistance>
      <maximumDistance>2.23</maximumDistance>
    </quality>
    <evaluationMode>manual</evaluationMode>
    <creationInfo>
      <agencyURI>smi:smi-registry/organization/EMSC</agencyURI>
      <authorURI>smi:smi-registry/organization/EMSC</authorURI>
    </creationInfo>
    <originUncertainty>
      <azimuthMaxHorizontalUncertainty>-99</azimuthMaxHorizontalUncertainty>
    </originUncertainty>
  </origin>
  <magnitude publicID="quakeml:eu.emsc/event/20020221_0000018/origin/1415126/mag/2">
    <mag>
      <value>3.3</value>
    </mag>
    <type>MD</type>
    <originID>quakeml:eu.emsc/event/20020221_0000018/origin/1415126</originID>
    <creationInfo>
      <agencyURI>smi:smi-registry/organization/EMSC</agencyURI>
      <authorURI>smi:smi-registry/organization/EMSC</authorURI>
    </creationInfo>
  </magnitude>
</event>
<event publicID="quakeml:eu.emsc/event/20020221_0000016">
  <preferredOriginID>quakeml:eu.emsc/event/20020221_0000016/origin/1407481</preferredOriginID>
  <preferredMagnitudeID>quakeml:eu.emsc/event/20020221_0000016/origin/1407481/mag/2</preferredMagnitudeID>
  <creationInfo>
    <agencyURI>smi:smi-registry/organization/EMSC</agencyURI>
    <authorURI>smi:smi-registry/organization/EMSC</authorURI>
    <creationTime>2014-12-03T11:24:33.893956Z</creationTime>
  </creationInfo>
  <description>
    <text>WESTERN TURKEY</text>
    <type>Flinn-Engdahl region</type>
  </description>
  <origin publicID="quakeml:eu.emsc/event/20020221_0000016/origin/1407481">
    <time>
      <value>2002-02-21T18:39:53.4Z</value>
      <uncertainty>0.14</uncertainty>
    </time>
    <latitude>
      <value>38.697</value>
      <uncertainty>4.2</uncertainty>
    </latitude>
    <longitude>
      <value>30.9673</value>
      <uncertainty>3.5</uncertainty>
    </longitude>
    <depth>
      <value>2000</value>
    </depth>
    <depthType>from location</depthType>
    <methodID>smi:eu.emsc-csem/origin_method/NA</methodID>
    <quality>
      <usedPhaseCount>44</usedPhaseCount>
      <usedStationCount>42</usedStationCount>
      <standardError>0.78</standardError>
      <azimuthalGap>45</azimuthalGap>
      <minimumDistance>0.76</minimumDistance>
      <maximumDistance>76.86</maximumDistance>
    </quality>
    <evaluationMode>manual</evaluationMode>
    <creationInfo>
      <agencyURI>smi:smi-registry/organization/EMSC</agencyURI>
      <authorURI>smi:smi-registry/organization/EMSC</authorURI>
    </creationInfo>
    <originUncertainty>
      <azimuthMaxHorizontalUncertainty>44</azimuthMaxHorizontalUncertainty>
    </originUncertainty>
  </origin>
  <magnitude publicID="quakeml:eu.emsc/event/20020221_0000016/origin/1407481/mag/2">
    <mag>
      <value>3.9</value>
    </mag>
    <type>MD</type>
    <originID>quakeml:eu.emsc/event/20020221_0000016/origin/1407481</originID>
    <creationInfo>
      <agencyURI>smi:smi-registry/organization/EMSC</agencyURI>
      <authorURI>smi:smi-registry/organization/EMSC</authorURI>
    </creationInfo>
  </magnitude>
</event>
<event publicID="quakeml:eu.emsc/event/20020221_0000015">
  <preferredOriginID>quakeml:eu.emsc/event/20020221_0000015/origin/1407485</preferredOriginID>
  <preferredMagnitudeID>quakeml:eu.emsc/event/20020221_0000015/origin/1407485/mag/2</preferredMagnitudeID>
  <creationInfo>
    <agencyURI>smi:smi-registry/organization/EMSC</agencyURI>
    <authorURI>smi:smi-registry/organization/EMSC</authorURI>
    <creationTime>2014-12-03T11:02:05.318586Z</creationTime>
  </creationInfo>
  <description>
    <text>GREECE</text>
    <type>Flinn-Engdahl region</type>
  </description>
  <origin publicID="quakeml:eu.emsc/event/20020221_0000015/origin/1407485">
    <time>
      <value>2002-02-21T18:29:51.0Z</value>
      <uncertainty>0.28</uncertainty>
    </time>
    <latitude>
      <value>38.318</value>
      <uncertainty>7.1</uncertainty>
    </latitude>
    <longitude>
      <value>21.793</value>
      <uncertainty>5.3</uncertainty>
    </longitude>
    <depth>
      <value>2000</value>
    </depth>
    <depthType>from location</depthType>
    <methodID>smi:eu.emsc-csem/origin_method/NA</methodID>
    <quality>
      <usedPhaseCount>29</usedPhaseCount>
      <usedStationCount>24</usedStationCount>
      <standardError>1.09</standardError>
      <azimuthalGap>50</azimuthalGap>
      <minimumDistance>0.37</minimumDistance>
      <maximumDistance>8</maximumDistance>
    </quality>
    <evaluationMode>manual</evaluationMode>
    <creationInfo>
      <agencyURI>smi:smi-registry/organization/EMSC</agencyURI>
      <authorURI>smi:smi-registry/organization/EMSC</authorURI>
    </creationInfo>
    <originUncertainty>
      <azimuthMaxHorizontalUncertainty>148</azimuthMaxHorizontalUncertainty>
    </originUncertainty>
  </origin>
  <magnitude publicID="quakeml:eu.emsc/event/20020221_0000015/origin/1407485/mag/2">
    <mag>
      <value>3.3</value>
    </mag>
    <type>ML</type>
    <originID>quakeml:eu.emsc/event/20020221_0000015/origin/1407485</originID>
    <creationInfo>
      <agencyURI>smi:smi-registry/organization/EMSC</agencyURI>
      <authorURI>smi:smi-registry/organization/EMSC</authorURI>
    </creationInfo>
  </magnitude>
</event>
<event publicID="quakeml:eu.emsc/event/20020221_0000014">
  <preferredOriginID>quakeml:eu.emsc/event/20020221_0000014/origin/1434605</preferredOriginID>
  <preferredMagnitudeID>quakeml:eu.emsc/event/20020221_0000014/origin/1434605/mag/1</preferredMagnitudeID>
  <creationInfo>
    <agencyURI>smi:smi-registry/organization/EMSC</agencyURI>
    <authorURI>smi:smi-registry/organization/EMSC</authorURI>
    <creationTime>2014-12-03T11:37:20.266551Z</creationTime>
  </creationInfo>
  <description>
    <text>GREECE</text>
    <type>Flinn-Engdahl region</type>
  </description>
  <origin publicID="quakeml:eu.emsc/event/20020221_0000014/origin/1434605">
    <time>
      <value>2002-02-21T18:20:45.4Z</value>
      <uncertainty>0.2</uncertainty>
    </time>
    <latitude>
      <value>38.2738</value>
      <uncertainty>5.7</uncertainty>
    </latitude>
    <longitude>
      <value>21.8641</value>
      <uncertainty>4.2</uncertainty>
    </longitude>
    <depth>
      <value>20000</value>
    </depth>
    <depthType>from location</depthType>
    <methodID>smi:eu.emsc-csem/origin_method/NA</methodID>
    <quality>
      <usedPhaseCount>99</usedPhaseCount>
      <usedStationCount>93</usedStationCount>
      <standardError>1.12</standardError>
      <azimuthalGap>52</azimuthalGap>
      <minimumDistance>0.83</minimumDistance>
      <maximumDistance>95.67</maximumDistance>
    </quality>
    <evaluationMode>manual</evaluationMode>
    <creationInfo>
      <agencyURI>smi:smi-registry/organization/EMSC</agencyURI>
      <authorURI>smi:smi-registry/organization/EMSC</authorURI>
    </creationInfo>
    <originUncertainty>
      <azimuthMaxHorizontalUncertainty>172</azimuthMaxHorizontalUncertainty>
    </originUncertainty>
  </origin>
  <magnitude publicID="quakeml:eu.emsc/event/20020221_0000014/origin/1434605/mag/1">
    <mag>
      <value>4.2</value>
    </mag>
    <type>mb</type>
    <originID>quakeml:eu.emsc/event/20020221_0000014/origin/1434605</originID>
    <stationCount>4</stationCount>
    <creationInfo>
      <agencyURI>smi:smi-registry/organization/EMSC</agencyURI>
      <authorURI>smi:smi-registry/organization/EMSC</authorURI>
    </creationInfo>
  </magnitude>
</event>
<event publicID="quakeml:eu.emsc/event/20020221_0000012">
  <preferredOriginID>quakeml:eu.emsc/event/20020221_0000012/origin/1407496</preferredOriginID>
  <preferredMagnitudeID>quakeml:eu.emsc/event/20020221_0000012/origin/1407496/mag/2</preferredMagnitudeID>
  <creationInfo>
    <agencyURI>smi:smi-registry/organization/EMSC</agencyURI>
    <authorURI>smi:smi-registry/organization/EMSC</authorURI>
    <creationTime>2014-12-03T11:02:05.164961Z</creationTime>
  </creationInfo>
  <description>
    <text>WESTERN TURKEY</text>
    <type>Flinn-Engdahl region</type>
  </description>
  <origin publicID="quakeml:eu.emsc/event/20020221_0000012/origin/1407496">
    <time>
      <value>2002-02-21T18:04:11.0Z</value>
      <uncertainty>0.13</uncertainty>
    </time>
    <latitude>
      <value>38.6892</value>
      <uncertainty>5.2</uncertainty>
    </latitude>
    <longitude>
      <value>30.8539</value>
      <uncertainty>3.6</uncertainty>
    </longitude>
    <depth>
      <value>30000</value>
    </depth>
    <depthType>from location</depthType>
    <methodID>smi:eu.emsc-csem/origin_method/NA</methodID>
    <quality>
      <usedPhaseCount>72</usedPhaseCount>
      <usedStationCount>71</usedStationCount>
      <standardError>0.96</standardError>
      <azimuthalGap>46</azimuthalGap>
      <minimumDistance>1.1</minimumDistance>
      <maximumDistance>76.86</maximumDistance>
    </quality>
    <evaluationMode>manual</evaluationMode>
    <creationInfo>
      <agencyURI>smi:smi-registry/organization/EMSC</agencyURI>
      <authorURI>smi:smi-registry/organization/EMSC</authorURI>
    </creationInfo>
    <originUncertainty>
      <azimuthMaxHorizontalUncertainty>36</azimuthMaxHorizontalUncertainty>
    </originUncertainty>
  </origin>
  <magnitude publicID="quakeml:eu.emsc/event/20020221_0000012/origin/1407496/mag/2">
    <mag>
      <value>4.3</value>
      <uncertainty>0.3</uncertainty>
    </mag>
    <type>mb</type>
    <originID>quakeml:eu.emsc/event/20020221_0000012/origin/1407496</originID>
    <stationCount>10</stationCount>
    <creationInfo>
      <agencyURI>smi:smi-registry/organization/EMSC</agencyURI>
      <authorURI>smi:smi-registry/organization/EMSC</authorURI>
    </creationInfo>
  </magnitude>
</event>
<event publicID="quakeml:eu.emsc/event/20020221_0000011">
  <preferredOriginID>quakeml:eu.emsc/event/20020221_0000011/origin/1407503</preferredOriginID>
  <preferredMagnitudeID>quakeml:eu.emsc/event/20020221_0000011/origin/1407503/mag/1</preferredMagnitudeID>
  <creationInfo>
    <agencyURI>smi:smi-registry/organization/EMSC</agencyURI>
    <authorURI>smi:smi-registry/organization/EMSC</authorURI>
    <creationTime>2014-12-03T11:46:54.216486Z</creationTime>
  </creationInfo>
  <description>
    <text>CENTRAL ITALY</text>
    <type>Flinn-Engdahl region</type>
  </description>
  <origin publicID="quakeml:eu.emsc/event/20020221_0000011/origin/1407503">
    <time>
      <value>2002-02-21T14:36:12.4Z</value>
      <uncertainty>0.14</uncertainty>
    </time>
    <latitude>
      <value>43.7325</value>
      <uncertainty>3.7</uncertainty>
    </latitude>
    <longitude>
      <value>12.0923</value>
      <uncertainty>2.6</uncertainty>
    </longitude>
    <depth>
      <value>10000</value>
    </depth>
    <depthType>from location</depthType>
    <methodID>smi:eu.emsc-csem/origin_method/NA</methodID>
    <quality>
      <usedPhaseCount>134</usedPhaseCount>
      <usedStationCount>123</usedStationCount>
      <standardError>1</standardError>
      <azimuthalGap>73</azimuthalGap>
      <minimumDistance>0.33</minimumDistance>
      <maximumDistance>86.52</maximumDistance>
    </quality>
    <evaluationMode>manual</evaluationMode>
    <creationInfo>
      <agencyURI>smi:smi-registry/organization/EMSC</agencyURI>
      <authorURI>smi:smi-registry/organization/EMSC</authorURI>
    </creationInfo>
    <originUncertainty>
      <azimuthMaxHorizontalUncertainty>167</azimuthMaxHorizontalUncertainty>
    </originUncertainty>
  </origin>
  <magnitude publicID="quakeml:eu.emsc/event/20020221_0000011/origin/1407503/mag/1">
    <mag>
      <value>4</value>
      <uncertainty>0.3</uncertainty>
    </mag>
    <type>ML</type>
    <originID>quakeml:eu.emsc/event/20020221_0000011/origin/1407503</originID>
    <stationCount>7</stationCount>
    <creationInfo>
      <agencyURI>smi:smi-registry/organization/EMSC</agencyURI>
      <authorURI>smi:smi-registry/organization/EMSC</authorURI>
    </creationInfo>
  </magnitude>
</event>
<event publicID="quakeml:eu.emsc/event/20020221_0000026">
  <preferredOriginID>quakeml:eu.emsc/event/20020221_0000026/origin/1415128</preferredOriginID>
  <preferredMagnitudeID>quakeml:eu.emsc/event/20020221_0000026/origin/1415128/mag/2</preferredMagnitudeID>
  <creationInfo>
    <agencyURI>smi:smi-registry/organization/EMSC</agencyURI>
    <authorURI>smi:smi-registry/organization/EMSC</authorURI>
    <creationTime>2014-12-10T18:57:59.44445Z</creationTime>
  </creationInfo>
  <description>
    <text>GERMANY</text>
    <type>Flinn-Engdahl region</type>
  </description>
  <origin publicID="quakeml:eu.emsc/event/20020221_0000026/origin/1415128">
    <time>
      <value>2002-02-21T13:26:55.2Z</value>
    </time>
    <latitude>
      <value>49.36</value>
      <uncertainty>9999.9</uncertainty>
    </latitude>
    <longitude>
      <value>6.87</value>
      <uncertainty>9999.9</uncertainty>
    </longitude>
    <depth>
      <value>1000</value>
    </depth>
    <depthType>from location</depthType>
    <methodID>smi:eu.emsc-csem/origin_method/NA</methodID>
    <quality>
      <usedPhaseCount>7</usedPhaseCount>
      <usedStationCount>4</usedStationCount>
      <standardError>0.8</standardError>
      <azimuthalGap>167</azimuthalGap>
      <minimumDistance>0.56</minimumDistance>
      <maximumDistance>4.52</maximumDistance>
    </quality>
    <evaluationMode>manual</evaluationMode>
    <creationInfo>
      <agencyURI>smi:smi-registry/organization/EMSC</agencyURI>
      <authorURI>smi:smi-registry/organization/EMSC</authorURI>
    </creationInfo>
    <originUncertainty>
      <azimuthMaxHorizontalUncertainty>-99</azimuthMaxHorizontalUncertainty>
    </originUncertainty>
  </origin>
  <magnitude publicID="quakeml:eu.emsc/event/20020221_0000026/origin/1415128/mag/2">
    <mag>
      <value>1.9</value>
    </mag>
    <type>ML</type>
    <originID>quakeml:eu.emsc/event/20020221_0000026/origin/1415128</originID>
    <creationInfo>
      <agencyURI>smi:smi-registry/organization/EMSC</agencyURI>
      <authorURI>smi:smi-registry/organization/EMSC</authorURI>
    </creationInfo>
  </magnitude>
</event>
<event publicID="quakeml:eu.emsc/event/20020221_0000009">
  <preferredOriginID>quakeml:eu.emsc/event/20020221_0000009/origin/1407506</preferredOriginID>
  <preferredMagnitudeID>quakeml:eu.emsc/event/20020221_0000009/origin/1407506/mag/2</preferredMagnitudeID>
  <creationInfo>
    <agencyURI>smi:smi-registry/organization/EMSC</agencyURI>
    <authorURI>smi:smi-registry/organization/EMSC</authorURI>
    <creationTime>2014-12-03T10:42:43.40094Z</creationTime>
  </creationInfo>
  <description>
    <text>SOUTHERN GREECE</text>
    <type>Flinn-Engdahl region</type>
  </description>
  <origin publicID="quakeml:eu.emsc/event/20020221_0000009/origin/1407506">
    <time>
      <value>2002-02-21T13:25:56.6Z</value>
      <uncertainty>0.05</uncertainty>
    </time>
    <latitude>
      <value>37.6916</value>
      <uncertainty>3.1</uncertainty>
    </latitude>
    <longitude>
      <value>21.8385</value>
      <uncertainty>1.2</uncertainty>
    </longitude>
    <depth>
      <value>8000</value>
    </depth>
    <depthType>from location</depthType>
    <methodID>smi:eu.emsc-csem/origin_method/NA</methodID>
    <quality>
      <usedPhaseCount>6</usedPhaseCount>
      <usedStationCount>6</usedStationCount>
      <standardError>0.09</standardError>
      <azimuthalGap>138</azimuthalGap>
      <minimumDistance>0.47</minimumDistance>
      <maximumDistance>1.38</maximumDistance>
    </quality>
    <evaluationMode>manual</evaluationMode>
    <creationInfo>
      <agencyURI>smi:smi-registry/organization/EMSC</agencyURI>
      <authorURI>smi:smi-registry/organization/EMSC</authorURI>
    </creationInfo>
    <originUncertainty>
      <azimuthMaxHorizontalUncertainty>59</azimuthMaxHorizontalUncertainty>
    </originUncertainty>
  </origin>
  <magnitude publicID="quakeml:eu.emsc/event/20020221_0000009/origin/1407506/mag/2">
    <mag>
      <value>3</value>
    </mag>
    <type>MD</type>
    <originID>quakeml:eu.emsc/event/20020221_0000009/origin/1407506</originID>
    <creationInfo>
      <agencyURI>smi:smi-registry/organization/EMSC</agencyURI>
      <authorURI>smi:smi-registry/organization/EMSC</authorURI>
    </creationInfo>
  </magnitude>
</event>
<event publicID="quakeml:eu.emsc/event/20020221_0000024">
  <preferredOriginID>quakeml:eu.emsc/event/20020221_0000024/origin/1415130</preferredOriginID>
  <preferredMagnitudeID>quakeml:eu.emsc/event/20020221_0000024/origin/1415130/mag/2</preferredMagnitudeID>
  <creationInfo>
    <agencyURI>smi:smi-registry/organization/EMSC</agencyURI>
    <authorURI>smi:smi-registry/organization/EMSC</authorURI>
    <creationTime>2014-12-10T18:34:28.128078Z</creationTime>
  </creationInfo>
  <description>
    <text>GERMANY</text>
    <type>Flinn-Engdahl region</type>
  </description>
  <origin publicID="quakeml:eu.emsc/event/20020221_0000024/origin/1415130">
    <time>
      <value>2002-02-21T11:59:16.1Z</value>
    </time>
    <latitude>
      <value>51.49</value>
      <uncertainty>9999.9</uncertainty>
    </latitude>
    <longitude>
      <value>6.78</value>
      <uncertainty>9999.9</uncertainty>
    </longitude>
    <depth>
      <value>1000</value>
    </depth>
    <depthType>from location</depthType>
    <methodID>smi:eu.emsc-csem/origin_method/NA</methodID>
    <quality>
      <usedPhaseCount>6</usedPhaseCount>
      <usedStationCount>4</usedStationCount>
      <standardError>0.66</standardError>
      <azimuthalGap>203</azimuthalGap>
      <minimumDistance>0.31</minimumDistance>
      <maximumDistance>1.87</maximumDistance>
    </quality>
    <evaluationMode>manual</evaluationMode>
    <creationInfo>
      <agencyURI>smi:smi-registry/organization/EMSC</agencyURI>
      <authorURI>smi:smi-registry/organization/EMSC</authorURI>
    </creationInfo>
    <originUncertainty>
      <azimuthMaxHorizontalUncertainty>-99</azimuthMaxHorizontalUncertainty>
    </originUncertainty>
  </origin>
  <magnitude publicID="quakeml:eu.emsc/event/20020221_0000024/origin/1415130/mag/2">
    <mag>
      <value>2.1</value>
    </mag>
    <type>ML</type>
    <originID>quakeml:eu.emsc/event/20020221_0000024/origin/1415130</originID>
    <creationInfo>
      <agencyURI>smi:smi-registry/organization/EMSC</agencyURI>
      <authorURI>smi:smi-registry/organization/EMSC</authorURI>
    </creationInfo>
  </magnitude>
</event>
<event publicID="quakeml:eu.emsc/event/20020221_0000008">
  <preferredOriginID>quakeml:eu.emsc/event/20020221_0000008/origin/1407511</preferredOriginID>
  <preferredMagnitudeID>quakeml:eu.emsc/event/20020221_0000008/origin/1407511/mag/1</preferredMagnitudeID>
  <creationInfo>
    <agencyURI>smi:smi-registry/organization/EMSC</agencyURI>
    <authorURI>smi:smi-registry/organization/EMSC</authorURI>
    <creationTime>2014-12-03T11:03:57.991531Z</creationTime>
  </creationInfo>
  <description>
    <text>NORTHERN ITALY</text>
    <type>Flinn-Engdahl region</type>
  </description>
  <origin publicID="quakeml:eu.emsc/event/20020221_0000008/origin/1407511">
    <time>
      <value>2002-02-21T10:33:11.7Z</value>
      <uncertainty>0.11</uncertainty>
    </time>
    <latitude>
      <value>44.9597</value>
      <uncertainty>2.8</uncertainty>
    </latitude>
    <longitude>
      <value>9.3573</value>
      <uncertainty>2.5</uncertainty>
    </longitude>
    <depth>
      <value>5000</value>
    </depth>
    <depthType>from location</depthType>
    <methodID>smi:eu.emsc-csem/origin_method/NA</methodID>
    <quality>
      <usedPhaseCount>98</usedPhaseCount>
      <usedStationCount>69</usedStationCount>
      <standardError>1.22</standardError>
      <azimuthalGap>47</azimuthalGap>
      <minimumDistance>0.2</minimumDistance>
      <maximumDistance>5.19</maximumDistance>
    </quality>
    <evaluationMode>manual</evaluationMode>
    <creationInfo>
      <agencyURI>smi:smi-registry/organization/EMSC</agencyURI>
      <authorURI>smi:smi-registry/organization/EMSC</authorURI>
    </creationInfo>
    <originUncertainty>
      <azimuthMaxHorizontalUncertainty>147</azimuthMaxHorizontalUncertainty>
    </originUncertainty>
  </origin>
  <magnitude publicID="quakeml:eu.emsc/event/20020221_0000008/origin/1407511/mag/1">
    <mag>
      <value>3.3</value>
      <uncertainty>0.3</uncertainty>
    </mag>
    <type>ML</type>
    <originID>quakeml:eu.emsc/event/20020221_0000008/origin/1407511</originID>
    <stationCount>14</stationCount>
    <creationInfo>
      <agencyURI>smi:smi-registry/organization/EMSC</agencyURI>
      <authorURI>smi:smi-registry/organization/EMSC</authorURI>
    </creationInfo>
  </magnitude>
</event>
<event publicID="quakeml:eu.emsc/event/20020221_0000007">
  <preferredOriginID>quakeml:eu.emsc/event/20020221_0000007/origin/1407517</preferredOriginID>
  <preferredMagnitudeID>quakeml:eu.emsc/event/20020221_0000007/origin/1407517/mag/1</preferredMagnitudeID>
  <creationInfo>
    <agencyURI>smi:smi-registry/organization/EMSC</agencyURI>
    <authorURI>smi:smi-registry/organization/EMSC</authorURI>
    <creationTime>2014-12-03T11:58:04.95016Z</creationTime>
  </creationInfo>
  <description>
    <text>PYRENEES</text>
    <type>Flinn-Engdahl region</type>
  </description>
  <origin publicID="quakeml:eu.emsc/event/20020221_0000007/origin/1407517">
    <time>
      <value>2002-02-21T10:21:48.6Z</value>
      <uncertainty>0.11</uncertainty>
    </time>
    <latitude>
      <value>42.9255</value>
      <uncertainty>3.5</uncertainty>
    </latitude>
    <longitude>
      <value>-1.9078</value>
      <uncertainty>2.1</uncertainty>
    </longitude>
    <depth>
      <value>2000</value>
    </depth>
    <depthType>from location</depthType>
    <methodID>smi:eu.emsc-csem/origin_method/NA</methodID>
    <quality>
      <usedPhaseCount>191</usedPhaseCount>
      <usedStationCount>120</usedStationCount>
      <standardError>1.29</standardError>
      <azimuthalGap>70</azimuthalGap>
      <minimumDistance>0.37</minimumDistance>
      <maximumDistance>41.69</maximumDistance>
    </quality>
    <evaluationMode>manual</evaluationMode>
    <creationInfo>
      <agencyURI>smi:smi-registry/organization/EMSC</agencyURI>
      <authorURI>smi:smi-registry/organization/EMSC</authorURI>
    </creationInfo>
    <originUncertainty>
      <azimuthMaxHorizontalUncertainty>144</azimuthMaxHorizontalUncertainty>
    </originUncertainty>
  </origin>
  <magnitude publicID="quakeml:eu.emsc/event/20020221_0000007/origin/1407517/mag/1">
    <mag>
      <value>4.3</value>
      <uncertainty>0.3</uncertainty>
    </mag>
    <type>ML</type>
    <originID>quakeml:eu.emsc/event/20020221_0000007/origin/1407517</originID>
    <stationCount>17</stationCount>
    <creationInfo>
      <agencyURI>smi:smi-registry/organization/EMSC</agencyURI>
      <authorURI>smi:smi-registry/organization/EMSC</authorURI>
    </creationInfo>
  </magnitude>
</event>
<event publicID="quakeml:eu.emsc/event/20020221_0000006">
  <preferredOriginID>quakeml:eu.emsc/event/20020221_0000006/origin/1407521</preferredOriginID>
  <preferredMagnitudeID>quakeml:eu.emsc/event/20020221_0000006/origin/1407521/mag/2</preferredMagnitudeID>
  <creationInfo>
    <agencyURI>smi:smi-registry/organization/EMSC</agencyURI>
    <authorURI>smi:smi-registry/organization/EMSC</authorURI>
    <creationTime>2014-12-03T10:40:39.858591Z</creationTime>
  </creationInfo>
  <description>
    <text>GREECE</text>
    <type>Flinn-Engdahl region</type>
  </description>
  <origin publicID="quakeml:eu.emsc/event/20020221_0000006/origin/1407521">
    <time>
      <value>2002-02-21T09:15:11.9Z</value>
      <uncertainty>0.22</uncertainty>
    </time>
    <latitude>
      <value>38.3809</value>
      <uncertainty>6.4</uncertainty>
    </latitude>
    <longitude>
      <value>21.957</value>
      <uncertainty>5.5</uncertainty>
    </longitude>
    <depth>
      <value>50300.0</value>
      <uncertainty>3.4</uncertainty>
    </depth>
    <depthType>from location</depthType>
    <methodID>smi:eu.emsc-csem/origin_method/NA</methodID>
    <quality>
      <usedPhaseCount>37</usedPhaseCount>
      <usedStationCount>36</usedStationCount>
      <standardError>0.98</standardError>
      <azimuthalGap>113</azimuthalGap>
      <minimumDistance>1.2</minimumDistance>
      <maximumDistance>95.65</maximumDistance>
    </quality>
    <evaluationMode>manual</evaluationMode>
    <creationInfo>
      <agencyURI>smi:smi-registry/organization/EMSC</agencyURI>
      <authorURI>smi:smi-registry/organization/EMSC</authorURI>
    </creationInfo>
    <originUncertainty>
      <azimuthMaxHorizontalUncertainty>40</azimuthMaxHorizontalUncertainty>
    </originUncertainty>
  </origin>
  <magnitude publicID="quakeml:eu.emsc/event/20020221_0000006/origin/1407521/mag/2">
    <mag>
      <value>3.6</value>
    </mag>
    <type>ML</type>
    <originID>quakeml:eu.emsc/event/20020221_0000006/origin/1407521</originID>
    <creationInfo>
      <agencyURI>smi:smi-registry/organization/EMSC</agencyURI>
      <authorURI>smi:smi-registry/organization/EMSC</authorURI>
    </creationInfo>
  </magnitude>
</event>
<event publicID="quakeml:eu.emsc/event/20020221_0000005">
  <preferredOriginID>quakeml:eu.emsc/event/20020221_0000005/origin/1407525</preferredOriginID>
  <preferredMagnitudeID>quakeml:eu.emsc/event/20020221_0000005/origin/1407525/mag/2</preferredMagnitudeID>
  <creationInfo>
    <agencyURI>smi:smi-registry/organization/EMSC</agencyURI>
    <authorURI>smi:smi-registry/organization/EMSC</authorURI>
    <creationTime>2014-12-03T12:20:11.901185Z</creationTime>
  </creationInfo>
  <description>
    <text>SOUTHERN GREECE</text>
    <type>Flinn-Engdahl region</type>
  </description>
  <origin publicID="quakeml:eu.emsc/event/20020221_0000005/origin/1407525">
    <time>
      <value>2002-02-21T08:40:39.5Z</value>
      <uncertainty>0.15</uncertainty>
    </time>
    <latitude>
      <value>36.6006</value>
      <uncertainty>6</uncertainty>
    </latitude>
    <longitude>
      <value>21.6723</value>
      <uncertainty>3.7</uncertainty>
    </longitude>
    <depth>
      <value>40000</value>
    </depth>
    <depthType>from location</depthType>
    <methodID>smi:eu.emsc-csem/origin_method/NA</methodID>
    <quality>
      <usedPhaseCount>73</usedPhaseCount>
      <usedStationCount>73</usedStationCount>
      <standardError>1.1</standardError>
      <azimuthalGap>62</azimuthalGap>
      <minimumDistance>0.61</minimumDistance>
      <maximumDistance>93.99</maximumDistance>
    </quality>
    <evaluationMode>manual</evaluationMode>
    <creationInfo>
      <agencyURI>smi:smi-registry/organization/EMSC</agencyURI>
      <authorURI>smi:smi-registry/organization/EMSC</authorURI>
    </creationInfo>
    <originUncertainty>
      <azimuthMaxHorizontalUncertainty>54</azimuthMaxHorizontalUncertainty>
    </originUncertainty>
  </origin>
  <magnitude publicID="quakeml:eu.emsc/event/20020221_0000005/origin/1407525/mag/2">
    <mag>
      <value>3.9</value>
    </mag>
    <type>ML</type>
    <originID>quakeml:eu.emsc/event/20020221_0000005/origin/1407525</originID>
    <creationInfo>
      <agencyURI>smi:smi-registry/organization/EMSC</agencyURI>
      <authorURI>smi:smi-registry/organization/EMSC</authorURI>
    </creationInfo>
  </magnitude>
</event>
<event publicID="quakeml:eu.emsc/event/20020221_0000023">
  <preferredOriginID>quakeml:eu.emsc/event/20020221_0000023/origin/1407018</preferredOriginID>
  <preferredMagnitudeID>quakeml:eu.emsc/event/20020221_0000023/origin/1407018/mag/1</preferredMagnitudeID>
  <creationInfo>
    <agencyURI>smi:smi-registry/organization/EMSC</agencyURI>
    <authorURI>smi:smi-registry/organization/EMSC</authorURI>
    <creationTime>2014-12-03T16:19:25.322817Z</creationTime>
  </creationInfo>
  <description>
    <text>FRANCE</text>
    <type>Flinn-Engdahl region</type>
  </description>
  <origin publicID="quakeml:eu.emsc/event/20020221_0000023/origin/1407018">
    <time>
      <value>2002-02-21T05:56:12.6Z</value>
      <uncertainty>0.09</uncertainty>
    </time>
    <latitude>
      <value>45.9832</value>
      <uncertainty>2.1</uncertainty>
    </latitude>
    <longitude>
      <value>5.3196</value>
      <uncertainty>1.5</uncertainty>
    </longitude>
    <depth>
      <value>10000</value>
    </depth>
    <depthType>from location</depthType>
    <methodID>smi:eu.emsc-csem/origin_method/NA</methodID>
    <quality>
      <usedPhaseCount>51</usedPhaseCount>
      <usedStationCount>21</usedStationCount>
      <standardError>0.75</standardError>
      <azimuthalGap>85</azimuthalGap>
      <minimumDistance>0.8</minimumDistance>
      <maximumDistance>2.77</maximumDistance>
    </quality>
    <evaluationMode>manual</evaluationMode>
    <creationInfo>
      <agencyURI>smi:smi-registry/organization/EMSC</agencyURI>
      <authorURI>smi:smi-registry/organization/EMSC</authorURI>
    </creationInfo>
    <originUncertainty>
      <azimuthMaxHorizontalUncertainty>37</azimuthMaxHorizontalUncertainty>
    </originUncertainty>
  </origin>
  <magnitude publicID="quakeml:eu.emsc/event/20020221_0000023/origin/1407018/mag/1">
    <mag>
      <value>2.6</value>
      <uncertainty>0.4</uncertainty>
    </mag>
    <type>ML</type>
    <originID>quakeml:eu.emsc/event/20020221_0000023/origin/1407018</originID>
    <stationCount>13</stationCount>
    <creationInfo>
      <agencyURI>smi:smi-registry/organization/EMSC</agencyURI>
      <authorURI>smi:smi-registry/organization/EMSC</authorURI>
    </creationInfo>
  </magnitude>
</event>
<event publicID="quakeml:eu.emsc/event/20020221_0000004">
  <preferredOriginID>quakeml:eu.emsc/event/20020221_0000004/origin/1407532</preferredOriginID>
  <preferredMagnitudeID>quakeml:eu.emsc/event/20020221_0000004/origin/1407532/mag/1</preferredMagnitudeID>
  <creationInfo>
    <agencyURI>smi:smi-registry/organization/EMSC</agencyURI>
    <authorURI>smi:smi-registry/organization/EMSC</authorURI>
    <creationTime>2014-12-03T11:11:43.95273Z</creationTime>
  </creationInfo>
  <description>
    <text>EASTERN MEDITERRANEAN SEA</text>
    <type>Flinn-Engdahl region</type>
  </description>
  <origin publicID="quakeml:eu.emsc/event/20020221_0000004/origin/1407532">
    <time>
      <value>2002-02-21T04:27:03.6Z</value>
      <uncertainty>0.08</uncertainty>
    </time>
    <latitude>
      <value>33.2551</value>
      <uncertainty>3.2</uncertainty>
    </latitude>
    <longitude>
      <value>32.3148</value>
      <uncertainty>2</uncertainty>
    </longitude>
    <depth>
      <value>40000</value>
    </depth>
    <depthType>from location</depthType>
    <methodID>smi:eu.emsc-csem/origin_method/NA</methodID>
    <quality>
      <usedPhaseCount>98</usedPhaseCount>
      <usedStationCount>87</usedStationCount>
      <standardError>0.79</standardError>
      <azimuthalGap>51</azimuthalGap>
      <minimumDistance>1.57</minimumDistance>
      <maximumDistance>80.94</maximumDistance>
    </quality>
    <evaluationMode>manual</evaluationMode>
    <creationInfo>
      <agencyURI>smi:smi-registry/organization/EMSC</agencyURI>
      <authorURI>smi:smi-registry/organization/EMSC</authorURI>
    </creationInfo>
    <originUncertainty>
      <azimuthMaxHorizontalUncertainty>57</azimuthMaxHorizontalUncertainty>
    </originUncertainty>
  </origin>
  <magnitude publicID="quakeml:eu.emsc/event/20020221_0000004/origin/1407532/mag/1">
    <mag>
      <value>4.3</value>
      <uncertainty>0.3</uncertainty>
    </mag>
    <type>mb</type>
    <originID>quakeml:eu.emsc/event/20020221_0000004/origin/1407532</originID>
    <stationCount>10</stationCount>
    <creationInfo>
      <agencyURI>smi:smi-registry/organization/EMSC</agencyURI>
      <authorURI>smi:smi-registry/organization/EMSC</authorURI>
    </creationInfo>
  </magnitude>
</event>
<event publicID="quakeml:eu.emsc/event/20020221_0000001">
  <preferredOriginID>quakeml:eu.emsc/event/20020221_0000001/origin/1407535</preferredOriginID>
  <preferredMagnitudeID>quakeml:eu.emsc/event/20020221_0000001/origin/1407535/mag/2</preferredMagnitudeID>
  <creationInfo>
    <agencyURI>smi:smi-registry/organization/EMSC</agencyURI>
    <authorURI>smi:smi-registry/organization/EMSC</authorURI>
    <creationTime>2014-12-03T12:12:52.297802Z</creationTime>
  </creationInfo>
  <description>
    <text>SICILY, ITALY</text>
    <type>Flinn-Engdahl region</type>
  </description>
  <origin publicID="quakeml:eu.emsc/event/20020221_0000001/origin/1407535">
    <time>
      <value>2002-02-21T02:12:52.0Z</value>
      <uncertainty>0.37</uncertainty>
    </time>
    <latitude>
      <value>37.4433</value>
      <uncertainty>10.2</uncertainty>
    </latitude>
    <longitude>
      <value>15.3211</value>
      <uncertainty>6.5</uncertainty>
    </longitude>
    <depth>
      <value>19000</value>
      <uncertainty>1.5</uncertainty>
    </depth>
    <depthType>from location</depthType>
    <methodID>smi:eu.emsc-csem/origin_method/NA</methodID>
    <quality>
      <usedPhaseCount>30</usedPhaseCount>
      <usedStationCount>26</usedStationCount>
      <standardError>1.04</standardError>
      <azimuthalGap>159</azimuthalGap>
      <minimumDistance>0.2</minimumDistance>
      <maximumDistance>6.98</maximumDistance>
    </quality>
    <evaluationMode>manual</evaluationMode>
    <creationInfo>
      <agencyURI>smi:smi-registry/organization/EMSC</agencyURI>
      <authorURI>smi:smi-registry/organization/EMSC</authorURI>
    </creationInfo>
    <originUncertainty>
      <azimuthMaxHorizontalUncertainty>132</azimuthMaxHorizontalUncertainty>
    </originUncertainty>
  </origin>
  <magnitude publicID="quakeml:eu.emsc/event/20020221_0000001/origin/1407535/mag/2">
    <mag>
      <value>2.8</value>
    </mag>
    <type>ML</type>
    <originID>quakeml:eu.emsc/event/20020221_0000001/origin/1407535</originID>
    <stationCount>13</stationCount>
    <creationInfo>
      <agencyURI>smi:smi-registry/organization/EMSC</agencyURI>
      <authorURI>smi:smi-registry/organization/EMSC</authorURI>
    </creationInfo>
  </magnitude>
</event>
<event publicID="quakeml:eu.emsc/event/20020221_0000003">
  <preferredOriginID>quakeml:eu.emsc/event/20020221_0000003/origin/1415132</preferredOriginID>
  <preferredMagnitudeID>quakeml:eu.emsc/event/20020221_0000003/origin/1415132/mag/2</preferredMagnitudeID>
  <creationInfo>
    <agencyURI>smi:smi-registry/organization/EMSC</agencyURI>
    <authorURI>smi:smi-registry/organization/EMSC</authorURI>
    <creationTime>2014-12-10T14:37:37.71755Z</creationTime>
  </creationInfo>
  <description>
    <text>WESTERN TURKEY</text>
    <type>Flinn-Engdahl region</type>
  </description>
  <origin publicID="quakeml:eu.emsc/event/20020221_0000003/origin/1415132">
    <time>
      <value>2002-02-21T01:00:19.2Z</value>
    </time>
    <latitude>
      <value>40.675</value>
      <uncertainty>9999.9</uncertainty>
    </latitude>
    <longitude>
      <value>30.274</value>
      <uncertainty>9999.9</uncertainty>
    </longitude>
    <depth>
      <value>8000</value>
    </depth>
    <depthType>from location</depthType>
    <methodID>smi:eu.emsc-csem/origin_method/NA</methodID>
    <quality>
      <usedPhaseCount>12</usedPhaseCount>
      <usedStationCount>9</usedStationCount>
      <standardError>0.86</standardError>
      <azimuthalGap>138</azimuthalGap>
      <minimumDistance>0.48</minimumDistance>
      <maximumDistance>1.91</maximumDistance>
    </quality>
    <evaluationMode>manual</evaluationMode>
    <creationInfo>
      <agencyURI>smi:smi-registry/organization/EMSC</agencyURI>
      <authorURI>smi:smi-registry/organization/EMSC</authorURI>
    </creationInfo>
    <originUncertainty>
      <azimuthMaxHorizontalUncertainty>-99</azimuthMaxHorizontalUncertainty>
    </originUncertainty>
  </origin>
  <magnitude publicID="quakeml:eu.emsc/event/20020221_0000003/origin/1415132/mag/2">
    <mag>
      <value>3</value>
    </mag>
    <type>MD</type>
    <originID>quakeml:eu.emsc/event/20020221_0000003/origin/1415132</originID>
    <creationInfo>
      <agencyURI>smi:smi-registry/organization/EMSC</agencyURI>
      <authorURI>smi:smi-registry/organization/EMSC</authorURI>
    </creationInfo>
  </magnitude>
</event>
</eventParameters>
</q:quakeml>
