<?xml version="1.0"?>
<q:quakeml xmlns:q="http://quakeml.org/xmlns/quakeml/1.2"  xmlns="http://quakeml.org/xmlns/bed/1.2">
<eventParameters publicID="smi:eu.emsc/unid">
<event publicID="quakeml:eu.emsc/event/20020102_0000006">
  <preferredOriginID>quakeml:eu.emsc/event/20020102_0000006/origin/1406240</preferredOriginID>
  <preferredMagnitudeID>quakeml:eu.emsc/event/20020102_0000006/origin/1406240/mag/1</preferredMagnitudeID>
  <creationInfo>
    <agencyURI>smi:smi-registry/organization/EMSC</agencyURI>
    <authorURI>smi:smi-registry/organization/EMSC</authorURI>
    <creationTime>2014-12-03T16:06:35.220324Z</creationTime>
  </creationInfo>
  <description>
    <text>NORTHERN ITALY</text>
    <type>Flinn-Engdahl region</type>
  </description>
  <origin publicID="quakeml:eu.emsc/event/20020102_0000006/origin/1406240">
    <time>
      <value>2002-01-02T16:37:10.0Z</value>
      <uncertainty>0.98</uncertainty>
    </time>
    <latitude>
      <value>44.912</value>
      <uncertainty>20.6</uncertainty>
    </latitude>
    <longitude>
      <value>8.8105</value>
      <uncertainty>11.9</uncertainty>
    </longitude>
    <depth>
      <value>2000</value>
    </depth>
    <depthType>from location</depthType>
    <methodID>smi:eu.emsc-csem/origin_method/NA</methodID>
    <quality>
      <usedPhaseCount>19</usedPhaseCount>
      <usedStationCount>11</usedStationCount>
      <standardError>1.21</standardError>
      <azimuthalGap>312</azimuthalGap>
      <minimumDistance>1.29</minimumDistance>
      <maximumDistance>2.94</maximumDistance>
    </quality>
    <evaluationMode>manual</evaluationMode>
    <creationInfo>
      <agencyURI>smi:smi-registry/organization/EMSC</agencyURI>
      <authorURI>smi:smi-registry/organization/EMSC</authorURI>
    </creationInfo>
    <originUncertainty>
      <azimuthMaxHorizontalUncertainty>104</azimuthMaxHorizontalUncertainty>
    </originUncertainty>
  </origin>
  <magnitude publicID="quakeml:eu.emsc/event/20020102_0000006/origin/1406240/mag/1">
    <mag>
      <value>1.4</value>
      <uncertainty>0.3</uncertainty>
    </mag>
    <type>ML</type>
    <originID>quakeml:eu.emsc/event/20020102_0000006/origin/1406240</originID>
    <stationCount>5</stationCount>
    <creationInfo>
      <agencyURI>smi:smi-registry/organization/EMSC</agencyURI>
      <authorURI>smi:smi-registry/organization/EMSC</authorURI>
    </creationInfo>
  </magnitude>
</event>
<event publicID="quakeml:eu.emsc/event/20020102_0000007">
  <preferredOriginID>quakeml:eu.emsc/event/20020102_0000007/origin/1416036</preferredOriginID>
  <preferredMagnitudeID>quakeml:eu.emsc/event/20020102_0000007/origin/1416036/mag/2</preferredMagnitudeID>
  <creationInfo>
    <agencyURI>smi:smi-registry/organization/EMSC</agencyURI>
    <authorURI>smi:smi-registry/organization/EMSC</authorURI>
    <creationTime>2014-12-10T18:32:51.754331Z</creationTime>
  </creationInfo>
  <description>
    <text>NEAR SOUTH COAST OF FRANCE</text>
    <type>Flinn-Engdahl region</type>
  </description>
  <origin publicID="quakeml:eu.emsc/event/20020102_0000007/origin/1416036">
    <time>
      <value>2002-01-02T16:01:15.7Z</value>
    </time>
    <latitude>
      <value>43.8339</value>
      <uncertainty>9999.9</uncertainty>
    </latitude>
    <longitude>
      <value>7.6591</value>
      <uncertainty>9999.9</uncertainty>
    </longitude>
    <depth>
      <value>2000</value>
    </depth>
    <depthType>from location</depthType>
    <methodID>smi:eu.emsc-csem/origin_method/NA</methodID>
    <quality>
      <usedPhaseCount>10</usedPhaseCount>
      <usedStationCount>5</usedStationCount>
      <standardError>0.63</standardError>
      <azimuthalGap>274</azimuthalGap>
      <minimumDistance>0.16</minimumDistance>
      <maximumDistance>1.51</maximumDistance>
    </quality>
    <evaluationMode>manual</evaluationMode>
    <creationInfo>
      <agencyURI>smi:smi-registry/organization/EMSC</agencyURI>
      <authorURI>smi:smi-registry/organization/EMSC</authorURI>
    </creationInfo>
    <originUncertainty>
      <azimuthMaxHorizontalUncertainty>-99</azimuthMaxHorizontalUncertainty>
    </originUncertainty>
  </origin>
  <magnitude publicID="quakeml:eu.emsc/event/20020102_0000007/origin/1416036/mag/2">
    <mag>
      <value>1.9</value>
    </mag>
    <type>ML</type>
    <originID>quakeml:eu.emsc/event/20020102_0000007/origin/1416036</originID>
    <stationCount>3</stationCount>
    <creationInfo>
      <agencyURI>smi:smi-registry/organization/EMSC</agencyURI>
      <authorURI>smi:smi-registry/organization/EMSC</authorURI>
    </creationInfo>
  </magnitude>
</event>
<event publicID="quakeml:eu.emsc/event/20020102_0000003">
  <preferredOriginID>quakeml:eu.emsc/event/20020102_0000003/origin/1406880</preferredOriginID>
  <preferredMagnitudeID>quakeml:eu.emsc/event/20020102_0000003/origin/1406880/mag/2</preferredMagnitudeID>
  <creationInfo>
    <agencyURI>smi:smi-registry/organization/EMSC</agencyURI>
    <authorURI>smi:smi-registry/organization/EMSC</authorURI>
    <creationTime>2014-12-03T10:32:22.870594Z</creationTime>
  </creationInfo>
  <description>
    <text>PYRENEES</text>
    <type>Flinn-Engdahl region</type>
  </description>
  <origin publicID="quakeml:eu.emsc/event/20020102_0000003/origin/1406880">
    <time>
      <value>2002-01-02T14:31:22.0Z</value>
      <uncertainty>0.23</uncertainty>
    </time>
    <latitude>
      <value>42.8131</value>
      <uncertainty>7.7</uncertainty>
    </latitude>
    <longitude>
      <value>-1.3255</value>
      <uncertainty>5.1</uncertainty>
    </longitude>
    <depth>
      <value>5000</value>
    </depth>
    <depthType>from location</depthType>
    <methodID>smi:eu.emsc-csem/origin_method/NA</methodID>
    <quality>
      <usedPhaseCount>7</usedPhaseCount>
      <usedStationCount>6</usedStationCount>
      <standardError>0.51</standardError>
      <azimuthalGap>97</azimuthalGap>
      <minimumDistance>0.33</minimumDistance>
      <maximumDistance>2.23</maximumDistance>
    </quality>
    <evaluationMode>manual</evaluationMode>
    <creationInfo>
      <agencyURI>smi:smi-registry/organization/EMSC</agencyURI>
      <authorURI>smi:smi-registry/organization/EMSC</authorURI>
    </creationInfo>
    <originUncertainty>
      <azimuthMaxHorizontalUncertainty>98</azimuthMaxHorizontalUncertainty>
    </originUncertainty>
  </origin>
  <magnitude publicID="quakeml:eu.emsc/event/20020102_0000003/origin/1406880/mag/2">
    <mag>
      <value>3</value>
      <uncertainty>0.2</uncertainty>
    </mag>
    <type>mb</type>
    <originID>quakeml:eu.emsc/event/20020102_0000003/origin/1406880</originID>
    <stationCount>7</stationCount>
    <creationInfo>
      <agencyURI>smi:smi-registry/organization/EMSC</agencyURI>
      <authorURI>smi:smi-registry/organization/EMSC</authorURI>
    </creationInfo>
  </magnitude>
</event>
<event publicID="quakeml:eu.emsc/event/20020102_0000010">
  <preferredOriginID>quakeml:eu.emsc/event/20020102_0000010/origin/1406245</preferredOriginID>
  <preferredMagnitudeID>quakeml:eu.emsc/event/20020102_0000010/origin/1406245/mag/1</preferredMagnitudeID>
  <creationInfo>
    <agencyURI>smi:smi-registry/organization/EMSC</agencyURI>
    <authorURI>smi:smi-registry/organization/EMSC</authorURI>
    <creationTime>2014-12-03T16:40:36.164678Z</creationTime>
  </creationInfo>
  <description>
    <text>NORTHERN ITALY</text>
    <type>Flinn-Engdahl region</type>
  </description>
  <origin publicID="quakeml:eu.emsc/event/20020102_0000010/origin/1406245">
    <time>
      <value>2002-01-02T13:03:28.0Z</value>
      <uncertainty>0.2</uncertainty>
    </time>
    <latitude>
      <value>44.9199</value>
      <uncertainty>4.7</uncertainty>
    </latitude>
    <longitude>
      <value>8.9028</value>
      <uncertainty>2.9</uncertainty>
    </longitude>
    <depth>
      <value>10000</value>
    </depth>
    <depthType>from location</depthType>
    <methodID>smi:eu.emsc-csem/origin_method/NA</methodID>
    <quality>
      <usedPhaseCount>57</usedPhaseCount>
      <usedStationCount>40</usedStationCount>
      <standardError>0.98</standardError>
      <azimuthalGap>153</azimuthalGap>
      <minimumDistance>0.4</minimumDistance>
      <maximumDistance>3.01</maximumDistance>
    </quality>
    <evaluationMode>manual</evaluationMode>
    <creationInfo>
      <agencyURI>smi:smi-registry/organization/EMSC</agencyURI>
      <authorURI>smi:smi-registry/organization/EMSC</authorURI>
    </creationInfo>
    <originUncertainty>
      <azimuthMaxHorizontalUncertainty>14</azimuthMaxHorizontalUncertainty>
    </originUncertainty>
  </origin>
  <magnitude publicID="quakeml:eu.emsc/event/20020102_0000010/origin/1406245/mag/1">
    <mag>
      <value>1.7</value>
      <uncertainty>0.5</uncertainty>
    </mag>
    <type>ML</type>
    <originID>quakeml:eu.emsc/event/20020102_0000010/origin/1406245</originID>
    <stationCount>6</stationCount>
    <creationInfo>
      <agencyURI>smi:smi-registry/organization/EMSC</agencyURI>
      <authorURI>smi:smi-registry/organization/EMSC</authorURI>
    </creationInfo>
  </magnitude>
</event>
<event publicID="quakeml:eu.emsc/event/20020102_0000008">
  <preferredOriginID>quakeml:eu.emsc/event/20020102_0000008/origin/1416038</preferredOriginID>
  <preferredMagnitudeID>quakeml:eu.emsc/event/20020102_0000008/origin/1416038/mag/2</preferredMagnitudeID>
  <creationInfo>
    <agencyURI>smi:smi-registry/organization/EMSC</agencyURI>
    <authorURI>smi:smi-registry/organization/EMSC</authorURI>
    <creationTime>2014-12-10T18:32:51.118138Z</creationTime>
  </creationInfo>
  <description>
    <text>NEAR SOUTH COAST OF FRANCE</text>
    <type>Flinn-Engdahl region</type>
  </description>
  <origin publicID="quakeml:eu.emsc/event/20020102_0000008/origin/1416038">
    <time>
      <value>2002-01-02T10:58:04.9Z</value>
    </time>
    <latitude>
      <value>43.1257</value>
      <uncertainty>9999.9</uncertainty>
    </latitude>
    <longitude>
      <value>5.5285</value>
      <uncertainty>9999.9</uncertainty>
    </longitude>
    <depth>
      <value>11000</value>
    </depth>
    <depthType>from location</depthType>
    <methodID>smi:eu.emsc-csem/origin_method/NA</methodID>
    <quality>
      <usedPhaseCount>13</usedPhaseCount>
      <usedStationCount>7</usedStationCount>
      <standardError>0.92</standardError>
      <azimuthalGap>235</azimuthalGap>
      <minimumDistance>0.75</minimumDistance>
      <maximumDistance>1.84</maximumDistance>
    </quality>
    <evaluationMode>manual</evaluationMode>
    <creationInfo>
      <agencyURI>smi:smi-registry/organization/EMSC</agencyURI>
      <authorURI>smi:smi-registry/organization/EMSC</authorURI>
    </creationInfo>
    <originUncertainty>
      <azimuthMaxHorizontalUncertainty>-99</azimuthMaxHorizontalUncertainty>
    </originUncertainty>
  </origin>
  <magnitude publicID="quakeml:eu.emsc/event/20020102_0000008/origin/1416038/mag/2">
    <mag>
      <value>2.1</value>
    </mag>
    <type>ML</type>
    <originID>quakeml:eu.emsc/event/20020102_0000008/origin/1416038</originID>
    <stationCount>4</stationCount>
    <creationInfo>
      <agencyURI>smi:smi-registry/organization/EMSC</agencyURI>
      <authorURI>smi:smi-registry/organization/EMSC</authorURI>
    </creationInfo>
  </magnitude>
</event>
<event publicID="quakeml:eu.emsc/event/20020102_0000011">
  <preferredOriginID>quakeml:eu.emsc/event/20020102_0000011/origin/1416040</preferredOriginID>
  <preferredMagnitudeID>quakeml:eu.emsc/event/20020102_0000011/origin/1416040/mag/2</preferredMagnitudeID>
  <creationInfo>
    <agencyURI>smi:smi-registry/organization/EMSC</agencyURI>
    <authorURI>smi:smi-registry/organization/EMSC</authorURI>
    <creationTime>2014-12-10T18:32:50.618976Z</creationTime>
  </creationInfo>
  <description>
    <text>FRANCE</text>
    <type>Flinn-Engdahl region</type>
  </description>
  <origin publicID="quakeml:eu.emsc/event/20020102_0000011/origin/1416040">
    <time>
      <value>2002-01-02T10:52:10.5Z</value>
    </time>
    <latitude>
      <value>43.0094</value>
      <uncertainty>9999.9</uncertainty>
    </latitude>
    <longitude>
      <value>0.2031</value>
      <uncertainty>9999.9</uncertainty>
    </longitude>
    <depth>
      <value>0</value>
    </depth>
    <depthType>from location</depthType>
    <methodID>smi:eu.emsc-csem/origin_method/NA</methodID>
    <quality>
      <usedPhaseCount>11</usedPhaseCount>
      <usedStationCount>6</usedStationCount>
      <standardError>0.82</standardError>
      <azimuthalGap>200</azimuthalGap>
      <minimumDistance>0.1</minimumDistance>
      <maximumDistance>1.28</maximumDistance>
    </quality>
    <evaluationMode>manual</evaluationMode>
    <creationInfo>
      <agencyURI>smi:smi-registry/organization/EMSC</agencyURI>
      <authorURI>smi:smi-registry/organization/EMSC</authorURI>
    </creationInfo>
    <originUncertainty>
      <azimuthMaxHorizontalUncertainty>-99</azimuthMaxHorizontalUncertainty>
    </originUncertainty>
  </origin>
  <magnitude publicID="quakeml:eu.emsc/event/20020102_0000011/origin/1416040/mag/2">
    <mag>
      <value>2</value>
      <uncertainty>0.3</uncertainty>
    </mag>
    <type>mb</type>
    <originID>quakeml:eu.emsc/event/20020102_0000011/origin/1416040</originID>
    <stationCount>3</stationCount>
    <creationInfo>
      <agencyURI>smi:smi-registry/organization/EMSC</agencyURI>
      <authorURI>smi:smi-registry/organization/EMSC</authorURI>
    </creationInfo>
  </magnitude>
</event>
<event publicID="quakeml:eu.emsc/event/20020102_0000002">
  <preferredOriginID>quakeml:eu.emsc/event/20020102_0000002/origin/1406883</preferredOriginID>
  <preferredMagnitudeID>quakeml:eu.emsc/event/20020102_0000002/origin/1406883/mag/2</preferredMagnitudeID>
  <creationInfo>
    <agencyURI>smi:smi-registry/organization/EMSC</agencyURI>
    <authorURI>smi:smi-registry/organization/EMSC</authorURI>
    <creationTime>2014-12-03T12:04:42.521304Z</creationTime>
  </creationInfo>
  <description>
    <text>SOUTHERN GREECE</text>
    <type>Flinn-Engdahl region</type>
  </description>
  <origin publicID="quakeml:eu.emsc/event/20020102_0000002/origin/1406883">
    <time>
      <value>2002-01-02T10:10:36.2Z</value>
      <uncertainty>0.5</uncertainty>
    </time>
    <latitude>
      <value>37.3057</value>
      <uncertainty>15.1</uncertainty>
    </latitude>
    <longitude>
      <value>22.1473</value>
      <uncertainty>13.7</uncertainty>
    </longitude>
    <depth>
      <value>2000</value>
    </depth>
    <depthType>from location</depthType>
    <methodID>smi:eu.emsc-csem/origin_method/NA</methodID>
    <quality>
      <usedPhaseCount>7</usedPhaseCount>
      <usedStationCount>7</usedStationCount>
      <standardError>0.99</standardError>
      <azimuthalGap>101</azimuthalGap>
      <minimumDistance>0.22</minimumDistance>
      <maximumDistance>2.17</maximumDistance>
    </quality>
    <evaluationMode>manual</evaluationMode>
    <creationInfo>
      <agencyURI>smi:smi-registry/organization/EMSC</agencyURI>
      <authorURI>smi:smi-registry/organization/EMSC</authorURI>
    </creationInfo>
    <originUncertainty>
      <azimuthMaxHorizontalUncertainty>126</azimuthMaxHorizontalUncertainty>
    </originUncertainty>
  </origin>
  <magnitude publicID="quakeml:eu.emsc/event/20020102_0000002/origin/1406883/mag/2">
    <mag>
      <value>3.2</value>
    </mag>
    <type>ML</type>
    <originID>quakeml:eu.emsc/event/20020102_0000002/origin/1406883</originID>
    <creationInfo>
      <agencyURI>smi:smi-registry/organization/EMSC</agencyURI>
      <authorURI>smi:smi-registry/organization/EMSC</authorURI>
    </creationInfo>
  </magnitude>
</event>
<event publicID="quakeml:eu.emsc/event/20020102_0000009">
  <preferredOriginID>quakeml:eu.emsc/event/20020102_0000009/origin/1406249</preferredOriginID>
  <preferredMagnitudeID>quakeml:eu.emsc/event/20020102_0000009/origin/1406249/mag/1</preferredMagnitudeID>
  <creationInfo>
    <agencyURI>smi:smi-registry/organization/EMSC</agencyURI>
    <authorURI>smi:smi-registry/organization/EMSC</authorURI>
    <creationTime>2014-12-03T16:21:28.966895Z</creationTime>
  </creationInfo>
  <description>
    <text>PYRENEES</text>
    <type>Flinn-Engdahl region</type>
  </description>
  <origin publicID="quakeml:eu.emsc/event/20020102_0000009/origin/1406249">
    <time>
      <value>2002-01-02T06:50:15.3Z</value>
      <uncertainty>0.36</uncertainty>
    </time>
    <latitude>
      <value>42.281</value>
      <uncertainty>5.8</uncertainty>
    </latitude>
    <longitude>
      <value>2.534</value>
      <uncertainty>3.7</uncertainty>
    </longitude>
    <depth>
      <value>15000</value>
    </depth>
    <depthType>from location</depthType>
    <methodID>smi:eu.emsc-csem/origin_method/NA</methodID>
    <quality>
      <usedPhaseCount>40</usedPhaseCount>
      <usedStationCount>22</usedStationCount>
      <standardError>0.96</standardError>
      <azimuthalGap>184</azimuthalGap>
      <minimumDistance>0.26</minimumDistance>
      <maximumDistance>3.74</maximumDistance>
    </quality>
    <evaluationMode>manual</evaluationMode>
    <creationInfo>
      <agencyURI>smi:smi-registry/organization/EMSC</agencyURI>
      <authorURI>smi:smi-registry/organization/EMSC</authorURI>
    </creationInfo>
    <originUncertainty>
      <azimuthMaxHorizontalUncertainty>101</azimuthMaxHorizontalUncertainty>
    </originUncertainty>
  </origin>
  <magnitude publicID="quakeml:eu.emsc/event/20020102_0000009/origin/1406249/mag/1">
    <mag>
      <value>2.6</value>
      <uncertainty>0.5</uncertainty>
    </mag>
    <type>ML</type>
    <originID>quakeml:eu.emsc/event/20020102_0000009/origin/1406249</originID>
    <stationCount>15</stationCount>
    <creationInfo>
      <agencyURI>smi:smi-registry/organization/EMSC</agencyURI>
      <authorURI>smi:smi-registry/organization/EMSC</authorURI>
    </creationInfo>
  </magnitude>
</event>
<event publicID="quakeml:eu.emsc/event/20020102_0000001">
  <preferredOriginID>quakeml:eu.emsc/event/20020102_0000001/origin/1406886</preferredOriginID>
  <preferredMagnitudeID>quakeml:eu.emsc/event/20020102_0000001/origin/1406886/mag/1</preferredMagnitudeID>
  <creationInfo>
    <agencyURI>smi:smi-registry/organization/EMSC</agencyURI>
    <authorURI>smi:smi-registry/organization/EMSC</authorURI>
    <creationTime>2014-12-03T11:37:27.426352Z</creationTime>
  </creationInfo>
  <description>
    <text>SPAIN</text>
    <type>Flinn-Engdahl region</type>
  </description>
  <origin publicID="quakeml:eu.emsc/event/20020102_0000001/origin/1406886">
    <time>
      <value>2002-01-02T05:14:38.8Z</value>
      <uncertainty>0.15</uncertainty>
    </time>
    <latitude>
      <value>38.0569</value>
      <uncertainty>3.5</uncertainty>
    </latitude>
    <longitude>
      <value>-4.1214</value>
      <uncertainty>3</uncertainty>
    </longitude>
    <depth>
      <value>8000</value>
    </depth>
    <depthType>from location</depthType>
    <methodID>smi:eu.emsc-csem/origin_method/NA</methodID>
    <quality>
      <usedPhaseCount>63</usedPhaseCount>
      <usedStationCount>34</usedStationCount>
      <standardError>1.18</standardError>
      <azimuthalGap>33</azimuthalGap>
      <minimumDistance>0.29</minimumDistance>
      <maximumDistance>4.86</maximumDistance>
    </quality>
    <evaluationMode>manual</evaluationMode>
    <creationInfo>
      <agencyURI>smi:smi-registry/organization/EMSC</agencyURI>
      <authorURI>smi:smi-registry/organization/EMSC</authorURI>
    </creationInfo>
    <originUncertainty>
      <azimuthMaxHorizontalUncertainty>145</azimuthMaxHorizontalUncertainty>
    </originUncertainty>
  </origin>
  <magnitude publicID="quakeml:eu.emsc/event/20020102_0000001/origin/1406886/mag/1">
    <mag>
      <value>3.6</value>
      <uncertainty>0.4</uncertainty>
    </mag>
    <type>ML</type>
    <originID>quakeml:eu.emsc/event/20020102_0000001/origin/1406886</originID>
    <stationCount>4</stationCount>
    <creationInfo>
      <agencyURI>smi:smi-registry/organization/EMSC</agencyURI>
      <authorURI>smi:smi-registry/organization/EMSC</authorURI>
    </creationInfo>
  </magnitude>
</event>
<event publicID="quakeml:eu.emsc/event/20020102_0000005">
  <preferredOriginID>quakeml:eu.emsc/event/20020102_0000005/origin/1416042</preferredOriginID>
  <preferredMagnitudeID>quakeml:eu.emsc/event/20020102_0000005/origin/1416042/mag/2</preferredMagnitudeID>
  <creationInfo>
    <agencyURI>smi:smi-registry/organization/EMSC</agencyURI>
    <authorURI>smi:smi-registry/organization/EMSC</authorURI>
    <creationTime>2014-12-10T18:32:50.125733Z</creationTime>
  </creationInfo>
  <description>
    <text>NORTHERN ITALY</text>
    <type>Flinn-Engdahl region</type>
  </description>
  <origin publicID="quakeml:eu.emsc/event/20020102_0000005/origin/1416042">
    <time>
      <value>2002-01-02T02:43:41.6Z</value>
    </time>
    <latitude>
      <value>44.1447</value>
      <uncertainty>9999.9</uncertainty>
    </latitude>
    <longitude>
      <value>7.4533</value>
      <uncertainty>9999.9</uncertainty>
    </longitude>
    <depth>
      <value>6000</value>
    </depth>
    <depthType>from location</depthType>
    <methodID>smi:eu.emsc-csem/origin_method/NA</methodID>
    <quality>
      <usedPhaseCount>9</usedPhaseCount>
      <usedStationCount>4</usedStationCount>
      <standardError>10.27</standardError>
      <azimuthalGap>198</azimuthalGap>
      <minimumDistance>0.39</minimumDistance>
      <maximumDistance>0.88</maximumDistance>
    </quality>
    <evaluationMode>manual</evaluationMode>
    <creationInfo>
      <agencyURI>smi:smi-registry/organization/EMSC</agencyURI>
      <authorURI>smi:smi-registry/organization/EMSC</authorURI>
    </creationInfo>
    <originUncertainty>
      <azimuthMaxHorizontalUncertainty>-99</azimuthMaxHorizontalUncertainty>
    </originUncertainty>
  </origin>
  <magnitude publicID="quakeml:eu.emsc/event/20020102_0000005/origin/1416042/mag/2">
    <mag>
      <value>2</value>
    </mag>
    <type>ML</type>
    <originID>quakeml:eu.emsc/event/20020102_0000005/origin/1416042</originID>
    <creationInfo>
      <agencyURI>smi:smi-registry/organization/EMSC</agencyURI>
      <authorURI>smi:smi-registry/organization/EMSC</authorURI>
    </creationInfo>
  </magnitude>
</event>
<event publicID="quakeml:eu.emsc/event/20020102_0000012">
  <preferredOriginID>quakeml:eu.emsc/event/20020102_0000012/origin/1406252</preferredOriginID>
  <preferredMagnitudeID>quakeml:eu.emsc/event/20020102_0000012/origin/1406252/mag/1</preferredMagnitudeID>
  <creationInfo>
    <agencyURI>smi:smi-registry/organization/EMSC</agencyURI>
    <authorURI>smi:smi-registry/organization/EMSC</authorURI>
    <creationTime>2014-12-03T16:50:01.495838Z</creationTime>
  </creationInfo>
  <description>
    <text>PYRENEES</text>
    <type>Flinn-Engdahl region</type>
  </description>
  <origin publicID="quakeml:eu.emsc/event/20020102_0000012/origin/1406252">
    <time>
      <value>2002-01-02T00:03:56.6Z</value>
      <uncertainty>0.15</uncertainty>
    </time>
    <latitude>
      <value>43.0743</value>
      <uncertainty>4.3</uncertainty>
    </latitude>
    <longitude>
      <value>-0.4414</value>
      <uncertainty>2.5</uncertainty>
    </longitude>
    <depth>
      <value>10000</value>
    </depth>
    <depthType>from location</depthType>
    <methodID>smi:eu.emsc-csem/origin_method/NA</methodID>
    <quality>
      <usedPhaseCount>15</usedPhaseCount>
      <usedStationCount>8</usedStationCount>
      <standardError>0.55</standardError>
      <azimuthalGap>109</azimuthalGap>
      <minimumDistance>0.04</minimumDistance>
      <maximumDistance>2.64</maximumDistance>
    </quality>
    <evaluationMode>manual</evaluationMode>
    <creationInfo>
      <agencyURI>smi:smi-registry/organization/EMSC</agencyURI>
      <authorURI>smi:smi-registry/organization/EMSC</authorURI>
    </creationInfo>
    <originUncertainty>
      <azimuthMaxHorizontalUncertainty>159</azimuthMaxHorizontalUncertainty>
    </originUncertainty>
  </origin>
  <magnitude publicID="quakeml:eu.emsc/event/20020102_0000012/origin/1406252/mag/1">
    <mag>
      <value>1.1</value>
      <uncertainty>0.3</uncertainty>
    </mag>
    <type>ML</type>
    <originID>quakeml:eu.emsc/event/20020102_0000012/origin/1406252</originID>
    <stationCount>4</stationCount>
    <creationInfo>
      <agencyURI>smi:smi-registry/organization/EMSC</agencyURI>
      <authorURI>smi:smi-registry/organization/EMSC</authorURI>
    </creationInfo>
  </magnitude>
</event>
</eventParameters>
</q:quakeml>
