<?xml version="1.0"?>
<q:quakeml xmlns:q="http://quakeml.org/xmlns/quakeml/1.2"  xmlns="http://quakeml.org/xmlns/bed/1.2">
<eventParameters publicID="smi:eu.emsc/unid">
<event publicID="quakeml:eu.emsc/event/20020821_0000013">
  <preferredOriginID>quakeml:eu.emsc/event/20020821_0000013/origin/1401207</preferredOriginID>
  <preferredMagnitudeID>quakeml:eu.emsc/event/20020821_0000013/origin/1401207/mag/2</preferredMagnitudeID>
  <creationInfo>
    <agencyURI>smi:smi-registry/organization/EMSC</agencyURI>
    <authorURI>smi:smi-registry/organization/EMSC</authorURI>
    <creationTime>2014-12-03T10:33:34.101281Z</creationTime>
  </creationInfo>
  <description>
    <text>IONIAN SEA</text>
    <type>Flinn-Engdahl region</type>
  </description>
  <origin publicID="quakeml:eu.emsc/event/20020821_0000013/origin/1401207">
    <time>
      <value>2002-08-21T22:49:11.0Z</value>
      <uncertainty>0.75</uncertainty>
    </time>
    <latitude>
      <value>37.1864</value>
      <uncertainty>20.4</uncertainty>
    </latitude>
    <longitude>
      <value>20.379</value>
      <uncertainty>8.9</uncertainty>
    </longitude>
    <depth>
      <value>2000</value>
    </depth>
    <depthType>from location</depthType>
    <methodID>smi:eu.emsc-csem/origin_method/NA</methodID>
    <quality>
      <usedPhaseCount>14</usedPhaseCount>
      <usedStationCount>14</usedStationCount>
      <standardError>0.96</standardError>
      <azimuthalGap>197</azimuthalGap>
      <minimumDistance>1</minimumDistance>
      <maximumDistance>7.45</maximumDistance>
    </quality>
    <evaluationMode>manual</evaluationMode>
    <creationInfo>
      <agencyURI>smi:smi-registry/organization/EMSC</agencyURI>
      <authorURI>smi:smi-registry/organization/EMSC</authorURI>
    </creationInfo>
    <originUncertainty>
      <azimuthMaxHorizontalUncertainty>41</azimuthMaxHorizontalUncertainty>
    </originUncertainty>
  </origin>
  <magnitude publicID="quakeml:eu.emsc/event/20020821_0000013/origin/1401207/mag/2">
    <mag>
      <value>4.3</value>
    </mag>
    <type>ML</type>
    <originID>quakeml:eu.emsc/event/20020821_0000013/origin/1401207</originID>
    <creationInfo>
      <agencyURI>smi:smi-registry/organization/EMSC</agencyURI>
      <authorURI>smi:smi-registry/organization/EMSC</authorURI>
    </creationInfo>
  </magnitude>
</event>
<event publicID="quakeml:eu.emsc/event/20020821_0000019">
  <preferredOriginID>quakeml:eu.emsc/event/20020821_0000019/origin/1412446</preferredOriginID>
  <preferredMagnitudeID>quakeml:eu.emsc/event/20020821_0000019/origin/1412446/mag/2</preferredMagnitudeID>
  <creationInfo>
    <agencyURI>smi:smi-registry/organization/EMSC</agencyURI>
    <authorURI>smi:smi-registry/organization/EMSC</authorURI>
    <creationTime>2014-12-10T18:39:04.973033Z</creationTime>
  </creationInfo>
  <description>
    <text>GERMANY</text>
    <type>Flinn-Engdahl region</type>
  </description>
  <origin publicID="quakeml:eu.emsc/event/20020821_0000019/origin/1412446">
    <time>
      <value>2002-08-21T22:12:32.2Z</value>
    </time>
    <latitude>
      <value>51.61</value>
      <uncertainty>9999.9</uncertainty>
    </latitude>
    <longitude>
      <value>7.76</value>
      <uncertainty>9999.9</uncertainty>
    </longitude>
    <depth>
      <value>1000</value>
    </depth>
    <depthType>from location</depthType>
    <methodID>smi:eu.emsc-csem/origin_method/NA</methodID>
    <quality>
      <usedPhaseCount>11</usedPhaseCount>
      <usedStationCount>6</usedStationCount>
      <standardError>2.88</standardError>
      <azimuthalGap>117</azimuthalGap>
      <minimumDistance>0.35</minimumDistance>
      <maximumDistance>3.29</maximumDistance>
    </quality>
    <evaluationMode>manual</evaluationMode>
    <creationInfo>
      <agencyURI>smi:smi-registry/organization/EMSC</agencyURI>
      <authorURI>smi:smi-registry/organization/EMSC</authorURI>
    </creationInfo>
    <originUncertainty>
      <azimuthMaxHorizontalUncertainty>-99</azimuthMaxHorizontalUncertainty>
    </originUncertainty>
  </origin>
  <magnitude publicID="quakeml:eu.emsc/event/20020821_0000019/origin/1412446/mag/2">
    <mag>
      <value>2.1</value>
    </mag>
    <type>ML</type>
    <originID>quakeml:eu.emsc/event/20020821_0000019/origin/1412446</originID>
    <creationInfo>
      <agencyURI>smi:smi-registry/organization/EMSC</agencyURI>
      <authorURI>smi:smi-registry/organization/EMSC</authorURI>
    </creationInfo>
  </magnitude>
</event>
<event publicID="quakeml:eu.emsc/event/20020821_0000012">
  <preferredOriginID>quakeml:eu.emsc/event/20020821_0000012/origin/1412448</preferredOriginID>
  <preferredMagnitudeID>quakeml:eu.emsc/event/20020821_0000012/origin/1412448/mag/2</preferredMagnitudeID>
  <creationInfo>
    <agencyURI>smi:smi-registry/organization/EMSC</agencyURI>
    <authorURI>smi:smi-registry/organization/EMSC</authorURI>
    <creationTime>2014-12-10T17:15:21.200264Z</creationTime>
  </creationInfo>
  <description>
    <text>WESTERN TURKEY</text>
    <type>Flinn-Engdahl region</type>
  </description>
  <origin publicID="quakeml:eu.emsc/event/20020821_0000012/origin/1412448">
    <time>
      <value>2002-08-21T21:40:03.9Z</value>
    </time>
    <latitude>
      <value>40.831</value>
      <uncertainty>9999.9</uncertainty>
    </latitude>
    <longitude>
      <value>27.538</value>
      <uncertainty>9999.9</uncertainty>
    </longitude>
    <depth>
      <value>10000</value>
    </depth>
    <depthType>from location</depthType>
    <methodID>smi:eu.emsc-csem/origin_method/NA</methodID>
    <quality>
      <usedPhaseCount>7</usedPhaseCount>
      <usedStationCount>5</usedStationCount>
      <standardError>1.58</standardError>
      <azimuthalGap>167</azimuthalGap>
      <minimumDistance>0.2</minimumDistance>
      <maximumDistance>0.75</maximumDistance>
    </quality>
    <evaluationMode>manual</evaluationMode>
    <creationInfo>
      <agencyURI>smi:smi-registry/organization/EMSC</agencyURI>
      <authorURI>smi:smi-registry/organization/EMSC</authorURI>
    </creationInfo>
    <originUncertainty>
      <azimuthMaxHorizontalUncertainty>-99</azimuthMaxHorizontalUncertainty>
    </originUncertainty>
  </origin>
  <magnitude publicID="quakeml:eu.emsc/event/20020821_0000012/origin/1412448/mag/2">
    <mag>
      <value>2.9</value>
    </mag>
    <type>MD</type>
    <originID>quakeml:eu.emsc/event/20020821_0000012/origin/1412448</originID>
    <creationInfo>
      <agencyURI>smi:smi-registry/organization/EMSC</agencyURI>
      <authorURI>smi:smi-registry/organization/EMSC</authorURI>
    </creationInfo>
  </magnitude>
</event>
<event publicID="quakeml:eu.emsc/event/20020821_0000011">
  <preferredOriginID>quakeml:eu.emsc/event/20020821_0000011/origin/1401212</preferredOriginID>
  <preferredMagnitudeID>quakeml:eu.emsc/event/20020821_0000011/origin/1401212/mag/1</preferredMagnitudeID>
  <creationInfo>
    <agencyURI>smi:smi-registry/organization/EMSC</agencyURI>
    <authorURI>smi:smi-registry/organization/EMSC</authorURI>
    <creationTime>2014-12-03T12:03:37.746163Z</creationTime>
  </creationInfo>
  <description>
    <text>NORTHERN ALGERIA</text>
    <type>Flinn-Engdahl region</type>
  </description>
  <origin publicID="quakeml:eu.emsc/event/20020821_0000011/origin/1401212">
    <time>
      <value>2002-08-21T19:37:57.7Z</value>
      <uncertainty>0.29</uncertainty>
    </time>
    <latitude>
      <value>36.7209</value>
      <uncertainty>6.8</uncertainty>
    </latitude>
    <longitude>
      <value>1.5402</value>
      <uncertainty>3.2</uncertainty>
    </longitude>
    <depth>
      <value>40000</value>
    </depth>
    <depthType>from location</depthType>
    <methodID>smi:eu.emsc-csem/origin_method/NA</methodID>
    <quality>
      <usedPhaseCount>107</usedPhaseCount>
      <usedStationCount>75</usedStationCount>
      <standardError>1.07</standardError>
      <azimuthalGap>212</azimuthalGap>
      <minimumDistance>2.31</minimumDistance>
      <maximumDistance>58.58</maximumDistance>
    </quality>
    <evaluationMode>manual</evaluationMode>
    <creationInfo>
      <agencyURI>smi:smi-registry/organization/EMSC</agencyURI>
      <authorURI>smi:smi-registry/organization/EMSC</authorURI>
    </creationInfo>
    <originUncertainty>
      <azimuthMaxHorizontalUncertainty>156</azimuthMaxHorizontalUncertainty>
    </originUncertainty>
  </origin>
  <magnitude publicID="quakeml:eu.emsc/event/20020821_0000011/origin/1401212/mag/1">
    <mag>
      <value>3.5</value>
      <uncertainty>0.3</uncertainty>
    </mag>
    <type>ML</type>
    <originID>quakeml:eu.emsc/event/20020821_0000011/origin/1401212</originID>
    <stationCount>28</stationCount>
    <creationInfo>
      <agencyURI>smi:smi-registry/organization/EMSC</agencyURI>
      <authorURI>smi:smi-registry/organization/EMSC</authorURI>
    </creationInfo>
  </magnitude>
</event>
<event publicID="quakeml:eu.emsc/event/20020821_0000010">
  <preferredOriginID>quakeml:eu.emsc/event/20020821_0000010/origin/1401217</preferredOriginID>
  <preferredMagnitudeID>quakeml:eu.emsc/event/20020821_0000010/origin/1401217/mag/1</preferredMagnitudeID>
  <creationInfo>
    <agencyURI>smi:smi-registry/organization/EMSC</agencyURI>
    <authorURI>smi:smi-registry/organization/EMSC</authorURI>
    <creationTime>2014-12-03T10:27:46.828998Z</creationTime>
  </creationInfo>
  <description>
    <text>PYRENEES</text>
    <type>Flinn-Engdahl region</type>
  </description>
  <origin publicID="quakeml:eu.emsc/event/20020821_0000010/origin/1401217">
    <time>
      <value>2002-08-21T19:05:31.2Z</value>
      <uncertainty>0.13</uncertainty>
    </time>
    <latitude>
      <value>43.2114</value>
      <uncertainty>2.9</uncertainty>
    </latitude>
    <longitude>
      <value>-0.6338</value>
      <uncertainty>2.6</uncertainty>
    </longitude>
    <depth>
      <value>15000</value>
    </depth>
    <depthType>from location</depthType>
    <methodID>smi:eu.emsc-csem/origin_method/NA</methodID>
    <quality>
      <usedPhaseCount>86</usedPhaseCount>
      <usedStationCount>51</usedStationCount>
      <standardError>1.08</standardError>
      <azimuthalGap>64</azimuthalGap>
      <minimumDistance>0.13</minimumDistance>
      <maximumDistance>5.9</maximumDistance>
    </quality>
    <evaluationMode>manual</evaluationMode>
    <creationInfo>
      <agencyURI>smi:smi-registry/organization/EMSC</agencyURI>
      <authorURI>smi:smi-registry/organization/EMSC</authorURI>
    </creationInfo>
    <originUncertainty>
      <azimuthMaxHorizontalUncertainty>150</azimuthMaxHorizontalUncertainty>
    </originUncertainty>
  </origin>
  <magnitude publicID="quakeml:eu.emsc/event/20020821_0000010/origin/1401217/mag/1">
    <mag>
      <value>2.9</value>
      <uncertainty>0.3</uncertainty>
    </mag>
    <type>ML</type>
    <originID>quakeml:eu.emsc/event/20020821_0000010/origin/1401217</originID>
    <stationCount>18</stationCount>
    <creationInfo>
      <agencyURI>smi:smi-registry/organization/EMSC</agencyURI>
      <authorURI>smi:smi-registry/organization/EMSC</authorURI>
    </creationInfo>
  </magnitude>
</event>
<event publicID="quakeml:eu.emsc/event/20020821_0000017">
  <preferredOriginID>quakeml:eu.emsc/event/20020821_0000017/origin/1412450</preferredOriginID>
  <preferredMagnitudeID>quakeml:eu.emsc/event/20020821_0000017/origin/1412450/mag/2</preferredMagnitudeID>
  <creationInfo>
    <agencyURI>smi:smi-registry/organization/EMSC</agencyURI>
    <authorURI>smi:smi-registry/organization/EMSC</authorURI>
    <creationTime>2014-12-10T18:39:04.485616Z</creationTime>
  </creationInfo>
  <description>
    <text>NORTHERN ITALY</text>
    <type>Flinn-Engdahl region</type>
  </description>
  <origin publicID="quakeml:eu.emsc/event/20020821_0000017/origin/1412450">
    <time>
      <value>2002-08-21T18:05:01.0Z</value>
    </time>
    <latitude>
      <value>44.844</value>
      <uncertainty>9999.9</uncertainty>
    </latitude>
    <longitude>
      <value>8.471</value>
      <uncertainty>9999.9</uncertainty>
    </longitude>
    <depth>
      <value>3000</value>
    </depth>
    <depthType>from location</depthType>
    <methodID>smi:eu.emsc-csem/origin_method/NA</methodID>
    <quality>
      <usedPhaseCount>18</usedPhaseCount>
      <usedStationCount>13</usedStationCount>
      <standardError>1.31</standardError>
      <azimuthalGap>200</azimuthalGap>
      <minimumDistance>0.08</minimumDistance>
      <maximumDistance>1.08</maximumDistance>
    </quality>
    <evaluationMode>manual</evaluationMode>
    <creationInfo>
      <agencyURI>smi:smi-registry/organization/EMSC</agencyURI>
      <authorURI>smi:smi-registry/organization/EMSC</authorURI>
    </creationInfo>
    <originUncertainty>
      <azimuthMaxHorizontalUncertainty>-99</azimuthMaxHorizontalUncertainty>
    </originUncertainty>
  </origin>
  <magnitude publicID="quakeml:eu.emsc/event/20020821_0000017/origin/1412450/mag/2">
    <mag>
      <value>2.4</value>
    </mag>
    <type>ML</type>
    <originID>quakeml:eu.emsc/event/20020821_0000017/origin/1412450</originID>
    <creationInfo>
      <agencyURI>smi:smi-registry/organization/EMSC</agencyURI>
      <authorURI>smi:smi-registry/organization/EMSC</authorURI>
    </creationInfo>
  </magnitude>
</event>
<event publicID="quakeml:eu.emsc/event/20020821_0000009">
  <preferredOriginID>quakeml:eu.emsc/event/20020821_0000009/origin/1401220</preferredOriginID>
  <preferredMagnitudeID>quakeml:eu.emsc/event/20020821_0000009/origin/1401220/mag/2</preferredMagnitudeID>
  <creationInfo>
    <agencyURI>smi:smi-registry/organization/EMSC</agencyURI>
    <authorURI>smi:smi-registry/organization/EMSC</authorURI>
    <creationTime>2014-12-03T11:02:11.46957Z</creationTime>
  </creationInfo>
  <description>
    <text>GREECE</text>
    <type>Flinn-Engdahl region</type>
  </description>
  <origin publicID="quakeml:eu.emsc/event/20020821_0000009/origin/1401220">
    <time>
      <value>2002-08-21T16:48:03.2Z</value>
      <uncertainty>1.5</uncertainty>
    </time>
    <latitude>
      <value>38.0787</value>
      <uncertainty>36.2</uncertainty>
    </latitude>
    <longitude>
      <value>20.4945</value>
      <uncertainty>15.2</uncertainty>
    </longitude>
    <depth>
      <value>2000</value>
    </depth>
    <depthType>from location</depthType>
    <methodID>smi:eu.emsc-csem/origin_method/NA</methodID>
    <quality>
      <usedPhaseCount>10</usedPhaseCount>
      <usedStationCount>9</usedStationCount>
      <standardError>1.62</standardError>
      <azimuthalGap>213</azimuthalGap>
      <minimumDistance>0.12</minimumDistance>
      <maximumDistance>2.55</maximumDistance>
    </quality>
    <evaluationMode>manual</evaluationMode>
    <creationInfo>
      <agencyURI>smi:smi-registry/organization/EMSC</agencyURI>
      <authorURI>smi:smi-registry/organization/EMSC</authorURI>
    </creationInfo>
    <originUncertainty>
      <azimuthMaxHorizontalUncertainty>54</azimuthMaxHorizontalUncertainty>
    </originUncertainty>
  </origin>
  <magnitude publicID="quakeml:eu.emsc/event/20020821_0000009/origin/1401220/mag/2">
    <mag>
      <value>3.4</value>
    </mag>
    <type>MD</type>
    <originID>quakeml:eu.emsc/event/20020821_0000009/origin/1401220</originID>
    <creationInfo>
      <agencyURI>smi:smi-registry/organization/EMSC</agencyURI>
      <authorURI>smi:smi-registry/organization/EMSC</authorURI>
    </creationInfo>
  </magnitude>
</event>
<event publicID="quakeml:eu.emsc/event/20020821_0000008">
  <preferredOriginID>quakeml:eu.emsc/event/20020821_0000008/origin/1401224</preferredOriginID>
  <preferredMagnitudeID>quakeml:eu.emsc/event/20020821_0000008/origin/1401224/mag/2</preferredMagnitudeID>
  <creationInfo>
    <agencyURI>smi:smi-registry/organization/EMSC</agencyURI>
    <authorURI>smi:smi-registry/organization/EMSC</authorURI>
    <creationTime>2014-12-03T11:22:36.700576Z</creationTime>
  </creationInfo>
  <description>
    <text>AEGEAN SEA</text>
    <type>Flinn-Engdahl region</type>
  </description>
  <origin publicID="quakeml:eu.emsc/event/20020821_0000008/origin/1401224">
    <time>
      <value>2002-08-21T13:22:54.5Z</value>
      <uncertainty>0.22</uncertainty>
    </time>
    <latitude>
      <value>39.8898</value>
      <uncertainty>5.4</uncertainty>
    </latitude>
    <longitude>
      <value>24.4108</value>
      <uncertainty>3.9</uncertainty>
    </longitude>
    <depth>
      <value>20000</value>
    </depth>
    <depthType>from location</depthType>
    <methodID>smi:eu.emsc-csem/origin_method/NA</methodID>
    <quality>
      <usedPhaseCount>22</usedPhaseCount>
      <usedStationCount>13</usedStationCount>
      <standardError>1.02</standardError>
      <azimuthalGap>96</azimuthalGap>
      <minimumDistance>0.52</minimumDistance>
      <maximumDistance>1.72</maximumDistance>
    </quality>
    <evaluationMode>manual</evaluationMode>
    <creationInfo>
      <agencyURI>smi:smi-registry/organization/EMSC</agencyURI>
      <authorURI>smi:smi-registry/organization/EMSC</authorURI>
    </creationInfo>
    <originUncertainty>
      <azimuthMaxHorizontalUncertainty>7</azimuthMaxHorizontalUncertainty>
    </originUncertainty>
  </origin>
  <magnitude publicID="quakeml:eu.emsc/event/20020821_0000008/origin/1401224/mag/2">
    <mag>
      <value>3.2</value>
    </mag>
    <type>MD</type>
    <originID>quakeml:eu.emsc/event/20020821_0000008/origin/1401224</originID>
    <creationInfo>
      <agencyURI>smi:smi-registry/organization/EMSC</agencyURI>
      <authorURI>smi:smi-registry/organization/EMSC</authorURI>
    </creationInfo>
  </magnitude>
</event>
<event publicID="quakeml:eu.emsc/event/20020821_0000018">
  <preferredOriginID>quakeml:eu.emsc/event/20020821_0000018/origin/1400673</preferredOriginID>
  <preferredMagnitudeID>quakeml:eu.emsc/event/20020821_0000018/origin/1400673/mag/2</preferredMagnitudeID>
  <creationInfo>
    <agencyURI>smi:smi-registry/organization/EMSC</agencyURI>
    <authorURI>smi:smi-registry/organization/EMSC</authorURI>
    <creationTime>2014-12-03T16:44:26.774851Z</creationTime>
  </creationInfo>
  <description>
    <text>PYRENEES</text>
    <type>Flinn-Engdahl region</type>
  </description>
  <origin publicID="quakeml:eu.emsc/event/20020821_0000018/origin/1400673">
    <time>
      <value>2002-08-21T12:26:27.3Z</value>
      <uncertainty>0.06</uncertainty>
    </time>
    <latitude>
      <value>43.0398</value>
      <uncertainty>2</uncertainty>
    </latitude>
    <longitude>
      <value>-0.1227</value>
      <uncertainty>0.8</uncertainty>
    </longitude>
    <depth>
      <value>15000</value>
    </depth>
    <depthType>from location</depthType>
    <methodID>smi:eu.emsc-csem/origin_method/NA</methodID>
    <quality>
      <usedPhaseCount>12</usedPhaseCount>
      <usedStationCount>6</usedStationCount>
      <standardError>0.17</standardError>
      <azimuthalGap>160</azimuthalGap>
      <minimumDistance>0.19</minimumDistance>
      <maximumDistance>1.74</maximumDistance>
    </quality>
    <evaluationMode>manual</evaluationMode>
    <creationInfo>
      <agencyURI>smi:smi-registry/organization/EMSC</agencyURI>
      <authorURI>smi:smi-registry/organization/EMSC</authorURI>
    </creationInfo>
  </origin>
  <magnitude publicID="quakeml:eu.emsc/event/20020821_0000018/origin/1400673/mag/2">
    <mag>
      <value>2</value>
    </mag>
    <type>ML</type>
    <originID>quakeml:eu.emsc/event/20020821_0000018/origin/1400673</originID>
    <creationInfo>
      <agencyURI>smi:smi-registry/organization/EMSC</agencyURI>
      <authorURI>smi:smi-registry/organization/EMSC</authorURI>
    </creationInfo>
  </magnitude>
</event>
<event publicID="quakeml:eu.emsc/event/20020821_0000006">
  <preferredOriginID>quakeml:eu.emsc/event/20020821_0000006/origin/1401227</preferredOriginID>
  <preferredMagnitudeID>quakeml:eu.emsc/event/20020821_0000006/origin/1401227/mag/2</preferredMagnitudeID>
  <creationInfo>
    <agencyURI>smi:smi-registry/organization/EMSC</agencyURI>
    <authorURI>smi:smi-registry/organization/EMSC</authorURI>
    <creationTime>2014-12-03T10:50:54.783672Z</creationTime>
  </creationInfo>
  <description>
    <text>GREECE</text>
    <type>Flinn-Engdahl region</type>
  </description>
  <origin publicID="quakeml:eu.emsc/event/20020821_0000006/origin/1401227">
    <time>
      <value>2002-08-21T11:14:22.1Z</value>
      <uncertainty>0.25</uncertainty>
    </time>
    <latitude>
      <value>38.115</value>
      <uncertainty>6.2</uncertainty>
    </latitude>
    <longitude>
      <value>20.1739</value>
      <uncertainty>5.6</uncertainty>
    </longitude>
    <depth>
      <value>5000</value>
    </depth>
    <depthType>from location</depthType>
    <methodID>smi:eu.emsc-csem/origin_method/NA</methodID>
    <quality>
      <usedPhaseCount>23</usedPhaseCount>
      <usedStationCount>22</usedStationCount>
      <standardError>0.81</standardError>
      <azimuthalGap>74</azimuthalGap>
      <minimumDistance>0.33</minimumDistance>
      <maximumDistance>42.11</maximumDistance>
    </quality>
    <evaluationMode>manual</evaluationMode>
    <creationInfo>
      <agencyURI>smi:smi-registry/organization/EMSC</agencyURI>
      <authorURI>smi:smi-registry/organization/EMSC</authorURI>
    </creationInfo>
    <originUncertainty>
      <azimuthMaxHorizontalUncertainty>36</azimuthMaxHorizontalUncertainty>
    </originUncertainty>
  </origin>
  <magnitude publicID="quakeml:eu.emsc/event/20020821_0000006/origin/1401227/mag/2">
    <mag>
      <value>3.8</value>
    </mag>
    <type>ML</type>
    <originID>quakeml:eu.emsc/event/20020821_0000006/origin/1401227</originID>
    <creationInfo>
      <agencyURI>smi:smi-registry/organization/EMSC</agencyURI>
      <authorURI>smi:smi-registry/organization/EMSC</authorURI>
    </creationInfo>
  </magnitude>
</event>
<event publicID="quakeml:eu.emsc/event/20020821_0000020">
  <preferredOriginID>quakeml:eu.emsc/event/20020821_0000020/origin/1412452</preferredOriginID>
  <preferredMagnitudeID>quakeml:eu.emsc/event/20020821_0000020/origin/1412452/mag/2</preferredMagnitudeID>
  <creationInfo>
    <agencyURI>smi:smi-registry/organization/EMSC</agencyURI>
    <authorURI>smi:smi-registry/organization/EMSC</authorURI>
    <creationTime>2014-12-10T18:39:04.40134Z</creationTime>
  </creationInfo>
  <description>
    <text>NORTHERN ITALY</text>
    <type>Flinn-Engdahl region</type>
  </description>
  <origin publicID="quakeml:eu.emsc/event/20020821_0000020/origin/1412452">
    <time>
      <value>2002-08-21T06:54:29.6Z</value>
    </time>
    <latitude>
      <value>44.0247</value>
      <uncertainty>9999.9</uncertainty>
    </latitude>
    <longitude>
      <value>7.1682</value>
      <uncertainty>9999.9</uncertainty>
    </longitude>
    <depth>
      <value>9400.0</value>
    </depth>
    <depthType>from location</depthType>
    <methodID>smi:eu.emsc-csem/origin_method/NA</methodID>
    <quality>
      <usedPhaseCount>21</usedPhaseCount>
      <usedStationCount>13</usedStationCount>
      <standardError>9.31</standardError>
      <azimuthalGap>252</azimuthalGap>
      <minimumDistance>0.25</minimumDistance>
      <maximumDistance>1.43</maximumDistance>
    </quality>
    <evaluationMode>manual</evaluationMode>
    <creationInfo>
      <agencyURI>smi:smi-registry/organization/EMSC</agencyURI>
      <authorURI>smi:smi-registry/organization/EMSC</authorURI>
    </creationInfo>
    <originUncertainty>
      <azimuthMaxHorizontalUncertainty>-99</azimuthMaxHorizontalUncertainty>
    </originUncertainty>
  </origin>
  <magnitude publicID="quakeml:eu.emsc/event/20020821_0000020/origin/1412452/mag/2">
    <mag>
      <value>2.2</value>
    </mag>
    <type>ML</type>
    <originID>quakeml:eu.emsc/event/20020821_0000020/origin/1412452</originID>
    <creationInfo>
      <agencyURI>smi:smi-registry/organization/EMSC</agencyURI>
      <authorURI>smi:smi-registry/organization/EMSC</authorURI>
    </creationInfo>
  </magnitude>
</event>
<event publicID="quakeml:eu.emsc/event/20020821_0000005">
  <preferredOriginID>quakeml:eu.emsc/event/20020821_0000005/origin/1412454</preferredOriginID>
  <preferredMagnitudeID>quakeml:eu.emsc/event/20020821_0000005/origin/1412454/mag/2</preferredMagnitudeID>
  <creationInfo>
    <agencyURI>smi:smi-registry/organization/EMSC</agencyURI>
    <authorURI>smi:smi-registry/organization/EMSC</authorURI>
    <creationTime>2014-12-10T17:15:10.762852Z</creationTime>
  </creationInfo>
  <description>
    <text>RED SEA</text>
    <type>Flinn-Engdahl region</type>
  </description>
  <origin publicID="quakeml:eu.emsc/event/20020821_0000005/origin/1412454">
    <time>
      <value>2002-08-21T06:11:33.9Z</value>
    </time>
    <latitude>
      <value>23.23</value>
      <uncertainty>9999.9</uncertainty>
    </latitude>
    <longitude>
      <value>37.45</value>
      <uncertainty>9999.9</uncertainty>
    </longitude>
    <depth>
      <value>33000</value>
    </depth>
    <depthType>from location</depthType>
    <methodID>smi:eu.emsc-csem/origin_method/NA</methodID>
    <quality>
      <usedPhaseCount>5</usedPhaseCount>
      <usedStationCount>4</usedStationCount>
      <standardError>1.36</standardError>
      <azimuthalGap>329</azimuthalGap>
      <minimumDistance>2.97</minimumDistance>
      <maximumDistance>4.37</maximumDistance>
    </quality>
    <evaluationMode>manual</evaluationMode>
    <creationInfo>
      <agencyURI>smi:smi-registry/organization/EMSC</agencyURI>
      <authorURI>smi:smi-registry/organization/EMSC</authorURI>
    </creationInfo>
    <originUncertainty>
      <azimuthMaxHorizontalUncertainty>-99</azimuthMaxHorizontalUncertainty>
    </originUncertainty>
  </origin>
  <magnitude publicID="quakeml:eu.emsc/event/20020821_0000005/origin/1412454/mag/2">
    <mag>
      <value>3</value>
    </mag>
    <type>ML</type>
    <originID>quakeml:eu.emsc/event/20020821_0000005/origin/1412454</originID>
    <creationInfo>
      <agencyURI>smi:smi-registry/organization/EMSC</agencyURI>
      <authorURI>smi:smi-registry/organization/EMSC</authorURI>
    </creationInfo>
  </magnitude>
</event>
<event publicID="quakeml:eu.emsc/event/20020821_0000004">
  <preferredOriginID>quakeml:eu.emsc/event/20020821_0000004/origin/1401231</preferredOriginID>
  <preferredMagnitudeID>quakeml:eu.emsc/event/20020821_0000004/origin/1401231/mag/2</preferredMagnitudeID>
  <creationInfo>
    <agencyURI>smi:smi-registry/organization/EMSC</agencyURI>
    <authorURI>smi:smi-registry/organization/EMSC</authorURI>
    <creationTime>2014-12-03T10:25:04.603125Z</creationTime>
  </creationInfo>
  <description>
    <text>AEGEAN SEA</text>
    <type>Flinn-Engdahl region</type>
  </description>
  <origin publicID="quakeml:eu.emsc/event/20020821_0000004/origin/1401231">
    <time>
      <value>2002-08-21T05:54:10.6Z</value>
      <uncertainty>0.25</uncertainty>
    </time>
    <latitude>
      <value>38.9721</value>
      <uncertainty>5.5</uncertainty>
    </latitude>
    <longitude>
      <value>24.3281</value>
      <uncertainty>4.4</uncertainty>
    </longitude>
    <depth>
      <value>19600.0</value>
      <uncertainty>0.5</uncertainty>
    </depth>
    <depthType>from location</depthType>
    <methodID>smi:eu.emsc-csem/origin_method/NA</methodID>
    <quality>
      <usedPhaseCount>26</usedPhaseCount>
      <usedStationCount>18</usedStationCount>
      <standardError>0.83</standardError>
      <azimuthalGap>126</azimuthalGap>
      <minimumDistance>0.4</minimumDistance>
      <maximumDistance>2.61</maximumDistance>
    </quality>
    <evaluationMode>manual</evaluationMode>
    <creationInfo>
      <agencyURI>smi:smi-registry/organization/EMSC</agencyURI>
      <authorURI>smi:smi-registry/organization/EMSC</authorURI>
    </creationInfo>
    <originUncertainty>
      <azimuthMaxHorizontalUncertainty>146</azimuthMaxHorizontalUncertainty>
    </originUncertainty>
  </origin>
  <magnitude publicID="quakeml:eu.emsc/event/20020821_0000004/origin/1401231/mag/2">
    <mag>
      <value>2.7</value>
    </mag>
    <type>ML</type>
    <originID>quakeml:eu.emsc/event/20020821_0000004/origin/1401231</originID>
    <creationInfo>
      <agencyURI>smi:smi-registry/organization/EMSC</agencyURI>
      <authorURI>smi:smi-registry/organization/EMSC</authorURI>
    </creationInfo>
  </magnitude>
</event>
<event publicID="quakeml:eu.emsc/event/20020821_0000016">
  <preferredOriginID>quakeml:eu.emsc/event/20020821_0000016/origin/1400677</preferredOriginID>
  <preferredMagnitudeID>quakeml:eu.emsc/event/20020821_0000016/origin/1400677/mag/1</preferredMagnitudeID>
  <creationInfo>
    <agencyURI>smi:smi-registry/organization/EMSC</agencyURI>
    <authorURI>smi:smi-registry/organization/EMSC</authorURI>
    <creationTime>2014-12-03T15:39:22.360051Z</creationTime>
  </creationInfo>
  <description>
    <text>NORTHERN ITALY</text>
    <type>Flinn-Engdahl region</type>
  </description>
  <origin publicID="quakeml:eu.emsc/event/20020821_0000016/origin/1400677">
    <time>
      <value>2002-08-21T04:03:39.9Z</value>
      <uncertainty>0.05</uncertainty>
    </time>
    <latitude>
      <value>44.4895</value>
      <uncertainty>1.3</uncertainty>
    </latitude>
    <longitude>
      <value>7.1603</value>
      <uncertainty>0.8</uncertainty>
    </longitude>
    <depth>
      <value>12000</value>
    </depth>
    <depthType>from location</depthType>
    <methodID>smi:eu.emsc-csem/origin_method/NA</methodID>
    <quality>
      <usedPhaseCount>47</usedPhaseCount>
      <usedStationCount>29</usedStationCount>
      <standardError>0.48</standardError>
      <azimuthalGap>44</azimuthalGap>
      <minimumDistance>0.04</minimumDistance>
      <maximumDistance>2.36</maximumDistance>
    </quality>
    <evaluationMode>manual</evaluationMode>
    <creationInfo>
      <agencyURI>smi:smi-registry/organization/EMSC</agencyURI>
      <authorURI>smi:smi-registry/organization/EMSC</authorURI>
    </creationInfo>
    <originUncertainty>
      <azimuthMaxHorizontalUncertainty>64</azimuthMaxHorizontalUncertainty>
    </originUncertainty>
  </origin>
  <magnitude publicID="quakeml:eu.emsc/event/20020821_0000016/origin/1400677/mag/1">
    <mag>
      <value>1.9</value>
      <uncertainty>0.3</uncertainty>
    </mag>
    <type>ML</type>
    <originID>quakeml:eu.emsc/event/20020821_0000016/origin/1400677</originID>
    <stationCount>7</stationCount>
    <creationInfo>
      <agencyURI>smi:smi-registry/organization/EMSC</agencyURI>
      <authorURI>smi:smi-registry/organization/EMSC</authorURI>
    </creationInfo>
  </magnitude>
</event>
<event publicID="quakeml:eu.emsc/event/20020821_0000002">
  <preferredOriginID>quakeml:eu.emsc/event/20020821_0000002/origin/1401235</preferredOriginID>
  <preferredMagnitudeID>quakeml:eu.emsc/event/20020821_0000002/origin/1401235/mag/2</preferredMagnitudeID>
  <creationInfo>
    <agencyURI>smi:smi-registry/organization/EMSC</agencyURI>
    <authorURI>smi:smi-registry/organization/EMSC</authorURI>
    <creationTime>2014-12-03T10:40:07.65783Z</creationTime>
  </creationInfo>
  <description>
    <text>AEGEAN SEA</text>
    <type>Flinn-Engdahl region</type>
  </description>
  <origin publicID="quakeml:eu.emsc/event/20020821_0000002/origin/1401235">
    <time>
      <value>2002-08-21T03:25:08.3Z</value>
      <uncertainty>0.3</uncertainty>
    </time>
    <latitude>
      <value>38.6917</value>
      <uncertainty>6.8</uncertainty>
    </latitude>
    <longitude>
      <value>24.3812</value>
      <uncertainty>6.6</uncertainty>
    </longitude>
    <depth>
      <value>15000</value>
    </depth>
    <depthType>from location</depthType>
    <methodID>smi:eu.emsc-csem/origin_method/NA</methodID>
    <quality>
      <usedPhaseCount>20</usedPhaseCount>
      <usedStationCount>16</usedStationCount>
      <standardError>0.93</standardError>
      <azimuthalGap>94</azimuthalGap>
      <minimumDistance>0.62</minimumDistance>
      <maximumDistance>2.72</maximumDistance>
    </quality>
    <evaluationMode>manual</evaluationMode>
    <creationInfo>
      <agencyURI>smi:smi-registry/organization/EMSC</agencyURI>
      <authorURI>smi:smi-registry/organization/EMSC</authorURI>
    </creationInfo>
    <originUncertainty>
      <azimuthMaxHorizontalUncertainty>114</azimuthMaxHorizontalUncertainty>
    </originUncertainty>
  </origin>
  <magnitude publicID="quakeml:eu.emsc/event/20020821_0000002/origin/1401235/mag/2">
    <mag>
      <value>2.9</value>
    </mag>
    <type>ML</type>
    <originID>quakeml:eu.emsc/event/20020821_0000002/origin/1401235</originID>
    <creationInfo>
      <agencyURI>smi:smi-registry/organization/EMSC</agencyURI>
      <authorURI>smi:smi-registry/organization/EMSC</authorURI>
    </creationInfo>
  </magnitude>
</event>
<event publicID="quakeml:eu.emsc/event/20020821_0000001">
  <preferredOriginID>quakeml:eu.emsc/event/20020821_0000001/origin/1401239</preferredOriginID>
  <preferredMagnitudeID>quakeml:eu.emsc/event/20020821_0000001/origin/1401239/mag/2</preferredMagnitudeID>
  <creationInfo>
    <agencyURI>smi:smi-registry/organization/EMSC</agencyURI>
    <authorURI>smi:smi-registry/organization/EMSC</authorURI>
    <creationTime>2014-12-03T11:14:51.254094Z</creationTime>
  </creationInfo>
  <description>
    <text>AEGEAN SEA</text>
    <type>Flinn-Engdahl region</type>
  </description>
  <origin publicID="quakeml:eu.emsc/event/20020821_0000001/origin/1401239">
    <time>
      <value>2002-08-21T02:55:20.9Z</value>
      <uncertainty>0.28</uncertainty>
    </time>
    <latitude>
      <value>38.7271</value>
      <uncertainty>8.2</uncertainty>
    </latitude>
    <longitude>
      <value>24.544</value>
      <uncertainty>6.7</uncertainty>
    </longitude>
    <depth>
      <value>2000</value>
    </depth>
    <depthType>from location</depthType>
    <methodID>smi:eu.emsc-csem/origin_method/NA</methodID>
    <quality>
      <usedPhaseCount>40</usedPhaseCount>
      <usedStationCount>39</usedStationCount>
      <standardError>1.44</standardError>
      <azimuthalGap>39</azimuthalGap>
      <minimumDistance>1</minimumDistance>
      <maximumDistance>42.31</maximumDistance>
    </quality>
    <evaluationMode>manual</evaluationMode>
    <creationInfo>
      <agencyURI>smi:smi-registry/organization/EMSC</agencyURI>
      <authorURI>smi:smi-registry/organization/EMSC</authorURI>
    </creationInfo>
    <originUncertainty>
      <azimuthMaxHorizontalUncertainty>7</azimuthMaxHorizontalUncertainty>
    </originUncertainty>
  </origin>
  <magnitude publicID="quakeml:eu.emsc/event/20020821_0000001/origin/1401239/mag/2">
    <mag>
      <value>3.2</value>
    </mag>
    <type>ML</type>
    <originID>quakeml:eu.emsc/event/20020821_0000001/origin/1401239</originID>
    <creationInfo>
      <agencyURI>smi:smi-registry/organization/EMSC</agencyURI>
      <authorURI>smi:smi-registry/organization/EMSC</authorURI>
    </creationInfo>
  </magnitude>
</event>
</eventParameters>
</q:quakeml>
