<?xml version="1.0"?>
<q:quakeml xmlns:q="http://quakeml.org/xmlns/quakeml/1.2"  xmlns="http://quakeml.org/xmlns/bed/1.2">
<eventParameters publicID="smi:eu.emsc/unid">
<event publicID="quakeml:eu.emsc/event/20020125_0000017">
  <preferredOriginID>quakeml:eu.emsc/event/20020125_0000017/origin/1415830</preferredOriginID>
  <preferredMagnitudeID>quakeml:eu.emsc/event/20020125_0000017/origin/1415830/mag/2</preferredMagnitudeID>
  <creationInfo>
    <agencyURI>smi:smi-registry/organization/EMSC</agencyURI>
    <authorURI>smi:smi-registry/organization/EMSC</authorURI>
    <creationTime>2014-12-10T18:33:34.110762Z</creationTime>
  </creationInfo>
  <description>
    <text>FRANCE</text>
    <type>Flinn-Engdahl region</type>
  </description>
  <origin publicID="quakeml:eu.emsc/event/20020125_0000017/origin/1415830">
    <time>
      <value>2002-01-25T23:07:21.1Z</value>
    </time>
    <latitude>
      <value>44.441</value>
      <uncertainty>9999.9</uncertainty>
    </latitude>
    <longitude>
      <value>6.9167</value>
      <uncertainty>9999.9</uncertainty>
    </longitude>
    <depth>
      <value>4200.0</value>
    </depth>
    <depthType>from location</depthType>
    <methodID>smi:eu.emsc-csem/origin_method/NA</methodID>
    <quality>
      <usedPhaseCount>19</usedPhaseCount>
      <usedStationCount>10</usedStationCount>
      <standardError>4.05</standardError>
      <azimuthalGap>256</azimuthalGap>
      <minimumDistance>0.15</minimumDistance>
      <maximumDistance>0.96</maximumDistance>
    </quality>
    <evaluationMode>manual</evaluationMode>
    <creationInfo>
      <agencyURI>smi:smi-registry/organization/EMSC</agencyURI>
      <authorURI>smi:smi-registry/organization/EMSC</authorURI>
    </creationInfo>
    <originUncertainty>
      <azimuthMaxHorizontalUncertainty>-99</azimuthMaxHorizontalUncertainty>
    </originUncertainty>
  </origin>
  <magnitude publicID="quakeml:eu.emsc/event/20020125_0000017/origin/1415830/mag/2">
    <mag>
      <value>2.1</value>
    </mag>
    <type>ML</type>
    <originID>quakeml:eu.emsc/event/20020125_0000017/origin/1415830</originID>
    <creationInfo>
      <agencyURI>smi:smi-registry/organization/EMSC</agencyURI>
      <authorURI>smi:smi-registry/organization/EMSC</authorURI>
    </creationInfo>
  </magnitude>
</event>
<event publicID="quakeml:eu.emsc/event/20020125_0000009">
  <preferredOriginID>quakeml:eu.emsc/event/20020125_0000009/origin/1406600</preferredOriginID>
  <preferredMagnitudeID>quakeml:eu.emsc/event/20020125_0000009/origin/1406600/mag/2</preferredMagnitudeID>
  <creationInfo>
    <agencyURI>smi:smi-registry/organization/EMSC</agencyURI>
    <authorURI>smi:smi-registry/organization/EMSC</authorURI>
    <creationTime>2014-12-03T12:09:11.369245Z</creationTime>
  </creationInfo>
  <description>
    <text>WESTERN TURKEY</text>
    <type>Flinn-Engdahl region</type>
  </description>
  <origin publicID="quakeml:eu.emsc/event/20020125_0000009/origin/1406600">
    <time>
      <value>2002-01-25T17:58:03.1Z</value>
      <uncertainty>0.3</uncertainty>
    </time>
    <latitude>
      <value>38.4252</value>
      <uncertainty>7.1</uncertainty>
    </latitude>
    <longitude>
      <value>28.2436</value>
      <uncertainty>6.3</uncertainty>
    </longitude>
    <depth>
      <value>19900.0</value>
      <uncertainty>0.1</uncertainty>
    </depth>
    <depthType>from location</depthType>
    <methodID>smi:eu.emsc-csem/origin_method/NA</methodID>
    <quality>
      <usedPhaseCount>6</usedPhaseCount>
      <usedStationCount>4</usedStationCount>
      <standardError>0.43</standardError>
      <azimuthalGap>164</azimuthalGap>
      <minimumDistance>0.77</minimumDistance>
      <maximumDistance>2.54</maximumDistance>
    </quality>
    <evaluationMode>manual</evaluationMode>
    <creationInfo>
      <agencyURI>smi:smi-registry/organization/EMSC</agencyURI>
      <authorURI>smi:smi-registry/organization/EMSC</authorURI>
    </creationInfo>
    <originUncertainty>
      <azimuthMaxHorizontalUncertainty>102</azimuthMaxHorizontalUncertainty>
    </originUncertainty>
  </origin>
  <magnitude publicID="quakeml:eu.emsc/event/20020125_0000009/origin/1406600/mag/2">
    <mag>
      <value>3</value>
    </mag>
    <type>MD</type>
    <originID>quakeml:eu.emsc/event/20020125_0000009/origin/1406600</originID>
    <creationInfo>
      <agencyURI>smi:smi-registry/organization/EMSC</agencyURI>
      <authorURI>smi:smi-registry/organization/EMSC</authorURI>
    </creationInfo>
  </magnitude>
</event>
<event publicID="quakeml:eu.emsc/event/20020125_0000008">
  <preferredOriginID>quakeml:eu.emsc/event/20020125_0000008/origin/1406606</preferredOriginID>
  <preferredMagnitudeID>quakeml:eu.emsc/event/20020125_0000008/origin/1406606/mag/2</preferredMagnitudeID>
  <creationInfo>
    <agencyURI>smi:smi-registry/organization/EMSC</agencyURI>
    <authorURI>smi:smi-registry/organization/EMSC</authorURI>
    <creationTime>2014-12-03T11:31:46.539125Z</creationTime>
  </creationInfo>
  <description>
    <text>GREECE</text>
    <type>Flinn-Engdahl region</type>
  </description>
  <origin publicID="quakeml:eu.emsc/event/20020125_0000008/origin/1406606">
    <time>
      <value>2002-01-25T17:54:29.1Z</value>
      <uncertainty>0.2</uncertainty>
    </time>
    <latitude>
      <value>38.0709</value>
      <uncertainty>5.5</uncertainty>
    </latitude>
    <longitude>
      <value>20.6161</value>
      <uncertainty>3.9</uncertainty>
    </longitude>
    <depth>
      <value>10000</value>
    </depth>
    <depthType>from location</depthType>
    <methodID>smi:eu.emsc-csem/origin_method/NA</methodID>
    <quality>
      <usedPhaseCount>119</usedPhaseCount>
      <usedStationCount>108</usedStationCount>
      <standardError>1.24</standardError>
      <azimuthalGap>46</azimuthalGap>
      <minimumDistance>0.11</minimumDistance>
      <maximumDistance>87.68</maximumDistance>
    </quality>
    <evaluationMode>manual</evaluationMode>
    <creationInfo>
      <agencyURI>smi:smi-registry/organization/EMSC</agencyURI>
      <authorURI>smi:smi-registry/organization/EMSC</authorURI>
    </creationInfo>
    <originUncertainty>
      <azimuthMaxHorizontalUncertainty>4</azimuthMaxHorizontalUncertainty>
    </originUncertainty>
  </origin>
  <magnitude publicID="quakeml:eu.emsc/event/20020125_0000008/origin/1406606/mag/2">
    <mag>
      <value>4.5</value>
    </mag>
    <type>mb</type>
    <originID>quakeml:eu.emsc/event/20020125_0000008/origin/1406606</originID>
    <stationCount>5</stationCount>
    <creationInfo>
      <agencyURI>smi:smi-registry/organization/EMSC</agencyURI>
      <authorURI>smi:smi-registry/organization/EMSC</authorURI>
    </creationInfo>
  </magnitude>
</event>
<event publicID="quakeml:eu.emsc/event/20020125_0000007">
  <preferredOriginID>quakeml:eu.emsc/event/20020125_0000007/origin/1406611</preferredOriginID>
  <preferredMagnitudeID>quakeml:eu.emsc/event/20020125_0000007/origin/1406611/mag/1</preferredMagnitudeID>
  <creationInfo>
    <agencyURI>smi:smi-registry/organization/EMSC</agencyURI>
    <authorURI>smi:smi-registry/organization/EMSC</authorURI>
    <creationTime>2014-12-03T12:00:31.41015Z</creationTime>
  </creationInfo>
  <description>
    <text>NORTHERN ITALY</text>
    <type>Flinn-Engdahl region</type>
  </description>
  <origin publicID="quakeml:eu.emsc/event/20020125_0000007/origin/1406611">
    <time>
      <value>2002-01-25T16:19:40.3Z</value>
      <uncertainty>0.15</uncertainty>
    </time>
    <latitude>
      <value>46.0876</value>
      <uncertainty>3.8</uncertainty>
    </latitude>
    <longitude>
      <value>10.6355</value>
      <uncertainty>2.9</uncertainty>
    </longitude>
    <depth>
      <value>2000</value>
    </depth>
    <depthType>from location</depthType>
    <methodID>smi:eu.emsc-csem/origin_method/NA</methodID>
    <quality>
      <usedPhaseCount>74</usedPhaseCount>
      <usedStationCount>57</usedStationCount>
      <standardError>1.09</standardError>
      <azimuthalGap>75</azimuthalGap>
      <minimumDistance>0.49</minimumDistance>
      <maximumDistance>5.85</maximumDistance>
    </quality>
    <evaluationMode>manual</evaluationMode>
    <creationInfo>
      <agencyURI>smi:smi-registry/organization/EMSC</agencyURI>
      <authorURI>smi:smi-registry/organization/EMSC</authorURI>
    </creationInfo>
    <originUncertainty>
      <azimuthMaxHorizontalUncertainty>150</azimuthMaxHorizontalUncertainty>
    </originUncertainty>
  </origin>
  <magnitude publicID="quakeml:eu.emsc/event/20020125_0000007/origin/1406611/mag/1">
    <mag>
      <value>2.8</value>
      <uncertainty>0.5</uncertainty>
    </mag>
    <type>ML</type>
    <originID>quakeml:eu.emsc/event/20020125_0000007/origin/1406611</originID>
    <stationCount>11</stationCount>
    <creationInfo>
      <agencyURI>smi:smi-registry/organization/EMSC</agencyURI>
      <authorURI>smi:smi-registry/organization/EMSC</authorURI>
    </creationInfo>
  </magnitude>
</event>
<event publicID="quakeml:eu.emsc/event/20020125_0000005">
  <preferredOriginID>quakeml:eu.emsc/event/20020125_0000005/origin/1406614</preferredOriginID>
  <preferredMagnitudeID>quakeml:eu.emsc/event/20020125_0000005/origin/1406614/mag/2</preferredMagnitudeID>
  <creationInfo>
    <agencyURI>smi:smi-registry/organization/EMSC</agencyURI>
    <authorURI>smi:smi-registry/organization/EMSC</authorURI>
    <creationTime>2014-12-03T11:15:29.226805Z</creationTime>
  </creationInfo>
  <description>
    <text>GREECE</text>
    <type>Flinn-Engdahl region</type>
  </description>
  <origin publicID="quakeml:eu.emsc/event/20020125_0000005/origin/1406614">
    <time>
      <value>2002-01-25T16:09:08.2Z</value>
      <uncertainty>0.43</uncertainty>
    </time>
    <latitude>
      <value>38.8506</value>
      <uncertainty>15.6</uncertainty>
    </latitude>
    <longitude>
      <value>20.5515</value>
      <uncertainty>10.1</uncertainty>
    </longitude>
    <depth>
      <value>10000</value>
    </depth>
    <depthType>from location</depthType>
    <methodID>smi:eu.emsc-csem/origin_method/NA</methodID>
    <quality>
      <usedPhaseCount>5</usedPhaseCount>
      <usedStationCount>4</usedStationCount>
      <standardError>0.92</standardError>
      <azimuthalGap>148</azimuthalGap>
      <minimumDistance>0.67</minimumDistance>
      <maximumDistance>1.04</maximumDistance>
    </quality>
    <evaluationMode>manual</evaluationMode>
    <creationInfo>
      <agencyURI>smi:smi-registry/organization/EMSC</agencyURI>
      <authorURI>smi:smi-registry/organization/EMSC</authorURI>
    </creationInfo>
    <originUncertainty>
      <azimuthMaxHorizontalUncertainty>81</azimuthMaxHorizontalUncertainty>
    </originUncertainty>
  </origin>
  <magnitude publicID="quakeml:eu.emsc/event/20020125_0000005/origin/1406614/mag/2">
    <mag>
      <value>2.9</value>
    </mag>
    <type>MD</type>
    <originID>quakeml:eu.emsc/event/20020125_0000005/origin/1406614</originID>
    <creationInfo>
      <agencyURI>smi:smi-registry/organization/EMSC</agencyURI>
      <authorURI>smi:smi-registry/organization/EMSC</authorURI>
    </creationInfo>
  </magnitude>
</event>
<event publicID="quakeml:eu.emsc/event/20020125_0000013">
  <preferredOriginID>quakeml:eu.emsc/event/20020125_0000013/origin/1415832</preferredOriginID>
  <preferredMagnitudeID>quakeml:eu.emsc/event/20020125_0000013/origin/1415832/mag/2</preferredMagnitudeID>
  <creationInfo>
    <agencyURI>smi:smi-registry/organization/EMSC</agencyURI>
    <authorURI>smi:smi-registry/organization/EMSC</authorURI>
    <creationTime>2014-12-10T18:33:32.90196Z</creationTime>
  </creationInfo>
  <description>
    <text>PYRENEES</text>
    <type>Flinn-Engdahl region</type>
  </description>
  <origin publicID="quakeml:eu.emsc/event/20020125_0000013/origin/1415832">
    <time>
      <value>2002-01-25T15:33:48.0Z</value>
    </time>
    <latitude>
      <value>42.2227</value>
      <uncertainty>9999.9</uncertainty>
    </latitude>
    <longitude>
      <value>2.4351</value>
      <uncertainty>9999.9</uncertainty>
    </longitude>
    <depth>
      <value>4900.0</value>
    </depth>
    <depthType>from location</depthType>
    <methodID>smi:eu.emsc-csem/origin_method/NA</methodID>
    <quality>
      <usedPhaseCount>8</usedPhaseCount>
      <usedStationCount>4</usedStationCount>
      <standardError>0.31</standardError>
      <azimuthalGap>212</azimuthalGap>
      <minimumDistance>0.08</minimumDistance>
      <maximumDistance>0.46</maximumDistance>
    </quality>
    <evaluationMode>manual</evaluationMode>
    <creationInfo>
      <agencyURI>smi:smi-registry/organization/EMSC</agencyURI>
      <authorURI>smi:smi-registry/organization/EMSC</authorURI>
    </creationInfo>
    <originUncertainty>
      <azimuthMaxHorizontalUncertainty>-99</azimuthMaxHorizontalUncertainty>
    </originUncertainty>
  </origin>
  <magnitude publicID="quakeml:eu.emsc/event/20020125_0000013/origin/1415832/mag/2">
    <mag>
      <value>1.6</value>
      <uncertainty>0.2</uncertainty>
    </mag>
    <type>mb</type>
    <originID>quakeml:eu.emsc/event/20020125_0000013/origin/1415832</originID>
    <stationCount>2</stationCount>
    <creationInfo>
      <agencyURI>smi:smi-registry/organization/EMSC</agencyURI>
      <authorURI>smi:smi-registry/organization/EMSC</authorURI>
    </creationInfo>
  </magnitude>
</event>
<event publicID="quakeml:eu.emsc/event/20020125_0000004">
  <preferredOriginID>quakeml:eu.emsc/event/20020125_0000004/origin/1406617</preferredOriginID>
  <preferredMagnitudeID>quakeml:eu.emsc/event/20020125_0000004/origin/1406617/mag/2</preferredMagnitudeID>
  <creationInfo>
    <agencyURI>smi:smi-registry/organization/EMSC</agencyURI>
    <authorURI>smi:smi-registry/organization/EMSC</authorURI>
    <creationTime>2014-12-03T12:12:56.801119Z</creationTime>
  </creationInfo>
  <description>
    <text>AEGEAN SEA</text>
    <type>Flinn-Engdahl region</type>
  </description>
  <origin publicID="quakeml:eu.emsc/event/20020125_0000004/origin/1406617">
    <time>
      <value>2002-01-25T14:38:41.9Z</value>
      <uncertainty>0.4</uncertainty>
    </time>
    <latitude>
      <value>38.5094</value>
      <uncertainty>16.4</uncertainty>
    </latitude>
    <longitude>
      <value>25.7149</value>
      <uncertainty>9.5</uncertainty>
    </longitude>
    <depth>
      <value>10000</value>
    </depth>
    <depthType>from location</depthType>
    <methodID>smi:eu.emsc-csem/origin_method/NA</methodID>
    <quality>
      <usedPhaseCount>14</usedPhaseCount>
      <usedStationCount>12</usedStationCount>
      <standardError>1.13</standardError>
      <azimuthalGap>101</azimuthalGap>
      <minimumDistance>0.85</minimumDistance>
      <maximumDistance>4.5</maximumDistance>
    </quality>
    <evaluationMode>manual</evaluationMode>
    <creationInfo>
      <agencyURI>smi:smi-registry/organization/EMSC</agencyURI>
      <authorURI>smi:smi-registry/organization/EMSC</authorURI>
    </creationInfo>
    <originUncertainty>
      <azimuthMaxHorizontalUncertainty>79</azimuthMaxHorizontalUncertainty>
    </originUncertainty>
  </origin>
  <magnitude publicID="quakeml:eu.emsc/event/20020125_0000004/origin/1406617/mag/2">
    <mag>
      <value>3.2</value>
    </mag>
    <type>ML</type>
    <originID>quakeml:eu.emsc/event/20020125_0000004/origin/1406617</originID>
    <creationInfo>
      <agencyURI>smi:smi-registry/organization/EMSC</agencyURI>
      <authorURI>smi:smi-registry/organization/EMSC</authorURI>
    </creationInfo>
  </magnitude>
</event>
<event publicID="quakeml:eu.emsc/event/20020125_0000011">
  <preferredOriginID>quakeml:eu.emsc/event/20020125_0000011/origin/1415834</preferredOriginID>
  <creationInfo>
    <agencyURI>smi:smi-registry/organization/EMSC</agencyURI>
    <authorURI>smi:smi-registry/organization/EMSC</authorURI>
    <creationTime>2014-12-10T18:33:32.418252Z</creationTime>
  </creationInfo>
  <description>
    <text>SWITZERLAND</text>
    <type>Flinn-Engdahl region</type>
  </description>
  <origin publicID="quakeml:eu.emsc/event/20020125_0000011/origin/1415834">
    <time>
      <value>2002-01-25T12:22:14.7Z</value>
    </time>
    <latitude>
      <value>46.293</value>
      <uncertainty>9999.9</uncertainty>
    </latitude>
    <longitude>
      <value>7.033</value>
      <uncertainty>9999.9</uncertainty>
    </longitude>
    <depth>
      <value>0</value>
    </depth>
    <depthType>from location</depthType>
    <methodID>smi:eu.emsc-csem/origin_method/NA</methodID>
    <quality>
      <usedPhaseCount>9</usedPhaseCount>
      <usedStationCount>6</usedStationCount>
      <standardError>2.17</standardError>
      <azimuthalGap>114</azimuthalGap>
      <minimumDistance>0.07</minimumDistance>
      <maximumDistance>1.14</maximumDistance>
    </quality>
    <evaluationMode>manual</evaluationMode>
    <creationInfo>
      <agencyURI>smi:smi-registry/organization/EMSC</agencyURI>
      <authorURI>smi:smi-registry/organization/EMSC</authorURI>
    </creationInfo>
    <originUncertainty>
      <azimuthMaxHorizontalUncertainty>-99</azimuthMaxHorizontalUncertainty>
    </originUncertainty>
  </origin>
</event>
<event publicID="quakeml:eu.emsc/event/20020125_0000014">
  <preferredOriginID>quakeml:eu.emsc/event/20020125_0000014/origin/1415836</preferredOriginID>
  <preferredMagnitudeID>quakeml:eu.emsc/event/20020125_0000014/origin/1415836/mag/2</preferredMagnitudeID>
  <creationInfo>
    <agencyURI>smi:smi-registry/organization/EMSC</agencyURI>
    <authorURI>smi:smi-registry/organization/EMSC</authorURI>
    <creationTime>2014-12-10T18:33:31.923026Z</creationTime>
  </creationInfo>
  <description>
    <text>GERMANY</text>
    <type>Flinn-Engdahl region</type>
  </description>
  <origin publicID="quakeml:eu.emsc/event/20020125_0000014/origin/1415836">
    <time>
      <value>2002-01-25T11:51:16.3Z</value>
    </time>
    <latitude>
      <value>49.35</value>
      <uncertainty>9999.9</uncertainty>
    </latitude>
    <longitude>
      <value>6.89</value>
      <uncertainty>9999.9</uncertainty>
    </longitude>
    <depth>
      <value>1000</value>
    </depth>
    <depthType>from location</depthType>
    <methodID>smi:eu.emsc-csem/origin_method/NA</methodID>
    <quality>
      <usedPhaseCount>8</usedPhaseCount>
      <usedStationCount>5</usedStationCount>
      <standardError>1.45</standardError>
      <azimuthalGap>167</azimuthalGap>
      <minimumDistance>0.57</minimumDistance>
      <maximumDistance>4.5</maximumDistance>
    </quality>
    <evaluationMode>manual</evaluationMode>
    <creationInfo>
      <agencyURI>smi:smi-registry/organization/EMSC</agencyURI>
      <authorURI>smi:smi-registry/organization/EMSC</authorURI>
    </creationInfo>
    <originUncertainty>
      <azimuthMaxHorizontalUncertainty>-99</azimuthMaxHorizontalUncertainty>
    </originUncertainty>
  </origin>
  <magnitude publicID="quakeml:eu.emsc/event/20020125_0000014/origin/1415836/mag/2">
    <mag>
      <value>2</value>
    </mag>
    <type>ML</type>
    <originID>quakeml:eu.emsc/event/20020125_0000014/origin/1415836</originID>
    <creationInfo>
      <agencyURI>smi:smi-registry/organization/EMSC</agencyURI>
      <authorURI>smi:smi-registry/organization/EMSC</authorURI>
    </creationInfo>
  </magnitude>
</event>
<event publicID="quakeml:eu.emsc/event/20020125_0000002">
  <preferredOriginID>quakeml:eu.emsc/event/20020125_0000002/origin/1406622</preferredOriginID>
  <preferredMagnitudeID>quakeml:eu.emsc/event/20020125_0000002/origin/1406622/mag/2</preferredMagnitudeID>
  <creationInfo>
    <agencyURI>smi:smi-registry/organization/EMSC</agencyURI>
    <authorURI>smi:smi-registry/organization/EMSC</authorURI>
    <creationTime>2014-12-03T10:47:01.200669Z</creationTime>
  </creationInfo>
  <description>
    <text>ROMANIA</text>
    <type>Flinn-Engdahl region</type>
  </description>
  <origin publicID="quakeml:eu.emsc/event/20020125_0000002/origin/1406622">
    <time>
      <value>2002-01-25T10:06:18.6Z</value>
      <uncertainty>0.2</uncertainty>
    </time>
    <latitude>
      <value>45.6504</value>
      <uncertainty>8</uncertainty>
    </latitude>
    <longitude>
      <value>26.6795</value>
      <uncertainty>5.9</uncertainty>
    </longitude>
    <depth>
      <value>133300.0</value>
      <uncertainty>2</uncertainty>
    </depth>
    <depthType>from location</depthType>
    <methodID>smi:eu.emsc-csem/origin_method/NA</methodID>
    <quality>
      <usedPhaseCount>36</usedPhaseCount>
      <usedStationCount>27</usedStationCount>
      <standardError>0.84</standardError>
      <azimuthalGap>102</azimuthalGap>
      <minimumDistance>0.22</minimumDistance>
      <maximumDistance>67.84</maximumDistance>
    </quality>
    <evaluationMode>manual</evaluationMode>
    <creationInfo>
      <agencyURI>smi:smi-registry/organization/EMSC</agencyURI>
      <authorURI>smi:smi-registry/organization/EMSC</authorURI>
    </creationInfo>
    <originUncertainty>
      <azimuthMaxHorizontalUncertainty>107</azimuthMaxHorizontalUncertainty>
    </originUncertainty>
  </origin>
  <magnitude publicID="quakeml:eu.emsc/event/20020125_0000002/origin/1406622/mag/2">
    <mag>
      <value>4.3</value>
    </mag>
    <type>MD</type>
    <originID>quakeml:eu.emsc/event/20020125_0000002/origin/1406622</originID>
    <stationCount>6</stationCount>
    <creationInfo>
      <agencyURI>smi:smi-registry/organization/EMSC</agencyURI>
      <authorURI>smi:smi-registry/organization/EMSC</authorURI>
    </creationInfo>
  </magnitude>
</event>
<event publicID="quakeml:eu.emsc/event/20020125_0000001">
  <preferredOriginID>quakeml:eu.emsc/event/20020125_0000001/origin/1415838</preferredOriginID>
  <preferredMagnitudeID>quakeml:eu.emsc/event/20020125_0000001/origin/1415838/mag/2</preferredMagnitudeID>
  <creationInfo>
    <agencyURI>smi:smi-registry/organization/EMSC</agencyURI>
    <authorURI>smi:smi-registry/organization/EMSC</authorURI>
    <creationTime>2014-12-10T15:03:02.500925Z</creationTime>
  </creationInfo>
  <description>
    <text>TURKMENISTAN</text>
    <type>Flinn-Engdahl region</type>
  </description>
  <origin publicID="quakeml:eu.emsc/event/20020125_0000001/origin/1415838">
    <time>
      <value>2002-01-25T08:13:23.9Z</value>
    </time>
    <latitude>
      <value>39.835</value>
      <uncertainty>9999.9</uncertainty>
    </latitude>
    <longitude>
      <value>54.086</value>
      <uncertainty>9999.9</uncertainty>
    </longitude>
    <depth>
      <value>33000</value>
    </depth>
    <depthType>from location</depthType>
    <methodID>smi:eu.emsc-csem/origin_method/NA</methodID>
    <quality>
      <usedPhaseCount>23</usedPhaseCount>
      <usedStationCount>23</usedStationCount>
      <standardError>2.39</standardError>
      <azimuthalGap>126</azimuthalGap>
      <minimumDistance>7.18</minimumDistance>
      <maximumDistance>77.61</maximumDistance>
    </quality>
    <evaluationMode>manual</evaluationMode>
    <creationInfo>
      <agencyURI>smi:smi-registry/organization/EMSC</agencyURI>
      <authorURI>smi:smi-registry/organization/EMSC</authorURI>
    </creationInfo>
    <originUncertainty>
      <azimuthMaxHorizontalUncertainty>-99</azimuthMaxHorizontalUncertainty>
    </originUncertainty>
  </origin>
  <magnitude publicID="quakeml:eu.emsc/event/20020125_0000001/origin/1415838/mag/2">
    <mag>
      <value>4.7</value>
    </mag>
    <type>mb</type>
    <originID>quakeml:eu.emsc/event/20020125_0000001/origin/1415838</originID>
    <stationCount>6</stationCount>
    <creationInfo>
      <agencyURI>smi:smi-registry/organization/EMSC</agencyURI>
      <authorURI>smi:smi-registry/organization/EMSC</authorURI>
    </creationInfo>
  </magnitude>
</event>
<event publicID="quakeml:eu.emsc/event/20020125_0000012">
  <preferredOriginID>quakeml:eu.emsc/event/20020125_0000012/origin/1415840</preferredOriginID>
  <preferredMagnitudeID>quakeml:eu.emsc/event/20020125_0000012/origin/1415840/mag/2</preferredMagnitudeID>
  <creationInfo>
    <agencyURI>smi:smi-registry/organization/EMSC</agencyURI>
    <authorURI>smi:smi-registry/organization/EMSC</authorURI>
    <creationTime>2014-12-10T18:33:31.407067Z</creationTime>
  </creationInfo>
  <description>
    <text>FRANCE</text>
    <type>Flinn-Engdahl region</type>
  </description>
  <origin publicID="quakeml:eu.emsc/event/20020125_0000012/origin/1415840">
    <time>
      <value>2002-01-25T02:28:58.8Z</value>
    </time>
    <latitude>
      <value>44.1422</value>
      <uncertainty>9999.9</uncertainty>
    </latitude>
    <longitude>
      <value>5.0946</value>
      <uncertainty>9999.9</uncertainty>
    </longitude>
    <depth>
      <value>2000</value>
    </depth>
    <depthType>from location</depthType>
    <methodID>smi:eu.emsc-csem/origin_method/NA</methodID>
    <quality>
      <usedPhaseCount>45</usedPhaseCount>
      <usedStationCount>20</usedStationCount>
      <standardError>2.02</standardError>
      <azimuthalGap>122</azimuthalGap>
      <minimumDistance>0.38</minimumDistance>
      <maximumDistance>3.24</maximumDistance>
    </quality>
    <evaluationMode>manual</evaluationMode>
    <creationInfo>
      <agencyURI>smi:smi-registry/organization/EMSC</agencyURI>
      <authorURI>smi:smi-registry/organization/EMSC</authorURI>
    </creationInfo>
    <originUncertainty>
      <azimuthMaxHorizontalUncertainty>-99</azimuthMaxHorizontalUncertainty>
    </originUncertainty>
  </origin>
  <magnitude publicID="quakeml:eu.emsc/event/20020125_0000012/origin/1415840/mag/2">
    <mag>
      <value>2.4</value>
    </mag>
    <type>ML</type>
    <originID>quakeml:eu.emsc/event/20020125_0000012/origin/1415840</originID>
    <stationCount>16</stationCount>
    <creationInfo>
      <agencyURI>smi:smi-registry/organization/EMSC</agencyURI>
      <authorURI>smi:smi-registry/organization/EMSC</authorURI>
    </creationInfo>
  </magnitude>
</event>
</eventParameters>
</q:quakeml>
