<?xml version="1.0"?>
<q:quakeml xmlns:q="http://quakeml.org/xmlns/quakeml/1.2"  xmlns="http://quakeml.org/xmlns/bed/1.2">
<eventParameters publicID="smi:eu.emsc/unid">
<event publicID="quakeml:eu.emsc/event/20020428_0000012">
  <preferredOriginID>quakeml:eu.emsc/event/20020428_0000012/origin/1408337</preferredOriginID>
  <preferredMagnitudeID>quakeml:eu.emsc/event/20020428_0000012/origin/1408337/mag/2</preferredMagnitudeID>
  <creationInfo>
    <agencyURI>smi:smi-registry/organization/EMSC</agencyURI>
    <authorURI>smi:smi-registry/organization/EMSC</authorURI>
    <creationTime>2014-12-03T12:08:27.51638Z</creationTime>
  </creationInfo>
  <description>
    <text>GREECE</text>
    <type>Flinn-Engdahl region</type>
  </description>
  <origin publicID="quakeml:eu.emsc/event/20020428_0000012/origin/1408337">
    <time>
      <value>2002-04-28T22:59:16.8Z</value>
      <uncertainty>0.17</uncertainty>
    </time>
    <latitude>
      <value>39.9508</value>
      <uncertainty>4.6</uncertainty>
    </latitude>
    <longitude>
      <value>20.6669</value>
      <uncertainty>3.8</uncertainty>
    </longitude>
    <depth>
      <value>2000</value>
    </depth>
    <depthType>from location</depthType>
    <methodID>smi:eu.emsc-csem/origin_method/NA</methodID>
    <quality>
      <usedPhaseCount>46</usedPhaseCount>
      <usedStationCount>35</usedStationCount>
      <standardError>1.19</standardError>
      <azimuthalGap>64</azimuthalGap>
      <minimumDistance>0.33</minimumDistance>
      <maximumDistance>5.49</maximumDistance>
    </quality>
    <evaluationMode>manual</evaluationMode>
    <creationInfo>
      <agencyURI>smi:smi-registry/organization/EMSC</agencyURI>
      <authorURI>smi:smi-registry/organization/EMSC</authorURI>
    </creationInfo>
    <originUncertainty>
      <azimuthMaxHorizontalUncertainty>30</azimuthMaxHorizontalUncertainty>
    </originUncertainty>
  </origin>
  <magnitude publicID="quakeml:eu.emsc/event/20020428_0000012/origin/1408337/mag/2">
    <mag>
      <value>3.2</value>
    </mag>
    <type>MD</type>
    <originID>quakeml:eu.emsc/event/20020428_0000012/origin/1408337</originID>
    <creationInfo>
      <agencyURI>smi:smi-registry/organization/EMSC</agencyURI>
      <authorURI>smi:smi-registry/organization/EMSC</authorURI>
    </creationInfo>
  </magnitude>
</event>
<event publicID="quakeml:eu.emsc/event/20020428_0000011">
  <preferredOriginID>quakeml:eu.emsc/event/20020428_0000011/origin/1408341</preferredOriginID>
  <preferredMagnitudeID>quakeml:eu.emsc/event/20020428_0000011/origin/1408341/mag/2</preferredMagnitudeID>
  <creationInfo>
    <agencyURI>smi:smi-registry/organization/EMSC</agencyURI>
    <authorURI>smi:smi-registry/organization/EMSC</authorURI>
    <creationTime>2014-12-03T11:25:49.452732Z</creationTime>
  </creationInfo>
  <description>
    <text>GREECE</text>
    <type>Flinn-Engdahl region</type>
  </description>
  <origin publicID="quakeml:eu.emsc/event/20020428_0000011/origin/1408341">
    <time>
      <value>2002-04-28T22:41:43.3Z</value>
      <uncertainty>0.38</uncertainty>
    </time>
    <latitude>
      <value>38.5714</value>
      <uncertainty>11.6</uncertainty>
    </latitude>
    <longitude>
      <value>23.64</value>
      <uncertainty>6.9</uncertainty>
    </longitude>
    <depth>
      <value>18300.0</value>
      <uncertainty>2.6</uncertainty>
    </depth>
    <depthType>from location</depthType>
    <methodID>smi:eu.emsc-csem/origin_method/NA</methodID>
    <quality>
      <usedPhaseCount>14</usedPhaseCount>
      <usedStationCount>10</usedStationCount>
      <standardError>1.04</standardError>
      <azimuthalGap>156</azimuthalGap>
      <minimumDistance>0.6</minimumDistance>
      <maximumDistance>1.93</maximumDistance>
    </quality>
    <evaluationMode>manual</evaluationMode>
    <creationInfo>
      <agencyURI>smi:smi-registry/organization/EMSC</agencyURI>
      <authorURI>smi:smi-registry/organization/EMSC</authorURI>
    </creationInfo>
    <originUncertainty>
      <azimuthMaxHorizontalUncertainty>89</azimuthMaxHorizontalUncertainty>
    </originUncertainty>
  </origin>
  <magnitude publicID="quakeml:eu.emsc/event/20020428_0000011/origin/1408341/mag/2">
    <mag>
      <value>2.3</value>
    </mag>
    <type>ML</type>
    <originID>quakeml:eu.emsc/event/20020428_0000011/origin/1408341</originID>
    <creationInfo>
      <agencyURI>smi:smi-registry/organization/EMSC</agencyURI>
      <authorURI>smi:smi-registry/organization/EMSC</authorURI>
    </creationInfo>
  </magnitude>
</event>
<event publicID="quakeml:eu.emsc/event/20020428_0000016">
  <preferredOriginID>quakeml:eu.emsc/event/20020428_0000016/origin/1414246</preferredOriginID>
  <preferredMagnitudeID>quakeml:eu.emsc/event/20020428_0000016/origin/1414246/mag/2</preferredMagnitudeID>
  <creationInfo>
    <agencyURI>smi:smi-registry/organization/EMSC</agencyURI>
    <authorURI>smi:smi-registry/organization/EMSC</authorURI>
    <creationTime>2014-12-10T18:36:10.90006Z</creationTime>
  </creationInfo>
  <description>
    <text>SPAIN</text>
    <type>Flinn-Engdahl region</type>
  </description>
  <origin publicID="quakeml:eu.emsc/event/20020428_0000016/origin/1414246">
    <time>
      <value>2002-04-28T21:47:13.6Z</value>
    </time>
    <latitude>
      <value>43.1022</value>
      <uncertainty>9999.9</uncertainty>
    </latitude>
    <longitude>
      <value>-2.591</value>
      <uncertainty>9999.9</uncertainty>
    </longitude>
    <depth>
      <value>0</value>
    </depth>
    <depthType>from location</depthType>
    <methodID>smi:eu.emsc-csem/origin_method/NA</methodID>
    <quality>
      <usedPhaseCount>14</usedPhaseCount>
      <usedStationCount>9</usedStationCount>
      <standardError>1.77</standardError>
      <azimuthalGap>168</azimuthalGap>
      <minimumDistance>0.78</minimumDistance>
      <maximumDistance>3.27</maximumDistance>
    </quality>
    <evaluationMode>manual</evaluationMode>
    <creationInfo>
      <agencyURI>smi:smi-registry/organization/EMSC</agencyURI>
      <authorURI>smi:smi-registry/organization/EMSC</authorURI>
    </creationInfo>
    <originUncertainty>
      <azimuthMaxHorizontalUncertainty>-99</azimuthMaxHorizontalUncertainty>
    </originUncertainty>
  </origin>
  <magnitude publicID="quakeml:eu.emsc/event/20020428_0000016/origin/1414246/mag/2">
    <mag>
      <value>1.6</value>
      <uncertainty>0.1</uncertainty>
    </mag>
    <type>mb</type>
    <originID>quakeml:eu.emsc/event/20020428_0000016/origin/1414246</originID>
    <stationCount>10</stationCount>
    <creationInfo>
      <agencyURI>smi:smi-registry/organization/EMSC</agencyURI>
      <authorURI>smi:smi-registry/organization/EMSC</authorURI>
    </creationInfo>
  </magnitude>
</event>
<event publicID="quakeml:eu.emsc/event/20020428_0000010">
  <preferredOriginID>quakeml:eu.emsc/event/20020428_0000010/origin/1414248</preferredOriginID>
  <preferredMagnitudeID>quakeml:eu.emsc/event/20020428_0000010/origin/1414248/mag/2</preferredMagnitudeID>
  <creationInfo>
    <agencyURI>smi:smi-registry/organization/EMSC</agencyURI>
    <authorURI>smi:smi-registry/organization/EMSC</authorURI>
    <creationTime>2014-12-10T16:21:02.502634Z</creationTime>
  </creationInfo>
  <description>
    <text>GREECE</text>
    <type>Flinn-Engdahl region</type>
  </description>
  <origin publicID="quakeml:eu.emsc/event/20020428_0000010/origin/1414248">
    <time>
      <value>2002-04-28T19:15:20.0Z</value>
    </time>
    <latitude>
      <value>38.6</value>
      <uncertainty>9999.9</uncertainty>
    </latitude>
    <longitude>
      <value>23.9</value>
      <uncertainty>9999.9</uncertainty>
    </longitude>
    <depth>
      <value>19000</value>
    </depth>
    <depthType>from location</depthType>
    <methodID>smi:eu.emsc-csem/origin_method/NA</methodID>
    <quality>
      <usedPhaseCount>6</usedPhaseCount>
      <usedStationCount>4</usedStationCount>
      <standardError>1.53</standardError>
      <azimuthalGap>229</azimuthalGap>
      <minimumDistance>0.64</minimumDistance>
      <maximumDistance>2.03</maximumDistance>
    </quality>
    <evaluationMode>manual</evaluationMode>
    <creationInfo>
      <agencyURI>smi:smi-registry/organization/EMSC</agencyURI>
      <authorURI>smi:smi-registry/organization/EMSC</authorURI>
    </creationInfo>
    <originUncertainty>
      <azimuthMaxHorizontalUncertainty>-99</azimuthMaxHorizontalUncertainty>
    </originUncertainty>
  </origin>
  <magnitude publicID="quakeml:eu.emsc/event/20020428_0000010/origin/1414248/mag/2">
    <mag>
      <value>3</value>
    </mag>
    <type>ML</type>
    <originID>quakeml:eu.emsc/event/20020428_0000010/origin/1414248</originID>
    <creationInfo>
      <agencyURI>smi:smi-registry/organization/EMSC</agencyURI>
      <authorURI>smi:smi-registry/organization/EMSC</authorURI>
    </creationInfo>
  </magnitude>
</event>
<event publicID="quakeml:eu.emsc/event/20020428_0000018">
  <preferredOriginID>quakeml:eu.emsc/event/20020428_0000018/origin/1414250</preferredOriginID>
  <preferredMagnitudeID>quakeml:eu.emsc/event/20020428_0000018/origin/1414250/mag/2</preferredMagnitudeID>
  <creationInfo>
    <agencyURI>smi:smi-registry/organization/EMSC</agencyURI>
    <authorURI>smi:smi-registry/organization/EMSC</authorURI>
    <creationTime>2014-12-10T18:36:09.60484Z</creationTime>
  </creationInfo>
  <description>
    <text>GERMANY</text>
    <type>Flinn-Engdahl region</type>
  </description>
  <origin publicID="quakeml:eu.emsc/event/20020428_0000018/origin/1414250">
    <time>
      <value>2002-04-28T17:39:00.8Z</value>
    </time>
    <latitude>
      <value>49.35</value>
      <uncertainty>9999.9</uncertainty>
    </latitude>
    <longitude>
      <value>6.87</value>
      <uncertainty>9999.9</uncertainty>
    </longitude>
    <depth>
      <value>0</value>
    </depth>
    <depthType>from location</depthType>
    <methodID>smi:eu.emsc-csem/origin_method/NA</methodID>
    <quality>
      <usedPhaseCount>5</usedPhaseCount>
      <usedStationCount>4</usedStationCount>
      <standardError>0.93</standardError>
      <azimuthalGap>168</azimuthalGap>
      <minimumDistance>0.56</minimumDistance>
      <maximumDistance>4.52</maximumDistance>
    </quality>
    <evaluationMode>manual</evaluationMode>
    <creationInfo>
      <agencyURI>smi:smi-registry/organization/EMSC</agencyURI>
      <authorURI>smi:smi-registry/organization/EMSC</authorURI>
    </creationInfo>
    <originUncertainty>
      <azimuthMaxHorizontalUncertainty>-99</azimuthMaxHorizontalUncertainty>
    </originUncertainty>
  </origin>
  <magnitude publicID="quakeml:eu.emsc/event/20020428_0000018/origin/1414250/mag/2">
    <mag>
      <value>1.7</value>
    </mag>
    <type>ML</type>
    <originID>quakeml:eu.emsc/event/20020428_0000018/origin/1414250</originID>
    <creationInfo>
      <agencyURI>smi:smi-registry/organization/EMSC</agencyURI>
      <authorURI>smi:smi-registry/organization/EMSC</authorURI>
    </creationInfo>
  </magnitude>
</event>
<event publicID="quakeml:eu.emsc/event/20020428_0000017">
  <preferredOriginID>quakeml:eu.emsc/event/20020428_0000017/origin/1414252</preferredOriginID>
  <preferredMagnitudeID>quakeml:eu.emsc/event/20020428_0000017/origin/1414252/mag/2</preferredMagnitudeID>
  <creationInfo>
    <agencyURI>smi:smi-registry/organization/EMSC</agencyURI>
    <authorURI>smi:smi-registry/organization/EMSC</authorURI>
    <creationTime>2014-12-10T18:36:09.101097Z</creationTime>
  </creationInfo>
  <description>
    <text>FRANCE</text>
    <type>Flinn-Engdahl region</type>
  </description>
  <origin publicID="quakeml:eu.emsc/event/20020428_0000017/origin/1414252">
    <time>
      <value>2002-04-28T14:03:43.8Z</value>
    </time>
    <latitude>
      <value>46.2682</value>
      <uncertainty>9999.9</uncertainty>
    </latitude>
    <longitude>
      <value>6.6343</value>
      <uncertainty>9999.9</uncertainty>
    </longitude>
    <depth>
      <value>2000</value>
    </depth>
    <depthType>from location</depthType>
    <methodID>smi:eu.emsc-csem/origin_method/NA</methodID>
    <quality>
      <usedPhaseCount>33</usedPhaseCount>
      <usedStationCount>16</usedStationCount>
      <standardError>1.75</standardError>
      <azimuthalGap>162</azimuthalGap>
      <minimumDistance>0.76</minimumDistance>
      <maximumDistance>2.94</maximumDistance>
    </quality>
    <evaluationMode>manual</evaluationMode>
    <creationInfo>
      <agencyURI>smi:smi-registry/organization/EMSC</agencyURI>
      <authorURI>smi:smi-registry/organization/EMSC</authorURI>
    </creationInfo>
    <originUncertainty>
      <azimuthMaxHorizontalUncertainty>-99</azimuthMaxHorizontalUncertainty>
    </originUncertainty>
  </origin>
  <magnitude publicID="quakeml:eu.emsc/event/20020428_0000017/origin/1414252/mag/2">
    <mag>
      <value>2.3</value>
    </mag>
    <type>ML</type>
    <originID>quakeml:eu.emsc/event/20020428_0000017/origin/1414252</originID>
    <stationCount>13</stationCount>
    <creationInfo>
      <agencyURI>smi:smi-registry/organization/EMSC</agencyURI>
      <authorURI>smi:smi-registry/organization/EMSC</authorURI>
    </creationInfo>
  </magnitude>
</event>
<event publicID="quakeml:eu.emsc/event/20020428_0000009">
  <preferredOriginID>quakeml:eu.emsc/event/20020428_0000009/origin/1408344</preferredOriginID>
  <preferredMagnitudeID>quakeml:eu.emsc/event/20020428_0000009/origin/1408344/mag/2</preferredMagnitudeID>
  <creationInfo>
    <agencyURI>smi:smi-registry/organization/EMSC</agencyURI>
    <authorURI>smi:smi-registry/organization/EMSC</authorURI>
    <creationTime>2014-12-03T11:27:33.742238Z</creationTime>
  </creationInfo>
  <description>
    <text>GULF OF ADEN</text>
    <type>Flinn-Engdahl region</type>
  </description>
  <origin publicID="quakeml:eu.emsc/event/20020428_0000009/origin/1408344">
    <time>
      <value>2002-04-28T12:59:48.4Z</value>
      <uncertainty>0.37</uncertainty>
    </time>
    <latitude>
      <value>14.8075</value>
      <uncertainty>20.2</uncertainty>
    </latitude>
    <longitude>
      <value>52.1922</value>
      <uncertainty>9.5</uncertainty>
    </longitude>
    <depth>
      <value>2000</value>
    </depth>
    <depthType>from location</depthType>
    <methodID>smi:eu.emsc-csem/origin_method/NA</methodID>
    <quality>
      <usedPhaseCount>16</usedPhaseCount>
      <usedStationCount>16</usedStationCount>
      <standardError>0.84</standardError>
      <azimuthalGap>99</azimuthalGap>
      <minimumDistance>2.75</minimumDistance>
      <maximumDistance>87.81</maximumDistance>
    </quality>
    <evaluationMode>manual</evaluationMode>
    <creationInfo>
      <agencyURI>smi:smi-registry/organization/EMSC</agencyURI>
      <authorURI>smi:smi-registry/organization/EMSC</authorURI>
    </creationInfo>
    <originUncertainty>
      <azimuthMaxHorizontalUncertainty>136</azimuthMaxHorizontalUncertainty>
    </originUncertainty>
  </origin>
  <magnitude publicID="quakeml:eu.emsc/event/20020428_0000009/origin/1408344/mag/2">
    <mag>
      <value>4.4</value>
    </mag>
    <type>mb</type>
    <originID>quakeml:eu.emsc/event/20020428_0000009/origin/1408344</originID>
    <stationCount>2</stationCount>
    <creationInfo>
      <agencyURI>smi:smi-registry/organization/EMSC</agencyURI>
      <authorURI>smi:smi-registry/organization/EMSC</authorURI>
    </creationInfo>
  </magnitude>
</event>
<event publicID="quakeml:eu.emsc/event/20020428_0000008">
  <preferredOriginID>quakeml:eu.emsc/event/20020428_0000008/origin/1408348</preferredOriginID>
  <preferredMagnitudeID>quakeml:eu.emsc/event/20020428_0000008/origin/1408348/mag/2</preferredMagnitudeID>
  <creationInfo>
    <agencyURI>smi:smi-registry/organization/EMSC</agencyURI>
    <authorURI>smi:smi-registry/organization/EMSC</authorURI>
    <creationTime>2014-12-03T11:41:18.158Z</creationTime>
  </creationInfo>
  <description>
    <text>SERBIA</text>
    <type>Flinn-Engdahl region</type>
  </description>
  <origin publicID="quakeml:eu.emsc/event/20020428_0000008/origin/1408348">
    <time>
      <value>2002-04-28T12:09:27.4Z</value>
      <uncertainty>0.18</uncertainty>
    </time>
    <latitude>
      <value>42.407</value>
      <uncertainty>5.4</uncertainty>
    </latitude>
    <longitude>
      <value>21.5721</value>
      <uncertainty>3.5</uncertainty>
    </longitude>
    <depth>
      <value>2000</value>
    </depth>
    <depthType>from location</depthType>
    <methodID>smi:eu.emsc-csem/origin_method/NA</methodID>
    <quality>
      <usedPhaseCount>51</usedPhaseCount>
      <usedStationCount>38</usedStationCount>
      <standardError>1.27</standardError>
      <azimuthalGap>88</azimuthalGap>
      <minimumDistance>0.45</minimumDistance>
      <maximumDistance>8.92</maximumDistance>
    </quality>
    <evaluationMode>manual</evaluationMode>
    <creationInfo>
      <agencyURI>smi:smi-registry/organization/EMSC</agencyURI>
      <authorURI>smi:smi-registry/organization/EMSC</authorURI>
    </creationInfo>
    <originUncertainty>
      <azimuthMaxHorizontalUncertainty>47</azimuthMaxHorizontalUncertainty>
    </originUncertainty>
  </origin>
  <magnitude publicID="quakeml:eu.emsc/event/20020428_0000008/origin/1408348/mag/2">
    <mag>
      <value>3.1</value>
    </mag>
    <type>ML</type>
    <originID>quakeml:eu.emsc/event/20020428_0000008/origin/1408348</originID>
    <creationInfo>
      <agencyURI>smi:smi-registry/organization/EMSC</agencyURI>
      <authorURI>smi:smi-registry/organization/EMSC</authorURI>
    </creationInfo>
  </magnitude>
</event>
<event publicID="quakeml:eu.emsc/event/20020428_0000007">
  <preferredOriginID>quakeml:eu.emsc/event/20020428_0000007/origin/1414254</preferredOriginID>
  <preferredMagnitudeID>quakeml:eu.emsc/event/20020428_0000007/origin/1414254/mag/2</preferredMagnitudeID>
  <creationInfo>
    <agencyURI>smi:smi-registry/organization/EMSC</agencyURI>
    <authorURI>smi:smi-registry/organization/EMSC</authorURI>
    <creationTime>2014-12-10T16:20:58.43425Z</creationTime>
  </creationInfo>
  <description>
    <text>SOUTHERN IRAN</text>
    <type>Flinn-Engdahl region</type>
  </description>
  <origin publicID="quakeml:eu.emsc/event/20020428_0000007/origin/1414254">
    <time>
      <value>2002-04-28T10:19:24.9Z</value>
    </time>
    <latitude>
      <value>30.056</value>
      <uncertainty>9999.9</uncertainty>
    </latitude>
    <longitude>
      <value>50.429</value>
      <uncertainty>9999.9</uncertainty>
    </longitude>
    <depth>
      <value>33000</value>
    </depth>
    <depthType>from location</depthType>
    <methodID>smi:eu.emsc-csem/origin_method/NA</methodID>
    <quality>
      <usedPhaseCount>8</usedPhaseCount>
      <usedStationCount>8</usedStationCount>
      <standardError>1.98</standardError>
      <azimuthalGap>168</azimuthalGap>
      <minimumDistance>16.79</minimumDistance>
      <maximumDistance>63.1</maximumDistance>
    </quality>
    <evaluationMode>manual</evaluationMode>
    <creationInfo>
      <agencyURI>smi:smi-registry/organization/EMSC</agencyURI>
      <authorURI>smi:smi-registry/organization/EMSC</authorURI>
    </creationInfo>
    <originUncertainty>
      <azimuthMaxHorizontalUncertainty>-99</azimuthMaxHorizontalUncertainty>
    </originUncertainty>
  </origin>
  <magnitude publicID="quakeml:eu.emsc/event/20020428_0000007/origin/1414254/mag/2">
    <mag>
      <value>3.8</value>
    </mag>
    <type>mb</type>
    <originID>quakeml:eu.emsc/event/20020428_0000007/origin/1414254</originID>
    <stationCount>2</stationCount>
    <creationInfo>
      <agencyURI>smi:smi-registry/organization/EMSC</agencyURI>
      <authorURI>smi:smi-registry/organization/EMSC</authorURI>
    </creationInfo>
  </magnitude>
</event>
<event publicID="quakeml:eu.emsc/event/20020428_0000006">
  <preferredOriginID>quakeml:eu.emsc/event/20020428_0000006/origin/1409236</preferredOriginID>
  <preferredMagnitudeID>quakeml:eu.emsc/event/20020428_0000006/origin/1409236/mag/1</preferredMagnitudeID>
  <creationInfo>
    <agencyURI>smi:smi-registry/organization/EMSC</agencyURI>
    <authorURI>smi:smi-registry/organization/EMSC</authorURI>
    <creationTime>2014-12-03T10:48:53.542084Z</creationTime>
  </creationInfo>
  <description>
    <text>FRANCE</text>
    <type>Flinn-Engdahl region</type>
  </description>
  <origin publicID="quakeml:eu.emsc/event/20020428_0000006/origin/1409236">
    <time>
      <value>2002-04-28T09:06:45.3Z</value>
      <uncertainty>0.08</uncertainty>
    </time>
    <latitude>
      <value>46.2905</value>
      <uncertainty>1.9</uncertainty>
    </latitude>
    <longitude>
      <value>6.5886</value>
      <uncertainty>1.5</uncertainty>
    </longitude>
    <depth>
      <value>2000</value>
    </depth>
    <depthType>from location</depthType>
    <methodID>smi:eu.emsc-csem/origin_method/NA</methodID>
    <quality>
      <usedPhaseCount>170</usedPhaseCount>
      <usedStationCount>99</usedStationCount>
      <standardError>1.08</standardError>
      <azimuthalGap>20</azimuthalGap>
      <minimumDistance>0.26</minimumDistance>
      <maximumDistance>6.85</maximumDistance>
    </quality>
    <evaluationMode>manual</evaluationMode>
    <creationInfo>
      <agencyURI>smi:smi-registry/organization/EMSC</agencyURI>
      <authorURI>smi:smi-registry/organization/EMSC</authorURI>
    </creationInfo>
    <originUncertainty>
      <azimuthMaxHorizontalUncertainty>109</azimuthMaxHorizontalUncertainty>
    </originUncertainty>
  </origin>
  <magnitude publicID="quakeml:eu.emsc/event/20020428_0000006/origin/1409236/mag/1">
    <mag>
      <value>3.2</value>
      <uncertainty>0.2</uncertainty>
    </mag>
    <type>ML</type>
    <originID>quakeml:eu.emsc/event/20020428_0000006/origin/1409236</originID>
    <stationCount>20</stationCount>
    <creationInfo>
      <agencyURI>smi:smi-registry/organization/EMSC</agencyURI>
      <authorURI>smi:smi-registry/organization/EMSC</authorURI>
    </creationInfo>
  </magnitude>
</event>
<event publicID="quakeml:eu.emsc/event/20020428_0000015">
  <preferredOriginID>quakeml:eu.emsc/event/20020428_0000015/origin/1414256</preferredOriginID>
  <preferredMagnitudeID>quakeml:eu.emsc/event/20020428_0000015/origin/1414256/mag/2</preferredMagnitudeID>
  <creationInfo>
    <agencyURI>smi:smi-registry/organization/EMSC</agencyURI>
    <authorURI>smi:smi-registry/organization/EMSC</authorURI>
    <creationTime>2014-12-10T18:36:08.557235Z</creationTime>
  </creationInfo>
  <description>
    <text>FRANCE</text>
    <type>Flinn-Engdahl region</type>
  </description>
  <origin publicID="quakeml:eu.emsc/event/20020428_0000015/origin/1414256">
    <time>
      <value>2002-04-28T09:05:26.4Z</value>
    </time>
    <latitude>
      <value>44.6087</value>
      <uncertainty>9999.9</uncertainty>
    </latitude>
    <longitude>
      <value>6.8271</value>
      <uncertainty>9999.9</uncertainty>
    </longitude>
    <depth>
      <value>10000</value>
    </depth>
    <depthType>from location</depthType>
    <methodID>smi:eu.emsc-csem/origin_method/NA</methodID>
    <quality>
      <usedPhaseCount>18</usedPhaseCount>
      <usedStationCount>9</usedStationCount>
      <standardError>0.76</standardError>
      <azimuthalGap>152</azimuthalGap>
      <minimumDistance>0.12</minimumDistance>
      <maximumDistance>1.56</maximumDistance>
    </quality>
    <evaluationMode>manual</evaluationMode>
    <creationInfo>
      <agencyURI>smi:smi-registry/organization/EMSC</agencyURI>
      <authorURI>smi:smi-registry/organization/EMSC</authorURI>
    </creationInfo>
    <originUncertainty>
      <azimuthMaxHorizontalUncertainty>-99</azimuthMaxHorizontalUncertainty>
    </originUncertainty>
  </origin>
  <magnitude publicID="quakeml:eu.emsc/event/20020428_0000015/origin/1414256/mag/2">
    <mag>
      <value>2</value>
    </mag>
    <type>ML</type>
    <originID>quakeml:eu.emsc/event/20020428_0000015/origin/1414256</originID>
    <stationCount>7</stationCount>
    <creationInfo>
      <agencyURI>smi:smi-registry/organization/EMSC</agencyURI>
      <authorURI>smi:smi-registry/organization/EMSC</authorURI>
    </creationInfo>
  </magnitude>
</event>
<event publicID="quakeml:eu.emsc/event/20020428_0000005">
  <preferredOriginID>quakeml:eu.emsc/event/20020428_0000005/origin/1408350</preferredOriginID>
  <preferredMagnitudeID>quakeml:eu.emsc/event/20020428_0000005/origin/1408350/mag/2</preferredMagnitudeID>
  <creationInfo>
    <agencyURI>smi:smi-registry/organization/EMSC</agencyURI>
    <authorURI>smi:smi-registry/organization/EMSC</authorURI>
    <creationTime>2014-12-03T10:38:42.594111Z</creationTime>
  </creationInfo>
  <description>
    <text>AZERBAIJAN</text>
    <type>Flinn-Engdahl region</type>
  </description>
  <origin publicID="quakeml:eu.emsc/event/20020428_0000005/origin/1408350">
    <time>
      <value>2002-04-28T08:32:22.6Z</value>
      <uncertainty>0.37</uncertainty>
    </time>
    <latitude>
      <value>41.1409</value>
      <uncertainty>16.2</uncertainty>
    </latitude>
    <longitude>
      <value>46.2143</value>
      <uncertainty>10.8</uncertainty>
    </longitude>
    <depth>
      <value>2000</value>
    </depth>
    <depthType>from location</depthType>
    <methodID>smi:eu.emsc-csem/origin_method/NA</methodID>
    <quality>
      <usedPhaseCount>10</usedPhaseCount>
      <usedStationCount>9</usedStationCount>
      <standardError>0.89</standardError>
      <azimuthalGap>145</azimuthalGap>
      <minimumDistance>1.25</minimumDistance>
      <maximumDistance>43.6</maximumDistance>
    </quality>
    <evaluationMode>manual</evaluationMode>
    <creationInfo>
      <agencyURI>smi:smi-registry/organization/EMSC</agencyURI>
      <authorURI>smi:smi-registry/organization/EMSC</authorURI>
    </creationInfo>
    <originUncertainty>
      <azimuthMaxHorizontalUncertainty>159</azimuthMaxHorizontalUncertainty>
    </originUncertainty>
  </origin>
  <magnitude publicID="quakeml:eu.emsc/event/20020428_0000005/origin/1408350/mag/2">
    <mag>
      <value>3.5</value>
    </mag>
    <type>mb</type>
    <originID>quakeml:eu.emsc/event/20020428_0000005/origin/1408350</originID>
    <stationCount>1</stationCount>
    <creationInfo>
      <agencyURI>smi:smi-registry/organization/EMSC</agencyURI>
      <authorURI>smi:smi-registry/organization/EMSC</authorURI>
    </creationInfo>
  </magnitude>
</event>
<event publicID="quakeml:eu.emsc/event/20020428_0000004">
  <preferredOriginID>quakeml:eu.emsc/event/20020428_0000004/origin/1414258</preferredOriginID>
  <preferredMagnitudeID>quakeml:eu.emsc/event/20020428_0000004/origin/1414258/mag/2</preferredMagnitudeID>
  <creationInfo>
    <agencyURI>smi:smi-registry/organization/EMSC</agencyURI>
    <authorURI>smi:smi-registry/organization/EMSC</authorURI>
    <creationTime>2014-12-10T16:20:55.355904Z</creationTime>
  </creationInfo>
  <description>
    <text>WESTERN TURKEY</text>
    <type>Flinn-Engdahl region</type>
  </description>
  <origin publicID="quakeml:eu.emsc/event/20020428_0000004/origin/1414258">
    <time>
      <value>2002-04-28T03:39:52.5Z</value>
    </time>
    <latitude>
      <value>38.628</value>
      <uncertainty>9999.9</uncertainty>
    </latitude>
    <longitude>
      <value>30.874</value>
      <uncertainty>9999.9</uncertainty>
    </longitude>
    <depth>
      <value>5000</value>
    </depth>
    <depthType>from location</depthType>
    <methodID>smi:eu.emsc-csem/origin_method/NA</methodID>
    <quality>
      <usedPhaseCount>7</usedPhaseCount>
      <usedStationCount>5</usedStationCount>
      <standardError>1.08</standardError>
      <azimuthalGap>111</azimuthalGap>
      <minimumDistance>0.73</minimumDistance>
      <maximumDistance>1.85</maximumDistance>
    </quality>
    <evaluationMode>manual</evaluationMode>
    <creationInfo>
      <agencyURI>smi:smi-registry/organization/EMSC</agencyURI>
      <authorURI>smi:smi-registry/organization/EMSC</authorURI>
    </creationInfo>
    <originUncertainty>
      <azimuthMaxHorizontalUncertainty>-99</azimuthMaxHorizontalUncertainty>
    </originUncertainty>
  </origin>
  <magnitude publicID="quakeml:eu.emsc/event/20020428_0000004/origin/1414258/mag/2">
    <mag>
      <value>2.9</value>
    </mag>
    <type>MD</type>
    <originID>quakeml:eu.emsc/event/20020428_0000004/origin/1414258</originID>
    <creationInfo>
      <agencyURI>smi:smi-registry/organization/EMSC</agencyURI>
      <authorURI>smi:smi-registry/organization/EMSC</authorURI>
    </creationInfo>
  </magnitude>
</event>
<event publicID="quakeml:eu.emsc/event/20020428_0000002">
  <preferredOriginID>quakeml:eu.emsc/event/20020428_0000002/origin/1408360</preferredOriginID>
  <preferredMagnitudeID>quakeml:eu.emsc/event/20020428_0000002/origin/1408360/mag/2</preferredMagnitudeID>
  <creationInfo>
    <agencyURI>smi:smi-registry/organization/EMSC</agencyURI>
    <authorURI>smi:smi-registry/organization/EMSC</authorURI>
    <creationTime>2014-12-03T10:57:51.514322Z</creationTime>
  </creationInfo>
  <description>
    <text>SERBIA</text>
    <type>Flinn-Engdahl region</type>
  </description>
  <origin publicID="quakeml:eu.emsc/event/20020428_0000002/origin/1408360">
    <time>
      <value>2002-04-28T02:30:39.2Z</value>
      <uncertainty>0.11</uncertainty>
    </time>
    <latitude>
      <value>42.4183</value>
      <uncertainty>3.8</uncertainty>
    </latitude>
    <longitude>
      <value>21.7354</value>
      <uncertainty>2.5</uncertainty>
    </longitude>
    <depth>
      <value>20000</value>
    </depth>
    <depthType>from location</depthType>
    <methodID>smi:eu.emsc-csem/origin_method/NA</methodID>
    <quality>
      <usedPhaseCount>94</usedPhaseCount>
      <usedStationCount>80</usedStationCount>
      <standardError>0.97</standardError>
      <azimuthalGap>42</azimuthalGap>
      <minimumDistance>0.41</minimumDistance>
      <maximumDistance>72.85</maximumDistance>
    </quality>
    <evaluationMode>manual</evaluationMode>
    <creationInfo>
      <agencyURI>smi:smi-registry/organization/EMSC</agencyURI>
      <authorURI>smi:smi-registry/organization/EMSC</authorURI>
    </creationInfo>
    <originUncertainty>
      <azimuthMaxHorizontalUncertainty>44</azimuthMaxHorizontalUncertainty>
    </originUncertainty>
  </origin>
  <magnitude publicID="quakeml:eu.emsc/event/20020428_0000002/origin/1408360/mag/2">
    <mag>
      <value>3.4</value>
    </mag>
    <type>ML</type>
    <originID>quakeml:eu.emsc/event/20020428_0000002/origin/1408360</originID>
    <creationInfo>
      <agencyURI>smi:smi-registry/organization/EMSC</agencyURI>
      <authorURI>smi:smi-registry/organization/EMSC</authorURI>
    </creationInfo>
  </magnitude>
</event>
<event publicID="quakeml:eu.emsc/event/20020428_0000001">
  <preferredOriginID>quakeml:eu.emsc/event/20020428_0000001/origin/1408366</preferredOriginID>
  <preferredMagnitudeID>quakeml:eu.emsc/event/20020428_0000001/origin/1408366/mag/1</preferredMagnitudeID>
  <creationInfo>
    <agencyURI>smi:smi-registry/organization/EMSC</agencyURI>
    <authorURI>smi:smi-registry/organization/EMSC</authorURI>
    <creationTime>2014-12-03T12:19:24.906105Z</creationTime>
  </creationInfo>
  <description>
    <text>WESTERN IRAN</text>
    <type>Flinn-Engdahl region</type>
  </description>
  <origin publicID="quakeml:eu.emsc/event/20020428_0000001/origin/1408366">
    <time>
      <value>2002-04-28T02:04:10.0Z</value>
      <uncertainty>0.48</uncertainty>
    </time>
    <latitude>
      <value>34.8105</value>
      <uncertainty>25.2</uncertainty>
    </latitude>
    <longitude>
      <value>47.8745</value>
      <uncertainty>6.4</uncertainty>
    </longitude>
    <depth>
      <value>40000</value>
    </depth>
    <depthType>from location</depthType>
    <methodID>smi:eu.emsc-csem/origin_method/NA</methodID>
    <quality>
      <usedPhaseCount>24</usedPhaseCount>
      <usedStationCount>24</usedStationCount>
      <standardError>0.94</standardError>
      <azimuthalGap>193</azimuthalGap>
      <minimumDistance>5.01</minimumDistance>
      <maximumDistance>55.91</maximumDistance>
    </quality>
    <evaluationMode>manual</evaluationMode>
    <creationInfo>
      <agencyURI>smi:smi-registry/organization/EMSC</agencyURI>
      <authorURI>smi:smi-registry/organization/EMSC</authorURI>
    </creationInfo>
    <originUncertainty>
      <azimuthMaxHorizontalUncertainty>62</azimuthMaxHorizontalUncertainty>
    </originUncertainty>
  </origin>
  <magnitude publicID="quakeml:eu.emsc/event/20020428_0000001/origin/1408366/mag/1">
    <mag>
      <value>4.4</value>
      <uncertainty>0.4</uncertainty>
    </mag>
    <type>mb</type>
    <originID>quakeml:eu.emsc/event/20020428_0000001/origin/1408366</originID>
    <stationCount>8</stationCount>
    <creationInfo>
      <agencyURI>smi:smi-registry/organization/EMSC</agencyURI>
      <authorURI>smi:smi-registry/organization/EMSC</authorURI>
    </creationInfo>
  </magnitude>
</event>
</eventParameters>
</q:quakeml>
