<?xml version="1.0"?>
<q:quakeml xmlns:q="http://quakeml.org/xmlns/quakeml/1.2"  xmlns="http://quakeml.org/xmlns/bed/1.2">
<eventParameters publicID="smi:eu.emsc/unid">
<event publicID="quakeml:eu.emsc/event/20021113_0000016">
  <preferredOriginID>quakeml:eu.emsc/event/20021113_0000016/origin/1411170</preferredOriginID>
  <preferredMagnitudeID>quakeml:eu.emsc/event/20021113_0000016/origin/1411170/mag/2</preferredMagnitudeID>
  <creationInfo>
    <agencyURI>smi:smi-registry/organization/EMSC</agencyURI>
    <authorURI>smi:smi-registry/organization/EMSC</authorURI>
    <creationTime>2014-12-10T15:44:27.398801Z</creationTime>
  </creationInfo>
  <description>
    <text>GREECE</text>
    <type>Flinn-Engdahl region</type>
  </description>
  <origin publicID="quakeml:eu.emsc/event/20021113_0000016/origin/1411170">
    <time>
      <value>2002-11-13T21:55:44.0Z</value>
    </time>
    <latitude>
      <value>38.44</value>
      <uncertainty>9999.9</uncertainty>
    </latitude>
    <longitude>
      <value>22.04</value>
      <uncertainty>9999.9</uncertainty>
    </longitude>
    <depth>
      <value>20000</value>
    </depth>
    <depthType>from location</depthType>
    <methodID>smi:eu.emsc-csem/origin_method/NA</methodID>
    <quality>
      <usedPhaseCount>7</usedPhaseCount>
      <usedStationCount>4</usedStationCount>
      <standardError>2.03</standardError>
      <azimuthalGap>177</azimuthalGap>
      <minimumDistance>0.51</minimumDistance>
      <maximumDistance>1.86</maximumDistance>
    </quality>
    <evaluationMode>manual</evaluationMode>
    <creationInfo>
      <agencyURI>smi:smi-registry/organization/EMSC</agencyURI>
      <authorURI>smi:smi-registry/organization/EMSC</authorURI>
    </creationInfo>
    <originUncertainty>
      <azimuthMaxHorizontalUncertainty>-99</azimuthMaxHorizontalUncertainty>
    </originUncertainty>
  </origin>
  <magnitude publicID="quakeml:eu.emsc/event/20021113_0000016/origin/1411170/mag/2">
    <mag>
      <value>3.2</value>
    </mag>
    <type>MD</type>
    <originID>quakeml:eu.emsc/event/20021113_0000016/origin/1411170</originID>
    <creationInfo>
      <agencyURI>smi:smi-registry/organization/EMSC</agencyURI>
      <authorURI>smi:smi-registry/organization/EMSC</authorURI>
    </creationInfo>
  </magnitude>
</event>
<event publicID="quakeml:eu.emsc/event/20021113_0000015">
  <preferredOriginID>quakeml:eu.emsc/event/20021113_0000015/origin/1397626</preferredOriginID>
  <preferredMagnitudeID>quakeml:eu.emsc/event/20021113_0000015/origin/1397626/mag/2</preferredMagnitudeID>
  <creationInfo>
    <agencyURI>smi:smi-registry/organization/EMSC</agencyURI>
    <authorURI>smi:smi-registry/organization/EMSC</authorURI>
    <creationTime>2014-12-03T10:29:28.240866Z</creationTime>
  </creationInfo>
  <description>
    <text>GREENLAND SEA</text>
    <type>Flinn-Engdahl region</type>
  </description>
  <origin publicID="quakeml:eu.emsc/event/20021113_0000015/origin/1397626">
    <time>
      <value>2002-11-13T20:46:51.1Z</value>
      <uncertainty>1.02</uncertainty>
    </time>
    <latitude>
      <value>79.5152</value>
      <uncertainty>36.1</uncertainty>
    </latitude>
    <longitude>
      <value>3.2253</value>
      <uncertainty>12.1</uncertainty>
    </longitude>
    <depth>
      <value>10000</value>
    </depth>
    <depthType>from location</depthType>
    <methodID>smi:eu.emsc-csem/origin_method/NA</methodID>
    <quality>
      <usedPhaseCount>13</usedPhaseCount>
      <usedStationCount>11</usedStationCount>
      <standardError>1</standardError>
      <azimuthalGap>215</azimuthalGap>
      <minimumDistance>1.74</minimumDistance>
      <maximumDistance>19.74</maximumDistance>
    </quality>
    <evaluationMode>manual</evaluationMode>
    <creationInfo>
      <agencyURI>smi:smi-registry/organization/EMSC</agencyURI>
      <authorURI>smi:smi-registry/organization/EMSC</authorURI>
    </creationInfo>
    <originUncertainty>
      <azimuthMaxHorizontalUncertainty>178</azimuthMaxHorizontalUncertainty>
    </originUncertainty>
  </origin>
  <magnitude publicID="quakeml:eu.emsc/event/20021113_0000015/origin/1397626/mag/2">
    <mag>
      <value>2.9</value>
    </mag>
    <type>ML</type>
    <originID>quakeml:eu.emsc/event/20021113_0000015/origin/1397626</originID>
    <creationInfo>
      <agencyURI>smi:smi-registry/organization/EMSC</agencyURI>
      <authorURI>smi:smi-registry/organization/EMSC</authorURI>
    </creationInfo>
  </magnitude>
</event>
<event publicID="quakeml:eu.emsc/event/20021113_0000014">
  <preferredOriginID>quakeml:eu.emsc/event/20021113_0000014/origin/1397629</preferredOriginID>
  <preferredMagnitudeID>quakeml:eu.emsc/event/20021113_0000014/origin/1397629/mag/2</preferredMagnitudeID>
  <creationInfo>
    <agencyURI>smi:smi-registry/organization/EMSC</agencyURI>
    <authorURI>smi:smi-registry/organization/EMSC</authorURI>
    <creationTime>2014-12-03T11:48:00.366882Z</creationTime>
  </creationInfo>
  <description>
    <text>AEGEAN SEA</text>
    <type>Flinn-Engdahl region</type>
  </description>
  <origin publicID="quakeml:eu.emsc/event/20021113_0000014/origin/1397629">
    <time>
      <value>2002-11-13T20:21:44.6Z</value>
      <uncertainty>0.17</uncertainty>
    </time>
    <latitude>
      <value>39.0198</value>
      <uncertainty>3.8</uncertainty>
    </latitude>
    <longitude>
      <value>24.5157</value>
      <uncertainty>3.6</uncertainty>
    </longitude>
    <depth>
      <value>10000</value>
    </depth>
    <depthType>from location</depthType>
    <methodID>smi:eu.emsc-csem/origin_method/NA</methodID>
    <quality>
      <usedPhaseCount>25</usedPhaseCount>
      <usedStationCount>19</usedStationCount>
      <standardError>0.75</standardError>
      <azimuthalGap>54</azimuthalGap>
      <minimumDistance>0.52</minimumDistance>
      <maximumDistance>3.7</maximumDistance>
    </quality>
    <evaluationMode>manual</evaluationMode>
    <creationInfo>
      <agencyURI>smi:smi-registry/organization/EMSC</agencyURI>
      <authorURI>smi:smi-registry/organization/EMSC</authorURI>
    </creationInfo>
    <originUncertainty>
      <azimuthMaxHorizontalUncertainty>48</azimuthMaxHorizontalUncertainty>
    </originUncertainty>
  </origin>
  <magnitude publicID="quakeml:eu.emsc/event/20021113_0000014/origin/1397629/mag/2">
    <mag>
      <value>2.6</value>
    </mag>
    <type>ML</type>
    <originID>quakeml:eu.emsc/event/20021113_0000014/origin/1397629</originID>
    <creationInfo>
      <agencyURI>smi:smi-registry/organization/EMSC</agencyURI>
      <authorURI>smi:smi-registry/organization/EMSC</authorURI>
    </creationInfo>
  </magnitude>
</event>
<event publicID="quakeml:eu.emsc/event/20021113_0000018">
  <preferredOriginID>quakeml:eu.emsc/event/20021113_0000018/origin/1411172</preferredOriginID>
  <preferredMagnitudeID>quakeml:eu.emsc/event/20021113_0000018/origin/1411172/mag/2</preferredMagnitudeID>
  <creationInfo>
    <agencyURI>smi:smi-registry/organization/EMSC</agencyURI>
    <authorURI>smi:smi-registry/organization/EMSC</authorURI>
    <creationTime>2014-12-10T18:41:10.335976Z</creationTime>
  </creationInfo>
  <description>
    <text>GERMANY</text>
    <type>Flinn-Engdahl region</type>
  </description>
  <origin publicID="quakeml:eu.emsc/event/20021113_0000018/origin/1411172">
    <time>
      <value>2002-11-13T17:26:49.7Z</value>
    </time>
    <latitude>
      <value>49.3407</value>
      <uncertainty>9999.9</uncertainty>
    </latitude>
    <longitude>
      <value>6.8363</value>
      <uncertainty>9999.9</uncertainty>
    </longitude>
    <depth>
      <value>1000</value>
    </depth>
    <depthType>from location</depthType>
    <methodID>smi:eu.emsc-csem/origin_method/NA</methodID>
    <quality>
      <usedPhaseCount>20</usedPhaseCount>
      <usedStationCount>10</usedStationCount>
      <standardError>1.86</standardError>
      <azimuthalGap>238</azimuthalGap>
      <minimumDistance>1.15</minimumDistance>
      <maximumDistance>3.87</maximumDistance>
    </quality>
    <evaluationMode>manual</evaluationMode>
    <creationInfo>
      <agencyURI>smi:smi-registry/organization/EMSC</agencyURI>
      <authorURI>smi:smi-registry/organization/EMSC</authorURI>
    </creationInfo>
    <originUncertainty>
      <azimuthMaxHorizontalUncertainty>-99</azimuthMaxHorizontalUncertainty>
    </originUncertainty>
  </origin>
  <magnitude publicID="quakeml:eu.emsc/event/20021113_0000018/origin/1411172/mag/2">
    <mag>
      <value>2.6</value>
      <uncertainty>0.2</uncertainty>
    </mag>
    <type>ML</type>
    <originID>quakeml:eu.emsc/event/20021113_0000018/origin/1411172</originID>
    <stationCount>10</stationCount>
    <creationInfo>
      <agencyURI>smi:smi-registry/organization/EMSC</agencyURI>
      <authorURI>smi:smi-registry/organization/EMSC</authorURI>
    </creationInfo>
  </magnitude>
</event>
<event publicID="quakeml:eu.emsc/event/20021113_0000011">
  <preferredOriginID>quakeml:eu.emsc/event/20021113_0000011/origin/1411174</preferredOriginID>
  <preferredMagnitudeID>quakeml:eu.emsc/event/20021113_0000011/origin/1411174/mag/2</preferredMagnitudeID>
  <creationInfo>
    <agencyURI>smi:smi-registry/organization/EMSC</agencyURI>
    <authorURI>smi:smi-registry/organization/EMSC</authorURI>
    <creationTime>2014-12-10T15:44:19.230878Z</creationTime>
  </creationInfo>
  <description>
    <text>WESTERN TURKEY</text>
    <type>Flinn-Engdahl region</type>
  </description>
  <origin publicID="quakeml:eu.emsc/event/20021113_0000011/origin/1411174">
    <time>
      <value>2002-11-13T15:00:20.4Z</value>
    </time>
    <latitude>
      <value>39.196</value>
      <uncertainty>9999.9</uncertainty>
    </latitude>
    <longitude>
      <value>27.92</value>
      <uncertainty>9999.9</uncertainty>
    </longitude>
    <depth>
      <value>13000</value>
    </depth>
    <depthType>from location</depthType>
    <methodID>smi:eu.emsc-csem/origin_method/NA</methodID>
    <quality>
      <usedPhaseCount>9</usedPhaseCount>
      <usedStationCount>7</usedStationCount>
      <standardError>0.86</standardError>
      <azimuthalGap>171</azimuthalGap>
      <minimumDistance>0.95</minimumDistance>
      <maximumDistance>2.11</maximumDistance>
    </quality>
    <evaluationMode>manual</evaluationMode>
    <creationInfo>
      <agencyURI>smi:smi-registry/organization/EMSC</agencyURI>
      <authorURI>smi:smi-registry/organization/EMSC</authorURI>
    </creationInfo>
    <originUncertainty>
      <azimuthMaxHorizontalUncertainty>-99</azimuthMaxHorizontalUncertainty>
    </originUncertainty>
  </origin>
  <magnitude publicID="quakeml:eu.emsc/event/20021113_0000011/origin/1411174/mag/2">
    <mag>
      <value>3.1</value>
    </mag>
    <type>MD</type>
    <originID>quakeml:eu.emsc/event/20021113_0000011/origin/1411174</originID>
    <creationInfo>
      <agencyURI>smi:smi-registry/organization/EMSC</agencyURI>
      <authorURI>smi:smi-registry/organization/EMSC</authorURI>
    </creationInfo>
  </magnitude>
</event>
<event publicID="quakeml:eu.emsc/event/20021113_0000010">
  <preferredOriginID>quakeml:eu.emsc/event/20021113_0000010/origin/1397632</preferredOriginID>
  <preferredMagnitudeID>quakeml:eu.emsc/event/20021113_0000010/origin/1397632/mag/2</preferredMagnitudeID>
  <creationInfo>
    <agencyURI>smi:smi-registry/organization/EMSC</agencyURI>
    <authorURI>smi:smi-registry/organization/EMSC</authorURI>
    <creationTime>2014-12-03T10:46:53.398118Z</creationTime>
  </creationInfo>
  <description>
    <text>NEAR THE COAST OF WESTERN TURKEY</text>
    <type>Flinn-Engdahl region</type>
  </description>
  <origin publicID="quakeml:eu.emsc/event/20021113_0000010/origin/1397632">
    <time>
      <value>2002-11-13T13:32:25.8Z</value>
      <uncertainty>0.28</uncertainty>
    </time>
    <latitude>
      <value>38.9381</value>
      <uncertainty>9.4</uncertainty>
    </latitude>
    <longitude>
      <value>26.8427</value>
      <uncertainty>5.7</uncertainty>
    </longitude>
    <depth>
      <value>5000</value>
    </depth>
    <depthType>from location</depthType>
    <methodID>smi:eu.emsc-csem/origin_method/NA</methodID>
    <quality>
      <usedPhaseCount>16</usedPhaseCount>
      <usedStationCount>14</usedStationCount>
      <standardError>0.99</standardError>
      <azimuthalGap>107</azimuthalGap>
      <minimumDistance>0.54</minimumDistance>
      <maximumDistance>4.58</maximumDistance>
    </quality>
    <evaluationMode>manual</evaluationMode>
    <creationInfo>
      <agencyURI>smi:smi-registry/organization/EMSC</agencyURI>
      <authorURI>smi:smi-registry/organization/EMSC</authorURI>
    </creationInfo>
    <originUncertainty>
      <azimuthMaxHorizontalUncertainty>77</azimuthMaxHorizontalUncertainty>
    </originUncertainty>
  </origin>
  <magnitude publicID="quakeml:eu.emsc/event/20021113_0000010/origin/1397632/mag/2">
    <mag>
      <value>3.4</value>
    </mag>
    <type>MD</type>
    <originID>quakeml:eu.emsc/event/20021113_0000010/origin/1397632</originID>
    <creationInfo>
      <agencyURI>smi:smi-registry/organization/EMSC</agencyURI>
      <authorURI>smi:smi-registry/organization/EMSC</authorURI>
    </creationInfo>
  </magnitude>
</event>
<event publicID="quakeml:eu.emsc/event/20021113_0000009">
  <preferredOriginID>quakeml:eu.emsc/event/20021113_0000009/origin/1411176</preferredOriginID>
  <preferredMagnitudeID>quakeml:eu.emsc/event/20021113_0000009/origin/1411176/mag/2</preferredMagnitudeID>
  <creationInfo>
    <agencyURI>smi:smi-registry/organization/EMSC</agencyURI>
    <authorURI>smi:smi-registry/organization/EMSC</authorURI>
    <creationTime>2014-12-10T15:44:14.102703Z</creationTime>
  </creationInfo>
  <description>
    <text>SOUTHERN GREECE</text>
    <type>Flinn-Engdahl region</type>
  </description>
  <origin publicID="quakeml:eu.emsc/event/20021113_0000009/origin/1411176">
    <time>
      <value>2002-11-13T11:06:45.8Z</value>
    </time>
    <latitude>
      <value>36.01</value>
      <uncertainty>9999.9</uncertainty>
    </latitude>
    <longitude>
      <value>24.19</value>
      <uncertainty>9999.9</uncertainty>
    </longitude>
    <depth>
      <value>5000</value>
    </depth>
    <depthType>from location</depthType>
    <methodID>smi:eu.emsc-csem/origin_method/NA</methodID>
    <quality>
      <usedPhaseCount>7</usedPhaseCount>
      <usedStationCount>6</usedStationCount>
      <standardError>1.6</standardError>
      <azimuthalGap>124</azimuthalGap>
      <minimumDistance>0.6</minimumDistance>
      <maximumDistance>2.16</maximumDistance>
    </quality>
    <evaluationMode>manual</evaluationMode>
    <creationInfo>
      <agencyURI>smi:smi-registry/organization/EMSC</agencyURI>
      <authorURI>smi:smi-registry/organization/EMSC</authorURI>
    </creationInfo>
    <originUncertainty>
      <azimuthMaxHorizontalUncertainty>-99</azimuthMaxHorizontalUncertainty>
    </originUncertainty>
  </origin>
  <magnitude publicID="quakeml:eu.emsc/event/20021113_0000009/origin/1411176/mag/2">
    <mag>
      <value>3.3</value>
    </mag>
    <type>MD</type>
    <originID>quakeml:eu.emsc/event/20021113_0000009/origin/1411176</originID>
    <creationInfo>
      <agencyURI>smi:smi-registry/organization/EMSC</agencyURI>
      <authorURI>smi:smi-registry/organization/EMSC</authorURI>
    </creationInfo>
  </magnitude>
</event>
<event publicID="quakeml:eu.emsc/event/20021113_0000008">
  <preferredOriginID>quakeml:eu.emsc/event/20021113_0000008/origin/1411178</preferredOriginID>
  <preferredMagnitudeID>quakeml:eu.emsc/event/20021113_0000008/origin/1411178/mag/2</preferredMagnitudeID>
  <creationInfo>
    <agencyURI>smi:smi-registry/organization/EMSC</agencyURI>
    <authorURI>smi:smi-registry/organization/EMSC</authorURI>
    <creationTime>2014-12-10T15:44:12.10852Z</creationTime>
  </creationInfo>
  <description>
    <text>IONIAN SEA</text>
    <type>Flinn-Engdahl region</type>
  </description>
  <origin publicID="quakeml:eu.emsc/event/20021113_0000008/origin/1411178">
    <time>
      <value>2002-11-13T10:51:59.0Z</value>
    </time>
    <latitude>
      <value>37.14</value>
      <uncertainty>9999.9</uncertainty>
    </latitude>
    <longitude>
      <value>20.01</value>
      <uncertainty>9999.9</uncertainty>
    </longitude>
    <depth>
      <value>5000</value>
    </depth>
    <depthType>from location</depthType>
    <methodID>smi:eu.emsc-csem/origin_method/NA</methodID>
    <quality>
      <usedPhaseCount>5</usedPhaseCount>
      <usedStationCount>4</usedStationCount>
      <standardError>2.1</standardError>
      <azimuthalGap>284</azimuthalGap>
      <minimumDistance>1.13</minimumDistance>
      <maximumDistance>2.38</maximumDistance>
    </quality>
    <evaluationMode>manual</evaluationMode>
    <creationInfo>
      <agencyURI>smi:smi-registry/organization/EMSC</agencyURI>
      <authorURI>smi:smi-registry/organization/EMSC</authorURI>
    </creationInfo>
    <originUncertainty>
      <azimuthMaxHorizontalUncertainty>-99</azimuthMaxHorizontalUncertainty>
    </originUncertainty>
  </origin>
  <magnitude publicID="quakeml:eu.emsc/event/20021113_0000008/origin/1411178/mag/2">
    <mag>
      <value>3.6</value>
    </mag>
    <type>MD</type>
    <originID>quakeml:eu.emsc/event/20021113_0000008/origin/1411178</originID>
    <creationInfo>
      <agencyURI>smi:smi-registry/organization/EMSC</agencyURI>
      <authorURI>smi:smi-registry/organization/EMSC</authorURI>
    </creationInfo>
  </magnitude>
</event>
<event publicID="quakeml:eu.emsc/event/20021113_0000007">
  <preferredOriginID>quakeml:eu.emsc/event/20021113_0000007/origin/1402899</preferredOriginID>
  <preferredMagnitudeID>quakeml:eu.emsc/event/20021113_0000007/origin/1402899/mag/1</preferredMagnitudeID>
  <creationInfo>
    <agencyURI>smi:smi-registry/organization/EMSC</agencyURI>
    <authorURI>smi:smi-registry/organization/EMSC</authorURI>
    <creationTime>2014-12-03T12:16:30.807334Z</creationTime>
  </creationInfo>
  <description>
    <text>NORTHERN ITALY</text>
    <type>Flinn-Engdahl region</type>
  </description>
  <origin publicID="quakeml:eu.emsc/event/20021113_0000007/origin/1402899">
    <time>
      <value>2002-11-13T10:48:04.2Z</value>
      <uncertainty>0.07</uncertainty>
    </time>
    <latitude>
      <value>45.6026</value>
      <uncertainty>1.7</uncertainty>
    </latitude>
    <longitude>
      <value>10.0965</value>
      <uncertainty>1.6</uncertainty>
    </longitude>
    <depth>
      <value>5000</value>
    </depth>
    <depthType>from location</depthType>
    <methodID>smi:eu.emsc-csem/origin_method/NA</methodID>
    <quality>
      <usedPhaseCount>265</usedPhaseCount>
      <usedStationCount>177</usedStationCount>
      <standardError>1.08</standardError>
      <azimuthalGap>28</azimuthalGap>
      <minimumDistance>0.3</minimumDistance>
      <maximumDistance>9.39</maximumDistance>
    </quality>
    <evaluationMode>manual</evaluationMode>
    <creationInfo>
      <agencyURI>smi:smi-registry/organization/EMSC</agencyURI>
      <authorURI>smi:smi-registry/organization/EMSC</authorURI>
    </creationInfo>
    <originUncertainty>
      <azimuthMaxHorizontalUncertainty>125</azimuthMaxHorizontalUncertainty>
    </originUncertainty>
  </origin>
  <magnitude publicID="quakeml:eu.emsc/event/20021113_0000007/origin/1402899/mag/1">
    <mag>
      <value>4.6</value>
      <uncertainty>0.3</uncertainty>
    </mag>
    <type>ML</type>
    <originID>quakeml:eu.emsc/event/20021113_0000007/origin/1402899</originID>
    <stationCount>22</stationCount>
    <creationInfo>
      <agencyURI>smi:smi-registry/organization/EMSC</agencyURI>
      <authorURI>smi:smi-registry/organization/EMSC</authorURI>
    </creationInfo>
  </magnitude>
</event>
<event publicID="quakeml:eu.emsc/event/20021113_0000006">
  <preferredOriginID>quakeml:eu.emsc/event/20021113_0000006/origin/1397635</preferredOriginID>
  <preferredMagnitudeID>quakeml:eu.emsc/event/20021113_0000006/origin/1397635/mag/2</preferredMagnitudeID>
  <creationInfo>
    <agencyURI>smi:smi-registry/organization/EMSC</agencyURI>
    <authorURI>smi:smi-registry/organization/EMSC</authorURI>
    <creationTime>2014-12-03T11:11:40.302681Z</creationTime>
  </creationInfo>
  <description>
    <text>DODECANESE ISLANDS, GREECE</text>
    <type>Flinn-Engdahl region</type>
  </description>
  <origin publicID="quakeml:eu.emsc/event/20021113_0000006/origin/1397635">
    <time>
      <value>2002-11-13T07:21:49.7Z</value>
      <uncertainty>0.46</uncertainty>
    </time>
    <latitude>
      <value>36.8935</value>
      <uncertainty>14.2</uncertainty>
    </latitude>
    <longitude>
      <value>27.5441</value>
      <uncertainty>10</uncertainty>
    </longitude>
    <depth>
      <value>5000</value>
    </depth>
    <depthType>from location</depthType>
    <methodID>smi:eu.emsc-csem/origin_method/NA</methodID>
    <quality>
      <usedPhaseCount>8</usedPhaseCount>
      <usedStationCount>7</usedStationCount>
      <standardError>1.01</standardError>
      <azimuthalGap>129</azimuthalGap>
      <minimumDistance>0.64</minimumDistance>
      <maximumDistance>2.55</maximumDistance>
    </quality>
    <evaluationMode>manual</evaluationMode>
    <creationInfo>
      <agencyURI>smi:smi-registry/organization/EMSC</agencyURI>
      <authorURI>smi:smi-registry/organization/EMSC</authorURI>
    </creationInfo>
    <originUncertainty>
      <azimuthMaxHorizontalUncertainty>19</azimuthMaxHorizontalUncertainty>
    </originUncertainty>
  </origin>
  <magnitude publicID="quakeml:eu.emsc/event/20021113_0000006/origin/1397635/mag/2">
    <mag>
      <value>3.8</value>
    </mag>
    <type>MD</type>
    <originID>quakeml:eu.emsc/event/20021113_0000006/origin/1397635</originID>
    <creationInfo>
      <agencyURI>smi:smi-registry/organization/EMSC</agencyURI>
      <authorURI>smi:smi-registry/organization/EMSC</authorURI>
    </creationInfo>
  </magnitude>
</event>
<event publicID="quakeml:eu.emsc/event/20021113_0000005">
  <preferredOriginID>quakeml:eu.emsc/event/20021113_0000005/origin/1397638</preferredOriginID>
  <preferredMagnitudeID>quakeml:eu.emsc/event/20021113_0000005/origin/1397638/mag/2</preferredMagnitudeID>
  <creationInfo>
    <agencyURI>smi:smi-registry/organization/EMSC</agencyURI>
    <authorURI>smi:smi-registry/organization/EMSC</authorURI>
    <creationTime>2014-12-03T11:00:18.289112Z</creationTime>
  </creationInfo>
  <description>
    <text>GREECE</text>
    <type>Flinn-Engdahl region</type>
  </description>
  <origin publicID="quakeml:eu.emsc/event/20021113_0000005/origin/1397638">
    <time>
      <value>2002-11-13T06:13:01.0Z</value>
      <uncertainty>0.25</uncertainty>
    </time>
    <latitude>
      <value>41.1713</value>
      <uncertainty>5.7</uncertainty>
    </latitude>
    <longitude>
      <value>23.9586</value>
      <uncertainty>4.3</uncertainty>
    </longitude>
    <depth>
      <value>10000</value>
    </depth>
    <depthType>from location</depthType>
    <methodID>smi:eu.emsc-csem/origin_method/NA</methodID>
    <quality>
      <usedPhaseCount>24</usedPhaseCount>
      <usedStationCount>17</usedStationCount>
      <standardError>0.9</standardError>
      <azimuthalGap>112</azimuthalGap>
      <minimumDistance>0.19</minimumDistance>
      <maximumDistance>3.12</maximumDistance>
    </quality>
    <evaluationMode>manual</evaluationMode>
    <creationInfo>
      <agencyURI>smi:smi-registry/organization/EMSC</agencyURI>
      <authorURI>smi:smi-registry/organization/EMSC</authorURI>
    </creationInfo>
    <originUncertainty>
      <azimuthMaxHorizontalUncertainty>173</azimuthMaxHorizontalUncertainty>
    </originUncertainty>
  </origin>
  <magnitude publicID="quakeml:eu.emsc/event/20021113_0000005/origin/1397638/mag/2">
    <mag>
      <value>3.6</value>
    </mag>
    <type>MD</type>
    <originID>quakeml:eu.emsc/event/20021113_0000005/origin/1397638</originID>
    <creationInfo>
      <agencyURI>smi:smi-registry/organization/EMSC</agencyURI>
      <authorURI>smi:smi-registry/organization/EMSC</authorURI>
    </creationInfo>
  </magnitude>
</event>
<event publicID="quakeml:eu.emsc/event/20021113_0000019">
  <preferredOriginID>quakeml:eu.emsc/event/20021113_0000019/origin/1411180</preferredOriginID>
  <preferredMagnitudeID>quakeml:eu.emsc/event/20021113_0000019/origin/1411180/mag/2</preferredMagnitudeID>
  <creationInfo>
    <agencyURI>smi:smi-registry/organization/EMSC</agencyURI>
    <authorURI>smi:smi-registry/organization/EMSC</authorURI>
    <creationTime>2014-12-10T18:58:49.124559Z</creationTime>
  </creationInfo>
  <description>
    <text>PYRENEES</text>
    <type>Flinn-Engdahl region</type>
  </description>
  <origin publicID="quakeml:eu.emsc/event/20021113_0000019/origin/1411180">
    <time>
      <value>2002-11-13T03:26:03.9Z</value>
    </time>
    <latitude>
      <value>42.716</value>
      <uncertainty>9999.9</uncertainty>
    </latitude>
    <longitude>
      <value>-1.6437</value>
      <uncertainty>9999.9</uncertainty>
    </longitude>
    <depth>
      <value>0</value>
    </depth>
    <depthType>from location</depthType>
    <methodID>smi:eu.emsc-csem/origin_method/NA</methodID>
    <quality>
      <usedPhaseCount>12</usedPhaseCount>
      <usedStationCount>6</usedStationCount>
      <standardError>1.41</standardError>
      <azimuthalGap>181</azimuthalGap>
      <minimumDistance>0.46</minimumDistance>
      <maximumDistance>2.3</maximumDistance>
    </quality>
    <evaluationMode>manual</evaluationMode>
    <creationInfo>
      <agencyURI>smi:smi-registry/organization/EMSC</agencyURI>
      <authorURI>smi:smi-registry/organization/EMSC</authorURI>
    </creationInfo>
    <originUncertainty>
      <azimuthMaxHorizontalUncertainty>-99</azimuthMaxHorizontalUncertainty>
    </originUncertainty>
  </origin>
  <magnitude publicID="quakeml:eu.emsc/event/20021113_0000019/origin/1411180/mag/2">
    <mag>
      <value>1.5</value>
      <uncertainty>0.2</uncertainty>
    </mag>
    <type>mb</type>
    <originID>quakeml:eu.emsc/event/20021113_0000019/origin/1411180</originID>
    <stationCount>6</stationCount>
    <creationInfo>
      <agencyURI>smi:smi-registry/organization/EMSC</agencyURI>
      <authorURI>smi:smi-registry/organization/EMSC</authorURI>
    </creationInfo>
  </magnitude>
</event>
<event publicID="quakeml:eu.emsc/event/20021113_0000003">
  <preferredOriginID>quakeml:eu.emsc/event/20021113_0000003/origin/1397640</preferredOriginID>
  <preferredMagnitudeID>quakeml:eu.emsc/event/20021113_0000003/origin/1397640/mag/2</preferredMagnitudeID>
  <creationInfo>
    <agencyURI>smi:smi-registry/organization/EMSC</agencyURI>
    <authorURI>smi:smi-registry/organization/EMSC</authorURI>
    <creationTime>2014-12-03T12:21:21.12606Z</creationTime>
  </creationInfo>
  <description>
    <text>SOUTHERN ITALY</text>
    <type>Flinn-Engdahl region</type>
  </description>
  <origin publicID="quakeml:eu.emsc/event/20021113_0000003/origin/1397640">
    <time>
      <value>2002-11-13T02:58:48.7Z</value>
      <uncertainty>0.15</uncertainty>
    </time>
    <latitude>
      <value>41.6814</value>
      <uncertainty>3.2</uncertainty>
    </latitude>
    <longitude>
      <value>14.7717</value>
      <uncertainty>3</uncertainty>
    </longitude>
    <depth>
      <value>12000</value>
    </depth>
    <depthType>from location</depthType>
    <methodID>smi:eu.emsc-csem/origin_method/NA</methodID>
    <quality>
      <usedPhaseCount>22</usedPhaseCount>
      <usedStationCount>15</usedStationCount>
      <standardError>0.78</standardError>
      <azimuthalGap>65</azimuthalGap>
      <minimumDistance>0.32</minimumDistance>
      <maximumDistance>2.88</maximumDistance>
    </quality>
    <evaluationMode>manual</evaluationMode>
    <creationInfo>
      <agencyURI>smi:smi-registry/organization/EMSC</agencyURI>
      <authorURI>smi:smi-registry/organization/EMSC</authorURI>
    </creationInfo>
    <originUncertainty>
      <azimuthMaxHorizontalUncertainty>15</azimuthMaxHorizontalUncertainty>
    </originUncertainty>
  </origin>
  <magnitude publicID="quakeml:eu.emsc/event/20021113_0000003/origin/1397640/mag/2">
    <mag>
      <value>2.4</value>
    </mag>
    <type>ML</type>
    <originID>quakeml:eu.emsc/event/20021113_0000003/origin/1397640</originID>
    <stationCount>8</stationCount>
    <creationInfo>
      <agencyURI>smi:smi-registry/organization/EMSC</agencyURI>
      <authorURI>smi:smi-registry/organization/EMSC</authorURI>
    </creationInfo>
  </magnitude>
</event>
<event publicID="quakeml:eu.emsc/event/20021113_0000002">
  <preferredOriginID>quakeml:eu.emsc/event/20021113_0000002/origin/1402904</preferredOriginID>
  <preferredMagnitudeID>quakeml:eu.emsc/event/20021113_0000002/origin/1402904/mag/2</preferredMagnitudeID>
  <creationInfo>
    <agencyURI>smi:smi-registry/organization/EMSC</agencyURI>
    <authorURI>smi:smi-registry/organization/EMSC</authorURI>
    <creationTime>2014-12-03T11:17:22.994979Z</creationTime>
  </creationInfo>
  <description>
    <text>SOUTHERN ITALY</text>
    <type>Flinn-Engdahl region</type>
  </description>
  <origin publicID="quakeml:eu.emsc/event/20021113_0000002/origin/1402904">
    <time>
      <value>2002-11-13T02:52:12.6Z</value>
      <uncertainty>0.16</uncertainty>
    </time>
    <latitude>
      <value>41.6935</value>
      <uncertainty>4.9</uncertainty>
    </latitude>
    <longitude>
      <value>14.7743</value>
      <uncertainty>3.5</uncertainty>
    </longitude>
    <depth>
      <value>10000</value>
    </depth>
    <depthType>from location</depthType>
    <methodID>smi:eu.emsc-csem/origin_method/NA</methodID>
    <quality>
      <usedPhaseCount>59</usedPhaseCount>
      <usedStationCount>47</usedStationCount>
      <standardError>1.19</standardError>
      <azimuthalGap>66</azimuthalGap>
      <minimumDistance>0.47</minimumDistance>
      <maximumDistance>9.67</maximumDistance>
    </quality>
    <evaluationMode>manual</evaluationMode>
    <creationInfo>
      <agencyURI>smi:smi-registry/organization/EMSC</agencyURI>
      <authorURI>smi:smi-registry/organization/EMSC</authorURI>
    </creationInfo>
    <originUncertainty>
      <azimuthMaxHorizontalUncertainty>40</azimuthMaxHorizontalUncertainty>
    </originUncertainty>
  </origin>
  <magnitude publicID="quakeml:eu.emsc/event/20021113_0000002/origin/1402904/mag/2">
    <mag>
      <value>3.1</value>
    </mag>
    <type>ML</type>
    <originID>quakeml:eu.emsc/event/20021113_0000002/origin/1402904</originID>
    <stationCount>14</stationCount>
    <creationInfo>
      <agencyURI>smi:smi-registry/organization/EMSC</agencyURI>
      <authorURI>smi:smi-registry/organization/EMSC</authorURI>
    </creationInfo>
  </magnitude>
</event>
<event publicID="quakeml:eu.emsc/event/20021113_0000001">
  <preferredOriginID>quakeml:eu.emsc/event/20021113_0000001/origin/1411182</preferredOriginID>
  <preferredMagnitudeID>quakeml:eu.emsc/event/20021113_0000001/origin/1411182/mag/2</preferredMagnitudeID>
  <creationInfo>
    <agencyURI>smi:smi-registry/organization/EMSC</agencyURI>
    <authorURI>smi:smi-registry/organization/EMSC</authorURI>
    <creationTime>2014-12-10T15:43:52.376415Z</creationTime>
  </creationInfo>
  <description>
    <text>NORTHERN MID-ATLANTIC RIDGE</text>
    <type>Flinn-Engdahl region</type>
  </description>
  <origin publicID="quakeml:eu.emsc/event/20021113_0000001/origin/1411182">
    <time>
      <value>2002-11-13T02:29:37.0Z</value>
    </time>
    <latitude>
      <value>50.076</value>
      <uncertainty>9999.9</uncertainty>
    </latitude>
    <longitude>
      <value>-28.928</value>
      <uncertainty>9999.9</uncertainty>
    </longitude>
    <depth>
      <value>10000</value>
    </depth>
    <depthType>from location</depthType>
    <methodID>smi:eu.emsc-csem/origin_method/NA</methodID>
    <quality>
      <usedPhaseCount>13</usedPhaseCount>
      <usedStationCount>13</usedStationCount>
      <standardError>2.5</standardError>
      <azimuthalGap>175</azimuthalGap>
      <minimumDistance>20.43</minimumDistance>
      <maximumDistance>57.03</maximumDistance>
    </quality>
    <evaluationMode>manual</evaluationMode>
    <creationInfo>
      <agencyURI>smi:smi-registry/organization/EMSC</agencyURI>
      <authorURI>smi:smi-registry/organization/EMSC</authorURI>
    </creationInfo>
    <originUncertainty>
      <azimuthMaxHorizontalUncertainty>-99</azimuthMaxHorizontalUncertainty>
    </originUncertainty>
  </origin>
  <magnitude publicID="quakeml:eu.emsc/event/20021113_0000001/origin/1411182/mag/2">
    <mag>
      <value>4.2</value>
    </mag>
    <type>mb</type>
    <originID>quakeml:eu.emsc/event/20021113_0000001/origin/1411182</originID>
    <stationCount>6</stationCount>
    <creationInfo>
      <agencyURI>smi:smi-registry/organization/EMSC</agencyURI>
      <authorURI>smi:smi-registry/organization/EMSC</authorURI>
    </creationInfo>
  </magnitude>
</event>
</eventParameters>
</q:quakeml>
