<?xml version="1.0"?>
<q:quakeml xmlns:q="http://quakeml.org/xmlns/quakeml/1.2"  xmlns="http://quakeml.org/xmlns/bed/1.2">
<eventParameters publicID="smi:eu.emsc/unid">
<event publicID="quakeml:eu.emsc/event/20010615_0000017">
  <preferredOriginID>quakeml:eu.emsc/event/20010615_0000017/origin/1425545</preferredOriginID>
  <preferredMagnitudeID>quakeml:eu.emsc/event/20010615_0000017/origin/1425545/mag/2</preferredMagnitudeID>
  <creationInfo>
    <agencyURI>smi:smi-registry/organization/EMSC</agencyURI>
    <authorURI>smi:smi-registry/organization/EMSC</authorURI>
    <creationTime>2014-12-10T12:42:51.769753Z</creationTime>
  </creationInfo>
  <description>
    <text>IONIAN SEA</text>
    <type>Flinn-Engdahl region</type>
  </description>
  <origin publicID="quakeml:eu.emsc/event/20010615_0000017/origin/1425545">
    <time>
      <value>2001-06-15T22:55:56.3Z</value>
    </time>
    <latitude>
      <value>37.1</value>
      <uncertainty>9999.9</uncertainty>
    </latitude>
    <longitude>
      <value>20.96</value>
      <uncertainty>9999.9</uncertainty>
    </longitude>
    <depth>
      <value>5000</value>
    </depth>
    <depthType>from location</depthType>
    <methodID>smi:eu.emsc-csem/origin_method/NA</methodID>
    <quality>
      <usedPhaseCount>5</usedPhaseCount>
      <usedStationCount>4</usedStationCount>
      <standardError>2.24</standardError>
      <azimuthalGap>241</azimuthalGap>
      <minimumDistance>0.78</minimumDistance>
      <maximumDistance>1.93</maximumDistance>
    </quality>
    <evaluationMode>manual</evaluationMode>
    <creationInfo>
      <agencyURI>smi:smi-registry/organization/EMSC</agencyURI>
      <authorURI>smi:smi-registry/organization/EMSC</authorURI>
    </creationInfo>
    <originUncertainty>
      <azimuthMaxHorizontalUncertainty>-99</azimuthMaxHorizontalUncertainty>
    </originUncertainty>
  </origin>
  <magnitude publicID="quakeml:eu.emsc/event/20010615_0000017/origin/1425545/mag/2">
    <mag>
      <value>3.1</value>
    </mag>
    <type>MD</type>
    <originID>quakeml:eu.emsc/event/20010615_0000017/origin/1425545</originID>
    <creationInfo>
      <agencyURI>smi:smi-registry/organization/EMSC</agencyURI>
      <authorURI>smi:smi-registry/organization/EMSC</authorURI>
    </creationInfo>
  </magnitude>
</event>
<event publicID="quakeml:eu.emsc/event/20010615_0000016">
  <preferredOriginID>quakeml:eu.emsc/event/20010615_0000016/origin/1425547</preferredOriginID>
  <preferredMagnitudeID>quakeml:eu.emsc/event/20010615_0000016/origin/1425547/mag/2</preferredMagnitudeID>
  <creationInfo>
    <agencyURI>smi:smi-registry/organization/EMSC</agencyURI>
    <authorURI>smi:smi-registry/organization/EMSC</authorURI>
    <creationTime>2014-12-10T12:42:49.718768Z</creationTime>
  </creationInfo>
  <description>
    <text>SOUTHERN GREECE</text>
    <type>Flinn-Engdahl region</type>
  </description>
  <origin publicID="quakeml:eu.emsc/event/20010615_0000016/origin/1425547">
    <time>
      <value>2001-06-15T20:47:57.0Z</value>
    </time>
    <latitude>
      <value>36.79</value>
      <uncertainty>9999.9</uncertainty>
    </latitude>
    <longitude>
      <value>22.14</value>
      <uncertainty>9999.9</uncertainty>
    </longitude>
    <depth>
      <value>5000</value>
    </depth>
    <depthType>from location</depthType>
    <methodID>smi:eu.emsc-csem/origin_method/NA</methodID>
    <quality>
      <usedPhaseCount>7</usedPhaseCount>
      <usedStationCount>6</usedStationCount>
      <standardError>1.74</standardError>
      <azimuthalGap>189</azimuthalGap>
      <minimumDistance>0.42</minimumDistance>
      <maximumDistance>2.17</maximumDistance>
    </quality>
    <evaluationMode>manual</evaluationMode>
    <creationInfo>
      <agencyURI>smi:smi-registry/organization/EMSC</agencyURI>
      <authorURI>smi:smi-registry/organization/EMSC</authorURI>
    </creationInfo>
    <originUncertainty>
      <azimuthMaxHorizontalUncertainty>-99</azimuthMaxHorizontalUncertainty>
    </originUncertainty>
  </origin>
  <magnitude publicID="quakeml:eu.emsc/event/20010615_0000016/origin/1425547/mag/2">
    <mag>
      <value>3.3</value>
    </mag>
    <type>MD</type>
    <originID>quakeml:eu.emsc/event/20010615_0000016/origin/1425547</originID>
    <creationInfo>
      <agencyURI>smi:smi-registry/organization/EMSC</agencyURI>
      <authorURI>smi:smi-registry/organization/EMSC</authorURI>
    </creationInfo>
  </magnitude>
</event>
<event publicID="quakeml:eu.emsc/event/20010615_0000015">
  <preferredOriginID>quakeml:eu.emsc/event/20010615_0000015/origin/1428382</preferredOriginID>
  <creationInfo>
    <agencyURI>smi:smi-registry/organization/EMSC</agencyURI>
    <authorURI>smi:smi-registry/organization/EMSC</authorURI>
    <creationTime>2014-12-03T11:29:53.596698Z</creationTime>
  </creationInfo>
  <description>
    <text>POLAND</text>
    <type>Flinn-Engdahl region</type>
  </description>
  <origin publicID="quakeml:eu.emsc/event/20010615_0000015/origin/1428382">
    <time>
      <value>2001-06-15T19:08:22.0Z</value>
      <uncertainty>0.31</uncertainty>
    </time>
    <latitude>
      <value>51.4228</value>
      <uncertainty>6.1</uncertainty>
    </latitude>
    <longitude>
      <value>16.0959</value>
      <uncertainty>3.2</uncertainty>
    </longitude>
    <depth>
      <value>2000</value>
    </depth>
    <depthType>from location</depthType>
    <methodID>smi:eu.emsc-csem/origin_method/NA</methodID>
    <quality>
      <usedPhaseCount>47</usedPhaseCount>
      <usedStationCount>26</usedStationCount>
      <standardError>0.91</standardError>
      <azimuthalGap>196</azimuthalGap>
      <minimumDistance>0.59</minimumDistance>
      <maximumDistance>6.17</maximumDistance>
    </quality>
    <evaluationMode>manual</evaluationMode>
    <creationInfo>
      <agencyURI>smi:smi-registry/organization/EMSC</agencyURI>
      <authorURI>smi:smi-registry/organization/EMSC</authorURI>
    </creationInfo>
    <originUncertainty>
      <azimuthMaxHorizontalUncertainty>18</azimuthMaxHorizontalUncertainty>
    </originUncertainty>
  </origin>
</event>
<event publicID="quakeml:eu.emsc/event/20010615_0000014">
  <preferredOriginID>quakeml:eu.emsc/event/20010615_0000014/origin/1428385</preferredOriginID>
  <preferredMagnitudeID>quakeml:eu.emsc/event/20010615_0000014/origin/1428385/mag/2</preferredMagnitudeID>
  <creationInfo>
    <agencyURI>smi:smi-registry/organization/EMSC</agencyURI>
    <authorURI>smi:smi-registry/organization/EMSC</authorURI>
    <creationTime>2014-12-03T10:46:05.757144Z</creationTime>
  </creationInfo>
  <description>
    <text>GREECE</text>
    <type>Flinn-Engdahl region</type>
  </description>
  <origin publicID="quakeml:eu.emsc/event/20010615_0000014/origin/1428385">
    <time>
      <value>2001-06-15T17:34:48.5Z</value>
      <uncertainty>0.29</uncertainty>
    </time>
    <latitude>
      <value>40.0915</value>
      <uncertainty>7.8</uncertainty>
    </latitude>
    <longitude>
      <value>21.2489</value>
      <uncertainty>5.7</uncertainty>
    </longitude>
    <depth>
      <value>2000</value>
    </depth>
    <depthType>from location</depthType>
    <methodID>smi:eu.emsc-csem/origin_method/NA</methodID>
    <quality>
      <usedPhaseCount>16</usedPhaseCount>
      <usedStationCount>11</usedStationCount>
      <standardError>1.19</standardError>
      <azimuthalGap>79</azimuthalGap>
      <minimumDistance>0.45</minimumDistance>
      <maximumDistance>1.98</maximumDistance>
    </quality>
    <evaluationMode>manual</evaluationMode>
    <creationInfo>
      <agencyURI>smi:smi-registry/organization/EMSC</agencyURI>
      <authorURI>smi:smi-registry/organization/EMSC</authorURI>
    </creationInfo>
    <originUncertainty>
      <azimuthMaxHorizontalUncertainty>133</azimuthMaxHorizontalUncertainty>
    </originUncertainty>
  </origin>
  <magnitude publicID="quakeml:eu.emsc/event/20010615_0000014/origin/1428385/mag/2">
    <mag>
      <value>3.3</value>
    </mag>
    <type>MD</type>
    <originID>quakeml:eu.emsc/event/20010615_0000014/origin/1428385</originID>
    <creationInfo>
      <agencyURI>smi:smi-registry/organization/EMSC</agencyURI>
      <authorURI>smi:smi-registry/organization/EMSC</authorURI>
    </creationInfo>
  </magnitude>
</event>
<event publicID="quakeml:eu.emsc/event/20010615_0000021">
  <preferredOriginID>quakeml:eu.emsc/event/20010615_0000021/origin/1425549</preferredOriginID>
  <preferredMagnitudeID>quakeml:eu.emsc/event/20010615_0000021/origin/1425549/mag/2</preferredMagnitudeID>
  <creationInfo>
    <agencyURI>smi:smi-registry/organization/EMSC</agencyURI>
    <authorURI>smi:smi-registry/organization/EMSC</authorURI>
    <creationTime>2014-12-10T18:26:57.341879Z</creationTime>
  </creationInfo>
  <description>
    <text>SPAIN</text>
    <type>Flinn-Engdahl region</type>
  </description>
  <origin publicID="quakeml:eu.emsc/event/20010615_0000021/origin/1425549">
    <time>
      <value>2001-06-15T16:36:01.3Z</value>
    </time>
    <latitude>
      <value>41.85</value>
      <uncertainty>9999.9</uncertainty>
    </latitude>
    <longitude>
      <value>2.65</value>
      <uncertainty>9999.9</uncertainty>
    </longitude>
    <depth>
      <value>0</value>
    </depth>
    <depthType>from location</depthType>
    <methodID>smi:eu.emsc-csem/origin_method/NA</methodID>
    <quality>
      <usedPhaseCount>7</usedPhaseCount>
      <usedStationCount>4</usedStationCount>
      <standardError>4.36</standardError>
      <azimuthalGap>265</azimuthalGap>
      <minimumDistance>0.18</minimumDistance>
      <maximumDistance>1.06</maximumDistance>
    </quality>
    <evaluationMode>manual</evaluationMode>
    <creationInfo>
      <agencyURI>smi:smi-registry/organization/EMSC</agencyURI>
      <authorURI>smi:smi-registry/organization/EMSC</authorURI>
    </creationInfo>
    <originUncertainty>
      <azimuthMaxHorizontalUncertainty>-99</azimuthMaxHorizontalUncertainty>
    </originUncertainty>
  </origin>
  <magnitude publicID="quakeml:eu.emsc/event/20010615_0000021/origin/1425549/mag/2">
    <mag>
      <value>1</value>
    </mag>
    <type>ML</type>
    <originID>quakeml:eu.emsc/event/20010615_0000021/origin/1425549</originID>
    <creationInfo>
      <agencyURI>smi:smi-registry/organization/EMSC</agencyURI>
      <authorURI>smi:smi-registry/organization/EMSC</authorURI>
    </creationInfo>
  </magnitude>
</event>
<event publicID="quakeml:eu.emsc/event/20010615_0000013">
  <preferredOriginID>quakeml:eu.emsc/event/20010615_0000013/origin/1428393</preferredOriginID>
  <preferredMagnitudeID>quakeml:eu.emsc/event/20010615_0000013/origin/1428393/mag/2</preferredMagnitudeID>
  <creationInfo>
    <agencyURI>smi:smi-registry/organization/EMSC</agencyURI>
    <authorURI>smi:smi-registry/organization/EMSC</authorURI>
    <creationTime>2014-12-03T11:39:15.82633Z</creationTime>
  </creationInfo>
  <description>
    <text>GULF OF ADEN</text>
    <type>Flinn-Engdahl region</type>
  </description>
  <origin publicID="quakeml:eu.emsc/event/20010615_0000013/origin/1428393">
    <time>
      <value>2001-06-15T16:19:09.7Z</value>
      <uncertainty>0.9</uncertainty>
    </time>
    <latitude>
      <value>13.0899</value>
      <uncertainty>36.5</uncertainty>
    </latitude>
    <longitude>
      <value>51.646</value>
      <uncertainty>12.3</uncertainty>
    </longitude>
    <depth>
      <value>60000</value>
    </depth>
    <depthType>from location</depthType>
    <methodID>smi:eu.emsc-csem/origin_method/NA</methodID>
    <quality>
      <usedPhaseCount>85</usedPhaseCount>
      <usedStationCount>81</usedStationCount>
      <standardError>1.01</standardError>
      <azimuthalGap>310</azimuthalGap>
      <minimumDistance>5.98</minimumDistance>
      <maximumDistance>57.23</maximumDistance>
    </quality>
    <evaluationMode>manual</evaluationMode>
    <creationInfo>
      <agencyURI>smi:smi-registry/organization/EMSC</agencyURI>
      <authorURI>smi:smi-registry/organization/EMSC</authorURI>
    </creationInfo>
    <originUncertainty>
      <azimuthMaxHorizontalUncertainty>168</azimuthMaxHorizontalUncertainty>
    </originUncertainty>
  </origin>
  <magnitude publicID="quakeml:eu.emsc/event/20010615_0000013/origin/1428393/mag/2">
    <mag>
      <value>5.5</value>
      <uncertainty>0.3</uncertainty>
    </mag>
    <type>mb</type>
    <originID>quakeml:eu.emsc/event/20010615_0000013/origin/1428393</originID>
    <stationCount>46</stationCount>
    <creationInfo>
      <agencyURI>smi:smi-registry/organization/EMSC</agencyURI>
      <authorURI>smi:smi-registry/organization/EMSC</authorURI>
    </creationInfo>
  </magnitude>
</event>
<event publicID="quakeml:eu.emsc/event/20010615_0000019">
  <preferredOriginID>quakeml:eu.emsc/event/20010615_0000019/origin/1428248</preferredOriginID>
  <preferredMagnitudeID>quakeml:eu.emsc/event/20010615_0000019/origin/1428248/mag/1</preferredMagnitudeID>
  <creationInfo>
    <agencyURI>smi:smi-registry/organization/EMSC</agencyURI>
    <authorURI>smi:smi-registry/organization/EMSC</authorURI>
    <creationTime>2014-12-03T15:05:49.848555Z</creationTime>
  </creationInfo>
  <description>
    <text>NORTHERN ITALY</text>
    <type>Flinn-Engdahl region</type>
  </description>
  <origin publicID="quakeml:eu.emsc/event/20010615_0000019/origin/1428248">
    <time>
      <value>2001-06-15T16:12:37.0Z</value>
      <uncertainty>0.89</uncertainty>
    </time>
    <latitude>
      <value>44.2629</value>
      <uncertainty>14.5</uncertainty>
    </latitude>
    <longitude>
      <value>8.5069</value>
      <uncertainty>8.4</uncertainty>
    </longitude>
    <depth>
      <value>19500.0</value>
      <uncertainty>0.1</uncertainty>
    </depth>
    <depthType>from location</depthType>
    <methodID>smi:eu.emsc-csem/origin_method/NA</methodID>
    <quality>
      <usedPhaseCount>21</usedPhaseCount>
      <usedStationCount>14</usedStationCount>
      <standardError>0.96</standardError>
      <azimuthalGap>282</azimuthalGap>
      <minimumDistance>0.74</minimumDistance>
      <maximumDistance>2.13</maximumDistance>
    </quality>
    <evaluationMode>manual</evaluationMode>
    <creationInfo>
      <agencyURI>smi:smi-registry/organization/EMSC</agencyURI>
      <authorURI>smi:smi-registry/organization/EMSC</authorURI>
    </creationInfo>
    <originUncertainty>
      <azimuthMaxHorizontalUncertainty>94</azimuthMaxHorizontalUncertainty>
    </originUncertainty>
  </origin>
  <magnitude publicID="quakeml:eu.emsc/event/20010615_0000019/origin/1428248/mag/1">
    <mag>
      <value>2.4</value>
      <uncertainty>0.3</uncertainty>
    </mag>
    <type>ML</type>
    <originID>quakeml:eu.emsc/event/20010615_0000019/origin/1428248</originID>
    <stationCount>8</stationCount>
    <creationInfo>
      <agencyURI>smi:smi-registry/organization/EMSC</agencyURI>
      <authorURI>smi:smi-registry/organization/EMSC</authorURI>
    </creationInfo>
  </magnitude>
</event>
<event publicID="quakeml:eu.emsc/event/20010615_0000024">
  <preferredOriginID>quakeml:eu.emsc/event/20010615_0000024/origin/1427993</preferredOriginID>
  <preferredMagnitudeID>quakeml:eu.emsc/event/20010615_0000024/origin/1427993/mag/2</preferredMagnitudeID>
  <creationInfo>
    <agencyURI>smi:smi-registry/organization/EMSC</agencyURI>
    <authorURI>smi:smi-registry/organization/EMSC</authorURI>
    <creationTime>2014-12-10T18:26:56.360988Z</creationTime>
  </creationInfo>
  <description>
    <text>SWITZERLAND</text>
    <type>Flinn-Engdahl region</type>
  </description>
  <origin publicID="quakeml:eu.emsc/event/20010615_0000024/origin/1427993">
    <time>
      <value>2001-06-15T14:00:01.6Z</value>
    </time>
    <latitude>
      <value>46.38</value>
      <uncertainty>9999.9</uncertainty>
    </latitude>
    <longitude>
      <value>6.936</value>
      <uncertainty>9999.9</uncertainty>
    </longitude>
    <depth>
      <value>0</value>
    </depth>
    <depthType>from location</depthType>
    <methodID>smi:eu.emsc-csem/origin_method/NA</methodID>
    <quality>
      <usedPhaseCount>9</usedPhaseCount>
      <usedStationCount>4</usedStationCount>
      <standardError>0.64</standardError>
      <azimuthalGap>264</azimuthalGap>
      <minimumDistance>0.04</minimumDistance>
      <maximumDistance>151.02</maximumDistance>
    </quality>
    <evaluationMode>manual</evaluationMode>
    <creationInfo>
      <agencyURI>smi:smi-registry/organization/EMSC</agencyURI>
      <authorURI>smi:smi-registry/organization/EMSC</authorURI>
    </creationInfo>
    <originUncertainty>
      <azimuthMaxHorizontalUncertainty>-99</azimuthMaxHorizontalUncertainty>
    </originUncertainty>
  </origin>
  <magnitude publicID="quakeml:eu.emsc/event/20010615_0000024/origin/1427993/mag/2">
    <mag>
      <value>1.7</value>
    </mag>
    <type>ML</type>
    <originID>quakeml:eu.emsc/event/20010615_0000024/origin/1427993</originID>
    <stationCount>5</stationCount>
    <creationInfo>
      <agencyURI>smi:smi-registry/organization/EMSC</agencyURI>
      <authorURI>smi:smi-registry/organization/EMSC</authorURI>
    </creationInfo>
  </magnitude>
</event>
<event publicID="quakeml:eu.emsc/event/20010615_0000023">
  <preferredOriginID>quakeml:eu.emsc/event/20010615_0000023/origin/1428252</preferredOriginID>
  <preferredMagnitudeID>quakeml:eu.emsc/event/20010615_0000023/origin/1428252/mag/1</preferredMagnitudeID>
  <creationInfo>
    <agencyURI>smi:smi-registry/organization/EMSC</agencyURI>
    <authorURI>smi:smi-registry/organization/EMSC</authorURI>
    <creationTime>2014-12-03T16:44:25.566168Z</creationTime>
  </creationInfo>
  <description>
    <text>NORTHERN ITALY</text>
    <type>Flinn-Engdahl region</type>
  </description>
  <origin publicID="quakeml:eu.emsc/event/20010615_0000023/origin/1428252">
    <time>
      <value>2001-06-15T13:47:36.4Z</value>
      <uncertainty>0.1</uncertainty>
    </time>
    <latitude>
      <value>44.4837</value>
      <uncertainty>2.7</uncertainty>
    </latitude>
    <longitude>
      <value>7.2802</value>
      <uncertainty>1.5</uncertainty>
    </longitude>
    <depth>
      <value>16900.0</value>
      <uncertainty>1.7</uncertainty>
    </depth>
    <depthType>from location</depthType>
    <methodID>smi:eu.emsc-csem/origin_method/NA</methodID>
    <quality>
      <usedPhaseCount>48</usedPhaseCount>
      <usedStationCount>26</usedStationCount>
      <standardError>0.72</standardError>
      <azimuthalGap>87</azimuthalGap>
      <minimumDistance>0.33</minimumDistance>
      <maximumDistance>2.3</maximumDistance>
    </quality>
    <evaluationMode>manual</evaluationMode>
    <creationInfo>
      <agencyURI>smi:smi-registry/organization/EMSC</agencyURI>
      <authorURI>smi:smi-registry/organization/EMSC</authorURI>
    </creationInfo>
    <originUncertainty>
      <azimuthMaxHorizontalUncertainty>67</azimuthMaxHorizontalUncertainty>
    </originUncertainty>
  </origin>
  <magnitude publicID="quakeml:eu.emsc/event/20010615_0000023/origin/1428252/mag/1">
    <mag>
      <value>2.6</value>
      <uncertainty>0.4</uncertainty>
    </mag>
    <type>ML</type>
    <originID>quakeml:eu.emsc/event/20010615_0000023/origin/1428252</originID>
    <stationCount>10</stationCount>
    <creationInfo>
      <agencyURI>smi:smi-registry/organization/EMSC</agencyURI>
      <authorURI>smi:smi-registry/organization/EMSC</authorURI>
    </creationInfo>
  </magnitude>
</event>
<event publicID="quakeml:eu.emsc/event/20010615_0000012">
  <preferredOriginID>quakeml:eu.emsc/event/20010615_0000012/origin/1428399</preferredOriginID>
  <preferredMagnitudeID>quakeml:eu.emsc/event/20010615_0000012/origin/1428399/mag/2</preferredMagnitudeID>
  <creationInfo>
    <agencyURI>smi:smi-registry/organization/EMSC</agencyURI>
    <authorURI>smi:smi-registry/organization/EMSC</authorURI>
    <creationTime>2014-12-03T10:36:30.159213Z</creationTime>
  </creationInfo>
  <description>
    <text>CENTRAL MEDITERRANEAN SEA</text>
    <type>Flinn-Engdahl region</type>
  </description>
  <origin publicID="quakeml:eu.emsc/event/20010615_0000012/origin/1428399">
    <time>
      <value>2001-06-15T13:03:35.1Z</value>
      <uncertainty>0.46</uncertainty>
    </time>
    <latitude>
      <value>34.6422</value>
      <uncertainty>16.9</uncertainty>
    </latitude>
    <longitude>
      <value>22.845</value>
      <uncertainty>5.3</uncertainty>
    </longitude>
    <depth>
      <value>2000</value>
    </depth>
    <depthType>from location</depthType>
    <methodID>smi:eu.emsc-csem/origin_method/NA</methodID>
    <quality>
      <usedPhaseCount>51</usedPhaseCount>
      <usedStationCount>51</usedStationCount>
      <standardError>1.32</standardError>
      <azimuthalGap>188</azimuthalGap>
      <minimumDistance>1.35</minimumDistance>
      <maximumDistance>21.76</maximumDistance>
    </quality>
    <evaluationMode>manual</evaluationMode>
    <creationInfo>
      <agencyURI>smi:smi-registry/organization/EMSC</agencyURI>
      <authorURI>smi:smi-registry/organization/EMSC</authorURI>
    </creationInfo>
    <originUncertainty>
      <azimuthMaxHorizontalUncertainty>43</azimuthMaxHorizontalUncertainty>
    </originUncertainty>
  </origin>
  <magnitude publicID="quakeml:eu.emsc/event/20010615_0000012/origin/1428399/mag/2">
    <mag>
      <value>4</value>
    </mag>
    <type>ML</type>
    <originID>quakeml:eu.emsc/event/20010615_0000012/origin/1428399</originID>
    <creationInfo>
      <agencyURI>smi:smi-registry/organization/EMSC</agencyURI>
      <authorURI>smi:smi-registry/organization/EMSC</authorURI>
    </creationInfo>
  </magnitude>
</event>
<event publicID="quakeml:eu.emsc/event/20010615_0000020">
  <preferredOriginID>quakeml:eu.emsc/event/20010615_0000020/origin/1425551</preferredOriginID>
  <preferredMagnitudeID>quakeml:eu.emsc/event/20010615_0000020/origin/1425551/mag/2</preferredMagnitudeID>
  <creationInfo>
    <agencyURI>smi:smi-registry/organization/EMSC</agencyURI>
    <authorURI>smi:smi-registry/organization/EMSC</authorURI>
    <creationTime>2014-12-10T18:26:55.871982Z</creationTime>
  </creationInfo>
  <description>
    <text>FRANCE</text>
    <type>Flinn-Engdahl region</type>
  </description>
  <origin publicID="quakeml:eu.emsc/event/20010615_0000020/origin/1425551">
    <time>
      <value>2001-06-15T12:10:37.0Z</value>
    </time>
    <latitude>
      <value>44.5798</value>
      <uncertainty>9999.9</uncertainty>
    </latitude>
    <longitude>
      <value>6.7763</value>
      <uncertainty>9999.9</uncertainty>
    </longitude>
    <depth>
      <value>0</value>
    </depth>
    <depthType>from location</depthType>
    <methodID>smi:eu.emsc-csem/origin_method/NA</methodID>
    <quality>
      <usedPhaseCount>17</usedPhaseCount>
      <usedStationCount>11</usedStationCount>
      <standardError>3.54</standardError>
      <azimuthalGap>230</azimuthalGap>
      <minimumDistance>0.24</minimumDistance>
      <maximumDistance>1.09</maximumDistance>
    </quality>
    <evaluationMode>manual</evaluationMode>
    <creationInfo>
      <agencyURI>smi:smi-registry/organization/EMSC</agencyURI>
      <authorURI>smi:smi-registry/organization/EMSC</authorURI>
    </creationInfo>
    <originUncertainty>
      <azimuthMaxHorizontalUncertainty>-99</azimuthMaxHorizontalUncertainty>
    </originUncertainty>
  </origin>
  <magnitude publicID="quakeml:eu.emsc/event/20010615_0000020/origin/1425551/mag/2">
    <mag>
      <value>2</value>
    </mag>
    <type>ML</type>
    <originID>quakeml:eu.emsc/event/20010615_0000020/origin/1425551</originID>
    <creationInfo>
      <agencyURI>smi:smi-registry/organization/EMSC</agencyURI>
      <authorURI>smi:smi-registry/organization/EMSC</authorURI>
    </creationInfo>
  </magnitude>
</event>
<event publicID="quakeml:eu.emsc/event/20010615_0000011">
  <preferredOriginID>quakeml:eu.emsc/event/20010615_0000011/origin/1428403</preferredOriginID>
  <preferredMagnitudeID>quakeml:eu.emsc/event/20010615_0000011/origin/1428403/mag/2</preferredMagnitudeID>
  <creationInfo>
    <agencyURI>smi:smi-registry/organization/EMSC</agencyURI>
    <authorURI>smi:smi-registry/organization/EMSC</authorURI>
    <creationTime>2014-12-03T11:27:15.921881Z</creationTime>
  </creationInfo>
  <description>
    <text>ALBANIA</text>
    <type>Flinn-Engdahl region</type>
  </description>
  <origin publicID="quakeml:eu.emsc/event/20010615_0000011/origin/1428403">
    <time>
      <value>2001-06-15T10:24:13.2Z</value>
      <uncertainty>0.36</uncertainty>
    </time>
    <latitude>
      <value>40.26</value>
      <uncertainty>14</uncertainty>
    </latitude>
    <longitude>
      <value>20.0325</value>
      <uncertainty>7</uncertainty>
    </longitude>
    <depth>
      <value>72300.0</value>
      <uncertainty>9.4</uncertainty>
    </depth>
    <depthType>from location</depthType>
    <methodID>smi:eu.emsc-csem/origin_method/NA</methodID>
    <quality>
      <usedPhaseCount>28</usedPhaseCount>
      <usedStationCount>22</usedStationCount>
      <standardError>1.37</standardError>
      <azimuthalGap>122</azimuthalGap>
      <minimumDistance>1.33</minimumDistance>
      <maximumDistance>21.53</maximumDistance>
    </quality>
    <evaluationMode>manual</evaluationMode>
    <creationInfo>
      <agencyURI>smi:smi-registry/organization/EMSC</agencyURI>
      <authorURI>smi:smi-registry/organization/EMSC</authorURI>
    </creationInfo>
    <originUncertainty>
      <azimuthMaxHorizontalUncertainty>63</azimuthMaxHorizontalUncertainty>
    </originUncertainty>
  </origin>
  <magnitude publicID="quakeml:eu.emsc/event/20010615_0000011/origin/1428403/mag/2">
    <mag>
      <value>3.7</value>
    </mag>
    <type>MD</type>
    <originID>quakeml:eu.emsc/event/20010615_0000011/origin/1428403</originID>
    <creationInfo>
      <agencyURI>smi:smi-registry/organization/EMSC</agencyURI>
      <authorURI>smi:smi-registry/organization/EMSC</authorURI>
    </creationInfo>
  </magnitude>
</event>
<event publicID="quakeml:eu.emsc/event/20010615_0000010">
  <preferredOriginID>quakeml:eu.emsc/event/20010615_0000010/origin/1428406</preferredOriginID>
  <preferredMagnitudeID>quakeml:eu.emsc/event/20010615_0000010/origin/1428406/mag/2</preferredMagnitudeID>
  <creationInfo>
    <agencyURI>smi:smi-registry/organization/EMSC</agencyURI>
    <authorURI>smi:smi-registry/organization/EMSC</authorURI>
    <creationTime>2014-12-03T10:20:14.782285Z</creationTime>
  </creationInfo>
  <description>
    <text>ALBANIA</text>
    <type>Flinn-Engdahl region</type>
  </description>
  <origin publicID="quakeml:eu.emsc/event/20010615_0000010/origin/1428406">
    <time>
      <value>2001-06-15T08:29:01.6Z</value>
      <uncertainty>2.57</uncertainty>
    </time>
    <latitude>
      <value>40.1591</value>
      <uncertainty>69.3</uncertainty>
    </latitude>
    <longitude>
      <value>19.8897</value>
      <uncertainty>17.9</uncertainty>
    </longitude>
    <depth>
      <value>2000</value>
    </depth>
    <depthType>from location</depthType>
    <methodID>smi:eu.emsc-csem/origin_method/NA</methodID>
    <quality>
      <usedPhaseCount>5</usedPhaseCount>
      <usedStationCount>5</usedStationCount>
      <standardError>0.65</standardError>
      <azimuthalGap>254</azimuthalGap>
      <minimumDistance>0.29</minimumDistance>
      <maximumDistance>1.93</maximumDistance>
    </quality>
    <evaluationMode>manual</evaluationMode>
    <creationInfo>
      <agencyURI>smi:smi-registry/organization/EMSC</agencyURI>
      <authorURI>smi:smi-registry/organization/EMSC</authorURI>
    </creationInfo>
    <originUncertainty>
      <azimuthMaxHorizontalUncertainty>132</azimuthMaxHorizontalUncertainty>
    </originUncertainty>
  </origin>
  <magnitude publicID="quakeml:eu.emsc/event/20010615_0000010/origin/1428406/mag/2">
    <mag>
      <value>3.2</value>
    </mag>
    <type>MD</type>
    <originID>quakeml:eu.emsc/event/20010615_0000010/origin/1428406</originID>
    <creationInfo>
      <agencyURI>smi:smi-registry/organization/EMSC</agencyURI>
      <authorURI>smi:smi-registry/organization/EMSC</authorURI>
    </creationInfo>
  </magnitude>
</event>
<event publicID="quakeml:eu.emsc/event/20010615_0000009">
  <preferredOriginID>quakeml:eu.emsc/event/20010615_0000009/origin/1428408</preferredOriginID>
  <preferredMagnitudeID>quakeml:eu.emsc/event/20010615_0000009/origin/1428408/mag/2</preferredMagnitudeID>
  <creationInfo>
    <agencyURI>smi:smi-registry/organization/EMSC</agencyURI>
    <authorURI>smi:smi-registry/organization/EMSC</authorURI>
    <creationTime>2014-12-03T10:49:43.450611Z</creationTime>
  </creationInfo>
  <description>
    <text>ROMANIA</text>
    <type>Flinn-Engdahl region</type>
  </description>
  <origin publicID="quakeml:eu.emsc/event/20010615_0000009/origin/1428408">
    <time>
      <value>2001-06-15T08:04:45.1Z</value>
      <uncertainty>0.18</uncertainty>
    </time>
    <latitude>
      <value>45.0878</value>
      <uncertainty>8.4</uncertainty>
    </latitude>
    <longitude>
      <value>22.9964</value>
      <uncertainty>1.7</uncertainty>
    </longitude>
    <depth>
      <value>2000</value>
    </depth>
    <depthType>from location</depthType>
    <methodID>smi:eu.emsc-csem/origin_method/NA</methodID>
    <quality>
      <usedPhaseCount>14</usedPhaseCount>
      <usedStationCount>9</usedStationCount>
      <standardError>0.35</standardError>
      <azimuthalGap>202</azimuthalGap>
      <minimumDistance>1.11</minimumDistance>
      <maximumDistance>3.62</maximumDistance>
    </quality>
    <evaluationMode>manual</evaluationMode>
    <creationInfo>
      <agencyURI>smi:smi-registry/organization/EMSC</agencyURI>
      <authorURI>smi:smi-registry/organization/EMSC</authorURI>
    </creationInfo>
    <originUncertainty>
      <azimuthMaxHorizontalUncertainty>10</azimuthMaxHorizontalUncertainty>
    </originUncertainty>
  </origin>
  <magnitude publicID="quakeml:eu.emsc/event/20010615_0000009/origin/1428408/mag/2">
    <mag>
      <value>3.6</value>
    </mag>
    <type>MD</type>
    <originID>quakeml:eu.emsc/event/20010615_0000009/origin/1428408</originID>
    <stationCount>2</stationCount>
    <creationInfo>
      <agencyURI>smi:smi-registry/organization/EMSC</agencyURI>
      <authorURI>smi:smi-registry/organization/EMSC</authorURI>
    </creationInfo>
  </magnitude>
</event>
<event publicID="quakeml:eu.emsc/event/20010615_0000008">
  <preferredOriginID>quakeml:eu.emsc/event/20010615_0000008/origin/1428411</preferredOriginID>
  <preferredMagnitudeID>quakeml:eu.emsc/event/20010615_0000008/origin/1428411/mag/1</preferredMagnitudeID>
  <creationInfo>
    <agencyURI>smi:smi-registry/organization/EMSC</agencyURI>
    <authorURI>smi:smi-registry/organization/EMSC</authorURI>
    <creationTime>2014-12-03T10:41:40.697164Z</creationTime>
  </creationInfo>
  <description>
    <text>PORTUGAL</text>
    <type>Flinn-Engdahl region</type>
  </description>
  <origin publicID="quakeml:eu.emsc/event/20010615_0000008/origin/1428411">
    <time>
      <value>2001-06-15T07:14:47.9Z</value>
      <uncertainty>0.51</uncertainty>
    </time>
    <latitude>
      <value>38.3592</value>
      <uncertainty>10.5</uncertainty>
    </latitude>
    <longitude>
      <value>-9.3001</value>
      <uncertainty>5</uncertainty>
    </longitude>
    <depth>
      <value>19700.0</value>
      <uncertainty>0.1</uncertainty>
    </depth>
    <depthType>from location</depthType>
    <methodID>smi:eu.emsc-csem/origin_method/NA</methodID>
    <quality>
      <usedPhaseCount>20</usedPhaseCount>
      <usedStationCount>14</usedStationCount>
      <standardError>0.83</standardError>
      <azimuthalGap>222</azimuthalGap>
      <minimumDistance>0.37</minimumDistance>
      <maximumDistance>4.36</maximumDistance>
    </quality>
    <evaluationMode>manual</evaluationMode>
    <creationInfo>
      <agencyURI>smi:smi-registry/organization/EMSC</agencyURI>
      <authorURI>smi:smi-registry/organization/EMSC</authorURI>
    </creationInfo>
    <originUncertainty>
      <azimuthMaxHorizontalUncertainty>74</azimuthMaxHorizontalUncertainty>
    </originUncertainty>
  </origin>
  <magnitude publicID="quakeml:eu.emsc/event/20010615_0000008/origin/1428411/mag/1">
    <mag>
      <value>3</value>
      <uncertainty>0.5</uncertainty>
    </mag>
    <type>ML</type>
    <originID>quakeml:eu.emsc/event/20010615_0000008/origin/1428411</originID>
    <stationCount>7</stationCount>
    <creationInfo>
      <agencyURI>smi:smi-registry/organization/EMSC</agencyURI>
      <authorURI>smi:smi-registry/organization/EMSC</authorURI>
    </creationInfo>
  </magnitude>
</event>
<event publicID="quakeml:eu.emsc/event/20010615_0000007">
  <preferredOriginID>quakeml:eu.emsc/event/20010615_0000007/origin/1428414</preferredOriginID>
  <preferredMagnitudeID>quakeml:eu.emsc/event/20010615_0000007/origin/1428414/mag/1</preferredMagnitudeID>
  <creationInfo>
    <agencyURI>smi:smi-registry/organization/EMSC</agencyURI>
    <authorURI>smi:smi-registry/organization/EMSC</authorURI>
    <creationTime>2014-12-03T11:45:51.887974Z</creationTime>
  </creationInfo>
  <description>
    <text>AZORES-CAPE ST. VINCENT RIDGE</text>
    <type>Flinn-Engdahl region</type>
  </description>
  <origin publicID="quakeml:eu.emsc/event/20010615_0000007/origin/1428414">
    <time>
      <value>2001-06-15T07:02:21.5Z</value>
      <uncertainty>0.3</uncertainty>
    </time>
    <latitude>
      <value>36.2394</value>
      <uncertainty>5.8</uncertainty>
    </latitude>
    <longitude>
      <value>-10.166</value>
      <uncertainty>3.7</uncertainty>
    </longitude>
    <depth>
      <value>35000</value>
    </depth>
    <depthType>from location</depthType>
    <methodID>smi:eu.emsc-csem/origin_method/NA</methodID>
    <quality>
      <usedPhaseCount>81</usedPhaseCount>
      <usedStationCount>42</usedStationCount>
      <standardError>0.98</standardError>
      <azimuthalGap>284</azimuthalGap>
      <minimumDistance>1.74</minimumDistance>
      <maximumDistance>9.46</maximumDistance>
    </quality>
    <evaluationMode>manual</evaluationMode>
    <creationInfo>
      <agencyURI>smi:smi-registry/organization/EMSC</agencyURI>
      <authorURI>smi:smi-registry/organization/EMSC</authorURI>
    </creationInfo>
    <originUncertainty>
      <azimuthMaxHorizontalUncertainty>41</azimuthMaxHorizontalUncertainty>
    </originUncertainty>
  </origin>
  <magnitude publicID="quakeml:eu.emsc/event/20010615_0000007/origin/1428414/mag/1">
    <mag>
      <value>3.6</value>
      <uncertainty>0.2</uncertainty>
    </mag>
    <type>ML</type>
    <originID>quakeml:eu.emsc/event/20010615_0000007/origin/1428414</originID>
    <stationCount>30</stationCount>
    <creationInfo>
      <agencyURI>smi:smi-registry/organization/EMSC</agencyURI>
      <authorURI>smi:smi-registry/organization/EMSC</authorURI>
    </creationInfo>
  </magnitude>
</event>
<event publicID="quakeml:eu.emsc/event/20010615_0000006">
  <preferredOriginID>quakeml:eu.emsc/event/20010615_0000006/origin/1425553</preferredOriginID>
  <preferredMagnitudeID>quakeml:eu.emsc/event/20010615_0000006/origin/1425553/mag/2</preferredMagnitudeID>
  <creationInfo>
    <agencyURI>smi:smi-registry/organization/EMSC</agencyURI>
    <authorURI>smi:smi-registry/organization/EMSC</authorURI>
    <creationTime>2014-12-10T12:42:26.845829Z</creationTime>
  </creationInfo>
  <description>
    <text>GREECE</text>
    <type>Flinn-Engdahl region</type>
  </description>
  <origin publicID="quakeml:eu.emsc/event/20010615_0000006/origin/1425553">
    <time>
      <value>2001-06-15T05:48:39.6Z</value>
    </time>
    <latitude>
      <value>39.1</value>
      <uncertainty>9999.9</uncertainty>
    </latitude>
    <longitude>
      <value>20.76</value>
      <uncertainty>9999.9</uncertainty>
    </longitude>
    <depth>
      <value>5000</value>
    </depth>
    <depthType>from location</depthType>
    <methodID>smi:eu.emsc-csem/origin_method/NA</methodID>
    <quality>
      <usedPhaseCount>5</usedPhaseCount>
      <usedStationCount>4</usedStationCount>
      <standardError>1.7</standardError>
      <azimuthalGap>121</azimuthalGap>
      <minimumDistance>0.56</minimumDistance>
      <maximumDistance>0.96</maximumDistance>
    </quality>
    <evaluationMode>manual</evaluationMode>
    <creationInfo>
      <agencyURI>smi:smi-registry/organization/EMSC</agencyURI>
      <authorURI>smi:smi-registry/organization/EMSC</authorURI>
    </creationInfo>
    <originUncertainty>
      <azimuthMaxHorizontalUncertainty>-99</azimuthMaxHorizontalUncertainty>
    </originUncertainty>
  </origin>
  <magnitude publicID="quakeml:eu.emsc/event/20010615_0000006/origin/1425553/mag/2">
    <mag>
      <value>3.1</value>
    </mag>
    <type>MD</type>
    <originID>quakeml:eu.emsc/event/20010615_0000006/origin/1425553</originID>
    <creationInfo>
      <agencyURI>smi:smi-registry/organization/EMSC</agencyURI>
      <authorURI>smi:smi-registry/organization/EMSC</authorURI>
    </creationInfo>
  </magnitude>
</event>
<event publicID="quakeml:eu.emsc/event/20010615_0000005">
  <preferredOriginID>quakeml:eu.emsc/event/20010615_0000005/origin/1425555</preferredOriginID>
  <preferredMagnitudeID>quakeml:eu.emsc/event/20010615_0000005/origin/1425555/mag/2</preferredMagnitudeID>
  <creationInfo>
    <agencyURI>smi:smi-registry/organization/EMSC</agencyURI>
    <authorURI>smi:smi-registry/organization/EMSC</authorURI>
    <creationTime>2014-12-10T12:42:24.381594Z</creationTime>
  </creationInfo>
  <description>
    <text>GREECE</text>
    <type>Flinn-Engdahl region</type>
  </description>
  <origin publicID="quakeml:eu.emsc/event/20010615_0000005/origin/1425555">
    <time>
      <value>2001-06-15T05:30:53.2Z</value>
    </time>
    <latitude>
      <value>39.18</value>
      <uncertainty>9999.9</uncertainty>
    </latitude>
    <longitude>
      <value>20.83</value>
      <uncertainty>9999.9</uncertainty>
    </longitude>
    <depth>
      <value>4000</value>
    </depth>
    <depthType>from location</depthType>
    <methodID>smi:eu.emsc-csem/origin_method/NA</methodID>
    <quality>
      <usedPhaseCount>5</usedPhaseCount>
      <usedStationCount>4</usedStationCount>
      <standardError>1.08</standardError>
      <azimuthalGap>113</azimuthalGap>
      <minimumDistance>0.48</minimumDistance>
      <maximumDistance>1.02</maximumDistance>
    </quality>
    <evaluationMode>manual</evaluationMode>
    <creationInfo>
      <agencyURI>smi:smi-registry/organization/EMSC</agencyURI>
      <authorURI>smi:smi-registry/organization/EMSC</authorURI>
    </creationInfo>
    <originUncertainty>
      <azimuthMaxHorizontalUncertainty>-99</azimuthMaxHorizontalUncertainty>
    </originUncertainty>
  </origin>
  <magnitude publicID="quakeml:eu.emsc/event/20010615_0000005/origin/1425555/mag/2">
    <mag>
      <value>3</value>
    </mag>
    <type>MD</type>
    <originID>quakeml:eu.emsc/event/20010615_0000005/origin/1425555</originID>
    <creationInfo>
      <agencyURI>smi:smi-registry/organization/EMSC</agencyURI>
      <authorURI>smi:smi-registry/organization/EMSC</authorURI>
    </creationInfo>
  </magnitude>
</event>
<event publicID="quakeml:eu.emsc/event/20010615_0000004">
  <preferredOriginID>quakeml:eu.emsc/event/20010615_0000004/origin/1425557</preferredOriginID>
  <preferredMagnitudeID>quakeml:eu.emsc/event/20010615_0000004/origin/1425557/mag/2</preferredMagnitudeID>
  <creationInfo>
    <agencyURI>smi:smi-registry/organization/EMSC</agencyURI>
    <authorURI>smi:smi-registry/organization/EMSC</authorURI>
    <creationTime>2014-12-10T12:42:22.426289Z</creationTime>
  </creationInfo>
  <description>
    <text>WESTERN TURKEY</text>
    <type>Flinn-Engdahl region</type>
  </description>
  <origin publicID="quakeml:eu.emsc/event/20010615_0000004/origin/1425557">
    <time>
      <value>2001-06-15T04:39:00.4Z</value>
    </time>
    <latitude>
      <value>37.804</value>
      <uncertainty>9999.9</uncertainty>
    </latitude>
    <longitude>
      <value>29.752</value>
      <uncertainty>9999.9</uncertainty>
    </longitude>
    <depth>
      <value>9000</value>
    </depth>
    <depthType>from location</depthType>
    <methodID>smi:eu.emsc-csem/origin_method/NA</methodID>
    <quality>
      <usedPhaseCount>11</usedPhaseCount>
      <usedStationCount>8</usedStationCount>
      <standardError>0.99</standardError>
      <azimuthalGap>114</azimuthalGap>
      <minimumDistance>0.55</minimumDistance>
      <maximumDistance>2.92</maximumDistance>
    </quality>
    <evaluationMode>manual</evaluationMode>
    <creationInfo>
      <agencyURI>smi:smi-registry/organization/EMSC</agencyURI>
      <authorURI>smi:smi-registry/organization/EMSC</authorURI>
    </creationInfo>
    <originUncertainty>
      <azimuthMaxHorizontalUncertainty>-99</azimuthMaxHorizontalUncertainty>
    </originUncertainty>
  </origin>
  <magnitude publicID="quakeml:eu.emsc/event/20010615_0000004/origin/1425557/mag/2">
    <mag>
      <value>3.4</value>
    </mag>
    <type>MD</type>
    <originID>quakeml:eu.emsc/event/20010615_0000004/origin/1425557</originID>
    <creationInfo>
      <agencyURI>smi:smi-registry/organization/EMSC</agencyURI>
      <authorURI>smi:smi-registry/organization/EMSC</authorURI>
    </creationInfo>
  </magnitude>
</event>
<event publicID="quakeml:eu.emsc/event/20010615_0000003">
  <preferredOriginID>quakeml:eu.emsc/event/20010615_0000003/origin/1425559</preferredOriginID>
  <preferredMagnitudeID>quakeml:eu.emsc/event/20010615_0000003/origin/1425559/mag/2</preferredMagnitudeID>
  <creationInfo>
    <agencyURI>smi:smi-registry/organization/EMSC</agencyURI>
    <authorURI>smi:smi-registry/organization/EMSC</authorURI>
    <creationTime>2014-12-10T12:42:19.958551Z</creationTime>
  </creationInfo>
  <description>
    <text>GREECE</text>
    <type>Flinn-Engdahl region</type>
  </description>
  <origin publicID="quakeml:eu.emsc/event/20010615_0000003/origin/1425559">
    <time>
      <value>2001-06-15T04:14:42.1Z</value>
    </time>
    <latitude>
      <value>38.29</value>
      <uncertainty>9999.9</uncertainty>
    </latitude>
    <longitude>
      <value>22.28</value>
      <uncertainty>9999.9</uncertainty>
    </longitude>
    <depth>
      <value>23000</value>
    </depth>
    <depthType>from location</depthType>
    <methodID>smi:eu.emsc-csem/origin_method/NA</methodID>
    <quality>
      <usedPhaseCount>5</usedPhaseCount>
      <usedStationCount>5</usedStationCount>
      <standardError>1.15</standardError>
      <azimuthalGap>125</azimuthalGap>
      <minimumDistance>0.73</minimumDistance>
      <maximumDistance>1.65</maximumDistance>
    </quality>
    <evaluationMode>manual</evaluationMode>
    <creationInfo>
      <agencyURI>smi:smi-registry/organization/EMSC</agencyURI>
      <authorURI>smi:smi-registry/organization/EMSC</authorURI>
    </creationInfo>
    <originUncertainty>
      <azimuthMaxHorizontalUncertainty>-99</azimuthMaxHorizontalUncertainty>
    </originUncertainty>
  </origin>
  <magnitude publicID="quakeml:eu.emsc/event/20010615_0000003/origin/1425559/mag/2">
    <mag>
      <value>3.1</value>
    </mag>
    <type>MD</type>
    <originID>quakeml:eu.emsc/event/20010615_0000003/origin/1425559</originID>
    <creationInfo>
      <agencyURI>smi:smi-registry/organization/EMSC</agencyURI>
      <authorURI>smi:smi-registry/organization/EMSC</authorURI>
    </creationInfo>
  </magnitude>
</event>
<event publicID="quakeml:eu.emsc/event/20010615_0000022">
  <preferredOriginID>quakeml:eu.emsc/event/20010615_0000022/origin/1425561</preferredOriginID>
  <preferredMagnitudeID>quakeml:eu.emsc/event/20010615_0000022/origin/1425561/mag/2</preferredMagnitudeID>
  <creationInfo>
    <agencyURI>smi:smi-registry/organization/EMSC</agencyURI>
    <authorURI>smi:smi-registry/organization/EMSC</authorURI>
    <creationTime>2014-12-10T18:26:55.377021Z</creationTime>
  </creationInfo>
  <description>
    <text>NORTHERN ITALY</text>
    <type>Flinn-Engdahl region</type>
  </description>
  <origin publicID="quakeml:eu.emsc/event/20010615_0000022/origin/1425561">
    <time>
      <value>2001-06-15T03:17:37.8Z</value>
    </time>
    <latitude>
      <value>44.5627</value>
      <uncertainty>9999.9</uncertainty>
    </latitude>
    <longitude>
      <value>9.8498</value>
      <uncertainty>9999.9</uncertainty>
    </longitude>
    <depth>
      <value>8600.0</value>
    </depth>
    <depthType>from location</depthType>
    <methodID>smi:eu.emsc-csem/origin_method/NA</methodID>
    <quality>
      <usedPhaseCount>14</usedPhaseCount>
      <usedStationCount>8</usedStationCount>
      <standardError>7.8</standardError>
      <azimuthalGap>239</azimuthalGap>
      <minimumDistance>0.17</minimumDistance>
      <maximumDistance>0.8</maximumDistance>
    </quality>
    <evaluationMode>manual</evaluationMode>
    <creationInfo>
      <agencyURI>smi:smi-registry/organization/EMSC</agencyURI>
      <authorURI>smi:smi-registry/organization/EMSC</authorURI>
    </creationInfo>
    <originUncertainty>
      <azimuthMaxHorizontalUncertainty>-99</azimuthMaxHorizontalUncertainty>
    </originUncertainty>
  </origin>
  <magnitude publicID="quakeml:eu.emsc/event/20010615_0000022/origin/1425561/mag/2">
    <mag>
      <value>1.8</value>
    </mag>
    <type>ML</type>
    <originID>quakeml:eu.emsc/event/20010615_0000022/origin/1425561</originID>
    <creationInfo>
      <agencyURI>smi:smi-registry/organization/EMSC</agencyURI>
      <authorURI>smi:smi-registry/organization/EMSC</authorURI>
    </creationInfo>
  </magnitude>
</event>
<event publicID="quakeml:eu.emsc/event/20010615_0000002">
  <preferredOriginID>quakeml:eu.emsc/event/20010615_0000002/origin/1428418</preferredOriginID>
  <preferredMagnitudeID>quakeml:eu.emsc/event/20010615_0000002/origin/1428418/mag/2</preferredMagnitudeID>
  <creationInfo>
    <agencyURI>smi:smi-registry/organization/EMSC</agencyURI>
    <authorURI>smi:smi-registry/organization/EMSC</authorURI>
    <creationTime>2014-12-03T10:51:38.670308Z</creationTime>
  </creationInfo>
  <description>
    <text>AEGEAN SEA</text>
    <type>Flinn-Engdahl region</type>
  </description>
  <origin publicID="quakeml:eu.emsc/event/20010615_0000002/origin/1428418">
    <time>
      <value>2001-06-15T02:29:00.5Z</value>
      <uncertainty>0.16</uncertainty>
    </time>
    <latitude>
      <value>38.5588</value>
      <uncertainty>6.3</uncertainty>
    </latitude>
    <longitude>
      <value>25.6423</value>
      <uncertainty>4</uncertainty>
    </longitude>
    <depth>
      <value>2000</value>
    </depth>
    <depthType>from location</depthType>
    <methodID>smi:eu.emsc-csem/origin_method/NA</methodID>
    <quality>
      <usedPhaseCount>17</usedPhaseCount>
      <usedStationCount>17</usedStationCount>
      <standardError>0.59</standardError>
      <azimuthalGap>65</azimuthalGap>
      <minimumDistance>0.84</minimumDistance>
      <maximumDistance>3.53</maximumDistance>
    </quality>
    <evaluationMode>manual</evaluationMode>
    <creationInfo>
      <agencyURI>smi:smi-registry/organization/EMSC</agencyURI>
      <authorURI>smi:smi-registry/organization/EMSC</authorURI>
    </creationInfo>
    <originUncertainty>
      <azimuthMaxHorizontalUncertainty>146</azimuthMaxHorizontalUncertainty>
    </originUncertainty>
  </origin>
  <magnitude publicID="quakeml:eu.emsc/event/20010615_0000002/origin/1428418/mag/2">
    <mag>
      <value>3.3</value>
    </mag>
    <type>ML</type>
    <originID>quakeml:eu.emsc/event/20010615_0000002/origin/1428418</originID>
    <creationInfo>
      <agencyURI>smi:smi-registry/organization/EMSC</agencyURI>
      <authorURI>smi:smi-registry/organization/EMSC</authorURI>
    </creationInfo>
  </magnitude>
</event>
<event publicID="quakeml:eu.emsc/event/20010615_0000001">
  <preferredOriginID>quakeml:eu.emsc/event/20010615_0000001/origin/1428420</preferredOriginID>
  <preferredMagnitudeID>quakeml:eu.emsc/event/20010615_0000001/origin/1428420/mag/2</preferredMagnitudeID>
  <creationInfo>
    <agencyURI>smi:smi-registry/organization/EMSC</agencyURI>
    <authorURI>smi:smi-registry/organization/EMSC</authorURI>
    <creationTime>2014-12-03T10:26:41.73517Z</creationTime>
  </creationInfo>
  <description>
    <text>AEGEAN SEA</text>
    <type>Flinn-Engdahl region</type>
  </description>
  <origin publicID="quakeml:eu.emsc/event/20010615_0000001/origin/1428420">
    <time>
      <value>2001-06-15T00:09:24.7Z</value>
      <uncertainty>2.79</uncertainty>
    </time>
    <latitude>
      <value>38.5413</value>
      <uncertainty>43.4</uncertainty>
    </latitude>
    <longitude>
      <value>25.4702</value>
      <uncertainty>17.9</uncertainty>
    </longitude>
    <depth>
      <value>16600.0</value>
      <uncertainty>27</uncertainty>
    </depth>
    <depthType>from location</depthType>
    <methodID>smi:eu.emsc-csem/origin_method/NA</methodID>
    <quality>
      <usedPhaseCount>6</usedPhaseCount>
      <usedStationCount>6</usedStationCount>
      <standardError>0.77</standardError>
      <azimuthalGap>217</azimuthalGap>
      <minimumDistance>0.94</minimumDistance>
      <maximumDistance>2.67</maximumDistance>
    </quality>
    <evaluationMode>manual</evaluationMode>
    <creationInfo>
      <agencyURI>smi:smi-registry/organization/EMSC</agencyURI>
      <authorURI>smi:smi-registry/organization/EMSC</authorURI>
    </creationInfo>
    <originUncertainty>
      <azimuthMaxHorizontalUncertainty>100</azimuthMaxHorizontalUncertainty>
    </originUncertainty>
  </origin>
  <magnitude publicID="quakeml:eu.emsc/event/20010615_0000001/origin/1428420/mag/2">
    <mag>
      <value>3.6</value>
    </mag>
    <type>MD</type>
    <originID>quakeml:eu.emsc/event/20010615_0000001/origin/1428420</originID>
    <creationInfo>
      <agencyURI>smi:smi-registry/organization/EMSC</agencyURI>
      <authorURI>smi:smi-registry/organization/EMSC</authorURI>
    </creationInfo>
  </magnitude>
</event>
</eventParameters>
</q:quakeml>
