<?xml version="1.0"?>
<q:quakeml xmlns:q="http://quakeml.org/xmlns/quakeml/1.2"  xmlns="http://quakeml.org/xmlns/bed/1.2">
<eventParameters publicID="smi:eu.emsc/unid">
<event publicID="quakeml:eu.emsc/event/20010611_0000034">
  <preferredOriginID>quakeml:eu.emsc/event/20010611_0000034/origin/1425601</preferredOriginID>
  <preferredMagnitudeID>quakeml:eu.emsc/event/20010611_0000034/origin/1425601/mag/2</preferredMagnitudeID>
  <creationInfo>
    <agencyURI>smi:smi-registry/organization/EMSC</agencyURI>
    <authorURI>smi:smi-registry/organization/EMSC</authorURI>
    <creationTime>2014-12-10T12:40:49.222154Z</creationTime>
  </creationInfo>
  <description>
    <text>AEGEAN SEA</text>
    <type>Flinn-Engdahl region</type>
  </description>
  <origin publicID="quakeml:eu.emsc/event/20010611_0000034/origin/1425601">
    <time>
      <value>2001-06-11T23:47:37.8Z</value>
    </time>
    <latitude>
      <value>38.51</value>
      <uncertainty>9999.9</uncertainty>
    </latitude>
    <longitude>
      <value>25.73</value>
      <uncertainty>9999.9</uncertainty>
    </longitude>
    <depth>
      <value>30000</value>
    </depth>
    <depthType>from location</depthType>
    <methodID>smi:eu.emsc-csem/origin_method/NA</methodID>
    <quality>
      <usedPhaseCount>6</usedPhaseCount>
      <usedStationCount>5</usedStationCount>
      <standardError>0.64</standardError>
      <azimuthalGap>136</azimuthalGap>
      <minimumDistance>0.85</minimumDistance>
      <maximumDistance>1.67</maximumDistance>
    </quality>
    <evaluationMode>manual</evaluationMode>
    <creationInfo>
      <agencyURI>smi:smi-registry/organization/EMSC</agencyURI>
      <authorURI>smi:smi-registry/organization/EMSC</authorURI>
    </creationInfo>
    <originUncertainty>
      <azimuthMaxHorizontalUncertainty>-99</azimuthMaxHorizontalUncertainty>
    </originUncertainty>
  </origin>
  <magnitude publicID="quakeml:eu.emsc/event/20010611_0000034/origin/1425601/mag/2">
    <mag>
      <value>3.2</value>
    </mag>
    <type>ML</type>
    <originID>quakeml:eu.emsc/event/20010611_0000034/origin/1425601</originID>
    <creationInfo>
      <agencyURI>smi:smi-registry/organization/EMSC</agencyURI>
      <authorURI>smi:smi-registry/organization/EMSC</authorURI>
    </creationInfo>
  </magnitude>
</event>
<event publicID="quakeml:eu.emsc/event/20010611_0000033">
  <preferredOriginID>quakeml:eu.emsc/event/20010611_0000033/origin/1428529</preferredOriginID>
  <preferredMagnitudeID>quakeml:eu.emsc/event/20010611_0000033/origin/1428529/mag/2</preferredMagnitudeID>
  <creationInfo>
    <agencyURI>smi:smi-registry/organization/EMSC</agencyURI>
    <authorURI>smi:smi-registry/organization/EMSC</authorURI>
    <creationTime>2014-12-03T10:31:08.930927Z</creationTime>
  </creationInfo>
  <description>
    <text>AEGEAN SEA</text>
    <type>Flinn-Engdahl region</type>
  </description>
  <origin publicID="quakeml:eu.emsc/event/20010611_0000033/origin/1428529">
    <time>
      <value>2001-06-11T23:03:36.1Z</value>
      <uncertainty>0.21</uncertainty>
    </time>
    <latitude>
      <value>38.5583</value>
      <uncertainty>8.2</uncertainty>
    </latitude>
    <longitude>
      <value>25.7176</value>
      <uncertainty>5</uncertainty>
    </longitude>
    <depth>
      <value>19000</value>
      <uncertainty>0.7</uncertainty>
    </depth>
    <depthType>from location</depthType>
    <methodID>smi:eu.emsc-csem/origin_method/NA</methodID>
    <quality>
      <usedPhaseCount>12</usedPhaseCount>
      <usedStationCount>11</usedStationCount>
      <standardError>0.5</standardError>
      <azimuthalGap>136</azimuthalGap>
      <minimumDistance>0.81</minimumDistance>
      <maximumDistance>2.53</maximumDistance>
    </quality>
    <evaluationMode>manual</evaluationMode>
    <creationInfo>
      <agencyURI>smi:smi-registry/organization/EMSC</agencyURI>
      <authorURI>smi:smi-registry/organization/EMSC</authorURI>
    </creationInfo>
    <originUncertainty>
      <azimuthMaxHorizontalUncertainty>134</azimuthMaxHorizontalUncertainty>
    </originUncertainty>
  </origin>
  <magnitude publicID="quakeml:eu.emsc/event/20010611_0000033/origin/1428529/mag/2">
    <mag>
      <value>3.1</value>
    </mag>
    <type>MD</type>
    <originID>quakeml:eu.emsc/event/20010611_0000033/origin/1428529</originID>
    <creationInfo>
      <agencyURI>smi:smi-registry/organization/EMSC</agencyURI>
      <authorURI>smi:smi-registry/organization/EMSC</authorURI>
    </creationInfo>
  </magnitude>
</event>
<event publicID="quakeml:eu.emsc/event/20010611_0000032">
  <preferredOriginID>quakeml:eu.emsc/event/20010611_0000032/origin/1428533</preferredOriginID>
  <preferredMagnitudeID>quakeml:eu.emsc/event/20010611_0000032/origin/1428533/mag/2</preferredMagnitudeID>
  <creationInfo>
    <agencyURI>smi:smi-registry/organization/EMSC</agencyURI>
    <authorURI>smi:smi-registry/organization/EMSC</authorURI>
    <creationTime>2014-12-03T10:47:47.865661Z</creationTime>
  </creationInfo>
  <description>
    <text>AEGEAN SEA</text>
    <type>Flinn-Engdahl region</type>
  </description>
  <origin publicID="quakeml:eu.emsc/event/20010611_0000032/origin/1428533">
    <time>
      <value>2001-06-11T22:43:44.4Z</value>
      <uncertainty>0.13</uncertainty>
    </time>
    <latitude>
      <value>38.5199</value>
      <uncertainty>4.3</uncertainty>
    </latitude>
    <longitude>
      <value>25.5562</value>
      <uncertainty>3.3</uncertainty>
    </longitude>
    <depth>
      <value>10000</value>
    </depth>
    <depthType>from location</depthType>
    <methodID>smi:eu.emsc-csem/origin_method/NA</methodID>
    <quality>
      <usedPhaseCount>24</usedPhaseCount>
      <usedStationCount>24</usedStationCount>
      <standardError>0.59</standardError>
      <azimuthalGap>40</azimuthalGap>
      <minimumDistance>0.92</minimumDistance>
      <maximumDistance>3.6</maximumDistance>
    </quality>
    <evaluationMode>manual</evaluationMode>
    <creationInfo>
      <agencyURI>smi:smi-registry/organization/EMSC</agencyURI>
      <authorURI>smi:smi-registry/organization/EMSC</authorURI>
    </creationInfo>
    <originUncertainty>
      <azimuthMaxHorizontalUncertainty>134</azimuthMaxHorizontalUncertainty>
    </originUncertainty>
  </origin>
  <magnitude publicID="quakeml:eu.emsc/event/20010611_0000032/origin/1428533/mag/2">
    <mag>
      <value>3.6</value>
    </mag>
    <type>ML</type>
    <originID>quakeml:eu.emsc/event/20010611_0000032/origin/1428533</originID>
    <creationInfo>
      <agencyURI>smi:smi-registry/organization/EMSC</agencyURI>
      <authorURI>smi:smi-registry/organization/EMSC</authorURI>
    </creationInfo>
  </magnitude>
</event>
<event publicID="quakeml:eu.emsc/event/20010611_0000031">
  <preferredOriginID>quakeml:eu.emsc/event/20010611_0000031/origin/1428536</preferredOriginID>
  <preferredMagnitudeID>quakeml:eu.emsc/event/20010611_0000031/origin/1428536/mag/2</preferredMagnitudeID>
  <creationInfo>
    <agencyURI>smi:smi-registry/organization/EMSC</agencyURI>
    <authorURI>smi:smi-registry/organization/EMSC</authorURI>
    <creationTime>2014-12-03T11:42:11.679703Z</creationTime>
  </creationInfo>
  <description>
    <text>AEGEAN SEA</text>
    <type>Flinn-Engdahl region</type>
  </description>
  <origin publicID="quakeml:eu.emsc/event/20010611_0000031/origin/1428536">
    <time>
      <value>2001-06-11T21:47:34.4Z</value>
      <uncertainty>0.24</uncertainty>
    </time>
    <latitude>
      <value>38.4765</value>
      <uncertainty>8.1</uncertainty>
    </latitude>
    <longitude>
      <value>25.6822</value>
      <uncertainty>3.3</uncertainty>
    </longitude>
    <depth>
      <value>10000</value>
    </depth>
    <depthType>from location</depthType>
    <methodID>smi:eu.emsc-csem/origin_method/NA</methodID>
    <quality>
      <usedPhaseCount>9</usedPhaseCount>
      <usedStationCount>9</usedStationCount>
      <standardError>0.25</standardError>
      <azimuthalGap>202</azimuthalGap>
      <minimumDistance>1.19</minimumDistance>
      <maximumDistance>2.74</maximumDistance>
    </quality>
    <evaluationMode>manual</evaluationMode>
    <creationInfo>
      <agencyURI>smi:smi-registry/organization/EMSC</agencyURI>
      <authorURI>smi:smi-registry/organization/EMSC</authorURI>
    </creationInfo>
    <originUncertainty>
      <azimuthMaxHorizontalUncertainty>98</azimuthMaxHorizontalUncertainty>
    </originUncertainty>
  </origin>
  <magnitude publicID="quakeml:eu.emsc/event/20010611_0000031/origin/1428536/mag/2">
    <mag>
      <value>3.1</value>
    </mag>
    <type>MD</type>
    <originID>quakeml:eu.emsc/event/20010611_0000031/origin/1428536</originID>
    <creationInfo>
      <agencyURI>smi:smi-registry/organization/EMSC</agencyURI>
      <authorURI>smi:smi-registry/organization/EMSC</authorURI>
    </creationInfo>
  </magnitude>
</event>
<event publicID="quakeml:eu.emsc/event/20010611_0000030">
  <preferredOriginID>quakeml:eu.emsc/event/20010611_0000030/origin/1428540</preferredOriginID>
  <preferredMagnitudeID>quakeml:eu.emsc/event/20010611_0000030/origin/1428540/mag/2</preferredMagnitudeID>
  <creationInfo>
    <agencyURI>smi:smi-registry/organization/EMSC</agencyURI>
    <authorURI>smi:smi-registry/organization/EMSC</authorURI>
    <creationTime>2014-12-03T11:21:36.511201Z</creationTime>
  </creationInfo>
  <description>
    <text>AEGEAN SEA</text>
    <type>Flinn-Engdahl region</type>
  </description>
  <origin publicID="quakeml:eu.emsc/event/20010611_0000030/origin/1428540">
    <time>
      <value>2001-06-11T20:12:58.4Z</value>
      <uncertainty>0.13</uncertainty>
    </time>
    <latitude>
      <value>38.5238</value>
      <uncertainty>4.3</uncertainty>
    </latitude>
    <longitude>
      <value>25.5983</value>
      <uncertainty>3.1</uncertainty>
    </longitude>
    <depth>
      <value>5000</value>
    </depth>
    <depthType>from location</depthType>
    <methodID>smi:eu.emsc-csem/origin_method/NA</methodID>
    <quality>
      <usedPhaseCount>26</usedPhaseCount>
      <usedStationCount>23</usedStationCount>
      <standardError>0.62</standardError>
      <azimuthalGap>65</azimuthalGap>
      <minimumDistance>0.89</minimumDistance>
      <maximumDistance>3.57</maximumDistance>
    </quality>
    <evaluationMode>manual</evaluationMode>
    <creationInfo>
      <agencyURI>smi:smi-registry/organization/EMSC</agencyURI>
      <authorURI>smi:smi-registry/organization/EMSC</authorURI>
    </creationInfo>
    <originUncertainty>
      <azimuthMaxHorizontalUncertainty>146</azimuthMaxHorizontalUncertainty>
    </originUncertainty>
  </origin>
  <magnitude publicID="quakeml:eu.emsc/event/20010611_0000030/origin/1428540/mag/2">
    <mag>
      <value>3.4</value>
    </mag>
    <type>ML</type>
    <originID>quakeml:eu.emsc/event/20010611_0000030/origin/1428540</originID>
    <creationInfo>
      <agencyURI>smi:smi-registry/organization/EMSC</agencyURI>
      <authorURI>smi:smi-registry/organization/EMSC</authorURI>
    </creationInfo>
  </magnitude>
</event>
<event publicID="quakeml:eu.emsc/event/20010611_0000029">
  <preferredOriginID>quakeml:eu.emsc/event/20010611_0000029/origin/1428544</preferredOriginID>
  <preferredMagnitudeID>quakeml:eu.emsc/event/20010611_0000029/origin/1428544/mag/2</preferredMagnitudeID>
  <creationInfo>
    <agencyURI>smi:smi-registry/organization/EMSC</agencyURI>
    <authorURI>smi:smi-registry/organization/EMSC</authorURI>
    <creationTime>2014-12-03T11:10:37.5543Z</creationTime>
  </creationInfo>
  <description>
    <text>AEGEAN SEA</text>
    <type>Flinn-Engdahl region</type>
  </description>
  <origin publicID="quakeml:eu.emsc/event/20010611_0000029/origin/1428544">
    <time>
      <value>2001-06-11T19:26:54.8Z</value>
      <uncertainty>0.21</uncertainty>
    </time>
    <latitude>
      <value>38.5704</value>
      <uncertainty>7</uncertainty>
    </latitude>
    <longitude>
      <value>25.578</value>
      <uncertainty>5.3</uncertainty>
    </longitude>
    <depth>
      <value>10000</value>
    </depth>
    <depthType>from location</depthType>
    <methodID>smi:eu.emsc-csem/origin_method/NA</methodID>
    <quality>
      <usedPhaseCount>17</usedPhaseCount>
      <usedStationCount>15</usedStationCount>
      <standardError>0.81</standardError>
      <azimuthalGap>52</azimuthalGap>
      <minimumDistance>0.86</minimumDistance>
      <maximumDistance>2.97</maximumDistance>
    </quality>
    <evaluationMode>manual</evaluationMode>
    <creationInfo>
      <agencyURI>smi:smi-registry/organization/EMSC</agencyURI>
      <authorURI>smi:smi-registry/organization/EMSC</authorURI>
    </creationInfo>
    <originUncertainty>
      <azimuthMaxHorizontalUncertainty>165</azimuthMaxHorizontalUncertainty>
    </originUncertainty>
  </origin>
  <magnitude publicID="quakeml:eu.emsc/event/20010611_0000029/origin/1428544/mag/2">
    <mag>
      <value>3.5</value>
    </mag>
    <type>ML</type>
    <originID>quakeml:eu.emsc/event/20010611_0000029/origin/1428544</originID>
    <creationInfo>
      <agencyURI>smi:smi-registry/organization/EMSC</agencyURI>
      <authorURI>smi:smi-registry/organization/EMSC</authorURI>
    </creationInfo>
  </magnitude>
</event>
<event publicID="quakeml:eu.emsc/event/20010611_0000028">
  <preferredOriginID>quakeml:eu.emsc/event/20010611_0000028/origin/1425603</preferredOriginID>
  <preferredMagnitudeID>quakeml:eu.emsc/event/20010611_0000028/origin/1425603/mag/2</preferredMagnitudeID>
  <creationInfo>
    <agencyURI>smi:smi-registry/organization/EMSC</agencyURI>
    <authorURI>smi:smi-registry/organization/EMSC</authorURI>
    <creationTime>2014-12-10T12:40:36.709938Z</creationTime>
  </creationInfo>
  <description>
    <text>ROMANIA</text>
    <type>Flinn-Engdahl region</type>
  </description>
  <origin publicID="quakeml:eu.emsc/event/20010611_0000028/origin/1425603">
    <time>
      <value>2001-06-11T19:19:36.0Z</value>
    </time>
    <latitude>
      <value>45.455</value>
      <uncertainty>9999.9</uncertainty>
    </latitude>
    <longitude>
      <value>26.304</value>
      <uncertainty>9999.9</uncertainty>
    </longitude>
    <depth>
      <value>128700.0</value>
    </depth>
    <depthType>from location</depthType>
    <methodID>smi:eu.emsc-csem/origin_method/NA</methodID>
    <quality>
      <usedPhaseCount>10</usedPhaseCount>
      <usedStationCount>6</usedStationCount>
      <standardError>0.72</standardError>
      <azimuthalGap>117</azimuthalGap>
      <minimumDistance>0.26</minimumDistance>
      <maximumDistance>1.32</maximumDistance>
    </quality>
    <evaluationMode>manual</evaluationMode>
    <creationInfo>
      <agencyURI>smi:smi-registry/organization/EMSC</agencyURI>
      <authorURI>smi:smi-registry/organization/EMSC</authorURI>
    </creationInfo>
    <originUncertainty>
      <azimuthMaxHorizontalUncertainty>-99</azimuthMaxHorizontalUncertainty>
    </originUncertainty>
  </origin>
  <magnitude publicID="quakeml:eu.emsc/event/20010611_0000028/origin/1425603/mag/2">
    <mag>
      <value>3</value>
    </mag>
    <type>MD</type>
    <originID>quakeml:eu.emsc/event/20010611_0000028/origin/1425603</originID>
    <stationCount>3</stationCount>
    <creationInfo>
      <agencyURI>smi:smi-registry/organization/EMSC</agencyURI>
      <authorURI>smi:smi-registry/organization/EMSC</authorURI>
    </creationInfo>
  </magnitude>
</event>
<event publicID="quakeml:eu.emsc/event/20010611_0000039">
  <preferredOriginID>quakeml:eu.emsc/event/20010611_0000039/origin/1425605</preferredOriginID>
  <preferredMagnitudeID>quakeml:eu.emsc/event/20010611_0000039/origin/1425605/mag/2</preferredMagnitudeID>
  <creationInfo>
    <agencyURI>smi:smi-registry/organization/EMSC</agencyURI>
    <authorURI>smi:smi-registry/organization/EMSC</authorURI>
    <creationTime>2014-12-10T18:26:50.426045Z</creationTime>
  </creationInfo>
  <description>
    <text>FRANCE</text>
    <type>Flinn-Engdahl region</type>
  </description>
  <origin publicID="quakeml:eu.emsc/event/20010611_0000039/origin/1425605">
    <time>
      <value>2001-06-11T17:38:54.5Z</value>
    </time>
    <latitude>
      <value>46.6653</value>
      <uncertainty>9999.9</uncertainty>
    </latitude>
    <longitude>
      <value>-1.0562</value>
      <uncertainty>9999.9</uncertainty>
    </longitude>
    <depth>
      <value>3000</value>
    </depth>
    <depthType>from location</depthType>
    <methodID>smi:eu.emsc-csem/origin_method/NA</methodID>
    <quality>
      <usedPhaseCount>31</usedPhaseCount>
      <usedStationCount>15</usedStationCount>
      <standardError>1.73</standardError>
      <azimuthalGap>168</azimuthalGap>
      <minimumDistance>0.63</minimumDistance>
      <maximumDistance>3.42</maximumDistance>
    </quality>
    <evaluationMode>manual</evaluationMode>
    <creationInfo>
      <agencyURI>smi:smi-registry/organization/EMSC</agencyURI>
      <authorURI>smi:smi-registry/organization/EMSC</authorURI>
    </creationInfo>
    <originUncertainty>
      <azimuthMaxHorizontalUncertainty>-99</azimuthMaxHorizontalUncertainty>
    </originUncertainty>
  </origin>
  <magnitude publicID="quakeml:eu.emsc/event/20010611_0000039/origin/1425605/mag/2">
    <mag>
      <value>2.7</value>
    </mag>
    <type>MD</type>
    <originID>quakeml:eu.emsc/event/20010611_0000039/origin/1425605</originID>
    <stationCount>1</stationCount>
    <creationInfo>
      <agencyURI>smi:smi-registry/organization/EMSC</agencyURI>
      <authorURI>smi:smi-registry/organization/EMSC</authorURI>
    </creationInfo>
  </magnitude>
</event>
<event publicID="quakeml:eu.emsc/event/20010611_0000027">
  <preferredOriginID>quakeml:eu.emsc/event/20010611_0000027/origin/1428546</preferredOriginID>
  <preferredMagnitudeID>quakeml:eu.emsc/event/20010611_0000027/origin/1428546/mag/2</preferredMagnitudeID>
  <creationInfo>
    <agencyURI>smi:smi-registry/organization/EMSC</agencyURI>
    <authorURI>smi:smi-registry/organization/EMSC</authorURI>
    <creationTime>2014-12-03T11:45:55.474289Z</creationTime>
  </creationInfo>
  <description>
    <text>AEGEAN SEA</text>
    <type>Flinn-Engdahl region</type>
  </description>
  <origin publicID="quakeml:eu.emsc/event/20010611_0000027/origin/1428546">
    <time>
      <value>2001-06-11T16:43:31.6Z</value>
      <uncertainty>0.72</uncertainty>
    </time>
    <latitude>
      <value>38.5554</value>
      <uncertainty>31.7</uncertainty>
    </latitude>
    <longitude>
      <value>25.7618</value>
      <uncertainty>13.6</uncertainty>
    </longitude>
    <depth>
      <value>40000</value>
    </depth>
    <depthType>from location</depthType>
    <methodID>smi:eu.emsc-csem/origin_method/NA</methodID>
    <quality>
      <usedPhaseCount>6</usedPhaseCount>
      <usedStationCount>5</usedStationCount>
      <standardError>0.84</standardError>
      <azimuthalGap>191</azimuthalGap>
      <minimumDistance>0.8</minimumDistance>
      <maximumDistance>1.5</maximumDistance>
    </quality>
    <evaluationMode>manual</evaluationMode>
    <creationInfo>
      <agencyURI>smi:smi-registry/organization/EMSC</agencyURI>
      <authorURI>smi:smi-registry/organization/EMSC</authorURI>
    </creationInfo>
    <originUncertainty>
      <azimuthMaxHorizontalUncertainty>99</azimuthMaxHorizontalUncertainty>
    </originUncertainty>
  </origin>
  <magnitude publicID="quakeml:eu.emsc/event/20010611_0000027/origin/1428546/mag/2">
    <mag>
      <value>3.5</value>
    </mag>
    <type>MD</type>
    <originID>quakeml:eu.emsc/event/20010611_0000027/origin/1428546</originID>
    <creationInfo>
      <agencyURI>smi:smi-registry/organization/EMSC</agencyURI>
      <authorURI>smi:smi-registry/organization/EMSC</authorURI>
    </creationInfo>
  </magnitude>
</event>
<event publicID="quakeml:eu.emsc/event/20010611_0000025">
  <preferredOriginID>quakeml:eu.emsc/event/20010611_0000025/origin/1428549</preferredOriginID>
  <preferredMagnitudeID>quakeml:eu.emsc/event/20010611_0000025/origin/1428549/mag/2</preferredMagnitudeID>
  <creationInfo>
    <agencyURI>smi:smi-registry/organization/EMSC</agencyURI>
    <authorURI>smi:smi-registry/organization/EMSC</authorURI>
    <creationTime>2014-12-03T12:10:54.887039Z</creationTime>
  </creationInfo>
  <description>
    <text>AEGEAN SEA</text>
    <type>Flinn-Engdahl region</type>
  </description>
  <origin publicID="quakeml:eu.emsc/event/20010611_0000025/origin/1428549">
    <time>
      <value>2001-06-11T13:26:54.5Z</value>
      <uncertainty>0.5</uncertainty>
    </time>
    <latitude>
      <value>38.5478</value>
      <uncertainty>16.5</uncertainty>
    </latitude>
    <longitude>
      <value>25.7052</value>
      <uncertainty>11.5</uncertainty>
    </longitude>
    <depth>
      <value>15000</value>
    </depth>
    <depthType>from location</depthType>
    <methodID>smi:eu.emsc-csem/origin_method/NA</methodID>
    <quality>
      <usedPhaseCount>8</usedPhaseCount>
      <usedStationCount>6</usedStationCount>
      <standardError>1.14</standardError>
      <azimuthalGap>140</azimuthalGap>
      <minimumDistance>0.83</minimumDistance>
      <maximumDistance>1.67</maximumDistance>
    </quality>
    <evaluationMode>manual</evaluationMode>
    <creationInfo>
      <agencyURI>smi:smi-registry/organization/EMSC</agencyURI>
      <authorURI>smi:smi-registry/organization/EMSC</authorURI>
    </creationInfo>
    <originUncertainty>
      <azimuthMaxHorizontalUncertainty>167</azimuthMaxHorizontalUncertainty>
    </originUncertainty>
  </origin>
  <magnitude publicID="quakeml:eu.emsc/event/20010611_0000025/origin/1428549/mag/2">
    <mag>
      <value>3.4</value>
    </mag>
    <type>ML</type>
    <originID>quakeml:eu.emsc/event/20010611_0000025/origin/1428549</originID>
    <creationInfo>
      <agencyURI>smi:smi-registry/organization/EMSC</agencyURI>
      <authorURI>smi:smi-registry/organization/EMSC</authorURI>
    </creationInfo>
  </magnitude>
</event>
<event publicID="quakeml:eu.emsc/event/20010611_0000024">
  <preferredOriginID>quakeml:eu.emsc/event/20010611_0000024/origin/1428553</preferredOriginID>
  <preferredMagnitudeID>quakeml:eu.emsc/event/20010611_0000024/origin/1428553/mag/2</preferredMagnitudeID>
  <creationInfo>
    <agencyURI>smi:smi-registry/organization/EMSC</agencyURI>
    <authorURI>smi:smi-registry/organization/EMSC</authorURI>
    <creationTime>2014-12-03T10:22:29.756893Z</creationTime>
  </creationInfo>
  <description>
    <text>AEGEAN SEA</text>
    <type>Flinn-Engdahl region</type>
  </description>
  <origin publicID="quakeml:eu.emsc/event/20010611_0000024/origin/1428553">
    <time>
      <value>2001-06-11T13:26:04.9Z</value>
      <uncertainty>0.57</uncertainty>
    </time>
    <latitude>
      <value>38.6127</value>
      <uncertainty>18.7</uncertainty>
    </latitude>
    <longitude>
      <value>25.6937</value>
      <uncertainty>13.3</uncertainty>
    </longitude>
    <depth>
      <value>20000</value>
    </depth>
    <depthType>from location</depthType>
    <methodID>smi:eu.emsc-csem/origin_method/NA</methodID>
    <quality>
      <usedPhaseCount>10</usedPhaseCount>
      <usedStationCount>8</usedStationCount>
      <standardError>1.27</standardError>
      <azimuthalGap>132</azimuthalGap>
      <minimumDistance>0.78</minimumDistance>
      <maximumDistance>2.45</maximumDistance>
    </quality>
    <evaluationMode>manual</evaluationMode>
    <creationInfo>
      <agencyURI>smi:smi-registry/organization/EMSC</agencyURI>
      <authorURI>smi:smi-registry/organization/EMSC</authorURI>
    </creationInfo>
    <originUncertainty>
      <azimuthMaxHorizontalUncertainty>112</azimuthMaxHorizontalUncertainty>
    </originUncertainty>
  </origin>
  <magnitude publicID="quakeml:eu.emsc/event/20010611_0000024/origin/1428553/mag/2">
    <mag>
      <value>3.6</value>
    </mag>
    <type>MD</type>
    <originID>quakeml:eu.emsc/event/20010611_0000024/origin/1428553</originID>
    <creationInfo>
      <agencyURI>smi:smi-registry/organization/EMSC</agencyURI>
      <authorURI>smi:smi-registry/organization/EMSC</authorURI>
    </creationInfo>
  </magnitude>
</event>
<event publicID="quakeml:eu.emsc/event/20010611_0000023">
  <preferredOriginID>quakeml:eu.emsc/event/20010611_0000023/origin/1428555</preferredOriginID>
  <preferredMagnitudeID>quakeml:eu.emsc/event/20010611_0000023/origin/1428555/mag/2</preferredMagnitudeID>
  <creationInfo>
    <agencyURI>smi:smi-registry/organization/EMSC</agencyURI>
    <authorURI>smi:smi-registry/organization/EMSC</authorURI>
    <creationTime>2014-12-03T11:36:39.4489Z</creationTime>
  </creationInfo>
  <description>
    <text>AEGEAN SEA</text>
    <type>Flinn-Engdahl region</type>
  </description>
  <origin publicID="quakeml:eu.emsc/event/20010611_0000023/origin/1428555">
    <time>
      <value>2001-06-11T11:57:29.5Z</value>
      <uncertainty>0.25</uncertainty>
    </time>
    <latitude>
      <value>38.5443</value>
      <uncertainty>9.9</uncertainty>
    </latitude>
    <longitude>
      <value>25.557</value>
      <uncertainty>3.4</uncertainty>
    </longitude>
    <depth>
      <value>20000</value>
    </depth>
    <depthType>from location</depthType>
    <methodID>smi:eu.emsc-csem/origin_method/NA</methodID>
    <quality>
      <usedPhaseCount>7</usedPhaseCount>
      <usedStationCount>6</usedStationCount>
      <standardError>0.32</standardError>
      <azimuthalGap>203</azimuthalGap>
      <minimumDistance>0.9</minimumDistance>
      <maximumDistance>2.34</maximumDistance>
    </quality>
    <evaluationMode>manual</evaluationMode>
    <creationInfo>
      <agencyURI>smi:smi-registry/organization/EMSC</agencyURI>
      <authorURI>smi:smi-registry/organization/EMSC</authorURI>
    </creationInfo>
    <originUncertainty>
      <azimuthMaxHorizontalUncertainty>100</azimuthMaxHorizontalUncertainty>
    </originUncertainty>
  </origin>
  <magnitude publicID="quakeml:eu.emsc/event/20010611_0000023/origin/1428555/mag/2">
    <mag>
      <value>3.6</value>
    </mag>
    <type>MD</type>
    <originID>quakeml:eu.emsc/event/20010611_0000023/origin/1428555</originID>
    <creationInfo>
      <agencyURI>smi:smi-registry/organization/EMSC</agencyURI>
      <authorURI>smi:smi-registry/organization/EMSC</authorURI>
    </creationInfo>
  </magnitude>
</event>
<event publicID="quakeml:eu.emsc/event/20010611_0000022">
  <preferredOriginID>quakeml:eu.emsc/event/20010611_0000022/origin/1428558</preferredOriginID>
  <preferredMagnitudeID>quakeml:eu.emsc/event/20010611_0000022/origin/1428558/mag/2</preferredMagnitudeID>
  <creationInfo>
    <agencyURI>smi:smi-registry/organization/EMSC</agencyURI>
    <authorURI>smi:smi-registry/organization/EMSC</authorURI>
    <creationTime>2014-12-03T11:20:39.127248Z</creationTime>
  </creationInfo>
  <description>
    <text>STRAIT OF GIBRALTAR</text>
    <type>Flinn-Engdahl region</type>
  </description>
  <origin publicID="quakeml:eu.emsc/event/20010611_0000022/origin/1428558">
    <time>
      <value>2001-06-11T11:43:31.0Z</value>
      <uncertainty>0.74</uncertainty>
    </time>
    <latitude>
      <value>35.9326</value>
      <uncertainty>14.2</uncertainty>
    </latitude>
    <longitude>
      <value>-3.6428</value>
      <uncertainty>8.2</uncertainty>
    </longitude>
    <depth>
      <value>2000</value>
    </depth>
    <depthType>from location</depthType>
    <methodID>smi:eu.emsc-csem/origin_method/NA</methodID>
    <quality>
      <usedPhaseCount>23</usedPhaseCount>
      <usedStationCount>18</usedStationCount>
      <standardError>1.05</standardError>
      <azimuthalGap>242</azimuthalGap>
      <minimumDistance>0.9</minimumDistance>
      <maximumDistance>4.55</maximumDistance>
    </quality>
    <evaluationMode>manual</evaluationMode>
    <creationInfo>
      <agencyURI>smi:smi-registry/organization/EMSC</agencyURI>
      <authorURI>smi:smi-registry/organization/EMSC</authorURI>
    </creationInfo>
    <originUncertainty>
      <azimuthMaxHorizontalUncertainty>164</azimuthMaxHorizontalUncertainty>
    </originUncertainty>
  </origin>
  <magnitude publicID="quakeml:eu.emsc/event/20010611_0000022/origin/1428558/mag/2">
    <mag>
      <value>3.1</value>
      <uncertainty>0.1</uncertainty>
    </mag>
    <type>mb</type>
    <originID>quakeml:eu.emsc/event/20010611_0000022/origin/1428558</originID>
    <stationCount>10</stationCount>
    <creationInfo>
      <agencyURI>smi:smi-registry/organization/EMSC</agencyURI>
      <authorURI>smi:smi-registry/organization/EMSC</authorURI>
    </creationInfo>
  </magnitude>
</event>
<event publicID="quakeml:eu.emsc/event/20010611_0000044">
  <preferredOriginID>quakeml:eu.emsc/event/20010611_0000044/origin/1428284</preferredOriginID>
  <preferredMagnitudeID>quakeml:eu.emsc/event/20010611_0000044/origin/1428284/mag/1</preferredMagnitudeID>
  <creationInfo>
    <agencyURI>smi:smi-registry/organization/EMSC</agencyURI>
    <authorURI>smi:smi-registry/organization/EMSC</authorURI>
    <creationTime>2014-12-03T17:03:06.221643Z</creationTime>
  </creationInfo>
  <description>
    <text>FRANCE</text>
    <type>Flinn-Engdahl region</type>
  </description>
  <origin publicID="quakeml:eu.emsc/event/20010611_0000044/origin/1428284">
    <time>
      <value>2001-06-11T10:48:02.0Z</value>
      <uncertainty>0.12</uncertainty>
    </time>
    <latitude>
      <value>43.0366</value>
      <uncertainty>2.7</uncertainty>
    </latitude>
    <longitude>
      <value>0.1208</value>
      <uncertainty>2</uncertainty>
    </longitude>
    <depth>
      <value>15000</value>
    </depth>
    <depthType>from location</depthType>
    <methodID>smi:eu.emsc-csem/origin_method/NA</methodID>
    <quality>
      <usedPhaseCount>34</usedPhaseCount>
      <usedStationCount>16</usedStationCount>
      <standardError>0.74</standardError>
      <azimuthalGap>85</azimuthalGap>
      <minimumDistance>0.04</minimumDistance>
      <maximumDistance>4.02</maximumDistance>
    </quality>
    <evaluationMode>manual</evaluationMode>
    <creationInfo>
      <agencyURI>smi:smi-registry/organization/EMSC</agencyURI>
      <authorURI>smi:smi-registry/organization/EMSC</authorURI>
    </creationInfo>
    <originUncertainty>
      <azimuthMaxHorizontalUncertainty>144</azimuthMaxHorizontalUncertainty>
    </originUncertainty>
  </origin>
  <magnitude publicID="quakeml:eu.emsc/event/20010611_0000044/origin/1428284/mag/1">
    <mag>
      <value>2.4</value>
      <uncertainty>0.4</uncertainty>
    </mag>
    <type>ML</type>
    <originID>quakeml:eu.emsc/event/20010611_0000044/origin/1428284</originID>
    <stationCount>9</stationCount>
    <creationInfo>
      <agencyURI>smi:smi-registry/organization/EMSC</agencyURI>
      <authorURI>smi:smi-registry/organization/EMSC</authorURI>
    </creationInfo>
  </magnitude>
</event>
<event publicID="quakeml:eu.emsc/event/20010611_0000021">
  <preferredOriginID>quakeml:eu.emsc/event/20010611_0000021/origin/1428561</preferredOriginID>
  <preferredMagnitudeID>quakeml:eu.emsc/event/20010611_0000021/origin/1428561/mag/2</preferredMagnitudeID>
  <creationInfo>
    <agencyURI>smi:smi-registry/organization/EMSC</agencyURI>
    <authorURI>smi:smi-registry/organization/EMSC</authorURI>
    <creationTime>2014-12-03T10:54:24.650837Z</creationTime>
  </creationInfo>
  <description>
    <text>STRAIT OF GIBRALTAR</text>
    <type>Flinn-Engdahl region</type>
  </description>
  <origin publicID="quakeml:eu.emsc/event/20010611_0000021/origin/1428561">
    <time>
      <value>2001-06-11T10:32:37.4Z</value>
      <uncertainty>0.49</uncertainty>
    </time>
    <latitude>
      <value>35.7677</value>
      <uncertainty>10.2</uncertainty>
    </latitude>
    <longitude>
      <value>-3.6796</value>
      <uncertainty>7.8</uncertainty>
    </longitude>
    <depth>
      <value>2000</value>
    </depth>
    <depthType>from location</depthType>
    <methodID>smi:eu.emsc-csem/origin_method/NA</methodID>
    <quality>
      <usedPhaseCount>27</usedPhaseCount>
      <usedStationCount>21</usedStationCount>
      <standardError>1.17</standardError>
      <azimuthalGap>168</azimuthalGap>
      <minimumDistance>0.77</minimumDistance>
      <maximumDistance>4.69</maximumDistance>
    </quality>
    <evaluationMode>manual</evaluationMode>
    <creationInfo>
      <agencyURI>smi:smi-registry/organization/EMSC</agencyURI>
      <authorURI>smi:smi-registry/organization/EMSC</authorURI>
    </creationInfo>
    <originUncertainty>
      <azimuthMaxHorizontalUncertainty>28</azimuthMaxHorizontalUncertainty>
    </originUncertainty>
  </origin>
  <magnitude publicID="quakeml:eu.emsc/event/20010611_0000021/origin/1428561/mag/2">
    <mag>
      <value>2.9</value>
      <uncertainty>0.1</uncertainty>
    </mag>
    <type>mb</type>
    <originID>quakeml:eu.emsc/event/20010611_0000021/origin/1428561</originID>
    <stationCount>16</stationCount>
    <creationInfo>
      <agencyURI>smi:smi-registry/organization/EMSC</agencyURI>
      <authorURI>smi:smi-registry/organization/EMSC</authorURI>
    </creationInfo>
  </magnitude>
</event>
<event publicID="quakeml:eu.emsc/event/20010611_0000020">
  <preferredOriginID>quakeml:eu.emsc/event/20010611_0000020/origin/1428564</preferredOriginID>
  <preferredMagnitudeID>quakeml:eu.emsc/event/20010611_0000020/origin/1428564/mag/2</preferredMagnitudeID>
  <creationInfo>
    <agencyURI>smi:smi-registry/organization/EMSC</agencyURI>
    <authorURI>smi:smi-registry/organization/EMSC</authorURI>
    <creationTime>2014-12-03T11:42:28.995255Z</creationTime>
  </creationInfo>
  <description>
    <text>AEGEAN SEA</text>
    <type>Flinn-Engdahl region</type>
  </description>
  <origin publicID="quakeml:eu.emsc/event/20010611_0000020/origin/1428564">
    <time>
      <value>2001-06-11T10:26:20.6Z</value>
      <uncertainty>0.5</uncertainty>
    </time>
    <latitude>
      <value>38.4939</value>
      <uncertainty>16.3</uncertainty>
    </latitude>
    <longitude>
      <value>25.6825</value>
      <uncertainty>9.6</uncertainty>
    </longitude>
    <depth>
      <value>15000</value>
    </depth>
    <depthType>from location</depthType>
    <methodID>smi:eu.emsc-csem/origin_method/NA</methodID>
    <quality>
      <usedPhaseCount>9</usedPhaseCount>
      <usedStationCount>9</usedStationCount>
      <standardError>0.7</standardError>
      <azimuthalGap>195</azimuthalGap>
      <minimumDistance>0.88</minimumDistance>
      <maximumDistance>3.46</maximumDistance>
    </quality>
    <evaluationMode>manual</evaluationMode>
    <creationInfo>
      <agencyURI>smi:smi-registry/organization/EMSC</agencyURI>
      <authorURI>smi:smi-registry/organization/EMSC</authorURI>
    </creationInfo>
    <originUncertainty>
      <azimuthMaxHorizontalUncertainty>99</azimuthMaxHorizontalUncertainty>
    </originUncertainty>
  </origin>
  <magnitude publicID="quakeml:eu.emsc/event/20010611_0000020/origin/1428564/mag/2">
    <mag>
      <value>3.1</value>
    </mag>
    <type>MD</type>
    <originID>quakeml:eu.emsc/event/20010611_0000020/origin/1428564</originID>
    <creationInfo>
      <agencyURI>smi:smi-registry/organization/EMSC</agencyURI>
      <authorURI>smi:smi-registry/organization/EMSC</authorURI>
    </creationInfo>
  </magnitude>
</event>
<event publicID="quakeml:eu.emsc/event/20010611_0000037">
  <preferredOriginID>quakeml:eu.emsc/event/20010611_0000037/origin/1425607</preferredOriginID>
  <preferredMagnitudeID>quakeml:eu.emsc/event/20010611_0000037/origin/1425607/mag/2</preferredMagnitudeID>
  <creationInfo>
    <agencyURI>smi:smi-registry/organization/EMSC</agencyURI>
    <authorURI>smi:smi-registry/organization/EMSC</authorURI>
    <creationTime>2014-12-10T18:26:49.902064Z</creationTime>
  </creationInfo>
  <description>
    <text>NORTHERN ITALY</text>
    <type>Flinn-Engdahl region</type>
  </description>
  <origin publicID="quakeml:eu.emsc/event/20010611_0000037/origin/1425607">
    <time>
      <value>2001-06-11T10:06:27.2Z</value>
    </time>
    <latitude>
      <value>44.2442</value>
      <uncertainty>9999.9</uncertainty>
    </latitude>
    <longitude>
      <value>7.4515</value>
      <uncertainty>9999.9</uncertainty>
    </longitude>
    <depth>
      <value>9400.0</value>
    </depth>
    <depthType>from location</depthType>
    <methodID>smi:eu.emsc-csem/origin_method/NA</methodID>
    <quality>
      <usedPhaseCount>22</usedPhaseCount>
      <usedStationCount>13</usedStationCount>
      <standardError>4.46</standardError>
      <azimuthalGap>77</azimuthalGap>
      <minimumDistance>0.03</minimumDistance>
      <maximumDistance>1.23</maximumDistance>
    </quality>
    <evaluationMode>manual</evaluationMode>
    <creationInfo>
      <agencyURI>smi:smi-registry/organization/EMSC</agencyURI>
      <authorURI>smi:smi-registry/organization/EMSC</authorURI>
    </creationInfo>
    <originUncertainty>
      <azimuthMaxHorizontalUncertainty>-99</azimuthMaxHorizontalUncertainty>
    </originUncertainty>
  </origin>
  <magnitude publicID="quakeml:eu.emsc/event/20010611_0000037/origin/1425607/mag/2">
    <mag>
      <value>2.2</value>
    </mag>
    <type>ML</type>
    <originID>quakeml:eu.emsc/event/20010611_0000037/origin/1425607</originID>
    <creationInfo>
      <agencyURI>smi:smi-registry/organization/EMSC</agencyURI>
      <authorURI>smi:smi-registry/organization/EMSC</authorURI>
    </creationInfo>
  </magnitude>
</event>
<event publicID="quakeml:eu.emsc/event/20010611_0000017">
  <preferredOriginID>quakeml:eu.emsc/event/20010611_0000017/origin/1428568</preferredOriginID>
  <preferredMagnitudeID>quakeml:eu.emsc/event/20010611_0000017/origin/1428568/mag/2</preferredMagnitudeID>
  <creationInfo>
    <agencyURI>smi:smi-registry/organization/EMSC</agencyURI>
    <authorURI>smi:smi-registry/organization/EMSC</authorURI>
    <creationTime>2014-12-03T10:43:38.132774Z</creationTime>
  </creationInfo>
  <description>
    <text>AEGEAN SEA</text>
    <type>Flinn-Engdahl region</type>
  </description>
  <origin publicID="quakeml:eu.emsc/event/20010611_0000017/origin/1428568">
    <time>
      <value>2001-06-11T09:00:19.4Z</value>
      <uncertainty>0.17</uncertainty>
    </time>
    <latitude>
      <value>38.5918</value>
      <uncertainty>6.3</uncertainty>
    </latitude>
    <longitude>
      <value>25.5559</value>
      <uncertainty>4.3</uncertainty>
    </longitude>
    <depth>
      <value>40000</value>
    </depth>
    <depthType>from location</depthType>
    <methodID>smi:eu.emsc-csem/origin_method/NA</methodID>
    <quality>
      <usedPhaseCount>13</usedPhaseCount>
      <usedStationCount>13</usedStationCount>
      <standardError>0.52</standardError>
      <azimuthalGap>67</azimuthalGap>
      <minimumDistance>0.86</minimumDistance>
      <maximumDistance>2.8</maximumDistance>
    </quality>
    <evaluationMode>manual</evaluationMode>
    <creationInfo>
      <agencyURI>smi:smi-registry/organization/EMSC</agencyURI>
      <authorURI>smi:smi-registry/organization/EMSC</authorURI>
    </creationInfo>
    <originUncertainty>
      <azimuthMaxHorizontalUncertainty>138</azimuthMaxHorizontalUncertainty>
    </originUncertainty>
  </origin>
  <magnitude publicID="quakeml:eu.emsc/event/20010611_0000017/origin/1428568/mag/2">
    <mag>
      <value>3.1</value>
    </mag>
    <type>MD</type>
    <originID>quakeml:eu.emsc/event/20010611_0000017/origin/1428568</originID>
    <creationInfo>
      <agencyURI>smi:smi-registry/organization/EMSC</agencyURI>
      <authorURI>smi:smi-registry/organization/EMSC</authorURI>
    </creationInfo>
  </magnitude>
</event>
<event publicID="quakeml:eu.emsc/event/20010611_0000038">
  <preferredOriginID>quakeml:eu.emsc/event/20010611_0000038/origin/1428289</preferredOriginID>
  <preferredMagnitudeID>quakeml:eu.emsc/event/20010611_0000038/origin/1428289/mag/1</preferredMagnitudeID>
  <creationInfo>
    <agencyURI>smi:smi-registry/organization/EMSC</agencyURI>
    <authorURI>smi:smi-registry/organization/EMSC</authorURI>
    <creationTime>2014-12-03T15:33:29.254769Z</creationTime>
  </creationInfo>
  <description>
    <text>PYRENEES</text>
    <type>Flinn-Engdahl region</type>
  </description>
  <origin publicID="quakeml:eu.emsc/event/20010611_0000038/origin/1428289">
    <time>
      <value>2001-06-11T06:32:06.2Z</value>
      <uncertainty>0.13</uncertainty>
    </time>
    <latitude>
      <value>42.5769</value>
      <uncertainty>2.6</uncertainty>
    </latitude>
    <longitude>
      <value>0.8265</value>
      <uncertainty>1.9</uncertainty>
    </longitude>
    <depth>
      <value>10000</value>
    </depth>
    <depthType>from location</depthType>
    <methodID>smi:eu.emsc-csem/origin_method/NA</methodID>
    <quality>
      <usedPhaseCount>53</usedPhaseCount>
      <usedStationCount>26</usedStationCount>
      <standardError>0.78</standardError>
      <azimuthalGap>103</azimuthalGap>
      <minimumDistance>0.07</minimumDistance>
      <maximumDistance>4.23</maximumDistance>
    </quality>
    <evaluationMode>manual</evaluationMode>
    <creationInfo>
      <agencyURI>smi:smi-registry/organization/EMSC</agencyURI>
      <authorURI>smi:smi-registry/organization/EMSC</authorURI>
    </creationInfo>
    <originUncertainty>
      <azimuthMaxHorizontalUncertainty>37</azimuthMaxHorizontalUncertainty>
    </originUncertainty>
  </origin>
  <magnitude publicID="quakeml:eu.emsc/event/20010611_0000038/origin/1428289/mag/1">
    <mag>
      <value>2.7</value>
      <uncertainty>0.3</uncertainty>
    </mag>
    <type>ML</type>
    <originID>quakeml:eu.emsc/event/20010611_0000038/origin/1428289</originID>
    <stationCount>10</stationCount>
    <creationInfo>
      <agencyURI>smi:smi-registry/organization/EMSC</agencyURI>
      <authorURI>smi:smi-registry/organization/EMSC</authorURI>
    </creationInfo>
  </magnitude>
</event>
<event publicID="quakeml:eu.emsc/event/20010611_0000036">
  <preferredOriginID>quakeml:eu.emsc/event/20010611_0000036/origin/1973772</preferredOriginID>
  <preferredMagnitudeID>quakeml:eu.emsc/event/20010611_0000036/origin/1973772/mag/2</preferredMagnitudeID>
  <creationInfo>
    <agencyURI>smi:smi-registry/organization/EMSC</agencyURI>
    <authorURI>smi:smi-registry/organization/EMSC</authorURI>
    <creationTime>2014-12-11T09:35:36.834384Z</creationTime>
  </creationInfo>
  <description>
    <text>NEAR THE COAST OF WESTERN TURKEY</text>
    <type>Flinn-Engdahl region</type>
  </description>
  <origin publicID="quakeml:eu.emsc/event/20010611_0000036/origin/1973772">
    <time>
      <value>2001-06-11T05:29:05.2Z</value>
    </time>
    <latitude>
      <value>39.287</value>
      <uncertainty>9999.9</uncertainty>
    </latitude>
    <longitude>
      <value>26.996</value>
      <uncertainty>9999.9</uncertainty>
    </longitude>
    <depth>
      <value>9000</value>
    </depth>
    <depthType>from location</depthType>
    <methodID>smi:eu.emsc-csem/origin_method/NA</methodID>
    <quality>
      <usedPhaseCount>9</usedPhaseCount>
      <usedStationCount>8</usedStationCount>
      <standardError>1.33</standardError>
      <azimuthalGap>149</azimuthalGap>
      <minimumDistance>0.75</minimumDistance>
      <maximumDistance>2.26</maximumDistance>
    </quality>
    <evaluationMode>manual</evaluationMode>
    <creationInfo>
      <agencyURI>smi:smi-registry/organization/EMSC</agencyURI>
      <authorURI>smi:smi-registry/organization/EMSC</authorURI>
    </creationInfo>
    <originUncertainty>
      <azimuthMaxHorizontalUncertainty>-99</azimuthMaxHorizontalUncertainty>
    </originUncertainty>
  </origin>
  <magnitude publicID="quakeml:eu.emsc/event/20010611_0000036/origin/1973772/mag/2">
    <mag>
      <value>3.1</value>
    </mag>
    <type>MD</type>
    <originID>quakeml:eu.emsc/event/20010611_0000036/origin/1973772</originID>
    <creationInfo>
      <agencyURI>smi:smi-registry/organization/EMSC</agencyURI>
      <authorURI>smi:smi-registry/organization/EMSC</authorURI>
    </creationInfo>
  </magnitude>
</event>
<event publicID="quakeml:eu.emsc/event/20010611_0000015">
  <preferredOriginID>quakeml:eu.emsc/event/20010611_0000015/origin/1428572</preferredOriginID>
  <preferredMagnitudeID>quakeml:eu.emsc/event/20010611_0000015/origin/1428572/mag/2</preferredMagnitudeID>
  <creationInfo>
    <agencyURI>smi:smi-registry/organization/EMSC</agencyURI>
    <authorURI>smi:smi-registry/organization/EMSC</authorURI>
    <creationTime>2014-12-03T12:17:21.58654Z</creationTime>
  </creationInfo>
  <description>
    <text>AEGEAN SEA</text>
    <type>Flinn-Engdahl region</type>
  </description>
  <origin publicID="quakeml:eu.emsc/event/20010611_0000015/origin/1428572">
    <time>
      <value>2001-06-11T05:18:55.3Z</value>
      <uncertainty>0.19</uncertainty>
    </time>
    <latitude>
      <value>38.5123</value>
      <uncertainty>5.8</uncertainty>
    </latitude>
    <longitude>
      <value>25.6632</value>
      <uncertainty>4.7</uncertainty>
    </longitude>
    <depth>
      <value>10000</value>
    </depth>
    <depthType>from location</depthType>
    <methodID>smi:eu.emsc-csem/origin_method/NA</methodID>
    <quality>
      <usedPhaseCount>26</usedPhaseCount>
      <usedStationCount>22</usedStationCount>
      <standardError>1.02</standardError>
      <azimuthalGap>37</azimuthalGap>
      <minimumDistance>0.87</minimumDistance>
      <maximumDistance>3.68</maximumDistance>
    </quality>
    <evaluationMode>manual</evaluationMode>
    <creationInfo>
      <agencyURI>smi:smi-registry/organization/EMSC</agencyURI>
      <authorURI>smi:smi-registry/organization/EMSC</authorURI>
    </creationInfo>
    <originUncertainty>
      <azimuthMaxHorizontalUncertainty>152</azimuthMaxHorizontalUncertainty>
    </originUncertainty>
  </origin>
  <magnitude publicID="quakeml:eu.emsc/event/20010611_0000015/origin/1428572/mag/2">
    <mag>
      <value>3.9</value>
    </mag>
    <type>MD</type>
    <originID>quakeml:eu.emsc/event/20010611_0000015/origin/1428572</originID>
    <creationInfo>
      <agencyURI>smi:smi-registry/organization/EMSC</agencyURI>
      <authorURI>smi:smi-registry/organization/EMSC</authorURI>
    </creationInfo>
  </magnitude>
</event>
<event publicID="quakeml:eu.emsc/event/20010611_0000014">
  <preferredOriginID>quakeml:eu.emsc/event/20010611_0000014/origin/1428578</preferredOriginID>
  <preferredMagnitudeID>quakeml:eu.emsc/event/20010611_0000014/origin/1428578/mag/1</preferredMagnitudeID>
  <creationInfo>
    <agencyURI>smi:smi-registry/organization/EMSC</agencyURI>
    <authorURI>smi:smi-registry/organization/EMSC</authorURI>
    <creationTime>2014-12-03T11:46:51.141652Z</creationTime>
  </creationInfo>
  <description>
    <text>FRANCE</text>
    <type>Flinn-Engdahl region</type>
  </description>
  <origin publicID="quakeml:eu.emsc/event/20010611_0000014/origin/1428578">
    <time>
      <value>2001-06-11T04:12:53.5Z</value>
      <uncertainty>0.08</uncertainty>
    </time>
    <latitude>
      <value>43.0494</value>
      <uncertainty>1.8</uncertainty>
    </latitude>
    <longitude>
      <value>0.023</value>
      <uncertainty>1.5</uncertainty>
    </longitude>
    <depth>
      <value>8000</value>
    </depth>
    <depthType>from location</depthType>
    <methodID>smi:eu.emsc-csem/origin_method/NA</methodID>
    <quality>
      <usedPhaseCount>32</usedPhaseCount>
      <usedStationCount>20</usedStationCount>
      <standardError>0.57</standardError>
      <azimuthalGap>98</azimuthalGap>
      <minimumDistance>0.04</minimumDistance>
      <maximumDistance>4.04</maximumDistance>
    </quality>
    <evaluationMode>manual</evaluationMode>
    <creationInfo>
      <agencyURI>smi:smi-registry/organization/EMSC</agencyURI>
      <authorURI>smi:smi-registry/organization/EMSC</authorURI>
    </creationInfo>
    <originUncertainty>
      <azimuthMaxHorizontalUncertainty>140</azimuthMaxHorizontalUncertainty>
    </originUncertainty>
  </origin>
  <magnitude publicID="quakeml:eu.emsc/event/20010611_0000014/origin/1428578/mag/1">
    <mag>
      <value>2.5</value>
      <uncertainty>0.5</uncertainty>
    </mag>
    <type>ML</type>
    <originID>quakeml:eu.emsc/event/20010611_0000014/origin/1428578</originID>
    <stationCount>10</stationCount>
    <creationInfo>
      <agencyURI>smi:smi-registry/organization/EMSC</agencyURI>
      <authorURI>smi:smi-registry/organization/EMSC</authorURI>
    </creationInfo>
  </magnitude>
</event>
<event publicID="quakeml:eu.emsc/event/20010611_0000040">
  <preferredOriginID>quakeml:eu.emsc/event/20010611_0000040/origin/1428123</preferredOriginID>
  <preferredMagnitudeID>quakeml:eu.emsc/event/20010611_0000040/origin/1428123/mag/2</preferredMagnitudeID>
  <creationInfo>
    <agencyURI>smi:smi-registry/organization/EMSC</agencyURI>
    <authorURI>smi:smi-registry/organization/EMSC</authorURI>
    <creationTime>2014-12-03T15:45:08.143559Z</creationTime>
  </creationInfo>
  <description>
    <text>FRANCE</text>
    <type>Flinn-Engdahl region</type>
  </description>
  <origin publicID="quakeml:eu.emsc/event/20010611_0000040/origin/1428123">
    <time>
      <value>2001-06-11T03:28:05.8Z</value>
      <uncertainty>0.14</uncertainty>
    </time>
    <latitude>
      <value>48.1729</value>
      <uncertainty>2.9</uncertainty>
    </latitude>
    <longitude>
      <value>7.6718</value>
      <uncertainty>1.8</uncertainty>
    </longitude>
    <depth>
      <value>19100.0</value>
    </depth>
    <depthType>from location</depthType>
    <methodID>smi:eu.emsc-csem/origin_method/NA</methodID>
    <quality>
      <usedPhaseCount>16</usedPhaseCount>
      <usedStationCount>8</usedStationCount>
      <standardError>0.46</standardError>
      <azimuthalGap>184</azimuthalGap>
      <minimumDistance>0.32</minimumDistance>
      <maximumDistance>2.73</maximumDistance>
    </quality>
    <evaluationMode>manual</evaluationMode>
    <creationInfo>
      <agencyURI>smi:smi-registry/organization/EMSC</agencyURI>
      <authorURI>smi:smi-registry/organization/EMSC</authorURI>
    </creationInfo>
    <originUncertainty>
      <azimuthMaxHorizontalUncertainty>56</azimuthMaxHorizontalUncertainty>
    </originUncertainty>
  </origin>
  <magnitude publicID="quakeml:eu.emsc/event/20010611_0000040/origin/1428123/mag/2">
    <mag>
      <value>1.5</value>
    </mag>
    <type>ML</type>
    <originID>quakeml:eu.emsc/event/20010611_0000040/origin/1428123</originID>
    <creationInfo>
      <agencyURI>smi:smi-registry/organization/EMSC</agencyURI>
      <authorURI>smi:smi-registry/organization/EMSC</authorURI>
    </creationInfo>
  </magnitude>
</event>
<event publicID="quakeml:eu.emsc/event/20010611_0000013">
  <preferredOriginID>quakeml:eu.emsc/event/20010611_0000013/origin/1428581</preferredOriginID>
  <preferredMagnitudeID>quakeml:eu.emsc/event/20010611_0000013/origin/1428581/mag/2</preferredMagnitudeID>
  <creationInfo>
    <agencyURI>smi:smi-registry/organization/EMSC</agencyURI>
    <authorURI>smi:smi-registry/organization/EMSC</authorURI>
    <creationTime>2014-12-03T11:19:47.194524Z</creationTime>
  </creationInfo>
  <description>
    <text>AEGEAN SEA</text>
    <type>Flinn-Engdahl region</type>
  </description>
  <origin publicID="quakeml:eu.emsc/event/20010611_0000013/origin/1428581">
    <time>
      <value>2001-06-11T03:27:59.4Z</value>
      <uncertainty>0.37</uncertainty>
    </time>
    <latitude>
      <value>38.5098</value>
      <uncertainty>11.1</uncertainty>
    </latitude>
    <longitude>
      <value>25.5875</value>
      <uncertainty>6.9</uncertainty>
    </longitude>
    <depth>
      <value>15000</value>
    </depth>
    <depthType>from location</depthType>
    <methodID>smi:eu.emsc-csem/origin_method/NA</methodID>
    <quality>
      <usedPhaseCount>9</usedPhaseCount>
      <usedStationCount>8</usedStationCount>
      <standardError>0.56</standardError>
      <azimuthalGap>201</azimuthalGap>
      <minimumDistance>0.91</minimumDistance>
      <maximumDistance>3.58</maximumDistance>
    </quality>
    <evaluationMode>manual</evaluationMode>
    <creationInfo>
      <agencyURI>smi:smi-registry/organization/EMSC</agencyURI>
      <authorURI>smi:smi-registry/organization/EMSC</authorURI>
    </creationInfo>
    <originUncertainty>
      <azimuthMaxHorizontalUncertainty>94</azimuthMaxHorizontalUncertainty>
    </originUncertainty>
  </origin>
  <magnitude publicID="quakeml:eu.emsc/event/20010611_0000013/origin/1428581/mag/2">
    <mag>
      <value>3</value>
    </mag>
    <type>MD</type>
    <originID>quakeml:eu.emsc/event/20010611_0000013/origin/1428581</originID>
    <creationInfo>
      <agencyURI>smi:smi-registry/organization/EMSC</agencyURI>
      <authorURI>smi:smi-registry/organization/EMSC</authorURI>
    </creationInfo>
  </magnitude>
</event>
<event publicID="quakeml:eu.emsc/event/20010611_0000012">
  <preferredOriginID>quakeml:eu.emsc/event/20010611_0000012/origin/1428584</preferredOriginID>
  <preferredMagnitudeID>quakeml:eu.emsc/event/20010611_0000012/origin/1428584/mag/2</preferredMagnitudeID>
  <creationInfo>
    <agencyURI>smi:smi-registry/organization/EMSC</agencyURI>
    <authorURI>smi:smi-registry/organization/EMSC</authorURI>
    <creationTime>2014-12-03T11:27:57.709388Z</creationTime>
  </creationInfo>
  <description>
    <text>AEGEAN SEA</text>
    <type>Flinn-Engdahl region</type>
  </description>
  <origin publicID="quakeml:eu.emsc/event/20010611_0000012/origin/1428584">
    <time>
      <value>2001-06-11T03:25:26.3Z</value>
      <uncertainty>0.31</uncertainty>
    </time>
    <latitude>
      <value>38.5488</value>
      <uncertainty>10.7</uncertainty>
    </latitude>
    <longitude>
      <value>25.554</value>
      <uncertainty>8.1</uncertainty>
    </longitude>
    <depth>
      <value>20000</value>
    </depth>
    <depthType>from location</depthType>
    <methodID>smi:eu.emsc-csem/origin_method/NA</methodID>
    <quality>
      <usedPhaseCount>16</usedPhaseCount>
      <usedStationCount>16</usedStationCount>
      <standardError>1.15</standardError>
      <azimuthalGap>66</azimuthalGap>
      <minimumDistance>0.89</minimumDistance>
      <maximumDistance>3.26</maximumDistance>
    </quality>
    <evaluationMode>manual</evaluationMode>
    <creationInfo>
      <agencyURI>smi:smi-registry/organization/EMSC</agencyURI>
      <authorURI>smi:smi-registry/organization/EMSC</authorURI>
    </creationInfo>
    <originUncertainty>
      <azimuthMaxHorizontalUncertainty>137</azimuthMaxHorizontalUncertainty>
    </originUncertainty>
  </origin>
  <magnitude publicID="quakeml:eu.emsc/event/20010611_0000012/origin/1428584/mag/2">
    <mag>
      <value>3.2</value>
    </mag>
    <type>MD</type>
    <originID>quakeml:eu.emsc/event/20010611_0000012/origin/1428584</originID>
    <creationInfo>
      <agencyURI>smi:smi-registry/organization/EMSC</agencyURI>
      <authorURI>smi:smi-registry/organization/EMSC</authorURI>
    </creationInfo>
  </magnitude>
</event>
<event publicID="quakeml:eu.emsc/event/20010611_0000011">
  <preferredOriginID>quakeml:eu.emsc/event/20010611_0000011/origin/1428588</preferredOriginID>
  <preferredMagnitudeID>quakeml:eu.emsc/event/20010611_0000011/origin/1428588/mag/2</preferredMagnitudeID>
  <creationInfo>
    <agencyURI>smi:smi-registry/organization/EMSC</agencyURI>
    <authorURI>smi:smi-registry/organization/EMSC</authorURI>
    <creationTime>2014-12-03T10:33:19.187959Z</creationTime>
  </creationInfo>
  <description>
    <text>AEGEAN SEA</text>
    <type>Flinn-Engdahl region</type>
  </description>
  <origin publicID="quakeml:eu.emsc/event/20010611_0000011/origin/1428588">
    <time>
      <value>2001-06-11T03:11:24.1Z</value>
      <uncertainty>0.47</uncertainty>
    </time>
    <latitude>
      <value>38.4864</value>
      <uncertainty>14.8</uncertainty>
    </latitude>
    <longitude>
      <value>25.5833</value>
      <uncertainty>7.9</uncertainty>
    </longitude>
    <depth>
      <value>30000</value>
    </depth>
    <depthType>from location</depthType>
    <methodID>smi:eu.emsc-csem/origin_method/NA</methodID>
    <quality>
      <usedPhaseCount>10</usedPhaseCount>
      <usedStationCount>10</usedStationCount>
      <standardError>0.64</standardError>
      <azimuthalGap>177</azimuthalGap>
      <minimumDistance>0.93</minimumDistance>
      <maximumDistance>3.58</maximumDistance>
    </quality>
    <evaluationMode>manual</evaluationMode>
    <creationInfo>
      <agencyURI>smi:smi-registry/organization/EMSC</agencyURI>
      <authorURI>smi:smi-registry/organization/EMSC</authorURI>
    </creationInfo>
    <originUncertainty>
      <azimuthMaxHorizontalUncertainty>85</azimuthMaxHorizontalUncertainty>
    </originUncertainty>
  </origin>
  <magnitude publicID="quakeml:eu.emsc/event/20010611_0000011/origin/1428588/mag/2">
    <mag>
      <value>3</value>
    </mag>
    <type>MD</type>
    <originID>quakeml:eu.emsc/event/20010611_0000011/origin/1428588</originID>
    <creationInfo>
      <agencyURI>smi:smi-registry/organization/EMSC</agencyURI>
      <authorURI>smi:smi-registry/organization/EMSC</authorURI>
    </creationInfo>
  </magnitude>
</event>
<event publicID="quakeml:eu.emsc/event/20010611_0000042">
  <preferredOriginID>quakeml:eu.emsc/event/20010611_0000042/origin/1425609</preferredOriginID>
  <preferredMagnitudeID>quakeml:eu.emsc/event/20010611_0000042/origin/1425609/mag/2</preferredMagnitudeID>
  <creationInfo>
    <agencyURI>smi:smi-registry/organization/EMSC</agencyURI>
    <authorURI>smi:smi-registry/organization/EMSC</authorURI>
    <creationTime>2014-12-10T18:42:17.937468Z</creationTime>
  </creationInfo>
  <description>
    <text>NORTHERN ITALY</text>
    <type>Flinn-Engdahl region</type>
  </description>
  <origin publicID="quakeml:eu.emsc/event/20010611_0000042/origin/1425609">
    <time>
      <value>2001-06-11T02:16:01.2Z</value>
    </time>
    <latitude>
      <value>44.475</value>
      <uncertainty>9999.9</uncertainty>
    </latitude>
    <longitude>
      <value>7.3128</value>
      <uncertainty>9999.9</uncertainty>
    </longitude>
    <depth>
      <value>8000</value>
    </depth>
    <depthType>from location</depthType>
    <methodID>smi:eu.emsc-csem/origin_method/NA</methodID>
    <quality>
      <usedPhaseCount>11</usedPhaseCount>
      <usedStationCount>10</usedStationCount>
      <standardError>2.48</standardError>
      <azimuthalGap>112</azimuthalGap>
      <minimumDistance>0.15</minimumDistance>
      <maximumDistance>0.7</maximumDistance>
    </quality>
    <evaluationMode>manual</evaluationMode>
    <creationInfo>
      <agencyURI>smi:smi-registry/organization/EMSC</agencyURI>
      <authorURI>smi:smi-registry/organization/EMSC</authorURI>
    </creationInfo>
    <originUncertainty>
      <azimuthMaxHorizontalUncertainty>-99</azimuthMaxHorizontalUncertainty>
    </originUncertainty>
  </origin>
  <magnitude publicID="quakeml:eu.emsc/event/20010611_0000042/origin/1425609/mag/2">
    <mag>
      <value>2.2</value>
    </mag>
    <type>ML</type>
    <originID>quakeml:eu.emsc/event/20010611_0000042/origin/1425609</originID>
    <creationInfo>
      <agencyURI>smi:smi-registry/organization/EMSC</agencyURI>
      <authorURI>smi:smi-registry/organization/EMSC</authorURI>
    </creationInfo>
  </magnitude>
</event>
<event publicID="quakeml:eu.emsc/event/20010611_0000010">
  <preferredOriginID>quakeml:eu.emsc/event/20010611_0000010/origin/1425611</preferredOriginID>
  <preferredMagnitudeID>quakeml:eu.emsc/event/20010611_0000010/origin/1425611/mag/2</preferredMagnitudeID>
  <creationInfo>
    <agencyURI>smi:smi-registry/organization/EMSC</agencyURI>
    <authorURI>smi:smi-registry/organization/EMSC</authorURI>
    <creationTime>2014-12-10T12:39:57.960024Z</creationTime>
  </creationInfo>
  <description>
    <text>CRETE, GREECE</text>
    <type>Flinn-Engdahl region</type>
  </description>
  <origin publicID="quakeml:eu.emsc/event/20010611_0000010/origin/1425611">
    <time>
      <value>2001-06-11T02:14:03.7Z</value>
    </time>
    <latitude>
      <value>34.7</value>
      <uncertainty>9999.9</uncertainty>
    </latitude>
    <longitude>
      <value>25.08</value>
      <uncertainty>9999.9</uncertainty>
    </longitude>
    <depth>
      <value>5000</value>
    </depth>
    <depthType>from location</depthType>
    <methodID>smi:eu.emsc-csem/origin_method/NA</methodID>
    <quality>
      <usedPhaseCount>5</usedPhaseCount>
      <usedStationCount>4</usedStationCount>
      <standardError>2.48</standardError>
      <azimuthalGap>251</azimuthalGap>
      <minimumDistance>0.71</minimumDistance>
      <maximumDistance>2.66</maximumDistance>
    </quality>
    <evaluationMode>manual</evaluationMode>
    <creationInfo>
      <agencyURI>smi:smi-registry/organization/EMSC</agencyURI>
      <authorURI>smi:smi-registry/organization/EMSC</authorURI>
    </creationInfo>
    <originUncertainty>
      <azimuthMaxHorizontalUncertainty>-99</azimuthMaxHorizontalUncertainty>
    </originUncertainty>
  </origin>
  <magnitude publicID="quakeml:eu.emsc/event/20010611_0000010/origin/1425611/mag/2">
    <mag>
      <value>3.7</value>
    </mag>
    <type>MD</type>
    <originID>quakeml:eu.emsc/event/20010611_0000010/origin/1425611</originID>
    <creationInfo>
      <agencyURI>smi:smi-registry/organization/EMSC</agencyURI>
      <authorURI>smi:smi-registry/organization/EMSC</authorURI>
    </creationInfo>
  </magnitude>
</event>
<event publicID="quakeml:eu.emsc/event/20010611_0000041">
  <preferredOriginID>quakeml:eu.emsc/event/20010611_0000041/origin/1425613</preferredOriginID>
  <preferredMagnitudeID>quakeml:eu.emsc/event/20010611_0000041/origin/1425613/mag/2</preferredMagnitudeID>
  <creationInfo>
    <agencyURI>smi:smi-registry/organization/EMSC</agencyURI>
    <authorURI>smi:smi-registry/organization/EMSC</authorURI>
    <creationTime>2014-12-10T18:26:49.404513Z</creationTime>
  </creationInfo>
  <description>
    <text>PYRENEES</text>
    <type>Flinn-Engdahl region</type>
  </description>
  <origin publicID="quakeml:eu.emsc/event/20010611_0000041/origin/1425613">
    <time>
      <value>2001-06-11T02:11:08.1Z</value>
    </time>
    <latitude>
      <value>42.71</value>
      <uncertainty>9999.9</uncertainty>
    </latitude>
    <longitude>
      <value>1.96</value>
      <uncertainty>9999.9</uncertainty>
    </longitude>
    <depth>
      <value>10000</value>
    </depth>
    <depthType>from location</depthType>
    <methodID>smi:eu.emsc-csem/origin_method/NA</methodID>
    <quality>
      <usedPhaseCount>11</usedPhaseCount>
      <usedStationCount>6</usedStationCount>
      <standardError>1.72</standardError>
      <azimuthalGap>153</azimuthalGap>
      <minimumDistance>0.11</minimumDistance>
      <maximumDistance>1.01</maximumDistance>
    </quality>
    <evaluationMode>manual</evaluationMode>
    <creationInfo>
      <agencyURI>smi:smi-registry/organization/EMSC</agencyURI>
      <authorURI>smi:smi-registry/organization/EMSC</authorURI>
    </creationInfo>
    <originUncertainty>
      <azimuthMaxHorizontalUncertainty>-99</azimuthMaxHorizontalUncertainty>
    </originUncertainty>
  </origin>
  <magnitude publicID="quakeml:eu.emsc/event/20010611_0000041/origin/1425613/mag/2">
    <mag>
      <value>1.2</value>
    </mag>
    <type>ML</type>
    <originID>quakeml:eu.emsc/event/20010611_0000041/origin/1425613</originID>
    <creationInfo>
      <agencyURI>smi:smi-registry/organization/EMSC</agencyURI>
      <authorURI>smi:smi-registry/organization/EMSC</authorURI>
    </creationInfo>
  </magnitude>
</event>
<event publicID="quakeml:eu.emsc/event/20010611_0000009">
  <preferredOriginID>quakeml:eu.emsc/event/20010611_0000009/origin/1428592</preferredOriginID>
  <preferredMagnitudeID>quakeml:eu.emsc/event/20010611_0000009/origin/1428592/mag/2</preferredMagnitudeID>
  <creationInfo>
    <agencyURI>smi:smi-registry/organization/EMSC</agencyURI>
    <authorURI>smi:smi-registry/organization/EMSC</authorURI>
    <creationTime>2014-12-03T12:18:16.549321Z</creationTime>
  </creationInfo>
  <description>
    <text>AEGEAN SEA</text>
    <type>Flinn-Engdahl region</type>
  </description>
  <origin publicID="quakeml:eu.emsc/event/20010611_0000009/origin/1428592">
    <time>
      <value>2001-06-11T02:04:45.9Z</value>
      <uncertainty>0.18</uncertainty>
    </time>
    <latitude>
      <value>38.501</value>
      <uncertainty>5.6</uncertainty>
    </latitude>
    <longitude>
      <value>25.6069</value>
      <uncertainty>5</uncertainty>
    </longitude>
    <depth>
      <value>2000</value>
    </depth>
    <depthType>from location</depthType>
    <methodID>smi:eu.emsc-csem/origin_method/NA</methodID>
    <quality>
      <usedPhaseCount>23</usedPhaseCount>
      <usedStationCount>23</usedStationCount>
      <standardError>0.83</standardError>
      <azimuthalGap>41</azimuthalGap>
      <minimumDistance>0.91</minimumDistance>
      <maximumDistance>3.93</maximumDistance>
    </quality>
    <evaluationMode>manual</evaluationMode>
    <creationInfo>
      <agencyURI>smi:smi-registry/organization/EMSC</agencyURI>
      <authorURI>smi:smi-registry/organization/EMSC</authorURI>
    </creationInfo>
    <originUncertainty>
      <azimuthMaxHorizontalUncertainty>151</azimuthMaxHorizontalUncertainty>
    </originUncertainty>
  </origin>
  <magnitude publicID="quakeml:eu.emsc/event/20010611_0000009/origin/1428592/mag/2">
    <mag>
      <value>3.5</value>
    </mag>
    <type>ML</type>
    <originID>quakeml:eu.emsc/event/20010611_0000009/origin/1428592</originID>
    <creationInfo>
      <agencyURI>smi:smi-registry/organization/EMSC</agencyURI>
      <authorURI>smi:smi-registry/organization/EMSC</authorURI>
    </creationInfo>
  </magnitude>
</event>
<event publicID="quakeml:eu.emsc/event/20010611_0000008">
  <preferredOriginID>quakeml:eu.emsc/event/20010611_0000008/origin/1425615</preferredOriginID>
  <preferredMagnitudeID>quakeml:eu.emsc/event/20010611_0000008/origin/1425615/mag/2</preferredMagnitudeID>
  <creationInfo>
    <agencyURI>smi:smi-registry/organization/EMSC</agencyURI>
    <authorURI>smi:smi-registry/organization/EMSC</authorURI>
    <creationTime>2014-12-10T12:39:55.1123Z</creationTime>
  </creationInfo>
  <description>
    <text>WESTERN TURKEY</text>
    <type>Flinn-Engdahl region</type>
  </description>
  <origin publicID="quakeml:eu.emsc/event/20010611_0000008/origin/1425615">
    <time>
      <value>2001-06-11T01:30:58.0Z</value>
    </time>
    <latitude>
      <value>40.857</value>
      <uncertainty>9999.9</uncertainty>
    </latitude>
    <longitude>
      <value>28.703</value>
      <uncertainty>9999.9</uncertainty>
    </longitude>
    <depth>
      <value>5000</value>
    </depth>
    <depthType>from location</depthType>
    <methodID>smi:eu.emsc-csem/origin_method/NA</methodID>
    <quality>
      <usedPhaseCount>9</usedPhaseCount>
      <usedStationCount>7</usedStationCount>
      <standardError>0.9</standardError>
      <azimuthalGap>162</azimuthalGap>
      <minimumDistance>0.31</minimumDistance>
      <maximumDistance>1.14</maximumDistance>
    </quality>
    <evaluationMode>manual</evaluationMode>
    <creationInfo>
      <agencyURI>smi:smi-registry/organization/EMSC</agencyURI>
      <authorURI>smi:smi-registry/organization/EMSC</authorURI>
    </creationInfo>
    <originUncertainty>
      <azimuthMaxHorizontalUncertainty>-99</azimuthMaxHorizontalUncertainty>
    </originUncertainty>
  </origin>
  <magnitude publicID="quakeml:eu.emsc/event/20010611_0000008/origin/1425615/mag/2">
    <mag>
      <value>3</value>
    </mag>
    <type>MD</type>
    <originID>quakeml:eu.emsc/event/20010611_0000008/origin/1425615</originID>
    <creationInfo>
      <agencyURI>smi:smi-registry/organization/EMSC</agencyURI>
      <authorURI>smi:smi-registry/organization/EMSC</authorURI>
    </creationInfo>
  </magnitude>
</event>
<event publicID="quakeml:eu.emsc/event/20010611_0000007">
  <preferredOriginID>quakeml:eu.emsc/event/20010611_0000007/origin/1428595</preferredOriginID>
  <preferredMagnitudeID>quakeml:eu.emsc/event/20010611_0000007/origin/1428595/mag/2</preferredMagnitudeID>
  <creationInfo>
    <agencyURI>smi:smi-registry/organization/EMSC</agencyURI>
    <authorURI>smi:smi-registry/organization/EMSC</authorURI>
    <creationTime>2014-12-03T12:14:37.585123Z</creationTime>
  </creationInfo>
  <description>
    <text>GREECE</text>
    <type>Flinn-Engdahl region</type>
  </description>
  <origin publicID="quakeml:eu.emsc/event/20010611_0000007/origin/1428595">
    <time>
      <value>2001-06-11T00:45:13.0Z</value>
      <uncertainty>0.43</uncertainty>
    </time>
    <latitude>
      <value>40.0203</value>
      <uncertainty>14.7</uncertainty>
    </latitude>
    <longitude>
      <value>21.7885</value>
      <uncertainty>9</uncertainty>
    </longitude>
    <depth>
      <value>2000</value>
    </depth>
    <depthType>from location</depthType>
    <methodID>smi:eu.emsc-csem/origin_method/NA</methodID>
    <quality>
      <usedPhaseCount>8</usedPhaseCount>
      <usedStationCount>7</usedStationCount>
      <standardError>0.96</standardError>
      <azimuthalGap>97</azimuthalGap>
      <minimumDistance>0.29</minimumDistance>
      <maximumDistance>2.06</maximumDistance>
    </quality>
    <evaluationMode>manual</evaluationMode>
    <creationInfo>
      <agencyURI>smi:smi-registry/organization/EMSC</agencyURI>
      <authorURI>smi:smi-registry/organization/EMSC</authorURI>
    </creationInfo>
    <originUncertainty>
      <azimuthMaxHorizontalUncertainty>111</azimuthMaxHorizontalUncertainty>
    </originUncertainty>
  </origin>
  <magnitude publicID="quakeml:eu.emsc/event/20010611_0000007/origin/1428595/mag/2">
    <mag>
      <value>3.2</value>
    </mag>
    <type>MD</type>
    <originID>quakeml:eu.emsc/event/20010611_0000007/origin/1428595</originID>
    <creationInfo>
      <agencyURI>smi:smi-registry/organization/EMSC</agencyURI>
      <authorURI>smi:smi-registry/organization/EMSC</authorURI>
    </creationInfo>
  </magnitude>
</event>
<event publicID="quakeml:eu.emsc/event/20010611_0000006">
  <preferredOriginID>quakeml:eu.emsc/event/20010611_0000006/origin/1430513</preferredOriginID>
  <preferredMagnitudeID>quakeml:eu.emsc/event/20010611_0000006/origin/1430513/mag/2</preferredMagnitudeID>
  <creationInfo>
    <agencyURI>smi:smi-registry/organization/EMSC</agencyURI>
    <authorURI>smi:smi-registry/organization/EMSC</authorURI>
    <creationTime>2014-12-03T11:26:04.596017Z</creationTime>
  </creationInfo>
  <description>
    <text>CENTRAL MEDITERRANEAN SEA</text>
    <type>Flinn-Engdahl region</type>
  </description>
  <origin publicID="quakeml:eu.emsc/event/20010611_0000006/origin/1430513">
    <time>
      <value>2001-06-11T00:30:56.9Z</value>
      <uncertainty>0.37</uncertainty>
    </time>
    <latitude>
      <value>34.6709</value>
      <uncertainty>13.2</uncertainty>
    </latitude>
    <longitude>
      <value>22.8382</value>
      <uncertainty>5.1</uncertainty>
    </longitude>
    <depth>
      <value>10000</value>
    </depth>
    <depthType>from location</depthType>
    <methodID>smi:eu.emsc-csem/origin_method/NA</methodID>
    <quality>
      <usedPhaseCount>67</usedPhaseCount>
      <usedStationCount>67</usedStationCount>
      <standardError>1.29</standardError>
      <azimuthalGap>189</azimuthalGap>
      <minimumDistance>1.34</minimumDistance>
      <maximumDistance>35.21</maximumDistance>
    </quality>
    <evaluationMode>manual</evaluationMode>
    <creationInfo>
      <agencyURI>smi:smi-registry/organization/EMSC</agencyURI>
      <authorURI>smi:smi-registry/organization/EMSC</authorURI>
    </creationInfo>
    <originUncertainty>
      <azimuthMaxHorizontalUncertainty>30</azimuthMaxHorizontalUncertainty>
    </originUncertainty>
  </origin>
  <magnitude publicID="quakeml:eu.emsc/event/20010611_0000006/origin/1430513/mag/2">
    <mag>
      <value>4.8</value>
      <uncertainty>0.5</uncertainty>
    </mag>
    <type>mb</type>
    <originID>quakeml:eu.emsc/event/20010611_0000006/origin/1430513</originID>
    <stationCount>4</stationCount>
    <creationInfo>
      <agencyURI>smi:smi-registry/organization/EMSC</agencyURI>
      <authorURI>smi:smi-registry/organization/EMSC</authorURI>
    </creationInfo>
  </magnitude>
</event>
<event publicID="quakeml:eu.emsc/event/20010611_0000005">
  <preferredOriginID>quakeml:eu.emsc/event/20010611_0000005/origin/1428599</preferredOriginID>
  <preferredMagnitudeID>quakeml:eu.emsc/event/20010611_0000005/origin/1428599/mag/2</preferredMagnitudeID>
  <creationInfo>
    <agencyURI>smi:smi-registry/organization/EMSC</agencyURI>
    <authorURI>smi:smi-registry/organization/EMSC</authorURI>
    <creationTime>2014-12-03T10:36:30.487329Z</creationTime>
  </creationInfo>
  <description>
    <text>AEGEAN SEA</text>
    <type>Flinn-Engdahl region</type>
  </description>
  <origin publicID="quakeml:eu.emsc/event/20010611_0000005/origin/1428599">
    <time>
      <value>2001-06-11T00:22:41.0Z</value>
      <uncertainty>0.21</uncertainty>
    </time>
    <latitude>
      <value>38.4888</value>
      <uncertainty>6.2</uncertainty>
    </latitude>
    <longitude>
      <value>25.6137</value>
      <uncertainty>5.7</uncertainty>
    </longitude>
    <depth>
      <value>10000</value>
    </depth>
    <depthType>from location</depthType>
    <methodID>smi:eu.emsc-csem/origin_method/NA</methodID>
    <quality>
      <usedPhaseCount>28</usedPhaseCount>
      <usedStationCount>26</usedStationCount>
      <standardError>1.08</standardError>
      <azimuthalGap>37</azimuthalGap>
      <minimumDistance>0.91</minimumDistance>
      <maximumDistance>4.72</maximumDistance>
    </quality>
    <evaluationMode>manual</evaluationMode>
    <creationInfo>
      <agencyURI>smi:smi-registry/organization/EMSC</agencyURI>
      <authorURI>smi:smi-registry/organization/EMSC</authorURI>
    </creationInfo>
    <originUncertainty>
      <azimuthMaxHorizontalUncertainty>145</azimuthMaxHorizontalUncertainty>
    </originUncertainty>
  </origin>
  <magnitude publicID="quakeml:eu.emsc/event/20010611_0000005/origin/1428599/mag/2">
    <mag>
      <value>3.7</value>
    </mag>
    <type>ML</type>
    <originID>quakeml:eu.emsc/event/20010611_0000005/origin/1428599</originID>
    <creationInfo>
      <agencyURI>smi:smi-registry/organization/EMSC</agencyURI>
      <authorURI>smi:smi-registry/organization/EMSC</authorURI>
    </creationInfo>
  </magnitude>
</event>
<event publicID="quakeml:eu.emsc/event/20010611_0000004">
  <preferredOriginID>quakeml:eu.emsc/event/20010611_0000004/origin/1428602</preferredOriginID>
  <preferredMagnitudeID>quakeml:eu.emsc/event/20010611_0000004/origin/1428602/mag/2</preferredMagnitudeID>
  <creationInfo>
    <agencyURI>smi:smi-registry/organization/EMSC</agencyURI>
    <authorURI>smi:smi-registry/organization/EMSC</authorURI>
    <creationTime>2014-12-03T10:40:35.211125Z</creationTime>
  </creationInfo>
  <description>
    <text>SOUTHERN GREECE</text>
    <type>Flinn-Engdahl region</type>
  </description>
  <origin publicID="quakeml:eu.emsc/event/20010611_0000004/origin/1428602">
    <time>
      <value>2001-06-11T00:19:11.1Z</value>
      <uncertainty>1.38</uncertainty>
    </time>
    <latitude>
      <value>37.6145</value>
      <uncertainty>50.7</uncertainty>
    </latitude>
    <longitude>
      <value>21.0155</value>
      <uncertainty>13.6</uncertainty>
    </longitude>
    <depth>
      <value>2000</value>
    </depth>
    <depthType>from location</depthType>
    <methodID>smi:eu.emsc-csem/origin_method/NA</methodID>
    <quality>
      <usedPhaseCount>8</usedPhaseCount>
      <usedStationCount>8</usedStationCount>
      <standardError>1.22</standardError>
      <azimuthalGap>208</azimuthalGap>
      <minimumDistance>0.66</minimumDistance>
      <maximumDistance>3.89</maximumDistance>
    </quality>
    <evaluationMode>manual</evaluationMode>
    <creationInfo>
      <agencyURI>smi:smi-registry/organization/EMSC</agencyURI>
      <authorURI>smi:smi-registry/organization/EMSC</authorURI>
    </creationInfo>
    <originUncertainty>
      <azimuthMaxHorizontalUncertainty>47</azimuthMaxHorizontalUncertainty>
    </originUncertainty>
  </origin>
  <magnitude publicID="quakeml:eu.emsc/event/20010611_0000004/origin/1428602/mag/2">
    <mag>
      <value>3.5</value>
    </mag>
    <type>ML</type>
    <originID>quakeml:eu.emsc/event/20010611_0000004/origin/1428602</originID>
    <creationInfo>
      <agencyURI>smi:smi-registry/organization/EMSC</agencyURI>
      <authorURI>smi:smi-registry/organization/EMSC</authorURI>
    </creationInfo>
  </magnitude>
</event>
<event publicID="quakeml:eu.emsc/event/20010611_0000003">
  <preferredOriginID>quakeml:eu.emsc/event/20010611_0000003/origin/1428606</preferredOriginID>
  <preferredMagnitudeID>quakeml:eu.emsc/event/20010611_0000003/origin/1428606/mag/2</preferredMagnitudeID>
  <creationInfo>
    <agencyURI>smi:smi-registry/organization/EMSC</agencyURI>
    <authorURI>smi:smi-registry/organization/EMSC</authorURI>
    <creationTime>2014-12-03T12:20:08.157316Z</creationTime>
  </creationInfo>
  <description>
    <text>AEGEAN SEA</text>
    <type>Flinn-Engdahl region</type>
  </description>
  <origin publicID="quakeml:eu.emsc/event/20010611_0000003/origin/1428606">
    <time>
      <value>2001-06-11T00:13:24.9Z</value>
      <uncertainty>0.18</uncertainty>
    </time>
    <latitude>
      <value>38.522</value>
      <uncertainty>5.7</uncertainty>
    </latitude>
    <longitude>
      <value>25.686</value>
      <uncertainty>4.4</uncertainty>
    </longitude>
    <depth>
      <value>15000</value>
    </depth>
    <depthType>from location</depthType>
    <methodID>smi:eu.emsc-csem/origin_method/NA</methodID>
    <quality>
      <usedPhaseCount>19</usedPhaseCount>
      <usedStationCount>17</usedStationCount>
      <standardError>0.89</standardError>
      <azimuthalGap>64</azimuthalGap>
      <minimumDistance>0.86</minimumDistance>
      <maximumDistance>3.33</maximumDistance>
    </quality>
    <evaluationMode>manual</evaluationMode>
    <creationInfo>
      <agencyURI>smi:smi-registry/organization/EMSC</agencyURI>
      <authorURI>smi:smi-registry/organization/EMSC</authorURI>
    </creationInfo>
    <originUncertainty>
      <azimuthMaxHorizontalUncertainty>135</azimuthMaxHorizontalUncertainty>
    </originUncertainty>
  </origin>
  <magnitude publicID="quakeml:eu.emsc/event/20010611_0000003/origin/1428606/mag/2">
    <mag>
      <value>3.3</value>
    </mag>
    <type>ML</type>
    <originID>quakeml:eu.emsc/event/20010611_0000003/origin/1428606</originID>
    <creationInfo>
      <agencyURI>smi:smi-registry/organization/EMSC</agencyURI>
      <authorURI>smi:smi-registry/organization/EMSC</authorURI>
    </creationInfo>
  </magnitude>
</event>
<event publicID="quakeml:eu.emsc/event/20010611_0000002">
  <preferredOriginID>quakeml:eu.emsc/event/20010611_0000002/origin/1425617</preferredOriginID>
  <preferredMagnitudeID>quakeml:eu.emsc/event/20010611_0000002/origin/1425617/mag/2</preferredMagnitudeID>
  <creationInfo>
    <agencyURI>smi:smi-registry/organization/EMSC</agencyURI>
    <authorURI>smi:smi-registry/organization/EMSC</authorURI>
    <creationTime>2014-12-10T12:39:41.543921Z</creationTime>
  </creationInfo>
  <description>
    <text>AEGEAN SEA</text>
    <type>Flinn-Engdahl region</type>
  </description>
  <origin publicID="quakeml:eu.emsc/event/20010611_0000002/origin/1425617">
    <time>
      <value>2001-06-11T00:00:53.8Z</value>
    </time>
    <latitude>
      <value>38.53</value>
      <uncertainty>9999.9</uncertainty>
    </latitude>
    <longitude>
      <value>25.73</value>
      <uncertainty>9999.9</uncertainty>
    </longitude>
    <depth>
      <value>40000</value>
    </depth>
    <depthType>from location</depthType>
    <methodID>smi:eu.emsc-csem/origin_method/NA</methodID>
    <quality>
      <usedPhaseCount>6</usedPhaseCount>
      <usedStationCount>4</usedStationCount>
      <standardError>0.55</standardError>
      <azimuthalGap>137</azimuthalGap>
      <minimumDistance>0.83</minimumDistance>
      <maximumDistance>1.68</maximumDistance>
    </quality>
    <evaluationMode>manual</evaluationMode>
    <creationInfo>
      <agencyURI>smi:smi-registry/organization/EMSC</agencyURI>
      <authorURI>smi:smi-registry/organization/EMSC</authorURI>
    </creationInfo>
    <originUncertainty>
      <azimuthMaxHorizontalUncertainty>-99</azimuthMaxHorizontalUncertainty>
    </originUncertainty>
  </origin>
  <magnitude publicID="quakeml:eu.emsc/event/20010611_0000002/origin/1425617/mag/2">
    <mag>
      <value>3.5</value>
    </mag>
    <type>ML</type>
    <originID>quakeml:eu.emsc/event/20010611_0000002/origin/1425617</originID>
    <creationInfo>
      <agencyURI>smi:smi-registry/organization/EMSC</agencyURI>
      <authorURI>smi:smi-registry/organization/EMSC</authorURI>
    </creationInfo>
  </magnitude>
</event>
<event publicID="quakeml:eu.emsc/event/20010611_0000001">
  <preferredOriginID>quakeml:eu.emsc/event/20010611_0000001/origin/1428610</preferredOriginID>
  <preferredMagnitudeID>quakeml:eu.emsc/event/20010611_0000001/origin/1428610/mag/2</preferredMagnitudeID>
  <creationInfo>
    <agencyURI>smi:smi-registry/organization/EMSC</agencyURI>
    <authorURI>smi:smi-registry/organization/EMSC</authorURI>
    <creationTime>2014-12-03T11:33:29.789407Z</creationTime>
  </creationInfo>
  <description>
    <text>AEGEAN SEA</text>
    <type>Flinn-Engdahl region</type>
  </description>
  <origin publicID="quakeml:eu.emsc/event/20010611_0000001/origin/1428610">
    <time>
      <value>2001-06-11T00:00:15.2Z</value>
      <uncertainty>0.21</uncertainty>
    </time>
    <latitude>
      <value>38.5174</value>
      <uncertainty>6.3</uncertainty>
    </latitude>
    <longitude>
      <value>25.6224</value>
      <uncertainty>5.2</uncertainty>
    </longitude>
    <depth>
      <value>10000</value>
    </depth>
    <depthType>from location</depthType>
    <methodID>smi:eu.emsc-csem/origin_method/NA</methodID>
    <quality>
      <usedPhaseCount>23</usedPhaseCount>
      <usedStationCount>22</usedStationCount>
      <standardError>0.9</standardError>
      <azimuthalGap>78</azimuthalGap>
      <minimumDistance>0.89</minimumDistance>
      <maximumDistance>4.47</maximumDistance>
    </quality>
    <evaluationMode>manual</evaluationMode>
    <creationInfo>
      <agencyURI>smi:smi-registry/organization/EMSC</agencyURI>
      <authorURI>smi:smi-registry/organization/EMSC</authorURI>
    </creationInfo>
    <originUncertainty>
      <azimuthMaxHorizontalUncertainty>97</azimuthMaxHorizontalUncertainty>
    </originUncertainty>
  </origin>
  <magnitude publicID="quakeml:eu.emsc/event/20010611_0000001/origin/1428610/mag/2">
    <mag>
      <value>3.3</value>
    </mag>
    <type>ML</type>
    <originID>quakeml:eu.emsc/event/20010611_0000001/origin/1428610</originID>
    <creationInfo>
      <agencyURI>smi:smi-registry/organization/EMSC</agencyURI>
      <authorURI>smi:smi-registry/organization/EMSC</authorURI>
    </creationInfo>
  </magnitude>
</event>
</eventParameters>
</q:quakeml>
