<?xml version="1.0"?>
<q:quakeml xmlns:q="http://quakeml.org/xmlns/quakeml/1.2"  xmlns="http://quakeml.org/xmlns/bed/1.2">
<eventParameters publicID="smi:eu.emsc/unid">
<event publicID="quakeml:eu.emsc/event/20011122_0000021">
  <preferredOriginID>quakeml:eu.emsc/event/20011122_0000021/origin/1420088</preferredOriginID>
  <preferredMagnitudeID>quakeml:eu.emsc/event/20011122_0000021/origin/1420088/mag/1</preferredMagnitudeID>
  <creationInfo>
    <agencyURI>smi:smi-registry/organization/EMSC</agencyURI>
    <authorURI>smi:smi-registry/organization/EMSC</authorURI>
    <creationTime>2014-12-03T17:05:03.492687Z</creationTime>
  </creationInfo>
  <description>
    <text>PYRENEES</text>
    <type>Flinn-Engdahl region</type>
  </description>
  <origin publicID="quakeml:eu.emsc/event/20011122_0000021/origin/1420088">
    <time>
      <value>2001-11-22T18:48:50.1Z</value>
      <uncertainty>0.16</uncertainty>
    </time>
    <latitude>
      <value>43.2039</value>
      <uncertainty>3.9</uncertainty>
    </latitude>
    <longitude>
      <value>-1.0918</value>
      <uncertainty>2.7</uncertainty>
    </longitude>
    <depth>
      <value>15000</value>
    </depth>
    <depthType>from location</depthType>
    <methodID>smi:eu.emsc-csem/origin_method/NA</methodID>
    <quality>
      <usedPhaseCount>29</usedPhaseCount>
      <usedStationCount>14</usedStationCount>
      <standardError>0.98</standardError>
      <azimuthalGap>103</azimuthalGap>
      <minimumDistance>0.11</minimumDistance>
      <maximumDistance>2.85</maximumDistance>
    </quality>
    <evaluationMode>manual</evaluationMode>
    <creationInfo>
      <agencyURI>smi:smi-registry/organization/EMSC</agencyURI>
      <authorURI>smi:smi-registry/organization/EMSC</authorURI>
    </creationInfo>
    <originUncertainty>
      <azimuthMaxHorizontalUncertainty>160</azimuthMaxHorizontalUncertainty>
    </originUncertainty>
  </origin>
  <magnitude publicID="quakeml:eu.emsc/event/20011122_0000021/origin/1420088/mag/1">
    <mag>
      <value>2</value>
      <uncertainty>0.5</uncertainty>
    </mag>
    <type>ML</type>
    <originID>quakeml:eu.emsc/event/20011122_0000021/origin/1420088</originID>
    <stationCount>7</stationCount>
    <creationInfo>
      <agencyURI>smi:smi-registry/organization/EMSC</agencyURI>
      <authorURI>smi:smi-registry/organization/EMSC</authorURI>
    </creationInfo>
  </magnitude>
</event>
<event publicID="quakeml:eu.emsc/event/20011122_0000002">
  <preferredOriginID>quakeml:eu.emsc/event/20011122_0000002/origin/1420151</preferredOriginID>
  <preferredMagnitudeID>quakeml:eu.emsc/event/20011122_0000002/origin/1420151/mag/2</preferredMagnitudeID>
  <creationInfo>
    <agencyURI>smi:smi-registry/organization/EMSC</agencyURI>
    <authorURI>smi:smi-registry/organization/EMSC</authorURI>
    <creationTime>2014-12-03T10:48:53.914241Z</creationTime>
  </creationInfo>
  <description>
    <text>AEGEAN SEA</text>
    <type>Flinn-Engdahl region</type>
  </description>
  <origin publicID="quakeml:eu.emsc/event/20011122_0000002/origin/1420151">
    <time>
      <value>2001-11-22T18:41:04.3Z</value>
      <uncertainty>0.14</uncertainty>
    </time>
    <latitude>
      <value>38.9729</value>
      <uncertainty>3.6</uncertainty>
    </latitude>
    <longitude>
      <value>24.396</value>
      <uncertainty>3.3</uncertainty>
    </longitude>
    <depth>
      <value>5000</value>
    </depth>
    <depthType>from location</depthType>
    <methodID>smi:eu.emsc-csem/origin_method/NA</methodID>
    <quality>
      <usedPhaseCount>84</usedPhaseCount>
      <usedStationCount>79</usedStationCount>
      <standardError>0.96</standardError>
      <azimuthalGap>50</azimuthalGap>
      <minimumDistance>0.45</minimumDistance>
      <maximumDistance>76.44</maximumDistance>
    </quality>
    <evaluationMode>manual</evaluationMode>
    <creationInfo>
      <agencyURI>smi:smi-registry/organization/EMSC</agencyURI>
      <authorURI>smi:smi-registry/organization/EMSC</authorURI>
    </creationInfo>
    <originUncertainty>
      <azimuthMaxHorizontalUncertainty>108</azimuthMaxHorizontalUncertainty>
    </originUncertainty>
  </origin>
  <magnitude publicID="quakeml:eu.emsc/event/20011122_0000002/origin/1420151/mag/2">
    <mag>
      <value>3.8</value>
    </mag>
    <type>ML</type>
    <originID>quakeml:eu.emsc/event/20011122_0000002/origin/1420151</originID>
    <creationInfo>
      <agencyURI>smi:smi-registry/organization/EMSC</agencyURI>
      <authorURI>smi:smi-registry/organization/EMSC</authorURI>
    </creationInfo>
  </magnitude>
</event>
<event publicID="quakeml:eu.emsc/event/20011122_0000001">
  <preferredOriginID>quakeml:eu.emsc/event/20011122_0000001/origin/1417713</preferredOriginID>
  <preferredMagnitudeID>quakeml:eu.emsc/event/20011122_0000001/origin/1417713/mag/2</preferredMagnitudeID>
  <creationInfo>
    <agencyURI>smi:smi-registry/organization/EMSC</agencyURI>
    <authorURI>smi:smi-registry/organization/EMSC</authorURI>
    <creationTime>2014-12-03T11:19:03.307493Z</creationTime>
  </creationInfo>
  <description>
    <text>SOUTHERN IRAN</text>
    <type>Flinn-Engdahl region</type>
  </description>
  <origin publicID="quakeml:eu.emsc/event/20011122_0000001/origin/1417713">
    <time>
      <value>2001-11-22T17:00:04.7Z</value>
      <uncertainty>0.27</uncertainty>
    </time>
    <latitude>
      <value>27.7303</value>
      <uncertainty>11.9</uncertainty>
    </latitude>
    <longitude>
      <value>57.5273</value>
      <uncertainty>7.4</uncertainty>
    </longitude>
    <depth>
      <value>40000</value>
    </depth>
    <depthType>from location</depthType>
    <methodID>smi:eu.emsc-csem/origin_method/NA</methodID>
    <quality>
      <usedPhaseCount>45</usedPhaseCount>
      <usedStationCount>45</usedStationCount>
      <standardError>0.99</standardError>
      <azimuthalGap>98</azimuthalGap>
      <minimumDistance>8.54</minimumDistance>
      <maximumDistance>89.87</maximumDistance>
    </quality>
    <evaluationMode>manual</evaluationMode>
    <creationInfo>
      <agencyURI>smi:smi-registry/organization/EMSC</agencyURI>
      <authorURI>smi:smi-registry/organization/EMSC</authorURI>
    </creationInfo>
    <originUncertainty>
      <azimuthMaxHorizontalUncertainty>173</azimuthMaxHorizontalUncertainty>
    </originUncertainty>
  </origin>
  <magnitude publicID="quakeml:eu.emsc/event/20011122_0000001/origin/1417713/mag/2">
    <mag>
      <value>3.8</value>
      <uncertainty>0.5</uncertainty>
    </mag>
    <type>mb</type>
    <originID>quakeml:eu.emsc/event/20011122_0000001/origin/1417713</originID>
    <stationCount>12</stationCount>
    <creationInfo>
      <agencyURI>smi:smi-registry/organization/EMSC</agencyURI>
      <authorURI>smi:smi-registry/organization/EMSC</authorURI>
    </creationInfo>
  </magnitude>
</event>
<event publicID="quakeml:eu.emsc/event/20011122_0000008">
  <preferredOriginID>quakeml:eu.emsc/event/20011122_0000008/origin/1427943</preferredOriginID>
  <preferredMagnitudeID>quakeml:eu.emsc/event/20011122_0000008/origin/1427943/mag/2</preferredMagnitudeID>
  <creationInfo>
    <agencyURI>smi:smi-registry/organization/EMSC</agencyURI>
    <authorURI>smi:smi-registry/organization/EMSC</authorURI>
    <creationTime>2014-12-10T18:31:39.544617Z</creationTime>
  </creationInfo>
  <description>
    <text>SWITZERLAND</text>
    <type>Flinn-Engdahl region</type>
  </description>
  <origin publicID="quakeml:eu.emsc/event/20011122_0000008/origin/1427943">
    <time>
      <value>2001-11-22T16:00:02.5Z</value>
    </time>
    <latitude>
      <value>47.257</value>
      <uncertainty>9999.9</uncertainty>
    </latitude>
    <longitude>
      <value>7.251</value>
      <uncertainty>9999.9</uncertainty>
    </longitude>
    <depth>
      <value>15800.0</value>
    </depth>
    <depthType>from location</depthType>
    <methodID>smi:eu.emsc-csem/origin_method/NA</methodID>
    <quality>
      <usedPhaseCount>13</usedPhaseCount>
      <usedStationCount>7</usedStationCount>
      <standardError>0.43</standardError>
      <azimuthalGap>190</azimuthalGap>
      <minimumDistance>0.14</minimumDistance>
      <maximumDistance>150.92</maximumDistance>
    </quality>
    <evaluationMode>manual</evaluationMode>
    <creationInfo>
      <agencyURI>smi:smi-registry/organization/EMSC</agencyURI>
      <authorURI>smi:smi-registry/organization/EMSC</authorURI>
    </creationInfo>
    <originUncertainty>
      <azimuthMaxHorizontalUncertainty>-99</azimuthMaxHorizontalUncertainty>
    </originUncertainty>
  </origin>
  <magnitude publicID="quakeml:eu.emsc/event/20011122_0000008/origin/1427943/mag/2">
    <mag>
      <value>1.7</value>
    </mag>
    <type>ML</type>
    <originID>quakeml:eu.emsc/event/20011122_0000008/origin/1427943</originID>
    <stationCount>10</stationCount>
    <creationInfo>
      <agencyURI>smi:smi-registry/organization/EMSC</agencyURI>
      <authorURI>smi:smi-registry/organization/EMSC</authorURI>
    </creationInfo>
  </magnitude>
</event>
<event publicID="quakeml:eu.emsc/event/20011122_0000007">
  <preferredOriginID>quakeml:eu.emsc/event/20011122_0000007/origin/1422905</preferredOriginID>
  <preferredMagnitudeID>quakeml:eu.emsc/event/20011122_0000007/origin/1422905/mag/2</preferredMagnitudeID>
  <creationInfo>
    <agencyURI>smi:smi-registry/organization/EMSC</agencyURI>
    <authorURI>smi:smi-registry/organization/EMSC</authorURI>
    <creationTime>2014-12-10T18:31:39.55452Z</creationTime>
  </creationInfo>
  <description>
    <text>SPAIN</text>
    <type>Flinn-Engdahl region</type>
  </description>
  <origin publicID="quakeml:eu.emsc/event/20011122_0000007/origin/1422905">
    <time>
      <value>2001-11-22T11:44:19.3Z</value>
    </time>
    <latitude>
      <value>41.83</value>
      <uncertainty>9999.9</uncertainty>
    </latitude>
    <longitude>
      <value>2.75</value>
      <uncertainty>9999.9</uncertainty>
    </longitude>
    <depth>
      <value>0</value>
    </depth>
    <depthType>from location</depthType>
    <methodID>smi:eu.emsc-csem/origin_method/NA</methodID>
    <quality>
      <usedPhaseCount>12</usedPhaseCount>
      <usedStationCount>6</usedStationCount>
      <standardError>0.5</standardError>
      <azimuthalGap>287</azimuthalGap>
      <minimumDistance>0.24</minimumDistance>
      <maximumDistance>1.49</maximumDistance>
    </quality>
    <evaluationMode>manual</evaluationMode>
    <creationInfo>
      <agencyURI>smi:smi-registry/organization/EMSC</agencyURI>
      <authorURI>smi:smi-registry/organization/EMSC</authorURI>
    </creationInfo>
    <originUncertainty>
      <azimuthMaxHorizontalUncertainty>-99</azimuthMaxHorizontalUncertainty>
    </originUncertainty>
  </origin>
  <magnitude publicID="quakeml:eu.emsc/event/20011122_0000007/origin/1422905/mag/2">
    <mag>
      <value>1.5</value>
    </mag>
    <type>ML</type>
    <originID>quakeml:eu.emsc/event/20011122_0000007/origin/1422905</originID>
    <creationInfo>
      <agencyURI>smi:smi-registry/organization/EMSC</agencyURI>
      <authorURI>smi:smi-registry/organization/EMSC</authorURI>
    </creationInfo>
  </magnitude>
</event>
<event publicID="quakeml:eu.emsc/event/20011122_0000014">
  <preferredOriginID>quakeml:eu.emsc/event/20011122_0000014/origin/1420091</preferredOriginID>
  <preferredMagnitudeID>quakeml:eu.emsc/event/20011122_0000014/origin/1420091/mag/1</preferredMagnitudeID>
  <creationInfo>
    <agencyURI>smi:smi-registry/organization/EMSC</agencyURI>
    <authorURI>smi:smi-registry/organization/EMSC</authorURI>
    <creationTime>2014-12-03T16:13:46.344888Z</creationTime>
  </creationInfo>
  <description>
    <text>PYRENEES</text>
    <type>Flinn-Engdahl region</type>
  </description>
  <origin publicID="quakeml:eu.emsc/event/20011122_0000014/origin/1420091">
    <time>
      <value>2001-11-22T11:26:53.7Z</value>
      <uncertainty>0.39</uncertainty>
    </time>
    <latitude>
      <value>42.7636</value>
      <uncertainty>8.4</uncertainty>
    </latitude>
    <longitude>
      <value>2.8084</value>
      <uncertainty>6</uncertainty>
    </longitude>
    <depth>
      <value>18000</value>
      <uncertainty>3.4</uncertainty>
    </depth>
    <depthType>from location</depthType>
    <methodID>smi:eu.emsc-csem/origin_method/NA</methodID>
    <quality>
      <usedPhaseCount>14</usedPhaseCount>
      <usedStationCount>8</usedStationCount>
      <standardError>1.23</standardError>
      <azimuthalGap>143</azimuthalGap>
      <minimumDistance>0.46</minimumDistance>
      <maximumDistance>2.71</maximumDistance>
    </quality>
    <evaluationMode>manual</evaluationMode>
    <creationInfo>
      <agencyURI>smi:smi-registry/organization/EMSC</agencyURI>
      <authorURI>smi:smi-registry/organization/EMSC</authorURI>
    </creationInfo>
    <originUncertainty>
      <azimuthMaxHorizontalUncertainty>85</azimuthMaxHorizontalUncertainty>
    </originUncertainty>
  </origin>
  <magnitude publicID="quakeml:eu.emsc/event/20011122_0000014/origin/1420091/mag/1">
    <mag>
      <value>1.9</value>
      <uncertainty>0.6</uncertainty>
    </mag>
    <type>ML</type>
    <originID>quakeml:eu.emsc/event/20011122_0000014/origin/1420091</originID>
    <stationCount>6</stationCount>
    <creationInfo>
      <agencyURI>smi:smi-registry/organization/EMSC</agencyURI>
      <authorURI>smi:smi-registry/organization/EMSC</authorURI>
    </creationInfo>
  </magnitude>
</event>
<event publicID="quakeml:eu.emsc/event/20011122_0000012">
  <preferredOriginID>quakeml:eu.emsc/event/20011122_0000012/origin/1422907</preferredOriginID>
  <preferredMagnitudeID>quakeml:eu.emsc/event/20011122_0000012/origin/1422907/mag/2</preferredMagnitudeID>
  <creationInfo>
    <agencyURI>smi:smi-registry/organization/EMSC</agencyURI>
    <authorURI>smi:smi-registry/organization/EMSC</authorURI>
    <creationTime>2014-12-10T18:31:38.570181Z</creationTime>
  </creationInfo>
  <description>
    <text>FRANCE</text>
    <type>Flinn-Engdahl region</type>
  </description>
  <origin publicID="quakeml:eu.emsc/event/20011122_0000012/origin/1422907">
    <time>
      <value>2001-11-22T07:41:04.3Z</value>
    </time>
    <latitude>
      <value>44.9947</value>
      <uncertainty>9999.9</uncertainty>
    </latitude>
    <longitude>
      <value>6.6582</value>
      <uncertainty>9999.9</uncertainty>
    </longitude>
    <depth>
      <value>2000</value>
    </depth>
    <depthType>from location</depthType>
    <methodID>smi:eu.emsc-csem/origin_method/NA</methodID>
    <quality>
      <usedPhaseCount>12</usedPhaseCount>
      <usedStationCount>7</usedStationCount>
      <standardError>0.43</standardError>
      <azimuthalGap>155</azimuthalGap>
      <minimumDistance>0.28</minimumDistance>
      <maximumDistance>1.67</maximumDistance>
    </quality>
    <evaluationMode>manual</evaluationMode>
    <creationInfo>
      <agencyURI>smi:smi-registry/organization/EMSC</agencyURI>
      <authorURI>smi:smi-registry/organization/EMSC</authorURI>
    </creationInfo>
    <originUncertainty>
      <azimuthMaxHorizontalUncertainty>-99</azimuthMaxHorizontalUncertainty>
    </originUncertainty>
  </origin>
  <magnitude publicID="quakeml:eu.emsc/event/20011122_0000012/origin/1422907/mag/2">
    <mag>
      <value>1.7</value>
    </mag>
    <type>ML</type>
    <originID>quakeml:eu.emsc/event/20011122_0000012/origin/1422907</originID>
    <stationCount>3</stationCount>
    <creationInfo>
      <agencyURI>smi:smi-registry/organization/EMSC</agencyURI>
      <authorURI>smi:smi-registry/organization/EMSC</authorURI>
    </creationInfo>
  </magnitude>
</event>
<event publicID="quakeml:eu.emsc/event/20011122_0000010">
  <preferredOriginID>quakeml:eu.emsc/event/20011122_0000010/origin/1420075</preferredOriginID>
  <preferredMagnitudeID>quakeml:eu.emsc/event/20011122_0000010/origin/1420075/mag/1</preferredMagnitudeID>
  <creationInfo>
    <agencyURI>smi:smi-registry/organization/EMSC</agencyURI>
    <authorURI>smi:smi-registry/organization/EMSC</authorURI>
    <creationTime>2014-12-03T16:04:32.882049Z</creationTime>
  </creationInfo>
  <description>
    <text>PYRENEES</text>
    <type>Flinn-Engdahl region</type>
  </description>
  <origin publicID="quakeml:eu.emsc/event/20011122_0000010/origin/1420075">
    <time>
      <value>2001-11-22T06:20:17.2Z</value>
      <uncertainty>0.12</uncertainty>
    </time>
    <latitude>
      <value>43.0916</value>
      <uncertainty>2.7</uncertainty>
    </latitude>
    <longitude>
      <value>-0.1715</value>
      <uncertainty>2.1</uncertainty>
    </longitude>
    <depth>
      <value>2000</value>
    </depth>
    <depthType>from location</depthType>
    <methodID>smi:eu.emsc-csem/origin_method/NA</methodID>
    <quality>
      <usedPhaseCount>67</usedPhaseCount>
      <usedStationCount>32</usedStationCount>
      <standardError>0.88</standardError>
      <azimuthalGap>77</azimuthalGap>
      <minimumDistance>0.16</minimumDistance>
      <maximumDistance>5.26</maximumDistance>
    </quality>
    <evaluationMode>manual</evaluationMode>
    <creationInfo>
      <agencyURI>smi:smi-registry/organization/EMSC</agencyURI>
      <authorURI>smi:smi-registry/organization/EMSC</authorURI>
    </creationInfo>
    <originUncertainty>
      <azimuthMaxHorizontalUncertainty>1</azimuthMaxHorizontalUncertainty>
    </originUncertainty>
  </origin>
  <magnitude publicID="quakeml:eu.emsc/event/20011122_0000010/origin/1420075/mag/1">
    <mag>
      <value>2.1</value>
      <uncertainty>0.7</uncertainty>
    </mag>
    <type>ML</type>
    <originID>quakeml:eu.emsc/event/20011122_0000010/origin/1420075</originID>
    <stationCount>15</stationCount>
    <creationInfo>
      <agencyURI>smi:smi-registry/organization/EMSC</agencyURI>
      <authorURI>smi:smi-registry/organization/EMSC</authorURI>
    </creationInfo>
  </magnitude>
</event>
<event publicID="quakeml:eu.emsc/event/20011122_0000020">
  <preferredOriginID>quakeml:eu.emsc/event/20011122_0000020/origin/1422909</preferredOriginID>
  <preferredMagnitudeID>quakeml:eu.emsc/event/20011122_0000020/origin/1422909/mag/2</preferredMagnitudeID>
  <creationInfo>
    <agencyURI>smi:smi-registry/organization/EMSC</agencyURI>
    <authorURI>smi:smi-registry/organization/EMSC</authorURI>
    <creationTime>2014-12-10T18:31:38.88674Z</creationTime>
  </creationInfo>
  <description>
    <text>FRANCE</text>
    <type>Flinn-Engdahl region</type>
  </description>
  <origin publicID="quakeml:eu.emsc/event/20011122_0000020/origin/1422909">
    <time>
      <value>2001-11-22T06:19:19.6Z</value>
    </time>
    <latitude>
      <value>44.4878</value>
      <uncertainty>9999.9</uncertainty>
    </latitude>
    <longitude>
      <value>6.857</value>
      <uncertainty>9999.9</uncertainty>
    </longitude>
    <depth>
      <value>9000</value>
    </depth>
    <depthType>from location</depthType>
    <methodID>smi:eu.emsc-csem/origin_method/NA</methodID>
    <quality>
      <usedPhaseCount>18</usedPhaseCount>
      <usedStationCount>11</usedStationCount>
      <standardError>7.58</standardError>
      <azimuthalGap>214</azimuthalGap>
      <minimumDistance>0.18</minimumDistance>
      <maximumDistance>1.01</maximumDistance>
    </quality>
    <evaluationMode>manual</evaluationMode>
    <creationInfo>
      <agencyURI>smi:smi-registry/organization/EMSC</agencyURI>
      <authorURI>smi:smi-registry/organization/EMSC</authorURI>
    </creationInfo>
    <originUncertainty>
      <azimuthMaxHorizontalUncertainty>-99</azimuthMaxHorizontalUncertainty>
    </originUncertainty>
  </origin>
  <magnitude publicID="quakeml:eu.emsc/event/20011122_0000020/origin/1422909/mag/2">
    <mag>
      <value>2.1</value>
    </mag>
    <type>ML</type>
    <originID>quakeml:eu.emsc/event/20011122_0000020/origin/1422909</originID>
    <creationInfo>
      <agencyURI>smi:smi-registry/organization/EMSC</agencyURI>
      <authorURI>smi:smi-registry/organization/EMSC</authorURI>
    </creationInfo>
  </magnitude>
</event>
<event publicID="quakeml:eu.emsc/event/20011122_0000013">
  <preferredOriginID>quakeml:eu.emsc/event/20011122_0000013/origin/1417343</preferredOriginID>
  <preferredMagnitudeID>quakeml:eu.emsc/event/20011122_0000013/origin/1417343/mag/2</preferredMagnitudeID>
  <creationInfo>
    <agencyURI>smi:smi-registry/organization/EMSC</agencyURI>
    <authorURI>smi:smi-registry/organization/EMSC</authorURI>
    <creationTime>2014-12-03T16:13:39.497756Z</creationTime>
  </creationInfo>
  <description>
    <text>FRANCE</text>
    <type>Flinn-Engdahl region</type>
  </description>
  <origin publicID="quakeml:eu.emsc/event/20011122_0000013/origin/1417343">
    <time>
      <value>2001-11-22T05:18:08.6Z</value>
      <uncertainty>0.08</uncertainty>
    </time>
    <latitude>
      <value>45.0026</value>
      <uncertainty>1.6</uncertainty>
    </latitude>
    <longitude>
      <value>6.6536</value>
      <uncertainty>1.4</uncertainty>
    </longitude>
    <depth>
      <value>5000</value>
    </depth>
    <depthType>from location</depthType>
    <methodID>smi:eu.emsc-csem/origin_method/NA</methodID>
    <quality>
      <usedPhaseCount>21</usedPhaseCount>
      <usedStationCount>12</usedStationCount>
      <standardError>0.37</standardError>
      <azimuthalGap>101</azimuthalGap>
      <minimumDistance>0.12</minimumDistance>
      <maximumDistance>1.44</maximumDistance>
    </quality>
    <evaluationMode>manual</evaluationMode>
    <creationInfo>
      <agencyURI>smi:smi-registry/organization/EMSC</agencyURI>
      <authorURI>smi:smi-registry/organization/EMSC</authorURI>
    </creationInfo>
    <originUncertainty>
      <azimuthMaxHorizontalUncertainty>88</azimuthMaxHorizontalUncertainty>
    </originUncertainty>
  </origin>
  <magnitude publicID="quakeml:eu.emsc/event/20011122_0000013/origin/1417343/mag/2">
    <mag>
      <value>1.6</value>
    </mag>
    <type>ML</type>
    <originID>quakeml:eu.emsc/event/20011122_0000013/origin/1417343</originID>
    <stationCount>2</stationCount>
    <creationInfo>
      <agencyURI>smi:smi-registry/organization/EMSC</agencyURI>
      <authorURI>smi:smi-registry/organization/EMSC</authorURI>
    </creationInfo>
  </magnitude>
</event>
<event publicID="quakeml:eu.emsc/event/20011122_0000015">
  <preferredOriginID>quakeml:eu.emsc/event/20011122_0000015/origin/1417346</preferredOriginID>
  <preferredMagnitudeID>quakeml:eu.emsc/event/20011122_0000015/origin/1417346/mag/1</preferredMagnitudeID>
  <creationInfo>
    <agencyURI>smi:smi-registry/organization/EMSC</agencyURI>
    <authorURI>smi:smi-registry/organization/EMSC</authorURI>
    <creationTime>2014-12-03T16:23:04.36598Z</creationTime>
  </creationInfo>
  <description>
    <text>FRANCE</text>
    <type>Flinn-Engdahl region</type>
  </description>
  <origin publicID="quakeml:eu.emsc/event/20011122_0000015/origin/1417346">
    <time>
      <value>2001-11-22T03:39:56.7Z</value>
      <uncertainty>0.07</uncertainty>
    </time>
    <latitude>
      <value>44.9911</value>
      <uncertainty>1.5</uncertainty>
    </latitude>
    <longitude>
      <value>6.6587</value>
      <uncertainty>1.3</uncertainty>
    </longitude>
    <depth>
      <value>15000</value>
    </depth>
    <depthType>from location</depthType>
    <methodID>smi:eu.emsc-csem/origin_method/NA</methodID>
    <quality>
      <usedPhaseCount>29</usedPhaseCount>
      <usedStationCount>20</usedStationCount>
      <standardError>0.39</standardError>
      <azimuthalGap>100</azimuthalGap>
      <minimumDistance>0.11</minimumDistance>
      <maximumDistance>1.66</maximumDistance>
    </quality>
    <evaluationMode>manual</evaluationMode>
    <creationInfo>
      <agencyURI>smi:smi-registry/organization/EMSC</agencyURI>
      <authorURI>smi:smi-registry/organization/EMSC</authorURI>
    </creationInfo>
    <originUncertainty>
      <azimuthMaxHorizontalUncertainty>75</azimuthMaxHorizontalUncertainty>
    </originUncertainty>
  </origin>
  <magnitude publicID="quakeml:eu.emsc/event/20011122_0000015/origin/1417346/mag/1">
    <mag>
      <value>0.4</value>
      <uncertainty>0.3</uncertainty>
    </mag>
    <type>ML</type>
    <originID>quakeml:eu.emsc/event/20011122_0000015/origin/1417346</originID>
    <stationCount>5</stationCount>
    <creationInfo>
      <agencyURI>smi:smi-registry/organization/EMSC</agencyURI>
      <authorURI>smi:smi-registry/organization/EMSC</authorURI>
    </creationInfo>
  </magnitude>
</event>
<event publicID="quakeml:eu.emsc/event/20011122_0000004">
  <preferredOriginID>quakeml:eu.emsc/event/20011122_0000004/origin/1422911</preferredOriginID>
  <preferredMagnitudeID>quakeml:eu.emsc/event/20011122_0000004/origin/1422911/mag/2</preferredMagnitudeID>
  <creationInfo>
    <agencyURI>smi:smi-registry/organization/EMSC</agencyURI>
    <authorURI>smi:smi-registry/organization/EMSC</authorURI>
    <creationTime>2014-12-10T18:31:37.602886Z</creationTime>
  </creationInfo>
  <description>
    <text>FRANCE</text>
    <type>Flinn-Engdahl region</type>
  </description>
  <origin publicID="quakeml:eu.emsc/event/20011122_0000004/origin/1422911">
    <time>
      <value>2001-11-22T03:37:08.5Z</value>
    </time>
    <latitude>
      <value>44.9937</value>
      <uncertainty>9999.9</uncertainty>
    </latitude>
    <longitude>
      <value>6.6282</value>
      <uncertainty>9999.9</uncertainty>
    </longitude>
    <depth>
      <value>9700.0</value>
    </depth>
    <depthType>from location</depthType>
    <methodID>smi:eu.emsc-csem/origin_method/NA</methodID>
    <quality>
      <usedPhaseCount>10</usedPhaseCount>
      <usedStationCount>5</usedStationCount>
      <standardError>5.86</standardError>
      <azimuthalGap>253</azimuthalGap>
      <minimumDistance>0.13</minimumDistance>
      <maximumDistance>0.6</maximumDistance>
    </quality>
    <evaluationMode>manual</evaluationMode>
    <creationInfo>
      <agencyURI>smi:smi-registry/organization/EMSC</agencyURI>
      <authorURI>smi:smi-registry/organization/EMSC</authorURI>
    </creationInfo>
    <originUncertainty>
      <azimuthMaxHorizontalUncertainty>-99</azimuthMaxHorizontalUncertainty>
    </originUncertainty>
  </origin>
  <magnitude publicID="quakeml:eu.emsc/event/20011122_0000004/origin/1422911/mag/2">
    <mag>
      <value>1.7</value>
    </mag>
    <type>ML</type>
    <originID>quakeml:eu.emsc/event/20011122_0000004/origin/1422911</originID>
    <creationInfo>
      <agencyURI>smi:smi-registry/organization/EMSC</agencyURI>
      <authorURI>smi:smi-registry/organization/EMSC</authorURI>
    </creationInfo>
  </magnitude>
</event>
<event publicID="quakeml:eu.emsc/event/20011122_0000006">
  <preferredOriginID>quakeml:eu.emsc/event/20011122_0000006/origin/1417349</preferredOriginID>
  <preferredMagnitudeID>quakeml:eu.emsc/event/20011122_0000006/origin/1417349/mag/2</preferredMagnitudeID>
  <creationInfo>
    <agencyURI>smi:smi-registry/organization/EMSC</agencyURI>
    <authorURI>smi:smi-registry/organization/EMSC</authorURI>
    <creationTime>2014-12-03T15:29:22.507334Z</creationTime>
  </creationInfo>
  <description>
    <text>FRANCE</text>
    <type>Flinn-Engdahl region</type>
  </description>
  <origin publicID="quakeml:eu.emsc/event/20011122_0000006/origin/1417349">
    <time>
      <value>2001-11-22T03:13:32.5Z</value>
      <uncertainty>0.05</uncertainty>
    </time>
    <latitude>
      <value>44.9943</value>
      <uncertainty>1</uncertainty>
    </latitude>
    <longitude>
      <value>6.6503</value>
      <uncertainty>0.8</uncertainty>
    </longitude>
    <depth>
      <value>5000</value>
    </depth>
    <depthType>from location</depthType>
    <methodID>smi:eu.emsc-csem/origin_method/NA</methodID>
    <quality>
      <usedPhaseCount>17</usedPhaseCount>
      <usedStationCount>10</usedStationCount>
      <standardError>0.23</standardError>
      <azimuthalGap>101</azimuthalGap>
      <minimumDistance>0.12</minimumDistance>
      <maximumDistance>1.55</maximumDistance>
    </quality>
    <evaluationMode>manual</evaluationMode>
    <creationInfo>
      <agencyURI>smi:smi-registry/organization/EMSC</agencyURI>
      <authorURI>smi:smi-registry/organization/EMSC</authorURI>
    </creationInfo>
    <originUncertainty>
      <azimuthMaxHorizontalUncertainty>74</azimuthMaxHorizontalUncertainty>
    </originUncertainty>
  </origin>
  <magnitude publicID="quakeml:eu.emsc/event/20011122_0000006/origin/1417349/mag/2">
    <mag>
      <value>1.3</value>
    </mag>
    <type>ML</type>
    <originID>quakeml:eu.emsc/event/20011122_0000006/origin/1417349</originID>
    <stationCount>2</stationCount>
    <creationInfo>
      <agencyURI>smi:smi-registry/organization/EMSC</agencyURI>
      <authorURI>smi:smi-registry/organization/EMSC</authorURI>
    </creationInfo>
  </magnitude>
</event>
<event publicID="quakeml:eu.emsc/event/20011122_0000019">
  <preferredOriginID>quakeml:eu.emsc/event/20011122_0000019/origin/1417352</preferredOriginID>
  <preferredMagnitudeID>quakeml:eu.emsc/event/20011122_0000019/origin/1417352/mag/2</preferredMagnitudeID>
  <creationInfo>
    <agencyURI>smi:smi-registry/organization/EMSC</agencyURI>
    <authorURI>smi:smi-registry/organization/EMSC</authorURI>
    <creationTime>2014-12-03T16:57:03.540827Z</creationTime>
  </creationInfo>
  <description>
    <text>FRANCE</text>
    <type>Flinn-Engdahl region</type>
  </description>
  <origin publicID="quakeml:eu.emsc/event/20011122_0000019/origin/1417352">
    <time>
      <value>2001-11-22T02:26:19.3Z</value>
      <uncertainty>0.07</uncertainty>
    </time>
    <latitude>
      <value>44.9936</value>
      <uncertainty>1.5</uncertainty>
    </latitude>
    <longitude>
      <value>6.6475</value>
      <uncertainty>1.1</uncertainty>
    </longitude>
    <depth>
      <value>10000</value>
    </depth>
    <depthType>from location</depthType>
    <methodID>smi:eu.emsc-csem/origin_method/NA</methodID>
    <quality>
      <usedPhaseCount>23</usedPhaseCount>
      <usedStationCount>13</usedStationCount>
      <standardError>0.36</standardError>
      <azimuthalGap>101</azimuthalGap>
      <minimumDistance>0.12</minimumDistance>
      <maximumDistance>1.66</maximumDistance>
    </quality>
    <evaluationMode>manual</evaluationMode>
    <creationInfo>
      <agencyURI>smi:smi-registry/organization/EMSC</agencyURI>
      <authorURI>smi:smi-registry/organization/EMSC</authorURI>
    </creationInfo>
    <originUncertainty>
      <azimuthMaxHorizontalUncertainty>95</azimuthMaxHorizontalUncertainty>
    </originUncertainty>
  </origin>
  <magnitude publicID="quakeml:eu.emsc/event/20011122_0000019/origin/1417352/mag/2">
    <mag>
      <value>1.6</value>
    </mag>
    <type>ML</type>
    <originID>quakeml:eu.emsc/event/20011122_0000019/origin/1417352</originID>
    <stationCount>3</stationCount>
    <creationInfo>
      <agencyURI>smi:smi-registry/organization/EMSC</agencyURI>
      <authorURI>smi:smi-registry/organization/EMSC</authorURI>
    </creationInfo>
  </magnitude>
</event>
<event publicID="quakeml:eu.emsc/event/20011122_0000011">
  <preferredOriginID>quakeml:eu.emsc/event/20011122_0000011/origin/1417356</preferredOriginID>
  <preferredMagnitudeID>quakeml:eu.emsc/event/20011122_0000011/origin/1417356/mag/1</preferredMagnitudeID>
  <creationInfo>
    <agencyURI>smi:smi-registry/organization/EMSC</agencyURI>
    <authorURI>smi:smi-registry/organization/EMSC</authorURI>
    <creationTime>2014-12-03T16:08:20.726243Z</creationTime>
  </creationInfo>
  <description>
    <text>FRANCE</text>
    <type>Flinn-Engdahl region</type>
  </description>
  <origin publicID="quakeml:eu.emsc/event/20011122_0000011/origin/1417356">
    <time>
      <value>2001-11-22T01:54:15.9Z</value>
      <uncertainty>0.08</uncertainty>
    </time>
    <latitude>
      <value>44.7944</value>
      <uncertainty>2</uncertainty>
    </latitude>
    <longitude>
      <value>6.6645</value>
      <uncertainty>1.5</uncertainty>
    </longitude>
    <depth>
      <value>8000</value>
    </depth>
    <depthType>from location</depthType>
    <methodID>smi:eu.emsc-csem/origin_method/NA</methodID>
    <quality>
      <usedPhaseCount>70</usedPhaseCount>
      <usedStationCount>41</usedStationCount>
      <standardError>0.86</standardError>
      <azimuthalGap>34</azimuthalGap>
      <minimumDistance>0.1</minimumDistance>
      <maximumDistance>3.27</maximumDistance>
    </quality>
    <evaluationMode>manual</evaluationMode>
    <creationInfo>
      <agencyURI>smi:smi-registry/organization/EMSC</agencyURI>
      <authorURI>smi:smi-registry/organization/EMSC</authorURI>
    </creationInfo>
    <originUncertainty>
      <azimuthMaxHorizontalUncertainty>60</azimuthMaxHorizontalUncertainty>
    </originUncertainty>
  </origin>
  <magnitude publicID="quakeml:eu.emsc/event/20011122_0000011/origin/1417356/mag/1">
    <mag>
      <value>1.4</value>
      <uncertainty>0.4</uncertainty>
    </mag>
    <type>ML</type>
    <originID>quakeml:eu.emsc/event/20011122_0000011/origin/1417356</originID>
    <stationCount>12</stationCount>
    <creationInfo>
      <agencyURI>smi:smi-registry/organization/EMSC</agencyURI>
      <authorURI>smi:smi-registry/organization/EMSC</authorURI>
    </creationInfo>
  </magnitude>
</event>
</eventParameters>
</q:quakeml>
