<?xml version="1.0"?>
<q:quakeml xmlns:q="http://quakeml.org/xmlns/quakeml/1.2"  xmlns="http://quakeml.org/xmlns/bed/1.2">
<eventParameters publicID="smi:eu.emsc/unid">
<event publicID="quakeml:eu.emsc/event/20010530_0000016">
  <preferredOriginID>quakeml:eu.emsc/event/20010530_0000016/origin/1428013</preferredOriginID>
  <preferredMagnitudeID>quakeml:eu.emsc/event/20010530_0000016/origin/1428013/mag/2</preferredMagnitudeID>
  <creationInfo>
    <agencyURI>smi:smi-registry/organization/EMSC</agencyURI>
    <authorURI>smi:smi-registry/organization/EMSC</authorURI>
    <creationTime>2014-12-10T18:26:29.139602Z</creationTime>
  </creationInfo>
  <description>
    <text>SWITZERLAND</text>
    <type>Flinn-Engdahl region</type>
  </description>
  <origin publicID="quakeml:eu.emsc/event/20010530_0000016/origin/1428013">
    <time>
      <value>2001-05-30T23:17:51.3Z</value>
    </time>
    <latitude>
      <value>46.134</value>
      <uncertainty>9999.9</uncertainty>
    </latitude>
    <longitude>
      <value>7.034</value>
      <uncertainty>9999.9</uncertainty>
    </longitude>
    <depth>
      <value>5800.0</value>
    </depth>
    <depthType>from location</depthType>
    <methodID>smi:eu.emsc-csem/origin_method/NA</methodID>
    <quality>
      <usedPhaseCount>15</usedPhaseCount>
      <usedStationCount>6</usedStationCount>
      <standardError>0.31</standardError>
      <azimuthalGap>126</azimuthalGap>
      <minimumDistance>0.1</minimumDistance>
      <maximumDistance>0.64</maximumDistance>
    </quality>
    <evaluationMode>manual</evaluationMode>
    <creationInfo>
      <agencyURI>smi:smi-registry/organization/EMSC</agencyURI>
      <authorURI>smi:smi-registry/organization/EMSC</authorURI>
    </creationInfo>
    <originUncertainty>
      <azimuthMaxHorizontalUncertainty>-99</azimuthMaxHorizontalUncertainty>
    </originUncertainty>
  </origin>
  <magnitude publicID="quakeml:eu.emsc/event/20010530_0000016/origin/1428013/mag/2">
    <mag>
      <value>1.3</value>
    </mag>
    <type>ML</type>
    <originID>quakeml:eu.emsc/event/20010530_0000016/origin/1428013</originID>
    <stationCount>7</stationCount>
    <creationInfo>
      <agencyURI>smi:smi-registry/organization/EMSC</agencyURI>
      <authorURI>smi:smi-registry/organization/EMSC</authorURI>
    </creationInfo>
  </magnitude>
</event>
<event publicID="quakeml:eu.emsc/event/20010530_0000011">
  <preferredOriginID>quakeml:eu.emsc/event/20010530_0000011/origin/1429625</preferredOriginID>
  <preferredMagnitudeID>quakeml:eu.emsc/event/20010530_0000011/origin/1429625/mag/1</preferredMagnitudeID>
  <creationInfo>
    <agencyURI>smi:smi-registry/organization/EMSC</agencyURI>
    <authorURI>smi:smi-registry/organization/EMSC</authorURI>
    <creationTime>2014-12-03T11:25:35.455656Z</creationTime>
  </creationInfo>
  <description>
    <text>FRANCE</text>
    <type>Flinn-Engdahl region</type>
  </description>
  <origin publicID="quakeml:eu.emsc/event/20010530_0000011/origin/1429625">
    <time>
      <value>2001-05-30T22:43:50.4Z</value>
      <uncertainty>0.08</uncertainty>
    </time>
    <latitude>
      <value>45.8493</value>
      <uncertainty>1.9</uncertainty>
    </latitude>
    <longitude>
      <value>6.4082</value>
      <uncertainty>1.8</uncertainty>
    </longitude>
    <depth>
      <value>2000</value>
    </depth>
    <depthType>from location</depthType>
    <methodID>smi:eu.emsc-csem/origin_method/NA</methodID>
    <quality>
      <usedPhaseCount>171</usedPhaseCount>
      <usedStationCount>111</usedStationCount>
      <standardError>1.12</standardError>
      <azimuthalGap>31</azimuthalGap>
      <minimumDistance>0.22</minimumDistance>
      <maximumDistance>7.06</maximumDistance>
    </quality>
    <evaluationMode>manual</evaluationMode>
    <creationInfo>
      <agencyURI>smi:smi-registry/organization/EMSC</agencyURI>
      <authorURI>smi:smi-registry/organization/EMSC</authorURI>
    </creationInfo>
    <originUncertainty>
      <azimuthMaxHorizontalUncertainty>156</azimuthMaxHorizontalUncertainty>
    </originUncertainty>
  </origin>
  <magnitude publicID="quakeml:eu.emsc/event/20010530_0000011/origin/1429625/mag/1">
    <mag>
      <value>3.6</value>
      <uncertainty>0.3</uncertainty>
    </mag>
    <type>ML</type>
    <originID>quakeml:eu.emsc/event/20010530_0000011/origin/1429625</originID>
    <stationCount>26</stationCount>
    <creationInfo>
      <agencyURI>smi:smi-registry/organization/EMSC</agencyURI>
      <authorURI>smi:smi-registry/organization/EMSC</authorURI>
    </creationInfo>
  </magnitude>
</event>
<event publicID="quakeml:eu.emsc/event/20010530_0000010">
  <preferredOriginID>quakeml:eu.emsc/event/20010530_0000010/origin/1425861</preferredOriginID>
  <preferredMagnitudeID>quakeml:eu.emsc/event/20010530_0000010/origin/1425861/mag/2</preferredMagnitudeID>
  <creationInfo>
    <agencyURI>smi:smi-registry/organization/EMSC</agencyURI>
    <authorURI>smi:smi-registry/organization/EMSC</authorURI>
    <creationTime>2014-12-10T12:19:42.889335Z</creationTime>
  </creationInfo>
  <description>
    <text>EASTERN TURKEY</text>
    <type>Flinn-Engdahl region</type>
  </description>
  <origin publicID="quakeml:eu.emsc/event/20010530_0000010/origin/1425861">
    <time>
      <value>2001-05-30T22:23:51.7Z</value>
    </time>
    <latitude>
      <value>39.797</value>
      <uncertainty>9999.9</uncertainty>
    </latitude>
    <longitude>
      <value>41.81</value>
      <uncertainty>9999.9</uncertainty>
    </longitude>
    <depth>
      <value>10000</value>
    </depth>
    <depthType>from location</depthType>
    <methodID>smi:eu.emsc-csem/origin_method/NA</methodID>
    <quality>
      <usedPhaseCount>7</usedPhaseCount>
      <usedStationCount>4</usedStationCount>
      <standardError>3.21</standardError>
      <azimuthalGap>180</azimuthalGap>
      <minimumDistance>1.28</minimumDistance>
      <maximumDistance>1.78</maximumDistance>
    </quality>
    <evaluationMode>manual</evaluationMode>
    <creationInfo>
      <agencyURI>smi:smi-registry/organization/EMSC</agencyURI>
      <authorURI>smi:smi-registry/organization/EMSC</authorURI>
    </creationInfo>
    <originUncertainty>
      <azimuthMaxHorizontalUncertainty>-99</azimuthMaxHorizontalUncertainty>
    </originUncertainty>
  </origin>
  <magnitude publicID="quakeml:eu.emsc/event/20010530_0000010/origin/1425861/mag/2">
    <mag>
      <value>3.1</value>
    </mag>
    <type>MD</type>
    <originID>quakeml:eu.emsc/event/20010530_0000010/origin/1425861</originID>
    <creationInfo>
      <agencyURI>smi:smi-registry/organization/EMSC</agencyURI>
      <authorURI>smi:smi-registry/organization/EMSC</authorURI>
    </creationInfo>
  </magnitude>
</event>
<event publicID="quakeml:eu.emsc/event/20010530_0000014">
  <preferredOriginID>quakeml:eu.emsc/event/20010530_0000014/origin/1425863</preferredOriginID>
  <preferredMagnitudeID>quakeml:eu.emsc/event/20010530_0000014/origin/1425863/mag/2</preferredMagnitudeID>
  <creationInfo>
    <agencyURI>smi:smi-registry/organization/EMSC</agencyURI>
    <authorURI>smi:smi-registry/organization/EMSC</authorURI>
    <creationTime>2014-12-10T18:26:28.431038Z</creationTime>
  </creationInfo>
  <description>
    <text>PYRENEES</text>
    <type>Flinn-Engdahl region</type>
  </description>
  <origin publicID="quakeml:eu.emsc/event/20010530_0000014/origin/1425863">
    <time>
      <value>2001-05-30T21:04:48.6Z</value>
    </time>
    <latitude>
      <value>42.85</value>
      <uncertainty>9999.9</uncertainty>
    </latitude>
    <longitude>
      <value>1.38</value>
      <uncertainty>9999.9</uncertainty>
    </longitude>
    <depth>
      <value>18000</value>
    </depth>
    <depthType>from location</depthType>
    <methodID>smi:eu.emsc-csem/origin_method/NA</methodID>
    <quality>
      <usedPhaseCount>7</usedPhaseCount>
      <usedStationCount>4</usedStationCount>
      <standardError>2.19</standardError>
      <azimuthalGap>157</azimuthalGap>
      <minimumDistance>0.12</minimumDistance>
      <maximumDistance>0.35</maximumDistance>
    </quality>
    <evaluationMode>manual</evaluationMode>
    <creationInfo>
      <agencyURI>smi:smi-registry/organization/EMSC</agencyURI>
      <authorURI>smi:smi-registry/organization/EMSC</authorURI>
    </creationInfo>
    <originUncertainty>
      <azimuthMaxHorizontalUncertainty>-99</azimuthMaxHorizontalUncertainty>
    </originUncertainty>
  </origin>
  <magnitude publicID="quakeml:eu.emsc/event/20010530_0000014/origin/1425863/mag/2">
    <mag>
      <value>0.9</value>
    </mag>
    <type>ML</type>
    <originID>quakeml:eu.emsc/event/20010530_0000014/origin/1425863</originID>
    <creationInfo>
      <agencyURI>smi:smi-registry/organization/EMSC</agencyURI>
      <authorURI>smi:smi-registry/organization/EMSC</authorURI>
    </creationInfo>
  </magnitude>
</event>
<event publicID="quakeml:eu.emsc/event/20010530_0000013">
  <preferredOriginID>quakeml:eu.emsc/event/20010530_0000013/origin/1429358</preferredOriginID>
  <preferredMagnitudeID>quakeml:eu.emsc/event/20010530_0000013/origin/1429358/mag/1</preferredMagnitudeID>
  <creationInfo>
    <agencyURI>smi:smi-registry/organization/EMSC</agencyURI>
    <authorURI>smi:smi-registry/organization/EMSC</authorURI>
    <creationTime>2014-12-03T15:08:05.305271Z</creationTime>
  </creationInfo>
  <description>
    <text>NORTHERN ITALY</text>
    <type>Flinn-Engdahl region</type>
  </description>
  <origin publicID="quakeml:eu.emsc/event/20010530_0000013/origin/1429358">
    <time>
      <value>2001-05-30T17:37:36.1Z</value>
      <uncertainty>0.06</uncertainty>
    </time>
    <latitude>
      <value>44.1517</value>
      <uncertainty>1.3</uncertainty>
    </latitude>
    <longitude>
      <value>7.1293</value>
      <uncertainty>1.2</uncertainty>
    </longitude>
    <depth>
      <value>15000</value>
    </depth>
    <depthType>from location</depthType>
    <methodID>smi:eu.emsc-csem/origin_method/NA</methodID>
    <quality>
      <usedPhaseCount>64</usedPhaseCount>
      <usedStationCount>36</usedStationCount>
      <standardError>0.56</standardError>
      <azimuthalGap>45</azimuthalGap>
      <minimumDistance>0.16</minimumDistance>
      <maximumDistance>2.36</maximumDistance>
    </quality>
    <evaluationMode>manual</evaluationMode>
    <creationInfo>
      <agencyURI>smi:smi-registry/organization/EMSC</agencyURI>
      <authorURI>smi:smi-registry/organization/EMSC</authorURI>
    </creationInfo>
    <originUncertainty>
      <azimuthMaxHorizontalUncertainty>41</azimuthMaxHorizontalUncertainty>
    </originUncertainty>
  </origin>
  <magnitude publicID="quakeml:eu.emsc/event/20010530_0000013/origin/1429358/mag/1">
    <mag>
      <value>2.3</value>
      <uncertainty>0.4</uncertainty>
    </mag>
    <type>ML</type>
    <originID>quakeml:eu.emsc/event/20010530_0000013/origin/1429358</originID>
    <stationCount>10</stationCount>
    <creationInfo>
      <agencyURI>smi:smi-registry/organization/EMSC</agencyURI>
      <authorURI>smi:smi-registry/organization/EMSC</authorURI>
    </creationInfo>
  </magnitude>
</event>
<event publicID="quakeml:eu.emsc/event/20010530_0000020">
  <preferredOriginID>quakeml:eu.emsc/event/20010530_0000020/origin/1428015</preferredOriginID>
  <preferredMagnitudeID>quakeml:eu.emsc/event/20010530_0000020/origin/1428015/mag/2</preferredMagnitudeID>
  <creationInfo>
    <agencyURI>smi:smi-registry/organization/EMSC</agencyURI>
    <authorURI>smi:smi-registry/organization/EMSC</authorURI>
    <creationTime>2014-12-10T18:26:27.430066Z</creationTime>
  </creationInfo>
  <description>
    <text>SWITZERLAND</text>
    <type>Flinn-Engdahl region</type>
  </description>
  <origin publicID="quakeml:eu.emsc/event/20010530_0000020/origin/1428015">
    <time>
      <value>2001-05-30T15:07:59.0Z</value>
    </time>
    <latitude>
      <value>46.936</value>
      <uncertainty>9999.9</uncertainty>
    </latitude>
    <longitude>
      <value>8.717</value>
      <uncertainty>9999.9</uncertainty>
    </longitude>
    <depth>
      <value>200.0</value>
    </depth>
    <depthType>from location</depthType>
    <methodID>smi:eu.emsc-csem/origin_method/NA</methodID>
    <quality>
      <usedPhaseCount>14</usedPhaseCount>
      <usedStationCount>6</usedStationCount>
      <standardError>1.61</standardError>
      <azimuthalGap>168</azimuthalGap>
      <minimumDistance>0.06</minimumDistance>
      <maximumDistance>0.93</maximumDistance>
    </quality>
    <evaluationMode>manual</evaluationMode>
    <creationInfo>
      <agencyURI>smi:smi-registry/organization/EMSC</agencyURI>
      <authorURI>smi:smi-registry/organization/EMSC</authorURI>
    </creationInfo>
    <originUncertainty>
      <azimuthMaxHorizontalUncertainty>-99</azimuthMaxHorizontalUncertainty>
    </originUncertainty>
  </origin>
  <magnitude publicID="quakeml:eu.emsc/event/20010530_0000020/origin/1428015/mag/2">
    <mag>
      <value>1.7</value>
    </mag>
    <type>ML</type>
    <originID>quakeml:eu.emsc/event/20010530_0000020/origin/1428015</originID>
    <stationCount>8</stationCount>
    <creationInfo>
      <agencyURI>smi:smi-registry/organization/EMSC</agencyURI>
      <authorURI>smi:smi-registry/organization/EMSC</authorURI>
    </creationInfo>
  </magnitude>
</event>
<event publicID="quakeml:eu.emsc/event/20010530_0000008">
  <preferredOriginID>quakeml:eu.emsc/event/20010530_0000008/origin/1425865</preferredOriginID>
  <preferredMagnitudeID>quakeml:eu.emsc/event/20010530_0000008/origin/1425865/mag/2</preferredMagnitudeID>
  <creationInfo>
    <agencyURI>smi:smi-registry/organization/EMSC</agencyURI>
    <authorURI>smi:smi-registry/organization/EMSC</authorURI>
    <creationTime>2014-12-10T12:19:37.758099Z</creationTime>
  </creationInfo>
  <description>
    <text>GREECE</text>
    <type>Flinn-Engdahl region</type>
  </description>
  <origin publicID="quakeml:eu.emsc/event/20010530_0000008/origin/1425865">
    <time>
      <value>2001-05-30T12:33:01.6Z</value>
    </time>
    <latitude>
      <value>38.58</value>
      <uncertainty>9999.9</uncertainty>
    </latitude>
    <longitude>
      <value>20.16</value>
      <uncertainty>9999.9</uncertainty>
    </longitude>
    <depth>
      <value>5000</value>
    </depth>
    <depthType>from location</depthType>
    <methodID>smi:eu.emsc-csem/origin_method/NA</methodID>
    <quality>
      <usedPhaseCount>5</usedPhaseCount>
      <usedStationCount>4</usedStationCount>
      <standardError>1.35</standardError>
      <azimuthalGap>206</azimuthalGap>
      <minimumDistance>0.53</minimumDistance>
      <maximumDistance>1.33</maximumDistance>
    </quality>
    <evaluationMode>manual</evaluationMode>
    <creationInfo>
      <agencyURI>smi:smi-registry/organization/EMSC</agencyURI>
      <authorURI>smi:smi-registry/organization/EMSC</authorURI>
    </creationInfo>
    <originUncertainty>
      <azimuthMaxHorizontalUncertainty>-99</azimuthMaxHorizontalUncertainty>
    </originUncertainty>
  </origin>
  <magnitude publicID="quakeml:eu.emsc/event/20010530_0000008/origin/1425865/mag/2">
    <mag>
      <value>3</value>
    </mag>
    <type>MD</type>
    <originID>quakeml:eu.emsc/event/20010530_0000008/origin/1425865</originID>
    <creationInfo>
      <agencyURI>smi:smi-registry/organization/EMSC</agencyURI>
      <authorURI>smi:smi-registry/organization/EMSC</authorURI>
    </creationInfo>
  </magnitude>
</event>
<event publicID="quakeml:eu.emsc/event/20010530_0000015">
  <preferredOriginID>quakeml:eu.emsc/event/20010530_0000015/origin/1429361</preferredOriginID>
  <preferredMagnitudeID>quakeml:eu.emsc/event/20010530_0000015/origin/1429361/mag/2</preferredMagnitudeID>
  <creationInfo>
    <agencyURI>smi:smi-registry/organization/EMSC</agencyURI>
    <authorURI>smi:smi-registry/organization/EMSC</authorURI>
    <creationTime>2014-12-03T15:21:26.205815Z</creationTime>
  </creationInfo>
  <description>
    <text>FRANCE</text>
    <type>Flinn-Engdahl region</type>
  </description>
  <origin publicID="quakeml:eu.emsc/event/20010530_0000015/origin/1429361">
    <time>
      <value>2001-05-30T11:03:14.8Z</value>
      <uncertainty>0.15</uncertainty>
    </time>
    <latitude>
      <value>43.0514</value>
      <uncertainty>3.7</uncertainty>
    </latitude>
    <longitude>
      <value>0.3718</value>
      <uncertainty>1.7</uncertainty>
    </longitude>
    <depth>
      <value>2000</value>
    </depth>
    <depthType>from location</depthType>
    <methodID>smi:eu.emsc-csem/origin_method/NA</methodID>
    <quality>
      <usedPhaseCount>9</usedPhaseCount>
      <usedStationCount>5</usedStationCount>
      <standardError>0.29</standardError>
      <azimuthalGap>224</azimuthalGap>
      <minimumDistance>0.03</minimumDistance>
      <maximumDistance>0.7</maximumDistance>
    </quality>
    <evaluationMode>manual</evaluationMode>
    <creationInfo>
      <agencyURI>smi:smi-registry/organization/EMSC</agencyURI>
      <authorURI>smi:smi-registry/organization/EMSC</authorURI>
    </creationInfo>
    <originUncertainty>
      <azimuthMaxHorizontalUncertainty>11</azimuthMaxHorizontalUncertainty>
    </originUncertainty>
  </origin>
  <magnitude publicID="quakeml:eu.emsc/event/20010530_0000015/origin/1429361/mag/2">
    <mag>
      <value>2.1</value>
    </mag>
    <type>ML</type>
    <originID>quakeml:eu.emsc/event/20010530_0000015/origin/1429361</originID>
    <creationInfo>
      <agencyURI>smi:smi-registry/organization/EMSC</agencyURI>
      <authorURI>smi:smi-registry/organization/EMSC</authorURI>
    </creationInfo>
  </magnitude>
</event>
<event publicID="quakeml:eu.emsc/event/20010530_0000007">
  <preferredOriginID>quakeml:eu.emsc/event/20010530_0000007/origin/1429629</preferredOriginID>
  <preferredMagnitudeID>quakeml:eu.emsc/event/20010530_0000007/origin/1429629/mag/2</preferredMagnitudeID>
  <creationInfo>
    <agencyURI>smi:smi-registry/organization/EMSC</agencyURI>
    <authorURI>smi:smi-registry/organization/EMSC</authorURI>
    <creationTime>2014-12-03T11:24:31.586217Z</creationTime>
  </creationInfo>
  <description>
    <text>EASTERN MEDITERRANEAN SEA</text>
    <type>Flinn-Engdahl region</type>
  </description>
  <origin publicID="quakeml:eu.emsc/event/20010530_0000007/origin/1429629">
    <time>
      <value>2001-05-30T10:44:57.6Z</value>
      <uncertainty>0.22</uncertainty>
    </time>
    <latitude>
      <value>35.1914</value>
      <uncertainty>9.4</uncertainty>
    </latitude>
    <longitude>
      <value>28.5544</value>
      <uncertainty>5.7</uncertainty>
    </longitude>
    <depth>
      <value>10000</value>
    </depth>
    <depthType>from location</depthType>
    <methodID>smi:eu.emsc-csem/origin_method/NA</methodID>
    <quality>
      <usedPhaseCount>12</usedPhaseCount>
      <usedStationCount>12</usedStationCount>
      <standardError>0.69</standardError>
      <azimuthalGap>114</azimuthalGap>
      <minimumDistance>1.08</minimumDistance>
      <maximumDistance>6.44</maximumDistance>
    </quality>
    <evaluationMode>manual</evaluationMode>
    <creationInfo>
      <agencyURI>smi:smi-registry/organization/EMSC</agencyURI>
      <authorURI>smi:smi-registry/organization/EMSC</authorURI>
    </creationInfo>
    <originUncertainty>
      <azimuthMaxHorizontalUncertainty>54</azimuthMaxHorizontalUncertainty>
    </originUncertainty>
  </origin>
  <magnitude publicID="quakeml:eu.emsc/event/20010530_0000007/origin/1429629/mag/2">
    <mag>
      <value>3.7</value>
    </mag>
    <type>MD</type>
    <originID>quakeml:eu.emsc/event/20010530_0000007/origin/1429629</originID>
    <creationInfo>
      <agencyURI>smi:smi-registry/organization/EMSC</agencyURI>
      <authorURI>smi:smi-registry/organization/EMSC</authorURI>
    </creationInfo>
  </magnitude>
</event>
<event publicID="quakeml:eu.emsc/event/20010530_0000006">
  <preferredOriginID>quakeml:eu.emsc/event/20010530_0000006/origin/1425867</preferredOriginID>
  <preferredMagnitudeID>quakeml:eu.emsc/event/20010530_0000006/origin/1425867/mag/2</preferredMagnitudeID>
  <creationInfo>
    <agencyURI>smi:smi-registry/organization/EMSC</agencyURI>
    <authorURI>smi:smi-registry/organization/EMSC</authorURI>
    <creationTime>2014-12-10T12:19:33.855033Z</creationTime>
  </creationInfo>
  <description>
    <text>CRETE, GREECE</text>
    <type>Flinn-Engdahl region</type>
  </description>
  <origin publicID="quakeml:eu.emsc/event/20010530_0000006/origin/1425867">
    <time>
      <value>2001-05-30T09:09:09.5Z</value>
    </time>
    <latitude>
      <value>34.76</value>
      <uncertainty>9999.9</uncertainty>
    </latitude>
    <longitude>
      <value>26.63</value>
      <uncertainty>9999.9</uncertainty>
    </longitude>
    <depth>
      <value>25000</value>
    </depth>
    <depthType>from location</depthType>
    <methodID>smi:eu.emsc-csem/origin_method/NA</methodID>
    <quality>
      <usedPhaseCount>7</usedPhaseCount>
      <usedStationCount>6</usedStationCount>
      <standardError>1.64</standardError>
      <azimuthalGap>249</azimuthalGap>
      <minimumDistance>0.91</minimumDistance>
      <maximumDistance>2.47</maximumDistance>
    </quality>
    <evaluationMode>manual</evaluationMode>
    <creationInfo>
      <agencyURI>smi:smi-registry/organization/EMSC</agencyURI>
      <authorURI>smi:smi-registry/organization/EMSC</authorURI>
    </creationInfo>
    <originUncertainty>
      <azimuthMaxHorizontalUncertainty>-99</azimuthMaxHorizontalUncertainty>
    </originUncertainty>
  </origin>
  <magnitude publicID="quakeml:eu.emsc/event/20010530_0000006/origin/1425867/mag/2">
    <mag>
      <value>3.6</value>
    </mag>
    <type>MD</type>
    <originID>quakeml:eu.emsc/event/20010530_0000006/origin/1425867</originID>
    <creationInfo>
      <agencyURI>smi:smi-registry/organization/EMSC</agencyURI>
      <authorURI>smi:smi-registry/organization/EMSC</authorURI>
    </creationInfo>
  </magnitude>
</event>
<event publicID="quakeml:eu.emsc/event/20010530_0000005">
  <preferredOriginID>quakeml:eu.emsc/event/20010530_0000005/origin/1425869</preferredOriginID>
  <preferredMagnitudeID>quakeml:eu.emsc/event/20010530_0000005/origin/1425869/mag/2</preferredMagnitudeID>
  <creationInfo>
    <agencyURI>smi:smi-registry/organization/EMSC</agencyURI>
    <authorURI>smi:smi-registry/organization/EMSC</authorURI>
    <creationTime>2014-12-10T12:19:31.965906Z</creationTime>
  </creationInfo>
  <description>
    <text>CENTRAL TURKEY</text>
    <type>Flinn-Engdahl region</type>
  </description>
  <origin publicID="quakeml:eu.emsc/event/20010530_0000005/origin/1425869">
    <time>
      <value>2001-05-30T07:43:48.4Z</value>
    </time>
    <latitude>
      <value>40.336</value>
      <uncertainty>9999.9</uncertainty>
    </latitude>
    <longitude>
      <value>33.949</value>
      <uncertainty>9999.9</uncertainty>
    </longitude>
    <depth>
      <value>10000</value>
    </depth>
    <depthType>from location</depthType>
    <methodID>smi:eu.emsc-csem/origin_method/NA</methodID>
    <quality>
      <usedPhaseCount>8</usedPhaseCount>
      <usedStationCount>7</usedStationCount>
      <standardError>2.07</standardError>
      <azimuthalGap>105</azimuthalGap>
      <minimumDistance>0.37</minimumDistance>
      <maximumDistance>2.69</maximumDistance>
    </quality>
    <evaluationMode>manual</evaluationMode>
    <creationInfo>
      <agencyURI>smi:smi-registry/organization/EMSC</agencyURI>
      <authorURI>smi:smi-registry/organization/EMSC</authorURI>
    </creationInfo>
    <originUncertainty>
      <azimuthMaxHorizontalUncertainty>-99</azimuthMaxHorizontalUncertainty>
    </originUncertainty>
  </origin>
  <magnitude publicID="quakeml:eu.emsc/event/20010530_0000005/origin/1425869/mag/2">
    <mag>
      <value>3.2</value>
    </mag>
    <type>MD</type>
    <originID>quakeml:eu.emsc/event/20010530_0000005/origin/1425869</originID>
    <creationInfo>
      <agencyURI>smi:smi-registry/organization/EMSC</agencyURI>
      <authorURI>smi:smi-registry/organization/EMSC</authorURI>
    </creationInfo>
  </magnitude>
</event>
<event publicID="quakeml:eu.emsc/event/20010530_0000004">
  <preferredOriginID>quakeml:eu.emsc/event/20010530_0000004/origin/1429633</preferredOriginID>
  <preferredMagnitudeID>quakeml:eu.emsc/event/20010530_0000004/origin/1429633/mag/2</preferredMagnitudeID>
  <creationInfo>
    <agencyURI>smi:smi-registry/organization/EMSC</agencyURI>
    <authorURI>smi:smi-registry/organization/EMSC</authorURI>
    <creationTime>2014-12-03T11:07:40.985273Z</creationTime>
  </creationInfo>
  <description>
    <text>GREECE</text>
    <type>Flinn-Engdahl region</type>
  </description>
  <origin publicID="quakeml:eu.emsc/event/20010530_0000004/origin/1429633">
    <time>
      <value>2001-05-30T07:37:58.2Z</value>
      <uncertainty>0.26</uncertainty>
    </time>
    <latitude>
      <value>38.826</value>
      <uncertainty>6.4</uncertainty>
    </latitude>
    <longitude>
      <value>23.5238</value>
      <uncertainty>4.8</uncertainty>
    </longitude>
    <depth>
      <value>10000</value>
    </depth>
    <depthType>from location</depthType>
    <methodID>smi:eu.emsc-csem/origin_method/NA</methodID>
    <quality>
      <usedPhaseCount>16</usedPhaseCount>
      <usedStationCount>12</usedStationCount>
      <standardError>0.88</standardError>
      <azimuthalGap>113</azimuthalGap>
      <minimumDistance>0.44</minimumDistance>
      <maximumDistance>2.15</maximumDistance>
    </quality>
    <evaluationMode>manual</evaluationMode>
    <creationInfo>
      <agencyURI>smi:smi-registry/organization/EMSC</agencyURI>
      <authorURI>smi:smi-registry/organization/EMSC</authorURI>
    </creationInfo>
    <originUncertainty>
      <azimuthMaxHorizontalUncertainty>97</azimuthMaxHorizontalUncertainty>
    </originUncertainty>
  </origin>
  <magnitude publicID="quakeml:eu.emsc/event/20010530_0000004/origin/1429633/mag/2">
    <mag>
      <value>2.6</value>
    </mag>
    <type>ML</type>
    <originID>quakeml:eu.emsc/event/20010530_0000004/origin/1429633</originID>
    <creationInfo>
      <agencyURI>smi:smi-registry/organization/EMSC</agencyURI>
      <authorURI>smi:smi-registry/organization/EMSC</authorURI>
    </creationInfo>
  </magnitude>
</event>
<event publicID="quakeml:eu.emsc/event/20010530_0000017">
  <preferredOriginID>quakeml:eu.emsc/event/20010530_0000017/origin/1425871</preferredOriginID>
  <preferredMagnitudeID>quakeml:eu.emsc/event/20010530_0000017/origin/1425871/mag/2</preferredMagnitudeID>
  <creationInfo>
    <agencyURI>smi:smi-registry/organization/EMSC</agencyURI>
    <authorURI>smi:smi-registry/organization/EMSC</authorURI>
    <creationTime>2014-12-10T18:26:26.899101Z</creationTime>
  </creationInfo>
  <description>
    <text>FRANCE</text>
    <type>Flinn-Engdahl region</type>
  </description>
  <origin publicID="quakeml:eu.emsc/event/20010530_0000017/origin/1425871">
    <time>
      <value>2001-05-30T07:28:18.9Z</value>
    </time>
    <latitude>
      <value>48.3842</value>
      <uncertainty>9999.9</uncertainty>
    </latitude>
    <longitude>
      <value>-2.9398</value>
      <uncertainty>9999.9</uncertainty>
    </longitude>
    <depth>
      <value>8000</value>
    </depth>
    <depthType>from location</depthType>
    <methodID>smi:eu.emsc-csem/origin_method/NA</methodID>
    <quality>
      <usedPhaseCount>33</usedPhaseCount>
      <usedStationCount>15</usedStationCount>
      <standardError>3.37</standardError>
      <azimuthalGap>178</azimuthalGap>
      <minimumDistance>0.23</minimumDistance>
      <maximumDistance>6.22</maximumDistance>
    </quality>
    <evaluationMode>manual</evaluationMode>
    <creationInfo>
      <agencyURI>smi:smi-registry/organization/EMSC</agencyURI>
      <authorURI>smi:smi-registry/organization/EMSC</authorURI>
    </creationInfo>
    <originUncertainty>
      <azimuthMaxHorizontalUncertainty>-99</azimuthMaxHorizontalUncertainty>
    </originUncertainty>
  </origin>
  <magnitude publicID="quakeml:eu.emsc/event/20010530_0000017/origin/1425871/mag/2">
    <mag>
      <value>3.2</value>
    </mag>
    <type>MD</type>
    <originID>quakeml:eu.emsc/event/20010530_0000017/origin/1425871</originID>
    <stationCount>4</stationCount>
    <creationInfo>
      <agencyURI>smi:smi-registry/organization/EMSC</agencyURI>
      <authorURI>smi:smi-registry/organization/EMSC</authorURI>
    </creationInfo>
  </magnitude>
</event>
<event publicID="quakeml:eu.emsc/event/20010530_0000003">
  <preferredOriginID>quakeml:eu.emsc/event/20010530_0000003/origin/1429635</preferredOriginID>
  <preferredMagnitudeID>quakeml:eu.emsc/event/20010530_0000003/origin/1429635/mag/2</preferredMagnitudeID>
  <creationInfo>
    <agencyURI>smi:smi-registry/organization/EMSC</agencyURI>
    <authorURI>smi:smi-registry/organization/EMSC</authorURI>
    <creationTime>2014-12-03T11:16:32.108527Z</creationTime>
  </creationInfo>
  <description>
    <text>CENTRAL TURKEY</text>
    <type>Flinn-Engdahl region</type>
  </description>
  <origin publicID="quakeml:eu.emsc/event/20010530_0000003/origin/1429635">
    <time>
      <value>2001-05-30T07:24:32.7Z</value>
      <uncertainty>0.33</uncertainty>
    </time>
    <latitude>
      <value>40.0518</value>
      <uncertainty>17.8</uncertainty>
    </latitude>
    <longitude>
      <value>33.5533</value>
      <uncertainty>8.9</uncertainty>
    </longitude>
    <depth>
      <value>97000</value>
      <uncertainty>5.6</uncertainty>
    </depth>
    <depthType>from location</depthType>
    <methodID>smi:eu.emsc-csem/origin_method/NA</methodID>
    <quality>
      <usedPhaseCount>7</usedPhaseCount>
      <usedStationCount>7</usedStationCount>
      <standardError>0.33</standardError>
      <azimuthalGap>169</azimuthalGap>
      <minimumDistance>1.36</minimumDistance>
      <maximumDistance>24.03</maximumDistance>
    </quality>
    <evaluationMode>manual</evaluationMode>
    <creationInfo>
      <agencyURI>smi:smi-registry/organization/EMSC</agencyURI>
      <authorURI>smi:smi-registry/organization/EMSC</authorURI>
    </creationInfo>
    <originUncertainty>
      <azimuthMaxHorizontalUncertainty>36</azimuthMaxHorizontalUncertainty>
    </originUncertainty>
  </origin>
  <magnitude publicID="quakeml:eu.emsc/event/20010530_0000003/origin/1429635/mag/2">
    <mag>
      <value>3.1</value>
    </mag>
    <type>MD</type>
    <originID>quakeml:eu.emsc/event/20010530_0000003/origin/1429635</originID>
    <creationInfo>
      <agencyURI>smi:smi-registry/organization/EMSC</agencyURI>
      <authorURI>smi:smi-registry/organization/EMSC</authorURI>
    </creationInfo>
  </magnitude>
</event>
<event publicID="quakeml:eu.emsc/event/20010530_0000001">
  <preferredOriginID>quakeml:eu.emsc/event/20010530_0000001/origin/1425873</preferredOriginID>
  <preferredMagnitudeID>quakeml:eu.emsc/event/20010530_0000001/origin/1425873/mag/2</preferredMagnitudeID>
  <creationInfo>
    <agencyURI>smi:smi-registry/organization/EMSC</agencyURI>
    <authorURI>smi:smi-registry/organization/EMSC</authorURI>
    <creationTime>2014-12-10T12:19:22.602004Z</creationTime>
  </creationInfo>
  <description>
    <text>BARENTS SEA</text>
    <type>Flinn-Engdahl region</type>
  </description>
  <origin publicID="quakeml:eu.emsc/event/20010530_0000001/origin/1425873">
    <time>
      <value>2001-05-30T05:47:18.7Z</value>
    </time>
    <latitude>
      <value>69.721</value>
      <uncertainty>9999.9</uncertainty>
    </latitude>
    <longitude>
      <value>37.16</value>
      <uncertainty>9999.9</uncertainty>
    </longitude>
    <depth>
      <value>3000</value>
    </depth>
    <depthType>from location</depthType>
    <methodID>smi:eu.emsc-csem/origin_method/NA</methodID>
    <quality>
      <usedPhaseCount>9</usedPhaseCount>
      <usedStationCount>5</usedStationCount>
      <standardError>3.29</standardError>
      <azimuthalGap>238</azimuthalGap>
      <minimumDistance>2.61</minimumDistance>
      <maximumDistance>13.72</maximumDistance>
    </quality>
    <evaluationMode>manual</evaluationMode>
    <creationInfo>
      <agencyURI>smi:smi-registry/organization/EMSC</agencyURI>
      <authorURI>smi:smi-registry/organization/EMSC</authorURI>
    </creationInfo>
    <originUncertainty>
      <azimuthMaxHorizontalUncertainty>-99</azimuthMaxHorizontalUncertainty>
    </originUncertainty>
  </origin>
  <magnitude publicID="quakeml:eu.emsc/event/20010530_0000001/origin/1425873/mag/2">
    <mag>
      <value>5.1</value>
    </mag>
    <type>mb</type>
    <originID>quakeml:eu.emsc/event/20010530_0000001/origin/1425873</originID>
    <creationInfo>
      <agencyURI>smi:smi-registry/organization/EMSC</agencyURI>
      <authorURI>smi:smi-registry/organization/EMSC</authorURI>
    </creationInfo>
  </magnitude>
</event>
<event publicID="quakeml:eu.emsc/event/20010530_0000018">
  <preferredOriginID>quakeml:eu.emsc/event/20010530_0000018/origin/1428017</preferredOriginID>
  <preferredMagnitudeID>quakeml:eu.emsc/event/20010530_0000018/origin/1428017/mag/2</preferredMagnitudeID>
  <creationInfo>
    <agencyURI>smi:smi-registry/organization/EMSC</agencyURI>
    <authorURI>smi:smi-registry/organization/EMSC</authorURI>
    <creationTime>2014-12-10T18:26:26.255046Z</creationTime>
  </creationInfo>
  <description>
    <text>SWITZERLAND</text>
    <type>Flinn-Engdahl region</type>
  </description>
  <origin publicID="quakeml:eu.emsc/event/20010530_0000018/origin/1428017">
    <time>
      <value>2001-05-30T03:57:22.1Z</value>
    </time>
    <latitude>
      <value>46.132</value>
      <uncertainty>9999.9</uncertainty>
    </latitude>
    <longitude>
      <value>7.034</value>
      <uncertainty>9999.9</uncertainty>
    </longitude>
    <depth>
      <value>5100.0</value>
    </depth>
    <depthType>from location</depthType>
    <methodID>smi:eu.emsc-csem/origin_method/NA</methodID>
    <quality>
      <usedPhaseCount>13</usedPhaseCount>
      <usedStationCount>5</usedStationCount>
      <standardError>1.22</standardError>
      <azimuthalGap>128</azimuthalGap>
      <minimumDistance>0.09</minimumDistance>
      <maximumDistance>0.64</maximumDistance>
    </quality>
    <evaluationMode>manual</evaluationMode>
    <creationInfo>
      <agencyURI>smi:smi-registry/organization/EMSC</agencyURI>
      <authorURI>smi:smi-registry/organization/EMSC</authorURI>
    </creationInfo>
    <originUncertainty>
      <azimuthMaxHorizontalUncertainty>-99</azimuthMaxHorizontalUncertainty>
    </originUncertainty>
  </origin>
  <magnitude publicID="quakeml:eu.emsc/event/20010530_0000018/origin/1428017/mag/2">
    <mag>
      <value>1.4</value>
    </mag>
    <type>ML</type>
    <originID>quakeml:eu.emsc/event/20010530_0000018/origin/1428017</originID>
    <stationCount>5</stationCount>
    <creationInfo>
      <agencyURI>smi:smi-registry/organization/EMSC</agencyURI>
      <authorURI>smi:smi-registry/organization/EMSC</authorURI>
    </creationInfo>
  </magnitude>
</event>
<event publicID="quakeml:eu.emsc/event/20010530_0000019">
  <preferredOriginID>quakeml:eu.emsc/event/20010530_0000019/origin/1429364</preferredOriginID>
  <preferredMagnitudeID>quakeml:eu.emsc/event/20010530_0000019/origin/1429364/mag/1</preferredMagnitudeID>
  <creationInfo>
    <agencyURI>smi:smi-registry/organization/EMSC</agencyURI>
    <authorURI>smi:smi-registry/organization/EMSC</authorURI>
    <creationTime>2014-12-03T16:40:35.26787Z</creationTime>
  </creationInfo>
  <description>
    <text>SWITZERLAND</text>
    <type>Flinn-Engdahl region</type>
  </description>
  <origin publicID="quakeml:eu.emsc/event/20010530_0000019/origin/1429364">
    <time>
      <value>2001-05-30T03:35:39.8Z</value>
      <uncertainty>0.62</uncertainty>
    </time>
    <latitude>
      <value>47.1398</value>
      <uncertainty>12</uncertainty>
    </latitude>
    <longitude>
      <value>8.7216</value>
      <uncertainty>7.2</uncertainty>
    </longitude>
    <depth>
      <value>8000</value>
    </depth>
    <depthType>from location</depthType>
    <methodID>smi:eu.emsc-csem/origin_method/NA</methodID>
    <quality>
      <usedPhaseCount>20</usedPhaseCount>
      <usedStationCount>9</usedStationCount>
      <standardError>1.38</standardError>
      <azimuthalGap>182</azimuthalGap>
      <minimumDistance>0.18</minimumDistance>
      <maximumDistance>2.14</maximumDistance>
    </quality>
    <evaluationMode>manual</evaluationMode>
    <creationInfo>
      <agencyURI>smi:smi-registry/organization/EMSC</agencyURI>
      <authorURI>smi:smi-registry/organization/EMSC</authorURI>
    </creationInfo>
    <originUncertainty>
      <azimuthMaxHorizontalUncertainty>62</azimuthMaxHorizontalUncertainty>
    </originUncertainty>
  </origin>
  <magnitude publicID="quakeml:eu.emsc/event/20010530_0000019/origin/1429364/mag/1">
    <mag>
      <value>2.1</value>
      <uncertainty>0.4</uncertainty>
    </mag>
    <type>ML</type>
    <originID>quakeml:eu.emsc/event/20010530_0000019/origin/1429364</originID>
    <stationCount>6</stationCount>
    <creationInfo>
      <agencyURI>smi:smi-registry/organization/EMSC</agencyURI>
      <authorURI>smi:smi-registry/organization/EMSC</authorURI>
    </creationInfo>
  </magnitude>
</event>
</eventParameters>
</q:quakeml>
