<?xml version="1.0"?>
<q:quakeml xmlns:q="http://quakeml.org/xmlns/quakeml/1.2"  xmlns="http://quakeml.org/xmlns/bed/1.2">
<eventParameters publicID="smi:eu.emsc/unid">
<event publicID="quakeml:eu.emsc/event/20010418_0000009">
  <preferredOriginID>quakeml:eu.emsc/event/20010418_0000009/origin/1430597</preferredOriginID>
  <preferredMagnitudeID>quakeml:eu.emsc/event/20010418_0000009/origin/1430597/mag/2</preferredMagnitudeID>
  <creationInfo>
    <agencyURI>smi:smi-registry/organization/EMSC</agencyURI>
    <authorURI>smi:smi-registry/organization/EMSC</authorURI>
    <creationTime>2014-12-03T15:25:33.146006Z</creationTime>
  </creationInfo>
  <description>
    <text>FRANCE</text>
    <type>Flinn-Engdahl region</type>
  </description>
  <origin publicID="quakeml:eu.emsc/event/20010418_0000009/origin/1430597">
    <time>
      <value>2001-04-18T22:56:38.7Z</value>
      <uncertainty>0.27</uncertainty>
    </time>
    <latitude>
      <value>43.0033</value>
      <uncertainty>6.4</uncertainty>
    </latitude>
    <longitude>
      <value>0.1245</value>
      <uncertainty>2.1</uncertainty>
    </longitude>
    <depth>
      <value>10000</value>
    </depth>
    <depthType>from location</depthType>
    <methodID>smi:eu.emsc-csem/origin_method/NA</methodID>
    <quality>
      <usedPhaseCount>7</usedPhaseCount>
      <usedStationCount>3</usedStationCount>
      <standardError>0.23</standardError>
      <azimuthalGap>253</azimuthalGap>
      <minimumDistance>0.14</minimumDistance>
      <maximumDistance>0.48</maximumDistance>
    </quality>
    <evaluationMode>manual</evaluationMode>
    <creationInfo>
      <agencyURI>smi:smi-registry/organization/EMSC</agencyURI>
      <authorURI>smi:smi-registry/organization/EMSC</authorURI>
    </creationInfo>
    <originUncertainty>
      <azimuthMaxHorizontalUncertainty>168</azimuthMaxHorizontalUncertainty>
    </originUncertainty>
  </origin>
  <magnitude publicID="quakeml:eu.emsc/event/20010418_0000009/origin/1430597/mag/2">
    <mag>
      <value>2</value>
    </mag>
    <type>ML</type>
    <originID>quakeml:eu.emsc/event/20010418_0000009/origin/1430597</originID>
    <creationInfo>
      <agencyURI>smi:smi-registry/organization/EMSC</agencyURI>
      <authorURI>smi:smi-registry/organization/EMSC</authorURI>
    </creationInfo>
  </magnitude>
</event>
<event publicID="quakeml:eu.emsc/event/20010418_0000006">
  <preferredOriginID>quakeml:eu.emsc/event/20010418_0000006/origin/1426493</preferredOriginID>
  <preferredMagnitudeID>quakeml:eu.emsc/event/20010418_0000006/origin/1426493/mag/2</preferredMagnitudeID>
  <creationInfo>
    <agencyURI>smi:smi-registry/organization/EMSC</agencyURI>
    <authorURI>smi:smi-registry/organization/EMSC</authorURI>
    <creationTime>2014-12-10T12:01:25.469509Z</creationTime>
  </creationInfo>
  <description>
    <text>WESTERN TURKEY</text>
    <type>Flinn-Engdahl region</type>
  </description>
  <origin publicID="quakeml:eu.emsc/event/20010418_0000006/origin/1426493">
    <time>
      <value>2001-04-18T22:49:00.5Z</value>
    </time>
    <latitude>
      <value>38.974</value>
      <uncertainty>9999.9</uncertainty>
    </latitude>
    <longitude>
      <value>29.03</value>
      <uncertainty>9999.9</uncertainty>
    </longitude>
    <depth>
      <value>6000</value>
    </depth>
    <depthType>from location</depthType>
    <methodID>smi:eu.emsc-csem/origin_method/NA</methodID>
    <quality>
      <usedPhaseCount>13</usedPhaseCount>
      <usedStationCount>11</usedStationCount>
      <standardError>0.84</standardError>
      <azimuthalGap>99</azimuthalGap>
      <minimumDistance>0.76</minimumDistance>
      <maximumDistance>2.26</maximumDistance>
    </quality>
    <evaluationMode>manual</evaluationMode>
    <creationInfo>
      <agencyURI>smi:smi-registry/organization/EMSC</agencyURI>
      <authorURI>smi:smi-registry/organization/EMSC</authorURI>
    </creationInfo>
    <originUncertainty>
      <azimuthMaxHorizontalUncertainty>-99</azimuthMaxHorizontalUncertainty>
    </originUncertainty>
  </origin>
  <magnitude publicID="quakeml:eu.emsc/event/20010418_0000006/origin/1426493/mag/2">
    <mag>
      <value>2.8</value>
    </mag>
    <type>MD</type>
    <originID>quakeml:eu.emsc/event/20010418_0000006/origin/1426493</originID>
    <creationInfo>
      <agencyURI>smi:smi-registry/organization/EMSC</agencyURI>
      <authorURI>smi:smi-registry/organization/EMSC</authorURI>
    </creationInfo>
  </magnitude>
</event>
<event publicID="quakeml:eu.emsc/event/20010418_0000005">
  <preferredOriginID>quakeml:eu.emsc/event/20010418_0000005/origin/1430873</preferredOriginID>
  <preferredMagnitudeID>quakeml:eu.emsc/event/20010418_0000005/origin/1430873/mag/2</preferredMagnitudeID>
  <creationInfo>
    <agencyURI>smi:smi-registry/organization/EMSC</agencyURI>
    <authorURI>smi:smi-registry/organization/EMSC</authorURI>
    <creationTime>2014-12-03T11:25:39.949753Z</creationTime>
  </creationInfo>
  <description>
    <text>WESTERN TURKEY</text>
    <type>Flinn-Engdahl region</type>
  </description>
  <origin publicID="quakeml:eu.emsc/event/20010418_0000005/origin/1430873">
    <time>
      <value>2001-04-18T21:06:04.7Z</value>
      <uncertainty>0.19</uncertainty>
    </time>
    <latitude>
      <value>40.8527</value>
      <uncertainty>5.5</uncertainty>
    </latitude>
    <longitude>
      <value>31.4054</value>
      <uncertainty>4.7</uncertainty>
    </longitude>
    <depth>
      <value>10000</value>
    </depth>
    <depthType>from location</depthType>
    <methodID>smi:eu.emsc-csem/origin_method/NA</methodID>
    <quality>
      <usedPhaseCount>40</usedPhaseCount>
      <usedStationCount>39</usedStationCount>
      <standardError>0.92</standardError>
      <azimuthalGap>71</azimuthalGap>
      <minimumDistance>0.41</minimumDistance>
      <maximumDistance>37.38</maximumDistance>
    </quality>
    <evaluationMode>manual</evaluationMode>
    <creationInfo>
      <agencyURI>smi:smi-registry/organization/EMSC</agencyURI>
      <authorURI>smi:smi-registry/organization/EMSC</authorURI>
    </creationInfo>
    <originUncertainty>
      <azimuthMaxHorizontalUncertainty>2</azimuthMaxHorizontalUncertainty>
    </originUncertainty>
  </origin>
  <magnitude publicID="quakeml:eu.emsc/event/20010418_0000005/origin/1430873/mag/2">
    <mag>
      <value>3.7</value>
    </mag>
    <type>MD</type>
    <originID>quakeml:eu.emsc/event/20010418_0000005/origin/1430873</originID>
    <creationInfo>
      <agencyURI>smi:smi-registry/organization/EMSC</agencyURI>
      <authorURI>smi:smi-registry/organization/EMSC</authorURI>
    </creationInfo>
  </magnitude>
</event>
<event publicID="quakeml:eu.emsc/event/20010418_0000017">
  <preferredOriginID>quakeml:eu.emsc/event/20010418_0000017/origin/1426495</preferredOriginID>
  <preferredMagnitudeID>quakeml:eu.emsc/event/20010418_0000017/origin/1426495/mag/2</preferredMagnitudeID>
  <creationInfo>
    <agencyURI>smi:smi-registry/organization/EMSC</agencyURI>
    <authorURI>smi:smi-registry/organization/EMSC</authorURI>
    <creationTime>2014-12-10T18:25:14.592092Z</creationTime>
  </creationInfo>
  <description>
    <text>SWITZERLAND</text>
    <type>Flinn-Engdahl region</type>
  </description>
  <origin publicID="quakeml:eu.emsc/event/20010418_0000017/origin/1426495">
    <time>
      <value>2001-04-18T20:50:13.5Z</value>
    </time>
    <latitude>
      <value>46.43</value>
      <uncertainty>9999.9</uncertainty>
    </latitude>
    <longitude>
      <value>9.856</value>
      <uncertainty>9999.9</uncertainty>
    </longitude>
    <depth>
      <value>7300.0</value>
    </depth>
    <depthType>from location</depthType>
    <methodID>smi:eu.emsc-csem/origin_method/NA</methodID>
    <quality>
      <usedPhaseCount>23</usedPhaseCount>
      <usedStationCount>11</usedStationCount>
      <standardError>0.43</standardError>
      <azimuthalGap>146</azimuthalGap>
      <minimumDistance>0.12</minimumDistance>
      <maximumDistance>1.22</maximumDistance>
    </quality>
    <evaluationMode>manual</evaluationMode>
    <creationInfo>
      <agencyURI>smi:smi-registry/organization/EMSC</agencyURI>
      <authorURI>smi:smi-registry/organization/EMSC</authorURI>
    </creationInfo>
    <originUncertainty>
      <azimuthMaxHorizontalUncertainty>-99</azimuthMaxHorizontalUncertainty>
    </originUncertainty>
  </origin>
  <magnitude publicID="quakeml:eu.emsc/event/20010418_0000017/origin/1426495/mag/2">
    <mag>
      <value>1.4</value>
    </mag>
    <type>ML</type>
    <originID>quakeml:eu.emsc/event/20010418_0000017/origin/1426495</originID>
    <stationCount>8</stationCount>
    <creationInfo>
      <agencyURI>smi:smi-registry/organization/EMSC</agencyURI>
      <authorURI>smi:smi-registry/organization/EMSC</authorURI>
    </creationInfo>
  </magnitude>
</event>
<event publicID="quakeml:eu.emsc/event/20010418_0000004">
  <preferredOriginID>quakeml:eu.emsc/event/20010418_0000004/origin/1430876</preferredOriginID>
  <preferredMagnitudeID>quakeml:eu.emsc/event/20010418_0000004/origin/1430876/mag/2</preferredMagnitudeID>
  <creationInfo>
    <agencyURI>smi:smi-registry/organization/EMSC</agencyURI>
    <authorURI>smi:smi-registry/organization/EMSC</authorURI>
    <creationTime>2014-12-03T11:07:02.54818Z</creationTime>
  </creationInfo>
  <description>
    <text>WESTERN TURKEY</text>
    <type>Flinn-Engdahl region</type>
  </description>
  <origin publicID="quakeml:eu.emsc/event/20010418_0000004/origin/1430876">
    <time>
      <value>2001-04-18T20:14:03.7Z</value>
      <uncertainty>0.16</uncertainty>
    </time>
    <latitude>
      <value>40.7707</value>
      <uncertainty>4.3</uncertainty>
    </latitude>
    <longitude>
      <value>27.6022</value>
      <uncertainty>2.6</uncertainty>
    </longitude>
    <depth>
      <value>2000</value>
    </depth>
    <depthType>from location</depthType>
    <methodID>smi:eu.emsc-csem/origin_method/NA</methodID>
    <quality>
      <usedPhaseCount>16</usedPhaseCount>
      <usedStationCount>13</usedStationCount>
      <standardError>0.42</standardError>
      <azimuthalGap>157</azimuthalGap>
      <minimumDistance>0.24</minimumDistance>
      <maximumDistance>2.58</maximumDistance>
    </quality>
    <evaluationMode>manual</evaluationMode>
    <creationInfo>
      <agencyURI>smi:smi-registry/organization/EMSC</agencyURI>
      <authorURI>smi:smi-registry/organization/EMSC</authorURI>
    </creationInfo>
    <originUncertainty>
      <azimuthMaxHorizontalUncertainty>7</azimuthMaxHorizontalUncertainty>
    </originUncertainty>
  </origin>
  <magnitude publicID="quakeml:eu.emsc/event/20010418_0000004/origin/1430876/mag/2">
    <mag>
      <value>3</value>
    </mag>
    <type>MD</type>
    <originID>quakeml:eu.emsc/event/20010418_0000004/origin/1430876</originID>
    <creationInfo>
      <agencyURI>smi:smi-registry/organization/EMSC</agencyURI>
      <authorURI>smi:smi-registry/organization/EMSC</authorURI>
    </creationInfo>
  </magnitude>
</event>
<event publicID="quakeml:eu.emsc/event/20010418_0000010">
  <preferredOriginID>quakeml:eu.emsc/event/20010418_0000010/origin/1428031</preferredOriginID>
  <preferredMagnitudeID>quakeml:eu.emsc/event/20010418_0000010/origin/1428031/mag/2</preferredMagnitudeID>
  <creationInfo>
    <agencyURI>smi:smi-registry/organization/EMSC</agencyURI>
    <authorURI>smi:smi-registry/organization/EMSC</authorURI>
    <creationTime>2014-12-10T18:25:14.84743Z</creationTime>
  </creationInfo>
  <description>
    <text>PYRENEES</text>
    <type>Flinn-Engdahl region</type>
  </description>
  <origin publicID="quakeml:eu.emsc/event/20010418_0000010/origin/1428031">
    <time>
      <value>2001-04-18T17:08:53.1Z</value>
    </time>
    <latitude>
      <value>43.09</value>
      <uncertainty>9999.9</uncertainty>
    </latitude>
    <longitude>
      <value>-0.55</value>
      <uncertainty>9999.9</uncertainty>
    </longitude>
    <depth>
      <value>5000</value>
    </depth>
    <depthType>from location</depthType>
    <methodID>smi:eu.emsc-csem/origin_method/NA</methodID>
    <quality>
      <usedPhaseCount>10</usedPhaseCount>
      <usedStationCount>5</usedStationCount>
      <standardError>0.64</standardError>
      <azimuthalGap>166</azimuthalGap>
      <minimumDistance>0.11</minimumDistance>
      <maximumDistance>0.47</maximumDistance>
    </quality>
    <evaluationMode>manual</evaluationMode>
    <creationInfo>
      <agencyURI>smi:smi-registry/organization/EMSC</agencyURI>
      <authorURI>smi:smi-registry/organization/EMSC</authorURI>
    </creationInfo>
    <originUncertainty>
      <azimuthMaxHorizontalUncertainty>-99</azimuthMaxHorizontalUncertainty>
    </originUncertainty>
  </origin>
  <magnitude publicID="quakeml:eu.emsc/event/20010418_0000010/origin/1428031/mag/2">
    <mag>
      <value>2.2</value>
    </mag>
    <type>ML</type>
    <originID>quakeml:eu.emsc/event/20010418_0000010/origin/1428031</originID>
    <creationInfo>
      <agencyURI>smi:smi-registry/organization/EMSC</agencyURI>
      <authorURI>smi:smi-registry/organization/EMSC</authorURI>
    </creationInfo>
  </magnitude>
</event>
<event publicID="quakeml:eu.emsc/event/20010418_0000003">
  <preferredOriginID>quakeml:eu.emsc/event/20010418_0000003/origin/1430879</preferredOriginID>
  <preferredMagnitudeID>quakeml:eu.emsc/event/20010418_0000003/origin/1430879/mag/2</preferredMagnitudeID>
  <creationInfo>
    <agencyURI>smi:smi-registry/organization/EMSC</agencyURI>
    <authorURI>smi:smi-registry/organization/EMSC</authorURI>
    <creationTime>2014-12-03T12:10:19.731893Z</creationTime>
  </creationInfo>
  <description>
    <text>GREECE</text>
    <type>Flinn-Engdahl region</type>
  </description>
  <origin publicID="quakeml:eu.emsc/event/20010418_0000003/origin/1430879">
    <time>
      <value>2001-04-18T14:22:36.2Z</value>
      <uncertainty>0.31</uncertainty>
    </time>
    <latitude>
      <value>38.0875</value>
      <uncertainty>9.2</uncertainty>
    </latitude>
    <longitude>
      <value>22.6052</value>
      <uncertainty>7</uncertainty>
    </longitude>
    <depth>
      <value>10000</value>
    </depth>
    <depthType>from location</depthType>
    <methodID>smi:eu.emsc-csem/origin_method/NA</methodID>
    <quality>
      <usedPhaseCount>11</usedPhaseCount>
      <usedStationCount>10</usedStationCount>
      <standardError>0.96</standardError>
      <azimuthalGap>72</azimuthalGap>
      <minimumDistance>0.89</minimumDistance>
      <maximumDistance>2.08</maximumDistance>
    </quality>
    <evaluationMode>manual</evaluationMode>
    <creationInfo>
      <agencyURI>smi:smi-registry/organization/EMSC</agencyURI>
      <authorURI>smi:smi-registry/organization/EMSC</authorURI>
    </creationInfo>
    <originUncertainty>
      <azimuthMaxHorizontalUncertainty>57</azimuthMaxHorizontalUncertainty>
    </originUncertainty>
  </origin>
  <magnitude publicID="quakeml:eu.emsc/event/20010418_0000003/origin/1430879/mag/2">
    <mag>
      <value>2.8</value>
    </mag>
    <type>ML</type>
    <originID>quakeml:eu.emsc/event/20010418_0000003/origin/1430879</originID>
    <creationInfo>
      <agencyURI>smi:smi-registry/organization/EMSC</agencyURI>
      <authorURI>smi:smi-registry/organization/EMSC</authorURI>
    </creationInfo>
  </magnitude>
</event>
<event publicID="quakeml:eu.emsc/event/20010418_0000012">
  <preferredOriginID>quakeml:eu.emsc/event/20010418_0000012/origin/1426497</preferredOriginID>
  <preferredMagnitudeID>quakeml:eu.emsc/event/20010418_0000012/origin/1426497/mag/2</preferredMagnitudeID>
  <creationInfo>
    <agencyURI>smi:smi-registry/organization/EMSC</agencyURI>
    <authorURI>smi:smi-registry/organization/EMSC</authorURI>
    <creationTime>2014-12-10T18:25:13.545215Z</creationTime>
  </creationInfo>
  <description>
    <text>PYRENEES</text>
    <type>Flinn-Engdahl region</type>
  </description>
  <origin publicID="quakeml:eu.emsc/event/20010418_0000012/origin/1426497">
    <time>
      <value>2001-04-18T11:09:25.2Z</value>
    </time>
    <latitude>
      <value>43.03</value>
      <uncertainty>9999.9</uncertainty>
    </latitude>
    <longitude>
      <value>-1.59</value>
      <uncertainty>9999.9</uncertainty>
    </longitude>
    <depth>
      <value>5000</value>
    </depth>
    <depthType>from location</depthType>
    <methodID>smi:eu.emsc-csem/origin_method/NA</methodID>
    <quality>
      <usedPhaseCount>8</usedPhaseCount>
      <usedStationCount>4</usedStationCount>
      <standardError>0.43</standardError>
      <azimuthalGap>317</azimuthalGap>
      <minimumDistance>0.33</minimumDistance>
      <maximumDistance>0.65</maximumDistance>
    </quality>
    <evaluationMode>manual</evaluationMode>
    <creationInfo>
      <agencyURI>smi:smi-registry/organization/EMSC</agencyURI>
      <authorURI>smi:smi-registry/organization/EMSC</authorURI>
    </creationInfo>
    <originUncertainty>
      <azimuthMaxHorizontalUncertainty>-99</azimuthMaxHorizontalUncertainty>
    </originUncertainty>
  </origin>
  <magnitude publicID="quakeml:eu.emsc/event/20010418_0000012/origin/1426497/mag/2">
    <mag>
      <value>2.3</value>
    </mag>
    <type>ML</type>
    <originID>quakeml:eu.emsc/event/20010418_0000012/origin/1426497</originID>
    <creationInfo>
      <agencyURI>smi:smi-registry/organization/EMSC</agencyURI>
      <authorURI>smi:smi-registry/organization/EMSC</authorURI>
    </creationInfo>
  </magnitude>
</event>
<event publicID="quakeml:eu.emsc/event/20010418_0000002">
  <preferredOriginID>quakeml:eu.emsc/event/20010418_0000002/origin/1428033</preferredOriginID>
  <preferredMagnitudeID>quakeml:eu.emsc/event/20010418_0000002/origin/1428033/mag/2</preferredMagnitudeID>
  <creationInfo>
    <agencyURI>smi:smi-registry/organization/EMSC</agencyURI>
    <authorURI>smi:smi-registry/organization/EMSC</authorURI>
    <creationTime>2014-12-10T12:01:16.814672Z</creationTime>
  </creationInfo>
  <description>
    <text>EASTERN TURKEY</text>
    <type>Flinn-Engdahl region</type>
  </description>
  <origin publicID="quakeml:eu.emsc/event/20010418_0000002/origin/1428033">
    <time>
      <value>2001-04-18T10:51:44.7Z</value>
    </time>
    <latitude>
      <value>40.193</value>
      <uncertainty>9999.9</uncertainty>
    </latitude>
    <longitude>
      <value>38.045</value>
      <uncertainty>9999.9</uncertainty>
    </longitude>
    <depth>
      <value>10000</value>
    </depth>
    <depthType>from location</depthType>
    <methodID>smi:eu.emsc-csem/origin_method/NA</methodID>
    <quality>
      <usedPhaseCount>6</usedPhaseCount>
      <usedStationCount>5</usedStationCount>
      <standardError>17.44</standardError>
      <azimuthalGap>171</azimuthalGap>
      <minimumDistance>1.16</minimumDistance>
      <maximumDistance>4.42</maximumDistance>
    </quality>
    <evaluationMode>manual</evaluationMode>
    <creationInfo>
      <agencyURI>smi:smi-registry/organization/EMSC</agencyURI>
      <authorURI>smi:smi-registry/organization/EMSC</authorURI>
    </creationInfo>
    <originUncertainty>
      <azimuthMaxHorizontalUncertainty>-99</azimuthMaxHorizontalUncertainty>
    </originUncertainty>
  </origin>
  <magnitude publicID="quakeml:eu.emsc/event/20010418_0000002/origin/1428033/mag/2">
    <mag>
      <value>3.1</value>
    </mag>
    <type>MD</type>
    <originID>quakeml:eu.emsc/event/20010418_0000002/origin/1428033</originID>
    <creationInfo>
      <agencyURI>smi:smi-registry/organization/EMSC</agencyURI>
      <authorURI>smi:smi-registry/organization/EMSC</authorURI>
    </creationInfo>
  </magnitude>
</event>
<event publicID="quakeml:eu.emsc/event/20010418_0000001">
  <preferredOriginID>quakeml:eu.emsc/event/20010418_0000001/origin/1426499</preferredOriginID>
  <preferredMagnitudeID>quakeml:eu.emsc/event/20010418_0000001/origin/1426499/mag/2</preferredMagnitudeID>
  <creationInfo>
    <agencyURI>smi:smi-registry/organization/EMSC</agencyURI>
    <authorURI>smi:smi-registry/organization/EMSC</authorURI>
    <creationTime>2014-12-10T12:01:14.488351Z</creationTime>
  </creationInfo>
  <description>
    <text>CENTRAL TURKEY</text>
    <type>Flinn-Engdahl region</type>
  </description>
  <origin publicID="quakeml:eu.emsc/event/20010418_0000001/origin/1426499">
    <time>
      <value>2001-04-18T07:11:50.3Z</value>
    </time>
    <latitude>
      <value>37.003</value>
      <uncertainty>9999.9</uncertainty>
    </latitude>
    <longitude>
      <value>37.572</value>
      <uncertainty>9999.9</uncertainty>
    </longitude>
    <depth>
      <value>10000</value>
    </depth>
    <depthType>from location</depthType>
    <methodID>smi:eu.emsc-csem/origin_method/NA</methodID>
    <quality>
      <usedPhaseCount>6</usedPhaseCount>
      <usedStationCount>4</usedStationCount>
      <standardError>9.49</standardError>
      <azimuthalGap>162</azimuthalGap>
      <minimumDistance>1.45</minimumDistance>
      <maximumDistance>4.73</maximumDistance>
    </quality>
    <evaluationMode>manual</evaluationMode>
    <creationInfo>
      <agencyURI>smi:smi-registry/organization/EMSC</agencyURI>
      <authorURI>smi:smi-registry/organization/EMSC</authorURI>
    </creationInfo>
    <originUncertainty>
      <azimuthMaxHorizontalUncertainty>-99</azimuthMaxHorizontalUncertainty>
    </originUncertainty>
  </origin>
  <magnitude publicID="quakeml:eu.emsc/event/20010418_0000001/origin/1426499/mag/2">
    <mag>
      <value>3.5</value>
    </mag>
    <type>MD</type>
    <originID>quakeml:eu.emsc/event/20010418_0000001/origin/1426499</originID>
    <creationInfo>
      <agencyURI>smi:smi-registry/organization/EMSC</agencyURI>
      <authorURI>smi:smi-registry/organization/EMSC</authorURI>
    </creationInfo>
  </magnitude>
</event>
<event publicID="quakeml:eu.emsc/event/20010418_0000007">
  <preferredOriginID>quakeml:eu.emsc/event/20010418_0000007/origin/1430682</preferredOriginID>
  <preferredMagnitudeID>quakeml:eu.emsc/event/20010418_0000007/origin/1430682/mag/2</preferredMagnitudeID>
  <creationInfo>
    <agencyURI>smi:smi-registry/organization/EMSC</agencyURI>
    <authorURI>smi:smi-registry/organization/EMSC</authorURI>
    <creationTime>2014-12-03T11:25:37.298137Z</creationTime>
  </creationInfo>
  <description>
    <text>SOUTHERN IRAN</text>
    <type>Flinn-Engdahl region</type>
  </description>
  <origin publicID="quakeml:eu.emsc/event/20010418_0000007/origin/1430682">
    <time>
      <value>2001-04-18T01:35:34.0Z</value>
      <uncertainty>0.38</uncertainty>
    </time>
    <latitude>
      <value>28.3553</value>
      <uncertainty>14</uncertainty>
    </latitude>
    <longitude>
      <value>54.6586</value>
      <uncertainty>8.6</uncertainty>
    </longitude>
    <depth>
      <value>2000</value>
    </depth>
    <depthType>from location</depthType>
    <methodID>smi:eu.emsc-csem/origin_method/NA</methodID>
    <quality>
      <usedPhaseCount>38</usedPhaseCount>
      <usedStationCount>36</usedStationCount>
      <standardError>1.26</standardError>
      <azimuthalGap>149</azimuthalGap>
      <minimumDistance>4.71</minimumDistance>
      <maximumDistance>53.11</maximumDistance>
    </quality>
    <evaluationMode>manual</evaluationMode>
    <creationInfo>
      <agencyURI>smi:smi-registry/organization/EMSC</agencyURI>
      <authorURI>smi:smi-registry/organization/EMSC</authorURI>
    </creationInfo>
    <originUncertainty>
      <azimuthMaxHorizontalUncertainty>161</azimuthMaxHorizontalUncertainty>
    </originUncertainty>
  </origin>
  <magnitude publicID="quakeml:eu.emsc/event/20010418_0000007/origin/1430682/mag/2">
    <mag>
      <value>3.6</value>
    </mag>
    <type>ML</type>
    <originID>quakeml:eu.emsc/event/20010418_0000007/origin/1430682</originID>
    <creationInfo>
      <agencyURI>smi:smi-registry/organization/EMSC</agencyURI>
      <authorURI>smi:smi-registry/organization/EMSC</authorURI>
    </creationInfo>
  </magnitude>
</event>
</eventParameters>
</q:quakeml>
