<?xml version="1.0"?>
<q:quakeml xmlns:q="http://quakeml.org/xmlns/quakeml/1.2"  xmlns="http://quakeml.org/xmlns/bed/1.2">
<eventParameters publicID="smi:eu.emsc/unid">
<event publicID="quakeml:eu.emsc/event/20010307_0000025">
  <preferredOriginID>quakeml:eu.emsc/event/20010307_0000025/origin/1427043</preferredOriginID>
  <creationInfo>
    <agencyURI>smi:smi-registry/organization/EMSC</agencyURI>
    <authorURI>smi:smi-registry/organization/EMSC</authorURI>
    <creationTime>2014-12-10T18:24:21.345819Z</creationTime>
  </creationInfo>
  <description>
    <text>FRANCE</text>
    <type>Flinn-Engdahl region</type>
  </description>
  <origin publicID="quakeml:eu.emsc/event/20010307_0000025/origin/1427043">
    <time>
      <value>2001-03-07T23:41:09.0Z</value>
    </time>
    <latitude>
      <value>48.3074</value>
      <uncertainty>9999.9</uncertainty>
    </latitude>
    <longitude>
      <value>-2.6666</value>
      <uncertainty>9999.9</uncertainty>
    </longitude>
    <depth>
      <value>5000</value>
    </depth>
    <depthType>from location</depthType>
    <methodID>smi:eu.emsc-csem/origin_method/NA</methodID>
    <quality>
      <usedPhaseCount>12</usedPhaseCount>
      <usedStationCount>6</usedStationCount>
      <standardError>0.72</standardError>
      <azimuthalGap>157</azimuthalGap>
      <minimumDistance>0.09</minimumDistance>
      <maximumDistance>1.72</maximumDistance>
    </quality>
    <evaluationMode>manual</evaluationMode>
    <creationInfo>
      <agencyURI>smi:smi-registry/organization/EMSC</agencyURI>
      <authorURI>smi:smi-registry/organization/EMSC</authorURI>
    </creationInfo>
    <originUncertainty>
      <azimuthMaxHorizontalUncertainty>-99</azimuthMaxHorizontalUncertainty>
    </originUncertainty>
  </origin>
</event>
<event publicID="quakeml:eu.emsc/event/20010307_0000019">
  <preferredOriginID>quakeml:eu.emsc/event/20010307_0000019/origin/1433186</preferredOriginID>
  <preferredMagnitudeID>quakeml:eu.emsc/event/20010307_0000019/origin/1433186/mag/2</preferredMagnitudeID>
  <creationInfo>
    <agencyURI>smi:smi-registry/organization/EMSC</agencyURI>
    <authorURI>smi:smi-registry/organization/EMSC</authorURI>
    <creationTime>2014-12-03T11:38:45.222952Z</creationTime>
  </creationInfo>
  <description>
    <text>CYPRUS REGION</text>
    <type>Flinn-Engdahl region</type>
  </description>
  <origin publicID="quakeml:eu.emsc/event/20010307_0000019/origin/1433186">
    <time>
      <value>2001-03-07T14:19:26.3Z</value>
      <uncertainty>0.16</uncertainty>
    </time>
    <latitude>
      <value>35.0837</value>
      <uncertainty>5.1</uncertainty>
    </latitude>
    <longitude>
      <value>31.0078</value>
      <uncertainty>3.5</uncertainty>
    </longitude>
    <depth>
      <value>60000</value>
    </depth>
    <depthType>from location</depthType>
    <methodID>smi:eu.emsc-csem/origin_method/NA</methodID>
    <quality>
      <usedPhaseCount>39</usedPhaseCount>
      <usedStationCount>36</usedStationCount>
      <standardError>0.68</standardError>
      <azimuthalGap>138</azimuthalGap>
      <minimumDistance>1.09</minimumDistance>
      <maximumDistance>28.91</maximumDistance>
    </quality>
    <evaluationMode>manual</evaluationMode>
    <creationInfo>
      <agencyURI>smi:smi-registry/organization/EMSC</agencyURI>
      <authorURI>smi:smi-registry/organization/EMSC</authorURI>
    </creationInfo>
    <originUncertainty>
      <azimuthMaxHorizontalUncertainty>75</azimuthMaxHorizontalUncertainty>
    </originUncertainty>
  </origin>
  <magnitude publicID="quakeml:eu.emsc/event/20010307_0000019/origin/1433186/mag/2">
    <mag>
      <value>3.5</value>
    </mag>
    <type>ML</type>
    <originID>quakeml:eu.emsc/event/20010307_0000019/origin/1433186</originID>
    <creationInfo>
      <agencyURI>smi:smi-registry/organization/EMSC</agencyURI>
      <authorURI>smi:smi-registry/organization/EMSC</authorURI>
    </creationInfo>
  </magnitude>
</event>
<event publicID="quakeml:eu.emsc/event/20010307_0000017">
  <preferredOriginID>quakeml:eu.emsc/event/20010307_0000017/origin/1427045</preferredOriginID>
  <preferredMagnitudeID>quakeml:eu.emsc/event/20010307_0000017/origin/1427045/mag/2</preferredMagnitudeID>
  <creationInfo>
    <agencyURI>smi:smi-registry/organization/EMSC</agencyURI>
    <authorURI>smi:smi-registry/organization/EMSC</authorURI>
    <creationTime>2014-12-10T12:46:02.79347Z</creationTime>
  </creationInfo>
  <description>
    <text>NORTHERN ALGERIA</text>
    <type>Flinn-Engdahl region</type>
  </description>
  <origin publicID="quakeml:eu.emsc/event/20010307_0000017/origin/1427045">
    <time>
      <value>2001-03-07T13:39:00.1Z</value>
    </time>
    <latitude>
      <value>36.3268</value>
      <uncertainty>9999.9</uncertainty>
    </latitude>
    <longitude>
      <value>4.7112</value>
      <uncertainty>9999.9</uncertainty>
    </longitude>
    <depth>
      <value>1300.0</value>
    </depth>
    <depthType>from location</depthType>
    <methodID>smi:eu.emsc-csem/origin_method/NA</methodID>
    <quality>
      <usedPhaseCount>7</usedPhaseCount>
      <usedStationCount>6</usedStationCount>
      <standardError>2.24</standardError>
      <azimuthalGap>187</azimuthalGap>
      <minimumDistance>0.57</minimumDistance>
      <maximumDistance>6.18</maximumDistance>
    </quality>
    <evaluationMode>manual</evaluationMode>
    <creationInfo>
      <agencyURI>smi:smi-registry/organization/EMSC</agencyURI>
      <authorURI>smi:smi-registry/organization/EMSC</authorURI>
    </creationInfo>
    <originUncertainty>
      <azimuthMaxHorizontalUncertainty>-99</azimuthMaxHorizontalUncertainty>
    </originUncertainty>
  </origin>
  <magnitude publicID="quakeml:eu.emsc/event/20010307_0000017/origin/1427045/mag/2">
    <mag>
      <value>2.3</value>
    </mag>
    <type>mb</type>
    <originID>quakeml:eu.emsc/event/20010307_0000017/origin/1427045</originID>
    <stationCount>1</stationCount>
    <creationInfo>
      <agencyURI>smi:smi-registry/organization/EMSC</agencyURI>
      <authorURI>smi:smi-registry/organization/EMSC</authorURI>
    </creationInfo>
  </magnitude>
</event>
<event publicID="quakeml:eu.emsc/event/20010307_0000014">
  <preferredOriginID>quakeml:eu.emsc/event/20010307_0000014/origin/1432913</preferredOriginID>
  <preferredMagnitudeID>quakeml:eu.emsc/event/20010307_0000014/origin/1432913/mag/1</preferredMagnitudeID>
  <creationInfo>
    <agencyURI>smi:smi-registry/organization/EMSC</agencyURI>
    <authorURI>smi:smi-registry/organization/EMSC</authorURI>
    <creationTime>2014-12-03T11:35:58.455094Z</creationTime>
  </creationInfo>
  <description>
    <text>SPAIN</text>
    <type>Flinn-Engdahl region</type>
  </description>
  <origin publicID="quakeml:eu.emsc/event/20010307_0000014/origin/1432913">
    <time>
      <value>2001-03-07T11:45:57.1Z</value>
      <uncertainty>0.24</uncertainty>
    </time>
    <latitude>
      <value>39.9938</value>
      <uncertainty>6.6</uncertainty>
    </latitude>
    <longitude>
      <value>0.0454</value>
      <uncertainty>3.5</uncertainty>
    </longitude>
    <depth>
      <value>12000</value>
    </depth>
    <depthType>from location</depthType>
    <methodID>smi:eu.emsc-csem/origin_method/NA</methodID>
    <quality>
      <usedPhaseCount>44</usedPhaseCount>
      <usedStationCount>27</usedStationCount>
      <standardError>1.11</standardError>
      <azimuthalGap>94</azimuthalGap>
      <minimumDistance>0.87</minimumDistance>
      <maximumDistance>5.88</maximumDistance>
    </quality>
    <evaluationMode>manual</evaluationMode>
    <creationInfo>
      <agencyURI>smi:smi-registry/organization/EMSC</agencyURI>
      <authorURI>smi:smi-registry/organization/EMSC</authorURI>
    </creationInfo>
    <originUncertainty>
      <azimuthMaxHorizontalUncertainty>123</azimuthMaxHorizontalUncertainty>
    </originUncertainty>
  </origin>
  <magnitude publicID="quakeml:eu.emsc/event/20010307_0000014/origin/1432913/mag/1">
    <mag>
      <value>3.2</value>
      <uncertainty>0.3</uncertainty>
    </mag>
    <type>ML</type>
    <originID>quakeml:eu.emsc/event/20010307_0000014/origin/1432913</originID>
    <stationCount>6</stationCount>
    <creationInfo>
      <agencyURI>smi:smi-registry/organization/EMSC</agencyURI>
      <authorURI>smi:smi-registry/organization/EMSC</authorURI>
    </creationInfo>
  </magnitude>
</event>
<event publicID="quakeml:eu.emsc/event/20010307_0000013">
  <preferredOriginID>quakeml:eu.emsc/event/20010307_0000013/origin/1432916</preferredOriginID>
  <preferredMagnitudeID>quakeml:eu.emsc/event/20010307_0000013/origin/1432916/mag/2</preferredMagnitudeID>
  <creationInfo>
    <agencyURI>smi:smi-registry/organization/EMSC</agencyURI>
    <authorURI>smi:smi-registry/organization/EMSC</authorURI>
    <creationTime>2014-12-03T12:15:13.64427Z</creationTime>
  </creationInfo>
  <description>
    <text>RED SEA</text>
    <type>Flinn-Engdahl region</type>
  </description>
  <origin publicID="quakeml:eu.emsc/event/20010307_0000013/origin/1432916">
    <time>
      <value>2001-03-07T11:13:42.3Z</value>
      <uncertainty>1.35</uncertainty>
    </time>
    <latitude>
      <value>26.8886</value>
      <uncertainty>27.4</uncertainty>
    </latitude>
    <longitude>
      <value>34.3782</value>
      <uncertainty>17</uncertainty>
    </longitude>
    <depth>
      <value>2000</value>
    </depth>
    <depthType>from location</depthType>
    <methodID>smi:eu.emsc-csem/origin_method/NA</methodID>
    <quality>
      <usedPhaseCount>17</usedPhaseCount>
      <usedStationCount>14</usedStationCount>
      <standardError>0.99</standardError>
      <azimuthalGap>312</azimuthalGap>
      <minimumDistance>1.18</minimumDistance>
      <maximumDistance>4.77</maximumDistance>
    </quality>
    <evaluationMode>manual</evaluationMode>
    <creationInfo>
      <agencyURI>smi:smi-registry/organization/EMSC</agencyURI>
      <authorURI>smi:smi-registry/organization/EMSC</authorURI>
    </creationInfo>
    <originUncertainty>
      <azimuthMaxHorizontalUncertainty>177</azimuthMaxHorizontalUncertainty>
    </originUncertainty>
  </origin>
  <magnitude publicID="quakeml:eu.emsc/event/20010307_0000013/origin/1432916/mag/2">
    <mag>
      <value>3.6</value>
    </mag>
    <type>ML</type>
    <originID>quakeml:eu.emsc/event/20010307_0000013/origin/1432916</originID>
    <creationInfo>
      <agencyURI>smi:smi-registry/organization/EMSC</agencyURI>
      <authorURI>smi:smi-registry/organization/EMSC</authorURI>
    </creationInfo>
  </magnitude>
</event>
<event publicID="quakeml:eu.emsc/event/20010307_0000012">
  <preferredOriginID>quakeml:eu.emsc/event/20010307_0000012/origin/1535773</preferredOriginID>
  <preferredMagnitudeID>quakeml:eu.emsc/event/20010307_0000012/origin/1535773/mag/1</preferredMagnitudeID>
  <creationInfo>
    <agencyURI>smi:smi-registry/organization/EMSC</agencyURI>
    <authorURI>smi:smi-registry/organization/EMSC</authorURI>
    <creationTime>2014-12-03T10:29:32.993336Z</creationTime>
  </creationInfo>
  <description>
    <text>THE NETHERLANDS</text>
    <type>Flinn-Engdahl region</type>
  </description>
  <origin publicID="quakeml:eu.emsc/event/20010307_0000012/origin/1535773">
    <time>
      <value>2001-03-07T11:03:58.7Z</value>
      <uncertainty>0.13</uncertainty>
    </time>
    <latitude>
      <value>50.8711</value>
      <uncertainty>3</uncertainty>
    </latitude>
    <longitude>
      <value>5.9424</value>
      <uncertainty>2.1</uncertainty>
    </longitude>
    <depth>
      <value>2000</value>
    </depth>
    <depthType>from location</depthType>
    <methodID>smi:eu.emsc-csem/origin_method/NA</methodID>
    <quality>
      <usedPhaseCount>125</usedPhaseCount>
      <usedStationCount>83</usedStationCount>
      <standardError>1.01</standardError>
      <azimuthalGap>117</azimuthalGap>
      <minimumDistance>0.11</minimumDistance>
      <maximumDistance>6.64</maximumDistance>
    </quality>
    <evaluationMode>manual</evaluationMode>
    <creationInfo>
      <agencyURI>smi:smi-registry/organization/EMSC</agencyURI>
      <authorURI>smi:smi-registry/organization/EMSC</authorURI>
    </creationInfo>
    <originUncertainty>
      <azimuthMaxHorizontalUncertainty>160</azimuthMaxHorizontalUncertainty>
    </originUncertainty>
  </origin>
  <magnitude publicID="quakeml:eu.emsc/event/20010307_0000012/origin/1535773/mag/1">
    <mag>
      <value>3.7</value>
      <uncertainty>0.3</uncertainty>
    </mag>
    <type>ML</type>
    <originID>quakeml:eu.emsc/event/20010307_0000012/origin/1535773</originID>
    <stationCount>7</stationCount>
    <creationInfo>
      <agencyURI>smi:smi-registry/organization/EMSC</agencyURI>
      <authorURI>smi:smi-registry/organization/EMSC</authorURI>
    </creationInfo>
  </magnitude>
</event>
<event publicID="quakeml:eu.emsc/event/20010307_0000011">
  <preferredOriginID>quakeml:eu.emsc/event/20010307_0000011/origin/1428111</preferredOriginID>
  <preferredMagnitudeID>quakeml:eu.emsc/event/20010307_0000011/origin/1428111/mag/2</preferredMagnitudeID>
  <creationInfo>
    <agencyURI>smi:smi-registry/organization/EMSC</agencyURI>
    <authorURI>smi:smi-registry/organization/EMSC</authorURI>
    <creationTime>2014-12-10T12:45:46.340255Z</creationTime>
  </creationInfo>
  <description>
    <text>SPAIN</text>
    <type>Flinn-Engdahl region</type>
  </description>
  <origin publicID="quakeml:eu.emsc/event/20010307_0000011/origin/1428111">
    <time>
      <value>2001-03-07T10:38:29.8Z</value>
    </time>
    <latitude>
      <value>39.3335</value>
      <uncertainty>9999.9</uncertainty>
    </latitude>
    <longitude>
      <value>-0.5706</value>
      <uncertainty>9999.9</uncertainty>
    </longitude>
    <depth>
      <value>19000</value>
    </depth>
    <depthType>from location</depthType>
    <methodID>smi:eu.emsc-csem/origin_method/NA</methodID>
    <quality>
      <usedPhaseCount>19</usedPhaseCount>
      <usedStationCount>9</usedStationCount>
      <standardError>2.18</standardError>
      <azimuthalGap>102</azimuthalGap>
      <minimumDistance>0.4</minimumDistance>
      <maximumDistance>90.38</maximumDistance>
    </quality>
    <evaluationMode>manual</evaluationMode>
    <creationInfo>
      <agencyURI>smi:smi-registry/organization/EMSC</agencyURI>
      <authorURI>smi:smi-registry/organization/EMSC</authorURI>
    </creationInfo>
    <originUncertainty>
      <azimuthMaxHorizontalUncertainty>-99</azimuthMaxHorizontalUncertainty>
    </originUncertainty>
  </origin>
  <magnitude publicID="quakeml:eu.emsc/event/20010307_0000011/origin/1428111/mag/2">
    <mag>
      <value>1.9</value>
      <uncertainty>0.1</uncertainty>
    </mag>
    <type>mb</type>
    <originID>quakeml:eu.emsc/event/20010307_0000011/origin/1428111</originID>
    <stationCount>6</stationCount>
    <creationInfo>
      <agencyURI>smi:smi-registry/organization/EMSC</agencyURI>
      <authorURI>smi:smi-registry/organization/EMSC</authorURI>
    </creationInfo>
  </magnitude>
</event>
<event publicID="quakeml:eu.emsc/event/20010307_0000027">
  <preferredOriginID>quakeml:eu.emsc/event/20010307_0000027/origin/1432155</preferredOriginID>
  <preferredMagnitudeID>quakeml:eu.emsc/event/20010307_0000027/origin/1432155/mag/1</preferredMagnitudeID>
  <creationInfo>
    <agencyURI>smi:smi-registry/organization/EMSC</agencyURI>
    <authorURI>smi:smi-registry/organization/EMSC</authorURI>
    <creationTime>2014-12-03T17:07:02.45684Z</creationTime>
  </creationInfo>
  <description>
    <text>NEAR SOUTH COAST OF FRANCE</text>
    <type>Flinn-Engdahl region</type>
  </description>
  <origin publicID="quakeml:eu.emsc/event/20010307_0000027/origin/1432155">
    <time>
      <value>2001-03-07T10:30:48.4Z</value>
      <uncertainty>0.16</uncertainty>
    </time>
    <latitude>
      <value>43.5148</value>
      <uncertainty>3.1</uncertainty>
    </latitude>
    <longitude>
      <value>7.3643</value>
      <uncertainty>1.9</uncertainty>
    </longitude>
    <depth>
      <value>19400.0</value>
      <uncertainty>0.1</uncertainty>
    </depth>
    <depthType>from location</depthType>
    <methodID>smi:eu.emsc-csem/origin_method/NA</methodID>
    <quality>
      <usedPhaseCount>48</usedPhaseCount>
      <usedStationCount>27</usedStationCount>
      <standardError>0.67</standardError>
      <azimuthalGap>125</azimuthalGap>
      <minimumDistance>0.23</minimumDistance>
      <maximumDistance>2.05</maximumDistance>
    </quality>
    <evaluationMode>manual</evaluationMode>
    <creationInfo>
      <agencyURI>smi:smi-registry/organization/EMSC</agencyURI>
      <authorURI>smi:smi-registry/organization/EMSC</authorURI>
    </creationInfo>
    <originUncertainty>
      <azimuthMaxHorizontalUncertainty>138</azimuthMaxHorizontalUncertainty>
    </originUncertainty>
  </origin>
  <magnitude publicID="quakeml:eu.emsc/event/20010307_0000027/origin/1432155/mag/1">
    <mag>
      <value>2.5</value>
      <uncertainty>0.2</uncertainty>
    </mag>
    <type>ML</type>
    <originID>quakeml:eu.emsc/event/20010307_0000027/origin/1432155</originID>
    <stationCount>7</stationCount>
    <creationInfo>
      <agencyURI>smi:smi-registry/organization/EMSC</agencyURI>
      <authorURI>smi:smi-registry/organization/EMSC</authorURI>
    </creationInfo>
  </magnitude>
</event>
<event publicID="quakeml:eu.emsc/event/20010307_0000010">
  <preferredOriginID>quakeml:eu.emsc/event/20010307_0000010/origin/1536068</preferredOriginID>
  <preferredMagnitudeID>quakeml:eu.emsc/event/20010307_0000010/origin/1536068/mag/2</preferredMagnitudeID>
  <creationInfo>
    <agencyURI>smi:smi-registry/organization/EMSC</agencyURI>
    <authorURI>smi:smi-registry/organization/EMSC</authorURI>
    <creationTime>2014-12-03T10:22:50.925101Z</creationTime>
  </creationInfo>
  <description>
    <text>THE NETHERLANDS</text>
    <type>Flinn-Engdahl region</type>
  </description>
  <origin publicID="quakeml:eu.emsc/event/20010307_0000010/origin/1536068">
    <time>
      <value>2001-03-07T10:29:12.4Z</value>
      <uncertainty>0.16</uncertainty>
    </time>
    <latitude>
      <value>50.8795</value>
      <uncertainty>3.8</uncertainty>
    </latitude>
    <longitude>
      <value>5.982</value>
      <uncertainty>2.5</uncertainty>
    </longitude>
    <depth>
      <value>15000</value>
    </depth>
    <depthType>from location</depthType>
    <methodID>smi:eu.emsc-csem/origin_method/NA</methodID>
    <quality>
      <usedPhaseCount>85</usedPhaseCount>
      <usedStationCount>56</usedStationCount>
      <standardError>1.08</standardError>
      <azimuthalGap>118</azimuthalGap>
      <minimumDistance>0.21</minimumDistance>
      <maximumDistance>15.21</maximumDistance>
    </quality>
    <evaluationMode>manual</evaluationMode>
    <creationInfo>
      <agencyURI>smi:smi-registry/organization/EMSC</agencyURI>
      <authorURI>smi:smi-registry/organization/EMSC</authorURI>
    </creationInfo>
    <originUncertainty>
      <azimuthMaxHorizontalUncertainty>164</azimuthMaxHorizontalUncertainty>
    </originUncertainty>
  </origin>
  <magnitude publicID="quakeml:eu.emsc/event/20010307_0000010/origin/1536068/mag/2">
    <mag>
      <value>2.7</value>
    </mag>
    <type>ML</type>
    <originID>quakeml:eu.emsc/event/20010307_0000010/origin/1536068</originID>
    <stationCount>1</stationCount>
    <creationInfo>
      <agencyURI>smi:smi-registry/organization/EMSC</agencyURI>
      <authorURI>smi:smi-registry/organization/EMSC</authorURI>
    </creationInfo>
  </magnitude>
</event>
<event publicID="quakeml:eu.emsc/event/20010307_0000009">
  <preferredOriginID>quakeml:eu.emsc/event/20010307_0000009/origin/1432930</preferredOriginID>
  <preferredMagnitudeID>quakeml:eu.emsc/event/20010307_0000009/origin/1432930/mag/2</preferredMagnitudeID>
  <creationInfo>
    <agencyURI>smi:smi-registry/organization/EMSC</agencyURI>
    <authorURI>smi:smi-registry/organization/EMSC</authorURI>
    <creationTime>2014-12-03T11:37:49.5169Z</creationTime>
  </creationInfo>
  <description>
    <text>CYPRUS REGION</text>
    <type>Flinn-Engdahl region</type>
  </description>
  <origin publicID="quakeml:eu.emsc/event/20010307_0000009/origin/1432930">
    <time>
      <value>2001-03-07T09:42:30.1Z</value>
      <uncertainty>0.3</uncertainty>
    </time>
    <latitude>
      <value>35.978</value>
      <uncertainty>21.2</uncertainty>
    </latitude>
    <longitude>
      <value>31.5036</value>
      <uncertainty>7.1</uncertainty>
    </longitude>
    <depth>
      <value>80000</value>
    </depth>
    <depthType>from location</depthType>
    <methodID>smi:eu.emsc-csem/origin_method/NA</methodID>
    <quality>
      <usedPhaseCount>9</usedPhaseCount>
      <usedStationCount>8</usedStationCount>
      <standardError>0.64</standardError>
      <azimuthalGap>156</azimuthalGap>
      <minimumDistance>1.16</minimumDistance>
      <maximumDistance>23.62</maximumDistance>
    </quality>
    <evaluationMode>manual</evaluationMode>
    <creationInfo>
      <agencyURI>smi:smi-registry/organization/EMSC</agencyURI>
      <authorURI>smi:smi-registry/organization/EMSC</authorURI>
    </creationInfo>
    <originUncertainty>
      <azimuthMaxHorizontalUncertainty>43</azimuthMaxHorizontalUncertainty>
    </originUncertainty>
  </origin>
  <magnitude publicID="quakeml:eu.emsc/event/20010307_0000009/origin/1432930/mag/2">
    <mag>
      <value>3.1</value>
    </mag>
    <type>ML</type>
    <originID>quakeml:eu.emsc/event/20010307_0000009/origin/1432930</originID>
    <creationInfo>
      <agencyURI>smi:smi-registry/organization/EMSC</agencyURI>
      <authorURI>smi:smi-registry/organization/EMSC</authorURI>
    </creationInfo>
  </magnitude>
</event>
<event publicID="quakeml:eu.emsc/event/20010307_0000007">
  <preferredOriginID>quakeml:eu.emsc/event/20010307_0000007/origin/1535766</preferredOriginID>
  <preferredMagnitudeID>quakeml:eu.emsc/event/20010307_0000007/origin/1535766/mag/1</preferredMagnitudeID>
  <creationInfo>
    <agencyURI>smi:smi-registry/organization/EMSC</agencyURI>
    <authorURI>smi:smi-registry/organization/EMSC</authorURI>
    <creationTime>2014-12-03T10:20:39.952277Z</creationTime>
  </creationInfo>
  <description>
    <text>THE NETHERLANDS</text>
    <type>Flinn-Engdahl region</type>
  </description>
  <origin publicID="quakeml:eu.emsc/event/20010307_0000007/origin/1535766">
    <time>
      <value>2001-03-07T09:17:58.8Z</value>
      <uncertainty>0.13</uncertainty>
    </time>
    <latitude>
      <value>50.8298</value>
      <uncertainty>2.7</uncertainty>
    </latitude>
    <longitude>
      <value>5.9402</value>
      <uncertainty>2</uncertainty>
    </longitude>
    <depth>
      <value>5000</value>
    </depth>
    <depthType>from location</depthType>
    <methodID>smi:eu.emsc-csem/origin_method/NA</methodID>
    <quality>
      <usedPhaseCount>168</usedPhaseCount>
      <usedStationCount>97</usedStationCount>
      <standardError>1.21</standardError>
      <azimuthalGap>112</azimuthalGap>
      <minimumDistance>0.07</minimumDistance>
      <maximumDistance>6.9</maximumDistance>
    </quality>
    <evaluationMode>manual</evaluationMode>
    <creationInfo>
      <agencyURI>smi:smi-registry/organization/EMSC</agencyURI>
      <authorURI>smi:smi-registry/organization/EMSC</authorURI>
    </creationInfo>
    <originUncertainty>
      <azimuthMaxHorizontalUncertainty>163</azimuthMaxHorizontalUncertainty>
    </originUncertainty>
  </origin>
  <magnitude publicID="quakeml:eu.emsc/event/20010307_0000007/origin/1535766/mag/1">
    <mag>
      <value>3.9</value>
      <uncertainty>0.2</uncertainty>
    </mag>
    <type>ML</type>
    <originID>quakeml:eu.emsc/event/20010307_0000007/origin/1535766</originID>
    <stationCount>14</stationCount>
    <creationInfo>
      <agencyURI>smi:smi-registry/organization/EMSC</agencyURI>
      <authorURI>smi:smi-registry/organization/EMSC</authorURI>
    </creationInfo>
  </magnitude>
</event>
<event publicID="quakeml:eu.emsc/event/20010307_0000006">
  <preferredOriginID>quakeml:eu.emsc/event/20010307_0000006/origin/1432943</preferredOriginID>
  <preferredMagnitudeID>quakeml:eu.emsc/event/20010307_0000006/origin/1432943/mag/2</preferredMagnitudeID>
  <creationInfo>
    <agencyURI>smi:smi-registry/organization/EMSC</agencyURI>
    <authorURI>smi:smi-registry/organization/EMSC</authorURI>
    <creationTime>2014-12-03T11:46:13.49763Z</creationTime>
  </creationInfo>
  <description>
    <text>GREECE</text>
    <type>Flinn-Engdahl region</type>
  </description>
  <origin publicID="quakeml:eu.emsc/event/20010307_0000006/origin/1432943">
    <time>
      <value>2001-03-07T06:45:47.6Z</value>
      <uncertainty>0.49</uncertainty>
    </time>
    <latitude>
      <value>38.7472</value>
      <uncertainty>11.8</uncertainty>
    </latitude>
    <longitude>
      <value>21.1207</value>
      <uncertainty>7.5</uncertainty>
    </longitude>
    <depth>
      <value>8000</value>
    </depth>
    <depthType>from location</depthType>
    <methodID>smi:eu.emsc-csem/origin_method/NA</methodID>
    <quality>
      <usedPhaseCount>15</usedPhaseCount>
      <usedStationCount>10</usedStationCount>
      <standardError>1.43</standardError>
      <azimuthalGap>142</azimuthalGap>
      <minimumDistance>0.37</minimumDistance>
      <maximumDistance>2.04</maximumDistance>
    </quality>
    <evaluationMode>manual</evaluationMode>
    <creationInfo>
      <agencyURI>smi:smi-registry/organization/EMSC</agencyURI>
      <authorURI>smi:smi-registry/organization/EMSC</authorURI>
    </creationInfo>
    <originUncertainty>
      <azimuthMaxHorizontalUncertainty>168</azimuthMaxHorizontalUncertainty>
    </originUncertainty>
  </origin>
  <magnitude publicID="quakeml:eu.emsc/event/20010307_0000006/origin/1432943/mag/2">
    <mag>
      <value>2.5</value>
    </mag>
    <type>ML</type>
    <originID>quakeml:eu.emsc/event/20010307_0000006/origin/1432943</originID>
    <creationInfo>
      <agencyURI>smi:smi-registry/organization/EMSC</agencyURI>
      <authorURI>smi:smi-registry/organization/EMSC</authorURI>
    </creationInfo>
  </magnitude>
</event>
<event publicID="quakeml:eu.emsc/event/20010307_0000004">
  <preferredOriginID>quakeml:eu.emsc/event/20010307_0000004/origin/1432946</preferredOriginID>
  <preferredMagnitudeID>quakeml:eu.emsc/event/20010307_0000004/origin/1432946/mag/2</preferredMagnitudeID>
  <creationInfo>
    <agencyURI>smi:smi-registry/organization/EMSC</agencyURI>
    <authorURI>smi:smi-registry/organization/EMSC</authorURI>
    <creationTime>2014-12-03T10:51:58.516967Z</creationTime>
  </creationInfo>
  <description>
    <text>GREECE</text>
    <type>Flinn-Engdahl region</type>
  </description>
  <origin publicID="quakeml:eu.emsc/event/20010307_0000004/origin/1432946">
    <time>
      <value>2001-03-07T03:49:01.2Z</value>
      <uncertainty>0.24</uncertainty>
    </time>
    <latitude>
      <value>38.1944</value>
      <uncertainty>6.6</uncertainty>
    </latitude>
    <longitude>
      <value>21.8989</value>
      <uncertainty>5.2</uncertainty>
    </longitude>
    <depth>
      <value>8000</value>
    </depth>
    <depthType>from location</depthType>
    <methodID>smi:eu.emsc-csem/origin_method/NA</methodID>
    <quality>
      <usedPhaseCount>11</usedPhaseCount>
      <usedStationCount>9</usedStationCount>
      <standardError>0.62</standardError>
      <azimuthalGap>90</azimuthalGap>
      <minimumDistance>0.72</minimumDistance>
      <maximumDistance>1.96</maximumDistance>
    </quality>
    <evaluationMode>manual</evaluationMode>
    <creationInfo>
      <agencyURI>smi:smi-registry/organization/EMSC</agencyURI>
      <authorURI>smi:smi-registry/organization/EMSC</authorURI>
    </creationInfo>
    <originUncertainty>
      <azimuthMaxHorizontalUncertainty>56</azimuthMaxHorizontalUncertainty>
    </originUncertainty>
  </origin>
  <magnitude publicID="quakeml:eu.emsc/event/20010307_0000004/origin/1432946/mag/2">
    <mag>
      <value>3.2</value>
    </mag>
    <type>ML</type>
    <originID>quakeml:eu.emsc/event/20010307_0000004/origin/1432946</originID>
    <creationInfo>
      <agencyURI>smi:smi-registry/organization/EMSC</agencyURI>
      <authorURI>smi:smi-registry/organization/EMSC</authorURI>
    </creationInfo>
  </magnitude>
</event>
<event publicID="quakeml:eu.emsc/event/20010307_0000003">
  <preferredOriginID>quakeml:eu.emsc/event/20010307_0000003/origin/1432950</preferredOriginID>
  <preferredMagnitudeID>quakeml:eu.emsc/event/20010307_0000003/origin/1432950/mag/2</preferredMagnitudeID>
  <creationInfo>
    <agencyURI>smi:smi-registry/organization/EMSC</agencyURI>
    <authorURI>smi:smi-registry/organization/EMSC</authorURI>
    <creationTime>2014-12-03T10:48:46.753158Z</creationTime>
  </creationInfo>
  <description>
    <text>DODECANESE ISLANDS, GREECE</text>
    <type>Flinn-Engdahl region</type>
  </description>
  <origin publicID="quakeml:eu.emsc/event/20010307_0000003/origin/1432950">
    <time>
      <value>2001-03-07T03:00:32.8Z</value>
      <uncertainty>0.23</uncertainty>
    </time>
    <latitude>
      <value>36.4155</value>
      <uncertainty>8.9</uncertainty>
    </latitude>
    <longitude>
      <value>28.2567</value>
      <uncertainty>3.9</uncertainty>
    </longitude>
    <depth>
      <value>60000</value>
    </depth>
    <depthType>from location</depthType>
    <methodID>smi:eu.emsc-csem/origin_method/NA</methodID>
    <quality>
      <usedPhaseCount>13</usedPhaseCount>
      <usedStationCount>12</usedStationCount>
      <standardError>0.35</standardError>
      <azimuthalGap>189</azimuthalGap>
      <minimumDistance>0.23</minimumDistance>
      <maximumDistance>7.6</maximumDistance>
    </quality>
    <evaluationMode>manual</evaluationMode>
    <creationInfo>
      <agencyURI>smi:smi-registry/organization/EMSC</agencyURI>
      <authorURI>smi:smi-registry/organization/EMSC</authorURI>
    </creationInfo>
    <originUncertainty>
      <azimuthMaxHorizontalUncertainty>42</azimuthMaxHorizontalUncertainty>
    </originUncertainty>
  </origin>
  <magnitude publicID="quakeml:eu.emsc/event/20010307_0000003/origin/1432950/mag/2">
    <mag>
      <value>3.7</value>
    </mag>
    <type>MD</type>
    <originID>quakeml:eu.emsc/event/20010307_0000003/origin/1432950</originID>
    <creationInfo>
      <agencyURI>smi:smi-registry/organization/EMSC</agencyURI>
      <authorURI>smi:smi-registry/organization/EMSC</authorURI>
    </creationInfo>
  </magnitude>
</event>
<event publicID="quakeml:eu.emsc/event/20010307_0000002">
  <preferredOriginID>quakeml:eu.emsc/event/20010307_0000002/origin/1427047</preferredOriginID>
  <preferredMagnitudeID>quakeml:eu.emsc/event/20010307_0000002/origin/1427047/mag/2</preferredMagnitudeID>
  <creationInfo>
    <agencyURI>smi:smi-registry/organization/EMSC</agencyURI>
    <authorURI>smi:smi-registry/organization/EMSC</authorURI>
    <creationTime>2014-12-10T12:45:30.58556Z</creationTime>
  </creationInfo>
  <description>
    <text>DODECANESE ISLANDS, GREECE</text>
    <type>Flinn-Engdahl region</type>
  </description>
  <origin publicID="quakeml:eu.emsc/event/20010307_0000002/origin/1427047">
    <time>
      <value>2001-03-07T02:57:41.0Z</value>
    </time>
    <latitude>
      <value>36.41</value>
      <uncertainty>9999.9</uncertainty>
    </latitude>
    <longitude>
      <value>27.2</value>
      <uncertainty>9999.9</uncertainty>
    </longitude>
    <depth>
      <value>39000</value>
    </depth>
    <depthType>from location</depthType>
    <methodID>smi:eu.emsc-csem/origin_method/NA</methodID>
    <quality>
      <usedPhaseCount>7</usedPhaseCount>
      <usedStationCount>7</usedStationCount>
      <standardError>0.9</standardError>
      <azimuthalGap>116</azimuthalGap>
      <minimumDistance>0.77</minimumDistance>
      <maximumDistance>2.27</maximumDistance>
    </quality>
    <evaluationMode>manual</evaluationMode>
    <creationInfo>
      <agencyURI>smi:smi-registry/organization/EMSC</agencyURI>
      <authorURI>smi:smi-registry/organization/EMSC</authorURI>
    </creationInfo>
    <originUncertainty>
      <azimuthMaxHorizontalUncertainty>-99</azimuthMaxHorizontalUncertainty>
    </originUncertainty>
  </origin>
  <magnitude publicID="quakeml:eu.emsc/event/20010307_0000002/origin/1427047/mag/2">
    <mag>
      <value>3.8</value>
    </mag>
    <type>MD</type>
    <originID>quakeml:eu.emsc/event/20010307_0000002/origin/1427047</originID>
    <creationInfo>
      <agencyURI>smi:smi-registry/organization/EMSC</agencyURI>
      <authorURI>smi:smi-registry/organization/EMSC</authorURI>
    </creationInfo>
  </magnitude>
</event>
<event publicID="quakeml:eu.emsc/event/20010307_0000001">
  <preferredOriginID>quakeml:eu.emsc/event/20010307_0000001/origin/1427049</preferredOriginID>
  <preferredMagnitudeID>quakeml:eu.emsc/event/20010307_0000001/origin/1427049/mag/2</preferredMagnitudeID>
  <creationInfo>
    <agencyURI>smi:smi-registry/organization/EMSC</agencyURI>
    <authorURI>smi:smi-registry/organization/EMSC</authorURI>
    <creationTime>2014-12-10T12:45:26.97612Z</creationTime>
  </creationInfo>
  <description>
    <text>DODECANESE ISLANDS, GREECE</text>
    <type>Flinn-Engdahl region</type>
  </description>
  <origin publicID="quakeml:eu.emsc/event/20010307_0000001/origin/1427049">
    <time>
      <value>2001-03-07T02:17:02.1Z</value>
    </time>
    <latitude>
      <value>35.56</value>
      <uncertainty>9999.9</uncertainty>
    </latitude>
    <longitude>
      <value>27.6</value>
      <uncertainty>9999.9</uncertainty>
    </longitude>
    <depth>
      <value>5000</value>
    </depth>
    <depthType>from location</depthType>
    <methodID>smi:eu.emsc-csem/origin_method/NA</methodID>
    <quality>
      <usedPhaseCount>4</usedPhaseCount>
      <usedStationCount>4</usedStationCount>
      <standardError>1.78</standardError>
      <azimuthalGap>227</azimuthalGap>
      <minimumDistance>0.35</minimumDistance>
      <maximumDistance>2.23</maximumDistance>
    </quality>
    <evaluationMode>manual</evaluationMode>
    <creationInfo>
      <agencyURI>smi:smi-registry/organization/EMSC</agencyURI>
      <authorURI>smi:smi-registry/organization/EMSC</authorURI>
    </creationInfo>
    <originUncertainty>
      <azimuthMaxHorizontalUncertainty>-99</azimuthMaxHorizontalUncertainty>
    </originUncertainty>
  </origin>
  <magnitude publicID="quakeml:eu.emsc/event/20010307_0000001/origin/1427049/mag/2">
    <mag>
      <value>3.8</value>
    </mag>
    <type>MD</type>
    <originID>quakeml:eu.emsc/event/20010307_0000001/origin/1427049</originID>
    <creationInfo>
      <agencyURI>smi:smi-registry/organization/EMSC</agencyURI>
      <authorURI>smi:smi-registry/organization/EMSC</authorURI>
    </creationInfo>
  </magnitude>
</event>
<event publicID="quakeml:eu.emsc/event/20010307_0000026">
  <preferredOriginID>quakeml:eu.emsc/event/20010307_0000026/origin/1432403</preferredOriginID>
  <preferredMagnitudeID>quakeml:eu.emsc/event/20010307_0000026/origin/1432403/mag/1</preferredMagnitudeID>
  <creationInfo>
    <agencyURI>smi:smi-registry/organization/EMSC</agencyURI>
    <authorURI>smi:smi-registry/organization/EMSC</authorURI>
    <creationTime>2014-12-03T16:49:51.77761Z</creationTime>
  </creationInfo>
  <description>
    <text>NORTHERN ITALY</text>
    <type>Flinn-Engdahl region</type>
  </description>
  <origin publicID="quakeml:eu.emsc/event/20010307_0000026/origin/1432403">
    <time>
      <value>2001-03-07T00:41:47.6Z</value>
      <uncertainty>0.09</uncertainty>
    </time>
    <latitude>
      <value>44.4432</value>
      <uncertainty>2.4</uncertainty>
    </latitude>
    <longitude>
      <value>7.2956</value>
      <uncertainty>1.5</uncertainty>
    </longitude>
    <depth>
      <value>10000</value>
    </depth>
    <depthType>from location</depthType>
    <methodID>smi:eu.emsc-csem/origin_method/NA</methodID>
    <quality>
      <usedPhaseCount>38</usedPhaseCount>
      <usedStationCount>23</usedStationCount>
      <standardError>0.7</standardError>
      <azimuthalGap>81</azimuthalGap>
      <minimumDistance>0.15</minimumDistance>
      <maximumDistance>2.26</maximumDistance>
    </quality>
    <evaluationMode>manual</evaluationMode>
    <creationInfo>
      <agencyURI>smi:smi-registry/organization/EMSC</agencyURI>
      <authorURI>smi:smi-registry/organization/EMSC</authorURI>
    </creationInfo>
    <originUncertainty>
      <azimuthMaxHorizontalUncertainty>63</azimuthMaxHorizontalUncertainty>
    </originUncertainty>
  </origin>
  <magnitude publicID="quakeml:eu.emsc/event/20010307_0000026/origin/1432403/mag/1">
    <mag>
      <value>2.2</value>
      <uncertainty>0.5</uncertainty>
    </mag>
    <type>ML</type>
    <originID>quakeml:eu.emsc/event/20010307_0000026/origin/1432403</originID>
    <stationCount>8</stationCount>
    <creationInfo>
      <agencyURI>smi:smi-registry/organization/EMSC</agencyURI>
      <authorURI>smi:smi-registry/organization/EMSC</authorURI>
    </creationInfo>
  </magnitude>
</event>
<event publicID="quakeml:eu.emsc/event/20010307_0000023">
  <preferredOriginID>quakeml:eu.emsc/event/20010307_0000023/origin/1432406</preferredOriginID>
  <preferredMagnitudeID>quakeml:eu.emsc/event/20010307_0000023/origin/1432406/mag/1</preferredMagnitudeID>
  <creationInfo>
    <agencyURI>smi:smi-registry/organization/EMSC</agencyURI>
    <authorURI>smi:smi-registry/organization/EMSC</authorURI>
    <creationTime>2014-12-03T15:35:19.162906Z</creationTime>
  </creationInfo>
  <description>
    <text>PYRENEES</text>
    <type>Flinn-Engdahl region</type>
  </description>
  <origin publicID="quakeml:eu.emsc/event/20010307_0000023/origin/1432406">
    <time>
      <value>2001-03-07T00:35:54.0Z</value>
      <uncertainty>0.16</uncertainty>
    </time>
    <latitude>
      <value>42.7606</value>
      <uncertainty>3.5</uncertainty>
    </latitude>
    <longitude>
      <value>-1.1233</value>
      <uncertainty>2.6</uncertainty>
    </longitude>
    <depth>
      <value>10000</value>
    </depth>
    <depthType>from location</depthType>
    <methodID>smi:eu.emsc-csem/origin_method/NA</methodID>
    <quality>
      <usedPhaseCount>44</usedPhaseCount>
      <usedStationCount>21</usedStationCount>
      <standardError>0.96</standardError>
      <azimuthalGap>71</azimuthalGap>
      <minimumDistance>0.29</minimumDistance>
      <maximumDistance>4.26</maximumDistance>
    </quality>
    <evaluationMode>manual</evaluationMode>
    <creationInfo>
      <agencyURI>smi:smi-registry/organization/EMSC</agencyURI>
      <authorURI>smi:smi-registry/organization/EMSC</authorURI>
    </creationInfo>
    <originUncertainty>
      <azimuthMaxHorizontalUncertainty>100</azimuthMaxHorizontalUncertainty>
    </originUncertainty>
  </origin>
  <magnitude publicID="quakeml:eu.emsc/event/20010307_0000023/origin/1432406/mag/1">
    <mag>
      <value>2.4</value>
      <uncertainty>0.4</uncertainty>
    </mag>
    <type>ML</type>
    <originID>quakeml:eu.emsc/event/20010307_0000023/origin/1432406</originID>
    <stationCount>15</stationCount>
    <creationInfo>
      <agencyURI>smi:smi-registry/organization/EMSC</agencyURI>
      <authorURI>smi:smi-registry/organization/EMSC</authorURI>
    </creationInfo>
  </magnitude>
</event>
</eventParameters>
</q:quakeml>
