<?xml version="1.0"?>
<q:quakeml xmlns:q="http://quakeml.org/xmlns/quakeml/1.2"  xmlns="http://quakeml.org/xmlns/bed/1.2">
<eventParameters publicID="smi:eu.emsc/unid">
<event publicID="quakeml:eu.emsc/event/20010315_0000019">
  <preferredOriginID>quakeml:eu.emsc/event/20010315_0000019/origin/1426935</preferredOriginID>
  <creationInfo>
    <agencyURI>smi:smi-registry/organization/EMSC</agencyURI>
    <authorURI>smi:smi-registry/organization/EMSC</authorURI>
    <creationTime>2014-12-10T18:24:30.825795Z</creationTime>
  </creationInfo>
  <description>
    <text>FRANCE</text>
    <type>Flinn-Engdahl region</type>
  </description>
  <origin publicID="quakeml:eu.emsc/event/20010315_0000019/origin/1426935">
    <time>
      <value>2001-03-15T23:46:31.5Z</value>
    </time>
    <latitude>
      <value>49.823</value>
      <uncertainty>9999.9</uncertainty>
    </latitude>
    <longitude>
      <value>-0.7513</value>
      <uncertainty>9999.9</uncertainty>
    </longitude>
    <depth>
      <value>2000</value>
    </depth>
    <depthType>from location</depthType>
    <methodID>smi:eu.emsc-csem/origin_method/NA</methodID>
    <quality>
      <usedPhaseCount>31</usedPhaseCount>
      <usedStationCount>12</usedStationCount>
      <standardError>2.65</standardError>
      <azimuthalGap>259</azimuthalGap>
      <minimumDistance>1.08</minimumDistance>
      <maximumDistance>4.09</maximumDistance>
    </quality>
    <evaluationMode>manual</evaluationMode>
    <creationInfo>
      <agencyURI>smi:smi-registry/organization/EMSC</agencyURI>
      <authorURI>smi:smi-registry/organization/EMSC</authorURI>
    </creationInfo>
    <originUncertainty>
      <azimuthMaxHorizontalUncertainty>-99</azimuthMaxHorizontalUncertainty>
    </originUncertainty>
  </origin>
</event>
<event publicID="quakeml:eu.emsc/event/20010315_0000014">
  <preferredOriginID>quakeml:eu.emsc/event/20010315_0000014/origin/1426937</preferredOriginID>
  <preferredMagnitudeID>quakeml:eu.emsc/event/20010315_0000014/origin/1426937/mag/2</preferredMagnitudeID>
  <creationInfo>
    <agencyURI>smi:smi-registry/organization/EMSC</agencyURI>
    <authorURI>smi:smi-registry/organization/EMSC</authorURI>
    <creationTime>2014-12-10T12:49:05.155132Z</creationTime>
  </creationInfo>
  <description>
    <text>CENTRAL TURKEY</text>
    <type>Flinn-Engdahl region</type>
  </description>
  <origin publicID="quakeml:eu.emsc/event/20010315_0000014/origin/1426937">
    <time>
      <value>2001-03-15T22:16:50.1Z</value>
    </time>
    <latitude>
      <value>40.795</value>
      <uncertainty>9999.9</uncertainty>
    </latitude>
    <longitude>
      <value>33.054</value>
      <uncertainty>9999.9</uncertainty>
    </longitude>
    <depth>
      <value>10000</value>
    </depth>
    <depthType>from location</depthType>
    <methodID>smi:eu.emsc-csem/origin_method/NA</methodID>
    <quality>
      <usedPhaseCount>6</usedPhaseCount>
      <usedStationCount>4</usedStationCount>
      <standardError>2.23</standardError>
      <azimuthalGap>143</azimuthalGap>
      <minimumDistance>0.47</minimumDistance>
      <maximumDistance>1.46</maximumDistance>
    </quality>
    <evaluationMode>manual</evaluationMode>
    <creationInfo>
      <agencyURI>smi:smi-registry/organization/EMSC</agencyURI>
      <authorURI>smi:smi-registry/organization/EMSC</authorURI>
    </creationInfo>
    <originUncertainty>
      <azimuthMaxHorizontalUncertainty>-99</azimuthMaxHorizontalUncertainty>
    </originUncertainty>
  </origin>
  <magnitude publicID="quakeml:eu.emsc/event/20010315_0000014/origin/1426937/mag/2">
    <mag>
      <value>2.9</value>
    </mag>
    <type>MD</type>
    <originID>quakeml:eu.emsc/event/20010315_0000014/origin/1426937</originID>
    <creationInfo>
      <agencyURI>smi:smi-registry/organization/EMSC</agencyURI>
      <authorURI>smi:smi-registry/organization/EMSC</authorURI>
    </creationInfo>
  </magnitude>
</event>
<event publicID="quakeml:eu.emsc/event/20010315_0000021">
  <preferredOriginID>quakeml:eu.emsc/event/20010315_0000021/origin/1432340</preferredOriginID>
  <preferredMagnitudeID>quakeml:eu.emsc/event/20010315_0000021/origin/1432340/mag/1</preferredMagnitudeID>
  <creationInfo>
    <agencyURI>smi:smi-registry/organization/EMSC</agencyURI>
    <authorURI>smi:smi-registry/organization/EMSC</authorURI>
    <creationTime>2014-12-03T16:42:30.188491Z</creationTime>
  </creationInfo>
  <description>
    <text>BAY OF BISCAY</text>
    <type>Flinn-Engdahl region</type>
  </description>
  <origin publicID="quakeml:eu.emsc/event/20010315_0000021/origin/1432340">
    <time>
      <value>2001-03-15T22:09:13.7Z</value>
      <uncertainty>0.32</uncertainty>
    </time>
    <latitude>
      <value>46.7834</value>
      <uncertainty>5.1</uncertainty>
    </latitude>
    <longitude>
      <value>-2.9504</value>
      <uncertainty>2.9</uncertainty>
    </longitude>
    <depth>
      <value>17800.0</value>
      <uncertainty>1.9</uncertainty>
    </depth>
    <depthType>from location</depthType>
    <methodID>smi:eu.emsc-csem/origin_method/NA</methodID>
    <quality>
      <usedPhaseCount>47</usedPhaseCount>
      <usedStationCount>18</usedStationCount>
      <standardError>1.04</standardError>
      <azimuthalGap>188</azimuthalGap>
      <minimumDistance>1.14</minimumDistance>
      <maximumDistance>5.02</maximumDistance>
    </quality>
    <evaluationMode>manual</evaluationMode>
    <creationInfo>
      <agencyURI>smi:smi-registry/organization/EMSC</agencyURI>
      <authorURI>smi:smi-registry/organization/EMSC</authorURI>
    </creationInfo>
    <originUncertainty>
      <azimuthMaxHorizontalUncertainty>57</azimuthMaxHorizontalUncertainty>
    </originUncertainty>
  </origin>
  <magnitude publicID="quakeml:eu.emsc/event/20010315_0000021/origin/1432340/mag/1">
    <mag>
      <value>2.7</value>
      <uncertainty>0.2</uncertainty>
    </mag>
    <type>ML</type>
    <originID>quakeml:eu.emsc/event/20010315_0000021/origin/1432340</originID>
    <stationCount>14</stationCount>
    <creationInfo>
      <agencyURI>smi:smi-registry/organization/EMSC</agencyURI>
      <authorURI>smi:smi-registry/organization/EMSC</authorURI>
    </creationInfo>
  </magnitude>
</event>
<event publicID="quakeml:eu.emsc/event/20010315_0000013">
  <preferredOriginID>quakeml:eu.emsc/event/20010315_0000013/origin/1426939</preferredOriginID>
  <preferredMagnitudeID>quakeml:eu.emsc/event/20010315_0000013/origin/1426939/mag/2</preferredMagnitudeID>
  <creationInfo>
    <agencyURI>smi:smi-registry/organization/EMSC</agencyURI>
    <authorURI>smi:smi-registry/organization/EMSC</authorURI>
    <creationTime>2014-12-10T12:49:02.706013Z</creationTime>
  </creationInfo>
  <description>
    <text>EASTERN TURKEY</text>
    <type>Flinn-Engdahl region</type>
  </description>
  <origin publicID="quakeml:eu.emsc/event/20010315_0000013/origin/1426939">
    <time>
      <value>2001-03-15T20:39:22.8Z</value>
    </time>
    <latitude>
      <value>37.729</value>
      <uncertainty>9999.9</uncertainty>
    </latitude>
    <longitude>
      <value>38.246</value>
      <uncertainty>9999.9</uncertainty>
    </longitude>
    <depth>
      <value>10000</value>
    </depth>
    <depthType>from location</depthType>
    <methodID>smi:eu.emsc-csem/origin_method/NA</methodID>
    <quality>
      <usedPhaseCount>8</usedPhaseCount>
      <usedStationCount>7</usedStationCount>
      <standardError>8.86</standardError>
      <azimuthalGap>148</azimuthalGap>
      <minimumDistance>0.61</minimumDistance>
      <maximumDistance>4.02</maximumDistance>
    </quality>
    <evaluationMode>manual</evaluationMode>
    <creationInfo>
      <agencyURI>smi:smi-registry/organization/EMSC</agencyURI>
      <authorURI>smi:smi-registry/organization/EMSC</authorURI>
    </creationInfo>
    <originUncertainty>
      <azimuthMaxHorizontalUncertainty>-99</azimuthMaxHorizontalUncertainty>
    </originUncertainty>
  </origin>
  <magnitude publicID="quakeml:eu.emsc/event/20010315_0000013/origin/1426939/mag/2">
    <mag>
      <value>3.4</value>
    </mag>
    <type>MD</type>
    <originID>quakeml:eu.emsc/event/20010315_0000013/origin/1426939</originID>
    <creationInfo>
      <agencyURI>smi:smi-registry/organization/EMSC</agencyURI>
      <authorURI>smi:smi-registry/organization/EMSC</authorURI>
    </creationInfo>
  </magnitude>
</event>
<event publicID="quakeml:eu.emsc/event/20010315_0000020">
  <preferredOriginID>quakeml:eu.emsc/event/20010315_0000020/origin/1432344</preferredOriginID>
  <preferredMagnitudeID>quakeml:eu.emsc/event/20010315_0000020/origin/1432344/mag/1</preferredMagnitudeID>
  <creationInfo>
    <agencyURI>smi:smi-registry/organization/EMSC</agencyURI>
    <authorURI>smi:smi-registry/organization/EMSC</authorURI>
    <creationTime>2014-12-03T16:17:27.672023Z</creationTime>
  </creationInfo>
  <description>
    <text>PYRENEES</text>
    <type>Flinn-Engdahl region</type>
  </description>
  <origin publicID="quakeml:eu.emsc/event/20010315_0000020/origin/1432344">
    <time>
      <value>2001-03-15T20:22:49.7Z</value>
      <uncertainty>0.24</uncertainty>
    </time>
    <latitude>
      <value>42.7289</value>
      <uncertainty>4.4</uncertainty>
    </latitude>
    <longitude>
      <value>0.121</value>
      <uncertainty>4.2</uncertainty>
    </longitude>
    <depth>
      <value>2000</value>
    </depth>
    <depthType>from location</depthType>
    <methodID>smi:eu.emsc-csem/origin_method/NA</methodID>
    <quality>
      <usedPhaseCount>43</usedPhaseCount>
      <usedStationCount>18</usedStationCount>
      <standardError>1.33</standardError>
      <azimuthalGap>80</azimuthalGap>
      <minimumDistance>0.34</minimumDistance>
      <maximumDistance>3.04</maximumDistance>
    </quality>
    <evaluationMode>manual</evaluationMode>
    <creationInfo>
      <agencyURI>smi:smi-registry/organization/EMSC</agencyURI>
      <authorURI>smi:smi-registry/organization/EMSC</authorURI>
    </creationInfo>
    <originUncertainty>
      <azimuthMaxHorizontalUncertainty>164</azimuthMaxHorizontalUncertainty>
    </originUncertainty>
  </origin>
  <magnitude publicID="quakeml:eu.emsc/event/20010315_0000020/origin/1432344/mag/1">
    <mag>
      <value>2.4</value>
      <uncertainty>0.4</uncertainty>
    </mag>
    <type>ML</type>
    <originID>quakeml:eu.emsc/event/20010315_0000020/origin/1432344</originID>
    <stationCount>11</stationCount>
    <creationInfo>
      <agencyURI>smi:smi-registry/organization/EMSC</agencyURI>
      <authorURI>smi:smi-registry/organization/EMSC</authorURI>
    </creationInfo>
  </magnitude>
</event>
<event publicID="quakeml:eu.emsc/event/20010315_0000011">
  <preferredOriginID>quakeml:eu.emsc/event/20010315_0000011/origin/1432735</preferredOriginID>
  <preferredMagnitudeID>quakeml:eu.emsc/event/20010315_0000011/origin/1432735/mag/2</preferredMagnitudeID>
  <creationInfo>
    <agencyURI>smi:smi-registry/organization/EMSC</agencyURI>
    <authorURI>smi:smi-registry/organization/EMSC</authorURI>
    <creationTime>2014-12-03T11:16:26.950899Z</creationTime>
  </creationInfo>
  <description>
    <text>SERBIA</text>
    <type>Flinn-Engdahl region</type>
  </description>
  <origin publicID="quakeml:eu.emsc/event/20010315_0000011/origin/1432735">
    <time>
      <value>2001-03-15T19:01:54.4Z</value>
      <uncertainty>0.16</uncertainty>
    </time>
    <latitude>
      <value>44.6653</value>
      <uncertainty>4.9</uncertainty>
    </latitude>
    <longitude>
      <value>20.1848</value>
      <uncertainty>3.4</uncertainty>
    </longitude>
    <depth>
      <value>2000</value>
    </depth>
    <depthType>from location</depthType>
    <methodID>smi:eu.emsc-csem/origin_method/NA</methodID>
    <quality>
      <usedPhaseCount>49</usedPhaseCount>
      <usedStationCount>39</usedStationCount>
      <standardError>1</standardError>
      <azimuthalGap>77</azimuthalGap>
      <minimumDistance>0.98</minimumDistance>
      <maximumDistance>9.56</maximumDistance>
    </quality>
    <evaluationMode>manual</evaluationMode>
    <creationInfo>
      <agencyURI>smi:smi-registry/organization/EMSC</agencyURI>
      <authorURI>smi:smi-registry/organization/EMSC</authorURI>
    </creationInfo>
    <originUncertainty>
      <azimuthMaxHorizontalUncertainty>39</azimuthMaxHorizontalUncertainty>
    </originUncertainty>
  </origin>
  <magnitude publicID="quakeml:eu.emsc/event/20010315_0000011/origin/1432735/mag/2">
    <mag>
      <value>3.9</value>
    </mag>
    <type>MD</type>
    <originID>quakeml:eu.emsc/event/20010315_0000011/origin/1432735</originID>
    <stationCount>2</stationCount>
    <creationInfo>
      <agencyURI>smi:smi-registry/organization/EMSC</agencyURI>
      <authorURI>smi:smi-registry/organization/EMSC</authorURI>
    </creationInfo>
  </magnitude>
</event>
<event publicID="quakeml:eu.emsc/event/20010315_0000010">
  <preferredOriginID>quakeml:eu.emsc/event/20010315_0000010/origin/1426941</preferredOriginID>
  <preferredMagnitudeID>quakeml:eu.emsc/event/20010315_0000010/origin/1426941/mag/2</preferredMagnitudeID>
  <creationInfo>
    <agencyURI>smi:smi-registry/organization/EMSC</agencyURI>
    <authorURI>smi:smi-registry/organization/EMSC</authorURI>
    <creationTime>2014-12-10T12:48:57.168983Z</creationTime>
  </creationInfo>
  <description>
    <text>CENTRAL TURKEY</text>
    <type>Flinn-Engdahl region</type>
  </description>
  <origin publicID="quakeml:eu.emsc/event/20010315_0000010/origin/1426941">
    <time>
      <value>2001-03-15T18:38:08.2Z</value>
    </time>
    <latitude>
      <value>40.754</value>
      <uncertainty>9999.9</uncertainty>
    </latitude>
    <longitude>
      <value>33.011</value>
      <uncertainty>9999.9</uncertainty>
    </longitude>
    <depth>
      <value>5000</value>
    </depth>
    <depthType>from location</depthType>
    <methodID>smi:eu.emsc-csem/origin_method/NA</methodID>
    <quality>
      <usedPhaseCount>8</usedPhaseCount>
      <usedStationCount>6</usedStationCount>
      <standardError>0.88</standardError>
      <azimuthalGap>151</azimuthalGap>
      <minimumDistance>0.49</minimumDistance>
      <maximumDistance>2.32</maximumDistance>
    </quality>
    <evaluationMode>manual</evaluationMode>
    <creationInfo>
      <agencyURI>smi:smi-registry/organization/EMSC</agencyURI>
      <authorURI>smi:smi-registry/organization/EMSC</authorURI>
    </creationInfo>
    <originUncertainty>
      <azimuthMaxHorizontalUncertainty>-99</azimuthMaxHorizontalUncertainty>
    </originUncertainty>
  </origin>
  <magnitude publicID="quakeml:eu.emsc/event/20010315_0000010/origin/1426941/mag/2">
    <mag>
      <value>3.1</value>
    </mag>
    <type>MD</type>
    <originID>quakeml:eu.emsc/event/20010315_0000010/origin/1426941</originID>
    <creationInfo>
      <agencyURI>smi:smi-registry/organization/EMSC</agencyURI>
      <authorURI>smi:smi-registry/organization/EMSC</authorURI>
    </creationInfo>
  </magnitude>
</event>
<event publicID="quakeml:eu.emsc/event/20010315_0000009">
  <preferredOriginID>quakeml:eu.emsc/event/20010315_0000009/origin/1426943</preferredOriginID>
  <preferredMagnitudeID>quakeml:eu.emsc/event/20010315_0000009/origin/1426943/mag/2</preferredMagnitudeID>
  <creationInfo>
    <agencyURI>smi:smi-registry/organization/EMSC</agencyURI>
    <authorURI>smi:smi-registry/organization/EMSC</authorURI>
    <creationTime>2014-12-10T12:48:55.175757Z</creationTime>
  </creationInfo>
  <description>
    <text>WESTERN TURKEY</text>
    <type>Flinn-Engdahl region</type>
  </description>
  <origin publicID="quakeml:eu.emsc/event/20010315_0000009/origin/1426943">
    <time>
      <value>2001-03-15T17:25:48.0Z</value>
    </time>
    <latitude>
      <value>40.8</value>
      <uncertainty>9999.9</uncertainty>
    </latitude>
    <longitude>
      <value>27.643</value>
      <uncertainty>9999.9</uncertainty>
    </longitude>
    <depth>
      <value>8000</value>
    </depth>
    <depthType>from location</depthType>
    <methodID>smi:eu.emsc-csem/origin_method/NA</methodID>
    <quality>
      <usedPhaseCount>19</usedPhaseCount>
      <usedStationCount>12</usedStationCount>
      <standardError>0.94</standardError>
      <azimuthalGap>152</azimuthalGap>
      <minimumDistance>0.27</minimumDistance>
      <maximumDistance>1.54</maximumDistance>
    </quality>
    <evaluationMode>manual</evaluationMode>
    <creationInfo>
      <agencyURI>smi:smi-registry/organization/EMSC</agencyURI>
      <authorURI>smi:smi-registry/organization/EMSC</authorURI>
    </creationInfo>
    <originUncertainty>
      <azimuthMaxHorizontalUncertainty>-99</azimuthMaxHorizontalUncertainty>
    </originUncertainty>
  </origin>
  <magnitude publicID="quakeml:eu.emsc/event/20010315_0000009/origin/1426943/mag/2">
    <mag>
      <value>3.3</value>
    </mag>
    <type>MD</type>
    <originID>quakeml:eu.emsc/event/20010315_0000009/origin/1426943</originID>
    <creationInfo>
      <agencyURI>smi:smi-registry/organization/EMSC</agencyURI>
      <authorURI>smi:smi-registry/organization/EMSC</authorURI>
    </creationInfo>
  </magnitude>
</event>
<event publicID="quakeml:eu.emsc/event/20010315_0000007">
  <preferredOriginID>quakeml:eu.emsc/event/20010315_0000007/origin/1432739</preferredOriginID>
  <preferredMagnitudeID>quakeml:eu.emsc/event/20010315_0000007/origin/1432739/mag/2</preferredMagnitudeID>
  <creationInfo>
    <agencyURI>smi:smi-registry/organization/EMSC</agencyURI>
    <authorURI>smi:smi-registry/organization/EMSC</authorURI>
    <creationTime>2014-12-03T10:46:14.557273Z</creationTime>
  </creationInfo>
  <description>
    <text>GREECE</text>
    <type>Flinn-Engdahl region</type>
  </description>
  <origin publicID="quakeml:eu.emsc/event/20010315_0000007/origin/1432739">
    <time>
      <value>2001-03-15T15:04:17.1Z</value>
      <uncertainty>0.2</uncertainty>
    </time>
    <latitude>
      <value>38.2187</value>
      <uncertainty>4.4</uncertainty>
    </latitude>
    <longitude>
      <value>22.0539</value>
      <uncertainty>3.7</uncertainty>
    </longitude>
    <depth>
      <value>5000</value>
    </depth>
    <depthType>from location</depthType>
    <methodID>smi:eu.emsc-csem/origin_method/NA</methodID>
    <quality>
      <usedPhaseCount>41</usedPhaseCount>
      <usedStationCount>27</usedStationCount>
      <standardError>1.03</standardError>
      <azimuthalGap>82</azimuthalGap>
      <minimumDistance>0.72</minimumDistance>
      <maximumDistance>3.78</maximumDistance>
    </quality>
    <evaluationMode>manual</evaluationMode>
    <creationInfo>
      <agencyURI>smi:smi-registry/organization/EMSC</agencyURI>
      <authorURI>smi:smi-registry/organization/EMSC</authorURI>
    </creationInfo>
    <originUncertainty>
      <azimuthMaxHorizontalUncertainty>61</azimuthMaxHorizontalUncertainty>
    </originUncertainty>
  </origin>
  <magnitude publicID="quakeml:eu.emsc/event/20010315_0000007/origin/1432739/mag/2">
    <mag>
      <value>3.3</value>
    </mag>
    <type>ML</type>
    <originID>quakeml:eu.emsc/event/20010315_0000007/origin/1432739</originID>
    <creationInfo>
      <agencyURI>smi:smi-registry/organization/EMSC</agencyURI>
      <authorURI>smi:smi-registry/organization/EMSC</authorURI>
    </creationInfo>
  </magnitude>
</event>
<event publicID="quakeml:eu.emsc/event/20010315_0000006">
  <preferredOriginID>quakeml:eu.emsc/event/20010315_0000006/origin/1432742</preferredOriginID>
  <preferredMagnitudeID>quakeml:eu.emsc/event/20010315_0000006/origin/1432742/mag/1</preferredMagnitudeID>
  <creationInfo>
    <agencyURI>smi:smi-registry/organization/EMSC</agencyURI>
    <authorURI>smi:smi-registry/organization/EMSC</authorURI>
    <creationTime>2014-12-03T11:57:27.855278Z</creationTime>
  </creationInfo>
  <description>
    <text>EGYPT</text>
    <type>Flinn-Engdahl region</type>
  </description>
  <origin publicID="quakeml:eu.emsc/event/20010315_0000006/origin/1432742">
    <time>
      <value>2001-03-15T15:03:55.8Z</value>
      <uncertainty>0.28</uncertainty>
    </time>
    <latitude>
      <value>28.7459</value>
      <uncertainty>8.3</uncertainty>
    </latitude>
    <longitude>
      <value>34.6181</value>
      <uncertainty>2.5</uncertainty>
    </longitude>
    <depth>
      <value>5000</value>
    </depth>
    <depthType>from location</depthType>
    <methodID>smi:eu.emsc-csem/origin_method/NA</methodID>
    <quality>
      <usedPhaseCount>23</usedPhaseCount>
      <usedStationCount>21</usedStationCount>
      <standardError>0.62</standardError>
      <azimuthalGap>201</azimuthalGap>
      <minimumDistance>0.87</minimumDistance>
      <maximumDistance>3.26</maximumDistance>
    </quality>
    <evaluationMode>manual</evaluationMode>
    <creationInfo>
      <agencyURI>smi:smi-registry/organization/EMSC</agencyURI>
      <authorURI>smi:smi-registry/organization/EMSC</authorURI>
    </creationInfo>
    <originUncertainty>
      <azimuthMaxHorizontalUncertainty>130</azimuthMaxHorizontalUncertainty>
    </originUncertainty>
  </origin>
  <magnitude publicID="quakeml:eu.emsc/event/20010315_0000006/origin/1432742/mag/1">
    <mag>
      <value>3.6</value>
    </mag>
    <type>Mw</type>
    <originID>quakeml:eu.emsc/event/20010315_0000006/origin/1432742</originID>
    <creationInfo>
      <agencyURI>smi:smi-registry/organization/EMSC</agencyURI>
      <authorURI>smi:smi-registry/organization/EMSC</authorURI>
    </creationInfo>
  </magnitude>
</event>
<event publicID="quakeml:eu.emsc/event/20010315_0000017">
  <preferredOriginID>quakeml:eu.emsc/event/20010315_0000017/origin/1426945</preferredOriginID>
  <preferredMagnitudeID>quakeml:eu.emsc/event/20010315_0000017/origin/1426945/mag/2</preferredMagnitudeID>
  <creationInfo>
    <agencyURI>smi:smi-registry/organization/EMSC</agencyURI>
    <authorURI>smi:smi-registry/organization/EMSC</authorURI>
    <creationTime>2014-12-10T18:24:30.307051Z</creationTime>
  </creationInfo>
  <description>
    <text>PYRENEES</text>
    <type>Flinn-Engdahl region</type>
  </description>
  <origin publicID="quakeml:eu.emsc/event/20010315_0000017/origin/1426945">
    <time>
      <value>2001-03-15T14:58:52.0Z</value>
    </time>
    <latitude>
      <value>43.0589</value>
      <uncertainty>9999.9</uncertainty>
    </latitude>
    <longitude>
      <value>-0.7918</value>
      <uncertainty>9999.9</uncertainty>
    </longitude>
    <depth>
      <value>5600.0</value>
    </depth>
    <depthType>from location</depthType>
    <methodID>smi:eu.emsc-csem/origin_method/NA</methodID>
    <quality>
      <usedPhaseCount>8</usedPhaseCount>
      <usedStationCount>4</usedStationCount>
      <standardError>0.31</standardError>
      <azimuthalGap>193</azimuthalGap>
      <minimumDistance>0.07</minimumDistance>
      <maximumDistance>0.55</maximumDistance>
    </quality>
    <evaluationMode>manual</evaluationMode>
    <creationInfo>
      <agencyURI>smi:smi-registry/organization/EMSC</agencyURI>
      <authorURI>smi:smi-registry/organization/EMSC</authorURI>
    </creationInfo>
    <originUncertainty>
      <azimuthMaxHorizontalUncertainty>-99</azimuthMaxHorizontalUncertainty>
    </originUncertainty>
  </origin>
  <magnitude publicID="quakeml:eu.emsc/event/20010315_0000017/origin/1426945/mag/2">
    <mag>
      <value>1.4</value>
    </mag>
    <type>mb</type>
    <originID>quakeml:eu.emsc/event/20010315_0000017/origin/1426945</originID>
    <stationCount>1</stationCount>
    <creationInfo>
      <agencyURI>smi:smi-registry/organization/EMSC</agencyURI>
      <authorURI>smi:smi-registry/organization/EMSC</authorURI>
    </creationInfo>
  </magnitude>
</event>
<event publicID="quakeml:eu.emsc/event/20010315_0000005">
  <preferredOriginID>quakeml:eu.emsc/event/20010315_0000005/origin/1426947</preferredOriginID>
  <preferredMagnitudeID>quakeml:eu.emsc/event/20010315_0000005/origin/1426947/mag/2</preferredMagnitudeID>
  <creationInfo>
    <agencyURI>smi:smi-registry/organization/EMSC</agencyURI>
    <authorURI>smi:smi-registry/organization/EMSC</authorURI>
    <creationTime>2014-12-10T12:48:48.777683Z</creationTime>
  </creationInfo>
  <description>
    <text>WESTERN TURKEY</text>
    <type>Flinn-Engdahl region</type>
  </description>
  <origin publicID="quakeml:eu.emsc/event/20010315_0000005/origin/1426947">
    <time>
      <value>2001-03-15T13:58:24.9Z</value>
    </time>
    <latitude>
      <value>37.073</value>
      <uncertainty>9999.9</uncertainty>
    </latitude>
    <longitude>
      <value>30.741</value>
      <uncertainty>9999.9</uncertainty>
    </longitude>
    <depth>
      <value>5000</value>
    </depth>
    <depthType>from location</depthType>
    <methodID>smi:eu.emsc-csem/origin_method/NA</methodID>
    <quality>
      <usedPhaseCount>5</usedPhaseCount>
      <usedStationCount>4</usedStationCount>
      <standardError>1.65</standardError>
      <azimuthalGap>261</azimuthalGap>
      <minimumDistance>0.41</minimumDistance>
      <maximumDistance>1.97</maximumDistance>
    </quality>
    <evaluationMode>manual</evaluationMode>
    <creationInfo>
      <agencyURI>smi:smi-registry/organization/EMSC</agencyURI>
      <authorURI>smi:smi-registry/organization/EMSC</authorURI>
    </creationInfo>
    <originUncertainty>
      <azimuthMaxHorizontalUncertainty>-99</azimuthMaxHorizontalUncertainty>
    </originUncertainty>
  </origin>
  <magnitude publicID="quakeml:eu.emsc/event/20010315_0000005/origin/1426947/mag/2">
    <mag>
      <value>3.2</value>
    </mag>
    <type>MD</type>
    <originID>quakeml:eu.emsc/event/20010315_0000005/origin/1426947</originID>
    <creationInfo>
      <agencyURI>smi:smi-registry/organization/EMSC</agencyURI>
      <authorURI>smi:smi-registry/organization/EMSC</authorURI>
    </creationInfo>
  </magnitude>
</event>
<event publicID="quakeml:eu.emsc/event/20010315_0000004">
  <preferredOriginID>quakeml:eu.emsc/event/20010315_0000004/origin/1426949</preferredOriginID>
  <preferredMagnitudeID>quakeml:eu.emsc/event/20010315_0000004/origin/1426949/mag/2</preferredMagnitudeID>
  <creationInfo>
    <agencyURI>smi:smi-registry/organization/EMSC</agencyURI>
    <authorURI>smi:smi-registry/organization/EMSC</authorURI>
    <creationTime>2014-12-10T12:48:44.88036Z</creationTime>
  </creationInfo>
  <description>
    <text>WESTERN TURKEY</text>
    <type>Flinn-Engdahl region</type>
  </description>
  <origin publicID="quakeml:eu.emsc/event/20010315_0000004/origin/1426949">
    <time>
      <value>2001-03-15T11:26:51.6Z</value>
    </time>
    <latitude>
      <value>36.23</value>
      <uncertainty>9999.9</uncertainty>
    </latitude>
    <longitude>
      <value>29.392</value>
      <uncertainty>9999.9</uncertainty>
    </longitude>
    <depth>
      <value>10000</value>
    </depth>
    <depthType>from location</depthType>
    <methodID>smi:eu.emsc-csem/origin_method/NA</methodID>
    <quality>
      <usedPhaseCount>6</usedPhaseCount>
      <usedStationCount>4</usedStationCount>
      <standardError>1.96</standardError>
      <azimuthalGap>277</azimuthalGap>
      <minimumDistance>0.66</minimumDistance>
      <maximumDistance>2.09</maximumDistance>
    </quality>
    <evaluationMode>manual</evaluationMode>
    <creationInfo>
      <agencyURI>smi:smi-registry/organization/EMSC</agencyURI>
      <authorURI>smi:smi-registry/organization/EMSC</authorURI>
    </creationInfo>
    <originUncertainty>
      <azimuthMaxHorizontalUncertainty>-99</azimuthMaxHorizontalUncertainty>
    </originUncertainty>
  </origin>
  <magnitude publicID="quakeml:eu.emsc/event/20010315_0000004/origin/1426949/mag/2">
    <mag>
      <value>2.9</value>
    </mag>
    <type>MD</type>
    <originID>quakeml:eu.emsc/event/20010315_0000004/origin/1426949</originID>
    <creationInfo>
      <agencyURI>smi:smi-registry/organization/EMSC</agencyURI>
      <authorURI>smi:smi-registry/organization/EMSC</authorURI>
    </creationInfo>
  </magnitude>
</event>
<event publicID="quakeml:eu.emsc/event/20010315_0000002">
  <preferredOriginID>quakeml:eu.emsc/event/20010315_0000002/origin/1432745</preferredOriginID>
  <preferredMagnitudeID>quakeml:eu.emsc/event/20010315_0000002/origin/1432745/mag/2</preferredMagnitudeID>
  <creationInfo>
    <agencyURI>smi:smi-registry/organization/EMSC</agencyURI>
    <authorURI>smi:smi-registry/organization/EMSC</authorURI>
    <creationTime>2014-12-03T11:55:29.417863Z</creationTime>
  </creationInfo>
  <description>
    <text>CRETE, GREECE</text>
    <type>Flinn-Engdahl region</type>
  </description>
  <origin publicID="quakeml:eu.emsc/event/20010315_0000002/origin/1432745">
    <time>
      <value>2001-03-15T07:29:07.0Z</value>
      <uncertainty>0.91</uncertainty>
    </time>
    <latitude>
      <value>35.9777</value>
      <uncertainty>46.7</uncertainty>
    </latitude>
    <longitude>
      <value>24.6794</value>
      <uncertainty>18.6</uncertainty>
    </longitude>
    <depth>
      <value>30000</value>
    </depth>
    <depthType>from location</depthType>
    <methodID>smi:eu.emsc-csem/origin_method/NA</methodID>
    <quality>
      <usedPhaseCount>5</usedPhaseCount>
      <usedStationCount>5</usedStationCount>
      <standardError>0.78</standardError>
      <azimuthalGap>193</azimuthalGap>
      <minimumDistance>0.69</minimumDistance>
      <maximumDistance>3.57</maximumDistance>
    </quality>
    <evaluationMode>manual</evaluationMode>
    <creationInfo>
      <agencyURI>smi:smi-registry/organization/EMSC</agencyURI>
      <authorURI>smi:smi-registry/organization/EMSC</authorURI>
    </creationInfo>
    <originUncertainty>
      <azimuthMaxHorizontalUncertainty>40</azimuthMaxHorizontalUncertainty>
    </originUncertainty>
  </origin>
  <magnitude publicID="quakeml:eu.emsc/event/20010315_0000002/origin/1432745/mag/2">
    <mag>
      <value>3.7</value>
    </mag>
    <type>MD</type>
    <originID>quakeml:eu.emsc/event/20010315_0000002/origin/1432745</originID>
    <creationInfo>
      <agencyURI>smi:smi-registry/organization/EMSC</agencyURI>
      <authorURI>smi:smi-registry/organization/EMSC</authorURI>
    </creationInfo>
  </magnitude>
</event>
<event publicID="quakeml:eu.emsc/event/20010315_0000001">
  <preferredOriginID>quakeml:eu.emsc/event/20010315_0000001/origin/1432747</preferredOriginID>
  <preferredMagnitudeID>quakeml:eu.emsc/event/20010315_0000001/origin/1432747/mag/2</preferredMagnitudeID>
  <creationInfo>
    <agencyURI>smi:smi-registry/organization/EMSC</agencyURI>
    <authorURI>smi:smi-registry/organization/EMSC</authorURI>
    <creationTime>2014-12-03T11:56:06.31083Z</creationTime>
  </creationInfo>
  <description>
    <text>WESTERN TURKEY</text>
    <type>Flinn-Engdahl region</type>
  </description>
  <origin publicID="quakeml:eu.emsc/event/20010315_0000001/origin/1432747">
    <time>
      <value>2001-03-15T02:31:21.5Z</value>
      <uncertainty>0.18</uncertainty>
    </time>
    <latitude>
      <value>40.3787</value>
      <uncertainty>8.1</uncertainty>
    </latitude>
    <longitude>
      <value>27.6732</value>
      <uncertainty>2.9</uncertainty>
    </longitude>
    <depth>
      <value>10000</value>
    </depth>
    <depthType>from location</depthType>
    <methodID>smi:eu.emsc-csem/origin_method/NA</methodID>
    <quality>
      <usedPhaseCount>12</usedPhaseCount>
      <usedStationCount>8</usedStationCount>
      <standardError>0.58</standardError>
      <azimuthalGap>148</azimuthalGap>
      <minimumDistance>0.19</minimumDistance>
      <maximumDistance>1.38</maximumDistance>
    </quality>
    <evaluationMode>manual</evaluationMode>
    <creationInfo>
      <agencyURI>smi:smi-registry/organization/EMSC</agencyURI>
      <authorURI>smi:smi-registry/organization/EMSC</authorURI>
    </creationInfo>
    <originUncertainty>
      <azimuthMaxHorizontalUncertainty>22</azimuthMaxHorizontalUncertainty>
    </originUncertainty>
  </origin>
  <magnitude publicID="quakeml:eu.emsc/event/20010315_0000001/origin/1432747/mag/2">
    <mag>
      <value>2.9</value>
    </mag>
    <type>MD</type>
    <originID>quakeml:eu.emsc/event/20010315_0000001/origin/1432747</originID>
    <creationInfo>
      <agencyURI>smi:smi-registry/organization/EMSC</agencyURI>
      <authorURI>smi:smi-registry/organization/EMSC</authorURI>
    </creationInfo>
  </magnitude>
</event>
<event publicID="quakeml:eu.emsc/event/20010315_0000018">
  <preferredOriginID>quakeml:eu.emsc/event/20010315_0000018/origin/1432347</preferredOriginID>
  <preferredMagnitudeID>quakeml:eu.emsc/event/20010315_0000018/origin/1432347/mag/1</preferredMagnitudeID>
  <creationInfo>
    <agencyURI>smi:smi-registry/organization/EMSC</agencyURI>
    <authorURI>smi:smi-registry/organization/EMSC</authorURI>
    <creationTime>2014-12-03T15:43:03.975596Z</creationTime>
  </creationInfo>
  <description>
    <text>SPAIN</text>
    <type>Flinn-Engdahl region</type>
  </description>
  <origin publicID="quakeml:eu.emsc/event/20010315_0000018/origin/1432347">
    <time>
      <value>2001-03-15T02:28:26.6Z</value>
      <uncertainty>0.49</uncertainty>
    </time>
    <latitude>
      <value>41.7342</value>
      <uncertainty>8</uncertainty>
    </latitude>
    <longitude>
      <value>2.7607</value>
      <uncertainty>3</uncertainty>
    </longitude>
    <depth>
      <value>5000</value>
    </depth>
    <depthType>from location</depthType>
    <methodID>smi:eu.emsc-csem/origin_method/NA</methodID>
    <quality>
      <usedPhaseCount>13</usedPhaseCount>
      <usedStationCount>7</usedStationCount>
      <standardError>0.45</standardError>
      <azimuthalGap>271</azimuthalGap>
      <minimumDistance>0.24</minimumDistance>
      <maximumDistance>2.42</maximumDistance>
    </quality>
    <evaluationMode>manual</evaluationMode>
    <creationInfo>
      <agencyURI>smi:smi-registry/organization/EMSC</agencyURI>
      <authorURI>smi:smi-registry/organization/EMSC</authorURI>
    </creationInfo>
    <originUncertainty>
      <azimuthMaxHorizontalUncertainty>115</azimuthMaxHorizontalUncertainty>
    </originUncertainty>
  </origin>
  <magnitude publicID="quakeml:eu.emsc/event/20010315_0000018/origin/1432347/mag/1">
    <mag>
      <value>2.2</value>
      <uncertainty>0.4</uncertainty>
    </mag>
    <type>ML</type>
    <originID>quakeml:eu.emsc/event/20010315_0000018/origin/1432347</originID>
    <stationCount>6</stationCount>
    <creationInfo>
      <agencyURI>smi:smi-registry/organization/EMSC</agencyURI>
      <authorURI>smi:smi-registry/organization/EMSC</authorURI>
    </creationInfo>
  </magnitude>
</event>
</eventParameters>
</q:quakeml>
