<?xml version="1.0"?>
<q:quakeml xmlns:q="http://quakeml.org/xmlns/quakeml/1.2"  xmlns="http://quakeml.org/xmlns/bed/1.2">
<eventParameters publicID="smi:eu.emsc/unid">
<event publicID="quakeml:eu.emsc/event/20010809_0000021">
  <preferredOriginID>quakeml:eu.emsc/event/20010809_0000021/origin/1420478</preferredOriginID>
  <preferredMagnitudeID>quakeml:eu.emsc/event/20010809_0000021/origin/1420478/mag/1</preferredMagnitudeID>
  <creationInfo>
    <agencyURI>smi:smi-registry/organization/EMSC</agencyURI>
    <authorURI>smi:smi-registry/organization/EMSC</authorURI>
    <creationTime>2014-12-03T16:31:03.310267Z</creationTime>
  </creationInfo>
  <description>
    <text>FRANCE</text>
    <type>Flinn-Engdahl region</type>
  </description>
  <origin publicID="quakeml:eu.emsc/event/20010809_0000021/origin/1420478">
    <time>
      <value>2001-08-09T22:28:06.1Z</value>
      <uncertainty>0.11</uncertainty>
    </time>
    <latitude>
      <value>44.7377</value>
      <uncertainty>3</uncertainty>
    </latitude>
    <longitude>
      <value>6.655</value>
      <uncertainty>1.7</uncertainty>
    </longitude>
    <depth>
      <value>5000</value>
    </depth>
    <depthType>from location</depthType>
    <methodID>smi:eu.emsc-csem/origin_method/NA</methodID>
    <quality>
      <usedPhaseCount>58</usedPhaseCount>
      <usedStationCount>32</usedStationCount>
      <standardError>0.96</standardError>
      <azimuthalGap>90</azimuthalGap>
      <minimumDistance>0.08</minimumDistance>
      <maximumDistance>3.7</maximumDistance>
    </quality>
    <evaluationMode>manual</evaluationMode>
    <creationInfo>
      <agencyURI>smi:smi-registry/organization/EMSC</agencyURI>
      <authorURI>smi:smi-registry/organization/EMSC</authorURI>
    </creationInfo>
    <originUncertainty>
      <azimuthMaxHorizontalUncertainty>62</azimuthMaxHorizontalUncertainty>
    </originUncertainty>
  </origin>
  <magnitude publicID="quakeml:eu.emsc/event/20010809_0000021/origin/1420478/mag/1">
    <mag>
      <value>2.6</value>
      <uncertainty>0.3</uncertainty>
    </mag>
    <type>ML</type>
    <originID>quakeml:eu.emsc/event/20010809_0000021/origin/1420478</originID>
    <stationCount>17</stationCount>
    <creationInfo>
      <agencyURI>smi:smi-registry/organization/EMSC</agencyURI>
      <authorURI>smi:smi-registry/organization/EMSC</authorURI>
    </creationInfo>
  </magnitude>
</event>
<event publicID="quakeml:eu.emsc/event/20010809_0000017">
  <preferredOriginID>quakeml:eu.emsc/event/20010809_0000017/origin/1420482</preferredOriginID>
  <preferredMagnitudeID>quakeml:eu.emsc/event/20010809_0000017/origin/1420482/mag/1</preferredMagnitudeID>
  <creationInfo>
    <agencyURI>smi:smi-registry/organization/EMSC</agencyURI>
    <authorURI>smi:smi-registry/organization/EMSC</authorURI>
    <creationTime>2014-12-03T15:08:15.215405Z</creationTime>
  </creationInfo>
  <description>
    <text>NEAR SOUTH COAST OF FRANCE</text>
    <type>Flinn-Engdahl region</type>
  </description>
  <origin publicID="quakeml:eu.emsc/event/20010809_0000017/origin/1420482">
    <time>
      <value>2001-08-09T21:46:59.3Z</value>
      <uncertainty>0.17</uncertainty>
    </time>
    <latitude>
      <value>43.6374</value>
      <uncertainty>3</uncertainty>
    </latitude>
    <longitude>
      <value>7.8144</value>
      <uncertainty>2.4</uncertainty>
    </longitude>
    <depth>
      <value>15000</value>
    </depth>
    <depthType>from location</depthType>
    <methodID>smi:eu.emsc-csem/origin_method/NA</methodID>
    <quality>
      <usedPhaseCount>48</usedPhaseCount>
      <usedStationCount>28</usedStationCount>
      <standardError>0.76</standardError>
      <azimuthalGap>111</azimuthalGap>
      <minimumDistance>0.22</minimumDistance>
      <maximumDistance>2.57</maximumDistance>
    </quality>
    <evaluationMode>manual</evaluationMode>
    <creationInfo>
      <agencyURI>smi:smi-registry/organization/EMSC</agencyURI>
      <authorURI>smi:smi-registry/organization/EMSC</authorURI>
    </creationInfo>
    <originUncertainty>
      <azimuthMaxHorizontalUncertainty>161</azimuthMaxHorizontalUncertainty>
    </originUncertainty>
  </origin>
  <magnitude publicID="quakeml:eu.emsc/event/20010809_0000017/origin/1420482/mag/1">
    <mag>
      <value>2.2</value>
      <uncertainty>0.3</uncertainty>
    </mag>
    <type>ML</type>
    <originID>quakeml:eu.emsc/event/20010809_0000017/origin/1420482</originID>
    <stationCount>9</stationCount>
    <creationInfo>
      <agencyURI>smi:smi-registry/organization/EMSC</agencyURI>
      <authorURI>smi:smi-registry/organization/EMSC</authorURI>
    </creationInfo>
  </magnitude>
</event>
<event publicID="quakeml:eu.emsc/event/20010809_0000012">
  <preferredOriginID>quakeml:eu.emsc/event/20010809_0000012/origin/1421087</preferredOriginID>
  <preferredMagnitudeID>quakeml:eu.emsc/event/20010809_0000012/origin/1421087/mag/2</preferredMagnitudeID>
  <creationInfo>
    <agencyURI>smi:smi-registry/organization/EMSC</agencyURI>
    <authorURI>smi:smi-registry/organization/EMSC</authorURI>
    <creationTime>2014-12-03T11:29:55.334739Z</creationTime>
  </creationInfo>
  <description>
    <text>AEGEAN SEA</text>
    <type>Flinn-Engdahl region</type>
  </description>
  <origin publicID="quakeml:eu.emsc/event/20010809_0000012/origin/1421087">
    <time>
      <value>2001-08-09T19:37:41.0Z</value>
      <uncertainty>0.18</uncertainty>
    </time>
    <latitude>
      <value>38.4258</value>
      <uncertainty>6.4</uncertainty>
    </latitude>
    <longitude>
      <value>25.6338</value>
      <uncertainty>4</uncertainty>
    </longitude>
    <depth>
      <value>15000</value>
    </depth>
    <depthType>from location</depthType>
    <methodID>smi:eu.emsc-csem/origin_method/NA</methodID>
    <quality>
      <usedPhaseCount>25</usedPhaseCount>
      <usedStationCount>23</usedStationCount>
      <standardError>0.79</standardError>
      <azimuthalGap>84</azimuthalGap>
      <minimumDistance>0.96</minimumDistance>
      <maximumDistance>4.55</maximumDistance>
    </quality>
    <evaluationMode>manual</evaluationMode>
    <creationInfo>
      <agencyURI>smi:smi-registry/organization/EMSC</agencyURI>
      <authorURI>smi:smi-registry/organization/EMSC</authorURI>
    </creationInfo>
    <originUncertainty>
      <azimuthMaxHorizontalUncertainty>111</azimuthMaxHorizontalUncertainty>
    </originUncertainty>
  </origin>
  <magnitude publicID="quakeml:eu.emsc/event/20010809_0000012/origin/1421087/mag/2">
    <mag>
      <value>3.7</value>
    </mag>
    <type>MD</type>
    <originID>quakeml:eu.emsc/event/20010809_0000012/origin/1421087</originID>
    <creationInfo>
      <agencyURI>smi:smi-registry/organization/EMSC</agencyURI>
      <authorURI>smi:smi-registry/organization/EMSC</authorURI>
    </creationInfo>
  </magnitude>
</event>
<event publicID="quakeml:eu.emsc/event/20010809_0000016">
  <preferredOriginID>quakeml:eu.emsc/event/20010809_0000016/origin/1420486</preferredOriginID>
  <preferredMagnitudeID>quakeml:eu.emsc/event/20010809_0000016/origin/1420486/mag/1</preferredMagnitudeID>
  <creationInfo>
    <agencyURI>smi:smi-registry/organization/EMSC</agencyURI>
    <authorURI>smi:smi-registry/organization/EMSC</authorURI>
    <creationTime>2014-12-03T15:03:11.797533Z</creationTime>
  </creationInfo>
  <description>
    <text>PYRENEES</text>
    <type>Flinn-Engdahl region</type>
  </description>
  <origin publicID="quakeml:eu.emsc/event/20010809_0000016/origin/1420486">
    <time>
      <value>2001-08-09T18:25:23.9Z</value>
      <uncertainty>0.1</uncertainty>
    </time>
    <latitude>
      <value>43.4748</value>
      <uncertainty>2.3</uncertainty>
    </latitude>
    <longitude>
      <value>-0.5861</value>
      <uncertainty>1.5</uncertainty>
    </longitude>
    <depth>
      <value>10000</value>
    </depth>
    <depthType>from location</depthType>
    <methodID>smi:eu.emsc-csem/origin_method/NA</methodID>
    <quality>
      <usedPhaseCount>34</usedPhaseCount>
      <usedStationCount>19</usedStationCount>
      <standardError>0.57</standardError>
      <azimuthalGap>119</azimuthalGap>
      <minimumDistance>0.37</minimumDistance>
      <maximumDistance>3.44</maximumDistance>
    </quality>
    <evaluationMode>manual</evaluationMode>
    <creationInfo>
      <agencyURI>smi:smi-registry/organization/EMSC</agencyURI>
      <authorURI>smi:smi-registry/organization/EMSC</authorURI>
    </creationInfo>
    <originUncertainty>
      <azimuthMaxHorizontalUncertainty>140</azimuthMaxHorizontalUncertainty>
    </originUncertainty>
  </origin>
  <magnitude publicID="quakeml:eu.emsc/event/20010809_0000016/origin/1420486/mag/1">
    <mag>
      <value>2.3</value>
      <uncertainty>0.3</uncertainty>
    </mag>
    <type>ML</type>
    <originID>quakeml:eu.emsc/event/20010809_0000016/origin/1420486</originID>
    <stationCount>12</stationCount>
    <creationInfo>
      <agencyURI>smi:smi-registry/organization/EMSC</agencyURI>
      <authorURI>smi:smi-registry/organization/EMSC</authorURI>
    </creationInfo>
  </magnitude>
</event>
<event publicID="quakeml:eu.emsc/event/20010809_0000019">
  <preferredOriginID>quakeml:eu.emsc/event/20010809_0000019/origin/1424397</preferredOriginID>
  <creationInfo>
    <agencyURI>smi:smi-registry/organization/EMSC</agencyURI>
    <authorURI>smi:smi-registry/organization/EMSC</authorURI>
    <creationTime>2014-12-10T18:28:31.206729Z</creationTime>
  </creationInfo>
  <description>
    <text>FRANCE</text>
    <type>Flinn-Engdahl region</type>
  </description>
  <origin publicID="quakeml:eu.emsc/event/20010809_0000019/origin/1424397">
    <time>
      <value>2001-08-09T18:17:24.1Z</value>
    </time>
    <latitude>
      <value>48.1559</value>
      <uncertainty>9999.9</uncertainty>
    </latitude>
    <longitude>
      <value>-2.392</value>
      <uncertainty>9999.9</uncertainty>
    </longitude>
    <depth>
      <value>14000</value>
    </depth>
    <depthType>from location</depthType>
    <methodID>smi:eu.emsc-csem/origin_method/NA</methodID>
    <quality>
      <usedPhaseCount>12</usedPhaseCount>
      <usedStationCount>6</usedStationCount>
      <standardError>0.71</standardError>
      <azimuthalGap>168</azimuthalGap>
      <minimumDistance>0.15</minimumDistance>
      <maximumDistance>1.58</maximumDistance>
    </quality>
    <evaluationMode>manual</evaluationMode>
    <creationInfo>
      <agencyURI>smi:smi-registry/organization/EMSC</agencyURI>
      <authorURI>smi:smi-registry/organization/EMSC</authorURI>
    </creationInfo>
    <originUncertainty>
      <azimuthMaxHorizontalUncertainty>-99</azimuthMaxHorizontalUncertainty>
    </originUncertainty>
  </origin>
</event>
<event publicID="quakeml:eu.emsc/event/20010809_0000014">
  <preferredOriginID>quakeml:eu.emsc/event/20010809_0000014/origin/1424399</preferredOriginID>
  <preferredMagnitudeID>quakeml:eu.emsc/event/20010809_0000014/origin/1424399/mag/2</preferredMagnitudeID>
  <creationInfo>
    <agencyURI>smi:smi-registry/organization/EMSC</agencyURI>
    <authorURI>smi:smi-registry/organization/EMSC</authorURI>
    <creationTime>2014-12-10T13:22:55.969184Z</creationTime>
  </creationInfo>
  <description>
    <text>AEGEAN SEA</text>
    <type>Flinn-Engdahl region</type>
  </description>
  <origin publicID="quakeml:eu.emsc/event/20010809_0000014/origin/1424399">
    <time>
      <value>2001-08-09T16:20:40.3Z</value>
    </time>
    <latitude>
      <value>39.09</value>
      <uncertainty>9999.9</uncertainty>
    </latitude>
    <longitude>
      <value>24.11</value>
      <uncertainty>9999.9</uncertainty>
    </longitude>
    <depth>
      <value>26000</value>
    </depth>
    <depthType>from location</depthType>
    <methodID>smi:eu.emsc-csem/origin_method/NA</methodID>
    <quality>
      <usedPhaseCount>6</usedPhaseCount>
      <usedStationCount>5</usedStationCount>
      <standardError>1.24</standardError>
      <azimuthalGap>106</azimuthalGap>
      <minimumDistance>0.72</minimumDistance>
      <maximumDistance>1.69</maximumDistance>
    </quality>
    <evaluationMode>manual</evaluationMode>
    <creationInfo>
      <agencyURI>smi:smi-registry/organization/EMSC</agencyURI>
      <authorURI>smi:smi-registry/organization/EMSC</authorURI>
    </creationInfo>
    <originUncertainty>
      <azimuthMaxHorizontalUncertainty>-99</azimuthMaxHorizontalUncertainty>
    </originUncertainty>
  </origin>
  <magnitude publicID="quakeml:eu.emsc/event/20010809_0000014/origin/1424399/mag/2">
    <mag>
      <value>3.1</value>
    </mag>
    <type>MD</type>
    <originID>quakeml:eu.emsc/event/20010809_0000014/origin/1424399</originID>
    <creationInfo>
      <agencyURI>smi:smi-registry/organization/EMSC</agencyURI>
      <authorURI>smi:smi-registry/organization/EMSC</authorURI>
    </creationInfo>
  </magnitude>
</event>
<event publicID="quakeml:eu.emsc/event/20010809_0000011">
  <preferredOriginID>quakeml:eu.emsc/event/20010809_0000011/origin/1421090</preferredOriginID>
  <preferredMagnitudeID>quakeml:eu.emsc/event/20010809_0000011/origin/1421090/mag/2</preferredMagnitudeID>
  <creationInfo>
    <agencyURI>smi:smi-registry/organization/EMSC</agencyURI>
    <authorURI>smi:smi-registry/organization/EMSC</authorURI>
    <creationTime>2014-12-03T11:28:03.788939Z</creationTime>
  </creationInfo>
  <description>
    <text>AEGEAN SEA</text>
    <type>Flinn-Engdahl region</type>
  </description>
  <origin publicID="quakeml:eu.emsc/event/20010809_0000011/origin/1421090">
    <time>
      <value>2001-08-09T16:18:02.8Z</value>
      <uncertainty>0.23</uncertainty>
    </time>
    <latitude>
      <value>38.9045</value>
      <uncertainty>7.9</uncertainty>
    </latitude>
    <longitude>
      <value>24.337</value>
      <uncertainty>5.9</uncertainty>
    </longitude>
    <depth>
      <value>10000</value>
    </depth>
    <depthType>from location</depthType>
    <methodID>smi:eu.emsc-csem/origin_method/NA</methodID>
    <quality>
      <usedPhaseCount>12</usedPhaseCount>
      <usedStationCount>11</usedStationCount>
      <standardError>0.63</standardError>
      <azimuthalGap>75</azimuthalGap>
      <minimumDistance>0.93</minimumDistance>
      <maximumDistance>3.78</maximumDistance>
    </quality>
    <evaluationMode>manual</evaluationMode>
    <creationInfo>
      <agencyURI>smi:smi-registry/organization/EMSC</agencyURI>
      <authorURI>smi:smi-registry/organization/EMSC</authorURI>
    </creationInfo>
    <originUncertainty>
      <azimuthMaxHorizontalUncertainty>93</azimuthMaxHorizontalUncertainty>
    </originUncertainty>
  </origin>
  <magnitude publicID="quakeml:eu.emsc/event/20010809_0000011/origin/1421090/mag/2">
    <mag>
      <value>3.4</value>
    </mag>
    <type>MD</type>
    <originID>quakeml:eu.emsc/event/20010809_0000011/origin/1421090</originID>
    <creationInfo>
      <agencyURI>smi:smi-registry/organization/EMSC</agencyURI>
      <authorURI>smi:smi-registry/organization/EMSC</authorURI>
    </creationInfo>
  </magnitude>
</event>
<event publicID="quakeml:eu.emsc/event/20010809_0000010">
  <preferredOriginID>quakeml:eu.emsc/event/20010809_0000010/origin/1424401</preferredOriginID>
  <preferredMagnitudeID>quakeml:eu.emsc/event/20010809_0000010/origin/1424401/mag/2</preferredMagnitudeID>
  <creationInfo>
    <agencyURI>smi:smi-registry/organization/EMSC</agencyURI>
    <authorURI>smi:smi-registry/organization/EMSC</authorURI>
    <creationTime>2014-12-10T13:17:32.940427Z</creationTime>
  </creationInfo>
  <description>
    <text>GREECE</text>
    <type>Flinn-Engdahl region</type>
  </description>
  <origin publicID="quakeml:eu.emsc/event/20010809_0000010/origin/1424401">
    <time>
      <value>2001-08-09T15:46:51.3Z</value>
    </time>
    <latitude>
      <value>38.95</value>
      <uncertainty>9999.9</uncertainty>
    </latitude>
    <longitude>
      <value>23.23</value>
      <uncertainty>9999.9</uncertainty>
    </longitude>
    <depth>
      <value>25000</value>
    </depth>
    <depthType>from location</depthType>
    <methodID>smi:eu.emsc-csem/origin_method/NA</methodID>
    <quality>
      <usedPhaseCount>7</usedPhaseCount>
      <usedStationCount>5</usedStationCount>
      <standardError>1.43</standardError>
      <azimuthalGap>144</azimuthalGap>
      <minimumDistance>0.36</minimumDistance>
      <maximumDistance>1.43</maximumDistance>
    </quality>
    <evaluationMode>manual</evaluationMode>
    <creationInfo>
      <agencyURI>smi:smi-registry/organization/EMSC</agencyURI>
      <authorURI>smi:smi-registry/organization/EMSC</authorURI>
    </creationInfo>
    <originUncertainty>
      <azimuthMaxHorizontalUncertainty>-99</azimuthMaxHorizontalUncertainty>
    </originUncertainty>
  </origin>
  <magnitude publicID="quakeml:eu.emsc/event/20010809_0000010/origin/1424401/mag/2">
    <mag>
      <value>3</value>
    </mag>
    <type>MD</type>
    <originID>quakeml:eu.emsc/event/20010809_0000010/origin/1424401</originID>
    <creationInfo>
      <agencyURI>smi:smi-registry/organization/EMSC</agencyURI>
      <authorURI>smi:smi-registry/organization/EMSC</authorURI>
    </creationInfo>
  </magnitude>
</event>
<event publicID="quakeml:eu.emsc/event/20010809_0000013">
  <preferredOriginID>quakeml:eu.emsc/event/20010809_0000013/origin/1424403</preferredOriginID>
  <preferredMagnitudeID>quakeml:eu.emsc/event/20010809_0000013/origin/1424403/mag/2</preferredMagnitudeID>
  <creationInfo>
    <agencyURI>smi:smi-registry/organization/EMSC</agencyURI>
    <authorURI>smi:smi-registry/organization/EMSC</authorURI>
    <creationTime>2014-12-10T13:22:30.925586Z</creationTime>
  </creationInfo>
  <description>
    <text>AEGEAN SEA</text>
    <type>Flinn-Engdahl region</type>
  </description>
  <origin publicID="quakeml:eu.emsc/event/20010809_0000013/origin/1424403">
    <time>
      <value>2001-08-09T15:21:32.4Z</value>
    </time>
    <latitude>
      <value>39.745</value>
      <uncertainty>9999.9</uncertainty>
    </latitude>
    <longitude>
      <value>23.974</value>
      <uncertainty>9999.9</uncertainty>
    </longitude>
    <depth>
      <value>1000</value>
    </depth>
    <depthType>from location</depthType>
    <methodID>smi:eu.emsc-csem/origin_method/NA</methodID>
    <quality>
      <usedPhaseCount>22</usedPhaseCount>
      <usedStationCount>12</usedStationCount>
      <standardError>1.28</standardError>
      <azimuthalGap>110</azimuthalGap>
      <minimumDistance>0.29</minimumDistance>
      <maximumDistance>2.24</maximumDistance>
    </quality>
    <evaluationMode>manual</evaluationMode>
    <creationInfo>
      <agencyURI>smi:smi-registry/organization/EMSC</agencyURI>
      <authorURI>smi:smi-registry/organization/EMSC</authorURI>
    </creationInfo>
    <originUncertainty>
      <azimuthMaxHorizontalUncertainty>-99</azimuthMaxHorizontalUncertainty>
    </originUncertainty>
  </origin>
  <magnitude publicID="quakeml:eu.emsc/event/20010809_0000013/origin/1424403/mag/2">
    <mag>
      <value>3.3</value>
    </mag>
    <type>ML</type>
    <originID>quakeml:eu.emsc/event/20010809_0000013/origin/1424403</originID>
    <creationInfo>
      <agencyURI>smi:smi-registry/organization/EMSC</agencyURI>
      <authorURI>smi:smi-registry/organization/EMSC</authorURI>
    </creationInfo>
  </magnitude>
</event>
<event publicID="quakeml:eu.emsc/event/20010809_0000023">
  <preferredOriginID>quakeml:eu.emsc/event/20010809_0000023/origin/1420489</preferredOriginID>
  <preferredMagnitudeID>quakeml:eu.emsc/event/20010809_0000023/origin/1420489/mag/2</preferredMagnitudeID>
  <creationInfo>
    <agencyURI>smi:smi-registry/organization/EMSC</agencyURI>
    <authorURI>smi:smi-registry/organization/EMSC</authorURI>
    <creationTime>2014-12-03T16:38:42.52958Z</creationTime>
  </creationInfo>
  <description>
    <text>SPAIN</text>
    <type>Flinn-Engdahl region</type>
  </description>
  <origin publicID="quakeml:eu.emsc/event/20010809_0000023/origin/1420489">
    <time>
      <value>2001-08-09T15:05:36.1Z</value>
      <uncertainty>0.22</uncertainty>
    </time>
    <latitude>
      <value>41.8476</value>
      <uncertainty>3.3</uncertainty>
    </latitude>
    <longitude>
      <value>2.5821</value>
      <uncertainty>2.3</uncertainty>
    </longitude>
    <depth>
      <value>2000</value>
    </depth>
    <depthType>from location</depthType>
    <methodID>smi:eu.emsc-csem/origin_method/NA</methodID>
    <quality>
      <usedPhaseCount>34</usedPhaseCount>
      <usedStationCount>18</usedStationCount>
      <standardError>0.52</standardError>
      <azimuthalGap>212</azimuthalGap>
      <minimumDistance>0.14</minimumDistance>
      <maximumDistance>1.7</maximumDistance>
    </quality>
    <evaluationMode>manual</evaluationMode>
    <creationInfo>
      <agencyURI>smi:smi-registry/organization/EMSC</agencyURI>
      <authorURI>smi:smi-registry/organization/EMSC</authorURI>
    </creationInfo>
    <originUncertainty>
      <azimuthMaxHorizontalUncertainty>142</azimuthMaxHorizontalUncertainty>
    </originUncertainty>
  </origin>
  <magnitude publicID="quakeml:eu.emsc/event/20010809_0000023/origin/1420489/mag/2">
    <mag>
      <value>2.1</value>
    </mag>
    <type>ML</type>
    <originID>quakeml:eu.emsc/event/20010809_0000023/origin/1420489</originID>
    <creationInfo>
      <agencyURI>smi:smi-registry/organization/EMSC</agencyURI>
      <authorURI>smi:smi-registry/organization/EMSC</authorURI>
    </creationInfo>
  </magnitude>
</event>
<event publicID="quakeml:eu.emsc/event/20010809_0000009">
  <preferredOriginID>quakeml:eu.emsc/event/20010809_0000009/origin/1424405</preferredOriginID>
  <preferredMagnitudeID>quakeml:eu.emsc/event/20010809_0000009/origin/1424405/mag/2</preferredMagnitudeID>
  <creationInfo>
    <agencyURI>smi:smi-registry/organization/EMSC</agencyURI>
    <authorURI>smi:smi-registry/organization/EMSC</authorURI>
    <creationTime>2014-12-10T13:17:30.335507Z</creationTime>
  </creationInfo>
  <description>
    <text>CYPRUS REGION</text>
    <type>Flinn-Engdahl region</type>
  </description>
  <origin publicID="quakeml:eu.emsc/event/20010809_0000009/origin/1424405">
    <time>
      <value>2001-08-09T14:56:08.3Z</value>
    </time>
    <latitude>
      <value>34.656</value>
      <uncertainty>9999.9</uncertainty>
    </latitude>
    <longitude>
      <value>33.054</value>
      <uncertainty>9999.9</uncertainty>
    </longitude>
    <depth>
      <value>20000</value>
    </depth>
    <depthType>from location</depthType>
    <methodID>smi:eu.emsc-csem/origin_method/NA</methodID>
    <quality>
      <usedPhaseCount>8</usedPhaseCount>
      <usedStationCount>6</usedStationCount>
      <standardError>1.32</standardError>
      <azimuthalGap>225</azimuthalGap>
      <minimumDistance>0.38</minimumDistance>
      <maximumDistance>0.88</maximumDistance>
    </quality>
    <evaluationMode>manual</evaluationMode>
    <creationInfo>
      <agencyURI>smi:smi-registry/organization/EMSC</agencyURI>
      <authorURI>smi:smi-registry/organization/EMSC</authorURI>
    </creationInfo>
    <originUncertainty>
      <azimuthMaxHorizontalUncertainty>-99</azimuthMaxHorizontalUncertainty>
    </originUncertainty>
  </origin>
  <magnitude publicID="quakeml:eu.emsc/event/20010809_0000009/origin/1424405/mag/2">
    <mag>
      <value>2.9</value>
    </mag>
    <type>ML</type>
    <originID>quakeml:eu.emsc/event/20010809_0000009/origin/1424405</originID>
    <creationInfo>
      <agencyURI>smi:smi-registry/organization/EMSC</agencyURI>
      <authorURI>smi:smi-registry/organization/EMSC</authorURI>
    </creationInfo>
  </magnitude>
</event>
<event publicID="quakeml:eu.emsc/event/20010809_0000008">
  <preferredOriginID>quakeml:eu.emsc/event/20010809_0000008/origin/1421094</preferredOriginID>
  <preferredMagnitudeID>quakeml:eu.emsc/event/20010809_0000008/origin/1421094/mag/1</preferredMagnitudeID>
  <creationInfo>
    <agencyURI>smi:smi-registry/organization/EMSC</agencyURI>
    <authorURI>smi:smi-registry/organization/EMSC</authorURI>
    <creationTime>2014-12-03T11:20:43.311728Z</creationTime>
  </creationInfo>
  <description>
    <text>SPAIN</text>
    <type>Flinn-Engdahl region</type>
  </description>
  <origin publicID="quakeml:eu.emsc/event/20010809_0000008/origin/1421094">
    <time>
      <value>2001-08-09T12:25:04.1Z</value>
      <uncertainty>0.08</uncertainty>
    </time>
    <latitude>
      <value>40.226</value>
      <uncertainty>2.2</uncertainty>
    </latitude>
    <longitude>
      <value>-2.367</value>
      <uncertainty>1.5</uncertainty>
    </longitude>
    <depth>
      <value>5000</value>
    </depth>
    <depthType>from location</depthType>
    <methodID>smi:eu.emsc-csem/origin_method/NA</methodID>
    <quality>
      <usedPhaseCount>128</usedPhaseCount>
      <usedStationCount>64</usedStationCount>
      <standardError>0.97</standardError>
      <azimuthalGap>43</azimuthalGap>
      <minimumDistance>0.64</minimumDistance>
      <maximumDistance>8.85</maximumDistance>
    </quality>
    <evaluationMode>manual</evaluationMode>
    <creationInfo>
      <agencyURI>smi:smi-registry/organization/EMSC</agencyURI>
      <authorURI>smi:smi-registry/organization/EMSC</authorURI>
    </creationInfo>
    <originUncertainty>
      <azimuthMaxHorizontalUncertainty>124</azimuthMaxHorizontalUncertainty>
    </originUncertainty>
  </origin>
  <magnitude publicID="quakeml:eu.emsc/event/20010809_0000008/origin/1421094/mag/1">
    <mag>
      <value>3.7</value>
      <uncertainty>0.3</uncertainty>
    </mag>
    <type>ML</type>
    <originID>quakeml:eu.emsc/event/20010809_0000008/origin/1421094</originID>
    <stationCount>23</stationCount>
    <creationInfo>
      <agencyURI>smi:smi-registry/organization/EMSC</agencyURI>
      <authorURI>smi:smi-registry/organization/EMSC</authorURI>
    </creationInfo>
  </magnitude>
</event>
<event publicID="quakeml:eu.emsc/event/20010809_0000020">
  <preferredOriginID>quakeml:eu.emsc/event/20010809_0000020/origin/1420493</preferredOriginID>
  <preferredMagnitudeID>quakeml:eu.emsc/event/20010809_0000020/origin/1420493/mag/1</preferredMagnitudeID>
  <creationInfo>
    <agencyURI>smi:smi-registry/organization/EMSC</agencyURI>
    <authorURI>smi:smi-registry/organization/EMSC</authorURI>
    <creationTime>2014-12-03T16:04:33.73015Z</creationTime>
  </creationInfo>
  <description>
    <text>NORTHERN ITALY</text>
    <type>Flinn-Engdahl region</type>
  </description>
  <origin publicID="quakeml:eu.emsc/event/20010809_0000020/origin/1420493">
    <time>
      <value>2001-08-09T12:16:12.0Z</value>
      <uncertainty>0.11</uncertainty>
    </time>
    <latitude>
      <value>44.6745</value>
      <uncertainty>2.5</uncertainty>
    </latitude>
    <longitude>
      <value>7.2788</value>
      <uncertainty>1.6</uncertainty>
    </longitude>
    <depth>
      <value>10000</value>
    </depth>
    <depthType>from location</depthType>
    <methodID>smi:eu.emsc-csem/origin_method/NA</methodID>
    <quality>
      <usedPhaseCount>46</usedPhaseCount>
      <usedStationCount>26</usedStationCount>
      <standardError>0.62</standardError>
      <azimuthalGap>76</azimuthalGap>
      <minimumDistance>0.16</minimumDistance>
      <maximumDistance>1.87</maximumDistance>
    </quality>
    <evaluationMode>manual</evaluationMode>
    <creationInfo>
      <agencyURI>smi:smi-registry/organization/EMSC</agencyURI>
      <authorURI>smi:smi-registry/organization/EMSC</authorURI>
    </creationInfo>
    <originUncertainty>
      <azimuthMaxHorizontalUncertainty>69</azimuthMaxHorizontalUncertainty>
    </originUncertainty>
  </origin>
  <magnitude publicID="quakeml:eu.emsc/event/20010809_0000020/origin/1420493/mag/1">
    <mag>
      <value>2.3</value>
      <uncertainty>0.2</uncertainty>
    </mag>
    <type>ML</type>
    <originID>quakeml:eu.emsc/event/20010809_0000020/origin/1420493</originID>
    <stationCount>10</stationCount>
    <creationInfo>
      <agencyURI>smi:smi-registry/organization/EMSC</agencyURI>
      <authorURI>smi:smi-registry/organization/EMSC</authorURI>
    </creationInfo>
  </magnitude>
</event>
<event publicID="quakeml:eu.emsc/event/20010809_0000007">
  <preferredOriginID>quakeml:eu.emsc/event/20010809_0000007/origin/1424407</preferredOriginID>
  <preferredMagnitudeID>quakeml:eu.emsc/event/20010809_0000007/origin/1424407/mag/2</preferredMagnitudeID>
  <creationInfo>
    <agencyURI>smi:smi-registry/organization/EMSC</agencyURI>
    <authorURI>smi:smi-registry/organization/EMSC</authorURI>
    <creationTime>2014-12-10T13:17:24.509094Z</creationTime>
  </creationInfo>
  <description>
    <text>SPAIN</text>
    <type>Flinn-Engdahl region</type>
  </description>
  <origin publicID="quakeml:eu.emsc/event/20010809_0000007/origin/1424407">
    <time>
      <value>2001-08-09T12:10:29.4Z</value>
    </time>
    <latitude>
      <value>40.2369</value>
      <uncertainty>9999.9</uncertainty>
    </latitude>
    <longitude>
      <value>-2.3704</value>
      <uncertainty>9999.9</uncertainty>
    </longitude>
    <depth>
      <value>10700.0</value>
    </depth>
    <depthType>from location</depthType>
    <methodID>smi:eu.emsc-csem/origin_method/NA</methodID>
    <quality>
      <usedPhaseCount>71</usedPhaseCount>
      <usedStationCount>28</usedStationCount>
      <standardError>2.04</standardError>
      <azimuthalGap>45</azimuthalGap>
      <minimumDistance>0.63</minimumDistance>
      <maximumDistance>4.89</maximumDistance>
    </quality>
    <evaluationMode>manual</evaluationMode>
    <creationInfo>
      <agencyURI>smi:smi-registry/organization/EMSC</agencyURI>
      <authorURI>smi:smi-registry/organization/EMSC</authorURI>
    </creationInfo>
    <originUncertainty>
      <azimuthMaxHorizontalUncertainty>-99</azimuthMaxHorizontalUncertainty>
    </originUncertainty>
  </origin>
  <magnitude publicID="quakeml:eu.emsc/event/20010809_0000007/origin/1424407/mag/2">
    <mag>
      <value>2.7</value>
      <uncertainty>0.1</uncertainty>
    </mag>
    <type>mb</type>
    <originID>quakeml:eu.emsc/event/20010809_0000007/origin/1424407</originID>
    <stationCount>42</stationCount>
    <creationInfo>
      <agencyURI>smi:smi-registry/organization/EMSC</agencyURI>
      <authorURI>smi:smi-registry/organization/EMSC</authorURI>
    </creationInfo>
  </magnitude>
</event>
<event publicID="quakeml:eu.emsc/event/20010809_0000006">
  <preferredOriginID>quakeml:eu.emsc/event/20010809_0000006/origin/1421097</preferredOriginID>
  <preferredMagnitudeID>quakeml:eu.emsc/event/20010809_0000006/origin/1421097/mag/2</preferredMagnitudeID>
  <creationInfo>
    <agencyURI>smi:smi-registry/organization/EMSC</agencyURI>
    <authorURI>smi:smi-registry/organization/EMSC</authorURI>
    <creationTime>2014-12-03T11:20:43.478198Z</creationTime>
  </creationInfo>
  <description>
    <text>AEGEAN SEA</text>
    <type>Flinn-Engdahl region</type>
  </description>
  <origin publicID="quakeml:eu.emsc/event/20010809_0000006/origin/1421097">
    <time>
      <value>2001-08-09T09:23:25.3Z</value>
      <uncertainty>0.2</uncertainty>
    </time>
    <latitude>
      <value>38.8935</value>
      <uncertainty>8.2</uncertainty>
    </latitude>
    <longitude>
      <value>24.0951</value>
      <uncertainty>4.6</uncertainty>
    </longitude>
    <depth>
      <value>10000</value>
    </depth>
    <depthType>from location</depthType>
    <methodID>smi:eu.emsc-csem/origin_method/NA</methodID>
    <quality>
      <usedPhaseCount>12</usedPhaseCount>
      <usedStationCount>9</usedStationCount>
      <standardError>0.67</standardError>
      <azimuthalGap>114</azimuthalGap>
      <minimumDistance>0.79</minimumDistance>
      <maximumDistance>3.76</maximumDistance>
    </quality>
    <evaluationMode>manual</evaluationMode>
    <creationInfo>
      <agencyURI>smi:smi-registry/organization/EMSC</agencyURI>
      <authorURI>smi:smi-registry/organization/EMSC</authorURI>
    </creationInfo>
    <originUncertainty>
      <azimuthMaxHorizontalUncertainty>91</azimuthMaxHorizontalUncertainty>
    </originUncertainty>
  </origin>
  <magnitude publicID="quakeml:eu.emsc/event/20010809_0000006/origin/1421097/mag/2">
    <mag>
      <value>3.2</value>
    </mag>
    <type>MD</type>
    <originID>quakeml:eu.emsc/event/20010809_0000006/origin/1421097</originID>
    <creationInfo>
      <agencyURI>smi:smi-registry/organization/EMSC</agencyURI>
      <authorURI>smi:smi-registry/organization/EMSC</authorURI>
    </creationInfo>
  </magnitude>
</event>
<event publicID="quakeml:eu.emsc/event/20010809_0000025">
  <preferredOriginID>quakeml:eu.emsc/event/20010809_0000025/origin/1420496</preferredOriginID>
  <preferredMagnitudeID>quakeml:eu.emsc/event/20010809_0000025/origin/1420496/mag/1</preferredMagnitudeID>
  <creationInfo>
    <agencyURI>smi:smi-registry/organization/EMSC</agencyURI>
    <authorURI>smi:smi-registry/organization/EMSC</authorURI>
    <creationTime>2014-12-03T16:59:01.523111Z</creationTime>
  </creationInfo>
  <description>
    <text>NORTHERN ITALY</text>
    <type>Flinn-Engdahl region</type>
  </description>
  <origin publicID="quakeml:eu.emsc/event/20010809_0000025/origin/1420496">
    <time>
      <value>2001-08-09T07:59:32.2Z</value>
      <uncertainty>0.07</uncertainty>
    </time>
    <latitude>
      <value>44.681</value>
      <uncertainty>1.8</uncertainty>
    </latitude>
    <longitude>
      <value>7.2849</value>
      <uncertainty>1.2</uncertainty>
    </longitude>
    <depth>
      <value>12000</value>
    </depth>
    <depthType>from location</depthType>
    <methodID>smi:eu.emsc-csem/origin_method/NA</methodID>
    <quality>
      <usedPhaseCount>40</usedPhaseCount>
      <usedStationCount>23</usedStationCount>
      <standardError>0.48</standardError>
      <azimuthalGap>77</azimuthalGap>
      <minimumDistance>0.16</minimumDistance>
      <maximumDistance>1.87</maximumDistance>
    </quality>
    <evaluationMode>manual</evaluationMode>
    <creationInfo>
      <agencyURI>smi:smi-registry/organization/EMSC</agencyURI>
      <authorURI>smi:smi-registry/organization/EMSC</authorURI>
    </creationInfo>
    <originUncertainty>
      <azimuthMaxHorizontalUncertainty>71</azimuthMaxHorizontalUncertainty>
    </originUncertainty>
  </origin>
  <magnitude publicID="quakeml:eu.emsc/event/20010809_0000025/origin/1420496/mag/1">
    <mag>
      <value>2.2</value>
      <uncertainty>0.2</uncertainty>
    </mag>
    <type>ML</type>
    <originID>quakeml:eu.emsc/event/20010809_0000025/origin/1420496</originID>
    <stationCount>10</stationCount>
    <creationInfo>
      <agencyURI>smi:smi-registry/organization/EMSC</agencyURI>
      <authorURI>smi:smi-registry/organization/EMSC</authorURI>
    </creationInfo>
  </magnitude>
</event>
<event publicID="quakeml:eu.emsc/event/20010809_0000024">
  <preferredOriginID>quakeml:eu.emsc/event/20010809_0000024/origin/1420499</preferredOriginID>
  <preferredMagnitudeID>quakeml:eu.emsc/event/20010809_0000024/origin/1420499/mag/1</preferredMagnitudeID>
  <creationInfo>
    <agencyURI>smi:smi-registry/organization/EMSC</agencyURI>
    <authorURI>smi:smi-registry/organization/EMSC</authorURI>
    <creationTime>2014-12-03T16:38:42.141409Z</creationTime>
  </creationInfo>
  <description>
    <text>FRANCE</text>
    <type>Flinn-Engdahl region</type>
  </description>
  <origin publicID="quakeml:eu.emsc/event/20010809_0000024/origin/1420499">
    <time>
      <value>2001-08-09T04:25:24.8Z</value>
      <uncertainty>0.08</uncertainty>
    </time>
    <latitude>
      <value>44.8342</value>
      <uncertainty>1.9</uncertainty>
    </latitude>
    <longitude>
      <value>6.6958</value>
      <uncertainty>1.3</uncertainty>
    </longitude>
    <depth>
      <value>2000</value>
    </depth>
    <depthType>from location</depthType>
    <methodID>smi:eu.emsc-csem/origin_method/NA</methodID>
    <quality>
      <usedPhaseCount>17</usedPhaseCount>
      <usedStationCount>10</usedStationCount>
      <standardError>0.37</standardError>
      <azimuthalGap>88</azimuthalGap>
      <minimumDistance>0.11</minimumDistance>
      <maximumDistance>1.51</maximumDistance>
    </quality>
    <evaluationMode>manual</evaluationMode>
    <creationInfo>
      <agencyURI>smi:smi-registry/organization/EMSC</agencyURI>
      <authorURI>smi:smi-registry/organization/EMSC</authorURI>
    </creationInfo>
    <originUncertainty>
      <azimuthMaxHorizontalUncertainty>72</azimuthMaxHorizontalUncertainty>
    </originUncertainty>
  </origin>
  <magnitude publicID="quakeml:eu.emsc/event/20010809_0000024/origin/1420499/mag/1">
    <mag>
      <value>1.3</value>
      <uncertainty>0.4</uncertainty>
    </mag>
    <type>ML</type>
    <originID>quakeml:eu.emsc/event/20010809_0000024/origin/1420499</originID>
    <stationCount>7</stationCount>
    <creationInfo>
      <agencyURI>smi:smi-registry/organization/EMSC</agencyURI>
      <authorURI>smi:smi-registry/organization/EMSC</authorURI>
    </creationInfo>
  </magnitude>
</event>
<event publicID="quakeml:eu.emsc/event/20010809_0000005">
  <preferredOriginID>quakeml:eu.emsc/event/20010809_0000005/origin/1421100</preferredOriginID>
  <preferredMagnitudeID>quakeml:eu.emsc/event/20010809_0000005/origin/1421100/mag/2</preferredMagnitudeID>
  <creationInfo>
    <agencyURI>smi:smi-registry/organization/EMSC</agencyURI>
    <authorURI>smi:smi-registry/organization/EMSC</authorURI>
    <creationTime>2014-12-03T10:32:17.513374Z</creationTime>
  </creationInfo>
  <description>
    <text>SOUTHERN GREECE</text>
    <type>Flinn-Engdahl region</type>
  </description>
  <origin publicID="quakeml:eu.emsc/event/20010809_0000005/origin/1421100">
    <time>
      <value>2001-08-09T04:23:51.7Z</value>
      <uncertainty>0.3</uncertainty>
    </time>
    <latitude>
      <value>37.7763</value>
      <uncertainty>8.8</uncertainty>
    </latitude>
    <longitude>
      <value>22.1786</value>
      <uncertainty>6.3</uncertainty>
    </longitude>
    <depth>
      <value>19600.0</value>
      <uncertainty>0.4</uncertainty>
    </depth>
    <depthType>from location</depthType>
    <methodID>smi:eu.emsc-csem/origin_method/NA</methodID>
    <quality>
      <usedPhaseCount>43</usedPhaseCount>
      <usedStationCount>42</usedStationCount>
      <standardError>1.14</standardError>
      <azimuthalGap>96</azimuthalGap>
      <minimumDistance>1.18</minimumDistance>
      <maximumDistance>77.43</maximumDistance>
    </quality>
    <evaluationMode>manual</evaluationMode>
    <creationInfo>
      <agencyURI>smi:smi-registry/organization/EMSC</agencyURI>
      <authorURI>smi:smi-registry/organization/EMSC</authorURI>
    </creationInfo>
    <originUncertainty>
      <azimuthMaxHorizontalUncertainty>32</azimuthMaxHorizontalUncertainty>
    </originUncertainty>
  </origin>
  <magnitude publicID="quakeml:eu.emsc/event/20010809_0000005/origin/1421100/mag/2">
    <mag>
      <value>3.8</value>
    </mag>
    <type>ML</type>
    <originID>quakeml:eu.emsc/event/20010809_0000005/origin/1421100</originID>
    <creationInfo>
      <agencyURI>smi:smi-registry/organization/EMSC</agencyURI>
      <authorURI>smi:smi-registry/organization/EMSC</authorURI>
    </creationInfo>
  </magnitude>
</event>
<event publicID="quakeml:eu.emsc/event/20010809_0000001">
  <preferredOriginID>quakeml:eu.emsc/event/20010809_0000001/origin/1421186</preferredOriginID>
  <preferredMagnitudeID>quakeml:eu.emsc/event/20010809_0000001/origin/1421186/mag/2</preferredMagnitudeID>
  <creationInfo>
    <agencyURI>smi:smi-registry/organization/EMSC</agencyURI>
    <authorURI>smi:smi-registry/organization/EMSC</authorURI>
    <creationTime>2014-12-03T11:55:16.842526Z</creationTime>
  </creationInfo>
  <description>
    <text>BULGARIA</text>
    <type>Flinn-Engdahl region</type>
  </description>
  <origin publicID="quakeml:eu.emsc/event/20010809_0000001/origin/1421186">
    <time>
      <value>2001-08-09T04:00:04.4Z</value>
      <uncertainty>0.22</uncertainty>
    </time>
    <latitude>
      <value>42.5544</value>
      <uncertainty>6.4</uncertainty>
    </latitude>
    <longitude>
      <value>26.5221</value>
      <uncertainty>4.9</uncertainty>
    </longitude>
    <depth>
      <value>5000</value>
    </depth>
    <depthType>from location</depthType>
    <methodID>smi:eu.emsc-csem/origin_method/NA</methodID>
    <quality>
      <usedPhaseCount>21</usedPhaseCount>
      <usedStationCount>21</usedStationCount>
      <standardError>0.79</standardError>
      <azimuthalGap>78</azimuthalGap>
      <minimumDistance>0.1</minimumDistance>
      <maximumDistance>3.35</maximumDistance>
    </quality>
    <evaluationMode>manual</evaluationMode>
    <creationInfo>
      <agencyURI>smi:smi-registry/organization/EMSC</agencyURI>
      <authorURI>smi:smi-registry/organization/EMSC</authorURI>
    </creationInfo>
    <originUncertainty>
      <azimuthMaxHorizontalUncertainty>32</azimuthMaxHorizontalUncertainty>
    </originUncertainty>
  </origin>
  <magnitude publicID="quakeml:eu.emsc/event/20010809_0000001/origin/1421186/mag/2">
    <mag>
      <value>3.3</value>
    </mag>
    <type>MD</type>
    <originID>quakeml:eu.emsc/event/20010809_0000001/origin/1421186</originID>
    <creationInfo>
      <agencyURI>smi:smi-registry/organization/EMSC</agencyURI>
      <authorURI>smi:smi-registry/organization/EMSC</authorURI>
    </creationInfo>
  </magnitude>
</event>
<event publicID="quakeml:eu.emsc/event/20010809_0000004">
  <preferredOriginID>quakeml:eu.emsc/event/20010809_0000004/origin/1424409</preferredOriginID>
  <preferredMagnitudeID>quakeml:eu.emsc/event/20010809_0000004/origin/1424409/mag/2</preferredMagnitudeID>
  <creationInfo>
    <agencyURI>smi:smi-registry/organization/EMSC</agencyURI>
    <authorURI>smi:smi-registry/organization/EMSC</authorURI>
    <creationTime>2014-12-10T13:17:16.136563Z</creationTime>
  </creationInfo>
  <description>
    <text>AEGEAN SEA</text>
    <type>Flinn-Engdahl region</type>
  </description>
  <origin publicID="quakeml:eu.emsc/event/20010809_0000004/origin/1424409">
    <time>
      <value>2001-08-09T02:20:08.9Z</value>
    </time>
    <latitude>
      <value>39.13</value>
      <uncertainty>9999.9</uncertainty>
    </latitude>
    <longitude>
      <value>24.06</value>
      <uncertainty>9999.9</uncertainty>
    </longitude>
    <depth>
      <value>39000</value>
    </depth>
    <depthType>from location</depthType>
    <methodID>smi:eu.emsc-csem/origin_method/NA</methodID>
    <quality>
      <usedPhaseCount>5</usedPhaseCount>
      <usedStationCount>5</usedStationCount>
      <standardError>1.08</standardError>
      <azimuthalGap>106</azimuthalGap>
      <minimumDistance>0.67</minimumDistance>
      <maximumDistance>1.72</maximumDistance>
    </quality>
    <evaluationMode>manual</evaluationMode>
    <creationInfo>
      <agencyURI>smi:smi-registry/organization/EMSC</agencyURI>
      <authorURI>smi:smi-registry/organization/EMSC</authorURI>
    </creationInfo>
    <originUncertainty>
      <azimuthMaxHorizontalUncertainty>-99</azimuthMaxHorizontalUncertainty>
    </originUncertainty>
  </origin>
  <magnitude publicID="quakeml:eu.emsc/event/20010809_0000004/origin/1424409/mag/2">
    <mag>
      <value>3.2</value>
    </mag>
    <type>ML</type>
    <originID>quakeml:eu.emsc/event/20010809_0000004/origin/1424409</originID>
    <creationInfo>
      <agencyURI>smi:smi-registry/organization/EMSC</agencyURI>
      <authorURI>smi:smi-registry/organization/EMSC</authorURI>
    </creationInfo>
  </magnitude>
</event>
<event publicID="quakeml:eu.emsc/event/20010809_0000018">
  <preferredOriginID>quakeml:eu.emsc/event/20010809_0000018/origin/1535890</preferredOriginID>
  <preferredMagnitudeID>quakeml:eu.emsc/event/20010809_0000018/origin/1535890/mag/2</preferredMagnitudeID>
  <creationInfo>
    <agencyURI>smi:smi-registry/organization/EMSC</agencyURI>
    <authorURI>smi:smi-registry/organization/EMSC</authorURI>
    <creationTime>2014-12-10T21:58:43.713809Z</creationTime>
  </creationInfo>
  <description>
    <text>THE NETHERLANDS</text>
    <type>Flinn-Engdahl region</type>
  </description>
  <origin publicID="quakeml:eu.emsc/event/20010809_0000018/origin/1535890">
    <time>
      <value>2001-08-09T01:50:58.5Z</value>
    </time>
    <latitude>
      <value>50.9108</value>
      <uncertainty>9999.9</uncertainty>
    </latitude>
    <longitude>
      <value>5.926</value>
      <uncertainty>9999.9</uncertainty>
    </longitude>
    <depth>
      <value>2400.0</value>
    </depth>
    <depthType>from location</depthType>
    <methodID>smi:eu.emsc-csem/origin_method/NA</methodID>
    <quality>
      <usedPhaseCount>12</usedPhaseCount>
      <usedStationCount>6</usedStationCount>
      <standardError>0.48</standardError>
      <azimuthalGap>296</azimuthalGap>
      <minimumDistance>0.19</minimumDistance>
      <maximumDistance>0.88</maximumDistance>
    </quality>
    <evaluationMode>manual</evaluationMode>
    <creationInfo>
      <agencyURI>smi:smi-registry/organization/EMSC</agencyURI>
      <authorURI>smi:smi-registry/organization/EMSC</authorURI>
    </creationInfo>
    <originUncertainty>
      <azimuthMaxHorizontalUncertainty>-99</azimuthMaxHorizontalUncertainty>
    </originUncertainty>
  </origin>
  <magnitude publicID="quakeml:eu.emsc/event/20010809_0000018/origin/1535890/mag/2">
    <mag>
      <value>1.5</value>
    </mag>
    <type>ML</type>
    <originID>quakeml:eu.emsc/event/20010809_0000018/origin/1535890</originID>
    <creationInfo>
      <agencyURI>smi:smi-registry/organization/EMSC</agencyURI>
      <authorURI>smi:smi-registry/organization/EMSC</authorURI>
    </creationInfo>
  </magnitude>
</event>
<event publicID="quakeml:eu.emsc/event/20010809_0000003">
  <preferredOriginID>quakeml:eu.emsc/event/20010809_0000003/origin/1424411</preferredOriginID>
  <preferredMagnitudeID>quakeml:eu.emsc/event/20010809_0000003/origin/1424411/mag/2</preferredMagnitudeID>
  <creationInfo>
    <agencyURI>smi:smi-registry/organization/EMSC</agencyURI>
    <authorURI>smi:smi-registry/organization/EMSC</authorURI>
    <creationTime>2014-12-10T13:17:12.463394Z</creationTime>
  </creationInfo>
  <description>
    <text>BULGARIA</text>
    <type>Flinn-Engdahl region</type>
  </description>
  <origin publicID="quakeml:eu.emsc/event/20010809_0000003/origin/1424411">
    <time>
      <value>2001-08-09T01:44:09.4Z</value>
    </time>
    <latitude>
      <value>42.138</value>
      <uncertainty>9999.9</uncertainty>
    </latitude>
    <longitude>
      <value>26.858</value>
      <uncertainty>9999.9</uncertainty>
    </longitude>
    <depth>
      <value>7000</value>
    </depth>
    <depthType>from location</depthType>
    <methodID>smi:eu.emsc-csem/origin_method/NA</methodID>
    <quality>
      <usedPhaseCount>12</usedPhaseCount>
      <usedStationCount>12</usedStationCount>
      <standardError>0.93</standardError>
      <azimuthalGap>290</azimuthalGap>
      <minimumDistance>1.39</minimumDistance>
      <maximumDistance>2.86</maximumDistance>
    </quality>
    <evaluationMode>manual</evaluationMode>
    <creationInfo>
      <agencyURI>smi:smi-registry/organization/EMSC</agencyURI>
      <authorURI>smi:smi-registry/organization/EMSC</authorURI>
    </creationInfo>
    <originUncertainty>
      <azimuthMaxHorizontalUncertainty>-99</azimuthMaxHorizontalUncertainty>
    </originUncertainty>
  </origin>
  <magnitude publicID="quakeml:eu.emsc/event/20010809_0000003/origin/1424411/mag/2">
    <mag>
      <value>3.5</value>
    </mag>
    <type>MD</type>
    <originID>quakeml:eu.emsc/event/20010809_0000003/origin/1424411</originID>
    <creationInfo>
      <agencyURI>smi:smi-registry/organization/EMSC</agencyURI>
      <authorURI>smi:smi-registry/organization/EMSC</authorURI>
    </creationInfo>
  </magnitude>
</event>
<event publicID="quakeml:eu.emsc/event/20010809_0000002">
  <preferredOriginID>quakeml:eu.emsc/event/20010809_0000002/origin/1421103</preferredOriginID>
  <preferredMagnitudeID>quakeml:eu.emsc/event/20010809_0000002/origin/1421103/mag/2</preferredMagnitudeID>
  <creationInfo>
    <agencyURI>smi:smi-registry/organization/EMSC</agencyURI>
    <authorURI>smi:smi-registry/organization/EMSC</authorURI>
    <creationTime>2014-12-03T10:48:47.937753Z</creationTime>
  </creationInfo>
  <description>
    <text>BULGARIA</text>
    <type>Flinn-Engdahl region</type>
  </description>
  <origin publicID="quakeml:eu.emsc/event/20010809_0000002/origin/1421103">
    <time>
      <value>2001-08-09T00:58:17.5Z</value>
      <uncertainty>0.21</uncertainty>
    </time>
    <latitude>
      <value>42.5732</value>
      <uncertainty>6.7</uncertainty>
    </latitude>
    <longitude>
      <value>26.3897</value>
      <uncertainty>5.1</uncertainty>
    </longitude>
    <depth>
      <value>10000</value>
    </depth>
    <depthType>from location</depthType>
    <methodID>smi:eu.emsc-csem/origin_method/NA</methodID>
    <quality>
      <usedPhaseCount>45</usedPhaseCount>
      <usedStationCount>44</usedStationCount>
      <standardError>1.22</standardError>
      <azimuthalGap>54</azimuthalGap>
      <minimumDistance>0.18</minimumDistance>
      <maximumDistance>37.91</maximumDistance>
    </quality>
    <evaluationMode>manual</evaluationMode>
    <creationInfo>
      <agencyURI>smi:smi-registry/organization/EMSC</agencyURI>
      <authorURI>smi:smi-registry/organization/EMSC</authorURI>
    </creationInfo>
    <originUncertainty>
      <azimuthMaxHorizontalUncertainty>32</azimuthMaxHorizontalUncertainty>
    </originUncertainty>
  </origin>
  <magnitude publicID="quakeml:eu.emsc/event/20010809_0000002/origin/1421103/mag/2">
    <mag>
      <value>4.2</value>
    </mag>
    <type>mb</type>
    <originID>quakeml:eu.emsc/event/20010809_0000002/origin/1421103</originID>
    <stationCount>14</stationCount>
    <creationInfo>
      <agencyURI>smi:smi-registry/organization/EMSC</agencyURI>
      <authorURI>smi:smi-registry/organization/EMSC</authorURI>
    </creationInfo>
  </magnitude>
</event>
<event publicID="quakeml:eu.emsc/event/20010809_0000022">
  <preferredOriginID>quakeml:eu.emsc/event/20010809_0000022/origin/1420502</preferredOriginID>
  <preferredMagnitudeID>quakeml:eu.emsc/event/20010809_0000022/origin/1420502/mag/1</preferredMagnitudeID>
  <creationInfo>
    <agencyURI>smi:smi-registry/organization/EMSC</agencyURI>
    <authorURI>smi:smi-registry/organization/EMSC</authorURI>
    <creationTime>2014-12-03T16:34:48.112319Z</creationTime>
  </creationInfo>
  <description>
    <text>NEAR SOUTH COAST OF FRANCE</text>
    <type>Flinn-Engdahl region</type>
  </description>
  <origin publicID="quakeml:eu.emsc/event/20010809_0000022/origin/1420502">
    <time>
      <value>2001-08-09T00:35:52.8Z</value>
      <uncertainty>0.16</uncertainty>
    </time>
    <latitude>
      <value>43.9654</value>
      <uncertainty>3</uncertainty>
    </latitude>
    <longitude>
      <value>7.9055</value>
      <uncertainty>1.9</uncertainty>
    </longitude>
    <depth>
      <value>3100.0</value>
      <uncertainty>1.4</uncertainty>
    </depth>
    <depthType>from location</depthType>
    <methodID>smi:eu.emsc-csem/origin_method/NA</methodID>
    <quality>
      <usedPhaseCount>28</usedPhaseCount>
      <usedStationCount>16</usedStationCount>
      <standardError>0.47</standardError>
      <azimuthalGap>150</azimuthalGap>
      <minimumDistance>0.06</minimumDistance>
      <maximumDistance>1.68</maximumDistance>
    </quality>
    <evaluationMode>manual</evaluationMode>
    <creationInfo>
      <agencyURI>smi:smi-registry/organization/EMSC</agencyURI>
      <authorURI>smi:smi-registry/organization/EMSC</authorURI>
    </creationInfo>
    <originUncertainty>
      <azimuthMaxHorizontalUncertainty>133</azimuthMaxHorizontalUncertainty>
    </originUncertainty>
  </origin>
  <magnitude publicID="quakeml:eu.emsc/event/20010809_0000022/origin/1420502/mag/1">
    <mag>
      <value>1.8</value>
      <uncertainty>0.3</uncertainty>
    </mag>
    <type>ML</type>
    <originID>quakeml:eu.emsc/event/20010809_0000022/origin/1420502</originID>
    <stationCount>6</stationCount>
    <creationInfo>
      <agencyURI>smi:smi-registry/organization/EMSC</agencyURI>
      <authorURI>smi:smi-registry/organization/EMSC</authorURI>
    </creationInfo>
  </magnitude>
</event>
</eventParameters>
</q:quakeml>
