<?xml version="1.0"?>
<q:quakeml xmlns:q="http://quakeml.org/xmlns/quakeml/1.2"  xmlns="http://quakeml.org/xmlns/bed/1.2">
<eventParameters publicID="smi:eu.emsc/unid">
<event publicID="quakeml:eu.emsc/event/20010512_0000005">
  <preferredOriginID>quakeml:eu.emsc/event/20010512_0000005/origin/1430306</preferredOriginID>
  <preferredMagnitudeID>quakeml:eu.emsc/event/20010512_0000005/origin/1430306/mag/2</preferredMagnitudeID>
  <creationInfo>
    <agencyURI>smi:smi-registry/organization/EMSC</agencyURI>
    <authorURI>smi:smi-registry/organization/EMSC</authorURI>
    <creationTime>2014-12-03T11:46:06.623039Z</creationTime>
  </creationInfo>
  <description>
    <text>ALBANIA</text>
    <type>Flinn-Engdahl region</type>
  </description>
  <origin publicID="quakeml:eu.emsc/event/20010512_0000005/origin/1430306">
    <time>
      <value>2001-05-12T22:55:43.8Z</value>
      <uncertainty>0.24</uncertainty>
    </time>
    <latitude>
      <value>41.3344</value>
      <uncertainty>8.2</uncertainty>
    </latitude>
    <longitude>
      <value>20.45</value>
      <uncertainty>4.5</uncertainty>
    </longitude>
    <depth>
      <value>8000</value>
    </depth>
    <depthType>from location</depthType>
    <methodID>smi:eu.emsc-csem/origin_method/NA</methodID>
    <quality>
      <usedPhaseCount>29</usedPhaseCount>
      <usedStationCount>24</usedStationCount>
      <standardError>1.17</standardError>
      <azimuthalGap>110</azimuthalGap>
      <minimumDistance>0.34</minimumDistance>
      <maximumDistance>5.06</maximumDistance>
    </quality>
    <evaluationMode>manual</evaluationMode>
    <creationInfo>
      <agencyURI>smi:smi-registry/organization/EMSC</agencyURI>
      <authorURI>smi:smi-registry/organization/EMSC</authorURI>
    </creationInfo>
    <originUncertainty>
      <azimuthMaxHorizontalUncertainty>54</azimuthMaxHorizontalUncertainty>
    </originUncertainty>
  </origin>
  <magnitude publicID="quakeml:eu.emsc/event/20010512_0000005/origin/1430306/mag/2">
    <mag>
      <value>3.6</value>
    </mag>
    <type>MD</type>
    <originID>quakeml:eu.emsc/event/20010512_0000005/origin/1430306</originID>
    <creationInfo>
      <agencyURI>smi:smi-registry/organization/EMSC</agencyURI>
      <authorURI>smi:smi-registry/organization/EMSC</authorURI>
    </creationInfo>
  </magnitude>
</event>
<event publicID="quakeml:eu.emsc/event/20010512_0000010">
  <preferredOriginID>quakeml:eu.emsc/event/20010512_0000010/origin/1426153</preferredOriginID>
  <creationInfo>
    <agencyURI>smi:smi-registry/organization/EMSC</agencyURI>
    <authorURI>smi:smi-registry/organization/EMSC</authorURI>
    <creationTime>2014-12-10T18:25:55.67121Z</creationTime>
  </creationInfo>
  <description>
    <text>FRANCE</text>
    <type>Flinn-Engdahl region</type>
  </description>
  <origin publicID="quakeml:eu.emsc/event/20010512_0000010/origin/1426153">
    <time>
      <value>2001-05-12T20:12:34.1Z</value>
    </time>
    <latitude>
      <value>45.0778</value>
      <uncertainty>9999.9</uncertainty>
    </latitude>
    <longitude>
      <value>6.4674</value>
      <uncertainty>9999.9</uncertainty>
    </longitude>
    <depth>
      <value>2000</value>
    </depth>
    <depthType>from location</depthType>
    <methodID>smi:eu.emsc-csem/origin_method/NA</methodID>
    <quality>
      <usedPhaseCount>12</usedPhaseCount>
      <usedStationCount>6</usedStationCount>
      <standardError>0.86</standardError>
      <azimuthalGap>122</azimuthalGap>
      <minimumDistance>0.41</minimumDistance>
      <maximumDistance>1.52</maximumDistance>
    </quality>
    <evaluationMode>manual</evaluationMode>
    <creationInfo>
      <agencyURI>smi:smi-registry/organization/EMSC</agencyURI>
      <authorURI>smi:smi-registry/organization/EMSC</authorURI>
    </creationInfo>
    <originUncertainty>
      <azimuthMaxHorizontalUncertainty>-99</azimuthMaxHorizontalUncertainty>
    </originUncertainty>
  </origin>
</event>
<event publicID="quakeml:eu.emsc/event/20010512_0000004">
  <preferredOriginID>quakeml:eu.emsc/event/20010512_0000004/origin/1426155</preferredOriginID>
  <preferredMagnitudeID>quakeml:eu.emsc/event/20010512_0000004/origin/1426155/mag/2</preferredMagnitudeID>
  <creationInfo>
    <agencyURI>smi:smi-registry/organization/EMSC</agencyURI>
    <authorURI>smi:smi-registry/organization/EMSC</authorURI>
    <creationTime>2014-12-10T12:08:02.268111Z</creationTime>
  </creationInfo>
  <description>
    <text>CRETE, GREECE</text>
    <type>Flinn-Engdahl region</type>
  </description>
  <origin publicID="quakeml:eu.emsc/event/20010512_0000004/origin/1426155">
    <time>
      <value>2001-05-12T19:35:24.3Z</value>
    </time>
    <latitude>
      <value>34.88</value>
      <uncertainty>9999.9</uncertainty>
    </latitude>
    <longitude>
      <value>25.57</value>
      <uncertainty>9999.9</uncertainty>
    </longitude>
    <depth>
      <value>45000</value>
    </depth>
    <depthType>from location</depthType>
    <methodID>smi:eu.emsc-csem/origin_method/NA</methodID>
    <quality>
      <usedPhaseCount>6</usedPhaseCount>
      <usedStationCount>4</usedStationCount>
      <standardError>0.89</standardError>
      <azimuthalGap>290</azimuthalGap>
      <minimumDistance>0.38</minimumDistance>
      <maximumDistance>2.82</maximumDistance>
    </quality>
    <evaluationMode>manual</evaluationMode>
    <creationInfo>
      <agencyURI>smi:smi-registry/organization/EMSC</agencyURI>
      <authorURI>smi:smi-registry/organization/EMSC</authorURI>
    </creationInfo>
    <originUncertainty>
      <azimuthMaxHorizontalUncertainty>-99</azimuthMaxHorizontalUncertainty>
    </originUncertainty>
  </origin>
  <magnitude publicID="quakeml:eu.emsc/event/20010512_0000004/origin/1426155/mag/2">
    <mag>
      <value>3.6</value>
    </mag>
    <type>MD</type>
    <originID>quakeml:eu.emsc/event/20010512_0000004/origin/1426155</originID>
    <creationInfo>
      <agencyURI>smi:smi-registry/organization/EMSC</agencyURI>
      <authorURI>smi:smi-registry/organization/EMSC</authorURI>
    </creationInfo>
  </magnitude>
</event>
<event publicID="quakeml:eu.emsc/event/20010512_0000007">
  <preferredOriginID>quakeml:eu.emsc/event/20010512_0000007/origin/1426157</preferredOriginID>
  <preferredMagnitudeID>quakeml:eu.emsc/event/20010512_0000007/origin/1426157/mag/2</preferredMagnitudeID>
  <creationInfo>
    <agencyURI>smi:smi-registry/organization/EMSC</agencyURI>
    <authorURI>smi:smi-registry/organization/EMSC</authorURI>
    <creationTime>2014-12-10T18:25:54.559083Z</creationTime>
  </creationInfo>
  <description>
    <text>FRANCE</text>
    <type>Flinn-Engdahl region</type>
  </description>
  <origin publicID="quakeml:eu.emsc/event/20010512_0000007/origin/1426157">
    <time>
      <value>2001-05-12T15:44:11.1Z</value>
    </time>
    <latitude>
      <value>45.3723</value>
      <uncertainty>9999.9</uncertainty>
    </latitude>
    <longitude>
      <value>6.3789</value>
      <uncertainty>9999.9</uncertainty>
    </longitude>
    <depth>
      <value>18000</value>
    </depth>
    <depthType>from location</depthType>
    <methodID>smi:eu.emsc-csem/origin_method/NA</methodID>
    <quality>
      <usedPhaseCount>10</usedPhaseCount>
      <usedStationCount>6</usedStationCount>
      <standardError>0.92</standardError>
      <azimuthalGap>201</azimuthalGap>
      <minimumDistance>0.29</minimumDistance>
      <maximumDistance>1.92</maximumDistance>
    </quality>
    <evaluationMode>manual</evaluationMode>
    <creationInfo>
      <agencyURI>smi:smi-registry/organization/EMSC</agencyURI>
      <authorURI>smi:smi-registry/organization/EMSC</authorURI>
    </creationInfo>
    <originUncertainty>
      <azimuthMaxHorizontalUncertainty>-99</azimuthMaxHorizontalUncertainty>
    </originUncertainty>
  </origin>
  <magnitude publicID="quakeml:eu.emsc/event/20010512_0000007/origin/1426157/mag/2">
    <mag>
      <value>2.4</value>
    </mag>
    <type>MD</type>
    <originID>quakeml:eu.emsc/event/20010512_0000007/origin/1426157</originID>
    <stationCount>1</stationCount>
    <creationInfo>
      <agencyURI>smi:smi-registry/organization/EMSC</agencyURI>
      <authorURI>smi:smi-registry/organization/EMSC</authorURI>
    </creationInfo>
  </magnitude>
</event>
<event publicID="quakeml:eu.emsc/event/20010512_0000011">
  <preferredOriginID>quakeml:eu.emsc/event/20010512_0000011/origin/1429504</preferredOriginID>
  <preferredMagnitudeID>quakeml:eu.emsc/event/20010512_0000011/origin/1429504/mag/1</preferredMagnitudeID>
  <creationInfo>
    <agencyURI>smi:smi-registry/organization/EMSC</agencyURI>
    <authorURI>smi:smi-registry/organization/EMSC</authorURI>
    <creationTime>2014-12-03T16:13:36.974472Z</creationTime>
  </creationInfo>
  <description>
    <text>FRANCE</text>
    <type>Flinn-Engdahl region</type>
  </description>
  <origin publicID="quakeml:eu.emsc/event/20010512_0000011/origin/1429504">
    <time>
      <value>2001-05-12T15:39:34.8Z</value>
      <uncertainty>0.13</uncertainty>
    </time>
    <latitude>
      <value>44.727</value>
      <uncertainty>2.6</uncertainty>
    </latitude>
    <longitude>
      <value>6.6371</value>
      <uncertainty>2.4</uncertainty>
    </longitude>
    <depth>
      <value>10000</value>
    </depth>
    <depthType>from location</depthType>
    <methodID>smi:eu.emsc-csem/origin_method/NA</methodID>
    <quality>
      <usedPhaseCount>23</usedPhaseCount>
      <usedStationCount>12</usedStationCount>
      <standardError>0.65</standardError>
      <azimuthalGap>75</azimuthalGap>
      <minimumDistance>0.1</minimumDistance>
      <maximumDistance>1.4</maximumDistance>
    </quality>
    <evaluationMode>manual</evaluationMode>
    <creationInfo>
      <agencyURI>smi:smi-registry/organization/EMSC</agencyURI>
      <authorURI>smi:smi-registry/organization/EMSC</authorURI>
    </creationInfo>
    <originUncertainty>
      <azimuthMaxHorizontalUncertainty>63</azimuthMaxHorizontalUncertainty>
    </originUncertainty>
  </origin>
  <magnitude publicID="quakeml:eu.emsc/event/20010512_0000011/origin/1429504/mag/1">
    <mag>
      <value>1.5</value>
      <uncertainty>0.4</uncertainty>
    </mag>
    <type>ML</type>
    <originID>quakeml:eu.emsc/event/20010512_0000011/origin/1429504</originID>
    <stationCount>7</stationCount>
    <creationInfo>
      <agencyURI>smi:smi-registry/organization/EMSC</agencyURI>
      <authorURI>smi:smi-registry/organization/EMSC</authorURI>
    </creationInfo>
  </magnitude>
</event>
<event publicID="quakeml:eu.emsc/event/20010512_0000012">
  <preferredOriginID>quakeml:eu.emsc/event/20010512_0000012/origin/1426159</preferredOriginID>
  <preferredMagnitudeID>quakeml:eu.emsc/event/20010512_0000012/origin/1426159/mag/2</preferredMagnitudeID>
  <creationInfo>
    <agencyURI>smi:smi-registry/organization/EMSC</agencyURI>
    <authorURI>smi:smi-registry/organization/EMSC</authorURI>
    <creationTime>2014-12-10T18:25:54.62332Z</creationTime>
  </creationInfo>
  <description>
    <text>LIGURIAN SEA</text>
    <type>Flinn-Engdahl region</type>
  </description>
  <origin publicID="quakeml:eu.emsc/event/20010512_0000012/origin/1426159">
    <time>
      <value>2001-05-12T15:02:09.8Z</value>
    </time>
    <latitude>
      <value>43.981</value>
      <uncertainty>9999.9</uncertainty>
    </latitude>
    <longitude>
      <value>8.0382</value>
      <uncertainty>9999.9</uncertainty>
    </longitude>
    <depth>
      <value>11100.0</value>
    </depth>
    <depthType>from location</depthType>
    <methodID>smi:eu.emsc-csem/origin_method/NA</methodID>
    <quality>
      <usedPhaseCount>16</usedPhaseCount>
      <usedStationCount>9</usedStationCount>
      <standardError>9.74</standardError>
      <azimuthalGap>203</azimuthalGap>
      <minimumDistance>0.13</minimumDistance>
      <maximumDistance>0.85</maximumDistance>
    </quality>
    <evaluationMode>manual</evaluationMode>
    <creationInfo>
      <agencyURI>smi:smi-registry/organization/EMSC</agencyURI>
      <authorURI>smi:smi-registry/organization/EMSC</authorURI>
    </creationInfo>
    <originUncertainty>
      <azimuthMaxHorizontalUncertainty>-99</azimuthMaxHorizontalUncertainty>
    </originUncertainty>
  </origin>
  <magnitude publicID="quakeml:eu.emsc/event/20010512_0000012/origin/1426159/mag/2">
    <mag>
      <value>2</value>
    </mag>
    <type>ML</type>
    <originID>quakeml:eu.emsc/event/20010512_0000012/origin/1426159</originID>
    <creationInfo>
      <agencyURI>smi:smi-registry/organization/EMSC</agencyURI>
      <authorURI>smi:smi-registry/organization/EMSC</authorURI>
    </creationInfo>
  </magnitude>
</event>
<event publicID="quakeml:eu.emsc/event/20010512_0000008">
  <preferredOriginID>quakeml:eu.emsc/event/20010512_0000008/origin/1429507</preferredOriginID>
  <preferredMagnitudeID>quakeml:eu.emsc/event/20010512_0000008/origin/1429507/mag/1</preferredMagnitudeID>
  <creationInfo>
    <agencyURI>smi:smi-registry/organization/EMSC</agencyURI>
    <authorURI>smi:smi-registry/organization/EMSC</authorURI>
    <creationTime>2014-12-03T15:14:46.300692Z</creationTime>
  </creationInfo>
  <description>
    <text>FRANCE</text>
    <type>Flinn-Engdahl region</type>
  </description>
  <origin publicID="quakeml:eu.emsc/event/20010512_0000008/origin/1429507">
    <time>
      <value>2001-05-12T10:04:05.5Z</value>
      <uncertainty>0.09</uncertainty>
    </time>
    <latitude>
      <value>44.5461</value>
      <uncertainty>2.1</uncertainty>
    </latitude>
    <longitude>
      <value>6.8082</value>
      <uncertainty>1.5</uncertainty>
    </longitude>
    <depth>
      <value>15000</value>
    </depth>
    <depthType>from location</depthType>
    <methodID>smi:eu.emsc-csem/origin_method/NA</methodID>
    <quality>
      <usedPhaseCount>28</usedPhaseCount>
      <usedStationCount>16</usedStationCount>
      <standardError>0.52</standardError>
      <azimuthalGap>85</azimuthalGap>
      <minimumDistance>0.18</minimumDistance>
      <maximumDistance>1.55</maximumDistance>
    </quality>
    <evaluationMode>manual</evaluationMode>
    <creationInfo>
      <agencyURI>smi:smi-registry/organization/EMSC</agencyURI>
      <authorURI>smi:smi-registry/organization/EMSC</authorURI>
    </creationInfo>
    <originUncertainty>
      <azimuthMaxHorizontalUncertainty>61</azimuthMaxHorizontalUncertainty>
    </originUncertainty>
  </origin>
  <magnitude publicID="quakeml:eu.emsc/event/20010512_0000008/origin/1429507/mag/1">
    <mag>
      <value>1.5</value>
      <uncertainty>0.5</uncertainty>
    </mag>
    <type>ML</type>
    <originID>quakeml:eu.emsc/event/20010512_0000008/origin/1429507</originID>
    <stationCount>6</stationCount>
    <creationInfo>
      <agencyURI>smi:smi-registry/organization/EMSC</agencyURI>
      <authorURI>smi:smi-registry/organization/EMSC</authorURI>
    </creationInfo>
  </magnitude>
</event>
<event publicID="quakeml:eu.emsc/event/20010512_0000014">
  <preferredOriginID>quakeml:eu.emsc/event/20010512_0000014/origin/1429513</preferredOriginID>
  <preferredMagnitudeID>quakeml:eu.emsc/event/20010512_0000014/origin/1429513/mag/2</preferredMagnitudeID>
  <creationInfo>
    <agencyURI>smi:smi-registry/organization/EMSC</agencyURI>
    <authorURI>smi:smi-registry/organization/EMSC</authorURI>
    <creationTime>2014-12-03T16:46:03.824796Z</creationTime>
  </creationInfo>
  <description>
    <text>NORTHERN ITALY</text>
    <type>Flinn-Engdahl region</type>
  </description>
  <origin publicID="quakeml:eu.emsc/event/20010512_0000014/origin/1429513">
    <time>
      <value>2001-05-12T06:37:20.5Z</value>
      <uncertainty>0.16</uncertainty>
    </time>
    <latitude>
      <value>44.2737</value>
      <uncertainty>7.1</uncertainty>
    </latitude>
    <longitude>
      <value>9.9243</value>
      <uncertainty>3.1</uncertainty>
    </longitude>
    <depth>
      <value>5000</value>
    </depth>
    <depthType>from location</depthType>
    <methodID>smi:eu.emsc-csem/origin_method/NA</methodID>
    <quality>
      <usedPhaseCount>33</usedPhaseCount>
      <usedStationCount>24</usedStationCount>
      <standardError>0.72</standardError>
      <azimuthalGap>123</azimuthalGap>
      <minimumDistance>0.21</minimumDistance>
      <maximumDistance>2.33</maximumDistance>
    </quality>
    <evaluationMode>manual</evaluationMode>
    <creationInfo>
      <agencyURI>smi:smi-registry/organization/EMSC</agencyURI>
      <authorURI>smi:smi-registry/organization/EMSC</authorURI>
    </creationInfo>
    <originUncertainty>
      <azimuthMaxHorizontalUncertainty>11</azimuthMaxHorizontalUncertainty>
    </originUncertainty>
  </origin>
  <magnitude publicID="quakeml:eu.emsc/event/20010512_0000014/origin/1429513/mag/2">
    <mag>
      <value>3</value>
    </mag>
    <type>ML</type>
    <originID>quakeml:eu.emsc/event/20010512_0000014/origin/1429513</originID>
    <creationInfo>
      <agencyURI>smi:smi-registry/organization/EMSC</agencyURI>
      <authorURI>smi:smi-registry/organization/EMSC</authorURI>
    </creationInfo>
  </magnitude>
</event>
<event publicID="quakeml:eu.emsc/event/20010512_0000003">
  <preferredOriginID>quakeml:eu.emsc/event/20010512_0000003/origin/1426161</preferredOriginID>
  <preferredMagnitudeID>quakeml:eu.emsc/event/20010512_0000003/origin/1426161/mag/2</preferredMagnitudeID>
  <creationInfo>
    <agencyURI>smi:smi-registry/organization/EMSC</agencyURI>
    <authorURI>smi:smi-registry/organization/EMSC</authorURI>
    <creationTime>2014-12-10T12:07:58.415909Z</creationTime>
  </creationInfo>
  <description>
    <text>CENTRAL MEDITERRANEAN SEA</text>
    <type>Flinn-Engdahl region</type>
  </description>
  <origin publicID="quakeml:eu.emsc/event/20010512_0000003/origin/1426161">
    <time>
      <value>2001-05-12T05:43:37.6Z</value>
    </time>
    <latitude>
      <value>36.9</value>
      <uncertainty>9999.9</uncertainty>
    </latitude>
    <longitude>
      <value>20.9</value>
      <uncertainty>9999.9</uncertainty>
    </longitude>
    <depth>
      <value>5000</value>
    </depth>
    <depthType>from location</depthType>
    <methodID>smi:eu.emsc-csem/origin_method/NA</methodID>
    <quality>
      <usedPhaseCount>5</usedPhaseCount>
      <usedStationCount>5</usedStationCount>
      <standardError>2.13</standardError>
      <azimuthalGap>240</azimuthalGap>
      <minimumDistance>0.87</minimumDistance>
      <maximumDistance>2.14</maximumDistance>
    </quality>
    <evaluationMode>manual</evaluationMode>
    <creationInfo>
      <agencyURI>smi:smi-registry/organization/EMSC</agencyURI>
      <authorURI>smi:smi-registry/organization/EMSC</authorURI>
    </creationInfo>
    <originUncertainty>
      <azimuthMaxHorizontalUncertainty>-99</azimuthMaxHorizontalUncertainty>
    </originUncertainty>
  </origin>
  <magnitude publicID="quakeml:eu.emsc/event/20010512_0000003/origin/1426161/mag/2">
    <mag>
      <value>3.1</value>
    </mag>
    <type>MD</type>
    <originID>quakeml:eu.emsc/event/20010512_0000003/origin/1426161</originID>
    <creationInfo>
      <agencyURI>smi:smi-registry/organization/EMSC</agencyURI>
      <authorURI>smi:smi-registry/organization/EMSC</authorURI>
    </creationInfo>
  </magnitude>
</event>
<event publicID="quakeml:eu.emsc/event/20010512_0000002">
  <preferredOriginID>quakeml:eu.emsc/event/20010512_0000002/origin/1426163</preferredOriginID>
  <preferredMagnitudeID>quakeml:eu.emsc/event/20010512_0000002/origin/1426163/mag/2</preferredMagnitudeID>
  <creationInfo>
    <agencyURI>smi:smi-registry/organization/EMSC</agencyURI>
    <authorURI>smi:smi-registry/organization/EMSC</authorURI>
    <creationTime>2014-12-10T12:07:57.2032Z</creationTime>
  </creationInfo>
  <description>
    <text>NEAR THE COAST OF WESTERN TURKEY</text>
    <type>Flinn-Engdahl region</type>
  </description>
  <origin publicID="quakeml:eu.emsc/event/20010512_0000002/origin/1426163">
    <time>
      <value>2001-05-12T00:50:22.6Z</value>
    </time>
    <latitude>
      <value>39.046</value>
      <uncertainty>9999.9</uncertainty>
    </latitude>
    <longitude>
      <value>26.35</value>
      <uncertainty>9999.9</uncertainty>
    </longitude>
    <depth>
      <value>11000</value>
    </depth>
    <depthType>from location</depthType>
    <methodID>smi:eu.emsc-csem/origin_method/NA</methodID>
    <quality>
      <usedPhaseCount>10</usedPhaseCount>
      <usedStationCount>9</usedStationCount>
      <standardError>1.03</standardError>
      <azimuthalGap>226</azimuthalGap>
      <minimumDistance>0.78</minimumDistance>
      <maximumDistance>2.93</maximumDistance>
    </quality>
    <evaluationMode>manual</evaluationMode>
    <creationInfo>
      <agencyURI>smi:smi-registry/organization/EMSC</agencyURI>
      <authorURI>smi:smi-registry/organization/EMSC</authorURI>
    </creationInfo>
    <originUncertainty>
      <azimuthMaxHorizontalUncertainty>-99</azimuthMaxHorizontalUncertainty>
    </originUncertainty>
  </origin>
  <magnitude publicID="quakeml:eu.emsc/event/20010512_0000002/origin/1426163/mag/2">
    <mag>
      <value>3</value>
    </mag>
    <type>MD</type>
    <originID>quakeml:eu.emsc/event/20010512_0000002/origin/1426163</originID>
    <creationInfo>
      <agencyURI>smi:smi-registry/organization/EMSC</agencyURI>
      <authorURI>smi:smi-registry/organization/EMSC</authorURI>
    </creationInfo>
  </magnitude>
</event>
<event publicID="quakeml:eu.emsc/event/20010512_0000001">
  <preferredOriginID>quakeml:eu.emsc/event/20010512_0000001/origin/1430310</preferredOriginID>
  <preferredMagnitudeID>quakeml:eu.emsc/event/20010512_0000001/origin/1430310/mag/2</preferredMagnitudeID>
  <creationInfo>
    <agencyURI>smi:smi-registry/organization/EMSC</agencyURI>
    <authorURI>smi:smi-registry/organization/EMSC</authorURI>
    <creationTime>2014-12-03T11:44:11.763862Z</creationTime>
  </creationInfo>
  <description>
    <text>GREECE</text>
    <type>Flinn-Engdahl region</type>
  </description>
  <origin publicID="quakeml:eu.emsc/event/20010512_0000001/origin/1430310">
    <time>
      <value>2001-05-12T00:21:02.6Z</value>
      <uncertainty>0.21</uncertainty>
    </time>
    <latitude>
      <value>38.3527</value>
      <uncertainty>5.3</uncertainty>
    </latitude>
    <longitude>
      <value>22.3116</value>
      <uncertainty>4.2</uncertainty>
    </longitude>
    <depth>
      <value>0</value>
      <uncertainty>1.2</uncertainty>
    </depth>
    <depthType>from location</depthType>
    <methodID>smi:eu.emsc-csem/origin_method/NA</methodID>
    <quality>
      <usedPhaseCount>28</usedPhaseCount>
      <usedStationCount>24</usedStationCount>
      <standardError>0.87</standardError>
      <azimuthalGap>68</azimuthalGap>
      <minimumDistance>0.67</minimumDistance>
      <maximumDistance>3.68</maximumDistance>
    </quality>
    <evaluationMode>manual</evaluationMode>
    <creationInfo>
      <agencyURI>smi:smi-registry/organization/EMSC</agencyURI>
      <authorURI>smi:smi-registry/organization/EMSC</authorURI>
    </creationInfo>
    <originUncertainty>
      <azimuthMaxHorizontalUncertainty>68</azimuthMaxHorizontalUncertainty>
    </originUncertainty>
  </origin>
  <magnitude publicID="quakeml:eu.emsc/event/20010512_0000001/origin/1430310/mag/2">
    <mag>
      <value>3.1</value>
    </mag>
    <type>ML</type>
    <originID>quakeml:eu.emsc/event/20010512_0000001/origin/1430310</originID>
    <creationInfo>
      <agencyURI>smi:smi-registry/organization/EMSC</agencyURI>
      <authorURI>smi:smi-registry/organization/EMSC</authorURI>
    </creationInfo>
  </magnitude>
</event>
</eventParameters>
</q:quakeml>
