<?xml version="1.0"?>
<q:quakeml xmlns:q="http://quakeml.org/xmlns/quakeml/1.2"  xmlns="http://quakeml.org/xmlns/bed/1.2">
<eventParameters publicID="smi:eu.emsc/unid">
<event publicID="quakeml:eu.emsc/event/20011121_0000022">
  <preferredOriginID>quakeml:eu.emsc/event/20011121_0000022/origin/1417359</preferredOriginID>
  <preferredMagnitudeID>quakeml:eu.emsc/event/20011121_0000022/origin/1417359/mag/2</preferredMagnitudeID>
  <creationInfo>
    <agencyURI>smi:smi-registry/organization/EMSC</agencyURI>
    <authorURI>smi:smi-registry/organization/EMSC</authorURI>
    <creationTime>2014-12-03T16:11:57.75167Z</creationTime>
  </creationInfo>
  <description>
    <text>FRANCE</text>
    <type>Flinn-Engdahl region</type>
  </description>
  <origin publicID="quakeml:eu.emsc/event/20011121_0000022/origin/1417359">
    <time>
      <value>2001-11-21T23:48:21.9Z</value>
      <uncertainty>0.06</uncertainty>
    </time>
    <latitude>
      <value>44.9967</value>
      <uncertainty>1.1</uncertainty>
    </latitude>
    <longitude>
      <value>6.6435</value>
      <uncertainty>0.9</uncertainty>
    </longitude>
    <depth>
      <value>5000</value>
    </depth>
    <depthType>from location</depthType>
    <methodID>smi:eu.emsc-csem/origin_method/NA</methodID>
    <quality>
      <usedPhaseCount>23</usedPhaseCount>
      <usedStationCount>13</usedStationCount>
      <standardError>0.33</standardError>
      <azimuthalGap>82</azimuthalGap>
      <minimumDistance>0.13</minimumDistance>
      <maximumDistance>1.66</maximumDistance>
    </quality>
    <evaluationMode>manual</evaluationMode>
    <creationInfo>
      <agencyURI>smi:smi-registry/organization/EMSC</agencyURI>
      <authorURI>smi:smi-registry/organization/EMSC</authorURI>
    </creationInfo>
    <originUncertainty>
      <azimuthMaxHorizontalUncertainty>85</azimuthMaxHorizontalUncertainty>
    </originUncertainty>
  </origin>
  <magnitude publicID="quakeml:eu.emsc/event/20011121_0000022/origin/1417359/mag/2">
    <mag>
      <value>1.7</value>
    </mag>
    <type>ML</type>
    <originID>quakeml:eu.emsc/event/20011121_0000022/origin/1417359</originID>
    <creationInfo>
      <agencyURI>smi:smi-registry/organization/EMSC</agencyURI>
      <authorURI>smi:smi-registry/organization/EMSC</authorURI>
    </creationInfo>
  </magnitude>
</event>
<event publicID="quakeml:eu.emsc/event/20011121_0000020">
  <preferredOriginID>quakeml:eu.emsc/event/20011121_0000020/origin/1417362</preferredOriginID>
  <preferredMagnitudeID>quakeml:eu.emsc/event/20011121_0000020/origin/1417362/mag/2</preferredMagnitudeID>
  <creationInfo>
    <agencyURI>smi:smi-registry/organization/EMSC</agencyURI>
    <authorURI>smi:smi-registry/organization/EMSC</authorURI>
    <creationTime>2014-12-03T16:04:34.251648Z</creationTime>
  </creationInfo>
  <description>
    <text>FRANCE</text>
    <type>Flinn-Engdahl region</type>
  </description>
  <origin publicID="quakeml:eu.emsc/event/20011121_0000020/origin/1417362">
    <time>
      <value>2001-11-21T23:43:33.2Z</value>
      <uncertainty>0.07</uncertainty>
    </time>
    <latitude>
      <value>45.0003</value>
      <uncertainty>1.4</uncertainty>
    </latitude>
    <longitude>
      <value>6.636</value>
      <uncertainty>1.3</uncertainty>
    </longitude>
    <depth>
      <value>2000</value>
    </depth>
    <depthType>from location</depthType>
    <methodID>smi:eu.emsc-csem/origin_method/NA</methodID>
    <quality>
      <usedPhaseCount>24</usedPhaseCount>
      <usedStationCount>14</usedStationCount>
      <standardError>0.43</standardError>
      <azimuthalGap>82</azimuthalGap>
      <minimumDistance>0.13</minimumDistance>
      <maximumDistance>1.66</maximumDistance>
    </quality>
    <evaluationMode>manual</evaluationMode>
    <creationInfo>
      <agencyURI>smi:smi-registry/organization/EMSC</agencyURI>
      <authorURI>smi:smi-registry/organization/EMSC</authorURI>
    </creationInfo>
    <originUncertainty>
      <azimuthMaxHorizontalUncertainty>94</azimuthMaxHorizontalUncertainty>
    </originUncertainty>
  </origin>
  <magnitude publicID="quakeml:eu.emsc/event/20011121_0000020/origin/1417362/mag/2">
    <mag>
      <value>1.4</value>
    </mag>
    <type>ML</type>
    <originID>quakeml:eu.emsc/event/20011121_0000020/origin/1417362</originID>
    <stationCount>4</stationCount>
    <creationInfo>
      <agencyURI>smi:smi-registry/organization/EMSC</agencyURI>
      <authorURI>smi:smi-registry/organization/EMSC</authorURI>
    </creationInfo>
  </magnitude>
</event>
<event publicID="quakeml:eu.emsc/event/20011121_0000023">
  <preferredOriginID>quakeml:eu.emsc/event/20011121_0000023/origin/1422913</preferredOriginID>
  <preferredMagnitudeID>quakeml:eu.emsc/event/20011121_0000023/origin/1422913/mag/2</preferredMagnitudeID>
  <creationInfo>
    <agencyURI>smi:smi-registry/organization/EMSC</agencyURI>
    <authorURI>smi:smi-registry/organization/EMSC</authorURI>
    <creationTime>2014-12-10T18:42:25.959302Z</creationTime>
  </creationInfo>
  <description>
    <text>FRANCE</text>
    <type>Flinn-Engdahl region</type>
  </description>
  <origin publicID="quakeml:eu.emsc/event/20011121_0000023/origin/1422913">
    <time>
      <value>2001-11-21T23:37:03.8Z</value>
    </time>
    <latitude>
      <value>45.0002</value>
      <uncertainty>9999.9</uncertainty>
    </latitude>
    <longitude>
      <value>6.6245</value>
      <uncertainty>9999.9</uncertainty>
    </longitude>
    <depth>
      <value>6800.0</value>
    </depth>
    <depthType>from location</depthType>
    <methodID>smi:eu.emsc-csem/origin_method/NA</methodID>
    <quality>
      <usedPhaseCount>12</usedPhaseCount>
      <usedStationCount>6</usedStationCount>
      <standardError>3.07</standardError>
      <azimuthalGap>253</azimuthalGap>
      <minimumDistance>0.14</minimumDistance>
      <maximumDistance>0.6</maximumDistance>
    </quality>
    <evaluationMode>manual</evaluationMode>
    <creationInfo>
      <agencyURI>smi:smi-registry/organization/EMSC</agencyURI>
      <authorURI>smi:smi-registry/organization/EMSC</authorURI>
    </creationInfo>
    <originUncertainty>
      <azimuthMaxHorizontalUncertainty>-99</azimuthMaxHorizontalUncertainty>
    </originUncertainty>
  </origin>
  <magnitude publicID="quakeml:eu.emsc/event/20011121_0000023/origin/1422913/mag/2">
    <mag>
      <value>1.7</value>
    </mag>
    <type>ML</type>
    <originID>quakeml:eu.emsc/event/20011121_0000023/origin/1422913</originID>
    <creationInfo>
      <agencyURI>smi:smi-registry/organization/EMSC</agencyURI>
      <authorURI>smi:smi-registry/organization/EMSC</authorURI>
    </creationInfo>
  </magnitude>
</event>
<event publicID="quakeml:eu.emsc/event/20011121_0000024">
  <preferredOriginID>quakeml:eu.emsc/event/20011121_0000024/origin/1417267</preferredOriginID>
  <preferredMagnitudeID>quakeml:eu.emsc/event/20011121_0000024/origin/1417267/mag/1</preferredMagnitudeID>
  <creationInfo>
    <agencyURI>smi:smi-registry/organization/EMSC</agencyURI>
    <authorURI>smi:smi-registry/organization/EMSC</authorURI>
    <creationTime>2014-12-03T16:36:45.9209Z</creationTime>
  </creationInfo>
  <description>
    <text>FRANCE</text>
    <type>Flinn-Engdahl region</type>
  </description>
  <origin publicID="quakeml:eu.emsc/event/20011121_0000024/origin/1417267">
    <time>
      <value>2001-11-21T23:36:21.9Z</value>
      <uncertainty>0.07</uncertainty>
    </time>
    <latitude>
      <value>45.0106</value>
      <uncertainty>1.7</uncertainty>
    </latitude>
    <longitude>
      <value>6.6617</value>
      <uncertainty>1.2</uncertainty>
    </longitude>
    <depth>
      <value>5000</value>
    </depth>
    <depthType>from location</depthType>
    <methodID>smi:eu.emsc-csem/origin_method/NA</methodID>
    <quality>
      <usedPhaseCount>117</usedPhaseCount>
      <usedStationCount>64</usedStationCount>
      <standardError>0.78</standardError>
      <azimuthalGap>30</azimuthalGap>
      <minimumDistance>0.13</minimumDistance>
      <maximumDistance>4.2</maximumDistance>
    </quality>
    <evaluationMode>manual</evaluationMode>
    <creationInfo>
      <agencyURI>smi:smi-registry/organization/EMSC</agencyURI>
      <authorURI>smi:smi-registry/organization/EMSC</authorURI>
    </creationInfo>
    <originUncertainty>
      <azimuthMaxHorizontalUncertainty>50</azimuthMaxHorizontalUncertainty>
    </originUncertainty>
  </origin>
  <magnitude publicID="quakeml:eu.emsc/event/20011121_0000024/origin/1417267/mag/1">
    <mag>
      <value>1.6</value>
      <uncertainty>0.4</uncertainty>
    </mag>
    <type>ML</type>
    <originID>quakeml:eu.emsc/event/20011121_0000024/origin/1417267</originID>
    <stationCount>22</stationCount>
    <creationInfo>
      <agencyURI>smi:smi-registry/organization/EMSC</agencyURI>
      <authorURI>smi:smi-registry/organization/EMSC</authorURI>
    </creationInfo>
  </magnitude>
</event>
<event publicID="quakeml:eu.emsc/event/20011121_0000026">
  <preferredOriginID>quakeml:eu.emsc/event/20011121_0000026/origin/1417365</preferredOriginID>
  <preferredMagnitudeID>quakeml:eu.emsc/event/20011121_0000026/origin/1417365/mag/2</preferredMagnitudeID>
  <creationInfo>
    <agencyURI>smi:smi-registry/organization/EMSC</agencyURI>
    <authorURI>smi:smi-registry/organization/EMSC</authorURI>
    <creationTime>2014-12-03T16:59:07.46459Z</creationTime>
  </creationInfo>
  <description>
    <text>FRANCE</text>
    <type>Flinn-Engdahl region</type>
  </description>
  <origin publicID="quakeml:eu.emsc/event/20011121_0000026/origin/1417365">
    <time>
      <value>2001-11-21T23:36:04.5Z</value>
      <uncertainty>0.08</uncertainty>
    </time>
    <latitude>
      <value>45.0018</value>
      <uncertainty>1.9</uncertainty>
    </latitude>
    <longitude>
      <value>6.6544</value>
      <uncertainty>1.5</uncertainty>
    </longitude>
    <depth>
      <value>5000</value>
    </depth>
    <depthType>from location</depthType>
    <methodID>smi:eu.emsc-csem/origin_method/NA</methodID>
    <quality>
      <usedPhaseCount>25</usedPhaseCount>
      <usedStationCount>16</usedStationCount>
      <standardError>0.39</standardError>
      <azimuthalGap>81</azimuthalGap>
      <minimumDistance>0.12</minimumDistance>
      <maximumDistance>1.67</maximumDistance>
    </quality>
    <evaluationMode>manual</evaluationMode>
    <creationInfo>
      <agencyURI>smi:smi-registry/organization/EMSC</agencyURI>
      <authorURI>smi:smi-registry/organization/EMSC</authorURI>
    </creationInfo>
    <originUncertainty>
      <azimuthMaxHorizontalUncertainty>100</azimuthMaxHorizontalUncertainty>
    </originUncertainty>
  </origin>
  <magnitude publicID="quakeml:eu.emsc/event/20011121_0000026/origin/1417365/mag/2">
    <mag>
      <value>1.8</value>
    </mag>
    <type>ML</type>
    <originID>quakeml:eu.emsc/event/20011121_0000026/origin/1417365</originID>
    <creationInfo>
      <agencyURI>smi:smi-registry/organization/EMSC</agencyURI>
      <authorURI>smi:smi-registry/organization/EMSC</authorURI>
    </creationInfo>
  </magnitude>
</event>
<event publicID="quakeml:eu.emsc/event/20011121_0000013">
  <preferredOriginID>quakeml:eu.emsc/event/20011121_0000013/origin/1417368</preferredOriginID>
  <preferredMagnitudeID>quakeml:eu.emsc/event/20011121_0000013/origin/1417368/mag/1</preferredMagnitudeID>
  <creationInfo>
    <agencyURI>smi:smi-registry/organization/EMSC</agencyURI>
    <authorURI>smi:smi-registry/organization/EMSC</authorURI>
    <creationTime>2014-12-03T15:14:47.439737Z</creationTime>
  </creationInfo>
  <description>
    <text>FRANCE</text>
    <type>Flinn-Engdahl region</type>
  </description>
  <origin publicID="quakeml:eu.emsc/event/20011121_0000013/origin/1417368">
    <time>
      <value>2001-11-21T23:28:31.9Z</value>
      <uncertainty>0.09</uncertainty>
    </time>
    <latitude>
      <value>44.9915</value>
      <uncertainty>2</uncertainty>
    </latitude>
    <longitude>
      <value>6.6711</value>
      <uncertainty>1.6</uncertainty>
    </longitude>
    <depth>
      <value>12000</value>
    </depth>
    <depthType>from location</depthType>
    <methodID>smi:eu.emsc-csem/origin_method/NA</methodID>
    <quality>
      <usedPhaseCount>33</usedPhaseCount>
      <usedStationCount>22</usedStationCount>
      <standardError>0.53</standardError>
      <azimuthalGap>80</azimuthalGap>
      <minimumDistance>0.11</minimumDistance>
      <maximumDistance>1.67</maximumDistance>
    </quality>
    <evaluationMode>manual</evaluationMode>
    <creationInfo>
      <agencyURI>smi:smi-registry/organization/EMSC</agencyURI>
      <authorURI>smi:smi-registry/organization/EMSC</authorURI>
    </creationInfo>
    <originUncertainty>
      <azimuthMaxHorizontalUncertainty>84</azimuthMaxHorizontalUncertainty>
    </originUncertainty>
  </origin>
  <magnitude publicID="quakeml:eu.emsc/event/20011121_0000013/origin/1417368/mag/1">
    <mag>
      <value>0.8</value>
      <uncertainty>0.5</uncertainty>
    </mag>
    <type>ML</type>
    <originID>quakeml:eu.emsc/event/20011121_0000013/origin/1417368</originID>
    <stationCount>6</stationCount>
    <creationInfo>
      <agencyURI>smi:smi-registry/organization/EMSC</agencyURI>
      <authorURI>smi:smi-registry/organization/EMSC</authorURI>
    </creationInfo>
  </magnitude>
</event>
<event publicID="quakeml:eu.emsc/event/20011121_0000027">
  <preferredOriginID>quakeml:eu.emsc/event/20011121_0000027/origin/1420079</preferredOriginID>
  <preferredMagnitudeID>quakeml:eu.emsc/event/20011121_0000027/origin/1420079/mag/1</preferredMagnitudeID>
  <creationInfo>
    <agencyURI>smi:smi-registry/organization/EMSC</agencyURI>
    <authorURI>smi:smi-registry/organization/EMSC</authorURI>
    <creationTime>2014-12-03T17:05:04.478136Z</creationTime>
  </creationInfo>
  <description>
    <text>FRANCE</text>
    <type>Flinn-Engdahl region</type>
  </description>
  <origin publicID="quakeml:eu.emsc/event/20011121_0000027/origin/1420079">
    <time>
      <value>2001-11-21T23:17:35.6Z</value>
      <uncertainty>0.08</uncertainty>
    </time>
    <latitude>
      <value>45.0064</value>
      <uncertainty>1.8</uncertainty>
    </latitude>
    <longitude>
      <value>6.661</value>
      <uncertainty>1.4</uncertainty>
    </longitude>
    <depth>
      <value>5000</value>
    </depth>
    <depthType>from location</depthType>
    <methodID>smi:eu.emsc-csem/origin_method/NA</methodID>
    <quality>
      <usedPhaseCount>111</usedPhaseCount>
      <usedStationCount>62</usedStationCount>
      <standardError>0.82</standardError>
      <azimuthalGap>30</azimuthalGap>
      <minimumDistance>0.12</minimumDistance>
      <maximumDistance>4.2</maximumDistance>
    </quality>
    <evaluationMode>manual</evaluationMode>
    <creationInfo>
      <agencyURI>smi:smi-registry/organization/EMSC</agencyURI>
      <authorURI>smi:smi-registry/organization/EMSC</authorURI>
    </creationInfo>
    <originUncertainty>
      <azimuthMaxHorizontalUncertainty>52</azimuthMaxHorizontalUncertainty>
    </originUncertainty>
  </origin>
  <magnitude publicID="quakeml:eu.emsc/event/20011121_0000027/origin/1420079/mag/1">
    <mag>
      <value>1.5</value>
      <uncertainty>0.5</uncertainty>
    </mag>
    <type>ML</type>
    <originID>quakeml:eu.emsc/event/20011121_0000027/origin/1420079</originID>
    <stationCount>20</stationCount>
    <creationInfo>
      <agencyURI>smi:smi-registry/organization/EMSC</agencyURI>
      <authorURI>smi:smi-registry/organization/EMSC</authorURI>
    </creationInfo>
  </magnitude>
</event>
<event publicID="quakeml:eu.emsc/event/20011121_0000019">
  <preferredOriginID>quakeml:eu.emsc/event/20011121_0000019/origin/1420094</preferredOriginID>
  <preferredMagnitudeID>quakeml:eu.emsc/event/20011121_0000019/origin/1420094/mag/2</preferredMagnitudeID>
  <creationInfo>
    <agencyURI>smi:smi-registry/organization/EMSC</agencyURI>
    <authorURI>smi:smi-registry/organization/EMSC</authorURI>
    <creationTime>2014-12-03T15:56:56.31902Z</creationTime>
  </creationInfo>
  <description>
    <text>FRANCE</text>
    <type>Flinn-Engdahl region</type>
  </description>
  <origin publicID="quakeml:eu.emsc/event/20011121_0000019/origin/1420094">
    <time>
      <value>2001-11-21T23:15:51.9Z</value>
      <uncertainty>0.07</uncertainty>
    </time>
    <latitude>
      <value>44.9989</value>
      <uncertainty>1.5</uncertainty>
    </latitude>
    <longitude>
      <value>6.6532</value>
      <uncertainty>1.1</uncertainty>
    </longitude>
    <depth>
      <value>5000</value>
    </depth>
    <depthType>from location</depthType>
    <methodID>smi:eu.emsc-csem/origin_method/NA</methodID>
    <quality>
      <usedPhaseCount>25</usedPhaseCount>
      <usedStationCount>15</usedStationCount>
      <standardError>0.37</standardError>
      <azimuthalGap>101</azimuthalGap>
      <minimumDistance>0.12</minimumDistance>
      <maximumDistance>1.56</maximumDistance>
    </quality>
    <evaluationMode>manual</evaluationMode>
    <creationInfo>
      <agencyURI>smi:smi-registry/organization/EMSC</agencyURI>
      <authorURI>smi:smi-registry/organization/EMSC</authorURI>
    </creationInfo>
    <originUncertainty>
      <azimuthMaxHorizontalUncertainty>100</azimuthMaxHorizontalUncertainty>
    </originUncertainty>
  </origin>
  <magnitude publicID="quakeml:eu.emsc/event/20011121_0000019/origin/1420094/mag/2">
    <mag>
      <value>1.5</value>
    </mag>
    <type>ML</type>
    <originID>quakeml:eu.emsc/event/20011121_0000019/origin/1420094</originID>
    <stationCount>4</stationCount>
    <creationInfo>
      <agencyURI>smi:smi-registry/organization/EMSC</agencyURI>
      <authorURI>smi:smi-registry/organization/EMSC</authorURI>
    </creationInfo>
  </magnitude>
</event>
<event publicID="quakeml:eu.emsc/event/20011121_0000012">
  <preferredOriginID>quakeml:eu.emsc/event/20011121_0000012/origin/1417371</preferredOriginID>
  <preferredMagnitudeID>quakeml:eu.emsc/event/20011121_0000012/origin/1417371/mag/1</preferredMagnitudeID>
  <creationInfo>
    <agencyURI>smi:smi-registry/organization/EMSC</agencyURI>
    <authorURI>smi:smi-registry/organization/EMSC</authorURI>
    <creationTime>2014-12-03T15:10:29.165736Z</creationTime>
  </creationInfo>
  <description>
    <text>FRANCE</text>
    <type>Flinn-Engdahl region</type>
  </description>
  <origin publicID="quakeml:eu.emsc/event/20011121_0000012/origin/1417371">
    <time>
      <value>2001-11-21T22:57:45.0Z</value>
      <uncertainty>0.22</uncertainty>
    </time>
    <latitude>
      <value>46.5148</value>
      <uncertainty>5</uncertainty>
    </latitude>
    <longitude>
      <value>0.1355</value>
      <uncertainty>3.4</uncertainty>
    </longitude>
    <depth>
      <value>15000</value>
    </depth>
    <depthType>from location</depthType>
    <methodID>smi:eu.emsc-csem/origin_method/NA</methodID>
    <quality>
      <usedPhaseCount>23</usedPhaseCount>
      <usedStationCount>12</usedStationCount>
      <standardError>1.21</standardError>
      <azimuthalGap>94</azimuthalGap>
      <minimumDistance>0.21</minimumDistance>
      <maximumDistance>2.65</maximumDistance>
    </quality>
    <evaluationMode>manual</evaluationMode>
    <creationInfo>
      <agencyURI>smi:smi-registry/organization/EMSC</agencyURI>
      <authorURI>smi:smi-registry/organization/EMSC</authorURI>
    </creationInfo>
    <originUncertainty>
      <azimuthMaxHorizontalUncertainty>20</azimuthMaxHorizontalUncertainty>
    </originUncertainty>
  </origin>
  <magnitude publicID="quakeml:eu.emsc/event/20011121_0000012/origin/1417371/mag/1">
    <mag>
      <value>0.7</value>
      <uncertainty>0.4</uncertainty>
    </mag>
    <type>ML</type>
    <originID>quakeml:eu.emsc/event/20011121_0000012/origin/1417371</originID>
    <stationCount>8</stationCount>
    <creationInfo>
      <agencyURI>smi:smi-registry/organization/EMSC</agencyURI>
      <authorURI>smi:smi-registry/organization/EMSC</authorURI>
    </creationInfo>
  </magnitude>
</event>
<event publicID="quakeml:eu.emsc/event/20011121_0000009">
  <preferredOriginID>quakeml:eu.emsc/event/20011121_0000009/origin/1422915</preferredOriginID>
  <preferredMagnitudeID>quakeml:eu.emsc/event/20011121_0000009/origin/1422915/mag/2</preferredMagnitudeID>
  <creationInfo>
    <agencyURI>smi:smi-registry/organization/EMSC</agencyURI>
    <authorURI>smi:smi-registry/organization/EMSC</authorURI>
    <creationTime>2014-12-10T14:15:08.559698Z</creationTime>
  </creationInfo>
  <description>
    <text>AEGEAN SEA</text>
    <type>Flinn-Engdahl region</type>
  </description>
  <origin publicID="quakeml:eu.emsc/event/20011121_0000009/origin/1422915">
    <time>
      <value>2001-11-21T22:52:23.7Z</value>
    </time>
    <latitude>
      <value>39.1</value>
      <uncertainty>9999.9</uncertainty>
    </latitude>
    <longitude>
      <value>24.22</value>
      <uncertainty>9999.9</uncertainty>
    </longitude>
    <depth>
      <value>16000</value>
    </depth>
    <depthType>from location</depthType>
    <methodID>smi:eu.emsc-csem/origin_method/NA</methodID>
    <quality>
      <usedPhaseCount>5</usedPhaseCount>
      <usedStationCount>5</usedStationCount>
      <standardError>1.92</standardError>
      <azimuthalGap>110</azimuthalGap>
      <minimumDistance>0.8</minimumDistance>
      <maximumDistance>1.6</maximumDistance>
    </quality>
    <evaluationMode>manual</evaluationMode>
    <creationInfo>
      <agencyURI>smi:smi-registry/organization/EMSC</agencyURI>
      <authorURI>smi:smi-registry/organization/EMSC</authorURI>
    </creationInfo>
    <originUncertainty>
      <azimuthMaxHorizontalUncertainty>-99</azimuthMaxHorizontalUncertainty>
    </originUncertainty>
  </origin>
  <magnitude publicID="quakeml:eu.emsc/event/20011121_0000009/origin/1422915/mag/2">
    <mag>
      <value>3</value>
    </mag>
    <type>ML</type>
    <originID>quakeml:eu.emsc/event/20011121_0000009/origin/1422915</originID>
    <creationInfo>
      <agencyURI>smi:smi-registry/organization/EMSC</agencyURI>
      <authorURI>smi:smi-registry/organization/EMSC</authorURI>
    </creationInfo>
  </magnitude>
</event>
<event publicID="quakeml:eu.emsc/event/20011121_0000008">
  <preferredOriginID>quakeml:eu.emsc/event/20011121_0000008/origin/1422917</preferredOriginID>
  <preferredMagnitudeID>quakeml:eu.emsc/event/20011121_0000008/origin/1422917/mag/2</preferredMagnitudeID>
  <creationInfo>
    <agencyURI>smi:smi-registry/organization/EMSC</agencyURI>
    <authorURI>smi:smi-registry/organization/EMSC</authorURI>
    <creationTime>2014-12-10T14:15:04.954276Z</creationTime>
  </creationInfo>
  <description>
    <text>AEGEAN SEA</text>
    <type>Flinn-Engdahl region</type>
  </description>
  <origin publicID="quakeml:eu.emsc/event/20011121_0000008/origin/1422917">
    <time>
      <value>2001-11-21T22:44:58.5Z</value>
    </time>
    <latitude>
      <value>39.1</value>
      <uncertainty>9999.9</uncertainty>
    </latitude>
    <longitude>
      <value>24.18</value>
      <uncertainty>9999.9</uncertainty>
    </longitude>
    <depth>
      <value>38000</value>
    </depth>
    <depthType>from location</depthType>
    <methodID>smi:eu.emsc-csem/origin_method/NA</methodID>
    <quality>
      <usedPhaseCount>8</usedPhaseCount>
      <usedStationCount>7</usedStationCount>
      <standardError>1.14</standardError>
      <azimuthalGap>109</azimuthalGap>
      <minimumDistance>0.77</minimumDistance>
      <maximumDistance>2.29</maximumDistance>
    </quality>
    <evaluationMode>manual</evaluationMode>
    <creationInfo>
      <agencyURI>smi:smi-registry/organization/EMSC</agencyURI>
      <authorURI>smi:smi-registry/organization/EMSC</authorURI>
    </creationInfo>
    <originUncertainty>
      <azimuthMaxHorizontalUncertainty>-99</azimuthMaxHorizontalUncertainty>
    </originUncertainty>
  </origin>
  <magnitude publicID="quakeml:eu.emsc/event/20011121_0000008/origin/1422917/mag/2">
    <mag>
      <value>3.1</value>
    </mag>
    <type>ML</type>
    <originID>quakeml:eu.emsc/event/20011121_0000008/origin/1422917</originID>
    <creationInfo>
      <agencyURI>smi:smi-registry/organization/EMSC</agencyURI>
      <authorURI>smi:smi-registry/organization/EMSC</authorURI>
    </creationInfo>
  </magnitude>
</event>
<event publicID="quakeml:eu.emsc/event/20011121_0000007">
  <preferredOriginID>quakeml:eu.emsc/event/20011121_0000007/origin/1422919</preferredOriginID>
  <preferredMagnitudeID>quakeml:eu.emsc/event/20011121_0000007/origin/1422919/mag/2</preferredMagnitudeID>
  <creationInfo>
    <agencyURI>smi:smi-registry/organization/EMSC</agencyURI>
    <authorURI>smi:smi-registry/organization/EMSC</authorURI>
    <creationTime>2014-12-10T14:15:00.515317Z</creationTime>
  </creationInfo>
  <description>
    <text>GREECE</text>
    <type>Flinn-Engdahl region</type>
  </description>
  <origin publicID="quakeml:eu.emsc/event/20011121_0000007/origin/1422919">
    <time>
      <value>2001-11-21T21:30:08.8Z</value>
    </time>
    <latitude>
      <value>38.32</value>
      <uncertainty>9999.9</uncertainty>
    </latitude>
    <longitude>
      <value>22.26</value>
      <uncertainty>9999.9</uncertainty>
    </longitude>
    <depth>
      <value>14000</value>
    </depth>
    <depthType>from location</depthType>
    <methodID>smi:eu.emsc-csem/origin_method/NA</methodID>
    <quality>
      <usedPhaseCount>7</usedPhaseCount>
      <usedStationCount>7</usedStationCount>
      <standardError>1.76</standardError>
      <azimuthalGap>71</azimuthalGap>
      <minimumDistance>0.69</minimumDistance>
      <maximumDistance>1.69</maximumDistance>
    </quality>
    <evaluationMode>manual</evaluationMode>
    <creationInfo>
      <agencyURI>smi:smi-registry/organization/EMSC</agencyURI>
      <authorURI>smi:smi-registry/organization/EMSC</authorURI>
    </creationInfo>
    <originUncertainty>
      <azimuthMaxHorizontalUncertainty>-99</azimuthMaxHorizontalUncertainty>
    </originUncertainty>
  </origin>
  <magnitude publicID="quakeml:eu.emsc/event/20011121_0000007/origin/1422919/mag/2">
    <mag>
      <value>3</value>
    </mag>
    <type>ML</type>
    <originID>quakeml:eu.emsc/event/20011121_0000007/origin/1422919</originID>
    <creationInfo>
      <agencyURI>smi:smi-registry/organization/EMSC</agencyURI>
      <authorURI>smi:smi-registry/organization/EMSC</authorURI>
    </creationInfo>
  </magnitude>
</event>
<event publicID="quakeml:eu.emsc/event/20011121_0000006">
  <preferredOriginID>quakeml:eu.emsc/event/20011121_0000006/origin/1417717</preferredOriginID>
  <preferredMagnitudeID>quakeml:eu.emsc/event/20011121_0000006/origin/1417717/mag/2</preferredMagnitudeID>
  <creationInfo>
    <agencyURI>smi:smi-registry/organization/EMSC</agencyURI>
    <authorURI>smi:smi-registry/organization/EMSC</authorURI>
    <creationTime>2014-12-03T11:41:15.649293Z</creationTime>
  </creationInfo>
  <description>
    <text>AEGEAN SEA</text>
    <type>Flinn-Engdahl region</type>
  </description>
  <origin publicID="quakeml:eu.emsc/event/20011121_0000006/origin/1417717">
    <time>
      <value>2001-11-21T21:17:11.8Z</value>
      <uncertainty>0.29</uncertainty>
    </time>
    <latitude>
      <value>38.6176</value>
      <uncertainty>6.9</uncertainty>
    </latitude>
    <longitude>
      <value>24.5483</value>
      <uncertainty>5.5</uncertainty>
    </longitude>
    <depth>
      <value>2000</value>
    </depth>
    <depthType>from location</depthType>
    <methodID>smi:eu.emsc-csem/origin_method/NA</methodID>
    <quality>
      <usedPhaseCount>45</usedPhaseCount>
      <usedStationCount>35</usedStationCount>
      <standardError>1.28</standardError>
      <azimuthalGap>69</azimuthalGap>
      <minimumDistance>0.78</minimumDistance>
      <maximumDistance>4.63</maximumDistance>
    </quality>
    <evaluationMode>manual</evaluationMode>
    <creationInfo>
      <agencyURI>smi:smi-registry/organization/EMSC</agencyURI>
      <authorURI>smi:smi-registry/organization/EMSC</authorURI>
    </creationInfo>
    <originUncertainty>
      <azimuthMaxHorizontalUncertainty>105</azimuthMaxHorizontalUncertainty>
    </originUncertainty>
  </origin>
  <magnitude publicID="quakeml:eu.emsc/event/20011121_0000006/origin/1417717/mag/2">
    <mag>
      <value>4</value>
    </mag>
    <type>ML</type>
    <originID>quakeml:eu.emsc/event/20011121_0000006/origin/1417717</originID>
    <creationInfo>
      <agencyURI>smi:smi-registry/organization/EMSC</agencyURI>
      <authorURI>smi:smi-registry/organization/EMSC</authorURI>
    </creationInfo>
  </magnitude>
</event>
<event publicID="quakeml:eu.emsc/event/20011121_0000018">
  <preferredOriginID>quakeml:eu.emsc/event/20011121_0000018/origin/1420097</preferredOriginID>
  <preferredMagnitudeID>quakeml:eu.emsc/event/20011121_0000018/origin/1420097/mag/1</preferredMagnitudeID>
  <creationInfo>
    <agencyURI>smi:smi-registry/organization/EMSC</agencyURI>
    <authorURI>smi:smi-registry/organization/EMSC</authorURI>
    <creationTime>2014-12-03T15:53:07.895903Z</creationTime>
  </creationInfo>
  <description>
    <text>SWITZERLAND</text>
    <type>Flinn-Engdahl region</type>
  </description>
  <origin publicID="quakeml:eu.emsc/event/20011121_0000018/origin/1420097">
    <time>
      <value>2001-11-21T20:59:54.5Z</value>
      <uncertainty>0.1</uncertainty>
    </time>
    <latitude>
      <value>47.6047</value>
      <uncertainty>2.1</uncertainty>
    </latitude>
    <longitude>
      <value>8.836</value>
      <uncertainty>1.7</uncertainty>
    </longitude>
    <depth>
      <value>24000</value>
      <uncertainty>1.1</uncertainty>
    </depth>
    <depthType>from location</depthType>
    <methodID>smi:eu.emsc-csem/origin_method/NA</methodID>
    <quality>
      <usedPhaseCount>27</usedPhaseCount>
      <usedStationCount>15</usedStationCount>
      <standardError>0.4</standardError>
      <azimuthalGap>103</azimuthalGap>
      <minimumDistance>0.2</minimumDistance>
      <maximumDistance>1.41</maximumDistance>
    </quality>
    <evaluationMode>manual</evaluationMode>
    <creationInfo>
      <agencyURI>smi:smi-registry/organization/EMSC</agencyURI>
      <authorURI>smi:smi-registry/organization/EMSC</authorURI>
    </creationInfo>
    <originUncertainty>
      <azimuthMaxHorizontalUncertainty>65</azimuthMaxHorizontalUncertainty>
    </originUncertainty>
  </origin>
  <magnitude publicID="quakeml:eu.emsc/event/20011121_0000018/origin/1420097/mag/1">
    <mag>
      <value>1.8</value>
      <uncertainty>0.4</uncertainty>
    </mag>
    <type>ML</type>
    <originID>quakeml:eu.emsc/event/20011121_0000018/origin/1420097</originID>
    <stationCount>4</stationCount>
    <creationInfo>
      <agencyURI>smi:smi-registry/organization/EMSC</agencyURI>
      <authorURI>smi:smi-registry/organization/EMSC</authorURI>
    </creationInfo>
  </magnitude>
</event>
<event publicID="quakeml:eu.emsc/event/20011121_0000016">
  <preferredOriginID>quakeml:eu.emsc/event/20011121_0000016/origin/1422921</preferredOriginID>
  <preferredMagnitudeID>quakeml:eu.emsc/event/20011121_0000016/origin/1422921/mag/2</preferredMagnitudeID>
  <creationInfo>
    <agencyURI>smi:smi-registry/organization/EMSC</agencyURI>
    <authorURI>smi:smi-registry/organization/EMSC</authorURI>
    <creationTime>2014-12-10T18:31:36.645236Z</creationTime>
  </creationInfo>
  <description>
    <text>GERMANY</text>
    <type>Flinn-Engdahl region</type>
  </description>
  <origin publicID="quakeml:eu.emsc/event/20011121_0000016/origin/1422921">
    <time>
      <value>2001-11-21T17:17:57.5Z</value>
    </time>
    <latitude>
      <value>49.34</value>
      <uncertainty>9999.9</uncertainty>
    </latitude>
    <longitude>
      <value>6.86</value>
      <uncertainty>9999.9</uncertainty>
    </longitude>
    <depth>
      <value>0</value>
    </depth>
    <depthType>from location</depthType>
    <methodID>smi:eu.emsc-csem/origin_method/NA</methodID>
    <quality>
      <usedPhaseCount>8</usedPhaseCount>
      <usedStationCount>5</usedStationCount>
      <standardError>0.7</standardError>
      <azimuthalGap>169</azimuthalGap>
      <minimumDistance>0.56</minimumDistance>
      <maximumDistance>4.52</maximumDistance>
    </quality>
    <evaluationMode>manual</evaluationMode>
    <creationInfo>
      <agencyURI>smi:smi-registry/organization/EMSC</agencyURI>
      <authorURI>smi:smi-registry/organization/EMSC</authorURI>
    </creationInfo>
    <originUncertainty>
      <azimuthMaxHorizontalUncertainty>-99</azimuthMaxHorizontalUncertainty>
    </originUncertainty>
  </origin>
  <magnitude publicID="quakeml:eu.emsc/event/20011121_0000016/origin/1422921/mag/2">
    <mag>
      <value>1.9</value>
    </mag>
    <type>ML</type>
    <originID>quakeml:eu.emsc/event/20011121_0000016/origin/1422921</originID>
    <creationInfo>
      <agencyURI>smi:smi-registry/organization/EMSC</agencyURI>
      <authorURI>smi:smi-registry/organization/EMSC</authorURI>
    </creationInfo>
  </magnitude>
</event>
<event publicID="quakeml:eu.emsc/event/20011121_0000005">
  <preferredOriginID>quakeml:eu.emsc/event/20011121_0000005/origin/1417723</preferredOriginID>
  <preferredMagnitudeID>quakeml:eu.emsc/event/20011121_0000005/origin/1417723/mag/1</preferredMagnitudeID>
  <creationInfo>
    <agencyURI>smi:smi-registry/organization/EMSC</agencyURI>
    <authorURI>smi:smi-registry/organization/EMSC</authorURI>
    <creationTime>2014-12-03T10:49:22.17055Z</creationTime>
  </creationInfo>
  <description>
    <text>AUSTRIA</text>
    <type>Flinn-Engdahl region</type>
  </description>
  <origin publicID="quakeml:eu.emsc/event/20011121_0000005/origin/1417723">
    <time>
      <value>2001-11-21T17:10:19.6Z</value>
      <uncertainty>0.19</uncertainty>
    </time>
    <latitude>
      <value>48.0603</value>
      <uncertainty>4.3</uncertainty>
    </latitude>
    <longitude>
      <value>16.553</value>
      <uncertainty>3.7</uncertainty>
    </longitude>
    <depth>
      <value>2000</value>
    </depth>
    <depthType>from location</depthType>
    <methodID>smi:eu.emsc-csem/origin_method/NA</methodID>
    <quality>
      <usedPhaseCount>82</usedPhaseCount>
      <usedStationCount>50</usedStationCount>
      <standardError>1.17</standardError>
      <azimuthalGap>72</azimuthalGap>
      <minimumDistance>0.26</minimumDistance>
      <maximumDistance>9.93</maximumDistance>
    </quality>
    <evaluationMode>manual</evaluationMode>
    <creationInfo>
      <agencyURI>smi:smi-registry/organization/EMSC</agencyURI>
      <authorURI>smi:smi-registry/organization/EMSC</authorURI>
    </creationInfo>
    <originUncertainty>
      <azimuthMaxHorizontalUncertainty>35</azimuthMaxHorizontalUncertainty>
    </originUncertainty>
  </origin>
  <magnitude publicID="quakeml:eu.emsc/event/20011121_0000005/origin/1417723/mag/1">
    <mag>
      <value>3.6</value>
      <uncertainty>0.1</uncertainty>
    </mag>
    <type>ML</type>
    <originID>quakeml:eu.emsc/event/20011121_0000005/origin/1417723</originID>
    <stationCount>5</stationCount>
    <creationInfo>
      <agencyURI>smi:smi-registry/organization/EMSC</agencyURI>
      <authorURI>smi:smi-registry/organization/EMSC</authorURI>
    </creationInfo>
  </magnitude>
</event>
<event publicID="quakeml:eu.emsc/event/20011121_0000004">
  <preferredOriginID>quakeml:eu.emsc/event/20011121_0000004/origin/1420156</preferredOriginID>
  <preferredMagnitudeID>quakeml:eu.emsc/event/20011121_0000004/origin/1420156/mag/2</preferredMagnitudeID>
  <creationInfo>
    <agencyURI>smi:smi-registry/organization/EMSC</agencyURI>
    <authorURI>smi:smi-registry/organization/EMSC</authorURI>
    <creationTime>2014-12-03T10:54:32.496042Z</creationTime>
  </creationInfo>
  <description>
    <text>EASTERN MEDITERRANEAN SEA</text>
    <type>Flinn-Engdahl region</type>
  </description>
  <origin publicID="quakeml:eu.emsc/event/20011121_0000004/origin/1420156">
    <time>
      <value>2001-11-21T16:33:56.9Z</value>
      <uncertainty>0.18</uncertainty>
    </time>
    <latitude>
      <value>35.8742</value>
      <uncertainty>6.4</uncertainty>
    </latitude>
    <longitude>
      <value>28.2545</value>
      <uncertainty>4.1</uncertainty>
    </longitude>
    <depth>
      <value>60000</value>
    </depth>
    <depthType>from location</depthType>
    <methodID>smi:eu.emsc-csem/origin_method/NA</methodID>
    <quality>
      <usedPhaseCount>21</usedPhaseCount>
      <usedStationCount>19</usedStationCount>
      <standardError>0.69</standardError>
      <azimuthalGap>144</azimuthalGap>
      <minimumDistance>0.36</minimumDistance>
      <maximumDistance>4.42</maximumDistance>
    </quality>
    <evaluationMode>manual</evaluationMode>
    <creationInfo>
      <agencyURI>smi:smi-registry/organization/EMSC</agencyURI>
      <authorURI>smi:smi-registry/organization/EMSC</authorURI>
    </creationInfo>
    <originUncertainty>
      <azimuthMaxHorizontalUncertainty>7</azimuthMaxHorizontalUncertainty>
    </originUncertainty>
  </origin>
  <magnitude publicID="quakeml:eu.emsc/event/20011121_0000004/origin/1420156/mag/2">
    <mag>
      <value>3.2</value>
    </mag>
    <type>MD</type>
    <originID>quakeml:eu.emsc/event/20011121_0000004/origin/1420156</originID>
    <creationInfo>
      <agencyURI>smi:smi-registry/organization/EMSC</agencyURI>
      <authorURI>smi:smi-registry/organization/EMSC</authorURI>
    </creationInfo>
  </magnitude>
</event>
<event publicID="quakeml:eu.emsc/event/20011121_0000002">
  <preferredOriginID>quakeml:eu.emsc/event/20011121_0000002/origin/1422923</preferredOriginID>
  <preferredMagnitudeID>quakeml:eu.emsc/event/20011121_0000002/origin/1422923/mag/2</preferredMagnitudeID>
  <creationInfo>
    <agencyURI>smi:smi-registry/organization/EMSC</agencyURI>
    <authorURI>smi:smi-registry/organization/EMSC</authorURI>
    <creationTime>2014-12-10T14:14:42.205459Z</creationTime>
  </creationInfo>
  <description>
    <text>WESTERN TURKEY</text>
    <type>Flinn-Engdahl region</type>
  </description>
  <origin publicID="quakeml:eu.emsc/event/20011121_0000002/origin/1422923">
    <time>
      <value>2001-11-21T10:45:52.0Z</value>
    </time>
    <latitude>
      <value>40.838</value>
      <uncertainty>9999.9</uncertainty>
    </latitude>
    <longitude>
      <value>27.643</value>
      <uncertainty>9999.9</uncertainty>
    </longitude>
    <depth>
      <value>5000</value>
    </depth>
    <depthType>from location</depthType>
    <methodID>smi:eu.emsc-csem/origin_method/NA</methodID>
    <quality>
      <usedPhaseCount>13</usedPhaseCount>
      <usedStationCount>9</usedStationCount>
      <standardError>1.11</standardError>
      <azimuthalGap>178</azimuthalGap>
      <minimumDistance>0.28</minimumDistance>
      <maximumDistance>1.54</maximumDistance>
    </quality>
    <evaluationMode>manual</evaluationMode>
    <creationInfo>
      <agencyURI>smi:smi-registry/organization/EMSC</agencyURI>
      <authorURI>smi:smi-registry/organization/EMSC</authorURI>
    </creationInfo>
    <originUncertainty>
      <azimuthMaxHorizontalUncertainty>-99</azimuthMaxHorizontalUncertainty>
    </originUncertainty>
  </origin>
  <magnitude publicID="quakeml:eu.emsc/event/20011121_0000002/origin/1422923/mag/2">
    <mag>
      <value>2.9</value>
    </mag>
    <type>MD</type>
    <originID>quakeml:eu.emsc/event/20011121_0000002/origin/1422923</originID>
    <creationInfo>
      <agencyURI>smi:smi-registry/organization/EMSC</agencyURI>
      <authorURI>smi:smi-registry/organization/EMSC</authorURI>
    </creationInfo>
  </magnitude>
</event>
<event publicID="quakeml:eu.emsc/event/20011121_0000021">
  <preferredOriginID>quakeml:eu.emsc/event/20011121_0000021/origin/1422925</preferredOriginID>
  <preferredMagnitudeID>quakeml:eu.emsc/event/20011121_0000021/origin/1422925/mag/2</preferredMagnitudeID>
  <creationInfo>
    <agencyURI>smi:smi-registry/organization/EMSC</agencyURI>
    <authorURI>smi:smi-registry/organization/EMSC</authorURI>
    <creationTime>2014-12-10T18:31:36.16312Z</creationTime>
  </creationInfo>
  <description>
    <text>NORTHERN ITALY</text>
    <type>Flinn-Engdahl region</type>
  </description>
  <origin publicID="quakeml:eu.emsc/event/20011121_0000021/origin/1422925">
    <time>
      <value>2001-11-21T10:36:24.8Z</value>
    </time>
    <latitude>
      <value>45.0075</value>
      <uncertainty>9999.9</uncertainty>
    </latitude>
    <longitude>
      <value>7.1508</value>
      <uncertainty>9999.9</uncertainty>
    </longitude>
    <depth>
      <value>9600.0</value>
    </depth>
    <depthType>from location</depthType>
    <methodID>smi:eu.emsc-csem/origin_method/NA</methodID>
    <quality>
      <usedPhaseCount>16</usedPhaseCount>
      <usedStationCount>10</usedStationCount>
      <standardError>3.34</standardError>
      <azimuthalGap>116</azimuthalGap>
      <minimumDistance>0.07</minimumDistance>
      <maximumDistance>1.02</maximumDistance>
    </quality>
    <evaluationMode>manual</evaluationMode>
    <creationInfo>
      <agencyURI>smi:smi-registry/organization/EMSC</agencyURI>
      <authorURI>smi:smi-registry/organization/EMSC</authorURI>
    </creationInfo>
    <originUncertainty>
      <azimuthMaxHorizontalUncertainty>-99</azimuthMaxHorizontalUncertainty>
    </originUncertainty>
  </origin>
  <magnitude publicID="quakeml:eu.emsc/event/20011121_0000021/origin/1422925/mag/2">
    <mag>
      <value>2</value>
    </mag>
    <type>ML</type>
    <originID>quakeml:eu.emsc/event/20011121_0000021/origin/1422925</originID>
    <creationInfo>
      <agencyURI>smi:smi-registry/organization/EMSC</agencyURI>
      <authorURI>smi:smi-registry/organization/EMSC</authorURI>
    </creationInfo>
  </magnitude>
</event>
<event publicID="quakeml:eu.emsc/event/20011121_0000017">
  <preferredOriginID>quakeml:eu.emsc/event/20011121_0000017/origin/1422927</preferredOriginID>
  <preferredMagnitudeID>quakeml:eu.emsc/event/20011121_0000017/origin/1422927/mag/2</preferredMagnitudeID>
  <creationInfo>
    <agencyURI>smi:smi-registry/organization/EMSC</agencyURI>
    <authorURI>smi:smi-registry/organization/EMSC</authorURI>
    <creationTime>2014-12-10T18:31:35.671729Z</creationTime>
  </creationInfo>
  <description>
    <text>NORTHERN ITALY</text>
    <type>Flinn-Engdahl region</type>
  </description>
  <origin publicID="quakeml:eu.emsc/event/20011121_0000017/origin/1422927">
    <time>
      <value>2001-11-21T09:11:14.9Z</value>
    </time>
    <latitude>
      <value>44.3402</value>
      <uncertainty>9999.9</uncertainty>
    </latitude>
    <longitude>
      <value>8.4963</value>
      <uncertainty>9999.9</uncertainty>
    </longitude>
    <depth>
      <value>5500.0</value>
    </depth>
    <depthType>from location</depthType>
    <methodID>smi:eu.emsc-csem/origin_method/NA</methodID>
    <quality>
      <usedPhaseCount>19</usedPhaseCount>
      <usedStationCount>11</usedStationCount>
      <standardError>7.74</standardError>
      <azimuthalGap>215</azimuthalGap>
      <minimumDistance>0.2</minimumDistance>
      <maximumDistance>1.01</maximumDistance>
    </quality>
    <evaluationMode>manual</evaluationMode>
    <creationInfo>
      <agencyURI>smi:smi-registry/organization/EMSC</agencyURI>
      <authorURI>smi:smi-registry/organization/EMSC</authorURI>
    </creationInfo>
    <originUncertainty>
      <azimuthMaxHorizontalUncertainty>-99</azimuthMaxHorizontalUncertainty>
    </originUncertainty>
  </origin>
  <magnitude publicID="quakeml:eu.emsc/event/20011121_0000017/origin/1422927/mag/2">
    <mag>
      <value>2.1</value>
    </mag>
    <type>ML</type>
    <originID>quakeml:eu.emsc/event/20011121_0000017/origin/1422927</originID>
    <creationInfo>
      <agencyURI>smi:smi-registry/organization/EMSC</agencyURI>
      <authorURI>smi:smi-registry/organization/EMSC</authorURI>
    </creationInfo>
  </magnitude>
</event>
<event publicID="quakeml:eu.emsc/event/20011121_0000015">
  <preferredOriginID>quakeml:eu.emsc/event/20011121_0000015/origin/1422929</preferredOriginID>
  <preferredMagnitudeID>quakeml:eu.emsc/event/20011121_0000015/origin/1422929/mag/2</preferredMagnitudeID>
  <creationInfo>
    <agencyURI>smi:smi-registry/organization/EMSC</agencyURI>
    <authorURI>smi:smi-registry/organization/EMSC</authorURI>
    <creationTime>2014-12-10T18:31:34.62894Z</creationTime>
  </creationInfo>
  <description>
    <text>NORTHERN ITALY</text>
    <type>Flinn-Engdahl region</type>
  </description>
  <origin publicID="quakeml:eu.emsc/event/20011121_0000015/origin/1422929">
    <time>
      <value>2001-11-21T03:31:30.1Z</value>
    </time>
    <latitude>
      <value>44.4147</value>
      <uncertainty>9999.9</uncertainty>
    </latitude>
    <longitude>
      <value>7.2773</value>
      <uncertainty>9999.9</uncertainty>
    </longitude>
    <depth>
      <value>8400.0</value>
    </depth>
    <depthType>from location</depthType>
    <methodID>smi:eu.emsc-csem/origin_method/NA</methodID>
    <quality>
      <usedPhaseCount>22</usedPhaseCount>
      <usedStationCount>11</usedStationCount>
      <standardError>4.17</standardError>
      <azimuthalGap>136</azimuthalGap>
      <minimumDistance>0.16</minimumDistance>
      <maximumDistance>0.7</maximumDistance>
    </quality>
    <evaluationMode>manual</evaluationMode>
    <creationInfo>
      <agencyURI>smi:smi-registry/organization/EMSC</agencyURI>
      <authorURI>smi:smi-registry/organization/EMSC</authorURI>
    </creationInfo>
    <originUncertainty>
      <azimuthMaxHorizontalUncertainty>-99</azimuthMaxHorizontalUncertainty>
    </originUncertainty>
  </origin>
  <magnitude publicID="quakeml:eu.emsc/event/20011121_0000015/origin/1422929/mag/2">
    <mag>
      <value>2</value>
    </mag>
    <type>ML</type>
    <originID>quakeml:eu.emsc/event/20011121_0000015/origin/1422929</originID>
    <creationInfo>
      <agencyURI>smi:smi-registry/organization/EMSC</agencyURI>
      <authorURI>smi:smi-registry/organization/EMSC</authorURI>
    </creationInfo>
  </magnitude>
</event>
</eventParameters>
</q:quakeml>
