<?xml version="1.0"?>
<q:quakeml xmlns:q="http://quakeml.org/xmlns/quakeml/1.2"  xmlns="http://quakeml.org/xmlns/bed/1.2">
<eventParameters publicID="smi:eu.emsc/unid">
<event publicID="quakeml:eu.emsc/event/20010308_0000008">
  <preferredOriginID>quakeml:eu.emsc/event/20010308_0000008/origin/1432895</preferredOriginID>
  <preferredMagnitudeID>quakeml:eu.emsc/event/20010308_0000008/origin/1432895/mag/2</preferredMagnitudeID>
  <creationInfo>
    <agencyURI>smi:smi-registry/organization/EMSC</agencyURI>
    <authorURI>smi:smi-registry/organization/EMSC</authorURI>
    <creationTime>2014-12-03T11:28:00.793441Z</creationTime>
  </creationInfo>
  <description>
    <text>GREECE</text>
    <type>Flinn-Engdahl region</type>
  </description>
  <origin publicID="quakeml:eu.emsc/event/20010308_0000008/origin/1432895">
    <time>
      <value>2001-03-08T23:08:50.2Z</value>
      <uncertainty>0.37</uncertainty>
    </time>
    <latitude>
      <value>38.9401</value>
      <uncertainty>9.3</uncertainty>
    </latitude>
    <longitude>
      <value>20.5458</value>
      <uncertainty>5.1</uncertainty>
    </longitude>
    <depth>
      <value>2000</value>
    </depth>
    <depthType>from location</depthType>
    <methodID>smi:eu.emsc-csem/origin_method/NA</methodID>
    <quality>
      <usedPhaseCount>20</usedPhaseCount>
      <usedStationCount>15</usedStationCount>
      <standardError>1.03</standardError>
      <azimuthalGap>145</azimuthalGap>
      <minimumDistance>0.25</minimumDistance>
      <maximumDistance>11.35</maximumDistance>
    </quality>
    <evaluationMode>manual</evaluationMode>
    <creationInfo>
      <agencyURI>smi:smi-registry/organization/EMSC</agencyURI>
      <authorURI>smi:smi-registry/organization/EMSC</authorURI>
    </creationInfo>
    <originUncertainty>
      <azimuthMaxHorizontalUncertainty>78</azimuthMaxHorizontalUncertainty>
    </originUncertainty>
  </origin>
  <magnitude publicID="quakeml:eu.emsc/event/20010308_0000008/origin/1432895/mag/2">
    <mag>
      <value>2.9</value>
    </mag>
    <type>ML</type>
    <originID>quakeml:eu.emsc/event/20010308_0000008/origin/1432895</originID>
    <creationInfo>
      <agencyURI>smi:smi-registry/organization/EMSC</agencyURI>
      <authorURI>smi:smi-registry/organization/EMSC</authorURI>
    </creationInfo>
  </magnitude>
</event>
<event publicID="quakeml:eu.emsc/event/20010308_0000014">
  <preferredOriginID>quakeml:eu.emsc/event/20010308_0000014/origin/1427033</preferredOriginID>
  <preferredMagnitudeID>quakeml:eu.emsc/event/20010308_0000014/origin/1427033/mag/2</preferredMagnitudeID>
  <creationInfo>
    <agencyURI>smi:smi-registry/organization/EMSC</agencyURI>
    <authorURI>smi:smi-registry/organization/EMSC</authorURI>
    <creationTime>2014-12-10T18:24:23.393849Z</creationTime>
  </creationInfo>
  <description>
    <text>FRANCE</text>
    <type>Flinn-Engdahl region</type>
  </description>
  <origin publicID="quakeml:eu.emsc/event/20010308_0000014/origin/1427033">
    <time>
      <value>2001-03-08T20:09:12.7Z</value>
    </time>
    <latitude>
      <value>46.4758</value>
      <uncertainty>9999.9</uncertainty>
    </latitude>
    <longitude>
      <value>1.4751</value>
      <uncertainty>9999.9</uncertainty>
    </longitude>
    <depth>
      <value>2000</value>
    </depth>
    <depthType>from location</depthType>
    <methodID>smi:eu.emsc-csem/origin_method/NA</methodID>
    <quality>
      <usedPhaseCount>21</usedPhaseCount>
      <usedStationCount>10</usedStationCount>
      <standardError>1.22</standardError>
      <azimuthalGap>127</azimuthalGap>
      <minimumDistance>0.54</minimumDistance>
      <maximumDistance>1.82</maximumDistance>
    </quality>
    <evaluationMode>manual</evaluationMode>
    <creationInfo>
      <agencyURI>smi:smi-registry/organization/EMSC</agencyURI>
      <authorURI>smi:smi-registry/organization/EMSC</authorURI>
    </creationInfo>
    <originUncertainty>
      <azimuthMaxHorizontalUncertainty>-99</azimuthMaxHorizontalUncertainty>
    </originUncertainty>
  </origin>
  <magnitude publicID="quakeml:eu.emsc/event/20010308_0000014/origin/1427033/mag/2">
    <mag>
      <value>2.3</value>
    </mag>
    <type>MD</type>
    <originID>quakeml:eu.emsc/event/20010308_0000014/origin/1427033</originID>
    <stationCount>2</stationCount>
    <creationInfo>
      <agencyURI>smi:smi-registry/organization/EMSC</agencyURI>
      <authorURI>smi:smi-registry/organization/EMSC</authorURI>
    </creationInfo>
  </magnitude>
</event>
<event publicID="quakeml:eu.emsc/event/20010308_0000007">
  <preferredOriginID>quakeml:eu.emsc/event/20010308_0000007/origin/1427035</preferredOriginID>
  <preferredMagnitudeID>quakeml:eu.emsc/event/20010308_0000007/origin/1427035/mag/2</preferredMagnitudeID>
  <creationInfo>
    <agencyURI>smi:smi-registry/organization/EMSC</agencyURI>
    <authorURI>smi:smi-registry/organization/EMSC</authorURI>
    <creationTime>2014-12-10T12:46:26.825395Z</creationTime>
  </creationInfo>
  <description>
    <text>NEAR SOUTH COAST OF FRANCE</text>
    <type>Flinn-Engdahl region</type>
  </description>
  <origin publicID="quakeml:eu.emsc/event/20010308_0000007/origin/1427035">
    <time>
      <value>2001-03-08T16:16:32.4Z</value>
    </time>
    <latitude>
      <value>43.42</value>
      <uncertainty>9999.9</uncertainty>
    </latitude>
    <longitude>
      <value>5.42</value>
      <uncertainty>9999.9</uncertainty>
    </longitude>
    <depth>
      <value>1000</value>
    </depth>
    <depthType>from location</depthType>
    <methodID>smi:eu.emsc-csem/origin_method/NA</methodID>
    <quality>
      <usedPhaseCount>28</usedPhaseCount>
      <usedStationCount>24</usedStationCount>
      <standardError>1.17</standardError>
      <azimuthalGap>77</azimuthalGap>
      <minimumDistance>0.04</minimumDistance>
      <maximumDistance>2.9</maximumDistance>
    </quality>
    <evaluationMode>manual</evaluationMode>
    <creationInfo>
      <agencyURI>smi:smi-registry/organization/EMSC</agencyURI>
      <authorURI>smi:smi-registry/organization/EMSC</authorURI>
    </creationInfo>
    <originUncertainty>
      <azimuthMaxHorizontalUncertainty>-99</azimuthMaxHorizontalUncertainty>
    </originUncertainty>
  </origin>
  <magnitude publicID="quakeml:eu.emsc/event/20010308_0000007/origin/1427035/mag/2">
    <mag>
      <value>3.2</value>
    </mag>
    <type>ML</type>
    <originID>quakeml:eu.emsc/event/20010308_0000007/origin/1427035</originID>
    <creationInfo>
      <agencyURI>smi:smi-registry/organization/EMSC</agencyURI>
      <authorURI>smi:smi-registry/organization/EMSC</authorURI>
    </creationInfo>
  </magnitude>
</event>
<event publicID="quakeml:eu.emsc/event/20010308_0000006">
  <preferredOriginID>quakeml:eu.emsc/event/20010308_0000006/origin/1432899</preferredOriginID>
  <preferredMagnitudeID>quakeml:eu.emsc/event/20010308_0000006/origin/1432899/mag/2</preferredMagnitudeID>
  <creationInfo>
    <agencyURI>smi:smi-registry/organization/EMSC</agencyURI>
    <authorURI>smi:smi-registry/organization/EMSC</authorURI>
    <creationTime>2014-12-03T11:14:33.530004Z</creationTime>
  </creationInfo>
  <description>
    <text>GREECE</text>
    <type>Flinn-Engdahl region</type>
  </description>
  <origin publicID="quakeml:eu.emsc/event/20010308_0000006/origin/1432899">
    <time>
      <value>2001-03-08T15:09:44.6Z</value>
      <uncertainty>0.5</uncertainty>
    </time>
    <latitude>
      <value>38.4499</value>
      <uncertainty>11.5</uncertainty>
    </latitude>
    <longitude>
      <value>21.6652</value>
      <uncertainty>5.1</uncertainty>
    </longitude>
    <depth>
      <value>2000</value>
    </depth>
    <depthType>from location</depthType>
    <methodID>smi:eu.emsc-csem/origin_method/NA</methodID>
    <quality>
      <usedPhaseCount>15</usedPhaseCount>
      <usedStationCount>10</usedStationCount>
      <standardError>0.93</standardError>
      <azimuthalGap>198</azimuthalGap>
      <minimumDistance>0.48</minimumDistance>
      <maximumDistance>2.34</maximumDistance>
    </quality>
    <evaluationMode>manual</evaluationMode>
    <creationInfo>
      <agencyURI>smi:smi-registry/organization/EMSC</agencyURI>
      <authorURI>smi:smi-registry/organization/EMSC</authorURI>
    </creationInfo>
    <originUncertainty>
      <azimuthMaxHorizontalUncertainty>160</azimuthMaxHorizontalUncertainty>
    </originUncertainty>
  </origin>
  <magnitude publicID="quakeml:eu.emsc/event/20010308_0000006/origin/1432899/mag/2">
    <mag>
      <value>2.9</value>
    </mag>
    <type>MD</type>
    <originID>quakeml:eu.emsc/event/20010308_0000006/origin/1432899</originID>
    <creationInfo>
      <agencyURI>smi:smi-registry/organization/EMSC</agencyURI>
      <authorURI>smi:smi-registry/organization/EMSC</authorURI>
    </creationInfo>
  </magnitude>
</event>
<event publicID="quakeml:eu.emsc/event/20010308_0000005">
  <preferredOriginID>quakeml:eu.emsc/event/20010308_0000005/origin/1432902</preferredOriginID>
  <preferredMagnitudeID>quakeml:eu.emsc/event/20010308_0000005/origin/1432902/mag/1</preferredMagnitudeID>
  <creationInfo>
    <agencyURI>smi:smi-registry/organization/EMSC</agencyURI>
    <authorURI>smi:smi-registry/organization/EMSC</authorURI>
    <creationTime>2014-12-03T11:56:41.365851Z</creationTime>
  </creationInfo>
  <description>
    <text>STRAIT OF GIBRALTAR</text>
    <type>Flinn-Engdahl region</type>
  </description>
  <origin publicID="quakeml:eu.emsc/event/20010308_0000005/origin/1432902">
    <time>
      <value>2001-03-08T14:30:00.9Z</value>
      <uncertainty>0.37</uncertainty>
    </time>
    <latitude>
      <value>35.5214</value>
      <uncertainty>9.2</uncertainty>
    </latitude>
    <longitude>
      <value>-3.9387</value>
      <uncertainty>6.3</uncertainty>
    </longitude>
    <depth>
      <value>40000</value>
    </depth>
    <depthType>from location</depthType>
    <methodID>smi:eu.emsc-csem/origin_method/NA</methodID>
    <quality>
      <usedPhaseCount>32</usedPhaseCount>
      <usedStationCount>17</usedStationCount>
      <standardError>1.12</standardError>
      <azimuthalGap>162</azimuthalGap>
      <minimumDistance>1.3</minimumDistance>
      <maximumDistance>4.15</maximumDistance>
    </quality>
    <evaluationMode>manual</evaluationMode>
    <creationInfo>
      <agencyURI>smi:smi-registry/organization/EMSC</agencyURI>
      <authorURI>smi:smi-registry/organization/EMSC</authorURI>
    </creationInfo>
    <originUncertainty>
      <azimuthMaxHorizontalUncertainty>122</azimuthMaxHorizontalUncertainty>
    </originUncertainty>
  </origin>
  <magnitude publicID="quakeml:eu.emsc/event/20010308_0000005/origin/1432902/mag/1">
    <mag>
      <value>3.2</value>
      <uncertainty>0.4</uncertainty>
    </mag>
    <type>ML</type>
    <originID>quakeml:eu.emsc/event/20010308_0000005/origin/1432902</originID>
    <stationCount>12</stationCount>
    <creationInfo>
      <agencyURI>smi:smi-registry/organization/EMSC</agencyURI>
      <authorURI>smi:smi-registry/organization/EMSC</authorURI>
    </creationInfo>
  </magnitude>
</event>
<event publicID="quakeml:eu.emsc/event/20010308_0000004">
  <preferredOriginID>quakeml:eu.emsc/event/20010308_0000004/origin/1427037</preferredOriginID>
  <preferredMagnitudeID>quakeml:eu.emsc/event/20010308_0000004/origin/1427037/mag/2</preferredMagnitudeID>
  <creationInfo>
    <agencyURI>smi:smi-registry/organization/EMSC</agencyURI>
    <authorURI>smi:smi-registry/organization/EMSC</authorURI>
    <creationTime>2014-12-10T12:46:19.25972Z</creationTime>
  </creationInfo>
  <description>
    <text>WESTERN TURKEY</text>
    <type>Flinn-Engdahl region</type>
  </description>
  <origin publicID="quakeml:eu.emsc/event/20010308_0000004/origin/1427037">
    <time>
      <value>2001-03-08T11:32:22.3Z</value>
    </time>
    <latitude>
      <value>40.648</value>
      <uncertainty>9999.9</uncertainty>
    </latitude>
    <longitude>
      <value>29.152</value>
      <uncertainty>9999.9</uncertainty>
    </longitude>
    <depth>
      <value>7000</value>
    </depth>
    <depthType>from location</depthType>
    <methodID>smi:eu.emsc-csem/origin_method/NA</methodID>
    <quality>
      <usedPhaseCount>16</usedPhaseCount>
      <usedStationCount>12</usedStationCount>
      <standardError>0.89</standardError>
      <azimuthalGap>73</azimuthalGap>
      <minimumDistance>0.19</minimumDistance>
      <maximumDistance>2.34</maximumDistance>
    </quality>
    <evaluationMode>manual</evaluationMode>
    <creationInfo>
      <agencyURI>smi:smi-registry/organization/EMSC</agencyURI>
      <authorURI>smi:smi-registry/organization/EMSC</authorURI>
    </creationInfo>
    <originUncertainty>
      <azimuthMaxHorizontalUncertainty>-99</azimuthMaxHorizontalUncertainty>
    </originUncertainty>
  </origin>
  <magnitude publicID="quakeml:eu.emsc/event/20010308_0000004/origin/1427037/mag/2">
    <mag>
      <value>3.1</value>
    </mag>
    <type>MD</type>
    <originID>quakeml:eu.emsc/event/20010308_0000004/origin/1427037</originID>
    <creationInfo>
      <agencyURI>smi:smi-registry/organization/EMSC</agencyURI>
      <authorURI>smi:smi-registry/organization/EMSC</authorURI>
    </creationInfo>
  </magnitude>
</event>
<event publicID="quakeml:eu.emsc/event/20010308_0000011">
  <preferredOriginID>quakeml:eu.emsc/event/20010308_0000011/origin/1427039</preferredOriginID>
  <preferredMagnitudeID>quakeml:eu.emsc/event/20010308_0000011/origin/1427039/mag/2</preferredMagnitudeID>
  <creationInfo>
    <agencyURI>smi:smi-registry/organization/EMSC</agencyURI>
    <authorURI>smi:smi-registry/organization/EMSC</authorURI>
    <creationTime>2014-12-10T18:24:22.876617Z</creationTime>
  </creationInfo>
  <description>
    <text>GERMANY</text>
    <type>Flinn-Engdahl region</type>
  </description>
  <origin publicID="quakeml:eu.emsc/event/20010308_0000011/origin/1427039">
    <time>
      <value>2001-03-08T11:02:45.1Z</value>
    </time>
    <latitude>
      <value>48.92</value>
      <uncertainty>9999.9</uncertainty>
    </latitude>
    <longitude>
      <value>9.47</value>
      <uncertainty>9999.9</uncertainty>
    </longitude>
    <depth>
      <value>0</value>
    </depth>
    <depthType>from location</depthType>
    <methodID>smi:eu.emsc-csem/origin_method/NA</methodID>
    <quality>
      <usedPhaseCount>8</usedPhaseCount>
      <usedStationCount>6</usedStationCount>
      <standardError>0.94</standardError>
      <azimuthalGap>142</azimuthalGap>
      <minimumDistance>0.96</minimumDistance>
      <maximumDistance>2.79</maximumDistance>
    </quality>
    <evaluationMode>manual</evaluationMode>
    <creationInfo>
      <agencyURI>smi:smi-registry/organization/EMSC</agencyURI>
      <authorURI>smi:smi-registry/organization/EMSC</authorURI>
    </creationInfo>
    <originUncertainty>
      <azimuthMaxHorizontalUncertainty>-99</azimuthMaxHorizontalUncertainty>
    </originUncertainty>
  </origin>
  <magnitude publicID="quakeml:eu.emsc/event/20010308_0000011/origin/1427039/mag/2">
    <mag>
      <value>2</value>
    </mag>
    <type>ML</type>
    <originID>quakeml:eu.emsc/event/20010308_0000011/origin/1427039</originID>
    <creationInfo>
      <agencyURI>smi:smi-registry/organization/EMSC</agencyURI>
      <authorURI>smi:smi-registry/organization/EMSC</authorURI>
    </creationInfo>
  </magnitude>
</event>
<event publicID="quakeml:eu.emsc/event/20010308_0000002">
  <preferredOriginID>quakeml:eu.emsc/event/20010308_0000002/origin/1432910</preferredOriginID>
  <preferredMagnitudeID>quakeml:eu.emsc/event/20010308_0000002/origin/1432910/mag/2</preferredMagnitudeID>
  <creationInfo>
    <agencyURI>smi:smi-registry/organization/EMSC</agencyURI>
    <authorURI>smi:smi-registry/organization/EMSC</authorURI>
    <creationTime>2014-12-03T10:55:00.829626Z</creationTime>
  </creationInfo>
  <description>
    <text>GREECE</text>
    <type>Flinn-Engdahl region</type>
  </description>
  <origin publicID="quakeml:eu.emsc/event/20010308_0000002/origin/1432910">
    <time>
      <value>2001-03-08T08:49:21.9Z</value>
      <uncertainty>0.25</uncertainty>
    </time>
    <latitude>
      <value>39.1143</value>
      <uncertainty>7.7</uncertainty>
    </latitude>
    <longitude>
      <value>20.9889</value>
      <uncertainty>6.3</uncertainty>
    </longitude>
    <depth>
      <value>12000</value>
    </depth>
    <depthType>from location</depthType>
    <methodID>smi:eu.emsc-csem/origin_method/NA</methodID>
    <quality>
      <usedPhaseCount>8</usedPhaseCount>
      <usedStationCount>7</usedStationCount>
      <standardError>0.66</standardError>
      <azimuthalGap>91</azimuthalGap>
      <minimumDistance>0.48</minimumDistance>
      <maximumDistance>1.52</maximumDistance>
    </quality>
    <evaluationMode>manual</evaluationMode>
    <creationInfo>
      <agencyURI>smi:smi-registry/organization/EMSC</agencyURI>
      <authorURI>smi:smi-registry/organization/EMSC</authorURI>
    </creationInfo>
    <originUncertainty>
      <azimuthMaxHorizontalUncertainty>96</azimuthMaxHorizontalUncertainty>
    </originUncertainty>
  </origin>
  <magnitude publicID="quakeml:eu.emsc/event/20010308_0000002/origin/1432910/mag/2">
    <mag>
      <value>2.9</value>
    </mag>
    <type>MD</type>
    <originID>quakeml:eu.emsc/event/20010308_0000002/origin/1432910</originID>
    <creationInfo>
      <agencyURI>smi:smi-registry/organization/EMSC</agencyURI>
      <authorURI>smi:smi-registry/organization/EMSC</authorURI>
    </creationInfo>
  </magnitude>
</event>
<event publicID="quakeml:eu.emsc/event/20010308_0000013">
  <preferredOriginID>quakeml:eu.emsc/event/20010308_0000013/origin/1432400</preferredOriginID>
  <preferredMagnitudeID>quakeml:eu.emsc/event/20010308_0000013/origin/1432400/mag/1</preferredMagnitudeID>
  <creationInfo>
    <agencyURI>smi:smi-registry/organization/EMSC</agencyURI>
    <authorURI>smi:smi-registry/organization/EMSC</authorURI>
    <creationTime>2014-12-03T16:10:03.432307Z</creationTime>
  </creationInfo>
  <description>
    <text>PYRENEES</text>
    <type>Flinn-Engdahl region</type>
  </description>
  <origin publicID="quakeml:eu.emsc/event/20010308_0000013/origin/1432400">
    <time>
      <value>2001-03-08T08:31:56.7Z</value>
      <uncertainty>0.18</uncertainty>
    </time>
    <latitude>
      <value>43.0524</value>
      <uncertainty>4</uncertainty>
    </latitude>
    <longitude>
      <value>-0.1646</value>
      <uncertainty>2.3</uncertainty>
    </longitude>
    <depth>
      <value>10000</value>
    </depth>
    <depthType>from location</depthType>
    <methodID>smi:eu.emsc-csem/origin_method/NA</methodID>
    <quality>
      <usedPhaseCount>15</usedPhaseCount>
      <usedStationCount>8</usedStationCount>
      <standardError>0.39</standardError>
      <azimuthalGap>174</azimuthalGap>
      <minimumDistance>0.17</minimumDistance>
      <maximumDistance>1.78</maximumDistance>
    </quality>
    <evaluationMode>manual</evaluationMode>
    <creationInfo>
      <agencyURI>smi:smi-registry/organization/EMSC</agencyURI>
      <authorURI>smi:smi-registry/organization/EMSC</authorURI>
    </creationInfo>
    <originUncertainty>
      <azimuthMaxHorizontalUncertainty>24</azimuthMaxHorizontalUncertainty>
    </originUncertainty>
  </origin>
  <magnitude publicID="quakeml:eu.emsc/event/20010308_0000013/origin/1432400/mag/1">
    <mag>
      <value>2.3</value>
      <uncertainty>0.7</uncertainty>
    </mag>
    <type>ML</type>
    <originID>quakeml:eu.emsc/event/20010308_0000013/origin/1432400</originID>
    <stationCount>4</stationCount>
    <creationInfo>
      <agencyURI>smi:smi-registry/organization/EMSC</agencyURI>
      <authorURI>smi:smi-registry/organization/EMSC</authorURI>
    </creationInfo>
  </magnitude>
</event>
<event publicID="quakeml:eu.emsc/event/20010308_0000015">
  <preferredOriginID>quakeml:eu.emsc/event/20010308_0000015/origin/1427041</preferredOriginID>
  <preferredMagnitudeID>quakeml:eu.emsc/event/20010308_0000015/origin/1427041/mag/2</preferredMagnitudeID>
  <creationInfo>
    <agencyURI>smi:smi-registry/organization/EMSC</agencyURI>
    <authorURI>smi:smi-registry/organization/EMSC</authorURI>
    <creationTime>2014-12-10T18:24:21.847158Z</creationTime>
  </creationInfo>
  <description>
    <text>SWITZERLAND</text>
    <type>Flinn-Engdahl region</type>
  </description>
  <origin publicID="quakeml:eu.emsc/event/20010308_0000015/origin/1427041">
    <time>
      <value>2001-03-08T05:48:34.2Z</value>
    </time>
    <latitude>
      <value>46.271</value>
      <uncertainty>9999.9</uncertainty>
    </latitude>
    <longitude>
      <value>7.255</value>
      <uncertainty>9999.9</uncertainty>
    </longitude>
    <depth>
      <value>9600.0</value>
    </depth>
    <depthType>from location</depthType>
    <methodID>smi:eu.emsc-csem/origin_method/NA</methodID>
    <quality>
      <usedPhaseCount>10</usedPhaseCount>
      <usedStationCount>5</usedStationCount>
      <standardError>0.3</standardError>
      <azimuthalGap>124</azimuthalGap>
      <minimumDistance>0.19</minimumDistance>
      <maximumDistance>0.32</maximumDistance>
    </quality>
    <evaluationMode>manual</evaluationMode>
    <creationInfo>
      <agencyURI>smi:smi-registry/organization/EMSC</agencyURI>
      <authorURI>smi:smi-registry/organization/EMSC</authorURI>
    </creationInfo>
    <originUncertainty>
      <azimuthMaxHorizontalUncertainty>-99</azimuthMaxHorizontalUncertainty>
    </originUncertainty>
  </origin>
  <magnitude publicID="quakeml:eu.emsc/event/20010308_0000015/origin/1427041/mag/2">
    <mag>
      <value>1.4</value>
    </mag>
    <type>ML</type>
    <originID>quakeml:eu.emsc/event/20010308_0000015/origin/1427041</originID>
    <stationCount>5</stationCount>
    <creationInfo>
      <agencyURI>smi:smi-registry/organization/EMSC</agencyURI>
      <authorURI>smi:smi-registry/organization/EMSC</authorURI>
    </creationInfo>
  </magnitude>
</event>
</eventParameters>
</q:quakeml>
