<?xml version="1.0"?>
<q:quakeml xmlns:q="http://quakeml.org/xmlns/quakeml/1.2"  xmlns="http://quakeml.org/xmlns/bed/1.2">
<eventParameters publicID="smi:eu.emsc/unid">
<event publicID="quakeml:eu.emsc/event/20010922_0000013">
  <preferredOriginID>quakeml:eu.emsc/event/20010922_0000013/origin/1419648</preferredOriginID>
  <preferredMagnitudeID>quakeml:eu.emsc/event/20010922_0000013/origin/1419648/mag/2</preferredMagnitudeID>
  <creationInfo>
    <agencyURI>smi:smi-registry/organization/EMSC</agencyURI>
    <authorURI>smi:smi-registry/organization/EMSC</authorURI>
    <creationTime>2014-12-03T10:23:32.795976Z</creationTime>
  </creationInfo>
  <description>
    <text>AEGEAN SEA</text>
    <type>Flinn-Engdahl region</type>
  </description>
  <origin publicID="quakeml:eu.emsc/event/20010922_0000013/origin/1419648">
    <time>
      <value>2001-09-22T23:16:48.6Z</value>
      <uncertainty>0.42</uncertainty>
    </time>
    <latitude>
      <value>38.4735</value>
      <uncertainty>14</uncertainty>
    </latitude>
    <longitude>
      <value>25.4387</value>
      <uncertainty>10.3</uncertainty>
    </longitude>
    <depth>
      <value>2000</value>
    </depth>
    <depthType>from location</depthType>
    <methodID>smi:eu.emsc-csem/origin_method/NA</methodID>
    <quality>
      <usedPhaseCount>13</usedPhaseCount>
      <usedStationCount>12</usedStationCount>
      <standardError>1.3</standardError>
      <azimuthalGap>65</azimuthalGap>
      <minimumDistance>1.31</minimumDistance>
      <maximumDistance>2.71</maximumDistance>
    </quality>
    <evaluationMode>manual</evaluationMode>
    <creationInfo>
      <agencyURI>smi:smi-registry/organization/EMSC</agencyURI>
      <authorURI>smi:smi-registry/organization/EMSC</authorURI>
    </creationInfo>
    <originUncertainty>
      <azimuthMaxHorizontalUncertainty>144</azimuthMaxHorizontalUncertainty>
    </originUncertainty>
  </origin>
  <magnitude publicID="quakeml:eu.emsc/event/20010922_0000013/origin/1419648/mag/2">
    <mag>
      <value>3.2</value>
    </mag>
    <type>ML</type>
    <originID>quakeml:eu.emsc/event/20010922_0000013/origin/1419648</originID>
    <creationInfo>
      <agencyURI>smi:smi-registry/organization/EMSC</agencyURI>
      <authorURI>smi:smi-registry/organization/EMSC</authorURI>
    </creationInfo>
  </magnitude>
</event>
<event publicID="quakeml:eu.emsc/event/20010922_0000016">
  <preferredOriginID>quakeml:eu.emsc/event/20010922_0000016/origin/1419201</preferredOriginID>
  <preferredMagnitudeID>quakeml:eu.emsc/event/20010922_0000016/origin/1419201/mag/2</preferredMagnitudeID>
  <creationInfo>
    <agencyURI>smi:smi-registry/organization/EMSC</agencyURI>
    <authorURI>smi:smi-registry/organization/EMSC</authorURI>
    <creationTime>2014-12-03T16:17:27.53475Z</creationTime>
  </creationInfo>
  <description>
    <text>FRANCE</text>
    <type>Flinn-Engdahl region</type>
  </description>
  <origin publicID="quakeml:eu.emsc/event/20010922_0000016/origin/1419201">
    <time>
      <value>2001-09-22T22:56:02.5Z</value>
      <uncertainty>0.37</uncertainty>
    </time>
    <latitude>
      <value>48.0992</value>
      <uncertainty>6.6</uncertainty>
    </latitude>
    <longitude>
      <value>7.8289</value>
      <uncertainty>4.6</uncertainty>
    </longitude>
    <depth>
      <value>10000</value>
    </depth>
    <depthType>from location</depthType>
    <methodID>smi:eu.emsc-csem/origin_method/NA</methodID>
    <quality>
      <usedPhaseCount>14</usedPhaseCount>
      <usedStationCount>9</usedStationCount>
      <standardError>0.88</standardError>
      <azimuthalGap>197</azimuthalGap>
      <minimumDistance>0.25</minimumDistance>
      <maximumDistance>3.31</maximumDistance>
    </quality>
    <evaluationMode>manual</evaluationMode>
    <creationInfo>
      <agencyURI>smi:smi-registry/organization/EMSC</agencyURI>
      <authorURI>smi:smi-registry/organization/EMSC</authorURI>
    </creationInfo>
    <originUncertainty>
      <azimuthMaxHorizontalUncertainty>53</azimuthMaxHorizontalUncertainty>
    </originUncertainty>
  </origin>
  <magnitude publicID="quakeml:eu.emsc/event/20010922_0000016/origin/1419201/mag/2">
    <mag>
      <value>1.5</value>
    </mag>
    <type>ML</type>
    <originID>quakeml:eu.emsc/event/20010922_0000016/origin/1419201</originID>
    <stationCount>4</stationCount>
    <creationInfo>
      <agencyURI>smi:smi-registry/organization/EMSC</agencyURI>
      <authorURI>smi:smi-registry/organization/EMSC</authorURI>
    </creationInfo>
  </magnitude>
</event>
<event publicID="quakeml:eu.emsc/event/20010922_0000012">
  <preferredOriginID>quakeml:eu.emsc/event/20010922_0000012/origin/1422389</preferredOriginID>
  <preferredMagnitudeID>quakeml:eu.emsc/event/20010922_0000012/origin/1422389/mag/2</preferredMagnitudeID>
  <creationInfo>
    <agencyURI>smi:smi-registry/organization/EMSC</agencyURI>
    <authorURI>smi:smi-registry/organization/EMSC</authorURI>
    <creationTime>2014-12-10T13:42:03.11077Z</creationTime>
  </creationInfo>
  <description>
    <text>WESTERN TURKEY</text>
    <type>Flinn-Engdahl region</type>
  </description>
  <origin publicID="quakeml:eu.emsc/event/20010922_0000012/origin/1422389">
    <time>
      <value>2001-09-22T21:52:54.4Z</value>
    </time>
    <latitude>
      <value>39.308</value>
      <uncertainty>9999.9</uncertainty>
    </latitude>
    <longitude>
      <value>27.761</value>
      <uncertainty>9999.9</uncertainty>
    </longitude>
    <depth>
      <value>10000</value>
    </depth>
    <depthType>from location</depthType>
    <methodID>smi:eu.emsc-csem/origin_method/NA</methodID>
    <quality>
      <usedPhaseCount>9</usedPhaseCount>
      <usedStationCount>9</usedStationCount>
      <standardError>1.38</standardError>
      <azimuthalGap>137</azimuthalGap>
      <minimumDistance>0.34</minimumDistance>
      <maximumDistance>1.52</maximumDistance>
    </quality>
    <evaluationMode>manual</evaluationMode>
    <creationInfo>
      <agencyURI>smi:smi-registry/organization/EMSC</agencyURI>
      <authorURI>smi:smi-registry/organization/EMSC</authorURI>
    </creationInfo>
    <originUncertainty>
      <azimuthMaxHorizontalUncertainty>-99</azimuthMaxHorizontalUncertainty>
    </originUncertainty>
  </origin>
  <magnitude publicID="quakeml:eu.emsc/event/20010922_0000012/origin/1422389/mag/2">
    <mag>
      <value>2.9</value>
    </mag>
    <type>MD</type>
    <originID>quakeml:eu.emsc/event/20010922_0000012/origin/1422389</originID>
    <creationInfo>
      <agencyURI>smi:smi-registry/organization/EMSC</agencyURI>
      <authorURI>smi:smi-registry/organization/EMSC</authorURI>
    </creationInfo>
  </magnitude>
</event>
<event publicID="quakeml:eu.emsc/event/20010922_0000018">
  <preferredOriginID>quakeml:eu.emsc/event/20010922_0000018/origin/1423703</preferredOriginID>
  <preferredMagnitudeID>quakeml:eu.emsc/event/20010922_0000018/origin/1423703/mag/2</preferredMagnitudeID>
  <creationInfo>
    <agencyURI>smi:smi-registry/organization/EMSC</agencyURI>
    <authorURI>smi:smi-registry/organization/EMSC</authorURI>
    <creationTime>2014-12-10T18:29:45.685625Z</creationTime>
  </creationInfo>
  <description>
    <text>FRANCE</text>
    <type>Flinn-Engdahl region</type>
  </description>
  <origin publicID="quakeml:eu.emsc/event/20010922_0000018/origin/1423703">
    <time>
      <value>2001-09-22T19:36:29.5Z</value>
    </time>
    <latitude>
      <value>44.739</value>
      <uncertainty>9999.9</uncertainty>
    </latitude>
    <longitude>
      <value>6.8003</value>
      <uncertainty>9999.9</uncertainty>
    </longitude>
    <depth>
      <value>3000</value>
    </depth>
    <depthType>from location</depthType>
    <methodID>smi:eu.emsc-csem/origin_method/NA</methodID>
    <quality>
      <usedPhaseCount>20</usedPhaseCount>
      <usedStationCount>10</usedStationCount>
      <standardError>0.79</standardError>
      <azimuthalGap>154</azimuthalGap>
      <minimumDistance>0.02</minimumDistance>
      <maximumDistance>1.52</maximumDistance>
    </quality>
    <evaluationMode>manual</evaluationMode>
    <creationInfo>
      <agencyURI>smi:smi-registry/organization/EMSC</agencyURI>
      <authorURI>smi:smi-registry/organization/EMSC</authorURI>
    </creationInfo>
    <originUncertainty>
      <azimuthMaxHorizontalUncertainty>-99</azimuthMaxHorizontalUncertainty>
    </originUncertainty>
  </origin>
  <magnitude publicID="quakeml:eu.emsc/event/20010922_0000018/origin/1423703/mag/2">
    <mag>
      <value>1.8</value>
    </mag>
    <type>ML</type>
    <originID>quakeml:eu.emsc/event/20010922_0000018/origin/1423703</originID>
    <stationCount>6</stationCount>
    <creationInfo>
      <agencyURI>smi:smi-registry/organization/EMSC</agencyURI>
      <authorURI>smi:smi-registry/organization/EMSC</authorURI>
    </creationInfo>
  </magnitude>
</event>
<event publicID="quakeml:eu.emsc/event/20010922_0000011">
  <preferredOriginID>quakeml:eu.emsc/event/20010922_0000011/origin/1419654</preferredOriginID>
  <preferredMagnitudeID>quakeml:eu.emsc/event/20010922_0000011/origin/1419654/mag/2</preferredMagnitudeID>
  <creationInfo>
    <agencyURI>smi:smi-registry/organization/EMSC</agencyURI>
    <authorURI>smi:smi-registry/organization/EMSC</authorURI>
    <creationTime>2014-12-03T11:05:51.796598Z</creationTime>
  </creationInfo>
  <description>
    <text>NORTHERN ALGERIA</text>
    <type>Flinn-Engdahl region</type>
  </description>
  <origin publicID="quakeml:eu.emsc/event/20010922_0000011/origin/1419654">
    <time>
      <value>2001-09-22T19:18:51.1Z</value>
      <uncertainty>0.23</uncertainty>
    </time>
    <latitude>
      <value>36.7718</value>
      <uncertainty>5.5</uncertainty>
    </latitude>
    <longitude>
      <value>5.2058</value>
      <uncertainty>3.4</uncertainty>
    </longitude>
    <depth>
      <value>44300.0</value>
      <uncertainty>2</uncertainty>
    </depth>
    <depthType>from location</depthType>
    <methodID>smi:eu.emsc-csem/origin_method/NA</methodID>
    <quality>
      <usedPhaseCount>147</usedPhaseCount>
      <usedStationCount>114</usedStationCount>
      <standardError>1.26</standardError>
      <azimuthalGap>71</azimuthalGap>
      <minimumDistance>0.53</minimumDistance>
      <maximumDistance>86.35</maximumDistance>
    </quality>
    <evaluationMode>manual</evaluationMode>
    <creationInfo>
      <agencyURI>smi:smi-registry/organization/EMSC</agencyURI>
      <authorURI>smi:smi-registry/organization/EMSC</authorURI>
    </creationInfo>
    <originUncertainty>
      <azimuthMaxHorizontalUncertainty>154</azimuthMaxHorizontalUncertainty>
    </originUncertainty>
  </origin>
  <magnitude publicID="quakeml:eu.emsc/event/20010922_0000011/origin/1419654/mag/2">
    <mag>
      <value>4.3</value>
      <uncertainty>0.5</uncertainty>
    </mag>
    <type>ML</type>
    <originID>quakeml:eu.emsc/event/20010922_0000011/origin/1419654</originID>
    <stationCount>15</stationCount>
    <creationInfo>
      <agencyURI>smi:smi-registry/organization/EMSC</agencyURI>
      <authorURI>smi:smi-registry/organization/EMSC</authorURI>
    </creationInfo>
  </magnitude>
</event>
<event publicID="quakeml:eu.emsc/event/20010922_0000010">
  <preferredOriginID>quakeml:eu.emsc/event/20010922_0000010/origin/1423705</preferredOriginID>
  <preferredMagnitudeID>quakeml:eu.emsc/event/20010922_0000010/origin/1423705/mag/2</preferredMagnitudeID>
  <creationInfo>
    <agencyURI>smi:smi-registry/organization/EMSC</agencyURI>
    <authorURI>smi:smi-registry/organization/EMSC</authorURI>
    <creationTime>2014-12-10T13:41:58.15167Z</creationTime>
  </creationInfo>
  <description>
    <text>OMAN-UNITED ARAB EMIRATES REGION</text>
    <type>Flinn-Engdahl region</type>
  </description>
  <origin publicID="quakeml:eu.emsc/event/20010922_0000010/origin/1423705">
    <time>
      <value>2001-09-22T18:40:48.5Z</value>
    </time>
    <latitude>
      <value>25.381</value>
      <uncertainty>9999.9</uncertainty>
    </latitude>
    <longitude>
      <value>56.999</value>
      <uncertainty>9999.9</uncertainty>
    </longitude>
    <depth>
      <value>10000</value>
    </depth>
    <depthType>from location</depthType>
    <methodID>smi:eu.emsc-csem/origin_method/NA</methodID>
    <quality>
      <usedPhaseCount>8</usedPhaseCount>
      <usedStationCount>8</usedStationCount>
      <standardError>2.31</standardError>
      <azimuthalGap>211</azimuthalGap>
      <minimumDistance>20.01</minimumDistance>
      <maximumDistance>47.25</maximumDistance>
    </quality>
    <evaluationMode>manual</evaluationMode>
    <creationInfo>
      <agencyURI>smi:smi-registry/organization/EMSC</agencyURI>
      <authorURI>smi:smi-registry/organization/EMSC</authorURI>
    </creationInfo>
    <originUncertainty>
      <azimuthMaxHorizontalUncertainty>-99</azimuthMaxHorizontalUncertainty>
    </originUncertainty>
  </origin>
  <magnitude publicID="quakeml:eu.emsc/event/20010922_0000010/origin/1423705/mag/2">
    <mag>
      <value>3.7</value>
    </mag>
    <type>mb</type>
    <originID>quakeml:eu.emsc/event/20010922_0000010/origin/1423705</originID>
    <stationCount>1</stationCount>
    <creationInfo>
      <agencyURI>smi:smi-registry/organization/EMSC</agencyURI>
      <authorURI>smi:smi-registry/organization/EMSC</authorURI>
    </creationInfo>
  </magnitude>
</event>
<event publicID="quakeml:eu.emsc/event/20010922_0000009">
  <preferredOriginID>quakeml:eu.emsc/event/20010922_0000009/origin/1423707</preferredOriginID>
  <preferredMagnitudeID>quakeml:eu.emsc/event/20010922_0000009/origin/1423707/mag/2</preferredMagnitudeID>
  <creationInfo>
    <agencyURI>smi:smi-registry/organization/EMSC</agencyURI>
    <authorURI>smi:smi-registry/organization/EMSC</authorURI>
    <creationTime>2014-12-10T13:41:54.135814Z</creationTime>
  </creationInfo>
  <description>
    <text>CENTRAL MEDITERRANEAN SEA</text>
    <type>Flinn-Engdahl region</type>
  </description>
  <origin publicID="quakeml:eu.emsc/event/20010922_0000009/origin/1423707">
    <time>
      <value>2001-09-22T18:32:47.5Z</value>
    </time>
    <latitude>
      <value>35.42</value>
      <uncertainty>9999.9</uncertainty>
    </latitude>
    <longitude>
      <value>20.39</value>
      <uncertainty>9999.9</uncertainty>
    </longitude>
    <depth>
      <value>8000</value>
    </depth>
    <depthType>from location</depthType>
    <methodID>smi:eu.emsc-csem/origin_method/NA</methodID>
    <quality>
      <usedPhaseCount>7</usedPhaseCount>
      <usedStationCount>7</usedStationCount>
      <standardError>2.02</standardError>
      <azimuthalGap>264</azimuthalGap>
      <minimumDistance>2.15</minimumDistance>
      <maximumDistance>4.49</maximumDistance>
    </quality>
    <evaluationMode>manual</evaluationMode>
    <creationInfo>
      <agencyURI>smi:smi-registry/organization/EMSC</agencyURI>
      <authorURI>smi:smi-registry/organization/EMSC</authorURI>
    </creationInfo>
    <originUncertainty>
      <azimuthMaxHorizontalUncertainty>-99</azimuthMaxHorizontalUncertainty>
    </originUncertainty>
  </origin>
  <magnitude publicID="quakeml:eu.emsc/event/20010922_0000009/origin/1423707/mag/2">
    <mag>
      <value>4</value>
    </mag>
    <type>MD</type>
    <originID>quakeml:eu.emsc/event/20010922_0000009/origin/1423707</originID>
    <creationInfo>
      <agencyURI>smi:smi-registry/organization/EMSC</agencyURI>
      <authorURI>smi:smi-registry/organization/EMSC</authorURI>
    </creationInfo>
  </magnitude>
</event>
<event publicID="quakeml:eu.emsc/event/20010922_0000017">
  <preferredOriginID>quakeml:eu.emsc/event/20010922_0000017/origin/1419204</preferredOriginID>
  <preferredMagnitudeID>quakeml:eu.emsc/event/20010922_0000017/origin/1419204/mag/1</preferredMagnitudeID>
  <creationInfo>
    <agencyURI>smi:smi-registry/organization/EMSC</agencyURI>
    <authorURI>smi:smi-registry/organization/EMSC</authorURI>
    <creationTime>2014-12-03T16:23:04.256311Z</creationTime>
  </creationInfo>
  <description>
    <text>FRANCE</text>
    <type>Flinn-Engdahl region</type>
  </description>
  <origin publicID="quakeml:eu.emsc/event/20010922_0000017/origin/1419204">
    <time>
      <value>2001-09-22T15:42:25.7Z</value>
      <uncertainty>0.2</uncertainty>
    </time>
    <latitude>
      <value>45.717</value>
      <uncertainty>4.3</uncertainty>
    </latitude>
    <longitude>
      <value>6.906</value>
      <uncertainty>3</uncertainty>
    </longitude>
    <depth>
      <value>15000</value>
    </depth>
    <depthType>from location</depthType>
    <methodID>smi:eu.emsc-csem/origin_method/NA</methodID>
    <quality>
      <usedPhaseCount>23</usedPhaseCount>
      <usedStationCount>13</usedStationCount>
      <standardError>0.95</standardError>
      <azimuthalGap>128</azimuthalGap>
      <minimumDistance>0.23</minimumDistance>
      <maximumDistance>2.71</maximumDistance>
    </quality>
    <evaluationMode>manual</evaluationMode>
    <creationInfo>
      <agencyURI>smi:smi-registry/organization/EMSC</agencyURI>
      <authorURI>smi:smi-registry/organization/EMSC</authorURI>
    </creationInfo>
    <originUncertainty>
      <azimuthMaxHorizontalUncertainty>48</azimuthMaxHorizontalUncertainty>
    </originUncertainty>
  </origin>
  <magnitude publicID="quakeml:eu.emsc/event/20010922_0000017/origin/1419204/mag/1">
    <mag>
      <value>1.5</value>
      <uncertainty>0.6</uncertainty>
    </mag>
    <type>ML</type>
    <originID>quakeml:eu.emsc/event/20010922_0000017/origin/1419204</originID>
    <stationCount>6</stationCount>
    <creationInfo>
      <agencyURI>smi:smi-registry/organization/EMSC</agencyURI>
      <authorURI>smi:smi-registry/organization/EMSC</authorURI>
    </creationInfo>
  </magnitude>
</event>
<event publicID="quakeml:eu.emsc/event/20010922_0000007">
  <preferredOriginID>quakeml:eu.emsc/event/20010922_0000007/origin/1419659</preferredOriginID>
  <preferredMagnitudeID>quakeml:eu.emsc/event/20010922_0000007/origin/1419659/mag/1</preferredMagnitudeID>
  <creationInfo>
    <agencyURI>smi:smi-registry/organization/EMSC</agencyURI>
    <authorURI>smi:smi-registry/organization/EMSC</authorURI>
    <creationTime>2014-12-03T11:45:00.766659Z</creationTime>
  </creationInfo>
  <description>
    <text>SOUTHERN IRAN</text>
    <type>Flinn-Engdahl region</type>
  </description>
  <origin publicID="quakeml:eu.emsc/event/20010922_0000007/origin/1419659">
    <time>
      <value>2001-09-22T13:34:21.0Z</value>
      <uncertainty>0.39</uncertainty>
    </time>
    <latitude>
      <value>30.5115</value>
      <uncertainty>12.6</uncertainty>
    </latitude>
    <longitude>
      <value>50.5089</value>
      <uncertainty>7.9</uncertainty>
    </longitude>
    <depth>
      <value>53200.0</value>
      <uncertainty>3.2</uncertainty>
    </depth>
    <depthType>from location</depthType>
    <methodID>smi:eu.emsc-csem/origin_method/NA</methodID>
    <quality>
      <usedPhaseCount>53</usedPhaseCount>
      <usedStationCount>52</usedStationCount>
      <standardError>1.12</standardError>
      <azimuthalGap>129</azimuthalGap>
      <minimumDistance>2.6</minimumDistance>
      <maximumDistance>84.82</maximumDistance>
    </quality>
    <evaluationMode>manual</evaluationMode>
    <creationInfo>
      <agencyURI>smi:smi-registry/organization/EMSC</agencyURI>
      <authorURI>smi:smi-registry/organization/EMSC</authorURI>
    </creationInfo>
    <originUncertainty>
      <azimuthMaxHorizontalUncertainty>156</azimuthMaxHorizontalUncertainty>
    </originUncertainty>
  </origin>
  <magnitude publicID="quakeml:eu.emsc/event/20010922_0000007/origin/1419659/mag/1">
    <mag>
      <value>4.5</value>
      <uncertainty>0.3</uncertainty>
    </mag>
    <type>mb</type>
    <originID>quakeml:eu.emsc/event/20010922_0000007/origin/1419659</originID>
    <stationCount>24</stationCount>
    <creationInfo>
      <agencyURI>smi:smi-registry/organization/EMSC</agencyURI>
      <authorURI>smi:smi-registry/organization/EMSC</authorURI>
    </creationInfo>
  </magnitude>
</event>
<event publicID="quakeml:eu.emsc/event/20010922_0000005">
  <preferredOriginID>quakeml:eu.emsc/event/20010922_0000005/origin/1419663</preferredOriginID>
  <preferredMagnitudeID>quakeml:eu.emsc/event/20010922_0000005/origin/1419663/mag/2</preferredMagnitudeID>
  <creationInfo>
    <agencyURI>smi:smi-registry/organization/EMSC</agencyURI>
    <authorURI>smi:smi-registry/organization/EMSC</authorURI>
    <creationTime>2014-12-03T10:34:32.682006Z</creationTime>
  </creationInfo>
  <description>
    <text>CENTRAL MEDITERRANEAN SEA</text>
    <type>Flinn-Engdahl region</type>
  </description>
  <origin publicID="quakeml:eu.emsc/event/20010922_0000005/origin/1419663">
    <time>
      <value>2001-09-22T12:41:09.9Z</value>
      <uncertainty>3.04</uncertainty>
    </time>
    <latitude>
      <value>33.8338</value>
      <uncertainty>67.1</uncertainty>
    </latitude>
    <longitude>
      <value>23.2811</value>
      <uncertainty>12.5</uncertainty>
    </longitude>
    <depth>
      <value>10000</value>
    </depth>
    <depthType>from location</depthType>
    <methodID>smi:eu.emsc-csem/origin_method/NA</methodID>
    <quality>
      <usedPhaseCount>22</usedPhaseCount>
      <usedStationCount>22</usedStationCount>
      <standardError>0.59</standardError>
      <azimuthalGap>298</azimuthalGap>
      <minimumDistance>2.85</minimumDistance>
      <maximumDistance>11.04</maximumDistance>
    </quality>
    <evaluationMode>manual</evaluationMode>
    <creationInfo>
      <agencyURI>smi:smi-registry/organization/EMSC</agencyURI>
      <authorURI>smi:smi-registry/organization/EMSC</authorURI>
    </creationInfo>
    <originUncertainty>
      <azimuthMaxHorizontalUncertainty>122</azimuthMaxHorizontalUncertainty>
    </originUncertainty>
  </origin>
  <magnitude publicID="quakeml:eu.emsc/event/20010922_0000005/origin/1419663/mag/2">
    <mag>
      <value>4.2</value>
    </mag>
    <type>ML</type>
    <originID>quakeml:eu.emsc/event/20010922_0000005/origin/1419663</originID>
    <creationInfo>
      <agencyURI>smi:smi-registry/organization/EMSC</agencyURI>
      <authorURI>smi:smi-registry/organization/EMSC</authorURI>
    </creationInfo>
  </magnitude>
</event>
<event publicID="quakeml:eu.emsc/event/20010922_0000003">
  <preferredOriginID>quakeml:eu.emsc/event/20010922_0000003/origin/1419669</preferredOriginID>
  <preferredMagnitudeID>quakeml:eu.emsc/event/20010922_0000003/origin/1419669/mag/1</preferredMagnitudeID>
  <creationInfo>
    <agencyURI>smi:smi-registry/organization/EMSC</agencyURI>
    <authorURI>smi:smi-registry/organization/EMSC</authorURI>
    <creationTime>2014-12-03T11:27:03.459515Z</creationTime>
  </creationInfo>
  <description>
    <text>DEAD SEA REGION</text>
    <type>Flinn-Engdahl region</type>
  </description>
  <origin publicID="quakeml:eu.emsc/event/20010922_0000003/origin/1419669">
    <time>
      <value>2001-09-22T05:34:48.7Z</value>
      <uncertainty>0.11</uncertainty>
    </time>
    <latitude>
      <value>31.8893</value>
      <uncertainty>3.8</uncertainty>
    </latitude>
    <longitude>
      <value>35.45</value>
      <uncertainty>1.4</uncertainty>
    </longitude>
    <depth>
      <value>10000</value>
    </depth>
    <depthType>from location</depthType>
    <methodID>smi:eu.emsc-csem/origin_method/NA</methodID>
    <quality>
      <usedPhaseCount>38</usedPhaseCount>
      <usedStationCount>29</usedStationCount>
      <standardError>0.5</standardError>
      <azimuthalGap>175</azimuthalGap>
      <minimumDistance>0.3</minimumDistance>
      <maximumDistance>4.94</maximumDistance>
    </quality>
    <evaluationMode>manual</evaluationMode>
    <creationInfo>
      <agencyURI>smi:smi-registry/organization/EMSC</agencyURI>
      <authorURI>smi:smi-registry/organization/EMSC</authorURI>
    </creationInfo>
    <originUncertainty>
      <azimuthMaxHorizontalUncertainty>97</azimuthMaxHorizontalUncertainty>
    </originUncertainty>
  </origin>
  <magnitude publicID="quakeml:eu.emsc/event/20010922_0000003/origin/1419669/mag/1">
    <mag>
      <value>3.1</value>
    </mag>
    <type>Mw</type>
    <originID>quakeml:eu.emsc/event/20010922_0000003/origin/1419669</originID>
    <creationInfo>
      <agencyURI>smi:smi-registry/organization/EMSC</agencyURI>
      <authorURI>smi:smi-registry/organization/EMSC</authorURI>
    </creationInfo>
  </magnitude>
</event>
<event publicID="quakeml:eu.emsc/event/20010922_0000015">
  <preferredOriginID>quakeml:eu.emsc/event/20010922_0000015/origin/1427955</preferredOriginID>
  <preferredMagnitudeID>quakeml:eu.emsc/event/20010922_0000015/origin/1427955/mag/2</preferredMagnitudeID>
  <creationInfo>
    <agencyURI>smi:smi-registry/organization/EMSC</agencyURI>
    <authorURI>smi:smi-registry/organization/EMSC</authorURI>
    <creationTime>2014-12-10T18:29:45.145083Z</creationTime>
  </creationInfo>
  <description>
    <text>SWITZERLAND</text>
    <type>Flinn-Engdahl region</type>
  </description>
  <origin publicID="quakeml:eu.emsc/event/20010922_0000015/origin/1427955">
    <time>
      <value>2001-09-22T04:07:57.5Z</value>
    </time>
    <latitude>
      <value>46.13</value>
      <uncertainty>9999.9</uncertainty>
    </latitude>
    <longitude>
      <value>7.026</value>
      <uncertainty>9999.9</uncertainty>
    </longitude>
    <depth>
      <value>5900.0</value>
    </depth>
    <depthType>from location</depthType>
    <methodID>smi:eu.emsc-csem/origin_method/NA</methodID>
    <quality>
      <usedPhaseCount>16</usedPhaseCount>
      <usedStationCount>6</usedStationCount>
      <standardError>0.28</standardError>
      <azimuthalGap>127</azimuthalGap>
      <minimumDistance>0.04</minimumDistance>
      <maximumDistance>0.49</maximumDistance>
    </quality>
    <evaluationMode>manual</evaluationMode>
    <creationInfo>
      <agencyURI>smi:smi-registry/organization/EMSC</agencyURI>
      <authorURI>smi:smi-registry/organization/EMSC</authorURI>
    </creationInfo>
    <originUncertainty>
      <azimuthMaxHorizontalUncertainty>-99</azimuthMaxHorizontalUncertainty>
    </originUncertainty>
  </origin>
  <magnitude publicID="quakeml:eu.emsc/event/20010922_0000015/origin/1427955/mag/2">
    <mag>
      <value>1.1</value>
    </mag>
    <type>ML</type>
    <originID>quakeml:eu.emsc/event/20010922_0000015/origin/1427955</originID>
    <stationCount>14</stationCount>
    <creationInfo>
      <agencyURI>smi:smi-registry/organization/EMSC</agencyURI>
      <authorURI>smi:smi-registry/organization/EMSC</authorURI>
    </creationInfo>
  </magnitude>
</event>
<event publicID="quakeml:eu.emsc/event/20010922_0000002">
  <preferredOriginID>quakeml:eu.emsc/event/20010922_0000002/origin/1419672</preferredOriginID>
  <preferredMagnitudeID>quakeml:eu.emsc/event/20010922_0000002/origin/1419672/mag/2</preferredMagnitudeID>
  <creationInfo>
    <agencyURI>smi:smi-registry/organization/EMSC</agencyURI>
    <authorURI>smi:smi-registry/organization/EMSC</authorURI>
    <creationTime>2014-12-03T10:51:42.856373Z</creationTime>
  </creationInfo>
  <description>
    <text>DODECANESE ISLANDS, GREECE</text>
    <type>Flinn-Engdahl region</type>
  </description>
  <origin publicID="quakeml:eu.emsc/event/20010922_0000002/origin/1419672">
    <time>
      <value>2001-09-22T01:04:30.7Z</value>
      <uncertainty>0.34</uncertainty>
    </time>
    <latitude>
      <value>37.266</value>
      <uncertainty>12.9</uncertainty>
    </latitude>
    <longitude>
      <value>26.8684</value>
      <uncertainty>9.9</uncertainty>
    </longitude>
    <depth>
      <value>15000</value>
    </depth>
    <depthType>from location</depthType>
    <methodID>smi:eu.emsc-csem/origin_method/NA</methodID>
    <quality>
      <usedPhaseCount>8</usedPhaseCount>
      <usedStationCount>8</usedStationCount>
      <standardError>0.8</standardError>
      <azimuthalGap>85</azimuthalGap>
      <minimumDistance>0.44</minimumDistance>
      <maximumDistance>4.01</maximumDistance>
    </quality>
    <evaluationMode>manual</evaluationMode>
    <creationInfo>
      <agencyURI>smi:smi-registry/organization/EMSC</agencyURI>
      <authorURI>smi:smi-registry/organization/EMSC</authorURI>
    </creationInfo>
    <originUncertainty>
      <azimuthMaxHorizontalUncertainty>85</azimuthMaxHorizontalUncertainty>
    </originUncertainty>
  </origin>
  <magnitude publicID="quakeml:eu.emsc/event/20010922_0000002/origin/1419672/mag/2">
    <mag>
      <value>3.8</value>
    </mag>
    <type>MD</type>
    <originID>quakeml:eu.emsc/event/20010922_0000002/origin/1419672</originID>
    <creationInfo>
      <agencyURI>smi:smi-registry/organization/EMSC</agencyURI>
      <authorURI>smi:smi-registry/organization/EMSC</authorURI>
    </creationInfo>
  </magnitude>
</event>
<event publicID="quakeml:eu.emsc/event/20010922_0000001">
  <preferredOriginID>quakeml:eu.emsc/event/20010922_0000001/origin/1423709</preferredOriginID>
  <preferredMagnitudeID>quakeml:eu.emsc/event/20010922_0000001/origin/1423709/mag/2</preferredMagnitudeID>
  <creationInfo>
    <agencyURI>smi:smi-registry/organization/EMSC</agencyURI>
    <authorURI>smi:smi-registry/organization/EMSC</authorURI>
    <creationTime>2014-12-10T13:41:36.41999Z</creationTime>
  </creationInfo>
  <description>
    <text>SPAIN</text>
    <type>Flinn-Engdahl region</type>
  </description>
  <origin publicID="quakeml:eu.emsc/event/20010922_0000001/origin/1423709">
    <time>
      <value>2001-09-22T00:50:06.3Z</value>
    </time>
    <latitude>
      <value>38.2667</value>
      <uncertainty>9999.9</uncertainty>
    </latitude>
    <longitude>
      <value>-1.3631</value>
      <uncertainty>9999.9</uncertainty>
    </longitude>
    <depth>
      <value>10700.0</value>
    </depth>
    <depthType>from location</depthType>
    <methodID>smi:eu.emsc-csem/origin_method/NA</methodID>
    <quality>
      <usedPhaseCount>8</usedPhaseCount>
      <usedStationCount>5</usedStationCount>
      <standardError>1.15</standardError>
      <azimuthalGap>272</azimuthalGap>
      <minimumDistance>0.4</minimumDistance>
      <maximumDistance>2.47</maximumDistance>
    </quality>
    <evaluationMode>manual</evaluationMode>
    <creationInfo>
      <agencyURI>smi:smi-registry/organization/EMSC</agencyURI>
      <authorURI>smi:smi-registry/organization/EMSC</authorURI>
    </creationInfo>
    <originUncertainty>
      <azimuthMaxHorizontalUncertainty>-99</azimuthMaxHorizontalUncertainty>
    </originUncertainty>
  </origin>
  <magnitude publicID="quakeml:eu.emsc/event/20010922_0000001/origin/1423709/mag/2">
    <mag>
      <value>1.8</value>
      <uncertainty>0.1</uncertainty>
    </mag>
    <type>mb</type>
    <originID>quakeml:eu.emsc/event/20010922_0000001/origin/1423709</originID>
    <stationCount>4</stationCount>
    <creationInfo>
      <agencyURI>smi:smi-registry/organization/EMSC</agencyURI>
      <authorURI>smi:smi-registry/organization/EMSC</authorURI>
    </creationInfo>
  </magnitude>
</event>
</eventParameters>
</q:quakeml>
