<?xml version="1.0"?>
<q:quakeml xmlns:q="http://quakeml.org/xmlns/quakeml/1.2"  xmlns="http://quakeml.org/xmlns/bed/1.2">
<eventParameters publicID="smi:eu.emsc/unid">
<event publicID="quakeml:eu.emsc/event/20010528_0000012">
  <preferredOriginID>quakeml:eu.emsc/event/20010528_0000012/origin/1429379</preferredOriginID>
  <preferredMagnitudeID>quakeml:eu.emsc/event/20010528_0000012/origin/1429379/mag/1</preferredMagnitudeID>
  <creationInfo>
    <agencyURI>smi:smi-registry/organization/EMSC</agencyURI>
    <authorURI>smi:smi-registry/organization/EMSC</authorURI>
    <creationTime>2014-12-03T15:43:14.709849Z</creationTime>
  </creationInfo>
  <description>
    <text>FRANCE</text>
    <type>Flinn-Engdahl region</type>
  </description>
  <origin publicID="quakeml:eu.emsc/event/20010528_0000012/origin/1429379">
    <time>
      <value>2001-05-28T21:17:43.5Z</value>
      <uncertainty>0.1</uncertainty>
    </time>
    <latitude>
      <value>44.7874</value>
      <uncertainty>2.3</uncertainty>
    </latitude>
    <longitude>
      <value>6.7665</value>
      <uncertainty>2</uncertainty>
    </longitude>
    <depth>
      <value>10000</value>
    </depth>
    <depthType>from location</depthType>
    <methodID>smi:eu.emsc-csem/origin_method/NA</methodID>
    <quality>
      <usedPhaseCount>33</usedPhaseCount>
      <usedStationCount>20</usedStationCount>
      <standardError>0.79</standardError>
      <azimuthalGap>76</azimuthalGap>
      <minimumDistance>0.06</minimumDistance>
      <maximumDistance>2.2</maximumDistance>
    </quality>
    <evaluationMode>manual</evaluationMode>
    <creationInfo>
      <agencyURI>smi:smi-registry/organization/EMSC</agencyURI>
      <authorURI>smi:smi-registry/organization/EMSC</authorURI>
    </creationInfo>
    <originUncertainty>
      <azimuthMaxHorizontalUncertainty>71</azimuthMaxHorizontalUncertainty>
    </originUncertainty>
  </origin>
  <magnitude publicID="quakeml:eu.emsc/event/20010528_0000012/origin/1429379/mag/1">
    <mag>
      <value>1.7</value>
      <uncertainty>0.3</uncertainty>
    </mag>
    <type>ML</type>
    <originID>quakeml:eu.emsc/event/20010528_0000012/origin/1429379</originID>
    <stationCount>8</stationCount>
    <creationInfo>
      <agencyURI>smi:smi-registry/organization/EMSC</agencyURI>
      <authorURI>smi:smi-registry/organization/EMSC</authorURI>
    </creationInfo>
  </magnitude>
</event>
<event publicID="quakeml:eu.emsc/event/20010528_0000014">
  <preferredOriginID>quakeml:eu.emsc/event/20010528_0000014/origin/1429382</preferredOriginID>
  <preferredMagnitudeID>quakeml:eu.emsc/event/20010528_0000014/origin/1429382/mag/1</preferredMagnitudeID>
  <creationInfo>
    <agencyURI>smi:smi-registry/organization/EMSC</agencyURI>
    <authorURI>smi:smi-registry/organization/EMSC</authorURI>
    <creationTime>2014-12-03T16:53:24.37156Z</creationTime>
  </creationInfo>
  <description>
    <text>SWITZERLAND</text>
    <type>Flinn-Engdahl region</type>
  </description>
  <origin publicID="quakeml:eu.emsc/event/20010528_0000014/origin/1429382">
    <time>
      <value>2001-05-28T19:55:04.8Z</value>
      <uncertainty>0.1</uncertainty>
    </time>
    <latitude>
      <value>46.1294</value>
      <uncertainty>2.2</uncertainty>
    </latitude>
    <longitude>
      <value>7.0261</value>
      <uncertainty>1.6</uncertainty>
    </longitude>
    <depth>
      <value>10000</value>
    </depth>
    <depthType>from location</depthType>
    <methodID>smi:eu.emsc-csem/origin_method/NA</methodID>
    <quality>
      <usedPhaseCount>30</usedPhaseCount>
      <usedStationCount>16</usedStationCount>
      <standardError>0.6</standardError>
      <azimuthalGap>96</azimuthalGap>
      <minimumDistance>0.09</minimumDistance>
      <maximumDistance>2.6</maximumDistance>
    </quality>
    <evaluationMode>manual</evaluationMode>
    <creationInfo>
      <agencyURI>smi:smi-registry/organization/EMSC</agencyURI>
      <authorURI>smi:smi-registry/organization/EMSC</authorURI>
    </creationInfo>
    <originUncertainty>
      <azimuthMaxHorizontalUncertainty>104</azimuthMaxHorizontalUncertainty>
    </originUncertainty>
  </origin>
  <magnitude publicID="quakeml:eu.emsc/event/20010528_0000014/origin/1429382/mag/1">
    <mag>
      <value>1.9</value>
      <uncertainty>0.4</uncertainty>
    </mag>
    <type>ML</type>
    <originID>quakeml:eu.emsc/event/20010528_0000014/origin/1429382</originID>
    <stationCount>11</stationCount>
    <creationInfo>
      <agencyURI>smi:smi-registry/organization/EMSC</agencyURI>
      <authorURI>smi:smi-registry/organization/EMSC</authorURI>
    </creationInfo>
  </magnitude>
</event>
<event publicID="quakeml:eu.emsc/event/20010528_0000008">
  <preferredOriginID>quakeml:eu.emsc/event/20010528_0000008/origin/1430038</preferredOriginID>
  <preferredMagnitudeID>quakeml:eu.emsc/event/20010528_0000008/origin/1430038/mag/1</preferredMagnitudeID>
  <creationInfo>
    <agencyURI>smi:smi-registry/organization/EMSC</agencyURI>
    <authorURI>smi:smi-registry/organization/EMSC</authorURI>
    <creationTime>2014-12-03T11:53:06.825944Z</creationTime>
  </creationInfo>
  <description>
    <text>GERMANY</text>
    <type>Flinn-Engdahl region</type>
  </description>
  <origin publicID="quakeml:eu.emsc/event/20010528_0000008/origin/1430038">
    <time>
      <value>2001-05-28T18:02:27.5Z</value>
      <uncertainty>0.08</uncertainty>
    </time>
    <latitude>
      <value>48.015</value>
      <uncertainty>1.7</uncertainty>
    </latitude>
    <longitude>
      <value>8.0667</value>
      <uncertainty>1.6</uncertainty>
    </longitude>
    <depth>
      <value>10000</value>
    </depth>
    <depthType>from location</depthType>
    <methodID>smi:eu.emsc-csem/origin_method/NA</methodID>
    <quality>
      <usedPhaseCount>129</usedPhaseCount>
      <usedStationCount>69</usedStationCount>
      <standardError>1.03</standardError>
      <azimuthalGap>23</azimuthalGap>
      <minimumDistance>0.12</minimumDistance>
      <maximumDistance>4.91</maximumDistance>
    </quality>
    <evaluationMode>manual</evaluationMode>
    <creationInfo>
      <agencyURI>smi:smi-registry/organization/EMSC</agencyURI>
      <authorURI>smi:smi-registry/organization/EMSC</authorURI>
    </creationInfo>
    <originUncertainty>
      <azimuthMaxHorizontalUncertainty>165</azimuthMaxHorizontalUncertainty>
    </originUncertainty>
  </origin>
  <magnitude publicID="quakeml:eu.emsc/event/20010528_0000008/origin/1430038/mag/1">
    <mag>
      <value>3.1</value>
      <uncertainty>0.4</uncertainty>
    </mag>
    <type>ML</type>
    <originID>quakeml:eu.emsc/event/20010528_0000008/origin/1430038</originID>
    <stationCount>16</stationCount>
    <creationInfo>
      <agencyURI>smi:smi-registry/organization/EMSC</agencyURI>
      <authorURI>smi:smi-registry/organization/EMSC</authorURI>
    </creationInfo>
  </magnitude>
</event>
<event publicID="quakeml:eu.emsc/event/20010528_0000007">
  <preferredOriginID>quakeml:eu.emsc/event/20010528_0000007/origin/1430041</preferredOriginID>
  <preferredMagnitudeID>quakeml:eu.emsc/event/20010528_0000007/origin/1430041/mag/2</preferredMagnitudeID>
  <creationInfo>
    <agencyURI>smi:smi-registry/organization/EMSC</agencyURI>
    <authorURI>smi:smi-registry/organization/EMSC</authorURI>
    <creationTime>2014-12-03T10:35:07.250318Z</creationTime>
  </creationInfo>
  <description>
    <text>GREECE</text>
    <type>Flinn-Engdahl region</type>
  </description>
  <origin publicID="quakeml:eu.emsc/event/20010528_0000007/origin/1430041">
    <time>
      <value>2001-05-28T17:57:31.5Z</value>
      <uncertainty>0.22</uncertainty>
    </time>
    <latitude>
      <value>38.1986</value>
      <uncertainty>5.9</uncertainty>
    </latitude>
    <longitude>
      <value>23.1308</value>
      <uncertainty>4.7</uncertainty>
    </longitude>
    <depth>
      <value>30000</value>
    </depth>
    <depthType>from location</depthType>
    <methodID>smi:eu.emsc-csem/origin_method/NA</methodID>
    <quality>
      <usedPhaseCount>10</usedPhaseCount>
      <usedStationCount>6</usedStationCount>
      <standardError>0.77</standardError>
      <azimuthalGap>100</azimuthalGap>
      <minimumDistance>0.51</minimumDistance>
      <maximumDistance>13.82</maximumDistance>
    </quality>
    <evaluationMode>manual</evaluationMode>
    <creationInfo>
      <agencyURI>smi:smi-registry/organization/EMSC</agencyURI>
      <authorURI>smi:smi-registry/organization/EMSC</authorURI>
    </creationInfo>
    <originUncertainty>
      <azimuthMaxHorizontalUncertainty>58</azimuthMaxHorizontalUncertainty>
    </originUncertainty>
  </origin>
  <magnitude publicID="quakeml:eu.emsc/event/20010528_0000007/origin/1430041/mag/2">
    <mag>
      <value>2.5</value>
    </mag>
    <type>ML</type>
    <originID>quakeml:eu.emsc/event/20010528_0000007/origin/1430041</originID>
    <creationInfo>
      <agencyURI>smi:smi-registry/organization/EMSC</agencyURI>
      <authorURI>smi:smi-registry/organization/EMSC</authorURI>
    </creationInfo>
  </magnitude>
</event>
<event publicID="quakeml:eu.emsc/event/20010528_0000006">
  <preferredOriginID>quakeml:eu.emsc/event/20010528_0000006/origin/1430045</preferredOriginID>
  <preferredMagnitudeID>quakeml:eu.emsc/event/20010528_0000006/origin/1430045/mag/2</preferredMagnitudeID>
  <creationInfo>
    <agencyURI>smi:smi-registry/organization/EMSC</agencyURI>
    <authorURI>smi:smi-registry/organization/EMSC</authorURI>
    <creationTime>2014-12-03T11:29:52.111181Z</creationTime>
  </creationInfo>
  <description>
    <text>WESTERN TURKEY</text>
    <type>Flinn-Engdahl region</type>
  </description>
  <origin publicID="quakeml:eu.emsc/event/20010528_0000006/origin/1430045">
    <time>
      <value>2001-05-28T17:32:14.9Z</value>
      <uncertainty>0.2</uncertainty>
    </time>
    <latitude>
      <value>39.3715</value>
      <uncertainty>5.4</uncertainty>
    </latitude>
    <longitude>
      <value>27.8817</value>
      <uncertainty>4.8</uncertainty>
    </longitude>
    <depth>
      <value>10000</value>
    </depth>
    <depthType>from location</depthType>
    <methodID>smi:eu.emsc-csem/origin_method/NA</methodID>
    <quality>
      <usedPhaseCount>30</usedPhaseCount>
      <usedStationCount>27</usedStationCount>
      <standardError>0.94</standardError>
      <azimuthalGap>78</azimuthalGap>
      <minimumDistance>0.62</minimumDistance>
      <maximumDistance>4.78</maximumDistance>
    </quality>
    <evaluationMode>manual</evaluationMode>
    <creationInfo>
      <agencyURI>smi:smi-registry/organization/EMSC</agencyURI>
      <authorURI>smi:smi-registry/organization/EMSC</authorURI>
    </creationInfo>
    <originUncertainty>
      <azimuthMaxHorizontalUncertainty>167</azimuthMaxHorizontalUncertainty>
    </originUncertainty>
  </origin>
  <magnitude publicID="quakeml:eu.emsc/event/20010528_0000006/origin/1430045/mag/2">
    <mag>
      <value>3.5</value>
    </mag>
    <type>MD</type>
    <originID>quakeml:eu.emsc/event/20010528_0000006/origin/1430045</originID>
    <creationInfo>
      <agencyURI>smi:smi-registry/organization/EMSC</agencyURI>
      <authorURI>smi:smi-registry/organization/EMSC</authorURI>
    </creationInfo>
  </magnitude>
</event>
<event publicID="quakeml:eu.emsc/event/20010528_0000005">
  <preferredOriginID>quakeml:eu.emsc/event/20010528_0000005/origin/1430048</preferredOriginID>
  <preferredMagnitudeID>quakeml:eu.emsc/event/20010528_0000005/origin/1430048/mag/2</preferredMagnitudeID>
  <creationInfo>
    <agencyURI>smi:smi-registry/organization/EMSC</agencyURI>
    <authorURI>smi:smi-registry/organization/EMSC</authorURI>
    <creationTime>2014-12-03T11:44:54.474078Z</creationTime>
  </creationInfo>
  <description>
    <text>EASTERN MEDITERRANEAN SEA</text>
    <type>Flinn-Engdahl region</type>
  </description>
  <origin publicID="quakeml:eu.emsc/event/20010528_0000005/origin/1430048">
    <time>
      <value>2001-05-28T15:52:50.7Z</value>
      <uncertainty>0.42</uncertainty>
    </time>
    <latitude>
      <value>35.8183</value>
      <uncertainty>11.2</uncertainty>
    </latitude>
    <longitude>
      <value>28.3873</value>
      <uncertainty>4.5</uncertainty>
    </longitude>
    <depth>
      <value>40000</value>
    </depth>
    <depthType>from location</depthType>
    <methodID>smi:eu.emsc-csem/origin_method/NA</methodID>
    <quality>
      <usedPhaseCount>12</usedPhaseCount>
      <usedStationCount>11</usedStationCount>
      <standardError>0.39</standardError>
      <azimuthalGap>251</azimuthalGap>
      <minimumDistance>1.54</minimumDistance>
      <maximumDistance>7.4</maximumDistance>
    </quality>
    <evaluationMode>manual</evaluationMode>
    <creationInfo>
      <agencyURI>smi:smi-registry/organization/EMSC</agencyURI>
      <authorURI>smi:smi-registry/organization/EMSC</authorURI>
    </creationInfo>
    <originUncertainty>
      <azimuthMaxHorizontalUncertainty>104</azimuthMaxHorizontalUncertainty>
    </originUncertainty>
  </origin>
  <magnitude publicID="quakeml:eu.emsc/event/20010528_0000005/origin/1430048/mag/2">
    <mag>
      <value>2.9</value>
    </mag>
    <type>ML</type>
    <originID>quakeml:eu.emsc/event/20010528_0000005/origin/1430048</originID>
    <creationInfo>
      <agencyURI>smi:smi-registry/organization/EMSC</agencyURI>
      <authorURI>smi:smi-registry/organization/EMSC</authorURI>
    </creationInfo>
  </magnitude>
</event>
<event publicID="quakeml:eu.emsc/event/20010528_0000011">
  <preferredOriginID>quakeml:eu.emsc/event/20010528_0000011/origin/1429386</preferredOriginID>
  <preferredMagnitudeID>quakeml:eu.emsc/event/20010528_0000011/origin/1429386/mag/1</preferredMagnitudeID>
  <creationInfo>
    <agencyURI>smi:smi-registry/organization/EMSC</agencyURI>
    <authorURI>smi:smi-registry/organization/EMSC</authorURI>
    <creationTime>2014-12-03T15:31:30.205716Z</creationTime>
  </creationInfo>
  <description>
    <text>SWITZERLAND</text>
    <type>Flinn-Engdahl region</type>
  </description>
  <origin publicID="quakeml:eu.emsc/event/20010528_0000011/origin/1429386">
    <time>
      <value>2001-05-28T12:27:26.6Z</value>
      <uncertainty>0.05</uncertainty>
    </time>
    <latitude>
      <value>47.4805</value>
      <uncertainty>1.3</uncertainty>
    </latitude>
    <longitude>
      <value>7.7677</value>
      <uncertainty>0.9</uncertainty>
    </longitude>
    <depth>
      <value>19200.0</value>
    </depth>
    <depthType>from location</depthType>
    <methodID>smi:eu.emsc-csem/origin_method/NA</methodID>
    <quality>
      <usedPhaseCount>36</usedPhaseCount>
      <usedStationCount>18</usedStationCount>
      <standardError>0.37</standardError>
      <azimuthalGap>50</azimuthalGap>
      <minimumDistance>0.15</minimumDistance>
      <maximumDistance>2.66</maximumDistance>
    </quality>
    <evaluationMode>manual</evaluationMode>
    <creationInfo>
      <agencyURI>smi:smi-registry/organization/EMSC</agencyURI>
      <authorURI>smi:smi-registry/organization/EMSC</authorURI>
    </creationInfo>
    <originUncertainty>
      <azimuthMaxHorizontalUncertainty>23</azimuthMaxHorizontalUncertainty>
    </originUncertainty>
  </origin>
  <magnitude publicID="quakeml:eu.emsc/event/20010528_0000011/origin/1429386/mag/1">
    <mag>
      <value>2.5</value>
      <uncertainty>0.4</uncertainty>
    </mag>
    <type>ML</type>
    <originID>quakeml:eu.emsc/event/20010528_0000011/origin/1429386</originID>
    <stationCount>8</stationCount>
    <creationInfo>
      <agencyURI>smi:smi-registry/organization/EMSC</agencyURI>
      <authorURI>smi:smi-registry/organization/EMSC</authorURI>
    </creationInfo>
  </magnitude>
</event>
<event publicID="quakeml:eu.emsc/event/20010528_0000010">
  <preferredOriginID>quakeml:eu.emsc/event/20010528_0000010/origin/1429389</preferredOriginID>
  <preferredMagnitudeID>quakeml:eu.emsc/event/20010528_0000010/origin/1429389/mag/1</preferredMagnitudeID>
  <creationInfo>
    <agencyURI>smi:smi-registry/organization/EMSC</agencyURI>
    <authorURI>smi:smi-registry/organization/EMSC</authorURI>
    <creationTime>2014-12-03T15:10:27.479878Z</creationTime>
  </creationInfo>
  <description>
    <text>FRANCE</text>
    <type>Flinn-Engdahl region</type>
  </description>
  <origin publicID="quakeml:eu.emsc/event/20010528_0000010/origin/1429389">
    <time>
      <value>2001-05-28T07:17:33.1Z</value>
      <uncertainty>0.13</uncertainty>
    </time>
    <latitude>
      <value>44.2926</value>
      <uncertainty>2.6</uncertainty>
    </latitude>
    <longitude>
      <value>6.2207</value>
      <uncertainty>2.5</uncertainty>
    </longitude>
    <depth>
      <value>15000</value>
    </depth>
    <depthType>from location</depthType>
    <methodID>smi:eu.emsc-csem/origin_method/NA</methodID>
    <quality>
      <usedPhaseCount>36</usedPhaseCount>
      <usedStationCount>23</usedStationCount>
      <standardError>0.81</standardError>
      <azimuthalGap>41</azimuthalGap>
      <minimumDistance>0.46</minimumDistance>
      <maximumDistance>3.04</maximumDistance>
    </quality>
    <evaluationMode>manual</evaluationMode>
    <creationInfo>
      <agencyURI>smi:smi-registry/organization/EMSC</agencyURI>
      <authorURI>smi:smi-registry/organization/EMSC</authorURI>
    </creationInfo>
    <originUncertainty>
      <azimuthMaxHorizontalUncertainty>54</azimuthMaxHorizontalUncertainty>
    </originUncertainty>
  </origin>
  <magnitude publicID="quakeml:eu.emsc/event/20010528_0000010/origin/1429389/mag/1">
    <mag>
      <value>2.4</value>
      <uncertainty>0.4</uncertainty>
    </mag>
    <type>ML</type>
    <originID>quakeml:eu.emsc/event/20010528_0000010/origin/1429389</originID>
    <stationCount>11</stationCount>
    <creationInfo>
      <agencyURI>smi:smi-registry/organization/EMSC</agencyURI>
      <authorURI>smi:smi-registry/organization/EMSC</authorURI>
    </creationInfo>
  </magnitude>
</event>
<event publicID="quakeml:eu.emsc/event/20010528_0000003">
  <preferredOriginID>quakeml:eu.emsc/event/20010528_0000003/origin/1425895</preferredOriginID>
  <preferredMagnitudeID>quakeml:eu.emsc/event/20010528_0000003/origin/1425895/mag/2</preferredMagnitudeID>
  <creationInfo>
    <agencyURI>smi:smi-registry/organization/EMSC</agencyURI>
    <authorURI>smi:smi-registry/organization/EMSC</authorURI>
    <creationTime>2014-12-10T12:10:29.175123Z</creationTime>
  </creationInfo>
  <description>
    <text>WESTERN TURKEY</text>
    <type>Flinn-Engdahl region</type>
  </description>
  <origin publicID="quakeml:eu.emsc/event/20010528_0000003/origin/1425895">
    <time>
      <value>2001-05-28T06:46:17.2Z</value>
    </time>
    <latitude>
      <value>38.73</value>
      <uncertainty>9999.9</uncertainty>
    </latitude>
    <longitude>
      <value>30.82</value>
      <uncertainty>9999.9</uncertainty>
    </longitude>
    <depth>
      <value>5000</value>
    </depth>
    <depthType>from location</depthType>
    <methodID>smi:eu.emsc-csem/origin_method/NA</methodID>
    <quality>
      <usedPhaseCount>18</usedPhaseCount>
      <usedStationCount>16</usedStationCount>
      <standardError>0.94</standardError>
      <azimuthalGap>112</azimuthalGap>
      <minimumDistance>0.64</minimumDistance>
      <maximumDistance>3.22</maximumDistance>
    </quality>
    <evaluationMode>manual</evaluationMode>
    <creationInfo>
      <agencyURI>smi:smi-registry/organization/EMSC</agencyURI>
      <authorURI>smi:smi-registry/organization/EMSC</authorURI>
    </creationInfo>
    <originUncertainty>
      <azimuthMaxHorizontalUncertainty>-99</azimuthMaxHorizontalUncertainty>
    </originUncertainty>
  </origin>
  <magnitude publicID="quakeml:eu.emsc/event/20010528_0000003/origin/1425895/mag/2">
    <mag>
      <value>3.3</value>
    </mag>
    <type>MD</type>
    <originID>quakeml:eu.emsc/event/20010528_0000003/origin/1425895</originID>
    <creationInfo>
      <agencyURI>smi:smi-registry/organization/EMSC</agencyURI>
      <authorURI>smi:smi-registry/organization/EMSC</authorURI>
    </creationInfo>
  </magnitude>
</event>
<event publicID="quakeml:eu.emsc/event/20010528_0000002">
  <preferredOriginID>quakeml:eu.emsc/event/20010528_0000002/origin/1430050</preferredOriginID>
  <preferredMagnitudeID>quakeml:eu.emsc/event/20010528_0000002/origin/1430050/mag/2</preferredMagnitudeID>
  <creationInfo>
    <agencyURI>smi:smi-registry/organization/EMSC</agencyURI>
    <authorURI>smi:smi-registry/organization/EMSC</authorURI>
    <creationTime>2014-12-03T11:22:34.16195Z</creationTime>
  </creationInfo>
  <description>
    <text>FYR OF MACEDONIA</text>
    <type>Flinn-Engdahl region</type>
  </description>
  <origin publicID="quakeml:eu.emsc/event/20010528_0000002/origin/1430050">
    <time>
      <value>2001-05-28T06:07:33.1Z</value>
      <uncertainty>0.34</uncertainty>
    </time>
    <latitude>
      <value>41.6377</value>
      <uncertainty>7.2</uncertainty>
    </latitude>
    <longitude>
      <value>22.8344</value>
      <uncertainty>3.8</uncertainty>
    </longitude>
    <depth>
      <value>20000</value>
    </depth>
    <depthType>from location</depthType>
    <methodID>smi:eu.emsc-csem/origin_method/NA</methodID>
    <quality>
      <usedPhaseCount>15</usedPhaseCount>
      <usedStationCount>8</usedStationCount>
      <standardError>0.79</standardError>
      <azimuthalGap>203</azimuthalGap>
      <minimumDistance>0.37</minimumDistance>
      <maximumDistance>1.57</maximumDistance>
    </quality>
    <evaluationMode>manual</evaluationMode>
    <creationInfo>
      <agencyURI>smi:smi-registry/organization/EMSC</agencyURI>
      <authorURI>smi:smi-registry/organization/EMSC</authorURI>
    </creationInfo>
    <originUncertainty>
      <azimuthMaxHorizontalUncertainty>37</azimuthMaxHorizontalUncertainty>
    </originUncertainty>
  </origin>
  <magnitude publicID="quakeml:eu.emsc/event/20010528_0000002/origin/1430050/mag/2">
    <mag>
      <value>2.9</value>
    </mag>
    <type>ML</type>
    <originID>quakeml:eu.emsc/event/20010528_0000002/origin/1430050</originID>
    <creationInfo>
      <agencyURI>smi:smi-registry/organization/EMSC</agencyURI>
      <authorURI>smi:smi-registry/organization/EMSC</authorURI>
    </creationInfo>
  </magnitude>
</event>
<event publicID="quakeml:eu.emsc/event/20010528_0000013">
  <preferredOriginID>quakeml:eu.emsc/event/20010528_0000013/origin/1429393</preferredOriginID>
  <preferredMagnitudeID>quakeml:eu.emsc/event/20010528_0000013/origin/1429393/mag/1</preferredMagnitudeID>
  <creationInfo>
    <agencyURI>smi:smi-registry/organization/EMSC</agencyURI>
    <authorURI>smi:smi-registry/organization/EMSC</authorURI>
    <creationTime>2014-12-03T16:51:38.224467Z</creationTime>
  </creationInfo>
  <description>
    <text>SWITZERLAND</text>
    <type>Flinn-Engdahl region</type>
  </description>
  <origin publicID="quakeml:eu.emsc/event/20010528_0000013/origin/1429393">
    <time>
      <value>2001-05-28T02:03:17.3Z</value>
      <uncertainty>0.22</uncertainty>
    </time>
    <latitude>
      <value>47.2368</value>
      <uncertainty>4.4</uncertainty>
    </latitude>
    <longitude>
      <value>9.355</value>
      <uncertainty>3.4</uncertainty>
    </longitude>
    <depth>
      <value>2000</value>
    </depth>
    <depthType>from location</depthType>
    <methodID>smi:eu.emsc-csem/origin_method/NA</methodID>
    <quality>
      <usedPhaseCount>47</usedPhaseCount>
      <usedStationCount>27</usedStationCount>
      <standardError>1.17</standardError>
      <azimuthalGap>83</azimuthalGap>
      <minimumDistance>0.02</minimumDistance>
      <maximumDistance>4.14</maximumDistance>
    </quality>
    <evaluationMode>manual</evaluationMode>
    <creationInfo>
      <agencyURI>smi:smi-registry/organization/EMSC</agencyURI>
      <authorURI>smi:smi-registry/organization/EMSC</authorURI>
    </creationInfo>
    <originUncertainty>
      <azimuthMaxHorizontalUncertainty>39</azimuthMaxHorizontalUncertainty>
    </originUncertainty>
  </origin>
  <magnitude publicID="quakeml:eu.emsc/event/20010528_0000013/origin/1429393/mag/1">
    <mag>
      <value>2.3</value>
      <uncertainty>0.3</uncertainty>
    </mag>
    <type>ML</type>
    <originID>quakeml:eu.emsc/event/20010528_0000013/origin/1429393</originID>
    <stationCount>9</stationCount>
    <creationInfo>
      <agencyURI>smi:smi-registry/organization/EMSC</agencyURI>
      <authorURI>smi:smi-registry/organization/EMSC</authorURI>
    </creationInfo>
  </magnitude>
</event>
<event publicID="quakeml:eu.emsc/event/20010528_0000001">
  <preferredOriginID>quakeml:eu.emsc/event/20010528_0000001/origin/1430052</preferredOriginID>
  <preferredMagnitudeID>quakeml:eu.emsc/event/20010528_0000001/origin/1430052/mag/2</preferredMagnitudeID>
  <creationInfo>
    <agencyURI>smi:smi-registry/organization/EMSC</agencyURI>
    <authorURI>smi:smi-registry/organization/EMSC</authorURI>
    <creationTime>2014-12-03T10:21:05.593104Z</creationTime>
  </creationInfo>
  <description>
    <text>FYR OF MACEDONIA</text>
    <type>Flinn-Engdahl region</type>
  </description>
  <origin publicID="quakeml:eu.emsc/event/20010528_0000001/origin/1430052">
    <time>
      <value>2001-05-28T01:47:57.6Z</value>
      <uncertainty>0.57</uncertainty>
    </time>
    <latitude>
      <value>41.724</value>
      <uncertainty>9.1</uncertainty>
    </latitude>
    <longitude>
      <value>22.8613</value>
      <uncertainty>5</uncertainty>
    </longitude>
    <depth>
      <value>19200.0</value>
      <uncertainty>0.4</uncertainty>
    </depth>
    <depthType>from location</depthType>
    <methodID>smi:eu.emsc-csem/origin_method/NA</methodID>
    <quality>
      <usedPhaseCount>15</usedPhaseCount>
      <usedStationCount>8</usedStationCount>
      <standardError>0.87</standardError>
      <azimuthalGap>213</azimuthalGap>
      <minimumDistance>0.46</minimumDistance>
      <maximumDistance>1.63</maximumDistance>
    </quality>
    <evaluationMode>manual</evaluationMode>
    <creationInfo>
      <agencyURI>smi:smi-registry/organization/EMSC</agencyURI>
      <authorURI>smi:smi-registry/organization/EMSC</authorURI>
    </creationInfo>
    <originUncertainty>
      <azimuthMaxHorizontalUncertainty>32</azimuthMaxHorizontalUncertainty>
    </originUncertainty>
  </origin>
  <magnitude publicID="quakeml:eu.emsc/event/20010528_0000001/origin/1430052/mag/2">
    <mag>
      <value>3</value>
    </mag>
    <type>ML</type>
    <originID>quakeml:eu.emsc/event/20010528_0000001/origin/1430052</originID>
    <creationInfo>
      <agencyURI>smi:smi-registry/organization/EMSC</agencyURI>
      <authorURI>smi:smi-registry/organization/EMSC</authorURI>
    </creationInfo>
  </magnitude>
</event>
</eventParameters>
</q:quakeml>
