<?xml version="1.0"?>
<q:quakeml xmlns:q="http://quakeml.org/xmlns/quakeml/1.2"  xmlns="http://quakeml.org/xmlns/bed/1.2">
<eventParameters publicID="smi:eu.emsc/unid">
<event publicID="quakeml:eu.emsc/event/20010608_0000018">
  <preferredOriginID>quakeml:eu.emsc/event/20010608_0000018/origin/1425677</preferredOriginID>
  <preferredMagnitudeID>quakeml:eu.emsc/event/20010608_0000018/origin/1425677/mag/2</preferredMagnitudeID>
  <creationInfo>
    <agencyURI>smi:smi-registry/organization/EMSC</agencyURI>
    <authorURI>smi:smi-registry/organization/EMSC</authorURI>
    <creationTime>2014-12-10T12:28:46.982542Z</creationTime>
  </creationInfo>
  <description>
    <text>AEGEAN SEA</text>
    <type>Flinn-Engdahl region</type>
  </description>
  <origin publicID="quakeml:eu.emsc/event/20010608_0000018/origin/1425677">
    <time>
      <value>2001-06-08T23:40:37.3Z</value>
    </time>
    <latitude>
      <value>39.08</value>
      <uncertainty>9999.9</uncertainty>
    </latitude>
    <longitude>
      <value>23.17</value>
      <uncertainty>9999.9</uncertainty>
    </longitude>
    <depth>
      <value>5000</value>
    </depth>
    <depthType>from location</depthType>
    <methodID>smi:eu.emsc-csem/origin_method/NA</methodID>
    <quality>
      <usedPhaseCount>4</usedPhaseCount>
      <usedStationCount>4</usedStationCount>
      <standardError>1.67</standardError>
      <azimuthalGap>265</azimuthalGap>
      <minimumDistance>1.07</minimumDistance>
      <maximumDistance>3.76</maximumDistance>
    </quality>
    <evaluationMode>manual</evaluationMode>
    <creationInfo>
      <agencyURI>smi:smi-registry/organization/EMSC</agencyURI>
      <authorURI>smi:smi-registry/organization/EMSC</authorURI>
    </creationInfo>
    <originUncertainty>
      <azimuthMaxHorizontalUncertainty>-99</azimuthMaxHorizontalUncertainty>
    </originUncertainty>
  </origin>
  <magnitude publicID="quakeml:eu.emsc/event/20010608_0000018/origin/1425677/mag/2">
    <mag>
      <value>3.4</value>
    </mag>
    <type>MD</type>
    <originID>quakeml:eu.emsc/event/20010608_0000018/origin/1425677</originID>
    <creationInfo>
      <agencyURI>smi:smi-registry/organization/EMSC</agencyURI>
      <authorURI>smi:smi-registry/organization/EMSC</authorURI>
    </creationInfo>
  </magnitude>
</event>
<event publicID="quakeml:eu.emsc/event/20010608_0000023">
  <preferredOriginID>quakeml:eu.emsc/event/20010608_0000023/origin/1425679</preferredOriginID>
  <preferredMagnitudeID>quakeml:eu.emsc/event/20010608_0000023/origin/1425679/mag/2</preferredMagnitudeID>
  <creationInfo>
    <agencyURI>smi:smi-registry/organization/EMSC</agencyURI>
    <authorURI>smi:smi-registry/organization/EMSC</authorURI>
    <creationTime>2014-12-10T18:26:43.155872Z</creationTime>
  </creationInfo>
  <description>
    <text>SWITZERLAND</text>
    <type>Flinn-Engdahl region</type>
  </description>
  <origin publicID="quakeml:eu.emsc/event/20010608_0000023/origin/1425679">
    <time>
      <value>2001-06-08T23:15:01.5Z</value>
    </time>
    <latitude>
      <value>46.786</value>
      <uncertainty>9999.9</uncertainty>
    </latitude>
    <longitude>
      <value>8.71</value>
      <uncertainty>9999.9</uncertainty>
    </longitude>
    <depth>
      <value>1600.0</value>
    </depth>
    <depthType>from location</depthType>
    <methodID>smi:eu.emsc-csem/origin_method/NA</methodID>
    <quality>
      <usedPhaseCount>10</usedPhaseCount>
      <usedStationCount>4</usedStationCount>
      <standardError>0.23</standardError>
      <azimuthalGap>226</azimuthalGap>
      <minimumDistance>0.19</minimumDistance>
      <maximumDistance>0.53</maximumDistance>
    </quality>
    <evaluationMode>manual</evaluationMode>
    <creationInfo>
      <agencyURI>smi:smi-registry/organization/EMSC</agencyURI>
      <authorURI>smi:smi-registry/organization/EMSC</authorURI>
    </creationInfo>
    <originUncertainty>
      <azimuthMaxHorizontalUncertainty>-99</azimuthMaxHorizontalUncertainty>
    </originUncertainty>
  </origin>
  <magnitude publicID="quakeml:eu.emsc/event/20010608_0000023/origin/1425679/mag/2">
    <mag>
      <value>1.4</value>
    </mag>
    <type>ML</type>
    <originID>quakeml:eu.emsc/event/20010608_0000023/origin/1425679</originID>
    <stationCount>2</stationCount>
    <creationInfo>
      <agencyURI>smi:smi-registry/organization/EMSC</agencyURI>
      <authorURI>smi:smi-registry/organization/EMSC</authorURI>
    </creationInfo>
  </magnitude>
</event>
<event publicID="quakeml:eu.emsc/event/20010608_0000021">
  <preferredOriginID>quakeml:eu.emsc/event/20010608_0000021/origin/1425681</preferredOriginID>
  <preferredMagnitudeID>quakeml:eu.emsc/event/20010608_0000021/origin/1425681/mag/2</preferredMagnitudeID>
  <creationInfo>
    <agencyURI>smi:smi-registry/organization/EMSC</agencyURI>
    <authorURI>smi:smi-registry/organization/EMSC</authorURI>
    <creationTime>2014-12-10T18:26:42.66312Z</creationTime>
  </creationInfo>
  <description>
    <text>FRANCE</text>
    <type>Flinn-Engdahl region</type>
  </description>
  <origin publicID="quakeml:eu.emsc/event/20010608_0000021/origin/1425681">
    <time>
      <value>2001-06-08T23:07:03.8Z</value>
    </time>
    <latitude>
      <value>46.6744</value>
      <uncertainty>9999.9</uncertainty>
    </latitude>
    <longitude>
      <value>-1.0567</value>
      <uncertainty>9999.9</uncertainty>
    </longitude>
    <depth>
      <value>3000</value>
    </depth>
    <depthType>from location</depthType>
    <methodID>smi:eu.emsc-csem/origin_method/NA</methodID>
    <quality>
      <usedPhaseCount>33</usedPhaseCount>
      <usedStationCount>15</usedStationCount>
      <standardError>2.01</standardError>
      <azimuthalGap>168</azimuthalGap>
      <minimumDistance>0.63</minimumDistance>
      <maximumDistance>3.42</maximumDistance>
    </quality>
    <evaluationMode>manual</evaluationMode>
    <creationInfo>
      <agencyURI>smi:smi-registry/organization/EMSC</agencyURI>
      <authorURI>smi:smi-registry/organization/EMSC</authorURI>
    </creationInfo>
    <originUncertainty>
      <azimuthMaxHorizontalUncertainty>-99</azimuthMaxHorizontalUncertainty>
    </originUncertainty>
  </origin>
  <magnitude publicID="quakeml:eu.emsc/event/20010608_0000021/origin/1425681/mag/2">
    <mag>
      <value>2.8</value>
    </mag>
    <type>MD</type>
    <originID>quakeml:eu.emsc/event/20010608_0000021/origin/1425681</originID>
    <stationCount>3</stationCount>
    <creationInfo>
      <agencyURI>smi:smi-registry/organization/EMSC</agencyURI>
      <authorURI>smi:smi-registry/organization/EMSC</authorURI>
    </creationInfo>
  </magnitude>
</event>
<event publicID="quakeml:eu.emsc/event/20010608_0000017">
  <preferredOriginID>quakeml:eu.emsc/event/20010608_0000017/origin/1430482</preferredOriginID>
  <preferredMagnitudeID>quakeml:eu.emsc/event/20010608_0000017/origin/1430482/mag/1</preferredMagnitudeID>
  <creationInfo>
    <agencyURI>smi:smi-registry/organization/EMSC</agencyURI>
    <authorURI>smi:smi-registry/organization/EMSC</authorURI>
    <creationTime>2014-12-03T12:12:47.869526Z</creationTime>
  </creationInfo>
  <description>
    <text>GREENLAND SEA</text>
    <type>Flinn-Engdahl region</type>
  </description>
  <origin publicID="quakeml:eu.emsc/event/20010608_0000017/origin/1430482">
    <time>
      <value>2001-06-08T21:56:21.9Z</value>
      <uncertainty>0.18</uncertainty>
    </time>
    <latitude>
      <value>73.0205</value>
      <uncertainty>11.9</uncertainty>
    </latitude>
    <longitude>
      <value>5.5542</value>
      <uncertainty>5.8</uncertainty>
    </longitude>
    <depth>
      <value>30100.0</value>
    </depth>
    <depthType>from location</depthType>
    <methodID>smi:eu.emsc-csem/origin_method/NA</methodID>
    <quality>
      <usedPhaseCount>60</usedPhaseCount>
      <usedStationCount>59</usedStationCount>
      <standardError>1.14</standardError>
      <azimuthalGap>85</azimuthalGap>
      <minimumDistance>5.83</minimumDistance>
      <maximumDistance>55.15</maximumDistance>
    </quality>
    <evaluationMode>manual</evaluationMode>
    <creationInfo>
      <agencyURI>smi:smi-registry/organization/EMSC</agencyURI>
      <authorURI>smi:smi-registry/organization/EMSC</authorURI>
    </creationInfo>
    <originUncertainty>
      <azimuthMaxHorizontalUncertainty>78</azimuthMaxHorizontalUncertainty>
    </originUncertainty>
  </origin>
  <magnitude publicID="quakeml:eu.emsc/event/20010608_0000017/origin/1430482/mag/1">
    <mag>
      <value>4.8</value>
      <uncertainty>0.3</uncertainty>
    </mag>
    <type>mb</type>
    <originID>quakeml:eu.emsc/event/20010608_0000017/origin/1430482</originID>
    <stationCount>19</stationCount>
    <creationInfo>
      <agencyURI>smi:smi-registry/organization/EMSC</agencyURI>
      <authorURI>smi:smi-registry/organization/EMSC</authorURI>
    </creationInfo>
  </magnitude>
</event>
<event publicID="quakeml:eu.emsc/event/20010608_0000016">
  <preferredOriginID>quakeml:eu.emsc/event/20010608_0000016/origin/1429018</preferredOriginID>
  <preferredMagnitudeID>quakeml:eu.emsc/event/20010608_0000016/origin/1429018/mag/1</preferredMagnitudeID>
  <creationInfo>
    <agencyURI>smi:smi-registry/organization/EMSC</agencyURI>
    <authorURI>smi:smi-registry/organization/EMSC</authorURI>
    <creationTime>2014-12-03T10:59:34.708608Z</creationTime>
  </creationInfo>
  <description>
    <text>AUSTRIA</text>
    <type>Flinn-Engdahl region</type>
  </description>
  <origin publicID="quakeml:eu.emsc/event/20010608_0000016/origin/1429018">
    <time>
      <value>2001-06-08T20:45:30.1Z</value>
      <uncertainty>0.11</uncertainty>
    </time>
    <latitude>
      <value>47.277</value>
      <uncertainty>2.4</uncertainty>
    </latitude>
    <longitude>
      <value>10.6647</value>
      <uncertainty>1.9</uncertainty>
    </longitude>
    <depth>
      <value>5000</value>
    </depth>
    <depthType>from location</depthType>
    <methodID>smi:eu.emsc-csem/origin_method/NA</methodID>
    <quality>
      <usedPhaseCount>106</usedPhaseCount>
      <usedStationCount>59</usedStationCount>
      <standardError>1</standardError>
      <azimuthalGap>54</azimuthalGap>
      <minimumDistance>0.31</minimumDistance>
      <maximumDistance>6.43</maximumDistance>
    </quality>
    <evaluationMode>manual</evaluationMode>
    <creationInfo>
      <agencyURI>smi:smi-registry/organization/EMSC</agencyURI>
      <authorURI>smi:smi-registry/organization/EMSC</authorURI>
    </creationInfo>
    <originUncertainty>
      <azimuthMaxHorizontalUncertainty>166</azimuthMaxHorizontalUncertainty>
    </originUncertainty>
  </origin>
  <magnitude publicID="quakeml:eu.emsc/event/20010608_0000016/origin/1429018/mag/1">
    <mag>
      <value>3</value>
      <uncertainty>0.4</uncertainty>
    </mag>
    <type>ML</type>
    <originID>quakeml:eu.emsc/event/20010608_0000016/origin/1429018</originID>
    <stationCount>5</stationCount>
    <creationInfo>
      <agencyURI>smi:smi-registry/organization/EMSC</agencyURI>
      <authorURI>smi:smi-registry/organization/EMSC</authorURI>
    </creationInfo>
  </magnitude>
</event>
<event publicID="quakeml:eu.emsc/event/20010608_0000015">
  <preferredOriginID>quakeml:eu.emsc/event/20010608_0000015/origin/1429021</preferredOriginID>
  <preferredMagnitudeID>quakeml:eu.emsc/event/20010608_0000015/origin/1429021/mag/2</preferredMagnitudeID>
  <creationInfo>
    <agencyURI>smi:smi-registry/organization/EMSC</agencyURI>
    <authorURI>smi:smi-registry/organization/EMSC</authorURI>
    <creationTime>2014-12-03T10:37:53.412855Z</creationTime>
  </creationInfo>
  <description>
    <text>SPAIN</text>
    <type>Flinn-Engdahl region</type>
  </description>
  <origin publicID="quakeml:eu.emsc/event/20010608_0000015/origin/1429021">
    <time>
      <value>2001-06-08T18:38:08.1Z</value>
      <uncertainty>0.13</uncertainty>
    </time>
    <latitude>
      <value>40.7775</value>
      <uncertainty>3.8</uncertainty>
    </latitude>
    <longitude>
      <value>-6.9797</value>
      <uncertainty>2.5</uncertainty>
    </longitude>
    <depth>
      <value>8000</value>
    </depth>
    <depthType>from location</depthType>
    <methodID>smi:eu.emsc-csem/origin_method/NA</methodID>
    <quality>
      <usedPhaseCount>24</usedPhaseCount>
      <usedStationCount>15</usedStationCount>
      <standardError>0.59</standardError>
      <azimuthalGap>77</azimuthalGap>
      <minimumDistance>0.57</minimumDistance>
      <maximumDistance>3.74</maximumDistance>
    </quality>
    <evaluationMode>manual</evaluationMode>
    <creationInfo>
      <agencyURI>smi:smi-registry/organization/EMSC</agencyURI>
      <authorURI>smi:smi-registry/organization/EMSC</authorURI>
    </creationInfo>
    <originUncertainty>
      <azimuthMaxHorizontalUncertainty>42</azimuthMaxHorizontalUncertainty>
    </originUncertainty>
  </origin>
  <magnitude publicID="quakeml:eu.emsc/event/20010608_0000015/origin/1429021/mag/2">
    <mag>
      <value>3.6</value>
      <uncertainty>0.3</uncertainty>
    </mag>
    <type>mb</type>
    <originID>quakeml:eu.emsc/event/20010608_0000015/origin/1429021</originID>
    <stationCount>7</stationCount>
    <creationInfo>
      <agencyURI>smi:smi-registry/organization/EMSC</agencyURI>
      <authorURI>smi:smi-registry/organization/EMSC</authorURI>
    </creationInfo>
  </magnitude>
</event>
<event publicID="quakeml:eu.emsc/event/20010608_0000013">
  <preferredOriginID>quakeml:eu.emsc/event/20010608_0000013/origin/1429024</preferredOriginID>
  <preferredMagnitudeID>quakeml:eu.emsc/event/20010608_0000013/origin/1429024/mag/1</preferredMagnitudeID>
  <creationInfo>
    <agencyURI>smi:smi-registry/organization/EMSC</agencyURI>
    <authorURI>smi:smi-registry/organization/EMSC</authorURI>
    <creationTime>2014-12-03T12:20:05.300993Z</creationTime>
  </creationInfo>
  <description>
    <text>FRANCE</text>
    <type>Flinn-Engdahl region</type>
  </description>
  <origin publicID="quakeml:eu.emsc/event/20010608_0000013/origin/1429024">
    <time>
      <value>2001-06-08T18:00:39.0Z</value>
      <uncertainty>0.14</uncertainty>
    </time>
    <latitude>
      <value>46.6474</value>
      <uncertainty>3.2</uncertainty>
    </latitude>
    <longitude>
      <value>-1.0712</value>
      <uncertainty>2</uncertainty>
    </longitude>
    <depth>
      <value>2000</value>
    </depth>
    <depthType>from location</depthType>
    <methodID>smi:eu.emsc-csem/origin_method/NA</methodID>
    <quality>
      <usedPhaseCount>65</usedPhaseCount>
      <usedStationCount>25</usedStationCount>
      <standardError>1.01</standardError>
      <azimuthalGap>138</azimuthalGap>
      <minimumDistance>0.64</minimumDistance>
      <maximumDistance>5.16</maximumDistance>
    </quality>
    <evaluationMode>manual</evaluationMode>
    <creationInfo>
      <agencyURI>smi:smi-registry/organization/EMSC</agencyURI>
      <authorURI>smi:smi-registry/organization/EMSC</authorURI>
    </creationInfo>
    <originUncertainty>
      <azimuthMaxHorizontalUncertainty>50</azimuthMaxHorizontalUncertainty>
    </originUncertainty>
  </origin>
  <magnitude publicID="quakeml:eu.emsc/event/20010608_0000013/origin/1429024/mag/1">
    <mag>
      <value>3</value>
      <uncertainty>0.3</uncertainty>
    </mag>
    <type>ML</type>
    <originID>quakeml:eu.emsc/event/20010608_0000013/origin/1429024</originID>
    <stationCount>20</stationCount>
    <creationInfo>
      <agencyURI>smi:smi-registry/organization/EMSC</agencyURI>
      <authorURI>smi:smi-registry/organization/EMSC</authorURI>
    </creationInfo>
  </magnitude>
</event>
<event publicID="quakeml:eu.emsc/event/20010608_0000012">
  <preferredOriginID>quakeml:eu.emsc/event/20010608_0000012/origin/1425683</preferredOriginID>
  <preferredMagnitudeID>quakeml:eu.emsc/event/20010608_0000012/origin/1425683/mag/2</preferredMagnitudeID>
  <creationInfo>
    <agencyURI>smi:smi-registry/organization/EMSC</agencyURI>
    <authorURI>smi:smi-registry/organization/EMSC</authorURI>
    <creationTime>2014-12-10T12:28:32.269659Z</creationTime>
  </creationInfo>
  <description>
    <text>WESTERN TURKEY</text>
    <type>Flinn-Engdahl region</type>
  </description>
  <origin publicID="quakeml:eu.emsc/event/20010608_0000012/origin/1425683">
    <time>
      <value>2001-06-08T17:05:55.2Z</value>
    </time>
    <latitude>
      <value>39.3</value>
      <uncertainty>9999.9</uncertainty>
    </latitude>
    <longitude>
      <value>27.875</value>
      <uncertainty>9999.9</uncertainty>
    </longitude>
    <depth>
      <value>10000</value>
    </depth>
    <depthType>from location</depthType>
    <methodID>smi:eu.emsc-csem/origin_method/NA</methodID>
    <quality>
      <usedPhaseCount>11</usedPhaseCount>
      <usedStationCount>10</usedStationCount>
      <standardError>1.81</standardError>
      <azimuthalGap>131</azimuthalGap>
      <minimumDistance>0.65</minimumDistance>
      <maximumDistance>1.82</maximumDistance>
    </quality>
    <evaluationMode>manual</evaluationMode>
    <creationInfo>
      <agencyURI>smi:smi-registry/organization/EMSC</agencyURI>
      <authorURI>smi:smi-registry/organization/EMSC</authorURI>
    </creationInfo>
    <originUncertainty>
      <azimuthMaxHorizontalUncertainty>-99</azimuthMaxHorizontalUncertainty>
    </originUncertainty>
  </origin>
  <magnitude publicID="quakeml:eu.emsc/event/20010608_0000012/origin/1425683/mag/2">
    <mag>
      <value>3.1</value>
    </mag>
    <type>MD</type>
    <originID>quakeml:eu.emsc/event/20010608_0000012/origin/1425683</originID>
    <creationInfo>
      <agencyURI>smi:smi-registry/organization/EMSC</agencyURI>
      <authorURI>smi:smi-registry/organization/EMSC</authorURI>
    </creationInfo>
  </magnitude>
</event>
<event publicID="quakeml:eu.emsc/event/20010608_0000020">
  <preferredOriginID>quakeml:eu.emsc/event/20010608_0000020/origin/1425685</preferredOriginID>
  <preferredMagnitudeID>quakeml:eu.emsc/event/20010608_0000020/origin/1425685/mag/2</preferredMagnitudeID>
  <creationInfo>
    <agencyURI>smi:smi-registry/organization/EMSC</agencyURI>
    <authorURI>smi:smi-registry/organization/EMSC</authorURI>
    <creationTime>2014-12-10T18:26:42.120533Z</creationTime>
  </creationInfo>
  <description>
    <text>FRANCE</text>
    <type>Flinn-Engdahl region</type>
  </description>
  <origin publicID="quakeml:eu.emsc/event/20010608_0000020/origin/1425685">
    <time>
      <value>2001-06-08T16:41:09.0Z</value>
    </time>
    <latitude>
      <value>47.4449</value>
      <uncertainty>9999.9</uncertainty>
    </latitude>
    <longitude>
      <value>5.0667</value>
      <uncertainty>9999.9</uncertainty>
    </longitude>
    <depth>
      <value>3000</value>
    </depth>
    <depthType>from location</depthType>
    <methodID>smi:eu.emsc-csem/origin_method/NA</methodID>
    <quality>
      <usedPhaseCount>27</usedPhaseCount>
      <usedStationCount>10</usedStationCount>
      <standardError>1.32</standardError>
      <azimuthalGap>151</azimuthalGap>
      <minimumDistance>0.84</minimumDistance>
      <maximumDistance>2.28</maximumDistance>
    </quality>
    <evaluationMode>manual</evaluationMode>
    <creationInfo>
      <agencyURI>smi:smi-registry/organization/EMSC</agencyURI>
      <authorURI>smi:smi-registry/organization/EMSC</authorURI>
    </creationInfo>
    <originUncertainty>
      <azimuthMaxHorizontalUncertainty>-99</azimuthMaxHorizontalUncertainty>
    </originUncertainty>
  </origin>
  <magnitude publicID="quakeml:eu.emsc/event/20010608_0000020/origin/1425685/mag/2">
    <mag>
      <value>2.1</value>
    </mag>
    <type>MD</type>
    <originID>quakeml:eu.emsc/event/20010608_0000020/origin/1425685</originID>
    <stationCount>4</stationCount>
    <creationInfo>
      <agencyURI>smi:smi-registry/organization/EMSC</agencyURI>
      <authorURI>smi:smi-registry/organization/EMSC</authorURI>
    </creationInfo>
  </magnitude>
</event>
<event publicID="quakeml:eu.emsc/event/20010608_0000011">
  <preferredOriginID>quakeml:eu.emsc/event/20010608_0000011/origin/1429027</preferredOriginID>
  <preferredMagnitudeID>quakeml:eu.emsc/event/20010608_0000011/origin/1429027/mag/1</preferredMagnitudeID>
  <creationInfo>
    <agencyURI>smi:smi-registry/organization/EMSC</agencyURI>
    <authorURI>smi:smi-registry/organization/EMSC</authorURI>
    <creationTime>2014-12-03T11:18:57.940796Z</creationTime>
  </creationInfo>
  <description>
    <text>STRAIT OF GIBRALTAR</text>
    <type>Flinn-Engdahl region</type>
  </description>
  <origin publicID="quakeml:eu.emsc/event/20010608_0000011/origin/1429027">
    <time>
      <value>2001-06-08T16:22:26.7Z</value>
      <uncertainty>0.6</uncertainty>
    </time>
    <latitude>
      <value>36.0752</value>
      <uncertainty>12</uncertainty>
    </latitude>
    <longitude>
      <value>-3.8876</value>
      <uncertainty>5.4</uncertainty>
    </longitude>
    <depth>
      <value>2000</value>
    </depth>
    <depthType>from location</depthType>
    <methodID>smi:eu.emsc-csem/origin_method/NA</methodID>
    <quality>
      <usedPhaseCount>28</usedPhaseCount>
      <usedStationCount>19</usedStationCount>
      <standardError>0.93</standardError>
      <azimuthalGap>230</azimuthalGap>
      <minimumDistance>0.8</minimumDistance>
      <maximumDistance>3.59</maximumDistance>
    </quality>
    <evaluationMode>manual</evaluationMode>
    <creationInfo>
      <agencyURI>smi:smi-registry/organization/EMSC</agencyURI>
      <authorURI>smi:smi-registry/organization/EMSC</authorURI>
    </creationInfo>
    <originUncertainty>
      <azimuthMaxHorizontalUncertainty>165</azimuthMaxHorizontalUncertainty>
    </originUncertainty>
  </origin>
  <magnitude publicID="quakeml:eu.emsc/event/20010608_0000011/origin/1429027/mag/1">
    <mag>
      <value>2.9</value>
      <uncertainty>0.3</uncertainty>
    </mag>
    <type>ML</type>
    <originID>quakeml:eu.emsc/event/20010608_0000011/origin/1429027</originID>
    <stationCount>9</stationCount>
    <creationInfo>
      <agencyURI>smi:smi-registry/organization/EMSC</agencyURI>
      <authorURI>smi:smi-registry/organization/EMSC</authorURI>
    </creationInfo>
  </magnitude>
</event>
<event publicID="quakeml:eu.emsc/event/20010608_0000010">
  <preferredOriginID>quakeml:eu.emsc/event/20010608_0000010/origin/1425687</preferredOriginID>
  <preferredMagnitudeID>quakeml:eu.emsc/event/20010608_0000010/origin/1425687/mag/2</preferredMagnitudeID>
  <creationInfo>
    <agencyURI>smi:smi-registry/organization/EMSC</agencyURI>
    <authorURI>smi:smi-registry/organization/EMSC</authorURI>
    <creationTime>2014-12-10T12:28:29.248544Z</creationTime>
  </creationInfo>
  <description>
    <text>EASTERN TURKEY</text>
    <type>Flinn-Engdahl region</type>
  </description>
  <origin publicID="quakeml:eu.emsc/event/20010608_0000010/origin/1425687">
    <time>
      <value>2001-06-08T15:46:48.7Z</value>
    </time>
    <latitude>
      <value>37.562</value>
      <uncertainty>9999.9</uncertainty>
    </latitude>
    <longitude>
      <value>38.473</value>
      <uncertainty>9999.9</uncertainty>
    </longitude>
    <depth>
      <value>10000</value>
    </depth>
    <depthType>from location</depthType>
    <methodID>smi:eu.emsc-csem/origin_method/NA</methodID>
    <quality>
      <usedPhaseCount>7</usedPhaseCount>
      <usedStationCount>5</usedStationCount>
      <standardError>1.34</standardError>
      <azimuthalGap>158</azimuthalGap>
      <minimumDistance>0.76</minimumDistance>
      <maximumDistance>2.47</maximumDistance>
    </quality>
    <evaluationMode>manual</evaluationMode>
    <creationInfo>
      <agencyURI>smi:smi-registry/organization/EMSC</agencyURI>
      <authorURI>smi:smi-registry/organization/EMSC</authorURI>
    </creationInfo>
    <originUncertainty>
      <azimuthMaxHorizontalUncertainty>-99</azimuthMaxHorizontalUncertainty>
    </originUncertainty>
  </origin>
  <magnitude publicID="quakeml:eu.emsc/event/20010608_0000010/origin/1425687/mag/2">
    <mag>
      <value>3.1</value>
    </mag>
    <type>MD</type>
    <originID>quakeml:eu.emsc/event/20010608_0000010/origin/1425687</originID>
    <creationInfo>
      <agencyURI>smi:smi-registry/organization/EMSC</agencyURI>
      <authorURI>smi:smi-registry/organization/EMSC</authorURI>
    </creationInfo>
  </magnitude>
</event>
<event publicID="quakeml:eu.emsc/event/20010608_0000008">
  <preferredOriginID>quakeml:eu.emsc/event/20010608_0000008/origin/1429030</preferredOriginID>
  <preferredMagnitudeID>quakeml:eu.emsc/event/20010608_0000008/origin/1429030/mag/2</preferredMagnitudeID>
  <creationInfo>
    <agencyURI>smi:smi-registry/organization/EMSC</agencyURI>
    <authorURI>smi:smi-registry/organization/EMSC</authorURI>
    <creationTime>2014-12-03T11:43:04.585529Z</creationTime>
  </creationInfo>
  <description>
    <text>SOUTHERN GREECE</text>
    <type>Flinn-Engdahl region</type>
  </description>
  <origin publicID="quakeml:eu.emsc/event/20010608_0000008/origin/1429030">
    <time>
      <value>2001-06-08T15:24:41.1Z</value>
      <uncertainty>0.95</uncertainty>
    </time>
    <latitude>
      <value>36.1073</value>
      <uncertainty>29.3</uncertainty>
    </latitude>
    <longitude>
      <value>22.1588</value>
      <uncertainty>10.4</uncertainty>
    </longitude>
    <depth>
      <value>10000</value>
    </depth>
    <depthType>from location</depthType>
    <methodID>smi:eu.emsc-csem/origin_method/NA</methodID>
    <quality>
      <usedPhaseCount>10</usedPhaseCount>
      <usedStationCount>10</usedStationCount>
      <standardError>0.94</standardError>
      <azimuthalGap>216</azimuthalGap>
      <minimumDistance>1.09</minimumDistance>
      <maximumDistance>14.45</maximumDistance>
    </quality>
    <evaluationMode>manual</evaluationMode>
    <creationInfo>
      <agencyURI>smi:smi-registry/organization/EMSC</agencyURI>
      <authorURI>smi:smi-registry/organization/EMSC</authorURI>
    </creationInfo>
    <originUncertainty>
      <azimuthMaxHorizontalUncertainty>43</azimuthMaxHorizontalUncertainty>
    </originUncertainty>
  </origin>
  <magnitude publicID="quakeml:eu.emsc/event/20010608_0000008/origin/1429030/mag/2">
    <mag>
      <value>3.7</value>
    </mag>
    <type>mb</type>
    <originID>quakeml:eu.emsc/event/20010608_0000008/origin/1429030</originID>
    <stationCount>6</stationCount>
    <creationInfo>
      <agencyURI>smi:smi-registry/organization/EMSC</agencyURI>
      <authorURI>smi:smi-registry/organization/EMSC</authorURI>
    </creationInfo>
  </magnitude>
</event>
<event publicID="quakeml:eu.emsc/event/20010608_0000007">
  <preferredOriginID>quakeml:eu.emsc/event/20010608_0000007/origin/1430412</preferredOriginID>
  <preferredMagnitudeID>quakeml:eu.emsc/event/20010608_0000007/origin/1430412/mag/2</preferredMagnitudeID>
  <creationInfo>
    <agencyURI>smi:smi-registry/organization/EMSC</agencyURI>
    <authorURI>smi:smi-registry/organization/EMSC</authorURI>
    <creationTime>2014-12-03T11:07:41.294661Z</creationTime>
  </creationInfo>
  <description>
    <text>SOUTHERN GREECE</text>
    <type>Flinn-Engdahl region</type>
  </description>
  <origin publicID="quakeml:eu.emsc/event/20010608_0000007/origin/1430412">
    <time>
      <value>2001-06-08T15:08:28.9Z</value>
      <uncertainty>0.5</uncertainty>
    </time>
    <latitude>
      <value>36.2245</value>
      <uncertainty>13</uncertainty>
    </latitude>
    <longitude>
      <value>22.1388</value>
      <uncertainty>6</uncertainty>
    </longitude>
    <depth>
      <value>69900.0</value>
      <uncertainty>4.2</uncertainty>
    </depth>
    <depthType>from location</depthType>
    <methodID>smi:eu.emsc-csem/origin_method/NA</methodID>
    <quality>
      <usedPhaseCount>97</usedPhaseCount>
      <usedStationCount>91</usedStationCount>
      <standardError>1.31</standardError>
      <azimuthalGap>197</azimuthalGap>
      <minimumDistance>1.86</minimumDistance>
      <maximumDistance>33.69</maximumDistance>
    </quality>
    <evaluationMode>manual</evaluationMode>
    <creationInfo>
      <agencyURI>smi:smi-registry/organization/EMSC</agencyURI>
      <authorURI>smi:smi-registry/organization/EMSC</authorURI>
    </creationInfo>
    <originUncertainty>
      <azimuthMaxHorizontalUncertainty>2</azimuthMaxHorizontalUncertainty>
    </originUncertainty>
  </origin>
  <magnitude publicID="quakeml:eu.emsc/event/20010608_0000007/origin/1430412/mag/2">
    <mag>
      <value>4.6</value>
      <uncertainty>0.1</uncertainty>
    </mag>
    <type>mb</type>
    <originID>quakeml:eu.emsc/event/20010608_0000007/origin/1430412</originID>
    <stationCount>4</stationCount>
    <creationInfo>
      <agencyURI>smi:smi-registry/organization/EMSC</agencyURI>
      <authorURI>smi:smi-registry/organization/EMSC</authorURI>
    </creationInfo>
  </magnitude>
</event>
<event publicID="quakeml:eu.emsc/event/20010608_0000022">
  <preferredOriginID>quakeml:eu.emsc/event/20010608_0000022/origin/1428313</preferredOriginID>
  <preferredMagnitudeID>quakeml:eu.emsc/event/20010608_0000022/origin/1428313/mag/1</preferredMagnitudeID>
  <creationInfo>
    <agencyURI>smi:smi-registry/organization/EMSC</agencyURI>
    <authorURI>smi:smi-registry/organization/EMSC</authorURI>
    <creationTime>2014-12-03T16:04:40.661397Z</creationTime>
  </creationInfo>
  <description>
    <text>FRANCE</text>
    <type>Flinn-Engdahl region</type>
  </description>
  <origin publicID="quakeml:eu.emsc/event/20010608_0000022/origin/1428313">
    <time>
      <value>2001-06-08T14:32:44.6Z</value>
      <uncertainty>0.16</uncertainty>
    </time>
    <latitude>
      <value>46.659</value>
      <uncertainty>4.1</uncertainty>
    </latitude>
    <longitude>
      <value>-1.0598</value>
      <uncertainty>2.4</uncertainty>
    </longitude>
    <depth>
      <value>5000</value>
    </depth>
    <depthType>from location</depthType>
    <methodID>smi:eu.emsc-csem/origin_method/NA</methodID>
    <quality>
      <usedPhaseCount>58</usedPhaseCount>
      <usedStationCount>23</usedStationCount>
      <standardError>1.07</standardError>
      <azimuthalGap>137</azimuthalGap>
      <minimumDistance>0.63</minimumDistance>
      <maximumDistance>4.4</maximumDistance>
    </quality>
    <evaluationMode>manual</evaluationMode>
    <creationInfo>
      <agencyURI>smi:smi-registry/organization/EMSC</agencyURI>
      <authorURI>smi:smi-registry/organization/EMSC</authorURI>
    </creationInfo>
    <originUncertainty>
      <azimuthMaxHorizontalUncertainty>50</azimuthMaxHorizontalUncertainty>
    </originUncertainty>
  </origin>
  <magnitude publicID="quakeml:eu.emsc/event/20010608_0000022/origin/1428313/mag/1">
    <mag>
      <value>2.8</value>
      <uncertainty>0.3</uncertainty>
    </mag>
    <type>ML</type>
    <originID>quakeml:eu.emsc/event/20010608_0000022/origin/1428313</originID>
    <stationCount>18</stationCount>
    <creationInfo>
      <agencyURI>smi:smi-registry/organization/EMSC</agencyURI>
      <authorURI>smi:smi-registry/organization/EMSC</authorURI>
    </creationInfo>
  </magnitude>
</event>
<event publicID="quakeml:eu.emsc/event/20010608_0000005">
  <preferredOriginID>quakeml:eu.emsc/event/20010608_0000005/origin/1429038</preferredOriginID>
  <preferredMagnitudeID>quakeml:eu.emsc/event/20010608_0000005/origin/1429038/mag/1</preferredMagnitudeID>
  <creationInfo>
    <agencyURI>smi:smi-registry/organization/EMSC</agencyURI>
    <authorURI>smi:smi-registry/organization/EMSC</authorURI>
    <creationTime>2014-12-03T11:41:09.527924Z</creationTime>
  </creationInfo>
  <description>
    <text>STRAIT OF GIBRALTAR</text>
    <type>Flinn-Engdahl region</type>
  </description>
  <origin publicID="quakeml:eu.emsc/event/20010608_0000005/origin/1429038">
    <time>
      <value>2001-06-08T13:47:35.1Z</value>
      <uncertainty>0.29</uncertainty>
    </time>
    <latitude>
      <value>35.6648</value>
      <uncertainty>6.3</uncertainty>
    </latitude>
    <longitude>
      <value>-3.7453</value>
      <uncertainty>5.3</uncertainty>
    </longitude>
    <depth>
      <value>10000</value>
    </depth>
    <depthType>from location</depthType>
    <methodID>smi:eu.emsc-csem/origin_method/NA</methodID>
    <quality>
      <usedPhaseCount>66</usedPhaseCount>
      <usedStationCount>45</usedStationCount>
      <standardError>1.41</standardError>
      <azimuthalGap>93</azimuthalGap>
      <minimumDistance>0.76</minimumDistance>
      <maximumDistance>10.26</maximumDistance>
    </quality>
    <evaluationMode>manual</evaluationMode>
    <creationInfo>
      <agencyURI>smi:smi-registry/organization/EMSC</agencyURI>
      <authorURI>smi:smi-registry/organization/EMSC</authorURI>
    </creationInfo>
    <originUncertainty>
      <azimuthMaxHorizontalUncertainty>177</azimuthMaxHorizontalUncertainty>
    </originUncertainty>
  </origin>
  <magnitude publicID="quakeml:eu.emsc/event/20010608_0000005/origin/1429038/mag/1">
    <mag>
      <value>3.8</value>
      <uncertainty>0.3</uncertainty>
    </mag>
    <type>ML</type>
    <originID>quakeml:eu.emsc/event/20010608_0000005/origin/1429038</originID>
    <stationCount>8</stationCount>
    <creationInfo>
      <agencyURI>smi:smi-registry/organization/EMSC</agencyURI>
      <authorURI>smi:smi-registry/organization/EMSC</authorURI>
    </creationInfo>
  </magnitude>
</event>
<event publicID="quakeml:eu.emsc/event/20010608_0000004">
  <preferredOriginID>quakeml:eu.emsc/event/20010608_0000004/origin/1429042</preferredOriginID>
  <preferredMagnitudeID>quakeml:eu.emsc/event/20010608_0000004/origin/1429042/mag/1</preferredMagnitudeID>
  <creationInfo>
    <agencyURI>smi:smi-registry/organization/EMSC</agencyURI>
    <authorURI>smi:smi-registry/organization/EMSC</authorURI>
    <creationTime>2014-12-03T10:33:19.894175Z</creationTime>
  </creationInfo>
  <description>
    <text>FRANCE</text>
    <type>Flinn-Engdahl region</type>
  </description>
  <origin publicID="quakeml:eu.emsc/event/20010608_0000004/origin/1429042">
    <time>
      <value>2001-06-08T13:35:43.4Z</value>
      <uncertainty>0.2</uncertainty>
    </time>
    <latitude>
      <value>46.6846</value>
      <uncertainty>5</uncertainty>
    </latitude>
    <longitude>
      <value>-1.0461</value>
      <uncertainty>3.1</uncertainty>
    </longitude>
    <depth>
      <value>10000</value>
    </depth>
    <depthType>from location</depthType>
    <methodID>smi:eu.emsc-csem/origin_method/NA</methodID>
    <quality>
      <usedPhaseCount>44</usedPhaseCount>
      <usedStationCount>24</usedStationCount>
      <standardError>1.2</standardError>
      <azimuthalGap>115</azimuthalGap>
      <minimumDistance>0.21</minimumDistance>
      <maximumDistance>4.4</maximumDistance>
    </quality>
    <evaluationMode>manual</evaluationMode>
    <creationInfo>
      <agencyURI>smi:smi-registry/organization/EMSC</agencyURI>
      <authorURI>smi:smi-registry/organization/EMSC</authorURI>
    </creationInfo>
    <originUncertainty>
      <azimuthMaxHorizontalUncertainty>55</azimuthMaxHorizontalUncertainty>
    </originUncertainty>
  </origin>
  <magnitude publicID="quakeml:eu.emsc/event/20010608_0000004/origin/1429042/mag/1">
    <mag>
      <value>3.3</value>
      <uncertainty>0.3</uncertainty>
    </mag>
    <type>ML</type>
    <originID>quakeml:eu.emsc/event/20010608_0000004/origin/1429042</originID>
    <stationCount>14</stationCount>
    <creationInfo>
      <agencyURI>smi:smi-registry/organization/EMSC</agencyURI>
      <authorURI>smi:smi-registry/organization/EMSC</authorURI>
    </creationInfo>
  </magnitude>
</event>
<event publicID="quakeml:eu.emsc/event/20010608_0000003">
  <preferredOriginID>quakeml:eu.emsc/event/20010608_0000003/origin/1434474</preferredOriginID>
  <preferredMagnitudeID>quakeml:eu.emsc/event/20010608_0000003/origin/1434474/mag/1</preferredMagnitudeID>
  <creationInfo>
    <agencyURI>smi:smi-registry/organization/EMSC</agencyURI>
    <authorURI>smi:smi-registry/organization/EMSC</authorURI>
    <creationTime>2014-12-03T11:56:06.782718Z</creationTime>
  </creationInfo>
  <description>
    <text>FRANCE</text>
    <type>Flinn-Engdahl region</type>
  </description>
  <origin publicID="quakeml:eu.emsc/event/20010608_0000003/origin/1434474">
    <time>
      <value>2001-06-08T13:26:51.2Z</value>
      <uncertainty>0.12</uncertainty>
    </time>
    <latitude>
      <value>46.6851</value>
      <uncertainty>2.8</uncertainty>
    </latitude>
    <longitude>
      <value>-1.0779</value>
      <uncertainty>2.2</uncertainty>
    </longitude>
    <depth>
      <value>2000</value>
    </depth>
    <depthType>from location</depthType>
    <methodID>smi:eu.emsc-csem/origin_method/NA</methodID>
    <quality>
      <usedPhaseCount>209</usedPhaseCount>
      <usedStationCount>141</usedStationCount>
      <standardError>1.2</standardError>
      <azimuthalGap>76</azimuthalGap>
      <minimumDistance>0.23</minimumDistance>
      <maximumDistance>10.81</maximumDistance>
    </quality>
    <evaluationMode>manual</evaluationMode>
    <creationInfo>
      <agencyURI>smi:smi-registry/organization/EMSC</agencyURI>
      <authorURI>smi:smi-registry/organization/EMSC</authorURI>
    </creationInfo>
    <originUncertainty>
      <azimuthMaxHorizontalUncertainty>134</azimuthMaxHorizontalUncertainty>
    </originUncertainty>
  </origin>
  <magnitude publicID="quakeml:eu.emsc/event/20010608_0000003/origin/1434474/mag/1">
    <mag>
      <value>5.2</value>
    </mag>
    <type>ML</type>
    <originID>quakeml:eu.emsc/event/20010608_0000003/origin/1434474</originID>
    <stationCount>26</stationCount>
    <creationInfo>
      <agencyURI>smi:smi-registry/organization/EMSC</agencyURI>
      <authorURI>smi:smi-registry/organization/EMSC</authorURI>
    </creationInfo>
  </magnitude>
</event>
<event publicID="quakeml:eu.emsc/event/20010608_0000002">
  <preferredOriginID>quakeml:eu.emsc/event/20010608_0000002/origin/1425689</preferredOriginID>
  <preferredMagnitudeID>quakeml:eu.emsc/event/20010608_0000002/origin/1425689/mag/2</preferredMagnitudeID>
  <creationInfo>
    <agencyURI>smi:smi-registry/organization/EMSC</agencyURI>
    <authorURI>smi:smi-registry/organization/EMSC</authorURI>
    <creationTime>2014-12-10T12:28:16.328278Z</creationTime>
  </creationInfo>
  <description>
    <text>NORTHERN ALGERIA</text>
    <type>Flinn-Engdahl region</type>
  </description>
  <origin publicID="quakeml:eu.emsc/event/20010608_0000002/origin/1425689">
    <time>
      <value>2001-06-08T10:16:43.8Z</value>
    </time>
    <latitude>
      <value>35.5634</value>
      <uncertainty>9999.9</uncertainty>
    </latitude>
    <longitude>
      <value>-1.1928</value>
      <uncertainty>9999.9</uncertainty>
    </longitude>
    <depth>
      <value>20900.0</value>
    </depth>
    <depthType>from location</depthType>
    <methodID>smi:eu.emsc-csem/origin_method/NA</methodID>
    <quality>
      <usedPhaseCount>24</usedPhaseCount>
      <usedStationCount>15</usedStationCount>
      <standardError>2.29</standardError>
      <azimuthalGap>165</azimuthalGap>
      <minimumDistance>0.43</minimumDistance>
      <maximumDistance>4.9</maximumDistance>
    </quality>
    <evaluationMode>manual</evaluationMode>
    <creationInfo>
      <agencyURI>smi:smi-registry/organization/EMSC</agencyURI>
      <authorURI>smi:smi-registry/organization/EMSC</authorURI>
    </creationInfo>
    <originUncertainty>
      <azimuthMaxHorizontalUncertainty>-99</azimuthMaxHorizontalUncertainty>
    </originUncertainty>
  </origin>
  <magnitude publicID="quakeml:eu.emsc/event/20010608_0000002/origin/1425689/mag/2">
    <mag>
      <value>3.7</value>
      <uncertainty>0.1</uncertainty>
    </mag>
    <type>mb</type>
    <originID>quakeml:eu.emsc/event/20010608_0000002/origin/1425689</originID>
    <stationCount>13</stationCount>
    <creationInfo>
      <agencyURI>smi:smi-registry/organization/EMSC</agencyURI>
      <authorURI>smi:smi-registry/organization/EMSC</authorURI>
    </creationInfo>
  </magnitude>
</event>
<event publicID="quakeml:eu.emsc/event/20010608_0000001">
  <preferredOriginID>quakeml:eu.emsc/event/20010608_0000001/origin/1425691</preferredOriginID>
  <preferredMagnitudeID>quakeml:eu.emsc/event/20010608_0000001/origin/1425691/mag/2</preferredMagnitudeID>
  <creationInfo>
    <agencyURI>smi:smi-registry/organization/EMSC</agencyURI>
    <authorURI>smi:smi-registry/organization/EMSC</authorURI>
    <creationTime>2014-12-10T12:28:15.301755Z</creationTime>
  </creationInfo>
  <description>
    <text>NEAR THE COAST OF YEMEN</text>
    <type>Flinn-Engdahl region</type>
  </description>
  <origin publicID="quakeml:eu.emsc/event/20010608_0000001/origin/1425691">
    <time>
      <value>2001-06-08T07:46:56.5Z</value>
    </time>
    <latitude>
      <value>12.143</value>
      <uncertainty>9999.9</uncertainty>
    </latitude>
    <longitude>
      <value>44.46</value>
      <uncertainty>9999.9</uncertainty>
    </longitude>
    <depth>
      <value>2000</value>
    </depth>
    <depthType>from location</depthType>
    <methodID>smi:eu.emsc-csem/origin_method/NA</methodID>
    <quality>
      <usedPhaseCount>8</usedPhaseCount>
      <usedStationCount>4</usedStationCount>
      <standardError>1.29</standardError>
      <azimuthalGap>312</azimuthalGap>
      <minimumDistance>1.11</minimumDistance>
      <maximumDistance>3.63</maximumDistance>
    </quality>
    <evaluationMode>manual</evaluationMode>
    <creationInfo>
      <agencyURI>smi:smi-registry/organization/EMSC</agencyURI>
      <authorURI>smi:smi-registry/organization/EMSC</authorURI>
    </creationInfo>
    <originUncertainty>
      <azimuthMaxHorizontalUncertainty>-99</azimuthMaxHorizontalUncertainty>
    </originUncertainty>
  </origin>
  <magnitude publicID="quakeml:eu.emsc/event/20010608_0000001/origin/1425691/mag/2">
    <mag>
      <value>5.6</value>
    </mag>
    <type>mb</type>
    <originID>quakeml:eu.emsc/event/20010608_0000001/origin/1425691</originID>
    <creationInfo>
      <agencyURI>smi:smi-registry/organization/EMSC</agencyURI>
      <authorURI>smi:smi-registry/organization/EMSC</authorURI>
    </creationInfo>
  </magnitude>
</event>
</eventParameters>
</q:quakeml>
