<?xml version="1.0"?>
<q:quakeml xmlns:q="http://quakeml.org/xmlns/quakeml/1.2"  xmlns="http://quakeml.org/xmlns/bed/1.2">
<eventParameters publicID="smi:eu.emsc/unid">
<event publicID="quakeml:eu.emsc/event/20010513_0000007">
  <preferredOriginID>quakeml:eu.emsc/event/20010513_0000007/origin/1429488</preferredOriginID>
  <preferredMagnitudeID>quakeml:eu.emsc/event/20010513_0000007/origin/1429488/mag/1</preferredMagnitudeID>
  <creationInfo>
    <agencyURI>smi:smi-registry/organization/EMSC</agencyURI>
    <authorURI>smi:smi-registry/organization/EMSC</authorURI>
    <creationTime>2014-12-03T15:05:36.496122Z</creationTime>
  </creationInfo>
  <description>
    <text>NORTHERN ITALY</text>
    <type>Flinn-Engdahl region</type>
  </description>
  <origin publicID="quakeml:eu.emsc/event/20010513_0000007/origin/1429488">
    <time>
      <value>2001-05-13T22:14:45.6Z</value>
      <uncertainty>0.17</uncertainty>
    </time>
    <latitude>
      <value>44.0386</value>
      <uncertainty>3.8</uncertainty>
    </latitude>
    <longitude>
      <value>7.2643</value>
      <uncertainty>3.4</uncertainty>
    </longitude>
    <depth>
      <value>2000</value>
    </depth>
    <depthType>from location</depthType>
    <methodID>smi:eu.emsc-csem/origin_method/NA</methodID>
    <quality>
      <usedPhaseCount>27</usedPhaseCount>
      <usedStationCount>16</usedStationCount>
      <standardError>0.9</standardError>
      <azimuthalGap>73</azimuthalGap>
      <minimumDistance>0.03</minimumDistance>
      <maximumDistance>1.5</maximumDistance>
    </quality>
    <evaluationMode>manual</evaluationMode>
    <creationInfo>
      <agencyURI>smi:smi-registry/organization/EMSC</agencyURI>
      <authorURI>smi:smi-registry/organization/EMSC</authorURI>
    </creationInfo>
    <originUncertainty>
      <azimuthMaxHorizontalUncertainty>58</azimuthMaxHorizontalUncertainty>
    </originUncertainty>
  </origin>
  <magnitude publicID="quakeml:eu.emsc/event/20010513_0000007/origin/1429488/mag/1">
    <mag>
      <value>1.4</value>
      <uncertainty>0.6</uncertainty>
    </mag>
    <type>ML</type>
    <originID>quakeml:eu.emsc/event/20010513_0000007/origin/1429488</originID>
    <stationCount>4</stationCount>
    <creationInfo>
      <agencyURI>smi:smi-registry/organization/EMSC</agencyURI>
      <authorURI>smi:smi-registry/organization/EMSC</authorURI>
    </creationInfo>
  </magnitude>
</event>
<event publicID="quakeml:eu.emsc/event/20010513_0000016">
  <preferredOriginID>quakeml:eu.emsc/event/20010513_0000016/origin/1426143</preferredOriginID>
  <preferredMagnitudeID>quakeml:eu.emsc/event/20010513_0000016/origin/1426143/mag/2</preferredMagnitudeID>
  <creationInfo>
    <agencyURI>smi:smi-registry/organization/EMSC</agencyURI>
    <authorURI>smi:smi-registry/organization/EMSC</authorURI>
    <creationTime>2014-12-10T18:25:57.98401Z</creationTime>
  </creationInfo>
  <description>
    <text>NORTHERN ITALY</text>
    <type>Flinn-Engdahl region</type>
  </description>
  <origin publicID="quakeml:eu.emsc/event/20010513_0000016/origin/1426143">
    <time>
      <value>2001-05-13T21:43:25.9Z</value>
    </time>
    <latitude>
      <value>44.1002</value>
      <uncertainty>9999.9</uncertainty>
    </latitude>
    <longitude>
      <value>8.567</value>
      <uncertainty>9999.9</uncertainty>
    </longitude>
    <depth>
      <value>5600.0</value>
    </depth>
    <depthType>from location</depthType>
    <methodID>smi:eu.emsc-csem/origin_method/NA</methodID>
    <quality>
      <usedPhaseCount>11</usedPhaseCount>
      <usedStationCount>7</usedStationCount>
      <standardError>6.1</standardError>
      <azimuthalGap>251</azimuthalGap>
      <minimumDistance>0.28</minimumDistance>
      <maximumDistance>1.16</maximumDistance>
    </quality>
    <evaluationMode>manual</evaluationMode>
    <creationInfo>
      <agencyURI>smi:smi-registry/organization/EMSC</agencyURI>
      <authorURI>smi:smi-registry/organization/EMSC</authorURI>
    </creationInfo>
    <originUncertainty>
      <azimuthMaxHorizontalUncertainty>-99</azimuthMaxHorizontalUncertainty>
    </originUncertainty>
  </origin>
  <magnitude publicID="quakeml:eu.emsc/event/20010513_0000016/origin/1426143/mag/2">
    <mag>
      <value>1.9</value>
    </mag>
    <type>ML</type>
    <originID>quakeml:eu.emsc/event/20010513_0000016/origin/1426143</originID>
    <creationInfo>
      <agencyURI>smi:smi-registry/organization/EMSC</agencyURI>
      <authorURI>smi:smi-registry/organization/EMSC</authorURI>
    </creationInfo>
  </magnitude>
</event>
<event publicID="quakeml:eu.emsc/event/20010513_0000005">
  <preferredOriginID>quakeml:eu.emsc/event/20010513_0000005/origin/1426145</preferredOriginID>
  <preferredMagnitudeID>quakeml:eu.emsc/event/20010513_0000005/origin/1426145/mag/2</preferredMagnitudeID>
  <creationInfo>
    <agencyURI>smi:smi-registry/organization/EMSC</agencyURI>
    <authorURI>smi:smi-registry/organization/EMSC</authorURI>
    <creationTime>2014-12-10T12:08:19.62405Z</creationTime>
  </creationInfo>
  <description>
    <text>SOUTHERN GREECE</text>
    <type>Flinn-Engdahl region</type>
  </description>
  <origin publicID="quakeml:eu.emsc/event/20010513_0000005/origin/1426145">
    <time>
      <value>2001-05-13T19:25:16.3Z</value>
    </time>
    <latitude>
      <value>37.17</value>
      <uncertainty>9999.9</uncertainty>
    </latitude>
    <longitude>
      <value>22.17</value>
      <uncertainty>9999.9</uncertainty>
    </longitude>
    <depth>
      <value>5000</value>
    </depth>
    <depthType>from location</depthType>
    <methodID>smi:eu.emsc-csem/origin_method/NA</methodID>
    <quality>
      <usedPhaseCount>7</usedPhaseCount>
      <usedStationCount>7</usedStationCount>
      <standardError>1.9</standardError>
      <azimuthalGap>136</azimuthalGap>
      <minimumDistance>0.19</minimumDistance>
      <maximumDistance>2.41</maximumDistance>
    </quality>
    <evaluationMode>manual</evaluationMode>
    <creationInfo>
      <agencyURI>smi:smi-registry/organization/EMSC</agencyURI>
      <authorURI>smi:smi-registry/organization/EMSC</authorURI>
    </creationInfo>
    <originUncertainty>
      <azimuthMaxHorizontalUncertainty>-99</azimuthMaxHorizontalUncertainty>
    </originUncertainty>
  </origin>
  <magnitude publicID="quakeml:eu.emsc/event/20010513_0000005/origin/1426145/mag/2">
    <mag>
      <value>3.3</value>
    </mag>
    <type>ML</type>
    <originID>quakeml:eu.emsc/event/20010513_0000005/origin/1426145</originID>
    <creationInfo>
      <agencyURI>smi:smi-registry/organization/EMSC</agencyURI>
      <authorURI>smi:smi-registry/organization/EMSC</authorURI>
    </creationInfo>
  </magnitude>
</event>
<event publicID="quakeml:eu.emsc/event/20010513_0000010">
  <preferredOriginID>quakeml:eu.emsc/event/20010513_0000010/origin/1429494</preferredOriginID>
  <preferredMagnitudeID>quakeml:eu.emsc/event/20010513_0000010/origin/1429494/mag/1</preferredMagnitudeID>
  <creationInfo>
    <agencyURI>smi:smi-registry/organization/EMSC</agencyURI>
    <authorURI>smi:smi-registry/organization/EMSC</authorURI>
    <creationTime>2014-12-03T16:23:01.38679Z</creationTime>
  </creationInfo>
  <description>
    <text>FRANCE</text>
    <type>Flinn-Engdahl region</type>
  </description>
  <origin publicID="quakeml:eu.emsc/event/20010513_0000010/origin/1429494">
    <time>
      <value>2001-05-13T17:06:39.7Z</value>
      <uncertainty>0.05</uncertainty>
    </time>
    <latitude>
      <value>44.6629</value>
      <uncertainty>1.4</uncertainty>
    </latitude>
    <longitude>
      <value>6.8172</value>
      <uncertainty>0.9</uncertainty>
    </longitude>
    <depth>
      <value>8000</value>
    </depth>
    <depthType>from location</depthType>
    <methodID>smi:eu.emsc-csem/origin_method/NA</methodID>
    <quality>
      <usedPhaseCount>21</usedPhaseCount>
      <usedStationCount>12</usedStationCount>
      <standardError>0.27</standardError>
      <azimuthalGap>95</azimuthalGap>
      <minimumDistance>0.07</minimumDistance>
      <maximumDistance>1.25</maximumDistance>
    </quality>
    <evaluationMode>manual</evaluationMode>
    <creationInfo>
      <agencyURI>smi:smi-registry/organization/EMSC</agencyURI>
      <authorURI>smi:smi-registry/organization/EMSC</authorURI>
    </creationInfo>
    <originUncertainty>
      <azimuthMaxHorizontalUncertainty>88</azimuthMaxHorizontalUncertainty>
    </originUncertainty>
  </origin>
  <magnitude publicID="quakeml:eu.emsc/event/20010513_0000010/origin/1429494/mag/1">
    <mag>
      <value>1.3</value>
      <uncertainty>0.3</uncertainty>
    </mag>
    <type>ML</type>
    <originID>quakeml:eu.emsc/event/20010513_0000010/origin/1429494</originID>
    <stationCount>6</stationCount>
    <creationInfo>
      <agencyURI>smi:smi-registry/organization/EMSC</agencyURI>
      <authorURI>smi:smi-registry/organization/EMSC</authorURI>
    </creationInfo>
  </magnitude>
</event>
<event publicID="quakeml:eu.emsc/event/20010513_0000012">
  <preferredOriginID>quakeml:eu.emsc/event/20010513_0000012/origin/1426147</preferredOriginID>
  <preferredMagnitudeID>quakeml:eu.emsc/event/20010513_0000012/origin/1426147/mag/2</preferredMagnitudeID>
  <creationInfo>
    <agencyURI>smi:smi-registry/organization/EMSC</agencyURI>
    <authorURI>smi:smi-registry/organization/EMSC</authorURI>
    <creationTime>2014-12-10T18:25:56.618249Z</creationTime>
  </creationInfo>
  <description>
    <text>NORTHERN ITALY</text>
    <type>Flinn-Engdahl region</type>
  </description>
  <origin publicID="quakeml:eu.emsc/event/20010513_0000012/origin/1426147">
    <time>
      <value>2001-05-13T11:21:10.1Z</value>
    </time>
    <latitude>
      <value>44.4665</value>
      <uncertainty>9999.9</uncertainty>
    </latitude>
    <longitude>
      <value>7.2825</value>
      <uncertainty>9999.9</uncertainty>
    </longitude>
    <depth>
      <value>6900.0</value>
    </depth>
    <depthType>from location</depthType>
    <methodID>smi:eu.emsc-csem/origin_method/NA</methodID>
    <quality>
      <usedPhaseCount>8</usedPhaseCount>
      <usedStationCount>4</usedStationCount>
      <standardError>7.39</standardError>
      <azimuthalGap>154</azimuthalGap>
      <minimumDistance>0.14</minimumDistance>
      <maximumDistance>0.37</maximumDistance>
    </quality>
    <evaluationMode>manual</evaluationMode>
    <creationInfo>
      <agencyURI>smi:smi-registry/organization/EMSC</agencyURI>
      <authorURI>smi:smi-registry/organization/EMSC</authorURI>
    </creationInfo>
    <originUncertainty>
      <azimuthMaxHorizontalUncertainty>-99</azimuthMaxHorizontalUncertainty>
    </originUncertainty>
  </origin>
  <magnitude publicID="quakeml:eu.emsc/event/20010513_0000012/origin/1426147/mag/2">
    <mag>
      <value>1.5</value>
    </mag>
    <type>ML</type>
    <originID>quakeml:eu.emsc/event/20010513_0000012/origin/1426147</originID>
    <creationInfo>
      <agencyURI>smi:smi-registry/organization/EMSC</agencyURI>
      <authorURI>smi:smi-registry/organization/EMSC</authorURI>
    </creationInfo>
  </magnitude>
</event>
<event publicID="quakeml:eu.emsc/event/20010513_0000004">
  <preferredOriginID>quakeml:eu.emsc/event/20010513_0000004/origin/1430134</preferredOriginID>
  <preferredMagnitudeID>quakeml:eu.emsc/event/20010513_0000004/origin/1430134/mag/2</preferredMagnitudeID>
  <creationInfo>
    <agencyURI>smi:smi-registry/organization/EMSC</agencyURI>
    <authorURI>smi:smi-registry/organization/EMSC</authorURI>
    <creationTime>2014-12-03T10:18:38.98833Z</creationTime>
  </creationInfo>
  <description>
    <text>CENTRAL TURKEY</text>
    <type>Flinn-Engdahl region</type>
  </description>
  <origin publicID="quakeml:eu.emsc/event/20010513_0000004/origin/1430134">
    <time>
      <value>2001-05-13T09:29:51.1Z</value>
      <uncertainty>0.26</uncertainty>
    </time>
    <latitude>
      <value>40.6069</value>
      <uncertainty>9.4</uncertainty>
    </latitude>
    <longitude>
      <value>33.0279</value>
      <uncertainty>7</uncertainty>
    </longitude>
    <depth>
      <value>2000</value>
    </depth>
    <depthType>from location</depthType>
    <methodID>smi:eu.emsc-csem/origin_method/NA</methodID>
    <quality>
      <usedPhaseCount>28</usedPhaseCount>
      <usedStationCount>27</usedStationCount>
      <standardError>1.28</standardError>
      <azimuthalGap>59</azimuthalGap>
      <minimumDistance>0.45</minimumDistance>
      <maximumDistance>74</maximumDistance>
    </quality>
    <evaluationMode>manual</evaluationMode>
    <creationInfo>
      <agencyURI>smi:smi-registry/organization/EMSC</agencyURI>
      <authorURI>smi:smi-registry/organization/EMSC</authorURI>
    </creationInfo>
  </origin>
  <magnitude publicID="quakeml:eu.emsc/event/20010513_0000004/origin/1430134/mag/2">
    <mag>
      <value>3.8</value>
    </mag>
    <type>MD</type>
    <originID>quakeml:eu.emsc/event/20010513_0000004/origin/1430134</originID>
    <creationInfo>
      <agencyURI>smi:smi-registry/organization/EMSC</agencyURI>
      <authorURI>smi:smi-registry/organization/EMSC</authorURI>
    </creationInfo>
  </magnitude>
</event>
<event publicID="quakeml:eu.emsc/event/20010513_0000015">
  <preferredOriginID>quakeml:eu.emsc/event/20010513_0000015/origin/1429498</preferredOriginID>
  <preferredMagnitudeID>quakeml:eu.emsc/event/20010513_0000015/origin/1429498/mag/1</preferredMagnitudeID>
  <creationInfo>
    <agencyURI>smi:smi-registry/organization/EMSC</agencyURI>
    <authorURI>smi:smi-registry/organization/EMSC</authorURI>
    <creationTime>2014-12-03T17:00:55.905677Z</creationTime>
  </creationInfo>
  <description>
    <text>NORTHERN ITALY</text>
    <type>Flinn-Engdahl region</type>
  </description>
  <origin publicID="quakeml:eu.emsc/event/20010513_0000015/origin/1429498">
    <time>
      <value>2001-05-13T08:35:09.0Z</value>
      <uncertainty>0.05</uncertainty>
    </time>
    <latitude>
      <value>44.4622</value>
      <uncertainty>1.3</uncertainty>
    </latitude>
    <longitude>
      <value>7.0326</value>
      <uncertainty>0.8</uncertainty>
    </longitude>
    <depth>
      <value>10000</value>
    </depth>
    <depthType>from location</depthType>
    <methodID>smi:eu.emsc-csem/origin_method/NA</methodID>
    <quality>
      <usedPhaseCount>48</usedPhaseCount>
      <usedStationCount>28</usedStationCount>
      <standardError>0.45</standardError>
      <azimuthalGap>39</azimuthalGap>
      <minimumDistance>0.07</minimumDistance>
      <maximumDistance>1.16</maximumDistance>
    </quality>
    <evaluationMode>manual</evaluationMode>
    <creationInfo>
      <agencyURI>smi:smi-registry/organization/EMSC</agencyURI>
      <authorURI>smi:smi-registry/organization/EMSC</authorURI>
    </creationInfo>
    <originUncertainty>
      <azimuthMaxHorizontalUncertainty>66</azimuthMaxHorizontalUncertainty>
    </originUncertainty>
  </origin>
  <magnitude publicID="quakeml:eu.emsc/event/20010513_0000015/origin/1429498/mag/1">
    <mag>
      <value>2</value>
      <uncertainty>0.3</uncertainty>
    </mag>
    <type>ML</type>
    <originID>quakeml:eu.emsc/event/20010513_0000015/origin/1429498</originID>
    <stationCount>8</stationCount>
    <creationInfo>
      <agencyURI>smi:smi-registry/organization/EMSC</agencyURI>
      <authorURI>smi:smi-registry/organization/EMSC</authorURI>
    </creationInfo>
  </magnitude>
</event>
<event publicID="quakeml:eu.emsc/event/20010513_0000003">
  <preferredOriginID>quakeml:eu.emsc/event/20010513_0000003/origin/1430139</preferredOriginID>
  <preferredMagnitudeID>quakeml:eu.emsc/event/20010513_0000003/origin/1430139/mag/2</preferredMagnitudeID>
  <creationInfo>
    <agencyURI>smi:smi-registry/organization/EMSC</agencyURI>
    <authorURI>smi:smi-registry/organization/EMSC</authorURI>
    <creationTime>2014-12-03T11:54:16.629076Z</creationTime>
  </creationInfo>
  <description>
    <text>SCOTLAND, UNITED KINGDOM</text>
    <type>Flinn-Engdahl region</type>
  </description>
  <origin publicID="quakeml:eu.emsc/event/20010513_0000003/origin/1430139">
    <time>
      <value>2001-05-13T08:26:58.7Z</value>
      <uncertainty>0.24</uncertainty>
    </time>
    <latitude>
      <value>55.0725</value>
      <uncertainty>6.2</uncertainty>
    </latitude>
    <longitude>
      <value>-3.6777</value>
      <uncertainty>4.6</uncertainty>
    </longitude>
    <depth>
      <value>15000</value>
    </depth>
    <depthType>from location</depthType>
    <methodID>smi:eu.emsc-csem/origin_method/NA</methodID>
    <quality>
      <usedPhaseCount>40</usedPhaseCount>
      <usedStationCount>31</usedStationCount>
      <standardError>1.19</standardError>
      <azimuthalGap>82</azimuthalGap>
      <minimumDistance>0.1</minimumDistance>
      <maximumDistance>9.55</maximumDistance>
    </quality>
    <evaluationMode>manual</evaluationMode>
    <creationInfo>
      <agencyURI>smi:smi-registry/organization/EMSC</agencyURI>
      <authorURI>smi:smi-registry/organization/EMSC</authorURI>
    </creationInfo>
    <originUncertainty>
      <azimuthMaxHorizontalUncertainty>142</azimuthMaxHorizontalUncertainty>
    </originUncertainty>
  </origin>
  <magnitude publicID="quakeml:eu.emsc/event/20010513_0000003/origin/1430139/mag/2">
    <mag>
      <value>3</value>
    </mag>
    <type>ML</type>
    <originID>quakeml:eu.emsc/event/20010513_0000003/origin/1430139</originID>
    <creationInfo>
      <agencyURI>smi:smi-registry/organization/EMSC</agencyURI>
      <authorURI>smi:smi-registry/organization/EMSC</authorURI>
    </creationInfo>
  </magnitude>
</event>
<event publicID="quakeml:eu.emsc/event/20010513_0000008">
  <preferredOriginID>quakeml:eu.emsc/event/20010513_0000008/origin/1429501</preferredOriginID>
  <preferredMagnitudeID>quakeml:eu.emsc/event/20010513_0000008/origin/1429501/mag/1</preferredMagnitudeID>
  <creationInfo>
    <agencyURI>smi:smi-registry/organization/EMSC</agencyURI>
    <authorURI>smi:smi-registry/organization/EMSC</authorURI>
    <creationTime>2014-12-03T15:12:37.769297Z</creationTime>
  </creationInfo>
  <description>
    <text>PYRENEES</text>
    <type>Flinn-Engdahl region</type>
  </description>
  <origin publicID="quakeml:eu.emsc/event/20010513_0000008/origin/1429501">
    <time>
      <value>2001-05-13T08:14:25.8Z</value>
      <uncertainty>0.12</uncertainty>
    </time>
    <latitude>
      <value>42.4716</value>
      <uncertainty>2.4</uncertainty>
    </latitude>
    <longitude>
      <value>2.0836</value>
      <uncertainty>2.3</uncertainty>
    </longitude>
    <depth>
      <value>5000</value>
    </depth>
    <depthType>from location</depthType>
    <methodID>smi:eu.emsc-csem/origin_method/NA</methodID>
    <quality>
      <usedPhaseCount>39</usedPhaseCount>
      <usedStationCount>21</usedStationCount>
      <standardError>0.88</standardError>
      <azimuthalGap>62</azimuthalGap>
      <minimumDistance>0.08</minimumDistance>
      <maximumDistance>4.12</maximumDistance>
    </quality>
    <evaluationMode>manual</evaluationMode>
    <creationInfo>
      <agencyURI>smi:smi-registry/organization/EMSC</agencyURI>
      <authorURI>smi:smi-registry/organization/EMSC</authorURI>
    </creationInfo>
    <originUncertainty>
      <azimuthMaxHorizontalUncertainty>101</azimuthMaxHorizontalUncertainty>
    </originUncertainty>
  </origin>
  <magnitude publicID="quakeml:eu.emsc/event/20010513_0000008/origin/1429501/mag/1">
    <mag>
      <value>2.5</value>
      <uncertainty>0.3</uncertainty>
    </mag>
    <type>ML</type>
    <originID>quakeml:eu.emsc/event/20010513_0000008/origin/1429501</originID>
    <stationCount>7</stationCount>
    <creationInfo>
      <agencyURI>smi:smi-registry/organization/EMSC</agencyURI>
      <authorURI>smi:smi-registry/organization/EMSC</authorURI>
    </creationInfo>
  </magnitude>
</event>
<event publicID="quakeml:eu.emsc/event/20010513_0000002">
  <preferredOriginID>quakeml:eu.emsc/event/20010513_0000002/origin/1430141</preferredOriginID>
  <creationInfo>
    <agencyURI>smi:smi-registry/organization/EMSC</agencyURI>
    <authorURI>smi:smi-registry/organization/EMSC</authorURI>
    <creationTime>2014-12-03T12:01:43.399509Z</creationTime>
  </creationInfo>
  <description>
    <text>POLAND</text>
    <type>Flinn-Engdahl region</type>
  </description>
  <origin publicID="quakeml:eu.emsc/event/20010513_0000002/origin/1430141">
    <time>
      <value>2001-05-13T03:02:59.4Z</value>
      <uncertainty>0.42</uncertainty>
    </time>
    <latitude>
      <value>51.4184</value>
      <uncertainty>7.3</uncertainty>
    </latitude>
    <longitude>
      <value>16.2215</value>
      <uncertainty>3.6</uncertainty>
    </longitude>
    <depth>
      <value>2000</value>
    </depth>
    <depthType>from location</depthType>
    <methodID>smi:eu.emsc-csem/origin_method/NA</methodID>
    <quality>
      <usedPhaseCount>38</usedPhaseCount>
      <usedStationCount>20</usedStationCount>
      <standardError>0.93</standardError>
      <azimuthalGap>208</azimuthalGap>
      <minimumDistance>0.58</minimumDistance>
      <maximumDistance>5.13</maximumDistance>
    </quality>
    <evaluationMode>manual</evaluationMode>
    <creationInfo>
      <agencyURI>smi:smi-registry/organization/EMSC</agencyURI>
      <authorURI>smi:smi-registry/organization/EMSC</authorURI>
    </creationInfo>
    <originUncertainty>
      <azimuthMaxHorizontalUncertainty>12</azimuthMaxHorizontalUncertainty>
    </originUncertainty>
  </origin>
</event>
<event publicID="quakeml:eu.emsc/event/20010513_0000009">
  <preferredOriginID>quakeml:eu.emsc/event/20010513_0000009/origin/1426149</preferredOriginID>
  <preferredMagnitudeID>quakeml:eu.emsc/event/20010513_0000009/origin/1426149/mag/2</preferredMagnitudeID>
  <creationInfo>
    <agencyURI>smi:smi-registry/organization/EMSC</agencyURI>
    <authorURI>smi:smi-registry/organization/EMSC</authorURI>
    <creationTime>2014-12-10T18:25:56.75714Z</creationTime>
  </creationInfo>
  <description>
    <text>FRANCE</text>
    <type>Flinn-Engdahl region</type>
  </description>
  <origin publicID="quakeml:eu.emsc/event/20010513_0000009/origin/1426149">
    <time>
      <value>2001-05-13T02:41:10.8Z</value>
    </time>
    <latitude>
      <value>46.4136</value>
      <uncertainty>9999.9</uncertainty>
    </latitude>
    <longitude>
      <value>2.7625</value>
      <uncertainty>9999.9</uncertainty>
    </longitude>
    <depth>
      <value>4000</value>
    </depth>
    <depthType>from location</depthType>
    <methodID>smi:eu.emsc-csem/origin_method/NA</methodID>
    <quality>
      <usedPhaseCount>12</usedPhaseCount>
      <usedStationCount>7</usedStationCount>
      <standardError>0.33</standardError>
      <azimuthalGap>151</azimuthalGap>
      <minimumDistance>0.16</minimumDistance>
      <maximumDistance>1.57</maximumDistance>
    </quality>
    <evaluationMode>manual</evaluationMode>
    <creationInfo>
      <agencyURI>smi:smi-registry/organization/EMSC</agencyURI>
      <authorURI>smi:smi-registry/organization/EMSC</authorURI>
    </creationInfo>
    <originUncertainty>
      <azimuthMaxHorizontalUncertainty>-99</azimuthMaxHorizontalUncertainty>
    </originUncertainty>
  </origin>
  <magnitude publicID="quakeml:eu.emsc/event/20010513_0000009/origin/1426149/mag/2">
    <mag>
      <value>2</value>
    </mag>
    <type>MD</type>
    <originID>quakeml:eu.emsc/event/20010513_0000009/origin/1426149</originID>
    <stationCount>6</stationCount>
    <creationInfo>
      <agencyURI>smi:smi-registry/organization/EMSC</agencyURI>
      <authorURI>smi:smi-registry/organization/EMSC</authorURI>
    </creationInfo>
  </magnitude>
</event>
<event publicID="quakeml:eu.emsc/event/20010513_0000011">
  <preferredOriginID>quakeml:eu.emsc/event/20010513_0000011/origin/1429340</preferredOriginID>
  <preferredMagnitudeID>quakeml:eu.emsc/event/20010513_0000011/origin/1429340/mag/1</preferredMagnitudeID>
  <creationInfo>
    <agencyURI>smi:smi-registry/organization/EMSC</agencyURI>
    <authorURI>smi:smi-registry/organization/EMSC</authorURI>
    <creationTime>2014-12-03T16:31:01.269534Z</creationTime>
  </creationInfo>
  <description>
    <text>NEAR SOUTH COAST OF FRANCE</text>
    <type>Flinn-Engdahl region</type>
  </description>
  <origin publicID="quakeml:eu.emsc/event/20010513_0000011/origin/1429340">
    <time>
      <value>2001-05-13T02:03:34.0Z</value>
      <uncertainty>0.2</uncertainty>
    </time>
    <latitude>
      <value>43.8673</value>
      <uncertainty>4.6</uncertainty>
    </latitude>
    <longitude>
      <value>7.4474</value>
      <uncertainty>2.5</uncertainty>
    </longitude>
    <depth>
      <value>2000</value>
    </depth>
    <depthType>from location</depthType>
    <methodID>smi:eu.emsc-csem/origin_method/NA</methodID>
    <quality>
      <usedPhaseCount>18</usedPhaseCount>
      <usedStationCount>10</usedStationCount>
      <standardError>0.7</standardError>
      <azimuthalGap>171</azimuthalGap>
      <minimumDistance>0.01</minimumDistance>
      <maximumDistance>1.36</maximumDistance>
    </quality>
    <evaluationMode>manual</evaluationMode>
    <creationInfo>
      <agencyURI>smi:smi-registry/organization/EMSC</agencyURI>
      <authorURI>smi:smi-registry/organization/EMSC</authorURI>
    </creationInfo>
    <originUncertainty>
      <azimuthMaxHorizontalUncertainty>123</azimuthMaxHorizontalUncertainty>
    </originUncertainty>
  </origin>
  <magnitude publicID="quakeml:eu.emsc/event/20010513_0000011/origin/1429340/mag/1">
    <mag>
      <value>1.5</value>
      <uncertainty>0.5</uncertainty>
    </mag>
    <type>ML</type>
    <originID>quakeml:eu.emsc/event/20010513_0000011/origin/1429340</originID>
    <stationCount>4</stationCount>
    <creationInfo>
      <agencyURI>smi:smi-registry/organization/EMSC</agencyURI>
      <authorURI>smi:smi-registry/organization/EMSC</authorURI>
    </creationInfo>
  </magnitude>
</event>
<event publicID="quakeml:eu.emsc/event/20010513_0000013">
  <preferredOriginID>quakeml:eu.emsc/event/20010513_0000013/origin/1426151</preferredOriginID>
  <preferredMagnitudeID>quakeml:eu.emsc/event/20010513_0000013/origin/1426151/mag/2</preferredMagnitudeID>
  <creationInfo>
    <agencyURI>smi:smi-registry/organization/EMSC</agencyURI>
    <authorURI>smi:smi-registry/organization/EMSC</authorURI>
    <creationTime>2014-12-10T18:25:55.573904Z</creationTime>
  </creationInfo>
  <description>
    <text>FRANCE</text>
    <type>Flinn-Engdahl region</type>
  </description>
  <origin publicID="quakeml:eu.emsc/event/20010513_0000013/origin/1426151">
    <time>
      <value>2001-05-13T02:03:30.1Z</value>
    </time>
    <latitude>
      <value>46.481</value>
      <uncertainty>9999.9</uncertainty>
    </latitude>
    <longitude>
      <value>1.843</value>
      <uncertainty>9999.9</uncertainty>
    </longitude>
    <depth>
      <value>6000</value>
    </depth>
    <depthType>from location</depthType>
    <methodID>smi:eu.emsc-csem/origin_method/NA</methodID>
    <quality>
      <usedPhaseCount>16</usedPhaseCount>
      <usedStationCount>8</usedStationCount>
      <standardError>0.96</standardError>
      <azimuthalGap>143</azimuthalGap>
      <minimumDistance>0.32</minimumDistance>
      <maximumDistance>1.59</maximumDistance>
    </quality>
    <evaluationMode>manual</evaluationMode>
    <creationInfo>
      <agencyURI>smi:smi-registry/organization/EMSC</agencyURI>
      <authorURI>smi:smi-registry/organization/EMSC</authorURI>
    </creationInfo>
    <originUncertainty>
      <azimuthMaxHorizontalUncertainty>-99</azimuthMaxHorizontalUncertainty>
    </originUncertainty>
  </origin>
  <magnitude publicID="quakeml:eu.emsc/event/20010513_0000013/origin/1426151/mag/2">
    <mag>
      <value>2.2</value>
    </mag>
    <type>MD</type>
    <originID>quakeml:eu.emsc/event/20010513_0000013/origin/1426151</originID>
    <stationCount>8</stationCount>
    <creationInfo>
      <agencyURI>smi:smi-registry/organization/EMSC</agencyURI>
      <authorURI>smi:smi-registry/organization/EMSC</authorURI>
    </creationInfo>
  </magnitude>
</event>
<event publicID="quakeml:eu.emsc/event/20010513_0000001">
  <preferredOriginID>quakeml:eu.emsc/event/20010513_0000001/origin/1430146</preferredOriginID>
  <preferredMagnitudeID>quakeml:eu.emsc/event/20010513_0000001/origin/1430146/mag/2</preferredMagnitudeID>
  <creationInfo>
    <agencyURI>smi:smi-registry/organization/EMSC</agencyURI>
    <authorURI>smi:smi-registry/organization/EMSC</authorURI>
    <creationTime>2014-12-03T12:14:38.21778Z</creationTime>
  </creationInfo>
  <description>
    <text>ALBANIA</text>
    <type>Flinn-Engdahl region</type>
  </description>
  <origin publicID="quakeml:eu.emsc/event/20010513_0000001/origin/1430146">
    <time>
      <value>2001-05-13T00:43:30.0Z</value>
      <uncertainty>0.29</uncertainty>
    </time>
    <latitude>
      <value>41.2143</value>
      <uncertainty>9.6</uncertainty>
    </latitude>
    <longitude>
      <value>20.2876</value>
      <uncertainty>4</uncertainty>
    </longitude>
    <depth>
      <value>2000</value>
    </depth>
    <depthType>from location</depthType>
    <methodID>smi:eu.emsc-csem/origin_method/NA</methodID>
    <quality>
      <usedPhaseCount>28</usedPhaseCount>
      <usedStationCount>19</usedStationCount>
      <standardError>1.4</standardError>
      <azimuthalGap>128</azimuthalGap>
      <minimumDistance>0.35</minimumDistance>
      <maximumDistance>2.57</maximumDistance>
    </quality>
    <evaluationMode>manual</evaluationMode>
    <creationInfo>
      <agencyURI>smi:smi-registry/organization/EMSC</agencyURI>
      <authorURI>smi:smi-registry/organization/EMSC</authorURI>
    </creationInfo>
    <originUncertainty>
      <azimuthMaxHorizontalUncertainty>38</azimuthMaxHorizontalUncertainty>
    </originUncertainty>
  </origin>
  <magnitude publicID="quakeml:eu.emsc/event/20010513_0000001/origin/1430146/mag/2">
    <mag>
      <value>2.4</value>
    </mag>
    <type>ML</type>
    <originID>quakeml:eu.emsc/event/20010513_0000001/origin/1430146</originID>
    <creationInfo>
      <agencyURI>smi:smi-registry/organization/EMSC</agencyURI>
      <authorURI>smi:smi-registry/organization/EMSC</authorURI>
    </creationInfo>
  </magnitude>
</event>
</eventParameters>
</q:quakeml>
