<?xml version="1.0"?>
<q:quakeml xmlns:q="http://quakeml.org/xmlns/quakeml/1.2"  xmlns="http://quakeml.org/xmlns/bed/1.2">
<eventParameters publicID="smi:eu.emsc/unid">
<event publicID="quakeml:eu.emsc/event/20011022_0000007">
  <preferredOriginID>quakeml:eu.emsc/event/20011022_0000007/origin/1423339</preferredOriginID>
  <preferredMagnitudeID>quakeml:eu.emsc/event/20011022_0000007/origin/1423339/mag/2</preferredMagnitudeID>
  <creationInfo>
    <agencyURI>smi:smi-registry/organization/EMSC</agencyURI>
    <authorURI>smi:smi-registry/organization/EMSC</authorURI>
    <creationTime>2014-12-10T18:30:31.651553Z</creationTime>
  </creationInfo>
  <description>
    <text>NORTHERN ITALY</text>
    <type>Flinn-Engdahl region</type>
  </description>
  <origin publicID="quakeml:eu.emsc/event/20011022_0000007/origin/1423339">
    <time>
      <value>2001-10-22T22:00:18.5Z</value>
    </time>
    <latitude>
      <value>45.7836</value>
      <uncertainty>9999.9</uncertainty>
    </latitude>
    <longitude>
      <value>7.3113</value>
      <uncertainty>9999.9</uncertainty>
    </longitude>
    <depth>
      <value>2000</value>
    </depth>
    <depthType>from location</depthType>
    <methodID>smi:eu.emsc-csem/origin_method/NA</methodID>
    <quality>
      <usedPhaseCount>8</usedPhaseCount>
      <usedStationCount>5</usedStationCount>
      <standardError>0.44</standardError>
      <azimuthalGap>245</azimuthalGap>
      <minimumDistance>0.49</minimumDistance>
      <maximumDistance>1.33</maximumDistance>
    </quality>
    <evaluationMode>manual</evaluationMode>
    <creationInfo>
      <agencyURI>smi:smi-registry/organization/EMSC</agencyURI>
      <authorURI>smi:smi-registry/organization/EMSC</authorURI>
    </creationInfo>
    <originUncertainty>
      <azimuthMaxHorizontalUncertainty>-99</azimuthMaxHorizontalUncertainty>
    </originUncertainty>
  </origin>
  <magnitude publicID="quakeml:eu.emsc/event/20011022_0000007/origin/1423339/mag/2">
    <mag>
      <value>1.4</value>
    </mag>
    <type>ML</type>
    <originID>quakeml:eu.emsc/event/20011022_0000007/origin/1423339</originID>
    <stationCount>3</stationCount>
    <creationInfo>
      <agencyURI>smi:smi-registry/organization/EMSC</agencyURI>
      <authorURI>smi:smi-registry/organization/EMSC</authorURI>
    </creationInfo>
  </magnitude>
</event>
<event publicID="quakeml:eu.emsc/event/20011022_0000009">
  <preferredOriginID>quakeml:eu.emsc/event/20011022_0000009/origin/1418254</preferredOriginID>
  <preferredMagnitudeID>quakeml:eu.emsc/event/20011022_0000009/origin/1418254/mag/1</preferredMagnitudeID>
  <creationInfo>
    <agencyURI>smi:smi-registry/organization/EMSC</agencyURI>
    <authorURI>smi:smi-registry/organization/EMSC</authorURI>
    <creationTime>2014-12-03T16:28:57.644012Z</creationTime>
  </creationInfo>
  <description>
    <text>FRANCE</text>
    <type>Flinn-Engdahl region</type>
  </description>
  <origin publicID="quakeml:eu.emsc/event/20011022_0000009/origin/1418254">
    <time>
      <value>2001-10-22T19:34:34.9Z</value>
      <uncertainty>0.07</uncertainty>
    </time>
    <latitude>
      <value>44.2977</value>
      <uncertainty>1.7</uncertainty>
    </latitude>
    <longitude>
      <value>6.7689</value>
      <uncertainty>1.3</uncertainty>
    </longitude>
    <depth>
      <value>12000</value>
    </depth>
    <depthType>from location</depthType>
    <methodID>smi:eu.emsc-csem/origin_method/NA</methodID>
    <quality>
      <usedPhaseCount>83</usedPhaseCount>
      <usedStationCount>44</usedStationCount>
      <standardError>0.76</standardError>
      <azimuthalGap>50</azimuthalGap>
      <minimumDistance>0.32</minimumDistance>
      <maximumDistance>3.72</maximumDistance>
    </quality>
    <evaluationMode>manual</evaluationMode>
    <creationInfo>
      <agencyURI>smi:smi-registry/organization/EMSC</agencyURI>
      <authorURI>smi:smi-registry/organization/EMSC</authorURI>
    </creationInfo>
    <originUncertainty>
      <azimuthMaxHorizontalUncertainty>49</azimuthMaxHorizontalUncertainty>
    </originUncertainty>
  </origin>
  <magnitude publicID="quakeml:eu.emsc/event/20011022_0000009/origin/1418254/mag/1">
    <mag>
      <value>1.4</value>
      <uncertainty>0.3</uncertainty>
    </mag>
    <type>ML</type>
    <originID>quakeml:eu.emsc/event/20011022_0000009/origin/1418254</originID>
    <stationCount>13</stationCount>
    <creationInfo>
      <agencyURI>smi:smi-registry/organization/EMSC</agencyURI>
      <authorURI>smi:smi-registry/organization/EMSC</authorURI>
    </creationInfo>
  </magnitude>
</event>
<event publicID="quakeml:eu.emsc/event/20011022_0000003">
  <preferredOriginID>quakeml:eu.emsc/event/20011022_0000003/origin/1418802</preferredOriginID>
  <preferredMagnitudeID>quakeml:eu.emsc/event/20011022_0000003/origin/1418802/mag/2</preferredMagnitudeID>
  <creationInfo>
    <agencyURI>smi:smi-registry/organization/EMSC</agencyURI>
    <authorURI>smi:smi-registry/organization/EMSC</authorURI>
    <creationTime>2014-12-03T11:46:55.718299Z</creationTime>
  </creationInfo>
  <description>
    <text>AEGEAN SEA</text>
    <type>Flinn-Engdahl region</type>
  </description>
  <origin publicID="quakeml:eu.emsc/event/20011022_0000003/origin/1418802">
    <time>
      <value>2001-10-22T18:14:05.9Z</value>
      <uncertainty>0.31</uncertainty>
    </time>
    <latitude>
      <value>39.6991</value>
      <uncertainty>6.8</uncertainty>
    </latitude>
    <longitude>
      <value>23.8646</value>
      <uncertainty>5.2</uncertainty>
    </longitude>
    <depth>
      <value>6400.0</value>
      <uncertainty>2.8</uncertainty>
    </depth>
    <depthType>from location</depthType>
    <methodID>smi:eu.emsc-csem/origin_method/NA</methodID>
    <quality>
      <usedPhaseCount>30</usedPhaseCount>
      <usedStationCount>23</usedStationCount>
      <standardError>1.21</standardError>
      <azimuthalGap>75</azimuthalGap>
      <minimumDistance>0.27</minimumDistance>
      <maximumDistance>2.93</maximumDistance>
    </quality>
    <evaluationMode>manual</evaluationMode>
    <creationInfo>
      <agencyURI>smi:smi-registry/organization/EMSC</agencyURI>
      <authorURI>smi:smi-registry/organization/EMSC</authorURI>
    </creationInfo>
    <originUncertainty>
      <azimuthMaxHorizontalUncertainty>93</azimuthMaxHorizontalUncertainty>
    </originUncertainty>
  </origin>
  <magnitude publicID="quakeml:eu.emsc/event/20011022_0000003/origin/1418802/mag/2">
    <mag>
      <value>2.7</value>
    </mag>
    <type>ML</type>
    <originID>quakeml:eu.emsc/event/20011022_0000003/origin/1418802</originID>
    <creationInfo>
      <agencyURI>smi:smi-registry/organization/EMSC</agencyURI>
      <authorURI>smi:smi-registry/organization/EMSC</authorURI>
    </creationInfo>
  </magnitude>
</event>
<event publicID="quakeml:eu.emsc/event/20011022_0000008">
  <preferredOriginID>quakeml:eu.emsc/event/20011022_0000008/origin/1418257</preferredOriginID>
  <preferredMagnitudeID>quakeml:eu.emsc/event/20011022_0000008/origin/1418257/mag/2</preferredMagnitudeID>
  <creationInfo>
    <agencyURI>smi:smi-registry/organization/EMSC</agencyURI>
    <authorURI>smi:smi-registry/organization/EMSC</authorURI>
    <creationTime>2014-12-03T16:04:33.198973Z</creationTime>
  </creationInfo>
  <description>
    <text>SWITZERLAND</text>
    <type>Flinn-Engdahl region</type>
  </description>
  <origin publicID="quakeml:eu.emsc/event/20011022_0000008/origin/1418257">
    <time>
      <value>2001-10-22T10:20:46.8Z</value>
      <uncertainty>0.08</uncertainty>
    </time>
    <latitude>
      <value>46.4255</value>
      <uncertainty>1.7</uncertainty>
    </latitude>
    <longitude>
      <value>8.1008</value>
      <uncertainty>1</uncertainty>
    </longitude>
    <depth>
      <value>2000</value>
    </depth>
    <depthType>from location</depthType>
    <methodID>smi:eu.emsc-csem/origin_method/NA</methodID>
    <quality>
      <usedPhaseCount>29</usedPhaseCount>
      <usedStationCount>17</usedStationCount>
      <standardError>0.35</standardError>
      <azimuthalGap>138</azimuthalGap>
      <minimumDistance>0.13</minimumDistance>
      <maximumDistance>1.45</maximumDistance>
    </quality>
    <evaluationMode>manual</evaluationMode>
    <creationInfo>
      <agencyURI>smi:smi-registry/organization/EMSC</agencyURI>
      <authorURI>smi:smi-registry/organization/EMSC</authorURI>
    </creationInfo>
    <originUncertainty>
      <azimuthMaxHorizontalUncertainty>125</azimuthMaxHorizontalUncertainty>
    </originUncertainty>
  </origin>
  <magnitude publicID="quakeml:eu.emsc/event/20011022_0000008/origin/1418257/mag/2">
    <mag>
      <value>2</value>
    </mag>
    <type>ML</type>
    <originID>quakeml:eu.emsc/event/20011022_0000008/origin/1418257</originID>
    <stationCount>15</stationCount>
    <creationInfo>
      <agencyURI>smi:smi-registry/organization/EMSC</agencyURI>
      <authorURI>smi:smi-registry/organization/EMSC</authorURI>
    </creationInfo>
  </magnitude>
</event>
<event publicID="quakeml:eu.emsc/event/20011022_0000001">
  <preferredOriginID>quakeml:eu.emsc/event/20011022_0000001/origin/1418808</preferredOriginID>
  <preferredMagnitudeID>quakeml:eu.emsc/event/20011022_0000001/origin/1418808/mag/2</preferredMagnitudeID>
  <creationInfo>
    <agencyURI>smi:smi-registry/organization/EMSC</agencyURI>
    <authorURI>smi:smi-registry/organization/EMSC</authorURI>
    <creationTime>2014-12-03T11:26:13.652169Z</creationTime>
  </creationInfo>
  <description>
    <text>PORTUGAL</text>
    <type>Flinn-Engdahl region</type>
  </description>
  <origin publicID="quakeml:eu.emsc/event/20011022_0000001/origin/1418808">
    <time>
      <value>2001-10-22T05:03:35.5Z</value>
      <uncertainty>0.1</uncertainty>
    </time>
    <latitude>
      <value>41.7805</value>
      <uncertainty>2.6</uncertainty>
    </latitude>
    <longitude>
      <value>-7.8655</value>
      <uncertainty>2.1</uncertainty>
    </longitude>
    <depth>
      <value>19300.0</value>
      <uncertainty>0.1</uncertainty>
    </depth>
    <depthType>from location</depthType>
    <methodID>smi:eu.emsc-csem/origin_method/NA</methodID>
    <quality>
      <usedPhaseCount>11</usedPhaseCount>
      <usedStationCount>9</usedStationCount>
      <standardError>0.36</standardError>
      <azimuthalGap>79</azimuthalGap>
      <minimumDistance>0.14</minimumDistance>
      <maximumDistance>1.7</maximumDistance>
    </quality>
    <evaluationMode>manual</evaluationMode>
    <creationInfo>
      <agencyURI>smi:smi-registry/organization/EMSC</agencyURI>
      <authorURI>smi:smi-registry/organization/EMSC</authorURI>
    </creationInfo>
    <originUncertainty>
      <azimuthMaxHorizontalUncertainty>55</azimuthMaxHorizontalUncertainty>
    </originUncertainty>
  </origin>
  <magnitude publicID="quakeml:eu.emsc/event/20011022_0000001/origin/1418808/mag/2">
    <mag>
      <value>3.8</value>
      <uncertainty>0.4</uncertainty>
    </mag>
    <type>mb</type>
    <originID>quakeml:eu.emsc/event/20011022_0000001/origin/1418808</originID>
    <stationCount>5</stationCount>
    <creationInfo>
      <agencyURI>smi:smi-registry/organization/EMSC</agencyURI>
      <authorURI>smi:smi-registry/organization/EMSC</authorURI>
    </creationInfo>
  </magnitude>
</event>
</eventParameters>
</q:quakeml>
