<?xml version="1.0"?>
<q:quakeml xmlns:q="http://quakeml.org/xmlns/quakeml/1.2"  xmlns="http://quakeml.org/xmlns/bed/1.2">
<eventParameters publicID="smi:eu.emsc/unid">
<event publicID="quakeml:eu.emsc/event/20011228_0000004">
  <preferredOriginID>quakeml:eu.emsc/event/20011228_0000004/origin/1416759</preferredOriginID>
  <preferredMagnitudeID>quakeml:eu.emsc/event/20011228_0000004/origin/1416759/mag/1</preferredMagnitudeID>
  <creationInfo>
    <agencyURI>smi:smi-registry/organization/EMSC</agencyURI>
    <authorURI>smi:smi-registry/organization/EMSC</authorURI>
    <creationTime>2014-12-03T11:17:21.830964Z</creationTime>
  </creationInfo>
  <description>
    <text>STRAIT OF GIBRALTAR</text>
    <type>Flinn-Engdahl region</type>
  </description>
  <origin publicID="quakeml:eu.emsc/event/20011228_0000004/origin/1416759">
    <time>
      <value>2001-12-28T11:42:35.5Z</value>
      <uncertainty>0.29</uncertainty>
    </time>
    <latitude>
      <value>36.6748</value>
      <uncertainty>6.5</uncertainty>
    </latitude>
    <longitude>
      <value>-7.6079</value>
      <uncertainty>2.8</uncertainty>
    </longitude>
    <depth>
      <value>60000</value>
    </depth>
    <depthType>from location</depthType>
    <methodID>smi:eu.emsc-csem/origin_method/NA</methodID>
    <quality>
      <usedPhaseCount>44</usedPhaseCount>
      <usedStationCount>26</usedStationCount>
      <standardError>0.76</standardError>
      <azimuthalGap>228</azimuthalGap>
      <minimumDistance>0.75</minimumDistance>
      <maximumDistance>6</maximumDistance>
    </quality>
    <evaluationMode>manual</evaluationMode>
    <creationInfo>
      <agencyURI>smi:smi-registry/organization/EMSC</agencyURI>
      <authorURI>smi:smi-registry/organization/EMSC</authorURI>
    </creationInfo>
    <originUncertainty>
      <azimuthMaxHorizontalUncertainty>24</azimuthMaxHorizontalUncertainty>
    </originUncertainty>
  </origin>
  <magnitude publicID="quakeml:eu.emsc/event/20011228_0000004/origin/1416759/mag/1">
    <mag>
      <value>3</value>
      <uncertainty>0.3</uncertainty>
    </mag>
    <type>ML</type>
    <originID>quakeml:eu.emsc/event/20011228_0000004/origin/1416759</originID>
    <stationCount>15</stationCount>
    <creationInfo>
      <agencyURI>smi:smi-registry/organization/EMSC</agencyURI>
      <authorURI>smi:smi-registry/organization/EMSC</authorURI>
    </creationInfo>
  </magnitude>
</event>
<event publicID="quakeml:eu.emsc/event/20011228_0000003">
  <preferredOriginID>quakeml:eu.emsc/event/20011228_0000003/origin/1416762</preferredOriginID>
  <preferredMagnitudeID>quakeml:eu.emsc/event/20011228_0000003/origin/1416762/mag/2</preferredMagnitudeID>
  <creationInfo>
    <agencyURI>smi:smi-registry/organization/EMSC</agencyURI>
    <authorURI>smi:smi-registry/organization/EMSC</authorURI>
    <creationTime>2014-12-03T11:24:34.421333Z</creationTime>
  </creationInfo>
  <description>
    <text>NEAR THE COAST OF WESTERN TURKEY</text>
    <type>Flinn-Engdahl region</type>
  </description>
  <origin publicID="quakeml:eu.emsc/event/20011228_0000003/origin/1416762">
    <time>
      <value>2001-12-28T11:41:42.1Z</value>
      <uncertainty>0.12</uncertainty>
    </time>
    <latitude>
      <value>38.0543</value>
      <uncertainty>4.1</uncertainty>
    </latitude>
    <longitude>
      <value>26.9865</value>
      <uncertainty>2.6</uncertainty>
    </longitude>
    <depth>
      <value>5000</value>
    </depth>
    <depthType>from location</depthType>
    <methodID>smi:eu.emsc-csem/origin_method/NA</methodID>
    <quality>
      <usedPhaseCount>8</usedPhaseCount>
      <usedStationCount>6</usedStationCount>
      <standardError>0.27</standardError>
      <azimuthalGap>104</azimuthalGap>
      <minimumDistance>0.36</minimumDistance>
      <maximumDistance>2.01</maximumDistance>
    </quality>
    <evaluationMode>manual</evaluationMode>
    <creationInfo>
      <agencyURI>smi:smi-registry/organization/EMSC</agencyURI>
      <authorURI>smi:smi-registry/organization/EMSC</authorURI>
    </creationInfo>
    <originUncertainty>
      <azimuthMaxHorizontalUncertainty>109</azimuthMaxHorizontalUncertainty>
    </originUncertainty>
  </origin>
  <magnitude publicID="quakeml:eu.emsc/event/20011228_0000003/origin/1416762/mag/2">
    <mag>
      <value>3</value>
    </mag>
    <type>MD</type>
    <originID>quakeml:eu.emsc/event/20011228_0000003/origin/1416762</originID>
    <creationInfo>
      <agencyURI>smi:smi-registry/organization/EMSC</agencyURI>
      <authorURI>smi:smi-registry/organization/EMSC</authorURI>
    </creationInfo>
  </magnitude>
</event>
<event publicID="quakeml:eu.emsc/event/20011228_0000008">
  <preferredOriginID>quakeml:eu.emsc/event/20011228_0000008/origin/1416498</preferredOriginID>
  <preferredMagnitudeID>quakeml:eu.emsc/event/20011228_0000008/origin/1416498/mag/1</preferredMagnitudeID>
  <creationInfo>
    <agencyURI>smi:smi-registry/organization/EMSC</agencyURI>
    <authorURI>smi:smi-registry/organization/EMSC</authorURI>
    <creationTime>2014-12-03T15:29:22.159066Z</creationTime>
  </creationInfo>
  <description>
    <text>NORTHERN ITALY</text>
    <type>Flinn-Engdahl region</type>
  </description>
  <origin publicID="quakeml:eu.emsc/event/20011228_0000008/origin/1416498">
    <time>
      <value>2001-12-28T11:25:56.1Z</value>
      <uncertainty>0.15</uncertainty>
    </time>
    <latitude>
      <value>44.7521</value>
      <uncertainty>3.9</uncertainty>
    </latitude>
    <longitude>
      <value>7.5684</value>
      <uncertainty>2.3</uncertainty>
    </longitude>
    <depth>
      <value>19700.0</value>
      <uncertainty>0.1</uncertainty>
    </depth>
    <depthType>from location</depthType>
    <methodID>smi:eu.emsc-csem/origin_method/NA</methodID>
    <quality>
      <usedPhaseCount>39</usedPhaseCount>
      <usedStationCount>24</usedStationCount>
      <standardError>0.82</standardError>
      <azimuthalGap>97</azimuthalGap>
      <minimumDistance>0.2</minimumDistance>
      <maximumDistance>2.74</maximumDistance>
    </quality>
    <evaluationMode>manual</evaluationMode>
    <creationInfo>
      <agencyURI>smi:smi-registry/organization/EMSC</agencyURI>
      <authorURI>smi:smi-registry/organization/EMSC</authorURI>
    </creationInfo>
    <originUncertainty>
      <azimuthMaxHorizontalUncertainty>57</azimuthMaxHorizontalUncertainty>
    </originUncertainty>
  </origin>
  <magnitude publicID="quakeml:eu.emsc/event/20011228_0000008/origin/1416498/mag/1">
    <mag>
      <value>0.4</value>
      <uncertainty>0.4</uncertainty>
    </mag>
    <type>ML</type>
    <originID>quakeml:eu.emsc/event/20011228_0000008/origin/1416498</originID>
    <stationCount>5</stationCount>
    <creationInfo>
      <agencyURI>smi:smi-registry/organization/EMSC</agencyURI>
      <authorURI>smi:smi-registry/organization/EMSC</authorURI>
    </creationInfo>
  </magnitude>
</event>
<event publicID="quakeml:eu.emsc/event/20011228_0000012">
  <preferredOriginID>quakeml:eu.emsc/event/20011228_0000012/origin/1422549</preferredOriginID>
  <preferredMagnitudeID>quakeml:eu.emsc/event/20011228_0000012/origin/1422549/mag/2</preferredMagnitudeID>
  <creationInfo>
    <agencyURI>smi:smi-registry/organization/EMSC</agencyURI>
    <authorURI>smi:smi-registry/organization/EMSC</authorURI>
    <creationTime>2014-12-10T18:32:43.171912Z</creationTime>
  </creationInfo>
  <description>
    <text>FRANCE</text>
    <type>Flinn-Engdahl region</type>
  </description>
  <origin publicID="quakeml:eu.emsc/event/20011228_0000012/origin/1422549">
    <time>
      <value>2001-12-28T10:41:20.6Z</value>
    </time>
    <latitude>
      <value>45.7042</value>
      <uncertainty>9999.9</uncertainty>
    </latitude>
    <longitude>
      <value>0.3338</value>
      <uncertainty>9999.9</uncertainty>
    </longitude>
    <depth>
      <value>2000</value>
    </depth>
    <depthType>from location</depthType>
    <methodID>smi:eu.emsc-csem/origin_method/NA</methodID>
    <quality>
      <usedPhaseCount>9</usedPhaseCount>
      <usedStationCount>5</usedStationCount>
      <standardError>1.02</standardError>
      <azimuthalGap>180</azimuthalGap>
      <minimumDistance>0.82</minimumDistance>
      <maximumDistance>1.94</maximumDistance>
    </quality>
    <evaluationMode>manual</evaluationMode>
    <creationInfo>
      <agencyURI>smi:smi-registry/organization/EMSC</agencyURI>
      <authorURI>smi:smi-registry/organization/EMSC</authorURI>
    </creationInfo>
    <originUncertainty>
      <azimuthMaxHorizontalUncertainty>-99</azimuthMaxHorizontalUncertainty>
    </originUncertainty>
  </origin>
  <magnitude publicID="quakeml:eu.emsc/event/20011228_0000012/origin/1422549/mag/2">
    <mag>
      <value>2.3</value>
    </mag>
    <type>ML</type>
    <originID>quakeml:eu.emsc/event/20011228_0000012/origin/1422549</originID>
    <stationCount>5</stationCount>
    <creationInfo>
      <agencyURI>smi:smi-registry/organization/EMSC</agencyURI>
      <authorURI>smi:smi-registry/organization/EMSC</authorURI>
    </creationInfo>
  </magnitude>
</event>
<event publicID="quakeml:eu.emsc/event/20011228_0000002">
  <preferredOriginID>quakeml:eu.emsc/event/20011228_0000002/origin/1420237</preferredOriginID>
  <creationInfo>
    <agencyURI>smi:smi-registry/organization/EMSC</agencyURI>
    <authorURI>smi:smi-registry/organization/EMSC</authorURI>
    <creationTime>2014-12-03T11:53:39.95865Z</creationTime>
  </creationInfo>
  <description>
    <text>POLAND</text>
    <type>Flinn-Engdahl region</type>
  </description>
  <origin publicID="quakeml:eu.emsc/event/20011228_0000002/origin/1420237">
    <time>
      <value>2001-12-28T09:34:31.2Z</value>
      <uncertainty>0.41</uncertainty>
    </time>
    <latitude>
      <value>51.4304</value>
      <uncertainty>8</uncertainty>
    </latitude>
    <longitude>
      <value>16.1211</value>
      <uncertainty>4.1</uncertainty>
    </longitude>
    <depth>
      <value>2000</value>
    </depth>
    <depthType>from location</depthType>
    <methodID>smi:eu.emsc-csem/origin_method/NA</methodID>
    <quality>
      <usedPhaseCount>32</usedPhaseCount>
      <usedStationCount>15</usedStationCount>
      <standardError>1.08</standardError>
      <azimuthalGap>208</azimuthalGap>
      <minimumDistance>0.6</minimumDistance>
      <maximumDistance>4.2</maximumDistance>
    </quality>
    <evaluationMode>manual</evaluationMode>
    <creationInfo>
      <agencyURI>smi:smi-registry/organization/EMSC</agencyURI>
      <authorURI>smi:smi-registry/organization/EMSC</authorURI>
    </creationInfo>
    <originUncertainty>
      <azimuthMaxHorizontalUncertainty>12</azimuthMaxHorizontalUncertainty>
    </originUncertainty>
  </origin>
</event>
<event publicID="quakeml:eu.emsc/event/20011228_0000014">
  <preferredOriginID>quakeml:eu.emsc/event/20011228_0000014/origin/1416502</preferredOriginID>
  <preferredMagnitudeID>quakeml:eu.emsc/event/20011228_0000014/origin/1416502/mag/1</preferredMagnitudeID>
  <creationInfo>
    <agencyURI>smi:smi-registry/organization/EMSC</agencyURI>
    <authorURI>smi:smi-registry/organization/EMSC</authorURI>
    <creationTime>2014-12-03T16:57:09.695984Z</creationTime>
  </creationInfo>
  <description>
    <text>NORTHERN ITALY</text>
    <type>Flinn-Engdahl region</type>
  </description>
  <origin publicID="quakeml:eu.emsc/event/20011228_0000014/origin/1416502">
    <time>
      <value>2001-12-28T08:59:43.2Z</value>
      <uncertainty>0.26</uncertainty>
    </time>
    <latitude>
      <value>44.8343</value>
      <uncertainty>5.6</uncertainty>
    </latitude>
    <longitude>
      <value>8.3108</value>
      <uncertainty>3.3</uncertainty>
    </longitude>
    <depth>
      <value>2000</value>
    </depth>
    <depthType>from location</depthType>
    <methodID>smi:eu.emsc-csem/origin_method/NA</methodID>
    <quality>
      <usedPhaseCount>41</usedPhaseCount>
      <usedStationCount>28</usedStationCount>
      <standardError>1</standardError>
      <azimuthalGap>86</azimuthalGap>
      <minimumDistance>0.03</minimumDistance>
      <maximumDistance>4.02</maximumDistance>
    </quality>
    <evaluationMode>manual</evaluationMode>
    <creationInfo>
      <agencyURI>smi:smi-registry/organization/EMSC</agencyURI>
      <authorURI>smi:smi-registry/organization/EMSC</authorURI>
    </creationInfo>
    <originUncertainty>
      <azimuthMaxHorizontalUncertainty>88</azimuthMaxHorizontalUncertainty>
    </originUncertainty>
  </origin>
  <magnitude publicID="quakeml:eu.emsc/event/20011228_0000014/origin/1416502/mag/1">
    <mag>
      <value>1.6</value>
      <uncertainty>0.5</uncertainty>
    </mag>
    <type>ML</type>
    <originID>quakeml:eu.emsc/event/20011228_0000014/origin/1416502</originID>
    <stationCount>7</stationCount>
    <creationInfo>
      <agencyURI>smi:smi-registry/organization/EMSC</agencyURI>
      <authorURI>smi:smi-registry/organization/EMSC</authorURI>
    </creationInfo>
  </magnitude>
</event>
<event publicID="quakeml:eu.emsc/event/20011228_0000009">
  <preferredOriginID>quakeml:eu.emsc/event/20011228_0000009/origin/1416506</preferredOriginID>
  <preferredMagnitudeID>quakeml:eu.emsc/event/20011228_0000009/origin/1416506/mag/1</preferredMagnitudeID>
  <creationInfo>
    <agencyURI>smi:smi-registry/organization/EMSC</agencyURI>
    <authorURI>smi:smi-registry/organization/EMSC</authorURI>
    <creationTime>2014-12-03T15:47:09.125169Z</creationTime>
  </creationInfo>
  <description>
    <text>NORTHERN ITALY</text>
    <type>Flinn-Engdahl region</type>
  </description>
  <origin publicID="quakeml:eu.emsc/event/20011228_0000009/origin/1416506">
    <time>
      <value>2001-12-28T08:57:36.0Z</value>
      <uncertainty>0.3</uncertainty>
    </time>
    <latitude>
      <value>44.8301</value>
      <uncertainty>5.6</uncertainty>
    </latitude>
    <longitude>
      <value>8.3448</value>
      <uncertainty>3.3</uncertainty>
    </longitude>
    <depth>
      <value>12000</value>
    </depth>
    <depthType>from location</depthType>
    <methodID>smi:eu.emsc-csem/origin_method/NA</methodID>
    <quality>
      <usedPhaseCount>40</usedPhaseCount>
      <usedStationCount>27</usedStationCount>
      <standardError>0.87</standardError>
      <azimuthalGap>137</azimuthalGap>
      <minimumDistance>0.02</minimumDistance>
      <maximumDistance>2.16</maximumDistance>
    </quality>
    <evaluationMode>manual</evaluationMode>
    <creationInfo>
      <agencyURI>smi:smi-registry/organization/EMSC</agencyURI>
      <authorURI>smi:smi-registry/organization/EMSC</authorURI>
    </creationInfo>
    <originUncertainty>
      <azimuthMaxHorizontalUncertainty>81</azimuthMaxHorizontalUncertainty>
    </originUncertainty>
  </origin>
  <magnitude publicID="quakeml:eu.emsc/event/20011228_0000009/origin/1416506/mag/1">
    <mag>
      <value>0.9</value>
      <uncertainty>0.5</uncertainty>
    </mag>
    <type>ML</type>
    <originID>quakeml:eu.emsc/event/20011228_0000009/origin/1416506</originID>
    <stationCount>7</stationCount>
    <creationInfo>
      <agencyURI>smi:smi-registry/organization/EMSC</agencyURI>
      <authorURI>smi:smi-registry/organization/EMSC</authorURI>
    </creationInfo>
  </magnitude>
</event>
<event publicID="quakeml:eu.emsc/event/20011228_0000001">
  <preferredOriginID>quakeml:eu.emsc/event/20011228_0000001/origin/1416766</preferredOriginID>
  <preferredMagnitudeID>quakeml:eu.emsc/event/20011228_0000001/origin/1416766/mag/2</preferredMagnitudeID>
  <creationInfo>
    <agencyURI>smi:smi-registry/organization/EMSC</agencyURI>
    <authorURI>smi:smi-registry/organization/EMSC</authorURI>
    <creationTime>2014-12-03T11:44:01.464187Z</creationTime>
  </creationInfo>
  <description>
    <text>AEGEAN SEA</text>
    <type>Flinn-Engdahl region</type>
  </description>
  <origin publicID="quakeml:eu.emsc/event/20011228_0000001/origin/1416766">
    <time>
      <value>2001-12-28T05:55:02.8Z</value>
      <uncertainty>0.5</uncertainty>
    </time>
    <latitude>
      <value>38.9265</value>
      <uncertainty>6.6</uncertainty>
    </latitude>
    <longitude>
      <value>25.8156</value>
      <uncertainty>6.4</uncertainty>
    </longitude>
    <depth>
      <value>24300.0</value>
      <uncertainty>5.7</uncertainty>
    </depth>
    <depthType>from location</depthType>
    <methodID>smi:eu.emsc-csem/origin_method/NA</methodID>
    <quality>
      <usedPhaseCount>16</usedPhaseCount>
      <usedStationCount>16</usedStationCount>
      <standardError>0.7</standardError>
      <azimuthalGap>94</azimuthalGap>
      <minimumDistance>0.48</minimumDistance>
      <maximumDistance>4.16</maximumDistance>
    </quality>
    <evaluationMode>manual</evaluationMode>
    <creationInfo>
      <agencyURI>smi:smi-registry/organization/EMSC</agencyURI>
      <authorURI>smi:smi-registry/organization/EMSC</authorURI>
    </creationInfo>
    <originUncertainty>
      <azimuthMaxHorizontalUncertainty>63</azimuthMaxHorizontalUncertainty>
    </originUncertainty>
  </origin>
  <magnitude publicID="quakeml:eu.emsc/event/20011228_0000001/origin/1416766/mag/2">
    <mag>
      <value>3.6</value>
    </mag>
    <type>ML</type>
    <originID>quakeml:eu.emsc/event/20011228_0000001/origin/1416766</originID>
    <creationInfo>
      <agencyURI>smi:smi-registry/organization/EMSC</agencyURI>
      <authorURI>smi:smi-registry/organization/EMSC</authorURI>
    </creationInfo>
  </magnitude>
</event>
</eventParameters>
</q:quakeml>
