<?xml version="1.0"?>
<q:quakeml xmlns:q="http://quakeml.org/xmlns/quakeml/1.2"  xmlns="http://quakeml.org/xmlns/bed/1.2">
<eventParameters publicID="smi:eu.emsc/unid">
<event publicID="quakeml:eu.emsc/event/20010802_0000016">
  <preferredOriginID>quakeml:eu.emsc/event/20010802_0000016/origin/1424509</preferredOriginID>
  <preferredMagnitudeID>quakeml:eu.emsc/event/20010802_0000016/origin/1424509/mag/2</preferredMagnitudeID>
  <creationInfo>
    <agencyURI>smi:smi-registry/organization/EMSC</agencyURI>
    <authorURI>smi:smi-registry/organization/EMSC</authorURI>
    <creationTime>2014-12-10T13:27:47.999257Z</creationTime>
  </creationInfo>
  <description>
    <text>AEGEAN SEA</text>
    <type>Flinn-Engdahl region</type>
  </description>
  <origin publicID="quakeml:eu.emsc/event/20010802_0000016/origin/1424509">
    <time>
      <value>2001-08-02T23:13:03.6Z</value>
    </time>
    <latitude>
      <value>39.09</value>
      <uncertainty>9999.9</uncertainty>
    </latitude>
    <longitude>
      <value>24.16</value>
      <uncertainty>9999.9</uncertainty>
    </longitude>
    <depth>
      <value>5000</value>
    </depth>
    <depthType>from location</depthType>
    <methodID>smi:eu.emsc-csem/origin_method/NA</methodID>
    <quality>
      <usedPhaseCount>6</usedPhaseCount>
      <usedStationCount>6</usedStationCount>
      <standardError>2.03</standardError>
      <azimuthalGap>108</azimuthalGap>
      <minimumDistance>0.76</minimumDistance>
      <maximumDistance>1.84</maximumDistance>
    </quality>
    <evaluationMode>manual</evaluationMode>
    <creationInfo>
      <agencyURI>smi:smi-registry/organization/EMSC</agencyURI>
      <authorURI>smi:smi-registry/organization/EMSC</authorURI>
    </creationInfo>
    <originUncertainty>
      <azimuthMaxHorizontalUncertainty>-99</azimuthMaxHorizontalUncertainty>
    </originUncertainty>
  </origin>
  <magnitude publicID="quakeml:eu.emsc/event/20010802_0000016/origin/1424509/mag/2">
    <mag>
      <value>3</value>
    </mag>
    <type>ML</type>
    <originID>quakeml:eu.emsc/event/20010802_0000016/origin/1424509</originID>
    <creationInfo>
      <agencyURI>smi:smi-registry/organization/EMSC</agencyURI>
      <authorURI>smi:smi-registry/organization/EMSC</authorURI>
    </creationInfo>
  </magnitude>
</event>
<event publicID="quakeml:eu.emsc/event/20010802_0000015">
  <preferredOriginID>quakeml:eu.emsc/event/20010802_0000015/origin/1422432</preferredOriginID>
  <preferredMagnitudeID>quakeml:eu.emsc/event/20010802_0000015/origin/1422432/mag/2</preferredMagnitudeID>
  <creationInfo>
    <agencyURI>smi:smi-registry/organization/EMSC</agencyURI>
    <authorURI>smi:smi-registry/organization/EMSC</authorURI>
    <creationTime>2014-12-03T11:32:53.25876Z</creationTime>
  </creationInfo>
  <description>
    <text>JAN MAYEN ISLAND REGION</text>
    <type>Flinn-Engdahl region</type>
  </description>
  <origin publicID="quakeml:eu.emsc/event/20010802_0000015/origin/1422432">
    <time>
      <value>2001-08-02T22:18:01.6Z</value>
      <uncertainty>0.14</uncertainty>
    </time>
    <latitude>
      <value>71.1626</value>
      <uncertainty>9.1</uncertainty>
    </latitude>
    <longitude>
      <value>-12.9405</value>
      <uncertainty>4.6</uncertainty>
    </longitude>
    <depth>
      <value>39300.0</value>
    </depth>
    <depthType>from location</depthType>
    <methodID>smi:eu.emsc-csem/origin_method/NA</methodID>
    <quality>
      <usedPhaseCount>80</usedPhaseCount>
      <usedStationCount>79</usedStationCount>
      <standardError>0.92</standardError>
      <azimuthalGap>111</azimuthalGap>
      <minimumDistance>10.31</minimumDistance>
      <maximumDistance>68.84</maximumDistance>
    </quality>
    <evaluationMode>manual</evaluationMode>
    <creationInfo>
      <agencyURI>smi:smi-registry/organization/EMSC</agencyURI>
      <authorURI>smi:smi-registry/organization/EMSC</authorURI>
    </creationInfo>
    <originUncertainty>
      <azimuthMaxHorizontalUncertainty>47</azimuthMaxHorizontalUncertainty>
    </originUncertainty>
  </origin>
  <magnitude publicID="quakeml:eu.emsc/event/20010802_0000015/origin/1422432/mag/2">
    <mag>
      <value>4.5</value>
      <uncertainty>0.2</uncertainty>
    </mag>
    <type>mb</type>
    <originID>quakeml:eu.emsc/event/20010802_0000015/origin/1422432</originID>
    <stationCount>40</stationCount>
    <creationInfo>
      <agencyURI>smi:smi-registry/organization/EMSC</agencyURI>
      <authorURI>smi:smi-registry/organization/EMSC</authorURI>
    </creationInfo>
  </magnitude>
</event>
<event publicID="quakeml:eu.emsc/event/20010802_0000013">
  <preferredOriginID>quakeml:eu.emsc/event/20010802_0000013/origin/1420768</preferredOriginID>
  <preferredMagnitudeID>quakeml:eu.emsc/event/20010802_0000013/origin/1420768/mag/2</preferredMagnitudeID>
  <creationInfo>
    <agencyURI>smi:smi-registry/organization/EMSC</agencyURI>
    <authorURI>smi:smi-registry/organization/EMSC</authorURI>
    <creationTime>2014-12-03T11:52:33.52286Z</creationTime>
  </creationInfo>
  <description>
    <text>ROMANIA</text>
    <type>Flinn-Engdahl region</type>
  </description>
  <origin publicID="quakeml:eu.emsc/event/20010802_0000013/origin/1420768">
    <time>
      <value>2001-08-02T21:50:45.1Z</value>
      <uncertainty>0.2</uncertainty>
    </time>
    <latitude>
      <value>45.4682</value>
      <uncertainty>5.2</uncertainty>
    </latitude>
    <longitude>
      <value>21.0516</value>
      <uncertainty>2.5</uncertainty>
    </longitude>
    <depth>
      <value>5000</value>
    </depth>
    <depthType>from location</depthType>
    <methodID>smi:eu.emsc-csem/origin_method/NA</methodID>
    <quality>
      <usedPhaseCount>32</usedPhaseCount>
      <usedStationCount>21</usedStationCount>
      <standardError>0.7</standardError>
      <azimuthalGap>133</azimuthalGap>
      <minimumDistance>0.1</minimumDistance>
      <maximumDistance>5.24</maximumDistance>
    </quality>
    <evaluationMode>manual</evaluationMode>
    <creationInfo>
      <agencyURI>smi:smi-registry/organization/EMSC</agencyURI>
      <authorURI>smi:smi-registry/organization/EMSC</authorURI>
    </creationInfo>
    <originUncertainty>
      <azimuthMaxHorizontalUncertainty>170</azimuthMaxHorizontalUncertainty>
    </originUncertainty>
  </origin>
  <magnitude publicID="quakeml:eu.emsc/event/20010802_0000013/origin/1420768/mag/2">
    <mag>
      <value>4.3</value>
    </mag>
    <type>MD</type>
    <originID>quakeml:eu.emsc/event/20010802_0000013/origin/1420768</originID>
    <stationCount>5</stationCount>
    <creationInfo>
      <agencyURI>smi:smi-registry/organization/EMSC</agencyURI>
      <authorURI>smi:smi-registry/organization/EMSC</authorURI>
    </creationInfo>
  </magnitude>
</event>
<event publicID="quakeml:eu.emsc/event/20010802_0000014">
  <preferredOriginID>quakeml:eu.emsc/event/20010802_0000014/origin/1424511</preferredOriginID>
  <preferredMagnitudeID>quakeml:eu.emsc/event/20010802_0000014/origin/1424511/mag/2</preferredMagnitudeID>
  <creationInfo>
    <agencyURI>smi:smi-registry/organization/EMSC</agencyURI>
    <authorURI>smi:smi-registry/organization/EMSC</authorURI>
    <creationTime>2014-12-10T13:27:41.477067Z</creationTime>
  </creationInfo>
  <description>
    <text>AEGEAN SEA</text>
    <type>Flinn-Engdahl region</type>
  </description>
  <origin publicID="quakeml:eu.emsc/event/20010802_0000014/origin/1424511">
    <time>
      <value>2001-08-02T21:37:12.0Z</value>
    </time>
    <latitude>
      <value>39.08</value>
      <uncertainty>9999.9</uncertainty>
    </latitude>
    <longitude>
      <value>24.46</value>
      <uncertainty>9999.9</uncertainty>
    </longitude>
    <depth>
      <value>25000</value>
    </depth>
    <depthType>from location</depthType>
    <methodID>smi:eu.emsc-csem/origin_method/NA</methodID>
    <quality>
      <usedPhaseCount>6</usedPhaseCount>
      <usedStationCount>5</usedStationCount>
      <standardError>1.28</standardError>
      <azimuthalGap>159</azimuthalGap>
      <minimumDistance>0.99</minimumDistance>
      <maximumDistance>2.07</maximumDistance>
    </quality>
    <evaluationMode>manual</evaluationMode>
    <creationInfo>
      <agencyURI>smi:smi-registry/organization/EMSC</agencyURI>
      <authorURI>smi:smi-registry/organization/EMSC</authorURI>
    </creationInfo>
    <originUncertainty>
      <azimuthMaxHorizontalUncertainty>-99</azimuthMaxHorizontalUncertainty>
    </originUncertainty>
  </origin>
  <magnitude publicID="quakeml:eu.emsc/event/20010802_0000014/origin/1424511/mag/2">
    <mag>
      <value>3.1</value>
    </mag>
    <type>ML</type>
    <originID>quakeml:eu.emsc/event/20010802_0000014/origin/1424511</originID>
    <creationInfo>
      <agencyURI>smi:smi-registry/organization/EMSC</agencyURI>
      <authorURI>smi:smi-registry/organization/EMSC</authorURI>
    </creationInfo>
  </magnitude>
</event>
<event publicID="quakeml:eu.emsc/event/20010802_0000012">
  <preferredOriginID>quakeml:eu.emsc/event/20010802_0000012/origin/1420771</preferredOriginID>
  <preferredMagnitudeID>quakeml:eu.emsc/event/20010802_0000012/origin/1420771/mag/2</preferredMagnitudeID>
  <creationInfo>
    <agencyURI>smi:smi-registry/organization/EMSC</agencyURI>
    <authorURI>smi:smi-registry/organization/EMSC</authorURI>
    <creationTime>2014-12-03T11:04:51.83355Z</creationTime>
  </creationInfo>
  <description>
    <text>AEGEAN SEA</text>
    <type>Flinn-Engdahl region</type>
  </description>
  <origin publicID="quakeml:eu.emsc/event/20010802_0000012/origin/1420771">
    <time>
      <value>2001-08-02T19:47:18.0Z</value>
      <uncertainty>0.2</uncertainty>
    </time>
    <latitude>
      <value>39.1511</value>
      <uncertainty>7.1</uncertainty>
    </latitude>
    <longitude>
      <value>24.2174</value>
      <uncertainty>5.3</uncertainty>
    </longitude>
    <depth>
      <value>10000</value>
    </depth>
    <depthType>from location</depthType>
    <methodID>smi:eu.emsc-csem/origin_method/NA</methodID>
    <quality>
      <usedPhaseCount>17</usedPhaseCount>
      <usedStationCount>16</usedStationCount>
      <standardError>0.75</standardError>
      <azimuthalGap>59</azimuthalGap>
      <minimumDistance>0.79</minimumDistance>
      <maximumDistance>3.52</maximumDistance>
    </quality>
    <evaluationMode>manual</evaluationMode>
    <creationInfo>
      <agencyURI>smi:smi-registry/organization/EMSC</agencyURI>
      <authorURI>smi:smi-registry/organization/EMSC</authorURI>
    </creationInfo>
    <originUncertainty>
      <azimuthMaxHorizontalUncertainty>94</azimuthMaxHorizontalUncertainty>
    </originUncertainty>
  </origin>
  <magnitude publicID="quakeml:eu.emsc/event/20010802_0000012/origin/1420771/mag/2">
    <mag>
      <value>3.4</value>
    </mag>
    <type>ML</type>
    <originID>quakeml:eu.emsc/event/20010802_0000012/origin/1420771</originID>
    <creationInfo>
      <agencyURI>smi:smi-registry/organization/EMSC</agencyURI>
      <authorURI>smi:smi-registry/organization/EMSC</authorURI>
    </creationInfo>
  </magnitude>
</event>
<event publicID="quakeml:eu.emsc/event/20010802_0000011">
  <preferredOriginID>quakeml:eu.emsc/event/20010802_0000011/origin/1420776</preferredOriginID>
  <preferredMagnitudeID>quakeml:eu.emsc/event/20010802_0000011/origin/1420776/mag/2</preferredMagnitudeID>
  <creationInfo>
    <agencyURI>smi:smi-registry/organization/EMSC</agencyURI>
    <authorURI>smi:smi-registry/organization/EMSC</authorURI>
    <creationTime>2014-12-03T10:51:43.892678Z</creationTime>
  </creationInfo>
  <description>
    <text>AEGEAN SEA</text>
    <type>Flinn-Engdahl region</type>
  </description>
  <origin publicID="quakeml:eu.emsc/event/20010802_0000011/origin/1420776">
    <time>
      <value>2001-08-02T18:40:43.2Z</value>
      <uncertainty>0.14</uncertainty>
    </time>
    <latitude>
      <value>39.1657</value>
      <uncertainty>4.3</uncertainty>
    </latitude>
    <longitude>
      <value>24.4826</value>
      <uncertainty>3.7</uncertainty>
    </longitude>
    <depth>
      <value>2000</value>
    </depth>
    <depthType>from location</depthType>
    <methodID>smi:eu.emsc-csem/origin_method/NA</methodID>
    <quality>
      <usedPhaseCount>69</usedPhaseCount>
      <usedStationCount>67</usedStationCount>
      <standardError>0.93</standardError>
      <azimuthalGap>35</azimuthalGap>
      <minimumDistance>0.99</minimumDistance>
      <maximumDistance>42.24</maximumDistance>
    </quality>
    <evaluationMode>manual</evaluationMode>
    <creationInfo>
      <agencyURI>smi:smi-registry/organization/EMSC</agencyURI>
      <authorURI>smi:smi-registry/organization/EMSC</authorURI>
    </creationInfo>
    <originUncertainty>
      <azimuthMaxHorizontalUncertainty>151</azimuthMaxHorizontalUncertainty>
    </originUncertainty>
  </origin>
  <magnitude publicID="quakeml:eu.emsc/event/20010802_0000011/origin/1420776/mag/2">
    <mag>
      <value>4.3</value>
      <uncertainty>0.2</uncertainty>
    </mag>
    <type>mb</type>
    <originID>quakeml:eu.emsc/event/20010802_0000011/origin/1420776</originID>
    <stationCount>6</stationCount>
    <creationInfo>
      <agencyURI>smi:smi-registry/organization/EMSC</agencyURI>
      <authorURI>smi:smi-registry/organization/EMSC</authorURI>
    </creationInfo>
  </magnitude>
</event>
<event publicID="quakeml:eu.emsc/event/20010802_0000010">
  <preferredOriginID>quakeml:eu.emsc/event/20010802_0000010/origin/1420779</preferredOriginID>
  <preferredMagnitudeID>quakeml:eu.emsc/event/20010802_0000010/origin/1420779/mag/2</preferredMagnitudeID>
  <creationInfo>
    <agencyURI>smi:smi-registry/organization/EMSC</agencyURI>
    <authorURI>smi:smi-registry/organization/EMSC</authorURI>
    <creationTime>2014-12-03T12:11:49.476906Z</creationTime>
  </creationInfo>
  <description>
    <text>AEGEAN SEA</text>
    <type>Flinn-Engdahl region</type>
  </description>
  <origin publicID="quakeml:eu.emsc/event/20010802_0000010/origin/1420779">
    <time>
      <value>2001-08-02T18:17:59.9Z</value>
      <uncertainty>0.21</uncertainty>
    </time>
    <latitude>
      <value>38.8977</value>
      <uncertainty>7</uncertainty>
    </latitude>
    <longitude>
      <value>24.3142</value>
      <uncertainty>6.2</uncertainty>
    </longitude>
    <depth>
      <value>10000</value>
    </depth>
    <depthType>from location</depthType>
    <methodID>smi:eu.emsc-csem/origin_method/NA</methodID>
    <quality>
      <usedPhaseCount>11</usedPhaseCount>
      <usedStationCount>11</usedStationCount>
      <standardError>0.61</standardError>
      <azimuthalGap>64</azimuthalGap>
      <minimumDistance>0.92</minimumDistance>
      <maximumDistance>2.96</maximumDistance>
    </quality>
    <evaluationMode>manual</evaluationMode>
    <creationInfo>
      <agencyURI>smi:smi-registry/organization/EMSC</agencyURI>
      <authorURI>smi:smi-registry/organization/EMSC</authorURI>
    </creationInfo>
    <originUncertainty>
      <azimuthMaxHorizontalUncertainty>121</azimuthMaxHorizontalUncertainty>
    </originUncertainty>
  </origin>
  <magnitude publicID="quakeml:eu.emsc/event/20010802_0000010/origin/1420779/mag/2">
    <mag>
      <value>3.3</value>
    </mag>
    <type>ML</type>
    <originID>quakeml:eu.emsc/event/20010802_0000010/origin/1420779</originID>
    <creationInfo>
      <agencyURI>smi:smi-registry/organization/EMSC</agencyURI>
      <authorURI>smi:smi-registry/organization/EMSC</authorURI>
    </creationInfo>
  </magnitude>
</event>
<event publicID="quakeml:eu.emsc/event/20010802_0000009">
  <preferredOriginID>quakeml:eu.emsc/event/20010802_0000009/origin/1422428</preferredOriginID>
  <preferredMagnitudeID>quakeml:eu.emsc/event/20010802_0000009/origin/1422428/mag/2</preferredMagnitudeID>
  <creationInfo>
    <agencyURI>smi:smi-registry/organization/EMSC</agencyURI>
    <authorURI>smi:smi-registry/organization/EMSC</authorURI>
    <creationTime>2014-12-03T11:24:31.81361Z</creationTime>
  </creationInfo>
  <description>
    <text>JAN MAYEN ISLAND REGION</text>
    <type>Flinn-Engdahl region</type>
  </description>
  <origin publicID="quakeml:eu.emsc/event/20010802_0000009/origin/1422428">
    <time>
      <value>2001-08-02T16:44:04.6Z</value>
      <uncertainty>0.18</uncertainty>
    </time>
    <latitude>
      <value>71.0842</value>
      <uncertainty>12.8</uncertainty>
    </latitude>
    <longitude>
      <value>-12.5606</value>
      <uncertainty>5.6</uncertainty>
    </longitude>
    <depth>
      <value>45100.0</value>
    </depth>
    <depthType>from location</depthType>
    <methodID>smi:eu.emsc-csem/origin_method/NA</methodID>
    <quality>
      <usedPhaseCount>74</usedPhaseCount>
      <usedStationCount>73</usedStationCount>
      <standardError>1.11</standardError>
      <azimuthalGap>118</azimuthalGap>
      <minimumDistance>13.82</minimumDistance>
      <maximumDistance>68.7</maximumDistance>
    </quality>
    <evaluationMode>manual</evaluationMode>
    <creationInfo>
      <agencyURI>smi:smi-registry/organization/EMSC</agencyURI>
      <authorURI>smi:smi-registry/organization/EMSC</authorURI>
    </creationInfo>
    <originUncertainty>
      <azimuthMaxHorizontalUncertainty>44</azimuthMaxHorizontalUncertainty>
    </originUncertainty>
  </origin>
  <magnitude publicID="quakeml:eu.emsc/event/20010802_0000009/origin/1422428/mag/2">
    <mag>
      <value>4.6</value>
      <uncertainty>0.3</uncertainty>
    </mag>
    <type>mb</type>
    <originID>quakeml:eu.emsc/event/20010802_0000009/origin/1422428</originID>
    <stationCount>33</stationCount>
    <creationInfo>
      <agencyURI>smi:smi-registry/organization/EMSC</agencyURI>
      <authorURI>smi:smi-registry/organization/EMSC</authorURI>
    </creationInfo>
  </magnitude>
</event>
<event publicID="quakeml:eu.emsc/event/20010802_0000006">
  <preferredOriginID>quakeml:eu.emsc/event/20010802_0000006/origin/1420789</preferredOriginID>
  <preferredMagnitudeID>quakeml:eu.emsc/event/20010802_0000006/origin/1420789/mag/2</preferredMagnitudeID>
  <creationInfo>
    <agencyURI>smi:smi-registry/organization/EMSC</agencyURI>
    <authorURI>smi:smi-registry/organization/EMSC</authorURI>
    <creationTime>2014-12-03T10:56:10.776115Z</creationTime>
  </creationInfo>
  <description>
    <text>JAN MAYEN ISLAND REGION</text>
    <type>Flinn-Engdahl region</type>
  </description>
  <origin publicID="quakeml:eu.emsc/event/20010802_0000006/origin/1420789">
    <time>
      <value>2001-08-02T14:19:21.6Z</value>
      <uncertainty>0.15</uncertainty>
    </time>
    <latitude>
      <value>71.1991</value>
      <uncertainty>9.7</uncertainty>
    </latitude>
    <longitude>
      <value>-13.0857</value>
      <uncertainty>5.2</uncertainty>
    </longitude>
    <depth>
      <value>2000</value>
    </depth>
    <depthType>from location</depthType>
    <methodID>smi:eu.emsc-csem/origin_method/NA</methodID>
    <quality>
      <usedPhaseCount>77</usedPhaseCount>
      <usedStationCount>76</usedStationCount>
      <standardError>1.05</standardError>
      <azimuthalGap>95</azimuthalGap>
      <minimumDistance>5.81</minimumDistance>
      <maximumDistance>59.13</maximumDistance>
    </quality>
    <evaluationMode>manual</evaluationMode>
    <creationInfo>
      <agencyURI>smi:smi-registry/organization/EMSC</agencyURI>
      <authorURI>smi:smi-registry/organization/EMSC</authorURI>
    </creationInfo>
    <originUncertainty>
      <azimuthMaxHorizontalUncertainty>49</azimuthMaxHorizontalUncertainty>
    </originUncertainty>
  </origin>
  <magnitude publicID="quakeml:eu.emsc/event/20010802_0000006/origin/1420789/mag/2">
    <mag>
      <value>4.6</value>
      <uncertainty>0.2</uncertainty>
    </mag>
    <type>mb</type>
    <originID>quakeml:eu.emsc/event/20010802_0000006/origin/1420789</originID>
    <stationCount>30</stationCount>
    <creationInfo>
      <agencyURI>smi:smi-registry/organization/EMSC</agencyURI>
      <authorURI>smi:smi-registry/organization/EMSC</authorURI>
    </creationInfo>
  </magnitude>
</event>
<event publicID="quakeml:eu.emsc/event/20010802_0000007">
  <preferredOriginID>quakeml:eu.emsc/event/20010802_0000007/origin/1424513</preferredOriginID>
  <preferredMagnitudeID>quakeml:eu.emsc/event/20010802_0000007/origin/1424513/mag/2</preferredMagnitudeID>
  <creationInfo>
    <agencyURI>smi:smi-registry/organization/EMSC</agencyURI>
    <authorURI>smi:smi-registry/organization/EMSC</authorURI>
    <creationTime>2014-12-10T13:27:25.483116Z</creationTime>
  </creationInfo>
  <description>
    <text>WESTERN TURKEY</text>
    <type>Flinn-Engdahl region</type>
  </description>
  <origin publicID="quakeml:eu.emsc/event/20010802_0000007/origin/1424513">
    <time>
      <value>2001-08-02T12:56:56.5Z</value>
    </time>
    <latitude>
      <value>39.65</value>
      <uncertainty>9999.9</uncertainty>
    </latitude>
    <longitude>
      <value>27.795</value>
      <uncertainty>9999.9</uncertainty>
    </longitude>
    <depth>
      <value>9000</value>
    </depth>
    <depthType>from location</depthType>
    <methodID>smi:eu.emsc-csem/origin_method/NA</methodID>
    <quality>
      <usedPhaseCount>12</usedPhaseCount>
      <usedStationCount>9</usedStationCount>
      <standardError>0.96</standardError>
      <azimuthalGap>241</azimuthalGap>
      <minimumDistance>0.64</minimumDistance>
      <maximumDistance>1.57</maximumDistance>
    </quality>
    <evaluationMode>manual</evaluationMode>
    <creationInfo>
      <agencyURI>smi:smi-registry/organization/EMSC</agencyURI>
      <authorURI>smi:smi-registry/organization/EMSC</authorURI>
    </creationInfo>
    <originUncertainty>
      <azimuthMaxHorizontalUncertainty>-99</azimuthMaxHorizontalUncertainty>
    </originUncertainty>
  </origin>
  <magnitude publicID="quakeml:eu.emsc/event/20010802_0000007/origin/1424513/mag/2">
    <mag>
      <value>3</value>
    </mag>
    <type>MD</type>
    <originID>quakeml:eu.emsc/event/20010802_0000007/origin/1424513</originID>
    <creationInfo>
      <agencyURI>smi:smi-registry/organization/EMSC</agencyURI>
      <authorURI>smi:smi-registry/organization/EMSC</authorURI>
    </creationInfo>
  </magnitude>
</event>
<event publicID="quakeml:eu.emsc/event/20010802_0000020">
  <preferredOriginID>quakeml:eu.emsc/event/20010802_0000020/origin/1424515</preferredOriginID>
  <preferredMagnitudeID>quakeml:eu.emsc/event/20010802_0000020/origin/1424515/mag/2</preferredMagnitudeID>
  <creationInfo>
    <agencyURI>smi:smi-registry/organization/EMSC</agencyURI>
    <authorURI>smi:smi-registry/organization/EMSC</authorURI>
    <creationTime>2014-12-10T18:28:21.666905Z</creationTime>
  </creationInfo>
  <description>
    <text>PYRENEES</text>
    <type>Flinn-Engdahl region</type>
  </description>
  <origin publicID="quakeml:eu.emsc/event/20010802_0000020/origin/1424515">
    <time>
      <value>2001-08-02T11:35:17.1Z</value>
    </time>
    <latitude>
      <value>43.03</value>
      <uncertainty>9999.9</uncertainty>
    </latitude>
    <longitude>
      <value>-1.54</value>
      <uncertainty>9999.9</uncertainty>
    </longitude>
    <depth>
      <value>5000</value>
    </depth>
    <depthType>from location</depthType>
    <methodID>smi:eu.emsc-csem/origin_method/NA</methodID>
    <quality>
      <usedPhaseCount>8</usedPhaseCount>
      <usedStationCount>4</usedStationCount>
      <standardError>0.39</standardError>
      <azimuthalGap>313</azimuthalGap>
      <minimumDistance>0.3</minimumDistance>
      <maximumDistance>0.62</maximumDistance>
    </quality>
    <evaluationMode>manual</evaluationMode>
    <creationInfo>
      <agencyURI>smi:smi-registry/organization/EMSC</agencyURI>
      <authorURI>smi:smi-registry/organization/EMSC</authorURI>
    </creationInfo>
    <originUncertainty>
      <azimuthMaxHorizontalUncertainty>-99</azimuthMaxHorizontalUncertainty>
    </originUncertainty>
  </origin>
  <magnitude publicID="quakeml:eu.emsc/event/20010802_0000020/origin/1424515/mag/2">
    <mag>
      <value>2.3</value>
    </mag>
    <type>ML</type>
    <originID>quakeml:eu.emsc/event/20010802_0000020/origin/1424515</originID>
    <creationInfo>
      <agencyURI>smi:smi-registry/organization/EMSC</agencyURI>
      <authorURI>smi:smi-registry/organization/EMSC</authorURI>
    </creationInfo>
  </magnitude>
</event>
<event publicID="quakeml:eu.emsc/event/20010802_0000001">
  <preferredOriginID>quakeml:eu.emsc/event/20010802_0000001/origin/1420792</preferredOriginID>
  <preferredMagnitudeID>quakeml:eu.emsc/event/20010802_0000001/origin/1420792/mag/2</preferredMagnitudeID>
  <creationInfo>
    <agencyURI>smi:smi-registry/organization/EMSC</agencyURI>
    <authorURI>smi:smi-registry/organization/EMSC</authorURI>
    <creationTime>2014-12-03T12:14:41.30869Z</creationTime>
  </creationInfo>
  <description>
    <text>AEGEAN SEA</text>
    <type>Flinn-Engdahl region</type>
  </description>
  <origin publicID="quakeml:eu.emsc/event/20010802_0000001/origin/1420792">
    <time>
      <value>2001-08-02T11:26:47.9Z</value>
      <uncertainty>0.2</uncertainty>
    </time>
    <latitude>
      <value>39.082</value>
      <uncertainty>7.2</uncertainty>
    </latitude>
    <longitude>
      <value>24.131</value>
      <uncertainty>5.1</uncertainty>
    </longitude>
    <depth>
      <value>30000</value>
    </depth>
    <depthType>from location</depthType>
    <methodID>smi:eu.emsc-csem/origin_method/NA</methodID>
    <quality>
      <usedPhaseCount>11</usedPhaseCount>
      <usedStationCount>9</usedStationCount>
      <standardError>0.65</standardError>
      <azimuthalGap>91</azimuthalGap>
      <minimumDistance>0.74</minimumDistance>
      <maximumDistance>3.58</maximumDistance>
    </quality>
    <evaluationMode>manual</evaluationMode>
    <creationInfo>
      <agencyURI>smi:smi-registry/organization/EMSC</agencyURI>
      <authorURI>smi:smi-registry/organization/EMSC</authorURI>
    </creationInfo>
    <originUncertainty>
      <azimuthMaxHorizontalUncertainty>66</azimuthMaxHorizontalUncertainty>
    </originUncertainty>
  </origin>
  <magnitude publicID="quakeml:eu.emsc/event/20010802_0000001/origin/1420792/mag/2">
    <mag>
      <value>3.3</value>
    </mag>
    <type>ML</type>
    <originID>quakeml:eu.emsc/event/20010802_0000001/origin/1420792</originID>
    <creationInfo>
      <agencyURI>smi:smi-registry/organization/EMSC</agencyURI>
      <authorURI>smi:smi-registry/organization/EMSC</authorURI>
    </creationInfo>
  </magnitude>
</event>
<event publicID="quakeml:eu.emsc/event/20010802_0000018">
  <preferredOriginID>quakeml:eu.emsc/event/20010802_0000018/origin/1420558</preferredOriginID>
  <preferredMagnitudeID>quakeml:eu.emsc/event/20010802_0000018/origin/1420558/mag/2</preferredMagnitudeID>
  <creationInfo>
    <agencyURI>smi:smi-registry/organization/EMSC</agencyURI>
    <authorURI>smi:smi-registry/organization/EMSC</authorURI>
    <creationTime>2014-12-03T15:05:41.14827Z</creationTime>
  </creationInfo>
  <description>
    <text>SPAIN</text>
    <type>Flinn-Engdahl region</type>
  </description>
  <origin publicID="quakeml:eu.emsc/event/20010802_0000018/origin/1420558">
    <time>
      <value>2001-08-02T11:08:59.0Z</value>
      <uncertainty>0.28</uncertainty>
    </time>
    <latitude>
      <value>41.7873</value>
      <uncertainty>6.7</uncertainty>
    </latitude>
    <longitude>
      <value>2.2658</value>
      <uncertainty>4.8</uncertainty>
    </longitude>
    <depth>
      <value>8000</value>
    </depth>
    <depthType>from location</depthType>
    <methodID>smi:eu.emsc-csem/origin_method/NA</methodID>
    <quality>
      <usedPhaseCount>12</usedPhaseCount>
      <usedStationCount>5</usedStationCount>
      <standardError>0.99</standardError>
      <azimuthalGap>174</azimuthalGap>
      <minimumDistance>0.13</minimumDistance>
      <maximumDistance>1.51</maximumDistance>
    </quality>
    <evaluationMode>manual</evaluationMode>
    <creationInfo>
      <agencyURI>smi:smi-registry/organization/EMSC</agencyURI>
      <authorURI>smi:smi-registry/organization/EMSC</authorURI>
    </creationInfo>
    <originUncertainty>
      <azimuthMaxHorizontalUncertainty>177</azimuthMaxHorizontalUncertainty>
    </originUncertainty>
  </origin>
  <magnitude publicID="quakeml:eu.emsc/event/20010802_0000018/origin/1420558/mag/2">
    <mag>
      <value>1.7</value>
      <uncertainty>0.2</uncertainty>
    </mag>
    <type>mb</type>
    <originID>quakeml:eu.emsc/event/20010802_0000018/origin/1420558</originID>
    <stationCount>3</stationCount>
    <creationInfo>
      <agencyURI>smi:smi-registry/organization/EMSC</agencyURI>
      <authorURI>smi:smi-registry/organization/EMSC</authorURI>
    </creationInfo>
  </magnitude>
</event>
<event publicID="quakeml:eu.emsc/event/20010802_0000005">
  <preferredOriginID>quakeml:eu.emsc/event/20010802_0000005/origin/1424517</preferredOriginID>
  <preferredMagnitudeID>quakeml:eu.emsc/event/20010802_0000005/origin/1424517/mag/2</preferredMagnitudeID>
  <creationInfo>
    <agencyURI>smi:smi-registry/organization/EMSC</agencyURI>
    <authorURI>smi:smi-registry/organization/EMSC</authorURI>
    <creationTime>2014-12-10T13:27:21.17547Z</creationTime>
  </creationInfo>
  <description>
    <text>AEGEAN SEA</text>
    <type>Flinn-Engdahl region</type>
  </description>
  <origin publicID="quakeml:eu.emsc/event/20010802_0000005/origin/1424517">
    <time>
      <value>2001-08-02T10:14:45.5Z</value>
    </time>
    <latitude>
      <value>39.03</value>
      <uncertainty>9999.9</uncertainty>
    </latitude>
    <longitude>
      <value>24.23</value>
      <uncertainty>9999.9</uncertainty>
    </longitude>
    <depth>
      <value>26000</value>
    </depth>
    <depthType>from location</depthType>
    <methodID>smi:eu.emsc-csem/origin_method/NA</methodID>
    <quality>
      <usedPhaseCount>7</usedPhaseCount>
      <usedStationCount>7</usedStationCount>
      <standardError>1.09</standardError>
      <azimuthalGap>105</azimuthalGap>
      <minimumDistance>0.83</minimumDistance>
      <maximumDistance>2.21</maximumDistance>
    </quality>
    <evaluationMode>manual</evaluationMode>
    <creationInfo>
      <agencyURI>smi:smi-registry/organization/EMSC</agencyURI>
      <authorURI>smi:smi-registry/organization/EMSC</authorURI>
    </creationInfo>
    <originUncertainty>
      <azimuthMaxHorizontalUncertainty>-99</azimuthMaxHorizontalUncertainty>
    </originUncertainty>
  </origin>
  <magnitude publicID="quakeml:eu.emsc/event/20010802_0000005/origin/1424517/mag/2">
    <mag>
      <value>3.1</value>
    </mag>
    <type>ML</type>
    <originID>quakeml:eu.emsc/event/20010802_0000005/origin/1424517</originID>
    <creationInfo>
      <agencyURI>smi:smi-registry/organization/EMSC</agencyURI>
      <authorURI>smi:smi-registry/organization/EMSC</authorURI>
    </creationInfo>
  </magnitude>
</event>
<event publicID="quakeml:eu.emsc/event/20010802_0000019">
  <preferredOriginID>quakeml:eu.emsc/event/20010802_0000019/origin/1422334</preferredOriginID>
  <preferredMagnitudeID>quakeml:eu.emsc/event/20010802_0000019/origin/1422334/mag/1</preferredMagnitudeID>
  <creationInfo>
    <agencyURI>smi:smi-registry/organization/EMSC</agencyURI>
    <authorURI>smi:smi-registry/organization/EMSC</authorURI>
    <creationTime>2014-12-03T15:47:04.548949Z</creationTime>
  </creationInfo>
  <description>
    <text>NORTHERN ITALY</text>
    <type>Flinn-Engdahl region</type>
  </description>
  <origin publicID="quakeml:eu.emsc/event/20010802_0000019/origin/1422334">
    <time>
      <value>2001-08-02T04:36:43.8Z</value>
      <uncertainty>0.11</uncertainty>
    </time>
    <latitude>
      <value>44.6667</value>
      <uncertainty>2.7</uncertainty>
    </latitude>
    <longitude>
      <value>7.198</value>
      <uncertainty>1.7</uncertainty>
    </longitude>
    <depth>
      <value>5000</value>
    </depth>
    <depthType>from location</depthType>
    <methodID>smi:eu.emsc-csem/origin_method/NA</methodID>
    <quality>
      <usedPhaseCount>83</usedPhaseCount>
      <usedStationCount>44</usedStationCount>
      <standardError>1.1</standardError>
      <azimuthalGap>71</azimuthalGap>
      <minimumDistance>0.18</minimumDistance>
      <maximumDistance>3.87</maximumDistance>
    </quality>
    <evaluationMode>manual</evaluationMode>
    <creationInfo>
      <agencyURI>smi:smi-registry/organization/EMSC</agencyURI>
      <authorURI>smi:smi-registry/organization/EMSC</authorURI>
    </creationInfo>
    <originUncertainty>
      <azimuthMaxHorizontalUncertainty>62</azimuthMaxHorizontalUncertainty>
    </originUncertainty>
  </origin>
  <magnitude publicID="quakeml:eu.emsc/event/20010802_0000019/origin/1422334/mag/1">
    <mag>
      <value>2.6</value>
      <uncertainty>0.3</uncertainty>
    </mag>
    <type>ML</type>
    <originID>quakeml:eu.emsc/event/20010802_0000019/origin/1422334</originID>
    <stationCount>20</stationCount>
    <creationInfo>
      <agencyURI>smi:smi-registry/organization/EMSC</agencyURI>
      <authorURI>smi:smi-registry/organization/EMSC</authorURI>
    </creationInfo>
  </magnitude>
</event>
<event publicID="quakeml:eu.emsc/event/20010802_0000021">
  <preferredOriginID>quakeml:eu.emsc/event/20010802_0000021/origin/1420561</preferredOriginID>
  <preferredMagnitudeID>quakeml:eu.emsc/event/20010802_0000021/origin/1420561/mag/1</preferredMagnitudeID>
  <creationInfo>
    <agencyURI>smi:smi-registry/organization/EMSC</agencyURI>
    <authorURI>smi:smi-registry/organization/EMSC</authorURI>
    <creationTime>2014-12-03T16:48:00.622236Z</creationTime>
  </creationInfo>
  <description>
    <text>FRANCE</text>
    <type>Flinn-Engdahl region</type>
  </description>
  <origin publicID="quakeml:eu.emsc/event/20010802_0000021/origin/1420561">
    <time>
      <value>2001-08-02T01:25:21.8Z</value>
      <uncertainty>0.08</uncertainty>
    </time>
    <latitude>
      <value>45.5113</value>
      <uncertainty>1.7</uncertainty>
    </latitude>
    <longitude>
      <value>3.641</value>
      <uncertainty>1.6</uncertainty>
    </longitude>
    <depth>
      <value>10000</value>
    </depth>
    <depthType>from location</depthType>
    <methodID>smi:eu.emsc-csem/origin_method/NA</methodID>
    <quality>
      <usedPhaseCount>64</usedPhaseCount>
      <usedStationCount>28</usedStationCount>
      <standardError>0.83</standardError>
      <azimuthalGap>36</azimuthalGap>
      <minimumDistance>0.39</minimumDistance>
      <maximumDistance>3.82</maximumDistance>
    </quality>
    <evaluationMode>manual</evaluationMode>
    <creationInfo>
      <agencyURI>smi:smi-registry/organization/EMSC</agencyURI>
      <authorURI>smi:smi-registry/organization/EMSC</authorURI>
    </creationInfo>
    <originUncertainty>
      <azimuthMaxHorizontalUncertainty>45</azimuthMaxHorizontalUncertainty>
    </originUncertainty>
  </origin>
  <magnitude publicID="quakeml:eu.emsc/event/20010802_0000021/origin/1420561/mag/1">
    <mag>
      <value>2.3</value>
      <uncertainty>0.3</uncertainty>
    </mag>
    <type>ML</type>
    <originID>quakeml:eu.emsc/event/20010802_0000021/origin/1420561</originID>
    <stationCount>22</stationCount>
    <creationInfo>
      <agencyURI>smi:smi-registry/organization/EMSC</agencyURI>
      <authorURI>smi:smi-registry/organization/EMSC</authorURI>
    </creationInfo>
  </magnitude>
</event>
<event publicID="quakeml:eu.emsc/event/20010802_0000002">
  <preferredOriginID>quakeml:eu.emsc/event/20010802_0000002/origin/1424519</preferredOriginID>
  <preferredMagnitudeID>quakeml:eu.emsc/event/20010802_0000002/origin/1424519/mag/2</preferredMagnitudeID>
  <creationInfo>
    <agencyURI>smi:smi-registry/organization/EMSC</agencyURI>
    <authorURI>smi:smi-registry/organization/EMSC</authorURI>
    <creationTime>2014-12-10T13:27:14.139835Z</creationTime>
  </creationInfo>
  <description>
    <text>AEGEAN SEA</text>
    <type>Flinn-Engdahl region</type>
  </description>
  <origin publicID="quakeml:eu.emsc/event/20010802_0000002/origin/1424519">
    <time>
      <value>2001-08-02T00:06:41.9Z</value>
    </time>
    <latitude>
      <value>38.99</value>
      <uncertainty>9999.9</uncertainty>
    </latitude>
    <longitude>
      <value>24.29</value>
      <uncertainty>9999.9</uncertainty>
    </longitude>
    <depth>
      <value>6000</value>
    </depth>
    <depthType>from location</depthType>
    <methodID>smi:eu.emsc-csem/origin_method/NA</methodID>
    <quality>
      <usedPhaseCount>8</usedPhaseCount>
      <usedStationCount>6</usedStationCount>
      <standardError>2.49</standardError>
      <azimuthalGap>119</azimuthalGap>
      <minimumDistance>0.89</minimumDistance>
      <maximumDistance>2.51</maximumDistance>
    </quality>
    <evaluationMode>manual</evaluationMode>
    <creationInfo>
      <agencyURI>smi:smi-registry/organization/EMSC</agencyURI>
      <authorURI>smi:smi-registry/organization/EMSC</authorURI>
    </creationInfo>
    <originUncertainty>
      <azimuthMaxHorizontalUncertainty>-99</azimuthMaxHorizontalUncertainty>
    </originUncertainty>
  </origin>
  <magnitude publicID="quakeml:eu.emsc/event/20010802_0000002/origin/1424519/mag/2">
    <mag>
      <value>3.2</value>
    </mag>
    <type>ML</type>
    <originID>quakeml:eu.emsc/event/20010802_0000002/origin/1424519</originID>
    <creationInfo>
      <agencyURI>smi:smi-registry/organization/EMSC</agencyURI>
      <authorURI>smi:smi-registry/organization/EMSC</authorURI>
    </creationInfo>
  </magnitude>
</event>
</eventParameters>
</q:quakeml>
