<?xml version="1.0"?>
<q:quakeml xmlns:q="http://quakeml.org/xmlns/quakeml/1.2"  xmlns="http://quakeml.org/xmlns/bed/1.2">
<eventParameters publicID="smi:eu.emsc/unid">
<event publicID="quakeml:eu.emsc/event/19981128_0000011">
  <preferredOriginID>quakeml:eu.emsc/event/19981128_0000011/origin/1489054</preferredOriginID>
  <preferredMagnitudeID>quakeml:eu.emsc/event/19981128_0000011/origin/1489054/mag/2</preferredMagnitudeID>
  <creationInfo>
    <agencyURI>smi:smi-registry/organization/EMSC</agencyURI>
    <authorURI>smi:smi-registry/organization/EMSC</authorURI>
    <creationTime>2014-12-03T12:06:09.496172Z</creationTime>
  </creationInfo>
  <description>
    <text>GREECE</text>
    <type>Flinn-Engdahl region</type>
  </description>
  <origin publicID="quakeml:eu.emsc/event/19981128_0000011/origin/1489054">
    <time>
      <value>1998-11-28T20:21:06.5Z</value>
      <uncertainty>0.4</uncertainty>
    </time>
    <latitude>
      <value>38.9433</value>
      <uncertainty>10.4</uncertainty>
    </latitude>
    <longitude>
      <value>21.6174</value>
      <uncertainty>6.3</uncertainty>
    </longitude>
    <depth>
      <value>2000</value>
    </depth>
    <depthType>from location</depthType>
    <methodID>smi:eu.emsc-csem/origin_method/NA</methodID>
    <quality>
      <usedPhaseCount>29</usedPhaseCount>
      <usedStationCount>28</usedStationCount>
      <standardError>1.19</standardError>
      <azimuthalGap>94</azimuthalGap>
      <minimumDistance>0.15</minimumDistance>
      <maximumDistance>33.74</maximumDistance>
    </quality>
    <evaluationMode>manual</evaluationMode>
    <creationInfo>
      <agencyURI>smi:smi-registry/organization/EMSC</agencyURI>
      <authorURI>smi:smi-registry/organization/EMSC</authorURI>
    </creationInfo>
    <originUncertainty>
      <azimuthMaxHorizontalUncertainty>21</azimuthMaxHorizontalUncertainty>
    </originUncertainty>
  </origin>
  <magnitude publicID="quakeml:eu.emsc/event/19981128_0000011/origin/1489054/mag/2">
    <mag>
      <value>3.5</value>
    </mag>
    <type>mb</type>
    <originID>quakeml:eu.emsc/event/19981128_0000011/origin/1489054</originID>
    <stationCount>1</stationCount>
    <creationInfo>
      <agencyURI>smi:smi-registry/organization/EMSC</agencyURI>
      <authorURI>smi:smi-registry/organization/EMSC</authorURI>
    </creationInfo>
  </magnitude>
</event>
<event publicID="quakeml:eu.emsc/event/19981128_0000013">
  <preferredOriginID>quakeml:eu.emsc/event/19981128_0000013/origin/1482076</preferredOriginID>
  <preferredMagnitudeID>quakeml:eu.emsc/event/19981128_0000013/origin/1482076/mag/2</preferredMagnitudeID>
  <creationInfo>
    <agencyURI>smi:smi-registry/organization/EMSC</agencyURI>
    <authorURI>smi:smi-registry/organization/EMSC</authorURI>
    <creationTime>2014-12-10T12:56:32.446793Z</creationTime>
  </creationInfo>
  <description>
    <text>FRANCE</text>
    <type>Flinn-Engdahl region</type>
  </description>
  <origin publicID="quakeml:eu.emsc/event/19981128_0000013/origin/1482076">
    <time>
      <value>1998-11-28T18:39:53.8Z</value>
    </time>
    <latitude>
      <value>44.129</value>
      <uncertainty>9999.9</uncertainty>
    </latitude>
    <longitude>
      <value>6.8958</value>
      <uncertainty>9999.9</uncertainty>
    </longitude>
    <depth>
      <value>2000</value>
    </depth>
    <depthType>from location</depthType>
    <methodID>smi:eu.emsc-csem/origin_method/NA</methodID>
    <quality>
      <usedPhaseCount>18</usedPhaseCount>
      <usedStationCount>9</usedStationCount>
      <standardError>1.11</standardError>
      <azimuthalGap>128</azimuthalGap>
      <minimumDistance>0.47</minimumDistance>
      <maximumDistance>1.75</maximumDistance>
    </quality>
    <evaluationMode>manual</evaluationMode>
    <creationInfo>
      <agencyURI>smi:smi-registry/organization/EMSC</agencyURI>
      <authorURI>smi:smi-registry/organization/EMSC</authorURI>
    </creationInfo>
    <originUncertainty>
      <azimuthMaxHorizontalUncertainty>-99</azimuthMaxHorizontalUncertainty>
    </originUncertainty>
  </origin>
  <magnitude publicID="quakeml:eu.emsc/event/19981128_0000013/origin/1482076/mag/2">
    <mag>
      <value>1.9</value>
    </mag>
    <type>ML</type>
    <originID>quakeml:eu.emsc/event/19981128_0000013/origin/1482076</originID>
    <stationCount>4</stationCount>
    <creationInfo>
      <agencyURI>smi:smi-registry/organization/EMSC</agencyURI>
      <authorURI>smi:smi-registry/organization/EMSC</authorURI>
    </creationInfo>
  </magnitude>
</event>
<event publicID="quakeml:eu.emsc/event/19981128_0000009">
  <preferredOriginID>quakeml:eu.emsc/event/19981128_0000009/origin/1482078</preferredOriginID>
  <preferredMagnitudeID>quakeml:eu.emsc/event/19981128_0000009/origin/1482078/mag/2</preferredMagnitudeID>
  <creationInfo>
    <agencyURI>smi:smi-registry/organization/EMSC</agencyURI>
    <authorURI>smi:smi-registry/organization/EMSC</authorURI>
    <creationTime>2014-12-11T02:46:04.280641Z</creationTime>
  </creationInfo>
  <description>
    <text>WESTERN TURKEY</text>
    <type>Flinn-Engdahl region</type>
  </description>
  <origin publicID="quakeml:eu.emsc/event/19981128_0000009/origin/1482078">
    <time>
      <value>1998-11-28T14:05:20.3Z</value>
    </time>
    <latitude>
      <value>40.729</value>
      <uncertainty>9999.9</uncertainty>
    </latitude>
    <longitude>
      <value>29.925</value>
      <uncertainty>9999.9</uncertainty>
    </longitude>
    <depth>
      <value>10000</value>
    </depth>
    <depthType>from location</depthType>
    <methodID>smi:eu.emsc-csem/origin_method/NA</methodID>
    <quality>
      <usedPhaseCount>7</usedPhaseCount>
      <usedStationCount>4</usedStationCount>
      <standardError>1.37</standardError>
      <azimuthalGap>284</azimuthalGap>
      <minimumDistance>0.22</minimumDistance>
      <maximumDistance>0.74</maximumDistance>
    </quality>
    <evaluationMode>manual</evaluationMode>
    <creationInfo>
      <agencyURI>smi:smi-registry/organization/EMSC</agencyURI>
      <authorURI>smi:smi-registry/organization/EMSC</authorURI>
    </creationInfo>
    <originUncertainty>
      <azimuthMaxHorizontalUncertainty>-99</azimuthMaxHorizontalUncertainty>
    </originUncertainty>
  </origin>
  <magnitude publicID="quakeml:eu.emsc/event/19981128_0000009/origin/1482078/mag/2">
    <mag>
      <value>2.7</value>
    </mag>
    <type>MD</type>
    <originID>quakeml:eu.emsc/event/19981128_0000009/origin/1482078</originID>
    <creationInfo>
      <agencyURI>smi:smi-registry/organization/EMSC</agencyURI>
      <authorURI>smi:smi-registry/organization/EMSC</authorURI>
    </creationInfo>
  </magnitude>
</event>
<event publicID="quakeml:eu.emsc/event/19981128_0000014">
  <preferredOriginID>quakeml:eu.emsc/event/19981128_0000014/origin/1488828</preferredOriginID>
  <preferredMagnitudeID>quakeml:eu.emsc/event/19981128_0000014/origin/1488828/mag/1</preferredMagnitudeID>
  <creationInfo>
    <agencyURI>smi:smi-registry/organization/EMSC</agencyURI>
    <authorURI>smi:smi-registry/organization/EMSC</authorURI>
    <creationTime>2014-12-03T15:43:01.60591Z</creationTime>
  </creationInfo>
  <description>
    <text>PYRENEES</text>
    <type>Flinn-Engdahl region</type>
  </description>
  <origin publicID="quakeml:eu.emsc/event/19981128_0000014/origin/1488828">
    <time>
      <value>1998-11-28T13:34:08.6Z</value>
      <uncertainty>0.27</uncertainty>
    </time>
    <latitude>
      <value>43.0948</value>
      <uncertainty>6.1</uncertainty>
    </latitude>
    <longitude>
      <value>-0.1667</value>
      <uncertainty>4</uncertainty>
    </longitude>
    <depth>
      <value>15000</value>
    </depth>
    <depthType>from location</depthType>
    <methodID>smi:eu.emsc-csem/origin_method/NA</methodID>
    <quality>
      <usedPhaseCount>21</usedPhaseCount>
      <usedStationCount>13</usedStationCount>
      <standardError>1.09</standardError>
      <azimuthalGap>104</azimuthalGap>
      <minimumDistance>0.35</minimumDistance>
      <maximumDistance>3.55</maximumDistance>
    </quality>
    <evaluationMode>manual</evaluationMode>
    <creationInfo>
      <agencyURI>smi:smi-registry/organization/EMSC</agencyURI>
      <authorURI>smi:smi-registry/organization/EMSC</authorURI>
    </creationInfo>
    <originUncertainty>
      <azimuthMaxHorizontalUncertainty>169</azimuthMaxHorizontalUncertainty>
    </originUncertainty>
  </origin>
  <magnitude publicID="quakeml:eu.emsc/event/19981128_0000014/origin/1488828/mag/1">
    <mag>
      <value>2.6</value>
      <uncertainty>0.4</uncertainty>
    </mag>
    <type>ML</type>
    <originID>quakeml:eu.emsc/event/19981128_0000014/origin/1488828</originID>
    <stationCount>13</stationCount>
    <creationInfo>
      <agencyURI>smi:smi-registry/organization/EMSC</agencyURI>
      <authorURI>smi:smi-registry/organization/EMSC</authorURI>
    </creationInfo>
  </magnitude>
</event>
<event publicID="quakeml:eu.emsc/event/19981128_0000019">
  <preferredOriginID>quakeml:eu.emsc/event/19981128_0000019/origin/1482080</preferredOriginID>
  <creationInfo>
    <agencyURI>smi:smi-registry/organization/EMSC</agencyURI>
    <authorURI>smi:smi-registry/organization/EMSC</authorURI>
    <creationTime>2014-12-10T12:57:29.465376Z</creationTime>
  </creationInfo>
  <description>
    <text>PYRENEES</text>
    <type>Flinn-Engdahl region</type>
  </description>
  <origin publicID="quakeml:eu.emsc/event/19981128_0000019/origin/1482080">
    <time>
      <value>1998-11-28T13:33:05.1Z</value>
    </time>
    <latitude>
      <value>43.2156</value>
      <uncertainty>9999.9</uncertainty>
    </latitude>
    <longitude>
      <value>-0.2797</value>
      <uncertainty>9999.9</uncertainty>
    </longitude>
    <depth>
      <value>0</value>
    </depth>
    <depthType>from location</depthType>
    <methodID>smi:eu.emsc-csem/origin_method/NA</methodID>
    <quality>
      <usedPhaseCount>8</usedPhaseCount>
      <usedStationCount>7</usedStationCount>
      <standardError>2.35</standardError>
      <azimuthalGap>288</azimuthalGap>
      <minimumDistance>1.11</minimumDistance>
      <maximumDistance>2.43</maximumDistance>
    </quality>
    <evaluationMode>manual</evaluationMode>
    <creationInfo>
      <agencyURI>smi:smi-registry/organization/EMSC</agencyURI>
      <authorURI>smi:smi-registry/organization/EMSC</authorURI>
    </creationInfo>
    <originUncertainty>
      <azimuthMaxHorizontalUncertainty>-99</azimuthMaxHorizontalUncertainty>
    </originUncertainty>
  </origin>
</event>
<event publicID="quakeml:eu.emsc/event/19981128_0000020">
  <preferredOriginID>quakeml:eu.emsc/event/19981128_0000020/origin/1491393</preferredOriginID>
  <preferredMagnitudeID>quakeml:eu.emsc/event/19981128_0000020/origin/1491393/mag/1</preferredMagnitudeID>
  <creationInfo>
    <agencyURI>smi:smi-registry/organization/EMSC</agencyURI>
    <authorURI>smi:smi-registry/organization/EMSC</authorURI>
    <creationTime>2014-12-03T16:34:45.85875Z</creationTime>
  </creationInfo>
  <description>
    <text>PYRENEES</text>
    <type>Flinn-Engdahl region</type>
  </description>
  <origin publicID="quakeml:eu.emsc/event/19981128_0000020/origin/1491393">
    <time>
      <value>1998-11-28T13:32:05.6Z</value>
      <uncertainty>0.11</uncertainty>
    </time>
    <latitude>
      <value>43.1268</value>
      <uncertainty>2.5</uncertainty>
    </latitude>
    <longitude>
      <value>-0.1843</value>
      <uncertainty>2.1</uncertainty>
    </longitude>
    <depth>
      <value>2000</value>
    </depth>
    <depthType>from location</depthType>
    <methodID>smi:eu.emsc-csem/origin_method/NA</methodID>
    <quality>
      <usedPhaseCount>171</usedPhaseCount>
      <usedStationCount>92</usedStationCount>
      <standardError>1.35</standardError>
      <azimuthalGap>57</azimuthalGap>
      <minimumDistance>0.16</minimumDistance>
      <maximumDistance>7.78</maximumDistance>
    </quality>
    <evaluationMode>manual</evaluationMode>
    <creationInfo>
      <agencyURI>smi:smi-registry/organization/EMSC</agencyURI>
      <authorURI>smi:smi-registry/organization/EMSC</authorURI>
    </creationInfo>
    <originUncertainty>
      <azimuthMaxHorizontalUncertainty>156</azimuthMaxHorizontalUncertainty>
    </originUncertainty>
  </origin>
  <magnitude publicID="quakeml:eu.emsc/event/19981128_0000020/origin/1491393/mag/1">
    <mag>
      <value>3.8</value>
      <uncertainty>0.4</uncertainty>
    </mag>
    <type>ML</type>
    <originID>quakeml:eu.emsc/event/19981128_0000020/origin/1491393</originID>
    <stationCount>43</stationCount>
    <creationInfo>
      <agencyURI>smi:smi-registry/organization/EMSC</agencyURI>
      <authorURI>smi:smi-registry/organization/EMSC</authorURI>
    </creationInfo>
  </magnitude>
</event>
<event publicID="quakeml:eu.emsc/event/19981128_0000008">
  <preferredOriginID>quakeml:eu.emsc/event/19981128_0000008/origin/1482082</preferredOriginID>
  <preferredMagnitudeID>quakeml:eu.emsc/event/19981128_0000008/origin/1482082/mag/2</preferredMagnitudeID>
  <creationInfo>
    <agencyURI>smi:smi-registry/organization/EMSC</agencyURI>
    <authorURI>smi:smi-registry/organization/EMSC</authorURI>
    <creationTime>2014-12-11T02:45:43.492763Z</creationTime>
  </creationInfo>
  <description>
    <text>JORDAN</text>
    <type>Flinn-Engdahl region</type>
  </description>
  <origin publicID="quakeml:eu.emsc/event/19981128_0000008/origin/1482082">
    <time>
      <value>1998-11-28T13:05:22.9Z</value>
    </time>
    <latitude>
      <value>30.17</value>
      <uncertainty>9999.9</uncertainty>
    </latitude>
    <longitude>
      <value>36.615</value>
      <uncertainty>9999.9</uncertainty>
    </longitude>
    <depth>
      <value>35000</value>
    </depth>
    <depthType>from location</depthType>
    <methodID>smi:eu.emsc-csem/origin_method/NA</methodID>
    <quality>
      <usedPhaseCount>11</usedPhaseCount>
      <usedStationCount>7</usedStationCount>
      <standardError>2.05</standardError>
      <azimuthalGap>325</azimuthalGap>
      <minimumDistance>1.41</minimumDistance>
      <maximumDistance>2.3</maximumDistance>
    </quality>
    <evaluationMode>manual</evaluationMode>
    <creationInfo>
      <agencyURI>smi:smi-registry/organization/EMSC</agencyURI>
      <authorURI>smi:smi-registry/organization/EMSC</authorURI>
    </creationInfo>
    <originUncertainty>
      <azimuthMaxHorizontalUncertainty>-99</azimuthMaxHorizontalUncertainty>
    </originUncertainty>
  </origin>
  <magnitude publicID="quakeml:eu.emsc/event/19981128_0000008/origin/1482082/mag/2">
    <mag>
      <value>3.1</value>
    </mag>
    <type>MD</type>
    <originID>quakeml:eu.emsc/event/19981128_0000008/origin/1482082</originID>
    <creationInfo>
      <agencyURI>smi:smi-registry/organization/EMSC</agencyURI>
      <authorURI>smi:smi-registry/organization/EMSC</authorURI>
    </creationInfo>
  </magnitude>
</event>
<event publicID="quakeml:eu.emsc/event/19981128_0000007">
  <preferredOriginID>quakeml:eu.emsc/event/19981128_0000007/origin/1482084</preferredOriginID>
  <preferredMagnitudeID>quakeml:eu.emsc/event/19981128_0000007/origin/1482084/mag/2</preferredMagnitudeID>
  <creationInfo>
    <agencyURI>smi:smi-registry/organization/EMSC</agencyURI>
    <authorURI>smi:smi-registry/organization/EMSC</authorURI>
    <creationTime>2014-12-11T02:45:27.452839Z</creationTime>
  </creationInfo>
  <description>
    <text>WESTERN TURKEY</text>
    <type>Flinn-Engdahl region</type>
  </description>
  <origin publicID="quakeml:eu.emsc/event/19981128_0000007/origin/1482084">
    <time>
      <value>1998-11-28T12:42:54.9Z</value>
    </time>
    <latitude>
      <value>39.625</value>
      <uncertainty>9999.9</uncertainty>
    </latitude>
    <longitude>
      <value>29.492</value>
      <uncertainty>9999.9</uncertainty>
    </longitude>
    <depth>
      <value>8000</value>
    </depth>
    <depthType>from location</depthType>
    <methodID>smi:eu.emsc-csem/origin_method/NA</methodID>
    <quality>
      <usedPhaseCount>7</usedPhaseCount>
      <usedStationCount>4</usedStationCount>
      <standardError>0.98</standardError>
      <azimuthalGap>140</azimuthalGap>
      <minimumDistance>0.67</minimumDistance>
      <maximumDistance>1.44</maximumDistance>
    </quality>
    <evaluationMode>manual</evaluationMode>
    <creationInfo>
      <agencyURI>smi:smi-registry/organization/EMSC</agencyURI>
      <authorURI>smi:smi-registry/organization/EMSC</authorURI>
    </creationInfo>
    <originUncertainty>
      <azimuthMaxHorizontalUncertainty>-99</azimuthMaxHorizontalUncertainty>
    </originUncertainty>
  </origin>
  <magnitude publicID="quakeml:eu.emsc/event/19981128_0000007/origin/1482084/mag/2">
    <mag>
      <value>2.8</value>
    </mag>
    <type>MD</type>
    <originID>quakeml:eu.emsc/event/19981128_0000007/origin/1482084</originID>
    <creationInfo>
      <agencyURI>smi:smi-registry/organization/EMSC</agencyURI>
      <authorURI>smi:smi-registry/organization/EMSC</authorURI>
    </creationInfo>
  </magnitude>
</event>
<event publicID="quakeml:eu.emsc/event/19981128_0000006">
  <preferredOriginID>quakeml:eu.emsc/event/19981128_0000006/origin/1482086</preferredOriginID>
  <preferredMagnitudeID>quakeml:eu.emsc/event/19981128_0000006/origin/1482086/mag/2</preferredMagnitudeID>
  <creationInfo>
    <agencyURI>smi:smi-registry/organization/EMSC</agencyURI>
    <authorURI>smi:smi-registry/organization/EMSC</authorURI>
    <creationTime>2014-12-11T02:45:09.535428Z</creationTime>
  </creationInfo>
  <description>
    <text>WESTERN TURKEY</text>
    <type>Flinn-Engdahl region</type>
  </description>
  <origin publicID="quakeml:eu.emsc/event/19981128_0000006/origin/1482086">
    <time>
      <value>1998-11-28T11:32:24.2Z</value>
    </time>
    <latitude>
      <value>39.629</value>
      <uncertainty>9999.9</uncertainty>
    </latitude>
    <longitude>
      <value>29.386</value>
      <uncertainty>9999.9</uncertainty>
    </longitude>
    <depth>
      <value>10000</value>
    </depth>
    <depthType>from location</depthType>
    <methodID>smi:eu.emsc-csem/origin_method/NA</methodID>
    <quality>
      <usedPhaseCount>7</usedPhaseCount>
      <usedStationCount>4</usedStationCount>
      <standardError>1.19</standardError>
      <azimuthalGap>132</azimuthalGap>
      <minimumDistance>0.59</minimumDistance>
      <maximumDistance>0.94</maximumDistance>
    </quality>
    <evaluationMode>manual</evaluationMode>
    <creationInfo>
      <agencyURI>smi:smi-registry/organization/EMSC</agencyURI>
      <authorURI>smi:smi-registry/organization/EMSC</authorURI>
    </creationInfo>
    <originUncertainty>
      <azimuthMaxHorizontalUncertainty>-99</azimuthMaxHorizontalUncertainty>
    </originUncertainty>
  </origin>
  <magnitude publicID="quakeml:eu.emsc/event/19981128_0000006/origin/1482086/mag/2">
    <mag>
      <value>2.7</value>
    </mag>
    <type>MD</type>
    <originID>quakeml:eu.emsc/event/19981128_0000006/origin/1482086</originID>
    <creationInfo>
      <agencyURI>smi:smi-registry/organization/EMSC</agencyURI>
      <authorURI>smi:smi-registry/organization/EMSC</authorURI>
    </creationInfo>
  </magnitude>
</event>
<event publicID="quakeml:eu.emsc/event/19981128_0000005">
  <preferredOriginID>quakeml:eu.emsc/event/19981128_0000005/origin/1482088</preferredOriginID>
  <preferredMagnitudeID>quakeml:eu.emsc/event/19981128_0000005/origin/1482088/mag/2</preferredMagnitudeID>
  <creationInfo>
    <agencyURI>smi:smi-registry/organization/EMSC</agencyURI>
    <authorURI>smi:smi-registry/organization/EMSC</authorURI>
    <creationTime>2014-12-11T02:44:55.341618Z</creationTime>
  </creationInfo>
  <description>
    <text>WESTERN TURKEY</text>
    <type>Flinn-Engdahl region</type>
  </description>
  <origin publicID="quakeml:eu.emsc/event/19981128_0000005/origin/1482088">
    <time>
      <value>1998-11-28T10:56:03.6Z</value>
    </time>
    <latitude>
      <value>39.627</value>
      <uncertainty>9999.9</uncertainty>
    </latitude>
    <longitude>
      <value>29.427</value>
      <uncertainty>9999.9</uncertainty>
    </longitude>
    <depth>
      <value>10000</value>
    </depth>
    <depthType>from location</depthType>
    <methodID>smi:eu.emsc-csem/origin_method/NA</methodID>
    <quality>
      <usedPhaseCount>8</usedPhaseCount>
      <usedStationCount>5</usedStationCount>
      <standardError>1.58</standardError>
      <azimuthalGap>134</azimuthalGap>
      <minimumDistance>0.62</minimumDistance>
      <maximumDistance>1.4</maximumDistance>
    </quality>
    <evaluationMode>manual</evaluationMode>
    <creationInfo>
      <agencyURI>smi:smi-registry/organization/EMSC</agencyURI>
      <authorURI>smi:smi-registry/organization/EMSC</authorURI>
    </creationInfo>
    <originUncertainty>
      <azimuthMaxHorizontalUncertainty>-99</azimuthMaxHorizontalUncertainty>
    </originUncertainty>
  </origin>
  <magnitude publicID="quakeml:eu.emsc/event/19981128_0000005/origin/1482088/mag/2">
    <mag>
      <value>2.7</value>
    </mag>
    <type>MD</type>
    <originID>quakeml:eu.emsc/event/19981128_0000005/origin/1482088</originID>
    <creationInfo>
      <agencyURI>smi:smi-registry/organization/EMSC</agencyURI>
      <authorURI>smi:smi-registry/organization/EMSC</authorURI>
    </creationInfo>
  </magnitude>
</event>
<event publicID="quakeml:eu.emsc/event/19981128_0000003">
  <preferredOriginID>quakeml:eu.emsc/event/19981128_0000003/origin/1489060</preferredOriginID>
  <preferredMagnitudeID>quakeml:eu.emsc/event/19981128_0000003/origin/1489060/mag/2</preferredMagnitudeID>
  <creationInfo>
    <agencyURI>smi:smi-registry/organization/EMSC</agencyURI>
    <authorURI>smi:smi-registry/organization/EMSC</authorURI>
    <creationTime>2014-12-03T11:49:34.62509Z</creationTime>
  </creationInfo>
  <description>
    <text>GREECE</text>
    <type>Flinn-Engdahl region</type>
  </description>
  <origin publicID="quakeml:eu.emsc/event/19981128_0000003/origin/1489060">
    <time>
      <value>1998-11-28T06:38:15.3Z</value>
      <uncertainty>0.23</uncertainty>
    </time>
    <latitude>
      <value>38.3344</value>
      <uncertainty>7.9</uncertainty>
    </latitude>
    <longitude>
      <value>22.269</value>
      <uncertainty>4.6</uncertainty>
    </longitude>
    <depth>
      <value>2000</value>
    </depth>
    <depthType>from location</depthType>
    <methodID>smi:eu.emsc-csem/origin_method/NA</methodID>
    <quality>
      <usedPhaseCount>11</usedPhaseCount>
      <usedStationCount>9</usedStationCount>
      <standardError>0.69</standardError>
      <azimuthalGap>127</azimuthalGap>
      <minimumDistance>0.68</minimumDistance>
      <maximumDistance>2.01</maximumDistance>
    </quality>
    <evaluationMode>manual</evaluationMode>
    <creationInfo>
      <agencyURI>smi:smi-registry/organization/EMSC</agencyURI>
      <authorURI>smi:smi-registry/organization/EMSC</authorURI>
    </creationInfo>
    <originUncertainty>
      <azimuthMaxHorizontalUncertainty>61</azimuthMaxHorizontalUncertainty>
    </originUncertainty>
  </origin>
  <magnitude publicID="quakeml:eu.emsc/event/19981128_0000003/origin/1489060/mag/2">
    <mag>
      <value>3.3</value>
    </mag>
    <type>ML</type>
    <originID>quakeml:eu.emsc/event/19981128_0000003/origin/1489060</originID>
    <creationInfo>
      <agencyURI>smi:smi-registry/organization/EMSC</agencyURI>
      <authorURI>smi:smi-registry/organization/EMSC</authorURI>
    </creationInfo>
  </magnitude>
</event>
<event publicID="quakeml:eu.emsc/event/19981128_0000018">
  <preferredOriginID>quakeml:eu.emsc/event/19981128_0000018/origin/1482090</preferredOriginID>
  <preferredMagnitudeID>quakeml:eu.emsc/event/19981128_0000018/origin/1482090/mag/2</preferredMagnitudeID>
  <creationInfo>
    <agencyURI>smi:smi-registry/organization/EMSC</agencyURI>
    <authorURI>smi:smi-registry/organization/EMSC</authorURI>
    <creationTime>2014-12-10T12:56:31.489344Z</creationTime>
  </creationInfo>
  <description>
    <text>FRANCE</text>
    <type>Flinn-Engdahl region</type>
  </description>
  <origin publicID="quakeml:eu.emsc/event/19981128_0000018/origin/1482090">
    <time>
      <value>1998-11-28T05:22:55.7Z</value>
    </time>
    <latitude>
      <value>45.1088</value>
      <uncertainty>9999.9</uncertainty>
    </latitude>
    <longitude>
      <value>5.8736</value>
      <uncertainty>9999.9</uncertainty>
    </longitude>
    <depth>
      <value>2000</value>
    </depth>
    <depthType>from location</depthType>
    <methodID>smi:eu.emsc-csem/origin_method/NA</methodID>
    <quality>
      <usedPhaseCount>15</usedPhaseCount>
      <usedStationCount>8</usedStationCount>
      <standardError>1.4</standardError>
      <azimuthalGap>75</azimuthalGap>
      <minimumDistance>0.19</minimumDistance>
      <maximumDistance>2.43</maximumDistance>
    </quality>
    <evaluationMode>manual</evaluationMode>
    <creationInfo>
      <agencyURI>smi:smi-registry/organization/EMSC</agencyURI>
      <authorURI>smi:smi-registry/organization/EMSC</authorURI>
    </creationInfo>
    <originUncertainty>
      <azimuthMaxHorizontalUncertainty>-99</azimuthMaxHorizontalUncertainty>
    </originUncertainty>
  </origin>
  <magnitude publicID="quakeml:eu.emsc/event/19981128_0000018/origin/1482090/mag/2">
    <mag>
      <value>1.6</value>
    </mag>
    <type>ML</type>
    <originID>quakeml:eu.emsc/event/19981128_0000018/origin/1482090</originID>
    <stationCount>4</stationCount>
    <creationInfo>
      <agencyURI>smi:smi-registry/organization/EMSC</agencyURI>
      <authorURI>smi:smi-registry/organization/EMSC</authorURI>
    </creationInfo>
  </magnitude>
</event>
<event publicID="quakeml:eu.emsc/event/19981128_0000002">
  <preferredOriginID>quakeml:eu.emsc/event/19981128_0000002/origin/1489062</preferredOriginID>
  <preferredMagnitudeID>quakeml:eu.emsc/event/19981128_0000002/origin/1489062/mag/2</preferredMagnitudeID>
  <creationInfo>
    <agencyURI>smi:smi-registry/organization/EMSC</agencyURI>
    <authorURI>smi:smi-registry/organization/EMSC</authorURI>
    <creationTime>2014-12-03T11:13:19.10683Z</creationTime>
  </creationInfo>
  <description>
    <text>AEGEAN SEA</text>
    <type>Flinn-Engdahl region</type>
  </description>
  <origin publicID="quakeml:eu.emsc/event/19981128_0000002/origin/1489062">
    <time>
      <value>1998-11-28T04:42:23.2Z</value>
      <uncertainty>0.24</uncertainty>
    </time>
    <latitude>
      <value>38.3014</value>
      <uncertainty>5.8</uncertainty>
    </latitude>
    <longitude>
      <value>24.4098</value>
      <uncertainty>5.3</uncertainty>
    </longitude>
    <depth>
      <value>600.0</value>
      <uncertainty>1.9</uncertainty>
    </depth>
    <depthType>from location</depthType>
    <methodID>smi:eu.emsc-csem/origin_method/NA</methodID>
    <quality>
      <usedPhaseCount>20</usedPhaseCount>
      <usedStationCount>18</usedStationCount>
      <standardError>0.69</standardError>
      <azimuthalGap>73</azimuthalGap>
      <minimumDistance>0.5</minimumDistance>
      <maximumDistance>3.43</maximumDistance>
    </quality>
    <evaluationMode>manual</evaluationMode>
    <creationInfo>
      <agencyURI>smi:smi-registry/organization/EMSC</agencyURI>
      <authorURI>smi:smi-registry/organization/EMSC</authorURI>
    </creationInfo>
    <originUncertainty>
      <azimuthMaxHorizontalUncertainty>20</azimuthMaxHorizontalUncertainty>
    </originUncertainty>
  </origin>
  <magnitude publicID="quakeml:eu.emsc/event/19981128_0000002/origin/1489062/mag/2">
    <mag>
      <value>3.3</value>
    </mag>
    <type>ML</type>
    <originID>quakeml:eu.emsc/event/19981128_0000002/origin/1489062</originID>
    <creationInfo>
      <agencyURI>smi:smi-registry/organization/EMSC</agencyURI>
      <authorURI>smi:smi-registry/organization/EMSC</authorURI>
    </creationInfo>
  </magnitude>
</event>
<event publicID="quakeml:eu.emsc/event/19981128_0000015">
  <preferredOriginID>quakeml:eu.emsc/event/19981128_0000015/origin/1488832</preferredOriginID>
  <preferredMagnitudeID>quakeml:eu.emsc/event/19981128_0000015/origin/1488832/mag/2</preferredMagnitudeID>
  <creationInfo>
    <agencyURI>smi:smi-registry/organization/EMSC</agencyURI>
    <authorURI>smi:smi-registry/organization/EMSC</authorURI>
    <creationTime>2014-12-03T15:43:11.852611Z</creationTime>
  </creationInfo>
  <description>
    <text>PYRENEES</text>
    <type>Flinn-Engdahl region</type>
  </description>
  <origin publicID="quakeml:eu.emsc/event/19981128_0000015/origin/1488832">
    <time>
      <value>1998-11-28T04:24:13.5Z</value>
      <uncertainty>0.15</uncertainty>
    </time>
    <latitude>
      <value>42.5249</value>
      <uncertainty>3.3</uncertainty>
    </latitude>
    <longitude>
      <value>1.3461</value>
      <uncertainty>2.7</uncertainty>
    </longitude>
    <depth>
      <value>10000</value>
    </depth>
    <depthType>from location</depthType>
    <methodID>smi:eu.emsc-csem/origin_method/NA</methodID>
    <quality>
      <usedPhaseCount>29</usedPhaseCount>
      <usedStationCount>16</usedStationCount>
      <standardError>0.75</standardError>
      <azimuthalGap>60</azimuthalGap>
      <minimumDistance>0.22</minimumDistance>
      <maximumDistance>2.21</maximumDistance>
    </quality>
    <evaluationMode>manual</evaluationMode>
    <creationInfo>
      <agencyURI>smi:smi-registry/organization/EMSC</agencyURI>
      <authorURI>smi:smi-registry/organization/EMSC</authorURI>
    </creationInfo>
    <originUncertainty>
      <azimuthMaxHorizontalUncertainty>8</azimuthMaxHorizontalUncertainty>
    </originUncertainty>
  </origin>
  <magnitude publicID="quakeml:eu.emsc/event/19981128_0000015/origin/1488832/mag/2">
    <mag>
      <value>1.5</value>
    </mag>
    <type>ML</type>
    <originID>quakeml:eu.emsc/event/19981128_0000015/origin/1488832</originID>
    <creationInfo>
      <agencyURI>smi:smi-registry/organization/EMSC</agencyURI>
      <authorURI>smi:smi-registry/organization/EMSC</authorURI>
    </creationInfo>
  </magnitude>
</event>
<event publicID="quakeml:eu.emsc/event/19981128_0000001">
  <preferredOriginID>quakeml:eu.emsc/event/19981128_0000001/origin/1489065</preferredOriginID>
  <preferredMagnitudeID>quakeml:eu.emsc/event/19981128_0000001/origin/1489065/mag/2</preferredMagnitudeID>
  <creationInfo>
    <agencyURI>smi:smi-registry/organization/EMSC</agencyURI>
    <authorURI>smi:smi-registry/organization/EMSC</authorURI>
    <creationTime>2014-12-03T10:29:47.722572Z</creationTime>
  </creationInfo>
  <description>
    <text>SOUTHERN GREECE</text>
    <type>Flinn-Engdahl region</type>
  </description>
  <origin publicID="quakeml:eu.emsc/event/19981128_0000001/origin/1489065">
    <time>
      <value>1998-11-28T03:36:44.6Z</value>
      <uncertainty>0.6</uncertainty>
    </time>
    <latitude>
      <value>36.1442</value>
      <uncertainty>10</uncertainty>
    </latitude>
    <longitude>
      <value>24.3351</value>
      <uncertainty>6</uncertainty>
    </longitude>
    <depth>
      <value>69400.0</value>
      <uncertainty>11.6</uncertainty>
    </depth>
    <depthType>from location</depthType>
    <methodID>smi:eu.emsc-csem/origin_method/NA</methodID>
    <quality>
      <usedPhaseCount>8</usedPhaseCount>
      <usedStationCount>6</usedStationCount>
      <standardError>0.58</standardError>
      <azimuthalGap>108</azimuthalGap>
      <minimumDistance>0.74</minimumDistance>
      <maximumDistance>2.19</maximumDistance>
    </quality>
    <evaluationMode>manual</evaluationMode>
    <creationInfo>
      <agencyURI>smi:smi-registry/organization/EMSC</agencyURI>
      <authorURI>smi:smi-registry/organization/EMSC</authorURI>
    </creationInfo>
    <originUncertainty>
      <azimuthMaxHorizontalUncertainty>11</azimuthMaxHorizontalUncertainty>
    </originUncertainty>
  </origin>
  <magnitude publicID="quakeml:eu.emsc/event/19981128_0000001/origin/1489065/mag/2">
    <mag>
      <value>3.4</value>
    </mag>
    <type>MD</type>
    <originID>quakeml:eu.emsc/event/19981128_0000001/origin/1489065</originID>
    <creationInfo>
      <agencyURI>smi:smi-registry/organization/EMSC</agencyURI>
      <authorURI>smi:smi-registry/organization/EMSC</authorURI>
    </creationInfo>
  </magnitude>
</event>
</eventParameters>
</q:quakeml>
