<?xml version="1.0"?>
<q:quakeml xmlns:q="http://quakeml.org/xmlns/quakeml/1.2"  xmlns="http://quakeml.org/xmlns/bed/1.2">
<eventParameters publicID="smi:eu.emsc/unid">
<event publicID="quakeml:eu.emsc/event/19980425_0000013">
  <preferredOriginID>quakeml:eu.emsc/event/19980425_0000013/origin/1487850</preferredOriginID>
  <preferredMagnitudeID>quakeml:eu.emsc/event/19980425_0000013/origin/1487850/mag/2</preferredMagnitudeID>
  <creationInfo>
    <agencyURI>smi:smi-registry/organization/EMSC</agencyURI>
    <authorURI>smi:smi-registry/organization/EMSC</authorURI>
    <creationTime>2014-12-10T19:00:30.193114Z</creationTime>
  </creationInfo>
  <description>
    <text>SWITZERLAND</text>
    <type>Flinn-Engdahl region</type>
  </description>
  <origin publicID="quakeml:eu.emsc/event/19980425_0000013/origin/1487850">
    <time>
      <value>1998-04-25T23:17:22.2Z</value>
    </time>
    <latitude>
      <value>47.15</value>
      <uncertainty>9999.9</uncertainty>
    </latitude>
    <longitude>
      <value>9.354</value>
      <uncertainty>9999.9</uncertainty>
    </longitude>
    <depth>
      <value>10000</value>
    </depth>
    <depthType>from location</depthType>
    <methodID>smi:eu.emsc-csem/origin_method/NA</methodID>
    <quality>
      <usedPhaseCount>11</usedPhaseCount>
      <usedStationCount>7</usedStationCount>
      <standardError>0.52</standardError>
      <azimuthalGap>139</azimuthalGap>
      <minimumDistance>0.1</minimumDistance>
      <maximumDistance>0.85</maximumDistance>
    </quality>
    <evaluationMode>manual</evaluationMode>
    <creationInfo>
      <agencyURI>smi:smi-registry/organization/EMSC</agencyURI>
      <authorURI>smi:smi-registry/organization/EMSC</authorURI>
    </creationInfo>
    <originUncertainty>
      <azimuthMaxHorizontalUncertainty>-99</azimuthMaxHorizontalUncertainty>
    </originUncertainty>
  </origin>
  <magnitude publicID="quakeml:eu.emsc/event/19980425_0000013/origin/1487850/mag/2">
    <mag>
      <value>1.4</value>
    </mag>
    <type>ML</type>
    <originID>quakeml:eu.emsc/event/19980425_0000013/origin/1487850</originID>
    <stationCount>5</stationCount>
    <creationInfo>
      <agencyURI>smi:smi-registry/organization/EMSC</agencyURI>
      <authorURI>smi:smi-registry/organization/EMSC</authorURI>
    </creationInfo>
  </magnitude>
</event>
<event publicID="quakeml:eu.emsc/event/19980425_0000009">
  <preferredOriginID>quakeml:eu.emsc/event/19980425_0000009/origin/1497381</preferredOriginID>
  <preferredMagnitudeID>quakeml:eu.emsc/event/19980425_0000009/origin/1497381/mag/2</preferredMagnitudeID>
  <creationInfo>
    <agencyURI>smi:smi-registry/organization/EMSC</agencyURI>
    <authorURI>smi:smi-registry/organization/EMSC</authorURI>
    <creationTime>2014-12-03T11:31:35.67174Z</creationTime>
  </creationInfo>
  <description>
    <text>SICILY, ITALY</text>
    <type>Flinn-Engdahl region</type>
  </description>
  <origin publicID="quakeml:eu.emsc/event/19980425_0000009/origin/1497381">
    <time>
      <value>1998-04-25T22:51:50.5Z</value>
      <uncertainty>0.2</uncertainty>
    </time>
    <latitude>
      <value>38.4089</value>
      <uncertainty>6.3</uncertainty>
    </latitude>
    <longitude>
      <value>12.7572</value>
      <uncertainty>4.6</uncertainty>
    </longitude>
    <depth>
      <value>20000</value>
    </depth>
    <depthType>from location</depthType>
    <methodID>smi:eu.emsc-csem/origin_method/NA</methodID>
    <quality>
      <usedPhaseCount>39</usedPhaseCount>
      <usedStationCount>37</usedStationCount>
      <standardError>1.1</standardError>
      <azimuthalGap>72</azimuthalGap>
      <minimumDistance>0.39</minimumDistance>
      <maximumDistance>33.48</maximumDistance>
    </quality>
    <evaluationMode>manual</evaluationMode>
    <creationInfo>
      <agencyURI>smi:smi-registry/organization/EMSC</agencyURI>
      <authorURI>smi:smi-registry/organization/EMSC</authorURI>
    </creationInfo>
    <originUncertainty>
      <azimuthMaxHorizontalUncertainty>37</azimuthMaxHorizontalUncertainty>
    </originUncertainty>
  </origin>
  <magnitude publicID="quakeml:eu.emsc/event/19980425_0000009/origin/1497381/mag/2">
    <mag>
      <value>2.9</value>
    </mag>
    <type>ML</type>
    <originID>quakeml:eu.emsc/event/19980425_0000009/origin/1497381</originID>
    <stationCount>18</stationCount>
    <creationInfo>
      <agencyURI>smi:smi-registry/organization/EMSC</agencyURI>
      <authorURI>smi:smi-registry/organization/EMSC</authorURI>
    </creationInfo>
  </magnitude>
</event>
<event publicID="quakeml:eu.emsc/event/19980425_0000015">
  <preferredOriginID>quakeml:eu.emsc/event/19980425_0000015/origin/1484580</preferredOriginID>
  <preferredMagnitudeID>quakeml:eu.emsc/event/19980425_0000015/origin/1484580/mag/2</preferredMagnitudeID>
  <creationInfo>
    <agencyURI>smi:smi-registry/organization/EMSC</agencyURI>
    <authorURI>smi:smi-registry/organization/EMSC</authorURI>
    <creationTime>2014-12-10T19:00:29.678628Z</creationTime>
  </creationInfo>
  <description>
    <text>FRANCE-GERMANY BORDER REGION</text>
    <type>Flinn-Engdahl region</type>
  </description>
  <origin publicID="quakeml:eu.emsc/event/19980425_0000015/origin/1484580">
    <time>
      <value>1998-04-25T20:12:44.2Z</value>
    </time>
    <latitude>
      <value>47.76</value>
      <uncertainty>9999.9</uncertainty>
    </latitude>
    <longitude>
      <value>7.8</value>
      <uncertainty>9999.9</uncertainty>
    </longitude>
    <depth>
      <value>6000</value>
    </depth>
    <depthType>from location</depthType>
    <methodID>smi:eu.emsc-csem/origin_method/NA</methodID>
    <quality>
      <usedPhaseCount>11</usedPhaseCount>
      <usedStationCount>6</usedStationCount>
      <standardError>0.4</standardError>
      <azimuthalGap>149</azimuthalGap>
      <minimumDistance>0.18</minimumDistance>
      <maximumDistance>0.78</maximumDistance>
    </quality>
    <evaluationMode>manual</evaluationMode>
    <creationInfo>
      <agencyURI>smi:smi-registry/organization/EMSC</agencyURI>
      <authorURI>smi:smi-registry/organization/EMSC</authorURI>
    </creationInfo>
    <originUncertainty>
      <azimuthMaxHorizontalUncertainty>-99</azimuthMaxHorizontalUncertainty>
    </originUncertainty>
  </origin>
  <magnitude publicID="quakeml:eu.emsc/event/19980425_0000015/origin/1484580/mag/2">
    <mag>
      <value>1.1</value>
    </mag>
    <type>ML</type>
    <originID>quakeml:eu.emsc/event/19980425_0000015/origin/1484580</originID>
    <creationInfo>
      <agencyURI>smi:smi-registry/organization/EMSC</agencyURI>
      <authorURI>smi:smi-registry/organization/EMSC</authorURI>
    </creationInfo>
  </magnitude>
</event>
<event publicID="quakeml:eu.emsc/event/19980425_0000008">
  <preferredOriginID>quakeml:eu.emsc/event/19980425_0000008/origin/770535</preferredOriginID>
  <preferredMagnitudeID>quakeml:eu.emsc/event/19980425_0000008/origin/770535/mag/1</preferredMagnitudeID>
  <creationInfo>
    <agencyURI>smi:smi-registry/organization/EMSC</agencyURI>
    <authorURI>smi:smi-registry/organization/EMSC</authorURI>
    <creationTime>2014-12-10T11:47:14.601769Z</creationTime>
  </creationInfo>
  <description>
    <text>NORTH OF ASCENSION ISLAND</text>
    <type>Flinn-Engdahl region</type>
  </description>
  <origin publicID="quakeml:eu.emsc/event/19980425_0000008/origin/770535">
    <time>
      <value>1998-04-25T17:36:00.5Z</value>
      <uncertainty>0.14</uncertainty>
    </time>
    <latitude>
      <value>0.109</value>
      <uncertainty>8.5</uncertainty>
    </latitude>
    <longitude>
      <value>-16.607</value>
      <uncertainty>5.4</uncertainty>
    </longitude>
    <depth>
      <value>10000</value>
    </depth>
    <depthType>from location</depthType>
    <methodID>smi:eu.emsc-csem/origin_method/NA</methodID>
    <quality>
      <usedPhaseCount>34</usedPhaseCount>
      <usedStationCount>19</usedStationCount>
      <standardError>1.24</standardError>
      <azimuthalGap>61</azimuthalGap>
      <minimumDistance>13.11</minimumDistance>
      <maximumDistance>90.07</maximumDistance>
    </quality>
    <evaluationMode>manual</evaluationMode>
    <creationInfo>
      <agencyURI>smi:smi-registry/organization/EMSC</agencyURI>
      <authorURI>smi:smi-registry/organization/EMSC</authorURI>
    </creationInfo>
    <originUncertainty>
      <azimuthMaxHorizontalUncertainty>147</azimuthMaxHorizontalUncertainty>
    </originUncertainty>
  </origin>
  <magnitude publicID="quakeml:eu.emsc/event/19980425_0000008/origin/770535/mag/1">
    <mag>
      <value>4.2</value>
      <uncertainty>0.6</uncertainty>
    </mag>
    <type>mb</type>
    <originID>quakeml:eu.emsc/event/19980425_0000008/origin/770535</originID>
    <stationCount>4</stationCount>
    <creationInfo>
      <agencyURI>smi:smi-registry/organization/EMSC</agencyURI>
      <authorURI>smi:smi-registry/organization/EMSC</authorURI>
    </creationInfo>
  </magnitude>
</event>
<event publicID="quakeml:eu.emsc/event/19980425_0000016">
  <preferredOriginID>quakeml:eu.emsc/event/19980425_0000016/origin/1496526</preferredOriginID>
  <preferredMagnitudeID>quakeml:eu.emsc/event/19980425_0000016/origin/1496526/mag/1</preferredMagnitudeID>
  <creationInfo>
    <agencyURI>smi:smi-registry/organization/EMSC</agencyURI>
    <authorURI>smi:smi-registry/organization/EMSC</authorURI>
    <creationTime>2014-12-03T17:04:54.800527Z</creationTime>
  </creationInfo>
  <description>
    <text>FRANCE</text>
    <type>Flinn-Engdahl region</type>
  </description>
  <origin publicID="quakeml:eu.emsc/event/19980425_0000016/origin/1496526">
    <time>
      <value>1998-04-25T16:29:21.4Z</value>
      <uncertainty>0.06</uncertainty>
    </time>
    <latitude>
      <value>44.5421</value>
      <uncertainty>1.4</uncertainty>
    </latitude>
    <longitude>
      <value>6.837</value>
      <uncertainty>0.9</uncertainty>
    </longitude>
    <depth>
      <value>12000</value>
    </depth>
    <depthType>from location</depthType>
    <methodID>smi:eu.emsc-csem/origin_method/NA</methodID>
    <quality>
      <usedPhaseCount>49</usedPhaseCount>
      <usedStationCount>26</usedStationCount>
      <standardError>0.43</standardError>
      <azimuthalGap>84</azimuthalGap>
      <minimumDistance>0.06</minimumDistance>
      <maximumDistance>2.54</maximumDistance>
    </quality>
    <evaluationMode>manual</evaluationMode>
    <creationInfo>
      <agencyURI>smi:smi-registry/organization/EMSC</agencyURI>
      <authorURI>smi:smi-registry/organization/EMSC</authorURI>
    </creationInfo>
    <originUncertainty>
      <azimuthMaxHorizontalUncertainty>67</azimuthMaxHorizontalUncertainty>
    </originUncertainty>
  </origin>
  <magnitude publicID="quakeml:eu.emsc/event/19980425_0000016/origin/1496526/mag/1">
    <mag>
      <value>1.9</value>
      <uncertainty>0.3</uncertainty>
    </mag>
    <type>ML</type>
    <originID>quakeml:eu.emsc/event/19980425_0000016/origin/1496526</originID>
    <stationCount>10</stationCount>
    <creationInfo>
      <agencyURI>smi:smi-registry/organization/EMSC</agencyURI>
      <authorURI>smi:smi-registry/organization/EMSC</authorURI>
    </creationInfo>
  </magnitude>
</event>
<event publicID="quakeml:eu.emsc/event/19980425_0000007">
  <preferredOriginID>quakeml:eu.emsc/event/19980425_0000007/origin/1497384</preferredOriginID>
  <preferredMagnitudeID>quakeml:eu.emsc/event/19980425_0000007/origin/1497384/mag/2</preferredMagnitudeID>
  <creationInfo>
    <agencyURI>smi:smi-registry/organization/EMSC</agencyURI>
    <authorURI>smi:smi-registry/organization/EMSC</authorURI>
    <creationTime>2014-12-03T10:50:33.760015Z</creationTime>
  </creationInfo>
  <description>
    <text>AEGEAN SEA</text>
    <type>Flinn-Engdahl region</type>
  </description>
  <origin publicID="quakeml:eu.emsc/event/19980425_0000007/origin/1497384">
    <time>
      <value>1998-04-25T15:36:58.3Z</value>
      <uncertainty>0.24</uncertainty>
    </time>
    <latitude>
      <value>39.1822</value>
      <uncertainty>7.3</uncertainty>
    </latitude>
    <longitude>
      <value>25.986</value>
      <uncertainty>3.5</uncertainty>
    </longitude>
    <depth>
      <value>2000</value>
    </depth>
    <depthType>from location</depthType>
    <methodID>smi:eu.emsc-csem/origin_method/NA</methodID>
    <quality>
      <usedPhaseCount>11</usedPhaseCount>
      <usedStationCount>10</usedStationCount>
      <standardError>0.4</standardError>
      <azimuthalGap>192</azimuthalGap>
      <minimumDistance>0.23</minimumDistance>
      <maximumDistance>2.92</maximumDistance>
    </quality>
    <evaluationMode>manual</evaluationMode>
    <creationInfo>
      <agencyURI>smi:smi-registry/organization/EMSC</agencyURI>
      <authorURI>smi:smi-registry/organization/EMSC</authorURI>
    </creationInfo>
    <originUncertainty>
      <azimuthMaxHorizontalUncertainty>104</azimuthMaxHorizontalUncertainty>
    </originUncertainty>
  </origin>
  <magnitude publicID="quakeml:eu.emsc/event/19980425_0000007/origin/1497384/mag/2">
    <mag>
      <value>3.6</value>
    </mag>
    <type>MD</type>
    <originID>quakeml:eu.emsc/event/19980425_0000007/origin/1497384</originID>
    <creationInfo>
      <agencyURI>smi:smi-registry/organization/EMSC</agencyURI>
      <authorURI>smi:smi-registry/organization/EMSC</authorURI>
    </creationInfo>
  </magnitude>
</event>
<event publicID="quakeml:eu.emsc/event/19980425_0000006">
  <preferredOriginID>quakeml:eu.emsc/event/19980425_0000006/origin/1484582</preferredOriginID>
  <preferredMagnitudeID>quakeml:eu.emsc/event/19980425_0000006/origin/1484582/mag/2</preferredMagnitudeID>
  <creationInfo>
    <agencyURI>smi:smi-registry/organization/EMSC</agencyURI>
    <authorURI>smi:smi-registry/organization/EMSC</authorURI>
    <creationTime>2014-12-10T11:46:34.614106Z</creationTime>
  </creationInfo>
  <description>
    <text>IONIAN SEA</text>
    <type>Flinn-Engdahl region</type>
  </description>
  <origin publicID="quakeml:eu.emsc/event/19980425_0000006/origin/1484582">
    <time>
      <value>1998-04-25T13:59:13.0Z</value>
    </time>
    <latitude>
      <value>37.3</value>
      <uncertainty>9999.9</uncertainty>
    </latitude>
    <longitude>
      <value>20.58</value>
      <uncertainty>9999.9</uncertainty>
    </longitude>
    <depth>
      <value>5000</value>
    </depth>
    <depthType>from location</depthType>
    <methodID>smi:eu.emsc-csem/origin_method/NA</methodID>
    <quality>
      <usedPhaseCount>5</usedPhaseCount>
      <usedStationCount>4</usedStationCount>
      <standardError>2.74</standardError>
      <azimuthalGap>254</azimuthalGap>
      <minimumDistance>0.88</minimumDistance>
      <maximumDistance>1.97</maximumDistance>
    </quality>
    <evaluationMode>manual</evaluationMode>
    <creationInfo>
      <agencyURI>smi:smi-registry/organization/EMSC</agencyURI>
      <authorURI>smi:smi-registry/organization/EMSC</authorURI>
    </creationInfo>
    <originUncertainty>
      <azimuthMaxHorizontalUncertainty>-99</azimuthMaxHorizontalUncertainty>
    </originUncertainty>
  </origin>
  <magnitude publicID="quakeml:eu.emsc/event/19980425_0000006/origin/1484582/mag/2">
    <mag>
      <value>3</value>
    </mag>
    <type>MD</type>
    <originID>quakeml:eu.emsc/event/19980425_0000006/origin/1484582</originID>
    <creationInfo>
      <agencyURI>smi:smi-registry/organization/EMSC</agencyURI>
      <authorURI>smi:smi-registry/organization/EMSC</authorURI>
    </creationInfo>
  </magnitude>
</event>
<event publicID="quakeml:eu.emsc/event/19980425_0000012">
  <preferredOriginID>quakeml:eu.emsc/event/19980425_0000012/origin/1496529</preferredOriginID>
  <preferredMagnitudeID>quakeml:eu.emsc/event/19980425_0000012/origin/1496529/mag/1</preferredMagnitudeID>
  <creationInfo>
    <agencyURI>smi:smi-registry/organization/EMSC</agencyURI>
    <authorURI>smi:smi-registry/organization/EMSC</authorURI>
    <creationTime>2014-12-03T15:41:08.130657Z</creationTime>
  </creationInfo>
  <description>
    <text>FRANCE</text>
    <type>Flinn-Engdahl region</type>
  </description>
  <origin publicID="quakeml:eu.emsc/event/19980425_0000012/origin/1496529">
    <time>
      <value>1998-04-25T11:12:59.6Z</value>
      <uncertainty>0.16</uncertainty>
    </time>
    <latitude>
      <value>45.9581</value>
      <uncertainty>3.3</uncertainty>
    </latitude>
    <longitude>
      <value>2.7979</value>
      <uncertainty>2.3</uncertainty>
    </longitude>
    <depth>
      <value>2000</value>
    </depth>
    <depthType>from location</depthType>
    <methodID>smi:eu.emsc-csem/origin_method/NA</methodID>
    <quality>
      <usedPhaseCount>21</usedPhaseCount>
      <usedStationCount>12</usedStationCount>
      <standardError>0.76</standardError>
      <azimuthalGap>81</azimuthalGap>
      <minimumDistance>0.25</minimumDistance>
      <maximumDistance>2.65</maximumDistance>
    </quality>
    <evaluationMode>manual</evaluationMode>
    <creationInfo>
      <agencyURI>smi:smi-registry/organization/EMSC</agencyURI>
      <authorURI>smi:smi-registry/organization/EMSC</authorURI>
    </creationInfo>
    <originUncertainty>
      <azimuthMaxHorizontalUncertainty>102</azimuthMaxHorizontalUncertainty>
    </originUncertainty>
  </origin>
  <magnitude publicID="quakeml:eu.emsc/event/19980425_0000012/origin/1496529/mag/1">
    <mag>
      <value>1.6</value>
      <uncertainty>0.4</uncertainty>
    </mag>
    <type>ML</type>
    <originID>quakeml:eu.emsc/event/19980425_0000012/origin/1496529</originID>
    <stationCount>10</stationCount>
    <creationInfo>
      <agencyURI>smi:smi-registry/organization/EMSC</agencyURI>
      <authorURI>smi:smi-registry/organization/EMSC</authorURI>
    </creationInfo>
  </magnitude>
</event>
<event publicID="quakeml:eu.emsc/event/19980425_0000011">
  <preferredOriginID>quakeml:eu.emsc/event/19980425_0000011/origin/1484584</preferredOriginID>
  <preferredMagnitudeID>quakeml:eu.emsc/event/19980425_0000011/origin/1484584/mag/2</preferredMagnitudeID>
  <creationInfo>
    <agencyURI>smi:smi-registry/organization/EMSC</agencyURI>
    <authorURI>smi:smi-registry/organization/EMSC</authorURI>
    <creationTime>2014-12-10T19:00:29.172449Z</creationTime>
  </creationInfo>
  <description>
    <text>FRANCE</text>
    <type>Flinn-Engdahl region</type>
  </description>
  <origin publicID="quakeml:eu.emsc/event/19980425_0000011/origin/1484584">
    <time>
      <value>1998-04-25T07:02:49.9Z</value>
    </time>
    <latitude>
      <value>48.4302</value>
      <uncertainty>9999.9</uncertainty>
    </latitude>
    <longitude>
      <value>-3.1607</value>
      <uncertainty>9999.9</uncertainty>
    </longitude>
    <depth>
      <value>2000</value>
    </depth>
    <depthType>from location</depthType>
    <methodID>smi:eu.emsc-csem/origin_method/NA</methodID>
    <quality>
      <usedPhaseCount>9</usedPhaseCount>
      <usedStationCount>6</usedStationCount>
      <standardError>0.93</standardError>
      <azimuthalGap>219</azimuthalGap>
      <minimumDistance>0.12</minimumDistance>
      <maximumDistance>2.03</maximumDistance>
    </quality>
    <evaluationMode>manual</evaluationMode>
    <creationInfo>
      <agencyURI>smi:smi-registry/organization/EMSC</agencyURI>
      <authorURI>smi:smi-registry/organization/EMSC</authorURI>
    </creationInfo>
    <originUncertainty>
      <azimuthMaxHorizontalUncertainty>-99</azimuthMaxHorizontalUncertainty>
    </originUncertainty>
  </origin>
  <magnitude publicID="quakeml:eu.emsc/event/19980425_0000011/origin/1484584/mag/2">
    <mag>
      <value>2.1</value>
    </mag>
    <type>ML</type>
    <originID>quakeml:eu.emsc/event/19980425_0000011/origin/1484584</originID>
    <stationCount>3</stationCount>
    <creationInfo>
      <agencyURI>smi:smi-registry/organization/EMSC</agencyURI>
      <authorURI>smi:smi-registry/organization/EMSC</authorURI>
    </creationInfo>
  </magnitude>
</event>
<event publicID="quakeml:eu.emsc/event/19980425_0000014">
  <preferredOriginID>quakeml:eu.emsc/event/19980425_0000014/origin/1496532</preferredOriginID>
  <preferredMagnitudeID>quakeml:eu.emsc/event/19980425_0000014/origin/1496532/mag/1</preferredMagnitudeID>
  <creationInfo>
    <agencyURI>smi:smi-registry/organization/EMSC</agencyURI>
    <authorURI>smi:smi-registry/organization/EMSC</authorURI>
    <creationTime>2014-12-03T16:27:02.904884Z</creationTime>
  </creationInfo>
  <description>
    <text>FRANCE</text>
    <type>Flinn-Engdahl region</type>
  </description>
  <origin publicID="quakeml:eu.emsc/event/19980425_0000014/origin/1496532">
    <time>
      <value>1998-04-25T06:58:21.2Z</value>
      <uncertainty>0.13</uncertainty>
    </time>
    <latitude>
      <value>45.9241</value>
      <uncertainty>2.5</uncertainty>
    </latitude>
    <longitude>
      <value>2.9173</value>
      <uncertainty>1.9</uncertainty>
    </longitude>
    <depth>
      <value>17500.0</value>
      <uncertainty>2.2</uncertainty>
    </depth>
    <depthType>from location</depthType>
    <methodID>smi:eu.emsc-csem/origin_method/NA</methodID>
    <quality>
      <usedPhaseCount>30</usedPhaseCount>
      <usedStationCount>15</usedStationCount>
      <standardError>0.6</standardError>
      <azimuthalGap>50</azimuthalGap>
      <minimumDistance>0.18</minimumDistance>
      <maximumDistance>2.63</maximumDistance>
    </quality>
    <evaluationMode>manual</evaluationMode>
    <creationInfo>
      <agencyURI>smi:smi-registry/organization/EMSC</agencyURI>
      <authorURI>smi:smi-registry/organization/EMSC</authorURI>
    </creationInfo>
    <originUncertainty>
      <azimuthMaxHorizontalUncertainty>107</azimuthMaxHorizontalUncertainty>
    </originUncertainty>
  </origin>
  <magnitude publicID="quakeml:eu.emsc/event/19980425_0000014/origin/1496532/mag/1">
    <mag>
      <value>2.1</value>
      <uncertainty>0.3</uncertainty>
    </mag>
    <type>ML</type>
    <originID>quakeml:eu.emsc/event/19980425_0000014/origin/1496532</originID>
    <stationCount>12</stationCount>
    <creationInfo>
      <agencyURI>smi:smi-registry/organization/EMSC</agencyURI>
      <authorURI>smi:smi-registry/organization/EMSC</authorURI>
    </creationInfo>
  </magnitude>
</event>
<event publicID="quakeml:eu.emsc/event/19980425_0000005">
  <preferredOriginID>quakeml:eu.emsc/event/19980425_0000005/origin/1497390</preferredOriginID>
  <preferredMagnitudeID>quakeml:eu.emsc/event/19980425_0000005/origin/1497390/mag/1</preferredMagnitudeID>
  <creationInfo>
    <agencyURI>smi:smi-registry/organization/EMSC</agencyURI>
    <authorURI>smi:smi-registry/organization/EMSC</authorURI>
    <creationTime>2014-12-03T10:38:21.9918Z</creationTime>
  </creationInfo>
  <description>
    <text>FRANCE-GERMANY BORDER REGION</text>
    <type>Flinn-Engdahl region</type>
  </description>
  <origin publicID="quakeml:eu.emsc/event/19980425_0000005/origin/1497390">
    <time>
      <value>1998-04-25T04:17:19.7Z</value>
      <uncertainty>0.1</uncertainty>
    </time>
    <latitude>
      <value>47.7409</value>
      <uncertainty>2.3</uncertainty>
    </latitude>
    <longitude>
      <value>7.7508</value>
      <uncertainty>1.6</uncertainty>
    </longitude>
    <depth>
      <value>16800.0</value>
      <uncertainty>1.1</uncertainty>
    </depth>
    <depthType>from location</depthType>
    <methodID>smi:eu.emsc-csem/origin_method/NA</methodID>
    <quality>
      <usedPhaseCount>146</usedPhaseCount>
      <usedStationCount>74</usedStationCount>
      <standardError>1.23</standardError>
      <azimuthalGap>31</azimuthalGap>
      <minimumDistance>0.22</minimumDistance>
      <maximumDistance>5.59</maximumDistance>
    </quality>
    <evaluationMode>manual</evaluationMode>
    <creationInfo>
      <agencyURI>smi:smi-registry/organization/EMSC</agencyURI>
      <authorURI>smi:smi-registry/organization/EMSC</authorURI>
    </creationInfo>
    <originUncertainty>
      <azimuthMaxHorizontalUncertainty>149</azimuthMaxHorizontalUncertainty>
    </originUncertainty>
  </origin>
  <magnitude publicID="quakeml:eu.emsc/event/19980425_0000005/origin/1497390/mag/1">
    <mag>
      <value>3.2</value>
      <uncertainty>0.3</uncertainty>
    </mag>
    <type>ML</type>
    <originID>quakeml:eu.emsc/event/19980425_0000005/origin/1497390</originID>
    <stationCount>16</stationCount>
    <creationInfo>
      <agencyURI>smi:smi-registry/organization/EMSC</agencyURI>
      <authorURI>smi:smi-registry/organization/EMSC</authorURI>
    </creationInfo>
  </magnitude>
</event>
<event publicID="quakeml:eu.emsc/event/19980425_0000003">
  <preferredOriginID>quakeml:eu.emsc/event/19980425_0000003/origin/1484586</preferredOriginID>
  <preferredMagnitudeID>quakeml:eu.emsc/event/19980425_0000003/origin/1484586/mag/2</preferredMagnitudeID>
  <creationInfo>
    <agencyURI>smi:smi-registry/organization/EMSC</agencyURI>
    <authorURI>smi:smi-registry/organization/EMSC</authorURI>
    <creationTime>2014-12-10T11:45:27.15931Z</creationTime>
  </creationInfo>
  <description>
    <text>CENTRAL TURKEY</text>
    <type>Flinn-Engdahl region</type>
  </description>
  <origin publicID="quakeml:eu.emsc/event/19980425_0000003/origin/1484586">
    <time>
      <value>1998-04-25T01:55:29.6Z</value>
    </time>
    <latitude>
      <value>37.862</value>
      <uncertainty>9999.9</uncertainty>
    </latitude>
    <longitude>
      <value>36.347</value>
      <uncertainty>9999.9</uncertainty>
    </longitude>
    <depth>
      <value>9000</value>
    </depth>
    <depthType>from location</depthType>
    <methodID>smi:eu.emsc-csem/origin_method/NA</methodID>
    <quality>
      <usedPhaseCount>7</usedPhaseCount>
      <usedStationCount>5</usedStationCount>
      <standardError>1.32</standardError>
      <azimuthalGap>152</azimuthalGap>
      <minimumDistance>0.97</minimumDistance>
      <maximumDistance>3.22</maximumDistance>
    </quality>
    <evaluationMode>manual</evaluationMode>
    <creationInfo>
      <agencyURI>smi:smi-registry/organization/EMSC</agencyURI>
      <authorURI>smi:smi-registry/organization/EMSC</authorURI>
    </creationInfo>
    <originUncertainty>
      <azimuthMaxHorizontalUncertainty>-99</azimuthMaxHorizontalUncertainty>
    </originUncertainty>
  </origin>
  <magnitude publicID="quakeml:eu.emsc/event/19980425_0000003/origin/1484586/mag/2">
    <mag>
      <value>3.6</value>
    </mag>
    <type>MD</type>
    <originID>quakeml:eu.emsc/event/19980425_0000003/origin/1484586</originID>
    <creationInfo>
      <agencyURI>smi:smi-registry/organization/EMSC</agencyURI>
      <authorURI>smi:smi-registry/organization/EMSC</authorURI>
    </creationInfo>
  </magnitude>
</event>
<event publicID="quakeml:eu.emsc/event/19980425_0000002">
  <preferredOriginID>quakeml:eu.emsc/event/19980425_0000002/origin/1496930</preferredOriginID>
  <preferredMagnitudeID>quakeml:eu.emsc/event/19980425_0000002/origin/1496930/mag/1</preferredMagnitudeID>
  <creationInfo>
    <agencyURI>smi:smi-registry/organization/EMSC</agencyURI>
    <authorURI>smi:smi-registry/organization/EMSC</authorURI>
    <creationTime>2014-12-03T10:42:31.202774Z</creationTime>
  </creationInfo>
  <description>
    <text>EGYPT</text>
    <type>Flinn-Engdahl region</type>
  </description>
  <origin publicID="quakeml:eu.emsc/event/19980425_0000002/origin/1496930">
    <time>
      <value>1998-04-25T01:29:34.6Z</value>
      <uncertainty>0.15</uncertainty>
    </time>
    <latitude>
      <value>29.7528</value>
      <uncertainty>5.7</uncertainty>
    </latitude>
    <longitude>
      <value>34.5486</value>
      <uncertainty>3.2</uncertainty>
    </longitude>
    <depth>
      <value>23000</value>
      <uncertainty>2.5</uncertainty>
    </depth>
    <depthType>from location</depthType>
    <methodID>smi:eu.emsc-csem/origin_method/NA</methodID>
    <quality>
      <usedPhaseCount>21</usedPhaseCount>
      <usedStationCount>19</usedStationCount>
      <standardError>0.41</standardError>
      <azimuthalGap>146</azimuthalGap>
      <minimumDistance>0.32</minimumDistance>
      <maximumDistance>3.26</maximumDistance>
    </quality>
    <evaluationMode>manual</evaluationMode>
    <creationInfo>
      <agencyURI>smi:smi-registry/organization/EMSC</agencyURI>
      <authorURI>smi:smi-registry/organization/EMSC</authorURI>
    </creationInfo>
    <originUncertainty>
      <azimuthMaxHorizontalUncertainty>140</azimuthMaxHorizontalUncertainty>
    </originUncertainty>
  </origin>
  <magnitude publicID="quakeml:eu.emsc/event/19980425_0000002/origin/1496930/mag/1">
    <mag>
      <value>3.8</value>
    </mag>
    <type>Mw</type>
    <originID>quakeml:eu.emsc/event/19980425_0000002/origin/1496930</originID>
    <creationInfo>
      <agencyURI>smi:smi-registry/organization/EMSC</agencyURI>
      <authorURI>smi:smi-registry/organization/EMSC</authorURI>
    </creationInfo>
  </magnitude>
</event>
<event publicID="quakeml:eu.emsc/event/19980425_0000001">
  <preferredOriginID>quakeml:eu.emsc/event/19980425_0000001/origin/1496934</preferredOriginID>
  <preferredMagnitudeID>quakeml:eu.emsc/event/19980425_0000001/origin/1496934/mag/2</preferredMagnitudeID>
  <creationInfo>
    <agencyURI>smi:smi-registry/organization/EMSC</agencyURI>
    <authorURI>smi:smi-registry/organization/EMSC</authorURI>
    <creationTime>2014-12-03T11:27:50.116711Z</creationTime>
  </creationInfo>
  <description>
    <text>SOUTHERN ITALY</text>
    <type>Flinn-Engdahl region</type>
  </description>
  <origin publicID="quakeml:eu.emsc/event/19980425_0000001/origin/1496934">
    <time>
      <value>1998-04-25T01:15:22.8Z</value>
      <uncertainty>0.19</uncertainty>
    </time>
    <latitude>
      <value>39.8106</value>
      <uncertainty>4.9</uncertainty>
    </latitude>
    <longitude>
      <value>16.0878</value>
      <uncertainty>4.7</uncertainty>
    </longitude>
    <depth>
      <value>80000</value>
    </depth>
    <depthType>from location</depthType>
    <methodID>smi:eu.emsc-csem/origin_method/NA</methodID>
    <quality>
      <usedPhaseCount>56</usedPhaseCount>
      <usedStationCount>37</usedStationCount>
      <standardError>1.41</standardError>
      <azimuthalGap>116</azimuthalGap>
      <minimumDistance>0.25</minimumDistance>
      <maximumDistance>5.65</maximumDistance>
    </quality>
    <evaluationMode>manual</evaluationMode>
    <creationInfo>
      <agencyURI>smi:smi-registry/organization/EMSC</agencyURI>
      <authorURI>smi:smi-registry/organization/EMSC</authorURI>
    </creationInfo>
    <originUncertainty>
      <azimuthMaxHorizontalUncertainty>168</azimuthMaxHorizontalUncertainty>
    </originUncertainty>
  </origin>
  <magnitude publicID="quakeml:eu.emsc/event/19980425_0000001/origin/1496934/mag/2">
    <mag>
      <value>2.4</value>
    </mag>
    <type>ML</type>
    <originID>quakeml:eu.emsc/event/19980425_0000001/origin/1496934</originID>
    <stationCount>17</stationCount>
    <creationInfo>
      <agencyURI>smi:smi-registry/organization/EMSC</agencyURI>
      <authorURI>smi:smi-registry/organization/EMSC</authorURI>
    </creationInfo>
  </magnitude>
</event>
</eventParameters>
</q:quakeml>
