<?xml version="1.0"?>
<q:quakeml xmlns:q="http://quakeml.org/xmlns/quakeml/1.2"  xmlns="http://quakeml.org/xmlns/bed/1.2">
<eventParameters publicID="smi:eu.emsc/unid">
<event publicID="quakeml:eu.emsc/event/19980607_0000008">
  <preferredOriginID>quakeml:eu.emsc/event/19980607_0000008/origin/1495031</preferredOriginID>
  <preferredMagnitudeID>quakeml:eu.emsc/event/19980607_0000008/origin/1495031/mag/2</preferredMagnitudeID>
  <creationInfo>
    <agencyURI>smi:smi-registry/organization/EMSC</agencyURI>
    <authorURI>smi:smi-registry/organization/EMSC</authorURI>
    <creationTime>2014-12-03T10:46:40.41419Z</creationTime>
  </creationInfo>
  <description>
    <text>WESTERN TURKEY</text>
    <type>Flinn-Engdahl region</type>
  </description>
  <origin publicID="quakeml:eu.emsc/event/19980607_0000008/origin/1495031">
    <time>
      <value>1998-06-07T20:03:52.6Z</value>
      <uncertainty>0.25</uncertainty>
    </time>
    <latitude>
      <value>40.8354</value>
      <uncertainty>7.6</uncertainty>
    </latitude>
    <longitude>
      <value>28.1479</value>
      <uncertainty>5.9</uncertainty>
    </longitude>
    <depth>
      <value>20000</value>
    </depth>
    <depthType>from location</depthType>
    <methodID>smi:eu.emsc-csem/origin_method/NA</methodID>
    <quality>
      <usedPhaseCount>17</usedPhaseCount>
      <usedStationCount>14</usedStationCount>
      <standardError>1.07</standardError>
      <azimuthalGap>106</azimuthalGap>
      <minimumDistance>0.51</minimumDistance>
      <maximumDistance>4.09</maximumDistance>
    </quality>
    <evaluationMode>manual</evaluationMode>
    <creationInfo>
      <agencyURI>smi:smi-registry/organization/EMSC</agencyURI>
      <authorURI>smi:smi-registry/organization/EMSC</authorURI>
    </creationInfo>
    <originUncertainty>
      <azimuthMaxHorizontalUncertainty>21</azimuthMaxHorizontalUncertainty>
    </originUncertainty>
  </origin>
  <magnitude publicID="quakeml:eu.emsc/event/19980607_0000008/origin/1495031/mag/2">
    <mag>
      <value>3.1</value>
    </mag>
    <type>MD</type>
    <originID>quakeml:eu.emsc/event/19980607_0000008/origin/1495031</originID>
    <creationInfo>
      <agencyURI>smi:smi-registry/organization/EMSC</agencyURI>
      <authorURI>smi:smi-registry/organization/EMSC</authorURI>
    </creationInfo>
  </magnitude>
</event>
<event publicID="quakeml:eu.emsc/event/19980607_0000015">
  <preferredOriginID>quakeml:eu.emsc/event/19980607_0000015/origin/1494443</preferredOriginID>
  <preferredMagnitudeID>quakeml:eu.emsc/event/19980607_0000015/origin/1494443/mag/2</preferredMagnitudeID>
  <creationInfo>
    <agencyURI>smi:smi-registry/organization/EMSC</agencyURI>
    <authorURI>smi:smi-registry/organization/EMSC</authorURI>
    <creationTime>2014-12-03T17:06:53.273513Z</creationTime>
  </creationInfo>
  <description>
    <text>FRANCE</text>
    <type>Flinn-Engdahl region</type>
  </description>
  <origin publicID="quakeml:eu.emsc/event/19980607_0000015/origin/1494443">
    <time>
      <value>1998-06-07T19:21:09.2Z</value>
      <uncertainty>0.16</uncertainty>
    </time>
    <latitude>
      <value>44.2676</value>
      <uncertainty>2.9</uncertainty>
    </latitude>
    <longitude>
      <value>6.6265</value>
      <uncertainty>1.6</uncertainty>
    </longitude>
    <depth>
      <value>2000</value>
    </depth>
    <depthType>from location</depthType>
    <methodID>smi:eu.emsc-csem/origin_method/NA</methodID>
    <quality>
      <usedPhaseCount>27</usedPhaseCount>
      <usedStationCount>17</usedStationCount>
      <standardError>0.67</standardError>
      <azimuthalGap>178</azimuthalGap>
      <minimumDistance>0.42</minimumDistance>
      <maximumDistance>1.4</maximumDistance>
    </quality>
    <evaluationMode>manual</evaluationMode>
    <creationInfo>
      <agencyURI>smi:smi-registry/organization/EMSC</agencyURI>
      <authorURI>smi:smi-registry/organization/EMSC</authorURI>
    </creationInfo>
    <originUncertainty>
      <azimuthMaxHorizontalUncertainty>68</azimuthMaxHorizontalUncertainty>
    </originUncertainty>
  </origin>
  <magnitude publicID="quakeml:eu.emsc/event/19980607_0000015/origin/1494443/mag/2">
    <mag>
      <value>2.2</value>
    </mag>
    <type>ML</type>
    <originID>quakeml:eu.emsc/event/19980607_0000015/origin/1494443</originID>
    <stationCount>3</stationCount>
    <creationInfo>
      <agencyURI>smi:smi-registry/organization/EMSC</agencyURI>
      <authorURI>smi:smi-registry/organization/EMSC</authorURI>
    </creationInfo>
  </magnitude>
</event>
<event publicID="quakeml:eu.emsc/event/19980607_0000007">
  <preferredOriginID>quakeml:eu.emsc/event/19980607_0000007/origin/1484084</preferredOriginID>
  <preferredMagnitudeID>quakeml:eu.emsc/event/19980607_0000007/origin/1484084/mag/2</preferredMagnitudeID>
  <creationInfo>
    <agencyURI>smi:smi-registry/organization/EMSC</agencyURI>
    <authorURI>smi:smi-registry/organization/EMSC</authorURI>
    <creationTime>2014-12-10T13:18:06.603466Z</creationTime>
  </creationInfo>
  <description>
    <text>WESTERN TURKEY</text>
    <type>Flinn-Engdahl region</type>
  </description>
  <origin publicID="quakeml:eu.emsc/event/19980607_0000007/origin/1484084">
    <time>
      <value>1998-06-07T17:26:45.9Z</value>
    </time>
    <latitude>
      <value>40.582</value>
      <uncertainty>9999.9</uncertainty>
    </latitude>
    <longitude>
      <value>28.864</value>
      <uncertainty>9999.9</uncertainty>
    </longitude>
    <depth>
      <value>10000</value>
    </depth>
    <depthType>from location</depthType>
    <methodID>smi:eu.emsc-csem/origin_method/NA</methodID>
    <quality>
      <usedPhaseCount>14</usedPhaseCount>
      <usedStationCount>10</usedStationCount>
      <standardError>1.08</standardError>
      <azimuthalGap>76</azimuthalGap>
      <minimumDistance>0.39</minimumDistance>
      <maximumDistance>1.8</maximumDistance>
    </quality>
    <evaluationMode>manual</evaluationMode>
    <creationInfo>
      <agencyURI>smi:smi-registry/organization/EMSC</agencyURI>
      <authorURI>smi:smi-registry/organization/EMSC</authorURI>
    </creationInfo>
    <originUncertainty>
      <azimuthMaxHorizontalUncertainty>-99</azimuthMaxHorizontalUncertainty>
    </originUncertainty>
  </origin>
  <magnitude publicID="quakeml:eu.emsc/event/19980607_0000007/origin/1484084/mag/2">
    <mag>
      <value>2.8</value>
    </mag>
    <type>MD</type>
    <originID>quakeml:eu.emsc/event/19980607_0000007/origin/1484084</originID>
    <creationInfo>
      <agencyURI>smi:smi-registry/organization/EMSC</agencyURI>
      <authorURI>smi:smi-registry/organization/EMSC</authorURI>
    </creationInfo>
  </magnitude>
</event>
<event publicID="quakeml:eu.emsc/event/19980607_0000012">
  <preferredOriginID>quakeml:eu.emsc/event/19980607_0000012/origin/1535301</preferredOriginID>
  <preferredMagnitudeID>quakeml:eu.emsc/event/19980607_0000012/origin/1535301/mag/1</preferredMagnitudeID>
  <creationInfo>
    <agencyURI>smi:smi-registry/organization/EMSC</agencyURI>
    <authorURI>smi:smi-registry/organization/EMSC</authorURI>
    <creationTime>2014-12-03T16:36:56.415502Z</creationTime>
  </creationInfo>
  <description>
    <text>BELGIUM</text>
    <type>Flinn-Engdahl region</type>
  </description>
  <origin publicID="quakeml:eu.emsc/event/19980607_0000012/origin/1535301">
    <time>
      <value>1998-06-07T13:57:37.1Z</value>
      <uncertainty>0.24</uncertainty>
    </time>
    <latitude>
      <value>50.4183</value>
      <uncertainty>5.1</uncertainty>
    </latitude>
    <longitude>
      <value>4.4269</value>
      <uncertainty>4.6</uncertainty>
    </longitude>
    <depth>
      <value>10000</value>
    </depth>
    <depthType>from location</depthType>
    <methodID>smi:eu.emsc-csem/origin_method/NA</methodID>
    <quality>
      <usedPhaseCount>20</usedPhaseCount>
      <usedStationCount>11</usedStationCount>
      <standardError>1.11</standardError>
      <azimuthalGap>122</azimuthalGap>
      <minimumDistance>0.13</minimumDistance>
      <maximumDistance>3.41</maximumDistance>
    </quality>
    <evaluationMode>manual</evaluationMode>
    <creationInfo>
      <agencyURI>smi:smi-registry/organization/EMSC</agencyURI>
      <authorURI>smi:smi-registry/organization/EMSC</authorURI>
    </creationInfo>
    <originUncertainty>
      <azimuthMaxHorizontalUncertainty>93</azimuthMaxHorizontalUncertainty>
    </originUncertainty>
  </origin>
  <magnitude publicID="quakeml:eu.emsc/event/19980607_0000012/origin/1535301/mag/1">
    <mag>
      <value>1.8</value>
      <uncertainty>0.6</uncertainty>
    </mag>
    <type>ML</type>
    <originID>quakeml:eu.emsc/event/19980607_0000012/origin/1535301</originID>
    <stationCount>5</stationCount>
    <creationInfo>
      <agencyURI>smi:smi-registry/organization/EMSC</agencyURI>
      <authorURI>smi:smi-registry/organization/EMSC</authorURI>
    </creationInfo>
  </magnitude>
</event>
<event publicID="quakeml:eu.emsc/event/19980607_0000014">
  <preferredOriginID>quakeml:eu.emsc/event/19980607_0000014/origin/1973523</preferredOriginID>
  <preferredMagnitudeID>quakeml:eu.emsc/event/19980607_0000014/origin/1973523/mag/2</preferredMagnitudeID>
  <creationInfo>
    <agencyURI>smi:smi-registry/organization/EMSC</agencyURI>
    <authorURI>smi:smi-registry/organization/EMSC</authorURI>
    <creationTime>2014-12-11T09:34:38.87293Z</creationTime>
  </creationInfo>
  <description>
    <text>SOUTHERN ITALY</text>
    <type>Flinn-Engdahl region</type>
  </description>
  <origin publicID="quakeml:eu.emsc/event/19980607_0000014/origin/1973523">
    <time>
      <value>1998-06-07T13:55:16.2Z</value>
    </time>
    <latitude>
      <value>40.791</value>
      <uncertainty>9999.9</uncertainty>
    </latitude>
    <longitude>
      <value>15.009</value>
      <uncertainty>9999.9</uncertainty>
    </longitude>
    <depth>
      <value>7600.0</value>
    </depth>
    <depthType>from location</depthType>
    <methodID>smi:eu.emsc-csem/origin_method/NA</methodID>
    <quality>
      <usedPhaseCount>19</usedPhaseCount>
      <usedStationCount>17</usedStationCount>
      <standardError>0.84</standardError>
      <azimuthalGap>168</azimuthalGap>
      <minimumDistance>0.07</minimumDistance>
      <maximumDistance>1.52</maximumDistance>
    </quality>
    <evaluationMode>manual</evaluationMode>
    <creationInfo>
      <agencyURI>smi:smi-registry/organization/EMSC</agencyURI>
      <authorURI>smi:smi-registry/organization/EMSC</authorURI>
    </creationInfo>
    <originUncertainty>
      <azimuthMaxHorizontalUncertainty>-99</azimuthMaxHorizontalUncertainty>
    </originUncertainty>
  </origin>
  <magnitude publicID="quakeml:eu.emsc/event/19980607_0000014/origin/1973523/mag/2">
    <mag>
      <value>2.2</value>
    </mag>
    <type>ML</type>
    <originID>quakeml:eu.emsc/event/19980607_0000014/origin/1973523</originID>
    <stationCount>14</stationCount>
    <creationInfo>
      <agencyURI>smi:smi-registry/organization/EMSC</agencyURI>
      <authorURI>smi:smi-registry/organization/EMSC</authorURI>
    </creationInfo>
  </magnitude>
</event>
<event publicID="quakeml:eu.emsc/event/19980607_0000006">
  <preferredOriginID>quakeml:eu.emsc/event/19980607_0000006/origin/1495036</preferredOriginID>
  <preferredMagnitudeID>quakeml:eu.emsc/event/19980607_0000006/origin/1495036/mag/2</preferredMagnitudeID>
  <creationInfo>
    <agencyURI>smi:smi-registry/organization/EMSC</agencyURI>
    <authorURI>smi:smi-registry/organization/EMSC</authorURI>
    <creationTime>2014-12-03T10:52:26.574486Z</creationTime>
  </creationInfo>
  <description>
    <text>SOUTHERN GREECE</text>
    <type>Flinn-Engdahl region</type>
  </description>
  <origin publicID="quakeml:eu.emsc/event/19980607_0000006/origin/1495036">
    <time>
      <value>1998-06-07T13:45:59.1Z</value>
      <uncertainty>0.24</uncertainty>
    </time>
    <latitude>
      <value>37.0782</value>
      <uncertainty>6.8</uncertainty>
    </latitude>
    <longitude>
      <value>23.3792</value>
      <uncertainty>5.2</uncertainty>
    </longitude>
    <depth>
      <value>100000</value>
    </depth>
    <depthType>from location</depthType>
    <methodID>smi:eu.emsc-csem/origin_method/NA</methodID>
    <quality>
      <usedPhaseCount>64</usedPhaseCount>
      <usedStationCount>53</usedStationCount>
      <standardError>1.06</standardError>
      <azimuthalGap>66</azimuthalGap>
      <minimumDistance>0.5</minimumDistance>
      <maximumDistance>58.54</maximumDistance>
    </quality>
    <evaluationMode>manual</evaluationMode>
    <creationInfo>
      <agencyURI>smi:smi-registry/organization/EMSC</agencyURI>
      <authorURI>smi:smi-registry/organization/EMSC</authorURI>
    </creationInfo>
    <originUncertainty>
      <azimuthMaxHorizontalUncertainty>35</azimuthMaxHorizontalUncertainty>
    </originUncertainty>
  </origin>
  <magnitude publicID="quakeml:eu.emsc/event/19980607_0000006/origin/1495036/mag/2">
    <mag>
      <value>3.5</value>
    </mag>
    <type>ML</type>
    <originID>quakeml:eu.emsc/event/19980607_0000006/origin/1495036</originID>
    <creationInfo>
      <agencyURI>smi:smi-registry/organization/EMSC</agencyURI>
      <authorURI>smi:smi-registry/organization/EMSC</authorURI>
    </creationInfo>
  </magnitude>
</event>
<event publicID="quakeml:eu.emsc/event/19980607_0000013">
  <preferredOriginID>quakeml:eu.emsc/event/19980607_0000013/origin/1535298</preferredOriginID>
  <preferredMagnitudeID>quakeml:eu.emsc/event/19980607_0000013/origin/1535298/mag/1</preferredMagnitudeID>
  <creationInfo>
    <agencyURI>smi:smi-registry/organization/EMSC</agencyURI>
    <authorURI>smi:smi-registry/organization/EMSC</authorURI>
    <creationTime>2014-12-03T16:38:50.750649Z</creationTime>
  </creationInfo>
  <description>
    <text>BELGIUM</text>
    <type>Flinn-Engdahl region</type>
  </description>
  <origin publicID="quakeml:eu.emsc/event/19980607_0000013/origin/1535298">
    <time>
      <value>1998-06-07T13:36:33.2Z</value>
      <uncertainty>0.23</uncertainty>
    </time>
    <latitude>
      <value>50.4022</value>
      <uncertainty>5.2</uncertainty>
    </latitude>
    <longitude>
      <value>4.4003</value>
      <uncertainty>4.4</uncertainty>
    </longitude>
    <depth>
      <value>10000</value>
    </depth>
    <depthType>from location</depthType>
    <methodID>smi:eu.emsc-csem/origin_method/NA</methodID>
    <quality>
      <usedPhaseCount>16</usedPhaseCount>
      <usedStationCount>10</usedStationCount>
      <standardError>0.98</standardError>
      <azimuthalGap>120</azimuthalGap>
      <minimumDistance>0.13</minimumDistance>
      <maximumDistance>3.16</maximumDistance>
    </quality>
    <evaluationMode>manual</evaluationMode>
    <creationInfo>
      <agencyURI>smi:smi-registry/organization/EMSC</agencyURI>
      <authorURI>smi:smi-registry/organization/EMSC</authorURI>
    </creationInfo>
    <originUncertainty>
      <azimuthMaxHorizontalUncertainty>52</azimuthMaxHorizontalUncertainty>
    </originUncertainty>
  </origin>
  <magnitude publicID="quakeml:eu.emsc/event/19980607_0000013/origin/1535298/mag/1">
    <mag>
      <value>1.7</value>
      <uncertainty>0.8</uncertainty>
    </mag>
    <type>ML</type>
    <originID>quakeml:eu.emsc/event/19980607_0000013/origin/1535298</originID>
    <stationCount>4</stationCount>
    <creationInfo>
      <agencyURI>smi:smi-registry/organization/EMSC</agencyURI>
      <authorURI>smi:smi-registry/organization/EMSC</authorURI>
    </creationInfo>
  </magnitude>
</event>
<event publicID="quakeml:eu.emsc/event/19980607_0000005">
  <preferredOriginID>quakeml:eu.emsc/event/19980607_0000005/origin/1495041</preferredOriginID>
  <preferredMagnitudeID>quakeml:eu.emsc/event/19980607_0000005/origin/1495041/mag/1</preferredMagnitudeID>
  <creationInfo>
    <agencyURI>smi:smi-registry/organization/EMSC</agencyURI>
    <authorURI>smi:smi-registry/organization/EMSC</authorURI>
    <creationTime>2014-12-03T12:07:06.170779Z</creationTime>
  </creationInfo>
  <description>
    <text>WESTERN TURKEY</text>
    <type>Flinn-Engdahl region</type>
  </description>
  <origin publicID="quakeml:eu.emsc/event/19980607_0000005/origin/1495041">
    <time>
      <value>1998-06-07T09:12:07.0Z</value>
      <uncertainty>0.2</uncertainty>
    </time>
    <latitude>
      <value>37.0292</value>
      <uncertainty>10</uncertainty>
    </latitude>
    <longitude>
      <value>30.488</value>
      <uncertainty>4.9</uncertainty>
    </longitude>
    <depth>
      <value>95500.0</value>
      <uncertainty>3.4</uncertainty>
    </depth>
    <depthType>from location</depthType>
    <methodID>smi:eu.emsc-csem/origin_method/NA</methodID>
    <quality>
      <usedPhaseCount>44</usedPhaseCount>
      <usedStationCount>43</usedStationCount>
      <standardError>1</standardError>
      <azimuthalGap>113</azimuthalGap>
      <minimumDistance>0.44</minimumDistance>
      <maximumDistance>26.94</maximumDistance>
    </quality>
    <evaluationMode>manual</evaluationMode>
    <creationInfo>
      <agencyURI>smi:smi-registry/organization/EMSC</agencyURI>
      <authorURI>smi:smi-registry/organization/EMSC</authorURI>
    </creationInfo>
    <originUncertainty>
      <azimuthMaxHorizontalUncertainty>62</azimuthMaxHorizontalUncertainty>
    </originUncertainty>
  </origin>
  <magnitude publicID="quakeml:eu.emsc/event/19980607_0000005/origin/1495041/mag/1">
    <mag>
      <value>3.9</value>
      <uncertainty>0.2</uncertainty>
    </mag>
    <type>mb</type>
    <originID>quakeml:eu.emsc/event/19980607_0000005/origin/1495041</originID>
    <stationCount>5</stationCount>
    <creationInfo>
      <agencyURI>smi:smi-registry/organization/EMSC</agencyURI>
      <authorURI>smi:smi-registry/organization/EMSC</authorURI>
    </creationInfo>
  </magnitude>
</event>
<event publicID="quakeml:eu.emsc/event/19980607_0000010">
  <preferredOriginID>quakeml:eu.emsc/event/19980607_0000010/origin/1494446</preferredOriginID>
  <preferredMagnitudeID>quakeml:eu.emsc/event/19980607_0000010/origin/1494446/mag/1</preferredMagnitudeID>
  <creationInfo>
    <agencyURI>smi:smi-registry/organization/EMSC</agencyURI>
    <authorURI>smi:smi-registry/organization/EMSC</authorURI>
    <creationTime>2014-12-03T15:03:08.97919Z</creationTime>
  </creationInfo>
  <description>
    <text>FRANCE</text>
    <type>Flinn-Engdahl region</type>
  </description>
  <origin publicID="quakeml:eu.emsc/event/19980607_0000010/origin/1494446">
    <time>
      <value>1998-06-07T08:51:56.1Z</value>
      <uncertainty>0.34</uncertainty>
    </time>
    <latitude>
      <value>44.467</value>
      <uncertainty>6.2</uncertainty>
    </latitude>
    <longitude>
      <value>6.4562</value>
      <uncertainty>2.9</uncertainty>
    </longitude>
    <depth>
      <value>2000</value>
    </depth>
    <depthType>from location</depthType>
    <methodID>smi:eu.emsc-csem/origin_method/NA</methodID>
    <quality>
      <usedPhaseCount>26</usedPhaseCount>
      <usedStationCount>16</usedStationCount>
      <standardError>0.76</standardError>
      <azimuthalGap>192</azimuthalGap>
      <minimumDistance>0.34</minimumDistance>
      <maximumDistance>1.5</maximumDistance>
    </quality>
    <evaluationMode>manual</evaluationMode>
    <creationInfo>
      <agencyURI>smi:smi-registry/organization/EMSC</agencyURI>
      <authorURI>smi:smi-registry/organization/EMSC</authorURI>
    </creationInfo>
    <originUncertainty>
      <azimuthMaxHorizontalUncertainty>80</azimuthMaxHorizontalUncertainty>
    </originUncertainty>
  </origin>
  <magnitude publicID="quakeml:eu.emsc/event/19980607_0000010/origin/1494446/mag/1">
    <mag>
      <value>2.1</value>
      <uncertainty>0.5</uncertainty>
    </mag>
    <type>ML</type>
    <originID>quakeml:eu.emsc/event/19980607_0000010/origin/1494446</originID>
    <stationCount>5</stationCount>
    <creationInfo>
      <agencyURI>smi:smi-registry/organization/EMSC</agencyURI>
      <authorURI>smi:smi-registry/organization/EMSC</authorURI>
    </creationInfo>
  </magnitude>
</event>
<event publicID="quakeml:eu.emsc/event/19980607_0000004">
  <preferredOriginID>quakeml:eu.emsc/event/19980607_0000004/origin/1495044</preferredOriginID>
  <preferredMagnitudeID>quakeml:eu.emsc/event/19980607_0000004/origin/1495044/mag/1</preferredMagnitudeID>
  <creationInfo>
    <agencyURI>smi:smi-registry/organization/EMSC</agencyURI>
    <authorURI>smi:smi-registry/organization/EMSC</authorURI>
    <creationTime>2014-12-03T10:56:09.250404Z</creationTime>
  </creationInfo>
  <description>
    <text>EGYPT</text>
    <type>Flinn-Engdahl region</type>
  </description>
  <origin publicID="quakeml:eu.emsc/event/19980607_0000004/origin/1495044">
    <time>
      <value>1998-06-07T05:58:29.0Z</value>
      <uncertainty>0.99</uncertainty>
    </time>
    <latitude>
      <value>27.2396</value>
      <uncertainty>23.3</uncertainty>
    </latitude>
    <longitude>
      <value>29.1978</value>
      <uncertainty>14.1</uncertainty>
    </longitude>
    <depth>
      <value>10000</value>
    </depth>
    <depthType>from location</depthType>
    <methodID>smi:eu.emsc-csem/origin_method/NA</methodID>
    <quality>
      <usedPhaseCount>16</usedPhaseCount>
      <usedStationCount>13</usedStationCount>
      <standardError>0.64</standardError>
      <azimuthalGap>324</azimuthalGap>
      <minimumDistance>2.91</minimumDistance>
      <maximumDistance>6.2</maximumDistance>
    </quality>
    <evaluationMode>manual</evaluationMode>
    <creationInfo>
      <agencyURI>smi:smi-registry/organization/EMSC</agencyURI>
      <authorURI>smi:smi-registry/organization/EMSC</authorURI>
    </creationInfo>
    <originUncertainty>
      <azimuthMaxHorizontalUncertainty>16</azimuthMaxHorizontalUncertainty>
    </originUncertainty>
  </origin>
  <magnitude publicID="quakeml:eu.emsc/event/19980607_0000004/origin/1495044/mag/1">
    <mag>
      <value>4.4</value>
    </mag>
    <type>Mw</type>
    <originID>quakeml:eu.emsc/event/19980607_0000004/origin/1495044</originID>
    <creationInfo>
      <agencyURI>smi:smi-registry/organization/EMSC</agencyURI>
      <authorURI>smi:smi-registry/organization/EMSC</authorURI>
    </creationInfo>
  </magnitude>
</event>
<event publicID="quakeml:eu.emsc/event/19980607_0000011">
  <preferredOriginID>quakeml:eu.emsc/event/19980607_0000011/origin/1494449</preferredOriginID>
  <preferredMagnitudeID>quakeml:eu.emsc/event/19980607_0000011/origin/1494449/mag/1</preferredMagnitudeID>
  <creationInfo>
    <agencyURI>smi:smi-registry/organization/EMSC</agencyURI>
    <authorURI>smi:smi-registry/organization/EMSC</authorURI>
    <creationTime>2014-12-03T15:23:12.742565Z</creationTime>
  </creationInfo>
  <description>
    <text>FRANCE</text>
    <type>Flinn-Engdahl region</type>
  </description>
  <origin publicID="quakeml:eu.emsc/event/19980607_0000011/origin/1494449">
    <time>
      <value>1998-06-07T04:51:26.2Z</value>
      <uncertainty>0.13</uncertainty>
    </time>
    <latitude>
      <value>44.7269</value>
      <uncertainty>3.8</uncertainty>
    </latitude>
    <longitude>
      <value>6.726</value>
      <uncertainty>1.5</uncertainty>
    </longitude>
    <depth>
      <value>10000</value>
    </depth>
    <depthType>from location</depthType>
    <methodID>smi:eu.emsc-csem/origin_method/NA</methodID>
    <quality>
      <usedPhaseCount>30</usedPhaseCount>
      <usedStationCount>18</usedStationCount>
      <standardError>0.51</standardError>
      <azimuthalGap>160</azimuthalGap>
      <minimumDistance>0.03</minimumDistance>
      <maximumDistance>2.73</maximumDistance>
    </quality>
    <evaluationMode>manual</evaluationMode>
    <creationInfo>
      <agencyURI>smi:smi-registry/organization/EMSC</agencyURI>
      <authorURI>smi:smi-registry/organization/EMSC</authorURI>
    </creationInfo>
    <originUncertainty>
      <azimuthMaxHorizontalUncertainty>71</azimuthMaxHorizontalUncertainty>
    </originUncertainty>
  </origin>
  <magnitude publicID="quakeml:eu.emsc/event/19980607_0000011/origin/1494449/mag/1">
    <mag>
      <value>2.1</value>
      <uncertainty>0.2</uncertainty>
    </mag>
    <type>ML</type>
    <originID>quakeml:eu.emsc/event/19980607_0000011/origin/1494449</originID>
    <stationCount>4</stationCount>
    <creationInfo>
      <agencyURI>smi:smi-registry/organization/EMSC</agencyURI>
      <authorURI>smi:smi-registry/organization/EMSC</authorURI>
    </creationInfo>
  </magnitude>
</event>
<event publicID="quakeml:eu.emsc/event/19980607_0000003">
  <preferredOriginID>quakeml:eu.emsc/event/19980607_0000003/origin/1495048</preferredOriginID>
  <preferredMagnitudeID>quakeml:eu.emsc/event/19980607_0000003/origin/1495048/mag/2</preferredMagnitudeID>
  <creationInfo>
    <agencyURI>smi:smi-registry/organization/EMSC</agencyURI>
    <authorURI>smi:smi-registry/organization/EMSC</authorURI>
    <creationTime>2014-12-03T12:19:05.220962Z</creationTime>
  </creationInfo>
  <description>
    <text>CENTRAL ITALY</text>
    <type>Flinn-Engdahl region</type>
  </description>
  <origin publicID="quakeml:eu.emsc/event/19980607_0000003/origin/1495048">
    <time>
      <value>1998-06-07T03:28:23.3Z</value>
      <uncertainty>0.2</uncertainty>
    </time>
    <latitude>
      <value>43.3546</value>
      <uncertainty>5.4</uncertainty>
    </latitude>
    <longitude>
      <value>12.4963</value>
      <uncertainty>4.4</uncertainty>
    </longitude>
    <depth>
      <value>8000</value>
    </depth>
    <depthType>from location</depthType>
    <methodID>smi:eu.emsc-csem/origin_method/NA</methodID>
    <quality>
      <usedPhaseCount>22</usedPhaseCount>
      <usedStationCount>16</usedStationCount>
      <standardError>1.01</standardError>
      <azimuthalGap>81</azimuthalGap>
      <minimumDistance>0.31</minimumDistance>
      <maximumDistance>6.34</maximumDistance>
    </quality>
    <evaluationMode>manual</evaluationMode>
    <creationInfo>
      <agencyURI>smi:smi-registry/organization/EMSC</agencyURI>
      <authorURI>smi:smi-registry/organization/EMSC</authorURI>
    </creationInfo>
    <originUncertainty>
      <azimuthMaxHorizontalUncertainty>21</azimuthMaxHorizontalUncertainty>
    </originUncertainty>
  </origin>
  <magnitude publicID="quakeml:eu.emsc/event/19980607_0000003/origin/1495048/mag/2">
    <mag>
      <value>1.9</value>
    </mag>
    <type>ML</type>
    <originID>quakeml:eu.emsc/event/19980607_0000003/origin/1495048</originID>
    <stationCount>7</stationCount>
    <creationInfo>
      <agencyURI>smi:smi-registry/organization/EMSC</agencyURI>
      <authorURI>smi:smi-registry/organization/EMSC</authorURI>
    </creationInfo>
  </magnitude>
</event>
<event publicID="quakeml:eu.emsc/event/19980607_0000002">
  <preferredOriginID>quakeml:eu.emsc/event/19980607_0000002/origin/1495051</preferredOriginID>
  <preferredMagnitudeID>quakeml:eu.emsc/event/19980607_0000002/origin/1495051/mag/2</preferredMagnitudeID>
  <creationInfo>
    <agencyURI>smi:smi-registry/organization/EMSC</agencyURI>
    <authorURI>smi:smi-registry/organization/EMSC</authorURI>
    <creationTime>2014-12-03T11:37:06.776534Z</creationTime>
  </creationInfo>
  <description>
    <text>NORTHWESTERN RUSSIA</text>
    <type>Flinn-Engdahl region</type>
  </description>
  <origin publicID="quakeml:eu.emsc/event/19980607_0000002/origin/1495051">
    <time>
      <value>1998-06-07T02:41:13.5Z</value>
      <uncertainty>0.92</uncertainty>
    </time>
    <latitude>
      <value>67.6185</value>
      <uncertainty>20.4</uncertainty>
    </latitude>
    <longitude>
      <value>33.1638</value>
      <uncertainty>7.9</uncertainty>
    </longitude>
    <depth>
      <value>2000</value>
    </depth>
    <depthType>from location</depthType>
    <methodID>smi:eu.emsc-csem/origin_method/NA</methodID>
    <quality>
      <usedPhaseCount>18</usedPhaseCount>
      <usedStationCount>9</usedStationCount>
      <standardError>1.36</standardError>
      <azimuthalGap>233</azimuthalGap>
      <minimumDistance>2.61</minimumDistance>
      <maximumDistance>6.51</maximumDistance>
    </quality>
    <evaluationMode>manual</evaluationMode>
    <creationInfo>
      <agencyURI>smi:smi-registry/organization/EMSC</agencyURI>
      <authorURI>smi:smi-registry/organization/EMSC</authorURI>
    </creationInfo>
    <originUncertainty>
      <azimuthMaxHorizontalUncertainty>80</azimuthMaxHorizontalUncertainty>
    </originUncertainty>
  </origin>
  <magnitude publicID="quakeml:eu.emsc/event/19980607_0000002/origin/1495051/mag/2">
    <mag>
      <value>2.5</value>
    </mag>
    <type>ML</type>
    <originID>quakeml:eu.emsc/event/19980607_0000002/origin/1495051</originID>
    <creationInfo>
      <agencyURI>smi:smi-registry/organization/EMSC</agencyURI>
      <authorURI>smi:smi-registry/organization/EMSC</authorURI>
    </creationInfo>
  </magnitude>
</event>
<event publicID="quakeml:eu.emsc/event/19980607_0000001">
  <preferredOriginID>quakeml:eu.emsc/event/19980607_0000001/origin/1495055</preferredOriginID>
  <preferredMagnitudeID>quakeml:eu.emsc/event/19980607_0000001/origin/1495055/mag/2</preferredMagnitudeID>
  <creationInfo>
    <agencyURI>smi:smi-registry/organization/EMSC</agencyURI>
    <authorURI>smi:smi-registry/organization/EMSC</authorURI>
    <creationTime>2014-12-03T11:38:00.931875Z</creationTime>
  </creationInfo>
  <description>
    <text>WESTERN TURKEY</text>
    <type>Flinn-Engdahl region</type>
  </description>
  <origin publicID="quakeml:eu.emsc/event/19980607_0000001/origin/1495055">
    <time>
      <value>1998-06-07T02:35:51.0Z</value>
      <uncertainty>0.25</uncertainty>
    </time>
    <latitude>
      <value>37.2687</value>
      <uncertainty>11.6</uncertainty>
    </latitude>
    <longitude>
      <value>27.0841</value>
      <uncertainty>5.8</uncertainty>
    </longitude>
    <depth>
      <value>2000</value>
    </depth>
    <depthType>from location</depthType>
    <methodID>smi:eu.emsc-csem/origin_method/NA</methodID>
    <quality>
      <usedPhaseCount>21</usedPhaseCount>
      <usedStationCount>21</usedStationCount>
      <standardError>1.03</standardError>
      <azimuthalGap>77</azimuthalGap>
      <minimumDistance>0.48</minimumDistance>
      <maximumDistance>9.91</maximumDistance>
    </quality>
    <evaluationMode>manual</evaluationMode>
    <creationInfo>
      <agencyURI>smi:smi-registry/organization/EMSC</agencyURI>
      <authorURI>smi:smi-registry/organization/EMSC</authorURI>
    </creationInfo>
    <originUncertainty>
      <azimuthMaxHorizontalUncertainty>42</azimuthMaxHorizontalUncertainty>
    </originUncertainty>
  </origin>
  <magnitude publicID="quakeml:eu.emsc/event/19980607_0000001/origin/1495055/mag/2">
    <mag>
      <value>3.7</value>
    </mag>
    <type>ML</type>
    <originID>quakeml:eu.emsc/event/19980607_0000001/origin/1495055</originID>
    <creationInfo>
      <agencyURI>smi:smi-registry/organization/EMSC</agencyURI>
      <authorURI>smi:smi-registry/organization/EMSC</authorURI>
    </creationInfo>
  </magnitude>
</event>
</eventParameters>
</q:quakeml>
