<?xml version="1.0"?>
<q:quakeml xmlns:q="http://quakeml.org/xmlns/quakeml/1.2"  xmlns="http://quakeml.org/xmlns/bed/1.2">
<eventParameters publicID="smi:eu.emsc/unid">
<event publicID="quakeml:eu.emsc/event/19981017_0000022">
  <preferredOriginID>quakeml:eu.emsc/event/19981017_0000022/origin/1489636</preferredOriginID>
  <preferredMagnitudeID>quakeml:eu.emsc/event/19981017_0000022/origin/1489636/mag/1</preferredMagnitudeID>
  <creationInfo>
    <agencyURI>smi:smi-registry/organization/EMSC</agencyURI>
    <authorURI>smi:smi-registry/organization/EMSC</authorURI>
    <creationTime>2014-12-03T15:43:09.976097Z</creationTime>
  </creationInfo>
  <description>
    <text>FRANCE</text>
    <type>Flinn-Engdahl region</type>
  </description>
  <origin publicID="quakeml:eu.emsc/event/19981017_0000022/origin/1489636">
    <time>
      <value>1998-10-17T23:33:58.1Z</value>
      <uncertainty>0.1</uncertainty>
    </time>
    <latitude>
      <value>44.7332</value>
      <uncertainty>2.5</uncertainty>
    </latitude>
    <longitude>
      <value>6.7962</value>
      <uncertainty>1.7</uncertainty>
    </longitude>
    <depth>
      <value>12000</value>
    </depth>
    <depthType>from location</depthType>
    <methodID>smi:eu.emsc-csem/origin_method/NA</methodID>
    <quality>
      <usedPhaseCount>40</usedPhaseCount>
      <usedStationCount>24</usedStationCount>
      <standardError>0.61</standardError>
      <azimuthalGap>70</azimuthalGap>
      <minimumDistance>0.02</minimumDistance>
      <maximumDistance>2.71</maximumDistance>
    </quality>
    <evaluationMode>manual</evaluationMode>
    <creationInfo>
      <agencyURI>smi:smi-registry/organization/EMSC</agencyURI>
      <authorURI>smi:smi-registry/organization/EMSC</authorURI>
    </creationInfo>
    <originUncertainty>
      <azimuthMaxHorizontalUncertainty>76</azimuthMaxHorizontalUncertainty>
    </originUncertainty>
  </origin>
  <magnitude publicID="quakeml:eu.emsc/event/19981017_0000022/origin/1489636/mag/1">
    <mag>
      <value>1.7</value>
      <uncertainty>0.2</uncertainty>
    </mag>
    <type>ML</type>
    <originID>quakeml:eu.emsc/event/19981017_0000022/origin/1489636</originID>
    <stationCount>9</stationCount>
    <creationInfo>
      <agencyURI>smi:smi-registry/organization/EMSC</agencyURI>
      <authorURI>smi:smi-registry/organization/EMSC</authorURI>
    </creationInfo>
  </magnitude>
</event>
<event publicID="quakeml:eu.emsc/event/19981017_0000018">
  <preferredOriginID>quakeml:eu.emsc/event/19981017_0000018/origin/1482526</preferredOriginID>
  <preferredMagnitudeID>quakeml:eu.emsc/event/19981017_0000018/origin/1482526/mag/2</preferredMagnitudeID>
  <creationInfo>
    <agencyURI>smi:smi-registry/organization/EMSC</agencyURI>
    <authorURI>smi:smi-registry/organization/EMSC</authorURI>
    <creationTime>2014-12-10T23:59:29.493611Z</creationTime>
  </creationInfo>
  <description>
    <text>DODECANESE ISLANDS, GREECE</text>
    <type>Flinn-Engdahl region</type>
  </description>
  <origin publicID="quakeml:eu.emsc/event/19981017_0000018/origin/1482526">
    <time>
      <value>1998-10-17T22:44:14.5Z</value>
    </time>
    <latitude>
      <value>36.237</value>
      <uncertainty>9999.9</uncertainty>
    </latitude>
    <longitude>
      <value>28.942</value>
      <uncertainty>9999.9</uncertainty>
    </longitude>
    <depth>
      <value>7000</value>
    </depth>
    <depthType>from location</depthType>
    <methodID>smi:eu.emsc-csem/origin_method/NA</methodID>
    <quality>
      <usedPhaseCount>6</usedPhaseCount>
      <usedStationCount>5</usedStationCount>
      <standardError>0.97</standardError>
      <azimuthalGap>272</azimuthalGap>
      <minimumDistance>0.93</minimumDistance>
      <maximumDistance>2.54</maximumDistance>
    </quality>
    <evaluationMode>manual</evaluationMode>
    <creationInfo>
      <agencyURI>smi:smi-registry/organization/EMSC</agencyURI>
      <authorURI>smi:smi-registry/organization/EMSC</authorURI>
    </creationInfo>
    <originUncertainty>
      <azimuthMaxHorizontalUncertainty>-99</azimuthMaxHorizontalUncertainty>
    </originUncertainty>
  </origin>
  <magnitude publicID="quakeml:eu.emsc/event/19981017_0000018/origin/1482526/mag/2">
    <mag>
      <value>3.3</value>
    </mag>
    <type>MD</type>
    <originID>quakeml:eu.emsc/event/19981017_0000018/origin/1482526</originID>
    <creationInfo>
      <agencyURI>smi:smi-registry/organization/EMSC</agencyURI>
      <authorURI>smi:smi-registry/organization/EMSC</authorURI>
    </creationInfo>
  </magnitude>
</event>
<event publicID="quakeml:eu.emsc/event/19981017_0000017">
  <preferredOriginID>quakeml:eu.emsc/event/19981017_0000017/origin/1490028</preferredOriginID>
  <preferredMagnitudeID>quakeml:eu.emsc/event/19981017_0000017/origin/1490028/mag/2</preferredMagnitudeID>
  <creationInfo>
    <agencyURI>smi:smi-registry/organization/EMSC</agencyURI>
    <authorURI>smi:smi-registry/organization/EMSC</authorURI>
    <creationTime>2014-12-03T10:50:34.582158Z</creationTime>
  </creationInfo>
  <description>
    <text>SOUTHERN ITALY</text>
    <type>Flinn-Engdahl region</type>
  </description>
  <origin publicID="quakeml:eu.emsc/event/19981017_0000017/origin/1490028">
    <time>
      <value>1998-10-17T22:19:30.9Z</value>
      <uncertainty>0.21</uncertainty>
    </time>
    <latitude>
      <value>40.024</value>
      <uncertainty>5.9</uncertainty>
    </latitude>
    <longitude>
      <value>15.9882</value>
      <uncertainty>4.2</uncertainty>
    </longitude>
    <depth>
      <value>10000</value>
    </depth>
    <depthType>from location</depthType>
    <methodID>smi:eu.emsc-csem/origin_method/NA</methodID>
    <quality>
      <usedPhaseCount>30</usedPhaseCount>
      <usedStationCount>24</usedStationCount>
      <standardError>1.1</standardError>
      <azimuthalGap>76</azimuthalGap>
      <minimumDistance>0.35</minimumDistance>
      <maximumDistance>5.17</maximumDistance>
    </quality>
    <evaluationMode>manual</evaluationMode>
    <creationInfo>
      <agencyURI>smi:smi-registry/organization/EMSC</agencyURI>
      <authorURI>smi:smi-registry/organization/EMSC</authorURI>
    </creationInfo>
    <originUncertainty>
      <azimuthMaxHorizontalUncertainty>43</azimuthMaxHorizontalUncertainty>
    </originUncertainty>
  </origin>
  <magnitude publicID="quakeml:eu.emsc/event/19981017_0000017/origin/1490028/mag/2">
    <mag>
      <value>2.5</value>
    </mag>
    <type>ML</type>
    <originID>quakeml:eu.emsc/event/19981017_0000017/origin/1490028</originID>
    <stationCount>7</stationCount>
    <creationInfo>
      <agencyURI>smi:smi-registry/organization/EMSC</agencyURI>
      <authorURI>smi:smi-registry/organization/EMSC</authorURI>
    </creationInfo>
  </magnitude>
</event>
<event publicID="quakeml:eu.emsc/event/19981017_0000023">
  <preferredOriginID>quakeml:eu.emsc/event/19981017_0000023/origin/1487750</preferredOriginID>
  <preferredMagnitudeID>quakeml:eu.emsc/event/19981017_0000023/origin/1487750/mag/2</preferredMagnitudeID>
  <creationInfo>
    <agencyURI>smi:smi-registry/organization/EMSC</agencyURI>
    <authorURI>smi:smi-registry/organization/EMSC</authorURI>
    <creationTime>2014-12-10T12:55:25.794418Z</creationTime>
  </creationInfo>
  <description>
    <text>NORTHERN ITALY</text>
    <type>Flinn-Engdahl region</type>
  </description>
  <origin publicID="quakeml:eu.emsc/event/19981017_0000023/origin/1487750">
    <time>
      <value>1998-10-17T19:49:45.4Z</value>
    </time>
    <latitude>
      <value>44.3678</value>
      <uncertainty>9999.9</uncertainty>
    </latitude>
    <longitude>
      <value>7.2992</value>
      <uncertainty>9999.9</uncertainty>
    </longitude>
    <depth>
      <value>9100.0</value>
    </depth>
    <depthType>from location</depthType>
    <methodID>smi:eu.emsc-csem/origin_method/NA</methodID>
    <quality>
      <usedPhaseCount>10</usedPhaseCount>
      <usedStationCount>6</usedStationCount>
      <standardError>8.85</standardError>
      <azimuthalGap>145</azimuthalGap>
      <minimumDistance>0.12</minimumDistance>
      <maximumDistance>0.44</maximumDistance>
    </quality>
    <evaluationMode>manual</evaluationMode>
    <creationInfo>
      <agencyURI>smi:smi-registry/organization/EMSC</agencyURI>
      <authorURI>smi:smi-registry/organization/EMSC</authorURI>
    </creationInfo>
    <originUncertainty>
      <azimuthMaxHorizontalUncertainty>-99</azimuthMaxHorizontalUncertainty>
    </originUncertainty>
  </origin>
  <magnitude publicID="quakeml:eu.emsc/event/19981017_0000023/origin/1487750/mag/2">
    <mag>
      <value>1.7</value>
    </mag>
    <type>ML</type>
    <originID>quakeml:eu.emsc/event/19981017_0000023/origin/1487750</originID>
    <creationInfo>
      <agencyURI>smi:smi-registry/organization/EMSC</agencyURI>
      <authorURI>smi:smi-registry/organization/EMSC</authorURI>
    </creationInfo>
  </magnitude>
</event>
<event publicID="quakeml:eu.emsc/event/19981017_0000016">
  <preferredOriginID>quakeml:eu.emsc/event/19981017_0000016/origin/1487752</preferredOriginID>
  <preferredMagnitudeID>quakeml:eu.emsc/event/19981017_0000016/origin/1487752/mag/2</preferredMagnitudeID>
  <creationInfo>
    <agencyURI>smi:smi-registry/organization/EMSC</agencyURI>
    <authorURI>smi:smi-registry/organization/EMSC</authorURI>
    <creationTime>2014-12-10T23:58:38.944786Z</creationTime>
  </creationInfo>
  <description>
    <text>WESTERN TURKEY</text>
    <type>Flinn-Engdahl region</type>
  </description>
  <origin publicID="quakeml:eu.emsc/event/19981017_0000016/origin/1487752">
    <time>
      <value>1998-10-17T18:35:28.5Z</value>
    </time>
    <latitude>
      <value>40.301</value>
      <uncertainty>9999.9</uncertainty>
    </latitude>
    <longitude>
      <value>29.219</value>
      <uncertainty>9999.9</uncertainty>
    </longitude>
    <depth>
      <value>6000</value>
    </depth>
    <depthType>from location</depthType>
    <methodID>smi:eu.emsc-csem/origin_method/NA</methodID>
    <quality>
      <usedPhaseCount>14</usedPhaseCount>
      <usedStationCount>10</usedStationCount>
      <standardError>1.07</standardError>
      <azimuthalGap>67</azimuthalGap>
      <minimumDistance>0.2</minimumDistance>
      <maximumDistance>1.53</maximumDistance>
    </quality>
    <evaluationMode>manual</evaluationMode>
    <creationInfo>
      <agencyURI>smi:smi-registry/organization/EMSC</agencyURI>
      <authorURI>smi:smi-registry/organization/EMSC</authorURI>
    </creationInfo>
    <originUncertainty>
      <azimuthMaxHorizontalUncertainty>-99</azimuthMaxHorizontalUncertainty>
    </originUncertainty>
  </origin>
  <magnitude publicID="quakeml:eu.emsc/event/19981017_0000016/origin/1487752/mag/2">
    <mag>
      <value>3</value>
    </mag>
    <type>MD</type>
    <originID>quakeml:eu.emsc/event/19981017_0000016/origin/1487752</originID>
    <creationInfo>
      <agencyURI>smi:smi-registry/organization/EMSC</agencyURI>
      <authorURI>smi:smi-registry/organization/EMSC</authorURI>
    </creationInfo>
  </magnitude>
</event>
<event publicID="quakeml:eu.emsc/event/19981017_0000015">
  <preferredOriginID>quakeml:eu.emsc/event/19981017_0000015/origin/1482528</preferredOriginID>
  <preferredMagnitudeID>quakeml:eu.emsc/event/19981017_0000015/origin/1482528/mag/2</preferredMagnitudeID>
  <creationInfo>
    <agencyURI>smi:smi-registry/organization/EMSC</agencyURI>
    <authorURI>smi:smi-registry/organization/EMSC</authorURI>
    <creationTime>2014-12-10T23:58:11.626593Z</creationTime>
  </creationInfo>
  <description>
    <text>DEAD SEA REGION</text>
    <type>Flinn-Engdahl region</type>
  </description>
  <origin publicID="quakeml:eu.emsc/event/19981017_0000015/origin/1482528">
    <time>
      <value>1998-10-17T18:06:54.0Z</value>
    </time>
    <latitude>
      <value>32.8</value>
      <uncertainty>9999.9</uncertainty>
    </latitude>
    <longitude>
      <value>35.3</value>
      <uncertainty>9999.9</uncertainty>
    </longitude>
    <depth>
      <value>10000</value>
    </depth>
    <depthType>from location</depthType>
    <methodID>smi:eu.emsc-csem/origin_method/NA</methodID>
    <quality>
      <usedPhaseCount>14</usedPhaseCount>
      <usedStationCount>10</usedStationCount>
      <standardError>0.66</standardError>
      <azimuthalGap>74</azimuthalGap>
      <minimumDistance>0.23</minimumDistance>
      <maximumDistance>2.45</maximumDistance>
    </quality>
    <evaluationMode>manual</evaluationMode>
    <creationInfo>
      <agencyURI>smi:smi-registry/organization/EMSC</agencyURI>
      <authorURI>smi:smi-registry/organization/EMSC</authorURI>
    </creationInfo>
    <originUncertainty>
      <azimuthMaxHorizontalUncertainty>-99</azimuthMaxHorizontalUncertainty>
    </originUncertainty>
  </origin>
  <magnitude publicID="quakeml:eu.emsc/event/19981017_0000015/origin/1482528/mag/2">
    <mag>
      <value>1.9</value>
    </mag>
    <type>ML</type>
    <originID>quakeml:eu.emsc/event/19981017_0000015/origin/1482528</originID>
    <creationInfo>
      <agencyURI>smi:smi-registry/organization/EMSC</agencyURI>
      <authorURI>smi:smi-registry/organization/EMSC</authorURI>
    </creationInfo>
  </magnitude>
</event>
<event publicID="quakeml:eu.emsc/event/19981017_0000014">
  <preferredOriginID>quakeml:eu.emsc/event/19981017_0000014/origin/1487754</preferredOriginID>
  <preferredMagnitudeID>quakeml:eu.emsc/event/19981017_0000014/origin/1487754/mag/2</preferredMagnitudeID>
  <creationInfo>
    <agencyURI>smi:smi-registry/organization/EMSC</agencyURI>
    <authorURI>smi:smi-registry/organization/EMSC</authorURI>
    <creationTime>2014-12-10T23:57:50.238548Z</creationTime>
  </creationInfo>
  <description>
    <text>NEAR THE COAST OF WESTERN TURKEY</text>
    <type>Flinn-Engdahl region</type>
  </description>
  <origin publicID="quakeml:eu.emsc/event/19981017_0000014/origin/1487754">
    <time>
      <value>1998-10-17T16:29:53.7Z</value>
    </time>
    <latitude>
      <value>39.335</value>
      <uncertainty>9999.9</uncertainty>
    </latitude>
    <longitude>
      <value>26.261</value>
      <uncertainty>9999.9</uncertainty>
    </longitude>
    <depth>
      <value>10000</value>
    </depth>
    <depthType>from location</depthType>
    <methodID>smi:eu.emsc-csem/origin_method/NA</methodID>
    <quality>
      <usedPhaseCount>5</usedPhaseCount>
      <usedStationCount>4</usedStationCount>
      <standardError>2.41</standardError>
      <azimuthalGap>248</azimuthalGap>
      <minimumDistance>1.22</minimumDistance>
      <maximumDistance>1.65</maximumDistance>
    </quality>
    <evaluationMode>manual</evaluationMode>
    <creationInfo>
      <agencyURI>smi:smi-registry/organization/EMSC</agencyURI>
      <authorURI>smi:smi-registry/organization/EMSC</authorURI>
    </creationInfo>
    <originUncertainty>
      <azimuthMaxHorizontalUncertainty>-99</azimuthMaxHorizontalUncertainty>
    </originUncertainty>
  </origin>
  <magnitude publicID="quakeml:eu.emsc/event/19981017_0000014/origin/1487754/mag/2">
    <mag>
      <value>3</value>
    </mag>
    <type>MD</type>
    <originID>quakeml:eu.emsc/event/19981017_0000014/origin/1487754</originID>
    <creationInfo>
      <agencyURI>smi:smi-registry/organization/EMSC</agencyURI>
      <authorURI>smi:smi-registry/organization/EMSC</authorURI>
    </creationInfo>
  </magnitude>
</event>
<event publicID="quakeml:eu.emsc/event/19981017_0000013">
  <preferredOriginID>quakeml:eu.emsc/event/19981017_0000013/origin/1482530</preferredOriginID>
  <preferredMagnitudeID>quakeml:eu.emsc/event/19981017_0000013/origin/1482530/mag/2</preferredMagnitudeID>
  <creationInfo>
    <agencyURI>smi:smi-registry/organization/EMSC</agencyURI>
    <authorURI>smi:smi-registry/organization/EMSC</authorURI>
    <creationTime>2014-12-10T23:57:29.55347Z</creationTime>
  </creationInfo>
  <description>
    <text>WESTERN TURKEY</text>
    <type>Flinn-Engdahl region</type>
  </description>
  <origin publicID="quakeml:eu.emsc/event/19981017_0000013/origin/1482530">
    <time>
      <value>1998-10-17T16:26:07.2Z</value>
    </time>
    <latitude>
      <value>39.28</value>
      <uncertainty>9999.9</uncertainty>
    </latitude>
    <longitude>
      <value>27.538</value>
      <uncertainty>9999.9</uncertainty>
    </longitude>
    <depth>
      <value>10000</value>
    </depth>
    <depthType>from location</depthType>
    <methodID>smi:eu.emsc-csem/origin_method/NA</methodID>
    <quality>
      <usedPhaseCount>5</usedPhaseCount>
      <usedStationCount>4</usedStationCount>
      <standardError>1.03</standardError>
      <azimuthalGap>179</azimuthalGap>
      <minimumDistance>0.91</minimumDistance>
      <maximumDistance>1.83</maximumDistance>
    </quality>
    <evaluationMode>manual</evaluationMode>
    <creationInfo>
      <agencyURI>smi:smi-registry/organization/EMSC</agencyURI>
      <authorURI>smi:smi-registry/organization/EMSC</authorURI>
    </creationInfo>
    <originUncertainty>
      <azimuthMaxHorizontalUncertainty>-99</azimuthMaxHorizontalUncertainty>
    </originUncertainty>
  </origin>
  <magnitude publicID="quakeml:eu.emsc/event/19981017_0000013/origin/1482530/mag/2">
    <mag>
      <value>2.8</value>
    </mag>
    <type>MD</type>
    <originID>quakeml:eu.emsc/event/19981017_0000013/origin/1482530</originID>
    <creationInfo>
      <agencyURI>smi:smi-registry/organization/EMSC</agencyURI>
      <authorURI>smi:smi-registry/organization/EMSC</authorURI>
    </creationInfo>
  </magnitude>
</event>
<event publicID="quakeml:eu.emsc/event/19981017_0000011">
  <preferredOriginID>quakeml:eu.emsc/event/19981017_0000011/origin/1482532</preferredOriginID>
  <preferredMagnitudeID>quakeml:eu.emsc/event/19981017_0000011/origin/1482532/mag/2</preferredMagnitudeID>
  <creationInfo>
    <agencyURI>smi:smi-registry/organization/EMSC</agencyURI>
    <authorURI>smi:smi-registry/organization/EMSC</authorURI>
    <creationTime>2014-12-10T23:56:44.439887Z</creationTime>
  </creationInfo>
  <description>
    <text>WESTERN TURKEY</text>
    <type>Flinn-Engdahl region</type>
  </description>
  <origin publicID="quakeml:eu.emsc/event/19981017_0000011/origin/1482532">
    <time>
      <value>1998-10-17T14:59:42.5Z</value>
    </time>
    <latitude>
      <value>40.894</value>
      <uncertainty>9999.9</uncertainty>
    </latitude>
    <longitude>
      <value>30.418</value>
      <uncertainty>9999.9</uncertainty>
    </longitude>
    <depth>
      <value>6000</value>
    </depth>
    <depthType>from location</depthType>
    <methodID>smi:eu.emsc-csem/origin_method/NA</methodID>
    <quality>
      <usedPhaseCount>7</usedPhaseCount>
      <usedStationCount>6</usedStationCount>
      <standardError>1.54</standardError>
      <azimuthalGap>204</azimuthalGap>
      <minimumDistance>0.57</minimumDistance>
      <maximumDistance>1.53</maximumDistance>
    </quality>
    <evaluationMode>manual</evaluationMode>
    <creationInfo>
      <agencyURI>smi:smi-registry/organization/EMSC</agencyURI>
      <authorURI>smi:smi-registry/organization/EMSC</authorURI>
    </creationInfo>
    <originUncertainty>
      <azimuthMaxHorizontalUncertainty>-99</azimuthMaxHorizontalUncertainty>
    </originUncertainty>
  </origin>
  <magnitude publicID="quakeml:eu.emsc/event/19981017_0000011/origin/1482532/mag/2">
    <mag>
      <value>2.7</value>
    </mag>
    <type>MD</type>
    <originID>quakeml:eu.emsc/event/19981017_0000011/origin/1482532</originID>
    <creationInfo>
      <agencyURI>smi:smi-registry/organization/EMSC</agencyURI>
      <authorURI>smi:smi-registry/organization/EMSC</authorURI>
    </creationInfo>
  </magnitude>
</event>
<event publicID="quakeml:eu.emsc/event/19981017_0000025">
  <preferredOriginID>quakeml:eu.emsc/event/19981017_0000025/origin/1489639</preferredOriginID>
  <preferredMagnitudeID>quakeml:eu.emsc/event/19981017_0000025/origin/1489639/mag/2</preferredMagnitudeID>
  <creationInfo>
    <agencyURI>smi:smi-registry/organization/EMSC</agencyURI>
    <authorURI>smi:smi-registry/organization/EMSC</authorURI>
    <creationTime>2014-12-03T17:06:52.17938Z</creationTime>
  </creationInfo>
  <description>
    <text>PYRENEES</text>
    <type>Flinn-Engdahl region</type>
  </description>
  <origin publicID="quakeml:eu.emsc/event/19981017_0000025/origin/1489639">
    <time>
      <value>1998-10-17T12:24:41.4Z</value>
      <uncertainty>0.09</uncertainty>
    </time>
    <latitude>
      <value>42.7183</value>
      <uncertainty>2.1</uncertainty>
    </latitude>
    <longitude>
      <value>1.0299</value>
      <uncertainty>2</uncertainty>
    </longitude>
    <depth>
      <value>10000</value>
    </depth>
    <depthType>from location</depthType>
    <methodID>smi:eu.emsc-csem/origin_method/NA</methodID>
    <quality>
      <usedPhaseCount>14</usedPhaseCount>
      <usedStationCount>7</usedStationCount>
      <standardError>0.34</standardError>
      <azimuthalGap>83</azimuthalGap>
      <minimumDistance>0.12</minimumDistance>
      <maximumDistance>0.86</maximumDistance>
    </quality>
    <evaluationMode>manual</evaluationMode>
    <creationInfo>
      <agencyURI>smi:smi-registry/organization/EMSC</agencyURI>
      <authorURI>smi:smi-registry/organization/EMSC</authorURI>
    </creationInfo>
    <originUncertainty>
      <azimuthMaxHorizontalUncertainty>104</azimuthMaxHorizontalUncertainty>
    </originUncertainty>
  </origin>
  <magnitude publicID="quakeml:eu.emsc/event/19981017_0000025/origin/1489639/mag/2">
    <mag>
      <value>1.1</value>
    </mag>
    <type>ML</type>
    <originID>quakeml:eu.emsc/event/19981017_0000025/origin/1489639</originID>
    <creationInfo>
      <agencyURI>smi:smi-registry/organization/EMSC</agencyURI>
      <authorURI>smi:smi-registry/organization/EMSC</authorURI>
    </creationInfo>
  </magnitude>
</event>
<event publicID="quakeml:eu.emsc/event/19981017_0000009">
  <preferredOriginID>quakeml:eu.emsc/event/19981017_0000009/origin/1487756</preferredOriginID>
  <preferredMagnitudeID>quakeml:eu.emsc/event/19981017_0000009/origin/1487756/mag/2</preferredMagnitudeID>
  <creationInfo>
    <agencyURI>smi:smi-registry/organization/EMSC</agencyURI>
    <authorURI>smi:smi-registry/organization/EMSC</authorURI>
    <creationTime>2014-12-10T23:55:56.80258Z</creationTime>
  </creationInfo>
  <description>
    <text>WESTERN TURKEY</text>
    <type>Flinn-Engdahl region</type>
  </description>
  <origin publicID="quakeml:eu.emsc/event/19981017_0000009/origin/1487756">
    <time>
      <value>1998-10-17T11:24:36.8Z</value>
    </time>
    <latitude>
      <value>39.332</value>
      <uncertainty>9999.9</uncertainty>
    </latitude>
    <longitude>
      <value>27.319</value>
      <uncertainty>9999.9</uncertainty>
    </longitude>
    <depth>
      <value>13000</value>
    </depth>
    <depthType>from location</depthType>
    <methodID>smi:eu.emsc-csem/origin_method/NA</methodID>
    <quality>
      <usedPhaseCount>5</usedPhaseCount>
      <usedStationCount>4</usedStationCount>
      <standardError>1.32</standardError>
      <azimuthalGap>199</azimuthalGap>
      <minimumDistance>0.93</minimumDistance>
      <maximumDistance>1.94</maximumDistance>
    </quality>
    <evaluationMode>manual</evaluationMode>
    <creationInfo>
      <agencyURI>smi:smi-registry/organization/EMSC</agencyURI>
      <authorURI>smi:smi-registry/organization/EMSC</authorURI>
    </creationInfo>
    <originUncertainty>
      <azimuthMaxHorizontalUncertainty>-99</azimuthMaxHorizontalUncertainty>
    </originUncertainty>
  </origin>
  <magnitude publicID="quakeml:eu.emsc/event/19981017_0000009/origin/1487756/mag/2">
    <mag>
      <value>2.7</value>
    </mag>
    <type>MD</type>
    <originID>quakeml:eu.emsc/event/19981017_0000009/origin/1487756</originID>
    <creationInfo>
      <agencyURI>smi:smi-registry/organization/EMSC</agencyURI>
      <authorURI>smi:smi-registry/organization/EMSC</authorURI>
    </creationInfo>
  </magnitude>
</event>
<event publicID="quakeml:eu.emsc/event/19981017_0000008">
  <preferredOriginID>quakeml:eu.emsc/event/19981017_0000008/origin/1487758</preferredOriginID>
  <preferredMagnitudeID>quakeml:eu.emsc/event/19981017_0000008/origin/1487758/mag/2</preferredMagnitudeID>
  <creationInfo>
    <agencyURI>smi:smi-registry/organization/EMSC</agencyURI>
    <authorURI>smi:smi-registry/organization/EMSC</authorURI>
    <creationTime>2014-12-10T23:55:35.511594Z</creationTime>
  </creationInfo>
  <description>
    <text>WESTERN TURKEY</text>
    <type>Flinn-Engdahl region</type>
  </description>
  <origin publicID="quakeml:eu.emsc/event/19981017_0000008/origin/1487758">
    <time>
      <value>1998-10-17T11:05:39.7Z</value>
    </time>
    <latitude>
      <value>39.692</value>
      <uncertainty>9999.9</uncertainty>
    </latitude>
    <longitude>
      <value>29.427</value>
      <uncertainty>9999.9</uncertainty>
    </longitude>
    <depth>
      <value>10000</value>
    </depth>
    <depthType>from location</depthType>
    <methodID>smi:eu.emsc-csem/origin_method/NA</methodID>
    <quality>
      <usedPhaseCount>7</usedPhaseCount>
      <usedStationCount>4</usedStationCount>
      <standardError>2.19</standardError>
      <azimuthalGap>159</azimuthalGap>
      <minimumDistance>0.64</minimumDistance>
      <maximumDistance>1.37</maximumDistance>
    </quality>
    <evaluationMode>manual</evaluationMode>
    <creationInfo>
      <agencyURI>smi:smi-registry/organization/EMSC</agencyURI>
      <authorURI>smi:smi-registry/organization/EMSC</authorURI>
    </creationInfo>
    <originUncertainty>
      <azimuthMaxHorizontalUncertainty>-99</azimuthMaxHorizontalUncertainty>
    </originUncertainty>
  </origin>
  <magnitude publicID="quakeml:eu.emsc/event/19981017_0000008/origin/1487758/mag/2">
    <mag>
      <value>2.7</value>
    </mag>
    <type>MD</type>
    <originID>quakeml:eu.emsc/event/19981017_0000008/origin/1487758</originID>
    <creationInfo>
      <agencyURI>smi:smi-registry/organization/EMSC</agencyURI>
      <authorURI>smi:smi-registry/organization/EMSC</authorURI>
    </creationInfo>
  </magnitude>
</event>
<event publicID="quakeml:eu.emsc/event/19981017_0000020">
  <preferredOriginID>quakeml:eu.emsc/event/19981017_0000020/origin/1489642</preferredOriginID>
  <preferredMagnitudeID>quakeml:eu.emsc/event/19981017_0000020/origin/1489642/mag/1</preferredMagnitudeID>
  <creationInfo>
    <agencyURI>smi:smi-registry/organization/EMSC</agencyURI>
    <authorURI>smi:smi-registry/organization/EMSC</authorURI>
    <creationTime>2014-12-03T15:08:04.943862Z</creationTime>
  </creationInfo>
  <description>
    <text>NORTHERN ITALY</text>
    <type>Flinn-Engdahl region</type>
  </description>
  <origin publicID="quakeml:eu.emsc/event/19981017_0000020/origin/1489642">
    <time>
      <value>1998-10-17T10:02:47.9Z</value>
      <uncertainty>0.21</uncertainty>
    </time>
    <latitude>
      <value>44.3176</value>
      <uncertainty>4.3</uncertainty>
    </latitude>
    <longitude>
      <value>7.5983</value>
      <uncertainty>1.5</uncertainty>
    </longitude>
    <depth>
      <value>15000</value>
    </depth>
    <depthType>from location</depthType>
    <methodID>smi:eu.emsc-csem/origin_method/NA</methodID>
    <quality>
      <usedPhaseCount>21</usedPhaseCount>
      <usedStationCount>11</usedStationCount>
      <standardError>0.39</standardError>
      <azimuthalGap>212</azimuthalGap>
      <minimumDistance>0.33</minimumDistance>
      <maximumDistance>1.37</maximumDistance>
    </quality>
    <evaluationMode>manual</evaluationMode>
    <creationInfo>
      <agencyURI>smi:smi-registry/organization/EMSC</agencyURI>
      <authorURI>smi:smi-registry/organization/EMSC</authorURI>
    </creationInfo>
    <originUncertainty>
      <azimuthMaxHorizontalUncertainty>79</azimuthMaxHorizontalUncertainty>
    </originUncertainty>
  </origin>
  <magnitude publicID="quakeml:eu.emsc/event/19981017_0000020/origin/1489642/mag/1">
    <mag>
      <value>1.9</value>
      <uncertainty>0.3</uncertainty>
    </mag>
    <type>ML</type>
    <originID>quakeml:eu.emsc/event/19981017_0000020/origin/1489642</originID>
    <stationCount>6</stationCount>
    <creationInfo>
      <agencyURI>smi:smi-registry/organization/EMSC</agencyURI>
      <authorURI>smi:smi-registry/organization/EMSC</authorURI>
    </creationInfo>
  </magnitude>
</event>
<event publicID="quakeml:eu.emsc/event/19981017_0000006">
  <preferredOriginID>quakeml:eu.emsc/event/19981017_0000006/origin/1491469</preferredOriginID>
  <preferredMagnitudeID>quakeml:eu.emsc/event/19981017_0000006/origin/1491469/mag/2</preferredMagnitudeID>
  <creationInfo>
    <agencyURI>smi:smi-registry/organization/EMSC</agencyURI>
    <authorURI>smi:smi-registry/organization/EMSC</authorURI>
    <creationTime>2014-12-03T10:34:10.736393Z</creationTime>
  </creationInfo>
  <description>
    <text>DODECANESE ISLANDS, GREECE</text>
    <type>Flinn-Engdahl region</type>
  </description>
  <origin publicID="quakeml:eu.emsc/event/19981017_0000006/origin/1491469">
    <time>
      <value>1998-10-17T10:02:06.4Z</value>
      <uncertainty>0.1</uncertainty>
    </time>
    <latitude>
      <value>36.6452</value>
      <uncertainty>4.8</uncertainty>
    </latitude>
    <longitude>
      <value>26.7121</value>
      <uncertainty>2.2</uncertainty>
    </longitude>
    <depth>
      <value>153700.0</value>
      <uncertainty>1.7</uncertainty>
    </depth>
    <depthType>from location</depthType>
    <methodID>smi:eu.emsc-csem/origin_method/NA</methodID>
    <quality>
      <usedPhaseCount>110</usedPhaseCount>
      <usedStationCount>110</usedStationCount>
      <standardError>0.8</standardError>
      <azimuthalGap>142</azimuthalGap>
      <minimumDistance>1.04</minimumDistance>
      <maximumDistance>26.32</maximumDistance>
    </quality>
    <evaluationMode>manual</evaluationMode>
    <creationInfo>
      <agencyURI>smi:smi-registry/organization/EMSC</agencyURI>
      <authorURI>smi:smi-registry/organization/EMSC</authorURI>
    </creationInfo>
    <originUncertainty>
      <azimuthMaxHorizontalUncertainty>36</azimuthMaxHorizontalUncertainty>
    </originUncertainty>
  </origin>
  <magnitude publicID="quakeml:eu.emsc/event/19981017_0000006/origin/1491469/mag/2">
    <mag>
      <value>4.3</value>
      <uncertainty>0.2</uncertainty>
    </mag>
    <type>mb</type>
    <originID>quakeml:eu.emsc/event/19981017_0000006/origin/1491469</originID>
    <stationCount>9</stationCount>
    <creationInfo>
      <agencyURI>smi:smi-registry/organization/EMSC</agencyURI>
      <authorURI>smi:smi-registry/organization/EMSC</authorURI>
    </creationInfo>
  </magnitude>
</event>
<event publicID="quakeml:eu.emsc/event/19981017_0000005">
  <preferredOriginID>quakeml:eu.emsc/event/19981017_0000005/origin/1490032</preferredOriginID>
  <preferredMagnitudeID>quakeml:eu.emsc/event/19981017_0000005/origin/1490032/mag/1</preferredMagnitudeID>
  <creationInfo>
    <agencyURI>smi:smi-registry/organization/EMSC</agencyURI>
    <authorURI>smi:smi-registry/organization/EMSC</authorURI>
    <creationTime>2014-12-03T11:10:34.881534Z</creationTime>
  </creationInfo>
  <description>
    <text>NORTHERN ITALY</text>
    <type>Flinn-Engdahl region</type>
  </description>
  <origin publicID="quakeml:eu.emsc/event/19981017_0000005/origin/1490032">
    <time>
      <value>1998-10-17T09:50:29.3Z</value>
      <uncertainty>0.41</uncertainty>
    </time>
    <latitude>
      <value>44.329</value>
      <uncertainty>8.5</uncertainty>
    </latitude>
    <longitude>
      <value>7.7182</value>
      <uncertainty>2.6</uncertainty>
    </longitude>
    <depth>
      <value>15000</value>
    </depth>
    <depthType>from location</depthType>
    <methodID>smi:eu.emsc-csem/origin_method/NA</methodID>
    <quality>
      <usedPhaseCount>17</usedPhaseCount>
      <usedStationCount>9</usedStationCount>
      <standardError>0.55</standardError>
      <azimuthalGap>229</azimuthalGap>
      <minimumDistance>0.36</minimumDistance>
      <maximumDistance>1.36</maximumDistance>
    </quality>
    <evaluationMode>manual</evaluationMode>
    <creationInfo>
      <agencyURI>smi:smi-registry/organization/EMSC</agencyURI>
      <authorURI>smi:smi-registry/organization/EMSC</authorURI>
    </creationInfo>
    <originUncertainty>
      <azimuthMaxHorizontalUncertainty>88</azimuthMaxHorizontalUncertainty>
    </originUncertainty>
  </origin>
  <magnitude publicID="quakeml:eu.emsc/event/19981017_0000005/origin/1490032/mag/1">
    <mag>
      <value>1.5</value>
      <uncertainty>0.2</uncertainty>
    </mag>
    <type>ML</type>
    <originID>quakeml:eu.emsc/event/19981017_0000005/origin/1490032</originID>
    <stationCount>6</stationCount>
    <creationInfo>
      <agencyURI>smi:smi-registry/organization/EMSC</agencyURI>
      <authorURI>smi:smi-registry/organization/EMSC</authorURI>
    </creationInfo>
  </magnitude>
</event>
<event publicID="quakeml:eu.emsc/event/19981017_0000004">
  <preferredOriginID>quakeml:eu.emsc/event/19981017_0000004/origin/1490035</preferredOriginID>
  <preferredMagnitudeID>quakeml:eu.emsc/event/19981017_0000004/origin/1490035/mag/2</preferredMagnitudeID>
  <creationInfo>
    <agencyURI>smi:smi-registry/organization/EMSC</agencyURI>
    <authorURI>smi:smi-registry/organization/EMSC</authorURI>
    <creationTime>2014-12-03T12:10:45.346856Z</creationTime>
  </creationInfo>
  <description>
    <text>GREECE</text>
    <type>Flinn-Engdahl region</type>
  </description>
  <origin publicID="quakeml:eu.emsc/event/19981017_0000004/origin/1490035">
    <time>
      <value>1998-10-17T09:26:48.5Z</value>
      <uncertainty>0.28</uncertainty>
    </time>
    <latitude>
      <value>40.0667</value>
      <uncertainty>6.7</uncertainty>
    </latitude>
    <longitude>
      <value>21.5062</value>
      <uncertainty>4.8</uncertainty>
    </longitude>
    <depth>
      <value>2000</value>
    </depth>
    <depthType>from location</depthType>
    <methodID>smi:eu.emsc-csem/origin_method/NA</methodID>
    <quality>
      <usedPhaseCount>15</usedPhaseCount>
      <usedStationCount>11</usedStationCount>
      <standardError>0.88</standardError>
      <azimuthalGap>131</azimuthalGap>
      <minimumDistance>0.31</minimumDistance>
      <maximumDistance>2.02</maximumDistance>
    </quality>
    <evaluationMode>manual</evaluationMode>
    <creationInfo>
      <agencyURI>smi:smi-registry/organization/EMSC</agencyURI>
      <authorURI>smi:smi-registry/organization/EMSC</authorURI>
    </creationInfo>
    <originUncertainty>
      <azimuthMaxHorizontalUncertainty>79</azimuthMaxHorizontalUncertainty>
    </originUncertainty>
  </origin>
  <magnitude publicID="quakeml:eu.emsc/event/19981017_0000004/origin/1490035/mag/2">
    <mag>
      <value>3.2</value>
    </mag>
    <type>MD</type>
    <originID>quakeml:eu.emsc/event/19981017_0000004/origin/1490035</originID>
    <creationInfo>
      <agencyURI>smi:smi-registry/organization/EMSC</agencyURI>
      <authorURI>smi:smi-registry/organization/EMSC</authorURI>
    </creationInfo>
  </magnitude>
</event>
<event publicID="quakeml:eu.emsc/event/19981017_0000003">
  <preferredOriginID>quakeml:eu.emsc/event/19981017_0000003/origin/1482534</preferredOriginID>
  <preferredMagnitudeID>quakeml:eu.emsc/event/19981017_0000003/origin/1482534/mag/2</preferredMagnitudeID>
  <creationInfo>
    <agencyURI>smi:smi-registry/organization/EMSC</agencyURI>
    <authorURI>smi:smi-registry/organization/EMSC</authorURI>
    <creationTime>2014-12-10T23:53:27.74245Z</creationTime>
  </creationInfo>
  <description>
    <text>WESTERN TURKEY</text>
    <type>Flinn-Engdahl region</type>
  </description>
  <origin publicID="quakeml:eu.emsc/event/19981017_0000003/origin/1482534">
    <time>
      <value>1998-10-17T06:19:32.3Z</value>
    </time>
    <latitude>
      <value>40.072</value>
      <uncertainty>9999.9</uncertainty>
    </latitude>
    <longitude>
      <value>28.645</value>
      <uncertainty>9999.9</uncertainty>
    </longitude>
    <depth>
      <value>10000</value>
    </depth>
    <depthType>from location</depthType>
    <methodID>smi:eu.emsc-csem/origin_method/NA</methodID>
    <quality>
      <usedPhaseCount>8</usedPhaseCount>
      <usedStationCount>5</usedStationCount>
      <standardError>1.31</standardError>
      <azimuthalGap>227</azimuthalGap>
      <minimumDistance>0.62</minimumDistance>
      <maximumDistance>1.08</maximumDistance>
    </quality>
    <evaluationMode>manual</evaluationMode>
    <creationInfo>
      <agencyURI>smi:smi-registry/organization/EMSC</agencyURI>
      <authorURI>smi:smi-registry/organization/EMSC</authorURI>
    </creationInfo>
    <originUncertainty>
      <azimuthMaxHorizontalUncertainty>-99</azimuthMaxHorizontalUncertainty>
    </originUncertainty>
  </origin>
  <magnitude publicID="quakeml:eu.emsc/event/19981017_0000003/origin/1482534/mag/2">
    <mag>
      <value>2.7</value>
    </mag>
    <type>MD</type>
    <originID>quakeml:eu.emsc/event/19981017_0000003/origin/1482534</originID>
    <creationInfo>
      <agencyURI>smi:smi-registry/organization/EMSC</agencyURI>
      <authorURI>smi:smi-registry/organization/EMSC</authorURI>
    </creationInfo>
  </magnitude>
</event>
<event publicID="quakeml:eu.emsc/event/19981017_0000021">
  <preferredOriginID>quakeml:eu.emsc/event/19981017_0000021/origin/1482536</preferredOriginID>
  <preferredMagnitudeID>quakeml:eu.emsc/event/19981017_0000021/origin/1482536/mag/2</preferredMagnitudeID>
  <creationInfo>
    <agencyURI>smi:smi-registry/organization/EMSC</agencyURI>
    <authorURI>smi:smi-registry/organization/EMSC</authorURI>
    <creationTime>2014-12-10T12:55:25.317001Z</creationTime>
  </creationInfo>
  <description>
    <text>GERMANY</text>
    <type>Flinn-Engdahl region</type>
  </description>
  <origin publicID="quakeml:eu.emsc/event/19981017_0000021/origin/1482536">
    <time>
      <value>1998-10-17T05:45:12.0Z</value>
    </time>
    <latitude>
      <value>51.6</value>
      <uncertainty>9999.9</uncertainty>
    </latitude>
    <longitude>
      <value>7.78</value>
      <uncertainty>9999.9</uncertainty>
    </longitude>
    <depth>
      <value>1000</value>
    </depth>
    <depthType>from location</depthType>
    <methodID>smi:eu.emsc-csem/origin_method/NA</methodID>
    <quality>
      <usedPhaseCount>8</usedPhaseCount>
      <usedStationCount>4</usedStationCount>
      <standardError>1.3</standardError>
      <azimuthalGap>195</azimuthalGap>
      <minimumDistance>0.36</minimumDistance>
      <maximumDistance>1.63</maximumDistance>
    </quality>
    <evaluationMode>manual</evaluationMode>
    <creationInfo>
      <agencyURI>smi:smi-registry/organization/EMSC</agencyURI>
      <authorURI>smi:smi-registry/organization/EMSC</authorURI>
    </creationInfo>
    <originUncertainty>
      <azimuthMaxHorizontalUncertainty>-99</azimuthMaxHorizontalUncertainty>
    </originUncertainty>
  </origin>
  <magnitude publicID="quakeml:eu.emsc/event/19981017_0000021/origin/1482536/mag/2">
    <mag>
      <value>2.1</value>
    </mag>
    <type>ML</type>
    <originID>quakeml:eu.emsc/event/19981017_0000021/origin/1482536</originID>
    <creationInfo>
      <agencyURI>smi:smi-registry/organization/EMSC</agencyURI>
      <authorURI>smi:smi-registry/organization/EMSC</authorURI>
    </creationInfo>
  </magnitude>
</event>
<event publicID="quakeml:eu.emsc/event/19981017_0000002">
  <preferredOriginID>quakeml:eu.emsc/event/19981017_0000002/origin/1490037</preferredOriginID>
  <preferredMagnitudeID>quakeml:eu.emsc/event/19981017_0000002/origin/1490037/mag/2</preferredMagnitudeID>
  <creationInfo>
    <agencyURI>smi:smi-registry/organization/EMSC</agencyURI>
    <authorURI>smi:smi-registry/organization/EMSC</authorURI>
    <creationTime>2014-12-03T11:56:02.769347Z</creationTime>
  </creationInfo>
  <description>
    <text>SOUTHERN GREECE</text>
    <type>Flinn-Engdahl region</type>
  </description>
  <origin publicID="quakeml:eu.emsc/event/19981017_0000002/origin/1490037">
    <time>
      <value>1998-10-17T05:29:08.0Z</value>
      <uncertainty>2.66</uncertainty>
    </time>
    <latitude>
      <value>36.9542</value>
      <uncertainty>59.8</uncertainty>
    </latitude>
    <longitude>
      <value>21.0843</value>
      <uncertainty>16.4</uncertainty>
    </longitude>
    <depth>
      <value>2000</value>
    </depth>
    <depthType>from location</depthType>
    <methodID>smi:eu.emsc-csem/origin_method/NA</methodID>
    <quality>
      <usedPhaseCount>16</usedPhaseCount>
      <usedStationCount>16</usedStationCount>
      <standardError>1.12</standardError>
      <azimuthalGap>271</azimuthalGap>
      <minimumDistance>0.71</minimumDistance>
      <maximumDistance>4.59</maximumDistance>
    </quality>
    <evaluationMode>manual</evaluationMode>
    <creationInfo>
      <agencyURI>smi:smi-registry/organization/EMSC</agencyURI>
      <authorURI>smi:smi-registry/organization/EMSC</authorURI>
    </creationInfo>
    <originUncertainty>
      <azimuthMaxHorizontalUncertainty>32</azimuthMaxHorizontalUncertainty>
    </originUncertainty>
  </origin>
  <magnitude publicID="quakeml:eu.emsc/event/19981017_0000002/origin/1490037/mag/2">
    <mag>
      <value>3.7</value>
    </mag>
    <type>ML</type>
    <originID>quakeml:eu.emsc/event/19981017_0000002/origin/1490037</originID>
    <creationInfo>
      <agencyURI>smi:smi-registry/organization/EMSC</agencyURI>
      <authorURI>smi:smi-registry/organization/EMSC</authorURI>
    </creationInfo>
  </magnitude>
</event>
<event publicID="quakeml:eu.emsc/event/19981017_0000001">
  <preferredOriginID>quakeml:eu.emsc/event/19981017_0000001/origin/1482538</preferredOriginID>
  <preferredMagnitudeID>quakeml:eu.emsc/event/19981017_0000001/origin/1482538/mag/2</preferredMagnitudeID>
  <creationInfo>
    <agencyURI>smi:smi-registry/organization/EMSC</agencyURI>
    <authorURI>smi:smi-registry/organization/EMSC</authorURI>
    <creationTime>2014-12-10T23:52:48.187389Z</creationTime>
  </creationInfo>
  <description>
    <text>WESTERN TURKEY</text>
    <type>Flinn-Engdahl region</type>
  </description>
  <origin publicID="quakeml:eu.emsc/event/19981017_0000001/origin/1482538">
    <time>
      <value>1998-10-17T03:23:54.8Z</value>
    </time>
    <latitude>
      <value>39.344</value>
      <uncertainty>9999.9</uncertainty>
    </latitude>
    <longitude>
      <value>28.316</value>
      <uncertainty>9999.9</uncertainty>
    </longitude>
    <depth>
      <value>9000</value>
    </depth>
    <depthType>from location</depthType>
    <methodID>smi:eu.emsc-csem/origin_method/NA</methodID>
    <quality>
      <usedPhaseCount>13</usedPhaseCount>
      <usedStationCount>11</usedStationCount>
      <standardError>1</standardError>
      <azimuthalGap>119</azimuthalGap>
      <minimumDistance>0.35</minimumDistance>
      <maximumDistance>2.49</maximumDistance>
    </quality>
    <evaluationMode>manual</evaluationMode>
    <creationInfo>
      <agencyURI>smi:smi-registry/organization/EMSC</agencyURI>
      <authorURI>smi:smi-registry/organization/EMSC</authorURI>
    </creationInfo>
    <originUncertainty>
      <azimuthMaxHorizontalUncertainty>-99</azimuthMaxHorizontalUncertainty>
    </originUncertainty>
  </origin>
  <magnitude publicID="quakeml:eu.emsc/event/19981017_0000001/origin/1482538/mag/2">
    <mag>
      <value>3.1</value>
    </mag>
    <type>MD</type>
    <originID>quakeml:eu.emsc/event/19981017_0000001/origin/1482538</originID>
    <creationInfo>
      <agencyURI>smi:smi-registry/organization/EMSC</agencyURI>
      <authorURI>smi:smi-registry/organization/EMSC</authorURI>
    </creationInfo>
  </magnitude>
</event>
<event publicID="quakeml:eu.emsc/event/19981017_0000024">
  <preferredOriginID>quakeml:eu.emsc/event/19981017_0000024/origin/1489645</preferredOriginID>
  <preferredMagnitudeID>quakeml:eu.emsc/event/19981017_0000024/origin/1489645/mag/1</preferredMagnitudeID>
  <creationInfo>
    <agencyURI>smi:smi-registry/organization/EMSC</agencyURI>
    <authorURI>smi:smi-registry/organization/EMSC</authorURI>
    <creationTime>2014-12-03T16:32:54.663131Z</creationTime>
  </creationInfo>
  <description>
    <text>LIGURIAN SEA</text>
    <type>Flinn-Engdahl region</type>
  </description>
  <origin publicID="quakeml:eu.emsc/event/19981017_0000024/origin/1489645">
    <time>
      <value>1998-10-17T03:13:39.7Z</value>
      <uncertainty>0.18</uncertainty>
    </time>
    <latitude>
      <value>43.8541</value>
      <uncertainty>3.6</uncertainty>
    </latitude>
    <longitude>
      <value>8.0343</value>
      <uncertainty>2.8</uncertainty>
    </longitude>
    <depth>
      <value>11000</value>
      <uncertainty>1.9</uncertainty>
    </depth>
    <depthType>from location</depthType>
    <methodID>smi:eu.emsc-csem/origin_method/NA</methodID>
    <quality>
      <usedPhaseCount>25</usedPhaseCount>
      <usedStationCount>14</usedStationCount>
      <standardError>0.56</standardError>
      <azimuthalGap>123</azimuthalGap>
      <minimumDistance>0.12</minimumDistance>
      <maximumDistance>1.48</maximumDistance>
    </quality>
    <evaluationMode>manual</evaluationMode>
    <creationInfo>
      <agencyURI>smi:smi-registry/organization/EMSC</agencyURI>
      <authorURI>smi:smi-registry/organization/EMSC</authorURI>
    </creationInfo>
    <originUncertainty>
      <azimuthMaxHorizontalUncertainty>119</azimuthMaxHorizontalUncertainty>
    </originUncertainty>
  </origin>
  <magnitude publicID="quakeml:eu.emsc/event/19981017_0000024/origin/1489645/mag/1">
    <mag>
      <value>1.8</value>
      <uncertainty>0.4</uncertainty>
    </mag>
    <type>ML</type>
    <originID>quakeml:eu.emsc/event/19981017_0000024/origin/1489645</originID>
    <stationCount>5</stationCount>
    <creationInfo>
      <agencyURI>smi:smi-registry/organization/EMSC</agencyURI>
      <authorURI>smi:smi-registry/organization/EMSC</authorURI>
    </creationInfo>
  </magnitude>
</event>
</eventParameters>
</q:quakeml>
