<?xml version="1.0"?>
<q:quakeml xmlns:q="http://quakeml.org/xmlns/quakeml/1.2"  xmlns="http://quakeml.org/xmlns/bed/1.2">
<eventParameters publicID="smi:eu.emsc/unid">
<event publicID="quakeml:eu.emsc/event/19980929_0000012">
  <preferredOriginID>quakeml:eu.emsc/event/19980929_0000012/origin/1491859</preferredOriginID>
  <preferredMagnitudeID>quakeml:eu.emsc/event/19980929_0000012/origin/1491859/mag/2</preferredMagnitudeID>
  <creationInfo>
    <agencyURI>smi:smi-registry/organization/EMSC</agencyURI>
    <authorURI>smi:smi-registry/organization/EMSC</authorURI>
    <creationTime>2014-12-03T11:07:29.599605Z</creationTime>
  </creationInfo>
  <description>
    <text>IONIAN SEA</text>
    <type>Flinn-Engdahl region</type>
  </description>
  <origin publicID="quakeml:eu.emsc/event/19980929_0000012/origin/1491859">
    <time>
      <value>1998-09-29T23:44:47.8Z</value>
      <uncertainty>0.32</uncertainty>
    </time>
    <latitude>
      <value>37.3227</value>
      <uncertainty>8.1</uncertainty>
    </latitude>
    <longitude>
      <value>20.8106</value>
      <uncertainty>4.7</uncertainty>
    </longitude>
    <depth>
      <value>2000</value>
    </depth>
    <depthType>from location</depthType>
    <methodID>smi:eu.emsc-csem/origin_method/NA</methodID>
    <quality>
      <usedPhaseCount>32</usedPhaseCount>
      <usedStationCount>27</usedStationCount>
      <standardError>0.89</standardError>
      <azimuthalGap>169</azimuthalGap>
      <minimumDistance>0.87</minimumDistance>
      <maximumDistance>5.93</maximumDistance>
    </quality>
    <evaluationMode>manual</evaluationMode>
    <creationInfo>
      <agencyURI>smi:smi-registry/organization/EMSC</agencyURI>
      <authorURI>smi:smi-registry/organization/EMSC</authorURI>
    </creationInfo>
    <originUncertainty>
      <azimuthMaxHorizontalUncertainty>169</azimuthMaxHorizontalUncertainty>
    </originUncertainty>
  </origin>
  <magnitude publicID="quakeml:eu.emsc/event/19980929_0000012/origin/1491859/mag/2">
    <mag>
      <value>3.7</value>
    </mag>
    <type>ML</type>
    <originID>quakeml:eu.emsc/event/19980929_0000012/origin/1491859</originID>
    <creationInfo>
      <agencyURI>smi:smi-registry/organization/EMSC</agencyURI>
      <authorURI>smi:smi-registry/organization/EMSC</authorURI>
    </creationInfo>
  </magnitude>
</event>
<event publicID="quakeml:eu.emsc/event/19980929_0000011">
  <preferredOriginID>quakeml:eu.emsc/event/19980929_0000011/origin/1492510</preferredOriginID>
  <preferredMagnitudeID>quakeml:eu.emsc/event/19980929_0000011/origin/1492510/mag/2</preferredMagnitudeID>
  <creationInfo>
    <agencyURI>smi:smi-registry/organization/EMSC</agencyURI>
    <authorURI>smi:smi-registry/organization/EMSC</authorURI>
    <creationTime>2014-12-03T11:49:07.147023Z</creationTime>
  </creationInfo>
  <description>
    <text>SERBIA</text>
    <type>Flinn-Engdahl region</type>
  </description>
  <origin publicID="quakeml:eu.emsc/event/19980929_0000011/origin/1492510">
    <time>
      <value>1998-09-29T22:34:11.7Z</value>
      <uncertainty>0.11</uncertainty>
    </time>
    <latitude>
      <value>44.1976</value>
      <uncertainty>3.4</uncertainty>
    </latitude>
    <longitude>
      <value>20.1372</value>
      <uncertainty>2.4</uncertainty>
    </longitude>
    <depth>
      <value>20000</value>
    </depth>
    <depthType>from location</depthType>
    <methodID>smi:eu.emsc-csem/origin_method/NA</methodID>
    <quality>
      <usedPhaseCount>126</usedPhaseCount>
      <usedStationCount>110</usedStationCount>
      <standardError>0.94</standardError>
      <azimuthalGap>48</azimuthalGap>
      <minimumDistance>0.66</minimumDistance>
      <maximumDistance>12.06</maximumDistance>
    </quality>
    <evaluationMode>manual</evaluationMode>
    <creationInfo>
      <agencyURI>smi:smi-registry/organization/EMSC</agencyURI>
      <authorURI>smi:smi-registry/organization/EMSC</authorURI>
    </creationInfo>
    <originUncertainty>
      <azimuthMaxHorizontalUncertainty>32</azimuthMaxHorizontalUncertainty>
    </originUncertainty>
  </origin>
  <magnitude publicID="quakeml:eu.emsc/event/19980929_0000011/origin/1492510/mag/2">
    <mag>
      <value>4</value>
    </mag>
    <type>ML</type>
    <originID>quakeml:eu.emsc/event/19980929_0000011/origin/1492510</originID>
    <creationInfo>
      <agencyURI>smi:smi-registry/organization/EMSC</agencyURI>
      <authorURI>smi:smi-registry/organization/EMSC</authorURI>
    </creationInfo>
  </magnitude>
</event>
<event publicID="quakeml:eu.emsc/event/19980929_0000010">
  <preferredOriginID>quakeml:eu.emsc/event/19980929_0000010/origin/1491865</preferredOriginID>
  <preferredMagnitudeID>quakeml:eu.emsc/event/19980929_0000010/origin/1491865/mag/2</preferredMagnitudeID>
  <creationInfo>
    <agencyURI>smi:smi-registry/organization/EMSC</agencyURI>
    <authorURI>smi:smi-registry/organization/EMSC</authorURI>
    <creationTime>2014-12-03T10:18:22.48471Z</creationTime>
  </creationInfo>
  <description>
    <text>SERBIA</text>
    <type>Flinn-Engdahl region</type>
  </description>
  <origin publicID="quakeml:eu.emsc/event/19980929_0000010/origin/1491865">
    <time>
      <value>1998-09-29T22:28:53.2Z</value>
      <uncertainty>0.15</uncertainty>
    </time>
    <latitude>
      <value>44.1724</value>
      <uncertainty>3.8</uncertainty>
    </latitude>
    <longitude>
      <value>20.1586</value>
      <uncertainty>2.9</uncertainty>
    </longitude>
    <depth>
      <value>2000</value>
    </depth>
    <depthType>from location</depthType>
    <methodID>smi:eu.emsc-csem/origin_method/NA</methodID>
    <quality>
      <usedPhaseCount>83</usedPhaseCount>
      <usedStationCount>68</usedStationCount>
      <standardError>0.98</standardError>
      <azimuthalGap>55</azimuthalGap>
      <minimumDistance>0.68</minimumDistance>
      <maximumDistance>10</maximumDistance>
    </quality>
    <evaluationMode>manual</evaluationMode>
    <creationInfo>
      <agencyURI>smi:smi-registry/organization/EMSC</agencyURI>
      <authorURI>smi:smi-registry/organization/EMSC</authorURI>
    </creationInfo>
    <originUncertainty>
      <azimuthMaxHorizontalUncertainty>41</azimuthMaxHorizontalUncertainty>
    </originUncertainty>
  </origin>
  <magnitude publicID="quakeml:eu.emsc/event/19980929_0000010/origin/1491865/mag/2">
    <mag>
      <value>3.7</value>
    </mag>
    <type>ML</type>
    <originID>quakeml:eu.emsc/event/19980929_0000010/origin/1491865</originID>
    <creationInfo>
      <agencyURI>smi:smi-registry/organization/EMSC</agencyURI>
      <authorURI>smi:smi-registry/organization/EMSC</authorURI>
    </creationInfo>
  </magnitude>
</event>
<event publicID="quakeml:eu.emsc/event/19980929_0000009">
  <preferredOriginID>quakeml:eu.emsc/event/19980929_0000009/origin/1492518</preferredOriginID>
  <preferredMagnitudeID>quakeml:eu.emsc/event/19980929_0000009/origin/1492518/mag/2</preferredMagnitudeID>
  <creationInfo>
    <agencyURI>smi:smi-registry/organization/EMSC</agencyURI>
    <authorURI>smi:smi-registry/organization/EMSC</authorURI>
    <creationTime>2014-12-03T11:57:51.285488Z</creationTime>
  </creationInfo>
  <description>
    <text>SERBIA</text>
    <type>Flinn-Engdahl region</type>
  </description>
  <origin publicID="quakeml:eu.emsc/event/19980929_0000009/origin/1492518">
    <time>
      <value>1998-09-29T22:14:53.5Z</value>
      <uncertainty>0.07</uncertainty>
    </time>
    <latitude>
      <value>44.1908</value>
      <uncertainty>2.8</uncertainty>
    </latitude>
    <longitude>
      <value>20.1208</value>
      <uncertainty>1.6</uncertainty>
    </longitude>
    <depth>
      <value>40000</value>
    </depth>
    <depthType>from location</depthType>
    <methodID>smi:eu.emsc-csem/origin_method/NA</methodID>
    <quality>
      <usedPhaseCount>287</usedPhaseCount>
      <usedStationCount>268</usedStationCount>
      <standardError>1.04</standardError>
      <azimuthalGap>28</azimuthalGap>
      <minimumDistance>0.67</minimumDistance>
      <maximumDistance>20.09</maximumDistance>
    </quality>
    <evaluationMode>manual</evaluationMode>
    <creationInfo>
      <agencyURI>smi:smi-registry/organization/EMSC</agencyURI>
      <authorURI>smi:smi-registry/organization/EMSC</authorURI>
    </creationInfo>
    <originUncertainty>
      <azimuthMaxHorizontalUncertainty>29</azimuthMaxHorizontalUncertainty>
    </originUncertainty>
  </origin>
  <magnitude publicID="quakeml:eu.emsc/event/19980929_0000009/origin/1492518/mag/2">
    <mag>
      <value>5.3</value>
    </mag>
    <type>Ms</type>
    <originID>quakeml:eu.emsc/event/19980929_0000009/origin/1492518</originID>
    <creationInfo>
      <agencyURI>smi:smi-registry/organization/EMSC</agencyURI>
      <authorURI>smi:smi-registry/organization/EMSC</authorURI>
    </creationInfo>
  </magnitude>
</event>
<event publicID="quakeml:eu.emsc/event/19980929_0000019">
  <preferredOriginID>quakeml:eu.emsc/event/19980929_0000019/origin/1491619</preferredOriginID>
  <preferredMagnitudeID>quakeml:eu.emsc/event/19980929_0000019/origin/1491619/mag/1</preferredMagnitudeID>
  <creationInfo>
    <agencyURI>smi:smi-registry/organization/EMSC</agencyURI>
    <authorURI>smi:smi-registry/organization/EMSC</authorURI>
    <creationTime>2014-12-03T16:51:36.222407Z</creationTime>
  </creationInfo>
  <description>
    <text>PYRENEES</text>
    <type>Flinn-Engdahl region</type>
  </description>
  <origin publicID="quakeml:eu.emsc/event/19980929_0000019/origin/1491619">
    <time>
      <value>1998-09-29T21:23:43.8Z</value>
      <uncertainty>0.11</uncertainty>
    </time>
    <latitude>
      <value>43.1071</value>
      <uncertainty>2.7</uncertainty>
    </latitude>
    <longitude>
      <value>-0.0719</value>
      <uncertainty>1.6</uncertainty>
    </longitude>
    <depth>
      <value>12000</value>
    </depth>
    <depthType>from location</depthType>
    <methodID>smi:eu.emsc-csem/origin_method/NA</methodID>
    <quality>
      <usedPhaseCount>71</usedPhaseCount>
      <usedStationCount>28</usedStationCount>
      <standardError>0.8</standardError>
      <azimuthalGap>103</azimuthalGap>
      <minimumDistance>0.12</minimumDistance>
      <maximumDistance>5.43</maximumDistance>
    </quality>
    <evaluationMode>manual</evaluationMode>
    <creationInfo>
      <agencyURI>smi:smi-registry/organization/EMSC</agencyURI>
      <authorURI>smi:smi-registry/organization/EMSC</authorURI>
    </creationInfo>
    <originUncertainty>
      <azimuthMaxHorizontalUncertainty>2</azimuthMaxHorizontalUncertainty>
    </originUncertainty>
  </origin>
  <magnitude publicID="quakeml:eu.emsc/event/19980929_0000019/origin/1491619/mag/1">
    <mag>
      <value>2.6</value>
      <uncertainty>0.4</uncertainty>
    </mag>
    <type>ML</type>
    <originID>quakeml:eu.emsc/event/19980929_0000019/origin/1491619</originID>
    <stationCount>15</stationCount>
    <creationInfo>
      <agencyURI>smi:smi-registry/organization/EMSC</agencyURI>
      <authorURI>smi:smi-registry/organization/EMSC</authorURI>
    </creationInfo>
  </magnitude>
</event>
<event publicID="quakeml:eu.emsc/event/19980929_0000008">
  <preferredOriginID>quakeml:eu.emsc/event/19980929_0000008/origin/1482720</preferredOriginID>
  <preferredMagnitudeID>quakeml:eu.emsc/event/19980929_0000008/origin/1482720/mag/2</preferredMagnitudeID>
  <creationInfo>
    <agencyURI>smi:smi-registry/organization/EMSC</agencyURI>
    <authorURI>smi:smi-registry/organization/EMSC</authorURI>
    <creationTime>2014-12-10T22:26:33.866484Z</creationTime>
  </creationInfo>
  <description>
    <text>WESTERN TURKEY</text>
    <type>Flinn-Engdahl region</type>
  </description>
  <origin publicID="quakeml:eu.emsc/event/19980929_0000008/origin/1482720">
    <time>
      <value>1998-09-29T20:00:11.4Z</value>
    </time>
    <latitude>
      <value>40.238</value>
      <uncertainty>9999.9</uncertainty>
    </latitude>
    <longitude>
      <value>28.965</value>
      <uncertainty>9999.9</uncertainty>
    </longitude>
    <depth>
      <value>10000</value>
    </depth>
    <depthType>from location</depthType>
    <methodID>smi:eu.emsc-csem/origin_method/NA</methodID>
    <quality>
      <usedPhaseCount>8</usedPhaseCount>
      <usedStationCount>4</usedStationCount>
      <standardError>1.48</standardError>
      <azimuthalGap>202</azimuthalGap>
      <minimumDistance>0.4</minimumDistance>
      <maximumDistance>0.85</maximumDistance>
    </quality>
    <evaluationMode>manual</evaluationMode>
    <creationInfo>
      <agencyURI>smi:smi-registry/organization/EMSC</agencyURI>
      <authorURI>smi:smi-registry/organization/EMSC</authorURI>
    </creationInfo>
    <originUncertainty>
      <azimuthMaxHorizontalUncertainty>-99</azimuthMaxHorizontalUncertainty>
    </originUncertainty>
  </origin>
  <magnitude publicID="quakeml:eu.emsc/event/19980929_0000008/origin/1482720/mag/2">
    <mag>
      <value>2.7</value>
    </mag>
    <type>MD</type>
    <originID>quakeml:eu.emsc/event/19980929_0000008/origin/1482720</originID>
    <creationInfo>
      <agencyURI>smi:smi-registry/organization/EMSC</agencyURI>
      <authorURI>smi:smi-registry/organization/EMSC</authorURI>
    </creationInfo>
  </magnitude>
</event>
<event publicID="quakeml:eu.emsc/event/19980929_0000016">
  <preferredOriginID>quakeml:eu.emsc/event/19980929_0000016/origin/1482722</preferredOriginID>
  <creationInfo>
    <agencyURI>smi:smi-registry/organization/EMSC</agencyURI>
    <authorURI>smi:smi-registry/organization/EMSC</authorURI>
    <creationTime>2014-12-10T19:03:39.3639Z</creationTime>
  </creationInfo>
  <description>
    <text>FRANCE</text>
    <type>Flinn-Engdahl region</type>
  </description>
  <origin publicID="quakeml:eu.emsc/event/19980929_0000016/origin/1482722">
    <time>
      <value>1998-09-29T17:07:51.5Z</value>
    </time>
    <latitude>
      <value>45.0513</value>
      <uncertainty>9999.9</uncertainty>
    </latitude>
    <longitude>
      <value>6.5856</value>
      <uncertainty>9999.9</uncertainty>
    </longitude>
    <depth>
      <value>2000</value>
    </depth>
    <depthType>from location</depthType>
    <methodID>smi:eu.emsc-csem/origin_method/NA</methodID>
    <quality>
      <usedPhaseCount>8</usedPhaseCount>
      <usedStationCount>4</usedStationCount>
      <standardError>0.23</standardError>
      <azimuthalGap>143</azimuthalGap>
      <minimumDistance>0.35</minimumDistance>
      <maximumDistance>0.52</maximumDistance>
    </quality>
    <evaluationMode>manual</evaluationMode>
    <creationInfo>
      <agencyURI>smi:smi-registry/organization/EMSC</agencyURI>
      <authorURI>smi:smi-registry/organization/EMSC</authorURI>
    </creationInfo>
    <originUncertainty>
      <azimuthMaxHorizontalUncertainty>-99</azimuthMaxHorizontalUncertainty>
    </originUncertainty>
  </origin>
</event>
<event publicID="quakeml:eu.emsc/event/19980929_0000006">
  <preferredOriginID>quakeml:eu.emsc/event/19980929_0000006/origin/1491870</preferredOriginID>
  <preferredMagnitudeID>quakeml:eu.emsc/event/19980929_0000006/origin/1491870/mag/2</preferredMagnitudeID>
  <creationInfo>
    <agencyURI>smi:smi-registry/organization/EMSC</agencyURI>
    <authorURI>smi:smi-registry/organization/EMSC</authorURI>
    <creationTime>2014-12-03T11:59:49.395837Z</creationTime>
  </creationInfo>
  <description>
    <text>WESTERN TURKEY</text>
    <type>Flinn-Engdahl region</type>
  </description>
  <origin publicID="quakeml:eu.emsc/event/19980929_0000006/origin/1491870">
    <time>
      <value>1998-09-29T16:39:54.3Z</value>
      <uncertainty>0.19</uncertainty>
    </time>
    <latitude>
      <value>41.573</value>
      <uncertainty>9.1</uncertainty>
    </latitude>
    <longitude>
      <value>28.0078</value>
      <uncertainty>3.2</uncertainty>
    </longitude>
    <depth>
      <value>8000</value>
    </depth>
    <depthType>from location</depthType>
    <methodID>smi:eu.emsc-csem/origin_method/NA</methodID>
    <quality>
      <usedPhaseCount>12</usedPhaseCount>
      <usedStationCount>12</usedStationCount>
      <standardError>0.42</standardError>
      <azimuthalGap>161</azimuthalGap>
      <minimumDistance>0.53</minimumDistance>
      <maximumDistance>3.71</maximumDistance>
    </quality>
    <evaluationMode>manual</evaluationMode>
    <creationInfo>
      <agencyURI>smi:smi-registry/organization/EMSC</agencyURI>
      <authorURI>smi:smi-registry/organization/EMSC</authorURI>
    </creationInfo>
    <originUncertainty>
      <azimuthMaxHorizontalUncertainty>39</azimuthMaxHorizontalUncertainty>
    </originUncertainty>
  </origin>
  <magnitude publicID="quakeml:eu.emsc/event/19980929_0000006/origin/1491870/mag/2">
    <mag>
      <value>2.8</value>
    </mag>
    <type>MD</type>
    <originID>quakeml:eu.emsc/event/19980929_0000006/origin/1491870</originID>
    <creationInfo>
      <agencyURI>smi:smi-registry/organization/EMSC</agencyURI>
      <authorURI>smi:smi-registry/organization/EMSC</authorURI>
    </creationInfo>
  </magnitude>
</event>
<event publicID="quakeml:eu.emsc/event/19980929_0000014">
  <preferredOriginID>quakeml:eu.emsc/event/19980929_0000014/origin/1482724</preferredOriginID>
  <preferredMagnitudeID>quakeml:eu.emsc/event/19980929_0000014/origin/1482724/mag/2</preferredMagnitudeID>
  <creationInfo>
    <agencyURI>smi:smi-registry/organization/EMSC</agencyURI>
    <authorURI>smi:smi-registry/organization/EMSC</authorURI>
    <creationTime>2014-12-10T19:03:38.563743Z</creationTime>
  </creationInfo>
  <description>
    <text>FRANCE</text>
    <type>Flinn-Engdahl region</type>
  </description>
  <origin publicID="quakeml:eu.emsc/event/19980929_0000014/origin/1482724">
    <time>
      <value>1998-09-29T15:08:21.2Z</value>
    </time>
    <latitude>
      <value>48.9711</value>
      <uncertainty>9999.9</uncertainty>
    </latitude>
    <longitude>
      <value>-3.6363</value>
      <uncertainty>9999.9</uncertainty>
    </longitude>
    <depth>
      <value>10000</value>
    </depth>
    <depthType>from location</depthType>
    <methodID>smi:eu.emsc-csem/origin_method/NA</methodID>
    <quality>
      <usedPhaseCount>13</usedPhaseCount>
      <usedStationCount>7</usedStationCount>
      <standardError>1.38</standardError>
      <azimuthalGap>291</azimuthalGap>
      <minimumDistance>0.68</minimumDistance>
      <maximumDistance>3.34</maximumDistance>
    </quality>
    <evaluationMode>manual</evaluationMode>
    <creationInfo>
      <agencyURI>smi:smi-registry/organization/EMSC</agencyURI>
      <authorURI>smi:smi-registry/organization/EMSC</authorURI>
    </creationInfo>
    <originUncertainty>
      <azimuthMaxHorizontalUncertainty>-99</azimuthMaxHorizontalUncertainty>
    </originUncertainty>
  </origin>
  <magnitude publicID="quakeml:eu.emsc/event/19980929_0000014/origin/1482724/mag/2">
    <mag>
      <value>2.5</value>
    </mag>
    <type>ML</type>
    <originID>quakeml:eu.emsc/event/19980929_0000014/origin/1482724</originID>
    <stationCount>6</stationCount>
    <creationInfo>
      <agencyURI>smi:smi-registry/organization/EMSC</agencyURI>
      <authorURI>smi:smi-registry/organization/EMSC</authorURI>
    </creationInfo>
  </magnitude>
</event>
<event publicID="quakeml:eu.emsc/event/19980929_0000015">
  <preferredOriginID>quakeml:eu.emsc/event/19980929_0000015/origin/1482726</preferredOriginID>
  <preferredMagnitudeID>quakeml:eu.emsc/event/19980929_0000015/origin/1482726/mag/2</preferredMagnitudeID>
  <creationInfo>
    <agencyURI>smi:smi-registry/organization/EMSC</agencyURI>
    <authorURI>smi:smi-registry/organization/EMSC</authorURI>
    <creationTime>2014-12-10T19:03:38.8481Z</creationTime>
  </creationInfo>
  <description>
    <text>GERMANY</text>
    <type>Flinn-Engdahl region</type>
  </description>
  <origin publicID="quakeml:eu.emsc/event/19980929_0000015/origin/1482726">
    <time>
      <value>1998-09-29T14:20:49.7Z</value>
    </time>
    <latitude>
      <value>51.66</value>
      <uncertainty>9999.9</uncertainty>
    </latitude>
    <longitude>
      <value>7.77</value>
      <uncertainty>9999.9</uncertainty>
    </longitude>
    <depth>
      <value>1000</value>
    </depth>
    <depthType>from location</depthType>
    <methodID>smi:eu.emsc-csem/origin_method/NA</methodID>
    <quality>
      <usedPhaseCount>12</usedPhaseCount>
      <usedStationCount>5</usedStationCount>
      <standardError>1.03</standardError>
      <azimuthalGap>206</azimuthalGap>
      <minimumDistance>0.38</minimumDistance>
      <maximumDistance>2.63</maximumDistance>
    </quality>
    <evaluationMode>manual</evaluationMode>
    <creationInfo>
      <agencyURI>smi:smi-registry/organization/EMSC</agencyURI>
      <authorURI>smi:smi-registry/organization/EMSC</authorURI>
    </creationInfo>
    <originUncertainty>
      <azimuthMaxHorizontalUncertainty>-99</azimuthMaxHorizontalUncertainty>
    </originUncertainty>
  </origin>
  <magnitude publicID="quakeml:eu.emsc/event/19980929_0000015/origin/1482726/mag/2">
    <mag>
      <value>2.3</value>
    </mag>
    <type>ML</type>
    <originID>quakeml:eu.emsc/event/19980929_0000015/origin/1482726</originID>
    <creationInfo>
      <agencyURI>smi:smi-registry/organization/EMSC</agencyURI>
      <authorURI>smi:smi-registry/organization/EMSC</authorURI>
    </creationInfo>
  </magnitude>
</event>
<event publicID="quakeml:eu.emsc/event/19980929_0000018">
  <preferredOriginID>quakeml:eu.emsc/event/19980929_0000018/origin/1482728</preferredOriginID>
  <preferredMagnitudeID>quakeml:eu.emsc/event/19980929_0000018/origin/1482728/mag/2</preferredMagnitudeID>
  <creationInfo>
    <agencyURI>smi:smi-registry/organization/EMSC</agencyURI>
    <authorURI>smi:smi-registry/organization/EMSC</authorURI>
    <creationTime>2014-12-10T19:03:37.610105Z</creationTime>
  </creationInfo>
  <description>
    <text>FRANCE</text>
    <type>Flinn-Engdahl region</type>
  </description>
  <origin publicID="quakeml:eu.emsc/event/19980929_0000018/origin/1482728">
    <time>
      <value>1998-09-29T07:43:44.8Z</value>
    </time>
    <latitude>
      <value>43.02</value>
      <uncertainty>9999.9</uncertainty>
    </latitude>
    <longitude>
      <value>0.35</value>
      <uncertainty>9999.9</uncertainty>
    </longitude>
    <depth>
      <value>0</value>
    </depth>
    <depthType>from location</depthType>
    <methodID>smi:eu.emsc-csem/origin_method/NA</methodID>
    <quality>
      <usedPhaseCount>8</usedPhaseCount>
      <usedStationCount>4</usedStationCount>
      <standardError>0.82</standardError>
      <azimuthalGap>198</azimuthalGap>
      <minimumDistance>0.2</minimumDistance>
      <maximumDistance>0.33</maximumDistance>
    </quality>
    <evaluationMode>manual</evaluationMode>
    <creationInfo>
      <agencyURI>smi:smi-registry/organization/EMSC</agencyURI>
      <authorURI>smi:smi-registry/organization/EMSC</authorURI>
    </creationInfo>
    <originUncertainty>
      <azimuthMaxHorizontalUncertainty>-99</azimuthMaxHorizontalUncertainty>
    </originUncertainty>
  </origin>
  <magnitude publicID="quakeml:eu.emsc/event/19980929_0000018/origin/1482728/mag/2">
    <mag>
      <value>0.8</value>
    </mag>
    <type>ML</type>
    <originID>quakeml:eu.emsc/event/19980929_0000018/origin/1482728</originID>
    <creationInfo>
      <agencyURI>smi:smi-registry/organization/EMSC</agencyURI>
      <authorURI>smi:smi-registry/organization/EMSC</authorURI>
    </creationInfo>
  </magnitude>
</event>
<event publicID="quakeml:eu.emsc/event/19980929_0000005">
  <preferredOriginID>quakeml:eu.emsc/event/19980929_0000005/origin/1491873</preferredOriginID>
  <preferredMagnitudeID>quakeml:eu.emsc/event/19980929_0000005/origin/1491873/mag/2</preferredMagnitudeID>
  <creationInfo>
    <agencyURI>smi:smi-registry/organization/EMSC</agencyURI>
    <authorURI>smi:smi-registry/organization/EMSC</authorURI>
    <creationTime>2014-12-03T11:37:05.750449Z</creationTime>
  </creationInfo>
  <description>
    <text>GREECE</text>
    <type>Flinn-Engdahl region</type>
  </description>
  <origin publicID="quakeml:eu.emsc/event/19980929_0000005/origin/1491873">
    <time>
      <value>1998-09-29T06:00:35.8Z</value>
      <uncertainty>0.5</uncertainty>
    </time>
    <latitude>
      <value>39.2777</value>
      <uncertainty>8</uncertainty>
    </latitude>
    <longitude>
      <value>22.2078</value>
      <uncertainty>7.3</uncertainty>
    </longitude>
    <depth>
      <value>114000</value>
      <uncertainty>6.5</uncertainty>
    </depth>
    <depthType>from location</depthType>
    <methodID>smi:eu.emsc-csem/origin_method/NA</methodID>
    <quality>
      <usedPhaseCount>37</usedPhaseCount>
      <usedStationCount>26</usedStationCount>
      <standardError>1.39</standardError>
      <azimuthalGap>50</azimuthalGap>
      <minimumDistance>0.27</minimumDistance>
      <maximumDistance>3.41</maximumDistance>
    </quality>
    <evaluationMode>manual</evaluationMode>
    <creationInfo>
      <agencyURI>smi:smi-registry/organization/EMSC</agencyURI>
      <authorURI>smi:smi-registry/organization/EMSC</authorURI>
    </creationInfo>
    <originUncertainty>
      <azimuthMaxHorizontalUncertainty>122</azimuthMaxHorizontalUncertainty>
    </originUncertainty>
  </origin>
  <magnitude publicID="quakeml:eu.emsc/event/19980929_0000005/origin/1491873/mag/2">
    <mag>
      <value>2.8</value>
    </mag>
    <type>ML</type>
    <originID>quakeml:eu.emsc/event/19980929_0000005/origin/1491873</originID>
    <creationInfo>
      <agencyURI>smi:smi-registry/organization/EMSC</agencyURI>
      <authorURI>smi:smi-registry/organization/EMSC</authorURI>
    </creationInfo>
  </magnitude>
</event>
<event publicID="quakeml:eu.emsc/event/19980929_0000003">
  <preferredOriginID>quakeml:eu.emsc/event/19980929_0000003/origin/1482730</preferredOriginID>
  <preferredMagnitudeID>quakeml:eu.emsc/event/19980929_0000003/origin/1482730/mag/2</preferredMagnitudeID>
  <creationInfo>
    <agencyURI>smi:smi-registry/organization/EMSC</agencyURI>
    <authorURI>smi:smi-registry/organization/EMSC</authorURI>
    <creationTime>2014-12-10T22:24:23.592657Z</creationTime>
  </creationInfo>
  <description>
    <text>WESTERN TURKEY</text>
    <type>Flinn-Engdahl region</type>
  </description>
  <origin publicID="quakeml:eu.emsc/event/19980929_0000003/origin/1482730">
    <time>
      <value>1998-09-29T03:07:52.5Z</value>
    </time>
    <latitude>
      <value>36.192</value>
      <uncertainty>9999.9</uncertainty>
    </latitude>
    <longitude>
      <value>31.172</value>
      <uncertainty>9999.9</uncertainty>
    </longitude>
    <depth>
      <value>11000</value>
    </depth>
    <depthType>from location</depthType>
    <methodID>smi:eu.emsc-csem/origin_method/NA</methodID>
    <quality>
      <usedPhaseCount>7</usedPhaseCount>
      <usedStationCount>7</usedStationCount>
      <standardError>0.97</standardError>
      <azimuthalGap>211</azimuthalGap>
      <minimumDistance>1.16</minimumDistance>
      <maximumDistance>3.82</maximumDistance>
    </quality>
    <evaluationMode>manual</evaluationMode>
    <creationInfo>
      <agencyURI>smi:smi-registry/organization/EMSC</agencyURI>
      <authorURI>smi:smi-registry/organization/EMSC</authorURI>
    </creationInfo>
    <originUncertainty>
      <azimuthMaxHorizontalUncertainty>-99</azimuthMaxHorizontalUncertainty>
    </originUncertainty>
  </origin>
  <magnitude publicID="quakeml:eu.emsc/event/19980929_0000003/origin/1482730/mag/2">
    <mag>
      <value>3.5</value>
    </mag>
    <type>MD</type>
    <originID>quakeml:eu.emsc/event/19980929_0000003/origin/1482730</originID>
    <creationInfo>
      <agencyURI>smi:smi-registry/organization/EMSC</agencyURI>
      <authorURI>smi:smi-registry/organization/EMSC</authorURI>
    </creationInfo>
  </magnitude>
</event>
<event publicID="quakeml:eu.emsc/event/19980929_0000001">
  <preferredOriginID>quakeml:eu.emsc/event/19980929_0000001/origin/1491876</preferredOriginID>
  <preferredMagnitudeID>quakeml:eu.emsc/event/19980929_0000001/origin/1491876/mag/2</preferredMagnitudeID>
  <creationInfo>
    <agencyURI>smi:smi-registry/organization/EMSC</agencyURI>
    <authorURI>smi:smi-registry/organization/EMSC</authorURI>
    <creationTime>2014-12-03T10:23:07.437904Z</creationTime>
  </creationInfo>
  <description>
    <text>SOUTHERN IRAN</text>
    <type>Flinn-Engdahl region</type>
  </description>
  <origin publicID="quakeml:eu.emsc/event/19980929_0000001/origin/1491876">
    <time>
      <value>1998-09-29T00:09:50.6Z</value>
      <uncertainty>0.31</uncertainty>
    </time>
    <latitude>
      <value>29.5339</value>
      <uncertainty>13.5</uncertainty>
    </latitude>
    <longitude>
      <value>51.2659</value>
      <uncertainty>10.3</uncertainty>
    </longitude>
    <depth>
      <value>40000</value>
    </depth>
    <depthType>from location</depthType>
    <methodID>smi:eu.emsc-csem/origin_method/NA</methodID>
    <quality>
      <usedPhaseCount>34</usedPhaseCount>
      <usedStationCount>34</usedStationCount>
      <standardError>1.31</standardError>
      <azimuthalGap>92</azimuthalGap>
      <minimumDistance>6.34</minimumDistance>
      <maximumDistance>57.38</maximumDistance>
    </quality>
    <evaluationMode>manual</evaluationMode>
    <creationInfo>
      <agencyURI>smi:smi-registry/organization/EMSC</agencyURI>
      <authorURI>smi:smi-registry/organization/EMSC</authorURI>
    </creationInfo>
    <originUncertainty>
      <azimuthMaxHorizontalUncertainty>171</azimuthMaxHorizontalUncertainty>
    </originUncertainty>
  </origin>
  <magnitude publicID="quakeml:eu.emsc/event/19980929_0000001/origin/1491876/mag/2">
    <mag>
      <value>4.5</value>
      <uncertainty>0.3</uncertainty>
    </mag>
    <type>mb</type>
    <originID>quakeml:eu.emsc/event/19980929_0000001/origin/1491876</originID>
    <stationCount>16</stationCount>
    <creationInfo>
      <agencyURI>smi:smi-registry/organization/EMSC</agencyURI>
      <authorURI>smi:smi-registry/organization/EMSC</authorURI>
    </creationInfo>
  </magnitude>
</event>
</eventParameters>
</q:quakeml>
