<?xml version="1.0"?>
<q:quakeml xmlns:q="http://quakeml.org/xmlns/quakeml/1.2"  xmlns="http://quakeml.org/xmlns/bed/1.2">
<eventParameters publicID="smi:eu.emsc/unid">
<event publicID="quakeml:eu.emsc/event/19980705_0000004">
  <preferredOriginID>quakeml:eu.emsc/event/19980705_0000004/origin/1487812</preferredOriginID>
  <preferredMagnitudeID>quakeml:eu.emsc/event/19980705_0000004/origin/1487812/mag/2</preferredMagnitudeID>
  <creationInfo>
    <agencyURI>smi:smi-registry/organization/EMSC</agencyURI>
    <authorURI>smi:smi-registry/organization/EMSC</authorURI>
    <creationTime>2014-12-10T16:47:11.671661Z</creationTime>
  </creationInfo>
  <description>
    <text>ROMANIA</text>
    <type>Flinn-Engdahl region</type>
  </description>
  <origin publicID="quakeml:eu.emsc/event/19980705_0000004/origin/1487812">
    <time>
      <value>1998-07-05T23:36:33.2Z</value>
    </time>
    <latitude>
      <value>45.674</value>
      <uncertainty>9999.9</uncertainty>
    </latitude>
    <longitude>
      <value>26.534</value>
      <uncertainty>9999.9</uncertainty>
    </longitude>
    <depth>
      <value>150300.0</value>
    </depth>
    <depthType>from location</depthType>
    <methodID>smi:eu.emsc-csem/origin_method/NA</methodID>
    <quality>
      <usedPhaseCount>9</usedPhaseCount>
      <usedStationCount>5</usedStationCount>
      <standardError>0.65</standardError>
      <azimuthalGap>148</azimuthalGap>
      <minimumDistance>0.24</minimumDistance>
      <maximumDistance>1.23</maximumDistance>
    </quality>
    <evaluationMode>manual</evaluationMode>
    <creationInfo>
      <agencyURI>smi:smi-registry/organization/EMSC</agencyURI>
      <authorURI>smi:smi-registry/organization/EMSC</authorURI>
    </creationInfo>
    <originUncertainty>
      <azimuthMaxHorizontalUncertainty>-99</azimuthMaxHorizontalUncertainty>
    </originUncertainty>
  </origin>
  <magnitude publicID="quakeml:eu.emsc/event/19980705_0000004/origin/1487812/mag/2">
    <mag>
      <value>3.7</value>
    </mag>
    <type>MD</type>
    <originID>quakeml:eu.emsc/event/19980705_0000004/origin/1487812</originID>
    <stationCount>6</stationCount>
    <creationInfo>
      <agencyURI>smi:smi-registry/organization/EMSC</agencyURI>
      <authorURI>smi:smi-registry/organization/EMSC</authorURI>
    </creationInfo>
  </magnitude>
</event>
<event publicID="quakeml:eu.emsc/event/19980705_0000003">
  <preferredOriginID>quakeml:eu.emsc/event/19980705_0000003/origin/1493968</preferredOriginID>
  <preferredMagnitudeID>quakeml:eu.emsc/event/19980705_0000003/origin/1493968/mag/2</preferredMagnitudeID>
  <creationInfo>
    <agencyURI>smi:smi-registry/organization/EMSC</agencyURI>
    <authorURI>smi:smi-registry/organization/EMSC</authorURI>
    <creationTime>2014-12-03T12:13:34.987889Z</creationTime>
  </creationInfo>
  <description>
    <text>GREENLAND SEA</text>
    <type>Flinn-Engdahl region</type>
  </description>
  <origin publicID="quakeml:eu.emsc/event/19980705_0000003/origin/1493968">
    <time>
      <value>1998-07-05T22:23:59.5Z</value>
      <uncertainty>0.57</uncertainty>
    </time>
    <latitude>
      <value>73.0403</value>
      <uncertainty>15.9</uncertainty>
    </latitude>
    <longitude>
      <value>6.8875</value>
      <uncertainty>8.6</uncertainty>
    </longitude>
    <depth>
      <value>12000</value>
    </depth>
    <depthType>from location</depthType>
    <methodID>smi:eu.emsc-csem/origin_method/NA</methodID>
    <quality>
      <usedPhaseCount>18</usedPhaseCount>
      <usedStationCount>15</usedStationCount>
      <standardError>1.01</standardError>
      <azimuthalGap>210</azimuthalGap>
      <minimumDistance>3.75</minimumDistance>
      <maximumDistance>24.47</maximumDistance>
    </quality>
    <evaluationMode>manual</evaluationMode>
    <creationInfo>
      <agencyURI>smi:smi-registry/organization/EMSC</agencyURI>
      <authorURI>smi:smi-registry/organization/EMSC</authorURI>
    </creationInfo>
    <originUncertainty>
      <azimuthMaxHorizontalUncertainty>102</azimuthMaxHorizontalUncertainty>
    </originUncertainty>
  </origin>
  <magnitude publicID="quakeml:eu.emsc/event/19980705_0000003/origin/1493968/mag/2">
    <mag>
      <value>2.6</value>
    </mag>
    <type>ML</type>
    <originID>quakeml:eu.emsc/event/19980705_0000003/origin/1493968</originID>
    <creationInfo>
      <agencyURI>smi:smi-registry/organization/EMSC</agencyURI>
      <authorURI>smi:smi-registry/organization/EMSC</authorURI>
    </creationInfo>
  </magnitude>
</event>
<event publicID="quakeml:eu.emsc/event/19980705_0000008">
  <preferredOriginID>quakeml:eu.emsc/event/19980705_0000008/origin/1493662</preferredOriginID>
  <preferredMagnitudeID>quakeml:eu.emsc/event/19980705_0000008/origin/1493662/mag/2</preferredMagnitudeID>
  <creationInfo>
    <agencyURI>smi:smi-registry/organization/EMSC</agencyURI>
    <authorURI>smi:smi-registry/organization/EMSC</authorURI>
    <creationTime>2014-12-03T16:29:02.159833Z</creationTime>
  </creationInfo>
  <description>
    <text>FRANCE</text>
    <type>Flinn-Engdahl region</type>
  </description>
  <origin publicID="quakeml:eu.emsc/event/19980705_0000008/origin/1493662">
    <time>
      <value>1998-07-05T22:02:46.7Z</value>
      <uncertainty>0.12</uncertainty>
    </time>
    <latitude>
      <value>48.0929</value>
      <uncertainty>2.8</uncertainty>
    </latitude>
    <longitude>
      <value>7.6455</value>
      <uncertainty>2.2</uncertainty>
    </longitude>
    <depth>
      <value>15000</value>
    </depth>
    <depthType>from location</depthType>
    <methodID>smi:eu.emsc-csem/origin_method/NA</methodID>
    <quality>
      <usedPhaseCount>21</usedPhaseCount>
      <usedStationCount>11</usedStationCount>
      <standardError>0.6</standardError>
      <azimuthalGap>88</azimuthalGap>
      <minimumDistance>0.06</minimumDistance>
      <maximumDistance>2.69</maximumDistance>
    </quality>
    <evaluationMode>manual</evaluationMode>
    <creationInfo>
      <agencyURI>smi:smi-registry/organization/EMSC</agencyURI>
      <authorURI>smi:smi-registry/organization/EMSC</authorURI>
    </creationInfo>
    <originUncertainty>
      <azimuthMaxHorizontalUncertainty>1</azimuthMaxHorizontalUncertainty>
    </originUncertainty>
  </origin>
  <magnitude publicID="quakeml:eu.emsc/event/19980705_0000008/origin/1493662/mag/2">
    <mag>
      <value>1.9</value>
    </mag>
    <type>ML</type>
    <originID>quakeml:eu.emsc/event/19980705_0000008/origin/1493662</originID>
    <stationCount>2</stationCount>
    <creationInfo>
      <agencyURI>smi:smi-registry/organization/EMSC</agencyURI>
      <authorURI>smi:smi-registry/organization/EMSC</authorURI>
    </creationInfo>
  </magnitude>
</event>
<event publicID="quakeml:eu.emsc/event/19980705_0000009">
  <preferredOriginID>quakeml:eu.emsc/event/19980705_0000009/origin/1494236</preferredOriginID>
  <preferredMagnitudeID>quakeml:eu.emsc/event/19980705_0000009/origin/1494236/mag/1</preferredMagnitudeID>
  <creationInfo>
    <agencyURI>smi:smi-registry/organization/EMSC</agencyURI>
    <authorURI>smi:smi-registry/organization/EMSC</authorURI>
    <creationTime>2014-12-03T16:34:52.632671Z</creationTime>
  </creationInfo>
  <description>
    <text>SPAIN</text>
    <type>Flinn-Engdahl region</type>
  </description>
  <origin publicID="quakeml:eu.emsc/event/19980705_0000009/origin/1494236">
    <time>
      <value>1998-07-05T21:59:32.6Z</value>
      <uncertainty>0.41</uncertainty>
    </time>
    <latitude>
      <value>43.0185</value>
      <uncertainty>10.1</uncertainty>
    </latitude>
    <longitude>
      <value>-2.2391</value>
      <uncertainty>2.9</uncertainty>
    </longitude>
    <depth>
      <value>19200.0</value>
    </depth>
    <depthType>from location</depthType>
    <methodID>smi:eu.emsc-csem/origin_method/NA</methodID>
    <quality>
      <usedPhaseCount>27</usedPhaseCount>
      <usedStationCount>13</usedStationCount>
      <standardError>1</standardError>
      <azimuthalGap>219</azimuthalGap>
      <minimumDistance>0.46</minimumDistance>
      <maximumDistance>3.58</maximumDistance>
    </quality>
    <evaluationMode>manual</evaluationMode>
    <creationInfo>
      <agencyURI>smi:smi-registry/organization/EMSC</agencyURI>
      <authorURI>smi:smi-registry/organization/EMSC</authorURI>
    </creationInfo>
    <originUncertainty>
      <azimuthMaxHorizontalUncertainty>146</azimuthMaxHorizontalUncertainty>
    </originUncertainty>
  </origin>
  <magnitude publicID="quakeml:eu.emsc/event/19980705_0000009/origin/1494236/mag/1">
    <mag>
      <value>2</value>
      <uncertainty>0.5</uncertainty>
    </mag>
    <type>ML</type>
    <originID>quakeml:eu.emsc/event/19980705_0000009/origin/1494236</originID>
    <stationCount>11</stationCount>
    <creationInfo>
      <agencyURI>smi:smi-registry/organization/EMSC</agencyURI>
      <authorURI>smi:smi-registry/organization/EMSC</authorURI>
    </creationInfo>
  </magnitude>
</event>
<event publicID="quakeml:eu.emsc/event/19980705_0000002">
  <preferredOriginID>quakeml:eu.emsc/event/19980705_0000002/origin/1483692</preferredOriginID>
  <preferredMagnitudeID>quakeml:eu.emsc/event/19980705_0000002/origin/1483692/mag/2</preferredMagnitudeID>
  <creationInfo>
    <agencyURI>smi:smi-registry/organization/EMSC</agencyURI>
    <authorURI>smi:smi-registry/organization/EMSC</authorURI>
    <creationTime>2014-12-10T16:46:25.33615Z</creationTime>
  </creationInfo>
  <description>
    <text>CRETE, GREECE</text>
    <type>Flinn-Engdahl region</type>
  </description>
  <origin publicID="quakeml:eu.emsc/event/19980705_0000002/origin/1483692">
    <time>
      <value>1998-07-05T21:41:50.8Z</value>
    </time>
    <latitude>
      <value>34.5</value>
      <uncertainty>9999.9</uncertainty>
    </latitude>
    <longitude>
      <value>24.65</value>
      <uncertainty>9999.9</uncertainty>
    </longitude>
    <depth>
      <value>30000</value>
    </depth>
    <depthType>from location</depthType>
    <methodID>smi:eu.emsc-csem/origin_method/NA</methodID>
    <quality>
      <usedPhaseCount>6</usedPhaseCount>
      <usedStationCount>5</usedStationCount>
      <standardError>0.92</standardError>
      <azimuthalGap>265</azimuthalGap>
      <minimumDistance>0.98</minimumDistance>
      <maximumDistance>2.66</maximumDistance>
    </quality>
    <evaluationMode>manual</evaluationMode>
    <creationInfo>
      <agencyURI>smi:smi-registry/organization/EMSC</agencyURI>
      <authorURI>smi:smi-registry/organization/EMSC</authorURI>
    </creationInfo>
    <originUncertainty>
      <azimuthMaxHorizontalUncertainty>-99</azimuthMaxHorizontalUncertainty>
    </originUncertainty>
  </origin>
  <magnitude publicID="quakeml:eu.emsc/event/19980705_0000002/origin/1483692/mag/2">
    <mag>
      <value>3.7</value>
    </mag>
    <type>MD</type>
    <originID>quakeml:eu.emsc/event/19980705_0000002/origin/1483692</originID>
    <creationInfo>
      <agencyURI>smi:smi-registry/organization/EMSC</agencyURI>
      <authorURI>smi:smi-registry/organization/EMSC</authorURI>
    </creationInfo>
  </magnitude>
</event>
<event publicID="quakeml:eu.emsc/event/19980705_0000001">
  <preferredOriginID>quakeml:eu.emsc/event/19980705_0000001/origin/1493972</preferredOriginID>
  <preferredMagnitudeID>quakeml:eu.emsc/event/19980705_0000001/origin/1493972/mag/2</preferredMagnitudeID>
  <creationInfo>
    <agencyURI>smi:smi-registry/organization/EMSC</agencyURI>
    <authorURI>smi:smi-registry/organization/EMSC</authorURI>
    <creationTime>2014-12-03T11:47:41.477301Z</creationTime>
  </creationInfo>
  <description>
    <text>WESTERN TURKEY</text>
    <type>Flinn-Engdahl region</type>
  </description>
  <origin publicID="quakeml:eu.emsc/event/19980705_0000001/origin/1493972">
    <time>
      <value>1998-07-05T11:12:47.4Z</value>
      <uncertainty>0.23</uncertainty>
    </time>
    <latitude>
      <value>40.5873</value>
      <uncertainty>8.4</uncertainty>
    </latitude>
    <longitude>
      <value>27.6</value>
      <uncertainty>4.4</uncertainty>
    </longitude>
    <depth>
      <value>2000</value>
    </depth>
    <depthType>from location</depthType>
    <methodID>smi:eu.emsc-csem/origin_method/NA</methodID>
    <quality>
      <usedPhaseCount>23</usedPhaseCount>
      <usedStationCount>20</usedStationCount>
      <standardError>0.91</standardError>
      <azimuthalGap>121</azimuthalGap>
      <minimumDistance>0.31</minimumDistance>
      <maximumDistance>5</maximumDistance>
    </quality>
    <evaluationMode>manual</evaluationMode>
    <creationInfo>
      <agencyURI>smi:smi-registry/organization/EMSC</agencyURI>
      <authorURI>smi:smi-registry/organization/EMSC</authorURI>
    </creationInfo>
    <originUncertainty>
      <azimuthMaxHorizontalUncertainty>32</azimuthMaxHorizontalUncertainty>
    </originUncertainty>
  </origin>
  <magnitude publicID="quakeml:eu.emsc/event/19980705_0000001/origin/1493972/mag/2">
    <mag>
      <value>3.3</value>
    </mag>
    <type>MD</type>
    <originID>quakeml:eu.emsc/event/19980705_0000001/origin/1493972</originID>
    <creationInfo>
      <agencyURI>smi:smi-registry/organization/EMSC</agencyURI>
      <authorURI>smi:smi-registry/organization/EMSC</authorURI>
    </creationInfo>
  </magnitude>
</event>
<event publicID="quakeml:eu.emsc/event/19980705_0000010">
  <preferredOriginID>quakeml:eu.emsc/event/19980705_0000010/origin/1483694</preferredOriginID>
  <preferredMagnitudeID>quakeml:eu.emsc/event/19980705_0000010/origin/1483694/mag/2</preferredMagnitudeID>
  <creationInfo>
    <agencyURI>smi:smi-registry/organization/EMSC</agencyURI>
    <authorURI>smi:smi-registry/organization/EMSC</authorURI>
    <creationTime>2014-12-10T18:59:28.740253Z</creationTime>
  </creationInfo>
  <description>
    <text>SWITZERLAND</text>
    <type>Flinn-Engdahl region</type>
  </description>
  <origin publicID="quakeml:eu.emsc/event/19980705_0000010/origin/1483694">
    <time>
      <value>1998-07-05T08:04:09.3Z</value>
    </time>
    <latitude>
      <value>47.039</value>
      <uncertainty>9999.9</uncertainty>
    </latitude>
    <longitude>
      <value>8.904</value>
      <uncertainty>9999.9</uncertainty>
    </longitude>
    <depth>
      <value>7300.0</value>
    </depth>
    <depthType>from location</depthType>
    <methodID>smi:eu.emsc-csem/origin_method/NA</methodID>
    <quality>
      <usedPhaseCount>7</usedPhaseCount>
      <usedStationCount>3</usedStationCount>
      <standardError>0.61</standardError>
      <azimuthalGap>159</azimuthalGap>
      <minimumDistance>0.18</minimumDistance>
      <maximumDistance>0.38</maximumDistance>
    </quality>
    <evaluationMode>manual</evaluationMode>
    <creationInfo>
      <agencyURI>smi:smi-registry/organization/EMSC</agencyURI>
      <authorURI>smi:smi-registry/organization/EMSC</authorURI>
    </creationInfo>
    <originUncertainty>
      <azimuthMaxHorizontalUncertainty>-99</azimuthMaxHorizontalUncertainty>
    </originUncertainty>
  </origin>
  <magnitude publicID="quakeml:eu.emsc/event/19980705_0000010/origin/1483694/mag/2">
    <mag>
      <value>0.9</value>
    </mag>
    <type>ML</type>
    <originID>quakeml:eu.emsc/event/19980705_0000010/origin/1483694</originID>
    <stationCount>4</stationCount>
    <creationInfo>
      <agencyURI>smi:smi-registry/organization/EMSC</agencyURI>
      <authorURI>smi:smi-registry/organization/EMSC</authorURI>
    </creationInfo>
  </magnitude>
</event>
<event publicID="quakeml:eu.emsc/event/19980705_0000005">
  <preferredOriginID>quakeml:eu.emsc/event/19980705_0000005/origin/1483696</preferredOriginID>
  <preferredMagnitudeID>quakeml:eu.emsc/event/19980705_0000005/origin/1483696/mag/2</preferredMagnitudeID>
  <creationInfo>
    <agencyURI>smi:smi-registry/organization/EMSC</agencyURI>
    <authorURI>smi:smi-registry/organization/EMSC</authorURI>
    <creationTime>2014-12-10T08:17:42.10597Z</creationTime>
  </creationInfo>
  <description>
    <text>CENTRAL TURKEY</text>
    <type>Flinn-Engdahl region</type>
  </description>
  <origin publicID="quakeml:eu.emsc/event/19980705_0000005/origin/1483696">
    <time>
      <value>1998-07-05T06:31:21.5Z</value>
    </time>
    <latitude>
      <value>36.778</value>
      <uncertainty>9999.9</uncertainty>
    </latitude>
    <longitude>
      <value>35.35</value>
      <uncertainty>9999.9</uncertainty>
    </longitude>
    <depth>
      <value>10000</value>
    </depth>
    <depthType>from location</depthType>
    <methodID>smi:eu.emsc-csem/origin_method/NA</methodID>
    <quality>
      <usedPhaseCount>6</usedPhaseCount>
      <usedStationCount>5</usedStationCount>
      <standardError>1.09</standardError>
      <azimuthalGap>145</azimuthalGap>
      <minimumDistance>0.91</minimumDistance>
      <maximumDistance>2.89</maximumDistance>
    </quality>
    <evaluationMode>manual</evaluationMode>
    <creationInfo>
      <agencyURI>smi:smi-registry/organization/EMSC</agencyURI>
      <authorURI>smi:smi-registry/organization/EMSC</authorURI>
    </creationInfo>
    <originUncertainty>
      <azimuthMaxHorizontalUncertainty>-99</azimuthMaxHorizontalUncertainty>
    </originUncertainty>
  </origin>
  <magnitude publicID="quakeml:eu.emsc/event/19980705_0000005/origin/1483696/mag/2">
    <mag>
      <value>3.4</value>
    </mag>
    <type>MD</type>
    <originID>quakeml:eu.emsc/event/19980705_0000005/origin/1483696</originID>
    <creationInfo>
      <agencyURI>smi:smi-registry/organization/EMSC</agencyURI>
      <authorURI>smi:smi-registry/organization/EMSC</authorURI>
    </creationInfo>
  </magnitude>
</event>
<event publicID="quakeml:eu.emsc/event/19980705_0000007">
  <preferredOriginID>quakeml:eu.emsc/event/19980705_0000007/origin/1494240</preferredOriginID>
  <preferredMagnitudeID>quakeml:eu.emsc/event/19980705_0000007/origin/1494240/mag/1</preferredMagnitudeID>
  <creationInfo>
    <agencyURI>smi:smi-registry/organization/EMSC</agencyURI>
    <authorURI>smi:smi-registry/organization/EMSC</authorURI>
    <creationTime>2014-12-03T15:43:00.784898Z</creationTime>
  </creationInfo>
  <description>
    <text>GERMANY</text>
    <type>Flinn-Engdahl region</type>
  </description>
  <origin publicID="quakeml:eu.emsc/event/19980705_0000007/origin/1494240">
    <time>
      <value>1998-07-05T03:13:59.4Z</value>
      <uncertainty>0.15</uncertainty>
    </time>
    <latitude>
      <value>49.7686</value>
      <uncertainty>3</uncertainty>
    </latitude>
    <longitude>
      <value>8.466</value>
      <uncertainty>2.1</uncertainty>
    </longitude>
    <depth>
      <value>19300.0</value>
    </depth>
    <depthType>from location</depthType>
    <methodID>smi:eu.emsc-csem/origin_method/NA</methodID>
    <quality>
      <usedPhaseCount>33</usedPhaseCount>
      <usedStationCount>19</usedStationCount>
      <standardError>0.97</standardError>
      <azimuthalGap>66</azimuthalGap>
      <minimumDistance>0.46</minimumDistance>
      <maximumDistance>4.27</maximumDistance>
    </quality>
    <evaluationMode>manual</evaluationMode>
    <creationInfo>
      <agencyURI>smi:smi-registry/organization/EMSC</agencyURI>
      <authorURI>smi:smi-registry/organization/EMSC</authorURI>
    </creationInfo>
    <originUncertainty>
      <azimuthMaxHorizontalUncertainty>122</azimuthMaxHorizontalUncertainty>
    </originUncertainty>
  </origin>
  <magnitude publicID="quakeml:eu.emsc/event/19980705_0000007/origin/1494240/mag/1">
    <mag>
      <value>2.4</value>
      <uncertainty>0.3</uncertainty>
    </mag>
    <type>ML</type>
    <originID>quakeml:eu.emsc/event/19980705_0000007/origin/1494240</originID>
    <stationCount>6</stationCount>
    <creationInfo>
      <agencyURI>smi:smi-registry/organization/EMSC</agencyURI>
      <authorURI>smi:smi-registry/organization/EMSC</authorURI>
    </creationInfo>
  </magnitude>
</event>
</eventParameters>
</q:quakeml>
