<?xml version="1.0"?>
<q:quakeml xmlns:q="http://quakeml.org/xmlns/quakeml/1.2"  xmlns="http://quakeml.org/xmlns/bed/1.2">
<eventParameters publicID="smi:eu.emsc/unid">
<event publicID="quakeml:eu.emsc/event/19980120_0000022">
  <preferredOriginID>quakeml:eu.emsc/event/19980120_0000022/origin/1487892</preferredOriginID>
  <preferredMagnitudeID>quakeml:eu.emsc/event/19980120_0000022/origin/1487892/mag/2</preferredMagnitudeID>
  <creationInfo>
    <agencyURI>smi:smi-registry/organization/EMSC</agencyURI>
    <authorURI>smi:smi-registry/organization/EMSC</authorURI>
    <creationTime>2014-12-10T12:52:54.730316Z</creationTime>
  </creationInfo>
  <description>
    <text>PYRENEES</text>
    <type>Flinn-Engdahl region</type>
  </description>
  <origin publicID="quakeml:eu.emsc/event/19980120_0000022/origin/1487892">
    <time>
      <value>1998-01-20T23:20:23.7Z</value>
    </time>
    <latitude>
      <value>43.1</value>
      <uncertainty>9999.9</uncertainty>
    </latitude>
    <longitude>
      <value>-0.33</value>
      <uncertainty>9999.9</uncertainty>
    </longitude>
    <depth>
      <value>0</value>
    </depth>
    <depthType>from location</depthType>
    <methodID>smi:eu.emsc-csem/origin_method/NA</methodID>
    <quality>
      <usedPhaseCount>8</usedPhaseCount>
      <usedStationCount>4</usedStationCount>
      <standardError>0.99</standardError>
      <azimuthalGap>192</azimuthalGap>
      <minimumDistance>0.05</minimumDistance>
      <maximumDistance>0.34</maximumDistance>
    </quality>
    <evaluationMode>manual</evaluationMode>
    <creationInfo>
      <agencyURI>smi:smi-registry/organization/EMSC</agencyURI>
      <authorURI>smi:smi-registry/organization/EMSC</authorURI>
    </creationInfo>
    <originUncertainty>
      <azimuthMaxHorizontalUncertainty>-99</azimuthMaxHorizontalUncertainty>
    </originUncertainty>
  </origin>
  <magnitude publicID="quakeml:eu.emsc/event/19980120_0000022/origin/1487892/mag/2">
    <mag>
      <value>0.9</value>
    </mag>
    <type>ML</type>
    <originID>quakeml:eu.emsc/event/19980120_0000022/origin/1487892</originID>
    <creationInfo>
      <agencyURI>smi:smi-registry/organization/EMSC</agencyURI>
      <authorURI>smi:smi-registry/organization/EMSC</authorURI>
    </creationInfo>
  </magnitude>
</event>
<event publicID="quakeml:eu.emsc/event/19980120_0000011">
  <preferredOriginID>quakeml:eu.emsc/event/19980120_0000011/origin/1498602</preferredOriginID>
  <preferredMagnitudeID>quakeml:eu.emsc/event/19980120_0000011/origin/1498602/mag/2</preferredMagnitudeID>
  <creationInfo>
    <agencyURI>smi:smi-registry/organization/EMSC</agencyURI>
    <authorURI>smi:smi-registry/organization/EMSC</authorURI>
    <creationTime>2014-12-03T10:28:45.392352Z</creationTime>
  </creationInfo>
  <description>
    <text>IONIAN SEA</text>
    <type>Flinn-Engdahl region</type>
  </description>
  <origin publicID="quakeml:eu.emsc/event/19980120_0000011/origin/1498602">
    <time>
      <value>1998-01-20T20:34:32.4Z</value>
      <uncertainty>0.47</uncertainty>
    </time>
    <latitude>
      <value>37.1177</value>
      <uncertainty>12.5</uncertainty>
    </latitude>
    <longitude>
      <value>20.7963</value>
      <uncertainty>10</uncertainty>
    </longitude>
    <depth>
      <value>40000</value>
    </depth>
    <depthType>from location</depthType>
    <methodID>smi:eu.emsc-csem/origin_method/NA</methodID>
    <quality>
      <usedPhaseCount>28</usedPhaseCount>
      <usedStationCount>24</usedStationCount>
      <standardError>1.07</standardError>
      <azimuthalGap>141</azimuthalGap>
      <minimumDistance>1.76</minimumDistance>
      <maximumDistance>46.23</maximumDistance>
    </quality>
    <evaluationMode>manual</evaluationMode>
    <creationInfo>
      <agencyURI>smi:smi-registry/organization/EMSC</agencyURI>
      <authorURI>smi:smi-registry/organization/EMSC</authorURI>
    </creationInfo>
    <originUncertainty>
      <azimuthMaxHorizontalUncertainty>64</azimuthMaxHorizontalUncertainty>
    </originUncertainty>
  </origin>
  <magnitude publicID="quakeml:eu.emsc/event/19980120_0000011/origin/1498602/mag/2">
    <mag>
      <value>3.8</value>
    </mag>
    <type>MD</type>
    <originID>quakeml:eu.emsc/event/19980120_0000011/origin/1498602</originID>
    <creationInfo>
      <agencyURI>smi:smi-registry/organization/EMSC</agencyURI>
      <authorURI>smi:smi-registry/organization/EMSC</authorURI>
    </creationInfo>
  </magnitude>
</event>
<event publicID="quakeml:eu.emsc/event/19980120_0000017">
  <preferredOriginID>quakeml:eu.emsc/event/19980120_0000017/origin/1485778</preferredOriginID>
  <preferredMagnitudeID>quakeml:eu.emsc/event/19980120_0000017/origin/1485778/mag/2</preferredMagnitudeID>
  <creationInfo>
    <agencyURI>smi:smi-registry/organization/EMSC</agencyURI>
    <authorURI>smi:smi-registry/organization/EMSC</authorURI>
    <creationTime>2014-12-10T12:52:54.248809Z</creationTime>
  </creationInfo>
  <description>
    <text>GERMANY</text>
    <type>Flinn-Engdahl region</type>
  </description>
  <origin publicID="quakeml:eu.emsc/event/19980120_0000017/origin/1485778">
    <time>
      <value>1998-01-20T20:20:20.1Z</value>
    </time>
    <latitude>
      <value>49.35</value>
      <uncertainty>9999.9</uncertainty>
    </latitude>
    <longitude>
      <value>6.9</value>
      <uncertainty>9999.9</uncertainty>
    </longitude>
    <depth>
      <value>1000</value>
    </depth>
    <depthType>from location</depthType>
    <methodID>smi:eu.emsc-csem/origin_method/NA</methodID>
    <quality>
      <usedPhaseCount>9</usedPhaseCount>
      <usedStationCount>6</usedStationCount>
      <standardError>0.68</standardError>
      <azimuthalGap>168</azimuthalGap>
      <minimumDistance>0.37</minimumDistance>
      <maximumDistance>1.51</maximumDistance>
    </quality>
    <evaluationMode>manual</evaluationMode>
    <creationInfo>
      <agencyURI>smi:smi-registry/organization/EMSC</agencyURI>
      <authorURI>smi:smi-registry/organization/EMSC</authorURI>
    </creationInfo>
    <originUncertainty>
      <azimuthMaxHorizontalUncertainty>-99</azimuthMaxHorizontalUncertainty>
    </originUncertainty>
  </origin>
  <magnitude publicID="quakeml:eu.emsc/event/19980120_0000017/origin/1485778/mag/2">
    <mag>
      <value>1.5</value>
    </mag>
    <type>ML</type>
    <originID>quakeml:eu.emsc/event/19980120_0000017/origin/1485778</originID>
    <creationInfo>
      <agencyURI>smi:smi-registry/organization/EMSC</agencyURI>
      <authorURI>smi:smi-registry/organization/EMSC</authorURI>
    </creationInfo>
  </magnitude>
</event>
<event publicID="quakeml:eu.emsc/event/19980120_0000016">
  <preferredOriginID>quakeml:eu.emsc/event/19980120_0000016/origin/1485780</preferredOriginID>
  <preferredMagnitudeID>quakeml:eu.emsc/event/19980120_0000016/origin/1485780/mag/2</preferredMagnitudeID>
  <creationInfo>
    <agencyURI>smi:smi-registry/organization/EMSC</agencyURI>
    <authorURI>smi:smi-registry/organization/EMSC</authorURI>
    <creationTime>2014-12-10T12:52:53.719065Z</creationTime>
  </creationInfo>
  <description>
    <text>GERMANY</text>
    <type>Flinn-Engdahl region</type>
  </description>
  <origin publicID="quakeml:eu.emsc/event/19980120_0000016/origin/1485780">
    <time>
      <value>1998-01-20T19:14:28.5Z</value>
    </time>
    <latitude>
      <value>49.35</value>
      <uncertainty>9999.9</uncertainty>
    </latitude>
    <longitude>
      <value>6.89</value>
      <uncertainty>9999.9</uncertainty>
    </longitude>
    <depth>
      <value>1000</value>
    </depth>
    <depthType>from location</depthType>
    <methodID>smi:eu.emsc-csem/origin_method/NA</methodID>
    <quality>
      <usedPhaseCount>8</usedPhaseCount>
      <usedStationCount>6</usedStationCount>
      <standardError>0.49</standardError>
      <azimuthalGap>169</azimuthalGap>
      <minimumDistance>0.37</minimumDistance>
      <maximumDistance>1.65</maximumDistance>
    </quality>
    <evaluationMode>manual</evaluationMode>
    <creationInfo>
      <agencyURI>smi:smi-registry/organization/EMSC</agencyURI>
      <authorURI>smi:smi-registry/organization/EMSC</authorURI>
    </creationInfo>
    <originUncertainty>
      <azimuthMaxHorizontalUncertainty>-99</azimuthMaxHorizontalUncertainty>
    </originUncertainty>
  </origin>
  <magnitude publicID="quakeml:eu.emsc/event/19980120_0000016/origin/1485780/mag/2">
    <mag>
      <value>1.7</value>
    </mag>
    <type>ML</type>
    <originID>quakeml:eu.emsc/event/19980120_0000016/origin/1485780</originID>
    <creationInfo>
      <agencyURI>smi:smi-registry/organization/EMSC</agencyURI>
      <authorURI>smi:smi-registry/organization/EMSC</authorURI>
    </creationInfo>
  </magnitude>
</event>
<event publicID="quakeml:eu.emsc/event/19980120_0000014">
  <preferredOriginID>quakeml:eu.emsc/event/19980120_0000014/origin/1487894</preferredOriginID>
  <preferredMagnitudeID>quakeml:eu.emsc/event/19980120_0000014/origin/1487894/mag/2</preferredMagnitudeID>
  <creationInfo>
    <agencyURI>smi:smi-registry/organization/EMSC</agencyURI>
    <authorURI>smi:smi-registry/organization/EMSC</authorURI>
    <creationTime>2014-12-10T12:52:53.199671Z</creationTime>
  </creationInfo>
  <description>
    <text>NORTHERN ITALY</text>
    <type>Flinn-Engdahl region</type>
  </description>
  <origin publicID="quakeml:eu.emsc/event/19980120_0000014/origin/1487894">
    <time>
      <value>1998-01-20T16:32:37.4Z</value>
    </time>
    <latitude>
      <value>44.0582</value>
      <uncertainty>9999.9</uncertainty>
    </latitude>
    <longitude>
      <value>7.452</value>
      <uncertainty>9999.9</uncertainty>
    </longitude>
    <depth>
      <value>7500.0</value>
    </depth>
    <depthType>from location</depthType>
    <methodID>smi:eu.emsc-csem/origin_method/NA</methodID>
    <quality>
      <usedPhaseCount>12</usedPhaseCount>
      <usedStationCount>7</usedStationCount>
      <standardError>4.36</standardError>
      <azimuthalGap>191</azimuthalGap>
      <minimumDistance>0.17</minimumDistance>
      <maximumDistance>0.57</maximumDistance>
    </quality>
    <evaluationMode>manual</evaluationMode>
    <creationInfo>
      <agencyURI>smi:smi-registry/organization/EMSC</agencyURI>
      <authorURI>smi:smi-registry/organization/EMSC</authorURI>
    </creationInfo>
    <originUncertainty>
      <azimuthMaxHorizontalUncertainty>-99</azimuthMaxHorizontalUncertainty>
    </originUncertainty>
  </origin>
  <magnitude publicID="quakeml:eu.emsc/event/19980120_0000014/origin/1487894/mag/2">
    <mag>
      <value>1.7</value>
    </mag>
    <type>ML</type>
    <originID>quakeml:eu.emsc/event/19980120_0000014/origin/1487894</originID>
    <creationInfo>
      <agencyURI>smi:smi-registry/organization/EMSC</agencyURI>
      <authorURI>smi:smi-registry/organization/EMSC</authorURI>
    </creationInfo>
  </magnitude>
</event>
<event publicID="quakeml:eu.emsc/event/19980120_0000020">
  <preferredOriginID>quakeml:eu.emsc/event/19980120_0000020/origin/1500158</preferredOriginID>
  <preferredMagnitudeID>quakeml:eu.emsc/event/19980120_0000020/origin/1500158/mag/1</preferredMagnitudeID>
  <creationInfo>
    <agencyURI>smi:smi-registry/organization/EMSC</agencyURI>
    <authorURI>smi:smi-registry/organization/EMSC</authorURI>
    <creationTime>2014-12-03T16:46:04.451708Z</creationTime>
  </creationInfo>
  <description>
    <text>NORTHERN ITALY</text>
    <type>Flinn-Engdahl region</type>
  </description>
  <origin publicID="quakeml:eu.emsc/event/19980120_0000020/origin/1500158">
    <time>
      <value>1998-01-20T16:01:51.5Z</value>
      <uncertainty>0.21</uncertainty>
    </time>
    <latitude>
      <value>44.4345</value>
      <uncertainty>4.6</uncertainty>
    </latitude>
    <longitude>
      <value>7.3595</value>
      <uncertainty>2.7</uncertainty>
    </longitude>
    <depth>
      <value>10000</value>
    </depth>
    <depthType>from location</depthType>
    <methodID>smi:eu.emsc-csem/origin_method/NA</methodID>
    <quality>
      <usedPhaseCount>39</usedPhaseCount>
      <usedStationCount>25</usedStationCount>
      <standardError>1.06</standardError>
      <azimuthalGap>132</azimuthalGap>
      <minimumDistance>0.43</minimumDistance>
      <maximumDistance>2.23</maximumDistance>
    </quality>
    <evaluationMode>manual</evaluationMode>
    <creationInfo>
      <agencyURI>smi:smi-registry/organization/EMSC</agencyURI>
      <authorURI>smi:smi-registry/organization/EMSC</authorURI>
    </creationInfo>
    <originUncertainty>
      <azimuthMaxHorizontalUncertainty>82</azimuthMaxHorizontalUncertainty>
    </originUncertainty>
  </origin>
  <magnitude publicID="quakeml:eu.emsc/event/19980120_0000020/origin/1500158/mag/1">
    <mag>
      <value>2.8</value>
      <uncertainty>0.2</uncertainty>
    </mag>
    <type>ML</type>
    <originID>quakeml:eu.emsc/event/19980120_0000020/origin/1500158</originID>
    <stationCount>6</stationCount>
    <creationInfo>
      <agencyURI>smi:smi-registry/organization/EMSC</agencyURI>
      <authorURI>smi:smi-registry/organization/EMSC</authorURI>
    </creationInfo>
  </magnitude>
</event>
<event publicID="quakeml:eu.emsc/event/19980120_0000010">
  <preferredOriginID>quakeml:eu.emsc/event/19980120_0000010/origin/1485782</preferredOriginID>
  <preferredMagnitudeID>quakeml:eu.emsc/event/19980120_0000010/origin/1485782/mag/2</preferredMagnitudeID>
  <creationInfo>
    <agencyURI>smi:smi-registry/organization/EMSC</agencyURI>
    <authorURI>smi:smi-registry/organization/EMSC</authorURI>
    <creationTime>2014-12-11T03:18:10.363127Z</creationTime>
  </creationInfo>
  <description>
    <text>ROMANIA</text>
    <type>Flinn-Engdahl region</type>
  </description>
  <origin publicID="quakeml:eu.emsc/event/19980120_0000010/origin/1485782">
    <time>
      <value>1998-01-20T15:15:56.9Z</value>
    </time>
    <latitude>
      <value>45.59</value>
      <uncertainty>9999.9</uncertainty>
    </latitude>
    <longitude>
      <value>26.429</value>
      <uncertainty>9999.9</uncertainty>
    </longitude>
    <depth>
      <value>145000</value>
    </depth>
    <depthType>from location</depthType>
    <methodID>smi:eu.emsc-csem/origin_method/NA</methodID>
    <quality>
      <usedPhaseCount>14</usedPhaseCount>
      <usedStationCount>9</usedStationCount>
      <standardError>0.77</standardError>
      <azimuthalGap>143</azimuthalGap>
      <minimumDistance>0.35</minimumDistance>
      <maximumDistance>1.71</maximumDistance>
    </quality>
    <evaluationMode>manual</evaluationMode>
    <creationInfo>
      <agencyURI>smi:smi-registry/organization/EMSC</agencyURI>
      <authorURI>smi:smi-registry/organization/EMSC</authorURI>
    </creationInfo>
    <originUncertainty>
      <azimuthMaxHorizontalUncertainty>-99</azimuthMaxHorizontalUncertainty>
    </originUncertainty>
  </origin>
  <magnitude publicID="quakeml:eu.emsc/event/19980120_0000010/origin/1485782/mag/2">
    <mag>
      <value>3.7</value>
    </mag>
    <type>MD</type>
    <originID>quakeml:eu.emsc/event/19980120_0000010/origin/1485782</originID>
    <stationCount>6</stationCount>
    <creationInfo>
      <agencyURI>smi:smi-registry/organization/EMSC</agencyURI>
      <authorURI>smi:smi-registry/organization/EMSC</authorURI>
    </creationInfo>
  </magnitude>
</event>
<event publicID="quakeml:eu.emsc/event/19980120_0000009">
  <preferredOriginID>quakeml:eu.emsc/event/19980120_0000009/origin/1485784</preferredOriginID>
  <preferredMagnitudeID>quakeml:eu.emsc/event/19980120_0000009/origin/1485784/mag/2</preferredMagnitudeID>
  <creationInfo>
    <agencyURI>smi:smi-registry/organization/EMSC</agencyURI>
    <authorURI>smi:smi-registry/organization/EMSC</authorURI>
    <creationTime>2014-12-11T03:14:58.433476Z</creationTime>
  </creationInfo>
  <description>
    <text>SICILY, ITALY</text>
    <type>Flinn-Engdahl region</type>
  </description>
  <origin publicID="quakeml:eu.emsc/event/19980120_0000009/origin/1485784">
    <time>
      <value>1998-01-20T14:15:44.9Z</value>
    </time>
    <latitude>
      <value>38.829</value>
      <uncertainty>9999.9</uncertainty>
    </latitude>
    <longitude>
      <value>14.527</value>
      <uncertainty>9999.9</uncertainty>
    </longitude>
    <depth>
      <value>300000</value>
    </depth>
    <depthType>from location</depthType>
    <methodID>smi:eu.emsc-csem/origin_method/NA</methodID>
    <quality>
      <usedPhaseCount>8</usedPhaseCount>
      <usedStationCount>8</usedStationCount>
      <standardError>1.09</standardError>
      <azimuthalGap>146</azimuthalGap>
      <minimumDistance>14.36</minimumDistance>
      <maximumDistance>48.53</maximumDistance>
    </quality>
    <evaluationMode>manual</evaluationMode>
    <creationInfo>
      <agencyURI>smi:smi-registry/organization/EMSC</agencyURI>
      <authorURI>smi:smi-registry/organization/EMSC</authorURI>
    </creationInfo>
    <originUncertainty>
      <azimuthMaxHorizontalUncertainty>-99</azimuthMaxHorizontalUncertainty>
    </originUncertainty>
  </origin>
  <magnitude publicID="quakeml:eu.emsc/event/19980120_0000009/origin/1485784/mag/2">
    <mag>
      <value>4.1</value>
    </mag>
    <type>mb</type>
    <originID>quakeml:eu.emsc/event/19980120_0000009/origin/1485784</originID>
    <stationCount>3</stationCount>
    <creationInfo>
      <agencyURI>smi:smi-registry/organization/EMSC</agencyURI>
      <authorURI>smi:smi-registry/organization/EMSC</authorURI>
    </creationInfo>
  </magnitude>
</event>
<event publicID="quakeml:eu.emsc/event/19980120_0000013">
  <preferredOriginID>quakeml:eu.emsc/event/19980120_0000013/origin/1498353</preferredOriginID>
  <preferredMagnitudeID>quakeml:eu.emsc/event/19980120_0000013/origin/1498353/mag/1</preferredMagnitudeID>
  <creationInfo>
    <agencyURI>smi:smi-registry/organization/EMSC</agencyURI>
    <authorURI>smi:smi-registry/organization/EMSC</authorURI>
    <creationTime>2014-12-03T15:08:04.390533Z</creationTime>
  </creationInfo>
  <description>
    <text>FRANCE</text>
    <type>Flinn-Engdahl region</type>
  </description>
  <origin publicID="quakeml:eu.emsc/event/19980120_0000013/origin/1498353">
    <time>
      <value>1998-01-20T11:55:45.6Z</value>
      <uncertainty>0.54</uncertainty>
    </time>
    <latitude>
      <value>45.5708</value>
      <uncertainty>9.5</uncertainty>
    </latitude>
    <longitude>
      <value>0.0854</value>
      <uncertainty>5.4</uncertainty>
    </longitude>
    <depth>
      <value>10000</value>
    </depth>
    <depthType>from location</depthType>
    <methodID>smi:eu.emsc-csem/origin_method/NA</methodID>
    <quality>
      <usedPhaseCount>22</usedPhaseCount>
      <usedStationCount>15</usedStationCount>
      <standardError>1.43</standardError>
      <azimuthalGap>141</azimuthalGap>
      <minimumDistance>0.78</minimumDistance>
      <maximumDistance>3.32</maximumDistance>
    </quality>
    <evaluationMode>manual</evaluationMode>
    <creationInfo>
      <agencyURI>smi:smi-registry/organization/EMSC</agencyURI>
      <authorURI>smi:smi-registry/organization/EMSC</authorURI>
    </creationInfo>
    <originUncertainty>
      <azimuthMaxHorizontalUncertainty>55</azimuthMaxHorizontalUncertainty>
    </originUncertainty>
  </origin>
  <magnitude publicID="quakeml:eu.emsc/event/19980120_0000013/origin/1498353/mag/1">
    <mag>
      <value>2.4</value>
      <uncertainty>0.2</uncertainty>
    </mag>
    <type>ML</type>
    <originID>quakeml:eu.emsc/event/19980120_0000013/origin/1498353</originID>
    <stationCount>12</stationCount>
    <creationInfo>
      <agencyURI>smi:smi-registry/organization/EMSC</agencyURI>
      <authorURI>smi:smi-registry/organization/EMSC</authorURI>
    </creationInfo>
  </magnitude>
</event>
<event publicID="quakeml:eu.emsc/event/19980120_0000008">
  <preferredOriginID>quakeml:eu.emsc/event/19980120_0000008/origin/1498604</preferredOriginID>
  <creationInfo>
    <agencyURI>smi:smi-registry/organization/EMSC</agencyURI>
    <authorURI>smi:smi-registry/organization/EMSC</authorURI>
    <creationTime>2014-12-03T10:19:46.58924Z</creationTime>
  </creationInfo>
  <description>
    <text>ALBANIA</text>
    <type>Flinn-Engdahl region</type>
  </description>
  <origin publicID="quakeml:eu.emsc/event/19980120_0000008/origin/1498604">
    <time>
      <value>1998-01-20T11:46:15.2Z</value>
      <uncertainty>0.19</uncertainty>
    </time>
    <latitude>
      <value>41.8023</value>
      <uncertainty>5.5</uncertainty>
    </latitude>
    <longitude>
      <value>20.1392</value>
      <uncertainty>3.2</uncertainty>
    </longitude>
    <depth>
      <value>10000</value>
    </depth>
    <depthType>from location</depthType>
    <methodID>smi:eu.emsc-csem/origin_method/NA</methodID>
    <quality>
      <usedPhaseCount>17</usedPhaseCount>
      <usedStationCount>12</usedStationCount>
      <standardError>0.98</standardError>
      <azimuthalGap>88</azimuthalGap>
      <minimumDistance>0.25</minimumDistance>
      <maximumDistance>1.89</maximumDistance>
    </quality>
    <evaluationMode>manual</evaluationMode>
    <creationInfo>
      <agencyURI>smi:smi-registry/organization/EMSC</agencyURI>
      <authorURI>smi:smi-registry/organization/EMSC</authorURI>
    </creationInfo>
    <originUncertainty>
      <azimuthMaxHorizontalUncertainty>36</azimuthMaxHorizontalUncertainty>
    </originUncertainty>
  </origin>
</event>
<event publicID="quakeml:eu.emsc/event/19980120_0000007">
  <preferredOriginID>quakeml:eu.emsc/event/19980120_0000007/origin/1485786</preferredOriginID>
  <preferredMagnitudeID>quakeml:eu.emsc/event/19980120_0000007/origin/1485786/mag/2</preferredMagnitudeID>
  <creationInfo>
    <agencyURI>smi:smi-registry/organization/EMSC</agencyURI>
    <authorURI>smi:smi-registry/organization/EMSC</authorURI>
    <creationTime>2014-12-11T03:08:35.790579Z</creationTime>
  </creationInfo>
  <description>
    <text>IONIAN SEA</text>
    <type>Flinn-Engdahl region</type>
  </description>
  <origin publicID="quakeml:eu.emsc/event/19980120_0000007/origin/1485786">
    <time>
      <value>1998-01-20T09:27:29.4Z</value>
    </time>
    <latitude>
      <value>37.01</value>
      <uncertainty>9999.9</uncertainty>
    </latitude>
    <longitude>
      <value>20.59</value>
      <uncertainty>9999.9</uncertainty>
    </longitude>
    <depth>
      <value>5000</value>
    </depth>
    <depthType>from location</depthType>
    <methodID>smi:eu.emsc-csem/origin_method/NA</methodID>
    <quality>
      <usedPhaseCount>5</usedPhaseCount>
      <usedStationCount>5</usedStationCount>
      <standardError>2.19</standardError>
      <azimuthalGap>261</azimuthalGap>
      <minimumDistance>1.08</minimumDistance>
      <maximumDistance>2.65</maximumDistance>
    </quality>
    <evaluationMode>manual</evaluationMode>
    <creationInfo>
      <agencyURI>smi:smi-registry/organization/EMSC</agencyURI>
      <authorURI>smi:smi-registry/organization/EMSC</authorURI>
    </creationInfo>
    <originUncertainty>
      <azimuthMaxHorizontalUncertainty>-99</azimuthMaxHorizontalUncertainty>
    </originUncertainty>
  </origin>
  <magnitude publicID="quakeml:eu.emsc/event/19980120_0000007/origin/1485786/mag/2">
    <mag>
      <value>3.4</value>
    </mag>
    <type>MD</type>
    <originID>quakeml:eu.emsc/event/19980120_0000007/origin/1485786</originID>
    <creationInfo>
      <agencyURI>smi:smi-registry/organization/EMSC</agencyURI>
      <authorURI>smi:smi-registry/organization/EMSC</authorURI>
    </creationInfo>
  </magnitude>
</event>
<event publicID="quakeml:eu.emsc/event/19980120_0000006">
  <preferredOriginID>quakeml:eu.emsc/event/19980120_0000006/origin/1498608</preferredOriginID>
  <preferredMagnitudeID>quakeml:eu.emsc/event/19980120_0000006/origin/1498608/mag/1</preferredMagnitudeID>
  <creationInfo>
    <agencyURI>smi:smi-registry/organization/EMSC</agencyURI>
    <authorURI>smi:smi-registry/organization/EMSC</authorURI>
    <creationTime>2014-12-03T11:06:41.647526Z</creationTime>
  </creationInfo>
  <description>
    <text>NORTH ATLANTIC OCEAN</text>
    <type>Flinn-Engdahl region</type>
  </description>
  <origin publicID="quakeml:eu.emsc/event/19980120_0000006/origin/1498608">
    <time>
      <value>1998-01-20T05:44:03.2Z</value>
      <uncertainty>0.63</uncertainty>
    </time>
    <latitude>
      <value>44.9942</value>
      <uncertainty>13.2</uncertainty>
    </latitude>
    <longitude>
      <value>-12.3878</value>
      <uncertainty>6.1</uncertainty>
    </longitude>
    <depth>
      <value>80000</value>
    </depth>
    <depthType>from location</depthType>
    <methodID>smi:eu.emsc-csem/origin_method/NA</methodID>
    <quality>
      <usedPhaseCount>57</usedPhaseCount>
      <usedStationCount>37</usedStationCount>
      <standardError>1.2</standardError>
      <azimuthalGap>270</azimuthalGap>
      <minimumDistance>3.48</minimumDistance>
      <maximumDistance>13.54</maximumDistance>
    </quality>
    <evaluationMode>manual</evaluationMode>
    <creationInfo>
      <agencyURI>smi:smi-registry/organization/EMSC</agencyURI>
      <authorURI>smi:smi-registry/organization/EMSC</authorURI>
    </creationInfo>
    <originUncertainty>
      <azimuthMaxHorizontalUncertainty>98</azimuthMaxHorizontalUncertainty>
    </originUncertainty>
  </origin>
  <magnitude publicID="quakeml:eu.emsc/event/19980120_0000006/origin/1498608/mag/1">
    <mag>
      <value>4</value>
      <uncertainty>0.3</uncertainty>
    </mag>
    <type>ML</type>
    <originID>quakeml:eu.emsc/event/19980120_0000006/origin/1498608</originID>
    <stationCount>8</stationCount>
    <creationInfo>
      <agencyURI>smi:smi-registry/organization/EMSC</agencyURI>
      <authorURI>smi:smi-registry/organization/EMSC</authorURI>
    </creationInfo>
  </magnitude>
</event>
<event publicID="quakeml:eu.emsc/event/19980120_0000005">
  <preferredOriginID>quakeml:eu.emsc/event/19980120_0000005/origin/1498611</preferredOriginID>
  <preferredMagnitudeID>quakeml:eu.emsc/event/19980120_0000005/origin/1498611/mag/2</preferredMagnitudeID>
  <creationInfo>
    <agencyURI>smi:smi-registry/organization/EMSC</agencyURI>
    <authorURI>smi:smi-registry/organization/EMSC</authorURI>
    <creationTime>2014-12-03T10:22:06.203058Z</creationTime>
  </creationInfo>
  <description>
    <text>GREECE</text>
    <type>Flinn-Engdahl region</type>
  </description>
  <origin publicID="quakeml:eu.emsc/event/19980120_0000005/origin/1498611">
    <time>
      <value>1998-01-20T05:17:02.8Z</value>
      <uncertainty>0.42</uncertainty>
    </time>
    <latitude>
      <value>39.6132</value>
      <uncertainty>11.5</uncertainty>
    </latitude>
    <longitude>
      <value>20.5064</value>
      <uncertainty>7</uncertainty>
    </longitude>
    <depth>
      <value>2000</value>
    </depth>
    <depthType>from location</depthType>
    <methodID>smi:eu.emsc-csem/origin_method/NA</methodID>
    <quality>
      <usedPhaseCount>13</usedPhaseCount>
      <usedStationCount>9</usedStationCount>
      <standardError>1.21</standardError>
      <azimuthalGap>150</azimuthalGap>
      <minimumDistance>0.16</minimumDistance>
      <maximumDistance>2.32</maximumDistance>
    </quality>
    <evaluationMode>manual</evaluationMode>
    <creationInfo>
      <agencyURI>smi:smi-registry/organization/EMSC</agencyURI>
      <authorURI>smi:smi-registry/organization/EMSC</authorURI>
    </creationInfo>
    <originUncertainty>
      <azimuthMaxHorizontalUncertainty>148</azimuthMaxHorizontalUncertainty>
    </originUncertainty>
  </origin>
  <magnitude publicID="quakeml:eu.emsc/event/19980120_0000005/origin/1498611/mag/2">
    <mag>
      <value>2.4</value>
    </mag>
    <type>ML</type>
    <originID>quakeml:eu.emsc/event/19980120_0000005/origin/1498611</originID>
    <creationInfo>
      <agencyURI>smi:smi-registry/organization/EMSC</agencyURI>
      <authorURI>smi:smi-registry/organization/EMSC</authorURI>
    </creationInfo>
  </magnitude>
</event>
<event publicID="quakeml:eu.emsc/event/19980120_0000004">
  <preferredOriginID>quakeml:eu.emsc/event/19980120_0000004/origin/1485788</preferredOriginID>
  <preferredMagnitudeID>quakeml:eu.emsc/event/19980120_0000004/origin/1485788/mag/2</preferredMagnitudeID>
  <creationInfo>
    <agencyURI>smi:smi-registry/organization/EMSC</agencyURI>
    <authorURI>smi:smi-registry/organization/EMSC</authorURI>
    <creationTime>2014-12-11T02:58:02.997306Z</creationTime>
  </creationInfo>
  <description>
    <text>WESTERN IRAN</text>
    <type>Flinn-Engdahl region</type>
  </description>
  <origin publicID="quakeml:eu.emsc/event/19980120_0000004/origin/1485788">
    <time>
      <value>1998-01-20T04:10:12.6Z</value>
    </time>
    <latitude>
      <value>31.371</value>
      <uncertainty>9999.9</uncertainty>
    </latitude>
    <longitude>
      <value>49.119</value>
      <uncertainty>9999.9</uncertainty>
    </longitude>
    <depth>
      <value>33000</value>
    </depth>
    <depthType>from location</depthType>
    <methodID>smi:eu.emsc-csem/origin_method/NA</methodID>
    <quality>
      <usedPhaseCount>13</usedPhaseCount>
      <usedStationCount>12</usedStationCount>
      <standardError>2.31</standardError>
      <azimuthalGap>156</azimuthalGap>
      <minimumDistance>20.47</minimumDistance>
      <maximumDistance>50.24</maximumDistance>
    </quality>
    <evaluationMode>manual</evaluationMode>
    <creationInfo>
      <agencyURI>smi:smi-registry/organization/EMSC</agencyURI>
      <authorURI>smi:smi-registry/organization/EMSC</authorURI>
    </creationInfo>
    <originUncertainty>
      <azimuthMaxHorizontalUncertainty>-99</azimuthMaxHorizontalUncertainty>
    </originUncertainty>
  </origin>
  <magnitude publicID="quakeml:eu.emsc/event/19980120_0000004/origin/1485788/mag/2">
    <mag>
      <value>4.5</value>
    </mag>
    <type>mb</type>
    <originID>quakeml:eu.emsc/event/19980120_0000004/origin/1485788</originID>
    <stationCount>3</stationCount>
    <creationInfo>
      <agencyURI>smi:smi-registry/organization/EMSC</agencyURI>
      <authorURI>smi:smi-registry/organization/EMSC</authorURI>
    </creationInfo>
  </magnitude>
</event>
<event publicID="quakeml:eu.emsc/event/19980120_0000021">
  <preferredOriginID>quakeml:eu.emsc/event/19980120_0000021/origin/1498360</preferredOriginID>
  <preferredMagnitudeID>quakeml:eu.emsc/event/19980120_0000021/origin/1498360/mag/2</preferredMagnitudeID>
  <creationInfo>
    <agencyURI>smi:smi-registry/organization/EMSC</agencyURI>
    <authorURI>smi:smi-registry/organization/EMSC</authorURI>
    <creationTime>2014-12-03T16:53:29.29017Z</creationTime>
  </creationInfo>
  <description>
    <text>NORTHERN ITALY</text>
    <type>Flinn-Engdahl region</type>
  </description>
  <origin publicID="quakeml:eu.emsc/event/19980120_0000021/origin/1498360">
    <time>
      <value>1998-01-20T02:51:17.8Z</value>
      <uncertainty>0.25</uncertainty>
    </time>
    <latitude>
      <value>46.0507</value>
      <uncertainty>5.1</uncertainty>
    </latitude>
    <longitude>
      <value>8.477</value>
      <uncertainty>2.8</uncertainty>
    </longitude>
    <depth>
      <value>5000</value>
    </depth>
    <depthType>from location</depthType>
    <methodID>smi:eu.emsc-csem/origin_method/NA</methodID>
    <quality>
      <usedPhaseCount>23</usedPhaseCount>
      <usedStationCount>12</usedStationCount>
      <standardError>0.63</standardError>
      <azimuthalGap>191</azimuthalGap>
      <minimumDistance>0.28</minimumDistance>
      <maximumDistance>2.02</maximumDistance>
    </quality>
    <evaluationMode>manual</evaluationMode>
    <creationInfo>
      <agencyURI>smi:smi-registry/organization/EMSC</agencyURI>
      <authorURI>smi:smi-registry/organization/EMSC</authorURI>
    </creationInfo>
    <originUncertainty>
      <azimuthMaxHorizontalUncertainty>167</azimuthMaxHorizontalUncertainty>
    </originUncertainty>
  </origin>
  <magnitude publicID="quakeml:eu.emsc/event/19980120_0000021/origin/1498360/mag/2">
    <mag>
      <value>1.8</value>
    </mag>
    <type>ML</type>
    <originID>quakeml:eu.emsc/event/19980120_0000021/origin/1498360</originID>
    <stationCount>17</stationCount>
    <creationInfo>
      <agencyURI>smi:smi-registry/organization/EMSC</agencyURI>
      <authorURI>smi:smi-registry/organization/EMSC</authorURI>
    </creationInfo>
  </magnitude>
</event>
<event publicID="quakeml:eu.emsc/event/19980120_0000003">
  <preferredOriginID>quakeml:eu.emsc/event/19980120_0000003/origin/1498613</preferredOriginID>
  <preferredMagnitudeID>quakeml:eu.emsc/event/19980120_0000003/origin/1498613/mag/2</preferredMagnitudeID>
  <creationInfo>
    <agencyURI>smi:smi-registry/organization/EMSC</agencyURI>
    <authorURI>smi:smi-registry/organization/EMSC</authorURI>
    <creationTime>2014-12-03T11:38:21.449695Z</creationTime>
  </creationInfo>
  <description>
    <text>DODECANESE ISLANDS, GREECE</text>
    <type>Flinn-Engdahl region</type>
  </description>
  <origin publicID="quakeml:eu.emsc/event/19980120_0000003/origin/1498613">
    <time>
      <value>1998-01-20T01:29:32.6Z</value>
      <uncertainty>0.49</uncertainty>
    </time>
    <latitude>
      <value>36.5936</value>
      <uncertainty>15.9</uncertainty>
    </latitude>
    <longitude>
      <value>27.0559</value>
      <uncertainty>13.7</uncertainty>
    </longitude>
    <depth>
      <value>2000</value>
    </depth>
    <depthType>from location</depthType>
    <methodID>smi:eu.emsc-csem/origin_method/NA</methodID>
    <quality>
      <usedPhaseCount>7</usedPhaseCount>
      <usedStationCount>7</usedStationCount>
      <standardError>0.99</standardError>
      <azimuthalGap>108</azimuthalGap>
      <minimumDistance>0.94</minimumDistance>
      <maximumDistance>2.72</maximumDistance>
    </quality>
    <evaluationMode>manual</evaluationMode>
    <creationInfo>
      <agencyURI>smi:smi-registry/organization/EMSC</agencyURI>
      <authorURI>smi:smi-registry/organization/EMSC</authorURI>
    </creationInfo>
    <originUncertainty>
      <azimuthMaxHorizontalUncertainty>168</azimuthMaxHorizontalUncertainty>
    </originUncertainty>
  </origin>
  <magnitude publicID="quakeml:eu.emsc/event/19980120_0000003/origin/1498613/mag/2">
    <mag>
      <value>3.8</value>
    </mag>
    <type>MD</type>
    <originID>quakeml:eu.emsc/event/19980120_0000003/origin/1498613</originID>
    <creationInfo>
      <agencyURI>smi:smi-registry/organization/EMSC</agencyURI>
      <authorURI>smi:smi-registry/organization/EMSC</authorURI>
    </creationInfo>
  </magnitude>
</event>
<event publicID="quakeml:eu.emsc/event/19980120_0000018">
  <preferredOriginID>quakeml:eu.emsc/event/19980120_0000018/origin/1485790</preferredOriginID>
  <preferredMagnitudeID>quakeml:eu.emsc/event/19980120_0000018/origin/1485790/mag/2</preferredMagnitudeID>
  <creationInfo>
    <agencyURI>smi:smi-registry/organization/EMSC</agencyURI>
    <authorURI>smi:smi-registry/organization/EMSC</authorURI>
    <creationTime>2014-12-10T12:52:52.67455Z</creationTime>
  </creationInfo>
  <description>
    <text>GERMANY</text>
    <type>Flinn-Engdahl region</type>
  </description>
  <origin publicID="quakeml:eu.emsc/event/19980120_0000018/origin/1485790">
    <time>
      <value>1998-01-20T01:20:42.9Z</value>
    </time>
    <latitude>
      <value>49.34</value>
      <uncertainty>9999.9</uncertainty>
    </latitude>
    <longitude>
      <value>6.88</value>
      <uncertainty>9999.9</uncertainty>
    </longitude>
    <depth>
      <value>1000</value>
    </depth>
    <depthType>from location</depthType>
    <methodID>smi:eu.emsc-csem/origin_method/NA</methodID>
    <quality>
      <usedPhaseCount>6</usedPhaseCount>
      <usedStationCount>4</usedStationCount>
      <standardError>0.87</standardError>
      <azimuthalGap>211</azimuthalGap>
      <minimumDistance>1.35</minimumDistance>
      <maximumDistance>4.51</maximumDistance>
    </quality>
    <evaluationMode>manual</evaluationMode>
    <creationInfo>
      <agencyURI>smi:smi-registry/organization/EMSC</agencyURI>
      <authorURI>smi:smi-registry/organization/EMSC</authorURI>
    </creationInfo>
    <originUncertainty>
      <azimuthMaxHorizontalUncertainty>-99</azimuthMaxHorizontalUncertainty>
    </originUncertainty>
  </origin>
  <magnitude publicID="quakeml:eu.emsc/event/19980120_0000018/origin/1485790/mag/2">
    <mag>
      <value>2</value>
    </mag>
    <type>ML</type>
    <originID>quakeml:eu.emsc/event/19980120_0000018/origin/1485790</originID>
    <creationInfo>
      <agencyURI>smi:smi-registry/organization/EMSC</agencyURI>
      <authorURI>smi:smi-registry/organization/EMSC</authorURI>
    </creationInfo>
  </magnitude>
</event>
<event publicID="quakeml:eu.emsc/event/19980120_0000002">
  <preferredOriginID>quakeml:eu.emsc/event/19980120_0000002/origin/1498615</preferredOriginID>
  <preferredMagnitudeID>quakeml:eu.emsc/event/19980120_0000002/origin/1498615/mag/2</preferredMagnitudeID>
  <creationInfo>
    <agencyURI>smi:smi-registry/organization/EMSC</agencyURI>
    <authorURI>smi:smi-registry/organization/EMSC</authorURI>
    <creationTime>2014-12-03T12:16:16.807513Z</creationTime>
  </creationInfo>
  <description>
    <text>IONIAN SEA</text>
    <type>Flinn-Engdahl region</type>
  </description>
  <origin publicID="quakeml:eu.emsc/event/19980120_0000002/origin/1498615">
    <time>
      <value>1998-01-20T00:50:23.6Z</value>
      <uncertainty>1.07</uncertainty>
    </time>
    <latitude>
      <value>37.5042</value>
      <uncertainty>27.9</uncertainty>
    </latitude>
    <longitude>
      <value>20.9105</value>
      <uncertainty>10.4</uncertainty>
    </longitude>
    <depth>
      <value>2000</value>
    </depth>
    <depthType>from location</depthType>
    <methodID>smi:eu.emsc-csem/origin_method/NA</methodID>
    <quality>
      <usedPhaseCount>15</usedPhaseCount>
      <usedStationCount>15</usedStationCount>
      <standardError>1.02</standardError>
      <azimuthalGap>224</azimuthalGap>
      <minimumDistance>0.72</minimumDistance>
      <maximumDistance>4.02</maximumDistance>
    </quality>
    <evaluationMode>manual</evaluationMode>
    <creationInfo>
      <agencyURI>smi:smi-registry/organization/EMSC</agencyURI>
      <authorURI>smi:smi-registry/organization/EMSC</authorURI>
    </creationInfo>
    <originUncertainty>
      <azimuthMaxHorizontalUncertainty>52</azimuthMaxHorizontalUncertainty>
    </originUncertainty>
  </origin>
  <magnitude publicID="quakeml:eu.emsc/event/19980120_0000002/origin/1498615/mag/2">
    <mag>
      <value>3.5</value>
    </mag>
    <type>ML</type>
    <originID>quakeml:eu.emsc/event/19980120_0000002/origin/1498615</originID>
    <creationInfo>
      <agencyURI>smi:smi-registry/organization/EMSC</agencyURI>
      <authorURI>smi:smi-registry/organization/EMSC</authorURI>
    </creationInfo>
  </magnitude>
</event>
<event publicID="quakeml:eu.emsc/event/19980120_0000001">
  <preferredOriginID>quakeml:eu.emsc/event/19980120_0000001/origin/1485792</preferredOriginID>
  <preferredMagnitudeID>quakeml:eu.emsc/event/19980120_0000001/origin/1485792/mag/2</preferredMagnitudeID>
  <creationInfo>
    <agencyURI>smi:smi-registry/organization/EMSC</agencyURI>
    <authorURI>smi:smi-registry/organization/EMSC</authorURI>
    <creationTime>2014-12-11T02:48:43.614636Z</creationTime>
  </creationInfo>
  <description>
    <text>NORTHERN IRAN</text>
    <type>Flinn-Engdahl region</type>
  </description>
  <origin publicID="quakeml:eu.emsc/event/19980120_0000001/origin/1485792">
    <time>
      <value>1998-01-20T00:46:58.8Z</value>
    </time>
    <latitude>
      <value>36.391</value>
      <uncertainty>9999.9</uncertainty>
    </latitude>
    <longitude>
      <value>52.189</value>
      <uncertainty>9999.9</uncertainty>
    </longitude>
    <depth>
      <value>33000</value>
    </depth>
    <depthType>from location</depthType>
    <methodID>smi:eu.emsc-csem/origin_method/NA</methodID>
    <quality>
      <usedPhaseCount>9</usedPhaseCount>
      <usedStationCount>9</usedStationCount>
      <standardError>2.01</standardError>
      <azimuthalGap>191</azimuthalGap>
      <minimumDistance>20.5</minimumDistance>
      <maximumDistance>78.06</maximumDistance>
    </quality>
    <evaluationMode>manual</evaluationMode>
    <creationInfo>
      <agencyURI>smi:smi-registry/organization/EMSC</agencyURI>
      <authorURI>smi:smi-registry/organization/EMSC</authorURI>
    </creationInfo>
    <originUncertainty>
      <azimuthMaxHorizontalUncertainty>-99</azimuthMaxHorizontalUncertainty>
    </originUncertainty>
  </origin>
  <magnitude publicID="quakeml:eu.emsc/event/19980120_0000001/origin/1485792/mag/2">
    <mag>
      <value>4.2</value>
    </mag>
    <type>mb</type>
    <originID>quakeml:eu.emsc/event/19980120_0000001/origin/1485792</originID>
    <stationCount>1</stationCount>
    <creationInfo>
      <agencyURI>smi:smi-registry/organization/EMSC</agencyURI>
      <authorURI>smi:smi-registry/organization/EMSC</authorURI>
    </creationInfo>
  </magnitude>
</event>
</eventParameters>
</q:quakeml>
