<?xml version="1.0"?>
<q:quakeml xmlns:q="http://quakeml.org/xmlns/quakeml/1.2"  xmlns="http://quakeml.org/xmlns/bed/1.2">
<eventParameters publicID="smi:eu.emsc/unid">
<event publicID="quakeml:eu.emsc/event/19980804_0000009">
  <preferredOriginID>quakeml:eu.emsc/event/19980804_0000009/origin/1493313</preferredOriginID>
  <preferredMagnitudeID>quakeml:eu.emsc/event/19980804_0000009/origin/1493313/mag/2</preferredMagnitudeID>
  <creationInfo>
    <agencyURI>smi:smi-registry/organization/EMSC</agencyURI>
    <authorURI>smi:smi-registry/organization/EMSC</authorURI>
    <creationTime>2014-12-03T10:23:04.567957Z</creationTime>
  </creationInfo>
  <description>
    <text>DODECANESE ISLANDS, GREECE</text>
    <type>Flinn-Engdahl region</type>
  </description>
  <origin publicID="quakeml:eu.emsc/event/19980804_0000009/origin/1493313">
    <time>
      <value>1998-08-04T23:02:28.6Z</value>
      <uncertainty>0.38</uncertainty>
    </time>
    <latitude>
      <value>36.4913</value>
      <uncertainty>14</uncertainty>
    </latitude>
    <longitude>
      <value>26.9277</value>
      <uncertainty>8.5</uncertainty>
    </longitude>
    <depth>
      <value>100000</value>
    </depth>
    <depthType>from location</depthType>
    <methodID>smi:eu.emsc-csem/origin_method/NA</methodID>
    <quality>
      <usedPhaseCount>15</usedPhaseCount>
      <usedStationCount>15</usedStationCount>
      <standardError>0.9</standardError>
      <azimuthalGap>132</azimuthalGap>
      <minimumDistance>1.01</minimumDistance>
      <maximumDistance>9.57</maximumDistance>
    </quality>
    <evaluationMode>manual</evaluationMode>
    <creationInfo>
      <agencyURI>smi:smi-registry/organization/EMSC</agencyURI>
      <authorURI>smi:smi-registry/organization/EMSC</authorURI>
    </creationInfo>
    <originUncertainty>
      <azimuthMaxHorizontalUncertainty>179</azimuthMaxHorizontalUncertainty>
    </originUncertainty>
  </origin>
  <magnitude publicID="quakeml:eu.emsc/event/19980804_0000009/origin/1493313/mag/2">
    <mag>
      <value>3.6</value>
    </mag>
    <type>MD</type>
    <originID>quakeml:eu.emsc/event/19980804_0000009/origin/1493313</originID>
    <creationInfo>
      <agencyURI>smi:smi-registry/organization/EMSC</agencyURI>
      <authorURI>smi:smi-registry/organization/EMSC</authorURI>
    </creationInfo>
  </magnitude>
</event>
<event publicID="quakeml:eu.emsc/event/19980804_0000015">
  <preferredOriginID>quakeml:eu.emsc/event/19980804_0000015/origin/1483338</preferredOriginID>
  <preferredMagnitudeID>quakeml:eu.emsc/event/19980804_0000015/origin/1483338/mag/2</preferredMagnitudeID>
  <creationInfo>
    <agencyURI>smi:smi-registry/organization/EMSC</agencyURI>
    <authorURI>smi:smi-registry/organization/EMSC</authorURI>
    <creationTime>2014-12-10T19:02:14.93262Z</creationTime>
  </creationInfo>
  <description>
    <text>NORTHERN ITALY</text>
    <type>Flinn-Engdahl region</type>
  </description>
  <origin publicID="quakeml:eu.emsc/event/19980804_0000015/origin/1483338">
    <time>
      <value>1998-08-04T21:09:30.0Z</value>
    </time>
    <latitude>
      <value>44.0497</value>
      <uncertainty>9999.9</uncertainty>
    </latitude>
    <longitude>
      <value>7.9943</value>
      <uncertainty>9999.9</uncertainty>
    </longitude>
    <depth>
      <value>11100.0</value>
    </depth>
    <depthType>from location</depthType>
    <methodID>smi:eu.emsc-csem/origin_method/NA</methodID>
    <quality>
      <usedPhaseCount>7</usedPhaseCount>
      <usedStationCount>4</usedStationCount>
      <standardError>8.55</standardError>
      <azimuthalGap>164</azimuthalGap>
      <minimumDistance>0.16</minimumDistance>
      <maximumDistance>0.26</maximumDistance>
    </quality>
    <evaluationMode>manual</evaluationMode>
    <creationInfo>
      <agencyURI>smi:smi-registry/organization/EMSC</agencyURI>
      <authorURI>smi:smi-registry/organization/EMSC</authorURI>
    </creationInfo>
    <originUncertainty>
      <azimuthMaxHorizontalUncertainty>-99</azimuthMaxHorizontalUncertainty>
    </originUncertainty>
  </origin>
  <magnitude publicID="quakeml:eu.emsc/event/19980804_0000015/origin/1483338/mag/2">
    <mag>
      <value>1.5</value>
    </mag>
    <type>ML</type>
    <originID>quakeml:eu.emsc/event/19980804_0000015/origin/1483338</originID>
    <creationInfo>
      <agencyURI>smi:smi-registry/organization/EMSC</agencyURI>
      <authorURI>smi:smi-registry/organization/EMSC</authorURI>
    </creationInfo>
  </magnitude>
</event>
<event publicID="quakeml:eu.emsc/event/19980804_0000008">
  <preferredOriginID>quakeml:eu.emsc/event/19980804_0000008/origin/1483340</preferredOriginID>
  <preferredMagnitudeID>quakeml:eu.emsc/event/19980804_0000008/origin/1483340/mag/2</preferredMagnitudeID>
  <creationInfo>
    <agencyURI>smi:smi-registry/organization/EMSC</agencyURI>
    <authorURI>smi:smi-registry/organization/EMSC</authorURI>
    <creationTime>2014-12-10T17:57:17.171627Z</creationTime>
  </creationInfo>
  <description>
    <text>ROMANIA</text>
    <type>Flinn-Engdahl region</type>
  </description>
  <origin publicID="quakeml:eu.emsc/event/19980804_0000008/origin/1483340">
    <time>
      <value>1998-08-04T20:52:14.4Z</value>
    </time>
    <latitude>
      <value>45.787</value>
      <uncertainty>9999.9</uncertainty>
    </latitude>
    <longitude>
      <value>26.756</value>
      <uncertainty>9999.9</uncertainty>
    </longitude>
    <depth>
      <value>100600.0</value>
    </depth>
    <depthType>from location</depthType>
    <methodID>smi:eu.emsc-csem/origin_method/NA</methodID>
    <quality>
      <usedPhaseCount>8</usedPhaseCount>
      <usedStationCount>5</usedStationCount>
      <standardError>0.79</standardError>
      <azimuthalGap>175</azimuthalGap>
      <minimumDistance>0.3</minimumDistance>
      <maximumDistance>1.15</maximumDistance>
    </quality>
    <evaluationMode>manual</evaluationMode>
    <creationInfo>
      <agencyURI>smi:smi-registry/organization/EMSC</agencyURI>
      <authorURI>smi:smi-registry/organization/EMSC</authorURI>
    </creationInfo>
    <originUncertainty>
      <azimuthMaxHorizontalUncertainty>-99</azimuthMaxHorizontalUncertainty>
    </originUncertainty>
  </origin>
  <magnitude publicID="quakeml:eu.emsc/event/19980804_0000008/origin/1483340/mag/2">
    <mag>
      <value>3</value>
    </mag>
    <type>MD</type>
    <originID>quakeml:eu.emsc/event/19980804_0000008/origin/1483340</originID>
    <stationCount>5</stationCount>
    <creationInfo>
      <agencyURI>smi:smi-registry/organization/EMSC</agencyURI>
      <authorURI>smi:smi-registry/organization/EMSC</authorURI>
    </creationInfo>
  </magnitude>
</event>
<event publicID="quakeml:eu.emsc/event/19980804_0000013">
  <preferredOriginID>quakeml:eu.emsc/event/19980804_0000013/origin/1483342</preferredOriginID>
  <preferredMagnitudeID>quakeml:eu.emsc/event/19980804_0000013/origin/1483342/mag/2</preferredMagnitudeID>
  <creationInfo>
    <agencyURI>smi:smi-registry/organization/EMSC</agencyURI>
    <authorURI>smi:smi-registry/organization/EMSC</authorURI>
    <creationTime>2014-12-10T19:02:13.576649Z</creationTime>
  </creationInfo>
  <description>
    <text>GERMANY</text>
    <type>Flinn-Engdahl region</type>
  </description>
  <origin publicID="quakeml:eu.emsc/event/19980804_0000013/origin/1483342">
    <time>
      <value>1998-08-04T19:14:07.4Z</value>
    </time>
    <latitude>
      <value>51.63</value>
      <uncertainty>9999.9</uncertainty>
    </latitude>
    <longitude>
      <value>7.78</value>
      <uncertainty>9999.9</uncertainty>
    </longitude>
    <depth>
      <value>1000</value>
    </depth>
    <depthType>from location</depthType>
    <methodID>smi:eu.emsc-csem/origin_method/NA</methodID>
    <quality>
      <usedPhaseCount>21</usedPhaseCount>
      <usedStationCount>9</usedStationCount>
      <standardError>1.09</standardError>
      <azimuthalGap>118</azimuthalGap>
      <minimumDistance>0.37</minimumDistance>
      <maximumDistance>3.32</maximumDistance>
    </quality>
    <evaluationMode>manual</evaluationMode>
    <creationInfo>
      <agencyURI>smi:smi-registry/organization/EMSC</agencyURI>
      <authorURI>smi:smi-registry/organization/EMSC</authorURI>
    </creationInfo>
    <originUncertainty>
      <azimuthMaxHorizontalUncertainty>-99</azimuthMaxHorizontalUncertainty>
    </originUncertainty>
  </origin>
  <magnitude publicID="quakeml:eu.emsc/event/19980804_0000013/origin/1483342/mag/2">
    <mag>
      <value>2.7</value>
    </mag>
    <type>ML</type>
    <originID>quakeml:eu.emsc/event/19980804_0000013/origin/1483342</originID>
    <creationInfo>
      <agencyURI>smi:smi-registry/organization/EMSC</agencyURI>
      <authorURI>smi:smi-registry/organization/EMSC</authorURI>
    </creationInfo>
  </magnitude>
</event>
<event publicID="quakeml:eu.emsc/event/19980804_0000007">
  <preferredOriginID>quakeml:eu.emsc/event/19980804_0000007/origin/1493321</preferredOriginID>
  <preferredMagnitudeID>quakeml:eu.emsc/event/19980804_0000007/origin/1493321/mag/1</preferredMagnitudeID>
  <creationInfo>
    <agencyURI>smi:smi-registry/organization/EMSC</agencyURI>
    <authorURI>smi:smi-registry/organization/EMSC</authorURI>
    <creationTime>2014-12-03T11:59:49.51495Z</creationTime>
  </creationInfo>
  <description>
    <text>EASTERN MEDITERRANEAN SEA</text>
    <type>Flinn-Engdahl region</type>
  </description>
  <origin publicID="quakeml:eu.emsc/event/19980804_0000007/origin/1493321">
    <time>
      <value>1998-08-04T17:31:54.2Z</value>
      <uncertainty>0.18</uncertainty>
    </time>
    <latitude>
      <value>35.4183</value>
      <uncertainty>7.1</uncertainty>
    </latitude>
    <longitude>
      <value>29.5848</value>
      <uncertainty>3.4</uncertainty>
    </longitude>
    <depth>
      <value>51400.0</value>
      <uncertainty>3.5</uncertainty>
    </depth>
    <depthType>from location</depthType>
    <methodID>smi:eu.emsc-csem/origin_method/NA</methodID>
    <quality>
      <usedPhaseCount>68</usedPhaseCount>
      <usedStationCount>65</usedStationCount>
      <standardError>0.91</standardError>
      <azimuthalGap>119</azimuthalGap>
      <minimumDistance>1.35</minimumDistance>
      <maximumDistance>42.2</maximumDistance>
    </quality>
    <evaluationMode>manual</evaluationMode>
    <creationInfo>
      <agencyURI>smi:smi-registry/organization/EMSC</agencyURI>
      <authorURI>smi:smi-registry/organization/EMSC</authorURI>
    </creationInfo>
    <originUncertainty>
      <azimuthMaxHorizontalUncertainty>50</azimuthMaxHorizontalUncertainty>
    </originUncertainty>
  </origin>
  <magnitude publicID="quakeml:eu.emsc/event/19980804_0000007/origin/1493321/mag/1">
    <mag>
      <value>4.2</value>
      <uncertainty>0.3</uncertainty>
    </mag>
    <type>mb</type>
    <originID>quakeml:eu.emsc/event/19980804_0000007/origin/1493321</originID>
    <stationCount>8</stationCount>
    <creationInfo>
      <agencyURI>smi:smi-registry/organization/EMSC</agencyURI>
      <authorURI>smi:smi-registry/organization/EMSC</authorURI>
    </creationInfo>
  </magnitude>
</event>
<event publicID="quakeml:eu.emsc/event/19980804_0000006">
  <preferredOriginID>quakeml:eu.emsc/event/19980804_0000006/origin/1493458</preferredOriginID>
  <preferredMagnitudeID>quakeml:eu.emsc/event/19980804_0000006/origin/1493458/mag/2</preferredMagnitudeID>
  <creationInfo>
    <agencyURI>smi:smi-registry/organization/EMSC</agencyURI>
    <authorURI>smi:smi-registry/organization/EMSC</authorURI>
    <creationTime>2014-12-03T11:49:41.551408Z</creationTime>
  </creationInfo>
  <description>
    <text>ALBANIA</text>
    <type>Flinn-Engdahl region</type>
  </description>
  <origin publicID="quakeml:eu.emsc/event/19980804_0000006/origin/1493458">
    <time>
      <value>1998-08-04T15:58:29.6Z</value>
      <uncertainty>0.09</uncertainty>
    </time>
    <latitude>
      <value>41.9796</value>
      <uncertainty>3</uncertainty>
    </latitude>
    <longitude>
      <value>20.1821</value>
      <uncertainty>1.9</uncertainty>
    </longitude>
    <depth>
      <value>2000</value>
    </depth>
    <depthType>from location</depthType>
    <methodID>smi:eu.emsc-csem/origin_method/NA</methodID>
    <quality>
      <usedPhaseCount>111</usedPhaseCount>
      <usedStationCount>82</usedStationCount>
      <standardError>0.94</standardError>
      <azimuthalGap>79</azimuthalGap>
      <minimumDistance>0.35</minimumDistance>
      <maximumDistance>12.77</maximumDistance>
    </quality>
    <evaluationMode>manual</evaluationMode>
    <creationInfo>
      <agencyURI>smi:smi-registry/organization/EMSC</agencyURI>
      <authorURI>smi:smi-registry/organization/EMSC</authorURI>
    </creationInfo>
    <originUncertainty>
      <azimuthMaxHorizontalUncertainty>26</azimuthMaxHorizontalUncertainty>
    </originUncertainty>
  </origin>
  <magnitude publicID="quakeml:eu.emsc/event/19980804_0000006/origin/1493458/mag/2">
    <mag>
      <value>3.7</value>
    </mag>
    <type>MD</type>
    <originID>quakeml:eu.emsc/event/19980804_0000006/origin/1493458</originID>
    <creationInfo>
      <agencyURI>smi:smi-registry/organization/EMSC</agencyURI>
      <authorURI>smi:smi-registry/organization/EMSC</authorURI>
    </creationInfo>
  </magnitude>
</event>
<event publicID="quakeml:eu.emsc/event/19980804_0000005">
  <preferredOriginID>quakeml:eu.emsc/event/19980804_0000005/origin/1483344</preferredOriginID>
  <preferredMagnitudeID>quakeml:eu.emsc/event/19980804_0000005/origin/1483344/mag/2</preferredMagnitudeID>
  <creationInfo>
    <agencyURI>smi:smi-registry/organization/EMSC</agencyURI>
    <authorURI>smi:smi-registry/organization/EMSC</authorURI>
    <creationTime>2014-12-10T17:55:46.511611Z</creationTime>
  </creationInfo>
  <description>
    <text>JORDAN</text>
    <type>Flinn-Engdahl region</type>
  </description>
  <origin publicID="quakeml:eu.emsc/event/19980804_0000005/origin/1483344">
    <time>
      <value>1998-08-04T14:28:04.0Z</value>
    </time>
    <latitude>
      <value>30.16</value>
      <uncertainty>9999.9</uncertainty>
    </latitude>
    <longitude>
      <value>36.51</value>
      <uncertainty>9999.9</uncertainty>
    </longitude>
    <depth>
      <value>35000</value>
    </depth>
    <depthType>from location</depthType>
    <methodID>smi:eu.emsc-csem/origin_method/NA</methodID>
    <quality>
      <usedPhaseCount>7</usedPhaseCount>
      <usedStationCount>4</usedStationCount>
      <standardError>1.85</standardError>
      <azimuthalGap>323</azimuthalGap>
      <minimumDistance>1.36</minimumDistance>
      <maximumDistance>1.98</maximumDistance>
    </quality>
    <evaluationMode>manual</evaluationMode>
    <creationInfo>
      <agencyURI>smi:smi-registry/organization/EMSC</agencyURI>
      <authorURI>smi:smi-registry/organization/EMSC</authorURI>
    </creationInfo>
    <originUncertainty>
      <azimuthMaxHorizontalUncertainty>-99</azimuthMaxHorizontalUncertainty>
    </originUncertainty>
  </origin>
  <magnitude publicID="quakeml:eu.emsc/event/19980804_0000005/origin/1483344/mag/2">
    <mag>
      <value>3</value>
    </mag>
    <type>MD</type>
    <originID>quakeml:eu.emsc/event/19980804_0000005/origin/1483344</originID>
    <creationInfo>
      <agencyURI>smi:smi-registry/organization/EMSC</agencyURI>
      <authorURI>smi:smi-registry/organization/EMSC</authorURI>
    </creationInfo>
  </magnitude>
</event>
<event publicID="quakeml:eu.emsc/event/19980804_0000012">
  <preferredOriginID>quakeml:eu.emsc/event/19980804_0000012/origin/1492814</preferredOriginID>
  <preferredMagnitudeID>quakeml:eu.emsc/event/19980804_0000012/origin/1492814/mag/1</preferredMagnitudeID>
  <creationInfo>
    <agencyURI>smi:smi-registry/organization/EMSC</agencyURI>
    <authorURI>smi:smi-registry/organization/EMSC</authorURI>
    <creationTime>2014-12-03T15:41:01.676354Z</creationTime>
  </creationInfo>
  <description>
    <text>NORTHERN ITALY</text>
    <type>Flinn-Engdahl region</type>
  </description>
  <origin publicID="quakeml:eu.emsc/event/19980804_0000012/origin/1492814">
    <time>
      <value>1998-08-04T12:23:16.1Z</value>
      <uncertainty>0.39</uncertainty>
    </time>
    <latitude>
      <value>44.3279</value>
      <uncertainty>8.2</uncertainty>
    </latitude>
    <longitude>
      <value>7.5306</value>
      <uncertainty>3.5</uncertainty>
    </longitude>
    <depth>
      <value>15000</value>
    </depth>
    <depthType>from location</depthType>
    <methodID>smi:eu.emsc-csem/origin_method/NA</methodID>
    <quality>
      <usedPhaseCount>14</usedPhaseCount>
      <usedStationCount>8</usedStationCount>
      <standardError>0.52</standardError>
      <azimuthalGap>230</azimuthalGap>
      <minimumDistance>0.34</minimumDistance>
      <maximumDistance>1.24</maximumDistance>
    </quality>
    <evaluationMode>manual</evaluationMode>
    <creationInfo>
      <agencyURI>smi:smi-registry/organization/EMSC</agencyURI>
      <authorURI>smi:smi-registry/organization/EMSC</authorURI>
    </creationInfo>
    <originUncertainty>
      <azimuthMaxHorizontalUncertainty>70</azimuthMaxHorizontalUncertainty>
    </originUncertainty>
  </origin>
  <magnitude publicID="quakeml:eu.emsc/event/19980804_0000012/origin/1492814/mag/1">
    <mag>
      <value>1.9</value>
      <uncertainty>0.6</uncertainty>
    </mag>
    <type>ML</type>
    <originID>quakeml:eu.emsc/event/19980804_0000012/origin/1492814</originID>
    <stationCount>4</stationCount>
    <creationInfo>
      <agencyURI>smi:smi-registry/organization/EMSC</agencyURI>
      <authorURI>smi:smi-registry/organization/EMSC</authorURI>
    </creationInfo>
  </magnitude>
</event>
<event publicID="quakeml:eu.emsc/event/19980804_0000004">
  <preferredOriginID>quakeml:eu.emsc/event/19980804_0000004/origin/1493462</preferredOriginID>
  <preferredMagnitudeID>quakeml:eu.emsc/event/19980804_0000004/origin/1493462/mag/3</preferredMagnitudeID>
  <creationInfo>
    <agencyURI>smi:smi-registry/organization/EMSC</agencyURI>
    <authorURI>smi:smi-registry/organization/EMSC</authorURI>
    <creationTime>2014-12-03T11:36:14.131895Z</creationTime>
  </creationInfo>
  <description>
    <text>NORTHEASTERN IRAN</text>
    <type>Flinn-Engdahl region</type>
  </description>
  <origin publicID="quakeml:eu.emsc/event/19980804_0000004/origin/1493462">
    <time>
      <value>1998-08-04T11:41:58.7Z</value>
      <uncertainty>0.25</uncertainty>
    </time>
    <latitude>
      <value>37.68</value>
      <uncertainty>11.2</uncertainty>
    </latitude>
    <longitude>
      <value>57.239</value>
      <uncertainty>5.7</uncertainty>
    </longitude>
    <depth>
      <value>9600.0</value>
    </depth>
    <depthType>from location</depthType>
    <methodID>smi:eu.emsc-csem/origin_method/NA</methodID>
    <quality>
      <usedPhaseCount>113</usedPhaseCount>
      <usedStationCount>112</usedStationCount>
      <standardError>0.87</standardError>
      <azimuthalGap>177</azimuthalGap>
      <minimumDistance>11.05</minimumDistance>
      <maximumDistance>63.96</maximumDistance>
    </quality>
    <evaluationMode>manual</evaluationMode>
    <creationInfo>
      <agencyURI>smi:smi-registry/organization/EMSC</agencyURI>
      <authorURI>smi:smi-registry/organization/EMSC</authorURI>
    </creationInfo>
    <originUncertainty>
      <azimuthMaxHorizontalUncertainty>165</azimuthMaxHorizontalUncertainty>
    </originUncertainty>
  </origin>
  <magnitude publicID="quakeml:eu.emsc/event/19980804_0000004/origin/1493462/mag/3">
    <mag>
      <value>4.9</value>
      <uncertainty>0.2</uncertainty>
    </mag>
    <type>mb</type>
    <originID>quakeml:eu.emsc/event/19980804_0000004/origin/1493462</originID>
    <stationCount>36</stationCount>
    <creationInfo>
      <agencyURI>smi:smi-registry/organization/EMSC</agencyURI>
      <authorURI>smi:smi-registry/organization/EMSC</authorURI>
    </creationInfo>
  </magnitude>
</event>
<event publicID="quakeml:eu.emsc/event/19980804_0000003">
  <preferredOriginID>quakeml:eu.emsc/event/19980804_0000003/origin/1493464</preferredOriginID>
  <creationInfo>
    <agencyURI>smi:smi-registry/organization/EMSC</agencyURI>
    <authorURI>smi:smi-registry/organization/EMSC</authorURI>
    <creationTime>2014-12-03T11:18:09.418486Z</creationTime>
  </creationInfo>
  <description>
    <text>POLAND</text>
    <type>Flinn-Engdahl region</type>
  </description>
  <origin publicID="quakeml:eu.emsc/event/19980804_0000003/origin/1493464">
    <time>
      <value>1998-08-04T11:13:36.6Z</value>
      <uncertainty>0.59</uncertainty>
    </time>
    <latitude>
      <value>51.4282</value>
      <uncertainty>11.1</uncertainty>
    </latitude>
    <longitude>
      <value>16.1849</value>
      <uncertainty>5.9</uncertainty>
    </longitude>
    <depth>
      <value>2000</value>
    </depth>
    <depthType>from location</depthType>
    <methodID>smi:eu.emsc-csem/origin_method/NA</methodID>
    <quality>
      <usedPhaseCount>15</usedPhaseCount>
      <usedStationCount>9</usedStationCount>
      <standardError>0.84</standardError>
      <azimuthalGap>226</azimuthalGap>
      <minimumDistance>0.59</minimumDistance>
      <maximumDistance>3.79</maximumDistance>
    </quality>
    <evaluationMode>manual</evaluationMode>
    <creationInfo>
      <agencyURI>smi:smi-registry/organization/EMSC</agencyURI>
      <authorURI>smi:smi-registry/organization/EMSC</authorURI>
    </creationInfo>
    <originUncertainty>
      <azimuthMaxHorizontalUncertainty>176</azimuthMaxHorizontalUncertainty>
    </originUncertainty>
  </origin>
</event>
<event publicID="quakeml:eu.emsc/event/19980804_0000011">
  <preferredOriginID>quakeml:eu.emsc/event/19980804_0000011/origin/1492817</preferredOriginID>
  <preferredMagnitudeID>quakeml:eu.emsc/event/19980804_0000011/origin/1492817/mag/1</preferredMagnitudeID>
  <creationInfo>
    <agencyURI>smi:smi-registry/organization/EMSC</agencyURI>
    <authorURI>smi:smi-registry/organization/EMSC</authorURI>
    <creationTime>2014-12-03T15:18:57.35767Z</creationTime>
  </creationInfo>
  <description>
    <text>NORTHERN ITALY</text>
    <type>Flinn-Engdahl region</type>
  </description>
  <origin publicID="quakeml:eu.emsc/event/19980804_0000011/origin/1492817">
    <time>
      <value>1998-08-04T09:46:40.2Z</value>
      <uncertainty>0.56</uncertainty>
    </time>
    <latitude>
      <value>44.3146</value>
      <uncertainty>11.4</uncertainty>
    </latitude>
    <longitude>
      <value>7.6041</value>
      <uncertainty>3.8</uncertainty>
    </longitude>
    <depth>
      <value>10000</value>
    </depth>
    <depthType>from location</depthType>
    <methodID>smi:eu.emsc-csem/origin_method/NA</methodID>
    <quality>
      <usedPhaseCount>15</usedPhaseCount>
      <usedStationCount>8</usedStationCount>
      <standardError>0.73</standardError>
      <azimuthalGap>241</azimuthalGap>
      <minimumDistance>0.33</minimumDistance>
      <maximumDistance>1.37</maximumDistance>
    </quality>
    <evaluationMode>manual</evaluationMode>
    <creationInfo>
      <agencyURI>smi:smi-registry/organization/EMSC</agencyURI>
      <authorURI>smi:smi-registry/organization/EMSC</authorURI>
    </creationInfo>
    <originUncertainty>
      <azimuthMaxHorizontalUncertainty>73</azimuthMaxHorizontalUncertainty>
    </originUncertainty>
  </origin>
  <magnitude publicID="quakeml:eu.emsc/event/19980804_0000011/origin/1492817/mag/1">
    <mag>
      <value>1.8</value>
      <uncertainty>0.3</uncertainty>
    </mag>
    <type>ML</type>
    <originID>quakeml:eu.emsc/event/19980804_0000011/origin/1492817</originID>
    <stationCount>4</stationCount>
    <creationInfo>
      <agencyURI>smi:smi-registry/organization/EMSC</agencyURI>
      <authorURI>smi:smi-registry/organization/EMSC</authorURI>
    </creationInfo>
  </magnitude>
</event>
<event publicID="quakeml:eu.emsc/event/19980804_0000002">
  <preferredOriginID>quakeml:eu.emsc/event/19980804_0000002/origin/1493325</preferredOriginID>
  <preferredMagnitudeID>quakeml:eu.emsc/event/19980804_0000002/origin/1493325/mag/2</preferredMagnitudeID>
  <creationInfo>
    <agencyURI>smi:smi-registry/organization/EMSC</agencyURI>
    <authorURI>smi:smi-registry/organization/EMSC</authorURI>
    <creationTime>2014-12-03T11:04:34.387504Z</creationTime>
  </creationInfo>
  <description>
    <text>IONIAN SEA</text>
    <type>Flinn-Engdahl region</type>
  </description>
  <origin publicID="quakeml:eu.emsc/event/19980804_0000002/origin/1493325">
    <time>
      <value>1998-08-04T09:32:24.4Z</value>
      <uncertainty>0.33</uncertainty>
    </time>
    <latitude>
      <value>37.4721</value>
      <uncertainty>9</uncertainty>
    </latitude>
    <longitude>
      <value>18.1806</value>
      <uncertainty>5.3</uncertainty>
    </longitude>
    <depth>
      <value>10000</value>
    </depth>
    <depthType>from location</depthType>
    <methodID>smi:eu.emsc-csem/origin_method/NA</methodID>
    <quality>
      <usedPhaseCount>29</usedPhaseCount>
      <usedStationCount>25</usedStationCount>
      <standardError>0.97</standardError>
      <azimuthalGap>162</azimuthalGap>
      <minimumDistance>1.79</minimumDistance>
      <maximumDistance>5.92</maximumDistance>
    </quality>
    <evaluationMode>manual</evaluationMode>
    <creationInfo>
      <agencyURI>smi:smi-registry/organization/EMSC</agencyURI>
      <authorURI>smi:smi-registry/organization/EMSC</authorURI>
    </creationInfo>
    <originUncertainty>
      <azimuthMaxHorizontalUncertainty>175</azimuthMaxHorizontalUncertainty>
    </originUncertainty>
  </origin>
  <magnitude publicID="quakeml:eu.emsc/event/19980804_0000002/origin/1493325/mag/2">
    <mag>
      <value>3.1</value>
    </mag>
    <type>ML</type>
    <originID>quakeml:eu.emsc/event/19980804_0000002/origin/1493325</originID>
    <stationCount>11</stationCount>
    <creationInfo>
      <agencyURI>smi:smi-registry/organization/EMSC</agencyURI>
      <authorURI>smi:smi-registry/organization/EMSC</authorURI>
    </creationInfo>
  </magnitude>
</event>
<event publicID="quakeml:eu.emsc/event/19980804_0000014">
  <preferredOriginID>quakeml:eu.emsc/event/19980804_0000014/origin/1487792</preferredOriginID>
  <preferredMagnitudeID>quakeml:eu.emsc/event/19980804_0000014/origin/1487792/mag/2</preferredMagnitudeID>
  <creationInfo>
    <agencyURI>smi:smi-registry/organization/EMSC</agencyURI>
    <authorURI>smi:smi-registry/organization/EMSC</authorURI>
    <creationTime>2014-12-10T19:02:12.97071Z</creationTime>
  </creationInfo>
  <description>
    <text>GERMANY</text>
    <type>Flinn-Engdahl region</type>
  </description>
  <origin publicID="quakeml:eu.emsc/event/19980804_0000014/origin/1487792">
    <time>
      <value>1998-08-04T09:22:57.9Z</value>
    </time>
    <latitude>
      <value>49.75</value>
      <uncertainty>9999.9</uncertainty>
    </latitude>
    <longitude>
      <value>8.55</value>
      <uncertainty>9999.9</uncertainty>
    </longitude>
    <depth>
      <value>10000</value>
    </depth>
    <depthType>from location</depthType>
    <methodID>smi:eu.emsc-csem/origin_method/NA</methodID>
    <quality>
      <usedPhaseCount>36</usedPhaseCount>
      <usedStationCount>24</usedStationCount>
      <standardError>1.18</standardError>
      <azimuthalGap>52</azimuthalGap>
      <minimumDistance>0.22</minimumDistance>
      <maximumDistance>3.64</maximumDistance>
    </quality>
    <evaluationMode>manual</evaluationMode>
    <creationInfo>
      <agencyURI>smi:smi-registry/organization/EMSC</agencyURI>
      <authorURI>smi:smi-registry/organization/EMSC</authorURI>
    </creationInfo>
    <originUncertainty>
      <azimuthMaxHorizontalUncertainty>-99</azimuthMaxHorizontalUncertainty>
    </originUncertainty>
  </origin>
  <magnitude publicID="quakeml:eu.emsc/event/19980804_0000014/origin/1487792/mag/2">
    <mag>
      <value>2.2</value>
    </mag>
    <type>ML</type>
    <originID>quakeml:eu.emsc/event/19980804_0000014/origin/1487792</originID>
    <creationInfo>
      <agencyURI>smi:smi-registry/organization/EMSC</agencyURI>
      <authorURI>smi:smi-registry/organization/EMSC</authorURI>
    </creationInfo>
  </magnitude>
</event>
<event publicID="quakeml:eu.emsc/event/19980804_0000001">
  <preferredOriginID>quakeml:eu.emsc/event/19980804_0000001/origin/1483346</preferredOriginID>
  <preferredMagnitudeID>quakeml:eu.emsc/event/19980804_0000001/origin/1483346/mag/2</preferredMagnitudeID>
  <creationInfo>
    <agencyURI>smi:smi-registry/organization/EMSC</agencyURI>
    <authorURI>smi:smi-registry/organization/EMSC</authorURI>
    <creationTime>2014-12-10T17:53:30.153286Z</creationTime>
  </creationInfo>
  <description>
    <text>JORDAN</text>
    <type>Flinn-Engdahl region</type>
  </description>
  <origin publicID="quakeml:eu.emsc/event/19980804_0000001/origin/1483346">
    <time>
      <value>1998-08-04T08:50:23.5Z</value>
    </time>
    <latitude>
      <value>30.21</value>
      <uncertainty>9999.9</uncertainty>
    </latitude>
    <longitude>
      <value>36.59</value>
      <uncertainty>9999.9</uncertainty>
    </longitude>
    <depth>
      <value>35000</value>
    </depth>
    <depthType>from location</depthType>
    <methodID>smi:eu.emsc-csem/origin_method/NA</methodID>
    <quality>
      <usedPhaseCount>9</usedPhaseCount>
      <usedStationCount>5</usedStationCount>
      <standardError>1.81</standardError>
      <azimuthalGap>325</azimuthalGap>
      <minimumDistance>1.43</minimumDistance>
      <maximumDistance>2.07</maximumDistance>
    </quality>
    <evaluationMode>manual</evaluationMode>
    <creationInfo>
      <agencyURI>smi:smi-registry/organization/EMSC</agencyURI>
      <authorURI>smi:smi-registry/organization/EMSC</authorURI>
    </creationInfo>
    <originUncertainty>
      <azimuthMaxHorizontalUncertainty>-99</azimuthMaxHorizontalUncertainty>
    </originUncertainty>
  </origin>
  <magnitude publicID="quakeml:eu.emsc/event/19980804_0000001/origin/1483346/mag/2">
    <mag>
      <value>3.1</value>
    </mag>
    <type>MD</type>
    <originID>quakeml:eu.emsc/event/19980804_0000001/origin/1483346</originID>
    <creationInfo>
      <agencyURI>smi:smi-registry/organization/EMSC</agencyURI>
      <authorURI>smi:smi-registry/organization/EMSC</authorURI>
    </creationInfo>
  </magnitude>
</event>
</eventParameters>
</q:quakeml>
