<?xml version="1.0"?>
<q:quakeml xmlns:q="http://quakeml.org/xmlns/quakeml/1.2"  xmlns="http://quakeml.org/xmlns/bed/1.2">
<eventParameters publicID="smi:eu.emsc/unid">
<event publicID="quakeml:eu.emsc/event/19980220_0000022">
  <preferredOriginID>quakeml:eu.emsc/event/19980220_0000022/origin/1485410</preferredOriginID>
  <preferredMagnitudeID>quakeml:eu.emsc/event/19980220_0000022/origin/1485410/mag/2</preferredMagnitudeID>
  <creationInfo>
    <agencyURI>smi:smi-registry/organization/EMSC</agencyURI>
    <authorURI>smi:smi-registry/organization/EMSC</authorURI>
    <creationTime>2014-12-10T12:53:42.384253Z</creationTime>
  </creationInfo>
  <description>
    <text>GERMANY</text>
    <type>Flinn-Engdahl region</type>
  </description>
  <origin publicID="quakeml:eu.emsc/event/19980220_0000022/origin/1485410">
    <time>
      <value>1998-02-20T21:16:35.4Z</value>
    </time>
    <latitude>
      <value>49.35</value>
      <uncertainty>9999.9</uncertainty>
    </latitude>
    <longitude>
      <value>6.9</value>
      <uncertainty>9999.9</uncertainty>
    </longitude>
    <depth>
      <value>1000</value>
    </depth>
    <depthType>from location</depthType>
    <methodID>smi:eu.emsc-csem/origin_method/NA</methodID>
    <quality>
      <usedPhaseCount>27</usedPhaseCount>
      <usedStationCount>15</usedStationCount>
      <standardError>1.16</standardError>
      <azimuthalGap>202</azimuthalGap>
      <minimumDistance>0.37</minimumDistance>
      <maximumDistance>4.5</maximumDistance>
    </quality>
    <evaluationMode>manual</evaluationMode>
    <creationInfo>
      <agencyURI>smi:smi-registry/organization/EMSC</agencyURI>
      <authorURI>smi:smi-registry/organization/EMSC</authorURI>
    </creationInfo>
    <originUncertainty>
      <azimuthMaxHorizontalUncertainty>-99</azimuthMaxHorizontalUncertainty>
    </originUncertainty>
  </origin>
  <magnitude publicID="quakeml:eu.emsc/event/19980220_0000022/origin/1485410/mag/2">
    <mag>
      <value>2</value>
    </mag>
    <type>ML</type>
    <originID>quakeml:eu.emsc/event/19980220_0000022/origin/1485410</originID>
    <creationInfo>
      <agencyURI>smi:smi-registry/organization/EMSC</agencyURI>
      <authorURI>smi:smi-registry/organization/EMSC</authorURI>
    </creationInfo>
  </magnitude>
</event>
<event publicID="quakeml:eu.emsc/event/19980220_0000018">
  <preferredOriginID>quakeml:eu.emsc/event/19980220_0000018/origin/1973447</preferredOriginID>
  <preferredMagnitudeID>quakeml:eu.emsc/event/19980220_0000018/origin/1973447/mag/2</preferredMagnitudeID>
  <creationInfo>
    <agencyURI>smi:smi-registry/organization/EMSC</agencyURI>
    <authorURI>smi:smi-registry/organization/EMSC</authorURI>
    <creationTime>2014-12-11T09:34:20.108672Z</creationTime>
  </creationInfo>
  <description>
    <text>SOUTHERN ITALY</text>
    <type>Flinn-Engdahl region</type>
  </description>
  <origin publicID="quakeml:eu.emsc/event/19980220_0000018/origin/1973447">
    <time>
      <value>1998-02-20T20:06:34.7Z</value>
    </time>
    <latitude>
      <value>39.257</value>
      <uncertainty>9999.9</uncertainty>
    </latitude>
    <longitude>
      <value>16.322</value>
      <uncertainty>9999.9</uncertainty>
    </longitude>
    <depth>
      <value>5000</value>
    </depth>
    <depthType>from location</depthType>
    <methodID>smi:eu.emsc-csem/origin_method/NA</methodID>
    <quality>
      <usedPhaseCount>20</usedPhaseCount>
      <usedStationCount>13</usedStationCount>
      <standardError>1.32</standardError>
      <azimuthalGap>147</azimuthalGap>
      <minimumDistance>0.4</minimumDistance>
      <maximumDistance>1.75</maximumDistance>
    </quality>
    <evaluationMode>manual</evaluationMode>
    <creationInfo>
      <agencyURI>smi:smi-registry/organization/EMSC</agencyURI>
      <authorURI>smi:smi-registry/organization/EMSC</authorURI>
    </creationInfo>
    <originUncertainty>
      <azimuthMaxHorizontalUncertainty>-99</azimuthMaxHorizontalUncertainty>
    </originUncertainty>
  </origin>
  <magnitude publicID="quakeml:eu.emsc/event/19980220_0000018/origin/1973447/mag/2">
    <mag>
      <value>2.5</value>
    </mag>
    <type>ML</type>
    <originID>quakeml:eu.emsc/event/19980220_0000018/origin/1973447</originID>
    <stationCount>7</stationCount>
    <creationInfo>
      <agencyURI>smi:smi-registry/organization/EMSC</agencyURI>
      <authorURI>smi:smi-registry/organization/EMSC</authorURI>
    </creationInfo>
  </magnitude>
</event>
<event publicID="quakeml:eu.emsc/event/19980220_0000016">
  <preferredOriginID>quakeml:eu.emsc/event/19980220_0000016/origin/1497502</preferredOriginID>
  <preferredMagnitudeID>quakeml:eu.emsc/event/19980220_0000016/origin/1497502/mag/1</preferredMagnitudeID>
  <creationInfo>
    <agencyURI>smi:smi-registry/organization/EMSC</agencyURI>
    <authorURI>smi:smi-registry/organization/EMSC</authorURI>
    <creationTime>2014-12-03T15:31:25.126813Z</creationTime>
  </creationInfo>
  <description>
    <text>NORTHERN ITALY</text>
    <type>Flinn-Engdahl region</type>
  </description>
  <origin publicID="quakeml:eu.emsc/event/19980220_0000016/origin/1497502">
    <time>
      <value>1998-02-20T19:37:26.6Z</value>
      <uncertainty>0.06</uncertainty>
    </time>
    <latitude>
      <value>44.5183</value>
      <uncertainty>1.4</uncertainty>
    </latitude>
    <longitude>
      <value>7.2383</value>
      <uncertainty>0.9</uncertainty>
    </longitude>
    <depth>
      <value>12000</value>
    </depth>
    <depthType>from location</depthType>
    <methodID>smi:eu.emsc-csem/origin_method/NA</methodID>
    <quality>
      <usedPhaseCount>51</usedPhaseCount>
      <usedStationCount>27</usedStationCount>
      <standardError>0.45</standardError>
      <azimuthalGap>79</azimuthalGap>
      <minimumDistance>0.1</minimumDistance>
      <maximumDistance>2.24</maximumDistance>
    </quality>
    <evaluationMode>manual</evaluationMode>
    <creationInfo>
      <agencyURI>smi:smi-registry/organization/EMSC</agencyURI>
      <authorURI>smi:smi-registry/organization/EMSC</authorURI>
    </creationInfo>
    <originUncertainty>
      <azimuthMaxHorizontalUncertainty>61</azimuthMaxHorizontalUncertainty>
    </originUncertainty>
  </origin>
  <magnitude publicID="quakeml:eu.emsc/event/19980220_0000016/origin/1497502/mag/1">
    <mag>
      <value>1.8</value>
      <uncertainty>0.3</uncertainty>
    </mag>
    <type>ML</type>
    <originID>quakeml:eu.emsc/event/19980220_0000016/origin/1497502</originID>
    <stationCount>10</stationCount>
    <creationInfo>
      <agencyURI>smi:smi-registry/organization/EMSC</agencyURI>
      <authorURI>smi:smi-registry/organization/EMSC</authorURI>
    </creationInfo>
  </magnitude>
</event>
<event publicID="quakeml:eu.emsc/event/19980220_0000013">
  <preferredOriginID>quakeml:eu.emsc/event/19980220_0000013/origin/1497815</preferredOriginID>
  <preferredMagnitudeID>quakeml:eu.emsc/event/19980220_0000013/origin/1497815/mag/2</preferredMagnitudeID>
  <creationInfo>
    <agencyURI>smi:smi-registry/organization/EMSC</agencyURI>
    <authorURI>smi:smi-registry/organization/EMSC</authorURI>
    <creationTime>2014-12-03T11:53:35.74076Z</creationTime>
  </creationInfo>
  <description>
    <text>GREECE</text>
    <type>Flinn-Engdahl region</type>
  </description>
  <origin publicID="quakeml:eu.emsc/event/19980220_0000013/origin/1497815">
    <time>
      <value>1998-02-20T18:33:55.1Z</value>
      <uncertainty>0.83</uncertainty>
    </time>
    <latitude>
      <value>38.5883</value>
      <uncertainty>21.8</uncertainty>
    </latitude>
    <longitude>
      <value>21.6713</value>
      <uncertainty>11.1</uncertainty>
    </longitude>
    <depth>
      <value>10000</value>
    </depth>
    <depthType>from location</depthType>
    <methodID>smi:eu.emsc-csem/origin_method/NA</methodID>
    <quality>
      <usedPhaseCount>18</usedPhaseCount>
      <usedStationCount>12</usedStationCount>
      <standardError>1.42</standardError>
      <azimuthalGap>194</azimuthalGap>
      <minimumDistance>0.35</minimumDistance>
      <maximumDistance>2.82</maximumDistance>
    </quality>
    <evaluationMode>manual</evaluationMode>
    <creationInfo>
      <agencyURI>smi:smi-registry/organization/EMSC</agencyURI>
      <authorURI>smi:smi-registry/organization/EMSC</authorURI>
    </creationInfo>
    <originUncertainty>
      <azimuthMaxHorizontalUncertainty>151</azimuthMaxHorizontalUncertainty>
    </originUncertainty>
  </origin>
  <magnitude publicID="quakeml:eu.emsc/event/19980220_0000013/origin/1497815/mag/2">
    <mag>
      <value>3</value>
    </mag>
    <type>MD</type>
    <originID>quakeml:eu.emsc/event/19980220_0000013/origin/1497815</originID>
    <creationInfo>
      <agencyURI>smi:smi-registry/organization/EMSC</agencyURI>
      <authorURI>smi:smi-registry/organization/EMSC</authorURI>
    </creationInfo>
  </magnitude>
</event>
<event publicID="quakeml:eu.emsc/event/19980220_0000012">
  <preferredOriginID>quakeml:eu.emsc/event/19980220_0000012/origin/1497819</preferredOriginID>
  <preferredMagnitudeID>quakeml:eu.emsc/event/19980220_0000012/origin/1497819/mag/2</preferredMagnitudeID>
  <creationInfo>
    <agencyURI>smi:smi-registry/organization/EMSC</agencyURI>
    <authorURI>smi:smi-registry/organization/EMSC</authorURI>
    <creationTime>2014-12-03T10:51:36.603987Z</creationTime>
  </creationInfo>
  <description>
    <text>AEGEAN SEA</text>
    <type>Flinn-Engdahl region</type>
  </description>
  <origin publicID="quakeml:eu.emsc/event/19980220_0000012/origin/1497819">
    <time>
      <value>1998-02-20T17:43:52.8Z</value>
      <uncertainty>0.19</uncertainty>
    </time>
    <latitude>
      <value>40.2983</value>
      <uncertainty>5.5</uncertainty>
    </latitude>
    <longitude>
      <value>25.7826</value>
      <uncertainty>4.1</uncertainty>
    </longitude>
    <depth>
      <value>10000</value>
    </depth>
    <depthType>from location</depthType>
    <methodID>smi:eu.emsc-csem/origin_method/NA</methodID>
    <quality>
      <usedPhaseCount>22</usedPhaseCount>
      <usedStationCount>18</usedStationCount>
      <standardError>0.81</standardError>
      <azimuthalGap>71</azimuthalGap>
      <minimumDistance>0.63</minimumDistance>
      <maximumDistance>2.82</maximumDistance>
    </quality>
    <evaluationMode>manual</evaluationMode>
    <creationInfo>
      <agencyURI>smi:smi-registry/organization/EMSC</agencyURI>
      <authorURI>smi:smi-registry/organization/EMSC</authorURI>
    </creationInfo>
    <originUncertainty>
      <azimuthMaxHorizontalUncertainty>1</azimuthMaxHorizontalUncertainty>
    </originUncertainty>
  </origin>
  <magnitude publicID="quakeml:eu.emsc/event/19980220_0000012/origin/1497819/mag/2">
    <mag>
      <value>3</value>
    </mag>
    <type>ML</type>
    <originID>quakeml:eu.emsc/event/19980220_0000012/origin/1497819</originID>
    <creationInfo>
      <agencyURI>smi:smi-registry/organization/EMSC</agencyURI>
      <authorURI>smi:smi-registry/organization/EMSC</authorURI>
    </creationInfo>
  </magnitude>
</event>
<event publicID="quakeml:eu.emsc/event/19980220_0000011">
  <preferredOriginID>quakeml:eu.emsc/event/19980220_0000011/origin/1497822</preferredOriginID>
  <preferredMagnitudeID>quakeml:eu.emsc/event/19980220_0000011/origin/1497822/mag/2</preferredMagnitudeID>
  <creationInfo>
    <agencyURI>smi:smi-registry/organization/EMSC</agencyURI>
    <authorURI>smi:smi-registry/organization/EMSC</authorURI>
    <creationTime>2014-12-03T11:24:20.7944Z</creationTime>
  </creationInfo>
  <description>
    <text>SOUTHERN GREECE</text>
    <type>Flinn-Engdahl region</type>
  </description>
  <origin publicID="quakeml:eu.emsc/event/19980220_0000011/origin/1497822">
    <time>
      <value>1998-02-20T16:41:14.9Z</value>
      <uncertainty>0.59</uncertainty>
    </time>
    <latitude>
      <value>36.0995</value>
      <uncertainty>16.4</uncertainty>
    </latitude>
    <longitude>
      <value>21.8902</value>
      <uncertainty>12.3</uncertainty>
    </longitude>
    <depth>
      <value>2000</value>
    </depth>
    <depthType>from location</depthType>
    <methodID>smi:eu.emsc-csem/origin_method/NA</methodID>
    <quality>
      <usedPhaseCount>28</usedPhaseCount>
      <usedStationCount>25</usedStationCount>
      <standardError>1.59</standardError>
      <azimuthalGap>107</azimuthalGap>
      <minimumDistance>1.05</minimumDistance>
      <maximumDistance>38.18</maximumDistance>
    </quality>
    <evaluationMode>manual</evaluationMode>
    <creationInfo>
      <agencyURI>smi:smi-registry/organization/EMSC</agencyURI>
      <authorURI>smi:smi-registry/organization/EMSC</authorURI>
    </creationInfo>
    <originUncertainty>
      <azimuthMaxHorizontalUncertainty>77</azimuthMaxHorizontalUncertainty>
    </originUncertainty>
  </origin>
  <magnitude publicID="quakeml:eu.emsc/event/19980220_0000011/origin/1497822/mag/2">
    <mag>
      <value>3.7</value>
    </mag>
    <type>ML</type>
    <originID>quakeml:eu.emsc/event/19980220_0000011/origin/1497822</originID>
    <creationInfo>
      <agencyURI>smi:smi-registry/organization/EMSC</agencyURI>
      <authorURI>smi:smi-registry/organization/EMSC</authorURI>
    </creationInfo>
  </magnitude>
</event>
<event publicID="quakeml:eu.emsc/event/19980220_0000010">
  <preferredOriginID>quakeml:eu.emsc/event/19980220_0000010/origin/1497824</preferredOriginID>
  <preferredMagnitudeID>quakeml:eu.emsc/event/19980220_0000010/origin/1497824/mag/2</preferredMagnitudeID>
  <creationInfo>
    <agencyURI>smi:smi-registry/organization/EMSC</agencyURI>
    <authorURI>smi:smi-registry/organization/EMSC</authorURI>
    <creationTime>2014-12-03T11:50:22.870615Z</creationTime>
  </creationInfo>
  <description>
    <text>GREECE</text>
    <type>Flinn-Engdahl region</type>
  </description>
  <origin publicID="quakeml:eu.emsc/event/19980220_0000010/origin/1497824">
    <time>
      <value>1998-02-20T13:53:05.9Z</value>
      <uncertainty>0.62</uncertainty>
    </time>
    <latitude>
      <value>38.1057</value>
      <uncertainty>17.4</uncertainty>
    </latitude>
    <longitude>
      <value>20.7933</value>
      <uncertainty>13.2</uncertainty>
    </longitude>
    <depth>
      <value>2000</value>
    </depth>
    <depthType>from location</depthType>
    <methodID>smi:eu.emsc-csem/origin_method/NA</methodID>
    <quality>
      <usedPhaseCount>7</usedPhaseCount>
      <usedStationCount>7</usedStationCount>
      <standardError>0.9</standardError>
      <azimuthalGap>158</azimuthalGap>
      <minimumDistance>0.18</minimumDistance>
      <maximumDistance>3</maximumDistance>
    </quality>
    <evaluationMode>manual</evaluationMode>
    <creationInfo>
      <agencyURI>smi:smi-registry/organization/EMSC</agencyURI>
      <authorURI>smi:smi-registry/organization/EMSC</authorURI>
    </creationInfo>
    <originUncertainty>
      <azimuthMaxHorizontalUncertainty>33</azimuthMaxHorizontalUncertainty>
    </originUncertainty>
  </origin>
  <magnitude publicID="quakeml:eu.emsc/event/19980220_0000010/origin/1497824/mag/2">
    <mag>
      <value>3.1</value>
    </mag>
    <type>MD</type>
    <originID>quakeml:eu.emsc/event/19980220_0000010/origin/1497824</originID>
    <creationInfo>
      <agencyURI>smi:smi-registry/organization/EMSC</agencyURI>
      <authorURI>smi:smi-registry/organization/EMSC</authorURI>
    </creationInfo>
  </magnitude>
</event>
<event publicID="quakeml:eu.emsc/event/19980220_0000009">
  <preferredOriginID>quakeml:eu.emsc/event/19980220_0000009/origin/1497828</preferredOriginID>
  <preferredMagnitudeID>quakeml:eu.emsc/event/19980220_0000009/origin/1497828/mag/1</preferredMagnitudeID>
  <creationInfo>
    <agencyURI>smi:smi-registry/organization/EMSC</agencyURI>
    <authorURI>smi:smi-registry/organization/EMSC</authorURI>
    <creationTime>2014-12-03T11:42:05.642375Z</creationTime>
  </creationInfo>
  <description>
    <text>EASTERN MEDITERRANEAN SEA</text>
    <type>Flinn-Engdahl region</type>
  </description>
  <origin publicID="quakeml:eu.emsc/event/19980220_0000009/origin/1497828">
    <time>
      <value>1998-02-20T13:45:27.4Z</value>
      <uncertainty>0.16</uncertainty>
    </time>
    <latitude>
      <value>35.7171</value>
      <uncertainty>8.1</uncertainty>
    </latitude>
    <longitude>
      <value>29.4479</value>
      <uncertainty>3.3</uncertainty>
    </longitude>
    <depth>
      <value>65600.0</value>
      <uncertainty>3.5</uncertainty>
    </depth>
    <depthType>from location</depthType>
    <methodID>smi:eu.emsc-csem/origin_method/NA</methodID>
    <quality>
      <usedPhaseCount>57</usedPhaseCount>
      <usedStationCount>53</usedStationCount>
      <standardError>1</standardError>
      <azimuthalGap>121</azimuthalGap>
      <minimumDistance>1.7</minimumDistance>
      <maximumDistance>33.94</maximumDistance>
    </quality>
    <evaluationMode>manual</evaluationMode>
    <creationInfo>
      <agencyURI>smi:smi-registry/organization/EMSC</agencyURI>
      <authorURI>smi:smi-registry/organization/EMSC</authorURI>
    </creationInfo>
    <originUncertainty>
      <azimuthMaxHorizontalUncertainty>47</azimuthMaxHorizontalUncertainty>
    </originUncertainty>
  </origin>
  <magnitude publicID="quakeml:eu.emsc/event/19980220_0000009/origin/1497828/mag/1">
    <mag>
      <value>4.2</value>
      <uncertainty>0.3</uncertainty>
    </mag>
    <type>mb</type>
    <originID>quakeml:eu.emsc/event/19980220_0000009/origin/1497828</originID>
    <stationCount>8</stationCount>
    <creationInfo>
      <agencyURI>smi:smi-registry/organization/EMSC</agencyURI>
      <authorURI>smi:smi-registry/organization/EMSC</authorURI>
    </creationInfo>
  </magnitude>
</event>
<event publicID="quakeml:eu.emsc/event/19980220_0000008">
  <preferredOriginID>quakeml:eu.emsc/event/19980220_0000008/origin/1497834</preferredOriginID>
  <preferredMagnitudeID>quakeml:eu.emsc/event/19980220_0000008/origin/1497834/mag/1</preferredMagnitudeID>
  <creationInfo>
    <agencyURI>smi:smi-registry/organization/EMSC</agencyURI>
    <authorURI>smi:smi-registry/organization/EMSC</authorURI>
    <creationTime>2014-12-03T11:42:05.981211Z</creationTime>
  </creationInfo>
  <description>
    <text>FRANCE</text>
    <type>Flinn-Engdahl region</type>
  </description>
  <origin publicID="quakeml:eu.emsc/event/19980220_0000008/origin/1497834">
    <time>
      <value>1998-02-20T09:44:51.7Z</value>
      <uncertainty>0.1</uncertainty>
    </time>
    <latitude>
      <value>48.8017</value>
      <uncertainty>2.2</uncertainty>
    </latitude>
    <longitude>
      <value>6.2581</value>
      <uncertainty>1.8</uncertainty>
    </longitude>
    <depth>
      <value>12000</value>
    </depth>
    <depthType>from location</depthType>
    <methodID>smi:eu.emsc-csem/origin_method/NA</methodID>
    <quality>
      <usedPhaseCount>125</usedPhaseCount>
      <usedStationCount>55</usedStationCount>
      <standardError>1.15</standardError>
      <azimuthalGap>41</azimuthalGap>
      <minimumDistance>0.6</minimumDistance>
      <maximumDistance>7.58</maximumDistance>
    </quality>
    <evaluationMode>manual</evaluationMode>
    <creationInfo>
      <agencyURI>smi:smi-registry/organization/EMSC</agencyURI>
      <authorURI>smi:smi-registry/organization/EMSC</authorURI>
    </creationInfo>
    <originUncertainty>
      <azimuthMaxHorizontalUncertainty>172</azimuthMaxHorizontalUncertainty>
    </originUncertainty>
  </origin>
  <magnitude publicID="quakeml:eu.emsc/event/19980220_0000008/origin/1497834/mag/1">
    <mag>
      <value>3.7</value>
      <uncertainty>0.3</uncertainty>
    </mag>
    <type>ML</type>
    <originID>quakeml:eu.emsc/event/19980220_0000008/origin/1497834</originID>
    <stationCount>15</stationCount>
    <creationInfo>
      <agencyURI>smi:smi-registry/organization/EMSC</agencyURI>
      <authorURI>smi:smi-registry/organization/EMSC</authorURI>
    </creationInfo>
  </magnitude>
</event>
<event publicID="quakeml:eu.emsc/event/19980220_0000007">
  <preferredOriginID>quakeml:eu.emsc/event/19980220_0000007/origin/1497837</preferredOriginID>
  <preferredMagnitudeID>quakeml:eu.emsc/event/19980220_0000007/origin/1497837/mag/2</preferredMagnitudeID>
  <creationInfo>
    <agencyURI>smi:smi-registry/organization/EMSC</agencyURI>
    <authorURI>smi:smi-registry/organization/EMSC</authorURI>
    <creationTime>2014-12-03T11:15:09.22488Z</creationTime>
  </creationInfo>
  <description>
    <text>SOUTHERN GREECE</text>
    <type>Flinn-Engdahl region</type>
  </description>
  <origin publicID="quakeml:eu.emsc/event/19980220_0000007/origin/1497837">
    <time>
      <value>1998-02-20T08:24:47.6Z</value>
      <uncertainty>0.98</uncertainty>
    </time>
    <latitude>
      <value>36.2042</value>
      <uncertainty>26.2</uncertainty>
    </latitude>
    <longitude>
      <value>22.0754</value>
      <uncertainty>14.2</uncertainty>
    </longitude>
    <depth>
      <value>69600.0</value>
      <uncertainty>7.9</uncertainty>
    </depth>
    <depthType>from location</depthType>
    <methodID>smi:eu.emsc-csem/origin_method/NA</methodID>
    <quality>
      <usedPhaseCount>29</usedPhaseCount>
      <usedStationCount>28</usedStationCount>
      <standardError>1.21</standardError>
      <azimuthalGap>215</azimuthalGap>
      <minimumDistance>1.9</minimumDistance>
      <maximumDistance>48.21</maximumDistance>
    </quality>
    <evaluationMode>manual</evaluationMode>
    <creationInfo>
      <agencyURI>smi:smi-registry/organization/EMSC</agencyURI>
      <authorURI>smi:smi-registry/organization/EMSC</authorURI>
    </creationInfo>
    <originUncertainty>
      <azimuthMaxHorizontalUncertainty>40</azimuthMaxHorizontalUncertainty>
    </originUncertainty>
  </origin>
  <magnitude publicID="quakeml:eu.emsc/event/19980220_0000007/origin/1497837/mag/2">
    <mag>
      <value>3.7</value>
    </mag>
    <type>ML</type>
    <originID>quakeml:eu.emsc/event/19980220_0000007/origin/1497837</originID>
    <creationInfo>
      <agencyURI>smi:smi-registry/organization/EMSC</agencyURI>
      <authorURI>smi:smi-registry/organization/EMSC</authorURI>
    </creationInfo>
  </magnitude>
</event>
<event publicID="quakeml:eu.emsc/event/19980220_0000006">
  <preferredOriginID>quakeml:eu.emsc/event/19980220_0000006/origin/1497840</preferredOriginID>
  <preferredMagnitudeID>quakeml:eu.emsc/event/19980220_0000006/origin/1497840/mag/2</preferredMagnitudeID>
  <creationInfo>
    <agencyURI>smi:smi-registry/organization/EMSC</agencyURI>
    <authorURI>smi:smi-registry/organization/EMSC</authorURI>
    <creationTime>2014-12-03T11:52:17.572436Z</creationTime>
  </creationInfo>
  <description>
    <text>WESTERN TURKEY</text>
    <type>Flinn-Engdahl region</type>
  </description>
  <origin publicID="quakeml:eu.emsc/event/19980220_0000006/origin/1497840">
    <time>
      <value>1998-02-20T05:11:50.0Z</value>
      <uncertainty>0.19</uncertainty>
    </time>
    <latitude>
      <value>38.8203</value>
      <uncertainty>7.8</uncertainty>
    </latitude>
    <longitude>
      <value>27.3094</value>
      <uncertainty>4.4</uncertainty>
    </longitude>
    <depth>
      <value>8000</value>
    </depth>
    <depthType>from location</depthType>
    <methodID>smi:eu.emsc-csem/origin_method/NA</methodID>
    <quality>
      <usedPhaseCount>12</usedPhaseCount>
      <usedStationCount>10</usedStationCount>
      <standardError>0.67</standardError>
      <azimuthalGap>99</azimuthalGap>
      <minimumDistance>0.42</minimumDistance>
      <maximumDistance>2.69</maximumDistance>
    </quality>
    <evaluationMode>manual</evaluationMode>
    <creationInfo>
      <agencyURI>smi:smi-registry/organization/EMSC</agencyURI>
      <authorURI>smi:smi-registry/organization/EMSC</authorURI>
    </creationInfo>
    <originUncertainty>
      <azimuthMaxHorizontalUncertainty>90</azimuthMaxHorizontalUncertainty>
    </originUncertainty>
  </origin>
  <magnitude publicID="quakeml:eu.emsc/event/19980220_0000006/origin/1497840/mag/2">
    <mag>
      <value>3.6</value>
    </mag>
    <type>MD</type>
    <originID>quakeml:eu.emsc/event/19980220_0000006/origin/1497840</originID>
    <creationInfo>
      <agencyURI>smi:smi-registry/organization/EMSC</agencyURI>
      <authorURI>smi:smi-registry/organization/EMSC</authorURI>
    </creationInfo>
  </magnitude>
</event>
<event publicID="quakeml:eu.emsc/event/19980220_0000005">
  <preferredOriginID>quakeml:eu.emsc/event/19980220_0000005/origin/1485412</preferredOriginID>
  <preferredMagnitudeID>quakeml:eu.emsc/event/19980220_0000005/origin/1485412/mag/2</preferredMagnitudeID>
  <creationInfo>
    <agencyURI>smi:smi-registry/organization/EMSC</agencyURI>
    <authorURI>smi:smi-registry/organization/EMSC</authorURI>
    <creationTime>2014-12-11T19:21:02.232181Z</creationTime>
  </creationInfo>
  <description>
    <text>IONIAN SEA</text>
    <type>Flinn-Engdahl region</type>
  </description>
  <origin publicID="quakeml:eu.emsc/event/19980220_0000005/origin/1485412">
    <time>
      <value>1998-02-20T04:48:54.6Z</value>
    </time>
    <latitude>
      <value>37.09</value>
      <uncertainty>9999.9</uncertainty>
    </latitude>
    <longitude>
      <value>20.67</value>
      <uncertainty>9999.9</uncertainty>
    </longitude>
    <depth>
      <value>5000</value>
    </depth>
    <depthType>from location</depthType>
    <methodID>smi:eu.emsc-csem/origin_method/NA</methodID>
    <quality>
      <usedPhaseCount>6</usedPhaseCount>
      <usedStationCount>4</usedStationCount>
      <standardError>2.01</standardError>
      <azimuthalGap>255</azimuthalGap>
      <minimumDistance>1.01</minimumDistance>
      <maximumDistance>2.03</maximumDistance>
    </quality>
    <evaluationMode>manual</evaluationMode>
    <creationInfo>
      <agencyURI>smi:smi-registry/organization/EMSC</agencyURI>
      <authorURI>smi:smi-registry/organization/EMSC</authorURI>
    </creationInfo>
    <originUncertainty>
      <azimuthMaxHorizontalUncertainty>-99</azimuthMaxHorizontalUncertainty>
    </originUncertainty>
  </origin>
  <magnitude publicID="quakeml:eu.emsc/event/19980220_0000005/origin/1485412/mag/2">
    <mag>
      <value>3.1</value>
    </mag>
    <type>MD</type>
    <originID>quakeml:eu.emsc/event/19980220_0000005/origin/1485412</originID>
    <creationInfo>
      <agencyURI>smi:smi-registry/organization/EMSC</agencyURI>
      <authorURI>smi:smi-registry/organization/EMSC</authorURI>
    </creationInfo>
  </magnitude>
</event>
<event publicID="quakeml:eu.emsc/event/19980220_0000021">
  <preferredOriginID>quakeml:eu.emsc/event/19980220_0000021/origin/1487880</preferredOriginID>
  <preferredMagnitudeID>quakeml:eu.emsc/event/19980220_0000021/origin/1487880/mag/2</preferredMagnitudeID>
  <creationInfo>
    <agencyURI>smi:smi-registry/organization/EMSC</agencyURI>
    <authorURI>smi:smi-registry/organization/EMSC</authorURI>
    <creationTime>2014-12-10T12:53:41.336233Z</creationTime>
  </creationInfo>
  <description>
    <text>GERMANY</text>
    <type>Flinn-Engdahl region</type>
  </description>
  <origin publicID="quakeml:eu.emsc/event/19980220_0000021/origin/1487880">
    <time>
      <value>1998-02-20T04:28:08.5Z</value>
    </time>
    <latitude>
      <value>49.34</value>
      <uncertainty>9999.9</uncertainty>
    </latitude>
    <longitude>
      <value>6.83</value>
      <uncertainty>9999.9</uncertainty>
    </longitude>
    <depth>
      <value>1000</value>
    </depth>
    <depthType>from location</depthType>
    <methodID>smi:eu.emsc-csem/origin_method/NA</methodID>
    <quality>
      <usedPhaseCount>32</usedPhaseCount>
      <usedStationCount>17</usedStationCount>
      <standardError>1.17</standardError>
      <azimuthalGap>187</azimuthalGap>
      <minimumDistance>0.39</minimumDistance>
      <maximumDistance>2.13</maximumDistance>
    </quality>
    <evaluationMode>manual</evaluationMode>
    <creationInfo>
      <agencyURI>smi:smi-registry/organization/EMSC</agencyURI>
      <authorURI>smi:smi-registry/organization/EMSC</authorURI>
    </creationInfo>
    <originUncertainty>
      <azimuthMaxHorizontalUncertainty>-99</azimuthMaxHorizontalUncertainty>
    </originUncertainty>
  </origin>
  <magnitude publicID="quakeml:eu.emsc/event/19980220_0000021/origin/1487880/mag/2">
    <mag>
      <value>1.9</value>
    </mag>
    <type>ML</type>
    <originID>quakeml:eu.emsc/event/19980220_0000021/origin/1487880</originID>
    <creationInfo>
      <agencyURI>smi:smi-registry/organization/EMSC</agencyURI>
      <authorURI>smi:smi-registry/organization/EMSC</authorURI>
    </creationInfo>
  </magnitude>
</event>
<event publicID="quakeml:eu.emsc/event/19980220_0000004">
  <preferredOriginID>quakeml:eu.emsc/event/19980220_0000004/origin/1497842</preferredOriginID>
  <preferredMagnitudeID>quakeml:eu.emsc/event/19980220_0000004/origin/1497842/mag/2</preferredMagnitudeID>
  <creationInfo>
    <agencyURI>smi:smi-registry/organization/EMSC</agencyURI>
    <authorURI>smi:smi-registry/organization/EMSC</authorURI>
    <creationTime>2014-12-03T10:52:23.213665Z</creationTime>
  </creationInfo>
  <description>
    <text>GREECE</text>
    <type>Flinn-Engdahl region</type>
  </description>
  <origin publicID="quakeml:eu.emsc/event/19980220_0000004/origin/1497842">
    <time>
      <value>1998-02-20T03:29:11.0Z</value>
      <uncertainty>0.55</uncertainty>
    </time>
    <latitude>
      <value>39.4059</value>
      <uncertainty>15.7</uncertainty>
    </latitude>
    <longitude>
      <value>20.8883</value>
      <uncertainty>8.3</uncertainty>
    </longitude>
    <depth>
      <value>2000</value>
    </depth>
    <depthType>from location</depthType>
    <methodID>smi:eu.emsc-csem/origin_method/NA</methodID>
    <quality>
      <usedPhaseCount>13</usedPhaseCount>
      <usedStationCount>11</usedStationCount>
      <standardError>1.05</standardError>
      <azimuthalGap>162</azimuthalGap>
      <minimumDistance>0.25</minimumDistance>
      <maximumDistance>2.6</maximumDistance>
    </quality>
    <evaluationMode>manual</evaluationMode>
    <creationInfo>
      <agencyURI>smi:smi-registry/organization/EMSC</agencyURI>
      <authorURI>smi:smi-registry/organization/EMSC</authorURI>
    </creationInfo>
    <originUncertainty>
      <azimuthMaxHorizontalUncertainty>74</azimuthMaxHorizontalUncertainty>
    </originUncertainty>
  </origin>
  <magnitude publicID="quakeml:eu.emsc/event/19980220_0000004/origin/1497842/mag/2">
    <mag>
      <value>3.1</value>
    </mag>
    <type>MD</type>
    <originID>quakeml:eu.emsc/event/19980220_0000004/origin/1497842</originID>
    <creationInfo>
      <agencyURI>smi:smi-registry/organization/EMSC</agencyURI>
      <authorURI>smi:smi-registry/organization/EMSC</authorURI>
    </creationInfo>
  </magnitude>
</event>
<event publicID="quakeml:eu.emsc/event/19980220_0000003">
  <preferredOriginID>quakeml:eu.emsc/event/19980220_0000003/origin/1497845</preferredOriginID>
  <preferredMagnitudeID>quakeml:eu.emsc/event/19980220_0000003/origin/1497845/mag/1</preferredMagnitudeID>
  <creationInfo>
    <agencyURI>smi:smi-registry/organization/EMSC</agencyURI>
    <authorURI>smi:smi-registry/organization/EMSC</authorURI>
    <creationTime>2014-12-03T11:28:46.647807Z</creationTime>
  </creationInfo>
  <description>
    <text>FRANCE</text>
    <type>Flinn-Engdahl region</type>
  </description>
  <origin publicID="quakeml:eu.emsc/event/19980220_0000003/origin/1497845">
    <time>
      <value>1998-02-20T02:06:27.8Z</value>
      <uncertainty>0.12</uncertainty>
    </time>
    <latitude>
      <value>47.0291</value>
      <uncertainty>2.9</uncertainty>
    </latitude>
    <longitude>
      <value>-0.0019</value>
      <uncertainty>1.9</uncertainty>
    </longitude>
    <depth>
      <value>10000</value>
    </depth>
    <depthType>from location</depthType>
    <methodID>smi:eu.emsc-csem/origin_method/NA</methodID>
    <quality>
      <usedPhaseCount>35</usedPhaseCount>
      <usedStationCount>17</usedStationCount>
      <standardError>0.81</standardError>
      <azimuthalGap>86</azimuthalGap>
      <minimumDistance>0.44</minimumDistance>
      <maximumDistance>2.67</maximumDistance>
    </quality>
    <evaluationMode>manual</evaluationMode>
    <creationInfo>
      <agencyURI>smi:smi-registry/organization/EMSC</agencyURI>
      <authorURI>smi:smi-registry/organization/EMSC</authorURI>
    </creationInfo>
    <originUncertainty>
      <azimuthMaxHorizontalUncertainty>35</azimuthMaxHorizontalUncertainty>
    </originUncertainty>
  </origin>
  <magnitude publicID="quakeml:eu.emsc/event/19980220_0000003/origin/1497845/mag/1">
    <mag>
      <value>2.7</value>
      <uncertainty>0.3</uncertainty>
    </mag>
    <type>ML</type>
    <originID>quakeml:eu.emsc/event/19980220_0000003/origin/1497845</originID>
    <stationCount>13</stationCount>
    <creationInfo>
      <agencyURI>smi:smi-registry/organization/EMSC</agencyURI>
      <authorURI>smi:smi-registry/organization/EMSC</authorURI>
    </creationInfo>
  </magnitude>
</event>
<event publicID="quakeml:eu.emsc/event/19980220_0000002">
  <preferredOriginID>quakeml:eu.emsc/event/19980220_0000002/origin/1497847</preferredOriginID>
  <preferredMagnitudeID>quakeml:eu.emsc/event/19980220_0000002/origin/1497847/mag/2</preferredMagnitudeID>
  <creationInfo>
    <agencyURI>smi:smi-registry/organization/EMSC</agencyURI>
    <authorURI>smi:smi-registry/organization/EMSC</authorURI>
    <creationTime>2014-12-03T10:35:22.483616Z</creationTime>
  </creationInfo>
  <description>
    <text>GREECE</text>
    <type>Flinn-Engdahl region</type>
  </description>
  <origin publicID="quakeml:eu.emsc/event/19980220_0000002/origin/1497847">
    <time>
      <value>1998-02-20T01:10:21.7Z</value>
      <uncertainty>0.84</uncertainty>
    </time>
    <latitude>
      <value>39.2221</value>
      <uncertainty>27.3</uncertainty>
    </latitude>
    <longitude>
      <value>20.5764</value>
      <uncertainty>13.9</uncertainty>
    </longitude>
    <depth>
      <value>2000</value>
    </depth>
    <depthType>from location</depthType>
    <methodID>smi:eu.emsc-csem/origin_method/NA</methodID>
    <quality>
      <usedPhaseCount>12</usedPhaseCount>
      <usedStationCount>11</usedStationCount>
      <standardError>1.33</standardError>
      <azimuthalGap>185</azimuthalGap>
      <minimumDistance>0.48</minimumDistance>
      <maximumDistance>2.82</maximumDistance>
    </quality>
    <evaluationMode>manual</evaluationMode>
    <creationInfo>
      <agencyURI>smi:smi-registry/organization/EMSC</agencyURI>
      <authorURI>smi:smi-registry/organization/EMSC</authorURI>
    </creationInfo>
    <originUncertainty>
      <azimuthMaxHorizontalUncertainty>94</azimuthMaxHorizontalUncertainty>
    </originUncertainty>
  </origin>
  <magnitude publicID="quakeml:eu.emsc/event/19980220_0000002/origin/1497847/mag/2">
    <mag>
      <value>3.1</value>
    </mag>
    <type>MD</type>
    <originID>quakeml:eu.emsc/event/19980220_0000002/origin/1497847</originID>
    <creationInfo>
      <agencyURI>smi:smi-registry/organization/EMSC</agencyURI>
      <authorURI>smi:smi-registry/organization/EMSC</authorURI>
    </creationInfo>
  </magnitude>
</event>
<event publicID="quakeml:eu.emsc/event/19980220_0000019">
  <preferredOriginID>quakeml:eu.emsc/event/19980220_0000019/origin/1973193</preferredOriginID>
  <preferredMagnitudeID>quakeml:eu.emsc/event/19980220_0000019/origin/1973193/mag/2</preferredMagnitudeID>
  <creationInfo>
    <agencyURI>smi:smi-registry/organization/EMSC</agencyURI>
    <authorURI>smi:smi-registry/organization/EMSC</authorURI>
    <creationTime>2014-12-11T09:33:13.302198Z</creationTime>
  </creationInfo>
  <description>
    <text>SICILY, ITALY</text>
    <type>Flinn-Engdahl region</type>
  </description>
  <origin publicID="quakeml:eu.emsc/event/19980220_0000019/origin/1973193">
    <time>
      <value>1998-02-20T00:59:08.1Z</value>
    </time>
    <latitude>
      <value>38.418</value>
      <uncertainty>9999.9</uncertainty>
    </latitude>
    <longitude>
      <value>15.109</value>
      <uncertainty>9999.9</uncertainty>
    </longitude>
    <depth>
      <value>8800.0</value>
    </depth>
    <depthType>from location</depthType>
    <methodID>smi:eu.emsc-csem/origin_method/NA</methodID>
    <quality>
      <usedPhaseCount>27</usedPhaseCount>
      <usedStationCount>19</usedStationCount>
      <standardError>1.59</standardError>
      <azimuthalGap>54</azimuthalGap>
      <minimumDistance>0.26</minimumDistance>
      <maximumDistance>2.55</maximumDistance>
    </quality>
    <evaluationMode>manual</evaluationMode>
    <creationInfo>
      <agencyURI>smi:smi-registry/organization/EMSC</agencyURI>
      <authorURI>smi:smi-registry/organization/EMSC</authorURI>
    </creationInfo>
    <originUncertainty>
      <azimuthMaxHorizontalUncertainty>-99</azimuthMaxHorizontalUncertainty>
    </originUncertainty>
  </origin>
  <magnitude publicID="quakeml:eu.emsc/event/19980220_0000019/origin/1973193/mag/2">
    <mag>
      <value>2.5</value>
    </mag>
    <type>ML</type>
    <originID>quakeml:eu.emsc/event/19980220_0000019/origin/1973193</originID>
    <stationCount>10</stationCount>
    <creationInfo>
      <agencyURI>smi:smi-registry/organization/EMSC</agencyURI>
      <authorURI>smi:smi-registry/organization/EMSC</authorURI>
    </creationInfo>
  </magnitude>
</event>
<event publicID="quakeml:eu.emsc/event/19980220_0000001">
  <preferredOriginID>quakeml:eu.emsc/event/19980220_0000001/origin/1497850</preferredOriginID>
  <preferredMagnitudeID>quakeml:eu.emsc/event/19980220_0000001/origin/1497850/mag/2</preferredMagnitudeID>
  <creationInfo>
    <agencyURI>smi:smi-registry/organization/EMSC</agencyURI>
    <authorURI>smi:smi-registry/organization/EMSC</authorURI>
    <creationTime>2014-12-03T10:39:32.43509Z</creationTime>
  </creationInfo>
  <description>
    <text>IONIAN SEA</text>
    <type>Flinn-Engdahl region</type>
  </description>
  <origin publicID="quakeml:eu.emsc/event/19980220_0000001/origin/1497850">
    <time>
      <value>1998-02-20T00:51:12.9Z</value>
      <uncertainty>0.46</uncertainty>
    </time>
    <latitude>
      <value>37.2372</value>
      <uncertainty>10</uncertainty>
    </latitude>
    <longitude>
      <value>20.8334</value>
      <uncertainty>6.7</uncertainty>
    </longitude>
    <depth>
      <value>5000</value>
    </depth>
    <depthType>from location</depthType>
    <methodID>smi:eu.emsc-csem/origin_method/NA</methodID>
    <quality>
      <usedPhaseCount>31</usedPhaseCount>
      <usedStationCount>24</usedStationCount>
      <standardError>1.24</standardError>
      <azimuthalGap>176</azimuthalGap>
      <minimumDistance>0.87</minimumDistance>
      <maximumDistance>6.68</maximumDistance>
    </quality>
    <evaluationMode>manual</evaluationMode>
    <creationInfo>
      <agencyURI>smi:smi-registry/organization/EMSC</agencyURI>
      <authorURI>smi:smi-registry/organization/EMSC</authorURI>
    </creationInfo>
    <originUncertainty>
      <azimuthMaxHorizontalUncertainty>173</azimuthMaxHorizontalUncertainty>
    </originUncertainty>
  </origin>
  <magnitude publicID="quakeml:eu.emsc/event/19980220_0000001/origin/1497850/mag/2">
    <mag>
      <value>3.5</value>
    </mag>
    <type>MD</type>
    <originID>quakeml:eu.emsc/event/19980220_0000001/origin/1497850</originID>
    <creationInfo>
      <agencyURI>smi:smi-registry/organization/EMSC</agencyURI>
      <authorURI>smi:smi-registry/organization/EMSC</authorURI>
    </creationInfo>
  </magnitude>
</event>
</eventParameters>
</q:quakeml>
