<?xml version="1.0"?>
<q:quakeml xmlns:q="http://quakeml.org/xmlns/quakeml/1.2"  xmlns="http://quakeml.org/xmlns/bed/1.2">
<eventParameters publicID="smi:eu.emsc/unid">
<event publicID="quakeml:eu.emsc/event/19980117_0000013">
  <preferredOriginID>quakeml:eu.emsc/event/19980117_0000013/origin/1500314</preferredOriginID>
  <preferredMagnitudeID>quakeml:eu.emsc/event/19980117_0000013/origin/1500314/mag/1</preferredMagnitudeID>
  <creationInfo>
    <agencyURI>smi:smi-registry/organization/EMSC</agencyURI>
    <authorURI>smi:smi-registry/organization/EMSC</authorURI>
    <creationTime>2014-12-03T11:34:00.235943Z</creationTime>
  </creationInfo>
  <description>
    <text>GREENLAND SEA</text>
    <type>Flinn-Engdahl region</type>
  </description>
  <origin publicID="quakeml:eu.emsc/event/19980117_0000013/origin/1500314">
    <time>
      <value>1998-01-17T23:52:59.7Z</value>
      <uncertainty>0.28</uncertainty>
    </time>
    <latitude>
      <value>73.1462</value>
      <uncertainty>8.3</uncertainty>
    </latitude>
    <longitude>
      <value>6.4854</value>
      <uncertainty>6.6</uncertainty>
    </longitude>
    <depth>
      <value>2000</value>
    </depth>
    <depthType>from location</depthType>
    <methodID>smi:eu.emsc-csem/origin_method/NA</methodID>
    <quality>
      <usedPhaseCount>73</usedPhaseCount>
      <usedStationCount>72</usedStationCount>
      <standardError>0.89</standardError>
      <azimuthalGap>186</azimuthalGap>
      <minimumDistance>5.56</minimumDistance>
      <maximumDistance>33.94</maximumDistance>
    </quality>
    <evaluationMode>manual</evaluationMode>
    <creationInfo>
      <agencyURI>smi:smi-registry/organization/EMSC</agencyURI>
      <authorURI>smi:smi-registry/organization/EMSC</authorURI>
    </creationInfo>
    <originUncertainty>
      <azimuthMaxHorizontalUncertainty>141</azimuthMaxHorizontalUncertainty>
    </originUncertainty>
  </origin>
  <magnitude publicID="quakeml:eu.emsc/event/19980117_0000013/origin/1500314/mag/1">
    <mag>
      <value>4.7</value>
    </mag>
    <type>mb</type>
    <originID>quakeml:eu.emsc/event/19980117_0000013/origin/1500314</originID>
    <stationCount>17</stationCount>
    <creationInfo>
      <agencyURI>smi:smi-registry/organization/EMSC</agencyURI>
      <authorURI>smi:smi-registry/organization/EMSC</authorURI>
    </creationInfo>
  </magnitude>
</event>
<event publicID="quakeml:eu.emsc/event/19980117_0000012">
  <preferredOriginID>quakeml:eu.emsc/event/19980117_0000012/origin/1498684</preferredOriginID>
  <preferredMagnitudeID>quakeml:eu.emsc/event/19980117_0000012/origin/1498684/mag/2</preferredMagnitudeID>
  <creationInfo>
    <agencyURI>smi:smi-registry/organization/EMSC</agencyURI>
    <authorURI>smi:smi-registry/organization/EMSC</authorURI>
    <creationTime>2014-12-03T10:29:47.160132Z</creationTime>
  </creationInfo>
  <description>
    <text>GREENLAND SEA</text>
    <type>Flinn-Engdahl region</type>
  </description>
  <origin publicID="quakeml:eu.emsc/event/19980117_0000012/origin/1498684">
    <time>
      <value>1998-01-17T23:11:46.3Z</value>
      <uncertainty>0.67</uncertainty>
    </time>
    <latitude>
      <value>73.1854</value>
      <uncertainty>27.6</uncertainty>
    </latitude>
    <longitude>
      <value>6.6024</value>
      <uncertainty>12.9</uncertainty>
    </longitude>
    <depth>
      <value>2000</value>
    </depth>
    <depthType>from location</depthType>
    <methodID>smi:eu.emsc-csem/origin_method/NA</methodID>
    <quality>
      <usedPhaseCount>10</usedPhaseCount>
      <usedStationCount>10</usedStationCount>
      <standardError>0.99</standardError>
      <azimuthalGap>208</azimuthalGap>
      <minimumDistance>5.56</minimumDistance>
      <maximumDistance>24.63</maximumDistance>
    </quality>
    <evaluationMode>manual</evaluationMode>
    <creationInfo>
      <agencyURI>smi:smi-registry/organization/EMSC</agencyURI>
      <authorURI>smi:smi-registry/organization/EMSC</authorURI>
    </creationInfo>
    <originUncertainty>
      <azimuthMaxHorizontalUncertainty>90</azimuthMaxHorizontalUncertainty>
    </originUncertainty>
  </origin>
  <magnitude publicID="quakeml:eu.emsc/event/19980117_0000012/origin/1498684/mag/2">
    <mag>
      <value>4.3</value>
    </mag>
    <type>mb</type>
    <originID>quakeml:eu.emsc/event/19980117_0000012/origin/1498684</originID>
    <stationCount>3</stationCount>
    <creationInfo>
      <agencyURI>smi:smi-registry/organization/EMSC</agencyURI>
      <authorURI>smi:smi-registry/organization/EMSC</authorURI>
    </creationInfo>
  </magnitude>
</event>
<event publicID="quakeml:eu.emsc/event/19980117_0000011">
  <preferredOriginID>quakeml:eu.emsc/event/19980117_0000011/origin/1498687</preferredOriginID>
  <preferredMagnitudeID>quakeml:eu.emsc/event/19980117_0000011/origin/1498687/mag/1</preferredMagnitudeID>
  <creationInfo>
    <agencyURI>smi:smi-registry/organization/EMSC</agencyURI>
    <authorURI>smi:smi-registry/organization/EMSC</authorURI>
    <creationTime>2014-12-03T11:03:43.940662Z</creationTime>
  </creationInfo>
  <description>
    <text>GREENLAND SEA</text>
    <type>Flinn-Engdahl region</type>
  </description>
  <origin publicID="quakeml:eu.emsc/event/19980117_0000011/origin/1498687">
    <time>
      <value>1998-01-17T22:41:56.3Z</value>
      <uncertainty>0.19</uncertainty>
    </time>
    <latitude>
      <value>73.2033</value>
      <uncertainty>9.2</uncertainty>
    </latitude>
    <longitude>
      <value>6.1822</value>
      <uncertainty>5.6</uncertainty>
    </longitude>
    <depth>
      <value>23100.0</value>
    </depth>
    <depthType>from location</depthType>
    <methodID>smi:eu.emsc-csem/origin_method/NA</methodID>
    <quality>
      <usedPhaseCount>60</usedPhaseCount>
      <usedStationCount>59</usedStationCount>
      <standardError>0.94</standardError>
      <azimuthalGap>100</azimuthalGap>
      <minimumDistance>5.65</minimumDistance>
      <maximumDistance>60.25</maximumDistance>
    </quality>
    <evaluationMode>manual</evaluationMode>
    <creationInfo>
      <agencyURI>smi:smi-registry/organization/EMSC</agencyURI>
      <authorURI>smi:smi-registry/organization/EMSC</authorURI>
    </creationInfo>
    <originUncertainty>
      <azimuthMaxHorizontalUncertainty>60</azimuthMaxHorizontalUncertainty>
    </originUncertainty>
  </origin>
  <magnitude publicID="quakeml:eu.emsc/event/19980117_0000011/origin/1498687/mag/1">
    <mag>
      <value>4.6</value>
      <uncertainty>0.3</uncertainty>
    </mag>
    <type>mb</type>
    <originID>quakeml:eu.emsc/event/19980117_0000011/origin/1498687</originID>
    <stationCount>17</stationCount>
    <creationInfo>
      <agencyURI>smi:smi-registry/organization/EMSC</agencyURI>
      <authorURI>smi:smi-registry/organization/EMSC</authorURI>
    </creationInfo>
  </magnitude>
</event>
<event publicID="quakeml:eu.emsc/event/19980117_0000017">
  <preferredOriginID>quakeml:eu.emsc/event/19980117_0000017/origin/1498382</preferredOriginID>
  <preferredMagnitudeID>quakeml:eu.emsc/event/19980117_0000017/origin/1498382/mag/1</preferredMagnitudeID>
  <creationInfo>
    <agencyURI>smi:smi-registry/organization/EMSC</agencyURI>
    <authorURI>smi:smi-registry/organization/EMSC</authorURI>
    <creationTime>2014-12-03T15:03:16.454496Z</creationTime>
  </creationInfo>
  <description>
    <text>FRANCE</text>
    <type>Flinn-Engdahl region</type>
  </description>
  <origin publicID="quakeml:eu.emsc/event/19980117_0000017/origin/1498382">
    <time>
      <value>1998-01-17T20:21:16.2Z</value>
      <uncertainty>0.15</uncertainty>
    </time>
    <latitude>
      <value>46.4901</value>
      <uncertainty>2.9</uncertainty>
    </latitude>
    <longitude>
      <value>1.8485</value>
      <uncertainty>2.1</uncertainty>
    </longitude>
    <depth>
      <value>15000</value>
    </depth>
    <depthType>from location</depthType>
    <methodID>smi:eu.emsc-csem/origin_method/NA</methodID>
    <quality>
      <usedPhaseCount>27</usedPhaseCount>
      <usedStationCount>14</usedStationCount>
      <standardError>0.62</standardError>
      <azimuthalGap>144</azimuthalGap>
      <minimumDistance>0.32</minimumDistance>
      <maximumDistance>3.16</maximumDistance>
    </quality>
    <evaluationMode>manual</evaluationMode>
    <creationInfo>
      <agencyURI>smi:smi-registry/organization/EMSC</agencyURI>
      <authorURI>smi:smi-registry/organization/EMSC</authorURI>
    </creationInfo>
    <originUncertainty>
      <azimuthMaxHorizontalUncertainty>146</azimuthMaxHorizontalUncertainty>
    </originUncertainty>
  </origin>
  <magnitude publicID="quakeml:eu.emsc/event/19980117_0000017/origin/1498382/mag/1">
    <mag>
      <value>2</value>
      <uncertainty>0.4</uncertainty>
    </mag>
    <type>ML</type>
    <originID>quakeml:eu.emsc/event/19980117_0000017/origin/1498382</originID>
    <stationCount>11</stationCount>
    <creationInfo>
      <agencyURI>smi:smi-registry/organization/EMSC</agencyURI>
      <authorURI>smi:smi-registry/organization/EMSC</authorURI>
    </creationInfo>
  </magnitude>
</event>
<event publicID="quakeml:eu.emsc/event/19980117_0000020">
  <preferredOriginID>quakeml:eu.emsc/event/19980117_0000020/origin/1485822</preferredOriginID>
  <preferredMagnitudeID>quakeml:eu.emsc/event/19980117_0000020/origin/1485822/mag/2</preferredMagnitudeID>
  <creationInfo>
    <agencyURI>smi:smi-registry/organization/EMSC</agencyURI>
    <authorURI>smi:smi-registry/organization/EMSC</authorURI>
    <creationTime>2014-12-10T12:52:50.149788Z</creationTime>
  </creationInfo>
  <description>
    <text>NORTHERN ITALY</text>
    <type>Flinn-Engdahl region</type>
  </description>
  <origin publicID="quakeml:eu.emsc/event/19980117_0000020/origin/1485822">
    <time>
      <value>1998-01-17T19:35:18.2Z</value>
    </time>
    <latitude>
      <value>44.4897</value>
      <uncertainty>9999.9</uncertainty>
    </latitude>
    <longitude>
      <value>7.3177</value>
      <uncertainty>9999.9</uncertainty>
    </longitude>
    <depth>
      <value>7600.0</value>
    </depth>
    <depthType>from location</depthType>
    <methodID>smi:eu.emsc-csem/origin_method/NA</methodID>
    <quality>
      <usedPhaseCount>8</usedPhaseCount>
      <usedStationCount>4</usedStationCount>
      <standardError>4.65</standardError>
      <azimuthalGap>165</azimuthalGap>
      <minimumDistance>0.16</minimumDistance>
      <maximumDistance>0.35</maximumDistance>
    </quality>
    <evaluationMode>manual</evaluationMode>
    <creationInfo>
      <agencyURI>smi:smi-registry/organization/EMSC</agencyURI>
      <authorURI>smi:smi-registry/organization/EMSC</authorURI>
    </creationInfo>
    <originUncertainty>
      <azimuthMaxHorizontalUncertainty>-99</azimuthMaxHorizontalUncertainty>
    </originUncertainty>
  </origin>
  <magnitude publicID="quakeml:eu.emsc/event/19980117_0000020/origin/1485822/mag/2">
    <mag>
      <value>1.6</value>
    </mag>
    <type>ML</type>
    <originID>quakeml:eu.emsc/event/19980117_0000020/origin/1485822</originID>
    <creationInfo>
      <agencyURI>smi:smi-registry/organization/EMSC</agencyURI>
      <authorURI>smi:smi-registry/organization/EMSC</authorURI>
    </creationInfo>
  </magnitude>
</event>
<event publicID="quakeml:eu.emsc/event/19980117_0000010">
  <preferredOriginID>quakeml:eu.emsc/event/19980117_0000010/origin/1498691</preferredOriginID>
  <preferredMagnitudeID>quakeml:eu.emsc/event/19980117_0000010/origin/1498691/mag/2</preferredMagnitudeID>
  <creationInfo>
    <agencyURI>smi:smi-registry/organization/EMSC</agencyURI>
    <authorURI>smi:smi-registry/organization/EMSC</authorURI>
    <creationTime>2014-12-03T10:22:24.565497Z</creationTime>
  </creationInfo>
  <description>
    <text>SICILY, ITALY</text>
    <type>Flinn-Engdahl region</type>
  </description>
  <origin publicID="quakeml:eu.emsc/event/19980117_0000010/origin/1498691">
    <time>
      <value>1998-01-17T19:23:10.1Z</value>
      <uncertainty>0.21</uncertainty>
    </time>
    <latitude>
      <value>38.4123</value>
      <uncertainty>7.3</uncertainty>
    </latitude>
    <longitude>
      <value>12.714</value>
      <uncertainty>4.5</uncertainty>
    </longitude>
    <depth>
      <value>20000</value>
    </depth>
    <depthType>from location</depthType>
    <methodID>smi:eu.emsc-csem/origin_method/NA</methodID>
    <quality>
      <usedPhaseCount>31</usedPhaseCount>
      <usedStationCount>24</usedStationCount>
      <standardError>1.25</standardError>
      <azimuthalGap>75</azimuthalGap>
      <minimumDistance>0.39</minimumDistance>
      <maximumDistance>10.97</maximumDistance>
    </quality>
    <evaluationMode>manual</evaluationMode>
    <creationInfo>
      <agencyURI>smi:smi-registry/organization/EMSC</agencyURI>
      <authorURI>smi:smi-registry/organization/EMSC</authorURI>
    </creationInfo>
    <originUncertainty>
      <azimuthMaxHorizontalUncertainty>35</azimuthMaxHorizontalUncertainty>
    </originUncertainty>
  </origin>
  <magnitude publicID="quakeml:eu.emsc/event/19980117_0000010/origin/1498691/mag/2">
    <mag>
      <value>3.1</value>
    </mag>
    <type>ML</type>
    <originID>quakeml:eu.emsc/event/19980117_0000010/origin/1498691</originID>
    <stationCount>9</stationCount>
    <creationInfo>
      <agencyURI>smi:smi-registry/organization/EMSC</agencyURI>
      <authorURI>smi:smi-registry/organization/EMSC</authorURI>
    </creationInfo>
  </magnitude>
</event>
<event publicID="quakeml:eu.emsc/event/19980117_0000021">
  <preferredOriginID>quakeml:eu.emsc/event/19980117_0000021/origin/1485824</preferredOriginID>
  <preferredMagnitudeID>quakeml:eu.emsc/event/19980117_0000021/origin/1485824/mag/2</preferredMagnitudeID>
  <creationInfo>
    <agencyURI>smi:smi-registry/organization/EMSC</agencyURI>
    <authorURI>smi:smi-registry/organization/EMSC</authorURI>
    <creationTime>2014-12-10T12:52:49.657873Z</creationTime>
  </creationInfo>
  <description>
    <text>NORTHERN ITALY</text>
    <type>Flinn-Engdahl region</type>
  </description>
  <origin publicID="quakeml:eu.emsc/event/19980117_0000021/origin/1485824">
    <time>
      <value>1998-01-17T17:41:53.1Z</value>
    </time>
    <latitude>
      <value>44.4683</value>
      <uncertainty>9999.9</uncertainty>
    </latitude>
    <longitude>
      <value>7.269</value>
      <uncertainty>9999.9</uncertainty>
    </longitude>
    <depth>
      <value>12700.0</value>
    </depth>
    <depthType>from location</depthType>
    <methodID>smi:eu.emsc-csem/origin_method/NA</methodID>
    <quality>
      <usedPhaseCount>10</usedPhaseCount>
      <usedStationCount>6</usedStationCount>
      <standardError>9.48</standardError>
      <azimuthalGap>133</azimuthalGap>
      <minimumDistance>0.13</minimumDistance>
      <maximumDistance>0.71</maximumDistance>
    </quality>
    <evaluationMode>manual</evaluationMode>
    <creationInfo>
      <agencyURI>smi:smi-registry/organization/EMSC</agencyURI>
      <authorURI>smi:smi-registry/organization/EMSC</authorURI>
    </creationInfo>
    <originUncertainty>
      <azimuthMaxHorizontalUncertainty>-99</azimuthMaxHorizontalUncertainty>
    </originUncertainty>
  </origin>
  <magnitude publicID="quakeml:eu.emsc/event/19980117_0000021/origin/1485824/mag/2">
    <mag>
      <value>1.8</value>
    </mag>
    <type>ML</type>
    <originID>quakeml:eu.emsc/event/19980117_0000021/origin/1485824</originID>
    <creationInfo>
      <agencyURI>smi:smi-registry/organization/EMSC</agencyURI>
      <authorURI>smi:smi-registry/organization/EMSC</authorURI>
    </creationInfo>
  </magnitude>
</event>
<event publicID="quakeml:eu.emsc/event/19980117_0000009">
  <preferredOriginID>quakeml:eu.emsc/event/19980117_0000009/origin/1485826</preferredOriginID>
  <preferredMagnitudeID>quakeml:eu.emsc/event/19980117_0000009/origin/1485826/mag/2</preferredMagnitudeID>
  <creationInfo>
    <agencyURI>smi:smi-registry/organization/EMSC</agencyURI>
    <authorURI>smi:smi-registry/organization/EMSC</authorURI>
    <creationTime>2014-12-11T00:20:16.918236Z</creationTime>
  </creationInfo>
  <description>
    <text>IONIAN SEA</text>
    <type>Flinn-Engdahl region</type>
  </description>
  <origin publicID="quakeml:eu.emsc/event/19980117_0000009/origin/1485826">
    <time>
      <value>1998-01-17T17:22:30.7Z</value>
    </time>
    <latitude>
      <value>37.07</value>
      <uncertainty>9999.9</uncertainty>
    </latitude>
    <longitude>
      <value>20.66</value>
      <uncertainty>9999.9</uncertainty>
    </longitude>
    <depth>
      <value>5000</value>
    </depth>
    <depthType>from location</depthType>
    <methodID>smi:eu.emsc-csem/origin_method/NA</methodID>
    <quality>
      <usedPhaseCount>7</usedPhaseCount>
      <usedStationCount>4</usedStationCount>
      <standardError>1.53</standardError>
      <azimuthalGap>256</azimuthalGap>
      <minimumDistance>1.02</minimumDistance>
      <maximumDistance>1.86</maximumDistance>
    </quality>
    <evaluationMode>manual</evaluationMode>
    <creationInfo>
      <agencyURI>smi:smi-registry/organization/EMSC</agencyURI>
      <authorURI>smi:smi-registry/organization/EMSC</authorURI>
    </creationInfo>
    <originUncertainty>
      <azimuthMaxHorizontalUncertainty>-99</azimuthMaxHorizontalUncertainty>
    </originUncertainty>
  </origin>
  <magnitude publicID="quakeml:eu.emsc/event/19980117_0000009/origin/1485826/mag/2">
    <mag>
      <value>3.2</value>
    </mag>
    <type>MD</type>
    <originID>quakeml:eu.emsc/event/19980117_0000009/origin/1485826</originID>
    <creationInfo>
      <agencyURI>smi:smi-registry/organization/EMSC</agencyURI>
      <authorURI>smi:smi-registry/organization/EMSC</authorURI>
    </creationInfo>
  </magnitude>
</event>
<event publicID="quakeml:eu.emsc/event/19980117_0000019">
  <preferredOriginID>quakeml:eu.emsc/event/19980117_0000019/origin/1485828</preferredOriginID>
  <preferredMagnitudeID>quakeml:eu.emsc/event/19980117_0000019/origin/1485828/mag/2</preferredMagnitudeID>
  <creationInfo>
    <agencyURI>smi:smi-registry/organization/EMSC</agencyURI>
    <authorURI>smi:smi-registry/organization/EMSC</authorURI>
    <creationTime>2014-12-10T12:52:49.139232Z</creationTime>
  </creationInfo>
  <description>
    <text>GERMANY</text>
    <type>Flinn-Engdahl region</type>
  </description>
  <origin publicID="quakeml:eu.emsc/event/19980117_0000019/origin/1485828">
    <time>
      <value>1998-01-17T15:41:11.9Z</value>
    </time>
    <latitude>
      <value>49.34</value>
      <uncertainty>9999.9</uncertainty>
    </latitude>
    <longitude>
      <value>7.08</value>
      <uncertainty>9999.9</uncertainty>
    </longitude>
    <depth>
      <value>1000</value>
    </depth>
    <depthType>from location</depthType>
    <methodID>smi:eu.emsc-csem/origin_method/NA</methodID>
    <quality>
      <usedPhaseCount>7</usedPhaseCount>
      <usedStationCount>4</usedStationCount>
      <standardError>0.61</standardError>
      <azimuthalGap>179</azimuthalGap>
      <minimumDistance>0.36</minimumDistance>
      <maximumDistance>1.49</maximumDistance>
    </quality>
    <evaluationMode>manual</evaluationMode>
    <creationInfo>
      <agencyURI>smi:smi-registry/organization/EMSC</agencyURI>
      <authorURI>smi:smi-registry/organization/EMSC</authorURI>
    </creationInfo>
    <originUncertainty>
      <azimuthMaxHorizontalUncertainty>-99</azimuthMaxHorizontalUncertainty>
    </originUncertainty>
  </origin>
  <magnitude publicID="quakeml:eu.emsc/event/19980117_0000019/origin/1485828/mag/2">
    <mag>
      <value>1.5</value>
    </mag>
    <type>ML</type>
    <originID>quakeml:eu.emsc/event/19980117_0000019/origin/1485828</originID>
    <creationInfo>
      <agencyURI>smi:smi-registry/organization/EMSC</agencyURI>
      <authorURI>smi:smi-registry/organization/EMSC</authorURI>
    </creationInfo>
  </magnitude>
</event>
<event publicID="quakeml:eu.emsc/event/19980117_0000023">
  <preferredOriginID>quakeml:eu.emsc/event/19980117_0000023/origin/1485830</preferredOriginID>
  <preferredMagnitudeID>quakeml:eu.emsc/event/19980117_0000023/origin/1485830/mag/2</preferredMagnitudeID>
  <creationInfo>
    <agencyURI>smi:smi-registry/organization/EMSC</agencyURI>
    <authorURI>smi:smi-registry/organization/EMSC</authorURI>
    <creationTime>2014-12-10T12:52:48.600596Z</creationTime>
  </creationInfo>
  <description>
    <text>NORTHERN ITALY</text>
    <type>Flinn-Engdahl region</type>
  </description>
  <origin publicID="quakeml:eu.emsc/event/19980117_0000023/origin/1485830">
    <time>
      <value>1998-01-17T14:08:00.4Z</value>
    </time>
    <latitude>
      <value>44.407</value>
      <uncertainty>9999.9</uncertainty>
    </latitude>
    <longitude>
      <value>7.285</value>
      <uncertainty>9999.9</uncertainty>
    </longitude>
    <depth>
      <value>12400.0</value>
    </depth>
    <depthType>from location</depthType>
    <methodID>smi:eu.emsc-csem/origin_method/NA</methodID>
    <quality>
      <usedPhaseCount>13</usedPhaseCount>
      <usedStationCount>7</usedStationCount>
      <standardError>9.52</standardError>
      <azimuthalGap>136</azimuthalGap>
      <minimumDistance>0.16</minimumDistance>
      <maximumDistance>0.69</maximumDistance>
    </quality>
    <evaluationMode>manual</evaluationMode>
    <creationInfo>
      <agencyURI>smi:smi-registry/organization/EMSC</agencyURI>
      <authorURI>smi:smi-registry/organization/EMSC</authorURI>
    </creationInfo>
    <originUncertainty>
      <azimuthMaxHorizontalUncertainty>-99</azimuthMaxHorizontalUncertainty>
    </originUncertainty>
  </origin>
  <magnitude publicID="quakeml:eu.emsc/event/19980117_0000023/origin/1485830/mag/2">
    <mag>
      <value>1.8</value>
    </mag>
    <type>ML</type>
    <originID>quakeml:eu.emsc/event/19980117_0000023/origin/1485830</originID>
    <creationInfo>
      <agencyURI>smi:smi-registry/organization/EMSC</agencyURI>
      <authorURI>smi:smi-registry/organization/EMSC</authorURI>
    </creationInfo>
  </magnitude>
</event>
<event publicID="quakeml:eu.emsc/event/19980117_0000008">
  <preferredOriginID>quakeml:eu.emsc/event/19980117_0000008/origin/1500221</preferredOriginID>
  <preferredMagnitudeID>quakeml:eu.emsc/event/19980117_0000008/origin/1500221/mag/2</preferredMagnitudeID>
  <creationInfo>
    <agencyURI>smi:smi-registry/organization/EMSC</agencyURI>
    <authorURI>smi:smi-registry/organization/EMSC</authorURI>
    <creationTime>2014-12-11T00:16:32.82282Z</creationTime>
  </creationInfo>
  <description>
    <text>SICILY, ITALY</text>
    <type>Flinn-Engdahl region</type>
  </description>
  <origin publicID="quakeml:eu.emsc/event/19980117_0000008/origin/1500221">
    <time>
      <value>1998-01-17T12:56:29.3Z</value>
    </time>
    <latitude>
      <value>37.9527</value>
      <uncertainty>9999.9</uncertainty>
    </latitude>
    <longitude>
      <value>12.2014</value>
      <uncertainty>9999.9</uncertainty>
    </longitude>
    <depth>
      <value>2000</value>
    </depth>
    <depthType>from location</depthType>
    <methodID>smi:eu.emsc-csem/origin_method/NA</methodID>
    <quality>
      <usedPhaseCount>7</usedPhaseCount>
      <usedStationCount>4</usedStationCount>
      <standardError>5.25</standardError>
      <azimuthalGap>350</azimuthalGap>
      <minimumDistance>5.2</minimumDistance>
      <maximumDistance>7.06</maximumDistance>
    </quality>
    <evaluationMode>manual</evaluationMode>
    <creationInfo>
      <agencyURI>smi:smi-registry/organization/EMSC</agencyURI>
      <authorURI>smi:smi-registry/organization/EMSC</authorURI>
    </creationInfo>
    <originUncertainty>
      <azimuthMaxHorizontalUncertainty>-99</azimuthMaxHorizontalUncertainty>
    </originUncertainty>
  </origin>
  <magnitude publicID="quakeml:eu.emsc/event/19980117_0000008/origin/1500221/mag/2">
    <mag>
      <value>3.3</value>
    </mag>
    <type>ML</type>
    <originID>quakeml:eu.emsc/event/19980117_0000008/origin/1500221</originID>
    <stationCount>3</stationCount>
    <creationInfo>
      <agencyURI>smi:smi-registry/organization/EMSC</agencyURI>
      <authorURI>smi:smi-registry/organization/EMSC</authorURI>
    </creationInfo>
  </magnitude>
</event>
<event publicID="quakeml:eu.emsc/event/19980117_0000006">
  <preferredOriginID>quakeml:eu.emsc/event/19980117_0000006/origin/1498695</preferredOriginID>
  <preferredMagnitudeID>quakeml:eu.emsc/event/19980117_0000006/origin/1498695/mag/2</preferredMagnitudeID>
  <creationInfo>
    <agencyURI>smi:smi-registry/organization/EMSC</agencyURI>
    <authorURI>smi:smi-registry/organization/EMSC</authorURI>
    <creationTime>2014-12-03T11:57:20.583854Z</creationTime>
  </creationInfo>
  <description>
    <text>SICILY, ITALY</text>
    <type>Flinn-Engdahl region</type>
  </description>
  <origin publicID="quakeml:eu.emsc/event/19980117_0000006/origin/1498695">
    <time>
      <value>1998-01-17T12:32:49.5Z</value>
      <uncertainty>0.15</uncertainty>
    </time>
    <latitude>
      <value>38.33</value>
      <uncertainty>4.3</uncertainty>
    </latitude>
    <longitude>
      <value>12.7662</value>
      <uncertainty>2.6</uncertainty>
    </longitude>
    <depth>
      <value>20000</value>
    </depth>
    <depthType>from location</depthType>
    <methodID>smi:eu.emsc-csem/origin_method/NA</methodID>
    <quality>
      <usedPhaseCount>142</usedPhaseCount>
      <usedStationCount>135</usedStationCount>
      <standardError>0.98</standardError>
      <azimuthalGap>80</azimuthalGap>
      <minimumDistance>0.32</minimumDistance>
      <maximumDistance>25.23</maximumDistance>
    </quality>
    <evaluationMode>manual</evaluationMode>
    <creationInfo>
      <agencyURI>smi:smi-registry/organization/EMSC</agencyURI>
      <authorURI>smi:smi-registry/organization/EMSC</authorURI>
    </creationInfo>
    <originUncertainty>
      <azimuthMaxHorizontalUncertainty>23</azimuthMaxHorizontalUncertainty>
    </originUncertainty>
  </origin>
  <magnitude publicID="quakeml:eu.emsc/event/19980117_0000006/origin/1498695/mag/2">
    <mag>
      <value>3.7</value>
    </mag>
    <type>ML</type>
    <originID>quakeml:eu.emsc/event/19980117_0000006/origin/1498695</originID>
    <stationCount>37</stationCount>
    <creationInfo>
      <agencyURI>smi:smi-registry/organization/EMSC</agencyURI>
      <authorURI>smi:smi-registry/organization/EMSC</authorURI>
    </creationInfo>
  </magnitude>
</event>
<event publicID="quakeml:eu.emsc/event/19980117_0000025">
  <preferredOriginID>quakeml:eu.emsc/event/19980117_0000025/origin/1498385</preferredOriginID>
  <preferredMagnitudeID>quakeml:eu.emsc/event/19980117_0000025/origin/1498385/mag/2</preferredMagnitudeID>
  <creationInfo>
    <agencyURI>smi:smi-registry/organization/EMSC</agencyURI>
    <authorURI>smi:smi-registry/organization/EMSC</authorURI>
    <creationTime>2014-12-03T16:29:00.662396Z</creationTime>
  </creationInfo>
  <description>
    <text>FRANCE</text>
    <type>Flinn-Engdahl region</type>
  </description>
  <origin publicID="quakeml:eu.emsc/event/19980117_0000025/origin/1498385">
    <time>
      <value>1998-01-17T12:02:58.4Z</value>
      <uncertainty>0.36</uncertainty>
    </time>
    <latitude>
      <value>48.4327</value>
      <uncertainty>5</uncertainty>
    </latitude>
    <longitude>
      <value>7.5948</value>
      <uncertainty>2.7</uncertainty>
    </longitude>
    <depth>
      <value>17500.0</value>
      <uncertainty>3.2</uncertainty>
    </depth>
    <depthType>from location</depthType>
    <methodID>smi:eu.emsc-csem/origin_method/NA</methodID>
    <quality>
      <usedPhaseCount>13</usedPhaseCount>
      <usedStationCount>8</usedStationCount>
      <standardError>0.37</standardError>
      <azimuthalGap>232</azimuthalGap>
      <minimumDistance>0.16</minimumDistance>
      <maximumDistance>0.94</maximumDistance>
    </quality>
    <evaluationMode>manual</evaluationMode>
    <creationInfo>
      <agencyURI>smi:smi-registry/organization/EMSC</agencyURI>
      <authorURI>smi:smi-registry/organization/EMSC</authorURI>
    </creationInfo>
    <originUncertainty>
      <azimuthMaxHorizontalUncertainty>7</azimuthMaxHorizontalUncertainty>
    </originUncertainty>
  </origin>
  <magnitude publicID="quakeml:eu.emsc/event/19980117_0000025/origin/1498385/mag/2">
    <mag>
      <value>1.5</value>
    </mag>
    <type>ML</type>
    <originID>quakeml:eu.emsc/event/19980117_0000025/origin/1498385</originID>
    <stationCount>1</stationCount>
    <creationInfo>
      <agencyURI>smi:smi-registry/organization/EMSC</agencyURI>
      <authorURI>smi:smi-registry/organization/EMSC</authorURI>
    </creationInfo>
  </magnitude>
</event>
<event publicID="quakeml:eu.emsc/event/19980117_0000026">
  <preferredOriginID>quakeml:eu.emsc/event/19980117_0000026/origin/1485832</preferredOriginID>
  <preferredMagnitudeID>quakeml:eu.emsc/event/19980117_0000026/origin/1485832/mag/2</preferredMagnitudeID>
  <creationInfo>
    <agencyURI>smi:smi-registry/organization/EMSC</agencyURI>
    <authorURI>smi:smi-registry/organization/EMSC</authorURI>
    <creationTime>2014-12-10T12:52:48.78299Z</creationTime>
  </creationInfo>
  <description>
    <text>NORTHERN ITALY</text>
    <type>Flinn-Engdahl region</type>
  </description>
  <origin publicID="quakeml:eu.emsc/event/19980117_0000026/origin/1485832">
    <time>
      <value>1998-01-17T12:00:18.1Z</value>
    </time>
    <latitude>
      <value>44.1552</value>
      <uncertainty>9999.9</uncertainty>
    </latitude>
    <longitude>
      <value>7.3565</value>
      <uncertainty>9999.9</uncertainty>
    </longitude>
    <depth>
      <value>8400.0</value>
    </depth>
    <depthType>from location</depthType>
    <methodID>smi:eu.emsc-csem/origin_method/NA</methodID>
    <quality>
      <usedPhaseCount>14</usedPhaseCount>
      <usedStationCount>8</usedStationCount>
      <standardError>4.23</standardError>
      <azimuthalGap>210</azimuthalGap>
      <minimumDistance>0.08</minimumDistance>
      <maximumDistance>0.68</maximumDistance>
    </quality>
    <evaluationMode>manual</evaluationMode>
    <creationInfo>
      <agencyURI>smi:smi-registry/organization/EMSC</agencyURI>
      <authorURI>smi:smi-registry/organization/EMSC</authorURI>
    </creationInfo>
    <originUncertainty>
      <azimuthMaxHorizontalUncertainty>-99</azimuthMaxHorizontalUncertainty>
    </originUncertainty>
  </origin>
  <magnitude publicID="quakeml:eu.emsc/event/19980117_0000026/origin/1485832/mag/2">
    <mag>
      <value>1.9</value>
    </mag>
    <type>ML</type>
    <originID>quakeml:eu.emsc/event/19980117_0000026/origin/1485832</originID>
    <creationInfo>
      <agencyURI>smi:smi-registry/organization/EMSC</agencyURI>
      <authorURI>smi:smi-registry/organization/EMSC</authorURI>
    </creationInfo>
  </magnitude>
</event>
<event publicID="quakeml:eu.emsc/event/19980117_0000005">
  <preferredOriginID>quakeml:eu.emsc/event/19980117_0000005/origin/1485834</preferredOriginID>
  <preferredMagnitudeID>quakeml:eu.emsc/event/19980117_0000005/origin/1485834/mag/2</preferredMagnitudeID>
  <creationInfo>
    <agencyURI>smi:smi-registry/organization/EMSC</agencyURI>
    <authorURI>smi:smi-registry/organization/EMSC</authorURI>
    <creationTime>2014-12-11T00:04:34.183618Z</creationTime>
  </creationInfo>
  <description>
    <text>SOUTHERN GREECE</text>
    <type>Flinn-Engdahl region</type>
  </description>
  <origin publicID="quakeml:eu.emsc/event/19980117_0000005/origin/1485834">
    <time>
      <value>1998-01-17T09:59:39.7Z</value>
    </time>
    <latitude>
      <value>37.22</value>
      <uncertainty>9999.9</uncertainty>
    </latitude>
    <longitude>
      <value>21.25</value>
      <uncertainty>9999.9</uncertainty>
    </longitude>
    <depth>
      <value>5000</value>
    </depth>
    <depthType>from location</depthType>
    <methodID>smi:eu.emsc-csem/origin_method/NA</methodID>
    <quality>
      <usedPhaseCount>5</usedPhaseCount>
      <usedStationCount>5</usedStationCount>
      <standardError>1.76</standardError>
      <azimuthalGap>221</azimuthalGap>
      <minimumDistance>0.54</minimumDistance>
      <maximumDistance>2.1</maximumDistance>
    </quality>
    <evaluationMode>manual</evaluationMode>
    <creationInfo>
      <agencyURI>smi:smi-registry/organization/EMSC</agencyURI>
      <authorURI>smi:smi-registry/organization/EMSC</authorURI>
    </creationInfo>
    <originUncertainty>
      <azimuthMaxHorizontalUncertainty>-99</azimuthMaxHorizontalUncertainty>
    </originUncertainty>
  </origin>
  <magnitude publicID="quakeml:eu.emsc/event/19980117_0000005/origin/1485834/mag/2">
    <mag>
      <value>3.3</value>
    </mag>
    <type>ML</type>
    <originID>quakeml:eu.emsc/event/19980117_0000005/origin/1485834</originID>
    <creationInfo>
      <agencyURI>smi:smi-registry/organization/EMSC</agencyURI>
      <authorURI>smi:smi-registry/organization/EMSC</authorURI>
    </creationInfo>
  </magnitude>
</event>
<event publicID="quakeml:eu.emsc/event/19980117_0000028">
  <preferredOriginID>quakeml:eu.emsc/event/19980117_0000028/origin/1485836</preferredOriginID>
  <preferredMagnitudeID>quakeml:eu.emsc/event/19980117_0000028/origin/1485836/mag/2</preferredMagnitudeID>
  <creationInfo>
    <agencyURI>smi:smi-registry/organization/EMSC</agencyURI>
    <authorURI>smi:smi-registry/organization/EMSC</authorURI>
    <creationTime>2014-12-10T12:52:47.561924Z</creationTime>
  </creationInfo>
  <description>
    <text>GERMANY</text>
    <type>Flinn-Engdahl region</type>
  </description>
  <origin publicID="quakeml:eu.emsc/event/19980117_0000028/origin/1485836">
    <time>
      <value>1998-01-17T09:31:33.7Z</value>
    </time>
    <latitude>
      <value>49.17</value>
      <uncertainty>9999.9</uncertainty>
    </latitude>
    <longitude>
      <value>6.77</value>
      <uncertainty>9999.9</uncertainty>
    </longitude>
    <depth>
      <value>1000</value>
    </depth>
    <depthType>from location</depthType>
    <methodID>smi:eu.emsc-csem/origin_method/NA</methodID>
    <quality>
      <usedPhaseCount>10</usedPhaseCount>
      <usedStationCount>5</usedStationCount>
      <standardError>0.71</standardError>
      <azimuthalGap>170</azimuthalGap>
      <minimumDistance>0.56</minimumDistance>
      <maximumDistance>1.34</maximumDistance>
    </quality>
    <evaluationMode>manual</evaluationMode>
    <creationInfo>
      <agencyURI>smi:smi-registry/organization/EMSC</agencyURI>
      <authorURI>smi:smi-registry/organization/EMSC</authorURI>
    </creationInfo>
    <originUncertainty>
      <azimuthMaxHorizontalUncertainty>-99</azimuthMaxHorizontalUncertainty>
    </originUncertainty>
  </origin>
  <magnitude publicID="quakeml:eu.emsc/event/19980117_0000028/origin/1485836/mag/2">
    <mag>
      <value>1.5</value>
    </mag>
    <type>ML</type>
    <originID>quakeml:eu.emsc/event/19980117_0000028/origin/1485836</originID>
    <creationInfo>
      <agencyURI>smi:smi-registry/organization/EMSC</agencyURI>
      <authorURI>smi:smi-registry/organization/EMSC</authorURI>
    </creationInfo>
  </magnitude>
</event>
<event publicID="quakeml:eu.emsc/event/19980117_0000004">
  <preferredOriginID>quakeml:eu.emsc/event/19980117_0000004/origin/1498697</preferredOriginID>
  <preferredMagnitudeID>quakeml:eu.emsc/event/19980117_0000004/origin/1498697/mag/2</preferredMagnitudeID>
  <creationInfo>
    <agencyURI>smi:smi-registry/organization/EMSC</agencyURI>
    <authorURI>smi:smi-registry/organization/EMSC</authorURI>
    <creationTime>2014-12-03T10:43:55.15291Z</creationTime>
  </creationInfo>
  <description>
    <text>IONIAN SEA</text>
    <type>Flinn-Engdahl region</type>
  </description>
  <origin publicID="quakeml:eu.emsc/event/19980117_0000004/origin/1498697">
    <time>
      <value>1998-01-17T08:53:48.4Z</value>
      <uncertainty>1.11</uncertainty>
    </time>
    <latitude>
      <value>37.1966</value>
      <uncertainty>23.2</uncertainty>
    </latitude>
    <longitude>
      <value>20.8952</value>
      <uncertainty>11.8</uncertainty>
    </longitude>
    <depth>
      <value>2000</value>
    </depth>
    <depthType>from location</depthType>
    <methodID>smi:eu.emsc-csem/origin_method/NA</methodID>
    <quality>
      <usedPhaseCount>23</usedPhaseCount>
      <usedStationCount>19</usedStationCount>
      <standardError>1.04</standardError>
      <azimuthalGap>255</azimuthalGap>
      <minimumDistance>0.82</minimumDistance>
      <maximumDistance>4.79</maximumDistance>
    </quality>
    <evaluationMode>manual</evaluationMode>
    <creationInfo>
      <agencyURI>smi:smi-registry/organization/EMSC</agencyURI>
      <authorURI>smi:smi-registry/organization/EMSC</authorURI>
    </creationInfo>
    <originUncertainty>
      <azimuthMaxHorizontalUncertainty>36</azimuthMaxHorizontalUncertainty>
    </originUncertainty>
  </origin>
  <magnitude publicID="quakeml:eu.emsc/event/19980117_0000004/origin/1498697/mag/2">
    <mag>
      <value>3.2</value>
    </mag>
    <type>MD</type>
    <originID>quakeml:eu.emsc/event/19980117_0000004/origin/1498697</originID>
    <creationInfo>
      <agencyURI>smi:smi-registry/organization/EMSC</agencyURI>
      <authorURI>smi:smi-registry/organization/EMSC</authorURI>
    </creationInfo>
  </magnitude>
</event>
<event publicID="quakeml:eu.emsc/event/19980117_0000003">
  <preferredOriginID>quakeml:eu.emsc/event/19980117_0000003/origin/1485838</preferredOriginID>
  <preferredMagnitudeID>quakeml:eu.emsc/event/19980117_0000003/origin/1485838/mag/2</preferredMagnitudeID>
  <creationInfo>
    <agencyURI>smi:smi-registry/organization/EMSC</agencyURI>
    <authorURI>smi:smi-registry/organization/EMSC</authorURI>
    <creationTime>2014-12-10T23:52:24.743154Z</creationTime>
  </creationInfo>
  <description>
    <text>WESTERN IRAN</text>
    <type>Flinn-Engdahl region</type>
  </description>
  <origin publicID="quakeml:eu.emsc/event/19980117_0000003/origin/1485838">
    <time>
      <value>1998-01-17T05:21:35.3Z</value>
    </time>
    <latitude>
      <value>32.574</value>
      <uncertainty>9999.9</uncertainty>
    </latitude>
    <longitude>
      <value>48.103</value>
      <uncertainty>9999.9</uncertainty>
    </longitude>
    <depth>
      <value>33000</value>
    </depth>
    <depthType>from location</depthType>
    <methodID>smi:eu.emsc-csem/origin_method/NA</methodID>
    <quality>
      <usedPhaseCount>14</usedPhaseCount>
      <usedStationCount>14</usedStationCount>
      <standardError>1.84</standardError>
      <azimuthalGap>121</azimuthalGap>
      <minimumDistance>21.08</minimumDistance>
      <maximumDistance>64.61</maximumDistance>
    </quality>
    <evaluationMode>manual</evaluationMode>
    <creationInfo>
      <agencyURI>smi:smi-registry/organization/EMSC</agencyURI>
      <authorURI>smi:smi-registry/organization/EMSC</authorURI>
    </creationInfo>
    <originUncertainty>
      <azimuthMaxHorizontalUncertainty>-99</azimuthMaxHorizontalUncertainty>
    </originUncertainty>
  </origin>
  <magnitude publicID="quakeml:eu.emsc/event/19980117_0000003/origin/1485838/mag/2">
    <mag>
      <value>4.7</value>
    </mag>
    <type>mb</type>
    <originID>quakeml:eu.emsc/event/19980117_0000003/origin/1485838</originID>
    <stationCount>4</stationCount>
    <creationInfo>
      <agencyURI>smi:smi-registry/organization/EMSC</agencyURI>
      <authorURI>smi:smi-registry/organization/EMSC</authorURI>
    </creationInfo>
  </magnitude>
</event>
<event publicID="quakeml:eu.emsc/event/19980117_0000022">
  <preferredOriginID>quakeml:eu.emsc/event/19980117_0000022/origin/1498389</preferredOriginID>
  <preferredMagnitudeID>quakeml:eu.emsc/event/19980117_0000022/origin/1498389/mag/1</preferredMagnitudeID>
  <creationInfo>
    <agencyURI>smi:smi-registry/organization/EMSC</agencyURI>
    <authorURI>smi:smi-registry/organization/EMSC</authorURI>
    <creationTime>2014-12-03T15:51:10.459106Z</creationTime>
  </creationInfo>
  <description>
    <text>NORTHERN ITALY</text>
    <type>Flinn-Engdahl region</type>
  </description>
  <origin publicID="quakeml:eu.emsc/event/19980117_0000022/origin/1498389">
    <time>
      <value>1998-01-17T04:50:09.6Z</value>
      <uncertainty>0.06</uncertainty>
    </time>
    <latitude>
      <value>44.4899</value>
      <uncertainty>1.6</uncertainty>
    </latitude>
    <longitude>
      <value>7.2693</value>
      <uncertainty>1</uncertainty>
    </longitude>
    <depth>
      <value>15000</value>
    </depth>
    <depthType>from location</depthType>
    <methodID>smi:eu.emsc-csem/origin_method/NA</methodID>
    <quality>
      <usedPhaseCount>43</usedPhaseCount>
      <usedStationCount>26</usedStationCount>
      <standardError>0.47</standardError>
      <azimuthalGap>81</azimuthalGap>
      <minimumDistance>0.25</minimumDistance>
      <maximumDistance>1.89</maximumDistance>
    </quality>
    <evaluationMode>manual</evaluationMode>
    <creationInfo>
      <agencyURI>smi:smi-registry/organization/EMSC</agencyURI>
      <authorURI>smi:smi-registry/organization/EMSC</authorURI>
    </creationInfo>
    <originUncertainty>
      <azimuthMaxHorizontalUncertainty>67</azimuthMaxHorizontalUncertainty>
    </originUncertainty>
  </origin>
  <magnitude publicID="quakeml:eu.emsc/event/19980117_0000022/origin/1498389/mag/1">
    <mag>
      <value>2</value>
      <uncertainty>0.4</uncertainty>
    </mag>
    <type>ML</type>
    <originID>quakeml:eu.emsc/event/19980117_0000022/origin/1498389</originID>
    <stationCount>8</stationCount>
    <creationInfo>
      <agencyURI>smi:smi-registry/organization/EMSC</agencyURI>
      <authorURI>smi:smi-registry/organization/EMSC</authorURI>
    </creationInfo>
  </magnitude>
</event>
<event publicID="quakeml:eu.emsc/event/19980117_0000002">
  <preferredOriginID>quakeml:eu.emsc/event/19980117_0000002/origin/1498700</preferredOriginID>
  <preferredMagnitudeID>quakeml:eu.emsc/event/19980117_0000002/origin/1498700/mag/2</preferredMagnitudeID>
  <creationInfo>
    <agencyURI>smi:smi-registry/organization/EMSC</agencyURI>
    <authorURI>smi:smi-registry/organization/EMSC</authorURI>
    <creationTime>2014-12-03T12:01:03.597591Z</creationTime>
  </creationInfo>
  <description>
    <text>NEAR THE COAST OF WESTERN TURKEY</text>
    <type>Flinn-Engdahl region</type>
  </description>
  <origin publicID="quakeml:eu.emsc/event/19980117_0000002/origin/1498700">
    <time>
      <value>1998-01-17T02:58:59.4Z</value>
      <uncertainty>0.23</uncertainty>
    </time>
    <latitude>
      <value>39.8057</value>
      <uncertainty>10.2</uncertainty>
    </latitude>
    <longitude>
      <value>26.7967</value>
      <uncertainty>4.3</uncertainty>
    </longitude>
    <depth>
      <value>2000</value>
    </depth>
    <depthType>from location</depthType>
    <methodID>smi:eu.emsc-csem/origin_method/NA</methodID>
    <quality>
      <usedPhaseCount>10</usedPhaseCount>
      <usedStationCount>8</usedStationCount>
      <standardError>0.62</standardError>
      <azimuthalGap>142</azimuthalGap>
      <minimumDistance>0.36</minimumDistance>
      <maximumDistance>2.42</maximumDistance>
    </quality>
    <evaluationMode>manual</evaluationMode>
    <creationInfo>
      <agencyURI>smi:smi-registry/organization/EMSC</agencyURI>
      <authorURI>smi:smi-registry/organization/EMSC</authorURI>
    </creationInfo>
    <originUncertainty>
      <azimuthMaxHorizontalUncertainty>147</azimuthMaxHorizontalUncertainty>
    </originUncertainty>
  </origin>
  <magnitude publicID="quakeml:eu.emsc/event/19980117_0000002/origin/1498700/mag/2">
    <mag>
      <value>3.2</value>
    </mag>
    <type>MD</type>
    <originID>quakeml:eu.emsc/event/19980117_0000002/origin/1498700</originID>
    <creationInfo>
      <agencyURI>smi:smi-registry/organization/EMSC</agencyURI>
      <authorURI>smi:smi-registry/organization/EMSC</authorURI>
    </creationInfo>
  </magnitude>
</event>
<event publicID="quakeml:eu.emsc/event/19980117_0000027">
  <preferredOriginID>quakeml:eu.emsc/event/19980117_0000027/origin/1498392</preferredOriginID>
  <preferredMagnitudeID>quakeml:eu.emsc/event/19980117_0000027/origin/1498392/mag/1</preferredMagnitudeID>
  <creationInfo>
    <agencyURI>smi:smi-registry/organization/EMSC</agencyURI>
    <authorURI>smi:smi-registry/organization/EMSC</authorURI>
    <creationTime>2014-12-03T16:53:30.847427Z</creationTime>
  </creationInfo>
  <description>
    <text>FRANCE</text>
    <type>Flinn-Engdahl region</type>
  </description>
  <origin publicID="quakeml:eu.emsc/event/19980117_0000027/origin/1498392">
    <time>
      <value>1998-01-17T00:27:47.8Z</value>
      <uncertainty>0.11</uncertainty>
    </time>
    <latitude>
      <value>44.9606</value>
      <uncertainty>2.5</uncertainty>
    </latitude>
    <longitude>
      <value>6.6513</value>
      <uncertainty>1.8</uncertainty>
    </longitude>
    <depth>
      <value>10000</value>
    </depth>
    <depthType>from location</depthType>
    <methodID>smi:eu.emsc-csem/origin_method/NA</methodID>
    <quality>
      <usedPhaseCount>24</usedPhaseCount>
      <usedStationCount>15</usedStationCount>
      <standardError>0.43</standardError>
      <azimuthalGap>99</azimuthalGap>
      <minimumDistance>0.25</minimumDistance>
      <maximumDistance>1.63</maximumDistance>
    </quality>
    <evaluationMode>manual</evaluationMode>
    <creationInfo>
      <agencyURI>smi:smi-registry/organization/EMSC</agencyURI>
      <authorURI>smi:smi-registry/organization/EMSC</authorURI>
    </creationInfo>
    <originUncertainty>
      <azimuthMaxHorizontalUncertainty>90</azimuthMaxHorizontalUncertainty>
    </originUncertainty>
  </origin>
  <magnitude publicID="quakeml:eu.emsc/event/19980117_0000027/origin/1498392/mag/1">
    <mag>
      <value>1.3</value>
      <uncertainty>0.4</uncertainty>
    </mag>
    <type>ML</type>
    <originID>quakeml:eu.emsc/event/19980117_0000027/origin/1498392</originID>
    <stationCount>7</stationCount>
    <creationInfo>
      <agencyURI>smi:smi-registry/organization/EMSC</agencyURI>
      <authorURI>smi:smi-registry/organization/EMSC</authorURI>
    </creationInfo>
  </magnitude>
</event>
<event publicID="quakeml:eu.emsc/event/19980117_0000001">
  <preferredOriginID>quakeml:eu.emsc/event/19980117_0000001/origin/1498703</preferredOriginID>
  <preferredMagnitudeID>quakeml:eu.emsc/event/19980117_0000001/origin/1498703/mag/2</preferredMagnitudeID>
  <creationInfo>
    <agencyURI>smi:smi-registry/organization/EMSC</agencyURI>
    <authorURI>smi:smi-registry/organization/EMSC</authorURI>
    <creationTime>2014-12-03T12:13:50.13997Z</creationTime>
  </creationInfo>
  <description>
    <text>IONIAN SEA</text>
    <type>Flinn-Engdahl region</type>
  </description>
  <origin publicID="quakeml:eu.emsc/event/19980117_0000001/origin/1498703">
    <time>
      <value>1998-01-17T00:25:20.5Z</value>
      <uncertainty>0.98</uncertainty>
    </time>
    <latitude>
      <value>37.5704</value>
      <uncertainty>21.7</uncertainty>
    </latitude>
    <longitude>
      <value>20.9599</value>
      <uncertainty>11.7</uncertainty>
    </longitude>
    <depth>
      <value>2000</value>
    </depth>
    <depthType>from location</depthType>
    <methodID>smi:eu.emsc-csem/origin_method/NA</methodID>
    <quality>
      <usedPhaseCount>20</usedPhaseCount>
      <usedStationCount>16</usedStationCount>
      <standardError>1.19</standardError>
      <azimuthalGap>217</azimuthalGap>
      <minimumDistance>0.63</minimumDistance>
      <maximumDistance>3.89</maximumDistance>
    </quality>
    <evaluationMode>manual</evaluationMode>
    <creationInfo>
      <agencyURI>smi:smi-registry/organization/EMSC</agencyURI>
      <authorURI>smi:smi-registry/organization/EMSC</authorURI>
    </creationInfo>
    <originUncertainty>
      <azimuthMaxHorizontalUncertainty>47</azimuthMaxHorizontalUncertainty>
    </originUncertainty>
  </origin>
  <magnitude publicID="quakeml:eu.emsc/event/19980117_0000001/origin/1498703/mag/2">
    <mag>
      <value>3.6</value>
    </mag>
    <type>MD</type>
    <originID>quakeml:eu.emsc/event/19980117_0000001/origin/1498703</originID>
    <creationInfo>
      <agencyURI>smi:smi-registry/organization/EMSC</agencyURI>
      <authorURI>smi:smi-registry/organization/EMSC</authorURI>
    </creationInfo>
  </magnitude>
</event>
</eventParameters>
</q:quakeml>
