<?xml version="1.0"?>
<q:quakeml xmlns:q="http://quakeml.org/xmlns/quakeml/1.2"  xmlns="http://quakeml.org/xmlns/bed/1.2">
<eventParameters publicID="smi:eu.emsc/unid">
<event publicID="quakeml:eu.emsc/event/19980201_0000018">
  <preferredOriginID>quakeml:eu.emsc/event/19980201_0000018/origin/1485612</preferredOriginID>
  <preferredMagnitudeID>quakeml:eu.emsc/event/19980201_0000018/origin/1485612/mag/2</preferredMagnitudeID>
  <creationInfo>
    <agencyURI>smi:smi-registry/organization/EMSC</agencyURI>
    <authorURI>smi:smi-registry/organization/EMSC</authorURI>
    <creationTime>2014-12-10T12:53:13.44973Z</creationTime>
  </creationInfo>
  <description>
    <text>NEAR SOUTH COAST OF FRANCE</text>
    <type>Flinn-Engdahl region</type>
  </description>
  <origin publicID="quakeml:eu.emsc/event/19980201_0000018/origin/1485612">
    <time>
      <value>1998-02-01T23:42:09.3Z</value>
    </time>
    <latitude>
      <value>43.38</value>
      <uncertainty>9999.9</uncertainty>
    </latitude>
    <longitude>
      <value>5.46</value>
      <uncertainty>9999.9</uncertainty>
    </longitude>
    <depth>
      <value>1000</value>
    </depth>
    <depthType>from location</depthType>
    <methodID>smi:eu.emsc-csem/origin_method/NA</methodID>
    <quality>
      <usedPhaseCount>18</usedPhaseCount>
      <usedStationCount>15</usedStationCount>
      <standardError>1.09</standardError>
      <azimuthalGap>167</azimuthalGap>
      <minimumDistance>0.02</minimumDistance>
      <maximumDistance>1.64</maximumDistance>
    </quality>
    <evaluationMode>manual</evaluationMode>
    <creationInfo>
      <agencyURI>smi:smi-registry/organization/EMSC</agencyURI>
      <authorURI>smi:smi-registry/organization/EMSC</authorURI>
    </creationInfo>
    <originUncertainty>
      <azimuthMaxHorizontalUncertainty>-99</azimuthMaxHorizontalUncertainty>
    </originUncertainty>
  </origin>
  <magnitude publicID="quakeml:eu.emsc/event/19980201_0000018/origin/1485612/mag/2">
    <mag>
      <value>3.1</value>
    </mag>
    <type>ML</type>
    <originID>quakeml:eu.emsc/event/19980201_0000018/origin/1485612</originID>
    <creationInfo>
      <agencyURI>smi:smi-registry/organization/EMSC</agencyURI>
      <authorURI>smi:smi-registry/organization/EMSC</authorURI>
    </creationInfo>
  </magnitude>
</event>
<event publicID="quakeml:eu.emsc/event/19980201_0000014">
  <preferredOriginID>quakeml:eu.emsc/event/19980201_0000014/origin/1498234</preferredOriginID>
  <preferredMagnitudeID>quakeml:eu.emsc/event/19980201_0000014/origin/1498234/mag/2</preferredMagnitudeID>
  <creationInfo>
    <agencyURI>smi:smi-registry/organization/EMSC</agencyURI>
    <authorURI>smi:smi-registry/organization/EMSC</authorURI>
    <creationTime>2014-12-03T12:07:02.845211Z</creationTime>
  </creationInfo>
  <description>
    <text>IONIAN SEA</text>
    <type>Flinn-Engdahl region</type>
  </description>
  <origin publicID="quakeml:eu.emsc/event/19980201_0000014/origin/1498234">
    <time>
      <value>1998-02-01T19:44:01.7Z</value>
      <uncertainty>5.09</uncertainty>
    </time>
    <latitude>
      <value>37.2306</value>
      <uncertainty>150.9</uncertainty>
    </latitude>
    <longitude>
      <value>20.8115</value>
      <uncertainty>22.6</uncertainty>
    </longitude>
    <depth>
      <value>2000</value>
    </depth>
    <depthType>from location</depthType>
    <methodID>smi:eu.emsc-csem/origin_method/NA</methodID>
    <quality>
      <usedPhaseCount>6</usedPhaseCount>
      <usedStationCount>5</usedStationCount>
      <standardError>1.47</standardError>
      <azimuthalGap>243</azimuthalGap>
      <minimumDistance>0.89</minimumDistance>
      <maximumDistance>2.15</maximumDistance>
    </quality>
    <evaluationMode>manual</evaluationMode>
    <creationInfo>
      <agencyURI>smi:smi-registry/organization/EMSC</agencyURI>
      <authorURI>smi:smi-registry/organization/EMSC</authorURI>
    </creationInfo>
    <originUncertainty>
      <azimuthMaxHorizontalUncertainty>46</azimuthMaxHorizontalUncertainty>
    </originUncertainty>
  </origin>
  <magnitude publicID="quakeml:eu.emsc/event/19980201_0000014/origin/1498234/mag/2">
    <mag>
      <value>3</value>
    </mag>
    <type>MD</type>
    <originID>quakeml:eu.emsc/event/19980201_0000014/origin/1498234</originID>
    <creationInfo>
      <agencyURI>smi:smi-registry/organization/EMSC</agencyURI>
      <authorURI>smi:smi-registry/organization/EMSC</authorURI>
    </creationInfo>
  </magnitude>
</event>
<event publicID="quakeml:eu.emsc/event/19980201_0000019">
  <preferredOriginID>quakeml:eu.emsc/event/19980201_0000019/origin/1485614</preferredOriginID>
  <preferredMagnitudeID>quakeml:eu.emsc/event/19980201_0000019/origin/1485614/mag/2</preferredMagnitudeID>
  <creationInfo>
    <agencyURI>smi:smi-registry/organization/EMSC</agencyURI>
    <authorURI>smi:smi-registry/organization/EMSC</authorURI>
    <creationTime>2014-12-10T12:53:12.959395Z</creationTime>
  </creationInfo>
  <description>
    <text>NORTHERN ITALY</text>
    <type>Flinn-Engdahl region</type>
  </description>
  <origin publicID="quakeml:eu.emsc/event/19980201_0000019/origin/1485614">
    <time>
      <value>1998-02-01T16:55:58.3Z</value>
    </time>
    <latitude>
      <value>44.7872</value>
      <uncertainty>9999.9</uncertainty>
    </latitude>
    <longitude>
      <value>7.206</value>
      <uncertainty>9999.9</uncertainty>
    </longitude>
    <depth>
      <value>8600.0</value>
    </depth>
    <depthType>from location</depthType>
    <methodID>smi:eu.emsc-csem/origin_method/NA</methodID>
    <quality>
      <usedPhaseCount>8</usedPhaseCount>
      <usedStationCount>4</usedStationCount>
      <standardError>1.12</standardError>
      <azimuthalGap>170</azimuthalGap>
      <minimumDistance>0.09</minimumDistance>
      <maximumDistance>0.58</maximumDistance>
    </quality>
    <evaluationMode>manual</evaluationMode>
    <creationInfo>
      <agencyURI>smi:smi-registry/organization/EMSC</agencyURI>
      <authorURI>smi:smi-registry/organization/EMSC</authorURI>
    </creationInfo>
    <originUncertainty>
      <azimuthMaxHorizontalUncertainty>-99</azimuthMaxHorizontalUncertainty>
    </originUncertainty>
  </origin>
  <magnitude publicID="quakeml:eu.emsc/event/19980201_0000019/origin/1485614/mag/2">
    <mag>
      <value>1.8</value>
    </mag>
    <type>ML</type>
    <originID>quakeml:eu.emsc/event/19980201_0000019/origin/1485614</originID>
    <creationInfo>
      <agencyURI>smi:smi-registry/organization/EMSC</agencyURI>
      <authorURI>smi:smi-registry/organization/EMSC</authorURI>
    </creationInfo>
  </magnitude>
</event>
<event publicID="quakeml:eu.emsc/event/19980201_0000011">
  <preferredOriginID>quakeml:eu.emsc/event/19980201_0000011/origin/1498236</preferredOriginID>
  <preferredMagnitudeID>quakeml:eu.emsc/event/19980201_0000011/origin/1498236/mag/2</preferredMagnitudeID>
  <creationInfo>
    <agencyURI>smi:smi-registry/organization/EMSC</agencyURI>
    <authorURI>smi:smi-registry/organization/EMSC</authorURI>
    <creationTime>2014-12-03T10:55:20.93181Z</creationTime>
  </creationInfo>
  <description>
    <text>CENTRAL MEDITERRANEAN SEA</text>
    <type>Flinn-Engdahl region</type>
  </description>
  <origin publicID="quakeml:eu.emsc/event/19980201_0000011/origin/1498236">
    <time>
      <value>1998-02-01T10:12:57.6Z</value>
      <uncertainty>3.61</uncertainty>
    </time>
    <latitude>
      <value>36.9838</value>
      <uncertainty>87.4</uncertainty>
    </latitude>
    <longitude>
      <value>20.4585</value>
      <uncertainty>21.9</uncertainty>
    </longitude>
    <depth>
      <value>2000</value>
    </depth>
    <depthType>from location</depthType>
    <methodID>smi:eu.emsc-csem/origin_method/NA</methodID>
    <quality>
      <usedPhaseCount>7</usedPhaseCount>
      <usedStationCount>5</usedStationCount>
      <standardError>1.42</standardError>
      <azimuthalGap>268</azimuthalGap>
      <minimumDistance>1.19</minimumDistance>
      <maximumDistance>2.52</maximumDistance>
    </quality>
    <evaluationMode>manual</evaluationMode>
    <creationInfo>
      <agencyURI>smi:smi-registry/organization/EMSC</agencyURI>
      <authorURI>smi:smi-registry/organization/EMSC</authorURI>
    </creationInfo>
    <originUncertainty>
      <azimuthMaxHorizontalUncertainty>52</azimuthMaxHorizontalUncertainty>
    </originUncertainty>
  </origin>
  <magnitude publicID="quakeml:eu.emsc/event/19980201_0000011/origin/1498236/mag/2">
    <mag>
      <value>3.2</value>
    </mag>
    <type>MD</type>
    <originID>quakeml:eu.emsc/event/19980201_0000011/origin/1498236</originID>
    <creationInfo>
      <agencyURI>smi:smi-registry/organization/EMSC</agencyURI>
      <authorURI>smi:smi-registry/organization/EMSC</authorURI>
    </creationInfo>
  </magnitude>
</event>
<event publicID="quakeml:eu.emsc/event/19980201_0000010">
  <preferredOriginID>quakeml:eu.emsc/event/19980201_0000010/origin/1498239</preferredOriginID>
  <preferredMagnitudeID>quakeml:eu.emsc/event/19980201_0000010/origin/1498239/mag/2</preferredMagnitudeID>
  <creationInfo>
    <agencyURI>smi:smi-registry/organization/EMSC</agencyURI>
    <authorURI>smi:smi-registry/organization/EMSC</authorURI>
    <creationTime>2014-12-03T12:08:04.36075Z</creationTime>
  </creationInfo>
  <description>
    <text>NEAR THE COAST OF WESTERN TURKEY</text>
    <type>Flinn-Engdahl region</type>
  </description>
  <origin publicID="quakeml:eu.emsc/event/19980201_0000010/origin/1498239">
    <time>
      <value>1998-02-01T09:49:14.4Z</value>
      <uncertainty>0.4</uncertainty>
    </time>
    <latitude>
      <value>38.7403</value>
      <uncertainty>12.3</uncertainty>
    </latitude>
    <longitude>
      <value>26.6286</value>
      <uncertainty>10.1</uncertainty>
    </longitude>
    <depth>
      <value>40000</value>
    </depth>
    <depthType>from location</depthType>
    <methodID>smi:eu.emsc-csem/origin_method/NA</methodID>
    <quality>
      <usedPhaseCount>13</usedPhaseCount>
      <usedStationCount>12</usedStationCount>
      <standardError>1.09</standardError>
      <azimuthalGap>103</azimuthalGap>
      <minimumDistance>0.58</minimumDistance>
      <maximumDistance>3.75</maximumDistance>
    </quality>
    <evaluationMode>manual</evaluationMode>
    <creationInfo>
      <agencyURI>smi:smi-registry/organization/EMSC</agencyURI>
      <authorURI>smi:smi-registry/organization/EMSC</authorURI>
    </creationInfo>
    <originUncertainty>
      <azimuthMaxHorizontalUncertainty>84</azimuthMaxHorizontalUncertainty>
    </originUncertainty>
  </origin>
  <magnitude publicID="quakeml:eu.emsc/event/19980201_0000010/origin/1498239/mag/2">
    <mag>
      <value>3.5</value>
    </mag>
    <type>MD</type>
    <originID>quakeml:eu.emsc/event/19980201_0000010/origin/1498239</originID>
    <creationInfo>
      <agencyURI>smi:smi-registry/organization/EMSC</agencyURI>
      <authorURI>smi:smi-registry/organization/EMSC</authorURI>
    </creationInfo>
  </magnitude>
</event>
<event publicID="quakeml:eu.emsc/event/19980201_0000009">
  <preferredOriginID>quakeml:eu.emsc/event/19980201_0000009/origin/1498242</preferredOriginID>
  <preferredMagnitudeID>quakeml:eu.emsc/event/19980201_0000009/origin/1498242/mag/2</preferredMagnitudeID>
  <creationInfo>
    <agencyURI>smi:smi-registry/organization/EMSC</agencyURI>
    <authorURI>smi:smi-registry/organization/EMSC</authorURI>
    <creationTime>2014-12-03T10:55:17.995771Z</creationTime>
  </creationInfo>
  <description>
    <text>NEAR THE COAST OF WESTERN TURKEY</text>
    <type>Flinn-Engdahl region</type>
  </description>
  <origin publicID="quakeml:eu.emsc/event/19980201_0000009/origin/1498242">
    <time>
      <value>1998-02-01T09:48:43.2Z</value>
      <uncertainty>0.52</uncertainty>
    </time>
    <latitude>
      <value>38.725</value>
      <uncertainty>16.9</uncertainty>
    </latitude>
    <longitude>
      <value>26.5017</value>
      <uncertainty>8</uncertainty>
    </longitude>
    <depth>
      <value>15000</value>
    </depth>
    <depthType>from location</depthType>
    <methodID>smi:eu.emsc-csem/origin_method/NA</methodID>
    <quality>
      <usedPhaseCount>8</usedPhaseCount>
      <usedStationCount>7</usedStationCount>
      <standardError>0.71</standardError>
      <azimuthalGap>175</azimuthalGap>
      <minimumDistance>0.55</minimumDistance>
      <maximumDistance>2.15</maximumDistance>
    </quality>
    <evaluationMode>manual</evaluationMode>
    <creationInfo>
      <agencyURI>smi:smi-registry/organization/EMSC</agencyURI>
      <authorURI>smi:smi-registry/organization/EMSC</authorURI>
    </creationInfo>
    <originUncertainty>
      <azimuthMaxHorizontalUncertainty>66</azimuthMaxHorizontalUncertainty>
    </originUncertainty>
  </origin>
  <magnitude publicID="quakeml:eu.emsc/event/19980201_0000009/origin/1498242/mag/2">
    <mag>
      <value>3.1</value>
    </mag>
    <type>MD</type>
    <originID>quakeml:eu.emsc/event/19980201_0000009/origin/1498242</originID>
    <creationInfo>
      <agencyURI>smi:smi-registry/organization/EMSC</agencyURI>
      <authorURI>smi:smi-registry/organization/EMSC</authorURI>
    </creationInfo>
  </magnitude>
</event>
<event publicID="quakeml:eu.emsc/event/19980201_0000008">
  <preferredOriginID>quakeml:eu.emsc/event/19980201_0000008/origin/1498245</preferredOriginID>
  <preferredMagnitudeID>quakeml:eu.emsc/event/19980201_0000008/origin/1498245/mag/2</preferredMagnitudeID>
  <creationInfo>
    <agencyURI>smi:smi-registry/organization/EMSC</agencyURI>
    <authorURI>smi:smi-registry/organization/EMSC</authorURI>
    <creationTime>2014-12-03T11:53:20.980846Z</creationTime>
  </creationInfo>
  <description>
    <text>IONIAN SEA</text>
    <type>Flinn-Engdahl region</type>
  </description>
  <origin publicID="quakeml:eu.emsc/event/19980201_0000008/origin/1498245">
    <time>
      <value>1998-02-01T09:47:46.2Z</value>
      <uncertainty>1.44</uncertainty>
    </time>
    <latitude>
      <value>37.2588</value>
      <uncertainty>33.2</uncertainty>
    </latitude>
    <longitude>
      <value>20.2337</value>
      <uncertainty>10.4</uncertainty>
    </longitude>
    <depth>
      <value>2000</value>
    </depth>
    <depthType>from location</depthType>
    <methodID>smi:eu.emsc-csem/origin_method/NA</methodID>
    <quality>
      <usedPhaseCount>5</usedPhaseCount>
      <usedStationCount>3</usedStationCount>
      <standardError>0.65</standardError>
      <azimuthalGap>284</azimuthalGap>
      <minimumDistance>0.96</minimumDistance>
      <maximumDistance>2.07</maximumDistance>
    </quality>
    <evaluationMode>manual</evaluationMode>
    <creationInfo>
      <agencyURI>smi:smi-registry/organization/EMSC</agencyURI>
      <authorURI>smi:smi-registry/organization/EMSC</authorURI>
    </creationInfo>
    <originUncertainty>
      <azimuthMaxHorizontalUncertainty>56</azimuthMaxHorizontalUncertainty>
    </originUncertainty>
  </origin>
  <magnitude publicID="quakeml:eu.emsc/event/19980201_0000008/origin/1498245/mag/2">
    <mag>
      <value>3</value>
    </mag>
    <type>MD</type>
    <originID>quakeml:eu.emsc/event/19980201_0000008/origin/1498245</originID>
    <creationInfo>
      <agencyURI>smi:smi-registry/organization/EMSC</agencyURI>
      <authorURI>smi:smi-registry/organization/EMSC</authorURI>
    </creationInfo>
  </magnitude>
</event>
<event publicID="quakeml:eu.emsc/event/19980201_0000007">
  <preferredOriginID>quakeml:eu.emsc/event/19980201_0000007/origin/1498248</preferredOriginID>
  <preferredMagnitudeID>quakeml:eu.emsc/event/19980201_0000007/origin/1498248/mag/2</preferredMagnitudeID>
  <creationInfo>
    <agencyURI>smi:smi-registry/organization/EMSC</agencyURI>
    <authorURI>smi:smi-registry/organization/EMSC</authorURI>
    <creationTime>2014-12-03T11:57:48.407614Z</creationTime>
  </creationInfo>
  <description>
    <text>KERKIRA REGION, GREECE</text>
    <type>Flinn-Engdahl region</type>
  </description>
  <origin publicID="quakeml:eu.emsc/event/19980201_0000007/origin/1498248">
    <time>
      <value>1998-02-01T08:15:10.2Z</value>
      <uncertainty>0.82</uncertainty>
    </time>
    <latitude>
      <value>39.7709</value>
      <uncertainty>18.4</uncertainty>
    </latitude>
    <longitude>
      <value>19.7145</value>
      <uncertainty>10.4</uncertainty>
    </longitude>
    <depth>
      <value>5000</value>
    </depth>
    <depthType>from location</depthType>
    <methodID>smi:eu.emsc-csem/origin_method/NA</methodID>
    <quality>
      <usedPhaseCount>15</usedPhaseCount>
      <usedStationCount>11</usedStationCount>
      <standardError>1.13</standardError>
      <azimuthalGap>233</azimuthalGap>
      <minimumDistance>0.09</minimumDistance>
      <maximumDistance>2.8</maximumDistance>
    </quality>
    <evaluationMode>manual</evaluationMode>
    <creationInfo>
      <agencyURI>smi:smi-registry/organization/EMSC</agencyURI>
      <authorURI>smi:smi-registry/organization/EMSC</authorURI>
    </creationInfo>
    <originUncertainty>
      <azimuthMaxHorizontalUncertainty>72</azimuthMaxHorizontalUncertainty>
    </originUncertainty>
  </origin>
  <magnitude publicID="quakeml:eu.emsc/event/19980201_0000007/origin/1498248/mag/2">
    <mag>
      <value>3.1</value>
    </mag>
    <type>MD</type>
    <originID>quakeml:eu.emsc/event/19980201_0000007/origin/1498248</originID>
    <creationInfo>
      <agencyURI>smi:smi-registry/organization/EMSC</agencyURI>
      <authorURI>smi:smi-registry/organization/EMSC</authorURI>
    </creationInfo>
  </magnitude>
</event>
<event publicID="quakeml:eu.emsc/event/19980201_0000006">
  <preferredOriginID>quakeml:eu.emsc/event/19980201_0000006/origin/1498254</preferredOriginID>
  <preferredMagnitudeID>quakeml:eu.emsc/event/19980201_0000006/origin/1498254/mag/2</preferredMagnitudeID>
  <creationInfo>
    <agencyURI>smi:smi-registry/organization/EMSC</agencyURI>
    <authorURI>smi:smi-registry/organization/EMSC</authorURI>
    <creationTime>2014-12-03T11:57:05.58283Z</creationTime>
  </creationInfo>
  <description>
    <text>KERKIRA REGION, GREECE</text>
    <type>Flinn-Engdahl region</type>
  </description>
  <origin publicID="quakeml:eu.emsc/event/19980201_0000006/origin/1498254">
    <time>
      <value>1998-02-01T06:27:04.1Z</value>
      <uncertainty>0.16</uncertainty>
    </time>
    <latitude>
      <value>39.8837</value>
      <uncertainty>5.3</uncertainty>
    </latitude>
    <longitude>
      <value>19.6509</value>
      <uncertainty>3.2</uncertainty>
    </longitude>
    <depth>
      <value>20000</value>
    </depth>
    <depthType>from location</depthType>
    <methodID>smi:eu.emsc-csem/origin_method/NA</methodID>
    <quality>
      <usedPhaseCount>81</usedPhaseCount>
      <usedStationCount>74</usedStationCount>
      <standardError>1.03</standardError>
      <azimuthalGap>81</azimuthalGap>
      <minimumDistance>0.6</minimumDistance>
      <maximumDistance>21.82</maximumDistance>
    </quality>
    <evaluationMode>manual</evaluationMode>
    <creationInfo>
      <agencyURI>smi:smi-registry/organization/EMSC</agencyURI>
      <authorURI>smi:smi-registry/organization/EMSC</authorURI>
    </creationInfo>
    <originUncertainty>
      <azimuthMaxHorizontalUncertainty>16</azimuthMaxHorizontalUncertainty>
    </originUncertainty>
  </origin>
  <magnitude publicID="quakeml:eu.emsc/event/19980201_0000006/origin/1498254/mag/2">
    <mag>
      <value>4.3</value>
    </mag>
    <type>ML</type>
    <originID>quakeml:eu.emsc/event/19980201_0000006/origin/1498254</originID>
    <creationInfo>
      <agencyURI>smi:smi-registry/organization/EMSC</agencyURI>
      <authorURI>smi:smi-registry/organization/EMSC</authorURI>
    </creationInfo>
  </magnitude>
</event>
<event publicID="quakeml:eu.emsc/event/19980201_0000004">
  <preferredOriginID>quakeml:eu.emsc/event/19980201_0000004/origin/1485616</preferredOriginID>
  <preferredMagnitudeID>quakeml:eu.emsc/event/19980201_0000004/origin/1485616/mag/2</preferredMagnitudeID>
  <creationInfo>
    <agencyURI>smi:smi-registry/organization/EMSC</agencyURI>
    <authorURI>smi:smi-registry/organization/EMSC</authorURI>
    <creationTime>2014-12-11T05:40:31.422039Z</creationTime>
  </creationInfo>
  <description>
    <text>FRANCE</text>
    <type>Flinn-Engdahl region</type>
  </description>
  <origin publicID="quakeml:eu.emsc/event/19980201_0000004/origin/1485616">
    <time>
      <value>1998-02-01T04:39:50.6Z</value>
    </time>
    <latitude>
      <value>47.3342</value>
      <uncertainty>9999.9</uncertainty>
    </latitude>
    <longitude>
      <value>-3.0074</value>
      <uncertainty>9999.9</uncertainty>
    </longitude>
    <depth>
      <value>2000</value>
    </depth>
    <depthType>from location</depthType>
    <methodID>smi:eu.emsc-csem/origin_method/NA</methodID>
    <quality>
      <usedPhaseCount>47</usedPhaseCount>
      <usedStationCount>17</usedStationCount>
      <standardError>3.31</standardError>
      <azimuthalGap>191</azimuthalGap>
      <minimumDistance>0.59</minimumDistance>
      <maximumDistance>5.43</maximumDistance>
    </quality>
    <evaluationMode>manual</evaluationMode>
    <creationInfo>
      <agencyURI>smi:smi-registry/organization/EMSC</agencyURI>
      <authorURI>smi:smi-registry/organization/EMSC</authorURI>
    </creationInfo>
    <originUncertainty>
      <azimuthMaxHorizontalUncertainty>-99</azimuthMaxHorizontalUncertainty>
    </originUncertainty>
  </origin>
  <magnitude publicID="quakeml:eu.emsc/event/19980201_0000004/origin/1485616/mag/2">
    <mag>
      <value>2.9</value>
    </mag>
    <type>ML</type>
    <originID>quakeml:eu.emsc/event/19980201_0000004/origin/1485616</originID>
    <stationCount>16</stationCount>
    <creationInfo>
      <agencyURI>smi:smi-registry/organization/EMSC</agencyURI>
      <authorURI>smi:smi-registry/organization/EMSC</authorURI>
    </creationInfo>
  </magnitude>
</event>
<event publicID="quakeml:eu.emsc/event/19980201_0000003">
  <preferredOriginID>quakeml:eu.emsc/event/19980201_0000003/origin/1485618</preferredOriginID>
  <preferredMagnitudeID>quakeml:eu.emsc/event/19980201_0000003/origin/1485618/mag/2</preferredMagnitudeID>
  <creationInfo>
    <agencyURI>smi:smi-registry/organization/EMSC</agencyURI>
    <authorURI>smi:smi-registry/organization/EMSC</authorURI>
    <creationTime>2014-12-11T05:36:36.851249Z</creationTime>
  </creationInfo>
  <description>
    <text>WESTERN IRAN</text>
    <type>Flinn-Engdahl region</type>
  </description>
  <origin publicID="quakeml:eu.emsc/event/19980201_0000003/origin/1485618">
    <time>
      <value>1998-02-01T04:23:53.4Z</value>
    </time>
    <latitude>
      <value>31.969</value>
      <uncertainty>9999.9</uncertainty>
    </latitude>
    <longitude>
      <value>49.943</value>
      <uncertainty>9999.9</uncertainty>
    </longitude>
    <depth>
      <value>33000</value>
    </depth>
    <depthType>from location</depthType>
    <methodID>smi:eu.emsc-csem/origin_method/NA</methodID>
    <quality>
      <usedPhaseCount>6</usedPhaseCount>
      <usedStationCount>6</usedStationCount>
      <standardError>1.93</standardError>
      <azimuthalGap>247</azimuthalGap>
      <minimumDistance>33.06</minimumDistance>
      <maximumDistance>40.06</maximumDistance>
    </quality>
    <evaluationMode>manual</evaluationMode>
    <creationInfo>
      <agencyURI>smi:smi-registry/organization/EMSC</agencyURI>
      <authorURI>smi:smi-registry/organization/EMSC</authorURI>
    </creationInfo>
    <originUncertainty>
      <azimuthMaxHorizontalUncertainty>-99</azimuthMaxHorizontalUncertainty>
    </originUncertainty>
  </origin>
  <magnitude publicID="quakeml:eu.emsc/event/19980201_0000003/origin/1485618/mag/2">
    <mag>
      <value>3.6</value>
    </mag>
    <type>mb</type>
    <originID>quakeml:eu.emsc/event/19980201_0000003/origin/1485618</originID>
    <stationCount>1</stationCount>
    <creationInfo>
      <agencyURI>smi:smi-registry/organization/EMSC</agencyURI>
      <authorURI>smi:smi-registry/organization/EMSC</authorURI>
    </creationInfo>
  </magnitude>
</event>
<event publicID="quakeml:eu.emsc/event/19980201_0000023">
  <preferredOriginID>quakeml:eu.emsc/event/19980201_0000023/origin/1485620</preferredOriginID>
  <preferredMagnitudeID>quakeml:eu.emsc/event/19980201_0000023/origin/1485620/mag/2</preferredMagnitudeID>
  <creationInfo>
    <agencyURI>smi:smi-registry/organization/EMSC</agencyURI>
    <authorURI>smi:smi-registry/organization/EMSC</authorURI>
    <creationTime>2014-12-10T12:53:12.465488Z</creationTime>
  </creationInfo>
  <description>
    <text>NORTHERN ITALY</text>
    <type>Flinn-Engdahl region</type>
  </description>
  <origin publicID="quakeml:eu.emsc/event/19980201_0000023/origin/1485620">
    <time>
      <value>1998-02-01T03:16:11.6Z</value>
    </time>
    <latitude>
      <value>44.2897</value>
      <uncertainty>9999.9</uncertainty>
    </latitude>
    <longitude>
      <value>7.336</value>
      <uncertainty>9999.9</uncertainty>
    </longitude>
    <depth>
      <value>13100.0</value>
    </depth>
    <depthType>from location</depthType>
    <methodID>smi:eu.emsc-csem/origin_method/NA</methodID>
    <quality>
      <usedPhaseCount>17</usedPhaseCount>
      <usedStationCount>9</usedStationCount>
      <standardError>8.55</standardError>
      <azimuthalGap>131</azimuthalGap>
      <minimumDistance>0.05</minimumDistance>
      <maximumDistance>0.63</maximumDistance>
    </quality>
    <evaluationMode>manual</evaluationMode>
    <creationInfo>
      <agencyURI>smi:smi-registry/organization/EMSC</agencyURI>
      <authorURI>smi:smi-registry/organization/EMSC</authorURI>
    </creationInfo>
    <originUncertainty>
      <azimuthMaxHorizontalUncertainty>-99</azimuthMaxHorizontalUncertainty>
    </originUncertainty>
  </origin>
  <magnitude publicID="quakeml:eu.emsc/event/19980201_0000023/origin/1485620/mag/2">
    <mag>
      <value>2.1</value>
    </mag>
    <type>ML</type>
    <originID>quakeml:eu.emsc/event/19980201_0000023/origin/1485620</originID>
    <creationInfo>
      <agencyURI>smi:smi-registry/organization/EMSC</agencyURI>
      <authorURI>smi:smi-registry/organization/EMSC</authorURI>
    </creationInfo>
  </magnitude>
</event>
<event publicID="quakeml:eu.emsc/event/19980201_0000002">
  <preferredOriginID>quakeml:eu.emsc/event/19980201_0000002/origin/1498256</preferredOriginID>
  <preferredMagnitudeID>quakeml:eu.emsc/event/19980201_0000002/origin/1498256/mag/2</preferredMagnitudeID>
  <creationInfo>
    <agencyURI>smi:smi-registry/organization/EMSC</agencyURI>
    <authorURI>smi:smi-registry/organization/EMSC</authorURI>
    <creationTime>2014-12-03T11:31:31.269026Z</creationTime>
  </creationInfo>
  <description>
    <text>KERKIRA REGION, GREECE</text>
    <type>Flinn-Engdahl region</type>
  </description>
  <origin publicID="quakeml:eu.emsc/event/19980201_0000002/origin/1498256">
    <time>
      <value>1998-02-01T02:12:16.5Z</value>
      <uncertainty>2.16</uncertainty>
    </time>
    <latitude>
      <value>39.619</value>
      <uncertainty>48.7</uncertainty>
    </latitude>
    <longitude>
      <value>19.5243</value>
      <uncertainty>23.2</uncertainty>
    </longitude>
    <depth>
      <value>15000</value>
    </depth>
    <depthType>from location</depthType>
    <methodID>smi:eu.emsc-csem/origin_method/NA</methodID>
    <quality>
      <usedPhaseCount>7</usedPhaseCount>
      <usedStationCount>6</usedStationCount>
      <standardError>1.21</standardError>
      <azimuthalGap>271</azimuthalGap>
      <minimumDistance>0.23</minimumDistance>
      <maximumDistance>1.86</maximumDistance>
    </quality>
    <evaluationMode>manual</evaluationMode>
    <creationInfo>
      <agencyURI>smi:smi-registry/organization/EMSC</agencyURI>
      <authorURI>smi:smi-registry/organization/EMSC</authorURI>
    </creationInfo>
    <originUncertainty>
      <azimuthMaxHorizontalUncertainty>38</azimuthMaxHorizontalUncertainty>
    </originUncertainty>
  </origin>
  <magnitude publicID="quakeml:eu.emsc/event/19980201_0000002/origin/1498256/mag/2">
    <mag>
      <value>3.1</value>
    </mag>
    <type>MD</type>
    <originID>quakeml:eu.emsc/event/19980201_0000002/origin/1498256</originID>
    <creationInfo>
      <agencyURI>smi:smi-registry/organization/EMSC</agencyURI>
      <authorURI>smi:smi-registry/organization/EMSC</authorURI>
    </creationInfo>
  </magnitude>
</event>
<event publicID="quakeml:eu.emsc/event/19980201_0000001">
  <preferredOriginID>quakeml:eu.emsc/event/19980201_0000001/origin/1498258</preferredOriginID>
  <preferredMagnitudeID>quakeml:eu.emsc/event/19980201_0000001/origin/1498258/mag/2</preferredMagnitudeID>
  <creationInfo>
    <agencyURI>smi:smi-registry/organization/EMSC</agencyURI>
    <authorURI>smi:smi-registry/organization/EMSC</authorURI>
    <creationTime>2014-12-03T11:55:23.17837Z</creationTime>
  </creationInfo>
  <description>
    <text>IONIAN SEA</text>
    <type>Flinn-Engdahl region</type>
  </description>
  <origin publicID="quakeml:eu.emsc/event/19980201_0000001/origin/1498258">
    <time>
      <value>1998-02-01T02:10:45.5Z</value>
      <uncertainty>1.8</uncertainty>
    </time>
    <latitude>
      <value>37.4093</value>
      <uncertainty>47.9</uncertainty>
    </latitude>
    <longitude>
      <value>20.5719</value>
      <uncertainty>15.8</uncertainty>
    </longitude>
    <depth>
      <value>2000</value>
    </depth>
    <depthType>from location</depthType>
    <methodID>smi:eu.emsc-csem/origin_method/NA</methodID>
    <quality>
      <usedPhaseCount>8</usedPhaseCount>
      <usedStationCount>8</usedStationCount>
      <standardError>0.82</standardError>
      <azimuthalGap>259</azimuthalGap>
      <minimumDistance>0.77</minimumDistance>
      <maximumDistance>4.61</maximumDistance>
    </quality>
    <evaluationMode>manual</evaluationMode>
    <creationInfo>
      <agencyURI>smi:smi-registry/organization/EMSC</agencyURI>
      <authorURI>smi:smi-registry/organization/EMSC</authorURI>
    </creationInfo>
    <originUncertainty>
      <azimuthMaxHorizontalUncertainty>51</azimuthMaxHorizontalUncertainty>
    </originUncertainty>
  </origin>
  <magnitude publicID="quakeml:eu.emsc/event/19980201_0000001/origin/1498258/mag/2">
    <mag>
      <value>3.2</value>
    </mag>
    <type>MD</type>
    <originID>quakeml:eu.emsc/event/19980201_0000001/origin/1498258</originID>
    <creationInfo>
      <agencyURI>smi:smi-registry/organization/EMSC</agencyURI>
      <authorURI>smi:smi-registry/organization/EMSC</authorURI>
    </creationInfo>
  </magnitude>
</event>
<event publicID="quakeml:eu.emsc/event/19980201_0000021">
  <preferredOriginID>quakeml:eu.emsc/event/19980201_0000021/origin/1497665</preferredOriginID>
  <preferredMagnitudeID>quakeml:eu.emsc/event/19980201_0000021/origin/1497665/mag/1</preferredMagnitudeID>
  <creationInfo>
    <agencyURI>smi:smi-registry/organization/EMSC</agencyURI>
    <authorURI>smi:smi-registry/organization/EMSC</authorURI>
    <creationTime>2014-12-03T16:49:47.356483Z</creationTime>
  </creationInfo>
  <description>
    <text>PYRENEES</text>
    <type>Flinn-Engdahl region</type>
  </description>
  <origin publicID="quakeml:eu.emsc/event/19980201_0000021/origin/1497665">
    <time>
      <value>1998-02-01T00:43:50.5Z</value>
      <uncertainty>0.23</uncertainty>
    </time>
    <latitude>
      <value>42.9543</value>
      <uncertainty>6.9</uncertainty>
    </latitude>
    <longitude>
      <value>-0.2032</value>
      <uncertainty>3.4</uncertainty>
    </longitude>
    <depth>
      <value>15000</value>
    </depth>
    <depthType>from location</depthType>
    <methodID>smi:eu.emsc-csem/origin_method/NA</methodID>
    <quality>
      <usedPhaseCount>27</usedPhaseCount>
      <usedStationCount>14</usedStationCount>
      <standardError>1.11</standardError>
      <azimuthalGap>144</azimuthalGap>
      <minimumDistance>0.18</minimumDistance>
      <maximumDistance>2.56</maximumDistance>
    </quality>
    <evaluationMode>manual</evaluationMode>
    <creationInfo>
      <agencyURI>smi:smi-registry/organization/EMSC</agencyURI>
      <authorURI>smi:smi-registry/organization/EMSC</authorURI>
    </creationInfo>
    <originUncertainty>
      <azimuthMaxHorizontalUncertainty>6</azimuthMaxHorizontalUncertainty>
    </originUncertainty>
  </origin>
  <magnitude publicID="quakeml:eu.emsc/event/19980201_0000021/origin/1497665/mag/1">
    <mag>
      <value>2</value>
      <uncertainty>0.5</uncertainty>
    </mag>
    <type>ML</type>
    <originID>quakeml:eu.emsc/event/19980201_0000021/origin/1497665</originID>
    <stationCount>5</stationCount>
    <creationInfo>
      <agencyURI>smi:smi-registry/organization/EMSC</agencyURI>
      <authorURI>smi:smi-registry/organization/EMSC</authorURI>
    </creationInfo>
  </magnitude>
</event>
<event publicID="quakeml:eu.emsc/event/19980201_0000016">
  <preferredOriginID>quakeml:eu.emsc/event/19980201_0000016/origin/1485622</preferredOriginID>
  <preferredMagnitudeID>quakeml:eu.emsc/event/19980201_0000016/origin/1485622/mag/2</preferredMagnitudeID>
  <creationInfo>
    <agencyURI>smi:smi-registry/organization/EMSC</agencyURI>
    <authorURI>smi:smi-registry/organization/EMSC</authorURI>
    <creationTime>2014-12-10T12:53:11.958399Z</creationTime>
  </creationInfo>
  <description>
    <text>NORTHERN ITALY</text>
    <type>Flinn-Engdahl region</type>
  </description>
  <origin publicID="quakeml:eu.emsc/event/19980201_0000016/origin/1485622">
    <time>
      <value>1998-02-01T00:23:38.3Z</value>
    </time>
    <latitude>
      <value>44.3465</value>
      <uncertainty>9999.9</uncertainty>
    </latitude>
    <longitude>
      <value>7.272</value>
      <uncertainty>9999.9</uncertainty>
    </longitude>
    <depth>
      <value>12100.0</value>
    </depth>
    <depthType>from location</depthType>
    <methodID>smi:eu.emsc-csem/origin_method/NA</methodID>
    <quality>
      <usedPhaseCount>20</usedPhaseCount>
      <usedStationCount>11</usedStationCount>
      <standardError>1.05</standardError>
      <azimuthalGap>162</azimuthalGap>
      <minimumDistance>0.11</minimumDistance>
      <maximumDistance>0.81</maximumDistance>
    </quality>
    <evaluationMode>manual</evaluationMode>
    <creationInfo>
      <agencyURI>smi:smi-registry/organization/EMSC</agencyURI>
      <authorURI>smi:smi-registry/organization/EMSC</authorURI>
    </creationInfo>
    <originUncertainty>
      <azimuthMaxHorizontalUncertainty>-99</azimuthMaxHorizontalUncertainty>
    </originUncertainty>
  </origin>
  <magnitude publicID="quakeml:eu.emsc/event/19980201_0000016/origin/1485622/mag/2">
    <mag>
      <value>2.2</value>
    </mag>
    <type>ML</type>
    <originID>quakeml:eu.emsc/event/19980201_0000016/origin/1485622</originID>
    <creationInfo>
      <agencyURI>smi:smi-registry/organization/EMSC</agencyURI>
      <authorURI>smi:smi-registry/organization/EMSC</authorURI>
    </creationInfo>
  </magnitude>
</event>
</eventParameters>
</q:quakeml>
