<?xml version="1.0"?>
<q:quakeml xmlns:q="http://quakeml.org/xmlns/quakeml/1.2"  xmlns="http://quakeml.org/xmlns/bed/1.2">
<eventParameters publicID="smi:eu.emsc/unid">
<event publicID="quakeml:eu.emsc/event/19980520_0000020">
  <preferredOriginID>quakeml:eu.emsc/event/19980520_0000020/origin/1495361</preferredOriginID>
  <preferredMagnitudeID>quakeml:eu.emsc/event/19980520_0000020/origin/1495361/mag/1</preferredMagnitudeID>
  <creationInfo>
    <agencyURI>smi:smi-registry/organization/EMSC</agencyURI>
    <authorURI>smi:smi-registry/organization/EMSC</authorURI>
    <creationTime>2014-12-03T16:42:36.439216Z</creationTime>
  </creationInfo>
  <description>
    <text>SWITZERLAND</text>
    <type>Flinn-Engdahl region</type>
  </description>
  <origin publicID="quakeml:eu.emsc/event/19980520_0000020/origin/1495361">
    <time>
      <value>1998-05-20T22:55:23.6Z</value>
      <uncertainty>0.19</uncertainty>
    </time>
    <latitude>
      <value>47.041</value>
      <uncertainty>3.4</uncertainty>
    </latitude>
    <longitude>
      <value>9.1231</value>
      <uncertainty>3</uncertainty>
    </longitude>
    <depth>
      <value>10000</value>
    </depth>
    <depthType>from location</depthType>
    <methodID>smi:eu.emsc-csem/origin_method/NA</methodID>
    <quality>
      <usedPhaseCount>42</usedPhaseCount>
      <usedStationCount>21</usedStationCount>
      <standardError>1.12</standardError>
      <azimuthalGap>88</azimuthalGap>
      <minimumDistance>0.21</minimumDistance>
      <maximumDistance>3.6</maximumDistance>
    </quality>
    <evaluationMode>manual</evaluationMode>
    <creationInfo>
      <agencyURI>smi:smi-registry/organization/EMSC</agencyURI>
      <authorURI>smi:smi-registry/organization/EMSC</authorURI>
    </creationInfo>
    <originUncertainty>
      <azimuthMaxHorizontalUncertainty>168</azimuthMaxHorizontalUncertainty>
    </originUncertainty>
  </origin>
  <magnitude publicID="quakeml:eu.emsc/event/19980520_0000020/origin/1495361/mag/1">
    <mag>
      <value>2.4</value>
      <uncertainty>0.5</uncertainty>
    </mag>
    <type>ML</type>
    <originID>quakeml:eu.emsc/event/19980520_0000020/origin/1495361</originID>
    <stationCount>7</stationCount>
    <creationInfo>
      <agencyURI>smi:smi-registry/organization/EMSC</agencyURI>
      <authorURI>smi:smi-registry/organization/EMSC</authorURI>
    </creationInfo>
  </magnitude>
</event>
<event publicID="quakeml:eu.emsc/event/19980520_0000010">
  <preferredOriginID>quakeml:eu.emsc/event/19980520_0000010/origin/1495831</preferredOriginID>
  <preferredMagnitudeID>quakeml:eu.emsc/event/19980520_0000010/origin/1495831/mag/2</preferredMagnitudeID>
  <creationInfo>
    <agencyURI>smi:smi-registry/organization/EMSC</agencyURI>
    <authorURI>smi:smi-registry/organization/EMSC</authorURI>
    <creationTime>2014-12-03T10:32:01.255107Z</creationTime>
  </creationInfo>
  <description>
    <text>AUSTRIA</text>
    <type>Flinn-Engdahl region</type>
  </description>
  <origin publicID="quakeml:eu.emsc/event/19980520_0000010/origin/1495831">
    <time>
      <value>1998-05-20T22:30:05.6Z</value>
      <uncertainty>0.22</uncertainty>
    </time>
    <latitude>
      <value>47.6034</value>
      <uncertainty>4.3</uncertainty>
    </latitude>
    <longitude>
      <value>15.7211</value>
      <uncertainty>4.1</uncertainty>
    </longitude>
    <depth>
      <value>2000</value>
    </depth>
    <depthType>from location</depthType>
    <methodID>smi:eu.emsc-csem/origin_method/NA</methodID>
    <quality>
      <usedPhaseCount>32</usedPhaseCount>
      <usedStationCount>21</usedStationCount>
      <standardError>1.1</standardError>
      <azimuthalGap>63</azimuthalGap>
      <minimumDistance>0.38</minimumDistance>
      <maximumDistance>4.07</maximumDistance>
    </quality>
    <evaluationMode>manual</evaluationMode>
    <creationInfo>
      <agencyURI>smi:smi-registry/organization/EMSC</agencyURI>
      <authorURI>smi:smi-registry/organization/EMSC</authorURI>
    </creationInfo>
    <originUncertainty>
      <azimuthMaxHorizontalUncertainty>143</azimuthMaxHorizontalUncertainty>
    </originUncertainty>
  </origin>
  <magnitude publicID="quakeml:eu.emsc/event/19980520_0000010/origin/1495831/mag/2">
    <mag>
      <value>3.2</value>
    </mag>
    <type>ML</type>
    <originID>quakeml:eu.emsc/event/19980520_0000010/origin/1495831</originID>
    <stationCount>2</stationCount>
    <creationInfo>
      <agencyURI>smi:smi-registry/organization/EMSC</agencyURI>
      <authorURI>smi:smi-registry/organization/EMSC</authorURI>
    </creationInfo>
  </magnitude>
</event>
<event publicID="quakeml:eu.emsc/event/19980520_0000009">
  <preferredOriginID>quakeml:eu.emsc/event/19980520_0000009/origin/1495833</preferredOriginID>
  <preferredMagnitudeID>quakeml:eu.emsc/event/19980520_0000009/origin/1495833/mag/2</preferredMagnitudeID>
  <creationInfo>
    <agencyURI>smi:smi-registry/organization/EMSC</agencyURI>
    <authorURI>smi:smi-registry/organization/EMSC</authorURI>
    <creationTime>2014-12-03T11:31:34.95863Z</creationTime>
  </creationInfo>
  <description>
    <text>IONIAN SEA</text>
    <type>Flinn-Engdahl region</type>
  </description>
  <origin publicID="quakeml:eu.emsc/event/19980520_0000009/origin/1495833">
    <time>
      <value>1998-05-20T20:04:19.4Z</value>
      <uncertainty>1.36</uncertainty>
    </time>
    <latitude>
      <value>37.453</value>
      <uncertainty>37.1</uncertainty>
    </latitude>
    <longitude>
      <value>20.8151</value>
      <uncertainty>10.4</uncertainty>
    </longitude>
    <depth>
      <value>2000</value>
    </depth>
    <depthType>from location</depthType>
    <methodID>smi:eu.emsc-csem/origin_method/NA</methodID>
    <quality>
      <usedPhaseCount>11</usedPhaseCount>
      <usedStationCount>9</usedStationCount>
      <standardError>1.22</standardError>
      <azimuthalGap>220</azimuthalGap>
      <minimumDistance>0.74</minimumDistance>
      <maximumDistance>4.04</maximumDistance>
    </quality>
    <evaluationMode>manual</evaluationMode>
    <creationInfo>
      <agencyURI>smi:smi-registry/organization/EMSC</agencyURI>
      <authorURI>smi:smi-registry/organization/EMSC</authorURI>
    </creationInfo>
    <originUncertainty>
      <azimuthMaxHorizontalUncertainty>56</azimuthMaxHorizontalUncertainty>
    </originUncertainty>
  </origin>
  <magnitude publicID="quakeml:eu.emsc/event/19980520_0000009/origin/1495833/mag/2">
    <mag>
      <value>3.5</value>
    </mag>
    <type>ML</type>
    <originID>quakeml:eu.emsc/event/19980520_0000009/origin/1495833</originID>
    <creationInfo>
      <agencyURI>smi:smi-registry/organization/EMSC</agencyURI>
      <authorURI>smi:smi-registry/organization/EMSC</authorURI>
    </creationInfo>
  </magnitude>
</event>
<event publicID="quakeml:eu.emsc/event/19980520_0000018">
  <preferredOriginID>quakeml:eu.emsc/event/19980520_0000018/origin/1487838</preferredOriginID>
  <preferredMagnitudeID>quakeml:eu.emsc/event/19980520_0000018/origin/1487838/mag/2</preferredMagnitudeID>
  <creationInfo>
    <agencyURI>smi:smi-registry/organization/EMSC</agencyURI>
    <authorURI>smi:smi-registry/organization/EMSC</authorURI>
    <creationTime>2014-12-10T19:01:08.321888Z</creationTime>
  </creationInfo>
  <description>
    <text>SWITZERLAND</text>
    <type>Flinn-Engdahl region</type>
  </description>
  <origin publicID="quakeml:eu.emsc/event/19980520_0000018/origin/1487838">
    <time>
      <value>1998-05-20T17:42:24.8Z</value>
    </time>
    <latitude>
      <value>46.541</value>
      <uncertainty>9999.9</uncertainty>
    </latitude>
    <longitude>
      <value>9.697</value>
      <uncertainty>9999.9</uncertainty>
    </longitude>
    <depth>
      <value>12200.0</value>
    </depth>
    <depthType>from location</depthType>
    <methodID>smi:eu.emsc-csem/origin_method/NA</methodID>
    <quality>
      <usedPhaseCount>13</usedPhaseCount>
      <usedStationCount>6</usedStationCount>
      <standardError>0.36</standardError>
      <azimuthalGap>168</azimuthalGap>
      <minimumDistance>0.17</minimumDistance>
      <maximumDistance>0.84</maximumDistance>
    </quality>
    <evaluationMode>manual</evaluationMode>
    <creationInfo>
      <agencyURI>smi:smi-registry/organization/EMSC</agencyURI>
      <authorURI>smi:smi-registry/organization/EMSC</authorURI>
    </creationInfo>
    <originUncertainty>
      <azimuthMaxHorizontalUncertainty>-99</azimuthMaxHorizontalUncertainty>
    </originUncertainty>
  </origin>
  <magnitude publicID="quakeml:eu.emsc/event/19980520_0000018/origin/1487838/mag/2">
    <mag>
      <value>1.9</value>
    </mag>
    <type>ML</type>
    <originID>quakeml:eu.emsc/event/19980520_0000018/origin/1487838</originID>
    <stationCount>6</stationCount>
    <creationInfo>
      <agencyURI>smi:smi-registry/organization/EMSC</agencyURI>
      <authorURI>smi:smi-registry/organization/EMSC</authorURI>
    </creationInfo>
  </magnitude>
</event>
<event publicID="quakeml:eu.emsc/event/19980520_0000015">
  <preferredOriginID>quakeml:eu.emsc/event/19980520_0000015/origin/1484288</preferredOriginID>
  <preferredMagnitudeID>quakeml:eu.emsc/event/19980520_0000015/origin/1484288/mag/2</preferredMagnitudeID>
  <creationInfo>
    <agencyURI>smi:smi-registry/organization/EMSC</agencyURI>
    <authorURI>smi:smi-registry/organization/EMSC</authorURI>
    <creationTime>2014-12-10T19:01:07.337338Z</creationTime>
  </creationInfo>
  <description>
    <text>SWITZERLAND</text>
    <type>Flinn-Engdahl region</type>
  </description>
  <origin publicID="quakeml:eu.emsc/event/19980520_0000015/origin/1484288">
    <time>
      <value>1998-05-20T17:29:43.0Z</value>
    </time>
    <latitude>
      <value>46.529</value>
      <uncertainty>9999.9</uncertainty>
    </latitude>
    <longitude>
      <value>9.72</value>
      <uncertainty>9999.9</uncertainty>
    </longitude>
    <depth>
      <value>6700.0</value>
    </depth>
    <depthType>from location</depthType>
    <methodID>smi:eu.emsc-csem/origin_method/NA</methodID>
    <quality>
      <usedPhaseCount>14</usedPhaseCount>
      <usedStationCount>6</usedStationCount>
      <standardError>0.65</standardError>
      <azimuthalGap>173</azimuthalGap>
      <minimumDistance>0.18</minimumDistance>
      <maximumDistance>1.13</maximumDistance>
    </quality>
    <evaluationMode>manual</evaluationMode>
    <creationInfo>
      <agencyURI>smi:smi-registry/organization/EMSC</agencyURI>
      <authorURI>smi:smi-registry/organization/EMSC</authorURI>
    </creationInfo>
    <originUncertainty>
      <azimuthMaxHorizontalUncertainty>-99</azimuthMaxHorizontalUncertainty>
    </originUncertainty>
  </origin>
  <magnitude publicID="quakeml:eu.emsc/event/19980520_0000015/origin/1484288/mag/2">
    <mag>
      <value>2</value>
    </mag>
    <type>ML</type>
    <originID>quakeml:eu.emsc/event/19980520_0000015/origin/1484288</originID>
    <stationCount>6</stationCount>
    <creationInfo>
      <agencyURI>smi:smi-registry/organization/EMSC</agencyURI>
      <authorURI>smi:smi-registry/organization/EMSC</authorURI>
    </creationInfo>
  </magnitude>
</event>
<event publicID="quakeml:eu.emsc/event/19980520_0000013">
  <preferredOriginID>quakeml:eu.emsc/event/19980520_0000013/origin/1495364</preferredOriginID>
  <preferredMagnitudeID>quakeml:eu.emsc/event/19980520_0000013/origin/1495364/mag/1</preferredMagnitudeID>
  <creationInfo>
    <agencyURI>smi:smi-registry/organization/EMSC</agencyURI>
    <authorURI>smi:smi-registry/organization/EMSC</authorURI>
    <creationTime>2014-12-03T15:12:35.539925Z</creationTime>
  </creationInfo>
  <description>
    <text>FRANCE</text>
    <type>Flinn-Engdahl region</type>
  </description>
  <origin publicID="quakeml:eu.emsc/event/19980520_0000013/origin/1495364">
    <time>
      <value>1998-05-20T14:25:10.5Z</value>
      <uncertainty>0.12</uncertainty>
    </time>
    <latitude>
      <value>47.1386</value>
      <uncertainty>3.6</uncertainty>
    </latitude>
    <longitude>
      <value>5.5392</value>
      <uncertainty>1.8</uncertainty>
    </longitude>
    <depth>
      <value>15000</value>
    </depth>
    <depthType>from location</depthType>
    <methodID>smi:eu.emsc-csem/origin_method/NA</methodID>
    <quality>
      <usedPhaseCount>21</usedPhaseCount>
      <usedStationCount>10</usedStationCount>
      <standardError>0.68</standardError>
      <azimuthalGap>114</azimuthalGap>
      <minimumDistance>0.65</minimumDistance>
      <maximumDistance>2.23</maximumDistance>
    </quality>
    <evaluationMode>manual</evaluationMode>
    <creationInfo>
      <agencyURI>smi:smi-registry/organization/EMSC</agencyURI>
      <authorURI>smi:smi-registry/organization/EMSC</authorURI>
    </creationInfo>
    <originUncertainty>
      <azimuthMaxHorizontalUncertainty>156</azimuthMaxHorizontalUncertainty>
    </originUncertainty>
  </origin>
  <magnitude publicID="quakeml:eu.emsc/event/19980520_0000013/origin/1495364/mag/1">
    <mag>
      <value>2.6</value>
      <uncertainty>0.2</uncertainty>
    </mag>
    <type>ML</type>
    <originID>quakeml:eu.emsc/event/19980520_0000013/origin/1495364</originID>
    <stationCount>8</stationCount>
    <creationInfo>
      <agencyURI>smi:smi-registry/organization/EMSC</agencyURI>
      <authorURI>smi:smi-registry/organization/EMSC</authorURI>
    </creationInfo>
  </magnitude>
</event>
<event publicID="quakeml:eu.emsc/event/19980520_0000008">
  <preferredOriginID>quakeml:eu.emsc/event/19980520_0000008/origin/1484290</preferredOriginID>
  <preferredMagnitudeID>quakeml:eu.emsc/event/19980520_0000008/origin/1484290/mag/2</preferredMagnitudeID>
  <creationInfo>
    <agencyURI>smi:smi-registry/organization/EMSC</agencyURI>
    <authorURI>smi:smi-registry/organization/EMSC</authorURI>
    <creationTime>2014-12-10T09:50:24.373533Z</creationTime>
  </creationInfo>
  <description>
    <text>ROMANIA</text>
    <type>Flinn-Engdahl region</type>
  </description>
  <origin publicID="quakeml:eu.emsc/event/19980520_0000008/origin/1484290">
    <time>
      <value>1998-05-20T12:18:02.8Z</value>
    </time>
    <latitude>
      <value>45.421</value>
      <uncertainty>9999.9</uncertainty>
    </latitude>
    <longitude>
      <value>25.312</value>
      <uncertainty>9999.9</uncertainty>
    </longitude>
    <depth>
      <value>0</value>
    </depth>
    <depthType>from location</depthType>
    <methodID>smi:eu.emsc-csem/origin_method/NA</methodID>
    <quality>
      <usedPhaseCount>6</usedPhaseCount>
      <usedStationCount>5</usedStationCount>
      <standardError>1.79</standardError>
      <azimuthalGap>203</azimuthalGap>
      <minimumDistance>0.26</minimumDistance>
      <maximumDistance>2.11</maximumDistance>
    </quality>
    <evaluationMode>manual</evaluationMode>
    <creationInfo>
      <agencyURI>smi:smi-registry/organization/EMSC</agencyURI>
      <authorURI>smi:smi-registry/organization/EMSC</authorURI>
    </creationInfo>
    <originUncertainty>
      <azimuthMaxHorizontalUncertainty>-99</azimuthMaxHorizontalUncertainty>
    </originUncertainty>
  </origin>
  <magnitude publicID="quakeml:eu.emsc/event/19980520_0000008/origin/1484290/mag/2">
    <mag>
      <value>3.1</value>
    </mag>
    <type>MD</type>
    <originID>quakeml:eu.emsc/event/19980520_0000008/origin/1484290</originID>
    <stationCount>4</stationCount>
    <creationInfo>
      <agencyURI>smi:smi-registry/organization/EMSC</agencyURI>
      <authorURI>smi:smi-registry/organization/EMSC</authorURI>
    </creationInfo>
  </magnitude>
</event>
<event publicID="quakeml:eu.emsc/event/19980520_0000007">
  <preferredOriginID>quakeml:eu.emsc/event/19980520_0000007/origin/1495839</preferredOriginID>
  <preferredMagnitudeID>quakeml:eu.emsc/event/19980520_0000007/origin/1495839/mag/2</preferredMagnitudeID>
  <creationInfo>
    <agencyURI>smi:smi-registry/organization/EMSC</agencyURI>
    <authorURI>smi:smi-registry/organization/EMSC</authorURI>
    <creationTime>2014-12-03T11:52:21.560411Z</creationTime>
  </creationInfo>
  <description>
    <text>CENTRAL ITALY</text>
    <type>Flinn-Engdahl region</type>
  </description>
  <origin publicID="quakeml:eu.emsc/event/19980520_0000007/origin/1495839">
    <time>
      <value>1998-05-20T11:07:41.3Z</value>
      <uncertainty>0.14</uncertainty>
    </time>
    <latitude>
      <value>43.0452</value>
      <uncertainty>4</uncertainty>
    </latitude>
    <longitude>
      <value>10.7283</value>
      <uncertainty>2.6</uncertainty>
    </longitude>
    <depth>
      <value>2000</value>
    </depth>
    <depthType>from location</depthType>
    <methodID>smi:eu.emsc-csem/origin_method/NA</methodID>
    <quality>
      <usedPhaseCount>138</usedPhaseCount>
      <usedStationCount>121</usedStationCount>
      <standardError>0.97</standardError>
      <azimuthalGap>81</azimuthalGap>
      <minimumDistance>0.21</minimumDistance>
      <maximumDistance>49.75</maximumDistance>
    </quality>
    <evaluationMode>manual</evaluationMode>
    <creationInfo>
      <agencyURI>smi:smi-registry/organization/EMSC</agencyURI>
      <authorURI>smi:smi-registry/organization/EMSC</authorURI>
    </creationInfo>
    <originUncertainty>
      <azimuthMaxHorizontalUncertainty>12</azimuthMaxHorizontalUncertainty>
    </originUncertainty>
  </origin>
  <magnitude publicID="quakeml:eu.emsc/event/19980520_0000007/origin/1495839/mag/2">
    <mag>
      <value>4</value>
    </mag>
    <type>mb</type>
    <originID>quakeml:eu.emsc/event/19980520_0000007/origin/1495839</originID>
    <stationCount>4</stationCount>
    <creationInfo>
      <agencyURI>smi:smi-registry/organization/EMSC</agencyURI>
      <authorURI>smi:smi-registry/organization/EMSC</authorURI>
    </creationInfo>
  </magnitude>
</event>
<event publicID="quakeml:eu.emsc/event/19980520_0000017">
  <preferredOriginID>quakeml:eu.emsc/event/19980520_0000017/origin/1495368</preferredOriginID>
  <preferredMagnitudeID>quakeml:eu.emsc/event/19980520_0000017/origin/1495368/mag/2</preferredMagnitudeID>
  <creationInfo>
    <agencyURI>smi:smi-registry/organization/EMSC</agencyURI>
    <authorURI>smi:smi-registry/organization/EMSC</authorURI>
    <creationTime>2014-12-03T15:48:58.741669Z</creationTime>
  </creationInfo>
  <description>
    <text>PYRENEES</text>
    <type>Flinn-Engdahl region</type>
  </description>
  <origin publicID="quakeml:eu.emsc/event/19980520_0000017/origin/1495368">
    <time>
      <value>1998-05-20T10:30:48.5Z</value>
      <uncertainty>0.18</uncertainty>
    </time>
    <latitude>
      <value>42.9944</value>
      <uncertainty>6.2</uncertainty>
    </latitude>
    <longitude>
      <value>-0.2725</value>
      <uncertainty>2.7</uncertainty>
    </longitude>
    <depth>
      <value>2000</value>
    </depth>
    <depthType>from location</depthType>
    <methodID>smi:eu.emsc-csem/origin_method/NA</methodID>
    <quality>
      <usedPhaseCount>17</usedPhaseCount>
      <usedStationCount>8</usedStationCount>
      <standardError>0.68</standardError>
      <azimuthalGap>134</azimuthalGap>
      <minimumDistance>0.12</minimumDistance>
      <maximumDistance>0.71</maximumDistance>
    </quality>
    <evaluationMode>manual</evaluationMode>
    <creationInfo>
      <agencyURI>smi:smi-registry/organization/EMSC</agencyURI>
      <authorURI>smi:smi-registry/organization/EMSC</authorURI>
    </creationInfo>
    <originUncertainty>
      <azimuthMaxHorizontalUncertainty>10</azimuthMaxHorizontalUncertainty>
    </originUncertainty>
  </origin>
  <magnitude publicID="quakeml:eu.emsc/event/19980520_0000017/origin/1495368/mag/2">
    <mag>
      <value>0.4</value>
    </mag>
    <type>ML</type>
    <originID>quakeml:eu.emsc/event/19980520_0000017/origin/1495368</originID>
    <creationInfo>
      <agencyURI>smi:smi-registry/organization/EMSC</agencyURI>
      <authorURI>smi:smi-registry/organization/EMSC</authorURI>
    </creationInfo>
  </magnitude>
</event>
<event publicID="quakeml:eu.emsc/event/19980520_0000006">
  <preferredOriginID>quakeml:eu.emsc/event/19980520_0000006/origin/1495845</preferredOriginID>
  <preferredMagnitudeID>quakeml:eu.emsc/event/19980520_0000006/origin/1495845/mag/2</preferredMagnitudeID>
  <creationInfo>
    <agencyURI>smi:smi-registry/organization/EMSC</agencyURI>
    <authorURI>smi:smi-registry/organization/EMSC</authorURI>
    <creationTime>2014-12-03T11:55:13.422487Z</creationTime>
  </creationInfo>
  <description>
    <text>SICILY, ITALY</text>
    <type>Flinn-Engdahl region</type>
  </description>
  <origin publicID="quakeml:eu.emsc/event/19980520_0000006/origin/1495845">
    <time>
      <value>1998-05-20T09:55:58.8Z</value>
      <uncertainty>0.25</uncertainty>
    </time>
    <latitude>
      <value>38.2849</value>
      <uncertainty>7.6</uncertainty>
    </latitude>
    <longitude>
      <value>12.7338</value>
      <uncertainty>4.5</uncertainty>
    </longitude>
    <depth>
      <value>30000</value>
    </depth>
    <depthType>from location</depthType>
    <methodID>smi:eu.emsc-csem/origin_method/NA</methodID>
    <quality>
      <usedPhaseCount>90</usedPhaseCount>
      <usedStationCount>74</usedStationCount>
      <standardError>1.41</standardError>
      <azimuthalGap>54</azimuthalGap>
      <minimumDistance>0.27</minimumDistance>
      <maximumDistance>33.36</maximumDistance>
    </quality>
    <evaluationMode>manual</evaluationMode>
    <creationInfo>
      <agencyURI>smi:smi-registry/organization/EMSC</agencyURI>
      <authorURI>smi:smi-registry/organization/EMSC</authorURI>
    </creationInfo>
    <originUncertainty>
      <azimuthMaxHorizontalUncertainty>31</azimuthMaxHorizontalUncertainty>
    </originUncertainty>
  </origin>
  <magnitude publicID="quakeml:eu.emsc/event/19980520_0000006/origin/1495845/mag/2">
    <mag>
      <value>3.2</value>
    </mag>
    <type>ML</type>
    <originID>quakeml:eu.emsc/event/19980520_0000006/origin/1495845</originID>
    <stationCount>9</stationCount>
    <creationInfo>
      <agencyURI>smi:smi-registry/organization/EMSC</agencyURI>
      <authorURI>smi:smi-registry/organization/EMSC</authorURI>
    </creationInfo>
  </magnitude>
</event>
<event publicID="quakeml:eu.emsc/event/19980520_0000005">
  <preferredOriginID>quakeml:eu.emsc/event/19980520_0000005/origin/1495848</preferredOriginID>
  <preferredMagnitudeID>quakeml:eu.emsc/event/19980520_0000005/origin/1495848/mag/2</preferredMagnitudeID>
  <creationInfo>
    <agencyURI>smi:smi-registry/organization/EMSC</agencyURI>
    <authorURI>smi:smi-registry/organization/EMSC</authorURI>
    <creationTime>2014-12-03T10:45:48.485707Z</creationTime>
  </creationInfo>
  <description>
    <text>ALBANIA</text>
    <type>Flinn-Engdahl region</type>
  </description>
  <origin publicID="quakeml:eu.emsc/event/19980520_0000005/origin/1495848">
    <time>
      <value>1998-05-20T09:22:34.8Z</value>
      <uncertainty>0.45</uncertainty>
    </time>
    <latitude>
      <value>40.6216</value>
      <uncertainty>10.1</uncertainty>
    </latitude>
    <longitude>
      <value>20.6758</value>
      <uncertainty>6.1</uncertainty>
    </longitude>
    <depth>
      <value>2000</value>
    </depth>
    <depthType>from location</depthType>
    <methodID>smi:eu.emsc-csem/origin_method/NA</methodID>
    <quality>
      <usedPhaseCount>18</usedPhaseCount>
      <usedStationCount>14</usedStationCount>
      <standardError>0.96</standardError>
      <azimuthalGap>177</azimuthalGap>
      <minimumDistance>0.5</minimumDistance>
      <maximumDistance>2.54</maximumDistance>
    </quality>
    <evaluationMode>manual</evaluationMode>
    <creationInfo>
      <agencyURI>smi:smi-registry/organization/EMSC</agencyURI>
      <authorURI>smi:smi-registry/organization/EMSC</authorURI>
    </creationInfo>
    <originUncertainty>
      <azimuthMaxHorizontalUncertainty>94</azimuthMaxHorizontalUncertainty>
    </originUncertainty>
  </origin>
  <magnitude publicID="quakeml:eu.emsc/event/19980520_0000005/origin/1495848/mag/2">
    <mag>
      <value>2.9</value>
    </mag>
    <type>MD</type>
    <originID>quakeml:eu.emsc/event/19980520_0000005/origin/1495848</originID>
    <creationInfo>
      <agencyURI>smi:smi-registry/organization/EMSC</agencyURI>
      <authorURI>smi:smi-registry/organization/EMSC</authorURI>
    </creationInfo>
  </magnitude>
</event>
<event publicID="quakeml:eu.emsc/event/19980520_0000022">
  <preferredOriginID>quakeml:eu.emsc/event/19980520_0000022/origin/1484292</preferredOriginID>
  <preferredMagnitudeID>quakeml:eu.emsc/event/19980520_0000022/origin/1484292/mag/2</preferredMagnitudeID>
  <creationInfo>
    <agencyURI>smi:smi-registry/organization/EMSC</agencyURI>
    <authorURI>smi:smi-registry/organization/EMSC</authorURI>
    <creationTime>2014-12-10T19:01:06.839307Z</creationTime>
  </creationInfo>
  <description>
    <text>NEAR SOUTH COAST OF FRANCE</text>
    <type>Flinn-Engdahl region</type>
  </description>
  <origin publicID="quakeml:eu.emsc/event/19980520_0000022/origin/1484292">
    <time>
      <value>1998-05-20T09:13:53.7Z</value>
    </time>
    <latitude>
      <value>43.41</value>
      <uncertainty>9999.9</uncertainty>
    </latitude>
    <longitude>
      <value>5.46</value>
      <uncertainty>9999.9</uncertainty>
    </longitude>
    <depth>
      <value>1000</value>
    </depth>
    <depthType>from location</depthType>
    <methodID>smi:eu.emsc-csem/origin_method/NA</methodID>
    <quality>
      <usedPhaseCount>13</usedPhaseCount>
      <usedStationCount>9</usedStationCount>
      <standardError>0.9</standardError>
      <azimuthalGap>109</azimuthalGap>
      <minimumDistance>0.04</minimumDistance>
      <maximumDistance>1.54</maximumDistance>
    </quality>
    <evaluationMode>manual</evaluationMode>
    <creationInfo>
      <agencyURI>smi:smi-registry/organization/EMSC</agencyURI>
      <authorURI>smi:smi-registry/organization/EMSC</authorURI>
    </creationInfo>
    <originUncertainty>
      <azimuthMaxHorizontalUncertainty>-99</azimuthMaxHorizontalUncertainty>
    </originUncertainty>
  </origin>
  <magnitude publicID="quakeml:eu.emsc/event/19980520_0000022/origin/1484292/mag/2">
    <mag>
      <value>2.7</value>
    </mag>
    <type>ML</type>
    <originID>quakeml:eu.emsc/event/19980520_0000022/origin/1484292</originID>
    <creationInfo>
      <agencyURI>smi:smi-registry/organization/EMSC</agencyURI>
      <authorURI>smi:smi-registry/organization/EMSC</authorURI>
    </creationInfo>
  </magnitude>
</event>
<event publicID="quakeml:eu.emsc/event/19980520_0000004">
  <preferredOriginID>quakeml:eu.emsc/event/19980520_0000004/origin/1495851</preferredOriginID>
  <preferredMagnitudeID>quakeml:eu.emsc/event/19980520_0000004/origin/1495851/mag/2</preferredMagnitudeID>
  <creationInfo>
    <agencyURI>smi:smi-registry/organization/EMSC</agencyURI>
    <authorURI>smi:smi-registry/organization/EMSC</authorURI>
    <creationTime>2014-12-03T12:21:01.634996Z</creationTime>
  </creationInfo>
  <description>
    <text>POLAND</text>
    <type>Flinn-Engdahl region</type>
  </description>
  <origin publicID="quakeml:eu.emsc/event/19980520_0000004/origin/1495851">
    <time>
      <value>1998-05-20T06:34:40.8Z</value>
      <uncertainty>0.44</uncertainty>
    </time>
    <latitude>
      <value>51.5268</value>
      <uncertainty>7.4</uncertainty>
    </latitude>
    <longitude>
      <value>16.1245</value>
      <uncertainty>3.5</uncertainty>
    </longitude>
    <depth>
      <value>0</value>
      <uncertainty>2.4</uncertainty>
    </depth>
    <depthType>from location</depthType>
    <methodID>smi:eu.emsc-csem/origin_method/NA</methodID>
    <quality>
      <usedPhaseCount>21</usedPhaseCount>
      <usedStationCount>15</usedStationCount>
      <standardError>0.72</standardError>
      <azimuthalGap>223</azimuthalGap>
      <minimumDistance>0.69</minimumDistance>
      <maximumDistance>5.05</maximumDistance>
    </quality>
    <evaluationMode>manual</evaluationMode>
    <creationInfo>
      <agencyURI>smi:smi-registry/organization/EMSC</agencyURI>
      <authorURI>smi:smi-registry/organization/EMSC</authorURI>
    </creationInfo>
    <originUncertainty>
      <azimuthMaxHorizontalUncertainty>13</azimuthMaxHorizontalUncertainty>
    </originUncertainty>
  </origin>
  <magnitude publicID="quakeml:eu.emsc/event/19980520_0000004/origin/1495851/mag/2">
    <mag>
      <value>3.6</value>
    </mag>
    <type>ML</type>
    <originID>quakeml:eu.emsc/event/19980520_0000004/origin/1495851</originID>
    <creationInfo>
      <agencyURI>smi:smi-registry/organization/EMSC</agencyURI>
      <authorURI>smi:smi-registry/organization/EMSC</authorURI>
    </creationInfo>
  </magnitude>
</event>
<event publicID="quakeml:eu.emsc/event/19980520_0000003">
  <preferredOriginID>quakeml:eu.emsc/event/19980520_0000003/origin/1495854</preferredOriginID>
  <preferredMagnitudeID>quakeml:eu.emsc/event/19980520_0000003/origin/1495854/mag/1</preferredMagnitudeID>
  <creationInfo>
    <agencyURI>smi:smi-registry/organization/EMSC</agencyURI>
    <authorURI>smi:smi-registry/organization/EMSC</authorURI>
    <creationTime>2014-12-03T12:06:12.511074Z</creationTime>
  </creationInfo>
  <description>
    <text>SOUTHERN IRAN</text>
    <type>Flinn-Engdahl region</type>
  </description>
  <origin publicID="quakeml:eu.emsc/event/19980520_0000003/origin/1495854">
    <time>
      <value>1998-05-20T05:23:42.3Z</value>
      <uncertainty>0.28</uncertainty>
    </time>
    <latitude>
      <value>30.8335</value>
      <uncertainty>18.3</uncertainty>
    </latitude>
    <longitude>
      <value>51.7109</value>
      <uncertainty>10.1</uncertainty>
    </longitude>
    <depth>
      <value>33000</value>
    </depth>
    <depthType>from location</depthType>
    <methodID>smi:eu.emsc-csem/origin_method/NA</methodID>
    <quality>
      <usedPhaseCount>21</usedPhaseCount>
      <usedStationCount>21</usedStationCount>
      <standardError>0.67</standardError>
      <azimuthalGap>162</azimuthalGap>
      <minimumDistance>35.64</minimumDistance>
      <maximumDistance>58.4</maximumDistance>
    </quality>
    <evaluationMode>manual</evaluationMode>
    <creationInfo>
      <agencyURI>smi:smi-registry/organization/EMSC</agencyURI>
      <authorURI>smi:smi-registry/organization/EMSC</authorURI>
    </creationInfo>
    <originUncertainty>
      <azimuthMaxHorizontalUncertainty>20</azimuthMaxHorizontalUncertainty>
    </originUncertainty>
  </origin>
  <magnitude publicID="quakeml:eu.emsc/event/19980520_0000003/origin/1495854/mag/1">
    <mag>
      <value>4.4</value>
      <uncertainty>0.2</uncertainty>
    </mag>
    <type>mb</type>
    <originID>quakeml:eu.emsc/event/19980520_0000003/origin/1495854</originID>
    <stationCount>13</stationCount>
    <creationInfo>
      <agencyURI>smi:smi-registry/organization/EMSC</agencyURI>
      <authorURI>smi:smi-registry/organization/EMSC</authorURI>
    </creationInfo>
  </magnitude>
</event>
<event publicID="quakeml:eu.emsc/event/19980520_0000012">
  <preferredOriginID>quakeml:eu.emsc/event/19980520_0000012/origin/1484294</preferredOriginID>
  <preferredMagnitudeID>quakeml:eu.emsc/event/19980520_0000012/origin/1484294/mag/2</preferredMagnitudeID>
  <creationInfo>
    <agencyURI>smi:smi-registry/organization/EMSC</agencyURI>
    <authorURI>smi:smi-registry/organization/EMSC</authorURI>
    <creationTime>2014-12-10T19:01:06.351813Z</creationTime>
  </creationInfo>
  <description>
    <text>NEAR SOUTH COAST OF FRANCE</text>
    <type>Flinn-Engdahl region</type>
  </description>
  <origin publicID="quakeml:eu.emsc/event/19980520_0000012/origin/1484294">
    <time>
      <value>1998-05-20T05:10:40.6Z</value>
    </time>
    <latitude>
      <value>43.43</value>
      <uncertainty>9999.9</uncertainty>
    </latitude>
    <longitude>
      <value>5.45</value>
      <uncertainty>9999.9</uncertainty>
    </longitude>
    <depth>
      <value>1000</value>
    </depth>
    <depthType>from location</depthType>
    <methodID>smi:eu.emsc-csem/origin_method/NA</methodID>
    <quality>
      <usedPhaseCount>14</usedPhaseCount>
      <usedStationCount>11</usedStationCount>
      <standardError>0.84</standardError>
      <azimuthalGap>132</azimuthalGap>
      <minimumDistance>0.05</minimumDistance>
      <maximumDistance>1.54</maximumDistance>
    </quality>
    <evaluationMode>manual</evaluationMode>
    <creationInfo>
      <agencyURI>smi:smi-registry/organization/EMSC</agencyURI>
      <authorURI>smi:smi-registry/organization/EMSC</authorURI>
    </creationInfo>
    <originUncertainty>
      <azimuthMaxHorizontalUncertainty>-99</azimuthMaxHorizontalUncertainty>
    </originUncertainty>
  </origin>
  <magnitude publicID="quakeml:eu.emsc/event/19980520_0000012/origin/1484294/mag/2">
    <mag>
      <value>2.5</value>
    </mag>
    <type>ML</type>
    <originID>quakeml:eu.emsc/event/19980520_0000012/origin/1484294</originID>
    <creationInfo>
      <agencyURI>smi:smi-registry/organization/EMSC</agencyURI>
      <authorURI>smi:smi-registry/organization/EMSC</authorURI>
    </creationInfo>
  </magnitude>
</event>
</eventParameters>
</q:quakeml>
