<?xml version="1.0"?>
<q:quakeml xmlns:q="http://quakeml.org/xmlns/quakeml/1.2"  xmlns="http://quakeml.org/xmlns/bed/1.2">
<eventParameters publicID="smi:eu.emsc/unid">
<event publicID="quakeml:eu.emsc/event/19980426_0000009">
  <preferredOriginID>quakeml:eu.emsc/event/19980426_0000009/origin/1484564</preferredOriginID>
  <preferredMagnitudeID>quakeml:eu.emsc/event/19980426_0000009/origin/1484564/mag/2</preferredMagnitudeID>
  <creationInfo>
    <agencyURI>smi:smi-registry/organization/EMSC</agencyURI>
    <authorURI>smi:smi-registry/organization/EMSC</authorURI>
    <creationTime>2014-12-10T11:51:05.402014Z</creationTime>
  </creationInfo>
  <description>
    <text>NEAR THE COAST OF WESTERN TURKEY</text>
    <type>Flinn-Engdahl region</type>
  </description>
  <origin publicID="quakeml:eu.emsc/event/19980426_0000009/origin/1484564">
    <time>
      <value>1998-04-26T22:50:12.7Z</value>
    </time>
    <latitude>
      <value>38.869</value>
      <uncertainty>9999.9</uncertainty>
    </latitude>
    <longitude>
      <value>26.601</value>
      <uncertainty>9999.9</uncertainty>
    </longitude>
    <depth>
      <value>10000</value>
    </depth>
    <depthType>from location</depthType>
    <methodID>smi:eu.emsc-csem/origin_method/NA</methodID>
    <quality>
      <usedPhaseCount>7</usedPhaseCount>
      <usedStationCount>6</usedStationCount>
      <standardError>2.11</standardError>
      <azimuthalGap>215</azimuthalGap>
      <minimumDistance>0.7</minimumDistance>
      <maximumDistance>2.66</maximumDistance>
    </quality>
    <evaluationMode>manual</evaluationMode>
    <creationInfo>
      <agencyURI>smi:smi-registry/organization/EMSC</agencyURI>
      <authorURI>smi:smi-registry/organization/EMSC</authorURI>
    </creationInfo>
    <originUncertainty>
      <azimuthMaxHorizontalUncertainty>-99</azimuthMaxHorizontalUncertainty>
    </originUncertainty>
  </origin>
  <magnitude publicID="quakeml:eu.emsc/event/19980426_0000009/origin/1484564/mag/2">
    <mag>
      <value>3.2</value>
    </mag>
    <type>MD</type>
    <originID>quakeml:eu.emsc/event/19980426_0000009/origin/1484564</originID>
    <creationInfo>
      <agencyURI>smi:smi-registry/organization/EMSC</agencyURI>
      <authorURI>smi:smi-registry/organization/EMSC</authorURI>
    </creationInfo>
  </magnitude>
</event>
<event publicID="quakeml:eu.emsc/event/19980426_0000008">
  <preferredOriginID>quakeml:eu.emsc/event/19980426_0000008/origin/1484566</preferredOriginID>
  <preferredMagnitudeID>quakeml:eu.emsc/event/19980426_0000008/origin/1484566/mag/2</preferredMagnitudeID>
  <creationInfo>
    <agencyURI>smi:smi-registry/organization/EMSC</agencyURI>
    <authorURI>smi:smi-registry/organization/EMSC</authorURI>
    <creationTime>2014-12-10T11:50:36.465674Z</creationTime>
  </creationInfo>
  <description>
    <text>SOUTHERN ITALY</text>
    <type>Flinn-Engdahl region</type>
  </description>
  <origin publicID="quakeml:eu.emsc/event/19980426_0000008/origin/1484566">
    <time>
      <value>1998-04-26T22:03:24.5Z</value>
    </time>
    <latitude>
      <value>40.629</value>
      <uncertainty>9999.9</uncertainty>
    </latitude>
    <longitude>
      <value>15.82</value>
      <uncertainty>9999.9</uncertainty>
    </longitude>
    <depth>
      <value>7300.0</value>
    </depth>
    <depthType>from location</depthType>
    <methodID>smi:eu.emsc-csem/origin_method/NA</methodID>
    <quality>
      <usedPhaseCount>17</usedPhaseCount>
      <usedStationCount>11</usedStationCount>
      <standardError>1.94</standardError>
      <azimuthalGap>168</azimuthalGap>
      <minimumDistance>0.28</minimumDistance>
      <maximumDistance>1.58</maximumDistance>
    </quality>
    <evaluationMode>manual</evaluationMode>
    <creationInfo>
      <agencyURI>smi:smi-registry/organization/EMSC</agencyURI>
      <authorURI>smi:smi-registry/organization/EMSC</authorURI>
    </creationInfo>
    <originUncertainty>
      <azimuthMaxHorizontalUncertainty>-99</azimuthMaxHorizontalUncertainty>
    </originUncertainty>
  </origin>
  <magnitude publicID="quakeml:eu.emsc/event/19980426_0000008/origin/1484566/mag/2">
    <mag>
      <value>1.8</value>
    </mag>
    <type>ML</type>
    <originID>quakeml:eu.emsc/event/19980426_0000008/origin/1484566</originID>
    <stationCount>8</stationCount>
    <creationInfo>
      <agencyURI>smi:smi-registry/organization/EMSC</agencyURI>
      <authorURI>smi:smi-registry/organization/EMSC</authorURI>
    </creationInfo>
  </magnitude>
</event>
<event publicID="quakeml:eu.emsc/event/19980426_0000007">
  <preferredOriginID>quakeml:eu.emsc/event/19980426_0000007/origin/1496926</preferredOriginID>
  <preferredMagnitudeID>quakeml:eu.emsc/event/19980426_0000007/origin/1496926/mag/2</preferredMagnitudeID>
  <creationInfo>
    <agencyURI>smi:smi-registry/organization/EMSC</agencyURI>
    <authorURI>smi:smi-registry/organization/EMSC</authorURI>
    <creationTime>2014-12-03T10:57:15.920064Z</creationTime>
  </creationInfo>
  <description>
    <text>POLAND</text>
    <type>Flinn-Engdahl region</type>
  </description>
  <origin publicID="quakeml:eu.emsc/event/19980426_0000007/origin/1496926">
    <time>
      <value>1998-04-26T17:10:17.4Z</value>
      <uncertainty>0.36</uncertainty>
    </time>
    <latitude>
      <value>51.4372</value>
      <uncertainty>6</uncertainty>
    </latitude>
    <longitude>
      <value>16.1617</value>
      <uncertainty>5.4</uncertainty>
    </longitude>
    <depth>
      <value>2000</value>
    </depth>
    <depthType>from location</depthType>
    <methodID>smi:eu.emsc-csem/origin_method/NA</methodID>
    <quality>
      <usedPhaseCount>29</usedPhaseCount>
      <usedStationCount>15</usedStationCount>
      <standardError>1.19</standardError>
      <azimuthalGap>127</azimuthalGap>
      <minimumDistance>0.6</minimumDistance>
      <maximumDistance>4.21</maximumDistance>
    </quality>
    <evaluationMode>manual</evaluationMode>
    <creationInfo>
      <agencyURI>smi:smi-registry/organization/EMSC</agencyURI>
      <authorURI>smi:smi-registry/organization/EMSC</authorURI>
    </creationInfo>
  </origin>
  <magnitude publicID="quakeml:eu.emsc/event/19980426_0000007/origin/1496926/mag/2">
    <mag>
      <value>3.2</value>
    </mag>
    <type>ML</type>
    <originID>quakeml:eu.emsc/event/19980426_0000007/origin/1496926</originID>
    <stationCount>5</stationCount>
    <creationInfo>
      <agencyURI>smi:smi-registry/organization/EMSC</agencyURI>
      <authorURI>smi:smi-registry/organization/EMSC</authorURI>
    </creationInfo>
  </magnitude>
</event>
<event publicID="quakeml:eu.emsc/event/19980426_0000017">
  <preferredOriginID>quakeml:eu.emsc/event/19980426_0000017/origin/1484568</preferredOriginID>
  <preferredMagnitudeID>quakeml:eu.emsc/event/19980426_0000017/origin/1484568/mag/2</preferredMagnitudeID>
  <creationInfo>
    <agencyURI>smi:smi-registry/organization/EMSC</agencyURI>
    <authorURI>smi:smi-registry/organization/EMSC</authorURI>
    <creationTime>2014-12-10T19:00:32.284786Z</creationTime>
  </creationInfo>
  <description>
    <text>PYRENEES</text>
    <type>Flinn-Engdahl region</type>
  </description>
  <origin publicID="quakeml:eu.emsc/event/19980426_0000017/origin/1484568">
    <time>
      <value>1998-04-26T15:06:31.9Z</value>
    </time>
    <latitude>
      <value>42.59</value>
      <uncertainty>9999.9</uncertainty>
    </latitude>
    <longitude>
      <value>0.91</value>
      <uncertainty>9999.9</uncertainty>
    </longitude>
    <depth>
      <value>5000</value>
    </depth>
    <depthType>from location</depthType>
    <methodID>smi:eu.emsc-csem/origin_method/NA</methodID>
    <quality>
      <usedPhaseCount>8</usedPhaseCount>
      <usedStationCount>4</usedStationCount>
      <standardError>0.37</standardError>
      <azimuthalGap>119</azimuthalGap>
      <minimumDistance>0.11</minimumDistance>
      <maximumDistance>0.27</maximumDistance>
    </quality>
    <evaluationMode>manual</evaluationMode>
    <creationInfo>
      <agencyURI>smi:smi-registry/organization/EMSC</agencyURI>
      <authorURI>smi:smi-registry/organization/EMSC</authorURI>
    </creationInfo>
    <originUncertainty>
      <azimuthMaxHorizontalUncertainty>-99</azimuthMaxHorizontalUncertainty>
    </originUncertainty>
  </origin>
  <magnitude publicID="quakeml:eu.emsc/event/19980426_0000017/origin/1484568/mag/2">
    <mag>
      <value>0.4</value>
    </mag>
    <type>ML</type>
    <originID>quakeml:eu.emsc/event/19980426_0000017/origin/1484568</originID>
    <creationInfo>
      <agencyURI>smi:smi-registry/organization/EMSC</agencyURI>
      <authorURI>smi:smi-registry/organization/EMSC</authorURI>
    </creationInfo>
  </magnitude>
</event>
<event publicID="quakeml:eu.emsc/event/19980426_0000006">
  <preferredOriginID>quakeml:eu.emsc/event/19980426_0000006/origin/4638</preferredOriginID>
  <preferredMagnitudeID>quakeml:eu.emsc/event/19980426_0000006/origin/4638/mag/2</preferredMagnitudeID>
  <creationInfo>
    <agencyURI>smi:smi-registry/organization/EMSC</agencyURI>
    <authorURI>smi:smi-registry/organization/EMSC</authorURI>
    <creationTime>2014-12-03T11:55:58.866103Z</creationTime>
  </creationInfo>
  <description>
    <text>REPUBLIC OF THE CONGO                   </text>
    <type>Flinn-Engdahl region</type>
  </description>
  <origin publicID="quakeml:eu.emsc/event/19980426_0000006/origin/4638">
    <time>
      <value>1998-04-26T14:16:51.5Z</value>
      <uncertainty>0.08</uncertainty>
    </time>
    <latitude>
      <value>0.7999</value>
      <uncertainty>3.3</uncertainty>
    </latitude>
    <longitude>
      <value>17.2871</value>
      <uncertainty>2.7</uncertainty>
    </longitude>
    <depth>
      <value>9200.0</value>
    </depth>
    <depthType>from location</depthType>
    <methodID>smi:eu.emsc-csem/origin_method/NA</methodID>
    <quality>
      <usedPhaseCount>306</usedPhaseCount>
      <usedStationCount>301</usedStationCount>
      <standardError>0.84</standardError>
      <azimuthalGap>91</azimuthalGap>
      <minimumDistance>4.49</minimumDistance>
      <maximumDistance>97.51</maximumDistance>
    </quality>
    <evaluationMode>manual</evaluationMode>
    <creationInfo>
      <agencyURI>smi:smi-registry/organization/EMSC</agencyURI>
      <authorURI>smi:smi-registry/organization/EMSC</authorURI>
    </creationInfo>
    <originUncertainty>
      <azimuthMaxHorizontalUncertainty>138</azimuthMaxHorizontalUncertainty>
    </originUncertainty>
  </origin>
  <magnitude publicID="quakeml:eu.emsc/event/19980426_0000006/origin/4638/mag/2">
    <mag>
      <value>5.2</value>
      <uncertainty>0.4</uncertainty>
    </mag>
    <type>mb</type>
    <originID>quakeml:eu.emsc/event/19980426_0000006/origin/4638</originID>
    <stationCount>99</stationCount>
    <creationInfo>
      <agencyURI>smi:smi-registry/organization/EMSC</agencyURI>
      <authorURI>smi:smi-registry/organization/EMSC</authorURI>
    </creationInfo>
  </magnitude>
</event>
<event publicID="quakeml:eu.emsc/event/19980426_0000016">
  <preferredOriginID>quakeml:eu.emsc/event/19980426_0000016/origin/1487848</preferredOriginID>
  <preferredMagnitudeID>quakeml:eu.emsc/event/19980426_0000016/origin/1487848/mag/2</preferredMagnitudeID>
  <creationInfo>
    <agencyURI>smi:smi-registry/organization/EMSC</agencyURI>
    <authorURI>smi:smi-registry/organization/EMSC</authorURI>
    <creationTime>2014-12-10T19:00:31.291779Z</creationTime>
  </creationInfo>
  <description>
    <text>SWITZERLAND</text>
    <type>Flinn-Engdahl region</type>
  </description>
  <origin publicID="quakeml:eu.emsc/event/19980426_0000016/origin/1487848">
    <time>
      <value>1998-04-26T12:43:53.1Z</value>
    </time>
    <latitude>
      <value>47.033</value>
      <uncertainty>9999.9</uncertainty>
    </latitude>
    <longitude>
      <value>8.911</value>
      <uncertainty>9999.9</uncertainty>
    </longitude>
    <depth>
      <value>19700.0</value>
    </depth>
    <depthType>from location</depthType>
    <methodID>smi:eu.emsc-csem/origin_method/NA</methodID>
    <quality>
      <usedPhaseCount>8</usedPhaseCount>
      <usedStationCount>4</usedStationCount>
      <standardError>0.63</standardError>
      <azimuthalGap>108</azimuthalGap>
      <minimumDistance>0.17</minimumDistance>
      <maximumDistance>0.79</maximumDistance>
    </quality>
    <evaluationMode>manual</evaluationMode>
    <creationInfo>
      <agencyURI>smi:smi-registry/organization/EMSC</agencyURI>
      <authorURI>smi:smi-registry/organization/EMSC</authorURI>
    </creationInfo>
    <originUncertainty>
      <azimuthMaxHorizontalUncertainty>-99</azimuthMaxHorizontalUncertainty>
    </originUncertainty>
  </origin>
  <magnitude publicID="quakeml:eu.emsc/event/19980426_0000016/origin/1487848/mag/2">
    <mag>
      <value>1.9</value>
    </mag>
    <type>ML</type>
    <originID>quakeml:eu.emsc/event/19980426_0000016/origin/1487848</originID>
    <stationCount>6</stationCount>
    <creationInfo>
      <agencyURI>smi:smi-registry/organization/EMSC</agencyURI>
      <authorURI>smi:smi-registry/organization/EMSC</authorURI>
    </creationInfo>
  </magnitude>
</event>
<event publicID="quakeml:eu.emsc/event/19980426_0000005">
  <preferredOriginID>quakeml:eu.emsc/event/19980426_0000005/origin/1484570</preferredOriginID>
  <preferredMagnitudeID>quakeml:eu.emsc/event/19980426_0000005/origin/1484570/mag/2</preferredMagnitudeID>
  <creationInfo>
    <agencyURI>smi:smi-registry/organization/EMSC</agencyURI>
    <authorURI>smi:smi-registry/organization/EMSC</authorURI>
    <creationTime>2014-12-10T11:49:22.574601Z</creationTime>
  </creationInfo>
  <description>
    <text>WESTERN TURKEY</text>
    <type>Flinn-Engdahl region</type>
  </description>
  <origin publicID="quakeml:eu.emsc/event/19980426_0000005/origin/1484570">
    <time>
      <value>1998-04-26T12:12:02.9Z</value>
    </time>
    <latitude>
      <value>37.799</value>
      <uncertainty>9999.9</uncertainty>
    </latitude>
    <longitude>
      <value>30.471</value>
      <uncertainty>9999.9</uncertainty>
    </longitude>
    <depth>
      <value>10000</value>
    </depth>
    <depthType>from location</depthType>
    <methodID>smi:eu.emsc-csem/origin_method/NA</methodID>
    <quality>
      <usedPhaseCount>7</usedPhaseCount>
      <usedStationCount>5</usedStationCount>
      <standardError>1.04</standardError>
      <azimuthalGap>104</azimuthalGap>
      <minimumDistance>0.05</minimumDistance>
      <maximumDistance>1.29</maximumDistance>
    </quality>
    <evaluationMode>manual</evaluationMode>
    <creationInfo>
      <agencyURI>smi:smi-registry/organization/EMSC</agencyURI>
      <authorURI>smi:smi-registry/organization/EMSC</authorURI>
    </creationInfo>
    <originUncertainty>
      <azimuthMaxHorizontalUncertainty>-99</azimuthMaxHorizontalUncertainty>
    </originUncertainty>
  </origin>
  <magnitude publicID="quakeml:eu.emsc/event/19980426_0000005/origin/1484570/mag/2">
    <mag>
      <value>3.1</value>
    </mag>
    <type>MD</type>
    <originID>quakeml:eu.emsc/event/19980426_0000005/origin/1484570</originID>
    <creationInfo>
      <agencyURI>smi:smi-registry/organization/EMSC</agencyURI>
      <authorURI>smi:smi-registry/organization/EMSC</authorURI>
    </creationInfo>
  </magnitude>
</event>
<event publicID="quakeml:eu.emsc/event/19980426_0000011">
  <preferredOriginID>quakeml:eu.emsc/event/19980426_0000011/origin/1496516</preferredOriginID>
  <preferredMagnitudeID>quakeml:eu.emsc/event/19980426_0000011/origin/1496516/mag/1</preferredMagnitudeID>
  <creationInfo>
    <agencyURI>smi:smi-registry/organization/EMSC</agencyURI>
    <authorURI>smi:smi-registry/organization/EMSC</authorURI>
    <creationTime>2014-12-03T15:14:43.141407Z</creationTime>
  </creationInfo>
  <description>
    <text>FRANCE</text>
    <type>Flinn-Engdahl region</type>
  </description>
  <origin publicID="quakeml:eu.emsc/event/19980426_0000011/origin/1496516">
    <time>
      <value>1998-04-26T11:48:11.2Z</value>
      <uncertainty>0.21</uncertainty>
    </time>
    <latitude>
      <value>48.1846</value>
      <uncertainty>3.8</uncertainty>
    </latitude>
    <longitude>
      <value>7.5706</value>
      <uncertainty>3.3</uncertainty>
    </longitude>
    <depth>
      <value>10000</value>
    </depth>
    <depthType>from location</depthType>
    <methodID>smi:eu.emsc-csem/origin_method/NA</methodID>
    <quality>
      <usedPhaseCount>23</usedPhaseCount>
      <usedStationCount>15</usedStationCount>
      <standardError>0.71</standardError>
      <azimuthalGap>112</azimuthalGap>
      <minimumDistance>0.04</minimumDistance>
      <maximumDistance>3.18</maximumDistance>
    </quality>
    <evaluationMode>manual</evaluationMode>
    <creationInfo>
      <agencyURI>smi:smi-registry/organization/EMSC</agencyURI>
      <authorURI>smi:smi-registry/organization/EMSC</authorURI>
    </creationInfo>
    <originUncertainty>
      <azimuthMaxHorizontalUncertainty>116</azimuthMaxHorizontalUncertainty>
    </originUncertainty>
  </origin>
  <magnitude publicID="quakeml:eu.emsc/event/19980426_0000011/origin/1496516/mag/1">
    <mag>
      <value>1.8</value>
      <uncertainty>0.4</uncertainty>
    </mag>
    <type>ML</type>
    <originID>quakeml:eu.emsc/event/19980426_0000011/origin/1496516</originID>
    <stationCount>7</stationCount>
    <creationInfo>
      <agencyURI>smi:smi-registry/organization/EMSC</agencyURI>
      <authorURI>smi:smi-registry/organization/EMSC</authorURI>
    </creationInfo>
  </magnitude>
</event>
<event publicID="quakeml:eu.emsc/event/19980426_0000015">
  <preferredOriginID>quakeml:eu.emsc/event/19980426_0000015/origin/1496519</preferredOriginID>
  <preferredMagnitudeID>quakeml:eu.emsc/event/19980426_0000015/origin/1496519/mag/1</preferredMagnitudeID>
  <creationInfo>
    <agencyURI>smi:smi-registry/organization/EMSC</agencyURI>
    <authorURI>smi:smi-registry/organization/EMSC</authorURI>
    <creationTime>2014-12-03T16:34:51.177175Z</creationTime>
  </creationInfo>
  <description>
    <text>PYRENEES</text>
    <type>Flinn-Engdahl region</type>
  </description>
  <origin publicID="quakeml:eu.emsc/event/19980426_0000015/origin/1496519">
    <time>
      <value>1998-04-26T08:57:58.1Z</value>
      <uncertainty>0.35</uncertainty>
    </time>
    <latitude>
      <value>43.0427</value>
      <uncertainty>5.5</uncertainty>
    </latitude>
    <longitude>
      <value>-0.8518</value>
      <uncertainty>2.7</uncertainty>
    </longitude>
    <depth>
      <value>18100.0</value>
      <uncertainty>2.9</uncertainty>
    </depth>
    <depthType>from location</depthType>
    <methodID>smi:eu.emsc-csem/origin_method/NA</methodID>
    <quality>
      <usedPhaseCount>11</usedPhaseCount>
      <usedStationCount>6</usedStationCount>
      <standardError>0.47</standardError>
      <azimuthalGap>143</azimuthalGap>
      <minimumDistance>0.1</minimumDistance>
      <maximumDistance>2.26</maximumDistance>
    </quality>
    <evaluationMode>manual</evaluationMode>
    <creationInfo>
      <agencyURI>smi:smi-registry/organization/EMSC</agencyURI>
      <authorURI>smi:smi-registry/organization/EMSC</authorURI>
    </creationInfo>
    <originUncertainty>
      <azimuthMaxHorizontalUncertainty>22</azimuthMaxHorizontalUncertainty>
    </originUncertainty>
  </origin>
  <magnitude publicID="quakeml:eu.emsc/event/19980426_0000015/origin/1496519/mag/1">
    <mag>
      <value>1</value>
      <uncertainty>0.4</uncertainty>
    </mag>
    <type>ML</type>
    <originID>quakeml:eu.emsc/event/19980426_0000015/origin/1496519</originID>
    <stationCount>4</stationCount>
    <creationInfo>
      <agencyURI>smi:smi-registry/organization/EMSC</agencyURI>
      <authorURI>smi:smi-registry/organization/EMSC</authorURI>
    </creationInfo>
  </magnitude>
</event>
<event publicID="quakeml:eu.emsc/event/19980426_0000012">
  <preferredOriginID>quakeml:eu.emsc/event/19980426_0000012/origin/1484572</preferredOriginID>
  <preferredMagnitudeID>quakeml:eu.emsc/event/19980426_0000012/origin/1484572/mag/2</preferredMagnitudeID>
  <creationInfo>
    <agencyURI>smi:smi-registry/organization/EMSC</agencyURI>
    <authorURI>smi:smi-registry/organization/EMSC</authorURI>
    <creationTime>2014-12-10T19:00:30.787219Z</creationTime>
  </creationInfo>
  <description>
    <text>PYRENEES</text>
    <type>Flinn-Engdahl region</type>
  </description>
  <origin publicID="quakeml:eu.emsc/event/19980426_0000012/origin/1484572">
    <time>
      <value>1998-04-26T08:23:48.6Z</value>
    </time>
    <latitude>
      <value>42.43</value>
      <uncertainty>9999.9</uncertainty>
    </latitude>
    <longitude>
      <value>1.82</value>
      <uncertainty>9999.9</uncertainty>
    </longitude>
    <depth>
      <value>7000</value>
    </depth>
    <depthType>from location</depthType>
    <methodID>smi:eu.emsc-csem/origin_method/NA</methodID>
    <quality>
      <usedPhaseCount>9</usedPhaseCount>
      <usedStationCount>5</usedStationCount>
      <standardError>1.09</standardError>
      <azimuthalGap>124</azimuthalGap>
      <minimumDistance>0.09</minimumDistance>
      <maximumDistance>0.43</maximumDistance>
    </quality>
    <evaluationMode>manual</evaluationMode>
    <creationInfo>
      <agencyURI>smi:smi-registry/organization/EMSC</agencyURI>
      <authorURI>smi:smi-registry/organization/EMSC</authorURI>
    </creationInfo>
    <originUncertainty>
      <azimuthMaxHorizontalUncertainty>-99</azimuthMaxHorizontalUncertainty>
    </originUncertainty>
  </origin>
  <magnitude publicID="quakeml:eu.emsc/event/19980426_0000012/origin/1484572/mag/2">
    <mag>
      <value>0.8</value>
    </mag>
    <type>ML</type>
    <originID>quakeml:eu.emsc/event/19980426_0000012/origin/1484572</originID>
    <creationInfo>
      <agencyURI>smi:smi-registry/organization/EMSC</agencyURI>
      <authorURI>smi:smi-registry/organization/EMSC</authorURI>
    </creationInfo>
  </magnitude>
</event>
<event publicID="quakeml:eu.emsc/event/19980426_0000004">
  <preferredOriginID>quakeml:eu.emsc/event/19980426_0000004/origin/1484574</preferredOriginID>
  <preferredMagnitudeID>quakeml:eu.emsc/event/19980426_0000004/origin/1484574/mag/2</preferredMagnitudeID>
  <creationInfo>
    <agencyURI>smi:smi-registry/organization/EMSC</agencyURI>
    <authorURI>smi:smi-registry/organization/EMSC</authorURI>
    <creationTime>2014-12-10T11:49:01.83468Z</creationTime>
  </creationInfo>
  <description>
    <text>WESTERN TURKEY</text>
    <type>Flinn-Engdahl region</type>
  </description>
  <origin publicID="quakeml:eu.emsc/event/19980426_0000004/origin/1484574">
    <time>
      <value>1998-04-26T07:18:20.7Z</value>
    </time>
    <latitude>
      <value>40.636</value>
      <uncertainty>9999.9</uncertainty>
    </latitude>
    <longitude>
      <value>29.116</value>
      <uncertainty>9999.9</uncertainty>
    </longitude>
    <depth>
      <value>7000</value>
    </depth>
    <depthType>from location</depthType>
    <methodID>smi:eu.emsc-csem/origin_method/NA</methodID>
    <quality>
      <usedPhaseCount>10</usedPhaseCount>
      <usedStationCount>6</usedStationCount>
      <standardError>0.84</standardError>
      <azimuthalGap>100</azimuthalGap>
      <minimumDistance>0.21</minimumDistance>
      <maximumDistance>1</maximumDistance>
    </quality>
    <evaluationMode>manual</evaluationMode>
    <creationInfo>
      <agencyURI>smi:smi-registry/organization/EMSC</agencyURI>
      <authorURI>smi:smi-registry/organization/EMSC</authorURI>
    </creationInfo>
    <originUncertainty>
      <azimuthMaxHorizontalUncertainty>-99</azimuthMaxHorizontalUncertainty>
    </originUncertainty>
  </origin>
  <magnitude publicID="quakeml:eu.emsc/event/19980426_0000004/origin/1484574/mag/2">
    <mag>
      <value>2.8</value>
    </mag>
    <type>MD</type>
    <originID>quakeml:eu.emsc/event/19980426_0000004/origin/1484574</originID>
    <creationInfo>
      <agencyURI>smi:smi-registry/organization/EMSC</agencyURI>
      <authorURI>smi:smi-registry/organization/EMSC</authorURI>
    </creationInfo>
  </magnitude>
</event>
<event publicID="quakeml:eu.emsc/event/19980426_0000003">
  <preferredOriginID>quakeml:eu.emsc/event/19980426_0000003/origin/1484576</preferredOriginID>
  <preferredMagnitudeID>quakeml:eu.emsc/event/19980426_0000003/origin/1484576/mag/2</preferredMagnitudeID>
  <creationInfo>
    <agencyURI>smi:smi-registry/organization/EMSC</agencyURI>
    <authorURI>smi:smi-registry/organization/EMSC</authorURI>
    <creationTime>2014-12-10T11:48:37.152728Z</creationTime>
  </creationInfo>
  <description>
    <text>WESTERN TURKEY</text>
    <type>Flinn-Engdahl region</type>
  </description>
  <origin publicID="quakeml:eu.emsc/event/19980426_0000003/origin/1484576">
    <time>
      <value>1998-04-26T06:31:40.5Z</value>
    </time>
    <latitude>
      <value>40.64</value>
      <uncertainty>9999.9</uncertainty>
    </latitude>
    <longitude>
      <value>29.146</value>
      <uncertainty>9999.9</uncertainty>
    </longitude>
    <depth>
      <value>5000</value>
    </depth>
    <depthType>from location</depthType>
    <methodID>smi:eu.emsc-csem/origin_method/NA</methodID>
    <quality>
      <usedPhaseCount>9</usedPhaseCount>
      <usedStationCount>5</usedStationCount>
      <standardError>1.05</standardError>
      <azimuthalGap>97</azimuthalGap>
      <minimumDistance>0.39</minimumDistance>
      <maximumDistance>1.02</maximumDistance>
    </quality>
    <evaluationMode>manual</evaluationMode>
    <creationInfo>
      <agencyURI>smi:smi-registry/organization/EMSC</agencyURI>
      <authorURI>smi:smi-registry/organization/EMSC</authorURI>
    </creationInfo>
    <originUncertainty>
      <azimuthMaxHorizontalUncertainty>-99</azimuthMaxHorizontalUncertainty>
    </originUncertainty>
  </origin>
  <magnitude publicID="quakeml:eu.emsc/event/19980426_0000003/origin/1484576/mag/2">
    <mag>
      <value>2.7</value>
    </mag>
    <type>MD</type>
    <originID>quakeml:eu.emsc/event/19980426_0000003/origin/1484576</originID>
    <creationInfo>
      <agencyURI>smi:smi-registry/organization/EMSC</agencyURI>
      <authorURI>smi:smi-registry/organization/EMSC</authorURI>
    </creationInfo>
  </magnitude>
</event>
<event publicID="quakeml:eu.emsc/event/19980426_0000013">
  <preferredOriginID>quakeml:eu.emsc/event/19980426_0000013/origin/1973247</preferredOriginID>
  <preferredMagnitudeID>quakeml:eu.emsc/event/19980426_0000013/origin/1973247/mag/2</preferredMagnitudeID>
  <creationInfo>
    <agencyURI>smi:smi-registry/organization/EMSC</agencyURI>
    <authorURI>smi:smi-registry/organization/EMSC</authorURI>
    <creationTime>2014-12-11T09:33:27.29053Z</creationTime>
  </creationInfo>
  <description>
    <text>SOUTHERN ITALY</text>
    <type>Flinn-Engdahl region</type>
  </description>
  <origin publicID="quakeml:eu.emsc/event/19980426_0000013/origin/1973247">
    <time>
      <value>1998-04-26T05:38:04.6Z</value>
    </time>
    <latitude>
      <value>40.656</value>
      <uncertainty>9999.9</uncertainty>
    </latitude>
    <longitude>
      <value>15.839</value>
      <uncertainty>9999.9</uncertainty>
    </longitude>
    <depth>
      <value>5000</value>
    </depth>
    <depthType>from location</depthType>
    <methodID>smi:eu.emsc-csem/origin_method/NA</methodID>
    <quality>
      <usedPhaseCount>28</usedPhaseCount>
      <usedStationCount>25</usedStationCount>
      <standardError>1.06</standardError>
      <azimuthalGap>74</azimuthalGap>
      <minimumDistance>0.28</minimumDistance>
      <maximumDistance>4.4</maximumDistance>
    </quality>
    <evaluationMode>manual</evaluationMode>
    <creationInfo>
      <agencyURI>smi:smi-registry/organization/EMSC</agencyURI>
      <authorURI>smi:smi-registry/organization/EMSC</authorURI>
    </creationInfo>
    <originUncertainty>
      <azimuthMaxHorizontalUncertainty>-99</azimuthMaxHorizontalUncertainty>
    </originUncertainty>
  </origin>
  <magnitude publicID="quakeml:eu.emsc/event/19980426_0000013/origin/1973247/mag/2">
    <mag>
      <value>2.7</value>
    </mag>
    <type>ML</type>
    <originID>quakeml:eu.emsc/event/19980426_0000013/origin/1973247</originID>
    <stationCount>13</stationCount>
    <creationInfo>
      <agencyURI>smi:smi-registry/organization/EMSC</agencyURI>
      <authorURI>smi:smi-registry/organization/EMSC</authorURI>
    </creationInfo>
  </magnitude>
</event>
<event publicID="quakeml:eu.emsc/event/19980426_0000001">
  <preferredOriginID>quakeml:eu.emsc/event/19980426_0000001/origin/1484578</preferredOriginID>
  <preferredMagnitudeID>quakeml:eu.emsc/event/19980426_0000001/origin/1484578/mag/2</preferredMagnitudeID>
  <creationInfo>
    <agencyURI>smi:smi-registry/organization/EMSC</agencyURI>
    <authorURI>smi:smi-registry/organization/EMSC</authorURI>
    <creationTime>2014-12-10T11:47:54.979061Z</creationTime>
  </creationInfo>
  <description>
    <text>WESTERN TURKEY</text>
    <type>Flinn-Engdahl region</type>
  </description>
  <origin publicID="quakeml:eu.emsc/event/19980426_0000001/origin/1484578">
    <time>
      <value>1998-04-26T03:49:02.7Z</value>
    </time>
    <latitude>
      <value>37.051</value>
      <uncertainty>9999.9</uncertainty>
    </latitude>
    <longitude>
      <value>27.959</value>
      <uncertainty>9999.9</uncertainty>
    </longitude>
    <depth>
      <value>10000</value>
    </depth>
    <depthType>from location</depthType>
    <methodID>smi:eu.emsc-csem/origin_method/NA</methodID>
    <quality>
      <usedPhaseCount>5</usedPhaseCount>
      <usedStationCount>4</usedStationCount>
      <standardError>0.95</standardError>
      <azimuthalGap>303</azimuthalGap>
      <minimumDistance>0.27</minimumDistance>
      <maximumDistance>2.14</maximumDistance>
    </quality>
    <evaluationMode>manual</evaluationMode>
    <creationInfo>
      <agencyURI>smi:smi-registry/organization/EMSC</agencyURI>
      <authorURI>smi:smi-registry/organization/EMSC</authorURI>
    </creationInfo>
    <originUncertainty>
      <azimuthMaxHorizontalUncertainty>-99</azimuthMaxHorizontalUncertainty>
    </originUncertainty>
  </origin>
  <magnitude publicID="quakeml:eu.emsc/event/19980426_0000001/origin/1484578/mag/2">
    <mag>
      <value>3</value>
    </mag>
    <type>MD</type>
    <originID>quakeml:eu.emsc/event/19980426_0000001/origin/1484578</originID>
    <creationInfo>
      <agencyURI>smi:smi-registry/organization/EMSC</agencyURI>
      <authorURI>smi:smi-registry/organization/EMSC</authorURI>
    </creationInfo>
  </magnitude>
</event>
<event publicID="quakeml:eu.emsc/event/19980426_0000014">
  <preferredOriginID>quakeml:eu.emsc/event/19980426_0000014/origin/1496522</preferredOriginID>
  <preferredMagnitudeID>quakeml:eu.emsc/event/19980426_0000014/origin/1496522/mag/1</preferredMagnitudeID>
  <creationInfo>
    <agencyURI>smi:smi-registry/organization/EMSC</agencyURI>
    <authorURI>smi:smi-registry/organization/EMSC</authorURI>
    <creationTime>2014-12-03T16:28:53.236738Z</creationTime>
  </creationInfo>
  <description>
    <text>FRANCE</text>
    <type>Flinn-Engdahl region</type>
  </description>
  <origin publicID="quakeml:eu.emsc/event/19980426_0000014/origin/1496522">
    <time>
      <value>1998-04-26T00:09:59.0Z</value>
      <uncertainty>0.1</uncertainty>
    </time>
    <latitude>
      <value>46.1152</value>
      <uncertainty>2.2</uncertainty>
    </latitude>
    <longitude>
      <value>6.6183</value>
      <uncertainty>1.8</uncertainty>
    </longitude>
    <depth>
      <value>10000</value>
    </depth>
    <depthType>from location</depthType>
    <methodID>smi:eu.emsc-csem/origin_method/NA</methodID>
    <quality>
      <usedPhaseCount>38</usedPhaseCount>
      <usedStationCount>21</usedStationCount>
      <standardError>0.6</standardError>
      <azimuthalGap>66</azimuthalGap>
      <minimumDistance>0.2</minimumDistance>
      <maximumDistance>2.83</maximumDistance>
    </quality>
    <evaluationMode>manual</evaluationMode>
    <creationInfo>
      <agencyURI>smi:smi-registry/organization/EMSC</agencyURI>
      <authorURI>smi:smi-registry/organization/EMSC</authorURI>
    </creationInfo>
    <originUncertainty>
      <azimuthMaxHorizontalUncertainty>67</azimuthMaxHorizontalUncertainty>
    </originUncertainty>
  </origin>
  <magnitude publicID="quakeml:eu.emsc/event/19980426_0000014/origin/1496522/mag/1">
    <mag>
      <value>1.7</value>
      <uncertainty>0.4</uncertainty>
    </mag>
    <type>ML</type>
    <originID>quakeml:eu.emsc/event/19980426_0000014/origin/1496522</originID>
    <stationCount>15</stationCount>
    <creationInfo>
      <agencyURI>smi:smi-registry/organization/EMSC</agencyURI>
      <authorURI>smi:smi-registry/organization/EMSC</authorURI>
    </creationInfo>
  </magnitude>
</event>
</eventParameters>
</q:quakeml>
