<?xml version="1.0"?>
<q:quakeml xmlns:q="http://quakeml.org/xmlns/quakeml/1.2"  xmlns="http://quakeml.org/xmlns/bed/1.2">
<eventParameters publicID="smi:eu.emsc/unid">
<event publicID="quakeml:eu.emsc/event/19980324_0000017">
  <preferredOriginID>quakeml:eu.emsc/event/19980324_0000017/origin/1973463</preferredOriginID>
  <preferredMagnitudeID>quakeml:eu.emsc/event/19980324_0000017/origin/1973463/mag/2</preferredMagnitudeID>
  <creationInfo>
    <agencyURI>smi:smi-registry/organization/EMSC</agencyURI>
    <authorURI>smi:smi-registry/organization/EMSC</authorURI>
    <creationTime>2014-12-11T09:34:23.986718Z</creationTime>
  </creationInfo>
  <description>
    <text>WESTERN TURKEY</text>
    <type>Flinn-Engdahl region</type>
  </description>
  <origin publicID="quakeml:eu.emsc/event/19980324_0000017/origin/1973463">
    <time>
      <value>1998-03-24T20:54:38.0Z</value>
    </time>
    <latitude>
      <value>37.121</value>
      <uncertainty>9999.9</uncertainty>
    </latitude>
    <longitude>
      <value>31.272</value>
      <uncertainty>9999.9</uncertainty>
    </longitude>
    <depth>
      <value>10000</value>
    </depth>
    <depthType>from location</depthType>
    <methodID>smi:eu.emsc-csem/origin_method/NA</methodID>
    <quality>
      <usedPhaseCount>9</usedPhaseCount>
      <usedStationCount>6</usedStationCount>
      <standardError>1.78</standardError>
      <azimuthalGap>153</azimuthalGap>
      <minimumDistance>0.64</minimumDistance>
      <maximumDistance>2.39</maximumDistance>
    </quality>
    <evaluationMode>manual</evaluationMode>
    <creationInfo>
      <agencyURI>smi:smi-registry/organization/EMSC</agencyURI>
      <authorURI>smi:smi-registry/organization/EMSC</authorURI>
    </creationInfo>
    <originUncertainty>
      <azimuthMaxHorizontalUncertainty>-99</azimuthMaxHorizontalUncertainty>
    </originUncertainty>
  </origin>
  <magnitude publicID="quakeml:eu.emsc/event/19980324_0000017/origin/1973463/mag/2">
    <mag>
      <value>3.3</value>
    </mag>
    <type>MD</type>
    <originID>quakeml:eu.emsc/event/19980324_0000017/origin/1973463</originID>
    <creationInfo>
      <agencyURI>smi:smi-registry/organization/EMSC</agencyURI>
      <authorURI>smi:smi-registry/organization/EMSC</authorURI>
    </creationInfo>
  </magnitude>
</event>
<event publicID="quakeml:eu.emsc/event/19980324_0000019">
  <preferredOriginID>quakeml:eu.emsc/event/19980324_0000019/origin/1499224</preferredOriginID>
  <preferredMagnitudeID>quakeml:eu.emsc/event/19980324_0000019/origin/1499224/mag/1</preferredMagnitudeID>
  <creationInfo>
    <agencyURI>smi:smi-registry/organization/EMSC</agencyURI>
    <authorURI>smi:smi-registry/organization/EMSC</authorURI>
    <creationTime>2014-12-03T17:05:05.667518Z</creationTime>
  </creationInfo>
  <description>
    <text>NORTHERN ITALY</text>
    <type>Flinn-Engdahl region</type>
  </description>
  <origin publicID="quakeml:eu.emsc/event/19980324_0000019/origin/1499224">
    <time>
      <value>1998-03-24T19:44:35.7Z</value>
      <uncertainty>0.08</uncertainty>
    </time>
    <latitude>
      <value>44.519</value>
      <uncertainty>2.5</uncertainty>
    </latitude>
    <longitude>
      <value>7.2253</value>
      <uncertainty>1.4</uncertainty>
    </longitude>
    <depth>
      <value>10000</value>
    </depth>
    <depthType>from location</depthType>
    <methodID>smi:eu.emsc-csem/origin_method/NA</methodID>
    <quality>
      <usedPhaseCount>66</usedPhaseCount>
      <usedStationCount>40</usedStationCount>
      <standardError>0.78</standardError>
      <azimuthalGap>62</azimuthalGap>
      <minimumDistance>0.09</minimumDistance>
      <maximumDistance>3.89</maximumDistance>
    </quality>
    <evaluationMode>manual</evaluationMode>
    <creationInfo>
      <agencyURI>smi:smi-registry/organization/EMSC</agencyURI>
      <authorURI>smi:smi-registry/organization/EMSC</authorURI>
    </creationInfo>
    <originUncertainty>
      <azimuthMaxHorizontalUncertainty>69</azimuthMaxHorizontalUncertainty>
    </originUncertainty>
  </origin>
  <magnitude publicID="quakeml:eu.emsc/event/19980324_0000019/origin/1499224/mag/1">
    <mag>
      <value>2.7</value>
      <uncertainty>0.4</uncertainty>
    </mag>
    <type>ML</type>
    <originID>quakeml:eu.emsc/event/19980324_0000019/origin/1499224</originID>
    <stationCount>13</stationCount>
    <creationInfo>
      <agencyURI>smi:smi-registry/organization/EMSC</agencyURI>
      <authorURI>smi:smi-registry/organization/EMSC</authorURI>
    </creationInfo>
  </magnitude>
</event>
<event publicID="quakeml:eu.emsc/event/19980324_0000014">
  <preferredOriginID>quakeml:eu.emsc/event/19980324_0000014/origin/1484984</preferredOriginID>
  <preferredMagnitudeID>quakeml:eu.emsc/event/19980324_0000014/origin/1484984/mag/2</preferredMagnitudeID>
  <creationInfo>
    <agencyURI>smi:smi-registry/organization/EMSC</agencyURI>
    <authorURI>smi:smi-registry/organization/EMSC</authorURI>
    <creationTime>2014-12-10T08:08:11.694514Z</creationTime>
  </creationInfo>
  <description>
    <text>NEAR SOUTH COAST OF FRANCE</text>
    <type>Flinn-Engdahl region</type>
  </description>
  <origin publicID="quakeml:eu.emsc/event/19980324_0000014/origin/1484984">
    <time>
      <value>1998-03-24T17:31:28.9Z</value>
    </time>
    <latitude>
      <value>43.45</value>
      <uncertainty>9999.9</uncertainty>
    </latitude>
    <longitude>
      <value>5.44</value>
      <uncertainty>9999.9</uncertainty>
    </longitude>
    <depth>
      <value>1000</value>
    </depth>
    <depthType>from location</depthType>
    <methodID>smi:eu.emsc-csem/origin_method/NA</methodID>
    <quality>
      <usedPhaseCount>20</usedPhaseCount>
      <usedStationCount>14</usedStationCount>
      <standardError>0.82</standardError>
      <azimuthalGap>143</azimuthalGap>
      <minimumDistance>0.07</minimumDistance>
      <maximumDistance>1.62</maximumDistance>
    </quality>
    <evaluationMode>manual</evaluationMode>
    <creationInfo>
      <agencyURI>smi:smi-registry/organization/EMSC</agencyURI>
      <authorURI>smi:smi-registry/organization/EMSC</authorURI>
    </creationInfo>
    <originUncertainty>
      <azimuthMaxHorizontalUncertainty>-99</azimuthMaxHorizontalUncertainty>
    </originUncertainty>
  </origin>
  <magnitude publicID="quakeml:eu.emsc/event/19980324_0000014/origin/1484984/mag/2">
    <mag>
      <value>3.3</value>
    </mag>
    <type>ML</type>
    <originID>quakeml:eu.emsc/event/19980324_0000014/origin/1484984</originID>
    <creationInfo>
      <agencyURI>smi:smi-registry/organization/EMSC</agencyURI>
      <authorURI>smi:smi-registry/organization/EMSC</authorURI>
    </creationInfo>
  </magnitude>
</event>
<event publicID="quakeml:eu.emsc/event/19980324_0000013">
  <preferredOriginID>quakeml:eu.emsc/event/19980324_0000013/origin/1499507</preferredOriginID>
  <preferredMagnitudeID>quakeml:eu.emsc/event/19980324_0000013/origin/1499507/mag/1</preferredMagnitudeID>
  <creationInfo>
    <agencyURI>smi:smi-registry/organization/EMSC</agencyURI>
    <authorURI>smi:smi-registry/organization/EMSC</authorURI>
    <creationTime>2014-12-03T11:32:46.714561Z</creationTime>
  </creationInfo>
  <description>
    <text>CYPRUS REGION</text>
    <type>Flinn-Engdahl region</type>
  </description>
  <origin publicID="quakeml:eu.emsc/event/19980324_0000013/origin/1499507">
    <time>
      <value>1998-03-24T15:28:31.4Z</value>
      <uncertainty>0.3</uncertainty>
    </time>
    <latitude>
      <value>34.3747</value>
      <uncertainty>8.5</uncertainty>
    </latitude>
    <longitude>
      <value>32.2661</value>
      <uncertainty>3</uncertainty>
    </longitude>
    <depth>
      <value>20000</value>
    </depth>
    <depthType>from location</depthType>
    <methodID>smi:eu.emsc-csem/origin_method/NA</methodID>
    <quality>
      <usedPhaseCount>37</usedPhaseCount>
      <usedStationCount>31</usedStationCount>
      <standardError>0.79</standardError>
      <azimuthalGap>212</azimuthalGap>
      <minimumDistance>0.51</minimumDistance>
      <maximumDistance>5.27</maximumDistance>
    </quality>
    <evaluationMode>manual</evaluationMode>
    <creationInfo>
      <agencyURI>smi:smi-registry/organization/EMSC</agencyURI>
      <authorURI>smi:smi-registry/organization/EMSC</authorURI>
    </creationInfo>
    <originUncertainty>
      <azimuthMaxHorizontalUncertainty>90</azimuthMaxHorizontalUncertainty>
    </originUncertainty>
  </origin>
  <magnitude publicID="quakeml:eu.emsc/event/19980324_0000013/origin/1499507/mag/1">
    <mag>
      <value>2.7</value>
    </mag>
    <type>Mw</type>
    <originID>quakeml:eu.emsc/event/19980324_0000013/origin/1499507</originID>
    <creationInfo>
      <agencyURI>smi:smi-registry/organization/EMSC</agencyURI>
      <authorURI>smi:smi-registry/organization/EMSC</authorURI>
    </creationInfo>
  </magnitude>
</event>
<event publicID="quakeml:eu.emsc/event/19980324_0000005">
  <preferredOriginID>quakeml:eu.emsc/event/19980324_0000005/origin/1484986</preferredOriginID>
  <preferredMagnitudeID>quakeml:eu.emsc/event/19980324_0000005/origin/1484986/mag/2</preferredMagnitudeID>
  <creationInfo>
    <agencyURI>smi:smi-registry/organization/EMSC</agencyURI>
    <authorURI>smi:smi-registry/organization/EMSC</authorURI>
    <creationTime>2014-12-10T08:16:50.958711Z</creationTime>
  </creationInfo>
  <description>
    <text>WESTERN TURKEY</text>
    <type>Flinn-Engdahl region</type>
  </description>
  <origin publicID="quakeml:eu.emsc/event/19980324_0000005/origin/1484986">
    <time>
      <value>1998-03-24T15:10:31.7Z</value>
    </time>
    <latitude>
      <value>39.228</value>
      <uncertainty>9999.9</uncertainty>
    </latitude>
    <longitude>
      <value>27.509</value>
      <uncertainty>9999.9</uncertainty>
    </longitude>
    <depth>
      <value>5000</value>
    </depth>
    <depthType>from location</depthType>
    <methodID>smi:eu.emsc-csem/origin_method/NA</methodID>
    <quality>
      <usedPhaseCount>7</usedPhaseCount>
      <usedStationCount>6</usedStationCount>
      <standardError>0.95</standardError>
      <azimuthalGap>180</azimuthalGap>
      <minimumDistance>0.85</minimumDistance>
      <maximumDistance>1.88</maximumDistance>
    </quality>
    <evaluationMode>manual</evaluationMode>
    <creationInfo>
      <agencyURI>smi:smi-registry/organization/EMSC</agencyURI>
      <authorURI>smi:smi-registry/organization/EMSC</authorURI>
    </creationInfo>
    <originUncertainty>
      <azimuthMaxHorizontalUncertainty>-99</azimuthMaxHorizontalUncertainty>
    </originUncertainty>
  </origin>
  <magnitude publicID="quakeml:eu.emsc/event/19980324_0000005/origin/1484986/mag/2">
    <mag>
      <value>2.7</value>
    </mag>
    <type>MD</type>
    <originID>quakeml:eu.emsc/event/19980324_0000005/origin/1484986</originID>
    <creationInfo>
      <agencyURI>smi:smi-registry/organization/EMSC</agencyURI>
      <authorURI>smi:smi-registry/organization/EMSC</authorURI>
    </creationInfo>
  </magnitude>
</event>
<event publicID="quakeml:eu.emsc/event/19980324_0000012">
  <preferredOriginID>quakeml:eu.emsc/event/19980324_0000012/origin/1499509</preferredOriginID>
  <preferredMagnitudeID>quakeml:eu.emsc/event/19980324_0000012/origin/1499509/mag/2</preferredMagnitudeID>
  <creationInfo>
    <agencyURI>smi:smi-registry/organization/EMSC</agencyURI>
    <authorURI>smi:smi-registry/organization/EMSC</authorURI>
    <creationTime>2014-12-03T12:19:16.432485Z</creationTime>
  </creationInfo>
  <description>
    <text>GREECE</text>
    <type>Flinn-Engdahl region</type>
  </description>
  <origin publicID="quakeml:eu.emsc/event/19980324_0000012/origin/1499509">
    <time>
      <value>1998-03-24T12:08:38.4Z</value>
      <uncertainty>0.51</uncertainty>
    </time>
    <latitude>
      <value>39.0685</value>
      <uncertainty>14.6</uncertainty>
    </latitude>
    <longitude>
      <value>20.6839</value>
      <uncertainty>9.2</uncertainty>
    </longitude>
    <depth>
      <value>2000</value>
    </depth>
    <depthType>from location</depthType>
    <methodID>smi:eu.emsc-csem/origin_method/NA</methodID>
    <quality>
      <usedPhaseCount>9</usedPhaseCount>
      <usedStationCount>8</usedStationCount>
      <standardError>0.93</standardError>
      <azimuthalGap>144</azimuthalGap>
      <minimumDistance>0.54</minimumDistance>
      <maximumDistance>2.96</maximumDistance>
    </quality>
    <evaluationMode>manual</evaluationMode>
    <creationInfo>
      <agencyURI>smi:smi-registry/organization/EMSC</agencyURI>
      <authorURI>smi:smi-registry/organization/EMSC</authorURI>
    </creationInfo>
    <originUncertainty>
      <azimuthMaxHorizontalUncertainty>62</azimuthMaxHorizontalUncertainty>
    </originUncertainty>
  </origin>
  <magnitude publicID="quakeml:eu.emsc/event/19980324_0000012/origin/1499509/mag/2">
    <mag>
      <value>2.9</value>
    </mag>
    <type>MD</type>
    <originID>quakeml:eu.emsc/event/19980324_0000012/origin/1499509</originID>
    <creationInfo>
      <agencyURI>smi:smi-registry/organization/EMSC</agencyURI>
      <authorURI>smi:smi-registry/organization/EMSC</authorURI>
    </creationInfo>
  </magnitude>
</event>
<event publicID="quakeml:eu.emsc/event/19980324_0000011">
  <preferredOriginID>quakeml:eu.emsc/event/19980324_0000011/origin/1499514</preferredOriginID>
  <preferredMagnitudeID>quakeml:eu.emsc/event/19980324_0000011/origin/1499514/mag/1</preferredMagnitudeID>
  <creationInfo>
    <agencyURI>smi:smi-registry/organization/EMSC</agencyURI>
    <authorURI>smi:smi-registry/organization/EMSC</authorURI>
    <creationTime>2014-12-03T12:01:34.980525Z</creationTime>
  </creationInfo>
  <description>
    <text>FRANCE</text>
    <type>Flinn-Engdahl region</type>
  </description>
  <origin publicID="quakeml:eu.emsc/event/19980324_0000011/origin/1499514">
    <time>
      <value>1998-03-24T09:35:57.2Z</value>
      <uncertainty>0.09</uncertainty>
    </time>
    <latitude>
      <value>44.8273</value>
      <uncertainty>2.3</uncertainty>
    </latitude>
    <longitude>
      <value>6.6578</value>
      <uncertainty>1.5</uncertainty>
    </longitude>
    <depth>
      <value>10000</value>
    </depth>
    <depthType>from location</depthType>
    <methodID>smi:eu.emsc-csem/origin_method/NA</methodID>
    <quality>
      <usedPhaseCount>74</usedPhaseCount>
      <usedStationCount>39</usedStationCount>
      <standardError>0.84</standardError>
      <azimuthalGap>82</azimuthalGap>
      <minimumDistance>0.13</minimumDistance>
      <maximumDistance>3.45</maximumDistance>
    </quality>
    <evaluationMode>manual</evaluationMode>
    <creationInfo>
      <agencyURI>smi:smi-registry/organization/EMSC</agencyURI>
      <authorURI>smi:smi-registry/organization/EMSC</authorURI>
    </creationInfo>
    <originUncertainty>
      <azimuthMaxHorizontalUncertainty>56</azimuthMaxHorizontalUncertainty>
    </originUncertainty>
  </origin>
  <magnitude publicID="quakeml:eu.emsc/event/19980324_0000011/origin/1499514/mag/1">
    <mag>
      <value>2.9</value>
      <uncertainty>0.3</uncertainty>
    </mag>
    <type>ML</type>
    <originID>quakeml:eu.emsc/event/19980324_0000011/origin/1499514</originID>
    <stationCount>15</stationCount>
    <creationInfo>
      <agencyURI>smi:smi-registry/organization/EMSC</agencyURI>
      <authorURI>smi:smi-registry/organization/EMSC</authorURI>
    </creationInfo>
  </magnitude>
</event>
<event publicID="quakeml:eu.emsc/event/19980324_0000010">
  <preferredOriginID>quakeml:eu.emsc/event/19980324_0000010/origin/1500231</preferredOriginID>
  <preferredMagnitudeID>quakeml:eu.emsc/event/19980324_0000010/origin/1500231/mag/2</preferredMagnitudeID>
  <creationInfo>
    <agencyURI>smi:smi-registry/organization/EMSC</agencyURI>
    <authorURI>smi:smi-registry/organization/EMSC</authorURI>
    <creationTime>2014-12-03T11:23:24.865041Z</creationTime>
  </creationInfo>
  <description>
    <text>CRETE, GREECE</text>
    <type>Flinn-Engdahl region</type>
  </description>
  <origin publicID="quakeml:eu.emsc/event/19980324_0000010/origin/1500231">
    <time>
      <value>1998-03-24T06:41:08.2Z</value>
      <uncertainty>0.21</uncertainty>
    </time>
    <latitude>
      <value>35.0378</value>
      <uncertainty>6.9</uncertainty>
    </latitude>
    <longitude>
      <value>23.1726</value>
      <uncertainty>4.1</uncertainty>
    </longitude>
    <depth>
      <value>30000</value>
    </depth>
    <depthType>from location</depthType>
    <methodID>smi:eu.emsc-csem/origin_method/NA</methodID>
    <quality>
      <usedPhaseCount>120</usedPhaseCount>
      <usedStationCount>113</usedStationCount>
      <standardError>1.17</standardError>
      <azimuthalGap>62</azimuthalGap>
      <minimumDistance>0.92</minimumDistance>
      <maximumDistance>38.24</maximumDistance>
    </quality>
    <evaluationMode>manual</evaluationMode>
    <creationInfo>
      <agencyURI>smi:smi-registry/organization/EMSC</agencyURI>
      <authorURI>smi:smi-registry/organization/EMSC</authorURI>
    </creationInfo>
    <originUncertainty>
      <azimuthMaxHorizontalUncertainty>28</azimuthMaxHorizontalUncertainty>
    </originUncertainty>
  </origin>
  <magnitude publicID="quakeml:eu.emsc/event/19980324_0000010/origin/1500231/mag/2">
    <mag>
      <value>4.6</value>
      <uncertainty>0.2</uncertainty>
    </mag>
    <type>mb</type>
    <originID>quakeml:eu.emsc/event/19980324_0000010/origin/1500231</originID>
    <stationCount>7</stationCount>
    <creationInfo>
      <agencyURI>smi:smi-registry/organization/EMSC</agencyURI>
      <authorURI>smi:smi-registry/organization/EMSC</authorURI>
    </creationInfo>
  </magnitude>
</event>
<event publicID="quakeml:eu.emsc/event/19980324_0000018">
  <preferredOriginID>quakeml:eu.emsc/event/19980324_0000018/origin/1973219</preferredOriginID>
  <preferredMagnitudeID>quakeml:eu.emsc/event/19980324_0000018/origin/1973219/mag/2</preferredMagnitudeID>
  <creationInfo>
    <agencyURI>smi:smi-registry/organization/EMSC</agencyURI>
    <authorURI>smi:smi-registry/organization/EMSC</authorURI>
    <creationTime>2014-12-11T09:33:19.97101Z</creationTime>
  </creationInfo>
  <description>
    <text>SOUTHERN ITALY</text>
    <type>Flinn-Engdahl region</type>
  </description>
  <origin publicID="quakeml:eu.emsc/event/19980324_0000018/origin/1973219">
    <time>
      <value>1998-03-24T04:13:15.3Z</value>
    </time>
    <latitude>
      <value>40.54</value>
      <uncertainty>9999.9</uncertainty>
    </latitude>
    <longitude>
      <value>15.718</value>
      <uncertainty>9999.9</uncertainty>
    </longitude>
    <depth>
      <value>5000</value>
    </depth>
    <depthType>from location</depthType>
    <methodID>smi:eu.emsc-csem/origin_method/NA</methodID>
    <quality>
      <usedPhaseCount>43</usedPhaseCount>
      <usedStationCount>23</usedStationCount>
      <standardError>1.4</standardError>
      <azimuthalGap>93</azimuthalGap>
      <minimumDistance>0.28</minimumDistance>
      <maximumDistance>2.53</maximumDistance>
    </quality>
    <evaluationMode>manual</evaluationMode>
    <creationInfo>
      <agencyURI>smi:smi-registry/organization/EMSC</agencyURI>
      <authorURI>smi:smi-registry/organization/EMSC</authorURI>
    </creationInfo>
    <originUncertainty>
      <azimuthMaxHorizontalUncertainty>-99</azimuthMaxHorizontalUncertainty>
    </originUncertainty>
  </origin>
  <magnitude publicID="quakeml:eu.emsc/event/19980324_0000018/origin/1973219/mag/2">
    <mag>
      <value>2.5</value>
    </mag>
    <type>ML</type>
    <originID>quakeml:eu.emsc/event/19980324_0000018/origin/1973219</originID>
    <stationCount>16</stationCount>
    <creationInfo>
      <agencyURI>smi:smi-registry/organization/EMSC</agencyURI>
      <authorURI>smi:smi-registry/organization/EMSC</authorURI>
    </creationInfo>
  </magnitude>
</event>
<event publicID="quakeml:eu.emsc/event/19980324_0000009">
  <preferredOriginID>quakeml:eu.emsc/event/19980324_0000009/origin/1499517</preferredOriginID>
  <preferredMagnitudeID>quakeml:eu.emsc/event/19980324_0000009/origin/1499517/mag/2</preferredMagnitudeID>
  <creationInfo>
    <agencyURI>smi:smi-registry/organization/EMSC</agencyURI>
    <authorURI>smi:smi-registry/organization/EMSC</authorURI>
    <creationTime>2014-12-03T11:23:41.53492Z</creationTime>
  </creationInfo>
  <description>
    <text>AEGEAN SEA</text>
    <type>Flinn-Engdahl region</type>
  </description>
  <origin publicID="quakeml:eu.emsc/event/19980324_0000009/origin/1499517">
    <time>
      <value>1998-03-24T03:48:31.1Z</value>
      <uncertainty>0.39</uncertainty>
    </time>
    <latitude>
      <value>38.8028</value>
      <uncertainty>13.5</uncertainty>
    </latitude>
    <longitude>
      <value>25.847</value>
      <uncertainty>6.4</uncertainty>
    </longitude>
    <depth>
      <value>15000</value>
    </depth>
    <depthType>from location</depthType>
    <methodID>smi:eu.emsc-csem/origin_method/NA</methodID>
    <quality>
      <usedPhaseCount>10</usedPhaseCount>
      <usedStationCount>9</usedStationCount>
      <standardError>0.77</standardError>
      <azimuthalGap>165</azimuthalGap>
      <minimumDistance>0.55</minimumDistance>
      <maximumDistance>2.43</maximumDistance>
    </quality>
    <evaluationMode>manual</evaluationMode>
    <creationInfo>
      <agencyURI>smi:smi-registry/organization/EMSC</agencyURI>
      <authorURI>smi:smi-registry/organization/EMSC</authorURI>
    </creationInfo>
    <originUncertainty>
      <azimuthMaxHorizontalUncertainty>96</azimuthMaxHorizontalUncertainty>
    </originUncertainty>
  </origin>
  <magnitude publicID="quakeml:eu.emsc/event/19980324_0000009/origin/1499517/mag/2">
    <mag>
      <value>3.6</value>
    </mag>
    <type>MD</type>
    <originID>quakeml:eu.emsc/event/19980324_0000009/origin/1499517</originID>
    <creationInfo>
      <agencyURI>smi:smi-registry/organization/EMSC</agencyURI>
      <authorURI>smi:smi-registry/organization/EMSC</authorURI>
    </creationInfo>
  </magnitude>
</event>
<event publicID="quakeml:eu.emsc/event/19980324_0000008">
  <preferredOriginID>quakeml:eu.emsc/event/19980324_0000008/origin/1484988</preferredOriginID>
  <preferredMagnitudeID>quakeml:eu.emsc/event/19980324_0000008/origin/1484988/mag/2</preferredMagnitudeID>
  <creationInfo>
    <agencyURI>smi:smi-registry/organization/EMSC</agencyURI>
    <authorURI>smi:smi-registry/organization/EMSC</authorURI>
    <creationTime>2014-12-10T08:06:31.714907Z</creationTime>
  </creationInfo>
  <description>
    <text>NEAR THE COAST OF WESTERN TURKEY</text>
    <type>Flinn-Engdahl region</type>
  </description>
  <origin publicID="quakeml:eu.emsc/event/19980324_0000008/origin/1484988">
    <time>
      <value>1998-03-24T03:26:56.2Z</value>
    </time>
    <latitude>
      <value>38.76</value>
      <uncertainty>9999.9</uncertainty>
    </latitude>
    <longitude>
      <value>26.07</value>
      <uncertainty>9999.9</uncertainty>
    </longitude>
    <depth>
      <value>5000</value>
    </depth>
    <depthType>from location</depthType>
    <methodID>smi:eu.emsc-csem/origin_method/NA</methodID>
    <quality>
      <usedPhaseCount>5</usedPhaseCount>
      <usedStationCount>4</usedStationCount>
      <standardError>2.12</standardError>
      <azimuthalGap>131</azimuthalGap>
      <minimumDistance>0.51</minimumDistance>
      <maximumDistance>2.42</maximumDistance>
    </quality>
    <evaluationMode>manual</evaluationMode>
    <creationInfo>
      <agencyURI>smi:smi-registry/organization/EMSC</agencyURI>
      <authorURI>smi:smi-registry/organization/EMSC</authorURI>
    </creationInfo>
    <originUncertainty>
      <azimuthMaxHorizontalUncertainty>-99</azimuthMaxHorizontalUncertainty>
    </originUncertainty>
  </origin>
  <magnitude publicID="quakeml:eu.emsc/event/19980324_0000008/origin/1484988/mag/2">
    <mag>
      <value>3.2</value>
    </mag>
    <type>ML</type>
    <originID>quakeml:eu.emsc/event/19980324_0000008/origin/1484988</originID>
    <creationInfo>
      <agencyURI>smi:smi-registry/organization/EMSC</agencyURI>
      <authorURI>smi:smi-registry/organization/EMSC</authorURI>
    </creationInfo>
  </magnitude>
</event>
<event publicID="quakeml:eu.emsc/event/19980324_0000007">
  <preferredOriginID>quakeml:eu.emsc/event/19980324_0000007/origin/1499520</preferredOriginID>
  <preferredMagnitudeID>quakeml:eu.emsc/event/19980324_0000007/origin/1499520/mag/2</preferredMagnitudeID>
  <creationInfo>
    <agencyURI>smi:smi-registry/organization/EMSC</agencyURI>
    <authorURI>smi:smi-registry/organization/EMSC</authorURI>
    <creationTime>2014-12-03T12:08:21.651729Z</creationTime>
  </creationInfo>
  <description>
    <text>AEGEAN SEA</text>
    <type>Flinn-Engdahl region</type>
  </description>
  <origin publicID="quakeml:eu.emsc/event/19980324_0000007/origin/1499520">
    <time>
      <value>1998-03-24T03:26:14.1Z</value>
      <uncertainty>0.15</uncertainty>
    </time>
    <latitude>
      <value>38.8061</value>
      <uncertainty>5.2</uncertainty>
    </latitude>
    <longitude>
      <value>25.9049</value>
      <uncertainty>3.2</uncertainty>
    </longitude>
    <depth>
      <value>15000</value>
    </depth>
    <depthType>from location</depthType>
    <methodID>smi:eu.emsc-csem/origin_method/NA</methodID>
    <quality>
      <usedPhaseCount>15</usedPhaseCount>
      <usedStationCount>12</usedStationCount>
      <standardError>0.56</standardError>
      <azimuthalGap>108</azimuthalGap>
      <minimumDistance>0.52</minimumDistance>
      <maximumDistance>3.14</maximumDistance>
    </quality>
    <evaluationMode>manual</evaluationMode>
    <creationInfo>
      <agencyURI>smi:smi-registry/organization/EMSC</agencyURI>
      <authorURI>smi:smi-registry/organization/EMSC</authorURI>
    </creationInfo>
    <originUncertainty>
      <azimuthMaxHorizontalUncertainty>113</azimuthMaxHorizontalUncertainty>
    </originUncertainty>
  </origin>
  <magnitude publicID="quakeml:eu.emsc/event/19980324_0000007/origin/1499520/mag/2">
    <mag>
      <value>3.2</value>
    </mag>
    <type>ML</type>
    <originID>quakeml:eu.emsc/event/19980324_0000007/origin/1499520</originID>
    <creationInfo>
      <agencyURI>smi:smi-registry/organization/EMSC</agencyURI>
      <authorURI>smi:smi-registry/organization/EMSC</authorURI>
    </creationInfo>
  </magnitude>
</event>
<event publicID="quakeml:eu.emsc/event/19980324_0000004">
  <preferredOriginID>quakeml:eu.emsc/event/19980324_0000004/origin/1484990</preferredOriginID>
  <preferredMagnitudeID>quakeml:eu.emsc/event/19980324_0000004/origin/1484990/mag/2</preferredMagnitudeID>
  <creationInfo>
    <agencyURI>smi:smi-registry/organization/EMSC</agencyURI>
    <authorURI>smi:smi-registry/organization/EMSC</authorURI>
    <creationTime>2014-12-10T08:16:50.460374Z</creationTime>
  </creationInfo>
  <description>
    <text>WESTERN TURKEY</text>
    <type>Flinn-Engdahl region</type>
  </description>
  <origin publicID="quakeml:eu.emsc/event/19980324_0000004/origin/1484990">
    <time>
      <value>1998-03-24T03:07:47.1Z</value>
    </time>
    <latitude>
      <value>40.629</value>
      <uncertainty>9999.9</uncertainty>
    </latitude>
    <longitude>
      <value>29.129</value>
      <uncertainty>9999.9</uncertainty>
    </longitude>
    <depth>
      <value>12000</value>
    </depth>
    <depthType>from location</depthType>
    <methodID>smi:eu.emsc-csem/origin_method/NA</methodID>
    <quality>
      <usedPhaseCount>12</usedPhaseCount>
      <usedStationCount>8</usedStationCount>
      <standardError>0.67</standardError>
      <azimuthalGap>102</azimuthalGap>
      <minimumDistance>0.2</minimumDistance>
      <maximumDistance>1.74</maximumDistance>
    </quality>
    <evaluationMode>manual</evaluationMode>
    <creationInfo>
      <agencyURI>smi:smi-registry/organization/EMSC</agencyURI>
      <authorURI>smi:smi-registry/organization/EMSC</authorURI>
    </creationInfo>
    <originUncertainty>
      <azimuthMaxHorizontalUncertainty>-99</azimuthMaxHorizontalUncertainty>
    </originUncertainty>
  </origin>
  <magnitude publicID="quakeml:eu.emsc/event/19980324_0000004/origin/1484990/mag/2">
    <mag>
      <value>2.8</value>
    </mag>
    <type>MD</type>
    <originID>quakeml:eu.emsc/event/19980324_0000004/origin/1484990</originID>
    <creationInfo>
      <agencyURI>smi:smi-registry/organization/EMSC</agencyURI>
      <authorURI>smi:smi-registry/organization/EMSC</authorURI>
    </creationInfo>
  </magnitude>
</event>
<event publicID="quakeml:eu.emsc/event/19980324_0000003">
  <preferredOriginID>quakeml:eu.emsc/event/19980324_0000003/origin/1484992</preferredOriginID>
  <preferredMagnitudeID>quakeml:eu.emsc/event/19980324_0000003/origin/1484992/mag/2</preferredMagnitudeID>
  <creationInfo>
    <agencyURI>smi:smi-registry/organization/EMSC</agencyURI>
    <authorURI>smi:smi-registry/organization/EMSC</authorURI>
    <creationTime>2014-12-10T08:16:49.95277Z</creationTime>
  </creationInfo>
  <description>
    <text>WESTERN TURKEY</text>
    <type>Flinn-Engdahl region</type>
  </description>
  <origin publicID="quakeml:eu.emsc/event/19980324_0000003/origin/1484992">
    <time>
      <value>1998-03-24T02:32:24.9Z</value>
    </time>
    <latitude>
      <value>40.631</value>
      <uncertainty>9999.9</uncertainty>
    </latitude>
    <longitude>
      <value>29.11</value>
      <uncertainty>9999.9</uncertainty>
    </longitude>
    <depth>
      <value>7000</value>
    </depth>
    <depthType>from location</depthType>
    <methodID>smi:eu.emsc-csem/origin_method/NA</methodID>
    <quality>
      <usedPhaseCount>13</usedPhaseCount>
      <usedStationCount>10</usedStationCount>
      <standardError>1.17</standardError>
      <azimuthalGap>101</azimuthalGap>
      <minimumDistance>0.21</minimumDistance>
      <maximumDistance>2.33</maximumDistance>
    </quality>
    <evaluationMode>manual</evaluationMode>
    <creationInfo>
      <agencyURI>smi:smi-registry/organization/EMSC</agencyURI>
      <authorURI>smi:smi-registry/organization/EMSC</authorURI>
    </creationInfo>
    <originUncertainty>
      <azimuthMaxHorizontalUncertainty>-99</azimuthMaxHorizontalUncertainty>
    </originUncertainty>
  </origin>
  <magnitude publicID="quakeml:eu.emsc/event/19980324_0000003/origin/1484992/mag/2">
    <mag>
      <value>3.2</value>
    </mag>
    <type>MD</type>
    <originID>quakeml:eu.emsc/event/19980324_0000003/origin/1484992</originID>
    <creationInfo>
      <agencyURI>smi:smi-registry/organization/EMSC</agencyURI>
      <authorURI>smi:smi-registry/organization/EMSC</authorURI>
    </creationInfo>
  </magnitude>
</event>
<event publicID="quakeml:eu.emsc/event/19980324_0000002">
  <preferredOriginID>quakeml:eu.emsc/event/19980324_0000002/origin/1484994</preferredOriginID>
  <preferredMagnitudeID>quakeml:eu.emsc/event/19980324_0000002/origin/1484994/mag/2</preferredMagnitudeID>
  <creationInfo>
    <agencyURI>smi:smi-registry/organization/EMSC</agencyURI>
    <authorURI>smi:smi-registry/organization/EMSC</authorURI>
    <creationTime>2014-12-10T08:16:49.432953Z</creationTime>
  </creationInfo>
  <description>
    <text>WESTERN TURKEY</text>
    <type>Flinn-Engdahl region</type>
  </description>
  <origin publicID="quakeml:eu.emsc/event/19980324_0000002/origin/1484994">
    <time>
      <value>1998-03-24T01:51:44.9Z</value>
    </time>
    <latitude>
      <value>40.635</value>
      <uncertainty>9999.9</uncertainty>
    </latitude>
    <longitude>
      <value>29.114</value>
      <uncertainty>9999.9</uncertainty>
    </longitude>
    <depth>
      <value>7000</value>
    </depth>
    <depthType>from location</depthType>
    <methodID>smi:eu.emsc-csem/origin_method/NA</methodID>
    <quality>
      <usedPhaseCount>12</usedPhaseCount>
      <usedStationCount>8</usedStationCount>
      <standardError>1.01</standardError>
      <azimuthalGap>100</azimuthalGap>
      <minimumDistance>0.21</minimumDistance>
      <maximumDistance>1.75</maximumDistance>
    </quality>
    <evaluationMode>manual</evaluationMode>
    <creationInfo>
      <agencyURI>smi:smi-registry/organization/EMSC</agencyURI>
      <authorURI>smi:smi-registry/organization/EMSC</authorURI>
    </creationInfo>
    <originUncertainty>
      <azimuthMaxHorizontalUncertainty>-99</azimuthMaxHorizontalUncertainty>
    </originUncertainty>
  </origin>
  <magnitude publicID="quakeml:eu.emsc/event/19980324_0000002/origin/1484994/mag/2">
    <mag>
      <value>2.7</value>
    </mag>
    <type>MD</type>
    <originID>quakeml:eu.emsc/event/19980324_0000002/origin/1484994</originID>
    <creationInfo>
      <agencyURI>smi:smi-registry/organization/EMSC</agencyURI>
      <authorURI>smi:smi-registry/organization/EMSC</authorURI>
    </creationInfo>
  </magnitude>
</event>
<event publicID="quakeml:eu.emsc/event/19980324_0000001">
  <preferredOriginID>quakeml:eu.emsc/event/19980324_0000001/origin/1484996</preferredOriginID>
  <preferredMagnitudeID>quakeml:eu.emsc/event/19980324_0000001/origin/1484996/mag/2</preferredMagnitudeID>
  <creationInfo>
    <agencyURI>smi:smi-registry/organization/EMSC</agencyURI>
    <authorURI>smi:smi-registry/organization/EMSC</authorURI>
    <creationTime>2014-12-10T08:16:48.931498Z</creationTime>
  </creationInfo>
  <description>
    <text>WESTERN TURKEY</text>
    <type>Flinn-Engdahl region</type>
  </description>
  <origin publicID="quakeml:eu.emsc/event/19980324_0000001/origin/1484996">
    <time>
      <value>1998-03-24T01:40:34.3Z</value>
    </time>
    <latitude>
      <value>40.634</value>
      <uncertainty>9999.9</uncertainty>
    </latitude>
    <longitude>
      <value>29.134</value>
      <uncertainty>9999.9</uncertainty>
    </longitude>
    <depth>
      <value>10000</value>
    </depth>
    <depthType>from location</depthType>
    <methodID>smi:eu.emsc-csem/origin_method/NA</methodID>
    <quality>
      <usedPhaseCount>11</usedPhaseCount>
      <usedStationCount>8</usedStationCount>
      <standardError>1.65</standardError>
      <azimuthalGap>102</azimuthalGap>
      <minimumDistance>0.19</minimumDistance>
      <maximumDistance>1.75</maximumDistance>
    </quality>
    <evaluationMode>manual</evaluationMode>
    <creationInfo>
      <agencyURI>smi:smi-registry/organization/EMSC</agencyURI>
      <authorURI>smi:smi-registry/organization/EMSC</authorURI>
    </creationInfo>
    <originUncertainty>
      <azimuthMaxHorizontalUncertainty>-99</azimuthMaxHorizontalUncertainty>
    </originUncertainty>
  </origin>
  <magnitude publicID="quakeml:eu.emsc/event/19980324_0000001/origin/1484996/mag/2">
    <mag>
      <value>3</value>
    </mag>
    <type>MD</type>
    <originID>quakeml:eu.emsc/event/19980324_0000001/origin/1484996</originID>
    <creationInfo>
      <agencyURI>smi:smi-registry/organization/EMSC</agencyURI>
      <authorURI>smi:smi-registry/organization/EMSC</authorURI>
    </creationInfo>
  </magnitude>
</event>
</eventParameters>
</q:quakeml>
