<?xml version="1.0"?>
<q:quakeml xmlns:q="http://quakeml.org/xmlns/quakeml/1.2"  xmlns="http://quakeml.org/xmlns/bed/1.2">
<eventParameters publicID="smi:eu.emsc/unid">
<event publicID="quakeml:eu.emsc/event/19980611_0000012">
  <preferredOriginID>quakeml:eu.emsc/event/19980611_0000012/origin/1496357</preferredOriginID>
  <preferredMagnitudeID>quakeml:eu.emsc/event/19980611_0000012/origin/1496357/mag/1</preferredMagnitudeID>
  <creationInfo>
    <agencyURI>smi:smi-registry/organization/EMSC</agencyURI>
    <authorURI>smi:smi-registry/organization/EMSC</authorURI>
    <creationTime>2014-12-03T12:01:30.1463Z</creationTime>
  </creationInfo>
  <description>
    <text>FRANCE</text>
    <type>Flinn-Engdahl region</type>
  </description>
  <origin publicID="quakeml:eu.emsc/event/19980611_0000012/origin/1496357">
    <time>
      <value>1998-06-11T17:52:17.2Z</value>
      <uncertainty>0.18</uncertainty>
    </time>
    <latitude>
      <value>47.6276</value>
      <uncertainty>4.1</uncertainty>
    </latitude>
    <longitude>
      <value>-2.7549</value>
      <uncertainty>2.6</uncertainty>
    </longitude>
    <depth>
      <value>2000</value>
    </depth>
    <depthType>from location</depthType>
    <methodID>smi:eu.emsc-csem/origin_method/NA</methodID>
    <quality>
      <usedPhaseCount>41</usedPhaseCount>
      <usedStationCount>19</usedStationCount>
      <standardError>1.06</standardError>
      <azimuthalGap>141</azimuthalGap>
      <minimumDistance>0.4</minimumDistance>
      <maximumDistance>5.53</maximumDistance>
    </quality>
    <evaluationMode>manual</evaluationMode>
    <creationInfo>
      <agencyURI>smi:smi-registry/organization/EMSC</agencyURI>
      <authorURI>smi:smi-registry/organization/EMSC</authorURI>
    </creationInfo>
    <originUncertainty>
      <azimuthMaxHorizontalUncertainty>47</azimuthMaxHorizontalUncertainty>
    </originUncertainty>
  </origin>
  <magnitude publicID="quakeml:eu.emsc/event/19980611_0000012/origin/1496357/mag/1">
    <mag>
      <value>3.3</value>
      <uncertainty>0.2</uncertainty>
    </mag>
    <type>ML</type>
    <originID>quakeml:eu.emsc/event/19980611_0000012/origin/1496357</originID>
    <stationCount>8</stationCount>
    <creationInfo>
      <agencyURI>smi:smi-registry/organization/EMSC</agencyURI>
      <authorURI>smi:smi-registry/organization/EMSC</authorURI>
    </creationInfo>
  </magnitude>
</event>
<event publicID="quakeml:eu.emsc/event/19980611_0000010">
  <preferredOriginID>quakeml:eu.emsc/event/19980611_0000010/origin/1494951</preferredOriginID>
  <preferredMagnitudeID>quakeml:eu.emsc/event/19980611_0000010/origin/1494951/mag/2</preferredMagnitudeID>
  <creationInfo>
    <agencyURI>smi:smi-registry/organization/EMSC</agencyURI>
    <authorURI>smi:smi-registry/organization/EMSC</authorURI>
    <creationTime>2014-12-03T10:41:37.271781Z</creationTime>
  </creationInfo>
  <description>
    <text>DODECANESE ISLANDS, GREECE</text>
    <type>Flinn-Engdahl region</type>
  </description>
  <origin publicID="quakeml:eu.emsc/event/19980611_0000010/origin/1494951">
    <time>
      <value>1998-06-11T16:50:33.5Z</value>
      <uncertainty>0.16</uncertainty>
    </time>
    <latitude>
      <value>36.6752</value>
      <uncertainty>8.9</uncertainty>
    </latitude>
    <longitude>
      <value>26.862</value>
      <uncertainty>3.7</uncertainty>
    </longitude>
    <depth>
      <value>30000</value>
    </depth>
    <depthType>from location</depthType>
    <methodID>smi:eu.emsc-csem/origin_method/NA</methodID>
    <quality>
      <usedPhaseCount>6</usedPhaseCount>
      <usedStationCount>5</usedStationCount>
      <standardError>0.3</standardError>
      <azimuthalGap>155</azimuthalGap>
      <minimumDistance>1.12</minimumDistance>
      <maximumDistance>3.15</maximumDistance>
    </quality>
    <evaluationMode>manual</evaluationMode>
    <creationInfo>
      <agencyURI>smi:smi-registry/organization/EMSC</agencyURI>
      <authorURI>smi:smi-registry/organization/EMSC</authorURI>
    </creationInfo>
    <originUncertainty>
      <azimuthMaxHorizontalUncertainty>166</azimuthMaxHorizontalUncertainty>
    </originUncertainty>
  </origin>
  <magnitude publicID="quakeml:eu.emsc/event/19980611_0000010/origin/1494951/mag/2">
    <mag>
      <value>3.4</value>
    </mag>
    <type>MD</type>
    <originID>quakeml:eu.emsc/event/19980611_0000010/origin/1494951</originID>
    <creationInfo>
      <agencyURI>smi:smi-registry/organization/EMSC</agencyURI>
      <authorURI>smi:smi-registry/organization/EMSC</authorURI>
    </creationInfo>
  </magnitude>
</event>
<event publicID="quakeml:eu.emsc/event/19980611_0000009">
  <preferredOriginID>quakeml:eu.emsc/event/19980611_0000009/origin/1494956</preferredOriginID>
  <preferredMagnitudeID>quakeml:eu.emsc/event/19980611_0000009/origin/1494956/mag/1</preferredMagnitudeID>
  <creationInfo>
    <agencyURI>smi:smi-registry/organization/EMSC</agencyURI>
    <authorURI>smi:smi-registry/organization/EMSC</authorURI>
    <creationTime>2014-12-03T10:53:18.994889Z</creationTime>
  </creationInfo>
  <description>
    <text>NORTHERN ITALY</text>
    <type>Flinn-Engdahl region</type>
  </description>
  <origin publicID="quakeml:eu.emsc/event/19980611_0000009/origin/1494956">
    <time>
      <value>1998-06-11T14:38:13.7Z</value>
      <uncertainty>0.34</uncertainty>
    </time>
    <latitude>
      <value>45.0508</value>
      <uncertainty>7.8</uncertainty>
    </latitude>
    <longitude>
      <value>11.4491</value>
      <uncertainty>6</uncertainty>
    </longitude>
    <depth>
      <value>40000</value>
    </depth>
    <depthType>from location</depthType>
    <methodID>smi:eu.emsc-csem/origin_method/NA</methodID>
    <quality>
      <usedPhaseCount>41</usedPhaseCount>
      <usedStationCount>30</usedStationCount>
      <standardError>1.24</standardError>
      <azimuthalGap>166</azimuthalGap>
      <minimumDistance>1.98</minimumDistance>
      <maximumDistance>4.6</maximumDistance>
    </quality>
    <evaluationMode>manual</evaluationMode>
    <creationInfo>
      <agencyURI>smi:smi-registry/organization/EMSC</agencyURI>
      <authorURI>smi:smi-registry/organization/EMSC</authorURI>
    </creationInfo>
    <originUncertainty>
      <azimuthMaxHorizontalUncertainty>161</azimuthMaxHorizontalUncertainty>
    </originUncertainty>
  </origin>
  <magnitude publicID="quakeml:eu.emsc/event/19980611_0000009/origin/1494956/mag/1">
    <mag>
      <value>3.3</value>
      <uncertainty>0.3</uncertainty>
    </mag>
    <type>ML</type>
    <originID>quakeml:eu.emsc/event/19980611_0000009/origin/1494956</originID>
    <stationCount>4</stationCount>
    <creationInfo>
      <agencyURI>smi:smi-registry/organization/EMSC</agencyURI>
      <authorURI>smi:smi-registry/organization/EMSC</authorURI>
    </creationInfo>
  </magnitude>
</event>
<event publicID="quakeml:eu.emsc/event/19980611_0000008">
  <preferredOriginID>quakeml:eu.emsc/event/19980611_0000008/origin/1500363</preferredOriginID>
  <preferredMagnitudeID>quakeml:eu.emsc/event/19980611_0000008/origin/1500363/mag/2</preferredMagnitudeID>
  <creationInfo>
    <agencyURI>smi:smi-registry/organization/EMSC</agencyURI>
    <authorURI>smi:smi-registry/organization/EMSC</authorURI>
    <creationTime>2014-12-03T10:20:50.320403Z</creationTime>
  </creationInfo>
  <description>
    <text>WESTERN TURKEY</text>
    <type>Flinn-Engdahl region</type>
  </description>
  <origin publicID="quakeml:eu.emsc/event/19980611_0000008/origin/1500363">
    <time>
      <value>1998-06-11T13:26:33.6Z</value>
      <uncertainty>0.14</uncertainty>
    </time>
    <latitude>
      <value>37.5188</value>
      <uncertainty>5.5</uncertainty>
    </latitude>
    <longitude>
      <value>29.5739</value>
      <uncertainty>3</uncertainty>
    </longitude>
    <depth>
      <value>2000</value>
    </depth>
    <depthType>from location</depthType>
    <methodID>smi:eu.emsc-csem/origin_method/NA</methodID>
    <quality>
      <usedPhaseCount>32</usedPhaseCount>
      <usedStationCount>29</usedStationCount>
      <standardError>0.71</standardError>
      <azimuthalGap>96</azimuthalGap>
      <minimumDistance>0.8</minimumDistance>
      <maximumDistance>8.9</maximumDistance>
    </quality>
    <evaluationMode>manual</evaluationMode>
    <creationInfo>
      <agencyURI>smi:smi-registry/organization/EMSC</agencyURI>
      <authorURI>smi:smi-registry/organization/EMSC</authorURI>
    </creationInfo>
    <originUncertainty>
      <azimuthMaxHorizontalUncertainty>57</azimuthMaxHorizontalUncertainty>
    </originUncertainty>
  </origin>
  <magnitude publicID="quakeml:eu.emsc/event/19980611_0000008/origin/1500363/mag/2">
    <mag>
      <value>3.8</value>
    </mag>
    <type>ML</type>
    <originID>quakeml:eu.emsc/event/19980611_0000008/origin/1500363</originID>
    <creationInfo>
      <agencyURI>smi:smi-registry/organization/EMSC</agencyURI>
      <authorURI>smi:smi-registry/organization/EMSC</authorURI>
    </creationInfo>
  </magnitude>
</event>
<event publicID="quakeml:eu.emsc/event/19980611_0000007">
  <preferredOriginID>quakeml:eu.emsc/event/19980611_0000007/origin/1494962</preferredOriginID>
  <preferredMagnitudeID>quakeml:eu.emsc/event/19980611_0000007/origin/1494962/mag/2</preferredMagnitudeID>
  <creationInfo>
    <agencyURI>smi:smi-registry/organization/EMSC</agencyURI>
    <authorURI>smi:smi-registry/organization/EMSC</authorURI>
    <creationTime>2014-12-03T12:16:21.25881Z</creationTime>
  </creationInfo>
  <description>
    <text>SOUTHERN GREECE</text>
    <type>Flinn-Engdahl region</type>
  </description>
  <origin publicID="quakeml:eu.emsc/event/19980611_0000007/origin/1494962">
    <time>
      <value>1998-06-11T11:41:30.2Z</value>
      <uncertainty>2.08</uncertainty>
    </time>
    <latitude>
      <value>37.7447</value>
      <uncertainty>90.1</uncertainty>
    </latitude>
    <longitude>
      <value>21.4455</value>
      <uncertainty>29.6</uncertainty>
    </longitude>
    <depth>
      <value>20000</value>
    </depth>
    <depthType>from location</depthType>
    <methodID>smi:eu.emsc-csem/origin_method/NA</methodID>
    <quality>
      <usedPhaseCount>7</usedPhaseCount>
      <usedStationCount>7</usedStationCount>
      <standardError>1.49</standardError>
      <azimuthalGap>216</azimuthalGap>
      <minimumDistance>1.2</minimumDistance>
      <maximumDistance>4.22</maximumDistance>
    </quality>
    <evaluationMode>manual</evaluationMode>
    <creationInfo>
      <agencyURI>smi:smi-registry/organization/EMSC</agencyURI>
      <authorURI>smi:smi-registry/organization/EMSC</authorURI>
    </creationInfo>
    <originUncertainty>
      <azimuthMaxHorizontalUncertainty>63</azimuthMaxHorizontalUncertainty>
    </originUncertainty>
  </origin>
  <magnitude publicID="quakeml:eu.emsc/event/19980611_0000007/origin/1494962/mag/2">
    <mag>
      <value>3.5</value>
    </mag>
    <type>MD</type>
    <originID>quakeml:eu.emsc/event/19980611_0000007/origin/1494962</originID>
    <creationInfo>
      <agencyURI>smi:smi-registry/organization/EMSC</agencyURI>
      <authorURI>smi:smi-registry/organization/EMSC</authorURI>
    </creationInfo>
  </magnitude>
</event>
<event publicID="quakeml:eu.emsc/event/19980611_0000014">
  <preferredOriginID>quakeml:eu.emsc/event/19980611_0000014/origin/1484046</preferredOriginID>
  <preferredMagnitudeID>quakeml:eu.emsc/event/19980611_0000014/origin/1484046/mag/2</preferredMagnitudeID>
  <creationInfo>
    <agencyURI>smi:smi-registry/organization/EMSC</agencyURI>
    <authorURI>smi:smi-registry/organization/EMSC</authorURI>
    <creationTime>2014-12-10T19:01:32.421185Z</creationTime>
  </creationInfo>
  <description>
    <text>PYRENEES</text>
    <type>Flinn-Engdahl region</type>
  </description>
  <origin publicID="quakeml:eu.emsc/event/19980611_0000014/origin/1484046">
    <time>
      <value>1998-06-11T10:10:06.9Z</value>
    </time>
    <latitude>
      <value>42.33</value>
      <uncertainty>9999.9</uncertainty>
    </latitude>
    <longitude>
      <value>1.07</value>
      <uncertainty>9999.9</uncertainty>
    </longitude>
    <depth>
      <value>18000</value>
    </depth>
    <depthType>from location</depthType>
    <methodID>smi:eu.emsc-csem/origin_method/NA</methodID>
    <quality>
      <usedPhaseCount>7</usedPhaseCount>
      <usedStationCount>4</usedStationCount>
      <standardError>3.91</standardError>
      <azimuthalGap>138</azimuthalGap>
      <minimumDistance>0.22</minimumDistance>
      <maximumDistance>1.23</maximumDistance>
    </quality>
    <evaluationMode>manual</evaluationMode>
    <creationInfo>
      <agencyURI>smi:smi-registry/organization/EMSC</agencyURI>
      <authorURI>smi:smi-registry/organization/EMSC</authorURI>
    </creationInfo>
    <originUncertainty>
      <azimuthMaxHorizontalUncertainty>-99</azimuthMaxHorizontalUncertainty>
    </originUncertainty>
  </origin>
  <magnitude publicID="quakeml:eu.emsc/event/19980611_0000014/origin/1484046/mag/2">
    <mag>
      <value>1.3</value>
    </mag>
    <type>ML</type>
    <originID>quakeml:eu.emsc/event/19980611_0000014/origin/1484046</originID>
    <creationInfo>
      <agencyURI>smi:smi-registry/organization/EMSC</agencyURI>
      <authorURI>smi:smi-registry/organization/EMSC</authorURI>
    </creationInfo>
  </magnitude>
</event>
<event publicID="quakeml:eu.emsc/event/19980611_0000006">
  <preferredOriginID>quakeml:eu.emsc/event/19980611_0000006/origin/1494966</preferredOriginID>
  <preferredMagnitudeID>quakeml:eu.emsc/event/19980611_0000006/origin/1494966/mag/2</preferredMagnitudeID>
  <creationInfo>
    <agencyURI>smi:smi-registry/organization/EMSC</agencyURI>
    <authorURI>smi:smi-registry/organization/EMSC</authorURI>
    <creationTime>2014-12-03T10:35:22.390797Z</creationTime>
  </creationInfo>
  <description>
    <text>IONIAN SEA</text>
    <type>Flinn-Engdahl region</type>
  </description>
  <origin publicID="quakeml:eu.emsc/event/19980611_0000006/origin/1494966">
    <time>
      <value>1998-06-11T10:02:50.4Z</value>
      <uncertainty>0.56</uncertainty>
    </time>
    <latitude>
      <value>37.2365</value>
      <uncertainty>12.7</uncertainty>
    </latitude>
    <longitude>
      <value>20.8248</value>
      <uncertainty>6.6</uncertainty>
    </longitude>
    <depth>
      <value>2000</value>
    </depth>
    <depthType>from location</depthType>
    <methodID>smi:eu.emsc-csem/origin_method/NA</methodID>
    <quality>
      <usedPhaseCount>29</usedPhaseCount>
      <usedStationCount>25</usedStationCount>
      <standardError>1.13</standardError>
      <azimuthalGap>199</azimuthalGap>
      <minimumDistance>0.88</minimumDistance>
      <maximumDistance>5.43</maximumDistance>
    </quality>
    <evaluationMode>manual</evaluationMode>
    <creationInfo>
      <agencyURI>smi:smi-registry/organization/EMSC</agencyURI>
      <authorURI>smi:smi-registry/organization/EMSC</authorURI>
    </creationInfo>
    <originUncertainty>
      <azimuthMaxHorizontalUncertainty>20</azimuthMaxHorizontalUncertainty>
    </originUncertainty>
  </origin>
  <magnitude publicID="quakeml:eu.emsc/event/19980611_0000006/origin/1494966/mag/2">
    <mag>
      <value>3.7</value>
    </mag>
    <type>ML</type>
    <originID>quakeml:eu.emsc/event/19980611_0000006/origin/1494966</originID>
    <creationInfo>
      <agencyURI>smi:smi-registry/organization/EMSC</agencyURI>
      <authorURI>smi:smi-registry/organization/EMSC</authorURI>
    </creationInfo>
  </magnitude>
</event>
<event publicID="quakeml:eu.emsc/event/19980611_0000005">
  <preferredOriginID>quakeml:eu.emsc/event/19980611_0000005/origin/1494968</preferredOriginID>
  <preferredMagnitudeID>quakeml:eu.emsc/event/19980611_0000005/origin/1494968/mag/2</preferredMagnitudeID>
  <creationInfo>
    <agencyURI>smi:smi-registry/organization/EMSC</agencyURI>
    <authorURI>smi:smi-registry/organization/EMSC</authorURI>
    <creationTime>2014-12-03T10:59:12.71777Z</creationTime>
  </creationInfo>
  <description>
    <text>GREECE</text>
    <type>Flinn-Engdahl region</type>
  </description>
  <origin publicID="quakeml:eu.emsc/event/19980611_0000005/origin/1494968">
    <time>
      <value>1998-06-11T07:23:27.3Z</value>
      <uncertainty>0.75</uncertainty>
    </time>
    <latitude>
      <value>38.1818</value>
      <uncertainty>23.9</uncertainty>
    </latitude>
    <longitude>
      <value>20.5992</value>
      <uncertainty>9.6</uncertainty>
    </longitude>
    <depth>
      <value>10000</value>
    </depth>
    <depthType>from location</depthType>
    <methodID>smi:eu.emsc-csem/origin_method/NA</methodID>
    <quality>
      <usedPhaseCount>14</usedPhaseCount>
      <usedStationCount>14</usedStationCount>
      <standardError>1.08</standardError>
      <azimuthalGap>111</azimuthalGap>
      <minimumDistance>0.01</minimumDistance>
      <maximumDistance>3.5</maximumDistance>
    </quality>
    <evaluationMode>manual</evaluationMode>
    <creationInfo>
      <agencyURI>smi:smi-registry/organization/EMSC</agencyURI>
      <authorURI>smi:smi-registry/organization/EMSC</authorURI>
    </creationInfo>
    <originUncertainty>
      <azimuthMaxHorizontalUncertainty>62</azimuthMaxHorizontalUncertainty>
    </originUncertainty>
  </origin>
  <magnitude publicID="quakeml:eu.emsc/event/19980611_0000005/origin/1494968/mag/2">
    <mag>
      <value>3.6</value>
    </mag>
    <type>ML</type>
    <originID>quakeml:eu.emsc/event/19980611_0000005/origin/1494968</originID>
    <creationInfo>
      <agencyURI>smi:smi-registry/organization/EMSC</agencyURI>
      <authorURI>smi:smi-registry/organization/EMSC</authorURI>
    </creationInfo>
  </magnitude>
</event>
<event publicID="quakeml:eu.emsc/event/19980611_0000004">
  <preferredOriginID>quakeml:eu.emsc/event/19980611_0000004/origin/1494970</preferredOriginID>
  <preferredMagnitudeID>quakeml:eu.emsc/event/19980611_0000004/origin/1494970/mag/2</preferredMagnitudeID>
  <creationInfo>
    <agencyURI>smi:smi-registry/organization/EMSC</agencyURI>
    <authorURI>smi:smi-registry/organization/EMSC</authorURI>
    <creationTime>2014-12-03T10:22:02.406417Z</creationTime>
  </creationInfo>
  <description>
    <text>WESTERN TURKEY</text>
    <type>Flinn-Engdahl region</type>
  </description>
  <origin publicID="quakeml:eu.emsc/event/19980611_0000004/origin/1494970">
    <time>
      <value>1998-06-11T06:42:37.0Z</value>
      <uncertainty>0.24</uncertainty>
    </time>
    <latitude>
      <value>37.5686</value>
      <uncertainty>6.3</uncertainty>
    </latitude>
    <longitude>
      <value>27.0066</value>
      <uncertainty>5.2</uncertainty>
    </longitude>
    <depth>
      <value>15000</value>
    </depth>
    <depthType>from location</depthType>
    <methodID>smi:eu.emsc-csem/origin_method/NA</methodID>
    <quality>
      <usedPhaseCount>9</usedPhaseCount>
      <usedStationCount>6</usedStationCount>
      <standardError>0.84</standardError>
      <azimuthalGap>101</azimuthalGap>
      <minimumDistance>0.19</minimumDistance>
      <maximumDistance>1.77</maximumDistance>
    </quality>
    <evaluationMode>manual</evaluationMode>
    <creationInfo>
      <agencyURI>smi:smi-registry/organization/EMSC</agencyURI>
      <authorURI>smi:smi-registry/organization/EMSC</authorURI>
    </creationInfo>
    <originUncertainty>
      <azimuthMaxHorizontalUncertainty>44</azimuthMaxHorizontalUncertainty>
    </originUncertainty>
  </origin>
  <magnitude publicID="quakeml:eu.emsc/event/19980611_0000004/origin/1494970/mag/2">
    <mag>
      <value>3.6</value>
    </mag>
    <type>MD</type>
    <originID>quakeml:eu.emsc/event/19980611_0000004/origin/1494970</originID>
    <creationInfo>
      <agencyURI>smi:smi-registry/organization/EMSC</agencyURI>
      <authorURI>smi:smi-registry/organization/EMSC</authorURI>
    </creationInfo>
  </magnitude>
</event>
<event publicID="quakeml:eu.emsc/event/19980611_0000003">
  <preferredOriginID>quakeml:eu.emsc/event/19980611_0000003/origin/1494973</preferredOriginID>
  <preferredMagnitudeID>quakeml:eu.emsc/event/19980611_0000003/origin/1494973/mag/2</preferredMagnitudeID>
  <creationInfo>
    <agencyURI>smi:smi-registry/organization/EMSC</agencyURI>
    <authorURI>smi:smi-registry/organization/EMSC</authorURI>
    <creationTime>2014-12-03T10:42:29.872276Z</creationTime>
  </creationInfo>
  <description>
    <text>AEGEAN SEA</text>
    <type>Flinn-Engdahl region</type>
  </description>
  <origin publicID="quakeml:eu.emsc/event/19980611_0000003/origin/1494973">
    <time>
      <value>1998-06-11T05:28:10.1Z</value>
      <uncertainty>0.6</uncertainty>
    </time>
    <latitude>
      <value>38.8121</value>
      <uncertainty>6.8</uncertainty>
    </latitude>
    <longitude>
      <value>24.9321</value>
      <uncertainty>5.9</uncertainty>
    </longitude>
    <depth>
      <value>16900.0</value>
      <uncertainty>4.7</uncertainty>
    </depth>
    <depthType>from location</depthType>
    <methodID>smi:eu.emsc-csem/origin_method/NA</methodID>
    <quality>
      <usedPhaseCount>27</usedPhaseCount>
      <usedStationCount>22</usedStationCount>
      <standardError>1.13</standardError>
      <azimuthalGap>62</azimuthalGap>
      <minimumDistance>0.89</minimumDistance>
      <maximumDistance>3.56</maximumDistance>
    </quality>
    <evaluationMode>manual</evaluationMode>
    <creationInfo>
      <agencyURI>smi:smi-registry/organization/EMSC</agencyURI>
      <authorURI>smi:smi-registry/organization/EMSC</authorURI>
    </creationInfo>
    <originUncertainty>
      <azimuthMaxHorizontalUncertainty>141</azimuthMaxHorizontalUncertainty>
    </originUncertainty>
  </origin>
  <magnitude publicID="quakeml:eu.emsc/event/19980611_0000003/origin/1494973/mag/2">
    <mag>
      <value>3.4</value>
    </mag>
    <type>ML</type>
    <originID>quakeml:eu.emsc/event/19980611_0000003/origin/1494973</originID>
    <creationInfo>
      <agencyURI>smi:smi-registry/organization/EMSC</agencyURI>
      <authorURI>smi:smi-registry/organization/EMSC</authorURI>
    </creationInfo>
  </magnitude>
</event>
<event publicID="quakeml:eu.emsc/event/19980611_0000016">
  <preferredOriginID>quakeml:eu.emsc/event/19980611_0000016/origin/1494425</preferredOriginID>
  <preferredMagnitudeID>quakeml:eu.emsc/event/19980611_0000016/origin/1494425/mag/1</preferredMagnitudeID>
  <creationInfo>
    <agencyURI>smi:smi-registry/organization/EMSC</agencyURI>
    <authorURI>smi:smi-registry/organization/EMSC</authorURI>
    <creationTime>2014-12-03T16:53:31.40699Z</creationTime>
  </creationInfo>
  <description>
    <text>FRANCE-GERMANY BORDER REGION</text>
    <type>Flinn-Engdahl region</type>
  </description>
  <origin publicID="quakeml:eu.emsc/event/19980611_0000016/origin/1494425">
    <time>
      <value>1998-06-11T02:42:43.6Z</value>
      <uncertainty>0.32</uncertainty>
    </time>
    <latitude>
      <value>47.6846</value>
      <uncertainty>7.2</uncertainty>
    </latitude>
    <longitude>
      <value>7.7544</value>
      <uncertainty>3.7</uncertainty>
    </longitude>
    <depth>
      <value>10000</value>
    </depth>
    <depthType>from location</depthType>
    <methodID>smi:eu.emsc-csem/origin_method/NA</methodID>
    <quality>
      <usedPhaseCount>14</usedPhaseCount>
      <usedStationCount>8</usedStationCount>
      <standardError>0.78</standardError>
      <azimuthalGap>146</azimuthalGap>
      <minimumDistance>0.26</minimumDistance>
      <maximumDistance>1.56</maximumDistance>
    </quality>
    <evaluationMode>manual</evaluationMode>
    <creationInfo>
      <agencyURI>smi:smi-registry/organization/EMSC</agencyURI>
      <authorURI>smi:smi-registry/organization/EMSC</authorURI>
    </creationInfo>
    <originUncertainty>
      <azimuthMaxHorizontalUncertainty>179</azimuthMaxHorizontalUncertainty>
    </originUncertainty>
  </origin>
  <magnitude publicID="quakeml:eu.emsc/event/19980611_0000016/origin/1494425/mag/1">
    <mag>
      <value>1.7</value>
      <uncertainty>0.6</uncertainty>
    </mag>
    <type>ML</type>
    <originID>quakeml:eu.emsc/event/19980611_0000016/origin/1494425</originID>
    <stationCount>4</stationCount>
    <creationInfo>
      <agencyURI>smi:smi-registry/organization/EMSC</agencyURI>
      <authorURI>smi:smi-registry/organization/EMSC</authorURI>
    </creationInfo>
  </magnitude>
</event>
<event publicID="quakeml:eu.emsc/event/19980611_0000002">
  <preferredOriginID>quakeml:eu.emsc/event/19980611_0000002/origin/1494975</preferredOriginID>
  <preferredMagnitudeID>quakeml:eu.emsc/event/19980611_0000002/origin/1494975/mag/2</preferredMagnitudeID>
  <creationInfo>
    <agencyURI>smi:smi-registry/organization/EMSC</agencyURI>
    <authorURI>smi:smi-registry/organization/EMSC</authorURI>
    <creationTime>2014-12-03T11:12:29.640492Z</creationTime>
  </creationInfo>
  <description>
    <text>DODECANESE ISLANDS, GREECE</text>
    <type>Flinn-Engdahl region</type>
  </description>
  <origin publicID="quakeml:eu.emsc/event/19980611_0000002/origin/1494975">
    <time>
      <value>1998-06-11T01:22:55.7Z</value>
      <uncertainty>0.51</uncertainty>
    </time>
    <latitude>
      <value>36.6827</value>
      <uncertainty>18.2</uncertainty>
    </latitude>
    <longitude>
      <value>27.1107</value>
      <uncertainty>15.5</uncertainty>
    </longitude>
    <depth>
      <value>2000</value>
    </depth>
    <depthType>from location</depthType>
    <methodID>smi:eu.emsc-csem/origin_method/NA</methodID>
    <quality>
      <usedPhaseCount>7</usedPhaseCount>
      <usedStationCount>7</usedStationCount>
      <standardError>1.03</standardError>
      <azimuthalGap>101</azimuthalGap>
      <minimumDistance>0.94</minimumDistance>
      <maximumDistance>2.07</maximumDistance>
    </quality>
    <evaluationMode>manual</evaluationMode>
    <creationInfo>
      <agencyURI>smi:smi-registry/organization/EMSC</agencyURI>
      <authorURI>smi:smi-registry/organization/EMSC</authorURI>
    </creationInfo>
    <originUncertainty>
      <azimuthMaxHorizontalUncertainty>32</azimuthMaxHorizontalUncertainty>
    </originUncertainty>
  </origin>
  <magnitude publicID="quakeml:eu.emsc/event/19980611_0000002/origin/1494975/mag/2">
    <mag>
      <value>3.8</value>
    </mag>
    <type>MD</type>
    <originID>quakeml:eu.emsc/event/19980611_0000002/origin/1494975</originID>
    <creationInfo>
      <agencyURI>smi:smi-registry/organization/EMSC</agencyURI>
      <authorURI>smi:smi-registry/organization/EMSC</authorURI>
    </creationInfo>
  </magnitude>
</event>
<event publicID="quakeml:eu.emsc/event/19980611_0000001">
  <preferredOriginID>quakeml:eu.emsc/event/19980611_0000001/origin/1494977</preferredOriginID>
  <preferredMagnitudeID>quakeml:eu.emsc/event/19980611_0000001/origin/1494977/mag/2</preferredMagnitudeID>
  <creationInfo>
    <agencyURI>smi:smi-registry/organization/EMSC</agencyURI>
    <authorURI>smi:smi-registry/organization/EMSC</authorURI>
    <creationTime>2014-12-03T10:48:33.510307Z</creationTime>
  </creationInfo>
  <description>
    <text>DODECANESE ISLANDS, GREECE</text>
    <type>Flinn-Engdahl region</type>
  </description>
  <origin publicID="quakeml:eu.emsc/event/19980611_0000001/origin/1494977">
    <time>
      <value>1998-06-11T00:03:49.5Z</value>
      <uncertainty>0.67</uncertainty>
    </time>
    <latitude>
      <value>36.0156</value>
      <uncertainty>26.1</uncertainty>
    </latitude>
    <longitude>
      <value>28.7886</value>
      <uncertainty>11</uncertainty>
    </longitude>
    <depth>
      <value>2000</value>
    </depth>
    <depthType>from location</depthType>
    <methodID>smi:eu.emsc-csem/origin_method/NA</methodID>
    <quality>
      <usedPhaseCount>7</usedPhaseCount>
      <usedStationCount>7</usedStationCount>
      <standardError>0.89</standardError>
      <azimuthalGap>174</azimuthalGap>
      <minimumDistance>0.57</minimumDistance>
      <maximumDistance>3.79</maximumDistance>
    </quality>
    <evaluationMode>manual</evaluationMode>
    <creationInfo>
      <agencyURI>smi:smi-registry/organization/EMSC</agencyURI>
      <authorURI>smi:smi-registry/organization/EMSC</authorURI>
    </creationInfo>
    <originUncertainty>
      <azimuthMaxHorizontalUncertainty>176</azimuthMaxHorizontalUncertainty>
    </originUncertainty>
  </origin>
  <magnitude publicID="quakeml:eu.emsc/event/19980611_0000001/origin/1494977/mag/2">
    <mag>
      <value>3.7</value>
    </mag>
    <type>MD</type>
    <originID>quakeml:eu.emsc/event/19980611_0000001/origin/1494977</originID>
    <creationInfo>
      <agencyURI>smi:smi-registry/organization/EMSC</agencyURI>
      <authorURI>smi:smi-registry/organization/EMSC</authorURI>
    </creationInfo>
  </magnitude>
</event>
</eventParameters>
</q:quakeml>
