<?xml version="1.0"?>
<q:quakeml xmlns:q="http://quakeml.org/xmlns/quakeml/1.2"  xmlns="http://quakeml.org/xmlns/bed/1.2">
<eventParameters publicID="smi:eu.emsc/unid">
<event publicID="quakeml:eu.emsc/event/19981029_0000014">
  <preferredOriginID>quakeml:eu.emsc/event/19981029_0000014/origin/1489796</preferredOriginID>
  <preferredMagnitudeID>quakeml:eu.emsc/event/19981029_0000014/origin/1489796/mag/2</preferredMagnitudeID>
  <creationInfo>
    <agencyURI>smi:smi-registry/organization/EMSC</agencyURI>
    <authorURI>smi:smi-registry/organization/EMSC</authorURI>
    <creationTime>2014-12-03T10:45:49.121861Z</creationTime>
  </creationInfo>
  <description>
    <text>DODECANESE ISLANDS, GREECE</text>
    <type>Flinn-Engdahl region</type>
  </description>
  <origin publicID="quakeml:eu.emsc/event/19981029_0000014/origin/1489796">
    <time>
      <value>1998-10-29T23:18:56.4Z</value>
      <uncertainty>0.73</uncertainty>
    </time>
    <latitude>
      <value>36.2878</value>
      <uncertainty>21.3</uncertainty>
    </latitude>
    <longitude>
      <value>27.031</value>
      <uncertainty>18.4</uncertainty>
    </longitude>
    <depth>
      <value>2000</value>
    </depth>
    <depthType>from location</depthType>
    <methodID>smi:eu.emsc-csem/origin_method/NA</methodID>
    <quality>
      <usedPhaseCount>11</usedPhaseCount>
      <usedStationCount>11</usedStationCount>
      <standardError>1.9</standardError>
      <azimuthalGap>76</azimuthalGap>
      <minimumDistance>0.74</minimumDistance>
      <maximumDistance>3.33</maximumDistance>
    </quality>
    <evaluationMode>manual</evaluationMode>
    <creationInfo>
      <agencyURI>smi:smi-registry/organization/EMSC</agencyURI>
      <authorURI>smi:smi-registry/organization/EMSC</authorURI>
    </creationInfo>
    <originUncertainty>
      <azimuthMaxHorizontalUncertainty>142</azimuthMaxHorizontalUncertainty>
    </originUncertainty>
  </origin>
  <magnitude publicID="quakeml:eu.emsc/event/19981029_0000014/origin/1489796/mag/2">
    <mag>
      <value>3.8</value>
    </mag>
    <type>MD</type>
    <originID>quakeml:eu.emsc/event/19981029_0000014/origin/1489796</originID>
    <creationInfo>
      <agencyURI>smi:smi-registry/organization/EMSC</agencyURI>
      <authorURI>smi:smi-registry/organization/EMSC</authorURI>
    </creationInfo>
  </magnitude>
</event>
<event publicID="quakeml:eu.emsc/event/19981029_0000013">
  <preferredOriginID>quakeml:eu.emsc/event/19981029_0000013/origin/1489800</preferredOriginID>
  <preferredMagnitudeID>quakeml:eu.emsc/event/19981029_0000013/origin/1489800/mag/2</preferredMagnitudeID>
  <creationInfo>
    <agencyURI>smi:smi-registry/organization/EMSC</agencyURI>
    <authorURI>smi:smi-registry/organization/EMSC</authorURI>
    <creationTime>2014-12-03T10:44:31.609499Z</creationTime>
  </creationInfo>
  <description>
    <text>DODECANESE ISLANDS, GREECE</text>
    <type>Flinn-Engdahl region</type>
  </description>
  <origin publicID="quakeml:eu.emsc/event/19981029_0000013/origin/1489800">
    <time>
      <value>1998-10-29T23:07:56.8Z</value>
      <uncertainty>0.35</uncertainty>
    </time>
    <latitude>
      <value>35.6224</value>
      <uncertainty>12</uncertainty>
    </latitude>
    <longitude>
      <value>27.2758</value>
      <uncertainty>7</uncertainty>
    </longitude>
    <depth>
      <value>20000</value>
    </depth>
    <depthType>from location</depthType>
    <methodID>smi:eu.emsc-csem/origin_method/NA</methodID>
    <quality>
      <usedPhaseCount>18</usedPhaseCount>
      <usedStationCount>16</usedStationCount>
      <standardError>1.08</standardError>
      <azimuthalGap>99</azimuthalGap>
      <minimumDistance>0.11</minimumDistance>
      <maximumDistance>8.67</maximumDistance>
    </quality>
    <evaluationMode>manual</evaluationMode>
    <creationInfo>
      <agencyURI>smi:smi-registry/organization/EMSC</agencyURI>
      <authorURI>smi:smi-registry/organization/EMSC</authorURI>
    </creationInfo>
    <originUncertainty>
      <azimuthMaxHorizontalUncertainty>164</azimuthMaxHorizontalUncertainty>
    </originUncertainty>
  </origin>
  <magnitude publicID="quakeml:eu.emsc/event/19981029_0000013/origin/1489800/mag/2">
    <mag>
      <value>3.9</value>
    </mag>
    <type>MD</type>
    <originID>quakeml:eu.emsc/event/19981029_0000013/origin/1489800</originID>
    <creationInfo>
      <agencyURI>smi:smi-registry/organization/EMSC</agencyURI>
      <authorURI>smi:smi-registry/organization/EMSC</authorURI>
    </creationInfo>
  </magnitude>
</event>
<event publicID="quakeml:eu.emsc/event/19981029_0000012">
  <preferredOriginID>quakeml:eu.emsc/event/19981029_0000012/origin/1489802</preferredOriginID>
  <preferredMagnitudeID>quakeml:eu.emsc/event/19981029_0000012/origin/1489802/mag/2</preferredMagnitudeID>
  <creationInfo>
    <agencyURI>smi:smi-registry/organization/EMSC</agencyURI>
    <authorURI>smi:smi-registry/organization/EMSC</authorURI>
    <creationTime>2014-12-03T10:42:29.971013Z</creationTime>
  </creationInfo>
  <description>
    <text>IONIAN SEA</text>
    <type>Flinn-Engdahl region</type>
  </description>
  <origin publicID="quakeml:eu.emsc/event/19981029_0000012/origin/1489802">
    <time>
      <value>1998-10-29T21:39:41.1Z</value>
      <uncertainty>3.01</uncertainty>
    </time>
    <latitude>
      <value>37.0233</value>
      <uncertainty>71.4</uncertainty>
    </latitude>
    <longitude>
      <value>20.969</value>
      <uncertainty>17</uncertainty>
    </longitude>
    <depth>
      <value>2000</value>
    </depth>
    <depthType>from location</depthType>
    <methodID>smi:eu.emsc-csem/origin_method/NA</methodID>
    <quality>
      <usedPhaseCount>16</usedPhaseCount>
      <usedStationCount>16</usedStationCount>
      <standardError>1.64</standardError>
      <azimuthalGap>245</azimuthalGap>
      <minimumDistance>0.78</minimumDistance>
      <maximumDistance>4.96</maximumDistance>
    </quality>
    <evaluationMode>manual</evaluationMode>
    <creationInfo>
      <agencyURI>smi:smi-registry/organization/EMSC</agencyURI>
      <authorURI>smi:smi-registry/organization/EMSC</authorURI>
    </creationInfo>
    <originUncertainty>
      <azimuthMaxHorizontalUncertainty>37</azimuthMaxHorizontalUncertainty>
    </originUncertainty>
  </origin>
  <magnitude publicID="quakeml:eu.emsc/event/19981029_0000012/origin/1489802/mag/2">
    <mag>
      <value>3.7</value>
    </mag>
    <type>ML</type>
    <originID>quakeml:eu.emsc/event/19981029_0000012/origin/1489802</originID>
    <creationInfo>
      <agencyURI>smi:smi-registry/organization/EMSC</agencyURI>
      <authorURI>smi:smi-registry/organization/EMSC</authorURI>
    </creationInfo>
  </magnitude>
</event>
<event publicID="quakeml:eu.emsc/event/19981029_0000011">
  <preferredOriginID>quakeml:eu.emsc/event/19981029_0000011/origin/1489804</preferredOriginID>
  <preferredMagnitudeID>quakeml:eu.emsc/event/19981029_0000011/origin/1489804/mag/1</preferredMagnitudeID>
  <creationInfo>
    <agencyURI>smi:smi-registry/organization/EMSC</agencyURI>
    <authorURI>smi:smi-registry/organization/EMSC</authorURI>
    <creationTime>2014-12-03T11:42:54.49216Z</creationTime>
  </creationInfo>
  <description>
    <text>WESTERN IRAN</text>
    <type>Flinn-Engdahl region</type>
  </description>
  <origin publicID="quakeml:eu.emsc/event/19981029_0000011/origin/1489804">
    <time>
      <value>1998-10-29T20:57:36.9Z</value>
      <uncertainty>0.51</uncertainty>
    </time>
    <latitude>
      <value>32.4471</value>
      <uncertainty>17.7</uncertainty>
    </latitude>
    <longitude>
      <value>48.8314</value>
      <uncertainty>14.9</uncertainty>
    </longitude>
    <depth>
      <value>80000</value>
    </depth>
    <depthType>from location</depthType>
    <methodID>smi:eu.emsc-csem/origin_method/NA</methodID>
    <quality>
      <usedPhaseCount>25</usedPhaseCount>
      <usedStationCount>25</usedStationCount>
      <standardError>0.78</standardError>
      <azimuthalGap>180</azimuthalGap>
      <minimumDistance>2.4</minimumDistance>
      <maximumDistance>47.97</maximumDistance>
    </quality>
    <evaluationMode>manual</evaluationMode>
    <creationInfo>
      <agencyURI>smi:smi-registry/organization/EMSC</agencyURI>
      <authorURI>smi:smi-registry/organization/EMSC</authorURI>
    </creationInfo>
    <originUncertainty>
      <azimuthMaxHorizontalUncertainty>129</azimuthMaxHorizontalUncertainty>
    </originUncertainty>
  </origin>
  <magnitude publicID="quakeml:eu.emsc/event/19981029_0000011/origin/1489804/mag/1">
    <mag>
      <value>4.6</value>
      <uncertainty>0.3</uncertainty>
    </mag>
    <type>mb</type>
    <originID>quakeml:eu.emsc/event/19981029_0000011/origin/1489804</originID>
    <stationCount>10</stationCount>
    <creationInfo>
      <agencyURI>smi:smi-registry/organization/EMSC</agencyURI>
      <authorURI>smi:smi-registry/organization/EMSC</authorURI>
    </creationInfo>
  </magnitude>
</event>
<event publicID="quakeml:eu.emsc/event/19981029_0000017">
  <preferredOriginID>quakeml:eu.emsc/event/19981029_0000017/origin/1489585</preferredOriginID>
  <preferredMagnitudeID>quakeml:eu.emsc/event/19981029_0000017/origin/1489585/mag/1</preferredMagnitudeID>
  <creationInfo>
    <agencyURI>smi:smi-registry/organization/EMSC</agencyURI>
    <authorURI>smi:smi-registry/organization/EMSC</authorURI>
    <creationTime>2014-12-03T15:17:01.124945Z</creationTime>
  </creationInfo>
  <description>
    <text>PYRENEES</text>
    <type>Flinn-Engdahl region</type>
  </description>
  <origin publicID="quakeml:eu.emsc/event/19981029_0000017/origin/1489585">
    <time>
      <value>1998-10-29T19:40:23.6Z</value>
      <uncertainty>0.21</uncertainty>
    </time>
    <latitude>
      <value>42.5168</value>
      <uncertainty>4.4</uncertainty>
    </latitude>
    <longitude>
      <value>1.3652</value>
      <uncertainty>2.9</uncertainty>
    </longitude>
    <depth>
      <value>10000</value>
    </depth>
    <depthType>from location</depthType>
    <methodID>smi:eu.emsc-csem/origin_method/NA</methodID>
    <quality>
      <usedPhaseCount>29</usedPhaseCount>
      <usedStationCount>15</usedStationCount>
      <standardError>0.71</standardError>
      <azimuthalGap>116</azimuthalGap>
      <minimumDistance>0.13</minimumDistance>
      <maximumDistance>2.4</maximumDistance>
    </quality>
    <evaluationMode>manual</evaluationMode>
    <creationInfo>
      <agencyURI>smi:smi-registry/organization/EMSC</agencyURI>
      <authorURI>smi:smi-registry/organization/EMSC</authorURI>
    </creationInfo>
    <originUncertainty>
      <azimuthMaxHorizontalUncertainty>175</azimuthMaxHorizontalUncertainty>
    </originUncertainty>
  </origin>
  <magnitude publicID="quakeml:eu.emsc/event/19981029_0000017/origin/1489585/mag/1">
    <mag>
      <value>2.1</value>
      <uncertainty>0.2</uncertainty>
    </mag>
    <type>ML</type>
    <originID>quakeml:eu.emsc/event/19981029_0000017/origin/1489585</originID>
    <stationCount>5</stationCount>
    <creationInfo>
      <agencyURI>smi:smi-registry/organization/EMSC</agencyURI>
      <authorURI>smi:smi-registry/organization/EMSC</authorURI>
    </creationInfo>
  </magnitude>
</event>
<event publicID="quakeml:eu.emsc/event/19981029_0000010">
  <preferredOriginID>quakeml:eu.emsc/event/19981029_0000010/origin/1489807</preferredOriginID>
  <preferredMagnitudeID>quakeml:eu.emsc/event/19981029_0000010/origin/1489807/mag/2</preferredMagnitudeID>
  <creationInfo>
    <agencyURI>smi:smi-registry/organization/EMSC</agencyURI>
    <authorURI>smi:smi-registry/organization/EMSC</authorURI>
    <creationTime>2014-12-03T11:09:29.442321Z</creationTime>
  </creationInfo>
  <description>
    <text>WESTERN TURKEY</text>
    <type>Flinn-Engdahl region</type>
  </description>
  <origin publicID="quakeml:eu.emsc/event/19981029_0000010/origin/1489807">
    <time>
      <value>1998-10-29T18:46:40.7Z</value>
      <uncertainty>0.27</uncertainty>
    </time>
    <latitude>
      <value>39.0205</value>
      <uncertainty>8.8</uncertainty>
    </latitude>
    <longitude>
      <value>29.6118</value>
      <uncertainty>5.3</uncertainty>
    </longitude>
    <depth>
      <value>8000</value>
    </depth>
    <depthType>from location</depthType>
    <methodID>smi:eu.emsc-csem/origin_method/NA</methodID>
    <quality>
      <usedPhaseCount>10</usedPhaseCount>
      <usedStationCount>7</usedStationCount>
      <standardError>0.7</standardError>
      <azimuthalGap>129</azimuthalGap>
      <minimumDistance>0.39</minimumDistance>
      <maximumDistance>1.89</maximumDistance>
    </quality>
    <evaluationMode>manual</evaluationMode>
    <creationInfo>
      <agencyURI>smi:smi-registry/organization/EMSC</agencyURI>
      <authorURI>smi:smi-registry/organization/EMSC</authorURI>
    </creationInfo>
    <originUncertainty>
      <azimuthMaxHorizontalUncertainty>71</azimuthMaxHorizontalUncertainty>
    </originUncertainty>
  </origin>
  <magnitude publicID="quakeml:eu.emsc/event/19981029_0000010/origin/1489807/mag/2">
    <mag>
      <value>3.1</value>
    </mag>
    <type>MD</type>
    <originID>quakeml:eu.emsc/event/19981029_0000010/origin/1489807</originID>
    <creationInfo>
      <agencyURI>smi:smi-registry/organization/EMSC</agencyURI>
      <authorURI>smi:smi-registry/organization/EMSC</authorURI>
    </creationInfo>
  </magnitude>
</event>
<event publicID="quakeml:eu.emsc/event/19981029_0000009">
  <preferredOriginID>quakeml:eu.emsc/event/19981029_0000009/origin/1489810</preferredOriginID>
  <preferredMagnitudeID>quakeml:eu.emsc/event/19981029_0000009/origin/1489810/mag/2</preferredMagnitudeID>
  <creationInfo>
    <agencyURI>smi:smi-registry/organization/EMSC</agencyURI>
    <authorURI>smi:smi-registry/organization/EMSC</authorURI>
    <creationTime>2014-12-03T10:56:09.710236Z</creationTime>
  </creationInfo>
  <description>
    <text>GREECE</text>
    <type>Flinn-Engdahl region</type>
  </description>
  <origin publicID="quakeml:eu.emsc/event/19981029_0000009/origin/1489810">
    <time>
      <value>1998-10-29T18:20:10.0Z</value>
      <uncertainty>0.36</uncertainty>
    </time>
    <latitude>
      <value>38.3417</value>
      <uncertainty>8.8</uncertainty>
    </latitude>
    <longitude>
      <value>21.8904</value>
      <uncertainty>7.3</uncertainty>
    </longitude>
    <depth>
      <value>2000</value>
    </depth>
    <depthType>from location</depthType>
    <methodID>smi:eu.emsc-csem/origin_method/NA</methodID>
    <quality>
      <usedPhaseCount>21</usedPhaseCount>
      <usedStationCount>17</usedStationCount>
      <standardError>1.17</standardError>
      <azimuthalGap>82</azimuthalGap>
      <minimumDistance>0.58</minimumDistance>
      <maximumDistance>3.02</maximumDistance>
    </quality>
    <evaluationMode>manual</evaluationMode>
    <creationInfo>
      <agencyURI>smi:smi-registry/organization/EMSC</agencyURI>
      <authorURI>smi:smi-registry/organization/EMSC</authorURI>
    </creationInfo>
    <originUncertainty>
      <azimuthMaxHorizontalUncertainty>80</azimuthMaxHorizontalUncertainty>
    </originUncertainty>
  </origin>
  <magnitude publicID="quakeml:eu.emsc/event/19981029_0000009/origin/1489810/mag/2">
    <mag>
      <value>3.1</value>
    </mag>
    <type>ML</type>
    <originID>quakeml:eu.emsc/event/19981029_0000009/origin/1489810</originID>
    <creationInfo>
      <agencyURI>smi:smi-registry/organization/EMSC</agencyURI>
      <authorURI>smi:smi-registry/organization/EMSC</authorURI>
    </creationInfo>
  </magnitude>
</event>
<event publicID="quakeml:eu.emsc/event/19981029_0000016">
  <preferredOriginID>quakeml:eu.emsc/event/19981029_0000016/origin/1482392</preferredOriginID>
  <preferredMagnitudeID>quakeml:eu.emsc/event/19981029_0000016/origin/1482392/mag/2</preferredMagnitudeID>
  <creationInfo>
    <agencyURI>smi:smi-registry/organization/EMSC</agencyURI>
    <authorURI>smi:smi-registry/organization/EMSC</authorURI>
    <creationTime>2014-12-10T12:55:44.253099Z</creationTime>
  </creationInfo>
  <description>
    <text>NEAR SOUTH COAST OF FRANCE</text>
    <type>Flinn-Engdahl region</type>
  </description>
  <origin publicID="quakeml:eu.emsc/event/19981029_0000016/origin/1482392">
    <time>
      <value>1998-10-29T18:09:04.7Z</value>
    </time>
    <latitude>
      <value>43.6045</value>
      <uncertainty>9999.9</uncertainty>
    </latitude>
    <longitude>
      <value>7.928</value>
      <uncertainty>9999.9</uncertainty>
    </longitude>
    <depth>
      <value>8400.0</value>
    </depth>
    <depthType>from location</depthType>
    <methodID>smi:eu.emsc-csem/origin_method/NA</methodID>
    <quality>
      <usedPhaseCount>20</usedPhaseCount>
      <usedStationCount>10</usedStationCount>
      <standardError>6.84</standardError>
      <azimuthalGap>300</azimuthalGap>
      <minimumDistance>0.29</minimumDistance>
      <maximumDistance>1.31</maximumDistance>
    </quality>
    <evaluationMode>manual</evaluationMode>
    <creationInfo>
      <agencyURI>smi:smi-registry/organization/EMSC</agencyURI>
      <authorURI>smi:smi-registry/organization/EMSC</authorURI>
    </creationInfo>
    <originUncertainty>
      <azimuthMaxHorizontalUncertainty>-99</azimuthMaxHorizontalUncertainty>
    </originUncertainty>
  </origin>
  <magnitude publicID="quakeml:eu.emsc/event/19981029_0000016/origin/1482392/mag/2">
    <mag>
      <value>2.2</value>
    </mag>
    <type>ML</type>
    <originID>quakeml:eu.emsc/event/19981029_0000016/origin/1482392</originID>
    <creationInfo>
      <agencyURI>smi:smi-registry/organization/EMSC</agencyURI>
      <authorURI>smi:smi-registry/organization/EMSC</authorURI>
    </creationInfo>
  </magnitude>
</event>
<event publicID="quakeml:eu.emsc/event/19981029_0000008">
  <preferredOriginID>quakeml:eu.emsc/event/19981029_0000008/origin/1489812</preferredOriginID>
  <preferredMagnitudeID>quakeml:eu.emsc/event/19981029_0000008/origin/1489812/mag/2</preferredMagnitudeID>
  <creationInfo>
    <agencyURI>smi:smi-registry/organization/EMSC</agencyURI>
    <authorURI>smi:smi-registry/organization/EMSC</authorURI>
    <creationTime>2014-12-03T11:52:19.5363Z</creationTime>
  </creationInfo>
  <description>
    <text>DODECANESE ISLANDS, GREECE</text>
    <type>Flinn-Engdahl region</type>
  </description>
  <origin publicID="quakeml:eu.emsc/event/19981029_0000008/origin/1489812">
    <time>
      <value>1998-10-29T17:09:54.8Z</value>
      <uncertainty>0.53</uncertainty>
    </time>
    <latitude>
      <value>35.8294</value>
      <uncertainty>17.9</uncertainty>
    </latitude>
    <longitude>
      <value>27.1542</value>
      <uncertainty>10.9</uncertainty>
    </longitude>
    <depth>
      <value>2000</value>
    </depth>
    <depthType>from location</depthType>
    <methodID>smi:eu.emsc-csem/origin_method/NA</methodID>
    <quality>
      <usedPhaseCount>10</usedPhaseCount>
      <usedStationCount>7</usedStationCount>
      <standardError>1.39</standardError>
      <azimuthalGap>109</azimuthalGap>
      <minimumDistance>0.28</minimumDistance>
      <maximumDistance>3.52</maximumDistance>
    </quality>
    <evaluationMode>manual</evaluationMode>
    <creationInfo>
      <agencyURI>smi:smi-registry/organization/EMSC</agencyURI>
      <authorURI>smi:smi-registry/organization/EMSC</authorURI>
    </creationInfo>
    <originUncertainty>
      <azimuthMaxHorizontalUncertainty>150</azimuthMaxHorizontalUncertainty>
    </originUncertainty>
  </origin>
  <magnitude publicID="quakeml:eu.emsc/event/19981029_0000008/origin/1489812/mag/2">
    <mag>
      <value>3.6</value>
    </mag>
    <type>MD</type>
    <originID>quakeml:eu.emsc/event/19981029_0000008/origin/1489812</originID>
    <creationInfo>
      <agencyURI>smi:smi-registry/organization/EMSC</agencyURI>
      <authorURI>smi:smi-registry/organization/EMSC</authorURI>
    </creationInfo>
  </magnitude>
</event>
<event publicID="quakeml:eu.emsc/event/19981029_0000007">
  <preferredOriginID>quakeml:eu.emsc/event/19981029_0000007/origin/1489815</preferredOriginID>
  <preferredMagnitudeID>quakeml:eu.emsc/event/19981029_0000007/origin/1489815/mag/2</preferredMagnitudeID>
  <creationInfo>
    <agencyURI>smi:smi-registry/organization/EMSC</agencyURI>
    <authorURI>smi:smi-registry/organization/EMSC</authorURI>
    <creationTime>2014-12-03T11:29:40.321823Z</creationTime>
  </creationInfo>
  <description>
    <text>WESTERN TURKEY</text>
    <type>Flinn-Engdahl region</type>
  </description>
  <origin publicID="quakeml:eu.emsc/event/19981029_0000007/origin/1489815">
    <time>
      <value>1998-10-29T14:19:03.2Z</value>
      <uncertainty>0.17</uncertainty>
    </time>
    <latitude>
      <value>39.0106</value>
      <uncertainty>4.6</uncertainty>
    </latitude>
    <longitude>
      <value>29.5666</value>
      <uncertainty>3</uncertainty>
    </longitude>
    <depth>
      <value>2000</value>
    </depth>
    <depthType>from location</depthType>
    <methodID>smi:eu.emsc-csem/origin_method/NA</methodID>
    <quality>
      <usedPhaseCount>6</usedPhaseCount>
      <usedStationCount>4</usedStationCount>
      <standardError>0.33</standardError>
      <azimuthalGap>174</azimuthalGap>
      <minimumDistance>0.43</minimumDistance>
      <maximumDistance>1.33</maximumDistance>
    </quality>
    <evaluationMode>manual</evaluationMode>
    <creationInfo>
      <agencyURI>smi:smi-registry/organization/EMSC</agencyURI>
      <authorURI>smi:smi-registry/organization/EMSC</authorURI>
    </creationInfo>
    <originUncertainty>
      <azimuthMaxHorizontalUncertainty>104</azimuthMaxHorizontalUncertainty>
    </originUncertainty>
  </origin>
  <magnitude publicID="quakeml:eu.emsc/event/19981029_0000007/origin/1489815/mag/2">
    <mag>
      <value>2.9</value>
    </mag>
    <type>MD</type>
    <originID>quakeml:eu.emsc/event/19981029_0000007/origin/1489815</originID>
    <creationInfo>
      <agencyURI>smi:smi-registry/organization/EMSC</agencyURI>
      <authorURI>smi:smi-registry/organization/EMSC</authorURI>
    </creationInfo>
  </magnitude>
</event>
<event publicID="quakeml:eu.emsc/event/19981029_0000006">
  <preferredOriginID>quakeml:eu.emsc/event/19981029_0000006/origin/1482394</preferredOriginID>
  <preferredMagnitudeID>quakeml:eu.emsc/event/19981029_0000006/origin/1482394/mag/2</preferredMagnitudeID>
  <creationInfo>
    <agencyURI>smi:smi-registry/organization/EMSC</agencyURI>
    <authorURI>smi:smi-registry/organization/EMSC</authorURI>
    <creationTime>2014-12-11T00:42:29.170294Z</creationTime>
  </creationInfo>
  <description>
    <text>CRETE, GREECE</text>
    <type>Flinn-Engdahl region</type>
  </description>
  <origin publicID="quakeml:eu.emsc/event/19981029_0000006/origin/1482394">
    <time>
      <value>1998-10-29T13:12:01.1Z</value>
    </time>
    <latitude>
      <value>35.63</value>
      <uncertainty>9999.9</uncertainty>
    </latitude>
    <longitude>
      <value>26.53</value>
      <uncertainty>9999.9</uncertainty>
    </longitude>
    <depth>
      <value>2000</value>
    </depth>
    <depthType>from location</depthType>
    <methodID>smi:eu.emsc-csem/origin_method/NA</methodID>
    <quality>
      <usedPhaseCount>8</usedPhaseCount>
      <usedStationCount>5</usedStationCount>
      <standardError>1.75</standardError>
      <azimuthalGap>145</azimuthalGap>
      <minimumDistance>0.53</minimumDistance>
      <maximumDistance>3.1</maximumDistance>
    </quality>
    <evaluationMode>manual</evaluationMode>
    <creationInfo>
      <agencyURI>smi:smi-registry/organization/EMSC</agencyURI>
      <authorURI>smi:smi-registry/organization/EMSC</authorURI>
    </creationInfo>
    <originUncertainty>
      <azimuthMaxHorizontalUncertainty>-99</azimuthMaxHorizontalUncertainty>
    </originUncertainty>
  </origin>
  <magnitude publicID="quakeml:eu.emsc/event/19981029_0000006/origin/1482394/mag/2">
    <mag>
      <value>3.6</value>
    </mag>
    <type>MD</type>
    <originID>quakeml:eu.emsc/event/19981029_0000006/origin/1482394</originID>
    <creationInfo>
      <agencyURI>smi:smi-registry/organization/EMSC</agencyURI>
      <authorURI>smi:smi-registry/organization/EMSC</authorURI>
    </creationInfo>
  </magnitude>
</event>
<event publicID="quakeml:eu.emsc/event/19981029_0000005">
  <preferredOriginID>quakeml:eu.emsc/event/19981029_0000005/origin/1489818</preferredOriginID>
  <preferredMagnitudeID>quakeml:eu.emsc/event/19981029_0000005/origin/1489818/mag/2</preferredMagnitudeID>
  <creationInfo>
    <agencyURI>smi:smi-registry/organization/EMSC</agencyURI>
    <authorURI>smi:smi-registry/organization/EMSC</authorURI>
    <creationTime>2014-12-03T11:09:28.30631Z</creationTime>
  </creationInfo>
  <description>
    <text>CRETE, GREECE</text>
    <type>Flinn-Engdahl region</type>
  </description>
  <origin publicID="quakeml:eu.emsc/event/19981029_0000005/origin/1489818">
    <time>
      <value>1998-10-29T13:09:25.8Z</value>
      <uncertainty>0.43</uncertainty>
    </time>
    <latitude>
      <value>34.5848</value>
      <uncertainty>10.4</uncertainty>
    </latitude>
    <longitude>
      <value>23.626</value>
      <uncertainty>9.1</uncertainty>
    </longitude>
    <depth>
      <value>69300.0</value>
      <uncertainty>4.1</uncertainty>
    </depth>
    <depthType>from location</depthType>
    <methodID>smi:eu.emsc-csem/origin_method/NA</methodID>
    <quality>
      <usedPhaseCount>12</usedPhaseCount>
      <usedStationCount>12</usedStationCount>
      <standardError>0.53</standardError>
      <azimuthalGap>108</azimuthalGap>
      <minimumDistance>1.77</minimumDistance>
      <maximumDistance>80.69</maximumDistance>
    </quality>
    <evaluationMode>manual</evaluationMode>
    <creationInfo>
      <agencyURI>smi:smi-registry/organization/EMSC</agencyURI>
      <authorURI>smi:smi-registry/organization/EMSC</authorURI>
    </creationInfo>
    <originUncertainty>
      <azimuthMaxHorizontalUncertainty>43</azimuthMaxHorizontalUncertainty>
    </originUncertainty>
  </origin>
  <magnitude publicID="quakeml:eu.emsc/event/19981029_0000005/origin/1489818/mag/2">
    <mag>
      <value>3.5</value>
    </mag>
    <type>MD</type>
    <originID>quakeml:eu.emsc/event/19981029_0000005/origin/1489818</originID>
    <creationInfo>
      <agencyURI>smi:smi-registry/organization/EMSC</agencyURI>
      <authorURI>smi:smi-registry/organization/EMSC</authorURI>
    </creationInfo>
  </magnitude>
</event>
<event publicID="quakeml:eu.emsc/event/19981029_0000003">
  <preferredOriginID>quakeml:eu.emsc/event/19981029_0000003/origin/1482396</preferredOriginID>
  <preferredMagnitudeID>quakeml:eu.emsc/event/19981029_0000003/origin/1482396/mag/2</preferredMagnitudeID>
  <creationInfo>
    <agencyURI>smi:smi-registry/organization/EMSC</agencyURI>
    <authorURI>smi:smi-registry/organization/EMSC</authorURI>
    <creationTime>2014-12-11T00:41:14.16835Z</creationTime>
  </creationInfo>
  <description>
    <text>CRETE, GREECE</text>
    <type>Flinn-Engdahl region</type>
  </description>
  <origin publicID="quakeml:eu.emsc/event/19981029_0000003/origin/1482396">
    <time>
      <value>1998-10-29T07:48:48.2Z</value>
    </time>
    <latitude>
      <value>35.51</value>
      <uncertainty>9999.9</uncertainty>
    </latitude>
    <longitude>
      <value>26.92</value>
      <uncertainty>9999.9</uncertainty>
    </longitude>
    <depth>
      <value>5000</value>
    </depth>
    <depthType>from location</depthType>
    <methodID>smi:eu.emsc-csem/origin_method/NA</methodID>
    <quality>
      <usedPhaseCount>7</usedPhaseCount>
      <usedStationCount>5</usedStationCount>
      <standardError>1.82</standardError>
      <azimuthalGap>178</azimuthalGap>
      <minimumDistance>0.21</minimumDistance>
      <maximumDistance>3.44</maximumDistance>
    </quality>
    <evaluationMode>manual</evaluationMode>
    <creationInfo>
      <agencyURI>smi:smi-registry/organization/EMSC</agencyURI>
      <authorURI>smi:smi-registry/organization/EMSC</authorURI>
    </creationInfo>
    <originUncertainty>
      <azimuthMaxHorizontalUncertainty>-99</azimuthMaxHorizontalUncertainty>
    </originUncertainty>
  </origin>
  <magnitude publicID="quakeml:eu.emsc/event/19981029_0000003/origin/1482396/mag/2">
    <mag>
      <value>3.7</value>
    </mag>
    <type>MD</type>
    <originID>quakeml:eu.emsc/event/19981029_0000003/origin/1482396</originID>
    <creationInfo>
      <agencyURI>smi:smi-registry/organization/EMSC</agencyURI>
      <authorURI>smi:smi-registry/organization/EMSC</authorURI>
    </creationInfo>
  </magnitude>
</event>
<event publicID="quakeml:eu.emsc/event/19981029_0000002">
  <preferredOriginID>quakeml:eu.emsc/event/19981029_0000002/origin/1482398</preferredOriginID>
  <preferredMagnitudeID>quakeml:eu.emsc/event/19981029_0000002/origin/1482398/mag/2</preferredMagnitudeID>
  <creationInfo>
    <agencyURI>smi:smi-registry/organization/EMSC</agencyURI>
    <authorURI>smi:smi-registry/organization/EMSC</authorURI>
    <creationTime>2014-12-11T00:40:48.36165Z</creationTime>
  </creationInfo>
  <description>
    <text>WESTERN TURKEY</text>
    <type>Flinn-Engdahl region</type>
  </description>
  <origin publicID="quakeml:eu.emsc/event/19981029_0000002/origin/1482398">
    <time>
      <value>1998-10-29T03:02:13.1Z</value>
    </time>
    <latitude>
      <value>40.736</value>
      <uncertainty>9999.9</uncertainty>
    </latitude>
    <longitude>
      <value>29.901</value>
      <uncertainty>9999.9</uncertainty>
    </longitude>
    <depth>
      <value>8000</value>
    </depth>
    <depthType>from location</depthType>
    <methodID>smi:eu.emsc-csem/origin_method/NA</methodID>
    <quality>
      <usedPhaseCount>9</usedPhaseCount>
      <usedStationCount>6</usedStationCount>
      <standardError>0.89</standardError>
      <azimuthalGap>281</azimuthalGap>
      <minimumDistance>0.2</minimumDistance>
      <maximumDistance>1.6</maximumDistance>
    </quality>
    <evaluationMode>manual</evaluationMode>
    <creationInfo>
      <agencyURI>smi:smi-registry/organization/EMSC</agencyURI>
      <authorURI>smi:smi-registry/organization/EMSC</authorURI>
    </creationInfo>
    <originUncertainty>
      <azimuthMaxHorizontalUncertainty>-99</azimuthMaxHorizontalUncertainty>
    </originUncertainty>
  </origin>
  <magnitude publicID="quakeml:eu.emsc/event/19981029_0000002/origin/1482398/mag/2">
    <mag>
      <value>2.7</value>
    </mag>
    <type>MD</type>
    <originID>quakeml:eu.emsc/event/19981029_0000002/origin/1482398</originID>
    <creationInfo>
      <agencyURI>smi:smi-registry/organization/EMSC</agencyURI>
      <authorURI>smi:smi-registry/organization/EMSC</authorURI>
    </creationInfo>
  </magnitude>
</event>
<event publicID="quakeml:eu.emsc/event/19981029_0000001">
  <preferredOriginID>quakeml:eu.emsc/event/19981029_0000001/origin/1489821</preferredOriginID>
  <preferredMagnitudeID>quakeml:eu.emsc/event/19981029_0000001/origin/1489821/mag/2</preferredMagnitudeID>
  <creationInfo>
    <agencyURI>smi:smi-registry/organization/EMSC</agencyURI>
    <authorURI>smi:smi-registry/organization/EMSC</authorURI>
    <creationTime>2014-12-03T10:27:34.638043Z</creationTime>
  </creationInfo>
  <description>
    <text>CENTRAL TURKEY</text>
    <type>Flinn-Engdahl region</type>
  </description>
  <origin publicID="quakeml:eu.emsc/event/19981029_0000001/origin/1489821">
    <time>
      <value>1998-10-29T02:57:05.9Z</value>
      <uncertainty>0.25</uncertainty>
    </time>
    <latitude>
      <value>38.6955</value>
      <uncertainty>8.2</uncertainty>
    </latitude>
    <longitude>
      <value>35.4638</value>
      <uncertainty>6.7</uncertainty>
    </longitude>
    <depth>
      <value>10000</value>
    </depth>
    <depthType>from location</depthType>
    <methodID>smi:eu.emsc-csem/origin_method/NA</methodID>
    <quality>
      <usedPhaseCount>20</usedPhaseCount>
      <usedStationCount>20</usedStationCount>
      <standardError>0.85</standardError>
      <azimuthalGap>53</azimuthalGap>
      <minimumDistance>0.34</minimumDistance>
      <maximumDistance>36.78</maximumDistance>
    </quality>
    <evaluationMode>manual</evaluationMode>
    <creationInfo>
      <agencyURI>smi:smi-registry/organization/EMSC</agencyURI>
      <authorURI>smi:smi-registry/organization/EMSC</authorURI>
    </creationInfo>
    <originUncertainty>
      <azimuthMaxHorizontalUncertainty>62</azimuthMaxHorizontalUncertainty>
    </originUncertainty>
  </origin>
  <magnitude publicID="quakeml:eu.emsc/event/19981029_0000001/origin/1489821/mag/2">
    <mag>
      <value>3.9</value>
    </mag>
    <type>MD</type>
    <originID>quakeml:eu.emsc/event/19981029_0000001/origin/1489821</originID>
    <creationInfo>
      <agencyURI>smi:smi-registry/organization/EMSC</agencyURI>
      <authorURI>smi:smi-registry/organization/EMSC</authorURI>
    </creationInfo>
  </magnitude>
</event>
</eventParameters>
</q:quakeml>
