<?xml version="1.0"?>
<q:quakeml xmlns:q="http://quakeml.org/xmlns/quakeml/1.2"  xmlns="http://quakeml.org/xmlns/bed/1.2">
<eventParameters publicID="smi:eu.emsc/unid">
<event publicID="quakeml:eu.emsc/event/19980510_0000011">
  <preferredOriginID>quakeml:eu.emsc/event/19980510_0000011/origin/1496014</preferredOriginID>
  <preferredMagnitudeID>quakeml:eu.emsc/event/19980510_0000011/origin/1496014/mag/2</preferredMagnitudeID>
  <creationInfo>
    <agencyURI>smi:smi-registry/organization/EMSC</agencyURI>
    <authorURI>smi:smi-registry/organization/EMSC</authorURI>
    <creationTime>2014-12-03T11:01:52.251992Z</creationTime>
  </creationInfo>
  <description>
    <text>IONIAN SEA</text>
    <type>Flinn-Engdahl region</type>
  </description>
  <origin publicID="quakeml:eu.emsc/event/19980510_0000011/origin/1496014">
    <time>
      <value>1998-05-10T22:37:33.2Z</value>
      <uncertainty>1.77</uncertainty>
    </time>
    <latitude>
      <value>37.2846</value>
      <uncertainty>47.9</uncertainty>
    </latitude>
    <longitude>
      <value>20.4873</value>
      <uncertainty>17.2</uncertainty>
    </longitude>
    <depth>
      <value>2000</value>
    </depth>
    <depthType>from location</depthType>
    <methodID>smi:eu.emsc-csem/origin_method/NA</methodID>
    <quality>
      <usedPhaseCount>7</usedPhaseCount>
      <usedStationCount>5</usedStationCount>
      <standardError>1.14</standardError>
      <azimuthalGap>258</azimuthalGap>
      <minimumDistance>0.89</minimumDistance>
      <maximumDistance>3.83</maximumDistance>
    </quality>
    <evaluationMode>manual</evaluationMode>
    <creationInfo>
      <agencyURI>smi:smi-registry/organization/EMSC</agencyURI>
      <authorURI>smi:smi-registry/organization/EMSC</authorURI>
    </creationInfo>
    <originUncertainty>
      <azimuthMaxHorizontalUncertainty>48</azimuthMaxHorizontalUncertainty>
    </originUncertainty>
  </origin>
  <magnitude publicID="quakeml:eu.emsc/event/19980510_0000011/origin/1496014/mag/2">
    <mag>
      <value>3.4</value>
    </mag>
    <type>MD</type>
    <originID>quakeml:eu.emsc/event/19980510_0000011/origin/1496014</originID>
    <creationInfo>
      <agencyURI>smi:smi-registry/organization/EMSC</agencyURI>
      <authorURI>smi:smi-registry/organization/EMSC</authorURI>
    </creationInfo>
  </magnitude>
</event>
<event publicID="quakeml:eu.emsc/event/19980510_0000020">
  <preferredOriginID>quakeml:eu.emsc/event/19980510_0000020/origin/1495472</preferredOriginID>
  <preferredMagnitudeID>quakeml:eu.emsc/event/19980510_0000020/origin/1495472/mag/2</preferredMagnitudeID>
  <creationInfo>
    <agencyURI>smi:smi-registry/organization/EMSC</agencyURI>
    <authorURI>smi:smi-registry/organization/EMSC</authorURI>
    <creationTime>2014-12-03T17:07:01.702867Z</creationTime>
  </creationInfo>
  <description>
    <text>PYRENEES</text>
    <type>Flinn-Engdahl region</type>
  </description>
  <origin publicID="quakeml:eu.emsc/event/19980510_0000020/origin/1495472">
    <time>
      <value>1998-05-10T21:41:42.0Z</value>
      <uncertainty>0.16</uncertainty>
    </time>
    <latitude>
      <value>42.9683</value>
      <uncertainty>7.6</uncertainty>
    </latitude>
    <longitude>
      <value>0.2033</value>
      <uncertainty>2.6</uncertainty>
    </longitude>
    <depth>
      <value>10000</value>
    </depth>
    <depthType>from location</depthType>
    <methodID>smi:eu.emsc-csem/origin_method/NA</methodID>
    <quality>
      <usedPhaseCount>16</usedPhaseCount>
      <usedStationCount>7</usedStationCount>
      <standardError>0.62</standardError>
      <azimuthalGap>134</azimuthalGap>
      <minimumDistance>0.12</minimumDistance>
      <maximumDistance>1.52</maximumDistance>
    </quality>
    <evaluationMode>manual</evaluationMode>
    <creationInfo>
      <agencyURI>smi:smi-registry/organization/EMSC</agencyURI>
      <authorURI>smi:smi-registry/organization/EMSC</authorURI>
    </creationInfo>
    <originUncertainty>
      <azimuthMaxHorizontalUncertainty>178</azimuthMaxHorizontalUncertainty>
    </originUncertainty>
  </origin>
  <magnitude publicID="quakeml:eu.emsc/event/19980510_0000020/origin/1495472/mag/2">
    <mag>
      <value>1.4</value>
    </mag>
    <type>ML</type>
    <originID>quakeml:eu.emsc/event/19980510_0000020/origin/1495472</originID>
    <stationCount>2</stationCount>
    <creationInfo>
      <agencyURI>smi:smi-registry/organization/EMSC</agencyURI>
      <authorURI>smi:smi-registry/organization/EMSC</authorURI>
    </creationInfo>
  </magnitude>
</event>
<event publicID="quakeml:eu.emsc/event/19980510_0000010">
  <preferredOriginID>quakeml:eu.emsc/event/19980510_0000010/origin/1496018</preferredOriginID>
  <preferredMagnitudeID>quakeml:eu.emsc/event/19980510_0000010/origin/1496018/mag/2</preferredMagnitudeID>
  <creationInfo>
    <agencyURI>smi:smi-registry/organization/EMSC</agencyURI>
    <authorURI>smi:smi-registry/organization/EMSC</authorURI>
    <creationTime>2014-12-03T11:56:39.407995Z</creationTime>
  </creationInfo>
  <description>
    <text>CENTRAL ITALY</text>
    <type>Flinn-Engdahl region</type>
  </description>
  <origin publicID="quakeml:eu.emsc/event/19980510_0000010/origin/1496018">
    <time>
      <value>1998-05-10T20:20:49.9Z</value>
      <uncertainty>0.23</uncertainty>
    </time>
    <latitude>
      <value>43.1737</value>
      <uncertainty>5.6</uncertainty>
    </latitude>
    <longitude>
      <value>12.7519</value>
      <uncertainty>5.2</uncertainty>
    </longitude>
    <depth>
      <value>2000</value>
    </depth>
    <depthType>from location</depthType>
    <methodID>smi:eu.emsc-csem/origin_method/NA</methodID>
    <quality>
      <usedPhaseCount>39</usedPhaseCount>
      <usedStationCount>30</usedStationCount>
      <standardError>1.2</standardError>
      <azimuthalGap>76</azimuthalGap>
      <minimumDistance>0.16</minimumDistance>
      <maximumDistance>7.49</maximumDistance>
    </quality>
    <evaluationMode>manual</evaluationMode>
    <creationInfo>
      <agencyURI>smi:smi-registry/organization/EMSC</agencyURI>
      <authorURI>smi:smi-registry/organization/EMSC</authorURI>
    </creationInfo>
    <originUncertainty>
      <azimuthMaxHorizontalUncertainty>22</azimuthMaxHorizontalUncertainty>
    </originUncertainty>
  </origin>
  <magnitude publicID="quakeml:eu.emsc/event/19980510_0000010/origin/1496018/mag/2">
    <mag>
      <value>2.3</value>
    </mag>
    <type>ML</type>
    <originID>quakeml:eu.emsc/event/19980510_0000010/origin/1496018</originID>
    <stationCount>8</stationCount>
    <creationInfo>
      <agencyURI>smi:smi-registry/organization/EMSC</agencyURI>
      <authorURI>smi:smi-registry/organization/EMSC</authorURI>
    </creationInfo>
  </magnitude>
</event>
<event publicID="quakeml:eu.emsc/event/19980510_0000009">
  <preferredOriginID>quakeml:eu.emsc/event/19980510_0000009/origin/1484410</preferredOriginID>
  <preferredMagnitudeID>quakeml:eu.emsc/event/19980510_0000009/origin/1484410/mag/2</preferredMagnitudeID>
  <creationInfo>
    <agencyURI>smi:smi-registry/organization/EMSC</agencyURI>
    <authorURI>smi:smi-registry/organization/EMSC</authorURI>
    <creationTime>2014-12-10T09:23:51.77326Z</creationTime>
  </creationInfo>
  <description>
    <text>SPAIN</text>
    <type>Flinn-Engdahl region</type>
  </description>
  <origin publicID="quakeml:eu.emsc/event/19980510_0000009/origin/1484410">
    <time>
      <value>1998-05-10T20:13:05.4Z</value>
    </time>
    <latitude>
      <value>37.0736</value>
      <uncertainty>9999.9</uncertainty>
    </latitude>
    <longitude>
      <value>-4.2918</value>
      <uncertainty>9999.9</uncertainty>
    </longitude>
    <depth>
      <value>29900.0</value>
    </depth>
    <depthType>from location</depthType>
    <methodID>smi:eu.emsc-csem/origin_method/NA</methodID>
    <quality>
      <usedPhaseCount>10</usedPhaseCount>
      <usedStationCount>10</usedStationCount>
      <standardError>1.1</standardError>
      <azimuthalGap>124</azimuthalGap>
      <minimumDistance>0.13</minimumDistance>
      <maximumDistance>1.54</maximumDistance>
    </quality>
    <evaluationMode>manual</evaluationMode>
    <creationInfo>
      <agencyURI>smi:smi-registry/organization/EMSC</agencyURI>
      <authorURI>smi:smi-registry/organization/EMSC</authorURI>
    </creationInfo>
    <originUncertainty>
      <azimuthMaxHorizontalUncertainty>-99</azimuthMaxHorizontalUncertainty>
    </originUncertainty>
  </origin>
  <magnitude publicID="quakeml:eu.emsc/event/19980510_0000009/origin/1484410/mag/2">
    <mag>
      <value>3.4</value>
    </mag>
    <type>mb</type>
    <originID>quakeml:eu.emsc/event/19980510_0000009/origin/1484410</originID>
    <stationCount>6</stationCount>
    <creationInfo>
      <agencyURI>smi:smi-registry/organization/EMSC</agencyURI>
      <authorURI>smi:smi-registry/organization/EMSC</authorURI>
    </creationInfo>
  </magnitude>
</event>
<event publicID="quakeml:eu.emsc/event/19980510_0000002">
  <preferredOriginID>quakeml:eu.emsc/event/19980510_0000002/origin/1484412</preferredOriginID>
  <preferredMagnitudeID>quakeml:eu.emsc/event/19980510_0000002/origin/1484412/mag/2</preferredMagnitudeID>
  <creationInfo>
    <agencyURI>smi:smi-registry/organization/EMSC</agencyURI>
    <authorURI>smi:smi-registry/organization/EMSC</authorURI>
    <creationTime>2014-12-10T08:17:01.6234Z</creationTime>
  </creationInfo>
  <description>
    <text>WESTERN TURKEY</text>
    <type>Flinn-Engdahl region</type>
  </description>
  <origin publicID="quakeml:eu.emsc/event/19980510_0000002/origin/1484412">
    <time>
      <value>1998-05-10T18:33:02.9Z</value>
    </time>
    <latitude>
      <value>39.72</value>
      <uncertainty>9999.9</uncertainty>
    </latitude>
    <longitude>
      <value>28.728</value>
      <uncertainty>9999.9</uncertainty>
    </longitude>
    <depth>
      <value>6000</value>
    </depth>
    <depthType>from location</depthType>
    <methodID>smi:eu.emsc-csem/origin_method/NA</methodID>
    <quality>
      <usedPhaseCount>14</usedPhaseCount>
      <usedStationCount>9</usedStationCount>
      <standardError>1.03</standardError>
      <azimuthalGap>74</azimuthalGap>
      <minimumDistance>0.14</minimumDistance>
      <maximumDistance>2.05</maximumDistance>
    </quality>
    <evaluationMode>manual</evaluationMode>
    <creationInfo>
      <agencyURI>smi:smi-registry/organization/EMSC</agencyURI>
      <authorURI>smi:smi-registry/organization/EMSC</authorURI>
    </creationInfo>
    <originUncertainty>
      <azimuthMaxHorizontalUncertainty>-99</azimuthMaxHorizontalUncertainty>
    </originUncertainty>
  </origin>
  <magnitude publicID="quakeml:eu.emsc/event/19980510_0000002/origin/1484412/mag/2">
    <mag>
      <value>2.9</value>
    </mag>
    <type>MD</type>
    <originID>quakeml:eu.emsc/event/19980510_0000002/origin/1484412</originID>
    <creationInfo>
      <agencyURI>smi:smi-registry/organization/EMSC</agencyURI>
      <authorURI>smi:smi-registry/organization/EMSC</authorURI>
    </creationInfo>
  </magnitude>
</event>
<event publicID="quakeml:eu.emsc/event/19980510_0000007">
  <preferredOriginID>quakeml:eu.emsc/event/19980510_0000007/origin/1496021</preferredOriginID>
  <preferredMagnitudeID>quakeml:eu.emsc/event/19980510_0000007/origin/1496021/mag/2</preferredMagnitudeID>
  <creationInfo>
    <agencyURI>smi:smi-registry/organization/EMSC</agencyURI>
    <authorURI>smi:smi-registry/organization/EMSC</authorURI>
    <creationTime>2014-12-03T11:34:01.125821Z</creationTime>
  </creationInfo>
  <description>
    <text>MADEIRA ISLANDS, PORTUGAL REGION</text>
    <type>Flinn-Engdahl region</type>
  </description>
  <origin publicID="quakeml:eu.emsc/event/19980510_0000007/origin/1496021">
    <time>
      <value>1998-05-10T10:14:21.7Z</value>
      <uncertainty>0.61</uncertainty>
    </time>
    <latitude>
      <value>33.2209</value>
      <uncertainty>15.9</uncertainty>
    </latitude>
    <longitude>
      <value>-16.509</value>
      <uncertainty>10.9</uncertainty>
    </longitude>
    <depth>
      <value>12000</value>
    </depth>
    <depthType>from location</depthType>
    <methodID>smi:eu.emsc-csem/origin_method/NA</methodID>
    <quality>
      <usedPhaseCount>40</usedPhaseCount>
      <usedStationCount>28</usedStationCount>
      <standardError>1.38</standardError>
      <azimuthalGap>224</azimuthalGap>
      <minimumDistance>4.86</minimumDistance>
      <maximumDistance>43.16</maximumDistance>
    </quality>
    <evaluationMode>manual</evaluationMode>
    <creationInfo>
      <agencyURI>smi:smi-registry/organization/EMSC</agencyURI>
      <authorURI>smi:smi-registry/organization/EMSC</authorURI>
    </creationInfo>
    <originUncertainty>
      <azimuthMaxHorizontalUncertainty>115</azimuthMaxHorizontalUncertainty>
    </originUncertainty>
  </origin>
  <magnitude publicID="quakeml:eu.emsc/event/19980510_0000007/origin/1496021/mag/2">
    <mag>
      <value>4.8</value>
    </mag>
    <type>mb</type>
    <originID>quakeml:eu.emsc/event/19980510_0000007/origin/1496021</originID>
    <stationCount>20</stationCount>
    <creationInfo>
      <agencyURI>smi:smi-registry/organization/EMSC</agencyURI>
      <authorURI>smi:smi-registry/organization/EMSC</authorURI>
    </creationInfo>
  </magnitude>
</event>
<event publicID="quakeml:eu.emsc/event/19980510_0000006">
  <preferredOriginID>quakeml:eu.emsc/event/19980510_0000006/origin/1496024</preferredOriginID>
  <preferredMagnitudeID>quakeml:eu.emsc/event/19980510_0000006/origin/1496024/mag/2</preferredMagnitudeID>
  <creationInfo>
    <agencyURI>smi:smi-registry/organization/EMSC</agencyURI>
    <authorURI>smi:smi-registry/organization/EMSC</authorURI>
    <creationTime>2014-12-03T11:32:16.273306Z</creationTime>
  </creationInfo>
  <description>
    <text>POLAND</text>
    <type>Flinn-Engdahl region</type>
  </description>
  <origin publicID="quakeml:eu.emsc/event/19980510_0000006/origin/1496024">
    <time>
      <value>1998-05-10T09:32:42.4Z</value>
      <uncertainty>0.42</uncertainty>
    </time>
    <latitude>
      <value>51.5655</value>
      <uncertainty>8.5</uncertainty>
    </latitude>
    <longitude>
      <value>16.1139</value>
      <uncertainty>7.1</uncertainty>
    </longitude>
    <depth>
      <value>2000</value>
    </depth>
    <depthType>from location</depthType>
    <methodID>smi:eu.emsc-csem/origin_method/NA</methodID>
    <quality>
      <usedPhaseCount>22</usedPhaseCount>
      <usedStationCount>16</usedStationCount>
      <standardError>1.08</standardError>
      <azimuthalGap>132</azimuthalGap>
      <minimumDistance>0.73</minimumDistance>
      <maximumDistance>9.88</maximumDistance>
    </quality>
    <evaluationMode>manual</evaluationMode>
    <creationInfo>
      <agencyURI>smi:smi-registry/organization/EMSC</agencyURI>
      <authorURI>smi:smi-registry/organization/EMSC</authorURI>
    </creationInfo>
    <originUncertainty>
      <azimuthMaxHorizontalUncertainty>11</azimuthMaxHorizontalUncertainty>
    </originUncertainty>
  </origin>
  <magnitude publicID="quakeml:eu.emsc/event/19980510_0000006/origin/1496024/mag/2">
    <mag>
      <value>3.2</value>
    </mag>
    <type>mb</type>
    <originID>quakeml:eu.emsc/event/19980510_0000006/origin/1496024</originID>
    <stationCount>1</stationCount>
    <creationInfo>
      <agencyURI>smi:smi-registry/organization/EMSC</agencyURI>
      <authorURI>smi:smi-registry/organization/EMSC</authorURI>
    </creationInfo>
  </magnitude>
</event>
<event publicID="quakeml:eu.emsc/event/19980510_0000001">
  <preferredOriginID>quakeml:eu.emsc/event/19980510_0000001/origin/1484414</preferredOriginID>
  <preferredMagnitudeID>quakeml:eu.emsc/event/19980510_0000001/origin/1484414/mag/2</preferredMagnitudeID>
  <creationInfo>
    <agencyURI>smi:smi-registry/organization/EMSC</agencyURI>
    <authorURI>smi:smi-registry/organization/EMSC</authorURI>
    <creationTime>2014-12-10T08:17:01.142219Z</creationTime>
  </creationInfo>
  <description>
    <text>WESTERN TURKEY</text>
    <type>Flinn-Engdahl region</type>
  </description>
  <origin publicID="quakeml:eu.emsc/event/19980510_0000001/origin/1484414">
    <time>
      <value>1998-05-10T09:11:42.6Z</value>
    </time>
    <latitude>
      <value>40.472</value>
      <uncertainty>9999.9</uncertainty>
    </latitude>
    <longitude>
      <value>29.197</value>
      <uncertainty>9999.9</uncertainty>
    </longitude>
    <depth>
      <value>10000</value>
    </depth>
    <depthType>from location</depthType>
    <methodID>smi:eu.emsc-csem/origin_method/NA</methodID>
    <quality>
      <usedPhaseCount>5</usedPhaseCount>
      <usedStationCount>4</usedStationCount>
      <standardError>0.95</standardError>
      <azimuthalGap>140</azimuthalGap>
      <minimumDistance>0.16</minimumDistance>
      <maximumDistance>1.03</maximumDistance>
    </quality>
    <evaluationMode>manual</evaluationMode>
    <creationInfo>
      <agencyURI>smi:smi-registry/organization/EMSC</agencyURI>
      <authorURI>smi:smi-registry/organization/EMSC</authorURI>
    </creationInfo>
    <originUncertainty>
      <azimuthMaxHorizontalUncertainty>-99</azimuthMaxHorizontalUncertainty>
    </originUncertainty>
  </origin>
  <magnitude publicID="quakeml:eu.emsc/event/19980510_0000001/origin/1484414/mag/2">
    <mag>
      <value>2.7</value>
    </mag>
    <type>MD</type>
    <originID>quakeml:eu.emsc/event/19980510_0000001/origin/1484414</originID>
    <creationInfo>
      <agencyURI>smi:smi-registry/organization/EMSC</agencyURI>
      <authorURI>smi:smi-registry/organization/EMSC</authorURI>
    </creationInfo>
  </magnitude>
</event>
<event publicID="quakeml:eu.emsc/event/19980510_0000016">
  <preferredOriginID>quakeml:eu.emsc/event/19980510_0000016/origin/1495477</preferredOriginID>
  <preferredMagnitudeID>quakeml:eu.emsc/event/19980510_0000016/origin/1495477/mag/1</preferredMagnitudeID>
  <creationInfo>
    <agencyURI>smi:smi-registry/organization/EMSC</agencyURI>
    <authorURI>smi:smi-registry/organization/EMSC</authorURI>
    <creationTime>2014-12-03T15:41:08.816904Z</creationTime>
  </creationInfo>
  <description>
    <text>SWITZERLAND</text>
    <type>Flinn-Engdahl region</type>
  </description>
  <origin publicID="quakeml:eu.emsc/event/19980510_0000016/origin/1495477">
    <time>
      <value>1998-05-10T08:16:50.5Z</value>
      <uncertainty>0.13</uncertainty>
    </time>
    <latitude>
      <value>46.9471</value>
      <uncertainty>3.2</uncertainty>
    </latitude>
    <longitude>
      <value>6.9917</value>
      <uncertainty>2.1</uncertainty>
    </longitude>
    <depth>
      <value>10000</value>
    </depth>
    <depthType>from location</depthType>
    <methodID>smi:eu.emsc-csem/origin_method/NA</methodID>
    <quality>
      <usedPhaseCount>47</usedPhaseCount>
      <usedStationCount>26</usedStationCount>
      <standardError>0.94</standardError>
      <azimuthalGap>58</azimuthalGap>
      <minimumDistance>0.42</minimumDistance>
      <maximumDistance>2.39</maximumDistance>
    </quality>
    <evaluationMode>manual</evaluationMode>
    <creationInfo>
      <agencyURI>smi:smi-registry/organization/EMSC</agencyURI>
      <authorURI>smi:smi-registry/organization/EMSC</authorURI>
    </creationInfo>
    <originUncertainty>
      <azimuthMaxHorizontalUncertainty>97</azimuthMaxHorizontalUncertainty>
    </originUncertainty>
  </origin>
  <magnitude publicID="quakeml:eu.emsc/event/19980510_0000016/origin/1495477/mag/1">
    <mag>
      <value>2.3</value>
      <uncertainty>0.3</uncertainty>
    </mag>
    <type>ML</type>
    <originID>quakeml:eu.emsc/event/19980510_0000016/origin/1495477</originID>
    <stationCount>12</stationCount>
    <creationInfo>
      <agencyURI>smi:smi-registry/organization/EMSC</agencyURI>
      <authorURI>smi:smi-registry/organization/EMSC</authorURI>
    </creationInfo>
  </magnitude>
</event>
<event publicID="quakeml:eu.emsc/event/19980510_0000005">
  <preferredOriginID>quakeml:eu.emsc/event/19980510_0000005/origin/1496027</preferredOriginID>
  <preferredMagnitudeID>quakeml:eu.emsc/event/19980510_0000005/origin/1496027/mag/2</preferredMagnitudeID>
  <creationInfo>
    <agencyURI>smi:smi-registry/organization/EMSC</agencyURI>
    <authorURI>smi:smi-registry/organization/EMSC</authorURI>
    <creationTime>2014-12-03T12:15:13.140903Z</creationTime>
  </creationInfo>
  <description>
    <text>WESTERN TURKEY</text>
    <type>Flinn-Engdahl region</type>
  </description>
  <origin publicID="quakeml:eu.emsc/event/19980510_0000005/origin/1496027">
    <time>
      <value>1998-05-10T07:38:04.2Z</value>
      <uncertainty>0.19</uncertainty>
    </time>
    <latitude>
      <value>40.3978</value>
      <uncertainty>5.8</uncertainty>
    </latitude>
    <longitude>
      <value>26.0928</value>
      <uncertainty>4.1</uncertainty>
    </longitude>
    <depth>
      <value>2000</value>
    </depth>
    <depthType>from location</depthType>
    <methodID>smi:eu.emsc-csem/origin_method/NA</methodID>
    <quality>
      <usedPhaseCount>19</usedPhaseCount>
      <usedStationCount>16</usedStationCount>
      <standardError>0.79</standardError>
      <azimuthalGap>76</azimuthalGap>
      <minimumDistance>0.5</minimumDistance>
      <maximumDistance>3.38</maximumDistance>
    </quality>
    <evaluationMode>manual</evaluationMode>
    <creationInfo>
      <agencyURI>smi:smi-registry/organization/EMSC</agencyURI>
      <authorURI>smi:smi-registry/organization/EMSC</authorURI>
    </creationInfo>
    <originUncertainty>
      <azimuthMaxHorizontalUncertainty>2</azimuthMaxHorizontalUncertainty>
    </originUncertainty>
  </origin>
  <magnitude publicID="quakeml:eu.emsc/event/19980510_0000005/origin/1496027/mag/2">
    <mag>
      <value>3.5</value>
    </mag>
    <type>ML</type>
    <originID>quakeml:eu.emsc/event/19980510_0000005/origin/1496027</originID>
    <creationInfo>
      <agencyURI>smi:smi-registry/organization/EMSC</agencyURI>
      <authorURI>smi:smi-registry/organization/EMSC</authorURI>
    </creationInfo>
  </magnitude>
</event>
<event publicID="quakeml:eu.emsc/event/19980510_0000004">
  <preferredOriginID>quakeml:eu.emsc/event/19980510_0000004/origin/1496029</preferredOriginID>
  <preferredMagnitudeID>quakeml:eu.emsc/event/19980510_0000004/origin/1496029/mag/2</preferredMagnitudeID>
  <creationInfo>
    <agencyURI>smi:smi-registry/organization/EMSC</agencyURI>
    <authorURI>smi:smi-registry/organization/EMSC</authorURI>
    <creationTime>2014-12-03T11:35:58.531605Z</creationTime>
  </creationInfo>
  <description>
    <text>CRETE, GREECE</text>
    <type>Flinn-Engdahl region</type>
  </description>
  <origin publicID="quakeml:eu.emsc/event/19980510_0000004/origin/1496029">
    <time>
      <value>1998-05-10T06:22:51.5Z</value>
      <uncertainty>0.36</uncertainty>
    </time>
    <latitude>
      <value>35.5593</value>
      <uncertainty>12.4</uncertainty>
    </latitude>
    <longitude>
      <value>25.7872</value>
      <uncertainty>9.6</uncertainty>
    </longitude>
    <depth>
      <value>5000</value>
    </depth>
    <depthType>from location</depthType>
    <methodID>smi:eu.emsc-csem/origin_method/NA</methodID>
    <quality>
      <usedPhaseCount>8</usedPhaseCount>
      <usedStationCount>8</usedStationCount>
      <standardError>0.75</standardError>
      <azimuthalGap>127</azimuthalGap>
      <minimumDistance>0.33</minimumDistance>
      <maximumDistance>3.54</maximumDistance>
    </quality>
    <evaluationMode>manual</evaluationMode>
    <creationInfo>
      <agencyURI>smi:smi-registry/organization/EMSC</agencyURI>
      <authorURI>smi:smi-registry/organization/EMSC</authorURI>
    </creationInfo>
    <originUncertainty>
      <azimuthMaxHorizontalUncertainty>137</azimuthMaxHorizontalUncertainty>
    </originUncertainty>
  </origin>
  <magnitude publicID="quakeml:eu.emsc/event/19980510_0000004/origin/1496029/mag/2">
    <mag>
      <value>3.9</value>
    </mag>
    <type>MD</type>
    <originID>quakeml:eu.emsc/event/19980510_0000004/origin/1496029</originID>
    <creationInfo>
      <agencyURI>smi:smi-registry/organization/EMSC</agencyURI>
      <authorURI>smi:smi-registry/organization/EMSC</authorURI>
    </creationInfo>
  </magnitude>
</event>
<event publicID="quakeml:eu.emsc/event/19980510_0000003">
  <preferredOriginID>quakeml:eu.emsc/event/19980510_0000003/origin/1496031</preferredOriginID>
  <preferredMagnitudeID>quakeml:eu.emsc/event/19980510_0000003/origin/1496031/mag/2</preferredMagnitudeID>
  <creationInfo>
    <agencyURI>smi:smi-registry/organization/EMSC</agencyURI>
    <authorURI>smi:smi-registry/organization/EMSC</authorURI>
    <creationTime>2014-12-03T10:30:44.438489Z</creationTime>
  </creationInfo>
  <description>
    <text>SOUTHERN GREECE</text>
    <type>Flinn-Engdahl region</type>
  </description>
  <origin publicID="quakeml:eu.emsc/event/19980510_0000003/origin/1496031">
    <time>
      <value>1998-05-10T05:16:56.7Z</value>
      <uncertainty>1.12</uncertainty>
    </time>
    <latitude>
      <value>36.3768</value>
      <uncertainty>19.9</uncertainty>
    </latitude>
    <longitude>
      <value>21.6047</value>
      <uncertainty>8.6</uncertainty>
    </longitude>
    <depth>
      <value>18500.0</value>
      <uncertainty>4.9</uncertainty>
    </depth>
    <depthType>from location</depthType>
    <methodID>smi:eu.emsc-csem/origin_method/NA</methodID>
    <quality>
      <usedPhaseCount>20</usedPhaseCount>
      <usedStationCount>16</usedStationCount>
      <standardError>0.89</standardError>
      <azimuthalGap>264</azimuthalGap>
      <minimumDistance>0.84</minimumDistance>
      <maximumDistance>4.99</maximumDistance>
    </quality>
    <evaluationMode>manual</evaluationMode>
    <creationInfo>
      <agencyURI>smi:smi-registry/organization/EMSC</agencyURI>
      <authorURI>smi:smi-registry/organization/EMSC</authorURI>
    </creationInfo>
    <originUncertainty>
      <azimuthMaxHorizontalUncertainty>20</azimuthMaxHorizontalUncertainty>
    </originUncertainty>
  </origin>
  <magnitude publicID="quakeml:eu.emsc/event/19980510_0000003/origin/1496031/mag/2">
    <mag>
      <value>3.6</value>
    </mag>
    <type>ML</type>
    <originID>quakeml:eu.emsc/event/19980510_0000003/origin/1496031</originID>
    <creationInfo>
      <agencyURI>smi:smi-registry/organization/EMSC</agencyURI>
      <authorURI>smi:smi-registry/organization/EMSC</authorURI>
    </creationInfo>
  </magnitude>
</event>
<event publicID="quakeml:eu.emsc/event/19980510_0000015">
  <preferredOriginID>quakeml:eu.emsc/event/19980510_0000015/origin/1535412</preferredOriginID>
  <preferredMagnitudeID>quakeml:eu.emsc/event/19980510_0000015/origin/1535412/mag/2</preferredMagnitudeID>
  <creationInfo>
    <agencyURI>smi:smi-registry/organization/EMSC</agencyURI>
    <authorURI>smi:smi-registry/organization/EMSC</authorURI>
    <creationTime>2014-12-10T21:58:22.728696Z</creationTime>
  </creationInfo>
  <description>
    <text>BELGIUM</text>
    <type>Flinn-Engdahl region</type>
  </description>
  <origin publicID="quakeml:eu.emsc/event/19980510_0000015/origin/1535412">
    <time>
      <value>1998-05-10T03:57:12.0Z</value>
    </time>
    <latitude>
      <value>50.372</value>
      <uncertainty>9999.9</uncertainty>
    </latitude>
    <longitude>
      <value>4.3367</value>
      <uncertainty>9999.9</uncertainty>
    </longitude>
    <depth>
      <value>19200.0</value>
    </depth>
    <depthType>from location</depthType>
    <methodID>smi:eu.emsc-csem/origin_method/NA</methodID>
    <quality>
      <usedPhaseCount>6</usedPhaseCount>
      <usedStationCount>4</usedStationCount>
      <standardError>1.47</standardError>
      <azimuthalGap>194</azimuthalGap>
      <minimumDistance>0.14</minimumDistance>
      <maximumDistance>0.32</maximumDistance>
    </quality>
    <evaluationMode>manual</evaluationMode>
    <creationInfo>
      <agencyURI>smi:smi-registry/organization/EMSC</agencyURI>
      <authorURI>smi:smi-registry/organization/EMSC</authorURI>
    </creationInfo>
    <originUncertainty>
      <azimuthMaxHorizontalUncertainty>-99</azimuthMaxHorizontalUncertainty>
    </originUncertainty>
  </origin>
  <magnitude publicID="quakeml:eu.emsc/event/19980510_0000015/origin/1535412/mag/2">
    <mag>
      <value>1.5</value>
    </mag>
    <type>ML</type>
    <originID>quakeml:eu.emsc/event/19980510_0000015/origin/1535412</originID>
    <creationInfo>
      <agencyURI>smi:smi-registry/organization/EMSC</agencyURI>
      <authorURI>smi:smi-registry/organization/EMSC</authorURI>
    </creationInfo>
  </magnitude>
</event>
<event publicID="quakeml:eu.emsc/event/19980510_0000017">
  <preferredOriginID>quakeml:eu.emsc/event/19980510_0000017/origin/1484416</preferredOriginID>
  <preferredMagnitudeID>quakeml:eu.emsc/event/19980510_0000017/origin/1484416/mag/2</preferredMagnitudeID>
  <creationInfo>
    <agencyURI>smi:smi-registry/organization/EMSC</agencyURI>
    <authorURI>smi:smi-registry/organization/EMSC</authorURI>
    <creationTime>2014-12-10T19:00:51.153966Z</creationTime>
  </creationInfo>
  <description>
    <text>FRANCE</text>
    <type>Flinn-Engdahl region</type>
  </description>
  <origin publicID="quakeml:eu.emsc/event/19980510_0000017/origin/1484416">
    <time>
      <value>1998-05-10T02:39:52.2Z</value>
    </time>
    <latitude>
      <value>45.8541</value>
      <uncertainty>9999.9</uncertainty>
    </latitude>
    <longitude>
      <value>0.1724</value>
      <uncertainty>9999.9</uncertainty>
    </longitude>
    <depth>
      <value>2000</value>
    </depth>
    <depthType>from location</depthType>
    <methodID>smi:eu.emsc-csem/origin_method/NA</methodID>
    <quality>
      <usedPhaseCount>9</usedPhaseCount>
      <usedStationCount>5</usedStationCount>
      <standardError>1</standardError>
      <azimuthalGap>187</azimuthalGap>
      <minimumDistance>0.78</minimumDistance>
      <maximumDistance>1.99</maximumDistance>
    </quality>
    <evaluationMode>manual</evaluationMode>
    <creationInfo>
      <agencyURI>smi:smi-registry/organization/EMSC</agencyURI>
      <authorURI>smi:smi-registry/organization/EMSC</authorURI>
    </creationInfo>
    <originUncertainty>
      <azimuthMaxHorizontalUncertainty>-99</azimuthMaxHorizontalUncertainty>
    </originUncertainty>
  </origin>
  <magnitude publicID="quakeml:eu.emsc/event/19980510_0000017/origin/1484416/mag/2">
    <mag>
      <value>1.8</value>
    </mag>
    <type>ML</type>
    <originID>quakeml:eu.emsc/event/19980510_0000017/origin/1484416</originID>
    <stationCount>5</stationCount>
    <creationInfo>
      <agencyURI>smi:smi-registry/organization/EMSC</agencyURI>
      <authorURI>smi:smi-registry/organization/EMSC</authorURI>
    </creationInfo>
  </magnitude>
</event>
</eventParameters>
</q:quakeml>
