<?xml version="1.0"?>
<q:quakeml xmlns:q="http://quakeml.org/xmlns/quakeml/1.2"  xmlns="http://quakeml.org/xmlns/bed/1.2">
<eventParameters publicID="smi:eu.emsc/unid">
<event publicID="quakeml:eu.emsc/event/19981231_0000010">
  <preferredOriginID>quakeml:eu.emsc/event/19981231_0000010/origin/1490747</preferredOriginID>
  <preferredMagnitudeID>quakeml:eu.emsc/event/19981231_0000010/origin/1490747/mag/2</preferredMagnitudeID>
  <creationInfo>
    <agencyURI>smi:smi-registry/organization/EMSC</agencyURI>
    <authorURI>smi:smi-registry/organization/EMSC</authorURI>
    <creationTime>2014-12-03T10:54:16.94594Z</creationTime>
  </creationInfo>
  <description>
    <text>GREECE</text>
    <type>Flinn-Engdahl region</type>
  </description>
  <origin publicID="quakeml:eu.emsc/event/19981231_0000010/origin/1490747">
    <time>
      <value>1998-12-31T22:15:16.1Z</value>
      <uncertainty>0.29</uncertainty>
    </time>
    <latitude>
      <value>39.3601</value>
      <uncertainty>6.2</uncertainty>
    </latitude>
    <longitude>
      <value>20.6774</value>
      <uncertainty>5.3</uncertainty>
    </longitude>
    <depth>
      <value>2000</value>
    </depth>
    <depthType>from location</depthType>
    <methodID>smi:eu.emsc-csem/origin_method/NA</methodID>
    <quality>
      <usedPhaseCount>20</usedPhaseCount>
      <usedStationCount>15</usedStationCount>
      <standardError>0.92</standardError>
      <azimuthalGap>114</azimuthalGap>
      <minimumDistance>0.32</minimumDistance>
      <maximumDistance>2.72</maximumDistance>
    </quality>
    <evaluationMode>manual</evaluationMode>
    <creationInfo>
      <agencyURI>smi:smi-registry/organization/EMSC</agencyURI>
      <authorURI>smi:smi-registry/organization/EMSC</authorURI>
    </creationInfo>
    <originUncertainty>
      <azimuthMaxHorizontalUncertainty>25</azimuthMaxHorizontalUncertainty>
    </originUncertainty>
  </origin>
  <magnitude publicID="quakeml:eu.emsc/event/19981231_0000010/origin/1490747/mag/2">
    <mag>
      <value>2.7</value>
    </mag>
    <type>ML</type>
    <originID>quakeml:eu.emsc/event/19981231_0000010/origin/1490747</originID>
    <creationInfo>
      <agencyURI>smi:smi-registry/organization/EMSC</agencyURI>
      <authorURI>smi:smi-registry/organization/EMSC</authorURI>
    </creationInfo>
  </magnitude>
</event>
<event publicID="quakeml:eu.emsc/event/19981231_0000014">
  <preferredOriginID>quakeml:eu.emsc/event/19981231_0000014/origin/1481748</preferredOriginID>
  <preferredMagnitudeID>quakeml:eu.emsc/event/19981231_0000014/origin/1481748/mag/2</preferredMagnitudeID>
  <creationInfo>
    <agencyURI>smi:smi-registry/organization/EMSC</agencyURI>
    <authorURI>smi:smi-registry/organization/EMSC</authorURI>
    <creationTime>2014-12-10T13:00:00.912722Z</creationTime>
  </creationInfo>
  <description>
    <text>PYRENEES</text>
    <type>Flinn-Engdahl region</type>
  </description>
  <origin publicID="quakeml:eu.emsc/event/19981231_0000014/origin/1481748">
    <time>
      <value>1998-12-31T18:25:09.2Z</value>
    </time>
    <latitude>
      <value>42.99</value>
      <uncertainty>9999.9</uncertainty>
    </latitude>
    <longitude>
      <value>0.22</value>
      <uncertainty>9999.9</uncertainty>
    </longitude>
    <depth>
      <value>2000</value>
    </depth>
    <depthType>from location</depthType>
    <methodID>smi:eu.emsc-csem/origin_method/NA</methodID>
    <quality>
      <usedPhaseCount>8</usedPhaseCount>
      <usedStationCount>4</usedStationCount>
      <standardError>0.62</standardError>
      <azimuthalGap>187</azimuthalGap>
      <minimumDistance>0.18</minimumDistance>
      <maximumDistance>0.75</maximumDistance>
    </quality>
    <evaluationMode>manual</evaluationMode>
    <creationInfo>
      <agencyURI>smi:smi-registry/organization/EMSC</agencyURI>
      <authorURI>smi:smi-registry/organization/EMSC</authorURI>
    </creationInfo>
    <originUncertainty>
      <azimuthMaxHorizontalUncertainty>-99</azimuthMaxHorizontalUncertainty>
    </originUncertainty>
  </origin>
  <magnitude publicID="quakeml:eu.emsc/event/19981231_0000014/origin/1481748/mag/2">
    <mag>
      <value>2.8</value>
    </mag>
    <type>ML</type>
    <originID>quakeml:eu.emsc/event/19981231_0000014/origin/1481748</originID>
    <creationInfo>
      <agencyURI>smi:smi-registry/organization/EMSC</agencyURI>
      <authorURI>smi:smi-registry/organization/EMSC</authorURI>
    </creationInfo>
  </magnitude>
</event>
<event publicID="quakeml:eu.emsc/event/19981231_0000009">
  <preferredOriginID>quakeml:eu.emsc/event/19981231_0000009/origin/1490750</preferredOriginID>
  <preferredMagnitudeID>quakeml:eu.emsc/event/19981231_0000009/origin/1490750/mag/2</preferredMagnitudeID>
  <creationInfo>
    <agencyURI>smi:smi-registry/organization/EMSC</agencyURI>
    <authorURI>smi:smi-registry/organization/EMSC</authorURI>
    <creationTime>2014-12-03T12:03:19.458739Z</creationTime>
  </creationInfo>
  <description>
    <text>NEAR THE COAST OF WESTERN TURKEY</text>
    <type>Flinn-Engdahl region</type>
  </description>
  <origin publicID="quakeml:eu.emsc/event/19981231_0000009/origin/1490750">
    <time>
      <value>1998-12-31T17:44:03.6Z</value>
      <uncertainty>0.3</uncertainty>
    </time>
    <latitude>
      <value>38.6896</value>
      <uncertainty>12.3</uncertainty>
    </latitude>
    <longitude>
      <value>26.6007</value>
      <uncertainty>4.8</uncertainty>
    </longitude>
    <depth>
      <value>5000</value>
    </depth>
    <depthType>from location</depthType>
    <methodID>smi:eu.emsc-csem/origin_method/NA</methodID>
    <quality>
      <usedPhaseCount>18</usedPhaseCount>
      <usedStationCount>17</usedStationCount>
      <standardError>0.62</standardError>
      <azimuthalGap>175</azimuthalGap>
      <minimumDistance>0.61</minimumDistance>
      <maximumDistance>34.18</maximumDistance>
    </quality>
    <evaluationMode>manual</evaluationMode>
    <creationInfo>
      <agencyURI>smi:smi-registry/organization/EMSC</agencyURI>
      <authorURI>smi:smi-registry/organization/EMSC</authorURI>
    </creationInfo>
    <originUncertainty>
      <azimuthMaxHorizontalUncertainty>78</azimuthMaxHorizontalUncertainty>
    </originUncertainty>
  </origin>
  <magnitude publicID="quakeml:eu.emsc/event/19981231_0000009/origin/1490750/mag/2">
    <mag>
      <value>3.8</value>
    </mag>
    <type>ML</type>
    <originID>quakeml:eu.emsc/event/19981231_0000009/origin/1490750</originID>
    <creationInfo>
      <agencyURI>smi:smi-registry/organization/EMSC</agencyURI>
      <authorURI>smi:smi-registry/organization/EMSC</authorURI>
    </creationInfo>
  </magnitude>
</event>
<event publicID="quakeml:eu.emsc/event/19981231_0000013">
  <preferredOriginID>quakeml:eu.emsc/event/19981231_0000013/origin/1481750</preferredOriginID>
  <preferredMagnitudeID>quakeml:eu.emsc/event/19981231_0000013/origin/1481750/mag/2</preferredMagnitudeID>
  <creationInfo>
    <agencyURI>smi:smi-registry/organization/EMSC</agencyURI>
    <authorURI>smi:smi-registry/organization/EMSC</authorURI>
    <creationTime>2014-12-10T13:00:00.448484Z</creationTime>
  </creationInfo>
  <description>
    <text>FRANCE</text>
    <type>Flinn-Engdahl region</type>
  </description>
  <origin publicID="quakeml:eu.emsc/event/19981231_0000013/origin/1481750">
    <time>
      <value>1998-12-31T17:41:04.7Z</value>
    </time>
    <latitude>
      <value>43.09</value>
      <uncertainty>9999.9</uncertainty>
    </latitude>
    <longitude>
      <value>0.98</value>
      <uncertainty>9999.9</uncertainty>
    </longitude>
    <depth>
      <value>2000</value>
    </depth>
    <depthType>from location</depthType>
    <methodID>smi:eu.emsc-csem/origin_method/NA</methodID>
    <quality>
      <usedPhaseCount>8</usedPhaseCount>
      <usedStationCount>4</usedStationCount>
      <standardError>35.75</standardError>
      <azimuthalGap>352</azimuthalGap>
      <minimumDistance>1.23</minimumDistance>
      <maximumDistance>1.65</maximumDistance>
    </quality>
    <evaluationMode>manual</evaluationMode>
    <creationInfo>
      <agencyURI>smi:smi-registry/organization/EMSC</agencyURI>
      <authorURI>smi:smi-registry/organization/EMSC</authorURI>
    </creationInfo>
    <originUncertainty>
      <azimuthMaxHorizontalUncertainty>-99</azimuthMaxHorizontalUncertainty>
    </originUncertainty>
  </origin>
  <magnitude publicID="quakeml:eu.emsc/event/19981231_0000013/origin/1481750/mag/2">
    <mag>
      <value>2.3</value>
    </mag>
    <type>ML</type>
    <originID>quakeml:eu.emsc/event/19981231_0000013/origin/1481750</originID>
    <creationInfo>
      <agencyURI>smi:smi-registry/organization/EMSC</agencyURI>
      <authorURI>smi:smi-registry/organization/EMSC</authorURI>
    </creationInfo>
  </magnitude>
</event>
<event publicID="quakeml:eu.emsc/event/19981231_0000008">
  <preferredOriginID>quakeml:eu.emsc/event/19981231_0000008/origin/1481752</preferredOriginID>
  <preferredMagnitudeID>quakeml:eu.emsc/event/19981231_0000008/origin/1481752/mag/2</preferredMagnitudeID>
  <creationInfo>
    <agencyURI>smi:smi-registry/organization/EMSC</agencyURI>
    <authorURI>smi:smi-registry/organization/EMSC</authorURI>
    <creationTime>2014-12-11T04:14:59.198003Z</creationTime>
  </creationInfo>
  <description>
    <text>NEAR THE COAST OF WESTERN TURKEY</text>
    <type>Flinn-Engdahl region</type>
  </description>
  <origin publicID="quakeml:eu.emsc/event/19981231_0000008/origin/1481752">
    <time>
      <value>1998-12-31T16:01:25.3Z</value>
    </time>
    <latitude>
      <value>39.41</value>
      <uncertainty>9999.9</uncertainty>
    </latitude>
    <longitude>
      <value>26.729</value>
      <uncertainty>9999.9</uncertainty>
    </longitude>
    <depth>
      <value>10000</value>
    </depth>
    <depthType>from location</depthType>
    <methodID>smi:eu.emsc-csem/origin_method/NA</methodID>
    <quality>
      <usedPhaseCount>5</usedPhaseCount>
      <usedStationCount>4</usedStationCount>
      <standardError>2.24</standardError>
      <azimuthalGap>245</azimuthalGap>
      <minimumDistance>1.09</minimumDistance>
      <maximumDistance>2.31</maximumDistance>
    </quality>
    <evaluationMode>manual</evaluationMode>
    <creationInfo>
      <agencyURI>smi:smi-registry/organization/EMSC</agencyURI>
      <authorURI>smi:smi-registry/organization/EMSC</authorURI>
    </creationInfo>
    <originUncertainty>
      <azimuthMaxHorizontalUncertainty>-99</azimuthMaxHorizontalUncertainty>
    </originUncertainty>
  </origin>
  <magnitude publicID="quakeml:eu.emsc/event/19981231_0000008/origin/1481752/mag/2">
    <mag>
      <value>3</value>
    </mag>
    <type>MD</type>
    <originID>quakeml:eu.emsc/event/19981231_0000008/origin/1481752</originID>
    <creationInfo>
      <agencyURI>smi:smi-registry/organization/EMSC</agencyURI>
      <authorURI>smi:smi-registry/organization/EMSC</authorURI>
    </creationInfo>
  </magnitude>
</event>
<event publicID="quakeml:eu.emsc/event/19981231_0000012">
  <preferredOriginID>quakeml:eu.emsc/event/19981231_0000012/origin/1481754</preferredOriginID>
  <preferredMagnitudeID>quakeml:eu.emsc/event/19981231_0000012/origin/1481754/mag/2</preferredMagnitudeID>
  <creationInfo>
    <agencyURI>smi:smi-registry/organization/EMSC</agencyURI>
    <authorURI>smi:smi-registry/organization/EMSC</authorURI>
    <creationTime>2014-12-10T12:57:27.951193Z</creationTime>
  </creationInfo>
  <description>
    <text>NORTHERN ITALY</text>
    <type>Flinn-Engdahl region</type>
  </description>
  <origin publicID="quakeml:eu.emsc/event/19981231_0000012/origin/1481754">
    <time>
      <value>1998-12-31T14:23:42.2Z</value>
    </time>
    <latitude>
      <value>44.5472</value>
      <uncertainty>9999.9</uncertainty>
    </latitude>
    <longitude>
      <value>7.4305</value>
      <uncertainty>9999.9</uncertainty>
    </longitude>
    <depth>
      <value>18900.0</value>
    </depth>
    <depthType>from location</depthType>
    <methodID>smi:eu.emsc-csem/origin_method/NA</methodID>
    <quality>
      <usedPhaseCount>22</usedPhaseCount>
      <usedStationCount>11</usedStationCount>
      <standardError>7.18</standardError>
      <azimuthalGap>115</azimuthalGap>
      <minimumDistance>0.3</minimumDistance>
      <maximumDistance>0.8</maximumDistance>
    </quality>
    <evaluationMode>manual</evaluationMode>
    <creationInfo>
      <agencyURI>smi:smi-registry/organization/EMSC</agencyURI>
      <authorURI>smi:smi-registry/organization/EMSC</authorURI>
    </creationInfo>
    <originUncertainty>
      <azimuthMaxHorizontalUncertainty>-99</azimuthMaxHorizontalUncertainty>
    </originUncertainty>
  </origin>
  <magnitude publicID="quakeml:eu.emsc/event/19981231_0000012/origin/1481754/mag/2">
    <mag>
      <value>2.2</value>
    </mag>
    <type>ML</type>
    <originID>quakeml:eu.emsc/event/19981231_0000012/origin/1481754</originID>
    <creationInfo>
      <agencyURI>smi:smi-registry/organization/EMSC</agencyURI>
      <authorURI>smi:smi-registry/organization/EMSC</authorURI>
    </creationInfo>
  </magnitude>
</event>
<event publicID="quakeml:eu.emsc/event/19981231_0000007">
  <preferredOriginID>quakeml:eu.emsc/event/19981231_0000007/origin/1490753</preferredOriginID>
  <creationInfo>
    <agencyURI>smi:smi-registry/organization/EMSC</agencyURI>
    <authorURI>smi:smi-registry/organization/EMSC</authorURI>
    <creationTime>2014-12-03T10:54:17.50311Z</creationTime>
  </creationInfo>
  <description>
    <text>POLAND</text>
    <type>Flinn-Engdahl region</type>
  </description>
  <origin publicID="quakeml:eu.emsc/event/19981231_0000007/origin/1490753">
    <time>
      <value>1998-12-31T11:21:31.8Z</value>
      <uncertainty>0.37</uncertainty>
    </time>
    <latitude>
      <value>51.5281</value>
      <uncertainty>7.6</uncertainty>
    </latitude>
    <longitude>
      <value>16.0813</value>
      <uncertainty>4.6</uncertainty>
    </longitude>
    <depth>
      <value>2000</value>
    </depth>
    <depthType>from location</depthType>
    <methodID>smi:eu.emsc-csem/origin_method/NA</methodID>
    <quality>
      <usedPhaseCount>19</usedPhaseCount>
      <usedStationCount>12</usedStationCount>
      <standardError>0.75</standardError>
      <azimuthalGap>223</azimuthalGap>
      <minimumDistance>0.7</minimumDistance>
      <maximumDistance>3.87</maximumDistance>
    </quality>
    <evaluationMode>manual</evaluationMode>
    <creationInfo>
      <agencyURI>smi:smi-registry/organization/EMSC</agencyURI>
      <authorURI>smi:smi-registry/organization/EMSC</authorURI>
    </creationInfo>
    <originUncertainty>
      <azimuthMaxHorizontalUncertainty>179</azimuthMaxHorizontalUncertainty>
    </originUncertainty>
  </origin>
</event>
<event publicID="quakeml:eu.emsc/event/19981231_0000005">
  <preferredOriginID>quakeml:eu.emsc/event/19981231_0000005/origin/1490756</preferredOriginID>
  <preferredMagnitudeID>quakeml:eu.emsc/event/19981231_0000005/origin/1490756/mag/2</preferredMagnitudeID>
  <creationInfo>
    <agencyURI>smi:smi-registry/organization/EMSC</agencyURI>
    <authorURI>smi:smi-registry/organization/EMSC</authorURI>
    <creationTime>2014-12-03T11:31:32.17566Z</creationTime>
  </creationInfo>
  <description>
    <text>GREECE</text>
    <type>Flinn-Engdahl region</type>
  </description>
  <origin publicID="quakeml:eu.emsc/event/19981231_0000005/origin/1490756">
    <time>
      <value>1998-12-31T07:46:27.1Z</value>
      <uncertainty>0.27</uncertainty>
    </time>
    <latitude>
      <value>40.1726</value>
      <uncertainty>6.3</uncertainty>
    </latitude>
    <longitude>
      <value>21.7187</value>
      <uncertainty>5.3</uncertainty>
    </longitude>
    <depth>
      <value>10000</value>
    </depth>
    <depthType>from location</depthType>
    <methodID>smi:eu.emsc-csem/origin_method/NA</methodID>
    <quality>
      <usedPhaseCount>18</usedPhaseCount>
      <usedStationCount>13</usedStationCount>
      <standardError>1.35</standardError>
      <azimuthalGap>90</azimuthalGap>
      <minimumDistance>0.14</minimumDistance>
      <maximumDistance>2.18</maximumDistance>
    </quality>
    <evaluationMode>manual</evaluationMode>
    <creationInfo>
      <agencyURI>smi:smi-registry/organization/EMSC</agencyURI>
      <authorURI>smi:smi-registry/organization/EMSC</authorURI>
    </creationInfo>
    <originUncertainty>
      <azimuthMaxHorizontalUncertainty>92</azimuthMaxHorizontalUncertainty>
    </originUncertainty>
  </origin>
  <magnitude publicID="quakeml:eu.emsc/event/19981231_0000005/origin/1490756/mag/2">
    <mag>
      <value>3.1</value>
    </mag>
    <type>MD</type>
    <originID>quakeml:eu.emsc/event/19981231_0000005/origin/1490756</originID>
    <creationInfo>
      <agencyURI>smi:smi-registry/organization/EMSC</agencyURI>
      <authorURI>smi:smi-registry/organization/EMSC</authorURI>
    </creationInfo>
  </magnitude>
</event>
<event publicID="quakeml:eu.emsc/event/19981231_0000004">
  <preferredOriginID>quakeml:eu.emsc/event/19981231_0000004/origin/1490760</preferredOriginID>
  <preferredMagnitudeID>quakeml:eu.emsc/event/19981231_0000004/origin/1490760/mag/2</preferredMagnitudeID>
  <creationInfo>
    <agencyURI>smi:smi-registry/organization/EMSC</agencyURI>
    <authorURI>smi:smi-registry/organization/EMSC</authorURI>
    <creationTime>2014-12-03T10:42:30.271831Z</creationTime>
  </creationInfo>
  <description>
    <text>SOUTHERN GREECE</text>
    <type>Flinn-Engdahl region</type>
  </description>
  <origin publicID="quakeml:eu.emsc/event/19981231_0000004/origin/1490760">
    <time>
      <value>1998-12-31T05:21:30.3Z</value>
      <uncertainty>0.37</uncertainty>
    </time>
    <latitude>
      <value>36.3168</value>
      <uncertainty>9.5</uncertainty>
    </latitude>
    <longitude>
      <value>21.9366</value>
      <uncertainty>6.4</uncertainty>
    </longitude>
    <depth>
      <value>10000</value>
    </depth>
    <depthType>from location</depthType>
    <methodID>smi:eu.emsc-csem/origin_method/NA</methodID>
    <quality>
      <usedPhaseCount>30</usedPhaseCount>
      <usedStationCount>27</usedStationCount>
      <standardError>1.07</standardError>
      <azimuthalGap>163</azimuthalGap>
      <minimumDistance>2.05</minimumDistance>
      <maximumDistance>13.9</maximumDistance>
    </quality>
    <evaluationMode>manual</evaluationMode>
    <creationInfo>
      <agencyURI>smi:smi-registry/organization/EMSC</agencyURI>
      <authorURI>smi:smi-registry/organization/EMSC</authorURI>
    </creationInfo>
    <originUncertainty>
      <azimuthMaxHorizontalUncertainty>15</azimuthMaxHorizontalUncertainty>
    </originUncertainty>
  </origin>
  <magnitude publicID="quakeml:eu.emsc/event/19981231_0000004/origin/1490760/mag/2">
    <mag>
      <value>3.8</value>
    </mag>
    <type>ML</type>
    <originID>quakeml:eu.emsc/event/19981231_0000004/origin/1490760</originID>
    <creationInfo>
      <agencyURI>smi:smi-registry/organization/EMSC</agencyURI>
      <authorURI>smi:smi-registry/organization/EMSC</authorURI>
    </creationInfo>
  </magnitude>
</event>
<event publicID="quakeml:eu.emsc/event/19981231_0000003">
  <preferredOriginID>quakeml:eu.emsc/event/19981231_0000003/origin/1490763</preferredOriginID>
  <preferredMagnitudeID>quakeml:eu.emsc/event/19981231_0000003/origin/1490763/mag/2</preferredMagnitudeID>
  <creationInfo>
    <agencyURI>smi:smi-registry/organization/EMSC</agencyURI>
    <authorURI>smi:smi-registry/organization/EMSC</authorURI>
    <creationTime>2014-12-03T10:40:26.607537Z</creationTime>
  </creationInfo>
  <description>
    <text>SOUTHERN GREECE</text>
    <type>Flinn-Engdahl region</type>
  </description>
  <origin publicID="quakeml:eu.emsc/event/19981231_0000003/origin/1490763">
    <time>
      <value>1998-12-31T04:12:39.7Z</value>
      <uncertainty>0.81</uncertainty>
    </time>
    <latitude>
      <value>36.5867</value>
      <uncertainty>18.6</uncertainty>
    </latitude>
    <longitude>
      <value>21.7548</value>
      <uncertainty>10.1</uncertainty>
    </longitude>
    <depth>
      <value>2000</value>
    </depth>
    <depthType>from location</depthType>
    <methodID>smi:eu.emsc-csem/origin_method/NA</methodID>
    <quality>
      <usedPhaseCount>10</usedPhaseCount>
      <usedStationCount>8</usedStationCount>
      <standardError>0.94</standardError>
      <azimuthalGap>210</azimuthalGap>
      <minimumDistance>0.61</minimumDistance>
      <maximumDistance>3.15</maximumDistance>
    </quality>
    <evaluationMode>manual</evaluationMode>
    <creationInfo>
      <agencyURI>smi:smi-registry/organization/EMSC</agencyURI>
      <authorURI>smi:smi-registry/organization/EMSC</authorURI>
    </creationInfo>
    <originUncertainty>
      <azimuthMaxHorizontalUncertainty>47</azimuthMaxHorizontalUncertainty>
    </originUncertainty>
  </origin>
  <magnitude publicID="quakeml:eu.emsc/event/19981231_0000003/origin/1490763/mag/2">
    <mag>
      <value>3.5</value>
    </mag>
    <type>ML</type>
    <originID>quakeml:eu.emsc/event/19981231_0000003/origin/1490763</originID>
    <creationInfo>
      <agencyURI>smi:smi-registry/organization/EMSC</agencyURI>
      <authorURI>smi:smi-registry/organization/EMSC</authorURI>
    </creationInfo>
  </magnitude>
</event>
<event publicID="quakeml:eu.emsc/event/19981231_0000001">
  <preferredOriginID>quakeml:eu.emsc/event/19981231_0000001/origin/1490768</preferredOriginID>
  <preferredMagnitudeID>quakeml:eu.emsc/event/19981231_0000001/origin/1490768/mag/2</preferredMagnitudeID>
  <creationInfo>
    <agencyURI>smi:smi-registry/organization/EMSC</agencyURI>
    <authorURI>smi:smi-registry/organization/EMSC</authorURI>
    <creationTime>2014-12-03T11:05:35.825213Z</creationTime>
  </creationInfo>
  <description>
    <text>SERBIA</text>
    <type>Flinn-Engdahl region</type>
  </description>
  <origin publicID="quakeml:eu.emsc/event/19981231_0000001/origin/1490768">
    <time>
      <value>1998-12-31T00:12:44.1Z</value>
      <uncertainty>0.08</uncertainty>
    </time>
    <latitude>
      <value>44.1754</value>
      <uncertainty>2.4</uncertainty>
    </latitude>
    <longitude>
      <value>20.1456</value>
      <uncertainty>1.8</uncertainty>
    </longitude>
    <depth>
      <value>2000</value>
    </depth>
    <depthType>from location</depthType>
    <methodID>smi:eu.emsc-csem/origin_method/NA</methodID>
    <quality>
      <usedPhaseCount>119</usedPhaseCount>
      <usedStationCount>104</usedStationCount>
      <standardError>0.79</standardError>
      <azimuthalGap>48</azimuthalGap>
      <minimumDistance>0.17</minimumDistance>
      <maximumDistance>17.71</maximumDistance>
    </quality>
    <evaluationMode>manual</evaluationMode>
    <creationInfo>
      <agencyURI>smi:smi-registry/organization/EMSC</agencyURI>
      <authorURI>smi:smi-registry/organization/EMSC</authorURI>
    </creationInfo>
    <originUncertainty>
      <azimuthMaxHorizontalUncertainty>50</azimuthMaxHorizontalUncertainty>
    </originUncertainty>
  </origin>
  <magnitude publicID="quakeml:eu.emsc/event/19981231_0000001/origin/1490768/mag/2">
    <mag>
      <value>3.6</value>
    </mag>
    <type>mb</type>
    <originID>quakeml:eu.emsc/event/19981231_0000001/origin/1490768</originID>
    <creationInfo>
      <agencyURI>smi:smi-registry/organization/EMSC</agencyURI>
      <authorURI>smi:smi-registry/organization/EMSC</authorURI>
    </creationInfo>
  </magnitude>
</event>
</eventParameters>
</q:quakeml>
