<?xml version="1.0"?>
<q:quakeml xmlns:q="http://quakeml.org/xmlns/quakeml/1.2"  xmlns="http://quakeml.org/xmlns/bed/1.2">
<eventParameters publicID="smi:eu.emsc/unid">
<event publicID="quakeml:eu.emsc/event/19980928_0000011">
  <preferredOriginID>quakeml:eu.emsc/event/19980928_0000011/origin/1482732</preferredOriginID>
  <preferredMagnitudeID>quakeml:eu.emsc/event/19980928_0000011/origin/1482732/mag/2</preferredMagnitudeID>
  <creationInfo>
    <agencyURI>smi:smi-registry/organization/EMSC</agencyURI>
    <authorURI>smi:smi-registry/organization/EMSC</authorURI>
    <creationTime>2014-12-10T22:22:58.986255Z</creationTime>
  </creationInfo>
  <description>
    <text>WESTERN TURKEY</text>
    <type>Flinn-Engdahl region</type>
  </description>
  <origin publicID="quakeml:eu.emsc/event/19980928_0000011/origin/1482732">
    <time>
      <value>1998-09-28T21:48:35.1Z</value>
    </time>
    <latitude>
      <value>38.013</value>
      <uncertainty>9999.9</uncertainty>
    </latitude>
    <longitude>
      <value>29.159</value>
      <uncertainty>9999.9</uncertainty>
    </longitude>
    <depth>
      <value>8000</value>
    </depth>
    <depthType>from location</depthType>
    <methodID>smi:eu.emsc-csem/origin_method/NA</methodID>
    <quality>
      <usedPhaseCount>9</usedPhaseCount>
      <usedStationCount>7</usedStationCount>
      <standardError>0.73</standardError>
      <azimuthalGap>130</azimuthalGap>
      <minimumDistance>0.43</minimumDistance>
      <maximumDistance>2.56</maximumDistance>
    </quality>
    <evaluationMode>manual</evaluationMode>
    <creationInfo>
      <agencyURI>smi:smi-registry/organization/EMSC</agencyURI>
      <authorURI>smi:smi-registry/organization/EMSC</authorURI>
    </creationInfo>
    <originUncertainty>
      <azimuthMaxHorizontalUncertainty>-99</azimuthMaxHorizontalUncertainty>
    </originUncertainty>
  </origin>
  <magnitude publicID="quakeml:eu.emsc/event/19980928_0000011/origin/1482732/mag/2">
    <mag>
      <value>3.2</value>
    </mag>
    <type>MD</type>
    <originID>quakeml:eu.emsc/event/19980928_0000011/origin/1482732</originID>
    <creationInfo>
      <agencyURI>smi:smi-registry/organization/EMSC</agencyURI>
      <authorURI>smi:smi-registry/organization/EMSC</authorURI>
    </creationInfo>
  </magnitude>
</event>
<event publicID="quakeml:eu.emsc/event/19980928_0000019">
  <preferredOriginID>quakeml:eu.emsc/event/19980928_0000019/origin/1482734</preferredOriginID>
  <creationInfo>
    <agencyURI>smi:smi-registry/organization/EMSC</agencyURI>
    <authorURI>smi:smi-registry/organization/EMSC</authorURI>
    <creationTime>2014-12-10T19:03:37.14432Z</creationTime>
  </creationInfo>
  <description>
    <text>GERMANY</text>
    <type>Flinn-Engdahl region</type>
  </description>
  <origin publicID="quakeml:eu.emsc/event/19980928_0000019/origin/1482734">
    <time>
      <value>1998-09-28T19:30:24.5Z</value>
    </time>
    <latitude>
      <value>51.72</value>
      <uncertainty>9999.9</uncertainty>
    </latitude>
    <longitude>
      <value>7.89</value>
      <uncertainty>9999.9</uncertainty>
    </longitude>
    <depth>
      <value>1000</value>
    </depth>
    <depthType>from location</depthType>
    <methodID>smi:eu.emsc-csem/origin_method/NA</methodID>
    <quality>
      <usedPhaseCount>10</usedPhaseCount>
      <usedStationCount>5</usedStationCount>
      <standardError>1.42</standardError>
      <azimuthalGap>209</azimuthalGap>
      <minimumDistance>0.48</minimumDistance>
      <maximumDistance>2.58</maximumDistance>
    </quality>
    <evaluationMode>manual</evaluationMode>
    <creationInfo>
      <agencyURI>smi:smi-registry/organization/EMSC</agencyURI>
      <authorURI>smi:smi-registry/organization/EMSC</authorURI>
    </creationInfo>
    <originUncertainty>
      <azimuthMaxHorizontalUncertainty>-99</azimuthMaxHorizontalUncertainty>
    </originUncertainty>
  </origin>
</event>
<event publicID="quakeml:eu.emsc/event/19980928_0000010">
  <preferredOriginID>quakeml:eu.emsc/event/19980928_0000010/origin/1492569</preferredOriginID>
  <preferredMagnitudeID>quakeml:eu.emsc/event/19980928_0000010/origin/1492569/mag/1</preferredMagnitudeID>
  <creationInfo>
    <agencyURI>smi:smi-registry/organization/EMSC</agencyURI>
    <authorURI>smi:smi-registry/organization/EMSC</authorURI>
    <creationTime>2014-12-03T10:22:07.51139Z</creationTime>
  </creationInfo>
  <description>
    <text>NORTHWESTERN IRAN</text>
    <type>Flinn-Engdahl region</type>
  </description>
  <origin publicID="quakeml:eu.emsc/event/19980928_0000010/origin/1492569">
    <time>
      <value>1998-09-28T17:26:32.2Z</value>
      <uncertainty>0.24</uncertainty>
    </time>
    <latitude>
      <value>36.5274</value>
      <uncertainty>11.1</uncertainty>
    </latitude>
    <longitude>
      <value>48.7173</value>
      <uncertainty>6.5</uncertainty>
    </longitude>
    <depth>
      <value>60000</value>
    </depth>
    <depthType>from location</depthType>
    <methodID>smi:eu.emsc-csem/origin_method/NA</methodID>
    <quality>
      <usedPhaseCount>43</usedPhaseCount>
      <usedStationCount>42</usedStationCount>
      <standardError>1.08</standardError>
      <azimuthalGap>104</azimuthalGap>
      <minimumDistance>2.45</minimumDistance>
      <maximumDistance>57.08</maximumDistance>
    </quality>
    <evaluationMode>manual</evaluationMode>
    <creationInfo>
      <agencyURI>smi:smi-registry/organization/EMSC</agencyURI>
      <authorURI>smi:smi-registry/organization/EMSC</authorURI>
    </creationInfo>
    <originUncertainty>
      <azimuthMaxHorizontalUncertainty>12</azimuthMaxHorizontalUncertainty>
    </originUncertainty>
  </origin>
  <magnitude publicID="quakeml:eu.emsc/event/19980928_0000010/origin/1492569/mag/1">
    <mag>
      <value>4.6</value>
      <uncertainty>0.3</uncertainty>
    </mag>
    <type>mb</type>
    <originID>quakeml:eu.emsc/event/19980928_0000010/origin/1492569</originID>
    <stationCount>17</stationCount>
    <creationInfo>
      <agencyURI>smi:smi-registry/organization/EMSC</agencyURI>
      <authorURI>smi:smi-registry/organization/EMSC</authorURI>
    </creationInfo>
  </magnitude>
</event>
<event publicID="quakeml:eu.emsc/event/19980928_0000009">
  <preferredOriginID>quakeml:eu.emsc/event/19980928_0000009/origin/1491882</preferredOriginID>
  <preferredMagnitudeID>quakeml:eu.emsc/event/19980928_0000009/origin/1491882/mag/1</preferredMagnitudeID>
  <creationInfo>
    <agencyURI>smi:smi-registry/organization/EMSC</agencyURI>
    <authorURI>smi:smi-registry/organization/EMSC</authorURI>
    <creationTime>2014-12-03T10:54:14.185384Z</creationTime>
  </creationInfo>
  <description>
    <text>DODECANESE ISLANDS, GREECE</text>
    <type>Flinn-Engdahl region</type>
  </description>
  <origin publicID="quakeml:eu.emsc/event/19980928_0000009/origin/1491882">
    <time>
      <value>1998-09-28T16:53:12.2Z</value>
      <uncertainty>0.35</uncertainty>
    </time>
    <latitude>
      <value>35.3447</value>
      <uncertainty>12.4</uncertainty>
    </latitude>
    <longitude>
      <value>27.2674</value>
      <uncertainty>7.2</uncertainty>
    </longitude>
    <depth>
      <value>40000</value>
    </depth>
    <depthType>from location</depthType>
    <methodID>smi:eu.emsc-csem/origin_method/NA</methodID>
    <quality>
      <usedPhaseCount>29</usedPhaseCount>
      <usedStationCount>29</usedStationCount>
      <standardError>1.09</standardError>
      <azimuthalGap>167</azimuthalGap>
      <minimumDistance>1.12</minimumDistance>
      <maximumDistance>34.26</maximumDistance>
    </quality>
    <evaluationMode>manual</evaluationMode>
    <creationInfo>
      <agencyURI>smi:smi-registry/organization/EMSC</agencyURI>
      <authorURI>smi:smi-registry/organization/EMSC</authorURI>
    </creationInfo>
    <originUncertainty>
      <azimuthMaxHorizontalUncertainty>19</azimuthMaxHorizontalUncertainty>
    </originUncertainty>
  </origin>
  <magnitude publicID="quakeml:eu.emsc/event/19980928_0000009/origin/1491882/mag/1">
    <mag>
      <value>4.1</value>
      <uncertainty>0.3</uncertainty>
    </mag>
    <type>mb</type>
    <originID>quakeml:eu.emsc/event/19980928_0000009/origin/1491882</originID>
    <stationCount>5</stationCount>
    <creationInfo>
      <agencyURI>smi:smi-registry/organization/EMSC</agencyURI>
      <authorURI>smi:smi-registry/organization/EMSC</authorURI>
    </creationInfo>
  </magnitude>
</event>
<event publicID="quakeml:eu.emsc/event/19980928_0000008">
  <preferredOriginID>quakeml:eu.emsc/event/19980928_0000008/origin/1491885</preferredOriginID>
  <preferredMagnitudeID>quakeml:eu.emsc/event/19980928_0000008/origin/1491885/mag/2</preferredMagnitudeID>
  <creationInfo>
    <agencyURI>smi:smi-registry/organization/EMSC</agencyURI>
    <authorURI>smi:smi-registry/organization/EMSC</authorURI>
    <creationTime>2014-12-03T10:44:31.358615Z</creationTime>
  </creationInfo>
  <description>
    <text>ROMANIA</text>
    <type>Flinn-Engdahl region</type>
  </description>
  <origin publicID="quakeml:eu.emsc/event/19980928_0000008/origin/1491885">
    <time>
      <value>1998-09-28T16:42:48.1Z</value>
      <uncertainty>0.44</uncertainty>
    </time>
    <latitude>
      <value>45.7168</value>
      <uncertainty>6.7</uncertainty>
    </latitude>
    <longitude>
      <value>26.6548</value>
      <uncertainty>4.7</uncertainty>
    </longitude>
    <depth>
      <value>82100.0</value>
      <uncertainty>4</uncertainty>
    </depth>
    <depthType>from location</depthType>
    <methodID>smi:eu.emsc-csem/origin_method/NA</methodID>
    <quality>
      <usedPhaseCount>14</usedPhaseCount>
      <usedStationCount>7</usedStationCount>
      <standardError>0.55</standardError>
      <azimuthalGap>132</azimuthalGap>
      <minimumDistance>0.16</minimumDistance>
      <maximumDistance>1.5</maximumDistance>
    </quality>
    <evaluationMode>manual</evaluationMode>
    <creationInfo>
      <agencyURI>smi:smi-registry/organization/EMSC</agencyURI>
      <authorURI>smi:smi-registry/organization/EMSC</authorURI>
    </creationInfo>
    <originUncertainty>
      <azimuthMaxHorizontalUncertainty>163</azimuthMaxHorizontalUncertainty>
    </originUncertainty>
  </origin>
  <magnitude publicID="quakeml:eu.emsc/event/19980928_0000008/origin/1491885/mag/2">
    <mag>
      <value>3</value>
    </mag>
    <type>MD</type>
    <originID>quakeml:eu.emsc/event/19980928_0000008/origin/1491885</originID>
    <stationCount>6</stationCount>
    <creationInfo>
      <agencyURI>smi:smi-registry/organization/EMSC</agencyURI>
      <authorURI>smi:smi-registry/organization/EMSC</authorURI>
    </creationInfo>
  </magnitude>
</event>
<event publicID="quakeml:eu.emsc/event/19980928_0000017">
  <preferredOriginID>quakeml:eu.emsc/event/19980928_0000017/origin/1491623</preferredOriginID>
  <preferredMagnitudeID>quakeml:eu.emsc/event/19980928_0000017/origin/1491623/mag/1</preferredMagnitudeID>
  <creationInfo>
    <agencyURI>smi:smi-registry/organization/EMSC</agencyURI>
    <authorURI>smi:smi-registry/organization/EMSC</authorURI>
    <creationTime>2014-12-03T16:23:01.516881Z</creationTime>
  </creationInfo>
  <description>
    <text>FRANCE</text>
    <type>Flinn-Engdahl region</type>
  </description>
  <origin publicID="quakeml:eu.emsc/event/19980928_0000017/origin/1491623">
    <time>
      <value>1998-09-28T14:17:02.1Z</value>
      <uncertainty>0.11</uncertainty>
    </time>
    <latitude>
      <value>45.2446</value>
      <uncertainty>2</uncertainty>
    </latitude>
    <longitude>
      <value>6.3963</value>
      <uncertainty>1.8</uncertainty>
    </longitude>
    <depth>
      <value>2000</value>
    </depth>
    <depthType>from location</depthType>
    <methodID>smi:eu.emsc-csem/origin_method/NA</methodID>
    <quality>
      <usedPhaseCount>40</usedPhaseCount>
      <usedStationCount>22</usedStationCount>
      <standardError>0.69</standardError>
      <azimuthalGap>47</azimuthalGap>
      <minimumDistance>0.36</minimumDistance>
      <maximumDistance>2.76</maximumDistance>
    </quality>
    <evaluationMode>manual</evaluationMode>
    <creationInfo>
      <agencyURI>smi:smi-registry/organization/EMSC</agencyURI>
      <authorURI>smi:smi-registry/organization/EMSC</authorURI>
    </creationInfo>
    <originUncertainty>
      <azimuthMaxHorizontalUncertainty>90</azimuthMaxHorizontalUncertainty>
    </originUncertainty>
  </origin>
  <magnitude publicID="quakeml:eu.emsc/event/19980928_0000017/origin/1491623/mag/1">
    <mag>
      <value>2.2</value>
      <uncertainty>0.4</uncertainty>
    </mag>
    <type>ML</type>
    <originID>quakeml:eu.emsc/event/19980928_0000017/origin/1491623</originID>
    <stationCount>9</stationCount>
    <creationInfo>
      <agencyURI>smi:smi-registry/organization/EMSC</agencyURI>
      <authorURI>smi:smi-registry/organization/EMSC</authorURI>
    </creationInfo>
  </magnitude>
</event>
<event publicID="quakeml:eu.emsc/event/19980928_0000007">
  <preferredOriginID>quakeml:eu.emsc/event/19980928_0000007/origin/1482736</preferredOriginID>
  <preferredMagnitudeID>quakeml:eu.emsc/event/19980928_0000007/origin/1482736/mag/2</preferredMagnitudeID>
  <creationInfo>
    <agencyURI>smi:smi-registry/organization/EMSC</agencyURI>
    <authorURI>smi:smi-registry/organization/EMSC</authorURI>
    <creationTime>2014-12-10T22:21:14.199783Z</creationTime>
  </creationInfo>
  <description>
    <text>WESTERN TURKEY</text>
    <type>Flinn-Engdahl region</type>
  </description>
  <origin publicID="quakeml:eu.emsc/event/19980928_0000007/origin/1482736">
    <time>
      <value>1998-09-28T13:55:48.0Z</value>
    </time>
    <latitude>
      <value>40.263</value>
      <uncertainty>9999.9</uncertainty>
    </latitude>
    <longitude>
      <value>28.885</value>
      <uncertainty>9999.9</uncertainty>
    </longitude>
    <depth>
      <value>5000</value>
    </depth>
    <depthType>from location</depthType>
    <methodID>smi:eu.emsc-csem/origin_method/NA</methodID>
    <quality>
      <usedPhaseCount>6</usedPhaseCount>
      <usedStationCount>4</usedStationCount>
      <standardError>1.08</standardError>
      <azimuthalGap>195</azimuthalGap>
      <minimumDistance>0.46</minimumDistance>
      <maximumDistance>0.79</maximumDistance>
    </quality>
    <evaluationMode>manual</evaluationMode>
    <creationInfo>
      <agencyURI>smi:smi-registry/organization/EMSC</agencyURI>
      <authorURI>smi:smi-registry/organization/EMSC</authorURI>
    </creationInfo>
    <originUncertainty>
      <azimuthMaxHorizontalUncertainty>-99</azimuthMaxHorizontalUncertainty>
    </originUncertainty>
  </origin>
  <magnitude publicID="quakeml:eu.emsc/event/19980928_0000007/origin/1482736/mag/2">
    <mag>
      <value>2.5</value>
    </mag>
    <type>MD</type>
    <originID>quakeml:eu.emsc/event/19980928_0000007/origin/1482736</originID>
    <creationInfo>
      <agencyURI>smi:smi-registry/organization/EMSC</agencyURI>
      <authorURI>smi:smi-registry/organization/EMSC</authorURI>
    </creationInfo>
  </magnitude>
</event>
<event publicID="quakeml:eu.emsc/event/19980928_0000014">
  <preferredOriginID>quakeml:eu.emsc/event/19980928_0000014/origin/1491626</preferredOriginID>
  <preferredMagnitudeID>quakeml:eu.emsc/event/19980928_0000014/origin/1491626/mag/1</preferredMagnitudeID>
  <creationInfo>
    <agencyURI>smi:smi-registry/organization/EMSC</agencyURI>
    <authorURI>smi:smi-registry/organization/EMSC</authorURI>
    <creationTime>2014-12-03T16:06:21.844695Z</creationTime>
  </creationInfo>
  <description>
    <text>FRANCE</text>
    <type>Flinn-Engdahl region</type>
  </description>
  <origin publicID="quakeml:eu.emsc/event/19980928_0000014/origin/1491626">
    <time>
      <value>1998-09-28T13:25:00.7Z</value>
      <uncertainty>0.16</uncertainty>
    </time>
    <latitude>
      <value>47.1102</value>
      <uncertainty>3.4</uncertainty>
    </latitude>
    <longitude>
      <value>-0.13</value>
      <uncertainty>2.6</uncertainty>
    </longitude>
    <depth>
      <value>10000</value>
    </depth>
    <depthType>from location</depthType>
    <methodID>smi:eu.emsc-csem/origin_method/NA</methodID>
    <quality>
      <usedPhaseCount>28</usedPhaseCount>
      <usedStationCount>16</usedStationCount>
      <standardError>0.89</standardError>
      <azimuthalGap>85</azimuthalGap>
      <minimumDistance>0.51</minimumDistance>
      <maximumDistance>2.72</maximumDistance>
    </quality>
    <evaluationMode>manual</evaluationMode>
    <creationInfo>
      <agencyURI>smi:smi-registry/organization/EMSC</agencyURI>
      <authorURI>smi:smi-registry/organization/EMSC</authorURI>
    </creationInfo>
    <originUncertainty>
      <azimuthMaxHorizontalUncertainty>36</azimuthMaxHorizontalUncertainty>
    </originUncertainty>
  </origin>
  <magnitude publicID="quakeml:eu.emsc/event/19980928_0000014/origin/1491626/mag/1">
    <mag>
      <value>2.5</value>
      <uncertainty>0.3</uncertainty>
    </mag>
    <type>ML</type>
    <originID>quakeml:eu.emsc/event/19980928_0000014/origin/1491626</originID>
    <stationCount>13</stationCount>
    <creationInfo>
      <agencyURI>smi:smi-registry/organization/EMSC</agencyURI>
      <authorURI>smi:smi-registry/organization/EMSC</authorURI>
    </creationInfo>
  </magnitude>
</event>
<event publicID="quakeml:eu.emsc/event/19980928_0000006">
  <preferredOriginID>quakeml:eu.emsc/event/19980928_0000006/origin/1482738</preferredOriginID>
  <preferredMagnitudeID>quakeml:eu.emsc/event/19980928_0000006/origin/1482738/mag/2</preferredMagnitudeID>
  <creationInfo>
    <agencyURI>smi:smi-registry/organization/EMSC</agencyURI>
    <authorURI>smi:smi-registry/organization/EMSC</authorURI>
    <creationTime>2014-12-10T22:20:46.24073Z</creationTime>
  </creationInfo>
  <description>
    <text>WESTERN TURKEY</text>
    <type>Flinn-Engdahl region</type>
  </description>
  <origin publicID="quakeml:eu.emsc/event/19980928_0000006/origin/1482738">
    <time>
      <value>1998-09-28T13:04:16.9Z</value>
    </time>
    <latitude>
      <value>40.248</value>
      <uncertainty>9999.9</uncertainty>
    </latitude>
    <longitude>
      <value>28.898</value>
      <uncertainty>9999.9</uncertainty>
    </longitude>
    <depth>
      <value>5000</value>
    </depth>
    <depthType>from location</depthType>
    <methodID>smi:eu.emsc-csem/origin_method/NA</methodID>
    <quality>
      <usedPhaseCount>10</usedPhaseCount>
      <usedStationCount>5</usedStationCount>
      <standardError>1.4</standardError>
      <azimuthalGap>199</azimuthalGap>
      <minimumDistance>0.45</minimumDistance>
      <maximumDistance>0.82</maximumDistance>
    </quality>
    <evaluationMode>manual</evaluationMode>
    <creationInfo>
      <agencyURI>smi:smi-registry/organization/EMSC</agencyURI>
      <authorURI>smi:smi-registry/organization/EMSC</authorURI>
    </creationInfo>
    <originUncertainty>
      <azimuthMaxHorizontalUncertainty>-99</azimuthMaxHorizontalUncertainty>
    </originUncertainty>
  </origin>
  <magnitude publicID="quakeml:eu.emsc/event/19980928_0000006/origin/1482738/mag/2">
    <mag>
      <value>2.5</value>
    </mag>
    <type>MD</type>
    <originID>quakeml:eu.emsc/event/19980928_0000006/origin/1482738</originID>
    <creationInfo>
      <agencyURI>smi:smi-registry/organization/EMSC</agencyURI>
      <authorURI>smi:smi-registry/organization/EMSC</authorURI>
    </creationInfo>
  </magnitude>
</event>
<event publicID="quakeml:eu.emsc/event/19980928_0000005">
  <preferredOriginID>quakeml:eu.emsc/event/19980928_0000005/origin/1491888</preferredOriginID>
  <preferredMagnitudeID>quakeml:eu.emsc/event/19980928_0000005/origin/1491888/mag/2</preferredMagnitudeID>
  <creationInfo>
    <agencyURI>smi:smi-registry/organization/EMSC</agencyURI>
    <authorURI>smi:smi-registry/organization/EMSC</authorURI>
    <creationTime>2014-12-03T12:15:26.5339Z</creationTime>
  </creationInfo>
  <description>
    <text>NORTHWESTERN RUSSIA</text>
    <type>Flinn-Engdahl region</type>
  </description>
  <origin publicID="quakeml:eu.emsc/event/19980928_0000005/origin/1491888">
    <time>
      <value>1998-09-28T12:36:29.7Z</value>
      <uncertainty>1.43</uncertainty>
    </time>
    <latitude>
      <value>62.2915</value>
      <uncertainty>30.3</uncertainty>
    </latitude>
    <longitude>
      <value>34.3343</value>
      <uncertainty>21.9</uncertainty>
    </longitude>
    <depth>
      <value>2000</value>
    </depth>
    <depthType>from location</depthType>
    <methodID>smi:eu.emsc-csem/origin_method/NA</methodID>
    <quality>
      <usedPhaseCount>12</usedPhaseCount>
      <usedStationCount>7</usedStationCount>
      <standardError>1.34</standardError>
      <azimuthalGap>283</azimuthalGap>
      <minimumDistance>1.53</minimumDistance>
      <maximumDistance>10.18</maximumDistance>
    </quality>
    <evaluationMode>manual</evaluationMode>
    <creationInfo>
      <agencyURI>smi:smi-registry/organization/EMSC</agencyURI>
      <authorURI>smi:smi-registry/organization/EMSC</authorURI>
    </creationInfo>
    <originUncertainty>
      <azimuthMaxHorizontalUncertainty>140</azimuthMaxHorizontalUncertainty>
    </originUncertainty>
  </origin>
  <magnitude publicID="quakeml:eu.emsc/event/19980928_0000005/origin/1491888/mag/2">
    <mag>
      <value>2.4</value>
    </mag>
    <type>ML</type>
    <originID>quakeml:eu.emsc/event/19980928_0000005/origin/1491888</originID>
    <creationInfo>
      <agencyURI>smi:smi-registry/organization/EMSC</agencyURI>
      <authorURI>smi:smi-registry/organization/EMSC</authorURI>
    </creationInfo>
  </magnitude>
</event>
<event publicID="quakeml:eu.emsc/event/19980928_0000004">
  <preferredOriginID>quakeml:eu.emsc/event/19980928_0000004/origin/1491891</preferredOriginID>
  <preferredMagnitudeID>quakeml:eu.emsc/event/19980928_0000004/origin/1491891/mag/2</preferredMagnitudeID>
  <creationInfo>
    <agencyURI>smi:smi-registry/organization/EMSC</agencyURI>
    <authorURI>smi:smi-registry/organization/EMSC</authorURI>
    <creationTime>2014-12-03T11:05:36.210687Z</creationTime>
  </creationInfo>
  <description>
    <text>GREECE</text>
    <type>Flinn-Engdahl region</type>
  </description>
  <origin publicID="quakeml:eu.emsc/event/19980928_0000004/origin/1491891">
    <time>
      <value>1998-09-28T10:19:10.3Z</value>
      <uncertainty>0.37</uncertainty>
    </time>
    <latitude>
      <value>39.7218</value>
      <uncertainty>9.1</uncertainty>
    </latitude>
    <longitude>
      <value>20.3625</value>
      <uncertainty>7.5</uncertainty>
    </longitude>
    <depth>
      <value>2000</value>
    </depth>
    <depthType>from location</depthType>
    <methodID>smi:eu.emsc-csem/origin_method/NA</methodID>
    <quality>
      <usedPhaseCount>19</usedPhaseCount>
      <usedStationCount>16</usedStationCount>
      <standardError>1.15</standardError>
      <azimuthalGap>110</azimuthalGap>
      <minimumDistance>0.19</minimumDistance>
      <maximumDistance>2.85</maximumDistance>
    </quality>
    <evaluationMode>manual</evaluationMode>
    <creationInfo>
      <agencyURI>smi:smi-registry/organization/EMSC</agencyURI>
      <authorURI>smi:smi-registry/organization/EMSC</authorURI>
    </creationInfo>
    <originUncertainty>
      <azimuthMaxHorizontalUncertainty>148</azimuthMaxHorizontalUncertainty>
    </originUncertainty>
  </origin>
  <magnitude publicID="quakeml:eu.emsc/event/19980928_0000004/origin/1491891/mag/2">
    <mag>
      <value>3</value>
    </mag>
    <type>ML</type>
    <originID>quakeml:eu.emsc/event/19980928_0000004/origin/1491891</originID>
    <creationInfo>
      <agencyURI>smi:smi-registry/organization/EMSC</agencyURI>
      <authorURI>smi:smi-registry/organization/EMSC</authorURI>
    </creationInfo>
  </magnitude>
</event>
<event publicID="quakeml:eu.emsc/event/19980928_0000013">
  <preferredOriginID>quakeml:eu.emsc/event/19980928_0000013/origin/1491629</preferredOriginID>
  <preferredMagnitudeID>quakeml:eu.emsc/event/19980928_0000013/origin/1491629/mag/1</preferredMagnitudeID>
  <creationInfo>
    <agencyURI>smi:smi-registry/organization/EMSC</agencyURI>
    <authorURI>smi:smi-registry/organization/EMSC</authorURI>
    <creationTime>2014-12-03T15:10:24.219925Z</creationTime>
  </creationInfo>
  <description>
    <text>NEAR SOUTH COAST OF FRANCE</text>
    <type>Flinn-Engdahl region</type>
  </description>
  <origin publicID="quakeml:eu.emsc/event/19980928_0000013/origin/1491629">
    <time>
      <value>1998-09-28T07:59:49.1Z</value>
      <uncertainty>0.36</uncertainty>
    </time>
    <latitude>
      <value>43.7889</value>
      <uncertainty>7</uncertainty>
    </latitude>
    <longitude>
      <value>7.5424</value>
      <uncertainty>2.8</uncertainty>
    </longitude>
    <depth>
      <value>15000</value>
    </depth>
    <depthType>from location</depthType>
    <methodID>smi:eu.emsc-csem/origin_method/NA</methodID>
    <quality>
      <usedPhaseCount>20</usedPhaseCount>
      <usedStationCount>12</usedStationCount>
      <standardError>0.59</standardError>
      <azimuthalGap>236</azimuthalGap>
      <minimumDistance>0.11</minimumDistance>
      <maximumDistance>1.09</maximumDistance>
    </quality>
    <evaluationMode>manual</evaluationMode>
    <creationInfo>
      <agencyURI>smi:smi-registry/organization/EMSC</agencyURI>
      <authorURI>smi:smi-registry/organization/EMSC</authorURI>
    </creationInfo>
    <originUncertainty>
      <azimuthMaxHorizontalUncertainty>115</azimuthMaxHorizontalUncertainty>
    </originUncertainty>
  </origin>
  <magnitude publicID="quakeml:eu.emsc/event/19980928_0000013/origin/1491629/mag/1">
    <mag>
      <value>2.1</value>
      <uncertainty>0.3</uncertainty>
    </mag>
    <type>ML</type>
    <originID>quakeml:eu.emsc/event/19980928_0000013/origin/1491629</originID>
    <stationCount>4</stationCount>
    <creationInfo>
      <agencyURI>smi:smi-registry/organization/EMSC</agencyURI>
      <authorURI>smi:smi-registry/organization/EMSC</authorURI>
    </creationInfo>
  </magnitude>
</event>
<event publicID="quakeml:eu.emsc/event/19980928_0000003">
  <preferredOriginID>quakeml:eu.emsc/event/19980928_0000003/origin/1491894</preferredOriginID>
  <preferredMagnitudeID>quakeml:eu.emsc/event/19980928_0000003/origin/1491894/mag/2</preferredMagnitudeID>
  <creationInfo>
    <agencyURI>smi:smi-registry/organization/EMSC</agencyURI>
    <authorURI>smi:smi-registry/organization/EMSC</authorURI>
    <creationTime>2014-12-03T11:21:31.27003Z</creationTime>
  </creationInfo>
  <description>
    <text>ROMANIA</text>
    <type>Flinn-Engdahl region</type>
  </description>
  <origin publicID="quakeml:eu.emsc/event/19980928_0000003/origin/1491894">
    <time>
      <value>1998-09-28T06:57:25.1Z</value>
      <uncertainty>0.48</uncertainty>
    </time>
    <latitude>
      <value>45.6733</value>
      <uncertainty>10.9</uncertainty>
    </latitude>
    <longitude>
      <value>26.6665</value>
      <uncertainty>6.3</uncertainty>
    </longitude>
    <depth>
      <value>133500.0</value>
      <uncertainty>3.6</uncertainty>
    </depth>
    <depthType>from location</depthType>
    <methodID>smi:eu.emsc-csem/origin_method/NA</methodID>
    <quality>
      <usedPhaseCount>10</usedPhaseCount>
      <usedStationCount>5</usedStationCount>
      <standardError>0.42</standardError>
      <azimuthalGap>122</azimuthalGap>
      <minimumDistance>0.2</minimumDistance>
      <maximumDistance>1.46</maximumDistance>
    </quality>
    <evaluationMode>manual</evaluationMode>
    <creationInfo>
      <agencyURI>smi:smi-registry/organization/EMSC</agencyURI>
      <authorURI>smi:smi-registry/organization/EMSC</authorURI>
    </creationInfo>
    <originUncertainty>
      <azimuthMaxHorizontalUncertainty>24</azimuthMaxHorizontalUncertainty>
    </originUncertainty>
  </origin>
  <magnitude publicID="quakeml:eu.emsc/event/19980928_0000003/origin/1491894/mag/2">
    <mag>
      <value>3.1</value>
    </mag>
    <type>MD</type>
    <originID>quakeml:eu.emsc/event/19980928_0000003/origin/1491894</originID>
    <stationCount>4</stationCount>
    <creationInfo>
      <agencyURI>smi:smi-registry/organization/EMSC</agencyURI>
      <authorURI>smi:smi-registry/organization/EMSC</authorURI>
    </creationInfo>
  </magnitude>
</event>
<event publicID="quakeml:eu.emsc/event/19980928_0000002">
  <preferredOriginID>quakeml:eu.emsc/event/19980928_0000002/origin/1491897</preferredOriginID>
  <preferredMagnitudeID>quakeml:eu.emsc/event/19980928_0000002/origin/1491897/mag/2</preferredMagnitudeID>
  <creationInfo>
    <agencyURI>smi:smi-registry/organization/EMSC</agencyURI>
    <authorURI>smi:smi-registry/organization/EMSC</authorURI>
    <creationTime>2014-12-03T11:57:02.540068Z</creationTime>
  </creationInfo>
  <description>
    <text>IONIAN SEA</text>
    <type>Flinn-Engdahl region</type>
  </description>
  <origin publicID="quakeml:eu.emsc/event/19980928_0000002/origin/1491897">
    <time>
      <value>1998-09-28T04:53:03.7Z</value>
      <uncertainty>0.47</uncertainty>
    </time>
    <latitude>
      <value>37.2644</value>
      <uncertainty>12.6</uncertainty>
    </latitude>
    <longitude>
      <value>20.3371</value>
      <uncertainty>5.1</uncertainty>
    </longitude>
    <depth>
      <value>110900.0</value>
      <uncertainty>6.8</uncertainty>
    </depth>
    <depthType>from location</depthType>
    <methodID>smi:eu.emsc-csem/origin_method/NA</methodID>
    <quality>
      <usedPhaseCount>26</usedPhaseCount>
      <usedStationCount>20</usedStationCount>
      <standardError>0.83</standardError>
      <azimuthalGap>228</azimuthalGap>
      <minimumDistance>2.02</minimumDistance>
      <maximumDistance>11.48</maximumDistance>
    </quality>
    <evaluationMode>manual</evaluationMode>
    <creationInfo>
      <agencyURI>smi:smi-registry/organization/EMSC</agencyURI>
      <authorURI>smi:smi-registry/organization/EMSC</authorURI>
    </creationInfo>
    <originUncertainty>
      <azimuthMaxHorizontalUncertainty>163</azimuthMaxHorizontalUncertainty>
    </originUncertainty>
  </origin>
  <magnitude publicID="quakeml:eu.emsc/event/19980928_0000002/origin/1491897/mag/2">
    <mag>
      <value>3.7</value>
    </mag>
    <type>MD</type>
    <originID>quakeml:eu.emsc/event/19980928_0000002/origin/1491897</originID>
    <creationInfo>
      <agencyURI>smi:smi-registry/organization/EMSC</agencyURI>
      <authorURI>smi:smi-registry/organization/EMSC</authorURI>
    </creationInfo>
  </magnitude>
</event>
<event publicID="quakeml:eu.emsc/event/19980928_0000001">
  <preferredOriginID>quakeml:eu.emsc/event/19980928_0000001/origin/1491900</preferredOriginID>
  <preferredMagnitudeID>quakeml:eu.emsc/event/19980928_0000001/origin/1491900/mag/2</preferredMagnitudeID>
  <creationInfo>
    <agencyURI>smi:smi-registry/organization/EMSC</agencyURI>
    <authorURI>smi:smi-registry/organization/EMSC</authorURI>
    <creationTime>2014-12-03T12:17:17.430889Z</creationTime>
  </creationInfo>
  <description>
    <text>IONIAN SEA</text>
    <type>Flinn-Engdahl region</type>
  </description>
  <origin publicID="quakeml:eu.emsc/event/19980928_0000001/origin/1491900">
    <time>
      <value>1998-09-28T04:41:56.3Z</value>
      <uncertainty>1.14</uncertainty>
    </time>
    <latitude>
      <value>37.7802</value>
      <uncertainty>26.9</uncertainty>
    </latitude>
    <longitude>
      <value>20.3319</value>
      <uncertainty>12.5</uncertainty>
    </longitude>
    <depth>
      <value>2000</value>
    </depth>
    <depthType>from location</depthType>
    <methodID>smi:eu.emsc-csem/origin_method/NA</methodID>
    <quality>
      <usedPhaseCount>12</usedPhaseCount>
      <usedStationCount>10</usedStationCount>
      <standardError>1.07</standardError>
      <azimuthalGap>259</azimuthalGap>
      <minimumDistance>0.45</minimumDistance>
      <maximumDistance>3.92</maximumDistance>
    </quality>
    <evaluationMode>manual</evaluationMode>
    <creationInfo>
      <agencyURI>smi:smi-registry/organization/EMSC</agencyURI>
      <authorURI>smi:smi-registry/organization/EMSC</authorURI>
    </creationInfo>
    <originUncertainty>
      <azimuthMaxHorizontalUncertainty>75</azimuthMaxHorizontalUncertainty>
    </originUncertainty>
  </origin>
  <magnitude publicID="quakeml:eu.emsc/event/19980928_0000001/origin/1491900/mag/2">
    <mag>
      <value>3.4</value>
    </mag>
    <type>MD</type>
    <originID>quakeml:eu.emsc/event/19980928_0000001/origin/1491900</originID>
    <creationInfo>
      <agencyURI>smi:smi-registry/organization/EMSC</agencyURI>
      <authorURI>smi:smi-registry/organization/EMSC</authorURI>
    </creationInfo>
  </magnitude>
</event>
<event publicID="quakeml:eu.emsc/event/19980928_0000015">
  <preferredOriginID>quakeml:eu.emsc/event/19980928_0000015/origin/1491634</preferredOriginID>
  <preferredMagnitudeID>quakeml:eu.emsc/event/19980928_0000015/origin/1491634/mag/1</preferredMagnitudeID>
  <creationInfo>
    <agencyURI>smi:smi-registry/organization/EMSC</agencyURI>
    <authorURI>smi:smi-registry/organization/EMSC</authorURI>
    <creationTime>2014-12-03T16:17:24.935262Z</creationTime>
  </creationInfo>
  <description>
    <text>GERMANY</text>
    <type>Flinn-Engdahl region</type>
  </description>
  <origin publicID="quakeml:eu.emsc/event/19980928_0000015/origin/1491634">
    <time>
      <value>1998-09-28T00:08:34.9Z</value>
      <uncertainty>0.11</uncertainty>
    </time>
    <latitude>
      <value>48.3719</value>
      <uncertainty>2.8</uncertainty>
    </latitude>
    <longitude>
      <value>8.9966</value>
      <uncertainty>1.9</uncertainty>
    </longitude>
    <depth>
      <value>15000</value>
    </depth>
    <depthType>from location</depthType>
    <methodID>smi:eu.emsc-csem/origin_method/NA</methodID>
    <quality>
      <usedPhaseCount>86</usedPhaseCount>
      <usedStationCount>44</usedStationCount>
      <standardError>1.03</standardError>
      <azimuthalGap>35</azimuthalGap>
      <minimumDistance>0.3</minimumDistance>
      <maximumDistance>4.55</maximumDistance>
    </quality>
    <evaluationMode>manual</evaluationMode>
    <creationInfo>
      <agencyURI>smi:smi-registry/organization/EMSC</agencyURI>
      <authorURI>smi:smi-registry/organization/EMSC</authorURI>
    </creationInfo>
    <originUncertainty>
      <azimuthMaxHorizontalUncertainty>144</azimuthMaxHorizontalUncertainty>
    </originUncertainty>
  </origin>
  <magnitude publicID="quakeml:eu.emsc/event/19980928_0000015/origin/1491634/mag/1">
    <mag>
      <value>3</value>
      <uncertainty>0.5</uncertainty>
    </mag>
    <type>ML</type>
    <originID>quakeml:eu.emsc/event/19980928_0000015/origin/1491634</originID>
    <stationCount>8</stationCount>
    <creationInfo>
      <agencyURI>smi:smi-registry/organization/EMSC</agencyURI>
      <authorURI>smi:smi-registry/organization/EMSC</authorURI>
    </creationInfo>
  </magnitude>
</event>
<event publicID="quakeml:eu.emsc/event/19980928_0000016">
  <preferredOriginID>quakeml:eu.emsc/event/19980928_0000016/origin/1482740</preferredOriginID>
  <preferredMagnitudeID>quakeml:eu.emsc/event/19980928_0000016/origin/1482740/mag/2</preferredMagnitudeID>
  <creationInfo>
    <agencyURI>smi:smi-registry/organization/EMSC</agencyURI>
    <authorURI>smi:smi-registry/organization/EMSC</authorURI>
    <creationTime>2014-12-10T19:03:36.600097Z</creationTime>
  </creationInfo>
  <description>
    <text>NORTHERN ITALY</text>
    <type>Flinn-Engdahl region</type>
  </description>
  <origin publicID="quakeml:eu.emsc/event/19980928_0000016/origin/1482740">
    <time>
      <value>1998-09-28T00:01:23.3Z</value>
    </time>
    <latitude>
      <value>44.6628</value>
      <uncertainty>9999.9</uncertainty>
    </latitude>
    <longitude>
      <value>7.1832</value>
      <uncertainty>9999.9</uncertainty>
    </longitude>
    <depth>
      <value>10600.0</value>
    </depth>
    <depthType>from location</depthType>
    <methodID>smi:eu.emsc-csem/origin_method/NA</methodID>
    <quality>
      <usedPhaseCount>16</usedPhaseCount>
      <usedStationCount>9</usedStationCount>
      <standardError>1.96</standardError>
      <azimuthalGap>111</azimuthalGap>
      <minimumDistance>0.17</minimumDistance>
      <maximumDistance>0.91</maximumDistance>
    </quality>
    <evaluationMode>manual</evaluationMode>
    <creationInfo>
      <agencyURI>smi:smi-registry/organization/EMSC</agencyURI>
      <authorURI>smi:smi-registry/organization/EMSC</authorURI>
    </creationInfo>
    <originUncertainty>
      <azimuthMaxHorizontalUncertainty>-99</azimuthMaxHorizontalUncertainty>
    </originUncertainty>
  </origin>
  <magnitude publicID="quakeml:eu.emsc/event/19980928_0000016/origin/1482740/mag/2">
    <mag>
      <value>2</value>
    </mag>
    <type>ML</type>
    <originID>quakeml:eu.emsc/event/19980928_0000016/origin/1482740</originID>
    <creationInfo>
      <agencyURI>smi:smi-registry/organization/EMSC</agencyURI>
      <authorURI>smi:smi-registry/organization/EMSC</authorURI>
    </creationInfo>
  </magnitude>
</event>
</eventParameters>
</q:quakeml>
