<?xml version="1.0"?>
<q:quakeml xmlns:q="http://quakeml.org/xmlns/quakeml/1.2"  xmlns="http://quakeml.org/xmlns/bed/1.2">
<eventParameters publicID="smi:eu.emsc/unid">
<event publicID="quakeml:eu.emsc/event/19981125_0000009">
  <preferredOriginID>quakeml:eu.emsc/event/19981125_0000009/origin/1489080</preferredOriginID>
  <preferredMagnitudeID>quakeml:eu.emsc/event/19981125_0000009/origin/1489080/mag/2</preferredMagnitudeID>
  <creationInfo>
    <agencyURI>smi:smi-registry/organization/EMSC</agencyURI>
    <authorURI>smi:smi-registry/organization/EMSC</authorURI>
    <creationTime>2014-12-03T11:58:18.883031Z</creationTime>
  </creationInfo>
  <description>
    <text>WESTERN TURKEY</text>
    <type>Flinn-Engdahl region</type>
  </description>
  <origin publicID="quakeml:eu.emsc/event/19981125_0000009/origin/1489080">
    <time>
      <value>1998-11-25T23:38:19.5Z</value>
      <uncertainty>0.2</uncertainty>
    </time>
    <latitude>
      <value>41.1617</value>
      <uncertainty>5.3</uncertainty>
    </latitude>
    <longitude>
      <value>29.8566</value>
      <uncertainty>3.6</uncertainty>
    </longitude>
    <depth>
      <value>20000</value>
    </depth>
    <depthType>from location</depthType>
    <methodID>smi:eu.emsc-csem/origin_method/NA</methodID>
    <quality>
      <usedPhaseCount>36</usedPhaseCount>
      <usedStationCount>32</usedStationCount>
      <standardError>0.79</standardError>
      <azimuthalGap>123</azimuthalGap>
      <minimumDistance>0.37</minimumDistance>
      <maximumDistance>6.37</maximumDistance>
    </quality>
    <evaluationMode>manual</evaluationMode>
    <creationInfo>
      <agencyURI>smi:smi-registry/organization/EMSC</agencyURI>
      <authorURI>smi:smi-registry/organization/EMSC</authorURI>
    </creationInfo>
    <originUncertainty>
      <azimuthMaxHorizontalUncertainty>78</azimuthMaxHorizontalUncertainty>
    </originUncertainty>
  </origin>
  <magnitude publicID="quakeml:eu.emsc/event/19981125_0000009/origin/1489080/mag/2">
    <mag>
      <value>3.4</value>
    </mag>
    <type>MD</type>
    <originID>quakeml:eu.emsc/event/19981125_0000009/origin/1489080</originID>
    <creationInfo>
      <agencyURI>smi:smi-registry/organization/EMSC</agencyURI>
      <authorURI>smi:smi-registry/organization/EMSC</authorURI>
    </creationInfo>
  </magnitude>
</event>
<event publicID="quakeml:eu.emsc/event/19981125_0000022">
  <preferredOriginID>quakeml:eu.emsc/event/19981125_0000022/origin/1488842</preferredOriginID>
  <preferredMagnitudeID>quakeml:eu.emsc/event/19981125_0000022/origin/1488842/mag/1</preferredMagnitudeID>
  <creationInfo>
    <agencyURI>smi:smi-registry/organization/EMSC</agencyURI>
    <authorURI>smi:smi-registry/organization/EMSC</authorURI>
    <creationTime>2014-12-03T17:04:53.358305Z</creationTime>
  </creationInfo>
  <description>
    <text>FRANCE</text>
    <type>Flinn-Engdahl region</type>
  </description>
  <origin publicID="quakeml:eu.emsc/event/19981125_0000022/origin/1488842">
    <time>
      <value>1998-11-25T21:19:12.7Z</value>
      <uncertainty>0.14</uncertainty>
    </time>
    <latitude>
      <value>46.239</value>
      <uncertainty>2.8</uncertainty>
    </latitude>
    <longitude>
      <value>2.3505</value>
      <uncertainty>2.2</uncertainty>
    </longitude>
    <depth>
      <value>10000</value>
    </depth>
    <depthType>from location</depthType>
    <methodID>smi:eu.emsc-csem/origin_method/NA</methodID>
    <quality>
      <usedPhaseCount>22</usedPhaseCount>
      <usedStationCount>12</usedStationCount>
      <standardError>0.57</standardError>
      <azimuthalGap>74</azimuthalGap>
      <minimumDistance>0.11</minimumDistance>
      <maximumDistance>1.76</maximumDistance>
    </quality>
    <evaluationMode>manual</evaluationMode>
    <creationInfo>
      <agencyURI>smi:smi-registry/organization/EMSC</agencyURI>
      <authorURI>smi:smi-registry/organization/EMSC</authorURI>
    </creationInfo>
    <originUncertainty>
      <azimuthMaxHorizontalUncertainty>116</azimuthMaxHorizontalUncertainty>
    </originUncertainty>
  </origin>
  <magnitude publicID="quakeml:eu.emsc/event/19981125_0000022/origin/1488842/mag/1">
    <mag>
      <value>1.7</value>
      <uncertainty>0.5</uncertainty>
    </mag>
    <type>ML</type>
    <originID>quakeml:eu.emsc/event/19981125_0000022/origin/1488842</originID>
    <stationCount>9</stationCount>
    <creationInfo>
      <agencyURI>smi:smi-registry/organization/EMSC</agencyURI>
      <authorURI>smi:smi-registry/organization/EMSC</authorURI>
    </creationInfo>
  </magnitude>
</event>
<event publicID="quakeml:eu.emsc/event/19981125_0000008">
  <preferredOriginID>quakeml:eu.emsc/event/19981125_0000008/origin/1489083</preferredOriginID>
  <preferredMagnitudeID>quakeml:eu.emsc/event/19981125_0000008/origin/1489083/mag/2</preferredMagnitudeID>
  <creationInfo>
    <agencyURI>smi:smi-registry/organization/EMSC</agencyURI>
    <authorURI>smi:smi-registry/organization/EMSC</authorURI>
    <creationTime>2014-12-03T11:45:33.371788Z</creationTime>
  </creationInfo>
  <description>
    <text>DODECANESE ISLANDS, GREECE</text>
    <type>Flinn-Engdahl region</type>
  </description>
  <origin publicID="quakeml:eu.emsc/event/19981125_0000008/origin/1489083">
    <time>
      <value>1998-11-25T20:59:52.0Z</value>
      <uncertainty>0.84</uncertainty>
    </time>
    <latitude>
      <value>35.3531</value>
      <uncertainty>25.9</uncertainty>
    </latitude>
    <longitude>
      <value>27.0404</value>
      <uncertainty>9.8</uncertainty>
    </longitude>
    <depth>
      <value>5000</value>
    </depth>
    <depthType>from location</depthType>
    <methodID>smi:eu.emsc-csem/origin_method/NA</methodID>
    <quality>
      <usedPhaseCount>13</usedPhaseCount>
      <usedStationCount>13</usedStationCount>
      <standardError>1.08</standardError>
      <azimuthalGap>196</azimuthalGap>
      <minimumDistance>0.23</minimumDistance>
      <maximumDistance>5.49</maximumDistance>
    </quality>
    <evaluationMode>manual</evaluationMode>
    <creationInfo>
      <agencyURI>smi:smi-registry/organization/EMSC</agencyURI>
      <authorURI>smi:smi-registry/organization/EMSC</authorURI>
    </creationInfo>
    <originUncertainty>
      <azimuthMaxHorizontalUncertainty>162</azimuthMaxHorizontalUncertainty>
    </originUncertainty>
  </origin>
  <magnitude publicID="quakeml:eu.emsc/event/19981125_0000008/origin/1489083/mag/2">
    <mag>
      <value>4.1</value>
    </mag>
    <type>ML</type>
    <originID>quakeml:eu.emsc/event/19981125_0000008/origin/1489083</originID>
    <creationInfo>
      <agencyURI>smi:smi-registry/organization/EMSC</agencyURI>
      <authorURI>smi:smi-registry/organization/EMSC</authorURI>
    </creationInfo>
  </magnitude>
</event>
<event publicID="quakeml:eu.emsc/event/19981125_0000015">
  <preferredOriginID>quakeml:eu.emsc/event/19981125_0000015/origin/1482114</preferredOriginID>
  <preferredMagnitudeID>quakeml:eu.emsc/event/19981125_0000015/origin/1482114/mag/2</preferredMagnitudeID>
  <creationInfo>
    <agencyURI>smi:smi-registry/organization/EMSC</agencyURI>
    <authorURI>smi:smi-registry/organization/EMSC</authorURI>
    <creationTime>2014-12-10T12:56:28.542383Z</creationTime>
  </creationInfo>
  <description>
    <text>NEAR SOUTH COAST OF FRANCE</text>
    <type>Flinn-Engdahl region</type>
  </description>
  <origin publicID="quakeml:eu.emsc/event/19981125_0000015/origin/1482114">
    <time>
      <value>1998-11-25T19:39:46.4Z</value>
    </time>
    <latitude>
      <value>43.43</value>
      <uncertainty>9999.9</uncertainty>
    </latitude>
    <longitude>
      <value>5.44</value>
      <uncertainty>9999.9</uncertainty>
    </longitude>
    <depth>
      <value>1000</value>
    </depth>
    <depthType>from location</depthType>
    <methodID>smi:eu.emsc-csem/origin_method/NA</methodID>
    <quality>
      <usedPhaseCount>22</usedPhaseCount>
      <usedStationCount>18</usedStationCount>
      <standardError>1.02</standardError>
      <azimuthalGap>128</azimuthalGap>
      <minimumDistance>0.05</minimumDistance>
      <maximumDistance>2.85</maximumDistance>
    </quality>
    <evaluationMode>manual</evaluationMode>
    <creationInfo>
      <agencyURI>smi:smi-registry/organization/EMSC</agencyURI>
      <authorURI>smi:smi-registry/organization/EMSC</authorURI>
    </creationInfo>
    <originUncertainty>
      <azimuthMaxHorizontalUncertainty>-99</azimuthMaxHorizontalUncertainty>
    </originUncertainty>
  </origin>
  <magnitude publicID="quakeml:eu.emsc/event/19981125_0000015/origin/1482114/mag/2">
    <mag>
      <value>3.2</value>
    </mag>
    <type>ML</type>
    <originID>quakeml:eu.emsc/event/19981125_0000015/origin/1482114</originID>
    <creationInfo>
      <agencyURI>smi:smi-registry/organization/EMSC</agencyURI>
      <authorURI>smi:smi-registry/organization/EMSC</authorURI>
    </creationInfo>
  </magnitude>
</event>
<event publicID="quakeml:eu.emsc/event/19981125_0000007">
  <preferredOriginID>quakeml:eu.emsc/event/19981125_0000007/origin/1489087</preferredOriginID>
  <preferredMagnitudeID>quakeml:eu.emsc/event/19981125_0000007/origin/1489087/mag/2</preferredMagnitudeID>
  <creationInfo>
    <agencyURI>smi:smi-registry/organization/EMSC</agencyURI>
    <authorURI>smi:smi-registry/organization/EMSC</authorURI>
    <creationTime>2014-12-03T11:27:49.233019Z</creationTime>
  </creationInfo>
  <description>
    <text>DODECANESE ISLANDS, GREECE</text>
    <type>Flinn-Engdahl region</type>
  </description>
  <origin publicID="quakeml:eu.emsc/event/19981125_0000007/origin/1489087">
    <time>
      <value>1998-11-25T19:28:54.1Z</value>
      <uncertainty>0.17</uncertainty>
    </time>
    <latitude>
      <value>36.7206</value>
      <uncertainty>8.5</uncertainty>
    </latitude>
    <longitude>
      <value>26.2808</value>
      <uncertainty>3.4</uncertainty>
    </longitude>
    <depth>
      <value>2000</value>
    </depth>
    <depthType>from location</depthType>
    <methodID>smi:eu.emsc-csem/origin_method/NA</methodID>
    <quality>
      <usedPhaseCount>26</usedPhaseCount>
      <usedStationCount>26</usedStationCount>
      <standardError>0.9</standardError>
      <azimuthalGap>145</azimuthalGap>
      <minimumDistance>1.37</minimumDistance>
      <maximumDistance>10.11</maximumDistance>
    </quality>
    <evaluationMode>manual</evaluationMode>
    <creationInfo>
      <agencyURI>smi:smi-registry/organization/EMSC</agencyURI>
      <authorURI>smi:smi-registry/organization/EMSC</authorURI>
    </creationInfo>
    <originUncertainty>
      <azimuthMaxHorizontalUncertainty>30</azimuthMaxHorizontalUncertainty>
    </originUncertainty>
  </origin>
  <magnitude publicID="quakeml:eu.emsc/event/19981125_0000007/origin/1489087/mag/2">
    <mag>
      <value>4.2</value>
    </mag>
    <type>ML</type>
    <originID>quakeml:eu.emsc/event/19981125_0000007/origin/1489087</originID>
    <creationInfo>
      <agencyURI>smi:smi-registry/organization/EMSC</agencyURI>
      <authorURI>smi:smi-registry/organization/EMSC</authorURI>
    </creationInfo>
  </magnitude>
</event>
<event publicID="quakeml:eu.emsc/event/19981125_0000012">
  <preferredOriginID>quakeml:eu.emsc/event/19981125_0000012/origin/1973616</preferredOriginID>
  <preferredMagnitudeID>quakeml:eu.emsc/event/19981125_0000012/origin/1973616/mag/2</preferredMagnitudeID>
  <creationInfo>
    <agencyURI>smi:smi-registry/organization/EMSC</agencyURI>
    <authorURI>smi:smi-registry/organization/EMSC</authorURI>
    <creationTime>2014-12-11T09:35:00.629788Z</creationTime>
  </creationInfo>
  <description>
    <text>ROMANIA</text>
    <type>Flinn-Engdahl region</type>
  </description>
  <origin publicID="quakeml:eu.emsc/event/19981125_0000012/origin/1973616">
    <time>
      <value>1998-11-25T18:33:22.1Z</value>
    </time>
    <latitude>
      <value>45.48</value>
      <uncertainty>9999.9</uncertainty>
    </latitude>
    <longitude>
      <value>26.593</value>
      <uncertainty>9999.9</uncertainty>
    </longitude>
    <depth>
      <value>118700.0</value>
    </depth>
    <depthType>from location</depthType>
    <methodID>smi:eu.emsc-csem/origin_method/NA</methodID>
    <quality>
      <usedPhaseCount>9</usedPhaseCount>
      <usedStationCount>5</usedStationCount>
      <standardError>0.75</standardError>
      <azimuthalGap>102</azimuthalGap>
      <minimumDistance>0.36</minimumDistance>
      <maximumDistance>1.17</maximumDistance>
    </quality>
    <evaluationMode>manual</evaluationMode>
    <creationInfo>
      <agencyURI>smi:smi-registry/organization/EMSC</agencyURI>
      <authorURI>smi:smi-registry/organization/EMSC</authorURI>
    </creationInfo>
    <originUncertainty>
      <azimuthMaxHorizontalUncertainty>-99</azimuthMaxHorizontalUncertainty>
    </originUncertainty>
  </origin>
  <magnitude publicID="quakeml:eu.emsc/event/19981125_0000012/origin/1973616/mag/2">
    <mag>
      <value>3.3</value>
    </mag>
    <type>MD</type>
    <originID>quakeml:eu.emsc/event/19981125_0000012/origin/1973616</originID>
    <stationCount>4</stationCount>
    <creationInfo>
      <agencyURI>smi:smi-registry/organization/EMSC</agencyURI>
      <authorURI>smi:smi-registry/organization/EMSC</authorURI>
    </creationInfo>
  </magnitude>
</event>
<event publicID="quakeml:eu.emsc/event/19981125_0000019">
  <preferredOriginID>quakeml:eu.emsc/event/19981125_0000019/origin/1488845</preferredOriginID>
  <preferredMagnitudeID>quakeml:eu.emsc/event/19981125_0000019/origin/1488845/mag/2</preferredMagnitudeID>
  <creationInfo>
    <agencyURI>smi:smi-registry/organization/EMSC</agencyURI>
    <authorURI>smi:smi-registry/organization/EMSC</authorURI>
    <creationTime>2014-12-03T16:21:26.132992Z</creationTime>
  </creationInfo>
  <description>
    <text>PYRENEES</text>
    <type>Flinn-Engdahl region</type>
  </description>
  <origin publicID="quakeml:eu.emsc/event/19981125_0000019/origin/1488845">
    <time>
      <value>1998-11-25T16:46:08.2Z</value>
      <uncertainty>0.28</uncertainty>
    </time>
    <latitude>
      <value>42.5158</value>
      <uncertainty>7.8</uncertainty>
    </latitude>
    <longitude>
      <value>1.2861</value>
      <uncertainty>3.9</uncertainty>
    </longitude>
    <depth>
      <value>19500.0</value>
      <uncertainty>0.7</uncertainty>
    </depth>
    <depthType>from location</depthType>
    <methodID>smi:eu.emsc-csem/origin_method/NA</methodID>
    <quality>
      <usedPhaseCount>8</usedPhaseCount>
      <usedStationCount>5</usedStationCount>
      <standardError>0.42</standardError>
      <azimuthalGap>189</azimuthalGap>
      <minimumDistance>0.18</minimumDistance>
      <maximumDistance>0.79</maximumDistance>
    </quality>
    <evaluationMode>manual</evaluationMode>
    <creationInfo>
      <agencyURI>smi:smi-registry/organization/EMSC</agencyURI>
      <authorURI>smi:smi-registry/organization/EMSC</authorURI>
    </creationInfo>
    <originUncertainty>
      <azimuthMaxHorizontalUncertainty>110</azimuthMaxHorizontalUncertainty>
    </originUncertainty>
  </origin>
  <magnitude publicID="quakeml:eu.emsc/event/19981125_0000019/origin/1488845/mag/2">
    <mag>
      <value>0.9</value>
    </mag>
    <type>ML</type>
    <originID>quakeml:eu.emsc/event/19981125_0000019/origin/1488845</originID>
    <creationInfo>
      <agencyURI>smi:smi-registry/organization/EMSC</agencyURI>
      <authorURI>smi:smi-registry/organization/EMSC</authorURI>
    </creationInfo>
  </magnitude>
</event>
<event publicID="quakeml:eu.emsc/event/19981125_0000018">
  <preferredOriginID>quakeml:eu.emsc/event/19981125_0000018/origin/1491397</preferredOriginID>
  <preferredMagnitudeID>quakeml:eu.emsc/event/19981125_0000018/origin/1491397/mag/1</preferredMagnitudeID>
  <creationInfo>
    <agencyURI>smi:smi-registry/organization/EMSC</agencyURI>
    <authorURI>smi:smi-registry/organization/EMSC</authorURI>
    <creationTime>2014-12-03T16:11:50.552701Z</creationTime>
  </creationInfo>
  <description>
    <text>SWITZERLAND</text>
    <type>Flinn-Engdahl region</type>
  </description>
  <origin publicID="quakeml:eu.emsc/event/19981125_0000018/origin/1491397">
    <time>
      <value>1998-11-25T16:04:34.9Z</value>
      <uncertainty>0.14</uncertainty>
    </time>
    <latitude>
      <value>46.2919</value>
      <uncertainty>3</uncertainty>
    </latitude>
    <longitude>
      <value>7.4282</value>
      <uncertainty>2.4</uncertainty>
    </longitude>
    <depth>
      <value>5000</value>
    </depth>
    <depthType>from location</depthType>
    <methodID>smi:eu.emsc-csem/origin_method/NA</methodID>
    <quality>
      <usedPhaseCount>57</usedPhaseCount>
      <usedStationCount>34</usedStationCount>
      <standardError>1.11</standardError>
      <azimuthalGap>62</azimuthalGap>
      <minimumDistance>0.1</minimumDistance>
      <maximumDistance>5.71</maximumDistance>
    </quality>
    <evaluationMode>manual</evaluationMode>
    <creationInfo>
      <agencyURI>smi:smi-registry/organization/EMSC</agencyURI>
      <authorURI>smi:smi-registry/organization/EMSC</authorURI>
    </creationInfo>
    <originUncertainty>
      <azimuthMaxHorizontalUncertainty>122</azimuthMaxHorizontalUncertainty>
    </originUncertainty>
  </origin>
  <magnitude publicID="quakeml:eu.emsc/event/19981125_0000018/origin/1491397/mag/1">
    <mag>
      <value>2.6</value>
      <uncertainty>0.3</uncertainty>
    </mag>
    <type>ML</type>
    <originID>quakeml:eu.emsc/event/19981125_0000018/origin/1491397</originID>
    <stationCount>13</stationCount>
    <creationInfo>
      <agencyURI>smi:smi-registry/organization/EMSC</agencyURI>
      <authorURI>smi:smi-registry/organization/EMSC</authorURI>
    </creationInfo>
  </magnitude>
</event>
<event publicID="quakeml:eu.emsc/event/19981125_0000020">
  <preferredOriginID>quakeml:eu.emsc/event/19981125_0000020/origin/1487744</preferredOriginID>
  <preferredMagnitudeID>quakeml:eu.emsc/event/19981125_0000020/origin/1487744/mag/2</preferredMagnitudeID>
  <creationInfo>
    <agencyURI>smi:smi-registry/organization/EMSC</agencyURI>
    <authorURI>smi:smi-registry/organization/EMSC</authorURI>
    <creationTime>2014-12-10T12:56:28.52482Z</creationTime>
  </creationInfo>
  <description>
    <text>FRANCE</text>
    <type>Flinn-Engdahl region</type>
  </description>
  <origin publicID="quakeml:eu.emsc/event/19981125_0000020/origin/1487744">
    <time>
      <value>1998-11-25T15:23:55.1Z</value>
    </time>
    <latitude>
      <value>44.7594</value>
      <uncertainty>9999.9</uncertainty>
    </latitude>
    <longitude>
      <value>6.6491</value>
      <uncertainty>9999.9</uncertainty>
    </longitude>
    <depth>
      <value>2000</value>
    </depth>
    <depthType>from location</depthType>
    <methodID>smi:eu.emsc-csem/origin_method/NA</methodID>
    <quality>
      <usedPhaseCount>14</usedPhaseCount>
      <usedStationCount>7</usedStationCount>
      <standardError>0.48</standardError>
      <azimuthalGap>104</azimuthalGap>
      <minimumDistance>0.09</minimumDistance>
      <maximumDistance>1.43</maximumDistance>
    </quality>
    <evaluationMode>manual</evaluationMode>
    <creationInfo>
      <agencyURI>smi:smi-registry/organization/EMSC</agencyURI>
      <authorURI>smi:smi-registry/organization/EMSC</authorURI>
    </creationInfo>
    <originUncertainty>
      <azimuthMaxHorizontalUncertainty>-99</azimuthMaxHorizontalUncertainty>
    </originUncertainty>
  </origin>
  <magnitude publicID="quakeml:eu.emsc/event/19981125_0000020/origin/1487744/mag/2">
    <mag>
      <value>1.9</value>
    </mag>
    <type>ML</type>
    <originID>quakeml:eu.emsc/event/19981125_0000020/origin/1487744</originID>
    <stationCount>3</stationCount>
    <creationInfo>
      <agencyURI>smi:smi-registry/organization/EMSC</agencyURI>
      <authorURI>smi:smi-registry/organization/EMSC</authorURI>
    </creationInfo>
  </magnitude>
</event>
<event publicID="quakeml:eu.emsc/event/19981125_0000021">
  <preferredOriginID>quakeml:eu.emsc/event/19981125_0000021/origin/1491401</preferredOriginID>
  <preferredMagnitudeID>quakeml:eu.emsc/event/19981125_0000021/origin/1491401/mag/1</preferredMagnitudeID>
  <creationInfo>
    <agencyURI>smi:smi-registry/organization/EMSC</agencyURI>
    <authorURI>smi:smi-registry/organization/EMSC</authorURI>
    <creationTime>2014-12-03T16:51:43.95063Z</creationTime>
  </creationInfo>
  <description>
    <text>NEAR SOUTH COAST OF FRANCE</text>
    <type>Flinn-Engdahl region</type>
  </description>
  <origin publicID="quakeml:eu.emsc/event/19981125_0000021/origin/1491401">
    <time>
      <value>1998-11-25T14:30:42.7Z</value>
      <uncertainty>0.12</uncertainty>
    </time>
    <latitude>
      <value>43.3118</value>
      <uncertainty>2.7</uncertainty>
    </latitude>
    <longitude>
      <value>4.9245</value>
      <uncertainty>1.4</uncertainty>
    </longitude>
    <depth>
      <value>10000</value>
    </depth>
    <depthType>from location</depthType>
    <methodID>smi:eu.emsc-csem/origin_method/NA</methodID>
    <quality>
      <usedPhaseCount>75</usedPhaseCount>
      <usedStationCount>38</usedStationCount>
      <standardError>0.71</standardError>
      <azimuthalGap>134</azimuthalGap>
      <minimumDistance>0.37</minimumDistance>
      <maximumDistance>4.03</maximumDistance>
    </quality>
    <evaluationMode>manual</evaluationMode>
    <creationInfo>
      <agencyURI>smi:smi-registry/organization/EMSC</agencyURI>
      <authorURI>smi:smi-registry/organization/EMSC</authorURI>
    </creationInfo>
    <originUncertainty>
      <azimuthMaxHorizontalUncertainty>15</azimuthMaxHorizontalUncertainty>
    </originUncertainty>
  </origin>
  <magnitude publicID="quakeml:eu.emsc/event/19981125_0000021/origin/1491401/mag/1">
    <mag>
      <value>2.8</value>
      <uncertainty>0.4</uncertainty>
    </mag>
    <type>ML</type>
    <originID>quakeml:eu.emsc/event/19981125_0000021/origin/1491401</originID>
    <stationCount>20</stationCount>
    <creationInfo>
      <agencyURI>smi:smi-registry/organization/EMSC</agencyURI>
      <authorURI>smi:smi-registry/organization/EMSC</authorURI>
    </creationInfo>
  </magnitude>
</event>
<event publicID="quakeml:eu.emsc/event/19981125_0000010">
  <preferredOriginID>quakeml:eu.emsc/event/19981125_0000010/origin/1489003</preferredOriginID>
  <preferredMagnitudeID>quakeml:eu.emsc/event/19981125_0000010/origin/1489003/mag/1</preferredMagnitudeID>
  <creationInfo>
    <agencyURI>smi:smi-registry/organization/EMSC</agencyURI>
    <authorURI>smi:smi-registry/organization/EMSC</authorURI>
    <creationTime>2014-12-03T11:18:50.377637Z</creationTime>
  </creationInfo>
  <description>
    <text>SOUTHERN GREECE</text>
    <type>Flinn-Engdahl region</type>
  </description>
  <origin publicID="quakeml:eu.emsc/event/19981125_0000010/origin/1489003">
    <time>
      <value>1998-11-25T12:57:22.7Z</value>
      <uncertainty>0.22</uncertainty>
    </time>
    <latitude>
      <value>37.295</value>
      <uncertainty>5.8</uncertainty>
    </latitude>
    <longitude>
      <value>21.095</value>
      <uncertainty>4.1</uncertainty>
    </longitude>
    <depth>
      <value>2000</value>
    </depth>
    <depthType>from location</depthType>
    <methodID>smi:eu.emsc-csem/origin_method/NA</methodID>
    <quality>
      <usedPhaseCount>75</usedPhaseCount>
      <usedStationCount>65</usedStationCount>
      <standardError>1.06</standardError>
      <azimuthalGap>84</azimuthalGap>
      <minimumDistance>0.67</minimumDistance>
      <maximumDistance>32.06</maximumDistance>
    </quality>
    <evaluationMode>manual</evaluationMode>
    <creationInfo>
      <agencyURI>smi:smi-registry/organization/EMSC</agencyURI>
      <authorURI>smi:smi-registry/organization/EMSC</authorURI>
    </creationInfo>
    <originUncertainty>
      <azimuthMaxHorizontalUncertainty>7</azimuthMaxHorizontalUncertainty>
    </originUncertainty>
  </origin>
  <magnitude publicID="quakeml:eu.emsc/event/19981125_0000010/origin/1489003/mag/1">
    <mag>
      <value>3.5</value>
    </mag>
    <type>Ms</type>
    <originID>quakeml:eu.emsc/event/19981125_0000010/origin/1489003</originID>
    <creationInfo>
      <agencyURI>smi:smi-registry/organization/EMSC</agencyURI>
      <authorURI>smi:smi-registry/organization/EMSC</authorURI>
    </creationInfo>
  </magnitude>
</event>
<event publicID="quakeml:eu.emsc/event/19981125_0000016">
  <preferredOriginID>quakeml:eu.emsc/event/19981125_0000016/origin/1488848</preferredOriginID>
  <preferredMagnitudeID>quakeml:eu.emsc/event/19981125_0000016/origin/1488848/mag/1</preferredMagnitudeID>
  <creationInfo>
    <agencyURI>smi:smi-registry/organization/EMSC</agencyURI>
    <authorURI>smi:smi-registry/organization/EMSC</authorURI>
    <creationTime>2014-12-03T15:49:06.63371Z</creationTime>
  </creationInfo>
  <description>
    <text>NORTHERN ITALY</text>
    <type>Flinn-Engdahl region</type>
  </description>
  <origin publicID="quakeml:eu.emsc/event/19981125_0000016/origin/1488848">
    <time>
      <value>1998-11-25T11:20:01.5Z</value>
      <uncertainty>0.28</uncertainty>
    </time>
    <latitude>
      <value>44.3393</value>
      <uncertainty>5.7</uncertainty>
    </latitude>
    <longitude>
      <value>7.67</value>
      <uncertainty>1.7</uncertainty>
    </longitude>
    <depth>
      <value>10000</value>
    </depth>
    <depthType>from location</depthType>
    <methodID>smi:eu.emsc-csem/origin_method/NA</methodID>
    <quality>
      <usedPhaseCount>20</usedPhaseCount>
      <usedStationCount>10</usedStationCount>
      <standardError>0.47</standardError>
      <azimuthalGap>228</azimuthalGap>
      <minimumDistance>0.39</minimumDistance>
      <maximumDistance>1.4</maximumDistance>
    </quality>
    <evaluationMode>manual</evaluationMode>
    <creationInfo>
      <agencyURI>smi:smi-registry/organization/EMSC</agencyURI>
      <authorURI>smi:smi-registry/organization/EMSC</authorURI>
    </creationInfo>
    <originUncertainty>
      <azimuthMaxHorizontalUncertainty>86</azimuthMaxHorizontalUncertainty>
    </originUncertainty>
  </origin>
  <magnitude publicID="quakeml:eu.emsc/event/19981125_0000016/origin/1488848/mag/1">
    <mag>
      <value>2</value>
      <uncertainty>0.3</uncertainty>
    </mag>
    <type>ML</type>
    <originID>quakeml:eu.emsc/event/19981125_0000016/origin/1488848</originID>
    <stationCount>8</stationCount>
    <creationInfo>
      <agencyURI>smi:smi-registry/organization/EMSC</agencyURI>
      <authorURI>smi:smi-registry/organization/EMSC</authorURI>
    </creationInfo>
  </magnitude>
</event>
<event publicID="quakeml:eu.emsc/event/19981125_0000006">
  <preferredOriginID>quakeml:eu.emsc/event/19981125_0000006/origin/1482116</preferredOriginID>
  <preferredMagnitudeID>quakeml:eu.emsc/event/19981125_0000006/origin/1482116/mag/2</preferredMagnitudeID>
  <creationInfo>
    <agencyURI>smi:smi-registry/organization/EMSC</agencyURI>
    <authorURI>smi:smi-registry/organization/EMSC</authorURI>
    <creationTime>2014-12-11T02:38:20.83969Z</creationTime>
  </creationInfo>
  <description>
    <text>WESTERN TURKEY</text>
    <type>Flinn-Engdahl region</type>
  </description>
  <origin publicID="quakeml:eu.emsc/event/19981125_0000006/origin/1482116">
    <time>
      <value>1998-11-25T09:37:55.3Z</value>
    </time>
    <latitude>
      <value>40.481</value>
      <uncertainty>9999.9</uncertainty>
    </latitude>
    <longitude>
      <value>27.896</value>
      <uncertainty>9999.9</uncertainty>
    </longitude>
    <depth>
      <value>10000</value>
    </depth>
    <depthType>from location</depthType>
    <methodID>smi:eu.emsc-csem/origin_method/NA</methodID>
    <quality>
      <usedPhaseCount>7</usedPhaseCount>
      <usedStationCount>5</usedStationCount>
      <standardError>1.33</standardError>
      <azimuthalGap>225</azimuthalGap>
      <minimumDistance>0.13</minimumDistance>
      <maximumDistance>1.21</maximumDistance>
    </quality>
    <evaluationMode>manual</evaluationMode>
    <creationInfo>
      <agencyURI>smi:smi-registry/organization/EMSC</agencyURI>
      <authorURI>smi:smi-registry/organization/EMSC</authorURI>
    </creationInfo>
    <originUncertainty>
      <azimuthMaxHorizontalUncertainty>-99</azimuthMaxHorizontalUncertainty>
    </originUncertainty>
  </origin>
  <magnitude publicID="quakeml:eu.emsc/event/19981125_0000006/origin/1482116/mag/2">
    <mag>
      <value>2.8</value>
    </mag>
    <type>MD</type>
    <originID>quakeml:eu.emsc/event/19981125_0000006/origin/1482116</originID>
    <creationInfo>
      <agencyURI>smi:smi-registry/organization/EMSC</agencyURI>
      <authorURI>smi:smi-registry/organization/EMSC</authorURI>
    </creationInfo>
  </magnitude>
</event>
<event publicID="quakeml:eu.emsc/event/19981125_0000005">
  <preferredOriginID>quakeml:eu.emsc/event/19981125_0000005/origin/1482118</preferredOriginID>
  <preferredMagnitudeID>quakeml:eu.emsc/event/19981125_0000005/origin/1482118/mag/2</preferredMagnitudeID>
  <creationInfo>
    <agencyURI>smi:smi-registry/organization/EMSC</agencyURI>
    <authorURI>smi:smi-registry/organization/EMSC</authorURI>
    <creationTime>2014-12-11T02:38:02.905961Z</creationTime>
  </creationInfo>
  <description>
    <text>JORDAN</text>
    <type>Flinn-Engdahl region</type>
  </description>
  <origin publicID="quakeml:eu.emsc/event/19981125_0000005/origin/1482118">
    <time>
      <value>1998-11-25T09:13:21.3Z</value>
    </time>
    <latitude>
      <value>30.16</value>
      <uncertainty>9999.9</uncertainty>
    </latitude>
    <longitude>
      <value>36.52</value>
      <uncertainty>9999.9</uncertainty>
    </longitude>
    <depth>
      <value>35000</value>
    </depth>
    <depthType>from location</depthType>
    <methodID>smi:eu.emsc-csem/origin_method/NA</methodID>
    <quality>
      <usedPhaseCount>7</usedPhaseCount>
      <usedStationCount>4</usedStationCount>
      <standardError>1.51</standardError>
      <azimuthalGap>323</azimuthalGap>
      <minimumDistance>1.37</minimumDistance>
      <maximumDistance>1.99</maximumDistance>
    </quality>
    <evaluationMode>manual</evaluationMode>
    <creationInfo>
      <agencyURI>smi:smi-registry/organization/EMSC</agencyURI>
      <authorURI>smi:smi-registry/organization/EMSC</authorURI>
    </creationInfo>
    <originUncertainty>
      <azimuthMaxHorizontalUncertainty>-99</azimuthMaxHorizontalUncertainty>
    </originUncertainty>
  </origin>
  <magnitude publicID="quakeml:eu.emsc/event/19981125_0000005/origin/1482118/mag/2">
    <mag>
      <value>3.2</value>
    </mag>
    <type>MD</type>
    <originID>quakeml:eu.emsc/event/19981125_0000005/origin/1482118</originID>
    <creationInfo>
      <agencyURI>smi:smi-registry/organization/EMSC</agencyURI>
      <authorURI>smi:smi-registry/organization/EMSC</authorURI>
    </creationInfo>
  </magnitude>
</event>
<event publicID="quakeml:eu.emsc/event/19981125_0000004">
  <preferredOriginID>quakeml:eu.emsc/event/19981125_0000004/origin/1482120</preferredOriginID>
  <preferredMagnitudeID>quakeml:eu.emsc/event/19981125_0000004/origin/1482120/mag/2</preferredMagnitudeID>
  <creationInfo>
    <agencyURI>smi:smi-registry/organization/EMSC</agencyURI>
    <authorURI>smi:smi-registry/organization/EMSC</authorURI>
    <creationTime>2014-12-11T02:37:42.843657Z</creationTime>
  </creationInfo>
  <description>
    <text>NEAR THE COAST OF WESTERN TURKEY</text>
    <type>Flinn-Engdahl region</type>
  </description>
  <origin publicID="quakeml:eu.emsc/event/19981125_0000004/origin/1482120">
    <time>
      <value>1998-11-25T06:42:43.0Z</value>
    </time>
    <latitude>
      <value>39.586</value>
      <uncertainty>9999.9</uncertainty>
    </latitude>
    <longitude>
      <value>26.655</value>
      <uncertainty>9999.9</uncertainty>
    </longitude>
    <depth>
      <value>10000</value>
    </depth>
    <depthType>from location</depthType>
    <methodID>smi:eu.emsc-csem/origin_method/NA</methodID>
    <quality>
      <usedPhaseCount>5</usedPhaseCount>
      <usedStationCount>4</usedStationCount>
      <standardError>2.3</standardError>
      <azimuthalGap>252</azimuthalGap>
      <minimumDistance>1.2</minimumDistance>
      <maximumDistance>1.52</maximumDistance>
    </quality>
    <evaluationMode>manual</evaluationMode>
    <creationInfo>
      <agencyURI>smi:smi-registry/organization/EMSC</agencyURI>
      <authorURI>smi:smi-registry/organization/EMSC</authorURI>
    </creationInfo>
    <originUncertainty>
      <azimuthMaxHorizontalUncertainty>-99</azimuthMaxHorizontalUncertainty>
    </originUncertainty>
  </origin>
  <magnitude publicID="quakeml:eu.emsc/event/19981125_0000004/origin/1482120/mag/2">
    <mag>
      <value>2.8</value>
    </mag>
    <type>MD</type>
    <originID>quakeml:eu.emsc/event/19981125_0000004/origin/1482120</originID>
    <creationInfo>
      <agencyURI>smi:smi-registry/organization/EMSC</agencyURI>
      <authorURI>smi:smi-registry/organization/EMSC</authorURI>
    </creationInfo>
  </magnitude>
</event>
<event publicID="quakeml:eu.emsc/event/19981125_0000014">
  <preferredOriginID>quakeml:eu.emsc/event/19981125_0000014/origin/1973614</preferredOriginID>
  <preferredMagnitudeID>quakeml:eu.emsc/event/19981125_0000014/origin/1973614/mag/2</preferredMagnitudeID>
  <creationInfo>
    <agencyURI>smi:smi-registry/organization/EMSC</agencyURI>
    <authorURI>smi:smi-registry/organization/EMSC</authorURI>
    <creationTime>2014-12-11T09:35:00.15158Z</creationTime>
  </creationInfo>
  <description>
    <text>SOUTHERN ITALY</text>
    <type>Flinn-Engdahl region</type>
  </description>
  <origin publicID="quakeml:eu.emsc/event/19981125_0000014/origin/1973614">
    <time>
      <value>1998-11-25T03:09:37.7Z</value>
    </time>
    <latitude>
      <value>39.94</value>
      <uncertainty>9999.9</uncertainty>
    </latitude>
    <longitude>
      <value>15.95</value>
      <uncertainty>9999.9</uncertainty>
    </longitude>
    <depth>
      <value>5000</value>
    </depth>
    <depthType>from location</depthType>
    <methodID>smi:eu.emsc-csem/origin_method/NA</methodID>
    <quality>
      <usedPhaseCount>37</usedPhaseCount>
      <usedStationCount>28</usedStationCount>
      <standardError>1.39</standardError>
      <azimuthalGap>84</azimuthalGap>
      <minimumDistance>0.36</minimumDistance>
      <maximumDistance>2.46</maximumDistance>
    </quality>
    <evaluationMode>manual</evaluationMode>
    <creationInfo>
      <agencyURI>smi:smi-registry/organization/EMSC</agencyURI>
      <authorURI>smi:smi-registry/organization/EMSC</authorURI>
    </creationInfo>
    <originUncertainty>
      <azimuthMaxHorizontalUncertainty>-99</azimuthMaxHorizontalUncertainty>
    </originUncertainty>
  </origin>
  <magnitude publicID="quakeml:eu.emsc/event/19981125_0000014/origin/1973614/mag/2">
    <mag>
      <value>2.2</value>
    </mag>
    <type>ML</type>
    <originID>quakeml:eu.emsc/event/19981125_0000014/origin/1973614</originID>
    <stationCount>17</stationCount>
    <creationInfo>
      <agencyURI>smi:smi-registry/organization/EMSC</agencyURI>
      <authorURI>smi:smi-registry/organization/EMSC</authorURI>
    </creationInfo>
  </magnitude>
</event>
<event publicID="quakeml:eu.emsc/event/19981125_0000002">
  <preferredOriginID>quakeml:eu.emsc/event/19981125_0000002/origin/1489094</preferredOriginID>
  <preferredMagnitudeID>quakeml:eu.emsc/event/19981125_0000002/origin/1489094/mag/2</preferredMagnitudeID>
  <creationInfo>
    <agencyURI>smi:smi-registry/organization/EMSC</agencyURI>
    <authorURI>smi:smi-registry/organization/EMSC</authorURI>
    <creationTime>2014-12-03T10:27:34.43699Z</creationTime>
  </creationInfo>
  <description>
    <text>AEGEAN SEA</text>
    <type>Flinn-Engdahl region</type>
  </description>
  <origin publicID="quakeml:eu.emsc/event/19981125_0000002/origin/1489094">
    <time>
      <value>1998-11-25T02:00:17.0Z</value>
      <uncertainty>0.2</uncertainty>
    </time>
    <latitude>
      <value>39.3546</value>
      <uncertainty>6.2</uncertainty>
    </latitude>
    <longitude>
      <value>25.5527</value>
      <uncertainty>5.2</uncertainty>
    </longitude>
    <depth>
      <value>2000</value>
    </depth>
    <depthType>from location</depthType>
    <methodID>smi:eu.emsc-csem/origin_method/NA</methodID>
    <quality>
      <usedPhaseCount>31</usedPhaseCount>
      <usedStationCount>31</usedStationCount>
      <standardError>0.99</standardError>
      <azimuthalGap>70</azimuthalGap>
      <minimumDistance>1.49</minimumDistance>
      <maximumDistance>4.49</maximumDistance>
    </quality>
    <evaluationMode>manual</evaluationMode>
    <creationInfo>
      <agencyURI>smi:smi-registry/organization/EMSC</agencyURI>
      <authorURI>smi:smi-registry/organization/EMSC</authorURI>
    </creationInfo>
    <originUncertainty>
      <azimuthMaxHorizontalUncertainty>2</azimuthMaxHorizontalUncertainty>
    </originUncertainty>
  </origin>
  <magnitude publicID="quakeml:eu.emsc/event/19981125_0000002/origin/1489094/mag/2">
    <mag>
      <value>3.6</value>
    </mag>
    <type>MD</type>
    <originID>quakeml:eu.emsc/event/19981125_0000002/origin/1489094</originID>
    <creationInfo>
      <agencyURI>smi:smi-registry/organization/EMSC</agencyURI>
      <authorURI>smi:smi-registry/organization/EMSC</authorURI>
    </creationInfo>
  </magnitude>
</event>
<event publicID="quakeml:eu.emsc/event/19981125_0000017">
  <preferredOriginID>quakeml:eu.emsc/event/19981125_0000017/origin/1488851</preferredOriginID>
  <preferredMagnitudeID>quakeml:eu.emsc/event/19981125_0000017/origin/1488851/mag/2</preferredMagnitudeID>
  <creationInfo>
    <agencyURI>smi:smi-registry/organization/EMSC</agencyURI>
    <authorURI>smi:smi-registry/organization/EMSC</authorURI>
    <creationTime>2014-12-03T15:58:43.70448Z</creationTime>
  </creationInfo>
  <description>
    <text>PYRENEES</text>
    <type>Flinn-Engdahl region</type>
  </description>
  <origin publicID="quakeml:eu.emsc/event/19981125_0000017/origin/1488851">
    <time>
      <value>1998-11-25T01:25:24.0Z</value>
      <uncertainty>0.17</uncertainty>
    </time>
    <latitude>
      <value>42.314</value>
      <uncertainty>4.9</uncertainty>
    </latitude>
    <longitude>
      <value>2.2097</value>
      <uncertainty>2.9</uncertainty>
    </longitude>
    <depth>
      <value>15000</value>
    </depth>
    <depthType>from location</depthType>
    <methodID>smi:eu.emsc-csem/origin_method/NA</methodID>
    <quality>
      <usedPhaseCount>15</usedPhaseCount>
      <usedStationCount>8</usedStationCount>
      <standardError>0.64</standardError>
      <azimuthalGap>102</azimuthalGap>
      <minimumDistance>0.17</minimumDistance>
      <maximumDistance>1.41</maximumDistance>
    </quality>
    <evaluationMode>manual</evaluationMode>
    <creationInfo>
      <agencyURI>smi:smi-registry/organization/EMSC</agencyURI>
      <authorURI>smi:smi-registry/organization/EMSC</authorURI>
    </creationInfo>
    <originUncertainty>
      <azimuthMaxHorizontalUncertainty>171</azimuthMaxHorizontalUncertainty>
    </originUncertainty>
  </origin>
  <magnitude publicID="quakeml:eu.emsc/event/19981125_0000017/origin/1488851/mag/2">
    <mag>
      <value>1.5</value>
      <uncertainty>0.3</uncertainty>
    </mag>
    <type>mb</type>
    <originID>quakeml:eu.emsc/event/19981125_0000017/origin/1488851</originID>
    <stationCount>2</stationCount>
    <creationInfo>
      <agencyURI>smi:smi-registry/organization/EMSC</agencyURI>
      <authorURI>smi:smi-registry/organization/EMSC</authorURI>
    </creationInfo>
  </magnitude>
</event>
<event publicID="quakeml:eu.emsc/event/19981125_0000001">
  <preferredOriginID>quakeml:eu.emsc/event/19981125_0000001/origin/1489097</preferredOriginID>
  <creationInfo>
    <agencyURI>smi:smi-registry/organization/EMSC</agencyURI>
    <authorURI>smi:smi-registry/organization/EMSC</authorURI>
    <creationTime>2014-12-03T11:27:01.199888Z</creationTime>
  </creationInfo>
  <description>
    <text>POLAND</text>
    <type>Flinn-Engdahl region</type>
  </description>
  <origin publicID="quakeml:eu.emsc/event/19981125_0000001/origin/1489097">
    <time>
      <value>1998-11-25T00:15:30.8Z</value>
      <uncertainty>0.39</uncertainty>
    </time>
    <latitude>
      <value>51.4477</value>
      <uncertainty>7.3</uncertainty>
    </latitude>
    <longitude>
      <value>16.2045</value>
      <uncertainty>6.1</uncertainty>
    </longitude>
    <depth>
      <value>2000</value>
    </depth>
    <depthType>from location</depthType>
    <methodID>smi:eu.emsc-csem/origin_method/NA</methodID>
    <quality>
      <usedPhaseCount>26</usedPhaseCount>
      <usedStationCount>13</usedStationCount>
      <standardError>1.14</standardError>
      <azimuthalGap>125</azimuthalGap>
      <minimumDistance>0.61</minimumDistance>
      <maximumDistance>8.82</maximumDistance>
    </quality>
    <evaluationMode>manual</evaluationMode>
    <creationInfo>
      <agencyURI>smi:smi-registry/organization/EMSC</agencyURI>
      <authorURI>smi:smi-registry/organization/EMSC</authorURI>
    </creationInfo>
    <originUncertainty>
      <azimuthMaxHorizontalUncertainty>10</azimuthMaxHorizontalUncertainty>
    </originUncertainty>
  </origin>
</event>
</eventParameters>
</q:quakeml>
