<?xml version="1.0"?>
<q:quakeml xmlns:q="http://quakeml.org/xmlns/quakeml/1.2"  xmlns="http://quakeml.org/xmlns/bed/1.2">
<eventParameters publicID="smi:eu.emsc/unid">
<event publicID="quakeml:eu.emsc/event/19980202_0000013">
  <preferredOriginID>quakeml:eu.emsc/event/19980202_0000013/origin/1498212</preferredOriginID>
  <preferredMagnitudeID>quakeml:eu.emsc/event/19980202_0000013/origin/1498212/mag/2</preferredMagnitudeID>
  <creationInfo>
    <agencyURI>smi:smi-registry/organization/EMSC</agencyURI>
    <authorURI>smi:smi-registry/organization/EMSC</authorURI>
    <creationTime>2014-12-03T10:37:44.968824Z</creationTime>
  </creationInfo>
  <description>
    <text>SOUTHERN GREECE</text>
    <type>Flinn-Engdahl region</type>
  </description>
  <origin publicID="quakeml:eu.emsc/event/19980202_0000013/origin/1498212">
    <time>
      <value>1998-02-02T22:50:39.7Z</value>
      <uncertainty>0.35</uncertainty>
    </time>
    <latitude>
      <value>37.1328</value>
      <uncertainty>8.1</uncertainty>
    </latitude>
    <longitude>
      <value>21.0346</value>
      <uncertainty>5.1</uncertainty>
    </longitude>
    <depth>
      <value>2000</value>
    </depth>
    <depthType>from location</depthType>
    <methodID>smi:eu.emsc-csem/origin_method/NA</methodID>
    <quality>
      <usedPhaseCount>34</usedPhaseCount>
      <usedStationCount>33</usedStationCount>
      <standardError>0.79</standardError>
      <azimuthalGap>166</azimuthalGap>
      <minimumDistance>0.71</minimumDistance>
      <maximumDistance>5.37</maximumDistance>
    </quality>
    <evaluationMode>manual</evaluationMode>
    <creationInfo>
      <agencyURI>smi:smi-registry/organization/EMSC</agencyURI>
      <authorURI>smi:smi-registry/organization/EMSC</authorURI>
    </creationInfo>
    <originUncertainty>
      <azimuthMaxHorizontalUncertainty>7</azimuthMaxHorizontalUncertainty>
    </originUncertainty>
  </origin>
  <magnitude publicID="quakeml:eu.emsc/event/19980202_0000013/origin/1498212/mag/2">
    <mag>
      <value>3.4</value>
    </mag>
    <type>ML</type>
    <originID>quakeml:eu.emsc/event/19980202_0000013/origin/1498212</originID>
    <creationInfo>
      <agencyURI>smi:smi-registry/organization/EMSC</agencyURI>
      <authorURI>smi:smi-registry/organization/EMSC</authorURI>
    </creationInfo>
  </magnitude>
</event>
<event publicID="quakeml:eu.emsc/event/19980202_0000017">
  <preferredOriginID>quakeml:eu.emsc/event/19980202_0000017/origin/1497649</preferredOriginID>
  <preferredMagnitudeID>quakeml:eu.emsc/event/19980202_0000017/origin/1497649/mag/1</preferredMagnitudeID>
  <creationInfo>
    <agencyURI>smi:smi-registry/organization/EMSC</agencyURI>
    <authorURI>smi:smi-registry/organization/EMSC</authorURI>
    <creationTime>2014-12-03T15:51:03.871268Z</creationTime>
  </creationInfo>
  <description>
    <text>NORTHERN ITALY</text>
    <type>Flinn-Engdahl region</type>
  </description>
  <origin publicID="quakeml:eu.emsc/event/19980202_0000017/origin/1497649">
    <time>
      <value>1998-02-02T20:56:11.0Z</value>
      <uncertainty>0.08</uncertainty>
    </time>
    <latitude>
      <value>44.3485</value>
      <uncertainty>1.9</uncertainty>
    </latitude>
    <longitude>
      <value>7.3087</value>
      <uncertainty>1.4</uncertainty>
    </longitude>
    <depth>
      <value>15000</value>
    </depth>
    <depthType>from location</depthType>
    <methodID>smi:eu.emsc-csem/origin_method/NA</methodID>
    <quality>
      <usedPhaseCount>53</usedPhaseCount>
      <usedStationCount>30</usedStationCount>
      <standardError>0.67</standardError>
      <azimuthalGap>77</azimuthalGap>
      <minimumDistance>0.1</minimumDistance>
      <maximumDistance>2.18</maximumDistance>
    </quality>
    <evaluationMode>manual</evaluationMode>
    <creationInfo>
      <agencyURI>smi:smi-registry/organization/EMSC</agencyURI>
      <authorURI>smi:smi-registry/organization/EMSC</authorURI>
    </creationInfo>
    <originUncertainty>
      <azimuthMaxHorizontalUncertainty>57</azimuthMaxHorizontalUncertainty>
    </originUncertainty>
  </origin>
  <magnitude publicID="quakeml:eu.emsc/event/19980202_0000017/origin/1497649/mag/1">
    <mag>
      <value>1.9</value>
      <uncertainty>0.4</uncertainty>
    </mag>
    <type>ML</type>
    <originID>quakeml:eu.emsc/event/19980202_0000017/origin/1497649</originID>
    <stationCount>8</stationCount>
    <creationInfo>
      <agencyURI>smi:smi-registry/organization/EMSC</agencyURI>
      <authorURI>smi:smi-registry/organization/EMSC</authorURI>
    </creationInfo>
  </magnitude>
</event>
<event publicID="quakeml:eu.emsc/event/19980202_0000012">
  <preferredOriginID>quakeml:eu.emsc/event/19980202_0000012/origin/1498215</preferredOriginID>
  <preferredMagnitudeID>quakeml:eu.emsc/event/19980202_0000012/origin/1498215/mag/2</preferredMagnitudeID>
  <creationInfo>
    <agencyURI>smi:smi-registry/organization/EMSC</agencyURI>
    <authorURI>smi:smi-registry/organization/EMSC</authorURI>
    <creationTime>2014-12-03T11:24:16.804075Z</creationTime>
  </creationInfo>
  <description>
    <text>IONIAN SEA</text>
    <type>Flinn-Engdahl region</type>
  </description>
  <origin publicID="quakeml:eu.emsc/event/19980202_0000012/origin/1498215">
    <time>
      <value>1998-02-02T20:25:47.7Z</value>
      <uncertainty>1.1</uncertainty>
    </time>
    <latitude>
      <value>37.2526</value>
      <uncertainty>24.4</uncertainty>
    </latitude>
    <longitude>
      <value>20.8423</value>
      <uncertainty>8.2</uncertainty>
    </longitude>
    <depth>
      <value>2000</value>
    </depth>
    <depthType>from location</depthType>
    <methodID>smi:eu.emsc-csem/origin_method/NA</methodID>
    <quality>
      <usedPhaseCount>16</usedPhaseCount>
      <usedStationCount>15</usedStationCount>
      <standardError>0.71</standardError>
      <azimuthalGap>253</azimuthalGap>
      <minimumDistance>0.87</minimumDistance>
      <maximumDistance>4.74</maximumDistance>
    </quality>
    <evaluationMode>manual</evaluationMode>
    <creationInfo>
      <agencyURI>smi:smi-registry/organization/EMSC</agencyURI>
      <authorURI>smi:smi-registry/organization/EMSC</authorURI>
    </creationInfo>
    <originUncertainty>
      <azimuthMaxHorizontalUncertainty>37</azimuthMaxHorizontalUncertainty>
    </originUncertainty>
  </origin>
  <magnitude publicID="quakeml:eu.emsc/event/19980202_0000012/origin/1498215/mag/2">
    <mag>
      <value>3.5</value>
    </mag>
    <type>ML</type>
    <originID>quakeml:eu.emsc/event/19980202_0000012/origin/1498215</originID>
    <creationInfo>
      <agencyURI>smi:smi-registry/organization/EMSC</agencyURI>
      <authorURI>smi:smi-registry/organization/EMSC</authorURI>
    </creationInfo>
  </magnitude>
</event>
<event publicID="quakeml:eu.emsc/event/19980202_0000011">
  <preferredOriginID>quakeml:eu.emsc/event/19980202_0000011/origin/1485600</preferredOriginID>
  <preferredMagnitudeID>quakeml:eu.emsc/event/19980202_0000011/origin/1485600/mag/2</preferredMagnitudeID>
  <creationInfo>
    <agencyURI>smi:smi-registry/organization/EMSC</agencyURI>
    <authorURI>smi:smi-registry/organization/EMSC</authorURI>
    <creationTime>2014-12-11T07:03:58.495174Z</creationTime>
  </creationInfo>
  <description>
    <text>IONIAN SEA</text>
    <type>Flinn-Engdahl region</type>
  </description>
  <origin publicID="quakeml:eu.emsc/event/19980202_0000011/origin/1485600">
    <time>
      <value>1998-02-02T19:54:14.5Z</value>
    </time>
    <latitude>
      <value>37.29</value>
      <uncertainty>9999.9</uncertainty>
    </latitude>
    <longitude>
      <value>20.8</value>
      <uncertainty>9999.9</uncertainty>
    </longitude>
    <depth>
      <value>5000</value>
    </depth>
    <depthType>from location</depthType>
    <methodID>smi:eu.emsc-csem/origin_method/NA</methodID>
    <quality>
      <usedPhaseCount>5</usedPhaseCount>
      <usedStationCount>4</usedStationCount>
      <standardError>2.37</standardError>
      <azimuthalGap>241</azimuthalGap>
      <minimumDistance>0.9</minimumDistance>
      <maximumDistance>1.81</maximumDistance>
    </quality>
    <evaluationMode>manual</evaluationMode>
    <creationInfo>
      <agencyURI>smi:smi-registry/organization/EMSC</agencyURI>
      <authorURI>smi:smi-registry/organization/EMSC</authorURI>
    </creationInfo>
    <originUncertainty>
      <azimuthMaxHorizontalUncertainty>-99</azimuthMaxHorizontalUncertainty>
    </originUncertainty>
  </origin>
  <magnitude publicID="quakeml:eu.emsc/event/19980202_0000011/origin/1485600/mag/2">
    <mag>
      <value>3.1</value>
    </mag>
    <type>MD</type>
    <originID>quakeml:eu.emsc/event/19980202_0000011/origin/1485600</originID>
    <creationInfo>
      <agencyURI>smi:smi-registry/organization/EMSC</agencyURI>
      <authorURI>smi:smi-registry/organization/EMSC</authorURI>
    </creationInfo>
  </magnitude>
</event>
<event publicID="quakeml:eu.emsc/event/19980202_0000022">
  <preferredOriginID>quakeml:eu.emsc/event/19980202_0000022/origin/1485602</preferredOriginID>
  <preferredMagnitudeID>quakeml:eu.emsc/event/19980202_0000022/origin/1485602/mag/2</preferredMagnitudeID>
  <creationInfo>
    <agencyURI>smi:smi-registry/organization/EMSC</agencyURI>
    <authorURI>smi:smi-registry/organization/EMSC</authorURI>
    <creationTime>2014-12-10T19:00:06.261296Z</creationTime>
  </creationInfo>
  <description>
    <text>NORTHERN ITALY</text>
    <type>Flinn-Engdahl region</type>
  </description>
  <origin publicID="quakeml:eu.emsc/event/19980202_0000022/origin/1485602">
    <time>
      <value>1998-02-02T17:36:33.8Z</value>
    </time>
    <latitude>
      <value>44.2662</value>
      <uncertainty>9999.9</uncertainty>
    </latitude>
    <longitude>
      <value>7.3323</value>
      <uncertainty>9999.9</uncertainty>
    </longitude>
    <depth>
      <value>16000</value>
    </depth>
    <depthType>from location</depthType>
    <methodID>smi:eu.emsc-csem/origin_method/NA</methodID>
    <quality>
      <usedPhaseCount>12</usedPhaseCount>
      <usedStationCount>8</usedStationCount>
      <standardError>9.09</standardError>
      <azimuthalGap>130</azimuthalGap>
      <minimumDistance>0.02</minimumDistance>
      <maximumDistance>0.63</maximumDistance>
    </quality>
    <evaluationMode>manual</evaluationMode>
    <creationInfo>
      <agencyURI>smi:smi-registry/organization/EMSC</agencyURI>
      <authorURI>smi:smi-registry/organization/EMSC</authorURI>
    </creationInfo>
    <originUncertainty>
      <azimuthMaxHorizontalUncertainty>-99</azimuthMaxHorizontalUncertainty>
    </originUncertainty>
  </origin>
  <magnitude publicID="quakeml:eu.emsc/event/19980202_0000022/origin/1485602/mag/2">
    <mag>
      <value>1.8</value>
    </mag>
    <type>ML</type>
    <originID>quakeml:eu.emsc/event/19980202_0000022/origin/1485602</originID>
    <creationInfo>
      <agencyURI>smi:smi-registry/organization/EMSC</agencyURI>
      <authorURI>smi:smi-registry/organization/EMSC</authorURI>
    </creationInfo>
  </magnitude>
</event>
<event publicID="quakeml:eu.emsc/event/19980202_0000020">
  <preferredOriginID>quakeml:eu.emsc/event/19980202_0000020/origin/1485604</preferredOriginID>
  <preferredMagnitudeID>quakeml:eu.emsc/event/19980202_0000020/origin/1485604/mag/2</preferredMagnitudeID>
  <creationInfo>
    <agencyURI>smi:smi-registry/organization/EMSC</agencyURI>
    <authorURI>smi:smi-registry/organization/EMSC</authorURI>
    <creationTime>2014-12-10T12:53:15.58138Z</creationTime>
  </creationInfo>
  <description>
    <text>NORTHERN ITALY</text>
    <type>Flinn-Engdahl region</type>
  </description>
  <origin publicID="quakeml:eu.emsc/event/19980202_0000020/origin/1485604">
    <time>
      <value>1998-02-02T17:35:37.6Z</value>
    </time>
    <latitude>
      <value>44.2425</value>
      <uncertainty>9999.9</uncertainty>
    </latitude>
    <longitude>
      <value>7.3938</value>
      <uncertainty>9999.9</uncertainty>
    </longitude>
    <depth>
      <value>9500.0</value>
    </depth>
    <depthType>from location</depthType>
    <methodID>smi:eu.emsc-csem/origin_method/NA</methodID>
    <quality>
      <usedPhaseCount>13</usedPhaseCount>
      <usedStationCount>9</usedStationCount>
      <standardError>9.39</standardError>
      <azimuthalGap>121</azimuthalGap>
      <minimumDistance>0.02</minimumDistance>
      <maximumDistance>0.6</maximumDistance>
    </quality>
    <evaluationMode>manual</evaluationMode>
    <creationInfo>
      <agencyURI>smi:smi-registry/organization/EMSC</agencyURI>
      <authorURI>smi:smi-registry/organization/EMSC</authorURI>
    </creationInfo>
    <originUncertainty>
      <azimuthMaxHorizontalUncertainty>-99</azimuthMaxHorizontalUncertainty>
    </originUncertainty>
  </origin>
  <magnitude publicID="quakeml:eu.emsc/event/19980202_0000020/origin/1485604/mag/2">
    <mag>
      <value>1.9</value>
    </mag>
    <type>ML</type>
    <originID>quakeml:eu.emsc/event/19980202_0000020/origin/1485604</originID>
    <creationInfo>
      <agencyURI>smi:smi-registry/organization/EMSC</agencyURI>
      <authorURI>smi:smi-registry/organization/EMSC</authorURI>
    </creationInfo>
  </magnitude>
</event>
<event publicID="quakeml:eu.emsc/event/19980202_0000016">
  <preferredOriginID>quakeml:eu.emsc/event/19980202_0000016/origin/1497652</preferredOriginID>
  <preferredMagnitudeID>quakeml:eu.emsc/event/19980202_0000016/origin/1497652/mag/2</preferredMagnitudeID>
  <creationInfo>
    <agencyURI>smi:smi-registry/organization/EMSC</agencyURI>
    <authorURI>smi:smi-registry/organization/EMSC</authorURI>
    <creationTime>2014-12-03T15:35:17.16129Z</creationTime>
  </creationInfo>
  <description>
    <text>PYRENEES</text>
    <type>Flinn-Engdahl region</type>
  </description>
  <origin publicID="quakeml:eu.emsc/event/19980202_0000016/origin/1497652">
    <time>
      <value>1998-02-02T14:49:43.7Z</value>
      <uncertainty>0.05</uncertainty>
    </time>
    <latitude>
      <value>42.6422</value>
      <uncertainty>1.7</uncertainty>
    </latitude>
    <longitude>
      <value>0.7723</value>
      <uncertainty>1</uncertainty>
    </longitude>
    <depth>
      <value>8000</value>
    </depth>
    <depthType>from location</depthType>
    <methodID>smi:eu.emsc-csem/origin_method/NA</methodID>
    <quality>
      <usedPhaseCount>9</usedPhaseCount>
      <usedStationCount>4</usedStationCount>
      <standardError>0.17</standardError>
      <azimuthalGap>170</azimuthalGap>
      <minimumDistance>0.01</minimumDistance>
      <maximumDistance>0.36</maximumDistance>
    </quality>
    <evaluationMode>manual</evaluationMode>
    <creationInfo>
      <agencyURI>smi:smi-registry/organization/EMSC</agencyURI>
      <authorURI>smi:smi-registry/organization/EMSC</authorURI>
    </creationInfo>
    <originUncertainty>
      <azimuthMaxHorizontalUncertainty>105</azimuthMaxHorizontalUncertainty>
    </originUncertainty>
  </origin>
  <magnitude publicID="quakeml:eu.emsc/event/19980202_0000016/origin/1497652/mag/2">
    <mag>
      <value>1</value>
    </mag>
    <type>ML</type>
    <originID>quakeml:eu.emsc/event/19980202_0000016/origin/1497652</originID>
    <creationInfo>
      <agencyURI>smi:smi-registry/organization/EMSC</agencyURI>
      <authorURI>smi:smi-registry/organization/EMSC</authorURI>
    </creationInfo>
  </magnitude>
</event>
<event publicID="quakeml:eu.emsc/event/19980202_0000009">
  <preferredOriginID>quakeml:eu.emsc/event/19980202_0000009/origin/1485606</preferredOriginID>
  <preferredMagnitudeID>quakeml:eu.emsc/event/19980202_0000009/origin/1485606/mag/2</preferredMagnitudeID>
  <creationInfo>
    <agencyURI>smi:smi-registry/organization/EMSC</agencyURI>
    <authorURI>smi:smi-registry/organization/EMSC</authorURI>
    <creationTime>2014-12-11T06:56:00.592289Z</creationTime>
  </creationInfo>
  <description>
    <text>SOUTHERN NORWAY</text>
    <type>Flinn-Engdahl region</type>
  </description>
  <origin publicID="quakeml:eu.emsc/event/19980202_0000009/origin/1485606">
    <time>
      <value>1998-02-02T09:23:14.1Z</value>
    </time>
    <latitude>
      <value>61.591</value>
      <uncertainty>9999.9</uncertainty>
    </latitude>
    <longitude>
      <value>4.199</value>
      <uncertainty>9999.9</uncertainty>
    </longitude>
    <depth>
      <value>15000</value>
    </depth>
    <depthType>from location</depthType>
    <methodID>smi:eu.emsc-csem/origin_method/NA</methodID>
    <quality>
      <usedPhaseCount>12</usedPhaseCount>
      <usedStationCount>7</usedStationCount>
      <standardError>2.74</standardError>
      <azimuthalGap>249</azimuthalGap>
      <minimumDistance>0.4</minimumDistance>
      <maximumDistance>2.44</maximumDistance>
    </quality>
    <evaluationMode>manual</evaluationMode>
    <creationInfo>
      <agencyURI>smi:smi-registry/organization/EMSC</agencyURI>
      <authorURI>smi:smi-registry/organization/EMSC</authorURI>
    </creationInfo>
    <originUncertainty>
      <azimuthMaxHorizontalUncertainty>-99</azimuthMaxHorizontalUncertainty>
    </originUncertainty>
  </origin>
  <magnitude publicID="quakeml:eu.emsc/event/19980202_0000009/origin/1485606/mag/2">
    <mag>
      <value>1.6</value>
    </mag>
    <type>ML</type>
    <originID>quakeml:eu.emsc/event/19980202_0000009/origin/1485606</originID>
    <creationInfo>
      <agencyURI>smi:smi-registry/organization/EMSC</agencyURI>
      <authorURI>smi:smi-registry/organization/EMSC</authorURI>
    </creationInfo>
  </magnitude>
</event>
<event publicID="quakeml:eu.emsc/event/19980202_0000018">
  <preferredOriginID>quakeml:eu.emsc/event/19980202_0000018/origin/1497655</preferredOriginID>
  <preferredMagnitudeID>quakeml:eu.emsc/event/19980202_0000018/origin/1497655/mag/1</preferredMagnitudeID>
  <creationInfo>
    <agencyURI>smi:smi-registry/organization/EMSC</agencyURI>
    <authorURI>smi:smi-registry/organization/EMSC</authorURI>
    <creationTime>2014-12-03T15:51:03.995462Z</creationTime>
  </creationInfo>
  <description>
    <text>FRANCE</text>
    <type>Flinn-Engdahl region</type>
  </description>
  <origin publicID="quakeml:eu.emsc/event/19980202_0000018/origin/1497655">
    <time>
      <value>1998-02-02T09:12:48.5Z</value>
      <uncertainty>0.14</uncertainty>
    </time>
    <latitude>
      <value>45.6628</value>
      <uncertainty>3.3</uncertainty>
    </latitude>
    <longitude>
      <value>2.5865</value>
      <uncertainty>1.9</uncertainty>
    </longitude>
    <depth>
      <value>15000</value>
    </depth>
    <depthType>from location</depthType>
    <methodID>smi:eu.emsc-csem/origin_method/NA</methodID>
    <quality>
      <usedPhaseCount>25</usedPhaseCount>
      <usedStationCount>13</usedStationCount>
      <standardError>0.63</standardError>
      <azimuthalGap>129</azimuthalGap>
      <minimumDistance>0.31</minimumDistance>
      <maximumDistance>2.34</maximumDistance>
    </quality>
    <evaluationMode>manual</evaluationMode>
    <creationInfo>
      <agencyURI>smi:smi-registry/organization/EMSC</agencyURI>
      <authorURI>smi:smi-registry/organization/EMSC</authorURI>
    </creationInfo>
    <originUncertainty>
      <azimuthMaxHorizontalUncertainty>115</azimuthMaxHorizontalUncertainty>
    </originUncertainty>
  </origin>
  <magnitude publicID="quakeml:eu.emsc/event/19980202_0000018/origin/1497655/mag/1">
    <mag>
      <value>2.6</value>
      <uncertainty>0.2</uncertainty>
    </mag>
    <type>ML</type>
    <originID>quakeml:eu.emsc/event/19980202_0000018/origin/1497655</originID>
    <stationCount>9</stationCount>
    <creationInfo>
      <agencyURI>smi:smi-registry/organization/EMSC</agencyURI>
      <authorURI>smi:smi-registry/organization/EMSC</authorURI>
    </creationInfo>
  </magnitude>
</event>
<event publicID="quakeml:eu.emsc/event/19980202_0000019">
  <preferredOriginID>quakeml:eu.emsc/event/19980202_0000019/origin/1497658</preferredOriginID>
  <preferredMagnitudeID>quakeml:eu.emsc/event/19980202_0000019/origin/1497658/mag/1</preferredMagnitudeID>
  <creationInfo>
    <agencyURI>smi:smi-registry/organization/EMSC</agencyURI>
    <authorURI>smi:smi-registry/organization/EMSC</authorURI>
    <creationTime>2014-12-03T15:55:02.56615Z</creationTime>
  </creationInfo>
  <description>
    <text>NEAR SOUTH COAST OF FRANCE</text>
    <type>Flinn-Engdahl region</type>
  </description>
  <origin publicID="quakeml:eu.emsc/event/19980202_0000019/origin/1497658">
    <time>
      <value>1998-02-02T08:01:35.2Z</value>
      <uncertainty>0.33</uncertainty>
    </time>
    <latitude>
      <value>43.794</value>
      <uncertainty>6.7</uncertainty>
    </latitude>
    <longitude>
      <value>7.4345</value>
      <uncertainty>3.4</uncertainty>
    </longitude>
    <depth>
      <value>10000</value>
    </depth>
    <depthType>from location</depthType>
    <methodID>smi:eu.emsc-csem/origin_method/NA</methodID>
    <quality>
      <usedPhaseCount>25</usedPhaseCount>
      <usedStationCount>13</usedStationCount>
      <standardError>0.95</standardError>
      <azimuthalGap>197</azimuthalGap>
      <minimumDistance>0.07</minimumDistance>
      <maximumDistance>1.58</maximumDistance>
    </quality>
    <evaluationMode>manual</evaluationMode>
    <creationInfo>
      <agencyURI>smi:smi-registry/organization/EMSC</agencyURI>
      <authorURI>smi:smi-registry/organization/EMSC</authorURI>
    </creationInfo>
    <originUncertainty>
      <azimuthMaxHorizontalUncertainty>122</azimuthMaxHorizontalUncertainty>
    </originUncertainty>
  </origin>
  <magnitude publicID="quakeml:eu.emsc/event/19980202_0000019/origin/1497658/mag/1">
    <mag>
      <value>1.7</value>
      <uncertainty>0.3</uncertainty>
    </mag>
    <type>ML</type>
    <originID>quakeml:eu.emsc/event/19980202_0000019/origin/1497658</originID>
    <stationCount>6</stationCount>
    <creationInfo>
      <agencyURI>smi:smi-registry/organization/EMSC</agencyURI>
      <authorURI>smi:smi-registry/organization/EMSC</authorURI>
    </creationInfo>
  </magnitude>
</event>
<event publicID="quakeml:eu.emsc/event/19980202_0000008">
  <preferredOriginID>quakeml:eu.emsc/event/19980202_0000008/origin/1498218</preferredOriginID>
  <preferredMagnitudeID>quakeml:eu.emsc/event/19980202_0000008/origin/1498218/mag/2</preferredMagnitudeID>
  <creationInfo>
    <agencyURI>smi:smi-registry/organization/EMSC</agencyURI>
    <authorURI>smi:smi-registry/organization/EMSC</authorURI>
    <creationTime>2014-12-03T10:38:21.137522Z</creationTime>
  </creationInfo>
  <description>
    <text>IONIAN SEA</text>
    <type>Flinn-Engdahl region</type>
  </description>
  <origin publicID="quakeml:eu.emsc/event/19980202_0000008/origin/1498218">
    <time>
      <value>1998-02-02T06:44:23.2Z</value>
      <uncertainty>0.89</uncertainty>
    </time>
    <latitude>
      <value>37.5889</value>
      <uncertainty>22.2</uncertainty>
    </latitude>
    <longitude>
      <value>20.9495</value>
      <uncertainty>9.7</uncertainty>
    </longitude>
    <depth>
      <value>2000</value>
    </depth>
    <depthType>from location</depthType>
    <methodID>smi:eu.emsc-csem/origin_method/NA</methodID>
    <quality>
      <usedPhaseCount>17</usedPhaseCount>
      <usedStationCount>17</usedStationCount>
      <standardError>0.96</standardError>
      <azimuthalGap>216</azimuthalGap>
      <minimumDistance>0.65</minimumDistance>
      <maximumDistance>4.39</maximumDistance>
    </quality>
    <evaluationMode>manual</evaluationMode>
    <creationInfo>
      <agencyURI>smi:smi-registry/organization/EMSC</agencyURI>
      <authorURI>smi:smi-registry/organization/EMSC</authorURI>
    </creationInfo>
    <originUncertainty>
      <azimuthMaxHorizontalUncertainty>41</azimuthMaxHorizontalUncertainty>
    </originUncertainty>
  </origin>
  <magnitude publicID="quakeml:eu.emsc/event/19980202_0000008/origin/1498218/mag/2">
    <mag>
      <value>3.6</value>
    </mag>
    <type>ML</type>
    <originID>quakeml:eu.emsc/event/19980202_0000008/origin/1498218</originID>
    <creationInfo>
      <agencyURI>smi:smi-registry/organization/EMSC</agencyURI>
      <authorURI>smi:smi-registry/organization/EMSC</authorURI>
    </creationInfo>
  </magnitude>
</event>
<event publicID="quakeml:eu.emsc/event/19980202_0000007">
  <preferredOriginID>quakeml:eu.emsc/event/19980202_0000007/origin/1498221</preferredOriginID>
  <preferredMagnitudeID>quakeml:eu.emsc/event/19980202_0000007/origin/1498221/mag/2</preferredMagnitudeID>
  <creationInfo>
    <agencyURI>smi:smi-registry/organization/EMSC</agencyURI>
    <authorURI>smi:smi-registry/organization/EMSC</authorURI>
    <creationTime>2014-12-03T12:08:55.159235Z</creationTime>
  </creationInfo>
  <description>
    <text>GREECE</text>
    <type>Flinn-Engdahl region</type>
  </description>
  <origin publicID="quakeml:eu.emsc/event/19980202_0000007/origin/1498221">
    <time>
      <value>1998-02-02T05:55:50.3Z</value>
      <uncertainty>0.2</uncertainty>
    </time>
    <latitude>
      <value>39.7019</value>
      <uncertainty>6</uncertainty>
    </latitude>
    <longitude>
      <value>20.7696</value>
      <uncertainty>4.2</uncertainty>
    </longitude>
    <depth>
      <value>8000</value>
    </depth>
    <depthType>from location</depthType>
    <methodID>smi:eu.emsc-csem/origin_method/NA</methodID>
    <quality>
      <usedPhaseCount>19</usedPhaseCount>
      <usedStationCount>15</usedStationCount>
      <standardError>0.8</standardError>
      <azimuthalGap>73</azimuthalGap>
      <minimumDistance>0.08</minimumDistance>
      <maximumDistance>2.55</maximumDistance>
    </quality>
    <evaluationMode>manual</evaluationMode>
    <creationInfo>
      <agencyURI>smi:smi-registry/organization/EMSC</agencyURI>
      <authorURI>smi:smi-registry/organization/EMSC</authorURI>
    </creationInfo>
    <originUncertainty>
      <azimuthMaxHorizontalUncertainty>146</azimuthMaxHorizontalUncertainty>
    </originUncertainty>
  </origin>
  <magnitude publicID="quakeml:eu.emsc/event/19980202_0000007/origin/1498221/mag/2">
    <mag>
      <value>3.2</value>
    </mag>
    <type>MD</type>
    <originID>quakeml:eu.emsc/event/19980202_0000007/origin/1498221</originID>
    <creationInfo>
      <agencyURI>smi:smi-registry/organization/EMSC</agencyURI>
      <authorURI>smi:smi-registry/organization/EMSC</authorURI>
    </creationInfo>
  </magnitude>
</event>
<event publicID="quakeml:eu.emsc/event/19980202_0000006">
  <preferredOriginID>quakeml:eu.emsc/event/19980202_0000006/origin/1498223</preferredOriginID>
  <preferredMagnitudeID>quakeml:eu.emsc/event/19980202_0000006/origin/1498223/mag/2</preferredMagnitudeID>
  <creationInfo>
    <agencyURI>smi:smi-registry/organization/EMSC</agencyURI>
    <authorURI>smi:smi-registry/organization/EMSC</authorURI>
    <creationTime>2014-12-03T11:07:29.116627Z</creationTime>
  </creationInfo>
  <description>
    <text>GREECE</text>
    <type>Flinn-Engdahl region</type>
  </description>
  <origin publicID="quakeml:eu.emsc/event/19980202_0000006/origin/1498223">
    <time>
      <value>1998-02-02T05:53:54.8Z</value>
      <uncertainty>0.45</uncertainty>
    </time>
    <latitude>
      <value>39.8089</value>
      <uncertainty>14.6</uncertainty>
    </latitude>
    <longitude>
      <value>20.5277</value>
      <uncertainty>8.6</uncertainty>
    </longitude>
    <depth>
      <value>2000</value>
    </depth>
    <depthType>from location</depthType>
    <methodID>smi:eu.emsc-csem/origin_method/NA</methodID>
    <quality>
      <usedPhaseCount>5</usedPhaseCount>
      <usedStationCount>4</usedStationCount>
      <standardError>0.74</standardError>
      <azimuthalGap>190</azimuthalGap>
      <minimumDistance>0.29</minimumDistance>
      <maximumDistance>1.63</maximumDistance>
    </quality>
    <evaluationMode>manual</evaluationMode>
    <creationInfo>
      <agencyURI>smi:smi-registry/organization/EMSC</agencyURI>
      <authorURI>smi:smi-registry/organization/EMSC</authorURI>
    </creationInfo>
    <originUncertainty>
      <azimuthMaxHorizontalUncertainty>71</azimuthMaxHorizontalUncertainty>
    </originUncertainty>
  </origin>
  <magnitude publicID="quakeml:eu.emsc/event/19980202_0000006/origin/1498223/mag/2">
    <mag>
      <value>2.9</value>
    </mag>
    <type>MD</type>
    <originID>quakeml:eu.emsc/event/19980202_0000006/origin/1498223</originID>
    <creationInfo>
      <agencyURI>smi:smi-registry/organization/EMSC</agencyURI>
      <authorURI>smi:smi-registry/organization/EMSC</authorURI>
    </creationInfo>
  </magnitude>
</event>
<event publicID="quakeml:eu.emsc/event/19980202_0000005">
  <preferredOriginID>quakeml:eu.emsc/event/19980202_0000005/origin/1498226</preferredOriginID>
  <preferredMagnitudeID>quakeml:eu.emsc/event/19980202_0000005/origin/1498226/mag/2</preferredMagnitudeID>
  <creationInfo>
    <agencyURI>smi:smi-registry/organization/EMSC</agencyURI>
    <authorURI>smi:smi-registry/organization/EMSC</authorURI>
    <creationTime>2014-12-03T11:00:03.156197Z</creationTime>
  </creationInfo>
  <description>
    <text>GREECE</text>
    <type>Flinn-Engdahl region</type>
  </description>
  <origin publicID="quakeml:eu.emsc/event/19980202_0000005/origin/1498226">
    <time>
      <value>1998-02-02T05:49:17.0Z</value>
      <uncertainty>0.28</uncertainty>
    </time>
    <latitude>
      <value>39.7199</value>
      <uncertainty>9.6</uncertainty>
    </latitude>
    <longitude>
      <value>20.7917</value>
      <uncertainty>6.2</uncertainty>
    </longitude>
    <depth>
      <value>10000</value>
    </depth>
    <depthType>from location</depthType>
    <methodID>smi:eu.emsc-csem/origin_method/NA</methodID>
    <quality>
      <usedPhaseCount>8</usedPhaseCount>
      <usedStationCount>6</usedStationCount>
      <standardError>0.71</standardError>
      <azimuthalGap>117</azimuthalGap>
      <minimumDistance>0.08</minimumDistance>
      <maximumDistance>1.55</maximumDistance>
    </quality>
    <evaluationMode>manual</evaluationMode>
    <creationInfo>
      <agencyURI>smi:smi-registry/organization/EMSC</agencyURI>
      <authorURI>smi:smi-registry/organization/EMSC</authorURI>
    </creationInfo>
    <originUncertainty>
      <azimuthMaxHorizontalUncertainty>112</azimuthMaxHorizontalUncertainty>
    </originUncertainty>
  </origin>
  <magnitude publicID="quakeml:eu.emsc/event/19980202_0000005/origin/1498226/mag/2">
    <mag>
      <value>3</value>
    </mag>
    <type>MD</type>
    <originID>quakeml:eu.emsc/event/19980202_0000005/origin/1498226</originID>
    <creationInfo>
      <agencyURI>smi:smi-registry/organization/EMSC</agencyURI>
      <authorURI>smi:smi-registry/organization/EMSC</authorURI>
    </creationInfo>
  </magnitude>
</event>
<event publicID="quakeml:eu.emsc/event/19980202_0000004">
  <preferredOriginID>quakeml:eu.emsc/event/19980202_0000004/origin/1498228</preferredOriginID>
  <preferredMagnitudeID>quakeml:eu.emsc/event/19980202_0000004/origin/1498228/mag/2</preferredMagnitudeID>
  <creationInfo>
    <agencyURI>smi:smi-registry/organization/EMSC</agencyURI>
    <authorURI>smi:smi-registry/organization/EMSC</authorURI>
    <creationTime>2014-12-03T11:29:38.221078Z</creationTime>
  </creationInfo>
  <description>
    <text>IONIAN SEA</text>
    <type>Flinn-Engdahl region</type>
  </description>
  <origin publicID="quakeml:eu.emsc/event/19980202_0000004/origin/1498228">
    <time>
      <value>1998-02-02T04:48:03.1Z</value>
      <uncertainty>0.72</uncertainty>
    </time>
    <latitude>
      <value>37.1669</value>
      <uncertainty>17.7</uncertainty>
    </latitude>
    <longitude>
      <value>20.7562</value>
      <uncertainty>6.1</uncertainty>
    </longitude>
    <depth>
      <value>2000</value>
    </depth>
    <depthType>from location</depthType>
    <methodID>smi:eu.emsc-csem/origin_method/NA</methodID>
    <quality>
      <usedPhaseCount>23</usedPhaseCount>
      <usedStationCount>18</usedStationCount>
      <standardError>1.07</standardError>
      <azimuthalGap>230</azimuthalGap>
      <minimumDistance>0.94</minimumDistance>
      <maximumDistance>4.38</maximumDistance>
    </quality>
    <evaluationMode>manual</evaluationMode>
    <creationInfo>
      <agencyURI>smi:smi-registry/organization/EMSC</agencyURI>
      <authorURI>smi:smi-registry/organization/EMSC</authorURI>
    </creationInfo>
    <originUncertainty>
      <azimuthMaxHorizontalUncertainty>54</azimuthMaxHorizontalUncertainty>
    </originUncertainty>
  </origin>
  <magnitude publicID="quakeml:eu.emsc/event/19980202_0000004/origin/1498228/mag/2">
    <mag>
      <value>3.7</value>
    </mag>
    <type>ML</type>
    <originID>quakeml:eu.emsc/event/19980202_0000004/origin/1498228</originID>
    <creationInfo>
      <agencyURI>smi:smi-registry/organization/EMSC</agencyURI>
      <authorURI>smi:smi-registry/organization/EMSC</authorURI>
    </creationInfo>
  </magnitude>
</event>
<event publicID="quakeml:eu.emsc/event/19980202_0000003">
  <preferredOriginID>quakeml:eu.emsc/event/19980202_0000003/origin/1498230</preferredOriginID>
  <preferredMagnitudeID>quakeml:eu.emsc/event/19980202_0000003/origin/1498230/mag/2</preferredMagnitudeID>
  <creationInfo>
    <agencyURI>smi:smi-registry/organization/EMSC</agencyURI>
    <authorURI>smi:smi-registry/organization/EMSC</authorURI>
    <creationTime>2014-12-03T10:27:32.69206Z</creationTime>
  </creationInfo>
  <description>
    <text>GREECE</text>
    <type>Flinn-Engdahl region</type>
  </description>
  <origin publicID="quakeml:eu.emsc/event/19980202_0000003/origin/1498230">
    <time>
      <value>1998-02-02T03:48:49.0Z</value>
      <uncertainty>0.33</uncertainty>
    </time>
    <latitude>
      <value>38.0948</value>
      <uncertainty>8.9</uncertainty>
    </latitude>
    <longitude>
      <value>23.8802</value>
      <uncertainty>8.2</uncertainty>
    </longitude>
    <depth>
      <value>5000</value>
    </depth>
    <depthType>from location</depthType>
    <methodID>smi:eu.emsc-csem/origin_method/NA</methodID>
    <quality>
      <usedPhaseCount>15</usedPhaseCount>
      <usedStationCount>15</usedStationCount>
      <standardError>1.07</standardError>
      <azimuthalGap>66</azimuthalGap>
      <minimumDistance>0.18</minimumDistance>
      <maximumDistance>4.3</maximumDistance>
    </quality>
    <evaluationMode>manual</evaluationMode>
    <creationInfo>
      <agencyURI>smi:smi-registry/organization/EMSC</agencyURI>
      <authorURI>smi:smi-registry/organization/EMSC</authorURI>
    </creationInfo>
    <originUncertainty>
      <azimuthMaxHorizontalUncertainty>68</azimuthMaxHorizontalUncertainty>
    </originUncertainty>
  </origin>
  <magnitude publicID="quakeml:eu.emsc/event/19980202_0000003/origin/1498230/mag/2">
    <mag>
      <value>3.1</value>
    </mag>
    <type>ML</type>
    <originID>quakeml:eu.emsc/event/19980202_0000003/origin/1498230</originID>
    <creationInfo>
      <agencyURI>smi:smi-registry/organization/EMSC</agencyURI>
      <authorURI>smi:smi-registry/organization/EMSC</authorURI>
    </creationInfo>
  </magnitude>
</event>
<event publicID="quakeml:eu.emsc/event/19980202_0000002">
  <preferredOriginID>quakeml:eu.emsc/event/19980202_0000002/origin/1498232</preferredOriginID>
  <preferredMagnitudeID>quakeml:eu.emsc/event/19980202_0000002/origin/1498232/mag/2</preferredMagnitudeID>
  <creationInfo>
    <agencyURI>smi:smi-registry/organization/EMSC</agencyURI>
    <authorURI>smi:smi-registry/organization/EMSC</authorURI>
    <creationTime>2014-12-03T11:01:09.456416Z</creationTime>
  </creationInfo>
  <description>
    <text>GREECE</text>
    <type>Flinn-Engdahl region</type>
  </description>
  <origin publicID="quakeml:eu.emsc/event/19980202_0000002/origin/1498232">
    <time>
      <value>1998-02-02T03:13:55.3Z</value>
      <uncertainty>0.63</uncertainty>
    </time>
    <latitude>
      <value>38.7695</value>
      <uncertainty>17.8</uncertainty>
    </latitude>
    <longitude>
      <value>21.4869</value>
      <uncertainty>11.7</uncertainty>
    </longitude>
    <depth>
      <value>20000</value>
    </depth>
    <depthType>from location</depthType>
    <methodID>smi:eu.emsc-csem/origin_method/NA</methodID>
    <quality>
      <usedPhaseCount>10</usedPhaseCount>
      <usedStationCount>7</usedStationCount>
      <standardError>1.09</standardError>
      <azimuthalGap>161</azimuthalGap>
      <minimumDistance>0.29</minimumDistance>
      <maximumDistance>3.2</maximumDistance>
    </quality>
    <evaluationMode>manual</evaluationMode>
    <creationInfo>
      <agencyURI>smi:smi-registry/organization/EMSC</agencyURI>
      <authorURI>smi:smi-registry/organization/EMSC</authorURI>
    </creationInfo>
    <originUncertainty>
      <azimuthMaxHorizontalUncertainty>160</azimuthMaxHorizontalUncertainty>
    </originUncertainty>
  </origin>
  <magnitude publicID="quakeml:eu.emsc/event/19980202_0000002/origin/1498232/mag/2">
    <mag>
      <value>3.1</value>
    </mag>
    <type>MD</type>
    <originID>quakeml:eu.emsc/event/19980202_0000002/origin/1498232</originID>
    <creationInfo>
      <agencyURI>smi:smi-registry/organization/EMSC</agencyURI>
      <authorURI>smi:smi-registry/organization/EMSC</authorURI>
    </creationInfo>
  </magnitude>
</event>
<event publicID="quakeml:eu.emsc/event/19980202_0000001">
  <preferredOriginID>quakeml:eu.emsc/event/19980202_0000001/origin/1485608</preferredOriginID>
  <preferredMagnitudeID>quakeml:eu.emsc/event/19980202_0000001/origin/1485608/mag/2</preferredMagnitudeID>
  <creationInfo>
    <agencyURI>smi:smi-registry/organization/EMSC</agencyURI>
    <authorURI>smi:smi-registry/organization/EMSC</authorURI>
    <creationTime>2014-12-11T06:23:46.498185Z</creationTime>
  </creationInfo>
  <description>
    <text>CENTRAL MEDITERRANEAN SEA</text>
    <type>Flinn-Engdahl region</type>
  </description>
  <origin publicID="quakeml:eu.emsc/event/19980202_0000001/origin/1485608">
    <time>
      <value>1998-02-02T02:18:22.1Z</value>
    </time>
    <latitude>
      <value>36.97</value>
      <uncertainty>9999.9</uncertainty>
    </latitude>
    <longitude>
      <value>20.5</value>
      <uncertainty>9999.9</uncertainty>
    </longitude>
    <depth>
      <value>17000</value>
    </depth>
    <depthType>from location</depthType>
    <methodID>smi:eu.emsc-csem/origin_method/NA</methodID>
    <quality>
      <usedPhaseCount>6</usedPhaseCount>
      <usedStationCount>4</usedStationCount>
      <standardError>3.12</standardError>
      <azimuthalGap>266</azimuthalGap>
      <minimumDistance>1.16</minimumDistance>
      <maximumDistance>2.2</maximumDistance>
    </quality>
    <evaluationMode>manual</evaluationMode>
    <creationInfo>
      <agencyURI>smi:smi-registry/organization/EMSC</agencyURI>
      <authorURI>smi:smi-registry/organization/EMSC</authorURI>
    </creationInfo>
    <originUncertainty>
      <azimuthMaxHorizontalUncertainty>-99</azimuthMaxHorizontalUncertainty>
    </originUncertainty>
  </origin>
  <magnitude publicID="quakeml:eu.emsc/event/19980202_0000001/origin/1485608/mag/2">
    <mag>
      <value>3.1</value>
    </mag>
    <type>MD</type>
    <originID>quakeml:eu.emsc/event/19980202_0000001/origin/1485608</originID>
    <creationInfo>
      <agencyURI>smi:smi-registry/organization/EMSC</agencyURI>
      <authorURI>smi:smi-registry/organization/EMSC</authorURI>
    </creationInfo>
  </magnitude>
</event>
<event publicID="quakeml:eu.emsc/event/19980202_0000015">
  <preferredOriginID>quakeml:eu.emsc/event/19980202_0000015/origin/1497661</preferredOriginID>
  <preferredMagnitudeID>quakeml:eu.emsc/event/19980202_0000015/origin/1497661/mag/1</preferredMagnitudeID>
  <creationInfo>
    <agencyURI>smi:smi-registry/organization/EMSC</agencyURI>
    <authorURI>smi:smi-registry/organization/EMSC</authorURI>
    <creationTime>2014-12-03T15:31:25.974542Z</creationTime>
  </creationInfo>
  <description>
    <text>FRANCE</text>
    <type>Flinn-Engdahl region</type>
  </description>
  <origin publicID="quakeml:eu.emsc/event/19980202_0000015/origin/1497661">
    <time>
      <value>1998-02-02T01:14:04.2Z</value>
      <uncertainty>0.19</uncertainty>
    </time>
    <latitude>
      <value>44.5259</value>
      <uncertainty>2.2</uncertainty>
    </latitude>
    <longitude>
      <value>2.6836</value>
      <uncertainty>1.7</uncertainty>
    </longitude>
    <depth>
      <value>19100.0</value>
      <uncertainty>0.1</uncertainty>
    </depth>
    <depthType>from location</depthType>
    <methodID>smi:eu.emsc-csem/origin_method/NA</methodID>
    <quality>
      <usedPhaseCount>12</usedPhaseCount>
      <usedStationCount>6</usedStationCount>
      <standardError>0.34</standardError>
      <azimuthalGap>119</azimuthalGap>
      <minimumDistance>0.6</minimumDistance>
      <maximumDistance>1.46</maximumDistance>
    </quality>
    <evaluationMode>manual</evaluationMode>
    <creationInfo>
      <agencyURI>smi:smi-registry/organization/EMSC</agencyURI>
      <authorURI>smi:smi-registry/organization/EMSC</authorURI>
    </creationInfo>
    <originUncertainty>
      <azimuthMaxHorizontalUncertainty>143</azimuthMaxHorizontalUncertainty>
    </originUncertainty>
  </origin>
  <magnitude publicID="quakeml:eu.emsc/event/19980202_0000015/origin/1497661/mag/1">
    <mag>
      <value>1.6</value>
      <uncertainty>0.5</uncertainty>
    </mag>
    <type>ML</type>
    <originID>quakeml:eu.emsc/event/19980202_0000015/origin/1497661</originID>
    <stationCount>4</stationCount>
    <creationInfo>
      <agencyURI>smi:smi-registry/organization/EMSC</agencyURI>
      <authorURI>smi:smi-registry/organization/EMSC</authorURI>
    </creationInfo>
  </magnitude>
</event>
<event publicID="quakeml:eu.emsc/event/19980202_0000021">
  <preferredOriginID>quakeml:eu.emsc/event/19980202_0000021/origin/1485610</preferredOriginID>
  <preferredMagnitudeID>quakeml:eu.emsc/event/19980202_0000021/origin/1485610/mag/2</preferredMagnitudeID>
  <creationInfo>
    <agencyURI>smi:smi-registry/organization/EMSC</agencyURI>
    <authorURI>smi:smi-registry/organization/EMSC</authorURI>
    <creationTime>2014-12-10T12:53:13.983913Z</creationTime>
  </creationInfo>
  <description>
    <text>FRANCE</text>
    <type>Flinn-Engdahl region</type>
  </description>
  <origin publicID="quakeml:eu.emsc/event/19980202_0000021/origin/1485610">
    <time>
      <value>1998-02-02T00:32:43.2Z</value>
    </time>
    <latitude>
      <value>47.5208</value>
      <uncertainty>9999.9</uncertainty>
    </latitude>
    <longitude>
      <value>-0.8353</value>
      <uncertainty>9999.9</uncertainty>
    </longitude>
    <depth>
      <value>2000</value>
    </depth>
    <depthType>from location</depthType>
    <methodID>smi:eu.emsc-csem/origin_method/NA</methodID>
    <quality>
      <usedPhaseCount>24</usedPhaseCount>
      <usedStationCount>13</usedStationCount>
      <standardError>2.08</standardError>
      <azimuthalGap>128</azimuthalGap>
      <minimumDistance>0.87</minimumDistance>
      <maximumDistance>3.31</maximumDistance>
    </quality>
    <evaluationMode>manual</evaluationMode>
    <creationInfo>
      <agencyURI>smi:smi-registry/organization/EMSC</agencyURI>
      <authorURI>smi:smi-registry/organization/EMSC</authorURI>
    </creationInfo>
    <originUncertainty>
      <azimuthMaxHorizontalUncertainty>-99</azimuthMaxHorizontalUncertainty>
    </originUncertainty>
  </origin>
  <magnitude publicID="quakeml:eu.emsc/event/19980202_0000021/origin/1485610/mag/2">
    <mag>
      <value>2.2</value>
    </mag>
    <type>ML</type>
    <originID>quakeml:eu.emsc/event/19980202_0000021/origin/1485610</originID>
    <stationCount>14</stationCount>
    <creationInfo>
      <agencyURI>smi:smi-registry/organization/EMSC</agencyURI>
      <authorURI>smi:smi-registry/organization/EMSC</authorURI>
    </creationInfo>
  </magnitude>
</event>
</eventParameters>
</q:quakeml>
