<?xml version="1.0"?>
<q:quakeml xmlns:q="http://quakeml.org/xmlns/quakeml/1.2"  xmlns="http://quakeml.org/xmlns/bed/1.2">
<eventParameters publicID="smi:eu.emsc/unid">
<event publicID="quakeml:eu.emsc/event/19980508_0000007">
  <preferredOriginID>quakeml:eu.emsc/event/19980508_0000007/origin/1496070</preferredOriginID>
  <preferredMagnitudeID>quakeml:eu.emsc/event/19980508_0000007/origin/1496070/mag/2</preferredMagnitudeID>
  <creationInfo>
    <agencyURI>smi:smi-registry/organization/EMSC</agencyURI>
    <authorURI>smi:smi-registry/organization/EMSC</authorURI>
    <creationTime>2014-12-03T11:03:43.310147Z</creationTime>
  </creationInfo>
  <description>
    <text>ROMANIA</text>
    <type>Flinn-Engdahl region</type>
  </description>
  <origin publicID="quakeml:eu.emsc/event/19980508_0000007/origin/1496070">
    <time>
      <value>1998-05-08T23:46:51.8Z</value>
      <uncertainty>0.79</uncertainty>
    </time>
    <latitude>
      <value>45.5167</value>
      <uncertainty>10.2</uncertainty>
    </latitude>
    <longitude>
      <value>26.63</value>
      <uncertainty>8.8</uncertainty>
    </longitude>
    <depth>
      <value>107400.0</value>
      <uncertainty>6.3</uncertainty>
    </depth>
    <depthType>from location</depthType>
    <methodID>smi:eu.emsc-csem/origin_method/NA</methodID>
    <quality>
      <usedPhaseCount>12</usedPhaseCount>
      <usedStationCount>7</usedStationCount>
      <standardError>0.6</standardError>
      <azimuthalGap>103</azimuthalGap>
      <minimumDistance>0.28</minimumDistance>
      <maximumDistance>1.37</maximumDistance>
    </quality>
    <evaluationMode>manual</evaluationMode>
    <creationInfo>
      <agencyURI>smi:smi-registry/organization/EMSC</agencyURI>
      <authorURI>smi:smi-registry/organization/EMSC</authorURI>
    </creationInfo>
    <originUncertainty>
      <azimuthMaxHorizontalUncertainty>12</azimuthMaxHorizontalUncertainty>
    </originUncertainty>
  </origin>
  <magnitude publicID="quakeml:eu.emsc/event/19980508_0000007/origin/1496070/mag/2">
    <mag>
      <value>3.3</value>
    </mag>
    <type>MD</type>
    <originID>quakeml:eu.emsc/event/19980508_0000007/origin/1496070</originID>
    <stationCount>6</stationCount>
    <creationInfo>
      <agencyURI>smi:smi-registry/organization/EMSC</agencyURI>
      <authorURI>smi:smi-registry/organization/EMSC</authorURI>
    </creationInfo>
  </magnitude>
</event>
<event publicID="quakeml:eu.emsc/event/19980508_0000014">
  <preferredOriginID>quakeml:eu.emsc/event/19980508_0000014/origin/1495490</preferredOriginID>
  <preferredMagnitudeID>quakeml:eu.emsc/event/19980508_0000014/origin/1495490/mag/1</preferredMagnitudeID>
  <creationInfo>
    <agencyURI>smi:smi-registry/organization/EMSC</agencyURI>
    <authorURI>smi:smi-registry/organization/EMSC</authorURI>
    <creationTime>2014-12-03T15:31:27.73053Z</creationTime>
  </creationInfo>
  <description>
    <text>FRANCE</text>
    <type>Flinn-Engdahl region</type>
  </description>
  <origin publicID="quakeml:eu.emsc/event/19980508_0000014/origin/1495490">
    <time>
      <value>1998-05-08T21:21:01.1Z</value>
      <uncertainty>0.14</uncertainty>
    </time>
    <latitude>
      <value>44.5561</value>
      <uncertainty>2.6</uncertainty>
    </latitude>
    <longitude>
      <value>6.705</value>
      <uncertainty>2.3</uncertainty>
    </longitude>
    <depth>
      <value>17100.0</value>
      <uncertainty>1.7</uncertainty>
    </depth>
    <depthType>from location</depthType>
    <methodID>smi:eu.emsc-csem/origin_method/NA</methodID>
    <quality>
      <usedPhaseCount>21</usedPhaseCount>
      <usedStationCount>11</usedStationCount>
      <standardError>0.49</standardError>
      <azimuthalGap>109</azimuthalGap>
      <minimumDistance>0.18</minimumDistance>
      <maximumDistance>1.23</maximumDistance>
    </quality>
    <evaluationMode>manual</evaluationMode>
    <creationInfo>
      <agencyURI>smi:smi-registry/organization/EMSC</agencyURI>
      <authorURI>smi:smi-registry/organization/EMSC</authorURI>
    </creationInfo>
    <originUncertainty>
      <azimuthMaxHorizontalUncertainty>111</azimuthMaxHorizontalUncertainty>
    </originUncertainty>
  </origin>
  <magnitude publicID="quakeml:eu.emsc/event/19980508_0000014/origin/1495490/mag/1">
    <mag>
      <value>1.2</value>
      <uncertainty>0.5</uncertainty>
    </mag>
    <type>ML</type>
    <originID>quakeml:eu.emsc/event/19980508_0000014/origin/1495490</originID>
    <stationCount>5</stationCount>
    <creationInfo>
      <agencyURI>smi:smi-registry/organization/EMSC</agencyURI>
      <authorURI>smi:smi-registry/organization/EMSC</authorURI>
    </creationInfo>
  </magnitude>
</event>
<event publicID="quakeml:eu.emsc/event/19980508_0000023">
  <preferredOriginID>quakeml:eu.emsc/event/19980508_0000023/origin/1495494</preferredOriginID>
  <preferredMagnitudeID>quakeml:eu.emsc/event/19980508_0000023/origin/1495494/mag/1</preferredMagnitudeID>
  <creationInfo>
    <agencyURI>smi:smi-registry/organization/EMSC</agencyURI>
    <authorURI>smi:smi-registry/organization/EMSC</authorURI>
    <creationTime>2014-12-03T16:49:58.892418Z</creationTime>
  </creationInfo>
  <description>
    <text>NEAR SOUTH COAST OF FRANCE</text>
    <type>Flinn-Engdahl region</type>
  </description>
  <origin publicID="quakeml:eu.emsc/event/19980508_0000023/origin/1495494">
    <time>
      <value>1998-05-08T15:08:20.9Z</value>
      <uncertainty>0.13</uncertainty>
    </time>
    <latitude>
      <value>43.913</value>
      <uncertainty>2.7</uncertainty>
    </latitude>
    <longitude>
      <value>7.6903</value>
      <uncertainty>2.2</uncertainty>
    </longitude>
    <depth>
      <value>15000</value>
    </depth>
    <depthType>from location</depthType>
    <methodID>smi:eu.emsc-csem/origin_method/NA</methodID>
    <quality>
      <usedPhaseCount>37</usedPhaseCount>
      <usedStationCount>19</usedStationCount>
      <standardError>0.73</standardError>
      <azimuthalGap>64</azimuthalGap>
      <minimumDistance>0.07</minimumDistance>
      <maximumDistance>1.67</maximumDistance>
    </quality>
    <evaluationMode>manual</evaluationMode>
    <creationInfo>
      <agencyURI>smi:smi-registry/organization/EMSC</agencyURI>
      <authorURI>smi:smi-registry/organization/EMSC</authorURI>
    </creationInfo>
    <originUncertainty>
      <azimuthMaxHorizontalUncertainty>147</azimuthMaxHorizontalUncertainty>
    </originUncertainty>
  </origin>
  <magnitude publicID="quakeml:eu.emsc/event/19980508_0000023/origin/1495494/mag/1">
    <mag>
      <value>2.2</value>
      <uncertainty>0.3</uncertainty>
    </mag>
    <type>ML</type>
    <originID>quakeml:eu.emsc/event/19980508_0000023/origin/1495494</originID>
    <stationCount>5</stationCount>
    <creationInfo>
      <agencyURI>smi:smi-registry/organization/EMSC</agencyURI>
      <authorURI>smi:smi-registry/organization/EMSC</authorURI>
    </creationInfo>
  </magnitude>
</event>
<event publicID="quakeml:eu.emsc/event/19980508_0000017">
  <preferredOriginID>quakeml:eu.emsc/event/19980508_0000017/origin/1495497</preferredOriginID>
  <preferredMagnitudeID>quakeml:eu.emsc/event/19980508_0000017/origin/1495497/mag/1</preferredMagnitudeID>
  <creationInfo>
    <agencyURI>smi:smi-registry/organization/EMSC</agencyURI>
    <authorURI>smi:smi-registry/organization/EMSC</authorURI>
    <creationTime>2014-12-03T15:56:46.493939Z</creationTime>
  </creationInfo>
  <description>
    <text>SPAIN</text>
    <type>Flinn-Engdahl region</type>
  </description>
  <origin publicID="quakeml:eu.emsc/event/19980508_0000017/origin/1495497">
    <time>
      <value>1998-05-08T13:31:06.9Z</value>
      <uncertainty>0.45</uncertainty>
    </time>
    <latitude>
      <value>41.5096</value>
      <uncertainty>10.9</uncertainty>
    </latitude>
    <longitude>
      <value>1.627</value>
      <uncertainty>6.1</uncertainty>
    </longitude>
    <depth>
      <value>19300.0</value>
      <uncertainty>0.1</uncertainty>
    </depth>
    <depthType>from location</depthType>
    <methodID>smi:eu.emsc-csem/origin_method/NA</methodID>
    <quality>
      <usedPhaseCount>11</usedPhaseCount>
      <usedStationCount>6</usedStationCount>
      <standardError>1</standardError>
      <azimuthalGap>184</azimuthalGap>
      <minimumDistance>1.15</minimumDistance>
      <maximumDistance>2.65</maximumDistance>
    </quality>
    <evaluationMode>manual</evaluationMode>
    <creationInfo>
      <agencyURI>smi:smi-registry/organization/EMSC</agencyURI>
      <authorURI>smi:smi-registry/organization/EMSC</authorURI>
    </creationInfo>
    <originUncertainty>
      <azimuthMaxHorizontalUncertainty>147</azimuthMaxHorizontalUncertainty>
    </originUncertainty>
  </origin>
  <magnitude publicID="quakeml:eu.emsc/event/19980508_0000017/origin/1495497/mag/1">
    <mag>
      <value>2.5</value>
      <uncertainty>0.2</uncertainty>
    </mag>
    <type>ML</type>
    <originID>quakeml:eu.emsc/event/19980508_0000017/origin/1495497</originID>
    <stationCount>6</stationCount>
    <creationInfo>
      <agencyURI>smi:smi-registry/organization/EMSC</agencyURI>
      <authorURI>smi:smi-registry/organization/EMSC</authorURI>
    </creationInfo>
  </magnitude>
</event>
<event publicID="quakeml:eu.emsc/event/19980508_0000009">
  <preferredOriginID>quakeml:eu.emsc/event/19980508_0000009/origin/1496407</preferredOriginID>
  <preferredMagnitudeID>quakeml:eu.emsc/event/19980508_0000009/origin/1496407/mag/1</preferredMagnitudeID>
  <creationInfo>
    <agencyURI>smi:smi-registry/organization/EMSC</agencyURI>
    <authorURI>smi:smi-registry/organization/EMSC</authorURI>
    <creationTime>2014-12-03T15:05:36.752058Z</creationTime>
  </creationInfo>
  <description>
    <text>SWITZERLAND</text>
    <type>Flinn-Engdahl region</type>
  </description>
  <origin publicID="quakeml:eu.emsc/event/19980508_0000009/origin/1496407">
    <time>
      <value>1998-05-08T11:36:59.7Z</value>
      <uncertainty>0.18</uncertainty>
    </time>
    <latitude>
      <value>46.0969</value>
      <uncertainty>3.3</uncertainty>
    </latitude>
    <longitude>
      <value>7.4039</value>
      <uncertainty>3</uncertainty>
    </longitude>
    <depth>
      <value>8000</value>
    </depth>
    <depthType>from location</depthType>
    <methodID>smi:eu.emsc-csem/origin_method/NA</methodID>
    <quality>
      <usedPhaseCount>23</usedPhaseCount>
      <usedStationCount>15</usedStationCount>
      <standardError>0.86</standardError>
      <azimuthalGap>86</azimuthalGap>
      <minimumDistance>0.01</minimumDistance>
      <maximumDistance>2.89</maximumDistance>
    </quality>
    <evaluationMode>manual</evaluationMode>
    <creationInfo>
      <agencyURI>smi:smi-registry/organization/EMSC</agencyURI>
      <authorURI>smi:smi-registry/organization/EMSC</authorURI>
    </creationInfo>
    <originUncertainty>
      <azimuthMaxHorizontalUncertainty>115</azimuthMaxHorizontalUncertainty>
    </originUncertainty>
  </origin>
  <magnitude publicID="quakeml:eu.emsc/event/19980508_0000009/origin/1496407/mag/1">
    <mag>
      <value>2</value>
      <uncertainty>0.2</uncertainty>
    </mag>
    <type>ML</type>
    <originID>quakeml:eu.emsc/event/19980508_0000009/origin/1496407</originID>
    <stationCount>10</stationCount>
    <creationInfo>
      <agencyURI>smi:smi-registry/organization/EMSC</agencyURI>
      <authorURI>smi:smi-registry/organization/EMSC</authorURI>
    </creationInfo>
  </magnitude>
</event>
<event publicID="quakeml:eu.emsc/event/19980508_0000005">
  <preferredOriginID>quakeml:eu.emsc/event/19980508_0000005/origin/1496073</preferredOriginID>
  <preferredMagnitudeID>quakeml:eu.emsc/event/19980508_0000005/origin/1496073/mag/2</preferredMagnitudeID>
  <creationInfo>
    <agencyURI>smi:smi-registry/organization/EMSC</agencyURI>
    <authorURI>smi:smi-registry/organization/EMSC</authorURI>
    <creationTime>2014-12-03T10:40:24.872407Z</creationTime>
  </creationInfo>
  <description>
    <text>SOUTHERN GREECE</text>
    <type>Flinn-Engdahl region</type>
  </description>
  <origin publicID="quakeml:eu.emsc/event/19980508_0000005/origin/1496073">
    <time>
      <value>1998-05-08T10:59:40.4Z</value>
      <uncertainty>0.18</uncertainty>
    </time>
    <latitude>
      <value>37.4294</value>
      <uncertainty>4.8</uncertainty>
    </latitude>
    <longitude>
      <value>22.6892</value>
      <uncertainty>4</uncertainty>
    </longitude>
    <depth>
      <value>60000</value>
    </depth>
    <depthType>from location</depthType>
    <methodID>smi:eu.emsc-csem/origin_method/NA</methodID>
    <quality>
      <usedPhaseCount>22</usedPhaseCount>
      <usedStationCount>17</usedStationCount>
      <standardError>0.65</standardError>
      <azimuthalGap>83</azimuthalGap>
      <minimumDistance>0.66</minimumDistance>
      <maximumDistance>3.75</maximumDistance>
    </quality>
    <evaluationMode>manual</evaluationMode>
    <creationInfo>
      <agencyURI>smi:smi-registry/organization/EMSC</agencyURI>
      <authorURI>smi:smi-registry/organization/EMSC</authorURI>
    </creationInfo>
    <originUncertainty>
      <azimuthMaxHorizontalUncertainty>96</azimuthMaxHorizontalUncertainty>
    </originUncertainty>
  </origin>
  <magnitude publicID="quakeml:eu.emsc/event/19980508_0000005/origin/1496073/mag/2">
    <mag>
      <value>3.5</value>
    </mag>
    <type>ML</type>
    <originID>quakeml:eu.emsc/event/19980508_0000005/origin/1496073</originID>
    <creationInfo>
      <agencyURI>smi:smi-registry/organization/EMSC</agencyURI>
      <authorURI>smi:smi-registry/organization/EMSC</authorURI>
    </creationInfo>
  </magnitude>
</event>
<event publicID="quakeml:eu.emsc/event/19980508_0000012">
  <preferredOriginID>quakeml:eu.emsc/event/19980508_0000012/origin/1495500</preferredOriginID>
  <preferredMagnitudeID>quakeml:eu.emsc/event/19980508_0000012/origin/1495500/mag/1</preferredMagnitudeID>
  <creationInfo>
    <agencyURI>smi:smi-registry/organization/EMSC</agencyURI>
    <authorURI>smi:smi-registry/organization/EMSC</authorURI>
    <creationTime>2014-12-03T15:17:12.81057Z</creationTime>
  </creationInfo>
  <description>
    <text>NORTHERN ITALY</text>
    <type>Flinn-Engdahl region</type>
  </description>
  <origin publicID="quakeml:eu.emsc/event/19980508_0000012/origin/1495500">
    <time>
      <value>1998-05-08T10:30:47.7Z</value>
      <uncertainty>0.29</uncertainty>
    </time>
    <latitude>
      <value>44.3419</value>
      <uncertainty>6.6</uncertainty>
    </latitude>
    <longitude>
      <value>7.598</value>
      <uncertainty>2.2</uncertainty>
    </longitude>
    <depth>
      <value>19200.0</value>
      <uncertainty>0.1</uncertainty>
    </depth>
    <depthType>from location</depthType>
    <methodID>smi:eu.emsc-csem/origin_method/NA</methodID>
    <quality>
      <usedPhaseCount>17</usedPhaseCount>
      <usedStationCount>10</usedStationCount>
      <standardError>0.45</standardError>
      <azimuthalGap>226</azimuthalGap>
      <minimumDistance>0.37</minimumDistance>
      <maximumDistance>1.36</maximumDistance>
    </quality>
    <evaluationMode>manual</evaluationMode>
    <creationInfo>
      <agencyURI>smi:smi-registry/organization/EMSC</agencyURI>
      <authorURI>smi:smi-registry/organization/EMSC</authorURI>
    </creationInfo>
    <originUncertainty>
      <azimuthMaxHorizontalUncertainty>91</azimuthMaxHorizontalUncertainty>
    </originUncertainty>
  </origin>
  <magnitude publicID="quakeml:eu.emsc/event/19980508_0000012/origin/1495500/mag/1">
    <mag>
      <value>2</value>
      <uncertainty>0.3</uncertainty>
    </mag>
    <type>ML</type>
    <originID>quakeml:eu.emsc/event/19980508_0000012/origin/1495500</originID>
    <stationCount>4</stationCount>
    <creationInfo>
      <agencyURI>smi:smi-registry/organization/EMSC</agencyURI>
      <authorURI>smi:smi-registry/organization/EMSC</authorURI>
    </creationInfo>
  </magnitude>
</event>
<event publicID="quakeml:eu.emsc/event/19980508_0000004">
  <preferredOriginID>quakeml:eu.emsc/event/19980508_0000004/origin/1496077</preferredOriginID>
  <preferredMagnitudeID>quakeml:eu.emsc/event/19980508_0000004/origin/1496077/mag/2</preferredMagnitudeID>
  <creationInfo>
    <agencyURI>smi:smi-registry/organization/EMSC</agencyURI>
    <authorURI>smi:smi-registry/organization/EMSC</authorURI>
    <creationTime>2014-12-03T11:41:01.34432Z</creationTime>
  </creationInfo>
  <description>
    <text>SPAIN</text>
    <type>Flinn-Engdahl region</type>
  </description>
  <origin publicID="quakeml:eu.emsc/event/19980508_0000004/origin/1496077">
    <time>
      <value>1998-05-08T09:42:37.3Z</value>
      <uncertainty>0.3</uncertainty>
    </time>
    <latitude>
      <value>43.6003</value>
      <uncertainty>8.9</uncertainty>
    </latitude>
    <longitude>
      <value>-7.3976</value>
      <uncertainty>4.8</uncertainty>
    </longitude>
    <depth>
      <value>30000</value>
    </depth>
    <depthType>from location</depthType>
    <methodID>smi:eu.emsc-csem/origin_method/NA</methodID>
    <quality>
      <usedPhaseCount>29</usedPhaseCount>
      <usedStationCount>24</usedStationCount>
      <standardError>1.08</standardError>
      <azimuthalGap>159</azimuthalGap>
      <minimumDistance>0.17</minimumDistance>
      <maximumDistance>8.72</maximumDistance>
    </quality>
    <evaluationMode>manual</evaluationMode>
    <creationInfo>
      <agencyURI>smi:smi-registry/organization/EMSC</agencyURI>
      <authorURI>smi:smi-registry/organization/EMSC</authorURI>
    </creationInfo>
    <originUncertainty>
      <azimuthMaxHorizontalUncertainty>121</azimuthMaxHorizontalUncertainty>
    </originUncertainty>
  </origin>
  <magnitude publicID="quakeml:eu.emsc/event/19980508_0000004/origin/1496077/mag/2">
    <mag>
      <value>4.2</value>
    </mag>
    <type>mb</type>
    <originID>quakeml:eu.emsc/event/19980508_0000004/origin/1496077</originID>
    <stationCount>5</stationCount>
    <creationInfo>
      <agencyURI>smi:smi-registry/organization/EMSC</agencyURI>
      <authorURI>smi:smi-registry/organization/EMSC</authorURI>
    </creationInfo>
  </magnitude>
</event>
<event publicID="quakeml:eu.emsc/event/19980508_0000020">
  <preferredOriginID>quakeml:eu.emsc/event/19980508_0000020/origin/1495504</preferredOriginID>
  <preferredMagnitudeID>quakeml:eu.emsc/event/19980508_0000020/origin/1495504/mag/2</preferredMagnitudeID>
  <creationInfo>
    <agencyURI>smi:smi-registry/organization/EMSC</agencyURI>
    <authorURI>smi:smi-registry/organization/EMSC</authorURI>
    <creationTime>2014-12-03T16:10:08.68664Z</creationTime>
  </creationInfo>
  <description>
    <text>FRANCE-GERMANY BORDER REGION</text>
    <type>Flinn-Engdahl region</type>
  </description>
  <origin publicID="quakeml:eu.emsc/event/19980508_0000020/origin/1495504">
    <time>
      <value>1998-05-08T08:53:16.2Z</value>
      <uncertainty>0.29</uncertainty>
    </time>
    <latitude>
      <value>47.6594</value>
      <uncertainty>5.7</uncertainty>
    </latitude>
    <longitude>
      <value>7.8</value>
      <uncertainty>2.8</uncertainty>
    </longitude>
    <depth>
      <value>2000</value>
    </depth>
    <depthType>from location</depthType>
    <methodID>smi:eu.emsc-csem/origin_method/NA</methodID>
    <quality>
      <usedPhaseCount>14</usedPhaseCount>
      <usedStationCount>8</usedStationCount>
      <standardError>0.63</standardError>
      <azimuthalGap>207</azimuthalGap>
      <minimumDistance>0.48</minimumDistance>
      <maximumDistance>1.04</maximumDistance>
    </quality>
    <evaluationMode>manual</evaluationMode>
    <creationInfo>
      <agencyURI>smi:smi-registry/organization/EMSC</agencyURI>
      <authorURI>smi:smi-registry/organization/EMSC</authorURI>
    </creationInfo>
    <originUncertainty>
      <azimuthMaxHorizontalUncertainty>175</azimuthMaxHorizontalUncertainty>
    </originUncertainty>
  </origin>
  <magnitude publicID="quakeml:eu.emsc/event/19980508_0000020/origin/1495504/mag/2">
    <mag>
      <value>2.2</value>
    </mag>
    <type>ML</type>
    <originID>quakeml:eu.emsc/event/19980508_0000020/origin/1495504</originID>
    <creationInfo>
      <agencyURI>smi:smi-registry/organization/EMSC</agencyURI>
      <authorURI>smi:smi-registry/organization/EMSC</authorURI>
    </creationInfo>
  </magnitude>
</event>
<event publicID="quakeml:eu.emsc/event/19980508_0000024">
  <preferredOriginID>quakeml:eu.emsc/event/19980508_0000024/origin/1495507</preferredOriginID>
  <preferredMagnitudeID>quakeml:eu.emsc/event/19980508_0000024/origin/1495507/mag/2</preferredMagnitudeID>
  <creationInfo>
    <agencyURI>smi:smi-registry/organization/EMSC</agencyURI>
    <authorURI>smi:smi-registry/organization/EMSC</authorURI>
    <creationTime>2014-12-03T16:58:58.28615Z</creationTime>
  </creationInfo>
  <description>
    <text>PYRENEES</text>
    <type>Flinn-Engdahl region</type>
  </description>
  <origin publicID="quakeml:eu.emsc/event/19980508_0000024/origin/1495507">
    <time>
      <value>1998-05-08T07:24:01.0Z</value>
      <uncertainty>0.5</uncertainty>
    </time>
    <latitude>
      <value>43.0562</value>
      <uncertainty>15.2</uncertainty>
    </latitude>
    <longitude>
      <value>-1.2063</value>
      <uncertainty>4.5</uncertainty>
    </longitude>
    <depth>
      <value>15000</value>
    </depth>
    <depthType>from location</depthType>
    <methodID>smi:eu.emsc-csem/origin_method/NA</methodID>
    <quality>
      <usedPhaseCount>12</usedPhaseCount>
      <usedStationCount>6</usedStationCount>
      <standardError>0.53</standardError>
      <azimuthalGap>238</azimuthalGap>
      <minimumDistance>0.06</minimumDistance>
      <maximumDistance>1.13</maximumDistance>
    </quality>
    <evaluationMode>manual</evaluationMode>
    <creationInfo>
      <agencyURI>smi:smi-registry/organization/EMSC</agencyURI>
      <authorURI>smi:smi-registry/organization/EMSC</authorURI>
    </creationInfo>
    <originUncertainty>
      <azimuthMaxHorizontalUncertainty>33</azimuthMaxHorizontalUncertainty>
    </originUncertainty>
  </origin>
  <magnitude publicID="quakeml:eu.emsc/event/19980508_0000024/origin/1495507/mag/2">
    <mag>
      <value>2.6</value>
    </mag>
    <type>ML</type>
    <originID>quakeml:eu.emsc/event/19980508_0000024/origin/1495507</originID>
    <stationCount>1</stationCount>
    <creationInfo>
      <agencyURI>smi:smi-registry/organization/EMSC</agencyURI>
      <authorURI>smi:smi-registry/organization/EMSC</authorURI>
    </creationInfo>
  </magnitude>
</event>
<event publicID="quakeml:eu.emsc/event/19980508_0000025">
  <preferredOriginID>quakeml:eu.emsc/event/19980508_0000025/origin/1495510</preferredOriginID>
  <preferredMagnitudeID>quakeml:eu.emsc/event/19980508_0000025/origin/1495510/mag/2</preferredMagnitudeID>
  <creationInfo>
    <agencyURI>smi:smi-registry/organization/EMSC</agencyURI>
    <authorURI>smi:smi-registry/organization/EMSC</authorURI>
    <creationTime>2014-12-03T16:58:58.350745Z</creationTime>
  </creationInfo>
  <description>
    <text>FRANCE</text>
    <type>Flinn-Engdahl region</type>
  </description>
  <origin publicID="quakeml:eu.emsc/event/19980508_0000025/origin/1495510">
    <time>
      <value>1998-05-08T04:46:28.6Z</value>
      <uncertainty>0.37</uncertainty>
    </time>
    <latitude>
      <value>43.0531</value>
      <uncertainty>16.3</uncertainty>
    </latitude>
    <longitude>
      <value>0.0886</value>
      <uncertainty>7</uncertainty>
    </longitude>
    <depth>
      <value>19600.0</value>
      <uncertainty>0.3</uncertainty>
    </depth>
    <depthType>from location</depthType>
    <methodID>smi:eu.emsc-csem/origin_method/NA</methodID>
    <quality>
      <usedPhaseCount>10</usedPhaseCount>
      <usedStationCount>6</usedStationCount>
      <standardError>0.59</standardError>
      <azimuthalGap>186</azimuthalGap>
      <minimumDistance>0.01</minimumDistance>
      <maximumDistance>1.58</maximumDistance>
    </quality>
    <evaluationMode>manual</evaluationMode>
    <creationInfo>
      <agencyURI>smi:smi-registry/organization/EMSC</agencyURI>
      <authorURI>smi:smi-registry/organization/EMSC</authorURI>
    </creationInfo>
    <originUncertainty>
      <azimuthMaxHorizontalUncertainty>177</azimuthMaxHorizontalUncertainty>
    </originUncertainty>
  </origin>
  <magnitude publicID="quakeml:eu.emsc/event/19980508_0000025/origin/1495510/mag/2">
    <mag>
      <value>1.4</value>
    </mag>
    <type>ML</type>
    <originID>quakeml:eu.emsc/event/19980508_0000025/origin/1495510</originID>
    <stationCount>1</stationCount>
    <creationInfo>
      <agencyURI>smi:smi-registry/organization/EMSC</agencyURI>
      <authorURI>smi:smi-registry/organization/EMSC</authorURI>
    </creationInfo>
  </magnitude>
</event>
<event publicID="quakeml:eu.emsc/event/19980508_0000003">
  <preferredOriginID>quakeml:eu.emsc/event/19980508_0000003/origin/1496084</preferredOriginID>
  <preferredMagnitudeID>quakeml:eu.emsc/event/19980508_0000003/origin/1496084/mag/2</preferredMagnitudeID>
  <creationInfo>
    <agencyURI>smi:smi-registry/organization/EMSC</agencyURI>
    <authorURI>smi:smi-registry/organization/EMSC</authorURI>
    <creationTime>2014-12-03T11:01:52.131388Z</creationTime>
  </creationInfo>
  <description>
    <text>CRETE, GREECE</text>
    <type>Flinn-Engdahl region</type>
  </description>
  <origin publicID="quakeml:eu.emsc/event/19980508_0000003/origin/1496084">
    <time>
      <value>1998-05-08T03:38:18.6Z</value>
      <uncertainty>0.23</uncertainty>
    </time>
    <latitude>
      <value>34.9493</value>
      <uncertainty>7.6</uncertainty>
    </latitude>
    <longitude>
      <value>25.9191</value>
      <uncertainty>4.1</uncertainty>
    </longitude>
    <depth>
      <value>47000</value>
      <uncertainty>3.6</uncertainty>
    </depth>
    <depthType>from location</depthType>
    <methodID>smi:eu.emsc-csem/origin_method/NA</methodID>
    <quality>
      <usedPhaseCount>89</usedPhaseCount>
      <usedStationCount>87</usedStationCount>
      <standardError>1.03</standardError>
      <azimuthalGap>92</azimuthalGap>
      <minimumDistance>1.19</minimumDistance>
      <maximumDistance>44.69</maximumDistance>
    </quality>
    <evaluationMode>manual</evaluationMode>
    <creationInfo>
      <agencyURI>smi:smi-registry/organization/EMSC</agencyURI>
      <authorURI>smi:smi-registry/organization/EMSC</authorURI>
    </creationInfo>
    <originUncertainty>
      <azimuthMaxHorizontalUncertainty>48</azimuthMaxHorizontalUncertainty>
    </originUncertainty>
  </origin>
  <magnitude publicID="quakeml:eu.emsc/event/19980508_0000003/origin/1496084/mag/2">
    <mag>
      <value>4.4</value>
      <uncertainty>0.3</uncertainty>
    </mag>
    <type>mb</type>
    <originID>quakeml:eu.emsc/event/19980508_0000003/origin/1496084</originID>
    <stationCount>11</stationCount>
    <creationInfo>
      <agencyURI>smi:smi-registry/organization/EMSC</agencyURI>
      <authorURI>smi:smi-registry/organization/EMSC</authorURI>
    </creationInfo>
  </magnitude>
</event>
<event publicID="quakeml:eu.emsc/event/19980508_0000002">
  <preferredOriginID>quakeml:eu.emsc/event/19980508_0000002/origin/1496087</preferredOriginID>
  <preferredMagnitudeID>quakeml:eu.emsc/event/19980508_0000002/origin/1496087/mag/2</preferredMagnitudeID>
  <creationInfo>
    <agencyURI>smi:smi-registry/organization/EMSC</agencyURI>
    <authorURI>smi:smi-registry/organization/EMSC</authorURI>
    <creationTime>2014-12-03T11:05:34.682Z</creationTime>
  </creationInfo>
  <description>
    <text>SPAIN</text>
    <type>Flinn-Engdahl region</type>
  </description>
  <origin publicID="quakeml:eu.emsc/event/19980508_0000002/origin/1496087">
    <time>
      <value>1998-05-08T02:48:58.3Z</value>
      <uncertainty>0.2</uncertainty>
    </time>
    <latitude>
      <value>37.2974</value>
      <uncertainty>5</uncertainty>
    </latitude>
    <longitude>
      <value>-3.1418</value>
      <uncertainty>3.2</uncertainty>
    </longitude>
    <depth>
      <value>10000</value>
    </depth>
    <depthType>from location</depthType>
    <methodID>smi:eu.emsc-csem/origin_method/NA</methodID>
    <quality>
      <usedPhaseCount>17</usedPhaseCount>
      <usedStationCount>14</usedStationCount>
      <standardError>0.57</standardError>
      <azimuthalGap>103</azimuthalGap>
      <minimumDistance>0.26</minimumDistance>
      <maximumDistance>3.62</maximumDistance>
    </quality>
    <evaluationMode>manual</evaluationMode>
    <creationInfo>
      <agencyURI>smi:smi-registry/organization/EMSC</agencyURI>
      <authorURI>smi:smi-registry/organization/EMSC</authorURI>
    </creationInfo>
    <originUncertainty>
      <azimuthMaxHorizontalUncertainty>135</azimuthMaxHorizontalUncertainty>
    </originUncertainty>
  </origin>
  <magnitude publicID="quakeml:eu.emsc/event/19980508_0000002/origin/1496087/mag/2">
    <mag>
      <value>2.8</value>
    </mag>
    <type>mb</type>
    <originID>quakeml:eu.emsc/event/19980508_0000002/origin/1496087</originID>
    <stationCount>4</stationCount>
    <creationInfo>
      <agencyURI>smi:smi-registry/organization/EMSC</agencyURI>
      <authorURI>smi:smi-registry/organization/EMSC</authorURI>
    </creationInfo>
  </magnitude>
</event>
<event publicID="quakeml:eu.emsc/event/19980508_0000016">
  <preferredOriginID>quakeml:eu.emsc/event/19980508_0000016/origin/1484438</preferredOriginID>
  <preferredMagnitudeID>quakeml:eu.emsc/event/19980508_0000016/origin/1484438/mag/2</preferredMagnitudeID>
  <creationInfo>
    <agencyURI>smi:smi-registry/organization/EMSC</agencyURI>
    <authorURI>smi:smi-registry/organization/EMSC</authorURI>
    <creationTime>2014-12-10T19:00:48.748039Z</creationTime>
  </creationInfo>
  <description>
    <text>GERMANY</text>
    <type>Flinn-Engdahl region</type>
  </description>
  <origin publicID="quakeml:eu.emsc/event/19980508_0000016/origin/1484438">
    <time>
      <value>1998-05-08T02:41:55.9Z</value>
    </time>
    <latitude>
      <value>51.6472</value>
      <uncertainty>9999.9</uncertainty>
    </latitude>
    <longitude>
      <value>7.7437</value>
      <uncertainty>9999.9</uncertainty>
    </longitude>
    <depth>
      <value>1000</value>
    </depth>
    <depthType>from location</depthType>
    <methodID>smi:eu.emsc-csem/origin_method/NA</methodID>
    <quality>
      <usedPhaseCount>6</usedPhaseCount>
      <usedStationCount>4</usedStationCount>
      <standardError>1.82</standardError>
      <azimuthalGap>205</azimuthalGap>
      <minimumDistance>0.36</minimumDistance>
      <maximumDistance>1.65</maximumDistance>
    </quality>
    <evaluationMode>manual</evaluationMode>
    <creationInfo>
      <agencyURI>smi:smi-registry/organization/EMSC</agencyURI>
      <authorURI>smi:smi-registry/organization/EMSC</authorURI>
    </creationInfo>
    <originUncertainty>
      <azimuthMaxHorizontalUncertainty>-99</azimuthMaxHorizontalUncertainty>
    </originUncertainty>
  </origin>
  <magnitude publicID="quakeml:eu.emsc/event/19980508_0000016/origin/1484438/mag/2">
    <mag>
      <value>1.7</value>
    </mag>
    <type>ML</type>
    <originID>quakeml:eu.emsc/event/19980508_0000016/origin/1484438</originID>
    <creationInfo>
      <agencyURI>smi:smi-registry/organization/EMSC</agencyURI>
      <authorURI>smi:smi-registry/organization/EMSC</authorURI>
    </creationInfo>
  </magnitude>
</event>
<event publicID="quakeml:eu.emsc/event/19980508_0000019">
  <preferredOriginID>quakeml:eu.emsc/event/19980508_0000019/origin/1495513</preferredOriginID>
  <preferredMagnitudeID>quakeml:eu.emsc/event/19980508_0000019/origin/1495513/mag/1</preferredMagnitudeID>
  <creationInfo>
    <agencyURI>smi:smi-registry/organization/EMSC</agencyURI>
    <authorURI>smi:smi-registry/organization/EMSC</authorURI>
    <creationTime>2014-12-03T16:10:08.603792Z</creationTime>
  </creationInfo>
  <description>
    <text>NORTHERN ITALY</text>
    <type>Flinn-Engdahl region</type>
  </description>
  <origin publicID="quakeml:eu.emsc/event/19980508_0000019/origin/1495513">
    <time>
      <value>1998-05-08T02:32:06.8Z</value>
      <uncertainty>0.09</uncertainty>
    </time>
    <latitude>
      <value>44.8703</value>
      <uncertainty>2.4</uncertainty>
    </latitude>
    <longitude>
      <value>7.1581</value>
      <uncertainty>1.5</uncertainty>
    </longitude>
    <depth>
      <value>15000</value>
    </depth>
    <depthType>from location</depthType>
    <methodID>smi:eu.emsc-csem/origin_method/NA</methodID>
    <quality>
      <usedPhaseCount>24</usedPhaseCount>
      <usedStationCount>14</usedStationCount>
      <standardError>0.52</standardError>
      <azimuthalGap>94</azimuthalGap>
      <minimumDistance>0.11</minimumDistance>
      <maximumDistance>1.61</maximumDistance>
    </quality>
    <evaluationMode>manual</evaluationMode>
    <creationInfo>
      <agencyURI>smi:smi-registry/organization/EMSC</agencyURI>
      <authorURI>smi:smi-registry/organization/EMSC</authorURI>
    </creationInfo>
    <originUncertainty>
      <azimuthMaxHorizontalUncertainty>81</azimuthMaxHorizontalUncertainty>
    </originUncertainty>
  </origin>
  <magnitude publicID="quakeml:eu.emsc/event/19980508_0000019/origin/1495513/mag/1">
    <mag>
      <value>1.1</value>
      <uncertainty>0.4</uncertainty>
    </mag>
    <type>ML</type>
    <originID>quakeml:eu.emsc/event/19980508_0000019/origin/1495513</originID>
    <stationCount>6</stationCount>
    <creationInfo>
      <agencyURI>smi:smi-registry/organization/EMSC</agencyURI>
      <authorURI>smi:smi-registry/organization/EMSC</authorURI>
    </creationInfo>
  </magnitude>
</event>
<event publicID="quakeml:eu.emsc/event/19980508_0000001">
  <preferredOriginID>quakeml:eu.emsc/event/19980508_0000001/origin/1496092</preferredOriginID>
  <preferredMagnitudeID>quakeml:eu.emsc/event/19980508_0000001/origin/1496092/mag/2</preferredMagnitudeID>
  <creationInfo>
    <agencyURI>smi:smi-registry/organization/EMSC</agencyURI>
    <authorURI>smi:smi-registry/organization/EMSC</authorURI>
    <creationTime>2014-12-03T10:49:21.706105Z</creationTime>
  </creationInfo>
  <description>
    <text>SWITZERLAND</text>
    <type>Flinn-Engdahl region</type>
  </description>
  <origin publicID="quakeml:eu.emsc/event/19980508_0000001/origin/1496092">
    <time>
      <value>1998-05-08T01:58:58.1Z</value>
      <uncertainty>0.14</uncertainty>
    </time>
    <latitude>
      <value>46.1131</value>
      <uncertainty>3.9</uncertainty>
    </latitude>
    <longitude>
      <value>7.3721</value>
      <uncertainty>2.5</uncertainty>
    </longitude>
    <depth>
      <value>2000</value>
    </depth>
    <depthType>from location</depthType>
    <methodID>smi:eu.emsc-csem/origin_method/NA</methodID>
    <quality>
      <usedPhaseCount>63</usedPhaseCount>
      <usedStationCount>42</usedStationCount>
      <standardError>1.1</standardError>
      <azimuthalGap>54</azimuthalGap>
      <minimumDistance>0.04</minimumDistance>
      <maximumDistance>3.59</maximumDistance>
    </quality>
    <evaluationMode>manual</evaluationMode>
    <creationInfo>
      <agencyURI>smi:smi-registry/organization/EMSC</agencyURI>
      <authorURI>smi:smi-registry/organization/EMSC</authorURI>
    </creationInfo>
    <originUncertainty>
      <azimuthMaxHorizontalUncertainty>96</azimuthMaxHorizontalUncertainty>
    </originUncertainty>
  </origin>
  <magnitude publicID="quakeml:eu.emsc/event/19980508_0000001/origin/1496092/mag/2">
    <mag>
      <value>2.1</value>
    </mag>
    <type>ML</type>
    <originID>quakeml:eu.emsc/event/19980508_0000001/origin/1496092</originID>
    <stationCount>5</stationCount>
    <creationInfo>
      <agencyURI>smi:smi-registry/organization/EMSC</agencyURI>
      <authorURI>smi:smi-registry/organization/EMSC</authorURI>
    </creationInfo>
  </magnitude>
</event>
</eventParameters>
</q:quakeml>
