<?xml version="1.0"?>
<q:quakeml xmlns:q="http://quakeml.org/xmlns/quakeml/1.2"  xmlns="http://quakeml.org/xmlns/bed/1.2">
<eventParameters publicID="smi:eu.emsc/unid">
<event publicID="quakeml:eu.emsc/event/19980819_0000010">
  <preferredOriginID>quakeml:eu.emsc/event/19980819_0000010/origin/1493107</preferredOriginID>
  <preferredMagnitudeID>quakeml:eu.emsc/event/19980819_0000010/origin/1493107/mag/2</preferredMagnitudeID>
  <creationInfo>
    <agencyURI>smi:smi-registry/organization/EMSC</agencyURI>
    <authorURI>smi:smi-registry/organization/EMSC</authorURI>
    <creationTime>2014-12-03T11:56:00.266281Z</creationTime>
  </creationInfo>
  <description>
    <text>GREECE</text>
    <type>Flinn-Engdahl region</type>
  </description>
  <origin publicID="quakeml:eu.emsc/event/19980819_0000010/origin/1493107">
    <time>
      <value>1998-08-19T21:54:19.4Z</value>
      <uncertainty>0.29</uncertainty>
    </time>
    <latitude>
      <value>39.3096</value>
      <uncertainty>6.8</uncertainty>
    </latitude>
    <longitude>
      <value>22.9816</value>
      <uncertainty>5.2</uncertainty>
    </longitude>
    <depth>
      <value>5000</value>
    </depth>
    <depthType>from location</depthType>
    <methodID>smi:eu.emsc-csem/origin_method/NA</methodID>
    <quality>
      <usedPhaseCount>33</usedPhaseCount>
      <usedStationCount>25</usedStationCount>
      <standardError>1.2</standardError>
      <azimuthalGap>55</azimuthalGap>
      <minimumDistance>0.17</minimumDistance>
      <maximumDistance>3.28</maximumDistance>
    </quality>
    <evaluationMode>manual</evaluationMode>
    <creationInfo>
      <agencyURI>smi:smi-registry/organization/EMSC</agencyURI>
      <authorURI>smi:smi-registry/organization/EMSC</authorURI>
    </creationInfo>
    <originUncertainty>
      <azimuthMaxHorizontalUncertainty>139</azimuthMaxHorizontalUncertainty>
    </originUncertainty>
  </origin>
  <magnitude publicID="quakeml:eu.emsc/event/19980819_0000010/origin/1493107/mag/2">
    <mag>
      <value>2.8</value>
    </mag>
    <type>ML</type>
    <originID>quakeml:eu.emsc/event/19980819_0000010/origin/1493107</originID>
    <creationInfo>
      <agencyURI>smi:smi-registry/organization/EMSC</agencyURI>
      <authorURI>smi:smi-registry/organization/EMSC</authorURI>
    </creationInfo>
  </magnitude>
</event>
<event publicID="quakeml:eu.emsc/event/19980819_0000009">
  <preferredOriginID>quakeml:eu.emsc/event/19980819_0000009/origin/1493110</preferredOriginID>
  <preferredMagnitudeID>quakeml:eu.emsc/event/19980819_0000009/origin/1493110/mag/2</preferredMagnitudeID>
  <creationInfo>
    <agencyURI>smi:smi-registry/organization/EMSC</agencyURI>
    <authorURI>smi:smi-registry/organization/EMSC</authorURI>
    <creationTime>2014-12-03T12:18:02.638273Z</creationTime>
  </creationInfo>
  <description>
    <text>SOUTHERN GREECE</text>
    <type>Flinn-Engdahl region</type>
  </description>
  <origin publicID="quakeml:eu.emsc/event/19980819_0000009/origin/1493110">
    <time>
      <value>1998-08-19T21:14:48.8Z</value>
      <uncertainty>0.81</uncertainty>
    </time>
    <latitude>
      <value>37.4936</value>
      <uncertainty>20</uncertainty>
    </latitude>
    <longitude>
      <value>21.0102</value>
      <uncertainty>6.5</uncertainty>
    </longitude>
    <depth>
      <value>2000</value>
    </depth>
    <depthType>from location</depthType>
    <methodID>smi:eu.emsc-csem/origin_method/NA</methodID>
    <quality>
      <usedPhaseCount>28</usedPhaseCount>
      <usedStationCount>27</usedStationCount>
      <standardError>0.86</standardError>
      <azimuthalGap>221</azimuthalGap>
      <minimumDistance>0.79</minimumDistance>
      <maximumDistance>5.36</maximumDistance>
    </quality>
    <evaluationMode>manual</evaluationMode>
    <creationInfo>
      <agencyURI>smi:smi-registry/organization/EMSC</agencyURI>
      <authorURI>smi:smi-registry/organization/EMSC</authorURI>
    </creationInfo>
    <originUncertainty>
      <azimuthMaxHorizontalUncertainty>46</azimuthMaxHorizontalUncertainty>
    </originUncertainty>
  </origin>
  <magnitude publicID="quakeml:eu.emsc/event/19980819_0000009/origin/1493110/mag/2">
    <mag>
      <value>3.5</value>
    </mag>
    <type>ML</type>
    <originID>quakeml:eu.emsc/event/19980819_0000009/origin/1493110</originID>
    <creationInfo>
      <agencyURI>smi:smi-registry/organization/EMSC</agencyURI>
      <authorURI>smi:smi-registry/organization/EMSC</authorURI>
    </creationInfo>
  </magnitude>
</event>
<event publicID="quakeml:eu.emsc/event/19980819_0000008">
  <preferredOriginID>quakeml:eu.emsc/event/19980819_0000008/origin/1493112</preferredOriginID>
  <preferredMagnitudeID>quakeml:eu.emsc/event/19980819_0000008/origin/1493112/mag/2</preferredMagnitudeID>
  <creationInfo>
    <agencyURI>smi:smi-registry/organization/EMSC</agencyURI>
    <authorURI>smi:smi-registry/organization/EMSC</authorURI>
    <creationTime>2014-12-03T12:00:45.779236Z</creationTime>
  </creationInfo>
  <description>
    <text>SOUTHERN IRAN</text>
    <type>Flinn-Engdahl region</type>
  </description>
  <origin publicID="quakeml:eu.emsc/event/19980819_0000008/origin/1493112">
    <time>
      <value>1998-08-19T19:39:00.6Z</value>
      <uncertainty>0.39</uncertainty>
    </time>
    <latitude>
      <value>28.0455</value>
      <uncertainty>21.3</uncertainty>
    </latitude>
    <longitude>
      <value>52.4684</value>
      <uncertainty>13.6</uncertainty>
    </longitude>
    <depth>
      <value>10000</value>
    </depth>
    <depthType>from location</depthType>
    <methodID>smi:eu.emsc-csem/origin_method/NA</methodID>
    <quality>
      <usedPhaseCount>14</usedPhaseCount>
      <usedStationCount>14</usedStationCount>
      <standardError>0.87</standardError>
      <azimuthalGap>139</azimuthalGap>
      <minimumDistance>18.69</minimumDistance>
      <maximumDistance>62.08</maximumDistance>
    </quality>
    <evaluationMode>manual</evaluationMode>
    <creationInfo>
      <agencyURI>smi:smi-registry/organization/EMSC</agencyURI>
      <authorURI>smi:smi-registry/organization/EMSC</authorURI>
    </creationInfo>
    <originUncertainty>
      <azimuthMaxHorizontalUncertainty>142</azimuthMaxHorizontalUncertainty>
    </originUncertainty>
  </origin>
  <magnitude publicID="quakeml:eu.emsc/event/19980819_0000008/origin/1493112/mag/2">
    <mag>
      <value>4.1</value>
    </mag>
    <type>mb</type>
    <originID>quakeml:eu.emsc/event/19980819_0000008/origin/1493112</originID>
    <stationCount>2</stationCount>
    <creationInfo>
      <agencyURI>smi:smi-registry/organization/EMSC</agencyURI>
      <authorURI>smi:smi-registry/organization/EMSC</authorURI>
    </creationInfo>
  </magnitude>
</event>
<event publicID="quakeml:eu.emsc/event/19980819_0000017">
  <preferredOriginID>quakeml:eu.emsc/event/19980819_0000017/origin/1973301</preferredOriginID>
  <preferredMagnitudeID>quakeml:eu.emsc/event/19980819_0000017/origin/1973301/mag/2</preferredMagnitudeID>
  <creationInfo>
    <agencyURI>smi:smi-registry/organization/EMSC</agencyURI>
    <authorURI>smi:smi-registry/organization/EMSC</authorURI>
    <creationTime>2014-12-11T09:33:41.869683Z</creationTime>
  </creationInfo>
  <description>
    <text>SICILY, ITALY</text>
    <type>Flinn-Engdahl region</type>
  </description>
  <origin publicID="quakeml:eu.emsc/event/19980819_0000017/origin/1973301">
    <time>
      <value>1998-08-19T18:50:05.8Z</value>
    </time>
    <latitude>
      <value>38.701</value>
      <uncertainty>9999.9</uncertainty>
    </latitude>
    <longitude>
      <value>15.593</value>
      <uncertainty>9999.9</uncertainty>
    </longitude>
    <depth>
      <value>208200.0</value>
    </depth>
    <depthType>from location</depthType>
    <methodID>smi:eu.emsc-csem/origin_method/NA</methodID>
    <quality>
      <usedPhaseCount>35</usedPhaseCount>
      <usedStationCount>23</usedStationCount>
      <standardError>1.11</standardError>
      <azimuthalGap>103</azimuthalGap>
      <minimumDistance>0.45</minimumDistance>
      <maximumDistance>3.02</maximumDistance>
    </quality>
    <evaluationMode>manual</evaluationMode>
    <creationInfo>
      <agencyURI>smi:smi-registry/organization/EMSC</agencyURI>
      <authorURI>smi:smi-registry/organization/EMSC</authorURI>
    </creationInfo>
    <originUncertainty>
      <azimuthMaxHorizontalUncertainty>-99</azimuthMaxHorizontalUncertainty>
    </originUncertainty>
  </origin>
  <magnitude publicID="quakeml:eu.emsc/event/19980819_0000017/origin/1973301/mag/2">
    <mag>
      <value>2.5</value>
    </mag>
    <type>ML</type>
    <originID>quakeml:eu.emsc/event/19980819_0000017/origin/1973301</originID>
    <stationCount>22</stationCount>
    <creationInfo>
      <agencyURI>smi:smi-registry/organization/EMSC</agencyURI>
      <authorURI>smi:smi-registry/organization/EMSC</authorURI>
    </creationInfo>
  </magnitude>
</event>
<event publicID="quakeml:eu.emsc/event/19980819_0000012">
  <preferredOriginID>quakeml:eu.emsc/event/19980819_0000012/origin/1487786</preferredOriginID>
  <preferredMagnitudeID>quakeml:eu.emsc/event/19980819_0000012/origin/1487786/mag/2</preferredMagnitudeID>
  <creationInfo>
    <agencyURI>smi:smi-registry/organization/EMSC</agencyURI>
    <authorURI>smi:smi-registry/organization/EMSC</authorURI>
    <creationTime>2014-12-10T19:02:43.406275Z</creationTime>
  </creationInfo>
  <description>
    <text>SWITZERLAND</text>
    <type>Flinn-Engdahl region</type>
  </description>
  <origin publicID="quakeml:eu.emsc/event/19980819_0000012/origin/1487786">
    <time>
      <value>1998-08-19T17:50:02.0Z</value>
    </time>
    <latitude>
      <value>47.158</value>
      <uncertainty>9999.9</uncertainty>
    </latitude>
    <longitude>
      <value>6.948</value>
      <uncertainty>9999.9</uncertainty>
    </longitude>
    <depth>
      <value>5700.0</value>
    </depth>
    <depthType>from location</depthType>
    <methodID>smi:eu.emsc-csem/origin_method/NA</methodID>
    <quality>
      <usedPhaseCount>6</usedPhaseCount>
      <usedStationCount>3</usedStationCount>
      <standardError>0.52</standardError>
      <azimuthalGap>264</azimuthalGap>
      <minimumDistance>0.49</minimumDistance>
      <maximumDistance>151.11</maximumDistance>
    </quality>
    <evaluationMode>manual</evaluationMode>
    <creationInfo>
      <agencyURI>smi:smi-registry/organization/EMSC</agencyURI>
      <authorURI>smi:smi-registry/organization/EMSC</authorURI>
    </creationInfo>
    <originUncertainty>
      <azimuthMaxHorizontalUncertainty>-99</azimuthMaxHorizontalUncertainty>
    </originUncertainty>
  </origin>
  <magnitude publicID="quakeml:eu.emsc/event/19980819_0000012/origin/1487786/mag/2">
    <mag>
      <value>1.6</value>
    </mag>
    <type>ML</type>
    <originID>quakeml:eu.emsc/event/19980819_0000012/origin/1487786</originID>
    <stationCount>6</stationCount>
    <creationInfo>
      <agencyURI>smi:smi-registry/organization/EMSC</agencyURI>
      <authorURI>smi:smi-registry/organization/EMSC</authorURI>
    </creationInfo>
  </magnitude>
</event>
<event publicID="quakeml:eu.emsc/event/19980819_0000016">
  <preferredOriginID>quakeml:eu.emsc/event/19980819_0000016/origin/1483174</preferredOriginID>
  <preferredMagnitudeID>quakeml:eu.emsc/event/19980819_0000016/origin/1483174/mag/2</preferredMagnitudeID>
  <creationInfo>
    <agencyURI>smi:smi-registry/organization/EMSC</agencyURI>
    <authorURI>smi:smi-registry/organization/EMSC</authorURI>
    <creationTime>2014-12-10T19:02:42.931525Z</creationTime>
  </creationInfo>
  <description>
    <text>NORTHERN ITALY</text>
    <type>Flinn-Engdahl region</type>
  </description>
  <origin publicID="quakeml:eu.emsc/event/19980819_0000016/origin/1483174">
    <time>
      <value>1998-08-19T16:35:52.3Z</value>
    </time>
    <latitude>
      <value>44.4948</value>
      <uncertainty>9999.9</uncertainty>
    </latitude>
    <longitude>
      <value>7.3155</value>
      <uncertainty>9999.9</uncertainty>
    </longitude>
    <depth>
      <value>3200.0</value>
    </depth>
    <depthType>from location</depthType>
    <methodID>smi:eu.emsc-csem/origin_method/NA</methodID>
    <quality>
      <usedPhaseCount>8</usedPhaseCount>
      <usedStationCount>4</usedStationCount>
      <standardError>9.05</standardError>
      <azimuthalGap>165</azimuthalGap>
      <minimumDistance>0.15</minimumDistance>
      <maximumDistance>0.34</maximumDistance>
    </quality>
    <evaluationMode>manual</evaluationMode>
    <creationInfo>
      <agencyURI>smi:smi-registry/organization/EMSC</agencyURI>
      <authorURI>smi:smi-registry/organization/EMSC</authorURI>
    </creationInfo>
    <originUncertainty>
      <azimuthMaxHorizontalUncertainty>-99</azimuthMaxHorizontalUncertainty>
    </originUncertainty>
  </origin>
  <magnitude publicID="quakeml:eu.emsc/event/19980819_0000016/origin/1483174/mag/2">
    <mag>
      <value>1.7</value>
    </mag>
    <type>ML</type>
    <originID>quakeml:eu.emsc/event/19980819_0000016/origin/1483174</originID>
    <creationInfo>
      <agencyURI>smi:smi-registry/organization/EMSC</agencyURI>
      <authorURI>smi:smi-registry/organization/EMSC</authorURI>
    </creationInfo>
  </magnitude>
</event>
<event publicID="quakeml:eu.emsc/event/19980819_0000019">
  <preferredOriginID>quakeml:eu.emsc/event/19980819_0000019/origin/1483176</preferredOriginID>
  <preferredMagnitudeID>quakeml:eu.emsc/event/19980819_0000019/origin/1483176/mag/2</preferredMagnitudeID>
  <creationInfo>
    <agencyURI>smi:smi-registry/organization/EMSC</agencyURI>
    <authorURI>smi:smi-registry/organization/EMSC</authorURI>
    <creationTime>2014-12-10T19:02:42.452903Z</creationTime>
  </creationInfo>
  <description>
    <text>GERMANY</text>
    <type>Flinn-Engdahl region</type>
  </description>
  <origin publicID="quakeml:eu.emsc/event/19980819_0000019/origin/1483176">
    <time>
      <value>1998-08-19T16:29:11.9Z</value>
    </time>
    <latitude>
      <value>51.6472</value>
      <uncertainty>9999.9</uncertainty>
    </latitude>
    <longitude>
      <value>7.7437</value>
      <uncertainty>9999.9</uncertainty>
    </longitude>
    <depth>
      <value>1000</value>
    </depth>
    <depthType>from location</depthType>
    <methodID>smi:eu.emsc-csem/origin_method/NA</methodID>
    <quality>
      <usedPhaseCount>11</usedPhaseCount>
      <usedStationCount>6</usedStationCount>
      <standardError>1.08</standardError>
      <azimuthalGap>205</azimuthalGap>
      <minimumDistance>0.36</minimumDistance>
      <maximumDistance>2.64</maximumDistance>
    </quality>
    <evaluationMode>manual</evaluationMode>
    <creationInfo>
      <agencyURI>smi:smi-registry/organization/EMSC</agencyURI>
      <authorURI>smi:smi-registry/organization/EMSC</authorURI>
    </creationInfo>
    <originUncertainty>
      <azimuthMaxHorizontalUncertainty>-99</azimuthMaxHorizontalUncertainty>
    </originUncertainty>
  </origin>
  <magnitude publicID="quakeml:eu.emsc/event/19980819_0000019/origin/1483176/mag/2">
    <mag>
      <value>1.9</value>
    </mag>
    <type>ML</type>
    <originID>quakeml:eu.emsc/event/19980819_0000019/origin/1483176</originID>
    <creationInfo>
      <agencyURI>smi:smi-registry/organization/EMSC</agencyURI>
      <authorURI>smi:smi-registry/organization/EMSC</authorURI>
    </creationInfo>
  </magnitude>
</event>
<event publicID="quakeml:eu.emsc/event/19980819_0000007">
  <preferredOriginID>quakeml:eu.emsc/event/19980819_0000007/origin/1492584</preferredOriginID>
  <preferredMagnitudeID>quakeml:eu.emsc/event/19980819_0000007/origin/1492584/mag/2</preferredMagnitudeID>
  <creationInfo>
    <agencyURI>smi:smi-registry/organization/EMSC</agencyURI>
    <authorURI>smi:smi-registry/organization/EMSC</authorURI>
    <creationTime>2014-12-10T18:33:05.218376Z</creationTime>
  </creationInfo>
  <description>
    <text>LATVIA</text>
    <type>Flinn-Engdahl region</type>
  </description>
  <origin publicID="quakeml:eu.emsc/event/19980819_0000007/origin/1492584">
    <time>
      <value>1998-08-19T15:33:55.2Z</value>
    </time>
    <latitude>
      <value>56.584</value>
      <uncertainty>9999.9</uncertainty>
    </latitude>
    <longitude>
      <value>26.303</value>
      <uncertainty>9999.9</uncertainty>
    </longitude>
    <depth>
      <value>0</value>
    </depth>
    <depthType>from location</depthType>
    <methodID>smi:eu.emsc-csem/origin_method/NA</methodID>
    <quality>
      <usedPhaseCount>12</usedPhaseCount>
      <usedStationCount>6</usedStationCount>
      <standardError>6</standardError>
      <azimuthalGap>328</azimuthalGap>
      <minimumDistance>4.03</minimumDistance>
      <maximumDistance>6.84</maximumDistance>
    </quality>
    <evaluationMode>manual</evaluationMode>
    <creationInfo>
      <agencyURI>smi:smi-registry/organization/EMSC</agencyURI>
      <authorURI>smi:smi-registry/organization/EMSC</authorURI>
    </creationInfo>
    <originUncertainty>
      <azimuthMaxHorizontalUncertainty>-99</azimuthMaxHorizontalUncertainty>
    </originUncertainty>
  </origin>
  <magnitude publicID="quakeml:eu.emsc/event/19980819_0000007/origin/1492584/mag/2">
    <mag>
      <value>2.5</value>
    </mag>
    <type>ML</type>
    <originID>quakeml:eu.emsc/event/19980819_0000007/origin/1492584</originID>
    <creationInfo>
      <agencyURI>smi:smi-registry/organization/EMSC</agencyURI>
      <authorURI>smi:smi-registry/organization/EMSC</authorURI>
    </creationInfo>
  </magnitude>
</event>
<event publicID="quakeml:eu.emsc/event/19980819_0000015">
  <preferredOriginID>quakeml:eu.emsc/event/19980819_0000015/origin/1483178</preferredOriginID>
  <preferredMagnitudeID>quakeml:eu.emsc/event/19980819_0000015/origin/1483178/mag/2</preferredMagnitudeID>
  <creationInfo>
    <agencyURI>smi:smi-registry/organization/EMSC</agencyURI>
    <authorURI>smi:smi-registry/organization/EMSC</authorURI>
    <creationTime>2014-12-10T19:02:41.965407Z</creationTime>
  </creationInfo>
  <description>
    <text>SWITZERLAND</text>
    <type>Flinn-Engdahl region</type>
  </description>
  <origin publicID="quakeml:eu.emsc/event/19980819_0000015/origin/1483178">
    <time>
      <value>1998-08-19T14:04:30.5Z</value>
    </time>
    <latitude>
      <value>46.225</value>
      <uncertainty>9999.9</uncertainty>
    </latitude>
    <longitude>
      <value>7.851</value>
      <uncertainty>9999.9</uncertainty>
    </longitude>
    <depth>
      <value>4600.0</value>
    </depth>
    <depthType>from location</depthType>
    <methodID>smi:eu.emsc-csem/origin_method/NA</methodID>
    <quality>
      <usedPhaseCount>8</usedPhaseCount>
      <usedStationCount>3</usedStationCount>
      <standardError>0.49</standardError>
      <azimuthalGap>199</azimuthalGap>
      <minimumDistance>0.19</minimumDistance>
      <maximumDistance>0.31</maximumDistance>
    </quality>
    <evaluationMode>manual</evaluationMode>
    <creationInfo>
      <agencyURI>smi:smi-registry/organization/EMSC</agencyURI>
      <authorURI>smi:smi-registry/organization/EMSC</authorURI>
    </creationInfo>
    <originUncertainty>
      <azimuthMaxHorizontalUncertainty>-99</azimuthMaxHorizontalUncertainty>
    </originUncertainty>
  </origin>
  <magnitude publicID="quakeml:eu.emsc/event/19980819_0000015/origin/1483178/mag/2">
    <mag>
      <value>1.4</value>
    </mag>
    <type>ML</type>
    <originID>quakeml:eu.emsc/event/19980819_0000015/origin/1483178</originID>
    <stationCount>5</stationCount>
    <creationInfo>
      <agencyURI>smi:smi-registry/organization/EMSC</agencyURI>
      <authorURI>smi:smi-registry/organization/EMSC</authorURI>
    </creationInfo>
  </magnitude>
</event>
<event publicID="quakeml:eu.emsc/event/19980819_0000006">
  <preferredOriginID>quakeml:eu.emsc/event/19980819_0000006/origin/1493116</preferredOriginID>
  <preferredMagnitudeID>quakeml:eu.emsc/event/19980819_0000006/origin/1493116/mag/2</preferredMagnitudeID>
  <creationInfo>
    <agencyURI>smi:smi-registry/organization/EMSC</agencyURI>
    <authorURI>smi:smi-registry/organization/EMSC</authorURI>
    <creationTime>2014-12-03T12:06:10.99062Z</creationTime>
  </creationInfo>
  <description>
    <text>NORTHERN ITALY</text>
    <type>Flinn-Engdahl region</type>
  </description>
  <origin publicID="quakeml:eu.emsc/event/19980819_0000006/origin/1493116">
    <time>
      <value>1998-08-19T12:44:19.0Z</value>
      <uncertainty>0.47</uncertainty>
    </time>
    <latitude>
      <value>44.6737</value>
      <uncertainty>11.4</uncertainty>
    </latitude>
    <longitude>
      <value>10.1847</value>
      <uncertainty>7.2</uncertainty>
    </longitude>
    <depth>
      <value>35000</value>
    </depth>
    <depthType>from location</depthType>
    <methodID>smi:eu.emsc-csem/origin_method/NA</methodID>
    <quality>
      <usedPhaseCount>44</usedPhaseCount>
      <usedStationCount>29</usedStationCount>
      <standardError>0.98</standardError>
      <azimuthalGap>141</azimuthalGap>
      <minimumDistance>0.91</minimumDistance>
      <maximumDistance>4.26</maximumDistance>
    </quality>
    <evaluationMode>manual</evaluationMode>
    <creationInfo>
      <agencyURI>smi:smi-registry/organization/EMSC</agencyURI>
      <authorURI>smi:smi-registry/organization/EMSC</authorURI>
    </creationInfo>
    <originUncertainty>
      <azimuthMaxHorizontalUncertainty>126</azimuthMaxHorizontalUncertainty>
    </originUncertainty>
  </origin>
  <magnitude publicID="quakeml:eu.emsc/event/19980819_0000006/origin/1493116/mag/2">
    <mag>
      <value>2.6</value>
    </mag>
    <type>ML</type>
    <originID>quakeml:eu.emsc/event/19980819_0000006/origin/1493116</originID>
    <stationCount>7</stationCount>
    <creationInfo>
      <agencyURI>smi:smi-registry/organization/EMSC</agencyURI>
      <authorURI>smi:smi-registry/organization/EMSC</authorURI>
    </creationInfo>
  </magnitude>
</event>
<event publicID="quakeml:eu.emsc/event/19980819_0000005">
  <preferredOriginID>quakeml:eu.emsc/event/19980819_0000005/origin/1483180</preferredOriginID>
  <preferredMagnitudeID>quakeml:eu.emsc/event/19980819_0000005/origin/1483180/mag/2</preferredMagnitudeID>
  <creationInfo>
    <agencyURI>smi:smi-registry/organization/EMSC</agencyURI>
    <authorURI>smi:smi-registry/organization/EMSC</authorURI>
    <creationTime>2014-12-10T18:32:18.769642Z</creationTime>
  </creationInfo>
  <description>
    <text>GULF OF BOTHNIA</text>
    <type>Flinn-Engdahl region</type>
  </description>
  <origin publicID="quakeml:eu.emsc/event/19980819_0000005/origin/1483180">
    <time>
      <value>1998-08-19T12:04:28.3Z</value>
    </time>
    <latitude>
      <value>61.039</value>
      <uncertainty>9999.9</uncertainty>
    </latitude>
    <longitude>
      <value>20.677</value>
      <uncertainty>9999.9</uncertainty>
    </longitude>
    <depth>
      <value>0</value>
    </depth>
    <depthType>from location</depthType>
    <methodID>smi:eu.emsc-csem/origin_method/NA</methodID>
    <quality>
      <usedPhaseCount>14</usedPhaseCount>
      <usedStationCount>6</usedStationCount>
      <standardError>2.98</standardError>
      <azimuthalGap>267</azimuthalGap>
      <minimumDistance>2.02</minimumDistance>
      <maximumDistance>2.9</maximumDistance>
    </quality>
    <evaluationMode>manual</evaluationMode>
    <creationInfo>
      <agencyURI>smi:smi-registry/organization/EMSC</agencyURI>
      <authorURI>smi:smi-registry/organization/EMSC</authorURI>
    </creationInfo>
    <originUncertainty>
      <azimuthMaxHorizontalUncertainty>-99</azimuthMaxHorizontalUncertainty>
    </originUncertainty>
  </origin>
  <magnitude publicID="quakeml:eu.emsc/event/19980819_0000005/origin/1483180/mag/2">
    <mag>
      <value>1.9</value>
    </mag>
    <type>ML</type>
    <originID>quakeml:eu.emsc/event/19980819_0000005/origin/1483180</originID>
    <creationInfo>
      <agencyURI>smi:smi-registry/organization/EMSC</agencyURI>
      <authorURI>smi:smi-registry/organization/EMSC</authorURI>
    </creationInfo>
  </magnitude>
</event>
<event publicID="quakeml:eu.emsc/event/19980819_0000020">
  <preferredOriginID>quakeml:eu.emsc/event/19980819_0000020/origin/1483182</preferredOriginID>
  <preferredMagnitudeID>quakeml:eu.emsc/event/19980819_0000020/origin/1483182/mag/2</preferredMagnitudeID>
  <creationInfo>
    <agencyURI>smi:smi-registry/organization/EMSC</agencyURI>
    <authorURI>smi:smi-registry/organization/EMSC</authorURI>
    <creationTime>2014-12-10T19:02:41.483543Z</creationTime>
  </creationInfo>
  <description>
    <text>NORTHERN ITALY</text>
    <type>Flinn-Engdahl region</type>
  </description>
  <origin publicID="quakeml:eu.emsc/event/19980819_0000020/origin/1483182">
    <time>
      <value>1998-08-19T10:18:31.3Z</value>
    </time>
    <latitude>
      <value>44.344</value>
      <uncertainty>9999.9</uncertainty>
    </latitude>
    <longitude>
      <value>7.3475</value>
      <uncertainty>9999.9</uncertainty>
    </longitude>
    <depth>
      <value>9900.0</value>
    </depth>
    <depthType>from location</depthType>
    <methodID>smi:eu.emsc-csem/origin_method/NA</methodID>
    <quality>
      <usedPhaseCount>11</usedPhaseCount>
      <usedStationCount>8</usedStationCount>
      <standardError>0.98</standardError>
      <azimuthalGap>123</azimuthalGap>
      <minimumDistance>0.1</minimumDistance>
      <maximumDistance>0.63</maximumDistance>
    </quality>
    <evaluationMode>manual</evaluationMode>
    <creationInfo>
      <agencyURI>smi:smi-registry/organization/EMSC</agencyURI>
      <authorURI>smi:smi-registry/organization/EMSC</authorURI>
    </creationInfo>
    <originUncertainty>
      <azimuthMaxHorizontalUncertainty>-99</azimuthMaxHorizontalUncertainty>
    </originUncertainty>
  </origin>
  <magnitude publicID="quakeml:eu.emsc/event/19980819_0000020/origin/1483182/mag/2">
    <mag>
      <value>2.1</value>
    </mag>
    <type>ML</type>
    <originID>quakeml:eu.emsc/event/19980819_0000020/origin/1483182</originID>
    <creationInfo>
      <agencyURI>smi:smi-registry/organization/EMSC</agencyURI>
      <authorURI>smi:smi-registry/organization/EMSC</authorURI>
    </creationInfo>
  </magnitude>
</event>
<event publicID="quakeml:eu.emsc/event/19980819_0000003">
  <preferredOriginID>quakeml:eu.emsc/event/19980819_0000003/origin/1483184</preferredOriginID>
  <preferredMagnitudeID>quakeml:eu.emsc/event/19980819_0000003/origin/1483184/mag/2</preferredMagnitudeID>
  <creationInfo>
    <agencyURI>smi:smi-registry/organization/EMSC</agencyURI>
    <authorURI>smi:smi-registry/organization/EMSC</authorURI>
    <creationTime>2014-12-10T18:31:25.4938Z</creationTime>
  </creationInfo>
  <description>
    <text>ROMANIA</text>
    <type>Flinn-Engdahl region</type>
  </description>
  <origin publicID="quakeml:eu.emsc/event/19980819_0000003/origin/1483184">
    <time>
      <value>1998-08-19T09:03:37.0Z</value>
    </time>
    <latitude>
      <value>45.693</value>
      <uncertainty>9999.9</uncertainty>
    </latitude>
    <longitude>
      <value>26.771</value>
      <uncertainty>9999.9</uncertainty>
    </longitude>
    <depth>
      <value>112400.0</value>
    </depth>
    <depthType>from location</depthType>
    <methodID>smi:eu.emsc-csem/origin_method/NA</methodID>
    <quality>
      <usedPhaseCount>8</usedPhaseCount>
      <usedStationCount>5</usedStationCount>
      <standardError>0.68</standardError>
      <azimuthalGap>99</azimuthalGap>
      <minimumDistance>0.18</minimumDistance>
      <maximumDistance>0.94</maximumDistance>
    </quality>
    <evaluationMode>manual</evaluationMode>
    <creationInfo>
      <agencyURI>smi:smi-registry/organization/EMSC</agencyURI>
      <authorURI>smi:smi-registry/organization/EMSC</authorURI>
    </creationInfo>
    <originUncertainty>
      <azimuthMaxHorizontalUncertainty>-99</azimuthMaxHorizontalUncertainty>
    </originUncertainty>
  </origin>
  <magnitude publicID="quakeml:eu.emsc/event/19980819_0000003/origin/1483184/mag/2">
    <mag>
      <value>3.1</value>
    </mag>
    <type>MD</type>
    <originID>quakeml:eu.emsc/event/19980819_0000003/origin/1483184</originID>
    <stationCount>3</stationCount>
    <creationInfo>
      <agencyURI>smi:smi-registry/organization/EMSC</agencyURI>
      <authorURI>smi:smi-registry/organization/EMSC</authorURI>
    </creationInfo>
  </magnitude>
</event>
<event publicID="quakeml:eu.emsc/event/19980819_0000002">
  <preferredOriginID>quakeml:eu.emsc/event/19980819_0000002/origin/1483186</preferredOriginID>
  <preferredMagnitudeID>quakeml:eu.emsc/event/19980819_0000002/origin/1483186/mag/2</preferredMagnitudeID>
  <creationInfo>
    <agencyURI>smi:smi-registry/organization/EMSC</agencyURI>
    <authorURI>smi:smi-registry/organization/EMSC</authorURI>
    <creationTime>2014-12-10T18:30:56.84479Z</creationTime>
  </creationInfo>
  <description>
    <text>SOUTHERN ITALY</text>
    <type>Flinn-Engdahl region</type>
  </description>
  <origin publicID="quakeml:eu.emsc/event/19980819_0000002/origin/1483186">
    <time>
      <value>1998-08-19T08:13:17.6Z</value>
    </time>
    <latitude>
      <value>41.943</value>
      <uncertainty>9999.9</uncertainty>
    </latitude>
    <longitude>
      <value>13.267</value>
      <uncertainty>9999.9</uncertainty>
    </longitude>
    <depth>
      <value>200.0</value>
    </depth>
    <depthType>from location</depthType>
    <methodID>smi:eu.emsc-csem/origin_method/NA</methodID>
    <quality>
      <usedPhaseCount>27</usedPhaseCount>
      <usedStationCount>19</usedStationCount>
      <standardError>1.77</standardError>
      <azimuthalGap>106</azimuthalGap>
      <minimumDistance>0.44</minimumDistance>
      <maximumDistance>2.5</maximumDistance>
    </quality>
    <evaluationMode>manual</evaluationMode>
    <creationInfo>
      <agencyURI>smi:smi-registry/organization/EMSC</agencyURI>
      <authorURI>smi:smi-registry/organization/EMSC</authorURI>
    </creationInfo>
    <originUncertainty>
      <azimuthMaxHorizontalUncertainty>-99</azimuthMaxHorizontalUncertainty>
    </originUncertainty>
  </origin>
  <magnitude publicID="quakeml:eu.emsc/event/19980819_0000002/origin/1483186/mag/2">
    <mag>
      <value>2.5</value>
    </mag>
    <type>ML</type>
    <originID>quakeml:eu.emsc/event/19980819_0000002/origin/1483186</originID>
    <stationCount>9</stationCount>
    <creationInfo>
      <agencyURI>smi:smi-registry/organization/EMSC</agencyURI>
      <authorURI>smi:smi-registry/organization/EMSC</authorURI>
    </creationInfo>
  </magnitude>
</event>
<event publicID="quakeml:eu.emsc/event/19980819_0000001">
  <preferredOriginID>quakeml:eu.emsc/event/19980819_0000001/origin/1493122</preferredOriginID>
  <preferredMagnitudeID>quakeml:eu.emsc/event/19980819_0000001/origin/1493122/mag/2</preferredMagnitudeID>
  <creationInfo>
    <agencyURI>smi:smi-registry/organization/EMSC</agencyURI>
    <authorURI>smi:smi-registry/organization/EMSC</authorURI>
    <creationTime>2014-12-03T11:02:54.57021Z</creationTime>
  </creationInfo>
  <description>
    <text>MONTENEGRO</text>
    <type>Flinn-Engdahl region</type>
  </description>
  <origin publicID="quakeml:eu.emsc/event/19980819_0000001/origin/1493122">
    <time>
      <value>1998-08-19T07:58:38.4Z</value>
      <uncertainty>0.2</uncertainty>
    </time>
    <latitude>
      <value>42.5223</value>
      <uncertainty>6.6</uncertainty>
    </latitude>
    <longitude>
      <value>19.0126</value>
      <uncertainty>4.2</uncertainty>
    </longitude>
    <depth>
      <value>10000</value>
    </depth>
    <depthType>from location</depthType>
    <methodID>smi:eu.emsc-csem/origin_method/NA</methodID>
    <quality>
      <usedPhaseCount>59</usedPhaseCount>
      <usedStationCount>47</usedStationCount>
      <standardError>1.34</standardError>
      <azimuthalGap>47</azimuthalGap>
      <minimumDistance>0.21</minimumDistance>
      <maximumDistance>11.74</maximumDistance>
    </quality>
    <evaluationMode>manual</evaluationMode>
    <creationInfo>
      <agencyURI>smi:smi-registry/organization/EMSC</agencyURI>
      <authorURI>smi:smi-registry/organization/EMSC</authorURI>
    </creationInfo>
    <originUncertainty>
      <azimuthMaxHorizontalUncertainty>42</azimuthMaxHorizontalUncertainty>
    </originUncertainty>
  </origin>
  <magnitude publicID="quakeml:eu.emsc/event/19980819_0000001/origin/1493122/mag/2">
    <mag>
      <value>3.6</value>
    </mag>
    <type>mb</type>
    <originID>quakeml:eu.emsc/event/19980819_0000001/origin/1493122</originID>
    <stationCount>3</stationCount>
    <creationInfo>
      <agencyURI>smi:smi-registry/organization/EMSC</agencyURI>
      <authorURI>smi:smi-registry/organization/EMSC</authorURI>
    </creationInfo>
  </magnitude>
</event>
<event publicID="quakeml:eu.emsc/event/19980819_0000018">
  <preferredOriginID>quakeml:eu.emsc/event/19980819_0000018/origin/1535400</preferredOriginID>
  <preferredMagnitudeID>quakeml:eu.emsc/event/19980819_0000018/origin/1535400/mag/2</preferredMagnitudeID>
  <creationInfo>
    <agencyURI>smi:smi-registry/organization/EMSC</agencyURI>
    <authorURI>smi:smi-registry/organization/EMSC</authorURI>
    <creationTime>2014-12-10T21:58:26.339326Z</creationTime>
  </creationInfo>
  <description>
    <text>GERMANY</text>
    <type>Flinn-Engdahl region</type>
  </description>
  <origin publicID="quakeml:eu.emsc/event/19980819_0000018/origin/1535400">
    <time>
      <value>1998-08-19T07:14:50.6Z</value>
    </time>
    <latitude>
      <value>51.1488</value>
      <uncertainty>9999.9</uncertainty>
    </latitude>
    <longitude>
      <value>6.0213</value>
      <uncertainty>9999.9</uncertainty>
    </longitude>
    <depth>
      <value>20000</value>
    </depth>
    <depthType>from location</depthType>
    <methodID>smi:eu.emsc-csem/origin_method/NA</methodID>
    <quality>
      <usedPhaseCount>9</usedPhaseCount>
      <usedStationCount>6</usedStationCount>
      <standardError>1.08</standardError>
      <azimuthalGap>205</azimuthalGap>
      <minimumDistance>0.1</minimumDistance>
      <maximumDistance>1.49</maximumDistance>
    </quality>
    <evaluationMode>manual</evaluationMode>
    <creationInfo>
      <agencyURI>smi:smi-registry/organization/EMSC</agencyURI>
      <authorURI>smi:smi-registry/organization/EMSC</authorURI>
    </creationInfo>
    <originUncertainty>
      <azimuthMaxHorizontalUncertainty>-99</azimuthMaxHorizontalUncertainty>
    </originUncertainty>
  </origin>
  <magnitude publicID="quakeml:eu.emsc/event/19980819_0000018/origin/1535400/mag/2">
    <mag>
      <value>0.4</value>
    </mag>
    <type>ML</type>
    <originID>quakeml:eu.emsc/event/19980819_0000018/origin/1535400</originID>
    <creationInfo>
      <agencyURI>smi:smi-registry/organization/EMSC</agencyURI>
      <authorURI>smi:smi-registry/organization/EMSC</authorURI>
    </creationInfo>
  </magnitude>
</event>
<event publicID="quakeml:eu.emsc/event/19980819_0000014">
  <preferredOriginID>quakeml:eu.emsc/event/19980819_0000014/origin/1483188</preferredOriginID>
  <preferredMagnitudeID>quakeml:eu.emsc/event/19980819_0000014/origin/1483188/mag/2</preferredMagnitudeID>
  <creationInfo>
    <agencyURI>smi:smi-registry/organization/EMSC</agencyURI>
    <authorURI>smi:smi-registry/organization/EMSC</authorURI>
    <creationTime>2014-12-10T19:02:40.991343Z</creationTime>
  </creationInfo>
  <description>
    <text>SWITZERLAND</text>
    <type>Flinn-Engdahl region</type>
  </description>
  <origin publicID="quakeml:eu.emsc/event/19980819_0000014/origin/1483188">
    <time>
      <value>1998-08-19T06:38:57.1Z</value>
    </time>
    <latitude>
      <value>46.803</value>
      <uncertainty>9999.9</uncertainty>
    </latitude>
    <longitude>
      <value>8.718</value>
      <uncertainty>9999.9</uncertainty>
    </longitude>
    <depth>
      <value>6200.0</value>
    </depth>
    <depthType>from location</depthType>
    <methodID>smi:eu.emsc-csem/origin_method/NA</methodID>
    <quality>
      <usedPhaseCount>10</usedPhaseCount>
      <usedStationCount>5</usedStationCount>
      <standardError>0.32</standardError>
      <azimuthalGap>143</azimuthalGap>
      <minimumDistance>0.17</minimumDistance>
      <maximumDistance>0.61</maximumDistance>
    </quality>
    <evaluationMode>manual</evaluationMode>
    <creationInfo>
      <agencyURI>smi:smi-registry/organization/EMSC</agencyURI>
      <authorURI>smi:smi-registry/organization/EMSC</authorURI>
    </creationInfo>
    <originUncertainty>
      <azimuthMaxHorizontalUncertainty>-99</azimuthMaxHorizontalUncertainty>
    </originUncertainty>
  </origin>
  <magnitude publicID="quakeml:eu.emsc/event/19980819_0000014/origin/1483188/mag/2">
    <mag>
      <value>1.3</value>
    </mag>
    <type>ML</type>
    <originID>quakeml:eu.emsc/event/19980819_0000014/origin/1483188</originID>
    <stationCount>5</stationCount>
    <creationInfo>
      <agencyURI>smi:smi-registry/organization/EMSC</agencyURI>
      <authorURI>smi:smi-registry/organization/EMSC</authorURI>
    </creationInfo>
  </magnitude>
</event>
<event publicID="quakeml:eu.emsc/event/19980819_0000021">
  <preferredOriginID>quakeml:eu.emsc/event/19980819_0000021/origin/1483190</preferredOriginID>
  <preferredMagnitudeID>quakeml:eu.emsc/event/19980819_0000021/origin/1483190/mag/2</preferredMagnitudeID>
  <creationInfo>
    <agencyURI>smi:smi-registry/organization/EMSC</agencyURI>
    <authorURI>smi:smi-registry/organization/EMSC</authorURI>
    <creationTime>2014-12-10T19:02:40.486346Z</creationTime>
  </creationInfo>
  <description>
    <text>NEAR SOUTH COAST OF FRANCE</text>
    <type>Flinn-Engdahl region</type>
  </description>
  <origin publicID="quakeml:eu.emsc/event/19980819_0000021/origin/1483190">
    <time>
      <value>1998-08-19T06:05:40.2Z</value>
    </time>
    <latitude>
      <value>43.42</value>
      <uncertainty>9999.9</uncertainty>
    </latitude>
    <longitude>
      <value>5.44</value>
      <uncertainty>9999.9</uncertainty>
    </longitude>
    <depth>
      <value>1000</value>
    </depth>
    <depthType>from location</depthType>
    <methodID>smi:eu.emsc-csem/origin_method/NA</methodID>
    <quality>
      <usedPhaseCount>22</usedPhaseCount>
      <usedStationCount>15</usedStationCount>
      <standardError>1.01</standardError>
      <azimuthalGap>138</azimuthalGap>
      <minimumDistance>0.04</minimumDistance>
      <maximumDistance>1.64</maximumDistance>
    </quality>
    <evaluationMode>manual</evaluationMode>
    <creationInfo>
      <agencyURI>smi:smi-registry/organization/EMSC</agencyURI>
      <authorURI>smi:smi-registry/organization/EMSC</authorURI>
    </creationInfo>
    <originUncertainty>
      <azimuthMaxHorizontalUncertainty>-99</azimuthMaxHorizontalUncertainty>
    </originUncertainty>
  </origin>
  <magnitude publicID="quakeml:eu.emsc/event/19980819_0000021/origin/1483190/mag/2">
    <mag>
      <value>3</value>
    </mag>
    <type>ML</type>
    <originID>quakeml:eu.emsc/event/19980819_0000021/origin/1483190</originID>
    <creationInfo>
      <agencyURI>smi:smi-registry/organization/EMSC</agencyURI>
      <authorURI>smi:smi-registry/organization/EMSC</authorURI>
    </creationInfo>
  </magnitude>
</event>
<event publicID="quakeml:eu.emsc/event/19980819_0000022">
  <preferredOriginID>quakeml:eu.emsc/event/19980819_0000022/origin/1483192</preferredOriginID>
  <preferredMagnitudeID>quakeml:eu.emsc/event/19980819_0000022/origin/1483192/mag/2</preferredMagnitudeID>
  <creationInfo>
    <agencyURI>smi:smi-registry/organization/EMSC</agencyURI>
    <authorURI>smi:smi-registry/organization/EMSC</authorURI>
    <creationTime>2014-12-10T19:02:39.475679Z</creationTime>
  </creationInfo>
  <description>
    <text>FRANCE</text>
    <type>Flinn-Engdahl region</type>
  </description>
  <origin publicID="quakeml:eu.emsc/event/19980819_0000022/origin/1483192">
    <time>
      <value>1998-08-19T03:43:39.1Z</value>
    </time>
    <latitude>
      <value>46.3133</value>
      <uncertainty>9999.9</uncertainty>
    </latitude>
    <longitude>
      <value>2.8803</value>
      <uncertainty>9999.9</uncertainty>
    </longitude>
    <depth>
      <value>4000</value>
    </depth>
    <depthType>from location</depthType>
    <methodID>smi:eu.emsc-csem/origin_method/NA</methodID>
    <quality>
      <usedPhaseCount>12</usedPhaseCount>
      <usedStationCount>6</usedStationCount>
      <standardError>0.4</standardError>
      <azimuthalGap>204</azimuthalGap>
      <minimumDistance>0.25</minimumDistance>
      <maximumDistance>1.17</maximumDistance>
    </quality>
    <evaluationMode>manual</evaluationMode>
    <creationInfo>
      <agencyURI>smi:smi-registry/organization/EMSC</agencyURI>
      <authorURI>smi:smi-registry/organization/EMSC</authorURI>
    </creationInfo>
    <originUncertainty>
      <azimuthMaxHorizontalUncertainty>-99</azimuthMaxHorizontalUncertainty>
    </originUncertainty>
  </origin>
  <magnitude publicID="quakeml:eu.emsc/event/19980819_0000022/origin/1483192/mag/2">
    <mag>
      <value>1.5</value>
    </mag>
    <type>ML</type>
    <originID>quakeml:eu.emsc/event/19980819_0000022/origin/1483192</originID>
    <stationCount>2</stationCount>
    <creationInfo>
      <agencyURI>smi:smi-registry/organization/EMSC</agencyURI>
      <authorURI>smi:smi-registry/organization/EMSC</authorURI>
    </creationInfo>
  </magnitude>
</event>
<event publicID="quakeml:eu.emsc/event/19980819_0000013">
  <preferredOriginID>quakeml:eu.emsc/event/19980819_0000013/origin/1483194</preferredOriginID>
  <preferredMagnitudeID>quakeml:eu.emsc/event/19980819_0000013/origin/1483194/mag/2</preferredMagnitudeID>
  <creationInfo>
    <agencyURI>smi:smi-registry/organization/EMSC</agencyURI>
    <authorURI>smi:smi-registry/organization/EMSC</authorURI>
    <creationTime>2014-12-10T19:02:38.952059Z</creationTime>
  </creationInfo>
  <description>
    <text>FRANCE</text>
    <type>Flinn-Engdahl region</type>
  </description>
  <origin publicID="quakeml:eu.emsc/event/19980819_0000013/origin/1483194">
    <time>
      <value>1998-08-19T00:51:00.7Z</value>
    </time>
    <latitude>
      <value>48.0407</value>
      <uncertainty>9999.9</uncertainty>
    </latitude>
    <longitude>
      <value>-3.8516</value>
      <uncertainty>9999.9</uncertainty>
    </longitude>
    <depth>
      <value>14000</value>
    </depth>
    <depthType>from location</depthType>
    <methodID>smi:eu.emsc-csem/origin_method/NA</methodID>
    <quality>
      <usedPhaseCount>15</usedPhaseCount>
      <usedStationCount>7</usedStationCount>
      <standardError>1.52</standardError>
      <azimuthalGap>294</azimuthalGap>
      <minimumDistance>0.48</minimumDistance>
      <maximumDistance>2.9</maximumDistance>
    </quality>
    <evaluationMode>manual</evaluationMode>
    <creationInfo>
      <agencyURI>smi:smi-registry/organization/EMSC</agencyURI>
      <authorURI>smi:smi-registry/organization/EMSC</authorURI>
    </creationInfo>
    <originUncertainty>
      <azimuthMaxHorizontalUncertainty>-99</azimuthMaxHorizontalUncertainty>
    </originUncertainty>
  </origin>
  <magnitude publicID="quakeml:eu.emsc/event/19980819_0000013/origin/1483194/mag/2">
    <mag>
      <value>1.9</value>
    </mag>
    <type>ML</type>
    <originID>quakeml:eu.emsc/event/19980819_0000013/origin/1483194</originID>
    <stationCount>5</stationCount>
    <creationInfo>
      <agencyURI>smi:smi-registry/organization/EMSC</agencyURI>
      <authorURI>smi:smi-registry/organization/EMSC</authorURI>
    </creationInfo>
  </magnitude>
</event>
</eventParameters>
</q:quakeml>
