<?xml version="1.0"?>
<q:quakeml xmlns:q="http://quakeml.org/xmlns/quakeml/1.2"  xmlns="http://quakeml.org/xmlns/bed/1.2">
<eventParameters publicID="smi:eu.emsc/unid">
<event publicID="quakeml:eu.emsc/event/19980817_0000007">
  <preferredOriginID>quakeml:eu.emsc/event/19980817_0000007/origin/1493373</preferredOriginID>
  <preferredMagnitudeID>quakeml:eu.emsc/event/19980817_0000007/origin/1493373/mag/2</preferredMagnitudeID>
  <creationInfo>
    <agencyURI>smi:smi-registry/organization/EMSC</agencyURI>
    <authorURI>smi:smi-registry/organization/EMSC</authorURI>
    <creationTime>2014-12-03T10:59:14.890508Z</creationTime>
  </creationInfo>
  <description>
    <text>NORWEGIAN SEA</text>
    <type>Flinn-Engdahl region</type>
  </description>
  <origin publicID="quakeml:eu.emsc/event/19980817_0000007/origin/1493373">
    <time>
      <value>1998-08-17T20:45:14.8Z</value>
      <uncertainty>0.47</uncertainty>
    </time>
    <latitude>
      <value>64.8926</value>
      <uncertainty>13</uncertainty>
    </latitude>
    <longitude>
      <value>5.6416</value>
      <uncertainty>5.3</uncertainty>
    </longitude>
    <depth>
      <value>30000</value>
    </depth>
    <depthType>from location</depthType>
    <methodID>smi:eu.emsc-csem/origin_method/NA</methodID>
    <quality>
      <usedPhaseCount>19</usedPhaseCount>
      <usedStationCount>17</usedStationCount>
      <standardError>1.06</standardError>
      <azimuthalGap>214</azimuthalGap>
      <minimumDistance>2.48</minimumDistance>
      <maximumDistance>9.85</maximumDistance>
    </quality>
    <evaluationMode>manual</evaluationMode>
    <creationInfo>
      <agencyURI>smi:smi-registry/organization/EMSC</agencyURI>
      <authorURI>smi:smi-registry/organization/EMSC</authorURI>
    </creationInfo>
    <originUncertainty>
      <azimuthMaxHorizontalUncertainty>118</azimuthMaxHorizontalUncertainty>
    </originUncertainty>
  </origin>
  <magnitude publicID="quakeml:eu.emsc/event/19980817_0000007/origin/1493373/mag/2">
    <mag>
      <value>3.3</value>
      <uncertainty>0.1</uncertainty>
    </mag>
    <type>ML</type>
    <originID>quakeml:eu.emsc/event/19980817_0000007/origin/1493373</originID>
    <stationCount>1</stationCount>
    <creationInfo>
      <agencyURI>smi:smi-registry/organization/EMSC</agencyURI>
      <authorURI>smi:smi-registry/organization/EMSC</authorURI>
    </creationInfo>
  </magnitude>
</event>
<event publicID="quakeml:eu.emsc/event/19980817_0000006">
  <preferredOriginID>quakeml:eu.emsc/event/19980817_0000006/origin/1493156</preferredOriginID>
  <preferredMagnitudeID>quakeml:eu.emsc/event/19980817_0000006/origin/1493156/mag/1</preferredMagnitudeID>
  <creationInfo>
    <agencyURI>smi:smi-registry/organization/EMSC</agencyURI>
    <authorURI>smi:smi-registry/organization/EMSC</authorURI>
    <creationTime>2014-12-03T11:56:31.785021Z</creationTime>
  </creationInfo>
  <description>
    <text>PYRENEES</text>
    <type>Flinn-Engdahl region</type>
  </description>
  <origin publicID="quakeml:eu.emsc/event/19980817_0000006/origin/1493156">
    <time>
      <value>1998-08-17T17:01:00.0Z</value>
      <uncertainty>0.13</uncertainty>
    </time>
    <latitude>
      <value>43.527</value>
      <uncertainty>2.9</uncertainty>
    </latitude>
    <longitude>
      <value>-0.5816</value>
      <uncertainty>2.2</uncertainty>
    </longitude>
    <depth>
      <value>8000</value>
    </depth>
    <depthType>from location</depthType>
    <methodID>smi:eu.emsc-csem/origin_method/NA</methodID>
    <quality>
      <usedPhaseCount>104</usedPhaseCount>
      <usedStationCount>52</usedStationCount>
      <standardError>1.16</standardError>
      <azimuthalGap>67</azimuthalGap>
      <minimumDistance>0.45</minimumDistance>
      <maximumDistance>7.34</maximumDistance>
    </quality>
    <evaluationMode>manual</evaluationMode>
    <creationInfo>
      <agencyURI>smi:smi-registry/organization/EMSC</agencyURI>
      <authorURI>smi:smi-registry/organization/EMSC</authorURI>
    </creationInfo>
    <originUncertainty>
      <azimuthMaxHorizontalUncertainty>110</azimuthMaxHorizontalUncertainty>
    </originUncertainty>
  </origin>
  <magnitude publicID="quakeml:eu.emsc/event/19980817_0000006/origin/1493156/mag/1">
    <mag>
      <value>3.8</value>
      <uncertainty>0.4</uncertainty>
    </mag>
    <type>ML</type>
    <originID>quakeml:eu.emsc/event/19980817_0000006/origin/1493156</originID>
    <stationCount>22</stationCount>
    <creationInfo>
      <agencyURI>smi:smi-registry/organization/EMSC</agencyURI>
      <authorURI>smi:smi-registry/organization/EMSC</authorURI>
    </creationInfo>
  </magnitude>
</event>
<event publicID="quakeml:eu.emsc/event/19980817_0000005">
  <preferredOriginID>quakeml:eu.emsc/event/19980817_0000005/origin/1493158</preferredOriginID>
  <preferredMagnitudeID>quakeml:eu.emsc/event/19980817_0000005/origin/1493158/mag/2</preferredMagnitudeID>
  <creationInfo>
    <agencyURI>smi:smi-registry/organization/EMSC</agencyURI>
    <authorURI>smi:smi-registry/organization/EMSC</authorURI>
    <creationTime>2014-12-03T11:22:24.283124Z</creationTime>
  </creationInfo>
  <description>
    <text>WESTERN TURKEY</text>
    <type>Flinn-Engdahl region</type>
  </description>
  <origin publicID="quakeml:eu.emsc/event/19980817_0000005/origin/1493158">
    <time>
      <value>1998-08-17T16:14:03.8Z</value>
      <uncertainty>0.2</uncertainty>
    </time>
    <latitude>
      <value>41.5754</value>
      <uncertainty>9</uncertainty>
    </latitude>
    <longitude>
      <value>28.0393</value>
      <uncertainty>4.7</uncertainty>
    </longitude>
    <depth>
      <value>10000</value>
    </depth>
    <depthType>from location</depthType>
    <methodID>smi:eu.emsc-csem/origin_method/NA</methodID>
    <quality>
      <usedPhaseCount>13</usedPhaseCount>
      <usedStationCount>12</usedStationCount>
      <standardError>0.67</standardError>
      <azimuthalGap>118</azimuthalGap>
      <minimumDistance>0.92</minimumDistance>
      <maximumDistance>3.74</maximumDistance>
    </quality>
    <evaluationMode>manual</evaluationMode>
    <creationInfo>
      <agencyURI>smi:smi-registry/organization/EMSC</agencyURI>
      <authorURI>smi:smi-registry/organization/EMSC</authorURI>
    </creationInfo>
    <originUncertainty>
      <azimuthMaxHorizontalUncertainty>32</azimuthMaxHorizontalUncertainty>
    </originUncertainty>
  </origin>
  <magnitude publicID="quakeml:eu.emsc/event/19980817_0000005/origin/1493158/mag/2">
    <mag>
      <value>2.9</value>
    </mag>
    <type>MD</type>
    <originID>quakeml:eu.emsc/event/19980817_0000005/origin/1493158</originID>
    <creationInfo>
      <agencyURI>smi:smi-registry/organization/EMSC</agencyURI>
      <authorURI>smi:smi-registry/organization/EMSC</authorURI>
    </creationInfo>
  </magnitude>
</event>
<event publicID="quakeml:eu.emsc/event/19980817_0000004">
  <preferredOriginID>quakeml:eu.emsc/event/19980817_0000004/origin/1483214</preferredOriginID>
  <preferredMagnitudeID>quakeml:eu.emsc/event/19980817_0000004/origin/1483214/mag/2</preferredMagnitudeID>
  <creationInfo>
    <agencyURI>smi:smi-registry/organization/EMSC</agencyURI>
    <authorURI>smi:smi-registry/organization/EMSC</authorURI>
    <creationTime>2014-12-10T18:24:56.98692Z</creationTime>
  </creationInfo>
  <description>
    <text>JORDAN</text>
    <type>Flinn-Engdahl region</type>
  </description>
  <origin publicID="quakeml:eu.emsc/event/19980817_0000004/origin/1483214">
    <time>
      <value>1998-08-17T13:51:26.1Z</value>
    </time>
    <latitude>
      <value>30.23</value>
      <uncertainty>9999.9</uncertainty>
    </latitude>
    <longitude>
      <value>36.64</value>
      <uncertainty>9999.9</uncertainty>
    </longitude>
    <depth>
      <value>33000</value>
    </depth>
    <depthType>from location</depthType>
    <methodID>smi:eu.emsc-csem/origin_method/NA</methodID>
    <quality>
      <usedPhaseCount>8</usedPhaseCount>
      <usedStationCount>4</usedStationCount>
      <standardError>2.11</standardError>
      <azimuthalGap>330</azimuthalGap>
      <minimumDistance>1.47</minimumDistance>
      <maximumDistance>2.11</maximumDistance>
    </quality>
    <evaluationMode>manual</evaluationMode>
    <creationInfo>
      <agencyURI>smi:smi-registry/organization/EMSC</agencyURI>
      <authorURI>smi:smi-registry/organization/EMSC</authorURI>
    </creationInfo>
    <originUncertainty>
      <azimuthMaxHorizontalUncertainty>-99</azimuthMaxHorizontalUncertainty>
    </originUncertainty>
  </origin>
  <magnitude publicID="quakeml:eu.emsc/event/19980817_0000004/origin/1483214/mag/2">
    <mag>
      <value>3.3</value>
    </mag>
    <type>MD</type>
    <originID>quakeml:eu.emsc/event/19980817_0000004/origin/1483214</originID>
    <creationInfo>
      <agencyURI>smi:smi-registry/organization/EMSC</agencyURI>
      <authorURI>smi:smi-registry/organization/EMSC</authorURI>
    </creationInfo>
  </magnitude>
</event>
<event publicID="quakeml:eu.emsc/event/19980817_0000010">
  <preferredOriginID>quakeml:eu.emsc/event/19980817_0000010/origin/1483216</preferredOriginID>
  <preferredMagnitudeID>quakeml:eu.emsc/event/19980817_0000010/origin/1483216/mag/2</preferredMagnitudeID>
  <creationInfo>
    <agencyURI>smi:smi-registry/organization/EMSC</agencyURI>
    <authorURI>smi:smi-registry/organization/EMSC</authorURI>
    <creationTime>2014-12-10T19:02:35.52Z</creationTime>
  </creationInfo>
  <description>
    <text>GERMANY</text>
    <type>Flinn-Engdahl region</type>
  </description>
  <origin publicID="quakeml:eu.emsc/event/19980817_0000010/origin/1483216">
    <time>
      <value>1998-08-17T13:17:25.3Z</value>
    </time>
    <latitude>
      <value>51.56</value>
      <uncertainty>9999.9</uncertainty>
    </latitude>
    <longitude>
      <value>7.78</value>
      <uncertainty>9999.9</uncertainty>
    </longitude>
    <depth>
      <value>1000</value>
    </depth>
    <depthType>from location</depthType>
    <methodID>smi:eu.emsc-csem/origin_method/NA</methodID>
    <quality>
      <usedPhaseCount>12</usedPhaseCount>
      <usedStationCount>7</usedStationCount>
      <standardError>1.17</standardError>
      <azimuthalGap>188</azimuthalGap>
      <minimumDistance>0.34</minimumDistance>
      <maximumDistance>3.28</maximumDistance>
    </quality>
    <evaluationMode>manual</evaluationMode>
    <creationInfo>
      <agencyURI>smi:smi-registry/organization/EMSC</agencyURI>
      <authorURI>smi:smi-registry/organization/EMSC</authorURI>
    </creationInfo>
    <originUncertainty>
      <azimuthMaxHorizontalUncertainty>-99</azimuthMaxHorizontalUncertainty>
    </originUncertainty>
  </origin>
  <magnitude publicID="quakeml:eu.emsc/event/19980817_0000010/origin/1483216/mag/2">
    <mag>
      <value>2</value>
    </mag>
    <type>ML</type>
    <originID>quakeml:eu.emsc/event/19980817_0000010/origin/1483216</originID>
    <creationInfo>
      <agencyURI>smi:smi-registry/organization/EMSC</agencyURI>
      <authorURI>smi:smi-registry/organization/EMSC</authorURI>
    </creationInfo>
  </magnitude>
</event>
<event publicID="quakeml:eu.emsc/event/19980817_0000012">
  <preferredOriginID>quakeml:eu.emsc/event/19980817_0000012/origin/1973299</preferredOriginID>
  <preferredMagnitudeID>quakeml:eu.emsc/event/19980817_0000012/origin/1973299/mag/2</preferredMagnitudeID>
  <creationInfo>
    <agencyURI>smi:smi-registry/organization/EMSC</agencyURI>
    <authorURI>smi:smi-registry/organization/EMSC</authorURI>
    <creationTime>2014-12-11T09:33:41.315866Z</creationTime>
  </creationInfo>
  <description>
    <text>CENTRAL ITALY</text>
    <type>Flinn-Engdahl region</type>
  </description>
  <origin publicID="quakeml:eu.emsc/event/19980817_0000012/origin/1973299">
    <time>
      <value>1998-08-17T12:06:37.3Z</value>
    </time>
    <latitude>
      <value>42.361</value>
      <uncertainty>9999.9</uncertainty>
    </latitude>
    <longitude>
      <value>13.048</value>
      <uncertainty>9999.9</uncertainty>
    </longitude>
    <depth>
      <value>5000</value>
    </depth>
    <depthType>from location</depthType>
    <methodID>smi:eu.emsc-csem/origin_method/NA</methodID>
    <quality>
      <usedPhaseCount>20</usedPhaseCount>
      <usedStationCount>10</usedStationCount>
      <standardError>2.14</standardError>
      <azimuthalGap>85</azimuthalGap>
      <minimumDistance>0.26</minimumDistance>
      <maximumDistance>1.35</maximumDistance>
    </quality>
    <evaluationMode>manual</evaluationMode>
    <creationInfo>
      <agencyURI>smi:smi-registry/organization/EMSC</agencyURI>
      <authorURI>smi:smi-registry/organization/EMSC</authorURI>
    </creationInfo>
    <originUncertainty>
      <azimuthMaxHorizontalUncertainty>-99</azimuthMaxHorizontalUncertainty>
    </originUncertainty>
  </origin>
  <magnitude publicID="quakeml:eu.emsc/event/19980817_0000012/origin/1973299/mag/2">
    <mag>
      <value>1.5</value>
    </mag>
    <type>ML</type>
    <originID>quakeml:eu.emsc/event/19980817_0000012/origin/1973299</originID>
    <stationCount>5</stationCount>
    <creationInfo>
      <agencyURI>smi:smi-registry/organization/EMSC</agencyURI>
      <authorURI>smi:smi-registry/organization/EMSC</authorURI>
    </creationInfo>
  </magnitude>
</event>
<event publicID="quakeml:eu.emsc/event/19980817_0000002">
  <preferredOriginID>quakeml:eu.emsc/event/19980817_0000002/origin/1493161</preferredOriginID>
  <preferredMagnitudeID>quakeml:eu.emsc/event/19980817_0000002/origin/1493161/mag/2</preferredMagnitudeID>
  <creationInfo>
    <agencyURI>smi:smi-registry/organization/EMSC</agencyURI>
    <authorURI>smi:smi-registry/organization/EMSC</authorURI>
    <creationTime>2014-12-03T10:34:13.73841Z</creationTime>
  </creationInfo>
  <description>
    <text>LATVIA-LITHUANIA BORDER REGION</text>
    <type>Flinn-Engdahl region</type>
  </description>
  <origin publicID="quakeml:eu.emsc/event/19980817_0000002/origin/1493161">
    <time>
      <value>1998-08-17T11:01:17.3Z</value>
      <uncertainty>0.89</uncertainty>
    </time>
    <latitude>
      <value>56.2761</value>
      <uncertainty>93.7</uncertainty>
    </latitude>
    <longitude>
      <value>23.5</value>
      <uncertainty>14</uncertainty>
    </longitude>
    <depth>
      <value>2000</value>
    </depth>
    <depthType>from location</depthType>
    <methodID>smi:eu.emsc-csem/origin_method/NA</methodID>
    <quality>
      <usedPhaseCount>11</usedPhaseCount>
      <usedStationCount>5</usedStationCount>
      <standardError>1</standardError>
      <azimuthalGap>352</azimuthalGap>
      <minimumDistance>3.78</minimumDistance>
      <maximumDistance>6.6</maximumDistance>
    </quality>
    <evaluationMode>manual</evaluationMode>
    <creationInfo>
      <agencyURI>smi:smi-registry/organization/EMSC</agencyURI>
      <authorURI>smi:smi-registry/organization/EMSC</authorURI>
    </creationInfo>
    <originUncertainty>
      <azimuthMaxHorizontalUncertainty>100</azimuthMaxHorizontalUncertainty>
    </originUncertainty>
  </origin>
  <magnitude publicID="quakeml:eu.emsc/event/19980817_0000002/origin/1493161/mag/2">
    <mag>
      <value>2.4</value>
    </mag>
    <type>ML</type>
    <originID>quakeml:eu.emsc/event/19980817_0000002/origin/1493161</originID>
    <creationInfo>
      <agencyURI>smi:smi-registry/organization/EMSC</agencyURI>
      <authorURI>smi:smi-registry/organization/EMSC</authorURI>
    </creationInfo>
  </magnitude>
</event>
<event publicID="quakeml:eu.emsc/event/19980817_0000011">
  <preferredOriginID>quakeml:eu.emsc/event/19980817_0000011/origin/1483218</preferredOriginID>
  <preferredMagnitudeID>quakeml:eu.emsc/event/19980817_0000011/origin/1483218/mag/2</preferredMagnitudeID>
  <creationInfo>
    <agencyURI>smi:smi-registry/organization/EMSC</agencyURI>
    <authorURI>smi:smi-registry/organization/EMSC</authorURI>
    <creationTime>2014-12-10T19:02:33.945691Z</creationTime>
  </creationInfo>
  <description>
    <text>SWITZERLAND</text>
    <type>Flinn-Engdahl region</type>
  </description>
  <origin publicID="quakeml:eu.emsc/event/19980817_0000011/origin/1483218">
    <time>
      <value>1998-08-17T04:51:00.4Z</value>
    </time>
    <latitude>
      <value>47</value>
      <uncertainty>9999.9</uncertainty>
    </latitude>
    <longitude>
      <value>8.61</value>
      <uncertainty>9999.9</uncertainty>
    </longitude>
    <depth>
      <value>0</value>
    </depth>
    <depthType>from location</depthType>
    <methodID>smi:eu.emsc-csem/origin_method/NA</methodID>
    <quality>
      <usedPhaseCount>9</usedPhaseCount>
      <usedStationCount>7</usedStationCount>
      <standardError>0.66</standardError>
      <azimuthalGap>95</azimuthalGap>
      <minimumDistance>0.04</minimumDistance>
      <maximumDistance>0.77</maximumDistance>
    </quality>
    <evaluationMode>manual</evaluationMode>
    <creationInfo>
      <agencyURI>smi:smi-registry/organization/EMSC</agencyURI>
      <authorURI>smi:smi-registry/organization/EMSC</authorURI>
    </creationInfo>
    <originUncertainty>
      <azimuthMaxHorizontalUncertainty>-99</azimuthMaxHorizontalUncertainty>
    </originUncertainty>
  </origin>
  <magnitude publicID="quakeml:eu.emsc/event/19980817_0000011/origin/1483218/mag/2">
    <mag>
      <value>1.5</value>
    </mag>
    <type>ML</type>
    <originID>quakeml:eu.emsc/event/19980817_0000011/origin/1483218</originID>
    <stationCount>6</stationCount>
    <creationInfo>
      <agencyURI>smi:smi-registry/organization/EMSC</agencyURI>
      <authorURI>smi:smi-registry/organization/EMSC</authorURI>
    </creationInfo>
  </magnitude>
</event>
</eventParameters>
</q:quakeml>
