<?xml version="1.0"?>
<q:quakeml xmlns:q="http://quakeml.org/xmlns/quakeml/1.2"  xmlns="http://quakeml.org/xmlns/bed/1.2">
<eventParameters publicID="smi:eu.emsc/unid">
<event publicID="quakeml:eu.emsc/event/19981107_0000016">
  <preferredOriginID>quakeml:eu.emsc/event/19981107_0000016/origin/1973317</preferredOriginID>
  <preferredMagnitudeID>quakeml:eu.emsc/event/19981107_0000016/origin/1973317/mag/2</preferredMagnitudeID>
  <creationInfo>
    <agencyURI>smi:smi-registry/organization/EMSC</agencyURI>
    <authorURI>smi:smi-registry/organization/EMSC</authorURI>
    <creationTime>2014-12-11T09:33:46.41094Z</creationTime>
  </creationInfo>
  <description>
    <text>SICILY, ITALY</text>
    <type>Flinn-Engdahl region</type>
  </description>
  <origin publicID="quakeml:eu.emsc/event/19981107_0000016/origin/1973317">
    <time>
      <value>1998-11-07T22:53:03.9Z</value>
    </time>
    <latitude>
      <value>37.942</value>
      <uncertainty>9999.9</uncertainty>
    </latitude>
    <longitude>
      <value>14.356</value>
      <uncertainty>9999.9</uncertainty>
    </longitude>
    <depth>
      <value>5500.0</value>
    </depth>
    <depthType>from location</depthType>
    <methodID>smi:eu.emsc-csem/origin_method/NA</methodID>
    <quality>
      <usedPhaseCount>27</usedPhaseCount>
      <usedStationCount>21</usedStationCount>
      <standardError>1.05</standardError>
      <azimuthalGap>117</azimuthalGap>
      <minimumDistance>0.24</minimumDistance>
      <maximumDistance>2.94</maximumDistance>
    </quality>
    <evaluationMode>manual</evaluationMode>
    <creationInfo>
      <agencyURI>smi:smi-registry/organization/EMSC</agencyURI>
      <authorURI>smi:smi-registry/organization/EMSC</authorURI>
    </creationInfo>
    <originUncertainty>
      <azimuthMaxHorizontalUncertainty>-99</azimuthMaxHorizontalUncertainty>
    </originUncertainty>
  </origin>
  <magnitude publicID="quakeml:eu.emsc/event/19981107_0000016/origin/1973317/mag/2">
    <mag>
      <value>2.9</value>
    </mag>
    <type>ML</type>
    <originID>quakeml:eu.emsc/event/19981107_0000016/origin/1973317</originID>
    <stationCount>6</stationCount>
    <creationInfo>
      <agencyURI>smi:smi-registry/organization/EMSC</agencyURI>
      <authorURI>smi:smi-registry/organization/EMSC</authorURI>
    </creationInfo>
  </magnitude>
</event>
<event publicID="quakeml:eu.emsc/event/19981107_0000014">
  <preferredOriginID>quakeml:eu.emsc/event/19981107_0000014/origin/1491410</preferredOriginID>
  <preferredMagnitudeID>quakeml:eu.emsc/event/19981107_0000014/origin/1491410/mag/1</preferredMagnitudeID>
  <creationInfo>
    <agencyURI>smi:smi-registry/organization/EMSC</agencyURI>
    <authorURI>smi:smi-registry/organization/EMSC</authorURI>
    <creationTime>2014-12-03T16:13:34.741451Z</creationTime>
  </creationInfo>
  <description>
    <text>GERMANY</text>
    <type>Flinn-Engdahl region</type>
  </description>
  <origin publicID="quakeml:eu.emsc/event/19981107_0000014/origin/1491410">
    <time>
      <value>1998-11-07T22:43:25.0Z</value>
      <uncertainty>0.25</uncertainty>
    </time>
    <latitude>
      <value>49.3492</value>
      <uncertainty>5.6</uncertainty>
    </latitude>
    <longitude>
      <value>8.4552</value>
      <uncertainty>3.3</uncertainty>
    </longitude>
    <depth>
      <value>2000</value>
    </depth>
    <depthType>from location</depthType>
    <methodID>smi:eu.emsc-csem/origin_method/NA</methodID>
    <quality>
      <usedPhaseCount>27</usedPhaseCount>
      <usedStationCount>17</usedStationCount>
      <standardError>1.01</standardError>
      <azimuthalGap>92</azimuthalGap>
      <minimumDistance>0.24</minimumDistance>
      <maximumDistance>4.02</maximumDistance>
    </quality>
    <evaluationMode>manual</evaluationMode>
    <creationInfo>
      <agencyURI>smi:smi-registry/organization/EMSC</agencyURI>
      <authorURI>smi:smi-registry/organization/EMSC</authorURI>
    </creationInfo>
    <originUncertainty>
      <azimuthMaxHorizontalUncertainty>128</azimuthMaxHorizontalUncertainty>
    </originUncertainty>
  </origin>
  <magnitude publicID="quakeml:eu.emsc/event/19981107_0000014/origin/1491410/mag/1">
    <mag>
      <value>2.4</value>
      <uncertainty>0.3</uncertainty>
    </mag>
    <type>ML</type>
    <originID>quakeml:eu.emsc/event/19981107_0000014/origin/1491410</originID>
    <stationCount>4</stationCount>
    <creationInfo>
      <agencyURI>smi:smi-registry/organization/EMSC</agencyURI>
      <authorURI>smi:smi-registry/organization/EMSC</authorURI>
    </creationInfo>
  </magnitude>
</event>
<event publicID="quakeml:eu.emsc/event/19981107_0000007">
  <preferredOriginID>quakeml:eu.emsc/event/19981107_0000007/origin/1489536</preferredOriginID>
  <preferredMagnitudeID>quakeml:eu.emsc/event/19981107_0000007/origin/1489536/mag/2</preferredMagnitudeID>
  <creationInfo>
    <agencyURI>smi:smi-registry/organization/EMSC</agencyURI>
    <authorURI>smi:smi-registry/organization/EMSC</authorURI>
    <creationTime>2014-12-03T10:34:08.566147Z</creationTime>
  </creationInfo>
  <description>
    <text>CYPRUS REGION</text>
    <type>Flinn-Engdahl region</type>
  </description>
  <origin publicID="quakeml:eu.emsc/event/19981107_0000007/origin/1489536">
    <time>
      <value>1998-11-07T20:38:58.2Z</value>
      <uncertainty>0.13</uncertainty>
    </time>
    <latitude>
      <value>35.6005</value>
      <uncertainty>5.3</uncertainty>
    </latitude>
    <longitude>
      <value>31.4831</value>
      <uncertainty>2.8</uncertainty>
    </longitude>
    <depth>
      <value>30000</value>
    </depth>
    <depthType>from location</depthType>
    <methodID>smi:eu.emsc-csem/origin_method/NA</methodID>
    <quality>
      <usedPhaseCount>50</usedPhaseCount>
      <usedStationCount>45</usedStationCount>
      <standardError>0.9</standardError>
      <azimuthalGap>115</azimuthalGap>
      <minimumDistance>1.71</minimumDistance>
      <maximumDistance>6.65</maximumDistance>
    </quality>
    <evaluationMode>manual</evaluationMode>
    <creationInfo>
      <agencyURI>smi:smi-registry/organization/EMSC</agencyURI>
      <authorURI>smi:smi-registry/organization/EMSC</authorURI>
    </creationInfo>
    <originUncertainty>
      <azimuthMaxHorizontalUncertainty>65</azimuthMaxHorizontalUncertainty>
    </originUncertainty>
  </origin>
  <magnitude publicID="quakeml:eu.emsc/event/19981107_0000007/origin/1489536/mag/2">
    <mag>
      <value>3.8</value>
    </mag>
    <type>MD</type>
    <originID>quakeml:eu.emsc/event/19981107_0000007/origin/1489536</originID>
    <creationInfo>
      <agencyURI>smi:smi-registry/organization/EMSC</agencyURI>
      <authorURI>smi:smi-registry/organization/EMSC</authorURI>
    </creationInfo>
  </magnitude>
</event>
<event publicID="quakeml:eu.emsc/event/19981107_0000006">
  <preferredOriginID>quakeml:eu.emsc/event/19981107_0000006/origin/1482278</preferredOriginID>
  <preferredMagnitudeID>quakeml:eu.emsc/event/19981107_0000006/origin/1482278/mag/2</preferredMagnitudeID>
  <creationInfo>
    <agencyURI>smi:smi-registry/organization/EMSC</agencyURI>
    <authorURI>smi:smi-registry/organization/EMSC</authorURI>
    <creationTime>2014-12-11T00:57:26.656772Z</creationTime>
  </creationInfo>
  <description>
    <text>OWEN FRACTURE ZONE REGION</text>
    <type>Flinn-Engdahl region</type>
  </description>
  <origin publicID="quakeml:eu.emsc/event/19981107_0000006/origin/1482278">
    <time>
      <value>1998-11-07T19:44:32.8Z</value>
    </time>
    <latitude>
      <value>14.912</value>
      <uncertainty>9999.9</uncertainty>
    </latitude>
    <longitude>
      <value>54.899</value>
      <uncertainty>9999.9</uncertainty>
    </longitude>
    <depth>
      <value>33000</value>
    </depth>
    <depthType>from location</depthType>
    <methodID>smi:eu.emsc-csem/origin_method/NA</methodID>
    <quality>
      <usedPhaseCount>15</usedPhaseCount>
      <usedStationCount>13</usedStationCount>
      <standardError>2.2</standardError>
      <azimuthalGap>143</azimuthalGap>
      <minimumDistance>37.14</minimumDistance>
      <maximumDistance>86.16</maximumDistance>
    </quality>
    <evaluationMode>manual</evaluationMode>
    <creationInfo>
      <agencyURI>smi:smi-registry/organization/EMSC</agencyURI>
      <authorURI>smi:smi-registry/organization/EMSC</authorURI>
    </creationInfo>
    <originUncertainty>
      <azimuthMaxHorizontalUncertainty>-99</azimuthMaxHorizontalUncertainty>
    </originUncertainty>
  </origin>
  <magnitude publicID="quakeml:eu.emsc/event/19981107_0000006/origin/1482278/mag/2">
    <mag>
      <value>4.4</value>
    </mag>
    <type>mb</type>
    <originID>quakeml:eu.emsc/event/19981107_0000006/origin/1482278</originID>
    <stationCount>4</stationCount>
    <creationInfo>
      <agencyURI>smi:smi-registry/organization/EMSC</agencyURI>
      <authorURI>smi:smi-registry/organization/EMSC</authorURI>
    </creationInfo>
  </magnitude>
</event>
<event publicID="quakeml:eu.emsc/event/19981107_0000013">
  <preferredOriginID>quakeml:eu.emsc/event/19981107_0000013/origin/1488957</preferredOriginID>
  <preferredMagnitudeID>quakeml:eu.emsc/event/19981107_0000013/origin/1488957/mag/1</preferredMagnitudeID>
  <creationInfo>
    <agencyURI>smi:smi-registry/organization/EMSC</agencyURI>
    <authorURI>smi:smi-registry/organization/EMSC</authorURI>
    <creationTime>2014-12-03T15:58:43.588555Z</creationTime>
  </creationInfo>
  <description>
    <text>FRANCE-GERMANY BORDER REGION</text>
    <type>Flinn-Engdahl region</type>
  </description>
  <origin publicID="quakeml:eu.emsc/event/19981107_0000013/origin/1488957">
    <time>
      <value>1998-11-07T19:14:25.7Z</value>
      <uncertainty>0.5</uncertainty>
    </time>
    <latitude>
      <value>47.973</value>
      <uncertainty>8.2</uncertainty>
    </latitude>
    <longitude>
      <value>7.7115</value>
      <uncertainty>3.5</uncertainty>
    </longitude>
    <depth>
      <value>15000</value>
    </depth>
    <depthType>from location</depthType>
    <methodID>smi:eu.emsc-csem/origin_method/NA</methodID>
    <quality>
      <usedPhaseCount>11</usedPhaseCount>
      <usedStationCount>6</usedStationCount>
      <standardError>0.53</standardError>
      <azimuthalGap>283</azimuthalGap>
      <minimumDistance>0.44</minimumDistance>
      <maximumDistance>2.7</maximumDistance>
    </quality>
    <evaluationMode>manual</evaluationMode>
    <creationInfo>
      <agencyURI>smi:smi-registry/organization/EMSC</agencyURI>
      <authorURI>smi:smi-registry/organization/EMSC</authorURI>
    </creationInfo>
    <originUncertainty>
      <azimuthMaxHorizontalUncertainty>117</azimuthMaxHorizontalUncertainty>
    </originUncertainty>
  </origin>
  <magnitude publicID="quakeml:eu.emsc/event/19981107_0000013/origin/1488957/mag/1">
    <mag>
      <value>1.4</value>
      <uncertainty>0.5</uncertainty>
    </mag>
    <type>ML</type>
    <originID>quakeml:eu.emsc/event/19981107_0000013/origin/1488957</originID>
    <stationCount>4</stationCount>
    <creationInfo>
      <agencyURI>smi:smi-registry/organization/EMSC</agencyURI>
      <authorURI>smi:smi-registry/organization/EMSC</authorURI>
    </creationInfo>
  </magnitude>
</event>
<event publicID="quakeml:eu.emsc/event/19981107_0000005">
  <preferredOriginID>quakeml:eu.emsc/event/19981107_0000005/origin/1535367</preferredOriginID>
  <preferredMagnitudeID>quakeml:eu.emsc/event/19981107_0000005/origin/1535367/mag/1</preferredMagnitudeID>
  <creationInfo>
    <agencyURI>smi:smi-registry/organization/EMSC</agencyURI>
    <authorURI>smi:smi-registry/organization/EMSC</authorURI>
    <creationTime>2014-12-03T11:33:11.408325Z</creationTime>
  </creationInfo>
  <description>
    <text>GERMANY</text>
    <type>Flinn-Engdahl region</type>
  </description>
  <origin publicID="quakeml:eu.emsc/event/19981107_0000005/origin/1535367">
    <time>
      <value>1998-11-07T16:16:55.6Z</value>
      <uncertainty>0.11</uncertainty>
    </time>
    <latitude>
      <value>50.1808</value>
      <uncertainty>2.3</uncertainty>
    </latitude>
    <longitude>
      <value>7.7663</value>
      <uncertainty>1.8</uncertainty>
    </longitude>
    <depth>
      <value>10000</value>
    </depth>
    <depthType>from location</depthType>
    <methodID>smi:eu.emsc-csem/origin_method/NA</methodID>
    <quality>
      <usedPhaseCount>152</usedPhaseCount>
      <usedStationCount>73</usedStationCount>
      <standardError>1.05</standardError>
      <azimuthalGap>82</azimuthalGap>
      <minimumDistance>0.25</minimumDistance>
      <maximumDistance>7.46</maximumDistance>
    </quality>
    <evaluationMode>manual</evaluationMode>
    <creationInfo>
      <agencyURI>smi:smi-registry/organization/EMSC</agencyURI>
      <authorURI>smi:smi-registry/organization/EMSC</authorURI>
    </creationInfo>
    <originUncertainty>
      <azimuthMaxHorizontalUncertainty>23</azimuthMaxHorizontalUncertainty>
    </originUncertainty>
  </origin>
  <magnitude publicID="quakeml:eu.emsc/event/19981107_0000005/origin/1535367/mag/1">
    <mag>
      <value>3.9</value>
      <uncertainty>0.3</uncertainty>
    </mag>
    <type>ML</type>
    <originID>quakeml:eu.emsc/event/19981107_0000005/origin/1535367</originID>
    <stationCount>10</stationCount>
    <creationInfo>
      <agencyURI>smi:smi-registry/organization/EMSC</agencyURI>
      <authorURI>smi:smi-registry/organization/EMSC</authorURI>
    </creationInfo>
  </magnitude>
</event>
<event publicID="quakeml:eu.emsc/event/19981107_0000011">
  <preferredOriginID>quakeml:eu.emsc/event/19981107_0000011/origin/1535361</preferredOriginID>
  <preferredMagnitudeID>quakeml:eu.emsc/event/19981107_0000011/origin/1535361/mag/1</preferredMagnitudeID>
  <creationInfo>
    <agencyURI>smi:smi-registry/organization/EMSC</agencyURI>
    <authorURI>smi:smi-registry/organization/EMSC</authorURI>
    <creationTime>2014-12-03T15:45:18.220748Z</creationTime>
  </creationInfo>
  <description>
    <text>GERMANY</text>
    <type>Flinn-Engdahl region</type>
  </description>
  <origin publicID="quakeml:eu.emsc/event/19981107_0000011/origin/1535361">
    <time>
      <value>1998-11-07T15:21:58.4Z</value>
      <uncertainty>0.16</uncertainty>
    </time>
    <latitude>
      <value>50.2053</value>
      <uncertainty>3.2</uncertainty>
    </latitude>
    <longitude>
      <value>7.8489</value>
      <uncertainty>2.8</uncertainty>
    </longitude>
    <depth>
      <value>15000</value>
    </depth>
    <depthType>from location</depthType>
    <methodID>smi:eu.emsc-csem/origin_method/NA</methodID>
    <quality>
      <usedPhaseCount>62</usedPhaseCount>
      <usedStationCount>25</usedStationCount>
      <standardError>1.13</standardError>
      <azimuthalGap>62</azimuthalGap>
      <minimumDistance>0.39</minimumDistance>
      <maximumDistance>4.26</maximumDistance>
    </quality>
    <evaluationMode>manual</evaluationMode>
    <creationInfo>
      <agencyURI>smi:smi-registry/organization/EMSC</agencyURI>
      <authorURI>smi:smi-registry/organization/EMSC</authorURI>
    </creationInfo>
    <originUncertainty>
      <azimuthMaxHorizontalUncertainty>151</azimuthMaxHorizontalUncertainty>
    </originUncertainty>
  </origin>
  <magnitude publicID="quakeml:eu.emsc/event/19981107_0000011/origin/1535361/mag/1">
    <mag>
      <value>2.7</value>
      <uncertainty>0.1</uncertainty>
    </mag>
    <type>ML</type>
    <originID>quakeml:eu.emsc/event/19981107_0000011/origin/1535361</originID>
    <stationCount>6</stationCount>
    <creationInfo>
      <agencyURI>smi:smi-registry/organization/EMSC</agencyURI>
      <authorURI>smi:smi-registry/organization/EMSC</authorURI>
    </creationInfo>
  </magnitude>
</event>
<event publicID="quakeml:eu.emsc/event/19981107_0000004">
  <preferredOriginID>quakeml:eu.emsc/event/19981107_0000004/origin/1482280</preferredOriginID>
  <preferredMagnitudeID>quakeml:eu.emsc/event/19981107_0000004/origin/1482280/mag/2</preferredMagnitudeID>
  <creationInfo>
    <agencyURI>smi:smi-registry/organization/EMSC</agencyURI>
    <authorURI>smi:smi-registry/organization/EMSC</authorURI>
    <creationTime>2014-12-11T00:56:47.186271Z</creationTime>
  </creationInfo>
  <description>
    <text>JORDAN</text>
    <type>Flinn-Engdahl region</type>
  </description>
  <origin publicID="quakeml:eu.emsc/event/19981107_0000004/origin/1482280">
    <time>
      <value>1998-11-07T13:15:42.3Z</value>
    </time>
    <latitude>
      <value>30.13</value>
      <uncertainty>9999.9</uncertainty>
    </latitude>
    <longitude>
      <value>36.73</value>
      <uncertainty>9999.9</uncertainty>
    </longitude>
    <depth>
      <value>35000</value>
    </depth>
    <depthType>from location</depthType>
    <methodID>smi:eu.emsc-csem/origin_method/NA</methodID>
    <quality>
      <usedPhaseCount>10</usedPhaseCount>
      <usedStationCount>5</usedStationCount>
      <standardError>1.89</standardError>
      <azimuthalGap>326</azimuthalGap>
      <minimumDistance>1.41</minimumDistance>
      <maximumDistance>2.11</maximumDistance>
    </quality>
    <evaluationMode>manual</evaluationMode>
    <creationInfo>
      <agencyURI>smi:smi-registry/organization/EMSC</agencyURI>
      <authorURI>smi:smi-registry/organization/EMSC</authorURI>
    </creationInfo>
    <originUncertainty>
      <azimuthMaxHorizontalUncertainty>-99</azimuthMaxHorizontalUncertainty>
    </originUncertainty>
  </origin>
  <magnitude publicID="quakeml:eu.emsc/event/19981107_0000004/origin/1482280/mag/2">
    <mag>
      <value>3</value>
    </mag>
    <type>MD</type>
    <originID>quakeml:eu.emsc/event/19981107_0000004/origin/1482280</originID>
    <creationInfo>
      <agencyURI>smi:smi-registry/organization/EMSC</agencyURI>
      <authorURI>smi:smi-registry/organization/EMSC</authorURI>
    </creationInfo>
  </magnitude>
</event>
<event publicID="quakeml:eu.emsc/event/19981107_0000003">
  <preferredOriginID>quakeml:eu.emsc/event/19981107_0000003/origin/1482282</preferredOriginID>
  <preferredMagnitudeID>quakeml:eu.emsc/event/19981107_0000003/origin/1482282/mag/2</preferredMagnitudeID>
  <creationInfo>
    <agencyURI>smi:smi-registry/organization/EMSC</agencyURI>
    <authorURI>smi:smi-registry/organization/EMSC</authorURI>
    <creationTime>2014-12-11T00:56:23.272452Z</creationTime>
  </creationInfo>
  <description>
    <text>WESTERN TURKEY</text>
    <type>Flinn-Engdahl region</type>
  </description>
  <origin publicID="quakeml:eu.emsc/event/19981107_0000003/origin/1482282">
    <time>
      <value>1998-11-07T12:23:47.0Z</value>
    </time>
    <latitude>
      <value>41.395</value>
      <uncertainty>9999.9</uncertainty>
    </latitude>
    <longitude>
      <value>28.137</value>
      <uncertainty>9999.9</uncertainty>
    </longitude>
    <depth>
      <value>8000</value>
    </depth>
    <depthType>from location</depthType>
    <methodID>smi:eu.emsc-csem/origin_method/NA</methodID>
    <quality>
      <usedPhaseCount>8</usedPhaseCount>
      <usedStationCount>6</usedStationCount>
      <standardError>0.59</standardError>
      <azimuthalGap>283</azimuthalGap>
      <minimumDistance>0.33</minimumDistance>
      <maximumDistance>1.46</maximumDistance>
    </quality>
    <evaluationMode>manual</evaluationMode>
    <creationInfo>
      <agencyURI>smi:smi-registry/organization/EMSC</agencyURI>
      <authorURI>smi:smi-registry/organization/EMSC</authorURI>
    </creationInfo>
    <originUncertainty>
      <azimuthMaxHorizontalUncertainty>-99</azimuthMaxHorizontalUncertainty>
    </originUncertainty>
  </origin>
  <magnitude publicID="quakeml:eu.emsc/event/19981107_0000003/origin/1482282/mag/2">
    <mag>
      <value>2.8</value>
    </mag>
    <type>MD</type>
    <originID>quakeml:eu.emsc/event/19981107_0000003/origin/1482282</originID>
    <creationInfo>
      <agencyURI>smi:smi-registry/organization/EMSC</agencyURI>
      <authorURI>smi:smi-registry/organization/EMSC</authorURI>
    </creationInfo>
  </magnitude>
</event>
<event publicID="quakeml:eu.emsc/event/19981107_0000002">
  <preferredOriginID>quakeml:eu.emsc/event/19981107_0000002/origin/1482284</preferredOriginID>
  <preferredMagnitudeID>quakeml:eu.emsc/event/19981107_0000002/origin/1482284/mag/2</preferredMagnitudeID>
  <creationInfo>
    <agencyURI>smi:smi-registry/organization/EMSC</agencyURI>
    <authorURI>smi:smi-registry/organization/EMSC</authorURI>
    <creationTime>2014-12-11T00:56:02.977313Z</creationTime>
  </creationInfo>
  <description>
    <text>JORDAN</text>
    <type>Flinn-Engdahl region</type>
  </description>
  <origin publicID="quakeml:eu.emsc/event/19981107_0000002/origin/1482284">
    <time>
      <value>1998-11-07T12:15:17.4Z</value>
    </time>
    <latitude>
      <value>31.53</value>
      <uncertainty>9999.9</uncertainty>
    </latitude>
    <longitude>
      <value>36.23</value>
      <uncertainty>9999.9</uncertainty>
    </longitude>
    <depth>
      <value>35000</value>
    </depth>
    <depthType>from location</depthType>
    <methodID>smi:eu.emsc-csem/origin_method/NA</methodID>
    <quality>
      <usedPhaseCount>7</usedPhaseCount>
      <usedStationCount>4</usedStationCount>
      <standardError>2.25</standardError>
      <azimuthalGap>339</azimuthalGap>
      <minimumDistance>2.47</minimumDistance>
      <maximumDistance>2.96</maximumDistance>
    </quality>
    <evaluationMode>manual</evaluationMode>
    <creationInfo>
      <agencyURI>smi:smi-registry/organization/EMSC</agencyURI>
      <authorURI>smi:smi-registry/organization/EMSC</authorURI>
    </creationInfo>
    <originUncertainty>
      <azimuthMaxHorizontalUncertainty>-99</azimuthMaxHorizontalUncertainty>
    </originUncertainty>
  </origin>
  <magnitude publicID="quakeml:eu.emsc/event/19981107_0000002/origin/1482284/mag/2">
    <mag>
      <value>3</value>
    </mag>
    <type>MD</type>
    <originID>quakeml:eu.emsc/event/19981107_0000002/origin/1482284</originID>
    <creationInfo>
      <agencyURI>smi:smi-registry/organization/EMSC</agencyURI>
      <authorURI>smi:smi-registry/organization/EMSC</authorURI>
    </creationInfo>
  </magnitude>
</event>
<event publicID="quakeml:eu.emsc/event/19981107_0000017">
  <preferredOriginID>quakeml:eu.emsc/event/19981107_0000017/origin/1488961</preferredOriginID>
  <preferredMagnitudeID>quakeml:eu.emsc/event/19981107_0000017/origin/1488961/mag/1</preferredMagnitudeID>
  <creationInfo>
    <agencyURI>smi:smi-registry/organization/EMSC</agencyURI>
    <authorURI>smi:smi-registry/organization/EMSC</authorURI>
    <creationTime>2014-12-03T16:40:31.991738Z</creationTime>
  </creationInfo>
  <description>
    <text>SWITZERLAND</text>
    <type>Flinn-Engdahl region</type>
  </description>
  <origin publicID="quakeml:eu.emsc/event/19981107_0000017/origin/1488961">
    <time>
      <value>1998-11-07T11:27:24.1Z</value>
      <uncertainty>0.09</uncertainty>
    </time>
    <latitude>
      <value>46.2128</value>
      <uncertainty>1.9</uncertainty>
    </latitude>
    <longitude>
      <value>6.8757</value>
      <uncertainty>1.6</uncertainty>
    </longitude>
    <depth>
      <value>10000</value>
    </depth>
    <depthType>from location</depthType>
    <methodID>smi:eu.emsc-csem/origin_method/NA</methodID>
    <quality>
      <usedPhaseCount>33</usedPhaseCount>
      <usedStationCount>18</usedStationCount>
      <standardError>0.43</standardError>
      <azimuthalGap>55</azimuthalGap>
      <minimumDistance>0.14</minimumDistance>
      <maximumDistance>5.92</maximumDistance>
    </quality>
    <evaluationMode>manual</evaluationMode>
    <creationInfo>
      <agencyURI>smi:smi-registry/organization/EMSC</agencyURI>
      <authorURI>smi:smi-registry/organization/EMSC</authorURI>
    </creationInfo>
    <originUncertainty>
      <azimuthMaxHorizontalUncertainty>77</azimuthMaxHorizontalUncertainty>
    </originUncertainty>
  </origin>
  <magnitude publicID="quakeml:eu.emsc/event/19981107_0000017/origin/1488961/mag/1">
    <mag>
      <value>2.2</value>
      <uncertainty>0.3</uncertainty>
    </mag>
    <type>ML</type>
    <originID>quakeml:eu.emsc/event/19981107_0000017/origin/1488961</originID>
    <stationCount>14</stationCount>
    <creationInfo>
      <agencyURI>smi:smi-registry/organization/EMSC</agencyURI>
      <authorURI>smi:smi-registry/organization/EMSC</authorURI>
    </creationInfo>
  </magnitude>
</event>
<event publicID="quakeml:eu.emsc/event/19981107_0000010">
  <preferredOriginID>quakeml:eu.emsc/event/19981107_0000010/origin/1482286</preferredOriginID>
  <preferredMagnitudeID>quakeml:eu.emsc/event/19981107_0000010/origin/1482286/mag/2</preferredMagnitudeID>
  <creationInfo>
    <agencyURI>smi:smi-registry/organization/EMSC</agencyURI>
    <authorURI>smi:smi-registry/organization/EMSC</authorURI>
    <creationTime>2014-12-10T12:56:07.801987Z</creationTime>
  </creationInfo>
  <description>
    <text>FRANCE</text>
    <type>Flinn-Engdahl region</type>
  </description>
  <origin publicID="quakeml:eu.emsc/event/19981107_0000010/origin/1482286">
    <time>
      <value>1998-11-07T10:00:48.6Z</value>
    </time>
    <latitude>
      <value>48.4112</value>
      <uncertainty>9999.9</uncertainty>
    </latitude>
    <longitude>
      <value>5.1074</value>
      <uncertainty>9999.9</uncertainty>
    </longitude>
    <depth>
      <value>2000</value>
    </depth>
    <depthType>from location</depthType>
    <methodID>smi:eu.emsc-csem/origin_method/NA</methodID>
    <quality>
      <usedPhaseCount>8</usedPhaseCount>
      <usedStationCount>5</usedStationCount>
      <standardError>0.96</standardError>
      <azimuthalGap>229</azimuthalGap>
      <minimumDistance>1.31</minimumDistance>
      <maximumDistance>1.96</maximumDistance>
    </quality>
    <evaluationMode>manual</evaluationMode>
    <creationInfo>
      <agencyURI>smi:smi-registry/organization/EMSC</agencyURI>
      <authorURI>smi:smi-registry/organization/EMSC</authorURI>
    </creationInfo>
    <originUncertainty>
      <azimuthMaxHorizontalUncertainty>-99</azimuthMaxHorizontalUncertainty>
    </originUncertainty>
  </origin>
  <magnitude publicID="quakeml:eu.emsc/event/19981107_0000010/origin/1482286/mag/2">
    <mag>
      <value>1.9</value>
    </mag>
    <type>ML</type>
    <originID>quakeml:eu.emsc/event/19981107_0000010/origin/1482286</originID>
    <stationCount>5</stationCount>
    <creationInfo>
      <agencyURI>smi:smi-registry/organization/EMSC</agencyURI>
      <authorURI>smi:smi-registry/organization/EMSC</authorURI>
    </creationInfo>
  </magnitude>
</event>
<event publicID="quakeml:eu.emsc/event/19981107_0000015">
  <preferredOriginID>quakeml:eu.emsc/event/19981107_0000015/origin/1482288</preferredOriginID>
  <preferredMagnitudeID>quakeml:eu.emsc/event/19981107_0000015/origin/1482288/mag/2</preferredMagnitudeID>
  <creationInfo>
    <agencyURI>smi:smi-registry/organization/EMSC</agencyURI>
    <authorURI>smi:smi-registry/organization/EMSC</authorURI>
    <creationTime>2014-12-10T12:56:07.289836Z</creationTime>
  </creationInfo>
  <description>
    <text>NORTHERN ITALY</text>
    <type>Flinn-Engdahl region</type>
  </description>
  <origin publicID="quakeml:eu.emsc/event/19981107_0000015/origin/1482288">
    <time>
      <value>1998-11-07T06:12:57.4Z</value>
    </time>
    <latitude>
      <value>44.3315</value>
      <uncertainty>9999.9</uncertainty>
    </latitude>
    <longitude>
      <value>7.302</value>
      <uncertainty>9999.9</uncertainty>
    </longitude>
    <depth>
      <value>12700.0</value>
    </depth>
    <depthType>from location</depthType>
    <methodID>smi:eu.emsc-csem/origin_method/NA</methodID>
    <quality>
      <usedPhaseCount>7</usedPhaseCount>
      <usedStationCount>5</usedStationCount>
      <standardError>1.4</standardError>
      <azimuthalGap>150</azimuthalGap>
      <minimumDistance>0.09</minimumDistance>
      <maximumDistance>0.5</maximumDistance>
    </quality>
    <evaluationMode>manual</evaluationMode>
    <creationInfo>
      <agencyURI>smi:smi-registry/organization/EMSC</agencyURI>
      <authorURI>smi:smi-registry/organization/EMSC</authorURI>
    </creationInfo>
    <originUncertainty>
      <azimuthMaxHorizontalUncertainty>-99</azimuthMaxHorizontalUncertainty>
    </originUncertainty>
  </origin>
  <magnitude publicID="quakeml:eu.emsc/event/19981107_0000015/origin/1482288/mag/2">
    <mag>
      <value>1.7</value>
    </mag>
    <type>ML</type>
    <originID>quakeml:eu.emsc/event/19981107_0000015/origin/1482288</originID>
    <creationInfo>
      <agencyURI>smi:smi-registry/organization/EMSC</agencyURI>
      <authorURI>smi:smi-registry/organization/EMSC</authorURI>
    </creationInfo>
  </magnitude>
</event>
<event publicID="quakeml:eu.emsc/event/19981107_0000012">
  <preferredOriginID>quakeml:eu.emsc/event/19981107_0000012/origin/1482290</preferredOriginID>
  <preferredMagnitudeID>quakeml:eu.emsc/event/19981107_0000012/origin/1482290/mag/2</preferredMagnitudeID>
  <creationInfo>
    <agencyURI>smi:smi-registry/organization/EMSC</agencyURI>
    <authorURI>smi:smi-registry/organization/EMSC</authorURI>
    <creationTime>2014-12-10T12:56:06.814906Z</creationTime>
  </creationInfo>
  <description>
    <text>FRANCE</text>
    <type>Flinn-Engdahl region</type>
  </description>
  <origin publicID="quakeml:eu.emsc/event/19981107_0000012/origin/1482290">
    <time>
      <value>1998-11-07T02:15:54.0Z</value>
    </time>
    <latitude>
      <value>49.4614</value>
      <uncertainty>9999.9</uncertainty>
    </latitude>
    <longitude>
      <value>-1.9192</value>
      <uncertainty>9999.9</uncertainty>
    </longitude>
    <depth>
      <value>3000</value>
    </depth>
    <depthType>from location</depthType>
    <methodID>smi:eu.emsc-csem/origin_method/NA</methodID>
    <quality>
      <usedPhaseCount>18</usedPhaseCount>
      <usedStationCount>7</usedStationCount>
      <standardError>1.35</standardError>
      <azimuthalGap>266</azimuthalGap>
      <minimumDistance>1.18</minimumDistance>
      <maximumDistance>3.1</maximumDistance>
    </quality>
    <evaluationMode>manual</evaluationMode>
    <creationInfo>
      <agencyURI>smi:smi-registry/organization/EMSC</agencyURI>
      <authorURI>smi:smi-registry/organization/EMSC</authorURI>
    </creationInfo>
    <originUncertainty>
      <azimuthMaxHorizontalUncertainty>-99</azimuthMaxHorizontalUncertainty>
    </originUncertainty>
  </origin>
  <magnitude publicID="quakeml:eu.emsc/event/19981107_0000012/origin/1482290/mag/2">
    <mag>
      <value>2.1</value>
    </mag>
    <type>ML</type>
    <originID>quakeml:eu.emsc/event/19981107_0000012/origin/1482290</originID>
    <stationCount>7</stationCount>
    <creationInfo>
      <agencyURI>smi:smi-registry/organization/EMSC</agencyURI>
      <authorURI>smi:smi-registry/organization/EMSC</authorURI>
    </creationInfo>
  </magnitude>
</event>
<event publicID="quakeml:eu.emsc/event/19981107_0000001">
  <preferredOriginID>quakeml:eu.emsc/event/19981107_0000001/origin/1482292</preferredOriginID>
  <preferredMagnitudeID>quakeml:eu.emsc/event/19981107_0000001/origin/1482292/mag/2</preferredMagnitudeID>
  <creationInfo>
    <agencyURI>smi:smi-registry/organization/EMSC</agencyURI>
    <authorURI>smi:smi-registry/organization/EMSC</authorURI>
    <creationTime>2014-12-10T08:17:18.15192Z</creationTime>
  </creationInfo>
  <description>
    <text>SPAIN</text>
    <type>Flinn-Engdahl region</type>
  </description>
  <origin publicID="quakeml:eu.emsc/event/19981107_0000001/origin/1482292">
    <time>
      <value>1998-11-07T00:54:01.7Z</value>
    </time>
    <latitude>
      <value>37.4948</value>
      <uncertainty>9999.9</uncertainty>
    </latitude>
    <longitude>
      <value>-3.5686</value>
      <uncertainty>9999.9</uncertainty>
    </longitude>
    <depth>
      <value>8100.0</value>
    </depth>
    <depthType>from location</depthType>
    <methodID>smi:eu.emsc-csem/origin_method/NA</methodID>
    <quality>
      <usedPhaseCount>32</usedPhaseCount>
      <usedStationCount>17</usedStationCount>
      <standardError>1.86</standardError>
      <azimuthalGap>64</azimuthalGap>
      <minimumDistance>0.22</minimumDistance>
      <maximumDistance>3.23</maximumDistance>
    </quality>
    <evaluationMode>manual</evaluationMode>
    <creationInfo>
      <agencyURI>smi:smi-registry/organization/EMSC</agencyURI>
      <authorURI>smi:smi-registry/organization/EMSC</authorURI>
    </creationInfo>
    <originUncertainty>
      <azimuthMaxHorizontalUncertainty>-99</azimuthMaxHorizontalUncertainty>
    </originUncertainty>
  </origin>
  <magnitude publicID="quakeml:eu.emsc/event/19981107_0000001/origin/1482292/mag/2">
    <mag>
      <value>2.9</value>
      <uncertainty>0.2</uncertainty>
    </mag>
    <type>mb</type>
    <originID>quakeml:eu.emsc/event/19981107_0000001/origin/1482292</originID>
    <stationCount>15</stationCount>
    <creationInfo>
      <agencyURI>smi:smi-registry/organization/EMSC</agencyURI>
      <authorURI>smi:smi-registry/organization/EMSC</authorURI>
    </creationInfo>
  </magnitude>
</event>
<event publicID="quakeml:eu.emsc/event/19981107_0000009">
  <preferredOriginID>quakeml:eu.emsc/event/19981107_0000009/origin/1482294</preferredOriginID>
  <preferredMagnitudeID>quakeml:eu.emsc/event/19981107_0000009/origin/1482294/mag/2</preferredMagnitudeID>
  <creationInfo>
    <agencyURI>smi:smi-registry/organization/EMSC</agencyURI>
    <authorURI>smi:smi-registry/organization/EMSC</authorURI>
    <creationTime>2014-12-10T12:56:06.323683Z</creationTime>
  </creationInfo>
  <description>
    <text>LIGURIAN SEA</text>
    <type>Flinn-Engdahl region</type>
  </description>
  <origin publicID="quakeml:eu.emsc/event/19981107_0000009/origin/1482294">
    <time>
      <value>1998-11-07T00:41:47.0Z</value>
    </time>
    <latitude>
      <value>43.9907</value>
      <uncertainty>9999.9</uncertainty>
    </latitude>
    <longitude>
      <value>8.007</value>
      <uncertainty>9999.9</uncertainty>
    </longitude>
    <depth>
      <value>7600.0</value>
    </depth>
    <depthType>from location</depthType>
    <methodID>smi:eu.emsc-csem/origin_method/NA</methodID>
    <quality>
      <usedPhaseCount>12</usedPhaseCount>
      <usedStationCount>6</usedStationCount>
      <standardError>6.98</standardError>
      <azimuthalGap>193</azimuthalGap>
      <minimumDistance>0.12</minimumDistance>
      <maximumDistance>0.55</maximumDistance>
    </quality>
    <evaluationMode>manual</evaluationMode>
    <creationInfo>
      <agencyURI>smi:smi-registry/organization/EMSC</agencyURI>
      <authorURI>smi:smi-registry/organization/EMSC</authorURI>
    </creationInfo>
    <originUncertainty>
      <azimuthMaxHorizontalUncertainty>-99</azimuthMaxHorizontalUncertainty>
    </originUncertainty>
  </origin>
  <magnitude publicID="quakeml:eu.emsc/event/19981107_0000009/origin/1482294/mag/2">
    <mag>
      <value>1.7</value>
    </mag>
    <type>ML</type>
    <originID>quakeml:eu.emsc/event/19981107_0000009/origin/1482294</originID>
    <creationInfo>
      <agencyURI>smi:smi-registry/organization/EMSC</agencyURI>
      <authorURI>smi:smi-registry/organization/EMSC</authorURI>
    </creationInfo>
  </magnitude>
</event>
</eventParameters>
</q:quakeml>
