<?xml version="1.0"?>
<q:quakeml xmlns:q="http://quakeml.org/xmlns/quakeml/1.2"  xmlns="http://quakeml.org/xmlns/bed/1.2">
<eventParameters publicID="smi:eu.emsc/unid">
<event publicID="quakeml:eu.emsc/event/19980126_0000005">
  <preferredOriginID>quakeml:eu.emsc/event/19980126_0000005/origin/1498784</preferredOriginID>
  <preferredMagnitudeID>quakeml:eu.emsc/event/19980126_0000005/origin/1498784/mag/2</preferredMagnitudeID>
  <creationInfo>
    <agencyURI>smi:smi-registry/organization/EMSC</agencyURI>
    <authorURI>smi:smi-registry/organization/EMSC</authorURI>
    <creationTime>2014-12-03T11:24:18.537855Z</creationTime>
  </creationInfo>
  <description>
    <text>SOUTHERN ITALY</text>
    <type>Flinn-Engdahl region</type>
  </description>
  <origin publicID="quakeml:eu.emsc/event/19980126_0000005/origin/1498784">
    <time>
      <value>1998-01-26T20:09:07.9Z</value>
      <uncertainty>0.11</uncertainty>
    </time>
    <latitude>
      <value>41.3731</value>
      <uncertainty>4</uncertainty>
    </latitude>
    <longitude>
      <value>14.6127</value>
      <uncertainty>2</uncertainty>
    </longitude>
    <depth>
      <value>15000</value>
    </depth>
    <depthType>from location</depthType>
    <methodID>smi:eu.emsc-csem/origin_method/NA</methodID>
    <quality>
      <usedPhaseCount>33</usedPhaseCount>
      <usedStationCount>27</usedStationCount>
      <standardError>0.76</standardError>
      <azimuthalGap>61</azimuthalGap>
      <minimumDistance>0.14</minimumDistance>
      <maximumDistance>2.25</maximumDistance>
    </quality>
    <evaluationMode>manual</evaluationMode>
    <creationInfo>
      <agencyURI>smi:smi-registry/organization/EMSC</agencyURI>
      <authorURI>smi:smi-registry/organization/EMSC</authorURI>
    </creationInfo>
    <originUncertainty>
      <azimuthMaxHorizontalUncertainty>33</azimuthMaxHorizontalUncertainty>
    </originUncertainty>
  </origin>
  <magnitude publicID="quakeml:eu.emsc/event/19980126_0000005/origin/1498784/mag/2">
    <mag>
      <value>3.3</value>
    </mag>
    <type>ML</type>
    <originID>quakeml:eu.emsc/event/19980126_0000005/origin/1498784</originID>
    <creationInfo>
      <agencyURI>smi:smi-registry/organization/EMSC</agencyURI>
      <authorURI>smi:smi-registry/organization/EMSC</authorURI>
    </creationInfo>
  </magnitude>
</event>
<event publicID="quakeml:eu.emsc/event/19980126_0000012">
  <preferredOriginID>quakeml:eu.emsc/event/19980126_0000012/origin/1973191</preferredOriginID>
  <preferredMagnitudeID>quakeml:eu.emsc/event/19980126_0000012/origin/1973191/mag/2</preferredMagnitudeID>
  <creationInfo>
    <agencyURI>smi:smi-registry/organization/EMSC</agencyURI>
    <authorURI>smi:smi-registry/organization/EMSC</authorURI>
    <creationTime>2014-12-11T09:33:12.792037Z</creationTime>
  </creationInfo>
  <description>
    <text>SOUTHERN ITALY</text>
    <type>Flinn-Engdahl region</type>
  </description>
  <origin publicID="quakeml:eu.emsc/event/19980126_0000012/origin/1973191">
    <time>
      <value>1998-01-26T19:03:42.5Z</value>
    </time>
    <latitude>
      <value>41.393</value>
      <uncertainty>9999.9</uncertainty>
    </latitude>
    <longitude>
      <value>14.618</value>
      <uncertainty>9999.9</uncertainty>
    </longitude>
    <depth>
      <value>9200.0</value>
    </depth>
    <depthType>from location</depthType>
    <methodID>smi:eu.emsc-csem/origin_method/NA</methodID>
    <quality>
      <usedPhaseCount>37</usedPhaseCount>
      <usedStationCount>25</usedStationCount>
      <standardError>0.95</standardError>
      <azimuthalGap>67</azimuthalGap>
      <minimumDistance>0.08</minimumDistance>
      <maximumDistance>2.24</maximumDistance>
    </quality>
    <evaluationMode>manual</evaluationMode>
    <creationInfo>
      <agencyURI>smi:smi-registry/organization/EMSC</agencyURI>
      <authorURI>smi:smi-registry/organization/EMSC</authorURI>
    </creationInfo>
    <originUncertainty>
      <azimuthMaxHorizontalUncertainty>-99</azimuthMaxHorizontalUncertainty>
    </originUncertainty>
  </origin>
  <magnitude publicID="quakeml:eu.emsc/event/19980126_0000012/origin/1973191/mag/2">
    <mag>
      <value>2.1</value>
    </mag>
    <type>ML</type>
    <originID>quakeml:eu.emsc/event/19980126_0000012/origin/1973191</originID>
    <stationCount>3</stationCount>
    <creationInfo>
      <agencyURI>smi:smi-registry/organization/EMSC</agencyURI>
      <authorURI>smi:smi-registry/organization/EMSC</authorURI>
    </creationInfo>
  </magnitude>
</event>
<event publicID="quakeml:eu.emsc/event/19980126_0000004">
  <preferredOriginID>quakeml:eu.emsc/event/19980126_0000004/origin/1485712</preferredOriginID>
  <preferredMagnitudeID>quakeml:eu.emsc/event/19980126_0000004/origin/1485712/mag/2</preferredMagnitudeID>
  <creationInfo>
    <agencyURI>smi:smi-registry/organization/EMSC</agencyURI>
    <authorURI>smi:smi-registry/organization/EMSC</authorURI>
    <creationTime>2014-12-10T18:55:23.850511Z</creationTime>
  </creationInfo>
  <description>
    <text>SICILY, ITALY</text>
    <type>Flinn-Engdahl region</type>
  </description>
  <origin publicID="quakeml:eu.emsc/event/19980126_0000004/origin/1485712">
    <time>
      <value>1998-01-26T17:12:56.6Z</value>
    </time>
    <latitude>
      <value>38.407</value>
      <uncertainty>9999.9</uncertainty>
    </latitude>
    <longitude>
      <value>12.834</value>
      <uncertainty>9999.9</uncertainty>
    </longitude>
    <depth>
      <value>10000</value>
    </depth>
    <depthType>from location</depthType>
    <methodID>smi:eu.emsc-csem/origin_method/NA</methodID>
    <quality>
      <usedPhaseCount>14</usedPhaseCount>
      <usedStationCount>10</usedStationCount>
      <standardError>0.95</standardError>
      <azimuthalGap>233</azimuthalGap>
      <minimumDistance>0.42</minimumDistance>
      <maximumDistance>2.56</maximumDistance>
    </quality>
    <evaluationMode>manual</evaluationMode>
    <creationInfo>
      <agencyURI>smi:smi-registry/organization/EMSC</agencyURI>
      <authorURI>smi:smi-registry/organization/EMSC</authorURI>
    </creationInfo>
    <originUncertainty>
      <azimuthMaxHorizontalUncertainty>-99</azimuthMaxHorizontalUncertainty>
    </originUncertainty>
  </origin>
  <magnitude publicID="quakeml:eu.emsc/event/19980126_0000004/origin/1485712/mag/2">
    <mag>
      <value>3.1</value>
    </mag>
    <type>ML</type>
    <originID>quakeml:eu.emsc/event/19980126_0000004/origin/1485712</originID>
    <stationCount>5</stationCount>
    <creationInfo>
      <agencyURI>smi:smi-registry/organization/EMSC</agencyURI>
      <authorURI>smi:smi-registry/organization/EMSC</authorURI>
    </creationInfo>
  </magnitude>
</event>
<event publicID="quakeml:eu.emsc/event/19980126_0000003">
  <preferredOriginID>quakeml:eu.emsc/event/19980126_0000003/origin/1485714</preferredOriginID>
  <preferredMagnitudeID>quakeml:eu.emsc/event/19980126_0000003/origin/1485714/mag/2</preferredMagnitudeID>
  <creationInfo>
    <agencyURI>smi:smi-registry/organization/EMSC</agencyURI>
    <authorURI>smi:smi-registry/organization/EMSC</authorURI>
    <creationTime>2014-12-10T18:51:07.713354Z</creationTime>
  </creationInfo>
  <description>
    <text>GERMANY</text>
    <type>Flinn-Engdahl region</type>
  </description>
  <origin publicID="quakeml:eu.emsc/event/19980126_0000003/origin/1485714">
    <time>
      <value>1998-01-26T15:06:32.7Z</value>
    </time>
    <latitude>
      <value>51.44</value>
      <uncertainty>9999.9</uncertainty>
    </latitude>
    <longitude>
      <value>14.61</value>
      <uncertainty>9999.9</uncertainty>
    </longitude>
    <depth>
      <value>0</value>
    </depth>
    <depthType>from location</depthType>
    <methodID>smi:eu.emsc-csem/origin_method/NA</methodID>
    <quality>
      <usedPhaseCount>9</usedPhaseCount>
      <usedStationCount>5</usedStationCount>
      <standardError>1.1</standardError>
      <azimuthalGap>289</azimuthalGap>
      <minimumDistance>0.7</minimumDistance>
      <maximumDistance>2.78</maximumDistance>
    </quality>
    <evaluationMode>manual</evaluationMode>
    <creationInfo>
      <agencyURI>smi:smi-registry/organization/EMSC</agencyURI>
      <authorURI>smi:smi-registry/organization/EMSC</authorURI>
    </creationInfo>
    <originUncertainty>
      <azimuthMaxHorizontalUncertainty>-99</azimuthMaxHorizontalUncertainty>
    </originUncertainty>
  </origin>
  <magnitude publicID="quakeml:eu.emsc/event/19980126_0000003/origin/1485714/mag/2">
    <mag>
      <value>2.7</value>
    </mag>
    <type>ML</type>
    <originID>quakeml:eu.emsc/event/19980126_0000003/origin/1485714</originID>
    <stationCount>4</stationCount>
    <creationInfo>
      <agencyURI>smi:smi-registry/organization/EMSC</agencyURI>
      <authorURI>smi:smi-registry/organization/EMSC</authorURI>
    </creationInfo>
  </magnitude>
</event>
<event publicID="quakeml:eu.emsc/event/19980126_0000008">
  <preferredOriginID>quakeml:eu.emsc/event/19980126_0000008/origin/1485716</preferredOriginID>
  <preferredMagnitudeID>quakeml:eu.emsc/event/19980126_0000008/origin/1485716/mag/2</preferredMagnitudeID>
  <creationInfo>
    <agencyURI>smi:smi-registry/organization/EMSC</agencyURI>
    <authorURI>smi:smi-registry/organization/EMSC</authorURI>
    <creationTime>2014-12-10T08:15:40.504696Z</creationTime>
  </creationInfo>
  <description>
    <text>WESTERN TURKEY</text>
    <type>Flinn-Engdahl region</type>
  </description>
  <origin publicID="quakeml:eu.emsc/event/19980126_0000008/origin/1485716">
    <time>
      <value>1998-01-26T14:46:54.8Z</value>
    </time>
    <latitude>
      <value>38.95</value>
      <uncertainty>9999.9</uncertainty>
    </latitude>
    <longitude>
      <value>27.656</value>
      <uncertainty>9999.9</uncertainty>
    </longitude>
    <depth>
      <value>10000</value>
    </depth>
    <depthType>from location</depthType>
    <methodID>smi:eu.emsc-csem/origin_method/NA</methodID>
    <quality>
      <usedPhaseCount>7</usedPhaseCount>
      <usedStationCount>5</usedStationCount>
      <standardError>3.84</standardError>
      <azimuthalGap>160</azimuthalGap>
      <minimumDistance>0.63</minimumDistance>
      <maximumDistance>1.42</maximumDistance>
    </quality>
    <evaluationMode>manual</evaluationMode>
    <creationInfo>
      <agencyURI>smi:smi-registry/organization/EMSC</agencyURI>
      <authorURI>smi:smi-registry/organization/EMSC</authorURI>
    </creationInfo>
    <originUncertainty>
      <azimuthMaxHorizontalUncertainty>-99</azimuthMaxHorizontalUncertainty>
    </originUncertainty>
  </origin>
  <magnitude publicID="quakeml:eu.emsc/event/19980126_0000008/origin/1485716/mag/2">
    <mag>
      <value>2.7</value>
    </mag>
    <type>MD</type>
    <originID>quakeml:eu.emsc/event/19980126_0000008/origin/1485716</originID>
    <creationInfo>
      <agencyURI>smi:smi-registry/organization/EMSC</agencyURI>
      <authorURI>smi:smi-registry/organization/EMSC</authorURI>
    </creationInfo>
  </magnitude>
</event>
<event publicID="quakeml:eu.emsc/event/19980126_0000007">
  <preferredOriginID>quakeml:eu.emsc/event/19980126_0000007/origin/1485718</preferredOriginID>
  <preferredMagnitudeID>quakeml:eu.emsc/event/19980126_0000007/origin/1485718/mag/2</preferredMagnitudeID>
  <creationInfo>
    <agencyURI>smi:smi-registry/organization/EMSC</agencyURI>
    <authorURI>smi:smi-registry/organization/EMSC</authorURI>
    <creationTime>2014-12-10T08:15:40.36682Z</creationTime>
  </creationInfo>
  <description>
    <text>WESTERN TURKEY</text>
    <type>Flinn-Engdahl region</type>
  </description>
  <origin publicID="quakeml:eu.emsc/event/19980126_0000007/origin/1485718">
    <time>
      <value>1998-01-26T14:33:09.6Z</value>
    </time>
    <latitude>
      <value>39.792</value>
      <uncertainty>9999.9</uncertainty>
    </latitude>
    <longitude>
      <value>28.728</value>
      <uncertainty>9999.9</uncertainty>
    </longitude>
    <depth>
      <value>7000</value>
    </depth>
    <depthType>from location</depthType>
    <methodID>smi:eu.emsc-csem/origin_method/NA</methodID>
    <quality>
      <usedPhaseCount>11</usedPhaseCount>
      <usedStationCount>7</usedStationCount>
      <standardError>1.06</standardError>
      <azimuthalGap>106</azimuthalGap>
      <minimumDistance>0.21</minimumDistance>
      <maximumDistance>1.3</maximumDistance>
    </quality>
    <evaluationMode>manual</evaluationMode>
    <creationInfo>
      <agencyURI>smi:smi-registry/organization/EMSC</agencyURI>
      <authorURI>smi:smi-registry/organization/EMSC</authorURI>
    </creationInfo>
    <originUncertainty>
      <azimuthMaxHorizontalUncertainty>-99</azimuthMaxHorizontalUncertainty>
    </originUncertainty>
  </origin>
  <magnitude publicID="quakeml:eu.emsc/event/19980126_0000007/origin/1485718/mag/2">
    <mag>
      <value>2.7</value>
    </mag>
    <type>MD</type>
    <originID>quakeml:eu.emsc/event/19980126_0000007/origin/1485718</originID>
    <creationInfo>
      <agencyURI>smi:smi-registry/organization/EMSC</agencyURI>
      <authorURI>smi:smi-registry/organization/EMSC</authorURI>
    </creationInfo>
  </magnitude>
</event>
<event publicID="quakeml:eu.emsc/event/19980126_0000011">
  <preferredOriginID>quakeml:eu.emsc/event/19980126_0000011/origin/1485720</preferredOriginID>
  <preferredMagnitudeID>quakeml:eu.emsc/event/19980126_0000011/origin/1485720/mag/2</preferredMagnitudeID>
  <creationInfo>
    <agencyURI>smi:smi-registry/organization/EMSC</agencyURI>
    <authorURI>smi:smi-registry/organization/EMSC</authorURI>
    <creationTime>2014-12-10T12:53:02.174429Z</creationTime>
  </creationInfo>
  <description>
    <text>GERMANY</text>
    <type>Flinn-Engdahl region</type>
  </description>
  <origin publicID="quakeml:eu.emsc/event/19980126_0000011/origin/1485720">
    <time>
      <value>1998-01-26T14:28:01.5Z</value>
    </time>
    <latitude>
      <value>49.14</value>
      <uncertainty>9999.9</uncertainty>
    </latitude>
    <longitude>
      <value>6.64</value>
      <uncertainty>9999.9</uncertainty>
    </longitude>
    <depth>
      <value>1000</value>
    </depth>
    <depthType>from location</depthType>
    <methodID>smi:eu.emsc-csem/origin_method/NA</methodID>
    <quality>
      <usedPhaseCount>6</usedPhaseCount>
      <usedStationCount>4</usedStationCount>
      <standardError>0.64</standardError>
      <azimuthalGap>220</azimuthalGap>
      <minimumDistance>0.63</minimumDistance>
      <maximumDistance>1.33</maximumDistance>
    </quality>
    <evaluationMode>manual</evaluationMode>
    <creationInfo>
      <agencyURI>smi:smi-registry/organization/EMSC</agencyURI>
      <authorURI>smi:smi-registry/organization/EMSC</authorURI>
    </creationInfo>
    <originUncertainty>
      <azimuthMaxHorizontalUncertainty>-99</azimuthMaxHorizontalUncertainty>
    </originUncertainty>
  </origin>
  <magnitude publicID="quakeml:eu.emsc/event/19980126_0000011/origin/1485720/mag/2">
    <mag>
      <value>1.8</value>
    </mag>
    <type>ML</type>
    <originID>quakeml:eu.emsc/event/19980126_0000011/origin/1485720</originID>
    <creationInfo>
      <agencyURI>smi:smi-registry/organization/EMSC</agencyURI>
      <authorURI>smi:smi-registry/organization/EMSC</authorURI>
    </creationInfo>
  </magnitude>
</event>
<event publicID="quakeml:eu.emsc/event/19980126_0000002">
  <preferredOriginID>quakeml:eu.emsc/event/19980126_0000002/origin/1498786</preferredOriginID>
  <preferredMagnitudeID>quakeml:eu.emsc/event/19980126_0000002/origin/1498786/mag/2</preferredMagnitudeID>
  <creationInfo>
    <agencyURI>smi:smi-registry/organization/EMSC</agencyURI>
    <authorURI>smi:smi-registry/organization/EMSC</authorURI>
    <creationTime>2014-12-03T11:32:56.856218Z</creationTime>
  </creationInfo>
  <description>
    <text>NORWEGIAN SEA</text>
    <type>Flinn-Engdahl region</type>
  </description>
  <origin publicID="quakeml:eu.emsc/event/19980126_0000002/origin/1498786">
    <time>
      <value>1998-01-26T10:57:45.2Z</value>
      <uncertainty>0.35</uncertainty>
    </time>
    <latitude>
      <value>68.1272</value>
      <uncertainty>9.2</uncertainty>
    </latitude>
    <longitude>
      <value>10.3022</value>
      <uncertainty>6.7</uncertainty>
    </longitude>
    <depth>
      <value>10000</value>
    </depth>
    <depthType>from location</depthType>
    <methodID>smi:eu.emsc-csem/origin_method/NA</methodID>
    <quality>
      <usedPhaseCount>9</usedPhaseCount>
      <usedStationCount>7</usedStationCount>
      <standardError>1.05</standardError>
      <azimuthalGap>174</azimuthalGap>
      <minimumDistance>1.21</minimumDistance>
      <maximumDistance>10.25</maximumDistance>
    </quality>
    <evaluationMode>manual</evaluationMode>
    <creationInfo>
      <agencyURI>smi:smi-registry/organization/EMSC</agencyURI>
      <authorURI>smi:smi-registry/organization/EMSC</authorURI>
    </creationInfo>
    <originUncertainty>
      <azimuthMaxHorizontalUncertainty>107</azimuthMaxHorizontalUncertainty>
    </originUncertainty>
  </origin>
  <magnitude publicID="quakeml:eu.emsc/event/19980126_0000002/origin/1498786/mag/2">
    <mag>
      <value>2.7</value>
    </mag>
    <type>ML</type>
    <originID>quakeml:eu.emsc/event/19980126_0000002/origin/1498786</originID>
    <creationInfo>
      <agencyURI>smi:smi-registry/organization/EMSC</agencyURI>
      <authorURI>smi:smi-registry/organization/EMSC</authorURI>
    </creationInfo>
  </magnitude>
</event>
<event publicID="quakeml:eu.emsc/event/19980126_0000001">
  <preferredOriginID>quakeml:eu.emsc/event/19980126_0000001/origin/1485722</preferredOriginID>
  <preferredMagnitudeID>quakeml:eu.emsc/event/19980126_0000001/origin/1485722/mag/2</preferredMagnitudeID>
  <creationInfo>
    <agencyURI>smi:smi-registry/organization/EMSC</agencyURI>
    <authorURI>smi:smi-registry/organization/EMSC</authorURI>
    <creationTime>2014-12-10T18:34:59.511342Z</creationTime>
  </creationInfo>
  <description>
    <text>IONIAN SEA</text>
    <type>Flinn-Engdahl region</type>
  </description>
  <origin publicID="quakeml:eu.emsc/event/19980126_0000001/origin/1485722">
    <time>
      <value>1998-01-26T06:00:21.0Z</value>
    </time>
    <latitude>
      <value>37.46</value>
      <uncertainty>9999.9</uncertainty>
    </latitude>
    <longitude>
      <value>20.59</value>
      <uncertainty>9999.9</uncertainty>
    </longitude>
    <depth>
      <value>7000</value>
    </depth>
    <depthType>from location</depthType>
    <methodID>smi:eu.emsc-csem/origin_method/NA</methodID>
    <quality>
      <usedPhaseCount>6</usedPhaseCount>
      <usedStationCount>4</usedStationCount>
      <standardError>1.98</standardError>
      <azimuthalGap>255</azimuthalGap>
      <minimumDistance>0.72</minimumDistance>
      <maximumDistance>1.74</maximumDistance>
    </quality>
    <evaluationMode>manual</evaluationMode>
    <creationInfo>
      <agencyURI>smi:smi-registry/organization/EMSC</agencyURI>
      <authorURI>smi:smi-registry/organization/EMSC</authorURI>
    </creationInfo>
    <originUncertainty>
      <azimuthMaxHorizontalUncertainty>-99</azimuthMaxHorizontalUncertainty>
    </originUncertainty>
  </origin>
  <magnitude publicID="quakeml:eu.emsc/event/19980126_0000001/origin/1485722/mag/2">
    <mag>
      <value>3</value>
    </mag>
    <type>MD</type>
    <originID>quakeml:eu.emsc/event/19980126_0000001/origin/1485722</originID>
    <creationInfo>
      <agencyURI>smi:smi-registry/organization/EMSC</agencyURI>
      <authorURI>smi:smi-registry/organization/EMSC</authorURI>
    </creationInfo>
  </magnitude>
</event>
<event publicID="quakeml:eu.emsc/event/19980126_0000006">
  <preferredOriginID>quakeml:eu.emsc/event/19980126_0000006/origin/1485724</preferredOriginID>
  <preferredMagnitudeID>quakeml:eu.emsc/event/19980126_0000006/origin/1485724/mag/2</preferredMagnitudeID>
  <creationInfo>
    <agencyURI>smi:smi-registry/organization/EMSC</agencyURI>
    <authorURI>smi:smi-registry/organization/EMSC</authorURI>
    <creationTime>2014-12-10T08:15:39.485887Z</creationTime>
  </creationInfo>
  <description>
    <text>WESTERN TURKEY</text>
    <type>Flinn-Engdahl region</type>
  </description>
  <origin publicID="quakeml:eu.emsc/event/19980126_0000006/origin/1485724">
    <time>
      <value>1998-01-26T00:56:18.9Z</value>
    </time>
    <latitude>
      <value>37.62</value>
      <uncertainty>9999.9</uncertainty>
    </latitude>
    <longitude>
      <value>30.591</value>
      <uncertainty>9999.9</uncertainty>
    </longitude>
    <depth>
      <value>11000</value>
    </depth>
    <depthType>from location</depthType>
    <methodID>smi:eu.emsc-csem/origin_method/NA</methodID>
    <quality>
      <usedPhaseCount>6</usedPhaseCount>
      <usedStationCount>4</usedStationCount>
      <standardError>0.76</standardError>
      <azimuthalGap>195</azimuthalGap>
      <minimumDistance>0.16</minimumDistance>
      <maximumDistance>1.48</maximumDistance>
    </quality>
    <evaluationMode>manual</evaluationMode>
    <creationInfo>
      <agencyURI>smi:smi-registry/organization/EMSC</agencyURI>
      <authorURI>smi:smi-registry/organization/EMSC</authorURI>
    </creationInfo>
    <originUncertainty>
      <azimuthMaxHorizontalUncertainty>-99</azimuthMaxHorizontalUncertainty>
    </originUncertainty>
  </origin>
  <magnitude publicID="quakeml:eu.emsc/event/19980126_0000006/origin/1485724/mag/2">
    <mag>
      <value>2.9</value>
    </mag>
    <type>MD</type>
    <originID>quakeml:eu.emsc/event/19980126_0000006/origin/1485724</originID>
    <creationInfo>
      <agencyURI>smi:smi-registry/organization/EMSC</agencyURI>
      <authorURI>smi:smi-registry/organization/EMSC</authorURI>
    </creationInfo>
  </magnitude>
</event>
</eventParameters>
</q:quakeml>
