<?xml version="1.0"?>
<q:quakeml xmlns:q="http://quakeml.org/xmlns/quakeml/1.2"  xmlns="http://quakeml.org/xmlns/bed/1.2">
<eventParameters publicID="smi:eu.emsc/unid">
<event publicID="quakeml:eu.emsc/event/20041129_0000039">
  <preferredOriginID>quakeml:eu.emsc/event/20041129_0000039/origin/1296396</preferredOriginID>
  <preferredMagnitudeID>quakeml:eu.emsc/event/20041129_0000039/origin/1296396/mag/1</preferredMagnitudeID>
  <creationInfo>
    <agencyURI>smi:smi-registry/organization/EMSC</agencyURI>
    <authorURI>smi:smi-registry/organization/EMSC</authorURI>
    <creationTime>2014-12-03T11:19:13.121531Z</creationTime>
  </creationInfo>
  <description>
    <text>FRANCE</text>
    <type>Flinn-Engdahl region</type>
  </description>
  <origin publicID="quakeml:eu.emsc/event/20041129_0000039/origin/1296396">
    <time>
      <value>2004-11-29T21:56:50.1Z</value>
      <uncertainty>0.06</uncertainty>
    </time>
    <latitude>
      <value>45.1319</value>
      <uncertainty>1.4</uncertainty>
    </latitude>
    <longitude>
      <value>6.8877</value>
      <uncertainty>1</uncertainty>
    </longitude>
    <depth>
      <value>10000</value>
    </depth>
    <depthType>from location</depthType>
    <methodID>smi:eu.emsc-csem/origin_method/NA</methodID>
    <quality>
      <usedPhaseCount>38</usedPhaseCount>
      <usedStationCount>22</usedStationCount>
      <standardError>0.35</standardError>
      <azimuthalGap>83</azimuthalGap>
      <minimumDistance>0.16</minimumDistance>
      <maximumDistance>1.82</maximumDistance>
    </quality>
    <evaluationMode>manual</evaluationMode>
    <creationInfo>
      <agencyURI>smi:smi-registry/organization/EMSC</agencyURI>
      <authorURI>smi:smi-registry/organization/EMSC</authorURI>
    </creationInfo>
    <originUncertainty>
      <azimuthMaxHorizontalUncertainty>98</azimuthMaxHorizontalUncertainty>
    </originUncertainty>
  </origin>
  <magnitude publicID="quakeml:eu.emsc/event/20041129_0000039/origin/1296396/mag/1">
    <mag>
      <value>2</value>
      <uncertainty>0.3</uncertainty>
    </mag>
    <type>ML</type>
    <originID>quakeml:eu.emsc/event/20041129_0000039/origin/1296396</originID>
    <stationCount>9</stationCount>
    <creationInfo>
      <agencyURI>smi:smi-registry/organization/EMSC</agencyURI>
      <authorURI>smi:smi-registry/organization/EMSC</authorURI>
    </creationInfo>
  </magnitude>
</event>
<event publicID="quakeml:eu.emsc/event/20041129_0000056">
  <preferredOriginID>quakeml:eu.emsc/event/20041129_0000056/origin/1292323</preferredOriginID>
  <preferredMagnitudeID>quakeml:eu.emsc/event/20041129_0000056/origin/1292323/mag/2</preferredMagnitudeID>
  <creationInfo>
    <agencyURI>smi:smi-registry/organization/EMSC</agencyURI>
    <authorURI>smi:smi-registry/organization/EMSC</authorURI>
    <creationTime>2014-12-11T06:16:50.624748Z</creationTime>
  </creationInfo>
  <description>
    <text>WESTERN TURKEY</text>
    <type>Flinn-Engdahl region</type>
  </description>
  <origin publicID="quakeml:eu.emsc/event/20041129_0000056/origin/1292323">
    <time>
      <value>2004-11-29T21:35:59.1Z</value>
    </time>
    <latitude>
      <value>39.273</value>
      <uncertainty>9999.9</uncertainty>
    </latitude>
    <longitude>
      <value>28.609</value>
      <uncertainty>9999.9</uncertainty>
    </longitude>
    <depth>
      <value>5000</value>
    </depth>
    <depthType>from location</depthType>
    <methodID>smi:eu.emsc-csem/origin_method/NA</methodID>
    <quality>
      <usedPhaseCount>14</usedPhaseCount>
      <usedStationCount>12</usedStationCount>
      <standardError>0.86</standardError>
      <azimuthalGap>130</azimuthalGap>
      <minimumDistance>0.33</minimumDistance>
      <maximumDistance>2.58</maximumDistance>
    </quality>
    <evaluationMode>manual</evaluationMode>
    <creationInfo>
      <agencyURI>smi:smi-registry/organization/EMSC</agencyURI>
      <authorURI>smi:smi-registry/organization/EMSC</authorURI>
    </creationInfo>
    <originUncertainty>
      <azimuthMaxHorizontalUncertainty>-99</azimuthMaxHorizontalUncertainty>
    </originUncertainty>
  </origin>
  <magnitude publicID="quakeml:eu.emsc/event/20041129_0000056/origin/1292323/mag/2">
    <mag>
      <value>2.9</value>
    </mag>
    <type>MD</type>
    <originID>quakeml:eu.emsc/event/20041129_0000056/origin/1292323</originID>
    <creationInfo>
      <agencyURI>smi:smi-registry/organization/EMSC</agencyURI>
      <authorURI>smi:smi-registry/organization/EMSC</authorURI>
    </creationInfo>
  </magnitude>
</event>
<event publicID="quakeml:eu.emsc/event/20041129_0000047">
  <preferredOriginID>quakeml:eu.emsc/event/20041129_0000047/origin/1296399</preferredOriginID>
  <preferredMagnitudeID>quakeml:eu.emsc/event/20041129_0000047/origin/1296399/mag/1</preferredMagnitudeID>
  <creationInfo>
    <agencyURI>smi:smi-registry/organization/EMSC</agencyURI>
    <authorURI>smi:smi-registry/organization/EMSC</authorURI>
    <creationTime>2014-12-03T11:52:44.866822Z</creationTime>
  </creationInfo>
  <description>
    <text>PYRENEES</text>
    <type>Flinn-Engdahl region</type>
  </description>
  <origin publicID="quakeml:eu.emsc/event/20041129_0000047/origin/1296399">
    <time>
      <value>2004-11-29T20:53:15.1Z</value>
      <uncertainty>0.1</uncertainty>
    </time>
    <latitude>
      <value>42.8401</value>
      <uncertainty>3.6</uncertainty>
    </latitude>
    <longitude>
      <value>-0.2718</value>
      <uncertainty>0.8</uncertainty>
    </longitude>
    <depth>
      <value>11200.0</value>
      <uncertainty>0.7</uncertainty>
    </depth>
    <depthType>from location</depthType>
    <methodID>smi:eu.emsc-csem/origin_method/NA</methodID>
    <quality>
      <usedPhaseCount>14</usedPhaseCount>
      <usedStationCount>7</usedStationCount>
      <standardError>0.24</standardError>
      <azimuthalGap>185</azimuthalGap>
      <minimumDistance>0.22</minimumDistance>
      <maximumDistance>1.89</maximumDistance>
    </quality>
    <evaluationMode>manual</evaluationMode>
    <creationInfo>
      <agencyURI>smi:smi-registry/organization/EMSC</agencyURI>
      <authorURI>smi:smi-registry/organization/EMSC</authorURI>
    </creationInfo>
    <originUncertainty>
      <azimuthMaxHorizontalUncertainty>173</azimuthMaxHorizontalUncertainty>
    </originUncertainty>
  </origin>
  <magnitude publicID="quakeml:eu.emsc/event/20041129_0000047/origin/1296399/mag/1">
    <mag>
      <value>1.3</value>
      <uncertainty>0.3</uncertainty>
    </mag>
    <type>ML</type>
    <originID>quakeml:eu.emsc/event/20041129_0000047/origin/1296399</originID>
    <stationCount>4</stationCount>
    <creationInfo>
      <agencyURI>smi:smi-registry/organization/EMSC</agencyURI>
      <authorURI>smi:smi-registry/organization/EMSC</authorURI>
    </creationInfo>
  </magnitude>
</event>
<event publicID="quakeml:eu.emsc/event/20041129_0000048">
  <preferredOriginID>quakeml:eu.emsc/event/20041129_0000048/origin/1296402</preferredOriginID>
  <preferredMagnitudeID>quakeml:eu.emsc/event/20041129_0000048/origin/1296402/mag/1</preferredMagnitudeID>
  <creationInfo>
    <agencyURI>smi:smi-registry/organization/EMSC</agencyURI>
    <authorURI>smi:smi-registry/organization/EMSC</authorURI>
    <creationTime>2014-12-03T11:22:52.860865Z</creationTime>
  </creationInfo>
  <description>
    <text>FRANCE</text>
    <type>Flinn-Engdahl region</type>
  </description>
  <origin publicID="quakeml:eu.emsc/event/20041129_0000048/origin/1296402">
    <time>
      <value>2004-11-29T20:35:25.2Z</value>
      <uncertainty>0.1</uncertainty>
    </time>
    <latitude>
      <value>45.1412</value>
      <uncertainty>2.5</uncertainty>
    </latitude>
    <longitude>
      <value>6.8715</value>
      <uncertainty>1.7</uncertainty>
    </longitude>
    <depth>
      <value>10000</value>
    </depth>
    <depthType>from location</depthType>
    <methodID>smi:eu.emsc-csem/origin_method/NA</methodID>
    <quality>
      <usedPhaseCount>23</usedPhaseCount>
      <usedStationCount>13</usedStationCount>
      <standardError>0.41</standardError>
      <azimuthalGap>92</azimuthalGap>
      <minimumDistance>0.18</minimumDistance>
      <maximumDistance>1.34</maximumDistance>
    </quality>
    <evaluationMode>manual</evaluationMode>
    <creationInfo>
      <agencyURI>smi:smi-registry/organization/EMSC</agencyURI>
      <authorURI>smi:smi-registry/organization/EMSC</authorURI>
    </creationInfo>
    <originUncertainty>
      <azimuthMaxHorizontalUncertainty>92</azimuthMaxHorizontalUncertainty>
    </originUncertainty>
  </origin>
  <magnitude publicID="quakeml:eu.emsc/event/20041129_0000048/origin/1296402/mag/1">
    <mag>
      <value>0.9</value>
      <uncertainty>0.2</uncertainty>
    </mag>
    <type>ML</type>
    <originID>quakeml:eu.emsc/event/20041129_0000048/origin/1296402</originID>
    <stationCount>4</stationCount>
    <creationInfo>
      <agencyURI>smi:smi-registry/organization/EMSC</agencyURI>
      <authorURI>smi:smi-registry/organization/EMSC</authorURI>
    </creationInfo>
  </magnitude>
</event>
<event publicID="quakeml:eu.emsc/event/20041129_0000044">
  <preferredOriginID>quakeml:eu.emsc/event/20041129_0000044/origin/1296788</preferredOriginID>
  <preferredMagnitudeID>quakeml:eu.emsc/event/20041129_0000044/origin/1296788/mag/2</preferredMagnitudeID>
  <creationInfo>
    <agencyURI>smi:smi-registry/organization/EMSC</agencyURI>
    <authorURI>smi:smi-registry/organization/EMSC</authorURI>
    <creationTime>2014-12-03T11:17:34.783168Z</creationTime>
  </creationInfo>
  <description>
    <text>WESTERN TURKEY</text>
    <type>Flinn-Engdahl region</type>
  </description>
  <origin publicID="quakeml:eu.emsc/event/20041129_0000044/origin/1296788">
    <time>
      <value>2004-11-29T20:35:16.5Z</value>
      <uncertainty>0.34</uncertainty>
    </time>
    <latitude>
      <value>37.0218</value>
      <uncertainty>7</uncertainty>
    </latitude>
    <longitude>
      <value>31.0696</value>
      <uncertainty>4.6</uncertainty>
    </longitude>
    <depth>
      <value>113800.0</value>
      <uncertainty>5.2</uncertainty>
    </depth>
    <depthType>from location</depthType>
    <methodID>smi:eu.emsc-csem/origin_method/NA</methodID>
    <quality>
      <usedPhaseCount>27</usedPhaseCount>
      <usedStationCount>25</usedStationCount>
      <standardError>0.75</standardError>
      <azimuthalGap>95</azimuthalGap>
      <minimumDistance>0.35</minimumDistance>
      <maximumDistance>8.02</maximumDistance>
    </quality>
    <evaluationMode>manual</evaluationMode>
    <creationInfo>
      <agencyURI>smi:smi-registry/organization/EMSC</agencyURI>
      <authorURI>smi:smi-registry/organization/EMSC</authorURI>
    </creationInfo>
    <originUncertainty>
      <azimuthMaxHorizontalUncertainty>44</azimuthMaxHorizontalUncertainty>
    </originUncertainty>
  </origin>
  <magnitude publicID="quakeml:eu.emsc/event/20041129_0000044/origin/1296788/mag/2">
    <mag>
      <value>3.4</value>
    </mag>
    <type>MD</type>
    <originID>quakeml:eu.emsc/event/20041129_0000044/origin/1296788</originID>
    <creationInfo>
      <agencyURI>smi:smi-registry/organization/EMSC</agencyURI>
      <authorURI>smi:smi-registry/organization/EMSC</authorURI>
    </creationInfo>
  </magnitude>
</event>
<event publicID="quakeml:eu.emsc/event/20041129_0000027">
  <preferredOriginID>quakeml:eu.emsc/event/20041129_0000027/origin/1296793</preferredOriginID>
  <preferredMagnitudeID>quakeml:eu.emsc/event/20041129_0000027/origin/1296793/mag/2</preferredMagnitudeID>
  <creationInfo>
    <agencyURI>smi:smi-registry/organization/EMSC</agencyURI>
    <authorURI>smi:smi-registry/organization/EMSC</authorURI>
    <creationTime>2014-12-03T14:18:09.772152Z</creationTime>
  </creationInfo>
  <description>
    <text>ADRIATIC SEA</text>
    <type>Flinn-Engdahl region</type>
  </description>
  <origin publicID="quakeml:eu.emsc/event/20041129_0000027/origin/1296793">
    <time>
      <value>2004-11-29T20:09:40.4Z</value>
      <uncertainty>0.19</uncertainty>
    </time>
    <latitude>
      <value>43.1207</value>
      <uncertainty>4.9</uncertainty>
    </latitude>
    <longitude>
      <value>15.3712</value>
      <uncertainty>4.4</uncertainty>
    </longitude>
    <depth>
      <value>2000</value>
    </depth>
    <depthType>from location</depthType>
    <methodID>smi:eu.emsc-csem/origin_method/NA</methodID>
    <quality>
      <usedPhaseCount>78</usedPhaseCount>
      <usedStationCount>67</usedStationCount>
      <standardError>1.17</standardError>
      <azimuthalGap>65</azimuthalGap>
      <minimumDistance>1.39</minimumDistance>
      <maximumDistance>10.19</maximumDistance>
    </quality>
    <evaluationMode>manual</evaluationMode>
    <creationInfo>
      <agencyURI>smi:smi-registry/organization/EMSC</agencyURI>
      <authorURI>smi:smi-registry/organization/EMSC</authorURI>
    </creationInfo>
    <originUncertainty>
      <azimuthMaxHorizontalUncertainty>61</azimuthMaxHorizontalUncertainty>
    </originUncertainty>
  </origin>
  <magnitude publicID="quakeml:eu.emsc/event/20041129_0000027/origin/1296793/mag/2">
    <mag>
      <value>3</value>
    </mag>
    <type>ML</type>
    <originID>quakeml:eu.emsc/event/20041129_0000027/origin/1296793</originID>
    <stationCount>11</stationCount>
    <creationInfo>
      <agencyURI>smi:smi-registry/organization/EMSC</agencyURI>
      <authorURI>smi:smi-registry/organization/EMSC</authorURI>
    </creationInfo>
  </magnitude>
</event>
<event publicID="quakeml:eu.emsc/event/20041129_0000057">
  <preferredOriginID>quakeml:eu.emsc/event/20041129_0000057/origin/1292325</preferredOriginID>
  <preferredMagnitudeID>quakeml:eu.emsc/event/20041129_0000057/origin/1292325/mag/2</preferredMagnitudeID>
  <creationInfo>
    <agencyURI>smi:smi-registry/organization/EMSC</agencyURI>
    <authorURI>smi:smi-registry/organization/EMSC</authorURI>
    <creationTime>2014-12-11T06:16:40.651699Z</creationTime>
  </creationInfo>
  <description>
    <text>CENTRAL TURKEY</text>
    <type>Flinn-Engdahl region</type>
  </description>
  <origin publicID="quakeml:eu.emsc/event/20041129_0000057/origin/1292325">
    <time>
      <value>2004-11-29T19:47:06.2Z</value>
    </time>
    <latitude>
      <value>39.598</value>
      <uncertainty>9999.9</uncertainty>
    </latitude>
    <longitude>
      <value>33.875</value>
      <uncertainty>9999.9</uncertainty>
    </longitude>
    <depth>
      <value>6000</value>
    </depth>
    <depthType>from location</depthType>
    <methodID>smi:eu.emsc-csem/origin_method/NA</methodID>
    <quality>
      <usedPhaseCount>9</usedPhaseCount>
      <usedStationCount>7</usedStationCount>
      <standardError>0.76</standardError>
      <azimuthalGap>98</azimuthalGap>
      <minimumDistance>0.26</minimumDistance>
      <maximumDistance>1.71</maximumDistance>
    </quality>
    <evaluationMode>manual</evaluationMode>
    <creationInfo>
      <agencyURI>smi:smi-registry/organization/EMSC</agencyURI>
      <authorURI>smi:smi-registry/organization/EMSC</authorURI>
    </creationInfo>
    <originUncertainty>
      <azimuthMaxHorizontalUncertainty>-99</azimuthMaxHorizontalUncertainty>
    </originUncertainty>
  </origin>
  <magnitude publicID="quakeml:eu.emsc/event/20041129_0000057/origin/1292325/mag/2">
    <mag>
      <value>2.9</value>
    </mag>
    <type>MD</type>
    <originID>quakeml:eu.emsc/event/20041129_0000057/origin/1292325</originID>
    <creationInfo>
      <agencyURI>smi:smi-registry/organization/EMSC</agencyURI>
      <authorURI>smi:smi-registry/organization/EMSC</authorURI>
    </creationInfo>
  </magnitude>
</event>
<event publicID="quakeml:eu.emsc/event/20041129_0000042">
  <preferredOriginID>quakeml:eu.emsc/event/20041129_0000042/origin/1292327</preferredOriginID>
  <preferredMagnitudeID>quakeml:eu.emsc/event/20041129_0000042/origin/1292327/mag/2</preferredMagnitudeID>
  <creationInfo>
    <agencyURI>smi:smi-registry/organization/EMSC</agencyURI>
    <authorURI>smi:smi-registry/organization/EMSC</authorURI>
    <creationTime>2014-12-10T18:21:06.770191Z</creationTime>
  </creationInfo>
  <description>
    <text>NORTHERN ITALY</text>
    <type>Flinn-Engdahl region</type>
  </description>
  <origin publicID="quakeml:eu.emsc/event/20041129_0000042/origin/1292327">
    <time>
      <value>2004-11-29T18:49:04.9Z</value>
    </time>
    <latitude>
      <value>44.1882</value>
      <uncertainty>9999.9</uncertainty>
    </latitude>
    <longitude>
      <value>7.1787</value>
      <uncertainty>9999.9</uncertainty>
    </longitude>
    <depth>
      <value>7500.0</value>
    </depth>
    <depthType>from location</depthType>
    <methodID>smi:eu.emsc-csem/origin_method/NA</methodID>
    <quality>
      <usedPhaseCount>12</usedPhaseCount>
      <usedStationCount>6</usedStationCount>
      <standardError>0.57</standardError>
      <azimuthalGap>245</azimuthalGap>
      <minimumDistance>0.12</minimumDistance>
      <maximumDistance>0.51</maximumDistance>
    </quality>
    <evaluationMode>manual</evaluationMode>
    <creationInfo>
      <agencyURI>smi:smi-registry/organization/EMSC</agencyURI>
      <authorURI>smi:smi-registry/organization/EMSC</authorURI>
    </creationInfo>
    <originUncertainty>
      <azimuthMaxHorizontalUncertainty>-99</azimuthMaxHorizontalUncertainty>
    </originUncertainty>
  </origin>
  <magnitude publicID="quakeml:eu.emsc/event/20041129_0000042/origin/1292327/mag/2">
    <mag>
      <value>1.9</value>
    </mag>
    <type>ML</type>
    <originID>quakeml:eu.emsc/event/20041129_0000042/origin/1292327</originID>
    <creationInfo>
      <agencyURI>smi:smi-registry/organization/EMSC</agencyURI>
      <authorURI>smi:smi-registry/organization/EMSC</authorURI>
    </creationInfo>
  </magnitude>
</event>
<event publicID="quakeml:eu.emsc/event/20041129_0000032">
  <preferredOriginID>quakeml:eu.emsc/event/20041129_0000032/origin/1292329</preferredOriginID>
  <preferredMagnitudeID>quakeml:eu.emsc/event/20041129_0000032/origin/1292329/mag/2</preferredMagnitudeID>
  <creationInfo>
    <agencyURI>smi:smi-registry/organization/EMSC</agencyURI>
    <authorURI>smi:smi-registry/organization/EMSC</authorURI>
    <creationTime>2014-12-11T06:16:36.564766Z</creationTime>
  </creationInfo>
  <description>
    <text>EGYPT</text>
    <type>Flinn-Engdahl region</type>
  </description>
  <origin publicID="quakeml:eu.emsc/event/20041129_0000032/origin/1292329">
    <time>
      <value>2004-11-29T17:45:31.4Z</value>
    </time>
    <latitude>
      <value>29.64</value>
      <uncertainty>9999.9</uncertainty>
    </latitude>
    <longitude>
      <value>31.95</value>
      <uncertainty>9999.9</uncertainty>
    </longitude>
    <depth>
      <value>9300.0</value>
    </depth>
    <depthType>from location</depthType>
    <methodID>smi:eu.emsc-csem/origin_method/NA</methodID>
    <quality>
      <usedPhaseCount>30</usedPhaseCount>
      <usedStationCount>26</usedStationCount>
      <standardError>3.49</standardError>
      <azimuthalGap>53</azimuthalGap>
      <minimumDistance>0.22</minimumDistance>
      <maximumDistance>3.52</maximumDistance>
    </quality>
    <evaluationMode>manual</evaluationMode>
    <creationInfo>
      <agencyURI>smi:smi-registry/organization/EMSC</agencyURI>
      <authorURI>smi:smi-registry/organization/EMSC</authorURI>
    </creationInfo>
    <originUncertainty>
      <azimuthMaxHorizontalUncertainty>-99</azimuthMaxHorizontalUncertainty>
    </originUncertainty>
  </origin>
  <magnitude publicID="quakeml:eu.emsc/event/20041129_0000032/origin/1292329/mag/2">
    <mag>
      <value>3.2</value>
    </mag>
    <type>ML</type>
    <originID>quakeml:eu.emsc/event/20041129_0000032/origin/1292329</originID>
    <creationInfo>
      <agencyURI>smi:smi-registry/organization/EMSC</agencyURI>
      <authorURI>smi:smi-registry/organization/EMSC</authorURI>
    </creationInfo>
  </magnitude>
</event>
<event publicID="quakeml:eu.emsc/event/20041129_0000026">
  <preferredOriginID>quakeml:eu.emsc/event/20041129_0000026/origin/BK277</preferredOriginID>
  <preferredMagnitudeID>quakeml:eu.emsc/event/20041129_0000026/origin/BK277/mag/1</preferredMagnitudeID>
  <creationInfo>
    <agencyURI>smi:smi-registry/organization/EMSC</agencyURI>
    <authorURI>smi:smi-registry/organization/EMSC</authorURI>
    <creationTime>2014-12-01T14:51:43.99278Z</creationTime>
  </creationInfo>
  <description>
    <text>HOKKAIDO, JAPAN REGION</text>
    <type>Flinn-Engdahl region</type>
  </description>
  <origin publicID="quakeml:eu.emsc/event/20041129_0000026/origin/BK277">
    <time>
      <value>2004-11-29T16:36:34.4Z</value>
      <uncertainty>0.13</uncertainty>
    </time>
    <latitude>
      <value>43.06</value>
    </latitude>
    <longitude>
      <value>145.01</value>
    </longitude>
    <depth>
      <value>80000.0</value>
    </depth>
    <depthType>from location</depthType>
    <methodID>smi:eu.emsc-csem/origin_method/NA</methodID>
    <quality>
      <usedPhaseCount>26</usedPhaseCount>
      <usedStationCount>22</usedStationCount>
      <standardError>1.18</standardError>
      <azimuthalGap>257</azimuthalGap>
      <minimumDistance>4.21</minimumDistance>
      <maximumDistance>84.85</maximumDistance>
    </quality>
    <evaluationMode>automatic</evaluationMode>
    <creationInfo>
      <agencyURI>smi:smi-registry/organization/EMSC</agencyURI>
      <authorURI>smi:smi-registry/organization/EMSC</authorURI>
    </creationInfo>
  </origin>
  <magnitude publicID="quakeml:eu.emsc/event/20041129_0000026/origin/BK277/mag/1">
    <mag>
      <value>4.7</value>
      <uncertainty>0.5</uncertainty>
    </mag>
    <type>mb</type>
    <originID>quakeml:eu.emsc/event/20041129_0000026/origin/BK277</originID>
    <stationCount>15</stationCount>
    <creationInfo>
      <agencyURI>smi:smi-registry/organization/EMSC</agencyURI>
      <authorURI>smi:smi-registry/organization/EMSC</authorURI>
    </creationInfo>
  </magnitude>
</event>
<event publicID="quakeml:eu.emsc/event/20041129_0000034">
  <preferredOriginID>quakeml:eu.emsc/event/20041129_0000034/origin/1296796</preferredOriginID>
  <preferredMagnitudeID>quakeml:eu.emsc/event/20041129_0000034/origin/1296796/mag/2</preferredMagnitudeID>
  <creationInfo>
    <agencyURI>smi:smi-registry/organization/EMSC</agencyURI>
    <authorURI>smi:smi-registry/organization/EMSC</authorURI>
    <creationTime>2014-12-03T11:17:34.866645Z</creationTime>
  </creationInfo>
  <description>
    <text>SOUTHERN GREECE</text>
    <type>Flinn-Engdahl region</type>
  </description>
  <origin publicID="quakeml:eu.emsc/event/20041129_0000034/origin/1296796">
    <time>
      <value>2004-11-29T16:04:20.5Z</value>
      <uncertainty>0.87</uncertainty>
    </time>
    <latitude>
      <value>36.9286</value>
      <uncertainty>24.2</uncertainty>
    </latitude>
    <longitude>
      <value>21.557</value>
      <uncertainty>12.9</uncertainty>
    </longitude>
    <depth>
      <value>51100.0</value>
      <uncertainty>6.7</uncertainty>
    </depth>
    <depthType>from location</depthType>
    <methodID>smi:eu.emsc-csem/origin_method/NA</methodID>
    <quality>
      <usedPhaseCount>16</usedPhaseCount>
      <usedStationCount>16</usedStationCount>
      <standardError>1.18</standardError>
      <azimuthalGap>208</azimuthalGap>
      <minimumDistance>0.39</minimumDistance>
      <maximumDistance>78.23</maximumDistance>
    </quality>
    <evaluationMode>manual</evaluationMode>
    <creationInfo>
      <agencyURI>smi:smi-registry/organization/EMSC</agencyURI>
      <authorURI>smi:smi-registry/organization/EMSC</authorURI>
    </creationInfo>
    <originUncertainty>
      <azimuthMaxHorizontalUncertainty>37</azimuthMaxHorizontalUncertainty>
    </originUncertainty>
  </origin>
  <magnitude publicID="quakeml:eu.emsc/event/20041129_0000034/origin/1296796/mag/2">
    <mag>
      <value>3.7</value>
    </mag>
    <type>ML</type>
    <originID>quakeml:eu.emsc/event/20041129_0000034/origin/1296796</originID>
    <creationInfo>
      <agencyURI>smi:smi-registry/organization/EMSC</agencyURI>
      <authorURI>smi:smi-registry/organization/EMSC</authorURI>
    </creationInfo>
  </magnitude>
</event>
<event publicID="quakeml:eu.emsc/event/20041129_0000046">
  <preferredOriginID>quakeml:eu.emsc/event/20041129_0000046/origin/1296405</preferredOriginID>
  <preferredMagnitudeID>quakeml:eu.emsc/event/20041129_0000046/origin/1296405/mag/2</preferredMagnitudeID>
  <creationInfo>
    <agencyURI>smi:smi-registry/organization/EMSC</agencyURI>
    <authorURI>smi:smi-registry/organization/EMSC</authorURI>
    <creationTime>2014-12-03T11:33:38.520803Z</creationTime>
  </creationInfo>
  <description>
    <text>PYRENEES</text>
    <type>Flinn-Engdahl region</type>
  </description>
  <origin publicID="quakeml:eu.emsc/event/20041129_0000046/origin/1296405">
    <time>
      <value>2004-11-29T15:54:11.9Z</value>
      <uncertainty>0.05</uncertainty>
    </time>
    <latitude>
      <value>43.1352</value>
      <uncertainty>2</uncertainty>
    </latitude>
    <longitude>
      <value>-1.0634</value>
      <uncertainty>1</uncertainty>
    </longitude>
    <depth>
      <value>15000</value>
    </depth>
    <depthType>from location</depthType>
    <methodID>smi:eu.emsc-csem/origin_method/NA</methodID>
    <quality>
      <usedPhaseCount>12</usedPhaseCount>
      <usedStationCount>6</usedStationCount>
      <standardError>0.17</standardError>
      <azimuthalGap>109</azimuthalGap>
      <minimumDistance>0.11</minimumDistance>
      <maximumDistance>1.03</maximumDistance>
    </quality>
    <evaluationMode>manual</evaluationMode>
    <creationInfo>
      <agencyURI>smi:smi-registry/organization/EMSC</agencyURI>
      <authorURI>smi:smi-registry/organization/EMSC</authorURI>
    </creationInfo>
    <originUncertainty>
      <azimuthMaxHorizontalUncertainty>20</azimuthMaxHorizontalUncertainty>
    </originUncertainty>
  </origin>
  <magnitude publicID="quakeml:eu.emsc/event/20041129_0000046/origin/1296405/mag/2">
    <mag>
      <value>1.6</value>
    </mag>
    <type>ML</type>
    <originID>quakeml:eu.emsc/event/20041129_0000046/origin/1296405</originID>
    <stationCount>1</stationCount>
    <creationInfo>
      <agencyURI>smi:smi-registry/organization/EMSC</agencyURI>
      <authorURI>smi:smi-registry/organization/EMSC</authorURI>
    </creationInfo>
  </magnitude>
</event>
<event publicID="quakeml:eu.emsc/event/20041129_0000025">
  <preferredOriginID>quakeml:eu.emsc/event/20041129_0000025/origin/1292331</preferredOriginID>
  <preferredMagnitudeID>quakeml:eu.emsc/event/20041129_0000025/origin/1292331/mag/2</preferredMagnitudeID>
  <creationInfo>
    <agencyURI>smi:smi-registry/organization/EMSC</agencyURI>
    <authorURI>smi:smi-registry/organization/EMSC</authorURI>
    <creationTime>2014-12-11T06:16:32.917406Z</creationTime>
  </creationInfo>
  <description>
    <text>WESTERN TURKEY</text>
    <type>Flinn-Engdahl region</type>
  </description>
  <origin publicID="quakeml:eu.emsc/event/20041129_0000025/origin/1292331">
    <time>
      <value>2004-11-29T14:06:53.4Z</value>
    </time>
    <latitude>
      <value>39.002</value>
      <uncertainty>9999.9</uncertainty>
    </latitude>
    <longitude>
      <value>28.079</value>
      <uncertainty>9999.9</uncertainty>
    </longitude>
    <depth>
      <value>10000</value>
    </depth>
    <depthType>from location</depthType>
    <methodID>smi:eu.emsc-csem/origin_method/NA</methodID>
    <quality>
      <usedPhaseCount>13</usedPhaseCount>
      <usedStationCount>11</usedStationCount>
      <standardError>0.83</standardError>
      <azimuthalGap>139</azimuthalGap>
      <minimumDistance>0.24</minimumDistance>
      <maximumDistance>2.21</maximumDistance>
    </quality>
    <evaluationMode>manual</evaluationMode>
    <creationInfo>
      <agencyURI>smi:smi-registry/organization/EMSC</agencyURI>
      <authorURI>smi:smi-registry/organization/EMSC</authorURI>
    </creationInfo>
    <originUncertainty>
      <azimuthMaxHorizontalUncertainty>-99</azimuthMaxHorizontalUncertainty>
    </originUncertainty>
  </origin>
  <magnitude publicID="quakeml:eu.emsc/event/20041129_0000025/origin/1292331/mag/2">
    <mag>
      <value>2.8</value>
    </mag>
    <type>MD</type>
    <originID>quakeml:eu.emsc/event/20041129_0000025/origin/1292331</originID>
    <creationInfo>
      <agencyURI>smi:smi-registry/organization/EMSC</agencyURI>
      <authorURI>smi:smi-registry/organization/EMSC</authorURI>
    </creationInfo>
  </magnitude>
</event>
<event publicID="quakeml:eu.emsc/event/20041129_0000024">
  <preferredOriginID>quakeml:eu.emsc/event/20041129_0000024/origin/1292333</preferredOriginID>
  <preferredMagnitudeID>quakeml:eu.emsc/event/20041129_0000024/origin/1292333/mag/2</preferredMagnitudeID>
  <creationInfo>
    <agencyURI>smi:smi-registry/organization/EMSC</agencyURI>
    <authorURI>smi:smi-registry/organization/EMSC</authorURI>
    <creationTime>2014-12-11T06:16:29.1863Z</creationTime>
  </creationInfo>
  <description>
    <text>CENTRAL TURKEY</text>
    <type>Flinn-Engdahl region</type>
  </description>
  <origin publicID="quakeml:eu.emsc/event/20041129_0000024/origin/1292333">
    <time>
      <value>2004-11-29T13:33:22.0Z</value>
    </time>
    <latitude>
      <value>38.164</value>
      <uncertainty>9999.9</uncertainty>
    </latitude>
    <longitude>
      <value>37.744</value>
      <uncertainty>9999.9</uncertainty>
    </longitude>
    <depth>
      <value>10000</value>
    </depth>
    <depthType>from location</depthType>
    <methodID>smi:eu.emsc-csem/origin_method/NA</methodID>
    <quality>
      <usedPhaseCount>6</usedPhaseCount>
      <usedStationCount>4</usedStationCount>
      <standardError>0.82</standardError>
      <azimuthalGap>216</azimuthalGap>
      <minimumDistance>0.56</minimumDistance>
      <maximumDistance>1.48</maximumDistance>
    </quality>
    <evaluationMode>manual</evaluationMode>
    <creationInfo>
      <agencyURI>smi:smi-registry/organization/EMSC</agencyURI>
      <authorURI>smi:smi-registry/organization/EMSC</authorURI>
    </creationInfo>
    <originUncertainty>
      <azimuthMaxHorizontalUncertainty>-99</azimuthMaxHorizontalUncertainty>
    </originUncertainty>
  </origin>
  <magnitude publicID="quakeml:eu.emsc/event/20041129_0000024/origin/1292333/mag/2">
    <mag>
      <value>2.9</value>
    </mag>
    <type>MD</type>
    <originID>quakeml:eu.emsc/event/20041129_0000024/origin/1292333</originID>
    <creationInfo>
      <agencyURI>smi:smi-registry/organization/EMSC</agencyURI>
      <authorURI>smi:smi-registry/organization/EMSC</authorURI>
    </creationInfo>
  </magnitude>
</event>
<event publicID="quakeml:eu.emsc/event/20041129_0000038">
  <preferredOriginID>quakeml:eu.emsc/event/20041129_0000038/origin/1292335</preferredOriginID>
  <preferredMagnitudeID>quakeml:eu.emsc/event/20041129_0000038/origin/1292335/mag/2</preferredMagnitudeID>
  <creationInfo>
    <agencyURI>smi:smi-registry/organization/EMSC</agencyURI>
    <authorURI>smi:smi-registry/organization/EMSC</authorURI>
    <creationTime>2014-12-11T06:16:23.652199Z</creationTime>
  </creationInfo>
  <description>
    <text>AZORES ISLANDS, PORTUGAL</text>
    <type>Flinn-Engdahl region</type>
  </description>
  <origin publicID="quakeml:eu.emsc/event/20041129_0000038/origin/1292335">
    <time>
      <value>2004-11-29T13:08:12.0Z</value>
    </time>
    <latitude>
      <value>38.662</value>
      <uncertainty>9999.9</uncertainty>
    </latitude>
    <longitude>
      <value>-28.506</value>
      <uncertainty>9999.9</uncertainty>
    </longitude>
    <depth>
      <value>16400.0</value>
    </depth>
    <depthType>from location</depthType>
    <methodID>smi:eu.emsc-csem/origin_method/NA</methodID>
    <quality>
      <usedPhaseCount>9</usedPhaseCount>
      <usedStationCount>6</usedStationCount>
      <standardError>1.89</standardError>
      <azimuthalGap>176</azimuthalGap>
      <minimumDistance>0.16</minimumDistance>
      <maximumDistance>0.27</maximumDistance>
    </quality>
    <evaluationMode>manual</evaluationMode>
    <creationInfo>
      <agencyURI>smi:smi-registry/organization/EMSC</agencyURI>
      <authorURI>smi:smi-registry/organization/EMSC</authorURI>
    </creationInfo>
    <originUncertainty>
      <azimuthMaxHorizontalUncertainty>-99</azimuthMaxHorizontalUncertainty>
    </originUncertainty>
  </origin>
  <magnitude publicID="quakeml:eu.emsc/event/20041129_0000038/origin/1292335/mag/2">
    <mag>
      <value>2</value>
    </mag>
    <type>ML</type>
    <originID>quakeml:eu.emsc/event/20041129_0000038/origin/1292335</originID>
    <creationInfo>
      <agencyURI>smi:smi-registry/organization/EMSC</agencyURI>
      <authorURI>smi:smi-registry/organization/EMSC</authorURI>
    </creationInfo>
  </magnitude>
</event>
<event publicID="quakeml:eu.emsc/event/20041129_0000059">
  <preferredOriginID>quakeml:eu.emsc/event/20041129_0000059/origin/1292337</preferredOriginID>
  <preferredMagnitudeID>quakeml:eu.emsc/event/20041129_0000059/origin/1292337/mag/2</preferredMagnitudeID>
  <creationInfo>
    <agencyURI>smi:smi-registry/organization/EMSC</agencyURI>
    <authorURI>smi:smi-registry/organization/EMSC</authorURI>
    <creationTime>2014-12-11T06:16:19.756357Z</creationTime>
  </creationInfo>
  <description>
    <text>UKRAINE-ROMANIA-MOLDOVA BDR REG</text>
    <type>Flinn-Engdahl region</type>
  </description>
  <origin publicID="quakeml:eu.emsc/event/20041129_0000059/origin/1292337">
    <time>
      <value>2004-11-29T11:42:24.3Z</value>
    </time>
    <latitude>
      <value>45.133</value>
      <uncertainty>9999.9</uncertainty>
    </latitude>
    <longitude>
      <value>28.841</value>
      <uncertainty>9999.9</uncertainty>
    </longitude>
    <depth>
      <value>0</value>
    </depth>
    <depthType>from location</depthType>
    <methodID>smi:eu.emsc-csem/origin_method/NA</methodID>
    <quality>
      <usedPhaseCount>11</usedPhaseCount>
      <usedStationCount>7</usedStationCount>
      <standardError>2.93</standardError>
      <azimuthalGap>255</azimuthalGap>
      <minimumDistance>0.06</minimumDistance>
      <maximumDistance>2.07</maximumDistance>
    </quality>
    <evaluationMode>manual</evaluationMode>
    <creationInfo>
      <agencyURI>smi:smi-registry/organization/EMSC</agencyURI>
      <authorURI>smi:smi-registry/organization/EMSC</authorURI>
    </creationInfo>
    <originUncertainty>
      <azimuthMaxHorizontalUncertainty>-99</azimuthMaxHorizontalUncertainty>
    </originUncertainty>
  </origin>
  <magnitude publicID="quakeml:eu.emsc/event/20041129_0000059/origin/1292337/mag/2">
    <mag>
      <value>3.2</value>
    </mag>
    <type>MD</type>
    <originID>quakeml:eu.emsc/event/20041129_0000059/origin/1292337</originID>
    <stationCount>3</stationCount>
    <creationInfo>
      <agencyURI>smi:smi-registry/organization/EMSC</agencyURI>
      <authorURI>smi:smi-registry/organization/EMSC</authorURI>
    </creationInfo>
  </magnitude>
</event>
<event publicID="quakeml:eu.emsc/event/20041129_0000035">
  <preferredOriginID>quakeml:eu.emsc/event/20041129_0000035/origin/1292339</preferredOriginID>
  <preferredMagnitudeID>quakeml:eu.emsc/event/20041129_0000035/origin/1292339/mag/2</preferredMagnitudeID>
  <creationInfo>
    <agencyURI>smi:smi-registry/organization/EMSC</agencyURI>
    <authorURI>smi:smi-registry/organization/EMSC</authorURI>
    <creationTime>2014-12-11T06:16:17.822699Z</creationTime>
  </creationInfo>
  <description>
    <text>SOUTHERN GREECE</text>
    <type>Flinn-Engdahl region</type>
  </description>
  <origin publicID="quakeml:eu.emsc/event/20041129_0000035/origin/1292339">
    <time>
      <value>2004-11-29T10:13:47.6Z</value>
    </time>
    <latitude>
      <value>36.66</value>
      <uncertainty>9999.9</uncertainty>
    </latitude>
    <longitude>
      <value>21.22</value>
      <uncertainty>9999.9</uncertainty>
    </longitude>
    <depth>
      <value>18000</value>
    </depth>
    <depthType>from location</depthType>
    <methodID>smi:eu.emsc-csem/origin_method/NA</methodID>
    <quality>
      <usedPhaseCount>9</usedPhaseCount>
      <usedStationCount>8</usedStationCount>
      <standardError>2.06</standardError>
      <azimuthalGap>237</azimuthalGap>
      <minimumDistance>0.77</minimumDistance>
      <maximumDistance>2.52</maximumDistance>
    </quality>
    <evaluationMode>manual</evaluationMode>
    <creationInfo>
      <agencyURI>smi:smi-registry/organization/EMSC</agencyURI>
      <authorURI>smi:smi-registry/organization/EMSC</authorURI>
    </creationInfo>
    <originUncertainty>
      <azimuthMaxHorizontalUncertainty>-99</azimuthMaxHorizontalUncertainty>
    </originUncertainty>
  </origin>
  <magnitude publicID="quakeml:eu.emsc/event/20041129_0000035/origin/1292339/mag/2">
    <mag>
      <value>3.7</value>
    </mag>
    <type>MD</type>
    <originID>quakeml:eu.emsc/event/20041129_0000035/origin/1292339</originID>
    <creationInfo>
      <agencyURI>smi:smi-registry/organization/EMSC</agencyURI>
      <authorURI>smi:smi-registry/organization/EMSC</authorURI>
    </creationInfo>
  </magnitude>
</event>
<event publicID="quakeml:eu.emsc/event/20041129_0000053">
  <preferredOriginID>quakeml:eu.emsc/event/20041129_0000053/origin/1292341</preferredOriginID>
  <preferredMagnitudeID>quakeml:eu.emsc/event/20041129_0000053/origin/1292341/mag/2</preferredMagnitudeID>
  <creationInfo>
    <agencyURI>smi:smi-registry/organization/EMSC</agencyURI>
    <authorURI>smi:smi-registry/organization/EMSC</authorURI>
    <creationTime>2014-12-11T06:16:15.974821Z</creationTime>
  </creationInfo>
  <description>
    <text>WESTERN TURKEY</text>
    <type>Flinn-Engdahl region</type>
  </description>
  <origin publicID="quakeml:eu.emsc/event/20041129_0000053/origin/1292341">
    <time>
      <value>2004-11-29T09:52:09.4Z</value>
    </time>
    <latitude>
      <value>39.681</value>
      <uncertainty>9999.9</uncertainty>
    </latitude>
    <longitude>
      <value>29.465</value>
      <uncertainty>9999.9</uncertainty>
    </longitude>
    <depth>
      <value>8000</value>
    </depth>
    <depthType>from location</depthType>
    <methodID>smi:eu.emsc-csem/origin_method/NA</methodID>
    <quality>
      <usedPhaseCount>10</usedPhaseCount>
      <usedStationCount>9</usedStationCount>
      <standardError>0.89</standardError>
      <azimuthalGap>97</azimuthalGap>
      <minimumDistance>0.57</minimumDistance>
      <maximumDistance>2.04</maximumDistance>
    </quality>
    <evaluationMode>manual</evaluationMode>
    <creationInfo>
      <agencyURI>smi:smi-registry/organization/EMSC</agencyURI>
      <authorURI>smi:smi-registry/organization/EMSC</authorURI>
    </creationInfo>
    <originUncertainty>
      <azimuthMaxHorizontalUncertainty>-99</azimuthMaxHorizontalUncertainty>
    </originUncertainty>
  </origin>
  <magnitude publicID="quakeml:eu.emsc/event/20041129_0000053/origin/1292341/mag/2">
    <mag>
      <value>2.8</value>
    </mag>
    <type>MD</type>
    <originID>quakeml:eu.emsc/event/20041129_0000053/origin/1292341</originID>
    <creationInfo>
      <agencyURI>smi:smi-registry/organization/EMSC</agencyURI>
      <authorURI>smi:smi-registry/organization/EMSC</authorURI>
    </creationInfo>
  </magnitude>
</event>
<event publicID="quakeml:eu.emsc/event/20041129_0000037">
  <preferredOriginID>quakeml:eu.emsc/event/20041129_0000037/origin/1292343</preferredOriginID>
  <preferredMagnitudeID>quakeml:eu.emsc/event/20041129_0000037/origin/1292343/mag/2</preferredMagnitudeID>
  <creationInfo>
    <agencyURI>smi:smi-registry/organization/EMSC</agencyURI>
    <authorURI>smi:smi-registry/organization/EMSC</authorURI>
    <creationTime>2014-12-11T06:16:12.90416Z</creationTime>
  </creationInfo>
  <description>
    <text>WESTERN TURKEY</text>
    <type>Flinn-Engdahl region</type>
  </description>
  <origin publicID="quakeml:eu.emsc/event/20041129_0000037/origin/1292343">
    <time>
      <value>2004-11-29T09:47:05.3Z</value>
    </time>
    <latitude>
      <value>39.382</value>
      <uncertainty>9999.9</uncertainty>
    </latitude>
    <longitude>
      <value>28.949</value>
      <uncertainty>9999.9</uncertainty>
    </longitude>
    <depth>
      <value>31000</value>
    </depth>
    <depthType>from location</depthType>
    <methodID>smi:eu.emsc-csem/origin_method/NA</methodID>
    <quality>
      <usedPhaseCount>7</usedPhaseCount>
      <usedStationCount>4</usedStationCount>
      <standardError>0.59</standardError>
      <azimuthalGap>131</azimuthalGap>
      <minimumDistance>0.66</minimumDistance>
      <maximumDistance>1.48</maximumDistance>
    </quality>
    <evaluationMode>manual</evaluationMode>
    <creationInfo>
      <agencyURI>smi:smi-registry/organization/EMSC</agencyURI>
      <authorURI>smi:smi-registry/organization/EMSC</authorURI>
    </creationInfo>
    <originUncertainty>
      <azimuthMaxHorizontalUncertainty>-99</azimuthMaxHorizontalUncertainty>
    </originUncertainty>
  </origin>
  <magnitude publicID="quakeml:eu.emsc/event/20041129_0000037/origin/1292343/mag/2">
    <mag>
      <value>2.6</value>
    </mag>
    <type>MD</type>
    <originID>quakeml:eu.emsc/event/20041129_0000037/origin/1292343</originID>
    <creationInfo>
      <agencyURI>smi:smi-registry/organization/EMSC</agencyURI>
      <authorURI>smi:smi-registry/organization/EMSC</authorURI>
    </creationInfo>
  </magnitude>
</event>
<event publicID="quakeml:eu.emsc/event/20041129_0000043">
  <preferredOriginID>quakeml:eu.emsc/event/20041129_0000043/origin/1292345</preferredOriginID>
  <preferredMagnitudeID>quakeml:eu.emsc/event/20041129_0000043/origin/1292345/mag/2</preferredMagnitudeID>
  <creationInfo>
    <agencyURI>smi:smi-registry/organization/EMSC</agencyURI>
    <authorURI>smi:smi-registry/organization/EMSC</authorURI>
    <creationTime>2014-12-11T06:16:09.41105Z</creationTime>
  </creationInfo>
  <description>
    <text>WESTERN TURKEY</text>
    <type>Flinn-Engdahl region</type>
  </description>
  <origin publicID="quakeml:eu.emsc/event/20041129_0000043/origin/1292345">
    <time>
      <value>2004-11-29T09:11:53.4Z</value>
    </time>
    <latitude>
      <value>39.304</value>
      <uncertainty>9999.9</uncertainty>
    </latitude>
    <longitude>
      <value>29.15</value>
      <uncertainty>9999.9</uncertainty>
    </longitude>
    <depth>
      <value>3000</value>
    </depth>
    <depthType>from location</depthType>
    <methodID>smi:eu.emsc-csem/origin_method/NA</methodID>
    <quality>
      <usedPhaseCount>7</usedPhaseCount>
      <usedStationCount>5</usedStationCount>
      <standardError>1.43</standardError>
      <azimuthalGap>210</azimuthalGap>
      <minimumDistance>0.77</minimumDistance>
      <maximumDistance>1.57</maximumDistance>
    </quality>
    <evaluationMode>manual</evaluationMode>
    <creationInfo>
      <agencyURI>smi:smi-registry/organization/EMSC</agencyURI>
      <authorURI>smi:smi-registry/organization/EMSC</authorURI>
    </creationInfo>
    <originUncertainty>
      <azimuthMaxHorizontalUncertainty>-99</azimuthMaxHorizontalUncertainty>
    </originUncertainty>
  </origin>
  <magnitude publicID="quakeml:eu.emsc/event/20041129_0000043/origin/1292345/mag/2">
    <mag>
      <value>2.7</value>
    </mag>
    <type>MD</type>
    <originID>quakeml:eu.emsc/event/20041129_0000043/origin/1292345</originID>
    <creationInfo>
      <agencyURI>smi:smi-registry/organization/EMSC</agencyURI>
      <authorURI>smi:smi-registry/organization/EMSC</authorURI>
    </creationInfo>
  </magnitude>
</event>
<event publicID="quakeml:eu.emsc/event/20041129_0000051">
  <preferredOriginID>quakeml:eu.emsc/event/20041129_0000051/origin/1292347</preferredOriginID>
  <preferredMagnitudeID>quakeml:eu.emsc/event/20041129_0000051/origin/1292347/mag/2</preferredMagnitudeID>
  <creationInfo>
    <agencyURI>smi:smi-registry/organization/EMSC</agencyURI>
    <authorURI>smi:smi-registry/organization/EMSC</authorURI>
    <creationTime>2014-12-11T06:16:04.644328Z</creationTime>
  </creationInfo>
  <description>
    <text>WESTERN TURKEY</text>
    <type>Flinn-Engdahl region</type>
  </description>
  <origin publicID="quakeml:eu.emsc/event/20041129_0000051/origin/1292347">
    <time>
      <value>2004-11-29T08:15:58.8Z</value>
    </time>
    <latitude>
      <value>37.674</value>
      <uncertainty>9999.9</uncertainty>
    </latitude>
    <longitude>
      <value>31.91</value>
      <uncertainty>9999.9</uncertainty>
    </longitude>
    <depth>
      <value>9000</value>
    </depth>
    <depthType>from location</depthType>
    <methodID>smi:eu.emsc-csem/origin_method/NA</methodID>
    <quality>
      <usedPhaseCount>9</usedPhaseCount>
      <usedStationCount>6</usedStationCount>
      <standardError>0.78</standardError>
      <azimuthalGap>94</azimuthalGap>
      <minimumDistance>0.45</minimumDistance>
      <maximumDistance>2.02</maximumDistance>
    </quality>
    <evaluationMode>manual</evaluationMode>
    <creationInfo>
      <agencyURI>smi:smi-registry/organization/EMSC</agencyURI>
      <authorURI>smi:smi-registry/organization/EMSC</authorURI>
    </creationInfo>
    <originUncertainty>
      <azimuthMaxHorizontalUncertainty>-99</azimuthMaxHorizontalUncertainty>
    </originUncertainty>
  </origin>
  <magnitude publicID="quakeml:eu.emsc/event/20041129_0000051/origin/1292347/mag/2">
    <mag>
      <value>2.8</value>
    </mag>
    <type>MD</type>
    <originID>quakeml:eu.emsc/event/20041129_0000051/origin/1292347</originID>
    <creationInfo>
      <agencyURI>smi:smi-registry/organization/EMSC</agencyURI>
      <authorURI>smi:smi-registry/organization/EMSC</authorURI>
    </creationInfo>
  </magnitude>
</event>
<event publicID="quakeml:eu.emsc/event/20041129_0000033">
  <preferredOriginID>quakeml:eu.emsc/event/20041129_0000033/origin/1292349</preferredOriginID>
  <preferredMagnitudeID>quakeml:eu.emsc/event/20041129_0000033/origin/1292349/mag/2</preferredMagnitudeID>
  <creationInfo>
    <agencyURI>smi:smi-registry/organization/EMSC</agencyURI>
    <authorURI>smi:smi-registry/organization/EMSC</authorURI>
    <creationTime>2014-12-11T06:16:00.128985Z</creationTime>
  </creationInfo>
  <description>
    <text>WESTERN TURKEY</text>
    <type>Flinn-Engdahl region</type>
  </description>
  <origin publicID="quakeml:eu.emsc/event/20041129_0000033/origin/1292349">
    <time>
      <value>2004-11-29T08:07:37.6Z</value>
    </time>
    <latitude>
      <value>39.713</value>
      <uncertainty>9999.9</uncertainty>
    </latitude>
    <longitude>
      <value>29.471</value>
      <uncertainty>9999.9</uncertainty>
    </longitude>
    <depth>
      <value>7000</value>
    </depth>
    <depthType>from location</depthType>
    <methodID>smi:eu.emsc-csem/origin_method/NA</methodID>
    <quality>
      <usedPhaseCount>9</usedPhaseCount>
      <usedStationCount>7</usedStationCount>
      <standardError>0.98</standardError>
      <azimuthalGap>113</azimuthalGap>
      <minimumDistance>0.82</minimumDistance>
      <maximumDistance>2.05</maximumDistance>
    </quality>
    <evaluationMode>manual</evaluationMode>
    <creationInfo>
      <agencyURI>smi:smi-registry/organization/EMSC</agencyURI>
      <authorURI>smi:smi-registry/organization/EMSC</authorURI>
    </creationInfo>
    <originUncertainty>
      <azimuthMaxHorizontalUncertainty>-99</azimuthMaxHorizontalUncertainty>
    </originUncertainty>
  </origin>
  <magnitude publicID="quakeml:eu.emsc/event/20041129_0000033/origin/1292349/mag/2">
    <mag>
      <value>2.8</value>
    </mag>
    <type>MD</type>
    <originID>quakeml:eu.emsc/event/20041129_0000033/origin/1292349</originID>
    <creationInfo>
      <agencyURI>smi:smi-registry/organization/EMSC</agencyURI>
      <authorURI>smi:smi-registry/organization/EMSC</authorURI>
    </creationInfo>
  </magnitude>
</event>
<event publicID="quakeml:eu.emsc/event/20041129_0000023">
  <preferredOriginID>quakeml:eu.emsc/event/20041129_0000023/origin/BK507</preferredOriginID>
  <preferredMagnitudeID>quakeml:eu.emsc/event/20041129_0000023/origin/BK507/mag/1</preferredMagnitudeID>
  <creationInfo>
    <agencyURI>smi:smi-registry/organization/EMSC</agencyURI>
    <authorURI>smi:smi-registry/organization/EMSC</authorURI>
    <creationTime>2014-12-01T15:17:44.330021Z</creationTime>
  </creationInfo>
  <description>
    <text>HOKKAIDO, JAPAN REGION</text>
    <type>Flinn-Engdahl region</type>
  </description>
  <origin publicID="quakeml:eu.emsc/event/20041129_0000023/origin/BK507">
    <time>
      <value>2004-11-29T08:00:30.6Z</value>
      <uncertainty>0.21</uncertainty>
    </time>
    <latitude>
      <value>43.69</value>
    </latitude>
    <longitude>
      <value>145.41</value>
    </longitude>
    <depth>
      <value>100000.0</value>
    </depth>
    <depthType>from location</depthType>
    <methodID>smi:eu.emsc-csem/origin_method/NA</methodID>
    <quality>
      <usedPhaseCount>109</usedPhaseCount>
      <usedStationCount>84</usedStationCount>
      <standardError>0.78</standardError>
      <azimuthalGap>244</azimuthalGap>
      <minimumDistance>3.76</minimumDistance>
      <maximumDistance>88.56</maximumDistance>
    </quality>
    <evaluationMode>automatic</evaluationMode>
    <creationInfo>
      <agencyURI>smi:smi-registry/organization/EMSC</agencyURI>
      <authorURI>smi:smi-registry/organization/EMSC</authorURI>
    </creationInfo>
  </origin>
  <magnitude publicID="quakeml:eu.emsc/event/20041129_0000023/origin/BK507/mag/1">
    <mag>
      <value>5.2</value>
      <uncertainty>0.4</uncertainty>
    </mag>
    <type>mb</type>
    <originID>quakeml:eu.emsc/event/20041129_0000023/origin/BK507</originID>
    <stationCount>65</stationCount>
    <creationInfo>
      <agencyURI>smi:smi-registry/organization/EMSC</agencyURI>
      <authorURI>smi:smi-registry/organization/EMSC</authorURI>
    </creationInfo>
  </magnitude>
</event>
<event publicID="quakeml:eu.emsc/event/20041129_0000058">
  <preferredOriginID>quakeml:eu.emsc/event/20041129_0000058/origin/1292351</preferredOriginID>
  <preferredMagnitudeID>quakeml:eu.emsc/event/20041129_0000058/origin/1292351/mag/2</preferredMagnitudeID>
  <creationInfo>
    <agencyURI>smi:smi-registry/organization/EMSC</agencyURI>
    <authorURI>smi:smi-registry/organization/EMSC</authorURI>
    <creationTime>2014-12-11T06:15:57.55987Z</creationTime>
  </creationInfo>
  <description>
    <text>WESTERN TURKEY</text>
    <type>Flinn-Engdahl region</type>
  </description>
  <origin publicID="quakeml:eu.emsc/event/20041129_0000058/origin/1292351">
    <time>
      <value>2004-11-29T07:30:52.3Z</value>
    </time>
    <latitude>
      <value>39.694</value>
      <uncertainty>9999.9</uncertainty>
    </latitude>
    <longitude>
      <value>29.476</value>
      <uncertainty>9999.9</uncertainty>
    </longitude>
    <depth>
      <value>7000</value>
    </depth>
    <depthType>from location</depthType>
    <methodID>smi:eu.emsc-csem/origin_method/NA</methodID>
    <quality>
      <usedPhaseCount>11</usedPhaseCount>
      <usedStationCount>9</usedStationCount>
      <standardError>0.99</standardError>
      <azimuthalGap>96</azimuthalGap>
      <minimumDistance>0.57</minimumDistance>
      <maximumDistance>2.03</maximumDistance>
    </quality>
    <evaluationMode>manual</evaluationMode>
    <creationInfo>
      <agencyURI>smi:smi-registry/organization/EMSC</agencyURI>
      <authorURI>smi:smi-registry/organization/EMSC</authorURI>
    </creationInfo>
    <originUncertainty>
      <azimuthMaxHorizontalUncertainty>-99</azimuthMaxHorizontalUncertainty>
    </originUncertainty>
  </origin>
  <magnitude publicID="quakeml:eu.emsc/event/20041129_0000058/origin/1292351/mag/2">
    <mag>
      <value>2.7</value>
    </mag>
    <type>MD</type>
    <originID>quakeml:eu.emsc/event/20041129_0000058/origin/1292351</originID>
    <creationInfo>
      <agencyURI>smi:smi-registry/organization/EMSC</agencyURI>
      <authorURI>smi:smi-registry/organization/EMSC</authorURI>
    </creationInfo>
  </magnitude>
</event>
<event publicID="quakeml:eu.emsc/event/20041129_0000022">
  <preferredOriginID>quakeml:eu.emsc/event/20041129_0000022/origin/BK527</preferredOriginID>
  <preferredMagnitudeID>quakeml:eu.emsc/event/20041129_0000022/origin/BK527/mag/1</preferredMagnitudeID>
  <creationInfo>
    <agencyURI>smi:smi-registry/organization/EMSC</agencyURI>
    <authorURI>smi:smi-registry/organization/EMSC</authorURI>
    <creationTime>2014-12-01T13:46:55.156019Z</creationTime>
  </creationInfo>
  <description>
    <text>BONIN ISLANDS, JAPAN REGION</text>
    <type>Flinn-Engdahl region</type>
  </description>
  <origin publicID="quakeml:eu.emsc/event/20041129_0000022/origin/BK527">
    <time>
      <value>2004-11-29T07:09:28.3Z</value>
      <uncertainty>0.28</uncertainty>
    </time>
    <latitude>
      <value>28.93</value>
    </latitude>
    <longitude>
      <value>140.21</value>
    </longitude>
    <depth>
      <value>33000.0</value>
    </depth>
    <depthType>from location</depthType>
    <methodID>smi:eu.emsc-csem/origin_method/NA</methodID>
    <quality>
      <usedPhaseCount>27</usedPhaseCount>
      <usedStationCount>20</usedStationCount>
      <standardError>1.03</standardError>
      <azimuthalGap>274</azimuthalGap>
      <minimumDistance>33.82</minimumDistance>
      <maximumDistance>91.93</maximumDistance>
    </quality>
    <evaluationMode>automatic</evaluationMode>
    <creationInfo>
      <agencyURI>smi:smi-registry/organization/EMSC</agencyURI>
      <authorURI>smi:smi-registry/organization/EMSC</authorURI>
    </creationInfo>
  </origin>
  <magnitude publicID="quakeml:eu.emsc/event/20041129_0000022/origin/BK527/mag/1">
    <mag>
      <value>5.2</value>
      <uncertainty>0.4</uncertainty>
    </mag>
    <type>mb</type>
    <originID>quakeml:eu.emsc/event/20041129_0000022/origin/BK527</originID>
    <stationCount>15</stationCount>
    <creationInfo>
      <agencyURI>smi:smi-registry/organization/EMSC</agencyURI>
      <authorURI>smi:smi-registry/organization/EMSC</authorURI>
    </creationInfo>
  </magnitude>
</event>
<event publicID="quakeml:eu.emsc/event/20041129_0000054">
  <preferredOriginID>quakeml:eu.emsc/event/20041129_0000054/origin/1292353</preferredOriginID>
  <preferredMagnitudeID>quakeml:eu.emsc/event/20041129_0000054/origin/1292353/mag/2</preferredMagnitudeID>
  <creationInfo>
    <agencyURI>smi:smi-registry/organization/EMSC</agencyURI>
    <authorURI>smi:smi-registry/organization/EMSC</authorURI>
    <creationTime>2014-12-10T18:21:06.263699Z</creationTime>
  </creationInfo>
  <description>
    <text>FRANCE</text>
    <type>Flinn-Engdahl region</type>
  </description>
  <origin publicID="quakeml:eu.emsc/event/20041129_0000054/origin/1292353">
    <time>
      <value>2004-11-29T06:55:40.9Z</value>
    </time>
    <latitude>
      <value>48.33</value>
      <uncertainty>9999.9</uncertainty>
    </latitude>
    <longitude>
      <value>6.66</value>
      <uncertainty>9999.9</uncertainty>
    </longitude>
    <depth>
      <value>10000</value>
    </depth>
    <depthType>from location</depthType>
    <methodID>smi:eu.emsc-csem/origin_method/NA</methodID>
    <quality>
      <usedPhaseCount>13</usedPhaseCount>
      <usedStationCount>10</usedStationCount>
      <standardError>0.59</standardError>
      <azimuthalGap>145</azimuthalGap>
      <minimumDistance>0.35</minimumDistance>
      <maximumDistance>1.37</maximumDistance>
    </quality>
    <evaluationMode>manual</evaluationMode>
    <creationInfo>
      <agencyURI>smi:smi-registry/organization/EMSC</agencyURI>
      <authorURI>smi:smi-registry/organization/EMSC</authorURI>
    </creationInfo>
    <originUncertainty>
      <azimuthMaxHorizontalUncertainty>-99</azimuthMaxHorizontalUncertainty>
    </originUncertainty>
  </origin>
  <magnitude publicID="quakeml:eu.emsc/event/20041129_0000054/origin/1292353/mag/2">
    <mag>
      <value>2.2</value>
    </mag>
    <type>ML</type>
    <originID>quakeml:eu.emsc/event/20041129_0000054/origin/1292353</originID>
    <creationInfo>
      <agencyURI>smi:smi-registry/organization/EMSC</agencyURI>
      <authorURI>smi:smi-registry/organization/EMSC</authorURI>
    </creationInfo>
  </magnitude>
</event>
<event publicID="quakeml:eu.emsc/event/20041129_0000021">
  <preferredOriginID>quakeml:eu.emsc/event/20041129_0000021/origin/BK628</preferredOriginID>
  <preferredMagnitudeID>quakeml:eu.emsc/event/20041129_0000021/origin/BK628/mag/1</preferredMagnitudeID>
  <creationInfo>
    <agencyURI>smi:smi-registry/organization/EMSC</agencyURI>
    <authorURI>smi:smi-registry/organization/ROM</authorURI>
    <creationTime>2014-12-01T14:25:33.426538Z</creationTime>
  </creationInfo>
  <description>
    <text>ADRIATIC SEA</text>
    <type>Flinn-Engdahl region</type>
  </description>
  <origin publicID="quakeml:eu.emsc/event/20041129_0000021/origin/BK628">
    <time>
      <value>2004-11-29T06:49:09.0Z</value>
    </time>
    <latitude>
      <value>43.08</value>
    </latitude>
    <longitude>
      <value>15.05</value>
    </longitude>
    <depth>
      <value>10000.0</value>
    </depth>
    <depthType>from location</depthType>
    <methodID>smi:eu.emsc-csem/origin_method/GEIGER</methodID>
    <quality>
      <usedPhaseCount>30</usedPhaseCount>
      <usedStationCount>27</usedStationCount>
      <azimuthalGap>145</azimuthalGap>
      <minimumDistance>1.12</minimumDistance>
      <maximumDistance>23.86</maximumDistance>
    </quality>
    <evaluationMode>automatic</evaluationMode>
    <creationInfo>
      <agencyURI>smi:smi-registry/organization/EMSC</agencyURI>
      <authorURI>smi:smi-registry/organization/ROM</authorURI>
    </creationInfo>
  </origin>
  <magnitude publicID="quakeml:eu.emsc/event/20041129_0000021/origin/BK628/mag/1">
    <mag>
      <value>2.7</value>
    </mag>
    <type>ml</type>
    <originID>quakeml:eu.emsc/event/20041129_0000021/origin/BK628</originID>
    <creationInfo>
      <agencyURI>smi:smi-registry/organization/EMSC</agencyURI>
      <authorURI>smi:smi-registry/organization/ROM</authorURI>
    </creationInfo>
  </magnitude>
</event>
<event publicID="quakeml:eu.emsc/event/20041129_0000049">
  <preferredOriginID>quakeml:eu.emsc/event/20041129_0000049/origin/1296799</preferredOriginID>
  <preferredMagnitudeID>quakeml:eu.emsc/event/20041129_0000049/origin/1296799/mag/2</preferredMagnitudeID>
  <creationInfo>
    <agencyURI>smi:smi-registry/organization/EMSC</agencyURI>
    <authorURI>smi:smi-registry/organization/EMSC</authorURI>
    <creationTime>2014-12-03T11:43:22.35689Z</creationTime>
  </creationInfo>
  <description>
    <text>STRAIT OF GIBRALTAR</text>
    <type>Flinn-Engdahl region</type>
  </description>
  <origin publicID="quakeml:eu.emsc/event/20041129_0000049/origin/1296799">
    <time>
      <value>2004-11-29T06:37:04.4Z</value>
      <uncertainty>0.48</uncertainty>
    </time>
    <latitude>
      <value>35.4586</value>
      <uncertainty>14.2</uncertainty>
    </latitude>
    <longitude>
      <value>-3.6516</value>
      <uncertainty>5.2</uncertainty>
    </longitude>
    <depth>
      <value>2000</value>
    </depth>
    <depthType>from location</depthType>
    <methodID>smi:eu.emsc-csem/origin_method/NA</methodID>
    <quality>
      <usedPhaseCount>15</usedPhaseCount>
      <usedStationCount>8</usedStationCount>
      <standardError>1.04</standardError>
      <azimuthalGap>208</azimuthalGap>
      <minimumDistance>0.59</minimumDistance>
      <maximumDistance>4.25</maximumDistance>
    </quality>
    <evaluationMode>manual</evaluationMode>
    <creationInfo>
      <agencyURI>smi:smi-registry/organization/EMSC</agencyURI>
      <authorURI>smi:smi-registry/organization/EMSC</authorURI>
    </creationInfo>
    <originUncertainty>
      <azimuthMaxHorizontalUncertainty>33</azimuthMaxHorizontalUncertainty>
    </originUncertainty>
  </origin>
  <magnitude publicID="quakeml:eu.emsc/event/20041129_0000049/origin/1296799/mag/2">
    <mag>
      <value>3.4</value>
      <uncertainty>0.4</uncertainty>
    </mag>
    <type>mb</type>
    <originID>quakeml:eu.emsc/event/20041129_0000049/origin/1296799</originID>
    <stationCount>4</stationCount>
    <creationInfo>
      <agencyURI>smi:smi-registry/organization/EMSC</agencyURI>
      <authorURI>smi:smi-registry/organization/EMSC</authorURI>
    </creationInfo>
  </magnitude>
</event>
<event publicID="quakeml:eu.emsc/event/20041129_0000018">
  <preferredOriginID>quakeml:eu.emsc/event/20041129_0000018/origin/1296808</preferredOriginID>
  <preferredMagnitudeID>quakeml:eu.emsc/event/20041129_0000018/origin/1296808/mag/2</preferredMagnitudeID>
  <creationInfo>
    <agencyURI>smi:smi-registry/organization/EMSC</agencyURI>
    <authorURI>smi:smi-registry/organization/EMSC</authorURI>
    <creationTime>2014-12-03T13:17:01.835482Z</creationTime>
  </creationInfo>
  <description>
    <text>ADRIATIC SEA</text>
    <type>Flinn-Engdahl region</type>
  </description>
  <origin publicID="quakeml:eu.emsc/event/20041129_0000018/origin/1296808">
    <time>
      <value>2004-11-29T06:21:51.1Z</value>
      <uncertainty>0.11</uncertainty>
    </time>
    <latitude>
      <value>43.0788</value>
      <uncertainty>3.8</uncertainty>
    </latitude>
    <longitude>
      <value>15.3039</value>
      <uncertainty>2.9</uncertainty>
    </longitude>
    <depth>
      <value>10000</value>
    </depth>
    <depthType>from location</depthType>
    <methodID>smi:eu.emsc-csem/origin_method/NA</methodID>
    <quality>
      <usedPhaseCount>164</usedPhaseCount>
      <usedStationCount>150</usedStationCount>
      <standardError>1.2</standardError>
      <azimuthalGap>21</azimuthalGap>
      <minimumDistance>1.33</minimumDistance>
      <maximumDistance>82.79</maximumDistance>
    </quality>
    <evaluationMode>manual</evaluationMode>
    <creationInfo>
      <agencyURI>smi:smi-registry/organization/EMSC</agencyURI>
      <authorURI>smi:smi-registry/organization/EMSC</authorURI>
    </creationInfo>
    <originUncertainty>
      <azimuthMaxHorizontalUncertainty>31</azimuthMaxHorizontalUncertainty>
    </originUncertainty>
  </origin>
  <magnitude publicID="quakeml:eu.emsc/event/20041129_0000018/origin/1296808/mag/2">
    <mag>
      <value>3.7</value>
    </mag>
    <type>ML</type>
    <originID>quakeml:eu.emsc/event/20041129_0000018/origin/1296808</originID>
    <stationCount>17</stationCount>
    <creationInfo>
      <agencyURI>smi:smi-registry/organization/EMSC</agencyURI>
      <authorURI>smi:smi-registry/organization/EMSC</authorURI>
    </creationInfo>
  </magnitude>
</event>
<event publicID="quakeml:eu.emsc/event/20041129_0000041">
  <preferredOriginID>quakeml:eu.emsc/event/20041129_0000041/origin/1292355</preferredOriginID>
  <preferredMagnitudeID>quakeml:eu.emsc/event/20041129_0000041/origin/1292355/mag/2</preferredMagnitudeID>
  <creationInfo>
    <agencyURI>smi:smi-registry/organization/EMSC</agencyURI>
    <authorURI>smi:smi-registry/organization/EMSC</authorURI>
    <creationTime>2014-12-11T06:15:45.64398Z</creationTime>
  </creationInfo>
  <description>
    <text>AZORES ISLANDS, PORTUGAL</text>
    <type>Flinn-Engdahl region</type>
  </description>
  <origin publicID="quakeml:eu.emsc/event/20041129_0000041/origin/1292355">
    <time>
      <value>2004-11-29T05:54:42.6Z</value>
    </time>
    <latitude>
      <value>38.668</value>
      <uncertainty>9999.9</uncertainty>
    </latitude>
    <longitude>
      <value>-28.507</value>
      <uncertainty>9999.9</uncertainty>
    </longitude>
    <depth>
      <value>13800.0</value>
    </depth>
    <depthType>from location</depthType>
    <methodID>smi:eu.emsc-csem/origin_method/NA</methodID>
    <quality>
      <usedPhaseCount>9</usedPhaseCount>
      <usedStationCount>5</usedStationCount>
      <standardError>1.67</standardError>
      <azimuthalGap>195</azimuthalGap>
      <minimumDistance>0.17</minimumDistance>
      <maximumDistance>0.27</maximumDistance>
    </quality>
    <evaluationMode>manual</evaluationMode>
    <creationInfo>
      <agencyURI>smi:smi-registry/organization/EMSC</agencyURI>
      <authorURI>smi:smi-registry/organization/EMSC</authorURI>
    </creationInfo>
    <originUncertainty>
      <azimuthMaxHorizontalUncertainty>-99</azimuthMaxHorizontalUncertainty>
    </originUncertainty>
  </origin>
  <magnitude publicID="quakeml:eu.emsc/event/20041129_0000041/origin/1292355/mag/2">
    <mag>
      <value>2.8</value>
    </mag>
    <type>MD</type>
    <originID>quakeml:eu.emsc/event/20041129_0000041/origin/1292355</originID>
    <creationInfo>
      <agencyURI>smi:smi-registry/organization/EMSC</agencyURI>
      <authorURI>smi:smi-registry/organization/EMSC</authorURI>
    </creationInfo>
  </magnitude>
</event>
<event publicID="quakeml:eu.emsc/event/20041129_0000017">
  <preferredOriginID>quakeml:eu.emsc/event/20041129_0000017/origin/1296811</preferredOriginID>
  <preferredMagnitudeID>quakeml:eu.emsc/event/20041129_0000017/origin/1296811/mag/2</preferredMagnitudeID>
  <creationInfo>
    <agencyURI>smi:smi-registry/organization/EMSC</agencyURI>
    <authorURI>smi:smi-registry/organization/EMSC</authorURI>
    <creationTime>2014-12-03T14:57:46.170588Z</creationTime>
  </creationInfo>
  <description>
    <text>ADRIATIC SEA</text>
    <type>Flinn-Engdahl region</type>
  </description>
  <origin publicID="quakeml:eu.emsc/event/20041129_0000017/origin/1296811">
    <time>
      <value>2004-11-29T05:13:57.5Z</value>
      <uncertainty>0.23</uncertainty>
    </time>
    <latitude>
      <value>43.0771</value>
      <uncertainty>6</uncertainty>
    </latitude>
    <longitude>
      <value>15.5084</value>
      <uncertainty>4.5</uncertainty>
    </longitude>
    <depth>
      <value>5000</value>
    </depth>
    <depthType>from location</depthType>
    <methodID>smi:eu.emsc-csem/origin_method/NA</methodID>
    <quality>
      <usedPhaseCount>27</usedPhaseCount>
      <usedStationCount>18</usedStationCount>
      <standardError>0.9</standardError>
      <azimuthalGap>106</azimuthalGap>
      <minimumDistance>1.4</minimumDistance>
      <maximumDistance>4.85</maximumDistance>
    </quality>
    <evaluationMode>manual</evaluationMode>
    <creationInfo>
      <agencyURI>smi:smi-registry/organization/EMSC</agencyURI>
      <authorURI>smi:smi-registry/organization/EMSC</authorURI>
    </creationInfo>
    <originUncertainty>
      <azimuthMaxHorizontalUncertainty>91</azimuthMaxHorizontalUncertainty>
    </originUncertainty>
  </origin>
  <magnitude publicID="quakeml:eu.emsc/event/20041129_0000017/origin/1296811/mag/2">
    <mag>
      <value>2.2</value>
    </mag>
    <type>ML</type>
    <originID>quakeml:eu.emsc/event/20041129_0000017/origin/1296811</originID>
    <stationCount>4</stationCount>
    <creationInfo>
      <agencyURI>smi:smi-registry/organization/EMSC</agencyURI>
      <authorURI>smi:smi-registry/organization/EMSC</authorURI>
    </creationInfo>
  </magnitude>
</event>
<event publicID="quakeml:eu.emsc/event/20041129_0000040">
  <preferredOriginID>quakeml:eu.emsc/event/20041129_0000040/origin/1292357</preferredOriginID>
  <preferredMagnitudeID>quakeml:eu.emsc/event/20041129_0000040/origin/1292357/mag/2</preferredMagnitudeID>
  <creationInfo>
    <agencyURI>smi:smi-registry/organization/EMSC</agencyURI>
    <authorURI>smi:smi-registry/organization/EMSC</authorURI>
    <creationTime>2014-12-10T18:21:05.75166Z</creationTime>
  </creationInfo>
  <description>
    <text>NORTHERN ITALY</text>
    <type>Flinn-Engdahl region</type>
  </description>
  <origin publicID="quakeml:eu.emsc/event/20041129_0000040/origin/1292357">
    <time>
      <value>2004-11-29T04:44:54.8Z</value>
    </time>
    <latitude>
      <value>44.5985</value>
      <uncertainty>9999.9</uncertainty>
    </latitude>
    <longitude>
      <value>7.2508</value>
      <uncertainty>9999.9</uncertainty>
    </longitude>
    <depth>
      <value>10800.0</value>
    </depth>
    <depthType>from location</depthType>
    <methodID>smi:eu.emsc-csem/origin_method/NA</methodID>
    <quality>
      <usedPhaseCount>17</usedPhaseCount>
      <usedStationCount>10</usedStationCount>
      <standardError>0.52</standardError>
      <azimuthalGap>114</azimuthalGap>
      <minimumDistance>0.14</minimumDistance>
      <maximumDistance>0.76</maximumDistance>
    </quality>
    <evaluationMode>manual</evaluationMode>
    <creationInfo>
      <agencyURI>smi:smi-registry/organization/EMSC</agencyURI>
      <authorURI>smi:smi-registry/organization/EMSC</authorURI>
    </creationInfo>
    <originUncertainty>
      <azimuthMaxHorizontalUncertainty>-99</azimuthMaxHorizontalUncertainty>
    </originUncertainty>
  </origin>
  <magnitude publicID="quakeml:eu.emsc/event/20041129_0000040/origin/1292357/mag/2">
    <mag>
      <value>2.2</value>
    </mag>
    <type>ML</type>
    <originID>quakeml:eu.emsc/event/20041129_0000040/origin/1292357</originID>
    <creationInfo>
      <agencyURI>smi:smi-registry/organization/EMSC</agencyURI>
      <authorURI>smi:smi-registry/organization/EMSC</authorURI>
    </creationInfo>
  </magnitude>
</event>
<event publicID="quakeml:eu.emsc/event/20041129_0000029">
  <preferredOriginID>quakeml:eu.emsc/event/20041129_0000029/origin/1292359</preferredOriginID>
  <preferredMagnitudeID>quakeml:eu.emsc/event/20041129_0000029/origin/1292359/mag/2</preferredMagnitudeID>
  <creationInfo>
    <agencyURI>smi:smi-registry/organization/EMSC</agencyURI>
    <authorURI>smi:smi-registry/organization/EMSC</authorURI>
    <creationTime>2014-12-11T06:15:36.517565Z</creationTime>
  </creationInfo>
  <description>
    <text>AZORES ISLANDS, PORTUGAL</text>
    <type>Flinn-Engdahl region</type>
  </description>
  <origin publicID="quakeml:eu.emsc/event/20041129_0000029/origin/1292359">
    <time>
      <value>2004-11-29T04:09:49.0Z</value>
    </time>
    <latitude>
      <value>38.662</value>
      <uncertainty>9999.9</uncertainty>
    </latitude>
    <longitude>
      <value>-28.502</value>
      <uncertainty>9999.9</uncertainty>
    </longitude>
    <depth>
      <value>8400.0</value>
    </depth>
    <depthType>from location</depthType>
    <methodID>smi:eu.emsc-csem/origin_method/NA</methodID>
    <quality>
      <usedPhaseCount>8</usedPhaseCount>
      <usedStationCount>5</usedStationCount>
      <standardError>1.1</standardError>
      <azimuthalGap>191</azimuthalGap>
      <minimumDistance>0.17</minimumDistance>
      <maximumDistance>0.27</maximumDistance>
    </quality>
    <evaluationMode>manual</evaluationMode>
    <creationInfo>
      <agencyURI>smi:smi-registry/organization/EMSC</agencyURI>
      <authorURI>smi:smi-registry/organization/EMSC</authorURI>
    </creationInfo>
    <originUncertainty>
      <azimuthMaxHorizontalUncertainty>-99</azimuthMaxHorizontalUncertainty>
    </originUncertainty>
  </origin>
  <magnitude publicID="quakeml:eu.emsc/event/20041129_0000029/origin/1292359/mag/2">
    <mag>
      <value>1.6</value>
    </mag>
    <type>ML</type>
    <originID>quakeml:eu.emsc/event/20041129_0000029/origin/1292359</originID>
    <creationInfo>
      <agencyURI>smi:smi-registry/organization/EMSC</agencyURI>
      <authorURI>smi:smi-registry/organization/EMSC</authorURI>
    </creationInfo>
  </magnitude>
</event>
<event publicID="quakeml:eu.emsc/event/20041129_0000016">
  <preferredOriginID>quakeml:eu.emsc/event/20041129_0000016/origin/1292361</preferredOriginID>
  <preferredMagnitudeID>quakeml:eu.emsc/event/20041129_0000016/origin/1292361/mag/2</preferredMagnitudeID>
  <creationInfo>
    <agencyURI>smi:smi-registry/organization/EMSC</agencyURI>
    <authorURI>smi:smi-registry/organization/EMSC</authorURI>
    <creationTime>2014-12-11T06:15:28.947493Z</creationTime>
  </creationInfo>
  <description>
    <text>AZORES ISLANDS, PORTUGAL</text>
    <type>Flinn-Engdahl region</type>
  </description>
  <origin publicID="quakeml:eu.emsc/event/20041129_0000016/origin/1292361">
    <time>
      <value>2004-11-29T04:07:05.4Z</value>
    </time>
    <latitude>
      <value>38.678</value>
      <uncertainty>9999.9</uncertainty>
    </latitude>
    <longitude>
      <value>-28.512</value>
      <uncertainty>9999.9</uncertainty>
    </longitude>
    <depth>
      <value>11400.0</value>
    </depth>
    <depthType>from location</depthType>
    <methodID>smi:eu.emsc-csem/origin_method/NA</methodID>
    <quality>
      <usedPhaseCount>10</usedPhaseCount>
      <usedStationCount>8</usedStationCount>
      <standardError>3.53</standardError>
      <azimuthalGap>207</azimuthalGap>
      <minimumDistance>0.18</minimumDistance>
      <maximumDistance>0.96</maximumDistance>
    </quality>
    <evaluationMode>manual</evaluationMode>
    <creationInfo>
      <agencyURI>smi:smi-registry/organization/EMSC</agencyURI>
      <authorURI>smi:smi-registry/organization/EMSC</authorURI>
    </creationInfo>
    <originUncertainty>
      <azimuthMaxHorizontalUncertainty>-99</azimuthMaxHorizontalUncertainty>
    </originUncertainty>
  </origin>
  <magnitude publicID="quakeml:eu.emsc/event/20041129_0000016/origin/1292361/mag/2">
    <mag>
      <value>2.9</value>
    </mag>
    <type>ML</type>
    <originID>quakeml:eu.emsc/event/20041129_0000016/origin/1292361</originID>
    <creationInfo>
      <agencyURI>smi:smi-registry/organization/EMSC</agencyURI>
      <authorURI>smi:smi-registry/organization/EMSC</authorURI>
    </creationInfo>
  </magnitude>
</event>
<event publicID="quakeml:eu.emsc/event/20041129_0000031">
  <preferredOriginID>quakeml:eu.emsc/event/20041129_0000031/origin/1292363</preferredOriginID>
  <preferredMagnitudeID>quakeml:eu.emsc/event/20041129_0000031/origin/1292363/mag/2</preferredMagnitudeID>
  <creationInfo>
    <agencyURI>smi:smi-registry/organization/EMSC</agencyURI>
    <authorURI>smi:smi-registry/organization/EMSC</authorURI>
    <creationTime>2014-12-10T18:21:05.221456Z</creationTime>
  </creationInfo>
  <description>
    <text>FRANCE</text>
    <type>Flinn-Engdahl region</type>
  </description>
  <origin publicID="quakeml:eu.emsc/event/20041129_0000031/origin/1292363">
    <time>
      <value>2004-11-29T04:06:30.0Z</value>
    </time>
    <latitude>
      <value>47.9081</value>
      <uncertainty>9999.9</uncertainty>
    </latitude>
    <longitude>
      <value>-3.9511</value>
      <uncertainty>9999.9</uncertainty>
    </longitude>
    <depth>
      <value>6000</value>
    </depth>
    <depthType>from location</depthType>
    <methodID>smi:eu.emsc-csem/origin_method/NA</methodID>
    <quality>
      <usedPhaseCount>21</usedPhaseCount>
      <usedStationCount>9</usedStationCount>
      <standardError>1.73</standardError>
      <azimuthalGap>253</azimuthalGap>
      <minimumDistance>0.53</minimumDistance>
      <maximumDistance>5.55</maximumDistance>
    </quality>
    <evaluationMode>manual</evaluationMode>
    <creationInfo>
      <agencyURI>smi:smi-registry/organization/EMSC</agencyURI>
      <authorURI>smi:smi-registry/organization/EMSC</authorURI>
    </creationInfo>
    <originUncertainty>
      <azimuthMaxHorizontalUncertainty>-99</azimuthMaxHorizontalUncertainty>
    </originUncertainty>
  </origin>
  <magnitude publicID="quakeml:eu.emsc/event/20041129_0000031/origin/1292363/mag/2">
    <mag>
      <value>2</value>
      <uncertainty>0.1</uncertainty>
    </mag>
    <type>ML</type>
    <originID>quakeml:eu.emsc/event/20041129_0000031/origin/1292363</originID>
    <stationCount>5</stationCount>
    <creationInfo>
      <agencyURI>smi:smi-registry/organization/EMSC</agencyURI>
      <authorURI>smi:smi-registry/organization/EMSC</authorURI>
    </creationInfo>
  </magnitude>
</event>
<event publicID="quakeml:eu.emsc/event/20041129_0000030">
  <preferredOriginID>quakeml:eu.emsc/event/20041129_0000030/origin/1292365</preferredOriginID>
  <preferredMagnitudeID>quakeml:eu.emsc/event/20041129_0000030/origin/1292365/mag/2</preferredMagnitudeID>
  <creationInfo>
    <agencyURI>smi:smi-registry/organization/EMSC</agencyURI>
    <authorURI>smi:smi-registry/organization/EMSC</authorURI>
    <creationTime>2014-12-10T18:21:04.683805Z</creationTime>
  </creationInfo>
  <description>
    <text>NORTHERN ITALY</text>
    <type>Flinn-Engdahl region</type>
  </description>
  <origin publicID="quakeml:eu.emsc/event/20041129_0000030/origin/1292365">
    <time>
      <value>2004-11-29T03:36:33.7Z</value>
    </time>
    <latitude>
      <value>44.5685</value>
      <uncertainty>9999.9</uncertainty>
    </latitude>
    <longitude>
      <value>7.26</value>
      <uncertainty>9999.9</uncertainty>
    </longitude>
    <depth>
      <value>8300.0</value>
    </depth>
    <depthType>from location</depthType>
    <methodID>smi:eu.emsc-csem/origin_method/NA</methodID>
    <quality>
      <usedPhaseCount>16</usedPhaseCount>
      <usedStationCount>8</usedStationCount>
      <standardError>0.54</standardError>
      <azimuthalGap>114</azimuthalGap>
      <minimumDistance>0.13</minimumDistance>
      <maximumDistance>0.6</maximumDistance>
    </quality>
    <evaluationMode>manual</evaluationMode>
    <creationInfo>
      <agencyURI>smi:smi-registry/organization/EMSC</agencyURI>
      <authorURI>smi:smi-registry/organization/EMSC</authorURI>
    </creationInfo>
    <originUncertainty>
      <azimuthMaxHorizontalUncertainty>-99</azimuthMaxHorizontalUncertainty>
    </originUncertainty>
  </origin>
  <magnitude publicID="quakeml:eu.emsc/event/20041129_0000030/origin/1292365/mag/2">
    <mag>
      <value>2.2</value>
    </mag>
    <type>ML</type>
    <originID>quakeml:eu.emsc/event/20041129_0000030/origin/1292365</originID>
    <creationInfo>
      <agencyURI>smi:smi-registry/organization/EMSC</agencyURI>
      <authorURI>smi:smi-registry/organization/EMSC</authorURI>
    </creationInfo>
  </magnitude>
</event>
<event publicID="quakeml:eu.emsc/event/20041129_0000028">
  <preferredOriginID>quakeml:eu.emsc/event/20041129_0000028/origin/1296814</preferredOriginID>
  <preferredMagnitudeID>quakeml:eu.emsc/event/20041129_0000028/origin/1296814/mag/2</preferredMagnitudeID>
  <creationInfo>
    <agencyURI>smi:smi-registry/organization/EMSC</agencyURI>
    <authorURI>smi:smi-registry/organization/EMSC</authorURI>
    <creationTime>2014-12-03T10:38:58.65211Z</creationTime>
  </creationInfo>
  <description>
    <text>SICILY, ITALY</text>
    <type>Flinn-Engdahl region</type>
  </description>
  <origin publicID="quakeml:eu.emsc/event/20041129_0000028/origin/1296814">
    <time>
      <value>2004-11-29T03:33:49.6Z</value>
      <uncertainty>0.48</uncertainty>
    </time>
    <latitude>
      <value>38.0903</value>
      <uncertainty>18</uncertainty>
    </latitude>
    <longitude>
      <value>11.6867</value>
      <uncertainty>6.1</uncertainty>
    </longitude>
    <depth>
      <value>2000</value>
    </depth>
    <depthType>from location</depthType>
    <methodID>smi:eu.emsc-csem/origin_method/NA</methodID>
    <quality>
      <usedPhaseCount>10</usedPhaseCount>
      <usedStationCount>9</usedStationCount>
      <standardError>0.73</standardError>
      <azimuthalGap>183</azimuthalGap>
      <minimumDistance>0.53</minimumDistance>
      <maximumDistance>2.85</maximumDistance>
    </quality>
    <evaluationMode>manual</evaluationMode>
    <creationInfo>
      <agencyURI>smi:smi-registry/organization/EMSC</agencyURI>
      <authorURI>smi:smi-registry/organization/EMSC</authorURI>
    </creationInfo>
    <originUncertainty>
      <azimuthMaxHorizontalUncertainty>162</azimuthMaxHorizontalUncertainty>
    </originUncertainty>
  </origin>
  <magnitude publicID="quakeml:eu.emsc/event/20041129_0000028/origin/1296814/mag/2">
    <mag>
      <value>2.5</value>
    </mag>
    <type>ML</type>
    <originID>quakeml:eu.emsc/event/20041129_0000028/origin/1296814</originID>
    <stationCount>2</stationCount>
    <creationInfo>
      <agencyURI>smi:smi-registry/organization/EMSC</agencyURI>
      <authorURI>smi:smi-registry/organization/EMSC</authorURI>
    </creationInfo>
  </magnitude>
</event>
<event publicID="quakeml:eu.emsc/event/20041129_0000052">
  <preferredOriginID>quakeml:eu.emsc/event/20041129_0000052/origin/1296817</preferredOriginID>
  <preferredMagnitudeID>quakeml:eu.emsc/event/20041129_0000052/origin/1296817/mag/2</preferredMagnitudeID>
  <creationInfo>
    <agencyURI>smi:smi-registry/organization/EMSC</agencyURI>
    <authorURI>smi:smi-registry/organization/EMSC</authorURI>
    <creationTime>2014-12-03T11:00:32.450024Z</creationTime>
  </creationInfo>
  <description>
    <text>DODECANESE ISLANDS, GREECE</text>
    <type>Flinn-Engdahl region</type>
  </description>
  <origin publicID="quakeml:eu.emsc/event/20041129_0000052/origin/1296817">
    <time>
      <value>2004-11-29T02:42:16.2Z</value>
      <uncertainty>0.47</uncertainty>
    </time>
    <latitude>
      <value>36.3011</value>
      <uncertainty>12.8</uncertainty>
    </latitude>
    <longitude>
      <value>28.2425</value>
      <uncertainty>7.8</uncertainty>
    </longitude>
    <depth>
      <value>57300.0</value>
      <uncertainty>7.4</uncertainty>
    </depth>
    <depthType>from location</depthType>
    <methodID>smi:eu.emsc-csem/origin_method/NA</methodID>
    <quality>
      <usedPhaseCount>10</usedPhaseCount>
      <usedStationCount>8</usedStationCount>
      <standardError>0.71</standardError>
      <azimuthalGap>156</azimuthalGap>
      <minimumDistance>0.13</minimumDistance>
      <maximumDistance>2.38</maximumDistance>
    </quality>
    <evaluationMode>manual</evaluationMode>
    <creationInfo>
      <agencyURI>smi:smi-registry/organization/EMSC</agencyURI>
      <authorURI>smi:smi-registry/organization/EMSC</authorURI>
    </creationInfo>
    <originUncertainty>
      <azimuthMaxHorizontalUncertainty>111</azimuthMaxHorizontalUncertainty>
    </originUncertainty>
  </origin>
  <magnitude publicID="quakeml:eu.emsc/event/20041129_0000052/origin/1296817/mag/2">
    <mag>
      <value>3.1</value>
    </mag>
    <type>MD</type>
    <originID>quakeml:eu.emsc/event/20041129_0000052/origin/1296817</originID>
    <creationInfo>
      <agencyURI>smi:smi-registry/organization/EMSC</agencyURI>
      <authorURI>smi:smi-registry/organization/EMSC</authorURI>
    </creationInfo>
  </magnitude>
</event>
<event publicID="quakeml:eu.emsc/event/20041129_0000036">
  <preferredOriginID>quakeml:eu.emsc/event/20041129_0000036/origin/1292367</preferredOriginID>
  <preferredMagnitudeID>quakeml:eu.emsc/event/20041129_0000036/origin/1292367/mag/2</preferredMagnitudeID>
  <creationInfo>
    <agencyURI>smi:smi-registry/organization/EMSC</agencyURI>
    <authorURI>smi:smi-registry/organization/EMSC</authorURI>
    <creationTime>2014-12-11T06:15:22.292092Z</creationTime>
  </creationInfo>
  <description>
    <text>WESTERN TURKEY</text>
    <type>Flinn-Engdahl region</type>
  </description>
  <origin publicID="quakeml:eu.emsc/event/20041129_0000036/origin/1292367">
    <time>
      <value>2004-11-29T02:39:43.5Z</value>
    </time>
    <latitude>
      <value>40.908</value>
      <uncertainty>9999.9</uncertainty>
    </latitude>
    <longitude>
      <value>30.884</value>
      <uncertainty>9999.9</uncertainty>
    </longitude>
    <depth>
      <value>5000</value>
    </depth>
    <depthType>from location</depthType>
    <methodID>smi:eu.emsc-csem/origin_method/NA</methodID>
    <quality>
      <usedPhaseCount>14</usedPhaseCount>
      <usedStationCount>12</usedStationCount>
      <standardError>0.89</standardError>
      <azimuthalGap>158</azimuthalGap>
      <minimumDistance>0.51</minimumDistance>
      <maximumDistance>2.17</maximumDistance>
    </quality>
    <evaluationMode>manual</evaluationMode>
    <creationInfo>
      <agencyURI>smi:smi-registry/organization/EMSC</agencyURI>
      <authorURI>smi:smi-registry/organization/EMSC</authorURI>
    </creationInfo>
    <originUncertainty>
      <azimuthMaxHorizontalUncertainty>-99</azimuthMaxHorizontalUncertainty>
    </originUncertainty>
  </origin>
  <magnitude publicID="quakeml:eu.emsc/event/20041129_0000036/origin/1292367/mag/2">
    <mag>
      <value>3</value>
    </mag>
    <type>MD</type>
    <originID>quakeml:eu.emsc/event/20041129_0000036/origin/1292367</originID>
    <creationInfo>
      <agencyURI>smi:smi-registry/organization/EMSC</agencyURI>
      <authorURI>smi:smi-registry/organization/EMSC</authorURI>
    </creationInfo>
  </magnitude>
</event>
<event publicID="quakeml:eu.emsc/event/20041129_0000050">
  <preferredOriginID>quakeml:eu.emsc/event/20041129_0000050/origin/1296408</preferredOriginID>
  <preferredMagnitudeID>quakeml:eu.emsc/event/20041129_0000050/origin/1296408/mag/1</preferredMagnitudeID>
  <creationInfo>
    <agencyURI>smi:smi-registry/organization/EMSC</agencyURI>
    <authorURI>smi:smi-registry/organization/EMSC</authorURI>
    <creationTime>2014-12-03T10:54:42.497019Z</creationTime>
  </creationInfo>
  <description>
    <text>FRANCE</text>
    <type>Flinn-Engdahl region</type>
  </description>
  <origin publicID="quakeml:eu.emsc/event/20041129_0000050/origin/1296408">
    <time>
      <value>2004-11-29T01:41:56.4Z</value>
      <uncertainty>0.11</uncertainty>
    </time>
    <latitude>
      <value>46.217</value>
      <uncertainty>2.3</uncertainty>
    </latitude>
    <longitude>
      <value>2.6362</value>
      <uncertainty>1.5</uncertainty>
    </longitude>
    <depth>
      <value>19600.0</value>
      <uncertainty>0.1</uncertainty>
    </depth>
    <depthType>from location</depthType>
    <methodID>smi:eu.emsc-csem/origin_method/NA</methodID>
    <quality>
      <usedPhaseCount>17</usedPhaseCount>
      <usedStationCount>8</usedStationCount>
      <standardError>0.37</standardError>
      <azimuthalGap>99</azimuthalGap>
      <minimumDistance>0.3</minimumDistance>
      <maximumDistance>1.35</maximumDistance>
    </quality>
    <evaluationMode>manual</evaluationMode>
    <creationInfo>
      <agencyURI>smi:smi-registry/organization/EMSC</agencyURI>
      <authorURI>smi:smi-registry/organization/EMSC</authorURI>
    </creationInfo>
    <originUncertainty>
      <azimuthMaxHorizontalUncertainty>145</azimuthMaxHorizontalUncertainty>
    </originUncertainty>
  </origin>
  <magnitude publicID="quakeml:eu.emsc/event/20041129_0000050/origin/1296408/mag/1">
    <mag>
      <value>1.5</value>
      <uncertainty>0.4</uncertainty>
    </mag>
    <type>ML</type>
    <originID>quakeml:eu.emsc/event/20041129_0000050/origin/1296408</originID>
    <stationCount>6</stationCount>
    <creationInfo>
      <agencyURI>smi:smi-registry/organization/EMSC</agencyURI>
      <authorURI>smi:smi-registry/organization/EMSC</authorURI>
    </creationInfo>
  </magnitude>
</event>
<event publicID="quakeml:eu.emsc/event/20041129_0000015">
  <preferredOriginID>quakeml:eu.emsc/event/20041129_0000015/origin/1303073</preferredOriginID>
  <preferredMagnitudeID>quakeml:eu.emsc/event/20041129_0000015/origin/1303073/mag/2</preferredMagnitudeID>
  <creationInfo>
    <agencyURI>smi:smi-registry/organization/EMSC</agencyURI>
    <authorURI>smi:smi-registry/organization/EMSC</authorURI>
    <creationTime>2014-12-03T14:22:08.34923Z</creationTime>
  </creationInfo>
  <description>
    <text>ADRIATIC SEA</text>
    <type>Flinn-Engdahl region</type>
  </description>
  <origin publicID="quakeml:eu.emsc/event/20041129_0000015/origin/1303073">
    <time>
      <value>2004-11-29T01:08:12.8Z</value>
      <uncertainty>0.09</uncertainty>
    </time>
    <latitude>
      <value>43.0513</value>
      <uncertainty>3</uncertainty>
    </latitude>
    <longitude>
      <value>15.2807</value>
      <uncertainty>2</uncertainty>
    </longitude>
    <depth>
      <value>48100.0</value>
      <uncertainty>3.6</uncertainty>
    </depth>
    <depthType>from location</depthType>
    <methodID>smi:eu.emsc-csem/origin_method/NA</methodID>
    <quality>
      <usedPhaseCount>196</usedPhaseCount>
      <usedStationCount>174</usedStationCount>
      <standardError>1.05</standardError>
      <azimuthalGap>21</azimuthalGap>
      <minimumDistance>1.31</minimumDistance>
      <maximumDistance>73.09</maximumDistance>
    </quality>
    <evaluationMode>manual</evaluationMode>
    <creationInfo>
      <agencyURI>smi:smi-registry/organization/EMSC</agencyURI>
      <authorURI>smi:smi-registry/organization/EMSC</authorURI>
    </creationInfo>
    <originUncertainty>
      <azimuthMaxHorizontalUncertainty>26</azimuthMaxHorizontalUncertainty>
    </originUncertainty>
  </origin>
  <magnitude publicID="quakeml:eu.emsc/event/20041129_0000015/origin/1303073/mag/2">
    <mag>
      <value>3.6</value>
    </mag>
    <type>ML</type>
    <originID>quakeml:eu.emsc/event/20041129_0000015/origin/1303073</originID>
    <stationCount>17</stationCount>
    <creationInfo>
      <agencyURI>smi:smi-registry/organization/EMSC</agencyURI>
      <authorURI>smi:smi-registry/organization/EMSC</authorURI>
    </creationInfo>
  </magnitude>
</event>
<event publicID="quakeml:eu.emsc/event/20041129_0000045">
  <preferredOriginID>quakeml:eu.emsc/event/20041129_0000045/origin/1292369</preferredOriginID>
  <preferredMagnitudeID>quakeml:eu.emsc/event/20041129_0000045/origin/1292369/mag/2</preferredMagnitudeID>
  <creationInfo>
    <agencyURI>smi:smi-registry/organization/EMSC</agencyURI>
    <authorURI>smi:smi-registry/organization/EMSC</authorURI>
    <creationTime>2014-12-10T18:21:04.163668Z</creationTime>
  </creationInfo>
  <description>
    <text>FRANCE</text>
    <type>Flinn-Engdahl region</type>
  </description>
  <origin publicID="quakeml:eu.emsc/event/20041129_0000045/origin/1292369">
    <time>
      <value>2004-11-29T01:06:13.4Z</value>
    </time>
    <latitude>
      <value>45.4762</value>
      <uncertainty>9999.9</uncertainty>
    </latitude>
    <longitude>
      <value>6.4117</value>
      <uncertainty>9999.9</uncertainty>
    </longitude>
    <depth>
      <value>2000</value>
    </depth>
    <depthType>from location</depthType>
    <methodID>smi:eu.emsc-csem/origin_method/NA</methodID>
    <quality>
      <usedPhaseCount>14</usedPhaseCount>
      <usedStationCount>7</usedStationCount>
      <standardError>0.84</standardError>
      <azimuthalGap>90</azimuthalGap>
      <minimumDistance>0.23</minimumDistance>
      <maximumDistance>2.14</maximumDistance>
    </quality>
    <evaluationMode>manual</evaluationMode>
    <creationInfo>
      <agencyURI>smi:smi-registry/organization/EMSC</agencyURI>
      <authorURI>smi:smi-registry/organization/EMSC</authorURI>
    </creationInfo>
    <originUncertainty>
      <azimuthMaxHorizontalUncertainty>-99</azimuthMaxHorizontalUncertainty>
    </originUncertainty>
  </origin>
  <magnitude publicID="quakeml:eu.emsc/event/20041129_0000045/origin/1292369/mag/2">
    <mag>
      <value>1.8</value>
      <uncertainty>0.3</uncertainty>
    </mag>
    <type>ML</type>
    <originID>quakeml:eu.emsc/event/20041129_0000045/origin/1292369</originID>
    <stationCount>3</stationCount>
    <creationInfo>
      <agencyURI>smi:smi-registry/organization/EMSC</agencyURI>
      <authorURI>smi:smi-registry/organization/EMSC</authorURI>
    </creationInfo>
  </magnitude>
</event>
<event publicID="quakeml:eu.emsc/event/20041129_0000055">
  <preferredOriginID>quakeml:eu.emsc/event/20041129_0000055/origin/1303076</preferredOriginID>
  <preferredMagnitudeID>quakeml:eu.emsc/event/20041129_0000055/origin/1303076/mag/2</preferredMagnitudeID>
  <creationInfo>
    <agencyURI>smi:smi-registry/organization/EMSC</agencyURI>
    <authorURI>smi:smi-registry/organization/EMSC</authorURI>
    <creationTime>2014-12-03T10:29:08.380818Z</creationTime>
  </creationInfo>
  <description>
    <text>AEGEAN SEA</text>
    <type>Flinn-Engdahl region</type>
  </description>
  <origin publicID="quakeml:eu.emsc/event/20041129_0000055/origin/1303076">
    <time>
      <value>2004-11-29T00:51:30.3Z</value>
      <uncertainty>0.17</uncertainty>
    </time>
    <latitude>
      <value>38.5245</value>
      <uncertainty>5.3</uncertainty>
    </latitude>
    <longitude>
      <value>25.5492</value>
      <uncertainty>4.2</uncertainty>
    </longitude>
    <depth>
      <value>20000</value>
    </depth>
    <depthType>from location</depthType>
    <methodID>smi:eu.emsc-csem/origin_method/NA</methodID>
    <quality>
      <usedPhaseCount>26</usedPhaseCount>
      <usedStationCount>23</usedStationCount>
      <standardError>0.79</standardError>
      <azimuthalGap>54</azimuthalGap>
      <minimumDistance>0.91</minimumDistance>
      <maximumDistance>3.6</maximumDistance>
    </quality>
    <evaluationMode>manual</evaluationMode>
    <creationInfo>
      <agencyURI>smi:smi-registry/organization/EMSC</agencyURI>
      <authorURI>smi:smi-registry/organization/EMSC</authorURI>
    </creationInfo>
    <originUncertainty>
      <azimuthMaxHorizontalUncertainty>154</azimuthMaxHorizontalUncertainty>
    </originUncertainty>
  </origin>
  <magnitude publicID="quakeml:eu.emsc/event/20041129_0000055/origin/1303076/mag/2">
    <mag>
      <value>3.3</value>
    </mag>
    <type>ML</type>
    <originID>quakeml:eu.emsc/event/20041129_0000055/origin/1303076</originID>
    <creationInfo>
      <agencyURI>smi:smi-registry/organization/EMSC</agencyURI>
      <authorURI>smi:smi-registry/organization/EMSC</authorURI>
    </creationInfo>
  </magnitude>
</event>
<event publicID="quakeml:eu.emsc/event/20041129_0000014">
  <preferredOriginID>quakeml:eu.emsc/event/20041129_0000014/origin/BK646</preferredOriginID>
  <preferredMagnitudeID>quakeml:eu.emsc/event/20041129_0000014/origin/BK646/mag/1</preferredMagnitudeID>
  <creationInfo>
    <agencyURI>smi:smi-registry/organization/EMSC</agencyURI>
    <authorURI>smi:smi-registry/organization/OBN</authorURI>
    <creationTime>2014-12-01T13:59:56.462273Z</creationTime>
  </creationInfo>
  <description>
    <text>KYRGYZSTAN</text>
    <type>Flinn-Engdahl region</type>
  </description>
  <origin publicID="quakeml:eu.emsc/event/20041129_0000014/origin/BK646">
    <time>
      <value>2004-11-29T00:45:01.6Z</value>
    </time>
    <latitude>
      <value>42.05</value>
    </latitude>
    <longitude>
      <value>74.91</value>
    </longitude>
    <depth>
      <value>40000.0</value>
    </depth>
    <depthType>from location</depthType>
    <methodID>smi:eu.emsc-csem/origin_method/GEIGER</methodID>
    <quality>
      <usedPhaseCount>6</usedPhaseCount>
      <usedStationCount>6</usedStationCount>
      <azimuthalGap>260</azimuthalGap>
      <minimumDistance>0.66</minimumDistance>
      <maximumDistance>75.53</maximumDistance>
    </quality>
    <evaluationMode>manual</evaluationMode>
    <creationInfo>
      <agencyURI>smi:smi-registry/organization/EMSC</agencyURI>
      <authorURI>smi:smi-registry/organization/OBN</authorURI>
    </creationInfo>
  </origin>
  <magnitude publicID="quakeml:eu.emsc/event/20041129_0000014/origin/BK646/mag/1">
    <mag>
      <value>4.9</value>
    </mag>
    <type>mb</type>
    <originID>quakeml:eu.emsc/event/20041129_0000014/origin/BK646</originID>
    <creationInfo>
      <agencyURI>smi:smi-registry/organization/EMSC</agencyURI>
      <authorURI>smi:smi-registry/organization/OBN</authorURI>
    </creationInfo>
  </magnitude>
</event>
</eventParameters>
</q:quakeml>
