<?xml version="1.0"?>
<q:quakeml xmlns:q="http://quakeml.org/xmlns/quakeml/1.2"  xmlns="http://quakeml.org/xmlns/bed/1.2">
<eventParameters publicID="smi:eu.emsc/unid">
<event publicID="quakeml:eu.emsc/event/20040301_0000033">
  <preferredOriginID>quakeml:eu.emsc/event/20040301_0000033/origin/1339091</preferredOriginID>
  <preferredMagnitudeID>quakeml:eu.emsc/event/20040301_0000033/origin/1339091/mag/2</preferredMagnitudeID>
  <creationInfo>
    <agencyURI>smi:smi-registry/organization/EMSC</agencyURI>
    <authorURI>smi:smi-registry/organization/EMSC</authorURI>
    <creationTime>2014-12-03T10:48:08.231723Z</creationTime>
  </creationInfo>
  <description>
    <text>EASTERN TURKEY</text>
    <type>Flinn-Engdahl region</type>
  </description>
  <origin publicID="quakeml:eu.emsc/event/20040301_0000033/origin/1339091">
    <time>
      <value>2004-03-01T23:55:20.4Z</value>
      <uncertainty>0.21</uncertainty>
    </time>
    <latitude>
      <value>38.0118</value>
      <uncertainty>6.7</uncertainty>
    </latitude>
    <longitude>
      <value>38.3188</value>
      <uncertainty>4.5</uncertainty>
    </longitude>
    <depth>
      <value>2000</value>
    </depth>
    <depthType>from location</depthType>
    <methodID>smi:eu.emsc-csem/origin_method/NA</methodID>
    <quality>
      <usedPhaseCount>16</usedPhaseCount>
      <usedStationCount>15</usedStationCount>
      <standardError>0.64</standardError>
      <azimuthalGap>129</azimuthalGap>
      <minimumDistance>0.31</minimumDistance>
      <maximumDistance>19.5</maximumDistance>
    </quality>
    <evaluationMode>manual</evaluationMode>
    <creationInfo>
      <agencyURI>smi:smi-registry/organization/EMSC</agencyURI>
      <authorURI>smi:smi-registry/organization/EMSC</authorURI>
    </creationInfo>
    <originUncertainty>
      <azimuthMaxHorizontalUncertainty>138</azimuthMaxHorizontalUncertainty>
    </originUncertainty>
  </origin>
  <magnitude publicID="quakeml:eu.emsc/event/20040301_0000033/origin/1339091/mag/2">
    <mag>
      <value>3.8</value>
    </mag>
    <type>MD</type>
    <originID>quakeml:eu.emsc/event/20040301_0000033/origin/1339091</originID>
    <creationInfo>
      <agencyURI>smi:smi-registry/organization/EMSC</agencyURI>
      <authorURI>smi:smi-registry/organization/EMSC</authorURI>
    </creationInfo>
  </magnitude>
</event>
<event publicID="quakeml:eu.emsc/event/20040301_0000046">
  <preferredOriginID>quakeml:eu.emsc/event/20040301_0000046/origin/1310572</preferredOriginID>
  <preferredMagnitudeID>quakeml:eu.emsc/event/20040301_0000046/origin/1310572/mag/2</preferredMagnitudeID>
  <creationInfo>
    <agencyURI>smi:smi-registry/organization/EMSC</agencyURI>
    <authorURI>smi:smi-registry/organization/EMSC</authorURI>
    <creationTime>2014-12-10T18:11:04.778332Z</creationTime>
  </creationInfo>
  <description>
    <text>FRANCE</text>
    <type>Flinn-Engdahl region</type>
  </description>
  <origin publicID="quakeml:eu.emsc/event/20040301_0000046/origin/1310572">
    <time>
      <value>2004-03-01T20:06:23.8Z</value>
    </time>
    <latitude>
      <value>44.7261</value>
      <uncertainty>9999.9</uncertainty>
    </latitude>
    <longitude>
      <value>6.8093</value>
      <uncertainty>9999.9</uncertainty>
    </longitude>
    <depth>
      <value>15000</value>
    </depth>
    <depthType>from location</depthType>
    <methodID>smi:eu.emsc-csem/origin_method/NA</methodID>
    <quality>
      <usedPhaseCount>11</usedPhaseCount>
      <usedStationCount>7</usedStationCount>
      <standardError>0.49</standardError>
      <azimuthalGap>155</azimuthalGap>
      <minimumDistance>0.03</minimumDistance>
      <maximumDistance>1.41</maximumDistance>
    </quality>
    <evaluationMode>manual</evaluationMode>
    <creationInfo>
      <agencyURI>smi:smi-registry/organization/EMSC</agencyURI>
      <authorURI>smi:smi-registry/organization/EMSC</authorURI>
    </creationInfo>
    <originUncertainty>
      <azimuthMaxHorizontalUncertainty>-99</azimuthMaxHorizontalUncertainty>
    </originUncertainty>
  </origin>
  <magnitude publicID="quakeml:eu.emsc/event/20040301_0000046/origin/1310572/mag/2">
    <mag>
      <value>1.2</value>
      <uncertainty>0.4</uncertainty>
    </mag>
    <type>ML</type>
    <originID>quakeml:eu.emsc/event/20040301_0000046/origin/1310572</originID>
    <stationCount>2</stationCount>
    <creationInfo>
      <agencyURI>smi:smi-registry/organization/EMSC</agencyURI>
      <authorURI>smi:smi-registry/organization/EMSC</authorURI>
    </creationInfo>
  </magnitude>
</event>
<event publicID="quakeml:eu.emsc/event/20040301_0000032">
  <preferredOriginID>quakeml:eu.emsc/event/20040301_0000032/origin/1339094</preferredOriginID>
  <preferredMagnitudeID>quakeml:eu.emsc/event/20040301_0000032/origin/1339094/mag/2</preferredMagnitudeID>
  <creationInfo>
    <agencyURI>smi:smi-registry/organization/EMSC</agencyURI>
    <authorURI>smi:smi-registry/organization/EMSC</authorURI>
    <creationTime>2014-12-03T11:29:17.659289Z</creationTime>
  </creationInfo>
  <description>
    <text>NEAR THE COAST OF WESTERN TURKEY</text>
    <type>Flinn-Engdahl region</type>
  </description>
  <origin publicID="quakeml:eu.emsc/event/20040301_0000032/origin/1339094">
    <time>
      <value>2004-03-01T18:14:27.1Z</value>
      <uncertainty>0.17</uncertainty>
    </time>
    <latitude>
      <value>39.2997</value>
      <uncertainty>4.8</uncertainty>
    </latitude>
    <longitude>
      <value>26.9392</value>
      <uncertainty>4.1</uncertainty>
    </longitude>
    <depth>
      <value>15000</value>
    </depth>
    <depthType>from location</depthType>
    <methodID>smi:eu.emsc-csem/origin_method/NA</methodID>
    <quality>
      <usedPhaseCount>16</usedPhaseCount>
      <usedStationCount>14</usedStationCount>
      <standardError>0.59</standardError>
      <azimuthalGap>81</azimuthalGap>
      <minimumDistance>0.52</minimumDistance>
      <maximumDistance>3.04</maximumDistance>
    </quality>
    <evaluationMode>manual</evaluationMode>
    <creationInfo>
      <agencyURI>smi:smi-registry/organization/EMSC</agencyURI>
      <authorURI>smi:smi-registry/organization/EMSC</authorURI>
    </creationInfo>
    <originUncertainty>
      <azimuthMaxHorizontalUncertainty>170</azimuthMaxHorizontalUncertainty>
    </originUncertainty>
  </origin>
  <magnitude publicID="quakeml:eu.emsc/event/20040301_0000032/origin/1339094/mag/2">
    <mag>
      <value>3</value>
    </mag>
    <type>MD</type>
    <originID>quakeml:eu.emsc/event/20040301_0000032/origin/1339094</originID>
    <creationInfo>
      <agencyURI>smi:smi-registry/organization/EMSC</agencyURI>
      <authorURI>smi:smi-registry/organization/EMSC</authorURI>
    </creationInfo>
  </magnitude>
</event>
<event publicID="quakeml:eu.emsc/event/20040301_0000031">
  <preferredOriginID>quakeml:eu.emsc/event/20040301_0000031/origin/1339097</preferredOriginID>
  <preferredMagnitudeID>quakeml:eu.emsc/event/20040301_0000031/origin/1339097/mag/2</preferredMagnitudeID>
  <creationInfo>
    <agencyURI>smi:smi-registry/organization/EMSC</agencyURI>
    <authorURI>smi:smi-registry/organization/EMSC</authorURI>
    <creationTime>2014-12-03T12:15:50.468073Z</creationTime>
  </creationInfo>
  <description>
    <text>MOROCCO</text>
    <type>Flinn-Engdahl region</type>
  </description>
  <origin publicID="quakeml:eu.emsc/event/20040301_0000031/origin/1339097">
    <time>
      <value>2004-03-01T17:49:50.5Z</value>
      <uncertainty>0.47</uncertainty>
    </time>
    <latitude>
      <value>34.9367</value>
      <uncertainty>10.2</uncertainty>
    </latitude>
    <longitude>
      <value>-3.9531</value>
      <uncertainty>4.9</uncertainty>
    </longitude>
    <depth>
      <value>40000</value>
    </depth>
    <depthType>from location</depthType>
    <methodID>smi:eu.emsc-csem/origin_method/NA</methodID>
    <quality>
      <usedPhaseCount>26</usedPhaseCount>
      <usedStationCount>14</usedStationCount>
      <standardError>0.85</standardError>
      <azimuthalGap>246</azimuthalGap>
      <minimumDistance>0.9</minimumDistance>
      <maximumDistance>3.85</maximumDistance>
    </quality>
    <evaluationMode>manual</evaluationMode>
    <creationInfo>
      <agencyURI>smi:smi-registry/organization/EMSC</agencyURI>
      <authorURI>smi:smi-registry/organization/EMSC</authorURI>
    </creationInfo>
    <originUncertainty>
      <azimuthMaxHorizontalUncertainty>8</azimuthMaxHorizontalUncertainty>
    </originUncertainty>
  </origin>
  <magnitude publicID="quakeml:eu.emsc/event/20040301_0000031/origin/1339097/mag/2">
    <mag>
      <value>3.3</value>
      <uncertainty>0.1</uncertainty>
    </mag>
    <type>mb</type>
    <originID>quakeml:eu.emsc/event/20040301_0000031/origin/1339097</originID>
    <stationCount>13</stationCount>
    <creationInfo>
      <agencyURI>smi:smi-registry/organization/EMSC</agencyURI>
      <authorURI>smi:smi-registry/organization/EMSC</authorURI>
    </creationInfo>
  </magnitude>
</event>
<event publicID="quakeml:eu.emsc/event/20040301_0000045">
  <preferredOriginID>quakeml:eu.emsc/event/20040301_0000045/origin/1338675</preferredOriginID>
  <preferredMagnitudeID>quakeml:eu.emsc/event/20040301_0000045/origin/1338675/mag/1</preferredMagnitudeID>
  <creationInfo>
    <agencyURI>smi:smi-registry/organization/EMSC</agencyURI>
    <authorURI>smi:smi-registry/organization/EMSC</authorURI>
    <creationTime>2014-12-03T16:08:23.616275Z</creationTime>
  </creationInfo>
  <description>
    <text>GERMANY</text>
    <type>Flinn-Engdahl region</type>
  </description>
  <origin publicID="quakeml:eu.emsc/event/20040301_0000045/origin/1338675">
    <time>
      <value>2004-03-01T17:14:26.1Z</value>
      <uncertainty>0.26</uncertainty>
    </time>
    <latitude>
      <value>50.3376</value>
      <uncertainty>5.2</uncertainty>
    </latitude>
    <longitude>
      <value>7.3496</value>
      <uncertainty>3.4</uncertainty>
    </longitude>
    <depth>
      <value>15000</value>
    </depth>
    <depthType>from location</depthType>
    <methodID>smi:eu.emsc-csem/origin_method/NA</methodID>
    <quality>
      <usedPhaseCount>40</usedPhaseCount>
      <usedStationCount>20</usedStationCount>
      <standardError>1.15</standardError>
      <azimuthalGap>137</azimuthalGap>
      <minimumDistance>0.13</minimumDistance>
      <maximumDistance>4.15</maximumDistance>
    </quality>
    <evaluationMode>manual</evaluationMode>
    <creationInfo>
      <agencyURI>smi:smi-registry/organization/EMSC</agencyURI>
      <authorURI>smi:smi-registry/organization/EMSC</authorURI>
    </creationInfo>
    <originUncertainty>
      <azimuthMaxHorizontalUncertainty>57</azimuthMaxHorizontalUncertainty>
    </originUncertainty>
  </origin>
  <magnitude publicID="quakeml:eu.emsc/event/20040301_0000045/origin/1338675/mag/1">
    <mag>
      <value>2.5</value>
      <uncertainty>0.2</uncertainty>
    </mag>
    <type>ML</type>
    <originID>quakeml:eu.emsc/event/20040301_0000045/origin/1338675</originID>
    <stationCount>11</stationCount>
    <creationInfo>
      <agencyURI>smi:smi-registry/organization/EMSC</agencyURI>
      <authorURI>smi:smi-registry/organization/EMSC</authorURI>
    </creationInfo>
  </magnitude>
</event>
<event publicID="quakeml:eu.emsc/event/20040301_0000026">
  <preferredOriginID>quakeml:eu.emsc/event/20040301_0000026/origin/1339106</preferredOriginID>
  <preferredMagnitudeID>quakeml:eu.emsc/event/20040301_0000026/origin/1339106/mag/1</preferredMagnitudeID>
  <creationInfo>
    <agencyURI>smi:smi-registry/organization/EMSC</agencyURI>
    <authorURI>smi:smi-registry/organization/EMSC</authorURI>
    <creationTime>2014-12-03T11:42:37.903073Z</creationTime>
  </creationInfo>
  <description>
    <text>WESTERN IRAN</text>
    <type>Flinn-Engdahl region</type>
  </description>
  <origin publicID="quakeml:eu.emsc/event/20040301_0000026/origin/1339106">
    <time>
      <value>2004-03-01T16:40:44.8Z</value>
      <uncertainty>0.54</uncertainty>
    </time>
    <latitude>
      <value>31.6795</value>
      <uncertainty>19.7</uncertainty>
    </latitude>
    <longitude>
      <value>49.5576</value>
      <uncertainty>7.3</uncertainty>
    </longitude>
    <depth>
      <value>80000</value>
    </depth>
    <depthType>from location</depthType>
    <methodID>smi:eu.emsc-csem/origin_method/NA</methodID>
    <quality>
      <usedPhaseCount>24</usedPhaseCount>
      <usedStationCount>23</usedStationCount>
      <standardError>0.85</standardError>
      <azimuthalGap>229</azimuthalGap>
      <minimumDistance>2.97</minimumDistance>
      <maximumDistance>56.81</maximumDistance>
    </quality>
    <evaluationMode>manual</evaluationMode>
    <creationInfo>
      <agencyURI>smi:smi-registry/organization/EMSC</agencyURI>
      <authorURI>smi:smi-registry/organization/EMSC</authorURI>
    </creationInfo>
    <originUncertainty>
      <azimuthMaxHorizontalUncertainty>91</azimuthMaxHorizontalUncertainty>
    </originUncertainty>
  </origin>
  <magnitude publicID="quakeml:eu.emsc/event/20040301_0000026/origin/1339106/mag/1">
    <mag>
      <value>4.5</value>
      <uncertainty>0.2</uncertainty>
    </mag>
    <type>mb</type>
    <originID>quakeml:eu.emsc/event/20040301_0000026/origin/1339106</originID>
    <stationCount>12</stationCount>
    <creationInfo>
      <agencyURI>smi:smi-registry/organization/EMSC</agencyURI>
      <authorURI>smi:smi-registry/organization/EMSC</authorURI>
    </creationInfo>
  </magnitude>
</event>
<event publicID="quakeml:eu.emsc/event/20040301_0000029">
  <preferredOriginID>quakeml:eu.emsc/event/20040301_0000029/origin/1310574</preferredOriginID>
  <preferredMagnitudeID>quakeml:eu.emsc/event/20040301_0000029/origin/1310574/mag/2</preferredMagnitudeID>
  <creationInfo>
    <agencyURI>smi:smi-registry/organization/EMSC</agencyURI>
    <authorURI>smi:smi-registry/organization/EMSC</authorURI>
    <creationTime>2014-12-11T00:45:14.694893Z</creationTime>
  </creationInfo>
  <description>
    <text>AZORES ISLANDS, PORTUGAL</text>
    <type>Flinn-Engdahl region</type>
  </description>
  <origin publicID="quakeml:eu.emsc/event/20040301_0000029/origin/1310574">
    <time>
      <value>2004-03-01T16:29:51.4Z</value>
    </time>
    <latitude>
      <value>38.63</value>
      <uncertainty>9999.9</uncertainty>
    </latitude>
    <longitude>
      <value>-28.555</value>
      <uncertainty>9999.9</uncertainty>
    </longitude>
    <depth>
      <value>6700.0</value>
    </depth>
    <depthType>from location</depthType>
    <methodID>smi:eu.emsc-csem/origin_method/NA</methodID>
    <quality>
      <usedPhaseCount>6</usedPhaseCount>
      <usedStationCount>4</usedStationCount>
      <standardError>0.83</standardError>
      <azimuthalGap>160</azimuthalGap>
      <minimumDistance>0.11</minimumDistance>
      <maximumDistance>0.26</maximumDistance>
    </quality>
    <evaluationMode>manual</evaluationMode>
    <creationInfo>
      <agencyURI>smi:smi-registry/organization/EMSC</agencyURI>
      <authorURI>smi:smi-registry/organization/EMSC</authorURI>
    </creationInfo>
    <originUncertainty>
      <azimuthMaxHorizontalUncertainty>-99</azimuthMaxHorizontalUncertainty>
    </originUncertainty>
  </origin>
  <magnitude publicID="quakeml:eu.emsc/event/20040301_0000029/origin/1310574/mag/2">
    <mag>
      <value>2.2</value>
    </mag>
    <type>ML</type>
    <originID>quakeml:eu.emsc/event/20040301_0000029/origin/1310574</originID>
    <creationInfo>
      <agencyURI>smi:smi-registry/organization/EMSC</agencyURI>
      <authorURI>smi:smi-registry/organization/EMSC</authorURI>
    </creationInfo>
  </magnitude>
</event>
<event publicID="quakeml:eu.emsc/event/20040301_0000028">
  <preferredOriginID>quakeml:eu.emsc/event/20040301_0000028/origin/1310576</preferredOriginID>
  <preferredMagnitudeID>quakeml:eu.emsc/event/20040301_0000028/origin/1310576/mag/2</preferredMagnitudeID>
  <creationInfo>
    <agencyURI>smi:smi-registry/organization/EMSC</agencyURI>
    <authorURI>smi:smi-registry/organization/EMSC</authorURI>
    <creationTime>2014-12-11T00:45:12.387216Z</creationTime>
  </creationInfo>
  <description>
    <text>SOUTHERN GREECE</text>
    <type>Flinn-Engdahl region</type>
  </description>
  <origin publicID="quakeml:eu.emsc/event/20040301_0000028/origin/1310576">
    <time>
      <value>2004-03-01T16:27:52.1Z</value>
    </time>
    <latitude>
      <value>37.23</value>
      <uncertainty>9999.9</uncertainty>
    </latitude>
    <longitude>
      <value>22.13</value>
      <uncertainty>9999.9</uncertainty>
    </longitude>
    <depth>
      <value>5000</value>
    </depth>
    <depthType>from location</depthType>
    <methodID>smi:eu.emsc-csem/origin_method/NA</methodID>
    <quality>
      <usedPhaseCount>5</usedPhaseCount>
      <usedStationCount>4</usedStationCount>
      <standardError>1.22</standardError>
      <azimuthalGap>160</azimuthalGap>
      <minimumDistance>0.17</minimumDistance>
      <maximumDistance>1.19</maximumDistance>
    </quality>
    <evaluationMode>manual</evaluationMode>
    <creationInfo>
      <agencyURI>smi:smi-registry/organization/EMSC</agencyURI>
      <authorURI>smi:smi-registry/organization/EMSC</authorURI>
    </creationInfo>
    <originUncertainty>
      <azimuthMaxHorizontalUncertainty>-99</azimuthMaxHorizontalUncertainty>
    </originUncertainty>
  </origin>
  <magnitude publicID="quakeml:eu.emsc/event/20040301_0000028/origin/1310576/mag/2">
    <mag>
      <value>2.9</value>
    </mag>
    <type>MD</type>
    <originID>quakeml:eu.emsc/event/20040301_0000028/origin/1310576</originID>
    <creationInfo>
      <agencyURI>smi:smi-registry/organization/EMSC</agencyURI>
      <authorURI>smi:smi-registry/organization/EMSC</authorURI>
    </creationInfo>
  </magnitude>
</event>
<event publicID="quakeml:eu.emsc/event/20040301_0000027">
  <preferredOriginID>quakeml:eu.emsc/event/20040301_0000027/origin/1310578</preferredOriginID>
  <preferredMagnitudeID>quakeml:eu.emsc/event/20040301_0000027/origin/1310578/mag/2</preferredMagnitudeID>
  <creationInfo>
    <agencyURI>smi:smi-registry/organization/EMSC</agencyURI>
    <authorURI>smi:smi-registry/organization/EMSC</authorURI>
    <creationTime>2014-12-11T00:45:08.59465Z</creationTime>
  </creationInfo>
  <description>
    <text>EASTERN TURKEY</text>
    <type>Flinn-Engdahl region</type>
  </description>
  <origin publicID="quakeml:eu.emsc/event/20040301_0000027/origin/1310578">
    <time>
      <value>2004-03-01T16:20:24.0Z</value>
    </time>
    <latitude>
      <value>38.552</value>
      <uncertainty>9999.9</uncertainty>
    </latitude>
    <longitude>
      <value>39.761</value>
      <uncertainty>9999.9</uncertainty>
    </longitude>
    <depth>
      <value>12000</value>
    </depth>
    <depthType>from location</depthType>
    <methodID>smi:eu.emsc-csem/origin_method/NA</methodID>
    <quality>
      <usedPhaseCount>5</usedPhaseCount>
      <usedStationCount>4</usedStationCount>
      <standardError>1</standardError>
      <azimuthalGap>241</azimuthalGap>
      <minimumDistance>0.65</minimumDistance>
      <maximumDistance>1.92</maximumDistance>
    </quality>
    <evaluationMode>manual</evaluationMode>
    <creationInfo>
      <agencyURI>smi:smi-registry/organization/EMSC</agencyURI>
      <authorURI>smi:smi-registry/organization/EMSC</authorURI>
    </creationInfo>
    <originUncertainty>
      <azimuthMaxHorizontalUncertainty>-99</azimuthMaxHorizontalUncertainty>
    </originUncertainty>
  </origin>
  <magnitude publicID="quakeml:eu.emsc/event/20040301_0000027/origin/1310578/mag/2">
    <mag>
      <value>3.1</value>
    </mag>
    <type>MD</type>
    <originID>quakeml:eu.emsc/event/20040301_0000027/origin/1310578</originID>
    <creationInfo>
      <agencyURI>smi:smi-registry/organization/EMSC</agencyURI>
      <authorURI>smi:smi-registry/organization/EMSC</authorURI>
    </creationInfo>
  </magnitude>
</event>
<event publicID="quakeml:eu.emsc/event/20040301_0000025">
  <preferredOriginID>quakeml:eu.emsc/event/20040301_0000025/origin/1339109</preferredOriginID>
  <preferredMagnitudeID>quakeml:eu.emsc/event/20040301_0000025/origin/1339109/mag/2</preferredMagnitudeID>
  <creationInfo>
    <agencyURI>smi:smi-registry/organization/EMSC</agencyURI>
    <authorURI>smi:smi-registry/organization/EMSC</authorURI>
    <creationTime>2014-12-03T11:53:42.307741Z</creationTime>
  </creationInfo>
  <description>
    <text>CYPRUS REGION</text>
    <type>Flinn-Engdahl region</type>
  </description>
  <origin publicID="quakeml:eu.emsc/event/20040301_0000025/origin/1339109">
    <time>
      <value>2004-03-01T14:29:09.5Z</value>
      <uncertainty>0.87</uncertainty>
    </time>
    <latitude>
      <value>34.6577</value>
      <uncertainty>18.8</uncertainty>
    </latitude>
    <longitude>
      <value>33.5367</value>
      <uncertainty>7.3</uncertainty>
    </longitude>
    <depth>
      <value>10000</value>
    </depth>
    <depthType>from location</depthType>
    <methodID>smi:eu.emsc-csem/origin_method/NA</methodID>
    <quality>
      <usedPhaseCount>11</usedPhaseCount>
      <usedStationCount>10</usedStationCount>
      <standardError>0.69</standardError>
      <azimuthalGap>230</azimuthalGap>
      <minimumDistance>0.35</minimumDistance>
      <maximumDistance>1.06</maximumDistance>
    </quality>
    <evaluationMode>manual</evaluationMode>
    <creationInfo>
      <agencyURI>smi:smi-registry/organization/EMSC</agencyURI>
      <authorURI>smi:smi-registry/organization/EMSC</authorURI>
    </creationInfo>
    <originUncertainty>
      <azimuthMaxHorizontalUncertainty>159</azimuthMaxHorizontalUncertainty>
    </originUncertainty>
  </origin>
  <magnitude publicID="quakeml:eu.emsc/event/20040301_0000025/origin/1339109/mag/2">
    <mag>
      <value>3.4</value>
    </mag>
    <type>ML</type>
    <originID>quakeml:eu.emsc/event/20040301_0000025/origin/1339109</originID>
    <creationInfo>
      <agencyURI>smi:smi-registry/organization/EMSC</agencyURI>
      <authorURI>smi:smi-registry/organization/EMSC</authorURI>
    </creationInfo>
  </magnitude>
</event>
<event publicID="quakeml:eu.emsc/event/20040301_0000021">
  <preferredOriginID>quakeml:eu.emsc/event/20040301_0000021/origin/1310580</preferredOriginID>
  <preferredMagnitudeID>quakeml:eu.emsc/event/20040301_0000021/origin/1310580/mag/2</preferredMagnitudeID>
  <creationInfo>
    <agencyURI>smi:smi-registry/organization/EMSC</agencyURI>
    <authorURI>smi:smi-registry/organization/EMSC</authorURI>
    <creationTime>2014-12-11T00:44:45.45998Z</creationTime>
  </creationInfo>
  <description>
    <text>STRAIT OF GIBRALTAR</text>
    <type>Flinn-Engdahl region</type>
  </description>
  <origin publicID="quakeml:eu.emsc/event/20040301_0000021/origin/1310580">
    <time>
      <value>2004-03-01T14:14:58.0Z</value>
    </time>
    <latitude>
      <value>35.2445</value>
      <uncertainty>9999.9</uncertainty>
    </latitude>
    <longitude>
      <value>-3.9626</value>
      <uncertainty>9999.9</uncertainty>
    </longitude>
    <depth>
      <value>0</value>
    </depth>
    <depthType>from location</depthType>
    <methodID>smi:eu.emsc-csem/origin_method/NA</methodID>
    <quality>
      <usedPhaseCount>27</usedPhaseCount>
      <usedStationCount>14</usedStationCount>
      <standardError>2.03</standardError>
      <azimuthalGap>223</azimuthalGap>
      <minimumDistance>0.83</minimumDistance>
      <maximumDistance>3.91</maximumDistance>
    </quality>
    <evaluationMode>manual</evaluationMode>
    <creationInfo>
      <agencyURI>smi:smi-registry/organization/EMSC</agencyURI>
      <authorURI>smi:smi-registry/organization/EMSC</authorURI>
    </creationInfo>
    <originUncertainty>
      <azimuthMaxHorizontalUncertainty>-99</azimuthMaxHorizontalUncertainty>
    </originUncertainty>
  </origin>
  <magnitude publicID="quakeml:eu.emsc/event/20040301_0000021/origin/1310580/mag/2">
    <mag>
      <value>3.6</value>
      <uncertainty>0.2</uncertainty>
    </mag>
    <type>mb</type>
    <originID>quakeml:eu.emsc/event/20040301_0000021/origin/1310580</originID>
    <stationCount>6</stationCount>
    <creationInfo>
      <agencyURI>smi:smi-registry/organization/EMSC</agencyURI>
      <authorURI>smi:smi-registry/organization/EMSC</authorURI>
    </creationInfo>
  </magnitude>
</event>
<event publicID="quakeml:eu.emsc/event/20040301_0000024">
  <preferredOriginID>quakeml:eu.emsc/event/20040301_0000024/origin/1310582</preferredOriginID>
  <preferredMagnitudeID>quakeml:eu.emsc/event/20040301_0000024/origin/1310582/mag/2</preferredMagnitudeID>
  <creationInfo>
    <agencyURI>smi:smi-registry/organization/EMSC</agencyURI>
    <authorURI>smi:smi-registry/organization/EMSC</authorURI>
    <creationTime>2014-12-11T00:44:59.793012Z</creationTime>
  </creationInfo>
  <description>
    <text>SOUTHERN GREECE</text>
    <type>Flinn-Engdahl region</type>
  </description>
  <origin publicID="quakeml:eu.emsc/event/20040301_0000024/origin/1310582">
    <time>
      <value>2004-03-01T13:39:16.8Z</value>
    </time>
    <latitude>
      <value>37.73</value>
      <uncertainty>9999.9</uncertainty>
    </latitude>
    <longitude>
      <value>21.76</value>
      <uncertainty>9999.9</uncertainty>
    </longitude>
    <depth>
      <value>5000</value>
    </depth>
    <depthType>from location</depthType>
    <methodID>smi:eu.emsc-csem/origin_method/NA</methodID>
    <quality>
      <usedPhaseCount>8</usedPhaseCount>
      <usedStationCount>6</usedStationCount>
      <standardError>0.72</standardError>
      <azimuthalGap>129</azimuthalGap>
      <minimumDistance>0.4</minimumDistance>
      <maximumDistance>1.38</maximumDistance>
    </quality>
    <evaluationMode>manual</evaluationMode>
    <creationInfo>
      <agencyURI>smi:smi-registry/organization/EMSC</agencyURI>
      <authorURI>smi:smi-registry/organization/EMSC</authorURI>
    </creationInfo>
    <originUncertainty>
      <azimuthMaxHorizontalUncertainty>-99</azimuthMaxHorizontalUncertainty>
    </originUncertainty>
  </origin>
  <magnitude publicID="quakeml:eu.emsc/event/20040301_0000024/origin/1310582/mag/2">
    <mag>
      <value>3.1</value>
    </mag>
    <type>MD</type>
    <originID>quakeml:eu.emsc/event/20040301_0000024/origin/1310582</originID>
    <creationInfo>
      <agencyURI>smi:smi-registry/organization/EMSC</agencyURI>
      <authorURI>smi:smi-registry/organization/EMSC</authorURI>
    </creationInfo>
  </magnitude>
</event>
<event publicID="quakeml:eu.emsc/event/20040301_0000023">
  <preferredOriginID>quakeml:eu.emsc/event/20040301_0000023/origin/1310584</preferredOriginID>
  <preferredMagnitudeID>quakeml:eu.emsc/event/20040301_0000023/origin/1310584/mag/2</preferredMagnitudeID>
  <creationInfo>
    <agencyURI>smi:smi-registry/organization/EMSC</agencyURI>
    <authorURI>smi:smi-registry/organization/EMSC</authorURI>
    <creationTime>2014-12-11T00:44:51.221943Z</creationTime>
  </creationInfo>
  <description>
    <text>STRAIT OF GIBRALTAR</text>
    <type>Flinn-Engdahl region</type>
  </description>
  <origin publicID="quakeml:eu.emsc/event/20040301_0000023/origin/1310584">
    <time>
      <value>2004-03-01T13:32:34.6Z</value>
    </time>
    <latitude>
      <value>36.4816</value>
      <uncertainty>9999.9</uncertainty>
    </latitude>
    <longitude>
      <value>-3.2426</value>
      <uncertainty>9999.9</uncertainty>
    </longitude>
    <depth>
      <value>0</value>
    </depth>
    <depthType>from location</depthType>
    <methodID>smi:eu.emsc-csem/origin_method/NA</methodID>
    <quality>
      <usedPhaseCount>7</usedPhaseCount>
      <usedStationCount>4</usedStationCount>
      <standardError>0.67</standardError>
      <azimuthalGap>157</azimuthalGap>
      <minimumDistance>0.5</minimumDistance>
      <maximumDistance>1.33</maximumDistance>
    </quality>
    <evaluationMode>manual</evaluationMode>
    <creationInfo>
      <agencyURI>smi:smi-registry/organization/EMSC</agencyURI>
      <authorURI>smi:smi-registry/organization/EMSC</authorURI>
    </creationInfo>
    <originUncertainty>
      <azimuthMaxHorizontalUncertainty>-99</azimuthMaxHorizontalUncertainty>
    </originUncertainty>
  </origin>
  <magnitude publicID="quakeml:eu.emsc/event/20040301_0000023/origin/1310584/mag/2">
    <mag>
      <value>1.8</value>
      <uncertainty>0.2</uncertainty>
    </mag>
    <type>mb</type>
    <originID>quakeml:eu.emsc/event/20040301_0000023/origin/1310584</originID>
    <stationCount>3</stationCount>
    <creationInfo>
      <agencyURI>smi:smi-registry/organization/EMSC</agencyURI>
      <authorURI>smi:smi-registry/organization/EMSC</authorURI>
    </creationInfo>
  </magnitude>
</event>
<event publicID="quakeml:eu.emsc/event/20040301_0000022">
  <preferredOriginID>quakeml:eu.emsc/event/20040301_0000022/origin/1310586</preferredOriginID>
  <preferredMagnitudeID>quakeml:eu.emsc/event/20040301_0000022/origin/1310586/mag/2</preferredMagnitudeID>
  <creationInfo>
    <agencyURI>smi:smi-registry/organization/EMSC</agencyURI>
    <authorURI>smi:smi-registry/organization/EMSC</authorURI>
    <creationTime>2014-12-11T00:44:48.847594Z</creationTime>
  </creationInfo>
  <description>
    <text>WESTERN TURKEY</text>
    <type>Flinn-Engdahl region</type>
  </description>
  <origin publicID="quakeml:eu.emsc/event/20040301_0000022/origin/1310586">
    <time>
      <value>2004-03-01T13:11:45.0Z</value>
    </time>
    <latitude>
      <value>38.969</value>
      <uncertainty>9999.9</uncertainty>
    </latitude>
    <longitude>
      <value>28.218</value>
      <uncertainty>9999.9</uncertainty>
    </longitude>
    <depth>
      <value>29000</value>
    </depth>
    <depthType>from location</depthType>
    <methodID>smi:eu.emsc-csem/origin_method/NA</methodID>
    <quality>
      <usedPhaseCount>7</usedPhaseCount>
      <usedStationCount>4</usedStationCount>
      <standardError>0.89</standardError>
      <azimuthalGap>206</azimuthalGap>
      <minimumDistance>0.33</minimumDistance>
      <maximumDistance>0.94</maximumDistance>
    </quality>
    <evaluationMode>manual</evaluationMode>
    <creationInfo>
      <agencyURI>smi:smi-registry/organization/EMSC</agencyURI>
      <authorURI>smi:smi-registry/organization/EMSC</authorURI>
    </creationInfo>
    <originUncertainty>
      <azimuthMaxHorizontalUncertainty>-99</azimuthMaxHorizontalUncertainty>
    </originUncertainty>
  </origin>
  <magnitude publicID="quakeml:eu.emsc/event/20040301_0000022/origin/1310586/mag/2">
    <mag>
      <value>2.9</value>
    </mag>
    <type>MD</type>
    <originID>quakeml:eu.emsc/event/20040301_0000022/origin/1310586</originID>
    <creationInfo>
      <agencyURI>smi:smi-registry/organization/EMSC</agencyURI>
      <authorURI>smi:smi-registry/organization/EMSC</authorURI>
    </creationInfo>
  </magnitude>
</event>
<event publicID="quakeml:eu.emsc/event/20040301_0000020">
  <preferredOriginID>quakeml:eu.emsc/event/20040301_0000020/origin/1339116</preferredOriginID>
  <preferredMagnitudeID>quakeml:eu.emsc/event/20040301_0000020/origin/1339116/mag/2</preferredMagnitudeID>
  <creationInfo>
    <agencyURI>smi:smi-registry/organization/EMSC</agencyURI>
    <authorURI>smi:smi-registry/organization/EMSC</authorURI>
    <creationTime>2014-12-03T10:41:59.65173Z</creationTime>
  </creationInfo>
  <description>
    <text>SOUTHERN GREECE</text>
    <type>Flinn-Engdahl region</type>
  </description>
  <origin publicID="quakeml:eu.emsc/event/20040301_0000020/origin/1339116">
    <time>
      <value>2004-03-01T13:03:25.5Z</value>
      <uncertainty>0.28</uncertainty>
    </time>
    <latitude>
      <value>36.6773</value>
      <uncertainty>8.8</uncertainty>
    </latitude>
    <longitude>
      <value>23.0344</value>
      <uncertainty>5.5</uncertainty>
    </longitude>
    <depth>
      <value>13800.0</value>
      <uncertainty>0.6</uncertainty>
    </depth>
    <depthType>from location</depthType>
    <methodID>smi:eu.emsc-csem/origin_method/NA</methodID>
    <quality>
      <usedPhaseCount>40</usedPhaseCount>
      <usedStationCount>34</usedStationCount>
      <standardError>1.28</standardError>
      <azimuthalGap>106</azimuthalGap>
      <minimumDistance>0.09</minimumDistance>
      <maximumDistance>120</maximumDistance>
    </quality>
    <evaluationMode>manual</evaluationMode>
    <creationInfo>
      <agencyURI>smi:smi-registry/organization/EMSC</agencyURI>
      <authorURI>smi:smi-registry/organization/EMSC</authorURI>
    </creationInfo>
    <originUncertainty>
      <azimuthMaxHorizontalUncertainty>44</azimuthMaxHorizontalUncertainty>
    </originUncertainty>
  </origin>
  <magnitude publicID="quakeml:eu.emsc/event/20040301_0000020/origin/1339116/mag/2">
    <mag>
      <value>3.3</value>
    </mag>
    <type>ML</type>
    <originID>quakeml:eu.emsc/event/20040301_0000020/origin/1339116</originID>
    <creationInfo>
      <agencyURI>smi:smi-registry/organization/EMSC</agencyURI>
      <authorURI>smi:smi-registry/organization/EMSC</authorURI>
    </creationInfo>
  </magnitude>
</event>
<event publicID="quakeml:eu.emsc/event/20040301_0000015">
  <preferredOriginID>quakeml:eu.emsc/event/20040301_0000015/origin/1339119</preferredOriginID>
  <preferredMagnitudeID>quakeml:eu.emsc/event/20040301_0000015/origin/1339119/mag/2</preferredMagnitudeID>
  <creationInfo>
    <agencyURI>smi:smi-registry/organization/EMSC</agencyURI>
    <authorURI>smi:smi-registry/organization/EMSC</authorURI>
    <creationTime>2014-12-03T12:12:13.824365Z</creationTime>
  </creationInfo>
  <description>
    <text>SPAIN</text>
    <type>Flinn-Engdahl region</type>
  </description>
  <origin publicID="quakeml:eu.emsc/event/20040301_0000015/origin/1339119">
    <time>
      <value>2004-03-01T12:36:18.2Z</value>
      <uncertainty>0.82</uncertainty>
    </time>
    <latitude>
      <value>41.8939</value>
      <uncertainty>12.7</uncertainty>
    </latitude>
    <longitude>
      <value>-1.6992</value>
      <uncertainty>11.6</uncertainty>
    </longitude>
    <depth>
      <value>10000</value>
    </depth>
    <depthType>from location</depthType>
    <methodID>smi:eu.emsc-csem/origin_method/NA</methodID>
    <quality>
      <usedPhaseCount>17</usedPhaseCount>
      <usedStationCount>8</usedStationCount>
      <standardError>0.93</standardError>
      <azimuthalGap>311</azimuthalGap>
      <minimumDistance>1.26</minimumDistance>
      <maximumDistance>4.13</maximumDistance>
    </quality>
    <evaluationMode>manual</evaluationMode>
    <creationInfo>
      <agencyURI>smi:smi-registry/organization/EMSC</agencyURI>
      <authorURI>smi:smi-registry/organization/EMSC</authorURI>
    </creationInfo>
    <originUncertainty>
      <azimuthMaxHorizontalUncertainty>57</azimuthMaxHorizontalUncertainty>
    </originUncertainty>
  </origin>
  <magnitude publicID="quakeml:eu.emsc/event/20040301_0000015/origin/1339119/mag/2">
    <mag>
      <value>3.2</value>
    </mag>
    <type>ML</type>
    <originID>quakeml:eu.emsc/event/20040301_0000015/origin/1339119</originID>
    <creationInfo>
      <agencyURI>smi:smi-registry/organization/EMSC</agencyURI>
      <authorURI>smi:smi-registry/organization/EMSC</authorURI>
    </creationInfo>
  </magnitude>
</event>
<event publicID="quakeml:eu.emsc/event/20040301_0000018">
  <preferredOriginID>quakeml:eu.emsc/event/20040301_0000018/origin/1310588</preferredOriginID>
  <preferredMagnitudeID>quakeml:eu.emsc/event/20040301_0000018/origin/1310588/mag/2</preferredMagnitudeID>
  <creationInfo>
    <agencyURI>smi:smi-registry/organization/EMSC</agencyURI>
    <authorURI>smi:smi-registry/organization/EMSC</authorURI>
    <creationTime>2014-12-11T00:44:39.295685Z</creationTime>
  </creationInfo>
  <description>
    <text>TURKEY-SYRIA BORDER REGION</text>
    <type>Flinn-Engdahl region</type>
  </description>
  <origin publicID="quakeml:eu.emsc/event/20040301_0000018/origin/1310588">
    <time>
      <value>2004-03-01T10:45:51.0Z</value>
    </time>
    <latitude>
      <value>36.869</value>
      <uncertainty>9999.9</uncertainty>
    </latitude>
    <longitude>
      <value>37.531</value>
      <uncertainty>9999.9</uncertainty>
    </longitude>
    <depth>
      <value>5000</value>
    </depth>
    <depthType>from location</depthType>
    <methodID>smi:eu.emsc-csem/origin_method/NA</methodID>
    <quality>
      <usedPhaseCount>6</usedPhaseCount>
      <usedStationCount>4</usedStationCount>
      <standardError>2.26</standardError>
      <azimuthalGap>210</azimuthalGap>
      <minimumDistance>0.4</minimumDistance>
      <maximumDistance>1.62</maximumDistance>
    </quality>
    <evaluationMode>manual</evaluationMode>
    <creationInfo>
      <agencyURI>smi:smi-registry/organization/EMSC</agencyURI>
      <authorURI>smi:smi-registry/organization/EMSC</authorURI>
    </creationInfo>
    <originUncertainty>
      <azimuthMaxHorizontalUncertainty>-99</azimuthMaxHorizontalUncertainty>
    </originUncertainty>
  </origin>
  <magnitude publicID="quakeml:eu.emsc/event/20040301_0000018/origin/1310588/mag/2">
    <mag>
      <value>3.2</value>
    </mag>
    <type>MD</type>
    <originID>quakeml:eu.emsc/event/20040301_0000018/origin/1310588</originID>
    <creationInfo>
      <agencyURI>smi:smi-registry/organization/EMSC</agencyURI>
      <authorURI>smi:smi-registry/organization/EMSC</authorURI>
    </creationInfo>
  </magnitude>
</event>
<event publicID="quakeml:eu.emsc/event/20040301_0000017">
  <preferredOriginID>quakeml:eu.emsc/event/20040301_0000017/origin/1310590</preferredOriginID>
  <preferredMagnitudeID>quakeml:eu.emsc/event/20040301_0000017/origin/1310590/mag/2</preferredMagnitudeID>
  <creationInfo>
    <agencyURI>smi:smi-registry/organization/EMSC</agencyURI>
    <authorURI>smi:smi-registry/organization/EMSC</authorURI>
    <creationTime>2014-12-11T00:44:37.928287Z</creationTime>
  </creationInfo>
  <description>
    <text>CRETE, GREECE</text>
    <type>Flinn-Engdahl region</type>
  </description>
  <origin publicID="quakeml:eu.emsc/event/20040301_0000017/origin/1310590">
    <time>
      <value>2004-03-01T10:08:21.0Z</value>
    </time>
    <latitude>
      <value>34.76</value>
      <uncertainty>9999.9</uncertainty>
    </latitude>
    <longitude>
      <value>23.7</value>
      <uncertainty>9999.9</uncertainty>
    </longitude>
    <depth>
      <value>31000</value>
    </depth>
    <depthType>from location</depthType>
    <methodID>smi:eu.emsc-csem/origin_method/NA</methodID>
    <quality>
      <usedPhaseCount>7</usedPhaseCount>
      <usedStationCount>6</usedStationCount>
      <standardError>1.5</standardError>
      <azimuthalGap>264</azimuthalGap>
      <minimumDistance>0.33</minimumDistance>
      <maximumDistance>2.94</maximumDistance>
    </quality>
    <evaluationMode>manual</evaluationMode>
    <creationInfo>
      <agencyURI>smi:smi-registry/organization/EMSC</agencyURI>
      <authorURI>smi:smi-registry/organization/EMSC</authorURI>
    </creationInfo>
    <originUncertainty>
      <azimuthMaxHorizontalUncertainty>-99</azimuthMaxHorizontalUncertainty>
    </originUncertainty>
  </origin>
  <magnitude publicID="quakeml:eu.emsc/event/20040301_0000017/origin/1310590/mag/2">
    <mag>
      <value>3.4</value>
    </mag>
    <type>MD</type>
    <originID>quakeml:eu.emsc/event/20040301_0000017/origin/1310590</originID>
    <creationInfo>
      <agencyURI>smi:smi-registry/organization/EMSC</agencyURI>
      <authorURI>smi:smi-registry/organization/EMSC</authorURI>
    </creationInfo>
  </magnitude>
</event>
<event publicID="quakeml:eu.emsc/event/20040301_0000016">
  <preferredOriginID>quakeml:eu.emsc/event/20040301_0000016/origin/1310592</preferredOriginID>
  <preferredMagnitudeID>quakeml:eu.emsc/event/20040301_0000016/origin/1310592/mag/2</preferredMagnitudeID>
  <creationInfo>
    <agencyURI>smi:smi-registry/organization/EMSC</agencyURI>
    <authorURI>smi:smi-registry/organization/EMSC</authorURI>
    <creationTime>2014-12-11T00:44:35.84523Z</creationTime>
  </creationInfo>
  <description>
    <text>WESTERN TURKEY</text>
    <type>Flinn-Engdahl region</type>
  </description>
  <origin publicID="quakeml:eu.emsc/event/20040301_0000016/origin/1310592">
    <time>
      <value>2004-03-01T10:04:01.2Z</value>
    </time>
    <latitude>
      <value>39.08</value>
      <uncertainty>9999.9</uncertainty>
    </latitude>
    <longitude>
      <value>27.474</value>
      <uncertainty>9999.9</uncertainty>
    </longitude>
    <depth>
      <value>6000</value>
    </depth>
    <depthType>from location</depthType>
    <methodID>smi:eu.emsc-csem/origin_method/NA</methodID>
    <quality>
      <usedPhaseCount>8</usedPhaseCount>
      <usedStationCount>5</usedStationCount>
      <standardError>1.11</standardError>
      <azimuthalGap>181</azimuthalGap>
      <minimumDistance>0.33</minimumDistance>
      <maximumDistance>1.32</maximumDistance>
    </quality>
    <evaluationMode>manual</evaluationMode>
    <creationInfo>
      <agencyURI>smi:smi-registry/organization/EMSC</agencyURI>
      <authorURI>smi:smi-registry/organization/EMSC</authorURI>
    </creationInfo>
    <originUncertainty>
      <azimuthMaxHorizontalUncertainty>-99</azimuthMaxHorizontalUncertainty>
    </originUncertainty>
  </origin>
  <magnitude publicID="quakeml:eu.emsc/event/20040301_0000016/origin/1310592/mag/2">
    <mag>
      <value>2.9</value>
    </mag>
    <type>MD</type>
    <originID>quakeml:eu.emsc/event/20040301_0000016/origin/1310592</originID>
    <creationInfo>
      <agencyURI>smi:smi-registry/organization/EMSC</agencyURI>
      <authorURI>smi:smi-registry/organization/EMSC</authorURI>
    </creationInfo>
  </magnitude>
</event>
<event publicID="quakeml:eu.emsc/event/20040301_0000014">
  <preferredOriginID>quakeml:eu.emsc/event/20040301_0000014/origin/1339123</preferredOriginID>
  <preferredMagnitudeID>quakeml:eu.emsc/event/20040301_0000014/origin/1339123/mag/2</preferredMagnitudeID>
  <creationInfo>
    <agencyURI>smi:smi-registry/organization/EMSC</agencyURI>
    <authorURI>smi:smi-registry/organization/EMSC</authorURI>
    <creationTime>2014-12-03T10:29:24.693658Z</creationTime>
  </creationInfo>
  <description>
    <text>STRAIT OF GIBRALTAR</text>
    <type>Flinn-Engdahl region</type>
  </description>
  <origin publicID="quakeml:eu.emsc/event/20040301_0000014/origin/1339123">
    <time>
      <value>2004-03-01T08:16:51.3Z</value>
      <uncertainty>0.43</uncertainty>
    </time>
    <latitude>
      <value>35.1473</value>
      <uncertainty>9.3</uncertainty>
    </latitude>
    <longitude>
      <value>-3.9975</value>
      <uncertainty>4.5</uncertainty>
    </longitude>
    <depth>
      <value>2000</value>
    </depth>
    <depthType>from location</depthType>
    <methodID>smi:eu.emsc-csem/origin_method/NA</methodID>
    <quality>
      <usedPhaseCount>34</usedPhaseCount>
      <usedStationCount>20</usedStationCount>
      <standardError>0.95</standardError>
      <azimuthalGap>231</azimuthalGap>
      <minimumDistance>0.09</minimumDistance>
      <maximumDistance>7.11</maximumDistance>
    </quality>
    <evaluationMode>manual</evaluationMode>
    <creationInfo>
      <agencyURI>smi:smi-registry/organization/EMSC</agencyURI>
      <authorURI>smi:smi-registry/organization/EMSC</authorURI>
    </creationInfo>
    <originUncertainty>
      <azimuthMaxHorizontalUncertainty>11</azimuthMaxHorizontalUncertainty>
    </originUncertainty>
  </origin>
  <magnitude publicID="quakeml:eu.emsc/event/20040301_0000014/origin/1339123/mag/2">
    <mag>
      <value>3.1</value>
    </mag>
    <type>MD</type>
    <originID>quakeml:eu.emsc/event/20040301_0000014/origin/1339123</originID>
    <creationInfo>
      <agencyURI>smi:smi-registry/organization/EMSC</agencyURI>
      <authorURI>smi:smi-registry/organization/EMSC</authorURI>
    </creationInfo>
  </magnitude>
</event>
<event publicID="quakeml:eu.emsc/event/20040301_0000012">
  <preferredOriginID>quakeml:eu.emsc/event/20040301_0000012/origin/1339126</preferredOriginID>
  <preferredMagnitudeID>quakeml:eu.emsc/event/20040301_0000012/origin/1339126/mag/2</preferredMagnitudeID>
  <creationInfo>
    <agencyURI>smi:smi-registry/organization/EMSC</agencyURI>
    <authorURI>smi:smi-registry/organization/EMSC</authorURI>
    <creationTime>2014-12-03T10:27:14.864056Z</creationTime>
  </creationInfo>
  <description>
    <text>NORTHERN ITALY</text>
    <type>Flinn-Engdahl region</type>
  </description>
  <origin publicID="quakeml:eu.emsc/event/20040301_0000012/origin/1339126">
    <time>
      <value>2004-03-01T07:27:48.4Z</value>
      <uncertainty>0.14</uncertainty>
    </time>
    <latitude>
      <value>46.503</value>
      <uncertainty>2.8</uncertainty>
    </latitude>
    <longitude>
      <value>13.6384</value>
      <uncertainty>2.4</uncertainty>
    </longitude>
    <depth>
      <value>10000</value>
    </depth>
    <depthType>from location</depthType>
    <methodID>smi:eu.emsc-csem/origin_method/NA</methodID>
    <quality>
      <usedPhaseCount>21</usedPhaseCount>
      <usedStationCount>11</usedStationCount>
      <standardError>0.66</standardError>
      <azimuthalGap>90</azimuthalGap>
      <minimumDistance>0.08</minimumDistance>
      <maximumDistance>1.41</maximumDistance>
    </quality>
    <evaluationMode>manual</evaluationMode>
    <creationInfo>
      <agencyURI>smi:smi-registry/organization/EMSC</agencyURI>
      <authorURI>smi:smi-registry/organization/EMSC</authorURI>
    </creationInfo>
    <originUncertainty>
      <azimuthMaxHorizontalUncertainty>98</azimuthMaxHorizontalUncertainty>
    </originUncertainty>
  </origin>
  <magnitude publicID="quakeml:eu.emsc/event/20040301_0000012/origin/1339126/mag/2">
    <mag>
      <value>1.7</value>
    </mag>
    <type>ML</type>
    <originID>quakeml:eu.emsc/event/20040301_0000012/origin/1339126</originID>
    <creationInfo>
      <agencyURI>smi:smi-registry/organization/EMSC</agencyURI>
      <authorURI>smi:smi-registry/organization/EMSC</authorURI>
    </creationInfo>
  </magnitude>
</event>
<event publicID="quakeml:eu.emsc/event/20040301_0000013">
  <preferredOriginID>quakeml:eu.emsc/event/20040301_0000013/origin/1310594</preferredOriginID>
  <preferredMagnitudeID>quakeml:eu.emsc/event/20040301_0000013/origin/1310594/mag/2</preferredMagnitudeID>
  <creationInfo>
    <agencyURI>smi:smi-registry/organization/EMSC</agencyURI>
    <authorURI>smi:smi-registry/organization/EMSC</authorURI>
    <creationTime>2014-12-11T00:44:30.34346Z</creationTime>
  </creationInfo>
  <description>
    <text>GREECE</text>
    <type>Flinn-Engdahl region</type>
  </description>
  <origin publicID="quakeml:eu.emsc/event/20040301_0000013/origin/1310594">
    <time>
      <value>2004-03-01T07:05:59.1Z</value>
    </time>
    <latitude>
      <value>38.58</value>
      <uncertainty>9999.9</uncertainty>
    </latitude>
    <longitude>
      <value>21.49</value>
      <uncertainty>9999.9</uncertainty>
    </longitude>
    <depth>
      <value>19000</value>
    </depth>
    <depthType>from location</depthType>
    <methodID>smi:eu.emsc-csem/origin_method/NA</methodID>
    <quality>
      <usedPhaseCount>9</usedPhaseCount>
      <usedStationCount>7</usedStationCount>
      <standardError>1.73</standardError>
      <azimuthalGap>94</azimuthalGap>
      <minimumDistance>0.42</minimumDistance>
      <maximumDistance>2.18</maximumDistance>
    </quality>
    <evaluationMode>manual</evaluationMode>
    <creationInfo>
      <agencyURI>smi:smi-registry/organization/EMSC</agencyURI>
      <authorURI>smi:smi-registry/organization/EMSC</authorURI>
    </creationInfo>
    <originUncertainty>
      <azimuthMaxHorizontalUncertainty>-99</azimuthMaxHorizontalUncertainty>
    </originUncertainty>
  </origin>
  <magnitude publicID="quakeml:eu.emsc/event/20040301_0000013/origin/1310594/mag/2">
    <mag>
      <value>3.3</value>
    </mag>
    <type>MD</type>
    <originID>quakeml:eu.emsc/event/20040301_0000013/origin/1310594</originID>
    <creationInfo>
      <agencyURI>smi:smi-registry/organization/EMSC</agencyURI>
      <authorURI>smi:smi-registry/organization/EMSC</authorURI>
    </creationInfo>
  </magnitude>
</event>
<event publicID="quakeml:eu.emsc/event/20040301_0000011">
  <preferredOriginID>quakeml:eu.emsc/event/20040301_0000011/origin/1339128</preferredOriginID>
  <preferredMagnitudeID>quakeml:eu.emsc/event/20040301_0000011/origin/1339128/mag/2</preferredMagnitudeID>
  <creationInfo>
    <agencyURI>smi:smi-registry/organization/EMSC</agencyURI>
    <authorURI>smi:smi-registry/organization/EMSC</authorURI>
    <creationTime>2014-12-03T10:48:08.281155Z</creationTime>
  </creationInfo>
  <description>
    <text>GREECE</text>
    <type>Flinn-Engdahl region</type>
  </description>
  <origin publicID="quakeml:eu.emsc/event/20040301_0000011/origin/1339128">
    <time>
      <value>2004-03-01T06:10:32.2Z</value>
      <uncertainty>0.69</uncertainty>
    </time>
    <latitude>
      <value>38.8611</value>
      <uncertainty>20.7</uncertainty>
    </latitude>
    <longitude>
      <value>20.6519</value>
      <uncertainty>14.5</uncertainty>
    </longitude>
    <depth>
      <value>2000</value>
    </depth>
    <depthType>from location</depthType>
    <methodID>smi:eu.emsc-csem/origin_method/NA</methodID>
    <quality>
      <usedPhaseCount>7</usedPhaseCount>
      <usedStationCount>7</usedStationCount>
      <standardError>1.07</standardError>
      <azimuthalGap>155</azimuthalGap>
      <minimumDistance>0.68</minimumDistance>
      <maximumDistance>2</maximumDistance>
    </quality>
    <evaluationMode>manual</evaluationMode>
    <creationInfo>
      <agencyURI>smi:smi-registry/organization/EMSC</agencyURI>
      <authorURI>smi:smi-registry/organization/EMSC</authorURI>
    </creationInfo>
    <originUncertainty>
      <azimuthMaxHorizontalUncertainty>76</azimuthMaxHorizontalUncertainty>
    </originUncertainty>
  </origin>
  <magnitude publicID="quakeml:eu.emsc/event/20040301_0000011/origin/1339128/mag/2">
    <mag>
      <value>3.2</value>
    </mag>
    <type>MD</type>
    <originID>quakeml:eu.emsc/event/20040301_0000011/origin/1339128</originID>
    <creationInfo>
      <agencyURI>smi:smi-registry/organization/EMSC</agencyURI>
      <authorURI>smi:smi-registry/organization/EMSC</authorURI>
    </creationInfo>
  </magnitude>
</event>
<event publicID="quakeml:eu.emsc/event/20040301_0000048">
  <preferredOriginID>quakeml:eu.emsc/event/20040301_0000048/origin/1310596</preferredOriginID>
  <preferredMagnitudeID>quakeml:eu.emsc/event/20040301_0000048/origin/1310596/mag/2</preferredMagnitudeID>
  <creationInfo>
    <agencyURI>smi:smi-registry/organization/EMSC</agencyURI>
    <authorURI>smi:smi-registry/organization/EMSC</authorURI>
    <creationTime>2014-12-10T18:11:04.291485Z</creationTime>
  </creationInfo>
  <description>
    <text>LUXEMBOURG</text>
    <type>Flinn-Engdahl region</type>
  </description>
  <origin publicID="quakeml:eu.emsc/event/20040301_0000048/origin/1310596">
    <time>
      <value>2004-03-01T06:10:23.1Z</value>
    </time>
    <latitude>
      <value>49.7773</value>
      <uncertainty>9999.9</uncertainty>
    </latitude>
    <longitude>
      <value>6.298</value>
      <uncertainty>9999.9</uncertainty>
    </longitude>
    <depth>
      <value>31100.0</value>
    </depth>
    <depthType>from location</depthType>
    <methodID>smi:eu.emsc-csem/origin_method/NA</methodID>
    <quality>
      <usedPhaseCount>8</usedPhaseCount>
      <usedStationCount>4</usedStationCount>
      <standardError>1.13</standardError>
      <azimuthalGap>232</azimuthalGap>
      <minimumDistance>0.15</minimumDistance>
      <maximumDistance>1.15</maximumDistance>
    </quality>
    <evaluationMode>manual</evaluationMode>
    <creationInfo>
      <agencyURI>smi:smi-registry/organization/EMSC</agencyURI>
      <authorURI>smi:smi-registry/organization/EMSC</authorURI>
    </creationInfo>
    <originUncertainty>
      <azimuthMaxHorizontalUncertainty>-99</azimuthMaxHorizontalUncertainty>
    </originUncertainty>
  </origin>
  <magnitude publicID="quakeml:eu.emsc/event/20040301_0000048/origin/1310596/mag/2">
    <mag>
      <value>1.1</value>
      <uncertainty>0.2</uncertainty>
    </mag>
    <type>ML</type>
    <originID>quakeml:eu.emsc/event/20040301_0000048/origin/1310596</originID>
    <creationInfo>
      <agencyURI>smi:smi-registry/organization/EMSC</agencyURI>
      <authorURI>smi:smi-registry/organization/EMSC</authorURI>
    </creationInfo>
  </magnitude>
</event>
<event publicID="quakeml:eu.emsc/event/20040301_0000008">
  <preferredOriginID>quakeml:eu.emsc/event/20040301_0000008/origin/1339134</preferredOriginID>
  <preferredMagnitudeID>quakeml:eu.emsc/event/20040301_0000008/origin/1339134/mag/2</preferredMagnitudeID>
  <creationInfo>
    <agencyURI>smi:smi-registry/organization/EMSC</agencyURI>
    <authorURI>smi:smi-registry/organization/EMSC</authorURI>
    <creationTime>2014-12-03T11:20:52.372872Z</creationTime>
  </creationInfo>
  <description>
    <text>STRAIT OF GIBRALTAR</text>
    <type>Flinn-Engdahl region</type>
  </description>
  <origin publicID="quakeml:eu.emsc/event/20040301_0000008/origin/1339134">
    <time>
      <value>2004-03-01T04:59:23.8Z</value>
      <uncertainty>0.27</uncertainty>
    </time>
    <latitude>
      <value>35.0993</value>
      <uncertainty>5.9</uncertainty>
    </latitude>
    <longitude>
      <value>-3.9778</value>
      <uncertainty>4.7</uncertainty>
    </longitude>
    <depth>
      <value>2000</value>
    </depth>
    <depthType>from location</depthType>
    <methodID>smi:eu.emsc-csem/origin_method/NA</methodID>
    <quality>
      <usedPhaseCount>63</usedPhaseCount>
      <usedStationCount>44</usedStationCount>
      <standardError>1.32</standardError>
      <azimuthalGap>114</azimuthalGap>
      <minimumDistance>0.13</minimumDistance>
      <maximumDistance>8.75</maximumDistance>
    </quality>
    <evaluationMode>manual</evaluationMode>
    <creationInfo>
      <agencyURI>smi:smi-registry/organization/EMSC</agencyURI>
      <authorURI>smi:smi-registry/organization/EMSC</authorURI>
    </creationInfo>
    <originUncertainty>
      <azimuthMaxHorizontalUncertainty>14</azimuthMaxHorizontalUncertainty>
    </originUncertainty>
  </origin>
  <magnitude publicID="quakeml:eu.emsc/event/20040301_0000008/origin/1339134/mag/2">
    <mag>
      <value>3.4</value>
    </mag>
    <type>MD</type>
    <originID>quakeml:eu.emsc/event/20040301_0000008/origin/1339134</originID>
    <creationInfo>
      <agencyURI>smi:smi-registry/organization/EMSC</agencyURI>
      <authorURI>smi:smi-registry/organization/EMSC</authorURI>
    </creationInfo>
  </magnitude>
</event>
<event publicID="quakeml:eu.emsc/event/20040301_0000051">
  <preferredOriginID>quakeml:eu.emsc/event/20040301_0000051/origin/1310598</preferredOriginID>
  <creationInfo>
    <agencyURI>smi:smi-registry/organization/EMSC</agencyURI>
    <authorURI>smi:smi-registry/organization/EMSC</authorURI>
    <creationTime>2014-12-10T18:11:03.81393Z</creationTime>
  </creationInfo>
  <description>
    <text>PYRENEES</text>
    <type>Flinn-Engdahl region</type>
  </description>
  <origin publicID="quakeml:eu.emsc/event/20040301_0000051/origin/1310598">
    <time>
      <value>2004-03-01T04:44:18.0Z</value>
    </time>
    <latitude>
      <value>42.9355</value>
      <uncertainty>9999.9</uncertainty>
    </latitude>
    <longitude>
      <value>-1.3352</value>
      <uncertainty>9999.9</uncertainty>
    </longitude>
    <depth>
      <value>10200.0</value>
    </depth>
    <depthType>from location</depthType>
    <methodID>smi:eu.emsc-csem/origin_method/NA</methodID>
    <quality>
      <usedPhaseCount>8</usedPhaseCount>
      <usedStationCount>4</usedStationCount>
      <standardError>1.1</standardError>
      <azimuthalGap>175</azimuthalGap>
      <minimumDistance>0.31</minimumDistance>
      <maximumDistance>2.18</maximumDistance>
    </quality>
    <evaluationMode>manual</evaluationMode>
    <creationInfo>
      <agencyURI>smi:smi-registry/organization/EMSC</agencyURI>
      <authorURI>smi:smi-registry/organization/EMSC</authorURI>
    </creationInfo>
    <originUncertainty>
      <azimuthMaxHorizontalUncertainty>-99</azimuthMaxHorizontalUncertainty>
    </originUncertainty>
  </origin>
</event>
<event publicID="quakeml:eu.emsc/event/20040301_0000007">
  <preferredOriginID>quakeml:eu.emsc/event/20040301_0000007/origin/1339138</preferredOriginID>
  <preferredMagnitudeID>quakeml:eu.emsc/event/20040301_0000007/origin/1339138/mag/2</preferredMagnitudeID>
  <creationInfo>
    <agencyURI>smi:smi-registry/organization/EMSC</agencyURI>
    <authorURI>smi:smi-registry/organization/EMSC</authorURI>
    <creationTime>2014-12-03T10:57:41.699028Z</creationTime>
  </creationInfo>
  <description>
    <text>STRAIT OF GIBRALTAR</text>
    <type>Flinn-Engdahl region</type>
  </description>
  <origin publicID="quakeml:eu.emsc/event/20040301_0000007/origin/1339138">
    <time>
      <value>2004-03-01T02:49:12.0Z</value>
      <uncertainty>0.55</uncertainty>
    </time>
    <latitude>
      <value>35.0581</value>
      <uncertainty>13.2</uncertainty>
    </latitude>
    <longitude>
      <value>-3.9425</value>
      <uncertainty>9.5</uncertainty>
    </longitude>
    <depth>
      <value>2000</value>
    </depth>
    <depthType>from location</depthType>
    <methodID>smi:eu.emsc-csem/origin_method/NA</methodID>
    <quality>
      <usedPhaseCount>19</usedPhaseCount>
      <usedStationCount>14</usedStationCount>
      <standardError>1.21</standardError>
      <azimuthalGap>190</azimuthalGap>
      <minimumDistance>0.17</minimumDistance>
      <maximumDistance>4.61</maximumDistance>
    </quality>
    <evaluationMode>manual</evaluationMode>
    <creationInfo>
      <agencyURI>smi:smi-registry/organization/EMSC</agencyURI>
      <authorURI>smi:smi-registry/organization/EMSC</authorURI>
    </creationInfo>
    <originUncertainty>
      <azimuthMaxHorizontalUncertainty>14</azimuthMaxHorizontalUncertainty>
    </originUncertainty>
  </origin>
  <magnitude publicID="quakeml:eu.emsc/event/20040301_0000007/origin/1339138/mag/2">
    <mag>
      <value>3.1</value>
      <uncertainty>0.1</uncertainty>
    </mag>
    <type>mb</type>
    <originID>quakeml:eu.emsc/event/20040301_0000007/origin/1339138</originID>
    <stationCount>11</stationCount>
    <creationInfo>
      <agencyURI>smi:smi-registry/organization/EMSC</agencyURI>
      <authorURI>smi:smi-registry/organization/EMSC</authorURI>
    </creationInfo>
  </magnitude>
</event>
<event publicID="quakeml:eu.emsc/event/20040301_0000006">
  <preferredOriginID>quakeml:eu.emsc/event/20040301_0000006/origin/1339142</preferredOriginID>
  <preferredMagnitudeID>quakeml:eu.emsc/event/20040301_0000006/origin/1339142/mag/2</preferredMagnitudeID>
  <creationInfo>
    <agencyURI>smi:smi-registry/organization/EMSC</agencyURI>
    <authorURI>smi:smi-registry/organization/EMSC</authorURI>
    <creationTime>2014-12-03T11:06:58.175886Z</creationTime>
  </creationInfo>
  <description>
    <text>STRAIT OF GIBRALTAR</text>
    <type>Flinn-Engdahl region</type>
  </description>
  <origin publicID="quakeml:eu.emsc/event/20040301_0000006/origin/1339142">
    <time>
      <value>2004-03-01T02:18:11.5Z</value>
      <uncertainty>0.49</uncertainty>
    </time>
    <latitude>
      <value>35.0235</value>
      <uncertainty>10.3</uncertainty>
    </latitude>
    <longitude>
      <value>-3.8792</value>
      <uncertainty>5.4</uncertainty>
    </longitude>
    <depth>
      <value>40000</value>
    </depth>
    <depthType>from location</depthType>
    <methodID>smi:eu.emsc-csem/origin_method/NA</methodID>
    <quality>
      <usedPhaseCount>51</usedPhaseCount>
      <usedStationCount>35</usedStationCount>
      <standardError>1</standardError>
      <azimuthalGap>241</azimuthalGap>
      <minimumDistance>0.81</minimumDistance>
      <maximumDistance>8.67</maximumDistance>
    </quality>
    <evaluationMode>manual</evaluationMode>
    <creationInfo>
      <agencyURI>smi:smi-registry/organization/EMSC</agencyURI>
      <authorURI>smi:smi-registry/organization/EMSC</authorURI>
    </creationInfo>
    <originUncertainty>
      <azimuthMaxHorizontalUncertainty>3</azimuthMaxHorizontalUncertainty>
    </originUncertainty>
  </origin>
  <magnitude publicID="quakeml:eu.emsc/event/20040301_0000006/origin/1339142/mag/2">
    <mag>
      <value>4</value>
      <uncertainty>0.1</uncertainty>
    </mag>
    <type>mb</type>
    <originID>quakeml:eu.emsc/event/20040301_0000006/origin/1339142</originID>
    <stationCount>31</stationCount>
    <creationInfo>
      <agencyURI>smi:smi-registry/organization/EMSC</agencyURI>
      <authorURI>smi:smi-registry/organization/EMSC</authorURI>
    </creationInfo>
  </magnitude>
</event>
<event publicID="quakeml:eu.emsc/event/20040301_0000002">
  <preferredOriginID>quakeml:eu.emsc/event/20040301_0000002/origin/1310600</preferredOriginID>
  <preferredMagnitudeID>quakeml:eu.emsc/event/20040301_0000002/origin/1310600/mag/2</preferredMagnitudeID>
  <creationInfo>
    <agencyURI>smi:smi-registry/organization/EMSC</agencyURI>
    <authorURI>smi:smi-registry/organization/EMSC</authorURI>
    <creationTime>2014-12-10T08:15:08.688128Z</creationTime>
  </creationInfo>
  <description>
    <text>STRAIT OF GIBRALTAR</text>
    <type>Flinn-Engdahl region</type>
  </description>
  <origin publicID="quakeml:eu.emsc/event/20040301_0000002/origin/1310600">
    <time>
      <value>2004-03-01T02:17:07.4Z</value>
    </time>
    <latitude>
      <value>35.28</value>
      <uncertainty>9999.9</uncertainty>
    </latitude>
    <longitude>
      <value>-3.89</value>
      <uncertainty>9999.9</uncertainty>
    </longitude>
    <depth>
      <value>9000</value>
    </depth>
    <depthType>from location</depthType>
    <methodID>smi:eu.emsc-csem/origin_method/NA</methodID>
    <quality>
      <usedPhaseCount>8</usedPhaseCount>
      <usedStationCount>4</usedStationCount>
      <standardError>1.7</standardError>
      <azimuthalGap>250</azimuthalGap>
      <minimumDistance>0.07</minimumDistance>
      <maximumDistance>2.17</maximumDistance>
    </quality>
    <evaluationMode>manual</evaluationMode>
    <creationInfo>
      <agencyURI>smi:smi-registry/organization/EMSC</agencyURI>
      <authorURI>smi:smi-registry/organization/EMSC</authorURI>
    </creationInfo>
    <originUncertainty>
      <azimuthMaxHorizontalUncertainty>-99</azimuthMaxHorizontalUncertainty>
    </originUncertainty>
  </origin>
  <magnitude publicID="quakeml:eu.emsc/event/20040301_0000002/origin/1310600/mag/2">
    <mag>
      <value>3</value>
    </mag>
    <type>MD</type>
    <originID>quakeml:eu.emsc/event/20040301_0000002/origin/1310600</originID>
    <creationInfo>
      <agencyURI>smi:smi-registry/organization/EMSC</agencyURI>
      <authorURI>smi:smi-registry/organization/EMSC</authorURI>
    </creationInfo>
  </magnitude>
</event>
<event publicID="quakeml:eu.emsc/event/20040301_0000005">
  <preferredOriginID>quakeml:eu.emsc/event/20040301_0000005/origin/1339146</preferredOriginID>
  <preferredMagnitudeID>quakeml:eu.emsc/event/20040301_0000005/origin/1339146/mag/2</preferredMagnitudeID>
  <creationInfo>
    <agencyURI>smi:smi-registry/organization/EMSC</agencyURI>
    <authorURI>smi:smi-registry/organization/EMSC</authorURI>
    <creationTime>2014-12-03T11:21:51.109973Z</creationTime>
  </creationInfo>
  <description>
    <text>STRAIT OF GIBRALTAR</text>
    <type>Flinn-Engdahl region</type>
  </description>
  <origin publicID="quakeml:eu.emsc/event/20040301_0000005/origin/1339146">
    <time>
      <value>2004-03-01T01:20:52.3Z</value>
      <uncertainty>0.3</uncertainty>
    </time>
    <latitude>
      <value>35.0077</value>
      <uncertainty>6.5</uncertainty>
    </latitude>
    <longitude>
      <value>-3.9631</value>
      <uncertainty>5</uncertainty>
    </longitude>
    <depth>
      <value>40000</value>
    </depth>
    <depthType>from location</depthType>
    <methodID>smi:eu.emsc-csem/origin_method/NA</methodID>
    <quality>
      <usedPhaseCount>33</usedPhaseCount>
      <usedStationCount>22</usedStationCount>
      <standardError>1.02</standardError>
      <azimuthalGap>121</azimuthalGap>
      <minimumDistance>0.88</minimumDistance>
      <maximumDistance>7.57</maximumDistance>
    </quality>
    <evaluationMode>manual</evaluationMode>
    <creationInfo>
      <agencyURI>smi:smi-registry/organization/EMSC</agencyURI>
      <authorURI>smi:smi-registry/organization/EMSC</authorURI>
    </creationInfo>
    <originUncertainty>
      <azimuthMaxHorizontalUncertainty>12</azimuthMaxHorizontalUncertainty>
    </originUncertainty>
  </origin>
  <magnitude publicID="quakeml:eu.emsc/event/20040301_0000005/origin/1339146/mag/2">
    <mag>
      <value>2.5</value>
    </mag>
    <type>MD</type>
    <originID>quakeml:eu.emsc/event/20040301_0000005/origin/1339146</originID>
    <creationInfo>
      <agencyURI>smi:smi-registry/organization/EMSC</agencyURI>
      <authorURI>smi:smi-registry/organization/EMSC</authorURI>
    </creationInfo>
  </magnitude>
</event>
<event publicID="quakeml:eu.emsc/event/20040301_0000004">
  <preferredOriginID>quakeml:eu.emsc/event/20040301_0000004/origin/1339150</preferredOriginID>
  <preferredMagnitudeID>quakeml:eu.emsc/event/20040301_0000004/origin/1339150/mag/2</preferredMagnitudeID>
  <creationInfo>
    <agencyURI>smi:smi-registry/organization/EMSC</agencyURI>
    <authorURI>smi:smi-registry/organization/EMSC</authorURI>
    <creationTime>2014-12-03T11:59:24.13501Z</creationTime>
  </creationInfo>
  <description>
    <text>MOROCCO</text>
    <type>Flinn-Engdahl region</type>
  </description>
  <origin publicID="quakeml:eu.emsc/event/20040301_0000004/origin/1339150">
    <time>
      <value>2004-03-01T01:01:42.0Z</value>
      <uncertainty>0.4</uncertainty>
    </time>
    <latitude>
      <value>34.9583</value>
      <uncertainty>8.6</uncertainty>
    </latitude>
    <longitude>
      <value>-3.6985</value>
      <uncertainty>6.2</uncertainty>
    </longitude>
    <depth>
      <value>12000</value>
    </depth>
    <depthType>from location</depthType>
    <methodID>smi:eu.emsc-csem/origin_method/NA</methodID>
    <quality>
      <usedPhaseCount>27</usedPhaseCount>
      <usedStationCount>19</usedStationCount>
      <standardError>1.25</standardError>
      <azimuthalGap>130</azimuthalGap>
      <minimumDistance>0.05</minimumDistance>
      <maximumDistance>4.71</maximumDistance>
    </quality>
    <evaluationMode>manual</evaluationMode>
    <creationInfo>
      <agencyURI>smi:smi-registry/organization/EMSC</agencyURI>
      <authorURI>smi:smi-registry/organization/EMSC</authorURI>
    </creationInfo>
  </origin>
  <magnitude publicID="quakeml:eu.emsc/event/20040301_0000004/origin/1339150/mag/2">
    <mag>
      <value>2.5</value>
    </mag>
    <type>MD</type>
    <originID>quakeml:eu.emsc/event/20040301_0000004/origin/1339150</originID>
    <creationInfo>
      <agencyURI>smi:smi-registry/organization/EMSC</agencyURI>
      <authorURI>smi:smi-registry/organization/EMSC</authorURI>
    </creationInfo>
  </magnitude>
</event>
<event publicID="quakeml:eu.emsc/event/20040301_0000050">
  <preferredOriginID>quakeml:eu.emsc/event/20040301_0000050/origin/1338678</preferredOriginID>
  <preferredMagnitudeID>quakeml:eu.emsc/event/20040301_0000050/origin/1338678/mag/1</preferredMagnitudeID>
  <creationInfo>
    <agencyURI>smi:smi-registry/organization/EMSC</agencyURI>
    <authorURI>smi:smi-registry/organization/EMSC</authorURI>
    <creationTime>2014-12-03T16:55:22.321528Z</creationTime>
  </creationInfo>
  <description>
    <text>FRANCE</text>
    <type>Flinn-Engdahl region</type>
  </description>
  <origin publicID="quakeml:eu.emsc/event/20040301_0000050/origin/1338678">
    <time>
      <value>2004-03-01T00:47:41.7Z</value>
      <uncertainty>0.06</uncertainty>
    </time>
    <latitude>
      <value>44.6327</value>
      <uncertainty>1.7</uncertainty>
    </latitude>
    <longitude>
      <value>6.6869</value>
      <uncertainty>1</uncertainty>
    </longitude>
    <depth>
      <value>10000</value>
    </depth>
    <depthType>from location</depthType>
    <methodID>smi:eu.emsc-csem/origin_method/NA</methodID>
    <quality>
      <usedPhaseCount>32</usedPhaseCount>
      <usedStationCount>18</usedStationCount>
      <standardError>0.34</standardError>
      <azimuthalGap>103</azimuthalGap>
      <minimumDistance>0.11</minimumDistance>
      <maximumDistance>2.1</maximumDistance>
    </quality>
    <evaluationMode>manual</evaluationMode>
    <creationInfo>
      <agencyURI>smi:smi-registry/organization/EMSC</agencyURI>
      <authorURI>smi:smi-registry/organization/EMSC</authorURI>
    </creationInfo>
    <originUncertainty>
      <azimuthMaxHorizontalUncertainty>63</azimuthMaxHorizontalUncertainty>
    </originUncertainty>
  </origin>
  <magnitude publicID="quakeml:eu.emsc/event/20040301_0000050/origin/1338678/mag/1">
    <mag>
      <value>2.3</value>
      <uncertainty>0.3</uncertainty>
    </mag>
    <type>ML</type>
    <originID>quakeml:eu.emsc/event/20040301_0000050/origin/1338678</originID>
    <stationCount>10</stationCount>
    <creationInfo>
      <agencyURI>smi:smi-registry/organization/EMSC</agencyURI>
      <authorURI>smi:smi-registry/organization/EMSC</authorURI>
    </creationInfo>
  </magnitude>
</event>
<event publicID="quakeml:eu.emsc/event/20040301_0000003">
  <preferredOriginID>quakeml:eu.emsc/event/20040301_0000003/origin/1434420</preferredOriginID>
  <preferredMagnitudeID>quakeml:eu.emsc/event/20040301_0000003/origin/1434420/mag/3</preferredMagnitudeID>
  <creationInfo>
    <agencyURI>smi:smi-registry/organization/EMSC</agencyURI>
    <authorURI>smi:smi-registry/organization/EMSC</authorURI>
    <creationTime>2014-12-03T10:34:27.937336Z</creationTime>
  </creationInfo>
  <description>
    <text>SOUTHERN GREECE</text>
    <type>Flinn-Engdahl region</type>
  </description>
  <origin publicID="quakeml:eu.emsc/event/20040301_0000003/origin/1434420">
    <time>
      <value>2004-03-01T00:35:58.2Z</value>
      <uncertainty>0.09</uncertainty>
    </time>
    <latitude>
      <value>37.1618</value>
      <uncertainty>3</uncertainty>
    </latitude>
    <longitude>
      <value>22.0974</value>
      <uncertainty>1.9</uncertainty>
    </longitude>
    <depth>
      <value>10000</value>
    </depth>
    <depthType>from location</depthType>
    <methodID>smi:eu.emsc-csem/origin_method/NA</methodID>
    <quality>
      <usedPhaseCount>453</usedPhaseCount>
      <usedStationCount>406</usedStationCount>
      <standardError>1.07</standardError>
      <azimuthalGap>40</azimuthalGap>
      <minimumDistance>0.14</minimumDistance>
      <maximumDistance>88.23</maximumDistance>
    </quality>
    <evaluationMode>manual</evaluationMode>
    <creationInfo>
      <agencyURI>smi:smi-registry/organization/EMSC</agencyURI>
      <authorURI>smi:smi-registry/organization/EMSC</authorURI>
    </creationInfo>
    <originUncertainty>
      <azimuthMaxHorizontalUncertainty>6</azimuthMaxHorizontalUncertainty>
    </originUncertainty>
  </origin>
  <magnitude publicID="quakeml:eu.emsc/event/20040301_0000003/origin/1434420/mag/3">
    <mag>
      <value>5.5</value>
      <uncertainty>0.3</uncertainty>
    </mag>
    <type>mb</type>
    <originID>quakeml:eu.emsc/event/20040301_0000003/origin/1434420</originID>
    <stationCount>70</stationCount>
    <creationInfo>
      <agencyURI>smi:smi-registry/organization/EMSC</agencyURI>
      <authorURI>smi:smi-registry/organization/EMSC</authorURI>
    </creationInfo>
  </magnitude>
</event>
<event publicID="quakeml:eu.emsc/event/20040301_0000001">
  <preferredOriginID>quakeml:eu.emsc/event/20040301_0000001/origin/1340009</preferredOriginID>
  <preferredMagnitudeID>quakeml:eu.emsc/event/20040301_0000001/origin/1340009/mag/2</preferredMagnitudeID>
  <creationInfo>
    <agencyURI>smi:smi-registry/organization/EMSC</agencyURI>
    <authorURI>smi:smi-registry/organization/EMSC</authorURI>
    <creationTime>2014-12-03T11:37:37.234732Z</creationTime>
  </creationInfo>
  <description>
    <text>STRAIT OF GIBRALTAR</text>
    <type>Flinn-Engdahl region</type>
  </description>
  <origin publicID="quakeml:eu.emsc/event/20040301_0000001/origin/1340009">
    <time>
      <value>2004-03-01T00:28:49.6Z</value>
      <uncertainty>0.69</uncertainty>
    </time>
    <latitude>
      <value>35.0166</value>
      <uncertainty>15.8</uncertainty>
    </latitude>
    <longitude>
      <value>-3.9872</value>
      <uncertainty>6.5</uncertainty>
    </longitude>
    <depth>
      <value>40000</value>
    </depth>
    <depthType>from location</depthType>
    <methodID>smi:eu.emsc-csem/origin_method/NA</methodID>
    <quality>
      <usedPhaseCount>20</usedPhaseCount>
      <usedStationCount>12</usedStationCount>
      <standardError>1.06</standardError>
      <azimuthalGap>241</azimuthalGap>
      <minimumDistance>0.9</minimumDistance>
      <maximumDistance>4.12</maximumDistance>
    </quality>
    <evaluationMode>manual</evaluationMode>
    <creationInfo>
      <agencyURI>smi:smi-registry/organization/EMSC</agencyURI>
      <authorURI>smi:smi-registry/organization/EMSC</authorURI>
    </creationInfo>
    <originUncertainty>
      <azimuthMaxHorizontalUncertainty>5</azimuthMaxHorizontalUncertainty>
    </originUncertainty>
  </origin>
  <magnitude publicID="quakeml:eu.emsc/event/20040301_0000001/origin/1340009/mag/2">
    <mag>
      <value>3.3</value>
      <uncertainty>0.2</uncertainty>
    </mag>
    <type>mb</type>
    <originID>quakeml:eu.emsc/event/20040301_0000001/origin/1340009</originID>
    <stationCount>5</stationCount>
    <creationInfo>
      <agencyURI>smi:smi-registry/organization/EMSC</agencyURI>
      <authorURI>smi:smi-registry/organization/EMSC</authorURI>
    </creationInfo>
  </magnitude>
</event>
</eventParameters>
</q:quakeml>
