<?xml version="1.0"?>
<q:quakeml xmlns:q="http://quakeml.org/xmlns/quakeml/1.2"  xmlns="http://quakeml.org/xmlns/bed/1.2">
<eventParameters publicID="smi:eu.emsc/unid">
<event publicID="quakeml:eu.emsc/event/20040819_0000036">
  <preferredOriginID>quakeml:eu.emsc/event/20040819_0000036/origin/1305166</preferredOriginID>
  <preferredMagnitudeID>quakeml:eu.emsc/event/20040819_0000036/origin/1305166/mag/2</preferredMagnitudeID>
  <creationInfo>
    <agencyURI>smi:smi-registry/organization/EMSC</agencyURI>
    <authorURI>smi:smi-registry/organization/EMSC</authorURI>
    <creationTime>2014-12-10T18:17:17.420348Z</creationTime>
  </creationInfo>
  <description>
    <text>NORTHERN ITALY</text>
    <type>Flinn-Engdahl region</type>
  </description>
  <origin publicID="quakeml:eu.emsc/event/20040819_0000036/origin/1305166">
    <time>
      <value>2004-08-19T22:22:45.6Z</value>
    </time>
    <latitude>
      <value>44.7005</value>
      <uncertainty>9999.9</uncertainty>
    </latitude>
    <longitude>
      <value>7.2132</value>
      <uncertainty>9999.9</uncertainty>
    </longitude>
    <depth>
      <value>19800.0</value>
    </depth>
    <depthType>from location</depthType>
    <methodID>smi:eu.emsc-csem/origin_method/NA</methodID>
    <quality>
      <usedPhaseCount>15</usedPhaseCount>
      <usedStationCount>8</usedStationCount>
      <standardError>4.19</standardError>
      <azimuthalGap>143</azimuthalGap>
      <minimumDistance>0.21</minimumDistance>
      <maximumDistance>0.76</maximumDistance>
    </quality>
    <evaluationMode>manual</evaluationMode>
    <creationInfo>
      <agencyURI>smi:smi-registry/organization/EMSC</agencyURI>
      <authorURI>smi:smi-registry/organization/EMSC</authorURI>
    </creationInfo>
    <originUncertainty>
      <azimuthMaxHorizontalUncertainty>-99</azimuthMaxHorizontalUncertainty>
    </originUncertainty>
  </origin>
  <magnitude publicID="quakeml:eu.emsc/event/20040819_0000036/origin/1305166/mag/2">
    <mag>
      <value>2.1</value>
    </mag>
    <type>ML</type>
    <originID>quakeml:eu.emsc/event/20040819_0000036/origin/1305166</originID>
    <creationInfo>
      <agencyURI>smi:smi-registry/organization/EMSC</agencyURI>
      <authorURI>smi:smi-registry/organization/EMSC</authorURI>
    </creationInfo>
  </magnitude>
</event>
<event publicID="quakeml:eu.emsc/event/20040819_0000033">
  <preferredOriginID>quakeml:eu.emsc/event/20040819_0000033/origin/1305168</preferredOriginID>
  <preferredMagnitudeID>quakeml:eu.emsc/event/20040819_0000033/origin/1305168/mag/2</preferredMagnitudeID>
  <creationInfo>
    <agencyURI>smi:smi-registry/organization/EMSC</agencyURI>
    <authorURI>smi:smi-registry/organization/EMSC</authorURI>
    <creationTime>2014-12-11T03:47:34.499291Z</creationTime>
  </creationInfo>
  <description>
    <text>WESTERN TURKEY</text>
    <type>Flinn-Engdahl region</type>
  </description>
  <origin publicID="quakeml:eu.emsc/event/20040819_0000033/origin/1305168">
    <time>
      <value>2004-08-19T21:26:12.3Z</value>
    </time>
    <latitude>
      <value>37.869</value>
      <uncertainty>9999.9</uncertainty>
    </latitude>
    <longitude>
      <value>28.523</value>
      <uncertainty>9999.9</uncertainty>
    </longitude>
    <depth>
      <value>3000</value>
    </depth>
    <depthType>from location</depthType>
    <methodID>smi:eu.emsc-csem/origin_method/NA</methodID>
    <quality>
      <usedPhaseCount>10</usedPhaseCount>
      <usedStationCount>9</usedStationCount>
      <standardError>1.18</standardError>
      <azimuthalGap>103</azimuthalGap>
      <minimumDistance>0.42</minimumDistance>
      <maximumDistance>1.84</maximumDistance>
    </quality>
    <evaluationMode>manual</evaluationMode>
    <creationInfo>
      <agencyURI>smi:smi-registry/organization/EMSC</agencyURI>
      <authorURI>smi:smi-registry/organization/EMSC</authorURI>
    </creationInfo>
    <originUncertainty>
      <azimuthMaxHorizontalUncertainty>-99</azimuthMaxHorizontalUncertainty>
    </originUncertainty>
  </origin>
  <magnitude publicID="quakeml:eu.emsc/event/20040819_0000033/origin/1305168/mag/2">
    <mag>
      <value>3.1</value>
    </mag>
    <type>MD</type>
    <originID>quakeml:eu.emsc/event/20040819_0000033/origin/1305168</originID>
    <creationInfo>
      <agencyURI>smi:smi-registry/organization/EMSC</agencyURI>
      <authorURI>smi:smi-registry/organization/EMSC</authorURI>
    </creationInfo>
  </magnitude>
</event>
<event publicID="quakeml:eu.emsc/event/20040819_0000031">
  <preferredOriginID>quakeml:eu.emsc/event/20040819_0000031/origin/1312697</preferredOriginID>
  <preferredMagnitudeID>quakeml:eu.emsc/event/20040819_0000031/origin/1312697/mag/1</preferredMagnitudeID>
  <creationInfo>
    <agencyURI>smi:smi-registry/organization/EMSC</agencyURI>
    <authorURI>smi:smi-registry/organization/EMSC</authorURI>
    <creationTime>2014-12-03T12:01:58.113317Z</creationTime>
  </creationInfo>
  <description>
    <text>CYPRUS REGION</text>
    <type>Flinn-Engdahl region</type>
  </description>
  <origin publicID="quakeml:eu.emsc/event/20040819_0000031/origin/1312697">
    <time>
      <value>2004-08-19T20:16:21.9Z</value>
      <uncertainty>0.15</uncertainty>
    </time>
    <latitude>
      <value>34.4631</value>
      <uncertainty>4.4</uncertainty>
    </latitude>
    <longitude>
      <value>33.3267</value>
      <uncertainty>3.1</uncertainty>
    </longitude>
    <depth>
      <value>40000</value>
    </depth>
    <depthType>from location</depthType>
    <methodID>smi:eu.emsc-csem/origin_method/NA</methodID>
    <quality>
      <usedPhaseCount>43</usedPhaseCount>
      <usedStationCount>31</usedStationCount>
      <standardError>0.88</standardError>
      <azimuthalGap>132</azimuthalGap>
      <minimumDistance>0.47</minimumDistance>
      <maximumDistance>4.5</maximumDistance>
    </quality>
    <evaluationMode>manual</evaluationMode>
    <creationInfo>
      <agencyURI>smi:smi-registry/organization/EMSC</agencyURI>
      <authorURI>smi:smi-registry/organization/EMSC</authorURI>
    </creationInfo>
    <originUncertainty>
      <azimuthMaxHorizontalUncertainty>62</azimuthMaxHorizontalUncertainty>
    </originUncertainty>
  </origin>
  <magnitude publicID="quakeml:eu.emsc/event/20040819_0000031/origin/1312697/mag/1">
    <mag>
      <value>2.8</value>
    </mag>
    <type>Mw</type>
    <originID>quakeml:eu.emsc/event/20040819_0000031/origin/1312697</originID>
    <creationInfo>
      <agencyURI>smi:smi-registry/organization/EMSC</agencyURI>
      <authorURI>smi:smi-registry/organization/EMSC</authorURI>
    </creationInfo>
  </magnitude>
</event>
<event publicID="quakeml:eu.emsc/event/20040819_0000037">
  <preferredOriginID>quakeml:eu.emsc/event/20040819_0000037/origin/1311849</preferredOriginID>
  <preferredMagnitudeID>quakeml:eu.emsc/event/20040819_0000037/origin/1311849/mag/1</preferredMagnitudeID>
  <creationInfo>
    <agencyURI>smi:smi-registry/organization/EMSC</agencyURI>
    <authorURI>smi:smi-registry/organization/EMSC</authorURI>
    <creationTime>2014-12-03T15:35:22.411114Z</creationTime>
  </creationInfo>
  <description>
    <text>PYRENEES</text>
    <type>Flinn-Engdahl region</type>
  </description>
  <origin publicID="quakeml:eu.emsc/event/20040819_0000037/origin/1311849">
    <time>
      <value>2004-08-19T20:11:07.6Z</value>
      <uncertainty>0.12</uncertainty>
    </time>
    <latitude>
      <value>43.0889</value>
      <uncertainty>2.5</uncertainty>
    </latitude>
    <longitude>
      <value>-0.4621</value>
      <uncertainty>1.9</uncertainty>
    </longitude>
    <depth>
      <value>10000</value>
    </depth>
    <depthType>from location</depthType>
    <methodID>smi:eu.emsc-csem/origin_method/NA</methodID>
    <quality>
      <usedPhaseCount>35</usedPhaseCount>
      <usedStationCount>20</usedStationCount>
      <standardError>0.72</standardError>
      <azimuthalGap>104</azimuthalGap>
      <minimumDistance>0.05</minimumDistance>
      <maximumDistance>3.72</maximumDistance>
    </quality>
    <evaluationMode>manual</evaluationMode>
    <creationInfo>
      <agencyURI>smi:smi-registry/organization/EMSC</agencyURI>
      <authorURI>smi:smi-registry/organization/EMSC</authorURI>
    </creationInfo>
    <originUncertainty>
      <azimuthMaxHorizontalUncertainty>166</azimuthMaxHorizontalUncertainty>
    </originUncertainty>
  </origin>
  <magnitude publicID="quakeml:eu.emsc/event/20040819_0000037/origin/1311849/mag/1">
    <mag>
      <value>2</value>
      <uncertainty>0.6</uncertainty>
    </mag>
    <type>ML</type>
    <originID>quakeml:eu.emsc/event/20040819_0000037/origin/1311849</originID>
    <stationCount>12</stationCount>
    <creationInfo>
      <agencyURI>smi:smi-registry/organization/EMSC</agencyURI>
      <authorURI>smi:smi-registry/organization/EMSC</authorURI>
    </creationInfo>
  </magnitude>
</event>
<event publicID="quakeml:eu.emsc/event/20040819_0000030">
  <preferredOriginID>quakeml:eu.emsc/event/20040819_0000030/origin/1312701</preferredOriginID>
  <preferredMagnitudeID>quakeml:eu.emsc/event/20040819_0000030/origin/1312701/mag/2</preferredMagnitudeID>
  <creationInfo>
    <agencyURI>smi:smi-registry/organization/EMSC</agencyURI>
    <authorURI>smi:smi-registry/organization/EMSC</authorURI>
    <creationTime>2014-12-03T11:07:51.616951Z</creationTime>
  </creationInfo>
  <description>
    <text>DODECANESE ISLANDS, GREECE</text>
    <type>Flinn-Engdahl region</type>
  </description>
  <origin publicID="quakeml:eu.emsc/event/20040819_0000030/origin/1312701">
    <time>
      <value>2004-08-19T19:48:38.7Z</value>
      <uncertainty>0.31</uncertainty>
    </time>
    <latitude>
      <value>36.2059</value>
      <uncertainty>13.8</uncertainty>
    </latitude>
    <longitude>
      <value>27.4032</value>
      <uncertainty>6.4</uncertainty>
    </longitude>
    <depth>
      <value>2000</value>
    </depth>
    <depthType>from location</depthType>
    <methodID>smi:eu.emsc-csem/origin_method/NA</methodID>
    <quality>
      <usedPhaseCount>12</usedPhaseCount>
      <usedStationCount>10</usedStationCount>
      <standardError>0.9</standardError>
      <azimuthalGap>119</azimuthalGap>
      <minimumDistance>0.58</minimumDistance>
      <maximumDistance>4.91</maximumDistance>
    </quality>
    <evaluationMode>manual</evaluationMode>
    <creationInfo>
      <agencyURI>smi:smi-registry/organization/EMSC</agencyURI>
      <authorURI>smi:smi-registry/organization/EMSC</authorURI>
    </creationInfo>
    <originUncertainty>
      <azimuthMaxHorizontalUncertainty>148</azimuthMaxHorizontalUncertainty>
    </originUncertainty>
  </origin>
  <magnitude publicID="quakeml:eu.emsc/event/20040819_0000030/origin/1312701/mag/2">
    <mag>
      <value>3.2</value>
    </mag>
    <type>MD</type>
    <originID>quakeml:eu.emsc/event/20040819_0000030/origin/1312701</originID>
    <creationInfo>
      <agencyURI>smi:smi-registry/organization/EMSC</agencyURI>
      <authorURI>smi:smi-registry/organization/EMSC</authorURI>
    </creationInfo>
  </magnitude>
</event>
<event publicID="quakeml:eu.emsc/event/20040819_0000042">
  <preferredOriginID>quakeml:eu.emsc/event/20040819_0000042/origin/1305170</preferredOriginID>
  <preferredMagnitudeID>quakeml:eu.emsc/event/20040819_0000042/origin/1305170/mag/2</preferredMagnitudeID>
  <creationInfo>
    <agencyURI>smi:smi-registry/organization/EMSC</agencyURI>
    <authorURI>smi:smi-registry/organization/EMSC</authorURI>
    <creationTime>2014-12-10T18:17:16.926379Z</creationTime>
  </creationInfo>
  <description>
    <text>NORTHERN ITALY</text>
    <type>Flinn-Engdahl region</type>
  </description>
  <origin publicID="quakeml:eu.emsc/event/20040819_0000042/origin/1305170">
    <time>
      <value>2004-08-19T19:18:56.5Z</value>
    </time>
    <latitude>
      <value>44.3597</value>
      <uncertainty>9999.9</uncertainty>
    </latitude>
    <longitude>
      <value>7.6848</value>
      <uncertainty>9999.9</uncertainty>
    </longitude>
    <depth>
      <value>13100.0</value>
    </depth>
    <depthType>from location</depthType>
    <methodID>smi:eu.emsc-csem/origin_method/NA</methodID>
    <quality>
      <usedPhaseCount>11</usedPhaseCount>
      <usedStationCount>7</usedStationCount>
      <standardError>8.69</standardError>
      <azimuthalGap>182</azimuthalGap>
      <minimumDistance>0.15</minimumDistance>
      <maximumDistance>0.44</maximumDistance>
    </quality>
    <evaluationMode>manual</evaluationMode>
    <creationInfo>
      <agencyURI>smi:smi-registry/organization/EMSC</agencyURI>
      <authorURI>smi:smi-registry/organization/EMSC</authorURI>
    </creationInfo>
    <originUncertainty>
      <azimuthMaxHorizontalUncertainty>-99</azimuthMaxHorizontalUncertainty>
    </originUncertainty>
  </origin>
  <magnitude publicID="quakeml:eu.emsc/event/20040819_0000042/origin/1305170/mag/2">
    <mag>
      <value>2.2</value>
    </mag>
    <type>ML</type>
    <originID>quakeml:eu.emsc/event/20040819_0000042/origin/1305170</originID>
    <creationInfo>
      <agencyURI>smi:smi-registry/organization/EMSC</agencyURI>
      <authorURI>smi:smi-registry/organization/EMSC</authorURI>
    </creationInfo>
  </magnitude>
</event>
<event publicID="quakeml:eu.emsc/event/20040819_0000027">
  <preferredOriginID>quakeml:eu.emsc/event/20040819_0000027/origin/1312704</preferredOriginID>
  <preferredMagnitudeID>quakeml:eu.emsc/event/20040819_0000027/origin/1312704/mag/2</preferredMagnitudeID>
  <creationInfo>
    <agencyURI>smi:smi-registry/organization/EMSC</agencyURI>
    <authorURI>smi:smi-registry/organization/EMSC</authorURI>
    <creationTime>2014-12-03T12:00:10.358147Z</creationTime>
  </creationInfo>
  <description>
    <text>SICILY, ITALY</text>
    <type>Flinn-Engdahl region</type>
  </description>
  <origin publicID="quakeml:eu.emsc/event/20040819_0000027/origin/1312704">
    <time>
      <value>2004-08-19T18:52:11.2Z</value>
      <uncertainty>0.19</uncertainty>
    </time>
    <latitude>
      <value>37.5248</value>
      <uncertainty>5</uncertainty>
    </latitude>
    <longitude>
      <value>14.6877</value>
      <uncertainty>3.7</uncertainty>
    </longitude>
    <depth>
      <value>25500.0</value>
      <uncertainty>2.5</uncertainty>
    </depth>
    <depthType>from location</depthType>
    <methodID>smi:eu.emsc-csem/origin_method/NA</methodID>
    <quality>
      <usedPhaseCount>18</usedPhaseCount>
      <usedStationCount>13</usedStationCount>
      <standardError>0.82</standardError>
      <azimuthalGap>112</azimuthalGap>
      <minimumDistance>0.32</minimumDistance>
      <maximumDistance>1.17</maximumDistance>
    </quality>
    <evaluationMode>manual</evaluationMode>
    <creationInfo>
      <agencyURI>smi:smi-registry/organization/EMSC</agencyURI>
      <authorURI>smi:smi-registry/organization/EMSC</authorURI>
    </creationInfo>
    <originUncertainty>
      <azimuthMaxHorizontalUncertainty>26</azimuthMaxHorizontalUncertainty>
    </originUncertainty>
  </origin>
  <magnitude publicID="quakeml:eu.emsc/event/20040819_0000027/origin/1312704/mag/2">
    <mag>
      <value>2.1</value>
    </mag>
    <type>ML</type>
    <originID>quakeml:eu.emsc/event/20040819_0000027/origin/1312704</originID>
    <stationCount>6</stationCount>
    <creationInfo>
      <agencyURI>smi:smi-registry/organization/EMSC</agencyURI>
      <authorURI>smi:smi-registry/organization/EMSC</authorURI>
    </creationInfo>
  </magnitude>
</event>
<event publicID="quakeml:eu.emsc/event/20040819_0000029">
  <preferredOriginID>quakeml:eu.emsc/event/20040819_0000029/origin/1305172</preferredOriginID>
  <preferredMagnitudeID>quakeml:eu.emsc/event/20040819_0000029/origin/1305172/mag/2</preferredMagnitudeID>
  <creationInfo>
    <agencyURI>smi:smi-registry/organization/EMSC</agencyURI>
    <authorURI>smi:smi-registry/organization/EMSC</authorURI>
    <creationTime>2014-12-11T03:47:27.398627Z</creationTime>
  </creationInfo>
  <description>
    <text>EASTERN TURKEY</text>
    <type>Flinn-Engdahl region</type>
  </description>
  <origin publicID="quakeml:eu.emsc/event/20040819_0000029/origin/1305172">
    <time>
      <value>2004-08-19T18:50:04.6Z</value>
    </time>
    <latitude>
      <value>38.395</value>
      <uncertainty>9999.9</uncertainty>
    </latitude>
    <longitude>
      <value>39.05</value>
      <uncertainty>9999.9</uncertainty>
    </longitude>
    <depth>
      <value>5000</value>
    </depth>
    <depthType>from location</depthType>
    <methodID>smi:eu.emsc-csem/origin_method/NA</methodID>
    <quality>
      <usedPhaseCount>9</usedPhaseCount>
      <usedStationCount>8</usedStationCount>
      <standardError>2.16</standardError>
      <azimuthalGap>165</azimuthalGap>
      <minimumDistance>0.5</minimumDistance>
      <maximumDistance>2.26</maximumDistance>
    </quality>
    <evaluationMode>manual</evaluationMode>
    <creationInfo>
      <agencyURI>smi:smi-registry/organization/EMSC</agencyURI>
      <authorURI>smi:smi-registry/organization/EMSC</authorURI>
    </creationInfo>
    <originUncertainty>
      <azimuthMaxHorizontalUncertainty>-99</azimuthMaxHorizontalUncertainty>
    </originUncertainty>
  </origin>
  <magnitude publicID="quakeml:eu.emsc/event/20040819_0000029/origin/1305172/mag/2">
    <mag>
      <value>3.5</value>
    </mag>
    <type>MD</type>
    <originID>quakeml:eu.emsc/event/20040819_0000029/origin/1305172</originID>
    <creationInfo>
      <agencyURI>smi:smi-registry/organization/EMSC</agencyURI>
      <authorURI>smi:smi-registry/organization/EMSC</authorURI>
    </creationInfo>
  </magnitude>
</event>
<event publicID="quakeml:eu.emsc/event/20040819_0000028">
  <preferredOriginID>quakeml:eu.emsc/event/20040819_0000028/origin/1305174</preferredOriginID>
  <preferredMagnitudeID>quakeml:eu.emsc/event/20040819_0000028/origin/1305174/mag/2</preferredMagnitudeID>
  <creationInfo>
    <agencyURI>smi:smi-registry/organization/EMSC</agencyURI>
    <authorURI>smi:smi-registry/organization/EMSC</authorURI>
    <creationTime>2014-12-11T03:47:26.20045Z</creationTime>
  </creationInfo>
  <description>
    <text>EASTERN TURKEY</text>
    <type>Flinn-Engdahl region</type>
  </description>
  <origin publicID="quakeml:eu.emsc/event/20040819_0000028/origin/1305174">
    <time>
      <value>2004-08-19T18:14:42.0Z</value>
    </time>
    <latitude>
      <value>38.408</value>
      <uncertainty>9999.9</uncertainty>
    </latitude>
    <longitude>
      <value>39.18</value>
      <uncertainty>9999.9</uncertainty>
    </longitude>
    <depth>
      <value>5000</value>
    </depth>
    <depthType>from location</depthType>
    <methodID>smi:eu.emsc-csem/origin_method/NA</methodID>
    <quality>
      <usedPhaseCount>11</usedPhaseCount>
      <usedStationCount>10</usedStationCount>
      <standardError>1.79</standardError>
      <azimuthalGap>110</azimuthalGap>
      <minimumDistance>0.6</minimumDistance>
      <maximumDistance>2.27</maximumDistance>
    </quality>
    <evaluationMode>manual</evaluationMode>
    <creationInfo>
      <agencyURI>smi:smi-registry/organization/EMSC</agencyURI>
      <authorURI>smi:smi-registry/organization/EMSC</authorURI>
    </creationInfo>
    <originUncertainty>
      <azimuthMaxHorizontalUncertainty>-99</azimuthMaxHorizontalUncertainty>
    </originUncertainty>
  </origin>
  <magnitude publicID="quakeml:eu.emsc/event/20040819_0000028/origin/1305174/mag/2">
    <mag>
      <value>3.3</value>
    </mag>
    <type>MD</type>
    <originID>quakeml:eu.emsc/event/20040819_0000028/origin/1305174</originID>
    <creationInfo>
      <agencyURI>smi:smi-registry/organization/EMSC</agencyURI>
      <authorURI>smi:smi-registry/organization/EMSC</authorURI>
    </creationInfo>
  </magnitude>
</event>
<event publicID="quakeml:eu.emsc/event/20040819_0000026">
  <preferredOriginID>quakeml:eu.emsc/event/20040819_0000026/origin/1312707</preferredOriginID>
  <preferredMagnitudeID>quakeml:eu.emsc/event/20040819_0000026/origin/1312707/mag/2</preferredMagnitudeID>
  <creationInfo>
    <agencyURI>smi:smi-registry/organization/EMSC</agencyURI>
    <authorURI>smi:smi-registry/organization/EMSC</authorURI>
    <creationTime>2014-12-03T11:02:17.398617Z</creationTime>
  </creationInfo>
  <description>
    <text>NORTHERN ITALY</text>
    <type>Flinn-Engdahl region</type>
  </description>
  <origin publicID="quakeml:eu.emsc/event/20040819_0000026/origin/1312707">
    <time>
      <value>2004-08-19T18:00:47.2Z</value>
      <uncertainty>0.23</uncertainty>
    </time>
    <latitude>
      <value>45.0027</value>
      <uncertainty>5.1</uncertainty>
    </latitude>
    <longitude>
      <value>12.1629</value>
      <uncertainty>3.6</uncertainty>
    </longitude>
    <depth>
      <value>15000</value>
    </depth>
    <depthType>from location</depthType>
    <methodID>smi:eu.emsc-csem/origin_method/NA</methodID>
    <quality>
      <usedPhaseCount>14</usedPhaseCount>
      <usedStationCount>10</usedStationCount>
      <standardError>0.67</standardError>
      <azimuthalGap>144</azimuthalGap>
      <minimumDistance>0.5</minimumDistance>
      <maximumDistance>2.29</maximumDistance>
    </quality>
    <evaluationMode>manual</evaluationMode>
    <creationInfo>
      <agencyURI>smi:smi-registry/organization/EMSC</agencyURI>
      <authorURI>smi:smi-registry/organization/EMSC</authorURI>
    </creationInfo>
    <originUncertainty>
      <azimuthMaxHorizontalUncertainty>102</azimuthMaxHorizontalUncertainty>
    </originUncertainty>
  </origin>
  <magnitude publicID="quakeml:eu.emsc/event/20040819_0000026/origin/1312707/mag/2">
    <mag>
      <value>2</value>
    </mag>
    <type>ML</type>
    <originID>quakeml:eu.emsc/event/20040819_0000026/origin/1312707</originID>
    <stationCount>3</stationCount>
    <creationInfo>
      <agencyURI>smi:smi-registry/organization/EMSC</agencyURI>
      <authorURI>smi:smi-registry/organization/EMSC</authorURI>
    </creationInfo>
  </magnitude>
</event>
<event publicID="quakeml:eu.emsc/event/20040819_0000025">
  <preferredOriginID>quakeml:eu.emsc/event/20040819_0000025/origin/1312711</preferredOriginID>
  <preferredMagnitudeID>quakeml:eu.emsc/event/20040819_0000025/origin/1312711/mag/2</preferredMagnitudeID>
  <creationInfo>
    <agencyURI>smi:smi-registry/organization/EMSC</agencyURI>
    <authorURI>smi:smi-registry/organization/EMSC</authorURI>
    <creationTime>2014-12-03T12:05:37.782495Z</creationTime>
  </creationInfo>
  <description>
    <text>SOUTHERN GREECE</text>
    <type>Flinn-Engdahl region</type>
  </description>
  <origin publicID="quakeml:eu.emsc/event/20040819_0000025/origin/1312711">
    <time>
      <value>2004-08-19T17:53:26.4Z</value>
      <uncertainty>0.27</uncertainty>
    </time>
    <latitude>
      <value>36.6669</value>
      <uncertainty>6.9</uncertainty>
    </latitude>
    <longitude>
      <value>21.531</value>
      <uncertainty>4.1</uncertainty>
    </longitude>
    <depth>
      <value>20000</value>
    </depth>
    <depthType>from location</depthType>
    <methodID>smi:eu.emsc-csem/origin_method/NA</methodID>
    <quality>
      <usedPhaseCount>48</usedPhaseCount>
      <usedStationCount>43</usedStationCount>
      <standardError>0.86</standardError>
      <azimuthalGap>168</azimuthalGap>
      <minimumDistance>0.6</minimumDistance>
      <maximumDistance>6.64</maximumDistance>
    </quality>
    <evaluationMode>manual</evaluationMode>
    <creationInfo>
      <agencyURI>smi:smi-registry/organization/EMSC</agencyURI>
      <authorURI>smi:smi-registry/organization/EMSC</authorURI>
    </creationInfo>
    <originUncertainty>
      <azimuthMaxHorizontalUncertainty>20</azimuthMaxHorizontalUncertainty>
    </originUncertainty>
  </origin>
  <magnitude publicID="quakeml:eu.emsc/event/20040819_0000025/origin/1312711/mag/2">
    <mag>
      <value>3.5</value>
    </mag>
    <type>ML</type>
    <originID>quakeml:eu.emsc/event/20040819_0000025/origin/1312711</originID>
    <creationInfo>
      <agencyURI>smi:smi-registry/organization/EMSC</agencyURI>
      <authorURI>smi:smi-registry/organization/EMSC</authorURI>
    </creationInfo>
  </magnitude>
</event>
<event publicID="quakeml:eu.emsc/event/20040819_0000039">
  <preferredOriginID>quakeml:eu.emsc/event/20040819_0000039/origin/1305176</preferredOriginID>
  <preferredMagnitudeID>quakeml:eu.emsc/event/20040819_0000039/origin/1305176/mag/2</preferredMagnitudeID>
  <creationInfo>
    <agencyURI>smi:smi-registry/organization/EMSC</agencyURI>
    <authorURI>smi:smi-registry/organization/EMSC</authorURI>
    <creationTime>2014-12-10T18:17:16.438643Z</creationTime>
  </creationInfo>
  <description>
    <text>NORTHERN ITALY</text>
    <type>Flinn-Engdahl region</type>
  </description>
  <origin publicID="quakeml:eu.emsc/event/20040819_0000039/origin/1305176">
    <time>
      <value>2004-08-19T17:52:03.6Z</value>
    </time>
    <latitude>
      <value>44.3582</value>
      <uncertainty>9999.9</uncertainty>
    </latitude>
    <longitude>
      <value>7.7053</value>
      <uncertainty>9999.9</uncertainty>
    </longitude>
    <depth>
      <value>18100.0</value>
    </depth>
    <depthType>from location</depthType>
    <methodID>smi:eu.emsc-csem/origin_method/NA</methodID>
    <quality>
      <usedPhaseCount>10</usedPhaseCount>
      <usedStationCount>5</usedStationCount>
      <standardError>7.22</standardError>
      <azimuthalGap>183</azimuthalGap>
      <minimumDistance>0.13</minimumDistance>
      <maximumDistance>0.46</maximumDistance>
    </quality>
    <evaluationMode>manual</evaluationMode>
    <creationInfo>
      <agencyURI>smi:smi-registry/organization/EMSC</agencyURI>
      <authorURI>smi:smi-registry/organization/EMSC</authorURI>
    </creationInfo>
    <originUncertainty>
      <azimuthMaxHorizontalUncertainty>-99</azimuthMaxHorizontalUncertainty>
    </originUncertainty>
  </origin>
  <magnitude publicID="quakeml:eu.emsc/event/20040819_0000039/origin/1305176/mag/2">
    <mag>
      <value>2.2</value>
    </mag>
    <type>ML</type>
    <originID>quakeml:eu.emsc/event/20040819_0000039/origin/1305176</originID>
    <creationInfo>
      <agencyURI>smi:smi-registry/organization/EMSC</agencyURI>
      <authorURI>smi:smi-registry/organization/EMSC</authorURI>
    </creationInfo>
  </magnitude>
</event>
<event publicID="quakeml:eu.emsc/event/20040819_0000024">
  <preferredOriginID>quakeml:eu.emsc/event/20040819_0000024/origin/1305178</preferredOriginID>
  <preferredMagnitudeID>quakeml:eu.emsc/event/20040819_0000024/origin/1305178/mag/2</preferredMagnitudeID>
  <creationInfo>
    <agencyURI>smi:smi-registry/organization/EMSC</agencyURI>
    <authorURI>smi:smi-registry/organization/EMSC</authorURI>
    <creationTime>2014-12-11T03:47:20.843944Z</creationTime>
  </creationInfo>
  <description>
    <text>CRETE, GREECE</text>
    <type>Flinn-Engdahl region</type>
  </description>
  <origin publicID="quakeml:eu.emsc/event/20040819_0000024/origin/1305178">
    <time>
      <value>2004-08-19T17:43:17.7Z</value>
    </time>
    <latitude>
      <value>34.61</value>
      <uncertainty>9999.9</uncertainty>
    </latitude>
    <longitude>
      <value>24.53</value>
      <uncertainty>9999.9</uncertainty>
    </longitude>
    <depth>
      <value>25000</value>
    </depth>
    <depthType>from location</depthType>
    <methodID>smi:eu.emsc-csem/origin_method/NA</methodID>
    <quality>
      <usedPhaseCount>5</usedPhaseCount>
      <usedStationCount>5</usedStationCount>
      <standardError>1.33</standardError>
      <azimuthalGap>227</azimuthalGap>
      <minimumDistance>0.43</minimumDistance>
      <maximumDistance>2.35</maximumDistance>
    </quality>
    <evaluationMode>manual</evaluationMode>
    <creationInfo>
      <agencyURI>smi:smi-registry/organization/EMSC</agencyURI>
      <authorURI>smi:smi-registry/organization/EMSC</authorURI>
    </creationInfo>
    <originUncertainty>
      <azimuthMaxHorizontalUncertainty>-99</azimuthMaxHorizontalUncertainty>
    </originUncertainty>
  </origin>
  <magnitude publicID="quakeml:eu.emsc/event/20040819_0000024/origin/1305178/mag/2">
    <mag>
      <value>3.3</value>
    </mag>
    <type>MD</type>
    <originID>quakeml:eu.emsc/event/20040819_0000024/origin/1305178</originID>
    <creationInfo>
      <agencyURI>smi:smi-registry/organization/EMSC</agencyURI>
      <authorURI>smi:smi-registry/organization/EMSC</authorURI>
    </creationInfo>
  </magnitude>
</event>
<event publicID="quakeml:eu.emsc/event/20040819_0000038">
  <preferredOriginID>quakeml:eu.emsc/event/20040819_0000038/origin/1311854</preferredOriginID>
  <preferredMagnitudeID>quakeml:eu.emsc/event/20040819_0000038/origin/1311854/mag/1</preferredMagnitudeID>
  <creationInfo>
    <agencyURI>smi:smi-registry/organization/EMSC</agencyURI>
    <authorURI>smi:smi-registry/organization/EMSC</authorURI>
    <creationTime>2014-12-03T15:47:05.476803Z</creationTime>
  </creationInfo>
  <description>
    <text>LIGURIAN SEA</text>
    <type>Flinn-Engdahl region</type>
  </description>
  <origin publicID="quakeml:eu.emsc/event/20040819_0000038/origin/1311854">
    <time>
      <value>2004-08-19T17:21:39.7Z</value>
      <uncertainty>0.24</uncertainty>
    </time>
    <latitude>
      <value>43.9911</value>
      <uncertainty>4.9</uncertainty>
    </latitude>
    <longitude>
      <value>8.4605</value>
      <uncertainty>3.3</uncertainty>
    </longitude>
    <depth>
      <value>15000</value>
    </depth>
    <depthType>from location</depthType>
    <methodID>smi:eu.emsc-csem/origin_method/NA</methodID>
    <quality>
      <usedPhaseCount>63</usedPhaseCount>
      <usedStationCount>35</usedStationCount>
      <standardError>1.07</standardError>
      <azimuthalGap>81</azimuthalGap>
      <minimumDistance>0.28</minimumDistance>
      <maximumDistance>3.32</maximumDistance>
    </quality>
    <evaluationMode>manual</evaluationMode>
    <creationInfo>
      <agencyURI>smi:smi-registry/organization/EMSC</agencyURI>
      <authorURI>smi:smi-registry/organization/EMSC</authorURI>
    </creationInfo>
    <originUncertainty>
      <azimuthMaxHorizontalUncertainty>156</azimuthMaxHorizontalUncertainty>
    </originUncertainty>
  </origin>
  <magnitude publicID="quakeml:eu.emsc/event/20040819_0000038/origin/1311854/mag/1">
    <mag>
      <value>2.7</value>
      <uncertainty>0.4</uncertainty>
    </mag>
    <type>ML</type>
    <originID>quakeml:eu.emsc/event/20040819_0000038/origin/1311854</originID>
    <stationCount>10</stationCount>
    <creationInfo>
      <agencyURI>smi:smi-registry/organization/EMSC</agencyURI>
      <authorURI>smi:smi-registry/organization/EMSC</authorURI>
    </creationInfo>
  </magnitude>
</event>
<event publicID="quakeml:eu.emsc/event/20040819_0000023">
  <preferredOriginID>quakeml:eu.emsc/event/20040819_0000023/origin/1312713</preferredOriginID>
  <preferredMagnitudeID>quakeml:eu.emsc/event/20040819_0000023/origin/1312713/mag/2</preferredMagnitudeID>
  <creationInfo>
    <agencyURI>smi:smi-registry/organization/EMSC</agencyURI>
    <authorURI>smi:smi-registry/organization/EMSC</authorURI>
    <creationTime>2014-12-03T11:43:18.276669Z</creationTime>
  </creationInfo>
  <description>
    <text>SLOVENIA</text>
    <type>Flinn-Engdahl region</type>
  </description>
  <origin publicID="quakeml:eu.emsc/event/20040819_0000023/origin/1312713">
    <time>
      <value>2004-08-19T17:09:12.5Z</value>
      <uncertainty>0.11</uncertainty>
    </time>
    <latitude>
      <value>46.2983</value>
      <uncertainty>3</uncertainty>
    </latitude>
    <longitude>
      <value>13.6034</value>
      <uncertainty>1.2</uncertainty>
    </longitude>
    <depth>
      <value>8000</value>
    </depth>
    <depthType>from location</depthType>
    <methodID>smi:eu.emsc-csem/origin_method/NA</methodID>
    <quality>
      <usedPhaseCount>6</usedPhaseCount>
      <usedStationCount>3</usedStationCount>
      <standardError>0.1</standardError>
      <azimuthalGap>256</azimuthalGap>
      <minimumDistance>0.08</minimumDistance>
      <maximumDistance>0.13</maximumDistance>
    </quality>
    <evaluationMode>manual</evaluationMode>
    <creationInfo>
      <agencyURI>smi:smi-registry/organization/EMSC</agencyURI>
      <authorURI>smi:smi-registry/organization/EMSC</authorURI>
    </creationInfo>
    <originUncertainty>
      <azimuthMaxHorizontalUncertainty>7</azimuthMaxHorizontalUncertainty>
    </originUncertainty>
  </origin>
  <magnitude publicID="quakeml:eu.emsc/event/20040819_0000023/origin/1312713/mag/2">
    <mag>
      <value>1.1</value>
    </mag>
    <type>ML</type>
    <originID>quakeml:eu.emsc/event/20040819_0000023/origin/1312713</originID>
    <creationInfo>
      <agencyURI>smi:smi-registry/organization/EMSC</agencyURI>
      <authorURI>smi:smi-registry/organization/EMSC</authorURI>
    </creationInfo>
  </magnitude>
</event>
<event publicID="quakeml:eu.emsc/event/20040819_0000022">
  <preferredOriginID>quakeml:eu.emsc/event/20040819_0000022/origin/1312715</preferredOriginID>
  <preferredMagnitudeID>quakeml:eu.emsc/event/20040819_0000022/origin/1312715/mag/2</preferredMagnitudeID>
  <creationInfo>
    <agencyURI>smi:smi-registry/organization/EMSC</agencyURI>
    <authorURI>smi:smi-registry/organization/EMSC</authorURI>
    <creationTime>2014-12-03T11:09:57.446445Z</creationTime>
  </creationInfo>
  <description>
    <text>SLOVENIA</text>
    <type>Flinn-Engdahl region</type>
  </description>
  <origin publicID="quakeml:eu.emsc/event/20040819_0000022/origin/1312715">
    <time>
      <value>2004-08-19T16:52:53.2Z</value>
      <uncertainty>0.09</uncertainty>
    </time>
    <latitude>
      <value>46.2993</value>
      <uncertainty>3.7</uncertainty>
    </latitude>
    <longitude>
      <value>13.5458</value>
      <uncertainty>1.8</uncertainty>
    </longitude>
    <depth>
      <value>10000</value>
    </depth>
    <depthType>from location</depthType>
    <methodID>smi:eu.emsc-csem/origin_method/NA</methodID>
    <quality>
      <usedPhaseCount>8</usedPhaseCount>
      <usedStationCount>4</usedStationCount>
      <standardError>0.24</standardError>
      <azimuthalGap>151</azimuthalGap>
      <minimumDistance>0.06</minimumDistance>
      <maximumDistance>0.18</maximumDistance>
    </quality>
    <evaluationMode>manual</evaluationMode>
    <creationInfo>
      <agencyURI>smi:smi-registry/organization/EMSC</agencyURI>
      <authorURI>smi:smi-registry/organization/EMSC</authorURI>
    </creationInfo>
    <originUncertainty>
      <azimuthMaxHorizontalUncertainty>69</azimuthMaxHorizontalUncertainty>
    </originUncertainty>
  </origin>
  <magnitude publicID="quakeml:eu.emsc/event/20040819_0000022/origin/1312715/mag/2">
    <mag>
      <value>1.2</value>
    </mag>
    <type>ML</type>
    <originID>quakeml:eu.emsc/event/20040819_0000022/origin/1312715</originID>
    <creationInfo>
      <agencyURI>smi:smi-registry/organization/EMSC</agencyURI>
      <authorURI>smi:smi-registry/organization/EMSC</authorURI>
    </creationInfo>
  </magnitude>
</event>
<event publicID="quakeml:eu.emsc/event/20040819_0000043">
  <preferredOriginID>quakeml:eu.emsc/event/20040819_0000043/origin/1305180</preferredOriginID>
  <preferredMagnitudeID>quakeml:eu.emsc/event/20040819_0000043/origin/1305180/mag/2</preferredMagnitudeID>
  <creationInfo>
    <agencyURI>smi:smi-registry/organization/EMSC</agencyURI>
    <authorURI>smi:smi-registry/organization/EMSC</authorURI>
    <creationTime>2014-12-10T18:17:15.933757Z</creationTime>
  </creationInfo>
  <description>
    <text>FRANCE</text>
    <type>Flinn-Engdahl region</type>
  </description>
  <origin publicID="quakeml:eu.emsc/event/20040819_0000043/origin/1305180">
    <time>
      <value>2004-08-19T16:46:26.5Z</value>
    </time>
    <latitude>
      <value>45.0328</value>
      <uncertainty>9999.9</uncertainty>
    </latitude>
    <longitude>
      <value>6.249</value>
      <uncertainty>9999.9</uncertainty>
    </longitude>
    <depth>
      <value>2000</value>
    </depth>
    <depthType>from location</depthType>
    <methodID>smi:eu.emsc-csem/origin_method/NA</methodID>
    <quality>
      <usedPhaseCount>20</usedPhaseCount>
      <usedStationCount>10</usedStationCount>
      <standardError>1.29</standardError>
      <azimuthalGap>94</azimuthalGap>
      <minimumDistance>0.29</minimumDistance>
      <maximumDistance>1.96</maximumDistance>
    </quality>
    <evaluationMode>manual</evaluationMode>
    <creationInfo>
      <agencyURI>smi:smi-registry/organization/EMSC</agencyURI>
      <authorURI>smi:smi-registry/organization/EMSC</authorURI>
    </creationInfo>
    <originUncertainty>
      <azimuthMaxHorizontalUncertainty>-99</azimuthMaxHorizontalUncertainty>
    </originUncertainty>
  </origin>
  <magnitude publicID="quakeml:eu.emsc/event/20040819_0000043/origin/1305180/mag/2">
    <mag>
      <value>1.9</value>
      <uncertainty>0.2</uncertainty>
    </mag>
    <type>ML</type>
    <originID>quakeml:eu.emsc/event/20040819_0000043/origin/1305180</originID>
    <stationCount>5</stationCount>
    <creationInfo>
      <agencyURI>smi:smi-registry/organization/EMSC</agencyURI>
      <authorURI>smi:smi-registry/organization/EMSC</authorURI>
    </creationInfo>
  </magnitude>
</event>
<event publicID="quakeml:eu.emsc/event/20040819_0000020">
  <preferredOriginID>quakeml:eu.emsc/event/20040819_0000020/origin/1312718</preferredOriginID>
  <preferredMagnitudeID>quakeml:eu.emsc/event/20040819_0000020/origin/1312718/mag/2</preferredMagnitudeID>
  <creationInfo>
    <agencyURI>smi:smi-registry/organization/EMSC</agencyURI>
    <authorURI>smi:smi-registry/organization/EMSC</authorURI>
    <creationTime>2014-12-03T12:16:40.924377Z</creationTime>
  </creationInfo>
  <description>
    <text>IONIAN SEA</text>
    <type>Flinn-Engdahl region</type>
  </description>
  <origin publicID="quakeml:eu.emsc/event/20040819_0000020/origin/1312718">
    <time>
      <value>2004-08-19T14:08:21.3Z</value>
      <uncertainty>0.41</uncertainty>
    </time>
    <latitude>
      <value>37.4145</value>
      <uncertainty>9.1</uncertainty>
    </latitude>
    <longitude>
      <value>20.5559</value>
      <uncertainty>5.3</uncertainty>
    </longitude>
    <depth>
      <value>2000</value>
    </depth>
    <depthType>from location</depthType>
    <methodID>smi:eu.emsc-csem/origin_method/NA</methodID>
    <quality>
      <usedPhaseCount>33</usedPhaseCount>
      <usedStationCount>28</usedStationCount>
      <standardError>0.84</standardError>
      <azimuthalGap>200</azimuthalGap>
      <minimumDistance>0.76</minimumDistance>
      <maximumDistance>5.57</maximumDistance>
    </quality>
    <evaluationMode>manual</evaluationMode>
    <creationInfo>
      <agencyURI>smi:smi-registry/organization/EMSC</agencyURI>
      <authorURI>smi:smi-registry/organization/EMSC</authorURI>
    </creationInfo>
    <originUncertainty>
      <azimuthMaxHorizontalUncertainty>33</azimuthMaxHorizontalUncertainty>
    </originUncertainty>
  </origin>
  <magnitude publicID="quakeml:eu.emsc/event/20040819_0000020/origin/1312718/mag/2">
    <mag>
      <value>3.8</value>
    </mag>
    <type>ML</type>
    <originID>quakeml:eu.emsc/event/20040819_0000020/origin/1312718</originID>
    <creationInfo>
      <agencyURI>smi:smi-registry/organization/EMSC</agencyURI>
      <authorURI>smi:smi-registry/organization/EMSC</authorURI>
    </creationInfo>
  </magnitude>
</event>
<event publicID="quakeml:eu.emsc/event/20040819_0000021">
  <preferredOriginID>quakeml:eu.emsc/event/20040819_0000021/origin/1305182</preferredOriginID>
  <preferredMagnitudeID>quakeml:eu.emsc/event/20040819_0000021/origin/1305182/mag/2</preferredMagnitudeID>
  <creationInfo>
    <agencyURI>smi:smi-registry/organization/EMSC</agencyURI>
    <authorURI>smi:smi-registry/organization/EMSC</authorURI>
    <creationTime>2014-12-11T03:47:14.656922Z</creationTime>
  </creationInfo>
  <description>
    <text>SWEDEN</text>
    <type>Flinn-Engdahl region</type>
  </description>
  <origin publicID="quakeml:eu.emsc/event/20040819_0000021/origin/1305182">
    <time>
      <value>2004-08-19T14:05:19.4Z</value>
    </time>
    <latitude>
      <value>60.374</value>
      <uncertainty>9999.9</uncertainty>
    </latitude>
    <longitude>
      <value>17.472</value>
      <uncertainty>9999.9</uncertainty>
    </longitude>
    <depth>
      <value>100.0</value>
    </depth>
    <depthType>from location</depthType>
    <methodID>smi:eu.emsc-csem/origin_method/NA</methodID>
    <quality>
      <usedPhaseCount>11</usedPhaseCount>
      <usedStationCount>11</usedStationCount>
      <standardError>0.59</standardError>
      <azimuthalGap>102</azimuthalGap>
      <minimumDistance>0.22</minimumDistance>
      <maximumDistance>1.92</maximumDistance>
    </quality>
    <evaluationMode>manual</evaluationMode>
    <creationInfo>
      <agencyURI>smi:smi-registry/organization/EMSC</agencyURI>
      <authorURI>smi:smi-registry/organization/EMSC</authorURI>
    </creationInfo>
    <originUncertainty>
      <azimuthMaxHorizontalUncertainty>-99</azimuthMaxHorizontalUncertainty>
    </originUncertainty>
  </origin>
  <magnitude publicID="quakeml:eu.emsc/event/20040819_0000021/origin/1305182/mag/2">
    <mag>
      <value>2.5</value>
    </mag>
    <type>ML</type>
    <originID>quakeml:eu.emsc/event/20040819_0000021/origin/1305182</originID>
    <creationInfo>
      <agencyURI>smi:smi-registry/organization/EMSC</agencyURI>
      <authorURI>smi:smi-registry/organization/EMSC</authorURI>
    </creationInfo>
  </magnitude>
</event>
<event publicID="quakeml:eu.emsc/event/20040819_0000017">
  <preferredOriginID>quakeml:eu.emsc/event/20040819_0000017/origin/1312722</preferredOriginID>
  <preferredMagnitudeID>quakeml:eu.emsc/event/20040819_0000017/origin/1312722/mag/2</preferredMagnitudeID>
  <creationInfo>
    <agencyURI>smi:smi-registry/organization/EMSC</agencyURI>
    <authorURI>smi:smi-registry/organization/EMSC</authorURI>
    <creationTime>2014-12-03T11:11:48.645917Z</creationTime>
  </creationInfo>
  <description>
    <text>OWEN FRACTURE ZONE REGION</text>
    <type>Flinn-Engdahl region</type>
  </description>
  <origin publicID="quakeml:eu.emsc/event/20040819_0000017/origin/1312722">
    <time>
      <value>2004-08-19T13:51:38.5Z</value>
      <uncertainty>0.12</uncertainty>
    </time>
    <latitude>
      <value>14.7609</value>
      <uncertainty>6.3</uncertainty>
    </latitude>
    <longitude>
      <value>54.6166</value>
      <uncertainty>4.5</uncertainty>
    </longitude>
    <depth>
      <value>16800.0</value>
    </depth>
    <depthType>from location</depthType>
    <methodID>smi:eu.emsc-csem/origin_method/NA</methodID>
    <quality>
      <usedPhaseCount>104</usedPhaseCount>
      <usedStationCount>96</usedStationCount>
      <standardError>0.8</standardError>
      <azimuthalGap>47</azimuthalGap>
      <minimumDistance>23.15</minimumDistance>
      <maximumDistance>86.34</maximumDistance>
    </quality>
    <evaluationMode>manual</evaluationMode>
    <creationInfo>
      <agencyURI>smi:smi-registry/organization/EMSC</agencyURI>
      <authorURI>smi:smi-registry/organization/EMSC</authorURI>
    </creationInfo>
    <originUncertainty>
      <azimuthMaxHorizontalUncertainty>20</azimuthMaxHorizontalUncertainty>
    </originUncertainty>
  </origin>
  <magnitude publicID="quakeml:eu.emsc/event/20040819_0000017/origin/1312722/mag/2">
    <mag>
      <value>4.9</value>
      <uncertainty>0.3</uncertainty>
    </mag>
    <type>mb</type>
    <originID>quakeml:eu.emsc/event/20040819_0000017/origin/1312722</originID>
    <stationCount>54</stationCount>
    <creationInfo>
      <agencyURI>smi:smi-registry/organization/EMSC</agencyURI>
      <authorURI>smi:smi-registry/organization/EMSC</authorURI>
    </creationInfo>
  </magnitude>
</event>
<event publicID="quakeml:eu.emsc/event/20040819_0000019">
  <preferredOriginID>quakeml:eu.emsc/event/20040819_0000019/origin/1305184</preferredOriginID>
  <preferredMagnitudeID>quakeml:eu.emsc/event/20040819_0000019/origin/1305184/mag/2</preferredMagnitudeID>
  <creationInfo>
    <agencyURI>smi:smi-registry/organization/EMSC</agencyURI>
    <authorURI>smi:smi-registry/organization/EMSC</authorURI>
    <creationTime>2014-12-11T03:47:09.525964Z</creationTime>
  </creationInfo>
  <description>
    <text>EGYPT</text>
    <type>Flinn-Engdahl region</type>
  </description>
  <origin publicID="quakeml:eu.emsc/event/20040819_0000019/origin/1305184">
    <time>
      <value>2004-08-19T13:43:57.2Z</value>
    </time>
    <latitude>
      <value>28.73</value>
      <uncertainty>9999.9</uncertainty>
    </latitude>
    <longitude>
      <value>28.71</value>
      <uncertainty>9999.9</uncertainty>
    </longitude>
    <depth>
      <value>10100.0</value>
    </depth>
    <depthType>from location</depthType>
    <methodID>smi:eu.emsc-csem/origin_method/NA</methodID>
    <quality>
      <usedPhaseCount>22</usedPhaseCount>
      <usedStationCount>19</usedStationCount>
      <standardError>3</standardError>
      <azimuthalGap>88</azimuthalGap>
      <minimumDistance>0.44</minimumDistance>
      <maximumDistance>4.65</maximumDistance>
    </quality>
    <evaluationMode>manual</evaluationMode>
    <creationInfo>
      <agencyURI>smi:smi-registry/organization/EMSC</agencyURI>
      <authorURI>smi:smi-registry/organization/EMSC</authorURI>
    </creationInfo>
    <originUncertainty>
      <azimuthMaxHorizontalUncertainty>-99</azimuthMaxHorizontalUncertainty>
    </originUncertainty>
  </origin>
  <magnitude publicID="quakeml:eu.emsc/event/20040819_0000019/origin/1305184/mag/2">
    <mag>
      <value>4.1</value>
    </mag>
    <type>ML</type>
    <originID>quakeml:eu.emsc/event/20040819_0000019/origin/1305184</originID>
    <creationInfo>
      <agencyURI>smi:smi-registry/organization/EMSC</agencyURI>
      <authorURI>smi:smi-registry/organization/EMSC</authorURI>
    </creationInfo>
  </magnitude>
</event>
<event publicID="quakeml:eu.emsc/event/20040819_0000018">
  <preferredOriginID>quakeml:eu.emsc/event/20040819_0000018/origin/1305186</preferredOriginID>
  <preferredMagnitudeID>quakeml:eu.emsc/event/20040819_0000018/origin/1305186/mag/2</preferredMagnitudeID>
  <creationInfo>
    <agencyURI>smi:smi-registry/organization/EMSC</agencyURI>
    <authorURI>smi:smi-registry/organization/EMSC</authorURI>
    <creationTime>2014-12-11T03:47:06.599438Z</creationTime>
  </creationInfo>
  <description>
    <text>AZORES ISLANDS, PORTUGAL</text>
    <type>Flinn-Engdahl region</type>
  </description>
  <origin publicID="quakeml:eu.emsc/event/20040819_0000018/origin/1305186">
    <time>
      <value>2004-08-19T10:13:42.3Z</value>
    </time>
    <latitude>
      <value>38.802</value>
      <uncertainty>9999.9</uncertainty>
    </latitude>
    <longitude>
      <value>-28.922</value>
      <uncertainty>9999.9</uncertainty>
    </longitude>
    <depth>
      <value>0</value>
    </depth>
    <depthType>from location</depthType>
    <methodID>smi:eu.emsc-csem/origin_method/NA</methodID>
    <quality>
      <usedPhaseCount>6</usedPhaseCount>
      <usedStationCount>4</usedStationCount>
      <standardError>0.46</standardError>
      <azimuthalGap>316</azimuthalGap>
      <minimumDistance>0.24</minimumDistance>
      <maximumDistance>0.54</maximumDistance>
    </quality>
    <evaluationMode>manual</evaluationMode>
    <creationInfo>
      <agencyURI>smi:smi-registry/organization/EMSC</agencyURI>
      <authorURI>smi:smi-registry/organization/EMSC</authorURI>
    </creationInfo>
    <originUncertainty>
      <azimuthMaxHorizontalUncertainty>-99</azimuthMaxHorizontalUncertainty>
    </originUncertainty>
  </origin>
  <magnitude publicID="quakeml:eu.emsc/event/20040819_0000018/origin/1305186/mag/2">
    <mag>
      <value>2.6</value>
    </mag>
    <type>ML</type>
    <originID>quakeml:eu.emsc/event/20040819_0000018/origin/1305186</originID>
    <creationInfo>
      <agencyURI>smi:smi-registry/organization/EMSC</agencyURI>
      <authorURI>smi:smi-registry/organization/EMSC</authorURI>
    </creationInfo>
  </magnitude>
</event>
<event publicID="quakeml:eu.emsc/event/20040819_0000015">
  <preferredOriginID>quakeml:eu.emsc/event/20040819_0000015/origin/1312728</preferredOriginID>
  <preferredMagnitudeID>quakeml:eu.emsc/event/20040819_0000015/origin/1312728/mag/1</preferredMagnitudeID>
  <creationInfo>
    <agencyURI>smi:smi-registry/organization/EMSC</agencyURI>
    <authorURI>smi:smi-registry/organization/EMSC</authorURI>
    <creationTime>2014-12-03T10:40:55.148Z</creationTime>
  </creationInfo>
  <description>
    <text>FRANCE</text>
    <type>Flinn-Engdahl region</type>
  </description>
  <origin publicID="quakeml:eu.emsc/event/20040819_0000015/origin/1312728">
    <time>
      <value>2004-08-19T09:48:52.9Z</value>
      <uncertainty>0.1</uncertainty>
    </time>
    <latitude>
      <value>48.0062</value>
      <uncertainty>2.2</uncertainty>
    </latitude>
    <longitude>
      <value>7.5018</value>
      <uncertainty>1.7</uncertainty>
    </longitude>
    <depth>
      <value>15000</value>
    </depth>
    <depthType>from location</depthType>
    <methodID>smi:eu.emsc-csem/origin_method/NA</methodID>
    <quality>
      <usedPhaseCount>109</usedPhaseCount>
      <usedStationCount>55</usedStationCount>
      <standardError>1.07</standardError>
      <azimuthalGap>29</azimuthalGap>
      <minimumDistance>0.16</minimumDistance>
      <maximumDistance>6.74</maximumDistance>
    </quality>
    <evaluationMode>manual</evaluationMode>
    <creationInfo>
      <agencyURI>smi:smi-registry/organization/EMSC</agencyURI>
      <authorURI>smi:smi-registry/organization/EMSC</authorURI>
    </creationInfo>
    <originUncertainty>
      <azimuthMaxHorizontalUncertainty>166</azimuthMaxHorizontalUncertainty>
    </originUncertainty>
  </origin>
  <magnitude publicID="quakeml:eu.emsc/event/20040819_0000015/origin/1312728/mag/1">
    <mag>
      <value>2.8</value>
      <uncertainty>0.4</uncertainty>
    </mag>
    <type>ML</type>
    <originID>quakeml:eu.emsc/event/20040819_0000015/origin/1312728</originID>
    <stationCount>20</stationCount>
    <creationInfo>
      <agencyURI>smi:smi-registry/organization/EMSC</agencyURI>
      <authorURI>smi:smi-registry/organization/EMSC</authorURI>
    </creationInfo>
  </magnitude>
</event>
<event publicID="quakeml:eu.emsc/event/20040819_0000016">
  <preferredOriginID>quakeml:eu.emsc/event/20040819_0000016/origin/1305188</preferredOriginID>
  <preferredMagnitudeID>quakeml:eu.emsc/event/20040819_0000016/origin/1305188/mag/2</preferredMagnitudeID>
  <creationInfo>
    <agencyURI>smi:smi-registry/organization/EMSC</agencyURI>
    <authorURI>smi:smi-registry/organization/EMSC</authorURI>
    <creationTime>2014-12-11T03:46:58.9185Z</creationTime>
  </creationInfo>
  <description>
    <text>WESTERN TURKEY</text>
    <type>Flinn-Engdahl region</type>
  </description>
  <origin publicID="quakeml:eu.emsc/event/20040819_0000016/origin/1305188">
    <time>
      <value>2004-08-19T08:50:20.8Z</value>
    </time>
    <latitude>
      <value>38.269</value>
      <uncertainty>9999.9</uncertainty>
    </latitude>
    <longitude>
      <value>31.235</value>
      <uncertainty>9999.9</uncertainty>
    </longitude>
    <depth>
      <value>17000</value>
    </depth>
    <depthType>from location</depthType>
    <methodID>smi:eu.emsc-csem/origin_method/NA</methodID>
    <quality>
      <usedPhaseCount>7</usedPhaseCount>
      <usedStationCount>6</usedStationCount>
      <standardError>0.72</standardError>
      <azimuthalGap>114</azimuthalGap>
      <minimumDistance>0.72</minimumDistance>
      <maximumDistance>2.19</maximumDistance>
    </quality>
    <evaluationMode>manual</evaluationMode>
    <creationInfo>
      <agencyURI>smi:smi-registry/organization/EMSC</agencyURI>
      <authorURI>smi:smi-registry/organization/EMSC</authorURI>
    </creationInfo>
    <originUncertainty>
      <azimuthMaxHorizontalUncertainty>-99</azimuthMaxHorizontalUncertainty>
    </originUncertainty>
  </origin>
  <magnitude publicID="quakeml:eu.emsc/event/20040819_0000016/origin/1305188/mag/2">
    <mag>
      <value>3.5</value>
    </mag>
    <type>MD</type>
    <originID>quakeml:eu.emsc/event/20040819_0000016/origin/1305188</originID>
    <creationInfo>
      <agencyURI>smi:smi-registry/organization/EMSC</agencyURI>
      <authorURI>smi:smi-registry/organization/EMSC</authorURI>
    </creationInfo>
  </magnitude>
</event>
<event publicID="quakeml:eu.emsc/event/20040819_0000040">
  <preferredOriginID>quakeml:eu.emsc/event/20040819_0000040/origin/1305190</preferredOriginID>
  <preferredMagnitudeID>quakeml:eu.emsc/event/20040819_0000040/origin/1305190/mag/2</preferredMagnitudeID>
  <creationInfo>
    <agencyURI>smi:smi-registry/organization/EMSC</agencyURI>
    <authorURI>smi:smi-registry/organization/EMSC</authorURI>
    <creationTime>2014-12-10T18:17:15.377144Z</creationTime>
  </creationInfo>
  <description>
    <text>SWITZERLAND</text>
    <type>Flinn-Engdahl region</type>
  </description>
  <origin publicID="quakeml:eu.emsc/event/20040819_0000040/origin/1305190">
    <time>
      <value>2004-08-19T08:37:48.3Z</value>
    </time>
    <latitude>
      <value>46.317</value>
      <uncertainty>9999.9</uncertainty>
    </latitude>
    <longitude>
      <value>7.388</value>
      <uncertainty>9999.9</uncertainty>
    </longitude>
    <depth>
      <value>3000</value>
    </depth>
    <depthType>from location</depthType>
    <methodID>smi:eu.emsc-csem/origin_method/NA</methodID>
    <quality>
      <usedPhaseCount>12</usedPhaseCount>
      <usedStationCount>6</usedStationCount>
      <standardError>0.55</standardError>
      <azimuthalGap>119</azimuthalGap>
      <minimumDistance>0.08</minimumDistance>
      <maximumDistance>0.34</maximumDistance>
    </quality>
    <evaluationMode>manual</evaluationMode>
    <creationInfo>
      <agencyURI>smi:smi-registry/organization/EMSC</agencyURI>
      <authorURI>smi:smi-registry/organization/EMSC</authorURI>
    </creationInfo>
    <originUncertainty>
      <azimuthMaxHorizontalUncertainty>-99</azimuthMaxHorizontalUncertainty>
    </originUncertainty>
  </origin>
  <magnitude publicID="quakeml:eu.emsc/event/20040819_0000040/origin/1305190/mag/2">
    <mag>
      <value>1</value>
    </mag>
    <type>ML</type>
    <originID>quakeml:eu.emsc/event/20040819_0000040/origin/1305190</originID>
    <stationCount>7</stationCount>
    <creationInfo>
      <agencyURI>smi:smi-registry/organization/EMSC</agencyURI>
      <authorURI>smi:smi-registry/organization/EMSC</authorURI>
    </creationInfo>
  </magnitude>
</event>
<event publicID="quakeml:eu.emsc/event/20040819_0000014">
  <preferredOriginID>quakeml:eu.emsc/event/20040819_0000014/origin/1312733</preferredOriginID>
  <preferredMagnitudeID>quakeml:eu.emsc/event/20040819_0000014/origin/1312733/mag/1</preferredMagnitudeID>
  <creationInfo>
    <agencyURI>smi:smi-registry/organization/EMSC</agencyURI>
    <authorURI>smi:smi-registry/organization/EMSC</authorURI>
    <creationTime>2014-12-03T10:21:23.786944Z</creationTime>
  </creationInfo>
  <description>
    <text>WESTERN SAUDI ARABIA</text>
    <type>Flinn-Engdahl region</type>
  </description>
  <origin publicID="quakeml:eu.emsc/event/20040819_0000014/origin/1312733">
    <time>
      <value>2004-08-19T08:34:41.2Z</value>
      <uncertainty>0.46</uncertainty>
    </time>
    <latitude>
      <value>27.7438</value>
      <uncertainty>12.6</uncertainty>
    </latitude>
    <longitude>
      <value>36.8453</value>
      <uncertainty>6.4</uncertainty>
    </longitude>
    <depth>
      <value>2000</value>
    </depth>
    <depthType>from location</depthType>
    <methodID>smi:eu.emsc-csem/origin_method/NA</methodID>
    <quality>
      <usedPhaseCount>21</usedPhaseCount>
      <usedStationCount>19</usedStationCount>
      <standardError>0.56</standardError>
      <azimuthalGap>197</azimuthalGap>
      <minimumDistance>0.55</minimumDistance>
      <maximumDistance>4.1</maximumDistance>
    </quality>
    <evaluationMode>manual</evaluationMode>
    <creationInfo>
      <agencyURI>smi:smi-registry/organization/EMSC</agencyURI>
      <authorURI>smi:smi-registry/organization/EMSC</authorURI>
    </creationInfo>
    <originUncertainty>
      <azimuthMaxHorizontalUncertainty>81</azimuthMaxHorizontalUncertainty>
    </originUncertainty>
  </origin>
  <magnitude publicID="quakeml:eu.emsc/event/20040819_0000014/origin/1312733/mag/1">
    <mag>
      <value>3.3</value>
    </mag>
    <type>Mw</type>
    <originID>quakeml:eu.emsc/event/20040819_0000014/origin/1312733</originID>
    <creationInfo>
      <agencyURI>smi:smi-registry/organization/EMSC</agencyURI>
      <authorURI>smi:smi-registry/organization/EMSC</authorURI>
    </creationInfo>
  </magnitude>
</event>
<event publicID="quakeml:eu.emsc/event/20040819_0000012">
  <preferredOriginID>quakeml:eu.emsc/event/20040819_0000012/origin/1312736</preferredOriginID>
  <preferredMagnitudeID>quakeml:eu.emsc/event/20040819_0000012/origin/1312736/mag/2</preferredMagnitudeID>
  <creationInfo>
    <agencyURI>smi:smi-registry/organization/EMSC</agencyURI>
    <authorURI>smi:smi-registry/organization/EMSC</authorURI>
    <creationTime>2014-12-03T11:43:15.90176Z</creationTime>
  </creationInfo>
  <description>
    <text>DODECANESE ISLANDS, GREECE</text>
    <type>Flinn-Engdahl region</type>
  </description>
  <origin publicID="quakeml:eu.emsc/event/20040819_0000012/origin/1312736">
    <time>
      <value>2004-08-19T08:32:06.8Z</value>
      <uncertainty>0.27</uncertainty>
    </time>
    <latitude>
      <value>36.7329</value>
      <uncertainty>7</uncertainty>
    </latitude>
    <longitude>
      <value>26.4841</value>
      <uncertainty>4.8</uncertainty>
    </longitude>
    <depth>
      <value>15000</value>
    </depth>
    <depthType>from location</depthType>
    <methodID>smi:eu.emsc-csem/origin_method/NA</methodID>
    <quality>
      <usedPhaseCount>21</usedPhaseCount>
      <usedStationCount>15</usedStationCount>
      <standardError>0.99</standardError>
      <azimuthalGap>86</azimuthalGap>
      <minimumDistance>0.53</minimumDistance>
      <maximumDistance>2.85</maximumDistance>
    </quality>
    <evaluationMode>manual</evaluationMode>
    <creationInfo>
      <agencyURI>smi:smi-registry/organization/EMSC</agencyURI>
      <authorURI>smi:smi-registry/organization/EMSC</authorURI>
    </creationInfo>
    <originUncertainty>
      <azimuthMaxHorizontalUncertainty>169</azimuthMaxHorizontalUncertainty>
    </originUncertainty>
  </origin>
  <magnitude publicID="quakeml:eu.emsc/event/20040819_0000012/origin/1312736/mag/2">
    <mag>
      <value>3.3</value>
    </mag>
    <type>MD</type>
    <originID>quakeml:eu.emsc/event/20040819_0000012/origin/1312736</originID>
    <creationInfo>
      <agencyURI>smi:smi-registry/organization/EMSC</agencyURI>
      <authorURI>smi:smi-registry/organization/EMSC</authorURI>
    </creationInfo>
  </magnitude>
</event>
<event publicID="quakeml:eu.emsc/event/20040819_0000010">
  <preferredOriginID>quakeml:eu.emsc/event/20040819_0000010/origin/1312739</preferredOriginID>
  <preferredMagnitudeID>quakeml:eu.emsc/event/20040819_0000010/origin/1312739/mag/2</preferredMagnitudeID>
  <creationInfo>
    <agencyURI>smi:smi-registry/organization/EMSC</agencyURI>
    <authorURI>smi:smi-registry/organization/EMSC</authorURI>
    <creationTime>2014-12-03T10:25:58.33332Z</creationTime>
  </creationInfo>
  <description>
    <text>DODECANESE ISLANDS, GREECE</text>
    <type>Flinn-Engdahl region</type>
  </description>
  <origin publicID="quakeml:eu.emsc/event/20040819_0000010/origin/1312739">
    <time>
      <value>2004-08-19T06:56:40.4Z</value>
      <uncertainty>1.37</uncertainty>
    </time>
    <latitude>
      <value>36.4253</value>
      <uncertainty>52.6</uncertainty>
    </latitude>
    <longitude>
      <value>26.8102</value>
      <uncertainty>17.6</uncertainty>
    </longitude>
    <depth>
      <value>10000</value>
    </depth>
    <depthType>from location</depthType>
    <methodID>smi:eu.emsc-csem/origin_method/NA</methodID>
    <quality>
      <usedPhaseCount>6</usedPhaseCount>
      <usedStationCount>5</usedStationCount>
      <standardError>1.03</standardError>
      <azimuthalGap>198</azimuthalGap>
      <minimumDistance>0.92</minimumDistance>
      <maximumDistance>2.51</maximumDistance>
    </quality>
    <evaluationMode>manual</evaluationMode>
    <creationInfo>
      <agencyURI>smi:smi-registry/organization/EMSC</agencyURI>
      <authorURI>smi:smi-registry/organization/EMSC</authorURI>
    </creationInfo>
    <originUncertainty>
      <azimuthMaxHorizontalUncertainty>135</azimuthMaxHorizontalUncertainty>
    </originUncertainty>
  </origin>
  <magnitude publicID="quakeml:eu.emsc/event/20040819_0000010/origin/1312739/mag/2">
    <mag>
      <value>3.2</value>
    </mag>
    <type>MD</type>
    <originID>quakeml:eu.emsc/event/20040819_0000010/origin/1312739</originID>
    <creationInfo>
      <agencyURI>smi:smi-registry/organization/EMSC</agencyURI>
      <authorURI>smi:smi-registry/organization/EMSC</authorURI>
    </creationInfo>
  </magnitude>
</event>
<event publicID="quakeml:eu.emsc/event/20040819_0000011">
  <preferredOriginID>quakeml:eu.emsc/event/20040819_0000011/origin/1305192</preferredOriginID>
  <preferredMagnitudeID>quakeml:eu.emsc/event/20040819_0000011/origin/1305192/mag/2</preferredMagnitudeID>
  <creationInfo>
    <agencyURI>smi:smi-registry/organization/EMSC</agencyURI>
    <authorURI>smi:smi-registry/organization/EMSC</authorURI>
    <creationTime>2014-12-11T03:46:44.25847Z</creationTime>
  </creationInfo>
  <description>
    <text>WESTERN TURKEY</text>
    <type>Flinn-Engdahl region</type>
  </description>
  <origin publicID="quakeml:eu.emsc/event/20040819_0000011/origin/1305192">
    <time>
      <value>2004-08-19T06:42:32.4Z</value>
    </time>
    <latitude>
      <value>37.092</value>
      <uncertainty>9999.9</uncertainty>
    </latitude>
    <longitude>
      <value>27.632</value>
      <uncertainty>9999.9</uncertainty>
    </longitude>
    <depth>
      <value>5000</value>
    </depth>
    <depthType>from location</depthType>
    <methodID>smi:eu.emsc-csem/origin_method/NA</methodID>
    <quality>
      <usedPhaseCount>7</usedPhaseCount>
      <usedStationCount>4</usedStationCount>
      <standardError>2.06</standardError>
      <azimuthalGap>235</azimuthalGap>
      <minimumDistance>0.52</minimumDistance>
      <maximumDistance>1.86</maximumDistance>
    </quality>
    <evaluationMode>manual</evaluationMode>
    <creationInfo>
      <agencyURI>smi:smi-registry/organization/EMSC</agencyURI>
      <authorURI>smi:smi-registry/organization/EMSC</authorURI>
    </creationInfo>
    <originUncertainty>
      <azimuthMaxHorizontalUncertainty>-99</azimuthMaxHorizontalUncertainty>
    </originUncertainty>
  </origin>
  <magnitude publicID="quakeml:eu.emsc/event/20040819_0000011/origin/1305192/mag/2">
    <mag>
      <value>3.1</value>
    </mag>
    <type>MD</type>
    <originID>quakeml:eu.emsc/event/20040819_0000011/origin/1305192</originID>
    <creationInfo>
      <agencyURI>smi:smi-registry/organization/EMSC</agencyURI>
      <authorURI>smi:smi-registry/organization/EMSC</authorURI>
    </creationInfo>
  </magnitude>
</event>
<event publicID="quakeml:eu.emsc/event/20040819_0000008">
  <preferredOriginID>quakeml:eu.emsc/event/20040819_0000008/origin/1312742</preferredOriginID>
  <preferredMagnitudeID>quakeml:eu.emsc/event/20040819_0000008/origin/1312742/mag/2</preferredMagnitudeID>
  <creationInfo>
    <agencyURI>smi:smi-registry/organization/EMSC</agencyURI>
    <authorURI>smi:smi-registry/organization/EMSC</authorURI>
    <creationTime>2014-12-03T11:43:18.231637Z</creationTime>
  </creationInfo>
  <description>
    <text>GREECE</text>
    <type>Flinn-Engdahl region</type>
  </description>
  <origin publicID="quakeml:eu.emsc/event/20040819_0000008/origin/1312742">
    <time>
      <value>2004-08-19T05:13:52.3Z</value>
      <uncertainty>0.31</uncertainty>
    </time>
    <latitude>
      <value>38.7981</value>
      <uncertainty>10.6</uncertainty>
    </latitude>
    <longitude>
      <value>20.5705</value>
      <uncertainty>5.6</uncertainty>
    </longitude>
    <depth>
      <value>5000</value>
    </depth>
    <depthType>from location</depthType>
    <methodID>smi:eu.emsc-csem/origin_method/NA</methodID>
    <quality>
      <usedPhaseCount>9</usedPhaseCount>
      <usedStationCount>8</usedStationCount>
      <standardError>0.83</standardError>
      <azimuthalGap>148</azimuthalGap>
      <minimumDistance>0.11</minimumDistance>
      <maximumDistance>1.39</maximumDistance>
    </quality>
    <evaluationMode>manual</evaluationMode>
    <creationInfo>
      <agencyURI>smi:smi-registry/organization/EMSC</agencyURI>
      <authorURI>smi:smi-registry/organization/EMSC</authorURI>
    </creationInfo>
    <originUncertainty>
      <azimuthMaxHorizontalUncertainty>72</azimuthMaxHorizontalUncertainty>
    </originUncertainty>
  </origin>
  <magnitude publicID="quakeml:eu.emsc/event/20040819_0000008/origin/1312742/mag/2">
    <mag>
      <value>2.8</value>
    </mag>
    <type>ML</type>
    <originID>quakeml:eu.emsc/event/20040819_0000008/origin/1312742</originID>
    <creationInfo>
      <agencyURI>smi:smi-registry/organization/EMSC</agencyURI>
      <authorURI>smi:smi-registry/organization/EMSC</authorURI>
    </creationInfo>
  </magnitude>
</event>
<event publicID="quakeml:eu.emsc/event/20040819_0000009">
  <preferredOriginID>quakeml:eu.emsc/event/20040819_0000009/origin/1305194</preferredOriginID>
  <preferredMagnitudeID>quakeml:eu.emsc/event/20040819_0000009/origin/1305194/mag/2</preferredMagnitudeID>
  <creationInfo>
    <agencyURI>smi:smi-registry/organization/EMSC</agencyURI>
    <authorURI>smi:smi-registry/organization/EMSC</authorURI>
    <creationTime>2014-12-11T03:46:39.678399Z</creationTime>
  </creationInfo>
  <description>
    <text>SOUTHERN GREECE</text>
    <type>Flinn-Engdahl region</type>
  </description>
  <origin publicID="quakeml:eu.emsc/event/20040819_0000009/origin/1305194">
    <time>
      <value>2004-08-19T04:50:28.3Z</value>
    </time>
    <latitude>
      <value>37.7</value>
      <uncertainty>9999.9</uncertainty>
    </latitude>
    <longitude>
      <value>22</value>
      <uncertainty>9999.9</uncertainty>
    </longitude>
    <depth>
      <value>14000</value>
    </depth>
    <depthType>from location</depthType>
    <methodID>smi:eu.emsc-csem/origin_method/NA</methodID>
    <quality>
      <usedPhaseCount>8</usedPhaseCount>
      <usedStationCount>6</usedStationCount>
      <standardError>1</standardError>
      <azimuthalGap>107</azimuthalGap>
      <minimumDistance>0.52</minimumDistance>
      <maximumDistance>1.52</maximumDistance>
    </quality>
    <evaluationMode>manual</evaluationMode>
    <creationInfo>
      <agencyURI>smi:smi-registry/organization/EMSC</agencyURI>
      <authorURI>smi:smi-registry/organization/EMSC</authorURI>
    </creationInfo>
    <originUncertainty>
      <azimuthMaxHorizontalUncertainty>-99</azimuthMaxHorizontalUncertainty>
    </originUncertainty>
  </origin>
  <magnitude publicID="quakeml:eu.emsc/event/20040819_0000009/origin/1305194/mag/2">
    <mag>
      <value>2.9</value>
    </mag>
    <type>MD</type>
    <originID>quakeml:eu.emsc/event/20040819_0000009/origin/1305194</originID>
    <creationInfo>
      <agencyURI>smi:smi-registry/organization/EMSC</agencyURI>
      <authorURI>smi:smi-registry/organization/EMSC</authorURI>
    </creationInfo>
  </magnitude>
</event>
<event publicID="quakeml:eu.emsc/event/20040819_0000006">
  <preferredOriginID>quakeml:eu.emsc/event/20040819_0000006/origin/1312745</preferredOriginID>
  <preferredMagnitudeID>quakeml:eu.emsc/event/20040819_0000006/origin/1312745/mag/2</preferredMagnitudeID>
  <creationInfo>
    <agencyURI>smi:smi-registry/organization/EMSC</agencyURI>
    <authorURI>smi:smi-registry/organization/EMSC</authorURI>
    <creationTime>2014-12-03T11:48:51.487312Z</creationTime>
  </creationInfo>
  <description>
    <text>DODECANESE ISLANDS, GREECE</text>
    <type>Flinn-Engdahl region</type>
  </description>
  <origin publicID="quakeml:eu.emsc/event/20040819_0000006/origin/1312745">
    <time>
      <value>2004-08-19T03:28:14.2Z</value>
      <uncertainty>0.21</uncertainty>
    </time>
    <latitude>
      <value>36.8835</value>
      <uncertainty>5.5</uncertainty>
    </latitude>
    <longitude>
      <value>27.7391</value>
      <uncertainty>4.8</uncertainty>
    </longitude>
    <depth>
      <value>10000</value>
    </depth>
    <depthType>from location</depthType>
    <methodID>smi:eu.emsc-csem/origin_method/NA</methodID>
    <quality>
      <usedPhaseCount>14</usedPhaseCount>
      <usedStationCount>11</usedStationCount>
      <standardError>0.85</standardError>
      <azimuthalGap>56</azimuthalGap>
      <minimumDistance>0.41</minimumDistance>
      <maximumDistance>3.62</maximumDistance>
    </quality>
    <evaluationMode>manual</evaluationMode>
    <creationInfo>
      <agencyURI>smi:smi-registry/organization/EMSC</agencyURI>
      <authorURI>smi:smi-registry/organization/EMSC</authorURI>
    </creationInfo>
    <originUncertainty>
      <azimuthMaxHorizontalUncertainty>59</azimuthMaxHorizontalUncertainty>
    </originUncertainty>
  </origin>
  <magnitude publicID="quakeml:eu.emsc/event/20040819_0000006/origin/1312745/mag/2">
    <mag>
      <value>3.4</value>
    </mag>
    <type>MD</type>
    <originID>quakeml:eu.emsc/event/20040819_0000006/origin/1312745</originID>
    <creationInfo>
      <agencyURI>smi:smi-registry/organization/EMSC</agencyURI>
      <authorURI>smi:smi-registry/organization/EMSC</authorURI>
    </creationInfo>
  </magnitude>
</event>
<event publicID="quakeml:eu.emsc/event/20040819_0000007">
  <preferredOriginID>quakeml:eu.emsc/event/20040819_0000007/origin/1305196</preferredOriginID>
  <preferredMagnitudeID>quakeml:eu.emsc/event/20040819_0000007/origin/1305196/mag/2</preferredMagnitudeID>
  <creationInfo>
    <agencyURI>smi:smi-registry/organization/EMSC</agencyURI>
    <authorURI>smi:smi-registry/organization/EMSC</authorURI>
    <creationTime>2014-12-11T03:46:37.310955Z</creationTime>
  </creationInfo>
  <description>
    <text>SOUTHERN GREECE</text>
    <type>Flinn-Engdahl region</type>
  </description>
  <origin publicID="quakeml:eu.emsc/event/20040819_0000007/origin/1305196">
    <time>
      <value>2004-08-19T03:25:02.4Z</value>
    </time>
    <latitude>
      <value>37.39</value>
      <uncertainty>9999.9</uncertainty>
    </latitude>
    <longitude>
      <value>22.04</value>
      <uncertainty>9999.9</uncertainty>
    </longitude>
    <depth>
      <value>4000</value>
    </depth>
    <depthType>from location</depthType>
    <methodID>smi:eu.emsc-csem/origin_method/NA</methodID>
    <quality>
      <usedPhaseCount>7</usedPhaseCount>
      <usedStationCount>6</usedStationCount>
      <standardError>0.73</standardError>
      <azimuthalGap>102</azimuthalGap>
      <minimumDistance>0.23</minimumDistance>
      <maximumDistance>1.54</maximumDistance>
    </quality>
    <evaluationMode>manual</evaluationMode>
    <creationInfo>
      <agencyURI>smi:smi-registry/organization/EMSC</agencyURI>
      <authorURI>smi:smi-registry/organization/EMSC</authorURI>
    </creationInfo>
    <originUncertainty>
      <azimuthMaxHorizontalUncertainty>-99</azimuthMaxHorizontalUncertainty>
    </originUncertainty>
  </origin>
  <magnitude publicID="quakeml:eu.emsc/event/20040819_0000007/origin/1305196/mag/2">
    <mag>
      <value>3</value>
    </mag>
    <type>MD</type>
    <originID>quakeml:eu.emsc/event/20040819_0000007/origin/1305196</originID>
    <creationInfo>
      <agencyURI>smi:smi-registry/organization/EMSC</agencyURI>
      <authorURI>smi:smi-registry/organization/EMSC</authorURI>
    </creationInfo>
  </magnitude>
</event>
<event publicID="quakeml:eu.emsc/event/20040819_0000004">
  <preferredOriginID>quakeml:eu.emsc/event/20040819_0000004/origin/1305198</preferredOriginID>
  <preferredMagnitudeID>quakeml:eu.emsc/event/20040819_0000004/origin/1305198/mag/2</preferredMagnitudeID>
  <creationInfo>
    <agencyURI>smi:smi-registry/organization/EMSC</agencyURI>
    <authorURI>smi:smi-registry/organization/EMSC</authorURI>
    <creationTime>2014-12-11T03:46:31.296127Z</creationTime>
  </creationInfo>
  <description>
    <text>AZORES ISLANDS, PORTUGAL</text>
    <type>Flinn-Engdahl region</type>
  </description>
  <origin publicID="quakeml:eu.emsc/event/20040819_0000004/origin/1305198">
    <time>
      <value>2004-08-19T02:48:04.8Z</value>
    </time>
    <latitude>
      <value>37.532</value>
      <uncertainty>9999.9</uncertainty>
    </latitude>
    <longitude>
      <value>-25.176</value>
      <uncertainty>9999.9</uncertainty>
    </longitude>
    <depth>
      <value>0</value>
    </depth>
    <depthType>from location</depthType>
    <methodID>smi:eu.emsc-csem/origin_method/NA</methodID>
    <quality>
      <usedPhaseCount>37</usedPhaseCount>
      <usedStationCount>23</usedStationCount>
      <standardError>3.58</standardError>
      <azimuthalGap>316</azimuthalGap>
      <minimumDistance>0.25</minimumDistance>
      <maximumDistance>2.03</maximumDistance>
    </quality>
    <evaluationMode>manual</evaluationMode>
    <creationInfo>
      <agencyURI>smi:smi-registry/organization/EMSC</agencyURI>
      <authorURI>smi:smi-registry/organization/EMSC</authorURI>
    </creationInfo>
    <originUncertainty>
      <azimuthMaxHorizontalUncertainty>-99</azimuthMaxHorizontalUncertainty>
    </originUncertainty>
  </origin>
  <magnitude publicID="quakeml:eu.emsc/event/20040819_0000004/origin/1305198/mag/2">
    <mag>
      <value>3</value>
    </mag>
    <type>ML</type>
    <originID>quakeml:eu.emsc/event/20040819_0000004/origin/1305198</originID>
    <creationInfo>
      <agencyURI>smi:smi-registry/organization/EMSC</agencyURI>
      <authorURI>smi:smi-registry/organization/EMSC</authorURI>
    </creationInfo>
  </magnitude>
</event>
<event publicID="quakeml:eu.emsc/event/20040819_0000005">
  <preferredOriginID>quakeml:eu.emsc/event/20040819_0000005/origin/1305200</preferredOriginID>
  <preferredMagnitudeID>quakeml:eu.emsc/event/20040819_0000005/origin/1305200/mag/2</preferredMagnitudeID>
  <creationInfo>
    <agencyURI>smi:smi-registry/organization/EMSC</agencyURI>
    <authorURI>smi:smi-registry/organization/EMSC</authorURI>
    <creationTime>2014-12-11T03:46:33.22561Z</creationTime>
  </creationInfo>
  <description>
    <text>WESTERN TURKEY</text>
    <type>Flinn-Engdahl region</type>
  </description>
  <origin publicID="quakeml:eu.emsc/event/20040819_0000005/origin/1305200">
    <time>
      <value>2004-08-19T02:39:12.1Z</value>
    </time>
    <latitude>
      <value>38.306</value>
      <uncertainty>9999.9</uncertainty>
    </latitude>
    <longitude>
      <value>31.173</value>
      <uncertainty>9999.9</uncertainty>
    </longitude>
    <depth>
      <value>5000</value>
    </depth>
    <depthType>from location</depthType>
    <methodID>smi:eu.emsc-csem/origin_method/NA</methodID>
    <quality>
      <usedPhaseCount>10</usedPhaseCount>
      <usedStationCount>9</usedStationCount>
      <standardError>1.7</standardError>
      <azimuthalGap>85</azimuthalGap>
      <minimumDistance>0.7</minimumDistance>
      <maximumDistance>2.25</maximumDistance>
    </quality>
    <evaluationMode>manual</evaluationMode>
    <creationInfo>
      <agencyURI>smi:smi-registry/organization/EMSC</agencyURI>
      <authorURI>smi:smi-registry/organization/EMSC</authorURI>
    </creationInfo>
    <originUncertainty>
      <azimuthMaxHorizontalUncertainty>-99</azimuthMaxHorizontalUncertainty>
    </originUncertainty>
  </origin>
  <magnitude publicID="quakeml:eu.emsc/event/20040819_0000005/origin/1305200/mag/2">
    <mag>
      <value>3.1</value>
    </mag>
    <type>MD</type>
    <originID>quakeml:eu.emsc/event/20040819_0000005/origin/1305200</originID>
    <creationInfo>
      <agencyURI>smi:smi-registry/organization/EMSC</agencyURI>
      <authorURI>smi:smi-registry/organization/EMSC</authorURI>
    </creationInfo>
  </magnitude>
</event>
<event publicID="quakeml:eu.emsc/event/20040819_0000003">
  <preferredOriginID>quakeml:eu.emsc/event/20040819_0000003/origin/1312750</preferredOriginID>
  <preferredMagnitudeID>quakeml:eu.emsc/event/20040819_0000003/origin/1312750/mag/1</preferredMagnitudeID>
  <creationInfo>
    <agencyURI>smi:smi-registry/organization/EMSC</agencyURI>
    <authorURI>smi:smi-registry/organization/EMSC</authorURI>
    <creationTime>2014-12-03T10:19:00.489814Z</creationTime>
  </creationInfo>
  <description>
    <text>STRAIT OF GIBRALTAR</text>
    <type>Flinn-Engdahl region</type>
  </description>
  <origin publicID="quakeml:eu.emsc/event/20040819_0000003/origin/1312750">
    <time>
      <value>2004-08-19T01:02:16.2Z</value>
      <uncertainty>0.39</uncertainty>
    </time>
    <latitude>
      <value>36.4148</value>
      <uncertainty>8.9</uncertainty>
    </latitude>
    <longitude>
      <value>-5.3536</value>
      <uncertainty>3.7</uncertainty>
    </longitude>
    <depth>
      <value>10000</value>
    </depth>
    <depthType>from location</depthType>
    <methodID>smi:eu.emsc-csem/origin_method/NA</methodID>
    <quality>
      <usedPhaseCount>55</usedPhaseCount>
      <usedStationCount>30</usedStationCount>
      <standardError>1.1</standardError>
      <azimuthalGap>182</azimuthalGap>
      <minimumDistance>0.31</minimumDistance>
      <maximumDistance>5.84</maximumDistance>
    </quality>
    <evaluationMode>manual</evaluationMode>
    <creationInfo>
      <agencyURI>smi:smi-registry/organization/EMSC</agencyURI>
      <authorURI>smi:smi-registry/organization/EMSC</authorURI>
    </creationInfo>
    <originUncertainty>
      <azimuthMaxHorizontalUncertainty>177</azimuthMaxHorizontalUncertainty>
    </originUncertainty>
  </origin>
  <magnitude publicID="quakeml:eu.emsc/event/20040819_0000003/origin/1312750/mag/1">
    <mag>
      <value>2.8</value>
      <uncertainty>0.2</uncertainty>
    </mag>
    <type>ML</type>
    <originID>quakeml:eu.emsc/event/20040819_0000003/origin/1312750</originID>
    <stationCount>9</stationCount>
    <creationInfo>
      <agencyURI>smi:smi-registry/organization/EMSC</agencyURI>
      <authorURI>smi:smi-registry/organization/EMSC</authorURI>
    </creationInfo>
  </magnitude>
</event>
<event publicID="quakeml:eu.emsc/event/20040819_0000001">
  <preferredOriginID>quakeml:eu.emsc/event/20040819_0000001/origin/1312760</preferredOriginID>
  <preferredMagnitudeID>quakeml:eu.emsc/event/20040819_0000001/origin/1312760/mag/2</preferredMagnitudeID>
  <creationInfo>
    <agencyURI>smi:smi-registry/organization/EMSC</agencyURI>
    <authorURI>smi:smi-registry/organization/EMSC</authorURI>
    <creationTime>2014-12-03T11:20:55.309535Z</creationTime>
  </creationInfo>
  <description>
    <text>DODECANESE ISLANDS, GREECE</text>
    <type>Flinn-Engdahl region</type>
  </description>
  <origin publicID="quakeml:eu.emsc/event/20040819_0000001/origin/1312760">
    <time>
      <value>2004-08-19T00:59:05.3Z</value>
      <uncertainty>0.17</uncertainty>
    </time>
    <latitude>
      <value>36.1887</value>
      <uncertainty>6</uncertainty>
    </latitude>
    <longitude>
      <value>27.4536</value>
      <uncertainty>3.3</uncertainty>
    </longitude>
    <depth>
      <value>5000</value>
    </depth>
    <depthType>from location</depthType>
    <methodID>smi:eu.emsc-csem/origin_method/NA</methodID>
    <quality>
      <usedPhaseCount>16</usedPhaseCount>
      <usedStationCount>13</usedStationCount>
      <standardError>0.71</standardError>
      <azimuthalGap>113</azimuthalGap>
      <minimumDistance>0.54</minimumDistance>
      <maximumDistance>2.82</maximumDistance>
    </quality>
    <evaluationMode>manual</evaluationMode>
    <creationInfo>
      <agencyURI>smi:smi-registry/organization/EMSC</agencyURI>
      <authorURI>smi:smi-registry/organization/EMSC</authorURI>
    </creationInfo>
    <originUncertainty>
      <azimuthMaxHorizontalUncertainty>152</azimuthMaxHorizontalUncertainty>
    </originUncertainty>
  </origin>
  <magnitude publicID="quakeml:eu.emsc/event/20040819_0000001/origin/1312760/mag/2">
    <mag>
      <value>3.4</value>
    </mag>
    <type>MD</type>
    <originID>quakeml:eu.emsc/event/20040819_0000001/origin/1312760</originID>
    <creationInfo>
      <agencyURI>smi:smi-registry/organization/EMSC</agencyURI>
      <authorURI>smi:smi-registry/organization/EMSC</authorURI>
    </creationInfo>
  </magnitude>
</event>
<event publicID="quakeml:eu.emsc/event/20040819_0000002">
  <preferredOriginID>quakeml:eu.emsc/event/20040819_0000002/origin/1305202</preferredOriginID>
  <preferredMagnitudeID>quakeml:eu.emsc/event/20040819_0000002/origin/1305202/mag/2</preferredMagnitudeID>
  <creationInfo>
    <agencyURI>smi:smi-registry/organization/EMSC</agencyURI>
    <authorURI>smi:smi-registry/organization/EMSC</authorURI>
    <creationTime>2014-12-11T03:46:26.65227Z</creationTime>
  </creationInfo>
  <description>
    <text>CENTRAL TURKEY</text>
    <type>Flinn-Engdahl region</type>
  </description>
  <origin publicID="quakeml:eu.emsc/event/20040819_0000002/origin/1305202">
    <time>
      <value>2004-08-19T00:52:20.9Z</value>
    </time>
    <latitude>
      <value>36.867</value>
      <uncertainty>9999.9</uncertainty>
    </latitude>
    <longitude>
      <value>34.296</value>
      <uncertainty>9999.9</uncertainty>
    </longitude>
    <depth>
      <value>5000</value>
    </depth>
    <depthType>from location</depthType>
    <methodID>smi:eu.emsc-csem/origin_method/NA</methodID>
    <quality>
      <usedPhaseCount>5</usedPhaseCount>
      <usedStationCount>4</usedStationCount>
      <standardError>0.92</standardError>
      <azimuthalGap>135</azimuthalGap>
      <minimumDistance>0.8</minimumDistance>
      <maximumDistance>1.45</maximumDistance>
    </quality>
    <evaluationMode>manual</evaluationMode>
    <creationInfo>
      <agencyURI>smi:smi-registry/organization/EMSC</agencyURI>
      <authorURI>smi:smi-registry/organization/EMSC</authorURI>
    </creationInfo>
    <originUncertainty>
      <azimuthMaxHorizontalUncertainty>-99</azimuthMaxHorizontalUncertainty>
    </originUncertainty>
  </origin>
  <magnitude publicID="quakeml:eu.emsc/event/20040819_0000002/origin/1305202/mag/2">
    <mag>
      <value>3.1</value>
    </mag>
    <type>MD</type>
    <originID>quakeml:eu.emsc/event/20040819_0000002/origin/1305202</originID>
    <creationInfo>
      <agencyURI>smi:smi-registry/organization/EMSC</agencyURI>
      <authorURI>smi:smi-registry/organization/EMSC</authorURI>
    </creationInfo>
  </magnitude>
</event>
</eventParameters>
</q:quakeml>
