<?xml version="1.0"?>
<q:quakeml xmlns:q="http://quakeml.org/xmlns/quakeml/1.2"  xmlns="http://quakeml.org/xmlns/bed/1.2">
<eventParameters publicID="smi:eu.emsc/unid">
<event publicID="quakeml:eu.emsc/event/20040111_0000016">
  <preferredOriginID>quakeml:eu.emsc/event/20040111_0000016/origin/1311428</preferredOriginID>
  <preferredMagnitudeID>quakeml:eu.emsc/event/20040111_0000016/origin/1311428/mag/2</preferredMagnitudeID>
  <creationInfo>
    <agencyURI>smi:smi-registry/organization/EMSC</agencyURI>
    <authorURI>smi:smi-registry/organization/EMSC</authorURI>
    <creationTime>2014-12-10T23:16:44.103964Z</creationTime>
  </creationInfo>
  <description>
    <text>CENTRAL TURKEY</text>
    <type>Flinn-Engdahl region</type>
  </description>
  <origin publicID="quakeml:eu.emsc/event/20040111_0000016/origin/1311428">
    <time>
      <value>2004-01-11T22:06:07.7Z</value>
    </time>
    <latitude>
      <value>38.245</value>
      <uncertainty>9999.9</uncertainty>
    </latitude>
    <longitude>
      <value>36.888</value>
      <uncertainty>9999.9</uncertainty>
    </longitude>
    <depth>
      <value>10000</value>
    </depth>
    <depthType>from location</depthType>
    <methodID>smi:eu.emsc-csem/origin_method/NA</methodID>
    <quality>
      <usedPhaseCount>5</usedPhaseCount>
      <usedStationCount>5</usedStationCount>
      <standardError>2.05</standardError>
      <azimuthalGap>140</azimuthalGap>
      <minimumDistance>1.02</minimumDistance>
      <maximumDistance>1.85</maximumDistance>
    </quality>
    <evaluationMode>manual</evaluationMode>
    <creationInfo>
      <agencyURI>smi:smi-registry/organization/EMSC</agencyURI>
      <authorURI>smi:smi-registry/organization/EMSC</authorURI>
    </creationInfo>
    <originUncertainty>
      <azimuthMaxHorizontalUncertainty>-99</azimuthMaxHorizontalUncertainty>
    </originUncertainty>
  </origin>
  <magnitude publicID="quakeml:eu.emsc/event/20040111_0000016/origin/1311428/mag/2">
    <mag>
      <value>3</value>
    </mag>
    <type>MD</type>
    <originID>quakeml:eu.emsc/event/20040111_0000016/origin/1311428</originID>
    <creationInfo>
      <agencyURI>smi:smi-registry/organization/EMSC</agencyURI>
      <authorURI>smi:smi-registry/organization/EMSC</authorURI>
    </creationInfo>
  </magnitude>
</event>
<event publicID="quakeml:eu.emsc/event/20040111_0000030">
  <preferredOriginID>quakeml:eu.emsc/event/20040111_0000030/origin/1311430</preferredOriginID>
  <preferredMagnitudeID>quakeml:eu.emsc/event/20040111_0000030/origin/1311430/mag/2</preferredMagnitudeID>
  <creationInfo>
    <agencyURI>smi:smi-registry/organization/EMSC</agencyURI>
    <authorURI>smi:smi-registry/organization/EMSC</authorURI>
    <creationTime>2014-12-10T18:09:57.731328Z</creationTime>
  </creationInfo>
  <description>
    <text>FRANCE</text>
    <type>Flinn-Engdahl region</type>
  </description>
  <origin publicID="quakeml:eu.emsc/event/20040111_0000030/origin/1311430">
    <time>
      <value>2004-01-11T21:59:33.4Z</value>
    </time>
    <latitude>
      <value>47.7538</value>
      <uncertainty>9999.9</uncertainty>
    </latitude>
    <longitude>
      <value>6.3213</value>
      <uncertainty>9999.9</uncertainty>
    </longitude>
    <depth>
      <value>23000</value>
    </depth>
    <depthType>from location</depthType>
    <methodID>smi:eu.emsc-csem/origin_method/NA</methodID>
    <quality>
      <usedPhaseCount>15</usedPhaseCount>
      <usedStationCount>8</usedStationCount>
      <standardError>2.69</standardError>
      <azimuthalGap>108</azimuthalGap>
      <minimumDistance>0.25</minimumDistance>
      <maximumDistance>2.03</maximumDistance>
    </quality>
    <evaluationMode>manual</evaluationMode>
    <creationInfo>
      <agencyURI>smi:smi-registry/organization/EMSC</agencyURI>
      <authorURI>smi:smi-registry/organization/EMSC</authorURI>
    </creationInfo>
    <originUncertainty>
      <azimuthMaxHorizontalUncertainty>-99</azimuthMaxHorizontalUncertainty>
    </originUncertainty>
  </origin>
  <magnitude publicID="quakeml:eu.emsc/event/20040111_0000030/origin/1311430/mag/2">
    <mag>
      <value>1.8</value>
      <uncertainty>0.2</uncertainty>
    </mag>
    <type>ML</type>
    <originID>quakeml:eu.emsc/event/20040111_0000030/origin/1311430</originID>
    <stationCount>6</stationCount>
    <creationInfo>
      <agencyURI>smi:smi-registry/organization/EMSC</agencyURI>
      <authorURI>smi:smi-registry/organization/EMSC</authorURI>
    </creationInfo>
  </magnitude>
</event>
<event publicID="quakeml:eu.emsc/event/20040111_0000023">
  <preferredOriginID>quakeml:eu.emsc/event/20040111_0000023/origin/1348290</preferredOriginID>
  <preferredMagnitudeID>quakeml:eu.emsc/event/20040111_0000023/origin/1348290/mag/1</preferredMagnitudeID>
  <creationInfo>
    <agencyURI>smi:smi-registry/organization/EMSC</agencyURI>
    <authorURI>smi:smi-registry/organization/EMSC</authorURI>
    <creationTime>2014-12-03T15:41:07.162009Z</creationTime>
  </creationInfo>
  <description>
    <text>PYRENEES</text>
    <type>Flinn-Engdahl region</type>
  </description>
  <origin publicID="quakeml:eu.emsc/event/20040111_0000023/origin/1348290">
    <time>
      <value>2004-01-11T19:23:39.2Z</value>
      <uncertainty>0.27</uncertainty>
    </time>
    <latitude>
      <value>42.7269</value>
      <uncertainty>6.8</uncertainty>
    </latitude>
    <longitude>
      <value>-1.0352</value>
      <uncertainty>4.6</uncertainty>
    </longitude>
    <depth>
      <value>10000</value>
    </depth>
    <depthType>from location</depthType>
    <methodID>smi:eu.emsc-csem/origin_method/NA</methodID>
    <quality>
      <usedPhaseCount>19</usedPhaseCount>
      <usedStationCount>10</usedStationCount>
      <standardError>1.01</standardError>
      <azimuthalGap>94</azimuthalGap>
      <minimumDistance>0.39</minimumDistance>
      <maximumDistance>2.4</maximumDistance>
    </quality>
    <evaluationMode>manual</evaluationMode>
    <creationInfo>
      <agencyURI>smi:smi-registry/organization/EMSC</agencyURI>
      <authorURI>smi:smi-registry/organization/EMSC</authorURI>
    </creationInfo>
    <originUncertainty>
      <azimuthMaxHorizontalUncertainty>17</azimuthMaxHorizontalUncertainty>
    </originUncertainty>
  </origin>
  <magnitude publicID="quakeml:eu.emsc/event/20040111_0000023/origin/1348290/mag/1">
    <mag>
      <value>1.9</value>
      <uncertainty>0.5</uncertainty>
    </mag>
    <type>ML</type>
    <originID>quakeml:eu.emsc/event/20040111_0000023/origin/1348290</originID>
    <stationCount>8</stationCount>
    <creationInfo>
      <agencyURI>smi:smi-registry/organization/EMSC</agencyURI>
      <authorURI>smi:smi-registry/organization/EMSC</authorURI>
    </creationInfo>
  </magnitude>
</event>
<event publicID="quakeml:eu.emsc/event/20040111_0000034">
  <preferredOriginID>quakeml:eu.emsc/event/20040111_0000034/origin/1311432</preferredOriginID>
  <preferredMagnitudeID>quakeml:eu.emsc/event/20040111_0000034/origin/1311432/mag/2</preferredMagnitudeID>
  <creationInfo>
    <agencyURI>smi:smi-registry/organization/EMSC</agencyURI>
    <authorURI>smi:smi-registry/organization/EMSC</authorURI>
    <creationTime>2014-12-10T18:22:01.745919Z</creationTime>
  </creationInfo>
  <description>
    <text>FRANCE</text>
    <type>Flinn-Engdahl region</type>
  </description>
  <origin publicID="quakeml:eu.emsc/event/20040111_0000034/origin/1311432">
    <time>
      <value>2004-01-11T18:42:51.3Z</value>
    </time>
    <latitude>
      <value>47.3576</value>
      <uncertainty>9999.9</uncertainty>
    </latitude>
    <longitude>
      <value>6.8087</value>
      <uncertainty>9999.9</uncertainty>
    </longitude>
    <depth>
      <value>2000</value>
    </depth>
    <depthType>from location</depthType>
    <methodID>smi:eu.emsc-csem/origin_method/NA</methodID>
    <quality>
      <usedPhaseCount>29</usedPhaseCount>
      <usedStationCount>14</usedStationCount>
      <standardError>1.44</standardError>
      <azimuthalGap>164</azimuthalGap>
      <minimumDistance>0.46</minimumDistance>
      <maximumDistance>2.91</maximumDistance>
    </quality>
    <evaluationMode>manual</evaluationMode>
    <creationInfo>
      <agencyURI>smi:smi-registry/organization/EMSC</agencyURI>
      <authorURI>smi:smi-registry/organization/EMSC</authorURI>
    </creationInfo>
    <originUncertainty>
      <azimuthMaxHorizontalUncertainty>-99</azimuthMaxHorizontalUncertainty>
    </originUncertainty>
  </origin>
  <magnitude publicID="quakeml:eu.emsc/event/20040111_0000034/origin/1311432/mag/2">
    <mag>
      <value>2.3</value>
      <uncertainty>0.3</uncertainty>
    </mag>
    <type>ML</type>
    <originID>quakeml:eu.emsc/event/20040111_0000034/origin/1311432</originID>
    <stationCount>13</stationCount>
    <creationInfo>
      <agencyURI>smi:smi-registry/organization/EMSC</agencyURI>
      <authorURI>smi:smi-registry/organization/EMSC</authorURI>
    </creationInfo>
  </magnitude>
</event>
<event publicID="quakeml:eu.emsc/event/20040111_0000024">
  <preferredOriginID>quakeml:eu.emsc/event/20040111_0000024/origin/1311434</preferredOriginID>
  <preferredMagnitudeID>quakeml:eu.emsc/event/20040111_0000024/origin/1311434/mag/2</preferredMagnitudeID>
  <creationInfo>
    <agencyURI>smi:smi-registry/organization/EMSC</agencyURI>
    <authorURI>smi:smi-registry/organization/EMSC</authorURI>
    <creationTime>2014-12-10T18:09:57.229042Z</creationTime>
  </creationInfo>
  <description>
    <text>FRANCE</text>
    <type>Flinn-Engdahl region</type>
  </description>
  <origin publicID="quakeml:eu.emsc/event/20040111_0000024/origin/1311434">
    <time>
      <value>2004-01-11T18:41:11.7Z</value>
    </time>
    <latitude>
      <value>47.3559</value>
      <uncertainty>9999.9</uncertainty>
    </latitude>
    <longitude>
      <value>6.8124</value>
      <uncertainty>9999.9</uncertainty>
    </longitude>
    <depth>
      <value>2000</value>
    </depth>
    <depthType>from location</depthType>
    <methodID>smi:eu.emsc-csem/origin_method/NA</methodID>
    <quality>
      <usedPhaseCount>24</usedPhaseCount>
      <usedStationCount>14</usedStationCount>
      <standardError>1.47</standardError>
      <azimuthalGap>165</azimuthalGap>
      <minimumDistance>0.46</minimumDistance>
      <maximumDistance>2.91</maximumDistance>
    </quality>
    <evaluationMode>manual</evaluationMode>
    <creationInfo>
      <agencyURI>smi:smi-registry/organization/EMSC</agencyURI>
      <authorURI>smi:smi-registry/organization/EMSC</authorURI>
    </creationInfo>
    <originUncertainty>
      <azimuthMaxHorizontalUncertainty>-99</azimuthMaxHorizontalUncertainty>
    </originUncertainty>
  </origin>
  <magnitude publicID="quakeml:eu.emsc/event/20040111_0000024/origin/1311434/mag/2">
    <mag>
      <value>2</value>
      <uncertainty>0.3</uncertainty>
    </mag>
    <type>ML</type>
    <originID>quakeml:eu.emsc/event/20040111_0000024/origin/1311434</originID>
    <stationCount>13</stationCount>
    <creationInfo>
      <agencyURI>smi:smi-registry/organization/EMSC</agencyURI>
      <authorURI>smi:smi-registry/organization/EMSC</authorURI>
    </creationInfo>
  </magnitude>
</event>
<event publicID="quakeml:eu.emsc/event/20040111_0000020">
  <preferredOriginID>quakeml:eu.emsc/event/20040111_0000020/origin/1348293</preferredOriginID>
  <preferredMagnitudeID>quakeml:eu.emsc/event/20040111_0000020/origin/1348293/mag/1</preferredMagnitudeID>
  <creationInfo>
    <agencyURI>smi:smi-registry/organization/EMSC</agencyURI>
    <authorURI>smi:smi-registry/organization/EMSC</authorURI>
    <creationTime>2014-12-03T15:03:15.503365Z</creationTime>
  </creationInfo>
  <description>
    <text>PYRENEES</text>
    <type>Flinn-Engdahl region</type>
  </description>
  <origin publicID="quakeml:eu.emsc/event/20040111_0000020/origin/1348293">
    <time>
      <value>2004-01-11T17:18:20.1Z</value>
      <uncertainty>0.13</uncertainty>
    </time>
    <latitude>
      <value>43.0744</value>
      <uncertainty>6.1</uncertainty>
    </latitude>
    <longitude>
      <value>-1.1305</value>
      <uncertainty>2.1</uncertainty>
    </longitude>
    <depth>
      <value>12000</value>
    </depth>
    <depthType>from location</depthType>
    <methodID>smi:eu.emsc-csem/origin_method/NA</methodID>
    <quality>
      <usedPhaseCount>12</usedPhaseCount>
      <usedStationCount>6</usedStationCount>
      <standardError>0.35</standardError>
      <azimuthalGap>152</azimuthalGap>
      <minimumDistance>0.08</minimumDistance>
      <maximumDistance>1.12</maximumDistance>
    </quality>
    <evaluationMode>manual</evaluationMode>
    <creationInfo>
      <agencyURI>smi:smi-registry/organization/EMSC</agencyURI>
      <authorURI>smi:smi-registry/organization/EMSC</authorURI>
    </creationInfo>
    <originUncertainty>
      <azimuthMaxHorizontalUncertainty>11</azimuthMaxHorizontalUncertainty>
    </originUncertainty>
  </origin>
  <magnitude publicID="quakeml:eu.emsc/event/20040111_0000020/origin/1348293/mag/1">
    <mag>
      <value>1.4</value>
      <uncertainty>0.4</uncertainty>
    </mag>
    <type>ML</type>
    <originID>quakeml:eu.emsc/event/20040111_0000020/origin/1348293</originID>
    <stationCount>6</stationCount>
    <creationInfo>
      <agencyURI>smi:smi-registry/organization/EMSC</agencyURI>
      <authorURI>smi:smi-registry/organization/EMSC</authorURI>
    </creationInfo>
  </magnitude>
</event>
<event publicID="quakeml:eu.emsc/event/20040111_0000025">
  <preferredOriginID>quakeml:eu.emsc/event/20040111_0000025/origin/1348296</preferredOriginID>
  <preferredMagnitudeID>quakeml:eu.emsc/event/20040111_0000025/origin/1348296/mag/1</preferredMagnitudeID>
  <creationInfo>
    <agencyURI>smi:smi-registry/organization/EMSC</agencyURI>
    <authorURI>smi:smi-registry/organization/EMSC</authorURI>
    <creationTime>2014-12-03T15:53:03.868519Z</creationTime>
  </creationInfo>
  <description>
    <text>PYRENEES</text>
    <type>Flinn-Engdahl region</type>
  </description>
  <origin publicID="quakeml:eu.emsc/event/20040111_0000025/origin/1348296">
    <time>
      <value>2004-01-11T17:07:16.3Z</value>
      <uncertainty>0.17</uncertainty>
    </time>
    <latitude>
      <value>42.6789</value>
      <uncertainty>3.9</uncertainty>
    </latitude>
    <longitude>
      <value>-1.0804</value>
      <uncertainty>2.5</uncertainty>
    </longitude>
    <depth>
      <value>5000</value>
    </depth>
    <depthType>from location</depthType>
    <methodID>smi:eu.emsc-csem/origin_method/NA</methodID>
    <quality>
      <usedPhaseCount>16</usedPhaseCount>
      <usedStationCount>9</usedStationCount>
      <standardError>0.73</standardError>
      <azimuthalGap>98</azimuthalGap>
      <minimumDistance>0.44</minimumDistance>
      <maximumDistance>2.36</maximumDistance>
    </quality>
    <evaluationMode>manual</evaluationMode>
    <creationInfo>
      <agencyURI>smi:smi-registry/organization/EMSC</agencyURI>
      <authorURI>smi:smi-registry/organization/EMSC</authorURI>
    </creationInfo>
    <originUncertainty>
      <azimuthMaxHorizontalUncertainty>14</azimuthMaxHorizontalUncertainty>
    </originUncertainty>
  </origin>
  <magnitude publicID="quakeml:eu.emsc/event/20040111_0000025/origin/1348296/mag/1">
    <mag>
      <value>1.7</value>
      <uncertainty>0.6</uncertainty>
    </mag>
    <type>ML</type>
    <originID>quakeml:eu.emsc/event/20040111_0000025/origin/1348296</originID>
    <stationCount>7</stationCount>
    <creationInfo>
      <agencyURI>smi:smi-registry/organization/EMSC</agencyURI>
      <authorURI>smi:smi-registry/organization/EMSC</authorURI>
    </creationInfo>
  </magnitude>
</event>
<event publicID="quakeml:eu.emsc/event/20040111_0000027">
  <preferredOriginID>quakeml:eu.emsc/event/20040111_0000027/origin/1348299</preferredOriginID>
  <preferredMagnitudeID>quakeml:eu.emsc/event/20040111_0000027/origin/1348299/mag/1</preferredMagnitudeID>
  <creationInfo>
    <agencyURI>smi:smi-registry/organization/EMSC</agencyURI>
    <authorURI>smi:smi-registry/organization/EMSC</authorURI>
    <creationTime>2014-12-03T16:00:42.184744Z</creationTime>
  </creationInfo>
  <description>
    <text>NORTHERN ITALY</text>
    <type>Flinn-Engdahl region</type>
  </description>
  <origin publicID="quakeml:eu.emsc/event/20040111_0000027/origin/1348299">
    <time>
      <value>2004-01-11T16:18:59.8Z</value>
      <uncertainty>0.13</uncertainty>
    </time>
    <latitude>
      <value>44.274</value>
      <uncertainty>2.7</uncertainty>
    </latitude>
    <longitude>
      <value>7.5822</value>
      <uncertainty>1</uncertainty>
    </longitude>
    <depth>
      <value>12000</value>
    </depth>
    <depthType>from location</depthType>
    <methodID>smi:eu.emsc-csem/origin_method/NA</methodID>
    <quality>
      <usedPhaseCount>30</usedPhaseCount>
      <usedStationCount>15</usedStationCount>
      <standardError>0.31</standardError>
      <azimuthalGap>209</azimuthalGap>
      <minimumDistance>0.29</minimumDistance>
      <maximumDistance>2.16</maximumDistance>
    </quality>
    <evaluationMode>manual</evaluationMode>
    <creationInfo>
      <agencyURI>smi:smi-registry/organization/EMSC</agencyURI>
      <authorURI>smi:smi-registry/organization/EMSC</authorURI>
    </creationInfo>
    <originUncertainty>
      <azimuthMaxHorizontalUncertainty>81</azimuthMaxHorizontalUncertainty>
    </originUncertainty>
  </origin>
  <magnitude publicID="quakeml:eu.emsc/event/20040111_0000027/origin/1348299/mag/1">
    <mag>
      <value>2.1</value>
      <uncertainty>0.3</uncertainty>
    </mag>
    <type>ML</type>
    <originID>quakeml:eu.emsc/event/20040111_0000027/origin/1348299</originID>
    <stationCount>9</stationCount>
    <creationInfo>
      <agencyURI>smi:smi-registry/organization/EMSC</agencyURI>
      <authorURI>smi:smi-registry/organization/EMSC</authorURI>
    </creationInfo>
  </magnitude>
</event>
<event publicID="quakeml:eu.emsc/event/20040111_0000015">
  <preferredOriginID>quakeml:eu.emsc/event/20040111_0000015/origin/1349071</preferredOriginID>
  <preferredMagnitudeID>quakeml:eu.emsc/event/20040111_0000015/origin/1349071/mag/2</preferredMagnitudeID>
  <creationInfo>
    <agencyURI>smi:smi-registry/organization/EMSC</agencyURI>
    <authorURI>smi:smi-registry/organization/EMSC</authorURI>
    <creationTime>2014-12-03T11:36:35.466818Z</creationTime>
  </creationInfo>
  <description>
    <text>SOUTHERN ITALY</text>
    <type>Flinn-Engdahl region</type>
  </description>
  <origin publicID="quakeml:eu.emsc/event/20040111_0000015/origin/1349071">
    <time>
      <value>2004-01-11T16:15:36.5Z</value>
      <uncertainty>0.22</uncertainty>
    </time>
    <latitude>
      <value>41.6909</value>
      <uncertainty>7.2</uncertainty>
    </latitude>
    <longitude>
      <value>14.8012</value>
      <uncertainty>4.2</uncertainty>
    </longitude>
    <depth>
      <value>20000</value>
    </depth>
    <depthType>from location</depthType>
    <methodID>smi:eu.emsc-csem/origin_method/NA</methodID>
    <quality>
      <usedPhaseCount>43</usedPhaseCount>
      <usedStationCount>27</usedStationCount>
      <standardError>1.42</standardError>
      <azimuthalGap>69</azimuthalGap>
      <minimumDistance>0.29</minimumDistance>
      <maximumDistance>2.87</maximumDistance>
    </quality>
    <evaluationMode>manual</evaluationMode>
    <creationInfo>
      <agencyURI>smi:smi-registry/organization/EMSC</agencyURI>
      <authorURI>smi:smi-registry/organization/EMSC</authorURI>
    </creationInfo>
    <originUncertainty>
      <azimuthMaxHorizontalUncertainty>27</azimuthMaxHorizontalUncertainty>
    </originUncertainty>
  </origin>
  <magnitude publicID="quakeml:eu.emsc/event/20040111_0000015/origin/1349071/mag/2">
    <mag>
      <value>2.4</value>
    </mag>
    <type>ML</type>
    <originID>quakeml:eu.emsc/event/20040111_0000015/origin/1349071</originID>
    <stationCount>12</stationCount>
    <creationInfo>
      <agencyURI>smi:smi-registry/organization/EMSC</agencyURI>
      <authorURI>smi:smi-registry/organization/EMSC</authorURI>
    </creationInfo>
  </magnitude>
</event>
<event publicID="quakeml:eu.emsc/event/20040111_0000014">
  <preferredOriginID>quakeml:eu.emsc/event/20040111_0000014/origin/1349074</preferredOriginID>
  <preferredMagnitudeID>quakeml:eu.emsc/event/20040111_0000014/origin/1349074/mag/2</preferredMagnitudeID>
  <creationInfo>
    <agencyURI>smi:smi-registry/organization/EMSC</agencyURI>
    <authorURI>smi:smi-registry/organization/EMSC</authorURI>
    <creationTime>2014-12-03T11:48:05.796149Z</creationTime>
  </creationInfo>
  <description>
    <text>NORTHERN ALGERIA</text>
    <type>Flinn-Engdahl region</type>
  </description>
  <origin publicID="quakeml:eu.emsc/event/20040111_0000014/origin/1349074">
    <time>
      <value>2004-01-11T16:05:30.8Z</value>
      <uncertainty>0.8</uncertainty>
    </time>
    <latitude>
      <value>35.5281</value>
      <uncertainty>19</uncertainty>
    </latitude>
    <longitude>
      <value>-1.273</value>
      <uncertainty>11</uncertainty>
    </longitude>
    <depth>
      <value>40000</value>
    </depth>
    <depthType>from location</depthType>
    <methodID>smi:eu.emsc-csem/origin_method/NA</methodID>
    <quality>
      <usedPhaseCount>16</usedPhaseCount>
      <usedStationCount>8</usedStationCount>
      <standardError>1.44</standardError>
      <azimuthalGap>202</azimuthalGap>
      <minimumDistance>1.18</minimumDistance>
      <maximumDistance>4.07</maximumDistance>
    </quality>
    <evaluationMode>manual</evaluationMode>
    <creationInfo>
      <agencyURI>smi:smi-registry/organization/EMSC</agencyURI>
      <authorURI>smi:smi-registry/organization/EMSC</authorURI>
    </creationInfo>
    <originUncertainty>
      <azimuthMaxHorizontalUncertainty>123</azimuthMaxHorizontalUncertainty>
    </originUncertainty>
  </origin>
  <magnitude publicID="quakeml:eu.emsc/event/20040111_0000014/origin/1349074/mag/2">
    <mag>
      <value>3.2</value>
      <uncertainty>0.1</uncertainty>
    </mag>
    <type>mb</type>
    <originID>quakeml:eu.emsc/event/20040111_0000014/origin/1349074</originID>
    <stationCount>5</stationCount>
    <creationInfo>
      <agencyURI>smi:smi-registry/organization/EMSC</agencyURI>
      <authorURI>smi:smi-registry/organization/EMSC</authorURI>
    </creationInfo>
  </magnitude>
</event>
<event publicID="quakeml:eu.emsc/event/20040111_0000033">
  <preferredOriginID>quakeml:eu.emsc/event/20040111_0000033/origin/1348302</preferredOriginID>
  <preferredMagnitudeID>quakeml:eu.emsc/event/20040111_0000033/origin/1348302/mag/1</preferredMagnitudeID>
  <creationInfo>
    <agencyURI>smi:smi-registry/organization/EMSC</agencyURI>
    <authorURI>smi:smi-registry/organization/EMSC</authorURI>
    <creationTime>2014-12-03T16:48:01.434825Z</creationTime>
  </creationInfo>
  <description>
    <text>PYRENEES</text>
    <type>Flinn-Engdahl region</type>
  </description>
  <origin publicID="quakeml:eu.emsc/event/20040111_0000033/origin/1348302">
    <time>
      <value>2004-01-11T15:33:08.5Z</value>
      <uncertainty>0.18</uncertainty>
    </time>
    <latitude>
      <value>43.1189</value>
      <uncertainty>7.4</uncertainty>
    </latitude>
    <longitude>
      <value>-0.7677</value>
      <uncertainty>2.6</uncertainty>
    </longitude>
    <depth>
      <value>8000</value>
    </depth>
    <depthType>from location</depthType>
    <methodID>smi:eu.emsc-csem/origin_method/NA</methodID>
    <quality>
      <usedPhaseCount>17</usedPhaseCount>
      <usedStationCount>9</usedStationCount>
      <standardError>0.63</standardError>
      <azimuthalGap>148</azimuthalGap>
      <minimumDistance>0.06</minimumDistance>
      <maximumDistance>1.38</maximumDistance>
    </quality>
    <evaluationMode>manual</evaluationMode>
    <creationInfo>
      <agencyURI>smi:smi-registry/organization/EMSC</agencyURI>
      <authorURI>smi:smi-registry/organization/EMSC</authorURI>
    </creationInfo>
    <originUncertainty>
      <azimuthMaxHorizontalUncertainty>15</azimuthMaxHorizontalUncertainty>
    </originUncertainty>
  </origin>
  <magnitude publicID="quakeml:eu.emsc/event/20040111_0000033/origin/1348302/mag/1">
    <mag>
      <value>1.4</value>
      <uncertainty>0.4</uncertainty>
    </mag>
    <type>ML</type>
    <originID>quakeml:eu.emsc/event/20040111_0000033/origin/1348302</originID>
    <stationCount>6</stationCount>
    <creationInfo>
      <agencyURI>smi:smi-registry/organization/EMSC</agencyURI>
      <authorURI>smi:smi-registry/organization/EMSC</authorURI>
    </creationInfo>
  </magnitude>
</event>
<event publicID="quakeml:eu.emsc/event/20040111_0000026">
  <preferredOriginID>quakeml:eu.emsc/event/20040111_0000026/origin/1311436</preferredOriginID>
  <preferredMagnitudeID>quakeml:eu.emsc/event/20040111_0000026/origin/1311436/mag/2</preferredMagnitudeID>
  <creationInfo>
    <agencyURI>smi:smi-registry/organization/EMSC</agencyURI>
    <authorURI>smi:smi-registry/organization/EMSC</authorURI>
    <creationTime>2014-12-10T18:09:56.250362Z</creationTime>
  </creationInfo>
  <description>
    <text>FRANCE</text>
    <type>Flinn-Engdahl region</type>
  </description>
  <origin publicID="quakeml:eu.emsc/event/20040111_0000026/origin/1311436">
    <time>
      <value>2004-01-11T15:14:23.0Z</value>
    </time>
    <latitude>
      <value>44.692</value>
      <uncertainty>9999.9</uncertainty>
    </latitude>
    <longitude>
      <value>6.6385</value>
      <uncertainty>9999.9</uncertainty>
    </longitude>
    <depth>
      <value>2000</value>
    </depth>
    <depthType>from location</depthType>
    <methodID>smi:eu.emsc-csem/origin_method/NA</methodID>
    <quality>
      <usedPhaseCount>8</usedPhaseCount>
      <usedStationCount>5</usedStationCount>
      <standardError>0.53</standardError>
      <azimuthalGap>113</azimuthalGap>
      <minimumDistance>0.1</minimumDistance>
      <maximumDistance>1.13</maximumDistance>
    </quality>
    <evaluationMode>manual</evaluationMode>
    <creationInfo>
      <agencyURI>smi:smi-registry/organization/EMSC</agencyURI>
      <authorURI>smi:smi-registry/organization/EMSC</authorURI>
    </creationInfo>
    <originUncertainty>
      <azimuthMaxHorizontalUncertainty>-99</azimuthMaxHorizontalUncertainty>
    </originUncertainty>
  </origin>
  <magnitude publicID="quakeml:eu.emsc/event/20040111_0000026/origin/1311436/mag/2">
    <mag>
      <value>1.4</value>
      <uncertainty>0.4</uncertainty>
    </mag>
    <type>ML</type>
    <originID>quakeml:eu.emsc/event/20040111_0000026/origin/1311436</originID>
    <stationCount>2</stationCount>
    <creationInfo>
      <agencyURI>smi:smi-registry/organization/EMSC</agencyURI>
      <authorURI>smi:smi-registry/organization/EMSC</authorURI>
    </creationInfo>
  </magnitude>
</event>
<event publicID="quakeml:eu.emsc/event/20040111_0000013">
  <preferredOriginID>quakeml:eu.emsc/event/20040111_0000013/origin/1349077</preferredOriginID>
  <preferredMagnitudeID>quakeml:eu.emsc/event/20040111_0000013/origin/1349077/mag/2</preferredMagnitudeID>
  <creationInfo>
    <agencyURI>smi:smi-registry/organization/EMSC</agencyURI>
    <authorURI>smi:smi-registry/organization/EMSC</authorURI>
    <creationTime>2014-12-03T12:10:15.18715Z</creationTime>
  </creationInfo>
  <description>
    <text>GREECE</text>
    <type>Flinn-Engdahl region</type>
  </description>
  <origin publicID="quakeml:eu.emsc/event/20040111_0000013/origin/1349077">
    <time>
      <value>2004-01-11T12:59:34.8Z</value>
      <uncertainty>0.32</uncertainty>
    </time>
    <latitude>
      <value>39.8494</value>
      <uncertainty>10.7</uncertainty>
    </latitude>
    <longitude>
      <value>20.6941</value>
      <uncertainty>6.7</uncertainty>
    </longitude>
    <depth>
      <value>20000</value>
    </depth>
    <depthType>from location</depthType>
    <methodID>smi:eu.emsc-csem/origin_method/NA</methodID>
    <quality>
      <usedPhaseCount>10</usedPhaseCount>
      <usedStationCount>7</usedStationCount>
      <standardError>0.72</standardError>
      <azimuthalGap>134</azimuthalGap>
      <minimumDistance>0.23</minimumDistance>
      <maximumDistance>3.77</maximumDistance>
    </quality>
    <evaluationMode>manual</evaluationMode>
    <creationInfo>
      <agencyURI>smi:smi-registry/organization/EMSC</agencyURI>
      <authorURI>smi:smi-registry/organization/EMSC</authorURI>
    </creationInfo>
    <originUncertainty>
      <azimuthMaxHorizontalUncertainty>33</azimuthMaxHorizontalUncertainty>
    </originUncertainty>
  </origin>
  <magnitude publicID="quakeml:eu.emsc/event/20040111_0000013/origin/1349077/mag/2">
    <mag>
      <value>3</value>
    </mag>
    <type>MD</type>
    <originID>quakeml:eu.emsc/event/20040111_0000013/origin/1349077</originID>
    <creationInfo>
      <agencyURI>smi:smi-registry/organization/EMSC</agencyURI>
      <authorURI>smi:smi-registry/organization/EMSC</authorURI>
    </creationInfo>
  </magnitude>
</event>
<event publicID="quakeml:eu.emsc/event/20040111_0000012">
  <preferredOriginID>quakeml:eu.emsc/event/20040111_0000012/origin/1349080</preferredOriginID>
  <preferredMagnitudeID>quakeml:eu.emsc/event/20040111_0000012/origin/1349080/mag/2</preferredMagnitudeID>
  <creationInfo>
    <agencyURI>smi:smi-registry/organization/EMSC</agencyURI>
    <authorURI>smi:smi-registry/organization/EMSC</authorURI>
    <creationTime>2014-12-03T11:35:30.465617Z</creationTime>
  </creationInfo>
  <description>
    <text>NORTH ATLANTIC OCEAN</text>
    <type>Flinn-Engdahl region</type>
  </description>
  <origin publicID="quakeml:eu.emsc/event/20040111_0000012/origin/1349080">
    <time>
      <value>2004-01-11T11:58:35.4Z</value>
      <uncertainty>0.4</uncertainty>
    </time>
    <latitude>
      <value>17.7927</value>
      <uncertainty>20</uncertainty>
    </latitude>
    <longitude>
      <value>-26.5158</value>
      <uncertainty>11.1</uncertainty>
    </longitude>
    <depth>
      <value>10000</value>
    </depth>
    <depthType>from location</depthType>
    <methodID>smi:eu.emsc-csem/origin_method/NA</methodID>
    <quality>
      <usedPhaseCount>13</usedPhaseCount>
      <usedStationCount>13</usedStationCount>
      <standardError>0.52</standardError>
      <azimuthalGap>180</azimuthalGap>
      <minimumDistance>13.37</minimumDistance>
      <maximumDistance>75.12</maximumDistance>
    </quality>
    <evaluationMode>manual</evaluationMode>
    <creationInfo>
      <agencyURI>smi:smi-registry/organization/EMSC</agencyURI>
      <authorURI>smi:smi-registry/organization/EMSC</authorURI>
    </creationInfo>
    <originUncertainty>
      <azimuthMaxHorizontalUncertainty>159</azimuthMaxHorizontalUncertainty>
    </originUncertainty>
  </origin>
  <magnitude publicID="quakeml:eu.emsc/event/20040111_0000012/origin/1349080/mag/2">
    <mag>
      <value>5.1</value>
      <uncertainty>0.2</uncertainty>
    </mag>
    <type>mb</type>
    <originID>quakeml:eu.emsc/event/20040111_0000012/origin/1349080</originID>
    <stationCount>7</stationCount>
    <creationInfo>
      <agencyURI>smi:smi-registry/organization/EMSC</agencyURI>
      <authorURI>smi:smi-registry/organization/EMSC</authorURI>
    </creationInfo>
  </magnitude>
</event>
<event publicID="quakeml:eu.emsc/event/20040111_0000022">
  <preferredOriginID>quakeml:eu.emsc/event/20040111_0000022/origin/1348309</preferredOriginID>
  <preferredMagnitudeID>quakeml:eu.emsc/event/20040111_0000022/origin/1348309/mag/1</preferredMagnitudeID>
  <creationInfo>
    <agencyURI>smi:smi-registry/organization/EMSC</agencyURI>
    <authorURI>smi:smi-registry/organization/EMSC</authorURI>
    <creationTime>2014-12-03T15:37:17.205453Z</creationTime>
  </creationInfo>
  <description>
    <text>PYRENEES</text>
    <type>Flinn-Engdahl region</type>
  </description>
  <origin publicID="quakeml:eu.emsc/event/20040111_0000022/origin/1348309">
    <time>
      <value>2004-01-11T11:04:15.3Z</value>
      <uncertainty>0.11</uncertainty>
    </time>
    <latitude>
      <value>43.0536</value>
      <uncertainty>4</uncertainty>
    </latitude>
    <longitude>
      <value>-0.8017</value>
      <uncertainty>1.7</uncertainty>
    </longitude>
    <depth>
      <value>5000</value>
    </depth>
    <depthType>from location</depthType>
    <methodID>smi:eu.emsc-csem/origin_method/NA</methodID>
    <quality>
      <usedPhaseCount>26</usedPhaseCount>
      <usedStationCount>13</usedStationCount>
      <standardError>0.5</standardError>
      <azimuthalGap>107</azimuthalGap>
      <minimumDistance>0.08</minimumDistance>
      <maximumDistance>2.23</maximumDistance>
    </quality>
    <evaluationMode>manual</evaluationMode>
    <creationInfo>
      <agencyURI>smi:smi-registry/organization/EMSC</agencyURI>
      <authorURI>smi:smi-registry/organization/EMSC</authorURI>
    </creationInfo>
    <originUncertainty>
      <azimuthMaxHorizontalUncertainty>21</azimuthMaxHorizontalUncertainty>
    </originUncertainty>
  </origin>
  <magnitude publicID="quakeml:eu.emsc/event/20040111_0000022/origin/1348309/mag/1">
    <mag>
      <value>1.7</value>
      <uncertainty>0.3</uncertainty>
    </mag>
    <type>ML</type>
    <originID>quakeml:eu.emsc/event/20040111_0000022/origin/1348309</originID>
    <stationCount>6</stationCount>
    <creationInfo>
      <agencyURI>smi:smi-registry/organization/EMSC</agencyURI>
      <authorURI>smi:smi-registry/organization/EMSC</authorURI>
    </creationInfo>
  </magnitude>
</event>
<event publicID="quakeml:eu.emsc/event/20040111_0000009">
  <preferredOriginID>quakeml:eu.emsc/event/20040111_0000009/origin/1349083</preferredOriginID>
  <creationInfo>
    <agencyURI>smi:smi-registry/organization/EMSC</agencyURI>
    <authorURI>smi:smi-registry/organization/EMSC</authorURI>
    <creationTime>2014-12-03T10:56:28.261255Z</creationTime>
  </creationInfo>
  <description>
    <text>SPAIN</text>
    <type>Flinn-Engdahl region</type>
  </description>
  <origin publicID="quakeml:eu.emsc/event/20040111_0000009/origin/1349083">
    <time>
      <value>2004-01-11T10:45:44.3Z</value>
      <uncertainty>0.17</uncertainty>
    </time>
    <latitude>
      <value>43.0365</value>
      <uncertainty>5.1</uncertainty>
    </latitude>
    <longitude>
      <value>-5.939</value>
      <uncertainty>3</uncertainty>
    </longitude>
    <depth>
      <value>8000</value>
    </depth>
    <depthType>from location</depthType>
    <methodID>smi:eu.emsc-csem/origin_method/NA</methodID>
    <quality>
      <usedPhaseCount>15</usedPhaseCount>
      <usedStationCount>12</usedStationCount>
      <standardError>0.62</standardError>
      <azimuthalGap>134</azimuthalGap>
      <minimumDistance>0.6</minimumDistance>
      <maximumDistance>3.67</maximumDistance>
    </quality>
    <evaluationMode>manual</evaluationMode>
    <creationInfo>
      <agencyURI>smi:smi-registry/organization/EMSC</agencyURI>
      <authorURI>smi:smi-registry/organization/EMSC</authorURI>
    </creationInfo>
    <originUncertainty>
      <azimuthMaxHorizontalUncertainty>165</azimuthMaxHorizontalUncertainty>
    </originUncertainty>
  </origin>
</event>
<event publicID="quakeml:eu.emsc/event/20040111_0000021">
  <preferredOriginID>quakeml:eu.emsc/event/20040111_0000021/origin/1348312</preferredOriginID>
  <preferredMagnitudeID>quakeml:eu.emsc/event/20040111_0000021/origin/1348312/mag/1</preferredMagnitudeID>
  <creationInfo>
    <agencyURI>smi:smi-registry/organization/EMSC</agencyURI>
    <authorURI>smi:smi-registry/organization/EMSC</authorURI>
    <creationTime>2014-12-03T15:31:23.270372Z</creationTime>
  </creationInfo>
  <description>
    <text>NORTHERN ITALY</text>
    <type>Flinn-Engdahl region</type>
  </description>
  <origin publicID="quakeml:eu.emsc/event/20040111_0000021/origin/1348312">
    <time>
      <value>2004-01-11T05:22:17.7Z</value>
      <uncertainty>0.1</uncertainty>
    </time>
    <latitude>
      <value>44.6723</value>
      <uncertainty>2.7</uncertainty>
    </latitude>
    <longitude>
      <value>7.1779</value>
      <uncertainty>1</uncertainty>
    </longitude>
    <depth>
      <value>19200.0</value>
      <uncertainty>0.1</uncertainty>
    </depth>
    <depthType>from location</depthType>
    <methodID>smi:eu.emsc-csem/origin_method/NA</methodID>
    <quality>
      <usedPhaseCount>24</usedPhaseCount>
      <usedStationCount>13</usedStationCount>
      <standardError>0.53</standardError>
      <azimuthalGap>178</azimuthalGap>
      <minimumDistance>0.22</minimumDistance>
      <maximumDistance>1.79</maximumDistance>
    </quality>
    <evaluationMode>manual</evaluationMode>
    <creationInfo>
      <agencyURI>smi:smi-registry/organization/EMSC</agencyURI>
      <authorURI>smi:smi-registry/organization/EMSC</authorURI>
    </creationInfo>
    <originUncertainty>
      <azimuthMaxHorizontalUncertainty>66</azimuthMaxHorizontalUncertainty>
    </originUncertainty>
  </origin>
  <magnitude publicID="quakeml:eu.emsc/event/20040111_0000021/origin/1348312/mag/1">
    <mag>
      <value>1.8</value>
      <uncertainty>0.3</uncertainty>
    </mag>
    <type>ML</type>
    <originID>quakeml:eu.emsc/event/20040111_0000021/origin/1348312</originID>
    <stationCount>9</stationCount>
    <creationInfo>
      <agencyURI>smi:smi-registry/organization/EMSC</agencyURI>
      <authorURI>smi:smi-registry/organization/EMSC</authorURI>
    </creationInfo>
  </magnitude>
</event>
<event publicID="quakeml:eu.emsc/event/20040111_0000007">
  <preferredOriginID>quakeml:eu.emsc/event/20040111_0000007/origin/1349087</preferredOriginID>
  <preferredMagnitudeID>quakeml:eu.emsc/event/20040111_0000007/origin/1349087/mag/2</preferredMagnitudeID>
  <creationInfo>
    <agencyURI>smi:smi-registry/organization/EMSC</agencyURI>
    <authorURI>smi:smi-registry/organization/EMSC</authorURI>
    <creationTime>2014-12-03T11:44:18.255186Z</creationTime>
  </creationInfo>
  <description>
    <text>SOUTHEASTERN IRAN</text>
    <type>Flinn-Engdahl region</type>
  </description>
  <origin publicID="quakeml:eu.emsc/event/20040111_0000007/origin/1349087">
    <time>
      <value>2004-01-11T05:06:02.2Z</value>
      <uncertainty>0.42</uncertainty>
    </time>
    <latitude>
      <value>28.8545</value>
      <uncertainty>20.8</uncertainty>
    </latitude>
    <longitude>
      <value>58.2576</value>
      <uncertainty>11.5</uncertainty>
    </longitude>
    <depth>
      <value>10000</value>
    </depth>
    <depthType>from location</depthType>
    <methodID>smi:eu.emsc-csem/origin_method/NA</methodID>
    <quality>
      <usedPhaseCount>20</usedPhaseCount>
      <usedStationCount>19</usedStationCount>
      <standardError>0.85</standardError>
      <azimuthalGap>124</azimuthalGap>
      <minimumDistance>2.33</minimumDistance>
      <maximumDistance>88.79</maximumDistance>
    </quality>
    <evaluationMode>manual</evaluationMode>
    <creationInfo>
      <agencyURI>smi:smi-registry/organization/EMSC</agencyURI>
      <authorURI>smi:smi-registry/organization/EMSC</authorURI>
    </creationInfo>
    <originUncertainty>
      <azimuthMaxHorizontalUncertainty>145</azimuthMaxHorizontalUncertainty>
    </originUncertainty>
  </origin>
  <magnitude publicID="quakeml:eu.emsc/event/20040111_0000007/origin/1349087/mag/2">
    <mag>
      <value>4.1</value>
    </mag>
    <type>mb</type>
    <originID>quakeml:eu.emsc/event/20040111_0000007/origin/1349087</originID>
    <stationCount>1</stationCount>
    <creationInfo>
      <agencyURI>smi:smi-registry/organization/EMSC</agencyURI>
      <authorURI>smi:smi-registry/organization/EMSC</authorURI>
    </creationInfo>
  </magnitude>
</event>
<event publicID="quakeml:eu.emsc/event/20040111_0000028">
  <preferredOriginID>quakeml:eu.emsc/event/20040111_0000028/origin/1311438</preferredOriginID>
  <preferredMagnitudeID>quakeml:eu.emsc/event/20040111_0000028/origin/1311438/mag/2</preferredMagnitudeID>
  <creationInfo>
    <agencyURI>smi:smi-registry/organization/EMSC</agencyURI>
    <authorURI>smi:smi-registry/organization/EMSC</authorURI>
    <creationTime>2014-12-10T18:09:55.758981Z</creationTime>
  </creationInfo>
  <description>
    <text>NORTHERN ITALY</text>
    <type>Flinn-Engdahl region</type>
  </description>
  <origin publicID="quakeml:eu.emsc/event/20040111_0000028/origin/1311438">
    <time>
      <value>2004-01-11T04:45:29.5Z</value>
    </time>
    <latitude>
      <value>44.7231</value>
      <uncertainty>9999.9</uncertainty>
    </latitude>
    <longitude>
      <value>7.1432</value>
      <uncertainty>9999.9</uncertainty>
    </longitude>
    <depth>
      <value>2000</value>
    </depth>
    <depthType>from location</depthType>
    <methodID>smi:eu.emsc-csem/origin_method/NA</methodID>
    <quality>
      <usedPhaseCount>9</usedPhaseCount>
      <usedStationCount>5</usedStationCount>
      <standardError>1.08</standardError>
      <azimuthalGap>218</azimuthalGap>
      <minimumDistance>0.27</minimumDistance>
      <maximumDistance>1.46</maximumDistance>
    </quality>
    <evaluationMode>manual</evaluationMode>
    <creationInfo>
      <agencyURI>smi:smi-registry/organization/EMSC</agencyURI>
      <authorURI>smi:smi-registry/organization/EMSC</authorURI>
    </creationInfo>
    <originUncertainty>
      <azimuthMaxHorizontalUncertainty>-99</azimuthMaxHorizontalUncertainty>
    </originUncertainty>
  </origin>
  <magnitude publicID="quakeml:eu.emsc/event/20040111_0000028/origin/1311438/mag/2">
    <mag>
      <value>1.8</value>
      <uncertainty>0.2</uncertainty>
    </mag>
    <type>ML</type>
    <originID>quakeml:eu.emsc/event/20040111_0000028/origin/1311438</originID>
    <stationCount>2</stationCount>
    <creationInfo>
      <agencyURI>smi:smi-registry/organization/EMSC</agencyURI>
      <authorURI>smi:smi-registry/organization/EMSC</authorURI>
    </creationInfo>
  </magnitude>
</event>
<event publicID="quakeml:eu.emsc/event/20040111_0000029">
  <preferredOriginID>quakeml:eu.emsc/event/20040111_0000029/origin/1311440</preferredOriginID>
  <preferredMagnitudeID>quakeml:eu.emsc/event/20040111_0000029/origin/1311440/mag/2</preferredMagnitudeID>
  <creationInfo>
    <agencyURI>smi:smi-registry/organization/EMSC</agencyURI>
    <authorURI>smi:smi-registry/organization/EMSC</authorURI>
    <creationTime>2014-12-10T18:09:55.279556Z</creationTime>
  </creationInfo>
  <description>
    <text>SPAIN</text>
    <type>Flinn-Engdahl region</type>
  </description>
  <origin publicID="quakeml:eu.emsc/event/20040111_0000029/origin/1311440">
    <time>
      <value>2004-01-11T04:33:32.7Z</value>
    </time>
    <latitude>
      <value>42.1086</value>
      <uncertainty>9999.9</uncertainty>
    </latitude>
    <longitude>
      <value>-2.0854</value>
      <uncertainty>9999.9</uncertainty>
    </longitude>
    <depth>
      <value>0</value>
    </depth>
    <depthType>from location</depthType>
    <methodID>smi:eu.emsc-csem/origin_method/NA</methodID>
    <quality>
      <usedPhaseCount>8</usedPhaseCount>
      <usedStationCount>4</usedStationCount>
      <standardError>1.4</standardError>
      <azimuthalGap>248</azimuthalGap>
      <minimumDistance>0.59</minimumDistance>
      <maximumDistance>1.75</maximumDistance>
    </quality>
    <evaluationMode>manual</evaluationMode>
    <creationInfo>
      <agencyURI>smi:smi-registry/organization/EMSC</agencyURI>
      <authorURI>smi:smi-registry/organization/EMSC</authorURI>
    </creationInfo>
    <originUncertainty>
      <azimuthMaxHorizontalUncertainty>-99</azimuthMaxHorizontalUncertainty>
    </originUncertainty>
  </origin>
  <magnitude publicID="quakeml:eu.emsc/event/20040111_0000029/origin/1311440/mag/2">
    <mag>
      <value>1.2</value>
    </mag>
    <type>ML</type>
    <originID>quakeml:eu.emsc/event/20040111_0000029/origin/1311440</originID>
    <creationInfo>
      <agencyURI>smi:smi-registry/organization/EMSC</agencyURI>
      <authorURI>smi:smi-registry/organization/EMSC</authorURI>
    </creationInfo>
  </magnitude>
</event>
<event publicID="quakeml:eu.emsc/event/20040111_0000037">
  <preferredOriginID>quakeml:eu.emsc/event/20040111_0000037/origin/1311442</preferredOriginID>
  <preferredMagnitudeID>quakeml:eu.emsc/event/20040111_0000037/origin/1311442/mag/2</preferredMagnitudeID>
  <creationInfo>
    <agencyURI>smi:smi-registry/organization/EMSC</agencyURI>
    <authorURI>smi:smi-registry/organization/EMSC</authorURI>
    <creationTime>2014-12-10T18:09:54.311463Z</creationTime>
  </creationInfo>
  <description>
    <text>NORTHERN ITALY</text>
    <type>Flinn-Engdahl region</type>
  </description>
  <origin publicID="quakeml:eu.emsc/event/20040111_0000037/origin/1311442">
    <time>
      <value>2004-01-11T02:57:54.7Z</value>
    </time>
    <latitude>
      <value>44.7258</value>
      <uncertainty>9999.9</uncertainty>
    </latitude>
    <longitude>
      <value>7.3788</value>
      <uncertainty>9999.9</uncertainty>
    </longitude>
    <depth>
      <value>2000</value>
    </depth>
    <depthType>from location</depthType>
    <methodID>smi:eu.emsc-csem/origin_method/NA</methodID>
    <quality>
      <usedPhaseCount>13</usedPhaseCount>
      <usedStationCount>7</usedStationCount>
      <standardError>0.8</standardError>
      <azimuthalGap>206</azimuthalGap>
      <minimumDistance>0.43</minimumDistance>
      <maximumDistance>1.53</maximumDistance>
    </quality>
    <evaluationMode>manual</evaluationMode>
    <creationInfo>
      <agencyURI>smi:smi-registry/organization/EMSC</agencyURI>
      <authorURI>smi:smi-registry/organization/EMSC</authorURI>
    </creationInfo>
    <originUncertainty>
      <azimuthMaxHorizontalUncertainty>-99</azimuthMaxHorizontalUncertainty>
    </originUncertainty>
  </origin>
  <magnitude publicID="quakeml:eu.emsc/event/20040111_0000037/origin/1311442/mag/2">
    <mag>
      <value>1.6</value>
      <uncertainty>0.1</uncertainty>
    </mag>
    <type>ML</type>
    <originID>quakeml:eu.emsc/event/20040111_0000037/origin/1311442</originID>
    <stationCount>6</stationCount>
    <creationInfo>
      <agencyURI>smi:smi-registry/organization/EMSC</agencyURI>
      <authorURI>smi:smi-registry/organization/EMSC</authorURI>
    </creationInfo>
  </magnitude>
</event>
<event publicID="quakeml:eu.emsc/event/20040111_0000031">
  <preferredOriginID>quakeml:eu.emsc/event/20040111_0000031/origin/1348097</preferredOriginID>
  <preferredMagnitudeID>quakeml:eu.emsc/event/20040111_0000031/origin/1348097/mag/1</preferredMagnitudeID>
  <creationInfo>
    <agencyURI>smi:smi-registry/organization/EMSC</agencyURI>
    <authorURI>smi:smi-registry/organization/EMSC</authorURI>
    <creationTime>2014-12-03T16:32:59.268693Z</creationTime>
  </creationInfo>
  <description>
    <text>PYRENEES</text>
    <type>Flinn-Engdahl region</type>
  </description>
  <origin publicID="quakeml:eu.emsc/event/20040111_0000031/origin/1348097">
    <time>
      <value>2004-01-11T02:26:32.8Z</value>
      <uncertainty>0.08</uncertainty>
    </time>
    <latitude>
      <value>43.0229</value>
      <uncertainty>2.2</uncertainty>
    </latitude>
    <longitude>
      <value>-0.1097</value>
      <uncertainty>1</uncertainty>
    </longitude>
    <depth>
      <value>10000</value>
    </depth>
    <depthType>from location</depthType>
    <methodID>smi:eu.emsc-csem/origin_method/NA</methodID>
    <quality>
      <usedPhaseCount>21</usedPhaseCount>
      <usedStationCount>12</usedStationCount>
      <standardError>0.4</standardError>
      <azimuthalGap>155</azimuthalGap>
      <minimumDistance>0.14</minimumDistance>
      <maximumDistance>2.09</maximumDistance>
    </quality>
    <evaluationMode>manual</evaluationMode>
    <creationInfo>
      <agencyURI>smi:smi-registry/organization/EMSC</agencyURI>
      <authorURI>smi:smi-registry/organization/EMSC</authorURI>
    </creationInfo>
    <originUncertainty>
      <azimuthMaxHorizontalUncertainty>14</azimuthMaxHorizontalUncertainty>
    </originUncertainty>
  </origin>
  <magnitude publicID="quakeml:eu.emsc/event/20040111_0000031/origin/1348097/mag/1">
    <mag>
      <value>1.5</value>
      <uncertainty>0.4</uncertainty>
    </mag>
    <type>ML</type>
    <originID>quakeml:eu.emsc/event/20040111_0000031/origin/1348097</originID>
    <stationCount>7</stationCount>
    <creationInfo>
      <agencyURI>smi:smi-registry/organization/EMSC</agencyURI>
      <authorURI>smi:smi-registry/organization/EMSC</authorURI>
    </creationInfo>
  </magnitude>
</event>
<event publicID="quakeml:eu.emsc/event/20040111_0000035">
  <preferredOriginID>quakeml:eu.emsc/event/20040111_0000035/origin/1311444</preferredOriginID>
  <preferredMagnitudeID>quakeml:eu.emsc/event/20040111_0000035/origin/1311444/mag/2</preferredMagnitudeID>
  <creationInfo>
    <agencyURI>smi:smi-registry/organization/EMSC</agencyURI>
    <authorURI>smi:smi-registry/organization/EMSC</authorURI>
    <creationTime>2014-12-10T18:09:53.814504Z</creationTime>
  </creationInfo>
  <description>
    <text>FRANCE</text>
    <type>Flinn-Engdahl region</type>
  </description>
  <origin publicID="quakeml:eu.emsc/event/20040111_0000035/origin/1311444">
    <time>
      <value>2004-01-11T02:25:09.1Z</value>
    </time>
    <latitude>
      <value>46.043</value>
      <uncertainty>9999.9</uncertainty>
    </latitude>
    <longitude>
      <value>6.914</value>
      <uncertainty>9999.9</uncertainty>
    </longitude>
    <depth>
      <value>4800.0</value>
    </depth>
    <depthType>from location</depthType>
    <methodID>smi:eu.emsc-csem/origin_method/NA</methodID>
    <quality>
      <usedPhaseCount>9</usedPhaseCount>
      <usedStationCount>6</usedStationCount>
      <standardError>1.14</standardError>
      <azimuthalGap>248</azimuthalGap>
      <minimumDistance>0.02</minimumDistance>
      <maximumDistance>0.42</maximumDistance>
    </quality>
    <evaluationMode>manual</evaluationMode>
    <creationInfo>
      <agencyURI>smi:smi-registry/organization/EMSC</agencyURI>
      <authorURI>smi:smi-registry/organization/EMSC</authorURI>
    </creationInfo>
    <originUncertainty>
      <azimuthMaxHorizontalUncertainty>-99</azimuthMaxHorizontalUncertainty>
    </originUncertainty>
  </origin>
  <magnitude publicID="quakeml:eu.emsc/event/20040111_0000035/origin/1311444/mag/2">
    <mag>
      <value>0.6</value>
    </mag>
    <type>ML</type>
    <originID>quakeml:eu.emsc/event/20040111_0000035/origin/1311444</originID>
    <stationCount>5</stationCount>
    <creationInfo>
      <agencyURI>smi:smi-registry/organization/EMSC</agencyURI>
      <authorURI>smi:smi-registry/organization/EMSC</authorURI>
    </creationInfo>
  </magnitude>
</event>
<event publicID="quakeml:eu.emsc/event/20040111_0000008">
  <preferredOriginID>quakeml:eu.emsc/event/20040111_0000008/origin/1311446</preferredOriginID>
  <preferredMagnitudeID>quakeml:eu.emsc/event/20040111_0000008/origin/1311446/mag/2</preferredMagnitudeID>
  <creationInfo>
    <agencyURI>smi:smi-registry/organization/EMSC</agencyURI>
    <authorURI>smi:smi-registry/organization/EMSC</authorURI>
    <creationTime>2014-12-10T23:16:31.793558Z</creationTime>
  </creationInfo>
  <description>
    <text>WESTERN TURKEY</text>
    <type>Flinn-Engdahl region</type>
  </description>
  <origin publicID="quakeml:eu.emsc/event/20040111_0000008/origin/1311446">
    <time>
      <value>2004-01-11T02:18:10.2Z</value>
    </time>
    <latitude>
      <value>36.035</value>
      <uncertainty>9999.9</uncertainty>
    </latitude>
    <longitude>
      <value>29.351</value>
      <uncertainty>9999.9</uncertainty>
    </longitude>
    <depth>
      <value>22000</value>
    </depth>
    <depthType>from location</depthType>
    <methodID>smi:eu.emsc-csem/origin_method/NA</methodID>
    <quality>
      <usedPhaseCount>8</usedPhaseCount>
      <usedStationCount>8</usedStationCount>
      <standardError>1.25</standardError>
      <azimuthalGap>218</azimuthalGap>
      <minimumDistance>0.84</minimumDistance>
      <maximumDistance>3.51</maximumDistance>
    </quality>
    <evaluationMode>manual</evaluationMode>
    <creationInfo>
      <agencyURI>smi:smi-registry/organization/EMSC</agencyURI>
      <authorURI>smi:smi-registry/organization/EMSC</authorURI>
    </creationInfo>
    <originUncertainty>
      <azimuthMaxHorizontalUncertainty>-99</azimuthMaxHorizontalUncertainty>
    </originUncertainty>
  </origin>
  <magnitude publicID="quakeml:eu.emsc/event/20040111_0000008/origin/1311446/mag/2">
    <mag>
      <value>3.4</value>
    </mag>
    <type>MD</type>
    <originID>quakeml:eu.emsc/event/20040111_0000008/origin/1311446</originID>
    <creationInfo>
      <agencyURI>smi:smi-registry/organization/EMSC</agencyURI>
      <authorURI>smi:smi-registry/organization/EMSC</authorURI>
    </creationInfo>
  </magnitude>
</event>
<event publicID="quakeml:eu.emsc/event/20040111_0000005">
  <preferredOriginID>quakeml:eu.emsc/event/20040111_0000005/origin/1349090</preferredOriginID>
  <preferredMagnitudeID>quakeml:eu.emsc/event/20040111_0000005/origin/1349090/mag/2</preferredMagnitudeID>
  <creationInfo>
    <agencyURI>smi:smi-registry/organization/EMSC</agencyURI>
    <authorURI>smi:smi-registry/organization/EMSC</authorURI>
    <creationTime>2014-12-03T11:47:02.899087Z</creationTime>
  </creationInfo>
  <description>
    <text>WESTERN MEDITERRANEAN SEA</text>
    <type>Flinn-Engdahl region</type>
  </description>
  <origin publicID="quakeml:eu.emsc/event/20040111_0000005/origin/1349090">
    <time>
      <value>2004-01-11T02:16:43.6Z</value>
      <uncertainty>0.49</uncertainty>
    </time>
    <latitude>
      <value>37.0795</value>
      <uncertainty>12.1</uncertainty>
    </latitude>
    <longitude>
      <value>3.2987</value>
      <uncertainty>7.4</uncertainty>
    </longitude>
    <depth>
      <value>2000</value>
    </depth>
    <depthType>from location</depthType>
    <methodID>smi:eu.emsc-csem/origin_method/NA</methodID>
    <quality>
      <usedPhaseCount>10</usedPhaseCount>
      <usedStationCount>7</usedStationCount>
      <standardError>0.64</standardError>
      <azimuthalGap>225</azimuthalGap>
      <minimumDistance>0.35</minimumDistance>
      <maximumDistance>5.12</maximumDistance>
    </quality>
    <evaluationMode>manual</evaluationMode>
    <creationInfo>
      <agencyURI>smi:smi-registry/organization/EMSC</agencyURI>
      <authorURI>smi:smi-registry/organization/EMSC</authorURI>
    </creationInfo>
    <originUncertainty>
      <azimuthMaxHorizontalUncertainty>96</azimuthMaxHorizontalUncertainty>
    </originUncertainty>
  </origin>
  <magnitude publicID="quakeml:eu.emsc/event/20040111_0000005/origin/1349090/mag/2">
    <mag>
      <value>3.1</value>
      <uncertainty>0.1</uncertainty>
    </mag>
    <type>mb</type>
    <originID>quakeml:eu.emsc/event/20040111_0000005/origin/1349090</originID>
    <stationCount>2</stationCount>
    <creationInfo>
      <agencyURI>smi:smi-registry/organization/EMSC</agencyURI>
      <authorURI>smi:smi-registry/organization/EMSC</authorURI>
    </creationInfo>
  </magnitude>
</event>
<event publicID="quakeml:eu.emsc/event/20040111_0000006">
  <preferredOriginID>quakeml:eu.emsc/event/20040111_0000006/origin/1311448</preferredOriginID>
  <preferredMagnitudeID>quakeml:eu.emsc/event/20040111_0000006/origin/1311448/mag/2</preferredMagnitudeID>
  <creationInfo>
    <agencyURI>smi:smi-registry/organization/EMSC</agencyURI>
    <authorURI>smi:smi-registry/organization/EMSC</authorURI>
    <creationTime>2014-12-10T23:16:26.551701Z</creationTime>
  </creationInfo>
  <description>
    <text>NEAR THE COAST OF DJIBOUTI</text>
    <type>Flinn-Engdahl region</type>
  </description>
  <origin publicID="quakeml:eu.emsc/event/20040111_0000006/origin/1311448">
    <time>
      <value>2004-01-11T00:46:28.5Z</value>
    </time>
    <latitude>
      <value>11.933</value>
      <uncertainty>9999.9</uncertainty>
    </latitude>
    <longitude>
      <value>43.572</value>
      <uncertainty>9999.9</uncertainty>
    </longitude>
    <depth>
      <value>12000</value>
    </depth>
    <depthType>from location</depthType>
    <methodID>smi:eu.emsc-csem/origin_method/NA</methodID>
    <quality>
      <usedPhaseCount>11</usedPhaseCount>
      <usedStationCount>6</usedStationCount>
      <standardError>6.22</standardError>
      <azimuthalGap>316</azimuthalGap>
      <minimumDistance>1.38</minimumDistance>
      <maximumDistance>3.74</maximumDistance>
    </quality>
    <evaluationMode>manual</evaluationMode>
    <creationInfo>
      <agencyURI>smi:smi-registry/organization/EMSC</agencyURI>
      <authorURI>smi:smi-registry/organization/EMSC</authorURI>
    </creationInfo>
    <originUncertainty>
      <azimuthMaxHorizontalUncertainty>-99</azimuthMaxHorizontalUncertainty>
    </originUncertainty>
  </origin>
  <magnitude publicID="quakeml:eu.emsc/event/20040111_0000006/origin/1311448/mag/2">
    <mag>
      <value>3.2</value>
    </mag>
    <type>ML</type>
    <originID>quakeml:eu.emsc/event/20040111_0000006/origin/1311448</originID>
    <creationInfo>
      <agencyURI>smi:smi-registry/organization/EMSC</agencyURI>
      <authorURI>smi:smi-registry/organization/EMSC</authorURI>
    </creationInfo>
  </magnitude>
</event>
</eventParameters>
</q:quakeml>
