<?xml version="1.0"?>
<q:quakeml xmlns:q="http://quakeml.org/xmlns/quakeml/1.2"  xmlns="http://quakeml.org/xmlns/bed/1.2">
<eventParameters publicID="smi:eu.emsc/unid">
<event publicID="quakeml:eu.emsc/event/20041219_0000025">
  <preferredOriginID>quakeml:eu.emsc/event/20041219_0000025/origin/1295004</preferredOriginID>
  <preferredMagnitudeID>quakeml:eu.emsc/event/20041219_0000025/origin/1295004/mag/1</preferredMagnitudeID>
  <creationInfo>
    <agencyURI>smi:smi-registry/organization/EMSC</agencyURI>
    <authorURI>smi:smi-registry/organization/EMSC</authorURI>
    <creationTime>2014-12-03T13:12:02.46886Z</creationTime>
  </creationInfo>
  <description>
    <text>SOUTHERN GREECE</text>
    <type>Flinn-Engdahl region</type>
  </description>
  <origin publicID="quakeml:eu.emsc/event/20041219_0000025/origin/1295004">
    <time>
      <value>2004-12-19T23:32:35.6Z</value>
      <uncertainty>0.19</uncertainty>
    </time>
    <latitude>
      <value>36.7186</value>
      <uncertainty>5.9</uncertainty>
    </latitude>
    <longitude>
      <value>21.2589</value>
      <uncertainty>3.7</uncertainty>
    </longitude>
    <depth>
      <value>40000</value>
    </depth>
    <depthType>from location</depthType>
    <methodID>smi:eu.emsc-csem/origin_method/NA</methodID>
    <quality>
      <usedPhaseCount>90</usedPhaseCount>
      <usedStationCount>86</usedStationCount>
      <standardError>0.94</standardError>
      <azimuthalGap>56</azimuthalGap>
      <minimumDistance>1.35</minimumDistance>
      <maximumDistance>79.41</maximumDistance>
    </quality>
    <evaluationMode>manual</evaluationMode>
    <creationInfo>
      <agencyURI>smi:smi-registry/organization/EMSC</agencyURI>
      <authorURI>smi:smi-registry/organization/EMSC</authorURI>
    </creationInfo>
    <originUncertainty>
      <azimuthMaxHorizontalUncertainty>21</azimuthMaxHorizontalUncertainty>
    </originUncertainty>
  </origin>
  <magnitude publicID="quakeml:eu.emsc/event/20041219_0000025/origin/1295004/mag/1">
    <mag>
      <value>4.7</value>
      <uncertainty>0.4</uncertainty>
    </mag>
    <type>mb</type>
    <originID>quakeml:eu.emsc/event/20041219_0000025/origin/1295004</originID>
    <stationCount>9</stationCount>
    <creationInfo>
      <agencyURI>smi:smi-registry/organization/EMSC</agencyURI>
      <authorURI>smi:smi-registry/organization/EMSC</authorURI>
    </creationInfo>
  </magnitude>
</event>
<event publicID="quakeml:eu.emsc/event/20041219_0000024">
  <preferredOriginID>quakeml:eu.emsc/event/20041219_0000024/origin/BP108</preferredOriginID>
  <preferredMagnitudeID>quakeml:eu.emsc/event/20041219_0000024/origin/BP108/mag/1</preferredMagnitudeID>
  <creationInfo>
    <agencyURI>smi:smi-registry/organization/EMSC</agencyURI>
    <authorURI>smi:smi-registry/organization/EMSC</authorURI>
    <creationTime>2014-12-01T14:13:16.260668Z</creationTime>
  </creationInfo>
  <description>
    <text>ALASKA PENINSULA</text>
    <type>Flinn-Engdahl region</type>
  </description>
  <origin publicID="quakeml:eu.emsc/event/20041219_0000024/origin/BP108">
    <time>
      <value>2004-12-19T22:39:13.1Z</value>
      <uncertainty>0.05</uncertainty>
    </time>
    <latitude>
      <value>55.29</value>
    </latitude>
    <longitude>
      <value>-158.21</value>
    </longitude>
    <depth>
      <value>40000.0</value>
    </depth>
    <depthType>from location</depthType>
    <methodID>smi:eu.emsc-csem/origin_method/NA</methodID>
    <quality>
      <usedPhaseCount>285</usedPhaseCount>
      <usedStationCount>262</usedStationCount>
      <standardError>0.96</standardError>
      <azimuthalGap>120</azimuthalGap>
      <minimumDistance>5.95</minimumDistance>
      <maximumDistance>124.56</maximumDistance>
    </quality>
    <evaluationMode>automatic</evaluationMode>
    <creationInfo>
      <agencyURI>smi:smi-registry/organization/EMSC</agencyURI>
      <authorURI>smi:smi-registry/organization/EMSC</authorURI>
    </creationInfo>
  </origin>
  <magnitude publicID="quakeml:eu.emsc/event/20041219_0000024/origin/BP108/mag/1">
    <mag>
      <value>5.4</value>
      <uncertainty>0.4</uncertainty>
    </mag>
    <type>mb</type>
    <originID>quakeml:eu.emsc/event/20041219_0000024/origin/BP108</originID>
    <stationCount>99</stationCount>
    <creationInfo>
      <agencyURI>smi:smi-registry/organization/EMSC</agencyURI>
      <authorURI>smi:smi-registry/organization/EMSC</authorURI>
    </creationInfo>
  </magnitude>
</event>
<event publicID="quakeml:eu.emsc/event/20041219_0000023">
  <preferredOriginID>quakeml:eu.emsc/event/20041219_0000023/origin/1291725</preferredOriginID>
  <preferredMagnitudeID>quakeml:eu.emsc/event/20041219_0000023/origin/1291725/mag/2</preferredMagnitudeID>
  <creationInfo>
    <agencyURI>smi:smi-registry/organization/EMSC</agencyURI>
    <authorURI>smi:smi-registry/organization/EMSC</authorURI>
    <creationTime>2014-12-11T05:29:35.375932Z</creationTime>
  </creationInfo>
  <description>
    <text>WESTERN TURKEY</text>
    <type>Flinn-Engdahl region</type>
  </description>
  <origin publicID="quakeml:eu.emsc/event/20041219_0000023/origin/1291725">
    <time>
      <value>2004-12-19T21:43:58.2Z</value>
    </time>
    <latitude>
      <value>38.682</value>
      <uncertainty>9999.9</uncertainty>
    </latitude>
    <longitude>
      <value>30.52</value>
      <uncertainty>9999.9</uncertainty>
    </longitude>
    <depth>
      <value>42000</value>
    </depth>
    <depthType>from location</depthType>
    <methodID>smi:eu.emsc-csem/origin_method/NA</methodID>
    <quality>
      <usedPhaseCount>7</usedPhaseCount>
      <usedStationCount>4</usedStationCount>
      <standardError>0.89</standardError>
      <azimuthalGap>203</azimuthalGap>
      <minimumDistance>0.49</minimumDistance>
      <maximumDistance>1.62</maximumDistance>
    </quality>
    <evaluationMode>manual</evaluationMode>
    <creationInfo>
      <agencyURI>smi:smi-registry/organization/EMSC</agencyURI>
      <authorURI>smi:smi-registry/organization/EMSC</authorURI>
    </creationInfo>
    <originUncertainty>
      <azimuthMaxHorizontalUncertainty>-99</azimuthMaxHorizontalUncertainty>
    </originUncertainty>
  </origin>
  <magnitude publicID="quakeml:eu.emsc/event/20041219_0000023/origin/1291725/mag/2">
    <mag>
      <value>3</value>
    </mag>
    <type>MD</type>
    <originID>quakeml:eu.emsc/event/20041219_0000023/origin/1291725</originID>
    <creationInfo>
      <agencyURI>smi:smi-registry/organization/EMSC</agencyURI>
      <authorURI>smi:smi-registry/organization/EMSC</authorURI>
    </creationInfo>
  </magnitude>
</event>
<event publicID="quakeml:eu.emsc/event/20041219_0000022">
  <preferredOriginID>quakeml:eu.emsc/event/20041219_0000022/origin/BP192</preferredOriginID>
  <preferredMagnitudeID>quakeml:eu.emsc/event/20041219_0000022/origin/BP192/mag/1</preferredMagnitudeID>
  <creationInfo>
    <agencyURI>smi:smi-registry/organization/EMSC</agencyURI>
    <authorURI>smi:smi-registry/organization/ATH</authorURI>
    <creationTime>2014-12-01T13:21:52.3992Z</creationTime>
  </creationInfo>
  <description>
    <text>SOUTHERN GREECE</text>
    <type>Flinn-Engdahl region</type>
  </description>
  <origin publicID="quakeml:eu.emsc/event/20041219_0000022/origin/BP192">
    <time>
      <value>2004-12-19T20:31:53.0Z</value>
    </time>
    <latitude>
      <value>37.6</value>
    </latitude>
    <longitude>
      <value>24.9</value>
    </longitude>
    <depth>
      <value>1000.0</value>
    </depth>
    <depthType>from location</depthType>
    <methodID>smi:eu.emsc-csem/origin_method/GEIGER</methodID>
    <quality>
      <usedPhaseCount>6</usedPhaseCount>
      <usedStationCount>6</usedStationCount>
      <azimuthalGap>145</azimuthalGap>
      <minimumDistance>1.31</minimumDistance>
      <maximumDistance>2.74</maximumDistance>
    </quality>
    <evaluationMode>automatic</evaluationMode>
    <creationInfo>
      <agencyURI>smi:smi-registry/organization/EMSC</agencyURI>
      <authorURI>smi:smi-registry/organization/ATH</authorURI>
    </creationInfo>
  </origin>
  <magnitude publicID="quakeml:eu.emsc/event/20041219_0000022/origin/BP192/mag/1">
    <mag>
      <value>3.2</value>
    </mag>
    <type>ml</type>
    <originID>quakeml:eu.emsc/event/20041219_0000022/origin/BP192</originID>
    <creationInfo>
      <agencyURI>smi:smi-registry/organization/EMSC</agencyURI>
      <authorURI>smi:smi-registry/organization/ATH</authorURI>
    </creationInfo>
  </magnitude>
</event>
<event publicID="quakeml:eu.emsc/event/20041219_0000027">
  <preferredOriginID>quakeml:eu.emsc/event/20041219_0000027/origin/1295006</preferredOriginID>
  <preferredMagnitudeID>quakeml:eu.emsc/event/20041219_0000027/origin/1295006/mag/2</preferredMagnitudeID>
  <creationInfo>
    <agencyURI>smi:smi-registry/organization/EMSC</agencyURI>
    <authorURI>smi:smi-registry/organization/EMSC</authorURI>
    <creationTime>2014-12-03T11:49:00.193509Z</creationTime>
  </creationInfo>
  <description>
    <text>GREECE</text>
    <type>Flinn-Engdahl region</type>
  </description>
  <origin publicID="quakeml:eu.emsc/event/20041219_0000027/origin/1295006">
    <time>
      <value>2004-12-19T20:18:18.5Z</value>
      <uncertainty>0.42</uncertainty>
    </time>
    <latitude>
      <value>39.5827</value>
      <uncertainty>12.6</uncertainty>
    </latitude>
    <longitude>
      <value>20.5546</value>
      <uncertainty>7.8</uncertainty>
    </longitude>
    <depth>
      <value>10000</value>
    </depth>
    <depthType>from location</depthType>
    <methodID>smi:eu.emsc-csem/origin_method/NA</methodID>
    <quality>
      <usedPhaseCount>7</usedPhaseCount>
      <usedStationCount>6</usedStationCount>
      <standardError>1.13</standardError>
      <azimuthalGap>150</azimuthalGap>
      <minimumDistance>0.24</minimumDistance>
      <maximumDistance>1.4</maximumDistance>
    </quality>
    <evaluationMode>manual</evaluationMode>
    <creationInfo>
      <agencyURI>smi:smi-registry/organization/EMSC</agencyURI>
      <authorURI>smi:smi-registry/organization/EMSC</authorURI>
    </creationInfo>
    <originUncertainty>
      <azimuthMaxHorizontalUncertainty>79</azimuthMaxHorizontalUncertainty>
    </originUncertainty>
  </origin>
  <magnitude publicID="quakeml:eu.emsc/event/20041219_0000027/origin/1295006/mag/2">
    <mag>
      <value>3.3</value>
    </mag>
    <type>MD</type>
    <originID>quakeml:eu.emsc/event/20041219_0000027/origin/1295006</originID>
    <creationInfo>
      <agencyURI>smi:smi-registry/organization/EMSC</agencyURI>
      <authorURI>smi:smi-registry/organization/EMSC</authorURI>
    </creationInfo>
  </magnitude>
</event>
<event publicID="quakeml:eu.emsc/event/20041219_0000021">
  <preferredOriginID>quakeml:eu.emsc/event/20041219_0000021/origin/BQ622</preferredOriginID>
  <preferredMagnitudeID>quakeml:eu.emsc/event/20041219_0000021/origin/BQ622/mag/1</preferredMagnitudeID>
  <creationInfo>
    <agencyURI>smi:smi-registry/organization/EMSC</agencyURI>
    <authorURI>smi:smi-registry/organization/EMSC</authorURI>
    <creationTime>2014-12-01T13:09:12.556734Z</creationTime>
  </creationInfo>
  <description>
    <text>FIJI REGION</text>
    <type>Flinn-Engdahl region</type>
  </description>
  <origin publicID="quakeml:eu.emsc/event/20041219_0000021/origin/BQ622">
    <time>
      <value>2004-12-19T20:13:33.9Z</value>
      <uncertainty>0.26</uncertainty>
    </time>
    <latitude>
      <value>-17.9</value>
    </latitude>
    <longitude>
      <value>-178.9</value>
    </longitude>
    <depth>
      <value>532000.0</value>
      <uncertainty>2.7</uncertainty>
    </depth>
    <depthType>from location</depthType>
    <methodID>smi:eu.emsc-csem/origin_method/NA</methodID>
    <quality>
      <usedPhaseCount>189</usedPhaseCount>
      <usedStationCount>168</usedStationCount>
      <standardError>1.14</standardError>
      <azimuthalGap>80</azimuthalGap>
      <minimumDistance>7.92</minimumDistance>
      <maximumDistance>151.51</maximumDistance>
    </quality>
    <evaluationMode>automatic</evaluationMode>
    <creationInfo>
      <agencyURI>smi:smi-registry/organization/EMSC</agencyURI>
      <authorURI>smi:smi-registry/organization/EMSC</authorURI>
    </creationInfo>
  </origin>
  <magnitude publicID="quakeml:eu.emsc/event/20041219_0000021/origin/BQ622/mag/1">
    <mag>
      <value>5.0</value>
      <uncertainty>0.6</uncertainty>
    </mag>
    <type>mb</type>
    <originID>quakeml:eu.emsc/event/20041219_0000021/origin/BQ622</originID>
    <stationCount>36</stationCount>
    <creationInfo>
      <agencyURI>smi:smi-registry/organization/EMSC</agencyURI>
      <authorURI>smi:smi-registry/organization/EMSC</authorURI>
    </creationInfo>
  </magnitude>
</event>
<event publicID="quakeml:eu.emsc/event/20041219_0000035">
  <preferredOriginID>quakeml:eu.emsc/event/20041219_0000035/origin/1291727</preferredOriginID>
  <preferredMagnitudeID>quakeml:eu.emsc/event/20041219_0000035/origin/1291727/mag/2</preferredMagnitudeID>
  <creationInfo>
    <agencyURI>smi:smi-registry/organization/EMSC</agencyURI>
    <authorURI>smi:smi-registry/organization/EMSC</authorURI>
    <creationTime>2014-12-11T05:29:33.88096Z</creationTime>
  </creationInfo>
  <description>
    <text>CRETE, GREECE</text>
    <type>Flinn-Engdahl region</type>
  </description>
  <origin publicID="quakeml:eu.emsc/event/20041219_0000035/origin/1291727">
    <time>
      <value>2004-12-19T17:13:56.0Z</value>
    </time>
    <latitude>
      <value>34.68</value>
      <uncertainty>9999.9</uncertainty>
    </latitude>
    <longitude>
      <value>24.71</value>
      <uncertainty>9999.9</uncertainty>
    </longitude>
    <depth>
      <value>38000</value>
    </depth>
    <depthType>from location</depthType>
    <methodID>smi:eu.emsc-csem/origin_method/NA</methodID>
    <quality>
      <usedPhaseCount>5</usedPhaseCount>
      <usedStationCount>4</usedStationCount>
      <standardError>1.69</standardError>
      <azimuthalGap>211</azimuthalGap>
      <minimumDistance>0.54</minimumDistance>
      <maximumDistance>0.94</maximumDistance>
    </quality>
    <evaluationMode>manual</evaluationMode>
    <creationInfo>
      <agencyURI>smi:smi-registry/organization/EMSC</agencyURI>
      <authorURI>smi:smi-registry/organization/EMSC</authorURI>
    </creationInfo>
    <originUncertainty>
      <azimuthMaxHorizontalUncertainty>-99</azimuthMaxHorizontalUncertainty>
    </originUncertainty>
  </origin>
  <magnitude publicID="quakeml:eu.emsc/event/20041219_0000035/origin/1291727/mag/2">
    <mag>
      <value>3.3</value>
    </mag>
    <type>MD</type>
    <originID>quakeml:eu.emsc/event/20041219_0000035/origin/1291727</originID>
    <creationInfo>
      <agencyURI>smi:smi-registry/organization/EMSC</agencyURI>
      <authorURI>smi:smi-registry/organization/EMSC</authorURI>
    </creationInfo>
  </magnitude>
</event>
<event publicID="quakeml:eu.emsc/event/20041219_0000026">
  <preferredOriginID>quakeml:eu.emsc/event/20041219_0000026/origin/1295009</preferredOriginID>
  <preferredMagnitudeID>quakeml:eu.emsc/event/20041219_0000026/origin/1295009/mag/2</preferredMagnitudeID>
  <creationInfo>
    <agencyURI>smi:smi-registry/organization/EMSC</agencyURI>
    <authorURI>smi:smi-registry/organization/EMSC</authorURI>
    <creationTime>2014-12-03T12:01:59.879122Z</creationTime>
  </creationInfo>
  <description>
    <text>RED SEA</text>
    <type>Flinn-Engdahl region</type>
  </description>
  <origin publicID="quakeml:eu.emsc/event/20041219_0000026/origin/1295009">
    <time>
      <value>2004-12-19T16:50:11.9Z</value>
      <uncertainty>0.18</uncertainty>
    </time>
    <latitude>
      <value>26.0842</value>
      <uncertainty>5.8</uncertainty>
    </latitude>
    <longitude>
      <value>35.5691</value>
      <uncertainty>4.2</uncertainty>
    </longitude>
    <depth>
      <value>10000</value>
    </depth>
    <depthType>from location</depthType>
    <methodID>smi:eu.emsc-csem/origin_method/NA</methodID>
    <quality>
      <usedPhaseCount>15</usedPhaseCount>
      <usedStationCount>14</usedStationCount>
      <standardError>0.62</standardError>
      <azimuthalGap>95</azimuthalGap>
      <minimumDistance>1.11</minimumDistance>
      <maximumDistance>3.24</maximumDistance>
    </quality>
    <evaluationMode>manual</evaluationMode>
    <creationInfo>
      <agencyURI>smi:smi-registry/organization/EMSC</agencyURI>
      <authorURI>smi:smi-registry/organization/EMSC</authorURI>
    </creationInfo>
    <originUncertainty>
      <azimuthMaxHorizontalUncertainty>105</azimuthMaxHorizontalUncertainty>
    </originUncertainty>
  </origin>
  <magnitude publicID="quakeml:eu.emsc/event/20041219_0000026/origin/1295009/mag/2">
    <mag>
      <value>3</value>
    </mag>
    <type>ML</type>
    <originID>quakeml:eu.emsc/event/20041219_0000026/origin/1295009</originID>
    <creationInfo>
      <agencyURI>smi:smi-registry/organization/EMSC</agencyURI>
      <authorURI>smi:smi-registry/organization/EMSC</authorURI>
    </creationInfo>
  </magnitude>
</event>
<event publicID="quakeml:eu.emsc/event/20041219_0000038">
  <preferredOriginID>quakeml:eu.emsc/event/20041219_0000038/origin/1295012</preferredOriginID>
  <preferredMagnitudeID>quakeml:eu.emsc/event/20041219_0000038/origin/1295012/mag/2</preferredMagnitudeID>
  <creationInfo>
    <agencyURI>smi:smi-registry/organization/EMSC</agencyURI>
    <authorURI>smi:smi-registry/organization/EMSC</authorURI>
    <creationTime>2014-12-03T11:56:23.428947Z</creationTime>
  </creationInfo>
  <description>
    <text>RED SEA</text>
    <type>Flinn-Engdahl region</type>
  </description>
  <origin publicID="quakeml:eu.emsc/event/20041219_0000038/origin/1295012">
    <time>
      <value>2004-12-19T16:28:39.6Z</value>
      <uncertainty>0.11</uncertainty>
    </time>
    <latitude>
      <value>26.0678</value>
      <uncertainty>4.1</uncertainty>
    </latitude>
    <longitude>
      <value>35.5778</value>
      <uncertainty>2.8</uncertainty>
    </longitude>
    <depth>
      <value>40000</value>
    </depth>
    <depthType>from location</depthType>
    <methodID>smi:eu.emsc-csem/origin_method/NA</methodID>
    <quality>
      <usedPhaseCount>16</usedPhaseCount>
      <usedStationCount>15</usedStationCount>
      <standardError>0.37</standardError>
      <azimuthalGap>80</azimuthalGap>
      <minimumDistance>1.12</minimumDistance>
      <maximumDistance>3.33</maximumDistance>
    </quality>
    <evaluationMode>manual</evaluationMode>
    <creationInfo>
      <agencyURI>smi:smi-registry/organization/EMSC</agencyURI>
      <authorURI>smi:smi-registry/organization/EMSC</authorURI>
    </creationInfo>
    <originUncertainty>
      <azimuthMaxHorizontalUncertainty>104</azimuthMaxHorizontalUncertainty>
    </originUncertainty>
  </origin>
  <magnitude publicID="quakeml:eu.emsc/event/20041219_0000038/origin/1295012/mag/2">
    <mag>
      <value>3.2</value>
    </mag>
    <type>ML</type>
    <originID>quakeml:eu.emsc/event/20041219_0000038/origin/1295012</originID>
    <creationInfo>
      <agencyURI>smi:smi-registry/organization/EMSC</agencyURI>
      <authorURI>smi:smi-registry/organization/EMSC</authorURI>
    </creationInfo>
  </magnitude>
</event>
<event publicID="quakeml:eu.emsc/event/20041219_0000020">
  <preferredOriginID>quakeml:eu.emsc/event/20041219_0000020/origin/BQ645</preferredOriginID>
  <preferredMagnitudeID>quakeml:eu.emsc/event/20041219_0000020/origin/BQ645/mag/1</preferredMagnitudeID>
  <creationInfo>
    <agencyURI>smi:smi-registry/organization/EMSC</agencyURI>
    <authorURI>smi:smi-registry/organization/EMSC</authorURI>
    <creationTime>2014-12-01T14:26:09.579517Z</creationTime>
  </creationInfo>
  <description>
    <text>MORO GULF, MINDANAO, PHILIPPINES</text>
    <type>Flinn-Engdahl region</type>
  </description>
  <origin publicID="quakeml:eu.emsc/event/20041219_0000020/origin/BQ645">
    <time>
      <value>2004-12-19T15:13:49.0Z</value>
      <uncertainty>0.20</uncertainty>
    </time>
    <latitude>
      <value>6.42</value>
    </latitude>
    <longitude>
      <value>123.88</value>
    </longitude>
    <depth>
      <value>33000.0</value>
    </depth>
    <depthType>from location</depthType>
    <methodID>smi:eu.emsc-csem/origin_method/NA</methodID>
    <quality>
      <usedPhaseCount>139</usedPhaseCount>
      <usedStationCount>120</usedStationCount>
      <standardError>0.99</standardError>
      <azimuthalGap>249</azimuthalGap>
      <minimumDistance>63.60</minimumDistance>
      <maximumDistance>159.02</maximumDistance>
    </quality>
    <evaluationMode>automatic</evaluationMode>
    <creationInfo>
      <agencyURI>smi:smi-registry/organization/EMSC</agencyURI>
      <authorURI>smi:smi-registry/organization/EMSC</authorURI>
    </creationInfo>
  </origin>
  <magnitude publicID="quakeml:eu.emsc/event/20041219_0000020/origin/BQ645/mag/1">
    <mag>
      <value>6.0</value>
      <uncertainty>0.4</uncertainty>
    </mag>
    <type>mb</type>
    <originID>quakeml:eu.emsc/event/20041219_0000020/origin/BQ645</originID>
    <stationCount>41</stationCount>
    <creationInfo>
      <agencyURI>smi:smi-registry/organization/EMSC</agencyURI>
      <authorURI>smi:smi-registry/organization/EMSC</authorURI>
    </creationInfo>
  </magnitude>
</event>
<event publicID="quakeml:eu.emsc/event/20041219_0000041">
  <preferredOriginID>quakeml:eu.emsc/event/20041219_0000041/origin/1302923</preferredOriginID>
  <preferredMagnitudeID>quakeml:eu.emsc/event/20041219_0000041/origin/1302923/mag/2</preferredMagnitudeID>
  <creationInfo>
    <agencyURI>smi:smi-registry/organization/EMSC</agencyURI>
    <authorURI>smi:smi-registry/organization/EMSC</authorURI>
    <creationTime>2014-12-03T10:43:50.17378Z</creationTime>
  </creationInfo>
  <description>
    <text>ADRIATIC SEA</text>
    <type>Flinn-Engdahl region</type>
  </description>
  <origin publicID="quakeml:eu.emsc/event/20041219_0000041/origin/1302923">
    <time>
      <value>2004-12-19T13:35:51.7Z</value>
      <uncertainty>0.26</uncertainty>
    </time>
    <latitude>
      <value>43.228</value>
      <uncertainty>7</uncertainty>
    </latitude>
    <longitude>
      <value>15.1439</value>
      <uncertainty>3.8</uncertainty>
    </longitude>
    <depth>
      <value>2000</value>
    </depth>
    <depthType>from location</depthType>
    <methodID>smi:eu.emsc-csem/origin_method/NA</methodID>
    <quality>
      <usedPhaseCount>43</usedPhaseCount>
      <usedStationCount>37</usedStationCount>
      <standardError>0.91</standardError>
      <azimuthalGap>164</azimuthalGap>
      <minimumDistance>1.35</minimumDistance>
      <maximumDistance>13.34</maximumDistance>
    </quality>
    <evaluationMode>manual</evaluationMode>
    <creationInfo>
      <agencyURI>smi:smi-registry/organization/EMSC</agencyURI>
      <authorURI>smi:smi-registry/organization/EMSC</authorURI>
    </creationInfo>
    <originUncertainty>
      <azimuthMaxHorizontalUncertainty>101</azimuthMaxHorizontalUncertainty>
    </originUncertainty>
  </origin>
  <magnitude publicID="quakeml:eu.emsc/event/20041219_0000041/origin/1302923/mag/2">
    <mag>
      <value>2.2</value>
    </mag>
    <type>ML</type>
    <originID>quakeml:eu.emsc/event/20041219_0000041/origin/1302923</originID>
    <stationCount>4</stationCount>
    <creationInfo>
      <agencyURI>smi:smi-registry/organization/EMSC</agencyURI>
      <authorURI>smi:smi-registry/organization/EMSC</authorURI>
    </creationInfo>
  </magnitude>
</event>
<event publicID="quakeml:eu.emsc/event/20041219_0000028">
  <preferredOriginID>quakeml:eu.emsc/event/20041219_0000028/origin/1291729</preferredOriginID>
  <preferredMagnitudeID>quakeml:eu.emsc/event/20041219_0000028/origin/1291729/mag/2</preferredMagnitudeID>
  <creationInfo>
    <agencyURI>smi:smi-registry/organization/EMSC</agencyURI>
    <authorURI>smi:smi-registry/organization/EMSC</authorURI>
    <creationTime>2014-12-11T05:29:24.474317Z</creationTime>
  </creationInfo>
  <description>
    <text>WESTERN TURKEY</text>
    <type>Flinn-Engdahl region</type>
  </description>
  <origin publicID="quakeml:eu.emsc/event/20041219_0000028/origin/1291729">
    <time>
      <value>2004-12-19T12:24:19.5Z</value>
    </time>
    <latitude>
      <value>40.188</value>
      <uncertainty>9999.9</uncertainty>
    </latitude>
    <longitude>
      <value>29.51</value>
      <uncertainty>9999.9</uncertainty>
    </longitude>
    <depth>
      <value>12000</value>
    </depth>
    <depthType>from location</depthType>
    <methodID>smi:eu.emsc-csem/origin_method/NA</methodID>
    <quality>
      <usedPhaseCount>13</usedPhaseCount>
      <usedStationCount>11</usedStationCount>
      <standardError>0.84</standardError>
      <azimuthalGap>98</azimuthalGap>
      <minimumDistance>0.49</minimumDistance>
      <maximumDistance>1.33</maximumDistance>
    </quality>
    <evaluationMode>manual</evaluationMode>
    <creationInfo>
      <agencyURI>smi:smi-registry/organization/EMSC</agencyURI>
      <authorURI>smi:smi-registry/organization/EMSC</authorURI>
    </creationInfo>
    <originUncertainty>
      <azimuthMaxHorizontalUncertainty>-99</azimuthMaxHorizontalUncertainty>
    </originUncertainty>
  </origin>
  <magnitude publicID="quakeml:eu.emsc/event/20041219_0000028/origin/1291729/mag/2">
    <mag>
      <value>2.9</value>
    </mag>
    <type>MD</type>
    <originID>quakeml:eu.emsc/event/20041219_0000028/origin/1291729</originID>
    <creationInfo>
      <agencyURI>smi:smi-registry/organization/EMSC</agencyURI>
      <authorURI>smi:smi-registry/organization/EMSC</authorURI>
    </creationInfo>
  </magnitude>
</event>
<event publicID="quakeml:eu.emsc/event/20041219_0000031">
  <preferredOriginID>quakeml:eu.emsc/event/20041219_0000031/origin/1294131</preferredOriginID>
  <preferredMagnitudeID>quakeml:eu.emsc/event/20041219_0000031/origin/1294131/mag/1</preferredMagnitudeID>
  <creationInfo>
    <agencyURI>smi:smi-registry/organization/EMSC</agencyURI>
    <authorURI>smi:smi-registry/organization/EMSC</authorURI>
    <creationTime>2014-12-03T10:23:43.480147Z</creationTime>
  </creationInfo>
  <description>
    <text>PYRENEES</text>
    <type>Flinn-Engdahl region</type>
  </description>
  <origin publicID="quakeml:eu.emsc/event/20041219_0000031/origin/1294131">
    <time>
      <value>2004-12-19T11:56:45.7Z</value>
      <uncertainty>0.16</uncertainty>
    </time>
    <latitude>
      <value>42.445</value>
      <uncertainty>3.1</uncertainty>
    </latitude>
    <longitude>
      <value>1.2834</value>
      <uncertainty>2.6</uncertainty>
    </longitude>
    <depth>
      <value>15000</value>
    </depth>
    <depthType>from location</depthType>
    <methodID>smi:eu.emsc-csem/origin_method/NA</methodID>
    <quality>
      <usedPhaseCount>33</usedPhaseCount>
      <usedStationCount>16</usedStationCount>
      <standardError>0.74</standardError>
      <azimuthalGap>71</azimuthalGap>
      <minimumDistance>0.32</minimumDistance>
      <maximumDistance>2.86</maximumDistance>
    </quality>
    <evaluationMode>manual</evaluationMode>
    <creationInfo>
      <agencyURI>smi:smi-registry/organization/EMSC</agencyURI>
      <authorURI>smi:smi-registry/organization/EMSC</authorURI>
    </creationInfo>
    <originUncertainty>
      <azimuthMaxHorizontalUncertainty>129</azimuthMaxHorizontalUncertainty>
    </originUncertainty>
  </origin>
  <magnitude publicID="quakeml:eu.emsc/event/20041219_0000031/origin/1294131/mag/1">
    <mag>
      <value>2.1</value>
      <uncertainty>0.4</uncertainty>
    </mag>
    <type>ML</type>
    <originID>quakeml:eu.emsc/event/20041219_0000031/origin/1294131</originID>
    <stationCount>13</stationCount>
    <creationInfo>
      <agencyURI>smi:smi-registry/organization/EMSC</agencyURI>
      <authorURI>smi:smi-registry/organization/EMSC</authorURI>
    </creationInfo>
  </magnitude>
</event>
<event publicID="quakeml:eu.emsc/event/20041219_0000029">
  <preferredOriginID>quakeml:eu.emsc/event/20041219_0000029/origin/1295015</preferredOriginID>
  <preferredMagnitudeID>quakeml:eu.emsc/event/20041219_0000029/origin/1295015/mag/2</preferredMagnitudeID>
  <creationInfo>
    <agencyURI>smi:smi-registry/organization/EMSC</agencyURI>
    <authorURI>smi:smi-registry/organization/EMSC</authorURI>
    <creationTime>2014-12-03T11:43:21.225933Z</creationTime>
  </creationInfo>
  <description>
    <text>RED SEA</text>
    <type>Flinn-Engdahl region</type>
  </description>
  <origin publicID="quakeml:eu.emsc/event/20041219_0000029/origin/1295015">
    <time>
      <value>2004-12-19T11:18:43.0Z</value>
      <uncertainty>0.16</uncertainty>
    </time>
    <latitude>
      <value>26.0376</value>
      <uncertainty>5.4</uncertainty>
    </latitude>
    <longitude>
      <value>35.6249</value>
      <uncertainty>3.1</uncertainty>
    </longitude>
    <depth>
      <value>10000</value>
    </depth>
    <depthType>from location</depthType>
    <methodID>smi:eu.emsc-csem/origin_method/NA</methodID>
    <quality>
      <usedPhaseCount>13</usedPhaseCount>
      <usedStationCount>12</usedStationCount>
      <standardError>0.4</standardError>
      <azimuthalGap>97</azimuthalGap>
      <minimumDistance>1.13</minimumDistance>
      <maximumDistance>3.3</maximumDistance>
    </quality>
    <evaluationMode>manual</evaluationMode>
    <creationInfo>
      <agencyURI>smi:smi-registry/organization/EMSC</agencyURI>
      <authorURI>smi:smi-registry/organization/EMSC</authorURI>
    </creationInfo>
    <originUncertainty>
      <azimuthMaxHorizontalUncertainty>116</azimuthMaxHorizontalUncertainty>
    </originUncertainty>
  </origin>
  <magnitude publicID="quakeml:eu.emsc/event/20041219_0000029/origin/1295015/mag/2">
    <mag>
      <value>2.1</value>
    </mag>
    <type>ML</type>
    <originID>quakeml:eu.emsc/event/20041219_0000029/origin/1295015</originID>
    <creationInfo>
      <agencyURI>smi:smi-registry/organization/EMSC</agencyURI>
      <authorURI>smi:smi-registry/organization/EMSC</authorURI>
    </creationInfo>
  </magnitude>
</event>
<event publicID="quakeml:eu.emsc/event/20041219_0000045">
  <preferredOriginID>quakeml:eu.emsc/event/20041219_0000045/origin/1294134</preferredOriginID>
  <preferredMagnitudeID>quakeml:eu.emsc/event/20041219_0000045/origin/1294134/mag/1</preferredMagnitudeID>
  <creationInfo>
    <agencyURI>smi:smi-registry/organization/EMSC</agencyURI>
    <authorURI>smi:smi-registry/organization/EMSC</authorURI>
    <creationTime>2014-12-03T10:51:00.673342Z</creationTime>
  </creationInfo>
  <description>
    <text>PYRENEES</text>
    <type>Flinn-Engdahl region</type>
  </description>
  <origin publicID="quakeml:eu.emsc/event/20041219_0000045/origin/1294134">
    <time>
      <value>2004-12-19T10:58:09.8Z</value>
      <uncertainty>0.2</uncertainty>
    </time>
    <latitude>
      <value>42.8159</value>
      <uncertainty>4.6</uncertainty>
    </latitude>
    <longitude>
      <value>1.6331</value>
      <uncertainty>2.4</uncertainty>
    </longitude>
    <depth>
      <value>10000</value>
    </depth>
    <depthType>from location</depthType>
    <methodID>smi:eu.emsc-csem/origin_method/NA</methodID>
    <quality>
      <usedPhaseCount>32</usedPhaseCount>
      <usedStationCount>13</usedStationCount>
      <standardError>0.82</standardError>
      <azimuthalGap>154</azimuthalGap>
      <minimumDistance>0.33</minimumDistance>
      <maximumDistance>3.99</maximumDistance>
    </quality>
    <evaluationMode>manual</evaluationMode>
    <creationInfo>
      <agencyURI>smi:smi-registry/organization/EMSC</agencyURI>
      <authorURI>smi:smi-registry/organization/EMSC</authorURI>
    </creationInfo>
    <originUncertainty>
      <azimuthMaxHorizontalUncertainty>162</azimuthMaxHorizontalUncertainty>
    </originUncertainty>
  </origin>
  <magnitude publicID="quakeml:eu.emsc/event/20041219_0000045/origin/1294134/mag/1">
    <mag>
      <value>2</value>
      <uncertainty>0.3</uncertainty>
    </mag>
    <type>ML</type>
    <originID>quakeml:eu.emsc/event/20041219_0000045/origin/1294134</originID>
    <stationCount>10</stationCount>
    <creationInfo>
      <agencyURI>smi:smi-registry/organization/EMSC</agencyURI>
      <authorURI>smi:smi-registry/organization/EMSC</authorURI>
    </creationInfo>
  </magnitude>
</event>
<event publicID="quakeml:eu.emsc/event/20041219_0000040">
  <preferredOriginID>quakeml:eu.emsc/event/20041219_0000040/origin/1291731</preferredOriginID>
  <preferredMagnitudeID>quakeml:eu.emsc/event/20041219_0000040/origin/1291731/mag/2</preferredMagnitudeID>
  <creationInfo>
    <agencyURI>smi:smi-registry/organization/EMSC</agencyURI>
    <authorURI>smi:smi-registry/organization/EMSC</authorURI>
    <creationTime>2014-12-10T18:21:40.302593Z</creationTime>
  </creationInfo>
  <description>
    <text>FRANCE</text>
    <type>Flinn-Engdahl region</type>
  </description>
  <origin publicID="quakeml:eu.emsc/event/20041219_0000040/origin/1291731">
    <time>
      <value>2004-12-19T10:47:03.0Z</value>
    </time>
    <latitude>
      <value>44.4682</value>
      <uncertainty>9999.9</uncertainty>
    </latitude>
    <longitude>
      <value>6.7388</value>
      <uncertainty>9999.9</uncertainty>
    </longitude>
    <depth>
      <value>5000</value>
    </depth>
    <depthType>from location</depthType>
    <methodID>smi:eu.emsc-csem/origin_method/NA</methodID>
    <quality>
      <usedPhaseCount>11</usedPhaseCount>
      <usedStationCount>6</usedStationCount>
      <standardError>0.43</standardError>
      <azimuthalGap>289</azimuthalGap>
      <minimumDistance>0.26</minimumDistance>
      <maximumDistance>0.83</maximumDistance>
    </quality>
    <evaluationMode>manual</evaluationMode>
    <creationInfo>
      <agencyURI>smi:smi-registry/organization/EMSC</agencyURI>
      <authorURI>smi:smi-registry/organization/EMSC</authorURI>
    </creationInfo>
    <originUncertainty>
      <azimuthMaxHorizontalUncertainty>-99</azimuthMaxHorizontalUncertainty>
    </originUncertainty>
  </origin>
  <magnitude publicID="quakeml:eu.emsc/event/20041219_0000040/origin/1291731/mag/2">
    <mag>
      <value>1.9</value>
    </mag>
    <type>ML</type>
    <originID>quakeml:eu.emsc/event/20041219_0000040/origin/1291731</originID>
    <creationInfo>
      <agencyURI>smi:smi-registry/organization/EMSC</agencyURI>
      <authorURI>smi:smi-registry/organization/EMSC</authorURI>
    </creationInfo>
  </magnitude>
</event>
<event publicID="quakeml:eu.emsc/event/20041219_0000019">
  <preferredOriginID>quakeml:eu.emsc/event/20041219_0000019/origin/BP264</preferredOriginID>
  <preferredMagnitudeID>quakeml:eu.emsc/event/20041219_0000019/origin/BP264/mag/1</preferredMagnitudeID>
  <creationInfo>
    <agencyURI>smi:smi-registry/organization/EMSC</agencyURI>
    <authorURI>smi:smi-registry/organization/EMSC</authorURI>
    <creationTime>2014-12-01T12:56:02.746421Z</creationTime>
  </creationInfo>
  <description>
    <text>NEAR EAST COAST OF HONSHU, JAPAN</text>
    <type>Flinn-Engdahl region</type>
  </description>
  <origin publicID="quakeml:eu.emsc/event/20041219_0000019/origin/BP264">
    <time>
      <value>2004-12-19T10:16:52.9Z</value>
      <uncertainty>0.50</uncertainty>
    </time>
    <latitude>
      <value>39.3</value>
    </latitude>
    <longitude>
      <value>142.31</value>
    </longitude>
    <depth>
      <value>100000.0</value>
    </depth>
    <depthType>from location</depthType>
    <methodID>smi:eu.emsc-csem/origin_method/NA</methodID>
    <quality>
      <usedPhaseCount>28</usedPhaseCount>
      <usedStationCount>23</usedStationCount>
      <standardError>0.76</standardError>
      <azimuthalGap>266</azimuthalGap>
      <minimumDistance>7.66</minimumDistance>
      <maximumDistance>83.73</maximumDistance>
    </quality>
    <evaluationMode>automatic</evaluationMode>
    <creationInfo>
      <agencyURI>smi:smi-registry/organization/EMSC</agencyURI>
      <authorURI>smi:smi-registry/organization/EMSC</authorURI>
    </creationInfo>
  </origin>
  <magnitude publicID="quakeml:eu.emsc/event/20041219_0000019/origin/BP264/mag/1">
    <mag>
      <value>5.2</value>
      <uncertainty>0.4</uncertainty>
    </mag>
    <type>mb</type>
    <originID>quakeml:eu.emsc/event/20041219_0000019/origin/BP264</originID>
    <stationCount>18</stationCount>
    <creationInfo>
      <agencyURI>smi:smi-registry/organization/EMSC</agencyURI>
      <authorURI>smi:smi-registry/organization/EMSC</authorURI>
    </creationInfo>
  </magnitude>
</event>
<event publicID="quakeml:eu.emsc/event/20041219_0000039">
  <preferredOriginID>quakeml:eu.emsc/event/20041219_0000039/origin/1291733</preferredOriginID>
  <preferredMagnitudeID>quakeml:eu.emsc/event/20041219_0000039/origin/1291733/mag/2</preferredMagnitudeID>
  <creationInfo>
    <agencyURI>smi:smi-registry/organization/EMSC</agencyURI>
    <authorURI>smi:smi-registry/organization/EMSC</authorURI>
    <creationTime>2014-12-11T05:29:19.183466Z</creationTime>
  </creationInfo>
  <description>
    <text>WESTERN TURKEY</text>
    <type>Flinn-Engdahl region</type>
  </description>
  <origin publicID="quakeml:eu.emsc/event/20041219_0000039/origin/1291733">
    <time>
      <value>2004-12-19T09:07:32.0Z</value>
    </time>
    <latitude>
      <value>39.132</value>
      <uncertainty>9999.9</uncertainty>
    </latitude>
    <longitude>
      <value>27.865</value>
      <uncertainty>9999.9</uncertainty>
    </longitude>
    <depth>
      <value>31000</value>
    </depth>
    <depthType>from location</depthType>
    <methodID>smi:eu.emsc-csem/origin_method/NA</methodID>
    <quality>
      <usedPhaseCount>9</usedPhaseCount>
      <usedStationCount>6</usedStationCount>
      <standardError>0.83</standardError>
      <azimuthalGap>170</azimuthalGap>
      <minimumDistance>0.26</minimumDistance>
      <maximumDistance>1.22</maximumDistance>
    </quality>
    <evaluationMode>manual</evaluationMode>
    <creationInfo>
      <agencyURI>smi:smi-registry/organization/EMSC</agencyURI>
      <authorURI>smi:smi-registry/organization/EMSC</authorURI>
    </creationInfo>
    <originUncertainty>
      <azimuthMaxHorizontalUncertainty>-99</azimuthMaxHorizontalUncertainty>
    </originUncertainty>
  </origin>
  <magnitude publicID="quakeml:eu.emsc/event/20041219_0000039/origin/1291733/mag/2">
    <mag>
      <value>2.9</value>
    </mag>
    <type>MD</type>
    <originID>quakeml:eu.emsc/event/20041219_0000039/origin/1291733</originID>
    <creationInfo>
      <agencyURI>smi:smi-registry/organization/EMSC</agencyURI>
      <authorURI>smi:smi-registry/organization/EMSC</authorURI>
    </creationInfo>
  </magnitude>
</event>
<event publicID="quakeml:eu.emsc/event/20041219_0000033">
  <preferredOriginID>quakeml:eu.emsc/event/20041219_0000033/origin/1291735</preferredOriginID>
  <preferredMagnitudeID>quakeml:eu.emsc/event/20041219_0000033/origin/1291735/mag/2</preferredMagnitudeID>
  <creationInfo>
    <agencyURI>smi:smi-registry/organization/EMSC</agencyURI>
    <authorURI>smi:smi-registry/organization/EMSC</authorURI>
    <creationTime>2014-12-11T05:29:16.893326Z</creationTime>
  </creationInfo>
  <description>
    <text>WESTERN TURKEY</text>
    <type>Flinn-Engdahl region</type>
  </description>
  <origin publicID="quakeml:eu.emsc/event/20041219_0000033/origin/1291735">
    <time>
      <value>2004-12-19T08:40:36.5Z</value>
    </time>
    <latitude>
      <value>39.881</value>
      <uncertainty>9999.9</uncertainty>
    </latitude>
    <longitude>
      <value>29.225</value>
      <uncertainty>9999.9</uncertainty>
    </longitude>
    <depth>
      <value>10000</value>
    </depth>
    <depthType>from location</depthType>
    <methodID>smi:eu.emsc-csem/origin_method/NA</methodID>
    <quality>
      <usedPhaseCount>19</usedPhaseCount>
      <usedStationCount>16</usedStationCount>
      <standardError>0.75</standardError>
      <azimuthalGap>68</azimuthalGap>
      <minimumDistance>0.3</minimumDistance>
      <maximumDistance>2.29</maximumDistance>
    </quality>
    <evaluationMode>manual</evaluationMode>
    <creationInfo>
      <agencyURI>smi:smi-registry/organization/EMSC</agencyURI>
      <authorURI>smi:smi-registry/organization/EMSC</authorURI>
    </creationInfo>
    <originUncertainty>
      <azimuthMaxHorizontalUncertainty>-99</azimuthMaxHorizontalUncertainty>
    </originUncertainty>
  </origin>
  <magnitude publicID="quakeml:eu.emsc/event/20041219_0000033/origin/1291735/mag/2">
    <mag>
      <value>3</value>
    </mag>
    <type>MD</type>
    <originID>quakeml:eu.emsc/event/20041219_0000033/origin/1291735</originID>
    <creationInfo>
      <agencyURI>smi:smi-registry/organization/EMSC</agencyURI>
      <authorURI>smi:smi-registry/organization/EMSC</authorURI>
    </creationInfo>
  </magnitude>
</event>
<event publicID="quakeml:eu.emsc/event/20041219_0000018">
  <preferredOriginID>quakeml:eu.emsc/event/20041219_0000018/origin/BP008</preferredOriginID>
  <preferredMagnitudeID>quakeml:eu.emsc/event/20041219_0000018/origin/BP008/mag/1</preferredMagnitudeID>
  <creationInfo>
    <agencyURI>smi:smi-registry/organization/EMSC</agencyURI>
    <authorURI>smi:smi-registry/organization/EMSC</authorURI>
    <creationTime>2014-12-01T13:34:37.450078Z</creationTime>
  </creationInfo>
  <description>
    <text>PANAMA</text>
    <type>Flinn-Engdahl region</type>
  </description>
  <origin publicID="quakeml:eu.emsc/event/20041219_0000018/origin/BP008">
    <time>
      <value>2004-12-19T08:23:47.6Z</value>
      <uncertainty>0.06</uncertainty>
    </time>
    <latitude>
      <value>9.43</value>
    </latitude>
    <longitude>
      <value>-78.82</value>
    </longitude>
    <depth>
      <value>60000.0</value>
    </depth>
    <depthType>from location</depthType>
    <methodID>smi:eu.emsc-csem/origin_method/NA</methodID>
    <quality>
      <usedPhaseCount>358</usedPhaseCount>
      <usedStationCount>319</usedStationCount>
      <standardError>0.79</standardError>
      <azimuthalGap>73</azimuthalGap>
      <minimumDistance>6.11</minimumDistance>
      <maximumDistance>152.20</maximumDistance>
    </quality>
    <evaluationMode>automatic</evaluationMode>
    <creationInfo>
      <agencyURI>smi:smi-registry/organization/EMSC</agencyURI>
      <authorURI>smi:smi-registry/organization/EMSC</authorURI>
    </creationInfo>
  </origin>
  <magnitude publicID="quakeml:eu.emsc/event/20041219_0000018/origin/BP008/mag/1">
    <mag>
      <value>5.6</value>
      <uncertainty>0.4</uncertainty>
    </mag>
    <type>mb</type>
    <originID>quakeml:eu.emsc/event/20041219_0000018/origin/BP008</originID>
    <stationCount>99</stationCount>
    <creationInfo>
      <agencyURI>smi:smi-registry/organization/EMSC</agencyURI>
      <authorURI>smi:smi-registry/organization/EMSC</authorURI>
    </creationInfo>
  </magnitude>
</event>
<event publicID="quakeml:eu.emsc/event/20041219_0000034">
  <preferredOriginID>quakeml:eu.emsc/event/20041219_0000034/origin/1302926</preferredOriginID>
  <preferredMagnitudeID>quakeml:eu.emsc/event/20041219_0000034/origin/1302926/mag/2</preferredMagnitudeID>
  <creationInfo>
    <agencyURI>smi:smi-registry/organization/EMSC</agencyURI>
    <authorURI>smi:smi-registry/organization/EMSC</authorURI>
    <creationTime>2014-12-03T12:15:43.778948Z</creationTime>
  </creationInfo>
  <description>
    <text>RED SEA</text>
    <type>Flinn-Engdahl region</type>
  </description>
  <origin publicID="quakeml:eu.emsc/event/20041219_0000034/origin/1302926">
    <time>
      <value>2004-12-19T08:23:37.3Z</value>
      <uncertainty>0.19</uncertainty>
    </time>
    <latitude>
      <value>26.1094</value>
      <uncertainty>6.5</uncertainty>
    </latitude>
    <longitude>
      <value>35.6087</value>
      <uncertainty>4.5</uncertainty>
    </longitude>
    <depth>
      <value>2000</value>
    </depth>
    <depthType>from location</depthType>
    <methodID>smi:eu.emsc-csem/origin_method/NA</methodID>
    <quality>
      <usedPhaseCount>17</usedPhaseCount>
      <usedStationCount>17</usedStationCount>
      <standardError>0.67</standardError>
      <azimuthalGap>97</azimuthalGap>
      <minimumDistance>1.16</minimumDistance>
      <maximumDistance>3.22</maximumDistance>
    </quality>
    <evaluationMode>manual</evaluationMode>
    <creationInfo>
      <agencyURI>smi:smi-registry/organization/EMSC</agencyURI>
      <authorURI>smi:smi-registry/organization/EMSC</authorURI>
    </creationInfo>
    <originUncertainty>
      <azimuthMaxHorizontalUncertainty>96</azimuthMaxHorizontalUncertainty>
    </originUncertainty>
  </origin>
  <magnitude publicID="quakeml:eu.emsc/event/20041219_0000034/origin/1302926/mag/2">
    <mag>
      <value>3.2</value>
    </mag>
    <type>ML</type>
    <originID>quakeml:eu.emsc/event/20041219_0000034/origin/1302926</originID>
    <creationInfo>
      <agencyURI>smi:smi-registry/organization/EMSC</agencyURI>
      <authorURI>smi:smi-registry/organization/EMSC</authorURI>
    </creationInfo>
  </magnitude>
</event>
<event publicID="quakeml:eu.emsc/event/20041219_0000030">
  <preferredOriginID>quakeml:eu.emsc/event/20041219_0000030/origin/1302929</preferredOriginID>
  <preferredMagnitudeID>quakeml:eu.emsc/event/20041219_0000030/origin/1302929/mag/2</preferredMagnitudeID>
  <creationInfo>
    <agencyURI>smi:smi-registry/organization/EMSC</agencyURI>
    <authorURI>smi:smi-registry/organization/EMSC</authorURI>
    <creationTime>2014-12-03T10:31:39.131824Z</creationTime>
  </creationInfo>
  <description>
    <text>RED SEA</text>
    <type>Flinn-Engdahl region</type>
  </description>
  <origin publicID="quakeml:eu.emsc/event/20041219_0000030/origin/1302929">
    <time>
      <value>2004-12-19T07:57:52.1Z</value>
      <uncertainty>0.17</uncertainty>
    </time>
    <latitude>
      <value>26.103</value>
      <uncertainty>5</uncertainty>
    </latitude>
    <longitude>
      <value>35.5968</value>
      <uncertainty>3.9</uncertainty>
    </longitude>
    <depth>
      <value>2000</value>
    </depth>
    <depthType>from location</depthType>
    <methodID>smi:eu.emsc-csem/origin_method/NA</methodID>
    <quality>
      <usedPhaseCount>24</usedPhaseCount>
      <usedStationCount>24</usedStationCount>
      <standardError>0.67</standardError>
      <azimuthalGap>72</azimuthalGap>
      <minimumDistance>1.14</minimumDistance>
      <maximumDistance>3.83</maximumDistance>
    </quality>
    <evaluationMode>manual</evaluationMode>
    <creationInfo>
      <agencyURI>smi:smi-registry/organization/EMSC</agencyURI>
      <authorURI>smi:smi-registry/organization/EMSC</authorURI>
    </creationInfo>
    <originUncertainty>
      <azimuthMaxHorizontalUncertainty>97</azimuthMaxHorizontalUncertainty>
    </originUncertainty>
  </origin>
  <magnitude publicID="quakeml:eu.emsc/event/20041219_0000030/origin/1302929/mag/2">
    <mag>
      <value>3.2</value>
    </mag>
    <type>ML</type>
    <originID>quakeml:eu.emsc/event/20041219_0000030/origin/1302929</originID>
    <creationInfo>
      <agencyURI>smi:smi-registry/organization/EMSC</agencyURI>
      <authorURI>smi:smi-registry/organization/EMSC</authorURI>
    </creationInfo>
  </magnitude>
</event>
<event publicID="quakeml:eu.emsc/event/20041219_0000042">
  <preferredOriginID>quakeml:eu.emsc/event/20041219_0000042/origin/1302932</preferredOriginID>
  <preferredMagnitudeID>quakeml:eu.emsc/event/20041219_0000042/origin/1302932/mag/2</preferredMagnitudeID>
  <creationInfo>
    <agencyURI>smi:smi-registry/organization/EMSC</agencyURI>
    <authorURI>smi:smi-registry/organization/EMSC</authorURI>
    <creationTime>2014-12-03T11:50:00.135485Z</creationTime>
  </creationInfo>
  <description>
    <text>RED SEA</text>
    <type>Flinn-Engdahl region</type>
  </description>
  <origin publicID="quakeml:eu.emsc/event/20041219_0000042/origin/1302932">
    <time>
      <value>2004-12-19T07:50:43.3Z</value>
      <uncertainty>0.19</uncertainty>
    </time>
    <latitude>
      <value>26.0578</value>
      <uncertainty>6.7</uncertainty>
    </latitude>
    <longitude>
      <value>35.5979</value>
      <uncertainty>4</uncertainty>
    </longitude>
    <depth>
      <value>10000</value>
    </depth>
    <depthType>from location</depthType>
    <methodID>smi:eu.emsc-csem/origin_method/NA</methodID>
    <quality>
      <usedPhaseCount>12</usedPhaseCount>
      <usedStationCount>12</usedStationCount>
      <standardError>0.49</standardError>
      <azimuthalGap>96</azimuthalGap>
      <minimumDistance>1.13</minimumDistance>
      <maximumDistance>3.13</maximumDistance>
    </quality>
    <evaluationMode>manual</evaluationMode>
    <creationInfo>
      <agencyURI>smi:smi-registry/organization/EMSC</agencyURI>
      <authorURI>smi:smi-registry/organization/EMSC</authorURI>
    </creationInfo>
    <originUncertainty>
      <azimuthMaxHorizontalUncertainty>111</azimuthMaxHorizontalUncertainty>
    </originUncertainty>
  </origin>
  <magnitude publicID="quakeml:eu.emsc/event/20041219_0000042/origin/1302932/mag/2">
    <mag>
      <value>3.4</value>
    </mag>
    <type>ML</type>
    <originID>quakeml:eu.emsc/event/20041219_0000042/origin/1302932</originID>
    <creationInfo>
      <agencyURI>smi:smi-registry/organization/EMSC</agencyURI>
      <authorURI>smi:smi-registry/organization/EMSC</authorURI>
    </creationInfo>
  </magnitude>
</event>
<event publicID="quakeml:eu.emsc/event/20041219_0000036">
  <preferredOriginID>quakeml:eu.emsc/event/20041219_0000036/origin/1302935</preferredOriginID>
  <preferredMagnitudeID>quakeml:eu.emsc/event/20041219_0000036/origin/1302935/mag/2</preferredMagnitudeID>
  <creationInfo>
    <agencyURI>smi:smi-registry/organization/EMSC</agencyURI>
    <authorURI>smi:smi-registry/organization/EMSC</authorURI>
    <creationTime>2014-12-03T10:49:01.611519Z</creationTime>
  </creationInfo>
  <description>
    <text>RED SEA</text>
    <type>Flinn-Engdahl region</type>
  </description>
  <origin publicID="quakeml:eu.emsc/event/20041219_0000036/origin/1302935">
    <time>
      <value>2004-12-19T07:34:44.8Z</value>
      <uncertainty>0.18</uncertainty>
    </time>
    <latitude>
      <value>26.1316</value>
      <uncertainty>5.4</uncertainty>
    </latitude>
    <longitude>
      <value>35.6435</value>
      <uncertainty>3.4</uncertainty>
    </longitude>
    <depth>
      <value>2000</value>
    </depth>
    <depthType>from location</depthType>
    <methodID>smi:eu.emsc-csem/origin_method/NA</methodID>
    <quality>
      <usedPhaseCount>30</usedPhaseCount>
      <usedStationCount>30</usedStationCount>
      <standardError>0.67</standardError>
      <azimuthalGap>99</azimuthalGap>
      <minimumDistance>1.19</minimumDistance>
      <maximumDistance>6.32</maximumDistance>
    </quality>
    <evaluationMode>manual</evaluationMode>
    <creationInfo>
      <agencyURI>smi:smi-registry/organization/EMSC</agencyURI>
      <authorURI>smi:smi-registry/organization/EMSC</authorURI>
    </creationInfo>
    <originUncertainty>
      <azimuthMaxHorizontalUncertainty>100</azimuthMaxHorizontalUncertainty>
    </originUncertainty>
  </origin>
  <magnitude publicID="quakeml:eu.emsc/event/20041219_0000036/origin/1302935/mag/2">
    <mag>
      <value>2.9</value>
    </mag>
    <type>ML</type>
    <originID>quakeml:eu.emsc/event/20041219_0000036/origin/1302935</originID>
    <creationInfo>
      <agencyURI>smi:smi-registry/organization/EMSC</agencyURI>
      <authorURI>smi:smi-registry/organization/EMSC</authorURI>
    </creationInfo>
  </magnitude>
</event>
<event publicID="quakeml:eu.emsc/event/20041219_0000017">
  <preferredOriginID>quakeml:eu.emsc/event/20041219_0000017/origin/BP290</preferredOriginID>
  <preferredMagnitudeID>quakeml:eu.emsc/event/20041219_0000017/origin/BP290/mag/1</preferredMagnitudeID>
  <creationInfo>
    <agencyURI>smi:smi-registry/organization/EMSC</agencyURI>
    <authorURI>smi:smi-registry/organization/INMG</authorURI>
    <creationTime>2014-12-01T12:42:58.850189Z</creationTime>
  </creationInfo>
  <description>
    <text>WEST OF GIBRALTAR</text>
    <type>Flinn-Engdahl region</type>
  </description>
  <origin publicID="quakeml:eu.emsc/event/20041219_0000017/origin/BP290">
    <time>
      <value>2004-12-19T07:05:25.0Z</value>
    </time>
    <latitude>
      <value>36.55</value>
    </latitude>
    <longitude>
      <value>-8.12</value>
    </longitude>
    <depth>
      <value>13000.0</value>
    </depth>
    <depthType>from location</depthType>
    <methodID>smi:eu.emsc-csem/origin_method/GEIGER</methodID>
    <quality>
      <usedPhaseCount>12</usedPhaseCount>
      <usedStationCount>7</usedStationCount>
      <azimuthalGap>323</azimuthalGap>
      <minimumDistance>1.11</minimumDistance>
      <maximumDistance>5.36</maximumDistance>
    </quality>
    <evaluationMode>manual</evaluationMode>
    <creationInfo>
      <agencyURI>smi:smi-registry/organization/EMSC</agencyURI>
      <authorURI>smi:smi-registry/organization/INMG</authorURI>
    </creationInfo>
  </origin>
  <magnitude publicID="quakeml:eu.emsc/event/20041219_0000017/origin/BP290/mag/1">
    <mag>
      <value>2.3</value>
    </mag>
    <type>ml</type>
    <originID>quakeml:eu.emsc/event/20041219_0000017/origin/BP290</originID>
    <creationInfo>
      <agencyURI>smi:smi-registry/organization/EMSC</agencyURI>
      <authorURI>smi:smi-registry/organization/INMG</authorURI>
    </creationInfo>
  </magnitude>
</event>
<event publicID="quakeml:eu.emsc/event/20041219_0000016">
  <preferredOriginID>quakeml:eu.emsc/event/20041219_0000016/origin/BP010</preferredOriginID>
  <preferredMagnitudeID>quakeml:eu.emsc/event/20041219_0000016/origin/BP010/mag/1</preferredMagnitudeID>
  <creationInfo>
    <agencyURI>smi:smi-registry/organization/EMSC</agencyURI>
    <authorURI>smi:smi-registry/organization/EMSC</authorURI>
    <creationTime>2014-12-01T15:31:35.57308Z</creationTime>
  </creationInfo>
  <description>
    <text>NEAR EAST COAST OF HONSHU, JAPAN</text>
    <type>Flinn-Engdahl region</type>
  </description>
  <origin publicID="quakeml:eu.emsc/event/20041219_0000016/origin/BP010">
    <time>
      <value>2004-12-19T05:22:47.2Z</value>
      <uncertainty>0.28</uncertainty>
    </time>
    <latitude>
      <value>36.81</value>
    </latitude>
    <longitude>
      <value>141.29</value>
    </longitude>
    <depth>
      <value>5000.0</value>
    </depth>
    <depthType>from location</depthType>
    <methodID>smi:eu.emsc-csem/origin_method/NA</methodID>
    <quality>
      <usedPhaseCount>42</usedPhaseCount>
      <usedStationCount>33</usedStationCount>
      <standardError>0.76</standardError>
      <azimuthalGap>248</azimuthalGap>
      <minimumDistance>10.19</minimumDistance>
      <maximumDistance>85.45</maximumDistance>
    </quality>
    <evaluationMode>automatic</evaluationMode>
    <creationInfo>
      <agencyURI>smi:smi-registry/organization/EMSC</agencyURI>
      <authorURI>smi:smi-registry/organization/EMSC</authorURI>
    </creationInfo>
  </origin>
  <magnitude publicID="quakeml:eu.emsc/event/20041219_0000016/origin/BP010/mag/1">
    <mag>
      <value>5.5</value>
      <uncertainty>0.4</uncertainty>
    </mag>
    <type>mb</type>
    <originID>quakeml:eu.emsc/event/20041219_0000016/origin/BP010</originID>
    <stationCount>26</stationCount>
    <creationInfo>
      <agencyURI>smi:smi-registry/organization/EMSC</agencyURI>
      <authorURI>smi:smi-registry/organization/EMSC</authorURI>
    </creationInfo>
  </magnitude>
</event>
<event publicID="quakeml:eu.emsc/event/20041219_0000032">
  <preferredOriginID>quakeml:eu.emsc/event/20041219_0000032/origin/1291737</preferredOriginID>
  <preferredMagnitudeID>quakeml:eu.emsc/event/20041219_0000032/origin/1291737/mag/2</preferredMagnitudeID>
  <creationInfo>
    <agencyURI>smi:smi-registry/organization/EMSC</agencyURI>
    <authorURI>smi:smi-registry/organization/EMSC</authorURI>
    <creationTime>2014-12-11T05:29:02.195787Z</creationTime>
  </creationInfo>
  <description>
    <text>WESTERN TURKEY</text>
    <type>Flinn-Engdahl region</type>
  </description>
  <origin publicID="quakeml:eu.emsc/event/20041219_0000032/origin/1291737">
    <time>
      <value>2004-12-19T04:25:07.5Z</value>
    </time>
    <latitude>
      <value>40.603</value>
      <uncertainty>9999.9</uncertainty>
    </latitude>
    <longitude>
      <value>27.455</value>
      <uncertainty>9999.9</uncertainty>
    </longitude>
    <depth>
      <value>17000</value>
    </depth>
    <depthType>from location</depthType>
    <methodID>smi:eu.emsc-csem/origin_method/NA</methodID>
    <quality>
      <usedPhaseCount>8</usedPhaseCount>
      <usedStationCount>5</usedStationCount>
      <standardError>0.98</standardError>
      <azimuthalGap>314</azimuthalGap>
      <minimumDistance>0.4</minimumDistance>
      <maximumDistance>1.34</maximumDistance>
    </quality>
    <evaluationMode>manual</evaluationMode>
    <creationInfo>
      <agencyURI>smi:smi-registry/organization/EMSC</agencyURI>
      <authorURI>smi:smi-registry/organization/EMSC</authorURI>
    </creationInfo>
    <originUncertainty>
      <azimuthMaxHorizontalUncertainty>-99</azimuthMaxHorizontalUncertainty>
    </originUncertainty>
  </origin>
  <magnitude publicID="quakeml:eu.emsc/event/20041219_0000032/origin/1291737/mag/2">
    <mag>
      <value>2.6</value>
    </mag>
    <type>MD</type>
    <originID>quakeml:eu.emsc/event/20041219_0000032/origin/1291737</originID>
    <creationInfo>
      <agencyURI>smi:smi-registry/organization/EMSC</agencyURI>
      <authorURI>smi:smi-registry/organization/EMSC</authorURI>
    </creationInfo>
  </magnitude>
</event>
<event publicID="quakeml:eu.emsc/event/20041219_0000043">
  <preferredOriginID>quakeml:eu.emsc/event/20041219_0000043/origin/1291739</preferredOriginID>
  <preferredMagnitudeID>quakeml:eu.emsc/event/20041219_0000043/origin/1291739/mag/2</preferredMagnitudeID>
  <creationInfo>
    <agencyURI>smi:smi-registry/organization/EMSC</agencyURI>
    <authorURI>smi:smi-registry/organization/EMSC</authorURI>
    <creationTime>2014-12-11T05:29:01.270983Z</creationTime>
  </creationInfo>
  <description>
    <text>CENTRAL TURKEY</text>
    <type>Flinn-Engdahl region</type>
  </description>
  <origin publicID="quakeml:eu.emsc/event/20041219_0000043/origin/1291739">
    <time>
      <value>2004-12-19T03:21:38.4Z</value>
    </time>
    <latitude>
      <value>38.142</value>
      <uncertainty>9999.9</uncertainty>
    </latitude>
    <longitude>
      <value>37.607</value>
      <uncertainty>9999.9</uncertainty>
    </longitude>
    <depth>
      <value>32000</value>
    </depth>
    <depthType>from location</depthType>
    <methodID>smi:eu.emsc-csem/origin_method/NA</methodID>
    <quality>
      <usedPhaseCount>9</usedPhaseCount>
      <usedStationCount>5</usedStationCount>
      <standardError>0.7</standardError>
      <azimuthalGap>223</azimuthalGap>
      <minimumDistance>0.67</minimumDistance>
      <maximumDistance>1.59</maximumDistance>
    </quality>
    <evaluationMode>manual</evaluationMode>
    <creationInfo>
      <agencyURI>smi:smi-registry/organization/EMSC</agencyURI>
      <authorURI>smi:smi-registry/organization/EMSC</authorURI>
    </creationInfo>
    <originUncertainty>
      <azimuthMaxHorizontalUncertainty>-99</azimuthMaxHorizontalUncertainty>
    </originUncertainty>
  </origin>
  <magnitude publicID="quakeml:eu.emsc/event/20041219_0000043/origin/1291739/mag/2">
    <mag>
      <value>3</value>
    </mag>
    <type>MD</type>
    <originID>quakeml:eu.emsc/event/20041219_0000043/origin/1291739</originID>
    <creationInfo>
      <agencyURI>smi:smi-registry/organization/EMSC</agencyURI>
      <authorURI>smi:smi-registry/organization/EMSC</authorURI>
    </creationInfo>
  </magnitude>
</event>
<event publicID="quakeml:eu.emsc/event/20041219_0000015">
  <preferredOriginID>quakeml:eu.emsc/event/20041219_0000015/origin/BQ971</preferredOriginID>
  <preferredMagnitudeID>quakeml:eu.emsc/event/20041219_0000015/origin/BQ971/mag/1</preferredMagnitudeID>
  <creationInfo>
    <agencyURI>smi:smi-registry/organization/EMSC</agencyURI>
    <authorURI>smi:smi-registry/organization/EMSC</authorURI>
    <creationTime>2014-12-01T14:26:09.300281Z</creationTime>
  </creationInfo>
  <description>
    <text>VANUATU</text>
    <type>Flinn-Engdahl region</type>
  </description>
  <origin publicID="quakeml:eu.emsc/event/20041219_0000015/origin/BQ971">
    <time>
      <value>2004-12-19T03:07:51.4Z</value>
      <uncertainty>0.12</uncertainty>
    </time>
    <latitude>
      <value>-18.58</value>
    </latitude>
    <longitude>
      <value>168.02</value>
    </longitude>
    <depth>
      <value>33000.0</value>
    </depth>
    <depthType>from location</depthType>
    <methodID>smi:eu.emsc-csem/origin_method/NA</methodID>
    <quality>
      <usedPhaseCount>185</usedPhaseCount>
      <usedStationCount>166</usedStationCount>
      <standardError>0.97</standardError>
      <azimuthalGap>139</azimuthalGap>
      <minimumDistance>69.09</minimumDistance>
      <maximumDistance>152.15</maximumDistance>
    </quality>
    <evaluationMode>automatic</evaluationMode>
    <creationInfo>
      <agencyURI>smi:smi-registry/organization/EMSC</agencyURI>
      <authorURI>smi:smi-registry/organization/EMSC</authorURI>
    </creationInfo>
  </origin>
  <magnitude publicID="quakeml:eu.emsc/event/20041219_0000015/origin/BQ971/mag/1">
    <mag>
      <value>5.7</value>
      <uncertainty>0.3</uncertainty>
    </mag>
    <type>mb</type>
    <originID>quakeml:eu.emsc/event/20041219_0000015/origin/BQ971</originID>
    <stationCount>29</stationCount>
    <creationInfo>
      <agencyURI>smi:smi-registry/organization/EMSC</agencyURI>
      <authorURI>smi:smi-registry/organization/EMSC</authorURI>
    </creationInfo>
  </magnitude>
</event>
<event publicID="quakeml:eu.emsc/event/20041219_0000037">
  <preferredOriginID>quakeml:eu.emsc/event/20041219_0000037/origin/1293999</preferredOriginID>
  <preferredMagnitudeID>quakeml:eu.emsc/event/20041219_0000037/origin/1293999/mag/2</preferredMagnitudeID>
  <creationInfo>
    <agencyURI>smi:smi-registry/organization/EMSC</agencyURI>
    <authorURI>smi:smi-registry/organization/EMSC</authorURI>
    <creationTime>2014-12-11T05:28:56.165331Z</creationTime>
  </creationInfo>
  <description>
    <text>SICILY, ITALY</text>
    <type>Flinn-Engdahl region</type>
  </description>
  <origin publicID="quakeml:eu.emsc/event/20041219_0000037/origin/1293999">
    <time>
      <value>2004-12-19T02:53:28.8Z</value>
    </time>
    <latitude>
      <value>37.744</value>
      <uncertainty>9999.9</uncertainty>
    </latitude>
    <longitude>
      <value>14.786</value>
      <uncertainty>9999.9</uncertainty>
    </longitude>
    <depth>
      <value>10000</value>
    </depth>
    <depthType>from location</depthType>
    <methodID>smi:eu.emsc-csem/origin_method/NA</methodID>
    <quality>
      <usedPhaseCount>8</usedPhaseCount>
      <usedStationCount>4</usedStationCount>
      <standardError>1.33</standardError>
      <azimuthalGap>194</azimuthalGap>
      <minimumDistance>0.2</minimumDistance>
      <maximumDistance>1.06</maximumDistance>
    </quality>
    <evaluationMode>manual</evaluationMode>
    <creationInfo>
      <agencyURI>smi:smi-registry/organization/EMSC</agencyURI>
      <authorURI>smi:smi-registry/organization/EMSC</authorURI>
    </creationInfo>
    <originUncertainty>
      <azimuthMaxHorizontalUncertainty>-99</azimuthMaxHorizontalUncertainty>
    </originUncertainty>
  </origin>
  <magnitude publicID="quakeml:eu.emsc/event/20041219_0000037/origin/1293999/mag/2">
    <mag>
      <value>2.1</value>
    </mag>
    <type>ML</type>
    <originID>quakeml:eu.emsc/event/20041219_0000037/origin/1293999</originID>
    <stationCount>1</stationCount>
    <creationInfo>
      <agencyURI>smi:smi-registry/organization/EMSC</agencyURI>
      <authorURI>smi:smi-registry/organization/EMSC</authorURI>
    </creationInfo>
  </magnitude>
</event>
<event publicID="quakeml:eu.emsc/event/20041219_0000044">
  <preferredOriginID>quakeml:eu.emsc/event/20041219_0000044/origin/1291741</preferredOriginID>
  <preferredMagnitudeID>quakeml:eu.emsc/event/20041219_0000044/origin/1291741/mag/2</preferredMagnitudeID>
  <creationInfo>
    <agencyURI>smi:smi-registry/organization/EMSC</agencyURI>
    <authorURI>smi:smi-registry/organization/EMSC</authorURI>
    <creationTime>2014-12-11T05:28:52.10088Z</creationTime>
  </creationInfo>
  <description>
    <text>CRETE, GREECE</text>
    <type>Flinn-Engdahl region</type>
  </description>
  <origin publicID="quakeml:eu.emsc/event/20041219_0000044/origin/1291741">
    <time>
      <value>2004-12-19T01:29:42.5Z</value>
    </time>
    <latitude>
      <value>35.56</value>
      <uncertainty>9999.9</uncertainty>
    </latitude>
    <longitude>
      <value>23.7</value>
      <uncertainty>9999.9</uncertainty>
    </longitude>
    <depth>
      <value>2000</value>
    </depth>
    <depthType>from location</depthType>
    <methodID>smi:eu.emsc-csem/origin_method/NA</methodID>
    <quality>
      <usedPhaseCount>4</usedPhaseCount>
      <usedStationCount>4</usedStationCount>
      <standardError>0.55</standardError>
      <azimuthalGap>212</azimuthalGap>
      <minimumDistance>0.44</minimumDistance>
      <maximumDistance>1.59</maximumDistance>
    </quality>
    <evaluationMode>manual</evaluationMode>
    <creationInfo>
      <agencyURI>smi:smi-registry/organization/EMSC</agencyURI>
      <authorURI>smi:smi-registry/organization/EMSC</authorURI>
    </creationInfo>
    <originUncertainty>
      <azimuthMaxHorizontalUncertainty>-99</azimuthMaxHorizontalUncertainty>
    </originUncertainty>
  </origin>
  <magnitude publicID="quakeml:eu.emsc/event/20041219_0000044/origin/1291741/mag/2">
    <mag>
      <value>3.2</value>
    </mag>
    <type>MD</type>
    <originID>quakeml:eu.emsc/event/20041219_0000044/origin/1291741</originID>
    <creationInfo>
      <agencyURI>smi:smi-registry/organization/EMSC</agencyURI>
      <authorURI>smi:smi-registry/organization/EMSC</authorURI>
    </creationInfo>
  </magnitude>
</event>
</eventParameters>
</q:quakeml>
