<?xml version="1.0"?>
<q:quakeml xmlns:q="http://quakeml.org/xmlns/quakeml/1.2"  xmlns="http://quakeml.org/xmlns/bed/1.2">
<eventParameters publicID="smi:eu.emsc/unid">
<event publicID="quakeml:eu.emsc/event/20040429_0000025">
  <preferredOriginID>quakeml:eu.emsc/event/20040429_0000025/origin/1321126</preferredOriginID>
  <preferredMagnitudeID>quakeml:eu.emsc/event/20040429_0000025/origin/1321126/mag/1</preferredMagnitudeID>
  <creationInfo>
    <agencyURI>smi:smi-registry/organization/EMSC</agencyURI>
    <authorURI>smi:smi-registry/organization/EMSC</authorURI>
    <creationTime>2014-12-03T15:12:47.919979Z</creationTime>
  </creationInfo>
  <description>
    <text>FRANCE</text>
    <type>Flinn-Engdahl region</type>
  </description>
  <origin publicID="quakeml:eu.emsc/event/20040429_0000025/origin/1321126">
    <time>
      <value>2004-04-29T23:45:28.5Z</value>
      <uncertainty>0.19</uncertainty>
    </time>
    <latitude>
      <value>43.1089</value>
      <uncertainty>4.2</uncertainty>
    </latitude>
    <longitude>
      <value>0.1427</value>
      <uncertainty>2.3</uncertainty>
    </longitude>
    <depth>
      <value>5000</value>
    </depth>
    <depthType>from location</depthType>
    <methodID>smi:eu.emsc-csem/origin_method/NA</methodID>
    <quality>
      <usedPhaseCount>9</usedPhaseCount>
      <usedStationCount>6</usedStationCount>
      <standardError>0.42</standardError>
      <azimuthalGap>192</azimuthalGap>
      <minimumDistance>0.16</minimumDistance>
      <maximumDistance>1.89</maximumDistance>
    </quality>
    <evaluationMode>manual</evaluationMode>
    <creationInfo>
      <agencyURI>smi:smi-registry/organization/EMSC</agencyURI>
      <authorURI>smi:smi-registry/organization/EMSC</authorURI>
    </creationInfo>
    <originUncertainty>
      <azimuthMaxHorizontalUncertainty>163</azimuthMaxHorizontalUncertainty>
    </originUncertainty>
  </origin>
  <magnitude publicID="quakeml:eu.emsc/event/20040429_0000025/origin/1321126/mag/1">
    <mag>
      <value>1.3</value>
      <uncertainty>0.7</uncertainty>
    </mag>
    <type>ML</type>
    <originID>quakeml:eu.emsc/event/20040429_0000025/origin/1321126</originID>
    <stationCount>4</stationCount>
    <creationInfo>
      <agencyURI>smi:smi-registry/organization/EMSC</agencyURI>
      <authorURI>smi:smi-registry/organization/EMSC</authorURI>
    </creationInfo>
  </magnitude>
</event>
<event publicID="quakeml:eu.emsc/event/20040429_0000030">
  <preferredOriginID>quakeml:eu.emsc/event/20040429_0000030/origin/1321169</preferredOriginID>
  <preferredMagnitudeID>quakeml:eu.emsc/event/20040429_0000030/origin/1321169/mag/2</preferredMagnitudeID>
  <creationInfo>
    <agencyURI>smi:smi-registry/organization/EMSC</agencyURI>
    <authorURI>smi:smi-registry/organization/EMSC</authorURI>
    <creationTime>2014-12-03T16:11:55.807053Z</creationTime>
  </creationInfo>
  <description>
    <text>FRANCE</text>
    <type>Flinn-Engdahl region</type>
  </description>
  <origin publicID="quakeml:eu.emsc/event/20040429_0000030/origin/1321169">
    <time>
      <value>2004-04-29T23:45:14.9Z</value>
      <uncertainty>0.15</uncertainty>
    </time>
    <latitude>
      <value>43.1103</value>
      <uncertainty>3.9</uncertainty>
    </latitude>
    <longitude>
      <value>0.1271</value>
      <uncertainty>2.2</uncertainty>
    </longitude>
    <depth>
      <value>10000</value>
    </depth>
    <depthType>from location</depthType>
    <methodID>smi:eu.emsc-csem/origin_method/NA</methodID>
    <quality>
      <usedPhaseCount>13</usedPhaseCount>
      <usedStationCount>7</usedStationCount>
      <standardError>0.38</standardError>
      <azimuthalGap>164</azimuthalGap>
      <minimumDistance>0.07</minimumDistance>
      <maximumDistance>1.55</maximumDistance>
    </quality>
    <evaluationMode>manual</evaluationMode>
    <creationInfo>
      <agencyURI>smi:smi-registry/organization/EMSC</agencyURI>
      <authorURI>smi:smi-registry/organization/EMSC</authorURI>
    </creationInfo>
    <originUncertainty>
      <azimuthMaxHorizontalUncertainty>173</azimuthMaxHorizontalUncertainty>
    </originUncertainty>
  </origin>
  <magnitude publicID="quakeml:eu.emsc/event/20040429_0000030/origin/1321169/mag/2">
    <mag>
      <value>1.7</value>
    </mag>
    <type>ML</type>
    <originID>quakeml:eu.emsc/event/20040429_0000030/origin/1321169</originID>
    <stationCount>1</stationCount>
    <creationInfo>
      <agencyURI>smi:smi-registry/organization/EMSC</agencyURI>
      <authorURI>smi:smi-registry/organization/EMSC</authorURI>
    </creationInfo>
  </magnitude>
</event>
<event publicID="quakeml:eu.emsc/event/20040429_0000022">
  <preferredOriginID>quakeml:eu.emsc/event/20040429_0000022/origin/1308844</preferredOriginID>
  <preferredMagnitudeID>quakeml:eu.emsc/event/20040429_0000022/origin/1308844/mag/2</preferredMagnitudeID>
  <creationInfo>
    <agencyURI>smi:smi-registry/organization/EMSC</agencyURI>
    <authorURI>smi:smi-registry/organization/EMSC</authorURI>
    <creationTime>2014-12-11T01:33:21.678946Z</creationTime>
  </creationInfo>
  <description>
    <text>EASTERN TURKEY</text>
    <type>Flinn-Engdahl region</type>
  </description>
  <origin publicID="quakeml:eu.emsc/event/20040429_0000022/origin/1308844">
    <time>
      <value>2004-04-29T20:56:36.7Z</value>
    </time>
    <latitude>
      <value>39.908</value>
      <uncertainty>9999.9</uncertainty>
    </latitude>
    <longitude>
      <value>40.121</value>
      <uncertainty>9999.9</uncertainty>
    </longitude>
    <depth>
      <value>11000</value>
    </depth>
    <depthType>from location</depthType>
    <methodID>smi:eu.emsc-csem/origin_method/NA</methodID>
    <quality>
      <usedPhaseCount>6</usedPhaseCount>
      <usedStationCount>4</usedStationCount>
      <standardError>1.24</standardError>
      <azimuthalGap>131</azimuthalGap>
      <minimumDistance>0.61</minimumDistance>
      <maximumDistance>1.34</maximumDistance>
    </quality>
    <evaluationMode>manual</evaluationMode>
    <creationInfo>
      <agencyURI>smi:smi-registry/organization/EMSC</agencyURI>
      <authorURI>smi:smi-registry/organization/EMSC</authorURI>
    </creationInfo>
    <originUncertainty>
      <azimuthMaxHorizontalUncertainty>-99</azimuthMaxHorizontalUncertainty>
    </originUncertainty>
  </origin>
  <magnitude publicID="quakeml:eu.emsc/event/20040429_0000022/origin/1308844/mag/2">
    <mag>
      <value>2.9</value>
    </mag>
    <type>MD</type>
    <originID>quakeml:eu.emsc/event/20040429_0000022/origin/1308844</originID>
    <creationInfo>
      <agencyURI>smi:smi-registry/organization/EMSC</agencyURI>
      <authorURI>smi:smi-registry/organization/EMSC</authorURI>
    </creationInfo>
  </magnitude>
</event>
<event publicID="quakeml:eu.emsc/event/20040429_0000027">
  <preferredOriginID>quakeml:eu.emsc/event/20040429_0000027/origin/1321173</preferredOriginID>
  <preferredMagnitudeID>quakeml:eu.emsc/event/20040429_0000027/origin/1321173/mag/1</preferredMagnitudeID>
  <creationInfo>
    <agencyURI>smi:smi-registry/organization/EMSC</agencyURI>
    <authorURI>smi:smi-registry/organization/EMSC</authorURI>
    <creationTime>2014-12-03T15:31:24.945684Z</creationTime>
  </creationInfo>
  <description>
    <text>NORTHERN ITALY</text>
    <type>Flinn-Engdahl region</type>
  </description>
  <origin publicID="quakeml:eu.emsc/event/20040429_0000027/origin/1321173">
    <time>
      <value>2004-04-29T20:47:58.1Z</value>
      <uncertainty>0.1</uncertainty>
    </time>
    <latitude>
      <value>44.2154</value>
      <uncertainty>2.3</uncertainty>
    </latitude>
    <longitude>
      <value>7.5537</value>
      <uncertainty>1.7</uncertainty>
    </longitude>
    <depth>
      <value>10000</value>
    </depth>
    <depthType>from location</depthType>
    <methodID>smi:eu.emsc-csem/origin_method/NA</methodID>
    <quality>
      <usedPhaseCount>56</usedPhaseCount>
      <usedStationCount>30</usedStationCount>
      <standardError>0.78</standardError>
      <azimuthalGap>77</azimuthalGap>
      <minimumDistance>0.1</minimumDistance>
      <maximumDistance>2.16</maximumDistance>
    </quality>
    <evaluationMode>manual</evaluationMode>
    <creationInfo>
      <agencyURI>smi:smi-registry/organization/EMSC</agencyURI>
      <authorURI>smi:smi-registry/organization/EMSC</authorURI>
    </creationInfo>
    <originUncertainty>
      <azimuthMaxHorizontalUncertainty>75</azimuthMaxHorizontalUncertainty>
    </originUncertainty>
  </origin>
  <magnitude publicID="quakeml:eu.emsc/event/20040429_0000027/origin/1321173/mag/1">
    <mag>
      <value>2.4</value>
      <uncertainty>0.4</uncertainty>
    </mag>
    <type>ML</type>
    <originID>quakeml:eu.emsc/event/20040429_0000027/origin/1321173</originID>
    <stationCount>10</stationCount>
    <creationInfo>
      <agencyURI>smi:smi-registry/organization/EMSC</agencyURI>
      <authorURI>smi:smi-registry/organization/EMSC</authorURI>
    </creationInfo>
  </magnitude>
</event>
<event publicID="quakeml:eu.emsc/event/20040429_0000021">
  <preferredOriginID>quakeml:eu.emsc/event/20040429_0000021/origin/1308846</preferredOriginID>
  <preferredMagnitudeID>quakeml:eu.emsc/event/20040429_0000021/origin/1308846/mag/2</preferredMagnitudeID>
  <creationInfo>
    <agencyURI>smi:smi-registry/organization/EMSC</agencyURI>
    <authorURI>smi:smi-registry/organization/EMSC</authorURI>
    <creationTime>2014-12-11T01:33:18.423528Z</creationTime>
  </creationInfo>
  <description>
    <text>EASTERN TURKEY</text>
    <type>Flinn-Engdahl region</type>
  </description>
  <origin publicID="quakeml:eu.emsc/event/20040429_0000021/origin/1308846">
    <time>
      <value>2004-04-29T20:23:55.2Z</value>
    </time>
    <latitude>
      <value>39.921</value>
      <uncertainty>9999.9</uncertainty>
    </latitude>
    <longitude>
      <value>40.12</value>
      <uncertainty>9999.9</uncertainty>
    </longitude>
    <depth>
      <value>3000</value>
    </depth>
    <depthType>from location</depthType>
    <methodID>smi:eu.emsc-csem/origin_method/NA</methodID>
    <quality>
      <usedPhaseCount>5</usedPhaseCount>
      <usedStationCount>4</usedStationCount>
      <standardError>1.76</standardError>
      <azimuthalGap>133</azimuthalGap>
      <minimumDistance>0.61</minimumDistance>
      <maximumDistance>1.35</maximumDistance>
    </quality>
    <evaluationMode>manual</evaluationMode>
    <creationInfo>
      <agencyURI>smi:smi-registry/organization/EMSC</agencyURI>
      <authorURI>smi:smi-registry/organization/EMSC</authorURI>
    </creationInfo>
    <originUncertainty>
      <azimuthMaxHorizontalUncertainty>-99</azimuthMaxHorizontalUncertainty>
    </originUncertainty>
  </origin>
  <magnitude publicID="quakeml:eu.emsc/event/20040429_0000021/origin/1308846/mag/2">
    <mag>
      <value>2.9</value>
    </mag>
    <type>MD</type>
    <originID>quakeml:eu.emsc/event/20040429_0000021/origin/1308846</originID>
    <creationInfo>
      <agencyURI>smi:smi-registry/organization/EMSC</agencyURI>
      <authorURI>smi:smi-registry/organization/EMSC</authorURI>
    </creationInfo>
  </magnitude>
</event>
<event publicID="quakeml:eu.emsc/event/20040429_0000020">
  <preferredOriginID>quakeml:eu.emsc/event/20040429_0000020/origin/1308848</preferredOriginID>
  <preferredMagnitudeID>quakeml:eu.emsc/event/20040429_0000020/origin/1308848/mag/2</preferredMagnitudeID>
  <creationInfo>
    <agencyURI>smi:smi-registry/organization/EMSC</agencyURI>
    <authorURI>smi:smi-registry/organization/EMSC</authorURI>
    <creationTime>2014-12-11T01:33:16.560635Z</creationTime>
  </creationInfo>
  <description>
    <text>EASTERN TURKEY</text>
    <type>Flinn-Engdahl region</type>
  </description>
  <origin publicID="quakeml:eu.emsc/event/20040429_0000020/origin/1308848">
    <time>
      <value>2004-04-29T20:13:02.4Z</value>
    </time>
    <latitude>
      <value>39.899</value>
      <uncertainty>9999.9</uncertainty>
    </latitude>
    <longitude>
      <value>40.116</value>
      <uncertainty>9999.9</uncertainty>
    </longitude>
    <depth>
      <value>5000</value>
    </depth>
    <depthType>from location</depthType>
    <methodID>smi:eu.emsc-csem/origin_method/NA</methodID>
    <quality>
      <usedPhaseCount>9</usedPhaseCount>
      <usedStationCount>8</usedStationCount>
      <standardError>1.24</standardError>
      <azimuthalGap>130</azimuthalGap>
      <minimumDistance>0.61</minimumDistance>
      <maximumDistance>2.4</maximumDistance>
    </quality>
    <evaluationMode>manual</evaluationMode>
    <creationInfo>
      <agencyURI>smi:smi-registry/organization/EMSC</agencyURI>
      <authorURI>smi:smi-registry/organization/EMSC</authorURI>
    </creationInfo>
    <originUncertainty>
      <azimuthMaxHorizontalUncertainty>-99</azimuthMaxHorizontalUncertainty>
    </originUncertainty>
  </origin>
  <magnitude publicID="quakeml:eu.emsc/event/20040429_0000020/origin/1308848/mag/2">
    <mag>
      <value>3.4</value>
    </mag>
    <type>MD</type>
    <originID>quakeml:eu.emsc/event/20040429_0000020/origin/1308848</originID>
    <creationInfo>
      <agencyURI>smi:smi-registry/organization/EMSC</agencyURI>
      <authorURI>smi:smi-registry/organization/EMSC</authorURI>
    </creationInfo>
  </magnitude>
</event>
<event publicID="quakeml:eu.emsc/event/20040429_0000019">
  <preferredOriginID>quakeml:eu.emsc/event/20040429_0000019/origin/1308850</preferredOriginID>
  <preferredMagnitudeID>quakeml:eu.emsc/event/20040429_0000019/origin/1308850/mag/2</preferredMagnitudeID>
  <creationInfo>
    <agencyURI>smi:smi-registry/organization/EMSC</agencyURI>
    <authorURI>smi:smi-registry/organization/EMSC</authorURI>
    <creationTime>2014-12-11T01:33:13.289499Z</creationTime>
  </creationInfo>
  <description>
    <text>UKRAINE-ROMANIA-MOLDOVA BDR REG</text>
    <type>Flinn-Engdahl region</type>
  </description>
  <origin publicID="quakeml:eu.emsc/event/20040429_0000019/origin/1308850">
    <time>
      <value>2004-04-29T19:55:51.3Z</value>
    </time>
    <latitude>
      <value>45.379</value>
      <uncertainty>9999.9</uncertainty>
    </latitude>
    <longitude>
      <value>28.256</value>
      <uncertainty>9999.9</uncertainty>
    </longitude>
    <depth>
      <value>20200.0</value>
    </depth>
    <depthType>from location</depthType>
    <methodID>smi:eu.emsc-csem/origin_method/NA</methodID>
    <quality>
      <usedPhaseCount>6</usedPhaseCount>
      <usedStationCount>4</usedStationCount>
      <standardError>1.99</standardError>
      <azimuthalGap>283</azimuthalGap>
      <minimumDistance>0.73</minimumDistance>
      <maximumDistance>1.81</maximumDistance>
    </quality>
    <evaluationMode>manual</evaluationMode>
    <creationInfo>
      <agencyURI>smi:smi-registry/organization/EMSC</agencyURI>
      <authorURI>smi:smi-registry/organization/EMSC</authorURI>
    </creationInfo>
    <originUncertainty>
      <azimuthMaxHorizontalUncertainty>-99</azimuthMaxHorizontalUncertainty>
    </originUncertainty>
  </origin>
  <magnitude publicID="quakeml:eu.emsc/event/20040429_0000019/origin/1308850/mag/2">
    <mag>
      <value>3.2</value>
      <uncertainty>0.2</uncertainty>
    </mag>
    <type>MD</type>
    <originID>quakeml:eu.emsc/event/20040429_0000019/origin/1308850</originID>
    <stationCount>3</stationCount>
    <creationInfo>
      <agencyURI>smi:smi-registry/organization/EMSC</agencyURI>
      <authorURI>smi:smi-registry/organization/EMSC</authorURI>
    </creationInfo>
  </magnitude>
</event>
<event publicID="quakeml:eu.emsc/event/20040429_0000032">
  <preferredOriginID>quakeml:eu.emsc/event/20040429_0000032/origin/1308852</preferredOriginID>
  <preferredMagnitudeID>quakeml:eu.emsc/event/20040429_0000032/origin/1308852/mag/2</preferredMagnitudeID>
  <creationInfo>
    <agencyURI>smi:smi-registry/organization/EMSC</agencyURI>
    <authorURI>smi:smi-registry/organization/EMSC</authorURI>
    <creationTime>2014-12-10T18:13:07.49694Z</creationTime>
  </creationInfo>
  <description>
    <text>SPAIN</text>
    <type>Flinn-Engdahl region</type>
  </description>
  <origin publicID="quakeml:eu.emsc/event/20040429_0000032/origin/1308852">
    <time>
      <value>2004-04-29T19:51:46.5Z</value>
    </time>
    <latitude>
      <value>41.3133</value>
      <uncertainty>9999.9</uncertainty>
    </latitude>
    <longitude>
      <value>0.4611</value>
      <uncertainty>9999.9</uncertainty>
    </longitude>
    <depth>
      <value>0</value>
    </depth>
    <depthType>from location</depthType>
    <methodID>smi:eu.emsc-csem/origin_method/NA</methodID>
    <quality>
      <usedPhaseCount>8</usedPhaseCount>
      <usedStationCount>4</usedStationCount>
      <standardError>0.78</standardError>
      <azimuthalGap>195</azimuthalGap>
      <minimumDistance>0.37</minimumDistance>
      <maximumDistance>1.18</maximumDistance>
    </quality>
    <evaluationMode>manual</evaluationMode>
    <creationInfo>
      <agencyURI>smi:smi-registry/organization/EMSC</agencyURI>
      <authorURI>smi:smi-registry/organization/EMSC</authorURI>
    </creationInfo>
    <originUncertainty>
      <azimuthMaxHorizontalUncertainty>-99</azimuthMaxHorizontalUncertainty>
    </originUncertainty>
  </origin>
  <magnitude publicID="quakeml:eu.emsc/event/20040429_0000032/origin/1308852/mag/2">
    <mag>
      <value>0.4</value>
    </mag>
    <type>mb</type>
    <originID>quakeml:eu.emsc/event/20040429_0000032/origin/1308852</originID>
    <stationCount>2</stationCount>
    <creationInfo>
      <agencyURI>smi:smi-registry/organization/EMSC</agencyURI>
      <authorURI>smi:smi-registry/organization/EMSC</authorURI>
    </creationInfo>
  </magnitude>
</event>
<event publicID="quakeml:eu.emsc/event/20040429_0000015">
  <preferredOriginID>quakeml:eu.emsc/event/20040429_0000015/origin/1321497</preferredOriginID>
  <preferredMagnitudeID>quakeml:eu.emsc/event/20040429_0000015/origin/1321497/mag/2</preferredMagnitudeID>
  <creationInfo>
    <agencyURI>smi:smi-registry/organization/EMSC</agencyURI>
    <authorURI>smi:smi-registry/organization/EMSC</authorURI>
    <creationTime>2014-12-03T12:13:06.582032Z</creationTime>
  </creationInfo>
  <description>
    <text>CAUCASUS REGION, RUSSIA</text>
    <type>Flinn-Engdahl region</type>
  </description>
  <origin publicID="quakeml:eu.emsc/event/20040429_0000015/origin/1321497">
    <time>
      <value>2004-04-29T19:49:28.9Z</value>
      <uncertainty>0.22</uncertainty>
    </time>
    <latitude>
      <value>42.1445</value>
      <uncertainty>7.3</uncertainty>
    </latitude>
    <longitude>
      <value>45.8853</value>
      <uncertainty>4.5</uncertainty>
    </longitude>
    <depth>
      <value>2000</value>
    </depth>
    <depthType>from location</depthType>
    <methodID>smi:eu.emsc-csem/origin_method/NA</methodID>
    <quality>
      <usedPhaseCount>39</usedPhaseCount>
      <usedStationCount>28</usedStationCount>
      <standardError>1.19</standardError>
      <azimuthalGap>64</azimuthalGap>
      <minimumDistance>0.88</minimumDistance>
      <maximumDistance>33.23</maximumDistance>
    </quality>
    <evaluationMode>manual</evaluationMode>
    <creationInfo>
      <agencyURI>smi:smi-registry/organization/EMSC</agencyURI>
      <authorURI>smi:smi-registry/organization/EMSC</authorURI>
    </creationInfo>
    <originUncertainty>
      <azimuthMaxHorizontalUncertainty>128</azimuthMaxHorizontalUncertainty>
    </originUncertainty>
  </origin>
  <magnitude publicID="quakeml:eu.emsc/event/20040429_0000015/origin/1321497/mag/2">
    <mag>
      <value>3.3</value>
    </mag>
    <type>ML</type>
    <originID>quakeml:eu.emsc/event/20040429_0000015/origin/1321497</originID>
    <creationInfo>
      <agencyURI>smi:smi-registry/organization/EMSC</agencyURI>
      <authorURI>smi:smi-registry/organization/EMSC</authorURI>
    </creationInfo>
  </magnitude>
</event>
<event publicID="quakeml:eu.emsc/event/20040429_0000018">
  <preferredOriginID>quakeml:eu.emsc/event/20040429_0000018/origin/1308854</preferredOriginID>
  <preferredMagnitudeID>quakeml:eu.emsc/event/20040429_0000018/origin/1308854/mag/2</preferredMagnitudeID>
  <creationInfo>
    <agencyURI>smi:smi-registry/organization/EMSC</agencyURI>
    <authorURI>smi:smi-registry/organization/EMSC</authorURI>
    <creationTime>2014-12-11T01:33:07.673373Z</creationTime>
  </creationInfo>
  <description>
    <text>EASTERN TURKEY</text>
    <type>Flinn-Engdahl region</type>
  </description>
  <origin publicID="quakeml:eu.emsc/event/20040429_0000018/origin/1308854">
    <time>
      <value>2004-04-29T19:44:41.4Z</value>
    </time>
    <latitude>
      <value>39.946</value>
      <uncertainty>9999.9</uncertainty>
    </latitude>
    <longitude>
      <value>40.126</value>
      <uncertainty>9999.9</uncertainty>
    </longitude>
    <depth>
      <value>20000</value>
    </depth>
    <depthType>from location</depthType>
    <methodID>smi:eu.emsc-csem/origin_method/NA</methodID>
    <quality>
      <usedPhaseCount>5</usedPhaseCount>
      <usedStationCount>4</usedStationCount>
      <standardError>1.6</standardError>
      <azimuthalGap>136</azimuthalGap>
      <minimumDistance>0.63</minimumDistance>
      <maximumDistance>1.36</maximumDistance>
    </quality>
    <evaluationMode>manual</evaluationMode>
    <creationInfo>
      <agencyURI>smi:smi-registry/organization/EMSC</agencyURI>
      <authorURI>smi:smi-registry/organization/EMSC</authorURI>
    </creationInfo>
    <originUncertainty>
      <azimuthMaxHorizontalUncertainty>-99</azimuthMaxHorizontalUncertainty>
    </originUncertainty>
  </origin>
  <magnitude publicID="quakeml:eu.emsc/event/20040429_0000018/origin/1308854/mag/2">
    <mag>
      <value>2.9</value>
    </mag>
    <type>MD</type>
    <originID>quakeml:eu.emsc/event/20040429_0000018/origin/1308854</originID>
    <creationInfo>
      <agencyURI>smi:smi-registry/organization/EMSC</agencyURI>
      <authorURI>smi:smi-registry/organization/EMSC</authorURI>
    </creationInfo>
  </magnitude>
</event>
<event publicID="quakeml:eu.emsc/event/20040429_0000017">
  <preferredOriginID>quakeml:eu.emsc/event/20040429_0000017/origin/1308856</preferredOriginID>
  <preferredMagnitudeID>quakeml:eu.emsc/event/20040429_0000017/origin/1308856/mag/2</preferredMagnitudeID>
  <creationInfo>
    <agencyURI>smi:smi-registry/organization/EMSC</agencyURI>
    <authorURI>smi:smi-registry/organization/EMSC</authorURI>
    <creationTime>2014-12-11T01:33:04.878881Z</creationTime>
  </creationInfo>
  <description>
    <text>EASTERN TURKEY</text>
    <type>Flinn-Engdahl region</type>
  </description>
  <origin publicID="quakeml:eu.emsc/event/20040429_0000017/origin/1308856">
    <time>
      <value>2004-04-29T19:41:06.2Z</value>
    </time>
    <latitude>
      <value>39.904</value>
      <uncertainty>9999.9</uncertainty>
    </latitude>
    <longitude>
      <value>40.12</value>
      <uncertainty>9999.9</uncertainty>
    </longitude>
    <depth>
      <value>9000</value>
    </depth>
    <depthType>from location</depthType>
    <methodID>smi:eu.emsc-csem/origin_method/NA</methodID>
    <quality>
      <usedPhaseCount>7</usedPhaseCount>
      <usedStationCount>6</usedStationCount>
      <standardError>1.21</standardError>
      <azimuthalGap>131</azimuthalGap>
      <minimumDistance>0.61</minimumDistance>
      <maximumDistance>2.05</maximumDistance>
    </quality>
    <evaluationMode>manual</evaluationMode>
    <creationInfo>
      <agencyURI>smi:smi-registry/organization/EMSC</agencyURI>
      <authorURI>smi:smi-registry/organization/EMSC</authorURI>
    </creationInfo>
    <originUncertainty>
      <azimuthMaxHorizontalUncertainty>-99</azimuthMaxHorizontalUncertainty>
    </originUncertainty>
  </origin>
  <magnitude publicID="quakeml:eu.emsc/event/20040429_0000017/origin/1308856/mag/2">
    <mag>
      <value>3.2</value>
    </mag>
    <type>MD</type>
    <originID>quakeml:eu.emsc/event/20040429_0000017/origin/1308856</originID>
    <creationInfo>
      <agencyURI>smi:smi-registry/organization/EMSC</agencyURI>
      <authorURI>smi:smi-registry/organization/EMSC</authorURI>
    </creationInfo>
  </magnitude>
</event>
<event publicID="quakeml:eu.emsc/event/20040429_0000016">
  <preferredOriginID>quakeml:eu.emsc/event/20040429_0000016/origin/1308858</preferredOriginID>
  <preferredMagnitudeID>quakeml:eu.emsc/event/20040429_0000016/origin/1308858/mag/2</preferredMagnitudeID>
  <creationInfo>
    <agencyURI>smi:smi-registry/organization/EMSC</agencyURI>
    <authorURI>smi:smi-registry/organization/EMSC</authorURI>
    <creationTime>2014-12-11T01:33:00.329044Z</creationTime>
  </creationInfo>
  <description>
    <text>EASTERN TURKEY</text>
    <type>Flinn-Engdahl region</type>
  </description>
  <origin publicID="quakeml:eu.emsc/event/20040429_0000016/origin/1308858">
    <time>
      <value>2004-04-29T19:32:35.3Z</value>
    </time>
    <latitude>
      <value>39.914</value>
      <uncertainty>9999.9</uncertainty>
    </latitude>
    <longitude>
      <value>40.143</value>
      <uncertainty>9999.9</uncertainty>
    </longitude>
    <depth>
      <value>5000</value>
    </depth>
    <depthType>from location</depthType>
    <methodID>smi:eu.emsc-csem/origin_method/NA</methodID>
    <quality>
      <usedPhaseCount>5</usedPhaseCount>
      <usedStationCount>4</usedStationCount>
      <standardError>1.2</standardError>
      <azimuthalGap>133</azimuthalGap>
      <minimumDistance>0.63</minimumDistance>
      <maximumDistance>1.33</maximumDistance>
    </quality>
    <evaluationMode>manual</evaluationMode>
    <creationInfo>
      <agencyURI>smi:smi-registry/organization/EMSC</agencyURI>
      <authorURI>smi:smi-registry/organization/EMSC</authorURI>
    </creationInfo>
    <originUncertainty>
      <azimuthMaxHorizontalUncertainty>-99</azimuthMaxHorizontalUncertainty>
    </originUncertainty>
  </origin>
  <magnitude publicID="quakeml:eu.emsc/event/20040429_0000016/origin/1308858/mag/2">
    <mag>
      <value>2.9</value>
    </mag>
    <type>MD</type>
    <originID>quakeml:eu.emsc/event/20040429_0000016/origin/1308858</originID>
    <creationInfo>
      <agencyURI>smi:smi-registry/organization/EMSC</agencyURI>
      <authorURI>smi:smi-registry/organization/EMSC</authorURI>
    </creationInfo>
  </magnitude>
</event>
<event publicID="quakeml:eu.emsc/event/20040429_0000028">
  <preferredOriginID>quakeml:eu.emsc/event/20040429_0000028/origin/1321180</preferredOriginID>
  <preferredMagnitudeID>quakeml:eu.emsc/event/20040429_0000028/origin/1321180/mag/1</preferredMagnitudeID>
  <creationInfo>
    <agencyURI>smi:smi-registry/organization/EMSC</agencyURI>
    <authorURI>smi:smi-registry/organization/EMSC</authorURI>
    <creationTime>2014-12-03T15:45:13.108044Z</creationTime>
  </creationInfo>
  <description>
    <text>PYRENEES</text>
    <type>Flinn-Engdahl region</type>
  </description>
  <origin publicID="quakeml:eu.emsc/event/20040429_0000028/origin/1321180">
    <time>
      <value>2004-04-29T19:19:52.4Z</value>
      <uncertainty>0.17</uncertainty>
    </time>
    <latitude>
      <value>43.0491</value>
      <uncertainty>4.8</uncertainty>
    </latitude>
    <longitude>
      <value>-1.5745</value>
      <uncertainty>2.6</uncertainty>
    </longitude>
    <depth>
      <value>12000</value>
    </depth>
    <depthType>from location</depthType>
    <methodID>smi:eu.emsc-csem/origin_method/NA</methodID>
    <quality>
      <usedPhaseCount>11</usedPhaseCount>
      <usedStationCount>6</usedStationCount>
      <standardError>0.41</standardError>
      <azimuthalGap>130</azimuthalGap>
      <minimumDistance>0.18</minimumDistance>
      <maximumDistance>1.56</maximumDistance>
    </quality>
    <evaluationMode>manual</evaluationMode>
    <creationInfo>
      <agencyURI>smi:smi-registry/organization/EMSC</agencyURI>
      <authorURI>smi:smi-registry/organization/EMSC</authorURI>
    </creationInfo>
    <originUncertainty>
      <azimuthMaxHorizontalUncertainty>11</azimuthMaxHorizontalUncertainty>
    </originUncertainty>
  </origin>
  <magnitude publicID="quakeml:eu.emsc/event/20040429_0000028/origin/1321180/mag/1">
    <mag>
      <value>1.9</value>
      <uncertainty>0.5</uncertainty>
    </mag>
    <type>ML</type>
    <originID>quakeml:eu.emsc/event/20040429_0000028/origin/1321180</originID>
    <stationCount>5</stationCount>
    <creationInfo>
      <agencyURI>smi:smi-registry/organization/EMSC</agencyURI>
      <authorURI>smi:smi-registry/organization/EMSC</authorURI>
    </creationInfo>
  </magnitude>
</event>
<event publicID="quakeml:eu.emsc/event/20040429_0000034">
  <preferredOriginID>quakeml:eu.emsc/event/20040429_0000034/origin/1321183</preferredOriginID>
  <preferredMagnitudeID>quakeml:eu.emsc/event/20040429_0000034/origin/1321183/mag/1</preferredMagnitudeID>
  <creationInfo>
    <agencyURI>smi:smi-registry/organization/EMSC</agencyURI>
    <authorURI>smi:smi-registry/organization/EMSC</authorURI>
    <creationTime>2014-12-03T17:05:01.433991Z</creationTime>
  </creationInfo>
  <description>
    <text>FRANCE</text>
    <type>Flinn-Engdahl region</type>
  </description>
  <origin publicID="quakeml:eu.emsc/event/20040429_0000034/origin/1321183">
    <time>
      <value>2004-04-29T19:12:19.1Z</value>
      <uncertainty>0.08</uncertainty>
    </time>
    <latitude>
      <value>44.4486</value>
      <uncertainty>1.7</uncertainty>
    </latitude>
    <longitude>
      <value>6.744</value>
      <uncertainty>1</uncertainty>
    </longitude>
    <depth>
      <value>5000</value>
    </depth>
    <depthType>from location</depthType>
    <methodID>smi:eu.emsc-csem/origin_method/NA</methodID>
    <quality>
      <usedPhaseCount>34</usedPhaseCount>
      <usedStationCount>19</usedStationCount>
      <standardError>0.36</standardError>
      <azimuthalGap>66</azimuthalGap>
      <minimumDistance>0.26</minimumDistance>
      <maximumDistance>1.13</maximumDistance>
    </quality>
    <evaluationMode>manual</evaluationMode>
    <creationInfo>
      <agencyURI>smi:smi-registry/organization/EMSC</agencyURI>
      <authorURI>smi:smi-registry/organization/EMSC</authorURI>
    </creationInfo>
    <originUncertainty>
      <azimuthMaxHorizontalUncertainty>74</azimuthMaxHorizontalUncertainty>
    </originUncertainty>
  </origin>
  <magnitude publicID="quakeml:eu.emsc/event/20040429_0000034/origin/1321183/mag/1">
    <mag>
      <value>1.5</value>
      <uncertainty>0.4</uncertainty>
    </mag>
    <type>ML</type>
    <originID>quakeml:eu.emsc/event/20040429_0000034/origin/1321183</originID>
    <stationCount>8</stationCount>
    <creationInfo>
      <agencyURI>smi:smi-registry/organization/EMSC</agencyURI>
      <authorURI>smi:smi-registry/organization/EMSC</authorURI>
    </creationInfo>
  </magnitude>
</event>
<event publicID="quakeml:eu.emsc/event/20040429_0000013">
  <preferredOriginID>quakeml:eu.emsc/event/20040429_0000013/origin/1321500</preferredOriginID>
  <preferredMagnitudeID>quakeml:eu.emsc/event/20040429_0000013/origin/1321500/mag/2</preferredMagnitudeID>
  <creationInfo>
    <agencyURI>smi:smi-registry/organization/EMSC</agencyURI>
    <authorURI>smi:smi-registry/organization/EMSC</authorURI>
    <creationTime>2014-12-03T11:07:58.963811Z</creationTime>
  </creationInfo>
  <description>
    <text>DODECANESE ISLANDS, GREECE</text>
    <type>Flinn-Engdahl region</type>
  </description>
  <origin publicID="quakeml:eu.emsc/event/20040429_0000013/origin/1321500">
    <time>
      <value>2004-04-29T18:27:45.1Z</value>
      <uncertainty>0.61</uncertainty>
    </time>
    <latitude>
      <value>35.0754</value>
      <uncertainty>15.5</uncertainty>
    </latitude>
    <longitude>
      <value>27.4275</value>
      <uncertainty>7.1</uncertainty>
    </longitude>
    <depth>
      <value>2000</value>
    </depth>
    <depthType>from location</depthType>
    <methodID>smi:eu.emsc-csem/origin_method/NA</methodID>
    <quality>
      <usedPhaseCount>21</usedPhaseCount>
      <usedStationCount>18</usedStationCount>
      <standardError>1.12</standardError>
      <azimuthalGap>212</azimuthalGap>
      <minimumDistance>0.52</minimumDistance>
      <maximumDistance>7.44</maximumDistance>
    </quality>
    <evaluationMode>manual</evaluationMode>
    <creationInfo>
      <agencyURI>smi:smi-registry/organization/EMSC</agencyURI>
      <authorURI>smi:smi-registry/organization/EMSC</authorURI>
    </creationInfo>
    <originUncertainty>
      <azimuthMaxHorizontalUncertainty>155</azimuthMaxHorizontalUncertainty>
    </originUncertainty>
  </origin>
  <magnitude publicID="quakeml:eu.emsc/event/20040429_0000013/origin/1321500/mag/2">
    <mag>
      <value>3.7</value>
    </mag>
    <type>MD</type>
    <originID>quakeml:eu.emsc/event/20040429_0000013/origin/1321500</originID>
    <creationInfo>
      <agencyURI>smi:smi-registry/organization/EMSC</agencyURI>
      <authorURI>smi:smi-registry/organization/EMSC</authorURI>
    </creationInfo>
  </magnitude>
</event>
<event publicID="quakeml:eu.emsc/event/20040429_0000035">
  <preferredOriginID>quakeml:eu.emsc/event/20040429_0000035/origin/1308860</preferredOriginID>
  <preferredMagnitudeID>quakeml:eu.emsc/event/20040429_0000035/origin/1308860/mag/2</preferredMagnitudeID>
  <creationInfo>
    <agencyURI>smi:smi-registry/organization/EMSC</agencyURI>
    <authorURI>smi:smi-registry/organization/EMSC</authorURI>
    <creationTime>2014-12-10T18:13:06.538787Z</creationTime>
  </creationInfo>
  <description>
    <text>FRANCE</text>
    <type>Flinn-Engdahl region</type>
  </description>
  <origin publicID="quakeml:eu.emsc/event/20040429_0000035/origin/1308860">
    <time>
      <value>2004-04-29T18:21:33.8Z</value>
    </time>
    <latitude>
      <value>47.7815</value>
      <uncertainty>9999.9</uncertainty>
    </latitude>
    <longitude>
      <value>5.5502</value>
      <uncertainty>9999.9</uncertainty>
    </longitude>
    <depth>
      <value>5000</value>
    </depth>
    <depthType>from location</depthType>
    <methodID>smi:eu.emsc-csem/origin_method/NA</methodID>
    <quality>
      <usedPhaseCount>28</usedPhaseCount>
      <usedStationCount>14</usedStationCount>
      <standardError>1.61</standardError>
      <azimuthalGap>75</azimuthalGap>
      <minimumDistance>0.55</minimumDistance>
      <maximumDistance>2.99</maximumDistance>
    </quality>
    <evaluationMode>manual</evaluationMode>
    <creationInfo>
      <agencyURI>smi:smi-registry/organization/EMSC</agencyURI>
      <authorURI>smi:smi-registry/organization/EMSC</authorURI>
    </creationInfo>
    <originUncertainty>
      <azimuthMaxHorizontalUncertainty>-99</azimuthMaxHorizontalUncertainty>
    </originUncertainty>
  </origin>
  <magnitude publicID="quakeml:eu.emsc/event/20040429_0000035/origin/1308860/mag/2">
    <mag>
      <value>2.1</value>
      <uncertainty>0.3</uncertainty>
    </mag>
    <type>ML</type>
    <originID>quakeml:eu.emsc/event/20040429_0000035/origin/1308860</originID>
    <stationCount>10</stationCount>
    <creationInfo>
      <agencyURI>smi:smi-registry/organization/EMSC</agencyURI>
      <authorURI>smi:smi-registry/organization/EMSC</authorURI>
    </creationInfo>
  </magnitude>
</event>
<event publicID="quakeml:eu.emsc/event/20040429_0000029">
  <preferredOriginID>quakeml:eu.emsc/event/20040429_0000029/origin/1973943</preferredOriginID>
  <preferredMagnitudeID>quakeml:eu.emsc/event/20040429_0000029/origin/1973943/mag/2</preferredMagnitudeID>
  <creationInfo>
    <agencyURI>smi:smi-registry/organization/EMSC</agencyURI>
    <authorURI>smi:smi-registry/organization/EMSC</authorURI>
    <creationTime>2014-12-11T09:36:16.341767Z</creationTime>
  </creationInfo>
  <description>
    <text>AZORES ISLANDS, PORTUGAL</text>
    <type>Flinn-Engdahl region</type>
  </description>
  <origin publicID="quakeml:eu.emsc/event/20040429_0000029/origin/1973943">
    <time>
      <value>2004-04-29T17:52:33.2Z</value>
    </time>
    <latitude>
      <value>37.933</value>
      <uncertainty>9999.9</uncertainty>
    </latitude>
    <longitude>
      <value>-25.992</value>
      <uncertainty>9999.9</uncertainty>
    </longitude>
    <depth>
      <value>5900.0</value>
    </depth>
    <depthType>from location</depthType>
    <methodID>smi:eu.emsc-csem/origin_method/NA</methodID>
    <quality>
      <usedPhaseCount>45</usedPhaseCount>
      <usedStationCount>31</usedStationCount>
      <standardError>4.21</standardError>
      <azimuthalGap>150</azimuthalGap>
      <minimumDistance>0.16</minimumDistance>
      <maximumDistance>1.79</maximumDistance>
    </quality>
    <evaluationMode>manual</evaluationMode>
    <creationInfo>
      <agencyURI>smi:smi-registry/organization/EMSC</agencyURI>
      <authorURI>smi:smi-registry/organization/EMSC</authorURI>
    </creationInfo>
    <originUncertainty>
      <azimuthMaxHorizontalUncertainty>-99</azimuthMaxHorizontalUncertainty>
    </originUncertainty>
  </origin>
  <magnitude publicID="quakeml:eu.emsc/event/20040429_0000029/origin/1973943/mag/2">
    <mag>
      <value>3.4</value>
    </mag>
    <type>ML</type>
    <originID>quakeml:eu.emsc/event/20040429_0000029/origin/1973943</originID>
    <creationInfo>
      <agencyURI>smi:smi-registry/organization/EMSC</agencyURI>
      <authorURI>smi:smi-registry/organization/EMSC</authorURI>
    </creationInfo>
  </magnitude>
</event>
<event publicID="quakeml:eu.emsc/event/20040429_0000014">
  <preferredOriginID>quakeml:eu.emsc/event/20040429_0000014/origin/1308862</preferredOriginID>
  <preferredMagnitudeID>quakeml:eu.emsc/event/20040429_0000014/origin/1308862/mag/2</preferredMagnitudeID>
  <creationInfo>
    <agencyURI>smi:smi-registry/organization/EMSC</agencyURI>
    <authorURI>smi:smi-registry/organization/EMSC</authorURI>
    <creationTime>2014-12-11T01:32:51.127464Z</creationTime>
  </creationInfo>
  <description>
    <text>UKRAINE-ROMANIA-MOLDOVA BDR REG</text>
    <type>Flinn-Engdahl region</type>
  </description>
  <origin publicID="quakeml:eu.emsc/event/20040429_0000014/origin/1308862">
    <time>
      <value>2004-04-29T17:33:59.6Z</value>
    </time>
    <latitude>
      <value>45.351</value>
      <uncertainty>9999.9</uncertainty>
    </latitude>
    <longitude>
      <value>28.23</value>
      <uncertainty>9999.9</uncertainty>
    </longitude>
    <depth>
      <value>22800.0</value>
    </depth>
    <depthType>from location</depthType>
    <methodID>smi:eu.emsc-csem/origin_method/NA</methodID>
    <quality>
      <usedPhaseCount>9</usedPhaseCount>
      <usedStationCount>5</usedStationCount>
      <standardError>1.72</standardError>
      <azimuthalGap>261</azimuthalGap>
      <minimumDistance>0.69</minimumDistance>
      <maximumDistance>1.78</maximumDistance>
    </quality>
    <evaluationMode>manual</evaluationMode>
    <creationInfo>
      <agencyURI>smi:smi-registry/organization/EMSC</agencyURI>
      <authorURI>smi:smi-registry/organization/EMSC</authorURI>
    </creationInfo>
    <originUncertainty>
      <azimuthMaxHorizontalUncertainty>-99</azimuthMaxHorizontalUncertainty>
    </originUncertainty>
  </origin>
  <magnitude publicID="quakeml:eu.emsc/event/20040429_0000014/origin/1308862/mag/2">
    <mag>
      <value>3.3</value>
    </mag>
    <type>MD</type>
    <originID>quakeml:eu.emsc/event/20040429_0000014/origin/1308862</originID>
    <stationCount>2</stationCount>
    <creationInfo>
      <agencyURI>smi:smi-registry/organization/EMSC</agencyURI>
      <authorURI>smi:smi-registry/organization/EMSC</authorURI>
    </creationInfo>
  </magnitude>
</event>
<event publicID="quakeml:eu.emsc/event/20040429_0000031">
  <preferredOriginID>quakeml:eu.emsc/event/20040429_0000031/origin/1321186</preferredOriginID>
  <preferredMagnitudeID>quakeml:eu.emsc/event/20040429_0000031/origin/1321186/mag/1</preferredMagnitudeID>
  <creationInfo>
    <agencyURI>smi:smi-registry/organization/EMSC</agencyURI>
    <authorURI>smi:smi-registry/organization/EMSC</authorURI>
    <creationTime>2014-12-03T16:19:22.337069Z</creationTime>
  </creationInfo>
  <description>
    <text>SWITZERLAND</text>
    <type>Flinn-Engdahl region</type>
  </description>
  <origin publicID="quakeml:eu.emsc/event/20040429_0000031/origin/1321186">
    <time>
      <value>2004-04-29T16:14:51.6Z</value>
      <uncertainty>0.09</uncertainty>
    </time>
    <latitude>
      <value>46.2817</value>
      <uncertainty>2</uncertainty>
    </latitude>
    <longitude>
      <value>7.1785</value>
      <uncertainty>1.5</uncertainty>
    </longitude>
    <depth>
      <value>10000</value>
    </depth>
    <depthType>from location</depthType>
    <methodID>smi:eu.emsc-csem/origin_method/NA</methodID>
    <quality>
      <usedPhaseCount>33</usedPhaseCount>
      <usedStationCount>19</usedStationCount>
      <standardError>0.6</standardError>
      <azimuthalGap>70</azimuthalGap>
      <minimumDistance>0.06</minimumDistance>
      <maximumDistance>2.69</maximumDistance>
    </quality>
    <evaluationMode>manual</evaluationMode>
    <creationInfo>
      <agencyURI>smi:smi-registry/organization/EMSC</agencyURI>
      <authorURI>smi:smi-registry/organization/EMSC</authorURI>
    </creationInfo>
    <originUncertainty>
      <azimuthMaxHorizontalUncertainty>114</azimuthMaxHorizontalUncertainty>
    </originUncertainty>
  </origin>
  <magnitude publicID="quakeml:eu.emsc/event/20040429_0000031/origin/1321186/mag/1">
    <mag>
      <value>1.6</value>
      <uncertainty>0.6</uncertainty>
    </mag>
    <type>ML</type>
    <originID>quakeml:eu.emsc/event/20040429_0000031/origin/1321186</originID>
    <stationCount>14</stationCount>
    <creationInfo>
      <agencyURI>smi:smi-registry/organization/EMSC</agencyURI>
      <authorURI>smi:smi-registry/organization/EMSC</authorURI>
    </creationInfo>
  </magnitude>
</event>
<event publicID="quakeml:eu.emsc/event/20040429_0000008">
  <preferredOriginID>quakeml:eu.emsc/event/20040429_0000008/origin/1321503</preferredOriginID>
  <preferredMagnitudeID>quakeml:eu.emsc/event/20040429_0000008/origin/1321503/mag/2</preferredMagnitudeID>
  <creationInfo>
    <agencyURI>smi:smi-registry/organization/EMSC</agencyURI>
    <authorURI>smi:smi-registry/organization/EMSC</authorURI>
    <creationTime>2014-12-03T10:30:17.700959Z</creationTime>
  </creationInfo>
  <description>
    <text>GREECE</text>
    <type>Flinn-Engdahl region</type>
  </description>
  <origin publicID="quakeml:eu.emsc/event/20040429_0000008/origin/1321503">
    <time>
      <value>2004-04-29T15:31:31.0Z</value>
      <uncertainty>0.14</uncertainty>
    </time>
    <latitude>
      <value>40.0758</value>
      <uncertainty>3.4</uncertainty>
    </latitude>
    <longitude>
      <value>21.6172</value>
      <uncertainty>2.4</uncertainty>
    </longitude>
    <depth>
      <value>5000</value>
    </depth>
    <depthType>from location</depthType>
    <methodID>smi:eu.emsc-csem/origin_method/NA</methodID>
    <quality>
      <usedPhaseCount>31</usedPhaseCount>
      <usedStationCount>16</usedStationCount>
      <standardError>0.9</standardError>
      <azimuthalGap>89</azimuthalGap>
      <minimumDistance>0.26</minimumDistance>
      <maximumDistance>1.97</maximumDistance>
    </quality>
    <evaluationMode>manual</evaluationMode>
    <creationInfo>
      <agencyURI>smi:smi-registry/organization/EMSC</agencyURI>
      <authorURI>smi:smi-registry/organization/EMSC</authorURI>
    </creationInfo>
    <originUncertainty>
      <azimuthMaxHorizontalUncertainty>137</azimuthMaxHorizontalUncertainty>
    </originUncertainty>
  </origin>
  <magnitude publicID="quakeml:eu.emsc/event/20040429_0000008/origin/1321503/mag/2">
    <mag>
      <value>3.1</value>
    </mag>
    <type>MD</type>
    <originID>quakeml:eu.emsc/event/20040429_0000008/origin/1321503</originID>
    <creationInfo>
      <agencyURI>smi:smi-registry/organization/EMSC</agencyURI>
      <authorURI>smi:smi-registry/organization/EMSC</authorURI>
    </creationInfo>
  </magnitude>
</event>
<event publicID="quakeml:eu.emsc/event/20040429_0000012">
  <preferredOriginID>quakeml:eu.emsc/event/20040429_0000012/origin/1308864</preferredOriginID>
  <preferredMagnitudeID>quakeml:eu.emsc/event/20040429_0000012/origin/1308864/mag/2</preferredMagnitudeID>
  <creationInfo>
    <agencyURI>smi:smi-registry/organization/EMSC</agencyURI>
    <authorURI>smi:smi-registry/organization/EMSC</authorURI>
    <creationTime>2014-12-11T01:32:42.850642Z</creationTime>
  </creationInfo>
  <description>
    <text>CRETE, GREECE</text>
    <type>Flinn-Engdahl region</type>
  </description>
  <origin publicID="quakeml:eu.emsc/event/20040429_0000012/origin/1308864">
    <time>
      <value>2004-04-29T14:43:27.8Z</value>
    </time>
    <latitude>
      <value>34.15</value>
      <uncertainty>9999.9</uncertainty>
    </latitude>
    <longitude>
      <value>26.11</value>
      <uncertainty>9999.9</uncertainty>
    </longitude>
    <depth>
      <value>20000</value>
    </depth>
    <depthType>from location</depthType>
    <methodID>smi:eu.emsc-csem/origin_method/NA</methodID>
    <quality>
      <usedPhaseCount>5</usedPhaseCount>
      <usedStationCount>4</usedStationCount>
      <standardError>1.77</standardError>
      <azimuthalGap>277</azimuthalGap>
      <minimumDistance>0.8</minimumDistance>
      <maximumDistance>2.01</maximumDistance>
    </quality>
    <evaluationMode>manual</evaluationMode>
    <creationInfo>
      <agencyURI>smi:smi-registry/organization/EMSC</agencyURI>
      <authorURI>smi:smi-registry/organization/EMSC</authorURI>
    </creationInfo>
    <originUncertainty>
      <azimuthMaxHorizontalUncertainty>-99</azimuthMaxHorizontalUncertainty>
    </originUncertainty>
  </origin>
  <magnitude publicID="quakeml:eu.emsc/event/20040429_0000012/origin/1308864/mag/2">
    <mag>
      <value>3.6</value>
    </mag>
    <type>MD</type>
    <originID>quakeml:eu.emsc/event/20040429_0000012/origin/1308864</originID>
    <creationInfo>
      <agencyURI>smi:smi-registry/organization/EMSC</agencyURI>
      <authorURI>smi:smi-registry/organization/EMSC</authorURI>
    </creationInfo>
  </magnitude>
</event>
<event publicID="quakeml:eu.emsc/event/20040429_0000010">
  <preferredOriginID>quakeml:eu.emsc/event/20040429_0000010/origin/1308866</preferredOriginID>
  <preferredMagnitudeID>quakeml:eu.emsc/event/20040429_0000010/origin/1308866/mag/2</preferredMagnitudeID>
  <creationInfo>
    <agencyURI>smi:smi-registry/organization/EMSC</agencyURI>
    <authorURI>smi:smi-registry/organization/EMSC</authorURI>
    <creationTime>2014-12-11T01:32:35.98113Z</creationTime>
  </creationInfo>
  <description>
    <text>NEAR THE COAST OF YEMEN</text>
    <type>Flinn-Engdahl region</type>
  </description>
  <origin publicID="quakeml:eu.emsc/event/20040429_0000010/origin/1308866">
    <time>
      <value>2004-04-29T11:53:16.6Z</value>
    </time>
    <latitude>
      <value>12.449</value>
      <uncertainty>9999.9</uncertainty>
    </latitude>
    <longitude>
      <value>44.847</value>
      <uncertainty>9999.9</uncertainty>
    </longitude>
    <depth>
      <value>12000</value>
    </depth>
    <depthType>from location</depthType>
    <methodID>smi:eu.emsc-csem/origin_method/NA</methodID>
    <quality>
      <usedPhaseCount>7</usedPhaseCount>
      <usedStationCount>4</usedStationCount>
      <standardError>5.54</standardError>
      <azimuthalGap>294</azimuthalGap>
      <minimumDistance>0.35</minimumDistance>
      <maximumDistance>1.72</maximumDistance>
    </quality>
    <evaluationMode>manual</evaluationMode>
    <creationInfo>
      <agencyURI>smi:smi-registry/organization/EMSC</agencyURI>
      <authorURI>smi:smi-registry/organization/EMSC</authorURI>
    </creationInfo>
    <originUncertainty>
      <azimuthMaxHorizontalUncertainty>-99</azimuthMaxHorizontalUncertainty>
    </originUncertainty>
  </origin>
  <magnitude publicID="quakeml:eu.emsc/event/20040429_0000010/origin/1308866/mag/2">
    <mag>
      <value>3.3</value>
    </mag>
    <type>ML</type>
    <originID>quakeml:eu.emsc/event/20040429_0000010/origin/1308866</originID>
    <creationInfo>
      <agencyURI>smi:smi-registry/organization/EMSC</agencyURI>
      <authorURI>smi:smi-registry/organization/EMSC</authorURI>
    </creationInfo>
  </magnitude>
</event>
<event publicID="quakeml:eu.emsc/event/20040429_0000007">
  <preferredOriginID>quakeml:eu.emsc/event/20040429_0000007/origin/1308868</preferredOriginID>
  <preferredMagnitudeID>quakeml:eu.emsc/event/20040429_0000007/origin/1308868/mag/2</preferredMagnitudeID>
  <creationInfo>
    <agencyURI>smi:smi-registry/organization/EMSC</agencyURI>
    <authorURI>smi:smi-registry/organization/EMSC</authorURI>
    <creationTime>2014-12-11T01:32:26.678183Z</creationTime>
  </creationInfo>
  <description>
    <text>WESTERN TURKEY</text>
    <type>Flinn-Engdahl region</type>
  </description>
  <origin publicID="quakeml:eu.emsc/event/20040429_0000007/origin/1308868">
    <time>
      <value>2004-04-29T03:57:07.7Z</value>
    </time>
    <latitude>
      <value>38.631</value>
      <uncertainty>9999.9</uncertainty>
    </latitude>
    <longitude>
      <value>31.317</value>
      <uncertainty>9999.9</uncertainty>
    </longitude>
    <depth>
      <value>5000</value>
    </depth>
    <depthType>from location</depthType>
    <methodID>smi:eu.emsc-csem/origin_method/NA</methodID>
    <quality>
      <usedPhaseCount>8</usedPhaseCount>
      <usedStationCount>7</usedStationCount>
      <standardError>0.85</standardError>
      <azimuthalGap>88</azimuthalGap>
      <minimumDistance>0.51</minimumDistance>
      <maximumDistance>2.01</maximumDistance>
    </quality>
    <evaluationMode>manual</evaluationMode>
    <creationInfo>
      <agencyURI>smi:smi-registry/organization/EMSC</agencyURI>
      <authorURI>smi:smi-registry/organization/EMSC</authorURI>
    </creationInfo>
    <originUncertainty>
      <azimuthMaxHorizontalUncertainty>-99</azimuthMaxHorizontalUncertainty>
    </originUncertainty>
  </origin>
  <magnitude publicID="quakeml:eu.emsc/event/20040429_0000007/origin/1308868/mag/2">
    <mag>
      <value>2.9</value>
    </mag>
    <type>MD</type>
    <originID>quakeml:eu.emsc/event/20040429_0000007/origin/1308868</originID>
    <creationInfo>
      <agencyURI>smi:smi-registry/organization/EMSC</agencyURI>
      <authorURI>smi:smi-registry/organization/EMSC</authorURI>
    </creationInfo>
  </magnitude>
</event>
<event publicID="quakeml:eu.emsc/event/20040429_0000006">
  <preferredOriginID>quakeml:eu.emsc/event/20040429_0000006/origin/1308870</preferredOriginID>
  <preferredMagnitudeID>quakeml:eu.emsc/event/20040429_0000006/origin/1308870/mag/2</preferredMagnitudeID>
  <creationInfo>
    <agencyURI>smi:smi-registry/organization/EMSC</agencyURI>
    <authorURI>smi:smi-registry/organization/EMSC</authorURI>
    <creationTime>2014-12-11T01:32:25.676968Z</creationTime>
  </creationInfo>
  <description>
    <text>SOUTHERN GREECE</text>
    <type>Flinn-Engdahl region</type>
  </description>
  <origin publicID="quakeml:eu.emsc/event/20040429_0000006/origin/1308870">
    <time>
      <value>2004-04-29T03:32:59.4Z</value>
    </time>
    <latitude>
      <value>36.1</value>
      <uncertainty>9999.9</uncertainty>
    </latitude>
    <longitude>
      <value>22.2</value>
      <uncertainty>9999.9</uncertainty>
    </longitude>
    <depth>
      <value>2000</value>
    </depth>
    <depthType>from location</depthType>
    <methodID>smi:eu.emsc-csem/origin_method/NA</methodID>
    <quality>
      <usedPhaseCount>4</usedPhaseCount>
      <usedStationCount>4</usedStationCount>
      <standardError>1.07</standardError>
      <azimuthalGap>236</azimuthalGap>
      <minimumDistance>0.7</minimumDistance>
      <maximumDistance>1.77</maximumDistance>
    </quality>
    <evaluationMode>manual</evaluationMode>
    <creationInfo>
      <agencyURI>smi:smi-registry/organization/EMSC</agencyURI>
      <authorURI>smi:smi-registry/organization/EMSC</authorURI>
    </creationInfo>
    <originUncertainty>
      <azimuthMaxHorizontalUncertainty>-99</azimuthMaxHorizontalUncertainty>
    </originUncertainty>
  </origin>
  <magnitude publicID="quakeml:eu.emsc/event/20040429_0000006/origin/1308870/mag/2">
    <mag>
      <value>3</value>
    </mag>
    <type>MD</type>
    <originID>quakeml:eu.emsc/event/20040429_0000006/origin/1308870</originID>
    <creationInfo>
      <agencyURI>smi:smi-registry/organization/EMSC</agencyURI>
      <authorURI>smi:smi-registry/organization/EMSC</authorURI>
    </creationInfo>
  </magnitude>
</event>
<event publicID="quakeml:eu.emsc/event/20040429_0000005">
  <preferredOriginID>quakeml:eu.emsc/event/20040429_0000005/origin/1308872</preferredOriginID>
  <preferredMagnitudeID>quakeml:eu.emsc/event/20040429_0000005/origin/1308872/mag/2</preferredMagnitudeID>
  <creationInfo>
    <agencyURI>smi:smi-registry/organization/EMSC</agencyURI>
    <authorURI>smi:smi-registry/organization/EMSC</authorURI>
    <creationTime>2014-12-11T01:32:23.494159Z</creationTime>
  </creationInfo>
  <description>
    <text>CENTRAL MEDITERRANEAN SEA</text>
    <type>Flinn-Engdahl region</type>
  </description>
  <origin publicID="quakeml:eu.emsc/event/20040429_0000005/origin/1308872">
    <time>
      <value>2004-04-29T03:31:25.1Z</value>
    </time>
    <latitude>
      <value>35.9</value>
      <uncertainty>9999.9</uncertainty>
    </latitude>
    <longitude>
      <value>22.23</value>
      <uncertainty>9999.9</uncertainty>
    </longitude>
    <depth>
      <value>23000</value>
    </depth>
    <depthType>from location</depthType>
    <methodID>smi:eu.emsc-csem/origin_method/NA</methodID>
    <quality>
      <usedPhaseCount>7</usedPhaseCount>
      <usedStationCount>6</usedStationCount>
      <standardError>2.05</standardError>
      <azimuthalGap>224</azimuthalGap>
      <minimumDistance>0.76</minimumDistance>
      <maximumDistance>2.62</maximumDistance>
    </quality>
    <evaluationMode>manual</evaluationMode>
    <creationInfo>
      <agencyURI>smi:smi-registry/organization/EMSC</agencyURI>
      <authorURI>smi:smi-registry/organization/EMSC</authorURI>
    </creationInfo>
    <originUncertainty>
      <azimuthMaxHorizontalUncertainty>-99</azimuthMaxHorizontalUncertainty>
    </originUncertainty>
  </origin>
  <magnitude publicID="quakeml:eu.emsc/event/20040429_0000005/origin/1308872/mag/2">
    <mag>
      <value>3.2</value>
    </mag>
    <type>MD</type>
    <originID>quakeml:eu.emsc/event/20040429_0000005/origin/1308872</originID>
    <creationInfo>
      <agencyURI>smi:smi-registry/organization/EMSC</agencyURI>
      <authorURI>smi:smi-registry/organization/EMSC</authorURI>
    </creationInfo>
  </magnitude>
</event>
<event publicID="quakeml:eu.emsc/event/20040429_0000004">
  <preferredOriginID>quakeml:eu.emsc/event/20040429_0000004/origin/1308874</preferredOriginID>
  <preferredMagnitudeID>quakeml:eu.emsc/event/20040429_0000004/origin/1308874/mag/2</preferredMagnitudeID>
  <creationInfo>
    <agencyURI>smi:smi-registry/organization/EMSC</agencyURI>
    <authorURI>smi:smi-registry/organization/EMSC</authorURI>
    <creationTime>2014-12-11T01:32:19.677202Z</creationTime>
  </creationInfo>
  <description>
    <text>WESTERN TURKEY</text>
    <type>Flinn-Engdahl region</type>
  </description>
  <origin publicID="quakeml:eu.emsc/event/20040429_0000004/origin/1308874">
    <time>
      <value>2004-04-29T02:45:30.5Z</value>
    </time>
    <latitude>
      <value>39.006</value>
      <uncertainty>9999.9</uncertainty>
    </latitude>
    <longitude>
      <value>29.648</value>
      <uncertainty>9999.9</uncertainty>
    </longitude>
    <depth>
      <value>8000</value>
    </depth>
    <depthType>from location</depthType>
    <methodID>smi:eu.emsc-csem/origin_method/NA</methodID>
    <quality>
      <usedPhaseCount>11</usedPhaseCount>
      <usedStationCount>9</usedStationCount>
      <standardError>0.59</standardError>
      <azimuthalGap>119</azimuthalGap>
      <minimumDistance>0.36</minimumDistance>
      <maximumDistance>1.75</maximumDistance>
    </quality>
    <evaluationMode>manual</evaluationMode>
    <creationInfo>
      <agencyURI>smi:smi-registry/organization/EMSC</agencyURI>
      <authorURI>smi:smi-registry/organization/EMSC</authorURI>
    </creationInfo>
    <originUncertainty>
      <azimuthMaxHorizontalUncertainty>-99</azimuthMaxHorizontalUncertainty>
    </originUncertainty>
  </origin>
  <magnitude publicID="quakeml:eu.emsc/event/20040429_0000004/origin/1308874/mag/2">
    <mag>
      <value>2.9</value>
    </mag>
    <type>MD</type>
    <originID>quakeml:eu.emsc/event/20040429_0000004/origin/1308874</originID>
    <creationInfo>
      <agencyURI>smi:smi-registry/organization/EMSC</agencyURI>
      <authorURI>smi:smi-registry/organization/EMSC</authorURI>
    </creationInfo>
  </magnitude>
</event>
<event publicID="quakeml:eu.emsc/event/20040429_0000002">
  <preferredOriginID>quakeml:eu.emsc/event/20040429_0000002/origin/1322906</preferredOriginID>
  <preferredMagnitudeID>quakeml:eu.emsc/event/20040429_0000002/origin/1322906/mag/2</preferredMagnitudeID>
  <creationInfo>
    <agencyURI>smi:smi-registry/organization/EMSC</agencyURI>
    <authorURI>smi:smi-registry/organization/EMSC</authorURI>
    <creationTime>2014-12-03T12:16:37.884107Z</creationTime>
  </creationInfo>
  <description>
    <text>NORTHERN MID-ATLANTIC RIDGE</text>
    <type>Flinn-Engdahl region</type>
  </description>
  <origin publicID="quakeml:eu.emsc/event/20040429_0000002/origin/1322906">
    <time>
      <value>2004-04-29T02:22:56.7Z</value>
      <uncertainty>0.24</uncertainty>
    </time>
    <latitude>
      <value>49.8059</value>
      <uncertainty>16.3</uncertainty>
    </latitude>
    <longitude>
      <value>-28.8912</value>
      <uncertainty>5.6</uncertainty>
    </longitude>
    <depth>
      <value>10000</value>
    </depth>
    <depthType>from location</depthType>
    <methodID>smi:eu.emsc-csem/origin_method/NA</methodID>
    <quality>
      <usedPhaseCount>57</usedPhaseCount>
      <usedStationCount>56</usedStationCount>
      <standardError>1.04</standardError>
      <azimuthalGap>158</azimuthalGap>
      <minimumDistance>15.34</minimumDistance>
      <maximumDistance>56.09</maximumDistance>
    </quality>
    <evaluationMode>manual</evaluationMode>
    <creationInfo>
      <agencyURI>smi:smi-registry/organization/EMSC</agencyURI>
      <authorURI>smi:smi-registry/organization/EMSC</authorURI>
    </creationInfo>
    <originUncertainty>
      <azimuthMaxHorizontalUncertainty>15</azimuthMaxHorizontalUncertainty>
    </originUncertainty>
  </origin>
  <magnitude publicID="quakeml:eu.emsc/event/20040429_0000002/origin/1322906/mag/2">
    <mag>
      <value>4.5</value>
      <uncertainty>0.2</uncertainty>
    </mag>
    <type>mb</type>
    <originID>quakeml:eu.emsc/event/20040429_0000002/origin/1322906</originID>
    <stationCount>21</stationCount>
    <creationInfo>
      <agencyURI>smi:smi-registry/organization/EMSC</agencyURI>
      <authorURI>smi:smi-registry/organization/EMSC</authorURI>
    </creationInfo>
  </magnitude>
</event>
<event publicID="quakeml:eu.emsc/event/20040429_0000001">
  <preferredOriginID>quakeml:eu.emsc/event/20040429_0000001/origin/1321508</preferredOriginID>
  <preferredMagnitudeID>quakeml:eu.emsc/event/20040429_0000001/origin/1321508/mag/2</preferredMagnitudeID>
  <creationInfo>
    <agencyURI>smi:smi-registry/organization/EMSC</agencyURI>
    <authorURI>smi:smi-registry/organization/EMSC</authorURI>
    <creationTime>2014-12-03T11:33:39.709588Z</creationTime>
  </creationInfo>
  <description>
    <text>CYPRUS REGION</text>
    <type>Flinn-Engdahl region</type>
  </description>
  <origin publicID="quakeml:eu.emsc/event/20040429_0000001/origin/1321508">
    <time>
      <value>2004-04-29T00:26:28.4Z</value>
      <uncertainty>0.23</uncertainty>
    </time>
    <latitude>
      <value>35.1006</value>
      <uncertainty>7.6</uncertainty>
    </latitude>
    <longitude>
      <value>33.8594</value>
      <uncertainty>4.8</uncertainty>
    </longitude>
    <depth>
      <value>40000</value>
    </depth>
    <depthType>from location</depthType>
    <methodID>smi:eu.emsc-csem/origin_method/NA</methodID>
    <quality>
      <usedPhaseCount>19</usedPhaseCount>
      <usedStationCount>12</usedStationCount>
      <standardError>0.71</standardError>
      <azimuthalGap>122</azimuthalGap>
      <minimumDistance>0.01</minimumDistance>
      <maximumDistance>1.26</maximumDistance>
    </quality>
    <evaluationMode>manual</evaluationMode>
    <creationInfo>
      <agencyURI>smi:smi-registry/organization/EMSC</agencyURI>
      <authorURI>smi:smi-registry/organization/EMSC</authorURI>
    </creationInfo>
    <originUncertainty>
      <azimuthMaxHorizontalUncertainty>150</azimuthMaxHorizontalUncertainty>
    </originUncertainty>
  </origin>
  <magnitude publicID="quakeml:eu.emsc/event/20040429_0000001/origin/1321508/mag/2">
    <mag>
      <value>3</value>
    </mag>
    <type>MD</type>
    <originID>quakeml:eu.emsc/event/20040429_0000001/origin/1321508</originID>
    <creationInfo>
      <agencyURI>smi:smi-registry/organization/EMSC</agencyURI>
      <authorURI>smi:smi-registry/organization/EMSC</authorURI>
    </creationInfo>
  </magnitude>
</event>
</eventParameters>
</q:quakeml>
