<?xml version="1.0"?>
<q:quakeml xmlns:q="http://quakeml.org/xmlns/quakeml/1.2"  xmlns="http://quakeml.org/xmlns/bed/1.2">
<eventParameters publicID="smi:eu.emsc/unid">
<event publicID="quakeml:eu.emsc/event/20041010_0000042">
  <preferredOriginID>quakeml:eu.emsc/event/20041010_0000042/origin/1293701</preferredOriginID>
  <preferredMagnitudeID>quakeml:eu.emsc/event/20041010_0000042/origin/1293701/mag/2</preferredMagnitudeID>
  <creationInfo>
    <agencyURI>smi:smi-registry/organization/EMSC</agencyURI>
    <authorURI>smi:smi-registry/organization/EMSC</authorURI>
    <creationTime>2014-12-11T04:48:25.791139Z</creationTime>
  </creationInfo>
  <description>
    <text>WESTERN TURKEY</text>
    <type>Flinn-Engdahl region</type>
  </description>
  <origin publicID="quakeml:eu.emsc/event/20041010_0000042/origin/1293701">
    <time>
      <value>2004-10-10T23:47:13.2Z</value>
    </time>
    <latitude>
      <value>40.586</value>
      <uncertainty>9999.9</uncertainty>
    </latitude>
    <longitude>
      <value>28.984</value>
      <uncertainty>9999.9</uncertainty>
    </longitude>
    <depth>
      <value>8000</value>
    </depth>
    <depthType>from location</depthType>
    <methodID>smi:eu.emsc-csem/origin_method/NA</methodID>
    <quality>
      <usedPhaseCount>28</usedPhaseCount>
      <usedStationCount>26</usedStationCount>
      <standardError>0.6</standardError>
      <azimuthalGap>37</azimuthalGap>
      <minimumDistance>0.28</minimumDistance>
      <maximumDistance>2.17</maximumDistance>
    </quality>
    <evaluationMode>manual</evaluationMode>
    <creationInfo>
      <agencyURI>smi:smi-registry/organization/EMSC</agencyURI>
      <authorURI>smi:smi-registry/organization/EMSC</authorURI>
    </creationInfo>
    <originUncertainty>
      <azimuthMaxHorizontalUncertainty>-99</azimuthMaxHorizontalUncertainty>
    </originUncertainty>
  </origin>
  <magnitude publicID="quakeml:eu.emsc/event/20041010_0000042/origin/1293701/mag/2">
    <mag>
      <value>3.2</value>
    </mag>
    <type>MD</type>
    <originID>quakeml:eu.emsc/event/20041010_0000042/origin/1293701</originID>
    <creationInfo>
      <agencyURI>smi:smi-registry/organization/EMSC</agencyURI>
      <authorURI>smi:smi-registry/organization/EMSC</authorURI>
    </creationInfo>
  </magnitude>
</event>
<event publicID="quakeml:eu.emsc/event/20041010_0000029">
  <preferredOriginID>quakeml:eu.emsc/event/20041010_0000029/origin/1293703</preferredOriginID>
  <preferredMagnitudeID>quakeml:eu.emsc/event/20041010_0000029/origin/1293703/mag/2</preferredMagnitudeID>
  <creationInfo>
    <agencyURI>smi:smi-registry/organization/EMSC</agencyURI>
    <authorURI>smi:smi-registry/organization/EMSC</authorURI>
    <creationTime>2014-12-10T18:19:25.147334Z</creationTime>
  </creationInfo>
  <description>
    <text>NORTHERN ITALY</text>
    <type>Flinn-Engdahl region</type>
  </description>
  <origin publicID="quakeml:eu.emsc/event/20041010_0000029/origin/1293703">
    <time>
      <value>2004-10-10T22:35:14.2Z</value>
    </time>
    <latitude>
      <value>44.303</value>
      <uncertainty>9999.9</uncertainty>
    </latitude>
    <longitude>
      <value>7.4837</value>
      <uncertainty>9999.9</uncertainty>
    </longitude>
    <depth>
      <value>3000</value>
    </depth>
    <depthType>from location</depthType>
    <methodID>smi:eu.emsc-csem/origin_method/NA</methodID>
    <quality>
      <usedPhaseCount>17</usedPhaseCount>
      <usedStationCount>11</usedStationCount>
      <standardError>0.26</standardError>
      <azimuthalGap>104</azimuthalGap>
      <minimumDistance>0.09</minimumDistance>
      <maximumDistance>0.55</maximumDistance>
    </quality>
    <evaluationMode>manual</evaluationMode>
    <creationInfo>
      <agencyURI>smi:smi-registry/organization/EMSC</agencyURI>
      <authorURI>smi:smi-registry/organization/EMSC</authorURI>
    </creationInfo>
    <originUncertainty>
      <azimuthMaxHorizontalUncertainty>-99</azimuthMaxHorizontalUncertainty>
    </originUncertainty>
  </origin>
  <magnitude publicID="quakeml:eu.emsc/event/20041010_0000029/origin/1293703/mag/2">
    <mag>
      <value>2</value>
    </mag>
    <type>ML</type>
    <originID>quakeml:eu.emsc/event/20041010_0000029/origin/1293703</originID>
    <creationInfo>
      <agencyURI>smi:smi-registry/organization/EMSC</agencyURI>
      <authorURI>smi:smi-registry/organization/EMSC</authorURI>
    </creationInfo>
  </magnitude>
</event>
<event publicID="quakeml:eu.emsc/event/20041010_0000039">
  <preferredOriginID>quakeml:eu.emsc/event/20041010_0000039/origin/1299568</preferredOriginID>
  <preferredMagnitudeID>quakeml:eu.emsc/event/20041010_0000039/origin/1299568/mag/2</preferredMagnitudeID>
  <creationInfo>
    <agencyURI>smi:smi-registry/organization/EMSC</agencyURI>
    <authorURI>smi:smi-registry/organization/EMSC</authorURI>
    <creationTime>2014-12-03T11:19:17.190204Z</creationTime>
  </creationInfo>
  <description>
    <text>FYR OF MACEDONIA</text>
    <type>Flinn-Engdahl region</type>
  </description>
  <origin publicID="quakeml:eu.emsc/event/20041010_0000039/origin/1299568">
    <time>
      <value>2004-10-10T22:14:43.7Z</value>
      <uncertainty>0.31</uncertainty>
    </time>
    <latitude>
      <value>41.1997</value>
      <uncertainty>6.8</uncertainty>
    </latitude>
    <longitude>
      <value>20.8237</value>
      <uncertainty>5.3</uncertainty>
    </longitude>
    <depth>
      <value>2000</value>
    </depth>
    <depthType>from location</depthType>
    <methodID>smi:eu.emsc-csem/origin_method/NA</methodID>
    <quality>
      <usedPhaseCount>21</usedPhaseCount>
      <usedStationCount>11</usedStationCount>
      <standardError>1.35</standardError>
      <azimuthalGap>95</azimuthalGap>
      <minimumDistance>0.09</minimumDistance>
      <maximumDistance>2.09</maximumDistance>
    </quality>
    <evaluationMode>manual</evaluationMode>
    <creationInfo>
      <agencyURI>smi:smi-registry/organization/EMSC</agencyURI>
      <authorURI>smi:smi-registry/organization/EMSC</authorURI>
    </creationInfo>
    <originUncertainty>
      <azimuthMaxHorizontalUncertainty>19</azimuthMaxHorizontalUncertainty>
    </originUncertainty>
  </origin>
  <magnitude publicID="quakeml:eu.emsc/event/20041010_0000039/origin/1299568/mag/2">
    <mag>
      <value>1.9</value>
    </mag>
    <type>ML</type>
    <originID>quakeml:eu.emsc/event/20041010_0000039/origin/1299568</originID>
    <creationInfo>
      <agencyURI>smi:smi-registry/organization/EMSC</agencyURI>
      <authorURI>smi:smi-registry/organization/EMSC</authorURI>
    </creationInfo>
  </magnitude>
</event>
<event publicID="quakeml:eu.emsc/event/20041010_0000027">
  <preferredOriginID>quakeml:eu.emsc/event/20041010_0000027/origin/1303329</preferredOriginID>
  <preferredMagnitudeID>quakeml:eu.emsc/event/20041010_0000027/origin/1303329/mag/1</preferredMagnitudeID>
  <creationInfo>
    <agencyURI>smi:smi-registry/organization/EMSC</agencyURI>
    <authorURI>smi:smi-registry/organization/EMSC</authorURI>
    <creationTime>2014-12-03T13:00:59.917009Z</creationTime>
  </creationInfo>
  <description>
    <text>PYRENEES</text>
    <type>Flinn-Engdahl region</type>
  </description>
  <origin publicID="quakeml:eu.emsc/event/20041010_0000027/origin/1303329">
    <time>
      <value>2004-10-10T22:06:52.5Z</value>
      <uncertainty>0.12</uncertainty>
    </time>
    <latitude>
      <value>42.8968</value>
      <uncertainty>2.6</uncertainty>
    </latitude>
    <longitude>
      <value>-0.2486</value>
      <uncertainty>2</uncertainty>
    </longitude>
    <depth>
      <value>8000</value>
    </depth>
    <depthType>from location</depthType>
    <methodID>smi:eu.emsc-csem/origin_method/NA</methodID>
    <quality>
      <usedPhaseCount>60</usedPhaseCount>
      <usedStationCount>34</usedStationCount>
      <standardError>0.93</standardError>
      <azimuthalGap>36</azimuthalGap>
      <minimumDistance>0.2</minimumDistance>
      <maximumDistance>20</maximumDistance>
    </quality>
    <evaluationMode>manual</evaluationMode>
    <creationInfo>
      <agencyURI>smi:smi-registry/organization/EMSC</agencyURI>
      <authorURI>smi:smi-registry/organization/EMSC</authorURI>
    </creationInfo>
    <originUncertainty>
      <azimuthMaxHorizontalUncertainty>174</azimuthMaxHorizontalUncertainty>
    </originUncertainty>
  </origin>
  <magnitude publicID="quakeml:eu.emsc/event/20041010_0000027/origin/1303329/mag/1">
    <mag>
      <value>2.5</value>
      <uncertainty>0.3</uncertainty>
    </mag>
    <type>ML</type>
    <originID>quakeml:eu.emsc/event/20041010_0000027/origin/1303329</originID>
    <stationCount>11</stationCount>
    <creationInfo>
      <agencyURI>smi:smi-registry/organization/EMSC</agencyURI>
      <authorURI>smi:smi-registry/organization/EMSC</authorURI>
    </creationInfo>
  </magnitude>
</event>
<event publicID="quakeml:eu.emsc/event/20041010_0000058">
  <preferredOriginID>quakeml:eu.emsc/event/20041010_0000058/origin/1299570</preferredOriginID>
  <preferredMagnitudeID>quakeml:eu.emsc/event/20041010_0000058/origin/1299570/mag/2</preferredMagnitudeID>
  <creationInfo>
    <agencyURI>smi:smi-registry/organization/EMSC</agencyURI>
    <authorURI>smi:smi-registry/organization/EMSC</authorURI>
    <creationTime>2014-12-03T10:46:07.566842Z</creationTime>
  </creationInfo>
  <description>
    <text>FYR OF MACEDONIA</text>
    <type>Flinn-Engdahl region</type>
  </description>
  <origin publicID="quakeml:eu.emsc/event/20041010_0000058/origin/1299570">
    <time>
      <value>2004-10-10T21:07:59.5Z</value>
      <uncertainty>0.2</uncertainty>
    </time>
    <latitude>
      <value>41.117</value>
      <uncertainty>6.3</uncertainty>
    </latitude>
    <longitude>
      <value>20.7504</value>
      <uncertainty>3.5</uncertainty>
    </longitude>
    <depth>
      <value>10000</value>
    </depth>
    <depthType>from location</depthType>
    <methodID>smi:eu.emsc-csem/origin_method/NA</methodID>
    <quality>
      <usedPhaseCount>8</usedPhaseCount>
      <usedStationCount>4</usedStationCount>
      <standardError>0.54</standardError>
      <azimuthalGap>186</azimuthalGap>
      <minimumDistance>0.04</minimumDistance>
      <maximumDistance>1</maximumDistance>
    </quality>
    <evaluationMode>manual</evaluationMode>
    <creationInfo>
      <agencyURI>smi:smi-registry/organization/EMSC</agencyURI>
      <authorURI>smi:smi-registry/organization/EMSC</authorURI>
    </creationInfo>
    <originUncertainty>
      <azimuthMaxHorizontalUncertainty>10</azimuthMaxHorizontalUncertainty>
    </originUncertainty>
  </origin>
  <magnitude publicID="quakeml:eu.emsc/event/20041010_0000058/origin/1299570/mag/2">
    <mag>
      <value>1.9</value>
    </mag>
    <type>ML</type>
    <originID>quakeml:eu.emsc/event/20041010_0000058/origin/1299570</originID>
    <creationInfo>
      <agencyURI>smi:smi-registry/organization/EMSC</agencyURI>
      <authorURI>smi:smi-registry/organization/EMSC</authorURI>
    </creationInfo>
  </magnitude>
</event>
<event publicID="quakeml:eu.emsc/event/20041010_0000032">
  <preferredOriginID>quakeml:eu.emsc/event/20041010_0000032/origin/1299572</preferredOriginID>
  <preferredMagnitudeID>quakeml:eu.emsc/event/20041010_0000032/origin/1299572/mag/2</preferredMagnitudeID>
  <creationInfo>
    <agencyURI>smi:smi-registry/organization/EMSC</agencyURI>
    <authorURI>smi:smi-registry/organization/EMSC</authorURI>
    <creationTime>2014-12-03T11:06:55.542321Z</creationTime>
  </creationInfo>
  <description>
    <text>FYR OF MACEDONIA</text>
    <type>Flinn-Engdahl region</type>
  </description>
  <origin publicID="quakeml:eu.emsc/event/20041010_0000032/origin/1299572">
    <time>
      <value>2004-10-10T21:04:23.7Z</value>
      <uncertainty>0.27</uncertainty>
    </time>
    <latitude>
      <value>41.0833</value>
      <uncertainty>8</uncertainty>
    </latitude>
    <longitude>
      <value>20.7331</value>
      <uncertainty>3.1</uncertainty>
    </longitude>
    <depth>
      <value>15000</value>
    </depth>
    <depthType>from location</depthType>
    <methodID>smi:eu.emsc-csem/origin_method/NA</methodID>
    <quality>
      <usedPhaseCount>12</usedPhaseCount>
      <usedStationCount>6</usedStationCount>
      <standardError>0.71</standardError>
      <azimuthalGap>194</azimuthalGap>
      <minimumDistance>0.06</minimumDistance>
      <maximumDistance>1.03</maximumDistance>
    </quality>
    <evaluationMode>manual</evaluationMode>
    <creationInfo>
      <agencyURI>smi:smi-registry/organization/EMSC</agencyURI>
      <authorURI>smi:smi-registry/organization/EMSC</authorURI>
    </creationInfo>
    <originUncertainty>
      <azimuthMaxHorizontalUncertainty>12</azimuthMaxHorizontalUncertainty>
    </originUncertainty>
  </origin>
  <magnitude publicID="quakeml:eu.emsc/event/20041010_0000032/origin/1299572/mag/2">
    <mag>
      <value>2.2</value>
    </mag>
    <type>ML</type>
    <originID>quakeml:eu.emsc/event/20041010_0000032/origin/1299572</originID>
    <creationInfo>
      <agencyURI>smi:smi-registry/organization/EMSC</agencyURI>
      <authorURI>smi:smi-registry/organization/EMSC</authorURI>
    </creationInfo>
  </magnitude>
</event>
<event publicID="quakeml:eu.emsc/event/20041010_0000034">
  <preferredOriginID>quakeml:eu.emsc/event/20041010_0000034/origin/1303336</preferredOriginID>
  <preferredMagnitudeID>quakeml:eu.emsc/event/20041010_0000034/origin/1303336/mag/2</preferredMagnitudeID>
  <creationInfo>
    <agencyURI>smi:smi-registry/organization/EMSC</agencyURI>
    <authorURI>smi:smi-registry/organization/EMSC</authorURI>
    <creationTime>2014-12-03T11:59:11.721264Z</creationTime>
  </creationInfo>
  <description>
    <text>FYR OF MACEDONIA</text>
    <type>Flinn-Engdahl region</type>
  </description>
  <origin publicID="quakeml:eu.emsc/event/20041010_0000034/origin/1303336">
    <time>
      <value>2004-10-10T21:03:42.2Z</value>
      <uncertainty>0.15</uncertainty>
    </time>
    <latitude>
      <value>41.1698</value>
      <uncertainty>4.6</uncertainty>
    </latitude>
    <longitude>
      <value>20.8007</value>
      <uncertainty>2.8</uncertainty>
    </longitude>
    <depth>
      <value>2000</value>
    </depth>
    <depthType>from location</depthType>
    <methodID>smi:eu.emsc-csem/origin_method/NA</methodID>
    <quality>
      <usedPhaseCount>59</usedPhaseCount>
      <usedStationCount>39</usedStationCount>
      <standardError>1.28</standardError>
      <azimuthalGap>58</azimuthalGap>
      <minimumDistance>0.06</minimumDistance>
      <maximumDistance>4.84</maximumDistance>
    </quality>
    <evaluationMode>manual</evaluationMode>
    <creationInfo>
      <agencyURI>smi:smi-registry/organization/EMSC</agencyURI>
      <authorURI>smi:smi-registry/organization/EMSC</authorURI>
    </creationInfo>
    <originUncertainty>
      <azimuthMaxHorizontalUncertainty>38</azimuthMaxHorizontalUncertainty>
    </originUncertainty>
  </origin>
  <magnitude publicID="quakeml:eu.emsc/event/20041010_0000034/origin/1303336/mag/2">
    <mag>
      <value>2.6</value>
    </mag>
    <type>ML</type>
    <originID>quakeml:eu.emsc/event/20041010_0000034/origin/1303336</originID>
    <creationInfo>
      <agencyURI>smi:smi-registry/organization/EMSC</agencyURI>
      <authorURI>smi:smi-registry/organization/EMSC</authorURI>
    </creationInfo>
  </magnitude>
</event>
<event publicID="quakeml:eu.emsc/event/20041010_0000051">
  <preferredOriginID>quakeml:eu.emsc/event/20041010_0000051/origin/1299575</preferredOriginID>
  <preferredMagnitudeID>quakeml:eu.emsc/event/20041010_0000051/origin/1299575/mag/2</preferredMagnitudeID>
  <creationInfo>
    <agencyURI>smi:smi-registry/organization/EMSC</agencyURI>
    <authorURI>smi:smi-registry/organization/EMSC</authorURI>
    <creationTime>2014-12-03T11:34:35.98439Z</creationTime>
  </creationInfo>
  <description>
    <text>IONIAN SEA</text>
    <type>Flinn-Engdahl region</type>
  </description>
  <origin publicID="quakeml:eu.emsc/event/20041010_0000051/origin/1299575">
    <time>
      <value>2004-10-10T20:55:54.4Z</value>
      <uncertainty>0.69</uncertainty>
    </time>
    <latitude>
      <value>37.4526</value>
      <uncertainty>16.4</uncertainty>
    </latitude>
    <longitude>
      <value>20.8979</value>
      <uncertainty>6.6</uncertainty>
    </longitude>
    <depth>
      <value>2000</value>
    </depth>
    <depthType>from location</depthType>
    <methodID>smi:eu.emsc-csem/origin_method/NA</methodID>
    <quality>
      <usedPhaseCount>15</usedPhaseCount>
      <usedStationCount>9</usedStationCount>
      <standardError>1.11</standardError>
      <azimuthalGap>225</azimuthalGap>
      <minimumDistance>0.75</minimumDistance>
      <maximumDistance>2.42</maximumDistance>
    </quality>
    <evaluationMode>manual</evaluationMode>
    <creationInfo>
      <agencyURI>smi:smi-registry/organization/EMSC</agencyURI>
      <authorURI>smi:smi-registry/organization/EMSC</authorURI>
    </creationInfo>
    <originUncertainty>
      <azimuthMaxHorizontalUncertainty>48</azimuthMaxHorizontalUncertainty>
    </originUncertainty>
  </origin>
  <magnitude publicID="quakeml:eu.emsc/event/20041010_0000051/origin/1299575/mag/2">
    <mag>
      <value>3.3</value>
    </mag>
    <type>MD</type>
    <originID>quakeml:eu.emsc/event/20041010_0000051/origin/1299575</originID>
    <creationInfo>
      <agencyURI>smi:smi-registry/organization/EMSC</agencyURI>
      <authorURI>smi:smi-registry/organization/EMSC</authorURI>
    </creationInfo>
  </magnitude>
</event>
<event publicID="quakeml:eu.emsc/event/20041010_0000026">
  <preferredOriginID>quakeml:eu.emsc/event/20041010_0000026/origin/1299579</preferredOriginID>
  <preferredMagnitudeID>quakeml:eu.emsc/event/20041010_0000026/origin/1299579/mag/2</preferredMagnitudeID>
  <creationInfo>
    <agencyURI>smi:smi-registry/organization/EMSC</agencyURI>
    <authorURI>smi:smi-registry/organization/EMSC</authorURI>
    <creationTime>2014-12-03T13:32:44.95068Z</creationTime>
  </creationInfo>
  <description>
    <text>SOUTHERN GREECE</text>
    <type>Flinn-Engdahl region</type>
  </description>
  <origin publicID="quakeml:eu.emsc/event/20041010_0000026/origin/1299579">
    <time>
      <value>2004-10-10T20:27:15.4Z</value>
      <uncertainty>0.55</uncertainty>
    </time>
    <latitude>
      <value>37.8921</value>
      <uncertainty>12.1</uncertainty>
    </latitude>
    <longitude>
      <value>21.0751</value>
      <uncertainty>6.6</uncertainty>
    </longitude>
    <depth>
      <value>2000</value>
    </depth>
    <depthType>from location</depthType>
    <methodID>smi:eu.emsc-csem/origin_method/NA</methodID>
    <quality>
      <usedPhaseCount>32</usedPhaseCount>
      <usedStationCount>26</usedStationCount>
      <standardError>1.37</standardError>
      <azimuthalGap>173</azimuthalGap>
      <minimumDistance>0.35</minimumDistance>
      <maximumDistance>4.08</maximumDistance>
    </quality>
    <evaluationMode>manual</evaluationMode>
    <creationInfo>
      <agencyURI>smi:smi-registry/organization/EMSC</agencyURI>
      <authorURI>smi:smi-registry/organization/EMSC</authorURI>
    </creationInfo>
    <originUncertainty>
      <azimuthMaxHorizontalUncertainty>37</azimuthMaxHorizontalUncertainty>
    </originUncertainty>
  </origin>
  <magnitude publicID="quakeml:eu.emsc/event/20041010_0000026/origin/1299579/mag/2">
    <mag>
      <value>3.6</value>
    </mag>
    <type>ML</type>
    <originID>quakeml:eu.emsc/event/20041010_0000026/origin/1299579</originID>
    <creationInfo>
      <agencyURI>smi:smi-registry/organization/EMSC</agencyURI>
      <authorURI>smi:smi-registry/organization/EMSC</authorURI>
    </creationInfo>
  </magnitude>
</event>
<event publicID="quakeml:eu.emsc/event/20041010_0000046">
  <preferredOriginID>quakeml:eu.emsc/event/20041010_0000046/origin/1298511</preferredOriginID>
  <preferredMagnitudeID>quakeml:eu.emsc/event/20041010_0000046/origin/1298511/mag/1</preferredMagnitudeID>
  <creationInfo>
    <agencyURI>smi:smi-registry/organization/EMSC</agencyURI>
    <authorURI>smi:smi-registry/organization/EMSC</authorURI>
    <creationTime>2014-12-03T11:44:13.15708Z</creationTime>
  </creationInfo>
  <description>
    <text>NORTHERN ITALY</text>
    <type>Flinn-Engdahl region</type>
  </description>
  <origin publicID="quakeml:eu.emsc/event/20041010_0000046/origin/1298511">
    <time>
      <value>2004-10-10T20:26:41.0Z</value>
      <uncertainty>0.13</uncertainty>
    </time>
    <latitude>
      <value>44.7736</value>
      <uncertainty>4</uncertainty>
    </latitude>
    <longitude>
      <value>7.7261</value>
      <uncertainty>2.5</uncertainty>
    </longitude>
    <depth>
      <value>40000</value>
    </depth>
    <depthType>from location</depthType>
    <methodID>smi:eu.emsc-csem/origin_method/NA</methodID>
    <quality>
      <usedPhaseCount>51</usedPhaseCount>
      <usedStationCount>37</usedStationCount>
      <standardError>0.76</standardError>
      <azimuthalGap>68</azimuthalGap>
      <minimumDistance>0.3</minimumDistance>
      <maximumDistance>3.86</maximumDistance>
    </quality>
    <evaluationMode>manual</evaluationMode>
    <creationInfo>
      <agencyURI>smi:smi-registry/organization/EMSC</agencyURI>
      <authorURI>smi:smi-registry/organization/EMSC</authorURI>
    </creationInfo>
    <originUncertainty>
      <azimuthMaxHorizontalUncertainty>71</azimuthMaxHorizontalUncertainty>
    </originUncertainty>
  </origin>
  <magnitude publicID="quakeml:eu.emsc/event/20041010_0000046/origin/1298511/mag/1">
    <mag>
      <value>2.3</value>
      <uncertainty>0.3</uncertainty>
    </mag>
    <type>ML</type>
    <originID>quakeml:eu.emsc/event/20041010_0000046/origin/1298511</originID>
    <stationCount>8</stationCount>
    <creationInfo>
      <agencyURI>smi:smi-registry/organization/EMSC</agencyURI>
      <authorURI>smi:smi-registry/organization/EMSC</authorURI>
    </creationInfo>
  </magnitude>
</event>
<event publicID="quakeml:eu.emsc/event/20041010_0000053">
  <preferredOriginID>quakeml:eu.emsc/event/20041010_0000053/origin/1299584</preferredOriginID>
  <preferredMagnitudeID>quakeml:eu.emsc/event/20041010_0000053/origin/1299584/mag/2</preferredMagnitudeID>
  <creationInfo>
    <agencyURI>smi:smi-registry/organization/EMSC</agencyURI>
    <authorURI>smi:smi-registry/organization/EMSC</authorURI>
    <creationTime>2014-12-03T11:26:28.348855Z</creationTime>
  </creationInfo>
  <description>
    <text>MOROCCO</text>
    <type>Flinn-Engdahl region</type>
  </description>
  <origin publicID="quakeml:eu.emsc/event/20041010_0000053/origin/1299584">
    <time>
      <value>2004-10-10T20:00:22.6Z</value>
      <uncertainty>0.29</uncertainty>
    </time>
    <latitude>
      <value>34.9832</value>
      <uncertainty>7.4</uncertainty>
    </latitude>
    <longitude>
      <value>-4.0192</value>
      <uncertainty>6.1</uncertainty>
    </longitude>
    <depth>
      <value>2000</value>
    </depth>
    <depthType>from location</depthType>
    <methodID>smi:eu.emsc-csem/origin_method/NA</methodID>
    <quality>
      <usedPhaseCount>27</usedPhaseCount>
      <usedStationCount>17</usedStationCount>
      <standardError>1.37</standardError>
      <azimuthalGap>109</azimuthalGap>
      <minimumDistance>0.22</minimumDistance>
      <maximumDistance>4.68</maximumDistance>
    </quality>
    <evaluationMode>manual</evaluationMode>
    <creationInfo>
      <agencyURI>smi:smi-registry/organization/EMSC</agencyURI>
      <authorURI>smi:smi-registry/organization/EMSC</authorURI>
    </creationInfo>
    <originUncertainty>
      <azimuthMaxHorizontalUncertainty>98</azimuthMaxHorizontalUncertainty>
    </originUncertainty>
  </origin>
  <magnitude publicID="quakeml:eu.emsc/event/20041010_0000053/origin/1299584/mag/2">
    <mag>
      <value>3.4</value>
    </mag>
    <type>MD</type>
    <originID>quakeml:eu.emsc/event/20041010_0000053/origin/1299584</originID>
    <creationInfo>
      <agencyURI>smi:smi-registry/organization/EMSC</agencyURI>
      <authorURI>smi:smi-registry/organization/EMSC</authorURI>
    </creationInfo>
  </magnitude>
</event>
<event publicID="quakeml:eu.emsc/event/20041010_0000049">
  <preferredOriginID>quakeml:eu.emsc/event/20041010_0000049/origin/1293705</preferredOriginID>
  <preferredMagnitudeID>quakeml:eu.emsc/event/20041010_0000049/origin/1293705/mag/2</preferredMagnitudeID>
  <creationInfo>
    <agencyURI>smi:smi-registry/organization/EMSC</agencyURI>
    <authorURI>smi:smi-registry/organization/EMSC</authorURI>
    <creationTime>2014-12-10T18:19:24.623589Z</creationTime>
  </creationInfo>
  <description>
    <text>SWITZERLAND</text>
    <type>Flinn-Engdahl region</type>
  </description>
  <origin publicID="quakeml:eu.emsc/event/20041010_0000049/origin/1293705">
    <time>
      <value>2004-10-10T18:19:52.7Z</value>
    </time>
    <latitude>
      <value>46.306</value>
      <uncertainty>9999.9</uncertainty>
    </latitude>
    <longitude>
      <value>7.511</value>
      <uncertainty>9999.9</uncertainty>
    </longitude>
    <depth>
      <value>4700.0</value>
    </depth>
    <depthType>from location</depthType>
    <methodID>smi:eu.emsc-csem/origin_method/NA</methodID>
    <quality>
      <usedPhaseCount>10</usedPhaseCount>
      <usedStationCount>5</usedStationCount>
      <standardError>0.28</standardError>
      <azimuthalGap>152</azimuthalGap>
      <minimumDistance>0.11</minimumDistance>
      <maximumDistance>0.49</maximumDistance>
    </quality>
    <evaluationMode>manual</evaluationMode>
    <creationInfo>
      <agencyURI>smi:smi-registry/organization/EMSC</agencyURI>
      <authorURI>smi:smi-registry/organization/EMSC</authorURI>
    </creationInfo>
    <originUncertainty>
      <azimuthMaxHorizontalUncertainty>-99</azimuthMaxHorizontalUncertainty>
    </originUncertainty>
  </origin>
  <magnitude publicID="quakeml:eu.emsc/event/20041010_0000049/origin/1293705/mag/2">
    <mag>
      <value>0.7</value>
    </mag>
    <type>ML</type>
    <originID>quakeml:eu.emsc/event/20041010_0000049/origin/1293705</originID>
    <stationCount>4</stationCount>
    <creationInfo>
      <agencyURI>smi:smi-registry/organization/EMSC</agencyURI>
      <authorURI>smi:smi-registry/organization/EMSC</authorURI>
    </creationInfo>
  </magnitude>
</event>
<event publicID="quakeml:eu.emsc/event/20041010_0000048">
  <preferredOriginID>quakeml:eu.emsc/event/20041010_0000048/origin/1293707</preferredOriginID>
  <preferredMagnitudeID>quakeml:eu.emsc/event/20041010_0000048/origin/1293707/mag/2</preferredMagnitudeID>
  <creationInfo>
    <agencyURI>smi:smi-registry/organization/EMSC</agencyURI>
    <authorURI>smi:smi-registry/organization/EMSC</authorURI>
    <creationTime>2014-12-10T18:19:24.127368Z</creationTime>
  </creationInfo>
  <description>
    <text>NORTHERN ITALY</text>
    <type>Flinn-Engdahl region</type>
  </description>
  <origin publicID="quakeml:eu.emsc/event/20041010_0000048/origin/1293707">
    <time>
      <value>2004-10-10T17:45:12.9Z</value>
    </time>
    <latitude>
      <value>44.2343</value>
      <uncertainty>9999.9</uncertainty>
    </latitude>
    <longitude>
      <value>7.4725</value>
      <uncertainty>9999.9</uncertainty>
    </longitude>
    <depth>
      <value>7200.0</value>
    </depth>
    <depthType>from location</depthType>
    <methodID>smi:eu.emsc-csem/origin_method/NA</methodID>
    <quality>
      <usedPhaseCount>16</usedPhaseCount>
      <usedStationCount>8</usedStationCount>
      <standardError>0.46</standardError>
      <azimuthalGap>131</azimuthalGap>
      <minimumDistance>0.04</minimumDistance>
      <maximumDistance>0.61</maximumDistance>
    </quality>
    <evaluationMode>manual</evaluationMode>
    <creationInfo>
      <agencyURI>smi:smi-registry/organization/EMSC</agencyURI>
      <authorURI>smi:smi-registry/organization/EMSC</authorURI>
    </creationInfo>
    <originUncertainty>
      <azimuthMaxHorizontalUncertainty>-99</azimuthMaxHorizontalUncertainty>
    </originUncertainty>
  </origin>
  <magnitude publicID="quakeml:eu.emsc/event/20041010_0000048/origin/1293707/mag/2">
    <mag>
      <value>1.9</value>
    </mag>
    <type>ML</type>
    <originID>quakeml:eu.emsc/event/20041010_0000048/origin/1293707</originID>
    <creationInfo>
      <agencyURI>smi:smi-registry/organization/EMSC</agencyURI>
      <authorURI>smi:smi-registry/organization/EMSC</authorURI>
    </creationInfo>
  </magnitude>
</event>
<event publicID="quakeml:eu.emsc/event/20041010_0000030">
  <preferredOriginID>quakeml:eu.emsc/event/20041010_0000030/origin/1293709</preferredOriginID>
  <preferredMagnitudeID>quakeml:eu.emsc/event/20041010_0000030/origin/1293709/mag/2</preferredMagnitudeID>
  <creationInfo>
    <agencyURI>smi:smi-registry/organization/EMSC</agencyURI>
    <authorURI>smi:smi-registry/organization/EMSC</authorURI>
    <creationTime>2014-12-11T04:48:06.493945Z</creationTime>
  </creationInfo>
  <description>
    <text>WESTERN TURKEY</text>
    <type>Flinn-Engdahl region</type>
  </description>
  <origin publicID="quakeml:eu.emsc/event/20041010_0000030/origin/1293709">
    <time>
      <value>2004-10-10T16:56:04.6Z</value>
    </time>
    <latitude>
      <value>36.695</value>
      <uncertainty>9999.9</uncertainty>
    </latitude>
    <longitude>
      <value>29.028</value>
      <uncertainty>9999.9</uncertainty>
    </longitude>
    <depth>
      <value>16000</value>
    </depth>
    <depthType>from location</depthType>
    <methodID>smi:eu.emsc-csem/origin_method/NA</methodID>
    <quality>
      <usedPhaseCount>10</usedPhaseCount>
      <usedStationCount>8</usedStationCount>
      <standardError>0.88</standardError>
      <azimuthalGap>197</azimuthalGap>
      <minimumDistance>0.32</minimumDistance>
      <maximumDistance>3.14</maximumDistance>
    </quality>
    <evaluationMode>manual</evaluationMode>
    <creationInfo>
      <agencyURI>smi:smi-registry/organization/EMSC</agencyURI>
      <authorURI>smi:smi-registry/organization/EMSC</authorURI>
    </creationInfo>
    <originUncertainty>
      <azimuthMaxHorizontalUncertainty>-99</azimuthMaxHorizontalUncertainty>
    </originUncertainty>
  </origin>
  <magnitude publicID="quakeml:eu.emsc/event/20041010_0000030/origin/1293709/mag/2">
    <mag>
      <value>3.1</value>
    </mag>
    <type>MD</type>
    <originID>quakeml:eu.emsc/event/20041010_0000030/origin/1293709</originID>
    <creationInfo>
      <agencyURI>smi:smi-registry/organization/EMSC</agencyURI>
      <authorURI>smi:smi-registry/organization/EMSC</authorURI>
    </creationInfo>
  </magnitude>
</event>
<event publicID="quakeml:eu.emsc/event/20041010_0000060">
  <preferredOriginID>quakeml:eu.emsc/event/20041010_0000060/origin/1299591</preferredOriginID>
  <preferredMagnitudeID>quakeml:eu.emsc/event/20041010_0000060/origin/1299591/mag/2</preferredMagnitudeID>
  <creationInfo>
    <agencyURI>smi:smi-registry/organization/EMSC</agencyURI>
    <authorURI>smi:smi-registry/organization/EMSC</authorURI>
    <creationTime>2014-12-03T11:30:58.839838Z</creationTime>
  </creationInfo>
  <description>
    <text>AEGEAN SEA</text>
    <type>Flinn-Engdahl region</type>
  </description>
  <origin publicID="quakeml:eu.emsc/event/20041010_0000060/origin/1299591">
    <time>
      <value>2004-10-10T16:40:00.4Z</value>
      <uncertainty>0.16</uncertainty>
    </time>
    <latitude>
      <value>39.0928</value>
      <uncertainty>4.9</uncertainty>
    </latitude>
    <longitude>
      <value>23.2346</value>
      <uncertainty>3.2</uncertainty>
    </longitude>
    <depth>
      <value>15000</value>
    </depth>
    <depthType>from location</depthType>
    <methodID>smi:eu.emsc-csem/origin_method/NA</methodID>
    <quality>
      <usedPhaseCount>28</usedPhaseCount>
      <usedStationCount>20</usedStationCount>
      <standardError>0.76</standardError>
      <azimuthalGap>73</azimuthalGap>
      <minimumDistance>0.21</minimumDistance>
      <maximumDistance>2.38</maximumDistance>
    </quality>
    <evaluationMode>manual</evaluationMode>
    <creationInfo>
      <agencyURI>smi:smi-registry/organization/EMSC</agencyURI>
      <authorURI>smi:smi-registry/organization/EMSC</authorURI>
    </creationInfo>
    <originUncertainty>
      <azimuthMaxHorizontalUncertainty>97</azimuthMaxHorizontalUncertainty>
    </originUncertainty>
  </origin>
  <magnitude publicID="quakeml:eu.emsc/event/20041010_0000060/origin/1299591/mag/2">
    <mag>
      <value>3.1</value>
    </mag>
    <type>ML</type>
    <originID>quakeml:eu.emsc/event/20041010_0000060/origin/1299591</originID>
    <creationInfo>
      <agencyURI>smi:smi-registry/organization/EMSC</agencyURI>
      <authorURI>smi:smi-registry/organization/EMSC</authorURI>
    </creationInfo>
  </magnitude>
</event>
<event publicID="quakeml:eu.emsc/event/20041010_0000056">
  <preferredOriginID>quakeml:eu.emsc/event/20041010_0000056/origin/1299594</preferredOriginID>
  <preferredMagnitudeID>quakeml:eu.emsc/event/20041010_0000056/origin/1299594/mag/2</preferredMagnitudeID>
  <creationInfo>
    <agencyURI>smi:smi-registry/organization/EMSC</agencyURI>
    <authorURI>smi:smi-registry/organization/EMSC</authorURI>
    <creationTime>2014-12-03T11:12:48.189543Z</creationTime>
  </creationInfo>
  <description>
    <text>CRETE, GREECE</text>
    <type>Flinn-Engdahl region</type>
  </description>
  <origin publicID="quakeml:eu.emsc/event/20041010_0000056/origin/1299594">
    <time>
      <value>2004-10-10T16:31:53.6Z</value>
      <uncertainty>0.73</uncertainty>
    </time>
    <latitude>
      <value>34.6307</value>
      <uncertainty>18.1</uncertainty>
    </latitude>
    <longitude>
      <value>25.3424</value>
      <uncertainty>8</uncertainty>
    </longitude>
    <depth>
      <value>17900.0</value>
      <uncertainty>3.5</uncertainty>
    </depth>
    <depthType>from location</depthType>
    <methodID>smi:eu.emsc-csem/origin_method/NA</methodID>
    <quality>
      <usedPhaseCount>15</usedPhaseCount>
      <usedStationCount>14</usedStationCount>
      <standardError>0.66</standardError>
      <azimuthalGap>223</azimuthalGap>
      <minimumDistance>0.38</minimumDistance>
      <maximumDistance>5</maximumDistance>
    </quality>
    <evaluationMode>manual</evaluationMode>
    <creationInfo>
      <agencyURI>smi:smi-registry/organization/EMSC</agencyURI>
      <authorURI>smi:smi-registry/organization/EMSC</authorURI>
    </creationInfo>
    <originUncertainty>
      <azimuthMaxHorizontalUncertainty>170</azimuthMaxHorizontalUncertainty>
    </originUncertainty>
  </origin>
  <magnitude publicID="quakeml:eu.emsc/event/20041010_0000056/origin/1299594/mag/2">
    <mag>
      <value>3.6</value>
    </mag>
    <type>MD</type>
    <originID>quakeml:eu.emsc/event/20041010_0000056/origin/1299594</originID>
    <creationInfo>
      <agencyURI>smi:smi-registry/organization/EMSC</agencyURI>
      <authorURI>smi:smi-registry/organization/EMSC</authorURI>
    </creationInfo>
  </magnitude>
</event>
<event publicID="quakeml:eu.emsc/event/20041010_0000025">
  <preferredOriginID>quakeml:eu.emsc/event/20041010_0000025/origin/1299597</preferredOriginID>
  <preferredMagnitudeID>quakeml:eu.emsc/event/20041010_0000025/origin/1299597/mag/2</preferredMagnitudeID>
  <creationInfo>
    <agencyURI>smi:smi-registry/organization/EMSC</agencyURI>
    <authorURI>smi:smi-registry/organization/EMSC</authorURI>
    <creationTime>2014-12-03T13:37:31.712944Z</creationTime>
  </creationInfo>
  <description>
    <text>CRETE, GREECE</text>
    <type>Flinn-Engdahl region</type>
  </description>
  <origin publicID="quakeml:eu.emsc/event/20041010_0000025/origin/1299597">
    <time>
      <value>2004-10-10T16:30:10.2Z</value>
      <uncertainty>0.61</uncertainty>
    </time>
    <latitude>
      <value>34.7632</value>
      <uncertainty>14.7</uncertainty>
    </latitude>
    <longitude>
      <value>25.3024</value>
      <uncertainty>8.1</uncertainty>
    </longitude>
    <depth>
      <value>10000</value>
    </depth>
    <depthType>from location</depthType>
    <methodID>smi:eu.emsc-csem/origin_method/NA</methodID>
    <quality>
      <usedPhaseCount>15</usedPhaseCount>
      <usedStationCount>12</usedStationCount>
      <standardError>0.92</standardError>
      <azimuthalGap>203</azimuthalGap>
      <minimumDistance>0.34</minimumDistance>
      <maximumDistance>4.87</maximumDistance>
    </quality>
    <evaluationMode>manual</evaluationMode>
    <creationInfo>
      <agencyURI>smi:smi-registry/organization/EMSC</agencyURI>
      <authorURI>smi:smi-registry/organization/EMSC</authorURI>
    </creationInfo>
    <originUncertainty>
      <azimuthMaxHorizontalUncertainty>173</azimuthMaxHorizontalUncertainty>
    </originUncertainty>
  </origin>
  <magnitude publicID="quakeml:eu.emsc/event/20041010_0000025/origin/1299597/mag/2">
    <mag>
      <value>3.6</value>
    </mag>
    <type>MD</type>
    <originID>quakeml:eu.emsc/event/20041010_0000025/origin/1299597</originID>
    <creationInfo>
      <agencyURI>smi:smi-registry/organization/EMSC</agencyURI>
      <authorURI>smi:smi-registry/organization/EMSC</authorURI>
    </creationInfo>
  </magnitude>
</event>
<event publicID="quakeml:eu.emsc/event/20041010_0000054">
  <preferredOriginID>quakeml:eu.emsc/event/20041010_0000054/origin/1299603</preferredOriginID>
  <preferredMagnitudeID>quakeml:eu.emsc/event/20041010_0000054/origin/1299603/mag/2</preferredMagnitudeID>
  <creationInfo>
    <agencyURI>smi:smi-registry/organization/EMSC</agencyURI>
    <authorURI>smi:smi-registry/organization/EMSC</authorURI>
    <creationTime>2014-12-03T12:19:19.344458Z</creationTime>
  </creationInfo>
  <description>
    <text>SOUTHERN IRAN</text>
    <type>Flinn-Engdahl region</type>
  </description>
  <origin publicID="quakeml:eu.emsc/event/20041010_0000054/origin/1299603">
    <time>
      <value>2004-10-10T16:27:48.8Z</value>
      <uncertainty>0.17</uncertainty>
    </time>
    <latitude>
      <value>28.2205</value>
      <uncertainty>6.1</uncertainty>
    </latitude>
    <longitude>
      <value>57.3286</value>
      <uncertainty>5.9</uncertainty>
    </longitude>
    <depth>
      <value>10000</value>
    </depth>
    <depthType>from location</depthType>
    <methodID>smi:eu.emsc-csem/origin_method/NA</methodID>
    <quality>
      <usedPhaseCount>47</usedPhaseCount>
      <usedStationCount>46</usedStationCount>
      <standardError>0.87</standardError>
      <azimuthalGap>100</azimuthalGap>
      <minimumDistance>1.31</minimumDistance>
      <maximumDistance>48.89</maximumDistance>
    </quality>
    <evaluationMode>manual</evaluationMode>
    <creationInfo>
      <agencyURI>smi:smi-registry/organization/EMSC</agencyURI>
      <authorURI>smi:smi-registry/organization/EMSC</authorURI>
    </creationInfo>
    <originUncertainty>
      <azimuthMaxHorizontalUncertainty>103</azimuthMaxHorizontalUncertainty>
    </originUncertainty>
  </origin>
  <magnitude publicID="quakeml:eu.emsc/event/20041010_0000054/origin/1299603/mag/2">
    <mag>
      <value>3.9</value>
    </mag>
    <type>ML</type>
    <originID>quakeml:eu.emsc/event/20041010_0000054/origin/1299603</originID>
    <creationInfo>
      <agencyURI>smi:smi-registry/organization/EMSC</agencyURI>
      <authorURI>smi:smi-registry/organization/EMSC</authorURI>
    </creationInfo>
  </magnitude>
</event>
<event publicID="quakeml:eu.emsc/event/20041010_0000024">
  <preferredOriginID>quakeml:eu.emsc/event/20041010_0000024/origin/1299606</preferredOriginID>
  <preferredMagnitudeID>quakeml:eu.emsc/event/20041010_0000024/origin/1299606/mag/1</preferredMagnitudeID>
  <creationInfo>
    <agencyURI>smi:smi-registry/organization/EMSC</agencyURI>
    <authorURI>smi:smi-registry/organization/EMSC</authorURI>
    <creationTime>2014-12-03T13:15:43.762884Z</creationTime>
  </creationInfo>
  <description>
    <text>BAY OF BISCAY</text>
    <type>Flinn-Engdahl region</type>
  </description>
  <origin publicID="quakeml:eu.emsc/event/20041010_0000024/origin/1299606">
    <time>
      <value>2004-10-10T13:43:40.0Z</value>
      <uncertainty>0.15</uncertainty>
    </time>
    <latitude>
      <value>46.8745</value>
      <uncertainty>3.4</uncertainty>
    </latitude>
    <longitude>
      <value>-2.0498</value>
      <uncertainty>1.8</uncertainty>
    </longitude>
    <depth>
      <value>15000</value>
    </depth>
    <depthType>from location</depthType>
    <methodID>smi:eu.emsc-csem/origin_method/NA</methodID>
    <quality>
      <usedPhaseCount>62</usedPhaseCount>
      <usedStationCount>20</usedStationCount>
      <standardError>0.82</standardError>
      <azimuthalGap>153</azimuthalGap>
      <minimumDistance>0.46</minimumDistance>
      <maximumDistance>4.11</maximumDistance>
    </quality>
    <evaluationMode>manual</evaluationMode>
    <creationInfo>
      <agencyURI>smi:smi-registry/organization/EMSC</agencyURI>
      <authorURI>smi:smi-registry/organization/EMSC</authorURI>
    </creationInfo>
    <originUncertainty>
      <azimuthMaxHorizontalUncertainty>51</azimuthMaxHorizontalUncertainty>
    </originUncertainty>
  </origin>
  <magnitude publicID="quakeml:eu.emsc/event/20041010_0000024/origin/1299606/mag/1">
    <mag>
      <value>2.5</value>
      <uncertainty>0.3</uncertainty>
    </mag>
    <type>ML</type>
    <originID>quakeml:eu.emsc/event/20041010_0000024/origin/1299606</originID>
    <stationCount>19</stationCount>
    <creationInfo>
      <agencyURI>smi:smi-registry/organization/EMSC</agencyURI>
      <authorURI>smi:smi-registry/organization/EMSC</authorURI>
    </creationInfo>
  </magnitude>
</event>
<event publicID="quakeml:eu.emsc/event/20041010_0000037">
  <preferredOriginID>quakeml:eu.emsc/event/20041010_0000037/origin/1299609</preferredOriginID>
  <preferredMagnitudeID>quakeml:eu.emsc/event/20041010_0000037/origin/1299609/mag/2</preferredMagnitudeID>
  <creationInfo>
    <agencyURI>smi:smi-registry/organization/EMSC</agencyURI>
    <authorURI>smi:smi-registry/organization/EMSC</authorURI>
    <creationTime>2014-12-03T10:49:59.290051Z</creationTime>
  </creationInfo>
  <description>
    <text>CENTRAL ITALY</text>
    <type>Flinn-Engdahl region</type>
  </description>
  <origin publicID="quakeml:eu.emsc/event/20041010_0000037/origin/1299609">
    <time>
      <value>2004-10-10T13:34:38.6Z</value>
      <uncertainty>0.12</uncertainty>
    </time>
    <latitude>
      <value>42.509</value>
      <uncertainty>3.2</uncertainty>
    </latitude>
    <longitude>
      <value>13.2972</value>
      <uncertainty>2.1</uncertainty>
    </longitude>
    <depth>
      <value>12000</value>
    </depth>
    <depthType>from location</depthType>
    <methodID>smi:eu.emsc-csem/origin_method/NA</methodID>
    <quality>
      <usedPhaseCount>19</usedPhaseCount>
      <usedStationCount>12</usedStationCount>
      <standardError>0.66</standardError>
      <azimuthalGap>82</azimuthalGap>
      <minimumDistance>0.17</minimumDistance>
      <maximumDistance>2.35</maximumDistance>
    </quality>
    <evaluationMode>manual</evaluationMode>
    <creationInfo>
      <agencyURI>smi:smi-registry/organization/EMSC</agencyURI>
      <authorURI>smi:smi-registry/organization/EMSC</authorURI>
    </creationInfo>
    <originUncertainty>
      <azimuthMaxHorizontalUncertainty>87</azimuthMaxHorizontalUncertainty>
    </originUncertainty>
  </origin>
  <magnitude publicID="quakeml:eu.emsc/event/20041010_0000037/origin/1299609/mag/2">
    <mag>
      <value>1.9</value>
    </mag>
    <type>ML</type>
    <originID>quakeml:eu.emsc/event/20041010_0000037/origin/1299609</originID>
    <stationCount>3</stationCount>
    <creationInfo>
      <agencyURI>smi:smi-registry/organization/EMSC</agencyURI>
      <authorURI>smi:smi-registry/organization/EMSC</authorURI>
    </creationInfo>
  </magnitude>
</event>
<event publicID="quakeml:eu.emsc/event/20041010_0000040">
  <preferredOriginID>quakeml:eu.emsc/event/20041010_0000040/origin/1299612</preferredOriginID>
  <preferredMagnitudeID>quakeml:eu.emsc/event/20041010_0000040/origin/1299612/mag/2</preferredMagnitudeID>
  <creationInfo>
    <agencyURI>smi:smi-registry/organization/EMSC</agencyURI>
    <authorURI>smi:smi-registry/organization/EMSC</authorURI>
    <creationTime>2014-12-03T11:36:32.180304Z</creationTime>
  </creationInfo>
  <description>
    <text>AEGEAN SEA</text>
    <type>Flinn-Engdahl region</type>
  </description>
  <origin publicID="quakeml:eu.emsc/event/20041010_0000040/origin/1299612">
    <time>
      <value>2004-10-10T13:21:31.6Z</value>
      <uncertainty>0.15</uncertainty>
    </time>
    <latitude>
      <value>39.108</value>
      <uncertainty>3.9</uncertainty>
    </latitude>
    <longitude>
      <value>23.2011</value>
      <uncertainty>2.8</uncertainty>
    </longitude>
    <depth>
      <value>15000</value>
    </depth>
    <depthType>from location</depthType>
    <methodID>smi:eu.emsc-csem/origin_method/NA</methodID>
    <quality>
      <usedPhaseCount>19</usedPhaseCount>
      <usedStationCount>13</usedStationCount>
      <standardError>0.6</standardError>
      <azimuthalGap>70</azimuthalGap>
      <minimumDistance>0.2</minimumDistance>
      <maximumDistance>1.36</maximumDistance>
    </quality>
    <evaluationMode>manual</evaluationMode>
    <creationInfo>
      <agencyURI>smi:smi-registry/organization/EMSC</agencyURI>
      <authorURI>smi:smi-registry/organization/EMSC</authorURI>
    </creationInfo>
    <originUncertainty>
      <azimuthMaxHorizontalUncertainty>84</azimuthMaxHorizontalUncertainty>
    </originUncertainty>
  </origin>
  <magnitude publicID="quakeml:eu.emsc/event/20041010_0000040/origin/1299612/mag/2">
    <mag>
      <value>2.7</value>
    </mag>
    <type>MD</type>
    <originID>quakeml:eu.emsc/event/20041010_0000040/origin/1299612</originID>
    <creationInfo>
      <agencyURI>smi:smi-registry/organization/EMSC</agencyURI>
      <authorURI>smi:smi-registry/organization/EMSC</authorURI>
    </creationInfo>
  </magnitude>
</event>
<event publicID="quakeml:eu.emsc/event/20041010_0000057">
  <preferredOriginID>quakeml:eu.emsc/event/20041010_0000057/origin/1299615</preferredOriginID>
  <preferredMagnitudeID>quakeml:eu.emsc/event/20041010_0000057/origin/1299615/mag/2</preferredMagnitudeID>
  <creationInfo>
    <agencyURI>smi:smi-registry/organization/EMSC</agencyURI>
    <authorURI>smi:smi-registry/organization/EMSC</authorURI>
    <creationTime>2014-12-03T10:49:01.49878Z</creationTime>
  </creationInfo>
  <description>
    <text>AEGEAN SEA</text>
    <type>Flinn-Engdahl region</type>
  </description>
  <origin publicID="quakeml:eu.emsc/event/20041010_0000057/origin/1299615">
    <time>
      <value>2004-10-10T13:12:27.5Z</value>
      <uncertainty>0.12</uncertainty>
    </time>
    <latitude>
      <value>39.1049</value>
      <uncertainty>3.5</uncertainty>
    </latitude>
    <longitude>
      <value>23.1899</value>
      <uncertainty>2.4</uncertainty>
    </longitude>
    <depth>
      <value>15000</value>
    </depth>
    <depthType>from location</depthType>
    <methodID>smi:eu.emsc-csem/origin_method/NA</methodID>
    <quality>
      <usedPhaseCount>24</usedPhaseCount>
      <usedStationCount>16</usedStationCount>
      <standardError>0.67</standardError>
      <azimuthalGap>70</azimuthalGap>
      <minimumDistance>0.2</minimumDistance>
      <maximumDistance>2.03</maximumDistance>
    </quality>
    <evaluationMode>manual</evaluationMode>
    <creationInfo>
      <agencyURI>smi:smi-registry/organization/EMSC</agencyURI>
      <authorURI>smi:smi-registry/organization/EMSC</authorURI>
    </creationInfo>
    <originUncertainty>
      <azimuthMaxHorizontalUncertainty>96</azimuthMaxHorizontalUncertainty>
    </originUncertainty>
  </origin>
  <magnitude publicID="quakeml:eu.emsc/event/20041010_0000057/origin/1299615/mag/2">
    <mag>
      <value>3</value>
    </mag>
    <type>ML</type>
    <originID>quakeml:eu.emsc/event/20041010_0000057/origin/1299615</originID>
    <creationInfo>
      <agencyURI>smi:smi-registry/organization/EMSC</agencyURI>
      <authorURI>smi:smi-registry/organization/EMSC</authorURI>
    </creationInfo>
  </magnitude>
</event>
<event publicID="quakeml:eu.emsc/event/20041010_0000038">
  <preferredOriginID>quakeml:eu.emsc/event/20041010_0000038/origin/1299618</preferredOriginID>
  <preferredMagnitudeID>quakeml:eu.emsc/event/20041010_0000038/origin/1299618/mag/2</preferredMagnitudeID>
  <creationInfo>
    <agencyURI>smi:smi-registry/organization/EMSC</agencyURI>
    <authorURI>smi:smi-registry/organization/EMSC</authorURI>
    <creationTime>2014-12-03T12:15:43.982928Z</creationTime>
  </creationInfo>
  <description>
    <text>AEGEAN SEA</text>
    <type>Flinn-Engdahl region</type>
  </description>
  <origin publicID="quakeml:eu.emsc/event/20041010_0000038/origin/1299618">
    <time>
      <value>2004-10-10T13:09:11.6Z</value>
      <uncertainty>0.13</uncertainty>
    </time>
    <latitude>
      <value>39.1122</value>
      <uncertainty>3.9</uncertainty>
    </latitude>
    <longitude>
      <value>23.1906</value>
      <uncertainty>2.5</uncertainty>
    </longitude>
    <depth>
      <value>15000</value>
    </depth>
    <depthType>from location</depthType>
    <methodID>smi:eu.emsc-csem/origin_method/NA</methodID>
    <quality>
      <usedPhaseCount>26</usedPhaseCount>
      <usedStationCount>17</usedStationCount>
      <standardError>0.64</standardError>
      <azimuthalGap>69</azimuthalGap>
      <minimumDistance>0.2</minimumDistance>
      <maximumDistance>2.18</maximumDistance>
    </quality>
    <evaluationMode>manual</evaluationMode>
    <creationInfo>
      <agencyURI>smi:smi-registry/organization/EMSC</agencyURI>
      <authorURI>smi:smi-registry/organization/EMSC</authorURI>
    </creationInfo>
    <originUncertainty>
      <azimuthMaxHorizontalUncertainty>90</azimuthMaxHorizontalUncertainty>
    </originUncertainty>
  </origin>
  <magnitude publicID="quakeml:eu.emsc/event/20041010_0000038/origin/1299618/mag/2">
    <mag>
      <value>3</value>
    </mag>
    <type>ML</type>
    <originID>quakeml:eu.emsc/event/20041010_0000038/origin/1299618</originID>
    <creationInfo>
      <agencyURI>smi:smi-registry/organization/EMSC</agencyURI>
      <authorURI>smi:smi-registry/organization/EMSC</authorURI>
    </creationInfo>
  </magnitude>
</event>
<event publicID="quakeml:eu.emsc/event/20041010_0000023">
  <preferredOriginID>quakeml:eu.emsc/event/20041010_0000023/origin/AX637</preferredOriginID>
  <preferredMagnitudeID>quakeml:eu.emsc/event/20041010_0000023/origin/AX637/mag/1</preferredMagnitudeID>
  <creationInfo>
    <agencyURI>smi:smi-registry/organization/EMSC</agencyURI>
    <authorURI>smi:smi-registry/organization/ROM</authorURI>
    <creationTime>2014-12-01T15:29:28.279393Z</creationTime>
  </creationInfo>
  <description>
    <text>CENTRAL ITALY</text>
    <type>Flinn-Engdahl region</type>
  </description>
  <origin publicID="quakeml:eu.emsc/event/20041010_0000023/origin/AX637">
    <time>
      <value>2004-10-10T12:59:25.0Z</value>
    </time>
    <latitude>
      <value>42.52</value>
    </latitude>
    <longitude>
      <value>13.29</value>
    </longitude>
    <depth>
      <value>1000.0</value>
    </depth>
    <depthType>from location</depthType>
    <methodID>smi:eu.emsc-csem/origin_method/GEIGER</methodID>
    <quality>
      <usedPhaseCount>1</usedPhaseCount>
      <usedStationCount>1</usedStationCount>
    </quality>
    <evaluationMode>manual</evaluationMode>
    <creationInfo>
      <agencyURI>smi:smi-registry/organization/EMSC</agencyURI>
      <authorURI>smi:smi-registry/organization/ROM</authorURI>
    </creationInfo>
  </origin>
  <magnitude publicID="quakeml:eu.emsc/event/20041010_0000023/origin/AX637/mag/1">
    <mag>
      <value>3.2</value>
    </mag>
    <type>m</type>
    <originID>quakeml:eu.emsc/event/20041010_0000023/origin/AX637</originID>
    <creationInfo>
      <agencyURI>smi:smi-registry/organization/EMSC</agencyURI>
      <authorURI>smi:smi-registry/organization/ROM</authorURI>
    </creationInfo>
  </magnitude>
</event>
<event publicID="quakeml:eu.emsc/event/20041010_0000052">
  <preferredOriginID>quakeml:eu.emsc/event/20041010_0000052/origin/1973413</preferredOriginID>
  <preferredMagnitudeID>quakeml:eu.emsc/event/20041010_0000052/origin/1973413/mag/2</preferredMagnitudeID>
  <creationInfo>
    <agencyURI>smi:smi-registry/organization/EMSC</agencyURI>
    <authorURI>smi:smi-registry/organization/EMSC</authorURI>
    <creationTime>2014-12-11T09:34:12.378823Z</creationTime>
  </creationInfo>
  <description>
    <text>CENTRAL ITALY</text>
    <type>Flinn-Engdahl region</type>
  </description>
  <origin publicID="quakeml:eu.emsc/event/20041010_0000052/origin/1973413">
    <time>
      <value>2004-10-10T12:59:24.8Z</value>
    </time>
    <latitude>
      <value>42.492</value>
      <uncertainty>9999.9</uncertainty>
    </latitude>
    <longitude>
      <value>13.274</value>
      <uncertainty>9999.9</uncertainty>
    </longitude>
    <depth>
      <value>2900.0</value>
    </depth>
    <depthType>from location</depthType>
    <methodID>smi:eu.emsc-csem/origin_method/NA</methodID>
    <quality>
      <usedPhaseCount>26</usedPhaseCount>
      <usedStationCount>19</usedStationCount>
      <standardError>1.56</standardError>
      <azimuthalGap>66</azimuthalGap>
      <minimumDistance>0.17</minimumDistance>
      <maximumDistance>4.12</maximumDistance>
    </quality>
    <evaluationMode>manual</evaluationMode>
    <creationInfo>
      <agencyURI>smi:smi-registry/organization/EMSC</agencyURI>
      <authorURI>smi:smi-registry/organization/EMSC</authorURI>
    </creationInfo>
    <originUncertainty>
      <azimuthMaxHorizontalUncertainty>-99</azimuthMaxHorizontalUncertainty>
    </originUncertainty>
  </origin>
  <magnitude publicID="quakeml:eu.emsc/event/20041010_0000052/origin/1973413/mag/2">
    <mag>
      <value>2.5</value>
    </mag>
    <type>ML</type>
    <originID>quakeml:eu.emsc/event/20041010_0000052/origin/1973413</originID>
    <stationCount>6</stationCount>
    <creationInfo>
      <agencyURI>smi:smi-registry/organization/EMSC</agencyURI>
      <authorURI>smi:smi-registry/organization/EMSC</authorURI>
    </creationInfo>
  </magnitude>
</event>
<event publicID="quakeml:eu.emsc/event/20041010_0000022">
  <preferredOriginID>quakeml:eu.emsc/event/20041010_0000022/origin/1299622</preferredOriginID>
  <preferredMagnitudeID>quakeml:eu.emsc/event/20041010_0000022/origin/1299622/mag/2</preferredMagnitudeID>
  <creationInfo>
    <agencyURI>smi:smi-registry/organization/EMSC</agencyURI>
    <authorURI>smi:smi-registry/organization/EMSC</authorURI>
    <creationTime>2014-12-03T12:40:55.54006Z</creationTime>
  </creationInfo>
  <description>
    <text>AEGEAN SEA</text>
    <type>Flinn-Engdahl region</type>
  </description>
  <origin publicID="quakeml:eu.emsc/event/20041010_0000022/origin/1299622">
    <time>
      <value>2004-10-10T12:58:25.2Z</value>
      <uncertainty>0.12</uncertainty>
    </time>
    <latitude>
      <value>39.1123</value>
      <uncertainty>3.7</uncertainty>
    </latitude>
    <longitude>
      <value>23.2796</value>
      <uncertainty>2.6</uncertainty>
    </longitude>
    <depth>
      <value>10000</value>
    </depth>
    <depthType>from location</depthType>
    <methodID>smi:eu.emsc-csem/origin_method/NA</methodID>
    <quality>
      <usedPhaseCount>71</usedPhaseCount>
      <usedStationCount>52</usedStationCount>
      <standardError>0.92</standardError>
      <azimuthalGap>32</azimuthalGap>
      <minimumDistance>0.2</minimumDistance>
      <maximumDistance>4.38</maximumDistance>
    </quality>
    <evaluationMode>manual</evaluationMode>
    <creationInfo>
      <agencyURI>smi:smi-registry/organization/EMSC</agencyURI>
      <authorURI>smi:smi-registry/organization/EMSC</authorURI>
    </creationInfo>
    <originUncertainty>
      <azimuthMaxHorizontalUncertainty>86</azimuthMaxHorizontalUncertainty>
    </originUncertainty>
  </origin>
  <magnitude publicID="quakeml:eu.emsc/event/20041010_0000022/origin/1299622/mag/2">
    <mag>
      <value>3.7</value>
    </mag>
    <type>ML</type>
    <originID>quakeml:eu.emsc/event/20041010_0000022/origin/1299622</originID>
    <creationInfo>
      <agencyURI>smi:smi-registry/organization/EMSC</agencyURI>
      <authorURI>smi:smi-registry/organization/EMSC</authorURI>
    </creationInfo>
  </magnitude>
</event>
<event publicID="quakeml:eu.emsc/event/20041010_0000035">
  <preferredOriginID>quakeml:eu.emsc/event/20041010_0000035/origin/1293711</preferredOriginID>
  <preferredMagnitudeID>quakeml:eu.emsc/event/20041010_0000035/origin/1293711/mag/2</preferredMagnitudeID>
  <creationInfo>
    <agencyURI>smi:smi-registry/organization/EMSC</agencyURI>
    <authorURI>smi:smi-registry/organization/EMSC</authorURI>
    <creationTime>2014-12-10T18:19:23.608384Z</creationTime>
  </creationInfo>
  <description>
    <text>SPAIN</text>
    <type>Flinn-Engdahl region</type>
  </description>
  <origin publicID="quakeml:eu.emsc/event/20041010_0000035/origin/1293711">
    <time>
      <value>2004-10-10T12:56:36.7Z</value>
    </time>
    <latitude>
      <value>41.5749</value>
      <uncertainty>9999.9</uncertainty>
    </latitude>
    <longitude>
      <value>2.5626</value>
      <uncertainty>9999.9</uncertainty>
    </longitude>
    <depth>
      <value>0</value>
    </depth>
    <depthType>from location</depthType>
    <methodID>smi:eu.emsc-csem/origin_method/NA</methodID>
    <quality>
      <usedPhaseCount>9</usedPhaseCount>
      <usedStationCount>6</usedStationCount>
      <standardError>3.89</standardError>
      <azimuthalGap>240</azimuthalGap>
      <minimumDistance>0.21</minimumDistance>
      <maximumDistance>2.11</maximumDistance>
    </quality>
    <evaluationMode>manual</evaluationMode>
    <creationInfo>
      <agencyURI>smi:smi-registry/organization/EMSC</agencyURI>
      <authorURI>smi:smi-registry/organization/EMSC</authorURI>
    </creationInfo>
    <originUncertainty>
      <azimuthMaxHorizontalUncertainty>-99</azimuthMaxHorizontalUncertainty>
    </originUncertainty>
  </origin>
  <magnitude publicID="quakeml:eu.emsc/event/20041010_0000035/origin/1293711/mag/2">
    <mag>
      <value>1.6</value>
    </mag>
    <type>ML</type>
    <originID>quakeml:eu.emsc/event/20041010_0000035/origin/1293711</originID>
    <creationInfo>
      <agencyURI>smi:smi-registry/organization/EMSC</agencyURI>
      <authorURI>smi:smi-registry/organization/EMSC</authorURI>
    </creationInfo>
  </magnitude>
</event>
<event publicID="quakeml:eu.emsc/event/20041010_0000021">
  <preferredOriginID>quakeml:eu.emsc/event/20041010_0000021/origin/1299627</preferredOriginID>
  <preferredMagnitudeID>quakeml:eu.emsc/event/20041010_0000021/origin/1299627/mag/2</preferredMagnitudeID>
  <creationInfo>
    <agencyURI>smi:smi-registry/organization/EMSC</agencyURI>
    <authorURI>smi:smi-registry/organization/EMSC</authorURI>
    <creationTime>2014-12-03T13:20:51.379845Z</creationTime>
  </creationInfo>
  <description>
    <text>CENTRAL ITALY</text>
    <type>Flinn-Engdahl region</type>
  </description>
  <origin publicID="quakeml:eu.emsc/event/20041010_0000021/origin/1299627">
    <time>
      <value>2004-10-10T12:37:23.1Z</value>
      <uncertainty>0.14</uncertainty>
    </time>
    <latitude>
      <value>42.4988</value>
      <uncertainty>3.9</uncertainty>
    </latitude>
    <longitude>
      <value>13.3271</value>
      <uncertainty>2.9</uncertainty>
    </longitude>
    <depth>
      <value>10000</value>
    </depth>
    <depthType>from location</depthType>
    <methodID>smi:eu.emsc-csem/origin_method/NA</methodID>
    <quality>
      <usedPhaseCount>56</usedPhaseCount>
      <usedStationCount>46</usedStationCount>
      <standardError>0.96</standardError>
      <azimuthalGap>57</azimuthalGap>
      <minimumDistance>0.16</minimumDistance>
      <maximumDistance>7.28</maximumDistance>
    </quality>
    <evaluationMode>manual</evaluationMode>
    <creationInfo>
      <agencyURI>smi:smi-registry/organization/EMSC</agencyURI>
      <authorURI>smi:smi-registry/organization/EMSC</authorURI>
    </creationInfo>
    <originUncertainty>
      <azimuthMaxHorizontalUncertainty>85</azimuthMaxHorizontalUncertainty>
    </originUncertainty>
  </origin>
  <magnitude publicID="quakeml:eu.emsc/event/20041010_0000021/origin/1299627/mag/2">
    <mag>
      <value>3</value>
    </mag>
    <type>ML</type>
    <originID>quakeml:eu.emsc/event/20041010_0000021/origin/1299627</originID>
    <stationCount>7</stationCount>
    <creationInfo>
      <agencyURI>smi:smi-registry/organization/EMSC</agencyURI>
      <authorURI>smi:smi-registry/organization/EMSC</authorURI>
    </creationInfo>
  </magnitude>
</event>
<event publicID="quakeml:eu.emsc/event/20041010_0000020">
  <preferredOriginID>quakeml:eu.emsc/event/20041010_0000020/origin/1299632</preferredOriginID>
  <preferredMagnitudeID>quakeml:eu.emsc/event/20041010_0000020/origin/1299632/mag/1</preferredMagnitudeID>
  <creationInfo>
    <agencyURI>smi:smi-registry/organization/EMSC</agencyURI>
    <authorURI>smi:smi-registry/organization/EMSC</authorURI>
    <creationTime>2014-12-03T13:58:06.4099Z</creationTime>
  </creationInfo>
  <description>
    <text>SOUTHERN IRAN</text>
    <type>Flinn-Engdahl region</type>
  </description>
  <origin publicID="quakeml:eu.emsc/event/20041010_0000020/origin/1299632">
    <time>
      <value>2004-10-10T10:28:08.4Z</value>
      <uncertainty>0.45</uncertainty>
    </time>
    <latitude>
      <value>26.7191</value>
      <uncertainty>17</uncertainty>
    </latitude>
    <longitude>
      <value>57.3298</value>
      <uncertainty>14.1</uncertainty>
    </longitude>
    <depth>
      <value>10000</value>
    </depth>
    <depthType>from location</depthType>
    <methodID>smi:eu.emsc-csem/origin_method/NA</methodID>
    <quality>
      <usedPhaseCount>17</usedPhaseCount>
      <usedStationCount>17</usedStationCount>
      <standardError>1.04</standardError>
      <azimuthalGap>121</azimuthalGap>
      <minimumDistance>3.45</minimumDistance>
      <maximumDistance>51.24</maximumDistance>
    </quality>
    <evaluationMode>manual</evaluationMode>
    <creationInfo>
      <agencyURI>smi:smi-registry/organization/EMSC</agencyURI>
      <authorURI>smi:smi-registry/organization/EMSC</authorURI>
    </creationInfo>
    <originUncertainty>
      <azimuthMaxHorizontalUncertainty>102</azimuthMaxHorizontalUncertainty>
    </originUncertainty>
  </origin>
  <magnitude publicID="quakeml:eu.emsc/event/20041010_0000020/origin/1299632/mag/1">
    <mag>
      <value>3.8</value>
    </mag>
    <type>Ms</type>
    <originID>quakeml:eu.emsc/event/20041010_0000020/origin/1299632</originID>
    <creationInfo>
      <agencyURI>smi:smi-registry/organization/EMSC</agencyURI>
      <authorURI>smi:smi-registry/organization/EMSC</authorURI>
    </creationInfo>
  </magnitude>
</event>
<event publicID="quakeml:eu.emsc/event/20041010_0000047">
  <preferredOriginID>quakeml:eu.emsc/event/20041010_0000047/origin/1293713</preferredOriginID>
  <preferredMagnitudeID>quakeml:eu.emsc/event/20041010_0000047/origin/1293713/mag/2</preferredMagnitudeID>
  <creationInfo>
    <agencyURI>smi:smi-registry/organization/EMSC</agencyURI>
    <authorURI>smi:smi-registry/organization/EMSC</authorURI>
    <creationTime>2014-12-11T04:47:42.627683Z</creationTime>
  </creationInfo>
  <description>
    <text>WESTERN TURKEY</text>
    <type>Flinn-Engdahl region</type>
  </description>
  <origin publicID="quakeml:eu.emsc/event/20041010_0000047/origin/1293713">
    <time>
      <value>2004-10-10T09:53:21.7Z</value>
    </time>
    <latitude>
      <value>37.47</value>
      <uncertainty>9999.9</uncertainty>
    </latitude>
    <longitude>
      <value>29.724</value>
      <uncertainty>9999.9</uncertainty>
    </longitude>
    <depth>
      <value>8000</value>
    </depth>
    <depthType>from location</depthType>
    <methodID>smi:eu.emsc-csem/origin_method/NA</methodID>
    <quality>
      <usedPhaseCount>6</usedPhaseCount>
      <usedStationCount>4</usedStationCount>
      <standardError>0.88</standardError>
      <azimuthalGap>129</azimuthalGap>
      <minimumDistance>0.62</minimumDistance>
      <maximumDistance>0.87</maximumDistance>
    </quality>
    <evaluationMode>manual</evaluationMode>
    <creationInfo>
      <agencyURI>smi:smi-registry/organization/EMSC</agencyURI>
      <authorURI>smi:smi-registry/organization/EMSC</authorURI>
    </creationInfo>
    <originUncertainty>
      <azimuthMaxHorizontalUncertainty>-99</azimuthMaxHorizontalUncertainty>
    </originUncertainty>
  </origin>
  <magnitude publicID="quakeml:eu.emsc/event/20041010_0000047/origin/1293713/mag/2">
    <mag>
      <value>3</value>
    </mag>
    <type>MD</type>
    <originID>quakeml:eu.emsc/event/20041010_0000047/origin/1293713</originID>
    <creationInfo>
      <agencyURI>smi:smi-registry/organization/EMSC</agencyURI>
      <authorURI>smi:smi-registry/organization/EMSC</authorURI>
    </creationInfo>
  </magnitude>
</event>
<event publicID="quakeml:eu.emsc/event/20041010_0000019">
  <preferredOriginID>quakeml:eu.emsc/event/20041010_0000019/origin/1299638</preferredOriginID>
  <preferredMagnitudeID>quakeml:eu.emsc/event/20041010_0000019/origin/1299638/mag/2</preferredMagnitudeID>
  <creationInfo>
    <agencyURI>smi:smi-registry/organization/EMSC</agencyURI>
    <authorURI>smi:smi-registry/organization/EMSC</authorURI>
    <creationTime>2014-12-03T14:13:00.966126Z</creationTime>
  </creationInfo>
  <description>
    <text>MOROCCO</text>
    <type>Flinn-Engdahl region</type>
  </description>
  <origin publicID="quakeml:eu.emsc/event/20041010_0000019/origin/1299638">
    <time>
      <value>2004-10-10T09:48:51.6Z</value>
      <uncertainty>0.29</uncertainty>
    </time>
    <latitude>
      <value>34.9077</value>
      <uncertainty>7.2</uncertainty>
    </latitude>
    <longitude>
      <value>-3.9116</value>
      <uncertainty>6.1</uncertainty>
    </longitude>
    <depth>
      <value>15000</value>
    </depth>
    <depthType>from location</depthType>
    <methodID>smi:eu.emsc-csem/origin_method/NA</methodID>
    <quality>
      <usedPhaseCount>36</usedPhaseCount>
      <usedStationCount>24</usedStationCount>
      <standardError>1.44</standardError>
      <azimuthalGap>101</azimuthalGap>
      <minimumDistance>0.14</minimumDistance>
      <maximumDistance>5.68</maximumDistance>
    </quality>
    <evaluationMode>manual</evaluationMode>
    <creationInfo>
      <agencyURI>smi:smi-registry/organization/EMSC</agencyURI>
      <authorURI>smi:smi-registry/organization/EMSC</authorURI>
    </creationInfo>
    <originUncertainty>
      <azimuthMaxHorizontalUncertainty>115</azimuthMaxHorizontalUncertainty>
    </originUncertainty>
  </origin>
  <magnitude publicID="quakeml:eu.emsc/event/20041010_0000019/origin/1299638/mag/2">
    <mag>
      <value>3.5</value>
    </mag>
    <type>MD</type>
    <originID>quakeml:eu.emsc/event/20041010_0000019/origin/1299638</originID>
    <creationInfo>
      <agencyURI>smi:smi-registry/organization/EMSC</agencyURI>
      <authorURI>smi:smi-registry/organization/EMSC</authorURI>
    </creationInfo>
  </magnitude>
</event>
<event publicID="quakeml:eu.emsc/event/20041010_0000033">
  <preferredOriginID>quakeml:eu.emsc/event/20041010_0000033/origin/1299640</preferredOriginID>
  <preferredMagnitudeID>quakeml:eu.emsc/event/20041010_0000033/origin/1299640/mag/1</preferredMagnitudeID>
  <creationInfo>
    <agencyURI>smi:smi-registry/organization/EMSC</agencyURI>
    <authorURI>smi:smi-registry/organization/EMSC</authorURI>
    <creationTime>2014-12-03T12:08:10.195354Z</creationTime>
  </creationInfo>
  <description>
    <text>SLOVENIA</text>
    <type>Flinn-Engdahl region</type>
  </description>
  <origin publicID="quakeml:eu.emsc/event/20041010_0000033/origin/1299640">
    <time>
      <value>2004-10-10T09:41:34.4Z</value>
      <uncertainty>0.04</uncertainty>
    </time>
    <latitude>
      <value>46.0589</value>
      <uncertainty>0.9</uncertainty>
    </latitude>
    <longitude>
      <value>14.7603</value>
      <uncertainty>0.8</uncertainty>
    </longitude>
    <depth>
      <value>10000</value>
    </depth>
    <depthType>from location</depthType>
    <methodID>smi:eu.emsc-csem/origin_method/NA</methodID>
    <quality>
      <usedPhaseCount>14</usedPhaseCount>
      <usedStationCount>9</usedStationCount>
      <standardError>0.15</standardError>
      <azimuthalGap>97</azimuthalGap>
      <minimumDistance>0.16</minimumDistance>
      <maximumDistance>0.65</maximumDistance>
    </quality>
    <evaluationMode>manual</evaluationMode>
    <creationInfo>
      <agencyURI>smi:smi-registry/organization/EMSC</agencyURI>
      <authorURI>smi:smi-registry/organization/EMSC</authorURI>
    </creationInfo>
    <originUncertainty>
      <azimuthMaxHorizontalUncertainty>177</azimuthMaxHorizontalUncertainty>
    </originUncertainty>
  </origin>
  <magnitude publicID="quakeml:eu.emsc/event/20041010_0000033/origin/1299640/mag/1">
    <mag>
      <value>1.7</value>
      <uncertainty>0.1</uncertainty>
    </mag>
    <type>ML</type>
    <originID>quakeml:eu.emsc/event/20041010_0000033/origin/1299640</originID>
    <stationCount>5</stationCount>
    <creationInfo>
      <agencyURI>smi:smi-registry/organization/EMSC</agencyURI>
      <authorURI>smi:smi-registry/organization/EMSC</authorURI>
    </creationInfo>
  </magnitude>
</event>
<event publicID="quakeml:eu.emsc/event/20041010_0000036">
  <preferredOriginID>quakeml:eu.emsc/event/20041010_0000036/origin/1299643</preferredOriginID>
  <preferredMagnitudeID>quakeml:eu.emsc/event/20041010_0000036/origin/1299643/mag/2</preferredMagnitudeID>
  <creationInfo>
    <agencyURI>smi:smi-registry/organization/EMSC</agencyURI>
    <authorURI>smi:smi-registry/organization/EMSC</authorURI>
    <creationTime>2014-12-03T11:06:43.384348Z</creationTime>
  </creationInfo>
  <description>
    <text>CRETE, GREECE</text>
    <type>Flinn-Engdahl region</type>
  </description>
  <origin publicID="quakeml:eu.emsc/event/20041010_0000036/origin/1299643">
    <time>
      <value>2004-10-10T08:51:19.2Z</value>
      <uncertainty>0.66</uncertainty>
    </time>
    <latitude>
      <value>34.7292</value>
      <uncertainty>17.4</uncertainty>
    </latitude>
    <longitude>
      <value>25.2447</value>
      <uncertainty>6.8</uncertainty>
    </longitude>
    <depth>
      <value>5000</value>
    </depth>
    <depthType>from location</depthType>
    <methodID>smi:eu.emsc-csem/origin_method/NA</methodID>
    <quality>
      <usedPhaseCount>13</usedPhaseCount>
      <usedStationCount>13</usedStationCount>
      <standardError>0.7</standardError>
      <azimuthalGap>208</azimuthalGap>
      <minimumDistance>0.4</minimumDistance>
      <maximumDistance>4.88</maximumDistance>
    </quality>
    <evaluationMode>manual</evaluationMode>
    <creationInfo>
      <agencyURI>smi:smi-registry/organization/EMSC</agencyURI>
      <authorURI>smi:smi-registry/organization/EMSC</authorURI>
    </creationInfo>
    <originUncertainty>
      <azimuthMaxHorizontalUncertainty>176</azimuthMaxHorizontalUncertainty>
    </originUncertainty>
  </origin>
  <magnitude publicID="quakeml:eu.emsc/event/20041010_0000036/origin/1299643/mag/2">
    <mag>
      <value>3.5</value>
    </mag>
    <type>MD</type>
    <originID>quakeml:eu.emsc/event/20041010_0000036/origin/1299643</originID>
    <creationInfo>
      <agencyURI>smi:smi-registry/organization/EMSC</agencyURI>
      <authorURI>smi:smi-registry/organization/EMSC</authorURI>
    </creationInfo>
  </magnitude>
</event>
<event publicID="quakeml:eu.emsc/event/20041010_0000018">
  <preferredOriginID>quakeml:eu.emsc/event/20041010_0000018/origin/1299651</preferredOriginID>
  <preferredMagnitudeID>quakeml:eu.emsc/event/20041010_0000018/origin/1299651/mag/2</preferredMagnitudeID>
  <creationInfo>
    <agencyURI>smi:smi-registry/organization/EMSC</agencyURI>
    <authorURI>smi:smi-registry/organization/EMSC</authorURI>
    <creationTime>2014-12-03T12:40:05.613152Z</creationTime>
  </creationInfo>
  <description>
    <text>MOROCCO</text>
    <type>Flinn-Engdahl region</type>
  </description>
  <origin publicID="quakeml:eu.emsc/event/20041010_0000018/origin/1299651">
    <time>
      <value>2004-10-10T08:13:57.6Z</value>
      <uncertainty>0.18</uncertainty>
    </time>
    <latitude>
      <value>34.9192</value>
      <uncertainty>4.6</uncertainty>
    </latitude>
    <longitude>
      <value>-4.0992</value>
      <uncertainty>4</uncertainty>
    </longitude>
    <depth>
      <value>15000</value>
    </depth>
    <depthType>from location</depthType>
    <methodID>smi:eu.emsc-csem/origin_method/NA</methodID>
    <quality>
      <usedPhaseCount>80</usedPhaseCount>
      <usedStationCount>60</usedStationCount>
      <standardError>1.17</standardError>
      <azimuthalGap>102</azimuthalGap>
      <minimumDistance>0.29</minimumDistance>
      <maximumDistance>13.42</maximumDistance>
    </quality>
    <evaluationMode>manual</evaluationMode>
    <creationInfo>
      <agencyURI>smi:smi-registry/organization/EMSC</agencyURI>
      <authorURI>smi:smi-registry/organization/EMSC</authorURI>
    </creationInfo>
    <originUncertainty>
      <azimuthMaxHorizontalUncertainty>110</azimuthMaxHorizontalUncertainty>
    </originUncertainty>
  </origin>
  <magnitude publicID="quakeml:eu.emsc/event/20041010_0000018/origin/1299651/mag/2">
    <mag>
      <value>4.4</value>
    </mag>
    <type>MD</type>
    <originID>quakeml:eu.emsc/event/20041010_0000018/origin/1299651</originID>
    <creationInfo>
      <agencyURI>smi:smi-registry/organization/EMSC</agencyURI>
      <authorURI>smi:smi-registry/organization/EMSC</authorURI>
    </creationInfo>
  </magnitude>
</event>
<event publicID="quakeml:eu.emsc/event/20041010_0000059">
  <preferredOriginID>quakeml:eu.emsc/event/20041010_0000059/origin/1299655</preferredOriginID>
  <preferredMagnitudeID>quakeml:eu.emsc/event/20041010_0000059/origin/1299655/mag/1</preferredMagnitudeID>
  <creationInfo>
    <agencyURI>smi:smi-registry/organization/EMSC</agencyURI>
    <authorURI>smi:smi-registry/organization/EMSC</authorURI>
    <creationTime>2014-12-03T11:34:21.63458Z</creationTime>
  </creationInfo>
  <description>
    <text>AZORES-CAPE ST. VINCENT RIDGE</text>
    <type>Flinn-Engdahl region</type>
  </description>
  <origin publicID="quakeml:eu.emsc/event/20041010_0000059/origin/1299655">
    <time>
      <value>2004-10-10T08:09:01.6Z</value>
      <uncertainty>0.43</uncertainty>
    </time>
    <latitude>
      <value>35.5643</value>
      <uncertainty>7.9</uncertainty>
    </latitude>
    <longitude>
      <value>-11.1017</value>
      <uncertainty>7.8</uncertainty>
    </longitude>
    <depth>
      <value>20000</value>
    </depth>
    <depthType>from location</depthType>
    <methodID>smi:eu.emsc-csem/origin_method/NA</methodID>
    <quality>
      <usedPhaseCount>23</usedPhaseCount>
      <usedStationCount>13</usedStationCount>
      <standardError>0.6</standardError>
      <azimuthalGap>307</azimuthalGap>
      <minimumDistance>2.75</minimumDistance>
      <maximumDistance>6.99</maximumDistance>
    </quality>
    <evaluationMode>manual</evaluationMode>
    <creationInfo>
      <agencyURI>smi:smi-registry/organization/EMSC</agencyURI>
      <authorURI>smi:smi-registry/organization/EMSC</authorURI>
    </creationInfo>
    <originUncertainty>
      <azimuthMaxHorizontalUncertainty>121</azimuthMaxHorizontalUncertainty>
    </originUncertainty>
  </origin>
  <magnitude publicID="quakeml:eu.emsc/event/20041010_0000059/origin/1299655/mag/1">
    <mag>
      <value>3</value>
      <uncertainty>0.5</uncertainty>
    </mag>
    <type>ML</type>
    <originID>quakeml:eu.emsc/event/20041010_0000059/origin/1299655</originID>
    <stationCount>6</stationCount>
    <creationInfo>
      <agencyURI>smi:smi-registry/organization/EMSC</agencyURI>
      <authorURI>smi:smi-registry/organization/EMSC</authorURI>
    </creationInfo>
  </magnitude>
</event>
<event publicID="quakeml:eu.emsc/event/20041010_0000055">
  <preferredOriginID>quakeml:eu.emsc/event/20041010_0000055/origin/1293715</preferredOriginID>
  <preferredMagnitudeID>quakeml:eu.emsc/event/20041010_0000055/origin/1293715/mag/2</preferredMagnitudeID>
  <creationInfo>
    <agencyURI>smi:smi-registry/organization/EMSC</agencyURI>
    <authorURI>smi:smi-registry/organization/EMSC</authorURI>
    <creationTime>2014-12-11T04:47:31.46027Z</creationTime>
  </creationInfo>
  <description>
    <text>CRETE, GREECE</text>
    <type>Flinn-Engdahl region</type>
  </description>
  <origin publicID="quakeml:eu.emsc/event/20041010_0000055/origin/1293715">
    <time>
      <value>2004-10-10T07:38:52.2Z</value>
    </time>
    <latitude>
      <value>34.86</value>
      <uncertainty>9999.9</uncertainty>
    </latitude>
    <longitude>
      <value>24.96</value>
      <uncertainty>9999.9</uncertainty>
    </longitude>
    <depth>
      <value>17000</value>
    </depth>
    <depthType>from location</depthType>
    <methodID>smi:eu.emsc-csem/origin_method/NA</methodID>
    <quality>
      <usedPhaseCount>5</usedPhaseCount>
      <usedStationCount>4</usedStationCount>
      <standardError>1.65</standardError>
      <azimuthalGap>223</azimuthalGap>
      <minimumDistance>0.6</minimumDistance>
      <maximumDistance>1.93</maximumDistance>
    </quality>
    <evaluationMode>manual</evaluationMode>
    <creationInfo>
      <agencyURI>smi:smi-registry/organization/EMSC</agencyURI>
      <authorURI>smi:smi-registry/organization/EMSC</authorURI>
    </creationInfo>
    <originUncertainty>
      <azimuthMaxHorizontalUncertainty>-99</azimuthMaxHorizontalUncertainty>
    </originUncertainty>
  </origin>
  <magnitude publicID="quakeml:eu.emsc/event/20041010_0000055/origin/1293715/mag/2">
    <mag>
      <value>3</value>
    </mag>
    <type>MD</type>
    <originID>quakeml:eu.emsc/event/20041010_0000055/origin/1293715</originID>
    <creationInfo>
      <agencyURI>smi:smi-registry/organization/EMSC</agencyURI>
      <authorURI>smi:smi-registry/organization/EMSC</authorURI>
    </creationInfo>
  </magnitude>
</event>
<event publicID="quakeml:eu.emsc/event/20041010_0000016">
  <preferredOriginID>quakeml:eu.emsc/event/20041010_0000016/origin/AX676</preferredOriginID>
  <preferredMagnitudeID>quakeml:eu.emsc/event/20041010_0000016/origin/AX676/mag/1</preferredMagnitudeID>
  <creationInfo>
    <agencyURI>smi:smi-registry/organization/EMSC</agencyURI>
    <authorURI>smi:smi-registry/organization/EMSC</authorURI>
    <creationTime>2014-12-01T12:53:46.236522Z</creationTime>
  </creationInfo>
  <description>
    <text>BANDA SEA</text>
    <type>Flinn-Engdahl region</type>
  </description>
  <origin publicID="quakeml:eu.emsc/event/20041010_0000016/origin/AX676">
    <time>
      <value>2004-10-10T06:52:36.2Z</value>
      <uncertainty>0.07</uncertainty>
    </time>
    <latitude>
      <value>-6.31</value>
    </latitude>
    <longitude>
      <value>130.23</value>
    </longitude>
    <depth>
      <value>33000.0</value>
    </depth>
    <depthType>from location</depthType>
    <methodID>smi:eu.emsc-csem/origin_method/NA</methodID>
    <quality>
      <usedPhaseCount>96</usedPhaseCount>
      <usedStationCount>91</usedStationCount>
      <standardError>0.86</standardError>
      <azimuthalGap>112</azimuthalGap>
      <minimumDistance>43.28</minimumDistance>
      <maximumDistance>160.40</maximumDistance>
    </quality>
    <evaluationMode>automatic</evaluationMode>
    <creationInfo>
      <agencyURI>smi:smi-registry/organization/EMSC</agencyURI>
      <authorURI>smi:smi-registry/organization/EMSC</authorURI>
    </creationInfo>
  </origin>
  <magnitude publicID="quakeml:eu.emsc/event/20041010_0000016/origin/AX676/mag/1">
    <mag>
      <value>5.9</value>
      <uncertainty>0.4</uncertainty>
    </mag>
    <type>mb</type>
    <originID>quakeml:eu.emsc/event/20041010_0000016/origin/AX676</originID>
    <stationCount>17</stationCount>
    <creationInfo>
      <agencyURI>smi:smi-registry/organization/EMSC</agencyURI>
      <authorURI>smi:smi-registry/organization/EMSC</authorURI>
    </creationInfo>
  </magnitude>
</event>
<event publicID="quakeml:eu.emsc/event/20041010_0000041">
  <preferredOriginID>quakeml:eu.emsc/event/20041010_0000041/origin/1293717</preferredOriginID>
  <preferredMagnitudeID>quakeml:eu.emsc/event/20041010_0000041/origin/1293717/mag/2</preferredMagnitudeID>
  <creationInfo>
    <agencyURI>smi:smi-registry/organization/EMSC</agencyURI>
    <authorURI>smi:smi-registry/organization/EMSC</authorURI>
    <creationTime>2014-12-10T18:19:23.113014Z</creationTime>
  </creationInfo>
  <description>
    <text>NORTHERN ITALY</text>
    <type>Flinn-Engdahl region</type>
  </description>
  <origin publicID="quakeml:eu.emsc/event/20041010_0000041/origin/1293717">
    <time>
      <value>2004-10-10T06:46:46.8Z</value>
    </time>
    <latitude>
      <value>44.7877</value>
      <uncertainty>9999.9</uncertainty>
    </latitude>
    <longitude>
      <value>7.7703</value>
      <uncertainty>9999.9</uncertainty>
    </longitude>
    <depth>
      <value>200.0</value>
    </depth>
    <depthType>from location</depthType>
    <methodID>smi:eu.emsc-csem/origin_method/NA</methodID>
    <quality>
      <usedPhaseCount>12</usedPhaseCount>
      <usedStationCount>11</usedStationCount>
      <standardError>0.64</standardError>
      <azimuthalGap>196</azimuthalGap>
      <minimumDistance>0.33</minimumDistance>
      <maximumDistance>0.88</maximumDistance>
    </quality>
    <evaluationMode>manual</evaluationMode>
    <creationInfo>
      <agencyURI>smi:smi-registry/organization/EMSC</agencyURI>
      <authorURI>smi:smi-registry/organization/EMSC</authorURI>
    </creationInfo>
    <originUncertainty>
      <azimuthMaxHorizontalUncertainty>-99</azimuthMaxHorizontalUncertainty>
    </originUncertainty>
  </origin>
  <magnitude publicID="quakeml:eu.emsc/event/20041010_0000041/origin/1293717/mag/2">
    <mag>
      <value>2</value>
    </mag>
    <type>ML</type>
    <originID>quakeml:eu.emsc/event/20041010_0000041/origin/1293717</originID>
    <creationInfo>
      <agencyURI>smi:smi-registry/organization/EMSC</agencyURI>
      <authorURI>smi:smi-registry/organization/EMSC</authorURI>
    </creationInfo>
  </magnitude>
</event>
<event publicID="quakeml:eu.emsc/event/20041010_0000015">
  <preferredOriginID>quakeml:eu.emsc/event/20041010_0000015/origin/AX684</preferredOriginID>
  <preferredMagnitudeID>quakeml:eu.emsc/event/20041010_0000015/origin/AX684/mag/1</preferredMagnitudeID>
  <creationInfo>
    <agencyURI>smi:smi-registry/organization/EMSC</agencyURI>
    <authorURI>smi:smi-registry/organization/NNC</authorURI>
    <creationTime>2014-12-01T12:40:40.363676Z</creationTime>
  </creationInfo>
  <description>
    <text>EASTERN UZBEKISTAN</text>
    <type>Flinn-Engdahl region</type>
  </description>
  <origin publicID="quakeml:eu.emsc/event/20041010_0000015/origin/AX684">
    <time>
      <value>2004-10-10T06:38:56.0Z</value>
    </time>
    <latitude>
      <value>39.93</value>
    </latitude>
    <longitude>
      <value>66.47</value>
    </longitude>
    <depth>
      <value>1000.0</value>
    </depth>
    <depthType>from location</depthType>
    <methodID>smi:eu.emsc-csem/origin_method/GEIGER</methodID>
    <quality>
      <usedPhaseCount>2</usedPhaseCount>
      <usedStationCount>1</usedStationCount>
    </quality>
    <evaluationMode>automatic</evaluationMode>
    <creationInfo>
      <agencyURI>smi:smi-registry/organization/EMSC</agencyURI>
      <authorURI>smi:smi-registry/organization/NNC</authorURI>
    </creationInfo>
  </origin>
  <magnitude publicID="quakeml:eu.emsc/event/20041010_0000015/origin/AX684/mag/1">
    <mag>
      <value>3.5</value>
    </mag>
    <type>ml</type>
    <originID>quakeml:eu.emsc/event/20041010_0000015/origin/AX684</originID>
    <creationInfo>
      <agencyURI>smi:smi-registry/organization/EMSC</agencyURI>
      <authorURI>smi:smi-registry/organization/NNC</authorURI>
    </creationInfo>
  </magnitude>
</event>
<event publicID="quakeml:eu.emsc/event/20041010_0000028">
  <preferredOriginID>quakeml:eu.emsc/event/20041010_0000028/origin/1293719</preferredOriginID>
  <preferredMagnitudeID>quakeml:eu.emsc/event/20041010_0000028/origin/1293719/mag/2</preferredMagnitudeID>
  <creationInfo>
    <agencyURI>smi:smi-registry/organization/EMSC</agencyURI>
    <authorURI>smi:smi-registry/organization/EMSC</authorURI>
    <creationTime>2014-12-11T04:47:28.316042Z</creationTime>
  </creationInfo>
  <description>
    <text>NEAR THE COAST OF WESTERN TURKEY</text>
    <type>Flinn-Engdahl region</type>
  </description>
  <origin publicID="quakeml:eu.emsc/event/20041010_0000028/origin/1293719">
    <time>
      <value>2004-10-10T06:30:19.2Z</value>
    </time>
    <latitude>
      <value>38.311</value>
      <uncertainty>9999.9</uncertainty>
    </latitude>
    <longitude>
      <value>26.358</value>
      <uncertainty>9999.9</uncertainty>
    </longitude>
    <depth>
      <value>13000</value>
    </depth>
    <depthType>from location</depthType>
    <methodID>smi:eu.emsc-csem/origin_method/NA</methodID>
    <quality>
      <usedPhaseCount>6</usedPhaseCount>
      <usedStationCount>4</usedStationCount>
      <standardError>1.02</standardError>
      <azimuthalGap>150</azimuthalGap>
      <minimumDistance>0.72</minimumDistance>
      <maximumDistance>1.51</maximumDistance>
    </quality>
    <evaluationMode>manual</evaluationMode>
    <creationInfo>
      <agencyURI>smi:smi-registry/organization/EMSC</agencyURI>
      <authorURI>smi:smi-registry/organization/EMSC</authorURI>
    </creationInfo>
    <originUncertainty>
      <azimuthMaxHorizontalUncertainty>-99</azimuthMaxHorizontalUncertainty>
    </originUncertainty>
  </origin>
  <magnitude publicID="quakeml:eu.emsc/event/20041010_0000028/origin/1293719/mag/2">
    <mag>
      <value>3.2</value>
    </mag>
    <type>MD</type>
    <originID>quakeml:eu.emsc/event/20041010_0000028/origin/1293719</originID>
    <creationInfo>
      <agencyURI>smi:smi-registry/organization/EMSC</agencyURI>
      <authorURI>smi:smi-registry/organization/EMSC</authorURI>
    </creationInfo>
  </magnitude>
</event>
<event publicID="quakeml:eu.emsc/event/20041010_0000031">
  <preferredOriginID>quakeml:eu.emsc/event/20041010_0000031/origin/1299657</preferredOriginID>
  <preferredMagnitudeID>quakeml:eu.emsc/event/20041010_0000031/origin/1299657/mag/2</preferredMagnitudeID>
  <creationInfo>
    <agencyURI>smi:smi-registry/organization/EMSC</agencyURI>
    <authorURI>smi:smi-registry/organization/EMSC</authorURI>
    <creationTime>2014-12-03T11:32:35.770709Z</creationTime>
  </creationInfo>
  <description>
    <text>SOUTHERN ITALY</text>
    <type>Flinn-Engdahl region</type>
  </description>
  <origin publicID="quakeml:eu.emsc/event/20041010_0000031/origin/1299657">
    <time>
      <value>2004-10-10T05:38:18.0Z</value>
      <uncertainty>0.23</uncertainty>
    </time>
    <latitude>
      <value>40.4061</value>
      <uncertainty>5.6</uncertainty>
    </latitude>
    <longitude>
      <value>15.8618</value>
      <uncertainty>4</uncertainty>
    </longitude>
    <depth>
      <value>15000</value>
    </depth>
    <depthType>from location</depthType>
    <methodID>smi:eu.emsc-csem/origin_method/NA</methodID>
    <quality>
      <usedPhaseCount>14</usedPhaseCount>
      <usedStationCount>8</usedStationCount>
      <standardError>0.8</standardError>
      <azimuthalGap>94</azimuthalGap>
      <minimumDistance>0.18</minimumDistance>
      <maximumDistance>1.04</maximumDistance>
    </quality>
    <evaluationMode>manual</evaluationMode>
    <creationInfo>
      <agencyURI>smi:smi-registry/organization/EMSC</agencyURI>
      <authorURI>smi:smi-registry/organization/EMSC</authorURI>
    </creationInfo>
    <originUncertainty>
      <azimuthMaxHorizontalUncertainty>155</azimuthMaxHorizontalUncertainty>
    </originUncertainty>
  </origin>
  <magnitude publicID="quakeml:eu.emsc/event/20041010_0000031/origin/1299657/mag/2">
    <mag>
      <value>1.8</value>
    </mag>
    <type>ML</type>
    <originID>quakeml:eu.emsc/event/20041010_0000031/origin/1299657</originID>
    <stationCount>4</stationCount>
    <creationInfo>
      <agencyURI>smi:smi-registry/organization/EMSC</agencyURI>
      <authorURI>smi:smi-registry/organization/EMSC</authorURI>
    </creationInfo>
  </magnitude>
</event>
<event publicID="quakeml:eu.emsc/event/20041010_0000050">
  <preferredOriginID>quakeml:eu.emsc/event/20041010_0000050/origin/1299665</preferredOriginID>
  <preferredMagnitudeID>quakeml:eu.emsc/event/20041010_0000050/origin/1299665/mag/2</preferredMagnitudeID>
  <creationInfo>
    <agencyURI>smi:smi-registry/organization/EMSC</agencyURI>
    <authorURI>smi:smi-registry/organization/EMSC</authorURI>
    <creationTime>2014-12-03T11:37:44.981236Z</creationTime>
  </creationInfo>
  <description>
    <text>GREECE</text>
    <type>Flinn-Engdahl region</type>
  </description>
  <origin publicID="quakeml:eu.emsc/event/20041010_0000050/origin/1299665">
    <time>
      <value>2004-10-10T04:18:31.3Z</value>
      <uncertainty>0.31</uncertainty>
    </time>
    <latitude>
      <value>38.1383</value>
      <uncertainty>7.2</uncertainty>
    </latitude>
    <longitude>
      <value>20.7986</value>
      <uncertainty>4.9</uncertainty>
    </longitude>
    <depth>
      <value>2000</value>
    </depth>
    <depthType>from location</depthType>
    <methodID>smi:eu.emsc-csem/origin_method/NA</methodID>
    <quality>
      <usedPhaseCount>15</usedPhaseCount>
      <usedStationCount>10</usedStationCount>
      <standardError>0.72</standardError>
      <azimuthalGap>146</azimuthalGap>
      <minimumDistance>0.17</minimumDistance>
      <maximumDistance>2.68</maximumDistance>
    </quality>
    <evaluationMode>manual</evaluationMode>
    <creationInfo>
      <agencyURI>smi:smi-registry/organization/EMSC</agencyURI>
      <authorURI>smi:smi-registry/organization/EMSC</authorURI>
    </creationInfo>
    <originUncertainty>
      <azimuthMaxHorizontalUncertainty>27</azimuthMaxHorizontalUncertainty>
    </originUncertainty>
  </origin>
  <magnitude publicID="quakeml:eu.emsc/event/20041010_0000050/origin/1299665/mag/2">
    <mag>
      <value>3.4</value>
    </mag>
    <type>MD</type>
    <originID>quakeml:eu.emsc/event/20041010_0000050/origin/1299665</originID>
    <creationInfo>
      <agencyURI>smi:smi-registry/organization/EMSC</agencyURI>
      <authorURI>smi:smi-registry/organization/EMSC</authorURI>
    </creationInfo>
  </magnitude>
</event>
<event publicID="quakeml:eu.emsc/event/20041010_0000014">
  <preferredOriginID>quakeml:eu.emsc/event/20041010_0000014/origin/AX728</preferredOriginID>
  <preferredMagnitudeID>quakeml:eu.emsc/event/20041010_0000014/origin/AX728/mag/1</preferredMagnitudeID>
  <creationInfo>
    <agencyURI>smi:smi-registry/organization/EMSC</agencyURI>
    <authorURI>smi:smi-registry/organization/GFZ</authorURI>
    <creationTime>2014-12-01T15:42:39.19713Z</creationTime>
  </creationInfo>
  <description>
    <text>BOSNIA AND HERZEGOVINA</text>
    <type>Flinn-Engdahl region</type>
  </description>
  <origin publicID="quakeml:eu.emsc/event/20041010_0000014/origin/AX728">
    <time>
      <value>2004-10-10T04:11:26.0Z</value>
    </time>
    <latitude>
      <value>44.8</value>
    </latitude>
    <longitude>
      <value>18.5</value>
    </longitude>
    <depth>
      <value>1000.0</value>
    </depth>
    <depthType>from location</depthType>
    <methodID>smi:eu.emsc-csem/origin_method/GEIGER</methodID>
    <quality>
      <usedPhaseCount>6</usedPhaseCount>
      <usedStationCount>6</usedStationCount>
    </quality>
    <evaluationMode>automatic</evaluationMode>
    <creationInfo>
      <agencyURI>smi:smi-registry/organization/EMSC</agencyURI>
      <authorURI>smi:smi-registry/organization/GFZ</authorURI>
    </creationInfo>
  </origin>
  <magnitude publicID="quakeml:eu.emsc/event/20041010_0000014/origin/AX728/mag/1">
    <mag>
      <value>3.2</value>
    </mag>
    <type>ml</type>
    <originID>quakeml:eu.emsc/event/20041010_0000014/origin/AX728</originID>
    <creationInfo>
      <agencyURI>smi:smi-registry/organization/EMSC</agencyURI>
      <authorURI>smi:smi-registry/organization/GFZ</authorURI>
    </creationInfo>
  </magnitude>
</event>
<event publicID="quakeml:eu.emsc/event/20041010_0000044">
  <preferredOriginID>quakeml:eu.emsc/event/20041010_0000044/origin/1299671</preferredOriginID>
  <preferredMagnitudeID>quakeml:eu.emsc/event/20041010_0000044/origin/1299671/mag/2</preferredMagnitudeID>
  <creationInfo>
    <agencyURI>smi:smi-registry/organization/EMSC</agencyURI>
    <authorURI>smi:smi-registry/organization/EMSC</authorURI>
    <creationTime>2014-12-03T11:48:58.569188Z</creationTime>
  </creationInfo>
  <description>
    <text>GREECE</text>
    <type>Flinn-Engdahl region</type>
  </description>
  <origin publicID="quakeml:eu.emsc/event/20041010_0000044/origin/1299671">
    <time>
      <value>2004-10-10T04:03:31.3Z</value>
      <uncertainty>0.18</uncertainty>
    </time>
    <latitude>
      <value>39.7104</value>
      <uncertainty>4.7</uncertainty>
    </latitude>
    <longitude>
      <value>20.8616</value>
      <uncertainty>3.4</uncertainty>
    </longitude>
    <depth>
      <value>2000</value>
    </depth>
    <depthType>from location</depthType>
    <methodID>smi:eu.emsc-csem/origin_method/NA</methodID>
    <quality>
      <usedPhaseCount>15</usedPhaseCount>
      <usedStationCount>10</usedStationCount>
      <standardError>0.81</standardError>
      <azimuthalGap>109</azimuthalGap>
      <minimumDistance>0.05</minimumDistance>
      <maximumDistance>4.87</maximumDistance>
    </quality>
    <evaluationMode>manual</evaluationMode>
    <creationInfo>
      <agencyURI>smi:smi-registry/organization/EMSC</agencyURI>
      <authorURI>smi:smi-registry/organization/EMSC</authorURI>
    </creationInfo>
    <originUncertainty>
      <azimuthMaxHorizontalUncertainty>152</azimuthMaxHorizontalUncertainty>
    </originUncertainty>
  </origin>
  <magnitude publicID="quakeml:eu.emsc/event/20041010_0000044/origin/1299671/mag/2">
    <mag>
      <value>2.7</value>
    </mag>
    <type>ML</type>
    <originID>quakeml:eu.emsc/event/20041010_0000044/origin/1299671</originID>
    <creationInfo>
      <agencyURI>smi:smi-registry/organization/EMSC</agencyURI>
      <authorURI>smi:smi-registry/organization/EMSC</authorURI>
    </creationInfo>
  </magnitude>
</event>
<event publicID="quakeml:eu.emsc/event/20041010_0000045">
  <preferredOriginID>quakeml:eu.emsc/event/20041010_0000045/origin/1293721</preferredOriginID>
  <preferredMagnitudeID>quakeml:eu.emsc/event/20041010_0000045/origin/1293721/mag/2</preferredMagnitudeID>
  <creationInfo>
    <agencyURI>smi:smi-registry/organization/EMSC</agencyURI>
    <authorURI>smi:smi-registry/organization/EMSC</authorURI>
    <creationTime>2014-12-11T04:47:23.664318Z</creationTime>
  </creationInfo>
  <description>
    <text>EASTERN TURKEY</text>
    <type>Flinn-Engdahl region</type>
  </description>
  <origin publicID="quakeml:eu.emsc/event/20041010_0000045/origin/1293721">
    <time>
      <value>2004-10-10T02:24:21.8Z</value>
    </time>
    <latitude>
      <value>39.533</value>
      <uncertainty>9999.9</uncertainty>
    </latitude>
    <longitude>
      <value>39.857</value>
      <uncertainty>9999.9</uncertainty>
    </longitude>
    <depth>
      <value>10000</value>
    </depth>
    <depthType>from location</depthType>
    <methodID>smi:eu.emsc-csem/origin_method/NA</methodID>
    <quality>
      <usedPhaseCount>9</usedPhaseCount>
      <usedStationCount>7</usedStationCount>
      <standardError>1.07</standardError>
      <azimuthalGap>87</azimuthalGap>
      <minimumDistance>0.45</minimumDistance>
      <maximumDistance>1.85</maximumDistance>
    </quality>
    <evaluationMode>manual</evaluationMode>
    <creationInfo>
      <agencyURI>smi:smi-registry/organization/EMSC</agencyURI>
      <authorURI>smi:smi-registry/organization/EMSC</authorURI>
    </creationInfo>
    <originUncertainty>
      <azimuthMaxHorizontalUncertainty>-99</azimuthMaxHorizontalUncertainty>
    </originUncertainty>
  </origin>
  <magnitude publicID="quakeml:eu.emsc/event/20041010_0000045/origin/1293721/mag/2">
    <mag>
      <value>3.3</value>
    </mag>
    <type>MD</type>
    <originID>quakeml:eu.emsc/event/20041010_0000045/origin/1293721</originID>
    <creationInfo>
      <agencyURI>smi:smi-registry/organization/EMSC</agencyURI>
      <authorURI>smi:smi-registry/organization/EMSC</authorURI>
    </creationInfo>
  </magnitude>
</event>
<event publicID="quakeml:eu.emsc/event/20041010_0000043">
  <preferredOriginID>quakeml:eu.emsc/event/20041010_0000043/origin/1293723</preferredOriginID>
  <preferredMagnitudeID>quakeml:eu.emsc/event/20041010_0000043/origin/1293723/mag/2</preferredMagnitudeID>
  <creationInfo>
    <agencyURI>smi:smi-registry/organization/EMSC</agencyURI>
    <authorURI>smi:smi-registry/organization/EMSC</authorURI>
    <creationTime>2014-12-11T04:47:22.244165Z</creationTime>
  </creationInfo>
  <description>
    <text>ROMANIA</text>
    <type>Flinn-Engdahl region</type>
  </description>
  <origin publicID="quakeml:eu.emsc/event/20041010_0000043/origin/1293723">
    <time>
      <value>2004-10-10T01:24:04.8Z</value>
    </time>
    <latitude>
      <value>45.626</value>
      <uncertainty>9999.9</uncertainty>
    </latitude>
    <longitude>
      <value>26.508</value>
      <uncertainty>9999.9</uncertainty>
    </longitude>
    <depth>
      <value>145000</value>
    </depth>
    <depthType>from location</depthType>
    <methodID>smi:eu.emsc-csem/origin_method/NA</methodID>
    <quality>
      <usedPhaseCount>7</usedPhaseCount>
      <usedStationCount>4</usedStationCount>
      <standardError>0.48</standardError>
      <azimuthalGap>141</azimuthalGap>
      <minimumDistance>0.29</minimumDistance>
      <maximumDistance>1.32</maximumDistance>
    </quality>
    <evaluationMode>manual</evaluationMode>
    <creationInfo>
      <agencyURI>smi:smi-registry/organization/EMSC</agencyURI>
      <authorURI>smi:smi-registry/organization/EMSC</authorURI>
    </creationInfo>
    <originUncertainty>
      <azimuthMaxHorizontalUncertainty>-99</azimuthMaxHorizontalUncertainty>
    </originUncertainty>
  </origin>
  <magnitude publicID="quakeml:eu.emsc/event/20041010_0000043/origin/1293723/mag/2">
    <mag>
      <value>3.2</value>
      <uncertainty>0.2</uncertainty>
    </mag>
    <type>MD</type>
    <originID>quakeml:eu.emsc/event/20041010_0000043/origin/1293723</originID>
    <stationCount>4</stationCount>
    <creationInfo>
      <agencyURI>smi:smi-registry/organization/EMSC</agencyURI>
      <authorURI>smi:smi-registry/organization/EMSC</authorURI>
    </creationInfo>
  </magnitude>
</event>
</eventParameters>
</q:quakeml>
