<?xml version="1.0"?>
<q:quakeml xmlns:q="http://quakeml.org/xmlns/quakeml/1.2"  xmlns="http://quakeml.org/xmlns/bed/1.2">
<eventParameters publicID="smi:eu.emsc/unid">
<event publicID="quakeml:eu.emsc/event/20040708_0000026">
  <preferredOriginID>quakeml:eu.emsc/event/20040708_0000026/origin/1306706</preferredOriginID>
  <preferredMagnitudeID>quakeml:eu.emsc/event/20040708_0000026/origin/1306706/mag/2</preferredMagnitudeID>
  <creationInfo>
    <agencyURI>smi:smi-registry/organization/EMSC</agencyURI>
    <authorURI>smi:smi-registry/organization/EMSC</authorURI>
    <creationTime>2014-12-11T02:50:44.32179Z</creationTime>
  </creationInfo>
  <description>
    <text>SOUTHERN GREECE</text>
    <type>Flinn-Engdahl region</type>
  </description>
  <origin publicID="quakeml:eu.emsc/event/20040708_0000026/origin/1306706">
    <time>
      <value>2004-07-08T22:15:29.4Z</value>
    </time>
    <latitude>
      <value>36.13</value>
      <uncertainty>9999.9</uncertainty>
    </latitude>
    <longitude>
      <value>23.22</value>
      <uncertainty>9999.9</uncertainty>
    </longitude>
    <depth>
      <value>2000</value>
    </depth>
    <depthType>from location</depthType>
    <methodID>smi:eu.emsc-csem/origin_method/NA</methodID>
    <quality>
      <usedPhaseCount>4</usedPhaseCount>
      <usedStationCount>4</usedStationCount>
      <standardError>0.42</standardError>
      <azimuthalGap>183</azimuthalGap>
      <minimumDistance>0.21</minimumDistance>
      <maximumDistance>1.48</maximumDistance>
    </quality>
    <evaluationMode>manual</evaluationMode>
    <creationInfo>
      <agencyURI>smi:smi-registry/organization/EMSC</agencyURI>
      <authorURI>smi:smi-registry/organization/EMSC</authorURI>
    </creationInfo>
    <originUncertainty>
      <azimuthMaxHorizontalUncertainty>-99</azimuthMaxHorizontalUncertainty>
    </originUncertainty>
  </origin>
  <magnitude publicID="quakeml:eu.emsc/event/20040708_0000026/origin/1306706/mag/2">
    <mag>
      <value>2.9</value>
    </mag>
    <type>MD</type>
    <originID>quakeml:eu.emsc/event/20040708_0000026/origin/1306706</originID>
    <creationInfo>
      <agencyURI>smi:smi-registry/organization/EMSC</agencyURI>
      <authorURI>smi:smi-registry/organization/EMSC</authorURI>
    </creationInfo>
  </magnitude>
</event>
<event publicID="quakeml:eu.emsc/event/20040708_0000021">
  <preferredOriginID>quakeml:eu.emsc/event/20040708_0000021/origin/1316321</preferredOriginID>
  <preferredMagnitudeID>quakeml:eu.emsc/event/20040708_0000021/origin/1316321/mag/1</preferredMagnitudeID>
  <creationInfo>
    <agencyURI>smi:smi-registry/organization/EMSC</agencyURI>
    <authorURI>smi:smi-registry/organization/EMSC</authorURI>
    <creationTime>2014-12-03T11:25:33.236482Z</creationTime>
  </creationInfo>
  <description>
    <text>OWEN FRACTURE ZONE REGION</text>
    <type>Flinn-Engdahl region</type>
  </description>
  <origin publicID="quakeml:eu.emsc/event/20040708_0000021/origin/1316321">
    <time>
      <value>2004-07-08T22:14:57.4Z</value>
      <uncertainty>0.35</uncertainty>
    </time>
    <latitude>
      <value>14.8143</value>
      <uncertainty>13.4</uncertainty>
    </latitude>
    <longitude>
      <value>55.5623</value>
      <uncertainty>10.8</uncertainty>
    </longitude>
    <depth>
      <value>10000</value>
    </depth>
    <depthType>from location</depthType>
    <methodID>smi:eu.emsc-csem/origin_method/NA</methodID>
    <quality>
      <usedPhaseCount>44</usedPhaseCount>
      <usedStationCount>43</usedStationCount>
      <standardError>1.06</standardError>
      <azimuthalGap>137</azimuthalGap>
      <minimumDistance>2.98</minimumDistance>
      <maximumDistance>51.88</maximumDistance>
    </quality>
    <evaluationMode>manual</evaluationMode>
    <creationInfo>
      <agencyURI>smi:smi-registry/organization/EMSC</agencyURI>
      <authorURI>smi:smi-registry/organization/EMSC</authorURI>
    </creationInfo>
    <originUncertainty>
      <azimuthMaxHorizontalUncertainty>111</azimuthMaxHorizontalUncertainty>
    </originUncertainty>
  </origin>
  <magnitude publicID="quakeml:eu.emsc/event/20040708_0000021/origin/1316321/mag/1">
    <mag>
      <value>4.5</value>
      <uncertainty>0.3</uncertainty>
    </mag>
    <type>mb</type>
    <originID>quakeml:eu.emsc/event/20040708_0000021/origin/1316321</originID>
    <stationCount>23</stationCount>
    <creationInfo>
      <agencyURI>smi:smi-registry/organization/EMSC</agencyURI>
      <authorURI>smi:smi-registry/organization/EMSC</authorURI>
    </creationInfo>
  </magnitude>
</event>
<event publicID="quakeml:eu.emsc/event/20040708_0000025">
  <preferredOriginID>quakeml:eu.emsc/event/20040708_0000025/origin/1306708</preferredOriginID>
  <preferredMagnitudeID>quakeml:eu.emsc/event/20040708_0000025/origin/1306708/mag/2</preferredMagnitudeID>
  <creationInfo>
    <agencyURI>smi:smi-registry/organization/EMSC</agencyURI>
    <authorURI>smi:smi-registry/organization/EMSC</authorURI>
    <creationTime>2014-12-11T02:49:10.313974Z</creationTime>
  </creationInfo>
  <description>
    <text>MOROCCO</text>
    <type>Flinn-Engdahl region</type>
  </description>
  <origin publicID="quakeml:eu.emsc/event/20040708_0000025/origin/1306708">
    <time>
      <value>2004-07-08T22:02:46.6Z</value>
    </time>
    <latitude>
      <value>34.78</value>
      <uncertainty>9999.9</uncertainty>
    </latitude>
    <longitude>
      <value>-3.93</value>
      <uncertainty>9999.9</uncertainty>
    </longitude>
    <depth>
      <value>5000</value>
    </depth>
    <depthType>from location</depthType>
    <methodID>smi:eu.emsc-csem/origin_method/NA</methodID>
    <quality>
      <usedPhaseCount>10</usedPhaseCount>
      <usedStationCount>5</usedStationCount>
      <standardError>1.88</standardError>
      <azimuthalGap>108</azimuthalGap>
      <minimumDistance>0.23</minimumDistance>
      <maximumDistance>2.76</maximumDistance>
    </quality>
    <evaluationMode>manual</evaluationMode>
    <creationInfo>
      <agencyURI>smi:smi-registry/organization/EMSC</agencyURI>
      <authorURI>smi:smi-registry/organization/EMSC</authorURI>
    </creationInfo>
    <originUncertainty>
      <azimuthMaxHorizontalUncertainty>-99</azimuthMaxHorizontalUncertainty>
    </originUncertainty>
  </origin>
  <magnitude publicID="quakeml:eu.emsc/event/20040708_0000025/origin/1306708/mag/2">
    <mag>
      <value>3.3</value>
    </mag>
    <type>MD</type>
    <originID>quakeml:eu.emsc/event/20040708_0000025/origin/1306708</originID>
    <creationInfo>
      <agencyURI>smi:smi-registry/organization/EMSC</agencyURI>
      <authorURI>smi:smi-registry/organization/EMSC</authorURI>
    </creationInfo>
  </magnitude>
</event>
<event publicID="quakeml:eu.emsc/event/20040708_0000023">
  <preferredOriginID>quakeml:eu.emsc/event/20040708_0000023/origin/1306710</preferredOriginID>
  <preferredMagnitudeID>quakeml:eu.emsc/event/20040708_0000023/origin/1306710/mag/2</preferredMagnitudeID>
  <creationInfo>
    <agencyURI>smi:smi-registry/organization/EMSC</agencyURI>
    <authorURI>smi:smi-registry/organization/EMSC</authorURI>
    <creationTime>2014-12-11T02:49:01.533397Z</creationTime>
  </creationInfo>
  <description>
    <text>SOUTHERN GREECE</text>
    <type>Flinn-Engdahl region</type>
  </description>
  <origin publicID="quakeml:eu.emsc/event/20040708_0000023/origin/1306710">
    <time>
      <value>2004-07-08T21:06:23.3Z</value>
    </time>
    <latitude>
      <value>36.43</value>
      <uncertainty>9999.9</uncertainty>
    </latitude>
    <longitude>
      <value>22.29</value>
      <uncertainty>9999.9</uncertainty>
    </longitude>
    <depth>
      <value>30000</value>
    </depth>
    <depthType>from location</depthType>
    <methodID>smi:eu.emsc-csem/origin_method/NA</methodID>
    <quality>
      <usedPhaseCount>11</usedPhaseCount>
      <usedStationCount>10</usedStationCount>
      <standardError>1.73</standardError>
      <azimuthalGap>199</azimuthalGap>
      <minimumDistance>0.59</minimumDistance>
      <maximumDistance>3.82</maximumDistance>
    </quality>
    <evaluationMode>manual</evaluationMode>
    <creationInfo>
      <agencyURI>smi:smi-registry/organization/EMSC</agencyURI>
      <authorURI>smi:smi-registry/organization/EMSC</authorURI>
    </creationInfo>
    <originUncertainty>
      <azimuthMaxHorizontalUncertainty>-99</azimuthMaxHorizontalUncertainty>
    </originUncertainty>
  </origin>
  <magnitude publicID="quakeml:eu.emsc/event/20040708_0000023/origin/1306710/mag/2">
    <mag>
      <value>3.5</value>
    </mag>
    <type>MD</type>
    <originID>quakeml:eu.emsc/event/20040708_0000023/origin/1306710</originID>
    <creationInfo>
      <agencyURI>smi:smi-registry/organization/EMSC</agencyURI>
      <authorURI>smi:smi-registry/organization/EMSC</authorURI>
    </creationInfo>
  </magnitude>
</event>
<event publicID="quakeml:eu.emsc/event/20040708_0000022">
  <preferredOriginID>quakeml:eu.emsc/event/20040708_0000022/origin/1306712</preferredOriginID>
  <preferredMagnitudeID>quakeml:eu.emsc/event/20040708_0000022/origin/1306712/mag/2</preferredMagnitudeID>
  <creationInfo>
    <agencyURI>smi:smi-registry/organization/EMSC</agencyURI>
    <authorURI>smi:smi-registry/organization/EMSC</authorURI>
    <creationTime>2014-12-11T02:48:54.630124Z</creationTime>
  </creationInfo>
  <description>
    <text>EASTERN TURKEY</text>
    <type>Flinn-Engdahl region</type>
  </description>
  <origin publicID="quakeml:eu.emsc/event/20040708_0000022/origin/1306712">
    <time>
      <value>2004-07-08T20:32:37.3Z</value>
    </time>
    <latitude>
      <value>40.157</value>
      <uncertainty>9999.9</uncertainty>
    </latitude>
    <longitude>
      <value>42.076</value>
      <uncertainty>9999.9</uncertainty>
    </longitude>
    <depth>
      <value>21000</value>
    </depth>
    <depthType>from location</depthType>
    <methodID>smi:eu.emsc-csem/origin_method/NA</methodID>
    <quality>
      <usedPhaseCount>7</usedPhaseCount>
      <usedStationCount>4</usedStationCount>
      <standardError>1.74</standardError>
      <azimuthalGap>169</azimuthalGap>
      <minimumDistance>0.7</minimumDistance>
      <maximumDistance>1.11</maximumDistance>
    </quality>
    <evaluationMode>manual</evaluationMode>
    <creationInfo>
      <agencyURI>smi:smi-registry/organization/EMSC</agencyURI>
      <authorURI>smi:smi-registry/organization/EMSC</authorURI>
    </creationInfo>
    <originUncertainty>
      <azimuthMaxHorizontalUncertainty>-99</azimuthMaxHorizontalUncertainty>
    </originUncertainty>
  </origin>
  <magnitude publicID="quakeml:eu.emsc/event/20040708_0000022/origin/1306712/mag/2">
    <mag>
      <value>3.1</value>
    </mag>
    <type>MD</type>
    <originID>quakeml:eu.emsc/event/20040708_0000022/origin/1306712</originID>
    <creationInfo>
      <agencyURI>smi:smi-registry/organization/EMSC</agencyURI>
      <authorURI>smi:smi-registry/organization/EMSC</authorURI>
    </creationInfo>
  </magnitude>
</event>
<event publicID="quakeml:eu.emsc/event/20040708_0000020">
  <preferredOriginID>quakeml:eu.emsc/event/20040708_0000020/origin/1306714</preferredOriginID>
  <preferredMagnitudeID>quakeml:eu.emsc/event/20040708_0000020/origin/1306714/mag/2</preferredMagnitudeID>
  <creationInfo>
    <agencyURI>smi:smi-registry/organization/EMSC</agencyURI>
    <authorURI>smi:smi-registry/organization/EMSC</authorURI>
    <creationTime>2014-12-11T02:48:41.807838Z</creationTime>
  </creationInfo>
  <description>
    <text>EASTERN TURKEY</text>
    <type>Flinn-Engdahl region</type>
  </description>
  <origin publicID="quakeml:eu.emsc/event/20040708_0000020/origin/1306714">
    <time>
      <value>2004-07-08T19:25:16.4Z</value>
    </time>
    <latitude>
      <value>39.135</value>
      <uncertainty>9999.9</uncertainty>
    </latitude>
    <longitude>
      <value>40.341</value>
      <uncertainty>9999.9</uncertainty>
    </longitude>
    <depth>
      <value>12000</value>
    </depth>
    <depthType>from location</depthType>
    <methodID>smi:eu.emsc-csem/origin_method/NA</methodID>
    <quality>
      <usedPhaseCount>8</usedPhaseCount>
      <usedStationCount>6</usedStationCount>
      <standardError>0.9</standardError>
      <azimuthalGap>124</azimuthalGap>
      <minimumDistance>0.28</minimumDistance>
      <maximumDistance>1.3</maximumDistance>
    </quality>
    <evaluationMode>manual</evaluationMode>
    <creationInfo>
      <agencyURI>smi:smi-registry/organization/EMSC</agencyURI>
      <authorURI>smi:smi-registry/organization/EMSC</authorURI>
    </creationInfo>
    <originUncertainty>
      <azimuthMaxHorizontalUncertainty>-99</azimuthMaxHorizontalUncertainty>
    </originUncertainty>
  </origin>
  <magnitude publicID="quakeml:eu.emsc/event/20040708_0000020/origin/1306714/mag/2">
    <mag>
      <value>3.2</value>
    </mag>
    <type>MD</type>
    <originID>quakeml:eu.emsc/event/20040708_0000020/origin/1306714</originID>
    <creationInfo>
      <agencyURI>smi:smi-registry/organization/EMSC</agencyURI>
      <authorURI>smi:smi-registry/organization/EMSC</authorURI>
    </creationInfo>
  </magnitude>
</event>
<event publicID="quakeml:eu.emsc/event/20040708_0000019">
  <preferredOriginID>quakeml:eu.emsc/event/20040708_0000019/origin/1306716</preferredOriginID>
  <preferredMagnitudeID>quakeml:eu.emsc/event/20040708_0000019/origin/1306716/mag/2</preferredMagnitudeID>
  <creationInfo>
    <agencyURI>smi:smi-registry/organization/EMSC</agencyURI>
    <authorURI>smi:smi-registry/organization/EMSC</authorURI>
    <creationTime>2014-12-11T02:48:38.957953Z</creationTime>
  </creationInfo>
  <description>
    <text>CENTRAL MEDITERRANEAN SEA</text>
    <type>Flinn-Engdahl region</type>
  </description>
  <origin publicID="quakeml:eu.emsc/event/20040708_0000019/origin/1306716">
    <time>
      <value>2004-07-08T18:49:00.1Z</value>
    </time>
    <latitude>
      <value>36.35</value>
      <uncertainty>9999.9</uncertainty>
    </latitude>
    <longitude>
      <value>20.76</value>
      <uncertainty>9999.9</uncertainty>
    </longitude>
    <depth>
      <value>19000</value>
    </depth>
    <depthType>from location</depthType>
    <methodID>smi:eu.emsc-csem/origin_method/NA</methodID>
    <quality>
      <usedPhaseCount>7</usedPhaseCount>
      <usedStationCount>7</usedStationCount>
      <standardError>2.09</standardError>
      <azimuthalGap>256</azimuthalGap>
      <minimumDistance>1.25</minimumDistance>
      <maximumDistance>3.44</maximumDistance>
    </quality>
    <evaluationMode>manual</evaluationMode>
    <creationInfo>
      <agencyURI>smi:smi-registry/organization/EMSC</agencyURI>
      <authorURI>smi:smi-registry/organization/EMSC</authorURI>
    </creationInfo>
    <originUncertainty>
      <azimuthMaxHorizontalUncertainty>-99</azimuthMaxHorizontalUncertainty>
    </originUncertainty>
  </origin>
  <magnitude publicID="quakeml:eu.emsc/event/20040708_0000019/origin/1306716/mag/2">
    <mag>
      <value>3.7</value>
    </mag>
    <type>MD</type>
    <originID>quakeml:eu.emsc/event/20040708_0000019/origin/1306716</originID>
    <creationInfo>
      <agencyURI>smi:smi-registry/organization/EMSC</agencyURI>
      <authorURI>smi:smi-registry/organization/EMSC</authorURI>
    </creationInfo>
  </magnitude>
</event>
<event publicID="quakeml:eu.emsc/event/20040708_0000013">
  <preferredOriginID>quakeml:eu.emsc/event/20040708_0000013/origin/1316327</preferredOriginID>
  <preferredMagnitudeID>quakeml:eu.emsc/event/20040708_0000013/origin/1316327/mag/2</preferredMagnitudeID>
  <creationInfo>
    <agencyURI>smi:smi-registry/organization/EMSC</agencyURI>
    <authorURI>smi:smi-registry/organization/EMSC</authorURI>
    <creationTime>2014-12-03T10:48:04.105285Z</creationTime>
  </creationInfo>
  <description>
    <text>ALBANIA</text>
    <type>Flinn-Engdahl region</type>
  </description>
  <origin publicID="quakeml:eu.emsc/event/20040708_0000013/origin/1316327">
    <time>
      <value>2004-07-08T17:40:28.6Z</value>
      <uncertainty>0.2</uncertainty>
    </time>
    <latitude>
      <value>40.2258</value>
      <uncertainty>5.5</uncertainty>
    </latitude>
    <longitude>
      <value>19.9668</value>
      <uncertainty>3.1</uncertainty>
    </longitude>
    <depth>
      <value>2000</value>
    </depth>
    <depthType>from location</depthType>
    <methodID>smi:eu.emsc-csem/origin_method/NA</methodID>
    <quality>
      <usedPhaseCount>51</usedPhaseCount>
      <usedStationCount>33</usedStationCount>
      <standardError>1.2</standardError>
      <azimuthalGap>90</azimuthalGap>
      <minimumDistance>0.08</minimumDistance>
      <maximumDistance>3.13</maximumDistance>
    </quality>
    <evaluationMode>manual</evaluationMode>
    <creationInfo>
      <agencyURI>smi:smi-registry/organization/EMSC</agencyURI>
      <authorURI>smi:smi-registry/organization/EMSC</authorURI>
    </creationInfo>
    <originUncertainty>
      <azimuthMaxHorizontalUncertainty>63</azimuthMaxHorizontalUncertainty>
    </originUncertainty>
  </origin>
  <magnitude publicID="quakeml:eu.emsc/event/20040708_0000013/origin/1316327/mag/2">
    <mag>
      <value>2.8</value>
    </mag>
    <type>ML</type>
    <originID>quakeml:eu.emsc/event/20040708_0000013/origin/1316327</originID>
    <creationInfo>
      <agencyURI>smi:smi-registry/organization/EMSC</agencyURI>
      <authorURI>smi:smi-registry/organization/EMSC</authorURI>
    </creationInfo>
  </magnitude>
</event>
<event publicID="quakeml:eu.emsc/event/20040708_0000017">
  <preferredOriginID>quakeml:eu.emsc/event/20040708_0000017/origin/1306718</preferredOriginID>
  <preferredMagnitudeID>quakeml:eu.emsc/event/20040708_0000017/origin/1306718/mag/2</preferredMagnitudeID>
  <creationInfo>
    <agencyURI>smi:smi-registry/organization/EMSC</agencyURI>
    <authorURI>smi:smi-registry/organization/EMSC</authorURI>
    <creationTime>2014-12-11T02:48:35.788535Z</creationTime>
  </creationInfo>
  <description>
    <text>SOUTHERN GREECE</text>
    <type>Flinn-Engdahl region</type>
  </description>
  <origin publicID="quakeml:eu.emsc/event/20040708_0000017/origin/1306718">
    <time>
      <value>2004-07-08T15:56:46.5Z</value>
    </time>
    <latitude>
      <value>36.35</value>
      <uncertainty>9999.9</uncertainty>
    </latitude>
    <longitude>
      <value>22.9</value>
      <uncertainty>9999.9</uncertainty>
    </longitude>
    <depth>
      <value>13000</value>
    </depth>
    <depthType>from location</depthType>
    <methodID>smi:eu.emsc-csem/origin_method/NA</methodID>
    <quality>
      <usedPhaseCount>9</usedPhaseCount>
      <usedStationCount>6</usedStationCount>
      <standardError>1.38</standardError>
      <azimuthalGap>194</azimuthalGap>
      <minimumDistance>0.13</minimumDistance>
      <maximumDistance>1.92</maximumDistance>
    </quality>
    <evaluationMode>manual</evaluationMode>
    <creationInfo>
      <agencyURI>smi:smi-registry/organization/EMSC</agencyURI>
      <authorURI>smi:smi-registry/organization/EMSC</authorURI>
    </creationInfo>
    <originUncertainty>
      <azimuthMaxHorizontalUncertainty>-99</azimuthMaxHorizontalUncertainty>
    </originUncertainty>
  </origin>
  <magnitude publicID="quakeml:eu.emsc/event/20040708_0000017/origin/1306718/mag/2">
    <mag>
      <value>3.2</value>
    </mag>
    <type>MD</type>
    <originID>quakeml:eu.emsc/event/20040708_0000017/origin/1306718</originID>
    <creationInfo>
      <agencyURI>smi:smi-registry/organization/EMSC</agencyURI>
      <authorURI>smi:smi-registry/organization/EMSC</authorURI>
    </creationInfo>
  </magnitude>
</event>
<event publicID="quakeml:eu.emsc/event/20040708_0000016">
  <preferredOriginID>quakeml:eu.emsc/event/20040708_0000016/origin/1316759</preferredOriginID>
  <preferredMagnitudeID>quakeml:eu.emsc/event/20040708_0000016/origin/1316759/mag/2</preferredMagnitudeID>
  <creationInfo>
    <agencyURI>smi:smi-registry/organization/EMSC</agencyURI>
    <authorURI>smi:smi-registry/organization/EMSC</authorURI>
    <creationTime>2014-12-11T02:48:33.479252Z</creationTime>
  </creationInfo>
  <description>
    <text>SOUTHERN GREECE</text>
    <type>Flinn-Engdahl region</type>
  </description>
  <origin publicID="quakeml:eu.emsc/event/20040708_0000016/origin/1316759">
    <time>
      <value>2004-07-08T15:37:36.7Z</value>
    </time>
    <latitude>
      <value>36.32</value>
      <uncertainty>9999.9</uncertainty>
    </latitude>
    <longitude>
      <value>22.76</value>
      <uncertainty>9999.9</uncertainty>
    </longitude>
    <depth>
      <value>12000</value>
    </depth>
    <depthType>from location</depthType>
    <methodID>smi:eu.emsc-csem/origin_method/NA</methodID>
    <quality>
      <usedPhaseCount>6</usedPhaseCount>
      <usedStationCount>4</usedStationCount>
      <standardError>0.5</standardError>
      <azimuthalGap>194</azimuthalGap>
      <minimumDistance>0.23</minimumDistance>
      <maximumDistance>1.48</maximumDistance>
    </quality>
    <evaluationMode>manual</evaluationMode>
    <creationInfo>
      <agencyURI>smi:smi-registry/organization/EMSC</agencyURI>
      <authorURI>smi:smi-registry/organization/EMSC</authorURI>
    </creationInfo>
    <originUncertainty>
      <azimuthMaxHorizontalUncertainty>-99</azimuthMaxHorizontalUncertainty>
    </originUncertainty>
  </origin>
  <magnitude publicID="quakeml:eu.emsc/event/20040708_0000016/origin/1316759/mag/2">
    <mag>
      <value>3</value>
    </mag>
    <type>MD</type>
    <originID>quakeml:eu.emsc/event/20040708_0000016/origin/1316759</originID>
    <creationInfo>
      <agencyURI>smi:smi-registry/organization/EMSC</agencyURI>
      <authorURI>smi:smi-registry/organization/EMSC</authorURI>
    </creationInfo>
  </magnitude>
</event>
<event publicID="quakeml:eu.emsc/event/20040708_0000015">
  <preferredOriginID>quakeml:eu.emsc/event/20040708_0000015/origin/1306720</preferredOriginID>
  <preferredMagnitudeID>quakeml:eu.emsc/event/20040708_0000015/origin/1306720/mag/2</preferredMagnitudeID>
  <creationInfo>
    <agencyURI>smi:smi-registry/organization/EMSC</agencyURI>
    <authorURI>smi:smi-registry/organization/EMSC</authorURI>
    <creationTime>2014-12-11T02:48:32.92943Z</creationTime>
  </creationInfo>
  <description>
    <text>SOUTHERN GREECE</text>
    <type>Flinn-Engdahl region</type>
  </description>
  <origin publicID="quakeml:eu.emsc/event/20040708_0000015/origin/1306720">
    <time>
      <value>2004-07-08T15:35:34.6Z</value>
    </time>
    <latitude>
      <value>36.34</value>
      <uncertainty>9999.9</uncertainty>
    </latitude>
    <longitude>
      <value>22.76</value>
      <uncertainty>9999.9</uncertainty>
    </longitude>
    <depth>
      <value>7000</value>
    </depth>
    <depthType>from location</depthType>
    <methodID>smi:eu.emsc-csem/origin_method/NA</methodID>
    <quality>
      <usedPhaseCount>9</usedPhaseCount>
      <usedStationCount>7</usedStationCount>
      <standardError>1.14</standardError>
      <azimuthalGap>193</azimuthalGap>
      <minimumDistance>0.23</minimumDistance>
      <maximumDistance>1.97</maximumDistance>
    </quality>
    <evaluationMode>manual</evaluationMode>
    <creationInfo>
      <agencyURI>smi:smi-registry/organization/EMSC</agencyURI>
      <authorURI>smi:smi-registry/organization/EMSC</authorURI>
    </creationInfo>
    <originUncertainty>
      <azimuthMaxHorizontalUncertainty>-99</azimuthMaxHorizontalUncertainty>
    </originUncertainty>
  </origin>
  <magnitude publicID="quakeml:eu.emsc/event/20040708_0000015/origin/1306720/mag/2">
    <mag>
      <value>3.3</value>
    </mag>
    <type>MD</type>
    <originID>quakeml:eu.emsc/event/20040708_0000015/origin/1306720</originID>
    <creationInfo>
      <agencyURI>smi:smi-registry/organization/EMSC</agencyURI>
      <authorURI>smi:smi-registry/organization/EMSC</authorURI>
    </creationInfo>
  </magnitude>
</event>
<event publicID="quakeml:eu.emsc/event/20040708_0000014">
  <preferredOriginID>quakeml:eu.emsc/event/20040708_0000014/origin/1306722</preferredOriginID>
  <preferredMagnitudeID>quakeml:eu.emsc/event/20040708_0000014/origin/1306722/mag/2</preferredMagnitudeID>
  <creationInfo>
    <agencyURI>smi:smi-registry/organization/EMSC</agencyURI>
    <authorURI>smi:smi-registry/organization/EMSC</authorURI>
    <creationTime>2014-12-11T02:48:31.56893Z</creationTime>
  </creationInfo>
  <description>
    <text>SOUTHERN GREECE</text>
    <type>Flinn-Engdahl region</type>
  </description>
  <origin publicID="quakeml:eu.emsc/event/20040708_0000014/origin/1306722">
    <time>
      <value>2004-07-08T15:31:04.5Z</value>
    </time>
    <latitude>
      <value>36.34</value>
      <uncertainty>9999.9</uncertainty>
    </latitude>
    <longitude>
      <value>22.78</value>
      <uncertainty>9999.9</uncertainty>
    </longitude>
    <depth>
      <value>11000</value>
    </depth>
    <depthType>from location</depthType>
    <methodID>smi:eu.emsc-csem/origin_method/NA</methodID>
    <quality>
      <usedPhaseCount>5</usedPhaseCount>
      <usedStationCount>4</usedStationCount>
      <standardError>0.36</standardError>
      <azimuthalGap>192</azimuthalGap>
      <minimumDistance>0.22</minimumDistance>
      <maximumDistance>1.48</maximumDistance>
    </quality>
    <evaluationMode>manual</evaluationMode>
    <creationInfo>
      <agencyURI>smi:smi-registry/organization/EMSC</agencyURI>
      <authorURI>smi:smi-registry/organization/EMSC</authorURI>
    </creationInfo>
    <originUncertainty>
      <azimuthMaxHorizontalUncertainty>-99</azimuthMaxHorizontalUncertainty>
    </originUncertainty>
  </origin>
  <magnitude publicID="quakeml:eu.emsc/event/20040708_0000014/origin/1306722/mag/2">
    <mag>
      <value>3.2</value>
    </mag>
    <type>MD</type>
    <originID>quakeml:eu.emsc/event/20040708_0000014/origin/1306722</originID>
    <creationInfo>
      <agencyURI>smi:smi-registry/organization/EMSC</agencyURI>
      <authorURI>smi:smi-registry/organization/EMSC</authorURI>
    </creationInfo>
  </magnitude>
</event>
<event publicID="quakeml:eu.emsc/event/20040708_0000029">
  <preferredOriginID>quakeml:eu.emsc/event/20040708_0000029/origin/1314746</preferredOriginID>
  <preferredMagnitudeID>quakeml:eu.emsc/event/20040708_0000029/origin/1314746/mag/1</preferredMagnitudeID>
  <creationInfo>
    <agencyURI>smi:smi-registry/organization/EMSC</agencyURI>
    <authorURI>smi:smi-registry/organization/EMSC</authorURI>
    <creationTime>2014-12-03T15:05:47.182987Z</creationTime>
  </creationInfo>
  <description>
    <text>SWITZERLAND</text>
    <type>Flinn-Engdahl region</type>
  </description>
  <origin publicID="quakeml:eu.emsc/event/20040708_0000029/origin/1314746">
    <time>
      <value>2004-07-08T14:31:46.0Z</value>
      <uncertainty>0.18</uncertainty>
    </time>
    <latitude>
      <value>47.0454</value>
      <uncertainty>3.3</uncertainty>
    </latitude>
    <longitude>
      <value>7.169</value>
      <uncertainty>1.7</uncertainty>
    </longitude>
    <depth>
      <value>15000</value>
    </depth>
    <depthType>from location</depthType>
    <methodID>smi:eu.emsc-csem/origin_method/NA</methodID>
    <quality>
      <usedPhaseCount>38</usedPhaseCount>
      <usedStationCount>17</usedStationCount>
      <standardError>0.58</standardError>
      <azimuthalGap>206</azimuthalGap>
      <minimumDistance>0.38</minimumDistance>
      <maximumDistance>2.63</maximumDistance>
    </quality>
    <evaluationMode>manual</evaluationMode>
    <creationInfo>
      <agencyURI>smi:smi-registry/organization/EMSC</agencyURI>
      <authorURI>smi:smi-registry/organization/EMSC</authorURI>
    </creationInfo>
    <originUncertainty>
      <azimuthMaxHorizontalUncertainty>135</azimuthMaxHorizontalUncertainty>
    </originUncertainty>
  </origin>
  <magnitude publicID="quakeml:eu.emsc/event/20040708_0000029/origin/1314746/mag/1">
    <mag>
      <value>2.5</value>
      <uncertainty>0.2</uncertainty>
    </mag>
    <type>ML</type>
    <originID>quakeml:eu.emsc/event/20040708_0000029/origin/1314746</originID>
    <stationCount>8</stationCount>
    <creationInfo>
      <agencyURI>smi:smi-registry/organization/EMSC</agencyURI>
      <authorURI>smi:smi-registry/organization/EMSC</authorURI>
    </creationInfo>
  </magnitude>
</event>
<event publicID="quakeml:eu.emsc/event/20040708_0000011">
  <preferredOriginID>quakeml:eu.emsc/event/20040708_0000011/origin/1316329</preferredOriginID>
  <preferredMagnitudeID>quakeml:eu.emsc/event/20040708_0000011/origin/1316329/mag/2</preferredMagnitudeID>
  <creationInfo>
    <agencyURI>smi:smi-registry/organization/EMSC</agencyURI>
    <authorURI>smi:smi-registry/organization/EMSC</authorURI>
    <creationTime>2014-12-03T12:07:27.532937Z</creationTime>
  </creationInfo>
  <description>
    <text>MOROCCO</text>
    <type>Flinn-Engdahl region</type>
  </description>
  <origin publicID="quakeml:eu.emsc/event/20040708_0000011/origin/1316329">
    <time>
      <value>2004-07-08T14:03:37.9Z</value>
      <uncertainty>0.23</uncertainty>
    </time>
    <latitude>
      <value>34.8009</value>
      <uncertainty>7.1</uncertainty>
    </latitude>
    <longitude>
      <value>-3.8888</value>
      <uncertainty>4.6</uncertainty>
    </longitude>
    <depth>
      <value>10000</value>
    </depth>
    <depthType>from location</depthType>
    <methodID>smi:eu.emsc-csem/origin_method/NA</methodID>
    <quality>
      <usedPhaseCount>15</usedPhaseCount>
      <usedStationCount>9</usedStationCount>
      <standardError>0.85</standardError>
      <azimuthalGap>99</azimuthalGap>
      <minimumDistance>0.2</minimumDistance>
      <maximumDistance>2.79</maximumDistance>
    </quality>
    <evaluationMode>manual</evaluationMode>
    <creationInfo>
      <agencyURI>smi:smi-registry/organization/EMSC</agencyURI>
      <authorURI>smi:smi-registry/organization/EMSC</authorURI>
    </creationInfo>
    <originUncertainty>
      <azimuthMaxHorizontalUncertainty>138</azimuthMaxHorizontalUncertainty>
    </originUncertainty>
  </origin>
  <magnitude publicID="quakeml:eu.emsc/event/20040708_0000011/origin/1316329/mag/2">
    <mag>
      <value>3.1</value>
    </mag>
    <type>MD</type>
    <originID>quakeml:eu.emsc/event/20040708_0000011/origin/1316329</originID>
    <creationInfo>
      <agencyURI>smi:smi-registry/organization/EMSC</agencyURI>
      <authorURI>smi:smi-registry/organization/EMSC</authorURI>
    </creationInfo>
  </magnitude>
</event>
<event publicID="quakeml:eu.emsc/event/20040708_0000032">
  <preferredOriginID>quakeml:eu.emsc/event/20040708_0000032/origin/1314750</preferredOriginID>
  <preferredMagnitudeID>quakeml:eu.emsc/event/20040708_0000032/origin/1314750/mag/1</preferredMagnitudeID>
  <creationInfo>
    <agencyURI>smi:smi-registry/organization/EMSC</agencyURI>
    <authorURI>smi:smi-registry/organization/EMSC</authorURI>
    <creationTime>2014-12-03T16:17:33.118843Z</creationTime>
  </creationInfo>
  <description>
    <text>FRANCE</text>
    <type>Flinn-Engdahl region</type>
  </description>
  <origin publicID="quakeml:eu.emsc/event/20040708_0000032/origin/1314750">
    <time>
      <value>2004-07-08T13:17:10.1Z</value>
      <uncertainty>0.17</uncertainty>
    </time>
    <latitude>
      <value>48.0351</value>
      <uncertainty>3.4</uncertainty>
    </latitude>
    <longitude>
      <value>7.4733</value>
      <uncertainty>2.4</uncertainty>
    </longitude>
    <depth>
      <value>15000</value>
    </depth>
    <depthType>from location</depthType>
    <methodID>smi:eu.emsc-csem/origin_method/NA</methodID>
    <quality>
      <usedPhaseCount>28</usedPhaseCount>
      <usedStationCount>14</usedStationCount>
      <standardError>0.6</standardError>
      <azimuthalGap>150</azimuthalGap>
      <minimumDistance>0.14</minimumDistance>
      <maximumDistance>1.71</maximumDistance>
    </quality>
    <evaluationMode>manual</evaluationMode>
    <creationInfo>
      <agencyURI>smi:smi-registry/organization/EMSC</agencyURI>
      <authorURI>smi:smi-registry/organization/EMSC</authorURI>
    </creationInfo>
    <originUncertainty>
      <azimuthMaxHorizontalUncertainty>131</azimuthMaxHorizontalUncertainty>
    </originUncertainty>
  </origin>
  <magnitude publicID="quakeml:eu.emsc/event/20040708_0000032/origin/1314750/mag/1">
    <mag>
      <value>2.2</value>
      <uncertainty>0.5</uncertainty>
    </mag>
    <type>ML</type>
    <originID>quakeml:eu.emsc/event/20040708_0000032/origin/1314750</originID>
    <stationCount>4</stationCount>
    <creationInfo>
      <agencyURI>smi:smi-registry/organization/EMSC</agencyURI>
      <authorURI>smi:smi-registry/organization/EMSC</authorURI>
    </creationInfo>
  </magnitude>
</event>
<event publicID="quakeml:eu.emsc/event/20040708_0000010">
  <preferredOriginID>quakeml:eu.emsc/event/20040708_0000010/origin/1316333</preferredOriginID>
  <preferredMagnitudeID>quakeml:eu.emsc/event/20040708_0000010/origin/1316333/mag/2</preferredMagnitudeID>
  <creationInfo>
    <agencyURI>smi:smi-registry/organization/EMSC</agencyURI>
    <authorURI>smi:smi-registry/organization/EMSC</authorURI>
    <creationTime>2014-12-03T11:55:25.759502Z</creationTime>
  </creationInfo>
  <description>
    <text>SOUTHERN GREECE</text>
    <type>Flinn-Engdahl region</type>
  </description>
  <origin publicID="quakeml:eu.emsc/event/20040708_0000010/origin/1316333">
    <time>
      <value>2004-07-08T12:56:21.9Z</value>
      <uncertainty>0.49</uncertainty>
    </time>
    <latitude>
      <value>36.4521</value>
      <uncertainty>14.5</uncertainty>
    </latitude>
    <longitude>
      <value>22.9705</value>
      <uncertainty>6.5</uncertainty>
    </longitude>
    <depth>
      <value>2000</value>
    </depth>
    <depthType>from location</depthType>
    <methodID>smi:eu.emsc-csem/origin_method/NA</methodID>
    <quality>
      <usedPhaseCount>34</usedPhaseCount>
      <usedStationCount>33</usedStationCount>
      <standardError>1.34</standardError>
      <azimuthalGap>162</azimuthalGap>
      <minimumDistance>0.27</minimumDistance>
      <maximumDistance>9.02</maximumDistance>
    </quality>
    <evaluationMode>manual</evaluationMode>
    <creationInfo>
      <agencyURI>smi:smi-registry/organization/EMSC</agencyURI>
      <authorURI>smi:smi-registry/organization/EMSC</authorURI>
    </creationInfo>
    <originUncertainty>
      <azimuthMaxHorizontalUncertainty>51</azimuthMaxHorizontalUncertainty>
    </originUncertainty>
  </origin>
  <magnitude publicID="quakeml:eu.emsc/event/20040708_0000010/origin/1316333/mag/2">
    <mag>
      <value>3.3</value>
    </mag>
    <type>ML</type>
    <originID>quakeml:eu.emsc/event/20040708_0000010/origin/1316333</originID>
    <creationInfo>
      <agencyURI>smi:smi-registry/organization/EMSC</agencyURI>
      <authorURI>smi:smi-registry/organization/EMSC</authorURI>
    </creationInfo>
  </magnitude>
</event>
<event publicID="quakeml:eu.emsc/event/20040708_0000006">
  <preferredOriginID>quakeml:eu.emsc/event/20040708_0000006/origin/1316450</preferredOriginID>
  <preferredMagnitudeID>quakeml:eu.emsc/event/20040708_0000006/origin/1316450/mag/2</preferredMagnitudeID>
  <creationInfo>
    <agencyURI>smi:smi-registry/organization/EMSC</agencyURI>
    <authorURI>smi:smi-registry/organization/EMSC</authorURI>
    <creationTime>2014-12-03T11:39:28.994568Z</creationTime>
  </creationInfo>
  <description>
    <text>SOUTHERN GREECE</text>
    <type>Flinn-Engdahl region</type>
  </description>
  <origin publicID="quakeml:eu.emsc/event/20040708_0000006/origin/1316450">
    <time>
      <value>2004-07-08T12:40:33.2Z</value>
      <uncertainty>0.46</uncertainty>
    </time>
    <latitude>
      <value>36.307</value>
      <uncertainty>10.3</uncertainty>
    </latitude>
    <longitude>
      <value>22.8836</value>
      <uncertainty>4.6</uncertainty>
    </longitude>
    <depth>
      <value>0</value>
      <uncertainty>3.6</uncertainty>
    </depth>
    <depthType>from location</depthType>
    <methodID>smi:eu.emsc-csem/origin_method/NA</methodID>
    <quality>
      <usedPhaseCount>40</usedPhaseCount>
      <usedStationCount>34</usedStationCount>
      <standardError>0.98</standardError>
      <azimuthalGap>159</azimuthalGap>
      <minimumDistance>1.4</minimumDistance>
      <maximumDistance>9.46</maximumDistance>
    </quality>
    <evaluationMode>manual</evaluationMode>
    <creationInfo>
      <agencyURI>smi:smi-registry/organization/EMSC</agencyURI>
      <authorURI>smi:smi-registry/organization/EMSC</authorURI>
    </creationInfo>
    <originUncertainty>
      <azimuthMaxHorizontalUncertainty>40</azimuthMaxHorizontalUncertainty>
    </originUncertainty>
  </origin>
  <magnitude publicID="quakeml:eu.emsc/event/20040708_0000006/origin/1316450/mag/2">
    <mag>
      <value>3.4</value>
    </mag>
    <type>ML</type>
    <originID>quakeml:eu.emsc/event/20040708_0000006/origin/1316450</originID>
    <creationInfo>
      <agencyURI>smi:smi-registry/organization/EMSC</agencyURI>
      <authorURI>smi:smi-registry/organization/EMSC</authorURI>
    </creationInfo>
  </magnitude>
</event>
<event publicID="quakeml:eu.emsc/event/20040708_0000009">
  <preferredOriginID>quakeml:eu.emsc/event/20040708_0000009/origin/1306724</preferredOriginID>
  <preferredMagnitudeID>quakeml:eu.emsc/event/20040708_0000009/origin/1306724/mag/2</preferredMagnitudeID>
  <creationInfo>
    <agencyURI>smi:smi-registry/organization/EMSC</agencyURI>
    <authorURI>smi:smi-registry/organization/EMSC</authorURI>
    <creationTime>2014-12-11T02:48:22.300599Z</creationTime>
  </creationInfo>
  <description>
    <text>EASTERN TURKEY</text>
    <type>Flinn-Engdahl region</type>
  </description>
  <origin publicID="quakeml:eu.emsc/event/20040708_0000009/origin/1306724">
    <time>
      <value>2004-07-08T11:44:40.7Z</value>
    </time>
    <latitude>
      <value>39.505</value>
      <uncertainty>9999.9</uncertainty>
    </latitude>
    <longitude>
      <value>41.126</value>
      <uncertainty>9999.9</uncertainty>
    </longitude>
    <depth>
      <value>7000</value>
    </depth>
    <depthType>from location</depthType>
    <methodID>smi:eu.emsc-csem/origin_method/NA</methodID>
    <quality>
      <usedPhaseCount>14</usedPhaseCount>
      <usedStationCount>13</usedStationCount>
      <standardError>1.11</standardError>
      <azimuthalGap>69</azimuthalGap>
      <minimumDistance>0.4</minimumDistance>
      <maximumDistance>3.21</maximumDistance>
    </quality>
    <evaluationMode>manual</evaluationMode>
    <creationInfo>
      <agencyURI>smi:smi-registry/organization/EMSC</agencyURI>
      <authorURI>smi:smi-registry/organization/EMSC</authorURI>
    </creationInfo>
    <originUncertainty>
      <azimuthMaxHorizontalUncertainty>-99</azimuthMaxHorizontalUncertainty>
    </originUncertainty>
  </origin>
  <magnitude publicID="quakeml:eu.emsc/event/20040708_0000009/origin/1306724/mag/2">
    <mag>
      <value>3.6</value>
    </mag>
    <type>MD</type>
    <originID>quakeml:eu.emsc/event/20040708_0000009/origin/1306724</originID>
    <creationInfo>
      <agencyURI>smi:smi-registry/organization/EMSC</agencyURI>
      <authorURI>smi:smi-registry/organization/EMSC</authorURI>
    </creationInfo>
  </magnitude>
</event>
<event publicID="quakeml:eu.emsc/event/20040708_0000033">
  <preferredOriginID>quakeml:eu.emsc/event/20040708_0000033/origin/1306726</preferredOriginID>
  <creationInfo>
    <agencyURI>smi:smi-registry/organization/EMSC</agencyURI>
    <authorURI>smi:smi-registry/organization/EMSC</authorURI>
    <creationTime>2014-12-10T18:15:54.735456Z</creationTime>
  </creationInfo>
  <description>
    <text>PYRENEES</text>
    <type>Flinn-Engdahl region</type>
  </description>
  <origin publicID="quakeml:eu.emsc/event/20040708_0000033/origin/1306726">
    <time>
      <value>2004-07-08T08:11:11.9Z</value>
    </time>
    <latitude>
      <value>42.8635</value>
      <uncertainty>9999.9</uncertainty>
    </latitude>
    <longitude>
      <value>-1.4063</value>
      <uncertainty>9999.9</uncertainty>
    </longitude>
    <depth>
      <value>0</value>
    </depth>
    <depthType>from location</depthType>
    <methodID>smi:eu.emsc-csem/origin_method/NA</methodID>
    <quality>
      <usedPhaseCount>15</usedPhaseCount>
      <usedStationCount>9</usedStationCount>
      <standardError>0.97</standardError>
      <azimuthalGap>104</azimuthalGap>
      <minimumDistance>0.35</minimumDistance>
      <maximumDistance>2.39</maximumDistance>
    </quality>
    <evaluationMode>manual</evaluationMode>
    <creationInfo>
      <agencyURI>smi:smi-registry/organization/EMSC</agencyURI>
      <authorURI>smi:smi-registry/organization/EMSC</authorURI>
    </creationInfo>
    <originUncertainty>
      <azimuthMaxHorizontalUncertainty>-99</azimuthMaxHorizontalUncertainty>
    </originUncertainty>
  </origin>
</event>
<event publicID="quakeml:eu.emsc/event/20040708_0000031">
  <preferredOriginID>quakeml:eu.emsc/event/20040708_0000031/origin/1306728</preferredOriginID>
  <creationInfo>
    <agencyURI>smi:smi-registry/organization/EMSC</agencyURI>
    <authorURI>smi:smi-registry/organization/EMSC</authorURI>
    <creationTime>2014-12-10T18:15:54.222057Z</creationTime>
  </creationInfo>
  <description>
    <text>PYRENEES</text>
    <type>Flinn-Engdahl region</type>
  </description>
  <origin publicID="quakeml:eu.emsc/event/20040708_0000031/origin/1306728">
    <time>
      <value>2004-07-08T07:36:10.4Z</value>
    </time>
    <latitude>
      <value>42.8879</value>
      <uncertainty>9999.9</uncertainty>
    </latitude>
    <longitude>
      <value>-1.3623</value>
      <uncertainty>9999.9</uncertainty>
    </longitude>
    <depth>
      <value>0</value>
    </depth>
    <depthType>from location</depthType>
    <methodID>smi:eu.emsc-csem/origin_method/NA</methodID>
    <quality>
      <usedPhaseCount>13</usedPhaseCount>
      <usedStationCount>7</usedStationCount>
      <standardError>1.27</standardError>
      <azimuthalGap>102</azimuthalGap>
      <minimumDistance>0.31</minimumDistance>
      <maximumDistance>1.56</maximumDistance>
    </quality>
    <evaluationMode>manual</evaluationMode>
    <creationInfo>
      <agencyURI>smi:smi-registry/organization/EMSC</agencyURI>
      <authorURI>smi:smi-registry/organization/EMSC</authorURI>
    </creationInfo>
    <originUncertainty>
      <azimuthMaxHorizontalUncertainty>-99</azimuthMaxHorizontalUncertainty>
    </originUncertainty>
  </origin>
</event>
<event publicID="quakeml:eu.emsc/event/20040708_0000008">
  <preferredOriginID>quakeml:eu.emsc/event/20040708_0000008/origin/1306730</preferredOriginID>
  <preferredMagnitudeID>quakeml:eu.emsc/event/20040708_0000008/origin/1306730/mag/2</preferredMagnitudeID>
  <creationInfo>
    <agencyURI>smi:smi-registry/organization/EMSC</agencyURI>
    <authorURI>smi:smi-registry/organization/EMSC</authorURI>
    <creationTime>2014-12-11T02:46:06.629643Z</creationTime>
  </creationInfo>
  <description>
    <text>SOUTHERN GREECE</text>
    <type>Flinn-Engdahl region</type>
  </description>
  <origin publicID="quakeml:eu.emsc/event/20040708_0000008/origin/1306730">
    <time>
      <value>2004-07-08T06:56:35.6Z</value>
    </time>
    <latitude>
      <value>37.63</value>
      <uncertainty>9999.9</uncertainty>
    </latitude>
    <longitude>
      <value>22.73</value>
      <uncertainty>9999.9</uncertainty>
    </longitude>
    <depth>
      <value>13000</value>
    </depth>
    <depthType>from location</depthType>
    <methodID>smi:eu.emsc-csem/origin_method/NA</methodID>
    <quality>
      <usedPhaseCount>7</usedPhaseCount>
      <usedStationCount>7</usedStationCount>
      <standardError>0.76</standardError>
      <azimuthalGap>104</azimuthalGap>
      <minimumDistance>0.78</minimumDistance>
      <maximumDistance>1.37</maximumDistance>
    </quality>
    <evaluationMode>manual</evaluationMode>
    <creationInfo>
      <agencyURI>smi:smi-registry/organization/EMSC</agencyURI>
      <authorURI>smi:smi-registry/organization/EMSC</authorURI>
    </creationInfo>
    <originUncertainty>
      <azimuthMaxHorizontalUncertainty>-99</azimuthMaxHorizontalUncertainty>
    </originUncertainty>
  </origin>
  <magnitude publicID="quakeml:eu.emsc/event/20040708_0000008/origin/1306730/mag/2">
    <mag>
      <value>3</value>
    </mag>
    <type>MD</type>
    <originID>quakeml:eu.emsc/event/20040708_0000008/origin/1306730</originID>
    <creationInfo>
      <agencyURI>smi:smi-registry/organization/EMSC</agencyURI>
      <authorURI>smi:smi-registry/organization/EMSC</authorURI>
    </creationInfo>
  </magnitude>
</event>
<event publicID="quakeml:eu.emsc/event/20040708_0000030">
  <preferredOriginID>quakeml:eu.emsc/event/20040708_0000030/origin/1306732</preferredOriginID>
  <preferredMagnitudeID>quakeml:eu.emsc/event/20040708_0000030/origin/1306732/mag/2</preferredMagnitudeID>
  <creationInfo>
    <agencyURI>smi:smi-registry/organization/EMSC</agencyURI>
    <authorURI>smi:smi-registry/organization/EMSC</authorURI>
    <creationTime>2014-12-10T18:15:53.723588Z</creationTime>
  </creationInfo>
  <description>
    <text>FRANCE</text>
    <type>Flinn-Engdahl region</type>
  </description>
  <origin publicID="quakeml:eu.emsc/event/20040708_0000030/origin/1306732">
    <time>
      <value>2004-07-08T05:06:58.0Z</value>
    </time>
    <latitude>
      <value>46.6043</value>
      <uncertainty>9999.9</uncertainty>
    </latitude>
    <longitude>
      <value>1.4949</value>
      <uncertainty>9999.9</uncertainty>
    </longitude>
    <depth>
      <value>2000</value>
    </depth>
    <depthType>from location</depthType>
    <methodID>smi:eu.emsc-csem/origin_method/NA</methodID>
    <quality>
      <usedPhaseCount>21</usedPhaseCount>
      <usedStationCount>10</usedStationCount>
      <standardError>0.93</standardError>
      <azimuthalGap>138</azimuthalGap>
      <minimumDistance>0.59</minimumDistance>
      <maximumDistance>1.75</maximumDistance>
    </quality>
    <evaluationMode>manual</evaluationMode>
    <creationInfo>
      <agencyURI>smi:smi-registry/organization/EMSC</agencyURI>
      <authorURI>smi:smi-registry/organization/EMSC</authorURI>
    </creationInfo>
    <originUncertainty>
      <azimuthMaxHorizontalUncertainty>-99</azimuthMaxHorizontalUncertainty>
    </originUncertainty>
  </origin>
  <magnitude publicID="quakeml:eu.emsc/event/20040708_0000030/origin/1306732/mag/2">
    <mag>
      <value>2.1</value>
      <uncertainty>0.2</uncertainty>
    </mag>
    <type>ML</type>
    <originID>quakeml:eu.emsc/event/20040708_0000030/origin/1306732</originID>
    <stationCount>9</stationCount>
    <creationInfo>
      <agencyURI>smi:smi-registry/organization/EMSC</agencyURI>
      <authorURI>smi:smi-registry/organization/EMSC</authorURI>
    </creationInfo>
  </magnitude>
</event>
<event publicID="quakeml:eu.emsc/event/20040708_0000005">
  <preferredOriginID>quakeml:eu.emsc/event/20040708_0000005/origin/1316467</preferredOriginID>
  <preferredMagnitudeID>quakeml:eu.emsc/event/20040708_0000005/origin/1316467/mag/2</preferredMagnitudeID>
  <creationInfo>
    <agencyURI>smi:smi-registry/organization/EMSC</agencyURI>
    <authorURI>smi:smi-registry/organization/EMSC</authorURI>
    <creationTime>2014-12-03T11:31:00.632171Z</creationTime>
  </creationInfo>
  <description>
    <text>GREECE</text>
    <type>Flinn-Engdahl region</type>
  </description>
  <origin publicID="quakeml:eu.emsc/event/20040708_0000005/origin/1316467">
    <time>
      <value>2004-07-08T03:44:31.1Z</value>
      <uncertainty>0.31</uncertainty>
    </time>
    <latitude>
      <value>39.7125</value>
      <uncertainty>8.4</uncertainty>
    </latitude>
    <longitude>
      <value>20.8511</value>
      <uncertainty>5.8</uncertainty>
    </longitude>
    <depth>
      <value>2000</value>
    </depth>
    <depthType>from location</depthType>
    <methodID>smi:eu.emsc-csem/origin_method/NA</methodID>
    <quality>
      <usedPhaseCount>14</usedPhaseCount>
      <usedStationCount>9</usedStationCount>
      <standardError>1.45</standardError>
      <azimuthalGap>95</azimuthalGap>
      <minimumDistance>0.06</minimumDistance>
      <maximumDistance>1.34</maximumDistance>
    </quality>
    <evaluationMode>manual</evaluationMode>
    <creationInfo>
      <agencyURI>smi:smi-registry/organization/EMSC</agencyURI>
      <authorURI>smi:smi-registry/organization/EMSC</authorURI>
    </creationInfo>
    <originUncertainty>
      <azimuthMaxHorizontalUncertainty>167</azimuthMaxHorizontalUncertainty>
    </originUncertainty>
  </origin>
  <magnitude publicID="quakeml:eu.emsc/event/20040708_0000005/origin/1316467/mag/2">
    <mag>
      <value>2.7</value>
    </mag>
    <type>ML</type>
    <originID>quakeml:eu.emsc/event/20040708_0000005/origin/1316467</originID>
    <creationInfo>
      <agencyURI>smi:smi-registry/organization/EMSC</agencyURI>
      <authorURI>smi:smi-registry/organization/EMSC</authorURI>
    </creationInfo>
  </magnitude>
</event>
<event publicID="quakeml:eu.emsc/event/20040708_0000002">
  <preferredOriginID>quakeml:eu.emsc/event/20040708_0000002/origin/1316494</preferredOriginID>
  <preferredMagnitudeID>quakeml:eu.emsc/event/20040708_0000002/origin/1316494/mag/2</preferredMagnitudeID>
  <creationInfo>
    <agencyURI>smi:smi-registry/organization/EMSC</agencyURI>
    <authorURI>smi:smi-registry/organization/EMSC</authorURI>
    <creationTime>2014-12-03T10:41:55.809214Z</creationTime>
  </creationInfo>
  <description>
    <text>GREECE</text>
    <type>Flinn-Engdahl region</type>
  </description>
  <origin publicID="quakeml:eu.emsc/event/20040708_0000002/origin/1316494">
    <time>
      <value>2004-07-08T03:16:36.1Z</value>
      <uncertainty>0.3</uncertainty>
    </time>
    <latitude>
      <value>39.6897</value>
      <uncertainty>8.7</uncertainty>
    </latitude>
    <longitude>
      <value>20.4355</value>
      <uncertainty>5.9</uncertainty>
    </longitude>
    <depth>
      <value>15000</value>
    </depth>
    <depthType>from location</depthType>
    <methodID>smi:eu.emsc-csem/origin_method/NA</methodID>
    <quality>
      <usedPhaseCount>10</usedPhaseCount>
      <usedStationCount>6</usedStationCount>
      <standardError>1.19</standardError>
      <azimuthalGap>111</azimuthalGap>
      <minimumDistance>0.18</minimumDistance>
      <maximumDistance>1.31</maximumDistance>
    </quality>
    <evaluationMode>manual</evaluationMode>
    <creationInfo>
      <agencyURI>smi:smi-registry/organization/EMSC</agencyURI>
      <authorURI>smi:smi-registry/organization/EMSC</authorURI>
    </creationInfo>
    <originUncertainty>
      <azimuthMaxHorizontalUncertainty>152</azimuthMaxHorizontalUncertainty>
    </originUncertainty>
  </origin>
  <magnitude publicID="quakeml:eu.emsc/event/20040708_0000002/origin/1316494/mag/2">
    <mag>
      <value>2.8</value>
    </mag>
    <type>MD</type>
    <originID>quakeml:eu.emsc/event/20040708_0000002/origin/1316494</originID>
    <creationInfo>
      <agencyURI>smi:smi-registry/organization/EMSC</agencyURI>
      <authorURI>smi:smi-registry/organization/EMSC</authorURI>
    </creationInfo>
  </magnitude>
</event>
<event publicID="quakeml:eu.emsc/event/20040708_0000004">
  <preferredOriginID>quakeml:eu.emsc/event/20040708_0000004/origin/1306734</preferredOriginID>
  <preferredMagnitudeID>quakeml:eu.emsc/event/20040708_0000004/origin/1306734/mag/2</preferredMagnitudeID>
  <creationInfo>
    <agencyURI>smi:smi-registry/organization/EMSC</agencyURI>
    <authorURI>smi:smi-registry/organization/EMSC</authorURI>
    <creationTime>2014-12-11T02:45:27.920508Z</creationTime>
  </creationInfo>
  <description>
    <text>TURKEY-IRAN BORDER REGION</text>
    <type>Flinn-Engdahl region</type>
  </description>
  <origin publicID="quakeml:eu.emsc/event/20040708_0000004/origin/1306734">
    <time>
      <value>2004-07-08T02:41:02.1Z</value>
    </time>
    <latitude>
      <value>39.67</value>
      <uncertainty>9999.9</uncertainty>
    </latitude>
    <longitude>
      <value>44.019</value>
      <uncertainty>9999.9</uncertainty>
    </longitude>
    <depth>
      <value>2000</value>
    </depth>
    <depthType>from location</depthType>
    <methodID>smi:eu.emsc-csem/origin_method/NA</methodID>
    <quality>
      <usedPhaseCount>8</usedPhaseCount>
      <usedStationCount>7</usedStationCount>
      <standardError>2.36</standardError>
      <azimuthalGap>242</azimuthalGap>
      <minimumDistance>0.8</minimumDistance>
      <maximumDistance>2.85</maximumDistance>
    </quality>
    <evaluationMode>manual</evaluationMode>
    <creationInfo>
      <agencyURI>smi:smi-registry/organization/EMSC</agencyURI>
      <authorURI>smi:smi-registry/organization/EMSC</authorURI>
    </creationInfo>
    <originUncertainty>
      <azimuthMaxHorizontalUncertainty>-99</azimuthMaxHorizontalUncertainty>
    </originUncertainty>
  </origin>
  <magnitude publicID="quakeml:eu.emsc/event/20040708_0000004/origin/1306734/mag/2">
    <mag>
      <value>3.5</value>
    </mag>
    <type>MD</type>
    <originID>quakeml:eu.emsc/event/20040708_0000004/origin/1306734</originID>
    <creationInfo>
      <agencyURI>smi:smi-registry/organization/EMSC</agencyURI>
      <authorURI>smi:smi-registry/organization/EMSC</authorURI>
    </creationInfo>
  </magnitude>
</event>
<event publicID="quakeml:eu.emsc/event/20040708_0000003">
  <preferredOriginID>quakeml:eu.emsc/event/20040708_0000003/origin/1306736</preferredOriginID>
  <preferredMagnitudeID>quakeml:eu.emsc/event/20040708_0000003/origin/1306736/mag/2</preferredMagnitudeID>
  <creationInfo>
    <agencyURI>smi:smi-registry/organization/EMSC</agencyURI>
    <authorURI>smi:smi-registry/organization/EMSC</authorURI>
    <creationTime>2014-12-11T02:45:26.537265Z</creationTime>
  </creationInfo>
  <description>
    <text>WESTERN TURKEY</text>
    <type>Flinn-Engdahl region</type>
  </description>
  <origin publicID="quakeml:eu.emsc/event/20040708_0000003/origin/1306736">
    <time>
      <value>2004-07-08T01:23:21.8Z</value>
    </time>
    <latitude>
      <value>38.682</value>
      <uncertainty>9999.9</uncertainty>
    </latitude>
    <longitude>
      <value>30.694</value>
      <uncertainty>9999.9</uncertainty>
    </longitude>
    <depth>
      <value>4000</value>
    </depth>
    <depthType>from location</depthType>
    <methodID>smi:eu.emsc-csem/origin_method/NA</methodID>
    <quality>
      <usedPhaseCount>14</usedPhaseCount>
      <usedStationCount>11</usedStationCount>
      <standardError>1.15</standardError>
      <azimuthalGap>70</azimuthalGap>
      <minimumDistance>0.59</minimumDistance>
      <maximumDistance>2.45</maximumDistance>
    </quality>
    <evaluationMode>manual</evaluationMode>
    <creationInfo>
      <agencyURI>smi:smi-registry/organization/EMSC</agencyURI>
      <authorURI>smi:smi-registry/organization/EMSC</authorURI>
    </creationInfo>
    <originUncertainty>
      <azimuthMaxHorizontalUncertainty>-99</azimuthMaxHorizontalUncertainty>
    </originUncertainty>
  </origin>
  <magnitude publicID="quakeml:eu.emsc/event/20040708_0000003/origin/1306736/mag/2">
    <mag>
      <value>3.3</value>
    </mag>
    <type>MD</type>
    <originID>quakeml:eu.emsc/event/20040708_0000003/origin/1306736</originID>
    <creationInfo>
      <agencyURI>smi:smi-registry/organization/EMSC</agencyURI>
      <authorURI>smi:smi-registry/organization/EMSC</authorURI>
    </creationInfo>
  </magnitude>
</event>
<event publicID="quakeml:eu.emsc/event/20040708_0000001">
  <preferredOriginID>quakeml:eu.emsc/event/20040708_0000001/origin/1316500</preferredOriginID>
  <preferredMagnitudeID>quakeml:eu.emsc/event/20040708_0000001/origin/1316500/mag/1</preferredMagnitudeID>
  <creationInfo>
    <agencyURI>smi:smi-registry/organization/EMSC</agencyURI>
    <authorURI>smi:smi-registry/organization/EMSC</authorURI>
    <creationTime>2014-12-03T11:52:44.48832Z</creationTime>
  </creationInfo>
  <description>
    <text>NORWEGIAN SEA</text>
    <type>Flinn-Engdahl region</type>
  </description>
  <origin publicID="quakeml:eu.emsc/event/20040708_0000001/origin/1316500">
    <time>
      <value>2004-07-08T00:06:10.1Z</value>
      <uncertainty>0.27</uncertainty>
    </time>
    <latitude>
      <value>72.4957</value>
      <uncertainty>10.2</uncertainty>
    </latitude>
    <longitude>
      <value>2.6137</value>
      <uncertainty>6.6</uncertainty>
    </longitude>
    <depth>
      <value>2000</value>
    </depth>
    <depthType>from location</depthType>
    <methodID>smi:eu.emsc-csem/origin_method/NA</methodID>
    <quality>
      <usedPhaseCount>50</usedPhaseCount>
      <usedStationCount>48</usedStationCount>
      <standardError>1.12</standardError>
      <azimuthalGap>66</azimuthalGap>
      <minimumDistance>3.81</minimumDistance>
      <maximumDistance>43.13</maximumDistance>
    </quality>
    <evaluationMode>manual</evaluationMode>
    <creationInfo>
      <agencyURI>smi:smi-registry/organization/EMSC</agencyURI>
      <authorURI>smi:smi-registry/organization/EMSC</authorURI>
    </creationInfo>
    <originUncertainty>
      <azimuthMaxHorizontalUncertainty>99</azimuthMaxHorizontalUncertainty>
    </originUncertainty>
  </origin>
  <magnitude publicID="quakeml:eu.emsc/event/20040708_0000001/origin/1316500/mag/1">
    <mag>
      <value>4.3</value>
      <uncertainty>0.2</uncertainty>
    </mag>
    <type>mb</type>
    <originID>quakeml:eu.emsc/event/20040708_0000001/origin/1316500</originID>
    <stationCount>15</stationCount>
    <creationInfo>
      <agencyURI>smi:smi-registry/organization/EMSC</agencyURI>
      <authorURI>smi:smi-registry/organization/EMSC</authorURI>
    </creationInfo>
  </magnitude>
</event>
</eventParameters>
</q:quakeml>
