<?xml version="1.0"?>
<q:quakeml xmlns:q="http://quakeml.org/xmlns/quakeml/1.2"  xmlns="http://quakeml.org/xmlns/bed/1.2">
<eventParameters publicID="smi:eu.emsc/unid">
<event publicID="quakeml:eu.emsc/event/20040325_0000056">
  <preferredOriginID>quakeml:eu.emsc/event/20040325_0000056/origin/1310014</preferredOriginID>
  <preferredMagnitudeID>quakeml:eu.emsc/event/20040325_0000056/origin/1310014/mag/2</preferredMagnitudeID>
  <creationInfo>
    <agencyURI>smi:smi-registry/organization/EMSC</agencyURI>
    <authorURI>smi:smi-registry/organization/EMSC</authorURI>
    <creationTime>2014-12-11T00:36:29.942395Z</creationTime>
  </creationInfo>
  <description>
    <text>GREECE</text>
    <type>Flinn-Engdahl region</type>
  </description>
  <origin publicID="quakeml:eu.emsc/event/20040325_0000056/origin/1310014">
    <time>
      <value>2004-03-25T23:52:29.1Z</value>
    </time>
    <latitude>
      <value>38.05</value>
      <uncertainty>9999.9</uncertainty>
    </latitude>
    <longitude>
      <value>20.23</value>
      <uncertainty>9999.9</uncertainty>
    </longitude>
    <depth>
      <value>11000</value>
    </depth>
    <depthType>from location</depthType>
    <methodID>smi:eu.emsc-csem/origin_method/NA</methodID>
    <quality>
      <usedPhaseCount>5</usedPhaseCount>
      <usedStationCount>4</usedStationCount>
      <standardError>0.95</standardError>
      <azimuthalGap>282</azimuthalGap>
      <minimumDistance>0.31</minimumDistance>
      <maximumDistance>1.69</maximumDistance>
    </quality>
    <evaluationMode>manual</evaluationMode>
    <creationInfo>
      <agencyURI>smi:smi-registry/organization/EMSC</agencyURI>
      <authorURI>smi:smi-registry/organization/EMSC</authorURI>
    </creationInfo>
    <originUncertainty>
      <azimuthMaxHorizontalUncertainty>-99</azimuthMaxHorizontalUncertainty>
    </originUncertainty>
  </origin>
  <magnitude publicID="quakeml:eu.emsc/event/20040325_0000056/origin/1310014/mag/2">
    <mag>
      <value>3.4</value>
    </mag>
    <type>MD</type>
    <originID>quakeml:eu.emsc/event/20040325_0000056/origin/1310014</originID>
    <creationInfo>
      <agencyURI>smi:smi-registry/organization/EMSC</agencyURI>
      <authorURI>smi:smi-registry/organization/EMSC</authorURI>
    </creationInfo>
  </magnitude>
</event>
<event publicID="quakeml:eu.emsc/event/20040325_0000055">
  <preferredOriginID>quakeml:eu.emsc/event/20040325_0000055/origin/1310016</preferredOriginID>
  <preferredMagnitudeID>quakeml:eu.emsc/event/20040325_0000055/origin/1310016/mag/2</preferredMagnitudeID>
  <creationInfo>
    <agencyURI>smi:smi-registry/organization/EMSC</agencyURI>
    <authorURI>smi:smi-registry/organization/EMSC</authorURI>
    <creationTime>2014-12-11T00:36:26.283616Z</creationTime>
  </creationInfo>
  <description>
    <text>SOUTHERN GREECE</text>
    <type>Flinn-Engdahl region</type>
  </description>
  <origin publicID="quakeml:eu.emsc/event/20040325_0000055/origin/1310016">
    <time>
      <value>2004-03-25T23:48:04.1Z</value>
    </time>
    <latitude>
      <value>36.98</value>
      <uncertainty>9999.9</uncertainty>
    </latitude>
    <longitude>
      <value>21.54</value>
      <uncertainty>9999.9</uncertainty>
    </longitude>
    <depth>
      <value>5000</value>
    </depth>
    <depthType>from location</depthType>
    <methodID>smi:eu.emsc-csem/origin_method/NA</methodID>
    <quality>
      <usedPhaseCount>6</usedPhaseCount>
      <usedStationCount>6</usedStationCount>
      <standardError>2.35</standardError>
      <azimuthalGap>202</azimuthalGap>
      <minimumDistance>0.37</minimumDistance>
      <maximumDistance>2.66</maximumDistance>
    </quality>
    <evaluationMode>manual</evaluationMode>
    <creationInfo>
      <agencyURI>smi:smi-registry/organization/EMSC</agencyURI>
      <authorURI>smi:smi-registry/organization/EMSC</authorURI>
    </creationInfo>
    <originUncertainty>
      <azimuthMaxHorizontalUncertainty>-99</azimuthMaxHorizontalUncertainty>
    </originUncertainty>
  </origin>
  <magnitude publicID="quakeml:eu.emsc/event/20040325_0000055/origin/1310016/mag/2">
    <mag>
      <value>3.4</value>
    </mag>
    <type>MD</type>
    <originID>quakeml:eu.emsc/event/20040325_0000055/origin/1310016</originID>
    <creationInfo>
      <agencyURI>smi:smi-registry/organization/EMSC</agencyURI>
      <authorURI>smi:smi-registry/organization/EMSC</authorURI>
    </creationInfo>
  </magnitude>
</event>
<event publicID="quakeml:eu.emsc/event/20040325_0000047">
  <preferredOriginID>quakeml:eu.emsc/event/20040325_0000047/origin/1339396</preferredOriginID>
  <preferredMagnitudeID>quakeml:eu.emsc/event/20040325_0000047/origin/1339396/mag/2</preferredMagnitudeID>
  <creationInfo>
    <agencyURI>smi:smi-registry/organization/EMSC</agencyURI>
    <authorURI>smi:smi-registry/organization/EMSC</authorURI>
    <creationTime>2014-12-03T11:41:26.334932Z</creationTime>
  </creationInfo>
  <description>
    <text>CRETE, GREECE</text>
    <type>Flinn-Engdahl region</type>
  </description>
  <origin publicID="quakeml:eu.emsc/event/20040325_0000047/origin/1339396">
    <time>
      <value>2004-03-25T23:45:11.9Z</value>
      <uncertainty>0.19</uncertainty>
    </time>
    <latitude>
      <value>34.377</value>
      <uncertainty>9.3</uncertainty>
    </latitude>
    <longitude>
      <value>26.5853</value>
      <uncertainty>3.2</uncertainty>
    </longitude>
    <depth>
      <value>50100.0</value>
      <uncertainty>2.7</uncertainty>
    </depth>
    <depthType>from location</depthType>
    <methodID>smi:eu.emsc-csem/origin_method/NA</methodID>
    <quality>
      <usedPhaseCount>63</usedPhaseCount>
      <usedStationCount>63</usedStationCount>
      <standardError>0.88</standardError>
      <azimuthalGap>163</azimuthalGap>
      <minimumDistance>1.19</minimumDistance>
      <maximumDistance>78.55</maximumDistance>
    </quality>
    <evaluationMode>manual</evaluationMode>
    <creationInfo>
      <agencyURI>smi:smi-registry/organization/EMSC</agencyURI>
      <authorURI>smi:smi-registry/organization/EMSC</authorURI>
    </creationInfo>
    <originUncertainty>
      <azimuthMaxHorizontalUncertainty>35</azimuthMaxHorizontalUncertainty>
    </originUncertainty>
  </origin>
  <magnitude publicID="quakeml:eu.emsc/event/20040325_0000047/origin/1339396/mag/2">
    <mag>
      <value>4</value>
      <uncertainty>0.2</uncertainty>
    </mag>
    <type>mb</type>
    <originID>quakeml:eu.emsc/event/20040325_0000047/origin/1339396</originID>
    <stationCount>6</stationCount>
    <creationInfo>
      <agencyURI>smi:smi-registry/organization/EMSC</agencyURI>
      <authorURI>smi:smi-registry/organization/EMSC</authorURI>
    </creationInfo>
  </magnitude>
</event>
<event publicID="quakeml:eu.emsc/event/20040325_0000053">
  <preferredOriginID>quakeml:eu.emsc/event/20040325_0000053/origin/1316813</preferredOriginID>
  <preferredMagnitudeID>quakeml:eu.emsc/event/20040325_0000053/origin/1316813/mag/2</preferredMagnitudeID>
  <creationInfo>
    <agencyURI>smi:smi-registry/organization/EMSC</agencyURI>
    <authorURI>smi:smi-registry/organization/EMSC</authorURI>
    <creationTime>2014-12-11T00:36:20.803624Z</creationTime>
  </creationInfo>
  <description>
    <text>EASTERN TURKEY</text>
    <type>Flinn-Engdahl region</type>
  </description>
  <origin publicID="quakeml:eu.emsc/event/20040325_0000053/origin/1316813">
    <time>
      <value>2004-03-25T23:23:05.8Z</value>
    </time>
    <latitude>
      <value>39.919</value>
      <uncertainty>9999.9</uncertainty>
    </latitude>
    <longitude>
      <value>40.828</value>
      <uncertainty>9999.9</uncertainty>
    </longitude>
    <depth>
      <value>5000</value>
    </depth>
    <depthType>from location</depthType>
    <methodID>smi:eu.emsc-csem/origin_method/NA</methodID>
    <quality>
      <usedPhaseCount>10</usedPhaseCount>
      <usedStationCount>8</usedStationCount>
      <standardError>1.97</standardError>
      <azimuthalGap>128</azimuthalGap>
      <minimumDistance>1.07</minimumDistance>
      <maximumDistance>2.45</maximumDistance>
    </quality>
    <evaluationMode>manual</evaluationMode>
    <creationInfo>
      <agencyURI>smi:smi-registry/organization/EMSC</agencyURI>
      <authorURI>smi:smi-registry/organization/EMSC</authorURI>
    </creationInfo>
    <originUncertainty>
      <azimuthMaxHorizontalUncertainty>-99</azimuthMaxHorizontalUncertainty>
    </originUncertainty>
  </origin>
  <magnitude publicID="quakeml:eu.emsc/event/20040325_0000053/origin/1316813/mag/2">
    <mag>
      <value>3.6</value>
    </mag>
    <type>MD</type>
    <originID>quakeml:eu.emsc/event/20040325_0000053/origin/1316813</originID>
    <creationInfo>
      <agencyURI>smi:smi-registry/organization/EMSC</agencyURI>
      <authorURI>smi:smi-registry/organization/EMSC</authorURI>
    </creationInfo>
  </magnitude>
</event>
<event publicID="quakeml:eu.emsc/event/20040325_0000051">
  <preferredOriginID>quakeml:eu.emsc/event/20040325_0000051/origin/1310018</preferredOriginID>
  <preferredMagnitudeID>quakeml:eu.emsc/event/20040325_0000051/origin/1310018/mag/2</preferredMagnitudeID>
  <creationInfo>
    <agencyURI>smi:smi-registry/organization/EMSC</agencyURI>
    <authorURI>smi:smi-registry/organization/EMSC</authorURI>
    <creationTime>2014-12-11T00:36:17.937972Z</creationTime>
  </creationInfo>
  <description>
    <text>EASTERN TURKEY</text>
    <type>Flinn-Engdahl region</type>
  </description>
  <origin publicID="quakeml:eu.emsc/event/20040325_0000051/origin/1310018">
    <time>
      <value>2004-03-25T23:05:49.3Z</value>
    </time>
    <latitude>
      <value>39.893</value>
      <uncertainty>9999.9</uncertainty>
    </latitude>
    <longitude>
      <value>40.723</value>
      <uncertainty>9999.9</uncertainty>
    </longitude>
    <depth>
      <value>5000</value>
    </depth>
    <depthType>from location</depthType>
    <methodID>smi:eu.emsc-csem/origin_method/NA</methodID>
    <quality>
      <usedPhaseCount>7</usedPhaseCount>
      <usedStationCount>5</usedStationCount>
      <standardError>1.96</standardError>
      <azimuthalGap>219</azimuthalGap>
      <minimumDistance>1.03</minimumDistance>
      <maximumDistance>2.38</maximumDistance>
    </quality>
    <evaluationMode>manual</evaluationMode>
    <creationInfo>
      <agencyURI>smi:smi-registry/organization/EMSC</agencyURI>
      <authorURI>smi:smi-registry/organization/EMSC</authorURI>
    </creationInfo>
    <originUncertainty>
      <azimuthMaxHorizontalUncertainty>-99</azimuthMaxHorizontalUncertainty>
    </originUncertainty>
  </origin>
  <magnitude publicID="quakeml:eu.emsc/event/20040325_0000051/origin/1310018/mag/2">
    <mag>
      <value>3.5</value>
    </mag>
    <type>MD</type>
    <originID>quakeml:eu.emsc/event/20040325_0000051/origin/1310018</originID>
    <creationInfo>
      <agencyURI>smi:smi-registry/organization/EMSC</agencyURI>
      <authorURI>smi:smi-registry/organization/EMSC</authorURI>
    </creationInfo>
  </magnitude>
</event>
<event publicID="quakeml:eu.emsc/event/20040325_0000060">
  <preferredOriginID>quakeml:eu.emsc/event/20040325_0000060/origin/1310020</preferredOriginID>
  <preferredMagnitudeID>quakeml:eu.emsc/event/20040325_0000060/origin/1310020/mag/2</preferredMagnitudeID>
  <creationInfo>
    <agencyURI>smi:smi-registry/organization/EMSC</agencyURI>
    <authorURI>smi:smi-registry/organization/EMSC</authorURI>
    <creationTime>2014-12-10T18:11:48.237645Z</creationTime>
  </creationInfo>
  <description>
    <text>FRANCE</text>
    <type>Flinn-Engdahl region</type>
  </description>
  <origin publicID="quakeml:eu.emsc/event/20040325_0000060/origin/1310020">
    <time>
      <value>2004-03-25T23:04:06.8Z</value>
    </time>
    <latitude>
      <value>46.7072</value>
      <uncertainty>9999.9</uncertainty>
    </latitude>
    <longitude>
      <value>1.2548</value>
      <uncertainty>9999.9</uncertainty>
    </longitude>
    <depth>
      <value>2000</value>
    </depth>
    <depthType>from location</depthType>
    <methodID>smi:eu.emsc-csem/origin_method/NA</methodID>
    <quality>
      <usedPhaseCount>18</usedPhaseCount>
      <usedStationCount>11</usedStationCount>
      <standardError>1.12</standardError>
      <azimuthalGap>154</azimuthalGap>
      <minimumDistance>0.78</minimumDistance>
      <maximumDistance>1.87</maximumDistance>
    </quality>
    <evaluationMode>manual</evaluationMode>
    <creationInfo>
      <agencyURI>smi:smi-registry/organization/EMSC</agencyURI>
      <authorURI>smi:smi-registry/organization/EMSC</authorURI>
    </creationInfo>
    <originUncertainty>
      <azimuthMaxHorizontalUncertainty>-99</azimuthMaxHorizontalUncertainty>
    </originUncertainty>
  </origin>
  <magnitude publicID="quakeml:eu.emsc/event/20040325_0000060/origin/1310020/mag/2">
    <mag>
      <value>1.8</value>
      <uncertainty>0.2</uncertainty>
    </mag>
    <type>ML</type>
    <originID>quakeml:eu.emsc/event/20040325_0000060/origin/1310020</originID>
    <stationCount>10</stationCount>
    <creationInfo>
      <agencyURI>smi:smi-registry/organization/EMSC</agencyURI>
      <authorURI>smi:smi-registry/organization/EMSC</authorURI>
    </creationInfo>
  </magnitude>
</event>
<event publicID="quakeml:eu.emsc/event/20040325_0000050">
  <preferredOriginID>quakeml:eu.emsc/event/20040325_0000050/origin/1310022</preferredOriginID>
  <preferredMagnitudeID>quakeml:eu.emsc/event/20040325_0000050/origin/1310022/mag/2</preferredMagnitudeID>
  <creationInfo>
    <agencyURI>smi:smi-registry/organization/EMSC</agencyURI>
    <authorURI>smi:smi-registry/organization/EMSC</authorURI>
    <creationTime>2014-12-11T00:36:15.953568Z</creationTime>
  </creationInfo>
  <description>
    <text>EASTERN TURKEY</text>
    <type>Flinn-Engdahl region</type>
  </description>
  <origin publicID="quakeml:eu.emsc/event/20040325_0000050/origin/1310022">
    <time>
      <value>2004-03-25T23:01:44.8Z</value>
    </time>
    <latitude>
      <value>39.908</value>
      <uncertainty>9999.9</uncertainty>
    </latitude>
    <longitude>
      <value>40.775</value>
      <uncertainty>9999.9</uncertainty>
    </longitude>
    <depth>
      <value>4000</value>
    </depth>
    <depthType>from location</depthType>
    <methodID>smi:eu.emsc-csem/origin_method/NA</methodID>
    <quality>
      <usedPhaseCount>6</usedPhaseCount>
      <usedStationCount>4</usedStationCount>
      <standardError>1.36</standardError>
      <azimuthalGap>222</azimuthalGap>
      <minimumDistance>1.05</minimumDistance>
      <maximumDistance>2.05</maximumDistance>
    </quality>
    <evaluationMode>manual</evaluationMode>
    <creationInfo>
      <agencyURI>smi:smi-registry/organization/EMSC</agencyURI>
      <authorURI>smi:smi-registry/organization/EMSC</authorURI>
    </creationInfo>
    <originUncertainty>
      <azimuthMaxHorizontalUncertainty>-99</azimuthMaxHorizontalUncertainty>
    </originUncertainty>
  </origin>
  <magnitude publicID="quakeml:eu.emsc/event/20040325_0000050/origin/1310022/mag/2">
    <mag>
      <value>3.4</value>
    </mag>
    <type>MD</type>
    <originID>quakeml:eu.emsc/event/20040325_0000050/origin/1310022</originID>
    <creationInfo>
      <agencyURI>smi:smi-registry/organization/EMSC</agencyURI>
      <authorURI>smi:smi-registry/organization/EMSC</authorURI>
    </creationInfo>
  </magnitude>
</event>
<event publicID="quakeml:eu.emsc/event/20040325_0000046">
  <preferredOriginID>quakeml:eu.emsc/event/20040325_0000046/origin/1339399</preferredOriginID>
  <preferredMagnitudeID>quakeml:eu.emsc/event/20040325_0000046/origin/1339399/mag/2</preferredMagnitudeID>
  <creationInfo>
    <agencyURI>smi:smi-registry/organization/EMSC</agencyURI>
    <authorURI>smi:smi-registry/organization/EMSC</authorURI>
    <creationTime>2014-12-03T11:45:08.128444Z</creationTime>
  </creationInfo>
  <description>
    <text>AEGEAN SEA</text>
    <type>Flinn-Engdahl region</type>
  </description>
  <origin publicID="quakeml:eu.emsc/event/20040325_0000046/origin/1339399">
    <time>
      <value>2004-03-25T22:43:41.3Z</value>
      <uncertainty>0.22</uncertainty>
    </time>
    <latitude>
      <value>39.6298</value>
      <uncertainty>5</uncertainty>
    </latitude>
    <longitude>
      <value>24.0315</value>
      <uncertainty>3.8</uncertainty>
    </longitude>
    <depth>
      <value>20000</value>
    </depth>
    <depthType>from location</depthType>
    <methodID>smi:eu.emsc-csem/origin_method/NA</methodID>
    <quality>
      <usedPhaseCount>30</usedPhaseCount>
      <usedStationCount>22</usedStationCount>
      <standardError>0.86</standardError>
      <azimuthalGap>115</azimuthalGap>
      <minimumDistance>0.4</minimumDistance>
      <maximumDistance>3.02</maximumDistance>
    </quality>
    <evaluationMode>manual</evaluationMode>
    <creationInfo>
      <agencyURI>smi:smi-registry/organization/EMSC</agencyURI>
      <authorURI>smi:smi-registry/organization/EMSC</authorURI>
    </creationInfo>
    <originUncertainty>
      <azimuthMaxHorizontalUncertainty>114</azimuthMaxHorizontalUncertainty>
    </originUncertainty>
  </origin>
  <magnitude publicID="quakeml:eu.emsc/event/20040325_0000046/origin/1339399/mag/2">
    <mag>
      <value>2.7</value>
    </mag>
    <type>ML</type>
    <originID>quakeml:eu.emsc/event/20040325_0000046/origin/1339399</originID>
    <creationInfo>
      <agencyURI>smi:smi-registry/organization/EMSC</agencyURI>
      <authorURI>smi:smi-registry/organization/EMSC</authorURI>
    </creationInfo>
  </magnitude>
</event>
<event publicID="quakeml:eu.emsc/event/20040325_0000045">
  <preferredOriginID>quakeml:eu.emsc/event/20040325_0000045/origin/1339402</preferredOriginID>
  <preferredMagnitudeID>quakeml:eu.emsc/event/20040325_0000045/origin/1339402/mag/2</preferredMagnitudeID>
  <creationInfo>
    <agencyURI>smi:smi-registry/organization/EMSC</agencyURI>
    <authorURI>smi:smi-registry/organization/EMSC</authorURI>
    <creationTime>2014-12-03T11:52:00.226162Z</creationTime>
  </creationInfo>
  <description>
    <text>GREECE</text>
    <type>Flinn-Engdahl region</type>
  </description>
  <origin publicID="quakeml:eu.emsc/event/20040325_0000045/origin/1339402">
    <time>
      <value>2004-03-25T22:38:43.4Z</value>
      <uncertainty>0.34</uncertainty>
    </time>
    <latitude>
      <value>38.4463</value>
      <uncertainty>11.3</uncertainty>
    </latitude>
    <longitude>
      <value>23.9261</value>
      <uncertainty>5.2</uncertainty>
    </longitude>
    <depth>
      <value>10000</value>
    </depth>
    <depthType>from location</depthType>
    <methodID>smi:eu.emsc-csem/origin_method/NA</methodID>
    <quality>
      <usedPhaseCount>21</usedPhaseCount>
      <usedStationCount>17</usedStationCount>
      <standardError>1.07</standardError>
      <azimuthalGap>139</azimuthalGap>
      <minimumDistance>0.4</minimumDistance>
      <maximumDistance>2.83</maximumDistance>
    </quality>
    <evaluationMode>manual</evaluationMode>
    <creationInfo>
      <agencyURI>smi:smi-registry/organization/EMSC</agencyURI>
      <authorURI>smi:smi-registry/organization/EMSC</authorURI>
    </creationInfo>
    <originUncertainty>
      <azimuthMaxHorizontalUncertainty>87</azimuthMaxHorizontalUncertainty>
    </originUncertainty>
  </origin>
  <magnitude publicID="quakeml:eu.emsc/event/20040325_0000045/origin/1339402/mag/2">
    <mag>
      <value>2.8</value>
    </mag>
    <type>ML</type>
    <originID>quakeml:eu.emsc/event/20040325_0000045/origin/1339402</originID>
    <creationInfo>
      <agencyURI>smi:smi-registry/organization/EMSC</agencyURI>
      <authorURI>smi:smi-registry/organization/EMSC</authorURI>
    </creationInfo>
  </magnitude>
</event>
<event publicID="quakeml:eu.emsc/event/20040325_0000043">
  <preferredOriginID>quakeml:eu.emsc/event/20040325_0000043/origin/1339408</preferredOriginID>
  <preferredMagnitudeID>quakeml:eu.emsc/event/20040325_0000043/origin/1339408/mag/2</preferredMagnitudeID>
  <creationInfo>
    <agencyURI>smi:smi-registry/organization/EMSC</agencyURI>
    <authorURI>smi:smi-registry/organization/EMSC</authorURI>
    <creationTime>2014-12-03T11:20:06.919087Z</creationTime>
  </creationInfo>
  <description>
    <text>MOROCCO</text>
    <type>Flinn-Engdahl region</type>
  </description>
  <origin publicID="quakeml:eu.emsc/event/20040325_0000043/origin/1339408">
    <time>
      <value>2004-03-25T22:38:40.1Z</value>
      <uncertainty>0.4</uncertainty>
    </time>
    <latitude>
      <value>34.9439</value>
      <uncertainty>8.5</uncertainty>
    </latitude>
    <longitude>
      <value>-4.0181</value>
      <uncertainty>4.4</uncertainty>
    </longitude>
    <depth>
      <value>40000</value>
    </depth>
    <depthType>from location</depthType>
    <methodID>smi:eu.emsc-csem/origin_method/NA</methodID>
    <quality>
      <usedPhaseCount>64</usedPhaseCount>
      <usedStationCount>43</usedStationCount>
      <standardError>1.04</standardError>
      <azimuthalGap>237</azimuthalGap>
      <minimumDistance>0.94</minimumDistance>
      <maximumDistance>13.39</maximumDistance>
    </quality>
    <evaluationMode>manual</evaluationMode>
    <creationInfo>
      <agencyURI>smi:smi-registry/organization/EMSC</agencyURI>
      <authorURI>smi:smi-registry/organization/EMSC</authorURI>
    </creationInfo>
  </origin>
  <magnitude publicID="quakeml:eu.emsc/event/20040325_0000043/origin/1339408/mag/2">
    <mag>
      <value>4.1</value>
    </mag>
    <type>ML</type>
    <originID>quakeml:eu.emsc/event/20040325_0000043/origin/1339408</originID>
    <creationInfo>
      <agencyURI>smi:smi-registry/organization/EMSC</agencyURI>
      <authorURI>smi:smi-registry/organization/EMSC</authorURI>
    </creationInfo>
  </magnitude>
</event>
<event publicID="quakeml:eu.emsc/event/20040325_0000059">
  <preferredOriginID>quakeml:eu.emsc/event/20040325_0000059/origin/1338545</preferredOriginID>
  <preferredMagnitudeID>quakeml:eu.emsc/event/20040325_0000059/origin/1338545/mag/1</preferredMagnitudeID>
  <creationInfo>
    <agencyURI>smi:smi-registry/organization/EMSC</agencyURI>
    <authorURI>smi:smi-registry/organization/EMSC</authorURI>
    <creationTime>2014-12-03T15:23:25.481898Z</creationTime>
  </creationInfo>
  <description>
    <text>NORTHERN ITALY</text>
    <type>Flinn-Engdahl region</type>
  </description>
  <origin publicID="quakeml:eu.emsc/event/20040325_0000059/origin/1338545">
    <time>
      <value>2004-03-25T22:20:38.2Z</value>
      <uncertainty>0.06</uncertainty>
    </time>
    <latitude>
      <value>44.2283</value>
      <uncertainty>1.5</uncertainty>
    </latitude>
    <longitude>
      <value>7.0693</value>
      <uncertainty>1</uncertainty>
    </longitude>
    <depth>
      <value>12000</value>
    </depth>
    <depthType>from location</depthType>
    <methodID>smi:eu.emsc-csem/origin_method/NA</methodID>
    <quality>
      <usedPhaseCount>51</usedPhaseCount>
      <usedStationCount>28</usedStationCount>
      <standardError>0.56</standardError>
      <azimuthalGap>57</azimuthalGap>
      <minimumDistance>0.19</minimumDistance>
      <maximumDistance>2.19</maximumDistance>
    </quality>
    <evaluationMode>manual</evaluationMode>
    <creationInfo>
      <agencyURI>smi:smi-registry/organization/EMSC</agencyURI>
      <authorURI>smi:smi-registry/organization/EMSC</authorURI>
    </creationInfo>
    <originUncertainty>
      <azimuthMaxHorizontalUncertainty>59</azimuthMaxHorizontalUncertainty>
    </originUncertainty>
  </origin>
  <magnitude publicID="quakeml:eu.emsc/event/20040325_0000059/origin/1338545/mag/1">
    <mag>
      <value>1.8</value>
      <uncertainty>0.5</uncertainty>
    </mag>
    <type>ML</type>
    <originID>quakeml:eu.emsc/event/20040325_0000059/origin/1338545</originID>
    <stationCount>9</stationCount>
    <creationInfo>
      <agencyURI>smi:smi-registry/organization/EMSC</agencyURI>
      <authorURI>smi:smi-registry/organization/EMSC</authorURI>
    </creationInfo>
  </magnitude>
</event>
<event publicID="quakeml:eu.emsc/event/20040325_0000044">
  <preferredOriginID>quakeml:eu.emsc/event/20040325_0000044/origin/1310024</preferredOriginID>
  <preferredMagnitudeID>quakeml:eu.emsc/event/20040325_0000044/origin/1310024/mag/2</preferredMagnitudeID>
  <creationInfo>
    <agencyURI>smi:smi-registry/organization/EMSC</agencyURI>
    <authorURI>smi:smi-registry/organization/EMSC</authorURI>
    <creationTime>2014-12-11T00:35:59.964489Z</creationTime>
  </creationInfo>
  <description>
    <text>EASTERN TURKEY</text>
    <type>Flinn-Engdahl region</type>
  </description>
  <origin publicID="quakeml:eu.emsc/event/20040325_0000044/origin/1310024">
    <time>
      <value>2004-03-25T22:11:02.4Z</value>
    </time>
    <latitude>
      <value>39.903</value>
      <uncertainty>9999.9</uncertainty>
    </latitude>
    <longitude>
      <value>40.714</value>
      <uncertainty>9999.9</uncertainty>
    </longitude>
    <depth>
      <value>5000</value>
    </depth>
    <depthType>from location</depthType>
    <methodID>smi:eu.emsc-csem/origin_method/NA</methodID>
    <quality>
      <usedPhaseCount>6</usedPhaseCount>
      <usedStationCount>4</usedStationCount>
      <standardError>1.95</standardError>
      <azimuthalGap>157</azimuthalGap>
      <minimumDistance>1.04</minimumDistance>
      <maximumDistance>1.81</maximumDistance>
    </quality>
    <evaluationMode>manual</evaluationMode>
    <creationInfo>
      <agencyURI>smi:smi-registry/organization/EMSC</agencyURI>
      <authorURI>smi:smi-registry/organization/EMSC</authorURI>
    </creationInfo>
    <originUncertainty>
      <azimuthMaxHorizontalUncertainty>-99</azimuthMaxHorizontalUncertainty>
    </originUncertainty>
  </origin>
  <magnitude publicID="quakeml:eu.emsc/event/20040325_0000044/origin/1310024/mag/2">
    <mag>
      <value>3.5</value>
    </mag>
    <type>MD</type>
    <originID>quakeml:eu.emsc/event/20040325_0000044/origin/1310024</originID>
    <creationInfo>
      <agencyURI>smi:smi-registry/organization/EMSC</agencyURI>
      <authorURI>smi:smi-registry/organization/EMSC</authorURI>
    </creationInfo>
  </magnitude>
</event>
<event publicID="quakeml:eu.emsc/event/20040325_0000033">
  <preferredOriginID>quakeml:eu.emsc/event/20040325_0000033/origin/1339413</preferredOriginID>
  <preferredMagnitudeID>quakeml:eu.emsc/event/20040325_0000033/origin/1339413/mag/1</preferredMagnitudeID>
  <creationInfo>
    <agencyURI>smi:smi-registry/organization/EMSC</agencyURI>
    <authorURI>smi:smi-registry/organization/EMSC</authorURI>
    <creationTime>2014-12-03T11:31:03.681281Z</creationTime>
  </creationInfo>
  <description>
    <text>EASTERN TURKEY</text>
    <type>Flinn-Engdahl region</type>
  </description>
  <origin publicID="quakeml:eu.emsc/event/20040325_0000033/origin/1339413">
    <time>
      <value>2004-03-25T22:09:23.2Z</value>
      <uncertainty>0.19</uncertainty>
    </time>
    <latitude>
      <value>39.933</value>
      <uncertainty>7.1</uncertainty>
    </latitude>
    <longitude>
      <value>40.7844</value>
      <uncertainty>6</uncertainty>
    </longitude>
    <depth>
      <value>2000</value>
    </depth>
    <depthType>from location</depthType>
    <methodID>smi:eu.emsc-csem/origin_method/NA</methodID>
    <quality>
      <usedPhaseCount>35</usedPhaseCount>
      <usedStationCount>35</usedStationCount>
      <standardError>0.97</standardError>
      <azimuthalGap>56</azimuthalGap>
      <minimumDistance>1.08</minimumDistance>
      <maximumDistance>28.41</maximumDistance>
    </quality>
    <evaluationMode>manual</evaluationMode>
    <creationInfo>
      <agencyURI>smi:smi-registry/organization/EMSC</agencyURI>
      <authorURI>smi:smi-registry/organization/EMSC</authorURI>
    </creationInfo>
    <originUncertainty>
      <azimuthMaxHorizontalUncertainty>17</azimuthMaxHorizontalUncertainty>
    </originUncertainty>
  </origin>
  <magnitude publicID="quakeml:eu.emsc/event/20040325_0000033/origin/1339413/mag/1">
    <mag>
      <value>4.4</value>
      <uncertainty>0.4</uncertainty>
    </mag>
    <type>mb</type>
    <originID>quakeml:eu.emsc/event/20040325_0000033/origin/1339413</originID>
    <stationCount>9</stationCount>
    <creationInfo>
      <agencyURI>smi:smi-registry/organization/EMSC</agencyURI>
      <authorURI>smi:smi-registry/organization/EMSC</authorURI>
    </creationInfo>
  </magnitude>
</event>
<event publicID="quakeml:eu.emsc/event/20040325_0000041">
  <preferredOriginID>quakeml:eu.emsc/event/20040325_0000041/origin/1310026</preferredOriginID>
  <preferredMagnitudeID>quakeml:eu.emsc/event/20040325_0000041/origin/1310026/mag/2</preferredMagnitudeID>
  <creationInfo>
    <agencyURI>smi:smi-registry/organization/EMSC</agencyURI>
    <authorURI>smi:smi-registry/organization/EMSC</authorURI>
    <creationTime>2014-12-11T00:35:49.927548Z</creationTime>
  </creationInfo>
  <description>
    <text>EASTERN TURKEY</text>
    <type>Flinn-Engdahl region</type>
  </description>
  <origin publicID="quakeml:eu.emsc/event/20040325_0000041/origin/1310026">
    <time>
      <value>2004-03-25T22:02:01.8Z</value>
    </time>
    <latitude>
      <value>39.906</value>
      <uncertainty>9999.9</uncertainty>
    </latitude>
    <longitude>
      <value>40.715</value>
      <uncertainty>9999.9</uncertainty>
    </longitude>
    <depth>
      <value>5000</value>
    </depth>
    <depthType>from location</depthType>
    <methodID>smi:eu.emsc-csem/origin_method/NA</methodID>
    <quality>
      <usedPhaseCount>9</usedPhaseCount>
      <usedStationCount>7</usedStationCount>
      <standardError>1.87</standardError>
      <azimuthalGap>158</azimuthalGap>
      <minimumDistance>1.04</minimumDistance>
      <maximumDistance>2.86</maximumDistance>
    </quality>
    <evaluationMode>manual</evaluationMode>
    <creationInfo>
      <agencyURI>smi:smi-registry/organization/EMSC</agencyURI>
      <authorURI>smi:smi-registry/organization/EMSC</authorURI>
    </creationInfo>
    <originUncertainty>
      <azimuthMaxHorizontalUncertainty>-99</azimuthMaxHorizontalUncertainty>
    </originUncertainty>
  </origin>
  <magnitude publicID="quakeml:eu.emsc/event/20040325_0000041/origin/1310026/mag/2">
    <mag>
      <value>3.5</value>
    </mag>
    <type>MD</type>
    <originID>quakeml:eu.emsc/event/20040325_0000041/origin/1310026</originID>
    <creationInfo>
      <agencyURI>smi:smi-registry/organization/EMSC</agencyURI>
      <authorURI>smi:smi-registry/organization/EMSC</authorURI>
    </creationInfo>
  </magnitude>
</event>
<event publicID="quakeml:eu.emsc/event/20040325_0000040">
  <preferredOriginID>quakeml:eu.emsc/event/20040325_0000040/origin/1310028</preferredOriginID>
  <preferredMagnitudeID>quakeml:eu.emsc/event/20040325_0000040/origin/1310028/mag/2</preferredMagnitudeID>
  <creationInfo>
    <agencyURI>smi:smi-registry/organization/EMSC</agencyURI>
    <authorURI>smi:smi-registry/organization/EMSC</authorURI>
    <creationTime>2014-12-11T00:35:46.714417Z</creationTime>
  </creationInfo>
  <description>
    <text>EASTERN TURKEY</text>
    <type>Flinn-Engdahl region</type>
  </description>
  <origin publicID="quakeml:eu.emsc/event/20040325_0000040/origin/1310028">
    <time>
      <value>2004-03-25T21:54:25.9Z</value>
    </time>
    <latitude>
      <value>39.91</value>
      <uncertainty>9999.9</uncertainty>
    </latitude>
    <longitude>
      <value>40.805</value>
      <uncertainty>9999.9</uncertainty>
    </longitude>
    <depth>
      <value>5000</value>
    </depth>
    <depthType>from location</depthType>
    <methodID>smi:eu.emsc-csem/origin_method/NA</methodID>
    <quality>
      <usedPhaseCount>10</usedPhaseCount>
      <usedStationCount>8</usedStationCount>
      <standardError>1.95</standardError>
      <azimuthalGap>128</azimuthalGap>
      <minimumDistance>1.06</minimumDistance>
      <maximumDistance>2.43</maximumDistance>
    </quality>
    <evaluationMode>manual</evaluationMode>
    <creationInfo>
      <agencyURI>smi:smi-registry/organization/EMSC</agencyURI>
      <authorURI>smi:smi-registry/organization/EMSC</authorURI>
    </creationInfo>
    <originUncertainty>
      <azimuthMaxHorizontalUncertainty>-99</azimuthMaxHorizontalUncertainty>
    </originUncertainty>
  </origin>
  <magnitude publicID="quakeml:eu.emsc/event/20040325_0000040/origin/1310028/mag/2">
    <mag>
      <value>3.9</value>
    </mag>
    <type>MD</type>
    <originID>quakeml:eu.emsc/event/20040325_0000040/origin/1310028</originID>
    <creationInfo>
      <agencyURI>smi:smi-registry/organization/EMSC</agencyURI>
      <authorURI>smi:smi-registry/organization/EMSC</authorURI>
    </creationInfo>
  </magnitude>
</event>
<event publicID="quakeml:eu.emsc/event/20040325_0000037">
  <preferredOriginID>quakeml:eu.emsc/event/20040325_0000037/origin/1316815</preferredOriginID>
  <preferredMagnitudeID>quakeml:eu.emsc/event/20040325_0000037/origin/1316815/mag/2</preferredMagnitudeID>
  <creationInfo>
    <agencyURI>smi:smi-registry/organization/EMSC</agencyURI>
    <authorURI>smi:smi-registry/organization/EMSC</authorURI>
    <creationTime>2014-12-11T00:35:36.75902Z</creationTime>
  </creationInfo>
  <description>
    <text>EASTERN TURKEY</text>
    <type>Flinn-Engdahl region</type>
  </description>
  <origin publicID="quakeml:eu.emsc/event/20040325_0000037/origin/1316815">
    <time>
      <value>2004-03-25T21:15:39.0Z</value>
    </time>
    <latitude>
      <value>39.926</value>
      <uncertainty>9999.9</uncertainty>
    </latitude>
    <longitude>
      <value>40.797</value>
      <uncertainty>9999.9</uncertainty>
    </longitude>
    <depth>
      <value>5000</value>
    </depth>
    <depthType>from location</depthType>
    <methodID>smi:eu.emsc-csem/origin_method/NA</methodID>
    <quality>
      <usedPhaseCount>10</usedPhaseCount>
      <usedStationCount>8</usedStationCount>
      <standardError>1.91</standardError>
      <azimuthalGap>161</azimuthalGap>
      <minimumDistance>1.08</minimumDistance>
      <maximumDistance>2.92</maximumDistance>
    </quality>
    <evaluationMode>manual</evaluationMode>
    <creationInfo>
      <agencyURI>smi:smi-registry/organization/EMSC</agencyURI>
      <authorURI>smi:smi-registry/organization/EMSC</authorURI>
    </creationInfo>
    <originUncertainty>
      <azimuthMaxHorizontalUncertainty>-99</azimuthMaxHorizontalUncertainty>
    </originUncertainty>
  </origin>
  <magnitude publicID="quakeml:eu.emsc/event/20040325_0000037/origin/1316815/mag/2">
    <mag>
      <value>3.9</value>
    </mag>
    <type>MD</type>
    <originID>quakeml:eu.emsc/event/20040325_0000037/origin/1316815</originID>
    <creationInfo>
      <agencyURI>smi:smi-registry/organization/EMSC</agencyURI>
      <authorURI>smi:smi-registry/organization/EMSC</authorURI>
    </creationInfo>
  </magnitude>
</event>
<event publicID="quakeml:eu.emsc/event/20040325_0000036">
  <preferredOriginID>quakeml:eu.emsc/event/20040325_0000036/origin/1310030</preferredOriginID>
  <preferredMagnitudeID>quakeml:eu.emsc/event/20040325_0000036/origin/1310030/mag/2</preferredMagnitudeID>
  <creationInfo>
    <agencyURI>smi:smi-registry/organization/EMSC</agencyURI>
    <authorURI>smi:smi-registry/organization/EMSC</authorURI>
    <creationTime>2014-12-11T00:35:32.804437Z</creationTime>
  </creationInfo>
  <description>
    <text>EASTERN TURKEY</text>
    <type>Flinn-Engdahl region</type>
  </description>
  <origin publicID="quakeml:eu.emsc/event/20040325_0000036/origin/1310030">
    <time>
      <value>2004-03-25T21:10:01.5Z</value>
    </time>
    <latitude>
      <value>39.919</value>
      <uncertainty>9999.9</uncertainty>
    </latitude>
    <longitude>
      <value>40.739</value>
      <uncertainty>9999.9</uncertainty>
    </longitude>
    <depth>
      <value>5000</value>
    </depth>
    <depthType>from location</depthType>
    <methodID>smi:eu.emsc-csem/origin_method/NA</methodID>
    <quality>
      <usedPhaseCount>10</usedPhaseCount>
      <usedStationCount>9</usedStationCount>
      <standardError>2.05</standardError>
      <azimuthalGap>128</azimuthalGap>
      <minimumDistance>1.06</minimumDistance>
      <maximumDistance>2.88</maximumDistance>
    </quality>
    <evaluationMode>manual</evaluationMode>
    <creationInfo>
      <agencyURI>smi:smi-registry/organization/EMSC</agencyURI>
      <authorURI>smi:smi-registry/organization/EMSC</authorURI>
    </creationInfo>
    <originUncertainty>
      <azimuthMaxHorizontalUncertainty>-99</azimuthMaxHorizontalUncertainty>
    </originUncertainty>
  </origin>
  <magnitude publicID="quakeml:eu.emsc/event/20040325_0000036/origin/1310030/mag/2">
    <mag>
      <value>3.9</value>
    </mag>
    <type>MD</type>
    <originID>quakeml:eu.emsc/event/20040325_0000036/origin/1310030</originID>
    <creationInfo>
      <agencyURI>smi:smi-registry/organization/EMSC</agencyURI>
      <authorURI>smi:smi-registry/organization/EMSC</authorURI>
    </creationInfo>
  </magnitude>
</event>
<event publicID="quakeml:eu.emsc/event/20040325_0000028">
  <preferredOriginID>quakeml:eu.emsc/event/20040325_0000028/origin/1339425</preferredOriginID>
  <preferredMagnitudeID>quakeml:eu.emsc/event/20040325_0000028/origin/1339425/mag/1</preferredMagnitudeID>
  <creationInfo>
    <agencyURI>smi:smi-registry/organization/EMSC</agencyURI>
    <authorURI>smi:smi-registry/organization/EMSC</authorURI>
    <creationTime>2014-12-03T12:06:35.74102Z</creationTime>
  </creationInfo>
  <description>
    <text>CRETE, GREECE</text>
    <type>Flinn-Engdahl region</type>
  </description>
  <origin publicID="quakeml:eu.emsc/event/20040325_0000028/origin/1339425">
    <time>
      <value>2004-03-25T20:51:08.4Z</value>
      <uncertainty>0.32</uncertainty>
    </time>
    <latitude>
      <value>34.2602</value>
      <uncertainty>10.7</uncertainty>
    </latitude>
    <longitude>
      <value>26.3889</value>
      <uncertainty>6.7</uncertainty>
    </longitude>
    <depth>
      <value>10000</value>
    </depth>
    <depthType>from location</depthType>
    <methodID>smi:eu.emsc-csem/origin_method/NA</methodID>
    <quality>
      <usedPhaseCount>30</usedPhaseCount>
      <usedStationCount>30</usedStationCount>
      <standardError>0.66</standardError>
      <azimuthalGap>186</azimuthalGap>
      <minimumDistance>0.84</minimumDistance>
      <maximumDistance>24.7</maximumDistance>
    </quality>
    <evaluationMode>manual</evaluationMode>
    <creationInfo>
      <agencyURI>smi:smi-registry/organization/EMSC</agencyURI>
      <authorURI>smi:smi-registry/organization/EMSC</authorURI>
    </creationInfo>
    <originUncertainty>
      <azimuthMaxHorizontalUncertainty>9</azimuthMaxHorizontalUncertainty>
    </originUncertainty>
  </origin>
  <magnitude publicID="quakeml:eu.emsc/event/20040325_0000028/origin/1339425/mag/1">
    <mag>
      <value>4.1</value>
      <uncertainty>0.4</uncertainty>
    </mag>
    <type>mb</type>
    <originID>quakeml:eu.emsc/event/20040325_0000028/origin/1339425</originID>
    <stationCount>6</stationCount>
    <creationInfo>
      <agencyURI>smi:smi-registry/organization/EMSC</agencyURI>
      <authorURI>smi:smi-registry/organization/EMSC</authorURI>
    </creationInfo>
  </magnitude>
</event>
<event publicID="quakeml:eu.emsc/event/20040325_0000027">
  <preferredOriginID>quakeml:eu.emsc/event/20040325_0000027/origin/1339427</preferredOriginID>
  <preferredMagnitudeID>quakeml:eu.emsc/event/20040325_0000027/origin/1339427/mag/2</preferredMagnitudeID>
  <creationInfo>
    <agencyURI>smi:smi-registry/organization/EMSC</agencyURI>
    <authorURI>smi:smi-registry/organization/EMSC</authorURI>
    <creationTime>2014-12-03T10:55:42.878757Z</creationTime>
  </creationInfo>
  <description>
    <text>EASTERN TURKEY</text>
    <type>Flinn-Engdahl region</type>
  </description>
  <origin publicID="quakeml:eu.emsc/event/20040325_0000027/origin/1339427">
    <time>
      <value>2004-03-25T20:48:54.2Z</value>
      <uncertainty>0.39</uncertainty>
    </time>
    <latitude>
      <value>39.9645</value>
      <uncertainty>12.9</uncertainty>
    </latitude>
    <longitude>
      <value>40.7223</value>
      <uncertainty>9.8</uncertainty>
    </longitude>
    <depth>
      <value>2000</value>
    </depth>
    <depthType>from location</depthType>
    <methodID>smi:eu.emsc-csem/origin_method/NA</methodID>
    <quality>
      <usedPhaseCount>11</usedPhaseCount>
      <usedStationCount>11</usedStationCount>
      <standardError>1</standardError>
      <azimuthalGap>120</azimuthalGap>
      <minimumDistance>1.07</minimumDistance>
      <maximumDistance>3.53</maximumDistance>
    </quality>
    <evaluationMode>manual</evaluationMode>
    <creationInfo>
      <agencyURI>smi:smi-registry/organization/EMSC</agencyURI>
      <authorURI>smi:smi-registry/organization/EMSC</authorURI>
    </creationInfo>
    <originUncertainty>
      <azimuthMaxHorizontalUncertainty>159</azimuthMaxHorizontalUncertainty>
    </originUncertainty>
  </origin>
  <magnitude publicID="quakeml:eu.emsc/event/20040325_0000027/origin/1339427/mag/2">
    <mag>
      <value>3.8</value>
    </mag>
    <type>MD</type>
    <originID>quakeml:eu.emsc/event/20040325_0000027/origin/1339427</originID>
    <creationInfo>
      <agencyURI>smi:smi-registry/organization/EMSC</agencyURI>
      <authorURI>smi:smi-registry/organization/EMSC</authorURI>
    </creationInfo>
  </magnitude>
</event>
<event publicID="quakeml:eu.emsc/event/20040325_0000024">
  <preferredOriginID>quakeml:eu.emsc/event/20040325_0000024/origin/1343184</preferredOriginID>
  <preferredMagnitudeID>quakeml:eu.emsc/event/20040325_0000024/origin/1343184/mag/3</preferredMagnitudeID>
  <creationInfo>
    <agencyURI>smi:smi-registry/organization/EMSC</agencyURI>
    <authorURI>smi:smi-registry/organization/EMSC</authorURI>
    <creationTime>2014-12-03T10:30:16.819026Z</creationTime>
  </creationInfo>
  <description>
    <text>CRETE, GREECE</text>
    <type>Flinn-Engdahl region</type>
  </description>
  <origin publicID="quakeml:eu.emsc/event/20040325_0000024/origin/1343184">
    <time>
      <value>2004-03-25T20:40:52.6Z</value>
      <uncertainty>0.16</uncertainty>
    </time>
    <latitude>
      <value>34.2979</value>
      <uncertainty>7.3</uncertainty>
    </latitude>
    <longitude>
      <value>26.4718</value>
      <uncertainty>3.1</uncertainty>
    </longitude>
    <depth>
      <value>25000</value>
    </depth>
    <depthType>from location</depthType>
    <methodID>smi:eu.emsc-csem/origin_method/NA</methodID>
    <quality>
      <usedPhaseCount>222</usedPhaseCount>
      <usedStationCount>215</usedStationCount>
      <standardError>1.34</standardError>
      <azimuthalGap>153</azimuthalGap>
      <minimumDistance>1.19</minimumDistance>
      <maximumDistance>35.51</maximumDistance>
    </quality>
    <evaluationMode>manual</evaluationMode>
    <creationInfo>
      <agencyURI>smi:smi-registry/organization/EMSC</agencyURI>
      <authorURI>smi:smi-registry/organization/EMSC</authorURI>
    </creationInfo>
    <originUncertainty>
      <azimuthMaxHorizontalUncertainty>28</azimuthMaxHorizontalUncertainty>
    </originUncertainty>
  </origin>
  <magnitude publicID="quakeml:eu.emsc/event/20040325_0000024/origin/1343184/mag/3">
    <mag>
      <value>4.6</value>
      <uncertainty>0.2</uncertainty>
    </mag>
    <type>mb</type>
    <originID>quakeml:eu.emsc/event/20040325_0000024/origin/1343184</originID>
    <stationCount>41</stationCount>
    <creationInfo>
      <agencyURI>smi:smi-registry/organization/EMSC</agencyURI>
      <authorURI>smi:smi-registry/organization/EMSC</authorURI>
    </creationInfo>
  </magnitude>
</event>
<event publicID="quakeml:eu.emsc/event/20040325_0000021">
  <preferredOriginID>quakeml:eu.emsc/event/20040325_0000021/origin/1310032</preferredOriginID>
  <preferredMagnitudeID>quakeml:eu.emsc/event/20040325_0000021/origin/1310032/mag/2</preferredMagnitudeID>
  <creationInfo>
    <agencyURI>smi:smi-registry/organization/EMSC</agencyURI>
    <authorURI>smi:smi-registry/organization/EMSC</authorURI>
    <creationTime>2014-12-11T00:33:42.92798Z</creationTime>
  </creationInfo>
  <description>
    <text>EASTERN TURKEY</text>
    <type>Flinn-Engdahl region</type>
  </description>
  <origin publicID="quakeml:eu.emsc/event/20040325_0000021/origin/1310032">
    <time>
      <value>2004-03-25T19:52:40.8Z</value>
    </time>
    <latitude>
      <value>39.916</value>
      <uncertainty>9999.9</uncertainty>
    </latitude>
    <longitude>
      <value>40.707</value>
      <uncertainty>9999.9</uncertainty>
    </longitude>
    <depth>
      <value>5000</value>
    </depth>
    <depthType>from location</depthType>
    <methodID>smi:eu.emsc-csem/origin_method/NA</methodID>
    <quality>
      <usedPhaseCount>10</usedPhaseCount>
      <usedStationCount>9</usedStationCount>
      <standardError>1.84</standardError>
      <azimuthalGap>127</azimuthalGap>
      <minimumDistance>1.05</minimumDistance>
      <maximumDistance>2.85</maximumDistance>
    </quality>
    <evaluationMode>manual</evaluationMode>
    <creationInfo>
      <agencyURI>smi:smi-registry/organization/EMSC</agencyURI>
      <authorURI>smi:smi-registry/organization/EMSC</authorURI>
    </creationInfo>
    <originUncertainty>
      <azimuthMaxHorizontalUncertainty>-99</azimuthMaxHorizontalUncertainty>
    </originUncertainty>
  </origin>
  <magnitude publicID="quakeml:eu.emsc/event/20040325_0000021/origin/1310032/mag/2">
    <mag>
      <value>3.8</value>
    </mag>
    <type>MD</type>
    <originID>quakeml:eu.emsc/event/20040325_0000021/origin/1310032</originID>
    <creationInfo>
      <agencyURI>smi:smi-registry/organization/EMSC</agencyURI>
      <authorURI>smi:smi-registry/organization/EMSC</authorURI>
    </creationInfo>
  </magnitude>
</event>
<event publicID="quakeml:eu.emsc/event/20040325_0000020">
  <preferredOriginID>quakeml:eu.emsc/event/20040325_0000020/origin/1310034</preferredOriginID>
  <preferredMagnitudeID>quakeml:eu.emsc/event/20040325_0000020/origin/1310034/mag/2</preferredMagnitudeID>
  <creationInfo>
    <agencyURI>smi:smi-registry/organization/EMSC</agencyURI>
    <authorURI>smi:smi-registry/organization/EMSC</authorURI>
    <creationTime>2014-12-11T00:33:40.550003Z</creationTime>
  </creationInfo>
  <description>
    <text>EASTERN TURKEY</text>
    <type>Flinn-Engdahl region</type>
  </description>
  <origin publicID="quakeml:eu.emsc/event/20040325_0000020/origin/1310034">
    <time>
      <value>2004-03-25T19:51:15.2Z</value>
    </time>
    <latitude>
      <value>39.838</value>
      <uncertainty>9999.9</uncertainty>
    </latitude>
    <longitude>
      <value>40.603</value>
      <uncertainty>9999.9</uncertainty>
    </longitude>
    <depth>
      <value>4000</value>
    </depth>
    <depthType>from location</depthType>
    <methodID>smi:eu.emsc-csem/origin_method/NA</methodID>
    <quality>
      <usedPhaseCount>4</usedPhaseCount>
      <usedStationCount>4</usedStationCount>
      <standardError>0.79</standardError>
      <azimuthalGap>150</azimuthalGap>
      <minimumDistance>0.96</minimumDistance>
      <maximumDistance>1.85</maximumDistance>
    </quality>
    <evaluationMode>manual</evaluationMode>
    <creationInfo>
      <agencyURI>smi:smi-registry/organization/EMSC</agencyURI>
      <authorURI>smi:smi-registry/organization/EMSC</authorURI>
    </creationInfo>
    <originUncertainty>
      <azimuthMaxHorizontalUncertainty>-99</azimuthMaxHorizontalUncertainty>
    </originUncertainty>
  </origin>
  <magnitude publicID="quakeml:eu.emsc/event/20040325_0000020/origin/1310034/mag/2">
    <mag>
      <value>3.4</value>
    </mag>
    <type>MD</type>
    <originID>quakeml:eu.emsc/event/20040325_0000020/origin/1310034</originID>
    <creationInfo>
      <agencyURI>smi:smi-registry/organization/EMSC</agencyURI>
      <authorURI>smi:smi-registry/organization/EMSC</authorURI>
    </creationInfo>
  </magnitude>
</event>
<event publicID="quakeml:eu.emsc/event/20040325_0000019">
  <preferredOriginID>quakeml:eu.emsc/event/20040325_0000019/origin/1310036</preferredOriginID>
  <preferredMagnitudeID>quakeml:eu.emsc/event/20040325_0000019/origin/1310036/mag/2</preferredMagnitudeID>
  <creationInfo>
    <agencyURI>smi:smi-registry/organization/EMSC</agencyURI>
    <authorURI>smi:smi-registry/organization/EMSC</authorURI>
    <creationTime>2014-12-11T00:33:39.193033Z</creationTime>
  </creationInfo>
  <description>
    <text>EASTERN TURKEY</text>
    <type>Flinn-Engdahl region</type>
  </description>
  <origin publicID="quakeml:eu.emsc/event/20040325_0000019/origin/1310036">
    <time>
      <value>2004-03-25T19:45:26.9Z</value>
    </time>
    <latitude>
      <value>39.859</value>
      <uncertainty>9999.9</uncertainty>
    </latitude>
    <longitude>
      <value>40.701</value>
      <uncertainty>9999.9</uncertainty>
    </longitude>
    <depth>
      <value>5000</value>
    </depth>
    <depthType>from location</depthType>
    <methodID>smi:eu.emsc-csem/origin_method/NA</methodID>
    <quality>
      <usedPhaseCount>7</usedPhaseCount>
      <usedStationCount>6</usedStationCount>
      <standardError>1.65</standardError>
      <azimuthalGap>154</azimuthalGap>
      <minimumDistance>1</minimumDistance>
      <maximumDistance>2.46</maximumDistance>
    </quality>
    <evaluationMode>manual</evaluationMode>
    <creationInfo>
      <agencyURI>smi:smi-registry/organization/EMSC</agencyURI>
      <authorURI>smi:smi-registry/organization/EMSC</authorURI>
    </creationInfo>
    <originUncertainty>
      <azimuthMaxHorizontalUncertainty>-99</azimuthMaxHorizontalUncertainty>
    </originUncertainty>
  </origin>
  <magnitude publicID="quakeml:eu.emsc/event/20040325_0000019/origin/1310036/mag/2">
    <mag>
      <value>3.6</value>
    </mag>
    <type>MD</type>
    <originID>quakeml:eu.emsc/event/20040325_0000019/origin/1310036</originID>
    <creationInfo>
      <agencyURI>smi:smi-registry/organization/EMSC</agencyURI>
      <authorURI>smi:smi-registry/organization/EMSC</authorURI>
    </creationInfo>
  </magnitude>
</event>
<event publicID="quakeml:eu.emsc/event/20040325_0000013">
  <preferredOriginID>quakeml:eu.emsc/event/20040325_0000013/origin/1339514</preferredOriginID>
  <preferredMagnitudeID>quakeml:eu.emsc/event/20040325_0000013/origin/1339514/mag/2</preferredMagnitudeID>
  <creationInfo>
    <agencyURI>smi:smi-registry/organization/EMSC</agencyURI>
    <authorURI>smi:smi-registry/organization/EMSC</authorURI>
    <creationTime>2014-12-03T10:52:05.849537Z</creationTime>
  </creationInfo>
  <description>
    <text>EASTERN TURKEY</text>
    <type>Flinn-Engdahl region</type>
  </description>
  <origin publicID="quakeml:eu.emsc/event/20040325_0000013/origin/1339514">
    <time>
      <value>2004-03-25T19:43:38.1Z</value>
      <uncertainty>0.43</uncertainty>
    </time>
    <latitude>
      <value>39.9061</value>
      <uncertainty>13.4</uncertainty>
    </latitude>
    <longitude>
      <value>40.7219</value>
      <uncertainty>11.8</uncertainty>
    </longitude>
    <depth>
      <value>2000</value>
    </depth>
    <depthType>from location</depthType>
    <methodID>smi:eu.emsc-csem/origin_method/NA</methodID>
    <quality>
      <usedPhaseCount>9</usedPhaseCount>
      <usedStationCount>8</usedStationCount>
      <standardError>1.01</standardError>
      <azimuthalGap>118</azimuthalGap>
      <minimumDistance>1.04</minimumDistance>
      <maximumDistance>20.05</maximumDistance>
    </quality>
    <evaluationMode>manual</evaluationMode>
    <creationInfo>
      <agencyURI>smi:smi-registry/organization/EMSC</agencyURI>
      <authorURI>smi:smi-registry/organization/EMSC</authorURI>
    </creationInfo>
    <originUncertainty>
      <azimuthMaxHorizontalUncertainty>95</azimuthMaxHorizontalUncertainty>
    </originUncertainty>
  </origin>
  <magnitude publicID="quakeml:eu.emsc/event/20040325_0000013/origin/1339514/mag/2">
    <mag>
      <value>3.7</value>
    </mag>
    <type>MD</type>
    <originID>quakeml:eu.emsc/event/20040325_0000013/origin/1339514</originID>
    <creationInfo>
      <agencyURI>smi:smi-registry/organization/EMSC</agencyURI>
      <authorURI>smi:smi-registry/organization/EMSC</authorURI>
    </creationInfo>
  </magnitude>
</event>
<event publicID="quakeml:eu.emsc/event/20040325_0000018">
  <preferredOriginID>quakeml:eu.emsc/event/20040325_0000018/origin/1310038</preferredOriginID>
  <preferredMagnitudeID>quakeml:eu.emsc/event/20040325_0000018/origin/1310038/mag/2</preferredMagnitudeID>
  <creationInfo>
    <agencyURI>smi:smi-registry/organization/EMSC</agencyURI>
    <authorURI>smi:smi-registry/organization/EMSC</authorURI>
    <creationTime>2014-12-11T00:33:32.731506Z</creationTime>
  </creationInfo>
  <description>
    <text>EASTERN TURKEY</text>
    <type>Flinn-Engdahl region</type>
  </description>
  <origin publicID="quakeml:eu.emsc/event/20040325_0000018/origin/1310038">
    <time>
      <value>2004-03-25T19:41:10.8Z</value>
    </time>
    <latitude>
      <value>39.888</value>
      <uncertainty>9999.9</uncertainty>
    </latitude>
    <longitude>
      <value>40.714</value>
      <uncertainty>9999.9</uncertainty>
    </longitude>
    <depth>
      <value>5000</value>
    </depth>
    <depthType>from location</depthType>
    <methodID>smi:eu.emsc-csem/origin_method/NA</methodID>
    <quality>
      <usedPhaseCount>9</usedPhaseCount>
      <usedStationCount>7</usedStationCount>
      <standardError>1.89</standardError>
      <azimuthalGap>125</azimuthalGap>
      <minimumDistance>1.03</minimumDistance>
      <maximumDistance>2.37</maximumDistance>
    </quality>
    <evaluationMode>manual</evaluationMode>
    <creationInfo>
      <agencyURI>smi:smi-registry/organization/EMSC</agencyURI>
      <authorURI>smi:smi-registry/organization/EMSC</authorURI>
    </creationInfo>
    <originUncertainty>
      <azimuthMaxHorizontalUncertainty>-99</azimuthMaxHorizontalUncertainty>
    </originUncertainty>
  </origin>
  <magnitude publicID="quakeml:eu.emsc/event/20040325_0000018/origin/1310038/mag/2">
    <mag>
      <value>3.5</value>
    </mag>
    <type>MD</type>
    <originID>quakeml:eu.emsc/event/20040325_0000018/origin/1310038</originID>
    <creationInfo>
      <agencyURI>smi:smi-registry/organization/EMSC</agencyURI>
      <authorURI>smi:smi-registry/organization/EMSC</authorURI>
    </creationInfo>
  </magnitude>
</event>
<event publicID="quakeml:eu.emsc/event/20040325_0000017">
  <preferredOriginID>quakeml:eu.emsc/event/20040325_0000017/origin/1310040</preferredOriginID>
  <preferredMagnitudeID>quakeml:eu.emsc/event/20040325_0000017/origin/1310040/mag/2</preferredMagnitudeID>
  <creationInfo>
    <agencyURI>smi:smi-registry/organization/EMSC</agencyURI>
    <authorURI>smi:smi-registry/organization/EMSC</authorURI>
    <creationTime>2014-12-11T00:33:27.988876Z</creationTime>
  </creationInfo>
  <description>
    <text>EASTERN TURKEY</text>
    <type>Flinn-Engdahl region</type>
  </description>
  <origin publicID="quakeml:eu.emsc/event/20040325_0000017/origin/1310040">
    <time>
      <value>2004-03-25T19:38:56.5Z</value>
    </time>
    <latitude>
      <value>39.911</value>
      <uncertainty>9999.9</uncertainty>
    </latitude>
    <longitude>
      <value>40.766</value>
      <uncertainty>9999.9</uncertainty>
    </longitude>
    <depth>
      <value>2000</value>
    </depth>
    <depthType>from location</depthType>
    <methodID>smi:eu.emsc-csem/origin_method/NA</methodID>
    <quality>
      <usedPhaseCount>9</usedPhaseCount>
      <usedStationCount>7</usedStationCount>
      <standardError>1.4</standardError>
      <azimuthalGap>127</azimuthalGap>
      <minimumDistance>1.06</minimumDistance>
      <maximumDistance>2.41</maximumDistance>
    </quality>
    <evaluationMode>manual</evaluationMode>
    <creationInfo>
      <agencyURI>smi:smi-registry/organization/EMSC</agencyURI>
      <authorURI>smi:smi-registry/organization/EMSC</authorURI>
    </creationInfo>
    <originUncertainty>
      <azimuthMaxHorizontalUncertainty>-99</azimuthMaxHorizontalUncertainty>
    </originUncertainty>
  </origin>
  <magnitude publicID="quakeml:eu.emsc/event/20040325_0000017/origin/1310040/mag/2">
    <mag>
      <value>3.3</value>
    </mag>
    <type>MD</type>
    <originID>quakeml:eu.emsc/event/20040325_0000017/origin/1310040</originID>
    <creationInfo>
      <agencyURI>smi:smi-registry/organization/EMSC</agencyURI>
      <authorURI>smi:smi-registry/organization/EMSC</authorURI>
    </creationInfo>
  </magnitude>
</event>
<event publicID="quakeml:eu.emsc/event/20040325_0000016">
  <preferredOriginID>quakeml:eu.emsc/event/20040325_0000016/origin/1310042</preferredOriginID>
  <preferredMagnitudeID>quakeml:eu.emsc/event/20040325_0000016/origin/1310042/mag/2</preferredMagnitudeID>
  <creationInfo>
    <agencyURI>smi:smi-registry/organization/EMSC</agencyURI>
    <authorURI>smi:smi-registry/organization/EMSC</authorURI>
    <creationTime>2014-12-11T00:33:24.130175Z</creationTime>
  </creationInfo>
  <description>
    <text>EASTERN TURKEY</text>
    <type>Flinn-Engdahl region</type>
  </description>
  <origin publicID="quakeml:eu.emsc/event/20040325_0000016/origin/1310042">
    <time>
      <value>2004-03-25T19:37:39.0Z</value>
    </time>
    <latitude>
      <value>39.894</value>
      <uncertainty>9999.9</uncertainty>
    </latitude>
    <longitude>
      <value>40.742</value>
      <uncertainty>9999.9</uncertainty>
    </longitude>
    <depth>
      <value>5000</value>
    </depth>
    <depthType>from location</depthType>
    <methodID>smi:eu.emsc-csem/origin_method/NA</methodID>
    <quality>
      <usedPhaseCount>7</usedPhaseCount>
      <usedStationCount>5</usedStationCount>
      <standardError>2.04</standardError>
      <azimuthalGap>157</azimuthalGap>
      <minimumDistance>1.04</minimumDistance>
      <maximumDistance>2.39</maximumDistance>
    </quality>
    <evaluationMode>manual</evaluationMode>
    <creationInfo>
      <agencyURI>smi:smi-registry/organization/EMSC</agencyURI>
      <authorURI>smi:smi-registry/organization/EMSC</authorURI>
    </creationInfo>
    <originUncertainty>
      <azimuthMaxHorizontalUncertainty>-99</azimuthMaxHorizontalUncertainty>
    </originUncertainty>
  </origin>
  <magnitude publicID="quakeml:eu.emsc/event/20040325_0000016/origin/1310042/mag/2">
    <mag>
      <value>3.4</value>
    </mag>
    <type>MD</type>
    <originID>quakeml:eu.emsc/event/20040325_0000016/origin/1310042</originID>
    <creationInfo>
      <agencyURI>smi:smi-registry/organization/EMSC</agencyURI>
      <authorURI>smi:smi-registry/organization/EMSC</authorURI>
    </creationInfo>
  </magnitude>
</event>
<event publicID="quakeml:eu.emsc/event/20040325_0000014">
  <preferredOriginID>quakeml:eu.emsc/event/20040325_0000014/origin/1310044</preferredOriginID>
  <preferredMagnitudeID>quakeml:eu.emsc/event/20040325_0000014/origin/1310044/mag/2</preferredMagnitudeID>
  <creationInfo>
    <agencyURI>smi:smi-registry/organization/EMSC</agencyURI>
    <authorURI>smi:smi-registry/organization/EMSC</authorURI>
    <creationTime>2014-12-11T00:33:17.942564Z</creationTime>
  </creationInfo>
  <description>
    <text>EASTERN TURKEY</text>
    <type>Flinn-Engdahl region</type>
  </description>
  <origin publicID="quakeml:eu.emsc/event/20040325_0000014/origin/1310044">
    <time>
      <value>2004-03-25T19:33:18.5Z</value>
    </time>
    <latitude>
      <value>39.875</value>
      <uncertainty>9999.9</uncertainty>
    </latitude>
    <longitude>
      <value>40.708</value>
      <uncertainty>9999.9</uncertainty>
    </longitude>
    <depth>
      <value>5000</value>
    </depth>
    <depthType>from location</depthType>
    <methodID>smi:eu.emsc-csem/origin_method/NA</methodID>
    <quality>
      <usedPhaseCount>5</usedPhaseCount>
      <usedStationCount>4</usedStationCount>
      <standardError>1.85</standardError>
      <azimuthalGap>155</azimuthalGap>
      <minimumDistance>1.01</minimumDistance>
      <maximumDistance>1.79</maximumDistance>
    </quality>
    <evaluationMode>manual</evaluationMode>
    <creationInfo>
      <agencyURI>smi:smi-registry/organization/EMSC</agencyURI>
      <authorURI>smi:smi-registry/organization/EMSC</authorURI>
    </creationInfo>
    <originUncertainty>
      <azimuthMaxHorizontalUncertainty>-99</azimuthMaxHorizontalUncertainty>
    </originUncertainty>
  </origin>
  <magnitude publicID="quakeml:eu.emsc/event/20040325_0000014/origin/1310044/mag/2">
    <mag>
      <value>3.3</value>
    </mag>
    <type>MD</type>
    <originID>quakeml:eu.emsc/event/20040325_0000014/origin/1310044</originID>
    <creationInfo>
      <agencyURI>smi:smi-registry/organization/EMSC</agencyURI>
      <authorURI>smi:smi-registry/organization/EMSC</authorURI>
    </creationInfo>
  </magnitude>
</event>
<event publicID="quakeml:eu.emsc/event/20040325_0000001">
  <preferredOriginID>quakeml:eu.emsc/event/20040325_0000001/origin/1343200</preferredOriginID>
  <preferredMagnitudeID>quakeml:eu.emsc/event/20040325_0000001/origin/1343200/mag/3</preferredMagnitudeID>
  <creationInfo>
    <agencyURI>smi:smi-registry/organization/EMSC</agencyURI>
    <authorURI>smi:smi-registry/organization/EMSC</authorURI>
    <creationTime>2014-12-03T10:37:09.170787Z</creationTime>
  </creationInfo>
  <description>
    <text>EASTERN TURKEY</text>
    <type>Flinn-Engdahl region</type>
  </description>
  <origin publicID="quakeml:eu.emsc/event/20040325_0000001/origin/1343200">
    <time>
      <value>2004-03-25T19:30:51.4Z</value>
      <uncertainty>0.16</uncertainty>
    </time>
    <latitude>
      <value>39.9498</value>
      <uncertainty>5.6</uncertainty>
    </latitude>
    <longitude>
      <value>41.0622</value>
      <uncertainty>3.2</uncertainty>
    </longitude>
    <depth>
      <value>40000</value>
    </depth>
    <depthType>from location</depthType>
    <methodID>smi:eu.emsc-csem/origin_method/NA</methodID>
    <quality>
      <usedPhaseCount>296</usedPhaseCount>
      <usedStationCount>291</usedStationCount>
      <standardError>1.07</standardError>
      <azimuthalGap>75</azimuthalGap>
      <minimumDistance>1.16</minimumDistance>
      <maximumDistance>53.21</maximumDistance>
    </quality>
    <evaluationMode>manual</evaluationMode>
    <creationInfo>
      <agencyURI>smi:smi-registry/organization/EMSC</agencyURI>
      <authorURI>smi:smi-registry/organization/EMSC</authorURI>
    </creationInfo>
    <originUncertainty>
      <azimuthMaxHorizontalUncertainty>74</azimuthMaxHorizontalUncertainty>
    </originUncertainty>
  </origin>
  <magnitude publicID="quakeml:eu.emsc/event/20040325_0000001/origin/1343200/mag/3">
    <mag>
      <value>5</value>
      <uncertainty>0.4</uncertainty>
    </mag>
    <type>mb</type>
    <originID>quakeml:eu.emsc/event/20040325_0000001/origin/1343200</originID>
    <stationCount>92</stationCount>
    <creationInfo>
      <agencyURI>smi:smi-registry/organization/EMSC</agencyURI>
      <authorURI>smi:smi-registry/organization/EMSC</authorURI>
    </creationInfo>
  </magnitude>
</event>
<event publicID="quakeml:eu.emsc/event/20040325_0000058">
  <preferredOriginID>quakeml:eu.emsc/event/20040325_0000058/origin/1310046</preferredOriginID>
  <preferredMagnitudeID>quakeml:eu.emsc/event/20040325_0000058/origin/1310046/mag/2</preferredMagnitudeID>
  <creationInfo>
    <agencyURI>smi:smi-registry/organization/EMSC</agencyURI>
    <authorURI>smi:smi-registry/organization/EMSC</authorURI>
    <creationTime>2014-12-10T18:11:47.69465Z</creationTime>
  </creationInfo>
  <description>
    <text>SWITZERLAND</text>
    <type>Flinn-Engdahl region</type>
  </description>
  <origin publicID="quakeml:eu.emsc/event/20040325_0000058/origin/1310046">
    <time>
      <value>2004-03-25T19:02:08.1Z</value>
    </time>
    <latitude>
      <value>46.29</value>
      <uncertainty>9999.9</uncertainty>
    </latitude>
    <longitude>
      <value>7.187</value>
      <uncertainty>9999.9</uncertainty>
    </longitude>
    <depth>
      <value>7700.0</value>
    </depth>
    <depthType>from location</depthType>
    <methodID>smi:eu.emsc-csem/origin_method/NA</methodID>
    <quality>
      <usedPhaseCount>9</usedPhaseCount>
      <usedStationCount>6</usedStationCount>
      <standardError>0.97</standardError>
      <azimuthalGap>118</azimuthalGap>
      <minimumDistance>0.07</minimumDistance>
      <maximumDistance>0.3</maximumDistance>
    </quality>
    <evaluationMode>manual</evaluationMode>
    <creationInfo>
      <agencyURI>smi:smi-registry/organization/EMSC</agencyURI>
      <authorURI>smi:smi-registry/organization/EMSC</authorURI>
    </creationInfo>
    <originUncertainty>
      <azimuthMaxHorizontalUncertainty>-99</azimuthMaxHorizontalUncertainty>
    </originUncertainty>
  </origin>
  <magnitude publicID="quakeml:eu.emsc/event/20040325_0000058/origin/1310046/mag/2">
    <mag>
      <value>0.5</value>
    </mag>
    <type>ML</type>
    <originID>quakeml:eu.emsc/event/20040325_0000058/origin/1310046</originID>
    <stationCount>3</stationCount>
    <creationInfo>
      <agencyURI>smi:smi-registry/organization/EMSC</agencyURI>
      <authorURI>smi:smi-registry/organization/EMSC</authorURI>
    </creationInfo>
  </magnitude>
</event>
<event publicID="quakeml:eu.emsc/event/20040325_0000012">
  <preferredOriginID>quakeml:eu.emsc/event/20040325_0000012/origin/1310048</preferredOriginID>
  <preferredMagnitudeID>quakeml:eu.emsc/event/20040325_0000012/origin/1310048/mag/2</preferredMagnitudeID>
  <creationInfo>
    <agencyURI>smi:smi-registry/organization/EMSC</agencyURI>
    <authorURI>smi:smi-registry/organization/EMSC</authorURI>
    <creationTime>2014-12-11T00:33:13.217776Z</creationTime>
  </creationInfo>
  <description>
    <text>WESTERN TURKEY</text>
    <type>Flinn-Engdahl region</type>
  </description>
  <origin publicID="quakeml:eu.emsc/event/20040325_0000012/origin/1310048">
    <time>
      <value>2004-03-25T18:58:02.8Z</value>
    </time>
    <latitude>
      <value>38.104</value>
      <uncertainty>9999.9</uncertainty>
    </latitude>
    <longitude>
      <value>28.906</value>
      <uncertainty>9999.9</uncertainty>
    </longitude>
    <depth>
      <value>8000</value>
    </depth>
    <depthType>from location</depthType>
    <methodID>smi:eu.emsc-csem/origin_method/NA</methodID>
    <quality>
      <usedPhaseCount>16</usedPhaseCount>
      <usedStationCount>13</usedStationCount>
      <standardError>0.86</standardError>
      <azimuthalGap>54</azimuthalGap>
      <minimumDistance>0.36</minimumDistance>
      <maximumDistance>2.27</maximumDistance>
    </quality>
    <evaluationMode>manual</evaluationMode>
    <creationInfo>
      <agencyURI>smi:smi-registry/organization/EMSC</agencyURI>
      <authorURI>smi:smi-registry/organization/EMSC</authorURI>
    </creationInfo>
    <originUncertainty>
      <azimuthMaxHorizontalUncertainty>-99</azimuthMaxHorizontalUncertainty>
    </originUncertainty>
  </origin>
  <magnitude publicID="quakeml:eu.emsc/event/20040325_0000012/origin/1310048/mag/2">
    <mag>
      <value>3.2</value>
    </mag>
    <type>MD</type>
    <originID>quakeml:eu.emsc/event/20040325_0000012/origin/1310048</originID>
    <creationInfo>
      <agencyURI>smi:smi-registry/organization/EMSC</agencyURI>
      <authorURI>smi:smi-registry/organization/EMSC</authorURI>
    </creationInfo>
  </magnitude>
</event>
<event publicID="quakeml:eu.emsc/event/20040325_0000004">
  <preferredOriginID>quakeml:eu.emsc/event/20040325_0000004/origin/1339625</preferredOriginID>
  <preferredMagnitudeID>quakeml:eu.emsc/event/20040325_0000004/origin/1339625/mag/2</preferredMagnitudeID>
  <creationInfo>
    <agencyURI>smi:smi-registry/organization/EMSC</agencyURI>
    <authorURI>smi:smi-registry/organization/EMSC</authorURI>
    <creationTime>2014-12-03T10:59:47.39746Z</creationTime>
  </creationInfo>
  <description>
    <text>GREECE</text>
    <type>Flinn-Engdahl region</type>
  </description>
  <origin publicID="quakeml:eu.emsc/event/20040325_0000004/origin/1339625">
    <time>
      <value>2004-03-25T15:53:32.4Z</value>
      <uncertainty>0.66</uncertainty>
    </time>
    <latitude>
      <value>38.4627</value>
      <uncertainty>20.4</uncertainty>
    </latitude>
    <longitude>
      <value>23.9597</value>
      <uncertainty>7.3</uncertainty>
    </longitude>
    <depth>
      <value>19700.0</value>
      <uncertainty>0.2</uncertainty>
    </depth>
    <depthType>from location</depthType>
    <methodID>smi:eu.emsc-csem/origin_method/NA</methodID>
    <quality>
      <usedPhaseCount>14</usedPhaseCount>
      <usedStationCount>11</usedStationCount>
      <standardError>0.97</standardError>
      <azimuthalGap>195</azimuthalGap>
      <minimumDistance>0.42</minimumDistance>
      <maximumDistance>2.82</maximumDistance>
    </quality>
    <evaluationMode>manual</evaluationMode>
    <creationInfo>
      <agencyURI>smi:smi-registry/organization/EMSC</agencyURI>
      <authorURI>smi:smi-registry/organization/EMSC</authorURI>
    </creationInfo>
    <originUncertainty>
      <azimuthMaxHorizontalUncertainty>90</azimuthMaxHorizontalUncertainty>
    </originUncertainty>
  </origin>
  <magnitude publicID="quakeml:eu.emsc/event/20040325_0000004/origin/1339625/mag/2">
    <mag>
      <value>2.7</value>
    </mag>
    <type>ML</type>
    <originID>quakeml:eu.emsc/event/20040325_0000004/origin/1339625</originID>
    <creationInfo>
      <agencyURI>smi:smi-registry/organization/EMSC</agencyURI>
      <authorURI>smi:smi-registry/organization/EMSC</authorURI>
    </creationInfo>
  </magnitude>
</event>
<event publicID="quakeml:eu.emsc/event/20040325_0000061">
  <preferredOriginID>quakeml:eu.emsc/event/20040325_0000061/origin/1338549</preferredOriginID>
  <preferredMagnitudeID>quakeml:eu.emsc/event/20040325_0000061/origin/1338549/mag/1</preferredMagnitudeID>
  <creationInfo>
    <agencyURI>smi:smi-registry/organization/EMSC</agencyURI>
    <authorURI>smi:smi-registry/organization/EMSC</authorURI>
    <creationTime>2014-12-03T15:37:21.849355Z</creationTime>
  </creationInfo>
  <description>
    <text>PYRENEES</text>
    <type>Flinn-Engdahl region</type>
  </description>
  <origin publicID="quakeml:eu.emsc/event/20040325_0000061/origin/1338549">
    <time>
      <value>2004-03-25T15:36:52.7Z</value>
      <uncertainty>0.13</uncertainty>
    </time>
    <latitude>
      <value>43.1056</value>
      <uncertainty>3.2</uncertainty>
    </latitude>
    <longitude>
      <value>-0.768</value>
      <uncertainty>1.7</uncertainty>
    </longitude>
    <depth>
      <value>5000</value>
    </depth>
    <depthType>from location</depthType>
    <methodID>smi:eu.emsc-csem/origin_method/NA</methodID>
    <quality>
      <usedPhaseCount>32</usedPhaseCount>
      <usedStationCount>19</usedStationCount>
      <standardError>0.73</standardError>
      <azimuthalGap>131</azimuthalGap>
      <minimumDistance>0.05</minimumDistance>
      <maximumDistance>2.75</maximumDistance>
    </quality>
    <evaluationMode>manual</evaluationMode>
    <creationInfo>
      <agencyURI>smi:smi-registry/organization/EMSC</agencyURI>
      <authorURI>smi:smi-registry/organization/EMSC</authorURI>
    </creationInfo>
    <originUncertainty>
      <azimuthMaxHorizontalUncertainty>20</azimuthMaxHorizontalUncertainty>
    </originUncertainty>
  </origin>
  <magnitude publicID="quakeml:eu.emsc/event/20040325_0000061/origin/1338549/mag/1">
    <mag>
      <value>2.4</value>
      <uncertainty>0.5</uncertainty>
    </mag>
    <type>ML</type>
    <originID>quakeml:eu.emsc/event/20040325_0000061/origin/1338549</originID>
    <stationCount>8</stationCount>
    <creationInfo>
      <agencyURI>smi:smi-registry/organization/EMSC</agencyURI>
      <authorURI>smi:smi-registry/organization/EMSC</authorURI>
    </creationInfo>
  </magnitude>
</event>
<event publicID="quakeml:eu.emsc/event/20040325_0000011">
  <preferredOriginID>quakeml:eu.emsc/event/20040325_0000011/origin/1310050</preferredOriginID>
  <preferredMagnitudeID>quakeml:eu.emsc/event/20040325_0000011/origin/1310050/mag/2</preferredMagnitudeID>
  <creationInfo>
    <agencyURI>smi:smi-registry/organization/EMSC</agencyURI>
    <authorURI>smi:smi-registry/organization/EMSC</authorURI>
    <creationTime>2014-12-11T00:33:09.958448Z</creationTime>
  </creationInfo>
  <description>
    <text>NEAR THE COAST OF YEMEN</text>
    <type>Flinn-Engdahl region</type>
  </description>
  <origin publicID="quakeml:eu.emsc/event/20040325_0000011/origin/1310050">
    <time>
      <value>2004-03-25T15:17:49.4Z</value>
    </time>
    <latitude>
      <value>12.935</value>
      <uncertainty>9999.9</uncertainty>
    </latitude>
    <longitude>
      <value>43.903</value>
      <uncertainty>9999.9</uncertainty>
    </longitude>
    <depth>
      <value>46000</value>
    </depth>
    <depthType>from location</depthType>
    <methodID>smi:eu.emsc-csem/origin_method/NA</methodID>
    <quality>
      <usedPhaseCount>10</usedPhaseCount>
      <usedStationCount>5</usedStationCount>
      <standardError>5.06</standardError>
      <azimuthalGap>266</azimuthalGap>
      <minimumDistance>1.03</minimumDistance>
      <maximumDistance>1.92</maximumDistance>
    </quality>
    <evaluationMode>manual</evaluationMode>
    <creationInfo>
      <agencyURI>smi:smi-registry/organization/EMSC</agencyURI>
      <authorURI>smi:smi-registry/organization/EMSC</authorURI>
    </creationInfo>
    <originUncertainty>
      <azimuthMaxHorizontalUncertainty>-99</azimuthMaxHorizontalUncertainty>
    </originUncertainty>
  </origin>
  <magnitude publicID="quakeml:eu.emsc/event/20040325_0000011/origin/1310050/mag/2">
    <mag>
      <value>3.9</value>
    </mag>
    <type>ML</type>
    <originID>quakeml:eu.emsc/event/20040325_0000011/origin/1310050</originID>
    <creationInfo>
      <agencyURI>smi:smi-registry/organization/EMSC</agencyURI>
      <authorURI>smi:smi-registry/organization/EMSC</authorURI>
    </creationInfo>
  </magnitude>
</event>
<event publicID="quakeml:eu.emsc/event/20040325_0000006">
  <preferredOriginID>quakeml:eu.emsc/event/20040325_0000006/origin/1310052</preferredOriginID>
  <preferredMagnitudeID>quakeml:eu.emsc/event/20040325_0000006/origin/1310052/mag/2</preferredMagnitudeID>
  <creationInfo>
    <agencyURI>smi:smi-registry/organization/EMSC</agencyURI>
    <authorURI>smi:smi-registry/organization/EMSC</authorURI>
    <creationTime>2014-12-11T00:31:11.443253Z</creationTime>
  </creationInfo>
  <description>
    <text>AZORES ISLANDS, PORTUGAL</text>
    <type>Flinn-Engdahl region</type>
  </description>
  <origin publicID="quakeml:eu.emsc/event/20040325_0000006/origin/1310052">
    <time>
      <value>2004-03-25T13:43:30.2Z</value>
    </time>
    <latitude>
      <value>38.048</value>
      <uncertainty>9999.9</uncertainty>
    </latitude>
    <longitude>
      <value>-26.501</value>
      <uncertainty>9999.9</uncertainty>
    </longitude>
    <depth>
      <value>1100.0</value>
    </depth>
    <depthType>from location</depthType>
    <methodID>smi:eu.emsc-csem/origin_method/NA</methodID>
    <quality>
      <usedPhaseCount>35</usedPhaseCount>
      <usedStationCount>24</usedStationCount>
      <standardError>2.47</standardError>
      <azimuthalGap>204</azimuthalGap>
      <minimumDistance>0.58</minimumDistance>
      <maximumDistance>1</maximumDistance>
    </quality>
    <evaluationMode>manual</evaluationMode>
    <creationInfo>
      <agencyURI>smi:smi-registry/organization/EMSC</agencyURI>
      <authorURI>smi:smi-registry/organization/EMSC</authorURI>
    </creationInfo>
    <originUncertainty>
      <azimuthMaxHorizontalUncertainty>-99</azimuthMaxHorizontalUncertainty>
    </originUncertainty>
  </origin>
  <magnitude publicID="quakeml:eu.emsc/event/20040325_0000006/origin/1310052/mag/2">
    <mag>
      <value>3.2</value>
    </mag>
    <type>ML</type>
    <originID>quakeml:eu.emsc/event/20040325_0000006/origin/1310052</originID>
    <creationInfo>
      <agencyURI>smi:smi-registry/organization/EMSC</agencyURI>
      <authorURI>smi:smi-registry/organization/EMSC</authorURI>
    </creationInfo>
  </magnitude>
</event>
<event publicID="quakeml:eu.emsc/event/20040325_0000005">
  <preferredOriginID>quakeml:eu.emsc/event/20040325_0000005/origin/1310054</preferredOriginID>
  <preferredMagnitudeID>quakeml:eu.emsc/event/20040325_0000005/origin/1310054/mag/2</preferredMagnitudeID>
  <creationInfo>
    <agencyURI>smi:smi-registry/organization/EMSC</agencyURI>
    <authorURI>smi:smi-registry/organization/EMSC</authorURI>
    <creationTime>2014-12-11T00:31:08.980986Z</creationTime>
  </creationInfo>
  <description>
    <text>NEAR THE COAST OF WESTERN TURKEY</text>
    <type>Flinn-Engdahl region</type>
  </description>
  <origin publicID="quakeml:eu.emsc/event/20040325_0000005/origin/1310054">
    <time>
      <value>2004-03-25T13:13:08.9Z</value>
    </time>
    <latitude>
      <value>38.867</value>
      <uncertainty>9999.9</uncertainty>
    </latitude>
    <longitude>
      <value>26.761</value>
      <uncertainty>9999.9</uncertainty>
    </longitude>
    <depth>
      <value>19000</value>
    </depth>
    <depthType>from location</depthType>
    <methodID>smi:eu.emsc-csem/origin_method/NA</methodID>
    <quality>
      <usedPhaseCount>7</usedPhaseCount>
      <usedStationCount>5</usedStationCount>
      <standardError>0.78</standardError>
      <azimuthalGap>200</azimuthalGap>
      <minimumDistance>0.61</minimumDistance>
      <maximumDistance>1.86</maximumDistance>
    </quality>
    <evaluationMode>manual</evaluationMode>
    <creationInfo>
      <agencyURI>smi:smi-registry/organization/EMSC</agencyURI>
      <authorURI>smi:smi-registry/organization/EMSC</authorURI>
    </creationInfo>
    <originUncertainty>
      <azimuthMaxHorizontalUncertainty>-99</azimuthMaxHorizontalUncertainty>
    </originUncertainty>
  </origin>
  <magnitude publicID="quakeml:eu.emsc/event/20040325_0000005/origin/1310054/mag/2">
    <mag>
      <value>2.9</value>
    </mag>
    <type>MD</type>
    <originID>quakeml:eu.emsc/event/20040325_0000005/origin/1310054</originID>
    <creationInfo>
      <agencyURI>smi:smi-registry/organization/EMSC</agencyURI>
      <authorURI>smi:smi-registry/organization/EMSC</authorURI>
    </creationInfo>
  </magnitude>
</event>
<event publicID="quakeml:eu.emsc/event/20040325_0000003">
  <preferredOriginID>quakeml:eu.emsc/event/20040325_0000003/origin/1339627</preferredOriginID>
  <preferredMagnitudeID>quakeml:eu.emsc/event/20040325_0000003/origin/1339627/mag/2</preferredMagnitudeID>
  <creationInfo>
    <agencyURI>smi:smi-registry/organization/EMSC</agencyURI>
    <authorURI>smi:smi-registry/organization/EMSC</authorURI>
    <creationTime>2014-12-03T11:42:36.62519Z</creationTime>
  </creationInfo>
  <description>
    <text>GREECE</text>
    <type>Flinn-Engdahl region</type>
  </description>
  <origin publicID="quakeml:eu.emsc/event/20040325_0000003/origin/1339627">
    <time>
      <value>2004-03-25T12:49:14.4Z</value>
      <uncertainty>0.21</uncertainty>
    </time>
    <latitude>
      <value>40.5711</value>
      <uncertainty>5</uncertainty>
    </latitude>
    <longitude>
      <value>23.3967</value>
      <uncertainty>3.9</uncertainty>
    </longitude>
    <depth>
      <value>8000</value>
    </depth>
    <depthType>from location</depthType>
    <methodID>smi:eu.emsc-csem/origin_method/NA</methodID>
    <quality>
      <usedPhaseCount>24</usedPhaseCount>
      <usedStationCount>16</usedStationCount>
      <standardError>0.91</standardError>
      <azimuthalGap>47</azimuthalGap>
      <minimumDistance>0.25</minimumDistance>
      <maximumDistance>2.18</maximumDistance>
    </quality>
    <evaluationMode>manual</evaluationMode>
    <creationInfo>
      <agencyURI>smi:smi-registry/organization/EMSC</agencyURI>
      <authorURI>smi:smi-registry/organization/EMSC</authorURI>
    </creationInfo>
    <originUncertainty>
      <azimuthMaxHorizontalUncertainty>77</azimuthMaxHorizontalUncertainty>
    </originUncertainty>
  </origin>
  <magnitude publicID="quakeml:eu.emsc/event/20040325_0000003/origin/1339627/mag/2">
    <mag>
      <value>2.8</value>
    </mag>
    <type>ML</type>
    <originID>quakeml:eu.emsc/event/20040325_0000003/origin/1339627</originID>
    <creationInfo>
      <agencyURI>smi:smi-registry/organization/EMSC</agencyURI>
      <authorURI>smi:smi-registry/organization/EMSC</authorURI>
    </creationInfo>
  </magnitude>
</event>
<event publicID="quakeml:eu.emsc/event/20040325_0000002">
  <preferredOriginID>quakeml:eu.emsc/event/20040325_0000002/origin/1339630</preferredOriginID>
  <preferredMagnitudeID>quakeml:eu.emsc/event/20040325_0000002/origin/1339630/mag/2</preferredMagnitudeID>
  <creationInfo>
    <agencyURI>smi:smi-registry/organization/EMSC</agencyURI>
    <authorURI>smi:smi-registry/organization/EMSC</authorURI>
    <creationTime>2014-12-03T10:35:03.478725Z</creationTime>
  </creationInfo>
  <description>
    <text>DODECANESE ISLANDS, GREECE</text>
    <type>Flinn-Engdahl region</type>
  </description>
  <origin publicID="quakeml:eu.emsc/event/20040325_0000002/origin/1339630">
    <time>
      <value>2004-03-25T12:10:29.2Z</value>
      <uncertainty>0.54</uncertainty>
    </time>
    <latitude>
      <value>35.2638</value>
      <uncertainty>24.3</uncertainty>
    </latitude>
    <longitude>
      <value>27.0306</value>
      <uncertainty>6.2</uncertainty>
    </longitude>
    <depth>
      <value>300.0</value>
      <uncertainty>4.2</uncertainty>
    </depth>
    <depthType>from location</depthType>
    <methodID>smi:eu.emsc-csem/origin_method/NA</methodID>
    <quality>
      <usedPhaseCount>6</usedPhaseCount>
      <usedStationCount>6</usedStationCount>
      <standardError>0.24</standardError>
      <azimuthalGap>194</azimuthalGap>
      <minimumDistance>1.16</minimumDistance>
      <maximumDistance>2.76</maximumDistance>
    </quality>
    <evaluationMode>manual</evaluationMode>
    <creationInfo>
      <agencyURI>smi:smi-registry/organization/EMSC</agencyURI>
      <authorURI>smi:smi-registry/organization/EMSC</authorURI>
    </creationInfo>
    <originUncertainty>
      <azimuthMaxHorizontalUncertainty>157</azimuthMaxHorizontalUncertainty>
    </originUncertainty>
  </origin>
  <magnitude publicID="quakeml:eu.emsc/event/20040325_0000002/origin/1339630/mag/2">
    <mag>
      <value>3.2</value>
    </mag>
    <type>MD</type>
    <originID>quakeml:eu.emsc/event/20040325_0000002/origin/1339630</originID>
    <creationInfo>
      <agencyURI>smi:smi-registry/organization/EMSC</agencyURI>
      <authorURI>smi:smi-registry/organization/EMSC</authorURI>
    </creationInfo>
  </magnitude>
</event>
<event publicID="quakeml:eu.emsc/event/20040325_0000034">
  <preferredOriginID>quakeml:eu.emsc/event/20040325_0000034/origin/1310056</preferredOriginID>
  <preferredMagnitudeID>quakeml:eu.emsc/event/20040325_0000034/origin/1310056/mag/2</preferredMagnitudeID>
  <creationInfo>
    <agencyURI>smi:smi-registry/organization/EMSC</agencyURI>
    <authorURI>smi:smi-registry/organization/EMSC</authorURI>
    <creationTime>2014-12-11T00:35:28.120097Z</creationTime>
  </creationInfo>
  <description>
    <text>WESTERN TURKEY</text>
    <type>Flinn-Engdahl region</type>
  </description>
  <origin publicID="quakeml:eu.emsc/event/20040325_0000034/origin/1310056">
    <time>
      <value>2004-03-25T07:38:06.9Z</value>
    </time>
    <latitude>
      <value>40.834</value>
      <uncertainty>9999.9</uncertainty>
    </latitude>
    <longitude>
      <value>27.887</value>
      <uncertainty>9999.9</uncertainty>
    </longitude>
    <depth>
      <value>8000</value>
    </depth>
    <depthType>from location</depthType>
    <methodID>smi:eu.emsc-csem/origin_method/NA</methodID>
    <quality>
      <usedPhaseCount>27</usedPhaseCount>
      <usedStationCount>21</usedStationCount>
      <standardError>0.86</standardError>
      <azimuthalGap>90</azimuthalGap>
      <minimumDistance>0.32</minimumDistance>
      <maximumDistance>1.95</maximumDistance>
    </quality>
    <evaluationMode>manual</evaluationMode>
    <creationInfo>
      <agencyURI>smi:smi-registry/organization/EMSC</agencyURI>
      <authorURI>smi:smi-registry/organization/EMSC</authorURI>
    </creationInfo>
    <originUncertainty>
      <azimuthMaxHorizontalUncertainty>-99</azimuthMaxHorizontalUncertainty>
    </originUncertainty>
  </origin>
  <magnitude publicID="quakeml:eu.emsc/event/20040325_0000034/origin/1310056/mag/2">
    <mag>
      <value>2.9</value>
    </mag>
    <type>MD</type>
    <originID>quakeml:eu.emsc/event/20040325_0000034/origin/1310056</originID>
    <creationInfo>
      <agencyURI>smi:smi-registry/organization/EMSC</agencyURI>
      <authorURI>smi:smi-registry/organization/EMSC</authorURI>
    </creationInfo>
  </magnitude>
</event>
<event publicID="quakeml:eu.emsc/event/20040325_0000031">
  <preferredOriginID>quakeml:eu.emsc/event/20040325_0000031/origin/1339418</preferredOriginID>
  <preferredMagnitudeID>quakeml:eu.emsc/event/20040325_0000031/origin/1339418/mag/2</preferredMagnitudeID>
  <creationInfo>
    <agencyURI>smi:smi-registry/organization/EMSC</agencyURI>
    <authorURI>smi:smi-registry/organization/EMSC</authorURI>
    <creationTime>2014-12-03T12:08:35.94995Z</creationTime>
  </creationInfo>
  <description>
    <text>MOROCCO</text>
    <type>Flinn-Engdahl region</type>
  </description>
  <origin publicID="quakeml:eu.emsc/event/20040325_0000031/origin/1339418">
    <time>
      <value>2004-03-25T07:20:59.7Z</value>
      <uncertainty>0.56</uncertainty>
    </time>
    <latitude>
      <value>34.9095</value>
      <uncertainty>11.8</uncertainty>
    </latitude>
    <longitude>
      <value>-3.9293</value>
      <uncertainty>6.3</uncertainty>
    </longitude>
    <depth>
      <value>40000</value>
    </depth>
    <depthType>from location</depthType>
    <methodID>smi:eu.emsc-csem/origin_method/NA</methodID>
    <quality>
      <usedPhaseCount>52</usedPhaseCount>
      <usedStationCount>34</usedStationCount>
      <standardError>1.29</standardError>
      <azimuthalGap>241</azimuthalGap>
      <minimumDistance>0.89</minimumDistance>
      <maximumDistance>8.19</maximumDistance>
    </quality>
    <evaluationMode>manual</evaluationMode>
    <creationInfo>
      <agencyURI>smi:smi-registry/organization/EMSC</agencyURI>
      <authorURI>smi:smi-registry/organization/EMSC</authorURI>
    </creationInfo>
    <originUncertainty>
      <azimuthMaxHorizontalUncertainty>1</azimuthMaxHorizontalUncertainty>
    </originUncertainty>
  </origin>
  <magnitude publicID="quakeml:eu.emsc/event/20040325_0000031/origin/1339418/mag/2">
    <mag>
      <value>3.9</value>
    </mag>
    <type>ML</type>
    <originID>quakeml:eu.emsc/event/20040325_0000031/origin/1339418</originID>
    <creationInfo>
      <agencyURI>smi:smi-registry/organization/EMSC</agencyURI>
      <authorURI>smi:smi-registry/organization/EMSC</authorURI>
    </creationInfo>
  </magnitude>
</event>
<event publicID="quakeml:eu.emsc/event/20040325_0000032">
  <preferredOriginID>quakeml:eu.emsc/event/20040325_0000032/origin/1310058</preferredOriginID>
  <preferredMagnitudeID>quakeml:eu.emsc/event/20040325_0000032/origin/1310058/mag/2</preferredMagnitudeID>
  <creationInfo>
    <agencyURI>smi:smi-registry/organization/EMSC</agencyURI>
    <authorURI>smi:smi-registry/organization/EMSC</authorURI>
    <creationTime>2014-12-11T00:35:23.118217Z</creationTime>
  </creationInfo>
  <description>
    <text>AZORES ISLANDS, PORTUGAL</text>
    <type>Flinn-Engdahl region</type>
  </description>
  <origin publicID="quakeml:eu.emsc/event/20040325_0000032/origin/1310058">
    <time>
      <value>2004-03-25T07:06:11.8Z</value>
    </time>
    <latitude>
      <value>39.111</value>
      <uncertainty>9999.9</uncertainty>
    </latitude>
    <longitude>
      <value>-28.278</value>
      <uncertainty>9999.9</uncertainty>
    </longitude>
    <depth>
      <value>6000</value>
    </depth>
    <depthType>from location</depthType>
    <methodID>smi:eu.emsc-csem/origin_method/NA</methodID>
    <quality>
      <usedPhaseCount>7</usedPhaseCount>
      <usedStationCount>5</usedStationCount>
      <standardError>1.24</standardError>
      <azimuthalGap>243</azimuthalGap>
      <minimumDistance>0.22</minimumDistance>
      <maximumDistance>0.58</maximumDistance>
    </quality>
    <evaluationMode>manual</evaluationMode>
    <creationInfo>
      <agencyURI>smi:smi-registry/organization/EMSC</agencyURI>
      <authorURI>smi:smi-registry/organization/EMSC</authorURI>
    </creationInfo>
    <originUncertainty>
      <azimuthMaxHorizontalUncertainty>-99</azimuthMaxHorizontalUncertainty>
    </originUncertainty>
  </origin>
  <magnitude publicID="quakeml:eu.emsc/event/20040325_0000032/origin/1310058/mag/2">
    <mag>
      <value>3.1</value>
    </mag>
    <type>ML</type>
    <originID>quakeml:eu.emsc/event/20040325_0000032/origin/1310058</originID>
    <creationInfo>
      <agencyURI>smi:smi-registry/organization/EMSC</agencyURI>
      <authorURI>smi:smi-registry/organization/EMSC</authorURI>
    </creationInfo>
  </magnitude>
</event>
<event publicID="quakeml:eu.emsc/event/20040325_0000029">
  <preferredOriginID>quakeml:eu.emsc/event/20040325_0000029/origin/1339421</preferredOriginID>
  <preferredMagnitudeID>quakeml:eu.emsc/event/20040325_0000029/origin/1339421/mag/2</preferredMagnitudeID>
  <creationInfo>
    <agencyURI>smi:smi-registry/organization/EMSC</agencyURI>
    <authorURI>smi:smi-registry/organization/EMSC</authorURI>
    <creationTime>2014-12-03T12:12:14.66865Z</creationTime>
  </creationInfo>
  <description>
    <text>MOROCCO</text>
    <type>Flinn-Engdahl region</type>
  </description>
  <origin publicID="quakeml:eu.emsc/event/20040325_0000029/origin/1339421">
    <time>
      <value>2004-03-25T05:19:23.6Z</value>
      <uncertainty>0.54</uncertainty>
    </time>
    <latitude>
      <value>34.9543</value>
      <uncertainty>11.2</uncertainty>
    </latitude>
    <longitude>
      <value>-3.9833</value>
      <uncertainty>6.4</uncertainty>
    </longitude>
    <depth>
      <value>40000</value>
    </depth>
    <depthType>from location</depthType>
    <methodID>smi:eu.emsc-csem/origin_method/NA</methodID>
    <quality>
      <usedPhaseCount>24</usedPhaseCount>
      <usedStationCount>14</usedStationCount>
      <standardError>1.03</standardError>
      <azimuthalGap>245</azimuthalGap>
      <minimumDistance>0.91</minimumDistance>
      <maximumDistance>4.17</maximumDistance>
    </quality>
    <evaluationMode>manual</evaluationMode>
    <creationInfo>
      <agencyURI>smi:smi-registry/organization/EMSC</agencyURI>
      <authorURI>smi:smi-registry/organization/EMSC</authorURI>
    </creationInfo>
    <originUncertainty>
      <azimuthMaxHorizontalUncertainty>3</azimuthMaxHorizontalUncertainty>
    </originUncertainty>
  </origin>
  <magnitude publicID="quakeml:eu.emsc/event/20040325_0000029/origin/1339421/mag/2">
    <mag>
      <value>3.4</value>
      <uncertainty>0.1</uncertainty>
    </mag>
    <type>mb</type>
    <originID>quakeml:eu.emsc/event/20040325_0000029/origin/1339421</originID>
    <stationCount>7</stationCount>
    <creationInfo>
      <agencyURI>smi:smi-registry/organization/EMSC</agencyURI>
      <authorURI>smi:smi-registry/organization/EMSC</authorURI>
    </creationInfo>
  </magnitude>
</event>
<event publicID="quakeml:eu.emsc/event/20040325_0000062">
  <preferredOriginID>quakeml:eu.emsc/event/20040325_0000062/origin/1338552</preferredOriginID>
  <preferredMagnitudeID>quakeml:eu.emsc/event/20040325_0000062/origin/1338552/mag/1</preferredMagnitudeID>
  <creationInfo>
    <agencyURI>smi:smi-registry/organization/EMSC</agencyURI>
    <authorURI>smi:smi-registry/organization/EMSC</authorURI>
    <creationTime>2014-12-03T16:04:44.306877Z</creationTime>
  </creationInfo>
  <description>
    <text>FRANCE</text>
    <type>Flinn-Engdahl region</type>
  </description>
  <origin publicID="quakeml:eu.emsc/event/20040325_0000062/origin/1338552">
    <time>
      <value>2004-03-25T03:38:20.6Z</value>
      <uncertainty>0.08</uncertainty>
    </time>
    <latitude>
      <value>44.8215</value>
      <uncertainty>1.7</uncertainty>
    </latitude>
    <longitude>
      <value>6.7308</value>
      <uncertainty>1.4</uncertainty>
    </longitude>
    <depth>
      <value>8000</value>
    </depth>
    <depthType>from location</depthType>
    <methodID>smi:eu.emsc-csem/origin_method/NA</methodID>
    <quality>
      <usedPhaseCount>18</usedPhaseCount>
      <usedStationCount>10</usedStationCount>
      <standardError>0.3</standardError>
      <azimuthalGap>80</azimuthalGap>
      <minimumDistance>0.1</minimumDistance>
      <maximumDistance>1.18</maximumDistance>
    </quality>
    <evaluationMode>manual</evaluationMode>
    <creationInfo>
      <agencyURI>smi:smi-registry/organization/EMSC</agencyURI>
      <authorURI>smi:smi-registry/organization/EMSC</authorURI>
    </creationInfo>
    <originUncertainty>
      <azimuthMaxHorizontalUncertainty>79</azimuthMaxHorizontalUncertainty>
    </originUncertainty>
  </origin>
  <magnitude publicID="quakeml:eu.emsc/event/20040325_0000062/origin/1338552/mag/1">
    <mag>
      <value>1</value>
      <uncertainty>0.2</uncertainty>
    </mag>
    <type>ML</type>
    <originID>quakeml:eu.emsc/event/20040325_0000062/origin/1338552</originID>
    <stationCount>5</stationCount>
    <creationInfo>
      <agencyURI>smi:smi-registry/organization/EMSC</agencyURI>
      <authorURI>smi:smi-registry/organization/EMSC</authorURI>
    </creationInfo>
  </magnitude>
</event>
<event publicID="quakeml:eu.emsc/event/20040325_0000025">
  <preferredOriginID>quakeml:eu.emsc/event/20040325_0000025/origin/1339432</preferredOriginID>
  <preferredMagnitudeID>quakeml:eu.emsc/event/20040325_0000025/origin/1339432/mag/1</preferredMagnitudeID>
  <creationInfo>
    <agencyURI>smi:smi-registry/organization/EMSC</agencyURI>
    <authorURI>smi:smi-registry/organization/EMSC</authorURI>
    <creationTime>2014-12-03T12:02:50.130519Z</creationTime>
  </creationInfo>
  <description>
    <text>STRAIT OF GIBRALTAR</text>
    <type>Flinn-Engdahl region</type>
  </description>
  <origin publicID="quakeml:eu.emsc/event/20040325_0000025/origin/1339432">
    <time>
      <value>2004-03-25T03:07:44.7Z</value>
      <uncertainty>0.23</uncertainty>
    </time>
    <latitude>
      <value>36.8775</value>
      <uncertainty>6.9</uncertainty>
    </latitude>
    <longitude>
      <value>-4.6373</value>
      <uncertainty>3.9</uncertainty>
    </longitude>
    <depth>
      <value>40000</value>
    </depth>
    <depthType>from location</depthType>
    <methodID>smi:eu.emsc-csem/origin_method/NA</methodID>
    <quality>
      <usedPhaseCount>43</usedPhaseCount>
      <usedStationCount>30</usedStationCount>
      <standardError>1.05</standardError>
      <azimuthalGap>105</azimuthalGap>
      <minimumDistance>0.2</minimumDistance>
      <maximumDistance>5.64</maximumDistance>
    </quality>
    <evaluationMode>manual</evaluationMode>
    <creationInfo>
      <agencyURI>smi:smi-registry/organization/EMSC</agencyURI>
      <authorURI>smi:smi-registry/organization/EMSC</authorURI>
    </creationInfo>
    <originUncertainty>
      <azimuthMaxHorizontalUncertainty>168</azimuthMaxHorizontalUncertainty>
    </originUncertainty>
  </origin>
  <magnitude publicID="quakeml:eu.emsc/event/20040325_0000025/origin/1339432/mag/1">
    <mag>
      <value>3</value>
      <uncertainty>0.3</uncertainty>
    </mag>
    <type>ML</type>
    <originID>quakeml:eu.emsc/event/20040325_0000025/origin/1339432</originID>
    <stationCount>7</stationCount>
    <creationInfo>
      <agencyURI>smi:smi-registry/organization/EMSC</agencyURI>
      <authorURI>smi:smi-registry/organization/EMSC</authorURI>
    </creationInfo>
  </magnitude>
</event>
<event publicID="quakeml:eu.emsc/event/20040325_0000026">
  <preferredOriginID>quakeml:eu.emsc/event/20040325_0000026/origin/1310060</preferredOriginID>
  <preferredMagnitudeID>quakeml:eu.emsc/event/20040325_0000026/origin/1310060/mag/2</preferredMagnitudeID>
  <creationInfo>
    <agencyURI>smi:smi-registry/organization/EMSC</agencyURI>
    <authorURI>smi:smi-registry/organization/EMSC</authorURI>
    <creationTime>2014-12-11T00:35:07.513821Z</creationTime>
  </creationInfo>
  <description>
    <text>EGYPT</text>
    <type>Flinn-Engdahl region</type>
  </description>
  <origin publicID="quakeml:eu.emsc/event/20040325_0000026/origin/1310060">
    <time>
      <value>2004-03-25T02:48:35.8Z</value>
    </time>
    <latitude>
      <value>30.54</value>
      <uncertainty>9999.9</uncertainty>
    </latitude>
    <longitude>
      <value>31.74</value>
      <uncertainty>9999.9</uncertainty>
    </longitude>
    <depth>
      <value>24700.0</value>
    </depth>
    <depthType>from location</depthType>
    <methodID>smi:eu.emsc-csem/origin_method/NA</methodID>
    <quality>
      <usedPhaseCount>26</usedPhaseCount>
      <usedStationCount>24</usedStationCount>
      <standardError>1.31</standardError>
      <azimuthalGap>164</azimuthalGap>
      <minimumDistance>0.61</minimumDistance>
      <maximumDistance>3.67</maximumDistance>
    </quality>
    <evaluationMode>manual</evaluationMode>
    <creationInfo>
      <agencyURI>smi:smi-registry/organization/EMSC</agencyURI>
      <authorURI>smi:smi-registry/organization/EMSC</authorURI>
    </creationInfo>
    <originUncertainty>
      <azimuthMaxHorizontalUncertainty>-99</azimuthMaxHorizontalUncertainty>
    </originUncertainty>
  </origin>
  <magnitude publicID="quakeml:eu.emsc/event/20040325_0000026/origin/1310060/mag/2">
    <mag>
      <value>3.7</value>
    </mag>
    <type>ML</type>
    <originID>quakeml:eu.emsc/event/20040325_0000026/origin/1310060</originID>
    <creationInfo>
      <agencyURI>smi:smi-registry/organization/EMSC</agencyURI>
      <authorURI>smi:smi-registry/organization/EMSC</authorURI>
    </creationInfo>
  </magnitude>
</event>
</eventParameters>
</q:quakeml>
