<?xml version="1.0"?>
<q:quakeml xmlns:q="http://quakeml.org/xmlns/quakeml/1.2"  xmlns="http://quakeml.org/xmlns/bed/1.2">
<eventParameters publicID="smi:eu.emsc/unid">
<event publicID="quakeml:eu.emsc/event/20041118_0000043">
  <preferredOriginID>quakeml:eu.emsc/event/20041118_0000043/origin/1292601</preferredOriginID>
  <preferredMagnitudeID>quakeml:eu.emsc/event/20041118_0000043/origin/1292601/mag/2</preferredMagnitudeID>
  <creationInfo>
    <agencyURI>smi:smi-registry/organization/EMSC</agencyURI>
    <authorURI>smi:smi-registry/organization/EMSC</authorURI>
    <creationTime>2014-12-11T06:09:21.613054Z</creationTime>
  </creationInfo>
  <description>
    <text>EASTERN TURKEY</text>
    <type>Flinn-Engdahl region</type>
  </description>
  <origin publicID="quakeml:eu.emsc/event/20041118_0000043/origin/1292601">
    <time>
      <value>2004-11-18T23:57:22.8Z</value>
    </time>
    <latitude>
      <value>39.253</value>
      <uncertainty>9999.9</uncertainty>
    </latitude>
    <longitude>
      <value>40.241</value>
      <uncertainty>9999.9</uncertainty>
    </longitude>
    <depth>
      <value>12000</value>
    </depth>
    <depthType>from location</depthType>
    <methodID>smi:eu.emsc-csem/origin_method/NA</methodID>
    <quality>
      <usedPhaseCount>7</usedPhaseCount>
      <usedStationCount>4</usedStationCount>
      <standardError>1.39</standardError>
      <azimuthalGap>103</azimuthalGap>
      <minimumDistance>0.42</minimumDistance>
      <maximumDistance>1.34</maximumDistance>
    </quality>
    <evaluationMode>manual</evaluationMode>
    <creationInfo>
      <agencyURI>smi:smi-registry/organization/EMSC</agencyURI>
      <authorURI>smi:smi-registry/organization/EMSC</authorURI>
    </creationInfo>
    <originUncertainty>
      <azimuthMaxHorizontalUncertainty>-99</azimuthMaxHorizontalUncertainty>
    </originUncertainty>
  </origin>
  <magnitude publicID="quakeml:eu.emsc/event/20041118_0000043/origin/1292601/mag/2">
    <mag>
      <value>2.9</value>
    </mag>
    <type>MD</type>
    <originID>quakeml:eu.emsc/event/20041118_0000043/origin/1292601</originID>
    <creationInfo>
      <agencyURI>smi:smi-registry/organization/EMSC</agencyURI>
      <authorURI>smi:smi-registry/organization/EMSC</authorURI>
    </creationInfo>
  </magnitude>
</event>
<event publicID="quakeml:eu.emsc/event/20041118_0000031">
  <preferredOriginID>quakeml:eu.emsc/event/20041118_0000031/origin/1292603</preferredOriginID>
  <preferredMagnitudeID>quakeml:eu.emsc/event/20041118_0000031/origin/1292603/mag/2</preferredMagnitudeID>
  <creationInfo>
    <agencyURI>smi:smi-registry/organization/EMSC</agencyURI>
    <authorURI>smi:smi-registry/organization/EMSC</authorURI>
    <creationTime>2014-12-11T06:09:19.116006Z</creationTime>
  </creationInfo>
  <description>
    <text>WESTERN TURKEY</text>
    <type>Flinn-Engdahl region</type>
  </description>
  <origin publicID="quakeml:eu.emsc/event/20041118_0000031/origin/1292603">
    <time>
      <value>2004-11-18T22:28:57.2Z</value>
    </time>
    <latitude>
      <value>39.186</value>
      <uncertainty>9999.9</uncertainty>
    </latitude>
    <longitude>
      <value>27.659</value>
      <uncertainty>9999.9</uncertainty>
    </longitude>
    <depth>
      <value>14000</value>
    </depth>
    <depthType>from location</depthType>
    <methodID>smi:eu.emsc-csem/origin_method/NA</methodID>
    <quality>
      <usedPhaseCount>10</usedPhaseCount>
      <usedStationCount>8</usedStationCount>
      <standardError>0.91</standardError>
      <azimuthalGap>158</azimuthalGap>
      <minimumDistance>0.33</minimumDistance>
      <maximumDistance>1.28</maximumDistance>
    </quality>
    <evaluationMode>manual</evaluationMode>
    <creationInfo>
      <agencyURI>smi:smi-registry/organization/EMSC</agencyURI>
      <authorURI>smi:smi-registry/organization/EMSC</authorURI>
    </creationInfo>
    <originUncertainty>
      <azimuthMaxHorizontalUncertainty>-99</azimuthMaxHorizontalUncertainty>
    </originUncertainty>
  </origin>
  <magnitude publicID="quakeml:eu.emsc/event/20041118_0000031/origin/1292603/mag/2">
    <mag>
      <value>2.8</value>
    </mag>
    <type>MD</type>
    <originID>quakeml:eu.emsc/event/20041118_0000031/origin/1292603</originID>
    <creationInfo>
      <agencyURI>smi:smi-registry/organization/EMSC</agencyURI>
      <authorURI>smi:smi-registry/organization/EMSC</authorURI>
    </creationInfo>
  </magnitude>
</event>
<event publicID="quakeml:eu.emsc/event/20041118_0000045">
  <preferredOriginID>quakeml:eu.emsc/event/20041118_0000045/origin/1292605</preferredOriginID>
  <preferredMagnitudeID>quakeml:eu.emsc/event/20041118_0000045/origin/1292605/mag/2</preferredMagnitudeID>
  <creationInfo>
    <agencyURI>smi:smi-registry/organization/EMSC</agencyURI>
    <authorURI>smi:smi-registry/organization/EMSC</authorURI>
    <creationTime>2014-12-10T18:20:38.820835Z</creationTime>
  </creationInfo>
  <description>
    <text>NORTHERN ITALY</text>
    <type>Flinn-Engdahl region</type>
  </description>
  <origin publicID="quakeml:eu.emsc/event/20041118_0000045/origin/1292605">
    <time>
      <value>2004-11-18T22:23:47.9Z</value>
    </time>
    <latitude>
      <value>44.1769</value>
      <uncertainty>9999.9</uncertainty>
    </latitude>
    <longitude>
      <value>7.1993</value>
      <uncertainty>9999.9</uncertainty>
    </longitude>
    <depth>
      <value>7000</value>
    </depth>
    <depthType>from location</depthType>
    <methodID>smi:eu.emsc-csem/origin_method/NA</methodID>
    <quality>
      <usedPhaseCount>16</usedPhaseCount>
      <usedStationCount>8</usedStationCount>
      <standardError>0.7</standardError>
      <azimuthalGap>164</azimuthalGap>
      <minimumDistance>0.36</minimumDistance>
      <maximumDistance>1.38</maximumDistance>
    </quality>
    <evaluationMode>manual</evaluationMode>
    <creationInfo>
      <agencyURI>smi:smi-registry/organization/EMSC</agencyURI>
      <authorURI>smi:smi-registry/organization/EMSC</authorURI>
    </creationInfo>
    <originUncertainty>
      <azimuthMaxHorizontalUncertainty>-99</azimuthMaxHorizontalUncertainty>
    </originUncertainty>
  </origin>
  <magnitude publicID="quakeml:eu.emsc/event/20041118_0000045/origin/1292605/mag/2">
    <mag>
      <value>1.7</value>
      <uncertainty>0.4</uncertainty>
    </mag>
    <type>ML</type>
    <originID>quakeml:eu.emsc/event/20041118_0000045/origin/1292605</originID>
    <stationCount>4</stationCount>
    <creationInfo>
      <agencyURI>smi:smi-registry/organization/EMSC</agencyURI>
      <authorURI>smi:smi-registry/organization/EMSC</authorURI>
    </creationInfo>
  </magnitude>
</event>
<event publicID="quakeml:eu.emsc/event/20041118_0000036">
  <preferredOriginID>quakeml:eu.emsc/event/20041118_0000036/origin/1297166</preferredOriginID>
  <preferredMagnitudeID>quakeml:eu.emsc/event/20041118_0000036/origin/1297166/mag/2</preferredMagnitudeID>
  <creationInfo>
    <agencyURI>smi:smi-registry/organization/EMSC</agencyURI>
    <authorURI>smi:smi-registry/organization/EMSC</authorURI>
    <creationTime>2014-12-03T10:45:09.287969Z</creationTime>
  </creationInfo>
  <description>
    <text>GREECE</text>
    <type>Flinn-Engdahl region</type>
  </description>
  <origin publicID="quakeml:eu.emsc/event/20041118_0000036/origin/1297166">
    <time>
      <value>2004-11-18T22:13:32.5Z</value>
      <uncertainty>0.27</uncertainty>
    </time>
    <latitude>
      <value>38.2761</value>
      <uncertainty>7.5</uncertainty>
    </latitude>
    <longitude>
      <value>22.2469</value>
      <uncertainty>6.8</uncertainty>
    </longitude>
    <depth>
      <value>80000</value>
    </depth>
    <depthType>from location</depthType>
    <methodID>smi:eu.emsc-csem/origin_method/NA</methodID>
    <quality>
      <usedPhaseCount>26</usedPhaseCount>
      <usedStationCount>18</usedStationCount>
      <standardError>1.03</standardError>
      <azimuthalGap>57</azimuthalGap>
      <minimumDistance>0.65</minimumDistance>
      <maximumDistance>2.59</maximumDistance>
    </quality>
    <evaluationMode>manual</evaluationMode>
    <creationInfo>
      <agencyURI>smi:smi-registry/organization/EMSC</agencyURI>
      <authorURI>smi:smi-registry/organization/EMSC</authorURI>
    </creationInfo>
    <originUncertainty>
      <azimuthMaxHorizontalUncertainty>62</azimuthMaxHorizontalUncertainty>
    </originUncertainty>
  </origin>
  <magnitude publicID="quakeml:eu.emsc/event/20041118_0000036/origin/1297166/mag/2">
    <mag>
      <value>2.7</value>
    </mag>
    <type>ML</type>
    <originID>quakeml:eu.emsc/event/20041118_0000036/origin/1297166</originID>
    <creationInfo>
      <agencyURI>smi:smi-registry/organization/EMSC</agencyURI>
      <authorURI>smi:smi-registry/organization/EMSC</authorURI>
    </creationInfo>
  </magnitude>
</event>
<event publicID="quakeml:eu.emsc/event/20041118_0000023">
  <preferredOriginID>quakeml:eu.emsc/event/20041118_0000023/origin/BH819</preferredOriginID>
  <preferredMagnitudeID>quakeml:eu.emsc/event/20041118_0000023/origin/BH819/mag/1</preferredMagnitudeID>
  <creationInfo>
    <agencyURI>smi:smi-registry/organization/EMSC</agencyURI>
    <authorURI>smi:smi-registry/organization/EMSC</authorURI>
    <creationTime>2014-12-01T12:29:11.136708Z</creationTime>
  </creationInfo>
  <description>
    <text>NORTHERN XINJIANG, CHINA</text>
    <type>Flinn-Engdahl region</type>
  </description>
  <origin publicID="quakeml:eu.emsc/event/20041118_0000023/origin/BH819">
    <time>
      <value>2004-11-18T21:38:13.5Z</value>
      <uncertainty>0.23</uncertainty>
    </time>
    <latitude>
      <value>44.31</value>
    </latitude>
    <longitude>
      <value>83.21</value>
    </longitude>
    <depth>
      <value>30000.0</value>
    </depth>
    <depthType>from location</depthType>
    <methodID>smi:eu.emsc-csem/origin_method/NA</methodID>
    <quality>
      <usedPhaseCount>47</usedPhaseCount>
      <usedStationCount>41</usedStationCount>
      <standardError>0.65</standardError>
      <azimuthalGap>196</azimuthalGap>
      <minimumDistance>9.69</minimumDistance>
      <maximumDistance>72.59</maximumDistance>
    </quality>
    <evaluationMode>automatic</evaluationMode>
    <creationInfo>
      <agencyURI>smi:smi-registry/organization/EMSC</agencyURI>
      <authorURI>smi:smi-registry/organization/EMSC</authorURI>
    </creationInfo>
  </origin>
  <magnitude publicID="quakeml:eu.emsc/event/20041118_0000023/origin/BH819/mag/1">
    <mag>
      <value>5.0</value>
      <uncertainty>0.6</uncertainty>
    </mag>
    <type>mb</type>
    <originID>quakeml:eu.emsc/event/20041118_0000023/origin/BH819</originID>
    <stationCount>23</stationCount>
    <creationInfo>
      <agencyURI>smi:smi-registry/organization/EMSC</agencyURI>
      <authorURI>smi:smi-registry/organization/EMSC</authorURI>
    </creationInfo>
  </magnitude>
</event>
<event publicID="quakeml:eu.emsc/event/20041118_0000022">
  <preferredOriginID>quakeml:eu.emsc/event/20041118_0000022/origin/BH822</preferredOriginID>
  <preferredMagnitudeID>quakeml:eu.emsc/event/20041118_0000022/origin/BH822/mag/1</preferredMagnitudeID>
  <creationInfo>
    <agencyURI>smi:smi-registry/organization/EMSC</agencyURI>
    <authorURI>smi:smi-registry/organization/EMSC</authorURI>
    <creationTime>2014-12-01T15:17:20.458022Z</creationTime>
  </creationInfo>
  <description>
    <text>KYRGYZSTAN</text>
    <type>Flinn-Engdahl region</type>
  </description>
  <origin publicID="quakeml:eu.emsc/event/20041118_0000022/origin/BH822">
    <time>
      <value>2004-11-18T21:19:01.8Z</value>
      <uncertainty>0.23</uncertainty>
    </time>
    <latitude>
      <value>39.44</value>
    </latitude>
    <longitude>
      <value>71.97</value>
    </longitude>
    <depth>
      <value>80000.0</value>
    </depth>
    <depthType>from location</depthType>
    <methodID>smi:eu.emsc-csem/origin_method/NA</methodID>
    <quality>
      <usedPhaseCount>100</usedPhaseCount>
      <usedStationCount>91</usedStationCount>
      <standardError>1.05</standardError>
      <azimuthalGap>218</azimuthalGap>
      <minimumDistance>3.72</minimumDistance>
      <maximumDistance>78.28</maximumDistance>
    </quality>
    <evaluationMode>automatic</evaluationMode>
    <creationInfo>
      <agencyURI>smi:smi-registry/organization/EMSC</agencyURI>
      <authorURI>smi:smi-registry/organization/EMSC</authorURI>
    </creationInfo>
  </origin>
  <magnitude publicID="quakeml:eu.emsc/event/20041118_0000022/origin/BH822/mag/1">
    <mag>
      <value>5.1</value>
      <uncertainty>0.3</uncertainty>
    </mag>
    <type>mb</type>
    <originID>quakeml:eu.emsc/event/20041118_0000022/origin/BH822</originID>
    <stationCount>53</stationCount>
    <creationInfo>
      <agencyURI>smi:smi-registry/organization/EMSC</agencyURI>
      <authorURI>smi:smi-registry/organization/EMSC</authorURI>
    </creationInfo>
  </magnitude>
</event>
<event publicID="quakeml:eu.emsc/event/20041118_0000021">
  <preferredOriginID>quakeml:eu.emsc/event/20041118_0000021/origin/BH817</preferredOriginID>
  <preferredMagnitudeID>quakeml:eu.emsc/event/20041118_0000021/origin/BH817/mag/1</preferredMagnitudeID>
  <creationInfo>
    <agencyURI>smi:smi-registry/organization/EMSC</agencyURI>
    <authorURI>smi:smi-registry/organization/EMSC</authorURI>
    <creationTime>2014-12-01T15:30:36.47535Z</creationTime>
  </creationInfo>
  <description>
    <text>NEAR S. COAST OF WESTERN HONSHU</text>
    <type>Flinn-Engdahl region</type>
  </description>
  <origin publicID="quakeml:eu.emsc/event/20041118_0000021/origin/BH817">
    <time>
      <value>2004-11-18T20:46:31.6Z</value>
      <uncertainty>0.28</uncertainty>
    </time>
    <latitude>
      <value>33.75</value>
    </latitude>
    <longitude>
      <value>136.99</value>
    </longitude>
    <depth>
      <value>33000.0</value>
    </depth>
    <depthType>from location</depthType>
    <methodID>smi:eu.emsc-csem/origin_method/NA</methodID>
    <quality>
      <usedPhaseCount>31</usedPhaseCount>
      <usedStationCount>24</usedStationCount>
      <standardError>0.88</standardError>
      <azimuthalGap>310</azimuthalGap>
      <minimumDistance>26.49</minimumDistance>
      <maximumDistance>84.01</maximumDistance>
    </quality>
    <evaluationMode>automatic</evaluationMode>
    <creationInfo>
      <agencyURI>smi:smi-registry/organization/EMSC</agencyURI>
      <authorURI>smi:smi-registry/organization/EMSC</authorURI>
    </creationInfo>
  </origin>
  <magnitude publicID="quakeml:eu.emsc/event/20041118_0000021/origin/BH817/mag/1">
    <mag>
      <value>5.2</value>
      <uncertainty>0.5</uncertainty>
    </mag>
    <type>mb</type>
    <originID>quakeml:eu.emsc/event/20041118_0000021/origin/BH817</originID>
    <stationCount>19</stationCount>
    <creationInfo>
      <agencyURI>smi:smi-registry/organization/EMSC</agencyURI>
      <authorURI>smi:smi-registry/organization/EMSC</authorURI>
    </creationInfo>
  </magnitude>
</event>
<event publicID="quakeml:eu.emsc/event/20041118_0000044">
  <preferredOriginID>quakeml:eu.emsc/event/20041118_0000044/origin/1292607</preferredOriginID>
  <preferredMagnitudeID>quakeml:eu.emsc/event/20041118_0000044/origin/1292607/mag/2</preferredMagnitudeID>
  <creationInfo>
    <agencyURI>smi:smi-registry/organization/EMSC</agencyURI>
    <authorURI>smi:smi-registry/organization/EMSC</authorURI>
    <creationTime>2014-12-11T06:09:16.110681Z</creationTime>
  </creationInfo>
  <description>
    <text>DODECANESE ISLANDS, GREECE</text>
    <type>Flinn-Engdahl region</type>
  </description>
  <origin publicID="quakeml:eu.emsc/event/20041118_0000044/origin/1292607">
    <time>
      <value>2004-11-18T19:29:27.7Z</value>
    </time>
    <latitude>
      <value>36.939</value>
      <uncertainty>9999.9</uncertainty>
    </latitude>
    <longitude>
      <value>27.641</value>
      <uncertainty>9999.9</uncertainty>
    </longitude>
    <depth>
      <value>12000</value>
    </depth>
    <depthType>from location</depthType>
    <methodID>smi:eu.emsc-csem/origin_method/NA</methodID>
    <quality>
      <usedPhaseCount>6</usedPhaseCount>
      <usedStationCount>4</usedStationCount>
      <standardError>0.98</standardError>
      <azimuthalGap>246</azimuthalGap>
      <minimumDistance>0.37</minimumDistance>
      <maximumDistance>1.49</maximumDistance>
    </quality>
    <evaluationMode>manual</evaluationMode>
    <creationInfo>
      <agencyURI>smi:smi-registry/organization/EMSC</agencyURI>
      <authorURI>smi:smi-registry/organization/EMSC</authorURI>
    </creationInfo>
    <originUncertainty>
      <azimuthMaxHorizontalUncertainty>-99</azimuthMaxHorizontalUncertainty>
    </originUncertainty>
  </origin>
  <magnitude publicID="quakeml:eu.emsc/event/20041118_0000044/origin/1292607/mag/2">
    <mag>
      <value>2.8</value>
    </mag>
    <type>MD</type>
    <originID>quakeml:eu.emsc/event/20041118_0000044/origin/1292607</originID>
    <creationInfo>
      <agencyURI>smi:smi-registry/organization/EMSC</agencyURI>
      <authorURI>smi:smi-registry/organization/EMSC</authorURI>
    </creationInfo>
  </magnitude>
</event>
<event publicID="quakeml:eu.emsc/event/20041118_0000028">
  <preferredOriginID>quakeml:eu.emsc/event/20041118_0000028/origin/1297169</preferredOriginID>
  <preferredMagnitudeID>quakeml:eu.emsc/event/20041118_0000028/origin/1297169/mag/2</preferredMagnitudeID>
  <creationInfo>
    <agencyURI>smi:smi-registry/organization/EMSC</agencyURI>
    <authorURI>smi:smi-registry/organization/EMSC</authorURI>
    <creationTime>2014-12-03T10:28:11.782194Z</creationTime>
  </creationInfo>
  <description>
    <text>AEGEAN SEA</text>
    <type>Flinn-Engdahl region</type>
  </description>
  <origin publicID="quakeml:eu.emsc/event/20041118_0000028/origin/1297169">
    <time>
      <value>2004-11-18T17:13:18.5Z</value>
      <uncertainty>0.18</uncertainty>
    </time>
    <latitude>
      <value>39.293</value>
      <uncertainty>4.8</uncertainty>
    </latitude>
    <longitude>
      <value>23.1366</value>
      <uncertainty>3.2</uncertainty>
    </longitude>
    <depth>
      <value>10000</value>
    </depth>
    <depthType>from location</depthType>
    <methodID>smi:eu.emsc-csem/origin_method/NA</methodID>
    <quality>
      <usedPhaseCount>26</usedPhaseCount>
      <usedStationCount>16</usedStationCount>
      <standardError>1.12</standardError>
      <azimuthalGap>78</azimuthalGap>
      <minimumDistance>0.07</minimumDistance>
      <maximumDistance>1.56</maximumDistance>
    </quality>
    <evaluationMode>manual</evaluationMode>
    <creationInfo>
      <agencyURI>smi:smi-registry/organization/EMSC</agencyURI>
      <authorURI>smi:smi-registry/organization/EMSC</authorURI>
    </creationInfo>
    <originUncertainty>
      <azimuthMaxHorizontalUncertainty>94</azimuthMaxHorizontalUncertainty>
    </originUncertainty>
  </origin>
  <magnitude publicID="quakeml:eu.emsc/event/20041118_0000028/origin/1297169/mag/2">
    <mag>
      <value>2.9</value>
    </mag>
    <type>ML</type>
    <originID>quakeml:eu.emsc/event/20041118_0000028/origin/1297169</originID>
    <creationInfo>
      <agencyURI>smi:smi-registry/organization/EMSC</agencyURI>
      <authorURI>smi:smi-registry/organization/EMSC</authorURI>
    </creationInfo>
  </magnitude>
</event>
<event publicID="quakeml:eu.emsc/event/20041118_0000029">
  <preferredOriginID>quakeml:eu.emsc/event/20041118_0000029/origin/1297171</preferredOriginID>
  <preferredMagnitudeID>quakeml:eu.emsc/event/20041118_0000029/origin/1297171/mag/2</preferredMagnitudeID>
  <creationInfo>
    <agencyURI>smi:smi-registry/organization/EMSC</agencyURI>
    <authorURI>smi:smi-registry/organization/EMSC</authorURI>
    <creationTime>2014-12-03T11:06:02.498694Z</creationTime>
  </creationInfo>
  <description>
    <text>CENTRAL ITALY</text>
    <type>Flinn-Engdahl region</type>
  </description>
  <origin publicID="quakeml:eu.emsc/event/20041118_0000029/origin/1297171">
    <time>
      <value>2004-11-18T16:47:40.7Z</value>
      <uncertainty>0.18</uncertainty>
    </time>
    <latitude>
      <value>43.1918</value>
      <uncertainty>5</uncertainty>
    </latitude>
    <longitude>
      <value>13.3943</value>
      <uncertainty>3.3</uncertainty>
    </longitude>
    <depth>
      <value>15000</value>
    </depth>
    <depthType>from location</depthType>
    <methodID>smi:eu.emsc-csem/origin_method/NA</methodID>
    <quality>
      <usedPhaseCount>27</usedPhaseCount>
      <usedStationCount>19</usedStationCount>
      <standardError>0.85</standardError>
      <azimuthalGap>124</azimuthalGap>
      <minimumDistance>0.23</minimumDistance>
      <maximumDistance>2.86</maximumDistance>
    </quality>
    <evaluationMode>manual</evaluationMode>
    <creationInfo>
      <agencyURI>smi:smi-registry/organization/EMSC</agencyURI>
      <authorURI>smi:smi-registry/organization/EMSC</authorURI>
    </creationInfo>
    <originUncertainty>
      <azimuthMaxHorizontalUncertainty>68</azimuthMaxHorizontalUncertainty>
    </originUncertainty>
  </origin>
  <magnitude publicID="quakeml:eu.emsc/event/20041118_0000029/origin/1297171/mag/2">
    <mag>
      <value>2.2</value>
    </mag>
    <type>ML</type>
    <originID>quakeml:eu.emsc/event/20041118_0000029/origin/1297171</originID>
    <stationCount>7</stationCount>
    <creationInfo>
      <agencyURI>smi:smi-registry/organization/EMSC</agencyURI>
      <authorURI>smi:smi-registry/organization/EMSC</authorURI>
    </creationInfo>
  </magnitude>
</event>
<event publicID="quakeml:eu.emsc/event/20041118_0000032">
  <preferredOriginID>quakeml:eu.emsc/event/20041118_0000032/origin/1297173</preferredOriginID>
  <preferredMagnitudeID>quakeml:eu.emsc/event/20041118_0000032/origin/1297173/mag/2</preferredMagnitudeID>
  <creationInfo>
    <agencyURI>smi:smi-registry/organization/EMSC</agencyURI>
    <authorURI>smi:smi-registry/organization/EMSC</authorURI>
    <creationTime>2014-12-03T11:22:53.35855Z</creationTime>
  </creationInfo>
  <description>
    <text>GERMANY</text>
    <type>Flinn-Engdahl region</type>
  </description>
  <origin publicID="quakeml:eu.emsc/event/20041118_0000032/origin/1297173">
    <time>
      <value>2004-11-18T14:23:45.9Z</value>
      <uncertainty>0.3</uncertainty>
    </time>
    <latitude>
      <value>50.8825</value>
      <uncertainty>7.2</uncertainty>
    </latitude>
    <longitude>
      <value>6.2111</value>
      <uncertainty>5.3</uncertainty>
    </longitude>
    <depth>
      <value>15000</value>
    </depth>
    <depthType>from location</depthType>
    <methodID>smi:eu.emsc-csem/origin_method/NA</methodID>
    <quality>
      <usedPhaseCount>8</usedPhaseCount>
      <usedStationCount>5</usedStationCount>
      <standardError>0.22</standardError>
      <azimuthalGap>309</azimuthalGap>
      <minimumDistance>0.21</minimumDistance>
      <maximumDistance>1.3</maximumDistance>
    </quality>
    <evaluationMode>manual</evaluationMode>
    <creationInfo>
      <agencyURI>smi:smi-registry/organization/EMSC</agencyURI>
      <authorURI>smi:smi-registry/organization/EMSC</authorURI>
    </creationInfo>
    <originUncertainty>
      <azimuthMaxHorizontalUncertainty>5</azimuthMaxHorizontalUncertainty>
    </originUncertainty>
  </origin>
  <magnitude publicID="quakeml:eu.emsc/event/20041118_0000032/origin/1297173/mag/2">
    <mag>
      <value>1.6</value>
    </mag>
    <type>ML</type>
    <originID>quakeml:eu.emsc/event/20041118_0000032/origin/1297173</originID>
    <creationInfo>
      <agencyURI>smi:smi-registry/organization/EMSC</agencyURI>
      <authorURI>smi:smi-registry/organization/EMSC</authorURI>
    </creationInfo>
  </magnitude>
</event>
<event publicID="quakeml:eu.emsc/event/20041118_0000020">
  <preferredOriginID>quakeml:eu.emsc/event/20041118_0000020/origin/BH921</preferredOriginID>
  <preferredMagnitudeID>quakeml:eu.emsc/event/20041118_0000020/origin/BH921/mag/1</preferredMagnitudeID>
  <creationInfo>
    <agencyURI>smi:smi-registry/organization/EMSC</agencyURI>
    <authorURI>smi:smi-registry/organization/EMSC</authorURI>
    <creationTime>2014-12-01T14:51:16.76109Z</creationTime>
  </creationInfo>
  <description>
    <text>BANDA SEA</text>
    <type>Flinn-Engdahl region</type>
  </description>
  <origin publicID="quakeml:eu.emsc/event/20041118_0000020/origin/BH921">
    <time>
      <value>2004-11-18T13:42:05.3Z</value>
      <uncertainty>0.13</uncertainty>
    </time>
    <latitude>
      <value>-7.72</value>
    </latitude>
    <longitude>
      <value>124.69</value>
    </longitude>
    <depth>
      <value>33000.0</value>
    </depth>
    <depthType>from location</depthType>
    <methodID>smi:eu.emsc-csem/origin_method/NA</methodID>
    <quality>
      <usedPhaseCount>56</usedPhaseCount>
      <usedStationCount>48</usedStationCount>
      <standardError>0.94</standardError>
      <azimuthalGap>76</azimuthalGap>
      <minimumDistance>40.49</minimumDistance>
      <maximumDistance>161.68</maximumDistance>
    </quality>
    <evaluationMode>automatic</evaluationMode>
    <creationInfo>
      <agencyURI>smi:smi-registry/organization/EMSC</agencyURI>
      <authorURI>smi:smi-registry/organization/EMSC</authorURI>
    </creationInfo>
  </origin>
  <magnitude publicID="quakeml:eu.emsc/event/20041118_0000020/origin/BH921/mag/1">
    <mag>
      <value>5.5</value>
      <uncertainty>0.4</uncertainty>
    </mag>
    <type>mb</type>
    <originID>quakeml:eu.emsc/event/20041118_0000020/origin/BH921</originID>
    <stationCount>20</stationCount>
    <creationInfo>
      <agencyURI>smi:smi-registry/organization/EMSC</agencyURI>
      <authorURI>smi:smi-registry/organization/EMSC</authorURI>
    </creationInfo>
  </magnitude>
</event>
<event publicID="quakeml:eu.emsc/event/20041118_0000047">
  <preferredOriginID>quakeml:eu.emsc/event/20041118_0000047/origin/1292609</preferredOriginID>
  <preferredMagnitudeID>quakeml:eu.emsc/event/20041118_0000047/origin/1292609/mag/2</preferredMagnitudeID>
  <creationInfo>
    <agencyURI>smi:smi-registry/organization/EMSC</agencyURI>
    <authorURI>smi:smi-registry/organization/EMSC</authorURI>
    <creationTime>2014-12-11T06:09:06.284608Z</creationTime>
  </creationInfo>
  <description>
    <text>ICELAND REGION</text>
    <type>Flinn-Engdahl region</type>
  </description>
  <origin publicID="quakeml:eu.emsc/event/20041118_0000047/origin/1292609">
    <time>
      <value>2004-11-18T12:44:20.3Z</value>
    </time>
    <latitude>
      <value>66.5157</value>
      <uncertainty>9999.9</uncertainty>
    </latitude>
    <longitude>
      <value>-17.5255</value>
      <uncertainty>9999.9</uncertainty>
    </longitude>
    <depth>
      <value>20300.0</value>
    </depth>
    <depthType>from location</depthType>
    <methodID>smi:eu.emsc-csem/origin_method/NA</methodID>
    <quality>
      <usedPhaseCount>42</usedPhaseCount>
      <usedStationCount>23</usedStationCount>
      <standardError>2.4</standardError>
      <azimuthalGap>186</azimuthalGap>
      <minimumDistance>0.2</minimumDistance>
      <maximumDistance>2.86</maximumDistance>
    </quality>
    <evaluationMode>manual</evaluationMode>
    <creationInfo>
      <agencyURI>smi:smi-registry/organization/EMSC</agencyURI>
      <authorURI>smi:smi-registry/organization/EMSC</authorURI>
    </creationInfo>
    <originUncertainty>
      <azimuthMaxHorizontalUncertainty>-99</azimuthMaxHorizontalUncertainty>
    </originUncertainty>
  </origin>
  <magnitude publicID="quakeml:eu.emsc/event/20041118_0000047/origin/1292609/mag/2">
    <mag>
      <value>3.5</value>
    </mag>
    <type>ML</type>
    <originID>quakeml:eu.emsc/event/20041118_0000047/origin/1292609</originID>
    <creationInfo>
      <agencyURI>smi:smi-registry/organization/EMSC</agencyURI>
      <authorURI>smi:smi-registry/organization/EMSC</authorURI>
    </creationInfo>
  </magnitude>
</event>
<event publicID="quakeml:eu.emsc/event/20041118_0000019">
  <preferredOriginID>quakeml:eu.emsc/event/20041118_0000019/origin/BH820</preferredOriginID>
  <preferredMagnitudeID>quakeml:eu.emsc/event/20041118_0000019/origin/BH820/mag/1</preferredMagnitudeID>
  <creationInfo>
    <agencyURI>smi:smi-registry/organization/EMSC</agencyURI>
    <authorURI>smi:smi-registry/organization/EMSC</authorURI>
    <creationTime>2014-12-01T13:20:56.685078Z</creationTime>
  </creationInfo>
  <description>
    <text>FIJI REGION</text>
    <type>Flinn-Engdahl region</type>
  </description>
  <origin publicID="quakeml:eu.emsc/event/20041118_0000019/origin/BH820">
    <time>
      <value>2004-11-18T12:27:05.4Z</value>
      <uncertainty>0.12</uncertainty>
    </time>
    <latitude>
      <value>-20.68</value>
    </latitude>
    <longitude>
      <value>-179.19</value>
    </longitude>
    <depth>
      <value>600000.0</value>
    </depth>
    <depthType>from location</depthType>
    <methodID>smi:eu.emsc-csem/origin_method/NA</methodID>
    <quality>
      <usedPhaseCount>139</usedPhaseCount>
      <usedStationCount>124</usedStationCount>
      <standardError>0.90</standardError>
      <azimuthalGap>88</azimuthalGap>
      <minimumDistance>9.77</minimumDistance>
      <maximumDistance>159.09</maximumDistance>
    </quality>
    <evaluationMode>automatic</evaluationMode>
    <creationInfo>
      <agencyURI>smi:smi-registry/organization/EMSC</agencyURI>
      <authorURI>smi:smi-registry/organization/EMSC</authorURI>
    </creationInfo>
  </origin>
  <magnitude publicID="quakeml:eu.emsc/event/20041118_0000019/origin/BH820/mag/1">
    <mag>
      <value>5.2</value>
      <uncertainty>0.4</uncertainty>
    </mag>
    <type>mb</type>
    <originID>quakeml:eu.emsc/event/20041118_0000019/origin/BH820</originID>
    <stationCount>35</stationCount>
    <creationInfo>
      <agencyURI>smi:smi-registry/organization/EMSC</agencyURI>
      <authorURI>smi:smi-registry/organization/EMSC</authorURI>
    </creationInfo>
  </magnitude>
</event>
<event publicID="quakeml:eu.emsc/event/20041118_0000039">
  <preferredOriginID>quakeml:eu.emsc/event/20041118_0000039/origin/1292611</preferredOriginID>
  <preferredMagnitudeID>quakeml:eu.emsc/event/20041118_0000039/origin/1292611/mag/2</preferredMagnitudeID>
  <creationInfo>
    <agencyURI>smi:smi-registry/organization/EMSC</agencyURI>
    <authorURI>smi:smi-registry/organization/EMSC</authorURI>
    <creationTime>2014-12-11T06:09:02.82266Z</creationTime>
  </creationInfo>
  <description>
    <text>WESTERN TURKEY</text>
    <type>Flinn-Engdahl region</type>
  </description>
  <origin publicID="quakeml:eu.emsc/event/20041118_0000039/origin/1292611">
    <time>
      <value>2004-11-18T12:06:05.0Z</value>
    </time>
    <latitude>
      <value>37.016</value>
      <uncertainty>9999.9</uncertainty>
    </latitude>
    <longitude>
      <value>27.821</value>
      <uncertainty>9999.9</uncertainty>
    </longitude>
    <depth>
      <value>5000</value>
    </depth>
    <depthType>from location</depthType>
    <methodID>smi:eu.emsc-csem/origin_method/NA</methodID>
    <quality>
      <usedPhaseCount>10</usedPhaseCount>
      <usedStationCount>9</usedStationCount>
      <standardError>1.78</standardError>
      <azimuthalGap>225</azimuthalGap>
      <minimumDistance>0.28</minimumDistance>
      <maximumDistance>1.88</maximumDistance>
    </quality>
    <evaluationMode>manual</evaluationMode>
    <creationInfo>
      <agencyURI>smi:smi-registry/organization/EMSC</agencyURI>
      <authorURI>smi:smi-registry/organization/EMSC</authorURI>
    </creationInfo>
    <originUncertainty>
      <azimuthMaxHorizontalUncertainty>-99</azimuthMaxHorizontalUncertainty>
    </originUncertainty>
  </origin>
  <magnitude publicID="quakeml:eu.emsc/event/20041118_0000039/origin/1292611/mag/2">
    <mag>
      <value>3.2</value>
    </mag>
    <type>MD</type>
    <originID>quakeml:eu.emsc/event/20041118_0000039/origin/1292611</originID>
    <creationInfo>
      <agencyURI>smi:smi-registry/organization/EMSC</agencyURI>
      <authorURI>smi:smi-registry/organization/EMSC</authorURI>
    </creationInfo>
  </magnitude>
</event>
<event publicID="quakeml:eu.emsc/event/20041118_0000018">
  <preferredOriginID>quakeml:eu.emsc/event/20041118_0000018/origin/BH989</preferredOriginID>
  <preferredMagnitudeID>quakeml:eu.emsc/event/20041118_0000018/origin/BH989/mag/1</preferredMagnitudeID>
  <creationInfo>
    <agencyURI>smi:smi-registry/organization/EMSC</agencyURI>
    <authorURI>smi:smi-registry/organization/OBN</authorURI>
    <creationTime>2014-12-01T13:08:12.968273Z</creationTime>
  </creationInfo>
  <description>
    <text>CENTRAL ALASKA</text>
    <type>Flinn-Engdahl region</type>
  </description>
  <origin publicID="quakeml:eu.emsc/event/20041118_0000018/origin/BH989">
    <time>
      <value>2004-11-18T12:05:26.8Z</value>
    </time>
    <latitude>
      <value>63.54</value>
    </latitude>
    <longitude>
      <value>-147.24</value>
    </longitude>
    <depth>
      <value>10000.0</value>
    </depth>
    <depthType>from location</depthType>
    <methodID>smi:eu.emsc-csem/origin_method/GEIGER</methodID>
    <quality>
      <usedPhaseCount>9</usedPhaseCount>
      <usedStationCount>9</usedStationCount>
      <azimuthalGap>184</azimuthalGap>
      <minimumDistance>1.37</minimumDistance>
      <maximumDistance>76.21</maximumDistance>
    </quality>
    <evaluationMode>manual</evaluationMode>
    <creationInfo>
      <agencyURI>smi:smi-registry/organization/EMSC</agencyURI>
      <authorURI>smi:smi-registry/organization/OBN</authorURI>
    </creationInfo>
  </origin>
  <magnitude publicID="quakeml:eu.emsc/event/20041118_0000018/origin/BH989/mag/1">
    <mag>
      <value>5.3</value>
    </mag>
    <type>mb</type>
    <originID>quakeml:eu.emsc/event/20041118_0000018/origin/BH989</originID>
    <creationInfo>
      <agencyURI>smi:smi-registry/organization/EMSC</agencyURI>
      <authorURI>smi:smi-registry/organization/OBN</authorURI>
    </creationInfo>
  </magnitude>
</event>
<event publicID="quakeml:eu.emsc/event/20041118_0000024">
  <preferredOriginID>quakeml:eu.emsc/event/20041118_0000024/origin/1292613</preferredOriginID>
  <preferredMagnitudeID>quakeml:eu.emsc/event/20041118_0000024/origin/1292613/mag/2</preferredMagnitudeID>
  <creationInfo>
    <agencyURI>smi:smi-registry/organization/EMSC</agencyURI>
    <authorURI>smi:smi-registry/organization/EMSC</authorURI>
    <creationTime>2014-12-11T06:08:59.771244Z</creationTime>
  </creationInfo>
  <description>
    <text>NORTHERN ALGERIA</text>
    <type>Flinn-Engdahl region</type>
  </description>
  <origin publicID="quakeml:eu.emsc/event/20041118_0000024/origin/1292613">
    <time>
      <value>2004-11-18T11:46:58.1Z</value>
    </time>
    <latitude>
      <value>36.533</value>
      <uncertainty>9999.9</uncertainty>
    </latitude>
    <longitude>
      <value>3.144</value>
      <uncertainty>9999.9</uncertainty>
    </longitude>
    <depth>
      <value>0</value>
    </depth>
    <depthType>from location</depthType>
    <methodID>smi:eu.emsc-csem/origin_method/NA</methodID>
    <quality>
      <usedPhaseCount>4</usedPhaseCount>
      <usedStationCount>4</usedStationCount>
      <standardError>9.83</standardError>
      <azimuthalGap>153</azimuthalGap>
      <minimumDistance>0.28</minimumDistance>
      <maximumDistance>1.32</maximumDistance>
    </quality>
    <evaluationMode>manual</evaluationMode>
    <creationInfo>
      <agencyURI>smi:smi-registry/organization/EMSC</agencyURI>
      <authorURI>smi:smi-registry/organization/EMSC</authorURI>
    </creationInfo>
    <originUncertainty>
      <azimuthMaxHorizontalUncertainty>-99</azimuthMaxHorizontalUncertainty>
    </originUncertainty>
  </origin>
  <magnitude publicID="quakeml:eu.emsc/event/20041118_0000024/origin/1292613/mag/2">
    <mag>
      <value>3.1</value>
    </mag>
    <type>ML</type>
    <originID>quakeml:eu.emsc/event/20041118_0000024/origin/1292613</originID>
    <creationInfo>
      <agencyURI>smi:smi-registry/organization/EMSC</agencyURI>
      <authorURI>smi:smi-registry/organization/EMSC</authorURI>
    </creationInfo>
  </magnitude>
</event>
<event publicID="quakeml:eu.emsc/event/20041118_0000037">
  <preferredOriginID>quakeml:eu.emsc/event/20041118_0000037/origin/1292615</preferredOriginID>
  <preferredMagnitudeID>quakeml:eu.emsc/event/20041118_0000037/origin/1292615/mag/2</preferredMagnitudeID>
  <creationInfo>
    <agencyURI>smi:smi-registry/organization/EMSC</agencyURI>
    <authorURI>smi:smi-registry/organization/EMSC</authorURI>
    <creationTime>2014-12-10T18:20:37.799513Z</creationTime>
  </creationInfo>
  <description>
    <text>SWITZERLAND</text>
    <type>Flinn-Engdahl region</type>
  </description>
  <origin publicID="quakeml:eu.emsc/event/20041118_0000037/origin/1292615">
    <time>
      <value>2004-11-18T11:25:58.1Z</value>
    </time>
    <latitude>
      <value>46.19</value>
      <uncertainty>9999.9</uncertainty>
    </latitude>
    <longitude>
      <value>7.486</value>
      <uncertainty>9999.9</uncertainty>
    </longitude>
    <depth>
      <value>5400.0</value>
    </depth>
    <depthType>from location</depthType>
    <methodID>smi:eu.emsc-csem/origin_method/NA</methodID>
    <quality>
      <usedPhaseCount>5</usedPhaseCount>
      <usedStationCount>4</usedStationCount>
      <standardError>0.24</standardError>
      <azimuthalGap>149</azimuthalGap>
      <minimumDistance>0.12</minimumDistance>
      <maximumDistance>0.36</maximumDistance>
    </quality>
    <evaluationMode>manual</evaluationMode>
    <creationInfo>
      <agencyURI>smi:smi-registry/organization/EMSC</agencyURI>
      <authorURI>smi:smi-registry/organization/EMSC</authorURI>
    </creationInfo>
    <originUncertainty>
      <azimuthMaxHorizontalUncertainty>-99</azimuthMaxHorizontalUncertainty>
    </originUncertainty>
  </origin>
  <magnitude publicID="quakeml:eu.emsc/event/20041118_0000037/origin/1292615/mag/2">
    <mag>
      <value>1.1</value>
    </mag>
    <type>ML</type>
    <originID>quakeml:eu.emsc/event/20041118_0000037/origin/1292615</originID>
    <stationCount>5</stationCount>
    <creationInfo>
      <agencyURI>smi:smi-registry/organization/EMSC</agencyURI>
      <authorURI>smi:smi-registry/organization/EMSC</authorURI>
    </creationInfo>
  </magnitude>
</event>
<event publicID="quakeml:eu.emsc/event/20041118_0000048">
  <preferredOriginID>quakeml:eu.emsc/event/20041118_0000048/origin/1297175</preferredOriginID>
  <preferredMagnitudeID>quakeml:eu.emsc/event/20041118_0000048/origin/1297175/mag/2</preferredMagnitudeID>
  <creationInfo>
    <agencyURI>smi:smi-registry/organization/EMSC</agencyURI>
    <authorURI>smi:smi-registry/organization/EMSC</authorURI>
    <creationTime>2014-12-03T11:45:16.48016Z</creationTime>
  </creationInfo>
  <description>
    <text>WESTERN TURKEY</text>
    <type>Flinn-Engdahl region</type>
  </description>
  <origin publicID="quakeml:eu.emsc/event/20041118_0000048/origin/1297175">
    <time>
      <value>2004-11-18T10:58:59.0Z</value>
      <uncertainty>0.32</uncertainty>
    </time>
    <latitude>
      <value>39.6368</value>
      <uncertainty>6.4</uncertainty>
    </latitude>
    <longitude>
      <value>29.4258</value>
      <uncertainty>4</uncertainty>
    </longitude>
    <depth>
      <value>0</value>
      <uncertainty>3.2</uncertainty>
    </depth>
    <depthType>from location</depthType>
    <methodID>smi:eu.emsc-csem/origin_method/NA</methodID>
    <quality>
      <usedPhaseCount>16</usedPhaseCount>
      <usedStationCount>14</usedStationCount>
      <standardError>0.59</standardError>
      <azimuthalGap>101</azimuthalGap>
      <minimumDistance>0.58</minimumDistance>
      <maximumDistance>11.93</maximumDistance>
    </quality>
    <evaluationMode>manual</evaluationMode>
    <creationInfo>
      <agencyURI>smi:smi-registry/organization/EMSC</agencyURI>
      <authorURI>smi:smi-registry/organization/EMSC</authorURI>
    </creationInfo>
    <originUncertainty>
      <azimuthMaxHorizontalUncertainty>17</azimuthMaxHorizontalUncertainty>
    </originUncertainty>
  </origin>
  <magnitude publicID="quakeml:eu.emsc/event/20041118_0000048/origin/1297175/mag/2">
    <mag>
      <value>2.9</value>
    </mag>
    <type>MD</type>
    <originID>quakeml:eu.emsc/event/20041118_0000048/origin/1297175</originID>
    <creationInfo>
      <agencyURI>smi:smi-registry/organization/EMSC</agencyURI>
      <authorURI>smi:smi-registry/organization/EMSC</authorURI>
    </creationInfo>
  </magnitude>
</event>
<event publicID="quakeml:eu.emsc/event/20041118_0000033">
  <preferredOriginID>quakeml:eu.emsc/event/20041118_0000033/origin/1292617</preferredOriginID>
  <preferredMagnitudeID>quakeml:eu.emsc/event/20041118_0000033/origin/1292617/mag/2</preferredMagnitudeID>
  <creationInfo>
    <agencyURI>smi:smi-registry/organization/EMSC</agencyURI>
    <authorURI>smi:smi-registry/organization/EMSC</authorURI>
    <creationTime>2014-12-11T06:08:57.437742Z</creationTime>
  </creationInfo>
  <description>
    <text>AZORES ISLANDS, PORTUGAL</text>
    <type>Flinn-Engdahl region</type>
  </description>
  <origin publicID="quakeml:eu.emsc/event/20041118_0000033/origin/1292617">
    <time>
      <value>2004-11-18T10:44:36.8Z</value>
    </time>
    <latitude>
      <value>38.632</value>
      <uncertainty>9999.9</uncertainty>
    </latitude>
    <longitude>
      <value>-29.265</value>
      <uncertainty>9999.9</uncertainty>
    </longitude>
    <depth>
      <value>1000</value>
    </depth>
    <depthType>from location</depthType>
    <methodID>smi:eu.emsc-csem/origin_method/NA</methodID>
    <quality>
      <usedPhaseCount>9</usedPhaseCount>
      <usedStationCount>5</usedStationCount>
      <standardError>1.69</standardError>
      <azimuthalGap>341</azimuthalGap>
      <minimumDistance>0.44</minimumDistance>
      <maximumDistance>0.92</maximumDistance>
    </quality>
    <evaluationMode>manual</evaluationMode>
    <creationInfo>
      <agencyURI>smi:smi-registry/organization/EMSC</agencyURI>
      <authorURI>smi:smi-registry/organization/EMSC</authorURI>
    </creationInfo>
    <originUncertainty>
      <azimuthMaxHorizontalUncertainty>-99</azimuthMaxHorizontalUncertainty>
    </originUncertainty>
  </origin>
  <magnitude publicID="quakeml:eu.emsc/event/20041118_0000033/origin/1292617/mag/2">
    <mag>
      <value>2.3</value>
    </mag>
    <type>ML</type>
    <originID>quakeml:eu.emsc/event/20041118_0000033/origin/1292617</originID>
    <creationInfo>
      <agencyURI>smi:smi-registry/organization/EMSC</agencyURI>
      <authorURI>smi:smi-registry/organization/EMSC</authorURI>
    </creationInfo>
  </magnitude>
</event>
<event publicID="quakeml:eu.emsc/event/20041118_0000027">
  <preferredOriginID>quakeml:eu.emsc/event/20041118_0000027/origin/1292619</preferredOriginID>
  <preferredMagnitudeID>quakeml:eu.emsc/event/20041118_0000027/origin/1292619/mag/2</preferredMagnitudeID>
  <creationInfo>
    <agencyURI>smi:smi-registry/organization/EMSC</agencyURI>
    <authorURI>smi:smi-registry/organization/EMSC</authorURI>
    <creationTime>2014-12-11T06:08:54.495082Z</creationTime>
  </creationInfo>
  <description>
    <text>AZORES ISLANDS, PORTUGAL</text>
    <type>Flinn-Engdahl region</type>
  </description>
  <origin publicID="quakeml:eu.emsc/event/20041118_0000027/origin/1292619">
    <time>
      <value>2004-11-18T08:17:13.4Z</value>
    </time>
    <latitude>
      <value>38.842</value>
      <uncertainty>9999.9</uncertainty>
    </latitude>
    <longitude>
      <value>-29.471</value>
      <uncertainty>9999.9</uncertainty>
    </longitude>
    <depth>
      <value>0</value>
    </depth>
    <depthType>from location</depthType>
    <methodID>smi:eu.emsc-csem/origin_method/NA</methodID>
    <quality>
      <usedPhaseCount>7</usedPhaseCount>
      <usedStationCount>4</usedStationCount>
      <standardError>2.12</standardError>
      <azimuthalGap>343</azimuthalGap>
      <minimumDistance>0.64</minimumDistance>
      <maximumDistance>0.97</maximumDistance>
    </quality>
    <evaluationMode>manual</evaluationMode>
    <creationInfo>
      <agencyURI>smi:smi-registry/organization/EMSC</agencyURI>
      <authorURI>smi:smi-registry/organization/EMSC</authorURI>
    </creationInfo>
    <originUncertainty>
      <azimuthMaxHorizontalUncertainty>-99</azimuthMaxHorizontalUncertainty>
    </originUncertainty>
  </origin>
  <magnitude publicID="quakeml:eu.emsc/event/20041118_0000027/origin/1292619/mag/2">
    <mag>
      <value>3.2</value>
    </mag>
    <type>MD</type>
    <originID>quakeml:eu.emsc/event/20041118_0000027/origin/1292619</originID>
    <creationInfo>
      <agencyURI>smi:smi-registry/organization/EMSC</agencyURI>
      <authorURI>smi:smi-registry/organization/EMSC</authorURI>
    </creationInfo>
  </magnitude>
</event>
<event publicID="quakeml:eu.emsc/event/20041118_0000041">
  <preferredOriginID>quakeml:eu.emsc/event/20041118_0000041/origin/1292621</preferredOriginID>
  <preferredMagnitudeID>quakeml:eu.emsc/event/20041118_0000041/origin/1292621/mag/2</preferredMagnitudeID>
  <creationInfo>
    <agencyURI>smi:smi-registry/organization/EMSC</agencyURI>
    <authorURI>smi:smi-registry/organization/EMSC</authorURI>
    <creationTime>2014-12-11T06:08:52.57468Z</creationTime>
  </creationInfo>
  <description>
    <text>CENTRAL TURKEY</text>
    <type>Flinn-Engdahl region</type>
  </description>
  <origin publicID="quakeml:eu.emsc/event/20041118_0000041/origin/1292621">
    <time>
      <value>2004-11-18T07:59:12.7Z</value>
    </time>
    <latitude>
      <value>40.509</value>
      <uncertainty>9999.9</uncertainty>
    </latitude>
    <longitude>
      <value>33.011</value>
      <uncertainty>9999.9</uncertainty>
    </longitude>
    <depth>
      <value>5000</value>
    </depth>
    <depthType>from location</depthType>
    <methodID>smi:eu.emsc-csem/origin_method/NA</methodID>
    <quality>
      <usedPhaseCount>15</usedPhaseCount>
      <usedStationCount>13</usedStationCount>
      <standardError>1.79</standardError>
      <azimuthalGap>72</azimuthalGap>
      <minimumDistance>0.47</minimumDistance>
      <maximumDistance>2.7</maximumDistance>
    </quality>
    <evaluationMode>manual</evaluationMode>
    <creationInfo>
      <agencyURI>smi:smi-registry/organization/EMSC</agencyURI>
      <authorURI>smi:smi-registry/organization/EMSC</authorURI>
    </creationInfo>
    <originUncertainty>
      <azimuthMaxHorizontalUncertainty>-99</azimuthMaxHorizontalUncertainty>
    </originUncertainty>
  </origin>
  <magnitude publicID="quakeml:eu.emsc/event/20041118_0000041/origin/1292621/mag/2">
    <mag>
      <value>3.3</value>
    </mag>
    <type>MD</type>
    <originID>quakeml:eu.emsc/event/20041118_0000041/origin/1292621</originID>
    <creationInfo>
      <agencyURI>smi:smi-registry/organization/EMSC</agencyURI>
      <authorURI>smi:smi-registry/organization/EMSC</authorURI>
    </creationInfo>
  </magnitude>
</event>
<event publicID="quakeml:eu.emsc/event/20041118_0000017">
  <preferredOriginID>quakeml:eu.emsc/event/20041118_0000017/origin/BH823</preferredOriginID>
  <preferredMagnitudeID>quakeml:eu.emsc/event/20041118_0000017/origin/BH823/mag/1</preferredMagnitudeID>
  <creationInfo>
    <agencyURI>smi:smi-registry/organization/EMSC</agencyURI>
    <authorURI>smi:smi-registry/organization/EMSC</authorURI>
    <creationTime>2014-12-01T12:54:55.591822Z</creationTime>
  </creationInfo>
  <description>
    <text>NORTHWEST OF KURIL ISLANDS</text>
    <type>Flinn-Engdahl region</type>
  </description>
  <origin publicID="quakeml:eu.emsc/event/20041118_0000017/origin/BH823">
    <time>
      <value>2004-11-18T06:09:30.9Z</value>
      <uncertainty>0.34</uncertainty>
    </time>
    <latitude>
      <value>48.21</value>
    </latitude>
    <longitude>
      <value>149.08</value>
    </longitude>
    <depth>
      <value>269000.0</value>
      <uncertainty>2.5</uncertainty>
    </depth>
    <depthType>from location</depthType>
    <methodID>smi:eu.emsc-csem/origin_method/NA</methodID>
    <quality>
      <usedPhaseCount>81</usedPhaseCount>
      <usedStationCount>69</usedStationCount>
      <standardError>0.64</standardError>
      <azimuthalGap>199</azimuthalGap>
      <minimumDistance>4.46</minimumDistance>
      <maximumDistance>85.41</maximumDistance>
    </quality>
    <evaluationMode>automatic</evaluationMode>
    <creationInfo>
      <agencyURI>smi:smi-registry/organization/EMSC</agencyURI>
      <authorURI>smi:smi-registry/organization/EMSC</authorURI>
    </creationInfo>
  </origin>
  <magnitude publicID="quakeml:eu.emsc/event/20041118_0000017/origin/BH823/mag/1">
    <mag>
      <value>4.8</value>
      <uncertainty>0.4</uncertainty>
    </mag>
    <type>mb</type>
    <originID>quakeml:eu.emsc/event/20041118_0000017/origin/BH823</originID>
    <stationCount>54</stationCount>
    <creationInfo>
      <agencyURI>smi:smi-registry/organization/EMSC</agencyURI>
      <authorURI>smi:smi-registry/organization/EMSC</authorURI>
    </creationInfo>
  </magnitude>
</event>
<event publicID="quakeml:eu.emsc/event/20041118_0000038">
  <preferredOriginID>quakeml:eu.emsc/event/20041118_0000038/origin/1296496</preferredOriginID>
  <preferredMagnitudeID>quakeml:eu.emsc/event/20041118_0000038/origin/1296496/mag/2</preferredMagnitudeID>
  <creationInfo>
    <agencyURI>smi:smi-registry/organization/EMSC</agencyURI>
    <authorURI>smi:smi-registry/organization/EMSC</authorURI>
    <creationTime>2014-12-03T11:24:48.760901Z</creationTime>
  </creationInfo>
  <description>
    <text>PYRENEES</text>
    <type>Flinn-Engdahl region</type>
  </description>
  <origin publicID="quakeml:eu.emsc/event/20041118_0000038/origin/1296496">
    <time>
      <value>2004-11-18T05:43:40.8Z</value>
      <uncertainty>0.81</uncertainty>
    </time>
    <latitude>
      <value>42.7248</value>
      <uncertainty>21.2</uncertainty>
    </latitude>
    <longitude>
      <value>-0.2699</value>
      <uncertainty>3.8</uncertainty>
    </longitude>
    <depth>
      <value>2000</value>
    </depth>
    <depthType>from location</depthType>
    <methodID>smi:eu.emsc-csem/origin_method/NA</methodID>
    <quality>
      <usedPhaseCount>10</usedPhaseCount>
      <usedStationCount>5</usedStationCount>
      <standardError>0.63</standardError>
      <azimuthalGap>237</azimuthalGap>
      <minimumDistance>0.24</minimumDistance>
      <maximumDistance>0.8</maximumDistance>
    </quality>
    <evaluationMode>manual</evaluationMode>
    <creationInfo>
      <agencyURI>smi:smi-registry/organization/EMSC</agencyURI>
      <authorURI>smi:smi-registry/organization/EMSC</authorURI>
    </creationInfo>
    <originUncertainty>
      <azimuthMaxHorizontalUncertainty>177</azimuthMaxHorizontalUncertainty>
    </originUncertainty>
  </origin>
  <magnitude publicID="quakeml:eu.emsc/event/20041118_0000038/origin/1296496/mag/2">
    <mag>
      <value>2.2</value>
    </mag>
    <type>ML</type>
    <originID>quakeml:eu.emsc/event/20041118_0000038/origin/1296496</originID>
    <creationInfo>
      <agencyURI>smi:smi-registry/organization/EMSC</agencyURI>
      <authorURI>smi:smi-registry/organization/EMSC</authorURI>
    </creationInfo>
  </magnitude>
</event>
<event publicID="quakeml:eu.emsc/event/20041118_0000042">
  <preferredOriginID>quakeml:eu.emsc/event/20041118_0000042/origin/1297177</preferredOriginID>
  <preferredMagnitudeID>quakeml:eu.emsc/event/20041118_0000042/origin/1297177/mag/2</preferredMagnitudeID>
  <creationInfo>
    <agencyURI>smi:smi-registry/organization/EMSC</agencyURI>
    <authorURI>smi:smi-registry/organization/EMSC</authorURI>
    <creationTime>2014-12-03T11:37:44.574507Z</creationTime>
  </creationInfo>
  <description>
    <text>SOUTHERN ITALY</text>
    <type>Flinn-Engdahl region</type>
  </description>
  <origin publicID="quakeml:eu.emsc/event/20041118_0000042/origin/1297177">
    <time>
      <value>2004-11-18T04:25:49.7Z</value>
      <uncertainty>0.4</uncertainty>
    </time>
    <latitude>
      <value>39.451</value>
      <uncertainty>12</uncertainty>
    </latitude>
    <longitude>
      <value>16.2305</value>
      <uncertainty>7.3</uncertainty>
    </longitude>
    <depth>
      <value>2000</value>
    </depth>
    <depthType>from location</depthType>
    <methodID>smi:eu.emsc-csem/origin_method/NA</methodID>
    <quality>
      <usedPhaseCount>10</usedPhaseCount>
      <usedStationCount>7</usedStationCount>
      <standardError>0.9</standardError>
      <azimuthalGap>170</azimuthalGap>
      <minimumDistance>0.63</minimumDistance>
      <maximumDistance>1.63</maximumDistance>
    </quality>
    <evaluationMode>manual</evaluationMode>
    <creationInfo>
      <agencyURI>smi:smi-registry/organization/EMSC</agencyURI>
      <authorURI>smi:smi-registry/organization/EMSC</authorURI>
    </creationInfo>
    <originUncertainty>
      <azimuthMaxHorizontalUncertainty>82</azimuthMaxHorizontalUncertainty>
    </originUncertainty>
  </origin>
  <magnitude publicID="quakeml:eu.emsc/event/20041118_0000042/origin/1297177/mag/2">
    <mag>
      <value>2</value>
    </mag>
    <type>ML</type>
    <originID>quakeml:eu.emsc/event/20041118_0000042/origin/1297177</originID>
    <stationCount>5</stationCount>
    <creationInfo>
      <agencyURI>smi:smi-registry/organization/EMSC</agencyURI>
      <authorURI>smi:smi-registry/organization/EMSC</authorURI>
    </creationInfo>
  </magnitude>
</event>
<event publicID="quakeml:eu.emsc/event/20041118_0000049">
  <preferredOriginID>quakeml:eu.emsc/event/20041118_0000049/origin/1296499</preferredOriginID>
  <preferredMagnitudeID>quakeml:eu.emsc/event/20041118_0000049/origin/1296499/mag/1</preferredMagnitudeID>
  <creationInfo>
    <agencyURI>smi:smi-registry/organization/EMSC</agencyURI>
    <authorURI>smi:smi-registry/organization/EMSC</authorURI>
    <creationTime>2014-12-03T12:09:24.839054Z</creationTime>
  </creationInfo>
  <description>
    <text>LIGURIAN SEA</text>
    <type>Flinn-Engdahl region</type>
  </description>
  <origin publicID="quakeml:eu.emsc/event/20041118_0000049/origin/1296499">
    <time>
      <value>2004-11-18T04:22:46.1Z</value>
      <uncertainty>0.35</uncertainty>
    </time>
    <latitude>
      <value>43.2148</value>
      <uncertainty>8.7</uncertainty>
    </latitude>
    <longitude>
      <value>8.0771</value>
      <uncertainty>5.6</uncertainty>
    </longitude>
    <depth>
      <value>15000</value>
    </depth>
    <depthType>from location</depthType>
    <methodID>smi:eu.emsc-csem/origin_method/NA</methodID>
    <quality>
      <usedPhaseCount>31</usedPhaseCount>
      <usedStationCount>17</usedStationCount>
      <standardError>1.14</standardError>
      <azimuthalGap>156</azimuthalGap>
      <minimumDistance>0.74</minimumDistance>
      <maximumDistance>4.28</maximumDistance>
    </quality>
    <evaluationMode>manual</evaluationMode>
    <creationInfo>
      <agencyURI>smi:smi-registry/organization/EMSC</agencyURI>
      <authorURI>smi:smi-registry/organization/EMSC</authorURI>
    </creationInfo>
    <originUncertainty>
      <azimuthMaxHorizontalUncertainty>51</azimuthMaxHorizontalUncertainty>
    </originUncertainty>
  </origin>
  <magnitude publicID="quakeml:eu.emsc/event/20041118_0000049/origin/1296499/mag/1">
    <mag>
      <value>2.3</value>
      <uncertainty>0.3</uncertainty>
    </mag>
    <type>ML</type>
    <originID>quakeml:eu.emsc/event/20041118_0000049/origin/1296499</originID>
    <stationCount>9</stationCount>
    <creationInfo>
      <agencyURI>smi:smi-registry/organization/EMSC</agencyURI>
      <authorURI>smi:smi-registry/organization/EMSC</authorURI>
    </creationInfo>
  </magnitude>
</event>
<event publicID="quakeml:eu.emsc/event/20041118_0000026">
  <preferredOriginID>quakeml:eu.emsc/event/20041118_0000026/origin/1292623</preferredOriginID>
  <preferredMagnitudeID>quakeml:eu.emsc/event/20041118_0000026/origin/1292623/mag/2</preferredMagnitudeID>
  <creationInfo>
    <agencyURI>smi:smi-registry/organization/EMSC</agencyURI>
    <authorURI>smi:smi-registry/organization/EMSC</authorURI>
    <creationTime>2014-12-11T06:08:46.205093Z</creationTime>
  </creationInfo>
  <description>
    <text>WESTERN TURKEY</text>
    <type>Flinn-Engdahl region</type>
  </description>
  <origin publicID="quakeml:eu.emsc/event/20041118_0000026/origin/1292623">
    <time>
      <value>2004-11-18T04:01:37.1Z</value>
    </time>
    <latitude>
      <value>37.096</value>
      <uncertainty>9999.9</uncertainty>
    </latitude>
    <longitude>
      <value>27.854</value>
      <uncertainty>9999.9</uncertainty>
    </longitude>
    <depth>
      <value>5000</value>
    </depth>
    <depthType>from location</depthType>
    <methodID>smi:eu.emsc-csem/origin_method/NA</methodID>
    <quality>
      <usedPhaseCount>8</usedPhaseCount>
      <usedStationCount>6</usedStationCount>
      <standardError>1.8</standardError>
      <azimuthalGap>223</azimuthalGap>
      <minimumDistance>0.34</minimumDistance>
      <maximumDistance>1.78</maximumDistance>
    </quality>
    <evaluationMode>manual</evaluationMode>
    <creationInfo>
      <agencyURI>smi:smi-registry/organization/EMSC</agencyURI>
      <authorURI>smi:smi-registry/organization/EMSC</authorURI>
    </creationInfo>
    <originUncertainty>
      <azimuthMaxHorizontalUncertainty>-99</azimuthMaxHorizontalUncertainty>
    </originUncertainty>
  </origin>
  <magnitude publicID="quakeml:eu.emsc/event/20041118_0000026/origin/1292623/mag/2">
    <mag>
      <value>3.1</value>
    </mag>
    <type>MD</type>
    <originID>quakeml:eu.emsc/event/20041118_0000026/origin/1292623</originID>
    <creationInfo>
      <agencyURI>smi:smi-registry/organization/EMSC</agencyURI>
      <authorURI>smi:smi-registry/organization/EMSC</authorURI>
    </creationInfo>
  </magnitude>
</event>
<event publicID="quakeml:eu.emsc/event/20041118_0000030">
  <preferredOriginID>quakeml:eu.emsc/event/20041118_0000030/origin/1292625</preferredOriginID>
  <preferredMagnitudeID>quakeml:eu.emsc/event/20041118_0000030/origin/1292625/mag/2</preferredMagnitudeID>
  <creationInfo>
    <agencyURI>smi:smi-registry/organization/EMSC</agencyURI>
    <authorURI>smi:smi-registry/organization/EMSC</authorURI>
    <creationTime>2014-12-11T06:08:40.369349Z</creationTime>
  </creationInfo>
  <description>
    <text>WESTERN TURKEY</text>
    <type>Flinn-Engdahl region</type>
  </description>
  <origin publicID="quakeml:eu.emsc/event/20041118_0000030/origin/1292625">
    <time>
      <value>2004-11-18T03:19:27.6Z</value>
    </time>
    <latitude>
      <value>37.26</value>
      <uncertainty>9999.9</uncertainty>
    </latitude>
    <longitude>
      <value>28.168</value>
      <uncertainty>9999.9</uncertainty>
    </longitude>
    <depth>
      <value>8000</value>
    </depth>
    <depthType>from location</depthType>
    <methodID>smi:eu.emsc-csem/origin_method/NA</methodID>
    <quality>
      <usedPhaseCount>11</usedPhaseCount>
      <usedStationCount>10</usedStationCount>
      <standardError>0.64</standardError>
      <azimuthalGap>132</azimuthalGap>
      <minimumDistance>0.16</minimumDistance>
      <maximumDistance>2.36</maximumDistance>
    </quality>
    <evaluationMode>manual</evaluationMode>
    <creationInfo>
      <agencyURI>smi:smi-registry/organization/EMSC</agencyURI>
      <authorURI>smi:smi-registry/organization/EMSC</authorURI>
    </creationInfo>
    <originUncertainty>
      <azimuthMaxHorizontalUncertainty>-99</azimuthMaxHorizontalUncertainty>
    </originUncertainty>
  </origin>
  <magnitude publicID="quakeml:eu.emsc/event/20041118_0000030/origin/1292625/mag/2">
    <mag>
      <value>3</value>
    </mag>
    <type>MD</type>
    <originID>quakeml:eu.emsc/event/20041118_0000030/origin/1292625</originID>
    <creationInfo>
      <agencyURI>smi:smi-registry/organization/EMSC</agencyURI>
      <authorURI>smi:smi-registry/organization/EMSC</authorURI>
    </creationInfo>
  </magnitude>
</event>
<event publicID="quakeml:eu.emsc/event/20041118_0000035">
  <preferredOriginID>quakeml:eu.emsc/event/20041118_0000035/origin/1297187</preferredOriginID>
  <preferredMagnitudeID>quakeml:eu.emsc/event/20041118_0000035/origin/1297187/mag/1</preferredMagnitudeID>
  <creationInfo>
    <agencyURI>smi:smi-registry/organization/EMSC</agencyURI>
    <authorURI>smi:smi-registry/organization/EMSC</authorURI>
    <creationTime>2014-12-03T10:51:08.387058Z</creationTime>
  </creationInfo>
  <description>
    <text>SPAIN</text>
    <type>Flinn-Engdahl region</type>
  </description>
  <origin publicID="quakeml:eu.emsc/event/20041118_0000035/origin/1297187">
    <time>
      <value>2004-11-18T03:01:57.3Z</value>
      <uncertainty>0.18</uncertainty>
    </time>
    <latitude>
      <value>38.0941</value>
      <uncertainty>5</uncertainty>
    </latitude>
    <longitude>
      <value>-2.4148</value>
      <uncertainty>3</uncertainty>
    </longitude>
    <depth>
      <value>5000</value>
    </depth>
    <depthType>from location</depthType>
    <methodID>smi:eu.emsc-csem/origin_method/NA</methodID>
    <quality>
      <usedPhaseCount>38</usedPhaseCount>
      <usedStationCount>20</usedStationCount>
      <standardError>0.9</standardError>
      <azimuthalGap>92</azimuthalGap>
      <minimumDistance>0.55</minimumDistance>
      <maximumDistance>4.31</maximumDistance>
    </quality>
    <evaluationMode>manual</evaluationMode>
    <creationInfo>
      <agencyURI>smi:smi-registry/organization/EMSC</agencyURI>
      <authorURI>smi:smi-registry/organization/EMSC</authorURI>
    </creationInfo>
    <originUncertainty>
      <azimuthMaxHorizontalUncertainty>149</azimuthMaxHorizontalUncertainty>
    </originUncertainty>
  </origin>
  <magnitude publicID="quakeml:eu.emsc/event/20041118_0000035/origin/1297187/mag/1">
    <mag>
      <value>2.7</value>
      <uncertainty>0.3</uncertainty>
    </mag>
    <type>ML</type>
    <originID>quakeml:eu.emsc/event/20041118_0000035/origin/1297187</originID>
    <stationCount>11</stationCount>
    <creationInfo>
      <agencyURI>smi:smi-registry/organization/EMSC</agencyURI>
      <authorURI>smi:smi-registry/organization/EMSC</authorURI>
    </creationInfo>
  </magnitude>
</event>
<event publicID="quakeml:eu.emsc/event/20041118_0000015">
  <preferredOriginID>quakeml:eu.emsc/event/20041118_0000015/origin/BH922</preferredOriginID>
  <preferredMagnitudeID>quakeml:eu.emsc/event/20041118_0000015/origin/BH922/mag/1</preferredMagnitudeID>
  <creationInfo>
    <agencyURI>smi:smi-registry/organization/EMSC</agencyURI>
    <authorURI>smi:smi-registry/organization/EMSC</authorURI>
    <creationTime>2014-12-01T12:41:47.690764Z</creationTime>
  </creationInfo>
  <description>
    <text>GUAM REGION</text>
    <type>Flinn-Engdahl region</type>
  </description>
  <origin publicID="quakeml:eu.emsc/event/20041118_0000015/origin/BH922">
    <time>
      <value>2004-11-18T02:39:49.7Z</value>
      <uncertainty>0.26</uncertainty>
    </time>
    <latitude>
      <value>13.25</value>
    </latitude>
    <longitude>
      <value>144.71</value>
    </longitude>
    <depth>
      <value>75000.0</value>
      <uncertainty>1.4</uncertainty>
    </depth>
    <depthType>from location</depthType>
    <methodID>smi:eu.emsc-csem/origin_method/NA</methodID>
    <quality>
      <usedPhaseCount>81</usedPhaseCount>
      <usedStationCount>74</usedStationCount>
      <standardError>0.96</standardError>
      <azimuthalGap>89</azimuthalGap>
      <minimumDistance>0.37</minimumDistance>
      <maximumDistance>152.31</maximumDistance>
    </quality>
    <evaluationMode>automatic</evaluationMode>
    <creationInfo>
      <agencyURI>smi:smi-registry/organization/EMSC</agencyURI>
      <authorURI>smi:smi-registry/organization/EMSC</authorURI>
    </creationInfo>
  </origin>
  <magnitude publicID="quakeml:eu.emsc/event/20041118_0000015/origin/BH922/mag/1">
    <mag>
      <value>5.1</value>
      <uncertainty>0.3</uncertainty>
    </mag>
    <type>mb</type>
    <originID>quakeml:eu.emsc/event/20041118_0000015/origin/BH922</originID>
    <stationCount>35</stationCount>
    <creationInfo>
      <agencyURI>smi:smi-registry/organization/EMSC</agencyURI>
      <authorURI>smi:smi-registry/organization/EMSC</authorURI>
    </creationInfo>
  </magnitude>
</event>
<event publicID="quakeml:eu.emsc/event/20041118_0000025">
  <preferredOriginID>quakeml:eu.emsc/event/20041118_0000025/origin/1296503</preferredOriginID>
  <preferredMagnitudeID>quakeml:eu.emsc/event/20041118_0000025/origin/1296503/mag/1</preferredMagnitudeID>
  <creationInfo>
    <agencyURI>smi:smi-registry/organization/EMSC</agencyURI>
    <authorURI>smi:smi-registry/organization/EMSC</authorURI>
    <creationTime>2014-12-03T12:00:17.669871Z</creationTime>
  </creationInfo>
  <description>
    <text>NORTHERN ITALY</text>
    <type>Flinn-Engdahl region</type>
  </description>
  <origin publicID="quakeml:eu.emsc/event/20041118_0000025/origin/1296503">
    <time>
      <value>2004-11-18T02:33:38.5Z</value>
      <uncertainty>0.08</uncertainty>
    </time>
    <latitude>
      <value>44.3065</value>
      <uncertainty>1.9</uncertainty>
    </latitude>
    <longitude>
      <value>7.2852</value>
      <uncertainty>1.1</uncertainty>
    </longitude>
    <depth>
      <value>12000</value>
    </depth>
    <depthType>from location</depthType>
    <methodID>smi:eu.emsc-csem/origin_method/NA</methodID>
    <quality>
      <usedPhaseCount>27</usedPhaseCount>
      <usedStationCount>15</usedStationCount>
      <standardError>0.34</standardError>
      <azimuthalGap>136</azimuthalGap>
      <minimumDistance>0.07</minimumDistance>
      <maximumDistance>1.27</maximumDistance>
    </quality>
    <evaluationMode>manual</evaluationMode>
    <creationInfo>
      <agencyURI>smi:smi-registry/organization/EMSC</agencyURI>
      <authorURI>smi:smi-registry/organization/EMSC</authorURI>
    </creationInfo>
    <originUncertainty>
      <azimuthMaxHorizontalUncertainty>59</azimuthMaxHorizontalUncertainty>
    </originUncertainty>
  </origin>
  <magnitude publicID="quakeml:eu.emsc/event/20041118_0000025/origin/1296503/mag/1">
    <mag>
      <value>1.7</value>
      <uncertainty>0.3</uncertainty>
    </mag>
    <type>ML</type>
    <originID>quakeml:eu.emsc/event/20041118_0000025/origin/1296503</originID>
    <stationCount>6</stationCount>
    <creationInfo>
      <agencyURI>smi:smi-registry/organization/EMSC</agencyURI>
      <authorURI>smi:smi-registry/organization/EMSC</authorURI>
    </creationInfo>
  </magnitude>
</event>
<event publicID="quakeml:eu.emsc/event/20041118_0000034">
  <preferredOriginID>quakeml:eu.emsc/event/20041118_0000034/origin/1292627</preferredOriginID>
  <preferredMagnitudeID>quakeml:eu.emsc/event/20041118_0000034/origin/1292627/mag/2</preferredMagnitudeID>
  <creationInfo>
    <agencyURI>smi:smi-registry/organization/EMSC</agencyURI>
    <authorURI>smi:smi-registry/organization/EMSC</authorURI>
    <creationTime>2014-12-10T18:20:37.25854Z</creationTime>
  </creationInfo>
  <description>
    <text>FRANCE</text>
    <type>Flinn-Engdahl region</type>
  </description>
  <origin publicID="quakeml:eu.emsc/event/20041118_0000034/origin/1292627">
    <time>
      <value>2004-11-18T02:31:08.7Z</value>
    </time>
    <latitude>
      <value>45.1752</value>
      <uncertainty>9999.9</uncertainty>
    </latitude>
    <longitude>
      <value>5.5827</value>
      <uncertainty>9999.9</uncertainty>
    </longitude>
    <depth>
      <value>5000</value>
    </depth>
    <depthType>from location</depthType>
    <methodID>smi:eu.emsc-csem/origin_method/NA</methodID>
    <quality>
      <usedPhaseCount>44</usedPhaseCount>
      <usedStationCount>18</usedStationCount>
      <standardError>1.89</standardError>
      <azimuthalGap>50</azimuthalGap>
      <minimumDistance>0.33</minimumDistance>
      <maximumDistance>3.44</maximumDistance>
    </quality>
    <evaluationMode>manual</evaluationMode>
    <creationInfo>
      <agencyURI>smi:smi-registry/organization/EMSC</agencyURI>
      <authorURI>smi:smi-registry/organization/EMSC</authorURI>
    </creationInfo>
    <originUncertainty>
      <azimuthMaxHorizontalUncertainty>-99</azimuthMaxHorizontalUncertainty>
    </originUncertainty>
  </origin>
  <magnitude publicID="quakeml:eu.emsc/event/20041118_0000034/origin/1292627/mag/2">
    <mag>
      <value>1.9</value>
      <uncertainty>0.3</uncertainty>
    </mag>
    <type>ML</type>
    <originID>quakeml:eu.emsc/event/20041118_0000034/origin/1292627</originID>
    <stationCount>17</stationCount>
    <creationInfo>
      <agencyURI>smi:smi-registry/organization/EMSC</agencyURI>
      <authorURI>smi:smi-registry/organization/EMSC</authorURI>
    </creationInfo>
  </magnitude>
</event>
<event publicID="quakeml:eu.emsc/event/20041118_0000014">
  <preferredOriginID>quakeml:eu.emsc/event/20041118_0000014/origin/BH818</preferredOriginID>
  <preferredMagnitudeID>quakeml:eu.emsc/event/20041118_0000014/origin/BH818/mag/1</preferredMagnitudeID>
  <creationInfo>
    <agencyURI>smi:smi-registry/organization/EMSC</agencyURI>
    <authorURI>smi:smi-registry/organization/EMSC</authorURI>
    <creationTime>2014-12-01T14:12:22.187529Z</creationTime>
  </creationInfo>
  <description>
    <text>TAJIKISTAN</text>
    <type>Flinn-Engdahl region</type>
  </description>
  <origin publicID="quakeml:eu.emsc/event/20041118_0000014/origin/BH818">
    <time>
      <value>2004-11-18T02:30:44.3Z</value>
      <uncertainty>0.20</uncertainty>
    </time>
    <latitude>
      <value>39.55</value>
    </latitude>
    <longitude>
      <value>71.42</value>
    </longitude>
    <depth>
      <value>60000.0</value>
    </depth>
    <depthType>from location</depthType>
    <methodID>smi:eu.emsc-csem/origin_method/NA</methodID>
    <quality>
      <usedPhaseCount>123</usedPhaseCount>
      <usedStationCount>117</usedStationCount>
      <standardError>1.20</standardError>
      <azimuthalGap>165</azimuthalGap>
      <minimumDistance>3.10</minimumDistance>
      <maximumDistance>95.91</maximumDistance>
    </quality>
    <evaluationMode>automatic</evaluationMode>
    <creationInfo>
      <agencyURI>smi:smi-registry/organization/EMSC</agencyURI>
      <authorURI>smi:smi-registry/organization/EMSC</authorURI>
    </creationInfo>
  </origin>
  <magnitude publicID="quakeml:eu.emsc/event/20041118_0000014/origin/BH818/mag/1">
    <mag>
      <value>5.1</value>
      <uncertainty>0.3</uncertainty>
    </mag>
    <type>mb</type>
    <originID>quakeml:eu.emsc/event/20041118_0000014/origin/BH818</originID>
    <stationCount>78</stationCount>
    <creationInfo>
      <agencyURI>smi:smi-registry/organization/EMSC</agencyURI>
      <authorURI>smi:smi-registry/organization/EMSC</authorURI>
    </creationInfo>
  </magnitude>
</event>
<event publicID="quakeml:eu.emsc/event/20041118_0000040">
  <preferredOriginID>quakeml:eu.emsc/event/20041118_0000040/origin/1297189</preferredOriginID>
  <preferredMagnitudeID>quakeml:eu.emsc/event/20041118_0000040/origin/1297189/mag/2</preferredMagnitudeID>
  <creationInfo>
    <agencyURI>smi:smi-registry/organization/EMSC</agencyURI>
    <authorURI>smi:smi-registry/organization/EMSC</authorURI>
    <creationTime>2014-12-03T12:11:11.423141Z</creationTime>
  </creationInfo>
  <description>
    <text>SOUTHERN ITALY</text>
    <type>Flinn-Engdahl region</type>
  </description>
  <origin publicID="quakeml:eu.emsc/event/20041118_0000040/origin/1297189">
    <time>
      <value>2004-11-18T01:17:26.0Z</value>
      <uncertainty>0.2</uncertainty>
    </time>
    <latitude>
      <value>41.8488</value>
      <uncertainty>4.8</uncertainty>
    </latitude>
    <longitude>
      <value>15.8689</value>
      <uncertainty>3.3</uncertainty>
    </longitude>
    <depth>
      <value>20000</value>
    </depth>
    <depthType>from location</depthType>
    <methodID>smi:eu.emsc-csem/origin_method/NA</methodID>
    <quality>
      <usedPhaseCount>18</usedPhaseCount>
      <usedStationCount>10</usedStationCount>
      <standardError>0.53</standardError>
      <azimuthalGap>148</azimuthalGap>
      <minimumDistance>0.15</minimumDistance>
      <maximumDistance>2.81</maximumDistance>
    </quality>
    <evaluationMode>manual</evaluationMode>
    <creationInfo>
      <agencyURI>smi:smi-registry/organization/EMSC</agencyURI>
      <authorURI>smi:smi-registry/organization/EMSC</authorURI>
    </creationInfo>
    <originUncertainty>
      <azimuthMaxHorizontalUncertainty>41</azimuthMaxHorizontalUncertainty>
    </originUncertainty>
  </origin>
  <magnitude publicID="quakeml:eu.emsc/event/20041118_0000040/origin/1297189/mag/2">
    <mag>
      <value>1.6</value>
    </mag>
    <type>ML</type>
    <originID>quakeml:eu.emsc/event/20041118_0000040/origin/1297189</originID>
    <stationCount>4</stationCount>
    <creationInfo>
      <agencyURI>smi:smi-registry/organization/EMSC</agencyURI>
      <authorURI>smi:smi-registry/organization/EMSC</authorURI>
    </creationInfo>
  </magnitude>
</event>
<event publicID="quakeml:eu.emsc/event/20041118_0000046">
  <preferredOriginID>quakeml:eu.emsc/event/20041118_0000046/origin/1292629</preferredOriginID>
  <preferredMagnitudeID>quakeml:eu.emsc/event/20041118_0000046/origin/1292629/mag/2</preferredMagnitudeID>
  <creationInfo>
    <agencyURI>smi:smi-registry/organization/EMSC</agencyURI>
    <authorURI>smi:smi-registry/organization/EMSC</authorURI>
    <creationTime>2014-12-11T06:08:33.501198Z</creationTime>
  </creationInfo>
  <description>
    <text>DODECANESE ISLANDS, GREECE</text>
    <type>Flinn-Engdahl region</type>
  </description>
  <origin publicID="quakeml:eu.emsc/event/20041118_0000046/origin/1292629">
    <time>
      <value>2004-11-18T00:29:48.2Z</value>
    </time>
    <latitude>
      <value>36.422</value>
      <uncertainty>9999.9</uncertainty>
    </latitude>
    <longitude>
      <value>28.581</value>
      <uncertainty>9999.9</uncertainty>
    </longitude>
    <depth>
      <value>18000</value>
    </depth>
    <depthType>from location</depthType>
    <methodID>smi:eu.emsc-csem/origin_method/NA</methodID>
    <quality>
      <usedPhaseCount>7</usedPhaseCount>
      <usedStationCount>6</usedStationCount>
      <standardError>0.87</standardError>
      <azimuthalGap>259</azimuthalGap>
      <minimumDistance>0.35</minimumDistance>
      <maximumDistance>2.23</maximumDistance>
    </quality>
    <evaluationMode>manual</evaluationMode>
    <creationInfo>
      <agencyURI>smi:smi-registry/organization/EMSC</agencyURI>
      <authorURI>smi:smi-registry/organization/EMSC</authorURI>
    </creationInfo>
    <originUncertainty>
      <azimuthMaxHorizontalUncertainty>-99</azimuthMaxHorizontalUncertainty>
    </originUncertainty>
  </origin>
  <magnitude publicID="quakeml:eu.emsc/event/20041118_0000046/origin/1292629/mag/2">
    <mag>
      <value>3.1</value>
    </mag>
    <type>MD</type>
    <originID>quakeml:eu.emsc/event/20041118_0000046/origin/1292629</originID>
    <creationInfo>
      <agencyURI>smi:smi-registry/organization/EMSC</agencyURI>
      <authorURI>smi:smi-registry/organization/EMSC</authorURI>
    </creationInfo>
  </magnitude>
</event>
<event publicID="quakeml:eu.emsc/event/20041118_0000012">
  <preferredOriginID>quakeml:eu.emsc/event/20041118_0000012/origin/1303103</preferredOriginID>
  <preferredMagnitudeID>quakeml:eu.emsc/event/20041118_0000012/origin/1303103/mag/2</preferredMagnitudeID>
  <creationInfo>
    <agencyURI>smi:smi-registry/organization/EMSC</agencyURI>
    <authorURI>smi:smi-registry/organization/EMSC</authorURI>
    <creationTime>2014-12-03T14:18:42.703531Z</creationTime>
  </creationInfo>
  <description>
    <text>CENTRAL MEDITERRANEAN SEA</text>
    <type>Flinn-Engdahl region</type>
  </description>
  <origin publicID="quakeml:eu.emsc/event/20041118_0000012/origin/1303103">
    <time>
      <value>2004-11-18T00:22:04.3Z</value>
      <uncertainty>0.24</uncertainty>
    </time>
    <latitude>
      <value>35.9883</value>
      <uncertainty>6.8</uncertainty>
    </latitude>
    <longitude>
      <value>21.9084</value>
      <uncertainty>4.1</uncertainty>
    </longitude>
    <depth>
      <value>47400.0</value>
      <uncertainty>2.1</uncertainty>
    </depth>
    <depthType>from location</depthType>
    <methodID>smi:eu.emsc-csem/origin_method/NA</methodID>
    <quality>
      <usedPhaseCount>94</usedPhaseCount>
      <usedStationCount>91</usedStationCount>
      <standardError>1.05</standardError>
      <azimuthalGap>70</azimuthalGap>
      <minimumDistance>1.19</minimumDistance>
      <maximumDistance>46.34</maximumDistance>
    </quality>
    <evaluationMode>manual</evaluationMode>
    <creationInfo>
      <agencyURI>smi:smi-registry/organization/EMSC</agencyURI>
      <authorURI>smi:smi-registry/organization/EMSC</authorURI>
    </creationInfo>
    <originUncertainty>
      <azimuthMaxHorizontalUncertainty>34</azimuthMaxHorizontalUncertainty>
    </originUncertainty>
  </origin>
  <magnitude publicID="quakeml:eu.emsc/event/20041118_0000012/origin/1303103/mag/2">
    <mag>
      <value>4.2</value>
    </mag>
    <type>mb</type>
    <originID>quakeml:eu.emsc/event/20041118_0000012/origin/1303103</originID>
    <stationCount>12</stationCount>
    <creationInfo>
      <agencyURI>smi:smi-registry/organization/EMSC</agencyURI>
      <authorURI>smi:smi-registry/organization/EMSC</authorURI>
    </creationInfo>
  </magnitude>
</event>
</eventParameters>
</q:quakeml>
