<?xml version="1.0"?>
<q:quakeml xmlns:q="http://quakeml.org/xmlns/quakeml/1.2"  xmlns="http://quakeml.org/xmlns/bed/1.2">
<eventParameters publicID="smi:eu.emsc/unid">
<event publicID="quakeml:eu.emsc/event/20040427_0000019">
  <preferredOriginID>quakeml:eu.emsc/event/20040427_0000019/origin/1321552</preferredOriginID>
  <preferredMagnitudeID>quakeml:eu.emsc/event/20040427_0000019/origin/1321552/mag/2</preferredMagnitudeID>
  <creationInfo>
    <agencyURI>smi:smi-registry/organization/EMSC</agencyURI>
    <authorURI>smi:smi-registry/organization/EMSC</authorURI>
    <creationTime>2014-12-03T11:19:14.58713Z</creationTime>
  </creationInfo>
  <description>
    <text>GERMANY</text>
    <type>Flinn-Engdahl region</type>
  </description>
  <origin publicID="quakeml:eu.emsc/event/20040427_0000019/origin/1321552">
    <time>
      <value>2004-04-27T23:55:44.9Z</value>
      <uncertainty>0.18</uncertainty>
    </time>
    <latitude>
      <value>50.6971</value>
      <uncertainty>5.2</uncertainty>
    </latitude>
    <longitude>
      <value>6.1926</value>
      <uncertainty>3.2</uncertainty>
    </longitude>
    <depth>
      <value>12000</value>
    </depth>
    <depthType>from location</depthType>
    <methodID>smi:eu.emsc-csem/origin_method/NA</methodID>
    <quality>
      <usedPhaseCount>10</usedPhaseCount>
      <usedStationCount>6</usedStationCount>
      <standardError>0.41</standardError>
      <azimuthalGap>165</azimuthalGap>
      <minimumDistance>0.15</minimumDistance>
      <maximumDistance>1.33</maximumDistance>
    </quality>
    <evaluationMode>manual</evaluationMode>
    <creationInfo>
      <agencyURI>smi:smi-registry/organization/EMSC</agencyURI>
      <authorURI>smi:smi-registry/organization/EMSC</authorURI>
    </creationInfo>
    <originUncertainty>
      <azimuthMaxHorizontalUncertainty>106</azimuthMaxHorizontalUncertainty>
    </originUncertainty>
  </origin>
  <magnitude publicID="quakeml:eu.emsc/event/20040427_0000019/origin/1321552/mag/2">
    <mag>
      <value>1.5</value>
    </mag>
    <type>ML</type>
    <originID>quakeml:eu.emsc/event/20040427_0000019/origin/1321552</originID>
    <creationInfo>
      <agencyURI>smi:smi-registry/organization/EMSC</agencyURI>
      <authorURI>smi:smi-registry/organization/EMSC</authorURI>
    </creationInfo>
  </magnitude>
</event>
<event publicID="quakeml:eu.emsc/event/20040427_0000017">
  <preferredOriginID>quakeml:eu.emsc/event/20040427_0000017/origin/1321555</preferredOriginID>
  <preferredMagnitudeID>quakeml:eu.emsc/event/20040427_0000017/origin/1321555/mag/2</preferredMagnitudeID>
  <creationInfo>
    <agencyURI>smi:smi-registry/organization/EMSC</agencyURI>
    <authorURI>smi:smi-registry/organization/EMSC</authorURI>
    <creationTime>2014-12-03T11:33:40.19381Z</creationTime>
  </creationInfo>
  <description>
    <text>NORTHERN ITALY</text>
    <type>Flinn-Engdahl region</type>
  </description>
  <origin publicID="quakeml:eu.emsc/event/20040427_0000017/origin/1321555">
    <time>
      <value>2004-04-27T22:12:22.0Z</value>
      <uncertainty>0.14</uncertainty>
    </time>
    <latitude>
      <value>44.1839</value>
      <uncertainty>3.9</uncertainty>
    </latitude>
    <longitude>
      <value>10.1484</value>
      <uncertainty>2.6</uncertainty>
    </longitude>
    <depth>
      <value>2000</value>
    </depth>
    <depthType>from location</depthType>
    <methodID>smi:eu.emsc-csem/origin_method/NA</methodID>
    <quality>
      <usedPhaseCount>17</usedPhaseCount>
      <usedStationCount>13</usedStationCount>
      <standardError>0.54</standardError>
      <azimuthalGap>137</azimuthalGap>
      <minimumDistance>0.04</minimumDistance>
      <maximumDistance>0.77</maximumDistance>
    </quality>
    <evaluationMode>manual</evaluationMode>
    <creationInfo>
      <agencyURI>smi:smi-registry/organization/EMSC</agencyURI>
      <authorURI>smi:smi-registry/organization/EMSC</authorURI>
    </creationInfo>
    <originUncertainty>
      <azimuthMaxHorizontalUncertainty>50</azimuthMaxHorizontalUncertainty>
    </originUncertainty>
  </origin>
  <magnitude publicID="quakeml:eu.emsc/event/20040427_0000017/origin/1321555/mag/2">
    <mag>
      <value>2.4</value>
    </mag>
    <type>ML</type>
    <originID>quakeml:eu.emsc/event/20040427_0000017/origin/1321555</originID>
    <creationInfo>
      <agencyURI>smi:smi-registry/organization/EMSC</agencyURI>
      <authorURI>smi:smi-registry/organization/EMSC</authorURI>
    </creationInfo>
  </magnitude>
</event>
<event publicID="quakeml:eu.emsc/event/20040427_0000018">
  <preferredOriginID>quakeml:eu.emsc/event/20040427_0000018/origin/1308912</preferredOriginID>
  <preferredMagnitudeID>quakeml:eu.emsc/event/20040427_0000018/origin/1308912/mag/2</preferredMagnitudeID>
  <creationInfo>
    <agencyURI>smi:smi-registry/organization/EMSC</agencyURI>
    <authorURI>smi:smi-registry/organization/EMSC</authorURI>
    <creationTime>2014-12-11T01:30:35.107245Z</creationTime>
  </creationInfo>
  <description>
    <text>EASTERN TURKEY</text>
    <type>Flinn-Engdahl region</type>
  </description>
  <origin publicID="quakeml:eu.emsc/event/20040427_0000018/origin/1308912">
    <time>
      <value>2004-04-27T21:57:45.5Z</value>
    </time>
    <latitude>
      <value>39.974</value>
      <uncertainty>9999.9</uncertainty>
    </latitude>
    <longitude>
      <value>40.891</value>
      <uncertainty>9999.9</uncertainty>
    </longitude>
    <depth>
      <value>7000</value>
    </depth>
    <depthType>from location</depthType>
    <methodID>smi:eu.emsc-csem/origin_method/NA</methodID>
    <quality>
      <usedPhaseCount>9</usedPhaseCount>
      <usedStationCount>7</usedStationCount>
      <standardError>1.87</standardError>
      <azimuthalGap>133</azimuthalGap>
      <minimumDistance>0.27</minimumDistance>
      <maximumDistance>1.84</maximumDistance>
    </quality>
    <evaluationMode>manual</evaluationMode>
    <creationInfo>
      <agencyURI>smi:smi-registry/organization/EMSC</agencyURI>
      <authorURI>smi:smi-registry/organization/EMSC</authorURI>
    </creationInfo>
    <originUncertainty>
      <azimuthMaxHorizontalUncertainty>-99</azimuthMaxHorizontalUncertainty>
    </originUncertainty>
  </origin>
  <magnitude publicID="quakeml:eu.emsc/event/20040427_0000018/origin/1308912/mag/2">
    <mag>
      <value>3.5</value>
    </mag>
    <type>MD</type>
    <originID>quakeml:eu.emsc/event/20040427_0000018/origin/1308912</originID>
    <creationInfo>
      <agencyURI>smi:smi-registry/organization/EMSC</agencyURI>
      <authorURI>smi:smi-registry/organization/EMSC</authorURI>
    </creationInfo>
  </magnitude>
</event>
<event publicID="quakeml:eu.emsc/event/20040427_0000016">
  <preferredOriginID>quakeml:eu.emsc/event/20040427_0000016/origin/1321559</preferredOriginID>
  <preferredMagnitudeID>quakeml:eu.emsc/event/20040427_0000016/origin/1321559/mag/2</preferredMagnitudeID>
  <creationInfo>
    <agencyURI>smi:smi-registry/organization/EMSC</agencyURI>
    <authorURI>smi:smi-registry/organization/EMSC</authorURI>
    <creationTime>2014-12-03T11:31:53.686691Z</creationTime>
  </creationInfo>
  <description>
    <text>SOUTHERN IRAN</text>
    <type>Flinn-Engdahl region</type>
  </description>
  <origin publicID="quakeml:eu.emsc/event/20040427_0000016/origin/1321559">
    <time>
      <value>2004-04-27T21:45:43.7Z</value>
      <uncertainty>1.14</uncertainty>
    </time>
    <latitude>
      <value>27.745</value>
      <uncertainty>42.4</uncertainty>
    </latitude>
    <longitude>
      <value>52.9436</value>
      <uncertainty>12.2</uncertainty>
    </longitude>
    <depth>
      <value>60000</value>
    </depth>
    <depthType>from location</depthType>
    <methodID>smi:eu.emsc-csem/origin_method/NA</methodID>
    <quality>
      <usedPhaseCount>11</usedPhaseCount>
      <usedStationCount>10</usedStationCount>
      <standardError>1.2</standardError>
      <azimuthalGap>230</azimuthalGap>
      <minimumDistance>3.87</minimumDistance>
      <maximumDistance>43.41</maximumDistance>
    </quality>
    <evaluationMode>manual</evaluationMode>
    <creationInfo>
      <agencyURI>smi:smi-registry/organization/EMSC</agencyURI>
      <authorURI>smi:smi-registry/organization/EMSC</authorURI>
    </creationInfo>
    <originUncertainty>
      <azimuthMaxHorizontalUncertainty>118</azimuthMaxHorizontalUncertainty>
    </originUncertainty>
  </origin>
  <magnitude publicID="quakeml:eu.emsc/event/20040427_0000016/origin/1321559/mag/2">
    <mag>
      <value>3.9</value>
    </mag>
    <type>ML</type>
    <originID>quakeml:eu.emsc/event/20040427_0000016/origin/1321559</originID>
    <creationInfo>
      <agencyURI>smi:smi-registry/organization/EMSC</agencyURI>
      <authorURI>smi:smi-registry/organization/EMSC</authorURI>
    </creationInfo>
  </magnitude>
</event>
<event publicID="quakeml:eu.emsc/event/20040427_0000015">
  <preferredOriginID>quakeml:eu.emsc/event/20040427_0000015/origin/1321561</preferredOriginID>
  <preferredMagnitudeID>quakeml:eu.emsc/event/20040427_0000015/origin/1321561/mag/2</preferredMagnitudeID>
  <creationInfo>
    <agencyURI>smi:smi-registry/organization/EMSC</agencyURI>
    <authorURI>smi:smi-registry/organization/EMSC</authorURI>
    <creationTime>2014-12-03T10:23:38.711183Z</creationTime>
  </creationInfo>
  <description>
    <text>NORTHERN ITALY</text>
    <type>Flinn-Engdahl region</type>
  </description>
  <origin publicID="quakeml:eu.emsc/event/20040427_0000015/origin/1321561">
    <time>
      <value>2004-04-27T19:10:05.8Z</value>
      <uncertainty>0.26</uncertainty>
    </time>
    <latitude>
      <value>46.2803</value>
      <uncertainty>2.6</uncertainty>
    </latitude>
    <longitude>
      <value>13.2988</value>
      <uncertainty>1.7</uncertainty>
    </longitude>
    <depth>
      <value>16900.0</value>
      <uncertainty>2</uncertainty>
    </depth>
    <depthType>from location</depthType>
    <methodID>smi:eu.emsc-csem/origin_method/NA</methodID>
    <quality>
      <usedPhaseCount>17</usedPhaseCount>
      <usedStationCount>9</usedStationCount>
      <standardError>0.36</standardError>
      <azimuthalGap>62</azimuthalGap>
      <minimumDistance>0.06</minimumDistance>
      <maximumDistance>0.31</maximumDistance>
    </quality>
    <evaluationMode>manual</evaluationMode>
    <creationInfo>
      <agencyURI>smi:smi-registry/organization/EMSC</agencyURI>
      <authorURI>smi:smi-registry/organization/EMSC</authorURI>
    </creationInfo>
    <originUncertainty>
      <azimuthMaxHorizontalUncertainty>30</azimuthMaxHorizontalUncertainty>
    </originUncertainty>
  </origin>
  <magnitude publicID="quakeml:eu.emsc/event/20040427_0000015/origin/1321561/mag/2">
    <mag>
      <value>1.1</value>
    </mag>
    <type>ML</type>
    <originID>quakeml:eu.emsc/event/20040427_0000015/origin/1321561</originID>
    <creationInfo>
      <agencyURI>smi:smi-registry/organization/EMSC</agencyURI>
      <authorURI>smi:smi-registry/organization/EMSC</authorURI>
    </creationInfo>
  </magnitude>
</event>
<event publicID="quakeml:eu.emsc/event/20040427_0000026">
  <preferredOriginID>quakeml:eu.emsc/event/20040427_0000026/origin/1321196</preferredOriginID>
  <preferredMagnitudeID>quakeml:eu.emsc/event/20040427_0000026/origin/1321196/mag/1</preferredMagnitudeID>
  <creationInfo>
    <agencyURI>smi:smi-registry/organization/EMSC</agencyURI>
    <authorURI>smi:smi-registry/organization/EMSC</authorURI>
    <creationTime>2014-12-03T16:32:59.391642Z</creationTime>
  </creationInfo>
  <description>
    <text>FRANCE</text>
    <type>Flinn-Engdahl region</type>
  </description>
  <origin publicID="quakeml:eu.emsc/event/20040427_0000026/origin/1321196">
    <time>
      <value>2004-04-27T17:46:49.1Z</value>
      <uncertainty>0.08</uncertainty>
    </time>
    <latitude>
      <value>44.4646</value>
      <uncertainty>1.8</uncertainty>
    </latitude>
    <longitude>
      <value>6.7755</value>
      <uncertainty>1.3</uncertainty>
    </longitude>
    <depth>
      <value>15000</value>
    </depth>
    <depthType>from location</depthType>
    <methodID>smi:eu.emsc-csem/origin_method/NA</methodID>
    <quality>
      <usedPhaseCount>36</usedPhaseCount>
      <usedStationCount>22</usedStationCount>
      <standardError>0.5</standardError>
      <azimuthalGap>64</azimuthalGap>
      <minimumDistance>0.24</minimumDistance>
      <maximumDistance>2.51</maximumDistance>
    </quality>
    <evaluationMode>manual</evaluationMode>
    <creationInfo>
      <agencyURI>smi:smi-registry/organization/EMSC</agencyURI>
      <authorURI>smi:smi-registry/organization/EMSC</authorURI>
    </creationInfo>
    <originUncertainty>
      <azimuthMaxHorizontalUncertainty>71</azimuthMaxHorizontalUncertainty>
    </originUncertainty>
  </origin>
  <magnitude publicID="quakeml:eu.emsc/event/20040427_0000026/origin/1321196/mag/1">
    <mag>
      <value>1.4</value>
      <uncertainty>0.4</uncertainty>
    </mag>
    <type>ML</type>
    <originID>quakeml:eu.emsc/event/20040427_0000026/origin/1321196</originID>
    <stationCount>9</stationCount>
    <creationInfo>
      <agencyURI>smi:smi-registry/organization/EMSC</agencyURI>
      <authorURI>smi:smi-registry/organization/EMSC</authorURI>
    </creationInfo>
  </magnitude>
</event>
<event publicID="quakeml:eu.emsc/event/20040427_0000013">
  <preferredOriginID>quakeml:eu.emsc/event/20040427_0000013/origin/1321565</preferredOriginID>
  <preferredMagnitudeID>quakeml:eu.emsc/event/20040427_0000013/origin/1321565/mag/2</preferredMagnitudeID>
  <creationInfo>
    <agencyURI>smi:smi-registry/organization/EMSC</agencyURI>
    <authorURI>smi:smi-registry/organization/EMSC</authorURI>
    <creationTime>2014-12-03T11:22:47.234589Z</creationTime>
  </creationInfo>
  <description>
    <text>MOROCCO</text>
    <type>Flinn-Engdahl region</type>
  </description>
  <origin publicID="quakeml:eu.emsc/event/20040427_0000013/origin/1321565">
    <time>
      <value>2004-04-27T13:19:54.8Z</value>
      <uncertainty>1.2</uncertainty>
    </time>
    <latitude>
      <value>34.973</value>
      <uncertainty>25.3</uncertainty>
    </latitude>
    <longitude>
      <value>-2.8791</value>
      <uncertainty>13.8</uncertainty>
    </longitude>
    <depth>
      <value>20000</value>
    </depth>
    <depthType>from location</depthType>
    <methodID>smi:eu.emsc-csem/origin_method/NA</methodID>
    <quality>
      <usedPhaseCount>19</usedPhaseCount>
      <usedStationCount>12</usedStationCount>
      <standardError>1.29</standardError>
      <azimuthalGap>276</azimuthalGap>
      <minimumDistance>0.32</minimumDistance>
      <maximumDistance>5.02</maximumDistance>
    </quality>
    <evaluationMode>manual</evaluationMode>
    <creationInfo>
      <agencyURI>smi:smi-registry/organization/EMSC</agencyURI>
      <authorURI>smi:smi-registry/organization/EMSC</authorURI>
    </creationInfo>
    <originUncertainty>
      <azimuthMaxHorizontalUncertainty>167</azimuthMaxHorizontalUncertainty>
    </originUncertainty>
  </origin>
  <magnitude publicID="quakeml:eu.emsc/event/20040427_0000013/origin/1321565/mag/2">
    <mag>
      <value>3.6</value>
      <uncertainty>0.1</uncertainty>
    </mag>
    <type>mb</type>
    <originID>quakeml:eu.emsc/event/20040427_0000013/origin/1321565</originID>
    <stationCount>6</stationCount>
    <creationInfo>
      <agencyURI>smi:smi-registry/organization/EMSC</agencyURI>
      <authorURI>smi:smi-registry/organization/EMSC</authorURI>
    </creationInfo>
  </magnitude>
</event>
<event publicID="quakeml:eu.emsc/event/20040427_0000012">
  <preferredOriginID>quakeml:eu.emsc/event/20040427_0000012/origin/1308914</preferredOriginID>
  <preferredMagnitudeID>quakeml:eu.emsc/event/20040427_0000012/origin/1308914/mag/2</preferredMagnitudeID>
  <creationInfo>
    <agencyURI>smi:smi-registry/organization/EMSC</agencyURI>
    <authorURI>smi:smi-registry/organization/EMSC</authorURI>
    <creationTime>2014-12-11T01:30:14.202203Z</creationTime>
  </creationInfo>
  <description>
    <text>MOROCCO</text>
    <type>Flinn-Engdahl region</type>
  </description>
  <origin publicID="quakeml:eu.emsc/event/20040427_0000012/origin/1308914">
    <time>
      <value>2004-04-27T11:56:39.3Z</value>
    </time>
    <latitude>
      <value>34.8521</value>
      <uncertainty>9999.9</uncertainty>
    </latitude>
    <longitude>
      <value>-2.8222</value>
      <uncertainty>9999.9</uncertainty>
    </longitude>
    <depth>
      <value>3800.0</value>
    </depth>
    <depthType>from location</depthType>
    <methodID>smi:eu.emsc-csem/origin_method/NA</methodID>
    <quality>
      <usedPhaseCount>24</usedPhaseCount>
      <usedStationCount>20</usedStationCount>
      <standardError>2.94</standardError>
      <azimuthalGap>268</azimuthalGap>
      <minimumDistance>2.04</minimumDistance>
      <maximumDistance>7.72</maximumDistance>
    </quality>
    <evaluationMode>manual</evaluationMode>
    <creationInfo>
      <agencyURI>smi:smi-registry/organization/EMSC</agencyURI>
      <authorURI>smi:smi-registry/organization/EMSC</authorURI>
    </creationInfo>
    <originUncertainty>
      <azimuthMaxHorizontalUncertainty>-99</azimuthMaxHorizontalUncertainty>
    </originUncertainty>
  </origin>
  <magnitude publicID="quakeml:eu.emsc/event/20040427_0000012/origin/1308914/mag/2">
    <mag>
      <value>3.9</value>
      <uncertainty>0.1</uncertainty>
    </mag>
    <type>mb</type>
    <originID>quakeml:eu.emsc/event/20040427_0000012/origin/1308914</originID>
    <stationCount>16</stationCount>
    <creationInfo>
      <agencyURI>smi:smi-registry/organization/EMSC</agencyURI>
      <authorURI>smi:smi-registry/organization/EMSC</authorURI>
    </creationInfo>
  </magnitude>
</event>
<event publicID="quakeml:eu.emsc/event/20040427_0000011">
  <preferredOriginID>quakeml:eu.emsc/event/20040427_0000011/origin/1322911</preferredOriginID>
  <preferredMagnitudeID>quakeml:eu.emsc/event/20040427_0000011/origin/1322911/mag/1</preferredMagnitudeID>
  <creationInfo>
    <agencyURI>smi:smi-registry/organization/EMSC</agencyURI>
    <authorURI>smi:smi-registry/organization/EMSC</authorURI>
    <creationTime>2014-12-03T11:28:12.482469Z</creationTime>
  </creationInfo>
  <description>
    <text>RED SEA</text>
    <type>Flinn-Engdahl region</type>
  </description>
  <origin publicID="quakeml:eu.emsc/event/20040427_0000011/origin/1322911">
    <time>
      <value>2004-04-27T11:20:41.8Z</value>
      <uncertainty>0.14</uncertainty>
    </time>
    <latitude>
      <value>27.4067</value>
      <uncertainty>4.3</uncertainty>
    </latitude>
    <longitude>
      <value>34.5356</value>
      <uncertainty>3.1</uncertainty>
    </longitude>
    <depth>
      <value>20000</value>
    </depth>
    <depthType>from location</depthType>
    <methodID>smi:eu.emsc-csem/origin_method/NA</methodID>
    <quality>
      <usedPhaseCount>34</usedPhaseCount>
      <usedStationCount>32</usedStationCount>
      <standardError>0.5</standardError>
      <azimuthalGap>68</azimuthalGap>
      <minimumDistance>0.61</minimumDistance>
      <maximumDistance>4.36</maximumDistance>
    </quality>
    <evaluationMode>manual</evaluationMode>
    <creationInfo>
      <agencyURI>smi:smi-registry/organization/EMSC</agencyURI>
      <authorURI>smi:smi-registry/organization/EMSC</authorURI>
    </creationInfo>
    <originUncertainty>
      <azimuthMaxHorizontalUncertainty>108</azimuthMaxHorizontalUncertainty>
    </originUncertainty>
  </origin>
  <magnitude publicID="quakeml:eu.emsc/event/20040427_0000011/origin/1322911/mag/1">
    <mag>
      <value>3.2</value>
    </mag>
    <type>Mw</type>
    <originID>quakeml:eu.emsc/event/20040427_0000011/origin/1322911</originID>
    <creationInfo>
      <agencyURI>smi:smi-registry/organization/EMSC</agencyURI>
      <authorURI>smi:smi-registry/organization/EMSC</authorURI>
    </creationInfo>
  </magnitude>
</event>
<event publicID="quakeml:eu.emsc/event/20040427_0000005">
  <preferredOriginID>quakeml:eu.emsc/event/20040427_0000005/origin/1321568</preferredOriginID>
  <preferredMagnitudeID>quakeml:eu.emsc/event/20040427_0000005/origin/1321568/mag/2</preferredMagnitudeID>
  <creationInfo>
    <agencyURI>smi:smi-registry/organization/EMSC</agencyURI>
    <authorURI>smi:smi-registry/organization/EMSC</authorURI>
    <creationTime>2014-12-03T11:06:00.379477Z</creationTime>
  </creationInfo>
  <description>
    <text>SOUTHERN NORWAY</text>
    <type>Flinn-Engdahl region</type>
  </description>
  <origin publicID="quakeml:eu.emsc/event/20040427_0000005/origin/1321568">
    <time>
      <value>2004-04-27T11:05:03.0Z</value>
      <uncertainty>1.16</uncertainty>
    </time>
    <latitude>
      <value>58.0356</value>
      <uncertainty>29.8</uncertainty>
    </latitude>
    <longitude>
      <value>8.2544</value>
      <uncertainty>9.6</uncertainty>
    </longitude>
    <depth>
      <value>2000</value>
    </depth>
    <depthType>from location</depthType>
    <methodID>smi:eu.emsc-csem/origin_method/NA</methodID>
    <quality>
      <usedPhaseCount>13</usedPhaseCount>
      <usedStationCount>7</usedStationCount>
      <standardError>1.29</standardError>
      <azimuthalGap>237</azimuthalGap>
      <minimumDistance>0.63</minimumDistance>
      <maximumDistance>9.62</maximumDistance>
    </quality>
    <evaluationMode>manual</evaluationMode>
    <creationInfo>
      <agencyURI>smi:smi-registry/organization/EMSC</agencyURI>
      <authorURI>smi:smi-registry/organization/EMSC</authorURI>
    </creationInfo>
    <originUncertainty>
      <azimuthMaxHorizontalUncertainty>178</azimuthMaxHorizontalUncertainty>
    </originUncertainty>
  </origin>
  <magnitude publicID="quakeml:eu.emsc/event/20040427_0000005/origin/1321568/mag/2">
    <mag>
      <value>1.9</value>
    </mag>
    <type>ML</type>
    <originID>quakeml:eu.emsc/event/20040427_0000005/origin/1321568</originID>
    <creationInfo>
      <agencyURI>smi:smi-registry/organization/EMSC</agencyURI>
      <authorURI>smi:smi-registry/organization/EMSC</authorURI>
    </creationInfo>
  </magnitude>
</event>
<event publicID="quakeml:eu.emsc/event/20040427_0000010">
  <preferredOriginID>quakeml:eu.emsc/event/20040427_0000010/origin/1308916</preferredOriginID>
  <preferredMagnitudeID>quakeml:eu.emsc/event/20040427_0000010/origin/1308916/mag/2</preferredMagnitudeID>
  <creationInfo>
    <agencyURI>smi:smi-registry/organization/EMSC</agencyURI>
    <authorURI>smi:smi-registry/organization/EMSC</authorURI>
    <creationTime>2014-12-11T01:30:10.164626Z</creationTime>
  </creationInfo>
  <description>
    <text>EASTERN TURKEY</text>
    <type>Flinn-Engdahl region</type>
  </description>
  <origin publicID="quakeml:eu.emsc/event/20040427_0000010/origin/1308916">
    <time>
      <value>2004-04-27T07:46:58.1Z</value>
    </time>
    <latitude>
      <value>40.381</value>
      <uncertainty>9999.9</uncertainty>
    </latitude>
    <longitude>
      <value>41.216</value>
      <uncertainty>9999.9</uncertainty>
    </longitude>
    <depth>
      <value>24000</value>
    </depth>
    <depthType>from location</depthType>
    <methodID>smi:eu.emsc-csem/origin_method/NA</methodID>
    <quality>
      <usedPhaseCount>5</usedPhaseCount>
      <usedStationCount>4</usedStationCount>
      <standardError>0.67</standardError>
      <azimuthalGap>254</azimuthalGap>
      <minimumDistance>0.48</minimumDistance>
      <maximumDistance>1.56</maximumDistance>
    </quality>
    <evaluationMode>manual</evaluationMode>
    <creationInfo>
      <agencyURI>smi:smi-registry/organization/EMSC</agencyURI>
      <authorURI>smi:smi-registry/organization/EMSC</authorURI>
    </creationInfo>
    <originUncertainty>
      <azimuthMaxHorizontalUncertainty>-99</azimuthMaxHorizontalUncertainty>
    </originUncertainty>
  </origin>
  <magnitude publicID="quakeml:eu.emsc/event/20040427_0000010/origin/1308916/mag/2">
    <mag>
      <value>2.9</value>
    </mag>
    <type>MD</type>
    <originID>quakeml:eu.emsc/event/20040427_0000010/origin/1308916</originID>
    <creationInfo>
      <agencyURI>smi:smi-registry/organization/EMSC</agencyURI>
      <authorURI>smi:smi-registry/organization/EMSC</authorURI>
    </creationInfo>
  </magnitude>
</event>
<event publicID="quakeml:eu.emsc/event/20040427_0000024">
  <preferredOriginID>quakeml:eu.emsc/event/20040427_0000024/origin/1308918</preferredOriginID>
  <preferredMagnitudeID>quakeml:eu.emsc/event/20040427_0000024/origin/1308918/mag/2</preferredMagnitudeID>
  <creationInfo>
    <agencyURI>smi:smi-registry/organization/EMSC</agencyURI>
    <authorURI>smi:smi-registry/organization/EMSC</authorURI>
    <creationTime>2014-12-10T18:13:04.4295Z</creationTime>
  </creationInfo>
  <description>
    <text>SWITZERLAND</text>
    <type>Flinn-Engdahl region</type>
  </description>
  <origin publicID="quakeml:eu.emsc/event/20040427_0000024/origin/1308918">
    <time>
      <value>2004-04-27T07:17:47.3Z</value>
    </time>
    <latitude>
      <value>46.256</value>
      <uncertainty>9999.9</uncertainty>
    </latitude>
    <longitude>
      <value>7.23</value>
      <uncertainty>9999.9</uncertainty>
    </longitude>
    <depth>
      <value>5500.0</value>
    </depth>
    <depthType>from location</depthType>
    <methodID>smi:eu.emsc-csem/origin_method/NA</methodID>
    <quality>
      <usedPhaseCount>6</usedPhaseCount>
      <usedStationCount>4</usedStationCount>
      <standardError>0.15</standardError>
      <azimuthalGap>206</azimuthalGap>
      <minimumDistance>0.08</minimumDistance>
      <maximumDistance>0.3</maximumDistance>
    </quality>
    <evaluationMode>manual</evaluationMode>
    <creationInfo>
      <agencyURI>smi:smi-registry/organization/EMSC</agencyURI>
      <authorURI>smi:smi-registry/organization/EMSC</authorURI>
    </creationInfo>
    <originUncertainty>
      <azimuthMaxHorizontalUncertainty>-99</azimuthMaxHorizontalUncertainty>
    </originUncertainty>
  </origin>
  <magnitude publicID="quakeml:eu.emsc/event/20040427_0000024/origin/1308918/mag/2">
    <mag>
      <value>0.6</value>
    </mag>
    <type>ML</type>
    <originID>quakeml:eu.emsc/event/20040427_0000024/origin/1308918</originID>
    <stationCount>3</stationCount>
    <creationInfo>
      <agencyURI>smi:smi-registry/organization/EMSC</agencyURI>
      <authorURI>smi:smi-registry/organization/EMSC</authorURI>
    </creationInfo>
  </magnitude>
</event>
<event publicID="quakeml:eu.emsc/event/20040427_0000027">
  <preferredOriginID>quakeml:eu.emsc/event/20040427_0000027/origin/1308920</preferredOriginID>
  <preferredMagnitudeID>quakeml:eu.emsc/event/20040427_0000027/origin/1308920/mag/2</preferredMagnitudeID>
  <creationInfo>
    <agencyURI>smi:smi-registry/organization/EMSC</agencyURI>
    <authorURI>smi:smi-registry/organization/EMSC</authorURI>
    <creationTime>2014-12-10T18:13:03.518369Z</creationTime>
  </creationInfo>
  <description>
    <text>GERMANY</text>
    <type>Flinn-Engdahl region</type>
  </description>
  <origin publicID="quakeml:eu.emsc/event/20040427_0000027/origin/1308920">
    <time>
      <value>2004-04-27T05:35:03.1Z</value>
    </time>
    <latitude>
      <value>47.686</value>
      <uncertainty>9999.9</uncertainty>
    </latitude>
    <longitude>
      <value>8.886</value>
      <uncertainty>9999.9</uncertainty>
    </longitude>
    <depth>
      <value>21600.0</value>
    </depth>
    <depthType>from location</depthType>
    <methodID>smi:eu.emsc-csem/origin_method/NA</methodID>
    <quality>
      <usedPhaseCount>7</usedPhaseCount>
      <usedStationCount>5</usedStationCount>
      <standardError>0.14</standardError>
      <azimuthalGap>249</azimuthalGap>
      <minimumDistance>0.02</minimumDistance>
      <maximumDistance>0.55</maximumDistance>
    </quality>
    <evaluationMode>manual</evaluationMode>
    <creationInfo>
      <agencyURI>smi:smi-registry/organization/EMSC</agencyURI>
      <authorURI>smi:smi-registry/organization/EMSC</authorURI>
    </creationInfo>
    <originUncertainty>
      <azimuthMaxHorizontalUncertainty>-99</azimuthMaxHorizontalUncertainty>
    </originUncertainty>
  </origin>
  <magnitude publicID="quakeml:eu.emsc/event/20040427_0000027/origin/1308920/mag/2">
    <mag>
      <value>1.3</value>
    </mag>
    <type>ML</type>
    <originID>quakeml:eu.emsc/event/20040427_0000027/origin/1308920</originID>
    <stationCount>5</stationCount>
    <creationInfo>
      <agencyURI>smi:smi-registry/organization/EMSC</agencyURI>
      <authorURI>smi:smi-registry/organization/EMSC</authorURI>
    </creationInfo>
  </magnitude>
</event>
<event publicID="quakeml:eu.emsc/event/20040427_0000025">
  <preferredOriginID>quakeml:eu.emsc/event/20040427_0000025/origin/1308922</preferredOriginID>
  <preferredMagnitudeID>quakeml:eu.emsc/event/20040427_0000025/origin/1308922/mag/2</preferredMagnitudeID>
  <creationInfo>
    <agencyURI>smi:smi-registry/organization/EMSC</agencyURI>
    <authorURI>smi:smi-registry/organization/EMSC</authorURI>
    <creationTime>2014-12-10T18:13:02.996057Z</creationTime>
  </creationInfo>
  <description>
    <text>SWITZERLAND</text>
    <type>Flinn-Engdahl region</type>
  </description>
  <origin publicID="quakeml:eu.emsc/event/20040427_0000025/origin/1308922">
    <time>
      <value>2004-04-27T03:58:28.9Z</value>
    </time>
    <latitude>
      <value>46.299</value>
      <uncertainty>9999.9</uncertainty>
    </latitude>
    <longitude>
      <value>7.286</value>
      <uncertainty>9999.9</uncertainty>
    </longitude>
    <depth>
      <value>4900.0</value>
    </depth>
    <depthType>from location</depthType>
    <methodID>smi:eu.emsc-csem/origin_method/NA</methodID>
    <quality>
      <usedPhaseCount>8</usedPhaseCount>
      <usedStationCount>4</usedStationCount>
      <standardError>0.32</standardError>
      <azimuthalGap>150</azimuthalGap>
      <minimumDistance>0.06</minimumDistance>
      <maximumDistance>0.27</maximumDistance>
    </quality>
    <evaluationMode>manual</evaluationMode>
    <creationInfo>
      <agencyURI>smi:smi-registry/organization/EMSC</agencyURI>
      <authorURI>smi:smi-registry/organization/EMSC</authorURI>
    </creationInfo>
    <originUncertainty>
      <azimuthMaxHorizontalUncertainty>-99</azimuthMaxHorizontalUncertainty>
    </originUncertainty>
  </origin>
  <magnitude publicID="quakeml:eu.emsc/event/20040427_0000025/origin/1308922/mag/2">
    <mag>
      <value>0.3</value>
    </mag>
    <type>ML</type>
    <originID>quakeml:eu.emsc/event/20040427_0000025/origin/1308922</originID>
    <stationCount>3</stationCount>
    <creationInfo>
      <agencyURI>smi:smi-registry/organization/EMSC</agencyURI>
      <authorURI>smi:smi-registry/organization/EMSC</authorURI>
    </creationInfo>
  </magnitude>
</event>
<event publicID="quakeml:eu.emsc/event/20040427_0000007">
  <preferredOriginID>quakeml:eu.emsc/event/20040427_0000007/origin/1308924</preferredOriginID>
  <preferredMagnitudeID>quakeml:eu.emsc/event/20040427_0000007/origin/1308924/mag/2</preferredMagnitudeID>
  <creationInfo>
    <agencyURI>smi:smi-registry/organization/EMSC</agencyURI>
    <authorURI>smi:smi-registry/organization/EMSC</authorURI>
    <creationTime>2014-12-11T01:30:02.693894Z</creationTime>
  </creationInfo>
  <description>
    <text>EASTERN TURKEY</text>
    <type>Flinn-Engdahl region</type>
  </description>
  <origin publicID="quakeml:eu.emsc/event/20040427_0000007/origin/1308924">
    <time>
      <value>2004-04-27T02:21:01.3Z</value>
    </time>
    <latitude>
      <value>38.546</value>
      <uncertainty>9999.9</uncertainty>
    </latitude>
    <longitude>
      <value>39.55</value>
      <uncertainty>9999.9</uncertainty>
    </longitude>
    <depth>
      <value>2000</value>
    </depth>
    <depthType>from location</depthType>
    <methodID>smi:eu.emsc-csem/origin_method/NA</methodID>
    <quality>
      <usedPhaseCount>7</usedPhaseCount>
      <usedStationCount>6</usedStationCount>
      <standardError>1.25</standardError>
      <azimuthalGap>115</azimuthalGap>
      <minimumDistance>0.81</minimumDistance>
      <maximumDistance>1.65</maximumDistance>
    </quality>
    <evaluationMode>manual</evaluationMode>
    <creationInfo>
      <agencyURI>smi:smi-registry/organization/EMSC</agencyURI>
      <authorURI>smi:smi-registry/organization/EMSC</authorURI>
    </creationInfo>
    <originUncertainty>
      <azimuthMaxHorizontalUncertainty>-99</azimuthMaxHorizontalUncertainty>
    </originUncertainty>
  </origin>
  <magnitude publicID="quakeml:eu.emsc/event/20040427_0000007/origin/1308924/mag/2">
    <mag>
      <value>3</value>
    </mag>
    <type>MD</type>
    <originID>quakeml:eu.emsc/event/20040427_0000007/origin/1308924</originID>
    <creationInfo>
      <agencyURI>smi:smi-registry/organization/EMSC</agencyURI>
      <authorURI>smi:smi-registry/organization/EMSC</authorURI>
    </creationInfo>
  </magnitude>
</event>
<event publicID="quakeml:eu.emsc/event/20040427_0000023">
  <preferredOriginID>quakeml:eu.emsc/event/20040427_0000023/origin/1308926</preferredOriginID>
  <preferredMagnitudeID>quakeml:eu.emsc/event/20040427_0000023/origin/1308926/mag/2</preferredMagnitudeID>
  <creationInfo>
    <agencyURI>smi:smi-registry/organization/EMSC</agencyURI>
    <authorURI>smi:smi-registry/organization/EMSC</authorURI>
    <creationTime>2014-12-10T18:13:02.360583Z</creationTime>
  </creationInfo>
  <description>
    <text>FRANCE</text>
    <type>Flinn-Engdahl region</type>
  </description>
  <origin publicID="quakeml:eu.emsc/event/20040427_0000023/origin/1308926">
    <time>
      <value>2004-04-27T01:52:54.9Z</value>
    </time>
    <latitude>
      <value>47.1133</value>
      <uncertainty>9999.9</uncertainty>
    </latitude>
    <longitude>
      <value>1.2293</value>
      <uncertainty>9999.9</uncertainty>
    </longitude>
    <depth>
      <value>2000</value>
    </depth>
    <depthType>from location</depthType>
    <methodID>smi:eu.emsc-csem/origin_method/NA</methodID>
    <quality>
      <usedPhaseCount>30</usedPhaseCount>
      <usedStationCount>15</usedStationCount>
      <standardError>1.61</standardError>
      <azimuthalGap>111</azimuthalGap>
      <minimumDistance>0.97</minimumDistance>
      <maximumDistance>3.28</maximumDistance>
    </quality>
    <evaluationMode>manual</evaluationMode>
    <creationInfo>
      <agencyURI>smi:smi-registry/organization/EMSC</agencyURI>
      <authorURI>smi:smi-registry/organization/EMSC</authorURI>
    </creationInfo>
    <originUncertainty>
      <azimuthMaxHorizontalUncertainty>-99</azimuthMaxHorizontalUncertainty>
    </originUncertainty>
  </origin>
  <magnitude publicID="quakeml:eu.emsc/event/20040427_0000023/origin/1308926/mag/2">
    <mag>
      <value>2</value>
      <uncertainty>0.3</uncertainty>
    </mag>
    <type>ML</type>
    <originID>quakeml:eu.emsc/event/20040427_0000023/origin/1308926</originID>
    <stationCount>14</stationCount>
    <creationInfo>
      <agencyURI>smi:smi-registry/organization/EMSC</agencyURI>
      <authorURI>smi:smi-registry/organization/EMSC</authorURI>
    </creationInfo>
  </magnitude>
</event>
<event publicID="quakeml:eu.emsc/event/20040427_0000006">
  <preferredOriginID>quakeml:eu.emsc/event/20040427_0000006/origin/1308928</preferredOriginID>
  <preferredMagnitudeID>quakeml:eu.emsc/event/20040427_0000006/origin/1308928/mag/2</preferredMagnitudeID>
  <creationInfo>
    <agencyURI>smi:smi-registry/organization/EMSC</agencyURI>
    <authorURI>smi:smi-registry/organization/EMSC</authorURI>
    <creationTime>2014-12-11T01:29:59.819857Z</creationTime>
  </creationInfo>
  <description>
    <text>EASTERN TURKEY</text>
    <type>Flinn-Engdahl region</type>
  </description>
  <origin publicID="quakeml:eu.emsc/event/20040427_0000006/origin/1308928">
    <time>
      <value>2004-04-27T01:00:53.9Z</value>
    </time>
    <latitude>
      <value>39.872</value>
      <uncertainty>9999.9</uncertainty>
    </latitude>
    <longitude>
      <value>40.766</value>
      <uncertainty>9999.9</uncertainty>
    </longitude>
    <depth>
      <value>13000</value>
    </depth>
    <depthType>from location</depthType>
    <methodID>smi:eu.emsc-csem/origin_method/NA</methodID>
    <quality>
      <usedPhaseCount>5</usedPhaseCount>
      <usedStationCount>4</usedStationCount>
      <standardError>2.48</standardError>
      <azimuthalGap>144</azimuthalGap>
      <minimumDistance>0.36</minimumDistance>
      <maximumDistance>1.15</maximumDistance>
    </quality>
    <evaluationMode>manual</evaluationMode>
    <creationInfo>
      <agencyURI>smi:smi-registry/organization/EMSC</agencyURI>
      <authorURI>smi:smi-registry/organization/EMSC</authorURI>
    </creationInfo>
    <originUncertainty>
      <azimuthMaxHorizontalUncertainty>-99</azimuthMaxHorizontalUncertainty>
    </originUncertainty>
  </origin>
  <magnitude publicID="quakeml:eu.emsc/event/20040427_0000006/origin/1308928/mag/2">
    <mag>
      <value>3.1</value>
    </mag>
    <type>MD</type>
    <originID>quakeml:eu.emsc/event/20040427_0000006/origin/1308928</originID>
    <creationInfo>
      <agencyURI>smi:smi-registry/organization/EMSC</agencyURI>
      <authorURI>smi:smi-registry/organization/EMSC</authorURI>
    </creationInfo>
  </magnitude>
</event>
<event publicID="quakeml:eu.emsc/event/20040427_0000004">
  <preferredOriginID>quakeml:eu.emsc/event/20040427_0000004/origin/771631</preferredOriginID>
  <preferredMagnitudeID>quakeml:eu.emsc/event/20040427_0000004/origin/771631/mag/2</preferredMagnitudeID>
  <creationInfo>
    <agencyURI>smi:smi-registry/organization/EMSC</agencyURI>
    <authorURI>smi:smi-registry/organization/EMSC</authorURI>
    <creationTime>2014-12-11T01:29:51.39393Z</creationTime>
  </creationInfo>
  <description>
    <text>ETHIOPIA</text>
    <type>Flinn-Engdahl region</type>
  </description>
  <origin publicID="quakeml:eu.emsc/event/20040427_0000004/origin/771631">
    <time>
      <value>2004-04-27T00:58:39.7Z</value>
      <uncertainty>0.24</uncertainty>
    </time>
    <latitude>
      <value>5.392</value>
      <uncertainty>22.1</uncertainty>
    </latitude>
    <longitude>
      <value>37.274</value>
      <uncertainty>9.1</uncertainty>
    </longitude>
    <depth>
      <value>10000</value>
    </depth>
    <depthType>from location</depthType>
    <methodID>smi:eu.emsc-csem/origin_method/NA</methodID>
    <quality>
      <usedPhaseCount>8</usedPhaseCount>
      <usedStationCount>7</usedStationCount>
      <standardError>0.72</standardError>
      <azimuthalGap>135</azimuthalGap>
      <minimumDistance>6.66</minimumDistance>
      <maximumDistance>61.65</maximumDistance>
    </quality>
    <evaluationMode>manual</evaluationMode>
    <creationInfo>
      <agencyURI>smi:smi-registry/organization/EMSC</agencyURI>
      <authorURI>smi:smi-registry/organization/EMSC</authorURI>
    </creationInfo>
    <originUncertainty>
      <azimuthMaxHorizontalUncertainty>85</azimuthMaxHorizontalUncertainty>
    </originUncertainty>
  </origin>
  <magnitude publicID="quakeml:eu.emsc/event/20040427_0000004/origin/771631/mag/2">
    <mag>
      <value>4.1</value>
    </mag>
    <type>mb</type>
    <originID>quakeml:eu.emsc/event/20040427_0000004/origin/771631</originID>
    <creationInfo>
      <agencyURI>smi:smi-registry/organization/EMSC</agencyURI>
      <authorURI>smi:smi-registry/organization/EMSC</authorURI>
    </creationInfo>
  </magnitude>
</event>
<event publicID="quakeml:eu.emsc/event/20040427_0000002">
  <preferredOriginID>quakeml:eu.emsc/event/20040427_0000002/origin/1500481</preferredOriginID>
  <preferredMagnitudeID>quakeml:eu.emsc/event/20040427_0000002/origin/1500481/mag/2</preferredMagnitudeID>
  <creationInfo>
    <agencyURI>smi:smi-registry/organization/EMSC</agencyURI>
    <authorURI>smi:smi-registry/organization/EMSC</authorURI>
    <creationTime>2014-12-03T12:11:22.351603Z</creationTime>
  </creationInfo>
  <description>
    <text>BOSNIA AND HERZEGOVINA</text>
    <type>Flinn-Engdahl region</type>
  </description>
  <origin publicID="quakeml:eu.emsc/event/20040427_0000002/origin/1500481">
    <time>
      <value>2004-04-27T00:19:28.5Z</value>
      <uncertainty>0.11</uncertainty>
    </time>
    <latitude>
      <value>44.5175</value>
      <uncertainty>3.6</uncertainty>
    </latitude>
    <longitude>
      <value>17.6245</value>
      <uncertainty>2.6</uncertainty>
    </longitude>
    <depth>
      <value>10000</value>
    </depth>
    <depthType>from location</depthType>
    <methodID>smi:eu.emsc-csem/origin_method/NA</methodID>
    <quality>
      <usedPhaseCount>80</usedPhaseCount>
      <usedStationCount>61</usedStationCount>
      <standardError>0.97</standardError>
      <azimuthalGap>90</azimuthalGap>
      <minimumDistance>1.44</minimumDistance>
      <maximumDistance>8.67</maximumDistance>
    </quality>
    <evaluationMode>manual</evaluationMode>
    <creationInfo>
      <agencyURI>smi:smi-registry/organization/EMSC</agencyURI>
      <authorURI>smi:smi-registry/organization/EMSC</authorURI>
    </creationInfo>
    <originUncertainty>
      <azimuthMaxHorizontalUncertainty>71</azimuthMaxHorizontalUncertainty>
    </originUncertainty>
  </origin>
  <magnitude publicID="quakeml:eu.emsc/event/20040427_0000002/origin/1500481/mag/2">
    <mag>
      <value>3.3</value>
    </mag>
    <type>ML</type>
    <originID>quakeml:eu.emsc/event/20040427_0000002/origin/1500481</originID>
    <creationInfo>
      <agencyURI>smi:smi-registry/organization/EMSC</agencyURI>
      <authorURI>smi:smi-registry/organization/EMSC</authorURI>
    </creationInfo>
  </magnitude>
</event>
<event publicID="quakeml:eu.emsc/event/20040427_0000003">
  <preferredOriginID>quakeml:eu.emsc/event/20040427_0000003/origin/1308930</preferredOriginID>
  <preferredMagnitudeID>quakeml:eu.emsc/event/20040427_0000003/origin/1308930/mag/2</preferredMagnitudeID>
  <creationInfo>
    <agencyURI>smi:smi-registry/organization/EMSC</agencyURI>
    <authorURI>smi:smi-registry/organization/EMSC</authorURI>
    <creationTime>2014-12-11T01:29:49.70544Z</creationTime>
  </creationInfo>
  <description>
    <text>WESTERN TURKEY</text>
    <type>Flinn-Engdahl region</type>
  </description>
  <origin publicID="quakeml:eu.emsc/event/20040427_0000003/origin/1308930">
    <time>
      <value>2004-04-27T00:16:41.1Z</value>
    </time>
    <latitude>
      <value>37.11</value>
      <uncertainty>9999.9</uncertainty>
    </latitude>
    <longitude>
      <value>28.006</value>
      <uncertainty>9999.9</uncertainty>
    </longitude>
    <depth>
      <value>7000</value>
    </depth>
    <depthType>from location</depthType>
    <methodID>smi:eu.emsc-csem/origin_method/NA</methodID>
    <quality>
      <usedPhaseCount>5</usedPhaseCount>
      <usedStationCount>4</usedStationCount>
      <standardError>0.68</standardError>
      <azimuthalGap>212</azimuthalGap>
      <minimumDistance>0.22</minimumDistance>
      <maximumDistance>1.57</maximumDistance>
    </quality>
    <evaluationMode>manual</evaluationMode>
    <creationInfo>
      <agencyURI>smi:smi-registry/organization/EMSC</agencyURI>
      <authorURI>smi:smi-registry/organization/EMSC</authorURI>
    </creationInfo>
    <originUncertainty>
      <azimuthMaxHorizontalUncertainty>-99</azimuthMaxHorizontalUncertainty>
    </originUncertainty>
  </origin>
  <magnitude publicID="quakeml:eu.emsc/event/20040427_0000003/origin/1308930/mag/2">
    <mag>
      <value>3.1</value>
    </mag>
    <type>MD</type>
    <originID>quakeml:eu.emsc/event/20040427_0000003/origin/1308930</originID>
    <creationInfo>
      <agencyURI>smi:smi-registry/organization/EMSC</agencyURI>
      <authorURI>smi:smi-registry/organization/EMSC</authorURI>
    </creationInfo>
  </magnitude>
</event>
<event publicID="quakeml:eu.emsc/event/20040427_0000001">
  <preferredOriginID>quakeml:eu.emsc/event/20040427_0000001/origin/1322914</preferredOriginID>
  <preferredMagnitudeID>quakeml:eu.emsc/event/20040427_0000001/origin/1322914/mag/2</preferredMagnitudeID>
  <creationInfo>
    <agencyURI>smi:smi-registry/organization/EMSC</agencyURI>
    <authorURI>smi:smi-registry/organization/EMSC</authorURI>
    <creationTime>2014-12-03T10:57:35.640981Z</creationTime>
  </creationInfo>
  <description>
    <text>GREECE</text>
    <type>Flinn-Engdahl region</type>
  </description>
  <origin publicID="quakeml:eu.emsc/event/20040427_0000001/origin/1322914">
    <time>
      <value>2004-04-27T00:14:25.2Z</value>
      <uncertainty>0.28</uncertainty>
    </time>
    <latitude>
      <value>39.3629</value>
      <uncertainty>5.9</uncertainty>
    </latitude>
    <longitude>
      <value>20.5932</value>
      <uncertainty>5.1</uncertainty>
    </longitude>
    <depth>
      <value>2000</value>
    </depth>
    <depthType>from location</depthType>
    <methodID>smi:eu.emsc-csem/origin_method/NA</methodID>
    <quality>
      <usedPhaseCount>24</usedPhaseCount>
      <usedStationCount>17</usedStationCount>
      <standardError>1.02</standardError>
      <azimuthalGap>119</azimuthalGap>
      <minimumDistance>0.26</minimumDistance>
      <maximumDistance>2.89</maximumDistance>
    </quality>
    <evaluationMode>manual</evaluationMode>
    <creationInfo>
      <agencyURI>smi:smi-registry/organization/EMSC</agencyURI>
      <authorURI>smi:smi-registry/organization/EMSC</authorURI>
    </creationInfo>
    <originUncertainty>
      <azimuthMaxHorizontalUncertainty>34</azimuthMaxHorizontalUncertainty>
    </originUncertainty>
  </origin>
  <magnitude publicID="quakeml:eu.emsc/event/20040427_0000001/origin/1322914/mag/2">
    <mag>
      <value>2.8</value>
    </mag>
    <type>ML</type>
    <originID>quakeml:eu.emsc/event/20040427_0000001/origin/1322914</originID>
    <creationInfo>
      <agencyURI>smi:smi-registry/organization/EMSC</agencyURI>
      <authorURI>smi:smi-registry/organization/EMSC</authorURI>
    </creationInfo>
  </magnitude>
</event>
<event publicID="quakeml:eu.emsc/event/20040427_0000028">
  <preferredOriginID>quakeml:eu.emsc/event/20040427_0000028/origin/1308932</preferredOriginID>
  <preferredMagnitudeID>quakeml:eu.emsc/event/20040427_0000028/origin/1308932/mag/2</preferredMagnitudeID>
  <creationInfo>
    <agencyURI>smi:smi-registry/organization/EMSC</agencyURI>
    <authorURI>smi:smi-registry/organization/EMSC</authorURI>
    <creationTime>2014-12-10T18:13:01.810743Z</creationTime>
  </creationInfo>
  <description>
    <text>FRANCE</text>
    <type>Flinn-Engdahl region</type>
  </description>
  <origin publicID="quakeml:eu.emsc/event/20040427_0000028/origin/1308932">
    <time>
      <value>2004-04-27T00:00:06.1Z</value>
    </time>
    <latitude>
      <value>46.9076</value>
      <uncertainty>9999.9</uncertainty>
    </latitude>
    <longitude>
      <value>-0.7271</value>
      <uncertainty>9999.9</uncertainty>
    </longitude>
    <depth>
      <value>2000</value>
    </depth>
    <depthType>from location</depthType>
    <methodID>smi:eu.emsc-csem/origin_method/NA</methodID>
    <quality>
      <usedPhaseCount>19</usedPhaseCount>
      <usedStationCount>10</usedStationCount>
      <standardError>1.54</standardError>
      <azimuthalGap>167</azimuthalGap>
      <minimumDistance>0.5</minimumDistance>
      <maximumDistance>2.48</maximumDistance>
    </quality>
    <evaluationMode>manual</evaluationMode>
    <creationInfo>
      <agencyURI>smi:smi-registry/organization/EMSC</agencyURI>
      <authorURI>smi:smi-registry/organization/EMSC</authorURI>
    </creationInfo>
    <originUncertainty>
      <azimuthMaxHorizontalUncertainty>-99</azimuthMaxHorizontalUncertainty>
    </originUncertainty>
  </origin>
  <magnitude publicID="quakeml:eu.emsc/event/20040427_0000028/origin/1308932/mag/2">
    <mag>
      <value>1.9</value>
      <uncertainty>0.2</uncertainty>
    </mag>
    <type>ML</type>
    <originID>quakeml:eu.emsc/event/20040427_0000028/origin/1308932</originID>
    <stationCount>10</stationCount>
    <creationInfo>
      <agencyURI>smi:smi-registry/organization/EMSC</agencyURI>
      <authorURI>smi:smi-registry/organization/EMSC</authorURI>
    </creationInfo>
  </magnitude>
</event>
</eventParameters>
</q:quakeml>
