<?xml version="1.0"?>
<q:quakeml xmlns:q="http://quakeml.org/xmlns/quakeml/1.2"  xmlns="http://quakeml.org/xmlns/bed/1.2">
<eventParameters publicID="smi:eu.emsc/unid">
<event publicID="quakeml:eu.emsc/event/20040330_0000025">
  <preferredOriginID>quakeml:eu.emsc/event/20040330_0000025/origin/1309850</preferredOriginID>
  <preferredMagnitudeID>quakeml:eu.emsc/event/20040330_0000025/origin/1309850/mag/2</preferredMagnitudeID>
  <creationInfo>
    <agencyURI>smi:smi-registry/organization/EMSC</agencyURI>
    <authorURI>smi:smi-registry/organization/EMSC</authorURI>
    <creationTime>2014-12-10T18:11:55.86274Z</creationTime>
  </creationInfo>
  <description>
    <text>SWITZERLAND</text>
    <type>Flinn-Engdahl region</type>
  </description>
  <origin publicID="quakeml:eu.emsc/event/20040330_0000025/origin/1309850">
    <time>
      <value>2004-03-30T23:58:37.4Z</value>
    </time>
    <latitude>
      <value>47.077</value>
      <uncertainty>9999.9</uncertainty>
    </latitude>
    <longitude>
      <value>9.038</value>
      <uncertainty>9999.9</uncertainty>
    </longitude>
    <depth>
      <value>10200.0</value>
    </depth>
    <depthType>from location</depthType>
    <methodID>smi:eu.emsc-csem/origin_method/NA</methodID>
    <quality>
      <usedPhaseCount>11</usedPhaseCount>
      <usedStationCount>6</usedStationCount>
      <standardError>0.44</standardError>
      <azimuthalGap>101</azimuthalGap>
      <minimumDistance>0.21</minimumDistance>
      <maximumDistance>0.47</maximumDistance>
    </quality>
    <evaluationMode>manual</evaluationMode>
    <creationInfo>
      <agencyURI>smi:smi-registry/organization/EMSC</agencyURI>
      <authorURI>smi:smi-registry/organization/EMSC</authorURI>
    </creationInfo>
    <originUncertainty>
      <azimuthMaxHorizontalUncertainty>-99</azimuthMaxHorizontalUncertainty>
    </originUncertainty>
  </origin>
  <magnitude publicID="quakeml:eu.emsc/event/20040330_0000025/origin/1309850/mag/2">
    <mag>
      <value>0.7</value>
    </mag>
    <type>ML</type>
    <originID>quakeml:eu.emsc/event/20040330_0000025/origin/1309850</originID>
    <stationCount>5</stationCount>
    <creationInfo>
      <agencyURI>smi:smi-registry/organization/EMSC</agencyURI>
      <authorURI>smi:smi-registry/organization/EMSC</authorURI>
    </creationInfo>
  </magnitude>
</event>
<event publicID="quakeml:eu.emsc/event/20040330_0000020">
  <preferredOriginID>quakeml:eu.emsc/event/20040330_0000020/origin/1339191</preferredOriginID>
  <preferredMagnitudeID>quakeml:eu.emsc/event/20040330_0000020/origin/1339191/mag/2</preferredMagnitudeID>
  <creationInfo>
    <agencyURI>smi:smi-registry/organization/EMSC</agencyURI>
    <authorURI>smi:smi-registry/organization/EMSC</authorURI>
    <creationTime>2014-12-03T11:16:40.610047Z</creationTime>
  </creationInfo>
  <description>
    <text>WESTERN TURKEY</text>
    <type>Flinn-Engdahl region</type>
  </description>
  <origin publicID="quakeml:eu.emsc/event/20040330_0000020/origin/1339191">
    <time>
      <value>2004-03-30T23:50:02.5Z</value>
      <uncertainty>0.22</uncertainty>
    </time>
    <latitude>
      <value>37.2776</value>
      <uncertainty>5.9</uncertainty>
    </latitude>
    <longitude>
      <value>28.0794</value>
      <uncertainty>5</uncertainty>
    </longitude>
    <depth>
      <value>8000</value>
    </depth>
    <depthType>from location</depthType>
    <methodID>smi:eu.emsc-csem/origin_method/NA</methodID>
    <quality>
      <usedPhaseCount>17</usedPhaseCount>
      <usedStationCount>13</usedStationCount>
      <standardError>0.75</standardError>
      <azimuthalGap>70</azimuthalGap>
      <minimumDistance>0.22</minimumDistance>
      <maximumDistance>2.39</maximumDistance>
    </quality>
    <evaluationMode>manual</evaluationMode>
    <creationInfo>
      <agencyURI>smi:smi-registry/organization/EMSC</agencyURI>
      <authorURI>smi:smi-registry/organization/EMSC</authorURI>
    </creationInfo>
    <originUncertainty>
      <azimuthMaxHorizontalUncertainty>28</azimuthMaxHorizontalUncertainty>
    </originUncertainty>
  </origin>
  <magnitude publicID="quakeml:eu.emsc/event/20040330_0000020/origin/1339191/mag/2">
    <mag>
      <value>3.2</value>
    </mag>
    <type>MD</type>
    <originID>quakeml:eu.emsc/event/20040330_0000020/origin/1339191</originID>
    <creationInfo>
      <agencyURI>smi:smi-registry/organization/EMSC</agencyURI>
      <authorURI>smi:smi-registry/organization/EMSC</authorURI>
    </creationInfo>
  </magnitude>
</event>
<event publicID="quakeml:eu.emsc/event/20040330_0000022">
  <preferredOriginID>quakeml:eu.emsc/event/20040330_0000022/origin/1309852</preferredOriginID>
  <preferredMagnitudeID>quakeml:eu.emsc/event/20040330_0000022/origin/1309852/mag/2</preferredMagnitudeID>
  <creationInfo>
    <agencyURI>smi:smi-registry/organization/EMSC</agencyURI>
    <authorURI>smi:smi-registry/organization/EMSC</authorURI>
    <creationTime>2014-12-11T00:43:15.811025Z</creationTime>
  </creationInfo>
  <description>
    <text>EASTERN TURKEY</text>
    <type>Flinn-Engdahl region</type>
  </description>
  <origin publicID="quakeml:eu.emsc/event/20040330_0000022/origin/1309852">
    <time>
      <value>2004-03-30T23:23:04.7Z</value>
    </time>
    <latitude>
      <value>39.094</value>
      <uncertainty>9999.9</uncertainty>
    </latitude>
    <longitude>
      <value>40.369</value>
      <uncertainty>9999.9</uncertainty>
    </longitude>
    <depth>
      <value>5000</value>
    </depth>
    <depthType>from location</depthType>
    <methodID>smi:eu.emsc-csem/origin_method/NA</methodID>
    <quality>
      <usedPhaseCount>7</usedPhaseCount>
      <usedStationCount>5</usedStationCount>
      <standardError>1.46</standardError>
      <azimuthalGap>161</azimuthalGap>
      <minimumDistance>0.24</minimumDistance>
      <maximumDistance>1.7</maximumDistance>
    </quality>
    <evaluationMode>manual</evaluationMode>
    <creationInfo>
      <agencyURI>smi:smi-registry/organization/EMSC</agencyURI>
      <authorURI>smi:smi-registry/organization/EMSC</authorURI>
    </creationInfo>
    <originUncertainty>
      <azimuthMaxHorizontalUncertainty>-99</azimuthMaxHorizontalUncertainty>
    </originUncertainty>
  </origin>
  <magnitude publicID="quakeml:eu.emsc/event/20040330_0000022/origin/1309852/mag/2">
    <mag>
      <value>3.1</value>
    </mag>
    <type>MD</type>
    <originID>quakeml:eu.emsc/event/20040330_0000022/origin/1309852</originID>
    <creationInfo>
      <agencyURI>smi:smi-registry/organization/EMSC</agencyURI>
      <authorURI>smi:smi-registry/organization/EMSC</authorURI>
    </creationInfo>
  </magnitude>
</event>
<event publicID="quakeml:eu.emsc/event/20040330_0000031">
  <preferredOriginID>quakeml:eu.emsc/event/20040330_0000031/origin/1309854</preferredOriginID>
  <preferredMagnitudeID>quakeml:eu.emsc/event/20040330_0000031/origin/1309854/mag/2</preferredMagnitudeID>
  <creationInfo>
    <agencyURI>smi:smi-registry/organization/EMSC</agencyURI>
    <authorURI>smi:smi-registry/organization/EMSC</authorURI>
    <creationTime>2014-12-10T18:11:55.322819Z</creationTime>
  </creationInfo>
  <description>
    <text>NORTHERN ITALY</text>
    <type>Flinn-Engdahl region</type>
  </description>
  <origin publicID="quakeml:eu.emsc/event/20040330_0000031/origin/1309854">
    <time>
      <value>2004-03-30T23:03:49.5Z</value>
    </time>
    <latitude>
      <value>44.3387</value>
      <uncertainty>9999.9</uncertainty>
    </latitude>
    <longitude>
      <value>7.3083</value>
      <uncertainty>9999.9</uncertainty>
    </longitude>
    <depth>
      <value>7300.0</value>
    </depth>
    <depthType>from location</depthType>
    <methodID>smi:eu.emsc-csem/origin_method/NA</methodID>
    <quality>
      <usedPhaseCount>8</usedPhaseCount>
      <usedStationCount>4</usedStationCount>
      <standardError>1.24</standardError>
      <azimuthalGap>185</azimuthalGap>
      <minimumDistance>0.09</minimumDistance>
      <maximumDistance>0.22</maximumDistance>
    </quality>
    <evaluationMode>manual</evaluationMode>
    <creationInfo>
      <agencyURI>smi:smi-registry/organization/EMSC</agencyURI>
      <authorURI>smi:smi-registry/organization/EMSC</authorURI>
    </creationInfo>
    <originUncertainty>
      <azimuthMaxHorizontalUncertainty>-99</azimuthMaxHorizontalUncertainty>
    </originUncertainty>
  </origin>
  <magnitude publicID="quakeml:eu.emsc/event/20040330_0000031/origin/1309854/mag/2">
    <mag>
      <value>1.5</value>
    </mag>
    <type>ML</type>
    <originID>quakeml:eu.emsc/event/20040330_0000031/origin/1309854</originID>
    <creationInfo>
      <agencyURI>smi:smi-registry/organization/EMSC</agencyURI>
      <authorURI>smi:smi-registry/organization/EMSC</authorURI>
    </creationInfo>
  </magnitude>
</event>
<event publicID="quakeml:eu.emsc/event/20040330_0000021">
  <preferredOriginID>quakeml:eu.emsc/event/20040330_0000021/origin/1309856</preferredOriginID>
  <preferredMagnitudeID>quakeml:eu.emsc/event/20040330_0000021/origin/1309856/mag/2</preferredMagnitudeID>
  <creationInfo>
    <agencyURI>smi:smi-registry/organization/EMSC</agencyURI>
    <authorURI>smi:smi-registry/organization/EMSC</authorURI>
    <creationTime>2014-12-11T00:43:13.413884Z</creationTime>
  </creationInfo>
  <description>
    <text>EASTERN TURKEY</text>
    <type>Flinn-Engdahl region</type>
  </description>
  <origin publicID="quakeml:eu.emsc/event/20040330_0000021/origin/1309856">
    <time>
      <value>2004-03-30T21:22:53.2Z</value>
    </time>
    <latitude>
      <value>39.878</value>
      <uncertainty>9999.9</uncertainty>
    </latitude>
    <longitude>
      <value>40.702</value>
      <uncertainty>9999.9</uncertainty>
    </longitude>
    <depth>
      <value>5000</value>
    </depth>
    <depthType>from location</depthType>
    <methodID>smi:eu.emsc-csem/origin_method/NA</methodID>
    <quality>
      <usedPhaseCount>8</usedPhaseCount>
      <usedStationCount>6</usedStationCount>
      <standardError>1.89</standardError>
      <azimuthalGap>124</azimuthalGap>
      <minimumDistance>1.01</minimumDistance>
      <maximumDistance>2.47</maximumDistance>
    </quality>
    <evaluationMode>manual</evaluationMode>
    <creationInfo>
      <agencyURI>smi:smi-registry/organization/EMSC</agencyURI>
      <authorURI>smi:smi-registry/organization/EMSC</authorURI>
    </creationInfo>
    <originUncertainty>
      <azimuthMaxHorizontalUncertainty>-99</azimuthMaxHorizontalUncertainty>
    </originUncertainty>
  </origin>
  <magnitude publicID="quakeml:eu.emsc/event/20040330_0000021/origin/1309856/mag/2">
    <mag>
      <value>3.3</value>
    </mag>
    <type>MD</type>
    <originID>quakeml:eu.emsc/event/20040330_0000021/origin/1309856</originID>
    <creationInfo>
      <agencyURI>smi:smi-registry/organization/EMSC</agencyURI>
      <authorURI>smi:smi-registry/organization/EMSC</authorURI>
    </creationInfo>
  </magnitude>
</event>
<event publicID="quakeml:eu.emsc/event/20040330_0000029">
  <preferredOriginID>quakeml:eu.emsc/event/20040330_0000029/origin/1309858</preferredOriginID>
  <preferredMagnitudeID>quakeml:eu.emsc/event/20040330_0000029/origin/1309858/mag/2</preferredMagnitudeID>
  <creationInfo>
    <agencyURI>smi:smi-registry/organization/EMSC</agencyURI>
    <authorURI>smi:smi-registry/organization/EMSC</authorURI>
    <creationTime>2014-12-10T18:11:54.816856Z</creationTime>
  </creationInfo>
  <description>
    <text>NORTHERN ITALY</text>
    <type>Flinn-Engdahl region</type>
  </description>
  <origin publicID="quakeml:eu.emsc/event/20040330_0000029/origin/1309858">
    <time>
      <value>2004-03-30T20:19:05.4Z</value>
    </time>
    <latitude>
      <value>46.192</value>
      <uncertainty>9999.9</uncertainty>
    </latitude>
    <longitude>
      <value>9.274</value>
      <uncertainty>9999.9</uncertainty>
    </longitude>
    <depth>
      <value>14400.0</value>
    </depth>
    <depthType>from location</depthType>
    <methodID>smi:eu.emsc-csem/origin_method/NA</methodID>
    <quality>
      <usedPhaseCount>7</usedPhaseCount>
      <usedStationCount>5</usedStationCount>
      <standardError>0.15</standardError>
      <azimuthalGap>144</azimuthalGap>
      <minimumDistance>0.31</minimumDistance>
      <maximumDistance>0.72</maximumDistance>
    </quality>
    <evaluationMode>manual</evaluationMode>
    <creationInfo>
      <agencyURI>smi:smi-registry/organization/EMSC</agencyURI>
      <authorURI>smi:smi-registry/organization/EMSC</authorURI>
    </creationInfo>
    <originUncertainty>
      <azimuthMaxHorizontalUncertainty>-99</azimuthMaxHorizontalUncertainty>
    </originUncertainty>
  </origin>
  <magnitude publicID="quakeml:eu.emsc/event/20040330_0000029/origin/1309858/mag/2">
    <mag>
      <value>0.9</value>
    </mag>
    <type>ML</type>
    <originID>quakeml:eu.emsc/event/20040330_0000029/origin/1309858</originID>
    <stationCount>4</stationCount>
    <creationInfo>
      <agencyURI>smi:smi-registry/organization/EMSC</agencyURI>
      <authorURI>smi:smi-registry/organization/EMSC</authorURI>
    </creationInfo>
  </magnitude>
</event>
<event publicID="quakeml:eu.emsc/event/20040330_0000016">
  <preferredOriginID>quakeml:eu.emsc/event/20040330_0000016/origin/1339193</preferredOriginID>
  <preferredMagnitudeID>quakeml:eu.emsc/event/20040330_0000016/origin/1339193/mag/2</preferredMagnitudeID>
  <creationInfo>
    <agencyURI>smi:smi-registry/organization/EMSC</agencyURI>
    <authorURI>smi:smi-registry/organization/EMSC</authorURI>
    <creationTime>2014-12-03T11:20:13.634955Z</creationTime>
  </creationInfo>
  <description>
    <text>EASTERN TURKEY</text>
    <type>Flinn-Engdahl region</type>
  </description>
  <origin publicID="quakeml:eu.emsc/event/20040330_0000016/origin/1339193">
    <time>
      <value>2004-03-30T19:47:09.3Z</value>
      <uncertainty>0.3</uncertainty>
    </time>
    <latitude>
      <value>39.9582</value>
      <uncertainty>8.8</uncertainty>
    </latitude>
    <longitude>
      <value>40.703</value>
      <uncertainty>7.4</uncertainty>
    </longitude>
    <depth>
      <value>2000</value>
    </depth>
    <depthType>from location</depthType>
    <methodID>smi:eu.emsc-csem/origin_method/NA</methodID>
    <quality>
      <usedPhaseCount>11</usedPhaseCount>
      <usedStationCount>10</usedStationCount>
      <standardError>0.72</standardError>
      <azimuthalGap>120</azimuthalGap>
      <minimumDistance>1.06</minimumDistance>
      <maximumDistance>3.54</maximumDistance>
    </quality>
    <evaluationMode>manual</evaluationMode>
    <creationInfo>
      <agencyURI>smi:smi-registry/organization/EMSC</agencyURI>
      <authorURI>smi:smi-registry/organization/EMSC</authorURI>
    </creationInfo>
    <originUncertainty>
      <azimuthMaxHorizontalUncertainty>145</azimuthMaxHorizontalUncertainty>
    </originUncertainty>
  </origin>
  <magnitude publicID="quakeml:eu.emsc/event/20040330_0000016/origin/1339193/mag/2">
    <mag>
      <value>3.6</value>
    </mag>
    <type>MD</type>
    <originID>quakeml:eu.emsc/event/20040330_0000016/origin/1339193</originID>
    <creationInfo>
      <agencyURI>smi:smi-registry/organization/EMSC</agencyURI>
      <authorURI>smi:smi-registry/organization/EMSC</authorURI>
    </creationInfo>
  </magnitude>
</event>
<event publicID="quakeml:eu.emsc/event/20040330_0000019">
  <preferredOriginID>quakeml:eu.emsc/event/20040330_0000019/origin/1309860</preferredOriginID>
  <preferredMagnitudeID>quakeml:eu.emsc/event/20040330_0000019/origin/1309860/mag/2</preferredMagnitudeID>
  <creationInfo>
    <agencyURI>smi:smi-registry/organization/EMSC</agencyURI>
    <authorURI>smi:smi-registry/organization/EMSC</authorURI>
    <creationTime>2014-12-11T00:43:08.163547Z</creationTime>
  </creationInfo>
  <description>
    <text>EASTERN TURKEY</text>
    <type>Flinn-Engdahl region</type>
  </description>
  <origin publicID="quakeml:eu.emsc/event/20040330_0000019/origin/1309860">
    <time>
      <value>2004-03-30T18:54:19.0Z</value>
    </time>
    <latitude>
      <value>39.89</value>
      <uncertainty>9999.9</uncertainty>
    </latitude>
    <longitude>
      <value>40.698</value>
      <uncertainty>9999.9</uncertainty>
    </longitude>
    <depth>
      <value>7000</value>
    </depth>
    <depthType>from location</depthType>
    <methodID>smi:eu.emsc-csem/origin_method/NA</methodID>
    <quality>
      <usedPhaseCount>7</usedPhaseCount>
      <usedStationCount>4</usedStationCount>
      <standardError>1.18</standardError>
      <azimuthalGap>183</azimuthalGap>
      <minimumDistance>1.03</minimumDistance>
      <maximumDistance>2.48</maximumDistance>
    </quality>
    <evaluationMode>manual</evaluationMode>
    <creationInfo>
      <agencyURI>smi:smi-registry/organization/EMSC</agencyURI>
      <authorURI>smi:smi-registry/organization/EMSC</authorURI>
    </creationInfo>
    <originUncertainty>
      <azimuthMaxHorizontalUncertainty>-99</azimuthMaxHorizontalUncertainty>
    </originUncertainty>
  </origin>
  <magnitude publicID="quakeml:eu.emsc/event/20040330_0000019/origin/1309860/mag/2">
    <mag>
      <value>3.3</value>
    </mag>
    <type>MD</type>
    <originID>quakeml:eu.emsc/event/20040330_0000019/origin/1309860</originID>
    <creationInfo>
      <agencyURI>smi:smi-registry/organization/EMSC</agencyURI>
      <authorURI>smi:smi-registry/organization/EMSC</authorURI>
    </creationInfo>
  </magnitude>
</event>
<event publicID="quakeml:eu.emsc/event/20040330_0000017">
  <preferredOriginID>quakeml:eu.emsc/event/20040330_0000017/origin/1309862</preferredOriginID>
  <preferredMagnitudeID>quakeml:eu.emsc/event/20040330_0000017/origin/1309862/mag/2</preferredMagnitudeID>
  <creationInfo>
    <agencyURI>smi:smi-registry/organization/EMSC</agencyURI>
    <authorURI>smi:smi-registry/organization/EMSC</authorURI>
    <creationTime>2014-12-11T00:43:04.898769Z</creationTime>
  </creationInfo>
  <description>
    <text>EASTERN TURKEY</text>
    <type>Flinn-Engdahl region</type>
  </description>
  <origin publicID="quakeml:eu.emsc/event/20040330_0000017/origin/1309862">
    <time>
      <value>2004-03-30T18:05:40.6Z</value>
    </time>
    <latitude>
      <value>39.92</value>
      <uncertainty>9999.9</uncertainty>
    </latitude>
    <longitude>
      <value>40.755</value>
      <uncertainty>9999.9</uncertainty>
    </longitude>
    <depth>
      <value>2000</value>
    </depth>
    <depthType>from location</depthType>
    <methodID>smi:eu.emsc-csem/origin_method/NA</methodID>
    <quality>
      <usedPhaseCount>6</usedPhaseCount>
      <usedStationCount>4</usedStationCount>
      <standardError>1.49</standardError>
      <azimuthalGap>222</azimuthalGap>
      <minimumDistance>1.06</minimumDistance>
      <maximumDistance>2.06</maximumDistance>
    </quality>
    <evaluationMode>manual</evaluationMode>
    <creationInfo>
      <agencyURI>smi:smi-registry/organization/EMSC</agencyURI>
      <authorURI>smi:smi-registry/organization/EMSC</authorURI>
    </creationInfo>
    <originUncertainty>
      <azimuthMaxHorizontalUncertainty>-99</azimuthMaxHorizontalUncertainty>
    </originUncertainty>
  </origin>
  <magnitude publicID="quakeml:eu.emsc/event/20040330_0000017/origin/1309862/mag/2">
    <mag>
      <value>3.3</value>
    </mag>
    <type>MD</type>
    <originID>quakeml:eu.emsc/event/20040330_0000017/origin/1309862</originID>
    <creationInfo>
      <agencyURI>smi:smi-registry/organization/EMSC</agencyURI>
      <authorURI>smi:smi-registry/organization/EMSC</authorURI>
    </creationInfo>
  </magnitude>
</event>
<event publicID="quakeml:eu.emsc/event/20040330_0000015">
  <preferredOriginID>quakeml:eu.emsc/event/20040330_0000015/origin/1339196</preferredOriginID>
  <preferredMagnitudeID>quakeml:eu.emsc/event/20040330_0000015/origin/1339196/mag/1</preferredMagnitudeID>
  <creationInfo>
    <agencyURI>smi:smi-registry/organization/EMSC</agencyURI>
    <authorURI>smi:smi-registry/organization/EMSC</authorURI>
    <creationTime>2014-12-03T10:29:12.232898Z</creationTime>
  </creationInfo>
  <description>
    <text>EGYPT</text>
    <type>Flinn-Engdahl region</type>
  </description>
  <origin publicID="quakeml:eu.emsc/event/20040330_0000015/origin/1339196">
    <time>
      <value>2004-03-30T18:03:41.4Z</value>
      <uncertainty>0.14</uncertainty>
    </time>
    <latitude>
      <value>29.4885</value>
      <uncertainty>8.7</uncertainty>
    </latitude>
    <longitude>
      <value>34.8866</value>
      <uncertainty>2.3</uncertainty>
    </longitude>
    <depth>
      <value>20000</value>
    </depth>
    <depthType>from location</depthType>
    <methodID>smi:eu.emsc-csem/origin_method/NA</methodID>
    <quality>
      <usedPhaseCount>19</usedPhaseCount>
      <usedStationCount>16</usedStationCount>
      <standardError>0.47</standardError>
      <azimuthalGap>162</azimuthalGap>
      <minimumDistance>0.19</minimumDistance>
      <maximumDistance>1.93</maximumDistance>
    </quality>
    <evaluationMode>manual</evaluationMode>
    <creationInfo>
      <agencyURI>smi:smi-registry/organization/EMSC</agencyURI>
      <authorURI>smi:smi-registry/organization/EMSC</authorURI>
    </creationInfo>
    <originUncertainty>
      <azimuthMaxHorizontalUncertainty>79</azimuthMaxHorizontalUncertainty>
    </originUncertainty>
  </origin>
  <magnitude publicID="quakeml:eu.emsc/event/20040330_0000015/origin/1339196/mag/1">
    <mag>
      <value>2.7</value>
    </mag>
    <type>Mw</type>
    <originID>quakeml:eu.emsc/event/20040330_0000015/origin/1339196</originID>
    <creationInfo>
      <agencyURI>smi:smi-registry/organization/EMSC</agencyURI>
      <authorURI>smi:smi-registry/organization/EMSC</authorURI>
    </creationInfo>
  </magnitude>
</event>
<event publicID="quakeml:eu.emsc/event/20040330_0000024">
  <preferredOriginID>quakeml:eu.emsc/event/20040330_0000024/origin/1309864</preferredOriginID>
  <preferredMagnitudeID>quakeml:eu.emsc/event/20040330_0000024/origin/1309864/mag/2</preferredMagnitudeID>
  <creationInfo>
    <agencyURI>smi:smi-registry/organization/EMSC</agencyURI>
    <authorURI>smi:smi-registry/organization/EMSC</authorURI>
    <creationTime>2014-12-10T18:11:53.838672Z</creationTime>
  </creationInfo>
  <description>
    <text>FRANCE</text>
    <type>Flinn-Engdahl region</type>
  </description>
  <origin publicID="quakeml:eu.emsc/event/20040330_0000024/origin/1309864">
    <time>
      <value>2004-03-30T16:34:09.3Z</value>
    </time>
    <latitude>
      <value>46.4809</value>
      <uncertainty>9999.9</uncertainty>
    </latitude>
    <longitude>
      <value>2.1023</value>
      <uncertainty>9999.9</uncertainty>
    </longitude>
    <depth>
      <value>3000</value>
    </depth>
    <depthType>from location</depthType>
    <methodID>smi:eu.emsc-csem/origin_method/NA</methodID>
    <quality>
      <usedPhaseCount>18</usedPhaseCount>
      <usedStationCount>10</usedStationCount>
      <standardError>0.64</standardError>
      <azimuthalGap>109</azimuthalGap>
      <minimumDistance>0.21</minimumDistance>
      <maximumDistance>1.56</maximumDistance>
    </quality>
    <evaluationMode>manual</evaluationMode>
    <creationInfo>
      <agencyURI>smi:smi-registry/organization/EMSC</agencyURI>
      <authorURI>smi:smi-registry/organization/EMSC</authorURI>
    </creationInfo>
    <originUncertainty>
      <azimuthMaxHorizontalUncertainty>-99</azimuthMaxHorizontalUncertainty>
    </originUncertainty>
  </origin>
  <magnitude publicID="quakeml:eu.emsc/event/20040330_0000024/origin/1309864/mag/2">
    <mag>
      <value>1.9</value>
      <uncertainty>0.2</uncertainty>
    </mag>
    <type>ML</type>
    <originID>quakeml:eu.emsc/event/20040330_0000024/origin/1309864</originID>
    <stationCount>7</stationCount>
    <creationInfo>
      <agencyURI>smi:smi-registry/organization/EMSC</agencyURI>
      <authorURI>smi:smi-registry/organization/EMSC</authorURI>
    </creationInfo>
  </magnitude>
</event>
<event publicID="quakeml:eu.emsc/event/20040330_0000013">
  <preferredOriginID>quakeml:eu.emsc/event/20040330_0000013/origin/1339199</preferredOriginID>
  <preferredMagnitudeID>quakeml:eu.emsc/event/20040330_0000013/origin/1339199/mag/2</preferredMagnitudeID>
  <creationInfo>
    <agencyURI>smi:smi-registry/organization/EMSC</agencyURI>
    <authorURI>smi:smi-registry/organization/EMSC</authorURI>
    <creationTime>2014-12-03T12:17:37.19971Z</creationTime>
  </creationInfo>
  <description>
    <text>GREECE</text>
    <type>Flinn-Engdahl region</type>
  </description>
  <origin publicID="quakeml:eu.emsc/event/20040330_0000013/origin/1339199">
    <time>
      <value>2004-03-30T15:38:35.9Z</value>
      <uncertainty>0.54</uncertainty>
    </time>
    <latitude>
      <value>38.0402</value>
      <uncertainty>10.7</uncertainty>
    </latitude>
    <longitude>
      <value>20.2725</value>
      <uncertainty>5.2</uncertainty>
    </longitude>
    <depth>
      <value>2000</value>
    </depth>
    <depthType>from location</depthType>
    <methodID>smi:eu.emsc-csem/origin_method/NA</methodID>
    <quality>
      <usedPhaseCount>15</usedPhaseCount>
      <usedStationCount>11</usedStationCount>
      <standardError>0.64</standardError>
      <azimuthalGap>224</azimuthalGap>
      <minimumDistance>0.29</minimumDistance>
      <maximumDistance>2.87</maximumDistance>
    </quality>
    <evaluationMode>manual</evaluationMode>
    <creationInfo>
      <agencyURI>smi:smi-registry/organization/EMSC</agencyURI>
      <authorURI>smi:smi-registry/organization/EMSC</authorURI>
    </creationInfo>
    <originUncertainty>
      <azimuthMaxHorizontalUncertainty>55</azimuthMaxHorizontalUncertainty>
    </originUncertainty>
  </origin>
  <magnitude publicID="quakeml:eu.emsc/event/20040330_0000013/origin/1339199/mag/2">
    <mag>
      <value>3.4</value>
    </mag>
    <type>MD</type>
    <originID>quakeml:eu.emsc/event/20040330_0000013/origin/1339199</originID>
    <creationInfo>
      <agencyURI>smi:smi-registry/organization/EMSC</agencyURI>
      <authorURI>smi:smi-registry/organization/EMSC</authorURI>
    </creationInfo>
  </magnitude>
</event>
<event publicID="quakeml:eu.emsc/event/20040330_0000014">
  <preferredOriginID>quakeml:eu.emsc/event/20040330_0000014/origin/1309866</preferredOriginID>
  <preferredMagnitudeID>quakeml:eu.emsc/event/20040330_0000014/origin/1309866/mag/2</preferredMagnitudeID>
  <creationInfo>
    <agencyURI>smi:smi-registry/organization/EMSC</agencyURI>
    <authorURI>smi:smi-registry/organization/EMSC</authorURI>
    <creationTime>2014-12-11T00:42:59.81938Z</creationTime>
  </creationInfo>
  <description>
    <text>CENTRAL TURKEY</text>
    <type>Flinn-Engdahl region</type>
  </description>
  <origin publicID="quakeml:eu.emsc/event/20040330_0000014/origin/1309866">
    <time>
      <value>2004-03-30T14:55:48.1Z</value>
    </time>
    <latitude>
      <value>39.82</value>
      <uncertainty>9999.9</uncertainty>
    </latitude>
    <longitude>
      <value>33.085</value>
      <uncertainty>9999.9</uncertainty>
    </longitude>
    <depth>
      <value>7000</value>
    </depth>
    <depthType>from location</depthType>
    <methodID>smi:eu.emsc-csem/origin_method/NA</methodID>
    <quality>
      <usedPhaseCount>9</usedPhaseCount>
      <usedStationCount>8</usedStationCount>
      <standardError>0.62</standardError>
      <azimuthalGap>92</azimuthalGap>
      <minimumDistance>0.26</minimumDistance>
      <maximumDistance>1.75</maximumDistance>
    </quality>
    <evaluationMode>manual</evaluationMode>
    <creationInfo>
      <agencyURI>smi:smi-registry/organization/EMSC</agencyURI>
      <authorURI>smi:smi-registry/organization/EMSC</authorURI>
    </creationInfo>
    <originUncertainty>
      <azimuthMaxHorizontalUncertainty>-99</azimuthMaxHorizontalUncertainty>
    </originUncertainty>
  </origin>
  <magnitude publicID="quakeml:eu.emsc/event/20040330_0000014/origin/1309866/mag/2">
    <mag>
      <value>3.1</value>
    </mag>
    <type>MD</type>
    <originID>quakeml:eu.emsc/event/20040330_0000014/origin/1309866</originID>
    <creationInfo>
      <agencyURI>smi:smi-registry/organization/EMSC</agencyURI>
      <authorURI>smi:smi-registry/organization/EMSC</authorURI>
    </creationInfo>
  </magnitude>
</event>
<event publicID="quakeml:eu.emsc/event/20040330_0000012">
  <preferredOriginID>quakeml:eu.emsc/event/20040330_0000012/origin/1500459</preferredOriginID>
  <preferredMagnitudeID>quakeml:eu.emsc/event/20040330_0000012/origin/1500459/mag/2</preferredMagnitudeID>
  <creationInfo>
    <agencyURI>smi:smi-registry/organization/EMSC</agencyURI>
    <authorURI>smi:smi-registry/organization/EMSC</authorURI>
    <creationTime>2014-12-03T10:56:09.847464Z</creationTime>
  </creationInfo>
  <description>
    <text>SOUTHERN IRAN</text>
    <type>Flinn-Engdahl region</type>
  </description>
  <origin publicID="quakeml:eu.emsc/event/20040330_0000012/origin/1500459">
    <time>
      <value>2004-03-30T13:31:55.3Z</value>
      <uncertainty>0.21</uncertainty>
    </time>
    <latitude>
      <value>29.4101</value>
      <uncertainty>9.6</uncertainty>
    </latitude>
    <longitude>
      <value>52.1</value>
      <uncertainty>4.9</uncertainty>
    </longitude>
    <depth>
      <value>10000</value>
    </depth>
    <depthType>from location</depthType>
    <methodID>smi:eu.emsc-csem/origin_method/NA</methodID>
    <quality>
      <usedPhaseCount>36</usedPhaseCount>
      <usedStationCount>33</usedStationCount>
      <standardError>0.82</standardError>
      <azimuthalGap>101</azimuthalGap>
      <minimumDistance>3.72</minimumDistance>
      <maximumDistance>94.64</maximumDistance>
    </quality>
    <evaluationMode>manual</evaluationMode>
    <creationInfo>
      <agencyURI>smi:smi-registry/organization/EMSC</agencyURI>
      <authorURI>smi:smi-registry/organization/EMSC</authorURI>
    </creationInfo>
    <originUncertainty>
      <azimuthMaxHorizontalUncertainty>145</azimuthMaxHorizontalUncertainty>
    </originUncertainty>
  </origin>
  <magnitude publicID="quakeml:eu.emsc/event/20040330_0000012/origin/1500459/mag/2">
    <mag>
      <value>3</value>
    </mag>
    <type>ML</type>
    <originID>quakeml:eu.emsc/event/20040330_0000012/origin/1500459</originID>
    <creationInfo>
      <agencyURI>smi:smi-registry/organization/EMSC</agencyURI>
      <authorURI>smi:smi-registry/organization/EMSC</authorURI>
    </creationInfo>
  </magnitude>
</event>
<event publicID="quakeml:eu.emsc/event/20040330_0000027">
  <preferredOriginID>quakeml:eu.emsc/event/20040330_0000027/origin/1309868</preferredOriginID>
  <preferredMagnitudeID>quakeml:eu.emsc/event/20040330_0000027/origin/1309868/mag/2</preferredMagnitudeID>
  <creationInfo>
    <agencyURI>smi:smi-registry/organization/EMSC</agencyURI>
    <authorURI>smi:smi-registry/organization/EMSC</authorURI>
    <creationTime>2014-12-10T18:11:53.325983Z</creationTime>
  </creationInfo>
  <description>
    <text>SWITZERLAND</text>
    <type>Flinn-Engdahl region</type>
  </description>
  <origin publicID="quakeml:eu.emsc/event/20040330_0000027/origin/1309868">
    <time>
      <value>2004-03-30T13:22:19.9Z</value>
    </time>
    <latitude>
      <value>46.923</value>
      <uncertainty>9999.9</uncertainty>
    </latitude>
    <longitude>
      <value>8.583</value>
      <uncertainty>9999.9</uncertainty>
    </longitude>
    <depth>
      <value>0</value>
    </depth>
    <depthType>from location</depthType>
    <methodID>smi:eu.emsc-csem/origin_method/NA</methodID>
    <quality>
      <usedPhaseCount>9</usedPhaseCount>
      <usedStationCount>6</usedStationCount>
      <standardError>1.68</standardError>
      <azimuthalGap>122</azimuthalGap>
      <minimumDistance>0.06</minimumDistance>
      <maximumDistance>0.47</maximumDistance>
    </quality>
    <evaluationMode>manual</evaluationMode>
    <creationInfo>
      <agencyURI>smi:smi-registry/organization/EMSC</agencyURI>
      <authorURI>smi:smi-registry/organization/EMSC</authorURI>
    </creationInfo>
    <originUncertainty>
      <azimuthMaxHorizontalUncertainty>-99</azimuthMaxHorizontalUncertainty>
    </originUncertainty>
  </origin>
  <magnitude publicID="quakeml:eu.emsc/event/20040330_0000027/origin/1309868/mag/2">
    <mag>
      <value>1.3</value>
    </mag>
    <type>ML</type>
    <originID>quakeml:eu.emsc/event/20040330_0000027/origin/1309868</originID>
    <stationCount>5</stationCount>
    <creationInfo>
      <agencyURI>smi:smi-registry/organization/EMSC</agencyURI>
      <authorURI>smi:smi-registry/organization/EMSC</authorURI>
    </creationInfo>
  </magnitude>
</event>
<event publicID="quakeml:eu.emsc/event/20040330_0000009">
  <preferredOriginID>quakeml:eu.emsc/event/20040330_0000009/origin/1309870</preferredOriginID>
  <preferredMagnitudeID>quakeml:eu.emsc/event/20040330_0000009/origin/1309870/mag/2</preferredMagnitudeID>
  <creationInfo>
    <agencyURI>smi:smi-registry/organization/EMSC</agencyURI>
    <authorURI>smi:smi-registry/organization/EMSC</authorURI>
    <creationTime>2014-12-11T00:42:41.76623Z</creationTime>
  </creationInfo>
  <description>
    <text>EASTERN TURKEY</text>
    <type>Flinn-Engdahl region</type>
  </description>
  <origin publicID="quakeml:eu.emsc/event/20040330_0000009/origin/1309870">
    <time>
      <value>2004-03-30T09:18:27.6Z</value>
    </time>
    <latitude>
      <value>39.528</value>
      <uncertainty>9999.9</uncertainty>
    </latitude>
    <longitude>
      <value>40.491</value>
      <uncertainty>9999.9</uncertainty>
    </longitude>
    <depth>
      <value>9000</value>
    </depth>
    <depthType>from location</depthType>
    <methodID>smi:eu.emsc-csem/origin_method/NA</methodID>
    <quality>
      <usedPhaseCount>5</usedPhaseCount>
      <usedStationCount>4</usedStationCount>
      <standardError>1.52</standardError>
      <azimuthalGap>219</azimuthalGap>
      <minimumDistance>0.65</minimumDistance>
      <maximumDistance>2.01</maximumDistance>
    </quality>
    <evaluationMode>manual</evaluationMode>
    <creationInfo>
      <agencyURI>smi:smi-registry/organization/EMSC</agencyURI>
      <authorURI>smi:smi-registry/organization/EMSC</authorURI>
    </creationInfo>
    <originUncertainty>
      <azimuthMaxHorizontalUncertainty>-99</azimuthMaxHorizontalUncertainty>
    </originUncertainty>
  </origin>
  <magnitude publicID="quakeml:eu.emsc/event/20040330_0000009/origin/1309870/mag/2">
    <mag>
      <value>3.1</value>
    </mag>
    <type>MD</type>
    <originID>quakeml:eu.emsc/event/20040330_0000009/origin/1309870</originID>
    <creationInfo>
      <agencyURI>smi:smi-registry/organization/EMSC</agencyURI>
      <authorURI>smi:smi-registry/organization/EMSC</authorURI>
    </creationInfo>
  </magnitude>
</event>
<event publicID="quakeml:eu.emsc/event/20040330_0000028">
  <preferredOriginID>quakeml:eu.emsc/event/20040330_0000028/origin/1338518</preferredOriginID>
  <preferredMagnitudeID>quakeml:eu.emsc/event/20040330_0000028/origin/1338518/mag/1</preferredMagnitudeID>
  <creationInfo>
    <agencyURI>smi:smi-registry/organization/EMSC</agencyURI>
    <authorURI>smi:smi-registry/organization/EMSC</authorURI>
    <creationTime>2014-12-03T16:46:15.994677Z</creationTime>
  </creationInfo>
  <description>
    <text>FRANCE</text>
    <type>Flinn-Engdahl region</type>
  </description>
  <origin publicID="quakeml:eu.emsc/event/20040330_0000028/origin/1338518">
    <time>
      <value>2004-03-30T08:48:48.3Z</value>
      <uncertainty>0.08</uncertainty>
    </time>
    <latitude>
      <value>44.4383</value>
      <uncertainty>1.8</uncertainty>
    </latitude>
    <longitude>
      <value>6.7964</value>
      <uncertainty>1.1</uncertainty>
    </longitude>
    <depth>
      <value>12000</value>
    </depth>
    <depthType>from location</depthType>
    <methodID>smi:eu.emsc-csem/origin_method/NA</methodID>
    <quality>
      <usedPhaseCount>45</usedPhaseCount>
      <usedStationCount>28</usedStationCount>
      <standardError>0.48</standardError>
      <azimuthalGap>51</azimuthalGap>
      <minimumDistance>0.04</minimumDistance>
      <maximumDistance>1.57</maximumDistance>
    </quality>
    <evaluationMode>manual</evaluationMode>
    <creationInfo>
      <agencyURI>smi:smi-registry/organization/EMSC</agencyURI>
      <authorURI>smi:smi-registry/organization/EMSC</authorURI>
    </creationInfo>
    <originUncertainty>
      <azimuthMaxHorizontalUncertainty>67</azimuthMaxHorizontalUncertainty>
    </originUncertainty>
  </origin>
  <magnitude publicID="quakeml:eu.emsc/event/20040330_0000028/origin/1338518/mag/1">
    <mag>
      <value>2</value>
      <uncertainty>0.4</uncertainty>
    </mag>
    <type>ML</type>
    <originID>quakeml:eu.emsc/event/20040330_0000028/origin/1338518</originID>
    <stationCount>9</stationCount>
    <creationInfo>
      <agencyURI>smi:smi-registry/organization/EMSC</agencyURI>
      <authorURI>smi:smi-registry/organization/EMSC</authorURI>
    </creationInfo>
  </magnitude>
</event>
<event publicID="quakeml:eu.emsc/event/20040330_0000007">
  <preferredOriginID>quakeml:eu.emsc/event/20040330_0000007/origin/1339208</preferredOriginID>
  <preferredMagnitudeID>quakeml:eu.emsc/event/20040330_0000007/origin/1339208/mag/2</preferredMagnitudeID>
  <creationInfo>
    <agencyURI>smi:smi-registry/organization/EMSC</agencyURI>
    <authorURI>smi:smi-registry/organization/EMSC</authorURI>
    <creationTime>2014-12-03T10:29:27.511351Z</creationTime>
  </creationInfo>
  <description>
    <text>SOUTHERN ITALY</text>
    <type>Flinn-Engdahl region</type>
  </description>
  <origin publicID="quakeml:eu.emsc/event/20040330_0000007/origin/1339208">
    <time>
      <value>2004-03-30T08:42:55.4Z</value>
      <uncertainty>0.15</uncertainty>
    </time>
    <latitude>
      <value>41.9988</value>
      <uncertainty>4</uncertainty>
    </latitude>
    <longitude>
      <value>16.2133</value>
      <uncertainty>3</uncertainty>
    </longitude>
    <depth>
      <value>20000</value>
    </depth>
    <depthType>from location</depthType>
    <methodID>smi:eu.emsc-csem/origin_method/NA</methodID>
    <quality>
      <usedPhaseCount>28</usedPhaseCount>
      <usedStationCount>22</usedStationCount>
      <standardError>0.73</standardError>
      <azimuthalGap>91</azimuthalGap>
      <minimumDistance>0.35</minimumDistance>
      <maximumDistance>4.67</maximumDistance>
    </quality>
    <evaluationMode>manual</evaluationMode>
    <creationInfo>
      <agencyURI>smi:smi-registry/organization/EMSC</agencyURI>
      <authorURI>smi:smi-registry/organization/EMSC</authorURI>
    </creationInfo>
    <originUncertainty>
      <azimuthMaxHorizontalUncertainty>82</azimuthMaxHorizontalUncertainty>
    </originUncertainty>
  </origin>
  <magnitude publicID="quakeml:eu.emsc/event/20040330_0000007/origin/1339208/mag/2">
    <mag>
      <value>2.2</value>
    </mag>
    <type>ML</type>
    <originID>quakeml:eu.emsc/event/20040330_0000007/origin/1339208</originID>
    <stationCount>7</stationCount>
    <creationInfo>
      <agencyURI>smi:smi-registry/organization/EMSC</agencyURI>
      <authorURI>smi:smi-registry/organization/EMSC</authorURI>
    </creationInfo>
  </magnitude>
</event>
<event publicID="quakeml:eu.emsc/event/20040330_0000008">
  <preferredOriginID>quakeml:eu.emsc/event/20040330_0000008/origin/1309872</preferredOriginID>
  <preferredMagnitudeID>quakeml:eu.emsc/event/20040330_0000008/origin/1309872/mag/2</preferredMagnitudeID>
  <creationInfo>
    <agencyURI>smi:smi-registry/organization/EMSC</agencyURI>
    <authorURI>smi:smi-registry/organization/EMSC</authorURI>
    <creationTime>2014-12-11T00:42:37.854192Z</creationTime>
  </creationInfo>
  <description>
    <text>EASTERN TURKEY</text>
    <type>Flinn-Engdahl region</type>
  </description>
  <origin publicID="quakeml:eu.emsc/event/20040330_0000008/origin/1309872">
    <time>
      <value>2004-03-30T08:41:11.8Z</value>
    </time>
    <latitude>
      <value>39.91</value>
      <uncertainty>9999.9</uncertainty>
    </latitude>
    <longitude>
      <value>40.771</value>
      <uncertainty>9999.9</uncertainty>
    </longitude>
    <depth>
      <value>13000</value>
    </depth>
    <depthType>from location</depthType>
    <methodID>smi:eu.emsc-csem/origin_method/NA</methodID>
    <quality>
      <usedPhaseCount>6</usedPhaseCount>
      <usedStationCount>5</usedStationCount>
      <standardError>1.01</standardError>
      <azimuthalGap>222</azimuthalGap>
      <minimumDistance>1.06</minimumDistance>
      <maximumDistance>2.9</maximumDistance>
    </quality>
    <evaluationMode>manual</evaluationMode>
    <creationInfo>
      <agencyURI>smi:smi-registry/organization/EMSC</agencyURI>
      <authorURI>smi:smi-registry/organization/EMSC</authorURI>
    </creationInfo>
    <originUncertainty>
      <azimuthMaxHorizontalUncertainty>-99</azimuthMaxHorizontalUncertainty>
    </originUncertainty>
  </origin>
  <magnitude publicID="quakeml:eu.emsc/event/20040330_0000008/origin/1309872/mag/2">
    <mag>
      <value>3.1</value>
    </mag>
    <type>MD</type>
    <originID>quakeml:eu.emsc/event/20040330_0000008/origin/1309872</originID>
    <creationInfo>
      <agencyURI>smi:smi-registry/organization/EMSC</agencyURI>
      <authorURI>smi:smi-registry/organization/EMSC</authorURI>
    </creationInfo>
  </magnitude>
</event>
<event publicID="quakeml:eu.emsc/event/20040330_0000006">
  <preferredOriginID>quakeml:eu.emsc/event/20040330_0000006/origin/1339212</preferredOriginID>
  <preferredMagnitudeID>quakeml:eu.emsc/event/20040330_0000006/origin/1339212/mag/2</preferredMagnitudeID>
  <creationInfo>
    <agencyURI>smi:smi-registry/organization/EMSC</agencyURI>
    <authorURI>smi:smi-registry/organization/EMSC</authorURI>
    <creationTime>2014-12-03T11:41:26.118043Z</creationTime>
  </creationInfo>
  <description>
    <text>AEGEAN SEA</text>
    <type>Flinn-Engdahl region</type>
  </description>
  <origin publicID="quakeml:eu.emsc/event/20040330_0000006/origin/1339212">
    <time>
      <value>2004-03-30T08:07:33.7Z</value>
      <uncertainty>0.15</uncertainty>
    </time>
    <latitude>
      <value>39.2652</value>
      <uncertainty>4.6</uncertainty>
    </latitude>
    <longitude>
      <value>24.0956</value>
      <uncertainty>3.5</uncertainty>
    </longitude>
    <depth>
      <value>10000</value>
    </depth>
    <depthType>from location</depthType>
    <methodID>smi:eu.emsc-csem/origin_method/NA</methodID>
    <quality>
      <usedPhaseCount>58</usedPhaseCount>
      <usedStationCount>49</usedStationCount>
      <standardError>0.99</standardError>
      <azimuthalGap>37</azimuthalGap>
      <minimumDistance>0.68</minimumDistance>
      <maximumDistance>23.22</maximumDistance>
    </quality>
    <evaluationMode>manual</evaluationMode>
    <creationInfo>
      <agencyURI>smi:smi-registry/organization/EMSC</agencyURI>
      <authorURI>smi:smi-registry/organization/EMSC</authorURI>
    </creationInfo>
    <originUncertainty>
      <azimuthMaxHorizontalUncertainty>91</azimuthMaxHorizontalUncertainty>
    </originUncertainty>
  </origin>
  <magnitude publicID="quakeml:eu.emsc/event/20040330_0000006/origin/1339212/mag/2">
    <mag>
      <value>4.2</value>
    </mag>
    <type>ML</type>
    <originID>quakeml:eu.emsc/event/20040330_0000006/origin/1339212</originID>
    <creationInfo>
      <agencyURI>smi:smi-registry/organization/EMSC</agencyURI>
      <authorURI>smi:smi-registry/organization/EMSC</authorURI>
    </creationInfo>
  </magnitude>
</event>
<event publicID="quakeml:eu.emsc/event/20040330_0000004">
  <preferredOriginID>quakeml:eu.emsc/event/20040330_0000004/origin/1339215</preferredOriginID>
  <preferredMagnitudeID>quakeml:eu.emsc/event/20040330_0000004/origin/1339215/mag/2</preferredMagnitudeID>
  <creationInfo>
    <agencyURI>smi:smi-registry/organization/EMSC</agencyURI>
    <authorURI>smi:smi-registry/organization/EMSC</authorURI>
    <creationTime>2014-12-03T11:31:03.479189Z</creationTime>
  </creationInfo>
  <description>
    <text>EASTERN TURKEY</text>
    <type>Flinn-Engdahl region</type>
  </description>
  <origin publicID="quakeml:eu.emsc/event/20040330_0000004/origin/1339215">
    <time>
      <value>2004-03-30T04:42:22.9Z</value>
      <uncertainty>0.35</uncertainty>
    </time>
    <latitude>
      <value>39.9075</value>
      <uncertainty>11.1</uncertainty>
    </latitude>
    <longitude>
      <value>40.7851</value>
      <uncertainty>10.5</uncertainty>
    </longitude>
    <depth>
      <value>2000</value>
    </depth>
    <depthType>from location</depthType>
    <methodID>smi:eu.emsc-csem/origin_method/NA</methodID>
    <quality>
      <usedPhaseCount>13</usedPhaseCount>
      <usedStationCount>12</usedStationCount>
      <standardError>1.1</standardError>
      <azimuthalGap>88</azimuthalGap>
      <minimumDistance>1.06</minimumDistance>
      <maximumDistance>30.67</maximumDistance>
    </quality>
    <evaluationMode>manual</evaluationMode>
    <creationInfo>
      <agencyURI>smi:smi-registry/organization/EMSC</agencyURI>
      <authorURI>smi:smi-registry/organization/EMSC</authorURI>
    </creationInfo>
    <originUncertainty>
      <azimuthMaxHorizontalUncertainty>11</azimuthMaxHorizontalUncertainty>
    </originUncertainty>
  </origin>
  <magnitude publicID="quakeml:eu.emsc/event/20040330_0000004/origin/1339215/mag/2">
    <mag>
      <value>3.5</value>
    </mag>
    <type>MD</type>
    <originID>quakeml:eu.emsc/event/20040330_0000004/origin/1339215</originID>
    <creationInfo>
      <agencyURI>smi:smi-registry/organization/EMSC</agencyURI>
      <authorURI>smi:smi-registry/organization/EMSC</authorURI>
    </creationInfo>
  </magnitude>
</event>
<event publicID="quakeml:eu.emsc/event/20040330_0000026">
  <preferredOriginID>quakeml:eu.emsc/event/20040330_0000026/origin/1973939</preferredOriginID>
  <preferredMagnitudeID>quakeml:eu.emsc/event/20040330_0000026/origin/1973939/mag/2</preferredMagnitudeID>
  <creationInfo>
    <agencyURI>smi:smi-registry/organization/EMSC</agencyURI>
    <authorURI>smi:smi-registry/organization/EMSC</authorURI>
    <creationTime>2014-12-11T09:36:15.332147Z</creationTime>
  </creationInfo>
  <description>
    <text>AZORES ISLANDS, PORTUGAL</text>
    <type>Flinn-Engdahl region</type>
  </description>
  <origin publicID="quakeml:eu.emsc/event/20040330_0000026/origin/1973939">
    <time>
      <value>2004-03-30T02:20:11.0Z</value>
    </time>
    <latitude>
      <value>38.151</value>
      <uncertainty>9999.9</uncertainty>
    </latitude>
    <longitude>
      <value>-26.406</value>
      <uncertainty>9999.9</uncertainty>
    </longitude>
    <depth>
      <value>4200.0</value>
    </depth>
    <depthType>from location</depthType>
    <methodID>smi:eu.emsc-csem/origin_method/NA</methodID>
    <quality>
      <usedPhaseCount>47</usedPhaseCount>
      <usedStationCount>31</usedStationCount>
      <standardError>3.77</standardError>
      <azimuthalGap>154</azimuthalGap>
      <minimumDistance>0.55</minimumDistance>
      <maximumDistance>1.56</maximumDistance>
    </quality>
    <evaluationMode>manual</evaluationMode>
    <creationInfo>
      <agencyURI>smi:smi-registry/organization/EMSC</agencyURI>
      <authorURI>smi:smi-registry/organization/EMSC</authorURI>
    </creationInfo>
    <originUncertainty>
      <azimuthMaxHorizontalUncertainty>-99</azimuthMaxHorizontalUncertainty>
    </originUncertainty>
  </origin>
  <magnitude publicID="quakeml:eu.emsc/event/20040330_0000026/origin/1973939/mag/2">
    <mag>
      <value>3.1</value>
    </mag>
    <type>ML</type>
    <originID>quakeml:eu.emsc/event/20040330_0000026/origin/1973939</originID>
    <creationInfo>
      <agencyURI>smi:smi-registry/organization/EMSC</agencyURI>
      <authorURI>smi:smi-registry/organization/EMSC</authorURI>
    </creationInfo>
  </magnitude>
</event>
<event publicID="quakeml:eu.emsc/event/20040330_0000003">
  <preferredOriginID>quakeml:eu.emsc/event/20040330_0000003/origin/1339219</preferredOriginID>
  <preferredMagnitudeID>quakeml:eu.emsc/event/20040330_0000003/origin/1339219/mag/2</preferredMagnitudeID>
  <creationInfo>
    <agencyURI>smi:smi-registry/organization/EMSC</agencyURI>
    <authorURI>smi:smi-registry/organization/EMSC</authorURI>
    <creationTime>2014-12-03T12:08:37.313056Z</creationTime>
  </creationInfo>
  <description>
    <text>MOROCCO</text>
    <type>Flinn-Engdahl region</type>
  </description>
  <origin publicID="quakeml:eu.emsc/event/20040330_0000003/origin/1339219">
    <time>
      <value>2004-03-30T01:02:14.6Z</value>
      <uncertainty>0.46</uncertainty>
    </time>
    <latitude>
      <value>34.932</value>
      <uncertainty>10.1</uncertainty>
    </latitude>
    <longitude>
      <value>-3.9796</value>
      <uncertainty>4.9</uncertainty>
    </longitude>
    <depth>
      <value>40000</value>
    </depth>
    <depthType>from location</depthType>
    <methodID>smi:eu.emsc-csem/origin_method/NA</methodID>
    <quality>
      <usedPhaseCount>27</usedPhaseCount>
      <usedStationCount>14</usedStationCount>
      <standardError>0.91</standardError>
      <azimuthalGap>245</azimuthalGap>
      <minimumDistance>0.92</minimumDistance>
      <maximumDistance>3.84</maximumDistance>
    </quality>
    <evaluationMode>manual</evaluationMode>
    <creationInfo>
      <agencyURI>smi:smi-registry/organization/EMSC</agencyURI>
      <authorURI>smi:smi-registry/organization/EMSC</authorURI>
    </creationInfo>
    <originUncertainty>
      <azimuthMaxHorizontalUncertainty>11</azimuthMaxHorizontalUncertainty>
    </originUncertainty>
  </origin>
  <magnitude publicID="quakeml:eu.emsc/event/20040330_0000003/origin/1339219/mag/2">
    <mag>
      <value>3.3</value>
      <uncertainty>0.1</uncertainty>
    </mag>
    <type>mb</type>
    <originID>quakeml:eu.emsc/event/20040330_0000003/origin/1339219</originID>
    <stationCount>7</stationCount>
    <creationInfo>
      <agencyURI>smi:smi-registry/organization/EMSC</agencyURI>
      <authorURI>smi:smi-registry/organization/EMSC</authorURI>
    </creationInfo>
  </magnitude>
</event>
</eventParameters>
</q:quakeml>
