<?xml version="1.0"?>
<q:quakeml xmlns:q="http://quakeml.org/xmlns/quakeml/1.2"  xmlns="http://quakeml.org/xmlns/bed/1.2">
<eventParameters publicID="smi:eu.emsc/unid">
<event publicID="quakeml:eu.emsc/event/20040604_0000045">
  <preferredOriginID>quakeml:eu.emsc/event/20040604_0000045/origin/1307694</preferredOriginID>
  <preferredMagnitudeID>quakeml:eu.emsc/event/20040604_0000045/origin/1307694/mag/2</preferredMagnitudeID>
  <creationInfo>
    <agencyURI>smi:smi-registry/organization/EMSC</agencyURI>
    <authorURI>smi:smi-registry/organization/EMSC</authorURI>
    <creationTime>2014-12-10T18:14:55.674038Z</creationTime>
  </creationInfo>
  <description>
    <text>SWITZERLAND</text>
    <type>Flinn-Engdahl region</type>
  </description>
  <origin publicID="quakeml:eu.emsc/event/20040604_0000045/origin/1307694">
    <time>
      <value>2004-06-04T23:43:44.4Z</value>
    </time>
    <latitude>
      <value>46.002</value>
      <uncertainty>9999.9</uncertainty>
    </latitude>
    <longitude>
      <value>7.864</value>
      <uncertainty>9999.9</uncertainty>
    </longitude>
    <depth>
      <value>1900.0</value>
    </depth>
    <depthType>from location</depthType>
    <methodID>smi:eu.emsc-csem/origin_method/NA</methodID>
    <quality>
      <usedPhaseCount>7</usedPhaseCount>
      <usedStationCount>4</usedStationCount>
      <standardError>1.24</standardError>
      <azimuthalGap>229</azimuthalGap>
      <minimumDistance>0.09</minimumDistance>
      <maximumDistance>0.53</maximumDistance>
    </quality>
    <evaluationMode>manual</evaluationMode>
    <creationInfo>
      <agencyURI>smi:smi-registry/organization/EMSC</agencyURI>
      <authorURI>smi:smi-registry/organization/EMSC</authorURI>
    </creationInfo>
    <originUncertainty>
      <azimuthMaxHorizontalUncertainty>-99</azimuthMaxHorizontalUncertainty>
    </originUncertainty>
  </origin>
  <magnitude publicID="quakeml:eu.emsc/event/20040604_0000045/origin/1307694/mag/2">
    <mag>
      <value>1.1</value>
    </mag>
    <type>ML</type>
    <originID>quakeml:eu.emsc/event/20040604_0000045/origin/1307694</originID>
    <stationCount>2</stationCount>
    <creationInfo>
      <agencyURI>smi:smi-registry/organization/EMSC</agencyURI>
      <authorURI>smi:smi-registry/organization/EMSC</authorURI>
    </creationInfo>
  </magnitude>
</event>
<event publicID="quakeml:eu.emsc/event/20040604_0000026">
  <preferredOriginID>quakeml:eu.emsc/event/20040604_0000026/origin/1307696</preferredOriginID>
  <preferredMagnitudeID>quakeml:eu.emsc/event/20040604_0000026/origin/1307696/mag/2</preferredMagnitudeID>
  <creationInfo>
    <agencyURI>smi:smi-registry/organization/EMSC</agencyURI>
    <authorURI>smi:smi-registry/organization/EMSC</authorURI>
    <creationTime>2014-12-11T02:16:56.393937Z</creationTime>
  </creationInfo>
  <description>
    <text>WESTERN TURKEY</text>
    <type>Flinn-Engdahl region</type>
  </description>
  <origin publicID="quakeml:eu.emsc/event/20040604_0000026/origin/1307696">
    <time>
      <value>2004-06-04T23:30:47.1Z</value>
    </time>
    <latitude>
      <value>37.765</value>
      <uncertainty>9999.9</uncertainty>
    </latitude>
    <longitude>
      <value>29.265</value>
      <uncertainty>9999.9</uncertainty>
    </longitude>
    <depth>
      <value>12000</value>
    </depth>
    <depthType>from location</depthType>
    <methodID>smi:eu.emsc-csem/origin_method/NA</methodID>
    <quality>
      <usedPhaseCount>9</usedPhaseCount>
      <usedStationCount>8</usedStationCount>
      <standardError>0.81</standardError>
      <azimuthalGap>78</azimuthalGap>
      <minimumDistance>0.18</minimumDistance>
      <maximumDistance>2.15</maximumDistance>
    </quality>
    <evaluationMode>manual</evaluationMode>
    <creationInfo>
      <agencyURI>smi:smi-registry/organization/EMSC</agencyURI>
      <authorURI>smi:smi-registry/organization/EMSC</authorURI>
    </creationInfo>
    <originUncertainty>
      <azimuthMaxHorizontalUncertainty>-99</azimuthMaxHorizontalUncertainty>
    </originUncertainty>
  </origin>
  <magnitude publicID="quakeml:eu.emsc/event/20040604_0000026/origin/1307696/mag/2">
    <mag>
      <value>3.1</value>
    </mag>
    <type>MD</type>
    <originID>quakeml:eu.emsc/event/20040604_0000026/origin/1307696</originID>
    <creationInfo>
      <agencyURI>smi:smi-registry/organization/EMSC</agencyURI>
      <authorURI>smi:smi-registry/organization/EMSC</authorURI>
    </creationInfo>
  </magnitude>
</event>
<event publicID="quakeml:eu.emsc/event/20040604_0000025">
  <preferredOriginID>quakeml:eu.emsc/event/20040604_0000025/origin/1307698</preferredOriginID>
  <preferredMagnitudeID>quakeml:eu.emsc/event/20040604_0000025/origin/1307698/mag/2</preferredMagnitudeID>
  <creationInfo>
    <agencyURI>smi:smi-registry/organization/EMSC</agencyURI>
    <authorURI>smi:smi-registry/organization/EMSC</authorURI>
    <creationTime>2014-12-11T02:16:55.445623Z</creationTime>
  </creationInfo>
  <description>
    <text>DODECANESE ISLANDS, GREECE</text>
    <type>Flinn-Engdahl region</type>
  </description>
  <origin publicID="quakeml:eu.emsc/event/20040604_0000025/origin/1307698">
    <time>
      <value>2004-06-04T21:26:00.3Z</value>
    </time>
    <latitude>
      <value>36.79</value>
      <uncertainty>9999.9</uncertainty>
    </latitude>
    <longitude>
      <value>26.62</value>
      <uncertainty>9999.9</uncertainty>
    </longitude>
    <depth>
      <value>48000</value>
    </depth>
    <depthType>from location</depthType>
    <methodID>smi:eu.emsc-csem/origin_method/NA</methodID>
    <quality>
      <usedPhaseCount>5</usedPhaseCount>
      <usedStationCount>4</usedStationCount>
      <standardError>1.17</standardError>
      <azimuthalGap>149</azimuthalGap>
      <minimumDistance>0.92</minimumDistance>
      <maximumDistance>1.73</maximumDistance>
    </quality>
    <evaluationMode>manual</evaluationMode>
    <creationInfo>
      <agencyURI>smi:smi-registry/organization/EMSC</agencyURI>
      <authorURI>smi:smi-registry/organization/EMSC</authorURI>
    </creationInfo>
    <originUncertainty>
      <azimuthMaxHorizontalUncertainty>-99</azimuthMaxHorizontalUncertainty>
    </originUncertainty>
  </origin>
  <magnitude publicID="quakeml:eu.emsc/event/20040604_0000025/origin/1307698/mag/2">
    <mag>
      <value>3.1</value>
    </mag>
    <type>MD</type>
    <originID>quakeml:eu.emsc/event/20040604_0000025/origin/1307698</originID>
    <creationInfo>
      <agencyURI>smi:smi-registry/organization/EMSC</agencyURI>
      <authorURI>smi:smi-registry/organization/EMSC</authorURI>
    </creationInfo>
  </magnitude>
</event>
<event publicID="quakeml:eu.emsc/event/20040604_0000044">
  <preferredOriginID>quakeml:eu.emsc/event/20040604_0000044/origin/1317274</preferredOriginID>
  <preferredMagnitudeID>quakeml:eu.emsc/event/20040604_0000044/origin/1317274/mag/1</preferredMagnitudeID>
  <creationInfo>
    <agencyURI>smi:smi-registry/organization/EMSC</agencyURI>
    <authorURI>smi:smi-registry/organization/EMSC</authorURI>
    <creationTime>2014-12-03T16:34:52.714081Z</creationTime>
  </creationInfo>
  <description>
    <text>PYRENEES</text>
    <type>Flinn-Engdahl region</type>
  </description>
  <origin publicID="quakeml:eu.emsc/event/20040604_0000044/origin/1317274">
    <time>
      <value>2004-06-04T21:22:48.6Z</value>
      <uncertainty>0.12</uncertainty>
    </time>
    <latitude>
      <value>43.0928</value>
      <uncertainty>3.4</uncertainty>
    </latitude>
    <longitude>
      <value>-0.3302</value>
      <uncertainty>1.8</uncertainty>
    </longitude>
    <depth>
      <value>10000</value>
    </depth>
    <depthType>from location</depthType>
    <methodID>smi:eu.emsc-csem/origin_method/NA</methodID>
    <quality>
      <usedPhaseCount>12</usedPhaseCount>
      <usedStationCount>7</usedStationCount>
      <standardError>0.46</standardError>
      <azimuthalGap>110</azimuthalGap>
      <minimumDistance>0.05</minimumDistance>
      <maximumDistance>2</maximumDistance>
    </quality>
    <evaluationMode>manual</evaluationMode>
    <creationInfo>
      <agencyURI>smi:smi-registry/organization/EMSC</agencyURI>
      <authorURI>smi:smi-registry/organization/EMSC</authorURI>
    </creationInfo>
    <originUncertainty>
      <azimuthMaxHorizontalUncertainty>176</azimuthMaxHorizontalUncertainty>
    </originUncertainty>
  </origin>
  <magnitude publicID="quakeml:eu.emsc/event/20040604_0000044/origin/1317274/mag/1">
    <mag>
      <value>1.1</value>
      <uncertainty>0.5</uncertainty>
    </mag>
    <type>ML</type>
    <originID>quakeml:eu.emsc/event/20040604_0000044/origin/1317274</originID>
    <stationCount>5</stationCount>
    <creationInfo>
      <agencyURI>smi:smi-registry/organization/EMSC</agencyURI>
      <authorURI>smi:smi-registry/organization/EMSC</authorURI>
    </creationInfo>
  </magnitude>
</event>
<event publicID="quakeml:eu.emsc/event/20040604_0000024">
  <preferredOriginID>quakeml:eu.emsc/event/20040604_0000024/origin/1318538</preferredOriginID>
  <preferredMagnitudeID>quakeml:eu.emsc/event/20040604_0000024/origin/1318538/mag/2</preferredMagnitudeID>
  <creationInfo>
    <agencyURI>smi:smi-registry/organization/EMSC</agencyURI>
    <authorURI>smi:smi-registry/organization/EMSC</authorURI>
    <creationTime>2014-12-03T11:31:09.175135Z</creationTime>
  </creationInfo>
  <description>
    <text>NORTHERN IRAN</text>
    <type>Flinn-Engdahl region</type>
  </description>
  <origin publicID="quakeml:eu.emsc/event/20040604_0000024/origin/1318538">
    <time>
      <value>2004-06-04T20:37:15.7Z</value>
      <uncertainty>0.45</uncertainty>
    </time>
    <latitude>
      <value>36.0619</value>
      <uncertainty>17.8</uncertainty>
    </latitude>
    <longitude>
      <value>53.4959</value>
      <uncertainty>7.2</uncertainty>
    </longitude>
    <depth>
      <value>2000</value>
    </depth>
    <depthType>from location</depthType>
    <methodID>smi:eu.emsc-csem/origin_method/NA</methodID>
    <quality>
      <usedPhaseCount>24</usedPhaseCount>
      <usedStationCount>22</usedStationCount>
      <standardError>1.07</standardError>
      <azimuthalGap>133</azimuthalGap>
      <minimumDistance>1.31</minimumDistance>
      <maximumDistance>81.32</maximumDistance>
    </quality>
    <evaluationMode>manual</evaluationMode>
    <creationInfo>
      <agencyURI>smi:smi-registry/organization/EMSC</agencyURI>
      <authorURI>smi:smi-registry/organization/EMSC</authorURI>
    </creationInfo>
    <originUncertainty>
      <azimuthMaxHorizontalUncertainty>149</azimuthMaxHorizontalUncertainty>
    </originUncertainty>
  </origin>
  <magnitude publicID="quakeml:eu.emsc/event/20040604_0000024/origin/1318538/mag/2">
    <mag>
      <value>3.9</value>
    </mag>
    <type>ML</type>
    <originID>quakeml:eu.emsc/event/20040604_0000024/origin/1318538</originID>
    <creationInfo>
      <agencyURI>smi:smi-registry/organization/EMSC</agencyURI>
      <authorURI>smi:smi-registry/organization/EMSC</authorURI>
    </creationInfo>
  </magnitude>
</event>
<event publicID="quakeml:eu.emsc/event/20040604_0000039">
  <preferredOriginID>quakeml:eu.emsc/event/20040604_0000039/origin/1317277</preferredOriginID>
  <preferredMagnitudeID>quakeml:eu.emsc/event/20040604_0000039/origin/1317277/mag/1</preferredMagnitudeID>
  <creationInfo>
    <agencyURI>smi:smi-registry/organization/EMSC</agencyURI>
    <authorURI>smi:smi-registry/organization/EMSC</authorURI>
    <creationTime>2014-12-03T16:10:10.882155Z</creationTime>
  </creationInfo>
  <description>
    <text>PYRENEES</text>
    <type>Flinn-Engdahl region</type>
  </description>
  <origin publicID="quakeml:eu.emsc/event/20040604_0000039/origin/1317277">
    <time>
      <value>2004-06-04T20:10:33.2Z</value>
      <uncertainty>0.11</uncertainty>
    </time>
    <latitude>
      <value>43.0826</value>
      <uncertainty>3.5</uncertainty>
    </latitude>
    <longitude>
      <value>-0.3313</value>
      <uncertainty>1.7</uncertainty>
    </longitude>
    <depth>
      <value>10000</value>
    </depth>
    <depthType>from location</depthType>
    <methodID>smi:eu.emsc-csem/origin_method/NA</methodID>
    <quality>
      <usedPhaseCount>14</usedPhaseCount>
      <usedStationCount>8</usedStationCount>
      <standardError>0.47</standardError>
      <azimuthalGap>109</azimuthalGap>
      <minimumDistance>0.05</minimumDistance>
      <maximumDistance>2.01</maximumDistance>
    </quality>
    <evaluationMode>manual</evaluationMode>
    <creationInfo>
      <agencyURI>smi:smi-registry/organization/EMSC</agencyURI>
      <authorURI>smi:smi-registry/organization/EMSC</authorURI>
    </creationInfo>
    <originUncertainty>
      <azimuthMaxHorizontalUncertainty>176</azimuthMaxHorizontalUncertainty>
    </originUncertainty>
  </origin>
  <magnitude publicID="quakeml:eu.emsc/event/20040604_0000039/origin/1317277/mag/1">
    <mag>
      <value>1.1</value>
      <uncertainty>0.6</uncertainty>
    </mag>
    <type>ML</type>
    <originID>quakeml:eu.emsc/event/20040604_0000039/origin/1317277</originID>
    <stationCount>5</stationCount>
    <creationInfo>
      <agencyURI>smi:smi-registry/organization/EMSC</agencyURI>
      <authorURI>smi:smi-registry/organization/EMSC</authorURI>
    </creationInfo>
  </magnitude>
</event>
<event publicID="quakeml:eu.emsc/event/20040604_0000023">
  <preferredOriginID>quakeml:eu.emsc/event/20040604_0000023/origin/1318543</preferredOriginID>
  <preferredMagnitudeID>quakeml:eu.emsc/event/20040604_0000023/origin/1318543/mag/1</preferredMagnitudeID>
  <creationInfo>
    <agencyURI>smi:smi-registry/organization/EMSC</agencyURI>
    <authorURI>smi:smi-registry/organization/EMSC</authorURI>
    <creationTime>2014-12-03T10:31:27.282015Z</creationTime>
  </creationInfo>
  <description>
    <text>PYRENEES</text>
    <type>Flinn-Engdahl region</type>
  </description>
  <origin publicID="quakeml:eu.emsc/event/20040604_0000023/origin/1318543">
    <time>
      <value>2004-06-04T20:04:01.7Z</value>
      <uncertainty>0.17</uncertainty>
    </time>
    <latitude>
      <value>43.1652</value>
      <uncertainty>3.8</uncertainty>
    </latitude>
    <longitude>
      <value>-0.2927</value>
      <uncertainty>3.1</uncertainty>
    </longitude>
    <depth>
      <value>5000</value>
    </depth>
    <depthType>from location</depthType>
    <methodID>smi:eu.emsc-csem/origin_method/NA</methodID>
    <quality>
      <usedPhaseCount>47</usedPhaseCount>
      <usedStationCount>24</usedStationCount>
      <standardError>1.17</standardError>
      <azimuthalGap>85</azimuthalGap>
      <minimumDistance>0.12</minimumDistance>
      <maximumDistance>4.73</maximumDistance>
    </quality>
    <evaluationMode>manual</evaluationMode>
    <creationInfo>
      <agencyURI>smi:smi-registry/organization/EMSC</agencyURI>
      <authorURI>smi:smi-registry/organization/EMSC</authorURI>
    </creationInfo>
    <originUncertainty>
      <azimuthMaxHorizontalUncertainty>137</azimuthMaxHorizontalUncertainty>
    </originUncertainty>
  </origin>
  <magnitude publicID="quakeml:eu.emsc/event/20040604_0000023/origin/1318543/mag/1">
    <mag>
      <value>2.6</value>
      <uncertainty>0.4</uncertainty>
    </mag>
    <type>ML</type>
    <originID>quakeml:eu.emsc/event/20040604_0000023/origin/1318543</originID>
    <stationCount>12</stationCount>
    <creationInfo>
      <agencyURI>smi:smi-registry/organization/EMSC</agencyURI>
      <authorURI>smi:smi-registry/organization/EMSC</authorURI>
    </creationInfo>
  </magnitude>
</event>
<event publicID="quakeml:eu.emsc/event/20040604_0000031">
  <preferredOriginID>quakeml:eu.emsc/event/20040604_0000031/origin/1317281</preferredOriginID>
  <preferredMagnitudeID>quakeml:eu.emsc/event/20040604_0000031/origin/1317281/mag/1</preferredMagnitudeID>
  <creationInfo>
    <agencyURI>smi:smi-registry/organization/EMSC</agencyURI>
    <authorURI>smi:smi-registry/organization/EMSC</authorURI>
    <creationTime>2014-12-03T15:25:29.251282Z</creationTime>
  </creationInfo>
  <description>
    <text>PYRENEES</text>
    <type>Flinn-Engdahl region</type>
  </description>
  <origin publicID="quakeml:eu.emsc/event/20040604_0000031/origin/1317281">
    <time>
      <value>2004-06-04T20:03:34.6Z</value>
      <uncertainty>0.13</uncertainty>
    </time>
    <latitude>
      <value>43.087</value>
      <uncertainty>3.5</uncertainty>
    </latitude>
    <longitude>
      <value>-0.3031</value>
      <uncertainty>2</uncertainty>
    </longitude>
    <depth>
      <value>8000</value>
    </depth>
    <depthType>from location</depthType>
    <methodID>smi:eu.emsc-csem/origin_method/NA</methodID>
    <quality>
      <usedPhaseCount>33</usedPhaseCount>
      <usedStationCount>21</usedStationCount>
      <standardError>0.74</standardError>
      <azimuthalGap>96</azimuthalGap>
      <minimumDistance>0.07</minimumDistance>
      <maximumDistance>3.18</maximumDistance>
    </quality>
    <evaluationMode>manual</evaluationMode>
    <creationInfo>
      <agencyURI>smi:smi-registry/organization/EMSC</agencyURI>
      <authorURI>smi:smi-registry/organization/EMSC</authorURI>
    </creationInfo>
    <originUncertainty>
      <azimuthMaxHorizontalUncertainty>6</azimuthMaxHorizontalUncertainty>
    </originUncertainty>
  </origin>
  <magnitude publicID="quakeml:eu.emsc/event/20040604_0000031/origin/1317281/mag/1">
    <mag>
      <value>1.7</value>
      <uncertainty>0.4</uncertainty>
    </mag>
    <type>ML</type>
    <originID>quakeml:eu.emsc/event/20040604_0000031/origin/1317281</originID>
    <stationCount>5</stationCount>
    <creationInfo>
      <agencyURI>smi:smi-registry/organization/EMSC</agencyURI>
      <authorURI>smi:smi-registry/organization/EMSC</authorURI>
    </creationInfo>
  </magnitude>
</event>
<event publicID="quakeml:eu.emsc/event/20040604_0000022">
  <preferredOriginID>quakeml:eu.emsc/event/20040604_0000022/origin/1318549</preferredOriginID>
  <preferredMagnitudeID>quakeml:eu.emsc/event/20040604_0000022/origin/1318549/mag/2</preferredMagnitudeID>
  <creationInfo>
    <agencyURI>smi:smi-registry/organization/EMSC</agencyURI>
    <authorURI>smi:smi-registry/organization/EMSC</authorURI>
    <creationTime>2014-12-03T11:14:38.620249Z</creationTime>
  </creationInfo>
  <description>
    <text>DODECANESE ISLANDS, GREECE</text>
    <type>Flinn-Engdahl region</type>
  </description>
  <origin publicID="quakeml:eu.emsc/event/20040604_0000022/origin/1318549">
    <time>
      <value>2004-06-04T19:45:06.4Z</value>
      <uncertainty>0.15</uncertainty>
    </time>
    <latitude>
      <value>36.7354</value>
      <uncertainty>4.6</uncertainty>
    </latitude>
    <longitude>
      <value>26.5464</value>
      <uncertainty>3.2</uncertainty>
    </longitude>
    <depth>
      <value>10000</value>
    </depth>
    <depthType>from location</depthType>
    <methodID>smi:eu.emsc-csem/origin_method/NA</methodID>
    <quality>
      <usedPhaseCount>99</usedPhaseCount>
      <usedStationCount>88</usedStationCount>
      <standardError>1.12</standardError>
      <azimuthalGap>45</azimuthalGap>
      <minimumDistance>0.48</minimumDistance>
      <maximumDistance>117.22</maximumDistance>
    </quality>
    <evaluationMode>manual</evaluationMode>
    <creationInfo>
      <agencyURI>smi:smi-registry/organization/EMSC</agencyURI>
      <authorURI>smi:smi-registry/organization/EMSC</authorURI>
    </creationInfo>
    <originUncertainty>
      <azimuthMaxHorizontalUncertainty>162</azimuthMaxHorizontalUncertainty>
    </originUncertainty>
  </origin>
  <magnitude publicID="quakeml:eu.emsc/event/20040604_0000022/origin/1318549/mag/2">
    <mag>
      <value>4.4</value>
    </mag>
    <type>ML</type>
    <originID>quakeml:eu.emsc/event/20040604_0000022/origin/1318549</originID>
    <creationInfo>
      <agencyURI>smi:smi-registry/organization/EMSC</agencyURI>
      <authorURI>smi:smi-registry/organization/EMSC</authorURI>
    </creationInfo>
  </magnitude>
</event>
<event publicID="quakeml:eu.emsc/event/20040604_0000047">
  <preferredOriginID>quakeml:eu.emsc/event/20040604_0000047/origin/1317285</preferredOriginID>
  <preferredMagnitudeID>quakeml:eu.emsc/event/20040604_0000047/origin/1317285/mag/1</preferredMagnitudeID>
  <creationInfo>
    <agencyURI>smi:smi-registry/organization/EMSC</agencyURI>
    <authorURI>smi:smi-registry/organization/EMSC</authorURI>
    <creationTime>2014-12-03T16:36:48.831665Z</creationTime>
  </creationInfo>
  <description>
    <text>PYRENEES</text>
    <type>Flinn-Engdahl region</type>
  </description>
  <origin publicID="quakeml:eu.emsc/event/20040604_0000047/origin/1317285">
    <time>
      <value>2004-06-04T19:09:42.1Z</value>
      <uncertainty>0.12</uncertainty>
    </time>
    <latitude>
      <value>43.0993</value>
      <uncertainty>2.9</uncertainty>
    </latitude>
    <longitude>
      <value>-0.3044</value>
      <uncertainty>1.9</uncertainty>
    </longitude>
    <depth>
      <value>12000</value>
    </depth>
    <depthType>from location</depthType>
    <methodID>smi:eu.emsc-csem/origin_method/NA</methodID>
    <quality>
      <usedPhaseCount>32</usedPhaseCount>
      <usedStationCount>16</usedStationCount>
      <standardError>0.74</standardError>
      <azimuthalGap>103</azimuthalGap>
      <minimumDistance>0.07</minimumDistance>
      <maximumDistance>3.18</maximumDistance>
    </quality>
    <evaluationMode>manual</evaluationMode>
    <creationInfo>
      <agencyURI>smi:smi-registry/organization/EMSC</agencyURI>
      <authorURI>smi:smi-registry/organization/EMSC</authorURI>
    </creationInfo>
    <originUncertainty>
      <azimuthMaxHorizontalUncertainty>172</azimuthMaxHorizontalUncertainty>
    </originUncertainty>
  </origin>
  <magnitude publicID="quakeml:eu.emsc/event/20040604_0000047/origin/1317285/mag/1">
    <mag>
      <value>2</value>
      <uncertainty>0.5</uncertainty>
    </mag>
    <type>ML</type>
    <originID>quakeml:eu.emsc/event/20040604_0000047/origin/1317285</originID>
    <stationCount>9</stationCount>
    <creationInfo>
      <agencyURI>smi:smi-registry/organization/EMSC</agencyURI>
      <authorURI>smi:smi-registry/organization/EMSC</authorURI>
    </creationInfo>
  </magnitude>
</event>
<event publicID="quakeml:eu.emsc/event/20040604_0000038">
  <preferredOriginID>quakeml:eu.emsc/event/20040604_0000038/origin/1317288</preferredOriginID>
  <preferredMagnitudeID>quakeml:eu.emsc/event/20040604_0000038/origin/1317288/mag/1</preferredMagnitudeID>
  <creationInfo>
    <agencyURI>smi:smi-registry/organization/EMSC</agencyURI>
    <authorURI>smi:smi-registry/organization/EMSC</authorURI>
    <creationTime>2014-12-03T16:02:34.865621Z</creationTime>
  </creationInfo>
  <description>
    <text>PYRENEES</text>
    <type>Flinn-Engdahl region</type>
  </description>
  <origin publicID="quakeml:eu.emsc/event/20040604_0000038/origin/1317288">
    <time>
      <value>2004-06-04T18:58:13.2Z</value>
      <uncertainty>0.11</uncertainty>
    </time>
    <latitude>
      <value>43.0877</value>
      <uncertainty>3.9</uncertainty>
    </latitude>
    <longitude>
      <value>-0.3365</value>
      <uncertainty>1.4</uncertainty>
    </longitude>
    <depth>
      <value>10000</value>
    </depth>
    <depthType>from location</depthType>
    <methodID>smi:eu.emsc-csem/origin_method/NA</methodID>
    <quality>
      <usedPhaseCount>13</usedPhaseCount>
      <usedStationCount>7</usedStationCount>
      <standardError>0.39</standardError>
      <azimuthalGap>168</azimuthalGap>
      <minimumDistance>0.04</minimumDistance>
      <maximumDistance>1.88</maximumDistance>
    </quality>
    <evaluationMode>manual</evaluationMode>
    <creationInfo>
      <agencyURI>smi:smi-registry/organization/EMSC</agencyURI>
      <authorURI>smi:smi-registry/organization/EMSC</authorURI>
    </creationInfo>
    <originUncertainty>
      <azimuthMaxHorizontalUncertainty>178</azimuthMaxHorizontalUncertainty>
    </originUncertainty>
  </origin>
  <magnitude publicID="quakeml:eu.emsc/event/20040604_0000038/origin/1317288/mag/1">
    <mag>
      <value>1</value>
      <uncertainty>0.4</uncertainty>
    </mag>
    <type>ML</type>
    <originID>quakeml:eu.emsc/event/20040604_0000038/origin/1317288</originID>
    <stationCount>4</stationCount>
    <creationInfo>
      <agencyURI>smi:smi-registry/organization/EMSC</agencyURI>
      <authorURI>smi:smi-registry/organization/EMSC</authorURI>
    </creationInfo>
  </magnitude>
</event>
<event publicID="quakeml:eu.emsc/event/20040604_0000021">
  <preferredOriginID>quakeml:eu.emsc/event/20040604_0000021/origin/1318554</preferredOriginID>
  <preferredMagnitudeID>quakeml:eu.emsc/event/20040604_0000021/origin/1318554/mag/1</preferredMagnitudeID>
  <creationInfo>
    <agencyURI>smi:smi-registry/organization/EMSC</agencyURI>
    <authorURI>smi:smi-registry/organization/EMSC</authorURI>
    <creationTime>2014-12-03T10:37:57.290325Z</creationTime>
  </creationInfo>
  <description>
    <text>PYRENEES</text>
    <type>Flinn-Engdahl region</type>
  </description>
  <origin publicID="quakeml:eu.emsc/event/20040604_0000021/origin/1318554">
    <time>
      <value>2004-06-04T18:24:07.0Z</value>
      <uncertainty>0.12</uncertainty>
    </time>
    <latitude>
      <value>43.1629</value>
      <uncertainty>2.6</uncertainty>
    </latitude>
    <longitude>
      <value>-0.3152</value>
      <uncertainty>2.4</uncertainty>
    </longitude>
    <depth>
      <value>5000</value>
    </depth>
    <depthType>from location</depthType>
    <methodID>smi:eu.emsc-csem/origin_method/NA</methodID>
    <quality>
      <usedPhaseCount>107</usedPhaseCount>
      <usedStationCount>52</usedStationCount>
      <standardError>1.32</standardError>
      <azimuthalGap>60</azimuthalGap>
      <minimumDistance>0.11</minimumDistance>
      <maximumDistance>5.95</maximumDistance>
    </quality>
    <evaluationMode>manual</evaluationMode>
    <creationInfo>
      <agencyURI>smi:smi-registry/organization/EMSC</agencyURI>
      <authorURI>smi:smi-registry/organization/EMSC</authorURI>
    </creationInfo>
    <originUncertainty>
      <azimuthMaxHorizontalUncertainty>151</azimuthMaxHorizontalUncertainty>
    </originUncertainty>
  </origin>
  <magnitude publicID="quakeml:eu.emsc/event/20040604_0000021/origin/1318554/mag/1">
    <mag>
      <value>3.4</value>
      <uncertainty>0.4</uncertainty>
    </mag>
    <type>ML</type>
    <originID>quakeml:eu.emsc/event/20040604_0000021/origin/1318554</originID>
    <stationCount>22</stationCount>
    <creationInfo>
      <agencyURI>smi:smi-registry/organization/EMSC</agencyURI>
      <authorURI>smi:smi-registry/organization/EMSC</authorURI>
    </creationInfo>
  </magnitude>
</event>
<event publicID="quakeml:eu.emsc/event/20040604_0000020">
  <preferredOriginID>quakeml:eu.emsc/event/20040604_0000020/origin/1319023</preferredOriginID>
  <preferredMagnitudeID>quakeml:eu.emsc/event/20040604_0000020/origin/1319023/mag/2</preferredMagnitudeID>
  <creationInfo>
    <agencyURI>smi:smi-registry/organization/EMSC</agencyURI>
    <authorURI>smi:smi-registry/organization/EMSC</authorURI>
    <creationTime>2014-12-03T12:07:48.637117Z</creationTime>
  </creationInfo>
  <description>
    <text>GREECE</text>
    <type>Flinn-Engdahl region</type>
  </description>
  <origin publicID="quakeml:eu.emsc/event/20040604_0000020/origin/1319023">
    <time>
      <value>2004-06-04T18:19:01.7Z</value>
      <uncertainty>0.16</uncertainty>
    </time>
    <latitude>
      <value>40.6398</value>
      <uncertainty>3.8</uncertainty>
    </latitude>
    <longitude>
      <value>23.0805</value>
      <uncertainty>3.5</uncertainty>
    </longitude>
    <depth>
      <value>10000</value>
    </depth>
    <depthType>from location</depthType>
    <methodID>smi:eu.emsc-csem/origin_method/NA</methodID>
    <quality>
      <usedPhaseCount>30</usedPhaseCount>
      <usedStationCount>22</usedStationCount>
      <standardError>0.89</standardError>
      <azimuthalGap>43</azimuthalGap>
      <minimumDistance>0.09</minimumDistance>
      <maximumDistance>17.11</maximumDistance>
    </quality>
    <evaluationMode>manual</evaluationMode>
    <creationInfo>
      <agencyURI>smi:smi-registry/organization/EMSC</agencyURI>
      <authorURI>smi:smi-registry/organization/EMSC</authorURI>
    </creationInfo>
    <originUncertainty>
      <azimuthMaxHorizontalUncertainty>110</azimuthMaxHorizontalUncertainty>
    </originUncertainty>
  </origin>
  <magnitude publicID="quakeml:eu.emsc/event/20040604_0000020/origin/1319023/mag/2">
    <mag>
      <value>2.9</value>
    </mag>
    <type>ML</type>
    <originID>quakeml:eu.emsc/event/20040604_0000020/origin/1319023</originID>
    <creationInfo>
      <agencyURI>smi:smi-registry/organization/EMSC</agencyURI>
      <authorURI>smi:smi-registry/organization/EMSC</authorURI>
    </creationInfo>
  </magnitude>
</event>
<event publicID="quakeml:eu.emsc/event/20040604_0000049">
  <preferredOriginID>quakeml:eu.emsc/event/20040604_0000049/origin/1317292</preferredOriginID>
  <preferredMagnitudeID>quakeml:eu.emsc/event/20040604_0000049/origin/1317292/mag/1</preferredMagnitudeID>
  <creationInfo>
    <agencyURI>smi:smi-registry/organization/EMSC</agencyURI>
    <authorURI>smi:smi-registry/organization/EMSC</authorURI>
    <creationTime>2014-12-03T16:51:44.548548Z</creationTime>
  </creationInfo>
  <description>
    <text>PYRENEES</text>
    <type>Flinn-Engdahl region</type>
  </description>
  <origin publicID="quakeml:eu.emsc/event/20040604_0000049/origin/1317292">
    <time>
      <value>2004-06-04T17:18:39.5Z</value>
      <uncertainty>0.13</uncertainty>
    </time>
    <latitude>
      <value>42.3039</value>
      <uncertainty>2.4</uncertainty>
    </latitude>
    <longitude>
      <value>2.2326</value>
      <uncertainty>1.7</uncertainty>
    </longitude>
    <depth>
      <value>12000</value>
    </depth>
    <depthType>from location</depthType>
    <methodID>smi:eu.emsc-csem/origin_method/NA</methodID>
    <quality>
      <usedPhaseCount>45</usedPhaseCount>
      <usedStationCount>24</usedStationCount>
      <standardError>0.73</standardError>
      <azimuthalGap>91</azimuthalGap>
      <minimumDistance>0.04</minimumDistance>
      <maximumDistance>3.11</maximumDistance>
    </quality>
    <evaluationMode>manual</evaluationMode>
    <creationInfo>
      <agencyURI>smi:smi-registry/organization/EMSC</agencyURI>
      <authorURI>smi:smi-registry/organization/EMSC</authorURI>
    </creationInfo>
    <originUncertainty>
      <azimuthMaxHorizontalUncertainty>144</azimuthMaxHorizontalUncertainty>
    </originUncertainty>
  </origin>
  <magnitude publicID="quakeml:eu.emsc/event/20040604_0000049/origin/1317292/mag/1">
    <mag>
      <value>2.5</value>
      <uncertainty>0.4</uncertainty>
    </mag>
    <type>ML</type>
    <originID>quakeml:eu.emsc/event/20040604_0000049/origin/1317292</originID>
    <stationCount>18</stationCount>
    <creationInfo>
      <agencyURI>smi:smi-registry/organization/EMSC</agencyURI>
      <authorURI>smi:smi-registry/organization/EMSC</authorURI>
    </creationInfo>
  </magnitude>
</event>
<event publicID="quakeml:eu.emsc/event/20040604_0000032">
  <preferredOriginID>quakeml:eu.emsc/event/20040604_0000032/origin/1317296</preferredOriginID>
  <preferredMagnitudeID>quakeml:eu.emsc/event/20040604_0000032/origin/1317296/mag/1</preferredMagnitudeID>
  <creationInfo>
    <agencyURI>smi:smi-registry/organization/EMSC</agencyURI>
    <authorURI>smi:smi-registry/organization/EMSC</authorURI>
    <creationTime>2014-12-03T15:25:29.494357Z</creationTime>
  </creationInfo>
  <description>
    <text>PYRENEES</text>
    <type>Flinn-Engdahl region</type>
  </description>
  <origin publicID="quakeml:eu.emsc/event/20040604_0000032/origin/1317296">
    <time>
      <value>2004-06-04T16:23:09.0Z</value>
      <uncertainty>0.12</uncertainty>
    </time>
    <latitude>
      <value>42.3062</value>
      <uncertainty>2.4</uncertainty>
    </latitude>
    <longitude>
      <value>2.2321</value>
      <uncertainty>1.7</uncertainty>
    </longitude>
    <depth>
      <value>10000</value>
    </depth>
    <depthType>from location</depthType>
    <methodID>smi:eu.emsc-csem/origin_method/NA</methodID>
    <quality>
      <usedPhaseCount>52</usedPhaseCount>
      <usedStationCount>27</usedStationCount>
      <standardError>0.75</standardError>
      <azimuthalGap>90</azimuthalGap>
      <minimumDistance>0.04</minimumDistance>
      <maximumDistance>3.11</maximumDistance>
    </quality>
    <evaluationMode>manual</evaluationMode>
    <creationInfo>
      <agencyURI>smi:smi-registry/organization/EMSC</agencyURI>
      <authorURI>smi:smi-registry/organization/EMSC</authorURI>
    </creationInfo>
    <originUncertainty>
      <azimuthMaxHorizontalUncertainty>158</azimuthMaxHorizontalUncertainty>
    </originUncertainty>
  </origin>
  <magnitude publicID="quakeml:eu.emsc/event/20040604_0000032/origin/1317296/mag/1">
    <mag>
      <value>2.7</value>
      <uncertainty>0.4</uncertainty>
    </mag>
    <type>ML</type>
    <originID>quakeml:eu.emsc/event/20040604_0000032/origin/1317296</originID>
    <stationCount>16</stationCount>
    <creationInfo>
      <agencyURI>smi:smi-registry/organization/EMSC</agencyURI>
      <authorURI>smi:smi-registry/organization/EMSC</authorURI>
    </creationInfo>
  </magnitude>
</event>
<event publicID="quakeml:eu.emsc/event/20040604_0000046">
  <preferredOriginID>quakeml:eu.emsc/event/20040604_0000046/origin/1307700</preferredOriginID>
  <preferredMagnitudeID>quakeml:eu.emsc/event/20040604_0000046/origin/1307700/mag/2</preferredMagnitudeID>
  <creationInfo>
    <agencyURI>smi:smi-registry/organization/EMSC</agencyURI>
    <authorURI>smi:smi-registry/organization/EMSC</authorURI>
    <creationTime>2014-12-10T18:14:55.191962Z</creationTime>
  </creationInfo>
  <description>
    <text>PYRENEES</text>
    <type>Flinn-Engdahl region</type>
  </description>
  <origin publicID="quakeml:eu.emsc/event/20040604_0000046/origin/1307700">
    <time>
      <value>2004-06-04T15:50:40.3Z</value>
    </time>
    <latitude>
      <value>42.285</value>
      <uncertainty>9999.9</uncertainty>
    </latitude>
    <longitude>
      <value>2.2215</value>
      <uncertainty>9999.9</uncertainty>
    </longitude>
    <depth>
      <value>8000</value>
    </depth>
    <depthType>from location</depthType>
    <methodID>smi:eu.emsc-csem/origin_method/NA</methodID>
    <quality>
      <usedPhaseCount>7</usedPhaseCount>
      <usedStationCount>4</usedStationCount>
      <standardError>1.29</standardError>
      <azimuthalGap>254</azimuthalGap>
      <minimumDistance>1.06</minimumDistance>
      <maximumDistance>2.15</maximumDistance>
    </quality>
    <evaluationMode>manual</evaluationMode>
    <creationInfo>
      <agencyURI>smi:smi-registry/organization/EMSC</agencyURI>
      <authorURI>smi:smi-registry/organization/EMSC</authorURI>
    </creationInfo>
    <originUncertainty>
      <azimuthMaxHorizontalUncertainty>-99</azimuthMaxHorizontalUncertainty>
    </originUncertainty>
  </origin>
  <magnitude publicID="quakeml:eu.emsc/event/20040604_0000046/origin/1307700/mag/2">
    <mag>
      <value>1.9</value>
      <uncertainty>0.2</uncertainty>
    </mag>
    <type>ML</type>
    <originID>quakeml:eu.emsc/event/20040604_0000046/origin/1307700</originID>
    <stationCount>4</stationCount>
    <creationInfo>
      <agencyURI>smi:smi-registry/organization/EMSC</agencyURI>
      <authorURI>smi:smi-registry/organization/EMSC</authorURI>
    </creationInfo>
  </magnitude>
</event>
<event publicID="quakeml:eu.emsc/event/20040604_0000019">
  <preferredOriginID>quakeml:eu.emsc/event/20040604_0000019/origin/1318557</preferredOriginID>
  <preferredMagnitudeID>quakeml:eu.emsc/event/20040604_0000019/origin/1318557/mag/2</preferredMagnitudeID>
  <creationInfo>
    <agencyURI>smi:smi-registry/organization/EMSC</agencyURI>
    <authorURI>smi:smi-registry/organization/EMSC</authorURI>
    <creationTime>2014-12-03T10:33:39.781962Z</creationTime>
  </creationInfo>
  <description>
    <text>CASPIAN SEA, OFFSHR TURKMENISTAN</text>
    <type>Flinn-Engdahl region</type>
  </description>
  <origin publicID="quakeml:eu.emsc/event/20040604_0000019/origin/1318557">
    <time>
      <value>2004-06-04T15:15:35.6Z</value>
      <uncertainty>0.28</uncertainty>
    </time>
    <latitude>
      <value>40.2307</value>
      <uncertainty>15</uncertainty>
    </latitude>
    <longitude>
      <value>52.1709</value>
      <uncertainty>8.4</uncertainty>
    </longitude>
    <depth>
      <value>10000</value>
    </depth>
    <depthType>from location</depthType>
    <methodID>smi:eu.emsc-csem/origin_method/NA</methodID>
    <quality>
      <usedPhaseCount>17</usedPhaseCount>
      <usedStationCount>17</usedStationCount>
      <standardError>1.09</standardError>
      <azimuthalGap>116</azimuthalGap>
      <minimumDistance>4.39</minimumDistance>
      <maximumDistance>40.75</maximumDistance>
    </quality>
    <evaluationMode>manual</evaluationMode>
    <creationInfo>
      <agencyURI>smi:smi-registry/organization/EMSC</agencyURI>
      <authorURI>smi:smi-registry/organization/EMSC</authorURI>
    </creationInfo>
    <originUncertainty>
      <azimuthMaxHorizontalUncertainty>111</azimuthMaxHorizontalUncertainty>
    </originUncertainty>
  </origin>
  <magnitude publicID="quakeml:eu.emsc/event/20040604_0000019/origin/1318557/mag/2">
    <mag>
      <value>3.8</value>
    </mag>
    <type>ML</type>
    <originID>quakeml:eu.emsc/event/20040604_0000019/origin/1318557</originID>
    <creationInfo>
      <agencyURI>smi:smi-registry/organization/EMSC</agencyURI>
      <authorURI>smi:smi-registry/organization/EMSC</authorURI>
    </creationInfo>
  </magnitude>
</event>
<event publicID="quakeml:eu.emsc/event/20040604_0000018">
  <preferredOriginID>quakeml:eu.emsc/event/20040604_0000018/origin/1318559</preferredOriginID>
  <preferredMagnitudeID>quakeml:eu.emsc/event/20040604_0000018/origin/1318559/mag/2</preferredMagnitudeID>
  <creationInfo>
    <agencyURI>smi:smi-registry/organization/EMSC</agencyURI>
    <authorURI>smi:smi-registry/organization/EMSC</authorURI>
    <creationTime>2014-12-03T12:19:27.78274Z</creationTime>
  </creationInfo>
  <description>
    <text>AEGEAN SEA</text>
    <type>Flinn-Engdahl region</type>
  </description>
  <origin publicID="quakeml:eu.emsc/event/20040604_0000018/origin/1318559">
    <time>
      <value>2004-06-04T13:08:53.3Z</value>
      <uncertainty>0.59</uncertainty>
    </time>
    <latitude>
      <value>40.4397</value>
      <uncertainty>17.4</uncertainty>
    </latitude>
    <longitude>
      <value>25.5788</value>
      <uncertainty>8</uncertainty>
    </longitude>
    <depth>
      <value>2000</value>
    </depth>
    <depthType>from location</depthType>
    <methodID>smi:eu.emsc-csem/origin_method/NA</methodID>
    <quality>
      <usedPhaseCount>9</usedPhaseCount>
      <usedStationCount>7</usedStationCount>
      <standardError>0.89</standardError>
      <azimuthalGap>179</azimuthalGap>
      <minimumDistance>0.58</minimumDistance>
      <maximumDistance>1.81</maximumDistance>
    </quality>
    <evaluationMode>manual</evaluationMode>
    <creationInfo>
      <agencyURI>smi:smi-registry/organization/EMSC</agencyURI>
      <authorURI>smi:smi-registry/organization/EMSC</authorURI>
    </creationInfo>
    <originUncertainty>
      <azimuthMaxHorizontalUncertainty>128</azimuthMaxHorizontalUncertainty>
    </originUncertainty>
  </origin>
  <magnitude publicID="quakeml:eu.emsc/event/20040604_0000018/origin/1318559/mag/2">
    <mag>
      <value>3.2</value>
    </mag>
    <type>ML</type>
    <originID>quakeml:eu.emsc/event/20040604_0000018/origin/1318559</originID>
    <creationInfo>
      <agencyURI>smi:smi-registry/organization/EMSC</agencyURI>
      <authorURI>smi:smi-registry/organization/EMSC</authorURI>
    </creationInfo>
  </magnitude>
</event>
<event publicID="quakeml:eu.emsc/event/20040604_0000017">
  <preferredOriginID>quakeml:eu.emsc/event/20040604_0000017/origin/1318564</preferredOriginID>
  <preferredMagnitudeID>quakeml:eu.emsc/event/20040604_0000017/origin/1318564/mag/2</preferredMagnitudeID>
  <creationInfo>
    <agencyURI>smi:smi-registry/organization/EMSC</agencyURI>
    <authorURI>smi:smi-registry/organization/EMSC</authorURI>
    <creationTime>2014-12-03T12:17:37.893525Z</creationTime>
  </creationInfo>
  <description>
    <text>DODECANESE ISLANDS, GREECE</text>
    <type>Flinn-Engdahl region</type>
  </description>
  <origin publicID="quakeml:eu.emsc/event/20040604_0000017/origin/1318564">
    <time>
      <value>2004-06-04T12:58:51.2Z</value>
      <uncertainty>0.49</uncertainty>
    </time>
    <latitude>
      <value>35.2269</value>
      <uncertainty>15.2</uncertainty>
    </latitude>
    <longitude>
      <value>27.0376</value>
      <uncertainty>7.1</uncertainty>
    </longitude>
    <depth>
      <value>20000</value>
    </depth>
    <depthType>from location</depthType>
    <methodID>smi:eu.emsc-csem/origin_method/NA</methodID>
    <quality>
      <usedPhaseCount>38</usedPhaseCount>
      <usedStationCount>37</usedStationCount>
      <standardError>1.21</standardError>
      <azimuthalGap>163</azimuthalGap>
      <minimumDistance>1.16</minimumDistance>
      <maximumDistance>77.85</maximumDistance>
    </quality>
    <evaluationMode>manual</evaluationMode>
    <creationInfo>
      <agencyURI>smi:smi-registry/organization/EMSC</agencyURI>
      <authorURI>smi:smi-registry/organization/EMSC</authorURI>
    </creationInfo>
    <originUncertainty>
      <azimuthMaxHorizontalUncertainty>167</azimuthMaxHorizontalUncertainty>
    </originUncertainty>
  </origin>
  <magnitude publicID="quakeml:eu.emsc/event/20040604_0000017/origin/1318564/mag/2">
    <mag>
      <value>3.9</value>
    </mag>
    <type>MD</type>
    <originID>quakeml:eu.emsc/event/20040604_0000017/origin/1318564</originID>
    <creationInfo>
      <agencyURI>smi:smi-registry/organization/EMSC</agencyURI>
      <authorURI>smi:smi-registry/organization/EMSC</authorURI>
    </creationInfo>
  </magnitude>
</event>
<event publicID="quakeml:eu.emsc/event/20040604_0000048">
  <preferredOriginID>quakeml:eu.emsc/event/20040604_0000048/origin/1307702</preferredOriginID>
  <preferredMagnitudeID>quakeml:eu.emsc/event/20040604_0000048/origin/1307702/mag/2</preferredMagnitudeID>
  <creationInfo>
    <agencyURI>smi:smi-registry/organization/EMSC</agencyURI>
    <authorURI>smi:smi-registry/organization/EMSC</authorURI>
    <creationTime>2014-12-10T18:14:54.698141Z</creationTime>
  </creationInfo>
  <description>
    <text>GERMANY</text>
    <type>Flinn-Engdahl region</type>
  </description>
  <origin publicID="quakeml:eu.emsc/event/20040604_0000048/origin/1307702">
    <time>
      <value>2004-06-04T12:28:28.6Z</value>
    </time>
    <latitude>
      <value>47.633</value>
      <uncertainty>9999.9</uncertainty>
    </latitude>
    <longitude>
      <value>8.423</value>
      <uncertainty>9999.9</uncertainty>
    </longitude>
    <depth>
      <value>19400.0</value>
    </depth>
    <depthType>from location</depthType>
    <methodID>smi:eu.emsc-csem/origin_method/NA</methodID>
    <quality>
      <usedPhaseCount>14</usedPhaseCount>
      <usedStationCount>8</usedStationCount>
      <standardError>0.16</standardError>
      <azimuthalGap>136</azimuthalGap>
      <minimumDistance>0.12</minimumDistance>
      <maximumDistance>0.4</maximumDistance>
    </quality>
    <evaluationMode>manual</evaluationMode>
    <creationInfo>
      <agencyURI>smi:smi-registry/organization/EMSC</agencyURI>
      <authorURI>smi:smi-registry/organization/EMSC</authorURI>
    </creationInfo>
    <originUncertainty>
      <azimuthMaxHorizontalUncertainty>-99</azimuthMaxHorizontalUncertainty>
    </originUncertainty>
  </origin>
  <magnitude publicID="quakeml:eu.emsc/event/20040604_0000048/origin/1307702/mag/2">
    <mag>
      <value>1.5</value>
    </mag>
    <type>ML</type>
    <originID>quakeml:eu.emsc/event/20040604_0000048/origin/1307702</originID>
    <stationCount>7</stationCount>
    <creationInfo>
      <agencyURI>smi:smi-registry/organization/EMSC</agencyURI>
      <authorURI>smi:smi-registry/organization/EMSC</authorURI>
    </creationInfo>
  </magnitude>
</event>
<event publicID="quakeml:eu.emsc/event/20040604_0000040">
  <preferredOriginID>quakeml:eu.emsc/event/20040604_0000040/origin/1317299</preferredOriginID>
  <preferredMagnitudeID>quakeml:eu.emsc/event/20040604_0000040/origin/1317299/mag/1</preferredMagnitudeID>
  <creationInfo>
    <agencyURI>smi:smi-registry/organization/EMSC</agencyURI>
    <authorURI>smi:smi-registry/organization/EMSC</authorURI>
    <creationTime>2014-12-03T16:13:42.677446Z</creationTime>
  </creationInfo>
  <description>
    <text>FRANCE</text>
    <type>Flinn-Engdahl region</type>
  </description>
  <origin publicID="quakeml:eu.emsc/event/20040604_0000040/origin/1317299">
    <time>
      <value>2004-06-04T11:49:35.4Z</value>
      <uncertainty>0.3</uncertainty>
    </time>
    <latitude>
      <value>49.2205</value>
      <uncertainty>7.2</uncertainty>
    </latitude>
    <longitude>
      <value>-1.2219</value>
      <uncertainty>3.2</uncertainty>
    </longitude>
    <depth>
      <value>15000</value>
    </depth>
    <depthType>from location</depthType>
    <methodID>smi:eu.emsc-csem/origin_method/NA</methodID>
    <quality>
      <usedPhaseCount>36</usedPhaseCount>
      <usedStationCount>17</usedStationCount>
      <standardError>1.22</standardError>
      <azimuthalGap>162</azimuthalGap>
      <minimumDistance>0.54</minimumDistance>
      <maximumDistance>4.34</maximumDistance>
    </quality>
    <evaluationMode>manual</evaluationMode>
    <creationInfo>
      <agencyURI>smi:smi-registry/organization/EMSC</agencyURI>
      <authorURI>smi:smi-registry/organization/EMSC</authorURI>
    </creationInfo>
    <originUncertainty>
      <azimuthMaxHorizontalUncertainty>13</azimuthMaxHorizontalUncertainty>
    </originUncertainty>
  </origin>
  <magnitude publicID="quakeml:eu.emsc/event/20040604_0000040/origin/1317299/mag/1">
    <mag>
      <value>2.6</value>
      <uncertainty>0.2</uncertainty>
    </mag>
    <type>ML</type>
    <originID>quakeml:eu.emsc/event/20040604_0000040/origin/1317299</originID>
    <stationCount>10</stationCount>
    <creationInfo>
      <agencyURI>smi:smi-registry/organization/EMSC</agencyURI>
      <authorURI>smi:smi-registry/organization/EMSC</authorURI>
    </creationInfo>
  </magnitude>
</event>
<event publicID="quakeml:eu.emsc/event/20040604_0000016">
  <preferredOriginID>quakeml:eu.emsc/event/20040604_0000016/origin/1318567</preferredOriginID>
  <preferredMagnitudeID>quakeml:eu.emsc/event/20040604_0000016/origin/1318567/mag/2</preferredMagnitudeID>
  <creationInfo>
    <agencyURI>smi:smi-registry/organization/EMSC</agencyURI>
    <authorURI>smi:smi-registry/organization/EMSC</authorURI>
    <creationTime>2014-12-03T11:11:01.771592Z</creationTime>
  </creationInfo>
  <description>
    <text>AEGEAN SEA</text>
    <type>Flinn-Engdahl region</type>
  </description>
  <origin publicID="quakeml:eu.emsc/event/20040604_0000016/origin/1318567">
    <time>
      <value>2004-06-04T11:27:03.0Z</value>
      <uncertainty>0.24</uncertainty>
    </time>
    <latitude>
      <value>38.5923</value>
      <uncertainty>6.7</uncertainty>
    </latitude>
    <longitude>
      <value>24.0567</value>
      <uncertainty>4.3</uncertainty>
    </longitude>
    <depth>
      <value>10000</value>
    </depth>
    <depthType>from location</depthType>
    <methodID>smi:eu.emsc-csem/origin_method/NA</methodID>
    <quality>
      <usedPhaseCount>33</usedPhaseCount>
      <usedStationCount>25</usedStationCount>
      <standardError>1.13</standardError>
      <azimuthalGap>73</azimuthalGap>
      <minimumDistance>0.51</minimumDistance>
      <maximumDistance>3.01</maximumDistance>
    </quality>
    <evaluationMode>manual</evaluationMode>
    <creationInfo>
      <agencyURI>smi:smi-registry/organization/EMSC</agencyURI>
      <authorURI>smi:smi-registry/organization/EMSC</authorURI>
    </creationInfo>
    <originUncertainty>
      <azimuthMaxHorizontalUncertainty>105</azimuthMaxHorizontalUncertainty>
    </originUncertainty>
  </origin>
  <magnitude publicID="quakeml:eu.emsc/event/20040604_0000016/origin/1318567/mag/2">
    <mag>
      <value>3.3</value>
    </mag>
    <type>ML</type>
    <originID>quakeml:eu.emsc/event/20040604_0000016/origin/1318567</originID>
    <creationInfo>
      <agencyURI>smi:smi-registry/organization/EMSC</agencyURI>
      <authorURI>smi:smi-registry/organization/EMSC</authorURI>
    </creationInfo>
  </magnitude>
</event>
<event publicID="quakeml:eu.emsc/event/20040604_0000014">
  <preferredOriginID>quakeml:eu.emsc/event/20040604_0000014/origin/1318570</preferredOriginID>
  <preferredMagnitudeID>quakeml:eu.emsc/event/20040604_0000014/origin/1318570/mag/2</preferredMagnitudeID>
  <creationInfo>
    <agencyURI>smi:smi-registry/organization/EMSC</agencyURI>
    <authorURI>smi:smi-registry/organization/EMSC</authorURI>
    <creationTime>2014-12-03T10:29:15.308962Z</creationTime>
  </creationInfo>
  <description>
    <text>DODECANESE ISLANDS, GREECE</text>
    <type>Flinn-Engdahl region</type>
  </description>
  <origin publicID="quakeml:eu.emsc/event/20040604_0000014/origin/1318570">
    <time>
      <value>2004-06-04T08:17:55.9Z</value>
      <uncertainty>0.28</uncertainty>
    </time>
    <latitude>
      <value>36.7605</value>
      <uncertainty>6.7</uncertainty>
    </latitude>
    <longitude>
      <value>26.6569</value>
      <uncertainty>4.9</uncertainty>
    </longitude>
    <depth>
      <value>18000</value>
      <uncertainty>3.4</uncertainty>
    </depth>
    <depthType>from location</depthType>
    <methodID>smi:eu.emsc-csem/origin_method/NA</methodID>
    <quality>
      <usedPhaseCount>9</usedPhaseCount>
      <usedStationCount>7</usedStationCount>
      <standardError>0.48</standardError>
      <azimuthalGap>87</azimuthalGap>
      <minimumDistance>0.95</minimumDistance>
      <maximumDistance>1.7</maximumDistance>
    </quality>
    <evaluationMode>manual</evaluationMode>
    <creationInfo>
      <agencyURI>smi:smi-registry/organization/EMSC</agencyURI>
      <authorURI>smi:smi-registry/organization/EMSC</authorURI>
    </creationInfo>
    <originUncertainty>
      <azimuthMaxHorizontalUncertainty>163</azimuthMaxHorizontalUncertainty>
    </originUncertainty>
  </origin>
  <magnitude publicID="quakeml:eu.emsc/event/20040604_0000014/origin/1318570/mag/2">
    <mag>
      <value>3.1</value>
    </mag>
    <type>MD</type>
    <originID>quakeml:eu.emsc/event/20040604_0000014/origin/1318570</originID>
    <creationInfo>
      <agencyURI>smi:smi-registry/organization/EMSC</agencyURI>
      <authorURI>smi:smi-registry/organization/EMSC</authorURI>
    </creationInfo>
  </magnitude>
</event>
<event publicID="quakeml:eu.emsc/event/20040604_0000050">
  <preferredOriginID>quakeml:eu.emsc/event/20040604_0000050/origin/1307704</preferredOriginID>
  <preferredMagnitudeID>quakeml:eu.emsc/event/20040604_0000050/origin/1307704/mag/2</preferredMagnitudeID>
  <creationInfo>
    <agencyURI>smi:smi-registry/organization/EMSC</agencyURI>
    <authorURI>smi:smi-registry/organization/EMSC</authorURI>
    <creationTime>2014-12-10T18:14:54.197849Z</creationTime>
  </creationInfo>
  <description>
    <text>SWITZERLAND</text>
    <type>Flinn-Engdahl region</type>
  </description>
  <origin publicID="quakeml:eu.emsc/event/20040604_0000050/origin/1307704">
    <time>
      <value>2004-06-04T06:32:02.4Z</value>
    </time>
    <latitude>
      <value>46.312</value>
      <uncertainty>9999.9</uncertainty>
    </latitude>
    <longitude>
      <value>7.805</value>
      <uncertainty>9999.9</uncertainty>
    </longitude>
    <depth>
      <value>0</value>
    </depth>
    <depthType>from location</depthType>
    <methodID>smi:eu.emsc-csem/origin_method/NA</methodID>
    <quality>
      <usedPhaseCount>6</usedPhaseCount>
      <usedStationCount>4</usedStationCount>
      <standardError>0.26</standardError>
      <azimuthalGap>215</azimuthalGap>
      <minimumDistance>0.14</minimumDistance>
      <maximumDistance>0.36</maximumDistance>
    </quality>
    <evaluationMode>manual</evaluationMode>
    <creationInfo>
      <agencyURI>smi:smi-registry/organization/EMSC</agencyURI>
      <authorURI>smi:smi-registry/organization/EMSC</authorURI>
    </creationInfo>
    <originUncertainty>
      <azimuthMaxHorizontalUncertainty>-99</azimuthMaxHorizontalUncertainty>
    </originUncertainty>
  </origin>
  <magnitude publicID="quakeml:eu.emsc/event/20040604_0000050/origin/1307704/mag/2">
    <mag>
      <value>1.5</value>
    </mag>
    <type>ML</type>
    <originID>quakeml:eu.emsc/event/20040604_0000050/origin/1307704</originID>
    <stationCount>2</stationCount>
    <creationInfo>
      <agencyURI>smi:smi-registry/organization/EMSC</agencyURI>
      <authorURI>smi:smi-registry/organization/EMSC</authorURI>
    </creationInfo>
  </magnitude>
</event>
<event publicID="quakeml:eu.emsc/event/20040604_0000015">
  <preferredOriginID>quakeml:eu.emsc/event/20040604_0000015/origin/1307706</preferredOriginID>
  <preferredMagnitudeID>quakeml:eu.emsc/event/20040604_0000015/origin/1307706/mag/2</preferredMagnitudeID>
  <creationInfo>
    <agencyURI>smi:smi-registry/organization/EMSC</agencyURI>
    <authorURI>smi:smi-registry/organization/EMSC</authorURI>
    <creationTime>2014-12-11T02:16:32.346409Z</creationTime>
  </creationInfo>
  <description>
    <text>SOUTHERN GREECE</text>
    <type>Flinn-Engdahl region</type>
  </description>
  <origin publicID="quakeml:eu.emsc/event/20040604_0000015/origin/1307706">
    <time>
      <value>2004-06-04T06:02:51.8Z</value>
    </time>
    <latitude>
      <value>37.86</value>
      <uncertainty>9999.9</uncertainty>
    </latitude>
    <longitude>
      <value>21.31</value>
      <uncertainty>9999.9</uncertainty>
    </longitude>
    <depth>
      <value>20000</value>
    </depth>
    <depthType>from location</depthType>
    <methodID>smi:eu.emsc-csem/origin_method/NA</methodID>
    <quality>
      <usedPhaseCount>6</usedPhaseCount>
      <usedStationCount>5</usedStationCount>
      <standardError>1.3</standardError>
      <azimuthalGap>155</azimuthalGap>
      <minimumDistance>0.23</minimumDistance>
      <maximumDistance>1.73</maximumDistance>
    </quality>
    <evaluationMode>manual</evaluationMode>
    <creationInfo>
      <agencyURI>smi:smi-registry/organization/EMSC</agencyURI>
      <authorURI>smi:smi-registry/organization/EMSC</authorURI>
    </creationInfo>
    <originUncertainty>
      <azimuthMaxHorizontalUncertainty>-99</azimuthMaxHorizontalUncertainty>
    </originUncertainty>
  </origin>
  <magnitude publicID="quakeml:eu.emsc/event/20040604_0000015/origin/1307706/mag/2">
    <mag>
      <value>3.1</value>
    </mag>
    <type>MD</type>
    <originID>quakeml:eu.emsc/event/20040604_0000015/origin/1307706</originID>
    <creationInfo>
      <agencyURI>smi:smi-registry/organization/EMSC</agencyURI>
      <authorURI>smi:smi-registry/organization/EMSC</authorURI>
    </creationInfo>
  </magnitude>
</event>
<event publicID="quakeml:eu.emsc/event/20040604_0000013">
  <preferredOriginID>quakeml:eu.emsc/event/20040604_0000013/origin/1318574</preferredOriginID>
  <preferredMagnitudeID>quakeml:eu.emsc/event/20040604_0000013/origin/1318574/mag/2</preferredMagnitudeID>
  <creationInfo>
    <agencyURI>smi:smi-registry/organization/EMSC</agencyURI>
    <authorURI>smi:smi-registry/organization/EMSC</authorURI>
    <creationTime>2014-12-03T11:44:20.672296Z</creationTime>
  </creationInfo>
  <description>
    <text>DODECANESE ISLANDS, GREECE</text>
    <type>Flinn-Engdahl region</type>
  </description>
  <origin publicID="quakeml:eu.emsc/event/20040604_0000013/origin/1318574">
    <time>
      <value>2004-06-04T05:32:19.5Z</value>
      <uncertainty>0.22</uncertainty>
    </time>
    <latitude>
      <value>36.7164</value>
      <uncertainty>6</uncertainty>
    </latitude>
    <longitude>
      <value>26.6124</value>
      <uncertainty>3.9</uncertainty>
    </longitude>
    <depth>
      <value>2000</value>
    </depth>
    <depthType>from location</depthType>
    <methodID>smi:eu.emsc-csem/origin_method/NA</methodID>
    <quality>
      <usedPhaseCount>21</usedPhaseCount>
      <usedStationCount>14</usedStationCount>
      <standardError>0.96</standardError>
      <azimuthalGap>77</azimuthalGap>
      <minimumDistance>0.94</minimumDistance>
      <maximumDistance>2.36</maximumDistance>
    </quality>
    <evaluationMode>manual</evaluationMode>
    <creationInfo>
      <agencyURI>smi:smi-registry/organization/EMSC</agencyURI>
      <authorURI>smi:smi-registry/organization/EMSC</authorURI>
    </creationInfo>
    <originUncertainty>
      <azimuthMaxHorizontalUncertainty>160</azimuthMaxHorizontalUncertainty>
    </originUncertainty>
  </origin>
  <magnitude publicID="quakeml:eu.emsc/event/20040604_0000013/origin/1318574/mag/2">
    <mag>
      <value>3.3</value>
    </mag>
    <type>MD</type>
    <originID>quakeml:eu.emsc/event/20040604_0000013/origin/1318574</originID>
    <creationInfo>
      <agencyURI>smi:smi-registry/organization/EMSC</agencyURI>
      <authorURI>smi:smi-registry/organization/EMSC</authorURI>
    </creationInfo>
  </magnitude>
</event>
<event publicID="quakeml:eu.emsc/event/20040604_0000012">
  <preferredOriginID>quakeml:eu.emsc/event/20040604_0000012/origin/1500957</preferredOriginID>
  <preferredMagnitudeID>quakeml:eu.emsc/event/20040604_0000012/origin/1500957/mag/2</preferredMagnitudeID>
  <creationInfo>
    <agencyURI>smi:smi-registry/organization/EMSC</agencyURI>
    <authorURI>smi:smi-registry/organization/EMSC</authorURI>
    <creationTime>2014-12-11T02:16:25.137921Z</creationTime>
  </creationInfo>
  <description>
    <text>STRAIT OF GIBRALTAR</text>
    <type>Flinn-Engdahl region</type>
  </description>
  <origin publicID="quakeml:eu.emsc/event/20040604_0000012/origin/1500957">
    <time>
      <value>2004-06-04T05:09:06.1Z</value>
      <uncertainty>0.26</uncertainty>
    </time>
    <latitude>
      <value>36.893</value>
      <uncertainty>6.6</uncertainty>
    </latitude>
    <longitude>
      <value>-4.9389</value>
      <uncertainty>3.7</uncertainty>
    </longitude>
    <depth>
      <value>10000</value>
    </depth>
    <depthType>from location</depthType>
    <methodID>smi:eu.emsc-csem/origin_method/NA</methodID>
    <quality>
      <usedPhaseCount>14</usedPhaseCount>
      <usedStationCount>11</usedStationCount>
      <standardError>0.53</standardError>
      <azimuthalGap>156</azimuthalGap>
      <minimumDistance>0.61</minimumDistance>
      <maximumDistance>2.48</maximumDistance>
    </quality>
    <evaluationMode>manual</evaluationMode>
    <creationInfo>
      <agencyURI>smi:smi-registry/organization/EMSC</agencyURI>
      <authorURI>smi:smi-registry/organization/EMSC</authorURI>
    </creationInfo>
    <originUncertainty>
      <azimuthMaxHorizontalUncertainty>156</azimuthMaxHorizontalUncertainty>
    </originUncertainty>
  </origin>
  <magnitude publicID="quakeml:eu.emsc/event/20040604_0000012/origin/1500957/mag/2">
    <mag>
      <value>1.8</value>
      <uncertainty>0.1</uncertainty>
    </mag>
    <type>mb</type>
    <originID>quakeml:eu.emsc/event/20040604_0000012/origin/1500957</originID>
    <stationCount>11</stationCount>
    <creationInfo>
      <agencyURI>smi:smi-registry/organization/EMSC</agencyURI>
      <authorURI>smi:smi-registry/organization/EMSC</authorURI>
    </creationInfo>
  </magnitude>
</event>
<event publicID="quakeml:eu.emsc/event/20040604_0000011">
  <preferredOriginID>quakeml:eu.emsc/event/20040604_0000011/origin/1318579</preferredOriginID>
  <preferredMagnitudeID>quakeml:eu.emsc/event/20040604_0000011/origin/1318579/mag/2</preferredMagnitudeID>
  <creationInfo>
    <agencyURI>smi:smi-registry/organization/EMSC</agencyURI>
    <authorURI>smi:smi-registry/organization/EMSC</authorURI>
    <creationTime>2014-12-03T11:51:54.746753Z</creationTime>
  </creationInfo>
  <description>
    <text>STRAIT OF GIBRALTAR</text>
    <type>Flinn-Engdahl region</type>
  </description>
  <origin publicID="quakeml:eu.emsc/event/20040604_0000011/origin/1318579">
    <time>
      <value>2004-06-04T05:06:57.6Z</value>
      <uncertainty>0.24</uncertainty>
    </time>
    <latitude>
      <value>36.9691</value>
      <uncertainty>6.1</uncertainty>
    </latitude>
    <longitude>
      <value>-4.8841</value>
      <uncertainty>3.4</uncertainty>
    </longitude>
    <depth>
      <value>17600.0</value>
      <uncertainty>2.2</uncertainty>
    </depth>
    <depthType>from location</depthType>
    <methodID>smi:eu.emsc-csem/origin_method/NA</methodID>
    <quality>
      <usedPhaseCount>42</usedPhaseCount>
      <usedStationCount>26</usedStationCount>
      <standardError>1.32</standardError>
      <azimuthalGap>121</azimuthalGap>
      <minimumDistance>0.42</minimumDistance>
      <maximumDistance>5.17</maximumDistance>
    </quality>
    <evaluationMode>manual</evaluationMode>
    <creationInfo>
      <agencyURI>smi:smi-registry/organization/EMSC</agencyURI>
      <authorURI>smi:smi-registry/organization/EMSC</authorURI>
    </creationInfo>
    <originUncertainty>
      <azimuthMaxHorizontalUncertainty>169</azimuthMaxHorizontalUncertainty>
    </originUncertainty>
  </origin>
  <magnitude publicID="quakeml:eu.emsc/event/20040604_0000011/origin/1318579/mag/2">
    <mag>
      <value>2.2</value>
      <uncertainty>0.1</uncertainty>
    </mag>
    <type>mb</type>
    <originID>quakeml:eu.emsc/event/20040604_0000011/origin/1318579</originID>
    <stationCount>18</stationCount>
    <creationInfo>
      <agencyURI>smi:smi-registry/organization/EMSC</agencyURI>
      <authorURI>smi:smi-registry/organization/EMSC</authorURI>
    </creationInfo>
  </magnitude>
</event>
<event publicID="quakeml:eu.emsc/event/20040604_0000010">
  <preferredOriginID>quakeml:eu.emsc/event/20040604_0000010/origin/1318585</preferredOriginID>
  <preferredMagnitudeID>quakeml:eu.emsc/event/20040604_0000010/origin/1318585/mag/1</preferredMagnitudeID>
  <creationInfo>
    <agencyURI>smi:smi-registry/organization/EMSC</agencyURI>
    <authorURI>smi:smi-registry/organization/EMSC</authorURI>
    <creationTime>2014-12-03T10:45:01.845837Z</creationTime>
  </creationInfo>
  <description>
    <text>PYRENEES</text>
    <type>Flinn-Engdahl region</type>
  </description>
  <origin publicID="quakeml:eu.emsc/event/20040604_0000010/origin/1318585">
    <time>
      <value>2004-06-04T04:56:49.8Z</value>
      <uncertainty>0.11</uncertainty>
    </time>
    <latitude>
      <value>42.3332</value>
      <uncertainty>2.6</uncertainty>
    </latitude>
    <longitude>
      <value>2.2419</value>
      <uncertainty>1.8</uncertainty>
    </longitude>
    <depth>
      <value>10000</value>
    </depth>
    <depthType>from location</depthType>
    <methodID>smi:eu.emsc-csem/origin_method/NA</methodID>
    <quality>
      <usedPhaseCount>166</usedPhaseCount>
      <usedStationCount>85</usedStationCount>
      <standardError>1.15</standardError>
      <azimuthalGap>72</azimuthalGap>
      <minimumDistance>0.07</minimumDistance>
      <maximumDistance>8.29</maximumDistance>
    </quality>
    <evaluationMode>manual</evaluationMode>
    <creationInfo>
      <agencyURI>smi:smi-registry/organization/EMSC</agencyURI>
      <authorURI>smi:smi-registry/organization/EMSC</authorURI>
    </creationInfo>
    <originUncertainty>
      <azimuthMaxHorizontalUncertainty>153</azimuthMaxHorizontalUncertainty>
    </originUncertainty>
  </origin>
  <magnitude publicID="quakeml:eu.emsc/event/20040604_0000010/origin/1318585/mag/1">
    <mag>
      <value>3.5</value>
      <uncertainty>0.4</uncertainty>
    </mag>
    <type>ML</type>
    <originID>quakeml:eu.emsc/event/20040604_0000010/origin/1318585</originID>
    <stationCount>28</stationCount>
    <creationInfo>
      <agencyURI>smi:smi-registry/organization/EMSC</agencyURI>
      <authorURI>smi:smi-registry/organization/EMSC</authorURI>
    </creationInfo>
  </magnitude>
</event>
<event publicID="quakeml:eu.emsc/event/20040604_0000009">
  <preferredOriginID>quakeml:eu.emsc/event/20040604_0000009/origin/1318589</preferredOriginID>
  <preferredMagnitudeID>quakeml:eu.emsc/event/20040604_0000009/origin/1318589/mag/2</preferredMagnitudeID>
  <creationInfo>
    <agencyURI>smi:smi-registry/organization/EMSC</agencyURI>
    <authorURI>smi:smi-registry/organization/EMSC</authorURI>
    <creationTime>2014-12-03T11:21:59.927873Z</creationTime>
  </creationInfo>
  <description>
    <text>DODECANESE ISLANDS, GREECE</text>
    <type>Flinn-Engdahl region</type>
  </description>
  <origin publicID="quakeml:eu.emsc/event/20040604_0000009/origin/1318589">
    <time>
      <value>2004-06-04T04:43:53.7Z</value>
      <uncertainty>0.21</uncertainty>
    </time>
    <latitude>
      <value>36.759</value>
      <uncertainty>5.4</uncertainty>
    </latitude>
    <longitude>
      <value>26.5984</value>
      <uncertainty>3.7</uncertainty>
    </longitude>
    <depth>
      <value>2000</value>
    </depth>
    <depthType>from location</depthType>
    <methodID>smi:eu.emsc-csem/origin_method/NA</methodID>
    <quality>
      <usedPhaseCount>31</usedPhaseCount>
      <usedStationCount>20</usedStationCount>
      <standardError>1.08</standardError>
      <azimuthalGap>63</azimuthalGap>
      <minimumDistance>0.45</minimumDistance>
      <maximumDistance>2.66</maximumDistance>
    </quality>
    <evaluationMode>manual</evaluationMode>
    <creationInfo>
      <agencyURI>smi:smi-registry/organization/EMSC</agencyURI>
      <authorURI>smi:smi-registry/organization/EMSC</authorURI>
    </creationInfo>
    <originUncertainty>
      <azimuthMaxHorizontalUncertainty>161</azimuthMaxHorizontalUncertainty>
    </originUncertainty>
  </origin>
  <magnitude publicID="quakeml:eu.emsc/event/20040604_0000009/origin/1318589/mag/2">
    <mag>
      <value>3.6</value>
    </mag>
    <type>MD</type>
    <originID>quakeml:eu.emsc/event/20040604_0000009/origin/1318589</originID>
    <creationInfo>
      <agencyURI>smi:smi-registry/organization/EMSC</agencyURI>
      <authorURI>smi:smi-registry/organization/EMSC</authorURI>
    </creationInfo>
  </magnitude>
</event>
<event publicID="quakeml:eu.emsc/event/20040604_0000041">
  <preferredOriginID>quakeml:eu.emsc/event/20040604_0000041/origin/1307708</preferredOriginID>
  <preferredMagnitudeID>quakeml:eu.emsc/event/20040604_0000041/origin/1307708/mag/2</preferredMagnitudeID>
  <creationInfo>
    <agencyURI>smi:smi-registry/organization/EMSC</agencyURI>
    <authorURI>smi:smi-registry/organization/EMSC</authorURI>
    <creationTime>2014-12-10T18:14:53.71388Z</creationTime>
  </creationInfo>
  <description>
    <text>NORTHERN ITALY</text>
    <type>Flinn-Engdahl region</type>
  </description>
  <origin publicID="quakeml:eu.emsc/event/20040604_0000041/origin/1307708">
    <time>
      <value>2004-06-04T04:18:13.6Z</value>
    </time>
    <latitude>
      <value>44.499</value>
      <uncertainty>9999.9</uncertainty>
    </latitude>
    <longitude>
      <value>9.8375</value>
      <uncertainty>9999.9</uncertainty>
    </longitude>
    <depth>
      <value>1800.0</value>
    </depth>
    <depthType>from location</depthType>
    <methodID>smi:eu.emsc-csem/origin_method/NA</methodID>
    <quality>
      <usedPhaseCount>9</usedPhaseCount>
      <usedStationCount>4</usedStationCount>
      <standardError>9.19</standardError>
      <azimuthalGap>329</azimuthalGap>
      <minimumDistance>0.28</minimumDistance>
      <maximumDistance>0.51</maximumDistance>
    </quality>
    <evaluationMode>manual</evaluationMode>
    <creationInfo>
      <agencyURI>smi:smi-registry/organization/EMSC</agencyURI>
      <authorURI>smi:smi-registry/organization/EMSC</authorURI>
    </creationInfo>
    <originUncertainty>
      <azimuthMaxHorizontalUncertainty>-99</azimuthMaxHorizontalUncertainty>
    </originUncertainty>
  </origin>
  <magnitude publicID="quakeml:eu.emsc/event/20040604_0000041/origin/1307708/mag/2">
    <mag>
      <value>1.7</value>
    </mag>
    <type>ML</type>
    <originID>quakeml:eu.emsc/event/20040604_0000041/origin/1307708</originID>
    <creationInfo>
      <agencyURI>smi:smi-registry/organization/EMSC</agencyURI>
      <authorURI>smi:smi-registry/organization/EMSC</authorURI>
    </creationInfo>
  </magnitude>
</event>
<event publicID="quakeml:eu.emsc/event/20040604_0000029">
  <preferredOriginID>quakeml:eu.emsc/event/20040604_0000029/origin/1317302</preferredOriginID>
  <preferredMagnitudeID>quakeml:eu.emsc/event/20040604_0000029/origin/1317302/mag/1</preferredMagnitudeID>
  <creationInfo>
    <agencyURI>smi:smi-registry/organization/EMSC</agencyURI>
    <authorURI>smi:smi-registry/organization/EMSC</authorURI>
    <creationTime>2014-12-03T15:19:10.440455Z</creationTime>
  </creationInfo>
  <description>
    <text>PYRENEES</text>
    <type>Flinn-Engdahl region</type>
  </description>
  <origin publicID="quakeml:eu.emsc/event/20040604_0000029/origin/1317302">
    <time>
      <value>2004-06-04T03:02:41.8Z</value>
      <uncertainty>0.17</uncertainty>
    </time>
    <latitude>
      <value>43.0203</value>
      <uncertainty>4.2</uncertainty>
    </latitude>
    <longitude>
      <value>-0.3129</value>
      <uncertainty>2.6</uncertainty>
    </longitude>
    <depth>
      <value>10000</value>
    </depth>
    <depthType>from location</depthType>
    <methodID>smi:eu.emsc-csem/origin_method/NA</methodID>
    <quality>
      <usedPhaseCount>20</usedPhaseCount>
      <usedStationCount>11</usedStationCount>
      <standardError>0.67</standardError>
      <azimuthalGap>70</azimuthalGap>
      <minimumDistance>0.08</minimumDistance>
      <maximumDistance>2.06</maximumDistance>
    </quality>
    <evaluationMode>manual</evaluationMode>
    <creationInfo>
      <agencyURI>smi:smi-registry/organization/EMSC</agencyURI>
      <authorURI>smi:smi-registry/organization/EMSC</authorURI>
    </creationInfo>
    <originUncertainty>
      <azimuthMaxHorizontalUncertainty>16</azimuthMaxHorizontalUncertainty>
    </originUncertainty>
  </origin>
  <magnitude publicID="quakeml:eu.emsc/event/20040604_0000029/origin/1317302/mag/1">
    <mag>
      <value>1.6</value>
      <uncertainty>0.7</uncertainty>
    </mag>
    <type>ML</type>
    <originID>quakeml:eu.emsc/event/20040604_0000029/origin/1317302</originID>
    <stationCount>8</stationCount>
    <creationInfo>
      <agencyURI>smi:smi-registry/organization/EMSC</agencyURI>
      <authorURI>smi:smi-registry/organization/EMSC</authorURI>
    </creationInfo>
  </magnitude>
</event>
<event publicID="quakeml:eu.emsc/event/20040604_0000036">
  <preferredOriginID>quakeml:eu.emsc/event/20040604_0000036/origin/1307710</preferredOriginID>
  <preferredMagnitudeID>quakeml:eu.emsc/event/20040604_0000036/origin/1307710/mag/2</preferredMagnitudeID>
  <creationInfo>
    <agencyURI>smi:smi-registry/organization/EMSC</agencyURI>
    <authorURI>smi:smi-registry/organization/EMSC</authorURI>
    <creationTime>2014-12-10T18:14:53.219175Z</creationTime>
  </creationInfo>
  <description>
    <text>PYRENEES</text>
    <type>Flinn-Engdahl region</type>
  </description>
  <origin publicID="quakeml:eu.emsc/event/20040604_0000036/origin/1307710">
    <time>
      <value>2004-06-04T02:53:20.2Z</value>
    </time>
    <latitude>
      <value>43.0443</value>
      <uncertainty>9999.9</uncertainty>
    </latitude>
    <longitude>
      <value>-0.3278</value>
      <uncertainty>9999.9</uncertainty>
    </longitude>
    <depth>
      <value>3000</value>
    </depth>
    <depthType>from location</depthType>
    <methodID>smi:eu.emsc-csem/origin_method/NA</methodID>
    <quality>
      <usedPhaseCount>12</usedPhaseCount>
      <usedStationCount>6</usedStationCount>
      <standardError>1.54</standardError>
      <azimuthalGap>138</azimuthalGap>
      <minimumDistance>0.22</minimumDistance>
      <maximumDistance>2.62</maximumDistance>
    </quality>
    <evaluationMode>manual</evaluationMode>
    <creationInfo>
      <agencyURI>smi:smi-registry/organization/EMSC</agencyURI>
      <authorURI>smi:smi-registry/organization/EMSC</authorURI>
    </creationInfo>
    <originUncertainty>
      <azimuthMaxHorizontalUncertainty>-99</azimuthMaxHorizontalUncertainty>
    </originUncertainty>
  </origin>
  <magnitude publicID="quakeml:eu.emsc/event/20040604_0000036/origin/1307710/mag/2">
    <mag>
      <value>1.7</value>
      <uncertainty>0.2</uncertainty>
    </mag>
    <type>ML</type>
    <originID>quakeml:eu.emsc/event/20040604_0000036/origin/1307710</originID>
    <stationCount>3</stationCount>
    <creationInfo>
      <agencyURI>smi:smi-registry/organization/EMSC</agencyURI>
      <authorURI>smi:smi-registry/organization/EMSC</authorURI>
    </creationInfo>
  </magnitude>
</event>
<event publicID="quakeml:eu.emsc/event/20040604_0000051">
  <preferredOriginID>quakeml:eu.emsc/event/20040604_0000051/origin/1317306</preferredOriginID>
  <preferredMagnitudeID>quakeml:eu.emsc/event/20040604_0000051/origin/1317306/mag/1</preferredMagnitudeID>
  <creationInfo>
    <agencyURI>smi:smi-registry/organization/EMSC</agencyURI>
    <authorURI>smi:smi-registry/organization/EMSC</authorURI>
    <creationTime>2014-12-03T17:01:00.401942Z</creationTime>
  </creationInfo>
  <description>
    <text>PYRENEES</text>
    <type>Flinn-Engdahl region</type>
  </description>
  <origin publicID="quakeml:eu.emsc/event/20040604_0000051/origin/1317306">
    <time>
      <value>2004-06-04T02:38:34.8Z</value>
      <uncertainty>0.11</uncertainty>
    </time>
    <latitude>
      <value>43.0722</value>
      <uncertainty>2.4</uncertainty>
    </latitude>
    <longitude>
      <value>-0.3149</value>
      <uncertainty>1.7</uncertainty>
    </longitude>
    <depth>
      <value>12000</value>
    </depth>
    <depthType>from location</depthType>
    <methodID>smi:eu.emsc-csem/origin_method/NA</methodID>
    <quality>
      <usedPhaseCount>51</usedPhaseCount>
      <usedStationCount>23</usedStationCount>
      <standardError>0.68</standardError>
      <azimuthalGap>94</azimuthalGap>
      <minimumDistance>0.06</minimumDistance>
      <maximumDistance>2.71</maximumDistance>
    </quality>
    <evaluationMode>manual</evaluationMode>
    <creationInfo>
      <agencyURI>smi:smi-registry/organization/EMSC</agencyURI>
      <authorURI>smi:smi-registry/organization/EMSC</authorURI>
    </creationInfo>
    <originUncertainty>
      <azimuthMaxHorizontalUncertainty>6</azimuthMaxHorizontalUncertainty>
    </originUncertainty>
  </origin>
  <magnitude publicID="quakeml:eu.emsc/event/20040604_0000051/origin/1317306/mag/1">
    <mag>
      <value>2.2</value>
      <uncertainty>0.4</uncertainty>
    </mag>
    <type>ML</type>
    <originID>quakeml:eu.emsc/event/20040604_0000051/origin/1317306</originID>
    <stationCount>19</stationCount>
    <creationInfo>
      <agencyURI>smi:smi-registry/organization/EMSC</agencyURI>
      <authorURI>smi:smi-registry/organization/EMSC</authorURI>
    </creationInfo>
  </magnitude>
</event>
<event publicID="quakeml:eu.emsc/event/20040604_0000042">
  <preferredOriginID>quakeml:eu.emsc/event/20040604_0000042/origin/1317309</preferredOriginID>
  <preferredMagnitudeID>quakeml:eu.emsc/event/20040604_0000042/origin/1317309/mag/1</preferredMagnitudeID>
  <creationInfo>
    <agencyURI>smi:smi-registry/organization/EMSC</agencyURI>
    <authorURI>smi:smi-registry/organization/EMSC</authorURI>
    <creationTime>2014-12-03T16:19:21.873068Z</creationTime>
  </creationInfo>
  <description>
    <text>SWITZERLAND</text>
    <type>Flinn-Engdahl region</type>
  </description>
  <origin publicID="quakeml:eu.emsc/event/20040604_0000042/origin/1317309">
    <time>
      <value>2004-06-04T02:30:04.2Z</value>
      <uncertainty>0.18</uncertainty>
    </time>
    <latitude>
      <value>46.9782</value>
      <uncertainty>4.2</uncertainty>
    </latitude>
    <longitude>
      <value>8.2447</value>
      <uncertainty>2.8</uncertainty>
    </longitude>
    <depth>
      <value>2000</value>
    </depth>
    <depthType>from location</depthType>
    <methodID>smi:eu.emsc-csem/origin_method/NA</methodID>
    <quality>
      <usedPhaseCount>14</usedPhaseCount>
      <usedStationCount>8</usedStationCount>
      <standardError>0.7</standardError>
      <azimuthalGap>116</azimuthalGap>
      <minimumDistance>0.16</minimumDistance>
      <maximumDistance>3.04</maximumDistance>
    </quality>
    <evaluationMode>manual</evaluationMode>
    <creationInfo>
      <agencyURI>smi:smi-registry/organization/EMSC</agencyURI>
      <authorURI>smi:smi-registry/organization/EMSC</authorURI>
    </creationInfo>
    <originUncertainty>
      <azimuthMaxHorizontalUncertainty>41</azimuthMaxHorizontalUncertainty>
    </originUncertainty>
  </origin>
  <magnitude publicID="quakeml:eu.emsc/event/20040604_0000042/origin/1317309/mag/1">
    <mag>
      <value>2.2</value>
      <uncertainty>0.1</uncertainty>
    </mag>
    <type>ML</type>
    <originID>quakeml:eu.emsc/event/20040604_0000042/origin/1317309</originID>
    <stationCount>5</stationCount>
    <creationInfo>
      <agencyURI>smi:smi-registry/organization/EMSC</agencyURI>
      <authorURI>smi:smi-registry/organization/EMSC</authorURI>
    </creationInfo>
  </magnitude>
</event>
<event publicID="quakeml:eu.emsc/event/20040604_0000007">
  <preferredOriginID>quakeml:eu.emsc/event/20040604_0000007/origin/1307712</preferredOriginID>
  <preferredMagnitudeID>quakeml:eu.emsc/event/20040604_0000007/origin/1307712/mag/2</preferredMagnitudeID>
  <creationInfo>
    <agencyURI>smi:smi-registry/organization/EMSC</agencyURI>
    <authorURI>smi:smi-registry/organization/EMSC</authorURI>
    <creationTime>2014-12-11T02:16:12.437621Z</creationTime>
  </creationInfo>
  <description>
    <text>AZORES ISLANDS, PORTUGAL</text>
    <type>Flinn-Engdahl region</type>
  </description>
  <origin publicID="quakeml:eu.emsc/event/20040604_0000007/origin/1307712">
    <time>
      <value>2004-06-04T02:14:42.1Z</value>
    </time>
    <latitude>
      <value>38.005</value>
      <uncertainty>9999.9</uncertainty>
    </latitude>
    <longitude>
      <value>-26.443</value>
      <uncertainty>9999.9</uncertainty>
    </longitude>
    <depth>
      <value>4500.0</value>
    </depth>
    <depthType>from location</depthType>
    <methodID>smi:eu.emsc-csem/origin_method/NA</methodID>
    <quality>
      <usedPhaseCount>52</usedPhaseCount>
      <usedStationCount>31</usedStationCount>
      <standardError>3.75</standardError>
      <azimuthalGap>154</azimuthalGap>
      <minimumDistance>0.53</minimumDistance>
      <maximumDistance>1.48</maximumDistance>
    </quality>
    <evaluationMode>manual</evaluationMode>
    <creationInfo>
      <agencyURI>smi:smi-registry/organization/EMSC</agencyURI>
      <authorURI>smi:smi-registry/organization/EMSC</authorURI>
    </creationInfo>
    <originUncertainty>
      <azimuthMaxHorizontalUncertainty>-99</azimuthMaxHorizontalUncertainty>
    </originUncertainty>
  </origin>
  <magnitude publicID="quakeml:eu.emsc/event/20040604_0000007/origin/1307712/mag/2">
    <mag>
      <value>3.1</value>
    </mag>
    <type>ML</type>
    <originID>quakeml:eu.emsc/event/20040604_0000007/origin/1307712</originID>
    <creationInfo>
      <agencyURI>smi:smi-registry/organization/EMSC</agencyURI>
      <authorURI>smi:smi-registry/organization/EMSC</authorURI>
    </creationInfo>
  </magnitude>
</event>
<event publicID="quakeml:eu.emsc/event/20040604_0000034">
  <preferredOriginID>quakeml:eu.emsc/event/20040604_0000034/origin/1317312</preferredOriginID>
  <preferredMagnitudeID>quakeml:eu.emsc/event/20040604_0000034/origin/1317312/mag/1</preferredMagnitudeID>
  <creationInfo>
    <agencyURI>smi:smi-registry/organization/EMSC</agencyURI>
    <authorURI>smi:smi-registry/organization/EMSC</authorURI>
    <creationTime>2014-12-03T15:43:08.310633Z</creationTime>
  </creationInfo>
  <description>
    <text>PYRENEES</text>
    <type>Flinn-Engdahl region</type>
  </description>
  <origin publicID="quakeml:eu.emsc/event/20040604_0000034/origin/1317312">
    <time>
      <value>2004-06-04T02:00:33.0Z</value>
      <uncertainty>0.36</uncertainty>
    </time>
    <latitude>
      <value>43.1035</value>
      <uncertainty>7.4</uncertainty>
    </latitude>
    <longitude>
      <value>-0.3163</value>
      <uncertainty>3.2</uncertainty>
    </longitude>
    <depth>
      <value>2000</value>
    </depth>
    <depthType>from location</depthType>
    <methodID>smi:eu.emsc-csem/origin_method/NA</methodID>
    <quality>
      <usedPhaseCount>25</usedPhaseCount>
      <usedStationCount>11</usedStationCount>
      <standardError>0.89</standardError>
      <azimuthalGap>203</azimuthalGap>
      <minimumDistance>0.07</minimumDistance>
      <maximumDistance>2.74</maximumDistance>
    </quality>
    <evaluationMode>manual</evaluationMode>
    <creationInfo>
      <agencyURI>smi:smi-registry/organization/EMSC</agencyURI>
      <authorURI>smi:smi-registry/organization/EMSC</authorURI>
    </creationInfo>
    <originUncertainty>
      <azimuthMaxHorizontalUncertainty>21</azimuthMaxHorizontalUncertainty>
    </originUncertainty>
  </origin>
  <magnitude publicID="quakeml:eu.emsc/event/20040604_0000034/origin/1317312/mag/1">
    <mag>
      <value>2.4</value>
      <uncertainty>0.3</uncertainty>
    </mag>
    <type>ML</type>
    <originID>quakeml:eu.emsc/event/20040604_0000034/origin/1317312</originID>
    <stationCount>8</stationCount>
    <creationInfo>
      <agencyURI>smi:smi-registry/organization/EMSC</agencyURI>
      <authorURI>smi:smi-registry/organization/EMSC</authorURI>
    </creationInfo>
  </magnitude>
</event>
<event publicID="quakeml:eu.emsc/event/20040604_0000033">
  <preferredOriginID>quakeml:eu.emsc/event/20040604_0000033/origin/1307714</preferredOriginID>
  <preferredMagnitudeID>quakeml:eu.emsc/event/20040604_0000033/origin/1307714/mag/2</preferredMagnitudeID>
  <creationInfo>
    <agencyURI>smi:smi-registry/organization/EMSC</agencyURI>
    <authorURI>smi:smi-registry/organization/EMSC</authorURI>
    <creationTime>2014-12-10T18:14:52.71709Z</creationTime>
  </creationInfo>
  <description>
    <text>PYRENEES</text>
    <type>Flinn-Engdahl region</type>
  </description>
  <origin publicID="quakeml:eu.emsc/event/20040604_0000033/origin/1307714">
    <time>
      <value>2004-06-04T01:54:11.0Z</value>
    </time>
    <latitude>
      <value>42.2307</value>
      <uncertainty>9999.9</uncertainty>
    </latitude>
    <longitude>
      <value>2.5184</value>
      <uncertainty>9999.9</uncertainty>
    </longitude>
    <depth>
      <value>0</value>
    </depth>
    <depthType>from location</depthType>
    <methodID>smi:eu.emsc-csem/origin_method/NA</methodID>
    <quality>
      <usedPhaseCount>17</usedPhaseCount>
      <usedStationCount>9</usedStationCount>
      <standardError>0.75</standardError>
      <azimuthalGap>136</azimuthalGap>
      <minimumDistance>0.26</minimumDistance>
      <maximumDistance>1.39</maximumDistance>
    </quality>
    <evaluationMode>manual</evaluationMode>
    <creationInfo>
      <agencyURI>smi:smi-registry/organization/EMSC</agencyURI>
      <authorURI>smi:smi-registry/organization/EMSC</authorURI>
    </creationInfo>
    <originUncertainty>
      <azimuthMaxHorizontalUncertainty>-99</azimuthMaxHorizontalUncertainty>
    </originUncertainty>
  </origin>
  <magnitude publicID="quakeml:eu.emsc/event/20040604_0000033/origin/1307714/mag/2">
    <mag>
      <value>1.2</value>
    </mag>
    <type>ML</type>
    <originID>quakeml:eu.emsc/event/20040604_0000033/origin/1307714</originID>
    <creationInfo>
      <agencyURI>smi:smi-registry/organization/EMSC</agencyURI>
      <authorURI>smi:smi-registry/organization/EMSC</authorURI>
    </creationInfo>
  </magnitude>
</event>
<event publicID="quakeml:eu.emsc/event/20040604_0000008">
  <preferredOriginID>quakeml:eu.emsc/event/20040604_0000008/origin/1307716</preferredOriginID>
  <preferredMagnitudeID>quakeml:eu.emsc/event/20040604_0000008/origin/1307716/mag/2</preferredMagnitudeID>
  <creationInfo>
    <agencyURI>smi:smi-registry/organization/EMSC</agencyURI>
    <authorURI>smi:smi-registry/organization/EMSC</authorURI>
    <creationTime>2014-12-11T02:16:14.837921Z</creationTime>
  </creationInfo>
  <description>
    <text>CRETE, GREECE</text>
    <type>Flinn-Engdahl region</type>
  </description>
  <origin publicID="quakeml:eu.emsc/event/20040604_0000008/origin/1307716">
    <time>
      <value>2004-06-04T01:44:32.5Z</value>
    </time>
    <latitude>
      <value>34.63</value>
      <uncertainty>9999.9</uncertainty>
    </latitude>
    <longitude>
      <value>25.23</value>
      <uncertainty>9999.9</uncertainty>
    </longitude>
    <depth>
      <value>4000</value>
    </depth>
    <depthType>from location</depthType>
    <methodID>smi:eu.emsc-csem/origin_method/NA</methodID>
    <quality>
      <usedPhaseCount>7</usedPhaseCount>
      <usedStationCount>4</usedStationCount>
      <standardError>0.88</standardError>
      <azimuthalGap>253</azimuthalGap>
      <minimumDistance>0.45</minimumDistance>
      <maximumDistance>1.83</maximumDistance>
    </quality>
    <evaluationMode>manual</evaluationMode>
    <creationInfo>
      <agencyURI>smi:smi-registry/organization/EMSC</agencyURI>
      <authorURI>smi:smi-registry/organization/EMSC</authorURI>
    </creationInfo>
    <originUncertainty>
      <azimuthMaxHorizontalUncertainty>-99</azimuthMaxHorizontalUncertainty>
    </originUncertainty>
  </origin>
  <magnitude publicID="quakeml:eu.emsc/event/20040604_0000008/origin/1307716/mag/2">
    <mag>
      <value>3.2</value>
    </mag>
    <type>MD</type>
    <originID>quakeml:eu.emsc/event/20040604_0000008/origin/1307716</originID>
    <creationInfo>
      <agencyURI>smi:smi-registry/organization/EMSC</agencyURI>
      <authorURI>smi:smi-registry/organization/EMSC</authorURI>
    </creationInfo>
  </magnitude>
</event>
<event publicID="quakeml:eu.emsc/event/20040604_0000006">
  <preferredOriginID>quakeml:eu.emsc/event/20040604_0000006/origin/1318594</preferredOriginID>
  <preferredMagnitudeID>quakeml:eu.emsc/event/20040604_0000006/origin/1318594/mag/1</preferredMagnitudeID>
  <creationInfo>
    <agencyURI>smi:smi-registry/organization/EMSC</agencyURI>
    <authorURI>smi:smi-registry/organization/EMSC</authorURI>
    <creationTime>2014-12-03T10:31:33.299089Z</creationTime>
  </creationInfo>
  <description>
    <text>PYRENEES</text>
    <type>Flinn-Engdahl region</type>
  </description>
  <origin publicID="quakeml:eu.emsc/event/20040604_0000006/origin/1318594">
    <time>
      <value>2004-06-04T01:38:50.4Z</value>
      <uncertainty>0.1</uncertainty>
    </time>
    <latitude>
      <value>43.1441</value>
      <uncertainty>2.3</uncertainty>
    </latitude>
    <longitude>
      <value>-0.3104</value>
      <uncertainty>1.9</uncertainty>
    </longitude>
    <depth>
      <value>10000</value>
    </depth>
    <depthType>from location</depthType>
    <methodID>smi:eu.emsc-csem/origin_method/NA</methodID>
    <quality>
      <usedPhaseCount>101</usedPhaseCount>
      <usedStationCount>50</usedStationCount>
      <standardError>1.02</standardError>
      <azimuthalGap>58</azimuthalGap>
      <minimumDistance>0.1</minimumDistance>
      <maximumDistance>5.94</maximumDistance>
    </quality>
    <evaluationMode>manual</evaluationMode>
    <creationInfo>
      <agencyURI>smi:smi-registry/organization/EMSC</agencyURI>
      <authorURI>smi:smi-registry/organization/EMSC</authorURI>
    </creationInfo>
    <originUncertainty>
      <azimuthMaxHorizontalUncertainty>141</azimuthMaxHorizontalUncertainty>
    </originUncertainty>
  </origin>
  <magnitude publicID="quakeml:eu.emsc/event/20040604_0000006/origin/1318594/mag/1">
    <mag>
      <value>2.9</value>
      <uncertainty>0.4</uncertainty>
    </mag>
    <type>ML</type>
    <originID>quakeml:eu.emsc/event/20040604_0000006/origin/1318594</originID>
    <stationCount>26</stationCount>
    <creationInfo>
      <agencyURI>smi:smi-registry/organization/EMSC</agencyURI>
      <authorURI>smi:smi-registry/organization/EMSC</authorURI>
    </creationInfo>
  </magnitude>
</event>
<event publicID="quakeml:eu.emsc/event/20040604_0000005">
  <preferredOriginID>quakeml:eu.emsc/event/20040604_0000005/origin/1318597</preferredOriginID>
  <preferredMagnitudeID>quakeml:eu.emsc/event/20040604_0000005/origin/1318597/mag/2</preferredMagnitudeID>
  <creationInfo>
    <agencyURI>smi:smi-registry/organization/EMSC</agencyURI>
    <authorURI>smi:smi-registry/organization/EMSC</authorURI>
    <creationTime>2014-12-03T11:59:24.792119Z</creationTime>
  </creationInfo>
  <description>
    <text>CZECH REPUBLIC</text>
    <type>Flinn-Engdahl region</type>
  </description>
  <origin publicID="quakeml:eu.emsc/event/20040604_0000005/origin/1318597">
    <time>
      <value>2004-06-04T00:20:00.0Z</value>
      <uncertainty>0.14</uncertainty>
    </time>
    <latitude>
      <value>49.7361</value>
      <uncertainty>4.1</uncertainty>
    </latitude>
    <longitude>
      <value>17.6277</value>
      <uncertainty>3.1</uncertainty>
    </longitude>
    <depth>
      <value>19600.0</value>
      <uncertainty>0.3</uncertainty>
    </depth>
    <depthType>from location</depthType>
    <methodID>smi:eu.emsc-csem/origin_method/NA</methodID>
    <quality>
      <usedPhaseCount>10</usedPhaseCount>
      <usedStationCount>5</usedStationCount>
      <standardError>0.33</standardError>
      <azimuthalGap>157</azimuthalGap>
      <minimumDistance>0.07</minimumDistance>
      <maximumDistance>1.05</maximumDistance>
    </quality>
    <evaluationMode>manual</evaluationMode>
    <creationInfo>
      <agencyURI>smi:smi-registry/organization/EMSC</agencyURI>
      <authorURI>smi:smi-registry/organization/EMSC</authorURI>
    </creationInfo>
    <originUncertainty>
      <azimuthMaxHorizontalUncertainty>139</azimuthMaxHorizontalUncertainty>
    </originUncertainty>
  </origin>
  <magnitude publicID="quakeml:eu.emsc/event/20040604_0000005/origin/1318597/mag/2">
    <mag>
      <value>0.7</value>
      <uncertainty>0.1</uncertainty>
    </mag>
    <type>ML</type>
    <originID>quakeml:eu.emsc/event/20040604_0000005/origin/1318597</originID>
    <stationCount>3</stationCount>
    <creationInfo>
      <agencyURI>smi:smi-registry/organization/EMSC</agencyURI>
      <authorURI>smi:smi-registry/organization/EMSC</authorURI>
    </creationInfo>
  </magnitude>
</event>
<event publicID="quakeml:eu.emsc/event/20040604_0000004">
  <preferredOriginID>quakeml:eu.emsc/event/20040604_0000004/origin/1318600</preferredOriginID>
  <preferredMagnitudeID>quakeml:eu.emsc/event/20040604_0000004/origin/1318600/mag/2</preferredMagnitudeID>
  <creationInfo>
    <agencyURI>smi:smi-registry/organization/EMSC</agencyURI>
    <authorURI>smi:smi-registry/organization/EMSC</authorURI>
    <creationTime>2014-12-03T10:29:22.303506Z</creationTime>
  </creationInfo>
  <description>
    <text>GREECE</text>
    <type>Flinn-Engdahl region</type>
  </description>
  <origin publicID="quakeml:eu.emsc/event/20040604_0000004/origin/1318600">
    <time>
      <value>2004-06-04T00:11:42.2Z</value>
      <uncertainty>0.23</uncertainty>
    </time>
    <latitude>
      <value>39.8725</value>
      <uncertainty>5.2</uncertainty>
    </latitude>
    <longitude>
      <value>20.6607</value>
      <uncertainty>4.5</uncertainty>
    </longitude>
    <depth>
      <value>2000</value>
    </depth>
    <depthType>from location</depthType>
    <methodID>smi:eu.emsc-csem/origin_method/NA</methodID>
    <quality>
      <usedPhaseCount>26</usedPhaseCount>
      <usedStationCount>19</usedStationCount>
      <standardError>1.28</standardError>
      <azimuthalGap>40</azimuthalGap>
      <minimumDistance>0.26</minimumDistance>
      <maximumDistance>2.56</maximumDistance>
    </quality>
    <evaluationMode>manual</evaluationMode>
    <creationInfo>
      <agencyURI>smi:smi-registry/organization/EMSC</agencyURI>
      <authorURI>smi:smi-registry/organization/EMSC</authorURI>
    </creationInfo>
    <originUncertainty>
      <azimuthMaxHorizontalUncertainty>156</azimuthMaxHorizontalUncertainty>
    </originUncertainty>
  </origin>
  <magnitude publicID="quakeml:eu.emsc/event/20040604_0000004/origin/1318600/mag/2">
    <mag>
      <value>3</value>
    </mag>
    <type>ML</type>
    <originID>quakeml:eu.emsc/event/20040604_0000004/origin/1318600</originID>
    <creationInfo>
      <agencyURI>smi:smi-registry/organization/EMSC</agencyURI>
      <authorURI>smi:smi-registry/organization/EMSC</authorURI>
    </creationInfo>
  </magnitude>
</event>
</eventParameters>
</q:quakeml>
