<?xml version="1.0"?>
<q:quakeml xmlns:q="http://quakeml.org/xmlns/quakeml/1.2"  xmlns="http://quakeml.org/xmlns/bed/1.2">
<eventParameters publicID="smi:eu.emsc/unid">
<event publicID="quakeml:eu.emsc/event/20041007_0000053">
  <preferredOriginID>quakeml:eu.emsc/event/20041007_0000053/origin/1293791</preferredOriginID>
  <preferredMagnitudeID>quakeml:eu.emsc/event/20041007_0000053/origin/1293791/mag/2</preferredMagnitudeID>
  <creationInfo>
    <agencyURI>smi:smi-registry/organization/EMSC</agencyURI>
    <authorURI>smi:smi-registry/organization/EMSC</authorURI>
    <creationTime>2014-12-11T04:44:25.112842Z</creationTime>
  </creationInfo>
  <description>
    <text>DODECANESE ISLANDS, GREECE</text>
    <type>Flinn-Engdahl region</type>
  </description>
  <origin publicID="quakeml:eu.emsc/event/20041007_0000053/origin/1293791">
    <time>
      <value>2004-10-07T23:42:27.3Z</value>
    </time>
    <latitude>
      <value>37.731</value>
      <uncertainty>9999.9</uncertainty>
    </latitude>
    <longitude>
      <value>26.95</value>
      <uncertainty>9999.9</uncertainty>
    </longitude>
    <depth>
      <value>14000</value>
    </depth>
    <depthType>from location</depthType>
    <methodID>smi:eu.emsc-csem/origin_method/NA</methodID>
    <quality>
      <usedPhaseCount>6</usedPhaseCount>
      <usedStationCount>4</usedStationCount>
      <standardError>1</standardError>
      <azimuthalGap>256</azimuthalGap>
      <minimumDistance>0.71</minimumDistance>
      <maximumDistance>1.33</maximumDistance>
    </quality>
    <evaluationMode>manual</evaluationMode>
    <creationInfo>
      <agencyURI>smi:smi-registry/organization/EMSC</agencyURI>
      <authorURI>smi:smi-registry/organization/EMSC</authorURI>
    </creationInfo>
    <originUncertainty>
      <azimuthMaxHorizontalUncertainty>-99</azimuthMaxHorizontalUncertainty>
    </originUncertainty>
  </origin>
  <magnitude publicID="quakeml:eu.emsc/event/20041007_0000053/origin/1293791/mag/2">
    <mag>
      <value>2.9</value>
    </mag>
    <type>MD</type>
    <originID>quakeml:eu.emsc/event/20041007_0000053/origin/1293791</originID>
    <creationInfo>
      <agencyURI>smi:smi-registry/organization/EMSC</agencyURI>
      <authorURI>smi:smi-registry/organization/EMSC</authorURI>
    </creationInfo>
  </magnitude>
</event>
<event publicID="quakeml:eu.emsc/event/20041007_0000052">
  <preferredOriginID>quakeml:eu.emsc/event/20041007_0000052/origin/1299819</preferredOriginID>
  <preferredMagnitudeID>quakeml:eu.emsc/event/20041007_0000052/origin/1299819/mag/2</preferredMagnitudeID>
  <creationInfo>
    <agencyURI>smi:smi-registry/organization/EMSC</agencyURI>
    <authorURI>smi:smi-registry/organization/EMSC</authorURI>
    <creationTime>2014-12-03T11:52:43.366057Z</creationTime>
  </creationInfo>
  <description>
    <text>NORTHERN IRAN</text>
    <type>Flinn-Engdahl region</type>
  </description>
  <origin publicID="quakeml:eu.emsc/event/20041007_0000052/origin/1299819">
    <time>
      <value>2004-10-07T23:21:08.8Z</value>
      <uncertainty>0.36</uncertainty>
    </time>
    <latitude>
      <value>37.2554</value>
      <uncertainty>12.7</uncertainty>
    </latitude>
    <longitude>
      <value>54.5233</value>
      <uncertainty>9.7</uncertainty>
    </longitude>
    <depth>
      <value>29000</value>
    </depth>
    <depthType>from location</depthType>
    <methodID>smi:eu.emsc-csem/origin_method/NA</methodID>
    <quality>
      <usedPhaseCount>20</usedPhaseCount>
      <usedStationCount>18</usedStationCount>
      <standardError>1.19</standardError>
      <azimuthalGap>73</azimuthalGap>
      <minimumDistance>2.62</minimumDistance>
      <maximumDistance>43.06</maximumDistance>
    </quality>
    <evaluationMode>manual</evaluationMode>
    <creationInfo>
      <agencyURI>smi:smi-registry/organization/EMSC</agencyURI>
      <authorURI>smi:smi-registry/organization/EMSC</authorURI>
    </creationInfo>
    <originUncertainty>
      <azimuthMaxHorizontalUncertainty>117</azimuthMaxHorizontalUncertainty>
    </originUncertainty>
  </origin>
  <magnitude publicID="quakeml:eu.emsc/event/20041007_0000052/origin/1299819/mag/2">
    <mag>
      <value>4</value>
    </mag>
    <type>ML</type>
    <originID>quakeml:eu.emsc/event/20041007_0000052/origin/1299819</originID>
    <creationInfo>
      <agencyURI>smi:smi-registry/organization/EMSC</agencyURI>
      <authorURI>smi:smi-registry/organization/EMSC</authorURI>
    </creationInfo>
  </magnitude>
</event>
<event publicID="quakeml:eu.emsc/event/20041007_0000046">
  <preferredOriginID>quakeml:eu.emsc/event/20041007_0000046/origin/1293793</preferredOriginID>
  <preferredMagnitudeID>quakeml:eu.emsc/event/20041007_0000046/origin/1293793/mag/2</preferredMagnitudeID>
  <creationInfo>
    <agencyURI>smi:smi-registry/organization/EMSC</agencyURI>
    <authorURI>smi:smi-registry/organization/EMSC</authorURI>
    <creationTime>2014-12-11T04:44:19.522669Z</creationTime>
  </creationInfo>
  <description>
    <text>NORTHERN IRAN</text>
    <type>Flinn-Engdahl region</type>
  </description>
  <origin publicID="quakeml:eu.emsc/event/20041007_0000046/origin/1293793">
    <time>
      <value>2004-10-07T23:14:02.3Z</value>
    </time>
    <latitude>
      <value>37.624</value>
      <uncertainty>9999.9</uncertainty>
    </latitude>
    <longitude>
      <value>54.842</value>
      <uncertainty>9999.9</uncertainty>
    </longitude>
    <depth>
      <value>100.0</value>
    </depth>
    <depthType>from location</depthType>
    <methodID>smi:eu.emsc-csem/origin_method/NA</methodID>
    <quality>
      <usedPhaseCount>7</usedPhaseCount>
      <usedStationCount>6</usedStationCount>
      <standardError>2.73</standardError>
      <azimuthalGap>243</azimuthalGap>
      <minimumDistance>3.05</minimumDistance>
      <maximumDistance>7.79</maximumDistance>
    </quality>
    <evaluationMode>manual</evaluationMode>
    <creationInfo>
      <agencyURI>smi:smi-registry/organization/EMSC</agencyURI>
      <authorURI>smi:smi-registry/organization/EMSC</authorURI>
    </creationInfo>
    <originUncertainty>
      <azimuthMaxHorizontalUncertainty>-99</azimuthMaxHorizontalUncertainty>
    </originUncertainty>
  </origin>
  <magnitude publicID="quakeml:eu.emsc/event/20041007_0000046/origin/1293793/mag/2">
    <mag>
      <value>3.8</value>
    </mag>
    <type>ML</type>
    <originID>quakeml:eu.emsc/event/20041007_0000046/origin/1293793</originID>
    <creationInfo>
      <agencyURI>smi:smi-registry/organization/EMSC</agencyURI>
      <authorURI>smi:smi-registry/organization/EMSC</authorURI>
    </creationInfo>
  </magnitude>
</event>
<event publicID="quakeml:eu.emsc/event/20041007_0000058">
  <preferredOriginID>quakeml:eu.emsc/event/20041007_0000058/origin/1299828</preferredOriginID>
  <preferredMagnitudeID>quakeml:eu.emsc/event/20041007_0000058/origin/1299828/mag/2</preferredMagnitudeID>
  <creationInfo>
    <agencyURI>smi:smi-registry/organization/EMSC</agencyURI>
    <authorURI>smi:smi-registry/organization/EMSC</authorURI>
    <creationTime>2014-12-03T10:21:26.29023Z</creationTime>
  </creationInfo>
  <description>
    <text>NORTHERN IRAN</text>
    <type>Flinn-Engdahl region</type>
  </description>
  <origin publicID="quakeml:eu.emsc/event/20041007_0000058/origin/1299828">
    <time>
      <value>2004-10-07T23:02:55.4Z</value>
      <uncertainty>0.31</uncertainty>
    </time>
    <latitude>
      <value>37.3288</value>
      <uncertainty>13.9</uncertainty>
    </latitude>
    <longitude>
      <value>54.3983</value>
      <uncertainty>9.1</uncertainty>
    </longitude>
    <depth>
      <value>32300.0</value>
    </depth>
    <depthType>from location</depthType>
    <methodID>smi:eu.emsc-csem/origin_method/NA</methodID>
    <quality>
      <usedPhaseCount>16</usedPhaseCount>
      <usedStationCount>15</usedStationCount>
      <standardError>1.06</standardError>
      <azimuthalGap>123</azimuthalGap>
      <minimumDistance>2.59</minimumDistance>
      <maximumDistance>39.03</maximumDistance>
    </quality>
    <evaluationMode>manual</evaluationMode>
    <creationInfo>
      <agencyURI>smi:smi-registry/organization/EMSC</agencyURI>
      <authorURI>smi:smi-registry/organization/EMSC</authorURI>
    </creationInfo>
    <originUncertainty>
      <azimuthMaxHorizontalUncertainty>132</azimuthMaxHorizontalUncertainty>
    </originUncertainty>
  </origin>
  <magnitude publicID="quakeml:eu.emsc/event/20041007_0000058/origin/1299828/mag/2">
    <mag>
      <value>3.9</value>
    </mag>
    <type>ML</type>
    <originID>quakeml:eu.emsc/event/20041007_0000058/origin/1299828</originID>
    <creationInfo>
      <agencyURI>smi:smi-registry/organization/EMSC</agencyURI>
      <authorURI>smi:smi-registry/organization/EMSC</authorURI>
    </creationInfo>
  </magnitude>
</event>
<event publicID="quakeml:eu.emsc/event/20041007_0000030">
  <preferredOriginID>quakeml:eu.emsc/event/20041007_0000030/origin/1299832</preferredOriginID>
  <preferredMagnitudeID>quakeml:eu.emsc/event/20041007_0000030/origin/1299832/mag/2</preferredMagnitudeID>
  <creationInfo>
    <agencyURI>smi:smi-registry/organization/EMSC</agencyURI>
    <authorURI>smi:smi-registry/organization/EMSC</authorURI>
    <creationTime>2014-12-03T13:17:20.890653Z</creationTime>
  </creationInfo>
  <description>
    <text>SOUTHERN GREECE</text>
    <type>Flinn-Engdahl region</type>
  </description>
  <origin publicID="quakeml:eu.emsc/event/20041007_0000030/origin/1299832">
    <time>
      <value>2004-10-07T23:01:07.2Z</value>
      <uncertainty>0.34</uncertainty>
    </time>
    <latitude>
      <value>36.3261</value>
      <uncertainty>10.3</uncertainty>
    </latitude>
    <longitude>
      <value>22.5636</value>
      <uncertainty>4.6</uncertainty>
    </longitude>
    <depth>
      <value>40000</value>
    </depth>
    <depthType>from location</depthType>
    <methodID>smi:eu.emsc-csem/origin_method/NA</methodID>
    <quality>
      <usedPhaseCount>38</usedPhaseCount>
      <usedStationCount>37</usedStationCount>
      <standardError>0.86</standardError>
      <azimuthalGap>182</azimuthalGap>
      <minimumDistance>0.38</minimumDistance>
      <maximumDistance>9.76</maximumDistance>
    </quality>
    <evaluationMode>manual</evaluationMode>
    <creationInfo>
      <agencyURI>smi:smi-registry/organization/EMSC</agencyURI>
      <authorURI>smi:smi-registry/organization/EMSC</authorURI>
    </creationInfo>
    <originUncertainty>
      <azimuthMaxHorizontalUncertainty>16</azimuthMaxHorizontalUncertainty>
    </originUncertainty>
  </origin>
  <magnitude publicID="quakeml:eu.emsc/event/20041007_0000030/origin/1299832/mag/2">
    <mag>
      <value>3.5</value>
    </mag>
    <type>ML</type>
    <originID>quakeml:eu.emsc/event/20041007_0000030/origin/1299832</originID>
    <creationInfo>
      <agencyURI>smi:smi-registry/organization/EMSC</agencyURI>
      <authorURI>smi:smi-registry/organization/EMSC</authorURI>
    </creationInfo>
  </magnitude>
</event>
<event publicID="quakeml:eu.emsc/event/20041007_0000045">
  <preferredOriginID>quakeml:eu.emsc/event/20041007_0000045/origin/1298526</preferredOriginID>
  <preferredMagnitudeID>quakeml:eu.emsc/event/20041007_0000045/origin/1298526/mag/1</preferredMagnitudeID>
  <creationInfo>
    <agencyURI>smi:smi-registry/organization/EMSC</agencyURI>
    <authorURI>smi:smi-registry/organization/EMSC</authorURI>
    <creationTime>2014-12-03T11:47:52.771421Z</creationTime>
  </creationInfo>
  <description>
    <text>FRANCE</text>
    <type>Flinn-Engdahl region</type>
  </description>
  <origin publicID="quakeml:eu.emsc/event/20041007_0000045/origin/1298526">
    <time>
      <value>2004-10-07T22:35:28.8Z</value>
      <uncertainty>0.13</uncertainty>
    </time>
    <latitude>
      <value>46.1926</value>
      <uncertainty>3.3</uncertainty>
    </latitude>
    <longitude>
      <value>2.0544</value>
      <uncertainty>2</uncertainty>
    </longitude>
    <depth>
      <value>10000</value>
    </depth>
    <depthType>from location</depthType>
    <methodID>smi:eu.emsc-csem/origin_method/NA</methodID>
    <quality>
      <usedPhaseCount>23</usedPhaseCount>
      <usedStationCount>11</usedStationCount>
      <standardError>0.63</standardError>
      <azimuthalGap>122</azimuthalGap>
      <minimumDistance>0.14</minimumDistance>
      <maximumDistance>1.64</maximumDistance>
    </quality>
    <evaluationMode>manual</evaluationMode>
    <creationInfo>
      <agencyURI>smi:smi-registry/organization/EMSC</agencyURI>
      <authorURI>smi:smi-registry/organization/EMSC</authorURI>
    </creationInfo>
    <originUncertainty>
      <azimuthMaxHorizontalUncertainty>140</azimuthMaxHorizontalUncertainty>
    </originUncertainty>
  </origin>
  <magnitude publicID="quakeml:eu.emsc/event/20041007_0000045/origin/1298526/mag/1">
    <mag>
      <value>1.3</value>
      <uncertainty>0.4</uncertainty>
    </mag>
    <type>ML</type>
    <originID>quakeml:eu.emsc/event/20041007_0000045/origin/1298526</originID>
    <stationCount>9</stationCount>
    <creationInfo>
      <agencyURI>smi:smi-registry/organization/EMSC</agencyURI>
      <authorURI>smi:smi-registry/organization/EMSC</authorURI>
    </creationInfo>
  </magnitude>
</event>
<event publicID="quakeml:eu.emsc/event/20041007_0000029">
  <preferredOriginID>quakeml:eu.emsc/event/20041007_0000029/origin/1303374</preferredOriginID>
  <preferredMagnitudeID>quakeml:eu.emsc/event/20041007_0000029/origin/1303374/mag/3</preferredMagnitudeID>
  <creationInfo>
    <agencyURI>smi:smi-registry/organization/EMSC</agencyURI>
    <authorURI>smi:smi-registry/organization/EMSC</authorURI>
    <creationTime>2014-12-03T14:36:53.307859Z</creationTime>
  </creationInfo>
  <description>
    <text>NORTHERN IRAN</text>
    <type>Flinn-Engdahl region</type>
  </description>
  <origin publicID="quakeml:eu.emsc/event/20041007_0000029/origin/1303374">
    <time>
      <value>2004-10-07T21:46:18.2Z</value>
      <uncertainty>0.07</uncertainty>
    </time>
    <latitude>
      <value>37.2118</value>
      <uncertainty>2.9</uncertainty>
    </latitude>
    <longitude>
      <value>54.4892</value>
      <uncertainty>2.5</uncertainty>
    </longitude>
    <depth>
      <value>18400.0</value>
    </depth>
    <depthType>from location</depthType>
    <methodID>smi:eu.emsc-csem/origin_method/NA</methodID>
    <quality>
      <usedPhaseCount>587</usedPhaseCount>
      <usedStationCount>553</usedStationCount>
      <standardError>0.89</standardError>
      <azimuthalGap>21</azimuthalGap>
      <minimumDistance>2.57</minimumDistance>
      <maximumDistance>84.49</maximumDistance>
    </quality>
    <evaluationMode>manual</evaluationMode>
    <creationInfo>
      <agencyURI>smi:smi-registry/organization/EMSC</agencyURI>
      <authorURI>smi:smi-registry/organization/EMSC</authorURI>
    </creationInfo>
    <originUncertainty>
      <azimuthMaxHorizontalUncertainty>2</azimuthMaxHorizontalUncertainty>
    </originUncertainty>
  </origin>
  <magnitude publicID="quakeml:eu.emsc/event/20041007_0000029/origin/1303374/mag/3">
    <mag>
      <value>5.6</value>
      <uncertainty>0.4</uncertainty>
    </mag>
    <type>mb</type>
    <originID>quakeml:eu.emsc/event/20041007_0000029/origin/1303374</originID>
    <stationCount>99</stationCount>
    <creationInfo>
      <agencyURI>smi:smi-registry/organization/EMSC</agencyURI>
      <authorURI>smi:smi-registry/organization/EMSC</authorURI>
    </creationInfo>
  </magnitude>
</event>
<event publicID="quakeml:eu.emsc/event/20041007_0000043">
  <preferredOriginID>quakeml:eu.emsc/event/20041007_0000043/origin/1299835</preferredOriginID>
  <preferredMagnitudeID>quakeml:eu.emsc/event/20041007_0000043/origin/1299835/mag/2</preferredMagnitudeID>
  <creationInfo>
    <agencyURI>smi:smi-registry/organization/EMSC</agencyURI>
    <authorURI>smi:smi-registry/organization/EMSC</authorURI>
    <creationTime>2014-12-03T12:16:40.735133Z</creationTime>
  </creationInfo>
  <description>
    <text>NORTHERN ITALY</text>
    <type>Flinn-Engdahl region</type>
  </description>
  <origin publicID="quakeml:eu.emsc/event/20041007_0000043/origin/1299835">
    <time>
      <value>2004-10-07T20:32:22.9Z</value>
      <uncertainty>0.37</uncertainty>
    </time>
    <latitude>
      <value>44.653</value>
      <uncertainty>15.9</uncertainty>
    </latitude>
    <longitude>
      <value>11.6824</value>
      <uncertainty>6.2</uncertainty>
    </longitude>
    <depth>
      <value>2000</value>
    </depth>
    <depthType>from location</depthType>
    <methodID>smi:eu.emsc-csem/origin_method/NA</methodID>
    <quality>
      <usedPhaseCount>18</usedPhaseCount>
      <usedStationCount>14</usedStationCount>
      <standardError>1.28</standardError>
      <azimuthalGap>124</azimuthalGap>
      <minimumDistance>0.64</minimumDistance>
      <maximumDistance>2.74</maximumDistance>
    </quality>
    <evaluationMode>manual</evaluationMode>
    <creationInfo>
      <agencyURI>smi:smi-registry/organization/EMSC</agencyURI>
      <authorURI>smi:smi-registry/organization/EMSC</authorURI>
    </creationInfo>
    <originUncertainty>
      <azimuthMaxHorizontalUncertainty>99</azimuthMaxHorizontalUncertainty>
    </originUncertainty>
  </origin>
  <magnitude publicID="quakeml:eu.emsc/event/20041007_0000043/origin/1299835/mag/2">
    <mag>
      <value>1.9</value>
    </mag>
    <type>ML</type>
    <originID>quakeml:eu.emsc/event/20041007_0000043/origin/1299835</originID>
    <stationCount>6</stationCount>
    <creationInfo>
      <agencyURI>smi:smi-registry/organization/EMSC</agencyURI>
      <authorURI>smi:smi-registry/organization/EMSC</authorURI>
    </creationInfo>
  </magnitude>
</event>
<event publicID="quakeml:eu.emsc/event/20041007_0000044">
  <preferredOriginID>quakeml:eu.emsc/event/20041007_0000044/origin/1298530</preferredOriginID>
  <preferredMagnitudeID>quakeml:eu.emsc/event/20041007_0000044/origin/1298530/mag/1</preferredMagnitudeID>
  <creationInfo>
    <agencyURI>smi:smi-registry/organization/EMSC</agencyURI>
    <authorURI>smi:smi-registry/organization/EMSC</authorURI>
    <creationTime>2014-12-03T11:23:43.958164Z</creationTime>
  </creationInfo>
  <description>
    <text>PYRENEES</text>
    <type>Flinn-Engdahl region</type>
  </description>
  <origin publicID="quakeml:eu.emsc/event/20041007_0000044/origin/1298530">
    <time>
      <value>2004-10-07T19:48:47.6Z</value>
      <uncertainty>0.15</uncertainty>
    </time>
    <latitude>
      <value>42.8539</value>
      <uncertainty>2.8</uncertainty>
    </latitude>
    <longitude>
      <value>-1.4438</value>
      <uncertainty>2.5</uncertainty>
    </longitude>
    <depth>
      <value>10000</value>
    </depth>
    <depthType>from location</depthType>
    <methodID>smi:eu.emsc-csem/origin_method/NA</methodID>
    <quality>
      <usedPhaseCount>49</usedPhaseCount>
      <usedStationCount>22</usedStationCount>
      <standardError>0.89</standardError>
      <azimuthalGap>67</azimuthalGap>
      <minimumDistance>0.3</minimumDistance>
      <maximumDistance>4.02</maximumDistance>
    </quality>
    <evaluationMode>manual</evaluationMode>
    <creationInfo>
      <agencyURI>smi:smi-registry/organization/EMSC</agencyURI>
      <authorURI>smi:smi-registry/organization/EMSC</authorURI>
    </creationInfo>
    <originUncertainty>
      <azimuthMaxHorizontalUncertainty>131</azimuthMaxHorizontalUncertainty>
    </originUncertainty>
  </origin>
  <magnitude publicID="quakeml:eu.emsc/event/20041007_0000044/origin/1298530/mag/1">
    <mag>
      <value>2.3</value>
      <uncertainty>0.4</uncertainty>
    </mag>
    <type>ML</type>
    <originID>quakeml:eu.emsc/event/20041007_0000044/origin/1298530</originID>
    <stationCount>13</stationCount>
    <creationInfo>
      <agencyURI>smi:smi-registry/organization/EMSC</agencyURI>
      <authorURI>smi:smi-registry/organization/EMSC</authorURI>
    </creationInfo>
  </magnitude>
</event>
<event publicID="quakeml:eu.emsc/event/20041007_0000039">
  <preferredOriginID>quakeml:eu.emsc/event/20041007_0000039/origin/1299838</preferredOriginID>
  <preferredMagnitudeID>quakeml:eu.emsc/event/20041007_0000039/origin/1299838/mag/2</preferredMagnitudeID>
  <creationInfo>
    <agencyURI>smi:smi-registry/organization/EMSC</agencyURI>
    <authorURI>smi:smi-registry/organization/EMSC</authorURI>
    <creationTime>2014-12-03T10:56:36.51666Z</creationTime>
  </creationInfo>
  <description>
    <text>GREECE</text>
    <type>Flinn-Engdahl region</type>
  </description>
  <origin publicID="quakeml:eu.emsc/event/20041007_0000039/origin/1299838">
    <time>
      <value>2004-10-07T19:46:48.4Z</value>
      <uncertainty>0.17</uncertainty>
    </time>
    <latitude>
      <value>39.8995</value>
      <uncertainty>3.4</uncertainty>
    </latitude>
    <longitude>
      <value>20.6262</value>
      <uncertainty>3.2</uncertainty>
    </longitude>
    <depth>
      <value>5000</value>
    </depth>
    <depthType>from location</depthType>
    <methodID>smi:eu.emsc-csem/origin_method/NA</methodID>
    <quality>
      <usedPhaseCount>16</usedPhaseCount>
      <usedStationCount>10</usedStationCount>
      <standardError>0.72</standardError>
      <azimuthalGap>101</azimuthalGap>
      <minimumDistance>0.25</minimumDistance>
      <maximumDistance>1.72</maximumDistance>
    </quality>
    <evaluationMode>manual</evaluationMode>
    <creationInfo>
      <agencyURI>smi:smi-registry/organization/EMSC</agencyURI>
      <authorURI>smi:smi-registry/organization/EMSC</authorURI>
    </creationInfo>
    <originUncertainty>
      <azimuthMaxHorizontalUncertainty>128</azimuthMaxHorizontalUncertainty>
    </originUncertainty>
  </origin>
  <magnitude publicID="quakeml:eu.emsc/event/20041007_0000039/origin/1299838/mag/2">
    <mag>
      <value>2.5</value>
    </mag>
    <type>ML</type>
    <originID>quakeml:eu.emsc/event/20041007_0000039/origin/1299838</originID>
    <creationInfo>
      <agencyURI>smi:smi-registry/organization/EMSC</agencyURI>
      <authorURI>smi:smi-registry/organization/EMSC</authorURI>
    </creationInfo>
  </magnitude>
</event>
<event publicID="quakeml:eu.emsc/event/20041007_0000028">
  <preferredOriginID>quakeml:eu.emsc/event/20041007_0000028/origin/AW347</preferredOriginID>
  <preferredMagnitudeID>quakeml:eu.emsc/event/20041007_0000028/origin/AW347/mag/1</preferredMagnitudeID>
  <creationInfo>
    <agencyURI>smi:smi-registry/organization/EMSC</agencyURI>
    <authorURI>smi:smi-registry/organization/EMSC</authorURI>
    <creationTime>2014-12-01T12:40:35.27831Z</creationTime>
  </creationInfo>
  <description>
    <text>HOKKAIDO, JAPAN REGION</text>
    <type>Flinn-Engdahl region</type>
  </description>
  <origin publicID="quakeml:eu.emsc/event/20041007_0000028/origin/AW347">
    <time>
      <value>2004-10-07T19:26:41.6Z</value>
      <uncertainty>0.10</uncertainty>
    </time>
    <latitude>
      <value>42.54</value>
    </latitude>
    <longitude>
      <value>143.09</value>
    </longitude>
    <depth>
      <value>40000.0</value>
    </depth>
    <depthType>from location</depthType>
    <methodID>smi:eu.emsc-csem/origin_method/NA</methodID>
    <quality>
      <usedPhaseCount>215</usedPhaseCount>
      <usedStationCount>186</usedStationCount>
      <standardError>0.79</standardError>
      <azimuthalGap>117</azimuthalGap>
      <minimumDistance>7.08</minimumDistance>
      <maximumDistance>146.38</maximumDistance>
    </quality>
    <evaluationMode>automatic</evaluationMode>
    <creationInfo>
      <agencyURI>smi:smi-registry/organization/EMSC</agencyURI>
      <authorURI>smi:smi-registry/organization/EMSC</authorURI>
    </creationInfo>
  </origin>
  <magnitude publicID="quakeml:eu.emsc/event/20041007_0000028/origin/AW347/mag/1">
    <mag>
      <value>5.2</value>
      <uncertainty>0.3</uncertainty>
    </mag>
    <type>mb</type>
    <originID>quakeml:eu.emsc/event/20041007_0000028/origin/AW347</originID>
    <stationCount>99</stationCount>
    <creationInfo>
      <agencyURI>smi:smi-registry/organization/EMSC</agencyURI>
      <authorURI>smi:smi-registry/organization/EMSC</authorURI>
    </creationInfo>
  </magnitude>
</event>
<event publicID="quakeml:eu.emsc/event/20041007_0000027">
  <preferredOriginID>quakeml:eu.emsc/event/20041007_0000027/origin/1299846</preferredOriginID>
  <preferredMagnitudeID>quakeml:eu.emsc/event/20041007_0000027/origin/1299846/mag/1</preferredMagnitudeID>
  <creationInfo>
    <agencyURI>smi:smi-registry/organization/EMSC</agencyURI>
    <authorURI>smi:smi-registry/organization/EMSC</authorURI>
    <creationTime>2014-12-03T13:37:37.709667Z</creationTime>
  </creationInfo>
  <description>
    <text>NORTHERN ITALY</text>
    <type>Flinn-Engdahl region</type>
  </description>
  <origin publicID="quakeml:eu.emsc/event/20041007_0000027/origin/1299846">
    <time>
      <value>2004-10-07T19:21:08.5Z</value>
      <uncertainty>0.08</uncertainty>
    </time>
    <latitude>
      <value>46.4305</value>
      <uncertainty>1.9</uncertainty>
    </latitude>
    <longitude>
      <value>13.1734</value>
      <uncertainty>1.8</uncertainty>
    </longitude>
    <depth>
      <value>5000</value>
    </depth>
    <depthType>from location</depthType>
    <methodID>smi:eu.emsc-csem/origin_method/NA</methodID>
    <quality>
      <usedPhaseCount>202</usedPhaseCount>
      <usedStationCount>136</usedStationCount>
      <standardError>1.08</standardError>
      <azimuthalGap>14</azimuthalGap>
      <minimumDistance>0.12</minimumDistance>
      <maximumDistance>11.22</maximumDistance>
    </quality>
    <evaluationMode>manual</evaluationMode>
    <creationInfo>
      <agencyURI>smi:smi-registry/organization/EMSC</agencyURI>
      <authorURI>smi:smi-registry/organization/EMSC</authorURI>
    </creationInfo>
    <originUncertainty>
      <azimuthMaxHorizontalUncertainty>32</azimuthMaxHorizontalUncertainty>
    </originUncertainty>
  </origin>
  <magnitude publicID="quakeml:eu.emsc/event/20041007_0000027/origin/1299846/mag/1">
    <mag>
      <value>3.9</value>
      <uncertainty>0.3</uncertainty>
    </mag>
    <type>ML</type>
    <originID>quakeml:eu.emsc/event/20041007_0000027/origin/1299846</originID>
    <stationCount>12</stationCount>
    <creationInfo>
      <agencyURI>smi:smi-registry/organization/EMSC</agencyURI>
      <authorURI>smi:smi-registry/organization/EMSC</authorURI>
    </creationInfo>
  </magnitude>
</event>
<event publicID="quakeml:eu.emsc/event/20041007_0000057">
  <preferredOriginID>quakeml:eu.emsc/event/20041007_0000057/origin/1298534</preferredOriginID>
  <preferredMagnitudeID>quakeml:eu.emsc/event/20041007_0000057/origin/1298534/mag/1</preferredMagnitudeID>
  <creationInfo>
    <agencyURI>smi:smi-registry/organization/EMSC</agencyURI>
    <authorURI>smi:smi-registry/organization/EMSC</authorURI>
    <creationTime>2014-12-03T10:41:00.715496Z</creationTime>
  </creationInfo>
  <description>
    <text>NORTHERN ITALY</text>
    <type>Flinn-Engdahl region</type>
  </description>
  <origin publicID="quakeml:eu.emsc/event/20041007_0000057/origin/1298534">
    <time>
      <value>2004-10-07T16:14:28.9Z</value>
      <uncertainty>0.05</uncertainty>
    </time>
    <latitude>
      <value>44.5007</value>
      <uncertainty>1.3</uncertainty>
    </latitude>
    <longitude>
      <value>7.2694</value>
      <uncertainty>0.8</uncertainty>
    </longitude>
    <depth>
      <value>15000</value>
    </depth>
    <depthType>from location</depthType>
    <methodID>smi:eu.emsc-csem/origin_method/NA</methodID>
    <quality>
      <usedPhaseCount>53</usedPhaseCount>
      <usedStationCount>29</usedStationCount>
      <standardError>0.38</standardError>
      <azimuthalGap>82</azimuthalGap>
      <minimumDistance>0.12</minimumDistance>
      <maximumDistance>1.89</maximumDistance>
    </quality>
    <evaluationMode>manual</evaluationMode>
    <creationInfo>
      <agencyURI>smi:smi-registry/organization/EMSC</agencyURI>
      <authorURI>smi:smi-registry/organization/EMSC</authorURI>
    </creationInfo>
    <originUncertainty>
      <azimuthMaxHorizontalUncertainty>64</azimuthMaxHorizontalUncertainty>
    </originUncertainty>
  </origin>
  <magnitude publicID="quakeml:eu.emsc/event/20041007_0000057/origin/1298534/mag/1">
    <mag>
      <value>2</value>
      <uncertainty>0.3</uncertainty>
    </mag>
    <type>ML</type>
    <originID>quakeml:eu.emsc/event/20041007_0000057/origin/1298534</originID>
    <stationCount>9</stationCount>
    <creationInfo>
      <agencyURI>smi:smi-registry/organization/EMSC</agencyURI>
      <authorURI>smi:smi-registry/organization/EMSC</authorURI>
    </creationInfo>
  </magnitude>
</event>
<event publicID="quakeml:eu.emsc/event/20041007_0000026">
  <preferredOriginID>quakeml:eu.emsc/event/20041007_0000026/origin/AW314</preferredOriginID>
  <preferredMagnitudeID>quakeml:eu.emsc/event/20041007_0000026/origin/AW314/mag/1</preferredMagnitudeID>
  <creationInfo>
    <agencyURI>smi:smi-registry/organization/EMSC</agencyURI>
    <authorURI>smi:smi-registry/organization/EMSC</authorURI>
    <creationTime>2014-12-01T15:42:34.932306Z</creationTime>
  </creationInfo>
  <description>
    <text>SOUTHERN XINJIANG, CHINA</text>
    <type>Flinn-Engdahl region</type>
  </description>
  <origin publicID="quakeml:eu.emsc/event/20041007_0000026/origin/AW314">
    <time>
      <value>2004-10-07T16:14:17.7Z</value>
      <uncertainty>0.07</uncertainty>
    </time>
    <latitude>
      <value>40.29</value>
    </latitude>
    <longitude>
      <value>77.44</value>
    </longitude>
    <depth>
      <value>60000.0</value>
    </depth>
    <depthType>from location</depthType>
    <methodID>smi:eu.emsc-csem/origin_method/NA</methodID>
    <quality>
      <usedPhaseCount>156</usedPhaseCount>
      <usedStationCount>134</usedStationCount>
      <standardError>1.12</standardError>
      <azimuthalGap>55</azimuthalGap>
      <minimumDistance>3.22</minimumDistance>
      <maximumDistance>133.13</maximumDistance>
    </quality>
    <evaluationMode>automatic</evaluationMode>
    <creationInfo>
      <agencyURI>smi:smi-registry/organization/EMSC</agencyURI>
      <authorURI>smi:smi-registry/organization/EMSC</authorURI>
    </creationInfo>
  </origin>
  <magnitude publicID="quakeml:eu.emsc/event/20041007_0000026/origin/AW314/mag/1">
    <mag>
      <value>5.0</value>
      <uncertainty>0.3</uncertainty>
    </mag>
    <type>mb</type>
    <originID>quakeml:eu.emsc/event/20041007_0000026/origin/AW314</originID>
    <stationCount>90</stationCount>
    <creationInfo>
      <agencyURI>smi:smi-registry/organization/EMSC</agencyURI>
      <authorURI>smi:smi-registry/organization/EMSC</authorURI>
    </creationInfo>
  </magnitude>
</event>
<event publicID="quakeml:eu.emsc/event/20041007_0000037">
  <preferredOriginID>quakeml:eu.emsc/event/20041007_0000037/origin/1299853</preferredOriginID>
  <preferredMagnitudeID>quakeml:eu.emsc/event/20041007_0000037/origin/1299853/mag/2</preferredMagnitudeID>
  <creationInfo>
    <agencyURI>smi:smi-registry/organization/EMSC</agencyURI>
    <authorURI>smi:smi-registry/organization/EMSC</authorURI>
    <creationTime>2014-12-03T11:58:20.659401Z</creationTime>
  </creationInfo>
  <description>
    <text>CENTRAL TURKEY</text>
    <type>Flinn-Engdahl region</type>
  </description>
  <origin publicID="quakeml:eu.emsc/event/20041007_0000037/origin/1299853">
    <time>
      <value>2004-10-07T15:30:57.2Z</value>
      <uncertainty>0.15</uncertainty>
    </time>
    <latitude>
      <value>40.0469</value>
      <uncertainty>4.9</uncertainty>
    </latitude>
    <longitude>
      <value>32.4029</value>
      <uncertainty>2.5</uncertainty>
    </longitude>
    <depth>
      <value>9300.0</value>
      <uncertainty>1.3</uncertainty>
    </depth>
    <depthType>from location</depthType>
    <methodID>smi:eu.emsc-csem/origin_method/NA</methodID>
    <quality>
      <usedPhaseCount>9</usedPhaseCount>
      <usedStationCount>7</usedStationCount>
      <standardError>0.38</standardError>
      <azimuthalGap>123</azimuthalGap>
      <minimumDistance>0.32</minimumDistance>
      <maximumDistance>11.39</maximumDistance>
    </quality>
    <evaluationMode>manual</evaluationMode>
    <creationInfo>
      <agencyURI>smi:smi-registry/organization/EMSC</agencyURI>
      <authorURI>smi:smi-registry/organization/EMSC</authorURI>
    </creationInfo>
    <originUncertainty>
      <azimuthMaxHorizontalUncertainty>18</azimuthMaxHorizontalUncertainty>
    </originUncertainty>
  </origin>
  <magnitude publicID="quakeml:eu.emsc/event/20041007_0000037/origin/1299853/mag/2">
    <mag>
      <value>2.9</value>
    </mag>
    <type>MD</type>
    <originID>quakeml:eu.emsc/event/20041007_0000037/origin/1299853</originID>
    <creationInfo>
      <agencyURI>smi:smi-registry/organization/EMSC</agencyURI>
      <authorURI>smi:smi-registry/organization/EMSC</authorURI>
    </creationInfo>
  </magnitude>
</event>
<event publicID="quakeml:eu.emsc/event/20041007_0000054">
  <preferredOriginID>quakeml:eu.emsc/event/20041007_0000054/origin/1293795</preferredOriginID>
  <preferredMagnitudeID>quakeml:eu.emsc/event/20041007_0000054/origin/1293795/mag/2</preferredMagnitudeID>
  <creationInfo>
    <agencyURI>smi:smi-registry/organization/EMSC</agencyURI>
    <authorURI>smi:smi-registry/organization/EMSC</authorURI>
    <creationTime>2014-12-11T04:44:04.475072Z</creationTime>
  </creationInfo>
  <description>
    <text>EASTERN TURKEY</text>
    <type>Flinn-Engdahl region</type>
  </description>
  <origin publicID="quakeml:eu.emsc/event/20041007_0000054/origin/1293795">
    <time>
      <value>2004-10-07T15:17:54.4Z</value>
    </time>
    <latitude>
      <value>38.725</value>
      <uncertainty>9999.9</uncertainty>
    </latitude>
    <longitude>
      <value>38.648</value>
      <uncertainty>9999.9</uncertainty>
    </longitude>
    <depth>
      <value>3000</value>
    </depth>
    <depthType>from location</depthType>
    <methodID>smi:eu.emsc-csem/origin_method/NA</methodID>
    <quality>
      <usedPhaseCount>12</usedPhaseCount>
      <usedStationCount>10</usedStationCount>
      <standardError>1.54</standardError>
      <azimuthalGap>96</azimuthalGap>
      <minimumDistance>0.43</minimumDistance>
      <maximumDistance>2.32</maximumDistance>
    </quality>
    <evaluationMode>manual</evaluationMode>
    <creationInfo>
      <agencyURI>smi:smi-registry/organization/EMSC</agencyURI>
      <authorURI>smi:smi-registry/organization/EMSC</authorURI>
    </creationInfo>
    <originUncertainty>
      <azimuthMaxHorizontalUncertainty>-99</azimuthMaxHorizontalUncertainty>
    </originUncertainty>
  </origin>
  <magnitude publicID="quakeml:eu.emsc/event/20041007_0000054/origin/1293795/mag/2">
    <mag>
      <value>3.5</value>
    </mag>
    <type>MD</type>
    <originID>quakeml:eu.emsc/event/20041007_0000054/origin/1293795</originID>
    <creationInfo>
      <agencyURI>smi:smi-registry/organization/EMSC</agencyURI>
      <authorURI>smi:smi-registry/organization/EMSC</authorURI>
    </creationInfo>
  </magnitude>
</event>
<event publicID="quakeml:eu.emsc/event/20041007_0000024">
  <preferredOriginID>quakeml:eu.emsc/event/20041007_0000024/origin/1299858</preferredOriginID>
  <preferredMagnitudeID>quakeml:eu.emsc/event/20041007_0000024/origin/1299858/mag/1</preferredMagnitudeID>
  <creationInfo>
    <agencyURI>smi:smi-registry/organization/EMSC</agencyURI>
    <authorURI>smi:smi-registry/organization/EMSC</authorURI>
    <creationTime>2014-12-03T14:42:02.188298Z</creationTime>
  </creationInfo>
  <description>
    <text>PYRENEES</text>
    <type>Flinn-Engdahl region</type>
  </description>
  <origin publicID="quakeml:eu.emsc/event/20041007_0000024/origin/1299858">
    <time>
      <value>2004-10-07T14:07:30.0Z</value>
      <uncertainty>0.09</uncertainty>
    </time>
    <latitude>
      <value>43.1323</value>
      <uncertainty>1.9</uncertainty>
    </latitude>
    <longitude>
      <value>-0.4935</value>
      <uncertainty>1.6</uncertainty>
    </longitude>
    <depth>
      <value>10000</value>
    </depth>
    <depthType>from location</depthType>
    <methodID>smi:eu.emsc-csem/origin_method/NA</methodID>
    <quality>
      <usedPhaseCount>68</usedPhaseCount>
      <usedStationCount>34</usedStationCount>
      <standardError>0.8</standardError>
      <azimuthalGap>79</azimuthalGap>
      <minimumDistance>0.1</minimumDistance>
      <maximumDistance>4.84</maximumDistance>
    </quality>
    <evaluationMode>manual</evaluationMode>
    <creationInfo>
      <agencyURI>smi:smi-registry/organization/EMSC</agencyURI>
      <authorURI>smi:smi-registry/organization/EMSC</authorURI>
    </creationInfo>
    <originUncertainty>
      <azimuthMaxHorizontalUncertainty>158</azimuthMaxHorizontalUncertainty>
    </originUncertainty>
  </origin>
  <magnitude publicID="quakeml:eu.emsc/event/20041007_0000024/origin/1299858/mag/1">
    <mag>
      <value>2.9</value>
      <uncertainty>0.4</uncertainty>
    </mag>
    <type>ML</type>
    <originID>quakeml:eu.emsc/event/20041007_0000024/origin/1299858</originID>
    <stationCount>15</stationCount>
    <creationInfo>
      <agencyURI>smi:smi-registry/organization/EMSC</agencyURI>
      <authorURI>smi:smi-registry/organization/EMSC</authorURI>
    </creationInfo>
  </magnitude>
</event>
<event publicID="quakeml:eu.emsc/event/20041007_0000061">
  <preferredOriginID>quakeml:eu.emsc/event/20041007_0000061/origin/1299860</preferredOriginID>
  <preferredMagnitudeID>quakeml:eu.emsc/event/20041007_0000061/origin/1299860/mag/2</preferredMagnitudeID>
  <creationInfo>
    <agencyURI>smi:smi-registry/organization/EMSC</agencyURI>
    <authorURI>smi:smi-registry/organization/EMSC</authorURI>
    <creationTime>2014-12-03T11:58:20.702878Z</creationTime>
  </creationInfo>
  <description>
    <text>WESTERN TURKEY</text>
    <type>Flinn-Engdahl region</type>
  </description>
  <origin publicID="quakeml:eu.emsc/event/20041007_0000061/origin/1299860">
    <time>
      <value>2004-10-07T14:04:34.3Z</value>
      <uncertainty>0.48</uncertainty>
    </time>
    <latitude>
      <value>37.7981</value>
      <uncertainty>17.9</uncertainty>
    </latitude>
    <longitude>
      <value>27.1471</value>
      <uncertainty>7.9</uncertainty>
    </longitude>
    <depth>
      <value>15000</value>
    </depth>
    <depthType>from location</depthType>
    <methodID>smi:eu.emsc-csem/origin_method/NA</methodID>
    <quality>
      <usedPhaseCount>7</usedPhaseCount>
      <usedStationCount>5</usedStationCount>
      <standardError>0.92</standardError>
      <azimuthalGap>164</azimuthalGap>
      <minimumDistance>0.61</minimumDistance>
      <maximumDistance>18.26</maximumDistance>
    </quality>
    <evaluationMode>manual</evaluationMode>
    <creationInfo>
      <agencyURI>smi:smi-registry/organization/EMSC</agencyURI>
      <authorURI>smi:smi-registry/organization/EMSC</authorURI>
    </creationInfo>
    <originUncertainty>
      <azimuthMaxHorizontalUncertainty>65</azimuthMaxHorizontalUncertainty>
    </originUncertainty>
  </origin>
  <magnitude publicID="quakeml:eu.emsc/event/20041007_0000061/origin/1299860/mag/2">
    <mag>
      <value>3.1</value>
    </mag>
    <type>MD</type>
    <originID>quakeml:eu.emsc/event/20041007_0000061/origin/1299860</originID>
    <creationInfo>
      <agencyURI>smi:smi-registry/organization/EMSC</agencyURI>
      <authorURI>smi:smi-registry/organization/EMSC</authorURI>
    </creationInfo>
  </magnitude>
</event>
<event publicID="quakeml:eu.emsc/event/20041007_0000034">
  <preferredOriginID>quakeml:eu.emsc/event/20041007_0000034/origin/1293797</preferredOriginID>
  <preferredMagnitudeID>quakeml:eu.emsc/event/20041007_0000034/origin/1293797/mag/2</preferredMagnitudeID>
  <creationInfo>
    <agencyURI>smi:smi-registry/organization/EMSC</agencyURI>
    <authorURI>smi:smi-registry/organization/EMSC</authorURI>
    <creationTime>2014-12-11T04:43:58.764661Z</creationTime>
  </creationInfo>
  <description>
    <text>WESTERN TURKEY</text>
    <type>Flinn-Engdahl region</type>
  </description>
  <origin publicID="quakeml:eu.emsc/event/20041007_0000034/origin/1293797">
    <time>
      <value>2004-10-07T13:20:18.3Z</value>
    </time>
    <latitude>
      <value>39.641</value>
      <uncertainty>9999.9</uncertainty>
    </latitude>
    <longitude>
      <value>29.436</value>
      <uncertainty>9999.9</uncertainty>
    </longitude>
    <depth>
      <value>5000</value>
    </depth>
    <depthType>from location</depthType>
    <methodID>smi:eu.emsc-csem/origin_method/NA</methodID>
    <quality>
      <usedPhaseCount>17</usedPhaseCount>
      <usedStationCount>16</usedStationCount>
      <standardError>1.64</standardError>
      <azimuthalGap>101</azimuthalGap>
      <minimumDistance>0.58</minimumDistance>
      <maximumDistance>2.04</maximumDistance>
    </quality>
    <evaluationMode>manual</evaluationMode>
    <creationInfo>
      <agencyURI>smi:smi-registry/organization/EMSC</agencyURI>
      <authorURI>smi:smi-registry/organization/EMSC</authorURI>
    </creationInfo>
    <originUncertainty>
      <azimuthMaxHorizontalUncertainty>-99</azimuthMaxHorizontalUncertainty>
    </originUncertainty>
  </origin>
  <magnitude publicID="quakeml:eu.emsc/event/20041007_0000034/origin/1293797/mag/2">
    <mag>
      <value>2.9</value>
    </mag>
    <type>MD</type>
    <originID>quakeml:eu.emsc/event/20041007_0000034/origin/1293797</originID>
    <creationInfo>
      <agencyURI>smi:smi-registry/organization/EMSC</agencyURI>
      <authorURI>smi:smi-registry/organization/EMSC</authorURI>
    </creationInfo>
  </magnitude>
</event>
<event publicID="quakeml:eu.emsc/event/20041007_0000055">
  <preferredOriginID>quakeml:eu.emsc/event/20041007_0000055/origin/1293799</preferredOriginID>
  <preferredMagnitudeID>quakeml:eu.emsc/event/20041007_0000055/origin/1293799/mag/2</preferredMagnitudeID>
  <creationInfo>
    <agencyURI>smi:smi-registry/organization/EMSC</agencyURI>
    <authorURI>smi:smi-registry/organization/EMSC</authorURI>
    <creationTime>2014-12-11T04:43:55.431538Z</creationTime>
  </creationInfo>
  <description>
    <text>WESTERN TURKEY</text>
    <type>Flinn-Engdahl region</type>
  </description>
  <origin publicID="quakeml:eu.emsc/event/20041007_0000055/origin/1293799">
    <time>
      <value>2004-10-07T12:57:07.0Z</value>
    </time>
    <latitude>
      <value>37.784</value>
      <uncertainty>9999.9</uncertainty>
    </latitude>
    <longitude>
      <value>27.018</value>
      <uncertainty>9999.9</uncertainty>
    </longitude>
    <depth>
      <value>9000</value>
    </depth>
    <depthType>from location</depthType>
    <methodID>smi:eu.emsc-csem/origin_method/NA</methodID>
    <quality>
      <usedPhaseCount>8</usedPhaseCount>
      <usedStationCount>8</usedStationCount>
      <standardError>0.61</standardError>
      <azimuthalGap>138</azimuthalGap>
      <minimumDistance>0.64</minimumDistance>
      <maximumDistance>2.21</maximumDistance>
    </quality>
    <evaluationMode>manual</evaluationMode>
    <creationInfo>
      <agencyURI>smi:smi-registry/organization/EMSC</agencyURI>
      <authorURI>smi:smi-registry/organization/EMSC</authorURI>
    </creationInfo>
    <originUncertainty>
      <azimuthMaxHorizontalUncertainty>-99</azimuthMaxHorizontalUncertainty>
    </originUncertainty>
  </origin>
  <magnitude publicID="quakeml:eu.emsc/event/20041007_0000055/origin/1293799/mag/2">
    <mag>
      <value>3</value>
    </mag>
    <type>MD</type>
    <originID>quakeml:eu.emsc/event/20041007_0000055/origin/1293799</originID>
    <creationInfo>
      <agencyURI>smi:smi-registry/organization/EMSC</agencyURI>
      <authorURI>smi:smi-registry/organization/EMSC</authorURI>
    </creationInfo>
  </magnitude>
</event>
<event publicID="quakeml:eu.emsc/event/20041007_0000023">
  <preferredOriginID>quakeml:eu.emsc/event/20041007_0000023/origin/1298697</preferredOriginID>
  <preferredMagnitudeID>quakeml:eu.emsc/event/20041007_0000023/origin/1298697/mag/2</preferredMagnitudeID>
  <creationInfo>
    <agencyURI>smi:smi-registry/organization/EMSC</agencyURI>
    <authorURI>smi:smi-registry/organization/EMSC</authorURI>
    <creationTime>2014-12-03T12:37:08.900075Z</creationTime>
  </creationInfo>
  <description>
    <text>SOUTHERN IRAN</text>
    <type>Flinn-Engdahl region</type>
  </description>
  <origin publicID="quakeml:eu.emsc/event/20041007_0000023/origin/1298697">
    <time>
      <value>2004-10-07T12:55:01.9Z</value>
      <uncertainty>0.12</uncertainty>
    </time>
    <latitude>
      <value>28.423</value>
      <uncertainty>6.3</uncertainty>
    </latitude>
    <longitude>
      <value>57.3352</value>
      <uncertainty>3.6</uncertainty>
    </longitude>
    <depth>
      <value>62400.0</value>
    </depth>
    <depthType>from location</depthType>
    <methodID>smi:eu.emsc-csem/origin_method/NA</methodID>
    <quality>
      <usedPhaseCount>409</usedPhaseCount>
      <usedStationCount>400</usedStationCount>
      <standardError>0.95</standardError>
      <azimuthalGap>78</azimuthalGap>
      <minimumDistance>1.63</minimumDistance>
      <maximumDistance>88.56</maximumDistance>
    </quality>
    <evaluationMode>manual</evaluationMode>
    <creationInfo>
      <agencyURI>smi:smi-registry/organization/EMSC</agencyURI>
      <authorURI>smi:smi-registry/organization/EMSC</authorURI>
    </creationInfo>
    <originUncertainty>
      <azimuthMaxHorizontalUncertainty>8</azimuthMaxHorizontalUncertainty>
    </originUncertainty>
  </origin>
  <magnitude publicID="quakeml:eu.emsc/event/20041007_0000023/origin/1298697/mag/2">
    <mag>
      <value>5</value>
    </mag>
    <type>ML</type>
    <originID>quakeml:eu.emsc/event/20041007_0000023/origin/1298697</originID>
    <creationInfo>
      <agencyURI>smi:smi-registry/organization/EMSC</agencyURI>
      <authorURI>smi:smi-registry/organization/EMSC</authorURI>
    </creationInfo>
  </magnitude>
</event>
<event publicID="quakeml:eu.emsc/event/20041007_0000036">
  <preferredOriginID>quakeml:eu.emsc/event/20041007_0000036/origin/1293801</preferredOriginID>
  <preferredMagnitudeID>quakeml:eu.emsc/event/20041007_0000036/origin/1293801/mag/2</preferredMagnitudeID>
  <creationInfo>
    <agencyURI>smi:smi-registry/organization/EMSC</agencyURI>
    <authorURI>smi:smi-registry/organization/EMSC</authorURI>
    <creationTime>2014-12-11T04:43:52.1461Z</creationTime>
  </creationInfo>
  <description>
    <text>NEAR THE COAST OF YEMEN</text>
    <type>Flinn-Engdahl region</type>
  </description>
  <origin publicID="quakeml:eu.emsc/event/20041007_0000036/origin/1293801">
    <time>
      <value>2004-10-07T12:09:08.1Z</value>
    </time>
    <latitude>
      <value>12.146</value>
      <uncertainty>9999.9</uncertainty>
    </latitude>
    <longitude>
      <value>43.453</value>
      <uncertainty>9999.9</uncertainty>
    </longitude>
    <depth>
      <value>18000</value>
    </depth>
    <depthType>from location</depthType>
    <methodID>smi:eu.emsc-csem/origin_method/NA</methodID>
    <quality>
      <usedPhaseCount>8</usedPhaseCount>
      <usedStationCount>4</usedStationCount>
      <standardError>7.02</standardError>
      <azimuthalGap>312</azimuthalGap>
      <minimumDistance>1.88</minimumDistance>
      <maximumDistance>3.53</maximumDistance>
    </quality>
    <evaluationMode>manual</evaluationMode>
    <creationInfo>
      <agencyURI>smi:smi-registry/organization/EMSC</agencyURI>
      <authorURI>smi:smi-registry/organization/EMSC</authorURI>
    </creationInfo>
    <originUncertainty>
      <azimuthMaxHorizontalUncertainty>-99</azimuthMaxHorizontalUncertainty>
    </originUncertainty>
  </origin>
  <magnitude publicID="quakeml:eu.emsc/event/20041007_0000036/origin/1293801/mag/2">
    <mag>
      <value>3.8</value>
    </mag>
    <type>ML</type>
    <originID>quakeml:eu.emsc/event/20041007_0000036/origin/1293801</originID>
    <creationInfo>
      <agencyURI>smi:smi-registry/organization/EMSC</agencyURI>
      <authorURI>smi:smi-registry/organization/EMSC</authorURI>
    </creationInfo>
  </magnitude>
</event>
<event publicID="quakeml:eu.emsc/event/20041007_0000047">
  <preferredOriginID>quakeml:eu.emsc/event/20041007_0000047/origin/1293803</preferredOriginID>
  <preferredMagnitudeID>quakeml:eu.emsc/event/20041007_0000047/origin/1293803/mag/2</preferredMagnitudeID>
  <creationInfo>
    <agencyURI>smi:smi-registry/organization/EMSC</agencyURI>
    <authorURI>smi:smi-registry/organization/EMSC</authorURI>
    <creationTime>2014-12-11T04:43:49.719287Z</creationTime>
  </creationInfo>
  <description>
    <text>WESTERN TURKEY</text>
    <type>Flinn-Engdahl region</type>
  </description>
  <origin publicID="quakeml:eu.emsc/event/20041007_0000047/origin/1293803">
    <time>
      <value>2004-10-07T12:05:23.9Z</value>
    </time>
    <latitude>
      <value>40.273</value>
      <uncertainty>9999.9</uncertainty>
    </latitude>
    <longitude>
      <value>29.226</value>
      <uncertainty>9999.9</uncertainty>
    </longitude>
    <depth>
      <value>12000</value>
    </depth>
    <depthType>from location</depthType>
    <methodID>smi:eu.emsc-csem/origin_method/NA</methodID>
    <quality>
      <usedPhaseCount>17</usedPhaseCount>
      <usedStationCount>16</usedStationCount>
      <standardError>0.6</standardError>
      <azimuthalGap>64</azimuthalGap>
      <minimumDistance>0.31</minimumDistance>
      <maximumDistance>1.77</maximumDistance>
    </quality>
    <evaluationMode>manual</evaluationMode>
    <creationInfo>
      <agencyURI>smi:smi-registry/organization/EMSC</agencyURI>
      <authorURI>smi:smi-registry/organization/EMSC</authorURI>
    </creationInfo>
    <originUncertainty>
      <azimuthMaxHorizontalUncertainty>-99</azimuthMaxHorizontalUncertainty>
    </originUncertainty>
  </origin>
  <magnitude publicID="quakeml:eu.emsc/event/20041007_0000047/origin/1293803/mag/2">
    <mag>
      <value>2.9</value>
    </mag>
    <type>MD</type>
    <originID>quakeml:eu.emsc/event/20041007_0000047/origin/1293803</originID>
    <creationInfo>
      <agencyURI>smi:smi-registry/organization/EMSC</agencyURI>
      <authorURI>smi:smi-registry/organization/EMSC</authorURI>
    </creationInfo>
  </magnitude>
</event>
<event publicID="quakeml:eu.emsc/event/20041007_0000051">
  <preferredOriginID>quakeml:eu.emsc/event/20041007_0000051/origin/1293805</preferredOriginID>
  <preferredMagnitudeID>quakeml:eu.emsc/event/20041007_0000051/origin/1293805/mag/2</preferredMagnitudeID>
  <creationInfo>
    <agencyURI>smi:smi-registry/organization/EMSC</agencyURI>
    <authorURI>smi:smi-registry/organization/EMSC</authorURI>
    <creationTime>2014-12-11T04:43:47.301946Z</creationTime>
  </creationInfo>
  <description>
    <text>DODECANESE ISLANDS, GREECE</text>
    <type>Flinn-Engdahl region</type>
  </description>
  <origin publicID="quakeml:eu.emsc/event/20041007_0000051/origin/1293805">
    <time>
      <value>2004-10-07T09:03:18.2Z</value>
    </time>
    <latitude>
      <value>37.699</value>
      <uncertainty>9999.9</uncertainty>
    </latitude>
    <longitude>
      <value>26.863</value>
      <uncertainty>9999.9</uncertainty>
    </longitude>
    <depth>
      <value>4000</value>
    </depth>
    <depthType>from location</depthType>
    <methodID>smi:eu.emsc-csem/origin_method/NA</methodID>
    <quality>
      <usedPhaseCount>6</usedPhaseCount>
      <usedStationCount>4</usedStationCount>
      <standardError>1.46</standardError>
      <azimuthalGap>144</azimuthalGap>
      <minimumDistance>0.77</minimumDistance>
      <maximumDistance>1.4</maximumDistance>
    </quality>
    <evaluationMode>manual</evaluationMode>
    <creationInfo>
      <agencyURI>smi:smi-registry/organization/EMSC</agencyURI>
      <authorURI>smi:smi-registry/organization/EMSC</authorURI>
    </creationInfo>
    <originUncertainty>
      <azimuthMaxHorizontalUncertainty>-99</azimuthMaxHorizontalUncertainty>
    </originUncertainty>
  </origin>
  <magnitude publicID="quakeml:eu.emsc/event/20041007_0000051/origin/1293805/mag/2">
    <mag>
      <value>2.8</value>
    </mag>
    <type>MD</type>
    <originID>quakeml:eu.emsc/event/20041007_0000051/origin/1293805</originID>
    <creationInfo>
      <agencyURI>smi:smi-registry/organization/EMSC</agencyURI>
      <authorURI>smi:smi-registry/organization/EMSC</authorURI>
    </creationInfo>
  </magnitude>
</event>
<event publicID="quakeml:eu.emsc/event/20041007_0000022">
  <preferredOriginID>quakeml:eu.emsc/event/20041007_0000022/origin/1299863</preferredOriginID>
  <preferredMagnitudeID>quakeml:eu.emsc/event/20041007_0000022/origin/1299863/mag/2</preferredMagnitudeID>
  <creationInfo>
    <agencyURI>smi:smi-registry/organization/EMSC</agencyURI>
    <authorURI>smi:smi-registry/organization/EMSC</authorURI>
    <creationTime>2014-12-03T14:13:00.829044Z</creationTime>
  </creationInfo>
  <description>
    <text>SICILY, ITALY</text>
    <type>Flinn-Engdahl region</type>
  </description>
  <origin publicID="quakeml:eu.emsc/event/20041007_0000022/origin/1299863">
    <time>
      <value>2004-10-07T08:55:31.2Z</value>
      <uncertainty>0.22</uncertainty>
    </time>
    <latitude>
      <value>38.5715</value>
      <uncertainty>5.3</uncertainty>
    </latitude>
    <longitude>
      <value>14.5102</value>
      <uncertainty>3.9</uncertainty>
    </longitude>
    <depth>
      <value>15000</value>
    </depth>
    <depthType>from location</depthType>
    <methodID>smi:eu.emsc-csem/origin_method/NA</methodID>
    <quality>
      <usedPhaseCount>21</usedPhaseCount>
      <usedStationCount>16</usedStationCount>
      <standardError>0.9</standardError>
      <azimuthalGap>109</azimuthalGap>
      <minimumDistance>0.25</minimumDistance>
      <maximumDistance>1.81</maximumDistance>
    </quality>
    <evaluationMode>manual</evaluationMode>
    <creationInfo>
      <agencyURI>smi:smi-registry/organization/EMSC</agencyURI>
      <authorURI>smi:smi-registry/organization/EMSC</authorURI>
    </creationInfo>
    <originUncertainty>
      <azimuthMaxHorizontalUncertainty>173</azimuthMaxHorizontalUncertainty>
    </originUncertainty>
  </origin>
  <magnitude publicID="quakeml:eu.emsc/event/20041007_0000022/origin/1299863/mag/2">
    <mag>
      <value>2.8</value>
    </mag>
    <type>ML</type>
    <originID>quakeml:eu.emsc/event/20041007_0000022/origin/1299863</originID>
    <stationCount>11</stationCount>
    <creationInfo>
      <agencyURI>smi:smi-registry/organization/EMSC</agencyURI>
      <authorURI>smi:smi-registry/organization/EMSC</authorURI>
    </creationInfo>
  </magnitude>
</event>
<event publicID="quakeml:eu.emsc/event/20041007_0000049">
  <preferredOriginID>quakeml:eu.emsc/event/20041007_0000049/origin/1293807</preferredOriginID>
  <preferredMagnitudeID>quakeml:eu.emsc/event/20041007_0000049/origin/1293807/mag/2</preferredMagnitudeID>
  <creationInfo>
    <agencyURI>smi:smi-registry/organization/EMSC</agencyURI>
    <authorURI>smi:smi-registry/organization/EMSC</authorURI>
    <creationTime>2014-12-11T04:43:40.131274Z</creationTime>
  </creationInfo>
  <description>
    <text>SICILY, ITALY</text>
    <type>Flinn-Engdahl region</type>
  </description>
  <origin publicID="quakeml:eu.emsc/event/20041007_0000049/origin/1293807">
    <time>
      <value>2004-10-07T08:48:47.9Z</value>
    </time>
    <latitude>
      <value>38.539</value>
      <uncertainty>9999.9</uncertainty>
    </latitude>
    <longitude>
      <value>14.524</value>
      <uncertainty>9999.9</uncertainty>
    </longitude>
    <depth>
      <value>10000</value>
    </depth>
    <depthType>from location</depthType>
    <methodID>smi:eu.emsc-csem/origin_method/NA</methodID>
    <quality>
      <usedPhaseCount>7</usedPhaseCount>
      <usedStationCount>4</usedStationCount>
      <standardError>1.15</standardError>
      <azimuthalGap>228</azimuthalGap>
      <minimumDistance>0.24</minimumDistance>
      <maximumDistance>0.7</maximumDistance>
    </quality>
    <evaluationMode>manual</evaluationMode>
    <creationInfo>
      <agencyURI>smi:smi-registry/organization/EMSC</agencyURI>
      <authorURI>smi:smi-registry/organization/EMSC</authorURI>
    </creationInfo>
    <originUncertainty>
      <azimuthMaxHorizontalUncertainty>-99</azimuthMaxHorizontalUncertainty>
    </originUncertainty>
  </origin>
  <magnitude publicID="quakeml:eu.emsc/event/20041007_0000049/origin/1293807/mag/2">
    <mag>
      <value>2.2</value>
    </mag>
    <type>ML</type>
    <originID>quakeml:eu.emsc/event/20041007_0000049/origin/1293807</originID>
    <stationCount>4</stationCount>
    <creationInfo>
      <agencyURI>smi:smi-registry/organization/EMSC</agencyURI>
      <authorURI>smi:smi-registry/organization/EMSC</authorURI>
    </creationInfo>
  </magnitude>
</event>
<event publicID="quakeml:eu.emsc/event/20041007_0000021">
  <preferredOriginID>quakeml:eu.emsc/event/20041007_0000021/origin/1293809</preferredOriginID>
  <preferredMagnitudeID>quakeml:eu.emsc/event/20041007_0000021/origin/1293809/mag/2</preferredMagnitudeID>
  <creationInfo>
    <agencyURI>smi:smi-registry/organization/EMSC</agencyURI>
    <authorURI>smi:smi-registry/organization/EMSC</authorURI>
    <creationTime>2014-12-11T04:43:43.394952Z</creationTime>
  </creationInfo>
  <description>
    <text>CRETE, GREECE</text>
    <type>Flinn-Engdahl region</type>
  </description>
  <origin publicID="quakeml:eu.emsc/event/20041007_0000021/origin/1293809">
    <time>
      <value>2004-10-07T07:32:18.7Z</value>
    </time>
    <latitude>
      <value>35.43</value>
      <uncertainty>9999.9</uncertainty>
    </latitude>
    <longitude>
      <value>24.14</value>
      <uncertainty>9999.9</uncertainty>
    </longitude>
    <depth>
      <value>5000</value>
    </depth>
    <depthType>from location</depthType>
    <methodID>smi:eu.emsc-csem/origin_method/NA</methodID>
    <quality>
      <usedPhaseCount>4</usedPhaseCount>
      <usedStationCount>4</usedStationCount>
      <standardError>0.95</standardError>
      <azimuthalGap>152</azimuthalGap>
      <minimumDistance>0.05</minimumDistance>
      <maximumDistance>1.61</maximumDistance>
    </quality>
    <evaluationMode>manual</evaluationMode>
    <creationInfo>
      <agencyURI>smi:smi-registry/organization/EMSC</agencyURI>
      <authorURI>smi:smi-registry/organization/EMSC</authorURI>
    </creationInfo>
    <originUncertainty>
      <azimuthMaxHorizontalUncertainty>-99</azimuthMaxHorizontalUncertainty>
    </originUncertainty>
  </origin>
  <magnitude publicID="quakeml:eu.emsc/event/20041007_0000021/origin/1293809/mag/2">
    <mag>
      <value>3.2</value>
    </mag>
    <type>MD</type>
    <originID>quakeml:eu.emsc/event/20041007_0000021/origin/1293809</originID>
    <creationInfo>
      <agencyURI>smi:smi-registry/organization/EMSC</agencyURI>
      <authorURI>smi:smi-registry/organization/EMSC</authorURI>
    </creationInfo>
  </magnitude>
</event>
<event publicID="quakeml:eu.emsc/event/20041007_0000020">
  <preferredOriginID>quakeml:eu.emsc/event/20041007_0000020/origin/1299868</preferredOriginID>
  <preferredMagnitudeID>quakeml:eu.emsc/event/20041007_0000020/origin/1299868/mag/2</preferredMagnitudeID>
  <creationInfo>
    <agencyURI>smi:smi-registry/organization/EMSC</agencyURI>
    <authorURI>smi:smi-registry/organization/EMSC</authorURI>
    <creationTime>2014-12-03T13:57:53.537593Z</creationTime>
  </creationInfo>
  <description>
    <text>SOUTHERN IRAN</text>
    <type>Flinn-Engdahl region</type>
  </description>
  <origin publicID="quakeml:eu.emsc/event/20041007_0000020/origin/1299868">
    <time>
      <value>2004-10-07T07:17:03.5Z</value>
      <uncertainty>0.18</uncertainty>
    </time>
    <latitude>
      <value>28.8051</value>
      <uncertainty>6.6</uncertainty>
    </latitude>
    <longitude>
      <value>57.8618</value>
      <uncertainty>4.6</uncertainty>
    </longitude>
    <depth>
      <value>30000</value>
    </depth>
    <depthType>from location</depthType>
    <methodID>smi:eu.emsc-csem/origin_method/NA</methodID>
    <quality>
      <usedPhaseCount>47</usedPhaseCount>
      <usedStationCount>40</usedStationCount>
      <standardError>1.12</standardError>
      <azimuthalGap>98</azimuthalGap>
      <minimumDistance>1.52</minimumDistance>
      <maximumDistance>66.25</maximumDistance>
    </quality>
    <evaluationMode>manual</evaluationMode>
    <creationInfo>
      <agencyURI>smi:smi-registry/organization/EMSC</agencyURI>
      <authorURI>smi:smi-registry/organization/EMSC</authorURI>
    </creationInfo>
    <originUncertainty>
      <azimuthMaxHorizontalUncertainty>84</azimuthMaxHorizontalUncertainty>
    </originUncertainty>
  </origin>
  <magnitude publicID="quakeml:eu.emsc/event/20041007_0000020/origin/1299868/mag/2">
    <mag>
      <value>4.3</value>
    </mag>
    <type>ML</type>
    <originID>quakeml:eu.emsc/event/20041007_0000020/origin/1299868</originID>
    <creationInfo>
      <agencyURI>smi:smi-registry/organization/EMSC</agencyURI>
      <authorURI>smi:smi-registry/organization/EMSC</authorURI>
    </creationInfo>
  </magnitude>
</event>
<event publicID="quakeml:eu.emsc/event/20041007_0000019">
  <preferredOriginID>quakeml:eu.emsc/event/20041007_0000019/origin/1314432</preferredOriginID>
  <preferredMagnitudeID>quakeml:eu.emsc/event/20041007_0000019/origin/1314432/mag/2</preferredMagnitudeID>
  <creationInfo>
    <agencyURI>smi:smi-registry/organization/EMSC</agencyURI>
    <authorURI>smi:smi-registry/organization/EMSC</authorURI>
    <creationTime>2014-12-03T12:52:07.364951Z</creationTime>
  </creationInfo>
  <description>
    <text>SOUTHERN GREECE</text>
    <type>Flinn-Engdahl region</type>
  </description>
  <origin publicID="quakeml:eu.emsc/event/20041007_0000019/origin/1314432">
    <time>
      <value>2004-10-07T07:16:53.6Z</value>
      <uncertainty>0.15</uncertainty>
    </time>
    <latitude>
      <value>36.3504</value>
      <uncertainty>4.6</uncertainty>
    </latitude>
    <longitude>
      <value>22.5812</value>
      <uncertainty>2.4</uncertainty>
    </longitude>
    <depth>
      <value>60000</value>
    </depth>
    <depthType>from location</depthType>
    <methodID>smi:eu.emsc-csem/origin_method/NA</methodID>
    <quality>
      <usedPhaseCount>236</usedPhaseCount>
      <usedStationCount>223</usedStationCount>
      <standardError>0.99</standardError>
      <azimuthalGap>86</azimuthalGap>
      <minimumDistance>0.37</minimumDistance>
      <maximumDistance>39.21</maximumDistance>
    </quality>
    <evaluationMode>manual</evaluationMode>
    <creationInfo>
      <agencyURI>smi:smi-registry/organization/EMSC</agencyURI>
      <authorURI>smi:smi-registry/organization/EMSC</authorURI>
    </creationInfo>
    <originUncertainty>
      <azimuthMaxHorizontalUncertainty>12</azimuthMaxHorizontalUncertainty>
    </originUncertainty>
  </origin>
  <magnitude publicID="quakeml:eu.emsc/event/20041007_0000019/origin/1314432/mag/2">
    <mag>
      <value>4.3</value>
      <uncertainty>0.7</uncertainty>
    </mag>
    <type>mb</type>
    <originID>quakeml:eu.emsc/event/20041007_0000019/origin/1314432</originID>
    <stationCount>7</stationCount>
    <creationInfo>
      <agencyURI>smi:smi-registry/organization/EMSC</agencyURI>
      <authorURI>smi:smi-registry/organization/EMSC</authorURI>
    </creationInfo>
  </magnitude>
</event>
<event publicID="quakeml:eu.emsc/event/20041007_0000033">
  <preferredOriginID>quakeml:eu.emsc/event/20041007_0000033/origin/1299874</preferredOriginID>
  <preferredMagnitudeID>quakeml:eu.emsc/event/20041007_0000033/origin/1299874/mag/1</preferredMagnitudeID>
  <creationInfo>
    <agencyURI>smi:smi-registry/organization/EMSC</agencyURI>
    <authorURI>smi:smi-registry/organization/EMSC</authorURI>
    <creationTime>2014-12-03T10:32:33.839494Z</creationTime>
  </creationInfo>
  <description>
    <text>PYRENEES</text>
    <type>Flinn-Engdahl region</type>
  </description>
  <origin publicID="quakeml:eu.emsc/event/20041007_0000033/origin/1299874">
    <time>
      <value>2004-10-07T06:16:28.0Z</value>
      <uncertainty>0.11</uncertainty>
    </time>
    <latitude>
      <value>42.8299</value>
      <uncertainty>3.3</uncertainty>
    </latitude>
    <longitude>
      <value>-1.4879</value>
      <uncertainty>2.1</uncertainty>
    </longitude>
    <depth>
      <value>2000</value>
    </depth>
    <depthType>from location</depthType>
    <methodID>smi:eu.emsc-csem/origin_method/NA</methodID>
    <quality>
      <usedPhaseCount>158</usedPhaseCount>
      <usedStationCount>97</usedStationCount>
      <standardError>1.24</standardError>
      <azimuthalGap>66</azimuthalGap>
      <minimumDistance>0.34</minimumDistance>
      <maximumDistance>8.64</maximumDistance>
    </quality>
    <evaluationMode>manual</evaluationMode>
    <creationInfo>
      <agencyURI>smi:smi-registry/organization/EMSC</agencyURI>
      <authorURI>smi:smi-registry/organization/EMSC</authorURI>
    </creationInfo>
    <originUncertainty>
      <azimuthMaxHorizontalUncertainty>148</azimuthMaxHorizontalUncertainty>
    </originUncertainty>
  </origin>
  <magnitude publicID="quakeml:eu.emsc/event/20041007_0000033/origin/1299874/mag/1">
    <mag>
      <value>3.7</value>
      <uncertainty>0.3</uncertainty>
    </mag>
    <type>ML</type>
    <originID>quakeml:eu.emsc/event/20041007_0000033/origin/1299874</originID>
    <stationCount>23</stationCount>
    <creationInfo>
      <agencyURI>smi:smi-registry/organization/EMSC</agencyURI>
      <authorURI>smi:smi-registry/organization/EMSC</authorURI>
    </creationInfo>
  </magnitude>
</event>
<event publicID="quakeml:eu.emsc/event/20041007_0000059">
  <preferredOriginID>quakeml:eu.emsc/event/20041007_0000059/origin/1293811</preferredOriginID>
  <preferredMagnitudeID>quakeml:eu.emsc/event/20041007_0000059/origin/1293811/mag/2</preferredMagnitudeID>
  <creationInfo>
    <agencyURI>smi:smi-registry/organization/EMSC</agencyURI>
    <authorURI>smi:smi-registry/organization/EMSC</authorURI>
    <creationTime>2014-12-11T04:43:30.56164Z</creationTime>
  </creationInfo>
  <description>
    <text>EASTERN TURKEY</text>
    <type>Flinn-Engdahl region</type>
  </description>
  <origin publicID="quakeml:eu.emsc/event/20041007_0000059/origin/1293811">
    <time>
      <value>2004-10-07T05:52:36.7Z</value>
    </time>
    <latitude>
      <value>39.649</value>
      <uncertainty>9999.9</uncertainty>
    </latitude>
    <longitude>
      <value>39.227</value>
      <uncertainty>9999.9</uncertainty>
    </longitude>
    <depth>
      <value>50000</value>
    </depth>
    <depthType>from location</depthType>
    <methodID>smi:eu.emsc-csem/origin_method/NA</methodID>
    <quality>
      <usedPhaseCount>7</usedPhaseCount>
      <usedStationCount>6</usedStationCount>
      <standardError>0.7</standardError>
      <azimuthalGap>93</azimuthalGap>
      <minimumDistance>0.14</minimumDistance>
      <maximumDistance>2.29</maximumDistance>
    </quality>
    <evaluationMode>manual</evaluationMode>
    <creationInfo>
      <agencyURI>smi:smi-registry/organization/EMSC</agencyURI>
      <authorURI>smi:smi-registry/organization/EMSC</authorURI>
    </creationInfo>
    <originUncertainty>
      <azimuthMaxHorizontalUncertainty>-99</azimuthMaxHorizontalUncertainty>
    </originUncertainty>
  </origin>
  <magnitude publicID="quakeml:eu.emsc/event/20041007_0000059/origin/1293811/mag/2">
    <mag>
      <value>3</value>
    </mag>
    <type>MD</type>
    <originID>quakeml:eu.emsc/event/20041007_0000059/origin/1293811</originID>
    <creationInfo>
      <agencyURI>smi:smi-registry/organization/EMSC</agencyURI>
      <authorURI>smi:smi-registry/organization/EMSC</authorURI>
    </creationInfo>
  </magnitude>
</event>
<event publicID="quakeml:eu.emsc/event/20041007_0000060">
  <preferredOriginID>quakeml:eu.emsc/event/20041007_0000060/origin/1299877</preferredOriginID>
  <preferredMagnitudeID>quakeml:eu.emsc/event/20041007_0000060/origin/1299877/mag/2</preferredMagnitudeID>
  <creationInfo>
    <agencyURI>smi:smi-registry/organization/EMSC</agencyURI>
    <authorURI>smi:smi-registry/organization/EMSC</authorURI>
    <creationTime>2014-12-03T12:13:51.181846Z</creationTime>
  </creationInfo>
  <description>
    <text>SICILY, ITALY</text>
    <type>Flinn-Engdahl region</type>
  </description>
  <origin publicID="quakeml:eu.emsc/event/20041007_0000060/origin/1299877">
    <time>
      <value>2004-10-07T05:28:28.5Z</value>
      <uncertainty>0.24</uncertainty>
    </time>
    <latitude>
      <value>38.5915</value>
      <uncertainty>6.2</uncertainty>
    </latitude>
    <longitude>
      <value>14.5021</value>
      <uncertainty>4</uncertainty>
    </longitude>
    <depth>
      <value>20000</value>
    </depth>
    <depthType>from location</depthType>
    <methodID>smi:eu.emsc-csem/origin_method/NA</methodID>
    <quality>
      <usedPhaseCount>9</usedPhaseCount>
      <usedStationCount>6</usedStationCount>
      <standardError>0.49</standardError>
      <azimuthalGap>179</azimuthalGap>
      <minimumDistance>0.26</minimumDistance>
      <maximumDistance>1.33</maximumDistance>
    </quality>
    <evaluationMode>manual</evaluationMode>
    <creationInfo>
      <agencyURI>smi:smi-registry/organization/EMSC</agencyURI>
      <authorURI>smi:smi-registry/organization/EMSC</authorURI>
    </creationInfo>
    <originUncertainty>
      <azimuthMaxHorizontalUncertainty>164</azimuthMaxHorizontalUncertainty>
    </originUncertainty>
  </origin>
  <magnitude publicID="quakeml:eu.emsc/event/20041007_0000060/origin/1299877/mag/2">
    <mag>
      <value>2.3</value>
    </mag>
    <type>ML</type>
    <originID>quakeml:eu.emsc/event/20041007_0000060/origin/1299877</originID>
    <stationCount>4</stationCount>
    <creationInfo>
      <agencyURI>smi:smi-registry/organization/EMSC</agencyURI>
      <authorURI>smi:smi-registry/organization/EMSC</authorURI>
    </creationInfo>
  </magnitude>
</event>
<event publicID="quakeml:eu.emsc/event/20041007_0000042">
  <preferredOriginID>quakeml:eu.emsc/event/20041007_0000042/origin/1298537</preferredOriginID>
  <preferredMagnitudeID>quakeml:eu.emsc/event/20041007_0000042/origin/1298537/mag/1</preferredMagnitudeID>
  <creationInfo>
    <agencyURI>smi:smi-registry/organization/EMSC</agencyURI>
    <authorURI>smi:smi-registry/organization/EMSC</authorURI>
    <creationTime>2014-12-03T11:35:41.87799Z</creationTime>
  </creationInfo>
  <description>
    <text>PYRENEES</text>
    <type>Flinn-Engdahl region</type>
  </description>
  <origin publicID="quakeml:eu.emsc/event/20041007_0000042/origin/1298537">
    <time>
      <value>2004-10-07T05:26:29.8Z</value>
      <uncertainty>0.31</uncertainty>
    </time>
    <latitude>
      <value>42.8307</value>
      <uncertainty>6.3</uncertainty>
    </latitude>
    <longitude>
      <value>-1.5056</value>
      <uncertainty>4.1</uncertainty>
    </longitude>
    <depth>
      <value>20000</value>
    </depth>
    <depthType>from location</depthType>
    <methodID>smi:eu.emsc-csem/origin_method/NA</methodID>
    <quality>
      <usedPhaseCount>17</usedPhaseCount>
      <usedStationCount>9</usedStationCount>
      <standardError>0.8</standardError>
      <azimuthalGap>168</azimuthalGap>
      <minimumDistance>0.35</minimumDistance>
      <maximumDistance>3.32</maximumDistance>
    </quality>
    <evaluationMode>manual</evaluationMode>
    <creationInfo>
      <agencyURI>smi:smi-registry/organization/EMSC</agencyURI>
      <authorURI>smi:smi-registry/organization/EMSC</authorURI>
    </creationInfo>
    <originUncertainty>
      <azimuthMaxHorizontalUncertainty>92</azimuthMaxHorizontalUncertainty>
    </originUncertainty>
  </origin>
  <magnitude publicID="quakeml:eu.emsc/event/20041007_0000042/origin/1298537/mag/1">
    <mag>
      <value>1.8</value>
      <uncertainty>0.6</uncertainty>
    </mag>
    <type>ML</type>
    <originID>quakeml:eu.emsc/event/20041007_0000042/origin/1298537</originID>
    <stationCount>5</stationCount>
    <creationInfo>
      <agencyURI>smi:smi-registry/organization/EMSC</agencyURI>
      <authorURI>smi:smi-registry/organization/EMSC</authorURI>
    </creationInfo>
  </magnitude>
</event>
<event publicID="quakeml:eu.emsc/event/20041007_0000050">
  <preferredOriginID>quakeml:eu.emsc/event/20041007_0000050/origin/1298541</preferredOriginID>
  <preferredMagnitudeID>quakeml:eu.emsc/event/20041007_0000050/origin/1298541/mag/1</preferredMagnitudeID>
  <creationInfo>
    <agencyURI>smi:smi-registry/organization/EMSC</agencyURI>
    <authorURI>smi:smi-registry/organization/EMSC</authorURI>
    <creationTime>2014-12-03T11:52:47.566468Z</creationTime>
  </creationInfo>
  <description>
    <text>PYRENEES</text>
    <type>Flinn-Engdahl region</type>
  </description>
  <origin publicID="quakeml:eu.emsc/event/20041007_0000050/origin/1298541">
    <time>
      <value>2004-10-07T04:49:55.5Z</value>
      <uncertainty>0.36</uncertainty>
    </time>
    <latitude>
      <value>42.9419</value>
      <uncertainty>6.3</uncertainty>
    </latitude>
    <longitude>
      <value>-1.5853</value>
      <uncertainty>3.7</uncertainty>
    </longitude>
    <depth>
      <value>15000</value>
    </depth>
    <depthType>from location</depthType>
    <methodID>smi:eu.emsc-csem/origin_method/NA</methodID>
    <quality>
      <usedPhaseCount>23</usedPhaseCount>
      <usedStationCount>10</usedStationCount>
      <standardError>0.83</standardError>
      <azimuthalGap>182</azimuthalGap>
      <minimumDistance>0.28</minimumDistance>
      <maximumDistance>3.3</maximumDistance>
    </quality>
    <evaluationMode>manual</evaluationMode>
    <creationInfo>
      <agencyURI>smi:smi-registry/organization/EMSC</agencyURI>
      <authorURI>smi:smi-registry/organization/EMSC</authorURI>
    </creationInfo>
    <originUncertainty>
      <azimuthMaxHorizontalUncertainty>85</azimuthMaxHorizontalUncertainty>
    </originUncertainty>
  </origin>
  <magnitude publicID="quakeml:eu.emsc/event/20041007_0000050/origin/1298541/mag/1">
    <mag>
      <value>2</value>
      <uncertainty>0.5</uncertainty>
    </mag>
    <type>ML</type>
    <originID>quakeml:eu.emsc/event/20041007_0000050/origin/1298541</originID>
    <stationCount>8</stationCount>
    <creationInfo>
      <agencyURI>smi:smi-registry/organization/EMSC</agencyURI>
      <authorURI>smi:smi-registry/organization/EMSC</authorURI>
    </creationInfo>
  </magnitude>
</event>
<event publicID="quakeml:eu.emsc/event/20041007_0000018">
  <preferredOriginID>quakeml:eu.emsc/event/20041007_0000018/origin/1299880</preferredOriginID>
  <preferredMagnitudeID>quakeml:eu.emsc/event/20041007_0000018/origin/1299880/mag/2</preferredMagnitudeID>
  <creationInfo>
    <agencyURI>smi:smi-registry/organization/EMSC</agencyURI>
    <authorURI>smi:smi-registry/organization/EMSC</authorURI>
    <creationTime>2014-12-03T13:41:41.589448Z</creationTime>
  </creationInfo>
  <description>
    <text>SICILY, ITALY</text>
    <type>Flinn-Engdahl region</type>
  </description>
  <origin publicID="quakeml:eu.emsc/event/20041007_0000018/origin/1299880">
    <time>
      <value>2004-10-07T04:41:46.9Z</value>
      <uncertainty>0.15</uncertainty>
    </time>
    <latitude>
      <value>38.5101</value>
      <uncertainty>4.3</uncertainty>
    </latitude>
    <longitude>
      <value>14.5821</value>
      <uncertainty>3.2</uncertainty>
    </longitude>
    <depth>
      <value>15000</value>
    </depth>
    <depthType>from location</depthType>
    <methodID>smi:eu.emsc-csem/origin_method/NA</methodID>
    <quality>
      <usedPhaseCount>31</usedPhaseCount>
      <usedStationCount>28</usedStationCount>
      <standardError>0.83</standardError>
      <azimuthalGap>94</azimuthalGap>
      <minimumDistance>0.58</minimumDistance>
      <maximumDistance>3.17</maximumDistance>
    </quality>
    <evaluationMode>manual</evaluationMode>
    <creationInfo>
      <agencyURI>smi:smi-registry/organization/EMSC</agencyURI>
      <authorURI>smi:smi-registry/organization/EMSC</authorURI>
    </creationInfo>
    <originUncertainty>
      <azimuthMaxHorizontalUncertainty>135</azimuthMaxHorizontalUncertainty>
    </originUncertainty>
  </origin>
  <magnitude publicID="quakeml:eu.emsc/event/20041007_0000018/origin/1299880/mag/2">
    <mag>
      <value>3.4</value>
    </mag>
    <type>ML</type>
    <originID>quakeml:eu.emsc/event/20041007_0000018/origin/1299880</originID>
    <creationInfo>
      <agencyURI>smi:smi-registry/organization/EMSC</agencyURI>
      <authorURI>smi:smi-registry/organization/EMSC</authorURI>
    </creationInfo>
  </magnitude>
</event>
<event publicID="quakeml:eu.emsc/event/20041007_0000038">
  <preferredOriginID>quakeml:eu.emsc/event/20041007_0000038/origin/1298545</preferredOriginID>
  <preferredMagnitudeID>quakeml:eu.emsc/event/20041007_0000038/origin/1298545/mag/1</preferredMagnitudeID>
  <creationInfo>
    <agencyURI>smi:smi-registry/organization/EMSC</agencyURI>
    <authorURI>smi:smi-registry/organization/EMSC</authorURI>
    <creationTime>2014-12-03T11:55:59.993693Z</creationTime>
  </creationInfo>
  <description>
    <text>PYRENEES</text>
    <type>Flinn-Engdahl region</type>
  </description>
  <origin publicID="quakeml:eu.emsc/event/20041007_0000038/origin/1298545">
    <time>
      <value>2004-10-07T04:35:19.7Z</value>
      <uncertainty>0.25</uncertainty>
    </time>
    <latitude>
      <value>42.9972</value>
      <uncertainty>5.3</uncertainty>
    </latitude>
    <longitude>
      <value>-1.626</value>
      <uncertainty>3</uncertainty>
    </longitude>
    <depth>
      <value>17900.0</value>
      <uncertainty>1.7</uncertainty>
    </depth>
    <depthType>from location</depthType>
    <methodID>smi:eu.emsc-csem/origin_method/NA</methodID>
    <quality>
      <usedPhaseCount>18</usedPhaseCount>
      <usedStationCount>9</usedStationCount>
      <standardError>0.67</standardError>
      <azimuthalGap>192</azimuthalGap>
      <minimumDistance>0.24</minimumDistance>
      <maximumDistance>3.29</maximumDistance>
    </quality>
    <evaluationMode>manual</evaluationMode>
    <creationInfo>
      <agencyURI>smi:smi-registry/organization/EMSC</agencyURI>
      <authorURI>smi:smi-registry/organization/EMSC</authorURI>
    </creationInfo>
    <originUncertainty>
      <azimuthMaxHorizontalUncertainty>104</azimuthMaxHorizontalUncertainty>
    </originUncertainty>
  </origin>
  <magnitude publicID="quakeml:eu.emsc/event/20041007_0000038/origin/1298545/mag/1">
    <mag>
      <value>2</value>
      <uncertainty>0.6</uncertainty>
    </mag>
    <type>ML</type>
    <originID>quakeml:eu.emsc/event/20041007_0000038/origin/1298545</originID>
    <stationCount>6</stationCount>
    <creationInfo>
      <agencyURI>smi:smi-registry/organization/EMSC</agencyURI>
      <authorURI>smi:smi-registry/organization/EMSC</authorURI>
    </creationInfo>
  </magnitude>
</event>
<event publicID="quakeml:eu.emsc/event/20041007_0000032">
  <preferredOriginID>quakeml:eu.emsc/event/20041007_0000032/origin/1299883</preferredOriginID>
  <preferredMagnitudeID>quakeml:eu.emsc/event/20041007_0000032/origin/1299883/mag/2</preferredMagnitudeID>
  <creationInfo>
    <agencyURI>smi:smi-registry/organization/EMSC</agencyURI>
    <authorURI>smi:smi-registry/organization/EMSC</authorURI>
    <creationTime>2014-12-03T12:17:32.507025Z</creationTime>
  </creationInfo>
  <description>
    <text>PYRENEES</text>
    <type>Flinn-Engdahl region</type>
  </description>
  <origin publicID="quakeml:eu.emsc/event/20041007_0000032/origin/1299883">
    <time>
      <value>2004-10-07T04:30:05.8Z</value>
      <uncertainty>0.2</uncertainty>
    </time>
    <latitude>
      <value>42.8255</value>
      <uncertainty>4.9</uncertainty>
    </latitude>
    <longitude>
      <value>-1.4226</value>
      <uncertainty>3.3</uncertainty>
    </longitude>
    <depth>
      <value>2000</value>
    </depth>
    <depthType>from location</depthType>
    <methodID>smi:eu.emsc-csem/origin_method/NA</methodID>
    <quality>
      <usedPhaseCount>10</usedPhaseCount>
      <usedStationCount>6</usedStationCount>
      <standardError>0.55</standardError>
      <azimuthalGap>157</azimuthalGap>
      <minimumDistance>0.32</minimumDistance>
      <maximumDistance>2.06</maximumDistance>
    </quality>
    <evaluationMode>manual</evaluationMode>
    <creationInfo>
      <agencyURI>smi:smi-registry/organization/EMSC</agencyURI>
      <authorURI>smi:smi-registry/organization/EMSC</authorURI>
    </creationInfo>
    <originUncertainty>
      <azimuthMaxHorizontalUncertainty>103</azimuthMaxHorizontalUncertainty>
    </originUncertainty>
  </origin>
  <magnitude publicID="quakeml:eu.emsc/event/20041007_0000032/origin/1299883/mag/2">
    <mag>
      <value>1.7</value>
    </mag>
    <type>ML</type>
    <originID>quakeml:eu.emsc/event/20041007_0000032/origin/1299883</originID>
    <stationCount>1</stationCount>
    <creationInfo>
      <agencyURI>smi:smi-registry/organization/EMSC</agencyURI>
      <authorURI>smi:smi-registry/organization/EMSC</authorURI>
    </creationInfo>
  </magnitude>
</event>
<event publicID="quakeml:eu.emsc/event/20041007_0000017">
  <preferredOriginID>quakeml:eu.emsc/event/20041007_0000017/origin/AV092</preferredOriginID>
  <preferredMagnitudeID>quakeml:eu.emsc/event/20041007_0000017/origin/AV092/mag/1</preferredMagnitudeID>
  <creationInfo>
    <agencyURI>smi:smi-registry/organization/EMSC</agencyURI>
    <authorURI>smi:smi-registry/organization/GFZ</authorURI>
    <creationTime>2014-12-01T14:49:59.302125Z</creationTime>
  </creationInfo>
  <description>
    <text>CZECH REPUBLIC</text>
    <type>Flinn-Engdahl region</type>
  </description>
  <origin publicID="quakeml:eu.emsc/event/20041007_0000017/origin/AV092">
    <time>
      <value>2004-10-07T04:06:14.0Z</value>
    </time>
    <latitude>
      <value>49.8</value>
    </latitude>
    <longitude>
      <value>18.0</value>
    </longitude>
    <depth>
      <value>1000.0</value>
    </depth>
    <depthType>from location</depthType>
    <methodID>smi:eu.emsc-csem/origin_method/GEIGER</methodID>
    <quality>
      <usedPhaseCount>6</usedPhaseCount>
      <usedStationCount>6</usedStationCount>
    </quality>
    <evaluationMode>automatic</evaluationMode>
    <creationInfo>
      <agencyURI>smi:smi-registry/organization/EMSC</agencyURI>
      <authorURI>smi:smi-registry/organization/GFZ</authorURI>
    </creationInfo>
  </origin>
  <magnitude publicID="quakeml:eu.emsc/event/20041007_0000017/origin/AV092/mag/1">
    <mag>
      <value>2.3</value>
    </mag>
    <type>ml</type>
    <originID>quakeml:eu.emsc/event/20041007_0000017/origin/AV092</originID>
    <creationInfo>
      <agencyURI>smi:smi-registry/organization/EMSC</agencyURI>
      <authorURI>smi:smi-registry/organization/GFZ</authorURI>
    </creationInfo>
  </magnitude>
</event>
<event publicID="quakeml:eu.emsc/event/20041007_0000041">
  <preferredOriginID>quakeml:eu.emsc/event/20041007_0000041/origin/1293813</preferredOriginID>
  <preferredMagnitudeID>quakeml:eu.emsc/event/20041007_0000041/origin/1293813/mag/2</preferredMagnitudeID>
  <creationInfo>
    <agencyURI>smi:smi-registry/organization/EMSC</agencyURI>
    <authorURI>smi:smi-registry/organization/EMSC</authorURI>
    <creationTime>2014-12-10T18:19:19.53354Z</creationTime>
  </creationInfo>
  <description>
    <text>SPAIN</text>
    <type>Flinn-Engdahl region</type>
  </description>
  <origin publicID="quakeml:eu.emsc/event/20041007_0000041/origin/1293813">
    <time>
      <value>2004-10-07T02:12:31.6Z</value>
    </time>
    <latitude>
      <value>41.5789</value>
      <uncertainty>9999.9</uncertainty>
    </latitude>
    <longitude>
      <value>2.5234</value>
      <uncertainty>9999.9</uncertainty>
    </longitude>
    <depth>
      <value>4900.0</value>
    </depth>
    <depthType>from location</depthType>
    <methodID>smi:eu.emsc-csem/origin_method/NA</methodID>
    <quality>
      <usedPhaseCount>15</usedPhaseCount>
      <usedStationCount>10</usedStationCount>
      <standardError>3.27</standardError>
      <azimuthalGap>237</azimuthalGap>
      <minimumDistance>0.75</minimumDistance>
      <maximumDistance>2.25</maximumDistance>
    </quality>
    <evaluationMode>manual</evaluationMode>
    <creationInfo>
      <agencyURI>smi:smi-registry/organization/EMSC</agencyURI>
      <authorURI>smi:smi-registry/organization/EMSC</authorURI>
    </creationInfo>
    <originUncertainty>
      <azimuthMaxHorizontalUncertainty>-99</azimuthMaxHorizontalUncertainty>
    </originUncertainty>
  </origin>
  <magnitude publicID="quakeml:eu.emsc/event/20041007_0000041/origin/1293813/mag/2">
    <mag>
      <value>1.8</value>
    </mag>
    <type>ML</type>
    <originID>quakeml:eu.emsc/event/20041007_0000041/origin/1293813</originID>
    <creationInfo>
      <agencyURI>smi:smi-registry/organization/EMSC</agencyURI>
      <authorURI>smi:smi-registry/organization/EMSC</authorURI>
    </creationInfo>
  </magnitude>
</event>
<event publicID="quakeml:eu.emsc/event/20041007_0000056">
  <preferredOriginID>quakeml:eu.emsc/event/20041007_0000056/origin/1299887</preferredOriginID>
  <preferredMagnitudeID>quakeml:eu.emsc/event/20041007_0000056/origin/1299887/mag/2</preferredMagnitudeID>
  <creationInfo>
    <agencyURI>smi:smi-registry/organization/EMSC</agencyURI>
    <authorURI>smi:smi-registry/organization/EMSC</authorURI>
    <creationTime>2014-12-03T10:52:24.112735Z</creationTime>
  </creationInfo>
  <description>
    <text>JAN MAYEN ISLAND REGION</text>
    <type>Flinn-Engdahl region</type>
  </description>
  <origin publicID="quakeml:eu.emsc/event/20041007_0000056/origin/1299887">
    <time>
      <value>2004-10-07T01:26:19.2Z</value>
      <uncertainty>0.28</uncertainty>
    </time>
    <latitude>
      <value>71.0338</value>
      <uncertainty>17.1</uncertainty>
    </latitude>
    <longitude>
      <value>-6.3069</value>
      <uncertainty>4.9</uncertainty>
    </longitude>
    <depth>
      <value>10000</value>
    </depth>
    <depthType>from location</depthType>
    <methodID>smi:eu.emsc-csem/origin_method/NA</methodID>
    <quality>
      <usedPhaseCount>14</usedPhaseCount>
      <usedStationCount>13</usedStationCount>
      <standardError>0.79</standardError>
      <azimuthalGap>170</azimuthalGap>
      <minimumDistance>0.65</minimumDistance>
      <maximumDistance>13.61</maximumDistance>
    </quality>
    <evaluationMode>manual</evaluationMode>
    <creationInfo>
      <agencyURI>smi:smi-registry/organization/EMSC</agencyURI>
      <authorURI>smi:smi-registry/organization/EMSC</authorURI>
    </creationInfo>
    <originUncertainty>
      <azimuthMaxHorizontalUncertainty>4</azimuthMaxHorizontalUncertainty>
    </originUncertainty>
  </origin>
  <magnitude publicID="quakeml:eu.emsc/event/20041007_0000056/origin/1299887/mag/2">
    <mag>
      <value>3.4</value>
    </mag>
    <type>ML</type>
    <originID>quakeml:eu.emsc/event/20041007_0000056/origin/1299887</originID>
    <creationInfo>
      <agencyURI>smi:smi-registry/organization/EMSC</agencyURI>
      <authorURI>smi:smi-registry/organization/EMSC</authorURI>
    </creationInfo>
  </magnitude>
</event>
<event publicID="quakeml:eu.emsc/event/20041007_0000035">
  <preferredOriginID>quakeml:eu.emsc/event/20041007_0000035/origin/1299891</preferredOriginID>
  <preferredMagnitudeID>quakeml:eu.emsc/event/20041007_0000035/origin/1299891/mag/2</preferredMagnitudeID>
  <creationInfo>
    <agencyURI>smi:smi-registry/organization/EMSC</agencyURI>
    <authorURI>smi:smi-registry/organization/EMSC</authorURI>
    <creationTime>2014-12-03T11:52:21.359Z</creationTime>
  </creationInfo>
  <description>
    <text>ALBANIA</text>
    <type>Flinn-Engdahl region</type>
  </description>
  <origin publicID="quakeml:eu.emsc/event/20041007_0000035/origin/1299891">
    <time>
      <value>2004-10-07T01:23:43.5Z</value>
      <uncertainty>0.62</uncertainty>
    </time>
    <latitude>
      <value>41.2781</value>
      <uncertainty>11.6</uncertainty>
    </latitude>
    <longitude>
      <value>19.7448</value>
      <uncertainty>5.4</uncertainty>
    </longitude>
    <depth>
      <value>2000</value>
    </depth>
    <depthType>from location</depthType>
    <methodID>smi:eu.emsc-csem/origin_method/NA</methodID>
    <quality>
      <usedPhaseCount>29</usedPhaseCount>
      <usedStationCount>17</usedStationCount>
      <standardError>1.15</standardError>
      <azimuthalGap>220</azimuthalGap>
      <minimumDistance>0.11</minimumDistance>
      <maximumDistance>2.07</maximumDistance>
    </quality>
    <evaluationMode>manual</evaluationMode>
    <creationInfo>
      <agencyURI>smi:smi-registry/organization/EMSC</agencyURI>
      <authorURI>smi:smi-registry/organization/EMSC</authorURI>
    </creationInfo>
    <originUncertainty>
      <azimuthMaxHorizontalUncertainty>31</azimuthMaxHorizontalUncertainty>
    </originUncertainty>
  </origin>
  <magnitude publicID="quakeml:eu.emsc/event/20041007_0000035/origin/1299891/mag/2">
    <mag>
      <value>2.5</value>
    </mag>
    <type>ML</type>
    <originID>quakeml:eu.emsc/event/20041007_0000035/origin/1299891</originID>
    <creationInfo>
      <agencyURI>smi:smi-registry/organization/EMSC</agencyURI>
      <authorURI>smi:smi-registry/organization/EMSC</authorURI>
    </creationInfo>
  </magnitude>
</event>
<event publicID="quakeml:eu.emsc/event/20041007_0000016">
  <preferredOriginID>quakeml:eu.emsc/event/20041007_0000016/origin/1299912</preferredOriginID>
  <preferredMagnitudeID>quakeml:eu.emsc/event/20041007_0000016/origin/1299912/mag/2</preferredMagnitudeID>
  <creationInfo>
    <agencyURI>smi:smi-registry/organization/EMSC</agencyURI>
    <authorURI>smi:smi-registry/organization/EMSC</authorURI>
    <creationTime>2014-12-03T13:17:04.341013Z</creationTime>
  </creationInfo>
  <description>
    <text>DODECANESE ISLANDS, GREECE</text>
    <type>Flinn-Engdahl region</type>
  </description>
  <origin publicID="quakeml:eu.emsc/event/20041007_0000016/origin/1299912">
    <time>
      <value>2004-10-07T01:05:12.8Z</value>
      <uncertainty>0.06</uncertainty>
    </time>
    <latitude>
      <value>36.4759</value>
      <uncertainty>2.8</uncertainty>
    </latitude>
    <longitude>
      <value>26.8276</value>
      <uncertainty>1.6</uncertainty>
    </longitude>
    <depth>
      <value>128400.0</value>
    </depth>
    <depthType>from location</depthType>
    <methodID>smi:eu.emsc-csem/origin_method/NA</methodID>
    <quality>
      <usedPhaseCount>739</usedPhaseCount>
      <usedStationCount>687</usedStationCount>
      <standardError>1.14</standardError>
      <azimuthalGap>24</azimuthalGap>
      <minimumDistance>0.28</minimumDistance>
      <maximumDistance>89.25</maximumDistance>
    </quality>
    <evaluationMode>manual</evaluationMode>
    <creationInfo>
      <agencyURI>smi:smi-registry/organization/EMSC</agencyURI>
      <authorURI>smi:smi-registry/organization/EMSC</authorURI>
    </creationInfo>
    <originUncertainty>
      <azimuthMaxHorizontalUncertainty>20</azimuthMaxHorizontalUncertainty>
    </originUncertainty>
  </origin>
  <magnitude publicID="quakeml:eu.emsc/event/20041007_0000016/origin/1299912/mag/2">
    <mag>
      <value>5.6</value>
      <uncertainty>0.3</uncertainty>
    </mag>
    <type>mb</type>
    <originID>quakeml:eu.emsc/event/20041007_0000016/origin/1299912</originID>
    <stationCount>99</stationCount>
    <creationInfo>
      <agencyURI>smi:smi-registry/organization/EMSC</agencyURI>
      <authorURI>smi:smi-registry/organization/EMSC</authorURI>
    </creationInfo>
  </magnitude>
</event>
<event publicID="quakeml:eu.emsc/event/20041007_0000048">
  <preferredOriginID>quakeml:eu.emsc/event/20041007_0000048/origin/1299914</preferredOriginID>
  <preferredMagnitudeID>quakeml:eu.emsc/event/20041007_0000048/origin/1299914/mag/2</preferredMagnitudeID>
  <creationInfo>
    <agencyURI>smi:smi-registry/organization/EMSC</agencyURI>
    <authorURI>smi:smi-registry/organization/EMSC</authorURI>
    <creationTime>2014-12-03T10:47:11.745459Z</creationTime>
  </creationInfo>
  <description>
    <text>FRANCE</text>
    <type>Flinn-Engdahl region</type>
  </description>
  <origin publicID="quakeml:eu.emsc/event/20041007_0000048/origin/1299914">
    <time>
      <value>2004-10-07T00:58:35.3Z</value>
      <uncertainty>0.55</uncertainty>
    </time>
    <latitude>
      <value>48.407</value>
      <uncertainty>14.4</uncertainty>
    </latitude>
    <longitude>
      <value>6.6616</value>
      <uncertainty>6.4</uncertainty>
    </longitude>
    <depth>
      <value>15000</value>
    </depth>
    <depthType>from location</depthType>
    <methodID>smi:eu.emsc-csem/origin_method/NA</methodID>
    <quality>
      <usedPhaseCount>9</usedPhaseCount>
      <usedStationCount>5</usedStationCount>
      <standardError>1.08</standardError>
      <azimuthalGap>190</azimuthalGap>
      <minimumDistance>0.38</minimumDistance>
      <maximumDistance>4.63</maximumDistance>
    </quality>
    <evaluationMode>manual</evaluationMode>
    <creationInfo>
      <agencyURI>smi:smi-registry/organization/EMSC</agencyURI>
      <authorURI>smi:smi-registry/organization/EMSC</authorURI>
    </creationInfo>
    <originUncertainty>
      <azimuthMaxHorizontalUncertainty>173</azimuthMaxHorizontalUncertainty>
    </originUncertainty>
  </origin>
  <magnitude publicID="quakeml:eu.emsc/event/20041007_0000048/origin/1299914/mag/2">
    <mag>
      <value>1.5</value>
    </mag>
    <type>ML</type>
    <originID>quakeml:eu.emsc/event/20041007_0000048/origin/1299914</originID>
    <creationInfo>
      <agencyURI>smi:smi-registry/organization/EMSC</agencyURI>
      <authorURI>smi:smi-registry/organization/EMSC</authorURI>
    </creationInfo>
  </magnitude>
</event>
<event publicID="quakeml:eu.emsc/event/20041007_0000040">
  <preferredOriginID>quakeml:eu.emsc/event/20041007_0000040/origin/1303241</preferredOriginID>
  <preferredMagnitudeID>quakeml:eu.emsc/event/20041007_0000040/origin/1303241/mag/1</preferredMagnitudeID>
  <creationInfo>
    <agencyURI>smi:smi-registry/organization/EMSC</agencyURI>
    <authorURI>smi:smi-registry/organization/EMSC</authorURI>
    <creationTime>2014-12-03T11:16:27.39706Z</creationTime>
  </creationInfo>
  <description>
    <text>PYRENEES</text>
    <type>Flinn-Engdahl region</type>
  </description>
  <origin publicID="quakeml:eu.emsc/event/20041007_0000040/origin/1303241">
    <time>
      <value>2004-10-07T00:35:19.8Z</value>
      <uncertainty>0.18</uncertainty>
    </time>
    <latitude>
      <value>42.3475</value>
      <uncertainty>3.7</uncertainty>
    </latitude>
    <longitude>
      <value>2.1725</value>
      <uncertainty>2.5</uncertainty>
    </longitude>
    <depth>
      <value>12000</value>
    </depth>
    <depthType>from location</depthType>
    <methodID>smi:eu.emsc-csem/origin_method/NA</methodID>
    <quality>
      <usedPhaseCount>46</usedPhaseCount>
      <usedStationCount>21</usedStationCount>
      <standardError>0.86</standardError>
      <azimuthalGap>95</azimuthalGap>
      <minimumDistance>0.06</minimumDistance>
      <maximumDistance>2.99</maximumDistance>
    </quality>
    <evaluationMode>manual</evaluationMode>
    <creationInfo>
      <agencyURI>smi:smi-registry/organization/EMSC</agencyURI>
      <authorURI>smi:smi-registry/organization/EMSC</authorURI>
    </creationInfo>
    <originUncertainty>
      <azimuthMaxHorizontalUncertainty>136</azimuthMaxHorizontalUncertainty>
    </originUncertainty>
  </origin>
  <magnitude publicID="quakeml:eu.emsc/event/20041007_0000040/origin/1303241/mag/1">
    <mag>
      <value>2.3</value>
      <uncertainty>0.4</uncertainty>
    </mag>
    <type>ML</type>
    <originID>quakeml:eu.emsc/event/20041007_0000040/origin/1303241</originID>
    <stationCount>13</stationCount>
    <creationInfo>
      <agencyURI>smi:smi-registry/organization/EMSC</agencyURI>
      <authorURI>smi:smi-registry/organization/EMSC</authorURI>
    </creationInfo>
  </magnitude>
</event>
</eventParameters>
</q:quakeml>
