<?xml version="1.0"?>
<q:quakeml xmlns:q="http://quakeml.org/xmlns/quakeml/1.2"  xmlns="http://quakeml.org/xmlns/bed/1.2">
<eventParameters publicID="smi:eu.emsc/unid">
<event publicID="quakeml:eu.emsc/event/20040124_0000016">
  <preferredOriginID>quakeml:eu.emsc/event/20040124_0000016/origin/1348174</preferredOriginID>
  <preferredMagnitudeID>quakeml:eu.emsc/event/20040124_0000016/origin/1348174/mag/1</preferredMagnitudeID>
  <creationInfo>
    <agencyURI>smi:smi-registry/organization/EMSC</agencyURI>
    <authorURI>smi:smi-registry/organization/EMSC</authorURI>
    <creationTime>2014-12-03T16:44:21.368614Z</creationTime>
  </creationInfo>
  <description>
    <text>FRANCE</text>
    <type>Flinn-Engdahl region</type>
  </description>
  <origin publicID="quakeml:eu.emsc/event/20040124_0000016/origin/1348174">
    <time>
      <value>2004-01-24T23:48:55.6Z</value>
      <uncertainty>0.07</uncertainty>
    </time>
    <latitude>
      <value>44.4234</value>
      <uncertainty>2</uncertainty>
    </latitude>
    <longitude>
      <value>6.7543</value>
      <uncertainty>1.1</uncertainty>
    </longitude>
    <depth>
      <value>10000</value>
    </depth>
    <depthType>from location</depthType>
    <methodID>smi:eu.emsc-csem/origin_method/NA</methodID>
    <quality>
      <usedPhaseCount>23</usedPhaseCount>
      <usedStationCount>12</usedStationCount>
      <standardError>0.4</standardError>
      <azimuthalGap>90</azimuthalGap>
      <minimumDistance>0.07</minimumDistance>
      <maximumDistance>1.1</maximumDistance>
    </quality>
    <evaluationMode>manual</evaluationMode>
    <creationInfo>
      <agencyURI>smi:smi-registry/organization/EMSC</agencyURI>
      <authorURI>smi:smi-registry/organization/EMSC</authorURI>
    </creationInfo>
    <originUncertainty>
      <azimuthMaxHorizontalUncertainty>76</azimuthMaxHorizontalUncertainty>
    </originUncertainty>
  </origin>
  <magnitude publicID="quakeml:eu.emsc/event/20040124_0000016/origin/1348174/mag/1">
    <mag>
      <value>1.7</value>
      <uncertainty>0.4</uncertainty>
    </mag>
    <type>ML</type>
    <originID>quakeml:eu.emsc/event/20040124_0000016/origin/1348174</originID>
    <stationCount>8</stationCount>
    <creationInfo>
      <agencyURI>smi:smi-registry/organization/EMSC</agencyURI>
      <authorURI>smi:smi-registry/organization/EMSC</authorURI>
    </creationInfo>
  </magnitude>
</event>
<event publicID="quakeml:eu.emsc/event/20040124_0000011">
  <preferredOriginID>quakeml:eu.emsc/event/20040124_0000011/origin/1348486</preferredOriginID>
  <preferredMagnitudeID>quakeml:eu.emsc/event/20040124_0000011/origin/1348486/mag/2</preferredMagnitudeID>
  <creationInfo>
    <agencyURI>smi:smi-registry/organization/EMSC</agencyURI>
    <authorURI>smi:smi-registry/organization/EMSC</authorURI>
    <creationTime>2014-12-03T12:03:40.781738Z</creationTime>
  </creationInfo>
  <description>
    <text>GREECE</text>
    <type>Flinn-Engdahl region</type>
  </description>
  <origin publicID="quakeml:eu.emsc/event/20040124_0000011/origin/1348486">
    <time>
      <value>2004-01-24T17:50:52.0Z</value>
      <uncertainty>0.33</uncertainty>
    </time>
    <latitude>
      <value>38.268</value>
      <uncertainty>10.1</uncertainty>
    </latitude>
    <longitude>
      <value>21.6045</value>
      <uncertainty>9.4</uncertainty>
    </longitude>
    <depth>
      <value>26100.0</value>
      <uncertainty>4</uncertainty>
    </depth>
    <depthType>from location</depthType>
    <methodID>smi:eu.emsc-csem/origin_method/NA</methodID>
    <quality>
      <usedPhaseCount>6</usedPhaseCount>
      <usedStationCount>6</usedStationCount>
      <standardError>0.35</standardError>
      <azimuthalGap>96</azimuthalGap>
      <minimumDistance>0.24</minimumDistance>
      <maximumDistance>1.16</maximumDistance>
    </quality>
    <evaluationMode>manual</evaluationMode>
    <creationInfo>
      <agencyURI>smi:smi-registry/organization/EMSC</agencyURI>
      <authorURI>smi:smi-registry/organization/EMSC</authorURI>
    </creationInfo>
    <originUncertainty>
      <azimuthMaxHorizontalUncertainty>46</azimuthMaxHorizontalUncertainty>
    </originUncertainty>
  </origin>
  <magnitude publicID="quakeml:eu.emsc/event/20040124_0000011/origin/1348486/mag/2">
    <mag>
      <value>3</value>
    </mag>
    <type>MD</type>
    <originID>quakeml:eu.emsc/event/20040124_0000011/origin/1348486</originID>
    <creationInfo>
      <agencyURI>smi:smi-registry/organization/EMSC</agencyURI>
      <authorURI>smi:smi-registry/organization/EMSC</authorURI>
    </creationInfo>
  </magnitude>
</event>
<event publicID="quakeml:eu.emsc/event/20040124_0000012">
  <preferredOriginID>quakeml:eu.emsc/event/20040124_0000012/origin/1311214</preferredOriginID>
  <preferredMagnitudeID>quakeml:eu.emsc/event/20040124_0000012/origin/1311214/mag/2</preferredMagnitudeID>
  <creationInfo>
    <agencyURI>smi:smi-registry/organization/EMSC</agencyURI>
    <authorURI>smi:smi-registry/organization/EMSC</authorURI>
    <creationTime>2014-12-10T23:35:39.5632Z</creationTime>
  </creationInfo>
  <description>
    <text>SOUTHERN GREECE</text>
    <type>Flinn-Engdahl region</type>
  </description>
  <origin publicID="quakeml:eu.emsc/event/20040124_0000012/origin/1311214">
    <time>
      <value>2004-01-24T17:00:02.0Z</value>
    </time>
    <latitude>
      <value>36.94</value>
      <uncertainty>9999.9</uncertainty>
    </latitude>
    <longitude>
      <value>21.49</value>
      <uncertainty>9999.9</uncertainty>
    </longitude>
    <depth>
      <value>5000</value>
    </depth>
    <depthType>from location</depthType>
    <methodID>smi:eu.emsc-csem/origin_method/NA</methodID>
    <quality>
      <usedPhaseCount>5</usedPhaseCount>
      <usedStationCount>5</usedStationCount>
      <standardError>1.76</standardError>
      <azimuthalGap>212</azimuthalGap>
      <minimumDistance>0.42</minimumDistance>
      <maximumDistance>1.99</maximumDistance>
    </quality>
    <evaluationMode>manual</evaluationMode>
    <creationInfo>
      <agencyURI>smi:smi-registry/organization/EMSC</agencyURI>
      <authorURI>smi:smi-registry/organization/EMSC</authorURI>
    </creationInfo>
    <originUncertainty>
      <azimuthMaxHorizontalUncertainty>-99</azimuthMaxHorizontalUncertainty>
    </originUncertainty>
  </origin>
  <magnitude publicID="quakeml:eu.emsc/event/20040124_0000012/origin/1311214/mag/2">
    <mag>
      <value>3.2</value>
    </mag>
    <type>MD</type>
    <originID>quakeml:eu.emsc/event/20040124_0000012/origin/1311214</originID>
    <creationInfo>
      <agencyURI>smi:smi-registry/organization/EMSC</agencyURI>
      <authorURI>smi:smi-registry/organization/EMSC</authorURI>
    </creationInfo>
  </magnitude>
</event>
<event publicID="quakeml:eu.emsc/event/20040124_0000010">
  <preferredOriginID>quakeml:eu.emsc/event/20040124_0000010/origin/1349539</preferredOriginID>
  <preferredMagnitudeID>quakeml:eu.emsc/event/20040124_0000010/origin/1349539/mag/2</preferredMagnitudeID>
  <creationInfo>
    <agencyURI>smi:smi-registry/organization/EMSC</agencyURI>
    <authorURI>smi:smi-registry/organization/EMSC</authorURI>
    <creationTime>2014-12-03T11:29:18.676668Z</creationTime>
  </creationInfo>
  <description>
    <text>NORTHERN MID-ATLANTIC RIDGE</text>
    <type>Flinn-Engdahl region</type>
  </description>
  <origin publicID="quakeml:eu.emsc/event/20040124_0000010/origin/1349539">
    <time>
      <value>2004-01-24T13:01:52.5Z</value>
      <uncertainty>3.21</uncertainty>
    </time>
    <latitude>
      <value>52.2658</value>
      <uncertainty>99.4</uncertainty>
    </latitude>
    <longitude>
      <value>-29.0319</value>
      <uncertainty>7.2</uncertainty>
    </longitude>
    <depth>
      <value>14700.0</value>
    </depth>
    <depthType>from location</depthType>
    <methodID>smi:eu.emsc-csem/origin_method/NA</methodID>
    <quality>
      <usedPhaseCount>44</usedPhaseCount>
      <usedStationCount>43</usedStationCount>
      <standardError>0.59</standardError>
      <azimuthalGap>291</azimuthalGap>
      <minimumDistance>16.38</minimumDistance>
      <maximumDistance>25.93</maximumDistance>
    </quality>
    <evaluationMode>manual</evaluationMode>
    <creationInfo>
      <agencyURI>smi:smi-registry/organization/EMSC</agencyURI>
      <authorURI>smi:smi-registry/organization/EMSC</authorURI>
    </creationInfo>
    <originUncertainty>
      <azimuthMaxHorizontalUncertainty>82</azimuthMaxHorizontalUncertainty>
    </originUncertainty>
  </origin>
  <magnitude publicID="quakeml:eu.emsc/event/20040124_0000010/origin/1349539/mag/2">
    <mag>
      <value>5.7</value>
      <uncertainty>0.3</uncertainty>
    </mag>
    <type>mb</type>
    <originID>quakeml:eu.emsc/event/20040124_0000010/origin/1349539</originID>
    <stationCount>26</stationCount>
    <creationInfo>
      <agencyURI>smi:smi-registry/organization/EMSC</agencyURI>
      <authorURI>smi:smi-registry/organization/EMSC</authorURI>
    </creationInfo>
  </magnitude>
</event>
<event publicID="quakeml:eu.emsc/event/20040124_0000009">
  <preferredOriginID>quakeml:eu.emsc/event/20040124_0000009/origin/1348489</preferredOriginID>
  <preferredMagnitudeID>quakeml:eu.emsc/event/20040124_0000009/origin/1348489/mag/2</preferredMagnitudeID>
  <creationInfo>
    <agencyURI>smi:smi-registry/organization/EMSC</agencyURI>
    <authorURI>smi:smi-registry/organization/EMSC</authorURI>
    <creationTime>2014-12-03T12:17:34.196024Z</creationTime>
  </creationInfo>
  <description>
    <text>SICILY, ITALY</text>
    <type>Flinn-Engdahl region</type>
  </description>
  <origin publicID="quakeml:eu.emsc/event/20040124_0000009/origin/1348489">
    <time>
      <value>2004-01-24T12:47:21.6Z</value>
      <uncertainty>0.3</uncertainty>
    </time>
    <latitude>
      <value>38.4743</value>
      <uncertainty>8.1</uncertainty>
    </latitude>
    <longitude>
      <value>13.5467</value>
      <uncertainty>5.6</uncertainty>
    </longitude>
    <depth>
      <value>8000</value>
    </depth>
    <depthType>from location</depthType>
    <methodID>smi:eu.emsc-csem/origin_method/NA</methodID>
    <quality>
      <usedPhaseCount>18</usedPhaseCount>
      <usedStationCount>18</usedStationCount>
      <standardError>1.01</standardError>
      <azimuthalGap>120</azimuthalGap>
      <minimumDistance>0.61</minimumDistance>
      <maximumDistance>7.77</maximumDistance>
    </quality>
    <evaluationMode>manual</evaluationMode>
    <creationInfo>
      <agencyURI>smi:smi-registry/organization/EMSC</agencyURI>
      <authorURI>smi:smi-registry/organization/EMSC</authorURI>
    </creationInfo>
    <originUncertainty>
      <azimuthMaxHorizontalUncertainty>91</azimuthMaxHorizontalUncertainty>
    </originUncertainty>
  </origin>
  <magnitude publicID="quakeml:eu.emsc/event/20040124_0000009/origin/1348489/mag/2">
    <mag>
      <value>3</value>
    </mag>
    <type>ML</type>
    <originID>quakeml:eu.emsc/event/20040124_0000009/origin/1348489</originID>
    <stationCount>7</stationCount>
    <creationInfo>
      <agencyURI>smi:smi-registry/organization/EMSC</agencyURI>
      <authorURI>smi:smi-registry/organization/EMSC</authorURI>
    </creationInfo>
  </magnitude>
</event>
<event publicID="quakeml:eu.emsc/event/20040124_0000006">
  <preferredOriginID>quakeml:eu.emsc/event/20040124_0000006/origin/1311216</preferredOriginID>
  <preferredMagnitudeID>quakeml:eu.emsc/event/20040124_0000006/origin/1311216/mag/2</preferredMagnitudeID>
  <creationInfo>
    <agencyURI>smi:smi-registry/organization/EMSC</agencyURI>
    <authorURI>smi:smi-registry/organization/EMSC</authorURI>
    <creationTime>2014-12-10T23:35:22.13991Z</creationTime>
  </creationInfo>
  <description>
    <text>NORTHWESTERN RUSSIA</text>
    <type>Flinn-Engdahl region</type>
  </description>
  <origin publicID="quakeml:eu.emsc/event/20040124_0000006/origin/1311216">
    <time>
      <value>2004-01-24T11:18:44.0Z</value>
    </time>
    <latitude>
      <value>67.603</value>
      <uncertainty>9999.9</uncertainty>
    </latitude>
    <longitude>
      <value>30.443</value>
      <uncertainty>9999.9</uncertainty>
    </longitude>
    <depth>
      <value>0</value>
    </depth>
    <depthType>from location</depthType>
    <methodID>smi:eu.emsc-csem/origin_method/NA</methodID>
    <quality>
      <usedPhaseCount>11</usedPhaseCount>
      <usedStationCount>5</usedStationCount>
      <standardError>2.49</standardError>
      <azimuthalGap>227</azimuthalGap>
      <minimumDistance>1.51</minimumDistance>
      <maximumDistance>3.12</maximumDistance>
    </quality>
    <evaluationMode>manual</evaluationMode>
    <creationInfo>
      <agencyURI>smi:smi-registry/organization/EMSC</agencyURI>
      <authorURI>smi:smi-registry/organization/EMSC</authorURI>
    </creationInfo>
    <originUncertainty>
      <azimuthMaxHorizontalUncertainty>-99</azimuthMaxHorizontalUncertainty>
    </originUncertainty>
  </origin>
  <magnitude publicID="quakeml:eu.emsc/event/20040124_0000006/origin/1311216/mag/2">
    <mag>
      <value>2</value>
    </mag>
    <type>ML</type>
    <originID>quakeml:eu.emsc/event/20040124_0000006/origin/1311216</originID>
    <creationInfo>
      <agencyURI>smi:smi-registry/organization/EMSC</agencyURI>
      <authorURI>smi:smi-registry/organization/EMSC</authorURI>
    </creationInfo>
  </magnitude>
</event>
<event publicID="quakeml:eu.emsc/event/20040124_0000015">
  <preferredOriginID>quakeml:eu.emsc/event/20040124_0000015/origin/1348078</preferredOriginID>
  <preferredMagnitudeID>quakeml:eu.emsc/event/20040124_0000015/origin/1348078/mag/1</preferredMagnitudeID>
  <creationInfo>
    <agencyURI>smi:smi-registry/organization/EMSC</agencyURI>
    <authorURI>smi:smi-registry/organization/EMSC</authorURI>
    <creationTime>2014-12-03T16:40:39.844339Z</creationTime>
  </creationInfo>
  <description>
    <text>PYRENEES</text>
    <type>Flinn-Engdahl region</type>
  </description>
  <origin publicID="quakeml:eu.emsc/event/20040124_0000015/origin/1348078">
    <time>
      <value>2004-01-24T10:02:07.9Z</value>
      <uncertainty>0.23</uncertainty>
    </time>
    <latitude>
      <value>43.164</value>
      <uncertainty>4.8</uncertainty>
    </latitude>
    <longitude>
      <value>-1.35</value>
      <uncertainty>2</uncertainty>
    </longitude>
    <depth>
      <value>18400.0</value>
      <uncertainty>1.8</uncertainty>
    </depth>
    <depthType>from location</depthType>
    <methodID>smi:eu.emsc-csem/origin_method/NA</methodID>
    <quality>
      <usedPhaseCount>11</usedPhaseCount>
      <usedStationCount>6</usedStationCount>
      <standardError>0.39</standardError>
      <azimuthalGap>159</azimuthalGap>
      <minimumDistance>0.1</minimumDistance>
      <maximumDistance>1.58</maximumDistance>
    </quality>
    <evaluationMode>manual</evaluationMode>
    <creationInfo>
      <agencyURI>smi:smi-registry/organization/EMSC</agencyURI>
      <authorURI>smi:smi-registry/organization/EMSC</authorURI>
    </creationInfo>
  </origin>
  <magnitude publicID="quakeml:eu.emsc/event/20040124_0000015/origin/1348078/mag/1">
    <mag>
      <value>1.9</value>
      <uncertainty>0.4</uncertainty>
    </mag>
    <type>ML</type>
    <originID>quakeml:eu.emsc/event/20040124_0000015/origin/1348078</originID>
    <stationCount>5</stationCount>
    <creationInfo>
      <agencyURI>smi:smi-registry/organization/EMSC</agencyURI>
      <authorURI>smi:smi-registry/organization/EMSC</authorURI>
    </creationInfo>
  </magnitude>
</event>
<event publicID="quakeml:eu.emsc/event/20040124_0000017">
  <preferredOriginID>quakeml:eu.emsc/event/20040124_0000017/origin/1348178</preferredOriginID>
  <preferredMagnitudeID>quakeml:eu.emsc/event/20040124_0000017/origin/1348178/mag/1</preferredMagnitudeID>
  <creationInfo>
    <agencyURI>smi:smi-registry/organization/EMSC</agencyURI>
    <authorURI>smi:smi-registry/organization/EMSC</authorURI>
    <creationTime>2014-12-03T16:55:22.158536Z</creationTime>
  </creationInfo>
  <description>
    <text>PYRENEES</text>
    <type>Flinn-Engdahl region</type>
  </description>
  <origin publicID="quakeml:eu.emsc/event/20040124_0000017/origin/1348178">
    <time>
      <value>2004-01-24T10:00:33.3Z</value>
      <uncertainty>0.14</uncertainty>
    </time>
    <latitude>
      <value>43.2108</value>
      <uncertainty>2.9</uncertainty>
    </latitude>
    <longitude>
      <value>-1.3545</value>
      <uncertainty>2.8</uncertainty>
    </longitude>
    <depth>
      <value>19300.0</value>
    </depth>
    <depthType>from location</depthType>
    <methodID>smi:eu.emsc-csem/origin_method/NA</methodID>
    <quality>
      <usedPhaseCount>72</usedPhaseCount>
      <usedStationCount>36</usedStationCount>
      <standardError>1.33</standardError>
      <azimuthalGap>70</azimuthalGap>
      <minimumDistance>0.08</minimumDistance>
      <maximumDistance>5.59</maximumDistance>
    </quality>
    <evaluationMode>manual</evaluationMode>
    <creationInfo>
      <agencyURI>smi:smi-registry/organization/EMSC</agencyURI>
      <authorURI>smi:smi-registry/organization/EMSC</authorURI>
    </creationInfo>
    <originUncertainty>
      <azimuthMaxHorizontalUncertainty>34</azimuthMaxHorizontalUncertainty>
    </originUncertainty>
  </origin>
  <magnitude publicID="quakeml:eu.emsc/event/20040124_0000017/origin/1348178/mag/1">
    <mag>
      <value>2.7</value>
      <uncertainty>0.3</uncertainty>
    </mag>
    <type>ML</type>
    <originID>quakeml:eu.emsc/event/20040124_0000017/origin/1348178</originID>
    <stationCount>20</stationCount>
    <creationInfo>
      <agencyURI>smi:smi-registry/organization/EMSC</agencyURI>
      <authorURI>smi:smi-registry/organization/EMSC</authorURI>
    </creationInfo>
  </magnitude>
</event>
<event publicID="quakeml:eu.emsc/event/20040124_0000007">
  <preferredOriginID>quakeml:eu.emsc/event/20040124_0000007/origin/1311218</preferredOriginID>
  <preferredMagnitudeID>quakeml:eu.emsc/event/20040124_0000007/origin/1311218/mag/2</preferredMagnitudeID>
  <creationInfo>
    <agencyURI>smi:smi-registry/organization/EMSC</agencyURI>
    <authorURI>smi:smi-registry/organization/EMSC</authorURI>
    <creationTime>2014-12-10T23:35:24.745028Z</creationTime>
  </creationInfo>
  <description>
    <text>NEAR THE COAST OF WESTERN TURKEY</text>
    <type>Flinn-Engdahl region</type>
  </description>
  <origin publicID="quakeml:eu.emsc/event/20040124_0000007/origin/1311218">
    <time>
      <value>2004-01-24T07:59:08.8Z</value>
    </time>
    <latitude>
      <value>39.032</value>
      <uncertainty>9999.9</uncertainty>
    </latitude>
    <longitude>
      <value>26.736</value>
      <uncertainty>9999.9</uncertainty>
    </longitude>
    <depth>
      <value>14000</value>
    </depth>
    <depthType>from location</depthType>
    <methodID>smi:eu.emsc-csem/origin_method/NA</methodID>
    <quality>
      <usedPhaseCount>5</usedPhaseCount>
      <usedStationCount>4</usedStationCount>
      <standardError>1.09</standardError>
      <azimuthalGap>304</azimuthalGap>
      <minimumDistance>0.85</minimumDistance>
      <maximumDistance>1.95</maximumDistance>
    </quality>
    <evaluationMode>manual</evaluationMode>
    <creationInfo>
      <agencyURI>smi:smi-registry/organization/EMSC</agencyURI>
      <authorURI>smi:smi-registry/organization/EMSC</authorURI>
    </creationInfo>
    <originUncertainty>
      <azimuthMaxHorizontalUncertainty>-99</azimuthMaxHorizontalUncertainty>
    </originUncertainty>
  </origin>
  <magnitude publicID="quakeml:eu.emsc/event/20040124_0000007/origin/1311218/mag/2">
    <mag>
      <value>3.2</value>
    </mag>
    <type>MD</type>
    <originID>quakeml:eu.emsc/event/20040124_0000007/origin/1311218</originID>
    <creationInfo>
      <agencyURI>smi:smi-registry/organization/EMSC</agencyURI>
      <authorURI>smi:smi-registry/organization/EMSC</authorURI>
    </creationInfo>
  </magnitude>
</event>
<event publicID="quakeml:eu.emsc/event/20040124_0000004">
  <preferredOriginID>quakeml:eu.emsc/event/20040124_0000004/origin/1348499</preferredOriginID>
  <preferredMagnitudeID>quakeml:eu.emsc/event/20040124_0000004/origin/1348499/mag/2</preferredMagnitudeID>
  <creationInfo>
    <agencyURI>smi:smi-registry/organization/EMSC</agencyURI>
    <authorURI>smi:smi-registry/organization/EMSC</authorURI>
    <creationTime>2014-12-03T11:17:24.126464Z</creationTime>
  </creationInfo>
  <description>
    <text>WESTERN IRAN</text>
    <type>Flinn-Engdahl region</type>
  </description>
  <origin publicID="quakeml:eu.emsc/event/20040124_0000004/origin/1348499">
    <time>
      <value>2004-01-24T07:48:09.3Z</value>
      <uncertainty>0.29</uncertainty>
    </time>
    <latitude>
      <value>32.0306</value>
      <uncertainty>16.6</uncertainty>
    </latitude>
    <longitude>
      <value>49.5001</value>
      <uncertainty>4.7</uncertainty>
    </longitude>
    <depth>
      <value>2000</value>
    </depth>
    <depthType>from location</depthType>
    <methodID>smi:eu.emsc-csem/origin_method/NA</methodID>
    <quality>
      <usedPhaseCount>20</usedPhaseCount>
      <usedStationCount>16</usedStationCount>
      <standardError>0.8</standardError>
      <azimuthalGap>173</azimuthalGap>
      <minimumDistance>2.91</minimumDistance>
      <maximumDistance>38.23</maximumDistance>
    </quality>
    <evaluationMode>manual</evaluationMode>
    <creationInfo>
      <agencyURI>smi:smi-registry/organization/EMSC</agencyURI>
      <authorURI>smi:smi-registry/organization/EMSC</authorURI>
    </creationInfo>
    <originUncertainty>
      <azimuthMaxHorizontalUncertainty>108</azimuthMaxHorizontalUncertainty>
    </originUncertainty>
  </origin>
  <magnitude publicID="quakeml:eu.emsc/event/20040124_0000004/origin/1348499/mag/2">
    <mag>
      <value>4.1</value>
    </mag>
    <type>mb</type>
    <originID>quakeml:eu.emsc/event/20040124_0000004/origin/1348499</originID>
    <stationCount>4</stationCount>
    <creationInfo>
      <agencyURI>smi:smi-registry/organization/EMSC</agencyURI>
      <authorURI>smi:smi-registry/organization/EMSC</authorURI>
    </creationInfo>
  </magnitude>
</event>
<event publicID="quakeml:eu.emsc/event/20040124_0000005">
  <preferredOriginID>quakeml:eu.emsc/event/20040124_0000005/origin/1311220</preferredOriginID>
  <preferredMagnitudeID>quakeml:eu.emsc/event/20040124_0000005/origin/1311220/mag/2</preferredMagnitudeID>
  <creationInfo>
    <agencyURI>smi:smi-registry/organization/EMSC</agencyURI>
    <authorURI>smi:smi-registry/organization/EMSC</authorURI>
    <creationTime>2014-12-10T23:35:17.938471Z</creationTime>
  </creationInfo>
  <description>
    <text>GREECE</text>
    <type>Flinn-Engdahl region</type>
  </description>
  <origin publicID="quakeml:eu.emsc/event/20040124_0000005/origin/1311220">
    <time>
      <value>2004-01-24T04:55:17.8Z</value>
    </time>
    <latitude>
      <value>38.08</value>
      <uncertainty>9999.9</uncertainty>
    </latitude>
    <longitude>
      <value>22.67</value>
      <uncertainty>9999.9</uncertainty>
    </longitude>
    <depth>
      <value>3000</value>
    </depth>
    <depthType>from location</depthType>
    <methodID>smi:eu.emsc-csem/origin_method/NA</methodID>
    <quality>
      <usedPhaseCount>5</usedPhaseCount>
      <usedStationCount>5</usedStationCount>
      <standardError>1.12</standardError>
      <azimuthalGap>146</azimuthalGap>
      <minimumDistance>0.63</minimumDistance>
      <maximumDistance>1.38</maximumDistance>
    </quality>
    <evaluationMode>manual</evaluationMode>
    <creationInfo>
      <agencyURI>smi:smi-registry/organization/EMSC</agencyURI>
      <authorURI>smi:smi-registry/organization/EMSC</authorURI>
    </creationInfo>
    <originUncertainty>
      <azimuthMaxHorizontalUncertainty>-99</azimuthMaxHorizontalUncertainty>
    </originUncertainty>
  </origin>
  <magnitude publicID="quakeml:eu.emsc/event/20040124_0000005/origin/1311220/mag/2">
    <mag>
      <value>3.6</value>
    </mag>
    <type>MD</type>
    <originID>quakeml:eu.emsc/event/20040124_0000005/origin/1311220</originID>
    <creationInfo>
      <agencyURI>smi:smi-registry/organization/EMSC</agencyURI>
      <authorURI>smi:smi-registry/organization/EMSC</authorURI>
    </creationInfo>
  </magnitude>
</event>
<event publicID="quakeml:eu.emsc/event/20040124_0000001">
  <preferredOriginID>quakeml:eu.emsc/event/20040124_0000001/origin/1348528</preferredOriginID>
  <preferredMagnitudeID>quakeml:eu.emsc/event/20040124_0000001/origin/1348528/mag/1</preferredMagnitudeID>
  <creationInfo>
    <agencyURI>smi:smi-registry/organization/EMSC</agencyURI>
    <authorURI>smi:smi-registry/organization/EMSC</authorURI>
    <creationTime>2014-12-03T11:36:33.737342Z</creationTime>
  </creationInfo>
  <description>
    <text>TURKEY-IRAN BORDER REGION</text>
    <type>Flinn-Engdahl region</type>
  </description>
  <origin publicID="quakeml:eu.emsc/event/20040124_0000001/origin/1348528">
    <time>
      <value>2004-01-24T04:40:42.0Z</value>
      <uncertainty>0.35</uncertainty>
    </time>
    <latitude>
      <value>38.0957</value>
      <uncertainty>11.8</uncertainty>
    </latitude>
    <longitude>
      <value>44.9003</value>
      <uncertainty>8.2</uncertainty>
    </longitude>
    <depth>
      <value>2000</value>
    </depth>
    <depthType>from location</depthType>
    <methodID>smi:eu.emsc-csem/origin_method/NA</methodID>
    <quality>
      <usedPhaseCount>50</usedPhaseCount>
      <usedStationCount>49</usedStationCount>
      <standardError>1.17</standardError>
      <azimuthalGap>133</azimuthalGap>
      <minimumDistance>2.82</minimumDistance>
      <maximumDistance>78.12</maximumDistance>
    </quality>
    <evaluationMode>manual</evaluationMode>
    <creationInfo>
      <agencyURI>smi:smi-registry/organization/EMSC</agencyURI>
      <authorURI>smi:smi-registry/organization/EMSC</authorURI>
    </creationInfo>
    <originUncertainty>
      <azimuthMaxHorizontalUncertainty>140</azimuthMaxHorizontalUncertainty>
    </originUncertainty>
  </origin>
  <magnitude publicID="quakeml:eu.emsc/event/20040124_0000001/origin/1348528/mag/1">
    <mag>
      <value>4.8</value>
      <uncertainty>0.4</uncertainty>
    </mag>
    <type>mb</type>
    <originID>quakeml:eu.emsc/event/20040124_0000001/origin/1348528</originID>
    <stationCount>7</stationCount>
    <creationInfo>
      <agencyURI>smi:smi-registry/organization/EMSC</agencyURI>
      <authorURI>smi:smi-registry/organization/EMSC</authorURI>
    </creationInfo>
  </magnitude>
</event>
<event publicID="quakeml:eu.emsc/event/20040124_0000003">
  <preferredOriginID>quakeml:eu.emsc/event/20040124_0000003/origin/1311222</preferredOriginID>
  <preferredMagnitudeID>quakeml:eu.emsc/event/20040124_0000003/origin/1311222/mag/2</preferredMagnitudeID>
  <creationInfo>
    <agencyURI>smi:smi-registry/organization/EMSC</agencyURI>
    <authorURI>smi:smi-registry/organization/EMSC</authorURI>
    <creationTime>2014-12-10T23:35:11.49069Z</creationTime>
  </creationInfo>
  <description>
    <text>GREECE</text>
    <type>Flinn-Engdahl region</type>
  </description>
  <origin publicID="quakeml:eu.emsc/event/20040124_0000003/origin/1311222">
    <time>
      <value>2004-01-24T01:28:40.7Z</value>
    </time>
    <latitude>
      <value>38.67</value>
      <uncertainty>9999.9</uncertainty>
    </latitude>
    <longitude>
      <value>22.49</value>
      <uncertainty>9999.9</uncertainty>
    </longitude>
    <depth>
      <value>14000</value>
    </depth>
    <depthType>from location</depthType>
    <methodID>smi:eu.emsc-csem/origin_method/NA</methodID>
    <quality>
      <usedPhaseCount>10</usedPhaseCount>
      <usedStationCount>7</usedStationCount>
      <standardError>0.9</standardError>
      <azimuthalGap>107</azimuthalGap>
      <minimumDistance>0.4</minimumDistance>
      <maximumDistance>1.61</maximumDistance>
    </quality>
    <evaluationMode>manual</evaluationMode>
    <creationInfo>
      <agencyURI>smi:smi-registry/organization/EMSC</agencyURI>
      <authorURI>smi:smi-registry/organization/EMSC</authorURI>
    </creationInfo>
    <originUncertainty>
      <azimuthMaxHorizontalUncertainty>-99</azimuthMaxHorizontalUncertainty>
    </originUncertainty>
  </origin>
  <magnitude publicID="quakeml:eu.emsc/event/20040124_0000003/origin/1311222/mag/2">
    <mag>
      <value>3</value>
    </mag>
    <type>ML</type>
    <originID>quakeml:eu.emsc/event/20040124_0000003/origin/1311222</originID>
    <creationInfo>
      <agencyURI>smi:smi-registry/organization/EMSC</agencyURI>
      <authorURI>smi:smi-registry/organization/EMSC</authorURI>
    </creationInfo>
  </magnitude>
</event>
<event publicID="quakeml:eu.emsc/event/20040124_0000002">
  <preferredOriginID>quakeml:eu.emsc/event/20040124_0000002/origin/1348504</preferredOriginID>
  <preferredMagnitudeID>quakeml:eu.emsc/event/20040124_0000002/origin/1348504/mag/1</preferredMagnitudeID>
  <creationInfo>
    <agencyURI>smi:smi-registry/organization/EMSC</agencyURI>
    <authorURI>smi:smi-registry/organization/EMSC</authorURI>
    <creationTime>2014-12-03T10:29:09.713404Z</creationTime>
  </creationInfo>
  <description>
    <text>NORTHERN ITALY</text>
    <type>Flinn-Engdahl region</type>
  </description>
  <origin publicID="quakeml:eu.emsc/event/20040124_0000002/origin/1348504">
    <time>
      <value>2004-01-24T00:25:36.1Z</value>
      <uncertainty>0.21</uncertainty>
    </time>
    <latitude>
      <value>44.3362</value>
      <uncertainty>4.7</uncertainty>
    </latitude>
    <longitude>
      <value>11.4604</value>
      <uncertainty>3</uncertainty>
    </longitude>
    <depth>
      <value>17200.0</value>
      <uncertainty>2.3</uncertainty>
    </depth>
    <depthType>from location</depthType>
    <methodID>smi:eu.emsc-csem/origin_method/NA</methodID>
    <quality>
      <usedPhaseCount>91</usedPhaseCount>
      <usedStationCount>69</usedStationCount>
      <standardError>1.01</standardError>
      <azimuthalGap>57</azimuthalGap>
      <minimumDistance>0.38</minimumDistance>
      <maximumDistance>10.76</maximumDistance>
    </quality>
    <evaluationMode>manual</evaluationMode>
    <creationInfo>
      <agencyURI>smi:smi-registry/organization/EMSC</agencyURI>
      <authorURI>smi:smi-registry/organization/EMSC</authorURI>
    </creationInfo>
    <originUncertainty>
      <azimuthMaxHorizontalUncertainty>152</azimuthMaxHorizontalUncertainty>
    </originUncertainty>
  </origin>
  <magnitude publicID="quakeml:eu.emsc/event/20040124_0000002/origin/1348504/mag/1">
    <mag>
      <value>2.8</value>
      <uncertainty>0.2</uncertainty>
    </mag>
    <type>ML</type>
    <originID>quakeml:eu.emsc/event/20040124_0000002/origin/1348504</originID>
    <stationCount>9</stationCount>
    <creationInfo>
      <agencyURI>smi:smi-registry/organization/EMSC</agencyURI>
      <authorURI>smi:smi-registry/organization/EMSC</authorURI>
    </creationInfo>
  </magnitude>
</event>
<event publicID="quakeml:eu.emsc/event/20040124_0000014">
  <preferredOriginID>quakeml:eu.emsc/event/20040124_0000014/origin/1348182</preferredOriginID>
  <preferredMagnitudeID>quakeml:eu.emsc/event/20040124_0000014/origin/1348182/mag/1</preferredMagnitudeID>
  <creationInfo>
    <agencyURI>smi:smi-registry/organization/EMSC</agencyURI>
    <authorURI>smi:smi-registry/organization/EMSC</authorURI>
    <creationTime>2014-12-03T15:45:12.606617Z</creationTime>
  </creationInfo>
  <description>
    <text>PYRENEES</text>
    <type>Flinn-Engdahl region</type>
  </description>
  <origin publicID="quakeml:eu.emsc/event/20040124_0000014/origin/1348182">
    <time>
      <value>2004-01-24T00:19:48.2Z</value>
      <uncertainty>0.11</uncertainty>
    </time>
    <latitude>
      <value>43.0784</value>
      <uncertainty>2.2</uncertainty>
    </latitude>
    <longitude>
      <value>-0.0487</value>
      <uncertainty>2.1</uncertainty>
    </longitude>
    <depth>
      <value>8000</value>
    </depth>
    <depthType>from location</depthType>
    <methodID>smi:eu.emsc-csem/origin_method/NA</methodID>
    <quality>
      <usedPhaseCount>46</usedPhaseCount>
      <usedStationCount>20</usedStationCount>
      <standardError>0.87</standardError>
      <azimuthalGap>80</azimuthalGap>
      <minimumDistance>0.09</minimumDistance>
      <maximumDistance>3.52</maximumDistance>
    </quality>
    <evaluationMode>manual</evaluationMode>
    <creationInfo>
      <agencyURI>smi:smi-registry/organization/EMSC</agencyURI>
      <authorURI>smi:smi-registry/organization/EMSC</authorURI>
    </creationInfo>
    <originUncertainty>
      <azimuthMaxHorizontalUncertainty>1</azimuthMaxHorizontalUncertainty>
    </originUncertainty>
  </origin>
  <magnitude publicID="quakeml:eu.emsc/event/20040124_0000014/origin/1348182/mag/1">
    <mag>
      <value>2.2</value>
      <uncertainty>0.4</uncertainty>
    </mag>
    <type>ML</type>
    <originID>quakeml:eu.emsc/event/20040124_0000014/origin/1348182</originID>
    <stationCount>15</stationCount>
    <creationInfo>
      <agencyURI>smi:smi-registry/organization/EMSC</agencyURI>
      <authorURI>smi:smi-registry/organization/EMSC</authorURI>
    </creationInfo>
  </magnitude>
</event>
</eventParameters>
</q:quakeml>
