<?xml version="1.0"?>
<q:quakeml xmlns:q="http://quakeml.org/xmlns/quakeml/1.2"  xmlns="http://quakeml.org/xmlns/bed/1.2">
<eventParameters publicID="smi:eu.emsc/unid">
<event publicID="quakeml:eu.emsc/event/20040623_0000031">
  <preferredOriginID>quakeml:eu.emsc/event/20040623_0000031/origin/1317352</preferredOriginID>
  <preferredMagnitudeID>quakeml:eu.emsc/event/20040623_0000031/origin/1317352/mag/2</preferredMagnitudeID>
  <creationInfo>
    <agencyURI>smi:smi-registry/organization/EMSC</agencyURI>
    <authorURI>smi:smi-registry/organization/EMSC</authorURI>
    <creationTime>2014-12-03T11:35:36.477688Z</creationTime>
  </creationInfo>
  <description>
    <text>STRAIT OF GIBRALTAR</text>
    <type>Flinn-Engdahl region</type>
  </description>
  <origin publicID="quakeml:eu.emsc/event/20040623_0000031/origin/1317352">
    <time>
      <value>2004-06-23T23:46:55.6Z</value>
      <uncertainty>0.11</uncertainty>
    </time>
    <latitude>
      <value>35.0792</value>
      <uncertainty>3.4</uncertainty>
    </latitude>
    <longitude>
      <value>-4.9258</value>
      <uncertainty>2.5</uncertainty>
    </longitude>
    <depth>
      <value>40000</value>
    </depth>
    <depthType>from location</depthType>
    <methodID>smi:eu.emsc-csem/origin_method/NA</methodID>
    <quality>
      <usedPhaseCount>79</usedPhaseCount>
      <usedStationCount>58</usedStationCount>
      <standardError>0.84</standardError>
      <azimuthalGap>74</azimuthalGap>
      <minimumDistance>0.54</minimumDistance>
      <maximumDistance>19.56</maximumDistance>
    </quality>
    <evaluationMode>manual</evaluationMode>
    <creationInfo>
      <agencyURI>smi:smi-registry/organization/EMSC</agencyURI>
      <authorURI>smi:smi-registry/organization/EMSC</authorURI>
    </creationInfo>
    <originUncertainty>
      <azimuthMaxHorizontalUncertainty>109</azimuthMaxHorizontalUncertainty>
    </originUncertainty>
  </origin>
  <magnitude publicID="quakeml:eu.emsc/event/20040623_0000031/origin/1317352/mag/2">
    <mag>
      <value>3.9</value>
    </mag>
    <type>MD</type>
    <originID>quakeml:eu.emsc/event/20040623_0000031/origin/1317352</originID>
    <creationInfo>
      <agencyURI>smi:smi-registry/organization/EMSC</agencyURI>
      <authorURI>smi:smi-registry/organization/EMSC</authorURI>
    </creationInfo>
  </magnitude>
</event>
<event publicID="quakeml:eu.emsc/event/20040623_0000032">
  <preferredOriginID>quakeml:eu.emsc/event/20040623_0000032/origin/1307122</preferredOriginID>
  <preferredMagnitudeID>quakeml:eu.emsc/event/20040623_0000032/origin/1307122/mag/2</preferredMagnitudeID>
  <creationInfo>
    <agencyURI>smi:smi-registry/organization/EMSC</agencyURI>
    <authorURI>smi:smi-registry/organization/EMSC</authorURI>
    <creationTime>2014-12-11T02:41:35.466795Z</creationTime>
  </creationInfo>
  <description>
    <text>WESTERN TURKEY</text>
    <type>Flinn-Engdahl region</type>
  </description>
  <origin publicID="quakeml:eu.emsc/event/20040623_0000032/origin/1307122">
    <time>
      <value>2004-06-23T23:29:56.1Z</value>
    </time>
    <latitude>
      <value>39.584</value>
      <uncertainty>9999.9</uncertainty>
    </latitude>
    <longitude>
      <value>29.215</value>
      <uncertainty>9999.9</uncertainty>
    </longitude>
    <depth>
      <value>9000</value>
    </depth>
    <depthType>from location</depthType>
    <methodID>smi:eu.emsc-csem/origin_method/NA</methodID>
    <quality>
      <usedPhaseCount>26</usedPhaseCount>
      <usedStationCount>24</usedStationCount>
      <standardError>0.74</standardError>
      <azimuthalGap>68</azimuthalGap>
      <minimumDistance>0.46</minimumDistance>
      <maximumDistance>2.19</maximumDistance>
    </quality>
    <evaluationMode>manual</evaluationMode>
    <creationInfo>
      <agencyURI>smi:smi-registry/organization/EMSC</agencyURI>
      <authorURI>smi:smi-registry/organization/EMSC</authorURI>
    </creationInfo>
    <originUncertainty>
      <azimuthMaxHorizontalUncertainty>-99</azimuthMaxHorizontalUncertainty>
    </originUncertainty>
  </origin>
  <magnitude publicID="quakeml:eu.emsc/event/20040623_0000032/origin/1307122/mag/2">
    <mag>
      <value>3</value>
    </mag>
    <type>MD</type>
    <originID>quakeml:eu.emsc/event/20040623_0000032/origin/1307122</originID>
    <creationInfo>
      <agencyURI>smi:smi-registry/organization/EMSC</agencyURI>
      <authorURI>smi:smi-registry/organization/EMSC</authorURI>
    </creationInfo>
  </magnitude>
</event>
<event publicID="quakeml:eu.emsc/event/20040623_0000042">
  <preferredOriginID>quakeml:eu.emsc/event/20040623_0000042/origin/1307124</preferredOriginID>
  <preferredMagnitudeID>quakeml:eu.emsc/event/20040623_0000042/origin/1307124/mag/2</preferredMagnitudeID>
  <creationInfo>
    <agencyURI>smi:smi-registry/organization/EMSC</agencyURI>
    <authorURI>smi:smi-registry/organization/EMSC</authorURI>
    <creationTime>2014-12-10T18:15:27.611314Z</creationTime>
  </creationInfo>
  <description>
    <text>NORTHERN ITALY</text>
    <type>Flinn-Engdahl region</type>
  </description>
  <origin publicID="quakeml:eu.emsc/event/20040623_0000042/origin/1307124">
    <time>
      <value>2004-06-23T23:17:59.0Z</value>
    </time>
    <latitude>
      <value>44.4031</value>
      <uncertainty>9999.9</uncertainty>
    </latitude>
    <longitude>
      <value>7.3052</value>
      <uncertainty>9999.9</uncertainty>
    </longitude>
    <depth>
      <value>2000</value>
    </depth>
    <depthType>from location</depthType>
    <methodID>smi:eu.emsc-csem/origin_method/NA</methodID>
    <quality>
      <usedPhaseCount>15</usedPhaseCount>
      <usedStationCount>7</usedStationCount>
      <standardError>0.93</standardError>
      <azimuthalGap>189</azimuthalGap>
      <minimumDistance>0.5</minimumDistance>
      <maximumDistance>1.32</maximumDistance>
    </quality>
    <evaluationMode>manual</evaluationMode>
    <creationInfo>
      <agencyURI>smi:smi-registry/organization/EMSC</agencyURI>
      <authorURI>smi:smi-registry/organization/EMSC</authorURI>
    </creationInfo>
    <originUncertainty>
      <azimuthMaxHorizontalUncertainty>-99</azimuthMaxHorizontalUncertainty>
    </originUncertainty>
  </origin>
  <magnitude publicID="quakeml:eu.emsc/event/20040623_0000042/origin/1307124/mag/2">
    <mag>
      <value>1.8</value>
      <uncertainty>0.3</uncertainty>
    </mag>
    <type>ML</type>
    <originID>quakeml:eu.emsc/event/20040623_0000042/origin/1307124</originID>
    <stationCount>5</stationCount>
    <creationInfo>
      <agencyURI>smi:smi-registry/organization/EMSC</agencyURI>
      <authorURI>smi:smi-registry/organization/EMSC</authorURI>
    </creationInfo>
  </magnitude>
</event>
<event publicID="quakeml:eu.emsc/event/20040623_0000028">
  <preferredOriginID>quakeml:eu.emsc/event/20040623_0000028/origin/1317358</preferredOriginID>
  <preferredMagnitudeID>quakeml:eu.emsc/event/20040623_0000028/origin/1317358/mag/1</preferredMagnitudeID>
  <creationInfo>
    <agencyURI>smi:smi-registry/organization/EMSC</agencyURI>
    <authorURI>smi:smi-registry/organization/EMSC</authorURI>
    <creationTime>2014-12-03T12:02:46.607265Z</creationTime>
  </creationInfo>
  <description>
    <text>NORTHERN ITALY</text>
    <type>Flinn-Engdahl region</type>
  </description>
  <origin publicID="quakeml:eu.emsc/event/20040623_0000028/origin/1317358">
    <time>
      <value>2004-06-23T23:10:52.2Z</value>
      <uncertainty>0.09</uncertainty>
    </time>
    <latitude>
      <value>44.4059</value>
      <uncertainty>2.1</uncertainty>
    </latitude>
    <longitude>
      <value>7.3102</value>
      <uncertainty>1.7</uncertainty>
    </longitude>
    <depth>
      <value>15000</value>
    </depth>
    <depthType>from location</depthType>
    <methodID>smi:eu.emsc-csem/origin_method/NA</methodID>
    <quality>
      <usedPhaseCount>94</usedPhaseCount>
      <usedStationCount>58</usedStationCount>
      <standardError>0.82</standardError>
      <azimuthalGap>59</azimuthalGap>
      <minimumDistance>0.11</minimumDistance>
      <maximumDistance>4.38</maximumDistance>
    </quality>
    <evaluationMode>manual</evaluationMode>
    <creationInfo>
      <agencyURI>smi:smi-registry/organization/EMSC</agencyURI>
      <authorURI>smi:smi-registry/organization/EMSC</authorURI>
    </creationInfo>
    <originUncertainty>
      <azimuthMaxHorizontalUncertainty>67</azimuthMaxHorizontalUncertainty>
    </originUncertainty>
  </origin>
  <magnitude publicID="quakeml:eu.emsc/event/20040623_0000028/origin/1317358/mag/1">
    <mag>
      <value>2.8</value>
      <uncertainty>0.4</uncertainty>
    </mag>
    <type>ML</type>
    <originID>quakeml:eu.emsc/event/20040623_0000028/origin/1317358</originID>
    <stationCount>20</stationCount>
    <creationInfo>
      <agencyURI>smi:smi-registry/organization/EMSC</agencyURI>
      <authorURI>smi:smi-registry/organization/EMSC</authorURI>
    </creationInfo>
  </magnitude>
</event>
<event publicID="quakeml:eu.emsc/event/20040623_0000030">
  <preferredOriginID>quakeml:eu.emsc/event/20040623_0000030/origin/1307126</preferredOriginID>
  <preferredMagnitudeID>quakeml:eu.emsc/event/20040623_0000030/origin/1307126/mag/2</preferredMagnitudeID>
  <creationInfo>
    <agencyURI>smi:smi-registry/organization/EMSC</agencyURI>
    <authorURI>smi:smi-registry/organization/EMSC</authorURI>
    <creationTime>2014-12-11T02:41:28.720426Z</creationTime>
  </creationInfo>
  <description>
    <text>GREECE</text>
    <type>Flinn-Engdahl region</type>
  </description>
  <origin publicID="quakeml:eu.emsc/event/20040623_0000030/origin/1307126">
    <time>
      <value>2004-06-23T22:18:09.5Z</value>
    </time>
    <latitude>
      <value>38.47</value>
      <uncertainty>9999.9</uncertainty>
    </latitude>
    <longitude>
      <value>21.63</value>
      <uncertainty>9999.9</uncertainty>
    </longitude>
    <depth>
      <value>32000</value>
    </depth>
    <depthType>from location</depthType>
    <methodID>smi:eu.emsc-csem/origin_method/NA</methodID>
    <quality>
      <usedPhaseCount>9</usedPhaseCount>
      <usedStationCount>6</usedStationCount>
      <standardError>1.5</standardError>
      <azimuthalGap>126</azimuthalGap>
      <minimumDistance>0.43</minimumDistance>
      <maximumDistance>1.5</maximumDistance>
    </quality>
    <evaluationMode>manual</evaluationMode>
    <creationInfo>
      <agencyURI>smi:smi-registry/organization/EMSC</agencyURI>
      <authorURI>smi:smi-registry/organization/EMSC</authorURI>
    </creationInfo>
    <originUncertainty>
      <azimuthMaxHorizontalUncertainty>-99</azimuthMaxHorizontalUncertainty>
    </originUncertainty>
  </origin>
  <magnitude publicID="quakeml:eu.emsc/event/20040623_0000030/origin/1307126/mag/2">
    <mag>
      <value>2.9</value>
    </mag>
    <type>MD</type>
    <originID>quakeml:eu.emsc/event/20040623_0000030/origin/1307126</originID>
    <creationInfo>
      <agencyURI>smi:smi-registry/organization/EMSC</agencyURI>
      <authorURI>smi:smi-registry/organization/EMSC</authorURI>
    </creationInfo>
  </magnitude>
</event>
<event publicID="quakeml:eu.emsc/event/20040623_0000029">
  <preferredOriginID>quakeml:eu.emsc/event/20040623_0000029/origin/1307128</preferredOriginID>
  <preferredMagnitudeID>quakeml:eu.emsc/event/20040623_0000029/origin/1307128/mag/2</preferredMagnitudeID>
  <creationInfo>
    <agencyURI>smi:smi-registry/organization/EMSC</agencyURI>
    <authorURI>smi:smi-registry/organization/EMSC</authorURI>
    <creationTime>2014-12-11T02:41:25.15719Z</creationTime>
  </creationInfo>
  <description>
    <text>WESTERN TURKEY</text>
    <type>Flinn-Engdahl region</type>
  </description>
  <origin publicID="quakeml:eu.emsc/event/20040623_0000029/origin/1307128">
    <time>
      <value>2004-06-23T21:31:57.7Z</value>
    </time>
    <latitude>
      <value>39.586</value>
      <uncertainty>9999.9</uncertainty>
    </latitude>
    <longitude>
      <value>29.217</value>
      <uncertainty>9999.9</uncertainty>
    </longitude>
    <depth>
      <value>9000</value>
    </depth>
    <depthType>from location</depthType>
    <methodID>smi:eu.emsc-csem/origin_method/NA</methodID>
    <quality>
      <usedPhaseCount>24</usedPhaseCount>
      <usedStationCount>22</usedStationCount>
      <standardError>0.78</standardError>
      <azimuthalGap>145</azimuthalGap>
      <minimumDistance>0.46</minimumDistance>
      <maximumDistance>1.67</maximumDistance>
    </quality>
    <evaluationMode>manual</evaluationMode>
    <creationInfo>
      <agencyURI>smi:smi-registry/organization/EMSC</agencyURI>
      <authorURI>smi:smi-registry/organization/EMSC</authorURI>
    </creationInfo>
    <originUncertainty>
      <azimuthMaxHorizontalUncertainty>-99</azimuthMaxHorizontalUncertainty>
    </originUncertainty>
  </origin>
  <magnitude publicID="quakeml:eu.emsc/event/20040623_0000029/origin/1307128/mag/2">
    <mag>
      <value>3</value>
    </mag>
    <type>MD</type>
    <originID>quakeml:eu.emsc/event/20040623_0000029/origin/1307128</originID>
    <creationInfo>
      <agencyURI>smi:smi-registry/organization/EMSC</agencyURI>
      <authorURI>smi:smi-registry/organization/EMSC</authorURI>
    </creationInfo>
  </magnitude>
</event>
<event publicID="quakeml:eu.emsc/event/20040623_0000027">
  <preferredOriginID>quakeml:eu.emsc/event/20040623_0000027/origin/1317363</preferredOriginID>
  <preferredMagnitudeID>quakeml:eu.emsc/event/20040623_0000027/origin/1317363/mag/1</preferredMagnitudeID>
  <creationInfo>
    <agencyURI>smi:smi-registry/organization/EMSC</agencyURI>
    <authorURI>smi:smi-registry/organization/EMSC</authorURI>
    <creationTime>2014-12-03T11:18:21.98337Z</creationTime>
  </creationInfo>
  <description>
    <text>LEBANON - SYRIA REGION</text>
    <type>Flinn-Engdahl region</type>
  </description>
  <origin publicID="quakeml:eu.emsc/event/20040623_0000027/origin/1317363">
    <time>
      <value>2004-06-23T21:20:27.5Z</value>
      <uncertainty>0.1</uncertainty>
    </time>
    <latitude>
      <value>33.1959</value>
      <uncertainty>3</uncertainty>
    </latitude>
    <longitude>
      <value>35.4904</value>
      <uncertainty>1.7</uncertainty>
    </longitude>
    <depth>
      <value>5000</value>
    </depth>
    <depthType>from location</depthType>
    <methodID>smi:eu.emsc-csem/origin_method/NA</methodID>
    <quality>
      <usedPhaseCount>28</usedPhaseCount>
      <usedStationCount>22</usedStationCount>
      <standardError>0.53</standardError>
      <azimuthalGap>88</azimuthalGap>
      <minimumDistance>0.14</minimumDistance>
      <maximumDistance>2.87</maximumDistance>
    </quality>
    <evaluationMode>manual</evaluationMode>
    <creationInfo>
      <agencyURI>smi:smi-registry/organization/EMSC</agencyURI>
      <authorURI>smi:smi-registry/organization/EMSC</authorURI>
    </creationInfo>
    <originUncertainty>
      <azimuthMaxHorizontalUncertainty>123</azimuthMaxHorizontalUncertainty>
    </originUncertainty>
  </origin>
  <magnitude publicID="quakeml:eu.emsc/event/20040623_0000027/origin/1317363/mag/1">
    <mag>
      <value>2.7</value>
    </mag>
    <type>Mw</type>
    <originID>quakeml:eu.emsc/event/20040623_0000027/origin/1317363</originID>
    <creationInfo>
      <agencyURI>smi:smi-registry/organization/EMSC</agencyURI>
      <authorURI>smi:smi-registry/organization/EMSC</authorURI>
    </creationInfo>
  </magnitude>
</event>
<event publicID="quakeml:eu.emsc/event/20040623_0000026">
  <preferredOriginID>quakeml:eu.emsc/event/20040623_0000026/origin/1317366</preferredOriginID>
  <preferredMagnitudeID>quakeml:eu.emsc/event/20040623_0000026/origin/1317366/mag/2</preferredMagnitudeID>
  <creationInfo>
    <agencyURI>smi:smi-registry/organization/EMSC</agencyURI>
    <authorURI>smi:smi-registry/organization/EMSC</authorURI>
    <creationTime>2014-12-03T10:51:55.915792Z</creationTime>
  </creationInfo>
  <description>
    <text>WESTERN SAUDI ARABIA</text>
    <type>Flinn-Engdahl region</type>
  </description>
  <origin publicID="quakeml:eu.emsc/event/20040623_0000026/origin/1317366">
    <time>
      <value>2004-06-23T21:00:58.8Z</value>
      <uncertainty>0.68</uncertainty>
    </time>
    <latitude>
      <value>27.794</value>
      <uncertainty>14.4</uncertainty>
    </latitude>
    <longitude>
      <value>36.9202</value>
      <uncertainty>9.6</uncertainty>
    </longitude>
    <depth>
      <value>2000</value>
    </depth>
    <depthType>from location</depthType>
    <methodID>smi:eu.emsc-csem/origin_method/NA</methodID>
    <quality>
      <usedPhaseCount>16</usedPhaseCount>
      <usedStationCount>12</usedStationCount>
      <standardError>0.64</standardError>
      <azimuthalGap>299</azimuthalGap>
      <minimumDistance>0.54</minimumDistance>
      <maximumDistance>2.87</maximumDistance>
    </quality>
    <evaluationMode>manual</evaluationMode>
    <creationInfo>
      <agencyURI>smi:smi-registry/organization/EMSC</agencyURI>
      <authorURI>smi:smi-registry/organization/EMSC</authorURI>
    </creationInfo>
    <originUncertainty>
      <azimuthMaxHorizontalUncertainty>115</azimuthMaxHorizontalUncertainty>
    </originUncertainty>
  </origin>
  <magnitude publicID="quakeml:eu.emsc/event/20040623_0000026/origin/1317366/mag/2">
    <mag>
      <value>2.6</value>
    </mag>
    <type>ML</type>
    <originID>quakeml:eu.emsc/event/20040623_0000026/origin/1317366</originID>
    <creationInfo>
      <agencyURI>smi:smi-registry/organization/EMSC</agencyURI>
      <authorURI>smi:smi-registry/organization/EMSC</authorURI>
    </creationInfo>
  </magnitude>
</event>
<event publicID="quakeml:eu.emsc/event/20040623_0000025">
  <preferredOriginID>quakeml:eu.emsc/event/20040623_0000025/origin/1317371</preferredOriginID>
  <preferredMagnitudeID>quakeml:eu.emsc/event/20040623_0000025/origin/1317371/mag/2</preferredMagnitudeID>
  <creationInfo>
    <agencyURI>smi:smi-registry/organization/EMSC</agencyURI>
    <authorURI>smi:smi-registry/organization/EMSC</authorURI>
    <creationTime>2014-12-03T11:55:26.429084Z</creationTime>
  </creationInfo>
  <description>
    <text>NORTHERN ALGERIA</text>
    <type>Flinn-Engdahl region</type>
  </description>
  <origin publicID="quakeml:eu.emsc/event/20040623_0000025/origin/1317371">
    <time>
      <value>2004-06-23T20:27:16.5Z</value>
      <uncertainty>0.22</uncertainty>
    </time>
    <latitude>
      <value>36.536</value>
      <uncertainty>5.8</uncertainty>
    </latitude>
    <longitude>
      <value>4.4685</value>
      <uncertainty>3.8</uncertainty>
    </longitude>
    <depth>
      <value>2000</value>
    </depth>
    <depthType>from location</depthType>
    <methodID>smi:eu.emsc-csem/origin_method/NA</methodID>
    <quality>
      <usedPhaseCount>62</usedPhaseCount>
      <usedStationCount>61</usedStationCount>
      <standardError>0.86</standardError>
      <azimuthalGap>133</azimuthalGap>
      <minimumDistance>0.82</minimumDistance>
      <maximumDistance>12.8</maximumDistance>
    </quality>
    <evaluationMode>manual</evaluationMode>
    <creationInfo>
      <agencyURI>smi:smi-registry/organization/EMSC</agencyURI>
      <authorURI>smi:smi-registry/organization/EMSC</authorURI>
    </creationInfo>
    <originUncertainty>
      <azimuthMaxHorizontalUncertainty>7</azimuthMaxHorizontalUncertainty>
    </originUncertainty>
  </origin>
  <magnitude publicID="quakeml:eu.emsc/event/20040623_0000025/origin/1317371/mag/2">
    <mag>
      <value>4</value>
    </mag>
    <type>ML</type>
    <originID>quakeml:eu.emsc/event/20040623_0000025/origin/1317371</originID>
    <creationInfo>
      <agencyURI>smi:smi-registry/organization/EMSC</agencyURI>
      <authorURI>smi:smi-registry/organization/EMSC</authorURI>
    </creationInfo>
  </magnitude>
</event>
<event publicID="quakeml:eu.emsc/event/20040623_0000024">
  <preferredOriginID>quakeml:eu.emsc/event/20040623_0000024/origin/1317374</preferredOriginID>
  <preferredMagnitudeID>quakeml:eu.emsc/event/20040623_0000024/origin/1317374/mag/2</preferredMagnitudeID>
  <creationInfo>
    <agencyURI>smi:smi-registry/organization/EMSC</agencyURI>
    <authorURI>smi:smi-registry/organization/EMSC</authorURI>
    <creationTime>2014-12-03T10:26:00.916396Z</creationTime>
  </creationInfo>
  <description>
    <text>SOUTHERN GREECE</text>
    <type>Flinn-Engdahl region</type>
  </description>
  <origin publicID="quakeml:eu.emsc/event/20040623_0000024/origin/1317374">
    <time>
      <value>2004-06-23T17:15:52.6Z</value>
      <uncertainty>0.59</uncertainty>
    </time>
    <latitude>
      <value>37.6592</value>
      <uncertainty>14.3</uncertainty>
    </latitude>
    <longitude>
      <value>21.3507</value>
      <uncertainty>8.1</uncertainty>
    </longitude>
    <depth>
      <value>100.0</value>
      <uncertainty>2.5</uncertainty>
    </depth>
    <depthType>from location</depthType>
    <methodID>smi:eu.emsc-csem/origin_method/NA</methodID>
    <quality>
      <usedPhaseCount>21</usedPhaseCount>
      <usedStationCount>18</usedStationCount>
      <standardError>1.25</standardError>
      <azimuthalGap>174</azimuthalGap>
      <minimumDistance>0.41</minimumDistance>
      <maximumDistance>3.7</maximumDistance>
    </quality>
    <evaluationMode>manual</evaluationMode>
    <creationInfo>
      <agencyURI>smi:smi-registry/organization/EMSC</agencyURI>
      <authorURI>smi:smi-registry/organization/EMSC</authorURI>
    </creationInfo>
    <originUncertainty>
      <azimuthMaxHorizontalUncertainty>37</azimuthMaxHorizontalUncertainty>
    </originUncertainty>
  </origin>
  <magnitude publicID="quakeml:eu.emsc/event/20040623_0000024/origin/1317374/mag/2">
    <mag>
      <value>3.3</value>
    </mag>
    <type>ML</type>
    <originID>quakeml:eu.emsc/event/20040623_0000024/origin/1317374</originID>
    <creationInfo>
      <agencyURI>smi:smi-registry/organization/EMSC</agencyURI>
      <authorURI>smi:smi-registry/organization/EMSC</authorURI>
    </creationInfo>
  </magnitude>
</event>
<event publicID="quakeml:eu.emsc/event/20040623_0000023">
  <preferredOriginID>quakeml:eu.emsc/event/20040623_0000023/origin/1317377</preferredOriginID>
  <preferredMagnitudeID>quakeml:eu.emsc/event/20040623_0000023/origin/1317377/mag/2</preferredMagnitudeID>
  <creationInfo>
    <agencyURI>smi:smi-registry/organization/EMSC</agencyURI>
    <authorURI>smi:smi-registry/organization/EMSC</authorURI>
    <creationTime>2014-12-03T11:22:46.735179Z</creationTime>
  </creationInfo>
  <description>
    <text>AEGEAN SEA</text>
    <type>Flinn-Engdahl region</type>
  </description>
  <origin publicID="quakeml:eu.emsc/event/20040623_0000023/origin/1317377">
    <time>
      <value>2004-06-23T16:09:00.0Z</value>
      <uncertainty>0.45</uncertainty>
    </time>
    <latitude>
      <value>39.0458</value>
      <uncertainty>12.1</uncertainty>
    </latitude>
    <longitude>
      <value>24.5286</value>
      <uncertainty>3.7</uncertainty>
    </longitude>
    <depth>
      <value>15000</value>
    </depth>
    <depthType>from location</depthType>
    <methodID>smi:eu.emsc-csem/origin_method/NA</methodID>
    <quality>
      <usedPhaseCount>12</usedPhaseCount>
      <usedStationCount>9</usedStationCount>
      <standardError>0.56</standardError>
      <azimuthalGap>220</azimuthalGap>
      <minimumDistance>0.52</minimumDistance>
      <maximumDistance>2.51</maximumDistance>
    </quality>
    <evaluationMode>manual</evaluationMode>
    <creationInfo>
      <agencyURI>smi:smi-registry/organization/EMSC</agencyURI>
      <authorURI>smi:smi-registry/organization/EMSC</authorURI>
    </creationInfo>
    <originUncertainty>
      <azimuthMaxHorizontalUncertainty>148</azimuthMaxHorizontalUncertainty>
    </originUncertainty>
  </origin>
  <magnitude publicID="quakeml:eu.emsc/event/20040623_0000023/origin/1317377/mag/2">
    <mag>
      <value>2.7</value>
    </mag>
    <type>ML</type>
    <originID>quakeml:eu.emsc/event/20040623_0000023/origin/1317377</originID>
    <creationInfo>
      <agencyURI>smi:smi-registry/organization/EMSC</agencyURI>
      <authorURI>smi:smi-registry/organization/EMSC</authorURI>
    </creationInfo>
  </magnitude>
</event>
<event publicID="quakeml:eu.emsc/event/20040623_0000022">
  <preferredOriginID>quakeml:eu.emsc/event/20040623_0000022/origin/1317380</preferredOriginID>
  <preferredMagnitudeID>quakeml:eu.emsc/event/20040623_0000022/origin/1317380/mag/2</preferredMagnitudeID>
  <creationInfo>
    <agencyURI>smi:smi-registry/organization/EMSC</agencyURI>
    <authorURI>smi:smi-registry/organization/EMSC</authorURI>
    <creationTime>2014-12-03T11:31:54.771259Z</creationTime>
  </creationInfo>
  <description>
    <text>WESTERN SAUDI ARABIA</text>
    <type>Flinn-Engdahl region</type>
  </description>
  <origin publicID="quakeml:eu.emsc/event/20040623_0000022/origin/1317380">
    <time>
      <value>2004-06-23T13:59:49.6Z</value>
      <uncertainty>1.28</uncertainty>
    </time>
    <latitude>
      <value>27.9597</value>
      <uncertainty>30.1</uncertainty>
    </latitude>
    <longitude>
      <value>37.5846</value>
      <uncertainty>15.7</uncertainty>
    </longitude>
    <depth>
      <value>10000</value>
    </depth>
    <depthType>from location</depthType>
    <methodID>smi:eu.emsc-csem/origin_method/NA</methodID>
    <quality>
      <usedPhaseCount>10</usedPhaseCount>
      <usedStationCount>9</usedStationCount>
      <standardError>0.84</standardError>
      <azimuthalGap>283</azimuthalGap>
      <minimumDistance>0.95</minimumDistance>
      <maximumDistance>2.63</maximumDistance>
    </quality>
    <evaluationMode>manual</evaluationMode>
    <creationInfo>
      <agencyURI>smi:smi-registry/organization/EMSC</agencyURI>
      <authorURI>smi:smi-registry/organization/EMSC</authorURI>
    </creationInfo>
    <originUncertainty>
      <azimuthMaxHorizontalUncertainty>88</azimuthMaxHorizontalUncertainty>
    </originUncertainty>
  </origin>
  <magnitude publicID="quakeml:eu.emsc/event/20040623_0000022/origin/1317380/mag/2">
    <mag>
      <value>2.3</value>
    </mag>
    <type>ML</type>
    <originID>quakeml:eu.emsc/event/20040623_0000022/origin/1317380</originID>
    <creationInfo>
      <agencyURI>smi:smi-registry/organization/EMSC</agencyURI>
      <authorURI>smi:smi-registry/organization/EMSC</authorURI>
    </creationInfo>
  </magnitude>
</event>
<event publicID="quakeml:eu.emsc/event/20040623_0000040">
  <preferredOriginID>quakeml:eu.emsc/event/20040623_0000040/origin/1307130</preferredOriginID>
  <preferredMagnitudeID>quakeml:eu.emsc/event/20040623_0000040/origin/1307130/mag/2</preferredMagnitudeID>
  <creationInfo>
    <agencyURI>smi:smi-registry/organization/EMSC</agencyURI>
    <authorURI>smi:smi-registry/organization/EMSC</authorURI>
    <creationTime>2014-12-10T18:15:27.111894Z</creationTime>
  </creationInfo>
  <description>
    <text>NORTHERN ITALY</text>
    <type>Flinn-Engdahl region</type>
  </description>
  <origin publicID="quakeml:eu.emsc/event/20040623_0000040/origin/1307130">
    <time>
      <value>2004-06-23T12:50:38.7Z</value>
    </time>
    <latitude>
      <value>44.4272</value>
      <uncertainty>9999.9</uncertainty>
    </latitude>
    <longitude>
      <value>8.2973</value>
      <uncertainty>9999.9</uncertainty>
    </longitude>
    <depth>
      <value>4900.0</value>
    </depth>
    <depthType>from location</depthType>
    <methodID>smi:eu.emsc-csem/origin_method/NA</methodID>
    <quality>
      <usedPhaseCount>16</usedPhaseCount>
      <usedStationCount>10</usedStationCount>
      <standardError>3.77</standardError>
      <azimuthalGap>105</azimuthalGap>
      <minimumDistance>0.21</minimumDistance>
      <maximumDistance>1.11</maximumDistance>
    </quality>
    <evaluationMode>manual</evaluationMode>
    <creationInfo>
      <agencyURI>smi:smi-registry/organization/EMSC</agencyURI>
      <authorURI>smi:smi-registry/organization/EMSC</authorURI>
    </creationInfo>
    <originUncertainty>
      <azimuthMaxHorizontalUncertainty>-99</azimuthMaxHorizontalUncertainty>
    </originUncertainty>
  </origin>
  <magnitude publicID="quakeml:eu.emsc/event/20040623_0000040/origin/1307130/mag/2">
    <mag>
      <value>2.3</value>
    </mag>
    <type>ML</type>
    <originID>quakeml:eu.emsc/event/20040623_0000040/origin/1307130</originID>
    <creationInfo>
      <agencyURI>smi:smi-registry/organization/EMSC</agencyURI>
      <authorURI>smi:smi-registry/organization/EMSC</authorURI>
    </creationInfo>
  </magnitude>
</event>
<event publicID="quakeml:eu.emsc/event/20040623_0000037">
  <preferredOriginID>quakeml:eu.emsc/event/20040623_0000037/origin/1307132</preferredOriginID>
  <preferredMagnitudeID>quakeml:eu.emsc/event/20040623_0000037/origin/1307132/mag/2</preferredMagnitudeID>
  <creationInfo>
    <agencyURI>smi:smi-registry/organization/EMSC</agencyURI>
    <authorURI>smi:smi-registry/organization/EMSC</authorURI>
    <creationTime>2014-12-10T18:15:26.619745Z</creationTime>
  </creationInfo>
  <description>
    <text>SWITZERLAND</text>
    <type>Flinn-Engdahl region</type>
  </description>
  <origin publicID="quakeml:eu.emsc/event/20040623_0000037/origin/1307132">
    <time>
      <value>2004-06-23T11:44:28.9Z</value>
    </time>
    <latitude>
      <value>46.235</value>
      <uncertainty>9999.9</uncertainty>
    </latitude>
    <longitude>
      <value>7.011</value>
      <uncertainty>9999.9</uncertainty>
    </longitude>
    <depth>
      <value>0</value>
    </depth>
    <depthType>from location</depthType>
    <methodID>smi:eu.emsc-csem/origin_method/NA</methodID>
    <quality>
      <usedPhaseCount>6</usedPhaseCount>
      <usedStationCount>5</usedStationCount>
      <standardError>0.8</standardError>
      <azimuthalGap>135</azimuthalGap>
      <minimumDistance>0.07</minimumDistance>
      <maximumDistance>0.24</maximumDistance>
    </quality>
    <evaluationMode>manual</evaluationMode>
    <creationInfo>
      <agencyURI>smi:smi-registry/organization/EMSC</agencyURI>
      <authorURI>smi:smi-registry/organization/EMSC</authorURI>
    </creationInfo>
    <originUncertainty>
      <azimuthMaxHorizontalUncertainty>-99</azimuthMaxHorizontalUncertainty>
    </originUncertainty>
  </origin>
  <magnitude publicID="quakeml:eu.emsc/event/20040623_0000037/origin/1307132/mag/2">
    <mag>
      <value>0.5</value>
    </mag>
    <type>ML</type>
    <originID>quakeml:eu.emsc/event/20040623_0000037/origin/1307132</originID>
    <stationCount>5</stationCount>
    <creationInfo>
      <agencyURI>smi:smi-registry/organization/EMSC</agencyURI>
      <authorURI>smi:smi-registry/organization/EMSC</authorURI>
    </creationInfo>
  </magnitude>
</event>
<event publicID="quakeml:eu.emsc/event/20040623_0000011">
  <preferredOriginID>quakeml:eu.emsc/event/20040623_0000011/origin/1317386</preferredOriginID>
  <preferredMagnitudeID>quakeml:eu.emsc/event/20040623_0000011/origin/1317386/mag/2</preferredMagnitudeID>
  <creationInfo>
    <agencyURI>smi:smi-registry/organization/EMSC</agencyURI>
    <authorURI>smi:smi-registry/organization/EMSC</authorURI>
    <creationTime>2014-12-03T11:03:15.903Z</creationTime>
  </creationInfo>
  <description>
    <text>AEGEAN SEA</text>
    <type>Flinn-Engdahl region</type>
  </description>
  <origin publicID="quakeml:eu.emsc/event/20040623_0000011/origin/1317386">
    <time>
      <value>2004-06-23T10:25:41.6Z</value>
      <uncertainty>0.32</uncertainty>
    </time>
    <latitude>
      <value>39.71</value>
      <uncertainty>9</uncertainty>
    </latitude>
    <longitude>
      <value>24.2698</value>
      <uncertainty>6.1</uncertainty>
    </longitude>
    <depth>
      <value>20000</value>
    </depth>
    <depthType>from location</depthType>
    <methodID>smi:eu.emsc-csem/origin_method/NA</methodID>
    <quality>
      <usedPhaseCount>18</usedPhaseCount>
      <usedStationCount>15</usedStationCount>
      <standardError>1.06</standardError>
      <azimuthalGap>125</azimuthalGap>
      <minimumDistance>0.62</minimumDistance>
      <maximumDistance>1.91</maximumDistance>
    </quality>
    <evaluationMode>manual</evaluationMode>
    <creationInfo>
      <agencyURI>smi:smi-registry/organization/EMSC</agencyURI>
      <authorURI>smi:smi-registry/organization/EMSC</authorURI>
    </creationInfo>
    <originUncertainty>
      <azimuthMaxHorizontalUncertainty>116</azimuthMaxHorizontalUncertainty>
    </originUncertainty>
  </origin>
  <magnitude publicID="quakeml:eu.emsc/event/20040623_0000011/origin/1317386/mag/2">
    <mag>
      <value>2.8</value>
    </mag>
    <type>ML</type>
    <originID>quakeml:eu.emsc/event/20040623_0000011/origin/1317386</originID>
    <creationInfo>
      <agencyURI>smi:smi-registry/organization/EMSC</agencyURI>
      <authorURI>smi:smi-registry/organization/EMSC</authorURI>
    </creationInfo>
  </magnitude>
</event>
<event publicID="quakeml:eu.emsc/event/20040623_0000039">
  <preferredOriginID>quakeml:eu.emsc/event/20040623_0000039/origin/1307134</preferredOriginID>
  <preferredMagnitudeID>quakeml:eu.emsc/event/20040623_0000039/origin/1307134/mag/2</preferredMagnitudeID>
  <creationInfo>
    <agencyURI>smi:smi-registry/organization/EMSC</agencyURI>
    <authorURI>smi:smi-registry/organization/EMSC</authorURI>
    <creationTime>2014-12-10T18:15:25.641214Z</creationTime>
  </creationInfo>
  <description>
    <text>NORTHERN ITALY</text>
    <type>Flinn-Engdahl region</type>
  </description>
  <origin publicID="quakeml:eu.emsc/event/20040623_0000039/origin/1307134">
    <time>
      <value>2004-06-23T10:25:35.7Z</value>
    </time>
    <latitude>
      <value>44.4015</value>
      <uncertainty>9999.9</uncertainty>
    </latitude>
    <longitude>
      <value>8.3507</value>
      <uncertainty>9999.9</uncertainty>
    </longitude>
    <depth>
      <value>14700.0</value>
    </depth>
    <depthType>from location</depthType>
    <methodID>smi:eu.emsc-csem/origin_method/NA</methodID>
    <quality>
      <usedPhaseCount>18</usedPhaseCount>
      <usedStationCount>11</usedStationCount>
      <standardError>4.12</standardError>
      <azimuthalGap>163</azimuthalGap>
      <minimumDistance>0.2</minimumDistance>
      <maximumDistance>1.08</maximumDistance>
    </quality>
    <evaluationMode>manual</evaluationMode>
    <creationInfo>
      <agencyURI>smi:smi-registry/organization/EMSC</agencyURI>
      <authorURI>smi:smi-registry/organization/EMSC</authorURI>
    </creationInfo>
    <originUncertainty>
      <azimuthMaxHorizontalUncertainty>-99</azimuthMaxHorizontalUncertainty>
    </originUncertainty>
  </origin>
  <magnitude publicID="quakeml:eu.emsc/event/20040623_0000039/origin/1307134/mag/2">
    <mag>
      <value>2.2</value>
    </mag>
    <type>ML</type>
    <originID>quakeml:eu.emsc/event/20040623_0000039/origin/1307134</originID>
    <creationInfo>
      <agencyURI>smi:smi-registry/organization/EMSC</agencyURI>
      <authorURI>smi:smi-registry/organization/EMSC</authorURI>
    </creationInfo>
  </magnitude>
</event>
<event publicID="quakeml:eu.emsc/event/20040623_0000019">
  <preferredOriginID>quakeml:eu.emsc/event/20040623_0000019/origin/1307136</preferredOriginID>
  <preferredMagnitudeID>quakeml:eu.emsc/event/20040623_0000019/origin/1307136/mag/2</preferredMagnitudeID>
  <creationInfo>
    <agencyURI>smi:smi-registry/organization/EMSC</agencyURI>
    <authorURI>smi:smi-registry/organization/EMSC</authorURI>
    <creationTime>2014-12-11T02:41:02.19598Z</creationTime>
  </creationInfo>
  <description>
    <text>NORTHERN ALGERIA</text>
    <type>Flinn-Engdahl region</type>
  </description>
  <origin publicID="quakeml:eu.emsc/event/20040623_0000019/origin/1307136">
    <time>
      <value>2004-06-23T09:39:15.9Z</value>
    </time>
    <latitude>
      <value>36.717</value>
      <uncertainty>9999.9</uncertainty>
    </latitude>
    <longitude>
      <value>2.878</value>
      <uncertainty>9999.9</uncertainty>
    </longitude>
    <depth>
      <value>0</value>
    </depth>
    <depthType>from location</depthType>
    <methodID>smi:eu.emsc-csem/origin_method/NA</methodID>
    <quality>
      <usedPhaseCount>4</usedPhaseCount>
      <usedStationCount>4</usedStationCount>
      <standardError>0.88</standardError>
      <azimuthalGap>242</azimuthalGap>
      <minimumDistance>0.15</minimumDistance>
      <maximumDistance>1.05</maximumDistance>
    </quality>
    <evaluationMode>manual</evaluationMode>
    <creationInfo>
      <agencyURI>smi:smi-registry/organization/EMSC</agencyURI>
      <authorURI>smi:smi-registry/organization/EMSC</authorURI>
    </creationInfo>
    <originUncertainty>
      <azimuthMaxHorizontalUncertainty>-99</azimuthMaxHorizontalUncertainty>
    </originUncertainty>
  </origin>
  <magnitude publicID="quakeml:eu.emsc/event/20040623_0000019/origin/1307136/mag/2">
    <mag>
      <value>3.1</value>
    </mag>
    <type>ML</type>
    <originID>quakeml:eu.emsc/event/20040623_0000019/origin/1307136</originID>
    <creationInfo>
      <agencyURI>smi:smi-registry/organization/EMSC</agencyURI>
      <authorURI>smi:smi-registry/organization/EMSC</authorURI>
    </creationInfo>
  </magnitude>
</event>
<event publicID="quakeml:eu.emsc/event/20040623_0000018">
  <preferredOriginID>quakeml:eu.emsc/event/20040623_0000018/origin/1307138</preferredOriginID>
  <preferredMagnitudeID>quakeml:eu.emsc/event/20040623_0000018/origin/1307138/mag/2</preferredMagnitudeID>
  <creationInfo>
    <agencyURI>smi:smi-registry/organization/EMSC</agencyURI>
    <authorURI>smi:smi-registry/organization/EMSC</authorURI>
    <creationTime>2014-12-11T02:41:00.195416Z</creationTime>
  </creationInfo>
  <description>
    <text>CRETE, GREECE</text>
    <type>Flinn-Engdahl region</type>
  </description>
  <origin publicID="quakeml:eu.emsc/event/20040623_0000018/origin/1307138">
    <time>
      <value>2004-06-23T09:35:12.2Z</value>
    </time>
    <latitude>
      <value>35.03</value>
      <uncertainty>9999.9</uncertainty>
    </latitude>
    <longitude>
      <value>25.42</value>
      <uncertainty>9999.9</uncertainty>
    </longitude>
    <depth>
      <value>39000</value>
    </depth>
    <depthType>from location</depthType>
    <methodID>smi:eu.emsc-csem/origin_method/NA</methodID>
    <quality>
      <usedPhaseCount>5</usedPhaseCount>
      <usedStationCount>5</usedStationCount>
      <standardError>1.21</standardError>
      <azimuthalGap>221</azimuthalGap>
      <minimumDistance>0.28</minimumDistance>
      <maximumDistance>2.63</maximumDistance>
    </quality>
    <evaluationMode>manual</evaluationMode>
    <creationInfo>
      <agencyURI>smi:smi-registry/organization/EMSC</agencyURI>
      <authorURI>smi:smi-registry/organization/EMSC</authorURI>
    </creationInfo>
    <originUncertainty>
      <azimuthMaxHorizontalUncertainty>-99</azimuthMaxHorizontalUncertainty>
    </originUncertainty>
  </origin>
  <magnitude publicID="quakeml:eu.emsc/event/20040623_0000018/origin/1307138/mag/2">
    <mag>
      <value>3.5</value>
    </mag>
    <type>MD</type>
    <originID>quakeml:eu.emsc/event/20040623_0000018/origin/1307138</originID>
    <creationInfo>
      <agencyURI>smi:smi-registry/organization/EMSC</agencyURI>
      <authorURI>smi:smi-registry/organization/EMSC</authorURI>
    </creationInfo>
  </magnitude>
</event>
<event publicID="quakeml:eu.emsc/event/20040623_0000016">
  <preferredOriginID>quakeml:eu.emsc/event/20040623_0000016/origin/1307140</preferredOriginID>
  <preferredMagnitudeID>quakeml:eu.emsc/event/20040623_0000016/origin/1307140/mag/2</preferredMagnitudeID>
  <creationInfo>
    <agencyURI>smi:smi-registry/organization/EMSC</agencyURI>
    <authorURI>smi:smi-registry/organization/EMSC</authorURI>
    <creationTime>2014-12-11T02:40:57.859213Z</creationTime>
  </creationInfo>
  <description>
    <text>WESTERN TURKEY</text>
    <type>Flinn-Engdahl region</type>
  </description>
  <origin publicID="quakeml:eu.emsc/event/20040623_0000016/origin/1307140">
    <time>
      <value>2004-06-23T07:49:07.6Z</value>
    </time>
    <latitude>
      <value>38.64</value>
      <uncertainty>9999.9</uncertainty>
    </latitude>
    <longitude>
      <value>30.856</value>
      <uncertainty>9999.9</uncertainty>
    </longitude>
    <depth>
      <value>18000</value>
    </depth>
    <depthType>from location</depthType>
    <methodID>smi:eu.emsc-csem/origin_method/NA</methodID>
    <quality>
      <usedPhaseCount>6</usedPhaseCount>
      <usedStationCount>4</usedStationCount>
      <standardError>0.96</standardError>
      <azimuthalGap>232</azimuthalGap>
      <minimumDistance>0.71</minimumDistance>
      <maximumDistance>2.24</maximumDistance>
    </quality>
    <evaluationMode>manual</evaluationMode>
    <creationInfo>
      <agencyURI>smi:smi-registry/organization/EMSC</agencyURI>
      <authorURI>smi:smi-registry/organization/EMSC</authorURI>
    </creationInfo>
    <originUncertainty>
      <azimuthMaxHorizontalUncertainty>-99</azimuthMaxHorizontalUncertainty>
    </originUncertainty>
  </origin>
  <magnitude publicID="quakeml:eu.emsc/event/20040623_0000016/origin/1307140/mag/2">
    <mag>
      <value>3</value>
    </mag>
    <type>MD</type>
    <originID>quakeml:eu.emsc/event/20040623_0000016/origin/1307140</originID>
    <creationInfo>
      <agencyURI>smi:smi-registry/organization/EMSC</agencyURI>
      <authorURI>smi:smi-registry/organization/EMSC</authorURI>
    </creationInfo>
  </magnitude>
</event>
<event publicID="quakeml:eu.emsc/event/20040623_0000012">
  <preferredOriginID>quakeml:eu.emsc/event/20040623_0000012/origin/1307142</preferredOriginID>
  <preferredMagnitudeID>quakeml:eu.emsc/event/20040623_0000012/origin/1307142/mag/2</preferredMagnitudeID>
  <creationInfo>
    <agencyURI>smi:smi-registry/organization/EMSC</agencyURI>
    <authorURI>smi:smi-registry/organization/EMSC</authorURI>
    <creationTime>2014-12-11T02:40:53.122527Z</creationTime>
  </creationInfo>
  <description>
    <text>DODECANESE ISLANDS, GREECE</text>
    <type>Flinn-Engdahl region</type>
  </description>
  <origin publicID="quakeml:eu.emsc/event/20040623_0000012/origin/1307142">
    <time>
      <value>2004-06-23T03:30:00.2Z</value>
    </time>
    <latitude>
      <value>35.32</value>
      <uncertainty>9999.9</uncertainty>
    </latitude>
    <longitude>
      <value>27.13</value>
      <uncertainty>9999.9</uncertainty>
    </longitude>
    <depth>
      <value>19000</value>
    </depth>
    <depthType>from location</depthType>
    <methodID>smi:eu.emsc-csem/origin_method/NA</methodID>
    <quality>
      <usedPhaseCount>5</usedPhaseCount>
      <usedStationCount>4</usedStationCount>
      <standardError>1.24</standardError>
      <azimuthalGap>207</azimuthalGap>
      <minimumDistance>0.23</minimumDistance>
      <maximumDistance>1.26</maximumDistance>
    </quality>
    <evaluationMode>manual</evaluationMode>
    <creationInfo>
      <agencyURI>smi:smi-registry/organization/EMSC</agencyURI>
      <authorURI>smi:smi-registry/organization/EMSC</authorURI>
    </creationInfo>
    <originUncertainty>
      <azimuthMaxHorizontalUncertainty>-99</azimuthMaxHorizontalUncertainty>
    </originUncertainty>
  </origin>
  <magnitude publicID="quakeml:eu.emsc/event/20040623_0000012/origin/1307142/mag/2">
    <mag>
      <value>3</value>
    </mag>
    <type>MD</type>
    <originID>quakeml:eu.emsc/event/20040623_0000012/origin/1307142</originID>
    <creationInfo>
      <agencyURI>smi:smi-registry/organization/EMSC</agencyURI>
      <authorURI>smi:smi-registry/organization/EMSC</authorURI>
    </creationInfo>
  </magnitude>
</event>
<event publicID="quakeml:eu.emsc/event/20040623_0000010">
  <preferredOriginID>quakeml:eu.emsc/event/20040623_0000010/origin/1317392</preferredOriginID>
  <preferredMagnitudeID>quakeml:eu.emsc/event/20040623_0000010/origin/1317392/mag/2</preferredMagnitudeID>
  <creationInfo>
    <agencyURI>smi:smi-registry/organization/EMSC</agencyURI>
    <authorURI>smi:smi-registry/organization/EMSC</authorURI>
    <creationTime>2014-12-03T12:01:56.903783Z</creationTime>
  </creationInfo>
  <description>
    <text>WESTERN SAUDI ARABIA</text>
    <type>Flinn-Engdahl region</type>
  </description>
  <origin publicID="quakeml:eu.emsc/event/20040623_0000010/origin/1317392">
    <time>
      <value>2004-06-23T03:04:43.9Z</value>
      <uncertainty>0.32</uncertainty>
    </time>
    <latitude>
      <value>27.7958</value>
      <uncertainty>10.4</uncertainty>
    </latitude>
    <longitude>
      <value>36.9522</value>
      <uncertainty>3.7</uncertainty>
    </longitude>
    <depth>
      <value>10000</value>
    </depth>
    <depthType>from location</depthType>
    <methodID>smi:eu.emsc-csem/origin_method/NA</methodID>
    <quality>
      <usedPhaseCount>42</usedPhaseCount>
      <usedStationCount>42</usedStationCount>
      <standardError>0.71</standardError>
      <azimuthalGap>203</azimuthalGap>
      <minimumDistance>1.44</minimumDistance>
      <maximumDistance>56.47</maximumDistance>
    </quality>
    <evaluationMode>manual</evaluationMode>
    <creationInfo>
      <agencyURI>smi:smi-registry/organization/EMSC</agencyURI>
      <authorURI>smi:smi-registry/organization/EMSC</authorURI>
    </creationInfo>
    <originUncertainty>
      <azimuthMaxHorizontalUncertainty>20</azimuthMaxHorizontalUncertainty>
    </originUncertainty>
  </origin>
  <magnitude publicID="quakeml:eu.emsc/event/20040623_0000010/origin/1317392/mag/2">
    <mag>
      <value>4.9</value>
    </mag>
    <type>ML</type>
    <originID>quakeml:eu.emsc/event/20040623_0000010/origin/1317392</originID>
    <creationInfo>
      <agencyURI>smi:smi-registry/organization/EMSC</agencyURI>
      <authorURI>smi:smi-registry/organization/EMSC</authorURI>
    </creationInfo>
  </magnitude>
</event>
<event publicID="quakeml:eu.emsc/event/20040623_0000007">
  <preferredOriginID>quakeml:eu.emsc/event/20040623_0000007/origin/1317396</preferredOriginID>
  <preferredMagnitudeID>quakeml:eu.emsc/event/20040623_0000007/origin/1317396/mag/2</preferredMagnitudeID>
  <creationInfo>
    <agencyURI>smi:smi-registry/organization/EMSC</agencyURI>
    <authorURI>smi:smi-registry/organization/EMSC</authorURI>
    <creationTime>2014-12-03T11:13:37.376339Z</creationTime>
  </creationInfo>
  <description>
    <text>DODECANESE ISLANDS, GREECE</text>
    <type>Flinn-Engdahl region</type>
  </description>
  <origin publicID="quakeml:eu.emsc/event/20040623_0000007/origin/1317396">
    <time>
      <value>2004-06-23T02:56:35.9Z</value>
      <uncertainty>0.46</uncertainty>
    </time>
    <latitude>
      <value>35.2086</value>
      <uncertainty>11.4</uncertainty>
    </latitude>
    <longitude>
      <value>27.1486</value>
      <uncertainty>5.7</uncertainty>
    </longitude>
    <depth>
      <value>5000</value>
    </depth>
    <depthType>from location</depthType>
    <methodID>smi:eu.emsc-csem/origin_method/NA</methodID>
    <quality>
      <usedPhaseCount>18</usedPhaseCount>
      <usedStationCount>14</usedStationCount>
      <standardError>0.84</standardError>
      <azimuthalGap>200</azimuthalGap>
      <minimumDistance>0.34</minimumDistance>
      <maximumDistance>3.73</maximumDistance>
    </quality>
    <evaluationMode>manual</evaluationMode>
    <creationInfo>
      <agencyURI>smi:smi-registry/organization/EMSC</agencyURI>
      <authorURI>smi:smi-registry/organization/EMSC</authorURI>
    </creationInfo>
    <originUncertainty>
      <azimuthMaxHorizontalUncertainty>155</azimuthMaxHorizontalUncertainty>
    </originUncertainty>
  </origin>
  <magnitude publicID="quakeml:eu.emsc/event/20040623_0000007/origin/1317396/mag/2">
    <mag>
      <value>3.5</value>
    </mag>
    <type>MD</type>
    <originID>quakeml:eu.emsc/event/20040623_0000007/origin/1317396</originID>
    <creationInfo>
      <agencyURI>smi:smi-registry/organization/EMSC</agencyURI>
      <authorURI>smi:smi-registry/organization/EMSC</authorURI>
    </creationInfo>
  </magnitude>
</event>
<event publicID="quakeml:eu.emsc/event/20040623_0000003">
  <preferredOriginID>quakeml:eu.emsc/event/20040623_0000003/origin/1317400</preferredOriginID>
  <preferredMagnitudeID>quakeml:eu.emsc/event/20040623_0000003/origin/1317400/mag/2</preferredMagnitudeID>
  <creationInfo>
    <agencyURI>smi:smi-registry/organization/EMSC</agencyURI>
    <authorURI>smi:smi-registry/organization/EMSC</authorURI>
    <creationTime>2014-12-03T10:54:40.332459Z</creationTime>
  </creationInfo>
  <description>
    <text>NEAR THE COAST OF WESTERN TURKEY</text>
    <type>Flinn-Engdahl region</type>
  </description>
  <origin publicID="quakeml:eu.emsc/event/20040623_0000003/origin/1317400">
    <time>
      <value>2004-06-23T02:41:10.0Z</value>
      <uncertainty>0.17</uncertainty>
    </time>
    <latitude>
      <value>38.9562</value>
      <uncertainty>4.7</uncertainty>
    </latitude>
    <longitude>
      <value>26.2827</value>
      <uncertainty>3.3</uncertainty>
    </longitude>
    <depth>
      <value>5000</value>
    </depth>
    <depthType>from location</depthType>
    <methodID>smi:eu.emsc-csem/origin_method/NA</methodID>
    <quality>
      <usedPhaseCount>41</usedPhaseCount>
      <usedStationCount>37</usedStationCount>
      <standardError>0.83</standardError>
      <azimuthalGap>74</azimuthalGap>
      <minimumDistance>0.29</minimumDistance>
      <maximumDistance>4.32</maximumDistance>
    </quality>
    <evaluationMode>manual</evaluationMode>
    <creationInfo>
      <agencyURI>smi:smi-registry/organization/EMSC</agencyURI>
      <authorURI>smi:smi-registry/organization/EMSC</authorURI>
    </creationInfo>
    <originUncertainty>
      <azimuthMaxHorizontalUncertainty>31</azimuthMaxHorizontalUncertainty>
    </originUncertainty>
  </origin>
  <magnitude publicID="quakeml:eu.emsc/event/20040623_0000003/origin/1317400/mag/2">
    <mag>
      <value>3.3</value>
    </mag>
    <type>MD</type>
    <originID>quakeml:eu.emsc/event/20040623_0000003/origin/1317400</originID>
    <creationInfo>
      <agencyURI>smi:smi-registry/organization/EMSC</agencyURI>
      <authorURI>smi:smi-registry/organization/EMSC</authorURI>
    </creationInfo>
  </magnitude>
</event>
<event publicID="quakeml:eu.emsc/event/20040623_0000006">
  <preferredOriginID>quakeml:eu.emsc/event/20040623_0000006/origin/1307144</preferredOriginID>
  <preferredMagnitudeID>quakeml:eu.emsc/event/20040623_0000006/origin/1307144/mag/2</preferredMagnitudeID>
  <creationInfo>
    <agencyURI>smi:smi-registry/organization/EMSC</agencyURI>
    <authorURI>smi:smi-registry/organization/EMSC</authorURI>
    <creationTime>2014-12-11T02:40:37.665904Z</creationTime>
  </creationInfo>
  <description>
    <text>EASTERN TURKEY</text>
    <type>Flinn-Engdahl region</type>
  </description>
  <origin publicID="quakeml:eu.emsc/event/20040623_0000006/origin/1307144">
    <time>
      <value>2004-06-23T02:34:45.9Z</value>
    </time>
    <latitude>
      <value>39.961</value>
      <uncertainty>9999.9</uncertainty>
    </latitude>
    <longitude>
      <value>40.858</value>
      <uncertainty>9999.9</uncertainty>
    </longitude>
    <depth>
      <value>10000</value>
    </depth>
    <depthType>from location</depthType>
    <methodID>smi:eu.emsc-csem/origin_method/NA</methodID>
    <quality>
      <usedPhaseCount>8</usedPhaseCount>
      <usedStationCount>6</usedStationCount>
      <standardError>0.82</standardError>
      <azimuthalGap>132</azimuthalGap>
      <minimumDistance>0.98</minimumDistance>
      <maximumDistance>1.83</maximumDistance>
    </quality>
    <evaluationMode>manual</evaluationMode>
    <creationInfo>
      <agencyURI>smi:smi-registry/organization/EMSC</agencyURI>
      <authorURI>smi:smi-registry/organization/EMSC</authorURI>
    </creationInfo>
    <originUncertainty>
      <azimuthMaxHorizontalUncertainty>-99</azimuthMaxHorizontalUncertainty>
    </originUncertainty>
  </origin>
  <magnitude publicID="quakeml:eu.emsc/event/20040623_0000006/origin/1307144/mag/2">
    <mag>
      <value>3.3</value>
    </mag>
    <type>MD</type>
    <originID>quakeml:eu.emsc/event/20040623_0000006/origin/1307144</originID>
    <creationInfo>
      <agencyURI>smi:smi-registry/organization/EMSC</agencyURI>
      <authorURI>smi:smi-registry/organization/EMSC</authorURI>
    </creationInfo>
  </magnitude>
</event>
<event publicID="quakeml:eu.emsc/event/20040623_0000036">
  <preferredOriginID>quakeml:eu.emsc/event/20040623_0000036/origin/1307146</preferredOriginID>
  <preferredMagnitudeID>quakeml:eu.emsc/event/20040623_0000036/origin/1307146/mag/2</preferredMagnitudeID>
  <creationInfo>
    <agencyURI>smi:smi-registry/organization/EMSC</agencyURI>
    <authorURI>smi:smi-registry/organization/EMSC</authorURI>
    <creationTime>2014-12-10T18:15:25.133802Z</creationTime>
  </creationInfo>
  <description>
    <text>NORTHERN ITALY</text>
    <type>Flinn-Engdahl region</type>
  </description>
  <origin publicID="quakeml:eu.emsc/event/20040623_0000036/origin/1307146">
    <time>
      <value>2004-06-23T02:18:46.6Z</value>
    </time>
    <latitude>
      <value>44.1167</value>
      <uncertainty>9999.9</uncertainty>
    </latitude>
    <longitude>
      <value>7.5632</value>
      <uncertainty>9999.9</uncertainty>
    </longitude>
    <depth>
      <value>8600.0</value>
    </depth>
    <depthType>from location</depthType>
    <methodID>smi:eu.emsc-csem/origin_method/NA</methodID>
    <quality>
      <usedPhaseCount>19</usedPhaseCount>
      <usedStationCount>9</usedStationCount>
      <standardError>2.84</standardError>
      <azimuthalGap>132</azimuthalGap>
      <minimumDistance>0.14</minimumDistance>
      <maximumDistance>0.47</maximumDistance>
    </quality>
    <evaluationMode>manual</evaluationMode>
    <creationInfo>
      <agencyURI>smi:smi-registry/organization/EMSC</agencyURI>
      <authorURI>smi:smi-registry/organization/EMSC</authorURI>
    </creationInfo>
    <originUncertainty>
      <azimuthMaxHorizontalUncertainty>-99</azimuthMaxHorizontalUncertainty>
    </originUncertainty>
  </origin>
  <magnitude publicID="quakeml:eu.emsc/event/20040623_0000036/origin/1307146/mag/2">
    <mag>
      <value>2</value>
    </mag>
    <type>ML</type>
    <originID>quakeml:eu.emsc/event/20040623_0000036/origin/1307146</originID>
    <creationInfo>
      <agencyURI>smi:smi-registry/organization/EMSC</agencyURI>
      <authorURI>smi:smi-registry/organization/EMSC</authorURI>
    </creationInfo>
  </magnitude>
</event>
<event publicID="quakeml:eu.emsc/event/20040623_0000004">
  <preferredOriginID>quakeml:eu.emsc/event/20040623_0000004/origin/1307148</preferredOriginID>
  <preferredMagnitudeID>quakeml:eu.emsc/event/20040623_0000004/origin/1307148/mag/2</preferredMagnitudeID>
  <creationInfo>
    <agencyURI>smi:smi-registry/organization/EMSC</agencyURI>
    <authorURI>smi:smi-registry/organization/EMSC</authorURI>
    <creationTime>2014-12-11T02:40:34.778661Z</creationTime>
  </creationInfo>
  <description>
    <text>TURKEY-SYRIA-IRAQ BORDER REGION</text>
    <type>Flinn-Engdahl region</type>
  </description>
  <origin publicID="quakeml:eu.emsc/event/20040623_0000004/origin/1307148">
    <time>
      <value>2004-06-23T01:54:58.6Z</value>
    </time>
    <latitude>
      <value>37.959</value>
      <uncertainty>9999.9</uncertainty>
    </latitude>
    <longitude>
      <value>42.515</value>
      <uncertainty>9999.9</uncertainty>
    </longitude>
    <depth>
      <value>4000</value>
    </depth>
    <depthType>from location</depthType>
    <methodID>smi:eu.emsc-csem/origin_method/NA</methodID>
    <quality>
      <usedPhaseCount>12</usedPhaseCount>
      <usedStationCount>9</usedStationCount>
      <standardError>2.55</standardError>
      <azimuthalGap>157</azimuthalGap>
      <minimumDistance>0.75</minimumDistance>
      <maximumDistance>3.25</maximumDistance>
    </quality>
    <evaluationMode>manual</evaluationMode>
    <creationInfo>
      <agencyURI>smi:smi-registry/organization/EMSC</agencyURI>
      <authorURI>smi:smi-registry/organization/EMSC</authorURI>
    </creationInfo>
    <originUncertainty>
      <azimuthMaxHorizontalUncertainty>-99</azimuthMaxHorizontalUncertainty>
    </originUncertainty>
  </origin>
  <magnitude publicID="quakeml:eu.emsc/event/20040623_0000004/origin/1307148/mag/2">
    <mag>
      <value>3.2</value>
    </mag>
    <type>MD</type>
    <originID>quakeml:eu.emsc/event/20040623_0000004/origin/1307148</originID>
    <creationInfo>
      <agencyURI>smi:smi-registry/organization/EMSC</agencyURI>
      <authorURI>smi:smi-registry/organization/EMSC</authorURI>
    </creationInfo>
  </magnitude>
</event>
<event publicID="quakeml:eu.emsc/event/20040623_0000041">
  <preferredOriginID>quakeml:eu.emsc/event/20040623_0000041/origin/1307150</preferredOriginID>
  <preferredMagnitudeID>quakeml:eu.emsc/event/20040623_0000041/origin/1307150/mag/2</preferredMagnitudeID>
  <creationInfo>
    <agencyURI>smi:smi-registry/organization/EMSC</agencyURI>
    <authorURI>smi:smi-registry/organization/EMSC</authorURI>
    <creationTime>2014-12-10T18:15:24.623766Z</creationTime>
  </creationInfo>
  <description>
    <text>NORTHERN ITALY</text>
    <type>Flinn-Engdahl region</type>
  </description>
  <origin publicID="quakeml:eu.emsc/event/20040623_0000041/origin/1307150">
    <time>
      <value>2004-06-23T01:42:28.2Z</value>
    </time>
    <latitude>
      <value>45.1196</value>
      <uncertainty>9999.9</uncertainty>
    </latitude>
    <longitude>
      <value>7.256</value>
      <uncertainty>9999.9</uncertainty>
    </longitude>
    <depth>
      <value>2000</value>
    </depth>
    <depthType>from location</depthType>
    <methodID>smi:eu.emsc-csem/origin_method/NA</methodID>
    <quality>
      <usedPhaseCount>7</usedPhaseCount>
      <usedStationCount>4</usedStationCount>
      <standardError>0.35</standardError>
      <azimuthalGap>264</azimuthalGap>
      <minimumDistance>0.52</minimumDistance>
      <maximumDistance>1</maximumDistance>
    </quality>
    <evaluationMode>manual</evaluationMode>
    <creationInfo>
      <agencyURI>smi:smi-registry/organization/EMSC</agencyURI>
      <authorURI>smi:smi-registry/organization/EMSC</authorURI>
    </creationInfo>
    <originUncertainty>
      <azimuthMaxHorizontalUncertainty>-99</azimuthMaxHorizontalUncertainty>
    </originUncertainty>
  </origin>
  <magnitude publicID="quakeml:eu.emsc/event/20040623_0000041/origin/1307150/mag/2">
    <mag>
      <value>1.3</value>
    </mag>
    <type>ML</type>
    <originID>quakeml:eu.emsc/event/20040623_0000041/origin/1307150</originID>
    <stationCount>1</stationCount>
    <creationInfo>
      <agencyURI>smi:smi-registry/organization/EMSC</agencyURI>
      <authorURI>smi:smi-registry/organization/EMSC</authorURI>
    </creationInfo>
  </magnitude>
</event>
<event publicID="quakeml:eu.emsc/event/20040623_0000001">
  <preferredOriginID>quakeml:eu.emsc/event/20040623_0000001/origin/1317402</preferredOriginID>
  <preferredMagnitudeID>quakeml:eu.emsc/event/20040623_0000001/origin/1317402/mag/2</preferredMagnitudeID>
  <creationInfo>
    <agencyURI>smi:smi-registry/organization/EMSC</agencyURI>
    <authorURI>smi:smi-registry/organization/EMSC</authorURI>
    <creationTime>2014-12-03T12:07:25.445169Z</creationTime>
  </creationInfo>
  <description>
    <text>DODECANESE ISLANDS, GREECE</text>
    <type>Flinn-Engdahl region</type>
  </description>
  <origin publicID="quakeml:eu.emsc/event/20040623_0000001/origin/1317402">
    <time>
      <value>2004-06-23T01:37:24.9Z</value>
      <uncertainty>3.56</uncertainty>
    </time>
    <latitude>
      <value>35.3063</value>
      <uncertainty>91.4</uncertainty>
    </latitude>
    <longitude>
      <value>27.2069</value>
      <uncertainty>15.4</uncertainty>
    </longitude>
    <depth>
      <value>2000</value>
    </depth>
    <depthType>from location</depthType>
    <methodID>smi:eu.emsc-csem/origin_method/NA</methodID>
    <quality>
      <usedPhaseCount>6</usedPhaseCount>
      <usedStationCount>6</usedStationCount>
      <standardError>0.48</standardError>
      <azimuthalGap>302</azimuthalGap>
      <minimumDistance>0.24</minimumDistance>
      <maximumDistance>1.87</maximumDistance>
    </quality>
    <evaluationMode>manual</evaluationMode>
    <creationInfo>
      <agencyURI>smi:smi-registry/organization/EMSC</agencyURI>
      <authorURI>smi:smi-registry/organization/EMSC</authorURI>
    </creationInfo>
    <originUncertainty>
      <azimuthMaxHorizontalUncertainty>121</azimuthMaxHorizontalUncertainty>
    </originUncertainty>
  </origin>
  <magnitude publicID="quakeml:eu.emsc/event/20040623_0000001/origin/1317402/mag/2">
    <mag>
      <value>3.2</value>
    </mag>
    <type>MD</type>
    <originID>quakeml:eu.emsc/event/20040623_0000001/origin/1317402</originID>
    <creationInfo>
      <agencyURI>smi:smi-registry/organization/EMSC</agencyURI>
      <authorURI>smi:smi-registry/organization/EMSC</authorURI>
    </creationInfo>
  </magnitude>
</event>
<event publicID="quakeml:eu.emsc/event/20040623_0000002">
  <preferredOriginID>quakeml:eu.emsc/event/20040623_0000002/origin/1307152</preferredOriginID>
  <preferredMagnitudeID>quakeml:eu.emsc/event/20040623_0000002/origin/1307152/mag/2</preferredMagnitudeID>
  <creationInfo>
    <agencyURI>smi:smi-registry/organization/EMSC</agencyURI>
    <authorURI>smi:smi-registry/organization/EMSC</authorURI>
    <creationTime>2014-12-11T02:40:32.16037Z</creationTime>
  </creationInfo>
  <description>
    <text>CANARY ISLANDS, SPAIN REGION</text>
    <type>Flinn-Engdahl region</type>
  </description>
  <origin publicID="quakeml:eu.emsc/event/20040623_0000002/origin/1307152">
    <time>
      <value>2004-06-23T01:23:57.6Z</value>
    </time>
    <latitude>
      <value>30.4112</value>
      <uncertainty>9999.9</uncertainty>
    </latitude>
    <longitude>
      <value>-17.9541</value>
      <uncertainty>9999.9</uncertainty>
    </longitude>
    <depth>
      <value>0</value>
    </depth>
    <depthType>from location</depthType>
    <methodID>smi:eu.emsc-csem/origin_method/NA</methodID>
    <quality>
      <usedPhaseCount>6</usedPhaseCount>
      <usedStationCount>6</usedStationCount>
      <standardError>3.63</standardError>
      <azimuthalGap>319</azimuthalGap>
      <minimumDistance>2.32</minimumDistance>
      <maximumDistance>2.67</maximumDistance>
    </quality>
    <evaluationMode>manual</evaluationMode>
    <creationInfo>
      <agencyURI>smi:smi-registry/organization/EMSC</agencyURI>
      <authorURI>smi:smi-registry/organization/EMSC</authorURI>
    </creationInfo>
    <originUncertainty>
      <azimuthMaxHorizontalUncertainty>-99</azimuthMaxHorizontalUncertainty>
    </originUncertainty>
  </origin>
  <magnitude publicID="quakeml:eu.emsc/event/20040623_0000002/origin/1307152/mag/2">
    <mag>
      <value>4</value>
      <uncertainty>0.1</uncertainty>
    </mag>
    <type>mb</type>
    <originID>quakeml:eu.emsc/event/20040623_0000002/origin/1307152</originID>
    <stationCount>6</stationCount>
    <creationInfo>
      <agencyURI>smi:smi-registry/organization/EMSC</agencyURI>
      <authorURI>smi:smi-registry/organization/EMSC</authorURI>
    </creationInfo>
  </magnitude>
</event>
<event publicID="quakeml:eu.emsc/event/20040623_0000038">
  <preferredOriginID>quakeml:eu.emsc/event/20040623_0000038/origin/1317024</preferredOriginID>
  <preferredMagnitudeID>quakeml:eu.emsc/event/20040623_0000038/origin/1317024/mag/1</preferredMagnitudeID>
  <creationInfo>
    <agencyURI>smi:smi-registry/organization/EMSC</agencyURI>
    <authorURI>smi:smi-registry/organization/EMSC</authorURI>
    <creationTime>2014-12-03T15:49:04.271356Z</creationTime>
  </creationInfo>
  <description>
    <text>SWITZERLAND</text>
    <type>Flinn-Engdahl region</type>
  </description>
  <origin publicID="quakeml:eu.emsc/event/20040623_0000038/origin/1317024">
    <time>
      <value>2004-06-23T00:27:25.4Z</value>
      <uncertainty>0.15</uncertainty>
    </time>
    <latitude>
      <value>47.2266</value>
      <uncertainty>2.4</uncertainty>
    </latitude>
    <longitude>
      <value>7.4513</value>
      <uncertainty>1.8</uncertainty>
    </longitude>
    <depth>
      <value>19000</value>
    </depth>
    <depthType>from location</depthType>
    <methodID>smi:eu.emsc-csem/origin_method/NA</methodID>
    <quality>
      <usedPhaseCount>35</usedPhaseCount>
      <usedStationCount>18</usedStationCount>
      <standardError>0.53</standardError>
      <azimuthalGap>158</azimuthalGap>
      <minimumDistance>0.22</minimumDistance>
      <maximumDistance>2.45</maximumDistance>
    </quality>
    <evaluationMode>manual</evaluationMode>
    <creationInfo>
      <agencyURI>smi:smi-registry/organization/EMSC</agencyURI>
      <authorURI>smi:smi-registry/organization/EMSC</authorURI>
    </creationInfo>
    <originUncertainty>
      <azimuthMaxHorizontalUncertainty>170</azimuthMaxHorizontalUncertainty>
    </originUncertainty>
  </origin>
  <magnitude publicID="quakeml:eu.emsc/event/20040623_0000038/origin/1317024/mag/1">
    <mag>
      <value>2.2</value>
      <uncertainty>0.2</uncertainty>
    </mag>
    <type>ML</type>
    <originID>quakeml:eu.emsc/event/20040623_0000038/origin/1317024</originID>
    <stationCount>8</stationCount>
    <creationInfo>
      <agencyURI>smi:smi-registry/organization/EMSC</agencyURI>
      <authorURI>smi:smi-registry/organization/EMSC</authorURI>
    </creationInfo>
  </magnitude>
</event>
</eventParameters>
</q:quakeml>
