<?xml version="1.0"?>
<q:quakeml xmlns:q="http://quakeml.org/xmlns/quakeml/1.2"  xmlns="http://quakeml.org/xmlns/bed/1.2">
<eventParameters publicID="smi:eu.emsc/unid">
<event publicID="quakeml:eu.emsc/event/20040403_0000035">
  <preferredOriginID>quakeml:eu.emsc/event/20040403_0000035/origin/1316797</preferredOriginID>
  <preferredMagnitudeID>quakeml:eu.emsc/event/20040403_0000035/origin/1316797/mag/2</preferredMagnitudeID>
  <creationInfo>
    <agencyURI>smi:smi-registry/organization/EMSC</agencyURI>
    <authorURI>smi:smi-registry/organization/EMSC</authorURI>
    <creationTime>2014-12-11T00:58:23.25753Z</creationTime>
  </creationInfo>
  <description>
    <text>EASTERN TURKEY</text>
    <type>Flinn-Engdahl region</type>
  </description>
  <origin publicID="quakeml:eu.emsc/event/20040403_0000035/origin/1316797">
    <time>
      <value>2004-04-03T23:48:28.3Z</value>
    </time>
    <latitude>
      <value>37.792</value>
      <uncertainty>9999.9</uncertainty>
    </latitude>
    <longitude>
      <value>39.186</value>
      <uncertainty>9999.9</uncertainty>
    </longitude>
    <depth>
      <value>2000</value>
    </depth>
    <depthType>from location</depthType>
    <methodID>smi:eu.emsc-csem/origin_method/NA</methodID>
    <quality>
      <usedPhaseCount>8</usedPhaseCount>
      <usedStationCount>6</usedStationCount>
      <standardError>1.2</standardError>
      <azimuthalGap>166</azimuthalGap>
      <minimumDistance>0.8</minimumDistance>
      <maximumDistance>2.27</maximumDistance>
    </quality>
    <evaluationMode>manual</evaluationMode>
    <creationInfo>
      <agencyURI>smi:smi-registry/organization/EMSC</agencyURI>
      <authorURI>smi:smi-registry/organization/EMSC</authorURI>
    </creationInfo>
    <originUncertainty>
      <azimuthMaxHorizontalUncertainty>-99</azimuthMaxHorizontalUncertainty>
    </originUncertainty>
  </origin>
  <magnitude publicID="quakeml:eu.emsc/event/20040403_0000035/origin/1316797/mag/2">
    <mag>
      <value>3.4</value>
    </mag>
    <type>MD</type>
    <originID>quakeml:eu.emsc/event/20040403_0000035/origin/1316797</originID>
    <creationInfo>
      <agencyURI>smi:smi-registry/organization/EMSC</agencyURI>
      <authorURI>smi:smi-registry/organization/EMSC</authorURI>
    </creationInfo>
  </magnitude>
</event>
<event publicID="quakeml:eu.emsc/event/20040403_0000034">
  <preferredOriginID>quakeml:eu.emsc/event/20040403_0000034/origin/1322669</preferredOriginID>
  <preferredMagnitudeID>quakeml:eu.emsc/event/20040403_0000034/origin/1322669/mag/2</preferredMagnitudeID>
  <creationInfo>
    <agencyURI>smi:smi-registry/organization/EMSC</agencyURI>
    <authorURI>smi:smi-registry/organization/EMSC</authorURI>
    <creationTime>2014-12-03T10:56:33.844794Z</creationTime>
  </creationInfo>
  <description>
    <text>SOUTHERN ITALY</text>
    <type>Flinn-Engdahl region</type>
  </description>
  <origin publicID="quakeml:eu.emsc/event/20040403_0000034/origin/1322669">
    <time>
      <value>2004-04-03T23:03:32.5Z</value>
      <uncertainty>0.2</uncertainty>
    </time>
    <latitude>
      <value>38.8406</value>
      <uncertainty>5.4</uncertainty>
    </latitude>
    <longitude>
      <value>17.0157</value>
      <uncertainty>2.8</uncertainty>
    </longitude>
    <depth>
      <value>68500.0</value>
      <uncertainty>4.4</uncertainty>
    </depth>
    <depthType>from location</depthType>
    <methodID>smi:eu.emsc-csem/origin_method/NA</methodID>
    <quality>
      <usedPhaseCount>32</usedPhaseCount>
      <usedStationCount>27</usedStationCount>
      <standardError>0.48</standardError>
      <azimuthalGap>155</azimuthalGap>
      <minimumDistance>0.47</minimumDistance>
      <maximumDistance>5.94</maximumDistance>
    </quality>
    <evaluationMode>manual</evaluationMode>
    <creationInfo>
      <agencyURI>smi:smi-registry/organization/EMSC</agencyURI>
      <authorURI>smi:smi-registry/organization/EMSC</authorURI>
    </creationInfo>
    <originUncertainty>
      <azimuthMaxHorizontalUncertainty>116</azimuthMaxHorizontalUncertainty>
    </originUncertainty>
  </origin>
  <magnitude publicID="quakeml:eu.emsc/event/20040403_0000034/origin/1322669/mag/2">
    <mag>
      <value>2.6</value>
    </mag>
    <type>ML</type>
    <originID>quakeml:eu.emsc/event/20040403_0000034/origin/1322669</originID>
    <stationCount>15</stationCount>
    <creationInfo>
      <agencyURI>smi:smi-registry/organization/EMSC</agencyURI>
      <authorURI>smi:smi-registry/organization/EMSC</authorURI>
    </creationInfo>
  </magnitude>
</event>
<event publicID="quakeml:eu.emsc/event/20040403_0000032">
  <preferredOriginID>quakeml:eu.emsc/event/20040403_0000032/origin/1323006</preferredOriginID>
  <preferredMagnitudeID>quakeml:eu.emsc/event/20040403_0000032/origin/1323006/mag/2</preferredMagnitudeID>
  <creationInfo>
    <agencyURI>smi:smi-registry/organization/EMSC</agencyURI>
    <authorURI>smi:smi-registry/organization/EMSC</authorURI>
    <creationTime>2014-12-03T11:45:12.214406Z</creationTime>
  </creationInfo>
  <description>
    <text>WESTERN TURKEY</text>
    <type>Flinn-Engdahl region</type>
  </description>
  <origin publicID="quakeml:eu.emsc/event/20040403_0000032/origin/1323006">
    <time>
      <value>2004-04-03T20:57:57.4Z</value>
      <uncertainty>0.21</uncertainty>
    </time>
    <latitude>
      <value>37.0899</value>
      <uncertainty>6.4</uncertainty>
    </latitude>
    <longitude>
      <value>30.2047</value>
      <uncertainty>3.3</uncertainty>
    </longitude>
    <depth>
      <value>88200.0</value>
      <uncertainty>6.4</uncertainty>
    </depth>
    <depthType>from location</depthType>
    <methodID>smi:eu.emsc-csem/origin_method/NA</methodID>
    <quality>
      <usedPhaseCount>36</usedPhaseCount>
      <usedStationCount>32</usedStationCount>
      <standardError>0.61</standardError>
      <azimuthalGap>121</azimuthalGap>
      <minimumDistance>0.77</minimumDistance>
      <maximumDistance>8.27</maximumDistance>
    </quality>
    <evaluationMode>manual</evaluationMode>
    <creationInfo>
      <agencyURI>smi:smi-registry/organization/EMSC</agencyURI>
      <authorURI>smi:smi-registry/organization/EMSC</authorURI>
    </creationInfo>
    <originUncertainty>
      <azimuthMaxHorizontalUncertainty>60</azimuthMaxHorizontalUncertainty>
    </originUncertainty>
  </origin>
  <magnitude publicID="quakeml:eu.emsc/event/20040403_0000032/origin/1323006/mag/2">
    <mag>
      <value>3.4</value>
    </mag>
    <type>MD</type>
    <originID>quakeml:eu.emsc/event/20040403_0000032/origin/1323006</originID>
    <creationInfo>
      <agencyURI>smi:smi-registry/organization/EMSC</agencyURI>
      <authorURI>smi:smi-registry/organization/EMSC</authorURI>
    </creationInfo>
  </magnitude>
</event>
<event publicID="quakeml:eu.emsc/event/20040403_0000033">
  <preferredOriginID>quakeml:eu.emsc/event/20040403_0000033/origin/1316799</preferredOriginID>
  <preferredMagnitudeID>quakeml:eu.emsc/event/20040403_0000033/origin/1316799/mag/2</preferredMagnitudeID>
  <creationInfo>
    <agencyURI>smi:smi-registry/organization/EMSC</agencyURI>
    <authorURI>smi:smi-registry/organization/EMSC</authorURI>
    <creationTime>2014-12-11T00:58:17.589476Z</creationTime>
  </creationInfo>
  <description>
    <text>EASTERN TURKEY</text>
    <type>Flinn-Engdahl region</type>
  </description>
  <origin publicID="quakeml:eu.emsc/event/20040403_0000033/origin/1316799">
    <time>
      <value>2004-04-03T19:59:12.0Z</value>
    </time>
    <latitude>
      <value>39.899</value>
      <uncertainty>9999.9</uncertainty>
    </latitude>
    <longitude>
      <value>40.776</value>
      <uncertainty>9999.9</uncertainty>
    </longitude>
    <depth>
      <value>5000</value>
    </depth>
    <depthType>from location</depthType>
    <methodID>smi:eu.emsc-csem/origin_method/NA</methodID>
    <quality>
      <usedPhaseCount>6</usedPhaseCount>
      <usedStationCount>5</usedStationCount>
      <standardError>1.27</standardError>
      <azimuthalGap>149</azimuthalGap>
      <minimumDistance>0.35</minimumDistance>
      <maximumDistance>1.14</maximumDistance>
    </quality>
    <evaluationMode>manual</evaluationMode>
    <creationInfo>
      <agencyURI>smi:smi-registry/organization/EMSC</agencyURI>
      <authorURI>smi:smi-registry/organization/EMSC</authorURI>
    </creationInfo>
    <originUncertainty>
      <azimuthMaxHorizontalUncertainty>-99</azimuthMaxHorizontalUncertainty>
    </originUncertainty>
  </origin>
  <magnitude publicID="quakeml:eu.emsc/event/20040403_0000033/origin/1316799/mag/2">
    <mag>
      <value>3</value>
    </mag>
    <type>MD</type>
    <originID>quakeml:eu.emsc/event/20040403_0000033/origin/1316799</originID>
    <creationInfo>
      <agencyURI>smi:smi-registry/organization/EMSC</agencyURI>
      <authorURI>smi:smi-registry/organization/EMSC</authorURI>
    </creationInfo>
  </magnitude>
</event>
<event publicID="quakeml:eu.emsc/event/20040403_0000030">
  <preferredOriginID>quakeml:eu.emsc/event/20040403_0000030/origin/1322672</preferredOriginID>
  <preferredMagnitudeID>quakeml:eu.emsc/event/20040403_0000030/origin/1322672/mag/2</preferredMagnitudeID>
  <creationInfo>
    <agencyURI>smi:smi-registry/organization/EMSC</agencyURI>
    <authorURI>smi:smi-registry/organization/EMSC</authorURI>
    <creationTime>2014-12-03T10:36:46.843266Z</creationTime>
  </creationInfo>
  <description>
    <text>STRAIT OF GIBRALTAR</text>
    <type>Flinn-Engdahl region</type>
  </description>
  <origin publicID="quakeml:eu.emsc/event/20040403_0000030/origin/1322672">
    <time>
      <value>2004-04-03T19:24:20.1Z</value>
      <uncertainty>0.39</uncertainty>
    </time>
    <latitude>
      <value>35.0699</value>
      <uncertainty>9</uncertainty>
    </latitude>
    <longitude>
      <value>-3.9869</value>
      <uncertainty>5.6</uncertainty>
    </longitude>
    <depth>
      <value>2000</value>
    </depth>
    <depthType>from location</depthType>
    <methodID>smi:eu.emsc-csem/origin_method/NA</methodID>
    <quality>
      <usedPhaseCount>23</usedPhaseCount>
      <usedStationCount>15</usedStationCount>
      <standardError>0.83</standardError>
      <azimuthalGap>192</azimuthalGap>
      <minimumDistance>0.16</minimumDistance>
      <maximumDistance>3.74</maximumDistance>
    </quality>
    <evaluationMode>manual</evaluationMode>
    <creationInfo>
      <agencyURI>smi:smi-registry/organization/EMSC</agencyURI>
      <authorURI>smi:smi-registry/organization/EMSC</authorURI>
    </creationInfo>
    <originUncertainty>
      <azimuthMaxHorizontalUncertainty>24</azimuthMaxHorizontalUncertainty>
    </originUncertainty>
  </origin>
  <magnitude publicID="quakeml:eu.emsc/event/20040403_0000030/origin/1322672/mag/2">
    <mag>
      <value>2.4</value>
    </mag>
    <type>MD</type>
    <originID>quakeml:eu.emsc/event/20040403_0000030/origin/1322672</originID>
    <creationInfo>
      <agencyURI>smi:smi-registry/organization/EMSC</agencyURI>
      <authorURI>smi:smi-registry/organization/EMSC</authorURI>
    </creationInfo>
  </magnitude>
</event>
<event publicID="quakeml:eu.emsc/event/20040403_0000031">
  <preferredOriginID>quakeml:eu.emsc/event/20040403_0000031/origin/1316801</preferredOriginID>
  <preferredMagnitudeID>quakeml:eu.emsc/event/20040403_0000031/origin/1316801/mag/2</preferredMagnitudeID>
  <creationInfo>
    <agencyURI>smi:smi-registry/organization/EMSC</agencyURI>
    <authorURI>smi:smi-registry/organization/EMSC</authorURI>
    <creationTime>2014-12-11T00:58:14.82981Z</creationTime>
  </creationInfo>
  <description>
    <text>EASTERN TURKEY</text>
    <type>Flinn-Engdahl region</type>
  </description>
  <origin publicID="quakeml:eu.emsc/event/20040403_0000031/origin/1316801">
    <time>
      <value>2004-04-03T19:10:30.3Z</value>
    </time>
    <latitude>
      <value>39.968</value>
      <uncertainty>9999.9</uncertainty>
    </latitude>
    <longitude>
      <value>40.825</value>
      <uncertainty>9999.9</uncertainty>
    </longitude>
    <depth>
      <value>5000</value>
    </depth>
    <depthType>from location</depthType>
    <methodID>smi:eu.emsc-csem/origin_method/NA</methodID>
    <quality>
      <usedPhaseCount>13</usedPhaseCount>
      <usedStationCount>10</usedStationCount>
      <standardError>1.76</standardError>
      <azimuthalGap>132</azimuthalGap>
      <minimumDistance>0.32</minimumDistance>
      <maximumDistance>2.48</maximumDistance>
    </quality>
    <evaluationMode>manual</evaluationMode>
    <creationInfo>
      <agencyURI>smi:smi-registry/organization/EMSC</agencyURI>
      <authorURI>smi:smi-registry/organization/EMSC</authorURI>
    </creationInfo>
    <originUncertainty>
      <azimuthMaxHorizontalUncertainty>-99</azimuthMaxHorizontalUncertainty>
    </originUncertainty>
  </origin>
  <magnitude publicID="quakeml:eu.emsc/event/20040403_0000031/origin/1316801/mag/2">
    <mag>
      <value>3.6</value>
    </mag>
    <type>MD</type>
    <originID>quakeml:eu.emsc/event/20040403_0000031/origin/1316801</originID>
    <creationInfo>
      <agencyURI>smi:smi-registry/organization/EMSC</agencyURI>
      <authorURI>smi:smi-registry/organization/EMSC</authorURI>
    </creationInfo>
  </magnitude>
</event>
<event publicID="quakeml:eu.emsc/event/20040403_0000026">
  <preferredOriginID>quakeml:eu.emsc/event/20040403_0000026/origin/1322674</preferredOriginID>
  <preferredMagnitudeID>quakeml:eu.emsc/event/20040403_0000026/origin/1322674/mag/1</preferredMagnitudeID>
  <creationInfo>
    <agencyURI>smi:smi-registry/organization/EMSC</agencyURI>
    <authorURI>smi:smi-registry/organization/EMSC</authorURI>
    <creationTime>2014-12-03T10:45:00.171898Z</creationTime>
  </creationInfo>
  <description>
    <text>SLOVENIA</text>
    <type>Flinn-Engdahl region</type>
  </description>
  <origin publicID="quakeml:eu.emsc/event/20040403_0000026/origin/1322674">
    <time>
      <value>2004-04-03T18:57:49.7Z</value>
      <uncertainty>0.08</uncertainty>
    </time>
    <latitude>
      <value>46.1151</value>
      <uncertainty>2.1</uncertainty>
    </latitude>
    <longitude>
      <value>14.6962</value>
      <uncertainty>1</uncertainty>
    </longitude>
    <depth>
      <value>10000</value>
    </depth>
    <depthType>from location</depthType>
    <methodID>smi:eu.emsc-csem/origin_method/NA</methodID>
    <quality>
      <usedPhaseCount>26</usedPhaseCount>
      <usedStationCount>15</usedStationCount>
      <standardError>0.44</standardError>
      <azimuthalGap>137</azimuthalGap>
      <minimumDistance>0.14</minimumDistance>
      <maximumDistance>0.73</maximumDistance>
    </quality>
    <evaluationMode>manual</evaluationMode>
    <creationInfo>
      <agencyURI>smi:smi-registry/organization/EMSC</agencyURI>
      <authorURI>smi:smi-registry/organization/EMSC</authorURI>
    </creationInfo>
  </origin>
  <magnitude publicID="quakeml:eu.emsc/event/20040403_0000026/origin/1322674/mag/1">
    <mag>
      <value>1.9</value>
      <uncertainty>0.1</uncertainty>
    </mag>
    <type>ML</type>
    <originID>quakeml:eu.emsc/event/20040403_0000026/origin/1322674</originID>
    <stationCount>6</stationCount>
    <creationInfo>
      <agencyURI>smi:smi-registry/organization/EMSC</agencyURI>
      <authorURI>smi:smi-registry/organization/EMSC</authorURI>
    </creationInfo>
  </magnitude>
</event>
<event publicID="quakeml:eu.emsc/event/20040403_0000029">
  <preferredOriginID>quakeml:eu.emsc/event/20040403_0000029/origin/1316803</preferredOriginID>
  <preferredMagnitudeID>quakeml:eu.emsc/event/20040403_0000029/origin/1316803/mag/2</preferredMagnitudeID>
  <creationInfo>
    <agencyURI>smi:smi-registry/organization/EMSC</agencyURI>
    <authorURI>smi:smi-registry/organization/EMSC</authorURI>
    <creationTime>2014-12-11T00:58:08.493668Z</creationTime>
  </creationInfo>
  <description>
    <text>NEAR THE COAST OF WESTERN TURKEY</text>
    <type>Flinn-Engdahl region</type>
  </description>
  <origin publicID="quakeml:eu.emsc/event/20040403_0000029/origin/1316803">
    <time>
      <value>2004-04-03T18:42:38.8Z</value>
    </time>
    <latitude>
      <value>38.869</value>
      <uncertainty>9999.9</uncertainty>
    </latitude>
    <longitude>
      <value>26.72</value>
      <uncertainty>9999.9</uncertainty>
    </longitude>
    <depth>
      <value>19000</value>
    </depth>
    <depthType>from location</depthType>
    <methodID>smi:eu.emsc-csem/origin_method/NA</methodID>
    <quality>
      <usedPhaseCount>8</usedPhaseCount>
      <usedStationCount>7</usedStationCount>
      <standardError>0.79</standardError>
      <azimuthalGap>204</azimuthalGap>
      <minimumDistance>0.63</minimumDistance>
      <maximumDistance>1.88</maximumDistance>
    </quality>
    <evaluationMode>manual</evaluationMode>
    <creationInfo>
      <agencyURI>smi:smi-registry/organization/EMSC</agencyURI>
      <authorURI>smi:smi-registry/organization/EMSC</authorURI>
    </creationInfo>
    <originUncertainty>
      <azimuthMaxHorizontalUncertainty>-99</azimuthMaxHorizontalUncertainty>
    </originUncertainty>
  </origin>
  <magnitude publicID="quakeml:eu.emsc/event/20040403_0000029/origin/1316803/mag/2">
    <mag>
      <value>3.1</value>
    </mag>
    <type>MD</type>
    <originID>quakeml:eu.emsc/event/20040403_0000029/origin/1316803</originID>
    <creationInfo>
      <agencyURI>smi:smi-registry/organization/EMSC</agencyURI>
      <authorURI>smi:smi-registry/organization/EMSC</authorURI>
    </creationInfo>
  </magnitude>
</event>
<event publicID="quakeml:eu.emsc/event/20040403_0000045">
  <preferredOriginID>quakeml:eu.emsc/event/20040403_0000045/origin/1309672</preferredOriginID>
  <preferredMagnitudeID>quakeml:eu.emsc/event/20040403_0000045/origin/1309672/mag/2</preferredMagnitudeID>
  <creationInfo>
    <agencyURI>smi:smi-registry/organization/EMSC</agencyURI>
    <authorURI>smi:smi-registry/organization/EMSC</authorURI>
    <creationTime>2014-12-10T18:22:10.543604Z</creationTime>
  </creationInfo>
  <description>
    <text>FRANCE</text>
    <type>Flinn-Engdahl region</type>
  </description>
  <origin publicID="quakeml:eu.emsc/event/20040403_0000045/origin/1309672">
    <time>
      <value>2004-04-03T18:01:56.7Z</value>
    </time>
    <latitude>
      <value>44.9917</value>
      <uncertainty>9999.9</uncertainty>
    </latitude>
    <longitude>
      <value>6.5828</value>
      <uncertainty>9999.9</uncertainty>
    </longitude>
    <depth>
      <value>3000</value>
    </depth>
    <depthType>from location</depthType>
    <methodID>smi:eu.emsc-csem/origin_method/NA</methodID>
    <quality>
      <usedPhaseCount>8</usedPhaseCount>
      <usedStationCount>5</usedStationCount>
      <standardError>1.9</standardError>
      <azimuthalGap>258</azimuthalGap>
      <minimumDistance>0.16</minimumDistance>
      <maximumDistance>0.62</maximumDistance>
    </quality>
    <evaluationMode>manual</evaluationMode>
    <creationInfo>
      <agencyURI>smi:smi-registry/organization/EMSC</agencyURI>
      <authorURI>smi:smi-registry/organization/EMSC</authorURI>
    </creationInfo>
    <originUncertainty>
      <azimuthMaxHorizontalUncertainty>-99</azimuthMaxHorizontalUncertainty>
    </originUncertainty>
  </origin>
  <magnitude publicID="quakeml:eu.emsc/event/20040403_0000045/origin/1309672/mag/2">
    <mag>
      <value>1.7</value>
    </mag>
    <type>ML</type>
    <originID>quakeml:eu.emsc/event/20040403_0000045/origin/1309672</originID>
    <creationInfo>
      <agencyURI>smi:smi-registry/organization/EMSC</agencyURI>
      <authorURI>smi:smi-registry/organization/EMSC</authorURI>
    </creationInfo>
  </magnitude>
</event>
<event publicID="quakeml:eu.emsc/event/20040403_0000028">
  <preferredOriginID>quakeml:eu.emsc/event/20040403_0000028/origin/1309674</preferredOriginID>
  <preferredMagnitudeID>quakeml:eu.emsc/event/20040403_0000028/origin/1309674/mag/2</preferredMagnitudeID>
  <creationInfo>
    <agencyURI>smi:smi-registry/organization/EMSC</agencyURI>
    <authorURI>smi:smi-registry/organization/EMSC</authorURI>
    <creationTime>2014-12-11T00:58:06.55902Z</creationTime>
  </creationInfo>
  <description>
    <text>WESTERN TURKEY</text>
    <type>Flinn-Engdahl region</type>
  </description>
  <origin publicID="quakeml:eu.emsc/event/20040403_0000028/origin/1309674">
    <time>
      <value>2004-04-03T18:01:38.3Z</value>
    </time>
    <latitude>
      <value>38.992</value>
      <uncertainty>9999.9</uncertainty>
    </latitude>
    <longitude>
      <value>27.026</value>
      <uncertainty>9999.9</uncertainty>
    </longitude>
    <depth>
      <value>18000</value>
    </depth>
    <depthType>from location</depthType>
    <methodID>smi:eu.emsc-csem/origin_method/NA</methodID>
    <quality>
      <usedPhaseCount>10</usedPhaseCount>
      <usedStationCount>9</usedStationCount>
      <standardError>0.65</standardError>
      <azimuthalGap>164</azimuthalGap>
      <minimumDistance>0.62</minimumDistance>
      <maximumDistance>1.64</maximumDistance>
    </quality>
    <evaluationMode>manual</evaluationMode>
    <creationInfo>
      <agencyURI>smi:smi-registry/organization/EMSC</agencyURI>
      <authorURI>smi:smi-registry/organization/EMSC</authorURI>
    </creationInfo>
    <originUncertainty>
      <azimuthMaxHorizontalUncertainty>-99</azimuthMaxHorizontalUncertainty>
    </originUncertainty>
  </origin>
  <magnitude publicID="quakeml:eu.emsc/event/20040403_0000028/origin/1309674/mag/2">
    <mag>
      <value>3</value>
    </mag>
    <type>MD</type>
    <originID>quakeml:eu.emsc/event/20040403_0000028/origin/1309674</originID>
    <creationInfo>
      <agencyURI>smi:smi-registry/organization/EMSC</agencyURI>
      <authorURI>smi:smi-registry/organization/EMSC</authorURI>
    </creationInfo>
  </magnitude>
</event>
<event publicID="quakeml:eu.emsc/event/20040403_0000027">
  <preferredOriginID>quakeml:eu.emsc/event/20040403_0000027/origin/1309676</preferredOriginID>
  <preferredMagnitudeID>quakeml:eu.emsc/event/20040403_0000027/origin/1309676/mag/2</preferredMagnitudeID>
  <creationInfo>
    <agencyURI>smi:smi-registry/organization/EMSC</agencyURI>
    <authorURI>smi:smi-registry/organization/EMSC</authorURI>
    <creationTime>2014-12-11T00:58:02.803375Z</creationTime>
  </creationInfo>
  <description>
    <text>CYPRUS REGION</text>
    <type>Flinn-Engdahl region</type>
  </description>
  <origin publicID="quakeml:eu.emsc/event/20040403_0000027/origin/1309676">
    <time>
      <value>2004-04-03T17:44:47.9Z</value>
    </time>
    <latitude>
      <value>34.707</value>
      <uncertainty>9999.9</uncertainty>
    </latitude>
    <longitude>
      <value>32.694</value>
      <uncertainty>9999.9</uncertainty>
    </longitude>
    <depth>
      <value>30000</value>
    </depth>
    <depthType>from location</depthType>
    <methodID>smi:eu.emsc-csem/origin_method/NA</methodID>
    <quality>
      <usedPhaseCount>10</usedPhaseCount>
      <usedStationCount>7</usedStationCount>
      <standardError>2.44</standardError>
      <azimuthalGap>227</azimuthalGap>
      <minimumDistance>0.16</minimumDistance>
      <maximumDistance>1.14</maximumDistance>
    </quality>
    <evaluationMode>manual</evaluationMode>
    <creationInfo>
      <agencyURI>smi:smi-registry/organization/EMSC</agencyURI>
      <authorURI>smi:smi-registry/organization/EMSC</authorURI>
    </creationInfo>
    <originUncertainty>
      <azimuthMaxHorizontalUncertainty>-99</azimuthMaxHorizontalUncertainty>
    </originUncertainty>
  </origin>
  <magnitude publicID="quakeml:eu.emsc/event/20040403_0000027/origin/1309676/mag/2">
    <mag>
      <value>3.2</value>
      <uncertainty>0.1</uncertainty>
    </mag>
    <type>ML</type>
    <originID>quakeml:eu.emsc/event/20040403_0000027/origin/1309676</originID>
    <creationInfo>
      <agencyURI>smi:smi-registry/organization/EMSC</agencyURI>
      <authorURI>smi:smi-registry/organization/EMSC</authorURI>
    </creationInfo>
  </magnitude>
</event>
<event publicID="quakeml:eu.emsc/event/20040403_0000025">
  <preferredOriginID>quakeml:eu.emsc/event/20040403_0000025/origin/1309678</preferredOriginID>
  <preferredMagnitudeID>quakeml:eu.emsc/event/20040403_0000025/origin/1309678/mag/2</preferredMagnitudeID>
  <creationInfo>
    <agencyURI>smi:smi-registry/organization/EMSC</agencyURI>
    <authorURI>smi:smi-registry/organization/EMSC</authorURI>
    <creationTime>2014-12-11T00:57:56.181469Z</creationTime>
  </creationInfo>
  <description>
    <text>FRANCE</text>
    <type>Flinn-Engdahl region</type>
  </description>
  <origin publicID="quakeml:eu.emsc/event/20040403_0000025/origin/1309678">
    <time>
      <value>2004-04-03T16:35:37.1Z</value>
    </time>
    <latitude>
      <value>48.31</value>
      <uncertainty>9999.9</uncertainty>
    </latitude>
    <longitude>
      <value>6.69</value>
      <uncertainty>9999.9</uncertainty>
    </longitude>
    <depth>
      <value>5000</value>
    </depth>
    <depthType>from location</depthType>
    <methodID>smi:eu.emsc-csem/origin_method/NA</methodID>
    <quality>
      <usedPhaseCount>9</usedPhaseCount>
      <usedStationCount>6</usedStationCount>
      <standardError>0.39</standardError>
      <azimuthalGap>147</azimuthalGap>
      <minimumDistance>0.33</minimumDistance>
      <maximumDistance>1</maximumDistance>
    </quality>
    <evaluationMode>manual</evaluationMode>
    <creationInfo>
      <agencyURI>smi:smi-registry/organization/EMSC</agencyURI>
      <authorURI>smi:smi-registry/organization/EMSC</authorURI>
    </creationInfo>
    <originUncertainty>
      <azimuthMaxHorizontalUncertainty>-99</azimuthMaxHorizontalUncertainty>
    </originUncertainty>
  </origin>
  <magnitude publicID="quakeml:eu.emsc/event/20040403_0000025/origin/1309678/mag/2">
    <mag>
      <value>2</value>
    </mag>
    <type>ML</type>
    <originID>quakeml:eu.emsc/event/20040403_0000025/origin/1309678</originID>
    <creationInfo>
      <agencyURI>smi:smi-registry/organization/EMSC</agencyURI>
      <authorURI>smi:smi-registry/organization/EMSC</authorURI>
    </creationInfo>
  </magnitude>
</event>
<event publicID="quakeml:eu.emsc/event/20040403_0000044">
  <preferredOriginID>quakeml:eu.emsc/event/20040403_0000044/origin/1321436</preferredOriginID>
  <preferredMagnitudeID>quakeml:eu.emsc/event/20040403_0000044/origin/1321436/mag/1</preferredMagnitudeID>
  <creationInfo>
    <agencyURI>smi:smi-registry/organization/EMSC</agencyURI>
    <authorURI>smi:smi-registry/organization/EMSC</authorURI>
    <creationTime>2014-12-03T16:29:04.364094Z</creationTime>
  </creationInfo>
  <description>
    <text>FRANCE</text>
    <type>Flinn-Engdahl region</type>
  </description>
  <origin publicID="quakeml:eu.emsc/event/20040403_0000044/origin/1321436">
    <time>
      <value>2004-04-03T16:08:44.3Z</value>
      <uncertainty>0.09</uncertainty>
    </time>
    <latitude>
      <value>44.4746</value>
      <uncertainty>2.1</uncertainty>
    </latitude>
    <longitude>
      <value>6.7445</value>
      <uncertainty>1.4</uncertainty>
    </longitude>
    <depth>
      <value>12000</value>
    </depth>
    <depthType>from location</depthType>
    <methodID>smi:eu.emsc-csem/origin_method/NA</methodID>
    <quality>
      <usedPhaseCount>58</usedPhaseCount>
      <usedStationCount>34</usedStationCount>
      <standardError>0.76</standardError>
      <azimuthalGap>51</azimuthalGap>
      <minimumDistance>0.05</minimumDistance>
      <maximumDistance>3.37</maximumDistance>
    </quality>
    <evaluationMode>manual</evaluationMode>
    <creationInfo>
      <agencyURI>smi:smi-registry/organization/EMSC</agencyURI>
      <authorURI>smi:smi-registry/organization/EMSC</authorURI>
    </creationInfo>
    <originUncertainty>
      <azimuthMaxHorizontalUncertainty>64</azimuthMaxHorizontalUncertainty>
    </originUncertainty>
  </origin>
  <magnitude publicID="quakeml:eu.emsc/event/20040403_0000044/origin/1321436/mag/1">
    <mag>
      <value>2.3</value>
      <uncertainty>0.4</uncertainty>
    </mag>
    <type>ML</type>
    <originID>quakeml:eu.emsc/event/20040403_0000044/origin/1321436</originID>
    <stationCount>11</stationCount>
    <creationInfo>
      <agencyURI>smi:smi-registry/organization/EMSC</agencyURI>
      <authorURI>smi:smi-registry/organization/EMSC</authorURI>
    </creationInfo>
  </magnitude>
</event>
<event publicID="quakeml:eu.emsc/event/20040403_0000019">
  <preferredOriginID>quakeml:eu.emsc/event/20040403_0000019/origin/1322677</preferredOriginID>
  <preferredMagnitudeID>quakeml:eu.emsc/event/20040403_0000019/origin/1322677/mag/2</preferredMagnitudeID>
  <creationInfo>
    <agencyURI>smi:smi-registry/organization/EMSC</agencyURI>
    <authorURI>smi:smi-registry/organization/EMSC</authorURI>
    <creationTime>2014-12-03T11:39:27.543692Z</creationTime>
  </creationInfo>
  <description>
    <text>WESTERN TURKEY</text>
    <type>Flinn-Engdahl region</type>
  </description>
  <origin publicID="quakeml:eu.emsc/event/20040403_0000019/origin/1322677">
    <time>
      <value>2004-04-03T15:17:45.1Z</value>
      <uncertainty>0.15</uncertainty>
    </time>
    <latitude>
      <value>38.0958</value>
      <uncertainty>4.3</uncertainty>
    </latitude>
    <longitude>
      <value>28.8547</value>
      <uncertainty>3.8</uncertainty>
    </longitude>
    <depth>
      <value>5000</value>
    </depth>
    <depthType>from location</depthType>
    <methodID>smi:eu.emsc-csem/origin_method/NA</methodID>
    <quality>
      <usedPhaseCount>24</usedPhaseCount>
      <usedStationCount>22</usedStationCount>
      <standardError>0.67</standardError>
      <azimuthalGap>46</azimuthalGap>
      <minimumDistance>0.37</minimumDistance>
      <maximumDistance>2.99</maximumDistance>
    </quality>
    <evaluationMode>manual</evaluationMode>
    <creationInfo>
      <agencyURI>smi:smi-registry/organization/EMSC</agencyURI>
      <authorURI>smi:smi-registry/organization/EMSC</authorURI>
    </creationInfo>
    <originUncertainty>
      <azimuthMaxHorizontalUncertainty>110</azimuthMaxHorizontalUncertainty>
    </originUncertainty>
  </origin>
  <magnitude publicID="quakeml:eu.emsc/event/20040403_0000019/origin/1322677/mag/2">
    <mag>
      <value>3.3</value>
    </mag>
    <type>MD</type>
    <originID>quakeml:eu.emsc/event/20040403_0000019/origin/1322677</originID>
    <creationInfo>
      <agencyURI>smi:smi-registry/organization/EMSC</agencyURI>
      <authorURI>smi:smi-registry/organization/EMSC</authorURI>
    </creationInfo>
  </magnitude>
</event>
<event publicID="quakeml:eu.emsc/event/20040403_0000042">
  <preferredOriginID>quakeml:eu.emsc/event/20040403_0000042/origin/1321439</preferredOriginID>
  <preferredMagnitudeID>quakeml:eu.emsc/event/20040403_0000042/origin/1321439/mag/1</preferredMagnitudeID>
  <creationInfo>
    <agencyURI>smi:smi-registry/organization/EMSC</agencyURI>
    <authorURI>smi:smi-registry/organization/EMSC</authorURI>
    <creationTime>2014-12-03T15:33:31.163182Z</creationTime>
  </creationInfo>
  <description>
    <text>PYRENEES</text>
    <type>Flinn-Engdahl region</type>
  </description>
  <origin publicID="quakeml:eu.emsc/event/20040403_0000042/origin/1321439">
    <time>
      <value>2004-04-03T14:57:14.6Z</value>
      <uncertainty>0.25</uncertainty>
    </time>
    <latitude>
      <value>42.9007</value>
      <uncertainty>4.9</uncertainty>
    </latitude>
    <longitude>
      <value>-1.3762</value>
      <uncertainty>3</uncertainty>
    </longitude>
    <depth>
      <value>19100.0</value>
      <uncertainty>0.1</uncertainty>
    </depth>
    <depthType>from location</depthType>
    <methodID>smi:eu.emsc-csem/origin_method/NA</methodID>
    <quality>
      <usedPhaseCount>21</usedPhaseCount>
      <usedStationCount>12</usedStationCount>
      <standardError>0.8</standardError>
      <azimuthalGap>60</azimuthalGap>
      <minimumDistance>0.32</minimumDistance>
      <maximumDistance>3.18</maximumDistance>
    </quality>
    <evaluationMode>manual</evaluationMode>
    <creationInfo>
      <agencyURI>smi:smi-registry/organization/EMSC</agencyURI>
      <authorURI>smi:smi-registry/organization/EMSC</authorURI>
    </creationInfo>
    <originUncertainty>
      <azimuthMaxHorizontalUncertainty>6</azimuthMaxHorizontalUncertainty>
    </originUncertainty>
  </origin>
  <magnitude publicID="quakeml:eu.emsc/event/20040403_0000042/origin/1321439/mag/1">
    <mag>
      <value>2.4</value>
      <uncertainty>0.5</uncertainty>
    </mag>
    <type>ML</type>
    <originID>quakeml:eu.emsc/event/20040403_0000042/origin/1321439</originID>
    <stationCount>10</stationCount>
    <creationInfo>
      <agencyURI>smi:smi-registry/organization/EMSC</agencyURI>
      <authorURI>smi:smi-registry/organization/EMSC</authorURI>
    </creationInfo>
  </magnitude>
</event>
<event publicID="quakeml:eu.emsc/event/20040403_0000023">
  <preferredOriginID>quakeml:eu.emsc/event/20040403_0000023/origin/1309680</preferredOriginID>
  <preferredMagnitudeID>quakeml:eu.emsc/event/20040403_0000023/origin/1309680/mag/2</preferredMagnitudeID>
  <creationInfo>
    <agencyURI>smi:smi-registry/organization/EMSC</agencyURI>
    <authorURI>smi:smi-registry/organization/EMSC</authorURI>
    <creationTime>2014-12-11T00:57:51.237993Z</creationTime>
  </creationInfo>
  <description>
    <text>EASTERN TURKEY</text>
    <type>Flinn-Engdahl region</type>
  </description>
  <origin publicID="quakeml:eu.emsc/event/20040403_0000023/origin/1309680">
    <time>
      <value>2004-04-03T14:16:52.3Z</value>
    </time>
    <latitude>
      <value>39.921</value>
      <uncertainty>9999.9</uncertainty>
    </latitude>
    <longitude>
      <value>40.82</value>
      <uncertainty>9999.9</uncertainty>
    </longitude>
    <depth>
      <value>11000</value>
    </depth>
    <depthType>from location</depthType>
    <methodID>smi:eu.emsc-csem/origin_method/NA</methodID>
    <quality>
      <usedPhaseCount>6</usedPhaseCount>
      <usedStationCount>5</usedStationCount>
      <standardError>1.29</standardError>
      <azimuthalGap>155</azimuthalGap>
      <minimumDistance>0.32</minimumDistance>
      <maximumDistance>1.16</maximumDistance>
    </quality>
    <evaluationMode>manual</evaluationMode>
    <creationInfo>
      <agencyURI>smi:smi-registry/organization/EMSC</agencyURI>
      <authorURI>smi:smi-registry/organization/EMSC</authorURI>
    </creationInfo>
    <originUncertainty>
      <azimuthMaxHorizontalUncertainty>-99</azimuthMaxHorizontalUncertainty>
    </originUncertainty>
  </origin>
  <magnitude publicID="quakeml:eu.emsc/event/20040403_0000023/origin/1309680/mag/2">
    <mag>
      <value>3.2</value>
    </mag>
    <type>MD</type>
    <originID>quakeml:eu.emsc/event/20040403_0000023/origin/1309680</originID>
    <creationInfo>
      <agencyURI>smi:smi-registry/organization/EMSC</agencyURI>
      <authorURI>smi:smi-registry/organization/EMSC</authorURI>
    </creationInfo>
  </magnitude>
</event>
<event publicID="quakeml:eu.emsc/event/20040403_0000022">
  <preferredOriginID>quakeml:eu.emsc/event/20040403_0000022/origin/1316805</preferredOriginID>
  <preferredMagnitudeID>quakeml:eu.emsc/event/20040403_0000022/origin/1316805/mag/2</preferredMagnitudeID>
  <creationInfo>
    <agencyURI>smi:smi-registry/organization/EMSC</agencyURI>
    <authorURI>smi:smi-registry/organization/EMSC</authorURI>
    <creationTime>2014-12-11T00:57:48.384011Z</creationTime>
  </creationInfo>
  <description>
    <text>EASTERN TURKEY</text>
    <type>Flinn-Engdahl region</type>
  </description>
  <origin publicID="quakeml:eu.emsc/event/20040403_0000022/origin/1316805">
    <time>
      <value>2004-04-03T14:10:22.9Z</value>
    </time>
    <latitude>
      <value>39.887</value>
      <uncertainty>9999.9</uncertainty>
    </latitude>
    <longitude>
      <value>40.802</value>
      <uncertainty>9999.9</uncertainty>
    </longitude>
    <depth>
      <value>5000</value>
    </depth>
    <depthType>from location</depthType>
    <methodID>smi:eu.emsc-csem/origin_method/NA</methodID>
    <quality>
      <usedPhaseCount>8</usedPhaseCount>
      <usedStationCount>7</usedStationCount>
      <standardError>1.69</standardError>
      <azimuthalGap>126</azimuthalGap>
      <minimumDistance>0.33</minimumDistance>
      <maximumDistance>1.89</maximumDistance>
    </quality>
    <evaluationMode>manual</evaluationMode>
    <creationInfo>
      <agencyURI>smi:smi-registry/organization/EMSC</agencyURI>
      <authorURI>smi:smi-registry/organization/EMSC</authorURI>
    </creationInfo>
    <originUncertainty>
      <azimuthMaxHorizontalUncertainty>-99</azimuthMaxHorizontalUncertainty>
    </originUncertainty>
  </origin>
  <magnitude publicID="quakeml:eu.emsc/event/20040403_0000022/origin/1316805/mag/2">
    <mag>
      <value>3.4</value>
    </mag>
    <type>MD</type>
    <originID>quakeml:eu.emsc/event/20040403_0000022/origin/1316805</originID>
    <creationInfo>
      <agencyURI>smi:smi-registry/organization/EMSC</agencyURI>
      <authorURI>smi:smi-registry/organization/EMSC</authorURI>
    </creationInfo>
  </magnitude>
</event>
<event publicID="quakeml:eu.emsc/event/20040403_0000040">
  <preferredOriginID>quakeml:eu.emsc/event/20040403_0000040/origin/1309682</preferredOriginID>
  <preferredMagnitudeID>quakeml:eu.emsc/event/20040403_0000040/origin/1309682/mag/2</preferredMagnitudeID>
  <creationInfo>
    <agencyURI>smi:smi-registry/organization/EMSC</agencyURI>
    <authorURI>smi:smi-registry/organization/EMSC</authorURI>
    <creationTime>2014-12-10T18:22:09.565547Z</creationTime>
  </creationInfo>
  <description>
    <text>NORTHERN ITALY</text>
    <type>Flinn-Engdahl region</type>
  </description>
  <origin publicID="quakeml:eu.emsc/event/20040403_0000040/origin/1309682">
    <time>
      <value>2004-04-03T13:04:10.6Z</value>
    </time>
    <latitude>
      <value>44.4703</value>
      <uncertainty>9999.9</uncertainty>
    </latitude>
    <longitude>
      <value>7.2578</value>
      <uncertainty>9999.9</uncertainty>
    </longitude>
    <depth>
      <value>11800.0</value>
    </depth>
    <depthType>from location</depthType>
    <methodID>smi:eu.emsc-csem/origin_method/NA</methodID>
    <quality>
      <usedPhaseCount>17</usedPhaseCount>
      <usedStationCount>11</usedStationCount>
      <standardError>4.98</standardError>
      <azimuthalGap>119</azimuthalGap>
      <minimumDistance>0.12</minimumDistance>
      <maximumDistance>0.92</maximumDistance>
    </quality>
    <evaluationMode>manual</evaluationMode>
    <creationInfo>
      <agencyURI>smi:smi-registry/organization/EMSC</agencyURI>
      <authorURI>smi:smi-registry/organization/EMSC</authorURI>
    </creationInfo>
    <originUncertainty>
      <azimuthMaxHorizontalUncertainty>-99</azimuthMaxHorizontalUncertainty>
    </originUncertainty>
  </origin>
  <magnitude publicID="quakeml:eu.emsc/event/20040403_0000040/origin/1309682/mag/2">
    <mag>
      <value>2.1</value>
    </mag>
    <type>ML</type>
    <originID>quakeml:eu.emsc/event/20040403_0000040/origin/1309682</originID>
    <creationInfo>
      <agencyURI>smi:smi-registry/organization/EMSC</agencyURI>
      <authorURI>smi:smi-registry/organization/EMSC</authorURI>
    </creationInfo>
  </magnitude>
</event>
<event publicID="quakeml:eu.emsc/event/20040403_0000021">
  <preferredOriginID>quakeml:eu.emsc/event/20040403_0000021/origin/1309684</preferredOriginID>
  <preferredMagnitudeID>quakeml:eu.emsc/event/20040403_0000021/origin/1309684/mag/2</preferredMagnitudeID>
  <creationInfo>
    <agencyURI>smi:smi-registry/organization/EMSC</agencyURI>
    <authorURI>smi:smi-registry/organization/EMSC</authorURI>
    <creationTime>2014-12-11T00:57:46.980051Z</creationTime>
  </creationInfo>
  <description>
    <text>EASTERN TURKEY</text>
    <type>Flinn-Engdahl region</type>
  </description>
  <origin publicID="quakeml:eu.emsc/event/20040403_0000021/origin/1309684">
    <time>
      <value>2004-04-03T13:02:45.7Z</value>
    </time>
    <latitude>
      <value>39.952</value>
      <uncertainty>9999.9</uncertainty>
    </latitude>
    <longitude>
      <value>40.808</value>
      <uncertainty>9999.9</uncertainty>
    </longitude>
    <depth>
      <value>5000</value>
    </depth>
    <depthType>from location</depthType>
    <methodID>smi:eu.emsc-csem/origin_method/NA</methodID>
    <quality>
      <usedPhaseCount>14</usedPhaseCount>
      <usedStationCount>12</usedStationCount>
      <standardError>1.89</standardError>
      <azimuthalGap>131</azimuthalGap>
      <minimumDistance>0.33</minimumDistance>
      <maximumDistance>2.93</maximumDistance>
    </quality>
    <evaluationMode>manual</evaluationMode>
    <creationInfo>
      <agencyURI>smi:smi-registry/organization/EMSC</agencyURI>
      <authorURI>smi:smi-registry/organization/EMSC</authorURI>
    </creationInfo>
    <originUncertainty>
      <azimuthMaxHorizontalUncertainty>-99</azimuthMaxHorizontalUncertainty>
    </originUncertainty>
  </origin>
  <magnitude publicID="quakeml:eu.emsc/event/20040403_0000021/origin/1309684/mag/2">
    <mag>
      <value>3.7</value>
    </mag>
    <type>MD</type>
    <originID>quakeml:eu.emsc/event/20040403_0000021/origin/1309684</originID>
    <creationInfo>
      <agencyURI>smi:smi-registry/organization/EMSC</agencyURI>
      <authorURI>smi:smi-registry/organization/EMSC</authorURI>
    </creationInfo>
  </magnitude>
</event>
<event publicID="quakeml:eu.emsc/event/20040403_0000020">
  <preferredOriginID>quakeml:eu.emsc/event/20040403_0000020/origin/1309686</preferredOriginID>
  <preferredMagnitudeID>quakeml:eu.emsc/event/20040403_0000020/origin/1309686/mag/2</preferredMagnitudeID>
  <creationInfo>
    <agencyURI>smi:smi-registry/organization/EMSC</agencyURI>
    <authorURI>smi:smi-registry/organization/EMSC</authorURI>
    <creationTime>2014-12-11T00:57:44.651351Z</creationTime>
  </creationInfo>
  <description>
    <text>EASTERN TURKEY</text>
    <type>Flinn-Engdahl region</type>
  </description>
  <origin publicID="quakeml:eu.emsc/event/20040403_0000020/origin/1309686">
    <time>
      <value>2004-04-03T12:50:51.6Z</value>
    </time>
    <latitude>
      <value>39.969</value>
      <uncertainty>9999.9</uncertainty>
    </latitude>
    <longitude>
      <value>40.844</value>
      <uncertainty>9999.9</uncertainty>
    </longitude>
    <depth>
      <value>12000</value>
    </depth>
    <depthType>from location</depthType>
    <methodID>smi:eu.emsc-csem/origin_method/NA</methodID>
    <quality>
      <usedPhaseCount>7</usedPhaseCount>
      <usedStationCount>5</usedStationCount>
      <standardError>1.97</standardError>
      <azimuthalGap>167</azimuthalGap>
      <minimumDistance>0.3</minimumDistance>
      <maximumDistance>1.17</maximumDistance>
    </quality>
    <evaluationMode>manual</evaluationMode>
    <creationInfo>
      <agencyURI>smi:smi-registry/organization/EMSC</agencyURI>
      <authorURI>smi:smi-registry/organization/EMSC</authorURI>
    </creationInfo>
    <originUncertainty>
      <azimuthMaxHorizontalUncertainty>-99</azimuthMaxHorizontalUncertainty>
    </originUncertainty>
  </origin>
  <magnitude publicID="quakeml:eu.emsc/event/20040403_0000020/origin/1309686/mag/2">
    <mag>
      <value>3.2</value>
    </mag>
    <type>MD</type>
    <originID>quakeml:eu.emsc/event/20040403_0000020/origin/1309686</originID>
    <creationInfo>
      <agencyURI>smi:smi-registry/organization/EMSC</agencyURI>
      <authorURI>smi:smi-registry/organization/EMSC</authorURI>
    </creationInfo>
  </magnitude>
</event>
<event publicID="quakeml:eu.emsc/event/20040403_0000018">
  <preferredOriginID>quakeml:eu.emsc/event/20040403_0000018/origin/1322679</preferredOriginID>
  <preferredMagnitudeID>quakeml:eu.emsc/event/20040403_0000018/origin/1322679/mag/2</preferredMagnitudeID>
  <creationInfo>
    <agencyURI>smi:smi-registry/organization/EMSC</agencyURI>
    <authorURI>smi:smi-registry/organization/EMSC</authorURI>
    <creationTime>2014-12-03T11:11:51.204046Z</creationTime>
  </creationInfo>
  <description>
    <text>EASTERN TURKEY</text>
    <type>Flinn-Engdahl region</type>
  </description>
  <origin publicID="quakeml:eu.emsc/event/20040403_0000018/origin/1322679">
    <time>
      <value>2004-04-03T12:47:34.2Z</value>
      <uncertainty>0.29</uncertainty>
    </time>
    <latitude>
      <value>39.9393</value>
      <uncertainty>9.3</uncertainty>
    </latitude>
    <longitude>
      <value>40.7879</value>
      <uncertainty>6.5</uncertainty>
    </longitude>
    <depth>
      <value>2000</value>
    </depth>
    <depthType>from location</depthType>
    <methodID>smi:eu.emsc-csem/origin_method/NA</methodID>
    <quality>
      <usedPhaseCount>19</usedPhaseCount>
      <usedStationCount>17</usedStationCount>
      <standardError>1.01</standardError>
      <azimuthalGap>113</azimuthalGap>
      <minimumDistance>0.34</minimumDistance>
      <maximumDistance>21.37</maximumDistance>
    </quality>
    <evaluationMode>manual</evaluationMode>
    <creationInfo>
      <agencyURI>smi:smi-registry/organization/EMSC</agencyURI>
      <authorURI>smi:smi-registry/organization/EMSC</authorURI>
    </creationInfo>
    <originUncertainty>
      <azimuthMaxHorizontalUncertainty>11</azimuthMaxHorizontalUncertainty>
    </originUncertainty>
  </origin>
  <magnitude publicID="quakeml:eu.emsc/event/20040403_0000018/origin/1322679/mag/2">
    <mag>
      <value>4</value>
    </mag>
    <type>MD</type>
    <originID>quakeml:eu.emsc/event/20040403_0000018/origin/1322679</originID>
    <creationInfo>
      <agencyURI>smi:smi-registry/organization/EMSC</agencyURI>
      <authorURI>smi:smi-registry/organization/EMSC</authorURI>
    </creationInfo>
  </magnitude>
</event>
<event publicID="quakeml:eu.emsc/event/20040403_0000017">
  <preferredOriginID>quakeml:eu.emsc/event/20040403_0000017/origin/1309688</preferredOriginID>
  <preferredMagnitudeID>quakeml:eu.emsc/event/20040403_0000017/origin/1309688/mag/2</preferredMagnitudeID>
  <creationInfo>
    <agencyURI>smi:smi-registry/organization/EMSC</agencyURI>
    <authorURI>smi:smi-registry/organization/EMSC</authorURI>
    <creationTime>2014-12-11T00:57:37.664094Z</creationTime>
  </creationInfo>
  <description>
    <text>NORTHERN ITALY</text>
    <type>Flinn-Engdahl region</type>
  </description>
  <origin publicID="quakeml:eu.emsc/event/20040403_0000017/origin/1309688">
    <time>
      <value>2004-04-03T12:26:53.1Z</value>
    </time>
    <latitude>
      <value>44.5923</value>
      <uncertainty>9999.9</uncertainty>
    </latitude>
    <longitude>
      <value>7.1383</value>
      <uncertainty>9999.9</uncertainty>
    </longitude>
    <depth>
      <value>31800.0</value>
    </depth>
    <depthType>from location</depthType>
    <methodID>smi:eu.emsc-csem/origin_method/NA</methodID>
    <quality>
      <usedPhaseCount>6</usedPhaseCount>
      <usedStationCount>5</usedStationCount>
      <standardError>4.01</standardError>
      <azimuthalGap>189</azimuthalGap>
      <minimumDistance>0.09</minimumDistance>
      <maximumDistance>0.42</maximumDistance>
    </quality>
    <evaluationMode>manual</evaluationMode>
    <creationInfo>
      <agencyURI>smi:smi-registry/organization/EMSC</agencyURI>
      <authorURI>smi:smi-registry/organization/EMSC</authorURI>
    </creationInfo>
    <originUncertainty>
      <azimuthMaxHorizontalUncertainty>-99</azimuthMaxHorizontalUncertainty>
    </originUncertainty>
  </origin>
  <magnitude publicID="quakeml:eu.emsc/event/20040403_0000017/origin/1309688/mag/2">
    <mag>
      <value>1.6</value>
    </mag>
    <type>ML</type>
    <originID>quakeml:eu.emsc/event/20040403_0000017/origin/1309688</originID>
    <creationInfo>
      <agencyURI>smi:smi-registry/organization/EMSC</agencyURI>
      <authorURI>smi:smi-registry/organization/EMSC</authorURI>
    </creationInfo>
  </magnitude>
</event>
<event publicID="quakeml:eu.emsc/event/20040403_0000016">
  <preferredOriginID>quakeml:eu.emsc/event/20040403_0000016/origin/1322683</preferredOriginID>
  <preferredMagnitudeID>quakeml:eu.emsc/event/20040403_0000016/origin/1322683/mag/1</preferredMagnitudeID>
  <creationInfo>
    <agencyURI>smi:smi-registry/organization/EMSC</agencyURI>
    <authorURI>smi:smi-registry/organization/EMSC</authorURI>
    <creationTime>2014-12-03T10:40:52.36939Z</creationTime>
  </creationInfo>
  <description>
    <text>WESTERN MEDITERRANEAN SEA</text>
    <type>Flinn-Engdahl region</type>
  </description>
  <origin publicID="quakeml:eu.emsc/event/20040403_0000016/origin/1322683">
    <time>
      <value>2004-04-03T10:17:11.3Z</value>
      <uncertainty>0.26</uncertainty>
    </time>
    <latitude>
      <value>37.137</value>
      <uncertainty>6.9</uncertainty>
    </latitude>
    <longitude>
      <value>3.4997</value>
      <uncertainty>5.5</uncertainty>
    </longitude>
    <depth>
      <value>80000</value>
    </depth>
    <depthType>from location</depthType>
    <methodID>smi:eu.emsc-csem/origin_method/NA</methodID>
    <quality>
      <usedPhaseCount>45</usedPhaseCount>
      <usedStationCount>29</usedStationCount>
      <standardError>1.17</standardError>
      <azimuthalGap>98</azimuthalGap>
      <minimumDistance>1.79</minimumDistance>
      <maximumDistance>9.66</maximumDistance>
    </quality>
    <evaluationMode>manual</evaluationMode>
    <creationInfo>
      <agencyURI>smi:smi-registry/organization/EMSC</agencyURI>
      <authorURI>smi:smi-registry/organization/EMSC</authorURI>
    </creationInfo>
    <originUncertainty>
      <azimuthMaxHorizontalUncertainty>40</azimuthMaxHorizontalUncertainty>
    </originUncertainty>
  </origin>
  <magnitude publicID="quakeml:eu.emsc/event/20040403_0000016/origin/1322683/mag/1">
    <mag>
      <value>2.9</value>
      <uncertainty>0.4</uncertainty>
    </mag>
    <type>ML</type>
    <originID>quakeml:eu.emsc/event/20040403_0000016/origin/1322683</originID>
    <stationCount>11</stationCount>
    <creationInfo>
      <agencyURI>smi:smi-registry/organization/EMSC</agencyURI>
      <authorURI>smi:smi-registry/organization/EMSC</authorURI>
    </creationInfo>
  </magnitude>
</event>
<event publicID="quakeml:eu.emsc/event/20040403_0000015">
  <preferredOriginID>quakeml:eu.emsc/event/20040403_0000015/origin/1322687</preferredOriginID>
  <preferredMagnitudeID>quakeml:eu.emsc/event/20040403_0000015/origin/1322687/mag/2</preferredMagnitudeID>
  <creationInfo>
    <agencyURI>smi:smi-registry/organization/EMSC</agencyURI>
    <authorURI>smi:smi-registry/organization/EMSC</authorURI>
    <creationTime>2014-12-03T11:43:16.948035Z</creationTime>
  </creationInfo>
  <description>
    <text>GULF OF ADEN</text>
    <type>Flinn-Engdahl region</type>
  </description>
  <origin publicID="quakeml:eu.emsc/event/20040403_0000015/origin/1322687">
    <time>
      <value>2004-04-03T10:09:57.5Z</value>
      <uncertainty>0.71</uncertainty>
    </time>
    <latitude>
      <value>12.9404</value>
      <uncertainty>26.1</uncertainty>
    </latitude>
    <longitude>
      <value>51.9998</value>
      <uncertainty>12.6</uncertainty>
    </longitude>
    <depth>
      <value>10000</value>
    </depth>
    <depthType>from location</depthType>
    <methodID>smi:eu.emsc-csem/origin_method/NA</methodID>
    <quality>
      <usedPhaseCount>63</usedPhaseCount>
      <usedStationCount>61</usedStationCount>
      <standardError>0.76</standardError>
      <azimuthalGap>285</azimuthalGap>
      <minimumDistance>6.34</minimumDistance>
      <maximumDistance>73.11</maximumDistance>
    </quality>
    <evaluationMode>manual</evaluationMode>
    <creationInfo>
      <agencyURI>smi:smi-registry/organization/EMSC</agencyURI>
      <authorURI>smi:smi-registry/organization/EMSC</authorURI>
    </creationInfo>
    <originUncertainty>
      <azimuthMaxHorizontalUncertainty>163</azimuthMaxHorizontalUncertainty>
    </originUncertainty>
  </origin>
  <magnitude publicID="quakeml:eu.emsc/event/20040403_0000015/origin/1322687/mag/2">
    <mag>
      <value>4.9</value>
      <uncertainty>0.3</uncertainty>
    </mag>
    <type>mb</type>
    <originID>quakeml:eu.emsc/event/20040403_0000015/origin/1322687</originID>
    <stationCount>19</stationCount>
    <creationInfo>
      <agencyURI>smi:smi-registry/organization/EMSC</agencyURI>
      <authorURI>smi:smi-registry/organization/EMSC</authorURI>
    </creationInfo>
  </magnitude>
</event>
<event publicID="quakeml:eu.emsc/event/20040403_0000011">
  <preferredOriginID>quakeml:eu.emsc/event/20040403_0000011/origin/1322690</preferredOriginID>
  <preferredMagnitudeID>quakeml:eu.emsc/event/20040403_0000011/origin/1322690/mag/2</preferredMagnitudeID>
  <creationInfo>
    <agencyURI>smi:smi-registry/organization/EMSC</agencyURI>
    <authorURI>smi:smi-registry/organization/EMSC</authorURI>
    <creationTime>2014-12-03T10:38:51.24979Z</creationTime>
  </creationInfo>
  <description>
    <text>EGYPT</text>
    <type>Flinn-Engdahl region</type>
  </description>
  <origin publicID="quakeml:eu.emsc/event/20040403_0000011/origin/1322690">
    <time>
      <value>2004-04-03T09:45:44.1Z</value>
      <uncertainty>0.09</uncertainty>
    </time>
    <latitude>
      <value>29.8192</value>
      <uncertainty>2.7</uncertainty>
    </latitude>
    <longitude>
      <value>32.3187</value>
      <uncertainty>1.7</uncertainty>
    </longitude>
    <depth>
      <value>10000</value>
    </depth>
    <depthType>from location</depthType>
    <methodID>smi:eu.emsc-csem/origin_method/NA</methodID>
    <quality>
      <usedPhaseCount>19</usedPhaseCount>
      <usedStationCount>19</usedStationCount>
      <standardError>0.49</standardError>
      <azimuthalGap>68</azimuthalGap>
      <minimumDistance>0.23</minimumDistance>
      <maximumDistance>2.81</maximumDistance>
    </quality>
    <evaluationMode>manual</evaluationMode>
    <creationInfo>
      <agencyURI>smi:smi-registry/organization/EMSC</agencyURI>
      <authorURI>smi:smi-registry/organization/EMSC</authorURI>
    </creationInfo>
    <originUncertainty>
      <azimuthMaxHorizontalUncertainty>7</azimuthMaxHorizontalUncertainty>
    </originUncertainty>
  </origin>
  <magnitude publicID="quakeml:eu.emsc/event/20040403_0000011/origin/1322690/mag/2">
    <mag>
      <value>3.1</value>
    </mag>
    <type>ML</type>
    <originID>quakeml:eu.emsc/event/20040403_0000011/origin/1322690</originID>
    <creationInfo>
      <agencyURI>smi:smi-registry/organization/EMSC</agencyURI>
      <authorURI>smi:smi-registry/organization/EMSC</authorURI>
    </creationInfo>
  </magnitude>
</event>
<event publicID="quakeml:eu.emsc/event/20040403_0000014">
  <preferredOriginID>quakeml:eu.emsc/event/20040403_0000014/origin/1309690</preferredOriginID>
  <preferredMagnitudeID>quakeml:eu.emsc/event/20040403_0000014/origin/1309690/mag/2</preferredMagnitudeID>
  <creationInfo>
    <agencyURI>smi:smi-registry/organization/EMSC</agencyURI>
    <authorURI>smi:smi-registry/organization/EMSC</authorURI>
    <creationTime>2014-12-11T00:57:31.830038Z</creationTime>
  </creationInfo>
  <description>
    <text>EASTERN TURKEY</text>
    <type>Flinn-Engdahl region</type>
  </description>
  <origin publicID="quakeml:eu.emsc/event/20040403_0000014/origin/1309690">
    <time>
      <value>2004-04-03T08:51:19.3Z</value>
    </time>
    <latitude>
      <value>40.328</value>
      <uncertainty>9999.9</uncertainty>
    </latitude>
    <longitude>
      <value>41.229</value>
      <uncertainty>9999.9</uncertainty>
    </longitude>
    <depth>
      <value>24000</value>
    </depth>
    <depthType>from location</depthType>
    <methodID>smi:eu.emsc-csem/origin_method/NA</methodID>
    <quality>
      <usedPhaseCount>5</usedPhaseCount>
      <usedStationCount>4</usedStationCount>
      <standardError>0.73</standardError>
      <azimuthalGap>252</azimuthalGap>
      <minimumDistance>0.43</minimumDistance>
      <maximumDistance>1.55</maximumDistance>
    </quality>
    <evaluationMode>manual</evaluationMode>
    <creationInfo>
      <agencyURI>smi:smi-registry/organization/EMSC</agencyURI>
      <authorURI>smi:smi-registry/organization/EMSC</authorURI>
    </creationInfo>
    <originUncertainty>
      <azimuthMaxHorizontalUncertainty>-99</azimuthMaxHorizontalUncertainty>
    </originUncertainty>
  </origin>
  <magnitude publicID="quakeml:eu.emsc/event/20040403_0000014/origin/1309690/mag/2">
    <mag>
      <value>3.1</value>
    </mag>
    <type>MD</type>
    <originID>quakeml:eu.emsc/event/20040403_0000014/origin/1309690</originID>
    <creationInfo>
      <agencyURI>smi:smi-registry/organization/EMSC</agencyURI>
      <authorURI>smi:smi-registry/organization/EMSC</authorURI>
    </creationInfo>
  </magnitude>
</event>
<event publicID="quakeml:eu.emsc/event/20040403_0000046">
  <preferredOriginID>quakeml:eu.emsc/event/20040403_0000046/origin/1321442</preferredOriginID>
  <preferredMagnitudeID>quakeml:eu.emsc/event/20040403_0000046/origin/1321442/mag/1</preferredMagnitudeID>
  <creationInfo>
    <agencyURI>smi:smi-registry/organization/EMSC</agencyURI>
    <authorURI>smi:smi-registry/organization/EMSC</authorURI>
    <creationTime>2014-12-03T16:31:04.29549Z</creationTime>
  </creationInfo>
  <description>
    <text>PYRENEES</text>
    <type>Flinn-Engdahl region</type>
  </description>
  <origin publicID="quakeml:eu.emsc/event/20040403_0000046/origin/1321442">
    <time>
      <value>2004-04-03T08:02:19.9Z</value>
      <uncertainty>0.14</uncertainty>
    </time>
    <latitude>
      <value>42.2743</value>
      <uncertainty>2.7</uncertainty>
    </latitude>
    <longitude>
      <value>-0.1269</value>
      <uncertainty>2.4</uncertainty>
    </longitude>
    <depth>
      <value>2000</value>
    </depth>
    <depthType>from location</depthType>
    <methodID>smi:eu.emsc-csem/origin_method/NA</methodID>
    <quality>
      <usedPhaseCount>25</usedPhaseCount>
      <usedStationCount>12</usedStationCount>
      <standardError>0.71</standardError>
      <azimuthalGap>76</azimuthalGap>
      <minimumDistance>0.34</minimumDistance>
      <maximumDistance>2.24</maximumDistance>
    </quality>
    <evaluationMode>manual</evaluationMode>
    <creationInfo>
      <agencyURI>smi:smi-registry/organization/EMSC</agencyURI>
      <authorURI>smi:smi-registry/organization/EMSC</authorURI>
    </creationInfo>
    <originUncertainty>
      <azimuthMaxHorizontalUncertainty>49</azimuthMaxHorizontalUncertainty>
    </originUncertainty>
  </origin>
  <magnitude publicID="quakeml:eu.emsc/event/20040403_0000046/origin/1321442/mag/1">
    <mag>
      <value>2.2</value>
      <uncertainty>0.3</uncertainty>
    </mag>
    <type>ML</type>
    <originID>quakeml:eu.emsc/event/20040403_0000046/origin/1321442</originID>
    <stationCount>11</stationCount>
    <creationInfo>
      <agencyURI>smi:smi-registry/organization/EMSC</agencyURI>
      <authorURI>smi:smi-registry/organization/EMSC</authorURI>
    </creationInfo>
  </magnitude>
</event>
<event publicID="quakeml:eu.emsc/event/20040403_0000012">
  <preferredOriginID>quakeml:eu.emsc/event/20040403_0000012/origin/1309692</preferredOriginID>
  <preferredMagnitudeID>quakeml:eu.emsc/event/20040403_0000012/origin/1309692/mag/2</preferredMagnitudeID>
  <creationInfo>
    <agencyURI>smi:smi-registry/organization/EMSC</agencyURI>
    <authorURI>smi:smi-registry/organization/EMSC</authorURI>
    <creationTime>2014-12-11T00:57:30.2775Z</creationTime>
  </creationInfo>
  <description>
    <text>WESTERN TURKEY</text>
    <type>Flinn-Engdahl region</type>
  </description>
  <origin publicID="quakeml:eu.emsc/event/20040403_0000012/origin/1309692">
    <time>
      <value>2004-04-03T07:49:39.5Z</value>
    </time>
    <latitude>
      <value>39.162</value>
      <uncertainty>9999.9</uncertainty>
    </latitude>
    <longitude>
      <value>30.131</value>
      <uncertainty>9999.9</uncertainty>
    </longitude>
    <depth>
      <value>5000</value>
    </depth>
    <depthType>from location</depthType>
    <methodID>smi:eu.emsc-csem/origin_method/NA</methodID>
    <quality>
      <usedPhaseCount>19</usedPhaseCount>
      <usedStationCount>17</usedStationCount>
      <standardError>1.01</standardError>
      <azimuthalGap>87</azimuthalGap>
      <minimumDistance>0.11</minimumDistance>
      <maximumDistance>2.37</maximumDistance>
    </quality>
    <evaluationMode>manual</evaluationMode>
    <creationInfo>
      <agencyURI>smi:smi-registry/organization/EMSC</agencyURI>
      <authorURI>smi:smi-registry/organization/EMSC</authorURI>
    </creationInfo>
    <originUncertainty>
      <azimuthMaxHorizontalUncertainty>-99</azimuthMaxHorizontalUncertainty>
    </originUncertainty>
  </origin>
  <magnitude publicID="quakeml:eu.emsc/event/20040403_0000012/origin/1309692/mag/2">
    <mag>
      <value>3</value>
    </mag>
    <type>MD</type>
    <originID>quakeml:eu.emsc/event/20040403_0000012/origin/1309692</originID>
    <creationInfo>
      <agencyURI>smi:smi-registry/organization/EMSC</agencyURI>
      <authorURI>smi:smi-registry/organization/EMSC</authorURI>
    </creationInfo>
  </magnitude>
</event>
<event publicID="quakeml:eu.emsc/event/20040403_0000009">
  <preferredOriginID>quakeml:eu.emsc/event/20040403_0000009/origin/1322692</preferredOriginID>
  <preferredMagnitudeID>quakeml:eu.emsc/event/20040403_0000009/origin/1322692/mag/1</preferredMagnitudeID>
  <creationInfo>
    <agencyURI>smi:smi-registry/organization/EMSC</agencyURI>
    <authorURI>smi:smi-registry/organization/EMSC</authorURI>
    <creationTime>2014-12-03T11:45:07.999618Z</creationTime>
  </creationInfo>
  <description>
    <text>SPAIN</text>
    <type>Flinn-Engdahl region</type>
  </description>
  <origin publicID="quakeml:eu.emsc/event/20040403_0000009/origin/1322692">
    <time>
      <value>2004-04-03T07:40:50.7Z</value>
      <uncertainty>0.12</uncertainty>
    </time>
    <latitude>
      <value>37.9758</value>
      <uncertainty>3.3</uncertainty>
    </latitude>
    <longitude>
      <value>-5.7993</value>
      <uncertainty>2.4</uncertainty>
    </longitude>
    <depth>
      <value>10000</value>
    </depth>
    <depthType>from location</depthType>
    <methodID>smi:eu.emsc-csem/origin_method/NA</methodID>
    <quality>
      <usedPhaseCount>48</usedPhaseCount>
      <usedStationCount>26</usedStationCount>
      <standardError>0.92</standardError>
      <azimuthalGap>72</azimuthalGap>
      <minimumDistance>1.11</minimumDistance>
      <maximumDistance>5.55</maximumDistance>
    </quality>
    <evaluationMode>manual</evaluationMode>
    <creationInfo>
      <agencyURI>smi:smi-registry/organization/EMSC</agencyURI>
      <authorURI>smi:smi-registry/organization/EMSC</authorURI>
    </creationInfo>
    <originUncertainty>
      <azimuthMaxHorizontalUncertainty>4</azimuthMaxHorizontalUncertainty>
    </originUncertainty>
  </origin>
  <magnitude publicID="quakeml:eu.emsc/event/20040403_0000009/origin/1322692/mag/1">
    <mag>
      <value>2.8</value>
      <uncertainty>0.4</uncertainty>
    </mag>
    <type>ML</type>
    <originID>quakeml:eu.emsc/event/20040403_0000009/origin/1322692</originID>
    <stationCount>18</stationCount>
    <creationInfo>
      <agencyURI>smi:smi-registry/organization/EMSC</agencyURI>
      <authorURI>smi:smi-registry/organization/EMSC</authorURI>
    </creationInfo>
  </magnitude>
</event>
<event publicID="quakeml:eu.emsc/event/20040403_0000010">
  <preferredOriginID>quakeml:eu.emsc/event/20040403_0000010/origin/1309694</preferredOriginID>
  <preferredMagnitudeID>quakeml:eu.emsc/event/20040403_0000010/origin/1309694/mag/2</preferredMagnitudeID>
  <creationInfo>
    <agencyURI>smi:smi-registry/organization/EMSC</agencyURI>
    <authorURI>smi:smi-registry/organization/EMSC</authorURI>
    <creationTime>2014-12-11T00:57:25.268212Z</creationTime>
  </creationInfo>
  <description>
    <text>EASTERN TURKEY</text>
    <type>Flinn-Engdahl region</type>
  </description>
  <origin publicID="quakeml:eu.emsc/event/20040403_0000010/origin/1309694">
    <time>
      <value>2004-04-03T07:15:49.3Z</value>
    </time>
    <latitude>
      <value>39.905</value>
      <uncertainty>9999.9</uncertainty>
    </latitude>
    <longitude>
      <value>40.804</value>
      <uncertainty>9999.9</uncertainty>
    </longitude>
    <depth>
      <value>8000</value>
    </depth>
    <depthType>from location</depthType>
    <methodID>smi:eu.emsc-csem/origin_method/NA</methodID>
    <quality>
      <usedPhaseCount>7</usedPhaseCount>
      <usedStationCount>5</usedStationCount>
      <standardError>1.98</standardError>
      <azimuthalGap>151</azimuthalGap>
      <minimumDistance>0.33</minimumDistance>
      <maximumDistance>1.16</maximumDistance>
    </quality>
    <evaluationMode>manual</evaluationMode>
    <creationInfo>
      <agencyURI>smi:smi-registry/organization/EMSC</agencyURI>
      <authorURI>smi:smi-registry/organization/EMSC</authorURI>
    </creationInfo>
    <originUncertainty>
      <azimuthMaxHorizontalUncertainty>-99</azimuthMaxHorizontalUncertainty>
    </originUncertainty>
  </origin>
  <magnitude publicID="quakeml:eu.emsc/event/20040403_0000010/origin/1309694/mag/2">
    <mag>
      <value>3</value>
    </mag>
    <type>MD</type>
    <originID>quakeml:eu.emsc/event/20040403_0000010/origin/1309694</originID>
    <creationInfo>
      <agencyURI>smi:smi-registry/organization/EMSC</agencyURI>
      <authorURI>smi:smi-registry/organization/EMSC</authorURI>
    </creationInfo>
  </magnitude>
</event>
<event publicID="quakeml:eu.emsc/event/20040403_0000048">
  <preferredOriginID>quakeml:eu.emsc/event/20040403_0000048/origin/1321445</preferredOriginID>
  <preferredMagnitudeID>quakeml:eu.emsc/event/20040403_0000048/origin/1321445/mag/1</preferredMagnitudeID>
  <creationInfo>
    <agencyURI>smi:smi-registry/organization/EMSC</agencyURI>
    <authorURI>smi:smi-registry/organization/EMSC</authorURI>
    <creationTime>2014-12-03T17:05:00.81002Z</creationTime>
  </creationInfo>
  <description>
    <text>FRANCE</text>
    <type>Flinn-Engdahl region</type>
  </description>
  <origin publicID="quakeml:eu.emsc/event/20040403_0000048/origin/1321445">
    <time>
      <value>2004-04-03T07:08:52.7Z</value>
      <uncertainty>0.09</uncertainty>
    </time>
    <latitude>
      <value>46.8135</value>
      <uncertainty>1.9</uncertainty>
    </latitude>
    <longitude>
      <value>1.3473</value>
      <uncertainty>1.5</uncertainty>
    </longitude>
    <depth>
      <value>12000</value>
    </depth>
    <depthType>from location</depthType>
    <methodID>smi:eu.emsc-csem/origin_method/NA</methodID>
    <quality>
      <usedPhaseCount>42</usedPhaseCount>
      <usedStationCount>17</usedStationCount>
      <standardError>0.69</standardError>
      <azimuthalGap>90</azimuthalGap>
      <minimumDistance>0.79</minimumDistance>
      <maximumDistance>3.26</maximumDistance>
    </quality>
    <evaluationMode>manual</evaluationMode>
    <creationInfo>
      <agencyURI>smi:smi-registry/organization/EMSC</agencyURI>
      <authorURI>smi:smi-registry/organization/EMSC</authorURI>
    </creationInfo>
    <originUncertainty>
      <azimuthMaxHorizontalUncertainty>36</azimuthMaxHorizontalUncertainty>
    </originUncertainty>
  </origin>
  <magnitude publicID="quakeml:eu.emsc/event/20040403_0000048/origin/1321445/mag/1">
    <mag>
      <value>2.2</value>
      <uncertainty>0.4</uncertainty>
    </mag>
    <type>ML</type>
    <originID>quakeml:eu.emsc/event/20040403_0000048/origin/1321445</originID>
    <stationCount>14</stationCount>
    <creationInfo>
      <agencyURI>smi:smi-registry/organization/EMSC</agencyURI>
      <authorURI>smi:smi-registry/organization/EMSC</authorURI>
    </creationInfo>
  </magnitude>
</event>
<event publicID="quakeml:eu.emsc/event/20040403_0000039">
  <preferredOriginID>quakeml:eu.emsc/event/20040403_0000039/origin/1309696</preferredOriginID>
  <preferredMagnitudeID>quakeml:eu.emsc/event/20040403_0000039/origin/1309696/mag/2</preferredMagnitudeID>
  <creationInfo>
    <agencyURI>smi:smi-registry/organization/EMSC</agencyURI>
    <authorURI>smi:smi-registry/organization/EMSC</authorURI>
    <creationTime>2014-12-10T18:12:04.30925Z</creationTime>
  </creationInfo>
  <description>
    <text>FRANCE</text>
    <type>Flinn-Engdahl region</type>
  </description>
  <origin publicID="quakeml:eu.emsc/event/20040403_0000039/origin/1309696">
    <time>
      <value>2004-04-03T04:22:58.9Z</value>
    </time>
    <latitude>
      <value>44.8734</value>
      <uncertainty>9999.9</uncertainty>
    </latitude>
    <longitude>
      <value>6.7112</value>
      <uncertainty>9999.9</uncertainty>
    </longitude>
    <depth>
      <value>2000</value>
    </depth>
    <depthType>from location</depthType>
    <methodID>smi:eu.emsc-csem/origin_method/NA</methodID>
    <quality>
      <usedPhaseCount>12</usedPhaseCount>
      <usedStationCount>6</usedStationCount>
      <standardError>0.57</standardError>
      <azimuthalGap>161</azimuthalGap>
      <minimumDistance>0.15</minimumDistance>
      <maximumDistance>1.55</maximumDistance>
    </quality>
    <evaluationMode>manual</evaluationMode>
    <creationInfo>
      <agencyURI>smi:smi-registry/organization/EMSC</agencyURI>
      <authorURI>smi:smi-registry/organization/EMSC</authorURI>
    </creationInfo>
    <originUncertainty>
      <azimuthMaxHorizontalUncertainty>-99</azimuthMaxHorizontalUncertainty>
    </originUncertainty>
  </origin>
  <magnitude publicID="quakeml:eu.emsc/event/20040403_0000039/origin/1309696/mag/2">
    <mag>
      <value>1.7</value>
    </mag>
    <type>ML</type>
    <originID>quakeml:eu.emsc/event/20040403_0000039/origin/1309696</originID>
    <stationCount>2</stationCount>
    <creationInfo>
      <agencyURI>smi:smi-registry/organization/EMSC</agencyURI>
      <authorURI>smi:smi-registry/organization/EMSC</authorURI>
    </creationInfo>
  </magnitude>
</event>
<event publicID="quakeml:eu.emsc/event/20040403_0000007">
  <preferredOriginID>quakeml:eu.emsc/event/20040403_0000007/origin/1309698</preferredOriginID>
  <preferredMagnitudeID>quakeml:eu.emsc/event/20040403_0000007/origin/1309698/mag/2</preferredMagnitudeID>
  <creationInfo>
    <agencyURI>smi:smi-registry/organization/EMSC</agencyURI>
    <authorURI>smi:smi-registry/organization/EMSC</authorURI>
    <creationTime>2014-12-11T00:57:20.180532Z</creationTime>
  </creationInfo>
  <description>
    <text>EASTERN TURKEY</text>
    <type>Flinn-Engdahl region</type>
  </description>
  <origin publicID="quakeml:eu.emsc/event/20040403_0000007/origin/1309698">
    <time>
      <value>2004-04-03T03:44:22.7Z</value>
    </time>
    <latitude>
      <value>39.907</value>
      <uncertainty>9999.9</uncertainty>
    </latitude>
    <longitude>
      <value>40.816</value>
      <uncertainty>9999.9</uncertainty>
    </longitude>
    <depth>
      <value>12000</value>
    </depth>
    <depthType>from location</depthType>
    <methodID>smi:eu.emsc-csem/origin_method/NA</methodID>
    <quality>
      <usedPhaseCount>8</usedPhaseCount>
      <usedStationCount>6</usedStationCount>
      <standardError>1.26</standardError>
      <azimuthalGap>152</azimuthalGap>
      <minimumDistance>0.32</minimumDistance>
      <maximumDistance>1.79</maximumDistance>
    </quality>
    <evaluationMode>manual</evaluationMode>
    <creationInfo>
      <agencyURI>smi:smi-registry/organization/EMSC</agencyURI>
      <authorURI>smi:smi-registry/organization/EMSC</authorURI>
    </creationInfo>
    <originUncertainty>
      <azimuthMaxHorizontalUncertainty>-99</azimuthMaxHorizontalUncertainty>
    </originUncertainty>
  </origin>
  <magnitude publicID="quakeml:eu.emsc/event/20040403_0000007/origin/1309698/mag/2">
    <mag>
      <value>3.2</value>
    </mag>
    <type>MD</type>
    <originID>quakeml:eu.emsc/event/20040403_0000007/origin/1309698</originID>
    <creationInfo>
      <agencyURI>smi:smi-registry/organization/EMSC</agencyURI>
      <authorURI>smi:smi-registry/organization/EMSC</authorURI>
    </creationInfo>
  </magnitude>
</event>
<event publicID="quakeml:eu.emsc/event/20040403_0000006">
  <preferredOriginID>quakeml:eu.emsc/event/20040403_0000006/origin/1309700</preferredOriginID>
  <preferredMagnitudeID>quakeml:eu.emsc/event/20040403_0000006/origin/1309700/mag/2</preferredMagnitudeID>
  <creationInfo>
    <agencyURI>smi:smi-registry/organization/EMSC</agencyURI>
    <authorURI>smi:smi-registry/organization/EMSC</authorURI>
    <creationTime>2014-12-11T00:57:19.277805Z</creationTime>
  </creationInfo>
  <description>
    <text>EASTERN TURKEY</text>
    <type>Flinn-Engdahl region</type>
  </description>
  <origin publicID="quakeml:eu.emsc/event/20040403_0000006/origin/1309700">
    <time>
      <value>2004-04-03T03:41:52.6Z</value>
    </time>
    <latitude>
      <value>39.949</value>
      <uncertainty>9999.9</uncertainty>
    </latitude>
    <longitude>
      <value>40.785</value>
      <uncertainty>9999.9</uncertainty>
    </longitude>
    <depth>
      <value>13000</value>
    </depth>
    <depthType>from location</depthType>
    <methodID>smi:eu.emsc-csem/origin_method/NA</methodID>
    <quality>
      <usedPhaseCount>7</usedPhaseCount>
      <usedStationCount>5</usedStationCount>
      <standardError>1.23</standardError>
      <azimuthalGap>160</azimuthalGap>
      <minimumDistance>0.34</minimumDistance>
      <maximumDistance>1.12</maximumDistance>
    </quality>
    <evaluationMode>manual</evaluationMode>
    <creationInfo>
      <agencyURI>smi:smi-registry/organization/EMSC</agencyURI>
      <authorURI>smi:smi-registry/organization/EMSC</authorURI>
    </creationInfo>
    <originUncertainty>
      <azimuthMaxHorizontalUncertainty>-99</azimuthMaxHorizontalUncertainty>
    </originUncertainty>
  </origin>
  <magnitude publicID="quakeml:eu.emsc/event/20040403_0000006/origin/1309700/mag/2">
    <mag>
      <value>3</value>
    </mag>
    <type>MD</type>
    <originID>quakeml:eu.emsc/event/20040403_0000006/origin/1309700</originID>
    <creationInfo>
      <agencyURI>smi:smi-registry/organization/EMSC</agencyURI>
      <authorURI>smi:smi-registry/organization/EMSC</authorURI>
    </creationInfo>
  </magnitude>
</event>
<event publicID="quakeml:eu.emsc/event/20040403_0000004">
  <preferredOriginID>quakeml:eu.emsc/event/20040403_0000004/origin/1309702</preferredOriginID>
  <preferredMagnitudeID>quakeml:eu.emsc/event/20040403_0000004/origin/1309702/mag/2</preferredMagnitudeID>
  <creationInfo>
    <agencyURI>smi:smi-registry/organization/EMSC</agencyURI>
    <authorURI>smi:smi-registry/organization/EMSC</authorURI>
    <creationTime>2014-12-11T00:57:17.390033Z</creationTime>
  </creationInfo>
  <description>
    <text>GREECE</text>
    <type>Flinn-Engdahl region</type>
  </description>
  <origin publicID="quakeml:eu.emsc/event/20040403_0000004/origin/1309702">
    <time>
      <value>2004-04-03T02:58:14.1Z</value>
    </time>
    <latitude>
      <value>38.75</value>
      <uncertainty>9999.9</uncertainty>
    </latitude>
    <longitude>
      <value>23.4</value>
      <uncertainty>9999.9</uncertainty>
    </longitude>
    <depth>
      <value>30000</value>
    </depth>
    <depthType>from location</depthType>
    <methodID>smi:eu.emsc-csem/origin_method/NA</methodID>
    <quality>
      <usedPhaseCount>8</usedPhaseCount>
      <usedStationCount>6</usedStationCount>
      <standardError>1.19</standardError>
      <azimuthalGap>169</azimuthalGap>
      <minimumDistance>0.57</minimumDistance>
      <maximumDistance>0.99</maximumDistance>
    </quality>
    <evaluationMode>manual</evaluationMode>
    <creationInfo>
      <agencyURI>smi:smi-registry/organization/EMSC</agencyURI>
      <authorURI>smi:smi-registry/organization/EMSC</authorURI>
    </creationInfo>
    <originUncertainty>
      <azimuthMaxHorizontalUncertainty>-99</azimuthMaxHorizontalUncertainty>
    </originUncertainty>
  </origin>
  <magnitude publicID="quakeml:eu.emsc/event/20040403_0000004/origin/1309702/mag/2">
    <mag>
      <value>2.9</value>
    </mag>
    <type>ML</type>
    <originID>quakeml:eu.emsc/event/20040403_0000004/origin/1309702</originID>
    <creationInfo>
      <agencyURI>smi:smi-registry/organization/EMSC</agencyURI>
      <authorURI>smi:smi-registry/organization/EMSC</authorURI>
    </creationInfo>
  </magnitude>
</event>
<event publicID="quakeml:eu.emsc/event/20040403_0000001">
  <preferredOriginID>quakeml:eu.emsc/event/20040403_0000001/origin/1322695</preferredOriginID>
  <preferredMagnitudeID>quakeml:eu.emsc/event/20040403_0000001/origin/1322695/mag/2</preferredMagnitudeID>
  <creationInfo>
    <agencyURI>smi:smi-registry/organization/EMSC</agencyURI>
    <authorURI>smi:smi-registry/organization/EMSC</authorURI>
    <creationTime>2014-12-03T11:37:38.837663Z</creationTime>
  </creationInfo>
  <description>
    <text>GREECE</text>
    <type>Flinn-Engdahl region</type>
  </description>
  <origin publicID="quakeml:eu.emsc/event/20040403_0000001/origin/1322695">
    <time>
      <value>2004-04-03T01:13:47.7Z</value>
      <uncertainty>0.57</uncertainty>
    </time>
    <latitude>
      <value>38.6764</value>
      <uncertainty>18.5</uncertainty>
    </latitude>
    <longitude>
      <value>23.6111</value>
      <uncertainty>10.8</uncertainty>
    </longitude>
    <depth>
      <value>5000</value>
    </depth>
    <depthType>from location</depthType>
    <methodID>smi:eu.emsc-csem/origin_method/NA</methodID>
    <quality>
      <usedPhaseCount>9</usedPhaseCount>
      <usedStationCount>7</usedStationCount>
      <standardError>1.1</standardError>
      <azimuthalGap>139</azimuthalGap>
      <minimumDistance>0.54</minimumDistance>
      <maximumDistance>1.67</maximumDistance>
    </quality>
    <evaluationMode>manual</evaluationMode>
    <creationInfo>
      <agencyURI>smi:smi-registry/organization/EMSC</agencyURI>
      <authorURI>smi:smi-registry/organization/EMSC</authorURI>
    </creationInfo>
    <originUncertainty>
      <azimuthMaxHorizontalUncertainty>66</azimuthMaxHorizontalUncertainty>
    </originUncertainty>
  </origin>
  <magnitude publicID="quakeml:eu.emsc/event/20040403_0000001/origin/1322695/mag/2">
    <mag>
      <value>2.9</value>
    </mag>
    <type>ML</type>
    <originID>quakeml:eu.emsc/event/20040403_0000001/origin/1322695</originID>
    <creationInfo>
      <agencyURI>smi:smi-registry/organization/EMSC</agencyURI>
      <authorURI>smi:smi-registry/organization/EMSC</authorURI>
    </creationInfo>
  </magnitude>
</event>
<event publicID="quakeml:eu.emsc/event/20040403_0000003">
  <preferredOriginID>quakeml:eu.emsc/event/20040403_0000003/origin/1309704</preferredOriginID>
  <preferredMagnitudeID>quakeml:eu.emsc/event/20040403_0000003/origin/1309704/mag/2</preferredMagnitudeID>
  <creationInfo>
    <agencyURI>smi:smi-registry/organization/EMSC</agencyURI>
    <authorURI>smi:smi-registry/organization/EMSC</authorURI>
    <creationTime>2014-12-11T00:57:15.526Z</creationTime>
  </creationInfo>
  <description>
    <text>EASTERN TURKEY</text>
    <type>Flinn-Engdahl region</type>
  </description>
  <origin publicID="quakeml:eu.emsc/event/20040403_0000003/origin/1309704">
    <time>
      <value>2004-04-03T00:43:19.6Z</value>
    </time>
    <latitude>
      <value>39.946</value>
      <uncertainty>9999.9</uncertainty>
    </latitude>
    <longitude>
      <value>40.808</value>
      <uncertainty>9999.9</uncertainty>
    </longitude>
    <depth>
      <value>5000</value>
    </depth>
    <depthType>from location</depthType>
    <methodID>smi:eu.emsc-csem/origin_method/NA</methodID>
    <quality>
      <usedPhaseCount>13</usedPhaseCount>
      <usedStationCount>10</usedStationCount>
      <standardError>1.79</standardError>
      <azimuthalGap>130</azimuthalGap>
      <minimumDistance>0.33</minimumDistance>
      <maximumDistance>2.44</maximumDistance>
    </quality>
    <evaluationMode>manual</evaluationMode>
    <creationInfo>
      <agencyURI>smi:smi-registry/organization/EMSC</agencyURI>
      <authorURI>smi:smi-registry/organization/EMSC</authorURI>
    </creationInfo>
    <originUncertainty>
      <azimuthMaxHorizontalUncertainty>-99</azimuthMaxHorizontalUncertainty>
    </originUncertainty>
  </origin>
  <magnitude publicID="quakeml:eu.emsc/event/20040403_0000003/origin/1309704/mag/2">
    <mag>
      <value>3.4</value>
    </mag>
    <type>MD</type>
    <originID>quakeml:eu.emsc/event/20040403_0000003/origin/1309704</originID>
    <creationInfo>
      <agencyURI>smi:smi-registry/organization/EMSC</agencyURI>
      <authorURI>smi:smi-registry/organization/EMSC</authorURI>
    </creationInfo>
  </magnitude>
</event>
<event publicID="quakeml:eu.emsc/event/20040403_0000002">
  <preferredOriginID>quakeml:eu.emsc/event/20040403_0000002/origin/1309706</preferredOriginID>
  <preferredMagnitudeID>quakeml:eu.emsc/event/20040403_0000002/origin/1309706/mag/2</preferredMagnitudeID>
  <creationInfo>
    <agencyURI>smi:smi-registry/organization/EMSC</agencyURI>
    <authorURI>smi:smi-registry/organization/EMSC</authorURI>
    <creationTime>2014-12-11T00:57:13.155639Z</creationTime>
  </creationInfo>
  <description>
    <text>EASTERN TURKEY</text>
    <type>Flinn-Engdahl region</type>
  </description>
  <origin publicID="quakeml:eu.emsc/event/20040403_0000002/origin/1309706">
    <time>
      <value>2004-04-03T00:00:25.7Z</value>
    </time>
    <latitude>
      <value>39.935</value>
      <uncertainty>9999.9</uncertainty>
    </latitude>
    <longitude>
      <value>40.811</value>
      <uncertainty>9999.9</uncertainty>
    </longitude>
    <depth>
      <value>8000</value>
    </depth>
    <depthType>from location</depthType>
    <methodID>smi:eu.emsc-csem/origin_method/NA</methodID>
    <quality>
      <usedPhaseCount>6</usedPhaseCount>
      <usedStationCount>5</usedStationCount>
      <standardError>1</standardError>
      <azimuthalGap>158</azimuthalGap>
      <minimumDistance>0.32</minimumDistance>
      <maximumDistance>1.15</maximumDistance>
    </quality>
    <evaluationMode>manual</evaluationMode>
    <creationInfo>
      <agencyURI>smi:smi-registry/organization/EMSC</agencyURI>
      <authorURI>smi:smi-registry/organization/EMSC</authorURI>
    </creationInfo>
    <originUncertainty>
      <azimuthMaxHorizontalUncertainty>-99</azimuthMaxHorizontalUncertainty>
    </originUncertainty>
  </origin>
  <magnitude publicID="quakeml:eu.emsc/event/20040403_0000002/origin/1309706/mag/2">
    <mag>
      <value>3.1</value>
    </mag>
    <type>MD</type>
    <originID>quakeml:eu.emsc/event/20040403_0000002/origin/1309706</originID>
    <creationInfo>
      <agencyURI>smi:smi-registry/organization/EMSC</agencyURI>
      <authorURI>smi:smi-registry/organization/EMSC</authorURI>
    </creationInfo>
  </magnitude>
</event>
</eventParameters>
</q:quakeml>
