<?xml version="1.0"?>
<q:quakeml xmlns:q="http://quakeml.org/xmlns/quakeml/1.2"  xmlns="http://quakeml.org/xmlns/bed/1.2">
<eventParameters publicID="smi:eu.emsc/unid">
<event publicID="quakeml:eu.emsc/event/20041004_0000029">
  <preferredOriginID>quakeml:eu.emsc/event/20041004_0000029/origin/1293869</preferredOriginID>
  <preferredMagnitudeID>quakeml:eu.emsc/event/20041004_0000029/origin/1293869/mag/2</preferredMagnitudeID>
  <creationInfo>
    <agencyURI>smi:smi-registry/organization/EMSC</agencyURI>
    <authorURI>smi:smi-registry/organization/EMSC</authorURI>
    <creationTime>2014-12-10T18:19:15.572375Z</creationTime>
  </creationInfo>
  <description>
    <text>FRANCE</text>
    <type>Flinn-Engdahl region</type>
  </description>
  <origin publicID="quakeml:eu.emsc/event/20041004_0000029/origin/1293869">
    <time>
      <value>2004-10-04T23:51:22.1Z</value>
    </time>
    <latitude>
      <value>45.0999</value>
      <uncertainty>9999.9</uncertainty>
    </latitude>
    <longitude>
      <value>5.7557</value>
      <uncertainty>9999.9</uncertainty>
    </longitude>
    <depth>
      <value>2000</value>
    </depth>
    <depthType>from location</depthType>
    <methodID>smi:eu.emsc-csem/origin_method/NA</methodID>
    <quality>
      <usedPhaseCount>11</usedPhaseCount>
      <usedStationCount>6</usedStationCount>
      <standardError>0.55</standardError>
      <azimuthalGap>165</azimuthalGap>
      <minimumDistance>0.2</minimumDistance>
      <maximumDistance>1.67</maximumDistance>
    </quality>
    <evaluationMode>manual</evaluationMode>
    <creationInfo>
      <agencyURI>smi:smi-registry/organization/EMSC</agencyURI>
      <authorURI>smi:smi-registry/organization/EMSC</authorURI>
    </creationInfo>
    <originUncertainty>
      <azimuthMaxHorizontalUncertainty>-99</azimuthMaxHorizontalUncertainty>
    </originUncertainty>
  </origin>
  <magnitude publicID="quakeml:eu.emsc/event/20041004_0000029/origin/1293869/mag/2">
    <mag>
      <value>1.6</value>
    </mag>
    <type>ML</type>
    <originID>quakeml:eu.emsc/event/20041004_0000029/origin/1293869</originID>
    <stationCount>1</stationCount>
    <creationInfo>
      <agencyURI>smi:smi-registry/organization/EMSC</agencyURI>
      <authorURI>smi:smi-registry/organization/EMSC</authorURI>
    </creationInfo>
  </magnitude>
</event>
<event publicID="quakeml:eu.emsc/event/20041004_0000019">
  <preferredOriginID>quakeml:eu.emsc/event/20041004_0000019/origin/AV260</preferredOriginID>
  <preferredMagnitudeID>quakeml:eu.emsc/event/20041004_0000019/origin/AV260/mag/1</preferredMagnitudeID>
  <creationInfo>
    <agencyURI>smi:smi-registry/organization/EMSC</agencyURI>
    <authorURI>smi:smi-registry/organization/EMSC</authorURI>
    <creationTime>2014-12-01T12:40:30.351751Z</creationTime>
  </creationInfo>
  <description>
    <text>SOLOMON ISLANDS</text>
    <type>Flinn-Engdahl region</type>
  </description>
  <origin publicID="quakeml:eu.emsc/event/20041004_0000019/origin/AV260">
    <time>
      <value>2004-10-04T23:50:02.7Z</value>
      <uncertainty>0.07</uncertainty>
    </time>
    <latitude>
      <value>-10.98</value>
    </latitude>
    <longitude>
      <value>162.39</value>
    </longitude>
    <depth>
      <value>33000.0</value>
    </depth>
    <depthType>from location</depthType>
    <methodID>smi:eu.emsc-csem/origin_method/NA</methodID>
    <quality>
      <usedPhaseCount>25</usedPhaseCount>
      <usedStationCount>24</usedStationCount>
      <standardError>0.78</standardError>
      <azimuthalGap>67</azimuthalGap>
      <minimumDistance>17.98</minimumDistance>
      <maximumDistance>140.17</maximumDistance>
    </quality>
    <evaluationMode>automatic</evaluationMode>
    <creationInfo>
      <agencyURI>smi:smi-registry/organization/EMSC</agencyURI>
      <authorURI>smi:smi-registry/organization/EMSC</authorURI>
    </creationInfo>
  </origin>
  <magnitude publicID="quakeml:eu.emsc/event/20041004_0000019/origin/AV260/mag/1">
    <mag>
      <value>5.2</value>
      <uncertainty>0.4</uncertainty>
    </mag>
    <type>mb</type>
    <originID>quakeml:eu.emsc/event/20041004_0000019/origin/AV260</originID>
    <stationCount>8</stationCount>
    <creationInfo>
      <agencyURI>smi:smi-registry/organization/EMSC</agencyURI>
      <authorURI>smi:smi-registry/organization/EMSC</authorURI>
    </creationInfo>
  </magnitude>
</event>
<event publicID="quakeml:eu.emsc/event/20041004_0000031">
  <preferredOriginID>quakeml:eu.emsc/event/20041004_0000031/origin/1293871</preferredOriginID>
  <preferredMagnitudeID>quakeml:eu.emsc/event/20041004_0000031/origin/1293871/mag/2</preferredMagnitudeID>
  <creationInfo>
    <agencyURI>smi:smi-registry/organization/EMSC</agencyURI>
    <authorURI>smi:smi-registry/organization/EMSC</authorURI>
    <creationTime>2014-12-11T04:41:57.790072Z</creationTime>
  </creationInfo>
  <description>
    <text>WESTERN TURKEY</text>
    <type>Flinn-Engdahl region</type>
  </description>
  <origin publicID="quakeml:eu.emsc/event/20041004_0000031/origin/1293871">
    <time>
      <value>2004-10-04T23:25:35.3Z</value>
    </time>
    <latitude>
      <value>40.434</value>
      <uncertainty>9999.9</uncertainty>
    </latitude>
    <longitude>
      <value>30.064</value>
      <uncertainty>9999.9</uncertainty>
    </longitude>
    <depth>
      <value>6000</value>
    </depth>
    <depthType>from location</depthType>
    <methodID>smi:eu.emsc-csem/origin_method/NA</methodID>
    <quality>
      <usedPhaseCount>22</usedPhaseCount>
      <usedStationCount>20</usedStationCount>
      <standardError>0.74</standardError>
      <azimuthalGap>55</azimuthalGap>
      <minimumDistance>0.14</minimumDistance>
      <maximumDistance>2.15</maximumDistance>
    </quality>
    <evaluationMode>manual</evaluationMode>
    <creationInfo>
      <agencyURI>smi:smi-registry/organization/EMSC</agencyURI>
      <authorURI>smi:smi-registry/organization/EMSC</authorURI>
    </creationInfo>
    <originUncertainty>
      <azimuthMaxHorizontalUncertainty>-99</azimuthMaxHorizontalUncertainty>
    </originUncertainty>
  </origin>
  <magnitude publicID="quakeml:eu.emsc/event/20041004_0000031/origin/1293871/mag/2">
    <mag>
      <value>2.9</value>
    </mag>
    <type>MD</type>
    <originID>quakeml:eu.emsc/event/20041004_0000031/origin/1293871</originID>
    <creationInfo>
      <agencyURI>smi:smi-registry/organization/EMSC</agencyURI>
      <authorURI>smi:smi-registry/organization/EMSC</authorURI>
    </creationInfo>
  </magnitude>
</event>
<event publicID="quakeml:eu.emsc/event/20041004_0000033">
  <preferredOriginID>quakeml:eu.emsc/event/20041004_0000033/origin/1300004</preferredOriginID>
  <preferredMagnitudeID>quakeml:eu.emsc/event/20041004_0000033/origin/1300004/mag/2</preferredMagnitudeID>
  <creationInfo>
    <agencyURI>smi:smi-registry/organization/EMSC</agencyURI>
    <authorURI>smi:smi-registry/organization/EMSC</authorURI>
    <creationTime>2014-12-03T11:12:35.749179Z</creationTime>
  </creationInfo>
  <description>
    <text>DODECANESE ISLANDS, GREECE</text>
    <type>Flinn-Engdahl region</type>
  </description>
  <origin publicID="quakeml:eu.emsc/event/20041004_0000033/origin/1300004">
    <time>
      <value>2004-10-04T23:12:32.6Z</value>
      <uncertainty>0.17</uncertainty>
    </time>
    <latitude>
      <value>37.7532</value>
      <uncertainty>4.3</uncertainty>
    </latitude>
    <longitude>
      <value>26.9352</value>
      <uncertainty>4.1</uncertainty>
    </longitude>
    <depth>
      <value>10000</value>
    </depth>
    <depthType>from location</depthType>
    <methodID>smi:eu.emsc-csem/origin_method/NA</methodID>
    <quality>
      <usedPhaseCount>10</usedPhaseCount>
      <usedStationCount>8</usedStationCount>
      <standardError>0.58</standardError>
      <azimuthalGap>114</azimuthalGap>
      <minimumDistance>0.09</minimumDistance>
      <maximumDistance>1.66</maximumDistance>
    </quality>
    <evaluationMode>manual</evaluationMode>
    <creationInfo>
      <agencyURI>smi:smi-registry/organization/EMSC</agencyURI>
      <authorURI>smi:smi-registry/organization/EMSC</authorURI>
    </creationInfo>
    <originUncertainty>
      <azimuthMaxHorizontalUncertainty>78</azimuthMaxHorizontalUncertainty>
    </originUncertainty>
  </origin>
  <magnitude publicID="quakeml:eu.emsc/event/20041004_0000033/origin/1300004/mag/2">
    <mag>
      <value>3</value>
    </mag>
    <type>MD</type>
    <originID>quakeml:eu.emsc/event/20041004_0000033/origin/1300004</originID>
    <creationInfo>
      <agencyURI>smi:smi-registry/organization/EMSC</agencyURI>
      <authorURI>smi:smi-registry/organization/EMSC</authorURI>
    </creationInfo>
  </magnitude>
</event>
<event publicID="quakeml:eu.emsc/event/20041004_0000038">
  <preferredOriginID>quakeml:eu.emsc/event/20041004_0000038/origin/1293873</preferredOriginID>
  <preferredMagnitudeID>quakeml:eu.emsc/event/20041004_0000038/origin/1293873/mag/2</preferredMagnitudeID>
  <creationInfo>
    <agencyURI>smi:smi-registry/organization/EMSC</agencyURI>
    <authorURI>smi:smi-registry/organization/EMSC</authorURI>
    <creationTime>2014-12-11T04:41:49.680902Z</creationTime>
  </creationInfo>
  <description>
    <text>DODECANESE ISLANDS, GREECE</text>
    <type>Flinn-Engdahl region</type>
  </description>
  <origin publicID="quakeml:eu.emsc/event/20041004_0000038/origin/1293873">
    <time>
      <value>2004-10-04T23:00:33.3Z</value>
    </time>
    <latitude>
      <value>37.76</value>
      <uncertainty>9999.9</uncertainty>
    </latitude>
    <longitude>
      <value>26.936</value>
      <uncertainty>9999.9</uncertainty>
    </longitude>
    <depth>
      <value>5000</value>
    </depth>
    <depthType>from location</depthType>
    <methodID>smi:eu.emsc-csem/origin_method/NA</methodID>
    <quality>
      <usedPhaseCount>6</usedPhaseCount>
      <usedStationCount>4</usedStationCount>
      <standardError>1.07</standardError>
      <azimuthalGap>257</azimuthalGap>
      <minimumDistance>0.69</minimumDistance>
      <maximumDistance>1.31</maximumDistance>
    </quality>
    <evaluationMode>manual</evaluationMode>
    <creationInfo>
      <agencyURI>smi:smi-registry/organization/EMSC</agencyURI>
      <authorURI>smi:smi-registry/organization/EMSC</authorURI>
    </creationInfo>
    <originUncertainty>
      <azimuthMaxHorizontalUncertainty>-99</azimuthMaxHorizontalUncertainty>
    </originUncertainty>
  </origin>
  <magnitude publicID="quakeml:eu.emsc/event/20041004_0000038/origin/1293873/mag/2">
    <mag>
      <value>3</value>
    </mag>
    <type>MD</type>
    <originID>quakeml:eu.emsc/event/20041004_0000038/origin/1293873</originID>
    <creationInfo>
      <agencyURI>smi:smi-registry/organization/EMSC</agencyURI>
      <authorURI>smi:smi-registry/organization/EMSC</authorURI>
    </creationInfo>
  </magnitude>
</event>
<event publicID="quakeml:eu.emsc/event/20041004_0000018">
  <preferredOriginID>quakeml:eu.emsc/event/20041004_0000018/origin/1300037</preferredOriginID>
  <preferredMagnitudeID>quakeml:eu.emsc/event/20041004_0000018/origin/1300037/mag/2</preferredMagnitudeID>
  <creationInfo>
    <agencyURI>smi:smi-registry/organization/EMSC</agencyURI>
    <authorURI>smi:smi-registry/organization/EMSC</authorURI>
    <creationTime>2014-12-03T13:37:42.71017Z</creationTime>
  </creationInfo>
  <description>
    <text>AZORES-CAPE ST. VINCENT RIDGE</text>
    <type>Flinn-Engdahl region</type>
  </description>
  <origin publicID="quakeml:eu.emsc/event/20041004_0000018/origin/1300037">
    <time>
      <value>2004-10-04T23:00:26.7Z</value>
      <uncertainty>0.5</uncertainty>
    </time>
    <latitude>
      <value>36.2125</value>
      <uncertainty>9.1</uncertainty>
    </latitude>
    <longitude>
      <value>-10.337</value>
      <uncertainty>6.8</uncertainty>
    </longitude>
    <depth>
      <value>30000</value>
    </depth>
    <depthType>from location</depthType>
    <methodID>smi:eu.emsc-csem/origin_method/NA</methodID>
    <quality>
      <usedPhaseCount>38</usedPhaseCount>
      <usedStationCount>22</usedStationCount>
      <standardError>1.11</standardError>
      <azimuthalGap>292</azimuthalGap>
      <minimumDistance>1.86</minimumDistance>
      <maximumDistance>8.79</maximumDistance>
    </quality>
    <evaluationMode>manual</evaluationMode>
    <creationInfo>
      <agencyURI>smi:smi-registry/organization/EMSC</agencyURI>
      <authorURI>smi:smi-registry/organization/EMSC</authorURI>
    </creationInfo>
    <originUncertainty>
      <azimuthMaxHorizontalUncertainty>47</azimuthMaxHorizontalUncertainty>
    </originUncertainty>
  </origin>
  <magnitude publicID="quakeml:eu.emsc/event/20041004_0000018/origin/1300037/mag/2">
    <mag>
      <value>2.3</value>
    </mag>
    <type>ML</type>
    <originID>quakeml:eu.emsc/event/20041004_0000018/origin/1300037</originID>
    <creationInfo>
      <agencyURI>smi:smi-registry/organization/EMSC</agencyURI>
      <authorURI>smi:smi-registry/organization/EMSC</authorURI>
    </creationInfo>
  </magnitude>
</event>
<event publicID="quakeml:eu.emsc/event/20041004_0000047">
  <preferredOriginID>quakeml:eu.emsc/event/20041004_0000047/origin/1293875</preferredOriginID>
  <preferredMagnitudeID>quakeml:eu.emsc/event/20041004_0000047/origin/1293875/mag/2</preferredMagnitudeID>
  <creationInfo>
    <agencyURI>smi:smi-registry/organization/EMSC</agencyURI>
    <authorURI>smi:smi-registry/organization/EMSC</authorURI>
    <creationTime>2014-12-10T18:19:15.9765Z</creationTime>
  </creationInfo>
  <description>
    <text>SWITZERLAND</text>
    <type>Flinn-Engdahl region</type>
  </description>
  <origin publicID="quakeml:eu.emsc/event/20041004_0000047/origin/1293875">
    <time>
      <value>2004-10-04T22:47:39.3Z</value>
    </time>
    <latitude>
      <value>46.309</value>
      <uncertainty>9999.9</uncertainty>
    </latitude>
    <longitude>
      <value>7.51</value>
      <uncertainty>9999.9</uncertainty>
    </longitude>
    <depth>
      <value>3800.0</value>
    </depth>
    <depthType>from location</depthType>
    <methodID>smi:eu.emsc-csem/origin_method/NA</methodID>
    <quality>
      <usedPhaseCount>7</usedPhaseCount>
      <usedStationCount>4</usedStationCount>
      <standardError>0.4</standardError>
      <azimuthalGap>150</azimuthalGap>
      <minimumDistance>0.11</minimumDistance>
      <maximumDistance>0.28</maximumDistance>
    </quality>
    <evaluationMode>manual</evaluationMode>
    <creationInfo>
      <agencyURI>smi:smi-registry/organization/EMSC</agencyURI>
      <authorURI>smi:smi-registry/organization/EMSC</authorURI>
    </creationInfo>
    <originUncertainty>
      <azimuthMaxHorizontalUncertainty>-99</azimuthMaxHorizontalUncertainty>
    </originUncertainty>
  </origin>
  <magnitude publicID="quakeml:eu.emsc/event/20041004_0000047/origin/1293875/mag/2">
    <mag>
      <value>0.7</value>
    </mag>
    <type>ML</type>
    <originID>quakeml:eu.emsc/event/20041004_0000047/origin/1293875</originID>
    <stationCount>3</stationCount>
    <creationInfo>
      <agencyURI>smi:smi-registry/organization/EMSC</agencyURI>
      <authorURI>smi:smi-registry/organization/EMSC</authorURI>
    </creationInfo>
  </magnitude>
</event>
<event publicID="quakeml:eu.emsc/event/20041004_0000020">
  <preferredOriginID>quakeml:eu.emsc/event/20041004_0000020/origin/1300164</preferredOriginID>
  <preferredMagnitudeID>quakeml:eu.emsc/event/20041004_0000020/origin/1300164/mag/2</preferredMagnitudeID>
  <creationInfo>
    <agencyURI>smi:smi-registry/organization/EMSC</agencyURI>
    <authorURI>smi:smi-registry/organization/EMSC</authorURI>
    <creationTime>2014-12-03T10:44:59.278297Z</creationTime>
  </creationInfo>
  <description>
    <text>DODECANESE ISLANDS, GREECE</text>
    <type>Flinn-Engdahl region</type>
  </description>
  <origin publicID="quakeml:eu.emsc/event/20041004_0000020/origin/1300164">
    <time>
      <value>2004-10-04T22:30:44.7Z</value>
      <uncertainty>0.28</uncertainty>
    </time>
    <latitude>
      <value>37.7163</value>
      <uncertainty>7.2</uncertainty>
    </latitude>
    <longitude>
      <value>26.9116</value>
      <uncertainty>7.1</uncertainty>
    </longitude>
    <depth>
      <value>8000</value>
    </depth>
    <depthType>from location</depthType>
    <methodID>smi:eu.emsc-csem/origin_method/NA</methodID>
    <quality>
      <usedPhaseCount>17</usedPhaseCount>
      <usedStationCount>13</usedStationCount>
      <standardError>1.06</standardError>
      <azimuthalGap>93</azimuthalGap>
      <minimumDistance>0.06</minimumDistance>
      <maximumDistance>3.43</maximumDistance>
    </quality>
    <evaluationMode>manual</evaluationMode>
    <creationInfo>
      <agencyURI>smi:smi-registry/organization/EMSC</agencyURI>
      <authorURI>smi:smi-registry/organization/EMSC</authorURI>
    </creationInfo>
    <originUncertainty>
      <azimuthMaxHorizontalUncertainty>95</azimuthMaxHorizontalUncertainty>
    </originUncertainty>
  </origin>
  <magnitude publicID="quakeml:eu.emsc/event/20041004_0000020/origin/1300164/mag/2">
    <mag>
      <value>3.4</value>
    </mag>
    <type>MD</type>
    <originID>quakeml:eu.emsc/event/20041004_0000020/origin/1300164</originID>
    <creationInfo>
      <agencyURI>smi:smi-registry/organization/EMSC</agencyURI>
      <authorURI>smi:smi-registry/organization/EMSC</authorURI>
    </creationInfo>
  </magnitude>
</event>
<event publicID="quakeml:eu.emsc/event/20041004_0000022">
  <preferredOriginID>quakeml:eu.emsc/event/20041004_0000022/origin/1300166</preferredOriginID>
  <preferredMagnitudeID>quakeml:eu.emsc/event/20041004_0000022/origin/1300166/mag/2</preferredMagnitudeID>
  <creationInfo>
    <agencyURI>smi:smi-registry/organization/EMSC</agencyURI>
    <authorURI>smi:smi-registry/organization/EMSC</authorURI>
    <creationTime>2014-12-03T12:14:47.818611Z</creationTime>
  </creationInfo>
  <description>
    <text>SLOVENIA</text>
    <type>Flinn-Engdahl region</type>
  </description>
  <origin publicID="quakeml:eu.emsc/event/20041004_0000022/origin/1300166">
    <time>
      <value>2004-10-04T21:49:12.3Z</value>
      <uncertainty>0.48</uncertainty>
    </time>
    <latitude>
      <value>46.312</value>
      <uncertainty>8.8</uncertainty>
    </latitude>
    <longitude>
      <value>13.7099</value>
      <uncertainty>3.4</uncertainty>
    </longitude>
    <depth>
      <value>2000</value>
    </depth>
    <depthType>from location</depthType>
    <methodID>smi:eu.emsc-csem/origin_method/NA</methodID>
    <quality>
      <usedPhaseCount>9</usedPhaseCount>
      <usedStationCount>5</usedStationCount>
      <standardError>0.45</standardError>
      <azimuthalGap>265</azimuthalGap>
      <minimumDistance>0.09</minimumDistance>
      <maximumDistance>0.49</maximumDistance>
    </quality>
    <evaluationMode>manual</evaluationMode>
    <creationInfo>
      <agencyURI>smi:smi-registry/organization/EMSC</agencyURI>
      <authorURI>smi:smi-registry/organization/EMSC</authorURI>
    </creationInfo>
    <originUncertainty>
      <azimuthMaxHorizontalUncertainty>21</azimuthMaxHorizontalUncertainty>
    </originUncertainty>
  </origin>
  <magnitude publicID="quakeml:eu.emsc/event/20041004_0000022/origin/1300166/mag/2">
    <mag>
      <value>1</value>
    </mag>
    <type>ML</type>
    <originID>quakeml:eu.emsc/event/20041004_0000022/origin/1300166</originID>
    <creationInfo>
      <agencyURI>smi:smi-registry/organization/EMSC</agencyURI>
      <authorURI>smi:smi-registry/organization/EMSC</authorURI>
    </creationInfo>
  </magnitude>
</event>
<event publicID="quakeml:eu.emsc/event/20041004_0000034">
  <preferredOriginID>quakeml:eu.emsc/event/20041004_0000034/origin/1300189</preferredOriginID>
  <preferredMagnitudeID>quakeml:eu.emsc/event/20041004_0000034/origin/1300189/mag/2</preferredMagnitudeID>
  <creationInfo>
    <agencyURI>smi:smi-registry/organization/EMSC</agencyURI>
    <authorURI>smi:smi-registry/organization/EMSC</authorURI>
    <creationTime>2014-12-03T11:17:34.173319Z</creationTime>
  </creationInfo>
  <description>
    <text>DODECANESE ISLANDS, GREECE</text>
    <type>Flinn-Engdahl region</type>
  </description>
  <origin publicID="quakeml:eu.emsc/event/20041004_0000034/origin/1300189">
    <time>
      <value>2004-10-04T21:18:23.1Z</value>
      <uncertainty>0.24</uncertainty>
    </time>
    <latitude>
      <value>37.7746</value>
      <uncertainty>6.7</uncertainty>
    </latitude>
    <longitude>
      <value>26.9259</value>
      <uncertainty>5.5</uncertainty>
    </longitude>
    <depth>
      <value>8000</value>
    </depth>
    <depthType>from location</depthType>
    <methodID>smi:eu.emsc-csem/origin_method/NA</methodID>
    <quality>
      <usedPhaseCount>18</usedPhaseCount>
      <usedStationCount>14</usedStationCount>
      <standardError>0.93</standardError>
      <azimuthalGap>102</azimuthalGap>
      <minimumDistance>0.1</minimumDistance>
      <maximumDistance>3.53</maximumDistance>
    </quality>
    <evaluationMode>manual</evaluationMode>
    <creationInfo>
      <agencyURI>smi:smi-registry/organization/EMSC</agencyURI>
      <authorURI>smi:smi-registry/organization/EMSC</authorURI>
    </creationInfo>
    <originUncertainty>
      <azimuthMaxHorizontalUncertainty>130</azimuthMaxHorizontalUncertainty>
    </originUncertainty>
  </origin>
  <magnitude publicID="quakeml:eu.emsc/event/20041004_0000034/origin/1300189/mag/2">
    <mag>
      <value>3.4</value>
    </mag>
    <type>MD</type>
    <originID>quakeml:eu.emsc/event/20041004_0000034/origin/1300189</originID>
    <creationInfo>
      <agencyURI>smi:smi-registry/organization/EMSC</agencyURI>
      <authorURI>smi:smi-registry/organization/EMSC</authorURI>
    </creationInfo>
  </magnitude>
</event>
<event publicID="quakeml:eu.emsc/event/20041004_0000050">
  <preferredOriginID>quakeml:eu.emsc/event/20041004_0000050/origin/1300007</preferredOriginID>
  <preferredMagnitudeID>quakeml:eu.emsc/event/20041004_0000050/origin/1300007/mag/1</preferredMagnitudeID>
  <creationInfo>
    <agencyURI>smi:smi-registry/organization/EMSC</agencyURI>
    <authorURI>smi:smi-registry/organization/EMSC</authorURI>
    <creationTime>2014-12-03T12:11:07.826478Z</creationTime>
  </creationInfo>
  <description>
    <text>AZORES-CAPE ST. VINCENT RIDGE</text>
    <type>Flinn-Engdahl region</type>
  </description>
  <origin publicID="quakeml:eu.emsc/event/20041004_0000050/origin/1300007">
    <time>
      <value>2004-10-04T21:05:06.9Z</value>
      <uncertainty>0.61</uncertainty>
    </time>
    <latitude>
      <value>36.3957</value>
      <uncertainty>17.4</uncertainty>
    </latitude>
    <longitude>
      <value>-10.4087</value>
      <uncertainty>11.1</uncertainty>
    </longitude>
    <depth>
      <value>2000</value>
    </depth>
    <depthType>from location</depthType>
    <methodID>smi:eu.emsc-csem/origin_method/NA</methodID>
    <quality>
      <usedPhaseCount>11</usedPhaseCount>
      <usedStationCount>6</usedStationCount>
      <standardError>0.57</standardError>
      <azimuthalGap>326</azimuthalGap>
      <minimumDistance>1.77</minimumDistance>
      <maximumDistance>4.98</maximumDistance>
    </quality>
    <evaluationMode>manual</evaluationMode>
    <creationInfo>
      <agencyURI>smi:smi-registry/organization/EMSC</agencyURI>
      <authorURI>smi:smi-registry/organization/EMSC</authorURI>
    </creationInfo>
    <originUncertainty>
      <azimuthMaxHorizontalUncertainty>161</azimuthMaxHorizontalUncertainty>
    </originUncertainty>
  </origin>
  <magnitude publicID="quakeml:eu.emsc/event/20041004_0000050/origin/1300007/mag/1">
    <mag>
      <value>2.8</value>
      <uncertainty>0.4</uncertainty>
    </mag>
    <type>ML</type>
    <originID>quakeml:eu.emsc/event/20041004_0000050/origin/1300007</originID>
    <stationCount>4</stationCount>
    <creationInfo>
      <agencyURI>smi:smi-registry/organization/EMSC</agencyURI>
      <authorURI>smi:smi-registry/organization/EMSC</authorURI>
    </creationInfo>
  </magnitude>
</event>
<event publicID="quakeml:eu.emsc/event/20041004_0000017">
  <preferredOriginID>quakeml:eu.emsc/event/20041004_0000017/origin/AV656</preferredOriginID>
  <preferredMagnitudeID>quakeml:eu.emsc/event/20041004_0000017/origin/AV656/mag/1</preferredMagnitudeID>
  <creationInfo>
    <agencyURI>smi:smi-registry/organization/EMSC</agencyURI>
    <authorURI>smi:smi-registry/organization/EMSC</authorURI>
    <creationTime>2014-12-01T13:32:19.91959Z</creationTime>
  </creationInfo>
  <description>
    <text>ROTA REGION, N. MARIANA ISLANDS</text>
    <type>Flinn-Engdahl region</type>
  </description>
  <origin publicID="quakeml:eu.emsc/event/20041004_0000017/origin/AV656">
    <time>
      <value>2004-10-04T19:20:38.4Z</value>
      <uncertainty>0.06</uncertainty>
    </time>
    <latitude>
      <value>14.95</value>
    </latitude>
    <longitude>
      <value>146.88</value>
    </longitude>
    <depth>
      <value>30000.0</value>
    </depth>
    <depthType>from location</depthType>
    <methodID>smi:eu.emsc-csem/origin_method/NA</methodID>
    <quality>
      <usedPhaseCount>163</usedPhaseCount>
      <usedStationCount>149</usedStationCount>
      <standardError>0.80</standardError>
      <azimuthalGap>53</azimuthalGap>
      <minimumDistance>2.37</minimumDistance>
      <maximumDistance>145.65</maximumDistance>
    </quality>
    <evaluationMode>automatic</evaluationMode>
    <creationInfo>
      <agencyURI>smi:smi-registry/organization/EMSC</agencyURI>
      <authorURI>smi:smi-registry/organization/EMSC</authorURI>
    </creationInfo>
  </origin>
  <magnitude publicID="quakeml:eu.emsc/event/20041004_0000017/origin/AV656/mag/1">
    <mag>
      <value>6.0</value>
      <uncertainty>0.3</uncertainty>
    </mag>
    <type>mb</type>
    <originID>quakeml:eu.emsc/event/20041004_0000017/origin/AV656</originID>
    <stationCount>54</stationCount>
    <creationInfo>
      <agencyURI>smi:smi-registry/organization/EMSC</agencyURI>
      <authorURI>smi:smi-registry/organization/EMSC</authorURI>
    </creationInfo>
  </magnitude>
</event>
<event publicID="quakeml:eu.emsc/event/20041004_0000016">
  <preferredOriginID>quakeml:eu.emsc/event/20041004_0000016/origin/1300033</preferredOriginID>
  <preferredMagnitudeID>quakeml:eu.emsc/event/20041004_0000016/origin/1300033/mag/2</preferredMagnitudeID>
  <creationInfo>
    <agencyURI>smi:smi-registry/organization/EMSC</agencyURI>
    <authorURI>smi:smi-registry/organization/EMSC</authorURI>
    <creationTime>2014-12-03T13:17:01.299923Z</creationTime>
  </creationInfo>
  <description>
    <text>TYRRHENIAN SEA</text>
    <type>Flinn-Engdahl region</type>
  </description>
  <origin publicID="quakeml:eu.emsc/event/20041004_0000016/origin/1300033">
    <time>
      <value>2004-10-04T19:12:26.0Z</value>
      <uncertainty>0.19</uncertainty>
    </time>
    <latitude>
      <value>39.0201</value>
      <uncertainty>6.6</uncertainty>
    </latitude>
    <longitude>
      <value>13.8898</value>
      <uncertainty>4.1</uncertainty>
    </longitude>
    <depth>
      <value>410400.0</value>
      <uncertainty>2.2</uncertainty>
    </depth>
    <depthType>from location</depthType>
    <methodID>smi:eu.emsc-csem/origin_method/NA</methodID>
    <quality>
      <usedPhaseCount>150</usedPhaseCount>
      <usedStationCount>147</usedStationCount>
      <standardError>0.99</standardError>
      <azimuthalGap>42</azimuthalGap>
      <minimumDistance>0.64</minimumDistance>
      <maximumDistance>63.87</maximumDistance>
    </quality>
    <evaluationMode>manual</evaluationMode>
    <creationInfo>
      <agencyURI>smi:smi-registry/organization/EMSC</agencyURI>
      <authorURI>smi:smi-registry/organization/EMSC</authorURI>
    </creationInfo>
    <originUncertainty>
      <azimuthMaxHorizontalUncertainty>18</azimuthMaxHorizontalUncertainty>
    </originUncertainty>
  </origin>
  <magnitude publicID="quakeml:eu.emsc/event/20041004_0000016/origin/1300033/mag/2">
    <mag>
      <value>2.9</value>
    </mag>
    <type>ML</type>
    <originID>quakeml:eu.emsc/event/20041004_0000016/origin/1300033</originID>
    <stationCount>22</stationCount>
    <creationInfo>
      <agencyURI>smi:smi-registry/organization/EMSC</agencyURI>
      <authorURI>smi:smi-registry/organization/EMSC</authorURI>
    </creationInfo>
  </magnitude>
</event>
<event publicID="quakeml:eu.emsc/event/20041004_0000041">
  <preferredOriginID>quakeml:eu.emsc/event/20041004_0000041/origin/1298575</preferredOriginID>
  <preferredMagnitudeID>quakeml:eu.emsc/event/20041004_0000041/origin/1298575/mag/1</preferredMagnitudeID>
  <creationInfo>
    <agencyURI>smi:smi-registry/organization/EMSC</agencyURI>
    <authorURI>smi:smi-registry/organization/EMSC</authorURI>
    <creationTime>2014-12-03T11:15:34.844895Z</creationTime>
  </creationInfo>
  <description>
    <text>PYRENEES</text>
    <type>Flinn-Engdahl region</type>
  </description>
  <origin publicID="quakeml:eu.emsc/event/20041004_0000041/origin/1298575">
    <time>
      <value>2004-10-04T19:10:08.7Z</value>
      <uncertainty>0.21</uncertainty>
    </time>
    <latitude>
      <value>42.8495</value>
      <uncertainty>4.2</uncertainty>
    </latitude>
    <longitude>
      <value>-1.434</value>
      <uncertainty>3.6</uncertainty>
    </longitude>
    <depth>
      <value>15000</value>
    </depth>
    <depthType>from location</depthType>
    <methodID>smi:eu.emsc-csem/origin_method/NA</methodID>
    <quality>
      <usedPhaseCount>26</usedPhaseCount>
      <usedStationCount>13</usedStationCount>
      <standardError>0.79</standardError>
      <azimuthalGap>92</azimuthalGap>
      <minimumDistance>0.31</minimumDistance>
      <maximumDistance>3.27</maximumDistance>
    </quality>
    <evaluationMode>manual</evaluationMode>
    <creationInfo>
      <agencyURI>smi:smi-registry/organization/EMSC</agencyURI>
      <authorURI>smi:smi-registry/organization/EMSC</authorURI>
    </creationInfo>
    <originUncertainty>
      <azimuthMaxHorizontalUncertainty>141</azimuthMaxHorizontalUncertainty>
    </originUncertainty>
  </origin>
  <magnitude publicID="quakeml:eu.emsc/event/20041004_0000041/origin/1298575/mag/1">
    <mag>
      <value>1.9</value>
      <uncertainty>0.5</uncertainty>
    </mag>
    <type>ML</type>
    <originID>quakeml:eu.emsc/event/20041004_0000041/origin/1298575</originID>
    <stationCount>7</stationCount>
    <creationInfo>
      <agencyURI>smi:smi-registry/organization/EMSC</agencyURI>
      <authorURI>smi:smi-registry/organization/EMSC</authorURI>
    </creationInfo>
  </magnitude>
</event>
<event publicID="quakeml:eu.emsc/event/20041004_0000021">
  <preferredOriginID>quakeml:eu.emsc/event/20041004_0000021/origin/1298579</preferredOriginID>
  <preferredMagnitudeID>quakeml:eu.emsc/event/20041004_0000021/origin/1298579/mag/1</preferredMagnitudeID>
  <creationInfo>
    <agencyURI>smi:smi-registry/organization/EMSC</agencyURI>
    <authorURI>smi:smi-registry/organization/EMSC</authorURI>
    <creationTime>2014-12-03T10:26:01.625219Z</creationTime>
  </creationInfo>
  <description>
    <text>SPAIN</text>
    <type>Flinn-Engdahl region</type>
  </description>
  <origin publicID="quakeml:eu.emsc/event/20041004_0000021/origin/1298579">
    <time>
      <value>2004-10-04T18:48:05.8Z</value>
      <uncertainty>0.34</uncertainty>
    </time>
    <latitude>
      <value>41.5698</value>
      <uncertainty>6.4</uncertainty>
    </latitude>
    <longitude>
      <value>2.5332</value>
      <uncertainty>3.4</uncertainty>
    </longitude>
    <depth>
      <value>10000</value>
    </depth>
    <depthType>from location</depthType>
    <methodID>smi:eu.emsc-csem/origin_method/NA</methodID>
    <quality>
      <usedPhaseCount>50</usedPhaseCount>
      <usedStationCount>25</usedStationCount>
      <standardError>1.26</standardError>
      <azimuthalGap>144</azimuthalGap>
      <minimumDistance>0.76</minimumDistance>
      <maximumDistance>4.28</maximumDistance>
    </quality>
    <evaluationMode>manual</evaluationMode>
    <creationInfo>
      <agencyURI>smi:smi-registry/organization/EMSC</agencyURI>
      <authorURI>smi:smi-registry/organization/EMSC</authorURI>
    </creationInfo>
    <originUncertainty>
      <azimuthMaxHorizontalUncertainty>141</azimuthMaxHorizontalUncertainty>
    </originUncertainty>
  </origin>
  <magnitude publicID="quakeml:eu.emsc/event/20041004_0000021/origin/1298579/mag/1">
    <mag>
      <value>2.4</value>
      <uncertainty>0.3</uncertainty>
    </mag>
    <type>ML</type>
    <originID>quakeml:eu.emsc/event/20041004_0000021/origin/1298579</originID>
    <stationCount>11</stationCount>
    <creationInfo>
      <agencyURI>smi:smi-registry/organization/EMSC</agencyURI>
      <authorURI>smi:smi-registry/organization/EMSC</authorURI>
    </creationInfo>
  </magnitude>
</event>
<event publicID="quakeml:eu.emsc/event/20041004_0000045">
  <preferredOriginID>quakeml:eu.emsc/event/20041004_0000045/origin/1300012</preferredOriginID>
  <preferredMagnitudeID>quakeml:eu.emsc/event/20041004_0000045/origin/1300012/mag/1</preferredMagnitudeID>
  <creationInfo>
    <agencyURI>smi:smi-registry/organization/EMSC</agencyURI>
    <authorURI>smi:smi-registry/organization/EMSC</authorURI>
    <creationTime>2014-12-03T10:28:11.226166Z</creationTime>
  </creationInfo>
  <description>
    <text>SPAIN</text>
    <type>Flinn-Engdahl region</type>
  </description>
  <origin publicID="quakeml:eu.emsc/event/20041004_0000045/origin/1300012">
    <time>
      <value>2004-10-04T18:07:13.9Z</value>
      <uncertainty>0.23</uncertainty>
    </time>
    <latitude>
      <value>41.6078</value>
      <uncertainty>4.6</uncertainty>
    </latitude>
    <longitude>
      <value>2.5787</value>
      <uncertainty>3.1</uncertainty>
    </longitude>
    <depth>
      <value>5000</value>
    </depth>
    <depthType>from location</depthType>
    <methodID>smi:eu.emsc-csem/origin_method/NA</methodID>
    <quality>
      <usedPhaseCount>94</usedPhaseCount>
      <usedStationCount>50</usedStationCount>
      <standardError>1.25</standardError>
      <azimuthalGap>123</azimuthalGap>
      <minimumDistance>0.74</minimumDistance>
      <maximumDistance>7.9</maximumDistance>
    </quality>
    <evaluationMode>manual</evaluationMode>
    <creationInfo>
      <agencyURI>smi:smi-registry/organization/EMSC</agencyURI>
      <authorURI>smi:smi-registry/organization/EMSC</authorURI>
    </creationInfo>
    <originUncertainty>
      <azimuthMaxHorizontalUncertainty>148</azimuthMaxHorizontalUncertainty>
    </originUncertainty>
  </origin>
  <magnitude publicID="quakeml:eu.emsc/event/20041004_0000045/origin/1300012/mag/1">
    <mag>
      <value>3.1</value>
      <uncertainty>0.3</uncertainty>
    </mag>
    <type>ML</type>
    <originID>quakeml:eu.emsc/event/20041004_0000045/origin/1300012</originID>
    <stationCount>17</stationCount>
    <creationInfo>
      <agencyURI>smi:smi-registry/organization/EMSC</agencyURI>
      <authorURI>smi:smi-registry/organization/EMSC</authorURI>
    </creationInfo>
  </magnitude>
</event>
<event publicID="quakeml:eu.emsc/event/20041004_0000015">
  <preferredOriginID>quakeml:eu.emsc/event/20041004_0000015/origin/1300018</preferredOriginID>
  <preferredMagnitudeID>quakeml:eu.emsc/event/20041004_0000015/origin/1300018/mag/3</preferredMagnitudeID>
  <creationInfo>
    <agencyURI>smi:smi-registry/organization/EMSC</agencyURI>
    <authorURI>smi:smi-registry/organization/EMSC</authorURI>
    <creationTime>2014-12-03T12:35:04.921945Z</creationTime>
  </creationInfo>
  <description>
    <text>WESTERN TURKEY</text>
    <type>Flinn-Engdahl region</type>
  </description>
  <origin publicID="quakeml:eu.emsc/event/20041004_0000015/origin/1300018">
    <time>
      <value>2004-10-04T16:52:44.8Z</value>
      <uncertainty>0.1</uncertainty>
    </time>
    <latitude>
      <value>36.9912</value>
      <uncertainty>4</uncertainty>
    </latitude>
    <longitude>
      <value>30.3077</value>
      <uncertainty>2.6</uncertainty>
    </longitude>
    <depth>
      <value>2000</value>
    </depth>
    <depthType>from location</depthType>
    <methodID>smi:eu.emsc-csem/origin_method/NA</methodID>
    <quality>
      <usedPhaseCount>81</usedPhaseCount>
      <usedStationCount>73</usedStationCount>
      <standardError>0.9</standardError>
      <azimuthalGap>82</azimuthalGap>
      <minimumDistance>0.4</minimumDistance>
      <maximumDistance>32</maximumDistance>
    </quality>
    <evaluationMode>manual</evaluationMode>
    <creationInfo>
      <agencyURI>smi:smi-registry/organization/EMSC</agencyURI>
      <authorURI>smi:smi-registry/organization/EMSC</authorURI>
    </creationInfo>
    <originUncertainty>
      <azimuthMaxHorizontalUncertainty>40</azimuthMaxHorizontalUncertainty>
    </originUncertainty>
  </origin>
  <magnitude publicID="quakeml:eu.emsc/event/20041004_0000015/origin/1300018/mag/3">
    <mag>
      <value>4.4</value>
      <uncertainty>0.3</uncertainty>
    </mag>
    <type>mb</type>
    <originID>quakeml:eu.emsc/event/20041004_0000015/origin/1300018</originID>
    <stationCount>7</stationCount>
    <creationInfo>
      <agencyURI>smi:smi-registry/organization/EMSC</agencyURI>
      <authorURI>smi:smi-registry/organization/EMSC</authorURI>
    </creationInfo>
  </magnitude>
</event>
<event publicID="quakeml:eu.emsc/event/20041004_0000030">
  <preferredOriginID>quakeml:eu.emsc/event/20041004_0000030/origin/1300021</preferredOriginID>
  <preferredMagnitudeID>quakeml:eu.emsc/event/20041004_0000030/origin/1300021/mag/2</preferredMagnitudeID>
  <creationInfo>
    <agencyURI>smi:smi-registry/organization/EMSC</agencyURI>
    <authorURI>smi:smi-registry/organization/EMSC</authorURI>
    <creationTime>2014-12-03T12:17:20.965799Z</creationTime>
  </creationInfo>
  <description>
    <text>AEGEAN SEA</text>
    <type>Flinn-Engdahl region</type>
  </description>
  <origin publicID="quakeml:eu.emsc/event/20041004_0000030/origin/1300021">
    <time>
      <value>2004-10-04T16:42:09.4Z</value>
      <uncertainty>0.19</uncertainty>
    </time>
    <latitude>
      <value>40.0511</value>
      <uncertainty>10.1</uncertainty>
    </latitude>
    <longitude>
      <value>24.8193</value>
      <uncertainty>3.4</uncertainty>
    </longitude>
    <depth>
      <value>19000</value>
      <uncertainty>3.1</uncertainty>
    </depth>
    <depthType>from location</depthType>
    <methodID>smi:eu.emsc-csem/origin_method/NA</methodID>
    <quality>
      <usedPhaseCount>15</usedPhaseCount>
      <usedStationCount>9</usedStationCount>
      <standardError>0.64</standardError>
      <azimuthalGap>167</azimuthalGap>
      <minimumDistance>0.23</minimumDistance>
      <maximumDistance>1.49</maximumDistance>
    </quality>
    <evaluationMode>manual</evaluationMode>
    <creationInfo>
      <agencyURI>smi:smi-registry/organization/EMSC</agencyURI>
      <authorURI>smi:smi-registry/organization/EMSC</authorURI>
    </creationInfo>
    <originUncertainty>
      <azimuthMaxHorizontalUncertainty>12</azimuthMaxHorizontalUncertainty>
    </originUncertainty>
  </origin>
  <magnitude publicID="quakeml:eu.emsc/event/20041004_0000030/origin/1300021/mag/2">
    <mag>
      <value>2.7</value>
    </mag>
    <type>MD</type>
    <originID>quakeml:eu.emsc/event/20041004_0000030/origin/1300021</originID>
    <creationInfo>
      <agencyURI>smi:smi-registry/organization/EMSC</agencyURI>
      <authorURI>smi:smi-registry/organization/EMSC</authorURI>
    </creationInfo>
  </magnitude>
</event>
<event publicID="quakeml:eu.emsc/event/20041004_0000043">
  <preferredOriginID>quakeml:eu.emsc/event/20041004_0000043/origin/1298582</preferredOriginID>
  <preferredMagnitudeID>quakeml:eu.emsc/event/20041004_0000043/origin/1298582/mag/1</preferredMagnitudeID>
  <creationInfo>
    <agencyURI>smi:smi-registry/organization/EMSC</agencyURI>
    <authorURI>smi:smi-registry/organization/EMSC</authorURI>
    <creationTime>2014-12-03T12:09:24.188549Z</creationTime>
  </creationInfo>
  <description>
    <text>PYRENEES</text>
    <type>Flinn-Engdahl region</type>
  </description>
  <origin publicID="quakeml:eu.emsc/event/20041004_0000043/origin/1298582">
    <time>
      <value>2004-10-04T13:27:54.6Z</value>
      <uncertainty>0.08</uncertainty>
    </time>
    <latitude>
      <value>42.8359</value>
      <uncertainty>3.2</uncertainty>
    </latitude>
    <longitude>
      <value>-0.2667</value>
      <uncertainty>0.7</uncertainty>
    </longitude>
    <depth>
      <value>10000</value>
    </depth>
    <depthType>from location</depthType>
    <methodID>smi:eu.emsc-csem/origin_method/NA</methodID>
    <quality>
      <usedPhaseCount>13</usedPhaseCount>
      <usedStationCount>7</usedStationCount>
      <standardError>0.2</standardError>
      <azimuthalGap>188</azimuthalGap>
      <minimumDistance>0.22</minimumDistance>
      <maximumDistance>1.89</maximumDistance>
    </quality>
    <evaluationMode>manual</evaluationMode>
    <creationInfo>
      <agencyURI>smi:smi-registry/organization/EMSC</agencyURI>
      <authorURI>smi:smi-registry/organization/EMSC</authorURI>
    </creationInfo>
    <originUncertainty>
      <azimuthMaxHorizontalUncertainty>173</azimuthMaxHorizontalUncertainty>
    </originUncertainty>
  </origin>
  <magnitude publicID="quakeml:eu.emsc/event/20041004_0000043/origin/1298582/mag/1">
    <mag>
      <value>1.5</value>
      <uncertainty>0.4</uncertainty>
    </mag>
    <type>ML</type>
    <originID>quakeml:eu.emsc/event/20041004_0000043/origin/1298582</originID>
    <stationCount>4</stationCount>
    <creationInfo>
      <agencyURI>smi:smi-registry/organization/EMSC</agencyURI>
      <authorURI>smi:smi-registry/organization/EMSC</authorURI>
    </creationInfo>
  </magnitude>
</event>
<event publicID="quakeml:eu.emsc/event/20041004_0000014">
  <preferredOriginID>quakeml:eu.emsc/event/20041004_0000014/origin/1300044</preferredOriginID>
  <preferredMagnitudeID>quakeml:eu.emsc/event/20041004_0000014/origin/1300044/mag/2</preferredMagnitudeID>
  <creationInfo>
    <agencyURI>smi:smi-registry/organization/EMSC</agencyURI>
    <authorURI>smi:smi-registry/organization/EMSC</authorURI>
    <creationTime>2014-12-03T14:33:02.559552Z</creationTime>
  </creationInfo>
  <description>
    <text>AZORES-CAPE ST. VINCENT RIDGE</text>
    <type>Flinn-Engdahl region</type>
  </description>
  <origin publicID="quakeml:eu.emsc/event/20041004_0000014/origin/1300044">
    <time>
      <value>2004-10-04T12:27:57.0Z</value>
      <uncertainty>0.49</uncertainty>
    </time>
    <latitude>
      <value>36.492</value>
      <uncertainty>11.1</uncertainty>
    </latitude>
    <longitude>
      <value>-11.391</value>
      <uncertainty>10.3</uncertainty>
    </longitude>
    <depth>
      <value>30000</value>
    </depth>
    <depthType>from location</depthType>
    <methodID>smi:eu.emsc-csem/origin_method/NA</methodID>
    <quality>
      <usedPhaseCount>52</usedPhaseCount>
      <usedStationCount>43</usedStationCount>
      <standardError>1.39</standardError>
      <azimuthalGap>134</azimuthalGap>
      <minimumDistance>2.98</minimumDistance>
      <maximumDistance>74.89</maximumDistance>
    </quality>
    <evaluationMode>manual</evaluationMode>
    <creationInfo>
      <agencyURI>smi:smi-registry/organization/EMSC</agencyURI>
      <authorURI>smi:smi-registry/organization/EMSC</authorURI>
    </creationInfo>
    <originUncertainty>
      <azimuthMaxHorizontalUncertainty>90</azimuthMaxHorizontalUncertainty>
    </originUncertainty>
  </origin>
  <magnitude publicID="quakeml:eu.emsc/event/20041004_0000014/origin/1300044/mag/2">
    <mag>
      <value>3.7</value>
    </mag>
    <type>ML</type>
    <originID>quakeml:eu.emsc/event/20041004_0000014/origin/1300044</originID>
    <creationInfo>
      <agencyURI>smi:smi-registry/organization/EMSC</agencyURI>
      <authorURI>smi:smi-registry/organization/EMSC</authorURI>
    </creationInfo>
  </magnitude>
</event>
<event publicID="quakeml:eu.emsc/event/20041004_0000046">
  <preferredOriginID>quakeml:eu.emsc/event/20041004_0000046/origin/1300024</preferredOriginID>
  <preferredMagnitudeID>quakeml:eu.emsc/event/20041004_0000046/origin/1300024/mag/2</preferredMagnitudeID>
  <creationInfo>
    <agencyURI>smi:smi-registry/organization/EMSC</agencyURI>
    <authorURI>smi:smi-registry/organization/EMSC</authorURI>
    <creationTime>2014-12-03T11:45:54.646406Z</creationTime>
  </creationInfo>
  <description>
    <text>DODECANESE ISLANDS, GREECE</text>
    <type>Flinn-Engdahl region</type>
  </description>
  <origin publicID="quakeml:eu.emsc/event/20041004_0000046/origin/1300024">
    <time>
      <value>2004-10-04T11:46:03.0Z</value>
      <uncertainty>0.21</uncertainty>
    </time>
    <latitude>
      <value>37.7702</value>
      <uncertainty>5.7</uncertainty>
    </latitude>
    <longitude>
      <value>26.9695</value>
      <uncertainty>5</uncertainty>
    </longitude>
    <depth>
      <value>12000</value>
    </depth>
    <depthType>from location</depthType>
    <methodID>smi:eu.emsc-csem/origin_method/NA</methodID>
    <quality>
      <usedPhaseCount>15</usedPhaseCount>
      <usedStationCount>11</usedStationCount>
      <standardError>0.74</standardError>
      <azimuthalGap>100</azimuthalGap>
      <minimumDistance>0.12</minimumDistance>
      <maximumDistance>2.24</maximumDistance>
    </quality>
    <evaluationMode>manual</evaluationMode>
    <creationInfo>
      <agencyURI>smi:smi-registry/organization/EMSC</agencyURI>
      <authorURI>smi:smi-registry/organization/EMSC</authorURI>
    </creationInfo>
    <originUncertainty>
      <azimuthMaxHorizontalUncertainty>109</azimuthMaxHorizontalUncertainty>
    </originUncertainty>
  </origin>
  <magnitude publicID="quakeml:eu.emsc/event/20041004_0000046/origin/1300024/mag/2">
    <mag>
      <value>3.3</value>
    </mag>
    <type>MD</type>
    <originID>quakeml:eu.emsc/event/20041004_0000046/origin/1300024</originID>
    <creationInfo>
      <agencyURI>smi:smi-registry/organization/EMSC</agencyURI>
      <authorURI>smi:smi-registry/organization/EMSC</authorURI>
    </creationInfo>
  </magnitude>
</event>
<event publicID="quakeml:eu.emsc/event/20041004_0000036">
  <preferredOriginID>quakeml:eu.emsc/event/20041004_0000036/origin/1300027</preferredOriginID>
  <preferredMagnitudeID>quakeml:eu.emsc/event/20041004_0000036/origin/1300027/mag/2</preferredMagnitudeID>
  <creationInfo>
    <agencyURI>smi:smi-registry/organization/EMSC</agencyURI>
    <authorURI>smi:smi-registry/organization/EMSC</authorURI>
    <creationTime>2014-12-03T10:37:33.960639Z</creationTime>
  </creationInfo>
  <description>
    <text>DODECANESE ISLANDS, GREECE</text>
    <type>Flinn-Engdahl region</type>
  </description>
  <origin publicID="quakeml:eu.emsc/event/20041004_0000036/origin/1300027">
    <time>
      <value>2004-10-04T11:38:00.6Z</value>
      <uncertainty>0.21</uncertainty>
    </time>
    <latitude>
      <value>37.8094</value>
      <uncertainty>5.9</uncertainty>
    </latitude>
    <longitude>
      <value>26.9389</value>
      <uncertainty>5.2</uncertainty>
    </longitude>
    <depth>
      <value>5000</value>
    </depth>
    <depthType>from location</depthType>
    <methodID>smi:eu.emsc-csem/origin_method/NA</methodID>
    <quality>
      <usedPhaseCount>9</usedPhaseCount>
      <usedStationCount>8</usedStationCount>
      <standardError>0.57</standardError>
      <azimuthalGap>103</azimuthalGap>
      <minimumDistance>0.13</minimumDistance>
      <maximumDistance>1.71</maximumDistance>
    </quality>
    <evaluationMode>manual</evaluationMode>
    <creationInfo>
      <agencyURI>smi:smi-registry/organization/EMSC</agencyURI>
      <authorURI>smi:smi-registry/organization/EMSC</authorURI>
    </creationInfo>
    <originUncertainty>
      <azimuthMaxHorizontalUncertainty>84</azimuthMaxHorizontalUncertainty>
    </originUncertainty>
  </origin>
  <magnitude publicID="quakeml:eu.emsc/event/20041004_0000036/origin/1300027/mag/2">
    <mag>
      <value>3</value>
    </mag>
    <type>MD</type>
    <originID>quakeml:eu.emsc/event/20041004_0000036/origin/1300027</originID>
    <creationInfo>
      <agencyURI>smi:smi-registry/organization/EMSC</agencyURI>
      <authorURI>smi:smi-registry/organization/EMSC</authorURI>
    </creationInfo>
  </magnitude>
</event>
<event publicID="quakeml:eu.emsc/event/20041004_0000040">
  <preferredOriginID>quakeml:eu.emsc/event/20041004_0000040/origin/1293877</preferredOriginID>
  <preferredMagnitudeID>quakeml:eu.emsc/event/20041004_0000040/origin/1293877/mag/2</preferredMagnitudeID>
  <creationInfo>
    <agencyURI>smi:smi-registry/organization/EMSC</agencyURI>
    <authorURI>smi:smi-registry/organization/EMSC</authorURI>
    <creationTime>2014-12-11T04:41:34.721241Z</creationTime>
  </creationInfo>
  <description>
    <text>WESTERN TURKEY</text>
    <type>Flinn-Engdahl region</type>
  </description>
  <origin publicID="quakeml:eu.emsc/event/20041004_0000040/origin/1293877">
    <time>
      <value>2004-10-04T11:22:47.5Z</value>
    </time>
    <latitude>
      <value>39.499</value>
      <uncertainty>9999.9</uncertainty>
    </latitude>
    <longitude>
      <value>29.117</value>
      <uncertainty>9999.9</uncertainty>
    </longitude>
    <depth>
      <value>14000</value>
    </depth>
    <depthType>from location</depthType>
    <methodID>smi:eu.emsc-csem/origin_method/NA</methodID>
    <quality>
      <usedPhaseCount>8</usedPhaseCount>
      <usedStationCount>7</usedStationCount>
      <standardError>0.61</standardError>
      <azimuthalGap>119</azimuthalGap>
      <minimumDistance>0.89</minimumDistance>
      <maximumDistance>1.88</maximumDistance>
    </quality>
    <evaluationMode>manual</evaluationMode>
    <creationInfo>
      <agencyURI>smi:smi-registry/organization/EMSC</agencyURI>
      <authorURI>smi:smi-registry/organization/EMSC</authorURI>
    </creationInfo>
    <originUncertainty>
      <azimuthMaxHorizontalUncertainty>-99</azimuthMaxHorizontalUncertainty>
    </originUncertainty>
  </origin>
  <magnitude publicID="quakeml:eu.emsc/event/20041004_0000040/origin/1293877/mag/2">
    <mag>
      <value>2.9</value>
    </mag>
    <type>MD</type>
    <originID>quakeml:eu.emsc/event/20041004_0000040/origin/1293877</originID>
    <creationInfo>
      <agencyURI>smi:smi-registry/organization/EMSC</agencyURI>
      <authorURI>smi:smi-registry/organization/EMSC</authorURI>
    </creationInfo>
  </magnitude>
</event>
<event publicID="quakeml:eu.emsc/event/20041004_0000032">
  <preferredOriginID>quakeml:eu.emsc/event/20041004_0000032/origin/1300047</preferredOriginID>
  <preferredMagnitudeID>quakeml:eu.emsc/event/20041004_0000032/origin/1300047/mag/2</preferredMagnitudeID>
  <creationInfo>
    <agencyURI>smi:smi-registry/organization/EMSC</agencyURI>
    <authorURI>smi:smi-registry/organization/EMSC</authorURI>
    <creationTime>2014-12-03T11:24:46.63316Z</creationTime>
  </creationInfo>
  <description>
    <text>NEAR THE COAST OF WESTERN TURKEY</text>
    <type>Flinn-Engdahl region</type>
  </description>
  <origin publicID="quakeml:eu.emsc/event/20041004_0000032/origin/1300047">
    <time>
      <value>2004-10-04T09:29:05.1Z</value>
      <uncertainty>0.37</uncertainty>
    </time>
    <latitude>
      <value>38.3399</value>
      <uncertainty>7.9</uncertainty>
    </latitude>
    <longitude>
      <value>26.5229</value>
      <uncertainty>6.4</uncertainty>
    </longitude>
    <depth>
      <value>17800.0</value>
      <uncertainty>3</uncertainty>
    </depth>
    <depthType>from location</depthType>
    <methodID>smi:eu.emsc-csem/origin_method/NA</methodID>
    <quality>
      <usedPhaseCount>12</usedPhaseCount>
      <usedStationCount>8</usedStationCount>
      <standardError>0.71</standardError>
      <azimuthalGap>114</azimuthalGap>
      <minimumDistance>0.58</minimumDistance>
      <maximumDistance>2.39</maximumDistance>
    </quality>
    <evaluationMode>manual</evaluationMode>
    <creationInfo>
      <agencyURI>smi:smi-registry/organization/EMSC</agencyURI>
      <authorURI>smi:smi-registry/organization/EMSC</authorURI>
    </creationInfo>
    <originUncertainty>
      <azimuthMaxHorizontalUncertainty>117</azimuthMaxHorizontalUncertainty>
    </originUncertainty>
  </origin>
  <magnitude publicID="quakeml:eu.emsc/event/20041004_0000032/origin/1300047/mag/2">
    <mag>
      <value>2.9</value>
    </mag>
    <type>MD</type>
    <originID>quakeml:eu.emsc/event/20041004_0000032/origin/1300047</originID>
    <creationInfo>
      <agencyURI>smi:smi-registry/organization/EMSC</agencyURI>
      <authorURI>smi:smi-registry/organization/EMSC</authorURI>
    </creationInfo>
  </magnitude>
</event>
<event publicID="quakeml:eu.emsc/event/20041004_0000013">
  <preferredOriginID>quakeml:eu.emsc/event/20041004_0000013/origin/AV922</preferredOriginID>
  <preferredMagnitudeID>quakeml:eu.emsc/event/20041004_0000013/origin/AV922/mag/1</preferredMagnitudeID>
  <creationInfo>
    <agencyURI>smi:smi-registry/organization/EMSC</agencyURI>
    <authorURI>smi:smi-registry/organization/EMSC</authorURI>
    <creationTime>2014-12-01T14:23:51.813999Z</creationTime>
  </creationInfo>
  <description>
    <text>TONGA</text>
    <type>Flinn-Engdahl region</type>
  </description>
  <origin publicID="quakeml:eu.emsc/event/20041004_0000013/origin/AV922">
    <time>
      <value>2004-10-04T09:03:47.2Z</value>
      <uncertainty>1.29</uncertainty>
    </time>
    <latitude>
      <value>-19.83</value>
    </latitude>
    <longitude>
      <value>-174.11</value>
    </longitude>
    <depth>
      <value>33000.0</value>
    </depth>
    <depthType>from location</depthType>
    <methodID>smi:eu.emsc-csem/origin_method/NA</methodID>
    <quality>
      <usedPhaseCount>13</usedPhaseCount>
      <usedStationCount>13</usedStationCount>
      <standardError>1.51</standardError>
      <azimuthalGap>284</azimuthalGap>
      <minimumDistance>77.00</minimumDistance>
      <maximumDistance>149.64</maximumDistance>
    </quality>
    <evaluationMode>automatic</evaluationMode>
    <creationInfo>
      <agencyURI>smi:smi-registry/organization/EMSC</agencyURI>
      <authorURI>smi:smi-registry/organization/EMSC</authorURI>
    </creationInfo>
  </origin>
  <magnitude publicID="quakeml:eu.emsc/event/20041004_0000013/origin/AV922/mag/1">
    <mag>
      <value>4.3</value>
    </mag>
    <type>ms</type>
    <originID>quakeml:eu.emsc/event/20041004_0000013/origin/AV922</originID>
    <creationInfo>
      <agencyURI>smi:smi-registry/organization/EMSC</agencyURI>
      <authorURI>smi:smi-registry/organization/EMSC</authorURI>
    </creationInfo>
  </magnitude>
</event>
<event publicID="quakeml:eu.emsc/event/20041004_0000042">
  <preferredOriginID>quakeml:eu.emsc/event/20041004_0000042/origin/1300050</preferredOriginID>
  <preferredMagnitudeID>quakeml:eu.emsc/event/20041004_0000042/origin/1300050/mag/2</preferredMagnitudeID>
  <creationInfo>
    <agencyURI>smi:smi-registry/organization/EMSC</agencyURI>
    <authorURI>smi:smi-registry/organization/EMSC</authorURI>
    <creationTime>2014-12-03T12:18:33.676285Z</creationTime>
  </creationInfo>
  <description>
    <text>DODECANESE ISLANDS, GREECE</text>
    <type>Flinn-Engdahl region</type>
  </description>
  <origin publicID="quakeml:eu.emsc/event/20041004_0000042/origin/1300050">
    <time>
      <value>2004-10-04T08:49:33.9Z</value>
      <uncertainty>0.23</uncertainty>
    </time>
    <latitude>
      <value>37.7708</value>
      <uncertainty>6.1</uncertainty>
    </latitude>
    <longitude>
      <value>26.9574</value>
      <uncertainty>5.6</uncertainty>
    </longitude>
    <depth>
      <value>8000</value>
    </depth>
    <depthType>from location</depthType>
    <methodID>smi:eu.emsc-csem/origin_method/NA</methodID>
    <quality>
      <usedPhaseCount>13</usedPhaseCount>
      <usedStationCount>10</usedStationCount>
      <standardError>0.81</standardError>
      <azimuthalGap>110</azimuthalGap>
      <minimumDistance>0.11</minimumDistance>
      <maximumDistance>2.25</maximumDistance>
    </quality>
    <evaluationMode>manual</evaluationMode>
    <creationInfo>
      <agencyURI>smi:smi-registry/organization/EMSC</agencyURI>
      <authorURI>smi:smi-registry/organization/EMSC</authorURI>
    </creationInfo>
    <originUncertainty>
      <azimuthMaxHorizontalUncertainty>110</azimuthMaxHorizontalUncertainty>
    </originUncertainty>
  </origin>
  <magnitude publicID="quakeml:eu.emsc/event/20041004_0000042/origin/1300050/mag/2">
    <mag>
      <value>3.2</value>
    </mag>
    <type>MD</type>
    <originID>quakeml:eu.emsc/event/20041004_0000042/origin/1300050</originID>
    <creationInfo>
      <agencyURI>smi:smi-registry/organization/EMSC</agencyURI>
      <authorURI>smi:smi-registry/organization/EMSC</authorURI>
    </creationInfo>
  </magnitude>
</event>
<event publicID="quakeml:eu.emsc/event/20041004_0000049">
  <preferredOriginID>quakeml:eu.emsc/event/20041004_0000049/origin/1293879</preferredOriginID>
  <preferredMagnitudeID>quakeml:eu.emsc/event/20041004_0000049/origin/1293879/mag/2</preferredMagnitudeID>
  <creationInfo>
    <agencyURI>smi:smi-registry/organization/EMSC</agencyURI>
    <authorURI>smi:smi-registry/organization/EMSC</authorURI>
    <creationTime>2014-12-11T04:41:20.910865Z</creationTime>
  </creationInfo>
  <description>
    <text>CRETE, GREECE</text>
    <type>Flinn-Engdahl region</type>
  </description>
  <origin publicID="quakeml:eu.emsc/event/20041004_0000049/origin/1293879">
    <time>
      <value>2004-10-04T08:28:53.9Z</value>
    </time>
    <latitude>
      <value>34.43</value>
      <uncertainty>9999.9</uncertainty>
    </latitude>
    <longitude>
      <value>25.58</value>
      <uncertainty>9999.9</uncertainty>
    </longitude>
    <depth>
      <value>18000</value>
    </depth>
    <depthType>from location</depthType>
    <methodID>smi:eu.emsc-csem/origin_method/NA</methodID>
    <quality>
      <usedPhaseCount>5</usedPhaseCount>
      <usedStationCount>4</usedStationCount>
      <standardError>2.14</standardError>
      <azimuthalGap>262</azimuthalGap>
      <minimumDistance>0.83</minimumDistance>
      <maximumDistance>3.14</maximumDistance>
    </quality>
    <evaluationMode>manual</evaluationMode>
    <creationInfo>
      <agencyURI>smi:smi-registry/organization/EMSC</agencyURI>
      <authorURI>smi:smi-registry/organization/EMSC</authorURI>
    </creationInfo>
    <originUncertainty>
      <azimuthMaxHorizontalUncertainty>-99</azimuthMaxHorizontalUncertainty>
    </originUncertainty>
  </origin>
  <magnitude publicID="quakeml:eu.emsc/event/20041004_0000049/origin/1293879/mag/2">
    <mag>
      <value>3.5</value>
    </mag>
    <type>MD</type>
    <originID>quakeml:eu.emsc/event/20041004_0000049/origin/1293879</originID>
    <creationInfo>
      <agencyURI>smi:smi-registry/organization/EMSC</agencyURI>
      <authorURI>smi:smi-registry/organization/EMSC</authorURI>
    </creationInfo>
  </magnitude>
</event>
<event publicID="quakeml:eu.emsc/event/20041004_0000012">
  <preferredOriginID>quakeml:eu.emsc/event/20041004_0000012/origin/AV987</preferredOriginID>
  <preferredMagnitudeID>quakeml:eu.emsc/event/20041004_0000012/origin/AV987/mag/1</preferredMagnitudeID>
  <creationInfo>
    <agencyURI>smi:smi-registry/organization/EMSC</agencyURI>
    <authorURI>smi:smi-registry/organization/LDG</authorURI>
    <creationTime>2014-12-01T14:23:51.781165Z</creationTime>
  </creationInfo>
  <description>
    <text>NEAR SOUTH COAST OF FRANCE</text>
    <type>Flinn-Engdahl region</type>
  </description>
  <origin publicID="quakeml:eu.emsc/event/20041004_0000012/origin/AV987">
    <time>
      <value>2004-10-04T08:11:06.0Z</value>
      <uncertainty>0.23</uncertainty>
    </time>
    <latitude>
      <value>43.33</value>
    </latitude>
    <longitude>
      <value>5.42</value>
    </longitude>
    <depth>
      <value>2000.0</value>
    </depth>
    <depthType>from location</depthType>
    <methodID>smi:eu.emsc-csem/origin_method/GEIGER</methodID>
    <quality>
      <usedPhaseCount>17</usedPhaseCount>
      <usedStationCount>9</usedStationCount>
      <standardError>0.27</standardError>
      <azimuthalGap>154</azimuthalGap>
      <minimumDistance>0.66</minimumDistance>
      <maximumDistance>4.40</maximumDistance>
    </quality>
    <evaluationMode>automatic</evaluationMode>
    <creationInfo>
      <agencyURI>smi:smi-registry/organization/EMSC</agencyURI>
      <authorURI>smi:smi-registry/organization/LDG</authorURI>
    </creationInfo>
  </origin>
  <magnitude publicID="quakeml:eu.emsc/event/20041004_0000012/origin/AV987/mag/1">
    <mag>
      <value>2.6</value>
      <uncertainty>0.4</uncertainty>
    </mag>
    <type>ml</type>
    <originID>quakeml:eu.emsc/event/20041004_0000012/origin/AV987</originID>
    <stationCount>5</stationCount>
    <creationInfo>
      <agencyURI>smi:smi-registry/organization/EMSC</agencyURI>
      <authorURI>smi:smi-registry/organization/LDG</authorURI>
    </creationInfo>
  </magnitude>
</event>
<event publicID="quakeml:eu.emsc/event/20041004_0000023">
  <preferredOriginID>quakeml:eu.emsc/event/20041004_0000023/origin/1300067</preferredOriginID>
  <preferredMagnitudeID>quakeml:eu.emsc/event/20041004_0000023/origin/1300067/mag/2</preferredMagnitudeID>
  <creationInfo>
    <agencyURI>smi:smi-registry/organization/EMSC</agencyURI>
    <authorURI>smi:smi-registry/organization/EMSC</authorURI>
    <creationTime>2014-12-03T11:58:19.63053Z</creationTime>
  </creationInfo>
  <description>
    <text>SVALBARD REGION</text>
    <type>Flinn-Engdahl region</type>
  </description>
  <origin publicID="quakeml:eu.emsc/event/20041004_0000023/origin/1300067">
    <time>
      <value>2004-10-04T07:12:55.7Z</value>
      <uncertainty>0.44</uncertainty>
    </time>
    <latitude>
      <value>78.4762</value>
      <uncertainty>26.3</uncertainty>
    </latitude>
    <longitude>
      <value>5.7636</value>
      <uncertainty>12.9</uncertainty>
    </longitude>
    <depth>
      <value>2000</value>
    </depth>
    <depthType>from location</depthType>
    <methodID>smi:eu.emsc-csem/origin_method/NA</methodID>
    <quality>
      <usedPhaseCount>7</usedPhaseCount>
      <usedStationCount>7</usedStationCount>
      <standardError>0.77</standardError>
      <azimuthalGap>125</azimuthalGap>
      <minimumDistance>2.18</minimumDistance>
      <maximumDistance>37.46</maximumDistance>
    </quality>
    <evaluationMode>manual</evaluationMode>
    <creationInfo>
      <agencyURI>smi:smi-registry/organization/EMSC</agencyURI>
      <authorURI>smi:smi-registry/organization/EMSC</authorURI>
    </creationInfo>
    <originUncertainty>
      <azimuthMaxHorizontalUncertainty>15</azimuthMaxHorizontalUncertainty>
    </originUncertainty>
  </origin>
  <magnitude publicID="quakeml:eu.emsc/event/20041004_0000023/origin/1300067/mag/2">
    <mag>
      <value>4.2</value>
    </mag>
    <type>mb</type>
    <originID>quakeml:eu.emsc/event/20041004_0000023/origin/1300067</originID>
    <stationCount>1</stationCount>
    <creationInfo>
      <agencyURI>smi:smi-registry/organization/EMSC</agencyURI>
      <authorURI>smi:smi-registry/organization/EMSC</authorURI>
    </creationInfo>
  </magnitude>
</event>
<event publicID="quakeml:eu.emsc/event/20041004_0000011">
  <preferredOriginID>quakeml:eu.emsc/event/20041004_0000011/origin/AV860</preferredOriginID>
  <preferredMagnitudeID>quakeml:eu.emsc/event/20041004_0000011/origin/AV860/mag/1</preferredMagnitudeID>
  <creationInfo>
    <agencyURI>smi:smi-registry/organization/EMSC</agencyURI>
    <authorURI>smi:smi-registry/organization/EMSC</authorURI>
    <creationTime>2014-12-01T13:58:09.610897Z</creationTime>
  </creationInfo>
  <description>
    <text>NORTH OF HALMAHERA, INDONESIA</text>
    <type>Flinn-Engdahl region</type>
  </description>
  <origin publicID="quakeml:eu.emsc/event/20041004_0000011/origin/AV860">
    <time>
      <value>2004-10-04T06:47:25.7Z</value>
      <uncertainty>0.17</uncertainty>
    </time>
    <latitude>
      <value>3.55</value>
    </latitude>
    <longitude>
      <value>128.19</value>
    </longitude>
    <depth>
      <value>33000.0</value>
    </depth>
    <depthType>from location</depthType>
    <methodID>smi:eu.emsc-csem/origin_method/NA</methodID>
    <quality>
      <usedPhaseCount>28</usedPhaseCount>
      <usedStationCount>23</usedStationCount>
      <standardError>1.15</standardError>
      <azimuthalGap>141</azimuthalGap>
      <minimumDistance>31.93</minimumDistance>
      <maximumDistance>123.06</maximumDistance>
    </quality>
    <evaluationMode>automatic</evaluationMode>
    <creationInfo>
      <agencyURI>smi:smi-registry/organization/EMSC</agencyURI>
      <authorURI>smi:smi-registry/organization/EMSC</authorURI>
    </creationInfo>
  </origin>
  <magnitude publicID="quakeml:eu.emsc/event/20041004_0000011/origin/AV860/mag/1">
    <mag>
      <value>5.2</value>
      <uncertainty>0.3</uncertainty>
    </mag>
    <type>mb</type>
    <originID>quakeml:eu.emsc/event/20041004_0000011/origin/AV860</originID>
    <stationCount>13</stationCount>
    <creationInfo>
      <agencyURI>smi:smi-registry/organization/EMSC</agencyURI>
      <authorURI>smi:smi-registry/organization/EMSC</authorURI>
    </creationInfo>
  </magnitude>
</event>
<event publicID="quakeml:eu.emsc/event/20041004_0000035">
  <preferredOriginID>quakeml:eu.emsc/event/20041004_0000035/origin/1300070</preferredOriginID>
  <preferredMagnitudeID>quakeml:eu.emsc/event/20041004_0000035/origin/1300070/mag/2</preferredMagnitudeID>
  <creationInfo>
    <agencyURI>smi:smi-registry/organization/EMSC</agencyURI>
    <authorURI>smi:smi-registry/organization/EMSC</authorURI>
    <creationTime>2014-12-03T11:02:19.300571Z</creationTime>
  </creationInfo>
  <description>
    <text>SICILY, ITALY</text>
    <type>Flinn-Engdahl region</type>
  </description>
  <origin publicID="quakeml:eu.emsc/event/20041004_0000035/origin/1300070">
    <time>
      <value>2004-10-04T06:29:01.4Z</value>
      <uncertainty>0.24</uncertainty>
    </time>
    <latitude>
      <value>38.9178</value>
      <uncertainty>8.2</uncertainty>
    </latitude>
    <longitude>
      <value>15.2687</value>
      <uncertainty>7.2</uncertainty>
    </longitude>
    <depth>
      <value>293500.0</value>
      <uncertainty>2.5</uncertainty>
    </depth>
    <depthType>from location</depthType>
    <methodID>smi:eu.emsc-csem/origin_method/NA</methodID>
    <quality>
      <usedPhaseCount>66</usedPhaseCount>
      <usedStationCount>63</usedStationCount>
      <standardError>0.95</standardError>
      <azimuthalGap>47</azimuthalGap>
      <minimumDistance>0.15</minimumDistance>
      <maximumDistance>31.53</maximumDistance>
    </quality>
    <evaluationMode>manual</evaluationMode>
    <creationInfo>
      <agencyURI>smi:smi-registry/organization/EMSC</agencyURI>
      <authorURI>smi:smi-registry/organization/EMSC</authorURI>
    </creationInfo>
    <originUncertainty>
      <azimuthMaxHorizontalUncertainty>103</azimuthMaxHorizontalUncertainty>
    </originUncertainty>
  </origin>
  <magnitude publicID="quakeml:eu.emsc/event/20041004_0000035/origin/1300070/mag/2">
    <mag>
      <value>3.6</value>
    </mag>
    <type>ML</type>
    <originID>quakeml:eu.emsc/event/20041004_0000035/origin/1300070</originID>
    <creationInfo>
      <agencyURI>smi:smi-registry/organization/EMSC</agencyURI>
      <authorURI>smi:smi-registry/organization/EMSC</authorURI>
    </creationInfo>
  </magnitude>
</event>
<event publicID="quakeml:eu.emsc/event/20041004_0000027">
  <preferredOriginID>quakeml:eu.emsc/event/20041004_0000027/origin/1300075</preferredOriginID>
  <preferredMagnitudeID>quakeml:eu.emsc/event/20041004_0000027/origin/1300075/mag/1</preferredMagnitudeID>
  <creationInfo>
    <agencyURI>smi:smi-registry/organization/EMSC</agencyURI>
    <authorURI>smi:smi-registry/organization/EMSC</authorURI>
    <creationTime>2014-12-03T10:36:52.1352Z</creationTime>
  </creationInfo>
  <description>
    <text>PYRENEES</text>
    <type>Flinn-Engdahl region</type>
  </description>
  <origin publicID="quakeml:eu.emsc/event/20041004_0000027/origin/1300075">
    <time>
      <value>2004-10-04T05:49:47.8Z</value>
      <uncertainty>0.19</uncertainty>
    </time>
    <latitude>
      <value>42.8322</value>
      <uncertainty>4.1</uncertainty>
    </latitude>
    <longitude>
      <value>-1.4049</value>
      <uncertainty>3.3</uncertainty>
    </longitude>
    <depth>
      <value>12000</value>
    </depth>
    <depthType>from location</depthType>
    <methodID>smi:eu.emsc-csem/origin_method/NA</methodID>
    <quality>
      <usedPhaseCount>36</usedPhaseCount>
      <usedStationCount>21</usedStationCount>
      <standardError>0.91</standardError>
      <azimuthalGap>87</azimuthalGap>
      <minimumDistance>0.31</minimumDistance>
      <maximumDistance>4.84</maximumDistance>
    </quality>
    <evaluationMode>manual</evaluationMode>
    <creationInfo>
      <agencyURI>smi:smi-registry/organization/EMSC</agencyURI>
      <authorURI>smi:smi-registry/organization/EMSC</authorURI>
    </creationInfo>
    <originUncertainty>
      <azimuthMaxHorizontalUncertainty>112</azimuthMaxHorizontalUncertainty>
    </originUncertainty>
  </origin>
  <magnitude publicID="quakeml:eu.emsc/event/20041004_0000027/origin/1300075/mag/1">
    <mag>
      <value>2.4</value>
      <uncertainty>0.3</uncertainty>
    </mag>
    <type>ML</type>
    <originID>quakeml:eu.emsc/event/20041004_0000027/origin/1300075</originID>
    <stationCount>8</stationCount>
    <creationInfo>
      <agencyURI>smi:smi-registry/organization/EMSC</agencyURI>
      <authorURI>smi:smi-registry/organization/EMSC</authorURI>
    </creationInfo>
  </magnitude>
</event>
<event publicID="quakeml:eu.emsc/event/20041004_0000010">
  <preferredOriginID>quakeml:eu.emsc/event/20041004_0000010/origin/AV752</preferredOriginID>
  <preferredMagnitudeID>quakeml:eu.emsc/event/20041004_0000010/origin/AV752/mag/1</preferredMagnitudeID>
  <creationInfo>
    <agencyURI>smi:smi-registry/organization/EMSC</agencyURI>
    <authorURI>smi:smi-registry/organization/EMSC</authorURI>
    <creationTime>2014-12-01T12:53:36.180961Z</creationTime>
  </creationInfo>
  <description>
    <text>QINGHAI-SICHUAN BORDER RG, CHINA</text>
    <type>Flinn-Engdahl region</type>
  </description>
  <origin publicID="quakeml:eu.emsc/event/20041004_0000010/origin/AV752">
    <time>
      <value>2004-10-04T05:30:24.1Z</value>
      <uncertainty>0.11</uncertainty>
    </time>
    <latitude>
      <value>33.37</value>
    </latitude>
    <longitude>
      <value>101.17</value>
    </longitude>
    <depth>
      <value>33000.0</value>
    </depth>
    <depthType>from location</depthType>
    <methodID>smi:eu.emsc-csem/origin_method/NA</methodID>
    <quality>
      <usedPhaseCount>14</usedPhaseCount>
      <usedStationCount>14</usedStationCount>
      <standardError>0.86</standardError>
      <azimuthalGap>157</azimuthalGap>
      <minimumDistance>19.63</minimumDistance>
      <maximumDistance>68.46</maximumDistance>
    </quality>
    <evaluationMode>automatic</evaluationMode>
    <creationInfo>
      <agencyURI>smi:smi-registry/organization/EMSC</agencyURI>
      <authorURI>smi:smi-registry/organization/EMSC</authorURI>
    </creationInfo>
  </origin>
  <magnitude publicID="quakeml:eu.emsc/event/20041004_0000010/origin/AV752/mag/1">
    <mag>
      <value>4.4</value>
      <uncertainty>0.2</uncertainty>
    </mag>
    <type>mb</type>
    <originID>quakeml:eu.emsc/event/20041004_0000010/origin/AV752</originID>
    <stationCount>3</stationCount>
    <creationInfo>
      <agencyURI>smi:smi-registry/organization/EMSC</agencyURI>
      <authorURI>smi:smi-registry/organization/EMSC</authorURI>
    </creationInfo>
  </magnitude>
</event>
<event publicID="quakeml:eu.emsc/event/20041004_0000025">
  <preferredOriginID>quakeml:eu.emsc/event/20041004_0000025/origin/1300053</preferredOriginID>
  <preferredMagnitudeID>quakeml:eu.emsc/event/20041004_0000025/origin/1300053/mag/2</preferredMagnitudeID>
  <creationInfo>
    <agencyURI>smi:smi-registry/organization/EMSC</agencyURI>
    <authorURI>smi:smi-registry/organization/EMSC</authorURI>
    <creationTime>2014-12-03T11:19:15.321544Z</creationTime>
  </creationInfo>
  <description>
    <text>AEGEAN SEA</text>
    <type>Flinn-Engdahl region</type>
  </description>
  <origin publicID="quakeml:eu.emsc/event/20041004_0000025/origin/1300053">
    <time>
      <value>2004-10-04T04:58:51.2Z</value>
      <uncertainty>0.3</uncertainty>
    </time>
    <latitude>
      <value>40.0721</value>
      <uncertainty>8.8</uncertainty>
    </latitude>
    <longitude>
      <value>24.7972</value>
      <uncertainty>5.2</uncertainty>
    </longitude>
    <depth>
      <value>15000</value>
    </depth>
    <depthType>from location</depthType>
    <methodID>smi:eu.emsc-csem/origin_method/NA</methodID>
    <quality>
      <usedPhaseCount>20</usedPhaseCount>
      <usedStationCount>12</usedStationCount>
      <standardError>0.97</standardError>
      <azimuthalGap>115</azimuthalGap>
      <minimumDistance>0.26</minimumDistance>
      <maximumDistance>2.18</maximumDistance>
    </quality>
    <evaluationMode>manual</evaluationMode>
    <creationInfo>
      <agencyURI>smi:smi-registry/organization/EMSC</agencyURI>
      <authorURI>smi:smi-registry/organization/EMSC</authorURI>
    </creationInfo>
    <originUncertainty>
      <azimuthMaxHorizontalUncertainty>21</azimuthMaxHorizontalUncertainty>
    </originUncertainty>
  </origin>
  <magnitude publicID="quakeml:eu.emsc/event/20041004_0000025/origin/1300053/mag/2">
    <mag>
      <value>2.9</value>
    </mag>
    <type>ML</type>
    <originID>quakeml:eu.emsc/event/20041004_0000025/origin/1300053</originID>
    <creationInfo>
      <agencyURI>smi:smi-registry/organization/EMSC</agencyURI>
      <authorURI>smi:smi-registry/organization/EMSC</authorURI>
    </creationInfo>
  </magnitude>
</event>
<event publicID="quakeml:eu.emsc/event/20041004_0000044">
  <preferredOriginID>quakeml:eu.emsc/event/20041004_0000044/origin/1298318</preferredOriginID>
  <preferredMagnitudeID>quakeml:eu.emsc/event/20041004_0000044/origin/1298318/mag/1</preferredMagnitudeID>
  <creationInfo>
    <agencyURI>smi:smi-registry/organization/EMSC</agencyURI>
    <authorURI>smi:smi-registry/organization/EMSC</authorURI>
    <creationTime>2014-12-03T11:06:03.519629Z</creationTime>
  </creationInfo>
  <description>
    <text>PYRENEES</text>
    <type>Flinn-Engdahl region</type>
  </description>
  <origin publicID="quakeml:eu.emsc/event/20041004_0000044/origin/1298318">
    <time>
      <value>2004-10-04T04:31:34.5Z</value>
      <uncertainty>0.18</uncertainty>
    </time>
    <latitude>
      <value>42.8415</value>
      <uncertainty>3.9</uncertainty>
    </latitude>
    <longitude>
      <value>-1.4382</value>
      <uncertainty>3.2</uncertainty>
    </longitude>
    <depth>
      <value>15000</value>
    </depth>
    <depthType>from location</depthType>
    <methodID>smi:eu.emsc-csem/origin_method/NA</methodID>
    <quality>
      <usedPhaseCount>29</usedPhaseCount>
      <usedStationCount>15</usedStationCount>
      <standardError>0.83</standardError>
      <azimuthalGap>92</azimuthalGap>
      <minimumDistance>0.31</minimumDistance>
      <maximumDistance>4.86</maximumDistance>
    </quality>
    <evaluationMode>manual</evaluationMode>
    <creationInfo>
      <agencyURI>smi:smi-registry/organization/EMSC</agencyURI>
      <authorURI>smi:smi-registry/organization/EMSC</authorURI>
    </creationInfo>
    <originUncertainty>
      <azimuthMaxHorizontalUncertainty>105</azimuthMaxHorizontalUncertainty>
    </originUncertainty>
  </origin>
  <magnitude publicID="quakeml:eu.emsc/event/20041004_0000044/origin/1298318/mag/1">
    <mag>
      <value>2.3</value>
      <uncertainty>0.4</uncertainty>
    </mag>
    <type>ML</type>
    <originID>quakeml:eu.emsc/event/20041004_0000044/origin/1298318</originID>
    <stationCount>13</stationCount>
    <creationInfo>
      <agencyURI>smi:smi-registry/organization/EMSC</agencyURI>
      <authorURI>smi:smi-registry/organization/EMSC</authorURI>
    </creationInfo>
  </magnitude>
</event>
<event publicID="quakeml:eu.emsc/event/20041004_0000048">
  <preferredOriginID>quakeml:eu.emsc/event/20041004_0000048/origin/1300058</preferredOriginID>
  <preferredMagnitudeID>quakeml:eu.emsc/event/20041004_0000048/origin/1300058/mag/1</preferredMagnitudeID>
  <creationInfo>
    <agencyURI>smi:smi-registry/organization/EMSC</agencyURI>
    <authorURI>smi:smi-registry/organization/EMSC</authorURI>
    <creationTime>2014-12-03T10:36:52.928605Z</creationTime>
  </creationInfo>
  <description>
    <text>PYRENEES</text>
    <type>Flinn-Engdahl region</type>
  </description>
  <origin publicID="quakeml:eu.emsc/event/20041004_0000048/origin/1300058">
    <time>
      <value>2004-10-04T04:29:42.0Z</value>
      <uncertainty>0.21</uncertainty>
    </time>
    <latitude>
      <value>42.8683</value>
      <uncertainty>3.7</uncertainty>
    </latitude>
    <longitude>
      <value>-1.4034</value>
      <uncertainty>3.2</uncertainty>
    </longitude>
    <depth>
      <value>13000</value>
      <uncertainty>1.7</uncertainty>
    </depth>
    <depthType>from location</depthType>
    <methodID>smi:eu.emsc-csem/origin_method/NA</methodID>
    <quality>
      <usedPhaseCount>59</usedPhaseCount>
      <usedStationCount>35</usedStationCount>
      <standardError>1.02</standardError>
      <azimuthalGap>62</azimuthalGap>
      <minimumDistance>0.28</minimumDistance>
      <maximumDistance>5.45</maximumDistance>
    </quality>
    <evaluationMode>manual</evaluationMode>
    <creationInfo>
      <agencyURI>smi:smi-registry/organization/EMSC</agencyURI>
      <authorURI>smi:smi-registry/organization/EMSC</authorURI>
    </creationInfo>
    <originUncertainty>
      <azimuthMaxHorizontalUncertainty>144</azimuthMaxHorizontalUncertainty>
    </originUncertainty>
  </origin>
  <magnitude publicID="quakeml:eu.emsc/event/20041004_0000048/origin/1300058/mag/1">
    <mag>
      <value>2.6</value>
      <uncertainty>0.3</uncertainty>
    </mag>
    <type>ML</type>
    <originID>quakeml:eu.emsc/event/20041004_0000048/origin/1300058</originID>
    <stationCount>11</stationCount>
    <creationInfo>
      <agencyURI>smi:smi-registry/organization/EMSC</agencyURI>
      <authorURI>smi:smi-registry/organization/EMSC</authorURI>
    </creationInfo>
  </magnitude>
</event>
<event publicID="quakeml:eu.emsc/event/20041004_0000024">
  <preferredOriginID>quakeml:eu.emsc/event/20041004_0000024/origin/1293881</preferredOriginID>
  <preferredMagnitudeID>quakeml:eu.emsc/event/20041004_0000024/origin/1293881/mag/2</preferredMagnitudeID>
  <creationInfo>
    <agencyURI>smi:smi-registry/organization/EMSC</agencyURI>
    <authorURI>smi:smi-registry/organization/EMSC</authorURI>
    <creationTime>2014-12-11T04:41:15.253424Z</creationTime>
  </creationInfo>
  <description>
    <text>WESTERN TURKEY</text>
    <type>Flinn-Engdahl region</type>
  </description>
  <origin publicID="quakeml:eu.emsc/event/20041004_0000024/origin/1293881">
    <time>
      <value>2004-10-04T04:12:29.6Z</value>
    </time>
    <latitude>
      <value>37.79</value>
      <uncertainty>9999.9</uncertainty>
    </latitude>
    <longitude>
      <value>27.061</value>
      <uncertainty>9999.9</uncertainty>
    </longitude>
    <depth>
      <value>8000</value>
    </depth>
    <depthType>from location</depthType>
    <methodID>smi:eu.emsc-csem/origin_method/NA</methodID>
    <quality>
      <usedPhaseCount>9</usedPhaseCount>
      <usedStationCount>5</usedStationCount>
      <standardError>1.09</standardError>
      <azimuthalGap>243</azimuthalGap>
      <minimumDistance>0.63</minimumDistance>
      <maximumDistance>1.56</maximumDistance>
    </quality>
    <evaluationMode>manual</evaluationMode>
    <creationInfo>
      <agencyURI>smi:smi-registry/organization/EMSC</agencyURI>
      <authorURI>smi:smi-registry/organization/EMSC</authorURI>
    </creationInfo>
    <originUncertainty>
      <azimuthMaxHorizontalUncertainty>-99</azimuthMaxHorizontalUncertainty>
    </originUncertainty>
  </origin>
  <magnitude publicID="quakeml:eu.emsc/event/20041004_0000024/origin/1293881/mag/2">
    <mag>
      <value>2.9</value>
    </mag>
    <type>MD</type>
    <originID>quakeml:eu.emsc/event/20041004_0000024/origin/1293881</originID>
    <creationInfo>
      <agencyURI>smi:smi-registry/organization/EMSC</agencyURI>
      <authorURI>smi:smi-registry/organization/EMSC</authorURI>
    </creationInfo>
  </magnitude>
</event>
<event publicID="quakeml:eu.emsc/event/20041004_0000028">
  <preferredOriginID>quakeml:eu.emsc/event/20041004_0000028/origin/1293883</preferredOriginID>
  <preferredMagnitudeID>quakeml:eu.emsc/event/20041004_0000028/origin/1293883/mag/2</preferredMagnitudeID>
  <creationInfo>
    <agencyURI>smi:smi-registry/organization/EMSC</agencyURI>
    <authorURI>smi:smi-registry/organization/EMSC</authorURI>
    <creationTime>2014-12-10T18:22:49.90096Z</creationTime>
  </creationInfo>
  <description>
    <text>FRANCE</text>
    <type>Flinn-Engdahl region</type>
  </description>
  <origin publicID="quakeml:eu.emsc/event/20041004_0000028/origin/1293883">
    <time>
      <value>2004-10-04T03:02:49.9Z</value>
    </time>
    <latitude>
      <value>48.33</value>
      <uncertainty>9999.9</uncertainty>
    </latitude>
    <longitude>
      <value>6.68</value>
      <uncertainty>9999.9</uncertainty>
    </longitude>
    <depth>
      <value>5000</value>
    </depth>
    <depthType>from location</depthType>
    <methodID>smi:eu.emsc-csem/origin_method/NA</methodID>
    <quality>
      <usedPhaseCount>7</usedPhaseCount>
      <usedStationCount>5</usedStationCount>
      <standardError>0.34</standardError>
      <azimuthalGap>150</azimuthalGap>
      <minimumDistance>0.34</minimumDistance>
      <maximumDistance>0.99</maximumDistance>
    </quality>
    <evaluationMode>manual</evaluationMode>
    <creationInfo>
      <agencyURI>smi:smi-registry/organization/EMSC</agencyURI>
      <authorURI>smi:smi-registry/organization/EMSC</authorURI>
    </creationInfo>
    <originUncertainty>
      <azimuthMaxHorizontalUncertainty>-99</azimuthMaxHorizontalUncertainty>
    </originUncertainty>
  </origin>
  <magnitude publicID="quakeml:eu.emsc/event/20041004_0000028/origin/1293883/mag/2">
    <mag>
      <value>1.9</value>
    </mag>
    <type>ML</type>
    <originID>quakeml:eu.emsc/event/20041004_0000028/origin/1293883</originID>
    <creationInfo>
      <agencyURI>smi:smi-registry/organization/EMSC</agencyURI>
      <authorURI>smi:smi-registry/organization/EMSC</authorURI>
    </creationInfo>
  </magnitude>
</event>
<event publicID="quakeml:eu.emsc/event/20041004_0000026">
  <preferredOriginID>quakeml:eu.emsc/event/20041004_0000026/origin/1298586</preferredOriginID>
  <preferredMagnitudeID>quakeml:eu.emsc/event/20041004_0000026/origin/1298586/mag/1</preferredMagnitudeID>
  <creationInfo>
    <agencyURI>smi:smi-registry/organization/EMSC</agencyURI>
    <authorURI>smi:smi-registry/organization/EMSC</authorURI>
    <creationTime>2014-12-03T12:03:49.914874Z</creationTime>
  </creationInfo>
  <description>
    <text>PYRENEES</text>
    <type>Flinn-Engdahl region</type>
  </description>
  <origin publicID="quakeml:eu.emsc/event/20041004_0000026/origin/1298586">
    <time>
      <value>2004-10-04T03:01:15.7Z</value>
      <uncertainty>0.17</uncertainty>
    </time>
    <latitude>
      <value>42.3282</value>
      <uncertainty>3.1</uncertainty>
    </latitude>
    <longitude>
      <value>2.163</value>
      <uncertainty>2.5</uncertainty>
    </longitude>
    <depth>
      <value>10000</value>
    </depth>
    <depthType>from location</depthType>
    <methodID>smi:eu.emsc-csem/origin_method/NA</methodID>
    <quality>
      <usedPhaseCount>37</usedPhaseCount>
      <usedStationCount>22</usedStationCount>
      <standardError>0.86</standardError>
      <azimuthalGap>83</azimuthalGap>
      <minimumDistance>0.04</minimumDistance>
      <maximumDistance>2.81</maximumDistance>
    </quality>
    <evaluationMode>manual</evaluationMode>
    <creationInfo>
      <agencyURI>smi:smi-registry/organization/EMSC</agencyURI>
      <authorURI>smi:smi-registry/organization/EMSC</authorURI>
    </creationInfo>
    <originUncertainty>
      <azimuthMaxHorizontalUncertainty>143</azimuthMaxHorizontalUncertainty>
    </originUncertainty>
  </origin>
  <magnitude publicID="quakeml:eu.emsc/event/20041004_0000026/origin/1298586/mag/1">
    <mag>
      <value>2.1</value>
      <uncertainty>0.4</uncertainty>
    </mag>
    <type>ML</type>
    <originID>quakeml:eu.emsc/event/20041004_0000026/origin/1298586</originID>
    <stationCount>11</stationCount>
    <creationInfo>
      <agencyURI>smi:smi-registry/organization/EMSC</agencyURI>
      <authorURI>smi:smi-registry/organization/EMSC</authorURI>
    </creationInfo>
  </magnitude>
</event>
<event publicID="quakeml:eu.emsc/event/20041004_0000039">
  <preferredOriginID>quakeml:eu.emsc/event/20041004_0000039/origin/1293885</preferredOriginID>
  <preferredMagnitudeID>quakeml:eu.emsc/event/20041004_0000039/origin/1293885/mag/2</preferredMagnitudeID>
  <creationInfo>
    <agencyURI>smi:smi-registry/organization/EMSC</agencyURI>
    <authorURI>smi:smi-registry/organization/EMSC</authorURI>
    <creationTime>2014-12-11T04:41:13.371211Z</creationTime>
  </creationInfo>
  <description>
    <text>WESTERN TURKEY</text>
    <type>Flinn-Engdahl region</type>
  </description>
  <origin publicID="quakeml:eu.emsc/event/20041004_0000039/origin/1293885">
    <time>
      <value>2004-10-04T02:58:38.6Z</value>
    </time>
    <latitude>
      <value>39.206</value>
      <uncertainty>9999.9</uncertainty>
    </latitude>
    <longitude>
      <value>27.707</value>
      <uncertainty>9999.9</uncertainty>
    </longitude>
    <depth>
      <value>8000</value>
    </depth>
    <depthType>from location</depthType>
    <methodID>smi:eu.emsc-csem/origin_method/NA</methodID>
    <quality>
      <usedPhaseCount>9</usedPhaseCount>
      <usedStationCount>5</usedStationCount>
      <standardError>1.07</standardError>
      <azimuthalGap>142</azimuthalGap>
      <minimumDistance>0.34</minimumDistance>
      <maximumDistance>1.28</maximumDistance>
    </quality>
    <evaluationMode>manual</evaluationMode>
    <creationInfo>
      <agencyURI>smi:smi-registry/organization/EMSC</agencyURI>
      <authorURI>smi:smi-registry/organization/EMSC</authorURI>
    </creationInfo>
    <originUncertainty>
      <azimuthMaxHorizontalUncertainty>-99</azimuthMaxHorizontalUncertainty>
    </originUncertainty>
  </origin>
  <magnitude publicID="quakeml:eu.emsc/event/20041004_0000039/origin/1293885/mag/2">
    <mag>
      <value>2.9</value>
    </mag>
    <type>MD</type>
    <originID>quakeml:eu.emsc/event/20041004_0000039/origin/1293885</originID>
    <creationInfo>
      <agencyURI>smi:smi-registry/organization/EMSC</agencyURI>
      <authorURI>smi:smi-registry/organization/EMSC</authorURI>
    </creationInfo>
  </magnitude>
</event>
<event publicID="quakeml:eu.emsc/event/20041004_0000037">
  <preferredOriginID>quakeml:eu.emsc/event/20041004_0000037/origin/1293887</preferredOriginID>
  <preferredMagnitudeID>quakeml:eu.emsc/event/20041004_0000037/origin/1293887/mag/2</preferredMagnitudeID>
  <creationInfo>
    <agencyURI>smi:smi-registry/organization/EMSC</agencyURI>
    <authorURI>smi:smi-registry/organization/EMSC</authorURI>
    <creationTime>2014-12-11T04:40:56.592472Z</creationTime>
  </creationInfo>
  <description>
    <text>EASTERN TURKEY</text>
    <type>Flinn-Engdahl region</type>
  </description>
  <origin publicID="quakeml:eu.emsc/event/20041004_0000037/origin/1293887">
    <time>
      <value>2004-10-04T01:35:30.1Z</value>
    </time>
    <latitude>
      <value>39.441</value>
      <uncertainty>9999.9</uncertainty>
    </latitude>
    <longitude>
      <value>40.462</value>
      <uncertainty>9999.9</uncertainty>
    </longitude>
    <depth>
      <value>5000</value>
    </depth>
    <depthType>from location</depthType>
    <methodID>smi:eu.emsc-csem/origin_method/NA</methodID>
    <quality>
      <usedPhaseCount>9</usedPhaseCount>
      <usedStationCount>6</usedStationCount>
      <standardError>2.2</standardError>
      <azimuthalGap>121</azimuthalGap>
      <minimumDistance>0.56</minimumDistance>
      <maximumDistance>1.48</maximumDistance>
    </quality>
    <evaluationMode>manual</evaluationMode>
    <creationInfo>
      <agencyURI>smi:smi-registry/organization/EMSC</agencyURI>
      <authorURI>smi:smi-registry/organization/EMSC</authorURI>
    </creationInfo>
    <originUncertainty>
      <azimuthMaxHorizontalUncertainty>-99</azimuthMaxHorizontalUncertainty>
    </originUncertainty>
  </origin>
  <magnitude publicID="quakeml:eu.emsc/event/20041004_0000037/origin/1293887/mag/2">
    <mag>
      <value>2.9</value>
    </mag>
    <type>MD</type>
    <originID>quakeml:eu.emsc/event/20041004_0000037/origin/1293887</originID>
    <creationInfo>
      <agencyURI>smi:smi-registry/organization/EMSC</agencyURI>
      <authorURI>smi:smi-registry/organization/EMSC</authorURI>
    </creationInfo>
  </magnitude>
</event>
</eventParameters>
</q:quakeml>
