<?xml version="1.0"?>
<q:quakeml xmlns:q="http://quakeml.org/xmlns/quakeml/1.2"  xmlns="http://quakeml.org/xmlns/bed/1.2">
<eventParameters publicID="smi:eu.emsc/unid">
<event publicID="quakeml:eu.emsc/event/20060819_0000070">
  <preferredOriginID>quakeml:eu.emsc/event/20060819_0000070/origin/1192206</preferredOriginID>
  <preferredMagnitudeID>quakeml:eu.emsc/event/20060819_0000070/origin/1192206/mag/2</preferredMagnitudeID>
  <creationInfo>
    <agencyURI>smi:smi-registry/organization/EMSC</agencyURI>
    <authorURI>smi:smi-registry/organization/EMSC</authorURI>
    <creationTime>2014-12-10T17:44:41.191489Z</creationTime>
  </creationInfo>
  <description>
    <text>PYRENEES</text>
    <type>Flinn-Engdahl region</type>
  </description>
  <origin publicID="quakeml:eu.emsc/event/20060819_0000070/origin/1192206">
    <time>
      <value>2006-08-19T23:39:22.0Z</value>
    </time>
    <latitude>
      <value>42.8236</value>
      <uncertainty>9999.9</uncertainty>
    </latitude>
    <longitude>
      <value>-1.3614</value>
      <uncertainty>9999.9</uncertainty>
    </longitude>
    <depth>
      <value>4400.0</value>
    </depth>
    <depthType>from location</depthType>
    <methodID>smi:eu.emsc-csem/origin_method/NA</methodID>
    <quality>
      <usedPhaseCount>9</usedPhaseCount>
      <usedStationCount>5</usedStationCount>
      <standardError>0.4</standardError>
      <azimuthalGap>183</azimuthalGap>
      <minimumDistance>0.02</minimumDistance>
      <maximumDistance>0.41</maximumDistance>
    </quality>
    <evaluationMode>manual</evaluationMode>
    <creationInfo>
      <agencyURI>smi:smi-registry/organization/EMSC</agencyURI>
      <authorURI>smi:smi-registry/organization/EMSC</authorURI>
    </creationInfo>
    <originUncertainty>
      <azimuthMaxHorizontalUncertainty>-99</azimuthMaxHorizontalUncertainty>
    </originUncertainty>
  </origin>
  <magnitude publicID="quakeml:eu.emsc/event/20060819_0000070/origin/1192206/mag/2">
    <mag>
      <value>1</value>
    </mag>
    <type>ML</type>
    <originID>quakeml:eu.emsc/event/20060819_0000070/origin/1192206</originID>
    <creationInfo>
      <agencyURI>smi:smi-registry/organization/EMSC</agencyURI>
      <authorURI>smi:smi-registry/organization/EMSC</authorURI>
    </creationInfo>
  </magnitude>
</event>
<event publicID="quakeml:eu.emsc/event/20060819_0000072">
  <preferredOriginID>quakeml:eu.emsc/event/20060819_0000072/origin/1192208</preferredOriginID>
  <preferredMagnitudeID>quakeml:eu.emsc/event/20060819_0000072/origin/1192208/mag/2</preferredMagnitudeID>
  <creationInfo>
    <agencyURI>smi:smi-registry/organization/EMSC</agencyURI>
    <authorURI>smi:smi-registry/organization/EMSC</authorURI>
    <creationTime>2014-12-11T23:43:03.37951Z</creationTime>
  </creationInfo>
  <description>
    <text>CRETE, GREECE</text>
    <type>Flinn-Engdahl region</type>
  </description>
  <origin publicID="quakeml:eu.emsc/event/20060819_0000072/origin/1192208">
    <time>
      <value>2006-08-19T20:25:03.2Z</value>
    </time>
    <latitude>
      <value>34.75</value>
      <uncertainty>9999.9</uncertainty>
    </latitude>
    <longitude>
      <value>23.66</value>
      <uncertainty>9999.9</uncertainty>
    </longitude>
    <depth>
      <value>12000</value>
    </depth>
    <depthType>from location</depthType>
    <methodID>smi:eu.emsc-csem/origin_method/NA</methodID>
    <quality>
      <usedPhaseCount>6</usedPhaseCount>
      <usedStationCount>4</usedStationCount>
      <standardError>2.04</standardError>
      <azimuthalGap>266</azimuthalGap>
      <minimumDistance>0.36</minimumDistance>
      <maximumDistance>2.05</maximumDistance>
    </quality>
    <evaluationMode>manual</evaluationMode>
    <creationInfo>
      <agencyURI>smi:smi-registry/organization/EMSC</agencyURI>
      <authorURI>smi:smi-registry/organization/EMSC</authorURI>
    </creationInfo>
    <originUncertainty>
      <azimuthMaxHorizontalUncertainty>-99</azimuthMaxHorizontalUncertainty>
    </originUncertainty>
  </origin>
  <magnitude publicID="quakeml:eu.emsc/event/20060819_0000072/origin/1192208/mag/2">
    <mag>
      <value>3.5</value>
    </mag>
    <type>MD</type>
    <originID>quakeml:eu.emsc/event/20060819_0000072/origin/1192208</originID>
    <creationInfo>
      <agencyURI>smi:smi-registry/organization/EMSC</agencyURI>
      <authorURI>smi:smi-registry/organization/EMSC</authorURI>
    </creationInfo>
  </magnitude>
</event>
<event publicID="quakeml:eu.emsc/event/20060819_0000057">
  <preferredOriginID>quakeml:eu.emsc/event/20060819_0000057/origin/1192210</preferredOriginID>
  <preferredMagnitudeID>quakeml:eu.emsc/event/20060819_0000057/origin/1192210/mag/2</preferredMagnitudeID>
  <creationInfo>
    <agencyURI>smi:smi-registry/organization/EMSC</agencyURI>
    <authorURI>smi:smi-registry/organization/EMSC</authorURI>
    <creationTime>2014-12-11T23:43:02.79721Z</creationTime>
  </creationInfo>
  <description>
    <text>WESTERN IRAN</text>
    <type>Flinn-Engdahl region</type>
  </description>
  <origin publicID="quakeml:eu.emsc/event/20060819_0000057/origin/1192210">
    <time>
      <value>2006-08-19T20:22:53.0Z</value>
    </time>
    <latitude>
      <value>33.132</value>
      <uncertainty>9999.9</uncertainty>
    </latitude>
    <longitude>
      <value>48.308</value>
      <uncertainty>9999.9</uncertainty>
    </longitude>
    <depth>
      <value>14100.0</value>
    </depth>
    <depthType>from location</depthType>
    <methodID>smi:eu.emsc-csem/origin_method/NA</methodID>
    <quality>
      <usedPhaseCount>7</usedPhaseCount>
      <usedStationCount>5</usedStationCount>
      <standardError>2.57</standardError>
      <azimuthalGap>288</azimuthalGap>
      <minimumDistance>2.01</minimumDistance>
      <maximumDistance>3.92</maximumDistance>
    </quality>
    <evaluationMode>manual</evaluationMode>
    <creationInfo>
      <agencyURI>smi:smi-registry/organization/EMSC</agencyURI>
      <authorURI>smi:smi-registry/organization/EMSC</authorURI>
    </creationInfo>
    <originUncertainty>
      <azimuthMaxHorizontalUncertainty>-99</azimuthMaxHorizontalUncertainty>
    </originUncertainty>
  </origin>
  <magnitude publicID="quakeml:eu.emsc/event/20060819_0000057/origin/1192210/mag/2">
    <mag>
      <value>3.2</value>
    </mag>
    <type>ML</type>
    <originID>quakeml:eu.emsc/event/20060819_0000057/origin/1192210</originID>
    <creationInfo>
      <agencyURI>smi:smi-registry/organization/EMSC</agencyURI>
      <authorURI>smi:smi-registry/organization/EMSC</authorURI>
    </creationInfo>
  </magnitude>
</event>
<event publicID="quakeml:eu.emsc/event/20060819_0000056">
  <preferredOriginID>quakeml:eu.emsc/event/20060819_0000056/origin/NH656</preferredOriginID>
  <preferredMagnitudeID>quakeml:eu.emsc/event/20060819_0000056/origin/NH656/mag/1</preferredMagnitudeID>
  <creationInfo>
    <agencyURI>smi:smi-registry/organization/EMSC</agencyURI>
    <authorURI>smi:smi-registry/organization/EMSC</authorURI>
    <creationTime>2014-12-01T13:15:33.870536Z</creationTime>
  </creationInfo>
  <description>
    <text>MINAHASA, SULAWESI, INDONESIA</text>
    <type>Flinn-Engdahl region</type>
  </description>
  <origin publicID="quakeml:eu.emsc/event/20060819_0000056/origin/NH656">
    <time>
      <value>2006-08-19T19:47:34.7Z</value>
      <uncertainty>0.15</uncertainty>
    </time>
    <latitude>
      <value>0.97</value>
    </latitude>
    <longitude>
      <value>121.83</value>
    </longitude>
    <depth>
      <value>60000.0</value>
    </depth>
    <depthType>from location</depthType>
    <methodID>smi:eu.emsc-csem/origin_method/NA</methodID>
    <quality>
      <usedPhaseCount>43</usedPhaseCount>
      <usedStationCount>39</usedStationCount>
      <standardError>0.93</standardError>
      <azimuthalGap>74</azimuthalGap>
      <minimumDistance>2.73</minimumDistance>
      <maximumDistance>93.77</maximumDistance>
    </quality>
    <evaluationMode>automatic</evaluationMode>
    <creationInfo>
      <agencyURI>smi:smi-registry/organization/EMSC</agencyURI>
      <authorURI>smi:smi-registry/organization/EMSC</authorURI>
    </creationInfo>
  </origin>
  <magnitude publicID="quakeml:eu.emsc/event/20060819_0000056/origin/NH656/mag/1">
    <mag>
      <value>4.9</value>
      <uncertainty>0.4</uncertainty>
    </mag>
    <type>mb</type>
    <originID>quakeml:eu.emsc/event/20060819_0000056/origin/NH656</originID>
    <creationInfo>
      <agencyURI>smi:smi-registry/organization/EMSC</agencyURI>
      <authorURI>smi:smi-registry/organization/EMSC</authorURI>
    </creationInfo>
  </magnitude>
</event>
<event publicID="quakeml:eu.emsc/event/20060819_0000054">
  <preferredOriginID>quakeml:eu.emsc/event/20060819_0000054/origin/NH856</preferredOriginID>
  <preferredMagnitudeID>quakeml:eu.emsc/event/20060819_0000054/origin/NH856/mag/1</preferredMagnitudeID>
  <creationInfo>
    <agencyURI>smi:smi-registry/organization/EMSC</agencyURI>
    <authorURI>smi:smi-registry/organization/EMSC</authorURI>
    <creationTime>2014-12-01T13:02:22.377694Z</creationTime>
  </creationInfo>
  <description>
    <text>SOUTHWEST INDIAN RIDGE</text>
    <type>Flinn-Engdahl region</type>
  </description>
  <origin publicID="quakeml:eu.emsc/event/20060819_0000054/origin/NH856">
    <time>
      <value>2006-08-19T16:44:55.4Z</value>
      <uncertainty>0.49</uncertainty>
    </time>
    <latitude>
      <value>-28.85</value>
    </latitude>
    <longitude>
      <value>61.42</value>
    </longitude>
    <depth>
      <value>15000.0</value>
    </depth>
    <depthType>from location</depthType>
    <methodID>smi:eu.emsc-csem/origin_method/NA</methodID>
    <quality>
      <usedPhaseCount>19</usedPhaseCount>
      <usedStationCount>19</usedStationCount>
      <standardError>1.63</standardError>
      <azimuthalGap>61</azimuthalGap>
      <minimumDistance>31.64</minimumDistance>
      <maximumDistance>87.31</maximumDistance>
    </quality>
    <evaluationMode>automatic</evaluationMode>
    <creationInfo>
      <agencyURI>smi:smi-registry/organization/EMSC</agencyURI>
      <authorURI>smi:smi-registry/organization/EMSC</authorURI>
    </creationInfo>
  </origin>
  <magnitude publicID="quakeml:eu.emsc/event/20060819_0000054/origin/NH856/mag/1">
    <mag>
      <value>4.7</value>
      <uncertainty>0.6</uncertainty>
    </mag>
    <type>mb</type>
    <originID>quakeml:eu.emsc/event/20060819_0000054/origin/NH856</originID>
    <creationInfo>
      <agencyURI>smi:smi-registry/organization/EMSC</agencyURI>
      <authorURI>smi:smi-registry/organization/EMSC</authorURI>
    </creationInfo>
  </magnitude>
</event>
<event publicID="quakeml:eu.emsc/event/20060819_0000063">
  <preferredOriginID>quakeml:eu.emsc/event/20060819_0000063/origin/1192212</preferredOriginID>
  <preferredMagnitudeID>quakeml:eu.emsc/event/20060819_0000063/origin/1192212/mag/2</preferredMagnitudeID>
  <creationInfo>
    <agencyURI>smi:smi-registry/organization/EMSC</agencyURI>
    <authorURI>smi:smi-registry/organization/EMSC</authorURI>
    <creationTime>2014-12-11T23:43:02.318284Z</creationTime>
  </creationInfo>
  <description>
    <text>SOUTHERN ITALY</text>
    <type>Flinn-Engdahl region</type>
  </description>
  <origin publicID="quakeml:eu.emsc/event/20060819_0000063/origin/1192212">
    <time>
      <value>2006-08-19T16:44:50.0Z</value>
    </time>
    <latitude>
      <value>38.966</value>
      <uncertainty>9999.9</uncertainty>
    </latitude>
    <longitude>
      <value>16.951</value>
      <uncertainty>9999.9</uncertainty>
    </longitude>
    <depth>
      <value>10000</value>
    </depth>
    <depthType>from location</depthType>
    <methodID>smi:eu.emsc-csem/origin_method/NA</methodID>
    <quality>
      <usedPhaseCount>9</usedPhaseCount>
      <usedStationCount>8</usedStationCount>
      <standardError>2.25</standardError>
      <azimuthalGap>254</azimuthalGap>
      <minimumDistance>0.22</minimumDistance>
      <maximumDistance>2.27</maximumDistance>
    </quality>
    <evaluationMode>manual</evaluationMode>
    <creationInfo>
      <agencyURI>smi:smi-registry/organization/EMSC</agencyURI>
      <authorURI>smi:smi-registry/organization/EMSC</authorURI>
    </creationInfo>
    <originUncertainty>
      <azimuthMaxHorizontalUncertainty>-99</azimuthMaxHorizontalUncertainty>
    </originUncertainty>
  </origin>
  <magnitude publicID="quakeml:eu.emsc/event/20060819_0000063/origin/1192212/mag/2">
    <mag>
      <value>2.9</value>
      <uncertainty>0.4</uncertainty>
    </mag>
    <type>MD</type>
    <originID>quakeml:eu.emsc/event/20060819_0000063/origin/1192212</originID>
    <stationCount>5</stationCount>
    <creationInfo>
      <agencyURI>smi:smi-registry/organization/EMSC</agencyURI>
      <authorURI>smi:smi-registry/organization/EMSC</authorURI>
    </creationInfo>
  </magnitude>
</event>
<event publicID="quakeml:eu.emsc/event/20060819_0000053">
  <preferredOriginID>quakeml:eu.emsc/event/20060819_0000053/origin/1192214</preferredOriginID>
  <preferredMagnitudeID>quakeml:eu.emsc/event/20060819_0000053/origin/1192214/mag/2</preferredMagnitudeID>
  <creationInfo>
    <agencyURI>smi:smi-registry/organization/EMSC</agencyURI>
    <authorURI>smi:smi-registry/organization/EMSC</authorURI>
    <creationTime>2014-12-11T23:43:01.743261Z</creationTime>
  </creationInfo>
  <description>
    <text>SICILY, ITALY</text>
    <type>Flinn-Engdahl region</type>
  </description>
  <origin publicID="quakeml:eu.emsc/event/20060819_0000053/origin/1192214">
    <time>
      <value>2006-08-19T16:29:10.6Z</value>
    </time>
    <latitude>
      <value>38.577</value>
      <uncertainty>9999.9</uncertainty>
    </latitude>
    <longitude>
      <value>14.432</value>
      <uncertainty>9999.9</uncertainty>
    </longitude>
    <depth>
      <value>27600.0</value>
    </depth>
    <depthType>from location</depthType>
    <methodID>smi:eu.emsc-csem/origin_method/NA</methodID>
    <quality>
      <usedPhaseCount>30</usedPhaseCount>
      <usedStationCount>24</usedStationCount>
      <standardError>1.25</standardError>
      <azimuthalGap>108</azimuthalGap>
      <minimumDistance>0.31</minimumDistance>
      <maximumDistance>2.06</maximumDistance>
    </quality>
    <evaluationMode>manual</evaluationMode>
    <creationInfo>
      <agencyURI>smi:smi-registry/organization/EMSC</agencyURI>
      <authorURI>smi:smi-registry/organization/EMSC</authorURI>
    </creationInfo>
    <originUncertainty>
      <azimuthMaxHorizontalUncertainty>-99</azimuthMaxHorizontalUncertainty>
    </originUncertainty>
  </origin>
  <magnitude publicID="quakeml:eu.emsc/event/20060819_0000053/origin/1192214/mag/2">
    <mag>
      <value>3</value>
      <uncertainty>0.1</uncertainty>
    </mag>
    <type>MD</type>
    <originID>quakeml:eu.emsc/event/20060819_0000053/origin/1192214</originID>
    <stationCount>8</stationCount>
    <creationInfo>
      <agencyURI>smi:smi-registry/organization/EMSC</agencyURI>
      <authorURI>smi:smi-registry/organization/EMSC</authorURI>
    </creationInfo>
  </magnitude>
</event>
<event publicID="quakeml:eu.emsc/event/20060819_0000052">
  <preferredOriginID>quakeml:eu.emsc/event/20060819_0000052/origin/NH870</preferredOriginID>
  <preferredMagnitudeID>quakeml:eu.emsc/event/20060819_0000052/origin/NH870/mag/1</preferredMagnitudeID>
  <creationInfo>
    <agencyURI>smi:smi-registry/organization/EMSC</agencyURI>
    <authorURI>smi:smi-registry/organization/EMSC</authorURI>
    <creationTime>2014-12-01T15:25:01.427278Z</creationTime>
  </creationInfo>
  <description>
    <text>SOUTHWEST INDIAN RIDGE</text>
    <type>Flinn-Engdahl region</type>
  </description>
  <origin publicID="quakeml:eu.emsc/event/20060819_0000052/origin/NH870">
    <time>
      <value>2006-08-19T16:10:47.9Z</value>
      <uncertainty>0.23</uncertainty>
    </time>
    <latitude>
      <value>-28.93</value>
    </latitude>
    <longitude>
      <value>61.58</value>
    </longitude>
    <depth>
      <value>10000.0</value>
    </depth>
    <depthType>from location</depthType>
    <methodID>smi:eu.emsc-csem/origin_method/NA</methodID>
    <quality>
      <usedPhaseCount>26</usedPhaseCount>
      <usedStationCount>26</usedStationCount>
      <standardError>1.06</standardError>
      <azimuthalGap>71</azimuthalGap>
      <minimumDistance>31.76</minimumDistance>
      <maximumDistance>95.00</maximumDistance>
    </quality>
    <evaluationMode>automatic</evaluationMode>
    <creationInfo>
      <agencyURI>smi:smi-registry/organization/EMSC</agencyURI>
      <authorURI>smi:smi-registry/organization/EMSC</authorURI>
    </creationInfo>
  </origin>
  <magnitude publicID="quakeml:eu.emsc/event/20060819_0000052/origin/NH870/mag/1">
    <mag>
      <value>4.8</value>
      <uncertainty>0.3</uncertainty>
    </mag>
    <type>mb</type>
    <originID>quakeml:eu.emsc/event/20060819_0000052/origin/NH870</originID>
    <creationInfo>
      <agencyURI>smi:smi-registry/organization/EMSC</agencyURI>
      <authorURI>smi:smi-registry/organization/EMSC</authorURI>
    </creationInfo>
  </magnitude>
</event>
<event publicID="quakeml:eu.emsc/event/20060819_0000058">
  <preferredOriginID>quakeml:eu.emsc/event/20060819_0000058/origin/1193975</preferredOriginID>
  <preferredMagnitudeID>quakeml:eu.emsc/event/20060819_0000058/origin/1193975/mag/2</preferredMagnitudeID>
  <creationInfo>
    <agencyURI>smi:smi-registry/organization/EMSC</agencyURI>
    <authorURI>smi:smi-registry/organization/EMSC</authorURI>
    <creationTime>2014-12-03T11:10:08.68845Z</creationTime>
  </creationInfo>
  <description>
    <text>GREECE</text>
    <type>Flinn-Engdahl region</type>
  </description>
  <origin publicID="quakeml:eu.emsc/event/20060819_0000058/origin/1193975">
    <time>
      <value>2006-08-19T16:09:20.6Z</value>
      <uncertainty>0.14</uncertainty>
    </time>
    <latitude>
      <value>41.2264</value>
      <uncertainty>2.4</uncertainty>
    </latitude>
    <longitude>
      <value>23.1933</value>
      <uncertainty>1.9</uncertainty>
    </longitude>
    <depth>
      <value>19300.0</value>
      <uncertainty>0.1</uncertainty>
    </depth>
    <depthType>from location</depthType>
    <methodID>smi:eu.emsc-csem/origin_method/NA</methodID>
    <quality>
      <usedPhaseCount>20</usedPhaseCount>
      <usedStationCount>10</usedStationCount>
      <standardError>0.58</standardError>
      <azimuthalGap>98</azimuthalGap>
      <minimumDistance>0.23</minimumDistance>
      <maximumDistance>1.36</maximumDistance>
    </quality>
    <evaluationMode>manual</evaluationMode>
    <creationInfo>
      <agencyURI>smi:smi-registry/organization/EMSC</agencyURI>
      <authorURI>smi:smi-registry/organization/EMSC</authorURI>
    </creationInfo>
    <originUncertainty>
      <azimuthMaxHorizontalUncertainty>79</azimuthMaxHorizontalUncertainty>
    </originUncertainty>
  </origin>
  <magnitude publicID="quakeml:eu.emsc/event/20060819_0000058/origin/1193975/mag/2">
    <mag>
      <value>2.1</value>
    </mag>
    <type>ML</type>
    <originID>quakeml:eu.emsc/event/20060819_0000058/origin/1193975</originID>
    <creationInfo>
      <agencyURI>smi:smi-registry/organization/EMSC</agencyURI>
      <authorURI>smi:smi-registry/organization/EMSC</authorURI>
    </creationInfo>
  </magnitude>
</event>
<event publicID="quakeml:eu.emsc/event/20060819_0000051">
  <preferredOriginID>quakeml:eu.emsc/event/20060819_0000051/origin/NH872</preferredOriginID>
  <preferredMagnitudeID>quakeml:eu.emsc/event/20060819_0000051/origin/NH872/mag/1</preferredMagnitudeID>
  <creationInfo>
    <agencyURI>smi:smi-registry/organization/EMSC</agencyURI>
    <authorURI>smi:smi-registry/organization/EMSC</authorURI>
    <creationTime>2014-12-01T15:11:28.83216Z</creationTime>
  </creationInfo>
  <description>
    <text>SOUTHWEST INDIAN RIDGE</text>
    <type>Flinn-Engdahl region</type>
  </description>
  <origin publicID="quakeml:eu.emsc/event/20060819_0000051/origin/NH872">
    <time>
      <value>2006-08-19T16:06:01.2Z</value>
      <uncertainty>0.21</uncertainty>
    </time>
    <latitude>
      <value>-29.0</value>
    </latitude>
    <longitude>
      <value>61.52</value>
    </longitude>
    <depth>
      <value>33000.0</value>
    </depth>
    <depthType>from location</depthType>
    <methodID>smi:eu.emsc-csem/origin_method/NA</methodID>
    <quality>
      <usedPhaseCount>48</usedPhaseCount>
      <usedStationCount>48</usedStationCount>
      <standardError>1.17</standardError>
      <azimuthalGap>85</azimuthalGap>
      <minimumDistance>31.71</minimumDistance>
      <maximumDistance>153.29</maximumDistance>
    </quality>
    <evaluationMode>automatic</evaluationMode>
    <creationInfo>
      <agencyURI>smi:smi-registry/organization/EMSC</agencyURI>
      <authorURI>smi:smi-registry/organization/EMSC</authorURI>
    </creationInfo>
  </origin>
  <magnitude publicID="quakeml:eu.emsc/event/20060819_0000051/origin/NH872/mag/1">
    <mag>
      <value>5.0</value>
      <uncertainty>0.3</uncertainty>
    </mag>
    <type>mb</type>
    <originID>quakeml:eu.emsc/event/20060819_0000051/origin/NH872</originID>
    <creationInfo>
      <agencyURI>smi:smi-registry/organization/EMSC</agencyURI>
      <authorURI>smi:smi-registry/organization/EMSC</authorURI>
    </creationInfo>
  </magnitude>
</event>
<event publicID="quakeml:eu.emsc/event/20060819_0000077">
  <preferredOriginID>quakeml:eu.emsc/event/20060819_0000077/origin/1192216</preferredOriginID>
  <preferredMagnitudeID>quakeml:eu.emsc/event/20060819_0000077/origin/1192216/mag/2</preferredMagnitudeID>
  <creationInfo>
    <agencyURI>smi:smi-registry/organization/EMSC</agencyURI>
    <authorURI>smi:smi-registry/organization/EMSC</authorURI>
    <creationTime>2014-12-11T23:43:01.229672Z</creationTime>
  </creationInfo>
  <description>
    <text>NEAR THE COAST OF YEMEN</text>
    <type>Flinn-Engdahl region</type>
  </description>
  <origin publicID="quakeml:eu.emsc/event/20060819_0000077/origin/1192216">
    <time>
      <value>2006-08-19T16:00:14.7Z</value>
    </time>
    <latitude>
      <value>12.13</value>
      <uncertainty>9999.9</uncertainty>
    </latitude>
    <longitude>
      <value>44.625</value>
      <uncertainty>9999.9</uncertainty>
    </longitude>
    <depth>
      <value>6000</value>
    </depth>
    <depthType>from location</depthType>
    <methodID>smi:eu.emsc-csem/origin_method/NA</methodID>
    <quality>
      <usedPhaseCount>10</usedPhaseCount>
      <usedStationCount>5</usedStationCount>
      <standardError>4.96</standardError>
      <azimuthalGap>307</azimuthalGap>
      <minimumDistance>0.73</minimumDistance>
      <maximumDistance>2.05</maximumDistance>
    </quality>
    <evaluationMode>manual</evaluationMode>
    <creationInfo>
      <agencyURI>smi:smi-registry/organization/EMSC</agencyURI>
      <authorURI>smi:smi-registry/organization/EMSC</authorURI>
    </creationInfo>
    <originUncertainty>
      <azimuthMaxHorizontalUncertainty>-99</azimuthMaxHorizontalUncertainty>
    </originUncertainty>
  </origin>
  <magnitude publicID="quakeml:eu.emsc/event/20060819_0000077/origin/1192216/mag/2">
    <mag>
      <value>3</value>
    </mag>
    <type>ML</type>
    <originID>quakeml:eu.emsc/event/20060819_0000077/origin/1192216</originID>
    <creationInfo>
      <agencyURI>smi:smi-registry/organization/EMSC</agencyURI>
      <authorURI>smi:smi-registry/organization/EMSC</authorURI>
    </creationInfo>
  </magnitude>
</event>
<event publicID="quakeml:eu.emsc/event/20060819_0000050">
  <preferredOriginID>quakeml:eu.emsc/event/20060819_0000050/origin/1193978</preferredOriginID>
  <preferredMagnitudeID>quakeml:eu.emsc/event/20060819_0000050/origin/1193978/mag/2</preferredMagnitudeID>
  <creationInfo>
    <agencyURI>smi:smi-registry/organization/EMSC</agencyURI>
    <authorURI>smi:smi-registry/organization/EMSC</authorURI>
    <creationTime>2014-12-03T13:20:56.845936Z</creationTime>
  </creationInfo>
  <description>
    <text>MOROCCO</text>
    <type>Flinn-Engdahl region</type>
  </description>
  <origin publicID="quakeml:eu.emsc/event/20060819_0000050/origin/1193978">
    <time>
      <value>2006-08-19T15:25:54.8Z</value>
      <uncertainty>0.6</uncertainty>
    </time>
    <latitude>
      <value>32.5083</value>
      <uncertainty>14.8</uncertainty>
    </latitude>
    <longitude>
      <value>-3.4806</value>
      <uncertainty>5.1</uncertainty>
    </longitude>
    <depth>
      <value>15000</value>
    </depth>
    <depthType>from location</depthType>
    <methodID>smi:eu.emsc-csem/origin_method/NA</methodID>
    <quality>
      <usedPhaseCount>27</usedPhaseCount>
      <usedStationCount>17</usedStationCount>
      <standardError>1.01</standardError>
      <azimuthalGap>223</azimuthalGap>
      <minimumDistance>0.88</minimumDistance>
      <maximumDistance>8</maximumDistance>
    </quality>
    <evaluationMode>manual</evaluationMode>
    <creationInfo>
      <agencyURI>smi:smi-registry/organization/EMSC</agencyURI>
      <authorURI>smi:smi-registry/organization/EMSC</authorURI>
    </creationInfo>
    <originUncertainty>
      <azimuthMaxHorizontalUncertainty>129</azimuthMaxHorizontalUncertainty>
    </originUncertainty>
  </origin>
  <magnitude publicID="quakeml:eu.emsc/event/20060819_0000050/origin/1193978/mag/2">
    <mag>
      <value>3.8</value>
    </mag>
    <type>MD</type>
    <originID>quakeml:eu.emsc/event/20060819_0000050/origin/1193978</originID>
    <creationInfo>
      <agencyURI>smi:smi-registry/organization/EMSC</agencyURI>
      <authorURI>smi:smi-registry/organization/EMSC</authorURI>
    </creationInfo>
  </magnitude>
</event>
<event publicID="quakeml:eu.emsc/event/20060819_0000048">
  <preferredOriginID>quakeml:eu.emsc/event/20060819_0000048/origin/1192218</preferredOriginID>
  <preferredMagnitudeID>quakeml:eu.emsc/event/20060819_0000048/origin/1192218/mag/2</preferredMagnitudeID>
  <creationInfo>
    <agencyURI>smi:smi-registry/organization/EMSC</agencyURI>
    <authorURI>smi:smi-registry/organization/EMSC</authorURI>
    <creationTime>2014-12-11T23:43:00.636767Z</creationTime>
  </creationInfo>
  <description>
    <text>GEORGIA (SAK'ART'VELO)</text>
    <type>Flinn-Engdahl region</type>
  </description>
  <origin publicID="quakeml:eu.emsc/event/20060819_0000048/origin/1192218">
    <time>
      <value>2006-08-19T14:51:21.9Z</value>
    </time>
    <latitude>
      <value>41.209</value>
      <uncertainty>9999.9</uncertainty>
    </latitude>
    <longitude>
      <value>43.905</value>
      <uncertainty>9999.9</uncertainty>
    </longitude>
    <depth>
      <value>11000</value>
    </depth>
    <depthType>from location</depthType>
    <methodID>smi:eu.emsc-csem/origin_method/NA</methodID>
    <quality>
      <usedPhaseCount>20</usedPhaseCount>
      <usedStationCount>12</usedStationCount>
      <standardError>2.21</standardError>
      <azimuthalGap>197</azimuthalGap>
      <minimumDistance>0.81</minimumDistance>
      <maximumDistance>2.62</maximumDistance>
    </quality>
    <evaluationMode>manual</evaluationMode>
    <creationInfo>
      <agencyURI>smi:smi-registry/organization/EMSC</agencyURI>
      <authorURI>smi:smi-registry/organization/EMSC</authorURI>
    </creationInfo>
    <originUncertainty>
      <azimuthMaxHorizontalUncertainty>-99</azimuthMaxHorizontalUncertainty>
    </originUncertainty>
  </origin>
  <magnitude publicID="quakeml:eu.emsc/event/20060819_0000048/origin/1192218/mag/2">
    <mag>
      <value>3.9</value>
    </mag>
    <type>mb</type>
    <originID>quakeml:eu.emsc/event/20060819_0000048/origin/1192218</originID>
    <creationInfo>
      <agencyURI>smi:smi-registry/organization/EMSC</agencyURI>
      <authorURI>smi:smi-registry/organization/EMSC</authorURI>
    </creationInfo>
  </magnitude>
</event>
<event publicID="quakeml:eu.emsc/event/20060819_0000078">
  <preferredOriginID>quakeml:eu.emsc/event/20060819_0000078/origin/1192220</preferredOriginID>
  <preferredMagnitudeID>quakeml:eu.emsc/event/20060819_0000078/origin/1192220/mag/2</preferredMagnitudeID>
  <creationInfo>
    <agencyURI>smi:smi-registry/organization/EMSC</agencyURI>
    <authorURI>smi:smi-registry/organization/EMSC</authorURI>
    <creationTime>2014-12-11T23:43:00.147864Z</creationTime>
  </creationInfo>
  <description>
    <text>EASTERN MEDITERRANEAN SEA</text>
    <type>Flinn-Engdahl region</type>
  </description>
  <origin publicID="quakeml:eu.emsc/event/20060819_0000078/origin/1192220">
    <time>
      <value>2006-08-19T14:36:28.7Z</value>
    </time>
    <latitude>
      <value>33.8</value>
      <uncertainty>9999.9</uncertainty>
    </latitude>
    <longitude>
      <value>25.3</value>
      <uncertainty>9999.9</uncertainty>
    </longitude>
    <depth>
      <value>32000</value>
    </depth>
    <depthType>from location</depthType>
    <methodID>smi:eu.emsc-csem/origin_method/NA</methodID>
    <quality>
      <usedPhaseCount>7</usedPhaseCount>
      <usedStationCount>5</usedStationCount>
      <standardError>2.09</standardError>
      <azimuthalGap>275</azimuthalGap>
      <minimumDistance>1.12</minimumDistance>
      <maximumDistance>2.32</maximumDistance>
    </quality>
    <evaluationMode>manual</evaluationMode>
    <creationInfo>
      <agencyURI>smi:smi-registry/organization/EMSC</agencyURI>
      <authorURI>smi:smi-registry/organization/EMSC</authorURI>
    </creationInfo>
    <originUncertainty>
      <azimuthMaxHorizontalUncertainty>-99</azimuthMaxHorizontalUncertainty>
    </originUncertainty>
  </origin>
  <magnitude publicID="quakeml:eu.emsc/event/20060819_0000078/origin/1192220/mag/2">
    <mag>
      <value>3.8</value>
    </mag>
    <type>MD</type>
    <originID>quakeml:eu.emsc/event/20060819_0000078/origin/1192220</originID>
    <creationInfo>
      <agencyURI>smi:smi-registry/organization/EMSC</agencyURI>
      <authorURI>smi:smi-registry/organization/EMSC</authorURI>
    </creationInfo>
  </magnitude>
</event>
<event publicID="quakeml:eu.emsc/event/20060819_0000047">
  <preferredOriginID>quakeml:eu.emsc/event/20060819_0000047/origin/NH911</preferredOriginID>
  <preferredMagnitudeID>quakeml:eu.emsc/event/20060819_0000047/origin/NH911/mag/1</preferredMagnitudeID>
  <creationInfo>
    <agencyURI>smi:smi-registry/organization/EMSC</agencyURI>
    <authorURI>smi:smi-registry/organization/LDG</authorURI>
    <creationTime>2014-12-01T15:44:12.919045Z</creationTime>
  </creationInfo>
  <description>
    <text>NORTH ATLANTIC OCEAN</text>
    <type>Flinn-Engdahl region</type>
  </description>
  <origin publicID="quakeml:eu.emsc/event/20060819_0000047/origin/NH911">
    <time>
      <value>2006-08-19T14:28:04.8Z</value>
      <uncertainty>0.45</uncertainty>
    </time>
    <latitude>
      <value>48.01</value>
    </latitude>
    <longitude>
      <value>-5.47</value>
    </longitude>
    <depth>
      <value>2000.0</value>
    </depth>
    <depthType>from location</depthType>
    <methodID>smi:eu.emsc-csem/origin_method/GEIGER</methodID>
    <quality>
      <usedPhaseCount>28</usedPhaseCount>
      <usedStationCount>16</usedStationCount>
      <standardError>0.53</standardError>
      <azimuthalGap>281</azimuthalGap>
      <minimumDistance>1.51</minimumDistance>
      <maximumDistance>7.12</maximumDistance>
    </quality>
    <evaluationMode>automatic</evaluationMode>
    <creationInfo>
      <agencyURI>smi:smi-registry/organization/EMSC</agencyURI>
      <authorURI>smi:smi-registry/organization/LDG</authorURI>
    </creationInfo>
  </origin>
  <magnitude publicID="quakeml:eu.emsc/event/20060819_0000047/origin/NH911/mag/1">
    <mag>
      <value>3.3</value>
      <uncertainty>0.2</uncertainty>
    </mag>
    <type>ml</type>
    <originID>quakeml:eu.emsc/event/20060819_0000047/origin/NH911</originID>
    <stationCount>12</stationCount>
    <creationInfo>
      <agencyURI>smi:smi-registry/organization/EMSC</agencyURI>
      <authorURI>smi:smi-registry/organization/LDG</authorURI>
    </creationInfo>
  </magnitude>
</event>
<event publicID="quakeml:eu.emsc/event/20060819_0000079">
  <preferredOriginID>quakeml:eu.emsc/event/20060819_0000079/origin/1193980</preferredOriginID>
  <preferredMagnitudeID>quakeml:eu.emsc/event/20060819_0000079/origin/1193980/mag/2</preferredMagnitudeID>
  <creationInfo>
    <agencyURI>smi:smi-registry/organization/EMSC</agencyURI>
    <authorURI>smi:smi-registry/organization/EMSC</authorURI>
    <creationTime>2014-12-03T11:05:12.312337Z</creationTime>
  </creationInfo>
  <description>
    <text>EASTERN TURKEY</text>
    <type>Flinn-Engdahl region</type>
  </description>
  <origin publicID="quakeml:eu.emsc/event/20060819_0000079/origin/1193980">
    <time>
      <value>2006-08-19T13:58:01.2Z</value>
      <uncertainty>0.26</uncertainty>
    </time>
    <latitude>
      <value>39.3972</value>
      <uncertainty>8.2</uncertainty>
    </latitude>
    <longitude>
      <value>39.0621</value>
      <uncertainty>4.7</uncertainty>
    </longitude>
    <depth>
      <value>10000</value>
    </depth>
    <depthType>from location</depthType>
    <methodID>smi:eu.emsc-csem/origin_method/NA</methodID>
    <quality>
      <usedPhaseCount>11</usedPhaseCount>
      <usedStationCount>7</usedStationCount>
      <standardError>0.89</standardError>
      <azimuthalGap>103</azimuthalGap>
      <minimumDistance>0.42</minimumDistance>
      <maximumDistance>1.75</maximumDistance>
    </quality>
    <evaluationMode>manual</evaluationMode>
    <creationInfo>
      <agencyURI>smi:smi-registry/organization/EMSC</agencyURI>
      <authorURI>smi:smi-registry/organization/EMSC</authorURI>
    </creationInfo>
    <originUncertainty>
      <azimuthMaxHorizontalUncertainty>108</azimuthMaxHorizontalUncertainty>
    </originUncertainty>
  </origin>
  <magnitude publicID="quakeml:eu.emsc/event/20060819_0000079/origin/1193980/mag/2">
    <mag>
      <value>2.9</value>
    </mag>
    <type>MD</type>
    <originID>quakeml:eu.emsc/event/20060819_0000079/origin/1193980</originID>
    <creationInfo>
      <agencyURI>smi:smi-registry/organization/EMSC</agencyURI>
      <authorURI>smi:smi-registry/organization/EMSC</authorURI>
    </creationInfo>
  </magnitude>
</event>
<event publicID="quakeml:eu.emsc/event/20060819_0000046">
  <preferredOriginID>quakeml:eu.emsc/event/20060819_0000046/origin/1193984</preferredOriginID>
  <preferredMagnitudeID>quakeml:eu.emsc/event/20060819_0000046/origin/1193984/mag/2</preferredMagnitudeID>
  <creationInfo>
    <agencyURI>smi:smi-registry/organization/EMSC</agencyURI>
    <authorURI>smi:smi-registry/organization/EMSC</authorURI>
    <creationTime>2014-12-03T13:53:44.416775Z</creationTime>
  </creationInfo>
  <description>
    <text>CRETE, GREECE</text>
    <type>Flinn-Engdahl region</type>
  </description>
  <origin publicID="quakeml:eu.emsc/event/20060819_0000046/origin/1193984">
    <time>
      <value>2006-08-19T13:33:29.4Z</value>
      <uncertainty>0.22</uncertainty>
    </time>
    <latitude>
      <value>34.1697</value>
      <uncertainty>6.7</uncertainty>
    </latitude>
    <longitude>
      <value>25.1357</value>
      <uncertainty>4.3</uncertainty>
    </longitude>
    <depth>
      <value>10000</value>
    </depth>
    <depthType>from location</depthType>
    <methodID>smi:eu.emsc-csem/origin_method/NA</methodID>
    <quality>
      <usedPhaseCount>28</usedPhaseCount>
      <usedStationCount>22</usedStationCount>
      <standardError>0.98</standardError>
      <azimuthalGap>131</azimuthalGap>
      <minimumDistance>0.84</minimumDistance>
      <maximumDistance>16.95</maximumDistance>
    </quality>
    <evaluationMode>manual</evaluationMode>
    <creationInfo>
      <agencyURI>smi:smi-registry/organization/EMSC</agencyURI>
      <authorURI>smi:smi-registry/organization/EMSC</authorURI>
    </creationInfo>
    <originUncertainty>
      <azimuthMaxHorizontalUncertainty>75</azimuthMaxHorizontalUncertainty>
    </originUncertainty>
  </origin>
  <magnitude publicID="quakeml:eu.emsc/event/20060819_0000046/origin/1193984/mag/2">
    <mag>
      <value>3.9</value>
    </mag>
    <type>MD</type>
    <originID>quakeml:eu.emsc/event/20060819_0000046/origin/1193984</originID>
    <creationInfo>
      <agencyURI>smi:smi-registry/organization/EMSC</agencyURI>
      <authorURI>smi:smi-registry/organization/EMSC</authorURI>
    </creationInfo>
  </magnitude>
</event>
<event publicID="quakeml:eu.emsc/event/20060819_0000060">
  <preferredOriginID>quakeml:eu.emsc/event/20060819_0000060/origin/1192222</preferredOriginID>
  <preferredMagnitudeID>quakeml:eu.emsc/event/20060819_0000060/origin/1192222/mag/2</preferredMagnitudeID>
  <creationInfo>
    <agencyURI>smi:smi-registry/organization/EMSC</agencyURI>
    <authorURI>smi:smi-registry/organization/EMSC</authorURI>
    <creationTime>2014-12-11T23:42:59.671642Z</creationTime>
  </creationInfo>
  <description>
    <text>WESTERN TURKEY</text>
    <type>Flinn-Engdahl region</type>
  </description>
  <origin publicID="quakeml:eu.emsc/event/20060819_0000060/origin/1192222">
    <time>
      <value>2006-08-19T12:11:29.3Z</value>
    </time>
    <latitude>
      <value>40.169</value>
      <uncertainty>9999.9</uncertainty>
    </latitude>
    <longitude>
      <value>28.757</value>
      <uncertainty>9999.9</uncertainty>
    </longitude>
    <depth>
      <value>28000</value>
    </depth>
    <depthType>from location</depthType>
    <methodID>smi:eu.emsc-csem/origin_method/NA</methodID>
    <quality>
      <usedPhaseCount>6</usedPhaseCount>
      <usedStationCount>4</usedStationCount>
      <standardError>0.95</standardError>
      <azimuthalGap>148</azimuthalGap>
      <minimumDistance>0.16</minimumDistance>
      <maximumDistance>0.62</maximumDistance>
    </quality>
    <evaluationMode>manual</evaluationMode>
    <creationInfo>
      <agencyURI>smi:smi-registry/organization/EMSC</agencyURI>
      <authorURI>smi:smi-registry/organization/EMSC</authorURI>
    </creationInfo>
    <originUncertainty>
      <azimuthMaxHorizontalUncertainty>-99</azimuthMaxHorizontalUncertainty>
    </originUncertainty>
  </origin>
  <magnitude publicID="quakeml:eu.emsc/event/20060819_0000060/origin/1192222/mag/2">
    <mag>
      <value>2.6</value>
    </mag>
    <type>MD</type>
    <originID>quakeml:eu.emsc/event/20060819_0000060/origin/1192222</originID>
    <creationInfo>
      <agencyURI>smi:smi-registry/organization/EMSC</agencyURI>
      <authorURI>smi:smi-registry/organization/EMSC</authorURI>
    </creationInfo>
  </magnitude>
</event>
<event publicID="quakeml:eu.emsc/event/20060819_0000045">
  <preferredOriginID>quakeml:eu.emsc/event/20060819_0000045/origin/NH868</preferredOriginID>
  <preferredMagnitudeID>quakeml:eu.emsc/event/20060819_0000045/origin/NH868/mag/1</preferredMagnitudeID>
  <creationInfo>
    <agencyURI>smi:smi-registry/organization/EMSC</agencyURI>
    <authorURI>smi:smi-registry/organization/EMSC</authorURI>
    <creationTime>2014-12-01T12:49:17.992966Z</creationTime>
  </creationInfo>
  <description>
    <text>VANUATU REGION</text>
    <type>Flinn-Engdahl region</type>
  </description>
  <origin publicID="quakeml:eu.emsc/event/20060819_0000045/origin/NH868">
    <time>
      <value>2006-08-19T11:59:21.4Z</value>
      <uncertainty>0.16</uncertainty>
    </time>
    <latitude>
      <value>-19.85</value>
    </latitude>
    <longitude>
      <value>167.87</value>
    </longitude>
    <depth>
      <value>33000.0</value>
    </depth>
    <depthType>from location</depthType>
    <methodID>smi:eu.emsc-csem/origin_method/NA</methodID>
    <quality>
      <usedPhaseCount>33</usedPhaseCount>
      <usedStationCount>33</usedStationCount>
      <standardError>1.15</standardError>
      <azimuthalGap>123</azimuthalGap>
      <minimumDistance>20.32</minimumDistance>
      <maximumDistance>150.42</maximumDistance>
    </quality>
    <evaluationMode>automatic</evaluationMode>
    <creationInfo>
      <agencyURI>smi:smi-registry/organization/EMSC</agencyURI>
      <authorURI>smi:smi-registry/organization/EMSC</authorURI>
    </creationInfo>
  </origin>
  <magnitude publicID="quakeml:eu.emsc/event/20060819_0000045/origin/NH868/mag/1">
    <mag>
      <value>5.0</value>
      <uncertainty>0.2</uncertainty>
    </mag>
    <type>mb</type>
    <originID>quakeml:eu.emsc/event/20060819_0000045/origin/NH868</originID>
    <creationInfo>
      <agencyURI>smi:smi-registry/organization/EMSC</agencyURI>
      <authorURI>smi:smi-registry/organization/EMSC</authorURI>
    </creationInfo>
  </magnitude>
</event>
<event publicID="quakeml:eu.emsc/event/20060819_0000065">
  <preferredOriginID>quakeml:eu.emsc/event/20060819_0000065/origin/1192224</preferredOriginID>
  <preferredMagnitudeID>quakeml:eu.emsc/event/20060819_0000065/origin/1192224/mag/2</preferredMagnitudeID>
  <creationInfo>
    <agencyURI>smi:smi-registry/organization/EMSC</agencyURI>
    <authorURI>smi:smi-registry/organization/EMSC</authorURI>
    <creationTime>2014-12-11T23:42:58.45504Z</creationTime>
  </creationInfo>
  <description>
    <text>NORTHERN IRAN</text>
    <type>Flinn-Engdahl region</type>
  </description>
  <origin publicID="quakeml:eu.emsc/event/20060819_0000065/origin/1192224">
    <time>
      <value>2006-08-19T11:56:00.5Z</value>
    </time>
    <latitude>
      <value>35.908</value>
      <uncertainty>9999.9</uncertainty>
    </latitude>
    <longitude>
      <value>53.463</value>
      <uncertainty>9999.9</uncertainty>
    </longitude>
    <depth>
      <value>14100.0</value>
    </depth>
    <depthType>from location</depthType>
    <methodID>smi:eu.emsc-csem/origin_method/NA</methodID>
    <quality>
      <usedPhaseCount>6</usedPhaseCount>
      <usedStationCount>5</usedStationCount>
      <standardError>1.89</standardError>
      <azimuthalGap>195</azimuthalGap>
      <minimumDistance>1.24</minimumDistance>
      <maximumDistance>3.12</maximumDistance>
    </quality>
    <evaluationMode>manual</evaluationMode>
    <creationInfo>
      <agencyURI>smi:smi-registry/organization/EMSC</agencyURI>
      <authorURI>smi:smi-registry/organization/EMSC</authorURI>
    </creationInfo>
    <originUncertainty>
      <azimuthMaxHorizontalUncertainty>-99</azimuthMaxHorizontalUncertainty>
    </originUncertainty>
  </origin>
  <magnitude publicID="quakeml:eu.emsc/event/20060819_0000065/origin/1192224/mag/2">
    <mag>
      <value>2.9</value>
    </mag>
    <type>ML</type>
    <originID>quakeml:eu.emsc/event/20060819_0000065/origin/1192224</originID>
    <creationInfo>
      <agencyURI>smi:smi-registry/organization/EMSC</agencyURI>
      <authorURI>smi:smi-registry/organization/EMSC</authorURI>
    </creationInfo>
  </magnitude>
</event>
<event publicID="quakeml:eu.emsc/event/20060819_0000043">
  <preferredOriginID>quakeml:eu.emsc/event/20060819_0000043/origin/NH950</preferredOriginID>
  <preferredMagnitudeID>quakeml:eu.emsc/event/20060819_0000043/origin/NH950/mag/1</preferredMagnitudeID>
  <creationInfo>
    <agencyURI>smi:smi-registry/organization/EMSC</agencyURI>
    <authorURI>smi:smi-registry/organization/EMSC</authorURI>
    <creationTime>2014-12-01T13:40:41.483024Z</creationTime>
  </creationInfo>
  <description>
    <text>SOUTH OF FIJI ISLANDS</text>
    <type>Flinn-Engdahl region</type>
  </description>
  <origin publicID="quakeml:eu.emsc/event/20060819_0000043/origin/NH950">
    <time>
      <value>2006-08-19T10:28:02.9Z</value>
      <uncertainty>0.11</uncertainty>
    </time>
    <latitude>
      <value>-25.41</value>
    </latitude>
    <longitude>
      <value>-176.83</value>
    </longitude>
    <depth>
      <value>30000.0</value>
    </depth>
    <depthType>from location</depthType>
    <methodID>smi:eu.emsc-csem/origin_method/NA</methodID>
    <quality>
      <usedPhaseCount>68</usedPhaseCount>
      <usedStationCount>68</usedStationCount>
      <standardError>0.72</standardError>
      <azimuthalGap>66</azimuthalGap>
      <minimumDistance>3.95</minimumDistance>
      <maximumDistance>99.18</maximumDistance>
    </quality>
    <evaluationMode>automatic</evaluationMode>
    <creationInfo>
      <agencyURI>smi:smi-registry/organization/EMSC</agencyURI>
      <authorURI>smi:smi-registry/organization/EMSC</authorURI>
    </creationInfo>
  </origin>
  <magnitude publicID="quakeml:eu.emsc/event/20060819_0000043/origin/NH950/mag/1">
    <mag>
      <value>5.4</value>
      <uncertainty>0.3</uncertainty>
    </mag>
    <type>mb</type>
    <originID>quakeml:eu.emsc/event/20060819_0000043/origin/NH950</originID>
    <creationInfo>
      <agencyURI>smi:smi-registry/organization/EMSC</agencyURI>
      <authorURI>smi:smi-registry/organization/EMSC</authorURI>
    </creationInfo>
  </magnitude>
</event>
<event publicID="quakeml:eu.emsc/event/20060819_0000059">
  <preferredOriginID>quakeml:eu.emsc/event/20060819_0000059/origin/1193989</preferredOriginID>
  <preferredMagnitudeID>quakeml:eu.emsc/event/20060819_0000059/origin/1193989/mag/2</preferredMagnitudeID>
  <creationInfo>
    <agencyURI>smi:smi-registry/organization/EMSC</agencyURI>
    <authorURI>smi:smi-registry/organization/EMSC</authorURI>
    <creationTime>2014-12-03T11:47:17.746885Z</creationTime>
  </creationInfo>
  <description>
    <text>WESTERN TURKEY</text>
    <type>Flinn-Engdahl region</type>
  </description>
  <origin publicID="quakeml:eu.emsc/event/20060819_0000059/origin/1193989">
    <time>
      <value>2006-08-19T10:21:29.2Z</value>
      <uncertainty>0.29</uncertainty>
    </time>
    <latitude>
      <value>39.9632</value>
      <uncertainty>8.2</uncertainty>
    </latitude>
    <longitude>
      <value>28.8812</value>
      <uncertainty>6</uncertainty>
    </longitude>
    <depth>
      <value>5000</value>
    </depth>
    <depthType>from location</depthType>
    <methodID>smi:eu.emsc-csem/origin_method/NA</methodID>
    <quality>
      <usedPhaseCount>11</usedPhaseCount>
      <usedStationCount>9</usedStationCount>
      <standardError>0.75</standardError>
      <azimuthalGap>103</azimuthalGap>
      <minimumDistance>0.08</minimumDistance>
      <maximumDistance>1.58</maximumDistance>
    </quality>
    <evaluationMode>manual</evaluationMode>
    <creationInfo>
      <agencyURI>smi:smi-registry/organization/EMSC</agencyURI>
      <authorURI>smi:smi-registry/organization/EMSC</authorURI>
    </creationInfo>
    <originUncertainty>
      <azimuthMaxHorizontalUncertainty>122</azimuthMaxHorizontalUncertainty>
    </originUncertainty>
  </origin>
  <magnitude publicID="quakeml:eu.emsc/event/20060819_0000059/origin/1193989/mag/2">
    <mag>
      <value>2.5</value>
    </mag>
    <type>MD</type>
    <originID>quakeml:eu.emsc/event/20060819_0000059/origin/1193989</originID>
    <creationInfo>
      <agencyURI>smi:smi-registry/organization/EMSC</agencyURI>
      <authorURI>smi:smi-registry/organization/EMSC</authorURI>
    </creationInfo>
  </magnitude>
</event>
<event publicID="quakeml:eu.emsc/event/20060819_0000066">
  <preferredOriginID>quakeml:eu.emsc/event/20060819_0000066/origin/1192226</preferredOriginID>
  <preferredMagnitudeID>quakeml:eu.emsc/event/20060819_0000066/origin/1192226/mag/2</preferredMagnitudeID>
  <creationInfo>
    <agencyURI>smi:smi-registry/organization/EMSC</agencyURI>
    <authorURI>smi:smi-registry/organization/EMSC</authorURI>
    <creationTime>2014-12-11T23:42:57.992409Z</creationTime>
  </creationInfo>
  <description>
    <text>SOUTHERN GREECE</text>
    <type>Flinn-Engdahl region</type>
  </description>
  <origin publicID="quakeml:eu.emsc/event/20060819_0000066/origin/1192226">
    <time>
      <value>2006-08-19T08:44:46.6Z</value>
    </time>
    <latitude>
      <value>36.74</value>
      <uncertainty>9999.9</uncertainty>
    </latitude>
    <longitude>
      <value>21.62</value>
      <uncertainty>9999.9</uncertainty>
    </longitude>
    <depth>
      <value>20000</value>
    </depth>
    <depthType>from location</depthType>
    <methodID>smi:eu.emsc-csem/origin_method/NA</methodID>
    <quality>
      <usedPhaseCount>7</usedPhaseCount>
      <usedStationCount>5</usedStationCount>
      <standardError>1.47</standardError>
      <azimuthalGap>219</azimuthalGap>
      <minimumDistance>0.5</minimumDistance>
      <maximumDistance>1.65</maximumDistance>
    </quality>
    <evaluationMode>manual</evaluationMode>
    <creationInfo>
      <agencyURI>smi:smi-registry/organization/EMSC</agencyURI>
      <authorURI>smi:smi-registry/organization/EMSC</authorURI>
    </creationInfo>
    <originUncertainty>
      <azimuthMaxHorizontalUncertainty>-99</azimuthMaxHorizontalUncertainty>
    </originUncertainty>
  </origin>
  <magnitude publicID="quakeml:eu.emsc/event/20060819_0000066/origin/1192226/mag/2">
    <mag>
      <value>3.2</value>
    </mag>
    <type>MD</type>
    <originID>quakeml:eu.emsc/event/20060819_0000066/origin/1192226</originID>
    <creationInfo>
      <agencyURI>smi:smi-registry/organization/EMSC</agencyURI>
      <authorURI>smi:smi-registry/organization/EMSC</authorURI>
    </creationInfo>
  </magnitude>
</event>
<event publicID="quakeml:eu.emsc/event/20060819_0000041">
  <preferredOriginID>quakeml:eu.emsc/event/20060819_0000041/origin/1192228</preferredOriginID>
  <preferredMagnitudeID>quakeml:eu.emsc/event/20060819_0000041/origin/1192228/mag/2</preferredMagnitudeID>
  <creationInfo>
    <agencyURI>smi:smi-registry/organization/EMSC</agencyURI>
    <authorURI>smi:smi-registry/organization/EMSC</authorURI>
    <creationTime>2014-12-11T23:42:57.434794Z</creationTime>
  </creationInfo>
  <description>
    <text>CENTRAL ITALY</text>
    <type>Flinn-Engdahl region</type>
  </description>
  <origin publicID="quakeml:eu.emsc/event/20060819_0000041/origin/1192228">
    <time>
      <value>2006-08-19T07:33:30.2Z</value>
    </time>
    <latitude>
      <value>42.448</value>
      <uncertainty>9999.9</uncertainty>
    </latitude>
    <longitude>
      <value>13.244</value>
      <uncertainty>9999.9</uncertainty>
    </longitude>
    <depth>
      <value>10300.0</value>
    </depth>
    <depthType>from location</depthType>
    <methodID>smi:eu.emsc-csem/origin_method/NA</methodID>
    <quality>
      <usedPhaseCount>22</usedPhaseCount>
      <usedStationCount>17</usedStationCount>
      <standardError>0.82</standardError>
      <azimuthalGap>83</azimuthalGap>
      <minimumDistance>0.15</minimumDistance>
      <maximumDistance>1.29</maximumDistance>
    </quality>
    <evaluationMode>manual</evaluationMode>
    <creationInfo>
      <agencyURI>smi:smi-registry/organization/EMSC</agencyURI>
      <authorURI>smi:smi-registry/organization/EMSC</authorURI>
    </creationInfo>
    <originUncertainty>
      <azimuthMaxHorizontalUncertainty>-99</azimuthMaxHorizontalUncertainty>
    </originUncertainty>
  </origin>
  <magnitude publicID="quakeml:eu.emsc/event/20060819_0000041/origin/1192228/mag/2">
    <mag>
      <value>2.8</value>
      <uncertainty>0.1</uncertainty>
    </mag>
    <type>MD</type>
    <originID>quakeml:eu.emsc/event/20060819_0000041/origin/1192228</originID>
    <stationCount>15</stationCount>
    <creationInfo>
      <agencyURI>smi:smi-registry/organization/EMSC</agencyURI>
      <authorURI>smi:smi-registry/organization/EMSC</authorURI>
    </creationInfo>
  </magnitude>
</event>
<event publicID="quakeml:eu.emsc/event/20060819_0000061">
  <preferredOriginID>quakeml:eu.emsc/event/20060819_0000061/origin/1193991</preferredOriginID>
  <preferredMagnitudeID>quakeml:eu.emsc/event/20060819_0000061/origin/1193991/mag/2</preferredMagnitudeID>
  <creationInfo>
    <agencyURI>smi:smi-registry/organization/EMSC</agencyURI>
    <authorURI>smi:smi-registry/organization/EMSC</authorURI>
    <creationTime>2014-12-03T11:48:07.220366Z</creationTime>
  </creationInfo>
  <description>
    <text>WESTERN TURKEY</text>
    <type>Flinn-Engdahl region</type>
  </description>
  <origin publicID="quakeml:eu.emsc/event/20060819_0000061/origin/1193991">
    <time>
      <value>2006-08-19T06:51:02.2Z</value>
      <uncertainty>0.19</uncertainty>
    </time>
    <latitude>
      <value>39.939</value>
      <uncertainty>5.1</uncertainty>
    </latitude>
    <longitude>
      <value>28.7719</value>
      <uncertainty>3.9</uncertainty>
    </longitude>
    <depth>
      <value>10000</value>
    </depth>
    <depthType>from location</depthType>
    <methodID>smi:eu.emsc-csem/origin_method/NA</methodID>
    <quality>
      <usedPhaseCount>15</usedPhaseCount>
      <usedStationCount>11</usedStationCount>
      <standardError>0.91</standardError>
      <azimuthalGap>101</azimuthalGap>
      <minimumDistance>0.14</minimumDistance>
      <maximumDistance>1.66</maximumDistance>
    </quality>
    <evaluationMode>manual</evaluationMode>
    <creationInfo>
      <agencyURI>smi:smi-registry/organization/EMSC</agencyURI>
      <authorURI>smi:smi-registry/organization/EMSC</authorURI>
    </creationInfo>
    <originUncertainty>
      <azimuthMaxHorizontalUncertainty>172</azimuthMaxHorizontalUncertainty>
    </originUncertainty>
  </origin>
  <magnitude publicID="quakeml:eu.emsc/event/20060819_0000061/origin/1193991/mag/2">
    <mag>
      <value>2.7</value>
    </mag>
    <type>MD</type>
    <originID>quakeml:eu.emsc/event/20060819_0000061/origin/1193991</originID>
    <creationInfo>
      <agencyURI>smi:smi-registry/organization/EMSC</agencyURI>
      <authorURI>smi:smi-registry/organization/EMSC</authorURI>
    </creationInfo>
  </magnitude>
</event>
<event publicID="quakeml:eu.emsc/event/20060819_0000039">
  <preferredOriginID>quakeml:eu.emsc/event/20060819_0000039/origin/NH975</preferredOriginID>
  <preferredMagnitudeID>quakeml:eu.emsc/event/20060819_0000039/origin/NH975/mag/1</preferredMagnitudeID>
  <creationInfo>
    <agencyURI>smi:smi-registry/organization/EMSC</agencyURI>
    <authorURI>smi:smi-registry/organization/EMSC</authorURI>
    <creationTime>2014-12-01T12:36:07.230107Z</creationTime>
  </creationInfo>
  <description>
    <text>FIJI REGION</text>
    <type>Flinn-Engdahl region</type>
  </description>
  <origin publicID="quakeml:eu.emsc/event/20060819_0000039/origin/NH975">
    <time>
      <value>2006-08-19T06:43:16.9Z</value>
      <uncertainty>0.50</uncertainty>
    </time>
    <latitude>
      <value>-19.27</value>
    </latitude>
    <longitude>
      <value>-177.82</value>
    </longitude>
    <depth>
      <value>500000.0</value>
    </depth>
    <depthType>from location</depthType>
    <methodID>smi:eu.emsc-csem/origin_method/NA</methodID>
    <quality>
      <usedPhaseCount>24</usedPhaseCount>
      <usedStationCount>24</usedStationCount>
      <standardError>2.58</standardError>
      <azimuthalGap>102</azimuthalGap>
      <minimumDistance>35.25</minimumDistance>
      <maximumDistance>151.03</maximumDistance>
    </quality>
    <evaluationMode>automatic</evaluationMode>
    <creationInfo>
      <agencyURI>smi:smi-registry/organization/EMSC</agencyURI>
      <authorURI>smi:smi-registry/organization/EMSC</authorURI>
    </creationInfo>
  </origin>
  <magnitude publicID="quakeml:eu.emsc/event/20060819_0000039/origin/NH975/mag/1">
    <mag>
      <value>4.8</value>
      <uncertainty>0.7</uncertainty>
    </mag>
    <type>mb</type>
    <originID>quakeml:eu.emsc/event/20060819_0000039/origin/NH975</originID>
    <creationInfo>
      <agencyURI>smi:smi-registry/organization/EMSC</agencyURI>
      <authorURI>smi:smi-registry/organization/EMSC</authorURI>
    </creationInfo>
  </magnitude>
</event>
<event publicID="quakeml:eu.emsc/event/20060819_0000038">
  <preferredOriginID>quakeml:eu.emsc/event/20060819_0000038/origin/NH976</preferredOriginID>
  <preferredMagnitudeID>quakeml:eu.emsc/event/20060819_0000038/origin/NH976/mag/1</preferredMagnitudeID>
  <creationInfo>
    <agencyURI>smi:smi-registry/organization/EMSC</agencyURI>
    <authorURI>smi:smi-registry/organization/EMSC</authorURI>
    <creationTime>2014-12-01T15:11:28.282599Z</creationTime>
  </creationInfo>
  <description>
    <text>HINDU KUSH REGION, AFGHANISTAN</text>
    <type>Flinn-Engdahl region</type>
  </description>
  <origin publicID="quakeml:eu.emsc/event/20060819_0000038/origin/NH976">
    <time>
      <value>2006-08-19T06:03:24.9Z</value>
      <uncertainty>1.54</uncertainty>
    </time>
    <latitude>
      <value>36.9</value>
    </latitude>
    <longitude>
      <value>71.21</value>
    </longitude>
    <depth>
      <value>190000.0</value>
      <uncertainty>13.7</uncertainty>
    </depth>
    <depthType>from location</depthType>
    <methodID>smi:eu.emsc-csem/origin_method/NA</methodID>
    <quality>
      <usedPhaseCount>26</usedPhaseCount>
      <usedStationCount>25</usedStationCount>
      <standardError>1.53</standardError>
      <azimuthalGap>164</azimuthalGap>
      <minimumDistance>6.22</minimumDistance>
      <maximumDistance>82.06</maximumDistance>
    </quality>
    <evaluationMode>automatic</evaluationMode>
    <creationInfo>
      <agencyURI>smi:smi-registry/organization/EMSC</agencyURI>
      <authorURI>smi:smi-registry/organization/EMSC</authorURI>
    </creationInfo>
  </origin>
  <magnitude publicID="quakeml:eu.emsc/event/20060819_0000038/origin/NH976/mag/1">
    <mag>
      <value>4.4</value>
      <uncertainty>0.3</uncertainty>
    </mag>
    <type>mb</type>
    <originID>quakeml:eu.emsc/event/20060819_0000038/origin/NH976</originID>
    <creationInfo>
      <agencyURI>smi:smi-registry/organization/EMSC</agencyURI>
      <authorURI>smi:smi-registry/organization/EMSC</authorURI>
    </creationInfo>
  </magnitude>
</event>
<event publicID="quakeml:eu.emsc/event/20060819_0000037">
  <preferredOriginID>quakeml:eu.emsc/event/20060819_0000037/origin/NG001</preferredOriginID>
  <preferredMagnitudeID>quakeml:eu.emsc/event/20060819_0000037/origin/NG001/mag/1</preferredMagnitudeID>
  <creationInfo>
    <agencyURI>smi:smi-registry/organization/EMSC</agencyURI>
    <authorURI>smi:smi-registry/organization/NNC</authorURI>
    <creationTime>2014-12-01T12:23:32.83831Z</creationTime>
  </creationInfo>
  <description>
    <text>NORTHERN XINJIANG, CHINA</text>
    <type>Flinn-Engdahl region</type>
  </description>
  <origin publicID="quakeml:eu.emsc/event/20060819_0000037/origin/NG001">
    <time>
      <value>2006-08-19T05:59:56.0Z</value>
    </time>
    <latitude>
      <value>43.52</value>
    </latitude>
    <longitude>
      <value>86.52</value>
    </longitude>
    <depth>
      <value>1000.0</value>
    </depth>
    <depthType>from location</depthType>
    <methodID>smi:eu.emsc-csem/origin_method/GEIGER</methodID>
    <quality>
      <usedPhaseCount>2</usedPhaseCount>
      <usedStationCount>1</usedStationCount>
      <azimuthalGap>360</azimuthalGap>
      <minimumDistance>11.66</minimumDistance>
      <maximumDistance>11.66</maximumDistance>
    </quality>
    <evaluationMode>automatic</evaluationMode>
    <creationInfo>
      <agencyURI>smi:smi-registry/organization/EMSC</agencyURI>
      <authorURI>smi:smi-registry/organization/NNC</authorURI>
    </creationInfo>
  </origin>
  <magnitude publicID="quakeml:eu.emsc/event/20060819_0000037/origin/NG001/mag/1">
    <mag>
      <value>5.7</value>
    </mag>
    <type>ml</type>
    <originID>quakeml:eu.emsc/event/20060819_0000037/origin/NG001</originID>
    <creationInfo>
      <agencyURI>smi:smi-registry/organization/EMSC</agencyURI>
      <authorURI>smi:smi-registry/organization/NNC</authorURI>
    </creationInfo>
  </magnitude>
</event>
<event publicID="quakeml:eu.emsc/event/20060819_0000073">
  <preferredOriginID>quakeml:eu.emsc/event/20060819_0000073/origin/1193105</preferredOriginID>
  <preferredMagnitudeID>quakeml:eu.emsc/event/20060819_0000073/origin/1193105/mag/1</preferredMagnitudeID>
  <creationInfo>
    <agencyURI>smi:smi-registry/organization/EMSC</agencyURI>
    <authorURI>smi:smi-registry/organization/EMSC</authorURI>
    <creationTime>2014-12-03T10:27:09.952865Z</creationTime>
  </creationInfo>
  <description>
    <text>FRANCE</text>
    <type>Flinn-Engdahl region</type>
  </description>
  <origin publicID="quakeml:eu.emsc/event/20060819_0000073/origin/1193105">
    <time>
      <value>2006-08-19T05:57:08.9Z</value>
      <uncertainty>0.25</uncertainty>
    </time>
    <latitude>
      <value>44.2401</value>
      <uncertainty>5.3</uncertainty>
    </latitude>
    <longitude>
      <value>6.7168</value>
      <uncertainty>4.1</uncertainty>
    </longitude>
    <depth>
      <value>15000</value>
    </depth>
    <depthType>from location</depthType>
    <methodID>smi:eu.emsc-csem/origin_method/NA</methodID>
    <quality>
      <usedPhaseCount>20</usedPhaseCount>
      <usedStationCount>11</usedStationCount>
      <standardError>0.98</standardError>
      <azimuthalGap>66</azimuthalGap>
      <minimumDistance>0.38</minimumDistance>
      <maximumDistance>0.92</maximumDistance>
    </quality>
    <evaluationMode>manual</evaluationMode>
    <creationInfo>
      <agencyURI>smi:smi-registry/organization/EMSC</agencyURI>
      <authorURI>smi:smi-registry/organization/EMSC</authorURI>
    </creationInfo>
    <originUncertainty>
      <azimuthMaxHorizontalUncertainty>87</azimuthMaxHorizontalUncertainty>
    </originUncertainty>
  </origin>
  <magnitude publicID="quakeml:eu.emsc/event/20060819_0000073/origin/1193105/mag/1">
    <mag>
      <value>1.3</value>
      <uncertainty>0.4</uncertainty>
    </mag>
    <type>ML</type>
    <originID>quakeml:eu.emsc/event/20060819_0000073/origin/1193105</originID>
    <stationCount>4</stationCount>
    <creationInfo>
      <agencyURI>smi:smi-registry/organization/EMSC</agencyURI>
      <authorURI>smi:smi-registry/organization/EMSC</authorURI>
    </creationInfo>
  </magnitude>
</event>
<event publicID="quakeml:eu.emsc/event/20060819_0000036">
  <preferredOriginID>quakeml:eu.emsc/event/20060819_0000036/origin/NK184</preferredOriginID>
  <preferredMagnitudeID>quakeml:eu.emsc/event/20060819_0000036/origin/NK184/mag/1</preferredMagnitudeID>
  <creationInfo>
    <agencyURI>smi:smi-registry/organization/EMSC</agencyURI>
    <authorURI>smi:smi-registry/organization/EMSC</authorURI>
    <creationTime>2014-12-01T14:19:27.827516Z</creationTime>
  </creationInfo>
  <description>
    <text>OAXACA, MEXICO</text>
    <type>Flinn-Engdahl region</type>
  </description>
  <origin publicID="quakeml:eu.emsc/event/20060819_0000036/origin/NK184">
    <time>
      <value>2006-08-19T05:41:27.4Z</value>
      <uncertainty>0.19</uncertainty>
    </time>
    <latitude>
      <value>16.34</value>
    </latitude>
    <longitude>
      <value>-97.24</value>
    </longitude>
    <depth>
      <value>30000.0</value>
    </depth>
    <depthType>from location</depthType>
    <methodID>smi:eu.emsc-csem/origin_method/NA</methodID>
    <quality>
      <usedPhaseCount>152</usedPhaseCount>
      <usedStationCount>152</usedStationCount>
      <standardError>0.96</standardError>
      <azimuthalGap>160</azimuthalGap>
      <minimumDistance>9.35</minimumDistance>
      <maximumDistance>98.80</maximumDistance>
    </quality>
    <evaluationMode>automatic</evaluationMode>
    <creationInfo>
      <agencyURI>smi:smi-registry/organization/EMSC</agencyURI>
      <authorURI>smi:smi-registry/organization/EMSC</authorURI>
    </creationInfo>
  </origin>
  <magnitude publicID="quakeml:eu.emsc/event/20060819_0000036/origin/NK184/mag/1">
    <mag>
      <value>5.6</value>
      <uncertainty>0.2</uncertainty>
    </mag>
    <type>mw</type>
    <originID>quakeml:eu.emsc/event/20060819_0000036/origin/NK184</originID>
    <creationInfo>
      <agencyURI>smi:smi-registry/organization/EMSC</agencyURI>
      <authorURI>smi:smi-registry/organization/EMSC</authorURI>
    </creationInfo>
  </magnitude>
</event>
<event publicID="quakeml:eu.emsc/event/20060819_0000067">
  <preferredOriginID>quakeml:eu.emsc/event/20060819_0000067/origin/1193993</preferredOriginID>
  <preferredMagnitudeID>quakeml:eu.emsc/event/20060819_0000067/origin/1193993/mag/2</preferredMagnitudeID>
  <creationInfo>
    <agencyURI>smi:smi-registry/organization/EMSC</agencyURI>
    <authorURI>smi:smi-registry/organization/EMSC</authorURI>
    <creationTime>2014-12-03T10:36:01.527572Z</creationTime>
  </creationInfo>
  <description>
    <text>DODECANESE ISLANDS, GREECE</text>
    <type>Flinn-Engdahl region</type>
  </description>
  <origin publicID="quakeml:eu.emsc/event/20060819_0000067/origin/1193993">
    <time>
      <value>2006-08-19T05:35:29.9Z</value>
      <uncertainty>0.25</uncertainty>
    </time>
    <latitude>
      <value>37.9099</value>
      <uncertainty>8.7</uncertainty>
    </latitude>
    <longitude>
      <value>26.9141</value>
      <uncertainty>3.8</uncertainty>
    </longitude>
    <depth>
      <value>30000</value>
    </depth>
    <depthType>from location</depthType>
    <methodID>smi:eu.emsc-csem/origin_method/NA</methodID>
    <quality>
      <usedPhaseCount>14</usedPhaseCount>
      <usedStationCount>8</usedStationCount>
      <standardError>0.64</standardError>
      <azimuthalGap>171</azimuthalGap>
      <minimumDistance>0.49</minimumDistance>
      <maximumDistance>1.29</maximumDistance>
    </quality>
    <evaluationMode>manual</evaluationMode>
    <creationInfo>
      <agencyURI>smi:smi-registry/organization/EMSC</agencyURI>
      <authorURI>smi:smi-registry/organization/EMSC</authorURI>
    </creationInfo>
    <originUncertainty>
      <azimuthMaxHorizontalUncertainty>77</azimuthMaxHorizontalUncertainty>
    </originUncertainty>
  </origin>
  <magnitude publicID="quakeml:eu.emsc/event/20060819_0000067/origin/1193993/mag/2">
    <mag>
      <value>2.8</value>
    </mag>
    <type>MD</type>
    <originID>quakeml:eu.emsc/event/20060819_0000067/origin/1193993</originID>
    <creationInfo>
      <agencyURI>smi:smi-registry/organization/EMSC</agencyURI>
      <authorURI>smi:smi-registry/organization/EMSC</authorURI>
    </creationInfo>
  </magnitude>
</event>
<event publicID="quakeml:eu.emsc/event/20060819_0000069">
  <preferredOriginID>quakeml:eu.emsc/event/20060819_0000069/origin/1193995</preferredOriginID>
  <preferredMagnitudeID>quakeml:eu.emsc/event/20060819_0000069/origin/1193995/mag/2</preferredMagnitudeID>
  <creationInfo>
    <agencyURI>smi:smi-registry/organization/EMSC</agencyURI>
    <authorURI>smi:smi-registry/organization/EMSC</authorURI>
    <creationTime>2014-12-03T12:17:48.100447Z</creationTime>
  </creationInfo>
  <description>
    <text>WESTERN TURKEY</text>
    <type>Flinn-Engdahl region</type>
  </description>
  <origin publicID="quakeml:eu.emsc/event/20060819_0000069/origin/1193995">
    <time>
      <value>2006-08-19T05:31:29.0Z</value>
      <uncertainty>0.27</uncertainty>
    </time>
    <latitude>
      <value>39.9016</value>
      <uncertainty>8.1</uncertainty>
    </latitude>
    <longitude>
      <value>28.8612</value>
      <uncertainty>5.6</uncertainty>
    </longitude>
    <depth>
      <value>5000</value>
    </depth>
    <depthType>from location</depthType>
    <methodID>smi:eu.emsc-csem/origin_method/NA</methodID>
    <quality>
      <usedPhaseCount>11</usedPhaseCount>
      <usedStationCount>8</usedStationCount>
      <standardError>0.91</standardError>
      <azimuthalGap>108</azimuthalGap>
      <minimumDistance>0.15</minimumDistance>
      <maximumDistance>1.58</maximumDistance>
    </quality>
    <evaluationMode>manual</evaluationMode>
    <creationInfo>
      <agencyURI>smi:smi-registry/organization/EMSC</agencyURI>
      <authorURI>smi:smi-registry/organization/EMSC</authorURI>
    </creationInfo>
    <originUncertainty>
      <azimuthMaxHorizontalUncertainty>127</azimuthMaxHorizontalUncertainty>
    </originUncertainty>
  </origin>
  <magnitude publicID="quakeml:eu.emsc/event/20060819_0000069/origin/1193995/mag/2">
    <mag>
      <value>2.7</value>
    </mag>
    <type>MD</type>
    <originID>quakeml:eu.emsc/event/20060819_0000069/origin/1193995</originID>
    <creationInfo>
      <agencyURI>smi:smi-registry/organization/EMSC</agencyURI>
      <authorURI>smi:smi-registry/organization/EMSC</authorURI>
    </creationInfo>
  </magnitude>
</event>
<event publicID="quakeml:eu.emsc/event/20060819_0000064">
  <preferredOriginID>quakeml:eu.emsc/event/20060819_0000064/origin/1193998</preferredOriginID>
  <preferredMagnitudeID>quakeml:eu.emsc/event/20060819_0000064/origin/1193998/mag/2</preferredMagnitudeID>
  <creationInfo>
    <agencyURI>smi:smi-registry/organization/EMSC</agencyURI>
    <authorURI>smi:smi-registry/organization/EMSC</authorURI>
    <creationTime>2014-12-03T10:54:53.161962Z</creationTime>
  </creationInfo>
  <description>
    <text>NEAR THE COAST OF WESTERN TURKEY</text>
    <type>Flinn-Engdahl region</type>
  </description>
  <origin publicID="quakeml:eu.emsc/event/20060819_0000064/origin/1193998">
    <time>
      <value>2006-08-19T05:04:23.0Z</value>
      <uncertainty>0.54</uncertainty>
    </time>
    <latitude>
      <value>38.0277</value>
      <uncertainty>15.1</uncertainty>
    </latitude>
    <longitude>
      <value>26.5469</value>
      <uncertainty>9.5</uncertainty>
    </longitude>
    <depth>
      <value>2000</value>
    </depth>
    <depthType>from location</depthType>
    <methodID>smi:eu.emsc-csem/origin_method/NA</methodID>
    <quality>
      <usedPhaseCount>9</usedPhaseCount>
      <usedStationCount>8</usedStationCount>
      <standardError>0.85</standardError>
      <azimuthalGap>163</azimuthalGap>
      <minimumDistance>0.33</minimumDistance>
      <maximumDistance>1.31</maximumDistance>
    </quality>
    <evaluationMode>manual</evaluationMode>
    <creationInfo>
      <agencyURI>smi:smi-registry/organization/EMSC</agencyURI>
      <authorURI>smi:smi-registry/organization/EMSC</authorURI>
    </creationInfo>
    <originUncertainty>
      <azimuthMaxHorizontalUncertainty>136</azimuthMaxHorizontalUncertainty>
    </originUncertainty>
  </origin>
  <magnitude publicID="quakeml:eu.emsc/event/20060819_0000064/origin/1193998/mag/2">
    <mag>
      <value>2.7</value>
    </mag>
    <type>MD</type>
    <originID>quakeml:eu.emsc/event/20060819_0000064/origin/1193998</originID>
    <creationInfo>
      <agencyURI>smi:smi-registry/organization/EMSC</agencyURI>
      <authorURI>smi:smi-registry/organization/EMSC</authorURI>
    </creationInfo>
  </magnitude>
</event>
<event publicID="quakeml:eu.emsc/event/20060819_0000075">
  <preferredOriginID>quakeml:eu.emsc/event/20060819_0000075/origin/1193110</preferredOriginID>
  <preferredMagnitudeID>quakeml:eu.emsc/event/20060819_0000075/origin/1193110/mag/1</preferredMagnitudeID>
  <creationInfo>
    <agencyURI>smi:smi-registry/organization/EMSC</agencyURI>
    <authorURI>smi:smi-registry/organization/EMSC</authorURI>
    <creationTime>2014-12-03T11:27:25.704589Z</creationTime>
  </creationInfo>
  <description>
    <text>SWITZERLAND</text>
    <type>Flinn-Engdahl region</type>
  </description>
  <origin publicID="quakeml:eu.emsc/event/20060819_0000075/origin/1193110">
    <time>
      <value>2006-08-19T04:41:36.8Z</value>
      <uncertainty>0.19</uncertainty>
    </time>
    <latitude>
      <value>46.0703</value>
      <uncertainty>4.8</uncertainty>
    </latitude>
    <longitude>
      <value>7.1296</value>
      <uncertainty>3.1</uncertainty>
    </longitude>
    <depth>
      <value>10000</value>
    </depth>
    <depthType>from location</depthType>
    <methodID>smi:eu.emsc-csem/origin_method/NA</methodID>
    <quality>
      <usedPhaseCount>32</usedPhaseCount>
      <usedStationCount>17</usedStationCount>
      <standardError>1.06</standardError>
      <azimuthalGap>97</azimuthalGap>
      <minimumDistance>0.13</minimumDistance>
      <maximumDistance>2.11</maximumDistance>
    </quality>
    <evaluationMode>manual</evaluationMode>
    <creationInfo>
      <agencyURI>smi:smi-registry/organization/EMSC</agencyURI>
      <authorURI>smi:smi-registry/organization/EMSC</authorURI>
    </creationInfo>
    <originUncertainty>
      <azimuthMaxHorizontalUncertainty>109</azimuthMaxHorizontalUncertainty>
    </originUncertainty>
  </origin>
  <magnitude publicID="quakeml:eu.emsc/event/20060819_0000075/origin/1193110/mag/1">
    <mag>
      <value>1.9</value>
      <uncertainty>0.4</uncertainty>
    </mag>
    <type>ML</type>
    <originID>quakeml:eu.emsc/event/20060819_0000075/origin/1193110</originID>
    <stationCount>8</stationCount>
    <creationInfo>
      <agencyURI>smi:smi-registry/organization/EMSC</agencyURI>
      <authorURI>smi:smi-registry/organization/EMSC</authorURI>
    </creationInfo>
  </magnitude>
</event>
<event publicID="quakeml:eu.emsc/event/20060819_0000068">
  <preferredOriginID>quakeml:eu.emsc/event/20060819_0000068/origin/1194002</preferredOriginID>
  <preferredMagnitudeID>quakeml:eu.emsc/event/20060819_0000068/origin/1194002/mag/1</preferredMagnitudeID>
  <creationInfo>
    <agencyURI>smi:smi-registry/organization/EMSC</agencyURI>
    <authorURI>smi:smi-registry/organization/EMSC</authorURI>
    <creationTime>2014-12-03T10:35:59.243079Z</creationTime>
  </creationInfo>
  <description>
    <text>STRAIT OF GIBRALTAR</text>
    <type>Flinn-Engdahl region</type>
  </description>
  <origin publicID="quakeml:eu.emsc/event/20060819_0000068/origin/1194002">
    <time>
      <value>2006-08-19T04:03:17.8Z</value>
      <uncertainty>0.27</uncertainty>
    </time>
    <latitude>
      <value>36.8216</value>
      <uncertainty>5.8</uncertainty>
    </latitude>
    <longitude>
      <value>-3.2463</value>
      <uncertainty>3.5</uncertainty>
    </longitude>
    <depth>
      <value>2000</value>
    </depth>
    <depthType>from location</depthType>
    <methodID>smi:eu.emsc-csem/origin_method/NA</methodID>
    <quality>
      <usedPhaseCount>50</usedPhaseCount>
      <usedStationCount>31</usedStationCount>
      <standardError>1.1</standardError>
      <azimuthalGap>90</azimuthalGap>
      <minimumDistance>0.26</minimumDistance>
      <maximumDistance>4.93</maximumDistance>
    </quality>
    <evaluationMode>manual</evaluationMode>
    <creationInfo>
      <agencyURI>smi:smi-registry/organization/EMSC</agencyURI>
      <authorURI>smi:smi-registry/organization/EMSC</authorURI>
    </creationInfo>
    <originUncertainty>
      <azimuthMaxHorizontalUncertainty>172</azimuthMaxHorizontalUncertainty>
    </originUncertainty>
  </origin>
  <magnitude publicID="quakeml:eu.emsc/event/20060819_0000068/origin/1194002/mag/1">
    <mag>
      <value>3</value>
      <uncertainty>0.1</uncertainty>
    </mag>
    <type>ML</type>
    <originID>quakeml:eu.emsc/event/20060819_0000068/origin/1194002</originID>
    <stationCount>4</stationCount>
    <creationInfo>
      <agencyURI>smi:smi-registry/organization/EMSC</agencyURI>
      <authorURI>smi:smi-registry/organization/EMSC</authorURI>
    </creationInfo>
  </magnitude>
</event>
<event publicID="quakeml:eu.emsc/event/20060819_0000074">
  <preferredOriginID>quakeml:eu.emsc/event/20060819_0000074/origin/1194005</preferredOriginID>
  <preferredMagnitudeID>quakeml:eu.emsc/event/20060819_0000074/origin/1194005/mag/2</preferredMagnitudeID>
  <creationInfo>
    <agencyURI>smi:smi-registry/organization/EMSC</agencyURI>
    <authorURI>smi:smi-registry/organization/EMSC</authorURI>
    <creationTime>2014-12-03T10:32:46.726796Z</creationTime>
  </creationInfo>
  <description>
    <text>PYRENEES</text>
    <type>Flinn-Engdahl region</type>
  </description>
  <origin publicID="quakeml:eu.emsc/event/20060819_0000074/origin/1194005">
    <time>
      <value>2006-08-19T02:40:05.7Z</value>
      <uncertainty>0.06</uncertainty>
    </time>
    <latitude>
      <value>43.0084</value>
      <uncertainty>1.9</uncertainty>
    </latitude>
    <longitude>
      <value>-0.0305</value>
      <uncertainty>1</uncertainty>
    </longitude>
    <depth>
      <value>5000</value>
    </depth>
    <depthType>from location</depthType>
    <methodID>smi:eu.emsc-csem/origin_method/NA</methodID>
    <quality>
      <usedPhaseCount>8</usedPhaseCount>
      <usedStationCount>4</usedStationCount>
      <standardError>0.15</standardError>
      <azimuthalGap>168</azimuthalGap>
      <minimumDistance>0.09</minimumDistance>
      <maximumDistance>0.4</maximumDistance>
    </quality>
    <evaluationMode>manual</evaluationMode>
    <creationInfo>
      <agencyURI>smi:smi-registry/organization/EMSC</agencyURI>
      <authorURI>smi:smi-registry/organization/EMSC</authorURI>
    </creationInfo>
    <originUncertainty>
      <azimuthMaxHorizontalUncertainty>161</azimuthMaxHorizontalUncertainty>
    </originUncertainty>
  </origin>
  <magnitude publicID="quakeml:eu.emsc/event/20060819_0000074/origin/1194005/mag/2">
    <mag>
      <value>2.2</value>
    </mag>
    <type>ML</type>
    <originID>quakeml:eu.emsc/event/20060819_0000074/origin/1194005</originID>
    <creationInfo>
      <agencyURI>smi:smi-registry/organization/EMSC</agencyURI>
      <authorURI>smi:smi-registry/organization/EMSC</authorURI>
    </creationInfo>
  </magnitude>
</event>
<event publicID="quakeml:eu.emsc/event/20060819_0000071">
  <preferredOriginID>quakeml:eu.emsc/event/20060819_0000071/origin/1192232</preferredOriginID>
  <preferredMagnitudeID>quakeml:eu.emsc/event/20060819_0000071/origin/1192232/mag/2</preferredMagnitudeID>
  <creationInfo>
    <agencyURI>smi:smi-registry/organization/EMSC</agencyURI>
    <authorURI>smi:smi-registry/organization/EMSC</authorURI>
    <creationTime>2014-12-11T23:42:56.351063Z</creationTime>
  </creationInfo>
  <description>
    <text>AZORES ISLANDS, PORTUGAL</text>
    <type>Flinn-Engdahl region</type>
  </description>
  <origin publicID="quakeml:eu.emsc/event/20060819_0000071/origin/1192232">
    <time>
      <value>2006-08-19T02:14:24.2Z</value>
    </time>
    <latitude>
      <value>38.737</value>
      <uncertainty>9999.9</uncertainty>
    </latitude>
    <longitude>
      <value>-28.954</value>
      <uncertainty>9999.9</uncertainty>
    </longitude>
    <depth>
      <value>600.0</value>
    </depth>
    <depthType>from location</depthType>
    <methodID>smi:eu.emsc-csem/origin_method/NA</methodID>
    <quality>
      <usedPhaseCount>7</usedPhaseCount>
      <usedStationCount>4</usedStationCount>
      <standardError>0.49</standardError>
      <azimuthalGap>323</azimuthalGap>
      <minimumDistance>0.23</minimumDistance>
      <maximumDistance>0.56</maximumDistance>
    </quality>
    <evaluationMode>manual</evaluationMode>
    <creationInfo>
      <agencyURI>smi:smi-registry/organization/EMSC</agencyURI>
      <authorURI>smi:smi-registry/organization/EMSC</authorURI>
    </creationInfo>
    <originUncertainty>
      <azimuthMaxHorizontalUncertainty>-99</azimuthMaxHorizontalUncertainty>
    </originUncertainty>
  </origin>
  <magnitude publicID="quakeml:eu.emsc/event/20060819_0000071/origin/1192232/mag/2">
    <mag>
      <value>1.8</value>
    </mag>
    <type>ML</type>
    <originID>quakeml:eu.emsc/event/20060819_0000071/origin/1192232</originID>
    <creationInfo>
      <agencyURI>smi:smi-registry/organization/EMSC</agencyURI>
      <authorURI>smi:smi-registry/organization/EMSC</authorURI>
    </creationInfo>
  </magnitude>
</event>
<event publicID="quakeml:eu.emsc/event/20060819_0000032">
  <preferredOriginID>quakeml:eu.emsc/event/20060819_0000032/origin/NH875</preferredOriginID>
  <preferredMagnitudeID>quakeml:eu.emsc/event/20060819_0000032/origin/NH875/mag/1</preferredMagnitudeID>
  <creationInfo>
    <agencyURI>smi:smi-registry/organization/EMSC</agencyURI>
    <authorURI>smi:smi-registry/organization/ATH</authorURI>
    <creationTime>2014-12-01T15:44:24.578461Z</creationTime>
  </creationInfo>
  <description>
    <text>IONIAN SEA</text>
    <type>Flinn-Engdahl region</type>
  </description>
  <origin publicID="quakeml:eu.emsc/event/20060819_0000032/origin/NH875">
    <time>
      <value>2006-08-19T01:53:27.0Z</value>
    </time>
    <latitude>
      <value>38.05</value>
    </latitude>
    <longitude>
      <value>19.67</value>
    </longitude>
    <depth>
      <value>1000.0</value>
    </depth>
    <depthType>from location</depthType>
    <methodID>smi:eu.emsc-csem/origin_method/GEIGER</methodID>
    <quality>
      <usedPhaseCount>5</usedPhaseCount>
      <usedStationCount>5</usedStationCount>
      <azimuthalGap>294</azimuthalGap>
      <minimumDistance>4.68</minimumDistance>
      <maximumDistance>5.53</maximumDistance>
    </quality>
    <evaluationMode>automatic</evaluationMode>
    <creationInfo>
      <agencyURI>smi:smi-registry/organization/EMSC</agencyURI>
      <authorURI>smi:smi-registry/organization/ATH</authorURI>
    </creationInfo>
  </origin>
  <magnitude publicID="quakeml:eu.emsc/event/20060819_0000032/origin/NH875/mag/1">
    <mag>
      <value>4.0</value>
    </mag>
    <type>ml</type>
    <originID>quakeml:eu.emsc/event/20060819_0000032/origin/NH875</originID>
    <creationInfo>
      <agencyURI>smi:smi-registry/organization/EMSC</agencyURI>
      <authorURI>smi:smi-registry/organization/ATH</authorURI>
    </creationInfo>
  </magnitude>
</event>
<event publicID="quakeml:eu.emsc/event/20060819_0000031">
  <preferredOriginID>quakeml:eu.emsc/event/20060819_0000031/origin/NH865</preferredOriginID>
  <preferredMagnitudeID>quakeml:eu.emsc/event/20060819_0000031/origin/NH865/mag/1</preferredMagnitudeID>
  <creationInfo>
    <agencyURI>smi:smi-registry/organization/EMSC</agencyURI>
    <authorURI>smi:smi-registry/organization/EMSC</authorURI>
    <creationTime>2014-12-01T13:28:05.505374Z</creationTime>
  </creationInfo>
  <description>
    <text>MOLUCCA SEA</text>
    <type>Flinn-Engdahl region</type>
  </description>
  <origin publicID="quakeml:eu.emsc/event/20060819_0000031/origin/NH865">
    <time>
      <value>2006-08-19T00:38:17.4Z</value>
      <uncertainty>1.20</uncertainty>
    </time>
    <latitude>
      <value>0.36</value>
    </latitude>
    <longitude>
      <value>126.02</value>
    </longitude>
    <depth>
      <value>147000.0</value>
      <uncertainty>12.7</uncertainty>
    </depth>
    <depthType>from location</depthType>
    <methodID>smi:eu.emsc-csem/origin_method/NA</methodID>
    <quality>
      <usedPhaseCount>18</usedPhaseCount>
      <usedStationCount>17</usedStationCount>
      <standardError>1.57</standardError>
      <azimuthalGap>87</azimuthalGap>
      <minimumDistance>5.38</minimumDistance>
      <maximumDistance>98.30</maximumDistance>
    </quality>
    <evaluationMode>automatic</evaluationMode>
    <creationInfo>
      <agencyURI>smi:smi-registry/organization/EMSC</agencyURI>
      <authorURI>smi:smi-registry/organization/EMSC</authorURI>
    </creationInfo>
  </origin>
  <magnitude publicID="quakeml:eu.emsc/event/20060819_0000031/origin/NH865/mag/1">
    <mag>
      <value>5.0</value>
      <uncertainty>0.9</uncertainty>
    </mag>
    <type>mb</type>
    <originID>quakeml:eu.emsc/event/20060819_0000031/origin/NH865</originID>
    <creationInfo>
      <agencyURI>smi:smi-registry/organization/EMSC</agencyURI>
      <authorURI>smi:smi-registry/organization/EMSC</authorURI>
    </creationInfo>
  </magnitude>
</event>
<event publicID="quakeml:eu.emsc/event/20060819_0000030">
  <preferredOriginID>quakeml:eu.emsc/event/20060819_0000030/origin/1194008</preferredOriginID>
  <preferredMagnitudeID>quakeml:eu.emsc/event/20060819_0000030/origin/1194008/mag/2</preferredMagnitudeID>
  <creationInfo>
    <agencyURI>smi:smi-registry/organization/EMSC</agencyURI>
    <authorURI>smi:smi-registry/organization/EMSC</authorURI>
    <creationTime>2014-12-03T14:18:52.466162Z</creationTime>
  </creationInfo>
  <description>
    <text>CENTRAL IRAN</text>
    <type>Flinn-Engdahl region</type>
  </description>
  <origin publicID="quakeml:eu.emsc/event/20060819_0000030/origin/1194008">
    <time>
      <value>2006-08-19T00:27:02.4Z</value>
      <uncertainty>0.07</uncertainty>
    </time>
    <latitude>
      <value>33.3777</value>
      <uncertainty>2</uncertainty>
    </latitude>
    <longitude>
      <value>56.8631</value>
      <uncertainty>1.6</uncertainty>
    </longitude>
    <depth>
      <value>40000</value>
    </depth>
    <depthType>from location</depthType>
    <methodID>smi:eu.emsc-csem/origin_method/NA</methodID>
    <quality>
      <usedPhaseCount>37</usedPhaseCount>
      <usedStationCount>21</usedStationCount>
      <standardError>0.44</standardError>
      <azimuthalGap>64</azimuthalGap>
      <minimumDistance>1.65</minimumDistance>
      <maximumDistance>5.8</maximumDistance>
    </quality>
    <evaluationMode>manual</evaluationMode>
    <creationInfo>
      <agencyURI>smi:smi-registry/organization/EMSC</agencyURI>
      <authorURI>smi:smi-registry/organization/EMSC</authorURI>
    </creationInfo>
    <originUncertainty>
      <azimuthMaxHorizontalUncertainty>1</azimuthMaxHorizontalUncertainty>
    </originUncertainty>
  </origin>
  <magnitude publicID="quakeml:eu.emsc/event/20060819_0000030/origin/1194008/mag/2">
    <mag>
      <value>3.6</value>
    </mag>
    <type>ML</type>
    <originID>quakeml:eu.emsc/event/20060819_0000030/origin/1194008</originID>
    <creationInfo>
      <agencyURI>smi:smi-registry/organization/EMSC</agencyURI>
      <authorURI>smi:smi-registry/organization/EMSC</authorURI>
    </creationInfo>
  </magnitude>
</event>
<event publicID="quakeml:eu.emsc/event/20060819_0000029">
  <preferredOriginID>quakeml:eu.emsc/event/20060819_0000029/origin/NG038</preferredOriginID>
  <preferredMagnitudeID>quakeml:eu.emsc/event/20060819_0000029/origin/NG038/mag/1</preferredMagnitudeID>
  <creationInfo>
    <agencyURI>smi:smi-registry/organization/EMSC</agencyURI>
    <authorURI>smi:smi-registry/organization/INMG</authorURI>
    <creationTime>2014-12-01T13:15:32.550317Z</creationTime>
  </creationInfo>
  <description>
    <text>STRAIT OF GIBRALTAR</text>
    <type>Flinn-Engdahl region</type>
  </description>
  <origin publicID="quakeml:eu.emsc/event/20060819_0000029/origin/NG038">
    <time>
      <value>2006-08-19T00:22:38.0Z</value>
    </time>
    <latitude>
      <value>36.93</value>
    </latitude>
    <longitude>
      <value>-4.93</value>
    </longitude>
    <depth>
      <value>21000.0</value>
    </depth>
    <depthType>from location</depthType>
    <methodID>smi:eu.emsc-csem/origin_method/GEIGER</methodID>
    <quality>
      <usedPhaseCount>8</usedPhaseCount>
      <usedStationCount>4</usedStationCount>
      <azimuthalGap>312</azimuthalGap>
      <minimumDistance>2.58</minimumDistance>
      <maximumDistance>4.02</maximumDistance>
    </quality>
    <evaluationMode>manual</evaluationMode>
    <creationInfo>
      <agencyURI>smi:smi-registry/organization/EMSC</agencyURI>
      <authorURI>smi:smi-registry/organization/INMG</authorURI>
    </creationInfo>
  </origin>
  <magnitude publicID="quakeml:eu.emsc/event/20060819_0000029/origin/NG038/mag/1">
    <mag>
      <value>2.1</value>
    </mag>
    <type>ml</type>
    <originID>quakeml:eu.emsc/event/20060819_0000029/origin/NG038</originID>
    <creationInfo>
      <agencyURI>smi:smi-registry/organization/EMSC</agencyURI>
      <authorURI>smi:smi-registry/organization/INMG</authorURI>
    </creationInfo>
  </magnitude>
</event>
<event publicID="quakeml:eu.emsc/event/20060819_0000062">
  <preferredOriginID>quakeml:eu.emsc/event/20060819_0000062/origin/1192234</preferredOriginID>
  <preferredMagnitudeID>quakeml:eu.emsc/event/20060819_0000062/origin/1192234/mag/2</preferredMagnitudeID>
  <creationInfo>
    <agencyURI>smi:smi-registry/organization/EMSC</agencyURI>
    <authorURI>smi:smi-registry/organization/EMSC</authorURI>
    <creationTime>2014-12-10T17:44:40.69189Z</creationTime>
  </creationInfo>
  <description>
    <text>PYRENEES</text>
    <type>Flinn-Engdahl region</type>
  </description>
  <origin publicID="quakeml:eu.emsc/event/20060819_0000062/origin/1192234">
    <time>
      <value>2006-08-19T00:09:24.6Z</value>
    </time>
    <latitude>
      <value>42.8231</value>
      <uncertainty>9999.9</uncertainty>
    </latitude>
    <longitude>
      <value>-1.4269</value>
      <uncertainty>9999.9</uncertainty>
    </longitude>
    <depth>
      <value>0</value>
    </depth>
    <depthType>from location</depthType>
    <methodID>smi:eu.emsc-csem/origin_method/NA</methodID>
    <quality>
      <usedPhaseCount>11</usedPhaseCount>
      <usedStationCount>6</usedStationCount>
      <standardError>0.5</standardError>
      <azimuthalGap>116</azimuthalGap>
      <minimumDistance>0.05</minimumDistance>
      <maximumDistance>1.16</maximumDistance>
    </quality>
    <evaluationMode>manual</evaluationMode>
    <creationInfo>
      <agencyURI>smi:smi-registry/organization/EMSC</agencyURI>
      <authorURI>smi:smi-registry/organization/EMSC</authorURI>
    </creationInfo>
    <originUncertainty>
      <azimuthMaxHorizontalUncertainty>-99</azimuthMaxHorizontalUncertainty>
    </originUncertainty>
  </origin>
  <magnitude publicID="quakeml:eu.emsc/event/20060819_0000062/origin/1192234/mag/2">
    <mag>
      <value>1.1</value>
    </mag>
    <type>ML</type>
    <originID>quakeml:eu.emsc/event/20060819_0000062/origin/1192234</originID>
    <creationInfo>
      <agencyURI>smi:smi-registry/organization/EMSC</agencyURI>
      <authorURI>smi:smi-registry/organization/EMSC</authorURI>
    </creationInfo>
  </magnitude>
</event>
<event publicID="quakeml:eu.emsc/event/20060819_0000076">
  <preferredOriginID>quakeml:eu.emsc/event/20060819_0000076/origin/1192236</preferredOriginID>
  <preferredMagnitudeID>quakeml:eu.emsc/event/20060819_0000076/origin/1192236/mag/2</preferredMagnitudeID>
  <creationInfo>
    <agencyURI>smi:smi-registry/organization/EMSC</agencyURI>
    <authorURI>smi:smi-registry/organization/EMSC</authorURI>
    <creationTime>2014-12-11T23:42:55.893076Z</creationTime>
  </creationInfo>
  <description>
    <text>WESTERN IRAN</text>
    <type>Flinn-Engdahl region</type>
  </description>
  <origin publicID="quakeml:eu.emsc/event/20060819_0000076/origin/1192236">
    <time>
      <value>2006-08-19T00:01:23.6Z</value>
    </time>
    <latitude>
      <value>32.672</value>
      <uncertainty>9999.9</uncertainty>
    </latitude>
    <longitude>
      <value>48.489</value>
      <uncertainty>9999.9</uncertainty>
    </longitude>
    <depth>
      <value>15000</value>
    </depth>
    <depthType>from location</depthType>
    <methodID>smi:eu.emsc-csem/origin_method/NA</methodID>
    <quality>
      <usedPhaseCount>5</usedPhaseCount>
      <usedStationCount>4</usedStationCount>
      <standardError>2.12</standardError>
      <azimuthalGap>184</azimuthalGap>
      <minimumDistance>0.62</minimumDistance>
      <maximumDistance>3.64</maximumDistance>
    </quality>
    <evaluationMode>manual</evaluationMode>
    <creationInfo>
      <agencyURI>smi:smi-registry/organization/EMSC</agencyURI>
      <authorURI>smi:smi-registry/organization/EMSC</authorURI>
    </creationInfo>
    <originUncertainty>
      <azimuthMaxHorizontalUncertainty>-99</azimuthMaxHorizontalUncertainty>
    </originUncertainty>
  </origin>
  <magnitude publicID="quakeml:eu.emsc/event/20060819_0000076/origin/1192236/mag/2">
    <mag>
      <value>2.6</value>
    </mag>
    <type>ML</type>
    <originID>quakeml:eu.emsc/event/20060819_0000076/origin/1192236</originID>
    <creationInfo>
      <agencyURI>smi:smi-registry/organization/EMSC</agencyURI>
      <authorURI>smi:smi-registry/organization/EMSC</authorURI>
    </creationInfo>
  </magnitude>
</event>
</eventParameters>
</q:quakeml>
