<?xml version="1.0"?>
<q:quakeml xmlns:q="http://quakeml.org/xmlns/quakeml/1.2"  xmlns="http://quakeml.org/xmlns/bed/1.2">
<eventParameters publicID="smi:eu.emsc/unid">
<event publicID="quakeml:eu.emsc/event/20060922_0000059">
  <preferredOriginID>quakeml:eu.emsc/event/20060922_0000059/origin/1190060</preferredOriginID>
  <preferredMagnitudeID>quakeml:eu.emsc/event/20060922_0000059/origin/1190060/mag/2</preferredMagnitudeID>
  <creationInfo>
    <agencyURI>smi:smi-registry/organization/EMSC</agencyURI>
    <authorURI>smi:smi-registry/organization/EMSC</authorURI>
    <creationTime>2014-12-11T23:47:41.880061Z</creationTime>
  </creationInfo>
  <description>
    <text>SWEDEN</text>
    <type>Flinn-Engdahl region</type>
  </description>
  <origin publicID="quakeml:eu.emsc/event/20060922_0000059/origin/1190060">
    <time>
      <value>2006-09-22T23:17:09.5Z</value>
    </time>
    <latitude>
      <value>67.839</value>
      <uncertainty>9999.9</uncertainty>
    </latitude>
    <longitude>
      <value>20.187</value>
      <uncertainty>9999.9</uncertainty>
    </longitude>
    <depth>
      <value>100.0</value>
    </depth>
    <depthType>from location</depthType>
    <methodID>smi:eu.emsc-csem/origin_method/NA</methodID>
    <quality>
      <usedPhaseCount>9</usedPhaseCount>
      <usedStationCount>9</usedStationCount>
      <standardError>0.56</standardError>
      <azimuthalGap>157</azimuthalGap>
      <minimumDistance>0.13</minimumDistance>
      <maximumDistance>2.41</maximumDistance>
    </quality>
    <evaluationMode>manual</evaluationMode>
    <creationInfo>
      <agencyURI>smi:smi-registry/organization/EMSC</agencyURI>
      <authorURI>smi:smi-registry/organization/EMSC</authorURI>
    </creationInfo>
    <originUncertainty>
      <azimuthMaxHorizontalUncertainty>-99</azimuthMaxHorizontalUncertainty>
    </originUncertainty>
  </origin>
  <magnitude publicID="quakeml:eu.emsc/event/20060922_0000059/origin/1190060/mag/2">
    <mag>
      <value>3.2</value>
    </mag>
    <type>ML</type>
    <originID>quakeml:eu.emsc/event/20060922_0000059/origin/1190060</originID>
    <creationInfo>
      <agencyURI>smi:smi-registry/organization/EMSC</agencyURI>
      <authorURI>smi:smi-registry/organization/EMSC</authorURI>
    </creationInfo>
  </magnitude>
</event>
<event publicID="quakeml:eu.emsc/event/20060922_0000076">
  <preferredOriginID>quakeml:eu.emsc/event/20060922_0000076/origin/1190062</preferredOriginID>
  <preferredMagnitudeID>quakeml:eu.emsc/event/20060922_0000076/origin/1190062/mag/2</preferredMagnitudeID>
  <creationInfo>
    <agencyURI>smi:smi-registry/organization/EMSC</agencyURI>
    <authorURI>smi:smi-registry/organization/EMSC</authorURI>
    <creationTime>2014-12-11T23:47:41.39891Z</creationTime>
  </creationInfo>
  <description>
    <text>SWEDEN</text>
    <type>Flinn-Engdahl region</type>
  </description>
  <origin publicID="quakeml:eu.emsc/event/20060922_0000076/origin/1190062">
    <time>
      <value>2006-09-22T23:16:57.4Z</value>
    </time>
    <latitude>
      <value>67.828</value>
      <uncertainty>9999.9</uncertainty>
    </latitude>
    <longitude>
      <value>20.198</value>
      <uncertainty>9999.9</uncertainty>
    </longitude>
    <depth>
      <value>100.0</value>
    </depth>
    <depthType>from location</depthType>
    <methodID>smi:eu.emsc-csem/origin_method/NA</methodID>
    <quality>
      <usedPhaseCount>5</usedPhaseCount>
      <usedStationCount>5</usedStationCount>
      <standardError>0.37</standardError>
      <azimuthalGap>155</azimuthalGap>
      <minimumDistance>0.14</minimumDistance>
      <maximumDistance>1.39</maximumDistance>
    </quality>
    <evaluationMode>manual</evaluationMode>
    <creationInfo>
      <agencyURI>smi:smi-registry/organization/EMSC</agencyURI>
      <authorURI>smi:smi-registry/organization/EMSC</authorURI>
    </creationInfo>
    <originUncertainty>
      <azimuthMaxHorizontalUncertainty>-99</azimuthMaxHorizontalUncertainty>
    </originUncertainty>
  </origin>
  <magnitude publicID="quakeml:eu.emsc/event/20060922_0000076/origin/1190062/mag/2">
    <mag>
      <value>3</value>
    </mag>
    <type>ML</type>
    <originID>quakeml:eu.emsc/event/20060922_0000076/origin/1190062</originID>
    <creationInfo>
      <agencyURI>smi:smi-registry/organization/EMSC</agencyURI>
      <authorURI>smi:smi-registry/organization/EMSC</authorURI>
    </creationInfo>
  </magnitude>
</event>
<event publicID="quakeml:eu.emsc/event/20060922_0000040">
  <preferredOriginID>quakeml:eu.emsc/event/20060922_0000040/origin/NS768</preferredOriginID>
  <preferredMagnitudeID>quakeml:eu.emsc/event/20060922_0000040/origin/NS768/mag/1</preferredMagnitudeID>
  <creationInfo>
    <agencyURI>smi:smi-registry/organization/EMSC</agencyURI>
    <authorURI>smi:smi-registry/organization/EMSC</authorURI>
    <creationTime>2014-12-01T12:36:48.830843Z</creationTime>
  </creationInfo>
  <description>
    <text>TAJIKISTAN</text>
    <type>Flinn-Engdahl region</type>
  </description>
  <origin publicID="quakeml:eu.emsc/event/20060922_0000040/origin/NS768">
    <time>
      <value>2006-09-22T22:15:16.0Z</value>
      <uncertainty>0.99</uncertainty>
    </time>
    <latitude>
      <value>38.13</value>
    </latitude>
    <longitude>
      <value>72.0</value>
    </longitude>
    <depth>
      <value>160000.0</value>
      <uncertainty>6.3</uncertainty>
    </depth>
    <depthType>from location</depthType>
    <methodID>smi:eu.emsc-csem/origin_method/NA</methodID>
    <quality>
      <usedPhaseCount>87</usedPhaseCount>
      <usedStationCount>86</usedStationCount>
      <standardError>0.91</standardError>
      <azimuthalGap>224</azimuthalGap>
      <minimumDistance>4.89</minimumDistance>
      <maximumDistance>56.80</maximumDistance>
    </quality>
    <evaluationMode>automatic</evaluationMode>
    <creationInfo>
      <agencyURI>smi:smi-registry/organization/EMSC</agencyURI>
      <authorURI>smi:smi-registry/organization/EMSC</authorURI>
    </creationInfo>
  </origin>
  <magnitude publicID="quakeml:eu.emsc/event/20060922_0000040/origin/NS768/mag/1">
    <mag>
      <value>4.7</value>
      <uncertainty>0.5</uncertainty>
    </mag>
    <type>mb</type>
    <originID>quakeml:eu.emsc/event/20060922_0000040/origin/NS768</originID>
    <creationInfo>
      <agencyURI>smi:smi-registry/organization/EMSC</agencyURI>
      <authorURI>smi:smi-registry/organization/EMSC</authorURI>
    </creationInfo>
  </magnitude>
</event>
<event publicID="quakeml:eu.emsc/event/20060922_0000063">
  <preferredOriginID>quakeml:eu.emsc/event/20060922_0000063/origin/1190064</preferredOriginID>
  <preferredMagnitudeID>quakeml:eu.emsc/event/20060922_0000063/origin/1190064/mag/2</preferredMagnitudeID>
  <creationInfo>
    <agencyURI>smi:smi-registry/organization/EMSC</agencyURI>
    <authorURI>smi:smi-registry/organization/EMSC</authorURI>
    <creationTime>2014-12-10T17:46:59.504875Z</creationTime>
  </creationInfo>
  <description>
    <text>SPAIN</text>
    <type>Flinn-Engdahl region</type>
  </description>
  <origin publicID="quakeml:eu.emsc/event/20060922_0000063/origin/1190064">
    <time>
      <value>2006-09-22T19:48:07.9Z</value>
    </time>
    <latitude>
      <value>41.2795</value>
      <uncertainty>9999.9</uncertainty>
    </latitude>
    <longitude>
      <value>0.4568</value>
      <uncertainty>9999.9</uncertainty>
    </longitude>
    <depth>
      <value>0</value>
    </depth>
    <depthType>from location</depthType>
    <methodID>smi:eu.emsc-csem/origin_method/NA</methodID>
    <quality>
      <usedPhaseCount>8</usedPhaseCount>
      <usedStationCount>4</usedStationCount>
      <standardError>0.82</standardError>
      <azimuthalGap>138</azimuthalGap>
      <minimumDistance>0.34</minimumDistance>
      <maximumDistance>1.15</maximumDistance>
    </quality>
    <evaluationMode>manual</evaluationMode>
    <creationInfo>
      <agencyURI>smi:smi-registry/organization/EMSC</agencyURI>
      <authorURI>smi:smi-registry/organization/EMSC</authorURI>
    </creationInfo>
    <originUncertainty>
      <azimuthMaxHorizontalUncertainty>-99</azimuthMaxHorizontalUncertainty>
    </originUncertainty>
  </origin>
  <magnitude publicID="quakeml:eu.emsc/event/20060922_0000063/origin/1190064/mag/2">
    <mag>
      <value>0.9</value>
    </mag>
    <type>ML</type>
    <originID>quakeml:eu.emsc/event/20060922_0000063/origin/1190064</originID>
    <creationInfo>
      <agencyURI>smi:smi-registry/organization/EMSC</agencyURI>
      <authorURI>smi:smi-registry/organization/EMSC</authorURI>
    </creationInfo>
  </magnitude>
</event>
<event publicID="quakeml:eu.emsc/event/20060922_0000043">
  <preferredOriginID>quakeml:eu.emsc/event/20060922_0000043/origin/1190066</preferredOriginID>
  <preferredMagnitudeID>quakeml:eu.emsc/event/20060922_0000043/origin/1190066/mag/2</preferredMagnitudeID>
  <creationInfo>
    <agencyURI>smi:smi-registry/organization/EMSC</agencyURI>
    <authorURI>smi:smi-registry/organization/EMSC</authorURI>
    <creationTime>2014-12-11T23:47:40.944792Z</creationTime>
  </creationInfo>
  <description>
    <text>CRETE, GREECE</text>
    <type>Flinn-Engdahl region</type>
  </description>
  <origin publicID="quakeml:eu.emsc/event/20060922_0000043/origin/1190066">
    <time>
      <value>2006-09-22T18:51:54.2Z</value>
    </time>
    <latitude>
      <value>35.11</value>
      <uncertainty>9999.9</uncertainty>
    </latitude>
    <longitude>
      <value>23.3</value>
      <uncertainty>9999.9</uncertainty>
    </longitude>
    <depth>
      <value>12000</value>
    </depth>
    <depthType>from location</depthType>
    <methodID>smi:eu.emsc-csem/origin_method/NA</methodID>
    <quality>
      <usedPhaseCount>5</usedPhaseCount>
      <usedStationCount>5</usedStationCount>
      <standardError>1.08</standardError>
      <azimuthalGap>237</azimuthalGap>
      <minimumDistance>0.7</minimumDistance>
      <maximumDistance>1.9</maximumDistance>
    </quality>
    <evaluationMode>manual</evaluationMode>
    <creationInfo>
      <agencyURI>smi:smi-registry/organization/EMSC</agencyURI>
      <authorURI>smi:smi-registry/organization/EMSC</authorURI>
    </creationInfo>
    <originUncertainty>
      <azimuthMaxHorizontalUncertainty>-99</azimuthMaxHorizontalUncertainty>
    </originUncertainty>
  </origin>
  <magnitude publicID="quakeml:eu.emsc/event/20060922_0000043/origin/1190066/mag/2">
    <mag>
      <value>3.4</value>
    </mag>
    <type>MD</type>
    <originID>quakeml:eu.emsc/event/20060922_0000043/origin/1190066</originID>
    <creationInfo>
      <agencyURI>smi:smi-registry/organization/EMSC</agencyURI>
      <authorURI>smi:smi-registry/organization/EMSC</authorURI>
    </creationInfo>
  </magnitude>
</event>
<event publicID="quakeml:eu.emsc/event/20060922_0000039">
  <preferredOriginID>quakeml:eu.emsc/event/20060922_0000039/origin/NS769</preferredOriginID>
  <preferredMagnitudeID>quakeml:eu.emsc/event/20060922_0000039/origin/NS769/mag/1</preferredMagnitudeID>
  <creationInfo>
    <agencyURI>smi:smi-registry/organization/EMSC</agencyURI>
    <authorURI>smi:smi-registry/organization/EMSC</authorURI>
    <creationTime>2014-12-01T12:36:48.67322Z</creationTime>
  </creationInfo>
  <description>
    <text>NEW IRELAND REGION, P.N.G.</text>
    <type>Flinn-Engdahl region</type>
  </description>
  <origin publicID="quakeml:eu.emsc/event/20060922_0000039/origin/NS769">
    <time>
      <value>2006-09-22T17:48:09.9Z</value>
      <uncertainty>0.47</uncertainty>
    </time>
    <latitude>
      <value>-5.2</value>
    </latitude>
    <longitude>
      <value>153.13</value>
    </longitude>
    <depth>
      <value>30000.0</value>
    </depth>
    <depthType>from location</depthType>
    <methodID>smi:eu.emsc-csem/origin_method/NA</methodID>
    <quality>
      <usedPhaseCount>16</usedPhaseCount>
      <usedStationCount>16</usedStationCount>
      <standardError>0.84</standardError>
      <azimuthalGap>174</azimuthalGap>
      <minimumDistance>7.25</minimumDistance>
      <maximumDistance>96.83</maximumDistance>
    </quality>
    <evaluationMode>automatic</evaluationMode>
    <creationInfo>
      <agencyURI>smi:smi-registry/organization/EMSC</agencyURI>
      <authorURI>smi:smi-registry/organization/EMSC</authorURI>
    </creationInfo>
  </origin>
  <magnitude publicID="quakeml:eu.emsc/event/20060922_0000039/origin/NS769/mag/1">
    <mag>
      <value>4.8</value>
      <uncertainty>0.6</uncertainty>
    </mag>
    <type>mb</type>
    <originID>quakeml:eu.emsc/event/20060922_0000039/origin/NS769</originID>
    <creationInfo>
      <agencyURI>smi:smi-registry/organization/EMSC</agencyURI>
      <authorURI>smi:smi-registry/organization/EMSC</authorURI>
    </creationInfo>
  </magnitude>
</event>
<event publicID="quakeml:eu.emsc/event/20060922_0000046">
  <preferredOriginID>quakeml:eu.emsc/event/20060922_0000046/origin/1186811</preferredOriginID>
  <preferredMagnitudeID>quakeml:eu.emsc/event/20060922_0000046/origin/1186811/mag/2</preferredMagnitudeID>
  <creationInfo>
    <agencyURI>smi:smi-registry/organization/EMSC</agencyURI>
    <authorURI>smi:smi-registry/organization/EMSC</authorURI>
    <creationTime>2014-12-03T11:15:50.292493Z</creationTime>
  </creationInfo>
  <description>
    <text>GERMANY</text>
    <type>Flinn-Engdahl region</type>
  </description>
  <origin publicID="quakeml:eu.emsc/event/20060922_0000046/origin/1186811">
    <time>
      <value>2006-09-22T17:24:30.1Z</value>
      <uncertainty>0.53</uncertainty>
    </time>
    <latitude>
      <value>47.9242</value>
      <uncertainty>17</uncertainty>
    </latitude>
    <longitude>
      <value>8.2441</value>
      <uncertainty>7.7</uncertainty>
    </longitude>
    <depth>
      <value>20000</value>
    </depth>
    <depthType>from location</depthType>
    <methodID>smi:eu.emsc-csem/origin_method/NA</methodID>
    <quality>
      <usedPhaseCount>12</usedPhaseCount>
      <usedStationCount>8</usedStationCount>
      <standardError>1.01</standardError>
      <azimuthalGap>173</azimuthalGap>
      <minimumDistance>0.23</minimumDistance>
      <maximumDistance>1.28</maximumDistance>
    </quality>
    <evaluationMode>manual</evaluationMode>
    <creationInfo>
      <agencyURI>smi:smi-registry/organization/EMSC</agencyURI>
      <authorURI>smi:smi-registry/organization/EMSC</authorURI>
    </creationInfo>
    <originUncertainty>
      <azimuthMaxHorizontalUncertainty>28</azimuthMaxHorizontalUncertainty>
    </originUncertainty>
  </origin>
  <magnitude publicID="quakeml:eu.emsc/event/20060922_0000046/origin/1186811/mag/2">
    <mag>
      <value>2.1</value>
      <uncertainty>0.2</uncertainty>
    </mag>
    <type>ML</type>
    <originID>quakeml:eu.emsc/event/20060922_0000046/origin/1186811</originID>
    <stationCount>4</stationCount>
    <creationInfo>
      <agencyURI>smi:smi-registry/organization/EMSC</agencyURI>
      <authorURI>smi:smi-registry/organization/EMSC</authorURI>
    </creationInfo>
  </magnitude>
</event>
<event publicID="quakeml:eu.emsc/event/20060922_0000051">
  <preferredOriginID>quakeml:eu.emsc/event/20060922_0000051/origin/1186814</preferredOriginID>
  <preferredMagnitudeID>quakeml:eu.emsc/event/20060922_0000051/origin/1186814/mag/1</preferredMagnitudeID>
  <creationInfo>
    <agencyURI>smi:smi-registry/organization/EMSC</agencyURI>
    <authorURI>smi:smi-registry/organization/EMSC</authorURI>
    <creationTime>2014-12-03T12:02:07.140339Z</creationTime>
  </creationInfo>
  <description>
    <text>FRANCE</text>
    <type>Flinn-Engdahl region</type>
  </description>
  <origin publicID="quakeml:eu.emsc/event/20060922_0000051/origin/1186814">
    <time>
      <value>2006-09-22T17:09:27.0Z</value>
      <uncertainty>0.05</uncertainty>
    </time>
    <latitude>
      <value>44.5323</value>
      <uncertainty>1.2</uncertainty>
    </latitude>
    <longitude>
      <value>6.8003</value>
      <uncertainty>0.8</uncertainty>
    </longitude>
    <depth>
      <value>10000</value>
    </depth>
    <depthType>from location</depthType>
    <methodID>smi:eu.emsc-csem/origin_method/NA</methodID>
    <quality>
      <usedPhaseCount>20</usedPhaseCount>
      <usedStationCount>12</usedStationCount>
      <standardError>0.22</standardError>
      <azimuthalGap>62</azimuthalGap>
      <minimumDistance>0.2</minimumDistance>
      <maximumDistance>1.04</maximumDistance>
    </quality>
    <evaluationMode>manual</evaluationMode>
    <creationInfo>
      <agencyURI>smi:smi-registry/organization/EMSC</agencyURI>
      <authorURI>smi:smi-registry/organization/EMSC</authorURI>
    </creationInfo>
    <originUncertainty>
      <azimuthMaxHorizontalUncertainty>57</azimuthMaxHorizontalUncertainty>
    </originUncertainty>
  </origin>
  <magnitude publicID="quakeml:eu.emsc/event/20060922_0000051/origin/1186814/mag/1">
    <mag>
      <value>1</value>
      <uncertainty>0.5</uncertainty>
    </mag>
    <type>ML</type>
    <originID>quakeml:eu.emsc/event/20060922_0000051/origin/1186814</originID>
    <stationCount>4</stationCount>
    <creationInfo>
      <agencyURI>smi:smi-registry/organization/EMSC</agencyURI>
      <authorURI>smi:smi-registry/organization/EMSC</authorURI>
    </creationInfo>
  </magnitude>
</event>
<event publicID="quakeml:eu.emsc/event/20060922_0000062">
  <preferredOriginID>quakeml:eu.emsc/event/20060922_0000062/origin/1190068</preferredOriginID>
  <preferredMagnitudeID>quakeml:eu.emsc/event/20060922_0000062/origin/1190068/mag/2</preferredMagnitudeID>
  <creationInfo>
    <agencyURI>smi:smi-registry/organization/EMSC</agencyURI>
    <authorURI>smi:smi-registry/organization/EMSC</authorURI>
    <creationTime>2014-12-10T17:46:58.971577Z</creationTime>
  </creationInfo>
  <description>
    <text>PYRENEES</text>
    <type>Flinn-Engdahl region</type>
  </description>
  <origin publicID="quakeml:eu.emsc/event/20060922_0000062/origin/1190068">
    <time>
      <value>2006-09-22T15:52:23.3Z</value>
    </time>
    <latitude>
      <value>42.7997</value>
      <uncertainty>9999.9</uncertainty>
    </latitude>
    <longitude>
      <value>1.7693</value>
      <uncertainty>9999.9</uncertainty>
    </longitude>
    <depth>
      <value>0</value>
    </depth>
    <depthType>from location</depthType>
    <methodID>smi:eu.emsc-csem/origin_method/NA</methodID>
    <quality>
      <usedPhaseCount>13</usedPhaseCount>
      <usedStationCount>6</usedStationCount>
      <standardError>1.53</standardError>
      <azimuthalGap>207</azimuthalGap>
      <minimumDistance>0.9</minimumDistance>
      <maximumDistance>3.48</maximumDistance>
    </quality>
    <evaluationMode>manual</evaluationMode>
    <creationInfo>
      <agencyURI>smi:smi-registry/organization/EMSC</agencyURI>
      <authorURI>smi:smi-registry/organization/EMSC</authorURI>
    </creationInfo>
    <originUncertainty>
      <azimuthMaxHorizontalUncertainty>-99</azimuthMaxHorizontalUncertainty>
    </originUncertainty>
  </origin>
  <magnitude publicID="quakeml:eu.emsc/event/20060922_0000062/origin/1190068/mag/2">
    <mag>
      <value>2.2</value>
    </mag>
    <type>ML</type>
    <originID>quakeml:eu.emsc/event/20060922_0000062/origin/1190068</originID>
    <creationInfo>
      <agencyURI>smi:smi-registry/organization/EMSC</agencyURI>
      <authorURI>smi:smi-registry/organization/EMSC</authorURI>
    </creationInfo>
  </magnitude>
</event>
<event publicID="quakeml:eu.emsc/event/20060922_0000038">
  <preferredOriginID>quakeml:eu.emsc/event/20060922_0000038/origin/1189061</preferredOriginID>
  <preferredMagnitudeID>quakeml:eu.emsc/event/20060922_0000038/origin/1189061/mag/2</preferredMagnitudeID>
  <creationInfo>
    <agencyURI>smi:smi-registry/organization/EMSC</agencyURI>
    <authorURI>smi:smi-registry/organization/EMSC</authorURI>
    <creationTime>2014-12-03T12:53:10.18343Z</creationTime>
  </creationInfo>
  <description>
    <text>NORTHEASTERN IRAN</text>
    <type>Flinn-Engdahl region</type>
  </description>
  <origin publicID="quakeml:eu.emsc/event/20060922_0000038/origin/1189061">
    <time>
      <value>2006-09-22T15:40:52.5Z</value>
      <uncertainty>0.12</uncertainty>
    </time>
    <latitude>
      <value>36.6355</value>
      <uncertainty>3.7</uncertainty>
    </latitude>
    <longitude>
      <value>57.7223</value>
      <uncertainty>2.9</uncertainty>
    </longitude>
    <depth>
      <value>5000</value>
    </depth>
    <depthType>from location</depthType>
    <methodID>smi:eu.emsc-csem/origin_method/NA</methodID>
    <quality>
      <usedPhaseCount>73</usedPhaseCount>
      <usedStationCount>56</usedStationCount>
      <standardError>1.03</standardError>
      <azimuthalGap>43</azimuthalGap>
      <minimumDistance>0.46</minimumDistance>
      <maximumDistance>31.78</maximumDistance>
    </quality>
    <evaluationMode>manual</evaluationMode>
    <creationInfo>
      <agencyURI>smi:smi-registry/organization/EMSC</agencyURI>
      <authorURI>smi:smi-registry/organization/EMSC</authorURI>
    </creationInfo>
    <originUncertainty>
      <azimuthMaxHorizontalUncertainty>146</azimuthMaxHorizontalUncertainty>
    </originUncertainty>
  </origin>
  <magnitude publicID="quakeml:eu.emsc/event/20060922_0000038/origin/1189061/mag/2">
    <mag>
      <value>3.9</value>
    </mag>
    <type>ML</type>
    <originID>quakeml:eu.emsc/event/20060922_0000038/origin/1189061</originID>
    <creationInfo>
      <agencyURI>smi:smi-registry/organization/EMSC</agencyURI>
      <authorURI>smi:smi-registry/organization/EMSC</authorURI>
    </creationInfo>
  </magnitude>
</event>
<event publicID="quakeml:eu.emsc/event/20060922_0000055">
  <preferredOriginID>quakeml:eu.emsc/event/20060922_0000055/origin/1187484</preferredOriginID>
  <preferredMagnitudeID>quakeml:eu.emsc/event/20060922_0000055/origin/1187484/mag/2</preferredMagnitudeID>
  <creationInfo>
    <agencyURI>smi:smi-registry/organization/EMSC</agencyURI>
    <authorURI>smi:smi-registry/organization/EMSC</authorURI>
    <creationTime>2014-12-03T11:30:58.112708Z</creationTime>
  </creationInfo>
  <description>
    <text>NORTHWESTERN RUSSIA</text>
    <type>Flinn-Engdahl region</type>
  </description>
  <origin publicID="quakeml:eu.emsc/event/20060922_0000055/origin/1187484">
    <time>
      <value>2006-09-22T15:38:12.9Z</value>
      <uncertainty>1.46</uncertainty>
    </time>
    <latitude>
      <value>67.4924</value>
      <uncertainty>51.1</uncertainty>
    </latitude>
    <longitude>
      <value>32.5906</value>
      <uncertainty>12.1</uncertainty>
    </longitude>
    <depth>
      <value>5000</value>
    </depth>
    <depthType>from location</depthType>
    <methodID>smi:eu.emsc-csem/origin_method/NA</methodID>
    <quality>
      <usedPhaseCount>5</usedPhaseCount>
      <usedStationCount>3</usedStationCount>
      <standardError>0.6</standardError>
      <azimuthalGap>256</azimuthalGap>
      <minimumDistance>3.32</minimumDistance>
      <maximumDistance>34.41</maximumDistance>
    </quality>
    <evaluationMode>manual</evaluationMode>
    <creationInfo>
      <agencyURI>smi:smi-registry/organization/EMSC</agencyURI>
      <authorURI>smi:smi-registry/organization/EMSC</authorURI>
    </creationInfo>
    <originUncertainty>
      <azimuthMaxHorizontalUncertainty>82</azimuthMaxHorizontalUncertainty>
    </originUncertainty>
  </origin>
  <magnitude publicID="quakeml:eu.emsc/event/20060922_0000055/origin/1187484/mag/2">
    <mag>
      <value>2.7</value>
    </mag>
    <type>ML</type>
    <originID>quakeml:eu.emsc/event/20060922_0000055/origin/1187484</originID>
    <creationInfo>
      <agencyURI>smi:smi-registry/organization/EMSC</agencyURI>
      <authorURI>smi:smi-registry/organization/EMSC</authorURI>
    </creationInfo>
  </magnitude>
</event>
<event publicID="quakeml:eu.emsc/event/20060922_0000037">
  <preferredOriginID>quakeml:eu.emsc/event/20060922_0000037/origin/NR378</preferredOriginID>
  <preferredMagnitudeID>quakeml:eu.emsc/event/20060922_0000037/origin/NR378/mag/1</preferredMagnitudeID>
  <creationInfo>
    <agencyURI>smi:smi-registry/organization/EMSC</agencyURI>
    <authorURI>smi:smi-registry/organization/TEH</authorURI>
    <creationTime>2014-12-01T13:28:41.927608Z</creationTime>
  </creationInfo>
  <description>
    <text>NORTHEASTERN IRAN</text>
    <type>Flinn-Engdahl region</type>
  </description>
  <origin publicID="quakeml:eu.emsc/event/20060922_0000037/origin/NR378">
    <time>
      <value>2006-09-22T15:37:50.7Z</value>
    </time>
    <latitude>
      <value>36.51</value>
    </latitude>
    <longitude>
      <value>57.6</value>
    </longitude>
    <depth>
      <value>1000.0</value>
    </depth>
    <depthType>from location</depthType>
    <methodID>smi:eu.emsc-csem/origin_method/GEIGER</methodID>
    <quality>
      <usedPhaseCount>7</usedPhaseCount>
      <usedStationCount>6</usedStationCount>
      <azimuthalGap>258</azimuthalGap>
      <minimumDistance>0.62</minimumDistance>
      <maximumDistance>2.02</maximumDistance>
    </quality>
    <evaluationMode>manual</evaluationMode>
    <creationInfo>
      <agencyURI>smi:smi-registry/organization/EMSC</agencyURI>
      <authorURI>smi:smi-registry/organization/TEH</authorURI>
    </creationInfo>
  </origin>
  <magnitude publicID="quakeml:eu.emsc/event/20060922_0000037/origin/NR378/mag/1">
    <mag>
      <value>3.2</value>
    </mag>
    <type>m</type>
    <originID>quakeml:eu.emsc/event/20060922_0000037/origin/NR378</originID>
    <creationInfo>
      <agencyURI>smi:smi-registry/organization/EMSC</agencyURI>
      <authorURI>smi:smi-registry/organization/TEH</authorURI>
    </creationInfo>
  </magnitude>
</event>
<event publicID="quakeml:eu.emsc/event/20060922_0000050">
  <preferredOriginID>quakeml:eu.emsc/event/20060922_0000050/origin/1190070</preferredOriginID>
  <preferredMagnitudeID>quakeml:eu.emsc/event/20060922_0000050/origin/1190070/mag/2</preferredMagnitudeID>
  <creationInfo>
    <agencyURI>smi:smi-registry/organization/EMSC</agencyURI>
    <authorURI>smi:smi-registry/organization/EMSC</authorURI>
    <creationTime>2014-12-11T23:47:40.504322Z</creationTime>
  </creationInfo>
  <description>
    <text>DODECANESE ISLANDS, GREECE</text>
    <type>Flinn-Engdahl region</type>
  </description>
  <origin publicID="quakeml:eu.emsc/event/20060922_0000050/origin/1190070">
    <time>
      <value>2006-09-22T15:15:00.6Z</value>
    </time>
    <latitude>
      <value>36.49</value>
      <uncertainty>9999.9</uncertainty>
    </latitude>
    <longitude>
      <value>27.44</value>
      <uncertainty>9999.9</uncertainty>
    </longitude>
    <depth>
      <value>39000</value>
    </depth>
    <depthType>from location</depthType>
    <methodID>smi:eu.emsc-csem/origin_method/NA</methodID>
    <quality>
      <usedPhaseCount>6</usedPhaseCount>
      <usedStationCount>4</usedStationCount>
      <standardError>1.71</standardError>
      <azimuthalGap>245</azimuthalGap>
      <minimumDistance>0.62</minimumDistance>
      <maximumDistance>2.15</maximumDistance>
    </quality>
    <evaluationMode>manual</evaluationMode>
    <creationInfo>
      <agencyURI>smi:smi-registry/organization/EMSC</agencyURI>
      <authorURI>smi:smi-registry/organization/EMSC</authorURI>
    </creationInfo>
    <originUncertainty>
      <azimuthMaxHorizontalUncertainty>-99</azimuthMaxHorizontalUncertainty>
    </originUncertainty>
  </origin>
  <magnitude publicID="quakeml:eu.emsc/event/20060922_0000050/origin/1190070/mag/2">
    <mag>
      <value>3</value>
    </mag>
    <type>MD</type>
    <originID>quakeml:eu.emsc/event/20060922_0000050/origin/1190070</originID>
    <creationInfo>
      <agencyURI>smi:smi-registry/organization/EMSC</agencyURI>
      <authorURI>smi:smi-registry/organization/EMSC</authorURI>
    </creationInfo>
  </magnitude>
</event>
<event publicID="quakeml:eu.emsc/event/20060922_0000036">
  <preferredOriginID>quakeml:eu.emsc/event/20060922_0000036/origin/NR384</preferredOriginID>
  <preferredMagnitudeID>quakeml:eu.emsc/event/20060922_0000036/origin/NR384/mag/1</preferredMagnitudeID>
  <creationInfo>
    <agencyURI>smi:smi-registry/organization/EMSC</agencyURI>
    <authorURI>smi:smi-registry/organization/NNC</authorURI>
    <creationTime>2014-12-01T13:54:35.516864Z</creationTime>
  </creationInfo>
  <description>
    <text>EASTERN UZBEKISTAN</text>
    <type>Flinn-Engdahl region</type>
  </description>
  <origin publicID="quakeml:eu.emsc/event/20060922_0000036/origin/NR384">
    <time>
      <value>2006-09-22T15:11:33.0Z</value>
    </time>
    <latitude>
      <value>40.7</value>
    </latitude>
    <longitude>
      <value>68.06</value>
    </longitude>
    <depth>
      <value>1000.0</value>
    </depth>
    <depthType>from location</depthType>
    <methodID>smi:eu.emsc-csem/origin_method/GEIGER</methodID>
    <quality>
      <usedPhaseCount>2</usedPhaseCount>
      <usedStationCount>1</usedStationCount>
      <azimuthalGap>360</azimuthalGap>
      <minimumDistance>10.30</minimumDistance>
      <maximumDistance>10.30</maximumDistance>
    </quality>
    <evaluationMode>automatic</evaluationMode>
    <creationInfo>
      <agencyURI>smi:smi-registry/organization/EMSC</agencyURI>
      <authorURI>smi:smi-registry/organization/NNC</authorURI>
    </creationInfo>
  </origin>
  <magnitude publicID="quakeml:eu.emsc/event/20060922_0000036/origin/NR384/mag/1">
    <mag>
      <value>4.6</value>
    </mag>
    <type>ml</type>
    <originID>quakeml:eu.emsc/event/20060922_0000036/origin/NR384</originID>
    <creationInfo>
      <agencyURI>smi:smi-registry/organization/EMSC</agencyURI>
      <authorURI>smi:smi-registry/organization/NNC</authorURI>
    </creationInfo>
  </magnitude>
</event>
<event publicID="quakeml:eu.emsc/event/20060922_0000035">
  <preferredOriginID>quakeml:eu.emsc/event/20060922_0000035/origin/NS771</preferredOriginID>
  <preferredMagnitudeID>quakeml:eu.emsc/event/20060922_0000035/origin/NS771/mag/1</preferredMagnitudeID>
  <creationInfo>
    <agencyURI>smi:smi-registry/organization/EMSC</agencyURI>
    <authorURI>smi:smi-registry/organization/EMSC</authorURI>
    <creationTime>2014-12-01T14:20:12.414597Z</creationTime>
  </creationInfo>
  <description>
    <text>TAJIKISTAN</text>
    <type>Flinn-Engdahl region</type>
  </description>
  <origin publicID="quakeml:eu.emsc/event/20060922_0000035/origin/NS771">
    <time>
      <value>2006-09-22T15:10:06.0Z</value>
      <uncertainty>0.89</uncertainty>
    </time>
    <latitude>
      <value>38.75</value>
    </latitude>
    <longitude>
      <value>73.46</value>
    </longitude>
    <depth>
      <value>157000.0</value>
      <uncertainty>6.1</uncertainty>
    </depth>
    <depthType>from location</depthType>
    <methodID>smi:eu.emsc-csem/origin_method/NA</methodID>
    <quality>
      <usedPhaseCount>78</usedPhaseCount>
      <usedStationCount>77</usedStationCount>
      <standardError>0.92</standardError>
      <azimuthalGap>219</azimuthalGap>
      <minimumDistance>3.97</minimumDistance>
      <maximumDistance>60.90</maximumDistance>
    </quality>
    <evaluationMode>automatic</evaluationMode>
    <creationInfo>
      <agencyURI>smi:smi-registry/organization/EMSC</agencyURI>
      <authorURI>smi:smi-registry/organization/EMSC</authorURI>
    </creationInfo>
  </origin>
  <magnitude publicID="quakeml:eu.emsc/event/20060922_0000035/origin/NS771/mag/1">
    <mag>
      <value>4.7</value>
      <uncertainty>0.3</uncertainty>
    </mag>
    <type>mb</type>
    <originID>quakeml:eu.emsc/event/20060922_0000035/origin/NS771</originID>
    <creationInfo>
      <agencyURI>smi:smi-registry/organization/EMSC</agencyURI>
      <authorURI>smi:smi-registry/organization/EMSC</authorURI>
    </creationInfo>
  </magnitude>
</event>
<event publicID="quakeml:eu.emsc/event/20060922_0000066">
  <preferredOriginID>quakeml:eu.emsc/event/20060922_0000066/origin/1190072</preferredOriginID>
  <preferredMagnitudeID>quakeml:eu.emsc/event/20060922_0000066/origin/1190072/mag/2</preferredMagnitudeID>
  <creationInfo>
    <agencyURI>smi:smi-registry/organization/EMSC</agencyURI>
    <authorURI>smi:smi-registry/organization/EMSC</authorURI>
    <creationTime>2014-12-10T17:46:58.455198Z</creationTime>
  </creationInfo>
  <description>
    <text>PYRENEES</text>
    <type>Flinn-Engdahl region</type>
  </description>
  <origin publicID="quakeml:eu.emsc/event/20060922_0000066/origin/1190072">
    <time>
      <value>2006-09-22T15:07:16.0Z</value>
    </time>
    <latitude>
      <value>42.5534</value>
      <uncertainty>9999.9</uncertainty>
    </latitude>
    <longitude>
      <value>-1.6246</value>
      <uncertainty>9999.9</uncertainty>
    </longitude>
    <depth>
      <value>0</value>
    </depth>
    <depthType>from location</depthType>
    <methodID>smi:eu.emsc-csem/origin_method/NA</methodID>
    <quality>
      <usedPhaseCount>10</usedPhaseCount>
      <usedStationCount>6</usedStationCount>
      <standardError>0.66</standardError>
      <azimuthalGap>214</azimuthalGap>
      <minimumDistance>0.22</minimumDistance>
      <maximumDistance>1.49</maximumDistance>
    </quality>
    <evaluationMode>manual</evaluationMode>
    <creationInfo>
      <agencyURI>smi:smi-registry/organization/EMSC</agencyURI>
      <authorURI>smi:smi-registry/organization/EMSC</authorURI>
    </creationInfo>
    <originUncertainty>
      <azimuthMaxHorizontalUncertainty>-99</azimuthMaxHorizontalUncertainty>
    </originUncertainty>
  </origin>
  <magnitude publicID="quakeml:eu.emsc/event/20060922_0000066/origin/1190072/mag/2">
    <mag>
      <value>1.6</value>
    </mag>
    <type>ML</type>
    <originID>quakeml:eu.emsc/event/20060922_0000066/origin/1190072</originID>
    <creationInfo>
      <agencyURI>smi:smi-registry/organization/EMSC</agencyURI>
      <authorURI>smi:smi-registry/organization/EMSC</authorURI>
    </creationInfo>
  </magnitude>
</event>
<event publicID="quakeml:eu.emsc/event/20060922_0000034">
  <preferredOriginID>quakeml:eu.emsc/event/20060922_0000034/origin/1187486</preferredOriginID>
  <preferredMagnitudeID>quakeml:eu.emsc/event/20060922_0000034/origin/1187486/mag/2</preferredMagnitudeID>
  <creationInfo>
    <agencyURI>smi:smi-registry/organization/EMSC</agencyURI>
    <authorURI>smi:smi-registry/organization/EMSC</authorURI>
    <creationTime>2014-12-03T13:18:14.307807Z</creationTime>
  </creationInfo>
  <description>
    <text>EASTERN TURKEY</text>
    <type>Flinn-Engdahl region</type>
  </description>
  <origin publicID="quakeml:eu.emsc/event/20060922_0000034/origin/1187486">
    <time>
      <value>2006-09-22T14:54:52.9Z</value>
      <uncertainty>0.19</uncertainty>
    </time>
    <latitude>
      <value>38.095</value>
      <uncertainty>5.1</uncertainty>
    </latitude>
    <longitude>
      <value>41.4175</value>
      <uncertainty>4.2</uncertainty>
    </longitude>
    <depth>
      <value>2000</value>
    </depth>
    <depthType>from location</depthType>
    <methodID>smi:eu.emsc-csem/origin_method/NA</methodID>
    <quality>
      <usedPhaseCount>27</usedPhaseCount>
      <usedStationCount>21</usedStationCount>
      <standardError>1.17</standardError>
      <azimuthalGap>83</azimuthalGap>
      <minimumDistance>0.11</minimumDistance>
      <maximumDistance>3.63</maximumDistance>
    </quality>
    <evaluationMode>manual</evaluationMode>
    <creationInfo>
      <agencyURI>smi:smi-registry/organization/EMSC</agencyURI>
      <authorURI>smi:smi-registry/organization/EMSC</authorURI>
    </creationInfo>
    <originUncertainty>
      <azimuthMaxHorizontalUncertainty>9</azimuthMaxHorizontalUncertainty>
    </originUncertainty>
  </origin>
  <magnitude publicID="quakeml:eu.emsc/event/20060922_0000034/origin/1187486/mag/2">
    <mag>
      <value>3.4</value>
    </mag>
    <type>MD</type>
    <originID>quakeml:eu.emsc/event/20060922_0000034/origin/1187486</originID>
    <creationInfo>
      <agencyURI>smi:smi-registry/organization/EMSC</agencyURI>
      <authorURI>smi:smi-registry/organization/EMSC</authorURI>
    </creationInfo>
  </magnitude>
</event>
<event publicID="quakeml:eu.emsc/event/20060922_0000044">
  <preferredOriginID>quakeml:eu.emsc/event/20060922_0000044/origin/1187488</preferredOriginID>
  <preferredMagnitudeID>quakeml:eu.emsc/event/20060922_0000044/origin/1187488/mag/2</preferredMagnitudeID>
  <creationInfo>
    <agencyURI>smi:smi-registry/organization/EMSC</agencyURI>
    <authorURI>smi:smi-registry/organization/EMSC</authorURI>
    <creationTime>2014-12-03T11:28:22.807183Z</creationTime>
  </creationInfo>
  <description>
    <text>EASTERN TURKEY</text>
    <type>Flinn-Engdahl region</type>
  </description>
  <origin publicID="quakeml:eu.emsc/event/20060922_0000044/origin/1187488">
    <time>
      <value>2006-09-22T14:20:45.6Z</value>
      <uncertainty>0.28</uncertainty>
    </time>
    <latitude>
      <value>39.3359</value>
      <uncertainty>7.6</uncertainty>
    </latitude>
    <longitude>
      <value>40.654</value>
      <uncertainty>6.5</uncertainty>
    </longitude>
    <depth>
      <value>25000</value>
    </depth>
    <depthType>from location</depthType>
    <methodID>smi:eu.emsc-csem/origin_method/NA</methodID>
    <quality>
      <usedPhaseCount>12</usedPhaseCount>
      <usedStationCount>7</usedStationCount>
      <standardError>0.95</standardError>
      <azimuthalGap>90</azimuthalGap>
      <minimumDistance>0.48</minimumDistance>
      <maximumDistance>1.55</maximumDistance>
    </quality>
    <evaluationMode>manual</evaluationMode>
    <creationInfo>
      <agencyURI>smi:smi-registry/organization/EMSC</agencyURI>
      <authorURI>smi:smi-registry/organization/EMSC</authorURI>
    </creationInfo>
    <originUncertainty>
      <azimuthMaxHorizontalUncertainty>123</azimuthMaxHorizontalUncertainty>
    </originUncertainty>
  </origin>
  <magnitude publicID="quakeml:eu.emsc/event/20060922_0000044/origin/1187488/mag/2">
    <mag>
      <value>2.6</value>
    </mag>
    <type>MD</type>
    <originID>quakeml:eu.emsc/event/20060922_0000044/origin/1187488</originID>
    <creationInfo>
      <agencyURI>smi:smi-registry/organization/EMSC</agencyURI>
      <authorURI>smi:smi-registry/organization/EMSC</authorURI>
    </creationInfo>
  </magnitude>
</event>
<event publicID="quakeml:eu.emsc/event/20060922_0000033">
  <preferredOriginID>quakeml:eu.emsc/event/20060922_0000033/origin/NS409</preferredOriginID>
  <preferredMagnitudeID>quakeml:eu.emsc/event/20060922_0000033/origin/NS409/mag/1</preferredMagnitudeID>
  <creationInfo>
    <agencyURI>smi:smi-registry/organization/EMSC</agencyURI>
    <authorURI>smi:smi-registry/organization/EMSC</authorURI>
    <creationTime>2014-12-01T15:12:06.937833Z</creationTime>
  </creationInfo>
  <description>
    <text>HOKKAIDO, JAPAN REGION</text>
    <type>Flinn-Engdahl region</type>
  </description>
  <origin publicID="quakeml:eu.emsc/event/20060922_0000033/origin/NS409">
    <time>
      <value>2006-09-22T13:52:37.0Z</value>
      <uncertainty>1.20</uncertainty>
    </time>
    <latitude>
      <value>43.45</value>
    </latitude>
    <longitude>
      <value>141.82</value>
    </longitude>
    <depth>
      <value>181000.0</value>
      <uncertainty>4.6</uncertainty>
    </depth>
    <depthType>from location</depthType>
    <methodID>smi:eu.emsc-csem/origin_method/NA</methodID>
    <quality>
      <usedPhaseCount>10</usedPhaseCount>
      <usedStationCount>10</usedStationCount>
      <standardError>0.33</standardError>
      <azimuthalGap>280</azimuthalGap>
      <minimumDistance>3.56</minimumDistance>
      <maximumDistance>68.39</maximumDistance>
    </quality>
    <evaluationMode>automatic</evaluationMode>
    <creationInfo>
      <agencyURI>smi:smi-registry/organization/EMSC</agencyURI>
      <authorURI>smi:smi-registry/organization/EMSC</authorURI>
    </creationInfo>
  </origin>
  <magnitude publicID="quakeml:eu.emsc/event/20060922_0000033/origin/NS409/mag/1">
    <mag>
      <value>4.4</value>
      <uncertainty>0.1</uncertainty>
    </mag>
    <type>mb</type>
    <originID>quakeml:eu.emsc/event/20060922_0000033/origin/NS409</originID>
    <creationInfo>
      <agencyURI>smi:smi-registry/organization/EMSC</agencyURI>
      <authorURI>smi:smi-registry/organization/EMSC</authorURI>
    </creationInfo>
  </magnitude>
</event>
<event publicID="quakeml:eu.emsc/event/20060922_0000032">
  <preferredOriginID>quakeml:eu.emsc/event/20060922_0000032/origin/1187490</preferredOriginID>
  <preferredMagnitudeID>quakeml:eu.emsc/event/20060922_0000032/origin/1187490/mag/2</preferredMagnitudeID>
  <creationInfo>
    <agencyURI>smi:smi-registry/organization/EMSC</agencyURI>
    <authorURI>smi:smi-registry/organization/EMSC</authorURI>
    <creationTime>2014-12-03T13:33:32.921056Z</creationTime>
  </creationInfo>
  <description>
    <text>EASTERN TURKEY</text>
    <type>Flinn-Engdahl region</type>
  </description>
  <origin publicID="quakeml:eu.emsc/event/20060922_0000032/origin/1187490">
    <time>
      <value>2006-09-22T13:09:15.8Z</value>
      <uncertainty>0.22</uncertainty>
    </time>
    <latitude>
      <value>37.5198</value>
      <uncertainty>7</uncertainty>
    </latitude>
    <longitude>
      <value>38.6969</value>
      <uncertainty>5</uncertainty>
    </longitude>
    <depth>
      <value>12000</value>
    </depth>
    <depthType>from location</depthType>
    <methodID>smi:eu.emsc-csem/origin_method/NA</methodID>
    <quality>
      <usedPhaseCount>13</usedPhaseCount>
      <usedStationCount>10</usedStationCount>
      <standardError>0.78</standardError>
      <azimuthalGap>125</azimuthalGap>
      <minimumDistance>0.13</minimumDistance>
      <maximumDistance>2.28</maximumDistance>
    </quality>
    <evaluationMode>manual</evaluationMode>
    <creationInfo>
      <agencyURI>smi:smi-registry/organization/EMSC</agencyURI>
      <authorURI>smi:smi-registry/organization/EMSC</authorURI>
    </creationInfo>
    <originUncertainty>
      <azimuthMaxHorizontalUncertainty>161</azimuthMaxHorizontalUncertainty>
    </originUncertainty>
  </origin>
  <magnitude publicID="quakeml:eu.emsc/event/20060922_0000032/origin/1187490/mag/2">
    <mag>
      <value>2.9</value>
    </mag>
    <type>MD</type>
    <originID>quakeml:eu.emsc/event/20060922_0000032/origin/1187490</originID>
    <creationInfo>
      <agencyURI>smi:smi-registry/organization/EMSC</agencyURI>
      <authorURI>smi:smi-registry/organization/EMSC</authorURI>
    </creationInfo>
  </magnitude>
</event>
<event publicID="quakeml:eu.emsc/event/20060922_0000031">
  <preferredOriginID>quakeml:eu.emsc/event/20060922_0000031/origin/NS772</preferredOriginID>
  <preferredMagnitudeID>quakeml:eu.emsc/event/20060922_0000031/origin/NS772/mag/1</preferredMagnitudeID>
  <creationInfo>
    <agencyURI>smi:smi-registry/organization/EMSC</agencyURI>
    <authorURI>smi:smi-registry/organization/EMSC</authorURI>
    <creationTime>2014-12-01T13:54:35.309344Z</creationTime>
  </creationInfo>
  <description>
    <text>SOUTHEAST OF LOYALTY ISLANDS</text>
    <type>Flinn-Engdahl region</type>
  </description>
  <origin publicID="quakeml:eu.emsc/event/20060922_0000031/origin/NS772">
    <time>
      <value>2006-09-22T12:27:22.5Z</value>
      <uncertainty>0.31</uncertainty>
    </time>
    <latitude>
      <value>-22.36</value>
    </latitude>
    <longitude>
      <value>171.77</value>
    </longitude>
    <depth>
      <value>33000.0</value>
    </depth>
    <depthType>from location</depthType>
    <methodID>smi:eu.emsc-csem/origin_method/NA</methodID>
    <quality>
      <usedPhaseCount>34</usedPhaseCount>
      <usedStationCount>34</usedStationCount>
      <standardError>1.40</standardError>
      <azimuthalGap>161</azimuthalGap>
      <minimumDistance>26.90</minimumDistance>
      <maximumDistance>146.97</maximumDistance>
    </quality>
    <evaluationMode>automatic</evaluationMode>
    <creationInfo>
      <agencyURI>smi:smi-registry/organization/EMSC</agencyURI>
      <authorURI>smi:smi-registry/organization/EMSC</authorURI>
    </creationInfo>
  </origin>
  <magnitude publicID="quakeml:eu.emsc/event/20060922_0000031/origin/NS772/mag/1">
    <mag>
      <value>5.5</value>
      <uncertainty>0.4</uncertainty>
    </mag>
    <type>mb</type>
    <originID>quakeml:eu.emsc/event/20060922_0000031/origin/NS772</originID>
    <creationInfo>
      <agencyURI>smi:smi-registry/organization/EMSC</agencyURI>
      <authorURI>smi:smi-registry/organization/EMSC</authorURI>
    </creationInfo>
  </magnitude>
</event>
<event publicID="quakeml:eu.emsc/event/20060922_0000047">
  <preferredOriginID>quakeml:eu.emsc/event/20060922_0000047/origin/1187493</preferredOriginID>
  <preferredMagnitudeID>quakeml:eu.emsc/event/20060922_0000047/origin/1187493/mag/2</preferredMagnitudeID>
  <creationInfo>
    <agencyURI>smi:smi-registry/organization/EMSC</agencyURI>
    <authorURI>smi:smi-registry/organization/EMSC</authorURI>
    <creationTime>2014-12-03T11:57:30.443946Z</creationTime>
  </creationInfo>
  <description>
    <text>LEBANON - SYRIA REGION</text>
    <type>Flinn-Engdahl region</type>
  </description>
  <origin publicID="quakeml:eu.emsc/event/20060922_0000047/origin/1187493">
    <time>
      <value>2006-09-22T12:15:46.1Z</value>
      <uncertainty>0.26</uncertainty>
    </time>
    <latitude>
      <value>34.2587</value>
      <uncertainty>7</uncertainty>
    </latitude>
    <longitude>
      <value>36.2507</value>
      <uncertainty>5.9</uncertainty>
    </longitude>
    <depth>
      <value>12000</value>
    </depth>
    <depthType>from location</depthType>
    <methodID>smi:eu.emsc-csem/origin_method/NA</methodID>
    <quality>
      <usedPhaseCount>10</usedPhaseCount>
      <usedStationCount>7</usedStationCount>
      <standardError>0.75</standardError>
      <azimuthalGap>94</azimuthalGap>
      <minimumDistance>0.13</minimumDistance>
      <maximumDistance>1.25</maximumDistance>
    </quality>
    <evaluationMode>manual</evaluationMode>
    <creationInfo>
      <agencyURI>smi:smi-registry/organization/EMSC</agencyURI>
      <authorURI>smi:smi-registry/organization/EMSC</authorURI>
    </creationInfo>
    <originUncertainty>
      <azimuthMaxHorizontalUncertainty>1</azimuthMaxHorizontalUncertainty>
    </originUncertainty>
  </origin>
  <magnitude publicID="quakeml:eu.emsc/event/20060922_0000047/origin/1187493/mag/2">
    <mag>
      <value>2.7</value>
    </mag>
    <type>ML</type>
    <originID>quakeml:eu.emsc/event/20060922_0000047/origin/1187493</originID>
    <creationInfo>
      <agencyURI>smi:smi-registry/organization/EMSC</agencyURI>
      <authorURI>smi:smi-registry/organization/EMSC</authorURI>
    </creationInfo>
  </magnitude>
</event>
<event publicID="quakeml:eu.emsc/event/20060922_0000054">
  <preferredOriginID>quakeml:eu.emsc/event/20060922_0000054/origin/1187496</preferredOriginID>
  <preferredMagnitudeID>quakeml:eu.emsc/event/20060922_0000054/origin/1187496/mag/2</preferredMagnitudeID>
  <creationInfo>
    <agencyURI>smi:smi-registry/organization/EMSC</agencyURI>
    <authorURI>smi:smi-registry/organization/EMSC</authorURI>
    <creationTime>2014-12-03T11:35:49.157397Z</creationTime>
  </creationInfo>
  <description>
    <text>AEGEAN SEA</text>
    <type>Flinn-Engdahl region</type>
  </description>
  <origin publicID="quakeml:eu.emsc/event/20060922_0000054/origin/1187496">
    <time>
      <value>2006-09-22T12:11:59.3Z</value>
      <uncertainty>0.26</uncertainty>
    </time>
    <latitude>
      <value>38.9807</value>
      <uncertainty>6</uncertainty>
    </latitude>
    <longitude>
      <value>24.1887</value>
      <uncertainty>4.7</uncertainty>
    </longitude>
    <depth>
      <value>12000</value>
    </depth>
    <depthType>from location</depthType>
    <methodID>smi:eu.emsc-csem/origin_method/NA</methodID>
    <quality>
      <usedPhaseCount>17</usedPhaseCount>
      <usedStationCount>12</usedStationCount>
      <standardError>0.88</standardError>
      <azimuthalGap>159</azimuthalGap>
      <minimumDistance>0.31</minimumDistance>
      <maximumDistance>1.5</maximumDistance>
    </quality>
    <evaluationMode>manual</evaluationMode>
    <creationInfo>
      <agencyURI>smi:smi-registry/organization/EMSC</agencyURI>
      <authorURI>smi:smi-registry/organization/EMSC</authorURI>
    </creationInfo>
    <originUncertainty>
      <azimuthMaxHorizontalUncertainty>94</azimuthMaxHorizontalUncertainty>
    </originUncertainty>
  </origin>
  <magnitude publicID="quakeml:eu.emsc/event/20060922_0000054/origin/1187496/mag/2">
    <mag>
      <value>2.6</value>
    </mag>
    <type>ML</type>
    <originID>quakeml:eu.emsc/event/20060922_0000054/origin/1187496</originID>
    <creationInfo>
      <agencyURI>smi:smi-registry/organization/EMSC</agencyURI>
      <authorURI>smi:smi-registry/organization/EMSC</authorURI>
    </creationInfo>
  </magnitude>
</event>
<event publicID="quakeml:eu.emsc/event/20060922_0000072">
  <preferredOriginID>quakeml:eu.emsc/event/20060922_0000072/origin/1190074</preferredOriginID>
  <creationInfo>
    <agencyURI>smi:smi-registry/organization/EMSC</agencyURI>
    <authorURI>smi:smi-registry/organization/EMSC</authorURI>
    <creationTime>2014-12-10T17:46:57.939839Z</creationTime>
  </creationInfo>
  <description>
    <text>SPAIN</text>
    <type>Flinn-Engdahl region</type>
  </description>
  <origin publicID="quakeml:eu.emsc/event/20060922_0000072/origin/1190074">
    <time>
      <value>2006-09-22T11:51:03.2Z</value>
    </time>
    <latitude>
      <value>42.2456</value>
      <uncertainty>9999.9</uncertainty>
    </latitude>
    <longitude>
      <value>-3.2338</value>
      <uncertainty>9999.9</uncertainty>
    </longitude>
    <depth>
      <value>0</value>
    </depth>
    <depthType>from location</depthType>
    <methodID>smi:eu.emsc-csem/origin_method/NA</methodID>
    <quality>
      <usedPhaseCount>9</usedPhaseCount>
      <usedStationCount>5</usedStationCount>
      <standardError>1.57</standardError>
      <azimuthalGap>240</azimuthalGap>
      <minimumDistance>1</minimumDistance>
      <maximumDistance>1.8</maximumDistance>
    </quality>
    <evaluationMode>manual</evaluationMode>
    <creationInfo>
      <agencyURI>smi:smi-registry/organization/EMSC</agencyURI>
      <authorURI>smi:smi-registry/organization/EMSC</authorURI>
    </creationInfo>
    <originUncertainty>
      <azimuthMaxHorizontalUncertainty>-99</azimuthMaxHorizontalUncertainty>
    </originUncertainty>
  </origin>
</event>
<event publicID="quakeml:eu.emsc/event/20060922_0000064">
  <preferredOriginID>quakeml:eu.emsc/event/20060922_0000064/origin/1190076</preferredOriginID>
  <preferredMagnitudeID>quakeml:eu.emsc/event/20060922_0000064/origin/1190076/mag/2</preferredMagnitudeID>
  <creationInfo>
    <agencyURI>smi:smi-registry/organization/EMSC</agencyURI>
    <authorURI>smi:smi-registry/organization/EMSC</authorURI>
    <creationTime>2014-12-10T19:04:26.966326Z</creationTime>
  </creationInfo>
  <description>
    <text>SPAIN</text>
    <type>Flinn-Engdahl region</type>
  </description>
  <origin publicID="quakeml:eu.emsc/event/20060922_0000064/origin/1190076">
    <time>
      <value>2006-09-22T11:50:06.6Z</value>
    </time>
    <latitude>
      <value>41.0094</value>
      <uncertainty>9999.9</uncertainty>
    </latitude>
    <longitude>
      <value>-1.2442</value>
      <uncertainty>9999.9</uncertainty>
    </longitude>
    <depth>
      <value>0</value>
    </depth>
    <depthType>from location</depthType>
    <methodID>smi:eu.emsc-csem/origin_method/NA</methodID>
    <quality>
      <usedPhaseCount>7</usedPhaseCount>
      <usedStationCount>4</usedStationCount>
      <standardError>1.05</standardError>
      <azimuthalGap>145</azimuthalGap>
      <minimumDistance>0.64</minimumDistance>
      <maximumDistance>1.79</maximumDistance>
    </quality>
    <evaluationMode>manual</evaluationMode>
    <creationInfo>
      <agencyURI>smi:smi-registry/organization/EMSC</agencyURI>
      <authorURI>smi:smi-registry/organization/EMSC</authorURI>
    </creationInfo>
    <originUncertainty>
      <azimuthMaxHorizontalUncertainty>-99</azimuthMaxHorizontalUncertainty>
    </originUncertainty>
  </origin>
  <magnitude publicID="quakeml:eu.emsc/event/20060922_0000064/origin/1190076/mag/2">
    <mag>
      <value>2.1</value>
    </mag>
    <type>ML</type>
    <originID>quakeml:eu.emsc/event/20060922_0000064/origin/1190076</originID>
    <creationInfo>
      <agencyURI>smi:smi-registry/organization/EMSC</agencyURI>
      <authorURI>smi:smi-registry/organization/EMSC</authorURI>
    </creationInfo>
  </magnitude>
</event>
<event publicID="quakeml:eu.emsc/event/20060922_0000030">
  <preferredOriginID>quakeml:eu.emsc/event/20060922_0000030/origin/1187502</preferredOriginID>
  <preferredMagnitudeID>quakeml:eu.emsc/event/20060922_0000030/origin/1187502/mag/1</preferredMagnitudeID>
  <creationInfo>
    <agencyURI>smi:smi-registry/organization/EMSC</agencyURI>
    <authorURI>smi:smi-registry/organization/EMSC</authorURI>
    <creationTime>2014-12-03T13:33:34.623642Z</creationTime>
  </creationInfo>
  <description>
    <text>GERMANY</text>
    <type>Flinn-Engdahl region</type>
  </description>
  <origin publicID="quakeml:eu.emsc/event/20060922_0000030/origin/1187502">
    <time>
      <value>2006-09-22T11:48:11.4Z</value>
      <uncertainty>0.12</uncertainty>
    </time>
    <latitude>
      <value>50.2843</value>
      <uncertainty>2.4</uncertainty>
    </latitude>
    <longitude>
      <value>7.3594</value>
      <uncertainty>2.1</uncertainty>
    </longitude>
    <depth>
      <value>15000</value>
    </depth>
    <depthType>from location</depthType>
    <methodID>smi:eu.emsc-csem/origin_method/NA</methodID>
    <quality>
      <usedPhaseCount>133</usedPhaseCount>
      <usedStationCount>58</usedStationCount>
      <standardError>1.22</standardError>
      <azimuthalGap>73</azimuthalGap>
      <minimumDistance>0.08</minimumDistance>
      <maximumDistance>6.45</maximumDistance>
    </quality>
    <evaluationMode>manual</evaluationMode>
    <creationInfo>
      <agencyURI>smi:smi-registry/organization/EMSC</agencyURI>
      <authorURI>smi:smi-registry/organization/EMSC</authorURI>
    </creationInfo>
    <originUncertainty>
      <azimuthMaxHorizontalUncertainty>47</azimuthMaxHorizontalUncertainty>
    </originUncertainty>
  </origin>
  <magnitude publicID="quakeml:eu.emsc/event/20060922_0000030/origin/1187502/mag/1">
    <mag>
      <value>3.3</value>
      <uncertainty>0.3</uncertainty>
    </mag>
    <type>ML</type>
    <originID>quakeml:eu.emsc/event/20060922_0000030/origin/1187502</originID>
    <stationCount>20</stationCount>
    <creationInfo>
      <agencyURI>smi:smi-registry/organization/EMSC</agencyURI>
      <authorURI>smi:smi-registry/organization/EMSC</authorURI>
    </creationInfo>
  </magnitude>
</event>
<event publicID="quakeml:eu.emsc/event/20060922_0000070">
  <preferredOriginID>quakeml:eu.emsc/event/20060922_0000070/origin/1190078</preferredOriginID>
  <preferredMagnitudeID>quakeml:eu.emsc/event/20060922_0000070/origin/1190078/mag/2</preferredMagnitudeID>
  <creationInfo>
    <agencyURI>smi:smi-registry/organization/EMSC</agencyURI>
    <authorURI>smi:smi-registry/organization/EMSC</authorURI>
    <creationTime>2014-12-10T17:46:57.435455Z</creationTime>
  </creationInfo>
  <description>
    <text>SPAIN</text>
    <type>Flinn-Engdahl region</type>
  </description>
  <origin publicID="quakeml:eu.emsc/event/20060922_0000070/origin/1190078">
    <time>
      <value>2006-09-22T11:01:50.3Z</value>
    </time>
    <latitude>
      <value>42.9135</value>
      <uncertainty>9999.9</uncertainty>
    </latitude>
    <longitude>
      <value>-5.5943</value>
      <uncertainty>9999.9</uncertainty>
    </longitude>
    <depth>
      <value>0</value>
    </depth>
    <depthType>from location</depthType>
    <methodID>smi:eu.emsc-csem/origin_method/NA</methodID>
    <quality>
      <usedPhaseCount>8</usedPhaseCount>
      <usedStationCount>5</usedStationCount>
      <standardError>1.32</standardError>
      <azimuthalGap>105</azimuthalGap>
      <minimumDistance>0.48</minimumDistance>
      <maximumDistance>2.51</maximumDistance>
    </quality>
    <evaluationMode>manual</evaluationMode>
    <creationInfo>
      <agencyURI>smi:smi-registry/organization/EMSC</agencyURI>
      <authorURI>smi:smi-registry/organization/EMSC</authorURI>
    </creationInfo>
    <originUncertainty>
      <azimuthMaxHorizontalUncertainty>-99</azimuthMaxHorizontalUncertainty>
    </originUncertainty>
  </origin>
  <magnitude publicID="quakeml:eu.emsc/event/20060922_0000070/origin/1190078/mag/2">
    <mag>
      <value>1.6</value>
    </mag>
    <type>ML</type>
    <originID>quakeml:eu.emsc/event/20060922_0000070/origin/1190078</originID>
    <creationInfo>
      <agencyURI>smi:smi-registry/organization/EMSC</agencyURI>
      <authorURI>smi:smi-registry/organization/EMSC</authorURI>
    </creationInfo>
  </magnitude>
</event>
<event publicID="quakeml:eu.emsc/event/20060922_0000069">
  <preferredOriginID>quakeml:eu.emsc/event/20060922_0000069/origin/1190080</preferredOriginID>
  <preferredMagnitudeID>quakeml:eu.emsc/event/20060922_0000069/origin/1190080/mag/2</preferredMagnitudeID>
  <creationInfo>
    <agencyURI>smi:smi-registry/organization/EMSC</agencyURI>
    <authorURI>smi:smi-registry/organization/EMSC</authorURI>
    <creationTime>2014-12-10T17:46:56.93282Z</creationTime>
  </creationInfo>
  <description>
    <text>SPAIN</text>
    <type>Flinn-Engdahl region</type>
  </description>
  <origin publicID="quakeml:eu.emsc/event/20060922_0000069/origin/1190080">
    <time>
      <value>2006-09-22T10:46:22.2Z</value>
    </time>
    <latitude>
      <value>41.3178</value>
      <uncertainty>9999.9</uncertainty>
    </latitude>
    <longitude>
      <value>-1.3757</value>
      <uncertainty>9999.9</uncertainty>
    </longitude>
    <depth>
      <value>0</value>
    </depth>
    <depthType>from location</depthType>
    <methodID>smi:eu.emsc-csem/origin_method/NA</methodID>
    <quality>
      <usedPhaseCount>7</usedPhaseCount>
      <usedStationCount>4</usedStationCount>
      <standardError>1.19</standardError>
      <azimuthalGap>192</azimuthalGap>
      <minimumDistance>0.72</minimumDistance>
      <maximumDistance>1.34</maximumDistance>
    </quality>
    <evaluationMode>manual</evaluationMode>
    <creationInfo>
      <agencyURI>smi:smi-registry/organization/EMSC</agencyURI>
      <authorURI>smi:smi-registry/organization/EMSC</authorURI>
    </creationInfo>
    <originUncertainty>
      <azimuthMaxHorizontalUncertainty>-99</azimuthMaxHorizontalUncertainty>
    </originUncertainty>
  </origin>
  <magnitude publicID="quakeml:eu.emsc/event/20060922_0000069/origin/1190080/mag/2">
    <mag>
      <value>1.8</value>
    </mag>
    <type>ML</type>
    <originID>quakeml:eu.emsc/event/20060922_0000069/origin/1190080</originID>
    <creationInfo>
      <agencyURI>smi:smi-registry/organization/EMSC</agencyURI>
      <authorURI>smi:smi-registry/organization/EMSC</authorURI>
    </creationInfo>
  </magnitude>
</event>
<event publicID="quakeml:eu.emsc/event/20060922_0000065">
  <preferredOriginID>quakeml:eu.emsc/event/20060922_0000065/origin/1205244</preferredOriginID>
  <preferredMagnitudeID>quakeml:eu.emsc/event/20060922_0000065/origin/1205244/mag/2</preferredMagnitudeID>
  <creationInfo>
    <agencyURI>smi:smi-registry/organization/EMSC</agencyURI>
    <authorURI>smi:smi-registry/organization/EMSC</authorURI>
    <creationTime>2014-12-10T17:46:56.427144Z</creationTime>
  </creationInfo>
  <description>
    <text>SWITZERLAND</text>
    <type>Flinn-Engdahl region</type>
  </description>
  <origin publicID="quakeml:eu.emsc/event/20060922_0000065/origin/1205244">
    <time>
      <value>2006-09-22T10:13:47.1Z</value>
    </time>
    <latitude>
      <value>46.381</value>
      <uncertainty>9999.9</uncertainty>
    </latitude>
    <longitude>
      <value>6.883</value>
      <uncertainty>9999.9</uncertainty>
    </longitude>
    <depth>
      <value>0</value>
    </depth>
    <depthType>from location</depthType>
    <methodID>smi:eu.emsc-csem/origin_method/NA</methodID>
    <quality>
      <usedPhaseCount>9</usedPhaseCount>
      <usedStationCount>5</usedStationCount>
      <standardError>2.83</standardError>
      <azimuthalGap>283</azimuthalGap>
      <minimumDistance>0.06</minimumDistance>
      <maximumDistance>0.52</maximumDistance>
    </quality>
    <evaluationMode>manual</evaluationMode>
    <creationInfo>
      <agencyURI>smi:smi-registry/organization/EMSC</agencyURI>
      <authorURI>smi:smi-registry/organization/EMSC</authorURI>
    </creationInfo>
    <originUncertainty>
      <azimuthMaxHorizontalUncertainty>-99</azimuthMaxHorizontalUncertainty>
    </originUncertainty>
  </origin>
  <magnitude publicID="quakeml:eu.emsc/event/20060922_0000065/origin/1205244/mag/2">
    <mag>
      <value>1.1</value>
    </mag>
    <type>ML</type>
    <originID>quakeml:eu.emsc/event/20060922_0000065/origin/1205244</originID>
    <stationCount>4</stationCount>
    <creationInfo>
      <agencyURI>smi:smi-registry/organization/EMSC</agencyURI>
      <authorURI>smi:smi-registry/organization/EMSC</authorURI>
    </creationInfo>
  </magnitude>
</event>
<event publicID="quakeml:eu.emsc/event/20060922_0000045">
  <preferredOriginID>quakeml:eu.emsc/event/20060922_0000045/origin/1190082</preferredOriginID>
  <preferredMagnitudeID>quakeml:eu.emsc/event/20060922_0000045/origin/1190082/mag/2</preferredMagnitudeID>
  <creationInfo>
    <agencyURI>smi:smi-registry/organization/EMSC</agencyURI>
    <authorURI>smi:smi-registry/organization/EMSC</authorURI>
    <creationTime>2014-12-11T23:47:39.597001Z</creationTime>
  </creationInfo>
  <description>
    <text>URAL MOUNTAINS REGION, RUSSIA</text>
    <type>Flinn-Engdahl region</type>
  </description>
  <origin publicID="quakeml:eu.emsc/event/20060922_0000045/origin/1190082">
    <time>
      <value>2006-09-22T10:05:31.7Z</value>
    </time>
    <latitude>
      <value>54.4622</value>
      <uncertainty>9999.9</uncertainty>
    </latitude>
    <longitude>
      <value>61.707</value>
      <uncertainty>9999.9</uncertainty>
    </longitude>
    <depth>
      <value>0</value>
    </depth>
    <depthType>from location</depthType>
    <methodID>smi:eu.emsc-csem/origin_method/NA</methodID>
    <quality>
      <usedPhaseCount>8</usedPhaseCount>
      <usedStationCount>6</usedStationCount>
      <standardError>3.21</standardError>
      <azimuthalGap>244</azimuthalGap>
      <minimumDistance>4.59</minimumDistance>
      <maximumDistance>5.79</maximumDistance>
    </quality>
    <evaluationMode>manual</evaluationMode>
    <creationInfo>
      <agencyURI>smi:smi-registry/organization/EMSC</agencyURI>
      <authorURI>smi:smi-registry/organization/EMSC</authorURI>
    </creationInfo>
    <originUncertainty>
      <azimuthMaxHorizontalUncertainty>-99</azimuthMaxHorizontalUncertainty>
    </originUncertainty>
  </origin>
  <magnitude publicID="quakeml:eu.emsc/event/20060922_0000045/origin/1190082/mag/2">
    <mag>
      <value>3.1</value>
    </mag>
    <type>mb</type>
    <originID>quakeml:eu.emsc/event/20060922_0000045/origin/1190082</originID>
    <creationInfo>
      <agencyURI>smi:smi-registry/organization/EMSC</agencyURI>
      <authorURI>smi:smi-registry/organization/EMSC</authorURI>
    </creationInfo>
  </magnitude>
</event>
<event publicID="quakeml:eu.emsc/event/20060922_0000073">
  <preferredOriginID>quakeml:eu.emsc/event/20060922_0000073/origin/1190084</preferredOriginID>
  <preferredMagnitudeID>quakeml:eu.emsc/event/20060922_0000073/origin/1190084/mag/2</preferredMagnitudeID>
  <creationInfo>
    <agencyURI>smi:smi-registry/organization/EMSC</agencyURI>
    <authorURI>smi:smi-registry/organization/EMSC</authorURI>
    <creationTime>2014-12-10T17:46:55.921873Z</creationTime>
  </creationInfo>
  <description>
    <text>NORTHERN ITALY</text>
    <type>Flinn-Engdahl region</type>
  </description>
  <origin publicID="quakeml:eu.emsc/event/20060922_0000073/origin/1190084">
    <time>
      <value>2006-09-22T09:50:49.2Z</value>
    </time>
    <latitude>
      <value>45.893</value>
      <uncertainty>9999.9</uncertainty>
    </latitude>
    <longitude>
      <value>8.903</value>
      <uncertainty>9999.9</uncertainty>
    </longitude>
    <depth>
      <value>10400.0</value>
    </depth>
    <depthType>from location</depthType>
    <methodID>smi:eu.emsc-csem/origin_method/NA</methodID>
    <quality>
      <usedPhaseCount>7</usedPhaseCount>
      <usedStationCount>4</usedStationCount>
      <standardError>6.98</standardError>
      <azimuthalGap>210</azimuthalGap>
      <minimumDistance>0.1</minimumDistance>
      <maximumDistance>0.71</maximumDistance>
    </quality>
    <evaluationMode>manual</evaluationMode>
    <creationInfo>
      <agencyURI>smi:smi-registry/organization/EMSC</agencyURI>
      <authorURI>smi:smi-registry/organization/EMSC</authorURI>
    </creationInfo>
    <originUncertainty>
      <azimuthMaxHorizontalUncertainty>-99</azimuthMaxHorizontalUncertainty>
    </originUncertainty>
  </origin>
  <magnitude publicID="quakeml:eu.emsc/event/20060922_0000073/origin/1190084/mag/2">
    <mag>
      <value>1.6</value>
    </mag>
    <type>ML</type>
    <originID>quakeml:eu.emsc/event/20060922_0000073/origin/1190084</originID>
    <stationCount>5</stationCount>
    <creationInfo>
      <agencyURI>smi:smi-registry/organization/EMSC</agencyURI>
      <authorURI>smi:smi-registry/organization/EMSC</authorURI>
    </creationInfo>
  </magnitude>
</event>
<event publicID="quakeml:eu.emsc/event/20060922_0000053">
  <preferredOriginID>quakeml:eu.emsc/event/20060922_0000053/origin/1190086</preferredOriginID>
  <preferredMagnitudeID>quakeml:eu.emsc/event/20060922_0000053/origin/1190086/mag/2</preferredMagnitudeID>
  <creationInfo>
    <agencyURI>smi:smi-registry/organization/EMSC</agencyURI>
    <authorURI>smi:smi-registry/organization/EMSC</authorURI>
    <creationTime>2014-12-11T23:47:39.147881Z</creationTime>
  </creationInfo>
  <description>
    <text>URAL MOUNTAINS REGION, RUSSIA</text>
    <type>Flinn-Engdahl region</type>
  </description>
  <origin publicID="quakeml:eu.emsc/event/20060922_0000053/origin/1190086">
    <time>
      <value>2006-09-22T09:46:20.9Z</value>
    </time>
    <latitude>
      <value>54.383</value>
      <uncertainty>9999.9</uncertainty>
    </latitude>
    <longitude>
      <value>61.7097</value>
      <uncertainty>9999.9</uncertainty>
    </longitude>
    <depth>
      <value>0</value>
    </depth>
    <depthType>from location</depthType>
    <methodID>smi:eu.emsc-csem/origin_method/NA</methodID>
    <quality>
      <usedPhaseCount>9</usedPhaseCount>
      <usedStationCount>5</usedStationCount>
      <standardError>1.63</standardError>
      <azimuthalGap>242</azimuthalGap>
      <minimumDistance>4.55</minimumDistance>
      <maximumDistance>5.33</maximumDistance>
    </quality>
    <evaluationMode>manual</evaluationMode>
    <creationInfo>
      <agencyURI>smi:smi-registry/organization/EMSC</agencyURI>
      <authorURI>smi:smi-registry/organization/EMSC</authorURI>
    </creationInfo>
    <originUncertainty>
      <azimuthMaxHorizontalUncertainty>-99</azimuthMaxHorizontalUncertainty>
    </originUncertainty>
  </origin>
  <magnitude publicID="quakeml:eu.emsc/event/20060922_0000053/origin/1190086/mag/2">
    <mag>
      <value>3</value>
    </mag>
    <type>mb</type>
    <originID>quakeml:eu.emsc/event/20060922_0000053/origin/1190086</originID>
    <creationInfo>
      <agencyURI>smi:smi-registry/organization/EMSC</agencyURI>
      <authorURI>smi:smi-registry/organization/EMSC</authorURI>
    </creationInfo>
  </magnitude>
</event>
<event publicID="quakeml:eu.emsc/event/20060922_0000029">
  <preferredOriginID>quakeml:eu.emsc/event/20060922_0000029/origin/1190088</preferredOriginID>
  <preferredMagnitudeID>quakeml:eu.emsc/event/20060922_0000029/origin/1190088/mag/2</preferredMagnitudeID>
  <creationInfo>
    <agencyURI>smi:smi-registry/organization/EMSC</agencyURI>
    <authorURI>smi:smi-registry/organization/EMSC</authorURI>
    <creationTime>2014-12-11T23:47:38.616374Z</creationTime>
  </creationInfo>
  <description>
    <text>WESTERN TURKEY</text>
    <type>Flinn-Engdahl region</type>
  </description>
  <origin publicID="quakeml:eu.emsc/event/20060922_0000029/origin/1190088">
    <time>
      <value>2006-09-22T09:26:10.6Z</value>
    </time>
    <latitude>
      <value>40.769</value>
      <uncertainty>9999.9</uncertainty>
    </latitude>
    <longitude>
      <value>27.458</value>
      <uncertainty>9999.9</uncertainty>
    </longitude>
    <depth>
      <value>16000</value>
    </depth>
    <depthType>from location</depthType>
    <methodID>smi:eu.emsc-csem/origin_method/NA</methodID>
    <quality>
      <usedPhaseCount>13</usedPhaseCount>
      <usedStationCount>10</usedStationCount>
      <standardError>21.37</standardError>
      <azimuthalGap>93</azimuthalGap>
      <minimumDistance>0.14</minimumDistance>
      <maximumDistance>4.69</maximumDistance>
    </quality>
    <evaluationMode>manual</evaluationMode>
    <creationInfo>
      <agencyURI>smi:smi-registry/organization/EMSC</agencyURI>
      <authorURI>smi:smi-registry/organization/EMSC</authorURI>
    </creationInfo>
    <originUncertainty>
      <azimuthMaxHorizontalUncertainty>-99</azimuthMaxHorizontalUncertainty>
    </originUncertainty>
  </origin>
  <magnitude publicID="quakeml:eu.emsc/event/20060922_0000029/origin/1190088/mag/2">
    <mag>
      <value>2.8</value>
    </mag>
    <type>MD</type>
    <originID>quakeml:eu.emsc/event/20060922_0000029/origin/1190088</originID>
    <creationInfo>
      <agencyURI>smi:smi-registry/organization/EMSC</agencyURI>
      <authorURI>smi:smi-registry/organization/EMSC</authorURI>
    </creationInfo>
  </magnitude>
</event>
<event publicID="quakeml:eu.emsc/event/20060922_0000061">
  <preferredOriginID>quakeml:eu.emsc/event/20060922_0000061/origin/1190090</preferredOriginID>
  <preferredMagnitudeID>quakeml:eu.emsc/event/20060922_0000061/origin/1190090/mag/2</preferredMagnitudeID>
  <creationInfo>
    <agencyURI>smi:smi-registry/organization/EMSC</agencyURI>
    <authorURI>smi:smi-registry/organization/EMSC</authorURI>
    <creationTime>2014-12-10T17:46:55.362083Z</creationTime>
  </creationInfo>
  <description>
    <text>SPAIN</text>
    <type>Flinn-Engdahl region</type>
  </description>
  <origin publicID="quakeml:eu.emsc/event/20060922_0000061/origin/1190090">
    <time>
      <value>2006-09-22T09:01:20.4Z</value>
    </time>
    <latitude>
      <value>42.8309</value>
      <uncertainty>9999.9</uncertainty>
    </latitude>
    <longitude>
      <value>-5.2067</value>
      <uncertainty>9999.9</uncertainty>
    </longitude>
    <depth>
      <value>0</value>
    </depth>
    <depthType>from location</depthType>
    <methodID>smi:eu.emsc-csem/origin_method/NA</methodID>
    <quality>
      <usedPhaseCount>7</usedPhaseCount>
      <usedStationCount>4</usedStationCount>
      <standardError>1.08</standardError>
      <azimuthalGap>160</azimuthalGap>
      <minimumDistance>0.47</minimumDistance>
      <maximumDistance>1.51</maximumDistance>
    </quality>
    <evaluationMode>manual</evaluationMode>
    <creationInfo>
      <agencyURI>smi:smi-registry/organization/EMSC</agencyURI>
      <authorURI>smi:smi-registry/organization/EMSC</authorURI>
    </creationInfo>
    <originUncertainty>
      <azimuthMaxHorizontalUncertainty>-99</azimuthMaxHorizontalUncertainty>
    </originUncertainty>
  </origin>
  <magnitude publicID="quakeml:eu.emsc/event/20060922_0000061/origin/1190090/mag/2">
    <mag>
      <value>1.6</value>
    </mag>
    <type>ML</type>
    <originID>quakeml:eu.emsc/event/20060922_0000061/origin/1190090</originID>
    <creationInfo>
      <agencyURI>smi:smi-registry/organization/EMSC</agencyURI>
      <authorURI>smi:smi-registry/organization/EMSC</authorURI>
    </creationInfo>
  </magnitude>
</event>
<event publicID="quakeml:eu.emsc/event/20060922_0000028">
  <preferredOriginID>quakeml:eu.emsc/event/20060922_0000028/origin/1187509</preferredOriginID>
  <preferredMagnitudeID>quakeml:eu.emsc/event/20060922_0000028/origin/1187509/mag/2</preferredMagnitudeID>
  <creationInfo>
    <agencyURI>smi:smi-registry/organization/EMSC</agencyURI>
    <authorURI>smi:smi-registry/organization/EMSC</authorURI>
    <creationTime>2014-12-03T13:58:51.908734Z</creationTime>
  </creationInfo>
  <description>
    <text>NEAR THE COAST OF WESTERN TURKEY</text>
    <type>Flinn-Engdahl region</type>
  </description>
  <origin publicID="quakeml:eu.emsc/event/20060922_0000028/origin/1187509">
    <time>
      <value>2006-09-22T06:57:51.7Z</value>
      <uncertainty>0.19</uncertainty>
    </time>
    <latitude>
      <value>39.7925</value>
      <uncertainty>4.9</uncertainty>
    </latitude>
    <longitude>
      <value>26.1123</value>
      <uncertainty>4.2</uncertainty>
    </longitude>
    <depth>
      <value>10000</value>
    </depth>
    <depthType>from location</depthType>
    <methodID>smi:eu.emsc-csem/origin_method/NA</methodID>
    <quality>
      <usedPhaseCount>29</usedPhaseCount>
      <usedStationCount>23</usedStationCount>
      <standardError>0.96</standardError>
      <azimuthalGap>96</azimuthalGap>
      <minimumDistance>0.07</minimumDistance>
      <maximumDistance>2.81</maximumDistance>
    </quality>
    <evaluationMode>manual</evaluationMode>
    <creationInfo>
      <agencyURI>smi:smi-registry/organization/EMSC</agencyURI>
      <authorURI>smi:smi-registry/organization/EMSC</authorURI>
    </creationInfo>
    <originUncertainty>
      <azimuthMaxHorizontalUncertainty>66</azimuthMaxHorizontalUncertainty>
    </originUncertainty>
  </origin>
  <magnitude publicID="quakeml:eu.emsc/event/20060922_0000028/origin/1187509/mag/2">
    <mag>
      <value>3.1</value>
    </mag>
    <type>MD</type>
    <originID>quakeml:eu.emsc/event/20060922_0000028/origin/1187509</originID>
    <creationInfo>
      <agencyURI>smi:smi-registry/organization/EMSC</agencyURI>
      <authorURI>smi:smi-registry/organization/EMSC</authorURI>
    </creationInfo>
  </magnitude>
</event>
<event publicID="quakeml:eu.emsc/event/20060922_0000027">
  <preferredOriginID>quakeml:eu.emsc/event/20060922_0000027/origin/NS774</preferredOriginID>
  <preferredMagnitudeID>quakeml:eu.emsc/event/20060922_0000027/origin/NS774/mag/1</preferredMagnitudeID>
  <creationInfo>
    <agencyURI>smi:smi-registry/organization/EMSC</agencyURI>
    <authorURI>smi:smi-registry/organization/EMSC</authorURI>
    <creationTime>2014-12-01T12:36:48.71597Z</creationTime>
  </creationInfo>
  <description>
    <text>BANDA SEA</text>
    <type>Flinn-Engdahl region</type>
  </description>
  <origin publicID="quakeml:eu.emsc/event/20060922_0000027/origin/NS774">
    <time>
      <value>2006-09-22T05:57:14.2Z</value>
      <uncertainty>0.29</uncertainty>
    </time>
    <latitude>
      <value>-6.5</value>
    </latitude>
    <longitude>
      <value>128.72</value>
    </longitude>
    <depth>
      <value>335000.0</value>
      <uncertainty>3.7</uncertainty>
    </depth>
    <depthType>from location</depthType>
    <methodID>smi:eu.emsc-csem/origin_method/NA</methodID>
    <quality>
      <usedPhaseCount>16</usedPhaseCount>
      <usedStationCount>16</usedStationCount>
      <standardError>0.74</standardError>
      <azimuthalGap>125</azimuthalGap>
      <minimumDistance>2.85</minimumDistance>
      <maximumDistance>146.31</maximumDistance>
    </quality>
    <evaluationMode>automatic</evaluationMode>
    <creationInfo>
      <agencyURI>smi:smi-registry/organization/EMSC</agencyURI>
      <authorURI>smi:smi-registry/organization/EMSC</authorURI>
    </creationInfo>
  </origin>
  <magnitude publicID="quakeml:eu.emsc/event/20060922_0000027/origin/NS774/mag/1">
    <mag>
      <value>4.3</value>
      <uncertainty>0.1</uncertainty>
    </mag>
    <type>mb</type>
    <originID>quakeml:eu.emsc/event/20060922_0000027/origin/NS774</originID>
    <creationInfo>
      <agencyURI>smi:smi-registry/organization/EMSC</agencyURI>
      <authorURI>smi:smi-registry/organization/EMSC</authorURI>
    </creationInfo>
  </magnitude>
</event>
<event publicID="quakeml:eu.emsc/event/20060922_0000026">
  <preferredOriginID>quakeml:eu.emsc/event/20060922_0000026/origin/NR465</preferredOriginID>
  <preferredMagnitudeID>quakeml:eu.emsc/event/20060922_0000026/origin/NR465/mag/1</preferredMagnitudeID>
  <creationInfo>
    <agencyURI>smi:smi-registry/organization/EMSC</agencyURI>
    <authorURI>smi:smi-registry/organization/OBN</authorURI>
    <creationTime>2014-12-01T13:41:15.52421Z</creationTime>
  </creationInfo>
  <description>
    <text>BONIN ISLANDS, JAPAN REGION</text>
    <type>Flinn-Engdahl region</type>
  </description>
  <origin publicID="quakeml:eu.emsc/event/20060922_0000026/origin/NR465">
    <time>
      <value>2006-09-22T05:05:53.1Z</value>
    </time>
    <latitude>
      <value>28.85</value>
    </latitude>
    <longitude>
      <value>139.34</value>
    </longitude>
    <depth>
      <value>450000.0</value>
    </depth>
    <depthType>from location</depthType>
    <methodID>smi:eu.emsc-csem/origin_method/GEIGER</methodID>
    <quality>
      <usedPhaseCount>21</usedPhaseCount>
      <usedStationCount>21</usedStationCount>
      <azimuthalGap>138</azimuthalGap>
      <minimumDistance>13.50</minimumDistance>
      <maximumDistance>82.97</maximumDistance>
    </quality>
    <evaluationMode>manual</evaluationMode>
    <creationInfo>
      <agencyURI>smi:smi-registry/organization/EMSC</agencyURI>
      <authorURI>smi:smi-registry/organization/OBN</authorURI>
    </creationInfo>
  </origin>
  <magnitude publicID="quakeml:eu.emsc/event/20060922_0000026/origin/NR465/mag/1">
    <mag>
      <value>4.5</value>
    </mag>
    <type>mb</type>
    <originID>quakeml:eu.emsc/event/20060922_0000026/origin/NR465</originID>
    <creationInfo>
      <agencyURI>smi:smi-registry/organization/EMSC</agencyURI>
      <authorURI>smi:smi-registry/organization/OBN</authorURI>
    </creationInfo>
  </magnitude>
</event>
<event publicID="quakeml:eu.emsc/event/20060922_0000048">
  <preferredOriginID>quakeml:eu.emsc/event/20060922_0000048/origin/1187512</preferredOriginID>
  <preferredMagnitudeID>quakeml:eu.emsc/event/20060922_0000048/origin/1187512/mag/2</preferredMagnitudeID>
  <creationInfo>
    <agencyURI>smi:smi-registry/organization/EMSC</agencyURI>
    <authorURI>smi:smi-registry/organization/EMSC</authorURI>
    <creationTime>2014-12-03T11:26:35.953135Z</creationTime>
  </creationInfo>
  <description>
    <text>GREECE</text>
    <type>Flinn-Engdahl region</type>
  </description>
  <origin publicID="quakeml:eu.emsc/event/20060922_0000048/origin/1187512">
    <time>
      <value>2006-09-22T04:30:12.7Z</value>
      <uncertainty>0.37</uncertainty>
    </time>
    <latitude>
      <value>40.4332</value>
      <uncertainty>5.5</uncertainty>
    </latitude>
    <longitude>
      <value>21.485</value>
      <uncertainty>4.8</uncertainty>
    </longitude>
    <depth>
      <value>19100.0</value>
      <uncertainty>0.2</uncertainty>
    </depth>
    <depthType>from location</depthType>
    <methodID>smi:eu.emsc-csem/origin_method/NA</methodID>
    <quality>
      <usedPhaseCount>18</usedPhaseCount>
      <usedStationCount>11</usedStationCount>
      <standardError>0.9</standardError>
      <azimuthalGap>97</azimuthalGap>
      <minimumDistance>0.36</minimumDistance>
      <maximumDistance>1.69</maximumDistance>
    </quality>
    <evaluationMode>manual</evaluationMode>
    <creationInfo>
      <agencyURI>smi:smi-registry/organization/EMSC</agencyURI>
      <authorURI>smi:smi-registry/organization/EMSC</authorURI>
    </creationInfo>
    <originUncertainty>
      <azimuthMaxHorizontalUncertainty>45</azimuthMaxHorizontalUncertainty>
    </originUncertainty>
  </origin>
  <magnitude publicID="quakeml:eu.emsc/event/20060922_0000048/origin/1187512/mag/2">
    <mag>
      <value>2.7</value>
    </mag>
    <type>ML</type>
    <originID>quakeml:eu.emsc/event/20060922_0000048/origin/1187512</originID>
    <creationInfo>
      <agencyURI>smi:smi-registry/organization/EMSC</agencyURI>
      <authorURI>smi:smi-registry/organization/EMSC</authorURI>
    </creationInfo>
  </magnitude>
</event>
<event publicID="quakeml:eu.emsc/event/20060922_0000025">
  <preferredOriginID>quakeml:eu.emsc/event/20060922_0000025/origin/NR474</preferredOriginID>
  <preferredMagnitudeID>quakeml:eu.emsc/event/20060922_0000025/origin/NR474/mag/1</preferredMagnitudeID>
  <creationInfo>
    <agencyURI>smi:smi-registry/organization/EMSC</agencyURI>
    <authorURI>smi:smi-registry/organization/THE</authorURI>
    <creationTime>2014-12-01T14:20:12.337053Z</creationTime>
  </creationInfo>
  <description>
    <text>GREECE</text>
    <type>Flinn-Engdahl region</type>
  </description>
  <origin publicID="quakeml:eu.emsc/event/20060922_0000025/origin/NR474">
    <time>
      <value>2006-09-22T03:55:07.0Z</value>
    </time>
    <latitude>
      <value>40.3</value>
    </latitude>
    <longitude>
      <value>21.6</value>
    </longitude>
    <depth>
      <value>1000.0</value>
    </depth>
    <depthType>from location</depthType>
    <methodID>smi:eu.emsc-csem/origin_method/GEIGER</methodID>
    <quality>
      <usedPhaseCount>5</usedPhaseCount>
      <usedStationCount>5</usedStationCount>
      <azimuthalGap>184</azimuthalGap>
      <minimumDistance>0.51</minimumDistance>
      <maximumDistance>6.34</maximumDistance>
    </quality>
    <evaluationMode>automatic</evaluationMode>
    <creationInfo>
      <agencyURI>smi:smi-registry/organization/EMSC</agencyURI>
      <authorURI>smi:smi-registry/organization/THE</authorURI>
    </creationInfo>
  </origin>
  <magnitude publicID="quakeml:eu.emsc/event/20060922_0000025/origin/NR474/mag/1">
    <mag>
      <value>3.3</value>
    </mag>
    <type>ml</type>
    <originID>quakeml:eu.emsc/event/20060922_0000025/origin/NR474</originID>
    <creationInfo>
      <agencyURI>smi:smi-registry/organization/EMSC</agencyURI>
      <authorURI>smi:smi-registry/organization/THE</authorURI>
    </creationInfo>
  </magnitude>
</event>
<event publicID="quakeml:eu.emsc/event/20060922_0000042">
  <preferredOriginID>quakeml:eu.emsc/event/20060922_0000042/origin/1186817</preferredOriginID>
  <preferredMagnitudeID>quakeml:eu.emsc/event/20060922_0000042/origin/1186817/mag/2</preferredMagnitudeID>
  <creationInfo>
    <agencyURI>smi:smi-registry/organization/EMSC</agencyURI>
    <authorURI>smi:smi-registry/organization/EMSC</authorURI>
    <creationTime>2014-12-03T10:43:11.350837Z</creationTime>
  </creationInfo>
  <description>
    <text>PYRENEES</text>
    <type>Flinn-Engdahl region</type>
  </description>
  <origin publicID="quakeml:eu.emsc/event/20060922_0000042/origin/1186817">
    <time>
      <value>2006-09-22T02:51:29.8Z</value>
      <uncertainty>0.12</uncertainty>
    </time>
    <latitude>
      <value>42.754</value>
      <uncertainty>3.1</uncertainty>
    </latitude>
    <longitude>
      <value>0.7992</value>
      <uncertainty>1</uncertainty>
    </longitude>
    <depth>
      <value>15000</value>
    </depth>
    <depthType>from location</depthType>
    <methodID>smi:eu.emsc-csem/origin_method/NA</methodID>
    <quality>
      <usedPhaseCount>11</usedPhaseCount>
      <usedStationCount>6</usedStationCount>
      <standardError>0.22</standardError>
      <azimuthalGap>190</azimuthalGap>
      <minimumDistance>0.12</minimumDistance>
      <maximumDistance>1.19</maximumDistance>
    </quality>
    <evaluationMode>manual</evaluationMode>
    <creationInfo>
      <agencyURI>smi:smi-registry/organization/EMSC</agencyURI>
      <authorURI>smi:smi-registry/organization/EMSC</authorURI>
    </creationInfo>
    <originUncertainty>
      <azimuthMaxHorizontalUncertainty>7</azimuthMaxHorizontalUncertainty>
    </originUncertainty>
  </origin>
  <magnitude publicID="quakeml:eu.emsc/event/20060922_0000042/origin/1186817/mag/2">
    <mag>
      <value>1.4</value>
      <uncertainty>0.1</uncertainty>
    </mag>
    <type>ML</type>
    <originID>quakeml:eu.emsc/event/20060922_0000042/origin/1186817</originID>
    <stationCount>2</stationCount>
    <creationInfo>
      <agencyURI>smi:smi-registry/organization/EMSC</agencyURI>
      <authorURI>smi:smi-registry/organization/EMSC</authorURI>
    </creationInfo>
  </magnitude>
</event>
<event publicID="quakeml:eu.emsc/event/20060922_0000052">
  <preferredOriginID>quakeml:eu.emsc/event/20060922_0000052/origin/1187515</preferredOriginID>
  <preferredMagnitudeID>quakeml:eu.emsc/event/20060922_0000052/origin/1187515/mag/2</preferredMagnitudeID>
  <creationInfo>
    <agencyURI>smi:smi-registry/organization/EMSC</agencyURI>
    <authorURI>smi:smi-registry/organization/EMSC</authorURI>
    <creationTime>2014-12-03T11:47:17.310014Z</creationTime>
  </creationInfo>
  <description>
    <text>GREECE</text>
    <type>Flinn-Engdahl region</type>
  </description>
  <origin publicID="quakeml:eu.emsc/event/20060922_0000052/origin/1187515">
    <time>
      <value>2006-09-22T02:44:34.8Z</value>
      <uncertainty>0.32</uncertainty>
    </time>
    <latitude>
      <value>39.1785</value>
      <uncertainty>7.3</uncertainty>
    </latitude>
    <longitude>
      <value>21.625</value>
      <uncertainty>6.5</uncertainty>
    </longitude>
    <depth>
      <value>10000</value>
    </depth>
    <depthType>from location</depthType>
    <methodID>smi:eu.emsc-csem/origin_method/NA</methodID>
    <quality>
      <usedPhaseCount>17</usedPhaseCount>
      <usedStationCount>12</usedStationCount>
      <standardError>1.14</standardError>
      <azimuthalGap>70</azimuthalGap>
      <minimumDistance>0.3</minimumDistance>
      <maximumDistance>2.89</maximumDistance>
    </quality>
    <evaluationMode>manual</evaluationMode>
    <creationInfo>
      <agencyURI>smi:smi-registry/organization/EMSC</agencyURI>
      <authorURI>smi:smi-registry/organization/EMSC</authorURI>
    </creationInfo>
    <originUncertainty>
      <azimuthMaxHorizontalUncertainty>79</azimuthMaxHorizontalUncertainty>
    </originUncertainty>
  </origin>
  <magnitude publicID="quakeml:eu.emsc/event/20060922_0000052/origin/1187515/mag/2">
    <mag>
      <value>3.3</value>
    </mag>
    <type>MD</type>
    <originID>quakeml:eu.emsc/event/20060922_0000052/origin/1187515</originID>
    <creationInfo>
      <agencyURI>smi:smi-registry/organization/EMSC</agencyURI>
      <authorURI>smi:smi-registry/organization/EMSC</authorURI>
    </creationInfo>
  </magnitude>
</event>
<event publicID="quakeml:eu.emsc/event/20060922_0000049">
  <preferredOriginID>quakeml:eu.emsc/event/20060922_0000049/origin/1187518</preferredOriginID>
  <preferredMagnitudeID>quakeml:eu.emsc/event/20060922_0000049/origin/1187518/mag/2</preferredMagnitudeID>
  <creationInfo>
    <agencyURI>smi:smi-registry/organization/EMSC</agencyURI>
    <authorURI>smi:smi-registry/organization/EMSC</authorURI>
    <creationTime>2014-12-03T11:37:53.713966Z</creationTime>
  </creationInfo>
  <description>
    <text>CRETE, GREECE</text>
    <type>Flinn-Engdahl region</type>
  </description>
  <origin publicID="quakeml:eu.emsc/event/20060922_0000049/origin/1187518">
    <time>
      <value>2006-09-22T02:37:57.5Z</value>
      <uncertainty>0.28</uncertainty>
    </time>
    <latitude>
      <value>34.9757</value>
      <uncertainty>9.5</uncertainty>
    </latitude>
    <longitude>
      <value>24.1029</value>
      <uncertainty>7</uncertainty>
    </longitude>
    <depth>
      <value>34300.0</value>
      <uncertainty>4.3</uncertainty>
    </depth>
    <depthType>from location</depthType>
    <methodID>smi:eu.emsc-csem/origin_method/NA</methodID>
    <quality>
      <usedPhaseCount>13</usedPhaseCount>
      <usedStationCount>12</usedStationCount>
      <standardError>0.7</standardError>
      <azimuthalGap>136</azimuthalGap>
      <minimumDistance>0.14</minimumDistance>
      <maximumDistance>5.86</maximumDistance>
    </quality>
    <evaluationMode>manual</evaluationMode>
    <creationInfo>
      <agencyURI>smi:smi-registry/organization/EMSC</agencyURI>
      <authorURI>smi:smi-registry/organization/EMSC</authorURI>
    </creationInfo>
    <originUncertainty>
      <azimuthMaxHorizontalUncertainty>60</azimuthMaxHorizontalUncertainty>
    </originUncertainty>
  </origin>
  <magnitude publicID="quakeml:eu.emsc/event/20060922_0000049/origin/1187518/mag/2">
    <mag>
      <value>3</value>
    </mag>
    <type>ML</type>
    <originID>quakeml:eu.emsc/event/20060922_0000049/origin/1187518</originID>
    <creationInfo>
      <agencyURI>smi:smi-registry/organization/EMSC</agencyURI>
      <authorURI>smi:smi-registry/organization/EMSC</authorURI>
    </creationInfo>
  </magnitude>
</event>
<event publicID="quakeml:eu.emsc/event/20060922_0000024">
  <preferredOriginID>quakeml:eu.emsc/event/20060922_0000024/origin/NR452</preferredOriginID>
  <preferredMagnitudeID>quakeml:eu.emsc/event/20060922_0000024/origin/NR452/mag/1</preferredMagnitudeID>
  <creationInfo>
    <agencyURI>smi:smi-registry/organization/EMSC</agencyURI>
    <authorURI>smi:smi-registry/organization/EMSC</authorURI>
    <creationTime>2014-12-01T12:49:57.906117Z</creationTime>
  </creationInfo>
  <description>
    <text>SANTIAGO DEL ESTERO, ARGENTINA</text>
    <type>Flinn-Engdahl region</type>
  </description>
  <origin publicID="quakeml:eu.emsc/event/20060922_0000024/origin/NR452">
    <time>
      <value>2006-09-22T02:32:22.1Z</value>
      <uncertainty>0.28</uncertainty>
    </time>
    <latitude>
      <value>-26.77</value>
    </latitude>
    <longitude>
      <value>-63.09</value>
    </longitude>
    <depth>
      <value>563000.0</value>
      <uncertainty>3.5</uncertainty>
    </depth>
    <depthType>from location</depthType>
    <methodID>smi:eu.emsc-csem/origin_method/NA</methodID>
    <quality>
      <usedPhaseCount>389</usedPhaseCount>
      <usedStationCount>384</usedStationCount>
      <standardError>0.77</standardError>
      <azimuthalGap>48</azimuthalGap>
      <minimumDistance>6.72</minimumDistance>
      <maximumDistance>143.73</maximumDistance>
    </quality>
    <evaluationMode>automatic</evaluationMode>
    <creationInfo>
      <agencyURI>smi:smi-registry/organization/EMSC</agencyURI>
      <authorURI>smi:smi-registry/organization/EMSC</authorURI>
    </creationInfo>
  </origin>
  <magnitude publicID="quakeml:eu.emsc/event/20060922_0000024/origin/NR452/mag/1">
    <mag>
      <value>6.0</value>
      <uncertainty>0.4</uncertainty>
    </mag>
    <type>mw</type>
    <originID>quakeml:eu.emsc/event/20060922_0000024/origin/NR452</originID>
    <creationInfo>
      <agencyURI>smi:smi-registry/organization/EMSC</agencyURI>
      <authorURI>smi:smi-registry/organization/EMSC</authorURI>
    </creationInfo>
  </magnitude>
</event>
<event publicID="quakeml:eu.emsc/event/20060922_0000023">
  <preferredOriginID>quakeml:eu.emsc/event/20060922_0000023/origin/1190092</preferredOriginID>
  <preferredMagnitudeID>quakeml:eu.emsc/event/20060922_0000023/origin/1190092/mag/2</preferredMagnitudeID>
  <creationInfo>
    <agencyURI>smi:smi-registry/organization/EMSC</agencyURI>
    <authorURI>smi:smi-registry/organization/EMSC</authorURI>
    <creationTime>2014-12-11T23:47:38.55491Z</creationTime>
  </creationInfo>
  <description>
    <text>WESTERN TURKEY</text>
    <type>Flinn-Engdahl region</type>
  </description>
  <origin publicID="quakeml:eu.emsc/event/20060922_0000023/origin/1190092">
    <time>
      <value>2006-09-22T01:52:07.8Z</value>
    </time>
    <latitude>
      <value>39.43</value>
      <uncertainty>9999.9</uncertainty>
    </latitude>
    <longitude>
      <value>27.766</value>
      <uncertainty>9999.9</uncertainty>
    </longitude>
    <depth>
      <value>21000</value>
    </depth>
    <depthType>from location</depthType>
    <methodID>smi:eu.emsc-csem/origin_method/NA</methodID>
    <quality>
      <usedPhaseCount>12</usedPhaseCount>
      <usedStationCount>10</usedStationCount>
      <standardError>16.06</standardError>
      <azimuthalGap>89</azimuthalGap>
      <minimumDistance>0.55</minimumDistance>
      <maximumDistance>4.65</maximumDistance>
    </quality>
    <evaluationMode>manual</evaluationMode>
    <creationInfo>
      <agencyURI>smi:smi-registry/organization/EMSC</agencyURI>
      <authorURI>smi:smi-registry/organization/EMSC</authorURI>
    </creationInfo>
    <originUncertainty>
      <azimuthMaxHorizontalUncertainty>-99</azimuthMaxHorizontalUncertainty>
    </originUncertainty>
  </origin>
  <magnitude publicID="quakeml:eu.emsc/event/20060922_0000023/origin/1190092/mag/2">
    <mag>
      <value>2.8</value>
    </mag>
    <type>MD</type>
    <originID>quakeml:eu.emsc/event/20060922_0000023/origin/1190092</originID>
    <creationInfo>
      <agencyURI>smi:smi-registry/organization/EMSC</agencyURI>
      <authorURI>smi:smi-registry/organization/EMSC</authorURI>
    </creationInfo>
  </magnitude>
</event>
<event publicID="quakeml:eu.emsc/event/20060922_0000067">
  <preferredOriginID>quakeml:eu.emsc/event/20060922_0000067/origin/1190094</preferredOriginID>
  <preferredMagnitudeID>quakeml:eu.emsc/event/20060922_0000067/origin/1190094/mag/2</preferredMagnitudeID>
  <creationInfo>
    <agencyURI>smi:smi-registry/organization/EMSC</agencyURI>
    <authorURI>smi:smi-registry/organization/EMSC</authorURI>
    <creationTime>2014-12-11T23:47:37.580472Z</creationTime>
  </creationInfo>
  <description>
    <text>SWEDEN</text>
    <type>Flinn-Engdahl region</type>
  </description>
  <origin publicID="quakeml:eu.emsc/event/20060922_0000067/origin/1190094">
    <time>
      <value>2006-09-22T01:25:13.5Z</value>
    </time>
    <latitude>
      <value>67.843</value>
      <uncertainty>9999.9</uncertainty>
    </latitude>
    <longitude>
      <value>20.202</value>
      <uncertainty>9999.9</uncertainty>
    </longitude>
    <depth>
      <value>100.0</value>
    </depth>
    <depthType>from location</depthType>
    <methodID>smi:eu.emsc-csem/origin_method/NA</methodID>
    <quality>
      <usedPhaseCount>12</usedPhaseCount>
      <usedStationCount>9</usedStationCount>
      <standardError>0.6</standardError>
      <azimuthalGap>158</azimuthalGap>
      <minimumDistance>0.12</minimumDistance>
      <maximumDistance>2.35</maximumDistance>
    </quality>
    <evaluationMode>manual</evaluationMode>
    <creationInfo>
      <agencyURI>smi:smi-registry/organization/EMSC</agencyURI>
      <authorURI>smi:smi-registry/organization/EMSC</authorURI>
    </creationInfo>
    <originUncertainty>
      <azimuthMaxHorizontalUncertainty>-99</azimuthMaxHorizontalUncertainty>
    </originUncertainty>
  </origin>
  <magnitude publicID="quakeml:eu.emsc/event/20060922_0000067/origin/1190094/mag/2">
    <mag>
      <value>3.1</value>
    </mag>
    <type>ML</type>
    <originID>quakeml:eu.emsc/event/20060922_0000067/origin/1190094</originID>
    <creationInfo>
      <agencyURI>smi:smi-registry/organization/EMSC</agencyURI>
      <authorURI>smi:smi-registry/organization/EMSC</authorURI>
    </creationInfo>
  </magnitude>
</event>
<event publicID="quakeml:eu.emsc/event/20060922_0000022">
  <preferredOriginID>quakeml:eu.emsc/event/20060922_0000022/origin/1187523</preferredOriginID>
  <preferredMagnitudeID>quakeml:eu.emsc/event/20060922_0000022/origin/1187523/mag/2</preferredMagnitudeID>
  <creationInfo>
    <agencyURI>smi:smi-registry/organization/EMSC</agencyURI>
    <authorURI>smi:smi-registry/organization/EMSC</authorURI>
    <creationTime>2014-12-03T12:53:08.81529Z</creationTime>
  </creationInfo>
  <description>
    <text>NORTHERN ALGERIA</text>
    <type>Flinn-Engdahl region</type>
  </description>
  <origin publicID="quakeml:eu.emsc/event/20060922_0000022/origin/1187523">
    <time>
      <value>2006-09-22T00:53:41.5Z</value>
      <uncertainty>0.21</uncertainty>
    </time>
    <latitude>
      <value>36.8924</value>
      <uncertainty>6.5</uncertainty>
    </latitude>
    <longitude>
      <value>3.5554</value>
      <uncertainty>5.2</uncertainty>
    </longitude>
    <depth>
      <value>2000</value>
    </depth>
    <depthType>from location</depthType>
    <methodID>smi:eu.emsc-csem/origin_method/NA</methodID>
    <quality>
      <usedPhaseCount>22</usedPhaseCount>
      <usedStationCount>22</usedStationCount>
      <standardError>0.73</standardError>
      <azimuthalGap>75</azimuthalGap>
      <minimumDistance>0.15</minimumDistance>
      <maximumDistance>8.94</maximumDistance>
    </quality>
    <evaluationMode>manual</evaluationMode>
    <creationInfo>
      <agencyURI>smi:smi-registry/organization/EMSC</agencyURI>
      <authorURI>smi:smi-registry/organization/EMSC</authorURI>
    </creationInfo>
    <originUncertainty>
      <azimuthMaxHorizontalUncertainty>80</azimuthMaxHorizontalUncertainty>
    </originUncertainty>
  </origin>
  <magnitude publicID="quakeml:eu.emsc/event/20060922_0000022/origin/1187523/mag/2">
    <mag>
      <value>3.5</value>
    </mag>
    <type>ML</type>
    <originID>quakeml:eu.emsc/event/20060922_0000022/origin/1187523</originID>
    <creationInfo>
      <agencyURI>smi:smi-registry/organization/EMSC</agencyURI>
      <authorURI>smi:smi-registry/organization/EMSC</authorURI>
    </creationInfo>
  </magnitude>
</event>
<event publicID="quakeml:eu.emsc/event/20060922_0000021">
  <preferredOriginID>quakeml:eu.emsc/event/20060922_0000021/origin/1187526</preferredOriginID>
  <preferredMagnitudeID>quakeml:eu.emsc/event/20060922_0000021/origin/1187526/mag/2</preferredMagnitudeID>
  <creationInfo>
    <agencyURI>smi:smi-registry/organization/EMSC</agencyURI>
    <authorURI>smi:smi-registry/organization/EMSC</authorURI>
    <creationTime>2014-12-03T14:39:09.622325Z</creationTime>
  </creationInfo>
  <description>
    <text>GREECE</text>
    <type>Flinn-Engdahl region</type>
  </description>
  <origin publicID="quakeml:eu.emsc/event/20060922_0000021/origin/1187526">
    <time>
      <value>2006-09-22T00:33:06.9Z</value>
      <uncertainty>0.38</uncertainty>
    </time>
    <latitude>
      <value>38.5029</value>
      <uncertainty>10</uncertainty>
    </latitude>
    <longitude>
      <value>20.6107</value>
      <uncertainty>5.2</uncertainty>
    </longitude>
    <depth>
      <value>2000</value>
    </depth>
    <depthType>from location</depthType>
    <methodID>smi:eu.emsc-csem/origin_method/NA</methodID>
    <quality>
      <usedPhaseCount>27</usedPhaseCount>
      <usedStationCount>22</usedStationCount>
      <standardError>1.13</standardError>
      <azimuthalGap>149</azimuthalGap>
      <minimumDistance>0.33</minimumDistance>
      <maximumDistance>3.41</maximumDistance>
    </quality>
    <evaluationMode>manual</evaluationMode>
    <creationInfo>
      <agencyURI>smi:smi-registry/organization/EMSC</agencyURI>
      <authorURI>smi:smi-registry/organization/EMSC</authorURI>
    </creationInfo>
    <originUncertainty>
      <azimuthMaxHorizontalUncertainty>72</azimuthMaxHorizontalUncertainty>
    </originUncertainty>
  </origin>
  <magnitude publicID="quakeml:eu.emsc/event/20060922_0000021/origin/1187526/mag/2">
    <mag>
      <value>3</value>
    </mag>
    <type>ML</type>
    <originID>quakeml:eu.emsc/event/20060922_0000021/origin/1187526</originID>
    <creationInfo>
      <agencyURI>smi:smi-registry/organization/EMSC</agencyURI>
      <authorURI>smi:smi-registry/organization/EMSC</authorURI>
    </creationInfo>
  </magnitude>
</event>
</eventParameters>
</q:quakeml>
