<?xml version="1.0"?>
<q:quakeml xmlns:q="http://quakeml.org/xmlns/quakeml/1.2"  xmlns="http://quakeml.org/xmlns/bed/1.2">
<eventParameters publicID="smi:eu.emsc/unid">
<event publicID="quakeml:eu.emsc/event/20060715_0000036">
  <preferredOriginID>quakeml:eu.emsc/event/20060715_0000036/origin/1206737</preferredOriginID>
  <preferredMagnitudeID>quakeml:eu.emsc/event/20060715_0000036/origin/1206737/mag/2</preferredMagnitudeID>
  <creationInfo>
    <agencyURI>smi:smi-registry/organization/EMSC</agencyURI>
    <authorURI>smi:smi-registry/organization/EMSC</authorURI>
    <creationTime>2014-12-03T11:46:07.58641Z</creationTime>
  </creationInfo>
  <description>
    <text>MOROCCO</text>
    <type>Flinn-Engdahl region</type>
  </description>
  <origin publicID="quakeml:eu.emsc/event/20060715_0000036/origin/1206737">
    <time>
      <value>2006-07-15T23:49:13.6Z</value>
      <uncertainty>0.57</uncertainty>
    </time>
    <latitude>
      <value>31.9256</value>
      <uncertainty>14.4</uncertainty>
    </latitude>
    <longitude>
      <value>-5.7155</value>
      <uncertainty>6.9</uncertainty>
    </longitude>
    <depth>
      <value>15000</value>
    </depth>
    <depthType>from location</depthType>
    <methodID>smi:eu.emsc-csem/origin_method/NA</methodID>
    <quality>
      <usedPhaseCount>34</usedPhaseCount>
      <usedStationCount>25</usedStationCount>
      <standardError>0.95</standardError>
      <azimuthalGap>218</azimuthalGap>
      <minimumDistance>0.69</minimumDistance>
      <maximumDistance>10.1</maximumDistance>
    </quality>
    <evaluationMode>manual</evaluationMode>
    <creationInfo>
      <agencyURI>smi:smi-registry/organization/EMSC</agencyURI>
      <authorURI>smi:smi-registry/organization/EMSC</authorURI>
    </creationInfo>
    <originUncertainty>
      <azimuthMaxHorizontalUncertainty>144</azimuthMaxHorizontalUncertainty>
    </originUncertainty>
  </origin>
  <magnitude publicID="quakeml:eu.emsc/event/20060715_0000036/origin/1206737/mag/2">
    <mag>
      <value>3.9</value>
    </mag>
    <type>MD</type>
    <originID>quakeml:eu.emsc/event/20060715_0000036/origin/1206737</originID>
    <creationInfo>
      <agencyURI>smi:smi-registry/organization/EMSC</agencyURI>
      <authorURI>smi:smi-registry/organization/EMSC</authorURI>
    </creationInfo>
  </magnitude>
</event>
<event publicID="quakeml:eu.emsc/event/20060715_0000029">
  <preferredOriginID>quakeml:eu.emsc/event/20060715_0000029/origin/1206742</preferredOriginID>
  <preferredMagnitudeID>quakeml:eu.emsc/event/20060715_0000029/origin/1206742/mag/2</preferredMagnitudeID>
  <creationInfo>
    <agencyURI>smi:smi-registry/organization/EMSC</agencyURI>
    <authorURI>smi:smi-registry/organization/EMSC</authorURI>
    <creationTime>2014-12-03T13:00:56.993044Z</creationTime>
  </creationInfo>
  <description>
    <text>BULGARIA</text>
    <type>Flinn-Engdahl region</type>
  </description>
  <origin publicID="quakeml:eu.emsc/event/20060715_0000029/origin/1206742">
    <time>
      <value>2006-07-15T23:29:07.9Z</value>
      <uncertainty>0.12</uncertainty>
    </time>
    <latitude>
      <value>41.2577</value>
      <uncertainty>3.2</uncertainty>
    </latitude>
    <longitude>
      <value>25.2399</value>
      <uncertainty>2.7</uncertainty>
    </longitude>
    <depth>
      <value>5000</value>
    </depth>
    <depthType>from location</depthType>
    <methodID>smi:eu.emsc-csem/origin_method/NA</methodID>
    <quality>
      <usedPhaseCount>62</usedPhaseCount>
      <usedStationCount>46</usedStationCount>
      <standardError>1.01</standardError>
      <azimuthalGap>26</azimuthalGap>
      <minimumDistance>0.25</minimumDistance>
      <maximumDistance>6.36</maximumDistance>
    </quality>
    <evaluationMode>manual</evaluationMode>
    <creationInfo>
      <agencyURI>smi:smi-registry/organization/EMSC</agencyURI>
      <authorURI>smi:smi-registry/organization/EMSC</authorURI>
    </creationInfo>
    <originUncertainty>
      <azimuthMaxHorizontalUncertainty>2</azimuthMaxHorizontalUncertainty>
    </originUncertainty>
  </origin>
  <magnitude publicID="quakeml:eu.emsc/event/20060715_0000029/origin/1206742/mag/2">
    <mag>
      <value>3.4</value>
    </mag>
    <type>MD</type>
    <originID>quakeml:eu.emsc/event/20060715_0000029/origin/1206742</originID>
    <creationInfo>
      <agencyURI>smi:smi-registry/organization/EMSC</agencyURI>
      <authorURI>smi:smi-registry/organization/EMSC</authorURI>
    </creationInfo>
  </magnitude>
</event>
<event publicID="quakeml:eu.emsc/event/20060715_0000041">
  <preferredOriginID>quakeml:eu.emsc/event/20060715_0000041/origin/1206746</preferredOriginID>
  <preferredMagnitudeID>quakeml:eu.emsc/event/20060715_0000041/origin/1206746/mag/2</preferredMagnitudeID>
  <creationInfo>
    <agencyURI>smi:smi-registry/organization/EMSC</agencyURI>
    <authorURI>smi:smi-registry/organization/EMSC</authorURI>
    <creationTime>2014-12-03T10:53:37.468814Z</creationTime>
  </creationInfo>
  <description>
    <text>SERBIA</text>
    <type>Flinn-Engdahl region</type>
  </description>
  <origin publicID="quakeml:eu.emsc/event/20060715_0000041/origin/1206746">
    <time>
      <value>2006-07-15T22:12:53.2Z</value>
      <uncertainty>0.32</uncertainty>
    </time>
    <latitude>
      <value>42.0699</value>
      <uncertainty>10.3</uncertainty>
    </latitude>
    <longitude>
      <value>20.744</value>
      <uncertainty>5.3</uncertainty>
    </longitude>
    <depth>
      <value>2000</value>
    </depth>
    <depthType>from location</depthType>
    <methodID>smi:eu.emsc-csem/origin_method/NA</methodID>
    <quality>
      <usedPhaseCount>23</usedPhaseCount>
      <usedStationCount>16</usedStationCount>
      <standardError>1.24</standardError>
      <azimuthalGap>107</azimuthalGap>
      <minimumDistance>0.53</minimumDistance>
      <maximumDistance>2.39</maximumDistance>
    </quality>
    <evaluationMode>manual</evaluationMode>
    <creationInfo>
      <agencyURI>smi:smi-registry/organization/EMSC</agencyURI>
      <authorURI>smi:smi-registry/organization/EMSC</authorURI>
    </creationInfo>
    <originUncertainty>
      <azimuthMaxHorizontalUncertainty>26</azimuthMaxHorizontalUncertainty>
    </originUncertainty>
  </origin>
  <magnitude publicID="quakeml:eu.emsc/event/20060715_0000041/origin/1206746/mag/2">
    <mag>
      <value>2.6</value>
    </mag>
    <type>MD</type>
    <originID>quakeml:eu.emsc/event/20060715_0000041/origin/1206746</originID>
    <creationInfo>
      <agencyURI>smi:smi-registry/organization/EMSC</agencyURI>
      <authorURI>smi:smi-registry/organization/EMSC</authorURI>
    </creationInfo>
  </magnitude>
</event>
<event publicID="quakeml:eu.emsc/event/20060715_0000050">
  <preferredOriginID>quakeml:eu.emsc/event/20060715_0000050/origin/1206751</preferredOriginID>
  <preferredMagnitudeID>quakeml:eu.emsc/event/20060715_0000050/origin/1206751/mag/2</preferredMagnitudeID>
  <creationInfo>
    <agencyURI>smi:smi-registry/organization/EMSC</agencyURI>
    <authorURI>smi:smi-registry/organization/EMSC</authorURI>
    <creationTime>2014-12-03T11:12:45.1355Z</creationTime>
  </creationInfo>
  <description>
    <text>FRANCE</text>
    <type>Flinn-Engdahl region</type>
  </description>
  <origin publicID="quakeml:eu.emsc/event/20060715_0000050/origin/1206751">
    <time>
      <value>2006-07-15T22:04:40.6Z</value>
      <uncertainty>0.12</uncertainty>
    </time>
    <latitude>
      <value>48.527</value>
      <uncertainty>2.4</uncertainty>
    </latitude>
    <longitude>
      <value>7.8879</value>
      <uncertainty>1.3</uncertainty>
    </longitude>
    <depth>
      <value>19000</value>
    </depth>
    <depthType>from location</depthType>
    <methodID>smi:eu.emsc-csem/origin_method/NA</methodID>
    <quality>
      <usedPhaseCount>23</usedPhaseCount>
      <usedStationCount>15</usedStationCount>
      <standardError>0.47</standardError>
      <azimuthalGap>61</azimuthalGap>
      <minimumDistance>0.35</minimumDistance>
      <maximumDistance>2.29</maximumDistance>
    </quality>
    <evaluationMode>manual</evaluationMode>
    <creationInfo>
      <agencyURI>smi:smi-registry/organization/EMSC</agencyURI>
      <authorURI>smi:smi-registry/organization/EMSC</authorURI>
    </creationInfo>
    <originUncertainty>
      <azimuthMaxHorizontalUncertainty>173</azimuthMaxHorizontalUncertainty>
    </originUncertainty>
  </origin>
  <magnitude publicID="quakeml:eu.emsc/event/20060715_0000050/origin/1206751/mag/2">
    <mag>
      <value>1.7</value>
      <uncertainty>0.1</uncertainty>
    </mag>
    <type>ML</type>
    <originID>quakeml:eu.emsc/event/20060715_0000050/origin/1206751</originID>
    <stationCount>2</stationCount>
    <creationInfo>
      <agencyURI>smi:smi-registry/organization/EMSC</agencyURI>
      <authorURI>smi:smi-registry/organization/EMSC</authorURI>
    </creationInfo>
  </magnitude>
</event>
<event publicID="quakeml:eu.emsc/event/20060715_0000049">
  <preferredOriginID>quakeml:eu.emsc/event/20060715_0000049/origin/1206754</preferredOriginID>
  <preferredMagnitudeID>quakeml:eu.emsc/event/20060715_0000049/origin/1206754/mag/2</preferredMagnitudeID>
  <creationInfo>
    <agencyURI>smi:smi-registry/organization/EMSC</agencyURI>
    <authorURI>smi:smi-registry/organization/EMSC</authorURI>
    <creationTime>2014-12-03T11:03:09.943589Z</creationTime>
  </creationInfo>
  <description>
    <text>CENTRAL MEDITERRANEAN SEA</text>
    <type>Flinn-Engdahl region</type>
  </description>
  <origin publicID="quakeml:eu.emsc/event/20060715_0000049/origin/1206754">
    <time>
      <value>2006-07-15T21:42:47.9Z</value>
      <uncertainty>1.12</uncertainty>
    </time>
    <latitude>
      <value>34.88</value>
      <uncertainty>36</uncertainty>
    </latitude>
    <longitude>
      <value>22.6573</value>
      <uncertainty>15.3</uncertainty>
    </longitude>
    <depth>
      <value>30000</value>
    </depth>
    <depthType>from location</depthType>
    <methodID>smi:eu.emsc-csem/origin_method/NA</methodID>
    <quality>
      <usedPhaseCount>9</usedPhaseCount>
      <usedStationCount>8</usedStationCount>
      <standardError>1.08</standardError>
      <azimuthalGap>220</azimuthalGap>
      <minimumDistance>1.18</minimumDistance>
      <maximumDistance>10.77</maximumDistance>
    </quality>
    <evaluationMode>manual</evaluationMode>
    <creationInfo>
      <agencyURI>smi:smi-registry/organization/EMSC</agencyURI>
      <authorURI>smi:smi-registry/organization/EMSC</authorURI>
    </creationInfo>
    <originUncertainty>
      <azimuthMaxHorizontalUncertainty>72</azimuthMaxHorizontalUncertainty>
    </originUncertainty>
  </origin>
  <magnitude publicID="quakeml:eu.emsc/event/20060715_0000049/origin/1206754/mag/2">
    <mag>
      <value>3.3</value>
    </mag>
    <type>MD</type>
    <originID>quakeml:eu.emsc/event/20060715_0000049/origin/1206754</originID>
    <creationInfo>
      <agencyURI>smi:smi-registry/organization/EMSC</agencyURI>
      <authorURI>smi:smi-registry/organization/EMSC</authorURI>
    </creationInfo>
  </magnitude>
</event>
<event publicID="quakeml:eu.emsc/event/20060715_0000028">
  <preferredOriginID>quakeml:eu.emsc/event/20060715_0000028/origin/LF896</preferredOriginID>
  <preferredMagnitudeID>quakeml:eu.emsc/event/20060715_0000028/origin/LF896/mag/1</preferredMagnitudeID>
  <creationInfo>
    <agencyURI>smi:smi-registry/organization/EMSC</agencyURI>
    <authorURI>smi:smi-registry/organization/ATH</authorURI>
    <creationTime>2014-12-01T14:06:06.45669Z</creationTime>
  </creationInfo>
  <description>
    <text>NEAR THE COAST OF WESTERN TURKEY</text>
    <type>Flinn-Engdahl region</type>
  </description>
  <origin publicID="quakeml:eu.emsc/event/20060715_0000028/origin/LF896">
    <time>
      <value>2006-07-15T21:38:41.0Z</value>
    </time>
    <latitude>
      <value>38.51</value>
    </latitude>
    <longitude>
      <value>26.08</value>
    </longitude>
    <depth>
      <value>1000.0</value>
    </depth>
    <depthType>from location</depthType>
    <methodID>smi:eu.emsc-csem/origin_method/GEIGER</methodID>
    <quality>
      <usedPhaseCount>5</usedPhaseCount>
      <usedStationCount>5</usedStationCount>
      <azimuthalGap>172</azimuthalGap>
      <minimumDistance>2.67</minimumDistance>
      <maximumDistance>3.44</maximumDistance>
    </quality>
    <evaluationMode>automatic</evaluationMode>
    <creationInfo>
      <agencyURI>smi:smi-registry/organization/EMSC</agencyURI>
      <authorURI>smi:smi-registry/organization/ATH</authorURI>
    </creationInfo>
  </origin>
  <magnitude publicID="quakeml:eu.emsc/event/20060715_0000028/origin/LF896/mag/1">
    <mag>
      <value>3.0</value>
    </mag>
    <type>ml</type>
    <originID>quakeml:eu.emsc/event/20060715_0000028/origin/LF896</originID>
    <creationInfo>
      <agencyURI>smi:smi-registry/organization/EMSC</agencyURI>
      <authorURI>smi:smi-registry/organization/ATH</authorURI>
    </creationInfo>
  </magnitude>
</event>
<event publicID="quakeml:eu.emsc/event/20060715_0000027">
  <preferredOriginID>quakeml:eu.emsc/event/20060715_0000027/origin/LU549</preferredOriginID>
  <preferredMagnitudeID>quakeml:eu.emsc/event/20060715_0000027/origin/LU549/mag/1</preferredMagnitudeID>
  <creationInfo>
    <agencyURI>smi:smi-registry/organization/EMSC</agencyURI>
    <authorURI>smi:smi-registry/organization/EMSC</authorURI>
    <creationTime>2014-12-01T14:18:42.496345Z</creationTime>
  </creationInfo>
  <description>
    <text>FIJI REGION</text>
    <type>Flinn-Engdahl region</type>
  </description>
  <origin publicID="quakeml:eu.emsc/event/20060715_0000027/origin/LU549">
    <time>
      <value>2006-07-15T21:20:32.6Z</value>
      <uncertainty>0.18</uncertainty>
    </time>
    <latitude>
      <value>-20.66</value>
    </latitude>
    <longitude>
      <value>-178.74</value>
    </longitude>
    <depth>
      <value>545000.0</value>
    </depth>
    <depthType>from location</depthType>
    <methodID>smi:eu.emsc-csem/origin_method/NA</methodID>
    <quality>
      <usedPhaseCount>104</usedPhaseCount>
      <usedStationCount>104</usedStationCount>
      <standardError>0.85</standardError>
      <azimuthalGap>125</azimuthalGap>
      <minimumDistance>32.79</minimumDistance>
      <maximumDistance>159.97</maximumDistance>
    </quality>
    <evaluationMode>automatic</evaluationMode>
    <creationInfo>
      <agencyURI>smi:smi-registry/organization/EMSC</agencyURI>
      <authorURI>smi:smi-registry/organization/EMSC</authorURI>
    </creationInfo>
  </origin>
  <magnitude publicID="quakeml:eu.emsc/event/20060715_0000027/origin/LU549/mag/1">
    <mag>
      <value>5.1</value>
      <uncertainty>0.5</uncertainty>
    </mag>
    <type>mb</type>
    <originID>quakeml:eu.emsc/event/20060715_0000027/origin/LU549</originID>
    <creationInfo>
      <agencyURI>smi:smi-registry/organization/EMSC</agencyURI>
      <authorURI>smi:smi-registry/organization/EMSC</authorURI>
    </creationInfo>
  </magnitude>
</event>
<event publicID="quakeml:eu.emsc/event/20060715_0000030">
  <preferredOriginID>quakeml:eu.emsc/event/20060715_0000030/origin/1206757</preferredOriginID>
  <preferredMagnitudeID>quakeml:eu.emsc/event/20060715_0000030/origin/1206757/mag/2</preferredMagnitudeID>
  <creationInfo>
    <agencyURI>smi:smi-registry/organization/EMSC</agencyURI>
    <authorURI>smi:smi-registry/organization/EMSC</authorURI>
    <creationTime>2014-12-03T12:19:17.892779Z</creationTime>
  </creationInfo>
  <description>
    <text>CRETE, GREECE</text>
    <type>Flinn-Engdahl region</type>
  </description>
  <origin publicID="quakeml:eu.emsc/event/20060715_0000030/origin/1206757">
    <time>
      <value>2006-07-15T20:27:33.0Z</value>
      <uncertainty>0.33</uncertainty>
    </time>
    <latitude>
      <value>34.8995</value>
      <uncertainty>16.7</uncertainty>
    </latitude>
    <longitude>
      <value>23.0338</value>
      <uncertainty>5.3</uncertainty>
    </longitude>
    <depth>
      <value>30000</value>
    </depth>
    <depthType>from location</depthType>
    <methodID>smi:eu.emsc-csem/origin_method/NA</methodID>
    <quality>
      <usedPhaseCount>12</usedPhaseCount>
      <usedStationCount>9</usedStationCount>
      <standardError>0.76</standardError>
      <azimuthalGap>179</azimuthalGap>
      <minimumDistance>1.08</minimumDistance>
      <maximumDistance>9.56</maximumDistance>
    </quality>
    <evaluationMode>manual</evaluationMode>
    <creationInfo>
      <agencyURI>smi:smi-registry/organization/EMSC</agencyURI>
      <authorURI>smi:smi-registry/organization/EMSC</authorURI>
    </creationInfo>
    <originUncertainty>
      <azimuthMaxHorizontalUncertainty>70</azimuthMaxHorizontalUncertainty>
    </originUncertainty>
  </origin>
  <magnitude publicID="quakeml:eu.emsc/event/20060715_0000030/origin/1206757/mag/2">
    <mag>
      <value>3.3</value>
    </mag>
    <type>MD</type>
    <originID>quakeml:eu.emsc/event/20060715_0000030/origin/1206757</originID>
    <creationInfo>
      <agencyURI>smi:smi-registry/organization/EMSC</agencyURI>
      <authorURI>smi:smi-registry/organization/EMSC</authorURI>
    </creationInfo>
  </magnitude>
</event>
<event publicID="quakeml:eu.emsc/event/20060715_0000031">
  <preferredOriginID>quakeml:eu.emsc/event/20060715_0000031/origin/1196170</preferredOriginID>
  <preferredMagnitudeID>quakeml:eu.emsc/event/20060715_0000031/origin/1196170/mag/2</preferredMagnitudeID>
  <creationInfo>
    <agencyURI>smi:smi-registry/organization/EMSC</agencyURI>
    <authorURI>smi:smi-registry/organization/EMSC</authorURI>
    <creationTime>2014-12-11T23:38:12.211632Z</creationTime>
  </creationInfo>
  <description>
    <text>EASTERN MEDITERRANEAN SEA</text>
    <type>Flinn-Engdahl region</type>
  </description>
  <origin publicID="quakeml:eu.emsc/event/20060715_0000031/origin/1196170">
    <time>
      <value>2006-07-15T18:35:51.8Z</value>
    </time>
    <latitude>
      <value>33.183</value>
      <uncertainty>9999.9</uncertainty>
    </latitude>
    <longitude>
      <value>34.979</value>
      <uncertainty>9999.9</uncertainty>
    </longitude>
    <depth>
      <value>0</value>
    </depth>
    <depthType>from location</depthType>
    <methodID>smi:eu.emsc-csem/origin_method/NA</methodID>
    <quality>
      <usedPhaseCount>6</usedPhaseCount>
      <usedStationCount>4</usedStationCount>
      <standardError>1.24</standardError>
      <azimuthalGap>329</azimuthalGap>
      <minimumDistance>0.42</minimumDistance>
      <maximumDistance>1.36</maximumDistance>
    </quality>
    <evaluationMode>manual</evaluationMode>
    <creationInfo>
      <agencyURI>smi:smi-registry/organization/EMSC</agencyURI>
      <authorURI>smi:smi-registry/organization/EMSC</authorURI>
    </creationInfo>
    <originUncertainty>
      <azimuthMaxHorizontalUncertainty>-99</azimuthMaxHorizontalUncertainty>
    </originUncertainty>
  </origin>
  <magnitude publicID="quakeml:eu.emsc/event/20060715_0000031/origin/1196170/mag/2">
    <mag>
      <value>2.8</value>
    </mag>
    <type>ML</type>
    <originID>quakeml:eu.emsc/event/20060715_0000031/origin/1196170</originID>
    <creationInfo>
      <agencyURI>smi:smi-registry/organization/EMSC</agencyURI>
      <authorURI>smi:smi-registry/organization/EMSC</authorURI>
    </creationInfo>
  </magnitude>
</event>
<event publicID="quakeml:eu.emsc/event/20060715_0000053">
  <preferredOriginID>quakeml:eu.emsc/event/20060715_0000053/origin/1196172</preferredOriginID>
  <preferredMagnitudeID>quakeml:eu.emsc/event/20060715_0000053/origin/1196172/mag/2</preferredMagnitudeID>
  <creationInfo>
    <agencyURI>smi:smi-registry/organization/EMSC</agencyURI>
    <authorURI>smi:smi-registry/organization/EMSC</authorURI>
    <creationTime>2014-12-11T23:38:11.506579Z</creationTime>
  </creationInfo>
  <description>
    <text>LEBANON - SYRIA REGION</text>
    <type>Flinn-Engdahl region</type>
  </description>
  <origin publicID="quakeml:eu.emsc/event/20060715_0000053/origin/1196172">
    <time>
      <value>2006-07-15T18:24:46.4Z</value>
    </time>
    <latitude>
      <value>33.029</value>
      <uncertainty>9999.9</uncertainty>
    </latitude>
    <longitude>
      <value>35.018</value>
      <uncertainty>9999.9</uncertainty>
    </longitude>
    <depth>
      <value>14000</value>
    </depth>
    <depthType>from location</depthType>
    <methodID>smi:eu.emsc-csem/origin_method/NA</methodID>
    <quality>
      <usedPhaseCount>6</usedPhaseCount>
      <usedStationCount>4</usedStationCount>
      <standardError>1.5</standardError>
      <azimuthalGap>333</azimuthalGap>
      <minimumDistance>0.53</minimumDistance>
      <maximumDistance>1.47</maximumDistance>
    </quality>
    <evaluationMode>manual</evaluationMode>
    <creationInfo>
      <agencyURI>smi:smi-registry/organization/EMSC</agencyURI>
      <authorURI>smi:smi-registry/organization/EMSC</authorURI>
    </creationInfo>
    <originUncertainty>
      <azimuthMaxHorizontalUncertainty>-99</azimuthMaxHorizontalUncertainty>
    </originUncertainty>
  </origin>
  <magnitude publicID="quakeml:eu.emsc/event/20060715_0000053/origin/1196172/mag/2">
    <mag>
      <value>2.9</value>
    </mag>
    <type>ML</type>
    <originID>quakeml:eu.emsc/event/20060715_0000053/origin/1196172</originID>
    <creationInfo>
      <agencyURI>smi:smi-registry/organization/EMSC</agencyURI>
      <authorURI>smi:smi-registry/organization/EMSC</authorURI>
    </creationInfo>
  </magnitude>
</event>
<event publicID="quakeml:eu.emsc/event/20060715_0000062">
  <preferredOriginID>quakeml:eu.emsc/event/20060715_0000062/origin/1196174</preferredOriginID>
  <preferredMagnitudeID>quakeml:eu.emsc/event/20060715_0000062/origin/1196174/mag/2</preferredMagnitudeID>
  <creationInfo>
    <agencyURI>smi:smi-registry/organization/EMSC</agencyURI>
    <authorURI>smi:smi-registry/organization/EMSC</authorURI>
    <creationTime>2014-12-10T17:42:21.320271Z</creationTime>
  </creationInfo>
  <description>
    <text>PYRENEES</text>
    <type>Flinn-Engdahl region</type>
  </description>
  <origin publicID="quakeml:eu.emsc/event/20060715_0000062/origin/1196174">
    <time>
      <value>2006-07-15T17:56:13.8Z</value>
    </time>
    <latitude>
      <value>42.7847</value>
      <uncertainty>9999.9</uncertainty>
    </latitude>
    <longitude>
      <value>-1.6956</value>
      <uncertainty>9999.9</uncertainty>
    </longitude>
    <depth>
      <value>0</value>
    </depth>
    <depthType>from location</depthType>
    <methodID>smi:eu.emsc-csem/origin_method/NA</methodID>
    <quality>
      <usedPhaseCount>12</usedPhaseCount>
      <usedStationCount>8</usedStationCount>
      <standardError>0.52</standardError>
      <azimuthalGap>150</azimuthalGap>
      <minimumDistance>0.09</minimumDistance>
      <maximumDistance>1.4</maximumDistance>
    </quality>
    <evaluationMode>manual</evaluationMode>
    <creationInfo>
      <agencyURI>smi:smi-registry/organization/EMSC</agencyURI>
      <authorURI>smi:smi-registry/organization/EMSC</authorURI>
    </creationInfo>
    <originUncertainty>
      <azimuthMaxHorizontalUncertainty>-99</azimuthMaxHorizontalUncertainty>
    </originUncertainty>
  </origin>
  <magnitude publicID="quakeml:eu.emsc/event/20060715_0000062/origin/1196174/mag/2">
    <mag>
      <value>1.5</value>
    </mag>
    <type>ML</type>
    <originID>quakeml:eu.emsc/event/20060715_0000062/origin/1196174</originID>
    <creationInfo>
      <agencyURI>smi:smi-registry/organization/EMSC</agencyURI>
      <authorURI>smi:smi-registry/organization/EMSC</authorURI>
    </creationInfo>
  </magnitude>
</event>
<event publicID="quakeml:eu.emsc/event/20060715_0000058">
  <preferredOriginID>quakeml:eu.emsc/event/20060715_0000058/origin/1196176</preferredOriginID>
  <preferredMagnitudeID>quakeml:eu.emsc/event/20060715_0000058/origin/1196176/mag/2</preferredMagnitudeID>
  <creationInfo>
    <agencyURI>smi:smi-registry/organization/EMSC</agencyURI>
    <authorURI>smi:smi-registry/organization/EMSC</authorURI>
    <creationTime>2014-12-11T23:38:11.57776Z</creationTime>
  </creationInfo>
  <description>
    <text>CRETE, GREECE</text>
    <type>Flinn-Engdahl region</type>
  </description>
  <origin publicID="quakeml:eu.emsc/event/20060715_0000058/origin/1196176">
    <time>
      <value>2006-07-15T17:28:28.2Z</value>
    </time>
    <latitude>
      <value>34.57</value>
      <uncertainty>9999.9</uncertainty>
    </latitude>
    <longitude>
      <value>25.33</value>
      <uncertainty>9999.9</uncertainty>
    </longitude>
    <depth>
      <value>36000</value>
    </depth>
    <depthType>from location</depthType>
    <methodID>smi:eu.emsc-csem/origin_method/NA</methodID>
    <quality>
      <usedPhaseCount>6</usedPhaseCount>
      <usedStationCount>4</usedStationCount>
      <standardError>1.74</standardError>
      <azimuthalGap>255</azimuthalGap>
      <minimumDistance>0.43</minimumDistance>
      <maximumDistance>1.79</maximumDistance>
    </quality>
    <evaluationMode>manual</evaluationMode>
    <creationInfo>
      <agencyURI>smi:smi-registry/organization/EMSC</agencyURI>
      <authorURI>smi:smi-registry/organization/EMSC</authorURI>
    </creationInfo>
    <originUncertainty>
      <azimuthMaxHorizontalUncertainty>-99</azimuthMaxHorizontalUncertainty>
    </originUncertainty>
  </origin>
  <magnitude publicID="quakeml:eu.emsc/event/20060715_0000058/origin/1196176/mag/2">
    <mag>
      <value>3.1</value>
    </mag>
    <type>MD</type>
    <originID>quakeml:eu.emsc/event/20060715_0000058/origin/1196176</originID>
    <creationInfo>
      <agencyURI>smi:smi-registry/organization/EMSC</agencyURI>
      <authorURI>smi:smi-registry/organization/EMSC</authorURI>
    </creationInfo>
  </magnitude>
</event>
<event publicID="quakeml:eu.emsc/event/20060715_0000040">
  <preferredOriginID>quakeml:eu.emsc/event/20060715_0000040/origin/1196178</preferredOriginID>
  <preferredMagnitudeID>quakeml:eu.emsc/event/20060715_0000040/origin/1196178/mag/2</preferredMagnitudeID>
  <creationInfo>
    <agencyURI>smi:smi-registry/organization/EMSC</agencyURI>
    <authorURI>smi:smi-registry/organization/EMSC</authorURI>
    <creationTime>2014-12-11T23:38:10.580533Z</creationTime>
  </creationInfo>
  <description>
    <text>NORTHERN MID-ATLANTIC RIDGE</text>
    <type>Flinn-Engdahl region</type>
  </description>
  <origin publicID="quakeml:eu.emsc/event/20060715_0000040/origin/1196178">
    <time>
      <value>2006-07-15T16:53:55.7Z</value>
    </time>
    <latitude>
      <value>33.816</value>
      <uncertainty>9999.9</uncertainty>
    </latitude>
    <longitude>
      <value>-38.179</value>
      <uncertainty>9999.9</uncertainty>
    </longitude>
    <depth>
      <value>10000</value>
    </depth>
    <depthType>from location</depthType>
    <methodID>smi:eu.emsc-csem/origin_method/NA</methodID>
    <quality>
      <usedPhaseCount>42</usedPhaseCount>
      <usedStationCount>40</usedStationCount>
      <standardError>2.92</standardError>
      <azimuthalGap>82</azimuthalGap>
      <minimumDistance>27.92</minimumDistance>
      <maximumDistance>73.66</maximumDistance>
    </quality>
    <evaluationMode>manual</evaluationMode>
    <creationInfo>
      <agencyURI>smi:smi-registry/organization/EMSC</agencyURI>
      <authorURI>smi:smi-registry/organization/EMSC</authorURI>
    </creationInfo>
    <originUncertainty>
      <azimuthMaxHorizontalUncertainty>-99</azimuthMaxHorizontalUncertainty>
    </originUncertainty>
  </origin>
  <magnitude publicID="quakeml:eu.emsc/event/20060715_0000040/origin/1196178/mag/2">
    <mag>
      <value>4.6</value>
    </mag>
    <type>mb</type>
    <originID>quakeml:eu.emsc/event/20060715_0000040/origin/1196178</originID>
    <stationCount>26</stationCount>
    <creationInfo>
      <agencyURI>smi:smi-registry/organization/EMSC</agencyURI>
      <authorURI>smi:smi-registry/organization/EMSC</authorURI>
    </creationInfo>
  </magnitude>
</event>
<event publicID="quakeml:eu.emsc/event/20060715_0000042">
  <preferredOriginID>quakeml:eu.emsc/event/20060715_0000042/origin/1196180</preferredOriginID>
  <preferredMagnitudeID>quakeml:eu.emsc/event/20060715_0000042/origin/1196180/mag/2</preferredMagnitudeID>
  <creationInfo>
    <agencyURI>smi:smi-registry/organization/EMSC</agencyURI>
    <authorURI>smi:smi-registry/organization/EMSC</authorURI>
    <creationTime>2014-12-10T17:42:20.808859Z</creationTime>
  </creationInfo>
  <description>
    <text>FRANCE</text>
    <type>Flinn-Engdahl region</type>
  </description>
  <origin publicID="quakeml:eu.emsc/event/20060715_0000042/origin/1196180">
    <time>
      <value>2006-07-15T16:32:30.3Z</value>
    </time>
    <latitude>
      <value>45.067</value>
      <uncertainty>9999.9</uncertainty>
    </latitude>
    <longitude>
      <value>6.4515</value>
      <uncertainty>9999.9</uncertainty>
    </longitude>
    <depth>
      <value>15000</value>
    </depth>
    <depthType>from location</depthType>
    <methodID>smi:eu.emsc-csem/origin_method/NA</methodID>
    <quality>
      <usedPhaseCount>13</usedPhaseCount>
      <usedStationCount>5</usedStationCount>
      <standardError>1.83</standardError>
      <azimuthalGap>133</azimuthalGap>
      <minimumDistance>0.41</minimumDistance>
      <maximumDistance>1.26</maximumDistance>
    </quality>
    <evaluationMode>manual</evaluationMode>
    <creationInfo>
      <agencyURI>smi:smi-registry/organization/EMSC</agencyURI>
      <authorURI>smi:smi-registry/organization/EMSC</authorURI>
    </creationInfo>
    <originUncertainty>
      <azimuthMaxHorizontalUncertainty>-99</azimuthMaxHorizontalUncertainty>
    </originUncertainty>
  </origin>
  <magnitude publicID="quakeml:eu.emsc/event/20060715_0000042/origin/1196180/mag/2">
    <mag>
      <value>1.7</value>
    </mag>
    <type>ML</type>
    <originID>quakeml:eu.emsc/event/20060715_0000042/origin/1196180</originID>
    <stationCount>1</stationCount>
    <creationInfo>
      <agencyURI>smi:smi-registry/organization/EMSC</agencyURI>
      <authorURI>smi:smi-registry/organization/EMSC</authorURI>
    </creationInfo>
  </magnitude>
</event>
<event publicID="quakeml:eu.emsc/event/20060715_0000026">
  <preferredOriginID>quakeml:eu.emsc/event/20060715_0000026/origin/LU550</preferredOriginID>
  <preferredMagnitudeID>quakeml:eu.emsc/event/20060715_0000026/origin/LU550/mag/1</preferredMagnitudeID>
  <creationInfo>
    <agencyURI>smi:smi-registry/organization/EMSC</agencyURI>
    <authorURI>smi:smi-registry/organization/EMSC</authorURI>
    <creationTime>2014-12-01T14:57:54.427674Z</creationTime>
  </creationInfo>
  <description>
    <text>YUNNAN, CHINA</text>
    <type>Flinn-Engdahl region</type>
  </description>
  <origin publicID="quakeml:eu.emsc/event/20060715_0000026/origin/LU550">
    <time>
      <value>2006-07-15T16:17:37.6Z</value>
      <uncertainty>0.29</uncertainty>
    </time>
    <latitude>
      <value>24.24</value>
    </latitude>
    <longitude>
      <value>101.1</value>
    </longitude>
    <depth>
      <value>33000.0</value>
    </depth>
    <depthType>from location</depthType>
    <methodID>smi:eu.emsc-csem/origin_method/NA</methodID>
    <quality>
      <usedPhaseCount>28</usedPhaseCount>
      <usedStationCount>27</usedStationCount>
      <standardError>1.04</standardError>
      <azimuthalGap>119</azimuthalGap>
      <minimumDistance>23.20</minimumDistance>
      <maximumDistance>79.63</maximumDistance>
    </quality>
    <evaluationMode>automatic</evaluationMode>
    <creationInfo>
      <agencyURI>smi:smi-registry/organization/EMSC</agencyURI>
      <authorURI>smi:smi-registry/organization/EMSC</authorURI>
    </creationInfo>
  </origin>
  <magnitude publicID="quakeml:eu.emsc/event/20060715_0000026/origin/LU550/mag/1">
    <mag>
      <value>5.1</value>
      <uncertainty>0.5</uncertainty>
    </mag>
    <type>mb</type>
    <originID>quakeml:eu.emsc/event/20060715_0000026/origin/LU550</originID>
    <creationInfo>
      <agencyURI>smi:smi-registry/organization/EMSC</agencyURI>
      <authorURI>smi:smi-registry/organization/EMSC</authorURI>
    </creationInfo>
  </magnitude>
</event>
<event publicID="quakeml:eu.emsc/event/20060715_0000037">
  <preferredOriginID>quakeml:eu.emsc/event/20060715_0000037/origin/1196182</preferredOriginID>
  <preferredMagnitudeID>quakeml:eu.emsc/event/20060715_0000037/origin/1196182/mag/2</preferredMagnitudeID>
  <creationInfo>
    <agencyURI>smi:smi-registry/organization/EMSC</agencyURI>
    <authorURI>smi:smi-registry/organization/EMSC</authorURI>
    <creationTime>2014-12-11T23:38:10.44276Z</creationTime>
  </creationInfo>
  <description>
    <text>GREECE</text>
    <type>Flinn-Engdahl region</type>
  </description>
  <origin publicID="quakeml:eu.emsc/event/20060715_0000037/origin/1196182">
    <time>
      <value>2006-07-15T15:00:40.2Z</value>
    </time>
    <latitude>
      <value>38.77</value>
      <uncertainty>9999.9</uncertainty>
    </latitude>
    <longitude>
      <value>23.58</value>
      <uncertainty>9999.9</uncertainty>
    </longitude>
    <depth>
      <value>55000</value>
    </depth>
    <depthType>from location</depthType>
    <methodID>smi:eu.emsc-csem/origin_method/NA</methodID>
    <quality>
      <usedPhaseCount>11</usedPhaseCount>
      <usedStationCount>7</usedStationCount>
      <standardError>0.85</standardError>
      <azimuthalGap>189</azimuthalGap>
      <minimumDistance>0.47</minimumDistance>
      <maximumDistance>1.01</maximumDistance>
    </quality>
    <evaluationMode>manual</evaluationMode>
    <creationInfo>
      <agencyURI>smi:smi-registry/organization/EMSC</agencyURI>
      <authorURI>smi:smi-registry/organization/EMSC</authorURI>
    </creationInfo>
    <originUncertainty>
      <azimuthMaxHorizontalUncertainty>-99</azimuthMaxHorizontalUncertainty>
    </originUncertainty>
  </origin>
  <magnitude publicID="quakeml:eu.emsc/event/20060715_0000037/origin/1196182/mag/2">
    <mag>
      <value>2.9</value>
    </mag>
    <type>ML</type>
    <originID>quakeml:eu.emsc/event/20060715_0000037/origin/1196182</originID>
    <creationInfo>
      <agencyURI>smi:smi-registry/organization/EMSC</agencyURI>
      <authorURI>smi:smi-registry/organization/EMSC</authorURI>
    </creationInfo>
  </magnitude>
</event>
<event publicID="quakeml:eu.emsc/event/20060715_0000059">
  <preferredOriginID>quakeml:eu.emsc/event/20060715_0000059/origin/1196184</preferredOriginID>
  <preferredMagnitudeID>quakeml:eu.emsc/event/20060715_0000059/origin/1196184/mag/2</preferredMagnitudeID>
  <creationInfo>
    <agencyURI>smi:smi-registry/organization/EMSC</agencyURI>
    <authorURI>smi:smi-registry/organization/EMSC</authorURI>
    <creationTime>2014-12-11T23:38:09.593415Z</creationTime>
  </creationInfo>
  <description>
    <text>CRETE, GREECE</text>
    <type>Flinn-Engdahl region</type>
  </description>
  <origin publicID="quakeml:eu.emsc/event/20060715_0000059/origin/1196184">
    <time>
      <value>2006-07-15T14:58:04.6Z</value>
    </time>
    <latitude>
      <value>35.96</value>
      <uncertainty>9999.9</uncertainty>
    </latitude>
    <longitude>
      <value>23.87</value>
      <uncertainty>9999.9</uncertainty>
    </longitude>
    <depth>
      <value>24000</value>
    </depth>
    <depthType>from location</depthType>
    <methodID>smi:eu.emsc-csem/origin_method/NA</methodID>
    <quality>
      <usedPhaseCount>6</usedPhaseCount>
      <usedStationCount>4</usedStationCount>
      <standardError>1.22</standardError>
      <azimuthalGap>198</azimuthalGap>
      <minimumDistance>0.61</minimumDistance>
      <maximumDistance>1.13</maximumDistance>
    </quality>
    <evaluationMode>manual</evaluationMode>
    <creationInfo>
      <agencyURI>smi:smi-registry/organization/EMSC</agencyURI>
      <authorURI>smi:smi-registry/organization/EMSC</authorURI>
    </creationInfo>
    <originUncertainty>
      <azimuthMaxHorizontalUncertainty>-99</azimuthMaxHorizontalUncertainty>
    </originUncertainty>
  </origin>
  <magnitude publicID="quakeml:eu.emsc/event/20060715_0000059/origin/1196184/mag/2">
    <mag>
      <value>3</value>
    </mag>
    <type>MD</type>
    <originID>quakeml:eu.emsc/event/20060715_0000059/origin/1196184</originID>
    <creationInfo>
      <agencyURI>smi:smi-registry/organization/EMSC</agencyURI>
      <authorURI>smi:smi-registry/organization/EMSC</authorURI>
    </creationInfo>
  </magnitude>
</event>
<event publicID="quakeml:eu.emsc/event/20060715_0000051">
  <preferredOriginID>quakeml:eu.emsc/event/20060715_0000051/origin/1196186</preferredOriginID>
  <preferredMagnitudeID>quakeml:eu.emsc/event/20060715_0000051/origin/1196186/mag/2</preferredMagnitudeID>
  <creationInfo>
    <agencyURI>smi:smi-registry/organization/EMSC</agencyURI>
    <authorURI>smi:smi-registry/organization/EMSC</authorURI>
    <creationTime>2014-12-11T23:38:09.125283Z</creationTime>
  </creationInfo>
  <description>
    <text>CENTRAL ITALY</text>
    <type>Flinn-Engdahl region</type>
  </description>
  <origin publicID="quakeml:eu.emsc/event/20060715_0000051/origin/1196186">
    <time>
      <value>2006-07-15T14:13:27.1Z</value>
    </time>
    <latitude>
      <value>42.603</value>
      <uncertainty>9999.9</uncertainty>
    </latitude>
    <longitude>
      <value>12.575</value>
      <uncertainty>9999.9</uncertainty>
    </longitude>
    <depth>
      <value>10000</value>
    </depth>
    <depthType>from location</depthType>
    <methodID>smi:eu.emsc-csem/origin_method/NA</methodID>
    <quality>
      <usedPhaseCount>28</usedPhaseCount>
      <usedStationCount>16</usedStationCount>
      <standardError>1.22</standardError>
      <azimuthalGap>89</azimuthalGap>
      <minimumDistance>0.23</minimumDistance>
      <maximumDistance>1.28</maximumDistance>
    </quality>
    <evaluationMode>manual</evaluationMode>
    <creationInfo>
      <agencyURI>smi:smi-registry/organization/EMSC</agencyURI>
      <authorURI>smi:smi-registry/organization/EMSC</authorURI>
    </creationInfo>
    <originUncertainty>
      <azimuthMaxHorizontalUncertainty>-99</azimuthMaxHorizontalUncertainty>
    </originUncertainty>
  </origin>
  <magnitude publicID="quakeml:eu.emsc/event/20060715_0000051/origin/1196186/mag/2">
    <mag>
      <value>2.6</value>
      <uncertainty>0.2</uncertainty>
    </mag>
    <type>MD</type>
    <originID>quakeml:eu.emsc/event/20060715_0000051/origin/1196186</originID>
    <stationCount>14</stationCount>
    <creationInfo>
      <agencyURI>smi:smi-registry/organization/EMSC</agencyURI>
      <authorURI>smi:smi-registry/organization/EMSC</authorURI>
    </creationInfo>
  </magnitude>
</event>
<event publicID="quakeml:eu.emsc/event/20060715_0000039">
  <preferredOriginID>quakeml:eu.emsc/event/20060715_0000039/origin/1196188</preferredOriginID>
  <preferredMagnitudeID>quakeml:eu.emsc/event/20060715_0000039/origin/1196188/mag/2</preferredMagnitudeID>
  <creationInfo>
    <agencyURI>smi:smi-registry/organization/EMSC</agencyURI>
    <authorURI>smi:smi-registry/organization/EMSC</authorURI>
    <creationTime>2014-12-11T23:38:08.634462Z</creationTime>
  </creationInfo>
  <description>
    <text>AZORES ISLANDS REGION</text>
    <type>Flinn-Engdahl region</type>
  </description>
  <origin publicID="quakeml:eu.emsc/event/20060715_0000039/origin/1196188">
    <time>
      <value>2006-07-15T13:11:22.2Z</value>
    </time>
    <latitude>
      <value>37.387</value>
      <uncertainty>9999.9</uncertainty>
    </latitude>
    <longitude>
      <value>-24.808</value>
      <uncertainty>9999.9</uncertainty>
    </longitude>
    <depth>
      <value>0</value>
    </depth>
    <depthType>from location</depthType>
    <methodID>smi:eu.emsc-csem/origin_method/NA</methodID>
    <quality>
      <usedPhaseCount>20</usedPhaseCount>
      <usedStationCount>15</usedStationCount>
      <standardError>5.29</standardError>
      <azimuthalGap>250</azimuthalGap>
      <minimumDistance>0.43</minimumDistance>
      <maximumDistance>0.89</maximumDistance>
    </quality>
    <evaluationMode>manual</evaluationMode>
    <creationInfo>
      <agencyURI>smi:smi-registry/organization/EMSC</agencyURI>
      <authorURI>smi:smi-registry/organization/EMSC</authorURI>
    </creationInfo>
    <originUncertainty>
      <azimuthMaxHorizontalUncertainty>-99</azimuthMaxHorizontalUncertainty>
    </originUncertainty>
  </origin>
  <magnitude publicID="quakeml:eu.emsc/event/20060715_0000039/origin/1196188/mag/2">
    <mag>
      <value>2.2</value>
    </mag>
    <type>ML</type>
    <originID>quakeml:eu.emsc/event/20060715_0000039/origin/1196188</originID>
    <creationInfo>
      <agencyURI>smi:smi-registry/organization/EMSC</agencyURI>
      <authorURI>smi:smi-registry/organization/EMSC</authorURI>
    </creationInfo>
  </magnitude>
</event>
<event publicID="quakeml:eu.emsc/event/20060715_0000025">
  <preferredOriginID>quakeml:eu.emsc/event/20060715_0000025/origin/1206759</preferredOriginID>
  <preferredMagnitudeID>quakeml:eu.emsc/event/20060715_0000025/origin/1206759/mag/1</preferredMagnitudeID>
  <creationInfo>
    <agencyURI>smi:smi-registry/organization/EMSC</agencyURI>
    <authorURI>smi:smi-registry/organization/EMSC</authorURI>
    <creationTime>2014-12-03T14:36:39.542764Z</creationTime>
  </creationInfo>
  <description>
    <text>SLOVENIA</text>
    <type>Flinn-Engdahl region</type>
  </description>
  <origin publicID="quakeml:eu.emsc/event/20060715_0000025/origin/1206759">
    <time>
      <value>2006-07-15T12:59:53.3Z</value>
      <uncertainty>0.26</uncertainty>
    </time>
    <latitude>
      <value>45.9975</value>
      <uncertainty>4.6</uncertainty>
    </latitude>
    <longitude>
      <value>15.62</value>
      <uncertainty>2.7</uncertainty>
    </longitude>
    <depth>
      <value>15000</value>
    </depth>
    <depthType>from location</depthType>
    <methodID>smi:eu.emsc-csem/origin_method/NA</methodID>
    <quality>
      <usedPhaseCount>23</usedPhaseCount>
      <usedStationCount>12</usedStationCount>
      <standardError>0.63</standardError>
      <azimuthalGap>210</azimuthalGap>
      <minimumDistance>0.18</minimumDistance>
      <maximumDistance>1.91</maximumDistance>
    </quality>
    <evaluationMode>manual</evaluationMode>
    <creationInfo>
      <agencyURI>smi:smi-registry/organization/EMSC</agencyURI>
      <authorURI>smi:smi-registry/organization/EMSC</authorURI>
    </creationInfo>
    <originUncertainty>
      <azimuthMaxHorizontalUncertainty>100</azimuthMaxHorizontalUncertainty>
    </originUncertainty>
  </origin>
  <magnitude publicID="quakeml:eu.emsc/event/20060715_0000025/origin/1206759/mag/1">
    <mag>
      <value>2.7</value>
      <uncertainty>0.2</uncertainty>
    </mag>
    <type>ML</type>
    <originID>quakeml:eu.emsc/event/20060715_0000025/origin/1206759</originID>
    <stationCount>7</stationCount>
    <creationInfo>
      <agencyURI>smi:smi-registry/organization/EMSC</agencyURI>
      <authorURI>smi:smi-registry/organization/EMSC</authorURI>
    </creationInfo>
  </magnitude>
</event>
<event publicID="quakeml:eu.emsc/event/20060715_0000052">
  <preferredOriginID>quakeml:eu.emsc/event/20060715_0000052/origin/1196190</preferredOriginID>
  <preferredMagnitudeID>quakeml:eu.emsc/event/20060715_0000052/origin/1196190/mag/2</preferredMagnitudeID>
  <creationInfo>
    <agencyURI>smi:smi-registry/organization/EMSC</agencyURI>
    <authorURI>smi:smi-registry/organization/EMSC</authorURI>
    <creationTime>2014-12-11T23:38:07.700124Z</creationTime>
  </creationInfo>
  <description>
    <text>CENTRAL MEDITERRANEAN SEA</text>
    <type>Flinn-Engdahl region</type>
  </description>
  <origin publicID="quakeml:eu.emsc/event/20060715_0000052/origin/1196190">
    <time>
      <value>2006-07-15T12:22:36.6Z</value>
    </time>
    <latitude>
      <value>35.1</value>
      <uncertainty>9999.9</uncertainty>
    </latitude>
    <longitude>
      <value>22.97</value>
      <uncertainty>9999.9</uncertainty>
    </longitude>
    <depth>
      <value>16000</value>
    </depth>
    <depthType>from location</depthType>
    <methodID>smi:eu.emsc-csem/origin_method/NA</methodID>
    <quality>
      <usedPhaseCount>6</usedPhaseCount>
      <usedStationCount>4</usedStationCount>
      <standardError>2.02</standardError>
      <azimuthalGap>253</azimuthalGap>
      <minimumDistance>0.95</minimumDistance>
      <maximumDistance>1.61</maximumDistance>
    </quality>
    <evaluationMode>manual</evaluationMode>
    <creationInfo>
      <agencyURI>smi:smi-registry/organization/EMSC</agencyURI>
      <authorURI>smi:smi-registry/organization/EMSC</authorURI>
    </creationInfo>
    <originUncertainty>
      <azimuthMaxHorizontalUncertainty>-99</azimuthMaxHorizontalUncertainty>
    </originUncertainty>
  </origin>
  <magnitude publicID="quakeml:eu.emsc/event/20060715_0000052/origin/1196190/mag/2">
    <mag>
      <value>3</value>
    </mag>
    <type>MD</type>
    <originID>quakeml:eu.emsc/event/20060715_0000052/origin/1196190</originID>
    <creationInfo>
      <agencyURI>smi:smi-registry/organization/EMSC</agencyURI>
      <authorURI>smi:smi-registry/organization/EMSC</authorURI>
    </creationInfo>
  </magnitude>
</event>
<event publicID="quakeml:eu.emsc/event/20060715_0000024">
  <preferredOriginID>quakeml:eu.emsc/event/20060715_0000024/origin/LU551</preferredOriginID>
  <preferredMagnitudeID>quakeml:eu.emsc/event/20060715_0000024/origin/LU551/mag/1</preferredMagnitudeID>
  <creationInfo>
    <agencyURI>smi:smi-registry/organization/EMSC</agencyURI>
    <authorURI>smi:smi-registry/organization/EMSC</authorURI>
    <creationTime>2014-12-01T12:35:19.191671Z</creationTime>
  </creationInfo>
  <description>
    <text>OFF W COAST OF NORTHERN SUMATRA</text>
    <type>Flinn-Engdahl region</type>
  </description>
  <origin publicID="quakeml:eu.emsc/event/20060715_0000024/origin/LU551">
    <time>
      <value>2006-07-15T11:54:23.4Z</value>
      <uncertainty>0.11</uncertainty>
    </time>
    <latitude>
      <value>3.77</value>
    </latitude>
    <longitude>
      <value>93.6</value>
    </longitude>
    <depth>
      <value>10000.0</value>
    </depth>
    <depthType>from location</depthType>
    <methodID>smi:eu.emsc-csem/origin_method/NA</methodID>
    <quality>
      <usedPhaseCount>130</usedPhaseCount>
      <usedStationCount>129</usedStationCount>
      <standardError>0.87</standardError>
      <azimuthalGap>97</azimuthalGap>
      <minimumDistance>2.41</minimumDistance>
      <maximumDistance>143.62</maximumDistance>
    </quality>
    <evaluationMode>automatic</evaluationMode>
    <creationInfo>
      <agencyURI>smi:smi-registry/organization/EMSC</agencyURI>
      <authorURI>smi:smi-registry/organization/EMSC</authorURI>
    </creationInfo>
  </origin>
  <magnitude publicID="quakeml:eu.emsc/event/20060715_0000024/origin/LU551/mag/1">
    <mag>
      <value>5.1</value>
      <uncertainty>0.3</uncertainty>
    </mag>
    <type>mb</type>
    <originID>quakeml:eu.emsc/event/20060715_0000024/origin/LU551</originID>
    <creationInfo>
      <agencyURI>smi:smi-registry/organization/EMSC</agencyURI>
      <authorURI>smi:smi-registry/organization/EMSC</authorURI>
    </creationInfo>
  </magnitude>
</event>
<event publicID="quakeml:eu.emsc/event/20060715_0000038">
  <preferredOriginID>quakeml:eu.emsc/event/20060715_0000038/origin/1205492</preferredOriginID>
  <preferredMagnitudeID>quakeml:eu.emsc/event/20060715_0000038/origin/1205492/mag/1</preferredMagnitudeID>
  <creationInfo>
    <agencyURI>smi:smi-registry/organization/EMSC</agencyURI>
    <authorURI>smi:smi-registry/organization/EMSC</authorURI>
    <creationTime>2014-12-03T10:27:07.297922Z</creationTime>
  </creationInfo>
  <description>
    <text>PYRENEES</text>
    <type>Flinn-Engdahl region</type>
  </description>
  <origin publicID="quakeml:eu.emsc/event/20060715_0000038/origin/1205492">
    <time>
      <value>2006-07-15T11:15:22.7Z</value>
      <uncertainty>0.24</uncertainty>
    </time>
    <latitude>
      <value>42.9516</value>
      <uncertainty>14.6</uncertainty>
    </latitude>
    <longitude>
      <value>-0.6082</value>
      <uncertainty>3.8</uncertainty>
    </longitude>
    <depth>
      <value>15000</value>
    </depth>
    <depthType>from location</depthType>
    <methodID>smi:eu.emsc-csem/origin_method/NA</methodID>
    <quality>
      <usedPhaseCount>12</usedPhaseCount>
      <usedStationCount>6</usedStationCount>
      <standardError>0.74</standardError>
      <azimuthalGap>150</azimuthalGap>
      <minimumDistance>0.06</minimumDistance>
      <maximumDistance>0.71</maximumDistance>
    </quality>
    <evaluationMode>manual</evaluationMode>
    <creationInfo>
      <agencyURI>smi:smi-registry/organization/EMSC</agencyURI>
      <authorURI>smi:smi-registry/organization/EMSC</authorURI>
    </creationInfo>
    <originUncertainty>
      <azimuthMaxHorizontalUncertainty>13</azimuthMaxHorizontalUncertainty>
    </originUncertainty>
  </origin>
  <magnitude publicID="quakeml:eu.emsc/event/20060715_0000038/origin/1205492/mag/1">
    <mag>
      <value>1.7</value>
      <uncertainty>0.3</uncertainty>
    </mag>
    <type>ML</type>
    <originID>quakeml:eu.emsc/event/20060715_0000038/origin/1205492</originID>
    <stationCount>4</stationCount>
    <creationInfo>
      <agencyURI>smi:smi-registry/organization/EMSC</agencyURI>
      <authorURI>smi:smi-registry/organization/EMSC</authorURI>
    </creationInfo>
  </magnitude>
</event>
<event publicID="quakeml:eu.emsc/event/20060715_0000034">
  <preferredOriginID>quakeml:eu.emsc/event/20060715_0000034/origin/1196192</preferredOriginID>
  <preferredMagnitudeID>quakeml:eu.emsc/event/20060715_0000034/origin/1196192/mag/2</preferredMagnitudeID>
  <creationInfo>
    <agencyURI>smi:smi-registry/organization/EMSC</agencyURI>
    <authorURI>smi:smi-registry/organization/EMSC</authorURI>
    <creationTime>2014-12-11T23:38:07.252076Z</creationTime>
  </creationInfo>
  <description>
    <text>IONIAN SEA</text>
    <type>Flinn-Engdahl region</type>
  </description>
  <origin publicID="quakeml:eu.emsc/event/20060715_0000034/origin/1196192">
    <time>
      <value>2006-07-15T10:47:29.9Z</value>
    </time>
    <latitude>
      <value>37.69</value>
      <uncertainty>9999.9</uncertainty>
    </latitude>
    <longitude>
      <value>20.93</value>
      <uncertainty>9999.9</uncertainty>
    </longitude>
    <depth>
      <value>20000</value>
    </depth>
    <depthType>from location</depthType>
    <methodID>smi:eu.emsc-csem/origin_method/NA</methodID>
    <quality>
      <usedPhaseCount>6</usedPhaseCount>
      <usedStationCount>4</usedStationCount>
      <standardError>1.4</standardError>
      <azimuthalGap>208</azimuthalGap>
      <minimumDistance>0.56</minimumDistance>
      <maximumDistance>1.41</maximumDistance>
    </quality>
    <evaluationMode>manual</evaluationMode>
    <creationInfo>
      <agencyURI>smi:smi-registry/organization/EMSC</agencyURI>
      <authorURI>smi:smi-registry/organization/EMSC</authorURI>
    </creationInfo>
    <originUncertainty>
      <azimuthMaxHorizontalUncertainty>-99</azimuthMaxHorizontalUncertainty>
    </originUncertainty>
  </origin>
  <magnitude publicID="quakeml:eu.emsc/event/20060715_0000034/origin/1196192/mag/2">
    <mag>
      <value>2.9</value>
    </mag>
    <type>MD</type>
    <originID>quakeml:eu.emsc/event/20060715_0000034/origin/1196192</originID>
    <creationInfo>
      <agencyURI>smi:smi-registry/organization/EMSC</agencyURI>
      <authorURI>smi:smi-registry/organization/EMSC</authorURI>
    </creationInfo>
  </magnitude>
</event>
<event publicID="quakeml:eu.emsc/event/20060715_0000055">
  <preferredOriginID>quakeml:eu.emsc/event/20060715_0000055/origin/1206761</preferredOriginID>
  <preferredMagnitudeID>quakeml:eu.emsc/event/20060715_0000055/origin/1206761/mag/2</preferredMagnitudeID>
  <creationInfo>
    <agencyURI>smi:smi-registry/organization/EMSC</agencyURI>
    <authorURI>smi:smi-registry/organization/EMSC</authorURI>
    <creationTime>2014-12-03T10:53:37.538407Z</creationTime>
  </creationInfo>
  <description>
    <text>CENTRAL TURKEY</text>
    <type>Flinn-Engdahl region</type>
  </description>
  <origin publicID="quakeml:eu.emsc/event/20060715_0000055/origin/1206761">
    <time>
      <value>2006-07-15T10:26:27.8Z</value>
      <uncertainty>0.27</uncertainty>
    </time>
    <latitude>
      <value>41.3356</value>
      <uncertainty>7.3</uncertainty>
    </latitude>
    <longitude>
      <value>34.8514</value>
      <uncertainty>5.3</uncertainty>
    </longitude>
    <depth>
      <value>5000</value>
    </depth>
    <depthType>from location</depthType>
    <methodID>smi:eu.emsc-csem/origin_method/NA</methodID>
    <quality>
      <usedPhaseCount>11</usedPhaseCount>
      <usedStationCount>8</usedStationCount>
      <standardError>0.82</standardError>
      <azimuthalGap>139</azimuthalGap>
      <minimumDistance>0.09</minimumDistance>
      <maximumDistance>1.63</maximumDistance>
    </quality>
    <evaluationMode>manual</evaluationMode>
    <creationInfo>
      <agencyURI>smi:smi-registry/organization/EMSC</agencyURI>
      <authorURI>smi:smi-registry/organization/EMSC</authorURI>
    </creationInfo>
    <originUncertainty>
      <azimuthMaxHorizontalUncertainty>109</azimuthMaxHorizontalUncertainty>
    </originUncertainty>
  </origin>
  <magnitude publicID="quakeml:eu.emsc/event/20060715_0000055/origin/1206761/mag/2">
    <mag>
      <value>2.6</value>
    </mag>
    <type>MD</type>
    <originID>quakeml:eu.emsc/event/20060715_0000055/origin/1206761</originID>
    <creationInfo>
      <agencyURI>smi:smi-registry/organization/EMSC</agencyURI>
      <authorURI>smi:smi-registry/organization/EMSC</authorURI>
    </creationInfo>
  </magnitude>
</event>
<event publicID="quakeml:eu.emsc/event/20060715_0000023">
  <preferredOriginID>quakeml:eu.emsc/event/20060715_0000023/origin/LU559</preferredOriginID>
  <preferredMagnitudeID>quakeml:eu.emsc/event/20060715_0000023/origin/LU559/mag/1</preferredMagnitudeID>
  <creationInfo>
    <agencyURI>smi:smi-registry/organization/EMSC</agencyURI>
    <authorURI>smi:smi-registry/organization/EMSC</authorURI>
    <creationTime>2014-12-01T15:10:44.730882Z</creationTime>
  </creationInfo>
  <description>
    <text>KERMADEC ISLANDS REGION</text>
    <type>Flinn-Engdahl region</type>
  </description>
  <origin publicID="quakeml:eu.emsc/event/20060715_0000023/origin/LU559">
    <time>
      <value>2006-07-15T08:57:34.3Z</value>
      <uncertainty>0.12</uncertainty>
    </time>
    <latitude>
      <value>-30.61</value>
    </latitude>
    <longitude>
      <value>-179.34</value>
    </longitude>
    <depth>
      <value>200000.0</value>
    </depth>
    <depthType>from location</depthType>
    <methodID>smi:eu.emsc-csem/origin_method/NA</methodID>
    <quality>
      <usedPhaseCount>83</usedPhaseCount>
      <usedStationCount>83</usedStationCount>
      <standardError>0.75</standardError>
      <azimuthalGap>128</azimuthalGap>
      <minimumDistance>18.02</minimumDistance>
      <maximumDistance>161.36</maximumDistance>
    </quality>
    <evaluationMode>automatic</evaluationMode>
    <creationInfo>
      <agencyURI>smi:smi-registry/organization/EMSC</agencyURI>
      <authorURI>smi:smi-registry/organization/EMSC</authorURI>
    </creationInfo>
  </origin>
  <magnitude publicID="quakeml:eu.emsc/event/20060715_0000023/origin/LU559/mag/1">
    <mag>
      <value>5.0</value>
      <uncertainty>0.3</uncertainty>
    </mag>
    <type>mb</type>
    <originID>quakeml:eu.emsc/event/20060715_0000023/origin/LU559</originID>
    <creationInfo>
      <agencyURI>smi:smi-registry/organization/EMSC</agencyURI>
      <authorURI>smi:smi-registry/organization/EMSC</authorURI>
    </creationInfo>
  </magnitude>
</event>
<event publicID="quakeml:eu.emsc/event/20060715_0000046">
  <preferredOriginID>quakeml:eu.emsc/event/20060715_0000046/origin/1196194</preferredOriginID>
  <preferredMagnitudeID>quakeml:eu.emsc/event/20060715_0000046/origin/1196194/mag/2</preferredMagnitudeID>
  <creationInfo>
    <agencyURI>smi:smi-registry/organization/EMSC</agencyURI>
    <authorURI>smi:smi-registry/organization/EMSC</authorURI>
    <creationTime>2014-12-11T23:38:06.329905Z</creationTime>
  </creationInfo>
  <description>
    <text>WESTERN TURKEY</text>
    <type>Flinn-Engdahl region</type>
  </description>
  <origin publicID="quakeml:eu.emsc/event/20060715_0000046/origin/1196194">
    <time>
      <value>2006-07-15T08:22:29.7Z</value>
    </time>
    <latitude>
      <value>39.734</value>
      <uncertainty>9999.9</uncertainty>
    </latitude>
    <longitude>
      <value>31.676</value>
      <uncertainty>9999.9</uncertainty>
    </longitude>
    <depth>
      <value>24000</value>
    </depth>
    <depthType>from location</depthType>
    <methodID>smi:eu.emsc-csem/origin_method/NA</methodID>
    <quality>
      <usedPhaseCount>7</usedPhaseCount>
      <usedStationCount>4</usedStationCount>
      <standardError>1.34</standardError>
      <azimuthalGap>269</azimuthalGap>
      <minimumDistance>0.85</minimumDistance>
      <maximumDistance>1.62</maximumDistance>
    </quality>
    <evaluationMode>manual</evaluationMode>
    <creationInfo>
      <agencyURI>smi:smi-registry/organization/EMSC</agencyURI>
      <authorURI>smi:smi-registry/organization/EMSC</authorURI>
    </creationInfo>
    <originUncertainty>
      <azimuthMaxHorizontalUncertainty>-99</azimuthMaxHorizontalUncertainty>
    </originUncertainty>
  </origin>
  <magnitude publicID="quakeml:eu.emsc/event/20060715_0000046/origin/1196194/mag/2">
    <mag>
      <value>2.7</value>
    </mag>
    <type>MD</type>
    <originID>quakeml:eu.emsc/event/20060715_0000046/origin/1196194</originID>
    <creationInfo>
      <agencyURI>smi:smi-registry/organization/EMSC</agencyURI>
      <authorURI>smi:smi-registry/organization/EMSC</authorURI>
    </creationInfo>
  </magnitude>
</event>
<event publicID="quakeml:eu.emsc/event/20060715_0000022">
  <preferredOriginID>quakeml:eu.emsc/event/20060715_0000022/origin/LA229</preferredOriginID>
  <preferredMagnitudeID>quakeml:eu.emsc/event/20060715_0000022/origin/LA229/mag/1</preferredMagnitudeID>
  <creationInfo>
    <agencyURI>smi:smi-registry/organization/EMSC</agencyURI>
    <authorURI>smi:smi-registry/organization/OBN</authorURI>
    <creationTime>2014-12-01T12:35:19.108902Z</creationTime>
  </creationInfo>
  <description>
    <text>NEAR EAST COAST OF KAMCHATKA</text>
    <type>Flinn-Engdahl region</type>
  </description>
  <origin publicID="quakeml:eu.emsc/event/20060715_0000022/origin/LA229">
    <time>
      <value>2006-07-15T07:39:25.2Z</value>
    </time>
    <latitude>
      <value>56.08</value>
    </latitude>
    <longitude>
      <value>162.24</value>
    </longitude>
    <depth>
      <value>80000.0</value>
    </depth>
    <depthType>from location</depthType>
    <methodID>smi:eu.emsc-csem/origin_method/GEIGER</methodID>
    <quality>
      <usedPhaseCount>17</usedPhaseCount>
      <usedStationCount>17</usedStationCount>
      <azimuthalGap>138</azimuthalGap>
      <minimumDistance>3.71</minimumDistance>
      <maximumDistance>79.32</maximumDistance>
    </quality>
    <evaluationMode>manual</evaluationMode>
    <creationInfo>
      <agencyURI>smi:smi-registry/organization/EMSC</agencyURI>
      <authorURI>smi:smi-registry/organization/OBN</authorURI>
    </creationInfo>
  </origin>
  <magnitude publicID="quakeml:eu.emsc/event/20060715_0000022/origin/LA229/mag/1">
    <mag>
      <value>4.7</value>
    </mag>
    <type>mb</type>
    <originID>quakeml:eu.emsc/event/20060715_0000022/origin/LA229</originID>
    <creationInfo>
      <agencyURI>smi:smi-registry/organization/EMSC</agencyURI>
      <authorURI>smi:smi-registry/organization/OBN</authorURI>
    </creationInfo>
  </magnitude>
</event>
<event publicID="quakeml:eu.emsc/event/20060715_0000054">
  <preferredOriginID>quakeml:eu.emsc/event/20060715_0000054/origin/1196196</preferredOriginID>
  <preferredMagnitudeID>quakeml:eu.emsc/event/20060715_0000054/origin/1196196/mag/2</preferredMagnitudeID>
  <creationInfo>
    <agencyURI>smi:smi-registry/organization/EMSC</agencyURI>
    <authorURI>smi:smi-registry/organization/EMSC</authorURI>
    <creationTime>2014-12-11T23:38:05.873252Z</creationTime>
  </creationInfo>
  <description>
    <text>AZORES ISLANDS, PORTUGAL</text>
    <type>Flinn-Engdahl region</type>
  </description>
  <origin publicID="quakeml:eu.emsc/event/20060715_0000054/origin/1196196">
    <time>
      <value>2006-07-15T07:34:33.0Z</value>
    </time>
    <latitude>
      <value>38.637</value>
      <uncertainty>9999.9</uncertainty>
    </latitude>
    <longitude>
      <value>-28.58</value>
      <uncertainty>9999.9</uncertainty>
    </longitude>
    <depth>
      <value>3900.0</value>
    </depth>
    <depthType>from location</depthType>
    <methodID>smi:eu.emsc-csem/origin_method/NA</methodID>
    <quality>
      <usedPhaseCount>9</usedPhaseCount>
      <usedStationCount>6</usedStationCount>
      <standardError>0.61</standardError>
      <azimuthalGap>192</azimuthalGap>
      <minimumDistance>0.11</minimumDistance>
      <maximumDistance>0.38</maximumDistance>
    </quality>
    <evaluationMode>manual</evaluationMode>
    <creationInfo>
      <agencyURI>smi:smi-registry/organization/EMSC</agencyURI>
      <authorURI>smi:smi-registry/organization/EMSC</authorURI>
    </creationInfo>
    <originUncertainty>
      <azimuthMaxHorizontalUncertainty>-99</azimuthMaxHorizontalUncertainty>
    </originUncertainty>
  </origin>
  <magnitude publicID="quakeml:eu.emsc/event/20060715_0000054/origin/1196196/mag/2">
    <mag>
      <value>1.1</value>
    </mag>
    <type>ML</type>
    <originID>quakeml:eu.emsc/event/20060715_0000054/origin/1196196</originID>
    <creationInfo>
      <agencyURI>smi:smi-registry/organization/EMSC</agencyURI>
      <authorURI>smi:smi-registry/organization/EMSC</authorURI>
    </creationInfo>
  </magnitude>
</event>
<event publicID="quakeml:eu.emsc/event/20060715_0000021">
  <preferredOriginID>quakeml:eu.emsc/event/20060715_0000021/origin/LU554</preferredOriginID>
  <preferredMagnitudeID>quakeml:eu.emsc/event/20060715_0000021/origin/LU554/mag/1</preferredMagnitudeID>
  <creationInfo>
    <agencyURI>smi:smi-registry/organization/EMSC</agencyURI>
    <authorURI>smi:smi-registry/organization/EMSC</authorURI>
    <creationTime>2014-12-01T13:53:09.496446Z</creationTime>
  </creationInfo>
  <description>
    <text>BANDA SEA</text>
    <type>Flinn-Engdahl region</type>
  </description>
  <origin publicID="quakeml:eu.emsc/event/20060715_0000021/origin/LU554">
    <time>
      <value>2006-07-15T07:10:47.3Z</value>
      <uncertainty>0.26</uncertainty>
    </time>
    <latitude>
      <value>-4.48</value>
    </latitude>
    <longitude>
      <value>126.22</value>
    </longitude>
    <depth>
      <value>365000.0</value>
      <uncertainty>2.8</uncertainty>
    </depth>
    <depthType>from location</depthType>
    <methodID>smi:eu.emsc-csem/origin_method/NA</methodID>
    <quality>
      <usedPhaseCount>163</usedPhaseCount>
      <usedStationCount>161</usedStationCount>
      <standardError>1.32</standardError>
      <azimuthalGap>28</azimuthalGap>
      <minimumDistance>2.12</minimumDistance>
      <maximumDistance>162.22</maximumDistance>
    </quality>
    <evaluationMode>automatic</evaluationMode>
    <creationInfo>
      <agencyURI>smi:smi-registry/organization/EMSC</agencyURI>
      <authorURI>smi:smi-registry/organization/EMSC</authorURI>
    </creationInfo>
  </origin>
  <magnitude publicID="quakeml:eu.emsc/event/20060715_0000021/origin/LU554/mag/1">
    <mag>
      <value>5.8</value>
      <uncertainty>0.3</uncertainty>
    </mag>
    <type>mb</type>
    <originID>quakeml:eu.emsc/event/20060715_0000021/origin/LU554</originID>
    <creationInfo>
      <agencyURI>smi:smi-registry/organization/EMSC</agencyURI>
      <authorURI>smi:smi-registry/organization/EMSC</authorURI>
    </creationInfo>
  </magnitude>
</event>
<event publicID="quakeml:eu.emsc/event/20060715_0000043">
  <preferredOriginID>quakeml:eu.emsc/event/20060715_0000043/origin/1205348</preferredOriginID>
  <preferredMagnitudeID>quakeml:eu.emsc/event/20060715_0000043/origin/1205348/mag/1</preferredMagnitudeID>
  <creationInfo>
    <agencyURI>smi:smi-registry/organization/EMSC</agencyURI>
    <authorURI>smi:smi-registry/organization/EMSC</authorURI>
    <creationTime>2014-12-03T11:40:22.326295Z</creationTime>
  </creationInfo>
  <description>
    <text>PYRENEES</text>
    <type>Flinn-Engdahl region</type>
  </description>
  <origin publicID="quakeml:eu.emsc/event/20060715_0000043/origin/1205348">
    <time>
      <value>2006-07-15T06:56:18.4Z</value>
      <uncertainty>0.16</uncertainty>
    </time>
    <latitude>
      <value>43.0233</value>
      <uncertainty>4.6</uncertainty>
    </latitude>
    <longitude>
      <value>-0.5064</value>
      <uncertainty>2.3</uncertainty>
    </longitude>
    <depth>
      <value>8000</value>
    </depth>
    <depthType>from location</depthType>
    <methodID>smi:eu.emsc-csem/origin_method/NA</methodID>
    <quality>
      <usedPhaseCount>29</usedPhaseCount>
      <usedStationCount>17</usedStationCount>
      <standardError>0.83</standardError>
      <azimuthalGap>119</azimuthalGap>
      <minimumDistance>0.1</minimumDistance>
      <maximumDistance>2.16</maximumDistance>
    </quality>
    <evaluationMode>manual</evaluationMode>
    <creationInfo>
      <agencyURI>smi:smi-registry/organization/EMSC</agencyURI>
      <authorURI>smi:smi-registry/organization/EMSC</authorURI>
    </creationInfo>
    <originUncertainty>
      <azimuthMaxHorizontalUncertainty>6</azimuthMaxHorizontalUncertainty>
    </originUncertainty>
  </origin>
  <magnitude publicID="quakeml:eu.emsc/event/20060715_0000043/origin/1205348/mag/1">
    <mag>
      <value>2</value>
      <uncertainty>0.3</uncertainty>
    </mag>
    <type>ML</type>
    <originID>quakeml:eu.emsc/event/20060715_0000043/origin/1205348</originID>
    <stationCount>9</stationCount>
    <creationInfo>
      <agencyURI>smi:smi-registry/organization/EMSC</agencyURI>
      <authorURI>smi:smi-registry/organization/EMSC</authorURI>
    </creationInfo>
  </magnitude>
</event>
<event publicID="quakeml:eu.emsc/event/20060715_0000035">
  <preferredOriginID>quakeml:eu.emsc/event/20060715_0000035/origin/1205495</preferredOriginID>
  <preferredMagnitudeID>quakeml:eu.emsc/event/20060715_0000035/origin/1205495/mag/1</preferredMagnitudeID>
  <creationInfo>
    <agencyURI>smi:smi-registry/organization/EMSC</agencyURI>
    <authorURI>smi:smi-registry/organization/EMSC</authorURI>
    <creationTime>2014-12-03T10:32:40.146868Z</creationTime>
  </creationInfo>
  <description>
    <text>FRANCE</text>
    <type>Flinn-Engdahl region</type>
  </description>
  <origin publicID="quakeml:eu.emsc/event/20060715_0000035/origin/1205495">
    <time>
      <value>2006-07-15T06:56:06.2Z</value>
      <uncertainty>0.27</uncertainty>
    </time>
    <latitude>
      <value>44.4643</value>
      <uncertainty>6.9</uncertainty>
    </latitude>
    <longitude>
      <value>6.917</value>
      <uncertainty>3.8</uncertainty>
    </longitude>
    <depth>
      <value>5000</value>
    </depth>
    <depthType>from location</depthType>
    <methodID>smi:eu.emsc-csem/origin_method/NA</methodID>
    <quality>
      <usedPhaseCount>19</usedPhaseCount>
      <usedStationCount>10</usedStationCount>
      <standardError>1.04</standardError>
      <azimuthalGap>144</azimuthalGap>
      <minimumDistance>0.08</minimumDistance>
      <maximumDistance>1.17</maximumDistance>
    </quality>
    <evaluationMode>manual</evaluationMode>
    <creationInfo>
      <agencyURI>smi:smi-registry/organization/EMSC</agencyURI>
      <authorURI>smi:smi-registry/organization/EMSC</authorURI>
    </creationInfo>
    <originUncertainty>
      <azimuthMaxHorizontalUncertainty>73</azimuthMaxHorizontalUncertainty>
    </originUncertainty>
  </origin>
  <magnitude publicID="quakeml:eu.emsc/event/20060715_0000035/origin/1205495/mag/1">
    <mag>
      <value>1.5</value>
      <uncertainty>0.5</uncertainty>
    </mag>
    <type>ML</type>
    <originID>quakeml:eu.emsc/event/20060715_0000035/origin/1205495</originID>
    <stationCount>5</stationCount>
    <creationInfo>
      <agencyURI>smi:smi-registry/organization/EMSC</agencyURI>
      <authorURI>smi:smi-registry/organization/EMSC</authorURI>
    </creationInfo>
  </magnitude>
</event>
<event publicID="quakeml:eu.emsc/event/20060715_0000048">
  <preferredOriginID>quakeml:eu.emsc/event/20060715_0000048/origin/1196198</preferredOriginID>
  <preferredMagnitudeID>quakeml:eu.emsc/event/20060715_0000048/origin/1196198/mag/2</preferredMagnitudeID>
  <creationInfo>
    <agencyURI>smi:smi-registry/organization/EMSC</agencyURI>
    <authorURI>smi:smi-registry/organization/EMSC</authorURI>
    <creationTime>2014-12-11T23:38:05.415634Z</creationTime>
  </creationInfo>
  <description>
    <text>WESTERN TURKEY</text>
    <type>Flinn-Engdahl region</type>
  </description>
  <origin publicID="quakeml:eu.emsc/event/20060715_0000048/origin/1196198">
    <time>
      <value>2006-07-15T06:44:50.2Z</value>
    </time>
    <latitude>
      <value>37.159</value>
      <uncertainty>9999.9</uncertainty>
    </latitude>
    <longitude>
      <value>28.47</value>
      <uncertainty>9999.9</uncertainty>
    </longitude>
    <depth>
      <value>8000</value>
    </depth>
    <depthType>from location</depthType>
    <methodID>smi:eu.emsc-csem/origin_method/NA</methodID>
    <quality>
      <usedPhaseCount>10</usedPhaseCount>
      <usedStationCount>6</usedStationCount>
      <standardError>1.05</standardError>
      <azimuthalGap>132</azimuthalGap>
      <minimumDistance>0.15</minimumDistance>
      <maximumDistance>0.93</maximumDistance>
    </quality>
    <evaluationMode>manual</evaluationMode>
    <creationInfo>
      <agencyURI>smi:smi-registry/organization/EMSC</agencyURI>
      <authorURI>smi:smi-registry/organization/EMSC</authorURI>
    </creationInfo>
    <originUncertainty>
      <azimuthMaxHorizontalUncertainty>-99</azimuthMaxHorizontalUncertainty>
    </originUncertainty>
  </origin>
  <magnitude publicID="quakeml:eu.emsc/event/20060715_0000048/origin/1196198/mag/2">
    <mag>
      <value>2.7</value>
    </mag>
    <type>MD</type>
    <originID>quakeml:eu.emsc/event/20060715_0000048/origin/1196198</originID>
    <creationInfo>
      <agencyURI>smi:smi-registry/organization/EMSC</agencyURI>
      <authorURI>smi:smi-registry/organization/EMSC</authorURI>
    </creationInfo>
  </magnitude>
</event>
<event publicID="quakeml:eu.emsc/event/20060715_0000032">
  <preferredOriginID>quakeml:eu.emsc/event/20060715_0000032/origin/1205498</preferredOriginID>
  <preferredMagnitudeID>quakeml:eu.emsc/event/20060715_0000032/origin/1205498/mag/1</preferredMagnitudeID>
  <creationInfo>
    <agencyURI>smi:smi-registry/organization/EMSC</agencyURI>
    <authorURI>smi:smi-registry/organization/EMSC</authorURI>
    <creationTime>2014-12-03T12:08:23.982377Z</creationTime>
  </creationInfo>
  <description>
    <text>NORTHERN ITALY</text>
    <type>Flinn-Engdahl region</type>
  </description>
  <origin publicID="quakeml:eu.emsc/event/20060715_0000032/origin/1205498">
    <time>
      <value>2006-07-15T05:16:13.9Z</value>
      <uncertainty>0.07</uncertainty>
    </time>
    <latitude>
      <value>44.3968</value>
      <uncertainty>1.6</uncertainty>
    </latitude>
    <longitude>
      <value>7.2857</value>
      <uncertainty>1.1</uncertainty>
    </longitude>
    <depth>
      <value>10000</value>
    </depth>
    <depthType>from location</depthType>
    <methodID>smi:eu.emsc-csem/origin_method/NA</methodID>
    <quality>
      <usedPhaseCount>45</usedPhaseCount>
      <usedStationCount>21</usedStationCount>
      <standardError>0.53</standardError>
      <azimuthalGap>78</azimuthalGap>
      <minimumDistance>0.16</minimumDistance>
      <maximumDistance>1.3</maximumDistance>
    </quality>
    <evaluationMode>manual</evaluationMode>
    <creationInfo>
      <agencyURI>smi:smi-registry/organization/EMSC</agencyURI>
      <authorURI>smi:smi-registry/organization/EMSC</authorURI>
    </creationInfo>
    <originUncertainty>
      <azimuthMaxHorizontalUncertainty>57</azimuthMaxHorizontalUncertainty>
    </originUncertainty>
  </origin>
  <magnitude publicID="quakeml:eu.emsc/event/20060715_0000032/origin/1205498/mag/1">
    <mag>
      <value>1.7</value>
      <uncertainty>0.4</uncertainty>
    </mag>
    <type>ML</type>
    <originID>quakeml:eu.emsc/event/20060715_0000032/origin/1205498</originID>
    <stationCount>8</stationCount>
    <creationInfo>
      <agencyURI>smi:smi-registry/organization/EMSC</agencyURI>
      <authorURI>smi:smi-registry/organization/EMSC</authorURI>
    </creationInfo>
  </magnitude>
</event>
<event publicID="quakeml:eu.emsc/event/20060715_0000057">
  <preferredOriginID>quakeml:eu.emsc/event/20060715_0000057/origin/1196200</preferredOriginID>
  <preferredMagnitudeID>quakeml:eu.emsc/event/20060715_0000057/origin/1196200/mag/2</preferredMagnitudeID>
  <creationInfo>
    <agencyURI>smi:smi-registry/organization/EMSC</agencyURI>
    <authorURI>smi:smi-registry/organization/EMSC</authorURI>
    <creationTime>2014-12-11T23:38:04.954644Z</creationTime>
  </creationInfo>
  <description>
    <text>GEORGIA (SAK'ART'VELO)</text>
    <type>Flinn-Engdahl region</type>
  </description>
  <origin publicID="quakeml:eu.emsc/event/20060715_0000057/origin/1196200">
    <time>
      <value>2006-07-15T05:05:07.1Z</value>
    </time>
    <latitude>
      <value>42.71</value>
      <uncertainty>9999.9</uncertainty>
    </latitude>
    <longitude>
      <value>43.487</value>
      <uncertainty>9999.9</uncertainty>
    </longitude>
    <depth>
      <value>27000</value>
    </depth>
    <depthType>from location</depthType>
    <methodID>smi:eu.emsc-csem/origin_method/NA</methodID>
    <quality>
      <usedPhaseCount>18</usedPhaseCount>
      <usedStationCount>9</usedStationCount>
      <standardError>2.1</standardError>
      <azimuthalGap>243</azimuthalGap>
      <minimumDistance>0.2</minimumDistance>
      <maximumDistance>1.35</maximumDistance>
    </quality>
    <evaluationMode>manual</evaluationMode>
    <creationInfo>
      <agencyURI>smi:smi-registry/organization/EMSC</agencyURI>
      <authorURI>smi:smi-registry/organization/EMSC</authorURI>
    </creationInfo>
    <originUncertainty>
      <azimuthMaxHorizontalUncertainty>-99</azimuthMaxHorizontalUncertainty>
    </originUncertainty>
  </origin>
  <magnitude publicID="quakeml:eu.emsc/event/20060715_0000057/origin/1196200/mag/2">
    <mag>
      <value>3.6</value>
    </mag>
    <type>mb</type>
    <originID>quakeml:eu.emsc/event/20060715_0000057/origin/1196200</originID>
    <creationInfo>
      <agencyURI>smi:smi-registry/organization/EMSC</agencyURI>
      <authorURI>smi:smi-registry/organization/EMSC</authorURI>
    </creationInfo>
  </magnitude>
</event>
<event publicID="quakeml:eu.emsc/event/20060715_0000056">
  <preferredOriginID>quakeml:eu.emsc/event/20060715_0000056/origin/1205501</preferredOriginID>
  <preferredMagnitudeID>quakeml:eu.emsc/event/20060715_0000056/origin/1205501/mag/2</preferredMagnitudeID>
  <creationInfo>
    <agencyURI>smi:smi-registry/organization/EMSC</agencyURI>
    <authorURI>smi:smi-registry/organization/EMSC</authorURI>
    <creationTime>2014-12-03T11:06:53.662895Z</creationTime>
  </creationInfo>
  <description>
    <text>GERMANY</text>
    <type>Flinn-Engdahl region</type>
  </description>
  <origin publicID="quakeml:eu.emsc/event/20060715_0000056/origin/1205501">
    <time>
      <value>2006-07-15T03:15:49.0Z</value>
      <uncertainty>0.85</uncertainty>
    </time>
    <latitude>
      <value>48.5355</value>
      <uncertainty>13.2</uncertainty>
    </latitude>
    <longitude>
      <value>8.315</value>
      <uncertainty>8.7</uncertainty>
    </longitude>
    <depth>
      <value>15000</value>
    </depth>
    <depthType>from location</depthType>
    <methodID>smi:eu.emsc-csem/origin_method/NA</methodID>
    <quality>
      <usedPhaseCount>19</usedPhaseCount>
      <usedStationCount>10</usedStationCount>
      <standardError>0.84</standardError>
      <azimuthalGap>295</azimuthalGap>
      <minimumDistance>0.65</minimumDistance>
      <maximumDistance>3.56</maximumDistance>
    </quality>
    <evaluationMode>manual</evaluationMode>
    <creationInfo>
      <agencyURI>smi:smi-registry/organization/EMSC</agencyURI>
      <authorURI>smi:smi-registry/organization/EMSC</authorURI>
    </creationInfo>
    <originUncertainty>
      <azimuthMaxHorizontalUncertainty>37</azimuthMaxHorizontalUncertainty>
    </originUncertainty>
  </origin>
  <magnitude publicID="quakeml:eu.emsc/event/20060715_0000056/origin/1205501/mag/2">
    <mag>
      <value>1.9</value>
      <uncertainty>0.2</uncertainty>
    </mag>
    <type>ML</type>
    <originID>quakeml:eu.emsc/event/20060715_0000056/origin/1205501</originID>
    <stationCount>4</stationCount>
    <creationInfo>
      <agencyURI>smi:smi-registry/organization/EMSC</agencyURI>
      <authorURI>smi:smi-registry/organization/EMSC</authorURI>
    </creationInfo>
  </magnitude>
</event>
<event publicID="quakeml:eu.emsc/event/20060715_0000045">
  <preferredOriginID>quakeml:eu.emsc/event/20060715_0000045/origin/1196202</preferredOriginID>
  <preferredMagnitudeID>quakeml:eu.emsc/event/20060715_0000045/origin/1196202/mag/2</preferredMagnitudeID>
  <creationInfo>
    <agencyURI>smi:smi-registry/organization/EMSC</agencyURI>
    <authorURI>smi:smi-registry/organization/EMSC</authorURI>
    <creationTime>2014-12-11T23:38:04.487896Z</creationTime>
  </creationInfo>
  <description>
    <text>AZORES ISLANDS, PORTUGAL</text>
    <type>Flinn-Engdahl region</type>
  </description>
  <origin publicID="quakeml:eu.emsc/event/20060715_0000045/origin/1196202">
    <time>
      <value>2006-07-15T03:09:01.0Z</value>
    </time>
    <latitude>
      <value>38.454</value>
      <uncertainty>9999.9</uncertainty>
    </latitude>
    <longitude>
      <value>-28.403</value>
      <uncertainty>9999.9</uncertainty>
    </longitude>
    <depth>
      <value>5200.0</value>
    </depth>
    <depthType>from location</depthType>
    <methodID>smi:eu.emsc-csem/origin_method/NA</methodID>
    <quality>
      <usedPhaseCount>8</usedPhaseCount>
      <usedStationCount>4</usedStationCount>
      <standardError>0.6</standardError>
      <azimuthalGap>158</azimuthalGap>
      <minimumDistance>0.03</minimumDistance>
      <maximumDistance>0.05</maximumDistance>
    </quality>
    <evaluationMode>manual</evaluationMode>
    <creationInfo>
      <agencyURI>smi:smi-registry/organization/EMSC</agencyURI>
      <authorURI>smi:smi-registry/organization/EMSC</authorURI>
    </creationInfo>
    <originUncertainty>
      <azimuthMaxHorizontalUncertainty>-99</azimuthMaxHorizontalUncertainty>
    </originUncertainty>
  </origin>
  <magnitude publicID="quakeml:eu.emsc/event/20060715_0000045/origin/1196202/mag/2">
    <mag>
      <value>0.7</value>
    </mag>
    <type>ML</type>
    <originID>quakeml:eu.emsc/event/20060715_0000045/origin/1196202</originID>
    <creationInfo>
      <agencyURI>smi:smi-registry/organization/EMSC</agencyURI>
      <authorURI>smi:smi-registry/organization/EMSC</authorURI>
    </creationInfo>
  </magnitude>
</event>
<event publicID="quakeml:eu.emsc/event/20060715_0000044">
  <preferredOriginID>quakeml:eu.emsc/event/20060715_0000044/origin/1196204</preferredOriginID>
  <preferredMagnitudeID>quakeml:eu.emsc/event/20060715_0000044/origin/1196204/mag/2</preferredMagnitudeID>
  <creationInfo>
    <agencyURI>smi:smi-registry/organization/EMSC</agencyURI>
    <authorURI>smi:smi-registry/organization/EMSC</authorURI>
    <creationTime>2014-12-11T23:38:04.13791Z</creationTime>
  </creationInfo>
  <description>
    <text>AZORES ISLANDS, PORTUGAL</text>
    <type>Flinn-Engdahl region</type>
  </description>
  <origin publicID="quakeml:eu.emsc/event/20060715_0000044/origin/1196204">
    <time>
      <value>2006-07-15T03:08:06.0Z</value>
    </time>
    <latitude>
      <value>38.448</value>
      <uncertainty>9999.9</uncertainty>
    </latitude>
    <longitude>
      <value>-28.402</value>
      <uncertainty>9999.9</uncertainty>
    </longitude>
    <depth>
      <value>3200.0</value>
    </depth>
    <depthType>from location</depthType>
    <methodID>smi:eu.emsc-csem/origin_method/NA</methodID>
    <quality>
      <usedPhaseCount>7</usedPhaseCount>
      <usedStationCount>4</usedStationCount>
      <standardError>0.38</standardError>
      <azimuthalGap>174</azimuthalGap>
      <minimumDistance>0.02</minimumDistance>
      <maximumDistance>0.06</maximumDistance>
    </quality>
    <evaluationMode>manual</evaluationMode>
    <creationInfo>
      <agencyURI>smi:smi-registry/organization/EMSC</agencyURI>
      <authorURI>smi:smi-registry/organization/EMSC</authorURI>
    </creationInfo>
    <originUncertainty>
      <azimuthMaxHorizontalUncertainty>-99</azimuthMaxHorizontalUncertainty>
    </originUncertainty>
  </origin>
  <magnitude publicID="quakeml:eu.emsc/event/20060715_0000044/origin/1196204/mag/2">
    <mag>
      <value>0.4</value>
    </mag>
    <type>ML</type>
    <originID>quakeml:eu.emsc/event/20060715_0000044/origin/1196204</originID>
    <creationInfo>
      <agencyURI>smi:smi-registry/organization/EMSC</agencyURI>
      <authorURI>smi:smi-registry/organization/EMSC</authorURI>
    </creationInfo>
  </magnitude>
</event>
<event publicID="quakeml:eu.emsc/event/20060715_0000047">
  <preferredOriginID>quakeml:eu.emsc/event/20060715_0000047/origin/1196206</preferredOriginID>
  <preferredMagnitudeID>quakeml:eu.emsc/event/20060715_0000047/origin/1196206/mag/2</preferredMagnitudeID>
  <creationInfo>
    <agencyURI>smi:smi-registry/organization/EMSC</agencyURI>
    <authorURI>smi:smi-registry/organization/EMSC</authorURI>
    <creationTime>2014-12-11T23:38:03.567959Z</creationTime>
  </creationInfo>
  <description>
    <text>CENTRAL IRAN</text>
    <type>Flinn-Engdahl region</type>
  </description>
  <origin publicID="quakeml:eu.emsc/event/20060715_0000047/origin/1196206">
    <time>
      <value>2006-07-15T02:41:48.9Z</value>
    </time>
    <latitude>
      <value>32.141</value>
      <uncertainty>9999.9</uncertainty>
    </latitude>
    <longitude>
      <value>50.082</value>
      <uncertainty>9999.9</uncertainty>
    </longitude>
    <depth>
      <value>14100.0</value>
    </depth>
    <depthType>from location</depthType>
    <methodID>smi:eu.emsc-csem/origin_method/NA</methodID>
    <quality>
      <usedPhaseCount>6</usedPhaseCount>
      <usedStationCount>4</usedStationCount>
      <standardError>1.86</standardError>
      <azimuthalGap>195</azimuthalGap>
      <minimumDistance>1.09</minimumDistance>
      <maximumDistance>3.72</maximumDistance>
    </quality>
    <evaluationMode>manual</evaluationMode>
    <creationInfo>
      <agencyURI>smi:smi-registry/organization/EMSC</agencyURI>
      <authorURI>smi:smi-registry/organization/EMSC</authorURI>
    </creationInfo>
    <originUncertainty>
      <azimuthMaxHorizontalUncertainty>-99</azimuthMaxHorizontalUncertainty>
    </originUncertainty>
  </origin>
  <magnitude publicID="quakeml:eu.emsc/event/20060715_0000047/origin/1196206/mag/2">
    <mag>
      <value>2.7</value>
    </mag>
    <type>ML</type>
    <originID>quakeml:eu.emsc/event/20060715_0000047/origin/1196206</originID>
    <creationInfo>
      <agencyURI>smi:smi-registry/organization/EMSC</agencyURI>
      <authorURI>smi:smi-registry/organization/EMSC</authorURI>
    </creationInfo>
  </magnitude>
</event>
<event publicID="quakeml:eu.emsc/event/20060715_0000018">
  <preferredOriginID>quakeml:eu.emsc/event/20060715_0000018/origin/1206773</preferredOriginID>
  <preferredMagnitudeID>quakeml:eu.emsc/event/20060715_0000018/origin/1206773/mag/2</preferredMagnitudeID>
  <creationInfo>
    <agencyURI>smi:smi-registry/organization/EMSC</agencyURI>
    <authorURI>smi:smi-registry/organization/EMSC</authorURI>
    <creationTime>2014-12-03T12:57:42.593449Z</creationTime>
  </creationInfo>
  <description>
    <text>SOUTHERN GREECE</text>
    <type>Flinn-Engdahl region</type>
  </description>
  <origin publicID="quakeml:eu.emsc/event/20060715_0000018/origin/1206773">
    <time>
      <value>2006-07-15T02:15:11.7Z</value>
      <uncertainty>0.43</uncertainty>
    </time>
    <latitude>
      <value>36.0903</value>
      <uncertainty>13.2</uncertainty>
    </latitude>
    <longitude>
      <value>21.7323</value>
      <uncertainty>5.4</uncertainty>
    </longitude>
    <depth>
      <value>10000</value>
    </depth>
    <depthType>from location</depthType>
    <methodID>smi:eu.emsc-csem/origin_method/NA</methodID>
    <quality>
      <usedPhaseCount>42</usedPhaseCount>
      <usedStationCount>27</usedStationCount>
      <standardError>1.25</standardError>
      <azimuthalGap>182</azimuthalGap>
      <minimumDistance>1.07</minimumDistance>
      <maximumDistance>7.59</maximumDistance>
    </quality>
    <evaluationMode>manual</evaluationMode>
    <creationInfo>
      <agencyURI>smi:smi-registry/organization/EMSC</agencyURI>
      <authorURI>smi:smi-registry/organization/EMSC</authorURI>
    </creationInfo>
    <originUncertainty>
      <azimuthMaxHorizontalUncertainty>59</azimuthMaxHorizontalUncertainty>
    </originUncertainty>
  </origin>
  <magnitude publicID="quakeml:eu.emsc/event/20060715_0000018/origin/1206773/mag/2">
    <mag>
      <value>3.5</value>
    </mag>
    <type>ML</type>
    <originID>quakeml:eu.emsc/event/20060715_0000018/origin/1206773</originID>
    <creationInfo>
      <agencyURI>smi:smi-registry/organization/EMSC</agencyURI>
      <authorURI>smi:smi-registry/organization/EMSC</authorURI>
    </creationInfo>
  </magnitude>
</event>
<event publicID="quakeml:eu.emsc/event/20060715_0000033">
  <preferredOriginID>quakeml:eu.emsc/event/20060715_0000033/origin/1196208</preferredOriginID>
  <preferredMagnitudeID>quakeml:eu.emsc/event/20060715_0000033/origin/1196208/mag/2</preferredMagnitudeID>
  <creationInfo>
    <agencyURI>smi:smi-registry/organization/EMSC</agencyURI>
    <authorURI>smi:smi-registry/organization/EMSC</authorURI>
    <creationTime>2014-12-11T23:38:02.626034Z</creationTime>
  </creationInfo>
  <description>
    <text>WESTERN TURKEY</text>
    <type>Flinn-Engdahl region</type>
  </description>
  <origin publicID="quakeml:eu.emsc/event/20060715_0000033/origin/1196208">
    <time>
      <value>2006-07-15T02:08:34.0Z</value>
    </time>
    <latitude>
      <value>39.252</value>
      <uncertainty>9999.9</uncertainty>
    </latitude>
    <longitude>
      <value>28.347</value>
      <uncertainty>9999.9</uncertainty>
    </longitude>
    <depth>
      <value>17000</value>
    </depth>
    <depthType>from location</depthType>
    <methodID>smi:eu.emsc-csem/origin_method/NA</methodID>
    <quality>
      <usedPhaseCount>11</usedPhaseCount>
      <usedStationCount>8</usedStationCount>
      <standardError>0.69</standardError>
      <azimuthalGap>197</azimuthalGap>
      <minimumDistance>0.41</minimumDistance>
      <maximumDistance>1.53</maximumDistance>
    </quality>
    <evaluationMode>manual</evaluationMode>
    <creationInfo>
      <agencyURI>smi:smi-registry/organization/EMSC</agencyURI>
      <authorURI>smi:smi-registry/organization/EMSC</authorURI>
    </creationInfo>
    <originUncertainty>
      <azimuthMaxHorizontalUncertainty>-99</azimuthMaxHorizontalUncertainty>
    </originUncertainty>
  </origin>
  <magnitude publicID="quakeml:eu.emsc/event/20060715_0000033/origin/1196208/mag/2">
    <mag>
      <value>2.9</value>
    </mag>
    <type>MD</type>
    <originID>quakeml:eu.emsc/event/20060715_0000033/origin/1196208</originID>
    <creationInfo>
      <agencyURI>smi:smi-registry/organization/EMSC</agencyURI>
      <authorURI>smi:smi-registry/organization/EMSC</authorURI>
    </creationInfo>
  </magnitude>
</event>
<event publicID="quakeml:eu.emsc/event/20060715_0000017">
  <preferredOriginID>quakeml:eu.emsc/event/20060715_0000017/origin/1206782</preferredOriginID>
  <preferredMagnitudeID>quakeml:eu.emsc/event/20060715_0000017/origin/1206782/mag/1</preferredMagnitudeID>
  <creationInfo>
    <agencyURI>smi:smi-registry/organization/EMSC</agencyURI>
    <authorURI>smi:smi-registry/organization/EMSC</authorURI>
    <creationTime>2014-12-03T13:38:35.707372Z</creationTime>
  </creationInfo>
  <description>
    <text>NORTH OF SVALBARD</text>
    <type>Flinn-Engdahl region</type>
  </description>
  <origin publicID="quakeml:eu.emsc/event/20060715_0000017/origin/1206782">
    <time>
      <value>2006-07-15T00:56:55.0Z</value>
      <uncertainty>0.22</uncertainty>
    </time>
    <latitude>
      <value>81.2412</value>
      <uncertainty>9.8</uncertainty>
    </latitude>
    <longitude>
      <value>-4.6132</value>
      <uncertainty>7.3</uncertainty>
    </longitude>
    <depth>
      <value>2000</value>
    </depth>
    <depthType>from location</depthType>
    <methodID>smi:eu.emsc-csem/origin_method/NA</methodID>
    <quality>
      <usedPhaseCount>74</usedPhaseCount>
      <usedStationCount>74</usedStationCount>
      <standardError>1.24</standardError>
      <azimuthalGap>86</azimuthalGap>
      <minimumDistance>3.67</minimumDistance>
      <maximumDistance>57.47</maximumDistance>
    </quality>
    <evaluationMode>manual</evaluationMode>
    <creationInfo>
      <agencyURI>smi:smi-registry/organization/EMSC</agencyURI>
      <authorURI>smi:smi-registry/organization/EMSC</authorURI>
    </creationInfo>
    <originUncertainty>
      <azimuthMaxHorizontalUncertainty>42</azimuthMaxHorizontalUncertainty>
    </originUncertainty>
  </origin>
  <magnitude publicID="quakeml:eu.emsc/event/20060715_0000017/origin/1206782/mag/1">
    <mag>
      <value>4.4</value>
      <uncertainty>0.4</uncertainty>
    </mag>
    <type>mb</type>
    <originID>quakeml:eu.emsc/event/20060715_0000017/origin/1206782</originID>
    <stationCount>33</stationCount>
    <creationInfo>
      <agencyURI>smi:smi-registry/organization/EMSC</agencyURI>
      <authorURI>smi:smi-registry/organization/EMSC</authorURI>
    </creationInfo>
  </magnitude>
</event>
</eventParameters>
</q:quakeml>
