<?xml version="1.0"?>
<q:quakeml xmlns:q="http://quakeml.org/xmlns/quakeml/1.2"  xmlns="http://quakeml.org/xmlns/bed/1.2">
<eventParameters publicID="smi:eu.emsc/unid">
<event publicID="quakeml:eu.emsc/event/20060130_0000045">
  <preferredOriginID>quakeml:eu.emsc/event/20060130_0000045/origin/HF269</preferredOriginID>
  <preferredMagnitudeID>quakeml:eu.emsc/event/20060130_0000045/origin/HF269/mag/1</preferredMagnitudeID>
  <creationInfo>
    <agencyURI>smi:smi-registry/organization/EMSC</agencyURI>
    <authorURI>smi:smi-registry/organization/LDG</authorURI>
    <creationTime>2014-12-01T14:12:14.85079Z</creationTime>
  </creationInfo>
  <description>
    <text>FRANCE</text>
    <type>Flinn-Engdahl region</type>
  </description>
  <origin publicID="quakeml:eu.emsc/event/20060130_0000045/origin/HF269">
    <time>
      <value>2006-01-30T23:58:17.4Z</value>
      <uncertainty>0.19</uncertainty>
    </time>
    <latitude>
      <value>44.2</value>
    </latitude>
    <longitude>
      <value>6.4</value>
    </longitude>
    <depth>
      <value>10000.0</value>
    </depth>
    <depthType>from location</depthType>
    <methodID>smi:eu.emsc-csem/origin_method/GEIGER</methodID>
    <quality>
      <usedPhaseCount>22</usedPhaseCount>
      <usedStationCount>11</usedStationCount>
      <standardError>0.47</standardError>
      <azimuthalGap>86</azimuthalGap>
      <minimumDistance>0.59</minimumDistance>
      <maximumDistance>2.42</maximumDistance>
    </quality>
    <evaluationMode>automatic</evaluationMode>
    <creationInfo>
      <agencyURI>smi:smi-registry/organization/EMSC</agencyURI>
      <authorURI>smi:smi-registry/organization/LDG</authorURI>
    </creationInfo>
  </origin>
  <magnitude publicID="quakeml:eu.emsc/event/20060130_0000045/origin/HF269/mag/1">
    <mag>
      <value>2.2</value>
      <uncertainty>0.2</uncertainty>
    </mag>
    <type>ml</type>
    <originID>quakeml:eu.emsc/event/20060130_0000045/origin/HF269</originID>
    <stationCount>5</stationCount>
    <creationInfo>
      <agencyURI>smi:smi-registry/organization/EMSC</agencyURI>
      <authorURI>smi:smi-registry/organization/LDG</authorURI>
    </creationInfo>
  </magnitude>
</event>
<event publicID="quakeml:eu.emsc/event/20060130_0000053">
  <preferredOriginID>quakeml:eu.emsc/event/20060130_0000053/origin/1221237</preferredOriginID>
  <preferredMagnitudeID>quakeml:eu.emsc/event/20060130_0000053/origin/1221237/mag/1</preferredMagnitudeID>
  <creationInfo>
    <agencyURI>smi:smi-registry/organization/EMSC</agencyURI>
    <authorURI>smi:smi-registry/organization/EMSC</authorURI>
    <creationTime>2014-12-03T11:08:05.454498Z</creationTime>
  </creationInfo>
  <description>
    <text>FRANCE</text>
    <type>Flinn-Engdahl region</type>
  </description>
  <origin publicID="quakeml:eu.emsc/event/20060130_0000053/origin/1221237">
    <time>
      <value>2006-01-30T23:58:16.6Z</value>
      <uncertainty>0.1</uncertainty>
    </time>
    <latitude>
      <value>44.2154</value>
      <uncertainty>1.9</uncertainty>
    </latitude>
    <longitude>
      <value>6.4132</value>
      <uncertainty>1.7</uncertainty>
    </longitude>
    <depth>
      <value>17800.0</value>
      <uncertainty>1.1</uncertainty>
    </depth>
    <depthType>from location</depthType>
    <methodID>smi:eu.emsc-csem/origin_method/NA</methodID>
    <quality>
      <usedPhaseCount>66</usedPhaseCount>
      <usedStationCount>32</usedStationCount>
      <standardError>0.77</standardError>
      <azimuthalGap>73</azimuthalGap>
      <minimumDistance>0.57</minimumDistance>
      <maximumDistance>3.36</maximumDistance>
    </quality>
    <evaluationMode>manual</evaluationMode>
    <creationInfo>
      <agencyURI>smi:smi-registry/organization/EMSC</agencyURI>
      <authorURI>smi:smi-registry/organization/EMSC</authorURI>
    </creationInfo>
    <originUncertainty>
      <azimuthMaxHorizontalUncertainty>37</azimuthMaxHorizontalUncertainty>
    </originUncertainty>
  </origin>
  <magnitude publicID="quakeml:eu.emsc/event/20060130_0000053/origin/1221237/mag/1">
    <mag>
      <value>2.1</value>
      <uncertainty>0.3</uncertainty>
    </mag>
    <type>ML</type>
    <originID>quakeml:eu.emsc/event/20060130_0000053/origin/1221237</originID>
    <stationCount>12</stationCount>
    <creationInfo>
      <agencyURI>smi:smi-registry/organization/EMSC</agencyURI>
      <authorURI>smi:smi-registry/organization/EMSC</authorURI>
    </creationInfo>
  </magnitude>
</event>
<event publicID="quakeml:eu.emsc/event/20060130_0000059">
  <preferredOriginID>quakeml:eu.emsc/event/20060130_0000059/origin/1230839</preferredOriginID>
  <preferredMagnitudeID>quakeml:eu.emsc/event/20060130_0000059/origin/1230839/mag/2</preferredMagnitudeID>
  <creationInfo>
    <agencyURI>smi:smi-registry/organization/EMSC</agencyURI>
    <authorURI>smi:smi-registry/organization/EMSC</authorURI>
    <creationTime>2014-12-03T11:21:04.804551Z</creationTime>
  </creationInfo>
  <description>
    <text>WESTERN TURKEY</text>
    <type>Flinn-Engdahl region</type>
  </description>
  <origin publicID="quakeml:eu.emsc/event/20060130_0000059/origin/1230839">
    <time>
      <value>2006-01-30T23:33:51.0Z</value>
      <uncertainty>0.27</uncertainty>
    </time>
    <latitude>
      <value>37.0847</value>
      <uncertainty>6.8</uncertainty>
    </latitude>
    <longitude>
      <value>28.3114</value>
      <uncertainty>3.4</uncertainty>
    </longitude>
    <depth>
      <value>5000</value>
    </depth>
    <depthType>from location</depthType>
    <methodID>smi:eu.emsc-csem/origin_method/NA</methodID>
    <quality>
      <usedPhaseCount>15</usedPhaseCount>
      <usedStationCount>9</usedStationCount>
      <standardError>0.86</standardError>
      <azimuthalGap>158</azimuthalGap>
      <minimumDistance>0.05</minimumDistance>
      <maximumDistance>1.86</maximumDistance>
    </quality>
    <evaluationMode>manual</evaluationMode>
    <creationInfo>
      <agencyURI>smi:smi-registry/organization/EMSC</agencyURI>
      <authorURI>smi:smi-registry/organization/EMSC</authorURI>
    </creationInfo>
    <originUncertainty>
      <azimuthMaxHorizontalUncertainty>161</azimuthMaxHorizontalUncertainty>
    </originUncertainty>
  </origin>
  <magnitude publicID="quakeml:eu.emsc/event/20060130_0000059/origin/1230839/mag/2">
    <mag>
      <value>2.8</value>
    </mag>
    <type>MD</type>
    <originID>quakeml:eu.emsc/event/20060130_0000059/origin/1230839</originID>
    <creationInfo>
      <agencyURI>smi:smi-registry/organization/EMSC</agencyURI>
      <authorURI>smi:smi-registry/organization/EMSC</authorURI>
    </creationInfo>
  </magnitude>
</event>
<event publicID="quakeml:eu.emsc/event/20060130_0000075">
  <preferredOriginID>quakeml:eu.emsc/event/20060130_0000075/origin/1204210</preferredOriginID>
  <preferredMagnitudeID>quakeml:eu.emsc/event/20060130_0000075/origin/1204210/mag/2</preferredMagnitudeID>
  <creationInfo>
    <agencyURI>smi:smi-registry/organization/EMSC</agencyURI>
    <authorURI>smi:smi-registry/organization/EMSC</authorURI>
    <creationTime>2014-12-11T19:48:28.309775Z</creationTime>
  </creationInfo>
  <description>
    <text>SWEDEN</text>
    <type>Flinn-Engdahl region</type>
  </description>
  <origin publicID="quakeml:eu.emsc/event/20060130_0000075/origin/1204210">
    <time>
      <value>2006-01-30T23:22:39.6Z</value>
    </time>
    <latitude>
      <value>67.182</value>
      <uncertainty>9999.9</uncertainty>
    </latitude>
    <longitude>
      <value>20.626</value>
      <uncertainty>9999.9</uncertainty>
    </longitude>
    <depth>
      <value>300.0</value>
    </depth>
    <depthType>from location</depthType>
    <methodID>smi:eu.emsc-csem/origin_method/NA</methodID>
    <quality>
      <usedPhaseCount>6</usedPhaseCount>
      <usedStationCount>6</usedStationCount>
      <standardError>0.43</standardError>
      <azimuthalGap>105</azimuthalGap>
      <minimumDistance>0.06</minimumDistance>
      <maximumDistance>1.93</maximumDistance>
    </quality>
    <evaluationMode>manual</evaluationMode>
    <creationInfo>
      <agencyURI>smi:smi-registry/organization/EMSC</agencyURI>
      <authorURI>smi:smi-registry/organization/EMSC</authorURI>
    </creationInfo>
    <originUncertainty>
      <azimuthMaxHorizontalUncertainty>-99</azimuthMaxHorizontalUncertainty>
    </originUncertainty>
  </origin>
  <magnitude publicID="quakeml:eu.emsc/event/20060130_0000075/origin/1204210/mag/2">
    <mag>
      <value>2.7</value>
    </mag>
    <type>ML</type>
    <originID>quakeml:eu.emsc/event/20060130_0000075/origin/1204210</originID>
    <creationInfo>
      <agencyURI>smi:smi-registry/organization/EMSC</agencyURI>
      <authorURI>smi:smi-registry/organization/EMSC</authorURI>
    </creationInfo>
  </magnitude>
</event>
<event publicID="quakeml:eu.emsc/event/20060130_0000066">
  <preferredOriginID>quakeml:eu.emsc/event/20060130_0000066/origin/1221495</preferredOriginID>
  <preferredMagnitudeID>quakeml:eu.emsc/event/20060130_0000066/origin/1221495/mag/2</preferredMagnitudeID>
  <creationInfo>
    <agencyURI>smi:smi-registry/organization/EMSC</agencyURI>
    <authorURI>smi:smi-registry/organization/EMSC</authorURI>
    <creationTime>2014-12-03T10:41:07.743659Z</creationTime>
  </creationInfo>
  <description>
    <text>DODECANESE ISLANDS, GREECE</text>
    <type>Flinn-Engdahl region</type>
  </description>
  <origin publicID="quakeml:eu.emsc/event/20060130_0000066/origin/1221495">
    <time>
      <value>2006-01-30T21:32:28.2Z</value>
      <uncertainty>0.23</uncertainty>
    </time>
    <latitude>
      <value>36.9745</value>
      <uncertainty>5.4</uncertainty>
    </latitude>
    <longitude>
      <value>27.8175</value>
      <uncertainty>3.4</uncertainty>
    </longitude>
    <depth>
      <value>10000</value>
    </depth>
    <depthType>from location</depthType>
    <methodID>smi:eu.emsc-csem/origin_method/NA</methodID>
    <quality>
      <usedPhaseCount>12</usedPhaseCount>
      <usedStationCount>7</usedStationCount>
      <standardError>0.76</standardError>
      <azimuthalGap>151</azimuthalGap>
      <minimumDistance>0.31</minimumDistance>
      <maximumDistance>1.21</maximumDistance>
    </quality>
    <evaluationMode>manual</evaluationMode>
    <creationInfo>
      <agencyURI>smi:smi-registry/organization/EMSC</agencyURI>
      <authorURI>smi:smi-registry/organization/EMSC</authorURI>
    </creationInfo>
    <originUncertainty>
      <azimuthMaxHorizontalUncertainty>152</azimuthMaxHorizontalUncertainty>
    </originUncertainty>
  </origin>
  <magnitude publicID="quakeml:eu.emsc/event/20060130_0000066/origin/1221495/mag/2">
    <mag>
      <value>2.6</value>
    </mag>
    <type>MD</type>
    <originID>quakeml:eu.emsc/event/20060130_0000066/origin/1221495</originID>
    <creationInfo>
      <agencyURI>smi:smi-registry/organization/EMSC</agencyURI>
      <authorURI>smi:smi-registry/organization/EMSC</authorURI>
    </creationInfo>
  </magnitude>
</event>
<event publicID="quakeml:eu.emsc/event/20060130_0000049">
  <preferredOriginID>quakeml:eu.emsc/event/20060130_0000049/origin/1221498</preferredOriginID>
  <preferredMagnitudeID>quakeml:eu.emsc/event/20060130_0000049/origin/1221498/mag/1</preferredMagnitudeID>
  <creationInfo>
    <agencyURI>smi:smi-registry/organization/EMSC</agencyURI>
    <authorURI>smi:smi-registry/organization/EMSC</authorURI>
    <creationTime>2014-12-03T11:35:46.844374Z</creationTime>
  </creationInfo>
  <description>
    <text>SLOVENIA</text>
    <type>Flinn-Engdahl region</type>
  </description>
  <origin publicID="quakeml:eu.emsc/event/20060130_0000049/origin/1221498">
    <time>
      <value>2006-01-30T21:25:07.1Z</value>
      <uncertainty>0.08</uncertainty>
    </time>
    <latitude>
      <value>46.1524</value>
      <uncertainty>2.1</uncertainty>
    </latitude>
    <longitude>
      <value>14.1766</value>
      <uncertainty>1.4</uncertainty>
    </longitude>
    <depth>
      <value>15000</value>
    </depth>
    <depthType>from location</depthType>
    <methodID>smi:eu.emsc-csem/origin_method/NA</methodID>
    <quality>
      <usedPhaseCount>22</usedPhaseCount>
      <usedStationCount>12</usedStationCount>
      <standardError>0.44</standardError>
      <azimuthalGap>72</azimuthalGap>
      <minimumDistance>0.21</minimumDistance>
      <maximumDistance>0.99</maximumDistance>
    </quality>
    <evaluationMode>manual</evaluationMode>
    <creationInfo>
      <agencyURI>smi:smi-registry/organization/EMSC</agencyURI>
      <authorURI>smi:smi-registry/organization/EMSC</authorURI>
    </creationInfo>
    <originUncertainty>
      <azimuthMaxHorizontalUncertainty>16</azimuthMaxHorizontalUncertainty>
    </originUncertainty>
  </origin>
  <magnitude publicID="quakeml:eu.emsc/event/20060130_0000049/origin/1221498/mag/1">
    <mag>
      <value>1.5</value>
      <uncertainty>0.2</uncertainty>
    </mag>
    <type>ML</type>
    <originID>quakeml:eu.emsc/event/20060130_0000049/origin/1221498</originID>
    <stationCount>5</stationCount>
    <creationInfo>
      <agencyURI>smi:smi-registry/organization/EMSC</agencyURI>
      <authorURI>smi:smi-registry/organization/EMSC</authorURI>
    </creationInfo>
  </magnitude>
</event>
<event publicID="quakeml:eu.emsc/event/20060130_0000044">
  <preferredOriginID>quakeml:eu.emsc/event/20060130_0000044/origin/HF216</preferredOriginID>
  <preferredMagnitudeID>quakeml:eu.emsc/event/20060130_0000044/origin/HF216/mag/1</preferredMagnitudeID>
  <creationInfo>
    <agencyURI>smi:smi-registry/organization/EMSC</agencyURI>
    <authorURI>smi:smi-registry/organization/EMSC</authorURI>
    <creationTime>2014-12-01T12:41:39.303469Z</creationTime>
  </creationInfo>
  <description>
    <text>WESTERN INDIAN-ANTARCTIC RIDGE</text>
    <type>Flinn-Engdahl region</type>
  </description>
  <origin publicID="quakeml:eu.emsc/event/20060130_0000044/origin/HF216">
    <time>
      <value>2006-01-30T21:24:15.7Z</value>
      <uncertainty>0.26</uncertainty>
    </time>
    <latitude>
      <value>-49.82</value>
    </latitude>
    <longitude>
      <value>117.66</value>
    </longitude>
    <depth>
      <value>2000.0</value>
    </depth>
    <depthType>from location</depthType>
    <methodID>smi:eu.emsc-csem/origin_method/NA</methodID>
    <quality>
      <usedPhaseCount>36</usedPhaseCount>
      <usedStationCount>35</usedStationCount>
      <standardError>1.35</standardError>
      <azimuthalGap>59</azimuthalGap>
      <minimumDistance>16.88</minimumDistance>
      <maximumDistance>149.18</maximumDistance>
    </quality>
    <evaluationMode>automatic</evaluationMode>
    <creationInfo>
      <agencyURI>smi:smi-registry/organization/EMSC</agencyURI>
      <authorURI>smi:smi-registry/organization/EMSC</authorURI>
    </creationInfo>
  </origin>
  <magnitude publicID="quakeml:eu.emsc/event/20060130_0000044/origin/HF216/mag/1">
    <mag>
      <value>5.3</value>
      <uncertainty>0.2</uncertainty>
    </mag>
    <type>mb</type>
    <originID>quakeml:eu.emsc/event/20060130_0000044/origin/HF216</originID>
    <creationInfo>
      <agencyURI>smi:smi-registry/organization/EMSC</agencyURI>
      <authorURI>smi:smi-registry/organization/EMSC</authorURI>
    </creationInfo>
  </magnitude>
</event>
<event publicID="quakeml:eu.emsc/event/20060130_0000042">
  <preferredOriginID>quakeml:eu.emsc/event/20060130_0000042/origin/1230846</preferredOriginID>
  <preferredMagnitudeID>quakeml:eu.emsc/event/20060130_0000042/origin/1230846/mag/2</preferredMagnitudeID>
  <creationInfo>
    <agencyURI>smi:smi-registry/organization/EMSC</agencyURI>
    <authorURI>smi:smi-registry/organization/EMSC</authorURI>
    <creationTime>2014-12-03T14:39:01.360265Z</creationTime>
  </creationInfo>
  <description>
    <text>ROMANIA</text>
    <type>Flinn-Engdahl region</type>
  </description>
  <origin publicID="quakeml:eu.emsc/event/20060130_0000042/origin/1230846">
    <time>
      <value>2006-01-30T20:12:46.1Z</value>
      <uncertainty>0.11</uncertainty>
    </time>
    <latitude>
      <value>45.9323</value>
      <uncertainty>3</uncertainty>
    </latitude>
    <longitude>
      <value>27.9633</value>
      <uncertainty>2.4</uncertainty>
    </longitude>
    <depth>
      <value>10000</value>
    </depth>
    <depthType>from location</depthType>
    <methodID>smi:eu.emsc-csem/origin_method/NA</methodID>
    <quality>
      <usedPhaseCount>116</usedPhaseCount>
      <usedStationCount>96</usedStationCount>
      <standardError>0.97</standardError>
      <azimuthalGap>29</azimuthalGap>
      <minimumDistance>0.17</minimumDistance>
      <maximumDistance>67.85</maximumDistance>
    </quality>
    <evaluationMode>manual</evaluationMode>
    <creationInfo>
      <agencyURI>smi:smi-registry/organization/EMSC</agencyURI>
      <authorURI>smi:smi-registry/organization/EMSC</authorURI>
    </creationInfo>
    <originUncertainty>
      <azimuthMaxHorizontalUncertainty>59</azimuthMaxHorizontalUncertainty>
    </originUncertainty>
  </origin>
  <magnitude publicID="quakeml:eu.emsc/event/20060130_0000042/origin/1230846/mag/2">
    <mag>
      <value>4</value>
    </mag>
    <type>mb</type>
    <originID>quakeml:eu.emsc/event/20060130_0000042/origin/1230846</originID>
    <creationInfo>
      <agencyURI>smi:smi-registry/organization/EMSC</agencyURI>
      <authorURI>smi:smi-registry/organization/EMSC</authorURI>
    </creationInfo>
  </magnitude>
</event>
<event publicID="quakeml:eu.emsc/event/20060130_0000041">
  <preferredOriginID>quakeml:eu.emsc/event/20060130_0000041/origin/HF306</preferredOriginID>
  <preferredMagnitudeID>quakeml:eu.emsc/event/20060130_0000041/origin/HF306/mag/1</preferredMagnitudeID>
  <creationInfo>
    <agencyURI>smi:smi-registry/organization/EMSC</agencyURI>
    <authorURI>smi:smi-registry/organization/MDD</authorURI>
    <creationTime>2014-12-01T12:41:39.270601Z</creationTime>
  </creationInfo>
  <description>
    <text>STRAIT OF GIBRALTAR</text>
    <type>Flinn-Engdahl region</type>
  </description>
  <origin publicID="quakeml:eu.emsc/event/20060130_0000041/origin/HF306">
    <time>
      <value>2006-01-30T19:46:37.8Z</value>
      <uncertainty>2.64</uncertainty>
    </time>
    <latitude>
      <value>36.33</value>
    </latitude>
    <longitude>
      <value>-7.78</value>
    </longitude>
    <depth>
      <value>1000.0</value>
    </depth>
    <depthType>from location</depthType>
    <methodID>smi:eu.emsc-csem/origin_method/GEIGER</methodID>
    <quality>
      <usedPhaseCount>10</usedPhaseCount>
      <usedStationCount>5</usedStationCount>
      <standardError>0.84</standardError>
      <azimuthalGap>300</azimuthalGap>
      <minimumDistance>1.22</minimumDistance>
      <maximumDistance>3.14</maximumDistance>
    </quality>
    <evaluationMode>manual</evaluationMode>
    <creationInfo>
      <agencyURI>smi:smi-registry/organization/EMSC</agencyURI>
      <authorURI>smi:smi-registry/organization/MDD</authorURI>
    </creationInfo>
  </origin>
  <magnitude publicID="quakeml:eu.emsc/event/20060130_0000041/origin/HF306/mag/1">
    <mag>
      <value>2.8</value>
    </mag>
    <type>mb</type>
    <originID>quakeml:eu.emsc/event/20060130_0000041/origin/HF306</originID>
    <creationInfo>
      <agencyURI>smi:smi-registry/organization/EMSC</agencyURI>
      <authorURI>smi:smi-registry/organization/MDD</authorURI>
    </creationInfo>
  </magnitude>
</event>
<event publicID="quakeml:eu.emsc/event/20060130_0000048">
  <preferredOriginID>quakeml:eu.emsc/event/20060130_0000048/origin/1230848</preferredOriginID>
  <preferredMagnitudeID>quakeml:eu.emsc/event/20060130_0000048/origin/1230848/mag/2</preferredMagnitudeID>
  <creationInfo>
    <agencyURI>smi:smi-registry/organization/EMSC</agencyURI>
    <authorURI>smi:smi-registry/organization/EMSC</authorURI>
    <creationTime>2014-12-03T12:16:42.778901Z</creationTime>
  </creationInfo>
  <description>
    <text>WESTERN TURKEY</text>
    <type>Flinn-Engdahl region</type>
  </description>
  <origin publicID="quakeml:eu.emsc/event/20060130_0000048/origin/1230848">
    <time>
      <value>2006-01-30T19:45:28.7Z</value>
      <uncertainty>0.23</uncertainty>
    </time>
    <latitude>
      <value>37.5668</value>
      <uncertainty>5.8</uncertainty>
    </latitude>
    <longitude>
      <value>29.7979</value>
      <uncertainty>4.9</uncertainty>
    </longitude>
    <depth>
      <value>20000</value>
    </depth>
    <depthType>from location</depthType>
    <methodID>smi:eu.emsc-csem/origin_method/NA</methodID>
    <quality>
      <usedPhaseCount>14</usedPhaseCount>
      <usedStationCount>10</usedStationCount>
      <standardError>1.06</standardError>
      <azimuthalGap>74</azimuthalGap>
      <minimumDistance>0.38</minimumDistance>
      <maximumDistance>1.35</maximumDistance>
    </quality>
    <evaluationMode>manual</evaluationMode>
    <creationInfo>
      <agencyURI>smi:smi-registry/organization/EMSC</agencyURI>
      <authorURI>smi:smi-registry/organization/EMSC</authorURI>
    </creationInfo>
  </origin>
  <magnitude publicID="quakeml:eu.emsc/event/20060130_0000048/origin/1230848/mag/2">
    <mag>
      <value>2.8</value>
    </mag>
    <type>MD</type>
    <originID>quakeml:eu.emsc/event/20060130_0000048/origin/1230848</originID>
    <creationInfo>
      <agencyURI>smi:smi-registry/organization/EMSC</agencyURI>
      <authorURI>smi:smi-registry/organization/EMSC</authorURI>
    </creationInfo>
  </magnitude>
</event>
<event publicID="quakeml:eu.emsc/event/20060130_0000050">
  <preferredOriginID>quakeml:eu.emsc/event/20060130_0000050/origin/1221504</preferredOriginID>
  <preferredMagnitudeID>quakeml:eu.emsc/event/20060130_0000050/origin/1221504/mag/1</preferredMagnitudeID>
  <creationInfo>
    <agencyURI>smi:smi-registry/organization/EMSC</agencyURI>
    <authorURI>smi:smi-registry/organization/EMSC</authorURI>
    <creationTime>2014-12-03T10:28:15.268301Z</creationTime>
  </creationInfo>
  <description>
    <text>PYRENEES</text>
    <type>Flinn-Engdahl region</type>
  </description>
  <origin publicID="quakeml:eu.emsc/event/20060130_0000050/origin/1221504">
    <time>
      <value>2006-01-30T19:40:40.7Z</value>
      <uncertainty>0.9</uncertainty>
    </time>
    <latitude>
      <value>42.7643</value>
      <uncertainty>15.3</uncertainty>
    </latitude>
    <longitude>
      <value>-1.4174</value>
      <uncertainty>9.9</uncertainty>
    </longitude>
    <depth>
      <value>5000</value>
    </depth>
    <depthType>from location</depthType>
    <methodID>smi:eu.emsc-csem/origin_method/NA</methodID>
    <quality>
      <usedPhaseCount>16</usedPhaseCount>
      <usedStationCount>9</usedStationCount>
      <standardError>0.87</standardError>
      <azimuthalGap>295</azimuthalGap>
      <minimumDistance>0.38</minimumDistance>
      <maximumDistance>3.32</maximumDistance>
    </quality>
    <evaluationMode>manual</evaluationMode>
    <creationInfo>
      <agencyURI>smi:smi-registry/organization/EMSC</agencyURI>
      <authorURI>smi:smi-registry/organization/EMSC</authorURI>
    </creationInfo>
    <originUncertainty>
      <azimuthMaxHorizontalUncertainty>34</azimuthMaxHorizontalUncertainty>
    </originUncertainty>
  </origin>
  <magnitude publicID="quakeml:eu.emsc/event/20060130_0000050/origin/1221504/mag/1">
    <mag>
      <value>2.3</value>
      <uncertainty>0.4</uncertainty>
    </mag>
    <type>ML</type>
    <originID>quakeml:eu.emsc/event/20060130_0000050/origin/1221504</originID>
    <stationCount>4</stationCount>
    <creationInfo>
      <agencyURI>smi:smi-registry/organization/EMSC</agencyURI>
      <authorURI>smi:smi-registry/organization/EMSC</authorURI>
    </creationInfo>
  </magnitude>
</event>
<event publicID="quakeml:eu.emsc/event/20060130_0000056">
  <preferredOriginID>quakeml:eu.emsc/event/20060130_0000056/origin/1221240</preferredOriginID>
  <preferredMagnitudeID>quakeml:eu.emsc/event/20060130_0000056/origin/1221240/mag/1</preferredMagnitudeID>
  <creationInfo>
    <agencyURI>smi:smi-registry/organization/EMSC</agencyURI>
    <authorURI>smi:smi-registry/organization/EMSC</authorURI>
    <creationTime>2014-12-03T10:23:52.456147Z</creationTime>
  </creationInfo>
  <description>
    <text>PYRENEES</text>
    <type>Flinn-Engdahl region</type>
  </description>
  <origin publicID="quakeml:eu.emsc/event/20060130_0000056/origin/1221240">
    <time>
      <value>2006-01-30T18:39:00.8Z</value>
      <uncertainty>0.31</uncertainty>
    </time>
    <latitude>
      <value>42.5133</value>
      <uncertainty>6.1</uncertainty>
    </latitude>
    <longitude>
      <value>1.7475</value>
      <uncertainty>2.5</uncertainty>
    </longitude>
    <depth>
      <value>10000</value>
    </depth>
    <depthType>from location</depthType>
    <methodID>smi:eu.emsc-csem/origin_method/NA</methodID>
    <quality>
      <usedPhaseCount>21</usedPhaseCount>
      <usedStationCount>10</usedStationCount>
      <standardError>0.66</standardError>
      <azimuthalGap>231</azimuthalGap>
      <minimumDistance>0.33</minimumDistance>
      <maximumDistance>2.8</maximumDistance>
    </quality>
    <evaluationMode>manual</evaluationMode>
    <creationInfo>
      <agencyURI>smi:smi-registry/organization/EMSC</agencyURI>
      <authorURI>smi:smi-registry/organization/EMSC</authorURI>
    </creationInfo>
    <originUncertainty>
      <azimuthMaxHorizontalUncertainty>162</azimuthMaxHorizontalUncertainty>
    </originUncertainty>
  </origin>
  <magnitude publicID="quakeml:eu.emsc/event/20060130_0000056/origin/1221240/mag/1">
    <mag>
      <value>2.1</value>
      <uncertainty>0.4</uncertainty>
    </mag>
    <type>ML</type>
    <originID>quakeml:eu.emsc/event/20060130_0000056/origin/1221240</originID>
    <stationCount>7</stationCount>
    <creationInfo>
      <agencyURI>smi:smi-registry/organization/EMSC</agencyURI>
      <authorURI>smi:smi-registry/organization/EMSC</authorURI>
    </creationInfo>
  </magnitude>
</event>
<event publicID="quakeml:eu.emsc/event/20060130_0000038">
  <preferredOriginID>quakeml:eu.emsc/event/20060130_0000038/origin/1230852</preferredOriginID>
  <preferredMagnitudeID>quakeml:eu.emsc/event/20060130_0000038/origin/1230852/mag/2</preferredMagnitudeID>
  <creationInfo>
    <agencyURI>smi:smi-registry/organization/EMSC</agencyURI>
    <authorURI>smi:smi-registry/organization/EMSC</authorURI>
    <creationTime>2014-12-03T14:53:23.65063Z</creationTime>
  </creationInfo>
  <description>
    <text>AEGEAN SEA</text>
    <type>Flinn-Engdahl region</type>
  </description>
  <origin publicID="quakeml:eu.emsc/event/20060130_0000038/origin/1230852">
    <time>
      <value>2006-01-30T18:32:32.2Z</value>
      <uncertainty>0.16</uncertainty>
    </time>
    <latitude>
      <value>39.7276</value>
      <uncertainty>4.1</uncertainty>
    </latitude>
    <longitude>
      <value>24.1265</value>
      <uncertainty>3.8</uncertainty>
    </longitude>
    <depth>
      <value>8000</value>
    </depth>
    <depthType>from location</depthType>
    <methodID>smi:eu.emsc-csem/origin_method/NA</methodID>
    <quality>
      <usedPhaseCount>70</usedPhaseCount>
      <usedStationCount>63</usedStationCount>
      <standardError>1.23</standardError>
      <azimuthalGap>30</azimuthalGap>
      <minimumDistance>0.59</minimumDistance>
      <maximumDistance>7.92</maximumDistance>
    </quality>
    <evaluationMode>manual</evaluationMode>
    <creationInfo>
      <agencyURI>smi:smi-registry/organization/EMSC</agencyURI>
      <authorURI>smi:smi-registry/organization/EMSC</authorURI>
    </creationInfo>
    <originUncertainty>
      <azimuthMaxHorizontalUncertainty>147</azimuthMaxHorizontalUncertainty>
    </originUncertainty>
  </origin>
  <magnitude publicID="quakeml:eu.emsc/event/20060130_0000038/origin/1230852/mag/2">
    <mag>
      <value>3.3</value>
    </mag>
    <type>ML</type>
    <originID>quakeml:eu.emsc/event/20060130_0000038/origin/1230852</originID>
    <creationInfo>
      <agencyURI>smi:smi-registry/organization/EMSC</agencyURI>
      <authorURI>smi:smi-registry/organization/EMSC</authorURI>
    </creationInfo>
  </magnitude>
</event>
<event publicID="quakeml:eu.emsc/event/20060130_0000037">
  <preferredOriginID>quakeml:eu.emsc/event/20060130_0000037/origin/1221514</preferredOriginID>
  <preferredMagnitudeID>quakeml:eu.emsc/event/20060130_0000037/origin/1221514/mag/2</preferredMagnitudeID>
  <creationInfo>
    <agencyURI>smi:smi-registry/organization/EMSC</agencyURI>
    <authorURI>smi:smi-registry/organization/EMSC</authorURI>
    <creationTime>2014-12-03T13:17:34.278914Z</creationTime>
  </creationInfo>
  <description>
    <text>MOROCCO</text>
    <type>Flinn-Engdahl region</type>
  </description>
  <origin publicID="quakeml:eu.emsc/event/20060130_0000037/origin/1221514">
    <time>
      <value>2006-01-30T18:31:39.2Z</value>
      <uncertainty>1.07</uncertainty>
    </time>
    <latitude>
      <value>34.9637</value>
      <uncertainty>24.9</uncertainty>
    </latitude>
    <longitude>
      <value>-3.9698</value>
      <uncertainty>13.6</uncertainty>
    </longitude>
    <depth>
      <value>40000</value>
    </depth>
    <depthType>from location</depthType>
    <methodID>smi:eu.emsc-csem/origin_method/NA</methodID>
    <quality>
      <usedPhaseCount>10</usedPhaseCount>
      <usedStationCount>6</usedStationCount>
      <standardError>1.04</standardError>
      <azimuthalGap>255</azimuthalGap>
      <minimumDistance>0.18</minimumDistance>
      <maximumDistance>3.55</maximumDistance>
    </quality>
    <evaluationMode>manual</evaluationMode>
    <creationInfo>
      <agencyURI>smi:smi-registry/organization/EMSC</agencyURI>
      <authorURI>smi:smi-registry/organization/EMSC</authorURI>
    </creationInfo>
    <originUncertainty>
      <azimuthMaxHorizontalUncertainty>17</azimuthMaxHorizontalUncertainty>
    </originUncertainty>
  </origin>
  <magnitude publicID="quakeml:eu.emsc/event/20060130_0000037/origin/1221514/mag/2">
    <mag>
      <value>3.2</value>
      <uncertainty>0.2</uncertainty>
    </mag>
    <type>mb</type>
    <originID>quakeml:eu.emsc/event/20060130_0000037/origin/1221514</originID>
    <stationCount>4</stationCount>
    <creationInfo>
      <agencyURI>smi:smi-registry/organization/EMSC</agencyURI>
      <authorURI>smi:smi-registry/organization/EMSC</authorURI>
    </creationInfo>
  </magnitude>
</event>
<event publicID="quakeml:eu.emsc/event/20060130_0000036">
  <preferredOriginID>quakeml:eu.emsc/event/20060130_0000036/origin/1221521</preferredOriginID>
  <preferredMagnitudeID>quakeml:eu.emsc/event/20060130_0000036/origin/1221521/mag/2</preferredMagnitudeID>
  <creationInfo>
    <agencyURI>smi:smi-registry/organization/EMSC</agencyURI>
    <authorURI>smi:smi-registry/organization/EMSC</authorURI>
    <creationTime>2014-12-03T12:37:31.82247Z</creationTime>
  </creationInfo>
  <description>
    <text>STRAIT OF GIBRALTAR</text>
    <type>Flinn-Engdahl region</type>
  </description>
  <origin publicID="quakeml:eu.emsc/event/20060130_0000036/origin/1221521">
    <time>
      <value>2006-01-30T18:16:59.8Z</value>
      <uncertainty>0.23</uncertainty>
    </time>
    <latitude>
      <value>35.0087</value>
      <uncertainty>5.2</uncertainty>
    </latitude>
    <longitude>
      <value>-3.9806</value>
      <uncertainty>4.1</uncertainty>
    </longitude>
    <depth>
      <value>40000</value>
    </depth>
    <depthType>from location</depthType>
    <methodID>smi:eu.emsc-csem/origin_method/NA</methodID>
    <quality>
      <usedPhaseCount>85</usedPhaseCount>
      <usedStationCount>59</usedStationCount>
      <standardError>1.05</standardError>
      <azimuthalGap>112</azimuthalGap>
      <minimumDistance>0.89</minimumDistance>
      <maximumDistance>11.85</maximumDistance>
    </quality>
    <evaluationMode>manual</evaluationMode>
    <creationInfo>
      <agencyURI>smi:smi-registry/organization/EMSC</agencyURI>
      <authorURI>smi:smi-registry/organization/EMSC</authorURI>
    </creationInfo>
    <originUncertainty>
      <azimuthMaxHorizontalUncertainty>168</azimuthMaxHorizontalUncertainty>
    </originUncertainty>
  </origin>
  <magnitude publicID="quakeml:eu.emsc/event/20060130_0000036/origin/1221521/mag/2">
    <mag>
      <value>4.1</value>
    </mag>
    <type>MD</type>
    <originID>quakeml:eu.emsc/event/20060130_0000036/origin/1221521</originID>
    <creationInfo>
      <agencyURI>smi:smi-registry/organization/EMSC</agencyURI>
      <authorURI>smi:smi-registry/organization/EMSC</authorURI>
    </creationInfo>
  </magnitude>
</event>
<event publicID="quakeml:eu.emsc/event/20060130_0000054">
  <preferredOriginID>quakeml:eu.emsc/event/20060130_0000054/origin/1204212</preferredOriginID>
  <preferredMagnitudeID>quakeml:eu.emsc/event/20060130_0000054/origin/1204212/mag/2</preferredMagnitudeID>
  <creationInfo>
    <agencyURI>smi:smi-registry/organization/EMSC</agencyURI>
    <authorURI>smi:smi-registry/organization/EMSC</authorURI>
    <creationTime>2014-12-11T19:48:00.28556Z</creationTime>
  </creationInfo>
  <description>
    <text>NEAR THE COAST OF YEMEN</text>
    <type>Flinn-Engdahl region</type>
  </description>
  <origin publicID="quakeml:eu.emsc/event/20060130_0000054/origin/1204212">
    <time>
      <value>2006-01-30T17:32:51.8Z</value>
    </time>
    <latitude>
      <value>12.217</value>
      <uncertainty>9999.9</uncertainty>
    </latitude>
    <longitude>
      <value>44.54</value>
      <uncertainty>9999.9</uncertainty>
    </longitude>
    <depth>
      <value>12000</value>
    </depth>
    <depthType>from location</depthType>
    <methodID>smi:eu.emsc-csem/origin_method/NA</methodID>
    <quality>
      <usedPhaseCount>10</usedPhaseCount>
      <usedStationCount>5</usedStationCount>
      <standardError>4.71</standardError>
      <azimuthalGap>299</azimuthalGap>
      <minimumDistance>0.7</minimumDistance>
      <maximumDistance>2.01</maximumDistance>
    </quality>
    <evaluationMode>manual</evaluationMode>
    <creationInfo>
      <agencyURI>smi:smi-registry/organization/EMSC</agencyURI>
      <authorURI>smi:smi-registry/organization/EMSC</authorURI>
    </creationInfo>
    <originUncertainty>
      <azimuthMaxHorizontalUncertainty>-99</azimuthMaxHorizontalUncertainty>
    </originUncertainty>
  </origin>
  <magnitude publicID="quakeml:eu.emsc/event/20060130_0000054/origin/1204212/mag/2">
    <mag>
      <value>2.9</value>
    </mag>
    <type>Mc</type>
    <originID>quakeml:eu.emsc/event/20060130_0000054/origin/1204212</originID>
    <creationInfo>
      <agencyURI>smi:smi-registry/organization/EMSC</agencyURI>
      <authorURI>smi:smi-registry/organization/EMSC</authorURI>
    </creationInfo>
  </magnitude>
</event>
<event publicID="quakeml:eu.emsc/event/20060130_0000034">
  <preferredOriginID>quakeml:eu.emsc/event/20060130_0000034/origin/HF148</preferredOriginID>
  <preferredMagnitudeID>quakeml:eu.emsc/event/20060130_0000034/origin/HF148/mag/1</preferredMagnitudeID>
  <creationInfo>
    <agencyURI>smi:smi-registry/organization/EMSC</agencyURI>
    <authorURI>smi:smi-registry/organization/DHMR</authorURI>
    <creationTime>2014-12-01T15:46:54.364716Z</creationTime>
  </creationInfo>
  <description>
    <text>NEAR THE COAST OF YEMEN</text>
    <type>Flinn-Engdahl region</type>
  </description>
  <origin publicID="quakeml:eu.emsc/event/20060130_0000034/origin/HF148">
    <time>
      <value>2006-01-30T17:26:16.4Z</value>
    </time>
    <latitude>
      <value>12.19</value>
    </latitude>
    <longitude>
      <value>44.56</value>
    </longitude>
    <depth>
      <value>18000.0</value>
    </depth>
    <depthType>from location</depthType>
    <methodID>smi:eu.emsc-csem/origin_method/GEIGER</methodID>
    <quality>
      <usedPhaseCount>6</usedPhaseCount>
      <usedStationCount>3</usedStationCount>
      <azimuthalGap>302</azimuthalGap>
      <minimumDistance>0.72</minimumDistance>
      <maximumDistance>1.44</maximumDistance>
    </quality>
    <evaluationMode>manual</evaluationMode>
    <creationInfo>
      <agencyURI>smi:smi-registry/organization/EMSC</agencyURI>
      <authorURI>smi:smi-registry/organization/DHMR</authorURI>
    </creationInfo>
  </origin>
  <magnitude publicID="quakeml:eu.emsc/event/20060130_0000034/origin/HF148/mag/1">
    <mag>
      <value>2.7</value>
    </mag>
    <type>ml</type>
    <originID>quakeml:eu.emsc/event/20060130_0000034/origin/HF148</originID>
    <creationInfo>
      <agencyURI>smi:smi-registry/organization/EMSC</agencyURI>
      <authorURI>smi:smi-registry/organization/DHMR</authorURI>
    </creationInfo>
  </magnitude>
</event>
<event publicID="quakeml:eu.emsc/event/20060130_0000062">
  <preferredOriginID>quakeml:eu.emsc/event/20060130_0000062/origin/1221524</preferredOriginID>
  <preferredMagnitudeID>quakeml:eu.emsc/event/20060130_0000062/origin/1221524/mag/1</preferredMagnitudeID>
  <creationInfo>
    <agencyURI>smi:smi-registry/organization/EMSC</agencyURI>
    <authorURI>smi:smi-registry/organization/EMSC</authorURI>
    <creationTime>2014-12-03T10:32:40.775005Z</creationTime>
  </creationInfo>
  <description>
    <text>SLOVENIA</text>
    <type>Flinn-Engdahl region</type>
  </description>
  <origin publicID="quakeml:eu.emsc/event/20060130_0000062/origin/1221524">
    <time>
      <value>2006-01-30T14:58:29.5Z</value>
      <uncertainty>0.06</uncertainty>
    </time>
    <latitude>
      <value>46.0675</value>
      <uncertainty>1.3</uncertainty>
    </latitude>
    <longitude>
      <value>14.7382</value>
      <uncertainty>1</uncertainty>
    </longitude>
    <depth>
      <value>10000</value>
    </depth>
    <depthType>from location</depthType>
    <methodID>smi:eu.emsc-csem/origin_method/NA</methodID>
    <quality>
      <usedPhaseCount>26</usedPhaseCount>
      <usedStationCount>16</usedStationCount>
      <standardError>0.34</standardError>
      <azimuthalGap>48</azimuthalGap>
      <minimumDistance>0.15</minimumDistance>
      <maximumDistance>0.67</maximumDistance>
    </quality>
    <evaluationMode>manual</evaluationMode>
    <creationInfo>
      <agencyURI>smi:smi-registry/organization/EMSC</agencyURI>
      <authorURI>smi:smi-registry/organization/EMSC</authorURI>
    </creationInfo>
    <originUncertainty>
      <azimuthMaxHorizontalUncertainty>178</azimuthMaxHorizontalUncertainty>
    </originUncertainty>
  </origin>
  <magnitude publicID="quakeml:eu.emsc/event/20060130_0000062/origin/1221524/mag/1">
    <mag>
      <value>1.7</value>
      <uncertainty>0.3</uncertainty>
    </mag>
    <type>ML</type>
    <originID>quakeml:eu.emsc/event/20060130_0000062/origin/1221524</originID>
    <stationCount>7</stationCount>
    <creationInfo>
      <agencyURI>smi:smi-registry/organization/EMSC</agencyURI>
      <authorURI>smi:smi-registry/organization/EMSC</authorURI>
    </creationInfo>
  </magnitude>
</event>
<event publicID="quakeml:eu.emsc/event/20060130_0000051">
  <preferredOriginID>quakeml:eu.emsc/event/20060130_0000051/origin/1221528</preferredOriginID>
  <preferredMagnitudeID>quakeml:eu.emsc/event/20060130_0000051/origin/1221528/mag/2</preferredMagnitudeID>
  <creationInfo>
    <agencyURI>smi:smi-registry/organization/EMSC</agencyURI>
    <authorURI>smi:smi-registry/organization/EMSC</authorURI>
    <creationTime>2014-12-03T11:24:53.492029Z</creationTime>
  </creationInfo>
  <description>
    <text>ALBANIA</text>
    <type>Flinn-Engdahl region</type>
  </description>
  <origin publicID="quakeml:eu.emsc/event/20060130_0000051/origin/1221528">
    <time>
      <value>2006-01-30T14:44:49.6Z</value>
      <uncertainty>0.32</uncertainty>
    </time>
    <latitude>
      <value>40.7996</value>
      <uncertainty>8.1</uncertainty>
    </latitude>
    <longitude>
      <value>19.7332</value>
      <uncertainty>4.6</uncertainty>
    </longitude>
    <depth>
      <value>2000</value>
    </depth>
    <depthType>from location</depthType>
    <methodID>smi:eu.emsc-csem/origin_method/NA</methodID>
    <quality>
      <usedPhaseCount>31</usedPhaseCount>
      <usedStationCount>19</usedStationCount>
      <standardError>1.27</standardError>
      <azimuthalGap>153</azimuthalGap>
      <minimumDistance>0.87</minimumDistance>
      <maximumDistance>2.54</maximumDistance>
    </quality>
    <evaluationMode>manual</evaluationMode>
    <creationInfo>
      <agencyURI>smi:smi-registry/organization/EMSC</agencyURI>
      <authorURI>smi:smi-registry/organization/EMSC</authorURI>
    </creationInfo>
    <originUncertainty>
      <azimuthMaxHorizontalUncertainty>58</azimuthMaxHorizontalUncertainty>
    </originUncertainty>
  </origin>
  <magnitude publicID="quakeml:eu.emsc/event/20060130_0000051/origin/1221528/mag/2">
    <mag>
      <value>3.3</value>
    </mag>
    <type>MD</type>
    <originID>quakeml:eu.emsc/event/20060130_0000051/origin/1221528</originID>
    <creationInfo>
      <agencyURI>smi:smi-registry/organization/EMSC</agencyURI>
      <authorURI>smi:smi-registry/organization/EMSC</authorURI>
    </creationInfo>
  </magnitude>
</event>
<event publicID="quakeml:eu.emsc/event/20060130_0000032">
  <preferredOriginID>quakeml:eu.emsc/event/20060130_0000032/origin/HF325</preferredOriginID>
  <preferredMagnitudeID>quakeml:eu.emsc/event/20060130_0000032/origin/HF325/mag/1</preferredMagnitudeID>
  <creationInfo>
    <agencyURI>smi:smi-registry/organization/EMSC</agencyURI>
    <authorURI>smi:smi-registry/organization/DHMR</authorURI>
    <creationTime>2014-12-01T15:47:02.855802Z</creationTime>
  </creationInfo>
  <description>
    <text>NEAR THE COAST OF DJIBOUTI</text>
    <type>Flinn-Engdahl region</type>
  </description>
  <origin publicID="quakeml:eu.emsc/event/20060130_0000032/origin/HF325">
    <time>
      <value>2006-01-30T14:19:09.4Z</value>
    </time>
    <latitude>
      <value>11.49</value>
    </latitude>
    <longitude>
      <value>43.44</value>
    </longitude>
    <depth>
      <value>6000.0</value>
    </depth>
    <depthType>from location</depthType>
    <methodID>smi:eu.emsc-csem/origin_method/GEIGER</methodID>
    <quality>
      <usedPhaseCount>8</usedPhaseCount>
      <usedStationCount>4</usedStationCount>
      <azimuthalGap>332</azimuthalGap>
      <minimumDistance>1.84</minimumDistance>
      <maximumDistance>3.22</maximumDistance>
    </quality>
    <evaluationMode>manual</evaluationMode>
    <creationInfo>
      <agencyURI>smi:smi-registry/organization/EMSC</agencyURI>
      <authorURI>smi:smi-registry/organization/DHMR</authorURI>
    </creationInfo>
  </origin>
  <magnitude publicID="quakeml:eu.emsc/event/20060130_0000032/origin/HF325/mag/1">
    <mag>
      <value>3.2</value>
    </mag>
    <type>ml</type>
    <originID>quakeml:eu.emsc/event/20060130_0000032/origin/HF325</originID>
    <creationInfo>
      <agencyURI>smi:smi-registry/organization/EMSC</agencyURI>
      <authorURI>smi:smi-registry/organization/DHMR</authorURI>
    </creationInfo>
  </magnitude>
</event>
<event publicID="quakeml:eu.emsc/event/20060130_0000064">
  <preferredOriginID>quakeml:eu.emsc/event/20060130_0000064/origin/1230856</preferredOriginID>
  <preferredMagnitudeID>quakeml:eu.emsc/event/20060130_0000064/origin/1230856/mag/1</preferredMagnitudeID>
  <creationInfo>
    <agencyURI>smi:smi-registry/organization/EMSC</agencyURI>
    <authorURI>smi:smi-registry/organization/EMSC</authorURI>
    <creationTime>2014-12-03T10:45:12.527894Z</creationTime>
  </creationInfo>
  <description>
    <text>SLOVENIA</text>
    <type>Flinn-Engdahl region</type>
  </description>
  <origin publicID="quakeml:eu.emsc/event/20060130_0000064/origin/1230856">
    <time>
      <value>2006-01-30T14:06:26.1Z</value>
      <uncertainty>0.16</uncertainty>
    </time>
    <latitude>
      <value>45.715</value>
      <uncertainty>3.7</uncertainty>
    </latitude>
    <longitude>
      <value>14.1312</value>
      <uncertainty>1.6</uncertainty>
    </longitude>
    <depth>
      <value>2000</value>
    </depth>
    <depthType>from location</depthType>
    <methodID>smi:eu.emsc-csem/origin_method/NA</methodID>
    <quality>
      <usedPhaseCount>67</usedPhaseCount>
      <usedStationCount>39</usedStationCount>
      <standardError>0.88</standardError>
      <azimuthalGap>164</azimuthalGap>
      <minimumDistance>0.18</minimumDistance>
      <maximumDistance>1.93</maximumDistance>
    </quality>
    <evaluationMode>manual</evaluationMode>
    <creationInfo>
      <agencyURI>smi:smi-registry/organization/EMSC</agencyURI>
      <authorURI>smi:smi-registry/organization/EMSC</authorURI>
    </creationInfo>
    <originUncertainty>
      <azimuthMaxHorizontalUncertainty>7</azimuthMaxHorizontalUncertainty>
    </originUncertainty>
  </origin>
  <magnitude publicID="quakeml:eu.emsc/event/20060130_0000064/origin/1230856/mag/1">
    <mag>
      <value>2.9</value>
      <uncertainty>0.2</uncertainty>
    </mag>
    <type>ML</type>
    <originID>quakeml:eu.emsc/event/20060130_0000064/origin/1230856</originID>
    <stationCount>13</stationCount>
    <creationInfo>
      <agencyURI>smi:smi-registry/organization/EMSC</agencyURI>
      <authorURI>smi:smi-registry/organization/EMSC</authorURI>
    </creationInfo>
  </magnitude>
</event>
<event publicID="quakeml:eu.emsc/event/20060130_0000065">
  <preferredOriginID>quakeml:eu.emsc/event/20060130_0000065/origin/1204214</preferredOriginID>
  <preferredMagnitudeID>quakeml:eu.emsc/event/20060130_0000065/origin/1204214/mag/2</preferredMagnitudeID>
  <creationInfo>
    <agencyURI>smi:smi-registry/organization/EMSC</agencyURI>
    <authorURI>smi:smi-registry/organization/EMSC</authorURI>
    <creationTime>2014-12-10T17:31:13.93259Z</creationTime>
  </creationInfo>
  <description>
    <text>NORTHERN ITALY</text>
    <type>Flinn-Engdahl region</type>
  </description>
  <origin publicID="quakeml:eu.emsc/event/20060130_0000065/origin/1204214">
    <time>
      <value>2006-01-30T13:52:59.4Z</value>
    </time>
    <latitude>
      <value>44.0813</value>
      <uncertainty>9999.9</uncertainty>
    </latitude>
    <longitude>
      <value>8.0865</value>
      <uncertainty>9999.9</uncertainty>
    </longitude>
    <depth>
      <value>4700.0</value>
    </depth>
    <depthType>from location</depthType>
    <methodID>smi:eu.emsc-csem/origin_method/NA</methodID>
    <quality>
      <usedPhaseCount>21</usedPhaseCount>
      <usedStationCount>11</usedStationCount>
      <standardError>0.34</standardError>
      <azimuthalGap>185</azimuthalGap>
      <minimumDistance>0.03</minimumDistance>
      <maximumDistance>0.94</maximumDistance>
    </quality>
    <evaluationMode>manual</evaluationMode>
    <creationInfo>
      <agencyURI>smi:smi-registry/organization/EMSC</agencyURI>
      <authorURI>smi:smi-registry/organization/EMSC</authorURI>
    </creationInfo>
    <originUncertainty>
      <azimuthMaxHorizontalUncertainty>-99</azimuthMaxHorizontalUncertainty>
    </originUncertainty>
  </origin>
  <magnitude publicID="quakeml:eu.emsc/event/20060130_0000065/origin/1204214/mag/2">
    <mag>
      <value>1</value>
    </mag>
    <type>ML</type>
    <originID>quakeml:eu.emsc/event/20060130_0000065/origin/1204214</originID>
    <creationInfo>
      <agencyURI>smi:smi-registry/organization/EMSC</agencyURI>
      <authorURI>smi:smi-registry/organization/EMSC</authorURI>
    </creationInfo>
  </magnitude>
</event>
<event publicID="quakeml:eu.emsc/event/20060130_0000057">
  <preferredOriginID>quakeml:eu.emsc/event/20060130_0000057/origin/1221530</preferredOriginID>
  <preferredMagnitudeID>quakeml:eu.emsc/event/20060130_0000057/origin/1221530/mag/2</preferredMagnitudeID>
  <creationInfo>
    <agencyURI>smi:smi-registry/organization/EMSC</agencyURI>
    <authorURI>smi:smi-registry/organization/EMSC</authorURI>
    <creationTime>2014-12-03T11:35:46.764333Z</creationTime>
  </creationInfo>
  <description>
    <text>WESTERN TURKEY</text>
    <type>Flinn-Engdahl region</type>
  </description>
  <origin publicID="quakeml:eu.emsc/event/20060130_0000057/origin/1221530">
    <time>
      <value>2006-01-30T12:27:07.6Z</value>
      <uncertainty>0.22</uncertainty>
    </time>
    <latitude>
      <value>37.16</value>
      <uncertainty>6.2</uncertainty>
    </latitude>
    <longitude>
      <value>27.8768</value>
      <uncertainty>3.8</uncertainty>
    </longitude>
    <depth>
      <value>15000</value>
    </depth>
    <depthType>from location</depthType>
    <methodID>smi:eu.emsc-csem/origin_method/NA</methodID>
    <quality>
      <usedPhaseCount>11</usedPhaseCount>
      <usedStationCount>6</usedStationCount>
      <standardError>0.75</standardError>
      <azimuthalGap>160</azimuthalGap>
      <minimumDistance>0.16</minimumDistance>
      <maximumDistance>1.07</maximumDistance>
    </quality>
    <evaluationMode>manual</evaluationMode>
    <creationInfo>
      <agencyURI>smi:smi-registry/organization/EMSC</agencyURI>
      <authorURI>smi:smi-registry/organization/EMSC</authorURI>
    </creationInfo>
    <originUncertainty>
      <azimuthMaxHorizontalUncertainty>166</azimuthMaxHorizontalUncertainty>
    </originUncertainty>
  </origin>
  <magnitude publicID="quakeml:eu.emsc/event/20060130_0000057/origin/1221530/mag/2">
    <mag>
      <value>2.7</value>
    </mag>
    <type>MD</type>
    <originID>quakeml:eu.emsc/event/20060130_0000057/origin/1221530</originID>
    <creationInfo>
      <agencyURI>smi:smi-registry/organization/EMSC</agencyURI>
      <authorURI>smi:smi-registry/organization/EMSC</authorURI>
    </creationInfo>
  </magnitude>
</event>
<event publicID="quakeml:eu.emsc/event/20060130_0000031">
  <preferredOriginID>quakeml:eu.emsc/event/20060130_0000031/origin/1221533</preferredOriginID>
  <preferredMagnitudeID>quakeml:eu.emsc/event/20060130_0000031/origin/1221533/mag/2</preferredMagnitudeID>
  <creationInfo>
    <agencyURI>smi:smi-registry/organization/EMSC</agencyURI>
    <authorURI>smi:smi-registry/organization/EMSC</authorURI>
    <creationTime>2014-12-03T13:58:41.51383Z</creationTime>
  </creationInfo>
  <description>
    <text>STRAIT OF GIBRALTAR</text>
    <type>Flinn-Engdahl region</type>
  </description>
  <origin publicID="quakeml:eu.emsc/event/20060130_0000031/origin/1221533">
    <time>
      <value>2006-01-30T12:12:22.4Z</value>
      <uncertainty>0.43</uncertainty>
    </time>
    <latitude>
      <value>35.0203</value>
      <uncertainty>10.8</uncertainty>
    </latitude>
    <longitude>
      <value>-4.0228</value>
      <uncertainty>4.7</uncertainty>
    </longitude>
    <depth>
      <value>12000</value>
    </depth>
    <depthType>from location</depthType>
    <methodID>smi:eu.emsc-csem/origin_method/NA</methodID>
    <quality>
      <usedPhaseCount>23</usedPhaseCount>
      <usedStationCount>13</usedStationCount>
      <standardError>1.1</standardError>
      <azimuthalGap>208</azimuthalGap>
      <minimumDistance>0.21</minimumDistance>
      <maximumDistance>4.43</maximumDistance>
    </quality>
    <evaluationMode>manual</evaluationMode>
    <creationInfo>
      <agencyURI>smi:smi-registry/organization/EMSC</agencyURI>
      <authorURI>smi:smi-registry/organization/EMSC</authorURI>
    </creationInfo>
    <originUncertainty>
      <azimuthMaxHorizontalUncertainty>26</azimuthMaxHorizontalUncertainty>
    </originUncertainty>
  </origin>
  <magnitude publicID="quakeml:eu.emsc/event/20060130_0000031/origin/1221533/mag/2">
    <mag>
      <value>3</value>
    </mag>
    <type>MD</type>
    <originID>quakeml:eu.emsc/event/20060130_0000031/origin/1221533</originID>
    <creationInfo>
      <agencyURI>smi:smi-registry/organization/EMSC</agencyURI>
      <authorURI>smi:smi-registry/organization/EMSC</authorURI>
    </creationInfo>
  </magnitude>
</event>
<event publicID="quakeml:eu.emsc/event/20060130_0000030">
  <preferredOriginID>quakeml:eu.emsc/event/20060130_0000030/origin/HF368</preferredOriginID>
  <preferredMagnitudeID>quakeml:eu.emsc/event/20060130_0000030/origin/HF368/mag/1</preferredMagnitudeID>
  <creationInfo>
    <agencyURI>smi:smi-registry/organization/EMSC</agencyURI>
    <authorURI>smi:smi-registry/organization/LDG</authorURI>
    <creationTime>2014-12-01T15:30:22.610402Z</creationTime>
  </creationInfo>
  <description>
    <text>FRANCE</text>
    <type>Flinn-Engdahl region</type>
  </description>
  <origin publicID="quakeml:eu.emsc/event/20060130_0000030/origin/HF368">
    <time>
      <value>2006-01-30T11:20:36.5Z</value>
      <uncertainty>0.27</uncertainty>
    </time>
    <latitude>
      <value>47.13</value>
    </latitude>
    <longitude>
      <value>4.79</value>
    </longitude>
    <depth>
      <value>2000.0</value>
    </depth>
    <depthType>from location</depthType>
    <methodID>smi:eu.emsc-csem/origin_method/GEIGER</methodID>
    <quality>
      <usedPhaseCount>17</usedPhaseCount>
      <usedStationCount>9</usedStationCount>
      <standardError>0.53</standardError>
      <azimuthalGap>170</azimuthalGap>
      <minimumDistance>0.65</minimumDistance>
      <maximumDistance>2.11</maximumDistance>
    </quality>
    <evaluationMode>automatic</evaluationMode>
    <creationInfo>
      <agencyURI>smi:smi-registry/organization/EMSC</agencyURI>
      <authorURI>smi:smi-registry/organization/LDG</authorURI>
    </creationInfo>
  </origin>
  <magnitude publicID="quakeml:eu.emsc/event/20060130_0000030/origin/HF368/mag/1">
    <mag>
      <value>2.3</value>
      <uncertainty>0.3</uncertainty>
    </mag>
    <type>ml</type>
    <originID>quakeml:eu.emsc/event/20060130_0000030/origin/HF368</originID>
    <stationCount>7</stationCount>
    <creationInfo>
      <agencyURI>smi:smi-registry/organization/EMSC</agencyURI>
      <authorURI>smi:smi-registry/organization/LDG</authorURI>
    </creationInfo>
  </magnitude>
</event>
<event publicID="quakeml:eu.emsc/event/20060130_0000047">
  <preferredOriginID>quakeml:eu.emsc/event/20060130_0000047/origin/1221535</preferredOriginID>
  <preferredMagnitudeID>quakeml:eu.emsc/event/20060130_0000047/origin/1221535/mag/2</preferredMagnitudeID>
  <creationInfo>
    <agencyURI>smi:smi-registry/organization/EMSC</agencyURI>
    <authorURI>smi:smi-registry/organization/EMSC</authorURI>
    <creationTime>2014-12-03T10:26:10.381499Z</creationTime>
  </creationInfo>
  <description>
    <text>SLOVENIA</text>
    <type>Flinn-Engdahl region</type>
  </description>
  <origin publicID="quakeml:eu.emsc/event/20060130_0000047/origin/1221535">
    <time>
      <value>2006-01-30T10:50:13.0Z</value>
      <uncertainty>0.2</uncertainty>
    </time>
    <latitude>
      <value>46.3051</value>
      <uncertainty>4.4</uncertainty>
    </latitude>
    <longitude>
      <value>13.6099</value>
      <uncertainty>2.6</uncertainty>
    </longitude>
    <depth>
      <value>10000</value>
    </depth>
    <depthType>from location</depthType>
    <methodID>smi:eu.emsc-csem/origin_method/NA</methodID>
    <quality>
      <usedPhaseCount>10</usedPhaseCount>
      <usedStationCount>5</usedStationCount>
      <standardError>0.37</standardError>
      <azimuthalGap>218</azimuthalGap>
      <minimumDistance>0.09</minimumDistance>
      <maximumDistance>0.33</maximumDistance>
    </quality>
    <evaluationMode>manual</evaluationMode>
    <creationInfo>
      <agencyURI>smi:smi-registry/organization/EMSC</agencyURI>
      <authorURI>smi:smi-registry/organization/EMSC</authorURI>
    </creationInfo>
    <originUncertainty>
      <azimuthMaxHorizontalUncertainty>164</azimuthMaxHorizontalUncertainty>
    </originUncertainty>
  </origin>
  <magnitude publicID="quakeml:eu.emsc/event/20060130_0000047/origin/1221535/mag/2">
    <mag>
      <value>1.2</value>
    </mag>
    <type>ML</type>
    <originID>quakeml:eu.emsc/event/20060130_0000047/origin/1221535</originID>
    <creationInfo>
      <agencyURI>smi:smi-registry/organization/EMSC</agencyURI>
      <authorURI>smi:smi-registry/organization/EMSC</authorURI>
    </creationInfo>
  </magnitude>
</event>
<event publicID="quakeml:eu.emsc/event/20060130_0000029">
  <preferredOriginID>quakeml:eu.emsc/event/20060130_0000029/origin/1221543</preferredOriginID>
  <preferredMagnitudeID>quakeml:eu.emsc/event/20060130_0000029/origin/1221543/mag/2</preferredMagnitudeID>
  <creationInfo>
    <agencyURI>smi:smi-registry/organization/EMSC</agencyURI>
    <authorURI>smi:smi-registry/organization/EMSC</authorURI>
    <creationTime>2014-12-03T14:33:44.387542Z</creationTime>
  </creationInfo>
  <description>
    <text>STRAIT OF GIBRALTAR</text>
    <type>Flinn-Engdahl region</type>
  </description>
  <origin publicID="quakeml:eu.emsc/event/20060130_0000029/origin/1221543">
    <time>
      <value>2006-01-30T07:58:12.5Z</value>
      <uncertainty>0.19</uncertainty>
    </time>
    <latitude>
      <value>35.009</value>
      <uncertainty>4.7</uncertainty>
    </latitude>
    <longitude>
      <value>-4.01</value>
      <uncertainty>4</uncertainty>
    </longitude>
    <depth>
      <value>10000</value>
    </depth>
    <depthType>from location</depthType>
    <methodID>smi:eu.emsc-csem/origin_method/NA</methodID>
    <quality>
      <usedPhaseCount>96</usedPhaseCount>
      <usedStationCount>73</usedStationCount>
      <standardError>1.18</standardError>
      <azimuthalGap>101</azimuthalGap>
      <minimumDistance>0.22</minimumDistance>
      <maximumDistance>80.9</maximumDistance>
    </quality>
    <evaluationMode>manual</evaluationMode>
    <creationInfo>
      <agencyURI>smi:smi-registry/organization/EMSC</agencyURI>
      <authorURI>smi:smi-registry/organization/EMSC</authorURI>
    </creationInfo>
    <originUncertainty>
      <azimuthMaxHorizontalUncertainty>166</azimuthMaxHorizontalUncertainty>
    </originUncertainty>
  </origin>
  <magnitude publicID="quakeml:eu.emsc/event/20060130_0000029/origin/1221543/mag/2">
    <mag>
      <value>4.3</value>
    </mag>
    <type>MD</type>
    <originID>quakeml:eu.emsc/event/20060130_0000029/origin/1221543</originID>
    <creationInfo>
      <agencyURI>smi:smi-registry/organization/EMSC</agencyURI>
      <authorURI>smi:smi-registry/organization/EMSC</authorURI>
    </creationInfo>
  </magnitude>
</event>
<event publicID="quakeml:eu.emsc/event/20060130_0000028">
  <preferredOriginID>quakeml:eu.emsc/event/20060130_0000028/origin/1221546</preferredOriginID>
  <preferredMagnitudeID>quakeml:eu.emsc/event/20060130_0000028/origin/1221546/mag/2</preferredMagnitudeID>
  <creationInfo>
    <agencyURI>smi:smi-registry/organization/EMSC</agencyURI>
    <authorURI>smi:smi-registry/organization/EMSC</authorURI>
    <creationTime>2014-12-03T14:53:37.281549Z</creationTime>
  </creationInfo>
  <description>
    <text>AZERBAIJAN</text>
    <type>Flinn-Engdahl region</type>
  </description>
  <origin publicID="quakeml:eu.emsc/event/20060130_0000028/origin/1221546">
    <time>
      <value>2006-01-30T07:31:37.9Z</value>
      <uncertainty>0.54</uncertainty>
    </time>
    <latitude>
      <value>41.1315</value>
      <uncertainty>18.4</uncertainty>
    </latitude>
    <longitude>
      <value>48.6981</value>
      <uncertainty>8</uncertainty>
    </longitude>
    <depth>
      <value>2000</value>
    </depth>
    <depthType>from location</depthType>
    <methodID>smi:eu.emsc-csem/origin_method/NA</methodID>
    <quality>
      <usedPhaseCount>25</usedPhaseCount>
      <usedStationCount>21</usedStationCount>
      <standardError>1.28</standardError>
      <azimuthalGap>176</azimuthalGap>
      <minimumDistance>0.81</minimumDistance>
      <maximumDistance>75.85</maximumDistance>
    </quality>
    <evaluationMode>manual</evaluationMode>
    <creationInfo>
      <agencyURI>smi:smi-registry/organization/EMSC</agencyURI>
      <authorURI>smi:smi-registry/organization/EMSC</authorURI>
    </creationInfo>
    <originUncertainty>
      <azimuthMaxHorizontalUncertainty>8</azimuthMaxHorizontalUncertainty>
    </originUncertainty>
  </origin>
  <magnitude publicID="quakeml:eu.emsc/event/20060130_0000028/origin/1221546/mag/2">
    <mag>
      <value>3.8</value>
    </mag>
    <type>mb</type>
    <originID>quakeml:eu.emsc/event/20060130_0000028/origin/1221546</originID>
    <creationInfo>
      <agencyURI>smi:smi-registry/organization/EMSC</agencyURI>
      <authorURI>smi:smi-registry/organization/EMSC</authorURI>
    </creationInfo>
  </magnitude>
</event>
<event publicID="quakeml:eu.emsc/event/20060130_0000027">
  <preferredOriginID>quakeml:eu.emsc/event/20060130_0000027/origin/HF378</preferredOriginID>
  <preferredMagnitudeID>quakeml:eu.emsc/event/20060130_0000027/origin/HF378/mag/1</preferredMagnitudeID>
  <creationInfo>
    <agencyURI>smi:smi-registry/organization/EMSC</agencyURI>
    <authorURI>smi:smi-registry/organization/DHMR</authorURI>
    <creationTime>2014-12-01T15:47:02.891561Z</creationTime>
  </creationInfo>
  <description>
    <text>NEAR THE COAST OF DJIBOUTI</text>
    <type>Flinn-Engdahl region</type>
  </description>
  <origin publicID="quakeml:eu.emsc/event/20060130_0000027/origin/HF378">
    <time>
      <value>2006-01-30T07:31:07.3Z</value>
    </time>
    <latitude>
      <value>11.68</value>
    </latitude>
    <longitude>
      <value>43.44</value>
    </longitude>
    <depth>
      <value>9000.0</value>
    </depth>
    <depthType>from location</depthType>
    <methodID>smi:eu.emsc-csem/origin_method/GEIGER</methodID>
    <quality>
      <usedPhaseCount>9</usedPhaseCount>
      <usedStationCount>5</usedStationCount>
      <azimuthalGap>331</azimuthalGap>
      <minimumDistance>1.66</minimumDistance>
      <maximumDistance>3.08</maximumDistance>
    </quality>
    <evaluationMode>manual</evaluationMode>
    <creationInfo>
      <agencyURI>smi:smi-registry/organization/EMSC</agencyURI>
      <authorURI>smi:smi-registry/organization/DHMR</authorURI>
    </creationInfo>
  </origin>
  <magnitude publicID="quakeml:eu.emsc/event/20060130_0000027/origin/HF378/mag/1">
    <mag>
      <value>3.3</value>
    </mag>
    <type>ml</type>
    <originID>quakeml:eu.emsc/event/20060130_0000027/origin/HF378</originID>
    <creationInfo>
      <agencyURI>smi:smi-registry/organization/EMSC</agencyURI>
      <authorURI>smi:smi-registry/organization/DHMR</authorURI>
    </creationInfo>
  </magnitude>
</event>
<event publicID="quakeml:eu.emsc/event/20060130_0000026">
  <preferredOriginID>quakeml:eu.emsc/event/20060130_0000026/origin/1221551</preferredOriginID>
  <preferredMagnitudeID>quakeml:eu.emsc/event/20060130_0000026/origin/1221551/mag/2</preferredMagnitudeID>
  <creationInfo>
    <agencyURI>smi:smi-registry/organization/EMSC</agencyURI>
    <authorURI>smi:smi-registry/organization/EMSC</authorURI>
    <creationTime>2014-12-03T12:52:34.334079Z</creationTime>
  </creationInfo>
  <description>
    <text>STRAIT OF GIBRALTAR</text>
    <type>Flinn-Engdahl region</type>
  </description>
  <origin publicID="quakeml:eu.emsc/event/20060130_0000026/origin/1221551">
    <time>
      <value>2006-01-30T07:28:56.7Z</value>
      <uncertainty>0.34</uncertainty>
    </time>
    <latitude>
      <value>35.0838</value>
      <uncertainty>7.3</uncertainty>
    </latitude>
    <longitude>
      <value>-2.9962</value>
      <uncertainty>6.5</uncertainty>
    </longitude>
    <depth>
      <value>15000</value>
    </depth>
    <depthType>from location</depthType>
    <methodID>smi:eu.emsc-csem/origin_method/NA</methodID>
    <quality>
      <usedPhaseCount>40</usedPhaseCount>
      <usedStationCount>24</usedStationCount>
      <standardError>1.3</standardError>
      <azimuthalGap>138</azimuthalGap>
      <minimumDistance>0.22</minimumDistance>
      <maximumDistance>4.37</maximumDistance>
    </quality>
    <evaluationMode>manual</evaluationMode>
    <creationInfo>
      <agencyURI>smi:smi-registry/organization/EMSC</agencyURI>
      <authorURI>smi:smi-registry/organization/EMSC</authorURI>
    </creationInfo>
    <originUncertainty>
      <azimuthMaxHorizontalUncertainty>146</azimuthMaxHorizontalUncertainty>
    </originUncertainty>
  </origin>
  <magnitude publicID="quakeml:eu.emsc/event/20060130_0000026/origin/1221551/mag/2">
    <mag>
      <value>3.7</value>
    </mag>
    <type>MD</type>
    <originID>quakeml:eu.emsc/event/20060130_0000026/origin/1221551</originID>
    <creationInfo>
      <agencyURI>smi:smi-registry/organization/EMSC</agencyURI>
      <authorURI>smi:smi-registry/organization/EMSC</authorURI>
    </creationInfo>
  </magnitude>
</event>
<event publicID="quakeml:eu.emsc/event/20060130_0000061">
  <preferredOriginID>quakeml:eu.emsc/event/20060130_0000061/origin/1221555</preferredOriginID>
  <preferredMagnitudeID>quakeml:eu.emsc/event/20060130_0000061/origin/1221555/mag/2</preferredMagnitudeID>
  <creationInfo>
    <agencyURI>smi:smi-registry/organization/EMSC</agencyURI>
    <authorURI>smi:smi-registry/organization/EMSC</authorURI>
    <creationTime>2014-12-03T11:32:05.622175Z</creationTime>
  </creationInfo>
  <description>
    <text>PYRENEES</text>
    <type>Flinn-Engdahl region</type>
  </description>
  <origin publicID="quakeml:eu.emsc/event/20060130_0000061/origin/1221555">
    <time>
      <value>2006-01-30T04:53:42.1Z</value>
      <uncertainty>0.13</uncertainty>
    </time>
    <latitude>
      <value>43.1688</value>
      <uncertainty>4.3</uncertainty>
    </latitude>
    <longitude>
      <value>-1.0738</value>
      <uncertainty>1.6</uncertainty>
    </longitude>
    <depth>
      <value>10000</value>
    </depth>
    <depthType>from location</depthType>
    <methodID>smi:eu.emsc-csem/origin_method/NA</methodID>
    <quality>
      <usedPhaseCount>15</usedPhaseCount>
      <usedStationCount>8</usedStationCount>
      <standardError>0.35</standardError>
      <azimuthalGap>175</azimuthalGap>
      <minimumDistance>0.12</minimumDistance>
      <maximumDistance>1.02</maximumDistance>
    </quality>
    <evaluationMode>manual</evaluationMode>
    <creationInfo>
      <agencyURI>smi:smi-registry/organization/EMSC</agencyURI>
      <authorURI>smi:smi-registry/organization/EMSC</authorURI>
    </creationInfo>
    <originUncertainty>
      <azimuthMaxHorizontalUncertainty>23</azimuthMaxHorizontalUncertainty>
    </originUncertainty>
  </origin>
  <magnitude publicID="quakeml:eu.emsc/event/20060130_0000061/origin/1221555/mag/2">
    <mag>
      <value>1.3</value>
    </mag>
    <type>ML</type>
    <originID>quakeml:eu.emsc/event/20060130_0000061/origin/1221555</originID>
    <creationInfo>
      <agencyURI>smi:smi-registry/organization/EMSC</agencyURI>
      <authorURI>smi:smi-registry/organization/EMSC</authorURI>
    </creationInfo>
  </magnitude>
</event>
<event publicID="quakeml:eu.emsc/event/20060130_0000074">
  <preferredOriginID>quakeml:eu.emsc/event/20060130_0000074/origin/1204216</preferredOriginID>
  <preferredMagnitudeID>quakeml:eu.emsc/event/20060130_0000074/origin/1204216/mag/2</preferredMagnitudeID>
  <creationInfo>
    <agencyURI>smi:smi-registry/organization/EMSC</agencyURI>
    <authorURI>smi:smi-registry/organization/EMSC</authorURI>
    <creationTime>2014-12-11T19:47:32.18904Z</creationTime>
  </creationInfo>
  <description>
    <text>SWEDEN</text>
    <type>Flinn-Engdahl region</type>
  </description>
  <origin publicID="quakeml:eu.emsc/event/20060130_0000074/origin/1204216">
    <time>
      <value>2006-01-30T04:41:08.9Z</value>
    </time>
    <latitude>
      <value>67.183</value>
      <uncertainty>9999.9</uncertainty>
    </latitude>
    <longitude>
      <value>20.66</value>
      <uncertainty>9999.9</uncertainty>
    </longitude>
    <depth>
      <value>4700.0</value>
    </depth>
    <depthType>from location</depthType>
    <methodID>smi:eu.emsc-csem/origin_method/NA</methodID>
    <quality>
      <usedPhaseCount>8</usedPhaseCount>
      <usedStationCount>6</usedStationCount>
      <standardError>0.63</standardError>
      <azimuthalGap>179</azimuthalGap>
      <minimumDistance>0.07</minimumDistance>
      <maximumDistance>1.73</maximumDistance>
    </quality>
    <evaluationMode>manual</evaluationMode>
    <creationInfo>
      <agencyURI>smi:smi-registry/organization/EMSC</agencyURI>
      <authorURI>smi:smi-registry/organization/EMSC</authorURI>
    </creationInfo>
    <originUncertainty>
      <azimuthMaxHorizontalUncertainty>-99</azimuthMaxHorizontalUncertainty>
    </originUncertainty>
  </origin>
  <magnitude publicID="quakeml:eu.emsc/event/20060130_0000074/origin/1204216/mag/2">
    <mag>
      <value>3</value>
    </mag>
    <type>ML</type>
    <originID>quakeml:eu.emsc/event/20060130_0000074/origin/1204216</originID>
    <creationInfo>
      <agencyURI>smi:smi-registry/organization/EMSC</agencyURI>
      <authorURI>smi:smi-registry/organization/EMSC</authorURI>
    </creationInfo>
  </magnitude>
</event>
<event publicID="quakeml:eu.emsc/event/20060130_0000025">
  <preferredOriginID>quakeml:eu.emsc/event/20060130_0000025/origin/HF219</preferredOriginID>
  <preferredMagnitudeID>quakeml:eu.emsc/event/20060130_0000025/origin/HF219/mag/1</preferredMagnitudeID>
  <creationInfo>
    <agencyURI>smi:smi-registry/organization/EMSC</agencyURI>
    <authorURI>smi:smi-registry/organization/EMSC</authorURI>
    <creationTime>2014-12-01T14:38:12.21402Z</creationTime>
  </creationInfo>
  <description>
    <text>NIAS REGION, INDONESIA</text>
    <type>Flinn-Engdahl region</type>
  </description>
  <origin publicID="quakeml:eu.emsc/event/20060130_0000025/origin/HF219">
    <time>
      <value>2006-01-30T04:35:21.5Z</value>
      <uncertainty>0.89</uncertainty>
    </time>
    <latitude>
      <value>1.13</value>
    </latitude>
    <longitude>
      <value>97.36</value>
    </longitude>
    <depth>
      <value>52000.0</value>
      <uncertainty>7.8</uncertainty>
    </depth>
    <depthType>from location</depthType>
    <methodID>smi:eu.emsc-csem/origin_method/NA</methodID>
    <quality>
      <usedPhaseCount>36</usedPhaseCount>
      <usedStationCount>36</usedStationCount>
      <standardError>1.28</standardError>
      <azimuthalGap>89</azimuthalGap>
      <minimumDistance>3.42</minimumDistance>
      <maximumDistance>145.77</maximumDistance>
    </quality>
    <evaluationMode>automatic</evaluationMode>
    <creationInfo>
      <agencyURI>smi:smi-registry/organization/EMSC</agencyURI>
      <authorURI>smi:smi-registry/organization/EMSC</authorURI>
    </creationInfo>
  </origin>
  <magnitude publicID="quakeml:eu.emsc/event/20060130_0000025/origin/HF219/mag/1">
    <mag>
      <value>4.8</value>
      <uncertainty>0.2</uncertainty>
    </mag>
    <type>mb</type>
    <originID>quakeml:eu.emsc/event/20060130_0000025/origin/HF219</originID>
    <creationInfo>
      <agencyURI>smi:smi-registry/organization/EMSC</agencyURI>
      <authorURI>smi:smi-registry/organization/EMSC</authorURI>
    </creationInfo>
  </magnitude>
</event>
<event publicID="quakeml:eu.emsc/event/20060130_0000063">
  <preferredOriginID>quakeml:eu.emsc/event/20060130_0000063/origin/1204218</preferredOriginID>
  <preferredMagnitudeID>quakeml:eu.emsc/event/20060130_0000063/origin/1204218/mag/2</preferredMagnitudeID>
  <creationInfo>
    <agencyURI>smi:smi-registry/organization/EMSC</agencyURI>
    <authorURI>smi:smi-registry/organization/EMSC</authorURI>
    <creationTime>2014-12-11T19:47:29.749112Z</creationTime>
  </creationInfo>
  <description>
    <text>SOUTHERN GREECE</text>
    <type>Flinn-Engdahl region</type>
  </description>
  <origin publicID="quakeml:eu.emsc/event/20060130_0000063/origin/1204218">
    <time>
      <value>2006-01-30T04:28:27.9Z</value>
    </time>
    <latitude>
      <value>37.83</value>
      <uncertainty>9999.9</uncertainty>
    </latitude>
    <longitude>
      <value>21.01</value>
      <uncertainty>9999.9</uncertainty>
    </longitude>
    <depth>
      <value>5000</value>
    </depth>
    <depthType>from location</depthType>
    <methodID>smi:eu.emsc-csem/origin_method/NA</methodID>
    <quality>
      <usedPhaseCount>7</usedPhaseCount>
      <usedStationCount>4</usedStationCount>
      <standardError>2</standardError>
      <azimuthalGap>258</azimuthalGap>
      <minimumDistance>0.43</minimumDistance>
      <maximumDistance>1.77</maximumDistance>
    </quality>
    <evaluationMode>manual</evaluationMode>
    <creationInfo>
      <agencyURI>smi:smi-registry/organization/EMSC</agencyURI>
      <authorURI>smi:smi-registry/organization/EMSC</authorURI>
    </creationInfo>
    <originUncertainty>
      <azimuthMaxHorizontalUncertainty>-99</azimuthMaxHorizontalUncertainty>
    </originUncertainty>
  </origin>
  <magnitude publicID="quakeml:eu.emsc/event/20060130_0000063/origin/1204218/mag/2">
    <mag>
      <value>3.5</value>
    </mag>
    <type>MD</type>
    <originID>quakeml:eu.emsc/event/20060130_0000063/origin/1204218</originID>
    <creationInfo>
      <agencyURI>smi:smi-registry/organization/EMSC</agencyURI>
      <authorURI>smi:smi-registry/organization/EMSC</authorURI>
    </creationInfo>
  </magnitude>
</event>
<event publicID="quakeml:eu.emsc/event/20060130_0000060">
  <preferredOriginID>quakeml:eu.emsc/event/20060130_0000060/origin/1204220</preferredOriginID>
  <preferredMagnitudeID>quakeml:eu.emsc/event/20060130_0000060/origin/1204220/mag/2</preferredMagnitudeID>
  <creationInfo>
    <agencyURI>smi:smi-registry/organization/EMSC</agencyURI>
    <authorURI>smi:smi-registry/organization/EMSC</authorURI>
    <creationTime>2014-12-11T19:47:27.403415Z</creationTime>
  </creationInfo>
  <description>
    <text>NORTHERN ALGERIA</text>
    <type>Flinn-Engdahl region</type>
  </description>
  <origin publicID="quakeml:eu.emsc/event/20060130_0000060/origin/1204220">
    <time>
      <value>2006-01-30T04:24:20.8Z</value>
    </time>
    <latitude>
      <value>35.935</value>
      <uncertainty>9999.9</uncertainty>
    </latitude>
    <longitude>
      <value>1.369</value>
      <uncertainty>9999.9</uncertainty>
    </longitude>
    <depth>
      <value>0</value>
    </depth>
    <depthType>from location</depthType>
    <methodID>smi:eu.emsc-csem/origin_method/NA</methodID>
    <quality>
      <usedPhaseCount>5</usedPhaseCount>
      <usedStationCount>5</usedStationCount>
      <standardError>3.64</standardError>
      <azimuthalGap>108</azimuthalGap>
      <minimumDistance>0.21</minimumDistance>
      <maximumDistance>1.31</maximumDistance>
    </quality>
    <evaluationMode>manual</evaluationMode>
    <creationInfo>
      <agencyURI>smi:smi-registry/organization/EMSC</agencyURI>
      <authorURI>smi:smi-registry/organization/EMSC</authorURI>
    </creationInfo>
    <originUncertainty>
      <azimuthMaxHorizontalUncertainty>-99</azimuthMaxHorizontalUncertainty>
    </originUncertainty>
  </origin>
  <magnitude publicID="quakeml:eu.emsc/event/20060130_0000060/origin/1204220/mag/2">
    <mag>
      <value>2.7</value>
    </mag>
    <type>ML</type>
    <originID>quakeml:eu.emsc/event/20060130_0000060/origin/1204220</originID>
    <creationInfo>
      <agencyURI>smi:smi-registry/organization/EMSC</agencyURI>
      <authorURI>smi:smi-registry/organization/EMSC</authorURI>
    </creationInfo>
  </magnitude>
</event>
<event publicID="quakeml:eu.emsc/event/20060130_0000067">
  <preferredOriginID>quakeml:eu.emsc/event/20060130_0000067/origin/1221243</preferredOriginID>
  <preferredMagnitudeID>quakeml:eu.emsc/event/20060130_0000067/origin/1221243/mag/2</preferredMagnitudeID>
  <creationInfo>
    <agencyURI>smi:smi-registry/organization/EMSC</agencyURI>
    <authorURI>smi:smi-registry/organization/EMSC</authorURI>
    <creationTime>2014-12-03T12:07:35.396398Z</creationTime>
  </creationInfo>
  <description>
    <text>SWITZERLAND</text>
    <type>Flinn-Engdahl region</type>
  </description>
  <origin publicID="quakeml:eu.emsc/event/20060130_0000067/origin/1221243">
    <time>
      <value>2006-01-30T03:38:50.0Z</value>
      <uncertainty>0.25</uncertainty>
    </time>
    <latitude>
      <value>47.2658</value>
      <uncertainty>6.9</uncertainty>
    </latitude>
    <longitude>
      <value>8.9624</value>
      <uncertainty>5.6</uncertainty>
    </longitude>
    <depth>
      <value>30000</value>
    </depth>
    <depthType>from location</depthType>
    <methodID>smi:eu.emsc-csem/origin_method/NA</methodID>
    <quality>
      <usedPhaseCount>14</usedPhaseCount>
      <usedStationCount>8</usedStationCount>
      <standardError>0.57</standardError>
      <azimuthalGap>96</azimuthalGap>
      <minimumDistance>0.15</minimumDistance>
      <maximumDistance>0.87</maximumDistance>
    </quality>
    <evaluationMode>manual</evaluationMode>
    <creationInfo>
      <agencyURI>smi:smi-registry/organization/EMSC</agencyURI>
      <authorURI>smi:smi-registry/organization/EMSC</authorURI>
    </creationInfo>
    <originUncertainty>
      <azimuthMaxHorizontalUncertainty>41</azimuthMaxHorizontalUncertainty>
    </originUncertainty>
  </origin>
  <magnitude publicID="quakeml:eu.emsc/event/20060130_0000067/origin/1221243/mag/2">
    <mag>
      <value>1.3</value>
    </mag>
    <type>ML</type>
    <originID>quakeml:eu.emsc/event/20060130_0000067/origin/1221243</originID>
    <stationCount>1</stationCount>
    <creationInfo>
      <agencyURI>smi:smi-registry/organization/EMSC</agencyURI>
      <authorURI>smi:smi-registry/organization/EMSC</authorURI>
    </creationInfo>
  </magnitude>
</event>
<event publicID="quakeml:eu.emsc/event/20060130_0000058">
  <preferredOriginID>quakeml:eu.emsc/event/20060130_0000058/origin/1221558</preferredOriginID>
  <preferredMagnitudeID>quakeml:eu.emsc/event/20060130_0000058/origin/1221558/mag/1</preferredMagnitudeID>
  <creationInfo>
    <agencyURI>smi:smi-registry/organization/EMSC</agencyURI>
    <authorURI>smi:smi-registry/organization/EMSC</authorURI>
    <creationTime>2014-12-03T11:41:39.691842Z</creationTime>
  </creationInfo>
  <description>
    <text>RED SEA</text>
    <type>Flinn-Engdahl region</type>
  </description>
  <origin publicID="quakeml:eu.emsc/event/20060130_0000058/origin/1221558">
    <time>
      <value>2006-01-30T03:33:20.1Z</value>
      <uncertainty>1.53</uncertainty>
    </time>
    <latitude>
      <value>27.3413</value>
      <uncertainty>37.9</uncertainty>
    </latitude>
    <longitude>
      <value>34.8887</value>
      <uncertainty>30.1</uncertainty>
    </longitude>
    <depth>
      <value>10000</value>
    </depth>
    <depthType>from location</depthType>
    <methodID>smi:eu.emsc-csem/origin_method/NA</methodID>
    <quality>
      <usedPhaseCount>15</usedPhaseCount>
      <usedStationCount>13</usedStationCount>
      <standardError>0.87</standardError>
      <azimuthalGap>332</azimuthalGap>
      <minimumDistance>2.12</minimumDistance>
      <maximumDistance>3.58</maximumDistance>
    </quality>
    <evaluationMode>manual</evaluationMode>
    <creationInfo>
      <agencyURI>smi:smi-registry/organization/EMSC</agencyURI>
      <authorURI>smi:smi-registry/organization/EMSC</authorURI>
    </creationInfo>
    <originUncertainty>
      <azimuthMaxHorizontalUncertainty>64</azimuthMaxHorizontalUncertainty>
    </originUncertainty>
  </origin>
  <magnitude publicID="quakeml:eu.emsc/event/20060130_0000058/origin/1221558/mag/1">
    <mag>
      <value>3.2</value>
    </mag>
    <type>Mw</type>
    <originID>quakeml:eu.emsc/event/20060130_0000058/origin/1221558</originID>
    <creationInfo>
      <agencyURI>smi:smi-registry/organization/EMSC</agencyURI>
      <authorURI>smi:smi-registry/organization/EMSC</authorURI>
    </creationInfo>
  </magnitude>
</event>
<event publicID="quakeml:eu.emsc/event/20060130_0000055">
  <preferredOriginID>quakeml:eu.emsc/event/20060130_0000055/origin/1204222</preferredOriginID>
  <preferredMagnitudeID>quakeml:eu.emsc/event/20060130_0000055/origin/1204222/mag/2</preferredMagnitudeID>
  <creationInfo>
    <agencyURI>smi:smi-registry/organization/EMSC</agencyURI>
    <authorURI>smi:smi-registry/organization/EMSC</authorURI>
    <creationTime>2014-12-11T19:47:19.421808Z</creationTime>
  </creationInfo>
  <description>
    <text>NEAR THE COAST OF YEMEN</text>
    <type>Flinn-Engdahl region</type>
  </description>
  <origin publicID="quakeml:eu.emsc/event/20060130_0000055/origin/1204222">
    <time>
      <value>2006-01-30T02:14:15.8Z</value>
    </time>
    <latitude>
      <value>12.136</value>
      <uncertainty>9999.9</uncertainty>
    </latitude>
    <longitude>
      <value>43.881</value>
      <uncertainty>9999.9</uncertainty>
    </longitude>
    <depth>
      <value>3000</value>
    </depth>
    <depthType>from location</depthType>
    <methodID>smi:eu.emsc-csem/origin_method/NA</methodID>
    <quality>
      <usedPhaseCount>12</usedPhaseCount>
      <usedStationCount>6</usedStationCount>
      <standardError>4.97</standardError>
      <azimuthalGap>304</azimuthalGap>
      <minimumDistance>1.09</minimumDistance>
      <maximumDistance>2.46</maximumDistance>
    </quality>
    <evaluationMode>manual</evaluationMode>
    <creationInfo>
      <agencyURI>smi:smi-registry/organization/EMSC</agencyURI>
      <authorURI>smi:smi-registry/organization/EMSC</authorURI>
    </creationInfo>
    <originUncertainty>
      <azimuthMaxHorizontalUncertainty>-99</azimuthMaxHorizontalUncertainty>
    </originUncertainty>
  </origin>
  <magnitude publicID="quakeml:eu.emsc/event/20060130_0000055/origin/1204222/mag/2">
    <mag>
      <value>3.6</value>
    </mag>
    <type>ML</type>
    <originID>quakeml:eu.emsc/event/20060130_0000055/origin/1204222</originID>
    <creationInfo>
      <agencyURI>smi:smi-registry/organization/EMSC</agencyURI>
      <authorURI>smi:smi-registry/organization/EMSC</authorURI>
    </creationInfo>
  </magnitude>
</event>
<event publicID="quakeml:eu.emsc/event/20060130_0000023">
  <preferredOriginID>quakeml:eu.emsc/event/20060130_0000023/origin/HF220</preferredOriginID>
  <preferredMagnitudeID>quakeml:eu.emsc/event/20060130_0000023/origin/HF220/mag/1</preferredMagnitudeID>
  <creationInfo>
    <agencyURI>smi:smi-registry/organization/EMSC</agencyURI>
    <authorURI>smi:smi-registry/organization/EMSC</authorURI>
    <creationTime>2014-12-01T12:28:59.953175Z</creationTime>
  </creationInfo>
  <description>
    <text>SOUTH OF KERMADEC ISLANDS</text>
    <type>Flinn-Engdahl region</type>
  </description>
  <origin publicID="quakeml:eu.emsc/event/20060130_0000023/origin/HF220">
    <time>
      <value>2006-01-30T02:10:33.3Z</value>
      <uncertainty>0.41</uncertainty>
    </time>
    <latitude>
      <value>-32.22</value>
    </latitude>
    <longitude>
      <value>-178.41</value>
    </longitude>
    <depth>
      <value>33000.0</value>
    </depth>
    <depthType>from location</depthType>
    <methodID>smi:eu.emsc-csem/origin_method/NA</methodID>
    <quality>
      <usedPhaseCount>20</usedPhaseCount>
      <usedStationCount>18</usedStationCount>
      <standardError>1.37</standardError>
      <azimuthalGap>138</azimuthalGap>
      <minimumDistance>19.21</minimumDistance>
      <maximumDistance>149.46</maximumDistance>
    </quality>
    <evaluationMode>automatic</evaluationMode>
    <creationInfo>
      <agencyURI>smi:smi-registry/organization/EMSC</agencyURI>
      <authorURI>smi:smi-registry/organization/EMSC</authorURI>
    </creationInfo>
  </origin>
  <magnitude publicID="quakeml:eu.emsc/event/20060130_0000023/origin/HF220/mag/1">
    <mag>
      <value>5.0</value>
      <uncertainty>0.4</uncertainty>
    </mag>
    <type>mb</type>
    <originID>quakeml:eu.emsc/event/20060130_0000023/origin/HF220</originID>
    <creationInfo>
      <agencyURI>smi:smi-registry/organization/EMSC</agencyURI>
      <authorURI>smi:smi-registry/organization/EMSC</authorURI>
    </creationInfo>
  </magnitude>
</event>
<event publicID="quakeml:eu.emsc/event/20060130_0000046">
  <preferredOriginID>quakeml:eu.emsc/event/20060130_0000046/origin/1221561</preferredOriginID>
  <preferredMagnitudeID>quakeml:eu.emsc/event/20060130_0000046/origin/1221561/mag/2</preferredMagnitudeID>
  <creationInfo>
    <agencyURI>smi:smi-registry/organization/EMSC</agencyURI>
    <authorURI>smi:smi-registry/organization/EMSC</authorURI>
    <creationTime>2014-12-03T11:58:24.78646Z</creationTime>
  </creationInfo>
  <description>
    <text>NEAR THE COAST OF WESTERN TURKEY</text>
    <type>Flinn-Engdahl region</type>
  </description>
  <origin publicID="quakeml:eu.emsc/event/20060130_0000046/origin/1221561">
    <time>
      <value>2006-01-30T00:48:40.2Z</value>
      <uncertainty>0.33</uncertainty>
    </time>
    <latitude>
      <value>38.1697</value>
      <uncertainty>8.7</uncertainty>
    </latitude>
    <longitude>
      <value>26.6731</value>
      <uncertainty>6.6</uncertainty>
    </longitude>
    <depth>
      <value>12000</value>
    </depth>
    <depthType>from location</depthType>
    <methodID>smi:eu.emsc-csem/origin_method/NA</methodID>
    <quality>
      <usedPhaseCount>14</usedPhaseCount>
      <usedStationCount>10</usedStationCount>
      <standardError>0.93</standardError>
      <azimuthalGap>122</azimuthalGap>
      <minimumDistance>0.2</minimumDistance>
      <maximumDistance>1.64</maximumDistance>
    </quality>
    <evaluationMode>manual</evaluationMode>
    <creationInfo>
      <agencyURI>smi:smi-registry/organization/EMSC</agencyURI>
      <authorURI>smi:smi-registry/organization/EMSC</authorURI>
    </creationInfo>
    <originUncertainty>
      <azimuthMaxHorizontalUncertainty>84</azimuthMaxHorizontalUncertainty>
    </originUncertainty>
  </origin>
  <magnitude publicID="quakeml:eu.emsc/event/20060130_0000046/origin/1221561/mag/2">
    <mag>
      <value>2.9</value>
    </mag>
    <type>MD</type>
    <originID>quakeml:eu.emsc/event/20060130_0000046/origin/1221561</originID>
    <creationInfo>
      <agencyURI>smi:smi-registry/organization/EMSC</agencyURI>
      <authorURI>smi:smi-registry/organization/EMSC</authorURI>
    </creationInfo>
  </magnitude>
</event>
<event publicID="quakeml:eu.emsc/event/20060130_0000052">
  <preferredOriginID>quakeml:eu.emsc/event/20060130_0000052/origin/1221563</preferredOriginID>
  <preferredMagnitudeID>quakeml:eu.emsc/event/20060130_0000052/origin/1221563/mag/2</preferredMagnitudeID>
  <creationInfo>
    <agencyURI>smi:smi-registry/organization/EMSC</agencyURI>
    <authorURI>smi:smi-registry/organization/EMSC</authorURI>
    <creationTime>2014-12-03T11:45:20.804532Z</creationTime>
  </creationInfo>
  <description>
    <text>CENTRAL TURKEY</text>
    <type>Flinn-Engdahl region</type>
  </description>
  <origin publicID="quakeml:eu.emsc/event/20060130_0000052/origin/1221563">
    <time>
      <value>2006-01-30T00:26:17.3Z</value>
      <uncertainty>0.32</uncertainty>
    </time>
    <latitude>
      <value>36.8844</value>
      <uncertainty>10.6</uncertainty>
    </latitude>
    <longitude>
      <value>35.9308</value>
      <uncertainty>7.2</uncertainty>
    </longitude>
    <depth>
      <value>20000</value>
    </depth>
    <depthType>from location</depthType>
    <methodID>smi:eu.emsc-csem/origin_method/NA</methodID>
    <quality>
      <usedPhaseCount>9</usedPhaseCount>
      <usedStationCount>7</usedStationCount>
      <standardError>0.79</standardError>
      <azimuthalGap>81</azimuthalGap>
      <minimumDistance>0.19</minimumDistance>
      <maximumDistance>1.06</maximumDistance>
    </quality>
    <evaluationMode>manual</evaluationMode>
    <creationInfo>
      <agencyURI>smi:smi-registry/organization/EMSC</agencyURI>
      <authorURI>smi:smi-registry/organization/EMSC</authorURI>
    </creationInfo>
    <originUncertainty>
      <azimuthMaxHorizontalUncertainty>60</azimuthMaxHorizontalUncertainty>
    </originUncertainty>
  </origin>
  <magnitude publicID="quakeml:eu.emsc/event/20060130_0000052/origin/1221563/mag/2">
    <mag>
      <value>3</value>
    </mag>
    <type>MD</type>
    <originID>quakeml:eu.emsc/event/20060130_0000052/origin/1221563</originID>
    <creationInfo>
      <agencyURI>smi:smi-registry/organization/EMSC</agencyURI>
      <authorURI>smi:smi-registry/organization/EMSC</authorURI>
    </creationInfo>
  </magnitude>
</event>
<event publicID="quakeml:eu.emsc/event/20060130_0000069">
  <preferredOriginID>quakeml:eu.emsc/event/20060130_0000069/origin/1204224</preferredOriginID>
  <preferredMagnitudeID>quakeml:eu.emsc/event/20060130_0000069/origin/1204224/mag/2</preferredMagnitudeID>
  <creationInfo>
    <agencyURI>smi:smi-registry/organization/EMSC</agencyURI>
    <authorURI>smi:smi-registry/organization/EMSC</authorURI>
    <creationTime>2014-12-11T19:47:10.85Z</creationTime>
  </creationInfo>
  <description>
    <text>SWEDEN</text>
    <type>Flinn-Engdahl region</type>
  </description>
  <origin publicID="quakeml:eu.emsc/event/20060130_0000069/origin/1204224">
    <time>
      <value>2006-01-30T00:18:51.6Z</value>
    </time>
    <latitude>
      <value>67.827</value>
      <uncertainty>9999.9</uncertainty>
    </latitude>
    <longitude>
      <value>20.176</value>
      <uncertainty>9999.9</uncertainty>
    </longitude>
    <depth>
      <value>0</value>
    </depth>
    <depthType>from location</depthType>
    <methodID>smi:eu.emsc-csem/origin_method/NA</methodID>
    <quality>
      <usedPhaseCount>9</usedPhaseCount>
      <usedStationCount>7</usedStationCount>
      <standardError>0.85</standardError>
      <azimuthalGap>155</azimuthalGap>
      <minimumDistance>0.14</minimumDistance>
      <maximumDistance>2.4</maximumDistance>
    </quality>
    <evaluationMode>manual</evaluationMode>
    <creationInfo>
      <agencyURI>smi:smi-registry/organization/EMSC</agencyURI>
      <authorURI>smi:smi-registry/organization/EMSC</authorURI>
    </creationInfo>
    <originUncertainty>
      <azimuthMaxHorizontalUncertainty>-99</azimuthMaxHorizontalUncertainty>
    </originUncertainty>
  </origin>
  <magnitude publicID="quakeml:eu.emsc/event/20060130_0000069/origin/1204224/mag/2">
    <mag>
      <value>2.7</value>
    </mag>
    <type>ML</type>
    <originID>quakeml:eu.emsc/event/20060130_0000069/origin/1204224</originID>
    <creationInfo>
      <agencyURI>smi:smi-registry/organization/EMSC</agencyURI>
      <authorURI>smi:smi-registry/organization/EMSC</authorURI>
    </creationInfo>
  </magnitude>
</event>
</eventParameters>
</q:quakeml>
