<?xml version="1.0"?>
<q:quakeml xmlns:q="http://quakeml.org/xmlns/quakeml/1.2"  xmlns="http://quakeml.org/xmlns/bed/1.2">
<eventParameters publicID="smi:eu.emsc/unid">
<event publicID="quakeml:eu.emsc/event/20060321_0000061">
  <preferredOriginID>quakeml:eu.emsc/event/20060321_0000061/origin/1217331</preferredOriginID>
  <preferredMagnitudeID>quakeml:eu.emsc/event/20060321_0000061/origin/1217331/mag/1</preferredMagnitudeID>
  <creationInfo>
    <agencyURI>smi:smi-registry/organization/EMSC</agencyURI>
    <authorURI>smi:smi-registry/organization/EMSC</authorURI>
    <creationTime>2014-12-03T11:11:04.404268Z</creationTime>
  </creationInfo>
  <description>
    <text>WESTERN MEDITERRANEAN SEA</text>
    <type>Flinn-Engdahl region</type>
  </description>
  <origin publicID="quakeml:eu.emsc/event/20060321_0000061/origin/1217331">
    <time>
      <value>2006-03-21T23:42:03.4Z</value>
      <uncertainty>0.55</uncertainty>
    </time>
    <latitude>
      <value>37.1504</value>
      <uncertainty>11.1</uncertainty>
    </latitude>
    <longitude>
      <value>5.3645</value>
      <uncertainty>6.5</uncertainty>
    </longitude>
    <depth>
      <value>12000</value>
    </depth>
    <depthType>from location</depthType>
    <methodID>smi:eu.emsc-csem/origin_method/NA</methodID>
    <quality>
      <usedPhaseCount>46</usedPhaseCount>
      <usedStationCount>28</usedStationCount>
      <standardError>1.14</standardError>
      <azimuthalGap>251</azimuthalGap>
      <minimumDistance>3.29</minimumDistance>
      <maximumDistance>12.52</maximumDistance>
    </quality>
    <evaluationMode>manual</evaluationMode>
    <creationInfo>
      <agencyURI>smi:smi-registry/organization/EMSC</agencyURI>
      <authorURI>smi:smi-registry/organization/EMSC</authorURI>
    </creationInfo>
    <originUncertainty>
      <azimuthMaxHorizontalUncertainty>150</azimuthMaxHorizontalUncertainty>
    </originUncertainty>
  </origin>
  <magnitude publicID="quakeml:eu.emsc/event/20060321_0000061/origin/1217331/mag/1">
    <mag>
      <value>3.2</value>
      <uncertainty>0.3</uncertainty>
    </mag>
    <type>ML</type>
    <originID>quakeml:eu.emsc/event/20060321_0000061/origin/1217331</originID>
    <stationCount>18</stationCount>
    <creationInfo>
      <agencyURI>smi:smi-registry/organization/EMSC</agencyURI>
      <authorURI>smi:smi-registry/organization/EMSC</authorURI>
    </creationInfo>
  </magnitude>
</event>
<event publicID="quakeml:eu.emsc/event/20060321_0000047">
  <preferredOriginID>quakeml:eu.emsc/event/20060321_0000047/origin/1217335</preferredOriginID>
  <preferredMagnitudeID>quakeml:eu.emsc/event/20060321_0000047/origin/1217335/mag/1</preferredMagnitudeID>
  <creationInfo>
    <agencyURI>smi:smi-registry/organization/EMSC</agencyURI>
    <authorURI>smi:smi-registry/organization/EMSC</authorURI>
    <creationTime>2014-12-03T14:36:38.831167Z</creationTime>
  </creationInfo>
  <description>
    <text>SPAIN</text>
    <type>Flinn-Engdahl region</type>
  </description>
  <origin publicID="quakeml:eu.emsc/event/20060321_0000047/origin/1217335">
    <time>
      <value>2006-03-21T23:02:41.3Z</value>
      <uncertainty>0.19</uncertainty>
    </time>
    <latitude>
      <value>41.7075</value>
      <uncertainty>4</uncertainty>
    </latitude>
    <longitude>
      <value>2.4034</value>
      <uncertainty>2.7</uncertainty>
    </longitude>
    <depth>
      <value>10000</value>
    </depth>
    <depthType>from location</depthType>
    <methodID>smi:eu.emsc-csem/origin_method/NA</methodID>
    <quality>
      <usedPhaseCount>102</usedPhaseCount>
      <usedStationCount>48</usedStationCount>
      <standardError>1.24</standardError>
      <azimuthalGap>92</azimuthalGap>
      <minimumDistance>0.69</minimumDistance>
      <maximumDistance>7.75</maximumDistance>
    </quality>
    <evaluationMode>manual</evaluationMode>
    <creationInfo>
      <agencyURI>smi:smi-registry/organization/EMSC</agencyURI>
      <authorURI>smi:smi-registry/organization/EMSC</authorURI>
    </creationInfo>
    <originUncertainty>
      <azimuthMaxHorizontalUncertainty>137</azimuthMaxHorizontalUncertainty>
    </originUncertainty>
  </origin>
  <magnitude publicID="quakeml:eu.emsc/event/20060321_0000047/origin/1217335/mag/1">
    <mag>
      <value>2.9</value>
      <uncertainty>0.3</uncertainty>
    </mag>
    <type>ML</type>
    <originID>quakeml:eu.emsc/event/20060321_0000047/origin/1217335</originID>
    <stationCount>22</stationCount>
    <creationInfo>
      <agencyURI>smi:smi-registry/organization/EMSC</agencyURI>
      <authorURI>smi:smi-registry/organization/EMSC</authorURI>
    </creationInfo>
  </magnitude>
</event>
<event publicID="quakeml:eu.emsc/event/20060321_0000062">
  <preferredOriginID>quakeml:eu.emsc/event/20060321_0000062/origin/1202568</preferredOriginID>
  <preferredMagnitudeID>quakeml:eu.emsc/event/20060321_0000062/origin/1202568/mag/2</preferredMagnitudeID>
  <creationInfo>
    <agencyURI>smi:smi-registry/organization/EMSC</agencyURI>
    <authorURI>smi:smi-registry/organization/EMSC</authorURI>
    <creationTime>2014-12-11T21:18:49.843452Z</creationTime>
  </creationInfo>
  <description>
    <text>DODECANESE ISLANDS, GREECE</text>
    <type>Flinn-Engdahl region</type>
  </description>
  <origin publicID="quakeml:eu.emsc/event/20060321_0000062/origin/1202568">
    <time>
      <value>2006-03-21T21:31:23.9Z</value>
    </time>
    <latitude>
      <value>36.57</value>
      <uncertainty>9999.9</uncertainty>
    </latitude>
    <longitude>
      <value>26.92</value>
      <uncertainty>9999.9</uncertainty>
    </longitude>
    <depth>
      <value>8000</value>
    </depth>
    <depthType>from location</depthType>
    <methodID>smi:eu.emsc-csem/origin_method/NA</methodID>
    <quality>
      <usedPhaseCount>5</usedPhaseCount>
      <usedStationCount>4</usedStationCount>
      <standardError>0.51</standardError>
      <azimuthalGap>141</azimuthalGap>
      <minimumDistance>0.17</minimumDistance>
      <maximumDistance>1.22</maximumDistance>
    </quality>
    <evaluationMode>manual</evaluationMode>
    <creationInfo>
      <agencyURI>smi:smi-registry/organization/EMSC</agencyURI>
      <authorURI>smi:smi-registry/organization/EMSC</authorURI>
    </creationInfo>
    <originUncertainty>
      <azimuthMaxHorizontalUncertainty>-99</azimuthMaxHorizontalUncertainty>
    </originUncertainty>
  </origin>
  <magnitude publicID="quakeml:eu.emsc/event/20060321_0000062/origin/1202568/mag/2">
    <mag>
      <value>2.7</value>
    </mag>
    <type>MD</type>
    <originID>quakeml:eu.emsc/event/20060321_0000062/origin/1202568</originID>
    <creationInfo>
      <agencyURI>smi:smi-registry/organization/EMSC</agencyURI>
      <authorURI>smi:smi-registry/organization/EMSC</authorURI>
    </creationInfo>
  </magnitude>
</event>
<event publicID="quakeml:eu.emsc/event/20060321_0000045">
  <preferredOriginID>quakeml:eu.emsc/event/20060321_0000045/origin/1217342</preferredOriginID>
  <preferredMagnitudeID>quakeml:eu.emsc/event/20060321_0000045/origin/1217342/mag/2</preferredMagnitudeID>
  <creationInfo>
    <agencyURI>smi:smi-registry/organization/EMSC</agencyURI>
    <authorURI>smi:smi-registry/organization/EMSC</authorURI>
    <creationTime>2014-12-03T12:37:47.788569Z</creationTime>
  </creationInfo>
  <description>
    <text>DODECANESE ISLANDS, GREECE</text>
    <type>Flinn-Engdahl region</type>
  </description>
  <origin publicID="quakeml:eu.emsc/event/20060321_0000045/origin/1217342">
    <time>
      <value>2006-03-21T21:28:29.8Z</value>
      <uncertainty>0.18</uncertainty>
    </time>
    <latitude>
      <value>36.9219</value>
      <uncertainty>5.1</uncertainty>
    </latitude>
    <longitude>
      <value>27.7882</value>
      <uncertainty>3.7</uncertainty>
    </longitude>
    <depth>
      <value>15000</value>
    </depth>
    <depthType>from location</depthType>
    <methodID>smi:eu.emsc-csem/origin_method/NA</methodID>
    <quality>
      <usedPhaseCount>30</usedPhaseCount>
      <usedStationCount>23</usedStationCount>
      <standardError>1.01</standardError>
      <azimuthalGap>46</azimuthalGap>
      <minimumDistance>0.26</minimumDistance>
      <maximumDistance>9.75</maximumDistance>
    </quality>
    <evaluationMode>manual</evaluationMode>
    <creationInfo>
      <agencyURI>smi:smi-registry/organization/EMSC</agencyURI>
      <authorURI>smi:smi-registry/organization/EMSC</authorURI>
    </creationInfo>
    <originUncertainty>
      <azimuthMaxHorizontalUncertainty>99</azimuthMaxHorizontalUncertainty>
    </originUncertainty>
  </origin>
  <magnitude publicID="quakeml:eu.emsc/event/20060321_0000045/origin/1217342/mag/2">
    <mag>
      <value>3.3</value>
    </mag>
    <type>MD</type>
    <originID>quakeml:eu.emsc/event/20060321_0000045/origin/1217342</originID>
    <creationInfo>
      <agencyURI>smi:smi-registry/organization/EMSC</agencyURI>
      <authorURI>smi:smi-registry/organization/EMSC</authorURI>
    </creationInfo>
  </magnitude>
</event>
<event publicID="quakeml:eu.emsc/event/20060321_0000051">
  <preferredOriginID>quakeml:eu.emsc/event/20060321_0000051/origin/1202570</preferredOriginID>
  <preferredMagnitudeID>quakeml:eu.emsc/event/20060321_0000051/origin/1202570/mag/2</preferredMagnitudeID>
  <creationInfo>
    <agencyURI>smi:smi-registry/organization/EMSC</agencyURI>
    <authorURI>smi:smi-registry/organization/EMSC</authorURI>
    <creationTime>2014-12-10T17:33:16.145955Z</creationTime>
  </creationInfo>
  <description>
    <text>PYRENEES</text>
    <type>Flinn-Engdahl region</type>
  </description>
  <origin publicID="quakeml:eu.emsc/event/20060321_0000051/origin/1202570">
    <time>
      <value>2006-03-21T21:20:49.8Z</value>
    </time>
    <latitude>
      <value>42.7908</value>
      <uncertainty>9999.9</uncertainty>
    </latitude>
    <longitude>
      <value>-1.362</value>
      <uncertainty>9999.9</uncertainty>
    </longitude>
    <depth>
      <value>4800.0</value>
    </depth>
    <depthType>from location</depthType>
    <methodID>smi:eu.emsc-csem/origin_method/NA</methodID>
    <quality>
      <usedPhaseCount>7</usedPhaseCount>
      <usedStationCount>4</usedStationCount>
      <standardError>0.38</standardError>
      <azimuthalGap>235</azimuthalGap>
      <minimumDistance>0.02</minimumDistance>
      <maximumDistance>0.21</maximumDistance>
    </quality>
    <evaluationMode>manual</evaluationMode>
    <creationInfo>
      <agencyURI>smi:smi-registry/organization/EMSC</agencyURI>
      <authorURI>smi:smi-registry/organization/EMSC</authorURI>
    </creationInfo>
    <originUncertainty>
      <azimuthMaxHorizontalUncertainty>-99</azimuthMaxHorizontalUncertainty>
    </originUncertainty>
  </origin>
  <magnitude publicID="quakeml:eu.emsc/event/20060321_0000051/origin/1202570/mag/2">
    <mag>
      <value>0.8</value>
    </mag>
    <type>ML</type>
    <originID>quakeml:eu.emsc/event/20060321_0000051/origin/1202570</originID>
    <creationInfo>
      <agencyURI>smi:smi-registry/organization/EMSC</agencyURI>
      <authorURI>smi:smi-registry/organization/EMSC</authorURI>
    </creationInfo>
  </magnitude>
</event>
<event publicID="quakeml:eu.emsc/event/20060321_0000073">
  <preferredOriginID>quakeml:eu.emsc/event/20060321_0000073/origin/1202572</preferredOriginID>
  <preferredMagnitudeID>quakeml:eu.emsc/event/20060321_0000073/origin/1202572/mag/2</preferredMagnitudeID>
  <creationInfo>
    <agencyURI>smi:smi-registry/organization/EMSC</agencyURI>
    <authorURI>smi:smi-registry/organization/EMSC</authorURI>
    <creationTime>2014-12-10T19:03:54.467648Z</creationTime>
  </creationInfo>
  <description>
    <text>SPAIN</text>
    <type>Flinn-Engdahl region</type>
  </description>
  <origin publicID="quakeml:eu.emsc/event/20060321_0000073/origin/1202572">
    <time>
      <value>2006-03-21T20:51:42.0Z</value>
    </time>
    <latitude>
      <value>41.2936</value>
      <uncertainty>9999.9</uncertainty>
    </latitude>
    <longitude>
      <value>0.4712</value>
      <uncertainty>9999.9</uncertainty>
    </longitude>
    <depth>
      <value>0</value>
    </depth>
    <depthType>from location</depthType>
    <methodID>smi:eu.emsc-csem/origin_method/NA</methodID>
    <quality>
      <usedPhaseCount>13</usedPhaseCount>
      <usedStationCount>7</usedStationCount>
      <standardError>1.03</standardError>
      <azimuthalGap>114</azimuthalGap>
      <minimumDistance>0.35</minimumDistance>
      <maximumDistance>1.41</maximumDistance>
    </quality>
    <evaluationMode>manual</evaluationMode>
    <creationInfo>
      <agencyURI>smi:smi-registry/organization/EMSC</agencyURI>
      <authorURI>smi:smi-registry/organization/EMSC</authorURI>
    </creationInfo>
    <originUncertainty>
      <azimuthMaxHorizontalUncertainty>-99</azimuthMaxHorizontalUncertainty>
    </originUncertainty>
  </origin>
  <magnitude publicID="quakeml:eu.emsc/event/20060321_0000073/origin/1202572/mag/2">
    <mag>
      <value>1.2</value>
    </mag>
    <type>ML</type>
    <originID>quakeml:eu.emsc/event/20060321_0000073/origin/1202572</originID>
    <creationInfo>
      <agencyURI>smi:smi-registry/organization/EMSC</agencyURI>
      <authorURI>smi:smi-registry/organization/EMSC</authorURI>
    </creationInfo>
  </magnitude>
</event>
<event publicID="quakeml:eu.emsc/event/20060321_0000078">
  <preferredOriginID>quakeml:eu.emsc/event/20060321_0000078/origin/1202574</preferredOriginID>
  <preferredMagnitudeID>quakeml:eu.emsc/event/20060321_0000078/origin/1202574/mag/2</preferredMagnitudeID>
  <creationInfo>
    <agencyURI>smi:smi-registry/organization/EMSC</agencyURI>
    <authorURI>smi:smi-registry/organization/EMSC</authorURI>
    <creationTime>2014-12-10T17:33:15.663904Z</creationTime>
  </creationInfo>
  <description>
    <text>SPAIN</text>
    <type>Flinn-Engdahl region</type>
  </description>
  <origin publicID="quakeml:eu.emsc/event/20060321_0000078/origin/1202574">
    <time>
      <value>2006-03-21T20:51:01.5Z</value>
    </time>
    <latitude>
      <value>41.2844</value>
      <uncertainty>9999.9</uncertainty>
    </latitude>
    <longitude>
      <value>0.4719</value>
      <uncertainty>9999.9</uncertainty>
    </longitude>
    <depth>
      <value>0</value>
    </depth>
    <depthType>from location</depthType>
    <methodID>smi:eu.emsc-csem/origin_method/NA</methodID>
    <quality>
      <usedPhaseCount>12</usedPhaseCount>
      <usedStationCount>6</usedStationCount>
      <standardError>1.06</standardError>
      <azimuthalGap>116</azimuthalGap>
      <minimumDistance>0.34</minimumDistance>
      <maximumDistance>1.42</maximumDistance>
    </quality>
    <evaluationMode>manual</evaluationMode>
    <creationInfo>
      <agencyURI>smi:smi-registry/organization/EMSC</agencyURI>
      <authorURI>smi:smi-registry/organization/EMSC</authorURI>
    </creationInfo>
    <originUncertainty>
      <azimuthMaxHorizontalUncertainty>-99</azimuthMaxHorizontalUncertainty>
    </originUncertainty>
  </origin>
  <magnitude publicID="quakeml:eu.emsc/event/20060321_0000078/origin/1202574/mag/2">
    <mag>
      <value>1.1</value>
    </mag>
    <type>ML</type>
    <originID>quakeml:eu.emsc/event/20060321_0000078/origin/1202574</originID>
    <creationInfo>
      <agencyURI>smi:smi-registry/organization/EMSC</agencyURI>
      <authorURI>smi:smi-registry/organization/EMSC</authorURI>
    </creationInfo>
  </magnitude>
</event>
<event publicID="quakeml:eu.emsc/event/20060321_0000056">
  <preferredOriginID>quakeml:eu.emsc/event/20060321_0000056/origin/1202576</preferredOriginID>
  <preferredMagnitudeID>quakeml:eu.emsc/event/20060321_0000056/origin/1202576/mag/2</preferredMagnitudeID>
  <creationInfo>
    <agencyURI>smi:smi-registry/organization/EMSC</agencyURI>
    <authorURI>smi:smi-registry/organization/EMSC</authorURI>
    <creationTime>2014-12-11T21:18:40.813092Z</creationTime>
  </creationInfo>
  <description>
    <text>TUNISIA</text>
    <type>Flinn-Engdahl region</type>
  </description>
  <origin publicID="quakeml:eu.emsc/event/20060321_0000056/origin/1202576">
    <time>
      <value>2006-03-21T19:39:02.1Z</value>
    </time>
    <latitude>
      <value>35.6225</value>
      <uncertainty>9999.9</uncertainty>
    </latitude>
    <longitude>
      <value>10.51</value>
      <uncertainty>9999.9</uncertainty>
    </longitude>
    <depth>
      <value>1400.0</value>
    </depth>
    <depthType>from location</depthType>
    <methodID>smi:eu.emsc-csem/origin_method/NA</methodID>
    <quality>
      <usedPhaseCount>6</usedPhaseCount>
      <usedStationCount>6</usedStationCount>
      <standardError>6.48</standardError>
      <azimuthalGap>215</azimuthalGap>
      <minimumDistance>0.74</minimumDistance>
      <maximumDistance>1.99</maximumDistance>
    </quality>
    <evaluationMode>manual</evaluationMode>
    <creationInfo>
      <agencyURI>smi:smi-registry/organization/EMSC</agencyURI>
      <authorURI>smi:smi-registry/organization/EMSC</authorURI>
    </creationInfo>
    <originUncertainty>
      <azimuthMaxHorizontalUncertainty>-99</azimuthMaxHorizontalUncertainty>
    </originUncertainty>
  </origin>
  <magnitude publicID="quakeml:eu.emsc/event/20060321_0000056/origin/1202576/mag/2">
    <mag>
      <value>3</value>
    </mag>
    <type>MD</type>
    <originID>quakeml:eu.emsc/event/20060321_0000056/origin/1202576</originID>
    <creationInfo>
      <agencyURI>smi:smi-registry/organization/EMSC</agencyURI>
      <authorURI>smi:smi-registry/organization/EMSC</authorURI>
    </creationInfo>
  </magnitude>
</event>
<event publicID="quakeml:eu.emsc/event/20060321_0000043">
  <preferredOriginID>quakeml:eu.emsc/event/20060321_0000043/origin/1217351</preferredOriginID>
  <preferredMagnitudeID>quakeml:eu.emsc/event/20060321_0000043/origin/1217351/mag/2</preferredMagnitudeID>
  <creationInfo>
    <agencyURI>smi:smi-registry/organization/EMSC</agencyURI>
    <authorURI>smi:smi-registry/organization/EMSC</authorURI>
    <creationTime>2014-12-03T14:33:40.726848Z</creationTime>
  </creationInfo>
  <description>
    <text>EASTERN TURKEY</text>
    <type>Flinn-Engdahl region</type>
  </description>
  <origin publicID="quakeml:eu.emsc/event/20060321_0000043/origin/1217351">
    <time>
      <value>2006-03-21T18:10:18.4Z</value>
      <uncertainty>0.18</uncertainty>
    </time>
    <latitude>
      <value>39.7878</value>
      <uncertainty>5</uncertainty>
    </latitude>
    <longitude>
      <value>41.7746</value>
      <uncertainty>4.5</uncertainty>
    </longitude>
    <depth>
      <value>2000</value>
    </depth>
    <depthType>from location</depthType>
    <methodID>smi:eu.emsc-csem/origin_method/NA</methodID>
    <quality>
      <usedPhaseCount>40</usedPhaseCount>
      <usedStationCount>31</usedStationCount>
      <standardError>1.15</standardError>
      <azimuthalGap>38</azimuthalGap>
      <minimumDistance>0.34</minimumDistance>
      <maximumDistance>46.51</maximumDistance>
    </quality>
    <evaluationMode>manual</evaluationMode>
    <creationInfo>
      <agencyURI>smi:smi-registry/organization/EMSC</agencyURI>
      <authorURI>smi:smi-registry/organization/EMSC</authorURI>
    </creationInfo>
    <originUncertainty>
      <azimuthMaxHorizontalUncertainty>149</azimuthMaxHorizontalUncertainty>
    </originUncertainty>
  </origin>
  <magnitude publicID="quakeml:eu.emsc/event/20060321_0000043/origin/1217351/mag/2">
    <mag>
      <value>3.9</value>
    </mag>
    <type>MD</type>
    <originID>quakeml:eu.emsc/event/20060321_0000043/origin/1217351</originID>
    <creationInfo>
      <agencyURI>smi:smi-registry/organization/EMSC</agencyURI>
      <authorURI>smi:smi-registry/organization/EMSC</authorURI>
    </creationInfo>
  </magnitude>
</event>
<event publicID="quakeml:eu.emsc/event/20060321_0000059">
  <preferredOriginID>quakeml:eu.emsc/event/20060321_0000059/origin/1217354</preferredOriginID>
  <preferredMagnitudeID>quakeml:eu.emsc/event/20060321_0000059/origin/1217354/mag/2</preferredMagnitudeID>
  <creationInfo>
    <agencyURI>smi:smi-registry/organization/EMSC</agencyURI>
    <authorURI>smi:smi-registry/organization/EMSC</authorURI>
    <creationTime>2014-12-03T10:39:04.99124Z</creationTime>
  </creationInfo>
  <description>
    <text>CRETE, GREECE</text>
    <type>Flinn-Engdahl region</type>
  </description>
  <origin publicID="quakeml:eu.emsc/event/20060321_0000059/origin/1217354">
    <time>
      <value>2006-03-21T17:40:41.6Z</value>
      <uncertainty>0.21</uncertainty>
    </time>
    <latitude>
      <value>34.0804</value>
      <uncertainty>16</uncertainty>
    </latitude>
    <longitude>
      <value>25.5254</value>
      <uncertainty>4.7</uncertainty>
    </longitude>
    <depth>
      <value>20000</value>
    </depth>
    <depthType>from location</depthType>
    <methodID>smi:eu.emsc-csem/origin_method/NA</methodID>
    <quality>
      <usedPhaseCount>9</usedPhaseCount>
      <usedStationCount>8</usedStationCount>
      <standardError>0.77</standardError>
      <azimuthalGap>145</azimuthalGap>
      <minimumDistance>0.8</minimumDistance>
      <maximumDistance>7.31</maximumDistance>
    </quality>
    <evaluationMode>manual</evaluationMode>
    <creationInfo>
      <agencyURI>smi:smi-registry/organization/EMSC</agencyURI>
      <authorURI>smi:smi-registry/organization/EMSC</authorURI>
    </creationInfo>
    <originUncertainty>
      <azimuthMaxHorizontalUncertainty>83</azimuthMaxHorizontalUncertainty>
    </originUncertainty>
  </origin>
  <magnitude publicID="quakeml:eu.emsc/event/20060321_0000059/origin/1217354/mag/2">
    <mag>
      <value>2.9</value>
    </mag>
    <type>ML</type>
    <originID>quakeml:eu.emsc/event/20060321_0000059/origin/1217354</originID>
    <creationInfo>
      <agencyURI>smi:smi-registry/organization/EMSC</agencyURI>
      <authorURI>smi:smi-registry/organization/EMSC</authorURI>
    </creationInfo>
  </magnitude>
</event>
<event publicID="quakeml:eu.emsc/event/20060321_0000041">
  <preferredOriginID>quakeml:eu.emsc/event/20060321_0000041/origin/HU638</preferredOriginID>
  <preferredMagnitudeID>quakeml:eu.emsc/event/20060321_0000041/origin/HU638/mag/1</preferredMagnitudeID>
  <creationInfo>
    <agencyURI>smi:smi-registry/organization/EMSC</agencyURI>
    <authorURI>smi:smi-registry/organization/TEH</authorURI>
    <creationTime>2014-12-01T15:04:31.385105Z</creationTime>
  </creationInfo>
  <description>
    <text>NORTHEASTERN IRAN</text>
    <type>Flinn-Engdahl region</type>
  </description>
  <origin publicID="quakeml:eu.emsc/event/20060321_0000041/origin/HU638">
    <time>
      <value>2006-03-21T17:29:26.7Z</value>
    </time>
    <latitude>
      <value>36.33</value>
    </latitude>
    <longitude>
      <value>58.28</value>
    </longitude>
    <depth>
      <value>9000.0</value>
    </depth>
    <depthType>from location</depthType>
    <methodID>smi:eu.emsc-csem/origin_method/GEIGER</methodID>
    <quality>
      <usedPhaseCount>11</usedPhaseCount>
      <usedStationCount>7</usedStationCount>
      <azimuthalGap>235</azimuthalGap>
      <minimumDistance>0.75</minimumDistance>
      <maximumDistance>1.47</maximumDistance>
    </quality>
    <evaluationMode>manual</evaluationMode>
    <creationInfo>
      <agencyURI>smi:smi-registry/organization/EMSC</agencyURI>
      <authorURI>smi:smi-registry/organization/TEH</authorURI>
    </creationInfo>
  </origin>
  <magnitude publicID="quakeml:eu.emsc/event/20060321_0000041/origin/HU638/mag/1">
    <mag>
      <value>3.1</value>
    </mag>
    <type>m</type>
    <originID>quakeml:eu.emsc/event/20060321_0000041/origin/HU638</originID>
    <creationInfo>
      <agencyURI>smi:smi-registry/organization/EMSC</agencyURI>
      <authorURI>smi:smi-registry/organization/TEH</authorURI>
    </creationInfo>
  </magnitude>
</event>
<event publicID="quakeml:eu.emsc/event/20060321_0000040">
  <preferredOriginID>quakeml:eu.emsc/event/20060321_0000040/origin/1217356</preferredOriginID>
  <preferredMagnitudeID>quakeml:eu.emsc/event/20060321_0000040/origin/1217356/mag/2</preferredMagnitudeID>
  <creationInfo>
    <agencyURI>smi:smi-registry/organization/EMSC</agencyURI>
    <authorURI>smi:smi-registry/organization/EMSC</authorURI>
    <creationTime>2014-12-03T13:12:43.5395Z</creationTime>
  </creationInfo>
  <description>
    <text>EASTERN TURKEY</text>
    <type>Flinn-Engdahl region</type>
  </description>
  <origin publicID="quakeml:eu.emsc/event/20060321_0000040/origin/1217356">
    <time>
      <value>2006-03-21T17:28:26.4Z</value>
      <uncertainty>0.27</uncertainty>
    </time>
    <latitude>
      <value>39.8069</value>
      <uncertainty>6.5</uncertainty>
    </latitude>
    <longitude>
      <value>41.7798</value>
      <uncertainty>6.1</uncertainty>
    </longitude>
    <depth>
      <value>2000</value>
    </depth>
    <depthType>from location</depthType>
    <methodID>smi:eu.emsc-csem/origin_method/NA</methodID>
    <quality>
      <usedPhaseCount>20</usedPhaseCount>
      <usedStationCount>14</usedStationCount>
      <standardError>1.35</standardError>
      <azimuthalGap>73</azimuthalGap>
      <minimumDistance>0.33</minimumDistance>
      <maximumDistance>2.93</maximumDistance>
    </quality>
    <evaluationMode>manual</evaluationMode>
    <creationInfo>
      <agencyURI>smi:smi-registry/organization/EMSC</agencyURI>
      <authorURI>smi:smi-registry/organization/EMSC</authorURI>
    </creationInfo>
    <originUncertainty>
      <azimuthMaxHorizontalUncertainty>74</azimuthMaxHorizontalUncertainty>
    </originUncertainty>
  </origin>
  <magnitude publicID="quakeml:eu.emsc/event/20060321_0000040/origin/1217356/mag/2">
    <mag>
      <value>3.3</value>
    </mag>
    <type>MD</type>
    <originID>quakeml:eu.emsc/event/20060321_0000040/origin/1217356</originID>
    <creationInfo>
      <agencyURI>smi:smi-registry/organization/EMSC</agencyURI>
      <authorURI>smi:smi-registry/organization/EMSC</authorURI>
    </creationInfo>
  </magnitude>
</event>
<event publicID="quakeml:eu.emsc/event/20060321_0000054">
  <preferredOriginID>quakeml:eu.emsc/event/20060321_0000054/origin/1202578</preferredOriginID>
  <preferredMagnitudeID>quakeml:eu.emsc/event/20060321_0000054/origin/1202578/mag/2</preferredMagnitudeID>
  <creationInfo>
    <agencyURI>smi:smi-registry/organization/EMSC</agencyURI>
    <authorURI>smi:smi-registry/organization/EMSC</authorURI>
    <creationTime>2014-12-11T21:18:27.32694Z</creationTime>
  </creationInfo>
  <description>
    <text>SOUTHERN IRAN</text>
    <type>Flinn-Engdahl region</type>
  </description>
  <origin publicID="quakeml:eu.emsc/event/20060321_0000054/origin/1202578">
    <time>
      <value>2006-03-21T17:12:11.0Z</value>
    </time>
    <latitude>
      <value>27.591</value>
      <uncertainty>9999.9</uncertainty>
    </latitude>
    <longitude>
      <value>56.626</value>
      <uncertainty>9999.9</uncertainty>
    </longitude>
    <depth>
      <value>14100.0</value>
    </depth>
    <depthType>from location</depthType>
    <methodID>smi:eu.emsc-csem/origin_method/NA</methodID>
    <quality>
      <usedPhaseCount>5</usedPhaseCount>
      <usedStationCount>4</usedStationCount>
      <standardError>2</standardError>
      <azimuthalGap>184</azimuthalGap>
      <minimumDistance>0.45</minimumDistance>
      <maximumDistance>4.17</maximumDistance>
    </quality>
    <evaluationMode>manual</evaluationMode>
    <creationInfo>
      <agencyURI>smi:smi-registry/organization/EMSC</agencyURI>
      <authorURI>smi:smi-registry/organization/EMSC</authorURI>
    </creationInfo>
    <originUncertainty>
      <azimuthMaxHorizontalUncertainty>-99</azimuthMaxHorizontalUncertainty>
    </originUncertainty>
  </origin>
  <magnitude publicID="quakeml:eu.emsc/event/20060321_0000054/origin/1202578/mag/2">
    <mag>
      <value>3</value>
    </mag>
    <type>ML</type>
    <originID>quakeml:eu.emsc/event/20060321_0000054/origin/1202578</originID>
    <creationInfo>
      <agencyURI>smi:smi-registry/organization/EMSC</agencyURI>
      <authorURI>smi:smi-registry/organization/EMSC</authorURI>
    </creationInfo>
  </magnitude>
</event>
<event publicID="quakeml:eu.emsc/event/20060321_0000055">
  <preferredOriginID>quakeml:eu.emsc/event/20060321_0000055/origin/1216170</preferredOriginID>
  <preferredMagnitudeID>quakeml:eu.emsc/event/20060321_0000055/origin/1216170/mag/1</preferredMagnitudeID>
  <creationInfo>
    <agencyURI>smi:smi-registry/organization/EMSC</agencyURI>
    <authorURI>smi:smi-registry/organization/EMSC</authorURI>
    <creationTime>2014-12-03T10:41:09.882045Z</creationTime>
  </creationInfo>
  <description>
    <text>PYRENEES</text>
    <type>Flinn-Engdahl region</type>
  </description>
  <origin publicID="quakeml:eu.emsc/event/20060321_0000055/origin/1216170">
    <time>
      <value>2006-03-21T17:08:02.8Z</value>
      <uncertainty>0.12</uncertainty>
    </time>
    <latitude>
      <value>42.6014</value>
      <uncertainty>2.4</uncertainty>
    </latitude>
    <longitude>
      <value>0.733</value>
      <uncertainty>2</uncertainty>
    </longitude>
    <depth>
      <value>15000</value>
    </depth>
    <depthType>from location</depthType>
    <methodID>smi:eu.emsc-csem/origin_method/NA</methodID>
    <quality>
      <usedPhaseCount>52</usedPhaseCount>
      <usedStationCount>23</usedStationCount>
      <standardError>0.83</standardError>
      <azimuthalGap>50</azimuthalGap>
      <minimumDistance>0.37</minimumDistance>
      <maximumDistance>2.76</maximumDistance>
    </quality>
    <evaluationMode>manual</evaluationMode>
    <creationInfo>
      <agencyURI>smi:smi-registry/organization/EMSC</agencyURI>
      <authorURI>smi:smi-registry/organization/EMSC</authorURI>
    </creationInfo>
    <originUncertainty>
      <azimuthMaxHorizontalUncertainty>158</azimuthMaxHorizontalUncertainty>
    </originUncertainty>
  </origin>
  <magnitude publicID="quakeml:eu.emsc/event/20060321_0000055/origin/1216170/mag/1">
    <mag>
      <value>2.6</value>
      <uncertainty>0.4</uncertainty>
    </mag>
    <type>ML</type>
    <originID>quakeml:eu.emsc/event/20060321_0000055/origin/1216170</originID>
    <stationCount>20</stationCount>
    <creationInfo>
      <agencyURI>smi:smi-registry/organization/EMSC</agencyURI>
      <authorURI>smi:smi-registry/organization/EMSC</authorURI>
    </creationInfo>
  </magnitude>
</event>
<event publicID="quakeml:eu.emsc/event/20060321_0000039">
  <preferredOriginID>quakeml:eu.emsc/event/20060321_0000039/origin/1217359</preferredOriginID>
  <preferredMagnitudeID>quakeml:eu.emsc/event/20060321_0000039/origin/1217359/mag/1</preferredMagnitudeID>
  <creationInfo>
    <agencyURI>smi:smi-registry/organization/EMSC</agencyURI>
    <authorURI>smi:smi-registry/organization/EMSC</authorURI>
    <creationTime>2014-12-03T12:55:51.722117Z</creationTime>
  </creationInfo>
  <description>
    <text>CZECH REPUBLIC</text>
    <type>Flinn-Engdahl region</type>
  </description>
  <origin publicID="quakeml:eu.emsc/event/20060321_0000039/origin/1217359">
    <time>
      <value>2006-03-21T16:26:03.2Z</value>
      <uncertainty>0.18</uncertainty>
    </time>
    <latitude>
      <value>49.7035</value>
      <uncertainty>3.4</uncertainty>
    </latitude>
    <longitude>
      <value>16.2783</value>
      <uncertainty>3.3</uncertainty>
    </longitude>
    <depth>
      <value>2000</value>
    </depth>
    <depthType>from location</depthType>
    <methodID>smi:eu.emsc-csem/origin_method/NA</methodID>
    <quality>
      <usedPhaseCount>27</usedPhaseCount>
      <usedStationCount>16</usedStationCount>
      <standardError>1.03</standardError>
      <azimuthalGap>73</azimuthalGap>
      <minimumDistance>0.45</minimumDistance>
      <maximumDistance>3.25</maximumDistance>
    </quality>
    <evaluationMode>manual</evaluationMode>
    <creationInfo>
      <agencyURI>smi:smi-registry/organization/EMSC</agencyURI>
      <authorURI>smi:smi-registry/organization/EMSC</authorURI>
    </creationInfo>
    <originUncertainty>
      <azimuthMaxHorizontalUncertainty>11</azimuthMaxHorizontalUncertainty>
    </originUncertainty>
  </origin>
  <magnitude publicID="quakeml:eu.emsc/event/20060321_0000039/origin/1217359/mag/1">
    <mag>
      <value>3.2</value>
      <uncertainty>0.4</uncertainty>
    </mag>
    <type>ML</type>
    <originID>quakeml:eu.emsc/event/20060321_0000039/origin/1217359</originID>
    <stationCount>9</stationCount>
    <creationInfo>
      <agencyURI>smi:smi-registry/organization/EMSC</agencyURI>
      <authorURI>smi:smi-registry/organization/EMSC</authorURI>
    </creationInfo>
  </magnitude>
</event>
<event publicID="quakeml:eu.emsc/event/20060321_0000065">
  <preferredOriginID>quakeml:eu.emsc/event/20060321_0000065/origin/1205338</preferredOriginID>
  <preferredMagnitudeID>quakeml:eu.emsc/event/20060321_0000065/origin/1205338/mag/2</preferredMagnitudeID>
  <creationInfo>
    <agencyURI>smi:smi-registry/organization/EMSC</agencyURI>
    <authorURI>smi:smi-registry/organization/EMSC</authorURI>
    <creationTime>2014-12-10T17:33:15.182321Z</creationTime>
  </creationInfo>
  <description>
    <text>SWITZERLAND</text>
    <type>Flinn-Engdahl region</type>
  </description>
  <origin publicID="quakeml:eu.emsc/event/20060321_0000065/origin/1205338">
    <time>
      <value>2006-03-21T15:59:01.9Z</value>
    </time>
    <latitude>
      <value>46.866</value>
      <uncertainty>9999.9</uncertainty>
    </latitude>
    <longitude>
      <value>8.61</value>
      <uncertainty>9999.9</uncertainty>
    </longitude>
    <depth>
      <value>0</value>
    </depth>
    <depthType>from location</depthType>
    <methodID>smi:eu.emsc-csem/origin_method/NA</methodID>
    <quality>
      <usedPhaseCount>5</usedPhaseCount>
      <usedStationCount>4</usedStationCount>
      <standardError>0.82</standardError>
      <azimuthalGap>164</azimuthalGap>
      <minimumDistance>0.1</minimumDistance>
      <maximumDistance>0.41</maximumDistance>
    </quality>
    <evaluationMode>manual</evaluationMode>
    <creationInfo>
      <agencyURI>smi:smi-registry/organization/EMSC</agencyURI>
      <authorURI>smi:smi-registry/organization/EMSC</authorURI>
    </creationInfo>
    <originUncertainty>
      <azimuthMaxHorizontalUncertainty>-99</azimuthMaxHorizontalUncertainty>
    </originUncertainty>
  </origin>
  <magnitude publicID="quakeml:eu.emsc/event/20060321_0000065/origin/1205338/mag/2">
    <mag>
      <value>1.4</value>
    </mag>
    <type>ML</type>
    <originID>quakeml:eu.emsc/event/20060321_0000065/origin/1205338</originID>
    <stationCount>4</stationCount>
    <creationInfo>
      <agencyURI>smi:smi-registry/organization/EMSC</agencyURI>
      <authorURI>smi:smi-registry/organization/EMSC</authorURI>
    </creationInfo>
  </magnitude>
</event>
<event publicID="quakeml:eu.emsc/event/20060321_0000060">
  <preferredOriginID>quakeml:eu.emsc/event/20060321_0000060/origin/1202580</preferredOriginID>
  <preferredMagnitudeID>quakeml:eu.emsc/event/20060321_0000060/origin/1202580/mag/2</preferredMagnitudeID>
  <creationInfo>
    <agencyURI>smi:smi-registry/organization/EMSC</agencyURI>
    <authorURI>smi:smi-registry/organization/EMSC</authorURI>
    <creationTime>2014-12-11T21:18:20.837705Z</creationTime>
  </creationInfo>
  <description>
    <text>CENTRAL TURKEY</text>
    <type>Flinn-Engdahl region</type>
  </description>
  <origin publicID="quakeml:eu.emsc/event/20060321_0000060/origin/1202580">
    <time>
      <value>2006-03-21T15:47:24.3Z</value>
    </time>
    <latitude>
      <value>39.86</value>
      <uncertainty>9999.9</uncertainty>
    </latitude>
    <longitude>
      <value>32.441</value>
      <uncertainty>9999.9</uncertainty>
    </longitude>
    <depth>
      <value>5000</value>
    </depth>
    <depthType>from location</depthType>
    <methodID>smi:eu.emsc-csem/origin_method/NA</methodID>
    <quality>
      <usedPhaseCount>6</usedPhaseCount>
      <usedStationCount>4</usedStationCount>
      <standardError>1.08</standardError>
      <azimuthalGap>234</azimuthalGap>
      <minimumDistance>0.25</minimumDistance>
      <maximumDistance>1.71</maximumDistance>
    </quality>
    <evaluationMode>manual</evaluationMode>
    <creationInfo>
      <agencyURI>smi:smi-registry/organization/EMSC</agencyURI>
      <authorURI>smi:smi-registry/organization/EMSC</authorURI>
    </creationInfo>
    <originUncertainty>
      <azimuthMaxHorizontalUncertainty>-99</azimuthMaxHorizontalUncertainty>
    </originUncertainty>
  </origin>
  <magnitude publicID="quakeml:eu.emsc/event/20060321_0000060/origin/1202580/mag/2">
    <mag>
      <value>2.7</value>
    </mag>
    <type>MD</type>
    <originID>quakeml:eu.emsc/event/20060321_0000060/origin/1202580</originID>
    <creationInfo>
      <agencyURI>smi:smi-registry/organization/EMSC</agencyURI>
      <authorURI>smi:smi-registry/organization/EMSC</authorURI>
    </creationInfo>
  </magnitude>
</event>
<event publicID="quakeml:eu.emsc/event/20060321_0000052">
  <preferredOriginID>quakeml:eu.emsc/event/20060321_0000052/origin/1216173</preferredOriginID>
  <preferredMagnitudeID>quakeml:eu.emsc/event/20060321_0000052/origin/1216173/mag/1</preferredMagnitudeID>
  <creationInfo>
    <agencyURI>smi:smi-registry/organization/EMSC</agencyURI>
    <authorURI>smi:smi-registry/organization/EMSC</authorURI>
    <creationTime>2014-12-03T10:26:10.537476Z</creationTime>
  </creationInfo>
  <description>
    <text>PYRENEES</text>
    <type>Flinn-Engdahl region</type>
  </description>
  <origin publicID="quakeml:eu.emsc/event/20060321_0000052/origin/1216173">
    <time>
      <value>2006-03-21T14:43:03.1Z</value>
      <uncertainty>0.14</uncertainty>
    </time>
    <latitude>
      <value>43.1129</value>
      <uncertainty>4.3</uncertainty>
    </latitude>
    <longitude>
      <value>-0.2355</value>
      <uncertainty>1.6</uncertainty>
    </longitude>
    <depth>
      <value>10000</value>
    </depth>
    <depthType>from location</depthType>
    <methodID>smi:eu.emsc-csem/origin_method/NA</methodID>
    <quality>
      <usedPhaseCount>11</usedPhaseCount>
      <usedStationCount>6</usedStationCount>
      <standardError>0.4</standardError>
      <azimuthalGap>171</azimuthalGap>
      <minimumDistance>0.12</minimumDistance>
      <maximumDistance>1.81</maximumDistance>
    </quality>
    <evaluationMode>manual</evaluationMode>
    <creationInfo>
      <agencyURI>smi:smi-registry/organization/EMSC</agencyURI>
      <authorURI>smi:smi-registry/organization/EMSC</authorURI>
    </creationInfo>
    <originUncertainty>
      <azimuthMaxHorizontalUncertainty>1</azimuthMaxHorizontalUncertainty>
    </originUncertainty>
  </origin>
  <magnitude publicID="quakeml:eu.emsc/event/20060321_0000052/origin/1216173/mag/1">
    <mag>
      <value>1.3</value>
      <uncertainty>0.5</uncertainty>
    </mag>
    <type>ML</type>
    <originID>quakeml:eu.emsc/event/20060321_0000052/origin/1216173</originID>
    <stationCount>4</stationCount>
    <creationInfo>
      <agencyURI>smi:smi-registry/organization/EMSC</agencyURI>
      <authorURI>smi:smi-registry/organization/EMSC</authorURI>
    </creationInfo>
  </magnitude>
</event>
<event publicID="quakeml:eu.emsc/event/20060321_0000035">
  <preferredOriginID>quakeml:eu.emsc/event/20060321_0000035/origin/1217365</preferredOriginID>
  <preferredMagnitudeID>quakeml:eu.emsc/event/20060321_0000035/origin/1217365/mag/2</preferredMagnitudeID>
  <creationInfo>
    <agencyURI>smi:smi-registry/organization/EMSC</agencyURI>
    <authorURI>smi:smi-registry/organization/EMSC</authorURI>
    <creationTime>2014-12-03T13:32:36.626475Z</creationTime>
  </creationInfo>
  <description>
    <text>SOUTHERN IRAN</text>
    <type>Flinn-Engdahl region</type>
  </description>
  <origin publicID="quakeml:eu.emsc/event/20060321_0000035/origin/1217365">
    <time>
      <value>2006-03-21T14:07:48.0Z</value>
      <uncertainty>0.46</uncertainty>
    </time>
    <latitude>
      <value>27.598</value>
      <uncertainty>12.9</uncertainty>
    </latitude>
    <longitude>
      <value>56.3709</value>
      <uncertainty>7.5</uncertainty>
    </longitude>
    <depth>
      <value>5000</value>
    </depth>
    <depthType>from location</depthType>
    <methodID>smi:eu.emsc-csem/origin_method/NA</methodID>
    <quality>
      <usedPhaseCount>12</usedPhaseCount>
      <usedStationCount>8</usedStationCount>
      <standardError>1.13</standardError>
      <azimuthalGap>160</azimuthalGap>
      <minimumDistance>0.27</minimumDistance>
      <maximumDistance>8.2</maximumDistance>
    </quality>
    <evaluationMode>manual</evaluationMode>
    <creationInfo>
      <agencyURI>smi:smi-registry/organization/EMSC</agencyURI>
      <authorURI>smi:smi-registry/organization/EMSC</authorURI>
    </creationInfo>
    <originUncertainty>
      <azimuthMaxHorizontalUncertainty>140</azimuthMaxHorizontalUncertainty>
    </originUncertainty>
  </origin>
  <magnitude publicID="quakeml:eu.emsc/event/20060321_0000035/origin/1217365/mag/2">
    <mag>
      <value>3.3</value>
    </mag>
    <type>ML</type>
    <originID>quakeml:eu.emsc/event/20060321_0000035/origin/1217365</originID>
    <creationInfo>
      <agencyURI>smi:smi-registry/organization/EMSC</agencyURI>
      <authorURI>smi:smi-registry/organization/EMSC</authorURI>
    </creationInfo>
  </magnitude>
</event>
<event publicID="quakeml:eu.emsc/event/20060321_0000083">
  <preferredOriginID>quakeml:eu.emsc/event/20060321_0000083/origin/1202582</preferredOriginID>
  <preferredMagnitudeID>quakeml:eu.emsc/event/20060321_0000083/origin/1202582/mag/2</preferredMagnitudeID>
  <creationInfo>
    <agencyURI>smi:smi-registry/organization/EMSC</agencyURI>
    <authorURI>smi:smi-registry/organization/EMSC</authorURI>
    <creationTime>2014-12-10T17:33:14.684079Z</creationTime>
  </creationInfo>
  <description>
    <text>PYRENEES</text>
    <type>Flinn-Engdahl region</type>
  </description>
  <origin publicID="quakeml:eu.emsc/event/20060321_0000083/origin/1202582">
    <time>
      <value>2006-03-21T14:01:50.8Z</value>
    </time>
    <latitude>
      <value>42.6865</value>
      <uncertainty>9999.9</uncertainty>
    </latitude>
    <longitude>
      <value>-1.6409</value>
      <uncertainty>9999.9</uncertainty>
    </longitude>
    <depth>
      <value>0</value>
    </depth>
    <depthType>from location</depthType>
    <methodID>smi:eu.emsc-csem/origin_method/NA</methodID>
    <quality>
      <usedPhaseCount>18</usedPhaseCount>
      <usedStationCount>9</usedStationCount>
      <standardError>0.74</standardError>
      <azimuthalGap>155</azimuthalGap>
      <minimumDistance>0.1</minimumDistance>
      <maximumDistance>1.42</maximumDistance>
    </quality>
    <evaluationMode>manual</evaluationMode>
    <creationInfo>
      <agencyURI>smi:smi-registry/organization/EMSC</agencyURI>
      <authorURI>smi:smi-registry/organization/EMSC</authorURI>
    </creationInfo>
    <originUncertainty>
      <azimuthMaxHorizontalUncertainty>-99</azimuthMaxHorizontalUncertainty>
    </originUncertainty>
  </origin>
  <magnitude publicID="quakeml:eu.emsc/event/20060321_0000083/origin/1202582/mag/2">
    <mag>
      <value>1.4</value>
    </mag>
    <type>ML</type>
    <originID>quakeml:eu.emsc/event/20060321_0000083/origin/1202582</originID>
    <creationInfo>
      <agencyURI>smi:smi-registry/organization/EMSC</agencyURI>
      <authorURI>smi:smi-registry/organization/EMSC</authorURI>
    </creationInfo>
  </magnitude>
</event>
<event publicID="quakeml:eu.emsc/event/20060321_0000066">
  <preferredOriginID>quakeml:eu.emsc/event/20060321_0000066/origin/1202584</preferredOriginID>
  <preferredMagnitudeID>quakeml:eu.emsc/event/20060321_0000066/origin/1202584/mag/2</preferredMagnitudeID>
  <creationInfo>
    <agencyURI>smi:smi-registry/organization/EMSC</agencyURI>
    <authorURI>smi:smi-registry/organization/EMSC</authorURI>
    <creationTime>2014-12-10T17:33:14.181523Z</creationTime>
  </creationInfo>
  <description>
    <text>PYRENEES</text>
    <type>Flinn-Engdahl region</type>
  </description>
  <origin publicID="quakeml:eu.emsc/event/20060321_0000066/origin/1202584">
    <time>
      <value>2006-03-21T13:28:13.3Z</value>
    </time>
    <latitude>
      <value>42.8841</value>
      <uncertainty>9999.9</uncertainty>
    </latitude>
    <longitude>
      <value>-1.8663</value>
      <uncertainty>9999.9</uncertainty>
    </longitude>
    <depth>
      <value>0</value>
    </depth>
    <depthType>from location</depthType>
    <methodID>smi:eu.emsc-csem/origin_method/NA</methodID>
    <quality>
      <usedPhaseCount>17</usedPhaseCount>
      <usedStationCount>9</usedStationCount>
      <standardError>0.78</standardError>
      <azimuthalGap>149</azimuthalGap>
      <minimumDistance>0.24</minimumDistance>
      <maximumDistance>1.56</maximumDistance>
    </quality>
    <evaluationMode>manual</evaluationMode>
    <creationInfo>
      <agencyURI>smi:smi-registry/organization/EMSC</agencyURI>
      <authorURI>smi:smi-registry/organization/EMSC</authorURI>
    </creationInfo>
    <originUncertainty>
      <azimuthMaxHorizontalUncertainty>-99</azimuthMaxHorizontalUncertainty>
    </originUncertainty>
  </origin>
  <magnitude publicID="quakeml:eu.emsc/event/20060321_0000066/origin/1202584/mag/2">
    <mag>
      <value>1.4</value>
    </mag>
    <type>ML</type>
    <originID>quakeml:eu.emsc/event/20060321_0000066/origin/1202584</originID>
    <creationInfo>
      <agencyURI>smi:smi-registry/organization/EMSC</agencyURI>
      <authorURI>smi:smi-registry/organization/EMSC</authorURI>
    </creationInfo>
  </magnitude>
</event>
<event publicID="quakeml:eu.emsc/event/20060321_0000048">
  <preferredOriginID>quakeml:eu.emsc/event/20060321_0000048/origin/1217368</preferredOriginID>
  <preferredMagnitudeID>quakeml:eu.emsc/event/20060321_0000048/origin/1217368/mag/2</preferredMagnitudeID>
  <creationInfo>
    <agencyURI>smi:smi-registry/organization/EMSC</agencyURI>
    <authorURI>smi:smi-registry/organization/EMSC</authorURI>
    <creationTime>2014-12-03T11:38:33.786374Z</creationTime>
  </creationInfo>
  <description>
    <text>NEAR THE COAST OF WESTERN TURKEY</text>
    <type>Flinn-Engdahl region</type>
  </description>
  <origin publicID="quakeml:eu.emsc/event/20060321_0000048/origin/1217368">
    <time>
      <value>2006-03-21T13:26:10.4Z</value>
      <uncertainty>0.27</uncertainty>
    </time>
    <latitude>
      <value>38.2025</value>
      <uncertainty>6</uncertainty>
    </latitude>
    <longitude>
      <value>26.5692</value>
      <uncertainty>5</uncertainty>
    </longitude>
    <depth>
      <value>10000</value>
    </depth>
    <depthType>from location</depthType>
    <methodID>smi:eu.emsc-csem/origin_method/NA</methodID>
    <quality>
      <usedPhaseCount>15</usedPhaseCount>
      <usedStationCount>10</usedStationCount>
      <standardError>0.95</standardError>
      <azimuthalGap>131</azimuthalGap>
      <minimumDistance>0.16</minimumDistance>
      <maximumDistance>1.73</maximumDistance>
    </quality>
    <evaluationMode>manual</evaluationMode>
    <creationInfo>
      <agencyURI>smi:smi-registry/organization/EMSC</agencyURI>
      <authorURI>smi:smi-registry/organization/EMSC</authorURI>
    </creationInfo>
    <originUncertainty>
      <azimuthMaxHorizontalUncertainty>96</azimuthMaxHorizontalUncertainty>
    </originUncertainty>
  </origin>
  <magnitude publicID="quakeml:eu.emsc/event/20060321_0000048/origin/1217368/mag/2">
    <mag>
      <value>2.8</value>
    </mag>
    <type>MD</type>
    <originID>quakeml:eu.emsc/event/20060321_0000048/origin/1217368</originID>
    <creationInfo>
      <agencyURI>smi:smi-registry/organization/EMSC</agencyURI>
      <authorURI>smi:smi-registry/organization/EMSC</authorURI>
    </creationInfo>
  </magnitude>
</event>
<event publicID="quakeml:eu.emsc/event/20060321_0000034">
  <preferredOriginID>quakeml:eu.emsc/event/20060321_0000034/origin/1217372</preferredOriginID>
  <preferredMagnitudeID>quakeml:eu.emsc/event/20060321_0000034/origin/1217372/mag/1</preferredMagnitudeID>
  <creationInfo>
    <agencyURI>smi:smi-registry/organization/EMSC</agencyURI>
    <authorURI>smi:smi-registry/organization/EMSC</authorURI>
    <creationTime>2014-12-03T13:17:50.825116Z</creationTime>
  </creationInfo>
  <description>
    <text>NORTHERN ITALY</text>
    <type>Flinn-Engdahl region</type>
  </description>
  <origin publicID="quakeml:eu.emsc/event/20060321_0000034/origin/1217372">
    <time>
      <value>2006-03-21T13:11:42.7Z</value>
      <uncertainty>0.1</uncertainty>
    </time>
    <latitude>
      <value>44.3279</value>
      <uncertainty>2.6</uncertainty>
    </latitude>
    <longitude>
      <value>10.6616</value>
      <uncertainty>1.9</uncertainty>
    </longitude>
    <depth>
      <value>18000</value>
      <uncertainty>0.9</uncertainty>
    </depth>
    <depthType>from location</depthType>
    <methodID>smi:eu.emsc-csem/origin_method/NA</methodID>
    <quality>
      <usedPhaseCount>41</usedPhaseCount>
      <usedStationCount>29</usedStationCount>
      <standardError>0.67</standardError>
      <azimuthalGap>58</azimuthalGap>
      <minimumDistance>0.06</minimumDistance>
      <maximumDistance>3.16</maximumDistance>
    </quality>
    <evaluationMode>manual</evaluationMode>
    <creationInfo>
      <agencyURI>smi:smi-registry/organization/EMSC</agencyURI>
      <authorURI>smi:smi-registry/organization/EMSC</authorURI>
    </creationInfo>
    <originUncertainty>
      <azimuthMaxHorizontalUncertainty>15</azimuthMaxHorizontalUncertainty>
    </originUncertainty>
  </origin>
  <magnitude publicID="quakeml:eu.emsc/event/20060321_0000034/origin/1217372/mag/1">
    <mag>
      <value>2.8</value>
      <uncertainty>0.4</uncertainty>
    </mag>
    <type>ML</type>
    <originID>quakeml:eu.emsc/event/20060321_0000034/origin/1217372</originID>
    <stationCount>8</stationCount>
    <creationInfo>
      <agencyURI>smi:smi-registry/organization/EMSC</agencyURI>
      <authorURI>smi:smi-registry/organization/EMSC</authorURI>
    </creationInfo>
  </magnitude>
</event>
<event publicID="quakeml:eu.emsc/event/20060321_0000077">
  <preferredOriginID>quakeml:eu.emsc/event/20060321_0000077/origin/1202586</preferredOriginID>
  <preferredMagnitudeID>quakeml:eu.emsc/event/20060321_0000077/origin/1202586/mag/2</preferredMagnitudeID>
  <creationInfo>
    <agencyURI>smi:smi-registry/organization/EMSC</agencyURI>
    <authorURI>smi:smi-registry/organization/EMSC</authorURI>
    <creationTime>2014-12-10T17:33:13.6491Z</creationTime>
  </creationInfo>
  <description>
    <text>SPAIN</text>
    <type>Flinn-Engdahl region</type>
  </description>
  <origin publicID="quakeml:eu.emsc/event/20060321_0000077/origin/1202586">
    <time>
      <value>2006-03-21T12:59:32.6Z</value>
    </time>
    <latitude>
      <value>41.0648</value>
      <uncertainty>9999.9</uncertainty>
    </latitude>
    <longitude>
      <value>-0.623</value>
      <uncertainty>9999.9</uncertainty>
    </longitude>
    <depth>
      <value>0</value>
    </depth>
    <depthType>from location</depthType>
    <methodID>smi:eu.emsc-csem/origin_method/NA</methodID>
    <quality>
      <usedPhaseCount>16</usedPhaseCount>
      <usedStationCount>8</usedStationCount>
      <standardError>1.14</standardError>
      <azimuthalGap>179</azimuthalGap>
      <minimumDistance>0.67</minimumDistance>
      <maximumDistance>1.82</maximumDistance>
    </quality>
    <evaluationMode>manual</evaluationMode>
    <creationInfo>
      <agencyURI>smi:smi-registry/organization/EMSC</agencyURI>
      <authorURI>smi:smi-registry/organization/EMSC</authorURI>
    </creationInfo>
    <originUncertainty>
      <azimuthMaxHorizontalUncertainty>-99</azimuthMaxHorizontalUncertainty>
    </originUncertainty>
  </origin>
  <magnitude publicID="quakeml:eu.emsc/event/20060321_0000077/origin/1202586/mag/2">
    <mag>
      <value>1.5</value>
    </mag>
    <type>ML</type>
    <originID>quakeml:eu.emsc/event/20060321_0000077/origin/1202586</originID>
    <creationInfo>
      <agencyURI>smi:smi-registry/organization/EMSC</agencyURI>
      <authorURI>smi:smi-registry/organization/EMSC</authorURI>
    </creationInfo>
  </magnitude>
</event>
<event publicID="quakeml:eu.emsc/event/20060321_0000079">
  <preferredOriginID>quakeml:eu.emsc/event/20060321_0000079/origin/1202588</preferredOriginID>
  <preferredMagnitudeID>quakeml:eu.emsc/event/20060321_0000079/origin/1202588/mag/2</preferredMagnitudeID>
  <creationInfo>
    <agencyURI>smi:smi-registry/organization/EMSC</agencyURI>
    <authorURI>smi:smi-registry/organization/EMSC</authorURI>
    <creationTime>2014-12-10T17:33:13.11034Z</creationTime>
  </creationInfo>
  <description>
    <text>PYRENEES</text>
    <type>Flinn-Engdahl region</type>
  </description>
  <origin publicID="quakeml:eu.emsc/event/20060321_0000079/origin/1202588">
    <time>
      <value>2006-03-21T12:46:43.7Z</value>
    </time>
    <latitude>
      <value>42.6749</value>
      <uncertainty>9999.9</uncertainty>
    </latitude>
    <longitude>
      <value>-1.6864</value>
      <uncertainty>9999.9</uncertainty>
    </longitude>
    <depth>
      <value>0</value>
    </depth>
    <depthType>from location</depthType>
    <methodID>smi:eu.emsc-csem/origin_method/NA</methodID>
    <quality>
      <usedPhaseCount>30</usedPhaseCount>
      <usedStationCount>16</usedStationCount>
      <standardError>1</standardError>
      <azimuthalGap>106</azimuthalGap>
      <minimumDistance>0.13</minimumDistance>
      <maximumDistance>2.66</maximumDistance>
    </quality>
    <evaluationMode>manual</evaluationMode>
    <creationInfo>
      <agencyURI>smi:smi-registry/organization/EMSC</agencyURI>
      <authorURI>smi:smi-registry/organization/EMSC</authorURI>
    </creationInfo>
    <originUncertainty>
      <azimuthMaxHorizontalUncertainty>-99</azimuthMaxHorizontalUncertainty>
    </originUncertainty>
  </origin>
  <magnitude publicID="quakeml:eu.emsc/event/20060321_0000079/origin/1202588/mag/2">
    <mag>
      <value>1.5</value>
    </mag>
    <type>ML</type>
    <originID>quakeml:eu.emsc/event/20060321_0000079/origin/1202588</originID>
    <creationInfo>
      <agencyURI>smi:smi-registry/organization/EMSC</agencyURI>
      <authorURI>smi:smi-registry/organization/EMSC</authorURI>
    </creationInfo>
  </magnitude>
</event>
<event publicID="quakeml:eu.emsc/event/20060321_0000033">
  <preferredOriginID>quakeml:eu.emsc/event/20060321_0000033/origin/HU170</preferredOriginID>
  <preferredMagnitudeID>quakeml:eu.emsc/event/20060321_0000033/origin/HU170/mag/1</preferredMagnitudeID>
  <creationInfo>
    <agencyURI>smi:smi-registry/organization/EMSC</agencyURI>
    <authorURI>smi:smi-registry/organization/NEIC</authorURI>
    <creationTime>2014-12-01T14:51:34.997308Z</creationTime>
  </creationInfo>
  <description>
    <text>ANDAMAN ISLANDS, INDIA REGION</text>
    <type>Flinn-Engdahl region</type>
  </description>
  <origin publicID="quakeml:eu.emsc/event/20060321_0000033/origin/HU170">
    <time>
      <value>2006-03-21T12:45:05.6Z</value>
    </time>
    <latitude>
      <value>10.58</value>
    </latitude>
    <longitude>
      <value>94.71</value>
    </longitude>
    <depth>
      <value>22000.0</value>
    </depth>
    <depthType>from location</depthType>
    <methodID>smi:eu.emsc-csem/origin_method/GEIGER</methodID>
    <quality>
      <usedPhaseCount>19</usedPhaseCount>
      <usedStationCount>18</usedStationCount>
      <azimuthalGap>114</azimuthalGap>
      <minimumDistance>7.88</minimumDistance>
      <maximumDistance>92.70</maximumDistance>
    </quality>
    <evaluationMode>manual</evaluationMode>
    <creationInfo>
      <agencyURI>smi:smi-registry/organization/EMSC</agencyURI>
      <authorURI>smi:smi-registry/organization/NEIC</authorURI>
    </creationInfo>
  </origin>
  <magnitude publicID="quakeml:eu.emsc/event/20060321_0000033/origin/HU170/mag/1">
    <mag>
      <value>4.7</value>
    </mag>
    <type>m</type>
    <originID>quakeml:eu.emsc/event/20060321_0000033/origin/HU170</originID>
    <creationInfo>
      <agencyURI>smi:smi-registry/organization/EMSC</agencyURI>
      <authorURI>smi:smi-registry/organization/NEIC</authorURI>
    </creationInfo>
  </magnitude>
</event>
<event publicID="quakeml:eu.emsc/event/20060321_0000070">
  <preferredOriginID>quakeml:eu.emsc/event/20060321_0000070/origin/1202590</preferredOriginID>
  <preferredMagnitudeID>quakeml:eu.emsc/event/20060321_0000070/origin/1202590/mag/2</preferredMagnitudeID>
  <creationInfo>
    <agencyURI>smi:smi-registry/organization/EMSC</agencyURI>
    <authorURI>smi:smi-registry/organization/EMSC</authorURI>
    <creationTime>2014-12-10T17:33:12.519571Z</creationTime>
  </creationInfo>
  <description>
    <text>SPAIN</text>
    <type>Flinn-Engdahl region</type>
  </description>
  <origin publicID="quakeml:eu.emsc/event/20060321_0000070/origin/1202590">
    <time>
      <value>2006-03-21T12:00:44.1Z</value>
    </time>
    <latitude>
      <value>42.7913</value>
      <uncertainty>9999.9</uncertainty>
    </latitude>
    <longitude>
      <value>-2.8864</value>
      <uncertainty>9999.9</uncertainty>
    </longitude>
    <depth>
      <value>0</value>
    </depth>
    <depthType>from location</depthType>
    <methodID>smi:eu.emsc-csem/origin_method/NA</methodID>
    <quality>
      <usedPhaseCount>17</usedPhaseCount>
      <usedStationCount>9</usedStationCount>
      <standardError>1.17</standardError>
      <azimuthalGap>164</azimuthalGap>
      <minimumDistance>0.33</minimumDistance>
      <maximumDistance>2.09</maximumDistance>
    </quality>
    <evaluationMode>manual</evaluationMode>
    <creationInfo>
      <agencyURI>smi:smi-registry/organization/EMSC</agencyURI>
      <authorURI>smi:smi-registry/organization/EMSC</authorURI>
    </creationInfo>
    <originUncertainty>
      <azimuthMaxHorizontalUncertainty>-99</azimuthMaxHorizontalUncertainty>
    </originUncertainty>
  </origin>
  <magnitude publicID="quakeml:eu.emsc/event/20060321_0000070/origin/1202590/mag/2">
    <mag>
      <value>1.1</value>
    </mag>
    <type>ML</type>
    <originID>quakeml:eu.emsc/event/20060321_0000070/origin/1202590</originID>
    <creationInfo>
      <agencyURI>smi:smi-registry/organization/EMSC</agencyURI>
      <authorURI>smi:smi-registry/organization/EMSC</authorURI>
    </creationInfo>
  </magnitude>
</event>
<event publicID="quakeml:eu.emsc/event/20060321_0000032">
  <preferredOriginID>quakeml:eu.emsc/event/20060321_0000032/origin/HU731</preferredOriginID>
  <preferredMagnitudeID>quakeml:eu.emsc/event/20060321_0000032/origin/HU731/mag/1</preferredMagnitudeID>
  <creationInfo>
    <agencyURI>smi:smi-registry/organization/EMSC</agencyURI>
    <authorURI>smi:smi-registry/organization/GFU</authorURI>
    <creationTime>2014-12-01T15:17:33.959317Z</creationTime>
  </creationInfo>
  <description>
    <text>CZECH REPUBLIC</text>
    <type>Flinn-Engdahl region</type>
  </description>
  <origin publicID="quakeml:eu.emsc/event/20060321_0000032/origin/HU731">
    <time>
      <value>2006-03-21T12:00:04.5Z</value>
    </time>
    <latitude>
      <value>50.22</value>
    </latitude>
    <longitude>
      <value>12.63</value>
    </longitude>
    <depth>
      <value>10000.0</value>
    </depth>
    <depthType>from location</depthType>
    <methodID>smi:eu.emsc-csem/origin_method/GEIGER</methodID>
    <quality>
      <usedPhaseCount>7</usedPhaseCount>
      <usedStationCount>7</usedStationCount>
      <azimuthalGap>88</azimuthalGap>
      <minimumDistance>0.12</minimumDistance>
      <maximumDistance>1.25</maximumDistance>
    </quality>
    <evaluationMode>automatic</evaluationMode>
    <creationInfo>
      <agencyURI>smi:smi-registry/organization/EMSC</agencyURI>
      <authorURI>smi:smi-registry/organization/GFU</authorURI>
    </creationInfo>
  </origin>
  <magnitude publicID="quakeml:eu.emsc/event/20060321_0000032/origin/HU731/mag/1">
    <mag>
      <value>2.1</value>
    </mag>
    <type>ml</type>
    <originID>quakeml:eu.emsc/event/20060321_0000032/origin/HU731</originID>
    <creationInfo>
      <agencyURI>smi:smi-registry/organization/EMSC</agencyURI>
      <authorURI>smi:smi-registry/organization/GFU</authorURI>
    </creationInfo>
  </magnitude>
</event>
<event publicID="quakeml:eu.emsc/event/20060321_0000031">
  <preferredOriginID>quakeml:eu.emsc/event/20060321_0000031/origin/1217375</preferredOriginID>
  <preferredMagnitudeID>quakeml:eu.emsc/event/20060321_0000031/origin/1217375/mag/2</preferredMagnitudeID>
  <creationInfo>
    <agencyURI>smi:smi-registry/organization/EMSC</agencyURI>
    <authorURI>smi:smi-registry/organization/EMSC</authorURI>
    <creationTime>2014-12-03T12:52:14.606822Z</creationTime>
  </creationInfo>
  <description>
    <text>EASTERN TURKEY</text>
    <type>Flinn-Engdahl region</type>
  </description>
  <origin publicID="quakeml:eu.emsc/event/20060321_0000031/origin/1217375">
    <time>
      <value>2006-03-21T11:29:05.6Z</value>
      <uncertainty>0.18</uncertainty>
    </time>
    <latitude>
      <value>39.7755</value>
      <uncertainty>5.3</uncertainty>
    </latitude>
    <longitude>
      <value>41.7774</value>
      <uncertainty>4.7</uncertainty>
    </longitude>
    <depth>
      <value>2000</value>
    </depth>
    <depthType>from location</depthType>
    <methodID>smi:eu.emsc-csem/origin_method/NA</methodID>
    <quality>
      <usedPhaseCount>43</usedPhaseCount>
      <usedStationCount>33</usedStationCount>
      <standardError>1.12</standardError>
      <azimuthalGap>38</azimuthalGap>
      <minimumDistance>0.34</minimumDistance>
      <maximumDistance>76.32</maximumDistance>
    </quality>
    <evaluationMode>manual</evaluationMode>
    <creationInfo>
      <agencyURI>smi:smi-registry/organization/EMSC</agencyURI>
      <authorURI>smi:smi-registry/organization/EMSC</authorURI>
    </creationInfo>
    <originUncertainty>
      <azimuthMaxHorizontalUncertainty>139</azimuthMaxHorizontalUncertainty>
    </originUncertainty>
  </origin>
  <magnitude publicID="quakeml:eu.emsc/event/20060321_0000031/origin/1217375/mag/2">
    <mag>
      <value>3.8</value>
    </mag>
    <type>MD</type>
    <originID>quakeml:eu.emsc/event/20060321_0000031/origin/1217375</originID>
    <creationInfo>
      <agencyURI>smi:smi-registry/organization/EMSC</agencyURI>
      <authorURI>smi:smi-registry/organization/EMSC</authorURI>
    </creationInfo>
  </magnitude>
</event>
<event publicID="quakeml:eu.emsc/event/20060321_0000076">
  <preferredOriginID>quakeml:eu.emsc/event/20060321_0000076/origin/1202592</preferredOriginID>
  <preferredMagnitudeID>quakeml:eu.emsc/event/20060321_0000076/origin/1202592/mag/2</preferredMagnitudeID>
  <creationInfo>
    <agencyURI>smi:smi-registry/organization/EMSC</agencyURI>
    <authorURI>smi:smi-registry/organization/EMSC</authorURI>
    <creationTime>2014-12-10T17:33:11.976209Z</creationTime>
  </creationInfo>
  <description>
    <text>SPAIN</text>
    <type>Flinn-Engdahl region</type>
  </description>
  <origin publicID="quakeml:eu.emsc/event/20060321_0000076/origin/1202592">
    <time>
      <value>2006-03-21T10:32:52.3Z</value>
    </time>
    <latitude>
      <value>41.5731</value>
      <uncertainty>9999.9</uncertainty>
    </latitude>
    <longitude>
      <value>1.6839</value>
      <uncertainty>9999.9</uncertainty>
    </longitude>
    <depth>
      <value>0</value>
    </depth>
    <depthType>from location</depthType>
    <methodID>smi:eu.emsc-csem/origin_method/NA</methodID>
    <quality>
      <usedPhaseCount>10</usedPhaseCount>
      <usedStationCount>5</usedStationCount>
      <standardError>1.04</standardError>
      <azimuthalGap>258</azimuthalGap>
      <minimumDistance>0.36</minimumDistance>
      <maximumDistance>1.6</maximumDistance>
    </quality>
    <evaluationMode>manual</evaluationMode>
    <creationInfo>
      <agencyURI>smi:smi-registry/organization/EMSC</agencyURI>
      <authorURI>smi:smi-registry/organization/EMSC</authorURI>
    </creationInfo>
    <originUncertainty>
      <azimuthMaxHorizontalUncertainty>-99</azimuthMaxHorizontalUncertainty>
    </originUncertainty>
  </origin>
  <magnitude publicID="quakeml:eu.emsc/event/20060321_0000076/origin/1202592/mag/2">
    <mag>
      <value>1.2</value>
    </mag>
    <type>ML</type>
    <originID>quakeml:eu.emsc/event/20060321_0000076/origin/1202592</originID>
    <creationInfo>
      <agencyURI>smi:smi-registry/organization/EMSC</agencyURI>
      <authorURI>smi:smi-registry/organization/EMSC</authorURI>
    </creationInfo>
  </magnitude>
</event>
<event publicID="quakeml:eu.emsc/event/20060321_0000030">
  <preferredOriginID>quakeml:eu.emsc/event/20060321_0000030/origin/1217379</preferredOriginID>
  <preferredMagnitudeID>quakeml:eu.emsc/event/20060321_0000030/origin/1217379/mag/2</preferredMagnitudeID>
  <creationInfo>
    <agencyURI>smi:smi-registry/organization/EMSC</agencyURI>
    <authorURI>smi:smi-registry/organization/EMSC</authorURI>
    <creationTime>2014-12-03T14:18:34.181131Z</creationTime>
  </creationInfo>
  <description>
    <text>DODECANESE ISLANDS, GREECE</text>
    <type>Flinn-Engdahl region</type>
  </description>
  <origin publicID="quakeml:eu.emsc/event/20060321_0000030/origin/1217379">
    <time>
      <value>2006-03-21T10:16:43.9Z</value>
      <uncertainty>0.11</uncertainty>
    </time>
    <latitude>
      <value>36.8883</value>
      <uncertainty>3.6</uncertainty>
    </latitude>
    <longitude>
      <value>27.8346</value>
      <uncertainty>2.5</uncertainty>
    </longitude>
    <depth>
      <value>12000</value>
    </depth>
    <depthType>from location</depthType>
    <methodID>smi:eu.emsc-csem/origin_method/NA</methodID>
    <quality>
      <usedPhaseCount>55</usedPhaseCount>
      <usedStationCount>51</usedStationCount>
      <standardError>0.77</standardError>
      <azimuthalGap>85</azimuthalGap>
      <minimumDistance>0.26</minimumDistance>
      <maximumDistance>20.67</maximumDistance>
    </quality>
    <evaluationMode>manual</evaluationMode>
    <creationInfo>
      <agencyURI>smi:smi-registry/organization/EMSC</agencyURI>
      <authorURI>smi:smi-registry/organization/EMSC</authorURI>
    </creationInfo>
    <originUncertainty>
      <azimuthMaxHorizontalUncertainty>79</azimuthMaxHorizontalUncertainty>
    </originUncertainty>
  </origin>
  <magnitude publicID="quakeml:eu.emsc/event/20060321_0000030/origin/1217379/mag/2">
    <mag>
      <value>3.7</value>
    </mag>
    <type>MD</type>
    <originID>quakeml:eu.emsc/event/20060321_0000030/origin/1217379</originID>
    <creationInfo>
      <agencyURI>smi:smi-registry/organization/EMSC</agencyURI>
      <authorURI>smi:smi-registry/organization/EMSC</authorURI>
    </creationInfo>
  </magnitude>
</event>
<event publicID="quakeml:eu.emsc/event/20060321_0000029">
  <preferredOriginID>quakeml:eu.emsc/event/20060321_0000029/origin/HU664</preferredOriginID>
  <preferredMagnitudeID>quakeml:eu.emsc/event/20060321_0000029/origin/HU664/mag/1</preferredMagnitudeID>
  <creationInfo>
    <agencyURI>smi:smi-registry/organization/EMSC</agencyURI>
    <authorURI>smi:smi-registry/organization/EMSC</authorURI>
    <creationTime>2014-12-01T13:46:42.781032Z</creationTime>
  </creationInfo>
  <description>
    <text>ANDAMAN ISLANDS, INDIA REGION</text>
    <type>Flinn-Engdahl region</type>
  </description>
  <origin publicID="quakeml:eu.emsc/event/20060321_0000029/origin/HU664">
    <time>
      <value>2006-03-21T09:30:03.3Z</value>
      <uncertainty>0.26</uncertainty>
    </time>
    <latitude>
      <value>10.75</value>
    </latitude>
    <longitude>
      <value>94.6</value>
    </longitude>
    <depth>
      <value>40000.0</value>
    </depth>
    <depthType>from location</depthType>
    <methodID>smi:eu.emsc-csem/origin_method/NA</methodID>
    <quality>
      <usedPhaseCount>22</usedPhaseCount>
      <usedStationCount>21</usedStationCount>
      <standardError>1.20</standardError>
      <azimuthalGap>67</azimuthalGap>
      <minimumDistance>8.08</minimumDistance>
      <maximumDistance>147.38</maximumDistance>
    </quality>
    <evaluationMode>automatic</evaluationMode>
    <creationInfo>
      <agencyURI>smi:smi-registry/organization/EMSC</agencyURI>
      <authorURI>smi:smi-registry/organization/EMSC</authorURI>
    </creationInfo>
  </origin>
  <magnitude publicID="quakeml:eu.emsc/event/20060321_0000029/origin/HU664/mag/1">
    <mag>
      <value>4.4</value>
      <uncertainty>0.3</uncertainty>
    </mag>
    <type>mb</type>
    <originID>quakeml:eu.emsc/event/20060321_0000029/origin/HU664</originID>
    <creationInfo>
      <agencyURI>smi:smi-registry/organization/EMSC</agencyURI>
      <authorURI>smi:smi-registry/organization/EMSC</authorURI>
    </creationInfo>
  </magnitude>
</event>
<event publicID="quakeml:eu.emsc/event/20060321_0000050">
  <preferredOriginID>quakeml:eu.emsc/event/20060321_0000050/origin/1202594</preferredOriginID>
  <preferredMagnitudeID>quakeml:eu.emsc/event/20060321_0000050/origin/1202594/mag/2</preferredMagnitudeID>
  <creationInfo>
    <agencyURI>smi:smi-registry/organization/EMSC</agencyURI>
    <authorURI>smi:smi-registry/organization/EMSC</authorURI>
    <creationTime>2014-12-10T17:33:11.497857Z</creationTime>
  </creationInfo>
  <description>
    <text>FRANCE</text>
    <type>Flinn-Engdahl region</type>
  </description>
  <origin publicID="quakeml:eu.emsc/event/20060321_0000050/origin/1202594">
    <time>
      <value>2006-03-21T08:09:37.4Z</value>
    </time>
    <latitude>
      <value>46.003</value>
      <uncertainty>9999.9</uncertainty>
    </latitude>
    <longitude>
      <value>6.753</value>
      <uncertainty>9999.9</uncertainty>
    </longitude>
    <depth>
      <value>2000</value>
    </depth>
    <depthType>from location</depthType>
    <methodID>smi:eu.emsc-csem/origin_method/NA</methodID>
    <quality>
      <usedPhaseCount>8</usedPhaseCount>
      <usedStationCount>4</usedStationCount>
      <standardError>1.16</standardError>
      <azimuthalGap>216</azimuthalGap>
      <minimumDistance>0.49</minimumDistance>
      <maximumDistance>1.28</maximumDistance>
    </quality>
    <evaluationMode>manual</evaluationMode>
    <creationInfo>
      <agencyURI>smi:smi-registry/organization/EMSC</agencyURI>
      <authorURI>smi:smi-registry/organization/EMSC</authorURI>
    </creationInfo>
    <originUncertainty>
      <azimuthMaxHorizontalUncertainty>-99</azimuthMaxHorizontalUncertainty>
    </originUncertainty>
  </origin>
  <magnitude publicID="quakeml:eu.emsc/event/20060321_0000050/origin/1202594/mag/2">
    <mag>
      <value>1.7</value>
    </mag>
    <type>ML</type>
    <originID>quakeml:eu.emsc/event/20060321_0000050/origin/1202594</originID>
    <stationCount>1</stationCount>
    <creationInfo>
      <agencyURI>smi:smi-registry/organization/EMSC</agencyURI>
      <authorURI>smi:smi-registry/organization/EMSC</authorURI>
    </creationInfo>
  </magnitude>
</event>
<event publicID="quakeml:eu.emsc/event/20060321_0000058">
  <preferredOriginID>quakeml:eu.emsc/event/20060321_0000058/origin/1202596</preferredOriginID>
  <preferredMagnitudeID>quakeml:eu.emsc/event/20060321_0000058/origin/1202596/mag/2</preferredMagnitudeID>
  <creationInfo>
    <agencyURI>smi:smi-registry/organization/EMSC</agencyURI>
    <authorURI>smi:smi-registry/organization/EMSC</authorURI>
    <creationTime>2014-12-11T21:18:02.88777Z</creationTime>
  </creationInfo>
  <description>
    <text>GREECE</text>
    <type>Flinn-Engdahl region</type>
  </description>
  <origin publicID="quakeml:eu.emsc/event/20060321_0000058/origin/1202596">
    <time>
      <value>2006-03-21T07:43:18.1Z</value>
    </time>
    <latitude>
      <value>38.12</value>
      <uncertainty>9999.9</uncertainty>
    </latitude>
    <longitude>
      <value>21.85</value>
      <uncertainty>9999.9</uncertainty>
    </longitude>
    <depth>
      <value>13000</value>
    </depth>
    <depthType>from location</depthType>
    <methodID>smi:eu.emsc-csem/origin_method/NA</methodID>
    <quality>
      <usedPhaseCount>8</usedPhaseCount>
      <usedStationCount>5</usedStationCount>
      <standardError>1.35</standardError>
      <azimuthalGap>150</azimuthalGap>
      <minimumDistance>0.31</minimumDistance>
      <maximumDistance>1.65</maximumDistance>
    </quality>
    <evaluationMode>manual</evaluationMode>
    <creationInfo>
      <agencyURI>smi:smi-registry/organization/EMSC</agencyURI>
      <authorURI>smi:smi-registry/organization/EMSC</authorURI>
    </creationInfo>
    <originUncertainty>
      <azimuthMaxHorizontalUncertainty>-99</azimuthMaxHorizontalUncertainty>
    </originUncertainty>
  </origin>
  <magnitude publicID="quakeml:eu.emsc/event/20060321_0000058/origin/1202596/mag/2">
    <mag>
      <value>3</value>
    </mag>
    <type>MD</type>
    <originID>quakeml:eu.emsc/event/20060321_0000058/origin/1202596</originID>
    <creationInfo>
      <agencyURI>smi:smi-registry/organization/EMSC</agencyURI>
      <authorURI>smi:smi-registry/organization/EMSC</authorURI>
    </creationInfo>
  </magnitude>
</event>
<event publicID="quakeml:eu.emsc/event/20060321_0000063">
  <preferredOriginID>quakeml:eu.emsc/event/20060321_0000063/origin/1217381</preferredOriginID>
  <preferredMagnitudeID>quakeml:eu.emsc/event/20060321_0000063/origin/1217381/mag/2</preferredMagnitudeID>
  <creationInfo>
    <agencyURI>smi:smi-registry/organization/EMSC</agencyURI>
    <authorURI>smi:smi-registry/organization/EMSC</authorURI>
    <creationTime>2014-12-03T11:15:46.147967Z</creationTime>
  </creationInfo>
  <description>
    <text>TURKEY-IRAN BORDER REGION</text>
    <type>Flinn-Engdahl region</type>
  </description>
  <origin publicID="quakeml:eu.emsc/event/20060321_0000063/origin/1217381">
    <time>
      <value>2006-03-21T07:25:14.4Z</value>
      <uncertainty>0.4</uncertainty>
    </time>
    <latitude>
      <value>38.9117</value>
      <uncertainty>10.6</uncertainty>
    </latitude>
    <longitude>
      <value>44.5134</value>
      <uncertainty>6.9</uncertainty>
    </longitude>
    <depth>
      <value>2000</value>
    </depth>
    <depthType>from location</depthType>
    <methodID>smi:eu.emsc-csem/origin_method/NA</methodID>
    <quality>
      <usedPhaseCount>8</usedPhaseCount>
      <usedStationCount>5</usedStationCount>
      <standardError>0.86</standardError>
      <azimuthalGap>195</azimuthalGap>
      <minimumDistance>0.52</minimumDistance>
      <maximumDistance>1.81</maximumDistance>
    </quality>
    <evaluationMode>manual</evaluationMode>
    <creationInfo>
      <agencyURI>smi:smi-registry/organization/EMSC</agencyURI>
      <authorURI>smi:smi-registry/organization/EMSC</authorURI>
    </creationInfo>
    <originUncertainty>
      <azimuthMaxHorizontalUncertainty>97</azimuthMaxHorizontalUncertainty>
    </originUncertainty>
  </origin>
  <magnitude publicID="quakeml:eu.emsc/event/20060321_0000063/origin/1217381/mag/2">
    <mag>
      <value>3.4</value>
    </mag>
    <type>MD</type>
    <originID>quakeml:eu.emsc/event/20060321_0000063/origin/1217381</originID>
    <creationInfo>
      <agencyURI>smi:smi-registry/organization/EMSC</agencyURI>
      <authorURI>smi:smi-registry/organization/EMSC</authorURI>
    </creationInfo>
  </magnitude>
</event>
<event publicID="quakeml:eu.emsc/event/20060321_0000028">
  <preferredOriginID>quakeml:eu.emsc/event/20060321_0000028/origin/HU679</preferredOriginID>
  <preferredMagnitudeID>quakeml:eu.emsc/event/20060321_0000028/origin/HU679/mag/1</preferredMagnitudeID>
  <creationInfo>
    <agencyURI>smi:smi-registry/organization/EMSC</agencyURI>
    <authorURI>smi:smi-registry/organization/EMSC</authorURI>
    <creationTime>2014-12-01T12:16:23.839519Z</creationTime>
  </creationInfo>
  <description>
    <text>PAKISTAN</text>
    <type>Flinn-Engdahl region</type>
  </description>
  <origin publicID="quakeml:eu.emsc/event/20060321_0000028/origin/HU679">
    <time>
      <value>2006-03-21T07:08:16.4Z</value>
      <uncertainty>0.29</uncertainty>
    </time>
    <latitude>
      <value>29.57</value>
    </latitude>
    <longitude>
      <value>68.39</value>
    </longitude>
    <depth>
      <value>30000.0</value>
    </depth>
    <depthType>from location</depthType>
    <methodID>smi:eu.emsc-csem/origin_method/NA</methodID>
    <quality>
      <usedPhaseCount>79</usedPhaseCount>
      <usedStationCount>79</usedStationCount>
      <standardError>1.05</standardError>
      <azimuthalGap>110</azimuthalGap>
      <minimumDistance>13.62</minimumDistance>
      <maximumDistance>144.91</maximumDistance>
    </quality>
    <evaluationMode>automatic</evaluationMode>
    <creationInfo>
      <agencyURI>smi:smi-registry/organization/EMSC</agencyURI>
      <authorURI>smi:smi-registry/organization/EMSC</authorURI>
    </creationInfo>
  </origin>
  <magnitude publicID="quakeml:eu.emsc/event/20060321_0000028/origin/HU679/mag/1">
    <mag>
      <value>4.9</value>
      <uncertainty>0.4</uncertainty>
    </mag>
    <type>mb</type>
    <originID>quakeml:eu.emsc/event/20060321_0000028/origin/HU679</originID>
    <creationInfo>
      <agencyURI>smi:smi-registry/organization/EMSC</agencyURI>
      <authorURI>smi:smi-registry/organization/EMSC</authorURI>
    </creationInfo>
  </magnitude>
</event>
<event publicID="quakeml:eu.emsc/event/20060321_0000027">
  <preferredOriginID>quakeml:eu.emsc/event/20060321_0000027/origin/HU682</preferredOriginID>
  <preferredMagnitudeID>quakeml:eu.emsc/event/20060321_0000027/origin/HU682/mag/1</preferredMagnitudeID>
  <creationInfo>
    <agencyURI>smi:smi-registry/organization/EMSC</agencyURI>
    <authorURI>smi:smi-registry/organization/EMSC</authorURI>
    <creationTime>2014-12-01T14:25:25.237623Z</creationTime>
  </creationInfo>
  <description>
    <text>PAKISTAN</text>
    <type>Flinn-Engdahl region</type>
  </description>
  <origin publicID="quakeml:eu.emsc/event/20060321_0000027/origin/HU682">
    <time>
      <value>2006-03-21T06:52:05.8Z</value>
      <uncertainty>0.22</uncertainty>
    </time>
    <latitude>
      <value>29.44</value>
    </latitude>
    <longitude>
      <value>68.28</value>
    </longitude>
    <depth>
      <value>33000.0</value>
    </depth>
    <depthType>from location</depthType>
    <methodID>smi:eu.emsc-csem/origin_method/NA</methodID>
    <quality>
      <usedPhaseCount>140</usedPhaseCount>
      <usedStationCount>139</usedStationCount>
      <standardError>1.12</standardError>
      <azimuthalGap>104</azimuthalGap>
      <minimumDistance>20.47</minimumDistance>
      <maximumDistance>144.77</maximumDistance>
    </quality>
    <evaluationMode>automatic</evaluationMode>
    <creationInfo>
      <agencyURI>smi:smi-registry/organization/EMSC</agencyURI>
      <authorURI>smi:smi-registry/organization/EMSC</authorURI>
    </creationInfo>
  </origin>
  <magnitude publicID="quakeml:eu.emsc/event/20060321_0000027/origin/HU682/mag/1">
    <mag>
      <value>5.0</value>
      <uncertainty>0.3</uncertainty>
    </mag>
    <type>mb</type>
    <originID>quakeml:eu.emsc/event/20060321_0000027/origin/HU682</originID>
    <creationInfo>
      <agencyURI>smi:smi-registry/organization/EMSC</agencyURI>
      <authorURI>smi:smi-registry/organization/EMSC</authorURI>
    </creationInfo>
  </magnitude>
</event>
<event publicID="quakeml:eu.emsc/event/20060321_0000026">
  <preferredOriginID>quakeml:eu.emsc/event/20060321_0000026/origin/1217384</preferredOriginID>
  <preferredMagnitudeID>quakeml:eu.emsc/event/20060321_0000026/origin/1217384/mag/2</preferredMagnitudeID>
  <creationInfo>
    <agencyURI>smi:smi-registry/organization/EMSC</agencyURI>
    <authorURI>smi:smi-registry/organization/EMSC</authorURI>
    <creationTime>2014-12-03T13:12:39.136354Z</creationTime>
  </creationInfo>
  <description>
    <text>DODECANESE ISLANDS, GREECE</text>
    <type>Flinn-Engdahl region</type>
  </description>
  <origin publicID="quakeml:eu.emsc/event/20060321_0000026/origin/1217384">
    <time>
      <value>2006-03-21T06:39:19.2Z</value>
      <uncertainty>0.29</uncertainty>
    </time>
    <latitude>
      <value>36.9089</value>
      <uncertainty>7.3</uncertainty>
    </latitude>
    <longitude>
      <value>27.8102</value>
      <uncertainty>4.9</uncertainty>
    </longitude>
    <depth>
      <value>13500.0</value>
      <uncertainty>3</uncertainty>
    </depth>
    <depthType>from location</depthType>
    <methodID>smi:eu.emsc-csem/origin_method/NA</methodID>
    <quality>
      <usedPhaseCount>18</usedPhaseCount>
      <usedStationCount>11</usedStationCount>
      <standardError>1.1</standardError>
      <azimuthalGap>100</azimuthalGap>
      <minimumDistance>0.26</minimumDistance>
      <maximumDistance>1.97</maximumDistance>
    </quality>
    <evaluationMode>manual</evaluationMode>
    <creationInfo>
      <agencyURI>smi:smi-registry/organization/EMSC</agencyURI>
      <authorURI>smi:smi-registry/organization/EMSC</authorURI>
    </creationInfo>
    <originUncertainty>
      <azimuthMaxHorizontalUncertainty>115</azimuthMaxHorizontalUncertainty>
    </originUncertainty>
  </origin>
  <magnitude publicID="quakeml:eu.emsc/event/20060321_0000026/origin/1217384/mag/2">
    <mag>
      <value>2.9</value>
    </mag>
    <type>MD</type>
    <originID>quakeml:eu.emsc/event/20060321_0000026/origin/1217384</originID>
    <creationInfo>
      <agencyURI>smi:smi-registry/organization/EMSC</agencyURI>
      <authorURI>smi:smi-registry/organization/EMSC</authorURI>
    </creationInfo>
  </magnitude>
</event>
<event publicID="quakeml:eu.emsc/event/20060321_0000049">
  <preferredOriginID>quakeml:eu.emsc/event/20060321_0000049/origin/1217386</preferredOriginID>
  <preferredMagnitudeID>quakeml:eu.emsc/event/20060321_0000049/origin/1217386/mag/2</preferredMagnitudeID>
  <creationInfo>
    <agencyURI>smi:smi-registry/organization/EMSC</agencyURI>
    <authorURI>smi:smi-registry/organization/EMSC</authorURI>
    <creationTime>2014-12-03T11:17:39.162316Z</creationTime>
  </creationInfo>
  <description>
    <text>WESTERN TURKEY</text>
    <type>Flinn-Engdahl region</type>
  </description>
  <origin publicID="quakeml:eu.emsc/event/20060321_0000049/origin/1217386">
    <time>
      <value>2006-03-21T06:07:44.6Z</value>
      <uncertainty>0.43</uncertainty>
    </time>
    <latitude>
      <value>38.1099</value>
      <uncertainty>18.3</uncertainty>
    </latitude>
    <longitude>
      <value>27.0884</value>
      <uncertainty>7.8</uncertainty>
    </longitude>
    <depth>
      <value>60000</value>
    </depth>
    <depthType>from location</depthType>
    <methodID>smi:eu.emsc-csem/origin_method/NA</methodID>
    <quality>
      <usedPhaseCount>10</usedPhaseCount>
      <usedStationCount>5</usedStationCount>
      <standardError>0.94</standardError>
      <azimuthalGap>180</azimuthalGap>
      <minimumDistance>0.32</minimumDistance>
      <maximumDistance>1.62</maximumDistance>
    </quality>
    <evaluationMode>manual</evaluationMode>
    <creationInfo>
      <agencyURI>smi:smi-registry/organization/EMSC</agencyURI>
      <authorURI>smi:smi-registry/organization/EMSC</authorURI>
    </creationInfo>
    <originUncertainty>
      <azimuthMaxHorizontalUncertainty>102</azimuthMaxHorizontalUncertainty>
    </originUncertainty>
  </origin>
  <magnitude publicID="quakeml:eu.emsc/event/20060321_0000049/origin/1217386/mag/2">
    <mag>
      <value>3</value>
    </mag>
    <type>MD</type>
    <originID>quakeml:eu.emsc/event/20060321_0000049/origin/1217386</originID>
    <creationInfo>
      <agencyURI>smi:smi-registry/organization/EMSC</agencyURI>
      <authorURI>smi:smi-registry/organization/EMSC</authorURI>
    </creationInfo>
  </magnitude>
</event>
<event publicID="quakeml:eu.emsc/event/20060321_0000053">
  <preferredOriginID>quakeml:eu.emsc/event/20060321_0000053/origin/1202598</preferredOriginID>
  <preferredMagnitudeID>quakeml:eu.emsc/event/20060321_0000053/origin/1202598/mag/2</preferredMagnitudeID>
  <creationInfo>
    <agencyURI>smi:smi-registry/organization/EMSC</agencyURI>
    <authorURI>smi:smi-registry/organization/EMSC</authorURI>
    <creationTime>2014-12-11T21:17:52.434552Z</creationTime>
  </creationInfo>
  <description>
    <text>AZORES ISLANDS, PORTUGAL</text>
    <type>Flinn-Engdahl region</type>
  </description>
  <origin publicID="quakeml:eu.emsc/event/20060321_0000053/origin/1202598">
    <time>
      <value>2006-03-21T03:44:21.1Z</value>
    </time>
    <latitude>
      <value>38.606</value>
      <uncertainty>9999.9</uncertainty>
    </latitude>
    <longitude>
      <value>-28.488</value>
      <uncertainty>9999.9</uncertainty>
    </longitude>
    <depth>
      <value>7000</value>
    </depth>
    <depthType>from location</depthType>
    <methodID>smi:eu.emsc-csem/origin_method/NA</methodID>
    <quality>
      <usedPhaseCount>26</usedPhaseCount>
      <usedStationCount>19</usedStationCount>
      <standardError>18.23</standardError>
      <azimuthalGap>141</azimuthalGap>
      <minimumDistance>0.12</minimumDistance>
      <maximumDistance>3.11</maximumDistance>
    </quality>
    <evaluationMode>manual</evaluationMode>
    <creationInfo>
      <agencyURI>smi:smi-registry/organization/EMSC</agencyURI>
      <authorURI>smi:smi-registry/organization/EMSC</authorURI>
    </creationInfo>
    <originUncertainty>
      <azimuthMaxHorizontalUncertainty>-99</azimuthMaxHorizontalUncertainty>
    </originUncertainty>
  </origin>
  <magnitude publicID="quakeml:eu.emsc/event/20060321_0000053/origin/1202598/mag/2">
    <mag>
      <value>2.4</value>
    </mag>
    <type>ML</type>
    <originID>quakeml:eu.emsc/event/20060321_0000053/origin/1202598</originID>
    <creationInfo>
      <agencyURI>smi:smi-registry/organization/EMSC</agencyURI>
      <authorURI>smi:smi-registry/organization/EMSC</authorURI>
    </creationInfo>
  </magnitude>
</event>
<event publicID="quakeml:eu.emsc/event/20060321_0000057">
  <preferredOriginID>quakeml:eu.emsc/event/20060321_0000057/origin/1217389</preferredOriginID>
  <preferredMagnitudeID>quakeml:eu.emsc/event/20060321_0000057/origin/1217389/mag/1</preferredMagnitudeID>
  <creationInfo>
    <agencyURI>smi:smi-registry/organization/EMSC</agencyURI>
    <authorURI>smi:smi-registry/organization/EMSC</authorURI>
    <creationTime>2014-12-03T10:36:57.74171Z</creationTime>
  </creationInfo>
  <description>
    <text>WESTERN MEDITERRANEAN SEA</text>
    <type>Flinn-Engdahl region</type>
  </description>
  <origin publicID="quakeml:eu.emsc/event/20060321_0000057/origin/1217389">
    <time>
      <value>2006-03-21T02:26:48.9Z</value>
      <uncertainty>0.73</uncertainty>
    </time>
    <latitude>
      <value>37.0744</value>
      <uncertainty>15</uncertainty>
    </latitude>
    <longitude>
      <value>5.4585</value>
      <uncertainty>9.2</uncertainty>
    </longitude>
    <depth>
      <value>25000</value>
    </depth>
    <depthType>from location</depthType>
    <methodID>smi:eu.emsc-csem/origin_method/NA</methodID>
    <quality>
      <usedPhaseCount>20</usedPhaseCount>
      <usedStationCount>12</usedStationCount>
      <standardError>0.84</standardError>
      <azimuthalGap>262</azimuthalGap>
      <minimumDistance>3.4</minimumDistance>
      <maximumDistance>7.13</maximumDistance>
    </quality>
    <evaluationMode>manual</evaluationMode>
    <creationInfo>
      <agencyURI>smi:smi-registry/organization/EMSC</agencyURI>
      <authorURI>smi:smi-registry/organization/EMSC</authorURI>
    </creationInfo>
    <originUncertainty>
      <azimuthMaxHorizontalUncertainty>150</azimuthMaxHorizontalUncertainty>
    </originUncertainty>
  </origin>
  <magnitude publicID="quakeml:eu.emsc/event/20060321_0000057/origin/1217389/mag/1">
    <mag>
      <value>2.7</value>
      <uncertainty>0.2</uncertainty>
    </mag>
    <type>ML</type>
    <originID>quakeml:eu.emsc/event/20060321_0000057/origin/1217389</originID>
    <stationCount>7</stationCount>
    <creationInfo>
      <agencyURI>smi:smi-registry/organization/EMSC</agencyURI>
      <authorURI>smi:smi-registry/organization/EMSC</authorURI>
    </creationInfo>
  </magnitude>
</event>
<event publicID="quakeml:eu.emsc/event/20060321_0000025">
  <preferredOriginID>quakeml:eu.emsc/event/20060321_0000025/origin/1217395</preferredOriginID>
  <preferredMagnitudeID>quakeml:eu.emsc/event/20060321_0000025/origin/1217395/mag/1</preferredMagnitudeID>
  <creationInfo>
    <agencyURI>smi:smi-registry/organization/EMSC</agencyURI>
    <authorURI>smi:smi-registry/organization/EMSC</authorURI>
    <creationTime>2014-12-03T12:57:56.827071Z</creationTime>
  </creationInfo>
  <description>
    <text>WESTERN IRAN</text>
    <type>Flinn-Engdahl region</type>
  </description>
  <origin publicID="quakeml:eu.emsc/event/20060321_0000025/origin/1217395">
    <time>
      <value>2006-03-21T01:49:42.9Z</value>
      <uncertainty>0.17</uncertainty>
    </time>
    <latitude>
      <value>32.5275</value>
      <uncertainty>5.6</uncertainty>
    </latitude>
    <longitude>
      <value>49.4992</value>
      <uncertainty>4</uncertainty>
    </longitude>
    <depth>
      <value>54800.0</value>
      <uncertainty>3</uncertainty>
    </depth>
    <depthType>from location</depthType>
    <methodID>smi:eu.emsc-csem/origin_method/NA</methodID>
    <quality>
      <usedPhaseCount>72</usedPhaseCount>
      <usedStationCount>67</usedStationCount>
      <standardError>1.01</standardError>
      <azimuthalGap>59</azimuthalGap>
      <minimumDistance>0.72</minimumDistance>
      <maximumDistance>39.43</maximumDistance>
    </quality>
    <evaluationMode>manual</evaluationMode>
    <creationInfo>
      <agencyURI>smi:smi-registry/organization/EMSC</agencyURI>
      <authorURI>smi:smi-registry/organization/EMSC</authorURI>
    </creationInfo>
    <originUncertainty>
      <azimuthMaxHorizontalUncertainty>140</azimuthMaxHorizontalUncertainty>
    </originUncertainty>
  </origin>
  <magnitude publicID="quakeml:eu.emsc/event/20060321_0000025/origin/1217395/mag/1">
    <mag>
      <value>4.4</value>
      <uncertainty>0.6</uncertainty>
    </mag>
    <type>mb</type>
    <originID>quakeml:eu.emsc/event/20060321_0000025/origin/1217395</originID>
    <stationCount>9</stationCount>
    <creationInfo>
      <agencyURI>smi:smi-registry/organization/EMSC</agencyURI>
      <authorURI>smi:smi-registry/organization/EMSC</authorURI>
    </creationInfo>
  </magnitude>
</event>
<event publicID="quakeml:eu.emsc/event/20060321_0000024">
  <preferredOriginID>quakeml:eu.emsc/event/20060321_0000024/origin/HU683</preferredOriginID>
  <preferredMagnitudeID>quakeml:eu.emsc/event/20060321_0000024/origin/HU683/mag/1</preferredMagnitudeID>
  <creationInfo>
    <agencyURI>smi:smi-registry/organization/EMSC</agencyURI>
    <authorURI>smi:smi-registry/organization/EMSC</authorURI>
    <creationTime>2014-12-01T14:38:34.203811Z</creationTime>
  </creationInfo>
  <description>
    <text>PAKISTAN</text>
    <type>Flinn-Engdahl region</type>
  </description>
  <origin publicID="quakeml:eu.emsc/event/20060321_0000024/origin/HU683">
    <time>
      <value>2006-03-21T01:15:01.0Z</value>
      <uncertainty>0.31</uncertainty>
    </time>
    <latitude>
      <value>34.85</value>
    </latitude>
    <longitude>
      <value>73.94</value>
    </longitude>
    <depth>
      <value>10000.0</value>
    </depth>
    <depthType>from location</depthType>
    <methodID>smi:eu.emsc-csem/origin_method/NA</methodID>
    <quality>
      <usedPhaseCount>12</usedPhaseCount>
      <usedStationCount>12</usedStationCount>
      <standardError>0.75</standardError>
      <azimuthalGap>108</azimuthalGap>
      <minimumDistance>8.66</minimumDistance>
      <maximumDistance>79.09</maximumDistance>
    </quality>
    <evaluationMode>automatic</evaluationMode>
    <creationInfo>
      <agencyURI>smi:smi-registry/organization/EMSC</agencyURI>
      <authorURI>smi:smi-registry/organization/EMSC</authorURI>
    </creationInfo>
  </origin>
  <magnitude publicID="quakeml:eu.emsc/event/20060321_0000024/origin/HU683/mag/1">
    <mag>
      <value>4.4</value>
      <uncertainty>0.7</uncertainty>
    </mag>
    <type>mb</type>
    <originID>quakeml:eu.emsc/event/20060321_0000024/origin/HU683</originID>
    <creationInfo>
      <agencyURI>smi:smi-registry/organization/EMSC</agencyURI>
      <authorURI>smi:smi-registry/organization/EMSC</authorURI>
    </creationInfo>
  </magnitude>
</event>
</eventParameters>
</q:quakeml>
