<?xml version="1.0"?>
<q:quakeml xmlns:q="http://quakeml.org/xmlns/quakeml/1.2"  xmlns="http://quakeml.org/xmlns/bed/1.2">
<eventParameters publicID="smi:eu.emsc/unid">
<event publicID="quakeml:eu.emsc/event/20060209_0000074">
  <preferredOriginID>quakeml:eu.emsc/event/20060209_0000074/origin/1220569</preferredOriginID>
  <preferredMagnitudeID>quakeml:eu.emsc/event/20060209_0000074/origin/1220569/mag/2</preferredMagnitudeID>
  <creationInfo>
    <agencyURI>smi:smi-registry/organization/EMSC</agencyURI>
    <authorURI>smi:smi-registry/organization/EMSC</authorURI>
    <creationTime>2014-12-03T11:56:30.773881Z</creationTime>
  </creationInfo>
  <description>
    <text>WESTERN TURKEY</text>
    <type>Flinn-Engdahl region</type>
  </description>
  <origin publicID="quakeml:eu.emsc/event/20060209_0000074/origin/1220569">
    <time>
      <value>2006-02-09T23:51:12.8Z</value>
      <uncertainty>0.22</uncertainty>
    </time>
    <latitude>
      <value>40.7597</value>
      <uncertainty>5.3</uncertainty>
    </latitude>
    <longitude>
      <value>27.5018</value>
      <uncertainty>3.8</uncertainty>
    </longitude>
    <depth>
      <value>19300.0</value>
      <uncertainty>1.1</uncertainty>
    </depth>
    <depthType>from location</depthType>
    <methodID>smi:eu.emsc-csem/origin_method/NA</methodID>
    <quality>
      <usedPhaseCount>28</usedPhaseCount>
      <usedStationCount>20</usedStationCount>
      <standardError>0.99</standardError>
      <azimuthalGap>54</azimuthalGap>
      <minimumDistance>0.23</minimumDistance>
      <maximumDistance>1.89</maximumDistance>
    </quality>
    <evaluationMode>manual</evaluationMode>
    <creationInfo>
      <agencyURI>smi:smi-registry/organization/EMSC</agencyURI>
      <authorURI>smi:smi-registry/organization/EMSC</authorURI>
    </creationInfo>
    <originUncertainty>
      <azimuthMaxHorizontalUncertainty>141</azimuthMaxHorizontalUncertainty>
    </originUncertainty>
  </origin>
  <magnitude publicID="quakeml:eu.emsc/event/20060209_0000074/origin/1220569/mag/2">
    <mag>
      <value>2.9</value>
    </mag>
    <type>MD</type>
    <originID>quakeml:eu.emsc/event/20060209_0000074/origin/1220569</originID>
    <creationInfo>
      <agencyURI>smi:smi-registry/organization/EMSC</agencyURI>
      <authorURI>smi:smi-registry/organization/EMSC</authorURI>
    </creationInfo>
  </magnitude>
</event>
<event publicID="quakeml:eu.emsc/event/20060209_0000063">
  <preferredOriginID>quakeml:eu.emsc/event/20060209_0000063/origin/1220575</preferredOriginID>
  <preferredMagnitudeID>quakeml:eu.emsc/event/20060209_0000063/origin/1220575/mag/2</preferredMagnitudeID>
  <creationInfo>
    <agencyURI>smi:smi-registry/organization/EMSC</agencyURI>
    <authorURI>smi:smi-registry/organization/EMSC</authorURI>
    <creationTime>2014-12-03T14:53:45.98113Z</creationTime>
  </creationInfo>
  <description>
    <text>DODECANESE ISLANDS, GREECE</text>
    <type>Flinn-Engdahl region</type>
  </description>
  <origin publicID="quakeml:eu.emsc/event/20060209_0000063/origin/1220575">
    <time>
      <value>2006-02-09T23:47:10.1Z</value>
      <uncertainty>0.17</uncertainty>
    </time>
    <latitude>
      <value>35.2013</value>
      <uncertainty>5.1</uncertainty>
    </latitude>
    <longitude>
      <value>27.1664</value>
      <uncertainty>4</uncertainty>
    </longitude>
    <depth>
      <value>2000</value>
    </depth>
    <depthType>from location</depthType>
    <methodID>smi:eu.emsc-csem/origin_method/NA</methodID>
    <quality>
      <usedPhaseCount>60</usedPhaseCount>
      <usedStationCount>56</usedStationCount>
      <standardError>1.01</standardError>
      <azimuthalGap>79</azimuthalGap>
      <minimumDistance>0.35</minimumDistance>
      <maximumDistance>42.38</maximumDistance>
    </quality>
    <evaluationMode>manual</evaluationMode>
    <creationInfo>
      <agencyURI>smi:smi-registry/organization/EMSC</agencyURI>
      <authorURI>smi:smi-registry/organization/EMSC</authorURI>
    </creationInfo>
    <originUncertainty>
      <azimuthMaxHorizontalUncertainty>144</azimuthMaxHorizontalUncertainty>
    </originUncertainty>
  </origin>
  <magnitude publicID="quakeml:eu.emsc/event/20060209_0000063/origin/1220575/mag/2">
    <mag>
      <value>3.8</value>
    </mag>
    <type>MD</type>
    <originID>quakeml:eu.emsc/event/20060209_0000063/origin/1220575</originID>
    <creationInfo>
      <agencyURI>smi:smi-registry/organization/EMSC</agencyURI>
      <authorURI>smi:smi-registry/organization/EMSC</authorURI>
    </creationInfo>
  </magnitude>
</event>
<event publicID="quakeml:eu.emsc/event/20060209_0000066">
  <preferredOriginID>quakeml:eu.emsc/event/20060209_0000066/origin/1220578</preferredOriginID>
  <preferredMagnitudeID>quakeml:eu.emsc/event/20060209_0000066/origin/1220578/mag/2</preferredMagnitudeID>
  <creationInfo>
    <agencyURI>smi:smi-registry/organization/EMSC</agencyURI>
    <authorURI>smi:smi-registry/organization/EMSC</authorURI>
    <creationTime>2014-12-03T10:45:12.675809Z</creationTime>
  </creationInfo>
  <description>
    <text>EASTERN MEDITERRANEAN SEA</text>
    <type>Flinn-Engdahl region</type>
  </description>
  <origin publicID="quakeml:eu.emsc/event/20060209_0000066/origin/1220578">
    <time>
      <value>2006-02-09T22:50:53.3Z</value>
      <uncertainty>0.11</uncertainty>
    </time>
    <latitude>
      <value>35.502</value>
      <uncertainty>4.6</uncertainty>
    </latitude>
    <longitude>
      <value>28.9877</value>
      <uncertainty>2.6</uncertainty>
    </longitude>
    <depth>
      <value>40000</value>
    </depth>
    <depthType>from location</depthType>
    <methodID>smi:eu.emsc-csem/origin_method/NA</methodID>
    <quality>
      <usedPhaseCount>25</usedPhaseCount>
      <usedStationCount>21</usedStationCount>
      <standardError>0.74</standardError>
      <azimuthalGap>103</azimuthalGap>
      <minimumDistance>0.78</minimumDistance>
      <maximumDistance>8.15</maximumDistance>
    </quality>
    <evaluationMode>manual</evaluationMode>
    <creationInfo>
      <agencyURI>smi:smi-registry/organization/EMSC</agencyURI>
      <authorURI>smi:smi-registry/organization/EMSC</authorURI>
    </creationInfo>
    <originUncertainty>
      <azimuthMaxHorizontalUncertainty>73</azimuthMaxHorizontalUncertainty>
    </originUncertainty>
  </origin>
  <magnitude publicID="quakeml:eu.emsc/event/20060209_0000066/origin/1220578/mag/2">
    <mag>
      <value>3.9</value>
    </mag>
    <type>ML</type>
    <originID>quakeml:eu.emsc/event/20060209_0000066/origin/1220578</originID>
    <creationInfo>
      <agencyURI>smi:smi-registry/organization/EMSC</agencyURI>
      <authorURI>smi:smi-registry/organization/EMSC</authorURI>
    </creationInfo>
  </magnitude>
</event>
<event publicID="quakeml:eu.emsc/event/20060209_0000062">
  <preferredOriginID>quakeml:eu.emsc/event/20060209_0000062/origin/HI688</preferredOriginID>
  <preferredMagnitudeID>quakeml:eu.emsc/event/20060209_0000062/origin/HI688/mag/1</preferredMagnitudeID>
  <creationInfo>
    <agencyURI>smi:smi-registry/organization/EMSC</agencyURI>
    <authorURI>smi:smi-registry/organization/ROM</authorURI>
    <creationTime>2014-12-01T12:54:50.585107Z</creationTime>
  </creationInfo>
  <description>
    <text>CENTRAL ITALY</text>
    <type>Flinn-Engdahl region</type>
  </description>
  <origin publicID="quakeml:eu.emsc/event/20060209_0000062/origin/HI688">
    <time>
      <value>2006-02-09T22:22:00.0Z</value>
    </time>
    <latitude>
      <value>42.76</value>
    </latitude>
    <longitude>
      <value>12.79</value>
    </longitude>
    <depth>
      <value>8000.0</value>
    </depth>
    <depthType>from location</depthType>
    <methodID>smi:eu.emsc-csem/origin_method/GEIGER</methodID>
    <quality>
      <usedPhaseCount>1</usedPhaseCount>
      <usedStationCount>1</usedStationCount>
      <azimuthalGap>360</azimuthalGap>
      <minimumDistance>180.00</minimumDistance>
    </quality>
    <evaluationMode>manual</evaluationMode>
    <creationInfo>
      <agencyURI>smi:smi-registry/organization/EMSC</agencyURI>
      <authorURI>smi:smi-registry/organization/ROM</authorURI>
    </creationInfo>
  </origin>
  <magnitude publicID="quakeml:eu.emsc/event/20060209_0000062/origin/HI688/mag/1">
    <mag>
      <value>2.1</value>
    </mag>
    <type>ml</type>
    <originID>quakeml:eu.emsc/event/20060209_0000062/origin/HI688</originID>
    <creationInfo>
      <agencyURI>smi:smi-registry/organization/EMSC</agencyURI>
      <authorURI>smi:smi-registry/organization/ROM</authorURI>
    </creationInfo>
  </magnitude>
</event>
<event publicID="quakeml:eu.emsc/event/20060209_0000068">
  <preferredOriginID>quakeml:eu.emsc/event/20060209_0000068/origin/1220581</preferredOriginID>
  <preferredMagnitudeID>quakeml:eu.emsc/event/20060209_0000068/origin/1220581/mag/2</preferredMagnitudeID>
  <creationInfo>
    <agencyURI>smi:smi-registry/organization/EMSC</agencyURI>
    <authorURI>smi:smi-registry/organization/EMSC</authorURI>
    <creationTime>2014-12-03T12:14:57.283614Z</creationTime>
  </creationInfo>
  <description>
    <text>STRAIT OF GIBRALTAR</text>
    <type>Flinn-Engdahl region</type>
  </description>
  <origin publicID="quakeml:eu.emsc/event/20060209_0000068/origin/1220581">
    <time>
      <value>2006-02-09T19:56:58.2Z</value>
      <uncertainty>0.29</uncertainty>
    </time>
    <latitude>
      <value>35.0681</value>
      <uncertainty>7.5</uncertainty>
    </latitude>
    <longitude>
      <value>-3.9467</value>
      <uncertainty>6.2</uncertainty>
    </longitude>
    <depth>
      <value>10000</value>
    </depth>
    <depthType>from location</depthType>
    <methodID>smi:eu.emsc-csem/origin_method/NA</methodID>
    <quality>
      <usedPhaseCount>34</usedPhaseCount>
      <usedStationCount>22</usedStationCount>
      <standardError>1.36</standardError>
      <azimuthalGap>96</azimuthalGap>
      <minimumDistance>0.16</minimumDistance>
      <maximumDistance>4.05</maximumDistance>
    </quality>
    <evaluationMode>manual</evaluationMode>
    <creationInfo>
      <agencyURI>smi:smi-registry/organization/EMSC</agencyURI>
      <authorURI>smi:smi-registry/organization/EMSC</authorURI>
    </creationInfo>
    <originUncertainty>
      <azimuthMaxHorizontalUncertainty>79</azimuthMaxHorizontalUncertainty>
    </originUncertainty>
  </origin>
  <magnitude publicID="quakeml:eu.emsc/event/20060209_0000068/origin/1220581/mag/2">
    <mag>
      <value>3.5</value>
    </mag>
    <type>MD</type>
    <originID>quakeml:eu.emsc/event/20060209_0000068/origin/1220581</originID>
    <creationInfo>
      <agencyURI>smi:smi-registry/organization/EMSC</agencyURI>
      <authorURI>smi:smi-registry/organization/EMSC</authorURI>
    </creationInfo>
  </magnitude>
</event>
<event publicID="quakeml:eu.emsc/event/20060209_0000079">
  <preferredOriginID>quakeml:eu.emsc/event/20060209_0000079/origin/1203946</preferredOriginID>
  <preferredMagnitudeID>quakeml:eu.emsc/event/20060209_0000079/origin/1203946/mag/2</preferredMagnitudeID>
  <creationInfo>
    <agencyURI>smi:smi-registry/organization/EMSC</agencyURI>
    <authorURI>smi:smi-registry/organization/EMSC</authorURI>
    <creationTime>2014-12-11T20:04:34.33022Z</creationTime>
  </creationInfo>
  <description>
    <text>SWEDEN</text>
    <type>Flinn-Engdahl region</type>
  </description>
  <origin publicID="quakeml:eu.emsc/event/20060209_0000079/origin/1203946">
    <time>
      <value>2006-02-09T17:14:13.7Z</value>
    </time>
    <latitude>
      <value>67.17</value>
      <uncertainty>9999.9</uncertainty>
    </latitude>
    <longitude>
      <value>20.564</value>
      <uncertainty>9999.9</uncertainty>
    </longitude>
    <depth>
      <value>12000</value>
    </depth>
    <depthType>from location</depthType>
    <methodID>smi:eu.emsc-csem/origin_method/NA</methodID>
    <quality>
      <usedPhaseCount>7</usedPhaseCount>
      <usedStationCount>7</usedStationCount>
      <standardError>1.07</standardError>
      <azimuthalGap>107</azimuthalGap>
      <minimumDistance>0.05</minimumDistance>
      <maximumDistance>1.72</maximumDistance>
    </quality>
    <evaluationMode>manual</evaluationMode>
    <creationInfo>
      <agencyURI>smi:smi-registry/organization/EMSC</agencyURI>
      <authorURI>smi:smi-registry/organization/EMSC</authorURI>
    </creationInfo>
    <originUncertainty>
      <azimuthMaxHorizontalUncertainty>-99</azimuthMaxHorizontalUncertainty>
    </originUncertainty>
  </origin>
  <magnitude publicID="quakeml:eu.emsc/event/20060209_0000079/origin/1203946/mag/2">
    <mag>
      <value>2.6</value>
    </mag>
    <type>ML</type>
    <originID>quakeml:eu.emsc/event/20060209_0000079/origin/1203946</originID>
    <creationInfo>
      <agencyURI>smi:smi-registry/organization/EMSC</agencyURI>
      <authorURI>smi:smi-registry/organization/EMSC</authorURI>
    </creationInfo>
  </magnitude>
</event>
<event publicID="quakeml:eu.emsc/event/20060209_0000065">
  <preferredOriginID>quakeml:eu.emsc/event/20060209_0000065/origin/1203948</preferredOriginID>
  <preferredMagnitudeID>quakeml:eu.emsc/event/20060209_0000065/origin/1203948/mag/2</preferredMagnitudeID>
  <creationInfo>
    <agencyURI>smi:smi-registry/organization/EMSC</agencyURI>
    <authorURI>smi:smi-registry/organization/EMSC</authorURI>
    <creationTime>2014-12-11T20:04:21.829899Z</creationTime>
  </creationInfo>
  <description>
    <text>CANARY ISLANDS, SPAIN REGION</text>
    <type>Flinn-Engdahl region</type>
  </description>
  <origin publicID="quakeml:eu.emsc/event/20060209_0000065/origin/1203948">
    <time>
      <value>2006-02-09T15:23:22.0Z</value>
    </time>
    <latitude>
      <value>28.2815</value>
      <uncertainty>9999.9</uncertainty>
    </latitude>
    <longitude>
      <value>-16.3412</value>
      <uncertainty>9999.9</uncertainty>
    </longitude>
    <depth>
      <value>0</value>
    </depth>
    <depthType>from location</depthType>
    <methodID>smi:eu.emsc-csem/origin_method/NA</methodID>
    <quality>
      <usedPhaseCount>10</usedPhaseCount>
      <usedStationCount>5</usedStationCount>
      <standardError>3.8</standardError>
      <azimuthalGap>256</azimuthalGap>
      <minimumDistance>0.23</minimumDistance>
      <maximumDistance>0.42</maximumDistance>
    </quality>
    <evaluationMode>manual</evaluationMode>
    <creationInfo>
      <agencyURI>smi:smi-registry/organization/EMSC</agencyURI>
      <authorURI>smi:smi-registry/organization/EMSC</authorURI>
    </creationInfo>
    <originUncertainty>
      <azimuthMaxHorizontalUncertainty>-99</azimuthMaxHorizontalUncertainty>
    </originUncertainty>
  </origin>
  <magnitude publicID="quakeml:eu.emsc/event/20060209_0000065/origin/1203948/mag/2">
    <mag>
      <value>2.6</value>
      <uncertainty>0.2</uncertainty>
    </mag>
    <type>mb</type>
    <originID>quakeml:eu.emsc/event/20060209_0000065/origin/1203948</originID>
    <stationCount>5</stationCount>
    <creationInfo>
      <agencyURI>smi:smi-registry/organization/EMSC</agencyURI>
      <authorURI>smi:smi-registry/organization/EMSC</authorURI>
    </creationInfo>
  </magnitude>
</event>
<event publicID="quakeml:eu.emsc/event/20060209_0000060">
  <preferredOriginID>quakeml:eu.emsc/event/20060209_0000060/origin/HI758</preferredOriginID>
  <preferredMagnitudeID>quakeml:eu.emsc/event/20060209_0000060/origin/HI758/mag/1</preferredMagnitudeID>
  <creationInfo>
    <agencyURI>smi:smi-registry/organization/EMSC</agencyURI>
    <authorURI>smi:smi-registry/organization/LDG</authorURI>
    <creationTime>2014-12-01T12:29:04.183637Z</creationTime>
  </creationInfo>
  <description>
    <text>NEAR SOUTH COAST OF FRANCE</text>
    <type>Flinn-Engdahl region</type>
  </description>
  <origin publicID="quakeml:eu.emsc/event/20060209_0000060/origin/HI758">
    <time>
      <value>2006-02-09T14:39:06.6Z</value>
      <uncertainty>0.27</uncertainty>
    </time>
    <latitude>
      <value>43.01</value>
    </latitude>
    <longitude>
      <value>6.38</value>
    </longitude>
    <depth>
      <value>2000.0</value>
    </depth>
    <depthType>from location</depthType>
    <methodID>smi:eu.emsc-csem/origin_method/GEIGER</methodID>
    <quality>
      <usedPhaseCount>21</usedPhaseCount>
      <usedStationCount>13</usedStationCount>
      <standardError>0.77</standardError>
      <azimuthalGap>169</azimuthalGap>
      <minimumDistance>0.33</minimumDistance>
      <maximumDistance>4.43</maximumDistance>
    </quality>
    <evaluationMode>automatic</evaluationMode>
    <creationInfo>
      <agencyURI>smi:smi-registry/organization/EMSC</agencyURI>
      <authorURI>smi:smi-registry/organization/LDG</authorURI>
    </creationInfo>
  </origin>
  <magnitude publicID="quakeml:eu.emsc/event/20060209_0000060/origin/HI758/mag/1">
    <mag>
      <value>2.9</value>
      <uncertainty>0.2</uncertainty>
    </mag>
    <type>ml</type>
    <originID>quakeml:eu.emsc/event/20060209_0000060/origin/HI758</originID>
    <stationCount>4</stationCount>
    <creationInfo>
      <agencyURI>smi:smi-registry/organization/EMSC</agencyURI>
      <authorURI>smi:smi-registry/organization/LDG</authorURI>
    </creationInfo>
  </magnitude>
</event>
<event publicID="quakeml:eu.emsc/event/20060209_0000059">
  <preferredOriginID>quakeml:eu.emsc/event/20060209_0000059/origin/1220584</preferredOriginID>
  <preferredMagnitudeID>quakeml:eu.emsc/event/20060209_0000059/origin/1220584/mag/2</preferredMagnitudeID>
  <creationInfo>
    <agencyURI>smi:smi-registry/organization/EMSC</agencyURI>
    <authorURI>smi:smi-registry/organization/EMSC</authorURI>
    <creationTime>2014-12-03T14:13:52.491609Z</creationTime>
  </creationInfo>
  <description>
    <text>CENTRAL TURKEY</text>
    <type>Flinn-Engdahl region</type>
  </description>
  <origin publicID="quakeml:eu.emsc/event/20060209_0000059/origin/1220584">
    <time>
      <value>2006-02-09T13:36:52.3Z</value>
      <uncertainty>0.16</uncertainty>
    </time>
    <latitude>
      <value>39.7368</value>
      <uncertainty>4.9</uncertainty>
    </latitude>
    <longitude>
      <value>32.1998</value>
      <uncertainty>3</uncertainty>
    </longitude>
    <depth>
      <value>2000</value>
    </depth>
    <depthType>from location</depthType>
    <methodID>smi:eu.emsc-csem/origin_method/NA</methodID>
    <quality>
      <usedPhaseCount>34</usedPhaseCount>
      <usedStationCount>25</usedStationCount>
      <standardError>0.97</standardError>
      <azimuthalGap>68</azimuthalGap>
      <minimumDistance>0.46</minimumDistance>
      <maximumDistance>2.66</maximumDistance>
    </quality>
    <evaluationMode>manual</evaluationMode>
    <creationInfo>
      <agencyURI>smi:smi-registry/organization/EMSC</agencyURI>
      <authorURI>smi:smi-registry/organization/EMSC</authorURI>
    </creationInfo>
    <originUncertainty>
      <azimuthMaxHorizontalUncertainty>170</azimuthMaxHorizontalUncertainty>
    </originUncertainty>
  </origin>
  <magnitude publicID="quakeml:eu.emsc/event/20060209_0000059/origin/1220584/mag/2">
    <mag>
      <value>3.4</value>
    </mag>
    <type>MD</type>
    <originID>quakeml:eu.emsc/event/20060209_0000059/origin/1220584</originID>
    <creationInfo>
      <agencyURI>smi:smi-registry/organization/EMSC</agencyURI>
      <authorURI>smi:smi-registry/organization/EMSC</authorURI>
    </creationInfo>
  </magnitude>
</event>
<event publicID="quakeml:eu.emsc/event/20060209_0000058">
  <preferredOriginID>quakeml:eu.emsc/event/20060209_0000058/origin/HI224</preferredOriginID>
  <preferredMagnitudeID>quakeml:eu.emsc/event/20060209_0000058/origin/HI224/mag/1</preferredMagnitudeID>
  <creationInfo>
    <agencyURI>smi:smi-registry/organization/EMSC</agencyURI>
    <authorURI>smi:smi-registry/organization/EMSC</authorURI>
    <creationTime>2014-12-01T12:29:04.11778Z</creationTime>
  </creationInfo>
  <description>
    <text>OFF EAST COAST OF HONSHU, JAPAN</text>
    <type>Flinn-Engdahl region</type>
  </description>
  <origin publicID="quakeml:eu.emsc/event/20060209_0000058/origin/HI224">
    <time>
      <value>2006-02-09T13:05:22.6Z</value>
      <uncertainty>0.84</uncertainty>
    </time>
    <latitude>
      <value>37.79</value>
    </latitude>
    <longitude>
      <value>142.15</value>
    </longitude>
    <depth>
      <value>47000.0</value>
      <uncertainty>7.6</uncertainty>
    </depth>
    <depthType>from location</depthType>
    <methodID>smi:eu.emsc-csem/origin_method/NA</methodID>
    <quality>
      <usedPhaseCount>42</usedPhaseCount>
      <usedStationCount>41</usedStationCount>
      <standardError>1.30</standardError>
      <azimuthalGap>119</azimuthalGap>
      <minimumDistance>3.39</minimumDistance>
      <maximumDistance>145.81</maximumDistance>
    </quality>
    <evaluationMode>automatic</evaluationMode>
    <creationInfo>
      <agencyURI>smi:smi-registry/organization/EMSC</agencyURI>
      <authorURI>smi:smi-registry/organization/EMSC</authorURI>
    </creationInfo>
  </origin>
  <magnitude publicID="quakeml:eu.emsc/event/20060209_0000058/origin/HI224/mag/1">
    <mag>
      <value>4.6</value>
      <uncertainty>0.3</uncertainty>
    </mag>
    <type>mb</type>
    <originID>quakeml:eu.emsc/event/20060209_0000058/origin/HI224</originID>
    <creationInfo>
      <agencyURI>smi:smi-registry/organization/EMSC</agencyURI>
      <authorURI>smi:smi-registry/organization/EMSC</authorURI>
    </creationInfo>
  </magnitude>
</event>
<event publicID="quakeml:eu.emsc/event/20060209_0000056">
  <preferredOriginID>quakeml:eu.emsc/event/20060209_0000056/origin/HI748</preferredOriginID>
  <preferredMagnitudeID>quakeml:eu.emsc/event/20060209_0000056/origin/HI748/mag/1</preferredMagnitudeID>
  <creationInfo>
    <agencyURI>smi:smi-registry/organization/EMSC</agencyURI>
    <authorURI>smi:smi-registry/organization/NEIC</authorURI>
    <creationTime>2014-12-01T15:17:12.174592Z</creationTime>
  </creationInfo>
  <description>
    <text>PACIFIC-ANTARCTIC RIDGE</text>
    <type>Flinn-Engdahl region</type>
  </description>
  <origin publicID="quakeml:eu.emsc/event/20060209_0000056/origin/HI748">
    <time>
      <value>2006-02-09T11:29:13.7Z</value>
    </time>
    <latitude>
      <value>-57.24</value>
    </latitude>
    <longitude>
      <value>-141.27</value>
    </longitude>
    <depth>
      <value>10000.0</value>
    </depth>
    <depthType>from location</depthType>
    <methodID>smi:eu.emsc-csem/origin_method/GEIGER</methodID>
    <quality>
      <usedPhaseCount>12</usedPhaseCount>
      <usedStationCount>12</usedStationCount>
      <azimuthalGap>171</azimuthalGap>
      <minimumDistance>32.92</minimumDistance>
      <maximumDistance>77.18</maximumDistance>
    </quality>
    <evaluationMode>manual</evaluationMode>
    <creationInfo>
      <agencyURI>smi:smi-registry/organization/EMSC</agencyURI>
      <authorURI>smi:smi-registry/organization/NEIC</authorURI>
    </creationInfo>
  </origin>
  <magnitude publicID="quakeml:eu.emsc/event/20060209_0000056/origin/HI748/mag/1">
    <mag>
      <value>5.5</value>
    </mag>
    <type>m</type>
    <originID>quakeml:eu.emsc/event/20060209_0000056/origin/HI748</originID>
    <creationInfo>
      <agencyURI>smi:smi-registry/organization/EMSC</agencyURI>
      <authorURI>smi:smi-registry/organization/NEIC</authorURI>
    </creationInfo>
  </magnitude>
</event>
<event publicID="quakeml:eu.emsc/event/20060209_0000069">
  <preferredOriginID>quakeml:eu.emsc/event/20060209_0000069/origin/1203950</preferredOriginID>
  <preferredMagnitudeID>quakeml:eu.emsc/event/20060209_0000069/origin/1203950/mag/2</preferredMagnitudeID>
  <creationInfo>
    <agencyURI>smi:smi-registry/organization/EMSC</agencyURI>
    <authorURI>smi:smi-registry/organization/EMSC</authorURI>
    <creationTime>2014-12-11T20:04:00.22565Z</creationTime>
  </creationInfo>
  <description>
    <text>STRAIT OF GIBRALTAR</text>
    <type>Flinn-Engdahl region</type>
  </description>
  <origin publicID="quakeml:eu.emsc/event/20060209_0000069/origin/1203950">
    <time>
      <value>2006-02-09T10:27:40.8Z</value>
    </time>
    <latitude>
      <value>36.0303</value>
      <uncertainty>9999.9</uncertainty>
    </latitude>
    <longitude>
      <value>-5.3263</value>
      <uncertainty>9999.9</uncertainty>
    </longitude>
    <depth>
      <value>46800.0</value>
    </depth>
    <depthType>from location</depthType>
    <methodID>smi:eu.emsc-csem/origin_method/NA</methodID>
    <quality>
      <usedPhaseCount>17</usedPhaseCount>
      <usedStationCount>10</usedStationCount>
      <standardError>1.86</standardError>
      <azimuthalGap>263</azimuthalGap>
      <minimumDistance>0.44</minimumDistance>
      <maximumDistance>3.98</maximumDistance>
    </quality>
    <evaluationMode>manual</evaluationMode>
    <creationInfo>
      <agencyURI>smi:smi-registry/organization/EMSC</agencyURI>
      <authorURI>smi:smi-registry/organization/EMSC</authorURI>
    </creationInfo>
    <originUncertainty>
      <azimuthMaxHorizontalUncertainty>-99</azimuthMaxHorizontalUncertainty>
    </originUncertainty>
  </origin>
  <magnitude publicID="quakeml:eu.emsc/event/20060209_0000069/origin/1203950/mag/2">
    <mag>
      <value>2.8</value>
      <uncertainty>0.3</uncertainty>
    </mag>
    <type>mb</type>
    <originID>quakeml:eu.emsc/event/20060209_0000069/origin/1203950</originID>
    <stationCount>4</stationCount>
    <creationInfo>
      <agencyURI>smi:smi-registry/organization/EMSC</agencyURI>
      <authorURI>smi:smi-registry/organization/EMSC</authorURI>
    </creationInfo>
  </magnitude>
</event>
<event publicID="quakeml:eu.emsc/event/20060209_0000070">
  <preferredOriginID>quakeml:eu.emsc/event/20060209_0000070/origin/1203952</preferredOriginID>
  <preferredMagnitudeID>quakeml:eu.emsc/event/20060209_0000070/origin/1203952/mag/2</preferredMagnitudeID>
  <creationInfo>
    <agencyURI>smi:smi-registry/organization/EMSC</agencyURI>
    <authorURI>smi:smi-registry/organization/EMSC</authorURI>
    <creationTime>2014-12-11T20:03:57.238663Z</creationTime>
  </creationInfo>
  <description>
    <text>SOUTHERN GREECE</text>
    <type>Flinn-Engdahl region</type>
  </description>
  <origin publicID="quakeml:eu.emsc/event/20060209_0000070/origin/1203952">
    <time>
      <value>2006-02-09T10:19:56.3Z</value>
    </time>
    <latitude>
      <value>36.04</value>
      <uncertainty>9999.9</uncertainty>
    </latitude>
    <longitude>
      <value>23.4</value>
      <uncertainty>9999.9</uncertainty>
    </longitude>
    <depth>
      <value>22000</value>
    </depth>
    <depthType>from location</depthType>
    <methodID>smi:eu.emsc-csem/origin_method/NA</methodID>
    <quality>
      <usedPhaseCount>7</usedPhaseCount>
      <usedStationCount>5</usedStationCount>
      <standardError>1.45</standardError>
      <azimuthalGap>175</azimuthalGap>
      <minimumDistance>0.38</minimumDistance>
      <maximumDistance>2</maximumDistance>
    </quality>
    <evaluationMode>manual</evaluationMode>
    <creationInfo>
      <agencyURI>smi:smi-registry/organization/EMSC</agencyURI>
      <authorURI>smi:smi-registry/organization/EMSC</authorURI>
    </creationInfo>
    <originUncertainty>
      <azimuthMaxHorizontalUncertainty>-99</azimuthMaxHorizontalUncertainty>
    </originUncertainty>
  </origin>
  <magnitude publicID="quakeml:eu.emsc/event/20060209_0000070/origin/1203952/mag/2">
    <mag>
      <value>3.4</value>
    </mag>
    <type>MD</type>
    <originID>quakeml:eu.emsc/event/20060209_0000070/origin/1203952</originID>
    <creationInfo>
      <agencyURI>smi:smi-registry/organization/EMSC</agencyURI>
      <authorURI>smi:smi-registry/organization/EMSC</authorURI>
    </creationInfo>
  </magnitude>
</event>
<event publicID="quakeml:eu.emsc/event/20060209_0000055">
  <preferredOriginID>quakeml:eu.emsc/event/20060209_0000055/origin/1220587</preferredOriginID>
  <preferredMagnitudeID>quakeml:eu.emsc/event/20060209_0000055/origin/1220587/mag/2</preferredMagnitudeID>
  <creationInfo>
    <agencyURI>smi:smi-registry/organization/EMSC</agencyURI>
    <authorURI>smi:smi-registry/organization/EMSC</authorURI>
    <creationTime>2014-12-03T12:52:43.934878Z</creationTime>
  </creationInfo>
  <description>
    <text>GOLFE DE TADJOURA, DJIBOUTI</text>
    <type>Flinn-Engdahl region</type>
  </description>
  <origin publicID="quakeml:eu.emsc/event/20060209_0000055/origin/1220587">
    <time>
      <value>2006-02-09T10:17:59.0Z</value>
      <uncertainty>0.48</uncertainty>
    </time>
    <latitude>
      <value>11.6888</value>
      <uncertainty>15.4</uncertainty>
    </latitude>
    <longitude>
      <value>43.0015</value>
      <uncertainty>11.8</uncertainty>
    </longitude>
    <depth>
      <value>2000</value>
    </depth>
    <depthType>from location</depthType>
    <methodID>smi:eu.emsc-csem/origin_method/NA</methodID>
    <quality>
      <usedPhaseCount>19</usedPhaseCount>
      <usedStationCount>14</usedStationCount>
      <standardError>1.14</standardError>
      <azimuthalGap>190</azimuthalGap>
      <minimumDistance>1.87</minimumDistance>
      <maximumDistance>63.62</maximumDistance>
    </quality>
    <evaluationMode>manual</evaluationMode>
    <creationInfo>
      <agencyURI>smi:smi-registry/organization/EMSC</agencyURI>
      <authorURI>smi:smi-registry/organization/EMSC</authorURI>
    </creationInfo>
    <originUncertainty>
      <azimuthMaxHorizontalUncertainty>109</azimuthMaxHorizontalUncertainty>
    </originUncertainty>
  </origin>
  <magnitude publicID="quakeml:eu.emsc/event/20060209_0000055/origin/1220587/mag/2">
    <mag>
      <value>4.4</value>
    </mag>
    <type>ML</type>
    <originID>quakeml:eu.emsc/event/20060209_0000055/origin/1220587</originID>
    <creationInfo>
      <agencyURI>smi:smi-registry/organization/EMSC</agencyURI>
      <authorURI>smi:smi-registry/organization/EMSC</authorURI>
    </creationInfo>
  </magnitude>
</event>
<event publicID="quakeml:eu.emsc/event/20060209_0000054">
  <preferredOriginID>quakeml:eu.emsc/event/20060209_0000054/origin/1220590</preferredOriginID>
  <preferredMagnitudeID>quakeml:eu.emsc/event/20060209_0000054/origin/1220590/mag/2</preferredMagnitudeID>
  <creationInfo>
    <agencyURI>smi:smi-registry/organization/EMSC</agencyURI>
    <authorURI>smi:smi-registry/organization/EMSC</authorURI>
    <creationTime>2014-12-03T12:38:02.1895Z</creationTime>
  </creationInfo>
  <description>
    <text>CENTRAL TURKEY</text>
    <type>Flinn-Engdahl region</type>
  </description>
  <origin publicID="quakeml:eu.emsc/event/20060209_0000054/origin/1220590">
    <time>
      <value>2006-02-09T10:03:24.8Z</value>
      <uncertainty>0.11</uncertainty>
    </time>
    <latitude>
      <value>39.0152</value>
      <uncertainty>3.5</uncertainty>
    </latitude>
    <longitude>
      <value>37.1622</value>
      <uncertainty>2.5</uncertainty>
    </longitude>
    <depth>
      <value>5000</value>
    </depth>
    <depthType>from location</depthType>
    <methodID>smi:eu.emsc-csem/origin_method/NA</methodID>
    <quality>
      <usedPhaseCount>46</usedPhaseCount>
      <usedStationCount>40</usedStationCount>
      <standardError>0.78</standardError>
      <azimuthalGap>39</azimuthalGap>
      <minimumDistance>0.91</minimumDistance>
      <maximumDistance>12.22</maximumDistance>
    </quality>
    <evaluationMode>manual</evaluationMode>
    <creationInfo>
      <agencyURI>smi:smi-registry/organization/EMSC</agencyURI>
      <authorURI>smi:smi-registry/organization/EMSC</authorURI>
    </creationInfo>
    <originUncertainty>
      <azimuthMaxHorizontalUncertainty>38</azimuthMaxHorizontalUncertainty>
    </originUncertainty>
  </origin>
  <magnitude publicID="quakeml:eu.emsc/event/20060209_0000054/origin/1220590/mag/2">
    <mag>
      <value>4.1</value>
    </mag>
    <type>ML</type>
    <originID>quakeml:eu.emsc/event/20060209_0000054/origin/1220590</originID>
    <creationInfo>
      <agencyURI>smi:smi-registry/organization/EMSC</agencyURI>
      <authorURI>smi:smi-registry/organization/EMSC</authorURI>
    </creationInfo>
  </magnitude>
</event>
<event publicID="quakeml:eu.emsc/event/20060209_0000053">
  <preferredOriginID>quakeml:eu.emsc/event/20060209_0000053/origin/HI697</preferredOriginID>
  <preferredMagnitudeID>quakeml:eu.emsc/event/20060209_0000053/origin/HI697/mag/1</preferredMagnitudeID>
  <creationInfo>
    <agencyURI>smi:smi-registry/organization/EMSC</agencyURI>
    <authorURI>smi:smi-registry/organization/DHMR</authorURI>
    <creationTime>2014-12-01T15:48:18.277638Z</creationTime>
  </creationInfo>
  <description>
    <text>GOLFE DE TADJOURA, DJIBOUTI</text>
    <type>Flinn-Engdahl region</type>
  </description>
  <origin publicID="quakeml:eu.emsc/event/20060209_0000053/origin/HI697">
    <time>
      <value>2006-02-09T09:55:25.2Z</value>
    </time>
    <latitude>
      <value>11.69</value>
    </latitude>
    <longitude>
      <value>43.13</value>
    </longitude>
    <depth>
      <value>26000.0</value>
    </depth>
    <depthType>from location</depthType>
    <methodID>smi:eu.emsc-csem/origin_method/GEIGER</methodID>
    <quality>
      <usedPhaseCount>10</usedPhaseCount>
      <usedStationCount>5</usedStationCount>
      <azimuthalGap>319</azimuthalGap>
      <minimumDistance>1.79</minimumDistance>
      <maximumDistance>4.01</maximumDistance>
    </quality>
    <evaluationMode>manual</evaluationMode>
    <creationInfo>
      <agencyURI>smi:smi-registry/organization/EMSC</agencyURI>
      <authorURI>smi:smi-registry/organization/DHMR</authorURI>
    </creationInfo>
  </origin>
  <magnitude publicID="quakeml:eu.emsc/event/20060209_0000053/origin/HI697/mag/1">
    <mag>
      <value>3.5</value>
    </mag>
    <type>ml</type>
    <originID>quakeml:eu.emsc/event/20060209_0000053/origin/HI697</originID>
    <creationInfo>
      <agencyURI>smi:smi-registry/organization/EMSC</agencyURI>
      <authorURI>smi:smi-registry/organization/DHMR</authorURI>
    </creationInfo>
  </magnitude>
</event>
<event publicID="quakeml:eu.emsc/event/20060209_0000052">
  <preferredOriginID>quakeml:eu.emsc/event/20060209_0000052/origin/HI698</preferredOriginID>
  <preferredMagnitudeID>quakeml:eu.emsc/event/20060209_0000052/origin/HI698/mag/1</preferredMagnitudeID>
  <creationInfo>
    <agencyURI>smi:smi-registry/organization/EMSC</agencyURI>
    <authorURI>smi:smi-registry/organization/DHMR</authorURI>
    <creationTime>2014-12-01T15:48:14.169478Z</creationTime>
  </creationInfo>
  <description>
    <text>GOLFE DE TADJOURA, DJIBOUTI</text>
    <type>Flinn-Engdahl region</type>
  </description>
  <origin publicID="quakeml:eu.emsc/event/20060209_0000052/origin/HI698">
    <time>
      <value>2006-02-09T09:42:59.3Z</value>
    </time>
    <latitude>
      <value>11.63</value>
    </latitude>
    <longitude>
      <value>43.11</value>
    </longitude>
    <depth>
      <value>43000.0</value>
    </depth>
    <depthType>from location</depthType>
    <methodID>smi:eu.emsc-csem/origin_method/GEIGER</methodID>
    <quality>
      <usedPhaseCount>10</usedPhaseCount>
      <usedStationCount>6</usedStationCount>
      <azimuthalGap>320</azimuthalGap>
      <minimumDistance>1.85</minimumDistance>
      <maximumDistance>4.07</maximumDistance>
    </quality>
    <evaluationMode>manual</evaluationMode>
    <creationInfo>
      <agencyURI>smi:smi-registry/organization/EMSC</agencyURI>
      <authorURI>smi:smi-registry/organization/DHMR</authorURI>
    </creationInfo>
  </origin>
  <magnitude publicID="quakeml:eu.emsc/event/20060209_0000052/origin/HI698/mag/1">
    <mag>
      <value>3.4</value>
    </mag>
    <type>ml</type>
    <originID>quakeml:eu.emsc/event/20060209_0000052/origin/HI698</originID>
    <creationInfo>
      <agencyURI>smi:smi-registry/organization/EMSC</agencyURI>
      <authorURI>smi:smi-registry/organization/DHMR</authorURI>
    </creationInfo>
  </magnitude>
</event>
<event publicID="quakeml:eu.emsc/event/20060209_0000051">
  <preferredOriginID>quakeml:eu.emsc/event/20060209_0000051/origin/HI699</preferredOriginID>
  <preferredMagnitudeID>quakeml:eu.emsc/event/20060209_0000051/origin/HI699/mag/1</preferredMagnitudeID>
  <creationInfo>
    <agencyURI>smi:smi-registry/organization/EMSC</agencyURI>
    <authorURI>smi:smi-registry/organization/DHMR</authorURI>
    <creationTime>2014-12-01T15:52:09.97759Z</creationTime>
  </creationInfo>
  <description>
    <text>GOLFE DE TADJOURA, DJIBOUTI</text>
    <type>Flinn-Engdahl region</type>
  </description>
  <origin publicID="quakeml:eu.emsc/event/20060209_0000051/origin/HI699">
    <time>
      <value>2006-02-09T09:33:52.8Z</value>
    </time>
    <latitude>
      <value>11.73</value>
    </latitude>
    <longitude>
      <value>42.97</value>
    </longitude>
    <depth>
      <value>34000.0</value>
    </depth>
    <depthType>from location</depthType>
    <methodID>smi:eu.emsc-csem/origin_method/GEIGER</methodID>
    <quality>
      <usedPhaseCount>11</usedPhaseCount>
      <usedStationCount>6</usedStationCount>
      <azimuthalGap>318</azimuthalGap>
      <minimumDistance>1.85</minimumDistance>
      <maximumDistance>3.99</maximumDistance>
    </quality>
    <evaluationMode>manual</evaluationMode>
    <creationInfo>
      <agencyURI>smi:smi-registry/organization/EMSC</agencyURI>
      <authorURI>smi:smi-registry/organization/DHMR</authorURI>
    </creationInfo>
  </origin>
  <magnitude publicID="quakeml:eu.emsc/event/20060209_0000051/origin/HI699/mag/1">
    <mag>
      <value>4.1</value>
    </mag>
    <type>ml</type>
    <originID>quakeml:eu.emsc/event/20060209_0000051/origin/HI699</originID>
    <creationInfo>
      <agencyURI>smi:smi-registry/organization/EMSC</agencyURI>
      <authorURI>smi:smi-registry/organization/DHMR</authorURI>
    </creationInfo>
  </magnitude>
</event>
<event publicID="quakeml:eu.emsc/event/20060209_0000050">
  <preferredOriginID>quakeml:eu.emsc/event/20060209_0000050/origin/HI700</preferredOriginID>
  <preferredMagnitudeID>quakeml:eu.emsc/event/20060209_0000050/origin/HI700/mag/1</preferredMagnitudeID>
  <creationInfo>
    <agencyURI>smi:smi-registry/organization/EMSC</agencyURI>
    <authorURI>smi:smi-registry/organization/DHMR</authorURI>
    <creationTime>2014-12-01T15:52:10.16497Z</creationTime>
  </creationInfo>
  <description>
    <text>GOLFE DE TADJOURA, DJIBOUTI</text>
    <type>Flinn-Engdahl region</type>
  </description>
  <origin publicID="quakeml:eu.emsc/event/20060209_0000050/origin/HI700">
    <time>
      <value>2006-02-09T09:05:04.4Z</value>
    </time>
    <latitude>
      <value>11.67</value>
    </latitude>
    <longitude>
      <value>42.86</value>
    </longitude>
    <depth>
      <value>29000.0</value>
    </depth>
    <depthType>from location</depthType>
    <methodID>smi:eu.emsc-csem/origin_method/GEIGER</methodID>
    <quality>
      <usedPhaseCount>13</usedPhaseCount>
      <usedStationCount>7</usedStationCount>
      <azimuthalGap>294</azimuthalGap>
      <minimumDistance>1.97</minimumDistance>
      <maximumDistance>127.55</maximumDistance>
    </quality>
    <evaluationMode>manual</evaluationMode>
    <creationInfo>
      <agencyURI>smi:smi-registry/organization/EMSC</agencyURI>
      <authorURI>smi:smi-registry/organization/DHMR</authorURI>
    </creationInfo>
  </origin>
  <magnitude publicID="quakeml:eu.emsc/event/20060209_0000050/origin/HI700/mag/1">
    <mag>
      <value>4.2</value>
    </mag>
    <type>ml</type>
    <originID>quakeml:eu.emsc/event/20060209_0000050/origin/HI700</originID>
    <creationInfo>
      <agencyURI>smi:smi-registry/organization/EMSC</agencyURI>
      <authorURI>smi:smi-registry/organization/DHMR</authorURI>
    </creationInfo>
  </magnitude>
</event>
<event publicID="quakeml:eu.emsc/event/20060209_0000049">
  <preferredOriginID>quakeml:eu.emsc/event/20060209_0000049/origin/HI225</preferredOriginID>
  <preferredMagnitudeID>quakeml:eu.emsc/event/20060209_0000049/origin/HI225/mag/1</preferredMagnitudeID>
  <creationInfo>
    <agencyURI>smi:smi-registry/organization/EMSC</agencyURI>
    <authorURI>smi:smi-registry/organization/EMSC</authorURI>
    <creationTime>2014-12-01T13:20:50.638004Z</creationTime>
  </creationInfo>
  <description>
    <text>PAKISTAN</text>
    <type>Flinn-Engdahl region</type>
  </description>
  <origin publicID="quakeml:eu.emsc/event/20060209_0000049/origin/HI225">
    <time>
      <value>2006-02-09T07:48:27.0Z</value>
      <uncertainty>1.12</uncertainty>
    </time>
    <latitude>
      <value>34.81</value>
    </latitude>
    <longitude>
      <value>73.37</value>
    </longitude>
    <depth>
      <value>68000.0</value>
      <uncertainty>9.0</uncertainty>
    </depth>
    <depthType>from location</depthType>
    <methodID>smi:eu.emsc-csem/origin_method/NA</methodID>
    <quality>
      <usedPhaseCount>23</usedPhaseCount>
      <usedStationCount>22</usedStationCount>
      <standardError>0.99</standardError>
      <azimuthalGap>167</azimuthalGap>
      <minimumDistance>7.87</minimumDistance>
      <maximumDistance>82.83</maximumDistance>
    </quality>
    <evaluationMode>automatic</evaluationMode>
    <creationInfo>
      <agencyURI>smi:smi-registry/organization/EMSC</agencyURI>
      <authorURI>smi:smi-registry/organization/EMSC</authorURI>
    </creationInfo>
  </origin>
  <magnitude publicID="quakeml:eu.emsc/event/20060209_0000049/origin/HI225/mag/1">
    <mag>
      <value>4.7</value>
      <uncertainty>0.5</uncertainty>
    </mag>
    <type>mb</type>
    <originID>quakeml:eu.emsc/event/20060209_0000049/origin/HI225</originID>
    <creationInfo>
      <agencyURI>smi:smi-registry/organization/EMSC</agencyURI>
      <authorURI>smi:smi-registry/organization/EMSC</authorURI>
    </creationInfo>
  </magnitude>
</event>
<event publicID="quakeml:eu.emsc/event/20060209_0000048">
  <preferredOriginID>quakeml:eu.emsc/event/20060209_0000048/origin/1220601</preferredOriginID>
  <preferredMagnitudeID>quakeml:eu.emsc/event/20060209_0000048/origin/1220601/mag/1</preferredMagnitudeID>
  <creationInfo>
    <agencyURI>smi:smi-registry/organization/EMSC</agencyURI>
    <authorURI>smi:smi-registry/organization/EMSC</authorURI>
    <creationTime>2014-12-03T14:13:32.661832Z</creationTime>
  </creationInfo>
  <description>
    <text>SPAIN</text>
    <type>Flinn-Engdahl region</type>
  </description>
  <origin publicID="quakeml:eu.emsc/event/20060209_0000048/origin/1220601">
    <time>
      <value>2006-02-09T07:26:56.5Z</value>
      <uncertainty>0.11</uncertainty>
    </time>
    <latitude>
      <value>39.7138</value>
      <uncertainty>2.7</uncertainty>
    </latitude>
    <longitude>
      <value>-2.9623</value>
      <uncertainty>2.1</uncertainty>
    </longitude>
    <depth>
      <value>8000</value>
    </depth>
    <depthType>from location</depthType>
    <methodID>smi:eu.emsc-csem/origin_method/NA</methodID>
    <quality>
      <usedPhaseCount>70</usedPhaseCount>
      <usedStationCount>46</usedStationCount>
      <standardError>0.96</standardError>
      <azimuthalGap>38</azimuthalGap>
      <minimumDistance>0.77</minimumDistance>
      <maximumDistance>8.62</maximumDistance>
    </quality>
    <evaluationMode>manual</evaluationMode>
    <creationInfo>
      <agencyURI>smi:smi-registry/organization/EMSC</agencyURI>
      <authorURI>smi:smi-registry/organization/EMSC</authorURI>
    </creationInfo>
    <originUncertainty>
      <azimuthMaxHorizontalUncertainty>134</azimuthMaxHorizontalUncertainty>
    </originUncertainty>
  </origin>
  <magnitude publicID="quakeml:eu.emsc/event/20060209_0000048/origin/1220601/mag/1">
    <mag>
      <value>3.2</value>
      <uncertainty>0.3</uncertainty>
    </mag>
    <type>ML</type>
    <originID>quakeml:eu.emsc/event/20060209_0000048/origin/1220601</originID>
    <stationCount>17</stationCount>
    <creationInfo>
      <agencyURI>smi:smi-registry/organization/EMSC</agencyURI>
      <authorURI>smi:smi-registry/organization/EMSC</authorURI>
    </creationInfo>
  </magnitude>
</event>
<event publicID="quakeml:eu.emsc/event/20060209_0000047">
  <preferredOriginID>quakeml:eu.emsc/event/20060209_0000047/origin/HI701</preferredOriginID>
  <preferredMagnitudeID>quakeml:eu.emsc/event/20060209_0000047/origin/HI701/mag/1</preferredMagnitudeID>
  <creationInfo>
    <agencyURI>smi:smi-registry/organization/EMSC</agencyURI>
    <authorURI>smi:smi-registry/organization/DHMR</authorURI>
    <creationTime>2014-12-01T15:49:38.730437Z</creationTime>
  </creationInfo>
  <description>
    <text>GOLFE DE TADJOURA, DJIBOUTI</text>
    <type>Flinn-Engdahl region</type>
  </description>
  <origin publicID="quakeml:eu.emsc/event/20060209_0000047/origin/HI701">
    <time>
      <value>2006-02-09T07:09:23.9Z</value>
    </time>
    <latitude>
      <value>11.76</value>
    </latitude>
    <longitude>
      <value>43.29</value>
    </longitude>
    <depth>
      <value>29000.0</value>
    </depth>
    <depthType>from location</depthType>
    <methodID>smi:eu.emsc-csem/origin_method/GEIGER</methodID>
    <quality>
      <usedPhaseCount>9</usedPhaseCount>
      <usedStationCount>5</usedStationCount>
      <azimuthalGap>318</azimuthalGap>
      <minimumDistance>1.66</minimumDistance>
      <maximumDistance>3.93</maximumDistance>
    </quality>
    <evaluationMode>manual</evaluationMode>
    <creationInfo>
      <agencyURI>smi:smi-registry/organization/EMSC</agencyURI>
      <authorURI>smi:smi-registry/organization/DHMR</authorURI>
    </creationInfo>
  </origin>
  <magnitude publicID="quakeml:eu.emsc/event/20060209_0000047/origin/HI701/mag/1">
    <mag>
      <value>3.2</value>
    </mag>
    <type>ml</type>
    <originID>quakeml:eu.emsc/event/20060209_0000047/origin/HI701</originID>
    <creationInfo>
      <agencyURI>smi:smi-registry/organization/EMSC</agencyURI>
      <authorURI>smi:smi-registry/organization/DHMR</authorURI>
    </creationInfo>
  </magnitude>
</event>
<event publicID="quakeml:eu.emsc/event/20060209_0000045">
  <preferredOriginID>quakeml:eu.emsc/event/20060209_0000045/origin/1220605</preferredOriginID>
  <preferredMagnitudeID>quakeml:eu.emsc/event/20060209_0000045/origin/1220605/mag/2</preferredMagnitudeID>
  <creationInfo>
    <agencyURI>smi:smi-registry/organization/EMSC</agencyURI>
    <authorURI>smi:smi-registry/organization/EMSC</authorURI>
    <creationTime>2014-12-03T12:32:50.35006Z</creationTime>
  </creationInfo>
  <description>
    <text>SOUTHERN GREECE</text>
    <type>Flinn-Engdahl region</type>
  </description>
  <origin publicID="quakeml:eu.emsc/event/20060209_0000045/origin/1220605">
    <time>
      <value>2006-02-09T06:59:42.5Z</value>
      <uncertainty>0.63</uncertainty>
    </time>
    <latitude>
      <value>37.7164</value>
      <uncertainty>14.2</uncertainty>
    </latitude>
    <longitude>
      <value>21.2735</value>
      <uncertainty>7.9</uncertainty>
    </longitude>
    <depth>
      <value>2000</value>
    </depth>
    <depthType>from location</depthType>
    <methodID>smi:eu.emsc-csem/origin_method/NA</methodID>
    <quality>
      <usedPhaseCount>24</usedPhaseCount>
      <usedStationCount>22</usedStationCount>
      <standardError>1.27</standardError>
      <azimuthalGap>174</azimuthalGap>
      <minimumDistance>0.37</minimumDistance>
      <maximumDistance>9.87</maximumDistance>
    </quality>
    <evaluationMode>manual</evaluationMode>
    <creationInfo>
      <agencyURI>smi:smi-registry/organization/EMSC</agencyURI>
      <authorURI>smi:smi-registry/organization/EMSC</authorURI>
    </creationInfo>
    <originUncertainty>
      <azimuthMaxHorizontalUncertainty>50</azimuthMaxHorizontalUncertainty>
    </originUncertainty>
  </origin>
  <magnitude publicID="quakeml:eu.emsc/event/20060209_0000045/origin/1220605/mag/2">
    <mag>
      <value>3.6</value>
    </mag>
    <type>ML</type>
    <originID>quakeml:eu.emsc/event/20060209_0000045/origin/1220605</originID>
    <creationInfo>
      <agencyURI>smi:smi-registry/organization/EMSC</agencyURI>
      <authorURI>smi:smi-registry/organization/EMSC</authorURI>
    </creationInfo>
  </magnitude>
</event>
<event publicID="quakeml:eu.emsc/event/20060209_0000044">
  <preferredOriginID>quakeml:eu.emsc/event/20060209_0000044/origin/HI816</preferredOriginID>
  <preferredMagnitudeID>quakeml:eu.emsc/event/20060209_0000044/origin/HI816/mag/1</preferredMagnitudeID>
  <creationInfo>
    <agencyURI>smi:smi-registry/organization/EMSC</agencyURI>
    <authorURI>smi:smi-registry/organization/NNC</authorURI>
    <creationTime>2014-12-01T13:33:31.65837Z</creationTime>
  </creationInfo>
  <description>
    <text>SOUTHERN XINJIANG, CHINA</text>
    <type>Flinn-Engdahl region</type>
  </description>
  <origin publicID="quakeml:eu.emsc/event/20060209_0000044/origin/HI816">
    <time>
      <value>2006-02-09T06:40:46.0Z</value>
    </time>
    <latitude>
      <value>40.54</value>
    </latitude>
    <longitude>
      <value>84.56</value>
    </longitude>
    <depth>
      <value>1000.0</value>
    </depth>
    <depthType>from location</depthType>
    <methodID>smi:eu.emsc-csem/origin_method/GEIGER</methodID>
    <quality>
      <usedPhaseCount>2</usedPhaseCount>
      <usedStationCount>1</usedStationCount>
      <azimuthalGap>360</azimuthalGap>
      <minimumDistance>6.44</minimumDistance>
      <maximumDistance>6.44</maximumDistance>
    </quality>
    <evaluationMode>automatic</evaluationMode>
    <creationInfo>
      <agencyURI>smi:smi-registry/organization/EMSC</agencyURI>
      <authorURI>smi:smi-registry/organization/NNC</authorURI>
    </creationInfo>
  </origin>
  <magnitude publicID="quakeml:eu.emsc/event/20060209_0000044/origin/HI816/mag/1">
    <mag>
      <value>3.1</value>
    </mag>
    <type>ml</type>
    <originID>quakeml:eu.emsc/event/20060209_0000044/origin/HI816</originID>
    <creationInfo>
      <agencyURI>smi:smi-registry/organization/EMSC</agencyURI>
      <authorURI>smi:smi-registry/organization/NNC</authorURI>
    </creationInfo>
  </magnitude>
</event>
<event publicID="quakeml:eu.emsc/event/20060209_0000043">
  <preferredOriginID>quakeml:eu.emsc/event/20060209_0000043/origin/HI702</preferredOriginID>
  <preferredMagnitudeID>quakeml:eu.emsc/event/20060209_0000043/origin/HI702/mag/1</preferredMagnitudeID>
  <creationInfo>
    <agencyURI>smi:smi-registry/organization/EMSC</agencyURI>
    <authorURI>smi:smi-registry/organization/DHMR</authorURI>
    <creationTime>2014-12-01T15:46:54.320217Z</creationTime>
  </creationInfo>
  <description>
    <text>GOLFE DE TADJOURA, DJIBOUTI</text>
    <type>Flinn-Engdahl region</type>
  </description>
  <origin publicID="quakeml:eu.emsc/event/20060209_0000043/origin/HI702">
    <time>
      <value>2006-02-09T06:27:29.0Z</value>
    </time>
    <latitude>
      <value>11.62</value>
    </latitude>
    <longitude>
      <value>43.03</value>
    </longitude>
    <depth>
      <value>35000.0</value>
    </depth>
    <depthType>from location</depthType>
    <methodID>smi:eu.emsc-csem/origin_method/GEIGER</methodID>
    <quality>
      <usedPhaseCount>11</usedPhaseCount>
      <usedStationCount>6</usedStationCount>
      <azimuthalGap>320</azimuthalGap>
      <minimumDistance>1.90</minimumDistance>
      <maximumDistance>4.09</maximumDistance>
    </quality>
    <evaluationMode>manual</evaluationMode>
    <creationInfo>
      <agencyURI>smi:smi-registry/organization/EMSC</agencyURI>
      <authorURI>smi:smi-registry/organization/DHMR</authorURI>
    </creationInfo>
  </origin>
  <magnitude publicID="quakeml:eu.emsc/event/20060209_0000043/origin/HI702/mag/1">
    <mag>
      <value>3.8</value>
    </mag>
    <type>ml</type>
    <originID>quakeml:eu.emsc/event/20060209_0000043/origin/HI702</originID>
    <creationInfo>
      <agencyURI>smi:smi-registry/organization/EMSC</agencyURI>
      <authorURI>smi:smi-registry/organization/DHMR</authorURI>
    </creationInfo>
  </magnitude>
</event>
<event publicID="quakeml:eu.emsc/event/20060209_0000042">
  <preferredOriginID>quakeml:eu.emsc/event/20060209_0000042/origin/1220607</preferredOriginID>
  <preferredMagnitudeID>quakeml:eu.emsc/event/20060209_0000042/origin/1220607/mag/2</preferredMagnitudeID>
  <creationInfo>
    <agencyURI>smi:smi-registry/organization/EMSC</agencyURI>
    <authorURI>smi:smi-registry/organization/EMSC</authorURI>
    <creationTime>2014-12-03T14:53:43.706353Z</creationTime>
  </creationInfo>
  <description>
    <text>EASTERN TURKEY</text>
    <type>Flinn-Engdahl region</type>
  </description>
  <origin publicID="quakeml:eu.emsc/event/20060209_0000042/origin/1220607">
    <time>
      <value>2006-02-09T06:00:00.5Z</value>
      <uncertainty>0.14</uncertainty>
    </time>
    <latitude>
      <value>38.383</value>
      <uncertainty>3.9</uncertainty>
    </latitude>
    <longitude>
      <value>39.1883</value>
      <uncertainty>3</uncertainty>
    </longitude>
    <depth>
      <value>2000</value>
    </depth>
    <depthType>from location</depthType>
    <methodID>smi:eu.emsc-csem/origin_method/NA</methodID>
    <quality>
      <usedPhaseCount>19</usedPhaseCount>
      <usedStationCount>14</usedStationCount>
      <standardError>0.54</standardError>
      <azimuthalGap>67</azimuthalGap>
      <minimumDistance>0.2</minimumDistance>
      <maximumDistance>2.29</maximumDistance>
    </quality>
    <evaluationMode>manual</evaluationMode>
    <creationInfo>
      <agencyURI>smi:smi-registry/organization/EMSC</agencyURI>
      <authorURI>smi:smi-registry/organization/EMSC</authorURI>
    </creationInfo>
    <originUncertainty>
      <azimuthMaxHorizontalUncertainty>5</azimuthMaxHorizontalUncertainty>
    </originUncertainty>
  </origin>
  <magnitude publicID="quakeml:eu.emsc/event/20060209_0000042/origin/1220607/mag/2">
    <mag>
      <value>3.2</value>
    </mag>
    <type>MD</type>
    <originID>quakeml:eu.emsc/event/20060209_0000042/origin/1220607</originID>
    <creationInfo>
      <agencyURI>smi:smi-registry/organization/EMSC</agencyURI>
      <authorURI>smi:smi-registry/organization/EMSC</authorURI>
    </creationInfo>
  </magnitude>
</event>
<event publicID="quakeml:eu.emsc/event/20060209_0000041">
  <preferredOriginID>quakeml:eu.emsc/event/20060209_0000041/origin/HI837</preferredOriginID>
  <preferredMagnitudeID>quakeml:eu.emsc/event/20060209_0000041/origin/HI837/mag/1</preferredMagnitudeID>
  <creationInfo>
    <agencyURI>smi:smi-registry/organization/EMSC</agencyURI>
    <authorURI>smi:smi-registry/organization/GFZ</authorURI>
    <creationTime>2014-12-01T12:41:42.832148Z</creationTime>
  </creationInfo>
  <description>
    <text>POLAND</text>
    <type>Flinn-Engdahl region</type>
  </description>
  <origin publicID="quakeml:eu.emsc/event/20060209_0000041/origin/HI837">
    <time>
      <value>2006-02-09T05:59:53.0Z</value>
    </time>
    <latitude>
      <value>53.38</value>
    </latitude>
    <longitude>
      <value>19.73</value>
    </longitude>
    <depth>
      <value>33000.0</value>
    </depth>
    <depthType>from location</depthType>
    <methodID>smi:eu.emsc-csem/origin_method/GEIGER</methodID>
    <quality>
      <usedPhaseCount>8</usedPhaseCount>
      <usedStationCount>8</usedStationCount>
      <azimuthalGap>164</azimuthalGap>
      <minimumDistance>4.36</minimumDistance>
      <maximumDistance>56.37</maximumDistance>
    </quality>
    <evaluationMode>automatic</evaluationMode>
    <creationInfo>
      <agencyURI>smi:smi-registry/organization/EMSC</agencyURI>
      <authorURI>smi:smi-registry/organization/GFZ</authorURI>
    </creationInfo>
  </origin>
  <magnitude publicID="quakeml:eu.emsc/event/20060209_0000041/origin/HI837/mag/1">
    <mag>
      <value>3.8</value>
    </mag>
    <type>ml</type>
    <originID>quakeml:eu.emsc/event/20060209_0000041/origin/HI837</originID>
    <creationInfo>
      <agencyURI>smi:smi-registry/organization/EMSC</agencyURI>
      <authorURI>smi:smi-registry/organization/GFZ</authorURI>
    </creationInfo>
  </magnitude>
</event>
<event publicID="quakeml:eu.emsc/event/20060209_0000040">
  <preferredOriginID>quakeml:eu.emsc/event/20060209_0000040/origin/1220610</preferredOriginID>
  <preferredMagnitudeID>quakeml:eu.emsc/event/20060209_0000040/origin/1220610/mag/1</preferredMagnitudeID>
  <creationInfo>
    <agencyURI>smi:smi-registry/organization/EMSC</agencyURI>
    <authorURI>smi:smi-registry/organization/EMSC</authorURI>
    <creationTime>2014-12-03T14:33:52.51678Z</creationTime>
  </creationInfo>
  <description>
    <text>CENTRAL ITALY</text>
    <type>Flinn-Engdahl region</type>
  </description>
  <origin publicID="quakeml:eu.emsc/event/20060209_0000040/origin/1220610">
    <time>
      <value>2006-02-09T05:55:48.4Z</value>
      <uncertainty>0.14</uncertainty>
    </time>
    <latitude>
      <value>42.7562</value>
      <uncertainty>3.7</uncertainty>
    </latitude>
    <longitude>
      <value>12.7493</value>
      <uncertainty>2.6</uncertainty>
    </longitude>
    <depth>
      <value>12000</value>
    </depth>
    <depthType>from location</depthType>
    <methodID>smi:eu.emsc-csem/origin_method/NA</methodID>
    <quality>
      <usedPhaseCount>44</usedPhaseCount>
      <usedStationCount>34</usedStationCount>
      <standardError>0.99</standardError>
      <azimuthalGap>47</azimuthalGap>
      <minimumDistance>0.26</minimumDistance>
      <maximumDistance>21.63</maximumDistance>
    </quality>
    <evaluationMode>manual</evaluationMode>
    <creationInfo>
      <agencyURI>smi:smi-registry/organization/EMSC</agencyURI>
      <authorURI>smi:smi-registry/organization/EMSC</authorURI>
    </creationInfo>
    <originUncertainty>
      <azimuthMaxHorizontalUncertainty>52</azimuthMaxHorizontalUncertainty>
    </originUncertainty>
  </origin>
  <magnitude publicID="quakeml:eu.emsc/event/20060209_0000040/origin/1220610/mag/1">
    <mag>
      <value>3.5</value>
      <uncertainty>0.5</uncertainty>
    </mag>
    <type>ML</type>
    <originID>quakeml:eu.emsc/event/20060209_0000040/origin/1220610</originID>
    <stationCount>9</stationCount>
    <creationInfo>
      <agencyURI>smi:smi-registry/organization/EMSC</agencyURI>
      <authorURI>smi:smi-registry/organization/EMSC</authorURI>
    </creationInfo>
  </magnitude>
</event>
<event publicID="quakeml:eu.emsc/event/20060209_0000039">
  <preferredOriginID>quakeml:eu.emsc/event/20060209_0000039/origin/HI227</preferredOriginID>
  <preferredMagnitudeID>quakeml:eu.emsc/event/20060209_0000039/origin/HI227/mag/1</preferredMagnitudeID>
  <creationInfo>
    <agencyURI>smi:smi-registry/organization/EMSC</agencyURI>
    <authorURI>smi:smi-registry/organization/EMSC</authorURI>
    <creationTime>2014-12-01T13:33:31.609437Z</creationTime>
  </creationInfo>
  <description>
    <text>KEPULAUAN KAI, INDONESIA</text>
    <type>Flinn-Engdahl region</type>
  </description>
  <origin publicID="quakeml:eu.emsc/event/20060209_0000039/origin/HI227">
    <time>
      <value>2006-02-09T05:44:24.2Z</value>
      <uncertainty>0.32</uncertainty>
    </time>
    <latitude>
      <value>-5.2</value>
    </latitude>
    <longitude>
      <value>133.1</value>
    </longitude>
    <depth>
      <value>10000.0</value>
    </depth>
    <depthType>from location</depthType>
    <methodID>smi:eu.emsc-csem/origin_method/NA</methodID>
    <quality>
      <usedPhaseCount>25</usedPhaseCount>
      <usedStationCount>25</usedStationCount>
      <standardError>1.30</standardError>
      <azimuthalGap>100</azimuthalGap>
      <minimumDistance>13.20</minimumDistance>
      <maximumDistance>97.98</maximumDistance>
    </quality>
    <evaluationMode>automatic</evaluationMode>
    <creationInfo>
      <agencyURI>smi:smi-registry/organization/EMSC</agencyURI>
      <authorURI>smi:smi-registry/organization/EMSC</authorURI>
    </creationInfo>
  </origin>
  <magnitude publicID="quakeml:eu.emsc/event/20060209_0000039/origin/HI227/mag/1">
    <mag>
      <value>5.4</value>
      <uncertainty>0.2</uncertainty>
    </mag>
    <type>mb</type>
    <originID>quakeml:eu.emsc/event/20060209_0000039/origin/HI227</originID>
    <creationInfo>
      <agencyURI>smi:smi-registry/organization/EMSC</agencyURI>
      <authorURI>smi:smi-registry/organization/EMSC</authorURI>
    </creationInfo>
  </magnitude>
</event>
<event publicID="quakeml:eu.emsc/event/20060209_0000038">
  <preferredOriginID>quakeml:eu.emsc/event/20060209_0000038/origin/HI703</preferredOriginID>
  <preferredMagnitudeID>quakeml:eu.emsc/event/20060209_0000038/origin/HI703/mag/1</preferredMagnitudeID>
  <creationInfo>
    <agencyURI>smi:smi-registry/organization/EMSC</agencyURI>
    <authorURI>smi:smi-registry/organization/DHMR</authorURI>
    <creationTime>2014-12-01T15:43:05.184597Z</creationTime>
  </creationInfo>
  <description>
    <text>GOLFE DE TADJOURA, DJIBOUTI</text>
    <type>Flinn-Engdahl region</type>
  </description>
  <origin publicID="quakeml:eu.emsc/event/20060209_0000038/origin/HI703">
    <time>
      <value>2006-02-09T05:34:40.4Z</value>
    </time>
    <latitude>
      <value>11.66</value>
    </latitude>
    <longitude>
      <value>43.03</value>
    </longitude>
    <depth>
      <value>24000.0</value>
    </depth>
    <depthType>from location</depthType>
    <methodID>smi:eu.emsc-csem/origin_method/GEIGER</methodID>
    <quality>
      <usedPhaseCount>6</usedPhaseCount>
      <usedStationCount>3</usedStationCount>
      <azimuthalGap>334</azimuthalGap>
      <minimumDistance>1.87</minimumDistance>
      <maximumDistance>2.77</maximumDistance>
    </quality>
    <evaluationMode>manual</evaluationMode>
    <creationInfo>
      <agencyURI>smi:smi-registry/organization/EMSC</agencyURI>
      <authorURI>smi:smi-registry/organization/DHMR</authorURI>
    </creationInfo>
  </origin>
  <magnitude publicID="quakeml:eu.emsc/event/20060209_0000038/origin/HI703/mag/1">
    <mag>
      <value>3.1</value>
    </mag>
    <type>ml</type>
    <originID>quakeml:eu.emsc/event/20060209_0000038/origin/HI703</originID>
    <creationInfo>
      <agencyURI>smi:smi-registry/organization/EMSC</agencyURI>
      <authorURI>smi:smi-registry/organization/DHMR</authorURI>
    </creationInfo>
  </magnitude>
</event>
<event publicID="quakeml:eu.emsc/event/20060209_0000037">
  <preferredOriginID>quakeml:eu.emsc/event/20060209_0000037/origin/HI826</preferredOriginID>
  <preferredMagnitudeID>quakeml:eu.emsc/event/20060209_0000037/origin/HI826/mag/1</preferredMagnitudeID>
  <creationInfo>
    <agencyURI>smi:smi-registry/organization/EMSC</agencyURI>
    <authorURI>smi:smi-registry/organization/OBN</authorURI>
    <creationTime>2014-12-01T12:16:01.743586Z</creationTime>
  </creationInfo>
  <description>
    <text>SOUTHERN XINJIANG, CHINA</text>
    <type>Flinn-Engdahl region</type>
  </description>
  <origin publicID="quakeml:eu.emsc/event/20060209_0000037/origin/HI826">
    <time>
      <value>2006-02-09T05:03:44.3Z</value>
    </time>
    <latitude>
      <value>38.54</value>
    </latitude>
    <longitude>
      <value>74.08</value>
    </longitude>
    <depth>
      <value>180000.0</value>
    </depth>
    <depthType>from location</depthType>
    <methodID>smi:eu.emsc-csem/origin_method/GEIGER</methodID>
    <quality>
      <usedPhaseCount>12</usedPhaseCount>
      <usedStationCount>10</usedStationCount>
      <azimuthalGap>235</azimuthalGap>
      <minimumDistance>4.11</minimumDistance>
      <maximumDistance>25.61</maximumDistance>
    </quality>
    <evaluationMode>manual</evaluationMode>
    <creationInfo>
      <agencyURI>smi:smi-registry/organization/EMSC</agencyURI>
      <authorURI>smi:smi-registry/organization/OBN</authorURI>
    </creationInfo>
  </origin>
  <magnitude publicID="quakeml:eu.emsc/event/20060209_0000037/origin/HI826/mag/1">
    <mag>
      <value>4.1</value>
    </mag>
    <type>mb</type>
    <originID>quakeml:eu.emsc/event/20060209_0000037/origin/HI826</originID>
    <creationInfo>
      <agencyURI>smi:smi-registry/organization/EMSC</agencyURI>
      <authorURI>smi:smi-registry/organization/OBN</authorURI>
    </creationInfo>
  </magnitude>
</event>
<event publicID="quakeml:eu.emsc/event/20060209_0000036">
  <preferredOriginID>quakeml:eu.emsc/event/20060209_0000036/origin/HI709</preferredOriginID>
  <preferredMagnitudeID>quakeml:eu.emsc/event/20060209_0000036/origin/HI709/mag/1</preferredMagnitudeID>
  <creationInfo>
    <agencyURI>smi:smi-registry/organization/EMSC</agencyURI>
    <authorURI>smi:smi-registry/organization/DHMR</authorURI>
    <creationTime>2014-12-01T15:52:14.38279Z</creationTime>
  </creationInfo>
  <description>
    <text>GOLFE DE TADJOURA, DJIBOUTI</text>
    <type>Flinn-Engdahl region</type>
  </description>
  <origin publicID="quakeml:eu.emsc/event/20060209_0000036/origin/HI709">
    <time>
      <value>2006-02-09T04:53:48.5Z</value>
    </time>
    <latitude>
      <value>11.73</value>
    </latitude>
    <longitude>
      <value>42.91</value>
    </longitude>
    <depth>
      <value>35000.0</value>
    </depth>
    <depthType>from location</depthType>
    <methodID>smi:eu.emsc-csem/origin_method/GEIGER</methodID>
    <quality>
      <usedPhaseCount>8</usedPhaseCount>
      <usedStationCount>4</usedStationCount>
      <azimuthalGap>334</azimuthalGap>
      <minimumDistance>1.89</minimumDistance>
      <maximumDistance>3.16</maximumDistance>
    </quality>
    <evaluationMode>manual</evaluationMode>
    <creationInfo>
      <agencyURI>smi:smi-registry/organization/EMSC</agencyURI>
      <authorURI>smi:smi-registry/organization/DHMR</authorURI>
    </creationInfo>
  </origin>
  <magnitude publicID="quakeml:eu.emsc/event/20060209_0000036/origin/HI709/mag/1">
    <mag>
      <value>3.1</value>
    </mag>
    <type>ml</type>
    <originID>quakeml:eu.emsc/event/20060209_0000036/origin/HI709</originID>
    <creationInfo>
      <agencyURI>smi:smi-registry/organization/EMSC</agencyURI>
      <authorURI>smi:smi-registry/organization/DHMR</authorURI>
    </creationInfo>
  </magnitude>
</event>
<event publicID="quakeml:eu.emsc/event/20060209_0000064">
  <preferredOriginID>quakeml:eu.emsc/event/20060209_0000064/origin/1203954</preferredOriginID>
  <preferredMagnitudeID>quakeml:eu.emsc/event/20060209_0000064/origin/1203954/mag/2</preferredMagnitudeID>
  <creationInfo>
    <agencyURI>smi:smi-registry/organization/EMSC</agencyURI>
    <authorURI>smi:smi-registry/organization/EMSC</authorURI>
    <creationTime>2014-12-11T20:03:15.539274Z</creationTime>
  </creationInfo>
  <description>
    <text>SOUTHERN GREECE</text>
    <type>Flinn-Engdahl region</type>
  </description>
  <origin publicID="quakeml:eu.emsc/event/20060209_0000064/origin/1203954">
    <time>
      <value>2006-02-09T04:35:13.0Z</value>
    </time>
    <latitude>
      <value>37.12</value>
      <uncertainty>9999.9</uncertainty>
    </latitude>
    <longitude>
      <value>21.58</value>
      <uncertainty>9999.9</uncertainty>
    </longitude>
    <depth>
      <value>19000</value>
    </depth>
    <depthType>from location</depthType>
    <methodID>smi:eu.emsc-csem/origin_method/NA</methodID>
    <quality>
      <usedPhaseCount>10</usedPhaseCount>
      <usedStationCount>7</usedStationCount>
      <standardError>1.72</standardError>
      <azimuthalGap>198</azimuthalGap>
      <minimumDistance>0.28</minimumDistance>
      <maximumDistance>1.9</maximumDistance>
    </quality>
    <evaluationMode>manual</evaluationMode>
    <creationInfo>
      <agencyURI>smi:smi-registry/organization/EMSC</agencyURI>
      <authorURI>smi:smi-registry/organization/EMSC</authorURI>
    </creationInfo>
    <originUncertainty>
      <azimuthMaxHorizontalUncertainty>-99</azimuthMaxHorizontalUncertainty>
    </originUncertainty>
  </origin>
  <magnitude publicID="quakeml:eu.emsc/event/20060209_0000064/origin/1203954/mag/2">
    <mag>
      <value>3.4</value>
    </mag>
    <type>MD</type>
    <originID>quakeml:eu.emsc/event/20060209_0000064/origin/1203954</originID>
    <creationInfo>
      <agencyURI>smi:smi-registry/organization/EMSC</agencyURI>
      <authorURI>smi:smi-registry/organization/EMSC</authorURI>
    </creationInfo>
  </magnitude>
</event>
<event publicID="quakeml:eu.emsc/event/20060209_0000067">
  <preferredOriginID>quakeml:eu.emsc/event/20060209_0000067/origin/1203956</preferredOriginID>
  <preferredMagnitudeID>quakeml:eu.emsc/event/20060209_0000067/origin/1203956/mag/2</preferredMagnitudeID>
  <creationInfo>
    <agencyURI>smi:smi-registry/organization/EMSC</agencyURI>
    <authorURI>smi:smi-registry/organization/EMSC</authorURI>
    <creationTime>2014-12-11T20:03:13.15499Z</creationTime>
  </creationInfo>
  <description>
    <text>CENTRAL MEDITERRANEAN SEA</text>
    <type>Flinn-Engdahl region</type>
  </description>
  <origin publicID="quakeml:eu.emsc/event/20060209_0000067/origin/1203956">
    <time>
      <value>2006-02-09T04:26:15.4Z</value>
    </time>
    <latitude>
      <value>35.95</value>
      <uncertainty>9999.9</uncertainty>
    </latitude>
    <longitude>
      <value>22.26</value>
      <uncertainty>9999.9</uncertainty>
    </longitude>
    <depth>
      <value>21000</value>
    </depth>
    <depthType>from location</depthType>
    <methodID>smi:eu.emsc-csem/origin_method/NA</methodID>
    <quality>
      <usedPhaseCount>5</usedPhaseCount>
      <usedStationCount>4</usedStationCount>
      <standardError>2</standardError>
      <azimuthalGap>239</azimuthalGap>
      <minimumDistance>0.71</minimumDistance>
      <maximumDistance>1.67</maximumDistance>
    </quality>
    <evaluationMode>manual</evaluationMode>
    <creationInfo>
      <agencyURI>smi:smi-registry/organization/EMSC</agencyURI>
      <authorURI>smi:smi-registry/organization/EMSC</authorURI>
    </creationInfo>
    <originUncertainty>
      <azimuthMaxHorizontalUncertainty>-99</azimuthMaxHorizontalUncertainty>
    </originUncertainty>
  </origin>
  <magnitude publicID="quakeml:eu.emsc/event/20060209_0000067/origin/1203956/mag/2">
    <mag>
      <value>3.4</value>
    </mag>
    <type>MD</type>
    <originID>quakeml:eu.emsc/event/20060209_0000067/origin/1203956</originID>
    <creationInfo>
      <agencyURI>smi:smi-registry/organization/EMSC</agencyURI>
      <authorURI>smi:smi-registry/organization/EMSC</authorURI>
    </creationInfo>
  </magnitude>
</event>
<event publicID="quakeml:eu.emsc/event/20060209_0000035">
  <preferredOriginID>quakeml:eu.emsc/event/20060209_0000035/origin/HI805</preferredOriginID>
  <preferredMagnitudeID>quakeml:eu.emsc/event/20060209_0000035/origin/HI805/mag/1</preferredMagnitudeID>
  <creationInfo>
    <agencyURI>smi:smi-registry/organization/EMSC</agencyURI>
    <authorURI>smi:smi-registry/organization/EMSC</authorURI>
    <creationTime>2014-12-01T13:59:25.764511Z</creationTime>
  </creationInfo>
  <description>
    <text>PAKISTAN</text>
    <type>Flinn-Engdahl region</type>
  </description>
  <origin publicID="quakeml:eu.emsc/event/20060209_0000035/origin/HI805">
    <time>
      <value>2006-02-09T03:23:21.5Z</value>
      <uncertainty>2.00</uncertainty>
    </time>
    <latitude>
      <value>36.01</value>
    </latitude>
    <longitude>
      <value>71.29</value>
    </longitude>
    <depth>
      <value>192000.0</value>
      <uncertainty>10.7</uncertainty>
    </depth>
    <depthType>from location</depthType>
    <methodID>smi:eu.emsc-csem/origin_method/NA</methodID>
    <quality>
      <usedPhaseCount>11</usedPhaseCount>
      <usedStationCount>11</usedStationCount>
      <standardError>0.68</standardError>
      <azimuthalGap>272</azimuthalGap>
      <minimumDistance>7.07</minimumDistance>
      <maximumDistance>81.72</maximumDistance>
    </quality>
    <evaluationMode>automatic</evaluationMode>
    <creationInfo>
      <agencyURI>smi:smi-registry/organization/EMSC</agencyURI>
      <authorURI>smi:smi-registry/organization/EMSC</authorURI>
    </creationInfo>
  </origin>
  <magnitude publicID="quakeml:eu.emsc/event/20060209_0000035/origin/HI805/mag/1">
    <mag>
      <value>3.9</value>
      <uncertainty>0.2</uncertainty>
    </mag>
    <type>mb</type>
    <originID>quakeml:eu.emsc/event/20060209_0000035/origin/HI805</originID>
    <creationInfo>
      <agencyURI>smi:smi-registry/organization/EMSC</agencyURI>
      <authorURI>smi:smi-registry/organization/EMSC</authorURI>
    </creationInfo>
  </magnitude>
</event>
<event publicID="quakeml:eu.emsc/event/20060209_0000072">
  <preferredOriginID>quakeml:eu.emsc/event/20060209_0000072/origin/1203958</preferredOriginID>
  <preferredMagnitudeID>quakeml:eu.emsc/event/20060209_0000072/origin/1203958/mag/2</preferredMagnitudeID>
  <creationInfo>
    <agencyURI>smi:smi-registry/organization/EMSC</agencyURI>
    <authorURI>smi:smi-registry/organization/EMSC</authorURI>
    <creationTime>2014-12-11T20:03:10.366743Z</creationTime>
  </creationInfo>
  <description>
    <text>WESTERN IRAN</text>
    <type>Flinn-Engdahl region</type>
  </description>
  <origin publicID="quakeml:eu.emsc/event/20060209_0000072/origin/1203958">
    <time>
      <value>2006-02-09T01:28:46.3Z</value>
    </time>
    <latitude>
      <value>32.444</value>
      <uncertainty>9999.9</uncertainty>
    </latitude>
    <longitude>
      <value>48.932</value>
      <uncertainty>9999.9</uncertainty>
    </longitude>
    <depth>
      <value>18000</value>
    </depth>
    <depthType>from location</depthType>
    <methodID>smi:eu.emsc-csem/origin_method/NA</methodID>
    <quality>
      <usedPhaseCount>6</usedPhaseCount>
      <usedStationCount>4</usedStationCount>
      <standardError>1.73</standardError>
      <azimuthalGap>135</azimuthalGap>
      <minimumDistance>0.35</minimumDistance>
      <maximumDistance>3.29</maximumDistance>
    </quality>
    <evaluationMode>manual</evaluationMode>
    <creationInfo>
      <agencyURI>smi:smi-registry/organization/EMSC</agencyURI>
      <authorURI>smi:smi-registry/organization/EMSC</authorURI>
    </creationInfo>
    <originUncertainty>
      <azimuthMaxHorizontalUncertainty>-99</azimuthMaxHorizontalUncertainty>
    </originUncertainty>
  </origin>
  <magnitude publicID="quakeml:eu.emsc/event/20060209_0000072/origin/1203958/mag/2">
    <mag>
      <value>2.7</value>
    </mag>
    <type>ML</type>
    <originID>quakeml:eu.emsc/event/20060209_0000072/origin/1203958</originID>
    <creationInfo>
      <agencyURI>smi:smi-registry/organization/EMSC</agencyURI>
      <authorURI>smi:smi-registry/organization/EMSC</authorURI>
    </creationInfo>
  </magnitude>
</event>
<event publicID="quakeml:eu.emsc/event/20060209_0000073">
  <preferredOriginID>quakeml:eu.emsc/event/20060209_0000073/origin/1218885</preferredOriginID>
  <preferredMagnitudeID>quakeml:eu.emsc/event/20060209_0000073/origin/1218885/mag/1</preferredMagnitudeID>
  <creationInfo>
    <agencyURI>smi:smi-registry/organization/EMSC</agencyURI>
    <authorURI>smi:smi-registry/organization/EMSC</authorURI>
    <creationTime>2014-12-03T11:43:29.420603Z</creationTime>
  </creationInfo>
  <description>
    <text>NEAR SOUTH COAST OF FRANCE</text>
    <type>Flinn-Engdahl region</type>
  </description>
  <origin publicID="quakeml:eu.emsc/event/20060209_0000073/origin/1218885">
    <time>
      <value>2006-02-09T01:20:16.7Z</value>
      <uncertainty>0.16</uncertainty>
    </time>
    <latitude>
      <value>43.5858</value>
      <uncertainty>2.7</uncertainty>
    </latitude>
    <longitude>
      <value>7.6624</value>
      <uncertainty>2.2</uncertainty>
    </longitude>
    <depth>
      <value>15000</value>
    </depth>
    <depthType>from location</depthType>
    <methodID>smi:eu.emsc-csem/origin_method/NA</methodID>
    <quality>
      <usedPhaseCount>43</usedPhaseCount>
      <usedStationCount>21</usedStationCount>
      <standardError>0.6</standardError>
      <azimuthalGap>117</azimuthalGap>
      <minimumDistance>0.26</minimumDistance>
      <maximumDistance>1.85</maximumDistance>
    </quality>
    <evaluationMode>manual</evaluationMode>
    <creationInfo>
      <agencyURI>smi:smi-registry/organization/EMSC</agencyURI>
      <authorURI>smi:smi-registry/organization/EMSC</authorURI>
    </creationInfo>
    <originUncertainty>
      <azimuthMaxHorizontalUncertainty>142</azimuthMaxHorizontalUncertainty>
    </originUncertainty>
  </origin>
  <magnitude publicID="quakeml:eu.emsc/event/20060209_0000073/origin/1218885/mag/1">
    <mag>
      <value>1.8</value>
      <uncertainty>0.3</uncertainty>
    </mag>
    <type>ML</type>
    <originID>quakeml:eu.emsc/event/20060209_0000073/origin/1218885</originID>
    <stationCount>7</stationCount>
    <creationInfo>
      <agencyURI>smi:smi-registry/organization/EMSC</agencyURI>
      <authorURI>smi:smi-registry/organization/EMSC</authorURI>
    </creationInfo>
  </magnitude>
</event>
<event publicID="quakeml:eu.emsc/event/20060209_0000034">
  <preferredOriginID>quakeml:eu.emsc/event/20060209_0000034/origin/1220614</preferredOriginID>
  <preferredMagnitudeID>quakeml:eu.emsc/event/20060209_0000034/origin/1220614/mag/1</preferredMagnitudeID>
  <creationInfo>
    <agencyURI>smi:smi-registry/organization/EMSC</agencyURI>
    <authorURI>smi:smi-registry/organization/EMSC</authorURI>
    <creationTime>2014-12-03T12:58:17.506305Z</creationTime>
  </creationInfo>
  <description>
    <text>CENTRAL ITALY</text>
    <type>Flinn-Engdahl region</type>
  </description>
  <origin publicID="quakeml:eu.emsc/event/20060209_0000034/origin/1220614">
    <time>
      <value>2006-02-09T01:01:07.8Z</value>
      <uncertainty>0.09</uncertainty>
    </time>
    <latitude>
      <value>42.7541</value>
      <uncertainty>2.5</uncertainty>
    </latitude>
    <longitude>
      <value>12.7445</value>
      <uncertainty>1.8</uncertainty>
    </longitude>
    <depth>
      <value>2000</value>
    </depth>
    <depthType>from location</depthType>
    <methodID>smi:eu.emsc-csem/origin_method/NA</methodID>
    <quality>
      <usedPhaseCount>85</usedPhaseCount>
      <usedStationCount>66</usedStationCount>
      <standardError>0.96</standardError>
      <azimuthalGap>36</azimuthalGap>
      <minimumDistance>0.27</minimumDistance>
      <maximumDistance>6.13</maximumDistance>
    </quality>
    <evaluationMode>manual</evaluationMode>
    <creationInfo>
      <agencyURI>smi:smi-registry/organization/EMSC</agencyURI>
      <authorURI>smi:smi-registry/organization/EMSC</authorURI>
    </creationInfo>
    <originUncertainty>
      <azimuthMaxHorizontalUncertainty>65</azimuthMaxHorizontalUncertainty>
    </originUncertainty>
  </origin>
  <magnitude publicID="quakeml:eu.emsc/event/20060209_0000034/origin/1220614/mag/1">
    <mag>
      <value>3.7</value>
      <uncertainty>0.4</uncertainty>
    </mag>
    <type>ML</type>
    <originID>quakeml:eu.emsc/event/20060209_0000034/origin/1220614</originID>
    <stationCount>12</stationCount>
    <creationInfo>
      <agencyURI>smi:smi-registry/organization/EMSC</agencyURI>
      <authorURI>smi:smi-registry/organization/EMSC</authorURI>
    </creationInfo>
  </magnitude>
</event>
<event publicID="quakeml:eu.emsc/event/20060209_0000071">
  <preferredOriginID>quakeml:eu.emsc/event/20060209_0000071/origin/1203960</preferredOriginID>
  <preferredMagnitudeID>quakeml:eu.emsc/event/20060209_0000071/origin/1203960/mag/2</preferredMagnitudeID>
  <creationInfo>
    <agencyURI>smi:smi-registry/organization/EMSC</agencyURI>
    <authorURI>smi:smi-registry/organization/EMSC</authorURI>
    <creationTime>2014-12-10T17:31:34.251016Z</creationTime>
  </creationInfo>
  <description>
    <text>NORTHERN ITALY</text>
    <type>Flinn-Engdahl region</type>
  </description>
  <origin publicID="quakeml:eu.emsc/event/20060209_0000071/origin/1203960">
    <time>
      <value>2006-02-09T00:20:36.4Z</value>
    </time>
    <latitude>
      <value>44.4068</value>
      <uncertainty>9999.9</uncertainty>
    </latitude>
    <longitude>
      <value>7.2915</value>
      <uncertainty>9999.9</uncertainty>
    </longitude>
    <depth>
      <value>10900.0</value>
    </depth>
    <depthType>from location</depthType>
    <methodID>smi:eu.emsc-csem/origin_method/NA</methodID>
    <quality>
      <usedPhaseCount>16</usedPhaseCount>
      <usedStationCount>9</usedStationCount>
      <standardError>0.71</standardError>
      <azimuthalGap>134</azimuthalGap>
      <minimumDistance>0.16</minimumDistance>
      <maximumDistance>0.66</maximumDistance>
    </quality>
    <evaluationMode>manual</evaluationMode>
    <creationInfo>
      <agencyURI>smi:smi-registry/organization/EMSC</agencyURI>
      <authorURI>smi:smi-registry/organization/EMSC</authorURI>
    </creationInfo>
    <originUncertainty>
      <azimuthMaxHorizontalUncertainty>-99</azimuthMaxHorizontalUncertainty>
    </originUncertainty>
  </origin>
  <magnitude publicID="quakeml:eu.emsc/event/20060209_0000071/origin/1203960/mag/2">
    <mag>
      <value>1</value>
    </mag>
    <type>ML</type>
    <originID>quakeml:eu.emsc/event/20060209_0000071/origin/1203960</originID>
    <creationInfo>
      <agencyURI>smi:smi-registry/organization/EMSC</agencyURI>
      <authorURI>smi:smi-registry/organization/EMSC</authorURI>
    </creationInfo>
  </magnitude>
</event>
<event publicID="quakeml:eu.emsc/event/20060209_0000032">
  <preferredOriginID>quakeml:eu.emsc/event/20060209_0000032/origin/HI806</preferredOriginID>
  <preferredMagnitudeID>quakeml:eu.emsc/event/20060209_0000032/origin/HI806/mag/1</preferredMagnitudeID>
  <creationInfo>
    <agencyURI>smi:smi-registry/organization/EMSC</agencyURI>
    <authorURI>smi:smi-registry/organization/EMSC</authorURI>
    <creationTime>2014-12-01T12:16:01.627731Z</creationTime>
  </creationInfo>
  <description>
    <text>FLORES SEA</text>
    <type>Flinn-Engdahl region</type>
  </description>
  <origin publicID="quakeml:eu.emsc/event/20060209_0000032/origin/HI806">
    <time>
      <value>2006-02-09T00:05:01.2Z</value>
      <uncertainty>0.10</uncertainty>
    </time>
    <latitude>
      <value>-7.51</value>
    </latitude>
    <longitude>
      <value>121.62</value>
    </longitude>
    <depth>
      <value>300000.0</value>
    </depth>
    <depthType>from location</depthType>
    <methodID>smi:eu.emsc-csem/origin_method/NA</methodID>
    <quality>
      <usedPhaseCount>96</usedPhaseCount>
      <usedStationCount>96</usedStationCount>
      <standardError>1.02</standardError>
      <azimuthalGap>55</azimuthalGap>
      <minimumDistance>11.23</minimumDistance>
      <maximumDistance>146.34</maximumDistance>
    </quality>
    <evaluationMode>automatic</evaluationMode>
    <creationInfo>
      <agencyURI>smi:smi-registry/organization/EMSC</agencyURI>
      <authorURI>smi:smi-registry/organization/EMSC</authorURI>
    </creationInfo>
  </origin>
  <magnitude publicID="quakeml:eu.emsc/event/20060209_0000032/origin/HI806/mag/1">
    <mag>
      <value>5.4</value>
      <uncertainty>0.3</uncertainty>
    </mag>
    <type>mb</type>
    <originID>quakeml:eu.emsc/event/20060209_0000032/origin/HI806</originID>
    <creationInfo>
      <agencyURI>smi:smi-registry/organization/EMSC</agencyURI>
      <authorURI>smi:smi-registry/organization/EMSC</authorURI>
    </creationInfo>
  </magnitude>
</event>
</eventParameters>
</q:quakeml>
