<?xml version="1.0"?>
<q:quakeml xmlns:q="http://quakeml.org/xmlns/quakeml/1.2"  xmlns="http://quakeml.org/xmlns/bed/1.2">
<eventParameters publicID="smi:eu.emsc/unid">
<event publicID="quakeml:eu.emsc/event/20050103_0000035">
  <preferredOriginID>quakeml:eu.emsc/event/20050103_0000035/origin/1290310</preferredOriginID>
  <preferredMagnitudeID>quakeml:eu.emsc/event/20050103_0000035/origin/1290310/mag/2</preferredMagnitudeID>
  <creationInfo>
    <agencyURI>smi:smi-registry/organization/EMSC</agencyURI>
    <authorURI>smi:smi-registry/organization/EMSC</authorURI>
    <creationTime>2014-12-03T14:36:47.52341Z</creationTime>
  </creationInfo>
  <description>
    <text>GREECE</text>
    <type>Flinn-Engdahl region</type>
  </description>
  <origin publicID="quakeml:eu.emsc/event/20050103_0000035/origin/1290310">
    <time>
      <value>2005-01-03T23:51:44.2Z</value>
      <uncertainty>0.19</uncertainty>
    </time>
    <latitude>
      <value>40.0446</value>
      <uncertainty>4.4</uncertainty>
    </latitude>
    <longitude>
      <value>21.2733</value>
      <uncertainty>3.9</uncertainty>
    </longitude>
    <depth>
      <value>5000</value>
    </depth>
    <depthType>from location</depthType>
    <methodID>smi:eu.emsc-csem/origin_method/NA</methodID>
    <quality>
      <usedPhaseCount>42</usedPhaseCount>
      <usedStationCount>31</usedStationCount>
      <standardError>1.18</standardError>
      <azimuthalGap>36</azimuthalGap>
      <minimumDistance>0.26</minimumDistance>
      <maximumDistance>2.93</maximumDistance>
    </quality>
    <evaluationMode>manual</evaluationMode>
    <creationInfo>
      <agencyURI>smi:smi-registry/organization/EMSC</agencyURI>
      <authorURI>smi:smi-registry/organization/EMSC</authorURI>
    </creationInfo>
    <originUncertainty>
      <azimuthMaxHorizontalUncertainty>136</azimuthMaxHorizontalUncertainty>
    </originUncertainty>
  </origin>
  <magnitude publicID="quakeml:eu.emsc/event/20050103_0000035/origin/1290310/mag/2">
    <mag>
      <value>3.4</value>
    </mag>
    <type>ML</type>
    <originID>quakeml:eu.emsc/event/20050103_0000035/origin/1290310</originID>
    <creationInfo>
      <agencyURI>smi:smi-registry/organization/EMSC</agencyURI>
      <authorURI>smi:smi-registry/organization/EMSC</authorURI>
    </creationInfo>
  </magnitude>
</event>
<event publicID="quakeml:eu.emsc/event/20050103_0000034">
  <preferredOriginID>quakeml:eu.emsc/event/20050103_0000034/origin/1290254</preferredOriginID>
  <preferredMagnitudeID>quakeml:eu.emsc/event/20050103_0000034/origin/1290254/mag/3</preferredMagnitudeID>
  <creationInfo>
    <agencyURI>smi:smi-registry/organization/EMSC</agencyURI>
    <authorURI>smi:smi-registry/organization/EMSC</authorURI>
    <creationTime>2014-12-03T13:12:05.168647Z</creationTime>
  </creationInfo>
  <description>
    <text>SOUTHERN GREECE</text>
    <type>Flinn-Engdahl region</type>
  </description>
  <origin publicID="quakeml:eu.emsc/event/20050103_0000034/origin/1290254">
    <time>
      <value>2005-01-03T21:44:28.5Z</value>
      <uncertainty>0.11</uncertainty>
    </time>
    <latitude>
      <value>37.5508</value>
      <uncertainty>4.3</uncertainty>
    </latitude>
    <longitude>
      <value>23.2875</value>
      <uncertainty>2.5</uncertainty>
    </longitude>
    <depth>
      <value>115200.0</value>
      <uncertainty>1.8</uncertainty>
    </depth>
    <depthType>from location</depthType>
    <methodID>smi:eu.emsc-csem/origin_method/NA</methodID>
    <quality>
      <usedPhaseCount>307</usedPhaseCount>
      <usedStationCount>284</usedStationCount>
      <standardError>1.28</standardError>
      <azimuthalGap>52</azimuthalGap>
      <minimumDistance>0.26</minimumDistance>
      <maximumDistance>59.47</maximumDistance>
    </quality>
    <evaluationMode>manual</evaluationMode>
    <creationInfo>
      <agencyURI>smi:smi-registry/organization/EMSC</agencyURI>
      <authorURI>smi:smi-registry/organization/EMSC</authorURI>
    </creationInfo>
    <originUncertainty>
      <azimuthMaxHorizontalUncertainty>43</azimuthMaxHorizontalUncertainty>
    </originUncertainty>
  </origin>
  <magnitude publicID="quakeml:eu.emsc/event/20050103_0000034/origin/1290254/mag/3">
    <mag>
      <value>4.2</value>
      <uncertainty>0.4</uncertainty>
    </mag>
    <type>mb</type>
    <originID>quakeml:eu.emsc/event/20050103_0000034/origin/1290254</originID>
    <stationCount>20</stationCount>
    <creationInfo>
      <agencyURI>smi:smi-registry/organization/EMSC</agencyURI>
      <authorURI>smi:smi-registry/organization/EMSC</authorURI>
    </creationInfo>
  </magnitude>
</event>
<event publicID="quakeml:eu.emsc/event/20050103_0000041">
  <preferredOriginID>quakeml:eu.emsc/event/20050103_0000041/origin/1271019</preferredOriginID>
  <preferredMagnitudeID>quakeml:eu.emsc/event/20050103_0000041/origin/1271019/mag/2</preferredMagnitudeID>
  <creationInfo>
    <agencyURI>smi:smi-registry/organization/EMSC</agencyURI>
    <authorURI>smi:smi-registry/organization/EMSC</authorURI>
    <creationTime>2014-12-11T06:25:26.402302Z</creationTime>
  </creationInfo>
  <description>
    <text>DODECANESE ISLANDS, GREECE</text>
    <type>Flinn-Engdahl region</type>
  </description>
  <origin publicID="quakeml:eu.emsc/event/20050103_0000041/origin/1271019">
    <time>
      <value>2005-01-03T21:22:45.5Z</value>
    </time>
    <latitude>
      <value>36.907</value>
      <uncertainty>9999.9</uncertainty>
    </latitude>
    <longitude>
      <value>28.258</value>
      <uncertainty>9999.9</uncertainty>
    </longitude>
    <depth>
      <value>30000</value>
    </depth>
    <depthType>from location</depthType>
    <methodID>smi:eu.emsc-csem/origin_method/NA</methodID>
    <quality>
      <usedPhaseCount>9</usedPhaseCount>
      <usedStationCount>7</usedStationCount>
      <standardError>0.79</standardError>
      <azimuthalGap>201</azimuthalGap>
      <minimumDistance>0.33</minimumDistance>
      <maximumDistance>2</maximumDistance>
    </quality>
    <evaluationMode>manual</evaluationMode>
    <creationInfo>
      <agencyURI>smi:smi-registry/organization/EMSC</agencyURI>
      <authorURI>smi:smi-registry/organization/EMSC</authorURI>
    </creationInfo>
    <originUncertainty>
      <azimuthMaxHorizontalUncertainty>-99</azimuthMaxHorizontalUncertainty>
    </originUncertainty>
  </origin>
  <magnitude publicID="quakeml:eu.emsc/event/20050103_0000041/origin/1271019/mag/2">
    <mag>
      <value>3.1</value>
    </mag>
    <type>MD</type>
    <originID>quakeml:eu.emsc/event/20050103_0000041/origin/1271019</originID>
    <creationInfo>
      <agencyURI>smi:smi-registry/organization/EMSC</agencyURI>
      <authorURI>smi:smi-registry/organization/EMSC</authorURI>
    </creationInfo>
  </magnitude>
</event>
<event publicID="quakeml:eu.emsc/event/20050103_0000050">
  <preferredOriginID>quakeml:eu.emsc/event/20050103_0000050/origin/1271021</preferredOriginID>
  <preferredMagnitudeID>quakeml:eu.emsc/event/20050103_0000050/origin/1271021/mag/2</preferredMagnitudeID>
  <creationInfo>
    <agencyURI>smi:smi-registry/organization/EMSC</agencyURI>
    <authorURI>smi:smi-registry/organization/EMSC</authorURI>
    <creationTime>2014-12-11T06:25:22.573569Z</creationTime>
  </creationInfo>
  <description>
    <text>SICILY, ITALY</text>
    <type>Flinn-Engdahl region</type>
  </description>
  <origin publicID="quakeml:eu.emsc/event/20050103_0000050/origin/1271021">
    <time>
      <value>2005-01-03T20:09:41.3Z</value>
    </time>
    <latitude>
      <value>38.129</value>
      <uncertainty>9999.9</uncertainty>
    </latitude>
    <longitude>
      <value>15.109</value>
      <uncertainty>9999.9</uncertainty>
    </longitude>
    <depth>
      <value>6400.0</value>
    </depth>
    <depthType>from location</depthType>
    <methodID>smi:eu.emsc-csem/origin_method/NA</methodID>
    <quality>
      <usedPhaseCount>20</usedPhaseCount>
      <usedStationCount>12</usedStationCount>
      <standardError>1.93</standardError>
      <azimuthalGap>82</azimuthalGap>
      <minimumDistance>0.36</minimumDistance>
      <maximumDistance>1.24</maximumDistance>
    </quality>
    <evaluationMode>manual</evaluationMode>
    <creationInfo>
      <agencyURI>smi:smi-registry/organization/EMSC</agencyURI>
      <authorURI>smi:smi-registry/organization/EMSC</authorURI>
    </creationInfo>
    <originUncertainty>
      <azimuthMaxHorizontalUncertainty>-99</azimuthMaxHorizontalUncertainty>
    </originUncertainty>
  </origin>
  <magnitude publicID="quakeml:eu.emsc/event/20050103_0000050/origin/1271021/mag/2">
    <mag>
      <value>2.7</value>
    </mag>
    <type>ML</type>
    <originID>quakeml:eu.emsc/event/20050103_0000050/origin/1271021</originID>
    <stationCount>7</stationCount>
    <creationInfo>
      <agencyURI>smi:smi-registry/organization/EMSC</agencyURI>
      <authorURI>smi:smi-registry/organization/EMSC</authorURI>
    </creationInfo>
  </magnitude>
</event>
<event publicID="quakeml:eu.emsc/event/20050103_0000033">
  <preferredOriginID>quakeml:eu.emsc/event/20050103_0000033/origin/1290313</preferredOriginID>
  <preferredMagnitudeID>quakeml:eu.emsc/event/20050103_0000033/origin/1290313/mag/2</preferredMagnitudeID>
  <creationInfo>
    <agencyURI>smi:smi-registry/organization/EMSC</agencyURI>
    <authorURI>smi:smi-registry/organization/EMSC</authorURI>
    <creationTime>2014-12-03T14:01:58.431161Z</creationTime>
  </creationInfo>
  <description>
    <text>SOUTHERN GREECE</text>
    <type>Flinn-Engdahl region</type>
  </description>
  <origin publicID="quakeml:eu.emsc/event/20050103_0000033/origin/1290313">
    <time>
      <value>2005-01-03T20:06:35.6Z</value>
      <uncertainty>0.29</uncertainty>
    </time>
    <latitude>
      <value>37.4732</value>
      <uncertainty>6</uncertainty>
    </latitude>
    <longitude>
      <value>22.0381</value>
      <uncertainty>5.6</uncertainty>
    </longitude>
    <depth>
      <value>2000</value>
    </depth>
    <depthType>from location</depthType>
    <methodID>smi:eu.emsc-csem/origin_method/NA</methodID>
    <quality>
      <usedPhaseCount>35</usedPhaseCount>
      <usedStationCount>30</usedStationCount>
      <standardError>1.24</standardError>
      <azimuthalGap>105</azimuthalGap>
      <minimumDistance>0.31</minimumDistance>
      <maximumDistance>5.19</maximumDistance>
    </quality>
    <evaluationMode>manual</evaluationMode>
    <creationInfo>
      <agencyURI>smi:smi-registry/organization/EMSC</agencyURI>
      <authorURI>smi:smi-registry/organization/EMSC</authorURI>
    </creationInfo>
    <originUncertainty>
      <azimuthMaxHorizontalUncertainty>64</azimuthMaxHorizontalUncertainty>
    </originUncertainty>
  </origin>
  <magnitude publicID="quakeml:eu.emsc/event/20050103_0000033/origin/1290313/mag/2">
    <mag>
      <value>3.5</value>
    </mag>
    <type>ML</type>
    <originID>quakeml:eu.emsc/event/20050103_0000033/origin/1290313</originID>
    <creationInfo>
      <agencyURI>smi:smi-registry/organization/EMSC</agencyURI>
      <authorURI>smi:smi-registry/organization/EMSC</authorURI>
    </creationInfo>
  </magnitude>
</event>
<event publicID="quakeml:eu.emsc/event/20050103_0000032">
  <preferredOriginID>quakeml:eu.emsc/event/20050103_0000032/origin/BW309</preferredOriginID>
  <preferredMagnitudeID>quakeml:eu.emsc/event/20050103_0000032/origin/BW309/mag/1</preferredMagnitudeID>
  <creationInfo>
    <agencyURI>smi:smi-registry/organization/EMSC</agencyURI>
    <authorURI>smi:smi-registry/organization/EMSC</authorURI>
    <creationTime>2014-12-01T13:23:01.959514Z</creationTime>
  </creationInfo>
  <description>
    <text>KURIL ISLANDS</text>
    <type>Flinn-Engdahl region</type>
  </description>
  <origin publicID="quakeml:eu.emsc/event/20050103_0000032/origin/BW309">
    <time>
      <value>2005-01-03T19:59:00.7Z</value>
      <uncertainty>0.29</uncertainty>
    </time>
    <latitude>
      <value>49.29</value>
    </latitude>
    <longitude>
      <value>156.31</value>
    </longitude>
    <depth>
      <value>30000.0</value>
    </depth>
    <depthType>from location</depthType>
    <methodID>smi:eu.emsc-csem/origin_method/NA</methodID>
    <quality>
      <usedPhaseCount>40</usedPhaseCount>
      <usedStationCount>39</usedStationCount>
      <standardError>0.76</standardError>
      <azimuthalGap>220</azimuthalGap>
      <minimumDistance>1.40</minimumDistance>
      <maximumDistance>78.91</maximumDistance>
    </quality>
    <evaluationMode>automatic</evaluationMode>
    <creationInfo>
      <agencyURI>smi:smi-registry/organization/EMSC</agencyURI>
      <authorURI>smi:smi-registry/organization/EMSC</authorURI>
    </creationInfo>
  </origin>
  <magnitude publicID="quakeml:eu.emsc/event/20050103_0000032/origin/BW309/mag/1">
    <mag>
      <value>5.4</value>
      <uncertainty>0.3</uncertainty>
    </mag>
    <type>mb</type>
    <originID>quakeml:eu.emsc/event/20050103_0000032/origin/BW309</originID>
    <stationCount>17</stationCount>
    <creationInfo>
      <agencyURI>smi:smi-registry/organization/EMSC</agencyURI>
      <authorURI>smi:smi-registry/organization/EMSC</authorURI>
    </creationInfo>
  </magnitude>
</event>
<event publicID="quakeml:eu.emsc/event/20050103_0000043">
  <preferredOriginID>quakeml:eu.emsc/event/20050103_0000043/origin/1271023</preferredOriginID>
  <preferredMagnitudeID>quakeml:eu.emsc/event/20050103_0000043/origin/1271023/mag/2</preferredMagnitudeID>
  <creationInfo>
    <agencyURI>smi:smi-registry/organization/EMSC</agencyURI>
    <authorURI>smi:smi-registry/organization/EMSC</authorURI>
    <creationTime>2014-12-11T06:25:15.926554Z</creationTime>
  </creationInfo>
  <description>
    <text>WESTERN TURKEY</text>
    <type>Flinn-Engdahl region</type>
  </description>
  <origin publicID="quakeml:eu.emsc/event/20050103_0000043/origin/1271023">
    <time>
      <value>2005-01-03T19:47:43.2Z</value>
    </time>
    <latitude>
      <value>37.002</value>
      <uncertainty>9999.9</uncertainty>
    </latitude>
    <longitude>
      <value>28.37</value>
      <uncertainty>9999.9</uncertainty>
    </longitude>
    <depth>
      <value>27000</value>
    </depth>
    <depthType>from location</depthType>
    <methodID>smi:eu.emsc-csem/origin_method/NA</methodID>
    <quality>
      <usedPhaseCount>9</usedPhaseCount>
      <usedStationCount>6</usedStationCount>
      <standardError>1.14</standardError>
      <azimuthalGap>164</azimuthalGap>
      <minimumDistance>0.32</minimumDistance>
      <maximumDistance>1.92</maximumDistance>
    </quality>
    <evaluationMode>manual</evaluationMode>
    <creationInfo>
      <agencyURI>smi:smi-registry/organization/EMSC</agencyURI>
      <authorURI>smi:smi-registry/organization/EMSC</authorURI>
    </creationInfo>
    <originUncertainty>
      <azimuthMaxHorizontalUncertainty>-99</azimuthMaxHorizontalUncertainty>
    </originUncertainty>
  </origin>
  <magnitude publicID="quakeml:eu.emsc/event/20050103_0000043/origin/1271023/mag/2">
    <mag>
      <value>3</value>
    </mag>
    <type>MD</type>
    <originID>quakeml:eu.emsc/event/20050103_0000043/origin/1271023</originID>
    <creationInfo>
      <agencyURI>smi:smi-registry/organization/EMSC</agencyURI>
      <authorURI>smi:smi-registry/organization/EMSC</authorURI>
    </creationInfo>
  </magnitude>
</event>
<event publicID="quakeml:eu.emsc/event/20050103_0000037">
  <preferredOriginID>quakeml:eu.emsc/event/20050103_0000037/origin/1288504</preferredOriginID>
  <preferredMagnitudeID>quakeml:eu.emsc/event/20050103_0000037/origin/1288504/mag/1</preferredMagnitudeID>
  <creationInfo>
    <agencyURI>smi:smi-registry/organization/EMSC</agencyURI>
    <authorURI>smi:smi-registry/organization/EMSC</authorURI>
    <creationTime>2014-12-03T10:54:43.208473Z</creationTime>
  </creationInfo>
  <description>
    <text>FRANCE</text>
    <type>Flinn-Engdahl region</type>
  </description>
  <origin publicID="quakeml:eu.emsc/event/20050103_0000037/origin/1288504">
    <time>
      <value>2005-01-03T19:45:48.7Z</value>
      <uncertainty>0.1</uncertainty>
    </time>
    <latitude>
      <value>48.1288</value>
      <uncertainty>2.1</uncertainty>
    </latitude>
    <longitude>
      <value>7.6665</value>
      <uncertainty>1.5</uncertainty>
    </longitude>
    <depth>
      <value>10000</value>
    </depth>
    <depthType>from location</depthType>
    <methodID>smi:eu.emsc-csem/origin_method/NA</methodID>
    <quality>
      <usedPhaseCount>16</usedPhaseCount>
      <usedStationCount>9</usedStationCount>
      <standardError>0.29</standardError>
      <azimuthalGap>174</azimuthalGap>
      <minimumDistance>0.05</minimumDistance>
      <maximumDistance>1.76</maximumDistance>
    </quality>
    <evaluationMode>manual</evaluationMode>
    <creationInfo>
      <agencyURI>smi:smi-registry/organization/EMSC</agencyURI>
      <authorURI>smi:smi-registry/organization/EMSC</authorURI>
    </creationInfo>
    <originUncertainty>
      <azimuthMaxHorizontalUncertainty>48</azimuthMaxHorizontalUncertainty>
    </originUncertainty>
  </origin>
  <magnitude publicID="quakeml:eu.emsc/event/20050103_0000037/origin/1288504/mag/1">
    <mag>
      <value>1.4</value>
      <uncertainty>0.6</uncertainty>
    </mag>
    <type>ML</type>
    <originID>quakeml:eu.emsc/event/20050103_0000037/origin/1288504</originID>
    <stationCount>4</stationCount>
    <creationInfo>
      <agencyURI>smi:smi-registry/organization/EMSC</agencyURI>
      <authorURI>smi:smi-registry/organization/EMSC</authorURI>
    </creationInfo>
  </magnitude>
</event>
<event publicID="quakeml:eu.emsc/event/20050103_0000046">
  <preferredOriginID>quakeml:eu.emsc/event/20050103_0000046/origin/1290317</preferredOriginID>
  <preferredMagnitudeID>quakeml:eu.emsc/event/20050103_0000046/origin/1290317/mag/2</preferredMagnitudeID>
  <creationInfo>
    <agencyURI>smi:smi-registry/organization/EMSC</agencyURI>
    <authorURI>smi:smi-registry/organization/EMSC</authorURI>
    <creationTime>2014-12-03T11:31:02.482029Z</creationTime>
  </creationInfo>
  <description>
    <text>WESTERN TURKEY</text>
    <type>Flinn-Engdahl region</type>
  </description>
  <origin publicID="quakeml:eu.emsc/event/20050103_0000046/origin/1290317">
    <time>
      <value>2005-01-03T19:31:33.0Z</value>
      <uncertainty>0.3</uncertainty>
    </time>
    <latitude>
      <value>37.1003</value>
      <uncertainty>9.9</uncertainty>
    </latitude>
    <longitude>
      <value>28.4017</value>
      <uncertainty>6.2</uncertainty>
    </longitude>
    <depth>
      <value>15000</value>
    </depth>
    <depthType>from location</depthType>
    <methodID>smi:eu.emsc-csem/origin_method/NA</methodID>
    <quality>
      <usedPhaseCount>14</usedPhaseCount>
      <usedStationCount>10</usedStationCount>
      <standardError>0.89</standardError>
      <azimuthalGap>78</azimuthalGap>
      <minimumDistance>0.38</minimumDistance>
      <maximumDistance>48.1</maximumDistance>
    </quality>
    <evaluationMode>manual</evaluationMode>
    <creationInfo>
      <agencyURI>smi:smi-registry/organization/EMSC</agencyURI>
      <authorURI>smi:smi-registry/organization/EMSC</authorURI>
    </creationInfo>
    <originUncertainty>
      <azimuthMaxHorizontalUncertainty>45</azimuthMaxHorizontalUncertainty>
    </originUncertainty>
  </origin>
  <magnitude publicID="quakeml:eu.emsc/event/20050103_0000046/origin/1290317/mag/2">
    <mag>
      <value>3.1</value>
    </mag>
    <type>MD</type>
    <originID>quakeml:eu.emsc/event/20050103_0000046/origin/1290317</originID>
    <creationInfo>
      <agencyURI>smi:smi-registry/organization/EMSC</agencyURI>
      <authorURI>smi:smi-registry/organization/EMSC</authorURI>
    </creationInfo>
  </magnitude>
</event>
<event publicID="quakeml:eu.emsc/event/20050103_0000031">
  <preferredOriginID>quakeml:eu.emsc/event/20050103_0000031/origin/BW565</preferredOriginID>
  <preferredMagnitudeID>quakeml:eu.emsc/event/20050103_0000031/origin/BW565/mag/1</preferredMagnitudeID>
  <creationInfo>
    <agencyURI>smi:smi-registry/organization/EMSC</agencyURI>
    <authorURI>smi:smi-registry/organization/EMSC</authorURI>
    <creationTime>2014-12-01T12:44:09.648028Z</creationTime>
  </creationInfo>
  <description>
    <text>EAST OF KURIL ISLANDS</text>
    <type>Flinn-Engdahl region</type>
  </description>
  <origin publicID="quakeml:eu.emsc/event/20050103_0000031/origin/BW565">
    <time>
      <value>2005-01-03T18:51:52.5Z</value>
      <uncertainty>0.17</uncertainty>
    </time>
    <latitude>
      <value>48.96</value>
    </latitude>
    <longitude>
      <value>156.38</value>
    </longitude>
    <depth>
      <value>10000.0</value>
    </depth>
    <depthType>from location</depthType>
    <methodID>smi:eu.emsc-csem/origin_method/NA</methodID>
    <quality>
      <usedPhaseCount>16</usedPhaseCount>
      <usedStationCount>16</usedStationCount>
      <standardError>0.91</standardError>
      <azimuthalGap>163</azimuthalGap>
      <minimumDistance>1.73</minimumDistance>
      <maximumDistance>79.39</maximumDistance>
    </quality>
    <evaluationMode>automatic</evaluationMode>
    <creationInfo>
      <agencyURI>smi:smi-registry/organization/EMSC</agencyURI>
      <authorURI>smi:smi-registry/organization/EMSC</authorURI>
    </creationInfo>
  </origin>
  <magnitude publicID="quakeml:eu.emsc/event/20050103_0000031/origin/BW565/mag/1">
    <mag>
      <value>5.5</value>
      <uncertainty>0.4</uncertainty>
    </mag>
    <type>mb</type>
    <originID>quakeml:eu.emsc/event/20050103_0000031/origin/BW565</originID>
    <stationCount>7</stationCount>
    <creationInfo>
      <agencyURI>smi:smi-registry/organization/EMSC</agencyURI>
      <authorURI>smi:smi-registry/organization/EMSC</authorURI>
    </creationInfo>
  </magnitude>
</event>
<event publicID="quakeml:eu.emsc/event/20050103_0000047">
  <preferredOriginID>quakeml:eu.emsc/event/20050103_0000047/origin/1271025</preferredOriginID>
  <preferredMagnitudeID>quakeml:eu.emsc/event/20050103_0000047/origin/1271025/mag/2</preferredMagnitudeID>
  <creationInfo>
    <agencyURI>smi:smi-registry/organization/EMSC</agencyURI>
    <authorURI>smi:smi-registry/organization/EMSC</authorURI>
    <creationTime>2014-12-11T06:25:10.535647Z</creationTime>
  </creationInfo>
  <description>
    <text>NORTHEASTERN IRAN</text>
    <type>Flinn-Engdahl region</type>
  </description>
  <origin publicID="quakeml:eu.emsc/event/20050103_0000047/origin/1271025">
    <time>
      <value>2005-01-03T18:43:49.1Z</value>
    </time>
    <latitude>
      <value>36.368</value>
      <uncertainty>9999.9</uncertainty>
    </latitude>
    <longitude>
      <value>57.353</value>
      <uncertainty>9999.9</uncertainty>
    </longitude>
    <depth>
      <value>13900.0</value>
    </depth>
    <depthType>from location</depthType>
    <methodID>smi:eu.emsc-csem/origin_method/NA</methodID>
    <quality>
      <usedPhaseCount>8</usedPhaseCount>
      <usedStationCount>8</usedStationCount>
      <standardError>8.76</standardError>
      <azimuthalGap>161</azimuthalGap>
      <minimumDistance>1.02</minimumDistance>
      <maximumDistance>4.6</maximumDistance>
    </quality>
    <evaluationMode>manual</evaluationMode>
    <creationInfo>
      <agencyURI>smi:smi-registry/organization/EMSC</agencyURI>
      <authorURI>smi:smi-registry/organization/EMSC</authorURI>
    </creationInfo>
    <originUncertainty>
      <azimuthMaxHorizontalUncertainty>-99</azimuthMaxHorizontalUncertainty>
    </originUncertainty>
  </origin>
  <magnitude publicID="quakeml:eu.emsc/event/20050103_0000047/origin/1271025/mag/2">
    <mag>
      <value>3.3</value>
    </mag>
    <type>ML</type>
    <originID>quakeml:eu.emsc/event/20050103_0000047/origin/1271025</originID>
    <creationInfo>
      <agencyURI>smi:smi-registry/organization/EMSC</agencyURI>
      <authorURI>smi:smi-registry/organization/EMSC</authorURI>
    </creationInfo>
  </magnitude>
</event>
<event publicID="quakeml:eu.emsc/event/20050103_0000030">
  <preferredOriginID>quakeml:eu.emsc/event/20050103_0000030/origin/1271425</preferredOriginID>
  <preferredMagnitudeID>quakeml:eu.emsc/event/20050103_0000030/origin/1271425/mag/2</preferredMagnitudeID>
  <creationInfo>
    <agencyURI>smi:smi-registry/organization/EMSC</agencyURI>
    <authorURI>smi:smi-registry/organization/EMSC</authorURI>
    <creationTime>2014-12-11T06:25:08.516097Z</creationTime>
  </creationInfo>
  <description>
    <text>WESTERN TURKEY</text>
    <type>Flinn-Engdahl region</type>
  </description>
  <origin publicID="quakeml:eu.emsc/event/20050103_0000030/origin/1271425">
    <time>
      <value>2005-01-03T18:30:25.8Z</value>
    </time>
    <latitude>
      <value>37.828</value>
      <uncertainty>9999.9</uncertainty>
    </latitude>
    <longitude>
      <value>29.114</value>
      <uncertainty>9999.9</uncertainty>
    </longitude>
    <depth>
      <value>18000</value>
    </depth>
    <depthType>from location</depthType>
    <methodID>smi:eu.emsc-csem/origin_method/NA</methodID>
    <quality>
      <usedPhaseCount>10</usedPhaseCount>
      <usedStationCount>7</usedStationCount>
      <standardError>0.85</standardError>
      <azimuthalGap>148</azimuthalGap>
      <minimumDistance>0.1</minimumDistance>
      <maximumDistance>1.45</maximumDistance>
    </quality>
    <evaluationMode>manual</evaluationMode>
    <creationInfo>
      <agencyURI>smi:smi-registry/organization/EMSC</agencyURI>
      <authorURI>smi:smi-registry/organization/EMSC</authorURI>
    </creationInfo>
    <originUncertainty>
      <azimuthMaxHorizontalUncertainty>-99</azimuthMaxHorizontalUncertainty>
    </originUncertainty>
  </origin>
  <magnitude publicID="quakeml:eu.emsc/event/20050103_0000030/origin/1271425/mag/2">
    <mag>
      <value>3</value>
    </mag>
    <type>MD</type>
    <originID>quakeml:eu.emsc/event/20050103_0000030/origin/1271425</originID>
    <creationInfo>
      <agencyURI>smi:smi-registry/organization/EMSC</agencyURI>
      <authorURI>smi:smi-registry/organization/EMSC</authorURI>
    </creationInfo>
  </magnitude>
</event>
<event publicID="quakeml:eu.emsc/event/20050103_0000040">
  <preferredOriginID>quakeml:eu.emsc/event/20050103_0000040/origin/1271027</preferredOriginID>
  <preferredMagnitudeID>quakeml:eu.emsc/event/20050103_0000040/origin/1271027/mag/2</preferredMagnitudeID>
  <creationInfo>
    <agencyURI>smi:smi-registry/organization/EMSC</agencyURI>
    <authorURI>smi:smi-registry/organization/EMSC</authorURI>
    <creationTime>2014-12-11T06:25:06.560766Z</creationTime>
  </creationInfo>
  <description>
    <text>EASTERN TURKEY</text>
    <type>Flinn-Engdahl region</type>
  </description>
  <origin publicID="quakeml:eu.emsc/event/20050103_0000040/origin/1271027">
    <time>
      <value>2005-01-03T18:13:25.3Z</value>
    </time>
    <latitude>
      <value>38.898</value>
      <uncertainty>9999.9</uncertainty>
    </latitude>
    <longitude>
      <value>41.08</value>
      <uncertainty>9999.9</uncertainty>
    </longitude>
    <depth>
      <value>9000</value>
    </depth>
    <depthType>from location</depthType>
    <methodID>smi:eu.emsc-csem/origin_method/NA</methodID>
    <quality>
      <usedPhaseCount>8</usedPhaseCount>
      <usedStationCount>6</usedStationCount>
      <standardError>1.13</standardError>
      <azimuthalGap>112</azimuthalGap>
      <minimumDistance>0.42</minimumDistance>
      <maximumDistance>1.59</maximumDistance>
    </quality>
    <evaluationMode>manual</evaluationMode>
    <creationInfo>
      <agencyURI>smi:smi-registry/organization/EMSC</agencyURI>
      <authorURI>smi:smi-registry/organization/EMSC</authorURI>
    </creationInfo>
    <originUncertainty>
      <azimuthMaxHorizontalUncertainty>-99</azimuthMaxHorizontalUncertainty>
    </originUncertainty>
  </origin>
  <magnitude publicID="quakeml:eu.emsc/event/20050103_0000040/origin/1271027/mag/2">
    <mag>
      <value>3.1</value>
    </mag>
    <type>MD</type>
    <originID>quakeml:eu.emsc/event/20050103_0000040/origin/1271027</originID>
    <creationInfo>
      <agencyURI>smi:smi-registry/organization/EMSC</agencyURI>
      <authorURI>smi:smi-registry/organization/EMSC</authorURI>
    </creationInfo>
  </magnitude>
</event>
<event publicID="quakeml:eu.emsc/event/20050103_0000029">
  <preferredOriginID>quakeml:eu.emsc/event/20050103_0000029/origin/1290321</preferredOriginID>
  <preferredMagnitudeID>quakeml:eu.emsc/event/20050103_0000029/origin/1290321/mag/2</preferredMagnitudeID>
  <creationInfo>
    <agencyURI>smi:smi-registry/organization/EMSC</agencyURI>
    <authorURI>smi:smi-registry/organization/EMSC</authorURI>
    <creationTime>2014-12-03T13:57:56.146907Z</creationTime>
  </creationInfo>
  <description>
    <text>TURKEY-IRAN-IRAQ BORDER REGION</text>
    <type>Flinn-Engdahl region</type>
  </description>
  <origin publicID="quakeml:eu.emsc/event/20050103_0000029/origin/1290321">
    <time>
      <value>2005-01-03T18:03:29.3Z</value>
      <uncertainty>0.16</uncertainty>
    </time>
    <latitude>
      <value>37.1713</value>
      <uncertainty>8.4</uncertainty>
    </latitude>
    <longitude>
      <value>44.8576</value>
      <uncertainty>3.3</uncertainty>
    </longitude>
    <depth>
      <value>19800.0</value>
      <uncertainty>0.1</uncertainty>
    </depth>
    <depthType>from location</depthType>
    <methodID>smi:eu.emsc-csem/origin_method/NA</methodID>
    <quality>
      <usedPhaseCount>25</usedPhaseCount>
      <usedStationCount>24</usedStationCount>
      <standardError>0.65</standardError>
      <azimuthalGap>137</azimuthalGap>
      <minimumDistance>1.47</minimumDistance>
      <maximumDistance>6.55</maximumDistance>
    </quality>
    <evaluationMode>manual</evaluationMode>
    <creationInfo>
      <agencyURI>smi:smi-registry/organization/EMSC</agencyURI>
      <authorURI>smi:smi-registry/organization/EMSC</authorURI>
    </creationInfo>
    <originUncertainty>
      <azimuthMaxHorizontalUncertainty>20</azimuthMaxHorizontalUncertainty>
    </originUncertainty>
  </origin>
  <magnitude publicID="quakeml:eu.emsc/event/20050103_0000029/origin/1290321/mag/2">
    <mag>
      <value>4.2</value>
    </mag>
    <type>MD</type>
    <originID>quakeml:eu.emsc/event/20050103_0000029/origin/1290321</originID>
    <creationInfo>
      <agencyURI>smi:smi-registry/organization/EMSC</agencyURI>
      <authorURI>smi:smi-registry/organization/EMSC</authorURI>
    </creationInfo>
  </magnitude>
</event>
<event publicID="quakeml:eu.emsc/event/20050103_0000028">
  <preferredOriginID>quakeml:eu.emsc/event/20050103_0000028/origin/BW574</preferredOriginID>
  <preferredMagnitudeID>quakeml:eu.emsc/event/20050103_0000028/origin/BW574/mag/1</preferredMagnitudeID>
  <creationInfo>
    <agencyURI>smi:smi-registry/organization/EMSC</agencyURI>
    <authorURI>smi:smi-registry/organization/EMSC</authorURI>
    <creationTime>2014-12-01T13:10:29.884094Z</creationTime>
  </creationInfo>
  <description>
    <text>NORTH OF MACQUARIE ISLAND</text>
    <type>Flinn-Engdahl region</type>
  </description>
  <origin publicID="quakeml:eu.emsc/event/20050103_0000028/origin/BW574">
    <time>
      <value>2005-01-03T17:59:31.0Z</value>
      <uncertainty>0.11</uncertainty>
    </time>
    <latitude>
      <value>-50.84</value>
    </latitude>
    <longitude>
      <value>161.25</value>
    </longitude>
    <depth>
      <value>33000.0</value>
    </depth>
    <depthType>from location</depthType>
    <methodID>smi:eu.emsc-csem/origin_method/NA</methodID>
    <quality>
      <usedPhaseCount>56</usedPhaseCount>
      <usedStationCount>52</usedStationCount>
      <standardError>0.98</standardError>
      <azimuthalGap>63</azimuthalGap>
      <minimumDistance>26.79</minimumDistance>
      <maximumDistance>151.14</maximumDistance>
    </quality>
    <evaluationMode>automatic</evaluationMode>
    <creationInfo>
      <agencyURI>smi:smi-registry/organization/EMSC</agencyURI>
      <authorURI>smi:smi-registry/organization/EMSC</authorURI>
    </creationInfo>
  </origin>
  <magnitude publicID="quakeml:eu.emsc/event/20050103_0000028/origin/BW574/mag/1">
    <mag>
      <value>5.8</value>
      <uncertainty>0.4</uncertainty>
    </mag>
    <type>mb</type>
    <originID>quakeml:eu.emsc/event/20050103_0000028/origin/BW574</originID>
    <stationCount>7</stationCount>
    <creationInfo>
      <agencyURI>smi:smi-registry/organization/EMSC</agencyURI>
      <authorURI>smi:smi-registry/organization/EMSC</authorURI>
    </creationInfo>
  </magnitude>
</event>
<event publicID="quakeml:eu.emsc/event/20050103_0000027">
  <preferredOriginID>quakeml:eu.emsc/event/20050103_0000027/origin/BW585</preferredOriginID>
  <preferredMagnitudeID>quakeml:eu.emsc/event/20050103_0000027/origin/BW585/mag/1</preferredMagnitudeID>
  <creationInfo>
    <agencyURI>smi:smi-registry/organization/EMSC</agencyURI>
    <authorURI>smi:smi-registry/organization/EMSC</authorURI>
    <creationTime>2014-12-01T13:10:29.98318Z</creationTime>
  </creationInfo>
  <description>
    <text>NORTHERN SUMATRA, INDONESIA</text>
    <type>Flinn-Engdahl region</type>
  </description>
  <origin publicID="quakeml:eu.emsc/event/20050103_0000027/origin/BW585">
    <time>
      <value>2005-01-03T17:45:12.7Z</value>
      <uncertainty>0.12</uncertainty>
    </time>
    <latitude>
      <value>4.74</value>
    </latitude>
    <longitude>
      <value>96.92</value>
    </longitude>
    <depth>
      <value>33000.0</value>
    </depth>
    <depthType>from location</depthType>
    <methodID>smi:eu.emsc-csem/origin_method/NA</methodID>
    <quality>
      <usedPhaseCount>15</usedPhaseCount>
      <usedStationCount>15</usedStationCount>
      <standardError>1.17</standardError>
      <azimuthalGap>141</azimuthalGap>
      <minimumDistance>42.68</minimumDistance>
      <maximumDistance>85.56</maximumDistance>
    </quality>
    <evaluationMode>automatic</evaluationMode>
    <creationInfo>
      <agencyURI>smi:smi-registry/organization/EMSC</agencyURI>
      <authorURI>smi:smi-registry/organization/EMSC</authorURI>
    </creationInfo>
  </origin>
  <magnitude publicID="quakeml:eu.emsc/event/20050103_0000027/origin/BW585/mag/1">
    <mag>
      <value>5.4</value>
      <uncertainty>0.5</uncertainty>
    </mag>
    <type>mb</type>
    <originID>quakeml:eu.emsc/event/20050103_0000027/origin/BW585</originID>
    <stationCount>7</stationCount>
    <creationInfo>
      <agencyURI>smi:smi-registry/organization/EMSC</agencyURI>
      <authorURI>smi:smi-registry/organization/EMSC</authorURI>
    </creationInfo>
  </magnitude>
</event>
<event publicID="quakeml:eu.emsc/event/20050103_0000039">
  <preferredOriginID>quakeml:eu.emsc/event/20050103_0000039/origin/1271029</preferredOriginID>
  <preferredMagnitudeID>quakeml:eu.emsc/event/20050103_0000039/origin/1271029/mag/2</preferredMagnitudeID>
  <creationInfo>
    <agencyURI>smi:smi-registry/organization/EMSC</agencyURI>
    <authorURI>smi:smi-registry/organization/EMSC</authorURI>
    <creationTime>2014-12-10T17:56:55.15958Z</creationTime>
  </creationInfo>
  <description>
    <text>NORTHERN ITALY</text>
    <type>Flinn-Engdahl region</type>
  </description>
  <origin publicID="quakeml:eu.emsc/event/20050103_0000039/origin/1271029">
    <time>
      <value>2005-01-03T17:37:36.6Z</value>
    </time>
    <latitude>
      <value>44.321</value>
      <uncertainty>9999.9</uncertainty>
    </latitude>
    <longitude>
      <value>7.2825</value>
      <uncertainty>9999.9</uncertainty>
    </longitude>
    <depth>
      <value>16400.0</value>
    </depth>
    <depthType>from location</depthType>
    <methodID>smi:eu.emsc-csem/origin_method/NA</methodID>
    <quality>
      <usedPhaseCount>11</usedPhaseCount>
      <usedStationCount>6</usedStationCount>
      <standardError>1</standardError>
      <azimuthalGap>166</azimuthalGap>
      <minimumDistance>0.08</minimumDistance>
      <maximumDistance>0.51</maximumDistance>
    </quality>
    <evaluationMode>manual</evaluationMode>
    <creationInfo>
      <agencyURI>smi:smi-registry/organization/EMSC</agencyURI>
      <authorURI>smi:smi-registry/organization/EMSC</authorURI>
    </creationInfo>
    <originUncertainty>
      <azimuthMaxHorizontalUncertainty>-99</azimuthMaxHorizontalUncertainty>
    </originUncertainty>
  </origin>
  <magnitude publicID="quakeml:eu.emsc/event/20050103_0000039/origin/1271029/mag/2">
    <mag>
      <value>1.9</value>
    </mag>
    <type>ML</type>
    <originID>quakeml:eu.emsc/event/20050103_0000039/origin/1271029</originID>
    <creationInfo>
      <agencyURI>smi:smi-registry/organization/EMSC</agencyURI>
      <authorURI>smi:smi-registry/organization/EMSC</authorURI>
    </creationInfo>
  </magnitude>
</event>
<event publicID="quakeml:eu.emsc/event/20050103_0000026">
  <preferredOriginID>quakeml:eu.emsc/event/20050103_0000026/origin/BW312</preferredOriginID>
  <preferredMagnitudeID>quakeml:eu.emsc/event/20050103_0000026/origin/BW312/mag/1</preferredMagnitudeID>
  <creationInfo>
    <agencyURI>smi:smi-registry/organization/EMSC</agencyURI>
    <authorURI>smi:smi-registry/organization/EMSC</authorURI>
    <creationTime>2014-12-01T13:48:50.932587Z</creationTime>
  </creationInfo>
  <description>
    <text>KURIL ISLANDS</text>
    <type>Flinn-Engdahl region</type>
  </description>
  <origin publicID="quakeml:eu.emsc/event/20050103_0000026/origin/BW312">
    <time>
      <value>2005-01-03T17:00:06.1Z</value>
      <uncertainty>0.18</uncertainty>
    </time>
    <latitude>
      <value>49.14</value>
    </latitude>
    <longitude>
      <value>155.57</value>
    </longitude>
    <depth>
      <value>10000.0</value>
    </depth>
    <depthType>from location</depthType>
    <methodID>smi:eu.emsc-csem/origin_method/NA</methodID>
    <quality>
      <usedPhaseCount>163</usedPhaseCount>
      <usedStationCount>137</usedStationCount>
      <standardError>0.77</standardError>
      <azimuthalGap>175</azimuthalGap>
      <minimumDistance>1.58</minimumDistance>
      <maximumDistance>85.97</maximumDistance>
    </quality>
    <evaluationMode>automatic</evaluationMode>
    <creationInfo>
      <agencyURI>smi:smi-registry/organization/EMSC</agencyURI>
      <authorURI>smi:smi-registry/organization/EMSC</authorURI>
    </creationInfo>
  </origin>
  <magnitude publicID="quakeml:eu.emsc/event/20050103_0000026/origin/BW312/mag/1">
    <mag>
      <value>5.5</value>
      <uncertainty>0.4</uncertainty>
    </mag>
    <type>mb</type>
    <originID>quakeml:eu.emsc/event/20050103_0000026/origin/BW312</originID>
    <stationCount>89</stationCount>
    <creationInfo>
      <agencyURI>smi:smi-registry/organization/EMSC</agencyURI>
      <authorURI>smi:smi-registry/organization/EMSC</authorURI>
    </creationInfo>
  </magnitude>
</event>
<event publicID="quakeml:eu.emsc/event/20050103_0000025">
  <preferredOriginID>quakeml:eu.emsc/event/20050103_0000025/origin/1290326</preferredOriginID>
  <preferredMagnitudeID>quakeml:eu.emsc/event/20050103_0000025/origin/1290326/mag/2</preferredMagnitudeID>
  <creationInfo>
    <agencyURI>smi:smi-registry/organization/EMSC</agencyURI>
    <authorURI>smi:smi-registry/organization/EMSC</authorURI>
    <creationTime>2014-12-03T12:37:12.400507Z</creationTime>
  </creationInfo>
  <description>
    <text>DODECANESE ISLANDS, GREECE</text>
    <type>Flinn-Engdahl region</type>
  </description>
  <origin publicID="quakeml:eu.emsc/event/20050103_0000025/origin/1290326">
    <time>
      <value>2005-01-03T16:55:31.1Z</value>
      <uncertainty>0.22</uncertainty>
    </time>
    <latitude>
      <value>35.1606</value>
      <uncertainty>7.6</uncertainty>
    </latitude>
    <longitude>
      <value>27.0602</value>
      <uncertainty>4.9</uncertainty>
    </longitude>
    <depth>
      <value>10000</value>
    </depth>
    <depthType>from location</depthType>
    <methodID>smi:eu.emsc-csem/origin_method/NA</methodID>
    <quality>
      <usedPhaseCount>20</usedPhaseCount>
      <usedStationCount>18</usedStationCount>
      <standardError>0.79</standardError>
      <azimuthalGap>136</azimuthalGap>
      <minimumDistance>0.39</minimumDistance>
      <maximumDistance>6.05</maximumDistance>
    </quality>
    <evaluationMode>manual</evaluationMode>
    <creationInfo>
      <agencyURI>smi:smi-registry/organization/EMSC</agencyURI>
      <authorURI>smi:smi-registry/organization/EMSC</authorURI>
    </creationInfo>
    <originUncertainty>
      <azimuthMaxHorizontalUncertainty>127</azimuthMaxHorizontalUncertainty>
    </originUncertainty>
  </origin>
  <magnitude publicID="quakeml:eu.emsc/event/20050103_0000025/origin/1290326/mag/2">
    <mag>
      <value>3.6</value>
    </mag>
    <type>MD</type>
    <originID>quakeml:eu.emsc/event/20050103_0000025/origin/1290326</originID>
    <creationInfo>
      <agencyURI>smi:smi-registry/organization/EMSC</agencyURI>
      <authorURI>smi:smi-registry/organization/EMSC</authorURI>
    </creationInfo>
  </magnitude>
</event>
<event publicID="quakeml:eu.emsc/event/20050103_0000051">
  <preferredOriginID>quakeml:eu.emsc/event/20050103_0000051/origin/1271031</preferredOriginID>
  <preferredMagnitudeID>quakeml:eu.emsc/event/20050103_0000051/origin/1271031/mag/2</preferredMagnitudeID>
  <creationInfo>
    <agencyURI>smi:smi-registry/organization/EMSC</agencyURI>
    <authorURI>smi:smi-registry/organization/EMSC</authorURI>
    <creationTime>2014-12-11T06:24:57.144639Z</creationTime>
  </creationInfo>
  <description>
    <text>EASTERN TURKEY</text>
    <type>Flinn-Engdahl region</type>
  </description>
  <origin publicID="quakeml:eu.emsc/event/20050103_0000051/origin/1271031">
    <time>
      <value>2005-01-03T14:17:16.2Z</value>
    </time>
    <latitude>
      <value>40.716</value>
      <uncertainty>9999.9</uncertainty>
    </latitude>
    <longitude>
      <value>39.278</value>
      <uncertainty>9999.9</uncertainty>
    </longitude>
    <depth>
      <value>4000</value>
    </depth>
    <depthType>from location</depthType>
    <methodID>smi:eu.emsc-csem/origin_method/NA</methodID>
    <quality>
      <usedPhaseCount>5</usedPhaseCount>
      <usedStationCount>4</usedStationCount>
      <standardError>1.29</standardError>
      <azimuthalGap>300</azimuthalGap>
      <minimumDistance>0.3</minimumDistance>
      <maximumDistance>1.82</maximumDistance>
    </quality>
    <evaluationMode>manual</evaluationMode>
    <creationInfo>
      <agencyURI>smi:smi-registry/organization/EMSC</agencyURI>
      <authorURI>smi:smi-registry/organization/EMSC</authorURI>
    </creationInfo>
    <originUncertainty>
      <azimuthMaxHorizontalUncertainty>-99</azimuthMaxHorizontalUncertainty>
    </originUncertainty>
  </origin>
  <magnitude publicID="quakeml:eu.emsc/event/20050103_0000051/origin/1271031/mag/2">
    <mag>
      <value>2.9</value>
    </mag>
    <type>MD</type>
    <originID>quakeml:eu.emsc/event/20050103_0000051/origin/1271031</originID>
    <creationInfo>
      <agencyURI>smi:smi-registry/organization/EMSC</agencyURI>
      <authorURI>smi:smi-registry/organization/EMSC</authorURI>
    </creationInfo>
  </magnitude>
</event>
<event publicID="quakeml:eu.emsc/event/20050103_0000038">
  <preferredOriginID>quakeml:eu.emsc/event/20050103_0000038/origin/1271033</preferredOriginID>
  <preferredMagnitudeID>quakeml:eu.emsc/event/20050103_0000038/origin/1271033/mag/2</preferredMagnitudeID>
  <creationInfo>
    <agencyURI>smi:smi-registry/organization/EMSC</agencyURI>
    <authorURI>smi:smi-registry/organization/EMSC</authorURI>
    <creationTime>2014-12-11T06:24:51.186939Z</creationTime>
  </creationInfo>
  <description>
    <text>CENTRAL TURKEY</text>
    <type>Flinn-Engdahl region</type>
  </description>
  <origin publicID="quakeml:eu.emsc/event/20050103_0000038/origin/1271033">
    <time>
      <value>2005-01-03T13:22:17.9Z</value>
    </time>
    <latitude>
      <value>40.762</value>
      <uncertainty>9999.9</uncertainty>
    </latitude>
    <longitude>
      <value>35.392</value>
      <uncertainty>9999.9</uncertainty>
    </longitude>
    <depth>
      <value>35000</value>
    </depth>
    <depthType>from location</depthType>
    <methodID>smi:eu.emsc-csem/origin_method/NA</methodID>
    <quality>
      <usedPhaseCount>9</usedPhaseCount>
      <usedStationCount>7</usedStationCount>
      <standardError>0.74</standardError>
      <azimuthalGap>112</azimuthalGap>
      <minimumDistance>0.59</minimumDistance>
      <maximumDistance>1.94</maximumDistance>
    </quality>
    <evaluationMode>manual</evaluationMode>
    <creationInfo>
      <agencyURI>smi:smi-registry/organization/EMSC</agencyURI>
      <authorURI>smi:smi-registry/organization/EMSC</authorURI>
    </creationInfo>
    <originUncertainty>
      <azimuthMaxHorizontalUncertainty>-99</azimuthMaxHorizontalUncertainty>
    </originUncertainty>
  </origin>
  <magnitude publicID="quakeml:eu.emsc/event/20050103_0000038/origin/1271033/mag/2">
    <mag>
      <value>2.8</value>
    </mag>
    <type>MD</type>
    <originID>quakeml:eu.emsc/event/20050103_0000038/origin/1271033</originID>
    <creationInfo>
      <agencyURI>smi:smi-registry/organization/EMSC</agencyURI>
      <authorURI>smi:smi-registry/organization/EMSC</authorURI>
    </creationInfo>
  </magnitude>
</event>
<event publicID="quakeml:eu.emsc/event/20050103_0000024">
  <preferredOriginID>quakeml:eu.emsc/event/20050103_0000024/origin/1290331</preferredOriginID>
  <preferredMagnitudeID>quakeml:eu.emsc/event/20050103_0000024/origin/1290331/mag/2</preferredMagnitudeID>
  <creationInfo>
    <agencyURI>smi:smi-registry/organization/EMSC</agencyURI>
    <authorURI>smi:smi-registry/organization/EMSC</authorURI>
    <creationTime>2014-12-03T13:41:44.207862Z</creationTime>
  </creationInfo>
  <description>
    <text>STRAIT OF GIBRALTAR</text>
    <type>Flinn-Engdahl region</type>
  </description>
  <origin publicID="quakeml:eu.emsc/event/20050103_0000024/origin/1290331">
    <time>
      <value>2005-01-03T12:09:14.5Z</value>
      <uncertainty>0.29</uncertainty>
    </time>
    <latitude>
      <value>35.7425</value>
      <uncertainty>7.6</uncertainty>
    </latitude>
    <longitude>
      <value>-5.002</value>
      <uncertainty>5.6</uncertainty>
    </longitude>
    <depth>
      <value>60000</value>
    </depth>
    <depthType>from location</depthType>
    <methodID>smi:eu.emsc-csem/origin_method/NA</methodID>
    <quality>
      <usedPhaseCount>22</usedPhaseCount>
      <usedStationCount>14</usedStationCount>
      <standardError>1.05</standardError>
      <azimuthalGap>144</azimuthalGap>
      <minimumDistance>0.84</minimumDistance>
      <maximumDistance>4.54</maximumDistance>
    </quality>
    <evaluationMode>manual</evaluationMode>
    <creationInfo>
      <agencyURI>smi:smi-registry/organization/EMSC</agencyURI>
      <authorURI>smi:smi-registry/organization/EMSC</authorURI>
    </creationInfo>
    <originUncertainty>
      <azimuthMaxHorizontalUncertainty>38</azimuthMaxHorizontalUncertainty>
    </originUncertainty>
  </origin>
  <magnitude publicID="quakeml:eu.emsc/event/20050103_0000024/origin/1290331/mag/2">
    <mag>
      <value>3.6</value>
      <uncertainty>0.3</uncertainty>
    </mag>
    <type>mb</type>
    <originID>quakeml:eu.emsc/event/20050103_0000024/origin/1290331</originID>
    <stationCount>7</stationCount>
    <creationInfo>
      <agencyURI>smi:smi-registry/organization/EMSC</agencyURI>
      <authorURI>smi:smi-registry/organization/EMSC</authorURI>
    </creationInfo>
  </magnitude>
</event>
<event publicID="quakeml:eu.emsc/event/20050103_0000023">
  <preferredOriginID>quakeml:eu.emsc/event/20050103_0000023/origin/1290339</preferredOriginID>
  <preferredMagnitudeID>quakeml:eu.emsc/event/20050103_0000023/origin/1290339/mag/1</preferredMagnitudeID>
  <creationInfo>
    <agencyURI>smi:smi-registry/organization/EMSC</agencyURI>
    <authorURI>smi:smi-registry/organization/EMSC</authorURI>
    <creationTime>2014-12-03T13:17:07.33065Z</creationTime>
  </creationInfo>
  <description>
    <text>STRAIT OF GIBRALTAR</text>
    <type>Flinn-Engdahl region</type>
  </description>
  <origin publicID="quakeml:eu.emsc/event/20050103_0000023/origin/1290339">
    <time>
      <value>2005-01-03T11:34:14.3Z</value>
      <uncertainty>0.19</uncertainty>
    </time>
    <latitude>
      <value>36.6134</value>
      <uncertainty>4.9</uncertainty>
    </latitude>
    <longitude>
      <value>-7.6002</value>
      <uncertainty>3</uncertainty>
    </longitude>
    <depth>
      <value>60000</value>
    </depth>
    <depthType>from location</depthType>
    <methodID>smi:eu.emsc-csem/origin_method/NA</methodID>
    <quality>
      <usedPhaseCount>124</usedPhaseCount>
      <usedStationCount>96</usedStationCount>
      <standardError>1.08</standardError>
      <azimuthalGap>125</azimuthalGap>
      <minimumDistance>0.86</minimumDistance>
      <maximumDistance>15.92</maximumDistance>
    </quality>
    <evaluationMode>manual</evaluationMode>
    <creationInfo>
      <agencyURI>smi:smi-registry/organization/EMSC</agencyURI>
      <authorURI>smi:smi-registry/organization/EMSC</authorURI>
    </creationInfo>
    <originUncertainty>
      <azimuthMaxHorizontalUncertainty>63</azimuthMaxHorizontalUncertainty>
    </originUncertainty>
  </origin>
  <magnitude publicID="quakeml:eu.emsc/event/20050103_0000023/origin/1290339/mag/1">
    <mag>
      <value>4.3</value>
      <uncertainty>0.4</uncertainty>
    </mag>
    <type>ML</type>
    <originID>quakeml:eu.emsc/event/20050103_0000023/origin/1290339</originID>
    <stationCount>12</stationCount>
    <creationInfo>
      <agencyURI>smi:smi-registry/organization/EMSC</agencyURI>
      <authorURI>smi:smi-registry/organization/EMSC</authorURI>
    </creationInfo>
  </magnitude>
</event>
<event publicID="quakeml:eu.emsc/event/20050103_0000022">
  <preferredOriginID>quakeml:eu.emsc/event/20050103_0000022/origin/1290343</preferredOriginID>
  <preferredMagnitudeID>quakeml:eu.emsc/event/20050103_0000022/origin/1290343/mag/2</preferredMagnitudeID>
  <creationInfo>
    <agencyURI>smi:smi-registry/organization/EMSC</agencyURI>
    <authorURI>smi:smi-registry/organization/EMSC</authorURI>
    <creationTime>2014-12-03T14:01:58.529407Z</creationTime>
  </creationInfo>
  <description>
    <text>CRETE, GREECE</text>
    <type>Flinn-Engdahl region</type>
  </description>
  <origin publicID="quakeml:eu.emsc/event/20050103_0000022/origin/1290343">
    <time>
      <value>2005-01-03T10:57:20.4Z</value>
      <uncertainty>0.29</uncertainty>
    </time>
    <latitude>
      <value>35.5689</value>
      <uncertainty>8.5</uncertainty>
    </latitude>
    <longitude>
      <value>26.0185</value>
      <uncertainty>6</uncertainty>
    </longitude>
    <depth>
      <value>20000</value>
    </depth>
    <depthType>from location</depthType>
    <methodID>smi:eu.emsc-csem/origin_method/NA</methodID>
    <quality>
      <usedPhaseCount>20</usedPhaseCount>
      <usedStationCount>15</usedStationCount>
      <standardError>1.04</standardError>
      <azimuthalGap>110</azimuthalGap>
      <minimumDistance>0.45</minimumDistance>
      <maximumDistance>3.36</maximumDistance>
    </quality>
    <evaluationMode>manual</evaluationMode>
    <creationInfo>
      <agencyURI>smi:smi-registry/organization/EMSC</agencyURI>
      <authorURI>smi:smi-registry/organization/EMSC</authorURI>
    </creationInfo>
    <originUncertainty>
      <azimuthMaxHorizontalUncertainty>164</azimuthMaxHorizontalUncertainty>
    </originUncertainty>
  </origin>
  <magnitude publicID="quakeml:eu.emsc/event/20050103_0000022/origin/1290343/mag/2">
    <mag>
      <value>3.5</value>
    </mag>
    <type>MD</type>
    <originID>quakeml:eu.emsc/event/20050103_0000022/origin/1290343</originID>
    <creationInfo>
      <agencyURI>smi:smi-registry/organization/EMSC</agencyURI>
      <authorURI>smi:smi-registry/organization/EMSC</authorURI>
    </creationInfo>
  </magnitude>
</event>
<event publicID="quakeml:eu.emsc/event/20050103_0000049">
  <preferredOriginID>quakeml:eu.emsc/event/20050103_0000049/origin/1271035</preferredOriginID>
  <preferredMagnitudeID>quakeml:eu.emsc/event/20050103_0000049/origin/1271035/mag/2</preferredMagnitudeID>
  <creationInfo>
    <agencyURI>smi:smi-registry/organization/EMSC</agencyURI>
    <authorURI>smi:smi-registry/organization/EMSC</authorURI>
    <creationTime>2014-12-11T06:24:39.537607Z</creationTime>
  </creationInfo>
  <description>
    <text>AZORES ISLANDS, PORTUGAL</text>
    <type>Flinn-Engdahl region</type>
  </description>
  <origin publicID="quakeml:eu.emsc/event/20050103_0000049/origin/1271035">
    <time>
      <value>2005-01-03T10:01:43.2Z</value>
    </time>
    <latitude>
      <value>38.917</value>
      <uncertainty>9999.9</uncertainty>
    </latitude>
    <longitude>
      <value>-28.496</value>
      <uncertainty>9999.9</uncertainty>
    </longitude>
    <depth>
      <value>6400.0</value>
    </depth>
    <depthType>from location</depthType>
    <methodID>smi:eu.emsc-csem/origin_method/NA</methodID>
    <quality>
      <usedPhaseCount>7</usedPhaseCount>
      <usedStationCount>4</usedStationCount>
      <standardError>0.79</standardError>
      <azimuthalGap>288</azimuthalGap>
      <minimumDistance>0.28</minimumDistance>
      <maximumDistance>0.42</maximumDistance>
    </quality>
    <evaluationMode>manual</evaluationMode>
    <creationInfo>
      <agencyURI>smi:smi-registry/organization/EMSC</agencyURI>
      <authorURI>smi:smi-registry/organization/EMSC</authorURI>
    </creationInfo>
    <originUncertainty>
      <azimuthMaxHorizontalUncertainty>-99</azimuthMaxHorizontalUncertainty>
    </originUncertainty>
  </origin>
  <magnitude publicID="quakeml:eu.emsc/event/20050103_0000049/origin/1271035/mag/2">
    <mag>
      <value>3.3</value>
    </mag>
    <type>MD</type>
    <originID>quakeml:eu.emsc/event/20050103_0000049/origin/1271035</originID>
    <creationInfo>
      <agencyURI>smi:smi-registry/organization/EMSC</agencyURI>
      <authorURI>smi:smi-registry/organization/EMSC</authorURI>
    </creationInfo>
  </magnitude>
</event>
<event publicID="quakeml:eu.emsc/event/20050103_0000021">
  <preferredOriginID>quakeml:eu.emsc/event/20050103_0000021/origin/BW240</preferredOriginID>
  <preferredMagnitudeID>quakeml:eu.emsc/event/20050103_0000021/origin/BW240/mag/1</preferredMagnitudeID>
  <creationInfo>
    <agencyURI>smi:smi-registry/organization/EMSC</agencyURI>
    <authorURI>smi:smi-registry/organization/EMSC</authorURI>
    <creationTime>2014-12-01T12:44:07.531614Z</creationTime>
  </creationInfo>
  <description>
    <text>ANDAMAN ISLANDS, INDIA REGION</text>
    <type>Flinn-Engdahl region</type>
  </description>
  <origin publicID="quakeml:eu.emsc/event/20050103_0000021/origin/BW240">
    <time>
      <value>2005-01-03T09:13:58.8Z</value>
      <uncertainty>0.11</uncertainty>
    </time>
    <latitude>
      <value>10.57</value>
    </latitude>
    <longitude>
      <value>92.25</value>
    </longitude>
    <depth>
      <value>8000.0</value>
    </depth>
    <depthType>from location</depthType>
    <methodID>smi:eu.emsc-csem/origin_method/NA</methodID>
    <quality>
      <usedPhaseCount>35</usedPhaseCount>
      <usedStationCount>26</usedStationCount>
      <standardError>0.93</standardError>
      <azimuthalGap>110</azimuthalGap>
      <minimumDistance>10.17</minimumDistance>
      <maximumDistance>137.57</maximumDistance>
    </quality>
    <evaluationMode>automatic</evaluationMode>
    <creationInfo>
      <agencyURI>smi:smi-registry/organization/EMSC</agencyURI>
      <authorURI>smi:smi-registry/organization/EMSC</authorURI>
    </creationInfo>
  </origin>
  <magnitude publicID="quakeml:eu.emsc/event/20050103_0000021/origin/BW240/mag/1">
    <mag>
      <value>5.1</value>
      <uncertainty>0.4</uncertainty>
    </mag>
    <type>mb</type>
    <originID>quakeml:eu.emsc/event/20050103_0000021/origin/BW240</originID>
    <stationCount>16</stationCount>
    <creationInfo>
      <agencyURI>smi:smi-registry/organization/EMSC</agencyURI>
      <authorURI>smi:smi-registry/organization/EMSC</authorURI>
    </creationInfo>
  </magnitude>
</event>
<event publicID="quakeml:eu.emsc/event/20050103_0000044">
  <preferredOriginID>quakeml:eu.emsc/event/20050103_0000044/origin/1271037</preferredOriginID>
  <preferredMagnitudeID>quakeml:eu.emsc/event/20050103_0000044/origin/1271037/mag/2</preferredMagnitudeID>
  <creationInfo>
    <agencyURI>smi:smi-registry/organization/EMSC</agencyURI>
    <authorURI>smi:smi-registry/organization/EMSC</authorURI>
    <creationTime>2014-12-11T06:24:35.603436Z</creationTime>
  </creationInfo>
  <description>
    <text>SICILY, ITALY</text>
    <type>Flinn-Engdahl region</type>
  </description>
  <origin publicID="quakeml:eu.emsc/event/20050103_0000044/origin/1271037">
    <time>
      <value>2005-01-03T08:44:49.1Z</value>
    </time>
    <latitude>
      <value>38.176</value>
      <uncertainty>9999.9</uncertainty>
    </latitude>
    <longitude>
      <value>13.374</value>
      <uncertainty>9999.9</uncertainty>
    </longitude>
    <depth>
      <value>13800.0</value>
    </depth>
    <depthType>from location</depthType>
    <methodID>smi:eu.emsc-csem/origin_method/NA</methodID>
    <quality>
      <usedPhaseCount>9</usedPhaseCount>
      <usedStationCount>5</usedStationCount>
      <standardError>1.2</standardError>
      <azimuthalGap>230</azimuthalGap>
      <minimumDistance>0.55</minimumDistance>
      <maximumDistance>2.12</maximumDistance>
    </quality>
    <evaluationMode>manual</evaluationMode>
    <creationInfo>
      <agencyURI>smi:smi-registry/organization/EMSC</agencyURI>
      <authorURI>smi:smi-registry/organization/EMSC</authorURI>
    </creationInfo>
    <originUncertainty>
      <azimuthMaxHorizontalUncertainty>-99</azimuthMaxHorizontalUncertainty>
    </originUncertainty>
  </origin>
  <magnitude publicID="quakeml:eu.emsc/event/20050103_0000044/origin/1271037/mag/2">
    <mag>
      <value>2.5</value>
    </mag>
    <type>ML</type>
    <originID>quakeml:eu.emsc/event/20050103_0000044/origin/1271037</originID>
    <stationCount>3</stationCount>
    <creationInfo>
      <agencyURI>smi:smi-registry/organization/EMSC</agencyURI>
      <authorURI>smi:smi-registry/organization/EMSC</authorURI>
    </creationInfo>
  </magnitude>
</event>
<event publicID="quakeml:eu.emsc/event/20050103_0000036">
  <preferredOriginID>quakeml:eu.emsc/event/20050103_0000036/origin/1271039</preferredOriginID>
  <preferredMagnitudeID>quakeml:eu.emsc/event/20050103_0000036/origin/1271039/mag/2</preferredMagnitudeID>
  <creationInfo>
    <agencyURI>smi:smi-registry/organization/EMSC</agencyURI>
    <authorURI>smi:smi-registry/organization/EMSC</authorURI>
    <creationTime>2014-12-11T06:24:33.192163Z</creationTime>
  </creationInfo>
  <description>
    <text>AEGEAN SEA</text>
    <type>Flinn-Engdahl region</type>
  </description>
  <origin publicID="quakeml:eu.emsc/event/20050103_0000036/origin/1271039">
    <time>
      <value>2005-01-03T07:40:46.0Z</value>
    </time>
    <latitude>
      <value>38.64</value>
      <uncertainty>9999.9</uncertainty>
    </latitude>
    <longitude>
      <value>24.46</value>
      <uncertainty>9999.9</uncertainty>
    </longitude>
    <depth>
      <value>31000</value>
    </depth>
    <depthType>from location</depthType>
    <methodID>smi:eu.emsc-csem/origin_method/NA</methodID>
    <quality>
      <usedPhaseCount>10</usedPhaseCount>
      <usedStationCount>6</usedStationCount>
      <standardError>1.74</standardError>
      <azimuthalGap>342</azimuthalGap>
      <minimumDistance>0.75</minimumDistance>
      <maximumDistance>1.17</maximumDistance>
    </quality>
    <evaluationMode>manual</evaluationMode>
    <creationInfo>
      <agencyURI>smi:smi-registry/organization/EMSC</agencyURI>
      <authorURI>smi:smi-registry/organization/EMSC</authorURI>
    </creationInfo>
    <originUncertainty>
      <azimuthMaxHorizontalUncertainty>-99</azimuthMaxHorizontalUncertainty>
    </originUncertainty>
  </origin>
  <magnitude publicID="quakeml:eu.emsc/event/20050103_0000036/origin/1271039/mag/2">
    <mag>
      <value>2.8</value>
    </mag>
    <type>ML</type>
    <originID>quakeml:eu.emsc/event/20050103_0000036/origin/1271039</originID>
    <creationInfo>
      <agencyURI>smi:smi-registry/organization/EMSC</agencyURI>
      <authorURI>smi:smi-registry/organization/EMSC</authorURI>
    </creationInfo>
  </magnitude>
</event>
<event publicID="quakeml:eu.emsc/event/20050103_0000042">
  <preferredOriginID>quakeml:eu.emsc/event/20050103_0000042/origin/1271041</preferredOriginID>
  <preferredMagnitudeID>quakeml:eu.emsc/event/20050103_0000042/origin/1271041/mag/2</preferredMagnitudeID>
  <creationInfo>
    <agencyURI>smi:smi-registry/organization/EMSC</agencyURI>
    <authorURI>smi:smi-registry/organization/EMSC</authorURI>
    <creationTime>2014-12-11T06:24:30.743971Z</creationTime>
  </creationInfo>
  <description>
    <text>NEAR THE COAST OF YEMEN</text>
    <type>Flinn-Engdahl region</type>
  </description>
  <origin publicID="quakeml:eu.emsc/event/20050103_0000042/origin/1271041">
    <time>
      <value>2005-01-03T04:58:45.2Z</value>
    </time>
    <latitude>
      <value>13.07</value>
      <uncertainty>9999.9</uncertainty>
    </latitude>
    <longitude>
      <value>43.93</value>
      <uncertainty>9999.9</uncertainty>
    </longitude>
    <depth>
      <value>14000</value>
    </depth>
    <depthType>from location</depthType>
    <methodID>smi:eu.emsc-csem/origin_method/NA</methodID>
    <quality>
      <usedPhaseCount>11</usedPhaseCount>
      <usedStationCount>6</usedStationCount>
      <standardError>3.37</standardError>
      <azimuthalGap>258</azimuthalGap>
      <minimumDistance>0.23</minimumDistance>
      <maximumDistance>1.83</maximumDistance>
    </quality>
    <evaluationMode>manual</evaluationMode>
    <creationInfo>
      <agencyURI>smi:smi-registry/organization/EMSC</agencyURI>
      <authorURI>smi:smi-registry/organization/EMSC</authorURI>
    </creationInfo>
    <originUncertainty>
      <azimuthMaxHorizontalUncertainty>-99</azimuthMaxHorizontalUncertainty>
    </originUncertainty>
  </origin>
  <magnitude publicID="quakeml:eu.emsc/event/20050103_0000042/origin/1271041/mag/2">
    <mag>
      <value>3</value>
    </mag>
    <type>Mc</type>
    <originID>quakeml:eu.emsc/event/20050103_0000042/origin/1271041</originID>
    <creationInfo>
      <agencyURI>smi:smi-registry/organization/EMSC</agencyURI>
      <authorURI>smi:smi-registry/organization/EMSC</authorURI>
    </creationInfo>
  </magnitude>
</event>
<event publicID="quakeml:eu.emsc/event/20050103_0000048">
  <preferredOriginID>quakeml:eu.emsc/event/20050103_0000048/origin/1290346</preferredOriginID>
  <preferredMagnitudeID>quakeml:eu.emsc/event/20050103_0000048/origin/1290346/mag/1</preferredMagnitudeID>
  <creationInfo>
    <agencyURI>smi:smi-registry/organization/EMSC</agencyURI>
    <authorURI>smi:smi-registry/organization/EMSC</authorURI>
    <creationTime>2014-12-03T12:08:28.243138Z</creationTime>
  </creationInfo>
  <description>
    <text>NORTHERN ITALY</text>
    <type>Flinn-Engdahl region</type>
  </description>
  <origin publicID="quakeml:eu.emsc/event/20050103_0000048/origin/1290346">
    <time>
      <value>2005-01-03T03:10:00.0Z</value>
      <uncertainty>0.16</uncertainty>
    </time>
    <latitude>
      <value>46.1377</value>
      <uncertainty>3.2</uncertainty>
    </latitude>
    <longitude>
      <value>12.4512</value>
      <uncertainty>2.1</uncertainty>
    </longitude>
    <depth>
      <value>2000</value>
    </depth>
    <depthType>from location</depthType>
    <methodID>smi:eu.emsc-csem/origin_method/NA</methodID>
    <quality>
      <usedPhaseCount>44</usedPhaseCount>
      <usedStationCount>24</usedStationCount>
      <standardError>0.94</standardError>
      <azimuthalGap>76</azimuthalGap>
      <minimumDistance>0.13</minimumDistance>
      <maximumDistance>3.09</maximumDistance>
    </quality>
    <evaluationMode>manual</evaluationMode>
    <creationInfo>
      <agencyURI>smi:smi-registry/organization/EMSC</agencyURI>
      <authorURI>smi:smi-registry/organization/EMSC</authorURI>
    </creationInfo>
    <originUncertainty>
      <azimuthMaxHorizontalUncertainty>17</azimuthMaxHorizontalUncertainty>
    </originUncertainty>
  </origin>
  <magnitude publicID="quakeml:eu.emsc/event/20050103_0000048/origin/1290346/mag/1">
    <mag>
      <value>2.5</value>
      <uncertainty>0.1</uncertainty>
    </mag>
    <type>ML</type>
    <originID>quakeml:eu.emsc/event/20050103_0000048/origin/1290346</originID>
    <stationCount>6</stationCount>
    <creationInfo>
      <agencyURI>smi:smi-registry/organization/EMSC</agencyURI>
      <authorURI>smi:smi-registry/organization/EMSC</authorURI>
    </creationInfo>
  </magnitude>
</event>
<event publicID="quakeml:eu.emsc/event/20050103_0000045">
  <preferredOriginID>quakeml:eu.emsc/event/20050103_0000045/origin/1290349</preferredOriginID>
  <preferredMagnitudeID>quakeml:eu.emsc/event/20050103_0000045/origin/1290349/mag/2</preferredMagnitudeID>
  <creationInfo>
    <agencyURI>smi:smi-registry/organization/EMSC</agencyURI>
    <authorURI>smi:smi-registry/organization/EMSC</authorURI>
    <creationTime>2014-12-03T11:31:02.707645Z</creationTime>
  </creationInfo>
  <description>
    <text>RED SEA</text>
    <type>Flinn-Engdahl region</type>
  </description>
  <origin publicID="quakeml:eu.emsc/event/20050103_0000045/origin/1290349">
    <time>
      <value>2005-01-03T02:52:46.0Z</value>
      <uncertainty>0.45</uncertainty>
    </time>
    <latitude>
      <value>23.9658</value>
      <uncertainty>12.4</uncertainty>
    </latitude>
    <longitude>
      <value>36.3768</value>
      <uncertainty>9.4</uncertainty>
    </longitude>
    <depth>
      <value>40000</value>
    </depth>
    <depthType>from location</depthType>
    <methodID>smi:eu.emsc-csem/origin_method/NA</methodID>
    <quality>
      <usedPhaseCount>13</usedPhaseCount>
      <usedStationCount>12</usedStationCount>
      <standardError>0.86</standardError>
      <azimuthalGap>151</azimuthalGap>
      <minimumDistance>1.24</minimumDistance>
      <maximumDistance>5.3</maximumDistance>
    </quality>
    <evaluationMode>manual</evaluationMode>
    <creationInfo>
      <agencyURI>smi:smi-registry/organization/EMSC</agencyURI>
      <authorURI>smi:smi-registry/organization/EMSC</authorURI>
    </creationInfo>
    <originUncertainty>
      <azimuthMaxHorizontalUncertainty>142</azimuthMaxHorizontalUncertainty>
    </originUncertainty>
  </origin>
  <magnitude publicID="quakeml:eu.emsc/event/20050103_0000045/origin/1290349/mag/2">
    <mag>
      <value>3.2</value>
    </mag>
    <type>ML</type>
    <originID>quakeml:eu.emsc/event/20050103_0000045/origin/1290349</originID>
    <creationInfo>
      <agencyURI>smi:smi-registry/organization/EMSC</agencyURI>
      <authorURI>smi:smi-registry/organization/EMSC</authorURI>
    </creationInfo>
  </magnitude>
</event>
<event publicID="quakeml:eu.emsc/event/20050103_0000020">
  <preferredOriginID>quakeml:eu.emsc/event/20050103_0000020/origin/1290353</preferredOriginID>
  <preferredMagnitudeID>quakeml:eu.emsc/event/20050103_0000020/origin/1290353/mag/1</preferredMagnitudeID>
  <creationInfo>
    <agencyURI>smi:smi-registry/organization/EMSC</agencyURI>
    <authorURI>smi:smi-registry/organization/EMSC</authorURI>
    <creationTime>2014-12-03T13:52:50.739627Z</creationTime>
  </creationInfo>
  <description>
    <text>SPAIN</text>
    <type>Flinn-Engdahl region</type>
  </description>
  <origin publicID="quakeml:eu.emsc/event/20050103_0000020/origin/1290353">
    <time>
      <value>2005-01-03T02:08:09.3Z</value>
      <uncertainty>0.48</uncertainty>
    </time>
    <latitude>
      <value>42.9428</value>
      <uncertainty>8.9</uncertainty>
    </latitude>
    <longitude>
      <value>-9.1492</value>
      <uncertainty>4.4</uncertainty>
    </longitude>
    <depth>
      <value>15000</value>
    </depth>
    <depthType>from location</depthType>
    <methodID>smi:eu.emsc-csem/origin_method/NA</methodID>
    <quality>
      <usedPhaseCount>33</usedPhaseCount>
      <usedStationCount>18</usedStationCount>
      <standardError>0.92</standardError>
      <azimuthalGap>275</azimuthalGap>
      <minimumDistance>0.13</minimumDistance>
      <maximumDistance>5.9</maximumDistance>
    </quality>
    <evaluationMode>manual</evaluationMode>
    <creationInfo>
      <agencyURI>smi:smi-registry/organization/EMSC</agencyURI>
      <authorURI>smi:smi-registry/organization/EMSC</authorURI>
    </creationInfo>
    <originUncertainty>
      <azimuthMaxHorizontalUncertainty>107</azimuthMaxHorizontalUncertainty>
    </originUncertainty>
  </origin>
  <magnitude publicID="quakeml:eu.emsc/event/20050103_0000020/origin/1290353/mag/1">
    <mag>
      <value>3.1</value>
      <uncertainty>0.5</uncertainty>
    </mag>
    <type>ML</type>
    <originID>quakeml:eu.emsc/event/20050103_0000020/origin/1290353</originID>
    <stationCount>4</stationCount>
    <creationInfo>
      <agencyURI>smi:smi-registry/organization/EMSC</agencyURI>
      <authorURI>smi:smi-registry/organization/EMSC</authorURI>
    </creationInfo>
  </magnitude>
</event>
<event publicID="quakeml:eu.emsc/event/20050103_0000019">
  <preferredOriginID>quakeml:eu.emsc/event/20050103_0000019/origin/1271043</preferredOriginID>
  <preferredMagnitudeID>quakeml:eu.emsc/event/20050103_0000019/origin/1271043/mag/2</preferredMagnitudeID>
  <creationInfo>
    <agencyURI>smi:smi-registry/organization/EMSC</agencyURI>
    <authorURI>smi:smi-registry/organization/EMSC</authorURI>
    <creationTime>2014-12-11T06:24:21.410372Z</creationTime>
  </creationInfo>
  <description>
    <text>WESTERN TURKEY</text>
    <type>Flinn-Engdahl region</type>
  </description>
  <origin publicID="quakeml:eu.emsc/event/20050103_0000019/origin/1271043">
    <time>
      <value>2005-01-03T01:32:37.8Z</value>
    </time>
    <latitude>
      <value>38.968</value>
      <uncertainty>9999.9</uncertainty>
    </latitude>
    <longitude>
      <value>30.237</value>
      <uncertainty>9999.9</uncertainty>
    </longitude>
    <depth>
      <value>5000</value>
    </depth>
    <depthType>from location</depthType>
    <methodID>smi:eu.emsc-csem/origin_method/NA</methodID>
    <quality>
      <usedPhaseCount>9</usedPhaseCount>
      <usedStationCount>8</usedStationCount>
      <standardError>1.54</standardError>
      <azimuthalGap>142</azimuthalGap>
      <minimumDistance>0.13</minimumDistance>
      <maximumDistance>1.95</maximumDistance>
    </quality>
    <evaluationMode>manual</evaluationMode>
    <creationInfo>
      <agencyURI>smi:smi-registry/organization/EMSC</agencyURI>
      <authorURI>smi:smi-registry/organization/EMSC</authorURI>
    </creationInfo>
    <originUncertainty>
      <azimuthMaxHorizontalUncertainty>-99</azimuthMaxHorizontalUncertainty>
    </originUncertainty>
  </origin>
  <magnitude publicID="quakeml:eu.emsc/event/20050103_0000019/origin/1271043/mag/2">
    <mag>
      <value>2.9</value>
    </mag>
    <type>MD</type>
    <originID>quakeml:eu.emsc/event/20050103_0000019/origin/1271043</originID>
    <creationInfo>
      <agencyURI>smi:smi-registry/organization/EMSC</agencyURI>
      <authorURI>smi:smi-registry/organization/EMSC</authorURI>
    </creationInfo>
  </magnitude>
</event>
<event publicID="quakeml:eu.emsc/event/20050103_0000018">
  <preferredOriginID>quakeml:eu.emsc/event/20050103_0000018/origin/1290355</preferredOriginID>
  <preferredMagnitudeID>quakeml:eu.emsc/event/20050103_0000018/origin/1290355/mag/2</preferredMagnitudeID>
  <creationInfo>
    <agencyURI>smi:smi-registry/organization/EMSC</agencyURI>
    <authorURI>smi:smi-registry/organization/EMSC</authorURI>
    <creationTime>2014-12-03T13:37:38.953702Z</creationTime>
  </creationInfo>
  <description>
    <text>WESTERN TURKEY</text>
    <type>Flinn-Engdahl region</type>
  </description>
  <origin publicID="quakeml:eu.emsc/event/20050103_0000018/origin/1290355">
    <time>
      <value>2005-01-03T01:12:48.6Z</value>
      <uncertainty>0.1</uncertainty>
    </time>
    <latitude>
      <value>40.5521</value>
      <uncertainty>2.7</uncertainty>
    </latitude>
    <longitude>
      <value>30.5983</value>
      <uncertainty>1.7</uncertainty>
    </longitude>
    <depth>
      <value>5000</value>
    </depth>
    <depthType>from location</depthType>
    <methodID>smi:eu.emsc-csem/origin_method/NA</methodID>
    <quality>
      <usedPhaseCount>12</usedPhaseCount>
      <usedStationCount>10</usedStationCount>
      <standardError>0.22</standardError>
      <azimuthalGap>166</azimuthalGap>
      <minimumDistance>0.34</minimumDistance>
      <maximumDistance>13.99</maximumDistance>
    </quality>
    <evaluationMode>manual</evaluationMode>
    <creationInfo>
      <agencyURI>smi:smi-registry/organization/EMSC</agencyURI>
      <authorURI>smi:smi-registry/organization/EMSC</authorURI>
    </creationInfo>
    <originUncertainty>
      <azimuthMaxHorizontalUncertainty>17</azimuthMaxHorizontalUncertainty>
    </originUncertainty>
  </origin>
  <magnitude publicID="quakeml:eu.emsc/event/20050103_0000018/origin/1290355/mag/2">
    <mag>
      <value>2.9</value>
    </mag>
    <type>MD</type>
    <originID>quakeml:eu.emsc/event/20050103_0000018/origin/1290355</originID>
    <creationInfo>
      <agencyURI>smi:smi-registry/organization/EMSC</agencyURI>
      <authorURI>smi:smi-registry/organization/EMSC</authorURI>
    </creationInfo>
  </magnitude>
</event>
</eventParameters>
</q:quakeml>
