<?xml version="1.0"?>
<q:quakeml xmlns:q="http://quakeml.org/xmlns/quakeml/1.2"  xmlns="http://quakeml.org/xmlns/bed/1.2">
<eventParameters publicID="smi:eu.emsc/unid">
<event publicID="quakeml:eu.emsc/event/20050412_0000030">
  <preferredOriginID>quakeml:eu.emsc/event/20050412_0000030/origin/1281742</preferredOriginID>
  <preferredMagnitudeID>quakeml:eu.emsc/event/20050412_0000030/origin/1281742/mag/2</preferredMagnitudeID>
  <creationInfo>
    <agencyURI>smi:smi-registry/organization/EMSC</agencyURI>
    <authorURI>smi:smi-registry/organization/EMSC</authorURI>
    <creationTime>2014-12-03T11:29:04.993856Z</creationTime>
  </creationInfo>
  <description>
    <text>SOUTHERN ITALY</text>
    <type>Flinn-Engdahl region</type>
  </description>
  <origin publicID="quakeml:eu.emsc/event/20050412_0000030/origin/1281742">
    <time>
      <value>2005-04-12T23:23:46.5Z</value>
      <uncertainty>0.37</uncertainty>
    </time>
    <latitude>
      <value>39.3351</value>
      <uncertainty>12</uncertainty>
    </latitude>
    <longitude>
      <value>16.8512</value>
      <uncertainty>5.3</uncertainty>
    </longitude>
    <depth>
      <value>10000</value>
    </depth>
    <depthType>from location</depthType>
    <methodID>smi:eu.emsc-csem/origin_method/NA</methodID>
    <quality>
      <usedPhaseCount>16</usedPhaseCount>
      <usedStationCount>11</usedStationCount>
      <standardError>1.16</standardError>
      <azimuthalGap>161</azimuthalGap>
      <minimumDistance>0.17</minimumDistance>
      <maximumDistance>1.76</maximumDistance>
    </quality>
    <evaluationMode>manual</evaluationMode>
    <creationInfo>
      <agencyURI>smi:smi-registry/organization/EMSC</agencyURI>
      <authorURI>smi:smi-registry/organization/EMSC</authorURI>
    </creationInfo>
    <originUncertainty>
      <azimuthMaxHorizontalUncertainty>106</azimuthMaxHorizontalUncertainty>
    </originUncertainty>
  </origin>
  <magnitude publicID="quakeml:eu.emsc/event/20050412_0000030/origin/1281742/mag/2">
    <mag>
      <value>2.3</value>
    </mag>
    <type>ML</type>
    <originID>quakeml:eu.emsc/event/20050412_0000030/origin/1281742</originID>
    <stationCount>5</stationCount>
    <creationInfo>
      <agencyURI>smi:smi-registry/organization/EMSC</agencyURI>
      <authorURI>smi:smi-registry/organization/EMSC</authorURI>
    </creationInfo>
  </magnitude>
</event>
<event publicID="quakeml:eu.emsc/event/20050412_0000048">
  <preferredOriginID>quakeml:eu.emsc/event/20050412_0000048/origin/1267021</preferredOriginID>
  <preferredMagnitudeID>quakeml:eu.emsc/event/20050412_0000048/origin/1267021/mag/2</preferredMagnitudeID>
  <creationInfo>
    <agencyURI>smi:smi-registry/organization/EMSC</agencyURI>
    <authorURI>smi:smi-registry/organization/EMSC</authorURI>
    <creationTime>2014-12-10T18:08:54.872094Z</creationTime>
  </creationInfo>
  <description>
    <text>NORTHERN ITALY</text>
    <type>Flinn-Engdahl region</type>
  </description>
  <origin publicID="quakeml:eu.emsc/event/20050412_0000048/origin/1267021">
    <time>
      <value>2005-04-12T22:37:13.6Z</value>
    </time>
    <latitude>
      <value>44.3097</value>
      <uncertainty>9999.9</uncertainty>
    </latitude>
    <longitude>
      <value>7.428</value>
      <uncertainty>9999.9</uncertainty>
    </longitude>
    <depth>
      <value>10100.0</value>
    </depth>
    <depthType>from location</depthType>
    <methodID>smi:eu.emsc-csem/origin_method/NA</methodID>
    <quality>
      <usedPhaseCount>20</usedPhaseCount>
      <usedStationCount>10</usedStationCount>
      <standardError>0.6</standardError>
      <azimuthalGap>101</azimuthalGap>
      <minimumDistance>0.08</minimumDistance>
      <maximumDistance>0.53</maximumDistance>
    </quality>
    <evaluationMode>manual</evaluationMode>
    <creationInfo>
      <agencyURI>smi:smi-registry/organization/EMSC</agencyURI>
      <authorURI>smi:smi-registry/organization/EMSC</authorURI>
    </creationInfo>
    <originUncertainty>
      <azimuthMaxHorizontalUncertainty>-99</azimuthMaxHorizontalUncertainty>
    </originUncertainty>
  </origin>
  <magnitude publicID="quakeml:eu.emsc/event/20050412_0000048/origin/1267021/mag/2">
    <mag>
      <value>2</value>
    </mag>
    <type>ML</type>
    <originID>quakeml:eu.emsc/event/20050412_0000048/origin/1267021</originID>
    <creationInfo>
      <agencyURI>smi:smi-registry/organization/EMSC</agencyURI>
      <authorURI>smi:smi-registry/organization/EMSC</authorURI>
    </creationInfo>
  </magnitude>
</event>
<event publicID="quakeml:eu.emsc/event/20050412_0000040">
  <preferredOriginID>quakeml:eu.emsc/event/20050412_0000040/origin/1267023</preferredOriginID>
  <preferredMagnitudeID>quakeml:eu.emsc/event/20050412_0000040/origin/1267023/mag/2</preferredMagnitudeID>
  <creationInfo>
    <agencyURI>smi:smi-registry/organization/EMSC</agencyURI>
    <authorURI>smi:smi-registry/organization/EMSC</authorURI>
    <creationTime>2014-12-11T09:05:04.605772Z</creationTime>
  </creationInfo>
  <description>
    <text>SOUTHEASTERN IRAN</text>
    <type>Flinn-Engdahl region</type>
  </description>
  <origin publicID="quakeml:eu.emsc/event/20050412_0000040/origin/1267023">
    <time>
      <value>2005-04-12T22:23:01.7Z</value>
    </time>
    <latitude>
      <value>26.8006</value>
      <uncertainty>9999.9</uncertainty>
    </latitude>
    <longitude>
      <value>58.8418</value>
      <uncertainty>9999.9</uncertainty>
    </longitude>
    <depth>
      <value>0</value>
    </depth>
    <depthType>from location</depthType>
    <methodID>smi:eu.emsc-csem/origin_method/NA</methodID>
    <quality>
      <usedPhaseCount>6</usedPhaseCount>
      <usedStationCount>6</usedStationCount>
      <standardError>1.97</standardError>
      <azimuthalGap>288</azimuthalGap>
      <minimumDistance>2.44</minimumDistance>
      <maximumDistance>4.31</maximumDistance>
    </quality>
    <evaluationMode>manual</evaluationMode>
    <creationInfo>
      <agencyURI>smi:smi-registry/organization/EMSC</agencyURI>
      <authorURI>smi:smi-registry/organization/EMSC</authorURI>
    </creationInfo>
    <originUncertainty>
      <azimuthMaxHorizontalUncertainty>-99</azimuthMaxHorizontalUncertainty>
    </originUncertainty>
  </origin>
  <magnitude publicID="quakeml:eu.emsc/event/20050412_0000040/origin/1267023/mag/2">
    <mag>
      <value>2.6</value>
    </mag>
    <type>mb</type>
    <originID>quakeml:eu.emsc/event/20050412_0000040/origin/1267023</originID>
    <creationInfo>
      <agencyURI>smi:smi-registry/organization/EMSC</agencyURI>
      <authorURI>smi:smi-registry/organization/EMSC</authorURI>
    </creationInfo>
  </magnitude>
</event>
<event publicID="quakeml:eu.emsc/event/20050412_0000043">
  <preferredOriginID>quakeml:eu.emsc/event/20050412_0000043/origin/1280557</preferredOriginID>
  <preferredMagnitudeID>quakeml:eu.emsc/event/20050412_0000043/origin/1280557/mag/1</preferredMagnitudeID>
  <creationInfo>
    <agencyURI>smi:smi-registry/organization/EMSC</agencyURI>
    <authorURI>smi:smi-registry/organization/EMSC</authorURI>
    <creationTime>2014-12-03T10:21:32.491327Z</creationTime>
  </creationInfo>
  <description>
    <text>GERMANY</text>
    <type>Flinn-Engdahl region</type>
  </description>
  <origin publicID="quakeml:eu.emsc/event/20050412_0000043/origin/1280557">
    <time>
      <value>2005-04-12T21:49:29.2Z</value>
      <uncertainty>0.24</uncertainty>
    </time>
    <latitude>
      <value>50.314</value>
      <uncertainty>4.3</uncertainty>
    </latitude>
    <longitude>
      <value>7.3728</value>
      <uncertainty>2.2</uncertainty>
    </longitude>
    <depth>
      <value>10000</value>
    </depth>
    <depthType>from location</depthType>
    <methodID>smi:eu.emsc-csem/origin_method/NA</methodID>
    <quality>
      <usedPhaseCount>40</usedPhaseCount>
      <usedStationCount>19</usedStationCount>
      <standardError>0.7</standardError>
      <azimuthalGap>192</azimuthalGap>
      <minimumDistance>0.45</minimumDistance>
      <maximumDistance>4.14</maximumDistance>
    </quality>
    <evaluationMode>manual</evaluationMode>
    <creationInfo>
      <agencyURI>smi:smi-registry/organization/EMSC</agencyURI>
      <authorURI>smi:smi-registry/organization/EMSC</authorURI>
    </creationInfo>
    <originUncertainty>
      <azimuthMaxHorizontalUncertainty>39</azimuthMaxHorizontalUncertainty>
    </originUncertainty>
  </origin>
  <magnitude publicID="quakeml:eu.emsc/event/20050412_0000043/origin/1280557/mag/1">
    <mag>
      <value>2.4</value>
      <uncertainty>0.3</uncertainty>
    </mag>
    <type>ML</type>
    <originID>quakeml:eu.emsc/event/20050412_0000043/origin/1280557</originID>
    <stationCount>7</stationCount>
    <creationInfo>
      <agencyURI>smi:smi-registry/organization/EMSC</agencyURI>
      <authorURI>smi:smi-registry/organization/EMSC</authorURI>
    </creationInfo>
  </magnitude>
</event>
<event publicID="quakeml:eu.emsc/event/20050412_0000027">
  <preferredOriginID>quakeml:eu.emsc/event/20050412_0000027/origin/1267025</preferredOriginID>
  <preferredMagnitudeID>quakeml:eu.emsc/event/20050412_0000027/origin/1267025/mag/2</preferredMagnitudeID>
  <creationInfo>
    <agencyURI>smi:smi-registry/organization/EMSC</agencyURI>
    <authorURI>smi:smi-registry/organization/EMSC</authorURI>
    <creationTime>2014-12-11T09:05:02.50474Z</creationTime>
  </creationInfo>
  <description>
    <text>SICILY, ITALY</text>
    <type>Flinn-Engdahl region</type>
  </description>
  <origin publicID="quakeml:eu.emsc/event/20050412_0000027/origin/1267025">
    <time>
      <value>2005-04-12T21:45:17.8Z</value>
    </time>
    <latitude>
      <value>38.572</value>
      <uncertainty>9999.9</uncertainty>
    </latitude>
    <longitude>
      <value>12.344</value>
      <uncertainty>9999.9</uncertainty>
    </longitude>
    <depth>
      <value>5000</value>
    </depth>
    <depthType>from location</depthType>
    <methodID>smi:eu.emsc-csem/origin_method/NA</methodID>
    <quality>
      <usedPhaseCount>7</usedPhaseCount>
      <usedStationCount>6</usedStationCount>
      <standardError>1.49</standardError>
      <azimuthalGap>277</azimuthalGap>
      <minimumDistance>0.57</minimumDistance>
      <maximumDistance>1.45</maximumDistance>
    </quality>
    <evaluationMode>manual</evaluationMode>
    <creationInfo>
      <agencyURI>smi:smi-registry/organization/EMSC</agencyURI>
      <authorURI>smi:smi-registry/organization/EMSC</authorURI>
    </creationInfo>
    <originUncertainty>
      <azimuthMaxHorizontalUncertainty>-99</azimuthMaxHorizontalUncertainty>
    </originUncertainty>
  </origin>
  <magnitude publicID="quakeml:eu.emsc/event/20050412_0000027/origin/1267025/mag/2">
    <mag>
      <value>2.9</value>
    </mag>
    <type>ML</type>
    <originID>quakeml:eu.emsc/event/20050412_0000027/origin/1267025</originID>
    <stationCount>2</stationCount>
    <creationInfo>
      <agencyURI>smi:smi-registry/organization/EMSC</agencyURI>
      <authorURI>smi:smi-registry/organization/EMSC</authorURI>
    </creationInfo>
  </magnitude>
</event>
<event publicID="quakeml:eu.emsc/event/20050412_0000045">
  <preferredOriginID>quakeml:eu.emsc/event/20050412_0000045/origin/1267027</preferredOriginID>
  <preferredMagnitudeID>quakeml:eu.emsc/event/20050412_0000045/origin/1267027/mag/2</preferredMagnitudeID>
  <creationInfo>
    <agencyURI>smi:smi-registry/organization/EMSC</agencyURI>
    <authorURI>smi:smi-registry/organization/EMSC</authorURI>
    <creationTime>2014-12-11T09:05:00.521758Z</creationTime>
  </creationInfo>
  <description>
    <text>GREECE</text>
    <type>Flinn-Engdahl region</type>
  </description>
  <origin publicID="quakeml:eu.emsc/event/20050412_0000045/origin/1267027">
    <time>
      <value>2005-04-12T21:43:39.3Z</value>
    </time>
    <latitude>
      <value>38.2</value>
      <uncertainty>9999.9</uncertainty>
    </latitude>
    <longitude>
      <value>23.81</value>
      <uncertainty>9999.9</uncertainty>
    </longitude>
    <depth>
      <value>5000</value>
    </depth>
    <depthType>from location</depthType>
    <methodID>smi:eu.emsc-csem/origin_method/NA</methodID>
    <quality>
      <usedPhaseCount>5</usedPhaseCount>
      <usedStationCount>5</usedStationCount>
      <standardError>0.71</standardError>
      <azimuthalGap>280</azimuthalGap>
      <minimumDistance>0.08</minimumDistance>
      <maximumDistance>0.51</maximumDistance>
    </quality>
    <evaluationMode>manual</evaluationMode>
    <creationInfo>
      <agencyURI>smi:smi-registry/organization/EMSC</agencyURI>
      <authorURI>smi:smi-registry/organization/EMSC</authorURI>
    </creationInfo>
    <originUncertainty>
      <azimuthMaxHorizontalUncertainty>-99</azimuthMaxHorizontalUncertainty>
    </originUncertainty>
  </origin>
  <magnitude publicID="quakeml:eu.emsc/event/20050412_0000045/origin/1267027/mag/2">
    <mag>
      <value>2.7</value>
    </mag>
    <type>MD</type>
    <originID>quakeml:eu.emsc/event/20050412_0000045/origin/1267027</originID>
    <creationInfo>
      <agencyURI>smi:smi-registry/organization/EMSC</agencyURI>
      <authorURI>smi:smi-registry/organization/EMSC</authorURI>
    </creationInfo>
  </magnitude>
</event>
<event publicID="quakeml:eu.emsc/event/20050412_0000032">
  <preferredOriginID>quakeml:eu.emsc/event/20050412_0000032/origin/1267029</preferredOriginID>
  <preferredMagnitudeID>quakeml:eu.emsc/event/20050412_0000032/origin/1267029/mag/2</preferredMagnitudeID>
  <creationInfo>
    <agencyURI>smi:smi-registry/organization/EMSC</agencyURI>
    <authorURI>smi:smi-registry/organization/EMSC</authorURI>
    <creationTime>2014-12-11T09:04:58.627043Z</creationTime>
  </creationInfo>
  <description>
    <text>AZORES ISLANDS, PORTUGAL</text>
    <type>Flinn-Engdahl region</type>
  </description>
  <origin publicID="quakeml:eu.emsc/event/20050412_0000032/origin/1267029">
    <time>
      <value>2005-04-12T21:29:27.1Z</value>
    </time>
    <latitude>
      <value>38.617</value>
      <uncertainty>9999.9</uncertainty>
    </latitude>
    <longitude>
      <value>-28.594</value>
      <uncertainty>9999.9</uncertainty>
    </longitude>
    <depth>
      <value>7800.0</value>
    </depth>
    <depthType>from location</depthType>
    <methodID>smi:eu.emsc-csem/origin_method/NA</methodID>
    <quality>
      <usedPhaseCount>7</usedPhaseCount>
      <usedStationCount>5</usedStationCount>
      <standardError>1.02</standardError>
      <azimuthalGap>169</azimuthalGap>
      <minimumDistance>0.09</minimumDistance>
      <maximumDistance>0.4</maximumDistance>
    </quality>
    <evaluationMode>manual</evaluationMode>
    <creationInfo>
      <agencyURI>smi:smi-registry/organization/EMSC</agencyURI>
      <authorURI>smi:smi-registry/organization/EMSC</authorURI>
    </creationInfo>
    <originUncertainty>
      <azimuthMaxHorizontalUncertainty>-99</azimuthMaxHorizontalUncertainty>
    </originUncertainty>
  </origin>
  <magnitude publicID="quakeml:eu.emsc/event/20050412_0000032/origin/1267029/mag/2">
    <mag>
      <value>2.1</value>
    </mag>
    <type>ML</type>
    <originID>quakeml:eu.emsc/event/20050412_0000032/origin/1267029</originID>
    <creationInfo>
      <agencyURI>smi:smi-registry/organization/EMSC</agencyURI>
      <authorURI>smi:smi-registry/organization/EMSC</authorURI>
    </creationInfo>
  </magnitude>
</event>
<event publicID="quakeml:eu.emsc/event/20050412_0000024">
  <preferredOriginID>quakeml:eu.emsc/event/20050412_0000024/origin/1267031</preferredOriginID>
  <preferredMagnitudeID>quakeml:eu.emsc/event/20050412_0000024/origin/1267031/mag/2</preferredMagnitudeID>
  <creationInfo>
    <agencyURI>smi:smi-registry/organization/EMSC</agencyURI>
    <authorURI>smi:smi-registry/organization/EMSC</authorURI>
    <creationTime>2014-12-11T09:04:52.318762Z</creationTime>
  </creationInfo>
  <description>
    <text>CENTRAL MEDITERRANEAN SEA</text>
    <type>Flinn-Engdahl region</type>
  </description>
  <origin publicID="quakeml:eu.emsc/event/20050412_0000024/origin/1267031">
    <time>
      <value>2005-04-12T18:18:25.9Z</value>
    </time>
    <latitude>
      <value>35.68</value>
      <uncertainty>9999.9</uncertainty>
    </latitude>
    <longitude>
      <value>22.3</value>
      <uncertainty>9999.9</uncertainty>
    </longitude>
    <depth>
      <value>35000</value>
    </depth>
    <depthType>from location</depthType>
    <methodID>smi:eu.emsc-csem/origin_method/NA</methodID>
    <quality>
      <usedPhaseCount>12</usedPhaseCount>
      <usedStationCount>11</usedStationCount>
      <standardError>1.95</standardError>
      <azimuthalGap>232</azimuthalGap>
      <minimumDistance>0.85</minimumDistance>
      <maximumDistance>3.69</maximumDistance>
    </quality>
    <evaluationMode>manual</evaluationMode>
    <creationInfo>
      <agencyURI>smi:smi-registry/organization/EMSC</agencyURI>
      <authorURI>smi:smi-registry/organization/EMSC</authorURI>
    </creationInfo>
    <originUncertainty>
      <azimuthMaxHorizontalUncertainty>-99</azimuthMaxHorizontalUncertainty>
    </originUncertainty>
  </origin>
  <magnitude publicID="quakeml:eu.emsc/event/20050412_0000024/origin/1267031/mag/2">
    <mag>
      <value>3.7</value>
    </mag>
    <type>MD</type>
    <originID>quakeml:eu.emsc/event/20050412_0000024/origin/1267031</originID>
    <creationInfo>
      <agencyURI>smi:smi-registry/organization/EMSC</agencyURI>
      <authorURI>smi:smi-registry/organization/EMSC</authorURI>
    </creationInfo>
  </magnitude>
</event>
<event publicID="quakeml:eu.emsc/event/20050412_0000023">
  <preferredOriginID>quakeml:eu.emsc/event/20050412_0000023/origin/DH090</preferredOriginID>
  <preferredMagnitudeID>quakeml:eu.emsc/event/20050412_0000023/origin/DH090/mag/1</preferredMagnitudeID>
  <creationInfo>
    <agencyURI>smi:smi-registry/organization/EMSC</agencyURI>
    <authorURI>smi:smi-registry/organization/EMSC</authorURI>
    <creationTime>2014-12-01T14:49:24.402475Z</creationTime>
  </creationInfo>
  <description>
    <text>TONGA</text>
    <type>Flinn-Engdahl region</type>
  </description>
  <origin publicID="quakeml:eu.emsc/event/20050412_0000023/origin/DH090">
    <time>
      <value>2005-04-12T17:27:01.9Z</value>
      <uncertainty>0.74</uncertainty>
    </time>
    <latitude>
      <value>-15.59</value>
    </latitude>
    <longitude>
      <value>-174.38</value>
    </longitude>
    <depth>
      <value>33000.0</value>
    </depth>
    <depthType>from location</depthType>
    <methodID>smi:eu.emsc-csem/origin_method/NA</methodID>
    <quality>
      <usedPhaseCount>19</usedPhaseCount>
      <usedStationCount>18</usedStationCount>
      <standardError>1.24</standardError>
      <azimuthalGap>264</azimuthalGap>
      <minimumDistance>81.65</minimumDistance>
      <maximumDistance>147.58</maximumDistance>
    </quality>
    <evaluationMode>automatic</evaluationMode>
    <creationInfo>
      <agencyURI>smi:smi-registry/organization/EMSC</agencyURI>
      <authorURI>smi:smi-registry/organization/EMSC</authorURI>
    </creationInfo>
  </origin>
  <magnitude publicID="quakeml:eu.emsc/event/20050412_0000023/origin/DH090/mag/1">
    <mag>
      <value>4.8</value>
      <uncertainty>0.2</uncertainty>
    </mag>
    <type>mb</type>
    <originID>quakeml:eu.emsc/event/20050412_0000023/origin/DH090</originID>
    <stationCount>2</stationCount>
    <creationInfo>
      <agencyURI>smi:smi-registry/organization/EMSC</agencyURI>
      <authorURI>smi:smi-registry/organization/EMSC</authorURI>
    </creationInfo>
  </magnitude>
</event>
<event publicID="quakeml:eu.emsc/event/20050412_0000037">
  <preferredOriginID>quakeml:eu.emsc/event/20050412_0000037/origin/1267033</preferredOriginID>
  <preferredMagnitudeID>quakeml:eu.emsc/event/20050412_0000037/origin/1267033/mag/2</preferredMagnitudeID>
  <creationInfo>
    <agencyURI>smi:smi-registry/organization/EMSC</agencyURI>
    <authorURI>smi:smi-registry/organization/EMSC</authorURI>
    <creationTime>2014-12-11T09:04:44.182302Z</creationTime>
  </creationInfo>
  <description>
    <text>WESTERN TURKEY</text>
    <type>Flinn-Engdahl region</type>
  </description>
  <origin publicID="quakeml:eu.emsc/event/20050412_0000037/origin/1267033">
    <time>
      <value>2005-04-12T15:17:28.2Z</value>
    </time>
    <latitude>
      <value>38.875</value>
      <uncertainty>9999.9</uncertainty>
    </latitude>
    <longitude>
      <value>27.138</value>
      <uncertainty>9999.9</uncertainty>
    </longitude>
    <depth>
      <value>21000</value>
    </depth>
    <depthType>from location</depthType>
    <methodID>smi:eu.emsc-csem/origin_method/NA</methodID>
    <quality>
      <usedPhaseCount>11</usedPhaseCount>
      <usedStationCount>10</usedStationCount>
      <standardError>0.84</standardError>
      <azimuthalGap>168</azimuthalGap>
      <minimumDistance>0.49</minimumDistance>
      <maximumDistance>2.41</maximumDistance>
    </quality>
    <evaluationMode>manual</evaluationMode>
    <creationInfo>
      <agencyURI>smi:smi-registry/organization/EMSC</agencyURI>
      <authorURI>smi:smi-registry/organization/EMSC</authorURI>
    </creationInfo>
    <originUncertainty>
      <azimuthMaxHorizontalUncertainty>-99</azimuthMaxHorizontalUncertainty>
    </originUncertainty>
  </origin>
  <magnitude publicID="quakeml:eu.emsc/event/20050412_0000037/origin/1267033/mag/2">
    <mag>
      <value>3.1</value>
    </mag>
    <type>MD</type>
    <originID>quakeml:eu.emsc/event/20050412_0000037/origin/1267033</originID>
    <creationInfo>
      <agencyURI>smi:smi-registry/organization/EMSC</agencyURI>
      <authorURI>smi:smi-registry/organization/EMSC</authorURI>
    </creationInfo>
  </magnitude>
</event>
<event publicID="quakeml:eu.emsc/event/20050412_0000035">
  <preferredOriginID>quakeml:eu.emsc/event/20050412_0000035/origin/1267035</preferredOriginID>
  <preferredMagnitudeID>quakeml:eu.emsc/event/20050412_0000035/origin/1267035/mag/2</preferredMagnitudeID>
  <creationInfo>
    <agencyURI>smi:smi-registry/organization/EMSC</agencyURI>
    <authorURI>smi:smi-registry/organization/EMSC</authorURI>
    <creationTime>2014-12-11T09:04:40.519618Z</creationTime>
  </creationInfo>
  <description>
    <text>WESTERN TURKEY</text>
    <type>Flinn-Engdahl region</type>
  </description>
  <origin publicID="quakeml:eu.emsc/event/20050412_0000035/origin/1267035">
    <time>
      <value>2005-04-12T15:00:54.8Z</value>
    </time>
    <latitude>
      <value>39.683</value>
      <uncertainty>9999.9</uncertainty>
    </latitude>
    <longitude>
      <value>29.351</value>
      <uncertainty>9999.9</uncertainty>
    </longitude>
    <depth>
      <value>24000</value>
    </depth>
    <depthType>from location</depthType>
    <methodID>smi:eu.emsc-csem/origin_method/NA</methodID>
    <quality>
      <usedPhaseCount>11</usedPhaseCount>
      <usedStationCount>10</usedStationCount>
      <standardError>0.81</standardError>
      <azimuthalGap>150</azimuthalGap>
      <minimumDistance>0.5</minimumDistance>
      <maximumDistance>2.12</maximumDistance>
    </quality>
    <evaluationMode>manual</evaluationMode>
    <creationInfo>
      <agencyURI>smi:smi-registry/organization/EMSC</agencyURI>
      <authorURI>smi:smi-registry/organization/EMSC</authorURI>
    </creationInfo>
    <originUncertainty>
      <azimuthMaxHorizontalUncertainty>-99</azimuthMaxHorizontalUncertainty>
    </originUncertainty>
  </origin>
  <magnitude publicID="quakeml:eu.emsc/event/20050412_0000035/origin/1267035/mag/2">
    <mag>
      <value>2.7</value>
    </mag>
    <type>MD</type>
    <originID>quakeml:eu.emsc/event/20050412_0000035/origin/1267035</originID>
    <creationInfo>
      <agencyURI>smi:smi-registry/organization/EMSC</agencyURI>
      <authorURI>smi:smi-registry/organization/EMSC</authorURI>
    </creationInfo>
  </magnitude>
</event>
<event publicID="quakeml:eu.emsc/event/20050412_0000039">
  <preferredOriginID>quakeml:eu.emsc/event/20050412_0000039/origin/1267037</preferredOriginID>
  <preferredMagnitudeID>quakeml:eu.emsc/event/20050412_0000039/origin/1267037/mag/2</preferredMagnitudeID>
  <creationInfo>
    <agencyURI>smi:smi-registry/organization/EMSC</agencyURI>
    <authorURI>smi:smi-registry/organization/EMSC</authorURI>
    <creationTime>2014-12-11T09:04:37.459681Z</creationTime>
  </creationInfo>
  <description>
    <text>NEAR THE COAST OF WESTERN TURKEY</text>
    <type>Flinn-Engdahl region</type>
  </description>
  <origin publicID="quakeml:eu.emsc/event/20050412_0000039/origin/1267037">
    <time>
      <value>2005-04-12T14:25:53.2Z</value>
    </time>
    <latitude>
      <value>38.8</value>
      <uncertainty>9999.9</uncertainty>
    </latitude>
    <longitude>
      <value>26.902</value>
      <uncertainty>9999.9</uncertainty>
    </longitude>
    <depth>
      <value>32000</value>
    </depth>
    <depthType>from location</depthType>
    <methodID>smi:eu.emsc-csem/origin_method/NA</methodID>
    <quality>
      <usedPhaseCount>9</usedPhaseCount>
      <usedStationCount>7</usedStationCount>
      <standardError>0.75</standardError>
      <azimuthalGap>221</azimuthalGap>
      <minimumDistance>0.43</minimumDistance>
      <maximumDistance>1.98</maximumDistance>
    </quality>
    <evaluationMode>manual</evaluationMode>
    <creationInfo>
      <agencyURI>smi:smi-registry/organization/EMSC</agencyURI>
      <authorURI>smi:smi-registry/organization/EMSC</authorURI>
    </creationInfo>
    <originUncertainty>
      <azimuthMaxHorizontalUncertainty>-99</azimuthMaxHorizontalUncertainty>
    </originUncertainty>
  </origin>
  <magnitude publicID="quakeml:eu.emsc/event/20050412_0000039/origin/1267037/mag/2">
    <mag>
      <value>2.9</value>
    </mag>
    <type>MD</type>
    <originID>quakeml:eu.emsc/event/20050412_0000039/origin/1267037</originID>
    <creationInfo>
      <agencyURI>smi:smi-registry/organization/EMSC</agencyURI>
      <authorURI>smi:smi-registry/organization/EMSC</authorURI>
    </creationInfo>
  </magnitude>
</event>
<event publicID="quakeml:eu.emsc/event/20050412_0000022">
  <preferredOriginID>quakeml:eu.emsc/event/20050412_0000022/origin/DI994</preferredOriginID>
  <preferredMagnitudeID>quakeml:eu.emsc/event/20050412_0000022/origin/DI994/mag/1</preferredMagnitudeID>
  <creationInfo>
    <agencyURI>smi:smi-registry/organization/EMSC</agencyURI>
    <authorURI>smi:smi-registry/organization/EMSC</authorURI>
    <creationTime>2014-12-01T14:10:32.972728Z</creationTime>
  </creationInfo>
  <description>
    <text>ASCENSION ISLAND REGION</text>
    <type>Flinn-Engdahl region</type>
  </description>
  <origin publicID="quakeml:eu.emsc/event/20050412_0000022/origin/DI994">
    <time>
      <value>2005-04-12T13:55:55.1Z</value>
      <uncertainty>0.12</uncertainty>
    </time>
    <latitude>
      <value>-10.35</value>
    </latitude>
    <longitude>
      <value>-13.07</value>
    </longitude>
    <depth>
      <value>33000.0</value>
    </depth>
    <depthType>from location</depthType>
    <methodID>smi:eu.emsc-csem/origin_method/NA</methodID>
    <quality>
      <usedPhaseCount>28</usedPhaseCount>
      <usedStationCount>22</usedStationCount>
      <standardError>1.15</standardError>
      <azimuthalGap>156</azimuthalGap>
      <minimumDistance>18.78</minimumDistance>
      <maximumDistance>87.15</maximumDistance>
    </quality>
    <evaluationMode>automatic</evaluationMode>
    <creationInfo>
      <agencyURI>smi:smi-registry/organization/EMSC</agencyURI>
      <authorURI>smi:smi-registry/organization/EMSC</authorURI>
    </creationInfo>
  </origin>
  <magnitude publicID="quakeml:eu.emsc/event/20050412_0000022/origin/DI994/mag/1">
    <mag>
      <value>4.9</value>
      <uncertainty>0.3</uncertainty>
    </mag>
    <type>mb</type>
    <originID>quakeml:eu.emsc/event/20050412_0000022/origin/DI994</originID>
    <stationCount>25</stationCount>
    <creationInfo>
      <agencyURI>smi:smi-registry/organization/EMSC</agencyURI>
      <authorURI>smi:smi-registry/organization/EMSC</authorURI>
    </creationInfo>
  </magnitude>
</event>
<event publicID="quakeml:eu.emsc/event/20050412_0000033">
  <preferredOriginID>quakeml:eu.emsc/event/20050412_0000033/origin/1281745</preferredOriginID>
  <preferredMagnitudeID>quakeml:eu.emsc/event/20050412_0000033/origin/1281745/mag/1</preferredMagnitudeID>
  <creationInfo>
    <agencyURI>smi:smi-registry/organization/EMSC</agencyURI>
    <authorURI>smi:smi-registry/organization/EMSC</authorURI>
    <creationTime>2014-12-03T11:04:11.356526Z</creationTime>
  </creationInfo>
  <description>
    <text>FRANCE</text>
    <type>Flinn-Engdahl region</type>
  </description>
  <origin publicID="quakeml:eu.emsc/event/20050412_0000033/origin/1281745">
    <time>
      <value>2005-04-12T13:11:03.0Z</value>
      <uncertainty>0.08</uncertainty>
    </time>
    <latitude>
      <value>47.5247</value>
      <uncertainty>2.1</uncertainty>
    </latitude>
    <longitude>
      <value>-1.5369</value>
      <uncertainty>1.4</uncertainty>
    </longitude>
    <depth>
      <value>12000</value>
    </depth>
    <depthType>from location</depthType>
    <methodID>smi:eu.emsc-csem/origin_method/NA</methodID>
    <quality>
      <usedPhaseCount>29</usedPhaseCount>
      <usedStationCount>14</usedStationCount>
      <standardError>0.44</standardError>
      <azimuthalGap>109</azimuthalGap>
      <minimumDistance>0.95</minimumDistance>
      <maximumDistance>3.42</maximumDistance>
    </quality>
    <evaluationMode>manual</evaluationMode>
    <creationInfo>
      <agencyURI>smi:smi-registry/organization/EMSC</agencyURI>
      <authorURI>smi:smi-registry/organization/EMSC</authorURI>
    </creationInfo>
    <originUncertainty>
      <azimuthMaxHorizontalUncertainty>55</azimuthMaxHorizontalUncertainty>
    </originUncertainty>
  </origin>
  <magnitude publicID="quakeml:eu.emsc/event/20050412_0000033/origin/1281745/mag/1">
    <mag>
      <value>2.6</value>
      <uncertainty>0.3</uncertainty>
    </mag>
    <type>ML</type>
    <originID>quakeml:eu.emsc/event/20050412_0000033/origin/1281745</originID>
    <stationCount>7</stationCount>
    <creationInfo>
      <agencyURI>smi:smi-registry/organization/EMSC</agencyURI>
      <authorURI>smi:smi-registry/organization/EMSC</authorURI>
    </creationInfo>
  </magnitude>
</event>
<event publicID="quakeml:eu.emsc/event/20050412_0000042">
  <preferredOriginID>quakeml:eu.emsc/event/20050412_0000042/origin/1267039</preferredOriginID>
  <preferredMagnitudeID>quakeml:eu.emsc/event/20050412_0000042/origin/1267039/mag/2</preferredMagnitudeID>
  <creationInfo>
    <agencyURI>smi:smi-registry/organization/EMSC</agencyURI>
    <authorURI>smi:smi-registry/organization/EMSC</authorURI>
    <creationTime>2014-12-10T17:59:51.373786Z</creationTime>
  </creationInfo>
  <description>
    <text>LIGURIAN SEA</text>
    <type>Flinn-Engdahl region</type>
  </description>
  <origin publicID="quakeml:eu.emsc/event/20050412_0000042/origin/1267039">
    <time>
      <value>2005-04-12T12:23:52.9Z</value>
    </time>
    <latitude>
      <value>43.852</value>
      <uncertainty>9999.9</uncertainty>
    </latitude>
    <longitude>
      <value>8.546</value>
      <uncertainty>9999.9</uncertainty>
    </longitude>
    <depth>
      <value>1800.0</value>
    </depth>
    <depthType>from location</depthType>
    <methodID>smi:eu.emsc-csem/origin_method/NA</methodID>
    <quality>
      <usedPhaseCount>26</usedPhaseCount>
      <usedStationCount>17</usedStationCount>
      <standardError>0.61</standardError>
      <azimuthalGap>194</azimuthalGap>
      <minimumDistance>0.43</minimumDistance>
      <maximumDistance>1.38</maximumDistance>
    </quality>
    <evaluationMode>manual</evaluationMode>
    <creationInfo>
      <agencyURI>smi:smi-registry/organization/EMSC</agencyURI>
      <authorURI>smi:smi-registry/organization/EMSC</authorURI>
    </creationInfo>
    <originUncertainty>
      <azimuthMaxHorizontalUncertainty>-99</azimuthMaxHorizontalUncertainty>
    </originUncertainty>
  </origin>
  <magnitude publicID="quakeml:eu.emsc/event/20050412_0000042/origin/1267039/mag/2">
    <mag>
      <value>2.4</value>
    </mag>
    <type>ML</type>
    <originID>quakeml:eu.emsc/event/20050412_0000042/origin/1267039</originID>
    <creationInfo>
      <agencyURI>smi:smi-registry/organization/EMSC</agencyURI>
      <authorURI>smi:smi-registry/organization/EMSC</authorURI>
    </creationInfo>
  </magnitude>
</event>
<event publicID="quakeml:eu.emsc/event/20050412_0000047">
  <preferredOriginID>quakeml:eu.emsc/event/20050412_0000047/origin/1281749</preferredOriginID>
  <preferredMagnitudeID>quakeml:eu.emsc/event/20050412_0000047/origin/1281749/mag/2</preferredMagnitudeID>
  <creationInfo>
    <agencyURI>smi:smi-registry/organization/EMSC</agencyURI>
    <authorURI>smi:smi-registry/organization/EMSC</authorURI>
    <creationTime>2014-12-03T11:19:59.78513Z</creationTime>
  </creationInfo>
  <description>
    <text>WESTERN IRAN</text>
    <type>Flinn-Engdahl region</type>
  </description>
  <origin publicID="quakeml:eu.emsc/event/20050412_0000047/origin/1281749">
    <time>
      <value>2005-04-12T12:20:03.0Z</value>
      <uncertainty>0.26</uncertainty>
    </time>
    <latitude>
      <value>34.4553</value>
      <uncertainty>8</uncertainty>
    </latitude>
    <longitude>
      <value>48.055</value>
      <uncertainty>5.5</uncertainty>
    </longitude>
    <depth>
      <value>20000</value>
    </depth>
    <depthType>from location</depthType>
    <methodID>smi:eu.emsc-csem/origin_method/NA</methodID>
    <quality>
      <usedPhaseCount>23</usedPhaseCount>
      <usedStationCount>15</usedStationCount>
      <standardError>1.22</standardError>
      <azimuthalGap>100</azimuthalGap>
      <minimumDistance>0.53</minimumDistance>
      <maximumDistance>5.53</maximumDistance>
    </quality>
    <evaluationMode>manual</evaluationMode>
    <creationInfo>
      <agencyURI>smi:smi-registry/organization/EMSC</agencyURI>
      <authorURI>smi:smi-registry/organization/EMSC</authorURI>
    </creationInfo>
    <originUncertainty>
      <azimuthMaxHorizontalUncertainty>153</azimuthMaxHorizontalUncertainty>
    </originUncertainty>
  </origin>
  <magnitude publicID="quakeml:eu.emsc/event/20050412_0000047/origin/1281749/mag/2">
    <mag>
      <value>3.2</value>
    </mag>
    <type>ML</type>
    <originID>quakeml:eu.emsc/event/20050412_0000047/origin/1281749</originID>
    <creationInfo>
      <agencyURI>smi:smi-registry/organization/EMSC</agencyURI>
      <authorURI>smi:smi-registry/organization/EMSC</authorURI>
    </creationInfo>
  </magnitude>
</event>
<event publicID="quakeml:eu.emsc/event/20050412_0000038">
  <preferredOriginID>quakeml:eu.emsc/event/20050412_0000038/origin/1267041</preferredOriginID>
  <preferredMagnitudeID>quakeml:eu.emsc/event/20050412_0000038/origin/1267041/mag/2</preferredMagnitudeID>
  <creationInfo>
    <agencyURI>smi:smi-registry/organization/EMSC</agencyURI>
    <authorURI>smi:smi-registry/organization/EMSC</authorURI>
    <creationTime>2014-12-11T09:04:28.647151Z</creationTime>
  </creationInfo>
  <description>
    <text>AZORES ISLANDS, PORTUGAL</text>
    <type>Flinn-Engdahl region</type>
  </description>
  <origin publicID="quakeml:eu.emsc/event/20050412_0000038/origin/1267041">
    <time>
      <value>2005-04-12T10:28:38.0Z</value>
    </time>
    <latitude>
      <value>38.613</value>
      <uncertainty>9999.9</uncertainty>
    </latitude>
    <longitude>
      <value>-28.563</value>
      <uncertainty>9999.9</uncertainty>
    </longitude>
    <depth>
      <value>10000</value>
    </depth>
    <depthType>from location</depthType>
    <methodID>smi:eu.emsc-csem/origin_method/NA</methodID>
    <quality>
      <usedPhaseCount>6</usedPhaseCount>
      <usedStationCount>4</usedStationCount>
      <standardError>1.32</standardError>
      <azimuthalGap>218</azimuthalGap>
      <minimumDistance>0.1</minimumDistance>
      <maximumDistance>0.16</maximumDistance>
    </quality>
    <evaluationMode>manual</evaluationMode>
    <creationInfo>
      <agencyURI>smi:smi-registry/organization/EMSC</agencyURI>
      <authorURI>smi:smi-registry/organization/EMSC</authorURI>
    </creationInfo>
    <originUncertainty>
      <azimuthMaxHorizontalUncertainty>-99</azimuthMaxHorizontalUncertainty>
    </originUncertainty>
  </origin>
  <magnitude publicID="quakeml:eu.emsc/event/20050412_0000038/origin/1267041/mag/2">
    <mag>
      <value>2.3</value>
    </mag>
    <type>ML</type>
    <originID>quakeml:eu.emsc/event/20050412_0000038/origin/1267041</originID>
    <creationInfo>
      <agencyURI>smi:smi-registry/organization/EMSC</agencyURI>
      <authorURI>smi:smi-registry/organization/EMSC</authorURI>
    </creationInfo>
  </magnitude>
</event>
<event publicID="quakeml:eu.emsc/event/20050412_0000029">
  <preferredOriginID>quakeml:eu.emsc/event/20050412_0000029/origin/1281751</preferredOriginID>
  <preferredMagnitudeID>quakeml:eu.emsc/event/20050412_0000029/origin/1281751/mag/2</preferredMagnitudeID>
  <creationInfo>
    <agencyURI>smi:smi-registry/organization/EMSC</agencyURI>
    <authorURI>smi:smi-registry/organization/EMSC</authorURI>
    <creationTime>2014-12-03T10:47:11.791085Z</creationTime>
  </creationInfo>
  <description>
    <text>NORTHWESTERN RUSSIA</text>
    <type>Flinn-Engdahl region</type>
  </description>
  <origin publicID="quakeml:eu.emsc/event/20050412_0000029/origin/1281751">
    <time>
      <value>2005-04-12T10:20:58.9Z</value>
      <uncertainty>1.37</uncertainty>
    </time>
    <latitude>
      <value>59.4073</value>
      <uncertainty>39.8</uncertainty>
    </latitude>
    <longitude>
      <value>28.1811</value>
      <uncertainty>24.7</uncertainty>
    </longitude>
    <depth>
      <value>2000</value>
    </depth>
    <depthType>from location</depthType>
    <methodID>smi:eu.emsc-csem/origin_method/NA</methodID>
    <quality>
      <usedPhaseCount>7</usedPhaseCount>
      <usedStationCount>4</usedStationCount>
      <standardError>0.7</standardError>
      <azimuthalGap>330</azimuthalGap>
      <minimumDistance>1.18</minimumDistance>
      <maximumDistance>12.5</maximumDistance>
    </quality>
    <evaluationMode>manual</evaluationMode>
    <creationInfo>
      <agencyURI>smi:smi-registry/organization/EMSC</agencyURI>
      <authorURI>smi:smi-registry/organization/EMSC</authorURI>
    </creationInfo>
    <originUncertainty>
      <azimuthMaxHorizontalUncertainty>85</azimuthMaxHorizontalUncertainty>
    </originUncertainty>
  </origin>
  <magnitude publicID="quakeml:eu.emsc/event/20050412_0000029/origin/1281751/mag/2">
    <mag>
      <value>1.3</value>
    </mag>
    <type>ML</type>
    <originID>quakeml:eu.emsc/event/20050412_0000029/origin/1281751</originID>
    <creationInfo>
      <agencyURI>smi:smi-registry/organization/EMSC</agencyURI>
      <authorURI>smi:smi-registry/organization/EMSC</authorURI>
    </creationInfo>
  </magnitude>
</event>
<event publicID="quakeml:eu.emsc/event/20050412_0000034">
  <preferredOriginID>quakeml:eu.emsc/event/20050412_0000034/origin/1281754</preferredOriginID>
  <preferredMagnitudeID>quakeml:eu.emsc/event/20050412_0000034/origin/1281754/mag/2</preferredMagnitudeID>
  <creationInfo>
    <agencyURI>smi:smi-registry/organization/EMSC</agencyURI>
    <authorURI>smi:smi-registry/organization/EMSC</authorURI>
    <creationTime>2014-12-03T11:41:33.558586Z</creationTime>
  </creationInfo>
  <description>
    <text>BULGARIA</text>
    <type>Flinn-Engdahl region</type>
  </description>
  <origin publicID="quakeml:eu.emsc/event/20050412_0000034/origin/1281754">
    <time>
      <value>2005-04-12T10:19:08.3Z</value>
      <uncertainty>0.44</uncertainty>
    </time>
    <latitude>
      <value>43.1267</value>
      <uncertainty>12</uncertainty>
    </latitude>
    <longitude>
      <value>23.7288</value>
      <uncertainty>9.1</uncertainty>
    </longitude>
    <depth>
      <value>2000</value>
    </depth>
    <depthType>from location</depthType>
    <methodID>smi:eu.emsc-csem/origin_method/NA</methodID>
    <quality>
      <usedPhaseCount>11</usedPhaseCount>
      <usedStationCount>9</usedStationCount>
      <standardError>1.12</standardError>
      <azimuthalGap>93</azimuthalGap>
      <minimumDistance>0.66</minimumDistance>
      <maximumDistance>2.85</maximumDistance>
    </quality>
    <evaluationMode>manual</evaluationMode>
    <creationInfo>
      <agencyURI>smi:smi-registry/organization/EMSC</agencyURI>
      <authorURI>smi:smi-registry/organization/EMSC</authorURI>
    </creationInfo>
    <originUncertainty>
      <azimuthMaxHorizontalUncertainty>44</azimuthMaxHorizontalUncertainty>
    </originUncertainty>
  </origin>
  <magnitude publicID="quakeml:eu.emsc/event/20050412_0000034/origin/1281754/mag/2">
    <mag>
      <value>2.4</value>
    </mag>
    <type>MD</type>
    <originID>quakeml:eu.emsc/event/20050412_0000034/origin/1281754</originID>
    <creationInfo>
      <agencyURI>smi:smi-registry/organization/EMSC</agencyURI>
      <authorURI>smi:smi-registry/organization/EMSC</authorURI>
    </creationInfo>
  </magnitude>
</event>
<event publicID="quakeml:eu.emsc/event/20050412_0000028">
  <preferredOriginID>quakeml:eu.emsc/event/20050412_0000028/origin/1267043</preferredOriginID>
  <preferredMagnitudeID>quakeml:eu.emsc/event/20050412_0000028/origin/1267043/mag/2</preferredMagnitudeID>
  <creationInfo>
    <agencyURI>smi:smi-registry/organization/EMSC</agencyURI>
    <authorURI>smi:smi-registry/organization/EMSC</authorURI>
    <creationTime>2014-12-11T09:04:22.818958Z</creationTime>
  </creationInfo>
  <description>
    <text>FRANCE</text>
    <type>Flinn-Engdahl region</type>
  </description>
  <origin publicID="quakeml:eu.emsc/event/20050412_0000028/origin/1267043">
    <time>
      <value>2005-04-12T10:00:56.8Z</value>
    </time>
    <latitude>
      <value>48.38</value>
      <uncertainty>9999.9</uncertainty>
    </latitude>
    <longitude>
      <value>6.89</value>
      <uncertainty>9999.9</uncertainty>
    </longitude>
    <depth>
      <value>5000</value>
    </depth>
    <depthType>from location</depthType>
    <methodID>smi:eu.emsc-csem/origin_method/NA</methodID>
    <quality>
      <usedPhaseCount>8</usedPhaseCount>
      <usedStationCount>6</usedStationCount>
      <standardError>0.49</standardError>
      <azimuthalGap>148</azimuthalGap>
      <minimumDistance>0.24</minimumDistance>
      <maximumDistance>0.9</maximumDistance>
    </quality>
    <evaluationMode>manual</evaluationMode>
    <creationInfo>
      <agencyURI>smi:smi-registry/organization/EMSC</agencyURI>
      <authorURI>smi:smi-registry/organization/EMSC</authorURI>
    </creationInfo>
    <originUncertainty>
      <azimuthMaxHorizontalUncertainty>-99</azimuthMaxHorizontalUncertainty>
    </originUncertainty>
  </origin>
  <magnitude publicID="quakeml:eu.emsc/event/20050412_0000028/origin/1267043/mag/2">
    <mag>
      <value>1.7</value>
    </mag>
    <type>ML</type>
    <originID>quakeml:eu.emsc/event/20050412_0000028/origin/1267043</originID>
    <creationInfo>
      <agencyURI>smi:smi-registry/organization/EMSC</agencyURI>
      <authorURI>smi:smi-registry/organization/EMSC</authorURI>
    </creationInfo>
  </magnitude>
</event>
<event publicID="quakeml:eu.emsc/event/20050412_0000021">
  <preferredOriginID>quakeml:eu.emsc/event/20050412_0000021/origin/1281760</preferredOriginID>
  <preferredMagnitudeID>quakeml:eu.emsc/event/20050412_0000021/origin/1281760/mag/1</preferredMagnitudeID>
  <creationInfo>
    <agencyURI>smi:smi-registry/organization/EMSC</agencyURI>
    <authorURI>smi:smi-registry/organization/EMSC</authorURI>
    <creationTime>2014-12-03T12:52:15.384744Z</creationTime>
  </creationInfo>
  <description>
    <text>LIGURIAN SEA</text>
    <type>Flinn-Engdahl region</type>
  </description>
  <origin publicID="quakeml:eu.emsc/event/20050412_0000021/origin/1281760">
    <time>
      <value>2005-04-12T09:37:49.4Z</value>
      <uncertainty>0.21</uncertainty>
    </time>
    <latitude>
      <value>43.7359</value>
      <uncertainty>4.3</uncertainty>
    </latitude>
    <longitude>
      <value>8.484</value>
      <uncertainty>2.3</uncertainty>
    </longitude>
    <depth>
      <value>16700.0</value>
      <uncertainty>1.4</uncertainty>
    </depth>
    <depthType>from location</depthType>
    <methodID>smi:eu.emsc-csem/origin_method/NA</methodID>
    <quality>
      <usedPhaseCount>106</usedPhaseCount>
      <usedStationCount>57</usedStationCount>
      <standardError>1.12</standardError>
      <azimuthalGap>92</azimuthalGap>
      <minimumDistance>0.46</minimumDistance>
      <maximumDistance>5.42</maximumDistance>
    </quality>
    <evaluationMode>manual</evaluationMode>
    <creationInfo>
      <agencyURI>smi:smi-registry/organization/EMSC</agencyURI>
      <authorURI>smi:smi-registry/organization/EMSC</authorURI>
    </creationInfo>
    <originUncertainty>
      <azimuthMaxHorizontalUncertainty>178</azimuthMaxHorizontalUncertainty>
    </originUncertainty>
  </origin>
  <magnitude publicID="quakeml:eu.emsc/event/20050412_0000021/origin/1281760/mag/1">
    <mag>
      <value>3.3</value>
      <uncertainty>0.3</uncertainty>
    </mag>
    <type>ML</type>
    <originID>quakeml:eu.emsc/event/20050412_0000021/origin/1281760</originID>
    <stationCount>11</stationCount>
    <creationInfo>
      <agencyURI>smi:smi-registry/organization/EMSC</agencyURI>
      <authorURI>smi:smi-registry/organization/EMSC</authorURI>
    </creationInfo>
  </magnitude>
</event>
<event publicID="quakeml:eu.emsc/event/20050412_0000041">
  <preferredOriginID>quakeml:eu.emsc/event/20050412_0000041/origin/1281762</preferredOriginID>
  <preferredMagnitudeID>quakeml:eu.emsc/event/20050412_0000041/origin/1281762/mag/1</preferredMagnitudeID>
  <creationInfo>
    <agencyURI>smi:smi-registry/organization/EMSC</agencyURI>
    <authorURI>smi:smi-registry/organization/EMSC</authorURI>
    <creationTime>2014-12-03T10:24:42.74311Z</creationTime>
  </creationInfo>
  <description>
    <text>NORTHERN ITALY</text>
    <type>Flinn-Engdahl region</type>
  </description>
  <origin publicID="quakeml:eu.emsc/event/20050412_0000041/origin/1281762">
    <time>
      <value>2005-04-12T05:34:58.7Z</value>
      <uncertainty>0.19</uncertainty>
    </time>
    <latitude>
      <value>46.0463</value>
      <uncertainty>4.1</uncertainty>
    </latitude>
    <longitude>
      <value>13.3657</value>
      <uncertainty>1.8</uncertainty>
    </longitude>
    <depth>
      <value>15000</value>
    </depth>
    <depthType>from location</depthType>
    <methodID>smi:eu.emsc-csem/origin_method/NA</methodID>
    <quality>
      <usedPhaseCount>24</usedPhaseCount>
      <usedStationCount>12</usedStationCount>
      <standardError>0.52</standardError>
      <azimuthalGap>199</azimuthalGap>
      <minimumDistance>0.09</minimumDistance>
      <maximumDistance>0.52</maximumDistance>
    </quality>
    <evaluationMode>manual</evaluationMode>
    <creationInfo>
      <agencyURI>smi:smi-registry/organization/EMSC</agencyURI>
      <authorURI>smi:smi-registry/organization/EMSC</authorURI>
    </creationInfo>
    <originUncertainty>
      <azimuthMaxHorizontalUncertainty>20</azimuthMaxHorizontalUncertainty>
    </originUncertainty>
  </origin>
  <magnitude publicID="quakeml:eu.emsc/event/20050412_0000041/origin/1281762/mag/1">
    <mag>
      <value>1.9</value>
      <uncertainty>0.2</uncertainty>
    </mag>
    <type>ML</type>
    <originID>quakeml:eu.emsc/event/20050412_0000041/origin/1281762</originID>
    <stationCount>4</stationCount>
    <creationInfo>
      <agencyURI>smi:smi-registry/organization/EMSC</agencyURI>
      <authorURI>smi:smi-registry/organization/EMSC</authorURI>
    </creationInfo>
  </magnitude>
</event>
<event publicID="quakeml:eu.emsc/event/20050412_0000020">
  <preferredOriginID>quakeml:eu.emsc/event/20050412_0000020/origin/DH093</preferredOriginID>
  <preferredMagnitudeID>quakeml:eu.emsc/event/20050412_0000020/origin/DH093/mag/1</preferredMagnitudeID>
  <creationInfo>
    <agencyURI>smi:smi-registry/organization/EMSC</agencyURI>
    <authorURI>smi:smi-registry/organization/EMSC</authorURI>
    <creationTime>2014-12-01T13:44:33.81493Z</creationTime>
  </creationInfo>
  <description>
    <text>KEP. MENTAWAI REGION, INDONESIA</text>
    <type>Flinn-Engdahl region</type>
  </description>
  <origin publicID="quakeml:eu.emsc/event/20050412_0000020/origin/DH093">
    <time>
      <value>2005-04-12T04:29:56.3Z</value>
      <uncertainty>0.06</uncertainty>
    </time>
    <latitude>
      <value>-1.72</value>
    </latitude>
    <longitude>
      <value>99.86</value>
    </longitude>
    <depth>
      <value>10000.0</value>
    </depth>
    <depthType>from location</depthType>
    <methodID>smi:eu.emsc-csem/origin_method/NA</methodID>
    <quality>
      <usedPhaseCount>111</usedPhaseCount>
      <usedStationCount>85</usedStationCount>
      <standardError>1.07</standardError>
      <azimuthalGap>57</azimuthalGap>
      <minimumDistance>7.01</minimumDistance>
      <maximumDistance>160.05</maximumDistance>
    </quality>
    <evaluationMode>automatic</evaluationMode>
    <creationInfo>
      <agencyURI>smi:smi-registry/organization/EMSC</agencyURI>
      <authorURI>smi:smi-registry/organization/EMSC</authorURI>
    </creationInfo>
  </origin>
  <magnitude publicID="quakeml:eu.emsc/event/20050412_0000020/origin/DH093/mag/1">
    <mag>
      <value>5.5</value>
      <uncertainty>0.3</uncertainty>
    </mag>
    <type>mb</type>
    <originID>quakeml:eu.emsc/event/20050412_0000020/origin/DH093</originID>
    <stationCount>56</stationCount>
    <creationInfo>
      <agencyURI>smi:smi-registry/organization/EMSC</agencyURI>
      <authorURI>smi:smi-registry/organization/EMSC</authorURI>
    </creationInfo>
  </magnitude>
</event>
<event publicID="quakeml:eu.emsc/event/20050412_0000019">
  <preferredOriginID>quakeml:eu.emsc/event/20050412_0000019/origin/DH092</preferredOriginID>
  <preferredMagnitudeID>quakeml:eu.emsc/event/20050412_0000019/origin/DH092/mag/1</preferredMagnitudeID>
  <creationInfo>
    <agencyURI>smi:smi-registry/organization/EMSC</agencyURI>
    <authorURI>smi:smi-registry/organization/EMSC</authorURI>
    <creationTime>2014-12-01T13:57:39.859969Z</creationTime>
  </creationInfo>
  <description>
    <text>KEP. MENTAWAI REGION, INDONESIA</text>
    <type>Flinn-Engdahl region</type>
  </description>
  <origin publicID="quakeml:eu.emsc/event/20050412_0000019/origin/DH092">
    <time>
      <value>2005-04-12T04:17:28.5Z</value>
      <uncertainty>0.07</uncertainty>
    </time>
    <latitude>
      <value>-1.55</value>
    </latitude>
    <longitude>
      <value>99.45</value>
    </longitude>
    <depth>
      <value>10000.0</value>
    </depth>
    <depthType>from location</depthType>
    <methodID>smi:eu.emsc-csem/origin_method/NA</methodID>
    <quality>
      <usedPhaseCount>55</usedPhaseCount>
      <usedStationCount>46</usedStationCount>
      <standardError>1.25</standardError>
      <azimuthalGap>55</azimuthalGap>
      <minimumDistance>6.90</minimumDistance>
      <maximumDistance>158.45</maximumDistance>
    </quality>
    <evaluationMode>automatic</evaluationMode>
    <creationInfo>
      <agencyURI>smi:smi-registry/organization/EMSC</agencyURI>
      <authorURI>smi:smi-registry/organization/EMSC</authorURI>
    </creationInfo>
  </origin>
  <magnitude publicID="quakeml:eu.emsc/event/20050412_0000019/origin/DH092/mag/1">
    <mag>
      <value>5.3</value>
      <uncertainty>0.3</uncertainty>
    </mag>
    <type>mb</type>
    <originID>quakeml:eu.emsc/event/20050412_0000019/origin/DH092</originID>
    <stationCount>22</stationCount>
    <creationInfo>
      <agencyURI>smi:smi-registry/organization/EMSC</agencyURI>
      <authorURI>smi:smi-registry/organization/EMSC</authorURI>
    </creationInfo>
  </magnitude>
</event>
<event publicID="quakeml:eu.emsc/event/20050412_0000018">
  <preferredOriginID>quakeml:eu.emsc/event/20050412_0000018/origin/DH094</preferredOriginID>
  <preferredMagnitudeID>quakeml:eu.emsc/event/20050412_0000018/origin/DH094/mag/1</preferredMagnitudeID>
  <creationInfo>
    <agencyURI>smi:smi-registry/organization/EMSC</agencyURI>
    <authorURI>smi:smi-registry/organization/EMSC</authorURI>
    <creationTime>2014-12-01T12:27:15.404807Z</creationTime>
  </creationInfo>
  <description>
    <text>KEP. MENTAWAI REGION, INDONESIA</text>
    <type>Flinn-Engdahl region</type>
  </description>
  <origin publicID="quakeml:eu.emsc/event/20050412_0000018/origin/DH094">
    <time>
      <value>2005-04-12T03:54:40.7Z</value>
      <uncertainty>0.06</uncertainty>
    </time>
    <latitude>
      <value>-1.8</value>
    </latitude>
    <longitude>
      <value>99.8</value>
    </longitude>
    <depth>
      <value>10000.0</value>
    </depth>
    <depthType>from location</depthType>
    <methodID>smi:eu.emsc-csem/origin_method/NA</methodID>
    <quality>
      <usedPhaseCount>100</usedPhaseCount>
      <usedStationCount>81</usedStationCount>
      <standardError>1.06</standardError>
      <azimuthalGap>92</azimuthalGap>
      <minimumDistance>7.10</minimumDistance>
      <maximumDistance>177.66</maximumDistance>
    </quality>
    <evaluationMode>automatic</evaluationMode>
    <creationInfo>
      <agencyURI>smi:smi-registry/organization/EMSC</agencyURI>
      <authorURI>smi:smi-registry/organization/EMSC</authorURI>
    </creationInfo>
  </origin>
  <magnitude publicID="quakeml:eu.emsc/event/20050412_0000018/origin/DH094/mag/1">
    <mag>
      <value>5.5</value>
      <uncertainty>0.3</uncertainty>
    </mag>
    <type>mb</type>
    <originID>quakeml:eu.emsc/event/20050412_0000018/origin/DH094</originID>
    <stationCount>50</stationCount>
    <creationInfo>
      <agencyURI>smi:smi-registry/organization/EMSC</agencyURI>
      <authorURI>smi:smi-registry/organization/EMSC</authorURI>
    </creationInfo>
  </magnitude>
</event>
<event publicID="quakeml:eu.emsc/event/20050412_0000036">
  <preferredOriginID>quakeml:eu.emsc/event/20050412_0000036/origin/1267045</preferredOriginID>
  <preferredMagnitudeID>quakeml:eu.emsc/event/20050412_0000036/origin/1267045/mag/2</preferredMagnitudeID>
  <creationInfo>
    <agencyURI>smi:smi-registry/organization/EMSC</agencyURI>
    <authorURI>smi:smi-registry/organization/EMSC</authorURI>
    <creationTime>2014-12-11T09:04:20.333329Z</creationTime>
  </creationInfo>
  <description>
    <text>EASTERN TURKEY</text>
    <type>Flinn-Engdahl region</type>
  </description>
  <origin publicID="quakeml:eu.emsc/event/20050412_0000036/origin/1267045">
    <time>
      <value>2005-04-12T03:22:56.2Z</value>
    </time>
    <latitude>
      <value>39.924</value>
      <uncertainty>9999.9</uncertainty>
    </latitude>
    <longitude>
      <value>40.735</value>
      <uncertainty>9999.9</uncertainty>
    </longitude>
    <depth>
      <value>6000</value>
    </depth>
    <depthType>from location</depthType>
    <methodID>smi:eu.emsc-csem/origin_method/NA</methodID>
    <quality>
      <usedPhaseCount>6</usedPhaseCount>
      <usedStationCount>4</usedStationCount>
      <standardError>1.17</standardError>
      <azimuthalGap>137</azimuthalGap>
      <minimumDistance>1.06</minimumDistance>
      <maximumDistance>1.83</maximumDistance>
    </quality>
    <evaluationMode>manual</evaluationMode>
    <creationInfo>
      <agencyURI>smi:smi-registry/organization/EMSC</agencyURI>
      <authorURI>smi:smi-registry/organization/EMSC</authorURI>
    </creationInfo>
    <originUncertainty>
      <azimuthMaxHorizontalUncertainty>-99</azimuthMaxHorizontalUncertainty>
    </originUncertainty>
  </origin>
  <magnitude publicID="quakeml:eu.emsc/event/20050412_0000036/origin/1267045/mag/2">
    <mag>
      <value>2.9</value>
    </mag>
    <type>MD</type>
    <originID>quakeml:eu.emsc/event/20050412_0000036/origin/1267045</originID>
    <creationInfo>
      <agencyURI>smi:smi-registry/organization/EMSC</agencyURI>
      <authorURI>smi:smi-registry/organization/EMSC</authorURI>
    </creationInfo>
  </magnitude>
</event>
<event publicID="quakeml:eu.emsc/event/20050412_0000026">
  <preferredOriginID>quakeml:eu.emsc/event/20050412_0000026/origin/1281765</preferredOriginID>
  <preferredMagnitudeID>quakeml:eu.emsc/event/20050412_0000026/origin/1281765/mag/2</preferredMagnitudeID>
  <creationInfo>
    <agencyURI>smi:smi-registry/organization/EMSC</agencyURI>
    <authorURI>smi:smi-registry/organization/EMSC</authorURI>
    <creationTime>2014-12-03T11:44:13.256548Z</creationTime>
  </creationInfo>
  <description>
    <text>NEAR THE COAST OF WESTERN TURKEY</text>
    <type>Flinn-Engdahl region</type>
  </description>
  <origin publicID="quakeml:eu.emsc/event/20050412_0000026/origin/1281765">
    <time>
      <value>2005-04-12T03:07:03.3Z</value>
      <uncertainty>0.12</uncertainty>
    </time>
    <latitude>
      <value>38.1753</value>
      <uncertainty>4.2</uncertainty>
    </latitude>
    <longitude>
      <value>26.8381</value>
      <uncertainty>2.3</uncertainty>
    </longitude>
    <depth>
      <value>15000</value>
    </depth>
    <depthType>from location</depthType>
    <methodID>smi:eu.emsc-csem/origin_method/NA</methodID>
    <quality>
      <usedPhaseCount>10</usedPhaseCount>
      <usedStationCount>6</usedStationCount>
      <standardError>0.46</standardError>
      <azimuthalGap>114</azimuthalGap>
      <minimumDistance>0.26</minimumDistance>
      <maximumDistance>1.52</maximumDistance>
    </quality>
    <evaluationMode>manual</evaluationMode>
    <creationInfo>
      <agencyURI>smi:smi-registry/organization/EMSC</agencyURI>
      <authorURI>smi:smi-registry/organization/EMSC</authorURI>
    </creationInfo>
    <originUncertainty>
      <azimuthMaxHorizontalUncertainty>110</azimuthMaxHorizontalUncertainty>
    </originUncertainty>
  </origin>
  <magnitude publicID="quakeml:eu.emsc/event/20050412_0000026/origin/1281765/mag/2">
    <mag>
      <value>2.8</value>
    </mag>
    <type>MD</type>
    <originID>quakeml:eu.emsc/event/20050412_0000026/origin/1281765</originID>
    <creationInfo>
      <agencyURI>smi:smi-registry/organization/EMSC</agencyURI>
      <authorURI>smi:smi-registry/organization/EMSC</authorURI>
    </creationInfo>
  </magnitude>
</event>
<event publicID="quakeml:eu.emsc/event/20050412_0000017">
  <preferredOriginID>quakeml:eu.emsc/event/20050412_0000017/origin/DH102</preferredOriginID>
  <preferredMagnitudeID>quakeml:eu.emsc/event/20050412_0000017/origin/DH102/mag/1</preferredMagnitudeID>
  <creationInfo>
    <agencyURI>smi:smi-registry/organization/EMSC</agencyURI>
    <authorURI>smi:smi-registry/organization/EMSC</authorURI>
    <creationTime>2014-12-01T15:15:24.475501Z</creationTime>
  </creationInfo>
  <description>
    <text>GUATEMALA</text>
    <type>Flinn-Engdahl region</type>
  </description>
  <origin publicID="quakeml:eu.emsc/event/20050412_0000017/origin/DH102">
    <time>
      <value>2005-04-12T02:40:28.1Z</value>
      <uncertainty>0.15</uncertainty>
    </time>
    <latitude>
      <value>14.15</value>
    </latitude>
    <longitude>
      <value>-91.23</value>
    </longitude>
    <depth>
      <value>113000.0</value>
      <uncertainty>1.3</uncertainty>
    </depth>
    <depthType>from location</depthType>
    <methodID>smi:eu.emsc-csem/origin_method/NA</methodID>
    <quality>
      <usedPhaseCount>257</usedPhaseCount>
      <usedStationCount>250</usedStationCount>
      <standardError>1.03</standardError>
      <azimuthalGap>64</azimuthalGap>
      <minimumDistance>6.67</minimumDistance>
      <maximumDistance>136.14</maximumDistance>
    </quality>
    <evaluationMode>automatic</evaluationMode>
    <creationInfo>
      <agencyURI>smi:smi-registry/organization/EMSC</agencyURI>
      <authorURI>smi:smi-registry/organization/EMSC</authorURI>
    </creationInfo>
  </origin>
  <magnitude publicID="quakeml:eu.emsc/event/20050412_0000017/origin/DH102/mag/1">
    <mag>
      <value>5.2</value>
      <uncertainty>0.4</uncertainty>
    </mag>
    <type>mb</type>
    <originID>quakeml:eu.emsc/event/20050412_0000017/origin/DH102</originID>
    <stationCount>92</stationCount>
    <creationInfo>
      <agencyURI>smi:smi-registry/organization/EMSC</agencyURI>
      <authorURI>smi:smi-registry/organization/EMSC</authorURI>
    </creationInfo>
  </magnitude>
</event>
<event publicID="quakeml:eu.emsc/event/20050412_0000049">
  <preferredOriginID>quakeml:eu.emsc/event/20050412_0000049/origin/1281889</preferredOriginID>
  <preferredMagnitudeID>quakeml:eu.emsc/event/20050412_0000049/origin/1281889/mag/2</preferredMagnitudeID>
  <creationInfo>
    <agencyURI>smi:smi-registry/organization/EMSC</agencyURI>
    <authorURI>smi:smi-registry/organization/EMSC</authorURI>
    <creationTime>2014-12-03T11:03:11.396044Z</creationTime>
  </creationInfo>
  <description>
    <text>PORTUGAL</text>
    <type>Flinn-Engdahl region</type>
  </description>
  <origin publicID="quakeml:eu.emsc/event/20050412_0000049/origin/1281889">
    <time>
      <value>2005-04-12T02:35:17.5Z</value>
      <uncertainty>0.29</uncertainty>
    </time>
    <latitude>
      <value>41.0772</value>
      <uncertainty>8.1</uncertainty>
    </latitude>
    <longitude>
      <value>-8.0925</value>
      <uncertainty>4.4</uncertainty>
    </longitude>
    <depth>
      <value>10000</value>
    </depth>
    <depthType>from location</depthType>
    <methodID>smi:eu.emsc-csem/origin_method/NA</methodID>
    <quality>
      <usedPhaseCount>14</usedPhaseCount>
      <usedStationCount>13</usedStationCount>
      <standardError>0.69</standardError>
      <azimuthalGap>177</azimuthalGap>
      <minimumDistance>0.35</minimumDistance>
      <maximumDistance>2.46</maximumDistance>
    </quality>
    <evaluationMode>manual</evaluationMode>
    <creationInfo>
      <agencyURI>smi:smi-registry/organization/EMSC</agencyURI>
      <authorURI>smi:smi-registry/organization/EMSC</authorURI>
    </creationInfo>
    <originUncertainty>
      <azimuthMaxHorizontalUncertainty>82</azimuthMaxHorizontalUncertainty>
    </originUncertainty>
  </origin>
  <magnitude publicID="quakeml:eu.emsc/event/20050412_0000049/origin/1281889/mag/2">
    <mag>
      <value>1.7</value>
    </mag>
    <type>ML</type>
    <originID>quakeml:eu.emsc/event/20050412_0000049/origin/1281889</originID>
    <creationInfo>
      <agencyURI>smi:smi-registry/organization/EMSC</agencyURI>
      <authorURI>smi:smi-registry/organization/EMSC</authorURI>
    </creationInfo>
  </magnitude>
</event>
<event publicID="quakeml:eu.emsc/event/20050412_0000031">
  <preferredOriginID>quakeml:eu.emsc/event/20050412_0000031/origin/1267047</preferredOriginID>
  <preferredMagnitudeID>quakeml:eu.emsc/event/20050412_0000031/origin/1267047/mag/2</preferredMagnitudeID>
  <creationInfo>
    <agencyURI>smi:smi-registry/organization/EMSC</agencyURI>
    <authorURI>smi:smi-registry/organization/EMSC</authorURI>
    <creationTime>2014-12-11T09:04:13.629254Z</creationTime>
  </creationInfo>
  <description>
    <text>AZORES ISLANDS, PORTUGAL</text>
    <type>Flinn-Engdahl region</type>
  </description>
  <origin publicID="quakeml:eu.emsc/event/20050412_0000031/origin/1267047">
    <time>
      <value>2005-04-12T02:33:38.0Z</value>
    </time>
    <latitude>
      <value>39.103</value>
      <uncertainty>9999.9</uncertainty>
    </latitude>
    <longitude>
      <value>-28.577</value>
      <uncertainty>9999.9</uncertainty>
    </longitude>
    <depth>
      <value>5000</value>
    </depth>
    <depthType>from location</depthType>
    <methodID>smi:eu.emsc-csem/origin_method/NA</methodID>
    <quality>
      <usedPhaseCount>8</usedPhaseCount>
      <usedStationCount>5</usedStationCount>
      <standardError>1.38</standardError>
      <azimuthalGap>261</azimuthalGap>
      <minimumDistance>0.45</minimumDistance>
      <maximumDistance>0.61</maximumDistance>
    </quality>
    <evaluationMode>manual</evaluationMode>
    <creationInfo>
      <agencyURI>smi:smi-registry/organization/EMSC</agencyURI>
      <authorURI>smi:smi-registry/organization/EMSC</authorURI>
    </creationInfo>
    <originUncertainty>
      <azimuthMaxHorizontalUncertainty>-99</azimuthMaxHorizontalUncertainty>
    </originUncertainty>
  </origin>
  <magnitude publicID="quakeml:eu.emsc/event/20050412_0000031/origin/1267047/mag/2">
    <mag>
      <value>2.3</value>
    </mag>
    <type>ML</type>
    <originID>quakeml:eu.emsc/event/20050412_0000031/origin/1267047</originID>
    <creationInfo>
      <agencyURI>smi:smi-registry/organization/EMSC</agencyURI>
      <authorURI>smi:smi-registry/organization/EMSC</authorURI>
    </creationInfo>
  </magnitude>
</event>
<event publicID="quakeml:eu.emsc/event/20050412_0000046">
  <preferredOriginID>quakeml:eu.emsc/event/20050412_0000046/origin/1267049</preferredOriginID>
  <preferredMagnitudeID>quakeml:eu.emsc/event/20050412_0000046/origin/1267049/mag/2</preferredMagnitudeID>
  <creationInfo>
    <agencyURI>smi:smi-registry/organization/EMSC</agencyURI>
    <authorURI>smi:smi-registry/organization/EMSC</authorURI>
    <creationTime>2014-12-11T09:04:12.114634Z</creationTime>
  </creationInfo>
  <description>
    <text>AZORES ISLANDS REGION</text>
    <type>Flinn-Engdahl region</type>
  </description>
  <origin publicID="quakeml:eu.emsc/event/20050412_0000046/origin/1267049">
    <time>
      <value>2005-04-12T02:25:08.2Z</value>
    </time>
    <latitude>
      <value>37.471</value>
      <uncertainty>9999.9</uncertainty>
    </latitude>
    <longitude>
      <value>-24.706</value>
      <uncertainty>9999.9</uncertainty>
    </longitude>
    <depth>
      <value>900.0</value>
    </depth>
    <depthType>from location</depthType>
    <methodID>smi:eu.emsc-csem/origin_method/NA</methodID>
    <quality>
      <usedPhaseCount>35</usedPhaseCount>
      <usedStationCount>20</usedStationCount>
      <standardError>2.96</standardError>
      <azimuthalGap>264</azimuthalGap>
      <minimumDistance>0.55</minimumDistance>
      <maximumDistance>2.32</maximumDistance>
    </quality>
    <evaluationMode>manual</evaluationMode>
    <creationInfo>
      <agencyURI>smi:smi-registry/organization/EMSC</agencyURI>
      <authorURI>smi:smi-registry/organization/EMSC</authorURI>
    </creationInfo>
    <originUncertainty>
      <azimuthMaxHorizontalUncertainty>-99</azimuthMaxHorizontalUncertainty>
    </originUncertainty>
  </origin>
  <magnitude publicID="quakeml:eu.emsc/event/20050412_0000046/origin/1267049/mag/2">
    <mag>
      <value>2.9</value>
    </mag>
    <type>ML</type>
    <originID>quakeml:eu.emsc/event/20050412_0000046/origin/1267049</originID>
    <creationInfo>
      <agencyURI>smi:smi-registry/organization/EMSC</agencyURI>
      <authorURI>smi:smi-registry/organization/EMSC</authorURI>
    </creationInfo>
  </magnitude>
</event>
<event publicID="quakeml:eu.emsc/event/20050412_0000016">
  <preferredOriginID>quakeml:eu.emsc/event/20050412_0000016/origin/DH103</preferredOriginID>
  <preferredMagnitudeID>quakeml:eu.emsc/event/20050412_0000016/origin/DH103/mag/1</preferredMagnitudeID>
  <creationInfo>
    <agencyURI>smi:smi-registry/organization/EMSC</agencyURI>
    <authorURI>smi:smi-registry/organization/EMSC</authorURI>
    <creationTime>2014-12-01T15:41:53.815804Z</creationTime>
  </creationInfo>
  <description>
    <text>KEP. MENTAWAI REGION, INDONESIA</text>
    <type>Flinn-Engdahl region</type>
  </description>
  <origin publicID="quakeml:eu.emsc/event/20050412_0000016/origin/DH103">
    <time>
      <value>2005-04-12T01:27:46.6Z</value>
      <uncertainty>0.13</uncertainty>
    </time>
    <latitude>
      <value>-1.55</value>
    </latitude>
    <longitude>
      <value>99.48</value>
    </longitude>
    <depth>
      <value>8000.0</value>
    </depth>
    <depthType>from location</depthType>
    <methodID>smi:eu.emsc-csem/origin_method/NA</methodID>
    <quality>
      <usedPhaseCount>68</usedPhaseCount>
      <usedStationCount>59</usedStationCount>
      <standardError>0.96</standardError>
      <azimuthalGap>188</azimuthalGap>
      <minimumDistance>6.89</minimumDistance>
      <maximumDistance>148.10</maximumDistance>
    </quality>
    <evaluationMode>automatic</evaluationMode>
    <creationInfo>
      <agencyURI>smi:smi-registry/organization/EMSC</agencyURI>
      <authorURI>smi:smi-registry/organization/EMSC</authorURI>
    </creationInfo>
  </origin>
  <magnitude publicID="quakeml:eu.emsc/event/20050412_0000016/origin/DH103/mag/1">
    <mag>
      <value>5.2</value>
      <uncertainty>0.4</uncertainty>
    </mag>
    <type>mb</type>
    <originID>quakeml:eu.emsc/event/20050412_0000016/origin/DH103</originID>
    <stationCount>32</stationCount>
    <creationInfo>
      <agencyURI>smi:smi-registry/organization/EMSC</agencyURI>
      <authorURI>smi:smi-registry/organization/EMSC</authorURI>
    </creationInfo>
  </magnitude>
</event>
<event publicID="quakeml:eu.emsc/event/20050412_0000015">
  <preferredOriginID>quakeml:eu.emsc/event/20050412_0000015/origin/DH104</preferredOriginID>
  <preferredMagnitudeID>quakeml:eu.emsc/event/20050412_0000015/origin/DH104/mag/1</preferredMagnitudeID>
  <creationInfo>
    <agencyURI>smi:smi-registry/organization/EMSC</agencyURI>
    <authorURI>smi:smi-registry/organization/EMSC</authorURI>
    <creationTime>2014-12-01T15:02:22.464329Z</creationTime>
  </creationInfo>
  <description>
    <text>KEP. MENTAWAI REGION, INDONESIA</text>
    <type>Flinn-Engdahl region</type>
  </description>
  <origin publicID="quakeml:eu.emsc/event/20050412_0000015/origin/DH104">
    <time>
      <value>2005-04-12T01:24:48.1Z</value>
      <uncertainty>0.12</uncertainty>
    </time>
    <latitude>
      <value>-1.67</value>
    </latitude>
    <longitude>
      <value>99.6</value>
    </longitude>
    <depth>
      <value>10000.0</value>
    </depth>
    <depthType>from location</depthType>
    <methodID>smi:eu.emsc-csem/origin_method/NA</methodID>
    <quality>
      <usedPhaseCount>33</usedPhaseCount>
      <usedStationCount>33</usedStationCount>
      <standardError>1.22</standardError>
      <azimuthalGap>133</azimuthalGap>
      <minimumDistance>7.00</minimumDistance>
      <maximumDistance>146.27</maximumDistance>
    </quality>
    <evaluationMode>automatic</evaluationMode>
    <creationInfo>
      <agencyURI>smi:smi-registry/organization/EMSC</agencyURI>
      <authorURI>smi:smi-registry/organization/EMSC</authorURI>
    </creationInfo>
  </origin>
  <magnitude publicID="quakeml:eu.emsc/event/20050412_0000015/origin/DH104/mag/1">
    <mag>
      <value>5.1</value>
      <uncertainty>0.3</uncertainty>
    </mag>
    <type>mb</type>
    <originID>quakeml:eu.emsc/event/20050412_0000015/origin/DH104</originID>
    <stationCount>14</stationCount>
    <creationInfo>
      <agencyURI>smi:smi-registry/organization/EMSC</agencyURI>
      <authorURI>smi:smi-registry/organization/EMSC</authorURI>
    </creationInfo>
  </magnitude>
</event>
<event publicID="quakeml:eu.emsc/event/20050412_0000044">
  <preferredOriginID>quakeml:eu.emsc/event/20050412_0000044/origin/1267051</preferredOriginID>
  <preferredMagnitudeID>quakeml:eu.emsc/event/20050412_0000044/origin/1267051/mag/2</preferredMagnitudeID>
  <creationInfo>
    <agencyURI>smi:smi-registry/organization/EMSC</agencyURI>
    <authorURI>smi:smi-registry/organization/EMSC</authorURI>
    <creationTime>2014-12-11T09:04:11.135109Z</creationTime>
  </creationInfo>
  <description>
    <text>RED SEA</text>
    <type>Flinn-Engdahl region</type>
  </description>
  <origin publicID="quakeml:eu.emsc/event/20050412_0000044/origin/1267051">
    <time>
      <value>2005-04-12T01:01:55.1Z</value>
    </time>
    <latitude>
      <value>24.3339</value>
      <uncertainty>9999.9</uncertainty>
    </latitude>
    <longitude>
      <value>36.7197</value>
      <uncertainty>9999.9</uncertainty>
    </longitude>
    <depth>
      <value>0</value>
    </depth>
    <depthType>from location</depthType>
    <methodID>smi:eu.emsc-csem/origin_method/NA</methodID>
    <quality>
      <usedPhaseCount>6</usedPhaseCount>
      <usedStationCount>5</usedStationCount>
      <standardError>2.01</standardError>
      <azimuthalGap>257</azimuthalGap>
      <minimumDistance>1.05</minimumDistance>
      <maximumDistance>3.88</maximumDistance>
    </quality>
    <evaluationMode>manual</evaluationMode>
    <creationInfo>
      <agencyURI>smi:smi-registry/organization/EMSC</agencyURI>
      <authorURI>smi:smi-registry/organization/EMSC</authorURI>
    </creationInfo>
    <originUncertainty>
      <azimuthMaxHorizontalUncertainty>-99</azimuthMaxHorizontalUncertainty>
    </originUncertainty>
  </origin>
  <magnitude publicID="quakeml:eu.emsc/event/20050412_0000044/origin/1267051/mag/2">
    <mag>
      <value>2.8</value>
    </mag>
    <type>ML</type>
    <originID>quakeml:eu.emsc/event/20050412_0000044/origin/1267051</originID>
    <creationInfo>
      <agencyURI>smi:smi-registry/organization/EMSC</agencyURI>
      <authorURI>smi:smi-registry/organization/EMSC</authorURI>
    </creationInfo>
  </magnitude>
</event>
<event publicID="quakeml:eu.emsc/event/20050412_0000014">
  <preferredOriginID>quakeml:eu.emsc/event/20050412_0000014/origin/DH108</preferredOriginID>
  <preferredMagnitudeID>quakeml:eu.emsc/event/20050412_0000014/origin/DH108/mag/1</preferredMagnitudeID>
  <creationInfo>
    <agencyURI>smi:smi-registry/organization/EMSC</agencyURI>
    <authorURI>smi:smi-registry/organization/EMSC</authorURI>
    <creationTime>2014-12-01T14:36:31.478452Z</creationTime>
  </creationInfo>
  <description>
    <text>SOUTHWEST OF SUMATRA, INDONESIA</text>
    <type>Flinn-Engdahl region</type>
  </description>
  <origin publicID="quakeml:eu.emsc/event/20050412_0000014/origin/DH108">
    <time>
      <value>2005-04-12T01:00:31.0Z</value>
      <uncertainty>0.70</uncertainty>
    </time>
    <latitude>
      <value>-2.38</value>
    </latitude>
    <longitude>
      <value>97.78</value>
    </longitude>
    <depth>
      <value>33000.0</value>
    </depth>
    <depthType>from location</depthType>
    <methodID>smi:eu.emsc-csem/origin_method/NA</methodID>
    <quality>
      <usedPhaseCount>30</usedPhaseCount>
      <usedStationCount>25</usedStationCount>
      <standardError>0.62</standardError>
      <azimuthalGap>349</azimuthalGap>
      <minimumDistance>64.28</minimumDistance>
      <maximumDistance>90.30</maximumDistance>
    </quality>
    <evaluationMode>automatic</evaluationMode>
    <creationInfo>
      <agencyURI>smi:smi-registry/organization/EMSC</agencyURI>
      <authorURI>smi:smi-registry/organization/EMSC</authorURI>
    </creationInfo>
  </origin>
  <magnitude publicID="quakeml:eu.emsc/event/20050412_0000014/origin/DH108/mag/1">
    <mag>
      <value>5.1</value>
      <uncertainty>0.3</uncertainty>
    </mag>
    <type>mb</type>
    <originID>quakeml:eu.emsc/event/20050412_0000014/origin/DH108</originID>
    <stationCount>26</stationCount>
    <creationInfo>
      <agencyURI>smi:smi-registry/organization/EMSC</agencyURI>
      <authorURI>smi:smi-registry/organization/EMSC</authorURI>
    </creationInfo>
  </magnitude>
</event>
<event publicID="quakeml:eu.emsc/event/20050412_0000013">
  <preferredOriginID>quakeml:eu.emsc/event/20050412_0000013/origin/1281922</preferredOriginID>
  <preferredMagnitudeID>quakeml:eu.emsc/event/20050412_0000013/origin/1281922/mag/1</preferredMagnitudeID>
  <creationInfo>
    <agencyURI>smi:smi-registry/organization/EMSC</agencyURI>
    <authorURI>smi:smi-registry/organization/EMSC</authorURI>
    <creationTime>2014-12-03T14:08:10.67165Z</creationTime>
  </creationInfo>
  <description>
    <text>CENTRAL ITALY</text>
    <type>Flinn-Engdahl region</type>
  </description>
  <origin publicID="quakeml:eu.emsc/event/20050412_0000013/origin/1281922">
    <time>
      <value>2005-04-12T00:31:52.9Z</value>
      <uncertainty>0.11</uncertainty>
    </time>
    <latitude>
      <value>43.1256</value>
      <uncertainty>3.1</uncertainty>
    </latitude>
    <longitude>
      <value>13.3871</value>
      <uncertainty>2.5</uncertainty>
    </longitude>
    <depth>
      <value>20000</value>
    </depth>
    <depthType>from location</depthType>
    <methodID>smi:eu.emsc-csem/origin_method/NA</methodID>
    <quality>
      <usedPhaseCount>119</usedPhaseCount>
      <usedStationCount>98</usedStationCount>
      <standardError>1.02</standardError>
      <azimuthalGap>46</azimuthalGap>
      <minimumDistance>0.29</minimumDistance>
      <maximumDistance>66.8</maximumDistance>
    </quality>
    <evaluationMode>manual</evaluationMode>
    <creationInfo>
      <agencyURI>smi:smi-registry/organization/EMSC</agencyURI>
      <authorURI>smi:smi-registry/organization/EMSC</authorURI>
    </creationInfo>
    <originUncertainty>
      <azimuthMaxHorizontalUncertainty>69</azimuthMaxHorizontalUncertainty>
    </originUncertainty>
  </origin>
  <magnitude publicID="quakeml:eu.emsc/event/20050412_0000013/origin/1281922/mag/1">
    <mag>
      <value>3.1</value>
      <uncertainty>0.3</uncertainty>
    </mag>
    <type>ML</type>
    <originID>quakeml:eu.emsc/event/20050412_0000013/origin/1281922</originID>
    <stationCount>4</stationCount>
    <creationInfo>
      <agencyURI>smi:smi-registry/organization/EMSC</agencyURI>
      <authorURI>smi:smi-registry/organization/EMSC</authorURI>
    </creationInfo>
  </magnitude>
</event>
</eventParameters>
</q:quakeml>
