<?xml version="1.0"?>
<q:quakeml xmlns:q="http://quakeml.org/xmlns/quakeml/1.2"  xmlns="http://quakeml.org/xmlns/bed/1.2">
<eventParameters publicID="smi:eu.emsc/unid">
<event publicID="quakeml:eu.emsc/event/20050414_0000032">
  <preferredOriginID>quakeml:eu.emsc/event/20050414_0000032/origin/1281643</preferredOriginID>
  <preferredMagnitudeID>quakeml:eu.emsc/event/20050414_0000032/origin/1281643/mag/2</preferredMagnitudeID>
  <creationInfo>
    <agencyURI>smi:smi-registry/organization/EMSC</agencyURI>
    <authorURI>smi:smi-registry/organization/EMSC</authorURI>
    <creationTime>2014-12-03T10:24:40.447728Z</creationTime>
  </creationInfo>
  <description>
    <text>GREECE</text>
    <type>Flinn-Engdahl region</type>
  </description>
  <origin publicID="quakeml:eu.emsc/event/20050414_0000032/origin/1281643">
    <time>
      <value>2005-04-14T23:48:07.9Z</value>
      <uncertainty>0.25</uncertainty>
    </time>
    <latitude>
      <value>39.2329</value>
      <uncertainty>5.5</uncertainty>
    </latitude>
    <longitude>
      <value>20.9531</value>
      <uncertainty>4.3</uncertainty>
    </longitude>
    <depth>
      <value>10000</value>
    </depth>
    <depthType>from location</depthType>
    <methodID>smi:eu.emsc-csem/origin_method/NA</methodID>
    <quality>
      <usedPhaseCount>17</usedPhaseCount>
      <usedStationCount>10</usedStationCount>
      <standardError>1.09</standardError>
      <azimuthalGap>97</azimuthalGap>
      <minimumDistance>0.43</minimumDistance>
      <maximumDistance>2.05</maximumDistance>
    </quality>
    <evaluationMode>manual</evaluationMode>
    <creationInfo>
      <agencyURI>smi:smi-registry/organization/EMSC</agencyURI>
      <authorURI>smi:smi-registry/organization/EMSC</authorURI>
    </creationInfo>
    <originUncertainty>
      <azimuthMaxHorizontalUncertainty>42</azimuthMaxHorizontalUncertainty>
    </originUncertainty>
  </origin>
  <magnitude publicID="quakeml:eu.emsc/event/20050414_0000032/origin/1281643/mag/2">
    <mag>
      <value>2.8</value>
    </mag>
    <type>ML</type>
    <originID>quakeml:eu.emsc/event/20050414_0000032/origin/1281643</originID>
    <creationInfo>
      <agencyURI>smi:smi-registry/organization/EMSC</agencyURI>
      <authorURI>smi:smi-registry/organization/EMSC</authorURI>
    </creationInfo>
  </magnitude>
</event>
<event publicID="quakeml:eu.emsc/event/20050414_0000038">
  <preferredOriginID>quakeml:eu.emsc/event/20050414_0000038/origin/1281646</preferredOriginID>
  <preferredMagnitudeID>quakeml:eu.emsc/event/20050414_0000038/origin/1281646/mag/2</preferredMagnitudeID>
  <creationInfo>
    <agencyURI>smi:smi-registry/organization/EMSC</agencyURI>
    <authorURI>smi:smi-registry/organization/EMSC</authorURI>
    <creationTime>2014-12-03T11:39:32.194762Z</creationTime>
  </creationInfo>
  <description>
    <text>SOUTHERN ITALY</text>
    <type>Flinn-Engdahl region</type>
  </description>
  <origin publicID="quakeml:eu.emsc/event/20050414_0000038/origin/1281646">
    <time>
      <value>2005-04-14T23:25:48.8Z</value>
      <uncertainty>0.59</uncertainty>
    </time>
    <latitude>
      <value>39.2973</value>
      <uncertainty>14.3</uncertainty>
    </latitude>
    <longitude>
      <value>17.0701</value>
      <uncertainty>4.8</uncertainty>
    </longitude>
    <depth>
      <value>2000</value>
    </depth>
    <depthType>from location</depthType>
    <methodID>smi:eu.emsc-csem/origin_method/NA</methodID>
    <quality>
      <usedPhaseCount>17</usedPhaseCount>
      <usedStationCount>12</usedStationCount>
      <standardError>0.95</standardError>
      <azimuthalGap>203</azimuthalGap>
      <minimumDistance>0.27</minimumDistance>
      <maximumDistance>1.9</maximumDistance>
    </quality>
    <evaluationMode>manual</evaluationMode>
    <creationInfo>
      <agencyURI>smi:smi-registry/organization/EMSC</agencyURI>
      <authorURI>smi:smi-registry/organization/EMSC</authorURI>
    </creationInfo>
    <originUncertainty>
      <azimuthMaxHorizontalUncertainty>109</azimuthMaxHorizontalUncertainty>
    </originUncertainty>
  </origin>
  <magnitude publicID="quakeml:eu.emsc/event/20050414_0000038/origin/1281646/mag/2">
    <mag>
      <value>2</value>
    </mag>
    <type>ML</type>
    <originID>quakeml:eu.emsc/event/20050414_0000038/origin/1281646</originID>
    <stationCount>5</stationCount>
    <creationInfo>
      <agencyURI>smi:smi-registry/organization/EMSC</agencyURI>
      <authorURI>smi:smi-registry/organization/EMSC</authorURI>
    </creationInfo>
  </magnitude>
</event>
<event publicID="quakeml:eu.emsc/event/20050414_0000031">
  <preferredOriginID>quakeml:eu.emsc/event/20050414_0000031/origin/1281649</preferredOriginID>
  <preferredMagnitudeID>quakeml:eu.emsc/event/20050414_0000031/origin/1281649/mag/2</preferredMagnitudeID>
  <creationInfo>
    <agencyURI>smi:smi-registry/organization/EMSC</agencyURI>
    <authorURI>smi:smi-registry/organization/EMSC</authorURI>
    <creationTime>2014-12-03T14:14:45.753479Z</creationTime>
  </creationInfo>
  <description>
    <text>SOUTHERN ITALY</text>
    <type>Flinn-Engdahl region</type>
  </description>
  <origin publicID="quakeml:eu.emsc/event/20050414_0000031/origin/1281649">
    <time>
      <value>2005-04-14T23:09:55.5Z</value>
      <uncertainty>0.39</uncertainty>
    </time>
    <latitude>
      <value>39.3118</value>
      <uncertainty>12.5</uncertainty>
    </latitude>
    <longitude>
      <value>16.9378</value>
      <uncertainty>4.5</uncertainty>
    </longitude>
    <depth>
      <value>12000</value>
    </depth>
    <depthType>from location</depthType>
    <methodID>smi:eu.emsc-csem/origin_method/NA</methodID>
    <quality>
      <usedPhaseCount>18</usedPhaseCount>
      <usedStationCount>13</usedStationCount>
      <standardError>1</standardError>
      <azimuthalGap>168</azimuthalGap>
      <minimumDistance>0.19</minimumDistance>
      <maximumDistance>1.84</maximumDistance>
    </quality>
    <evaluationMode>manual</evaluationMode>
    <creationInfo>
      <agencyURI>smi:smi-registry/organization/EMSC</agencyURI>
      <authorURI>smi:smi-registry/organization/EMSC</authorURI>
    </creationInfo>
    <originUncertainty>
      <azimuthMaxHorizontalUncertainty>107</azimuthMaxHorizontalUncertainty>
    </originUncertainty>
  </origin>
  <magnitude publicID="quakeml:eu.emsc/event/20050414_0000031/origin/1281649/mag/2">
    <mag>
      <value>2.4</value>
    </mag>
    <type>ML</type>
    <originID>quakeml:eu.emsc/event/20050414_0000031/origin/1281649</originID>
    <stationCount>6</stationCount>
    <creationInfo>
      <agencyURI>smi:smi-registry/organization/EMSC</agencyURI>
      <authorURI>smi:smi-registry/organization/EMSC</authorURI>
    </creationInfo>
  </magnitude>
</event>
<event publicID="quakeml:eu.emsc/event/20050414_0000030">
  <preferredOriginID>quakeml:eu.emsc/event/20050414_0000030/origin/DI661</preferredOriginID>
  <preferredMagnitudeID>quakeml:eu.emsc/event/20050414_0000030/origin/DI661/mag/1</preferredMagnitudeID>
  <creationInfo>
    <agencyURI>smi:smi-registry/organization/EMSC</agencyURI>
    <authorURI>smi:smi-registry/organization/EMSC</authorURI>
    <creationTime>2014-12-01T13:19:19.39083Z</creationTime>
  </creationInfo>
  <description>
    <text>SOUTHEAST OF LOYALTY ISLANDS</text>
    <type>Flinn-Engdahl region</type>
  </description>
  <origin publicID="quakeml:eu.emsc/event/20050414_0000030/origin/DI661">
    <time>
      <value>2005-04-14T22:09:20.3Z</value>
      <uncertainty>0.07</uncertainty>
    </time>
    <latitude>
      <value>-21.82</value>
    </latitude>
    <longitude>
      <value>171.27</value>
    </longitude>
    <depth>
      <value>33000.0</value>
    </depth>
    <depthType>from location</depthType>
    <methodID>smi:eu.emsc-csem/origin_method/NA</methodID>
    <quality>
      <usedPhaseCount>160</usedPhaseCount>
      <usedStationCount>141</usedStationCount>
      <standardError>0.91</standardError>
      <azimuthalGap>159</azimuthalGap>
      <minimumDistance>28.23</minimumDistance>
      <maximumDistance>152.60</maximumDistance>
    </quality>
    <evaluationMode>automatic</evaluationMode>
    <creationInfo>
      <agencyURI>smi:smi-registry/organization/EMSC</agencyURI>
      <authorURI>smi:smi-registry/organization/EMSC</authorURI>
    </creationInfo>
  </origin>
  <magnitude publicID="quakeml:eu.emsc/event/20050414_0000030/origin/DI661/mag/1">
    <mag>
      <value>5.6</value>
      <uncertainty>0.5</uncertainty>
    </mag>
    <type>mb</type>
    <originID>quakeml:eu.emsc/event/20050414_0000030/origin/DI661</originID>
    <stationCount>27</stationCount>
    <creationInfo>
      <agencyURI>smi:smi-registry/organization/EMSC</agencyURI>
      <authorURI>smi:smi-registry/organization/EMSC</authorURI>
    </creationInfo>
  </magnitude>
</event>
<event publicID="quakeml:eu.emsc/event/20050414_0000049">
  <preferredOriginID>quakeml:eu.emsc/event/20050414_0000049/origin/1283812</preferredOriginID>
  <preferredMagnitudeID>quakeml:eu.emsc/event/20050414_0000049/origin/1283812/mag/2</preferredMagnitudeID>
  <creationInfo>
    <agencyURI>smi:smi-registry/organization/EMSC</agencyURI>
    <authorURI>smi:smi-registry/organization/EMSC</authorURI>
    <creationTime>2014-12-03T11:34:31.957547Z</creationTime>
  </creationInfo>
  <description>
    <text>STRAIT OF GIBRALTAR</text>
    <type>Flinn-Engdahl region</type>
  </description>
  <origin publicID="quakeml:eu.emsc/event/20050414_0000049/origin/1283812">
    <time>
      <value>2005-04-14T21:04:39.5Z</value>
      <uncertainty>0.44</uncertainty>
    </time>
    <latitude>
      <value>35.2042</value>
      <uncertainty>11.1</uncertainty>
    </latitude>
    <longitude>
      <value>-4.0488</value>
      <uncertainty>8.4</uncertainty>
    </longitude>
    <depth>
      <value>12000</value>
      <uncertainty>4.2</uncertainty>
    </depth>
    <depthType>from location</depthType>
    <methodID>smi:eu.emsc-csem/origin_method/NA</methodID>
    <quality>
      <usedPhaseCount>17</usedPhaseCount>
      <usedStationCount>11</usedStationCount>
      <standardError>1.3</standardError>
      <azimuthalGap>133</azimuthalGap>
      <minimumDistance>0.09</minimumDistance>
      <maximumDistance>4.27</maximumDistance>
    </quality>
    <evaluationMode>manual</evaluationMode>
    <creationInfo>
      <agencyURI>smi:smi-registry/organization/EMSC</agencyURI>
      <authorURI>smi:smi-registry/organization/EMSC</authorURI>
    </creationInfo>
    <originUncertainty>
      <azimuthMaxHorizontalUncertainty>57</azimuthMaxHorizontalUncertainty>
    </originUncertainty>
  </origin>
  <magnitude publicID="quakeml:eu.emsc/event/20050414_0000049/origin/1283812/mag/2">
    <mag>
      <value>2.8</value>
    </mag>
    <type>MD</type>
    <originID>quakeml:eu.emsc/event/20050414_0000049/origin/1283812</originID>
    <creationInfo>
      <agencyURI>smi:smi-registry/organization/EMSC</agencyURI>
      <authorURI>smi:smi-registry/organization/EMSC</authorURI>
    </creationInfo>
  </magnitude>
</event>
<event publicID="quakeml:eu.emsc/event/20050414_0000045">
  <preferredOriginID>quakeml:eu.emsc/event/20050414_0000045/origin/1283816</preferredOriginID>
  <preferredMagnitudeID>quakeml:eu.emsc/event/20050414_0000045/origin/1283816/mag/2</preferredMagnitudeID>
  <creationInfo>
    <agencyURI>smi:smi-registry/organization/EMSC</agencyURI>
    <authorURI>smi:smi-registry/organization/EMSC</authorURI>
    <creationTime>2014-12-03T11:58:27.909349Z</creationTime>
  </creationInfo>
  <description>
    <text>STRAIT OF GIBRALTAR</text>
    <type>Flinn-Engdahl region</type>
  </description>
  <origin publicID="quakeml:eu.emsc/event/20050414_0000045/origin/1283816">
    <time>
      <value>2005-04-14T21:00:41.1Z</value>
      <uncertainty>0.47</uncertainty>
    </time>
    <latitude>
      <value>35.2373</value>
      <uncertainty>12.9</uncertainty>
    </latitude>
    <longitude>
      <value>-4.1652</value>
      <uncertainty>8.3</uncertainty>
    </longitude>
    <depth>
      <value>2000</value>
    </depth>
    <depthType>from location</depthType>
    <methodID>smi:eu.emsc-csem/origin_method/NA</methodID>
    <quality>
      <usedPhaseCount>17</usedPhaseCount>
      <usedStationCount>11</usedStationCount>
      <standardError>1.63</standardError>
      <azimuthalGap>141</azimuthalGap>
      <minimumDistance>0.18</minimumDistance>
      <maximumDistance>4.19</maximumDistance>
    </quality>
    <evaluationMode>manual</evaluationMode>
    <creationInfo>
      <agencyURI>smi:smi-registry/organization/EMSC</agencyURI>
      <authorURI>smi:smi-registry/organization/EMSC</authorURI>
    </creationInfo>
    <originUncertainty>
      <azimuthMaxHorizontalUncertainty>56</azimuthMaxHorizontalUncertainty>
    </originUncertainty>
  </origin>
  <magnitude publicID="quakeml:eu.emsc/event/20050414_0000045/origin/1283816/mag/2">
    <mag>
      <value>2.8</value>
    </mag>
    <type>MD</type>
    <originID>quakeml:eu.emsc/event/20050414_0000045/origin/1283816</originID>
    <creationInfo>
      <agencyURI>smi:smi-registry/organization/EMSC</agencyURI>
      <authorURI>smi:smi-registry/organization/EMSC</authorURI>
    </creationInfo>
  </magnitude>
</event>
<event publicID="quakeml:eu.emsc/event/20050414_0000046">
  <preferredOriginID>quakeml:eu.emsc/event/20050414_0000046/origin/1281654</preferredOriginID>
  <preferredMagnitudeID>quakeml:eu.emsc/event/20050414_0000046/origin/1281654/mag/2</preferredMagnitudeID>
  <creationInfo>
    <agencyURI>smi:smi-registry/organization/EMSC</agencyURI>
    <authorURI>smi:smi-registry/organization/EMSC</authorURI>
    <creationTime>2014-12-03T10:31:21.293722Z</creationTime>
  </creationInfo>
  <description>
    <text>SPAIN</text>
    <type>Flinn-Engdahl region</type>
  </description>
  <origin publicID="quakeml:eu.emsc/event/20050414_0000046/origin/1281654">
    <time>
      <value>2005-04-14T20:47:05.2Z</value>
      <uncertainty>0.13</uncertainty>
    </time>
    <latitude>
      <value>42.8268</value>
      <uncertainty>3</uncertainty>
    </latitude>
    <longitude>
      <value>-7.2145</value>
      <uncertainty>2.6</uncertainty>
    </longitude>
    <depth>
      <value>10000</value>
    </depth>
    <depthType>from location</depthType>
    <methodID>smi:eu.emsc-csem/origin_method/NA</methodID>
    <quality>
      <usedPhaseCount>11</usedPhaseCount>
      <usedStationCount>10</usedStationCount>
      <standardError>0.35</standardError>
      <azimuthalGap>89</azimuthalGap>
      <minimumDistance>0.19</minimumDistance>
      <maximumDistance>1.59</maximumDistance>
    </quality>
    <evaluationMode>manual</evaluationMode>
    <creationInfo>
      <agencyURI>smi:smi-registry/organization/EMSC</agencyURI>
      <authorURI>smi:smi-registry/organization/EMSC</authorURI>
    </creationInfo>
    <originUncertainty>
      <azimuthMaxHorizontalUncertainty>82</azimuthMaxHorizontalUncertainty>
    </originUncertainty>
  </origin>
  <magnitude publicID="quakeml:eu.emsc/event/20050414_0000046/origin/1281654/mag/2">
    <mag>
      <value>1.7</value>
    </mag>
    <type>ML</type>
    <originID>quakeml:eu.emsc/event/20050414_0000046/origin/1281654</originID>
    <creationInfo>
      <agencyURI>smi:smi-registry/organization/EMSC</agencyURI>
      <authorURI>smi:smi-registry/organization/EMSC</authorURI>
    </creationInfo>
  </magnitude>
</event>
<event publicID="quakeml:eu.emsc/event/20050414_0000029">
  <preferredOriginID>quakeml:eu.emsc/event/20050414_0000029/origin/DI779</preferredOriginID>
  <preferredMagnitudeID>quakeml:eu.emsc/event/20050414_0000029/origin/DI779/mag/1</preferredMagnitudeID>
  <creationInfo>
    <agencyURI>smi:smi-registry/organization/EMSC</agencyURI>
    <authorURI>smi:smi-registry/organization/INMG</authorURI>
    <creationTime>2014-12-01T14:36:31.738307Z</creationTime>
  </creationInfo>
  <description>
    <text>SPAIN</text>
    <type>Flinn-Engdahl region</type>
  </description>
  <origin publicID="quakeml:eu.emsc/event/20050414_0000029/origin/DI779">
    <time>
      <value>2005-04-14T20:40:31.0Z</value>
    </time>
    <latitude>
      <value>42.67</value>
    </latitude>
    <longitude>
      <value>-7.25</value>
    </longitude>
    <depth>
      <value>1000.0</value>
    </depth>
    <depthType>from location</depthType>
    <methodID>smi:eu.emsc-csem/origin_method/GEIGER</methodID>
    <quality>
      <usedPhaseCount>8</usedPhaseCount>
      <usedStationCount>4</usedStationCount>
      <azimuthalGap>321</azimuthalGap>
      <minimumDistance>0.94</minimumDistance>
      <maximumDistance>2.27</maximumDistance>
    </quality>
    <evaluationMode>manual</evaluationMode>
    <creationInfo>
      <agencyURI>smi:smi-registry/organization/EMSC</agencyURI>
      <authorURI>smi:smi-registry/organization/INMG</authorURI>
    </creationInfo>
  </origin>
  <magnitude publicID="quakeml:eu.emsc/event/20050414_0000029/origin/DI779/mag/1">
    <mag>
      <value>2.0</value>
    </mag>
    <type>ml</type>
    <originID>quakeml:eu.emsc/event/20050414_0000029/origin/DI779</originID>
    <creationInfo>
      <agencyURI>smi:smi-registry/organization/EMSC</agencyURI>
      <authorURI>smi:smi-registry/organization/INMG</authorURI>
    </creationInfo>
  </magnitude>
</event>
<event publicID="quakeml:eu.emsc/event/20050414_0000050">
  <preferredOriginID>quakeml:eu.emsc/event/20050414_0000050/origin/1266941</preferredOriginID>
  <preferredMagnitudeID>quakeml:eu.emsc/event/20050414_0000050/origin/1266941/mag/2</preferredMagnitudeID>
  <creationInfo>
    <agencyURI>smi:smi-registry/organization/EMSC</agencyURI>
    <authorURI>smi:smi-registry/organization/EMSC</authorURI>
    <creationTime>2014-12-10T17:59:56.451544Z</creationTime>
  </creationInfo>
  <description>
    <text>SWITZERLAND</text>
    <type>Flinn-Engdahl region</type>
  </description>
  <origin publicID="quakeml:eu.emsc/event/20050414_0000050/origin/1266941">
    <time>
      <value>2005-04-14T19:04:54.6Z</value>
    </time>
    <latitude>
      <value>46.309</value>
      <uncertainty>9999.9</uncertainty>
    </latitude>
    <longitude>
      <value>7.543</value>
      <uncertainty>9999.9</uncertainty>
    </longitude>
    <depth>
      <value>2000</value>
    </depth>
    <depthType>from location</depthType>
    <methodID>smi:eu.emsc-csem/origin_method/NA</methodID>
    <quality>
      <usedPhaseCount>11</usedPhaseCount>
      <usedStationCount>6</usedStationCount>
      <standardError>0.26</standardError>
      <azimuthalGap>165</azimuthalGap>
      <minimumDistance>0.1</minimumDistance>
      <maximumDistance>0.51</maximumDistance>
    </quality>
    <evaluationMode>manual</evaluationMode>
    <creationInfo>
      <agencyURI>smi:smi-registry/organization/EMSC</agencyURI>
      <authorURI>smi:smi-registry/organization/EMSC</authorURI>
    </creationInfo>
    <originUncertainty>
      <azimuthMaxHorizontalUncertainty>-99</azimuthMaxHorizontalUncertainty>
    </originUncertainty>
  </origin>
  <magnitude publicID="quakeml:eu.emsc/event/20050414_0000050/origin/1266941/mag/2">
    <mag>
      <value>1.2</value>
    </mag>
    <type>ML</type>
    <originID>quakeml:eu.emsc/event/20050414_0000050/origin/1266941</originID>
    <stationCount>7</stationCount>
    <creationInfo>
      <agencyURI>smi:smi-registry/organization/EMSC</agencyURI>
      <authorURI>smi:smi-registry/organization/EMSC</authorURI>
    </creationInfo>
  </magnitude>
</event>
<event publicID="quakeml:eu.emsc/event/20050414_0000042">
  <preferredOriginID>quakeml:eu.emsc/event/20050414_0000042/origin/1266943</preferredOriginID>
  <preferredMagnitudeID>quakeml:eu.emsc/event/20050414_0000042/origin/1266943/mag/2</preferredMagnitudeID>
  <creationInfo>
    <agencyURI>smi:smi-registry/organization/EMSC</agencyURI>
    <authorURI>smi:smi-registry/organization/EMSC</authorURI>
    <creationTime>2014-12-11T09:07:15.83842Z</creationTime>
  </creationInfo>
  <description>
    <text>ROMANIA</text>
    <type>Flinn-Engdahl region</type>
  </description>
  <origin publicID="quakeml:eu.emsc/event/20050414_0000042/origin/1266943">
    <time>
      <value>2005-04-14T16:25:46.2Z</value>
    </time>
    <latitude>
      <value>45.686</value>
      <uncertainty>9999.9</uncertainty>
    </latitude>
    <longitude>
      <value>25.258</value>
      <uncertainty>9999.9</uncertainty>
    </longitude>
    <depth>
      <value>91200.0</value>
    </depth>
    <depthType>from location</depthType>
    <methodID>smi:eu.emsc-csem/origin_method/NA</methodID>
    <quality>
      <usedPhaseCount>8</usedPhaseCount>
      <usedStationCount>6</usedStationCount>
      <standardError>0.83</standardError>
      <azimuthalGap>148</azimuthalGap>
      <minimumDistance>0.29</minimumDistance>
      <maximumDistance>1.93</maximumDistance>
    </quality>
    <evaluationMode>manual</evaluationMode>
    <creationInfo>
      <agencyURI>smi:smi-registry/organization/EMSC</agencyURI>
      <authorURI>smi:smi-registry/organization/EMSC</authorURI>
    </creationInfo>
    <originUncertainty>
      <azimuthMaxHorizontalUncertainty>-99</azimuthMaxHorizontalUncertainty>
    </originUncertainty>
  </origin>
  <magnitude publicID="quakeml:eu.emsc/event/20050414_0000042/origin/1266943/mag/2">
    <mag>
      <value>3.3</value>
      <uncertainty>0.2</uncertainty>
    </mag>
    <type>MD</type>
    <originID>quakeml:eu.emsc/event/20050414_0000042/origin/1266943</originID>
    <stationCount>4</stationCount>
    <creationInfo>
      <agencyURI>smi:smi-registry/organization/EMSC</agencyURI>
      <authorURI>smi:smi-registry/organization/EMSC</authorURI>
    </creationInfo>
  </magnitude>
</event>
<event publicID="quakeml:eu.emsc/event/20050414_0000028">
  <preferredOriginID>quakeml:eu.emsc/event/20050414_0000028/origin/DI662</preferredOriginID>
  <preferredMagnitudeID>quakeml:eu.emsc/event/20050414_0000028/origin/DI662/mag/1</preferredMagnitudeID>
  <creationInfo>
    <agencyURI>smi:smi-registry/organization/EMSC</agencyURI>
    <authorURI>smi:smi-registry/organization/EMSC</authorURI>
    <creationTime>2014-12-01T13:06:17.396921Z</creationTime>
  </creationInfo>
  <description>
    <text>MINDORO, PHILIPPINES</text>
    <type>Flinn-Engdahl region</type>
  </description>
  <origin publicID="quakeml:eu.emsc/event/20050414_0000028/origin/DI662">
    <time>
      <value>2005-04-14T16:25:15.8Z</value>
      <uncertainty>0.09</uncertainty>
    </time>
    <latitude>
      <value>13.77</value>
    </latitude>
    <longitude>
      <value>120.64</value>
    </longitude>
    <depth>
      <value>33000.0</value>
    </depth>
    <depthType>from location</depthType>
    <methodID>smi:eu.emsc-csem/origin_method/NA</methodID>
    <quality>
      <usedPhaseCount>37</usedPhaseCount>
      <usedStationCount>29</usedStationCount>
      <standardError>1.18</standardError>
      <azimuthalGap>116</azimuthalGap>
      <minimumDistance>35.83</minimumDistance>
      <maximumDistance>92.74</maximumDistance>
    </quality>
    <evaluationMode>automatic</evaluationMode>
    <creationInfo>
      <agencyURI>smi:smi-registry/organization/EMSC</agencyURI>
      <authorURI>smi:smi-registry/organization/EMSC</authorURI>
    </creationInfo>
  </origin>
  <magnitude publicID="quakeml:eu.emsc/event/20050414_0000028/origin/DI662/mag/1">
    <mag>
      <value>5.1</value>
      <uncertainty>0.5</uncertainty>
    </mag>
    <type>mb</type>
    <originID>quakeml:eu.emsc/event/20050414_0000028/origin/DI662</originID>
    <stationCount>19</stationCount>
    <creationInfo>
      <agencyURI>smi:smi-registry/organization/EMSC</agencyURI>
      <authorURI>smi:smi-registry/organization/EMSC</authorURI>
    </creationInfo>
  </magnitude>
</event>
<event publicID="quakeml:eu.emsc/event/20050414_0000026">
  <preferredOriginID>quakeml:eu.emsc/event/20050414_0000026/origin/1281661</preferredOriginID>
  <preferredMagnitudeID>quakeml:eu.emsc/event/20050414_0000026/origin/1281661/mag/2</preferredMagnitudeID>
  <creationInfo>
    <agencyURI>smi:smi-registry/organization/EMSC</agencyURI>
    <authorURI>smi:smi-registry/organization/EMSC</authorURI>
    <creationTime>2014-12-03T13:15:39.35058Z</creationTime>
  </creationInfo>
  <description>
    <text>DODECANESE ISLANDS, GREECE</text>
    <type>Flinn-Engdahl region</type>
  </description>
  <origin publicID="quakeml:eu.emsc/event/20050414_0000026/origin/1281661">
    <time>
      <value>2005-04-14T15:33:37.7Z</value>
      <uncertainty>0.28</uncertainty>
    </time>
    <latitude>
      <value>35.6801</value>
      <uncertainty>8.8</uncertainty>
    </latitude>
    <longitude>
      <value>27.1498</value>
      <uncertainty>6.2</uncertainty>
    </longitude>
    <depth>
      <value>2000</value>
    </depth>
    <depthType>from location</depthType>
    <methodID>smi:eu.emsc-csem/origin_method/NA</methodID>
    <quality>
      <usedPhaseCount>13</usedPhaseCount>
      <usedStationCount>11</usedStationCount>
      <standardError>0.86</standardError>
      <azimuthalGap>112</azimuthalGap>
      <minimumDistance>0.13</minimumDistance>
      <maximumDistance>2.47</maximumDistance>
    </quality>
    <evaluationMode>manual</evaluationMode>
    <creationInfo>
      <agencyURI>smi:smi-registry/organization/EMSC</agencyURI>
      <authorURI>smi:smi-registry/organization/EMSC</authorURI>
    </creationInfo>
    <originUncertainty>
      <azimuthMaxHorizontalUncertainty>134</azimuthMaxHorizontalUncertainty>
    </originUncertainty>
  </origin>
  <magnitude publicID="quakeml:eu.emsc/event/20050414_0000026/origin/1281661/mag/2">
    <mag>
      <value>3.5</value>
    </mag>
    <type>MD</type>
    <originID>quakeml:eu.emsc/event/20050414_0000026/origin/1281661</originID>
    <creationInfo>
      <agencyURI>smi:smi-registry/organization/EMSC</agencyURI>
      <authorURI>smi:smi-registry/organization/EMSC</authorURI>
    </creationInfo>
  </magnitude>
</event>
<event publicID="quakeml:eu.emsc/event/20050414_0000040">
  <preferredOriginID>quakeml:eu.emsc/event/20050414_0000040/origin/1281666</preferredOriginID>
  <preferredMagnitudeID>quakeml:eu.emsc/event/20050414_0000040/origin/1281666/mag/1</preferredMagnitudeID>
  <creationInfo>
    <agencyURI>smi:smi-registry/organization/EMSC</agencyURI>
    <authorURI>smi:smi-registry/organization/EMSC</authorURI>
    <creationTime>2014-12-03T10:28:10.912154Z</creationTime>
  </creationInfo>
  <description>
    <text>SYRIA</text>
    <type>Flinn-Engdahl region</type>
  </description>
  <origin publicID="quakeml:eu.emsc/event/20050414_0000040/origin/1281666">
    <time>
      <value>2005-04-14T14:30:11.7Z</value>
      <uncertainty>0.11</uncertainty>
    </time>
    <latitude>
      <value>35.8599</value>
      <uncertainty>3.7</uncertainty>
    </latitude>
    <longitude>
      <value>36.3918</value>
      <uncertainty>2.3</uncertainty>
    </longitude>
    <depth>
      <value>8000</value>
    </depth>
    <depthType>from location</depthType>
    <methodID>smi:eu.emsc-csem/origin_method/NA</methodID>
    <quality>
      <usedPhaseCount>43</usedPhaseCount>
      <usedStationCount>32</usedStationCount>
      <standardError>0.81</standardError>
      <azimuthalGap>58</azimuthalGap>
      <minimumDistance>0.19</minimumDistance>
      <maximumDistance>4.47</maximumDistance>
    </quality>
    <evaluationMode>manual</evaluationMode>
    <creationInfo>
      <agencyURI>smi:smi-registry/organization/EMSC</agencyURI>
      <authorURI>smi:smi-registry/organization/EMSC</authorURI>
    </creationInfo>
    <originUncertainty>
      <azimuthMaxHorizontalUncertainty>105</azimuthMaxHorizontalUncertainty>
    </originUncertainty>
  </origin>
  <magnitude publicID="quakeml:eu.emsc/event/20050414_0000040/origin/1281666/mag/1">
    <mag>
      <value>3.2</value>
    </mag>
    <type>Mw</type>
    <originID>quakeml:eu.emsc/event/20050414_0000040/origin/1281666</originID>
    <creationInfo>
      <agencyURI>smi:smi-registry/organization/EMSC</agencyURI>
      <authorURI>smi:smi-registry/organization/EMSC</authorURI>
    </creationInfo>
  </magnitude>
</event>
<event publicID="quakeml:eu.emsc/event/20050414_0000047">
  <preferredOriginID>quakeml:eu.emsc/event/20050414_0000047/origin/1266945</preferredOriginID>
  <preferredMagnitudeID>quakeml:eu.emsc/event/20050414_0000047/origin/1266945/mag/2</preferredMagnitudeID>
  <creationInfo>
    <agencyURI>smi:smi-registry/organization/EMSC</agencyURI>
    <authorURI>smi:smi-registry/organization/EMSC</authorURI>
    <creationTime>2014-12-11T09:07:07.816265Z</creationTime>
  </creationInfo>
  <description>
    <text>WESTERN TURKEY</text>
    <type>Flinn-Engdahl region</type>
  </description>
  <origin publicID="quakeml:eu.emsc/event/20050414_0000047/origin/1266945">
    <time>
      <value>2005-04-14T14:17:12.6Z</value>
    </time>
    <latitude>
      <value>39.682</value>
      <uncertainty>9999.9</uncertainty>
    </latitude>
    <longitude>
      <value>29.468</value>
      <uncertainty>9999.9</uncertainty>
    </longitude>
    <depth>
      <value>15000</value>
    </depth>
    <depthType>from location</depthType>
    <methodID>smi:eu.emsc-csem/origin_method/NA</methodID>
    <quality>
      <usedPhaseCount>11</usedPhaseCount>
      <usedStationCount>9</usedStationCount>
      <standardError>0.73</standardError>
      <azimuthalGap>122</azimuthalGap>
      <minimumDistance>0.57</minimumDistance>
      <maximumDistance>1.37</maximumDistance>
    </quality>
    <evaluationMode>manual</evaluationMode>
    <creationInfo>
      <agencyURI>smi:smi-registry/organization/EMSC</agencyURI>
      <authorURI>smi:smi-registry/organization/EMSC</authorURI>
    </creationInfo>
    <originUncertainty>
      <azimuthMaxHorizontalUncertainty>-99</azimuthMaxHorizontalUncertainty>
    </originUncertainty>
  </origin>
  <magnitude publicID="quakeml:eu.emsc/event/20050414_0000047/origin/1266945/mag/2">
    <mag>
      <value>2.7</value>
    </mag>
    <type>MD</type>
    <originID>quakeml:eu.emsc/event/20050414_0000047/origin/1266945</originID>
    <creationInfo>
      <agencyURI>smi:smi-registry/organization/EMSC</agencyURI>
      <authorURI>smi:smi-registry/organization/EMSC</authorURI>
    </creationInfo>
  </magnitude>
</event>
<event publicID="quakeml:eu.emsc/event/20050414_0000057">
  <preferredOriginID>quakeml:eu.emsc/event/20050414_0000057/origin/1266947</preferredOriginID>
  <preferredMagnitudeID>quakeml:eu.emsc/event/20050414_0000057/origin/1266947/mag/2</preferredMagnitudeID>
  <creationInfo>
    <agencyURI>smi:smi-registry/organization/EMSC</agencyURI>
    <authorURI>smi:smi-registry/organization/EMSC</authorURI>
    <creationTime>2014-12-11T09:07:03.590839Z</creationTime>
  </creationInfo>
  <description>
    <text>SWEDEN</text>
    <type>Flinn-Engdahl region</type>
  </description>
  <origin publicID="quakeml:eu.emsc/event/20050414_0000057/origin/1266947">
    <time>
      <value>2005-04-14T11:33:59.2Z</value>
    </time>
    <latitude>
      <value>63.308</value>
      <uncertainty>9999.9</uncertainty>
    </latitude>
    <longitude>
      <value>18.898</value>
      <uncertainty>9999.9</uncertainty>
    </longitude>
    <depth>
      <value>300.0</value>
    </depth>
    <depthType>from location</depthType>
    <methodID>smi:eu.emsc-csem/origin_method/NA</methodID>
    <quality>
      <usedPhaseCount>13</usedPhaseCount>
      <usedStationCount>9</usedStationCount>
      <standardError>0.35</standardError>
      <azimuthalGap>127</azimuthalGap>
      <minimumDistance>0.15</minimumDistance>
      <maximumDistance>1.83</maximumDistance>
    </quality>
    <evaluationMode>manual</evaluationMode>
    <creationInfo>
      <agencyURI>smi:smi-registry/organization/EMSC</agencyURI>
      <authorURI>smi:smi-registry/organization/EMSC</authorURI>
    </creationInfo>
    <originUncertainty>
      <azimuthMaxHorizontalUncertainty>-99</azimuthMaxHorizontalUncertainty>
    </originUncertainty>
  </origin>
  <magnitude publicID="quakeml:eu.emsc/event/20050414_0000057/origin/1266947/mag/2">
    <mag>
      <value>2.7</value>
    </mag>
    <type>ML</type>
    <originID>quakeml:eu.emsc/event/20050414_0000057/origin/1266947</originID>
    <creationInfo>
      <agencyURI>smi:smi-registry/organization/EMSC</agencyURI>
      <authorURI>smi:smi-registry/organization/EMSC</authorURI>
    </creationInfo>
  </magnitude>
</event>
<event publicID="quakeml:eu.emsc/event/20050414_0000025">
  <preferredOriginID>quakeml:eu.emsc/event/20050414_0000025/origin/DI663</preferredOriginID>
  <preferredMagnitudeID>quakeml:eu.emsc/event/20050414_0000025/origin/DI663/mag/1</preferredMagnitudeID>
  <creationInfo>
    <agencyURI>smi:smi-registry/organization/EMSC</agencyURI>
    <authorURI>smi:smi-registry/organization/EMSC</authorURI>
    <creationTime>2014-12-01T13:57:40.583024Z</creationTime>
  </creationInfo>
  <description>
    <text>KEP. MENTAWAI REGION, INDONESIA</text>
    <type>Flinn-Engdahl region</type>
  </description>
  <origin publicID="quakeml:eu.emsc/event/20050414_0000025/origin/DI663">
    <time>
      <value>2005-04-14T11:29:50.4Z</value>
      <uncertainty>0.07</uncertainty>
    </time>
    <latitude>
      <value>-1.43</value>
    </latitude>
    <longitude>
      <value>99.79</value>
    </longitude>
    <depth>
      <value>10000.0</value>
    </depth>
    <depthType>from location</depthType>
    <methodID>smi:eu.emsc-csem/origin_method/NA</methodID>
    <quality>
      <usedPhaseCount>357</usedPhaseCount>
      <usedStationCount>295</usedStationCount>
      <standardError>0.80</standardError>
      <azimuthalGap>100</azimuthalGap>
      <minimumDistance>10.90</minimumDistance>
      <maximumDistance>177.88</maximumDistance>
    </quality>
    <evaluationMode>automatic</evaluationMode>
    <creationInfo>
      <agencyURI>smi:smi-registry/organization/EMSC</agencyURI>
      <authorURI>smi:smi-registry/organization/EMSC</authorURI>
    </creationInfo>
  </origin>
  <magnitude publicID="quakeml:eu.emsc/event/20050414_0000025/origin/DI663/mag/1">
    <mag>
      <value>6.1</value>
      <uncertainty>0.3</uncertainty>
    </mag>
    <type>mb</type>
    <originID>quakeml:eu.emsc/event/20050414_0000025/origin/DI663</originID>
    <stationCount>92</stationCount>
    <creationInfo>
      <agencyURI>smi:smi-registry/organization/EMSC</agencyURI>
      <authorURI>smi:smi-registry/organization/EMSC</authorURI>
    </creationInfo>
  </magnitude>
</event>
<event publicID="quakeml:eu.emsc/event/20050414_0000024">
  <preferredOriginID>quakeml:eu.emsc/event/20050414_0000024/origin/1266949</preferredOriginID>
  <preferredMagnitudeID>quakeml:eu.emsc/event/20050414_0000024/origin/1266949/mag/2</preferredMagnitudeID>
  <creationInfo>
    <agencyURI>smi:smi-registry/organization/EMSC</agencyURI>
    <authorURI>smi:smi-registry/organization/EMSC</authorURI>
    <creationTime>2014-12-11T09:07:01.622025Z</creationTime>
  </creationInfo>
  <description>
    <text>WESTERN TURKEY</text>
    <type>Flinn-Engdahl region</type>
  </description>
  <origin publicID="quakeml:eu.emsc/event/20050414_0000024/origin/1266949">
    <time>
      <value>2005-04-14T11:14:58.8Z</value>
    </time>
    <latitude>
      <value>40.052</value>
      <uncertainty>9999.9</uncertainty>
    </latitude>
    <longitude>
      <value>29.01</value>
      <uncertainty>9999.9</uncertainty>
    </longitude>
    <depth>
      <value>14000</value>
    </depth>
    <depthType>from location</depthType>
    <methodID>smi:eu.emsc-csem/origin_method/NA</methodID>
    <quality>
      <usedPhaseCount>8</usedPhaseCount>
      <usedStationCount>6</usedStationCount>
      <standardError>1.14</standardError>
      <azimuthalGap>110</azimuthalGap>
      <minimumDistance>0.09</minimumDistance>
      <maximumDistance>1.31</maximumDistance>
    </quality>
    <evaluationMode>manual</evaluationMode>
    <creationInfo>
      <agencyURI>smi:smi-registry/organization/EMSC</agencyURI>
      <authorURI>smi:smi-registry/organization/EMSC</authorURI>
    </creationInfo>
    <originUncertainty>
      <azimuthMaxHorizontalUncertainty>-99</azimuthMaxHorizontalUncertainty>
    </originUncertainty>
  </origin>
  <magnitude publicID="quakeml:eu.emsc/event/20050414_0000024/origin/1266949/mag/2">
    <mag>
      <value>2.7</value>
    </mag>
    <type>MD</type>
    <originID>quakeml:eu.emsc/event/20050414_0000024/origin/1266949</originID>
    <creationInfo>
      <agencyURI>smi:smi-registry/organization/EMSC</agencyURI>
      <authorURI>smi:smi-registry/organization/EMSC</authorURI>
    </creationInfo>
  </magnitude>
</event>
<event publicID="quakeml:eu.emsc/event/20050414_0000043">
  <preferredOriginID>quakeml:eu.emsc/event/20050414_0000043/origin/1266951</preferredOriginID>
  <preferredMagnitudeID>quakeml:eu.emsc/event/20050414_0000043/origin/1266951/mag/2</preferredMagnitudeID>
  <creationInfo>
    <agencyURI>smi:smi-registry/organization/EMSC</agencyURI>
    <authorURI>smi:smi-registry/organization/EMSC</authorURI>
    <creationTime>2014-12-10T17:59:55.956378Z</creationTime>
  </creationInfo>
  <description>
    <text>FRANCE</text>
    <type>Flinn-Engdahl region</type>
  </description>
  <origin publicID="quakeml:eu.emsc/event/20050414_0000043/origin/1266951">
    <time>
      <value>2005-04-14T11:04:55.5Z</value>
    </time>
    <latitude>
      <value>44.786</value>
      <uncertainty>9999.9</uncertainty>
    </latitude>
    <longitude>
      <value>6.6665</value>
      <uncertainty>9999.9</uncertainty>
    </longitude>
    <depth>
      <value>9400.0</value>
    </depth>
    <depthType>from location</depthType>
    <methodID>smi:eu.emsc-csem/origin_method/NA</methodID>
    <quality>
      <usedPhaseCount>15</usedPhaseCount>
      <usedStationCount>9</usedStationCount>
      <standardError>0.82</standardError>
      <azimuthalGap>248</azimuthalGap>
      <minimumDistance>0.16</minimumDistance>
      <maximumDistance>1.05</maximumDistance>
    </quality>
    <evaluationMode>manual</evaluationMode>
    <creationInfo>
      <agencyURI>smi:smi-registry/organization/EMSC</agencyURI>
      <authorURI>smi:smi-registry/organization/EMSC</authorURI>
    </creationInfo>
    <originUncertainty>
      <azimuthMaxHorizontalUncertainty>-99</azimuthMaxHorizontalUncertainty>
    </originUncertainty>
  </origin>
  <magnitude publicID="quakeml:eu.emsc/event/20050414_0000043/origin/1266951/mag/2">
    <mag>
      <value>2</value>
    </mag>
    <type>ML</type>
    <originID>quakeml:eu.emsc/event/20050414_0000043/origin/1266951</originID>
    <creationInfo>
      <agencyURI>smi:smi-registry/organization/EMSC</agencyURI>
      <authorURI>smi:smi-registry/organization/EMSC</authorURI>
    </creationInfo>
  </magnitude>
</event>
<event publicID="quakeml:eu.emsc/event/20050414_0000023">
  <preferredOriginID>quakeml:eu.emsc/event/20050414_0000023/origin/DI672</preferredOriginID>
  <preferredMagnitudeID>quakeml:eu.emsc/event/20050414_0000023/origin/DI672/mag/1</preferredMagnitudeID>
  <creationInfo>
    <agencyURI>smi:smi-registry/organization/EMSC</agencyURI>
    <authorURI>smi:smi-registry/organization/EMSC</authorURI>
    <creationTime>2014-12-01T15:02:22.668117Z</creationTime>
  </creationInfo>
  <description>
    <text>EASTERN SEA OF JAPAN</text>
    <type>Flinn-Engdahl region</type>
  </description>
  <origin publicID="quakeml:eu.emsc/event/20050414_0000023/origin/DI672">
    <time>
      <value>2005-04-14T09:55:24.3Z</value>
      <uncertainty>0.30</uncertainty>
    </time>
    <latitude>
      <value>42.66</value>
    </latitude>
    <longitude>
      <value>136.76</value>
    </longitude>
    <depth>
      <value>33000.0</value>
    </depth>
    <depthType>from location</depthType>
    <methodID>smi:eu.emsc-csem/origin_method/NA</methodID>
    <quality>
      <usedPhaseCount>202</usedPhaseCount>
      <usedStationCount>179</usedStationCount>
      <standardError>0.72</standardError>
      <azimuthalGap>252</azimuthalGap>
      <minimumDistance>44.85</minimumDistance>
      <maximumDistance>97.76</maximumDistance>
    </quality>
    <evaluationMode>automatic</evaluationMode>
    <creationInfo>
      <agencyURI>smi:smi-registry/organization/EMSC</agencyURI>
      <authorURI>smi:smi-registry/organization/EMSC</authorURI>
    </creationInfo>
  </origin>
  <magnitude publicID="quakeml:eu.emsc/event/20050414_0000023/origin/DI672/mag/1">
    <mag>
      <value>5.6</value>
      <uncertainty>0.4</uncertainty>
    </mag>
    <type>mb</type>
    <originID>quakeml:eu.emsc/event/20050414_0000023/origin/DI672</originID>
    <stationCount>99</stationCount>
    <creationInfo>
      <agencyURI>smi:smi-registry/organization/EMSC</agencyURI>
      <authorURI>smi:smi-registry/organization/EMSC</authorURI>
    </creationInfo>
  </magnitude>
</event>
<event publicID="quakeml:eu.emsc/event/20050414_0000022">
  <preferredOriginID>quakeml:eu.emsc/event/20050414_0000022/origin/1281669</preferredOriginID>
  <preferredMagnitudeID>quakeml:eu.emsc/event/20050414_0000022/origin/1281669/mag/2</preferredMagnitudeID>
  <creationInfo>
    <agencyURI>smi:smi-registry/organization/EMSC</agencyURI>
    <authorURI>smi:smi-registry/organization/EMSC</authorURI>
    <creationTime>2014-12-03T14:08:10.39453Z</creationTime>
  </creationInfo>
  <description>
    <text>NORTHERN IRAN</text>
    <type>Flinn-Engdahl region</type>
  </description>
  <origin publicID="quakeml:eu.emsc/event/20050414_0000022/origin/1281669">
    <time>
      <value>2005-04-14T08:44:14.0Z</value>
      <uncertainty>0.27</uncertainty>
    </time>
    <latitude>
      <value>36.8177</value>
      <uncertainty>9.6</uncertainty>
    </latitude>
    <longitude>
      <value>49.3181</value>
      <uncertainty>6</uncertainty>
    </longitude>
    <depth>
      <value>2000</value>
    </depth>
    <depthType>from location</depthType>
    <methodID>smi:eu.emsc-csem/origin_method/NA</methodID>
    <quality>
      <usedPhaseCount>22</usedPhaseCount>
      <usedStationCount>20</usedStationCount>
      <standardError>0.91</standardError>
      <azimuthalGap>126</azimuthalGap>
      <minimumDistance>1.57</minimumDistance>
      <maximumDistance>4.93</maximumDistance>
    </quality>
    <evaluationMode>manual</evaluationMode>
    <creationInfo>
      <agencyURI>smi:smi-registry/organization/EMSC</agencyURI>
      <authorURI>smi:smi-registry/organization/EMSC</authorURI>
    </creationInfo>
    <originUncertainty>
      <azimuthMaxHorizontalUncertainty>26</azimuthMaxHorizontalUncertainty>
    </originUncertainty>
  </origin>
  <magnitude publicID="quakeml:eu.emsc/event/20050414_0000022/origin/1281669/mag/2">
    <mag>
      <value>3.9</value>
    </mag>
    <type>ML</type>
    <originID>quakeml:eu.emsc/event/20050414_0000022/origin/1281669</originID>
    <creationInfo>
      <agencyURI>smi:smi-registry/organization/EMSC</agencyURI>
      <authorURI>smi:smi-registry/organization/EMSC</authorURI>
    </creationInfo>
  </magnitude>
</event>
<event publicID="quakeml:eu.emsc/event/20050414_0000021">
  <preferredOriginID>quakeml:eu.emsc/event/20050414_0000021/origin/1281672</preferredOriginID>
  <preferredMagnitudeID>quakeml:eu.emsc/event/20050414_0000021/origin/1281672/mag/2</preferredMagnitudeID>
  <creationInfo>
    <agencyURI>smi:smi-registry/organization/EMSC</agencyURI>
    <authorURI>smi:smi-registry/organization/EMSC</authorURI>
    <creationTime>2014-12-03T14:33:12.487174Z</creationTime>
  </creationInfo>
  <description>
    <text>TURKEY-IRAN BORDER REGION</text>
    <type>Flinn-Engdahl region</type>
  </description>
  <origin publicID="quakeml:eu.emsc/event/20050414_0000021/origin/1281672">
    <time>
      <value>2005-04-14T08:32:23.1Z</value>
      <uncertainty>0.59</uncertainty>
    </time>
    <latitude>
      <value>38.783</value>
      <uncertainty>14.7</uncertainty>
    </latitude>
    <longitude>
      <value>44.6233</value>
      <uncertainty>8.6</uncertainty>
    </longitude>
    <depth>
      <value>2000</value>
    </depth>
    <depthType>from location</depthType>
    <methodID>smi:eu.emsc-csem/origin_method/NA</methodID>
    <quality>
      <usedPhaseCount>8</usedPhaseCount>
      <usedStationCount>5</usedStationCount>
      <standardError>0.93</standardError>
      <azimuthalGap>206</azimuthalGap>
      <minimumDistance>0.66</minimumDistance>
      <maximumDistance>1.39</maximumDistance>
    </quality>
    <evaluationMode>manual</evaluationMode>
    <creationInfo>
      <agencyURI>smi:smi-registry/organization/EMSC</agencyURI>
      <authorURI>smi:smi-registry/organization/EMSC</authorURI>
    </creationInfo>
    <originUncertainty>
      <azimuthMaxHorizontalUncertainty>109</azimuthMaxHorizontalUncertainty>
    </originUncertainty>
  </origin>
  <magnitude publicID="quakeml:eu.emsc/event/20050414_0000021/origin/1281672/mag/2">
    <mag>
      <value>3</value>
    </mag>
    <type>MD</type>
    <originID>quakeml:eu.emsc/event/20050414_0000021/origin/1281672</originID>
    <creationInfo>
      <agencyURI>smi:smi-registry/organization/EMSC</agencyURI>
      <authorURI>smi:smi-registry/organization/EMSC</authorURI>
    </creationInfo>
  </magnitude>
</event>
<event publicID="quakeml:eu.emsc/event/20050414_0000033">
  <preferredOriginID>quakeml:eu.emsc/event/20050414_0000033/origin/1281675</preferredOriginID>
  <preferredMagnitudeID>quakeml:eu.emsc/event/20050414_0000033/origin/1281675/mag/2</preferredMagnitudeID>
  <creationInfo>
    <agencyURI>smi:smi-registry/organization/EMSC</agencyURI>
    <authorURI>smi:smi-registry/organization/EMSC</authorURI>
    <creationTime>2014-12-03T12:21:14.381157Z</creationTime>
  </creationInfo>
  <description>
    <text>ESTONIA</text>
    <type>Flinn-Engdahl region</type>
  </description>
  <origin publicID="quakeml:eu.emsc/event/20050414_0000033/origin/1281675">
    <time>
      <value>2005-04-14T08:22:12.1Z</value>
      <uncertainty>0.81</uncertainty>
    </time>
    <latitude>
      <value>59.339</value>
      <uncertainty>34.3</uncertainty>
    </latitude>
    <longitude>
      <value>27.0586</value>
      <uncertainty>10.5</uncertainty>
    </longitude>
    <depth>
      <value>2000</value>
    </depth>
    <depthType>from location</depthType>
    <methodID>smi:eu.emsc-csem/origin_method/NA</methodID>
    <quality>
      <usedPhaseCount>12</usedPhaseCount>
      <usedStationCount>6</usedStationCount>
      <standardError>1.05</standardError>
      <azimuthalGap>195</azimuthalGap>
      <minimumDistance>1.23</minimumDistance>
      <maximumDistance>10.26</maximumDistance>
    </quality>
    <evaluationMode>manual</evaluationMode>
    <creationInfo>
      <agencyURI>smi:smi-registry/organization/EMSC</agencyURI>
      <authorURI>smi:smi-registry/organization/EMSC</authorURI>
    </creationInfo>
    <originUncertainty>
      <azimuthMaxHorizontalUncertainty>99</azimuthMaxHorizontalUncertainty>
    </originUncertainty>
  </origin>
  <magnitude publicID="quakeml:eu.emsc/event/20050414_0000033/origin/1281675/mag/2">
    <mag>
      <value>1.7</value>
    </mag>
    <type>ML</type>
    <originID>quakeml:eu.emsc/event/20050414_0000033/origin/1281675</originID>
    <creationInfo>
      <agencyURI>smi:smi-registry/organization/EMSC</agencyURI>
      <authorURI>smi:smi-registry/organization/EMSC</authorURI>
    </creationInfo>
  </magnitude>
</event>
<event publicID="quakeml:eu.emsc/event/20050414_0000035">
  <preferredOriginID>quakeml:eu.emsc/event/20050414_0000035/origin/1266953</preferredOriginID>
  <preferredMagnitudeID>quakeml:eu.emsc/event/20050414_0000035/origin/1266953/mag/2</preferredMagnitudeID>
  <creationInfo>
    <agencyURI>smi:smi-registry/organization/EMSC</agencyURI>
    <authorURI>smi:smi-registry/organization/EMSC</authorURI>
    <creationTime>2014-12-11T09:06:53.228754Z</creationTime>
  </creationInfo>
  <description>
    <text>FYR OF MACEDONIA</text>
    <type>Flinn-Engdahl region</type>
  </description>
  <origin publicID="quakeml:eu.emsc/event/20050414_0000035/origin/1266953">
    <time>
      <value>2005-04-14T08:19:35.6Z</value>
    </time>
    <latitude>
      <value>41.55</value>
      <uncertainty>9999.9</uncertainty>
    </latitude>
    <longitude>
      <value>22.642</value>
      <uncertainty>9999.9</uncertainty>
    </longitude>
    <depth>
      <value>4000</value>
    </depth>
    <depthType>from location</depthType>
    <methodID>smi:eu.emsc-csem/origin_method/NA</methodID>
    <quality>
      <usedPhaseCount>6</usedPhaseCount>
      <usedStationCount>4</usedStationCount>
      <standardError>0.69</standardError>
      <azimuthalGap>283</azimuthalGap>
      <minimumDistance>0.43</minimumDistance>
      <maximumDistance>0.9</maximumDistance>
    </quality>
    <evaluationMode>manual</evaluationMode>
    <creationInfo>
      <agencyURI>smi:smi-registry/organization/EMSC</agencyURI>
      <authorURI>smi:smi-registry/organization/EMSC</authorURI>
    </creationInfo>
    <originUncertainty>
      <azimuthMaxHorizontalUncertainty>-99</azimuthMaxHorizontalUncertainty>
    </originUncertainty>
  </origin>
  <magnitude publicID="quakeml:eu.emsc/event/20050414_0000035/origin/1266953/mag/2">
    <mag>
      <value>2.9</value>
    </mag>
    <type>ML</type>
    <originID>quakeml:eu.emsc/event/20050414_0000035/origin/1266953</originID>
    <creationInfo>
      <agencyURI>smi:smi-registry/organization/EMSC</agencyURI>
      <authorURI>smi:smi-registry/organization/EMSC</authorURI>
    </creationInfo>
  </magnitude>
</event>
<event publicID="quakeml:eu.emsc/event/20050414_0000020">
  <preferredOriginID>quakeml:eu.emsc/event/20050414_0000020/origin/1281681</preferredOriginID>
  <preferredMagnitudeID>quakeml:eu.emsc/event/20050414_0000020/origin/1281681/mag/1</preferredMagnitudeID>
  <creationInfo>
    <agencyURI>smi:smi-registry/organization/EMSC</agencyURI>
    <authorURI>smi:smi-registry/organization/EMSC</authorURI>
    <creationTime>2014-12-03T14:16:35.423276Z</creationTime>
  </creationInfo>
  <description>
    <text>GERMANY</text>
    <type>Flinn-Engdahl region</type>
  </description>
  <origin publicID="quakeml:eu.emsc/event/20050414_0000020/origin/1281681">
    <time>
      <value>2005-04-14T07:34:00.3Z</value>
      <uncertainty>0.08</uncertainty>
    </time>
    <latitude>
      <value>48.2306</value>
      <uncertainty>1.7</uncertainty>
    </latitude>
    <longitude>
      <value>9.1572</value>
      <uncertainty>1.5</uncertainty>
    </longitude>
    <depth>
      <value>19100.0</value>
    </depth>
    <depthType>from location</depthType>
    <methodID>smi:eu.emsc-csem/origin_method/NA</methodID>
    <quality>
      <usedPhaseCount>121</usedPhaseCount>
      <usedStationCount>59</usedStationCount>
      <standardError>0.87</standardError>
      <azimuthalGap>53</azimuthalGap>
      <minimumDistance>0.16</minimumDistance>
      <maximumDistance>4.6</maximumDistance>
    </quality>
    <evaluationMode>manual</evaluationMode>
    <creationInfo>
      <agencyURI>smi:smi-registry/organization/EMSC</agencyURI>
      <authorURI>smi:smi-registry/organization/EMSC</authorURI>
    </creationInfo>
    <originUncertainty>
      <azimuthMaxHorizontalUncertainty>117</azimuthMaxHorizontalUncertainty>
    </originUncertainty>
  </origin>
  <magnitude publicID="quakeml:eu.emsc/event/20050414_0000020/origin/1281681/mag/1">
    <mag>
      <value>2.8</value>
      <uncertainty>0.3</uncertainty>
    </mag>
    <type>ML</type>
    <originID>quakeml:eu.emsc/event/20050414_0000020/origin/1281681</originID>
    <stationCount>15</stationCount>
    <creationInfo>
      <agencyURI>smi:smi-registry/organization/EMSC</agencyURI>
      <authorURI>smi:smi-registry/organization/EMSC</authorURI>
    </creationInfo>
  </magnitude>
</event>
<event publicID="quakeml:eu.emsc/event/20050414_0000019">
  <preferredOriginID>quakeml:eu.emsc/event/20050414_0000019/origin/DI940</preferredOriginID>
  <preferredMagnitudeID>quakeml:eu.emsc/event/20050414_0000019/origin/DI940/mag/1</preferredMagnitudeID>
  <creationInfo>
    <agencyURI>smi:smi-registry/organization/EMSC</agencyURI>
    <authorURI>smi:smi-registry/organization/OBN</authorURI>
    <creationTime>2014-12-01T13:57:40.337977Z</creationTime>
  </creationInfo>
  <description>
    <text>HIMACHAL PRADESH, INDIA</text>
    <type>Flinn-Engdahl region</type>
  </description>
  <origin publicID="quakeml:eu.emsc/event/20050414_0000019/origin/DI940">
    <time>
      <value>2005-04-14T07:11:25.3Z</value>
    </time>
    <latitude>
      <value>32.59</value>
    </latitude>
    <longitude>
      <value>76.13</value>
    </longitude>
    <depth>
      <value>33000.0</value>
    </depth>
    <depthType>from location</depthType>
    <methodID>smi:eu.emsc-csem/origin_method/GEIGER</methodID>
    <quality>
      <usedPhaseCount>11</usedPhaseCount>
      <usedStationCount>11</usedStationCount>
      <azimuthalGap>249</azimuthalGap>
      <minimumDistance>10.11</minimumDistance>
      <maximumDistance>76.98</maximumDistance>
    </quality>
    <evaluationMode>manual</evaluationMode>
    <creationInfo>
      <agencyURI>smi:smi-registry/organization/EMSC</agencyURI>
      <authorURI>smi:smi-registry/organization/OBN</authorURI>
    </creationInfo>
  </origin>
  <magnitude publicID="quakeml:eu.emsc/event/20050414_0000019/origin/DI940/mag/1">
    <mag>
      <value>4.8</value>
    </mag>
    <type>mb</type>
    <originID>quakeml:eu.emsc/event/20050414_0000019/origin/DI940</originID>
    <creationInfo>
      <agencyURI>smi:smi-registry/organization/EMSC</agencyURI>
      <authorURI>smi:smi-registry/organization/OBN</authorURI>
    </creationInfo>
  </magnitude>
</event>
<event publicID="quakeml:eu.emsc/event/20050414_0000018">
  <preferredOriginID>quakeml:eu.emsc/event/20050414_0000018/origin/1266955</preferredOriginID>
  <preferredMagnitudeID>quakeml:eu.emsc/event/20050414_0000018/origin/1266955/mag/2</preferredMagnitudeID>
  <creationInfo>
    <agencyURI>smi:smi-registry/organization/EMSC</agencyURI>
    <authorURI>smi:smi-registry/organization/EMSC</authorURI>
    <creationTime>2014-12-11T09:06:49.8472Z</creationTime>
  </creationInfo>
  <description>
    <text>WESTERN TURKEY</text>
    <type>Flinn-Engdahl region</type>
  </description>
  <origin publicID="quakeml:eu.emsc/event/20050414_0000018/origin/1266955">
    <time>
      <value>2005-04-14T06:13:34.3Z</value>
    </time>
    <latitude>
      <value>36.912</value>
      <uncertainty>9999.9</uncertainty>
    </latitude>
    <longitude>
      <value>30.995</value>
      <uncertainty>9999.9</uncertainty>
    </longitude>
    <depth>
      <value>110000</value>
    </depth>
    <depthType>from location</depthType>
    <methodID>smi:eu.emsc-csem/origin_method/NA</methodID>
    <quality>
      <usedPhaseCount>12</usedPhaseCount>
      <usedStationCount>10</usedStationCount>
      <standardError>0.54</standardError>
      <azimuthalGap>172</azimuthalGap>
      <minimumDistance>0.64</minimumDistance>
      <maximumDistance>2.18</maximumDistance>
    </quality>
    <evaluationMode>manual</evaluationMode>
    <creationInfo>
      <agencyURI>smi:smi-registry/organization/EMSC</agencyURI>
      <authorURI>smi:smi-registry/organization/EMSC</authorURI>
    </creationInfo>
    <originUncertainty>
      <azimuthMaxHorizontalUncertainty>-99</azimuthMaxHorizontalUncertainty>
    </originUncertainty>
  </origin>
  <magnitude publicID="quakeml:eu.emsc/event/20050414_0000018/origin/1266955/mag/2">
    <mag>
      <value>3</value>
    </mag>
    <type>MD</type>
    <originID>quakeml:eu.emsc/event/20050414_0000018/origin/1266955</originID>
    <creationInfo>
      <agencyURI>smi:smi-registry/organization/EMSC</agencyURI>
      <authorURI>smi:smi-registry/organization/EMSC</authorURI>
    </creationInfo>
  </magnitude>
</event>
<event publicID="quakeml:eu.emsc/event/20050414_0000017">
  <preferredOriginID>quakeml:eu.emsc/event/20050414_0000017/origin/DI961</preferredOriginID>
  <preferredMagnitudeID>quakeml:eu.emsc/event/20050414_0000017/origin/DI961/mag/1</preferredMagnitudeID>
  <creationInfo>
    <agencyURI>smi:smi-registry/organization/EMSC</agencyURI>
    <authorURI>smi:smi-registry/organization/LDG</authorURI>
    <creationTime>2014-12-01T14:49:24.732641Z</creationTime>
  </creationInfo>
  <description>
    <text>FRANCE</text>
    <type>Flinn-Engdahl region</type>
  </description>
  <origin publicID="quakeml:eu.emsc/event/20050414_0000017/origin/DI961">
    <time>
      <value>2005-04-14T04:44:36.5Z</value>
      <uncertainty>0.24</uncertainty>
    </time>
    <latitude>
      <value>43.03</value>
    </latitude>
    <longitude>
      <value>0.51</value>
    </longitude>
    <depth>
      <value>10000.0</value>
    </depth>
    <depthType>from location</depthType>
    <methodID>smi:eu.emsc-csem/origin_method/GEIGER</methodID>
    <quality>
      <usedPhaseCount>17</usedPhaseCount>
      <usedStationCount>9</usedStationCount>
      <standardError>1.25</standardError>
      <azimuthalGap>184</azimuthalGap>
      <minimumDistance>0.12</minimumDistance>
      <maximumDistance>3.81</maximumDistance>
    </quality>
    <evaluationMode>automatic</evaluationMode>
    <creationInfo>
      <agencyURI>smi:smi-registry/organization/EMSC</agencyURI>
      <authorURI>smi:smi-registry/organization/LDG</authorURI>
    </creationInfo>
  </origin>
  <magnitude publicID="quakeml:eu.emsc/event/20050414_0000017/origin/DI961/mag/1">
    <mag>
      <value>2.4</value>
      <uncertainty>0.2</uncertainty>
    </mag>
    <type>ml</type>
    <originID>quakeml:eu.emsc/event/20050414_0000017/origin/DI961</originID>
    <stationCount>7</stationCount>
    <creationInfo>
      <agencyURI>smi:smi-registry/organization/EMSC</agencyURI>
      <authorURI>smi:smi-registry/organization/LDG</authorURI>
    </creationInfo>
  </magnitude>
</event>
<event publicID="quakeml:eu.emsc/event/20050414_0000039">
  <preferredOriginID>quakeml:eu.emsc/event/20050414_0000039/origin/1280541</preferredOriginID>
  <preferredMagnitudeID>quakeml:eu.emsc/event/20050414_0000039/origin/1280541/mag/1</preferredMagnitudeID>
  <creationInfo>
    <agencyURI>smi:smi-registry/organization/EMSC</agencyURI>
    <authorURI>smi:smi-registry/organization/EMSC</authorURI>
    <creationTime>2014-12-03T12:00:16.67584Z</creationTime>
  </creationInfo>
  <description>
    <text>FRANCE</text>
    <type>Flinn-Engdahl region</type>
  </description>
  <origin publicID="quakeml:eu.emsc/event/20050414_0000039/origin/1280541">
    <time>
      <value>2005-04-14T04:44:35.9Z</value>
      <uncertainty>0.1</uncertainty>
    </time>
    <latitude>
      <value>43.0795</value>
      <uncertainty>2.7</uncertainty>
    </latitude>
    <longitude>
      <value>0.4954</value>
      <uncertainty>1.8</uncertainty>
    </longitude>
    <depth>
      <value>15000</value>
    </depth>
    <depthType>from location</depthType>
    <methodID>smi:eu.emsc-csem/origin_method/NA</methodID>
    <quality>
      <usedPhaseCount>37</usedPhaseCount>
      <usedStationCount>15</usedStationCount>
      <standardError>0.71</standardError>
      <azimuthalGap>81</azimuthalGap>
      <minimumDistance>0.12</minimumDistance>
      <maximumDistance>6.28</maximumDistance>
    </quality>
    <evaluationMode>manual</evaluationMode>
    <creationInfo>
      <agencyURI>smi:smi-registry/organization/EMSC</agencyURI>
      <authorURI>smi:smi-registry/organization/EMSC</authorURI>
    </creationInfo>
    <originUncertainty>
      <azimuthMaxHorizontalUncertainty>153</azimuthMaxHorizontalUncertainty>
    </originUncertainty>
  </origin>
  <magnitude publicID="quakeml:eu.emsc/event/20050414_0000039/origin/1280541/mag/1">
    <mag>
      <value>2.2</value>
      <uncertainty>0.4</uncertainty>
    </mag>
    <type>ML</type>
    <originID>quakeml:eu.emsc/event/20050414_0000039/origin/1280541</originID>
    <stationCount>10</stationCount>
    <creationInfo>
      <agencyURI>smi:smi-registry/organization/EMSC</agencyURI>
      <authorURI>smi:smi-registry/organization/EMSC</authorURI>
    </creationInfo>
  </magnitude>
</event>
<event publicID="quakeml:eu.emsc/event/20050414_0000044">
  <preferredOriginID>quakeml:eu.emsc/event/20050414_0000044/origin/1266957</preferredOriginID>
  <preferredMagnitudeID>quakeml:eu.emsc/event/20050414_0000044/origin/1266957/mag/2</preferredMagnitudeID>
  <creationInfo>
    <agencyURI>smi:smi-registry/organization/EMSC</agencyURI>
    <authorURI>smi:smi-registry/organization/EMSC</authorURI>
    <creationTime>2014-12-10T18:08:55.388458Z</creationTime>
  </creationInfo>
  <description>
    <text>LIGURIAN SEA</text>
    <type>Flinn-Engdahl region</type>
  </description>
  <origin publicID="quakeml:eu.emsc/event/20050414_0000044/origin/1266957">
    <time>
      <value>2005-04-14T03:50:09.0Z</value>
    </time>
    <latitude>
      <value>43.8273</value>
      <uncertainty>9999.9</uncertainty>
    </latitude>
    <longitude>
      <value>8.3517</value>
      <uncertainty>9999.9</uncertainty>
    </longitude>
    <depth>
      <value>2400.0</value>
    </depth>
    <depthType>from location</depthType>
    <methodID>smi:eu.emsc-csem/origin_method/NA</methodID>
    <quality>
      <usedPhaseCount>20</usedPhaseCount>
      <usedStationCount>11</usedStationCount>
      <standardError>0.39</standardError>
      <azimuthalGap>261</azimuthalGap>
      <minimumDistance>0.34</minimumDistance>
      <maximumDistance>1.13</maximumDistance>
    </quality>
    <evaluationMode>manual</evaluationMode>
    <creationInfo>
      <agencyURI>smi:smi-registry/organization/EMSC</agencyURI>
      <authorURI>smi:smi-registry/organization/EMSC</authorURI>
    </creationInfo>
    <originUncertainty>
      <azimuthMaxHorizontalUncertainty>-99</azimuthMaxHorizontalUncertainty>
    </originUncertainty>
  </origin>
  <magnitude publicID="quakeml:eu.emsc/event/20050414_0000044/origin/1266957/mag/2">
    <mag>
      <value>2</value>
    </mag>
    <type>ML</type>
    <originID>quakeml:eu.emsc/event/20050414_0000044/origin/1266957</originID>
    <creationInfo>
      <agencyURI>smi:smi-registry/organization/EMSC</agencyURI>
      <authorURI>smi:smi-registry/organization/EMSC</authorURI>
    </creationInfo>
  </magnitude>
</event>
<event publicID="quakeml:eu.emsc/event/20050414_0000036">
  <preferredOriginID>quakeml:eu.emsc/event/20050414_0000036/origin/1266959</preferredOriginID>
  <preferredMagnitudeID>quakeml:eu.emsc/event/20050414_0000036/origin/1266959/mag/2</preferredMagnitudeID>
  <creationInfo>
    <agencyURI>smi:smi-registry/organization/EMSC</agencyURI>
    <authorURI>smi:smi-registry/organization/EMSC</authorURI>
    <creationTime>2014-12-11T09:06:45.783646Z</creationTime>
  </creationInfo>
  <description>
    <text>EASTERN TURKEY</text>
    <type>Flinn-Engdahl region</type>
  </description>
  <origin publicID="quakeml:eu.emsc/event/20050414_0000036/origin/1266959">
    <time>
      <value>2005-04-14T03:49:32.5Z</value>
    </time>
    <latitude>
      <value>38.545</value>
      <uncertainty>9999.9</uncertainty>
    </latitude>
    <longitude>
      <value>39.116</value>
      <uncertainty>9999.9</uncertainty>
    </longitude>
    <depth>
      <value>26000</value>
    </depth>
    <depthType>from location</depthType>
    <methodID>smi:eu.emsc-csem/origin_method/NA</methodID>
    <quality>
      <usedPhaseCount>11</usedPhaseCount>
      <usedStationCount>10</usedStationCount>
      <standardError>1.16</standardError>
      <azimuthalGap>119</azimuthalGap>
      <minimumDistance>0.41</minimumDistance>
      <maximumDistance>2.13</maximumDistance>
    </quality>
    <evaluationMode>manual</evaluationMode>
    <creationInfo>
      <agencyURI>smi:smi-registry/organization/EMSC</agencyURI>
      <authorURI>smi:smi-registry/organization/EMSC</authorURI>
    </creationInfo>
    <originUncertainty>
      <azimuthMaxHorizontalUncertainty>-99</azimuthMaxHorizontalUncertainty>
    </originUncertainty>
  </origin>
  <magnitude publicID="quakeml:eu.emsc/event/20050414_0000036/origin/1266959/mag/2">
    <mag>
      <value>3.3</value>
    </mag>
    <type>MD</type>
    <originID>quakeml:eu.emsc/event/20050414_0000036/origin/1266959</originID>
    <creationInfo>
      <agencyURI>smi:smi-registry/organization/EMSC</agencyURI>
      <authorURI>smi:smi-registry/organization/EMSC</authorURI>
    </creationInfo>
  </magnitude>
</event>
<event publicID="quakeml:eu.emsc/event/20050414_0000034">
  <preferredOriginID>quakeml:eu.emsc/event/20050414_0000034/origin/1266961</preferredOriginID>
  <preferredMagnitudeID>quakeml:eu.emsc/event/20050414_0000034/origin/1266961/mag/2</preferredMagnitudeID>
  <creationInfo>
    <agencyURI>smi:smi-registry/organization/EMSC</agencyURI>
    <authorURI>smi:smi-registry/organization/EMSC</authorURI>
    <creationTime>2014-12-10T17:59:55.456609Z</creationTime>
  </creationInfo>
  <description>
    <text>PYRENEES</text>
    <type>Flinn-Engdahl region</type>
  </description>
  <origin publicID="quakeml:eu.emsc/event/20050414_0000034/origin/1266961">
    <time>
      <value>2005-04-14T03:23:44.8Z</value>
    </time>
    <latitude>
      <value>42.6614</value>
      <uncertainty>9999.9</uncertainty>
    </latitude>
    <longitude>
      <value>0.9053</value>
      <uncertainty>9999.9</uncertainty>
    </longitude>
    <depth>
      <value>0</value>
    </depth>
    <depthType>from location</depthType>
    <methodID>smi:eu.emsc-csem/origin_method/NA</methodID>
    <quality>
      <usedPhaseCount>9</usedPhaseCount>
      <usedStationCount>5</usedStationCount>
      <standardError>1.26</standardError>
      <azimuthalGap>184</azimuthalGap>
      <minimumDistance>0.56</minimumDistance>
      <maximumDistance>1.48</maximumDistance>
    </quality>
    <evaluationMode>manual</evaluationMode>
    <creationInfo>
      <agencyURI>smi:smi-registry/organization/EMSC</agencyURI>
      <authorURI>smi:smi-registry/organization/EMSC</authorURI>
    </creationInfo>
    <originUncertainty>
      <azimuthMaxHorizontalUncertainty>-99</azimuthMaxHorizontalUncertainty>
    </originUncertainty>
  </origin>
  <magnitude publicID="quakeml:eu.emsc/event/20050414_0000034/origin/1266961/mag/2">
    <mag>
      <value>1.5</value>
    </mag>
    <type>ML</type>
    <originID>quakeml:eu.emsc/event/20050414_0000034/origin/1266961</originID>
    <creationInfo>
      <agencyURI>smi:smi-registry/organization/EMSC</agencyURI>
      <authorURI>smi:smi-registry/organization/EMSC</authorURI>
    </creationInfo>
  </magnitude>
</event>
<event publicID="quakeml:eu.emsc/event/20050414_0000041">
  <preferredOriginID>quakeml:eu.emsc/event/20050414_0000041/origin/1266963</preferredOriginID>
  <preferredMagnitudeID>quakeml:eu.emsc/event/20050414_0000041/origin/1266963/mag/2</preferredMagnitudeID>
  <creationInfo>
    <agencyURI>smi:smi-registry/organization/EMSC</agencyURI>
    <authorURI>smi:smi-registry/organization/EMSC</authorURI>
    <creationTime>2014-12-11T09:06:43.753989Z</creationTime>
  </creationInfo>
  <description>
    <text>EASTERN TURKEY</text>
    <type>Flinn-Engdahl region</type>
  </description>
  <origin publicID="quakeml:eu.emsc/event/20050414_0000041/origin/1266963">
    <time>
      <value>2005-04-14T02:00:31.9Z</value>
    </time>
    <latitude>
      <value>39.354</value>
      <uncertainty>9999.9</uncertainty>
    </latitude>
    <longitude>
      <value>40.813</value>
      <uncertainty>9999.9</uncertainty>
    </longitude>
    <depth>
      <value>16000</value>
    </depth>
    <depthType>from location</depthType>
    <methodID>smi:eu.emsc-csem/origin_method/NA</methodID>
    <quality>
      <usedPhaseCount>8</usedPhaseCount>
      <usedStationCount>6</usedStationCount>
      <standardError>1.53</standardError>
      <azimuthalGap>124</azimuthalGap>
      <minimumDistance>0.54</minimumDistance>
      <maximumDistance>1.53</maximumDistance>
    </quality>
    <evaluationMode>manual</evaluationMode>
    <creationInfo>
      <agencyURI>smi:smi-registry/organization/EMSC</agencyURI>
      <authorURI>smi:smi-registry/organization/EMSC</authorURI>
    </creationInfo>
    <originUncertainty>
      <azimuthMaxHorizontalUncertainty>-99</azimuthMaxHorizontalUncertainty>
    </originUncertainty>
  </origin>
  <magnitude publicID="quakeml:eu.emsc/event/20050414_0000041/origin/1266963/mag/2">
    <mag>
      <value>3.2</value>
    </mag>
    <type>MD</type>
    <originID>quakeml:eu.emsc/event/20050414_0000041/origin/1266963</originID>
    <creationInfo>
      <agencyURI>smi:smi-registry/organization/EMSC</agencyURI>
      <authorURI>smi:smi-registry/organization/EMSC</authorURI>
    </creationInfo>
  </magnitude>
</event>
<event publicID="quakeml:eu.emsc/event/20050414_0000048">
  <preferredOriginID>quakeml:eu.emsc/event/20050414_0000048/origin/1266965</preferredOriginID>
  <preferredMagnitudeID>quakeml:eu.emsc/event/20050414_0000048/origin/1266965/mag/2</preferredMagnitudeID>
  <creationInfo>
    <agencyURI>smi:smi-registry/organization/EMSC</agencyURI>
    <authorURI>smi:smi-registry/organization/EMSC</authorURI>
    <creationTime>2014-12-11T09:06:41.243117Z</creationTime>
  </creationInfo>
  <description>
    <text>CRETE, GREECE</text>
    <type>Flinn-Engdahl region</type>
  </description>
  <origin publicID="quakeml:eu.emsc/event/20050414_0000048/origin/1266965">
    <time>
      <value>2005-04-14T01:34:51.2Z</value>
    </time>
    <latitude>
      <value>34.54</value>
      <uncertainty>9999.9</uncertainty>
    </latitude>
    <longitude>
      <value>24.69</value>
      <uncertainty>9999.9</uncertainty>
    </longitude>
    <depth>
      <value>19000</value>
    </depth>
    <depthType>from location</depthType>
    <methodID>smi:eu.emsc-csem/origin_method/NA</methodID>
    <quality>
      <usedPhaseCount>6</usedPhaseCount>
      <usedStationCount>4</usedStationCount>
      <standardError>1.29</standardError>
      <azimuthalGap>264</azimuthalGap>
      <minimumDistance>0.95</minimumDistance>
      <maximumDistance>2.6</maximumDistance>
    </quality>
    <evaluationMode>manual</evaluationMode>
    <creationInfo>
      <agencyURI>smi:smi-registry/organization/EMSC</agencyURI>
      <authorURI>smi:smi-registry/organization/EMSC</authorURI>
    </creationInfo>
    <originUncertainty>
      <azimuthMaxHorizontalUncertainty>-99</azimuthMaxHorizontalUncertainty>
    </originUncertainty>
  </origin>
  <magnitude publicID="quakeml:eu.emsc/event/20050414_0000048/origin/1266965/mag/2">
    <mag>
      <value>3.5</value>
    </mag>
    <type>MD</type>
    <originID>quakeml:eu.emsc/event/20050414_0000048/origin/1266965</originID>
    <creationInfo>
      <agencyURI>smi:smi-registry/organization/EMSC</agencyURI>
      <authorURI>smi:smi-registry/organization/EMSC</authorURI>
    </creationInfo>
  </magnitude>
</event>
<event publicID="quakeml:eu.emsc/event/20050414_0000037">
  <preferredOriginID>quakeml:eu.emsc/event/20050414_0000037/origin/1281690</preferredOriginID>
  <preferredMagnitudeID>quakeml:eu.emsc/event/20050414_0000037/origin/1281690/mag/2</preferredMagnitudeID>
  <creationInfo>
    <agencyURI>smi:smi-registry/organization/EMSC</agencyURI>
    <authorURI>smi:smi-registry/organization/EMSC</authorURI>
    <creationTime>2014-12-03T12:15:43.168042Z</creationTime>
  </creationInfo>
  <description>
    <text>SPAIN</text>
    <type>Flinn-Engdahl region</type>
  </description>
  <origin publicID="quakeml:eu.emsc/event/20050414_0000037/origin/1281690">
    <time>
      <value>2005-04-14T01:03:56.3Z</value>
      <uncertainty>0.23</uncertainty>
    </time>
    <latitude>
      <value>37.8277</value>
      <uncertainty>6.1</uncertainty>
    </latitude>
    <longitude>
      <value>-1.8567</value>
      <uncertainty>4</uncertainty>
    </longitude>
    <depth>
      <value>2000</value>
    </depth>
    <depthType>from location</depthType>
    <methodID>smi:eu.emsc-csem/origin_method/NA</methodID>
    <quality>
      <usedPhaseCount>30</usedPhaseCount>
      <usedStationCount>23</usedStationCount>
      <standardError>1.12</standardError>
      <azimuthalGap>88</azimuthalGap>
      <minimumDistance>0.49</minimumDistance>
      <maximumDistance>4.47</maximumDistance>
    </quality>
    <evaluationMode>manual</evaluationMode>
    <creationInfo>
      <agencyURI>smi:smi-registry/organization/EMSC</agencyURI>
      <authorURI>smi:smi-registry/organization/EMSC</authorURI>
    </creationInfo>
    <originUncertainty>
      <azimuthMaxHorizontalUncertainty>153</azimuthMaxHorizontalUncertainty>
    </originUncertainty>
  </origin>
  <magnitude publicID="quakeml:eu.emsc/event/20050414_0000037/origin/1281690/mag/2">
    <mag>
      <value>2</value>
    </mag>
    <type>ML</type>
    <originID>quakeml:eu.emsc/event/20050414_0000037/origin/1281690</originID>
    <creationInfo>
      <agencyURI>smi:smi-registry/organization/EMSC</agencyURI>
      <authorURI>smi:smi-registry/organization/EMSC</authorURI>
    </creationInfo>
  </magnitude>
</event>
</eventParameters>
</q:quakeml>
