<?xml version="1.0"?>
<q:quakeml xmlns:q="http://quakeml.org/xmlns/quakeml/1.2"  xmlns="http://quakeml.org/xmlns/bed/1.2">
<eventParameters publicID="smi:eu.emsc/unid">
<event publicID="quakeml:eu.emsc/event/20050214_0000035">
  <preferredOriginID>quakeml:eu.emsc/event/20050214_0000035/origin/CN026</preferredOriginID>
  <preferredMagnitudeID>quakeml:eu.emsc/event/20050214_0000035/origin/CN026/mag/1</preferredMagnitudeID>
  <creationInfo>
    <agencyURI>smi:smi-registry/organization/EMSC</agencyURI>
    <authorURI>smi:smi-registry/organization/EMSC</authorURI>
    <creationTime>2014-12-01T14:32:51.298418Z</creationTime>
  </creationInfo>
  <description>
    <text>SOUTHERN XINJIANG, CHINA</text>
    <type>Flinn-Engdahl region</type>
  </description>
  <origin publicID="quakeml:eu.emsc/event/20050214_0000035/origin/CN026">
    <time>
      <value>2005-02-14T23:38:09.8Z</value>
      <uncertainty>0.14</uncertainty>
    </time>
    <latitude>
      <value>41.74</value>
    </latitude>
    <longitude>
      <value>79.33</value>
    </longitude>
    <depth>
      <value>40000.0</value>
    </depth>
    <depthType>from location</depthType>
    <methodID>smi:eu.emsc-csem/origin_method/NA</methodID>
    <quality>
      <usedPhaseCount>398</usedPhaseCount>
      <usedStationCount>346</usedStationCount>
      <standardError>0.81</standardError>
      <azimuthalGap>53</azimuthalGap>
      <minimumDistance>8.99</minimumDistance>
      <maximumDistance>143.78</maximumDistance>
    </quality>
    <evaluationMode>automatic</evaluationMode>
    <creationInfo>
      <agencyURI>smi:smi-registry/organization/EMSC</agencyURI>
      <authorURI>smi:smi-registry/organization/EMSC</authorURI>
    </creationInfo>
  </origin>
  <magnitude publicID="quakeml:eu.emsc/event/20050214_0000035/origin/CN026/mag/1">
    <mag>
      <value>6.1</value>
      <uncertainty>0.4</uncertainty>
    </mag>
    <type>mb</type>
    <originID>quakeml:eu.emsc/event/20050214_0000035/origin/CN026</originID>
    <creationInfo>
      <agencyURI>smi:smi-registry/organization/EMSC</agencyURI>
      <authorURI>smi:smi-registry/organization/EMSC</authorURI>
    </creationInfo>
  </magnitude>
</event>
<event publicID="quakeml:eu.emsc/event/20050214_0000034">
  <preferredOriginID>quakeml:eu.emsc/event/20050214_0000034/origin/1287313</preferredOriginID>
  <preferredMagnitudeID>quakeml:eu.emsc/event/20050214_0000034/origin/1287313/mag/2</preferredMagnitudeID>
  <creationInfo>
    <agencyURI>smi:smi-registry/organization/EMSC</agencyURI>
    <authorURI>smi:smi-registry/organization/EMSC</authorURI>
    <creationTime>2014-12-03T12:52:12.59029Z</creationTime>
  </creationInfo>
  <description>
    <text>ROMANIA</text>
    <type>Flinn-Engdahl region</type>
  </description>
  <origin publicID="quakeml:eu.emsc/event/20050214_0000034/origin/1287313">
    <time>
      <value>2005-02-14T23:37:01.3Z</value>
      <uncertainty>0.13</uncertainty>
    </time>
    <latitude>
      <value>45.3912</value>
      <uncertainty>3.9</uncertainty>
    </latitude>
    <longitude>
      <value>22.5618</value>
      <uncertainty>3.2</uncertainty>
    </longitude>
    <depth>
      <value>10000</value>
    </depth>
    <depthType>from location</depthType>
    <methodID>smi:eu.emsc-csem/origin_method/NA</methodID>
    <quality>
      <usedPhaseCount>48</usedPhaseCount>
      <usedStationCount>37</usedStationCount>
      <standardError>1.06</standardError>
      <azimuthalGap>41</azimuthalGap>
      <minimumDistance>0.7</minimumDistance>
      <maximumDistance>5.64</maximumDistance>
    </quality>
    <evaluationMode>manual</evaluationMode>
    <creationInfo>
      <agencyURI>smi:smi-registry/organization/EMSC</agencyURI>
      <authorURI>smi:smi-registry/organization/EMSC</authorURI>
    </creationInfo>
    <originUncertainty>
      <azimuthMaxHorizontalUncertainty>41</azimuthMaxHorizontalUncertainty>
    </originUncertainty>
  </origin>
  <magnitude publicID="quakeml:eu.emsc/event/20050214_0000034/origin/1287313/mag/2">
    <mag>
      <value>4.2</value>
    </mag>
    <type>ML</type>
    <originID>quakeml:eu.emsc/event/20050214_0000034/origin/1287313</originID>
    <creationInfo>
      <agencyURI>smi:smi-registry/organization/EMSC</agencyURI>
      <authorURI>smi:smi-registry/organization/EMSC</authorURI>
    </creationInfo>
  </magnitude>
</event>
<event publicID="quakeml:eu.emsc/event/20050214_0000044">
  <preferredOriginID>quakeml:eu.emsc/event/20050214_0000044/origin/1269121</preferredOriginID>
  <preferredMagnitudeID>quakeml:eu.emsc/event/20050214_0000044/origin/1269121/mag/2</preferredMagnitudeID>
  <creationInfo>
    <agencyURI>smi:smi-registry/organization/EMSC</agencyURI>
    <authorURI>smi:smi-registry/organization/EMSC</authorURI>
    <creationTime>2014-12-11T07:35:18.279067Z</creationTime>
  </creationInfo>
  <description>
    <text>NORTHEASTERN IRAN</text>
    <type>Flinn-Engdahl region</type>
  </description>
  <origin publicID="quakeml:eu.emsc/event/20050214_0000044/origin/1269121">
    <time>
      <value>2005-02-14T23:16:52.8Z</value>
    </time>
    <latitude>
      <value>37.188</value>
      <uncertainty>9999.9</uncertainty>
    </latitude>
    <longitude>
      <value>56.556</value>
      <uncertainty>9999.9</uncertainty>
    </longitude>
    <depth>
      <value>19200.0</value>
    </depth>
    <depthType>from location</depthType>
    <methodID>smi:eu.emsc-csem/origin_method/NA</methodID>
    <quality>
      <usedPhaseCount>8</usedPhaseCount>
      <usedStationCount>7</usedStationCount>
      <standardError>4.04</standardError>
      <azimuthalGap>216</azimuthalGap>
      <minimumDistance>1.63</minimumDistance>
      <maximumDistance>3.99</maximumDistance>
    </quality>
    <evaluationMode>manual</evaluationMode>
    <creationInfo>
      <agencyURI>smi:smi-registry/organization/EMSC</agencyURI>
      <authorURI>smi:smi-registry/organization/EMSC</authorURI>
    </creationInfo>
    <originUncertainty>
      <azimuthMaxHorizontalUncertainty>-99</azimuthMaxHorizontalUncertainty>
    </originUncertainty>
  </origin>
  <magnitude publicID="quakeml:eu.emsc/event/20050214_0000044/origin/1269121/mag/2">
    <mag>
      <value>3.2</value>
    </mag>
    <type>ML</type>
    <originID>quakeml:eu.emsc/event/20050214_0000044/origin/1269121</originID>
    <creationInfo>
      <agencyURI>smi:smi-registry/organization/EMSC</agencyURI>
      <authorURI>smi:smi-registry/organization/EMSC</authorURI>
    </creationInfo>
  </magnitude>
</event>
<event publicID="quakeml:eu.emsc/event/20050214_0000037">
  <preferredOriginID>quakeml:eu.emsc/event/20050214_0000037/origin/1287316</preferredOriginID>
  <preferredMagnitudeID>quakeml:eu.emsc/event/20050214_0000037/origin/1287316/mag/2</preferredMagnitudeID>
  <creationInfo>
    <agencyURI>smi:smi-registry/organization/EMSC</agencyURI>
    <authorURI>smi:smi-registry/organization/EMSC</authorURI>
    <creationTime>2014-12-03T11:38:34.76738Z</creationTime>
  </creationInfo>
  <description>
    <text>CENTRAL IRAN</text>
    <type>Flinn-Engdahl region</type>
  </description>
  <origin publicID="quakeml:eu.emsc/event/20050214_0000037/origin/1287316">
    <time>
      <value>2005-02-14T22:59:44.6Z</value>
      <uncertainty>0.27</uncertainty>
    </time>
    <latitude>
      <value>31.9413</value>
      <uncertainty>8.9</uncertainty>
    </latitude>
    <longitude>
      <value>55.6054</value>
      <uncertainty>4.8</uncertainty>
    </longitude>
    <depth>
      <value>2000</value>
    </depth>
    <depthType>from location</depthType>
    <methodID>smi:eu.emsc-csem/origin_method/NA</methodID>
    <quality>
      <usedPhaseCount>14</usedPhaseCount>
      <usedStationCount>12</usedStationCount>
      <standardError>0.97</standardError>
      <azimuthalGap>148</azimuthalGap>
      <minimumDistance>0.35</minimumDistance>
      <maximumDistance>5.86</maximumDistance>
    </quality>
    <evaluationMode>manual</evaluationMode>
    <creationInfo>
      <agencyURI>smi:smi-registry/organization/EMSC</agencyURI>
      <authorURI>smi:smi-registry/organization/EMSC</authorURI>
    </creationInfo>
    <originUncertainty>
      <azimuthMaxHorizontalUncertainty>50</azimuthMaxHorizontalUncertainty>
    </originUncertainty>
  </origin>
  <magnitude publicID="quakeml:eu.emsc/event/20050214_0000037/origin/1287316/mag/2">
    <mag>
      <value>3.6</value>
    </mag>
    <type>ML</type>
    <originID>quakeml:eu.emsc/event/20050214_0000037/origin/1287316</originID>
    <creationInfo>
      <agencyURI>smi:smi-registry/organization/EMSC</agencyURI>
      <authorURI>smi:smi-registry/organization/EMSC</authorURI>
    </creationInfo>
  </magnitude>
</event>
<event publicID="quakeml:eu.emsc/event/20050214_0000051">
  <preferredOriginID>quakeml:eu.emsc/event/20050214_0000051/origin/1269123</preferredOriginID>
  <preferredMagnitudeID>quakeml:eu.emsc/event/20050214_0000051/origin/1269123/mag/2</preferredMagnitudeID>
  <creationInfo>
    <agencyURI>smi:smi-registry/organization/EMSC</agencyURI>
    <authorURI>smi:smi-registry/organization/EMSC</authorURI>
    <creationTime>2014-12-11T07:35:11.690737Z</creationTime>
  </creationInfo>
  <description>
    <text>CRETE, GREECE</text>
    <type>Flinn-Engdahl region</type>
  </description>
  <origin publicID="quakeml:eu.emsc/event/20050214_0000051/origin/1269123">
    <time>
      <value>2005-02-14T22:13:37.8Z</value>
    </time>
    <latitude>
      <value>35.39</value>
      <uncertainty>9999.9</uncertainty>
    </latitude>
    <longitude>
      <value>23.71</value>
      <uncertainty>9999.9</uncertainty>
    </longitude>
    <depth>
      <value>13000</value>
    </depth>
    <depthType>from location</depthType>
    <methodID>smi:eu.emsc-csem/origin_method/NA</methodID>
    <quality>
      <usedPhaseCount>8</usedPhaseCount>
      <usedStationCount>6</usedStationCount>
      <standardError>1.31</standardError>
      <azimuthalGap>234</azimuthalGap>
      <minimumDistance>0.4</minimumDistance>
      <maximumDistance>2.82</maximumDistance>
    </quality>
    <evaluationMode>manual</evaluationMode>
    <creationInfo>
      <agencyURI>smi:smi-registry/organization/EMSC</agencyURI>
      <authorURI>smi:smi-registry/organization/EMSC</authorURI>
    </creationInfo>
    <originUncertainty>
      <azimuthMaxHorizontalUncertainty>-99</azimuthMaxHorizontalUncertainty>
    </originUncertainty>
  </origin>
  <magnitude publicID="quakeml:eu.emsc/event/20050214_0000051/origin/1269123/mag/2">
    <mag>
      <value>3.3</value>
    </mag>
    <type>MD</type>
    <originID>quakeml:eu.emsc/event/20050214_0000051/origin/1269123</originID>
    <creationInfo>
      <agencyURI>smi:smi-registry/organization/EMSC</agencyURI>
      <authorURI>smi:smi-registry/organization/EMSC</authorURI>
    </creationInfo>
  </magnitude>
</event>
<event publicID="quakeml:eu.emsc/event/20050214_0000033">
  <preferredOriginID>quakeml:eu.emsc/event/20050214_0000033/origin/CO818</preferredOriginID>
  <preferredMagnitudeID>quakeml:eu.emsc/event/20050214_0000033/origin/CO818/mag/1</preferredMagnitudeID>
  <creationInfo>
    <agencyURI>smi:smi-registry/organization/EMSC</agencyURI>
    <authorURI>smi:smi-registry/organization/BUC</authorURI>
    <creationTime>2014-12-01T15:25:04.505421Z</creationTime>
  </creationInfo>
  <description>
    <text>UKRAINE-ROMANIA-MOLDOVA BDR REG</text>
    <type>Flinn-Engdahl region</type>
  </description>
  <origin publicID="quakeml:eu.emsc/event/20050214_0000033/origin/CO818">
    <time>
      <value>2005-02-14T21:55:58.7Z</value>
      <uncertainty>0.96</uncertainty>
    </time>
    <latitude>
      <value>45.15</value>
    </latitude>
    <longitude>
      <value>28.91</value>
    </longitude>
    <depth>
      <value>1000.0</value>
    </depth>
    <depthType>from location</depthType>
    <methodID>smi:eu.emsc-csem/origin_method/GEIGER</methodID>
    <quality>
      <usedPhaseCount>11</usedPhaseCount>
      <usedStationCount>6</usedStationCount>
      <standardError>0.64</standardError>
      <azimuthalGap>268</azimuthalGap>
      <minimumDistance>0.07</minimumDistance>
      <maximumDistance>2.12</maximumDistance>
    </quality>
    <evaluationMode>manual</evaluationMode>
    <creationInfo>
      <agencyURI>smi:smi-registry/organization/EMSC</agencyURI>
      <authorURI>smi:smi-registry/organization/BUC</authorURI>
    </creationInfo>
  </origin>
  <magnitude publicID="quakeml:eu.emsc/event/20050214_0000033/origin/CO818/mag/1">
    <mag>
      <value>3.3</value>
    </mag>
    <type>ml</type>
    <originID>quakeml:eu.emsc/event/20050214_0000033/origin/CO818</originID>
    <creationInfo>
      <agencyURI>smi:smi-registry/organization/EMSC</agencyURI>
      <authorURI>smi:smi-registry/organization/BUC</authorURI>
    </creationInfo>
  </magnitude>
</event>
<event publicID="quakeml:eu.emsc/event/20050214_0000052">
  <preferredOriginID>quakeml:eu.emsc/event/20050214_0000052/origin/1287319</preferredOriginID>
  <preferredMagnitudeID>quakeml:eu.emsc/event/20050214_0000052/origin/1287319/mag/2</preferredMagnitudeID>
  <creationInfo>
    <agencyURI>smi:smi-registry/organization/EMSC</agencyURI>
    <authorURI>smi:smi-registry/organization/EMSC</authorURI>
    <creationTime>2014-12-03T11:49:07.302651Z</creationTime>
  </creationInfo>
  <description>
    <text>WESTERN TURKEY</text>
    <type>Flinn-Engdahl region</type>
  </description>
  <origin publicID="quakeml:eu.emsc/event/20050214_0000052/origin/1287319">
    <time>
      <value>2005-02-14T21:46:18.0Z</value>
      <uncertainty>0.15</uncertainty>
    </time>
    <latitude>
      <value>37.0005</value>
      <uncertainty>3.9</uncertainty>
    </latitude>
    <longitude>
      <value>27.9593</value>
      <uncertainty>3.4</uncertainty>
    </longitude>
    <depth>
      <value>15000</value>
    </depth>
    <depthType>from location</depthType>
    <methodID>smi:eu.emsc-csem/origin_method/NA</methodID>
    <quality>
      <usedPhaseCount>12</usedPhaseCount>
      <usedStationCount>9</usedStationCount>
      <standardError>0.46</standardError>
      <azimuthalGap>72</azimuthalGap>
      <minimumDistance>0.29</minimumDistance>
      <maximumDistance>1.59</maximumDistance>
    </quality>
    <evaluationMode>manual</evaluationMode>
    <creationInfo>
      <agencyURI>smi:smi-registry/organization/EMSC</agencyURI>
      <authorURI>smi:smi-registry/organization/EMSC</authorURI>
    </creationInfo>
    <originUncertainty>
      <azimuthMaxHorizontalUncertainty>19</azimuthMaxHorizontalUncertainty>
    </originUncertainty>
  </origin>
  <magnitude publicID="quakeml:eu.emsc/event/20050214_0000052/origin/1287319/mag/2">
    <mag>
      <value>3</value>
    </mag>
    <type>MD</type>
    <originID>quakeml:eu.emsc/event/20050214_0000052/origin/1287319</originID>
    <creationInfo>
      <agencyURI>smi:smi-registry/organization/EMSC</agencyURI>
      <authorURI>smi:smi-registry/organization/EMSC</authorURI>
    </creationInfo>
  </magnitude>
</event>
<event publicID="quakeml:eu.emsc/event/20050214_0000045">
  <preferredOriginID>quakeml:eu.emsc/event/20050214_0000045/origin/1269125</preferredOriginID>
  <preferredMagnitudeID>quakeml:eu.emsc/event/20050214_0000045/origin/1269125/mag/2</preferredMagnitudeID>
  <creationInfo>
    <agencyURI>smi:smi-registry/organization/EMSC</agencyURI>
    <authorURI>smi:smi-registry/organization/EMSC</authorURI>
    <creationTime>2014-12-10T17:58:05.572634Z</creationTime>
  </creationInfo>
  <description>
    <text>NORTHERN ITALY</text>
    <type>Flinn-Engdahl region</type>
  </description>
  <origin publicID="quakeml:eu.emsc/event/20050214_0000045/origin/1269125">
    <time>
      <value>2005-02-14T21:28:00.6Z</value>
    </time>
    <latitude>
      <value>44.28</value>
      <uncertainty>9999.9</uncertainty>
    </latitude>
    <longitude>
      <value>7.373</value>
      <uncertainty>9999.9</uncertainty>
    </longitude>
    <depth>
      <value>12300.0</value>
    </depth>
    <depthType>from location</depthType>
    <methodID>smi:eu.emsc-csem/origin_method/NA</methodID>
    <quality>
      <usedPhaseCount>11</usedPhaseCount>
      <usedStationCount>6</usedStationCount>
      <standardError>0.7</standardError>
      <azimuthalGap>128</azimuthalGap>
      <minimumDistance>0.05</minimumDistance>
      <maximumDistance>0.36</maximumDistance>
    </quality>
    <evaluationMode>manual</evaluationMode>
    <creationInfo>
      <agencyURI>smi:smi-registry/organization/EMSC</agencyURI>
      <authorURI>smi:smi-registry/organization/EMSC</authorURI>
    </creationInfo>
    <originUncertainty>
      <azimuthMaxHorizontalUncertainty>-99</azimuthMaxHorizontalUncertainty>
    </originUncertainty>
  </origin>
  <magnitude publicID="quakeml:eu.emsc/event/20050214_0000045/origin/1269125/mag/2">
    <mag>
      <value>1.7</value>
    </mag>
    <type>ML</type>
    <originID>quakeml:eu.emsc/event/20050214_0000045/origin/1269125</originID>
    <creationInfo>
      <agencyURI>smi:smi-registry/organization/EMSC</agencyURI>
      <authorURI>smi:smi-registry/organization/EMSC</authorURI>
    </creationInfo>
  </magnitude>
</event>
<event publicID="quakeml:eu.emsc/event/20050214_0000053">
  <preferredOriginID>quakeml:eu.emsc/event/20050214_0000053/origin/1269127</preferredOriginID>
  <preferredMagnitudeID>quakeml:eu.emsc/event/20050214_0000053/origin/1269127/mag/2</preferredMagnitudeID>
  <creationInfo>
    <agencyURI>smi:smi-registry/organization/EMSC</agencyURI>
    <authorURI>smi:smi-registry/organization/EMSC</authorURI>
    <creationTime>2014-12-11T07:35:07.886017Z</creationTime>
  </creationInfo>
  <description>
    <text>NORTHERN IRAN</text>
    <type>Flinn-Engdahl region</type>
  </description>
  <origin publicID="quakeml:eu.emsc/event/20050214_0000053/origin/1269127">
    <time>
      <value>2005-02-14T19:44:46.7Z</value>
    </time>
    <latitude>
      <value>36.466</value>
      <uncertainty>9999.9</uncertainty>
    </latitude>
    <longitude>
      <value>54.841</value>
      <uncertainty>9999.9</uncertainty>
    </longitude>
    <depth>
      <value>10000</value>
    </depth>
    <depthType>from location</depthType>
    <methodID>smi:eu.emsc-csem/origin_method/NA</methodID>
    <quality>
      <usedPhaseCount>11</usedPhaseCount>
      <usedStationCount>11</usedStationCount>
      <standardError>5.02</standardError>
      <azimuthalGap>178</azimuthalGap>
      <minimumDistance>1.1</minimumDistance>
      <maximumDistance>4.25</maximumDistance>
    </quality>
    <evaluationMode>manual</evaluationMode>
    <creationInfo>
      <agencyURI>smi:smi-registry/organization/EMSC</agencyURI>
      <authorURI>smi:smi-registry/organization/EMSC</authorURI>
    </creationInfo>
    <originUncertainty>
      <azimuthMaxHorizontalUncertainty>-99</azimuthMaxHorizontalUncertainty>
    </originUncertainty>
  </origin>
  <magnitude publicID="quakeml:eu.emsc/event/20050214_0000053/origin/1269127/mag/2">
    <mag>
      <value>3.3</value>
    </mag>
    <type>ML</type>
    <originID>quakeml:eu.emsc/event/20050214_0000053/origin/1269127</originID>
    <creationInfo>
      <agencyURI>smi:smi-registry/organization/EMSC</agencyURI>
      <authorURI>smi:smi-registry/organization/EMSC</authorURI>
    </creationInfo>
  </magnitude>
</event>
<event publicID="quakeml:eu.emsc/event/20050214_0000032">
  <preferredOriginID>quakeml:eu.emsc/event/20050214_0000032/origin/CN124</preferredOriginID>
  <preferredMagnitudeID>quakeml:eu.emsc/event/20050214_0000032/origin/CN124/mag/1</preferredMagnitudeID>
  <creationInfo>
    <agencyURI>smi:smi-registry/organization/EMSC</agencyURI>
    <authorURI>smi:smi-registry/organization/EMSC</authorURI>
    <creationTime>2014-12-01T14:07:12.89398Z</creationTime>
  </creationInfo>
  <description>
    <text>VANUATU</text>
    <type>Flinn-Engdahl region</type>
  </description>
  <origin publicID="quakeml:eu.emsc/event/20050214_0000032/origin/CN124">
    <time>
      <value>2005-02-14T18:55:03.6Z</value>
      <uncertainty>0.15</uncertainty>
    </time>
    <latitude>
      <value>-17.06</value>
    </latitude>
    <longitude>
      <value>167.3</value>
    </longitude>
    <depth>
      <value>33000.0</value>
    </depth>
    <depthType>from location</depthType>
    <methodID>smi:eu.emsc-csem/origin_method/NA</methodID>
    <quality>
      <usedPhaseCount>17</usedPhaseCount>
      <usedStationCount>16</usedStationCount>
      <standardError>1.10</standardError>
      <azimuthalGap>144</azimuthalGap>
      <minimumDistance>20.17</minimumDistance>
      <maximumDistance>144.08</maximumDistance>
    </quality>
    <evaluationMode>automatic</evaluationMode>
    <creationInfo>
      <agencyURI>smi:smi-registry/organization/EMSC</agencyURI>
      <authorURI>smi:smi-registry/organization/EMSC</authorURI>
    </creationInfo>
  </origin>
  <magnitude publicID="quakeml:eu.emsc/event/20050214_0000032/origin/CN124/mag/1">
    <mag>
      <value>5.4</value>
      <uncertainty>0.6</uncertainty>
    </mag>
    <type>mb</type>
    <originID>quakeml:eu.emsc/event/20050214_0000032/origin/CN124</originID>
    <stationCount>7</stationCount>
    <creationInfo>
      <agencyURI>smi:smi-registry/organization/EMSC</agencyURI>
      <authorURI>smi:smi-registry/organization/EMSC</authorURI>
    </creationInfo>
  </magnitude>
</event>
<event publicID="quakeml:eu.emsc/event/20050214_0000031">
  <preferredOriginID>quakeml:eu.emsc/event/20050214_0000031/origin/1287321</preferredOriginID>
  <preferredMagnitudeID>quakeml:eu.emsc/event/20050214_0000031/origin/1287321/mag/2</preferredMagnitudeID>
  <creationInfo>
    <agencyURI>smi:smi-registry/organization/EMSC</agencyURI>
    <authorURI>smi:smi-registry/organization/EMSC</authorURI>
    <creationTime>2014-12-03T12:52:12.253067Z</creationTime>
  </creationInfo>
  <description>
    <text>SWITZERLAND</text>
    <type>Flinn-Engdahl region</type>
  </description>
  <origin publicID="quakeml:eu.emsc/event/20050214_0000031/origin/1287321">
    <time>
      <value>2005-02-14T18:49:57.3Z</value>
      <uncertainty>0.15</uncertainty>
    </time>
    <latitude>
      <value>47.2633</value>
      <uncertainty>3.5</uncertainty>
    </latitude>
    <longitude>
      <value>8.4974</value>
      <uncertainty>2.9</uncertainty>
    </longitude>
    <depth>
      <value>19200.0</value>
      <uncertainty>0.2</uncertainty>
    </depth>
    <depthType>from location</depthType>
    <methodID>smi:eu.emsc-csem/origin_method/NA</methodID>
    <quality>
      <usedPhaseCount>24</usedPhaseCount>
      <usedStationCount>15</usedStationCount>
      <standardError>0.75</standardError>
      <azimuthalGap>90</azimuthalGap>
      <minimumDistance>0.12</minimumDistance>
      <maximumDistance>1.85</maximumDistance>
    </quality>
    <evaluationMode>manual</evaluationMode>
    <creationInfo>
      <agencyURI>smi:smi-registry/organization/EMSC</agencyURI>
      <authorURI>smi:smi-registry/organization/EMSC</authorURI>
    </creationInfo>
    <originUncertainty>
      <azimuthMaxHorizontalUncertainty>99</azimuthMaxHorizontalUncertainty>
    </originUncertainty>
  </origin>
  <magnitude publicID="quakeml:eu.emsc/event/20050214_0000031/origin/1287321/mag/2">
    <mag>
      <value>2.2</value>
    </mag>
    <type>ML</type>
    <originID>quakeml:eu.emsc/event/20050214_0000031/origin/1287321</originID>
    <stationCount>15</stationCount>
    <creationInfo>
      <agencyURI>smi:smi-registry/organization/EMSC</agencyURI>
      <authorURI>smi:smi-registry/organization/EMSC</authorURI>
    </creationInfo>
  </magnitude>
</event>
<event publicID="quakeml:eu.emsc/event/20050214_0000030">
  <preferredOriginID>quakeml:eu.emsc/event/20050214_0000030/origin/1286257</preferredOriginID>
  <preferredMagnitudeID>quakeml:eu.emsc/event/20050214_0000030/origin/1286257/mag/1</preferredMagnitudeID>
  <creationInfo>
    <agencyURI>smi:smi-registry/organization/EMSC</agencyURI>
    <authorURI>smi:smi-registry/organization/EMSC</authorURI>
    <creationTime>2014-12-03T13:32:37.76325Z</creationTime>
  </creationInfo>
  <description>
    <text>UNITED KINGDOM</text>
    <type>Flinn-Engdahl region</type>
  </description>
  <origin publicID="quakeml:eu.emsc/event/20050214_0000030/origin/1286257">
    <time>
      <value>2005-02-14T18:43:59.8Z</value>
      <uncertainty>0.13</uncertainty>
    </time>
    <latitude>
      <value>53.2391</value>
      <uncertainty>4.1</uncertainty>
    </latitude>
    <longitude>
      <value>-3.7447</value>
      <uncertainty>2.6</uncertainty>
    </longitude>
    <depth>
      <value>10000</value>
    </depth>
    <depthType>from location</depthType>
    <methodID>smi:eu.emsc-csem/origin_method/NA</methodID>
    <quality>
      <usedPhaseCount>101</usedPhaseCount>
      <usedStationCount>81</usedStationCount>
      <standardError>1.07</standardError>
      <azimuthalGap>31</azimuthalGap>
      <minimumDistance>0.27</minimumDistance>
      <maximumDistance>10.96</maximumDistance>
    </quality>
    <evaluationMode>manual</evaluationMode>
    <creationInfo>
      <agencyURI>smi:smi-registry/organization/EMSC</agencyURI>
      <authorURI>smi:smi-registry/organization/EMSC</authorURI>
    </creationInfo>
    <originUncertainty>
      <azimuthMaxHorizontalUncertainty>77</azimuthMaxHorizontalUncertainty>
    </originUncertainty>
  </origin>
  <magnitude publicID="quakeml:eu.emsc/event/20050214_0000030/origin/1286257/mag/1">
    <mag>
      <value>3.7</value>
      <uncertainty>0.1</uncertainty>
    </mag>
    <type>ML</type>
    <originID>quakeml:eu.emsc/event/20050214_0000030/origin/1286257</originID>
    <stationCount>8</stationCount>
    <creationInfo>
      <agencyURI>smi:smi-registry/organization/EMSC</agencyURI>
      <authorURI>smi:smi-registry/organization/EMSC</authorURI>
    </creationInfo>
  </magnitude>
</event>
<event publicID="quakeml:eu.emsc/event/20050214_0000029">
  <preferredOriginID>quakeml:eu.emsc/event/20050214_0000029/origin/CN310</preferredOriginID>
  <preferredMagnitudeID>quakeml:eu.emsc/event/20050214_0000029/origin/CN310/mag/1</preferredMagnitudeID>
  <creationInfo>
    <agencyURI>smi:smi-registry/organization/EMSC</agencyURI>
    <authorURI>smi:smi-registry/organization/ROM</authorURI>
    <creationTime>2014-12-01T15:38:13.691657Z</creationTime>
  </creationInfo>
  <description>
    <text>NORTHERN ITALY</text>
    <type>Flinn-Engdahl region</type>
  </description>
  <origin publicID="quakeml:eu.emsc/event/20050214_0000029/origin/CN310">
    <time>
      <value>2005-02-14T18:16:05.0Z</value>
    </time>
    <latitude>
      <value>45.05</value>
    </latitude>
    <longitude>
      <value>9.69</value>
    </longitude>
    <depth>
      <value>309000.0</value>
    </depth>
    <depthType>from location</depthType>
    <methodID>smi:eu.emsc-csem/origin_method/GEIGER</methodID>
    <quality>
      <usedPhaseCount>15</usedPhaseCount>
      <usedStationCount>15</usedStationCount>
      <azimuthalGap>110</azimuthalGap>
      <minimumDistance>0.33</minimumDistance>
      <maximumDistance>2.95</maximumDistance>
    </quality>
    <evaluationMode>automatic</evaluationMode>
    <creationInfo>
      <agencyURI>smi:smi-registry/organization/EMSC</agencyURI>
      <authorURI>smi:smi-registry/organization/ROM</authorURI>
    </creationInfo>
  </origin>
  <magnitude publicID="quakeml:eu.emsc/event/20050214_0000029/origin/CN310/mag/1">
    <mag>
      <value>3.1</value>
    </mag>
    <type>ml</type>
    <originID>quakeml:eu.emsc/event/20050214_0000029/origin/CN310</originID>
    <creationInfo>
      <agencyURI>smi:smi-registry/organization/EMSC</agencyURI>
      <authorURI>smi:smi-registry/organization/ROM</authorURI>
    </creationInfo>
  </magnitude>
</event>
<event publicID="quakeml:eu.emsc/event/20050214_0000028">
  <preferredOriginID>quakeml:eu.emsc/event/20050214_0000028/origin/CN261</preferredOriginID>
  <preferredMagnitudeID>quakeml:eu.emsc/event/20050214_0000028/origin/CN261/mag/1</preferredMagnitudeID>
  <creationInfo>
    <agencyURI>smi:smi-registry/organization/EMSC</agencyURI>
    <authorURI>smi:smi-registry/organization/EMSC</authorURI>
    <creationTime>2014-12-01T14:19:42.944488Z</creationTime>
  </creationInfo>
  <description>
    <text>GUADELOUPE REGION, LEEWARD ISL.</text>
    <type>Flinn-Engdahl region</type>
  </description>
  <origin publicID="quakeml:eu.emsc/event/20050214_0000028/origin/CN261">
    <time>
      <value>2005-02-14T18:05:57.5Z</value>
      <uncertainty>0.15</uncertainty>
    </time>
    <latitude>
      <value>15.74</value>
    </latitude>
    <longitude>
      <value>-61.73</value>
    </longitude>
    <depth>
      <value>10000.0</value>
    </depth>
    <depthType>from location</depthType>
    <methodID>smi:eu.emsc-csem/origin_method/NA</methodID>
    <quality>
      <usedPhaseCount>231</usedPhaseCount>
      <usedStationCount>227</usedStationCount>
      <standardError>0.91</standardError>
      <azimuthalGap>88</azimuthalGap>
      <minimumDistance>4.84</minimumDistance>
      <maximumDistance>164.13</maximumDistance>
    </quality>
    <evaluationMode>automatic</evaluationMode>
    <creationInfo>
      <agencyURI>smi:smi-registry/organization/EMSC</agencyURI>
      <authorURI>smi:smi-registry/organization/EMSC</authorURI>
    </creationInfo>
  </origin>
  <magnitude publicID="quakeml:eu.emsc/event/20050214_0000028/origin/CN261/mag/1">
    <mag>
      <value>5.7</value>
      <uncertainty>0.4</uncertainty>
    </mag>
    <type>mb</type>
    <originID>quakeml:eu.emsc/event/20050214_0000028/origin/CN261</originID>
    <creationInfo>
      <agencyURI>smi:smi-registry/organization/EMSC</agencyURI>
      <authorURI>smi:smi-registry/organization/EMSC</authorURI>
    </creationInfo>
  </magnitude>
</event>
<event publicID="quakeml:eu.emsc/event/20050214_0000027">
  <preferredOriginID>quakeml:eu.emsc/event/20050214_0000027/origin/1287324</preferredOriginID>
  <preferredMagnitudeID>quakeml:eu.emsc/event/20050214_0000027/origin/1287324/mag/2</preferredMagnitudeID>
  <creationInfo>
    <agencyURI>smi:smi-registry/organization/EMSC</agencyURI>
    <authorURI>smi:smi-registry/organization/EMSC</authorURI>
    <creationTime>2014-12-03T14:01:54.984323Z</creationTime>
  </creationInfo>
  <description>
    <text>EASTERN TURKEY</text>
    <type>Flinn-Engdahl region</type>
  </description>
  <origin publicID="quakeml:eu.emsc/event/20050214_0000027/origin/1287324">
    <time>
      <value>2005-02-14T18:00:28.1Z</value>
      <uncertainty>0.24</uncertainty>
    </time>
    <latitude>
      <value>40.1806</value>
      <uncertainty>8.2</uncertainty>
    </latitude>
    <longitude>
      <value>41.9553</value>
      <uncertainty>5.5</uncertainty>
    </longitude>
    <depth>
      <value>2000</value>
    </depth>
    <depthType>from location</depthType>
    <methodID>smi:eu.emsc-csem/origin_method/NA</methodID>
    <quality>
      <usedPhaseCount>18</usedPhaseCount>
      <usedStationCount>16</usedStationCount>
      <standardError>0.82</standardError>
      <azimuthalGap>69</azimuthalGap>
      <minimumDistance>0.62</minimumDistance>
      <maximumDistance>2.65</maximumDistance>
    </quality>
    <evaluationMode>manual</evaluationMode>
    <creationInfo>
      <agencyURI>smi:smi-registry/organization/EMSC</agencyURI>
      <authorURI>smi:smi-registry/organization/EMSC</authorURI>
    </creationInfo>
    <originUncertainty>
      <azimuthMaxHorizontalUncertainty>150</azimuthMaxHorizontalUncertainty>
    </originUncertainty>
  </origin>
  <magnitude publicID="quakeml:eu.emsc/event/20050214_0000027/origin/1287324/mag/2">
    <mag>
      <value>3.6</value>
    </mag>
    <type>MD</type>
    <originID>quakeml:eu.emsc/event/20050214_0000027/origin/1287324</originID>
    <creationInfo>
      <agencyURI>smi:smi-registry/organization/EMSC</agencyURI>
      <authorURI>smi:smi-registry/organization/EMSC</authorURI>
    </creationInfo>
  </magnitude>
</event>
<event publicID="quakeml:eu.emsc/event/20050214_0000026">
  <preferredOriginID>quakeml:eu.emsc/event/20050214_0000026/origin/CO746</preferredOriginID>
  <preferredMagnitudeID>quakeml:eu.emsc/event/20050214_0000026/origin/CO746/mag/1</preferredMagnitudeID>
  <creationInfo>
    <agencyURI>smi:smi-registry/organization/EMSC</agencyURI>
    <authorURI>smi:smi-registry/organization/EMSC</authorURI>
    <creationTime>2014-12-01T13:15:47.236Z</creationTime>
  </creationInfo>
  <description>
    <text>NIAS REGION, INDONESIA</text>
    <type>Flinn-Engdahl region</type>
  </description>
  <origin publicID="quakeml:eu.emsc/event/20050214_0000026/origin/CO746">
    <time>
      <value>2005-02-14T17:06:53.1Z</value>
      <uncertainty>0.10</uncertainty>
    </time>
    <latitude>
      <value>0.68</value>
    </latitude>
    <longitude>
      <value>98.69</value>
    </longitude>
    <depth>
      <value>33000.0</value>
    </depth>
    <depthType>from location</depthType>
    <methodID>smi:eu.emsc-csem/origin_method/NA</methodID>
    <quality>
      <usedPhaseCount>334</usedPhaseCount>
      <usedStationCount>263</usedStationCount>
      <standardError>0.71</standardError>
      <azimuthalGap>203</azimuthalGap>
      <minimumDistance>19.09</minimumDistance>
      <maximumDistance>160.17</maximumDistance>
    </quality>
    <evaluationMode>automatic</evaluationMode>
    <creationInfo>
      <agencyURI>smi:smi-registry/organization/EMSC</agencyURI>
      <authorURI>smi:smi-registry/organization/EMSC</authorURI>
    </creationInfo>
  </origin>
  <magnitude publicID="quakeml:eu.emsc/event/20050214_0000026/origin/CO746/mag/1">
    <mag>
      <value>6.2</value>
      <uncertainty>0.4</uncertainty>
    </mag>
    <type>mb</type>
    <originID>quakeml:eu.emsc/event/20050214_0000026/origin/CO746</originID>
    <stationCount>79</stationCount>
    <creationInfo>
      <agencyURI>smi:smi-registry/organization/EMSC</agencyURI>
      <authorURI>smi:smi-registry/organization/EMSC</authorURI>
    </creationInfo>
  </magnitude>
</event>
<event publicID="quakeml:eu.emsc/event/20050214_0000050">
  <preferredOriginID>quakeml:eu.emsc/event/20050214_0000050/origin/1269129</preferredOriginID>
  <preferredMagnitudeID>quakeml:eu.emsc/event/20050214_0000050/origin/1269129/mag/2</preferredMagnitudeID>
  <creationInfo>
    <agencyURI>smi:smi-registry/organization/EMSC</agencyURI>
    <authorURI>smi:smi-registry/organization/EMSC</authorURI>
    <creationTime>2014-12-10T17:58:04.97544Z</creationTime>
  </creationInfo>
  <description>
    <text>SWITZERLAND</text>
    <type>Flinn-Engdahl region</type>
  </description>
  <origin publicID="quakeml:eu.emsc/event/20050214_0000050/origin/1269129">
    <time>
      <value>2005-02-14T13:22:05.1Z</value>
    </time>
    <latitude>
      <value>46.213</value>
      <uncertainty>9999.9</uncertainty>
    </latitude>
    <longitude>
      <value>7.486</value>
      <uncertainty>9999.9</uncertainty>
    </longitude>
    <depth>
      <value>2000</value>
    </depth>
    <depthType>from location</depthType>
    <methodID>smi:eu.emsc-csem/origin_method/NA</methodID>
    <quality>
      <usedPhaseCount>5</usedPhaseCount>
      <usedStationCount>4</usedStationCount>
      <standardError>0.19</standardError>
      <azimuthalGap>110</azimuthalGap>
      <minimumDistance>0.14</minimumDistance>
      <maximumDistance>0.37</maximumDistance>
    </quality>
    <evaluationMode>manual</evaluationMode>
    <creationInfo>
      <agencyURI>smi:smi-registry/organization/EMSC</agencyURI>
      <authorURI>smi:smi-registry/organization/EMSC</authorURI>
    </creationInfo>
    <originUncertainty>
      <azimuthMaxHorizontalUncertainty>-99</azimuthMaxHorizontalUncertainty>
    </originUncertainty>
  </origin>
  <magnitude publicID="quakeml:eu.emsc/event/20050214_0000050/origin/1269129/mag/2">
    <mag>
      <value>0.9</value>
    </mag>
    <type>ML</type>
    <originID>quakeml:eu.emsc/event/20050214_0000050/origin/1269129</originID>
    <stationCount>3</stationCount>
    <creationInfo>
      <agencyURI>smi:smi-registry/organization/EMSC</agencyURI>
      <authorURI>smi:smi-registry/organization/EMSC</authorURI>
    </creationInfo>
  </magnitude>
</event>
<event publicID="quakeml:eu.emsc/event/20050214_0000025">
  <preferredOriginID>quakeml:eu.emsc/event/20050214_0000025/origin/CO747</preferredOriginID>
  <preferredMagnitudeID>quakeml:eu.emsc/event/20050214_0000025/origin/CO747/mag/1</preferredMagnitudeID>
  <creationInfo>
    <agencyURI>smi:smi-registry/organization/EMSC</agencyURI>
    <authorURI>smi:smi-registry/organization/EMSC</authorURI>
    <creationTime>2014-12-01T13:40:53.19665Z</creationTime>
  </creationInfo>
  <description>
    <text>ANDAMAN ISLANDS, INDIA REGION</text>
    <type>Flinn-Engdahl region</type>
  </description>
  <origin publicID="quakeml:eu.emsc/event/20050214_0000025/origin/CO747">
    <time>
      <value>2005-02-14T13:21:54.7Z</value>
      <uncertainty>0.08</uncertainty>
    </time>
    <latitude>
      <value>14.88</value>
    </latitude>
    <longitude>
      <value>93.78</value>
    </longitude>
    <depth>
      <value>33000.0</value>
    </depth>
    <depthType>from location</depthType>
    <methodID>smi:eu.emsc-csem/origin_method/NA</methodID>
    <quality>
      <usedPhaseCount>84</usedPhaseCount>
      <usedStationCount>55</usedStationCount>
      <standardError>0.92</standardError>
      <azimuthalGap>88</azimuthalGap>
      <minimumDistance>21.05</minimumDistance>
      <maximumDistance>148.50</maximumDistance>
    </quality>
    <evaluationMode>automatic</evaluationMode>
    <creationInfo>
      <agencyURI>smi:smi-registry/organization/EMSC</agencyURI>
      <authorURI>smi:smi-registry/organization/EMSC</authorURI>
    </creationInfo>
  </origin>
  <magnitude publicID="quakeml:eu.emsc/event/20050214_0000025/origin/CO747/mag/1">
    <mag>
      <value>5.3</value>
      <uncertainty>0.4</uncertainty>
    </mag>
    <type>mb</type>
    <originID>quakeml:eu.emsc/event/20050214_0000025/origin/CO747</originID>
    <stationCount>57</stationCount>
    <creationInfo>
      <agencyURI>smi:smi-registry/organization/EMSC</agencyURI>
      <authorURI>smi:smi-registry/organization/EMSC</authorURI>
    </creationInfo>
  </magnitude>
</event>
<event publicID="quakeml:eu.emsc/event/20050214_0000041">
  <preferredOriginID>quakeml:eu.emsc/event/20050214_0000041/origin/1287326</preferredOriginID>
  <preferredMagnitudeID>quakeml:eu.emsc/event/20050214_0000041/origin/1287326/mag/2</preferredMagnitudeID>
  <creationInfo>
    <agencyURI>smi:smi-registry/organization/EMSC</agencyURI>
    <authorURI>smi:smi-registry/organization/EMSC</authorURI>
    <creationTime>2014-12-03T12:10:12.598776Z</creationTime>
  </creationInfo>
  <description>
    <text>MOROCCO</text>
    <type>Flinn-Engdahl region</type>
  </description>
  <origin publicID="quakeml:eu.emsc/event/20050214_0000041/origin/1287326">
    <time>
      <value>2005-02-14T13:20:18.3Z</value>
      <uncertainty>1.04</uncertainty>
    </time>
    <latitude>
      <value>34.0016</value>
      <uncertainty>19.6</uncertainty>
    </latitude>
    <longitude>
      <value>-5.5861</value>
      <uncertainty>6.3</uncertainty>
    </longitude>
    <depth>
      <value>10000</value>
    </depth>
    <depthType>from location</depthType>
    <methodID>smi:eu.emsc-csem/origin_method/NA</methodID>
    <quality>
      <usedPhaseCount>9</usedPhaseCount>
      <usedStationCount>5</usedStationCount>
      <standardError>0.59</standardError>
      <azimuthalGap>286</azimuthalGap>
      <minimumDistance>0.45</minimumDistance>
      <maximumDistance>1.17</maximumDistance>
    </quality>
    <evaluationMode>manual</evaluationMode>
    <creationInfo>
      <agencyURI>smi:smi-registry/organization/EMSC</agencyURI>
      <authorURI>smi:smi-registry/organization/EMSC</authorURI>
    </creationInfo>
    <originUncertainty>
      <azimuthMaxHorizontalUncertainty>117</azimuthMaxHorizontalUncertainty>
    </originUncertainty>
  </origin>
  <magnitude publicID="quakeml:eu.emsc/event/20050214_0000041/origin/1287326/mag/2">
    <mag>
      <value>3.2</value>
    </mag>
    <type>MD</type>
    <originID>quakeml:eu.emsc/event/20050214_0000041/origin/1287326</originID>
    <creationInfo>
      <agencyURI>smi:smi-registry/organization/EMSC</agencyURI>
      <authorURI>smi:smi-registry/organization/EMSC</authorURI>
    </creationInfo>
  </magnitude>
</event>
<event publicID="quakeml:eu.emsc/event/20050214_0000038">
  <preferredOriginID>quakeml:eu.emsc/event/20050214_0000038/origin/1269131</preferredOriginID>
  <preferredMagnitudeID>quakeml:eu.emsc/event/20050214_0000038/origin/1269131/mag/2</preferredMagnitudeID>
  <creationInfo>
    <agencyURI>smi:smi-registry/organization/EMSC</agencyURI>
    <authorURI>smi:smi-registry/organization/EMSC</authorURI>
    <creationTime>2014-12-10T17:58:04.483763Z</creationTime>
  </creationInfo>
  <description>
    <text>SWITZERLAND</text>
    <type>Flinn-Engdahl region</type>
  </description>
  <origin publicID="quakeml:eu.emsc/event/20050214_0000038/origin/1269131">
    <time>
      <value>2005-02-14T11:38:09.4Z</value>
    </time>
    <latitude>
      <value>46.134</value>
      <uncertainty>9999.9</uncertainty>
    </latitude>
    <longitude>
      <value>7.018</value>
      <uncertainty>9999.9</uncertainty>
    </longitude>
    <depth>
      <value>3900.0</value>
    </depth>
    <depthType>from location</depthType>
    <methodID>smi:eu.emsc-csem/origin_method/NA</methodID>
    <quality>
      <usedPhaseCount>6</usedPhaseCount>
      <usedStationCount>4</usedStationCount>
      <standardError>0.42</standardError>
      <azimuthalGap>128</azimuthalGap>
      <minimumDistance>0.03</minimumDistance>
      <maximumDistance>0.28</maximumDistance>
    </quality>
    <evaluationMode>manual</evaluationMode>
    <creationInfo>
      <agencyURI>smi:smi-registry/organization/EMSC</agencyURI>
      <authorURI>smi:smi-registry/organization/EMSC</authorURI>
    </creationInfo>
    <originUncertainty>
      <azimuthMaxHorizontalUncertainty>-99</azimuthMaxHorizontalUncertainty>
    </originUncertainty>
  </origin>
  <magnitude publicID="quakeml:eu.emsc/event/20050214_0000038/origin/1269131/mag/2">
    <mag>
      <value>0.6</value>
    </mag>
    <type>ML</type>
    <originID>quakeml:eu.emsc/event/20050214_0000038/origin/1269131</originID>
    <stationCount>2</stationCount>
    <creationInfo>
      <agencyURI>smi:smi-registry/organization/EMSC</agencyURI>
      <authorURI>smi:smi-registry/organization/EMSC</authorURI>
    </creationInfo>
  </magnitude>
</event>
<event publicID="quakeml:eu.emsc/event/20050214_0000024">
  <preferredOriginID>quakeml:eu.emsc/event/20050214_0000024/origin/1269133</preferredOriginID>
  <preferredMagnitudeID>quakeml:eu.emsc/event/20050214_0000024/origin/1269133/mag/2</preferredMagnitudeID>
  <creationInfo>
    <agencyURI>smi:smi-registry/organization/EMSC</agencyURI>
    <authorURI>smi:smi-registry/organization/EMSC</authorURI>
    <creationTime>2014-12-11T07:35:00.554007Z</creationTime>
  </creationInfo>
  <description>
    <text>EASTERN TURKEY</text>
    <type>Flinn-Engdahl region</type>
  </description>
  <origin publicID="quakeml:eu.emsc/event/20050214_0000024/origin/1269133">
    <time>
      <value>2005-02-14T09:59:01.4Z</value>
    </time>
    <latitude>
      <value>40.653</value>
      <uncertainty>9999.9</uncertainty>
    </latitude>
    <longitude>
      <value>39.276</value>
      <uncertainty>9999.9</uncertainty>
    </longitude>
    <depth>
      <value>4000</value>
    </depth>
    <depthType>from location</depthType>
    <methodID>smi:eu.emsc-csem/origin_method/NA</methodID>
    <quality>
      <usedPhaseCount>9</usedPhaseCount>
      <usedStationCount>8</usedStationCount>
      <standardError>1.4</standardError>
      <azimuthalGap>229</azimuthalGap>
      <minimumDistance>0.25</minimumDistance>
      <maximumDistance>2.42</maximumDistance>
    </quality>
    <evaluationMode>manual</evaluationMode>
    <creationInfo>
      <agencyURI>smi:smi-registry/organization/EMSC</agencyURI>
      <authorURI>smi:smi-registry/organization/EMSC</authorURI>
    </creationInfo>
    <originUncertainty>
      <azimuthMaxHorizontalUncertainty>-99</azimuthMaxHorizontalUncertainty>
    </originUncertainty>
  </origin>
  <magnitude publicID="quakeml:eu.emsc/event/20050214_0000024/origin/1269133/mag/2">
    <mag>
      <value>3.1</value>
    </mag>
    <type>MD</type>
    <originID>quakeml:eu.emsc/event/20050214_0000024/origin/1269133</originID>
    <creationInfo>
      <agencyURI>smi:smi-registry/organization/EMSC</agencyURI>
      <authorURI>smi:smi-registry/organization/EMSC</authorURI>
    </creationInfo>
  </magnitude>
</event>
<event publicID="quakeml:eu.emsc/event/20050214_0000055">
  <preferredOriginID>quakeml:eu.emsc/event/20050214_0000055/origin/1269135</preferredOriginID>
  <preferredMagnitudeID>quakeml:eu.emsc/event/20050214_0000055/origin/1269135/mag/2</preferredMagnitudeID>
  <creationInfo>
    <agencyURI>smi:smi-registry/organization/EMSC</agencyURI>
    <authorURI>smi:smi-registry/organization/EMSC</authorURI>
    <creationTime>2014-12-11T07:34:57.322383Z</creationTime>
  </creationInfo>
  <description>
    <text>SOUTHERN IRAN</text>
    <type>Flinn-Engdahl region</type>
  </description>
  <origin publicID="quakeml:eu.emsc/event/20050214_0000055/origin/1269135">
    <time>
      <value>2005-02-14T09:51:14.1Z</value>
    </time>
    <latitude>
      <value>30.66</value>
      <uncertainty>9999.9</uncertainty>
    </latitude>
    <longitude>
      <value>50.746</value>
      <uncertainty>9999.9</uncertainty>
    </longitude>
    <depth>
      <value>17900.0</value>
    </depth>
    <depthType>from location</depthType>
    <methodID>smi:eu.emsc-csem/origin_method/NA</methodID>
    <quality>
      <usedPhaseCount>7</usedPhaseCount>
      <usedStationCount>6</usedStationCount>
      <standardError>2.3</standardError>
      <azimuthalGap>171</azimuthalGap>
      <minimumDistance>2.2</minimumDistance>
      <maximumDistance>5.26</maximumDistance>
    </quality>
    <evaluationMode>manual</evaluationMode>
    <creationInfo>
      <agencyURI>smi:smi-registry/organization/EMSC</agencyURI>
      <authorURI>smi:smi-registry/organization/EMSC</authorURI>
    </creationInfo>
    <originUncertainty>
      <azimuthMaxHorizontalUncertainty>-99</azimuthMaxHorizontalUncertainty>
    </originUncertainty>
  </origin>
  <magnitude publicID="quakeml:eu.emsc/event/20050214_0000055/origin/1269135/mag/2">
    <mag>
      <value>3</value>
    </mag>
    <type>ML</type>
    <originID>quakeml:eu.emsc/event/20050214_0000055/origin/1269135</originID>
    <creationInfo>
      <agencyURI>smi:smi-registry/organization/EMSC</agencyURI>
      <authorURI>smi:smi-registry/organization/EMSC</authorURI>
    </creationInfo>
  </magnitude>
</event>
<event publicID="quakeml:eu.emsc/event/20050214_0000046">
  <preferredOriginID>quakeml:eu.emsc/event/20050214_0000046/origin/1269137</preferredOriginID>
  <preferredMagnitudeID>quakeml:eu.emsc/event/20050214_0000046/origin/1269137/mag/2</preferredMagnitudeID>
  <creationInfo>
    <agencyURI>smi:smi-registry/organization/EMSC</agencyURI>
    <authorURI>smi:smi-registry/organization/EMSC</authorURI>
    <creationTime>2014-12-11T07:34:54.457599Z</creationTime>
  </creationInfo>
  <description>
    <text>GREECE</text>
    <type>Flinn-Engdahl region</type>
  </description>
  <origin publicID="quakeml:eu.emsc/event/20050214_0000046/origin/1269137">
    <time>
      <value>2005-02-14T09:42:42.8Z</value>
    </time>
    <latitude>
      <value>38.13</value>
      <uncertainty>9999.9</uncertainty>
    </latitude>
    <longitude>
      <value>20.16</value>
      <uncertainty>9999.9</uncertainty>
    </longitude>
    <depth>
      <value>2000</value>
    </depth>
    <depthType>from location</depthType>
    <methodID>smi:eu.emsc-csem/origin_method/NA</methodID>
    <quality>
      <usedPhaseCount>5</usedPhaseCount>
      <usedStationCount>5</usedStationCount>
      <standardError>0.86</standardError>
      <azimuthalGap>226</azimuthalGap>
      <minimumDistance>0.34</minimumDistance>
      <maximumDistance>1.69</maximumDistance>
    </quality>
    <evaluationMode>manual</evaluationMode>
    <creationInfo>
      <agencyURI>smi:smi-registry/organization/EMSC</agencyURI>
      <authorURI>smi:smi-registry/organization/EMSC</authorURI>
    </creationInfo>
    <originUncertainty>
      <azimuthMaxHorizontalUncertainty>-99</azimuthMaxHorizontalUncertainty>
    </originUncertainty>
  </origin>
  <magnitude publicID="quakeml:eu.emsc/event/20050214_0000046/origin/1269137/mag/2">
    <mag>
      <value>3.5</value>
    </mag>
    <type>MD</type>
    <originID>quakeml:eu.emsc/event/20050214_0000046/origin/1269137</originID>
    <creationInfo>
      <agencyURI>smi:smi-registry/organization/EMSC</agencyURI>
      <authorURI>smi:smi-registry/organization/EMSC</authorURI>
    </creationInfo>
  </magnitude>
</event>
<event publicID="quakeml:eu.emsc/event/20050214_0000043">
  <preferredOriginID>quakeml:eu.emsc/event/20050214_0000043/origin/1287329</preferredOriginID>
  <preferredMagnitudeID>quakeml:eu.emsc/event/20050214_0000043/origin/1287329/mag/2</preferredMagnitudeID>
  <creationInfo>
    <agencyURI>smi:smi-registry/organization/EMSC</agencyURI>
    <authorURI>smi:smi-registry/organization/EMSC</authorURI>
    <creationTime>2014-12-03T12:01:59.276126Z</creationTime>
  </creationInfo>
  <description>
    <text>SERBIA</text>
    <type>Flinn-Engdahl region</type>
  </description>
  <origin publicID="quakeml:eu.emsc/event/20050214_0000043/origin/1287329">
    <time>
      <value>2005-02-14T09:02:13.8Z</value>
      <uncertainty>0.19</uncertainty>
    </time>
    <latitude>
      <value>43.0882</value>
      <uncertainty>5.3</uncertainty>
    </latitude>
    <longitude>
      <value>20.6613</value>
      <uncertainty>3.1</uncertainty>
    </longitude>
    <depth>
      <value>2000</value>
    </depth>
    <depthType>from location</depthType>
    <methodID>smi:eu.emsc-csem/origin_method/NA</methodID>
    <quality>
      <usedPhaseCount>22</usedPhaseCount>
      <usedStationCount>15</usedStationCount>
      <standardError>0.71</standardError>
      <azimuthalGap>139</azimuthalGap>
      <minimumDistance>0.82</minimumDistance>
      <maximumDistance>4.25</maximumDistance>
    </quality>
    <evaluationMode>manual</evaluationMode>
    <creationInfo>
      <agencyURI>smi:smi-registry/organization/EMSC</agencyURI>
      <authorURI>smi:smi-registry/organization/EMSC</authorURI>
    </creationInfo>
    <originUncertainty>
      <azimuthMaxHorizontalUncertainty>58</azimuthMaxHorizontalUncertainty>
    </originUncertainty>
  </origin>
  <magnitude publicID="quakeml:eu.emsc/event/20050214_0000043/origin/1287329/mag/2">
    <mag>
      <value>2.8</value>
    </mag>
    <type>MD</type>
    <originID>quakeml:eu.emsc/event/20050214_0000043/origin/1287329</originID>
    <creationInfo>
      <agencyURI>smi:smi-registry/organization/EMSC</agencyURI>
      <authorURI>smi:smi-registry/organization/EMSC</authorURI>
    </creationInfo>
  </magnitude>
</event>
<event publicID="quakeml:eu.emsc/event/20050214_0000054">
  <preferredOriginID>quakeml:eu.emsc/event/20050214_0000054/origin/1287332</preferredOriginID>
  <preferredMagnitudeID>quakeml:eu.emsc/event/20050214_0000054/origin/1287332/mag/2</preferredMagnitudeID>
  <creationInfo>
    <agencyURI>smi:smi-registry/organization/EMSC</agencyURI>
    <authorURI>smi:smi-registry/organization/EMSC</authorURI>
    <creationTime>2014-12-03T11:29:04.516485Z</creationTime>
  </creationInfo>
  <description>
    <text>GREECE</text>
    <type>Flinn-Engdahl region</type>
  </description>
  <origin publicID="quakeml:eu.emsc/event/20050214_0000054/origin/1287332">
    <time>
      <value>2005-02-14T08:11:26.0Z</value>
      <uncertainty>0.22</uncertainty>
    </time>
    <latitude>
      <value>40.5458</value>
      <uncertainty>4.7</uncertainty>
    </latitude>
    <longitude>
      <value>23.9131</value>
      <uncertainty>3.7</uncertainty>
    </longitude>
    <depth>
      <value>15000</value>
    </depth>
    <depthType>from location</depthType>
    <methodID>smi:eu.emsc-csem/origin_method/NA</methodID>
    <quality>
      <usedPhaseCount>18</usedPhaseCount>
      <usedStationCount>12</usedStationCount>
      <standardError>0.8</standardError>
      <azimuthalGap>120</azimuthalGap>
      <minimumDistance>0.22</minimumDistance>
      <maximumDistance>2.01</maximumDistance>
    </quality>
    <evaluationMode>manual</evaluationMode>
    <creationInfo>
      <agencyURI>smi:smi-registry/organization/EMSC</agencyURI>
      <authorURI>smi:smi-registry/organization/EMSC</authorURI>
    </creationInfo>
    <originUncertainty>
      <azimuthMaxHorizontalUncertainty>120</azimuthMaxHorizontalUncertainty>
    </originUncertainty>
  </origin>
  <magnitude publicID="quakeml:eu.emsc/event/20050214_0000054/origin/1287332/mag/2">
    <mag>
      <value>2.6</value>
    </mag>
    <type>ML</type>
    <originID>quakeml:eu.emsc/event/20050214_0000054/origin/1287332</originID>
    <creationInfo>
      <agencyURI>smi:smi-registry/organization/EMSC</agencyURI>
      <authorURI>smi:smi-registry/organization/EMSC</authorURI>
    </creationInfo>
  </magnitude>
</event>
<event publicID="quakeml:eu.emsc/event/20050214_0000023">
  <preferredOriginID>quakeml:eu.emsc/event/20050214_0000023/origin/1287338</preferredOriginID>
  <preferredMagnitudeID>quakeml:eu.emsc/event/20050214_0000023/origin/1287338/mag/1</preferredMagnitudeID>
  <creationInfo>
    <agencyURI>smi:smi-registry/organization/EMSC</agencyURI>
    <authorURI>smi:smi-registry/organization/EMSC</authorURI>
    <creationTime>2014-12-03T13:56:33.279845Z</creationTime>
  </creationInfo>
  <description>
    <text>SPAIN</text>
    <type>Flinn-Engdahl region</type>
  </description>
  <origin publicID="quakeml:eu.emsc/event/20050214_0000023/origin/1287338">
    <time>
      <value>2005-02-14T08:04:36.2Z</value>
      <uncertainty>0.18</uncertainty>
    </time>
    <latitude>
      <value>37.5272</value>
      <uncertainty>4.6</uncertainty>
    </latitude>
    <longitude>
      <value>-3.3858</value>
      <uncertainty>3.2</uncertainty>
    </longitude>
    <depth>
      <value>15000</value>
    </depth>
    <depthType>from location</depthType>
    <methodID>smi:eu.emsc-csem/origin_method/NA</methodID>
    <quality>
      <usedPhaseCount>92</usedPhaseCount>
      <usedStationCount>54</usedStationCount>
      <standardError>1.49</standardError>
      <azimuthalGap>40</azimuthalGap>
      <minimumDistance>0.29</minimumDistance>
      <maximumDistance>10.8</maximumDistance>
    </quality>
    <evaluationMode>manual</evaluationMode>
    <creationInfo>
      <agencyURI>smi:smi-registry/organization/EMSC</agencyURI>
      <authorURI>smi:smi-registry/organization/EMSC</authorURI>
    </creationInfo>
    <originUncertainty>
      <azimuthMaxHorizontalUncertainty>146</azimuthMaxHorizontalUncertainty>
    </originUncertainty>
  </origin>
  <magnitude publicID="quakeml:eu.emsc/event/20050214_0000023/origin/1287338/mag/1">
    <mag>
      <value>3.5</value>
      <uncertainty>0.3</uncertainty>
    </mag>
    <type>ML</type>
    <originID>quakeml:eu.emsc/event/20050214_0000023/origin/1287338</originID>
    <stationCount>17</stationCount>
    <creationInfo>
      <agencyURI>smi:smi-registry/organization/EMSC</agencyURI>
      <authorURI>smi:smi-registry/organization/EMSC</authorURI>
    </creationInfo>
  </magnitude>
</event>
<event publicID="quakeml:eu.emsc/event/20050214_0000021">
  <preferredOriginID>quakeml:eu.emsc/event/20050214_0000021/origin/1269139</preferredOriginID>
  <preferredMagnitudeID>quakeml:eu.emsc/event/20050214_0000021/origin/1269139/mag/2</preferredMagnitudeID>
  <creationInfo>
    <agencyURI>smi:smi-registry/organization/EMSC</agencyURI>
    <authorURI>smi:smi-registry/organization/EMSC</authorURI>
    <creationTime>2014-12-11T07:34:45.879735Z</creationTime>
  </creationInfo>
  <description>
    <text>AZORES ISLANDS REGION</text>
    <type>Flinn-Engdahl region</type>
  </description>
  <origin publicID="quakeml:eu.emsc/event/20050214_0000021/origin/1269139">
    <time>
      <value>2005-02-14T05:30:35.5Z</value>
    </time>
    <latitude>
      <value>41.537</value>
      <uncertainty>9999.9</uncertainty>
    </latitude>
    <longitude>
      <value>-29.119</value>
      <uncertainty>9999.9</uncertainty>
    </longitude>
    <depth>
      <value>5000</value>
    </depth>
    <depthType>from location</depthType>
    <methodID>smi:eu.emsc-csem/origin_method/NA</methodID>
    <quality>
      <usedPhaseCount>23</usedPhaseCount>
      <usedStationCount>18</usedStationCount>
      <standardError>5.97</standardError>
      <azimuthalGap>329</azimuthalGap>
      <minimumDistance>2.6</minimumDistance>
      <maximumDistance>4.61</maximumDistance>
    </quality>
    <evaluationMode>manual</evaluationMode>
    <creationInfo>
      <agencyURI>smi:smi-registry/organization/EMSC</agencyURI>
      <authorURI>smi:smi-registry/organization/EMSC</authorURI>
    </creationInfo>
    <originUncertainty>
      <azimuthMaxHorizontalUncertainty>-99</azimuthMaxHorizontalUncertainty>
    </originUncertainty>
  </origin>
  <magnitude publicID="quakeml:eu.emsc/event/20050214_0000021/origin/1269139/mag/2">
    <mag>
      <value>3.7</value>
    </mag>
    <type>ML</type>
    <originID>quakeml:eu.emsc/event/20050214_0000021/origin/1269139</originID>
    <creationInfo>
      <agencyURI>smi:smi-registry/organization/EMSC</agencyURI>
      <authorURI>smi:smi-registry/organization/EMSC</authorURI>
    </creationInfo>
  </magnitude>
</event>
<event publicID="quakeml:eu.emsc/event/20050214_0000036">
  <preferredOriginID>quakeml:eu.emsc/event/20050214_0000036/origin/1269141</preferredOriginID>
  <preferredMagnitudeID>quakeml:eu.emsc/event/20050214_0000036/origin/1269141/mag/2</preferredMagnitudeID>
  <creationInfo>
    <agencyURI>smi:smi-registry/organization/EMSC</agencyURI>
    <authorURI>smi:smi-registry/organization/EMSC</authorURI>
    <creationTime>2014-12-11T07:34:41.519145Z</creationTime>
  </creationInfo>
  <description>
    <text>AEGEAN SEA</text>
    <type>Flinn-Engdahl region</type>
  </description>
  <origin publicID="quakeml:eu.emsc/event/20050214_0000036/origin/1269141">
    <time>
      <value>2005-02-14T04:18:51.5Z</value>
    </time>
    <latitude>
      <value>39.794</value>
      <uncertainty>9999.9</uncertainty>
    </latitude>
    <longitude>
      <value>23.778</value>
      <uncertainty>9999.9</uncertainty>
    </longitude>
    <depth>
      <value>1000</value>
    </depth>
    <depthType>from location</depthType>
    <methodID>smi:eu.emsc-csem/origin_method/NA</methodID>
    <quality>
      <usedPhaseCount>10</usedPhaseCount>
      <usedStationCount>6</usedStationCount>
      <standardError>1.33</standardError>
      <azimuthalGap>210</azimuthalGap>
      <minimumDistance>0.56</minimumDistance>
      <maximumDistance>1.57</maximumDistance>
    </quality>
    <evaluationMode>manual</evaluationMode>
    <creationInfo>
      <agencyURI>smi:smi-registry/organization/EMSC</agencyURI>
      <authorURI>smi:smi-registry/organization/EMSC</authorURI>
    </creationInfo>
    <originUncertainty>
      <azimuthMaxHorizontalUncertainty>-99</azimuthMaxHorizontalUncertainty>
    </originUncertainty>
  </origin>
  <magnitude publicID="quakeml:eu.emsc/event/20050214_0000036/origin/1269141/mag/2">
    <mag>
      <value>2.5</value>
    </mag>
    <type>ML</type>
    <originID>quakeml:eu.emsc/event/20050214_0000036/origin/1269141</originID>
    <creationInfo>
      <agencyURI>smi:smi-registry/organization/EMSC</agencyURI>
      <authorURI>smi:smi-registry/organization/EMSC</authorURI>
    </creationInfo>
  </magnitude>
</event>
<event publicID="quakeml:eu.emsc/event/20050214_0000019">
  <preferredOriginID>quakeml:eu.emsc/event/20050214_0000019/origin/CN531</preferredOriginID>
  <preferredMagnitudeID>quakeml:eu.emsc/event/20050214_0000019/origin/CN531/mag/1</preferredMagnitudeID>
  <creationInfo>
    <agencyURI>smi:smi-registry/organization/EMSC</agencyURI>
    <authorURI>smi:smi-registry/organization/EMSC</authorURI>
    <creationTime>2014-12-01T13:54:06.68408Z</creationTime>
  </creationInfo>
  <description>
    <text>HINDU KUSH REGION, AFGHANISTAN</text>
    <type>Flinn-Engdahl region</type>
  </description>
  <origin publicID="quakeml:eu.emsc/event/20050214_0000019/origin/CN531">
    <time>
      <value>2005-02-14T03:43:15.6Z</value>
      <uncertainty>0.21</uncertainty>
    </time>
    <latitude>
      <value>34.29</value>
    </latitude>
    <longitude>
      <value>70.91</value>
    </longitude>
    <depth>
      <value>40000.0</value>
    </depth>
    <depthType>from location</depthType>
    <methodID>smi:eu.emsc-csem/origin_method/NA</methodID>
    <quality>
      <usedPhaseCount>14</usedPhaseCount>
      <usedStationCount>14</usedStationCount>
      <standardError>0.70</standardError>
      <azimuthalGap>239</azimuthalGap>
      <minimumDistance>8.80</minimumDistance>
      <maximumDistance>83.46</maximumDistance>
    </quality>
    <evaluationMode>automatic</evaluationMode>
    <creationInfo>
      <agencyURI>smi:smi-registry/organization/EMSC</agencyURI>
      <authorURI>smi:smi-registry/organization/EMSC</authorURI>
    </creationInfo>
  </origin>
  <magnitude publicID="quakeml:eu.emsc/event/20050214_0000019/origin/CN531/mag/1">
    <mag>
      <value>4.1</value>
      <uncertainty>0.6</uncertainty>
    </mag>
    <type>mb</type>
    <originID>quakeml:eu.emsc/event/20050214_0000019/origin/CN531</originID>
    <stationCount>2</stationCount>
    <creationInfo>
      <agencyURI>smi:smi-registry/organization/EMSC</agencyURI>
      <authorURI>smi:smi-registry/organization/EMSC</authorURI>
    </creationInfo>
  </magnitude>
</event>
<event publicID="quakeml:eu.emsc/event/20050214_0000039">
  <preferredOriginID>quakeml:eu.emsc/event/20050214_0000039/origin/1269143</preferredOriginID>
  <preferredMagnitudeID>quakeml:eu.emsc/event/20050214_0000039/origin/1269143/mag/2</preferredMagnitudeID>
  <creationInfo>
    <agencyURI>smi:smi-registry/organization/EMSC</agencyURI>
    <authorURI>smi:smi-registry/organization/EMSC</authorURI>
    <creationTime>2014-12-11T07:34:39.595166Z</creationTime>
  </creationInfo>
  <description>
    <text>SOUTHERN GREECE</text>
    <type>Flinn-Engdahl region</type>
  </description>
  <origin publicID="quakeml:eu.emsc/event/20050214_0000039/origin/1269143">
    <time>
      <value>2005-02-14T02:52:09.4Z</value>
    </time>
    <latitude>
      <value>37.8</value>
      <uncertainty>9999.9</uncertainty>
    </latitude>
    <longitude>
      <value>21.14</value>
      <uncertainty>9999.9</uncertainty>
    </longitude>
    <depth>
      <value>5000</value>
    </depth>
    <depthType>from location</depthType>
    <methodID>smi:eu.emsc-csem/origin_method/NA</methodID>
    <quality>
      <usedPhaseCount>10</usedPhaseCount>
      <usedStationCount>8</usedStationCount>
      <standardError>1.83</standardError>
      <azimuthalGap>176</azimuthalGap>
      <minimumDistance>0.36</minimumDistance>
      <maximumDistance>2.17</maximumDistance>
    </quality>
    <evaluationMode>manual</evaluationMode>
    <creationInfo>
      <agencyURI>smi:smi-registry/organization/EMSC</agencyURI>
      <authorURI>smi:smi-registry/organization/EMSC</authorURI>
    </creationInfo>
    <originUncertainty>
      <azimuthMaxHorizontalUncertainty>-99</azimuthMaxHorizontalUncertainty>
    </originUncertainty>
  </origin>
  <magnitude publicID="quakeml:eu.emsc/event/20050214_0000039/origin/1269143/mag/2">
    <mag>
      <value>3.4</value>
    </mag>
    <type>MD</type>
    <originID>quakeml:eu.emsc/event/20050214_0000039/origin/1269143</originID>
    <creationInfo>
      <agencyURI>smi:smi-registry/organization/EMSC</agencyURI>
      <authorURI>smi:smi-registry/organization/EMSC</authorURI>
    </creationInfo>
  </magnitude>
</event>
<event publicID="quakeml:eu.emsc/event/20050214_0000018">
  <preferredOriginID>quakeml:eu.emsc/event/20050214_0000018/origin/1287351</preferredOriginID>
  <preferredMagnitudeID>quakeml:eu.emsc/event/20050214_0000018/origin/1287351/mag/2</preferredMagnitudeID>
  <creationInfo>
    <agencyURI>smi:smi-registry/organization/EMSC</agencyURI>
    <authorURI>smi:smi-registry/organization/EMSC</authorURI>
    <creationTime>2014-12-03T13:59:48.453119Z</creationTime>
  </creationInfo>
  <description>
    <text>SOUTHERN IRAN</text>
    <type>Flinn-Engdahl region</type>
  </description>
  <origin publicID="quakeml:eu.emsc/event/20050214_0000018/origin/1287351">
    <time>
      <value>2005-02-14T02:05:10.1Z</value>
      <uncertainty>0.28</uncertainty>
    </time>
    <latitude>
      <value>30.0492</value>
      <uncertainty>10.9</uncertainty>
    </latitude>
    <longitude>
      <value>51.8421</value>
      <uncertainty>4.9</uncertainty>
    </longitude>
    <depth>
      <value>10000</value>
    </depth>
    <depthType>from location</depthType>
    <methodID>smi:eu.emsc-csem/origin_method/NA</methodID>
    <quality>
      <usedPhaseCount>27</usedPhaseCount>
      <usedStationCount>26</usedStationCount>
      <standardError>1.06</standardError>
      <azimuthalGap>158</azimuthalGap>
      <minimumDistance>0.72</minimumDistance>
      <maximumDistance>9.78</maximumDistance>
    </quality>
    <evaluationMode>manual</evaluationMode>
    <creationInfo>
      <agencyURI>smi:smi-registry/organization/EMSC</agencyURI>
      <authorURI>smi:smi-registry/organization/EMSC</authorURI>
    </creationInfo>
    <originUncertainty>
      <azimuthMaxHorizontalUncertainty>58</azimuthMaxHorizontalUncertainty>
    </originUncertainty>
  </origin>
  <magnitude publicID="quakeml:eu.emsc/event/20050214_0000018/origin/1287351/mag/2">
    <mag>
      <value>3.8</value>
    </mag>
    <type>ML</type>
    <originID>quakeml:eu.emsc/event/20050214_0000018/origin/1287351</originID>
    <creationInfo>
      <agencyURI>smi:smi-registry/organization/EMSC</agencyURI>
      <authorURI>smi:smi-registry/organization/EMSC</authorURI>
    </creationInfo>
  </magnitude>
</event>
<event publicID="quakeml:eu.emsc/event/20050214_0000056">
  <preferredOriginID>quakeml:eu.emsc/event/20050214_0000056/origin/1287354</preferredOriginID>
  <preferredMagnitudeID>quakeml:eu.emsc/event/20050214_0000056/origin/1287354/mag/2</preferredMagnitudeID>
  <creationInfo>
    <agencyURI>smi:smi-registry/organization/EMSC</agencyURI>
    <authorURI>smi:smi-registry/organization/EMSC</authorURI>
    <creationTime>2014-12-03T11:41:32.105208Z</creationTime>
  </creationInfo>
  <description>
    <text>BULGARIA</text>
    <type>Flinn-Engdahl region</type>
  </description>
  <origin publicID="quakeml:eu.emsc/event/20050214_0000056/origin/1287354">
    <time>
      <value>2005-02-14T01:28:14.7Z</value>
      <uncertainty>0.23</uncertainty>
    </time>
    <latitude>
      <value>41.9115</value>
      <uncertainty>4.4</uncertainty>
    </latitude>
    <longitude>
      <value>22.9225</value>
      <uncertainty>2.6</uncertainty>
    </longitude>
    <depth>
      <value>2000</value>
    </depth>
    <depthType>from location</depthType>
    <methodID>smi:eu.emsc-csem/origin_method/NA</methodID>
    <quality>
      <usedPhaseCount>18</usedPhaseCount>
      <usedStationCount>11</usedStationCount>
      <standardError>0.71</standardError>
      <azimuthalGap>174</azimuthalGap>
      <minimumDistance>0.13</minimumDistance>
      <maximumDistance>1.88</maximumDistance>
    </quality>
    <evaluationMode>manual</evaluationMode>
    <creationInfo>
      <agencyURI>smi:smi-registry/organization/EMSC</agencyURI>
      <authorURI>smi:smi-registry/organization/EMSC</authorURI>
    </creationInfo>
    <originUncertainty>
      <azimuthMaxHorizontalUncertainty>113</azimuthMaxHorizontalUncertainty>
    </originUncertainty>
  </origin>
  <magnitude publicID="quakeml:eu.emsc/event/20050214_0000056/origin/1287354/mag/2">
    <mag>
      <value>2.2</value>
    </mag>
    <type>MD</type>
    <originID>quakeml:eu.emsc/event/20050214_0000056/origin/1287354</originID>
    <creationInfo>
      <agencyURI>smi:smi-registry/organization/EMSC</agencyURI>
      <authorURI>smi:smi-registry/organization/EMSC</authorURI>
    </creationInfo>
  </magnitude>
</event>
<event publicID="quakeml:eu.emsc/event/20050214_0000057">
  <preferredOriginID>quakeml:eu.emsc/event/20050214_0000057/origin/1287357</preferredOriginID>
  <preferredMagnitudeID>quakeml:eu.emsc/event/20050214_0000057/origin/1287357/mag/2</preferredMagnitudeID>
  <creationInfo>
    <agencyURI>smi:smi-registry/organization/EMSC</agencyURI>
    <authorURI>smi:smi-registry/organization/EMSC</authorURI>
    <creationTime>2014-12-03T12:12:00.289628Z</creationTime>
  </creationInfo>
  <description>
    <text>BULGARIA</text>
    <type>Flinn-Engdahl region</type>
  </description>
  <origin publicID="quakeml:eu.emsc/event/20050214_0000057/origin/1287357">
    <time>
      <value>2005-02-14T00:55:08.0Z</value>
      <uncertainty>0.14</uncertainty>
    </time>
    <latitude>
      <value>41.9113</value>
      <uncertainty>3.2</uncertainty>
    </latitude>
    <longitude>
      <value>23.0091</value>
      <uncertainty>3</uncertainty>
    </longitude>
    <depth>
      <value>10000</value>
    </depth>
    <depthType>from location</depthType>
    <methodID>smi:eu.emsc-csem/origin_method/NA</methodID>
    <quality>
      <usedPhaseCount>46</usedPhaseCount>
      <usedStationCount>27</usedStationCount>
      <standardError>0.96</standardError>
      <azimuthalGap>45</azimuthalGap>
      <minimumDistance>0.07</minimumDistance>
      <maximumDistance>7.55</maximumDistance>
    </quality>
    <evaluationMode>manual</evaluationMode>
    <creationInfo>
      <agencyURI>smi:smi-registry/organization/EMSC</agencyURI>
      <authorURI>smi:smi-registry/organization/EMSC</authorURI>
    </creationInfo>
    <originUncertainty>
      <azimuthMaxHorizontalUncertainty>79</azimuthMaxHorizontalUncertainty>
    </originUncertainty>
  </origin>
  <magnitude publicID="quakeml:eu.emsc/event/20050214_0000057/origin/1287357/mag/2">
    <mag>
      <value>2.7</value>
    </mag>
    <type>MD</type>
    <originID>quakeml:eu.emsc/event/20050214_0000057/origin/1287357</originID>
    <creationInfo>
      <agencyURI>smi:smi-registry/organization/EMSC</agencyURI>
      <authorURI>smi:smi-registry/organization/EMSC</authorURI>
    </creationInfo>
  </magnitude>
</event>
<event publicID="quakeml:eu.emsc/event/20050214_0000049">
  <preferredOriginID>quakeml:eu.emsc/event/20050214_0000049/origin/1287359</preferredOriginID>
  <preferredMagnitudeID>quakeml:eu.emsc/event/20050214_0000049/origin/1287359/mag/2</preferredMagnitudeID>
  <creationInfo>
    <agencyURI>smi:smi-registry/organization/EMSC</agencyURI>
    <authorURI>smi:smi-registry/organization/EMSC</authorURI>
    <creationTime>2014-12-03T10:29:06.725947Z</creationTime>
  </creationInfo>
  <description>
    <text>BULGARIA</text>
    <type>Flinn-Engdahl region</type>
  </description>
  <origin publicID="quakeml:eu.emsc/event/20050214_0000049/origin/1287359">
    <time>
      <value>2005-02-14T00:48:29.5Z</value>
      <uncertainty>0.24</uncertainty>
    </time>
    <latitude>
      <value>41.9255</value>
      <uncertainty>6.3</uncertainty>
    </latitude>
    <longitude>
      <value>22.975</value>
      <uncertainty>2.8</uncertainty>
    </longitude>
    <depth>
      <value>10000</value>
    </depth>
    <depthType>from location</depthType>
    <methodID>smi:eu.emsc-csem/origin_method/NA</methodID>
    <quality>
      <usedPhaseCount>12</usedPhaseCount>
      <usedStationCount>7</usedStationCount>
      <standardError>0.72</standardError>
      <azimuthalGap>190</azimuthalGap>
      <minimumDistance>0.1</minimumDistance>
      <maximumDistance>1.85</maximumDistance>
    </quality>
    <evaluationMode>manual</evaluationMode>
    <creationInfo>
      <agencyURI>smi:smi-registry/organization/EMSC</agencyURI>
      <authorURI>smi:smi-registry/organization/EMSC</authorURI>
    </creationInfo>
    <originUncertainty>
      <azimuthMaxHorizontalUncertainty>41</azimuthMaxHorizontalUncertainty>
    </originUncertainty>
  </origin>
  <magnitude publicID="quakeml:eu.emsc/event/20050214_0000049/origin/1287359/mag/2">
    <mag>
      <value>2.5</value>
    </mag>
    <type>MD</type>
    <originID>quakeml:eu.emsc/event/20050214_0000049/origin/1287359</originID>
    <creationInfo>
      <agencyURI>smi:smi-registry/organization/EMSC</agencyURI>
      <authorURI>smi:smi-registry/organization/EMSC</authorURI>
    </creationInfo>
  </magnitude>
</event>
<event publicID="quakeml:eu.emsc/event/20050214_0000040">
  <preferredOriginID>quakeml:eu.emsc/event/20050214_0000040/origin/1287364</preferredOriginID>
  <preferredMagnitudeID>quakeml:eu.emsc/event/20050214_0000040/origin/1287364/mag/2</preferredMagnitudeID>
  <creationInfo>
    <agencyURI>smi:smi-registry/organization/EMSC</agencyURI>
    <authorURI>smi:smi-registry/organization/EMSC</authorURI>
    <creationTime>2014-12-03T11:13:41.44031Z</creationTime>
  </creationInfo>
  <description>
    <text>BULGARIA</text>
    <type>Flinn-Engdahl region</type>
  </description>
  <origin publicID="quakeml:eu.emsc/event/20050214_0000040/origin/1287364">
    <time>
      <value>2005-02-14T00:44:02.8Z</value>
      <uncertainty>0.13</uncertainty>
    </time>
    <latitude>
      <value>41.9135</value>
      <uncertainty>3.1</uncertainty>
    </latitude>
    <longitude>
      <value>23.0164</value>
      <uncertainty>2.6</uncertainty>
    </longitude>
    <depth>
      <value>8000</value>
    </depth>
    <depthType>from location</depthType>
    <methodID>smi:eu.emsc-csem/origin_method/NA</methodID>
    <quality>
      <usedPhaseCount>71</usedPhaseCount>
      <usedStationCount>46</usedStationCount>
      <standardError>1.11</standardError>
      <azimuthalGap>44</azimuthalGap>
      <minimumDistance>0.07</minimumDistance>
      <maximumDistance>10.07</maximumDistance>
    </quality>
    <evaluationMode>manual</evaluationMode>
    <creationInfo>
      <agencyURI>smi:smi-registry/organization/EMSC</agencyURI>
      <authorURI>smi:smi-registry/organization/EMSC</authorURI>
    </creationInfo>
    <originUncertainty>
      <azimuthMaxHorizontalUncertainty>60</azimuthMaxHorizontalUncertainty>
    </originUncertainty>
  </origin>
  <magnitude publicID="quakeml:eu.emsc/event/20050214_0000040/origin/1287364/mag/2">
    <mag>
      <value>3.6</value>
    </mag>
    <type>MD</type>
    <originID>quakeml:eu.emsc/event/20050214_0000040/origin/1287364</originID>
    <creationInfo>
      <agencyURI>smi:smi-registry/organization/EMSC</agencyURI>
      <authorURI>smi:smi-registry/organization/EMSC</authorURI>
    </creationInfo>
  </magnitude>
</event>
<event publicID="quakeml:eu.emsc/event/20050214_0000047">
  <preferredOriginID>quakeml:eu.emsc/event/20050214_0000047/origin/1287367</preferredOriginID>
  <preferredMagnitudeID>quakeml:eu.emsc/event/20050214_0000047/origin/1287367/mag/2</preferredMagnitudeID>
  <creationInfo>
    <agencyURI>smi:smi-registry/organization/EMSC</agencyURI>
    <authorURI>smi:smi-registry/organization/EMSC</authorURI>
    <creationTime>2014-12-03T11:00:32.754116Z</creationTime>
  </creationInfo>
  <description>
    <text>BULGARIA</text>
    <type>Flinn-Engdahl region</type>
  </description>
  <origin publicID="quakeml:eu.emsc/event/20050214_0000047/origin/1287367">
    <time>
      <value>2005-02-14T00:38:40.4Z</value>
      <uncertainty>0.15</uncertainty>
    </time>
    <latitude>
      <value>41.9199</value>
      <uncertainty>3</uncertainty>
    </latitude>
    <longitude>
      <value>22.9866</value>
      <uncertainty>2.6</uncertainty>
    </longitude>
    <depth>
      <value>15000</value>
    </depth>
    <depthType>from location</depthType>
    <methodID>smi:eu.emsc-csem/origin_method/NA</methodID>
    <quality>
      <usedPhaseCount>33</usedPhaseCount>
      <usedStationCount>17</usedStationCount>
      <standardError>0.88</standardError>
      <azimuthalGap>57</azimuthalGap>
      <minimumDistance>0.09</minimumDistance>
      <maximumDistance>2.56</maximumDistance>
    </quality>
    <evaluationMode>manual</evaluationMode>
    <creationInfo>
      <agencyURI>smi:smi-registry/organization/EMSC</agencyURI>
      <authorURI>smi:smi-registry/organization/EMSC</authorURI>
    </creationInfo>
    <originUncertainty>
      <azimuthMaxHorizontalUncertainty>121</azimuthMaxHorizontalUncertainty>
    </originUncertainty>
  </origin>
  <magnitude publicID="quakeml:eu.emsc/event/20050214_0000047/origin/1287367/mag/2">
    <mag>
      <value>2.7</value>
    </mag>
    <type>MD</type>
    <originID>quakeml:eu.emsc/event/20050214_0000047/origin/1287367</originID>
    <creationInfo>
      <agencyURI>smi:smi-registry/organization/EMSC</agencyURI>
      <authorURI>smi:smi-registry/organization/EMSC</authorURI>
    </creationInfo>
  </magnitude>
</event>
<event publicID="quakeml:eu.emsc/event/20050214_0000042">
  <preferredOriginID>quakeml:eu.emsc/event/20050214_0000042/origin/1287372</preferredOriginID>
  <preferredMagnitudeID>quakeml:eu.emsc/event/20050214_0000042/origin/1287372/mag/2</preferredMagnitudeID>
  <creationInfo>
    <agencyURI>smi:smi-registry/organization/EMSC</agencyURI>
    <authorURI>smi:smi-registry/organization/EMSC</authorURI>
    <creationTime>2014-12-03T10:24:40.587568Z</creationTime>
  </creationInfo>
  <description>
    <text>BULGARIA</text>
    <type>Flinn-Engdahl region</type>
  </description>
  <origin publicID="quakeml:eu.emsc/event/20050214_0000042/origin/1287372">
    <time>
      <value>2005-02-14T00:35:37.3Z</value>
      <uncertainty>0.12</uncertainty>
    </time>
    <latitude>
      <value>41.9166</value>
      <uncertainty>2.6</uncertainty>
    </latitude>
    <longitude>
      <value>23.0177</value>
      <uncertainty>2.4</uncertainty>
    </longitude>
    <depth>
      <value>12000</value>
    </depth>
    <depthType>from location</depthType>
    <methodID>smi:eu.emsc-csem/origin_method/NA</methodID>
    <quality>
      <usedPhaseCount>36</usedPhaseCount>
      <usedStationCount>22</usedStationCount>
      <standardError>0.82</standardError>
      <azimuthalGap>45</azimuthalGap>
      <minimumDistance>0.07</minimumDistance>
      <maximumDistance>2.72</maximumDistance>
    </quality>
    <evaluationMode>manual</evaluationMode>
    <creationInfo>
      <agencyURI>smi:smi-registry/organization/EMSC</agencyURI>
      <authorURI>smi:smi-registry/organization/EMSC</authorURI>
    </creationInfo>
    <originUncertainty>
      <azimuthMaxHorizontalUncertainty>82</azimuthMaxHorizontalUncertainty>
    </originUncertainty>
  </origin>
  <magnitude publicID="quakeml:eu.emsc/event/20050214_0000042/origin/1287372/mag/2">
    <mag>
      <value>3.1</value>
    </mag>
    <type>MD</type>
    <originID>quakeml:eu.emsc/event/20050214_0000042/origin/1287372</originID>
    <creationInfo>
      <agencyURI>smi:smi-registry/organization/EMSC</agencyURI>
      <authorURI>smi:smi-registry/organization/EMSC</authorURI>
    </creationInfo>
  </magnitude>
</event>
<event publicID="quakeml:eu.emsc/event/20050214_0000048">
  <preferredOriginID>quakeml:eu.emsc/event/20050214_0000048/origin/1269145</preferredOriginID>
  <preferredMagnitudeID>quakeml:eu.emsc/event/20050214_0000048/origin/1269145/mag/2</preferredMagnitudeID>
  <creationInfo>
    <agencyURI>smi:smi-registry/organization/EMSC</agencyURI>
    <authorURI>smi:smi-registry/organization/EMSC</authorURI>
    <creationTime>2014-12-10T17:58:03.982695Z</creationTime>
  </creationInfo>
  <description>
    <text>ENGLAND, UNITED KINGDOM</text>
    <type>Flinn-Engdahl region</type>
  </description>
  <origin publicID="quakeml:eu.emsc/event/20050214_0000048/origin/1269145">
    <time>
      <value>2005-02-14T00:19:15.9Z</value>
    </time>
    <latitude>
      <value>50.345</value>
      <uncertainty>9999.9</uncertainty>
    </latitude>
    <longitude>
      <value>-4.642</value>
      <uncertainty>9999.9</uncertainty>
    </longitude>
    <depth>
      <value>500.0</value>
    </depth>
    <depthType>from location</depthType>
    <methodID>smi:eu.emsc-csem/origin_method/NA</methodID>
    <quality>
      <usedPhaseCount>11</usedPhaseCount>
      <usedStationCount>8</usedStationCount>
      <standardError>0.26</standardError>
      <azimuthalGap>165</azimuthalGap>
      <minimumDistance>0.16</minimumDistance>
      <maximumDistance>0.63</maximumDistance>
    </quality>
    <evaluationMode>manual</evaluationMode>
    <creationInfo>
      <agencyURI>smi:smi-registry/organization/EMSC</agencyURI>
      <authorURI>smi:smi-registry/organization/EMSC</authorURI>
    </creationInfo>
    <originUncertainty>
      <azimuthMaxHorizontalUncertainty>-99</azimuthMaxHorizontalUncertainty>
    </originUncertainty>
  </origin>
  <magnitude publicID="quakeml:eu.emsc/event/20050214_0000048/origin/1269145/mag/2">
    <mag>
      <value>1.6</value>
    </mag>
    <type>ML</type>
    <originID>quakeml:eu.emsc/event/20050214_0000048/origin/1269145</originID>
    <creationInfo>
      <agencyURI>smi:smi-registry/organization/EMSC</agencyURI>
      <authorURI>smi:smi-registry/organization/EMSC</authorURI>
    </creationInfo>
  </magnitude>
</event>
</eventParameters>
</q:quakeml>
