<?xml version="1.0"?>
<q:quakeml xmlns:q="http://quakeml.org/xmlns/quakeml/1.2"  xmlns="http://quakeml.org/xmlns/bed/1.2">
<eventParameters publicID="smi:eu.emsc/unid">
<event publicID="quakeml:eu.emsc/event/20050419_0000062">
  <preferredOriginID>quakeml:eu.emsc/event/20050419_0000062/origin/1266751</preferredOriginID>
  <preferredMagnitudeID>quakeml:eu.emsc/event/20050419_0000062/origin/1266751/mag/2</preferredMagnitudeID>
  <creationInfo>
    <agencyURI>smi:smi-registry/organization/EMSC</agencyURI>
    <authorURI>smi:smi-registry/organization/EMSC</authorURI>
    <creationTime>2014-12-10T18:00:05.669189Z</creationTime>
  </creationInfo>
  <description>
    <text>FRANCE</text>
    <type>Flinn-Engdahl region</type>
  </description>
  <origin publicID="quakeml:eu.emsc/event/20050419_0000062/origin/1266751">
    <time>
      <value>2005-04-19T23:53:10.3Z</value>
    </time>
    <latitude>
      <value>44.502</value>
      <uncertainty>9999.9</uncertainty>
    </latitude>
    <longitude>
      <value>4.7151</value>
      <uncertainty>9999.9</uncertainty>
    </longitude>
    <depth>
      <value>12000</value>
    </depth>
    <depthType>from location</depthType>
    <methodID>smi:eu.emsc-csem/origin_method/NA</methodID>
    <quality>
      <usedPhaseCount>33</usedPhaseCount>
      <usedStationCount>15</usedStationCount>
      <standardError>1.75</standardError>
      <azimuthalGap>104</azimuthalGap>
      <minimumDistance>0.36</minimumDistance>
      <maximumDistance>2.7</maximumDistance>
    </quality>
    <evaluationMode>manual</evaluationMode>
    <creationInfo>
      <agencyURI>smi:smi-registry/organization/EMSC</agencyURI>
      <authorURI>smi:smi-registry/organization/EMSC</authorURI>
    </creationInfo>
    <originUncertainty>
      <azimuthMaxHorizontalUncertainty>-99</azimuthMaxHorizontalUncertainty>
    </originUncertainty>
  </origin>
  <magnitude publicID="quakeml:eu.emsc/event/20050419_0000062/origin/1266751/mag/2">
    <mag>
      <value>2</value>
      <uncertainty>0.2</uncertainty>
    </mag>
    <type>ML</type>
    <originID>quakeml:eu.emsc/event/20050419_0000062/origin/1266751</originID>
    <stationCount>12</stationCount>
    <creationInfo>
      <agencyURI>smi:smi-registry/organization/EMSC</agencyURI>
      <authorURI>smi:smi-registry/organization/EMSC</authorURI>
    </creationInfo>
  </magnitude>
</event>
<event publicID="quakeml:eu.emsc/event/20050419_0000039">
  <preferredOriginID>quakeml:eu.emsc/event/20050419_0000039/origin/1266753</preferredOriginID>
  <preferredMagnitudeID>quakeml:eu.emsc/event/20050419_0000039/origin/1266753/mag/2</preferredMagnitudeID>
  <creationInfo>
    <agencyURI>smi:smi-registry/organization/EMSC</agencyURI>
    <authorURI>smi:smi-registry/organization/EMSC</authorURI>
    <creationTime>2014-12-11T09:15:54.82139Z</creationTime>
  </creationInfo>
  <description>
    <text>SOUTHERN ITALY</text>
    <type>Flinn-Engdahl region</type>
  </description>
  <origin publicID="quakeml:eu.emsc/event/20050419_0000039/origin/1266753">
    <time>
      <value>2005-04-19T22:45:56.9Z</value>
    </time>
    <latitude>
      <value>41.705</value>
      <uncertainty>9999.9</uncertainty>
    </latitude>
    <longitude>
      <value>14.166</value>
      <uncertainty>9999.9</uncertainty>
    </longitude>
    <depth>
      <value>9900.0</value>
    </depth>
    <depthType>from location</depthType>
    <methodID>smi:eu.emsc-csem/origin_method/NA</methodID>
    <quality>
      <usedPhaseCount>25</usedPhaseCount>
      <usedStationCount>16</usedStationCount>
      <standardError>1.39</standardError>
      <azimuthalGap>97</azimuthalGap>
      <minimumDistance>0.01</minimumDistance>
      <maximumDistance>1.3</maximumDistance>
    </quality>
    <evaluationMode>manual</evaluationMode>
    <creationInfo>
      <agencyURI>smi:smi-registry/organization/EMSC</agencyURI>
      <authorURI>smi:smi-registry/organization/EMSC</authorURI>
    </creationInfo>
    <originUncertainty>
      <azimuthMaxHorizontalUncertainty>-99</azimuthMaxHorizontalUncertainty>
    </originUncertainty>
  </origin>
  <magnitude publicID="quakeml:eu.emsc/event/20050419_0000039/origin/1266753/mag/2">
    <mag>
      <value>2.4</value>
      <uncertainty>0.2</uncertainty>
    </mag>
    <type>MD</type>
    <originID>quakeml:eu.emsc/event/20050419_0000039/origin/1266753</originID>
    <stationCount>15</stationCount>
    <creationInfo>
      <agencyURI>smi:smi-registry/organization/EMSC</agencyURI>
      <authorURI>smi:smi-registry/organization/EMSC</authorURI>
    </creationInfo>
  </magnitude>
</event>
<event publicID="quakeml:eu.emsc/event/20050419_0000036">
  <preferredOriginID>quakeml:eu.emsc/event/20050419_0000036/origin/1281326</preferredOriginID>
  <preferredMagnitudeID>quakeml:eu.emsc/event/20050419_0000036/origin/1281326/mag/1</preferredMagnitudeID>
  <creationInfo>
    <agencyURI>smi:smi-registry/organization/EMSC</agencyURI>
    <authorURI>smi:smi-registry/organization/EMSC</authorURI>
    <creationTime>2014-12-03T13:37:48.267462Z</creationTime>
  </creationInfo>
  <description>
    <text>SICILY, ITALY</text>
    <type>Flinn-Engdahl region</type>
  </description>
  <origin publicID="quakeml:eu.emsc/event/20050419_0000036/origin/1281326">
    <time>
      <value>2005-04-19T22:36:24.2Z</value>
      <uncertainty>0.16</uncertainty>
    </time>
    <latitude>
      <value>38.1222</value>
      <uncertainty>4.1</uncertainty>
    </latitude>
    <longitude>
      <value>15.6212</value>
      <uncertainty>3.2</uncertainty>
    </longitude>
    <depth>
      <value>12000</value>
    </depth>
    <depthType>from location</depthType>
    <methodID>smi:eu.emsc-csem/origin_method/NA</methodID>
    <quality>
      <usedPhaseCount>25</usedPhaseCount>
      <usedStationCount>21</usedStationCount>
      <standardError>0.68</standardError>
      <azimuthalGap>56</azimuthalGap>
      <minimumDistance>0.1</minimumDistance>
      <maximumDistance>2.94</maximumDistance>
    </quality>
    <evaluationMode>manual</evaluationMode>
    <creationInfo>
      <agencyURI>smi:smi-registry/organization/EMSC</agencyURI>
      <authorURI>smi:smi-registry/organization/EMSC</authorURI>
    </creationInfo>
    <originUncertainty>
      <azimuthMaxHorizontalUncertainty>139</azimuthMaxHorizontalUncertainty>
    </originUncertainty>
  </origin>
  <magnitude publicID="quakeml:eu.emsc/event/20050419_0000036/origin/1281326/mag/1">
    <mag>
      <value>3.4</value>
      <uncertainty>0.5</uncertainty>
    </mag>
    <type>ML</type>
    <originID>quakeml:eu.emsc/event/20050419_0000036/origin/1281326</originID>
    <stationCount>4</stationCount>
    <creationInfo>
      <agencyURI>smi:smi-registry/organization/EMSC</agencyURI>
      <authorURI>smi:smi-registry/organization/EMSC</authorURI>
    </creationInfo>
  </magnitude>
</event>
<event publicID="quakeml:eu.emsc/event/20050419_0000052">
  <preferredOriginID>quakeml:eu.emsc/event/20050419_0000052/origin/1281329</preferredOriginID>
  <preferredMagnitudeID>quakeml:eu.emsc/event/20050419_0000052/origin/1281329/mag/2</preferredMagnitudeID>
  <creationInfo>
    <agencyURI>smi:smi-registry/organization/EMSC</agencyURI>
    <authorURI>smi:smi-registry/organization/EMSC</authorURI>
    <creationTime>2014-12-03T10:36:54.361666Z</creationTime>
  </creationInfo>
  <description>
    <text>SOUTHERN IRAN</text>
    <type>Flinn-Engdahl region</type>
  </description>
  <origin publicID="quakeml:eu.emsc/event/20050419_0000052/origin/1281329">
    <time>
      <value>2005-04-19T22:34:42.4Z</value>
      <uncertainty>0.27</uncertainty>
    </time>
    <latitude>
      <value>27.5235</value>
      <uncertainty>9.7</uncertainty>
    </latitude>
    <longitude>
      <value>55.4144</value>
      <uncertainty>6</uncertainty>
    </longitude>
    <depth>
      <value>2000</value>
    </depth>
    <depthType>from location</depthType>
    <methodID>smi:eu.emsc-csem/origin_method/NA</methodID>
    <quality>
      <usedPhaseCount>16</usedPhaseCount>
      <usedStationCount>15</usedStationCount>
      <standardError>0.85</standardError>
      <azimuthalGap>93</azimuthalGap>
      <minimumDistance>0.68</minimumDistance>
      <maximumDistance>10.31</maximumDistance>
    </quality>
    <evaluationMode>manual</evaluationMode>
    <creationInfo>
      <agencyURI>smi:smi-registry/organization/EMSC</agencyURI>
      <authorURI>smi:smi-registry/organization/EMSC</authorURI>
    </creationInfo>
    <originUncertainty>
      <azimuthMaxHorizontalUncertainty>47</azimuthMaxHorizontalUncertainty>
    </originUncertainty>
  </origin>
  <magnitude publicID="quakeml:eu.emsc/event/20050419_0000052/origin/1281329/mag/2">
    <mag>
      <value>3.5</value>
    </mag>
    <type>mb</type>
    <originID>quakeml:eu.emsc/event/20050419_0000052/origin/1281329</originID>
    <creationInfo>
      <agencyURI>smi:smi-registry/organization/EMSC</agencyURI>
      <authorURI>smi:smi-registry/organization/EMSC</authorURI>
    </creationInfo>
  </magnitude>
</event>
<event publicID="quakeml:eu.emsc/event/20050419_0000040">
  <preferredOriginID>quakeml:eu.emsc/event/20050419_0000040/origin/1266755</preferredOriginID>
  <preferredMagnitudeID>quakeml:eu.emsc/event/20050419_0000040/origin/1266755/mag/2</preferredMagnitudeID>
  <creationInfo>
    <agencyURI>smi:smi-registry/organization/EMSC</agencyURI>
    <authorURI>smi:smi-registry/organization/EMSC</authorURI>
    <creationTime>2014-12-11T09:15:42.732661Z</creationTime>
  </creationInfo>
  <description>
    <text>SOUTHERN ITALY</text>
    <type>Flinn-Engdahl region</type>
  </description>
  <origin publicID="quakeml:eu.emsc/event/20050419_0000040/origin/1266755">
    <time>
      <value>2005-04-19T22:00:30.9Z</value>
    </time>
    <latitude>
      <value>41.715</value>
      <uncertainty>9999.9</uncertainty>
    </latitude>
    <longitude>
      <value>14.164</value>
      <uncertainty>9999.9</uncertainty>
    </longitude>
    <depth>
      <value>8800.0</value>
    </depth>
    <depthType>from location</depthType>
    <methodID>smi:eu.emsc-csem/origin_method/NA</methodID>
    <quality>
      <usedPhaseCount>11</usedPhaseCount>
      <usedStationCount>6</usedStationCount>
      <standardError>1.46</standardError>
      <azimuthalGap>154</azimuthalGap>
      <minimumDistance>0.02</minimumDistance>
      <maximumDistance>0.43</maximumDistance>
    </quality>
    <evaluationMode>manual</evaluationMode>
    <creationInfo>
      <agencyURI>smi:smi-registry/organization/EMSC</agencyURI>
      <authorURI>smi:smi-registry/organization/EMSC</authorURI>
    </creationInfo>
    <originUncertainty>
      <azimuthMaxHorizontalUncertainty>-99</azimuthMaxHorizontalUncertainty>
    </originUncertainty>
  </origin>
  <magnitude publicID="quakeml:eu.emsc/event/20050419_0000040/origin/1266755/mag/2">
    <mag>
      <value>1.9</value>
      <uncertainty>0.2</uncertainty>
    </mag>
    <type>MD</type>
    <originID>quakeml:eu.emsc/event/20050419_0000040/origin/1266755</originID>
    <stationCount>6</stationCount>
    <creationInfo>
      <agencyURI>smi:smi-registry/organization/EMSC</agencyURI>
      <authorURI>smi:smi-registry/organization/EMSC</authorURI>
    </creationInfo>
  </magnitude>
</event>
<event publicID="quakeml:eu.emsc/event/20050419_0000035">
  <preferredOriginID>quakeml:eu.emsc/event/20050419_0000035/origin/1266757</preferredOriginID>
  <preferredMagnitudeID>quakeml:eu.emsc/event/20050419_0000035/origin/1266757/mag/2</preferredMagnitudeID>
  <creationInfo>
    <agencyURI>smi:smi-registry/organization/EMSC</agencyURI>
    <authorURI>smi:smi-registry/organization/EMSC</authorURI>
    <creationTime>2014-12-11T09:15:46.443197Z</creationTime>
  </creationInfo>
  <description>
    <text>ROMANIA</text>
    <type>Flinn-Engdahl region</type>
  </description>
  <origin publicID="quakeml:eu.emsc/event/20050419_0000035/origin/1266757">
    <time>
      <value>2005-04-19T21:59:22.9Z</value>
    </time>
    <latitude>
      <value>45.437</value>
      <uncertainty>9999.9</uncertainty>
    </latitude>
    <longitude>
      <value>26.374</value>
      <uncertainty>9999.9</uncertainty>
    </longitude>
    <depth>
      <value>127500.0</value>
    </depth>
    <depthType>from location</depthType>
    <methodID>smi:eu.emsc-csem/origin_method/NA</methodID>
    <quality>
      <usedPhaseCount>7</usedPhaseCount>
      <usedStationCount>4</usedStationCount>
      <standardError>0.51</standardError>
      <azimuthalGap>179</azimuthalGap>
      <minimumDistance>0.31</minimumDistance>
      <maximumDistance>1.27</maximumDistance>
    </quality>
    <evaluationMode>manual</evaluationMode>
    <creationInfo>
      <agencyURI>smi:smi-registry/organization/EMSC</agencyURI>
      <authorURI>smi:smi-registry/organization/EMSC</authorURI>
    </creationInfo>
    <originUncertainty>
      <azimuthMaxHorizontalUncertainty>-99</azimuthMaxHorizontalUncertainty>
    </originUncertainty>
  </origin>
  <magnitude publicID="quakeml:eu.emsc/event/20050419_0000035/origin/1266757/mag/2">
    <mag>
      <value>3.1</value>
    </mag>
    <type>MD</type>
    <originID>quakeml:eu.emsc/event/20050419_0000035/origin/1266757</originID>
    <stationCount>3</stationCount>
    <creationInfo>
      <agencyURI>smi:smi-registry/organization/EMSC</agencyURI>
      <authorURI>smi:smi-registry/organization/EMSC</authorURI>
    </creationInfo>
  </magnitude>
</event>
<event publicID="quakeml:eu.emsc/event/20050419_0000034">
  <preferredOriginID>quakeml:eu.emsc/event/20050419_0000034/origin/DJ456</preferredOriginID>
  <preferredMagnitudeID>quakeml:eu.emsc/event/20050419_0000034/origin/DJ456/mag/1</preferredMagnitudeID>
  <creationInfo>
    <agencyURI>smi:smi-registry/organization/EMSC</agencyURI>
    <authorURI>smi:smi-registry/organization/OBN</authorURI>
    <creationTime>2014-12-01T12:27:17.755327Z</creationTime>
  </creationInfo>
  <description>
    <text>KYUSHU, JAPAN</text>
    <type>Flinn-Engdahl region</type>
  </description>
  <origin publicID="quakeml:eu.emsc/event/20050419_0000034/origin/DJ456">
    <time>
      <value>2005-04-19T21:22:53.9Z</value>
    </time>
    <latitude>
      <value>33.73</value>
    </latitude>
    <longitude>
      <value>130.29</value>
    </longitude>
    <depth>
      <value>33000.0</value>
    </depth>
    <depthType>from location</depthType>
    <methodID>smi:eu.emsc-csem/origin_method/GEIGER</methodID>
    <quality>
      <usedPhaseCount>12</usedPhaseCount>
      <usedStationCount>12</usedStationCount>
      <azimuthalGap>266</azimuthalGap>
      <minimumDistance>16.24</minimumDistance>
      <maximumDistance>80.17</maximumDistance>
    </quality>
    <evaluationMode>manual</evaluationMode>
    <creationInfo>
      <agencyURI>smi:smi-registry/organization/EMSC</agencyURI>
      <authorURI>smi:smi-registry/organization/OBN</authorURI>
    </creationInfo>
  </origin>
  <magnitude publicID="quakeml:eu.emsc/event/20050419_0000034/origin/DJ456/mag/1">
    <mag>
      <value>4.7</value>
    </mag>
    <type>mb</type>
    <originID>quakeml:eu.emsc/event/20050419_0000034/origin/DJ456</originID>
    <creationInfo>
      <agencyURI>smi:smi-registry/organization/EMSC</agencyURI>
      <authorURI>smi:smi-registry/organization/OBN</authorURI>
    </creationInfo>
  </magnitude>
</event>
<event publicID="quakeml:eu.emsc/event/20050419_0000033">
  <preferredOriginID>quakeml:eu.emsc/event/20050419_0000033/origin/DJ346</preferredOriginID>
  <preferredMagnitudeID>quakeml:eu.emsc/event/20050419_0000033/origin/DJ346/mag/1</preferredMagnitudeID>
  <creationInfo>
    <agencyURI>smi:smi-registry/organization/EMSC</agencyURI>
    <authorURI>smi:smi-registry/organization/EMSC</authorURI>
    <creationTime>2014-12-01T15:28:46.840334Z</creationTime>
  </creationInfo>
  <description>
    <text>KYUSHU, JAPAN</text>
    <type>Flinn-Engdahl region</type>
  </description>
  <origin publicID="quakeml:eu.emsc/event/20050419_0000033/origin/DJ346">
    <time>
      <value>2005-04-19T21:11:25.2Z</value>
      <uncertainty>0.05</uncertainty>
    </time>
    <latitude>
      <value>33.67</value>
    </latitude>
    <longitude>
      <value>130.18</value>
    </longitude>
    <depth>
      <value>5000.0</value>
    </depth>
    <depthType>from location</depthType>
    <methodID>smi:eu.emsc-csem/origin_method/NA</methodID>
    <quality>
      <usedPhaseCount>168</usedPhaseCount>
      <usedStationCount>140</usedStationCount>
      <standardError>1.06</standardError>
      <azimuthalGap>97</azimuthalGap>
      <minimumDistance>7.17</minimumDistance>
      <maximumDistance>147.22</maximumDistance>
    </quality>
    <evaluationMode>automatic</evaluationMode>
    <creationInfo>
      <agencyURI>smi:smi-registry/organization/EMSC</agencyURI>
      <authorURI>smi:smi-registry/organization/EMSC</authorURI>
    </creationInfo>
  </origin>
  <magnitude publicID="quakeml:eu.emsc/event/20050419_0000033/origin/DJ346/mag/1">
    <mag>
      <value>5.3</value>
      <uncertainty>0.4</uncertainty>
    </mag>
    <type>mb</type>
    <originID>quakeml:eu.emsc/event/20050419_0000033/origin/DJ346</originID>
    <stationCount>88</stationCount>
    <creationInfo>
      <agencyURI>smi:smi-registry/organization/EMSC</agencyURI>
      <authorURI>smi:smi-registry/organization/EMSC</authorURI>
    </creationInfo>
  </magnitude>
</event>
<event publicID="quakeml:eu.emsc/event/20050419_0000041">
  <preferredOriginID>quakeml:eu.emsc/event/20050419_0000041/origin/1266759</preferredOriginID>
  <preferredMagnitudeID>quakeml:eu.emsc/event/20050419_0000041/origin/1266759/mag/2</preferredMagnitudeID>
  <creationInfo>
    <agencyURI>smi:smi-registry/organization/EMSC</agencyURI>
    <authorURI>smi:smi-registry/organization/EMSC</authorURI>
    <creationTime>2014-12-11T09:15:44.46217Z</creationTime>
  </creationInfo>
  <description>
    <text>WESTERN TURKEY</text>
    <type>Flinn-Engdahl region</type>
  </description>
  <origin publicID="quakeml:eu.emsc/event/20050419_0000041/origin/1266759">
    <time>
      <value>2005-04-19T20:18:50.2Z</value>
    </time>
    <latitude>
      <value>37.956</value>
      <uncertainty>9999.9</uncertainty>
    </latitude>
    <longitude>
      <value>27.389</value>
      <uncertainty>9999.9</uncertainty>
    </longitude>
    <depth>
      <value>32000</value>
    </depth>
    <depthType>from location</depthType>
    <methodID>smi:eu.emsc-csem/origin_method/NA</methodID>
    <quality>
      <usedPhaseCount>6</usedPhaseCount>
      <usedStationCount>4</usedStationCount>
      <standardError>0.79</standardError>
      <azimuthalGap>151</azimuthalGap>
      <minimumDistance>0.45</minimumDistance>
      <maximumDistance>1.08</maximumDistance>
    </quality>
    <evaluationMode>manual</evaluationMode>
    <creationInfo>
      <agencyURI>smi:smi-registry/organization/EMSC</agencyURI>
      <authorURI>smi:smi-registry/organization/EMSC</authorURI>
    </creationInfo>
    <originUncertainty>
      <azimuthMaxHorizontalUncertainty>-99</azimuthMaxHorizontalUncertainty>
    </originUncertainty>
  </origin>
  <magnitude publicID="quakeml:eu.emsc/event/20050419_0000041/origin/1266759/mag/2">
    <mag>
      <value>3</value>
    </mag>
    <type>MD</type>
    <originID>quakeml:eu.emsc/event/20050419_0000041/origin/1266759</originID>
    <creationInfo>
      <agencyURI>smi:smi-registry/organization/EMSC</agencyURI>
      <authorURI>smi:smi-registry/organization/EMSC</authorURI>
    </creationInfo>
  </magnitude>
</event>
<event publicID="quakeml:eu.emsc/event/20050419_0000054">
  <preferredOriginID>quakeml:eu.emsc/event/20050419_0000054/origin/1266761</preferredOriginID>
  <preferredMagnitudeID>quakeml:eu.emsc/event/20050419_0000054/origin/1266761/mag/2</preferredMagnitudeID>
  <creationInfo>
    <agencyURI>smi:smi-registry/organization/EMSC</agencyURI>
    <authorURI>smi:smi-registry/organization/EMSC</authorURI>
    <creationTime>2014-12-10T18:00:05.124641Z</creationTime>
  </creationInfo>
  <description>
    <text>PYRENEES</text>
    <type>Flinn-Engdahl region</type>
  </description>
  <origin publicID="quakeml:eu.emsc/event/20050419_0000054/origin/1266761">
    <time>
      <value>2005-04-19T20:02:10.4Z</value>
    </time>
    <latitude>
      <value>43.1166</value>
      <uncertainty>9999.9</uncertainty>
    </latitude>
    <longitude>
      <value>-0.601</value>
      <uncertainty>9999.9</uncertainty>
    </longitude>
    <depth>
      <value>0</value>
    </depth>
    <depthType>from location</depthType>
    <methodID>smi:eu.emsc-csem/origin_method/NA</methodID>
    <quality>
      <usedPhaseCount>8</usedPhaseCount>
      <usedStationCount>4</usedStationCount>
      <standardError>0.7</standardError>
      <azimuthalGap>208</azimuthalGap>
      <minimumDistance>0.67</minimumDistance>
      <maximumDistance>1.4</maximumDistance>
    </quality>
    <evaluationMode>manual</evaluationMode>
    <creationInfo>
      <agencyURI>smi:smi-registry/organization/EMSC</agencyURI>
      <authorURI>smi:smi-registry/organization/EMSC</authorURI>
    </creationInfo>
    <originUncertainty>
      <azimuthMaxHorizontalUncertainty>-99</azimuthMaxHorizontalUncertainty>
    </originUncertainty>
  </origin>
  <magnitude publicID="quakeml:eu.emsc/event/20050419_0000054/origin/1266761/mag/2">
    <mag>
      <value>1.3</value>
    </mag>
    <type>ML</type>
    <originID>quakeml:eu.emsc/event/20050419_0000054/origin/1266761</originID>
    <creationInfo>
      <agencyURI>smi:smi-registry/organization/EMSC</agencyURI>
      <authorURI>smi:smi-registry/organization/EMSC</authorURI>
    </creationInfo>
  </magnitude>
</event>
<event publicID="quakeml:eu.emsc/event/20050419_0000049">
  <preferredOriginID>quakeml:eu.emsc/event/20050419_0000049/origin/1281336</preferredOriginID>
  <preferredMagnitudeID>quakeml:eu.emsc/event/20050419_0000049/origin/1281336/mag/2</preferredMagnitudeID>
  <creationInfo>
    <agencyURI>smi:smi-registry/organization/EMSC</agencyURI>
    <authorURI>smi:smi-registry/organization/EMSC</authorURI>
    <creationTime>2014-12-03T11:30:08.60868Z</creationTime>
  </creationInfo>
  <description>
    <text>WESTERN TURKEY</text>
    <type>Flinn-Engdahl region</type>
  </description>
  <origin publicID="quakeml:eu.emsc/event/20050419_0000049/origin/1281336">
    <time>
      <value>2005-04-19T19:25:47.6Z</value>
      <uncertainty>0.12</uncertainty>
    </time>
    <latitude>
      <value>38.8695</value>
      <uncertainty>4</uncertainty>
    </latitude>
    <longitude>
      <value>27.7029</value>
      <uncertainty>2.6</uncertainty>
    </longitude>
    <depth>
      <value>10000</value>
    </depth>
    <depthType>from location</depthType>
    <methodID>smi:eu.emsc-csem/origin_method/NA</methodID>
    <quality>
      <usedPhaseCount>27</usedPhaseCount>
      <usedStationCount>23</usedStationCount>
      <standardError>0.65</standardError>
      <azimuthalGap>61</azimuthalGap>
      <minimumDistance>0.58</minimumDistance>
      <maximumDistance>2.82</maximumDistance>
    </quality>
    <evaluationMode>manual</evaluationMode>
    <creationInfo>
      <agencyURI>smi:smi-registry/organization/EMSC</agencyURI>
      <authorURI>smi:smi-registry/organization/EMSC</authorURI>
    </creationInfo>
    <originUncertainty>
      <azimuthMaxHorizontalUncertainty>114</azimuthMaxHorizontalUncertainty>
    </originUncertainty>
  </origin>
  <magnitude publicID="quakeml:eu.emsc/event/20050419_0000049/origin/1281336/mag/2">
    <mag>
      <value>3.2</value>
    </mag>
    <type>MD</type>
    <originID>quakeml:eu.emsc/event/20050419_0000049/origin/1281336</originID>
    <creationInfo>
      <agencyURI>smi:smi-registry/organization/EMSC</agencyURI>
      <authorURI>smi:smi-registry/organization/EMSC</authorURI>
    </creationInfo>
  </magnitude>
</event>
<event publicID="quakeml:eu.emsc/event/20050419_0000044">
  <preferredOriginID>quakeml:eu.emsc/event/20050419_0000044/origin/1266763</preferredOriginID>
  <preferredMagnitudeID>quakeml:eu.emsc/event/20050419_0000044/origin/1266763/mag/2</preferredMagnitudeID>
  <creationInfo>
    <agencyURI>smi:smi-registry/organization/EMSC</agencyURI>
    <authorURI>smi:smi-registry/organization/EMSC</authorURI>
    <creationTime>2014-12-11T09:15:37.957624Z</creationTime>
  </creationInfo>
  <description>
    <text>SOUTHERN ITALY</text>
    <type>Flinn-Engdahl region</type>
  </description>
  <origin publicID="quakeml:eu.emsc/event/20050419_0000044/origin/1266763">
    <time>
      <value>2005-04-19T18:37:58.4Z</value>
    </time>
    <latitude>
      <value>40.991</value>
      <uncertainty>9999.9</uncertainty>
    </latitude>
    <longitude>
      <value>14.502</value>
      <uncertainty>9999.9</uncertainty>
    </longitude>
    <depth>
      <value>2200.0</value>
    </depth>
    <depthType>from location</depthType>
    <methodID>smi:eu.emsc-csem/origin_method/NA</methodID>
    <quality>
      <usedPhaseCount>15</usedPhaseCount>
      <usedStationCount>11</usedStationCount>
      <standardError>2.67</standardError>
      <azimuthalGap>90</azimuthalGap>
      <minimumDistance>0.18</minimumDistance>
      <maximumDistance>0.89</maximumDistance>
    </quality>
    <evaluationMode>manual</evaluationMode>
    <creationInfo>
      <agencyURI>smi:smi-registry/organization/EMSC</agencyURI>
      <authorURI>smi:smi-registry/organization/EMSC</authorURI>
    </creationInfo>
    <originUncertainty>
      <azimuthMaxHorizontalUncertainty>-99</azimuthMaxHorizontalUncertainty>
    </originUncertainty>
  </origin>
  <magnitude publicID="quakeml:eu.emsc/event/20050419_0000044/origin/1266763/mag/2">
    <mag>
      <value>2.3</value>
      <uncertainty>0.2</uncertainty>
    </mag>
    <type>MD</type>
    <originID>quakeml:eu.emsc/event/20050419_0000044/origin/1266763</originID>
    <stationCount>12</stationCount>
    <creationInfo>
      <agencyURI>smi:smi-registry/organization/EMSC</agencyURI>
      <authorURI>smi:smi-registry/organization/EMSC</authorURI>
    </creationInfo>
  </magnitude>
</event>
<event publicID="quakeml:eu.emsc/event/20050419_0000059">
  <preferredOriginID>quakeml:eu.emsc/event/20050419_0000059/origin/1266765</preferredOriginID>
  <preferredMagnitudeID>quakeml:eu.emsc/event/20050419_0000059/origin/1266765/mag/2</preferredMagnitudeID>
  <creationInfo>
    <agencyURI>smi:smi-registry/organization/EMSC</agencyURI>
    <authorURI>smi:smi-registry/organization/EMSC</authorURI>
    <creationTime>2014-12-11T09:15:34.865285Z</creationTime>
  </creationInfo>
  <description>
    <text>SOUTHERN IRAN</text>
    <type>Flinn-Engdahl region</type>
  </description>
  <origin publicID="quakeml:eu.emsc/event/20050419_0000059/origin/1266765">
    <time>
      <value>2005-04-19T18:30:46.8Z</value>
    </time>
    <latitude>
      <value>29.753</value>
      <uncertainty>9999.9</uncertainty>
    </latitude>
    <longitude>
      <value>57.802</value>
      <uncertainty>9999.9</uncertainty>
    </longitude>
    <depth>
      <value>14100.0</value>
    </depth>
    <depthType>from location</depthType>
    <methodID>smi:eu.emsc-csem/origin_method/NA</methodID>
    <quality>
      <usedPhaseCount>6</usedPhaseCount>
      <usedStationCount>4</usedStationCount>
      <standardError>2.29</standardError>
      <azimuthalGap>145</azimuthalGap>
      <minimumDistance>0.93</minimumDistance>
      <maximumDistance>5.24</maximumDistance>
    </quality>
    <evaluationMode>manual</evaluationMode>
    <creationInfo>
      <agencyURI>smi:smi-registry/organization/EMSC</agencyURI>
      <authorURI>smi:smi-registry/organization/EMSC</authorURI>
    </creationInfo>
    <originUncertainty>
      <azimuthMaxHorizontalUncertainty>-99</azimuthMaxHorizontalUncertainty>
    </originUncertainty>
  </origin>
  <magnitude publicID="quakeml:eu.emsc/event/20050419_0000059/origin/1266765/mag/2">
    <mag>
      <value>3</value>
    </mag>
    <type>ML</type>
    <originID>quakeml:eu.emsc/event/20050419_0000059/origin/1266765</originID>
    <creationInfo>
      <agencyURI>smi:smi-registry/organization/EMSC</agencyURI>
      <authorURI>smi:smi-registry/organization/EMSC</authorURI>
    </creationInfo>
  </magnitude>
</event>
<event publicID="quakeml:eu.emsc/event/20050419_0000061">
  <preferredOriginID>quakeml:eu.emsc/event/20050419_0000061/origin/1266767</preferredOriginID>
  <preferredMagnitudeID>quakeml:eu.emsc/event/20050419_0000061/origin/1266767/mag/2</preferredMagnitudeID>
  <creationInfo>
    <agencyURI>smi:smi-registry/organization/EMSC</agencyURI>
    <authorURI>smi:smi-registry/organization/EMSC</authorURI>
    <creationTime>2014-12-11T09:15:28.67657Z</creationTime>
  </creationInfo>
  <description>
    <text>SOUTHERN ITALY</text>
    <type>Flinn-Engdahl region</type>
  </description>
  <origin publicID="quakeml:eu.emsc/event/20050419_0000061/origin/1266767">
    <time>
      <value>2005-04-19T18:14:53.3Z</value>
    </time>
    <latitude>
      <value>41.684</value>
      <uncertainty>9999.9</uncertainty>
    </latitude>
    <longitude>
      <value>14.157</value>
      <uncertainty>9999.9</uncertainty>
    </longitude>
    <depth>
      <value>9100.0</value>
    </depth>
    <depthType>from location</depthType>
    <methodID>smi:eu.emsc-csem/origin_method/NA</methodID>
    <quality>
      <usedPhaseCount>8</usedPhaseCount>
      <usedStationCount>5</usedStationCount>
      <standardError>1.02</standardError>
      <azimuthalGap>144</azimuthalGap>
      <minimumDistance>0.02</minimumDistance>
      <maximumDistance>0.44</maximumDistance>
    </quality>
    <evaluationMode>manual</evaluationMode>
    <creationInfo>
      <agencyURI>smi:smi-registry/organization/EMSC</agencyURI>
      <authorURI>smi:smi-registry/organization/EMSC</authorURI>
    </creationInfo>
    <originUncertainty>
      <azimuthMaxHorizontalUncertainty>-99</azimuthMaxHorizontalUncertainty>
    </originUncertainty>
  </origin>
  <magnitude publicID="quakeml:eu.emsc/event/20050419_0000061/origin/1266767/mag/2">
    <mag>
      <value>1.8</value>
      <uncertainty>0.1</uncertainty>
    </mag>
    <type>MD</type>
    <originID>quakeml:eu.emsc/event/20050419_0000061/origin/1266767</originID>
    <stationCount>5</stationCount>
    <creationInfo>
      <agencyURI>smi:smi-registry/organization/EMSC</agencyURI>
      <authorURI>smi:smi-registry/organization/EMSC</authorURI>
    </creationInfo>
  </magnitude>
</event>
<event publicID="quakeml:eu.emsc/event/20050419_0000058">
  <preferredOriginID>quakeml:eu.emsc/event/20050419_0000058/origin/1266769</preferredOriginID>
  <preferredMagnitudeID>quakeml:eu.emsc/event/20050419_0000058/origin/1266769/mag/2</preferredMagnitudeID>
  <creationInfo>
    <agencyURI>smi:smi-registry/organization/EMSC</agencyURI>
    <authorURI>smi:smi-registry/organization/EMSC</authorURI>
    <creationTime>2014-12-11T09:15:30.526664Z</creationTime>
  </creationInfo>
  <description>
    <text>NORTHERN ALGERIA</text>
    <type>Flinn-Engdahl region</type>
  </description>
  <origin publicID="quakeml:eu.emsc/event/20050419_0000058/origin/1266769">
    <time>
      <value>2005-04-19T16:20:29.7Z</value>
    </time>
    <latitude>
      <value>35.609</value>
      <uncertainty>9999.9</uncertainty>
    </latitude>
    <longitude>
      <value>5.687</value>
      <uncertainty>9999.9</uncertainty>
    </longitude>
    <depth>
      <value>0</value>
    </depth>
    <depthType>from location</depthType>
    <methodID>smi:eu.emsc-csem/origin_method/NA</methodID>
    <quality>
      <usedPhaseCount>5</usedPhaseCount>
      <usedStationCount>5</usedStationCount>
      <standardError>3.75</standardError>
      <azimuthalGap>252</azimuthalGap>
      <minimumDistance>0.17</minimumDistance>
      <maximumDistance>0.92</maximumDistance>
    </quality>
    <evaluationMode>manual</evaluationMode>
    <creationInfo>
      <agencyURI>smi:smi-registry/organization/EMSC</agencyURI>
      <authorURI>smi:smi-registry/organization/EMSC</authorURI>
    </creationInfo>
    <originUncertainty>
      <azimuthMaxHorizontalUncertainty>-99</azimuthMaxHorizontalUncertainty>
    </originUncertainty>
  </origin>
  <magnitude publicID="quakeml:eu.emsc/event/20050419_0000058/origin/1266769/mag/2">
    <mag>
      <value>3</value>
    </mag>
    <type>ML</type>
    <originID>quakeml:eu.emsc/event/20050419_0000058/origin/1266769</originID>
    <creationInfo>
      <agencyURI>smi:smi-registry/organization/EMSC</agencyURI>
      <authorURI>smi:smi-registry/organization/EMSC</authorURI>
    </creationInfo>
  </magnitude>
</event>
<event publicID="quakeml:eu.emsc/event/20050419_0000042">
  <preferredOriginID>quakeml:eu.emsc/event/20050419_0000042/origin/1266771</preferredOriginID>
  <preferredMagnitudeID>quakeml:eu.emsc/event/20050419_0000042/origin/1266771/mag/2</preferredMagnitudeID>
  <creationInfo>
    <agencyURI>smi:smi-registry/organization/EMSC</agencyURI>
    <authorURI>smi:smi-registry/organization/EMSC</authorURI>
    <creationTime>2014-12-11T09:15:26.948908Z</creationTime>
  </creationInfo>
  <description>
    <text>CENTRAL ITALY</text>
    <type>Flinn-Engdahl region</type>
  </description>
  <origin publicID="quakeml:eu.emsc/event/20050419_0000042/origin/1266771">
    <time>
      <value>2005-04-19T16:09:25.4Z</value>
    </time>
    <latitude>
      <value>43.329</value>
      <uncertainty>9999.9</uncertainty>
    </latitude>
    <longitude>
      <value>13.215</value>
      <uncertainty>9999.9</uncertainty>
    </longitude>
    <depth>
      <value>6800.0</value>
    </depth>
    <depthType>from location</depthType>
    <methodID>smi:eu.emsc-csem/origin_method/NA</methodID>
    <quality>
      <usedPhaseCount>13</usedPhaseCount>
      <usedStationCount>8</usedStationCount>
      <standardError>1.92</standardError>
      <azimuthalGap>136</azimuthalGap>
      <minimumDistance>0.05</minimumDistance>
      <maximumDistance>0.51</maximumDistance>
    </quality>
    <evaluationMode>manual</evaluationMode>
    <creationInfo>
      <agencyURI>smi:smi-registry/organization/EMSC</agencyURI>
      <authorURI>smi:smi-registry/organization/EMSC</authorURI>
    </creationInfo>
    <originUncertainty>
      <azimuthMaxHorizontalUncertainty>-99</azimuthMaxHorizontalUncertainty>
    </originUncertainty>
  </origin>
  <magnitude publicID="quakeml:eu.emsc/event/20050419_0000042/origin/1266771/mag/2">
    <mag>
      <value>2</value>
      <uncertainty>0.1</uncertainty>
    </mag>
    <type>MD</type>
    <originID>quakeml:eu.emsc/event/20050419_0000042/origin/1266771</originID>
    <stationCount>8</stationCount>
    <creationInfo>
      <agencyURI>smi:smi-registry/organization/EMSC</agencyURI>
      <authorURI>smi:smi-registry/organization/EMSC</authorURI>
    </creationInfo>
  </magnitude>
</event>
<event publicID="quakeml:eu.emsc/event/20050419_0000032">
  <preferredOriginID>quakeml:eu.emsc/event/20050419_0000032/origin/1281341</preferredOriginID>
  <preferredMagnitudeID>quakeml:eu.emsc/event/20050419_0000032/origin/1281341/mag/1</preferredMagnitudeID>
  <creationInfo>
    <agencyURI>smi:smi-registry/organization/EMSC</agencyURI>
    <authorURI>smi:smi-registry/organization/EMSC</authorURI>
    <creationTime>2014-12-03T14:23:18.409351Z</creationTime>
  </creationInfo>
  <description>
    <text>PYRENEES</text>
    <type>Flinn-Engdahl region</type>
  </description>
  <origin publicID="quakeml:eu.emsc/event/20050419_0000032/origin/1281341">
    <time>
      <value>2005-04-19T15:43:14.1Z</value>
      <uncertainty>0.17</uncertainty>
    </time>
    <latitude>
      <value>42.8162</value>
      <uncertainty>3.9</uncertainty>
    </latitude>
    <longitude>
      <value>1.024</value>
      <uncertainty>2.8</uncertainty>
    </longitude>
    <depth>
      <value>15000</value>
    </depth>
    <depthType>from location</depthType>
    <methodID>smi:eu.emsc-csem/origin_method/NA</methodID>
    <quality>
      <usedPhaseCount>44</usedPhaseCount>
      <usedStationCount>24</usedStationCount>
      <standardError>1.08</standardError>
      <azimuthalGap>63</azimuthalGap>
      <minimumDistance>0.13</minimumDistance>
      <maximumDistance>4.6</maximumDistance>
    </quality>
    <evaluationMode>manual</evaluationMode>
    <creationInfo>
      <agencyURI>smi:smi-registry/organization/EMSC</agencyURI>
      <authorURI>smi:smi-registry/organization/EMSC</authorURI>
    </creationInfo>
    <originUncertainty>
      <azimuthMaxHorizontalUncertainty>163</azimuthMaxHorizontalUncertainty>
    </originUncertainty>
  </origin>
  <magnitude publicID="quakeml:eu.emsc/event/20050419_0000032/origin/1281341/mag/1">
    <mag>
      <value>2.6</value>
      <uncertainty>0.3</uncertainty>
    </mag>
    <type>ML</type>
    <originID>quakeml:eu.emsc/event/20050419_0000032/origin/1281341</originID>
    <stationCount>12</stationCount>
    <creationInfo>
      <agencyURI>smi:smi-registry/organization/EMSC</agencyURI>
      <authorURI>smi:smi-registry/organization/EMSC</authorURI>
    </creationInfo>
  </magnitude>
</event>
<event publicID="quakeml:eu.emsc/event/20050419_0000031">
  <preferredOriginID>quakeml:eu.emsc/event/20050419_0000031/origin/1266773</preferredOriginID>
  <preferredMagnitudeID>quakeml:eu.emsc/event/20050419_0000031/origin/1266773/mag/2</preferredMagnitudeID>
  <creationInfo>
    <agencyURI>smi:smi-registry/organization/EMSC</agencyURI>
    <authorURI>smi:smi-registry/organization/EMSC</authorURI>
    <creationTime>2014-12-11T09:15:25.638338Z</creationTime>
  </creationInfo>
  <description>
    <text>SOUTHERN ITALY</text>
    <type>Flinn-Engdahl region</type>
  </description>
  <origin publicID="quakeml:eu.emsc/event/20050419_0000031/origin/1266773">
    <time>
      <value>2005-04-19T15:17:25.3Z</value>
    </time>
    <latitude>
      <value>41.721</value>
      <uncertainty>9999.9</uncertainty>
    </latitude>
    <longitude>
      <value>14.159</value>
      <uncertainty>9999.9</uncertainty>
    </longitude>
    <depth>
      <value>9800.0</value>
    </depth>
    <depthType>from location</depthType>
    <methodID>smi:eu.emsc-csem/origin_method/NA</methodID>
    <quality>
      <usedPhaseCount>35</usedPhaseCount>
      <usedStationCount>28</usedStationCount>
      <standardError>1.36</standardError>
      <azimuthalGap>75</azimuthalGap>
      <minimumDistance>0.02</minimumDistance>
      <maximumDistance>1.45</maximumDistance>
    </quality>
    <evaluationMode>manual</evaluationMode>
    <creationInfo>
      <agencyURI>smi:smi-registry/organization/EMSC</agencyURI>
      <authorURI>smi:smi-registry/organization/EMSC</authorURI>
    </creationInfo>
    <originUncertainty>
      <azimuthMaxHorizontalUncertainty>-99</azimuthMaxHorizontalUncertainty>
    </originUncertainty>
  </origin>
  <magnitude publicID="quakeml:eu.emsc/event/20050419_0000031/origin/1266773/mag/2">
    <mag>
      <value>2.6</value>
      <uncertainty>0.1</uncertainty>
    </mag>
    <type>MD</type>
    <originID>quakeml:eu.emsc/event/20050419_0000031/origin/1266773</originID>
    <stationCount>14</stationCount>
    <creationInfo>
      <agencyURI>smi:smi-registry/organization/EMSC</agencyURI>
      <authorURI>smi:smi-registry/organization/EMSC</authorURI>
    </creationInfo>
  </magnitude>
</event>
<event publicID="quakeml:eu.emsc/event/20050419_0000030">
  <preferredOriginID>quakeml:eu.emsc/event/20050419_0000030/origin/DJ539</preferredOriginID>
  <preferredMagnitudeID>quakeml:eu.emsc/event/20050419_0000030/origin/DJ539/mag/1</preferredMagnitudeID>
  <creationInfo>
    <agencyURI>smi:smi-registry/organization/EMSC</agencyURI>
    <authorURI>smi:smi-registry/organization/EMSC</authorURI>
    <creationTime>2014-12-01T12:27:17.662837Z</creationTime>
  </creationInfo>
  <description>
    <text>SIMEULUE, INDONESIA</text>
    <type>Flinn-Engdahl region</type>
  </description>
  <origin publicID="quakeml:eu.emsc/event/20050419_0000030/origin/DJ539">
    <time>
      <value>2005-04-19T15:10:15.4Z</value>
      <uncertainty>0.08</uncertainty>
    </time>
    <latitude>
      <value>2.43</value>
    </latitude>
    <longitude>
      <value>96.43</value>
    </longitude>
    <depth>
      <value>40000.0</value>
    </depth>
    <depthType>from location</depthType>
    <methodID>smi:eu.emsc-csem/origin_method/NA</methodID>
    <quality>
      <usedPhaseCount>64</usedPhaseCount>
      <usedStationCount>47</usedStationCount>
      <standardError>1.00</standardError>
      <azimuthalGap>95</azimuthalGap>
      <minimumDistance>5.07</minimumDistance>
      <maximumDistance>144.58</maximumDistance>
    </quality>
    <evaluationMode>automatic</evaluationMode>
    <creationInfo>
      <agencyURI>smi:smi-registry/organization/EMSC</agencyURI>
      <authorURI>smi:smi-registry/organization/EMSC</authorURI>
    </creationInfo>
  </origin>
  <magnitude publicID="quakeml:eu.emsc/event/20050419_0000030/origin/DJ539/mag/1">
    <mag>
      <value>5.1</value>
      <uncertainty>0.4</uncertainty>
    </mag>
    <type>mb</type>
    <originID>quakeml:eu.emsc/event/20050419_0000030/origin/DJ539</originID>
    <stationCount>37</stationCount>
    <creationInfo>
      <agencyURI>smi:smi-registry/organization/EMSC</agencyURI>
      <authorURI>smi:smi-registry/organization/EMSC</authorURI>
    </creationInfo>
  </magnitude>
</event>
<event publicID="quakeml:eu.emsc/event/20050419_0000063">
  <preferredOriginID>quakeml:eu.emsc/event/20050419_0000063/origin/1281347</preferredOriginID>
  <preferredMagnitudeID>quakeml:eu.emsc/event/20050419_0000063/origin/1281347/mag/2</preferredMagnitudeID>
  <creationInfo>
    <agencyURI>smi:smi-registry/organization/EMSC</agencyURI>
    <authorURI>smi:smi-registry/organization/EMSC</authorURI>
    <creationTime>2014-12-03T11:36:30.48733Z</creationTime>
  </creationInfo>
  <description>
    <text>SOUTHERN ITALY</text>
    <type>Flinn-Engdahl region</type>
  </description>
  <origin publicID="quakeml:eu.emsc/event/20050419_0000063/origin/1281347">
    <time>
      <value>2005-04-19T12:23:23.5Z</value>
      <uncertainty>0.21</uncertainty>
    </time>
    <latitude>
      <value>41.6569</value>
      <uncertainty>5</uncertainty>
    </latitude>
    <longitude>
      <value>14.8109</value>
      <uncertainty>3.5</uncertainty>
    </longitude>
    <depth>
      <value>19500.0</value>
      <uncertainty>0.2</uncertainty>
    </depth>
    <depthType>from location</depthType>
    <methodID>smi:eu.emsc-csem/origin_method/NA</methodID>
    <quality>
      <usedPhaseCount>33</usedPhaseCount>
      <usedStationCount>28</usedStationCount>
      <standardError>0.93</standardError>
      <azimuthalGap>78</azimuthalGap>
      <minimumDistance>0.2</minimumDistance>
      <maximumDistance>1.72</maximumDistance>
    </quality>
    <evaluationMode>manual</evaluationMode>
    <creationInfo>
      <agencyURI>smi:smi-registry/organization/EMSC</agencyURI>
      <authorURI>smi:smi-registry/organization/EMSC</authorURI>
    </creationInfo>
    <originUncertainty>
      <azimuthMaxHorizontalUncertainty>31</azimuthMaxHorizontalUncertainty>
    </originUncertainty>
  </origin>
  <magnitude publicID="quakeml:eu.emsc/event/20050419_0000063/origin/1281347/mag/2">
    <mag>
      <value>2.5</value>
      <uncertainty>0.2</uncertainty>
    </mag>
    <type>MD</type>
    <originID>quakeml:eu.emsc/event/20050419_0000063/origin/1281347</originID>
    <stationCount>23</stationCount>
    <creationInfo>
      <agencyURI>smi:smi-registry/organization/EMSC</agencyURI>
      <authorURI>smi:smi-registry/organization/EMSC</authorURI>
    </creationInfo>
  </magnitude>
</event>
<event publicID="quakeml:eu.emsc/event/20050419_0000056">
  <preferredOriginID>quakeml:eu.emsc/event/20050419_0000056/origin/1266775</preferredOriginID>
  <preferredMagnitudeID>quakeml:eu.emsc/event/20050419_0000056/origin/1266775/mag/2</preferredMagnitudeID>
  <creationInfo>
    <agencyURI>smi:smi-registry/organization/EMSC</agencyURI>
    <authorURI>smi:smi-registry/organization/EMSC</authorURI>
    <creationTime>2014-12-11T09:15:14.646479Z</creationTime>
  </creationInfo>
  <description>
    <text>GREECE</text>
    <type>Flinn-Engdahl region</type>
  </description>
  <origin publicID="quakeml:eu.emsc/event/20050419_0000056/origin/1266775">
    <time>
      <value>2005-04-19T11:10:40.7Z</value>
    </time>
    <latitude>
      <value>38.43</value>
      <uncertainty>9999.9</uncertainty>
    </latitude>
    <longitude>
      <value>21.56</value>
      <uncertainty>9999.9</uncertainty>
    </longitude>
    <depth>
      <value>29000</value>
    </depth>
    <depthType>from location</depthType>
    <methodID>smi:eu.emsc-csem/origin_method/NA</methodID>
    <quality>
      <usedPhaseCount>12</usedPhaseCount>
      <usedStationCount>8</usedStationCount>
      <standardError>1.64</standardError>
      <azimuthalGap>129</azimuthalGap>
      <minimumDistance>0.38</minimumDistance>
      <maximumDistance>2.03</maximumDistance>
    </quality>
    <evaluationMode>manual</evaluationMode>
    <creationInfo>
      <agencyURI>smi:smi-registry/organization/EMSC</agencyURI>
      <authorURI>smi:smi-registry/organization/EMSC</authorURI>
    </creationInfo>
    <originUncertainty>
      <azimuthMaxHorizontalUncertainty>-99</azimuthMaxHorizontalUncertainty>
    </originUncertainty>
  </origin>
  <magnitude publicID="quakeml:eu.emsc/event/20050419_0000056/origin/1266775/mag/2">
    <mag>
      <value>3.1</value>
    </mag>
    <type>MD</type>
    <originID>quakeml:eu.emsc/event/20050419_0000056/origin/1266775</originID>
    <creationInfo>
      <agencyURI>smi:smi-registry/organization/EMSC</agencyURI>
      <authorURI>smi:smi-registry/organization/EMSC</authorURI>
    </creationInfo>
  </magnitude>
</event>
<event publicID="quakeml:eu.emsc/event/20050419_0000053">
  <preferredOriginID>quakeml:eu.emsc/event/20050419_0000053/origin/1280499</preferredOriginID>
  <preferredMagnitudeID>quakeml:eu.emsc/event/20050419_0000053/origin/1280499/mag/2</preferredMagnitudeID>
  <creationInfo>
    <agencyURI>smi:smi-registry/organization/EMSC</agencyURI>
    <authorURI>smi:smi-registry/organization/EMSC</authorURI>
    <creationTime>2014-12-03T11:28:16.573148Z</creationTime>
  </creationInfo>
  <description>
    <text>NORTHERN ITALY</text>
    <type>Flinn-Engdahl region</type>
  </description>
  <origin publicID="quakeml:eu.emsc/event/20050419_0000053/origin/1280499">
    <time>
      <value>2005-04-19T10:59:51.9Z</value>
      <uncertainty>0.34</uncertainty>
    </time>
    <latitude>
      <value>44.7816</value>
      <uncertainty>11.8</uncertainty>
    </latitude>
    <longitude>
      <value>9.844</value>
      <uncertainty>7.7</uncertainty>
    </longitude>
    <depth>
      <value>2000</value>
    </depth>
    <depthType>from location</depthType>
    <methodID>smi:eu.emsc-csem/origin_method/NA</methodID>
    <quality>
      <usedPhaseCount>5</usedPhaseCount>
      <usedStationCount>4</usedStationCount>
      <standardError>0.51</standardError>
      <azimuthalGap>136</azimuthalGap>
      <minimumDistance>0.28</minimumDistance>
      <maximumDistance>1</maximumDistance>
    </quality>
    <evaluationMode>manual</evaluationMode>
    <creationInfo>
      <agencyURI>smi:smi-registry/organization/EMSC</agencyURI>
      <authorURI>smi:smi-registry/organization/EMSC</authorURI>
    </creationInfo>
    <originUncertainty>
      <azimuthMaxHorizontalUncertainty>37</azimuthMaxHorizontalUncertainty>
    </originUncertainty>
  </origin>
  <magnitude publicID="quakeml:eu.emsc/event/20050419_0000053/origin/1280499/mag/2">
    <mag>
      <value>2.5</value>
      <uncertainty>0.4</uncertainty>
    </mag>
    <type>MD</type>
    <originID>quakeml:eu.emsc/event/20050419_0000053/origin/1280499</originID>
    <stationCount>3</stationCount>
    <creationInfo>
      <agencyURI>smi:smi-registry/organization/EMSC</agencyURI>
      <authorURI>smi:smi-registry/organization/EMSC</authorURI>
    </creationInfo>
  </magnitude>
</event>
<event publicID="quakeml:eu.emsc/event/20050419_0000029">
  <preferredOriginID>quakeml:eu.emsc/event/20050419_0000029/origin/1281351</preferredOriginID>
  <preferredMagnitudeID>quakeml:eu.emsc/event/20050419_0000029/origin/1281351/mag/2</preferredMagnitudeID>
  <creationInfo>
    <agencyURI>smi:smi-registry/organization/EMSC</agencyURI>
    <authorURI>smi:smi-registry/organization/EMSC</authorURI>
    <creationTime>2014-12-03T14:36:35.786217Z</creationTime>
  </creationInfo>
  <description>
    <text>WEST OF GIBRALTAR</text>
    <type>Flinn-Engdahl region</type>
  </description>
  <origin publicID="quakeml:eu.emsc/event/20050419_0000029/origin/1281351">
    <time>
      <value>2005-04-19T10:45:10.5Z</value>
      <uncertainty>0.56</uncertainty>
    </time>
    <latitude>
      <value>36.6052</value>
      <uncertainty>11.4</uncertainty>
    </latitude>
    <longitude>
      <value>-9.5</value>
      <uncertainty>7.1</uncertainty>
    </longitude>
    <depth>
      <value>2000</value>
    </depth>
    <depthType>from location</depthType>
    <methodID>smi:eu.emsc-csem/origin_method/NA</methodID>
    <quality>
      <usedPhaseCount>20</usedPhaseCount>
      <usedStationCount>14</usedStationCount>
      <standardError>0.73</standardError>
      <azimuthalGap>275</azimuthalGap>
      <minimumDistance>1.13</minimumDistance>
      <maximumDistance>9.32</maximumDistance>
    </quality>
    <evaluationMode>manual</evaluationMode>
    <creationInfo>
      <agencyURI>smi:smi-registry/organization/EMSC</agencyURI>
      <authorURI>smi:smi-registry/organization/EMSC</authorURI>
    </creationInfo>
    <originUncertainty>
      <azimuthMaxHorizontalUncertainty>44</azimuthMaxHorizontalUncertainty>
    </originUncertainty>
  </origin>
  <magnitude publicID="quakeml:eu.emsc/event/20050419_0000029/origin/1281351/mag/2">
    <mag>
      <value>2.3</value>
    </mag>
    <type>ML</type>
    <originID>quakeml:eu.emsc/event/20050419_0000029/origin/1281351</originID>
    <creationInfo>
      <agencyURI>smi:smi-registry/organization/EMSC</agencyURI>
      <authorURI>smi:smi-registry/organization/EMSC</authorURI>
    </creationInfo>
  </magnitude>
</event>
<event publicID="quakeml:eu.emsc/event/20050419_0000028">
  <preferredOriginID>quakeml:eu.emsc/event/20050419_0000028/origin/1281354</preferredOriginID>
  <preferredMagnitudeID>quakeml:eu.emsc/event/20050419_0000028/origin/1281354/mag/1</preferredMagnitudeID>
  <creationInfo>
    <agencyURI>smi:smi-registry/organization/EMSC</agencyURI>
    <authorURI>smi:smi-registry/organization/EMSC</authorURI>
    <creationTime>2014-12-03T13:56:26.695729Z</creationTime>
  </creationInfo>
  <description>
    <text>FRANCE</text>
    <type>Flinn-Engdahl region</type>
  </description>
  <origin publicID="quakeml:eu.emsc/event/20050419_0000028/origin/1281354">
    <time>
      <value>2005-04-19T10:44:44.3Z</value>
      <uncertainty>0.26</uncertainty>
    </time>
    <latitude>
      <value>45.9186</value>
      <uncertainty>5.4</uncertainty>
    </latitude>
    <longitude>
      <value>-1.407</value>
      <uncertainty>3.5</uncertainty>
    </longitude>
    <depth>
      <value>15000</value>
    </depth>
    <depthType>from location</depthType>
    <methodID>smi:eu.emsc-csem/origin_method/NA</methodID>
    <quality>
      <usedPhaseCount>57</usedPhaseCount>
      <usedStationCount>25</usedStationCount>
      <standardError>1.48</standardError>
      <azimuthalGap>152</azimuthalGap>
      <minimumDistance>0.05</minimumDistance>
      <maximumDistance>4.16</maximumDistance>
    </quality>
    <evaluationMode>manual</evaluationMode>
    <creationInfo>
      <agencyURI>smi:smi-registry/organization/EMSC</agencyURI>
      <authorURI>smi:smi-registry/organization/EMSC</authorURI>
    </creationInfo>
    <originUncertainty>
      <azimuthMaxHorizontalUncertainty>63</azimuthMaxHorizontalUncertainty>
    </originUncertainty>
  </origin>
  <magnitude publicID="quakeml:eu.emsc/event/20050419_0000028/origin/1281354/mag/1">
    <mag>
      <value>2.8</value>
      <uncertainty>0.2</uncertainty>
    </mag>
    <type>ML</type>
    <originID>quakeml:eu.emsc/event/20050419_0000028/origin/1281354</originID>
    <stationCount>19</stationCount>
    <creationInfo>
      <agencyURI>smi:smi-registry/organization/EMSC</agencyURI>
      <authorURI>smi:smi-registry/organization/EMSC</authorURI>
    </creationInfo>
  </magnitude>
</event>
<event publicID="quakeml:eu.emsc/event/20050419_0000027">
  <preferredOriginID>quakeml:eu.emsc/event/20050419_0000027/origin/DJ341</preferredOriginID>
  <preferredMagnitudeID>quakeml:eu.emsc/event/20050419_0000027/origin/DJ341/mag/1</preferredMagnitudeID>
  <creationInfo>
    <agencyURI>smi:smi-registry/organization/EMSC</agencyURI>
    <authorURI>smi:smi-registry/organization/NEIC</authorURI>
    <creationTime>2014-12-01T14:49:25.68505Z</creationTime>
  </creationInfo>
  <description>
    <text>NIAS REGION, INDONESIA</text>
    <type>Flinn-Engdahl region</type>
  </description>
  <origin publicID="quakeml:eu.emsc/event/20050419_0000027/origin/DJ341">
    <time>
      <value>2005-04-19T10:33:59.1Z</value>
    </time>
    <latitude>
      <value>1.19</value>
    </latitude>
    <longitude>
      <value>97.02</value>
    </longitude>
    <depth>
      <value>22000.0</value>
    </depth>
    <depthType>from location</depthType>
    <methodID>smi:eu.emsc-csem/origin_method/GEIGER</methodID>
    <quality>
      <usedPhaseCount>23</usedPhaseCount>
      <usedStationCount>23</usedStationCount>
      <azimuthalGap>96</azimuthalGap>
      <minimumDistance>5.45</minimumDistance>
      <maximumDistance>159.04</maximumDistance>
    </quality>
    <evaluationMode>manual</evaluationMode>
    <creationInfo>
      <agencyURI>smi:smi-registry/organization/EMSC</agencyURI>
      <authorURI>smi:smi-registry/organization/NEIC</authorURI>
    </creationInfo>
  </origin>
  <magnitude publicID="quakeml:eu.emsc/event/20050419_0000027/origin/DJ341/mag/1">
    <mag>
      <value>5.0</value>
    </mag>
    <type>m</type>
    <originID>quakeml:eu.emsc/event/20050419_0000027/origin/DJ341</originID>
    <creationInfo>
      <agencyURI>smi:smi-registry/organization/EMSC</agencyURI>
      <authorURI>smi:smi-registry/organization/NEIC</authorURI>
    </creationInfo>
  </magnitude>
</event>
<event publicID="quakeml:eu.emsc/event/20050419_0000038">
  <preferredOriginID>quakeml:eu.emsc/event/20050419_0000038/origin/1266777</preferredOriginID>
  <preferredMagnitudeID>quakeml:eu.emsc/event/20050419_0000038/origin/1266777/mag/2</preferredMagnitudeID>
  <creationInfo>
    <agencyURI>smi:smi-registry/organization/EMSC</agencyURI>
    <authorURI>smi:smi-registry/organization/EMSC</authorURI>
    <creationTime>2014-12-11T09:15:05.952567Z</creationTime>
  </creationInfo>
  <description>
    <text>CENTRAL ITALY</text>
    <type>Flinn-Engdahl region</type>
  </description>
  <origin publicID="quakeml:eu.emsc/event/20050419_0000038/origin/1266777">
    <time>
      <value>2005-04-19T10:08:10.1Z</value>
    </time>
    <latitude>
      <value>43.326</value>
      <uncertainty>9999.9</uncertainty>
    </latitude>
    <longitude>
      <value>13.232</value>
      <uncertainty>9999.9</uncertainty>
    </longitude>
    <depth>
      <value>6800.0</value>
    </depth>
    <depthType>from location</depthType>
    <methodID>smi:eu.emsc-csem/origin_method/NA</methodID>
    <quality>
      <usedPhaseCount>15</usedPhaseCount>
      <usedStationCount>8</usedStationCount>
      <standardError>1.98</standardError>
      <azimuthalGap>139</azimuthalGap>
      <minimumDistance>0.06</minimumDistance>
      <maximumDistance>0.52</maximumDistance>
    </quality>
    <evaluationMode>manual</evaluationMode>
    <creationInfo>
      <agencyURI>smi:smi-registry/organization/EMSC</agencyURI>
      <authorURI>smi:smi-registry/organization/EMSC</authorURI>
    </creationInfo>
    <originUncertainty>
      <azimuthMaxHorizontalUncertainty>-99</azimuthMaxHorizontalUncertainty>
    </originUncertainty>
  </origin>
  <magnitude publicID="quakeml:eu.emsc/event/20050419_0000038/origin/1266777/mag/2">
    <mag>
      <value>2.2</value>
      <uncertainty>0.2</uncertainty>
    </mag>
    <type>MD</type>
    <originID>quakeml:eu.emsc/event/20050419_0000038/origin/1266777</originID>
    <stationCount>8</stationCount>
    <creationInfo>
      <agencyURI>smi:smi-registry/organization/EMSC</agencyURI>
      <authorURI>smi:smi-registry/organization/EMSC</authorURI>
    </creationInfo>
  </magnitude>
</event>
<event publicID="quakeml:eu.emsc/event/20050419_0000045">
  <preferredOriginID>quakeml:eu.emsc/event/20050419_0000045/origin/1281359</preferredOriginID>
  <preferredMagnitudeID>quakeml:eu.emsc/event/20050419_0000045/origin/1281359/mag/1</preferredMagnitudeID>
  <creationInfo>
    <agencyURI>smi:smi-registry/organization/EMSC</agencyURI>
    <authorURI>smi:smi-registry/organization/EMSC</authorURI>
    <creationTime>2014-12-03T12:14:52.902167Z</creationTime>
  </creationInfo>
  <description>
    <text>NORTHERN ITALY</text>
    <type>Flinn-Engdahl region</type>
  </description>
  <origin publicID="quakeml:eu.emsc/event/20050419_0000045/origin/1281359">
    <time>
      <value>2005-04-19T09:45:51.7Z</value>
      <uncertainty>0.15</uncertainty>
    </time>
    <latitude>
      <value>44.7251</value>
      <uncertainty>4.5</uncertainty>
    </latitude>
    <longitude>
      <value>9.7969</value>
      <uncertainty>2.5</uncertainty>
    </longitude>
    <depth>
      <value>20000</value>
    </depth>
    <depthType>from location</depthType>
    <methodID>smi:eu.emsc-csem/origin_method/NA</methodID>
    <quality>
      <usedPhaseCount>75</usedPhaseCount>
      <usedStationCount>49</usedStationCount>
      <standardError>1.07</standardError>
      <azimuthalGap>97</azimuthalGap>
      <minimumDistance>0.25</minimumDistance>
      <maximumDistance>5.56</maximumDistance>
    </quality>
    <evaluationMode>manual</evaluationMode>
    <creationInfo>
      <agencyURI>smi:smi-registry/organization/EMSC</agencyURI>
      <authorURI>smi:smi-registry/organization/EMSC</authorURI>
    </creationInfo>
    <originUncertainty>
      <azimuthMaxHorizontalUncertainty>39</azimuthMaxHorizontalUncertainty>
    </originUncertainty>
  </origin>
  <magnitude publicID="quakeml:eu.emsc/event/20050419_0000045/origin/1281359/mag/1">
    <mag>
      <value>2.7</value>
      <uncertainty>0.3</uncertainty>
    </mag>
    <type>ML</type>
    <originID>quakeml:eu.emsc/event/20050419_0000045/origin/1281359</originID>
    <stationCount>20</stationCount>
    <creationInfo>
      <agencyURI>smi:smi-registry/organization/EMSC</agencyURI>
      <authorURI>smi:smi-registry/organization/EMSC</authorURI>
    </creationInfo>
  </magnitude>
</event>
<event publicID="quakeml:eu.emsc/event/20050419_0000057">
  <preferredOriginID>quakeml:eu.emsc/event/20050419_0000057/origin/1266779</preferredOriginID>
  <preferredMagnitudeID>quakeml:eu.emsc/event/20050419_0000057/origin/1266779/mag/2</preferredMagnitudeID>
  <creationInfo>
    <agencyURI>smi:smi-registry/organization/EMSC</agencyURI>
    <authorURI>smi:smi-registry/organization/EMSC</authorURI>
    <creationTime>2014-12-11T09:15:01.509051Z</creationTime>
  </creationInfo>
  <description>
    <text>GREECE</text>
    <type>Flinn-Engdahl region</type>
  </description>
  <origin publicID="quakeml:eu.emsc/event/20050419_0000057/origin/1266779">
    <time>
      <value>2005-04-19T09:42:43.1Z</value>
    </time>
    <latitude>
      <value>38.52</value>
      <uncertainty>9999.9</uncertainty>
    </latitude>
    <longitude>
      <value>23.41</value>
      <uncertainty>9999.9</uncertainty>
    </longitude>
    <depth>
      <value>21000</value>
    </depth>
    <depthType>from location</depthType>
    <methodID>smi:eu.emsc-csem/origin_method/NA</methodID>
    <quality>
      <usedPhaseCount>13</usedPhaseCount>
      <usedStationCount>9</usedStationCount>
      <standardError>1.08</standardError>
      <azimuthalGap>153</azimuthalGap>
      <minimumDistance>0.35</minimumDistance>
      <maximumDistance>1.84</maximumDistance>
    </quality>
    <evaluationMode>manual</evaluationMode>
    <creationInfo>
      <agencyURI>smi:smi-registry/organization/EMSC</agencyURI>
      <authorURI>smi:smi-registry/organization/EMSC</authorURI>
    </creationInfo>
    <originUncertainty>
      <azimuthMaxHorizontalUncertainty>-99</azimuthMaxHorizontalUncertainty>
    </originUncertainty>
  </origin>
  <magnitude publicID="quakeml:eu.emsc/event/20050419_0000057/origin/1266779/mag/2">
    <mag>
      <value>3</value>
    </mag>
    <type>ML</type>
    <originID>quakeml:eu.emsc/event/20050419_0000057/origin/1266779</originID>
    <creationInfo>
      <agencyURI>smi:smi-registry/organization/EMSC</agencyURI>
      <authorURI>smi:smi-registry/organization/EMSC</authorURI>
    </creationInfo>
  </magnitude>
</event>
<event publicID="quakeml:eu.emsc/event/20050419_0000055">
  <preferredOriginID>quakeml:eu.emsc/event/20050419_0000055/origin/1281364</preferredOriginID>
  <preferredMagnitudeID>quakeml:eu.emsc/event/20050419_0000055/origin/1281364/mag/1</preferredMagnitudeID>
  <creationInfo>
    <agencyURI>smi:smi-registry/organization/EMSC</agencyURI>
    <authorURI>smi:smi-registry/organization/EMSC</authorURI>
    <creationTime>2014-12-03T11:10:01.425582Z</creationTime>
  </creationInfo>
  <description>
    <text>NORTHERN ITALY</text>
    <type>Flinn-Engdahl region</type>
  </description>
  <origin publicID="quakeml:eu.emsc/event/20050419_0000055/origin/1281364">
    <time>
      <value>2005-04-19T09:39:29.6Z</value>
      <uncertainty>0.14</uncertainty>
    </time>
    <latitude>
      <value>44.7338</value>
      <uncertainty>4</uncertainty>
    </latitude>
    <longitude>
      <value>9.784</value>
      <uncertainty>2.5</uncertainty>
    </longitude>
    <depth>
      <value>19100.0</value>
      <uncertainty>0.1</uncertainty>
    </depth>
    <depthType>from location</depthType>
    <methodID>smi:eu.emsc-csem/origin_method/NA</methodID>
    <quality>
      <usedPhaseCount>80</usedPhaseCount>
      <usedStationCount>50</usedStationCount>
      <standardError>1.02</standardError>
      <azimuthalGap>92</azimuthalGap>
      <minimumDistance>0.32</minimumDistance>
      <maximumDistance>5.55</maximumDistance>
    </quality>
    <evaluationMode>manual</evaluationMode>
    <creationInfo>
      <agencyURI>smi:smi-registry/organization/EMSC</agencyURI>
      <authorURI>smi:smi-registry/organization/EMSC</authorURI>
    </creationInfo>
    <originUncertainty>
      <azimuthMaxHorizontalUncertainty>38</azimuthMaxHorizontalUncertainty>
    </originUncertainty>
  </origin>
  <magnitude publicID="quakeml:eu.emsc/event/20050419_0000055/origin/1281364/mag/1">
    <mag>
      <value>2.9</value>
      <uncertainty>0.3</uncertainty>
    </mag>
    <type>ML</type>
    <originID>quakeml:eu.emsc/event/20050419_0000055/origin/1281364</originID>
    <stationCount>17</stationCount>
    <creationInfo>
      <agencyURI>smi:smi-registry/organization/EMSC</agencyURI>
      <authorURI>smi:smi-registry/organization/EMSC</authorURI>
    </creationInfo>
  </magnitude>
</event>
<event publicID="quakeml:eu.emsc/event/20050419_0000026">
  <preferredOriginID>quakeml:eu.emsc/event/20050419_0000026/origin/DJ442</preferredOriginID>
  <preferredMagnitudeID>quakeml:eu.emsc/event/20050419_0000026/origin/DJ442/mag/1</preferredMagnitudeID>
  <creationInfo>
    <agencyURI>smi:smi-registry/organization/EMSC</agencyURI>
    <authorURI>smi:smi-registry/organization/BUC</authorURI>
    <creationTime>2014-12-01T13:57:42.96509Z</creationTime>
  </creationInfo>
  <description>
    <text>ROMANIA</text>
    <type>Flinn-Engdahl region</type>
  </description>
  <origin publicID="quakeml:eu.emsc/event/20050419_0000026/origin/DJ442">
    <time>
      <value>2005-04-19T09:36:43.3Z</value>
      <uncertainty>0.95</uncertainty>
    </time>
    <latitude>
      <value>44.31</value>
    </latitude>
    <longitude>
      <value>28.45</value>
    </longitude>
    <depth>
      <value>11000.0</value>
    </depth>
    <depthType>from location</depthType>
    <methodID>smi:eu.emsc-csem/origin_method/GEIGER</methodID>
    <quality>
      <usedPhaseCount>5</usedPhaseCount>
      <usedStationCount>3</usedStationCount>
      <standardError>0.18</standardError>
      <azimuthalGap>325</azimuthalGap>
      <minimumDistance>0.15</minimumDistance>
      <maximumDistance>0.90</maximumDistance>
    </quality>
    <evaluationMode>manual</evaluationMode>
    <creationInfo>
      <agencyURI>smi:smi-registry/organization/EMSC</agencyURI>
      <authorURI>smi:smi-registry/organization/BUC</authorURI>
    </creationInfo>
  </origin>
  <magnitude publicID="quakeml:eu.emsc/event/20050419_0000026/origin/DJ442/mag/1">
    <mag>
      <value>2.7</value>
    </mag>
    <type>ml</type>
    <originID>quakeml:eu.emsc/event/20050419_0000026/origin/DJ442</originID>
    <creationInfo>
      <agencyURI>smi:smi-registry/organization/EMSC</agencyURI>
      <authorURI>smi:smi-registry/organization/BUC</authorURI>
    </creationInfo>
  </magnitude>
</event>
<event publicID="quakeml:eu.emsc/event/20050419_0000025">
  <preferredOriginID>quakeml:eu.emsc/event/20050419_0000025/origin/DJ601</preferredOriginID>
  <preferredMagnitudeID>quakeml:eu.emsc/event/20050419_0000025/origin/DJ601/mag/1</preferredMagnitudeID>
  <creationInfo>
    <agencyURI>smi:smi-registry/organization/EMSC</agencyURI>
    <authorURI>smi:smi-registry/organization/EMSC</authorURI>
    <creationTime>2014-12-01T13:44:35.623269Z</creationTime>
  </creationInfo>
  <description>
    <text>HINDU KUSH REGION, AFGHANISTAN</text>
    <type>Flinn-Engdahl region</type>
  </description>
  <origin publicID="quakeml:eu.emsc/event/20050419_0000025/origin/DJ601">
    <time>
      <value>2005-04-19T08:55:17.2Z</value>
      <uncertainty>0.34</uncertainty>
    </time>
    <latitude>
      <value>36.38</value>
    </latitude>
    <longitude>
      <value>71.17</value>
    </longitude>
    <depth>
      <value>200000.0</value>
    </depth>
    <depthType>from location</depthType>
    <methodID>smi:eu.emsc-csem/origin_method/NA</methodID>
    <quality>
      <usedPhaseCount>12</usedPhaseCount>
      <usedStationCount>12</usedStationCount>
      <standardError>0.67</standardError>
      <azimuthalGap>180</azimuthalGap>
      <minimumDistance>6.73</minimumDistance>
      <maximumDistance>81.81</maximumDistance>
    </quality>
    <evaluationMode>automatic</evaluationMode>
    <creationInfo>
      <agencyURI>smi:smi-registry/organization/EMSC</agencyURI>
      <authorURI>smi:smi-registry/organization/EMSC</authorURI>
    </creationInfo>
  </origin>
  <magnitude publicID="quakeml:eu.emsc/event/20050419_0000025/origin/DJ601/mag/1">
    <mag>
      <value>4.3</value>
      <uncertainty>0.2</uncertainty>
    </mag>
    <type>mb</type>
    <originID>quakeml:eu.emsc/event/20050419_0000025/origin/DJ601</originID>
    <stationCount>3</stationCount>
    <creationInfo>
      <agencyURI>smi:smi-registry/organization/EMSC</agencyURI>
      <authorURI>smi:smi-registry/organization/EMSC</authorURI>
    </creationInfo>
  </magnitude>
</event>
<event publicID="quakeml:eu.emsc/event/20050419_0000050">
  <preferredOriginID>quakeml:eu.emsc/event/20050419_0000050/origin/1283739</preferredOriginID>
  <preferredMagnitudeID>quakeml:eu.emsc/event/20050419_0000050/origin/1283739/mag/2</preferredMagnitudeID>
  <creationInfo>
    <agencyURI>smi:smi-registry/organization/EMSC</agencyURI>
    <authorURI>smi:smi-registry/organization/EMSC</authorURI>
    <creationTime>2014-12-03T10:30:43.533623Z</creationTime>
  </creationInfo>
  <description>
    <text>SLOVENIA</text>
    <type>Flinn-Engdahl region</type>
  </description>
  <origin publicID="quakeml:eu.emsc/event/20050419_0000050/origin/1283739">
    <time>
      <value>2005-04-19T08:50:44.1Z</value>
      <uncertainty>0.04</uncertainty>
    </time>
    <latitude>
      <value>46.0723</value>
      <uncertainty>1</uncertainty>
    </latitude>
    <longitude>
      <value>14.7551</value>
      <uncertainty>0.9</uncertainty>
    </longitude>
    <depth>
      <value>10000</value>
    </depth>
    <depthType>from location</depthType>
    <methodID>smi:eu.emsc-csem/origin_method/NA</methodID>
    <quality>
      <usedPhaseCount>11</usedPhaseCount>
      <usedStationCount>6</usedStationCount>
      <standardError>0.15</standardError>
      <azimuthalGap>82</azimuthalGap>
      <minimumDistance>0.16</minimumDistance>
      <maximumDistance>0.65</maximumDistance>
    </quality>
    <evaluationMode>manual</evaluationMode>
    <creationInfo>
      <agencyURI>smi:smi-registry/organization/EMSC</agencyURI>
      <authorURI>smi:smi-registry/organization/EMSC</authorURI>
    </creationInfo>
    <originUncertainty>
      <azimuthMaxHorizontalUncertainty>120</azimuthMaxHorizontalUncertainty>
    </originUncertainty>
  </origin>
  <magnitude publicID="quakeml:eu.emsc/event/20050419_0000050/origin/1283739/mag/2">
    <mag>
      <value>1.2</value>
    </mag>
    <type>ML</type>
    <originID>quakeml:eu.emsc/event/20050419_0000050/origin/1283739</originID>
    <creationInfo>
      <agencyURI>smi:smi-registry/organization/EMSC</agencyURI>
      <authorURI>smi:smi-registry/organization/EMSC</authorURI>
    </creationInfo>
  </magnitude>
</event>
<event publicID="quakeml:eu.emsc/event/20050419_0000047">
  <preferredOriginID>quakeml:eu.emsc/event/20050419_0000047/origin/1266781</preferredOriginID>
  <preferredMagnitudeID>quakeml:eu.emsc/event/20050419_0000047/origin/1266781/mag/2</preferredMagnitudeID>
  <creationInfo>
    <agencyURI>smi:smi-registry/organization/EMSC</agencyURI>
    <authorURI>smi:smi-registry/organization/EMSC</authorURI>
    <creationTime>2014-12-11T09:14:47.18726Z</creationTime>
  </creationInfo>
  <description>
    <text>SICILY, ITALY</text>
    <type>Flinn-Engdahl region</type>
  </description>
  <origin publicID="quakeml:eu.emsc/event/20050419_0000047/origin/1266781">
    <time>
      <value>2005-04-19T08:47:35.3Z</value>
    </time>
    <latitude>
      <value>37.895</value>
      <uncertainty>9999.9</uncertainty>
    </latitude>
    <longitude>
      <value>14.711</value>
      <uncertainty>9999.9</uncertainty>
    </longitude>
    <depth>
      <value>26400.0</value>
    </depth>
    <depthType>from location</depthType>
    <methodID>smi:eu.emsc-csem/origin_method/NA</methodID>
    <quality>
      <usedPhaseCount>16</usedPhaseCount>
      <usedStationCount>9</usedStationCount>
      <standardError>2.08</standardError>
      <azimuthalGap>112</azimuthalGap>
      <minimumDistance>0.04</minimumDistance>
      <maximumDistance>1.08</maximumDistance>
    </quality>
    <evaluationMode>manual</evaluationMode>
    <creationInfo>
      <agencyURI>smi:smi-registry/organization/EMSC</agencyURI>
      <authorURI>smi:smi-registry/organization/EMSC</authorURI>
    </creationInfo>
    <originUncertainty>
      <azimuthMaxHorizontalUncertainty>-99</azimuthMaxHorizontalUncertainty>
    </originUncertainty>
  </origin>
  <magnitude publicID="quakeml:eu.emsc/event/20050419_0000047/origin/1266781/mag/2">
    <mag>
      <value>2.3</value>
      <uncertainty>0.3</uncertainty>
    </mag>
    <type>MD</type>
    <originID>quakeml:eu.emsc/event/20050419_0000047/origin/1266781</originID>
    <stationCount>9</stationCount>
    <creationInfo>
      <agencyURI>smi:smi-registry/organization/EMSC</agencyURI>
      <authorURI>smi:smi-registry/organization/EMSC</authorURI>
    </creationInfo>
  </magnitude>
</event>
<event publicID="quakeml:eu.emsc/event/20050419_0000023">
  <preferredOriginID>quakeml:eu.emsc/event/20050419_0000023/origin/1283747</preferredOriginID>
  <preferredMagnitudeID>quakeml:eu.emsc/event/20050419_0000023/origin/1283747/mag/1</preferredMagnitudeID>
  <creationInfo>
    <agencyURI>smi:smi-registry/organization/EMSC</agencyURI>
    <authorURI>smi:smi-registry/organization/EMSC</authorURI>
    <creationTime>2014-12-03T14:23:19.34983Z</creationTime>
  </creationInfo>
  <description>
    <text>NORTHERN ITALY</text>
    <type>Flinn-Engdahl region</type>
  </description>
  <origin publicID="quakeml:eu.emsc/event/20050419_0000023/origin/1283747">
    <time>
      <value>2005-04-19T08:27:40.0Z</value>
      <uncertainty>0.07</uncertainty>
    </time>
    <latitude>
      <value>44.7679</value>
      <uncertainty>2.1</uncertainty>
    </latitude>
    <longitude>
      <value>9.7039</value>
      <uncertainty>1.7</uncertainty>
    </longitude>
    <depth>
      <value>10000</value>
    </depth>
    <depthType>from location</depthType>
    <methodID>smi:eu.emsc-csem/origin_method/NA</methodID>
    <quality>
      <usedPhaseCount>186</usedPhaseCount>
      <usedStationCount>153</usedStationCount>
      <standardError>1.01</standardError>
      <azimuthalGap>42</azimuthalGap>
      <minimumDistance>0.18</minimumDistance>
      <maximumDistance>8.13</maximumDistance>
    </quality>
    <evaluationMode>manual</evaluationMode>
    <creationInfo>
      <agencyURI>smi:smi-registry/organization/EMSC</agencyURI>
      <authorURI>smi:smi-registry/organization/EMSC</authorURI>
    </creationInfo>
    <originUncertainty>
      <azimuthMaxHorizontalUncertainty>30</azimuthMaxHorizontalUncertainty>
    </originUncertainty>
  </origin>
  <magnitude publicID="quakeml:eu.emsc/event/20050419_0000023/origin/1283747/mag/1">
    <mag>
      <value>3.9</value>
      <uncertainty>0.5</uncertainty>
    </mag>
    <type>ML</type>
    <originID>quakeml:eu.emsc/event/20050419_0000023/origin/1283747</originID>
    <stationCount>9</stationCount>
    <creationInfo>
      <agencyURI>smi:smi-registry/organization/EMSC</agencyURI>
      <authorURI>smi:smi-registry/organization/EMSC</authorURI>
    </creationInfo>
  </magnitude>
</event>
<event publicID="quakeml:eu.emsc/event/20050419_0000048">
  <preferredOriginID>quakeml:eu.emsc/event/20050419_0000048/origin/1281367</preferredOriginID>
  <preferredMagnitudeID>quakeml:eu.emsc/event/20050419_0000048/origin/1281367/mag/2</preferredMagnitudeID>
  <creationInfo>
    <agencyURI>smi:smi-registry/organization/EMSC</agencyURI>
    <authorURI>smi:smi-registry/organization/EMSC</authorURI>
    <creationTime>2014-12-03T11:41:32.415107Z</creationTime>
  </creationInfo>
  <description>
    <text>CRETE, GREECE</text>
    <type>Flinn-Engdahl region</type>
  </description>
  <origin publicID="quakeml:eu.emsc/event/20050419_0000048/origin/1281367">
    <time>
      <value>2005-04-19T07:48:01.4Z</value>
      <uncertainty>0.25</uncertainty>
    </time>
    <latitude>
      <value>34.3836</value>
      <uncertainty>10.2</uncertainty>
    </latitude>
    <longitude>
      <value>26.3661</value>
      <uncertainty>5.3</uncertainty>
    </longitude>
    <depth>
      <value>2000</value>
    </depth>
    <depthType>from location</depthType>
    <methodID>smi:eu.emsc-csem/origin_method/NA</methodID>
    <quality>
      <usedPhaseCount>11</usedPhaseCount>
      <usedStationCount>9</usedStationCount>
      <standardError>0.84</standardError>
      <azimuthalGap>112</azimuthalGap>
      <minimumDistance>0.74</minimumDistance>
      <maximumDistance>7.4</maximumDistance>
    </quality>
    <evaluationMode>manual</evaluationMode>
    <creationInfo>
      <agencyURI>smi:smi-registry/organization/EMSC</agencyURI>
      <authorURI>smi:smi-registry/organization/EMSC</authorURI>
    </creationInfo>
    <originUncertainty>
      <azimuthMaxHorizontalUncertainty>63</azimuthMaxHorizontalUncertainty>
    </originUncertainty>
  </origin>
  <magnitude publicID="quakeml:eu.emsc/event/20050419_0000048/origin/1281367/mag/2">
    <mag>
      <value>3.2</value>
    </mag>
    <type>ML</type>
    <originID>quakeml:eu.emsc/event/20050419_0000048/origin/1281367</originID>
    <creationInfo>
      <agencyURI>smi:smi-registry/organization/EMSC</agencyURI>
      <authorURI>smi:smi-registry/organization/EMSC</authorURI>
    </creationInfo>
  </magnitude>
</event>
<event publicID="quakeml:eu.emsc/event/20050419_0000022">
  <preferredOriginID>quakeml:eu.emsc/event/20050419_0000022/origin/1283757</preferredOriginID>
  <preferredMagnitudeID>quakeml:eu.emsc/event/20050419_0000022/origin/1283757/mag/1</preferredMagnitudeID>
  <creationInfo>
    <agencyURI>smi:smi-registry/organization/EMSC</agencyURI>
    <authorURI>smi:smi-registry/organization/EMSC</authorURI>
    <creationTime>2014-12-03T12:52:25.593469Z</creationTime>
  </creationInfo>
  <description>
    <text>NORTHERN ITALY</text>
    <type>Flinn-Engdahl region</type>
  </description>
  <origin publicID="quakeml:eu.emsc/event/20050419_0000022/origin/1283757">
    <time>
      <value>2005-04-19T07:42:01.2Z</value>
      <uncertainty>0.08</uncertainty>
    </time>
    <latitude>
      <value>44.7688</value>
      <uncertainty>2.1</uncertainty>
    </latitude>
    <longitude>
      <value>9.7807</value>
      <uncertainty>1.8</uncertainty>
    </longitude>
    <depth>
      <value>12000</value>
    </depth>
    <depthType>from location</depthType>
    <methodID>smi:eu.emsc-csem/origin_method/NA</methodID>
    <quality>
      <usedPhaseCount>225</usedPhaseCount>
      <usedStationCount>177</usedStationCount>
      <standardError>1.09</standardError>
      <azimuthalGap>33</azimuthalGap>
      <minimumDistance>0.24</minimumDistance>
      <maximumDistance>18.34</maximumDistance>
    </quality>
    <evaluationMode>manual</evaluationMode>
    <creationInfo>
      <agencyURI>smi:smi-registry/organization/EMSC</agencyURI>
      <authorURI>smi:smi-registry/organization/EMSC</authorURI>
    </creationInfo>
    <originUncertainty>
      <azimuthMaxHorizontalUncertainty>25</azimuthMaxHorizontalUncertainty>
    </originUncertainty>
  </origin>
  <magnitude publicID="quakeml:eu.emsc/event/20050419_0000022/origin/1283757/mag/1">
    <mag>
      <value>4.3</value>
      <uncertainty>0.3</uncertainty>
    </mag>
    <type>ML</type>
    <originID>quakeml:eu.emsc/event/20050419_0000022/origin/1283757</originID>
    <stationCount>14</stationCount>
    <creationInfo>
      <agencyURI>smi:smi-registry/organization/EMSC</agencyURI>
      <authorURI>smi:smi-registry/organization/EMSC</authorURI>
    </creationInfo>
  </magnitude>
</event>
<event publicID="quakeml:eu.emsc/event/20050419_0000046">
  <preferredOriginID>quakeml:eu.emsc/event/20050419_0000046/origin/1271453</preferredOriginID>
  <preferredMagnitudeID>quakeml:eu.emsc/event/20050419_0000046/origin/1271453/mag/2</preferredMagnitudeID>
  <creationInfo>
    <agencyURI>smi:smi-registry/organization/EMSC</agencyURI>
    <authorURI>smi:smi-registry/organization/EMSC</authorURI>
    <creationTime>2014-12-03T11:47:09.336619Z</creationTime>
  </creationInfo>
  <description>
    <text>SOUTHERN ITALY</text>
    <type>Flinn-Engdahl region</type>
  </description>
  <origin publicID="quakeml:eu.emsc/event/20050419_0000046/origin/1271453">
    <time>
      <value>2005-04-19T07:09:38.2Z</value>
    </time>
    <latitude>
      <value>41.645</value>
      <uncertainty>9999.9</uncertainty>
    </latitude>
    <longitude>
      <value>14.166</value>
      <uncertainty>9999.9</uncertainty>
    </longitude>
    <depth>
      <value>3900.0</value>
    </depth>
    <depthType>from location</depthType>
    <methodID>smi:eu.emsc-csem/origin_method/NA</methodID>
    <quality>
      <usedPhaseCount>5</usedPhaseCount>
      <usedStationCount>3</usedStationCount>
      <standardError>0.6</standardError>
      <azimuthalGap>190</azimuthalGap>
      <minimumDistance>0.06</minimumDistance>
      <maximumDistance>0.27</maximumDistance>
    </quality>
    <evaluationMode>manual</evaluationMode>
    <creationInfo>
      <agencyURI>smi:smi-registry/organization/EMSC</agencyURI>
      <authorURI>smi:smi-registry/organization/EMSC</authorURI>
    </creationInfo>
    <originUncertainty>
      <azimuthMaxHorizontalUncertainty>-99</azimuthMaxHorizontalUncertainty>
    </originUncertainty>
  </origin>
  <magnitude publicID="quakeml:eu.emsc/event/20050419_0000046/origin/1271453/mag/2">
    <mag>
      <value>1.7</value>
      <uncertainty>0.1</uncertainty>
    </mag>
    <type>MD</type>
    <originID>quakeml:eu.emsc/event/20050419_0000046/origin/1271453</originID>
    <stationCount>3</stationCount>
    <creationInfo>
      <agencyURI>smi:smi-registry/organization/EMSC</agencyURI>
      <authorURI>smi:smi-registry/organization/EMSC</authorURI>
    </creationInfo>
  </magnitude>
</event>
<event publicID="quakeml:eu.emsc/event/20050419_0000021">
  <preferredOriginID>quakeml:eu.emsc/event/20050419_0000021/origin/DJ660</preferredOriginID>
  <preferredMagnitudeID>quakeml:eu.emsc/event/20050419_0000021/origin/DJ660/mag/1</preferredMagnitudeID>
  <creationInfo>
    <agencyURI>smi:smi-registry/organization/EMSC</agencyURI>
    <authorURI>smi:smi-registry/organization/ATH</authorURI>
    <creationTime>2014-12-01T15:44:10.436651Z</creationTime>
  </creationInfo>
  <description>
    <text>WESTERN TURKEY</text>
    <type>Flinn-Engdahl region</type>
  </description>
  <origin publicID="quakeml:eu.emsc/event/20050419_0000021/origin/DJ660">
    <time>
      <value>2005-04-19T06:35:50.0Z</value>
    </time>
    <latitude>
      <value>38.1</value>
    </latitude>
    <longitude>
      <value>27.03</value>
    </longitude>
    <depth>
      <value>1000.0</value>
    </depth>
    <depthType>from location</depthType>
    <methodID>smi:eu.emsc-csem/origin_method/GEIGER</methodID>
    <quality>
      <usedPhaseCount>4</usedPhaseCount>
      <usedStationCount>4</usedStationCount>
      <azimuthalGap>291</azimuthalGap>
      <minimumDistance>3.05</minimumDistance>
      <maximumDistance>4.39</maximumDistance>
    </quality>
    <evaluationMode>automatic</evaluationMode>
    <creationInfo>
      <agencyURI>smi:smi-registry/organization/EMSC</agencyURI>
      <authorURI>smi:smi-registry/organization/ATH</authorURI>
    </creationInfo>
  </origin>
  <magnitude publicID="quakeml:eu.emsc/event/20050419_0000021/origin/DJ660/mag/1">
    <mag>
      <value>3.6</value>
    </mag>
    <type>ml</type>
    <originID>quakeml:eu.emsc/event/20050419_0000021/origin/DJ660</originID>
    <creationInfo>
      <agencyURI>smi:smi-registry/organization/EMSC</agencyURI>
      <authorURI>smi:smi-registry/organization/ATH</authorURI>
    </creationInfo>
  </magnitude>
</event>
<event publicID="quakeml:eu.emsc/event/20050419_0000051">
  <preferredOriginID>quakeml:eu.emsc/event/20050419_0000051/origin/1266783</preferredOriginID>
  <preferredMagnitudeID>quakeml:eu.emsc/event/20050419_0000051/origin/1266783/mag/2</preferredMagnitudeID>
  <creationInfo>
    <agencyURI>smi:smi-registry/organization/EMSC</agencyURI>
    <authorURI>smi:smi-registry/organization/EMSC</authorURI>
    <creationTime>2014-12-10T18:00:04.645368Z</creationTime>
  </creationInfo>
  <description>
    <text>NORTHERN ITALY</text>
    <type>Flinn-Engdahl region</type>
  </description>
  <origin publicID="quakeml:eu.emsc/event/20050419_0000051/origin/1266783">
    <time>
      <value>2005-04-19T05:26:39.6Z</value>
    </time>
    <latitude>
      <value>44.7288</value>
      <uncertainty>9999.9</uncertainty>
    </latitude>
    <longitude>
      <value>9.2382</value>
      <uncertainty>9999.9</uncertainty>
    </longitude>
    <depth>
      <value>15000</value>
    </depth>
    <depthType>from location</depthType>
    <methodID>smi:eu.emsc-csem/origin_method/NA</methodID>
    <quality>
      <usedPhaseCount>11</usedPhaseCount>
      <usedStationCount>8</usedStationCount>
      <standardError>0.67</standardError>
      <azimuthalGap>324</azimuthalGap>
      <minimumDistance>0.39</minimumDistance>
      <maximumDistance>1.29</maximumDistance>
    </quality>
    <evaluationMode>manual</evaluationMode>
    <creationInfo>
      <agencyURI>smi:smi-registry/organization/EMSC</agencyURI>
      <authorURI>smi:smi-registry/organization/EMSC</authorURI>
    </creationInfo>
    <originUncertainty>
      <azimuthMaxHorizontalUncertainty>-99</azimuthMaxHorizontalUncertainty>
    </originUncertainty>
  </origin>
  <magnitude publicID="quakeml:eu.emsc/event/20050419_0000051/origin/1266783/mag/2">
    <mag>
      <value>2.2</value>
    </mag>
    <type>ML</type>
    <originID>quakeml:eu.emsc/event/20050419_0000051/origin/1266783</originID>
    <creationInfo>
      <agencyURI>smi:smi-registry/organization/EMSC</agencyURI>
      <authorURI>smi:smi-registry/organization/EMSC</authorURI>
    </creationInfo>
  </magnitude>
</event>
<event publicID="quakeml:eu.emsc/event/20050419_0000020">
  <preferredOriginID>quakeml:eu.emsc/event/20050419_0000020/origin/DJ394</preferredOriginID>
  <preferredMagnitudeID>quakeml:eu.emsc/event/20050419_0000020/origin/DJ394/mag/1</preferredMagnitudeID>
  <creationInfo>
    <agencyURI>smi:smi-registry/organization/EMSC</agencyURI>
    <authorURI>smi:smi-registry/organization/EMSC</authorURI>
    <creationTime>2014-12-01T13:44:35.206931Z</creationTime>
  </creationInfo>
  <description>
    <text>IZU ISLANDS, JAPAN REGION</text>
    <type>Flinn-Engdahl region</type>
  </description>
  <origin publicID="quakeml:eu.emsc/event/20050419_0000020/origin/DJ394">
    <time>
      <value>2005-04-19T01:46:54.7Z</value>
      <uncertainty>0.05</uncertainty>
    </time>
    <latitude>
      <value>29.82</value>
    </latitude>
    <longitude>
      <value>138.89</value>
    </longitude>
    <depth>
      <value>400000.0</value>
    </depth>
    <depthType>from location</depthType>
    <methodID>smi:eu.emsc-csem/origin_method/NA</methodID>
    <quality>
      <usedPhaseCount>358</usedPhaseCount>
      <usedStationCount>303</usedStationCount>
      <standardError>0.83</standardError>
      <azimuthalGap>70</azimuthalGap>
      <minimumDistance>6.73</minimumDistance>
      <maximumDistance>103.66</maximumDistance>
    </quality>
    <evaluationMode>automatic</evaluationMode>
    <creationInfo>
      <agencyURI>smi:smi-registry/organization/EMSC</agencyURI>
      <authorURI>smi:smi-registry/organization/EMSC</authorURI>
    </creationInfo>
  </origin>
  <magnitude publicID="quakeml:eu.emsc/event/20050419_0000020/origin/DJ394/mag/1">
    <mag>
      <value>5.6</value>
      <uncertainty>0.3</uncertainty>
    </mag>
    <type>mb</type>
    <originID>quakeml:eu.emsc/event/20050419_0000020/origin/DJ394</originID>
    <stationCount>99</stationCount>
    <creationInfo>
      <agencyURI>smi:smi-registry/organization/EMSC</agencyURI>
      <authorURI>smi:smi-registry/organization/EMSC</authorURI>
    </creationInfo>
  </magnitude>
</event>
<event publicID="quakeml:eu.emsc/event/20050419_0000064">
  <preferredOriginID>quakeml:eu.emsc/event/20050419_0000064/origin/1281371</preferredOriginID>
  <preferredMagnitudeID>quakeml:eu.emsc/event/20050419_0000064/origin/1281371/mag/2</preferredMagnitudeID>
  <creationInfo>
    <agencyURI>smi:smi-registry/organization/EMSC</agencyURI>
    <authorURI>smi:smi-registry/organization/EMSC</authorURI>
    <creationTime>2014-12-03T10:31:22.30587Z</creationTime>
  </creationInfo>
  <description>
    <text>GREECE</text>
    <type>Flinn-Engdahl region</type>
  </description>
  <origin publicID="quakeml:eu.emsc/event/20050419_0000064/origin/1281371">
    <time>
      <value>2005-04-19T00:59:37.2Z</value>
      <uncertainty>0.22</uncertainty>
    </time>
    <latitude>
      <value>38.7889</value>
      <uncertainty>7.6</uncertainty>
    </latitude>
    <longitude>
      <value>23.7498</value>
      <uncertainty>3.3</uncertainty>
    </longitude>
    <depth>
      <value>19200.0</value>
      <uncertainty>0.4</uncertainty>
    </depth>
    <depthType>from location</depthType>
    <methodID>smi:eu.emsc-csem/origin_method/NA</methodID>
    <quality>
      <usedPhaseCount>19</usedPhaseCount>
      <usedStationCount>14</usedStationCount>
      <standardError>0.86</standardError>
      <azimuthalGap>158</azimuthalGap>
      <minimumDistance>0.39</minimumDistance>
      <maximumDistance>2.33</maximumDistance>
    </quality>
    <evaluationMode>manual</evaluationMode>
    <creationInfo>
      <agencyURI>smi:smi-registry/organization/EMSC</agencyURI>
      <authorURI>smi:smi-registry/organization/EMSC</authorURI>
    </creationInfo>
    <originUncertainty>
      <azimuthMaxHorizontalUncertainty>88</azimuthMaxHorizontalUncertainty>
    </originUncertainty>
  </origin>
  <magnitude publicID="quakeml:eu.emsc/event/20050419_0000064/origin/1281371/mag/2">
    <mag>
      <value>2.7</value>
    </mag>
    <type>ML</type>
    <originID>quakeml:eu.emsc/event/20050419_0000064/origin/1281371</originID>
    <creationInfo>
      <agencyURI>smi:smi-registry/organization/EMSC</agencyURI>
      <authorURI>smi:smi-registry/organization/EMSC</authorURI>
    </creationInfo>
  </magnitude>
</event>
<event publicID="quakeml:eu.emsc/event/20050419_0000019">
  <preferredOriginID>quakeml:eu.emsc/event/20050419_0000019/origin/DJ395</preferredOriginID>
  <preferredMagnitudeID>quakeml:eu.emsc/event/20050419_0000019/origin/DJ395/mag/1</preferredMagnitudeID>
  <creationInfo>
    <agencyURI>smi:smi-registry/organization/EMSC</agencyURI>
    <authorURI>smi:smi-registry/organization/EMSC</authorURI>
    <creationTime>2014-12-01T12:27:17.365007Z</creationTime>
  </creationInfo>
  <description>
    <text>MINDORO, PHILIPPINES</text>
    <type>Flinn-Engdahl region</type>
  </description>
  <origin publicID="quakeml:eu.emsc/event/20050419_0000019/origin/DJ395">
    <time>
      <value>2005-04-19T00:31:44.4Z</value>
      <uncertainty>0.13</uncertainty>
    </time>
    <latitude>
      <value>13.99</value>
    </latitude>
    <longitude>
      <value>120.75</value>
    </longitude>
    <depth>
      <value>200000.0</value>
    </depth>
    <depthType>from location</depthType>
    <methodID>smi:eu.emsc-csem/origin_method/NA</methodID>
    <quality>
      <usedPhaseCount>78</usedPhaseCount>
      <usedStationCount>63</usedStationCount>
      <standardError>1.08</standardError>
      <azimuthalGap>82</azimuthalGap>
      <minimumDistance>11.60</minimumDistance>
      <maximumDistance>154.62</maximumDistance>
    </quality>
    <evaluationMode>automatic</evaluationMode>
    <creationInfo>
      <agencyURI>smi:smi-registry/organization/EMSC</agencyURI>
      <authorURI>smi:smi-registry/organization/EMSC</authorURI>
    </creationInfo>
  </origin>
  <magnitude publicID="quakeml:eu.emsc/event/20050419_0000019/origin/DJ395/mag/1">
    <mag>
      <value>5.0</value>
      <uncertainty>0.4</uncertainty>
    </mag>
    <type>mb</type>
    <originID>quakeml:eu.emsc/event/20050419_0000019/origin/DJ395</originID>
    <stationCount>33</stationCount>
    <creationInfo>
      <agencyURI>smi:smi-registry/organization/EMSC</agencyURI>
      <authorURI>smi:smi-registry/organization/EMSC</authorURI>
    </creationInfo>
  </magnitude>
</event>
<event publicID="quakeml:eu.emsc/event/20050419_0000060">
  <preferredOriginID>quakeml:eu.emsc/event/20050419_0000060/origin/1281374</preferredOriginID>
  <preferredMagnitudeID>quakeml:eu.emsc/event/20050419_0000060/origin/1281374/mag/2</preferredMagnitudeID>
  <creationInfo>
    <agencyURI>smi:smi-registry/organization/EMSC</agencyURI>
    <authorURI>smi:smi-registry/organization/EMSC</authorURI>
    <creationTime>2014-12-03T10:29:07.687134Z</creationTime>
  </creationInfo>
  <description>
    <text>STRAIT OF GIBRALTAR</text>
    <type>Flinn-Engdahl region</type>
  </description>
  <origin publicID="quakeml:eu.emsc/event/20050419_0000060/origin/1281374">
    <time>
      <value>2005-04-19T00:26:46.8Z</value>
      <uncertainty>0.19</uncertainty>
    </time>
    <latitude>
      <value>35.1604</value>
      <uncertainty>6.4</uncertainty>
    </latitude>
    <longitude>
      <value>-3.9774</value>
      <uncertainty>3.9</uncertainty>
    </longitude>
    <depth>
      <value>5000</value>
    </depth>
    <depthType>from location</depthType>
    <methodID>smi:eu.emsc-csem/origin_method/NA</methodID>
    <quality>
      <usedPhaseCount>19</usedPhaseCount>
      <usedStationCount>11</usedStationCount>
      <standardError>0.86</standardError>
      <azimuthalGap>121</azimuthalGap>
      <minimumDistance>0.07</minimumDistance>
      <maximumDistance>4.33</maximumDistance>
    </quality>
    <evaluationMode>manual</evaluationMode>
    <creationInfo>
      <agencyURI>smi:smi-registry/organization/EMSC</agencyURI>
      <authorURI>smi:smi-registry/organization/EMSC</authorURI>
    </creationInfo>
    <originUncertainty>
      <azimuthMaxHorizontalUncertainty>79</azimuthMaxHorizontalUncertainty>
    </originUncertainty>
  </origin>
  <magnitude publicID="quakeml:eu.emsc/event/20050419_0000060/origin/1281374/mag/2">
    <mag>
      <value>2.4</value>
    </mag>
    <type>MD</type>
    <originID>quakeml:eu.emsc/event/20050419_0000060/origin/1281374</originID>
    <creationInfo>
      <agencyURI>smi:smi-registry/organization/EMSC</agencyURI>
      <authorURI>smi:smi-registry/organization/EMSC</authorURI>
    </creationInfo>
  </magnitude>
</event>
<event publicID="quakeml:eu.emsc/event/20050419_0000043">
  <preferredOriginID>quakeml:eu.emsc/event/20050419_0000043/origin/1283760</preferredOriginID>
  <preferredMagnitudeID>quakeml:eu.emsc/event/20050419_0000043/origin/1283760/mag/1</preferredMagnitudeID>
  <creationInfo>
    <agencyURI>smi:smi-registry/organization/EMSC</agencyURI>
    <authorURI>smi:smi-registry/organization/EMSC</authorURI>
    <creationTime>2014-12-03T10:49:20.33164Z</creationTime>
  </creationInfo>
  <description>
    <text>NORTHERN ITALY</text>
    <type>Flinn-Engdahl region</type>
  </description>
  <origin publicID="quakeml:eu.emsc/event/20050419_0000043/origin/1283760">
    <time>
      <value>2005-04-19T00:16:40.2Z</value>
      <uncertainty>0.11</uncertainty>
    </time>
    <latitude>
      <value>46.3548</value>
      <uncertainty>2.5</uncertainty>
    </latitude>
    <longitude>
      <value>12.0499</value>
      <uncertainty>1.8</uncertainty>
    </longitude>
    <depth>
      <value>5000</value>
    </depth>
    <depthType>from location</depthType>
    <methodID>smi:eu.emsc-csem/origin_method/NA</methodID>
    <quality>
      <usedPhaseCount>55</usedPhaseCount>
      <usedStationCount>29</usedStationCount>
      <standardError>0.76</standardError>
      <azimuthalGap>60</azimuthalGap>
      <minimumDistance>0.21</minimumDistance>
      <maximumDistance>2.96</maximumDistance>
    </quality>
    <evaluationMode>manual</evaluationMode>
    <creationInfo>
      <agencyURI>smi:smi-registry/organization/EMSC</agencyURI>
      <authorURI>smi:smi-registry/organization/EMSC</authorURI>
    </creationInfo>
    <originUncertainty>
      <azimuthMaxHorizontalUncertainty>31</azimuthMaxHorizontalUncertainty>
    </originUncertainty>
  </origin>
  <magnitude publicID="quakeml:eu.emsc/event/20050419_0000043/origin/1283760/mag/1">
    <mag>
      <value>2.7</value>
      <uncertainty>0.2</uncertainty>
    </mag>
    <type>ML</type>
    <originID>quakeml:eu.emsc/event/20050419_0000043/origin/1283760</originID>
    <stationCount>11</stationCount>
    <creationInfo>
      <agencyURI>smi:smi-registry/organization/EMSC</agencyURI>
      <authorURI>smi:smi-registry/organization/EMSC</authorURI>
    </creationInfo>
  </magnitude>
</event>
</eventParameters>
</q:quakeml>
