<?xml version="1.0"?>
<q:quakeml xmlns:q="http://quakeml.org/xmlns/quakeml/1.2"  xmlns="http://quakeml.org/xmlns/bed/1.2">
<eventParameters publicID="smi:eu.emsc/unid">
<event publicID="quakeml:eu.emsc/event/20050114_0000051">
  <preferredOriginID>quakeml:eu.emsc/event/20050114_0000051/origin/CA846</preferredOriginID>
  <preferredMagnitudeID>quakeml:eu.emsc/event/20050114_0000051/origin/CA846/mag/1</preferredMagnitudeID>
  <creationInfo>
    <agencyURI>smi:smi-registry/organization/EMSC</agencyURI>
    <authorURI>smi:smi-registry/organization/ATH</authorURI>
    <creationTime>2014-12-01T12:19:12.652638Z</creationTime>
  </creationInfo>
  <description>
    <text>DODECANESE ISLANDS, GREECE</text>
    <type>Flinn-Engdahl region</type>
  </description>
  <origin publicID="quakeml:eu.emsc/event/20050114_0000051/origin/CA846">
    <time>
      <value>2005-01-14T23:22:22.0Z</value>
    </time>
    <latitude>
      <value>37.9</value>
    </latitude>
    <longitude>
      <value>25.1</value>
    </longitude>
    <depth>
      <value>1000.0</value>
    </depth>
    <depthType>from location</depthType>
    <methodID>smi:eu.emsc-csem/origin_method/GEIGER</methodID>
    <quality>
      <usedPhaseCount>4</usedPhaseCount>
      <usedStationCount>4</usedStationCount>
      <azimuthalGap>260</azimuthalGap>
      <minimumDistance>1.39</minimumDistance>
      <maximumDistance>2.66</maximumDistance>
    </quality>
    <evaluationMode>automatic</evaluationMode>
    <creationInfo>
      <agencyURI>smi:smi-registry/organization/EMSC</agencyURI>
      <authorURI>smi:smi-registry/organization/ATH</authorURI>
    </creationInfo>
  </origin>
  <magnitude publicID="quakeml:eu.emsc/event/20050114_0000051/origin/CA846/mag/1">
    <mag>
      <value>3.0</value>
    </mag>
    <type>ml</type>
    <originID>quakeml:eu.emsc/event/20050114_0000051/origin/CA846</originID>
    <creationInfo>
      <agencyURI>smi:smi-registry/organization/EMSC</agencyURI>
      <authorURI>smi:smi-registry/organization/ATH</authorURI>
    </creationInfo>
  </magnitude>
</event>
<event publicID="quakeml:eu.emsc/event/20050114_0000064">
  <preferredOriginID>quakeml:eu.emsc/event/20050114_0000064/origin/1289511</preferredOriginID>
  <preferredMagnitudeID>quakeml:eu.emsc/event/20050114_0000064/origin/1289511/mag/2</preferredMagnitudeID>
  <creationInfo>
    <agencyURI>smi:smi-registry/organization/EMSC</agencyURI>
    <authorURI>smi:smi-registry/organization/EMSC</authorURI>
    <creationTime>2014-12-03T12:11:59.953905Z</creationTime>
  </creationInfo>
  <description>
    <text>GREECE</text>
    <type>Flinn-Engdahl region</type>
  </description>
  <origin publicID="quakeml:eu.emsc/event/20050114_0000064/origin/1289511">
    <time>
      <value>2005-01-14T22:54:39.3Z</value>
      <uncertainty>0.12</uncertainty>
    </time>
    <latitude>
      <value>40.6902</value>
      <uncertainty>2.7</uncertainty>
    </latitude>
    <longitude>
      <value>23.3825</value>
      <uncertainty>2</uncertainty>
    </longitude>
    <depth>
      <value>10000</value>
    </depth>
    <depthType>from location</depthType>
    <methodID>smi:eu.emsc-csem/origin_method/NA</methodID>
    <quality>
      <usedPhaseCount>17</usedPhaseCount>
      <usedStationCount>10</usedStationCount>
      <standardError>0.52</standardError>
      <azimuthalGap>107</azimuthalGap>
      <minimumDistance>0.13</minimumDistance>
      <maximumDistance>1.53</maximumDistance>
    </quality>
    <evaluationMode>manual</evaluationMode>
    <creationInfo>
      <agencyURI>smi:smi-registry/organization/EMSC</agencyURI>
      <authorURI>smi:smi-registry/organization/EMSC</authorURI>
    </creationInfo>
    <originUncertainty>
      <azimuthMaxHorizontalUncertainty>55</azimuthMaxHorizontalUncertainty>
    </originUncertainty>
  </origin>
  <magnitude publicID="quakeml:eu.emsc/event/20050114_0000064/origin/1289511/mag/2">
    <mag>
      <value>2.3</value>
    </mag>
    <type>ML</type>
    <originID>quakeml:eu.emsc/event/20050114_0000064/origin/1289511</originID>
    <creationInfo>
      <agencyURI>smi:smi-registry/organization/EMSC</agencyURI>
      <authorURI>smi:smi-registry/organization/EMSC</authorURI>
    </creationInfo>
  </magnitude>
</event>
<event publicID="quakeml:eu.emsc/event/20050114_0000050">
  <preferredOriginID>quakeml:eu.emsc/event/20050114_0000050/origin/CA187</preferredOriginID>
  <preferredMagnitudeID>quakeml:eu.emsc/event/20050114_0000050/origin/CA187/mag/1</preferredMagnitudeID>
  <creationInfo>
    <agencyURI>smi:smi-registry/organization/EMSC</agencyURI>
    <authorURI>smi:smi-registry/organization/EMSC</authorURI>
    <creationTime>2014-12-01T14:02:43.158454Z</creationTime>
  </creationInfo>
  <description>
    <text>OFF W COAST OF NORTHERN SUMATRA</text>
    <type>Flinn-Engdahl region</type>
  </description>
  <origin publicID="quakeml:eu.emsc/event/20050114_0000050/origin/CA187">
    <time>
      <value>2005-01-14T22:51:19.5Z</value>
      <uncertainty>0.20</uncertainty>
    </time>
    <latitude>
      <value>4.98</value>
    </latitude>
    <longitude>
      <value>94.99</value>
    </longitude>
    <depth>
      <value>33000.0</value>
    </depth>
    <depthType>from location</depthType>
    <methodID>smi:eu.emsc-csem/origin_method/NA</methodID>
    <quality>
      <usedPhaseCount>28</usedPhaseCount>
      <usedStationCount>28</usedStationCount>
      <standardError>0.87</standardError>
      <azimuthalGap>141</azimuthalGap>
      <minimumDistance>41.69</minimumDistance>
      <maximumDistance>84.72</maximumDistance>
    </quality>
    <evaluationMode>automatic</evaluationMode>
    <creationInfo>
      <agencyURI>smi:smi-registry/organization/EMSC</agencyURI>
      <authorURI>smi:smi-registry/organization/EMSC</authorURI>
    </creationInfo>
  </origin>
  <magnitude publicID="quakeml:eu.emsc/event/20050114_0000050/origin/CA187/mag/1">
    <mag>
      <value>5.0</value>
      <uncertainty>0.4</uncertainty>
    </mag>
    <type>mb</type>
    <originID>quakeml:eu.emsc/event/20050114_0000050/origin/CA187</originID>
    <stationCount>8</stationCount>
    <creationInfo>
      <agencyURI>smi:smi-registry/organization/EMSC</agencyURI>
      <authorURI>smi:smi-registry/organization/EMSC</authorURI>
    </creationInfo>
  </magnitude>
</event>
<event publicID="quakeml:eu.emsc/event/20050114_0000056">
  <preferredOriginID>quakeml:eu.emsc/event/20050114_0000056/origin/1270553</preferredOriginID>
  <preferredMagnitudeID>quakeml:eu.emsc/event/20050114_0000056/origin/1270553/mag/2</preferredMagnitudeID>
  <creationInfo>
    <agencyURI>smi:smi-registry/organization/EMSC</agencyURI>
    <authorURI>smi:smi-registry/organization/EMSC</authorURI>
    <creationTime>2014-12-11T06:44:55.403705Z</creationTime>
  </creationInfo>
  <description>
    <text>CENTRAL TURKEY</text>
    <type>Flinn-Engdahl region</type>
  </description>
  <origin publicID="quakeml:eu.emsc/event/20050114_0000056/origin/1270553">
    <time>
      <value>2005-01-14T22:43:53.0Z</value>
    </time>
    <latitude>
      <value>37.015</value>
      <uncertainty>9999.9</uncertainty>
    </latitude>
    <longitude>
      <value>36.22</value>
      <uncertainty>9999.9</uncertainty>
    </longitude>
    <depth>
      <value>17000</value>
    </depth>
    <depthType>from location</depthType>
    <methodID>smi:eu.emsc-csem/origin_method/NA</methodID>
    <quality>
      <usedPhaseCount>9</usedPhaseCount>
      <usedStationCount>7</usedStationCount>
      <standardError>1.18</standardError>
      <azimuthalGap>105</azimuthalGap>
      <minimumDistance>0.38</minimumDistance>
      <maximumDistance>2.19</maximumDistance>
    </quality>
    <evaluationMode>manual</evaluationMode>
    <creationInfo>
      <agencyURI>smi:smi-registry/organization/EMSC</agencyURI>
      <authorURI>smi:smi-registry/organization/EMSC</authorURI>
    </creationInfo>
    <originUncertainty>
      <azimuthMaxHorizontalUncertainty>-99</azimuthMaxHorizontalUncertainty>
    </originUncertainty>
  </origin>
  <magnitude publicID="quakeml:eu.emsc/event/20050114_0000056/origin/1270553/mag/2">
    <mag>
      <value>3.1</value>
    </mag>
    <type>MD</type>
    <originID>quakeml:eu.emsc/event/20050114_0000056/origin/1270553</originID>
    <creationInfo>
      <agencyURI>smi:smi-registry/organization/EMSC</agencyURI>
      <authorURI>smi:smi-registry/organization/EMSC</authorURI>
    </creationInfo>
  </magnitude>
</event>
<event publicID="quakeml:eu.emsc/event/20050114_0000049">
  <preferredOriginID>quakeml:eu.emsc/event/20050114_0000049/origin/CA180</preferredOriginID>
  <preferredMagnitudeID>quakeml:eu.emsc/event/20050114_0000049/origin/CA180/mag/1</preferredMagnitudeID>
  <creationInfo>
    <agencyURI>smi:smi-registry/organization/EMSC</agencyURI>
    <authorURI>smi:smi-registry/organization/EMSC</authorURI>
    <creationTime>2014-12-01T14:15:30.678676Z</creationTime>
  </creationInfo>
  <description>
    <text>OFF W COAST OF NORTHERN SUMATRA</text>
    <type>Flinn-Engdahl region</type>
  </description>
  <origin publicID="quakeml:eu.emsc/event/20050114_0000049/origin/CA180">
    <time>
      <value>2005-01-14T21:38:17.8Z</value>
      <uncertainty>0.26</uncertainty>
    </time>
    <latitude>
      <value>3.34</value>
    </latitude>
    <longitude>
      <value>94.06</value>
    </longitude>
    <depth>
      <value>33000.0</value>
    </depth>
    <depthType>from location</depthType>
    <methodID>smi:eu.emsc-csem/origin_method/NA</methodID>
    <quality>
      <usedPhaseCount>110</usedPhaseCount>
      <usedStationCount>98</usedStationCount>
      <standardError>0.69</standardError>
      <azimuthalGap>185</azimuthalGap>
      <minimumDistance>42.85</minimumDistance>
      <maximumDistance>94.07</maximumDistance>
    </quality>
    <evaluationMode>automatic</evaluationMode>
    <creationInfo>
      <agencyURI>smi:smi-registry/organization/EMSC</agencyURI>
      <authorURI>smi:smi-registry/organization/EMSC</authorURI>
    </creationInfo>
  </origin>
  <magnitude publicID="quakeml:eu.emsc/event/20050114_0000049/origin/CA180/mag/1">
    <mag>
      <value>5.6</value>
      <uncertainty>0.3</uncertainty>
    </mag>
    <type>mb</type>
    <originID>quakeml:eu.emsc/event/20050114_0000049/origin/CA180</originID>
    <stationCount>64</stationCount>
    <creationInfo>
      <agencyURI>smi:smi-registry/organization/EMSC</agencyURI>
      <authorURI>smi:smi-registry/organization/EMSC</authorURI>
    </creationInfo>
  </magnitude>
</event>
<event publicID="quakeml:eu.emsc/event/20050114_0000055">
  <preferredOriginID>quakeml:eu.emsc/event/20050114_0000055/origin/1289514</preferredOriginID>
  <preferredMagnitudeID>quakeml:eu.emsc/event/20050114_0000055/origin/1289514/mag/2</preferredMagnitudeID>
  <creationInfo>
    <agencyURI>smi:smi-registry/organization/EMSC</agencyURI>
    <authorURI>smi:smi-registry/organization/EMSC</authorURI>
    <creationTime>2014-12-03T11:57:17.319719Z</creationTime>
  </creationInfo>
  <description>
    <text>SOUTHERN IRAN</text>
    <type>Flinn-Engdahl region</type>
  </description>
  <origin publicID="quakeml:eu.emsc/event/20050114_0000055/origin/1289514">
    <time>
      <value>2005-01-14T19:51:21.1Z</value>
      <uncertainty>0.35</uncertainty>
    </time>
    <latitude>
      <value>29.9253</value>
      <uncertainty>19.4</uncertainty>
    </latitude>
    <longitude>
      <value>51.0666</value>
      <uncertainty>7.4</uncertainty>
    </longitude>
    <depth>
      <value>35000</value>
    </depth>
    <depthType>from location</depthType>
    <methodID>smi:eu.emsc-csem/origin_method/NA</methodID>
    <quality>
      <usedPhaseCount>8</usedPhaseCount>
      <usedStationCount>5</usedStationCount>
      <standardError>0.68</standardError>
      <azimuthalGap>171</azimuthalGap>
      <minimumDistance>2.34</minimumDistance>
      <maximumDistance>4.94</maximumDistance>
    </quality>
    <evaluationMode>manual</evaluationMode>
    <creationInfo>
      <agencyURI>smi:smi-registry/organization/EMSC</agencyURI>
      <authorURI>smi:smi-registry/organization/EMSC</authorURI>
    </creationInfo>
    <originUncertainty>
      <azimuthMaxHorizontalUncertainty>174</azimuthMaxHorizontalUncertainty>
    </originUncertainty>
  </origin>
  <magnitude publicID="quakeml:eu.emsc/event/20050114_0000055/origin/1289514/mag/2">
    <mag>
      <value>2.8</value>
    </mag>
    <type>ML</type>
    <originID>quakeml:eu.emsc/event/20050114_0000055/origin/1289514</originID>
    <creationInfo>
      <agencyURI>smi:smi-registry/organization/EMSC</agencyURI>
      <authorURI>smi:smi-registry/organization/EMSC</authorURI>
    </creationInfo>
  </magnitude>
</event>
<event publicID="quakeml:eu.emsc/event/20050114_0000048">
  <preferredOriginID>quakeml:eu.emsc/event/20050114_0000048/origin/1290625</preferredOriginID>
  <preferredMagnitudeID>quakeml:eu.emsc/event/20050114_0000048/origin/1290625/mag/2</preferredMagnitudeID>
  <creationInfo>
    <agencyURI>smi:smi-registry/organization/EMSC</agencyURI>
    <authorURI>smi:smi-registry/organization/EMSC</authorURI>
    <creationTime>2014-12-03T13:58:02.605408Z</creationTime>
  </creationInfo>
  <description>
    <text>DODECANESE ISLANDS, GREECE</text>
    <type>Flinn-Engdahl region</type>
  </description>
  <origin publicID="quakeml:eu.emsc/event/20050114_0000048/origin/1290625">
    <time>
      <value>2005-01-14T19:08:12.6Z</value>
      <uncertainty>0.08</uncertainty>
    </time>
    <latitude>
      <value>36.958</value>
      <uncertainty>3.8</uncertainty>
    </latitude>
    <longitude>
      <value>28.3604</value>
      <uncertainty>2</uncertainty>
    </longitude>
    <depth>
      <value>20000</value>
    </depth>
    <depthType>from location</depthType>
    <methodID>smi:eu.emsc-csem/origin_method/NA</methodID>
    <quality>
      <usedPhaseCount>166</usedPhaseCount>
      <usedStationCount>157</usedStationCount>
      <standardError>1.03</standardError>
      <azimuthalGap>33</azimuthalGap>
      <minimumDistance>0.29</minimumDistance>
      <maximumDistance>42.72</maximumDistance>
    </quality>
    <evaluationMode>manual</evaluationMode>
    <creationInfo>
      <agencyURI>smi:smi-registry/organization/EMSC</agencyURI>
      <authorURI>smi:smi-registry/organization/EMSC</authorURI>
    </creationInfo>
    <originUncertainty>
      <azimuthMaxHorizontalUncertainty>45</azimuthMaxHorizontalUncertainty>
    </originUncertainty>
  </origin>
  <magnitude publicID="quakeml:eu.emsc/event/20050114_0000048/origin/1290625/mag/2">
    <mag>
      <value>4.2</value>
      <uncertainty>0.4</uncertainty>
    </mag>
    <type>mb</type>
    <originID>quakeml:eu.emsc/event/20050114_0000048/origin/1290625</originID>
    <stationCount>12</stationCount>
    <creationInfo>
      <agencyURI>smi:smi-registry/organization/EMSC</agencyURI>
      <authorURI>smi:smi-registry/organization/EMSC</authorURI>
    </creationInfo>
  </magnitude>
</event>
<event publicID="quakeml:eu.emsc/event/20050114_0000047">
  <preferredOriginID>quakeml:eu.emsc/event/20050114_0000047/origin/1289517</preferredOriginID>
  <preferredMagnitudeID>quakeml:eu.emsc/event/20050114_0000047/origin/1289517/mag/2</preferredMagnitudeID>
  <creationInfo>
    <agencyURI>smi:smi-registry/organization/EMSC</agencyURI>
    <authorURI>smi:smi-registry/organization/EMSC</authorURI>
    <creationTime>2014-12-03T13:12:01.5585Z</creationTime>
  </creationInfo>
  <description>
    <text>NORTHERN ALGERIA</text>
    <type>Flinn-Engdahl region</type>
  </description>
  <origin publicID="quakeml:eu.emsc/event/20050114_0000047/origin/1289517">
    <time>
      <value>2005-01-14T18:31:15.3Z</value>
      <uncertainty>0.56</uncertainty>
    </time>
    <latitude>
      <value>36.2266</value>
      <uncertainty>14</uncertainty>
    </latitude>
    <longitude>
      <value>1.7072</value>
      <uncertainty>13.3</uncertainty>
    </longitude>
    <depth>
      <value>16500.0</value>
      <uncertainty>4.5</uncertainty>
    </depth>
    <depthType>from location</depthType>
    <methodID>smi:eu.emsc-csem/origin_method/NA</methodID>
    <quality>
      <usedPhaseCount>11</usedPhaseCount>
      <usedStationCount>9</usedStationCount>
      <standardError>1.21</standardError>
      <azimuthalGap>110</azimuthalGap>
      <minimumDistance>0.16</minimumDistance>
      <maximumDistance>4.47</maximumDistance>
    </quality>
    <evaluationMode>manual</evaluationMode>
    <creationInfo>
      <agencyURI>smi:smi-registry/organization/EMSC</agencyURI>
      <authorURI>smi:smi-registry/organization/EMSC</authorURI>
    </creationInfo>
    <originUncertainty>
      <azimuthMaxHorizontalUncertainty>109</azimuthMaxHorizontalUncertainty>
    </originUncertainty>
  </origin>
  <magnitude publicID="quakeml:eu.emsc/event/20050114_0000047/origin/1289517/mag/2">
    <mag>
      <value>2.9</value>
    </mag>
    <type>ML</type>
    <originID>quakeml:eu.emsc/event/20050114_0000047/origin/1289517</originID>
    <creationInfo>
      <agencyURI>smi:smi-registry/organization/EMSC</agencyURI>
      <authorURI>smi:smi-registry/organization/EMSC</authorURI>
    </creationInfo>
  </magnitude>
</event>
<event publicID="quakeml:eu.emsc/event/20050114_0000046">
  <preferredOriginID>quakeml:eu.emsc/event/20050114_0000046/origin/CA915</preferredOriginID>
  <preferredMagnitudeID>quakeml:eu.emsc/event/20050114_0000046/origin/CA915/mag/1</preferredMagnitudeID>
  <creationInfo>
    <agencyURI>smi:smi-registry/organization/EMSC</agencyURI>
    <authorURI>smi:smi-registry/organization/ISK</authorURI>
    <creationTime>2014-12-01T14:54:33.789073Z</creationTime>
  </creationInfo>
  <description>
    <text>EASTERN TURKEY</text>
    <type>Flinn-Engdahl region</type>
  </description>
  <origin publicID="quakeml:eu.emsc/event/20050114_0000046/origin/CA915">
    <time>
      <value>2005-01-14T17:45:18.5Z</value>
    </time>
    <latitude>
      <value>39.96</value>
    </latitude>
    <longitude>
      <value>40.79</value>
    </longitude>
    <depth>
      <value>19000.0</value>
    </depth>
    <depthType>from location</depthType>
    <methodID>smi:eu.emsc-csem/origin_method/GEIGER</methodID>
    <quality>
      <usedPhaseCount>8</usedPhaseCount>
      <usedStationCount>7</usedStationCount>
      <azimuthalGap>85</azimuthalGap>
      <minimumDistance>0.34</minimumDistance>
      <maximumDistance>1.61</maximumDistance>
    </quality>
    <evaluationMode>manual</evaluationMode>
    <creationInfo>
      <agencyURI>smi:smi-registry/organization/EMSC</agencyURI>
      <authorURI>smi:smi-registry/organization/ISK</authorURI>
    </creationInfo>
  </origin>
  <magnitude publicID="quakeml:eu.emsc/event/20050114_0000046/origin/CA915/mag/1">
    <mag>
      <value>2.8</value>
    </mag>
    <type>md</type>
    <originID>quakeml:eu.emsc/event/20050114_0000046/origin/CA915</originID>
    <creationInfo>
      <agencyURI>smi:smi-registry/organization/EMSC</agencyURI>
      <authorURI>smi:smi-registry/organization/ISK</authorURI>
    </creationInfo>
  </magnitude>
</event>
<event publicID="quakeml:eu.emsc/event/20050114_0000045">
  <preferredOriginID>quakeml:eu.emsc/event/20050114_0000045/origin/1289525</preferredOriginID>
  <preferredMagnitudeID>quakeml:eu.emsc/event/20050114_0000045/origin/1289525/mag/2</preferredMagnitudeID>
  <creationInfo>
    <agencyURI>smi:smi-registry/organization/EMSC</agencyURI>
    <authorURI>smi:smi-registry/organization/EMSC</authorURI>
    <creationTime>2014-12-03T12:37:33.198586Z</creationTime>
  </creationInfo>
  <description>
    <text>CRETE, GREECE</text>
    <type>Flinn-Engdahl region</type>
  </description>
  <origin publicID="quakeml:eu.emsc/event/20050114_0000045/origin/1289525">
    <time>
      <value>2005-01-14T17:33:47.0Z</value>
      <uncertainty>0.12</uncertainty>
    </time>
    <latitude>
      <value>34.7387</value>
      <uncertainty>6.9</uncertainty>
    </latitude>
    <longitude>
      <value>26.5067</value>
      <uncertainty>2.9</uncertainty>
    </longitude>
    <depth>
      <value>60000</value>
    </depth>
    <depthType>from location</depthType>
    <methodID>smi:eu.emsc-csem/origin_method/NA</methodID>
    <quality>
      <usedPhaseCount>69</usedPhaseCount>
      <usedStationCount>68</usedStationCount>
      <standardError>0.79</standardError>
      <azimuthalGap>92</azimuthalGap>
      <minimumDistance>0.9</minimumDistance>
      <maximumDistance>35.07</maximumDistance>
    </quality>
    <evaluationMode>manual</evaluationMode>
    <creationInfo>
      <agencyURI>smi:smi-registry/organization/EMSC</agencyURI>
      <authorURI>smi:smi-registry/organization/EMSC</authorURI>
    </creationInfo>
    <originUncertainty>
      <azimuthMaxHorizontalUncertainty>39</azimuthMaxHorizontalUncertainty>
    </originUncertainty>
  </origin>
  <magnitude publicID="quakeml:eu.emsc/event/20050114_0000045/origin/1289525/mag/2">
    <mag>
      <value>3.8</value>
      <uncertainty>0.3</uncertainty>
    </mag>
    <type>mb</type>
    <originID>quakeml:eu.emsc/event/20050114_0000045/origin/1289525</originID>
    <stationCount>7</stationCount>
    <creationInfo>
      <agencyURI>smi:smi-registry/organization/EMSC</agencyURI>
      <authorURI>smi:smi-registry/organization/EMSC</authorURI>
    </creationInfo>
  </magnitude>
</event>
<event publicID="quakeml:eu.emsc/event/20050114_0000057">
  <preferredOriginID>quakeml:eu.emsc/event/20050114_0000057/origin/1289532</preferredOriginID>
  <preferredMagnitudeID>quakeml:eu.emsc/event/20050114_0000057/origin/1289532/mag/2</preferredMagnitudeID>
  <creationInfo>
    <agencyURI>smi:smi-registry/organization/EMSC</agencyURI>
    <authorURI>smi:smi-registry/organization/EMSC</authorURI>
    <creationTime>2014-12-03T10:21:25.424959Z</creationTime>
  </creationInfo>
  <description>
    <text>CRETE, GREECE</text>
    <type>Flinn-Engdahl region</type>
  </description>
  <origin publicID="quakeml:eu.emsc/event/20050114_0000057/origin/1289532">
    <time>
      <value>2005-01-14T17:13:45.8Z</value>
      <uncertainty>0.09</uncertainty>
    </time>
    <latitude>
      <value>34.6539</value>
      <uncertainty>4.6</uncertainty>
    </latitude>
    <longitude>
      <value>26.5023</value>
      <uncertainty>2.3</uncertainty>
    </longitude>
    <depth>
      <value>80000</value>
    </depth>
    <depthType>from location</depthType>
    <methodID>smi:eu.emsc-csem/origin_method/NA</methodID>
    <quality>
      <usedPhaseCount>72</usedPhaseCount>
      <usedStationCount>71</usedStationCount>
      <standardError>0.7</standardError>
      <azimuthalGap>93</azimuthalGap>
      <minimumDistance>0.95</minimumDistance>
      <maximumDistance>29.09</maximumDistance>
    </quality>
    <evaluationMode>manual</evaluationMode>
    <creationInfo>
      <agencyURI>smi:smi-registry/organization/EMSC</agencyURI>
      <authorURI>smi:smi-registry/organization/EMSC</authorURI>
    </creationInfo>
    <originUncertainty>
      <azimuthMaxHorizontalUncertainty>47</azimuthMaxHorizontalUncertainty>
    </originUncertainty>
  </origin>
  <magnitude publicID="quakeml:eu.emsc/event/20050114_0000057/origin/1289532/mag/2">
    <mag>
      <value>3.9</value>
      <uncertainty>0.4</uncertainty>
    </mag>
    <type>mb</type>
    <originID>quakeml:eu.emsc/event/20050114_0000057/origin/1289532</originID>
    <stationCount>5</stationCount>
    <creationInfo>
      <agencyURI>smi:smi-registry/organization/EMSC</agencyURI>
      <authorURI>smi:smi-registry/organization/EMSC</authorURI>
    </creationInfo>
  </magnitude>
</event>
<event publicID="quakeml:eu.emsc/event/20050114_0000044">
  <preferredOriginID>quakeml:eu.emsc/event/20050114_0000044/origin/CA188</preferredOriginID>
  <preferredMagnitudeID>quakeml:eu.emsc/event/20050114_0000044/origin/CA188/mag/1</preferredMagnitudeID>
  <creationInfo>
    <agencyURI>smi:smi-registry/organization/EMSC</agencyURI>
    <authorURI>smi:smi-registry/organization/EMSC</authorURI>
    <creationTime>2014-12-01T14:15:28.923359Z</creationTime>
  </creationInfo>
  <description>
    <text>NORTHERN SUMATRA, INDONESIA</text>
    <type>Flinn-Engdahl region</type>
  </description>
  <origin publicID="quakeml:eu.emsc/event/20050114_0000044/origin/CA188">
    <time>
      <value>2005-01-14T17:08:33.6Z</value>
      <uncertainty>0.09</uncertainty>
    </time>
    <latitude>
      <value>4.95</value>
    </latitude>
    <longitude>
      <value>95.34</value>
    </longitude>
    <depth>
      <value>33000.0</value>
    </depth>
    <depthType>from location</depthType>
    <methodID>smi:eu.emsc-csem/origin_method/NA</methodID>
    <quality>
      <usedPhaseCount>66</usedPhaseCount>
      <usedStationCount>57</usedStationCount>
      <standardError>0.88</standardError>
      <azimuthalGap>141</azimuthalGap>
      <minimumDistance>41.85</minimumDistance>
      <maximumDistance>85.74</maximumDistance>
    </quality>
    <evaluationMode>automatic</evaluationMode>
    <creationInfo>
      <agencyURI>smi:smi-registry/organization/EMSC</agencyURI>
      <authorURI>smi:smi-registry/organization/EMSC</authorURI>
    </creationInfo>
  </origin>
  <magnitude publicID="quakeml:eu.emsc/event/20050114_0000044/origin/CA188/mag/1">
    <mag>
      <value>5.4</value>
      <uncertainty>0.4</uncertainty>
    </mag>
    <type>mb</type>
    <originID>quakeml:eu.emsc/event/20050114_0000044/origin/CA188</originID>
    <stationCount>26</stationCount>
    <creationInfo>
      <agencyURI>smi:smi-registry/organization/EMSC</agencyURI>
      <authorURI>smi:smi-registry/organization/EMSC</authorURI>
    </creationInfo>
  </magnitude>
</event>
<event publicID="quakeml:eu.emsc/event/20050114_0000060">
  <preferredOriginID>quakeml:eu.emsc/event/20050114_0000060/origin/1289538</preferredOriginID>
  <preferredMagnitudeID>quakeml:eu.emsc/event/20050114_0000060/origin/1289538/mag/2</preferredMagnitudeID>
  <creationInfo>
    <agencyURI>smi:smi-registry/organization/EMSC</agencyURI>
    <authorURI>smi:smi-registry/organization/EMSC</authorURI>
    <creationTime>2014-12-03T11:41:31.104216Z</creationTime>
  </creationInfo>
  <description>
    <text>CRETE, GREECE</text>
    <type>Flinn-Engdahl region</type>
  </description>
  <origin publicID="quakeml:eu.emsc/event/20050114_0000060/origin/1289538">
    <time>
      <value>2005-01-14T17:00:08.2Z</value>
      <uncertainty>0.17</uncertainty>
    </time>
    <latitude>
      <value>34.6533</value>
      <uncertainty>6.7</uncertainty>
    </latitude>
    <longitude>
      <value>26.5127</value>
      <uncertainty>4</uncertainty>
    </longitude>
    <depth>
      <value>60000</value>
    </depth>
    <depthType>from location</depthType>
    <methodID>smi:eu.emsc-csem/origin_method/NA</methodID>
    <quality>
      <usedPhaseCount>34</usedPhaseCount>
      <usedStationCount>33</usedStationCount>
      <standardError>0.85</standardError>
      <azimuthalGap>92</azimuthalGap>
      <minimumDistance>0.96</minimumDistance>
      <maximumDistance>26.83</maximumDistance>
    </quality>
    <evaluationMode>manual</evaluationMode>
    <creationInfo>
      <agencyURI>smi:smi-registry/organization/EMSC</agencyURI>
      <authorURI>smi:smi-registry/organization/EMSC</authorURI>
    </creationInfo>
    <originUncertainty>
      <azimuthMaxHorizontalUncertainty>45</azimuthMaxHorizontalUncertainty>
    </originUncertainty>
  </origin>
  <magnitude publicID="quakeml:eu.emsc/event/20050114_0000060/origin/1289538/mag/2">
    <mag>
      <value>3.8</value>
    </mag>
    <type>MD</type>
    <originID>quakeml:eu.emsc/event/20050114_0000060/origin/1289538</originID>
    <creationInfo>
      <agencyURI>smi:smi-registry/organization/EMSC</agencyURI>
      <authorURI>smi:smi-registry/organization/EMSC</authorURI>
    </creationInfo>
  </magnitude>
</event>
<event publicID="quakeml:eu.emsc/event/20050114_0000043">
  <preferredOriginID>quakeml:eu.emsc/event/20050114_0000043/origin/1289541</preferredOriginID>
  <preferredMagnitudeID>quakeml:eu.emsc/event/20050114_0000043/origin/1289541/mag/2</preferredMagnitudeID>
  <creationInfo>
    <agencyURI>smi:smi-registry/organization/EMSC</agencyURI>
    <authorURI>smi:smi-registry/organization/EMSC</authorURI>
    <creationTime>2014-12-03T13:57:58.778406Z</creationTime>
  </creationInfo>
  <description>
    <text>DODECANESE ISLANDS, GREECE</text>
    <type>Flinn-Engdahl region</type>
  </description>
  <origin publicID="quakeml:eu.emsc/event/20050114_0000043/origin/1289541">
    <time>
      <value>2005-01-14T16:49:41.8Z</value>
      <uncertainty>0.27</uncertainty>
    </time>
    <latitude>
      <value>36.6194</value>
      <uncertainty>7.3</uncertainty>
    </latitude>
    <longitude>
      <value>26.4882</value>
      <uncertainty>6</uncertainty>
    </longitude>
    <depth>
      <value>2000</value>
    </depth>
    <depthType>from location</depthType>
    <methodID>smi:eu.emsc-csem/origin_method/NA</methodID>
    <quality>
      <usedPhaseCount>13</usedPhaseCount>
      <usedStationCount>11</usedStationCount>
      <standardError>0.89</standardError>
      <azimuthalGap>55</azimuthalGap>
      <minimumDistance>0.87</minimumDistance>
      <maximumDistance>3.7</maximumDistance>
    </quality>
    <evaluationMode>manual</evaluationMode>
    <creationInfo>
      <agencyURI>smi:smi-registry/organization/EMSC</agencyURI>
      <authorURI>smi:smi-registry/organization/EMSC</authorURI>
    </creationInfo>
    <originUncertainty>
      <azimuthMaxHorizontalUncertainty>165</azimuthMaxHorizontalUncertainty>
    </originUncertainty>
  </origin>
  <magnitude publicID="quakeml:eu.emsc/event/20050114_0000043/origin/1289541/mag/2">
    <mag>
      <value>3.6</value>
    </mag>
    <type>MD</type>
    <originID>quakeml:eu.emsc/event/20050114_0000043/origin/1289541</originID>
    <creationInfo>
      <agencyURI>smi:smi-registry/organization/EMSC</agencyURI>
      <authorURI>smi:smi-registry/organization/EMSC</authorURI>
    </creationInfo>
  </magnitude>
</event>
<event publicID="quakeml:eu.emsc/event/20050114_0000066">
  <preferredOriginID>quakeml:eu.emsc/event/20050114_0000066/origin/1289544</preferredOriginID>
  <preferredMagnitudeID>quakeml:eu.emsc/event/20050114_0000066/origin/1289544/mag/2</preferredMagnitudeID>
  <creationInfo>
    <agencyURI>smi:smi-registry/organization/EMSC</agencyURI>
    <authorURI>smi:smi-registry/organization/EMSC</authorURI>
    <creationTime>2014-12-03T10:49:19.730335Z</creationTime>
  </creationInfo>
  <description>
    <text>SICILY, ITALY</text>
    <type>Flinn-Engdahl region</type>
  </description>
  <origin publicID="quakeml:eu.emsc/event/20050114_0000066/origin/1289544">
    <time>
      <value>2005-01-14T16:40:39.7Z</value>
      <uncertainty>0.23</uncertainty>
    </time>
    <latitude>
      <value>38.5597</value>
      <uncertainty>8.5</uncertainty>
    </latitude>
    <longitude>
      <value>12.7858</value>
      <uncertainty>5.3</uncertainty>
    </longitude>
    <depth>
      <value>20000</value>
    </depth>
    <depthType>from location</depthType>
    <methodID>smi:eu.emsc-csem/origin_method/NA</methodID>
    <quality>
      <usedPhaseCount>15</usedPhaseCount>
      <usedStationCount>14</usedStationCount>
      <standardError>0.72</standardError>
      <azimuthalGap>98</azimuthalGap>
      <minimumDistance>0.34</minimumDistance>
      <maximumDistance>6.82</maximumDistance>
    </quality>
    <evaluationMode>manual</evaluationMode>
    <creationInfo>
      <agencyURI>smi:smi-registry/organization/EMSC</agencyURI>
      <authorURI>smi:smi-registry/organization/EMSC</authorURI>
    </creationInfo>
    <originUncertainty>
      <azimuthMaxHorizontalUncertainty>59</azimuthMaxHorizontalUncertainty>
    </originUncertainty>
  </origin>
  <magnitude publicID="quakeml:eu.emsc/event/20050114_0000066/origin/1289544/mag/2">
    <mag>
      <value>2.4</value>
    </mag>
    <type>ML</type>
    <originID>quakeml:eu.emsc/event/20050114_0000066/origin/1289544</originID>
    <stationCount>2</stationCount>
    <creationInfo>
      <agencyURI>smi:smi-registry/organization/EMSC</agencyURI>
      <authorURI>smi:smi-registry/organization/EMSC</authorURI>
    </creationInfo>
  </magnitude>
</event>
<event publicID="quakeml:eu.emsc/event/20050114_0000042">
  <preferredOriginID>quakeml:eu.emsc/event/20050114_0000042/origin/1289547</preferredOriginID>
  <preferredMagnitudeID>quakeml:eu.emsc/event/20050114_0000042/origin/1289547/mag/2</preferredMagnitudeID>
  <creationInfo>
    <agencyURI>smi:smi-registry/organization/EMSC</agencyURI>
    <authorURI>smi:smi-registry/organization/EMSC</authorURI>
    <creationTime>2014-12-03T14:59:35.350727Z</creationTime>
  </creationInfo>
  <description>
    <text>DODECANESE ISLANDS, GREECE</text>
    <type>Flinn-Engdahl region</type>
  </description>
  <origin publicID="quakeml:eu.emsc/event/20050114_0000042/origin/1289547">
    <time>
      <value>2005-01-14T16:38:28.3Z</value>
      <uncertainty>0.28</uncertainty>
    </time>
    <latitude>
      <value>36.8779</value>
      <uncertainty>8</uncertainty>
    </latitude>
    <longitude>
      <value>27.4786</value>
      <uncertainty>5.7</uncertainty>
    </longitude>
    <depth>
      <value>8000</value>
    </depth>
    <depthType>from location</depthType>
    <methodID>smi:eu.emsc-csem/origin_method/NA</methodID>
    <quality>
      <usedPhaseCount>11</usedPhaseCount>
      <usedStationCount>10</usedStationCount>
      <standardError>0.62</standardError>
      <azimuthalGap>161</azimuthalGap>
      <minimumDistance>0.48</minimumDistance>
      <maximumDistance>18.16</maximumDistance>
    </quality>
    <evaluationMode>manual</evaluationMode>
    <creationInfo>
      <agencyURI>smi:smi-registry/organization/EMSC</agencyURI>
      <authorURI>smi:smi-registry/organization/EMSC</authorURI>
    </creationInfo>
    <originUncertainty>
      <azimuthMaxHorizontalUncertainty>43</azimuthMaxHorizontalUncertainty>
    </originUncertainty>
  </origin>
  <magnitude publicID="quakeml:eu.emsc/event/20050114_0000042/origin/1289547/mag/2">
    <mag>
      <value>3.2</value>
    </mag>
    <type>MD</type>
    <originID>quakeml:eu.emsc/event/20050114_0000042/origin/1289547</originID>
    <creationInfo>
      <agencyURI>smi:smi-registry/organization/EMSC</agencyURI>
      <authorURI>smi:smi-registry/organization/EMSC</authorURI>
    </creationInfo>
  </magnitude>
</event>
<event publicID="quakeml:eu.emsc/event/20050114_0000041">
  <preferredOriginID>quakeml:eu.emsc/event/20050114_0000041/origin/CA185</preferredOriginID>
  <preferredMagnitudeID>quakeml:eu.emsc/event/20050114_0000041/origin/CA185/mag/1</preferredMagnitudeID>
  <creationInfo>
    <agencyURI>smi:smi-registry/organization/EMSC</agencyURI>
    <authorURI>smi:smi-registry/organization/EMSC</authorURI>
    <creationTime>2014-12-01T14:02:40.129675Z</creationTime>
  </creationInfo>
  <description>
    <text>NICOBAR ISLANDS, INDIA REGION</text>
    <type>Flinn-Engdahl region</type>
  </description>
  <origin publicID="quakeml:eu.emsc/event/20050114_0000041/origin/CA185">
    <time>
      <value>2005-01-14T16:22:06.2Z</value>
      <uncertainty>0.12</uncertainty>
    </time>
    <latitude>
      <value>8.9</value>
    </latitude>
    <longitude>
      <value>93.36</value>
    </longitude>
    <depth>
      <value>33000.0</value>
    </depth>
    <depthType>from location</depthType>
    <methodID>smi:eu.emsc-csem/origin_method/NA</methodID>
    <quality>
      <usedPhaseCount>39</usedPhaseCount>
      <usedStationCount>34</usedStationCount>
      <standardError>0.84</standardError>
      <azimuthalGap>137</azimuthalGap>
      <minimumDistance>37.47</minimumDistance>
      <maximumDistance>93.68</maximumDistance>
    </quality>
    <evaluationMode>automatic</evaluationMode>
    <creationInfo>
      <agencyURI>smi:smi-registry/organization/EMSC</agencyURI>
      <authorURI>smi:smi-registry/organization/EMSC</authorURI>
    </creationInfo>
  </origin>
  <magnitude publicID="quakeml:eu.emsc/event/20050114_0000041/origin/CA185/mag/1">
    <mag>
      <value>5.4</value>
      <uncertainty>0.4</uncertainty>
    </mag>
    <type>mb</type>
    <originID>quakeml:eu.emsc/event/20050114_0000041/origin/CA185</originID>
    <stationCount>14</stationCount>
    <creationInfo>
      <agencyURI>smi:smi-registry/organization/EMSC</agencyURI>
      <authorURI>smi:smi-registry/organization/EMSC</authorURI>
    </creationInfo>
  </magnitude>
</event>
<event publicID="quakeml:eu.emsc/event/20050114_0000052">
  <preferredOriginID>quakeml:eu.emsc/event/20050114_0000052/origin/1289551</preferredOriginID>
  <preferredMagnitudeID>quakeml:eu.emsc/event/20050114_0000052/origin/1289551/mag/2</preferredMagnitudeID>
  <creationInfo>
    <agencyURI>smi:smi-registry/organization/EMSC</agencyURI>
    <authorURI>smi:smi-registry/organization/EMSC</authorURI>
    <creationTime>2014-12-03T11:17:49.714671Z</creationTime>
  </creationInfo>
  <description>
    <text>MOROCCO</text>
    <type>Flinn-Engdahl region</type>
  </description>
  <origin publicID="quakeml:eu.emsc/event/20050114_0000052/origin/1289551">
    <time>
      <value>2005-01-14T15:40:09.2Z</value>
      <uncertainty>0.22</uncertainty>
    </time>
    <latitude>
      <value>34.9965</value>
      <uncertainty>6.8</uncertainty>
    </latitude>
    <longitude>
      <value>-3.7842</value>
      <uncertainty>4.8</uncertainty>
    </longitude>
    <depth>
      <value>8000</value>
    </depth>
    <depthType>from location</depthType>
    <methodID>smi:eu.emsc-csem/origin_method/NA</methodID>
    <quality>
      <usedPhaseCount>18</usedPhaseCount>
      <usedStationCount>14</usedStationCount>
      <standardError>0.83</standardError>
      <azimuthalGap>103</azimuthalGap>
      <minimumDistance>0.04</minimumDistance>
      <maximumDistance>4.56</maximumDistance>
    </quality>
    <evaluationMode>manual</evaluationMode>
    <creationInfo>
      <agencyURI>smi:smi-registry/organization/EMSC</agencyURI>
      <authorURI>smi:smi-registry/organization/EMSC</authorURI>
    </creationInfo>
    <originUncertainty>
      <azimuthMaxHorizontalUncertainty>120</azimuthMaxHorizontalUncertainty>
    </originUncertainty>
  </origin>
  <magnitude publicID="quakeml:eu.emsc/event/20050114_0000052/origin/1289551/mag/2">
    <mag>
      <value>3</value>
    </mag>
    <type>MD</type>
    <originID>quakeml:eu.emsc/event/20050114_0000052/origin/1289551</originID>
    <creationInfo>
      <agencyURI>smi:smi-registry/organization/EMSC</agencyURI>
      <authorURI>smi:smi-registry/organization/EMSC</authorURI>
    </creationInfo>
  </magnitude>
</event>
<event publicID="quakeml:eu.emsc/event/20050114_0000040">
  <preferredOriginID>quakeml:eu.emsc/event/20050114_0000040/origin/1270555</preferredOriginID>
  <preferredMagnitudeID>quakeml:eu.emsc/event/20050114_0000040/origin/1270555/mag/2</preferredMagnitudeID>
  <creationInfo>
    <agencyURI>smi:smi-registry/organization/EMSC</agencyURI>
    <authorURI>smi:smi-registry/organization/EMSC</authorURI>
    <creationTime>2014-12-11T06:44:32.426261Z</creationTime>
  </creationInfo>
  <description>
    <text>WESTERN TURKEY</text>
    <type>Flinn-Engdahl region</type>
  </description>
  <origin publicID="quakeml:eu.emsc/event/20050114_0000040/origin/1270555">
    <time>
      <value>2005-01-14T14:55:25.0Z</value>
    </time>
    <latitude>
      <value>39.162</value>
      <uncertainty>9999.9</uncertainty>
    </latitude>
    <longitude>
      <value>27.775</value>
      <uncertainty>9999.9</uncertainty>
    </longitude>
    <depth>
      <value>16000</value>
    </depth>
    <depthType>from location</depthType>
    <methodID>smi:eu.emsc-csem/origin_method/NA</methodID>
    <quality>
      <usedPhaseCount>13</usedPhaseCount>
      <usedStationCount>11</usedStationCount>
      <standardError>0.89</standardError>
      <azimuthalGap>118</azimuthalGap>
      <minimumDistance>0.28</minimumDistance>
      <maximumDistance>1.87</maximumDistance>
    </quality>
    <evaluationMode>manual</evaluationMode>
    <creationInfo>
      <agencyURI>smi:smi-registry/organization/EMSC</agencyURI>
      <authorURI>smi:smi-registry/organization/EMSC</authorURI>
    </creationInfo>
    <originUncertainty>
      <azimuthMaxHorizontalUncertainty>-99</azimuthMaxHorizontalUncertainty>
    </originUncertainty>
  </origin>
  <magnitude publicID="quakeml:eu.emsc/event/20050114_0000040/origin/1270555/mag/2">
    <mag>
      <value>2.9</value>
    </mag>
    <type>MD</type>
    <originID>quakeml:eu.emsc/event/20050114_0000040/origin/1270555</originID>
    <creationInfo>
      <agencyURI>smi:smi-registry/organization/EMSC</agencyURI>
      <authorURI>smi:smi-registry/organization/EMSC</authorURI>
    </creationInfo>
  </magnitude>
</event>
<event publicID="quakeml:eu.emsc/event/20050114_0000039">
  <preferredOriginID>quakeml:eu.emsc/event/20050114_0000039/origin/CA937</preferredOriginID>
  <preferredMagnitudeID>quakeml:eu.emsc/event/20050114_0000039/origin/CA937/mag/1</preferredMagnitudeID>
  <creationInfo>
    <agencyURI>smi:smi-registry/organization/EMSC</agencyURI>
    <authorURI>smi:smi-registry/organization/OBN</authorURI>
    <creationTime>2014-12-01T13:36:41.851418Z</creationTime>
  </creationInfo>
  <description>
    <text>HOKKAIDO, JAPAN REGION</text>
    <type>Flinn-Engdahl region</type>
  </description>
  <origin publicID="quakeml:eu.emsc/event/20050114_0000039/origin/CA937">
    <time>
      <value>2005-01-14T14:50:54.1Z</value>
    </time>
    <latitude>
      <value>44.49</value>
    </latitude>
    <longitude>
      <value>144.81</value>
    </longitude>
    <depth>
      <value>300000.0</value>
    </depth>
    <depthType>from location</depthType>
    <methodID>smi:eu.emsc-csem/origin_method/GEIGER</methodID>
    <quality>
      <usedPhaseCount>8</usedPhaseCount>
      <usedStationCount>8</usedStationCount>
      <azimuthalGap>272</azimuthalGap>
      <minimumDistance>15.54</minimumDistance>
      <maximumDistance>69.35</maximumDistance>
    </quality>
    <evaluationMode>manual</evaluationMode>
    <creationInfo>
      <agencyURI>smi:smi-registry/organization/EMSC</agencyURI>
      <authorURI>smi:smi-registry/organization/OBN</authorURI>
    </creationInfo>
  </origin>
  <magnitude publicID="quakeml:eu.emsc/event/20050114_0000039/origin/CA937/mag/1">
    <mag>
      <value>3.8</value>
    </mag>
    <type>mb</type>
    <originID>quakeml:eu.emsc/event/20050114_0000039/origin/CA937</originID>
    <creationInfo>
      <agencyURI>smi:smi-registry/organization/EMSC</agencyURI>
      <authorURI>smi:smi-registry/organization/OBN</authorURI>
    </creationInfo>
  </magnitude>
</event>
<event publicID="quakeml:eu.emsc/event/20050114_0000053">
  <preferredOriginID>quakeml:eu.emsc/event/20050114_0000053/origin/1270557</preferredOriginID>
  <preferredMagnitudeID>quakeml:eu.emsc/event/20050114_0000053/origin/1270557/mag/2</preferredMagnitudeID>
  <creationInfo>
    <agencyURI>smi:smi-registry/organization/EMSC</agencyURI>
    <authorURI>smi:smi-registry/organization/EMSC</authorURI>
    <creationTime>2014-12-11T06:44:26.112978Z</creationTime>
  </creationInfo>
  <description>
    <text>DODECANESE ISLANDS, GREECE</text>
    <type>Flinn-Engdahl region</type>
  </description>
  <origin publicID="quakeml:eu.emsc/event/20050114_0000053/origin/1270557">
    <time>
      <value>2005-01-14T13:04:24.0Z</value>
    </time>
    <latitude>
      <value>36.662</value>
      <uncertainty>9999.9</uncertainty>
    </latitude>
    <longitude>
      <value>28.462</value>
      <uncertainty>9999.9</uncertainty>
    </longitude>
    <depth>
      <value>48000</value>
    </depth>
    <depthType>from location</depthType>
    <methodID>smi:eu.emsc-csem/origin_method/NA</methodID>
    <quality>
      <usedPhaseCount>12</usedPhaseCount>
      <usedStationCount>10</usedStationCount>
      <standardError>0.91</standardError>
      <azimuthalGap>187</azimuthalGap>
      <minimumDistance>0.5</minimumDistance>
      <maximumDistance>3.5</maximumDistance>
    </quality>
    <evaluationMode>manual</evaluationMode>
    <creationInfo>
      <agencyURI>smi:smi-registry/organization/EMSC</agencyURI>
      <authorURI>smi:smi-registry/organization/EMSC</authorURI>
    </creationInfo>
    <originUncertainty>
      <azimuthMaxHorizontalUncertainty>-99</azimuthMaxHorizontalUncertainty>
    </originUncertainty>
  </origin>
  <magnitude publicID="quakeml:eu.emsc/event/20050114_0000053/origin/1270557/mag/2">
    <mag>
      <value>3.4</value>
    </mag>
    <type>MD</type>
    <originID>quakeml:eu.emsc/event/20050114_0000053/origin/1270557</originID>
    <creationInfo>
      <agencyURI>smi:smi-registry/organization/EMSC</agencyURI>
      <authorURI>smi:smi-registry/organization/EMSC</authorURI>
    </creationInfo>
  </magnitude>
</event>
<event publicID="quakeml:eu.emsc/event/20050114_0000038">
  <preferredOriginID>quakeml:eu.emsc/event/20050114_0000038/origin/CA980</preferredOriginID>
  <preferredMagnitudeID>quakeml:eu.emsc/event/20050114_0000038/origin/CA980/mag/1</preferredMagnitudeID>
  <creationInfo>
    <agencyURI>smi:smi-registry/organization/EMSC</agencyURI>
    <authorURI>smi:smi-registry/organization/ATH</authorURI>
    <creationTime>2014-12-01T15:48:11.74694Z</creationTime>
  </creationInfo>
  <description>
    <text>CENTRAL MEDITERRANEAN SEA</text>
    <type>Flinn-Engdahl region</type>
  </description>
  <origin publicID="quakeml:eu.emsc/event/20050114_0000038/origin/CA980">
    <time>
      <value>2005-01-14T12:46:26.0Z</value>
    </time>
    <latitude>
      <value>35.9</value>
    </latitude>
    <longitude>
      <value>21.8</value>
    </longitude>
    <depth>
      <value>1000.0</value>
    </depth>
    <depthType>from location</depthType>
    <methodID>smi:eu.emsc-csem/origin_method/GEIGER</methodID>
    <quality>
      <usedPhaseCount>4</usedPhaseCount>
      <usedStationCount>4</usedStationCount>
      <azimuthalGap>257</azimuthalGap>
      <minimumDistance>2.59</minimumDistance>
      <maximumDistance>4.43</maximumDistance>
    </quality>
    <evaluationMode>automatic</evaluationMode>
    <creationInfo>
      <agencyURI>smi:smi-registry/organization/EMSC</agencyURI>
      <authorURI>smi:smi-registry/organization/ATH</authorURI>
    </creationInfo>
  </origin>
  <magnitude publicID="quakeml:eu.emsc/event/20050114_0000038/origin/CA980/mag/1">
    <mag>
      <value>3.0</value>
    </mag>
    <type>ml</type>
    <originID>quakeml:eu.emsc/event/20050114_0000038/origin/CA980</originID>
    <creationInfo>
      <agencyURI>smi:smi-registry/organization/EMSC</agencyURI>
      <authorURI>smi:smi-registry/organization/ATH</authorURI>
    </creationInfo>
  </magnitude>
</event>
<event publicID="quakeml:eu.emsc/event/20050114_0000061">
  <preferredOriginID>quakeml:eu.emsc/event/20050114_0000061/origin/1289553</preferredOriginID>
  <preferredMagnitudeID>quakeml:eu.emsc/event/20050114_0000061/origin/1289553/mag/2</preferredMagnitudeID>
  <creationInfo>
    <agencyURI>smi:smi-registry/organization/EMSC</agencyURI>
    <authorURI>smi:smi-registry/organization/EMSC</authorURI>
    <creationTime>2014-12-03T11:04:24.956066Z</creationTime>
  </creationInfo>
  <description>
    <text>SLOVENIA</text>
    <type>Flinn-Engdahl region</type>
  </description>
  <origin publicID="quakeml:eu.emsc/event/20050114_0000061/origin/1289553">
    <time>
      <value>2005-01-14T12:43:07.2Z</value>
      <uncertainty>0.09</uncertainty>
    </time>
    <latitude>
      <value>46.1784</value>
      <uncertainty>3</uncertainty>
    </latitude>
    <longitude>
      <value>13.9943</value>
      <uncertainty>1.4</uncertainty>
    </longitude>
    <depth>
      <value>20000</value>
    </depth>
    <depthType>from location</depthType>
    <methodID>smi:eu.emsc-csem/origin_method/NA</methodID>
    <quality>
      <usedPhaseCount>13</usedPhaseCount>
      <usedStationCount>8</usedStationCount>
      <standardError>0.31</standardError>
      <azimuthalGap>173</azimuthalGap>
      <minimumDistance>0.16</minimumDistance>
      <maximumDistance>0.71</maximumDistance>
    </quality>
    <evaluationMode>manual</evaluationMode>
    <creationInfo>
      <agencyURI>smi:smi-registry/organization/EMSC</agencyURI>
      <authorURI>smi:smi-registry/organization/EMSC</authorURI>
    </creationInfo>
    <originUncertainty>
      <azimuthMaxHorizontalUncertainty>22</azimuthMaxHorizontalUncertainty>
    </originUncertainty>
  </origin>
  <magnitude publicID="quakeml:eu.emsc/event/20050114_0000061/origin/1289553/mag/2">
    <mag>
      <value>1.6</value>
    </mag>
    <type>ML</type>
    <originID>quakeml:eu.emsc/event/20050114_0000061/origin/1289553</originID>
    <creationInfo>
      <agencyURI>smi:smi-registry/organization/EMSC</agencyURI>
      <authorURI>smi:smi-registry/organization/EMSC</authorURI>
    </creationInfo>
  </magnitude>
</event>
<event publicID="quakeml:eu.emsc/event/20050114_0000037">
  <preferredOriginID>quakeml:eu.emsc/event/20050114_0000037/origin/CA971</preferredOriginID>
  <preferredMagnitudeID>quakeml:eu.emsc/event/20050114_0000037/origin/CA971/mag/1</preferredMagnitudeID>
  <creationInfo>
    <agencyURI>smi:smi-registry/organization/EMSC</agencyURI>
    <authorURI>smi:smi-registry/organization/OBN</authorURI>
    <creationTime>2014-12-01T12:44:53.480652Z</creationTime>
  </creationInfo>
  <description>
    <text>KOMANDORSKIYE OSTROVA REGION</text>
    <type>Flinn-Engdahl region</type>
  </description>
  <origin publicID="quakeml:eu.emsc/event/20050114_0000037/origin/CA971">
    <time>
      <value>2005-01-14T12:28:39.2Z</value>
    </time>
    <latitude>
      <value>55.72</value>
    </latitude>
    <longitude>
      <value>166.24</value>
    </longitude>
    <depth>
      <value>33000.0</value>
    </depth>
    <depthType>from location</depthType>
    <methodID>smi:eu.emsc-csem/origin_method/GEIGER</methodID>
    <quality>
      <usedPhaseCount>9</usedPhaseCount>
      <usedStationCount>9</usedStationCount>
      <azimuthalGap>178</azimuthalGap>
      <minimumDistance>12.36</minimumDistance>
      <maximumDistance>60.52</maximumDistance>
    </quality>
    <evaluationMode>manual</evaluationMode>
    <creationInfo>
      <agencyURI>smi:smi-registry/organization/EMSC</agencyURI>
      <authorURI>smi:smi-registry/organization/OBN</authorURI>
    </creationInfo>
  </origin>
  <magnitude publicID="quakeml:eu.emsc/event/20050114_0000037/origin/CA971/mag/1">
    <mag>
      <value>4.7</value>
    </mag>
    <type>mb</type>
    <originID>quakeml:eu.emsc/event/20050114_0000037/origin/CA971</originID>
    <creationInfo>
      <agencyURI>smi:smi-registry/organization/EMSC</agencyURI>
      <authorURI>smi:smi-registry/organization/OBN</authorURI>
    </creationInfo>
  </magnitude>
</event>
<event publicID="quakeml:eu.emsc/event/20050114_0000036">
  <preferredOriginID>quakeml:eu.emsc/event/20050114_0000036/origin/1270559</preferredOriginID>
  <preferredMagnitudeID>quakeml:eu.emsc/event/20050114_0000036/origin/1270559/mag/2</preferredMagnitudeID>
  <creationInfo>
    <agencyURI>smi:smi-registry/organization/EMSC</agencyURI>
    <authorURI>smi:smi-registry/organization/EMSC</authorURI>
    <creationTime>2014-12-11T06:44:23.712532Z</creationTime>
  </creationInfo>
  <description>
    <text>EASTERN TURKEY</text>
    <type>Flinn-Engdahl region</type>
  </description>
  <origin publicID="quakeml:eu.emsc/event/20050114_0000036/origin/1270559">
    <time>
      <value>2005-01-14T12:16:19.0Z</value>
    </time>
    <latitude>
      <value>37.847</value>
      <uncertainty>9999.9</uncertainty>
    </latitude>
    <longitude>
      <value>38.429</value>
      <uncertainty>9999.9</uncertainty>
    </longitude>
    <depth>
      <value>28000</value>
    </depth>
    <depthType>from location</depthType>
    <methodID>smi:eu.emsc-csem/origin_method/NA</methodID>
    <quality>
      <usedPhaseCount>6</usedPhaseCount>
      <usedStationCount>5</usedStationCount>
      <standardError>0.78</standardError>
      <azimuthalGap>124</azimuthalGap>
      <minimumDistance>0.47</minimumDistance>
      <maximumDistance>1.29</maximumDistance>
    </quality>
    <evaluationMode>manual</evaluationMode>
    <creationInfo>
      <agencyURI>smi:smi-registry/organization/EMSC</agencyURI>
      <authorURI>smi:smi-registry/organization/EMSC</authorURI>
    </creationInfo>
    <originUncertainty>
      <azimuthMaxHorizontalUncertainty>-99</azimuthMaxHorizontalUncertainty>
    </originUncertainty>
  </origin>
  <magnitude publicID="quakeml:eu.emsc/event/20050114_0000036/origin/1270559/mag/2">
    <mag>
      <value>3.1</value>
    </mag>
    <type>MD</type>
    <originID>quakeml:eu.emsc/event/20050114_0000036/origin/1270559</originID>
    <creationInfo>
      <agencyURI>smi:smi-registry/organization/EMSC</agencyURI>
      <authorURI>smi:smi-registry/organization/EMSC</authorURI>
    </creationInfo>
  </magnitude>
</event>
<event publicID="quakeml:eu.emsc/event/20050114_0000054">
  <preferredOriginID>quakeml:eu.emsc/event/20050114_0000054/origin/1288462</preferredOriginID>
  <preferredMagnitudeID>quakeml:eu.emsc/event/20050114_0000054/origin/1288462/mag/1</preferredMagnitudeID>
  <creationInfo>
    <agencyURI>smi:smi-registry/organization/EMSC</agencyURI>
    <authorURI>smi:smi-registry/organization/EMSC</authorURI>
    <creationTime>2014-12-03T11:33:44.870849Z</creationTime>
  </creationInfo>
  <description>
    <text>PYRENEES</text>
    <type>Flinn-Engdahl region</type>
  </description>
  <origin publicID="quakeml:eu.emsc/event/20050114_0000054/origin/1288462">
    <time>
      <value>2005-01-14T12:09:08.4Z</value>
      <uncertainty>0.1</uncertainty>
    </time>
    <latitude>
      <value>43.0713</value>
      <uncertainty>2.7</uncertainty>
    </latitude>
    <longitude>
      <value>-0.3399</value>
      <uncertainty>1.5</uncertainty>
    </longitude>
    <depth>
      <value>10000</value>
    </depth>
    <depthType>from location</depthType>
    <methodID>smi:eu.emsc-csem/origin_method/NA</methodID>
    <quality>
      <usedPhaseCount>23</usedPhaseCount>
      <usedStationCount>12</usedStationCount>
      <standardError>0.52</standardError>
      <azimuthalGap>108</azimuthalGap>
      <minimumDistance>0.04</minimumDistance>
      <maximumDistance>2.6</maximumDistance>
    </quality>
    <evaluationMode>manual</evaluationMode>
    <creationInfo>
      <agencyURI>smi:smi-registry/organization/EMSC</agencyURI>
      <authorURI>smi:smi-registry/organization/EMSC</authorURI>
    </creationInfo>
    <originUncertainty>
      <azimuthMaxHorizontalUncertainty>163</azimuthMaxHorizontalUncertainty>
    </originUncertainty>
  </origin>
  <magnitude publicID="quakeml:eu.emsc/event/20050114_0000054/origin/1288462/mag/1">
    <mag>
      <value>1.7</value>
      <uncertainty>0.5</uncertainty>
    </mag>
    <type>ML</type>
    <originID>quakeml:eu.emsc/event/20050114_0000054/origin/1288462</originID>
    <stationCount>7</stationCount>
    <creationInfo>
      <agencyURI>smi:smi-registry/organization/EMSC</agencyURI>
      <authorURI>smi:smi-registry/organization/EMSC</authorURI>
    </creationInfo>
  </magnitude>
</event>
<event publicID="quakeml:eu.emsc/event/20050114_0000058">
  <preferredOriginID>quakeml:eu.emsc/event/20050114_0000058/origin/1270561</preferredOriginID>
  <preferredMagnitudeID>quakeml:eu.emsc/event/20050114_0000058/origin/1270561/mag/2</preferredMagnitudeID>
  <creationInfo>
    <agencyURI>smi:smi-registry/organization/EMSC</agencyURI>
    <authorURI>smi:smi-registry/organization/EMSC</authorURI>
    <creationTime>2014-12-11T06:44:21.881235Z</creationTime>
  </creationInfo>
  <description>
    <text>CYPRUS REGION</text>
    <type>Flinn-Engdahl region</type>
  </description>
  <origin publicID="quakeml:eu.emsc/event/20050114_0000058/origin/1270561">
    <time>
      <value>2005-01-14T11:19:49.7Z</value>
    </time>
    <latitude>
      <value>34.829</value>
      <uncertainty>9999.9</uncertainty>
    </latitude>
    <longitude>
      <value>32.942</value>
      <uncertainty>9999.9</uncertainty>
    </longitude>
    <depth>
      <value>15000</value>
    </depth>
    <depthType>from location</depthType>
    <methodID>smi:eu.emsc-csem/origin_method/NA</methodID>
    <quality>
      <usedPhaseCount>10</usedPhaseCount>
      <usedStationCount>7</usedStationCount>
      <standardError>2.04</standardError>
      <azimuthalGap>135</azimuthalGap>
      <minimumDistance>0.09</minimumDistance>
      <maximumDistance>0.91</maximumDistance>
    </quality>
    <evaluationMode>manual</evaluationMode>
    <creationInfo>
      <agencyURI>smi:smi-registry/organization/EMSC</agencyURI>
      <authorURI>smi:smi-registry/organization/EMSC</authorURI>
    </creationInfo>
    <originUncertainty>
      <azimuthMaxHorizontalUncertainty>-99</azimuthMaxHorizontalUncertainty>
    </originUncertainty>
  </origin>
  <magnitude publicID="quakeml:eu.emsc/event/20050114_0000058/origin/1270561/mag/2">
    <mag>
      <value>3.2</value>
    </mag>
    <type>ML</type>
    <originID>quakeml:eu.emsc/event/20050114_0000058/origin/1270561</originID>
    <creationInfo>
      <agencyURI>smi:smi-registry/organization/EMSC</agencyURI>
      <authorURI>smi:smi-registry/organization/EMSC</authorURI>
    </creationInfo>
  </magnitude>
</event>
<event publicID="quakeml:eu.emsc/event/20050114_0000035">
  <preferredOriginID>quakeml:eu.emsc/event/20050114_0000035/origin/1270563</preferredOriginID>
  <preferredMagnitudeID>quakeml:eu.emsc/event/20050114_0000035/origin/1270563/mag/2</preferredMagnitudeID>
  <creationInfo>
    <agencyURI>smi:smi-registry/organization/EMSC</agencyURI>
    <authorURI>smi:smi-registry/organization/EMSC</authorURI>
    <creationTime>2014-12-11T06:44:17.606156Z</creationTime>
  </creationInfo>
  <description>
    <text>WESTERN TURKEY</text>
    <type>Flinn-Engdahl region</type>
  </description>
  <origin publicID="quakeml:eu.emsc/event/20050114_0000035/origin/1270563">
    <time>
      <value>2005-01-14T11:08:41.8Z</value>
    </time>
    <latitude>
      <value>39.145</value>
      <uncertainty>9999.9</uncertainty>
    </latitude>
    <longitude>
      <value>27.779</value>
      <uncertainty>9999.9</uncertainty>
    </longitude>
    <depth>
      <value>19000</value>
    </depth>
    <depthType>from location</depthType>
    <methodID>smi:eu.emsc-csem/origin_method/NA</methodID>
    <quality>
      <usedPhaseCount>14</usedPhaseCount>
      <usedStationCount>12</usedStationCount>
      <standardError>1.01</standardError>
      <azimuthalGap>129</azimuthalGap>
      <minimumDistance>0.27</minimumDistance>
      <maximumDistance>2.41</maximumDistance>
    </quality>
    <evaluationMode>manual</evaluationMode>
    <creationInfo>
      <agencyURI>smi:smi-registry/organization/EMSC</agencyURI>
      <authorURI>smi:smi-registry/organization/EMSC</authorURI>
    </creationInfo>
    <originUncertainty>
      <azimuthMaxHorizontalUncertainty>-99</azimuthMaxHorizontalUncertainty>
    </originUncertainty>
  </origin>
  <magnitude publicID="quakeml:eu.emsc/event/20050114_0000035/origin/1270563/mag/2">
    <mag>
      <value>3</value>
    </mag>
    <type>MD</type>
    <originID>quakeml:eu.emsc/event/20050114_0000035/origin/1270563</originID>
    <creationInfo>
      <agencyURI>smi:smi-registry/organization/EMSC</agencyURI>
      <authorURI>smi:smi-registry/organization/EMSC</authorURI>
    </creationInfo>
  </magnitude>
</event>
<event publicID="quakeml:eu.emsc/event/20050114_0000032">
  <preferredOriginID>quakeml:eu.emsc/event/20050114_0000032/origin/CA181</preferredOriginID>
  <preferredMagnitudeID>quakeml:eu.emsc/event/20050114_0000032/origin/CA181/mag/1</preferredMagnitudeID>
  <creationInfo>
    <agencyURI>smi:smi-registry/organization/EMSC</agencyURI>
    <authorURI>smi:smi-registry/organization/EMSC</authorURI>
    <creationTime>2014-12-01T13:49:31.88523Z</creationTime>
  </creationInfo>
  <description>
    <text>NEW IRELAND REGION, P.N.G.</text>
    <type>Flinn-Engdahl region</type>
  </description>
  <origin publicID="quakeml:eu.emsc/event/20050114_0000032/origin/CA181">
    <time>
      <value>2005-01-14T08:33:18.6Z</value>
      <uncertainty>0.14</uncertainty>
    </time>
    <latitude>
      <value>-3.76</value>
    </latitude>
    <longitude>
      <value>152.84</value>
    </longitude>
    <depth>
      <value>33000.0</value>
    </depth>
    <depthType>from location</depthType>
    <methodID>smi:eu.emsc-csem/origin_method/NA</methodID>
    <quality>
      <usedPhaseCount>108</usedPhaseCount>
      <usedStationCount>96</usedStationCount>
      <standardError>0.98</standardError>
      <azimuthalGap>104</azimuthalGap>
      <minimumDistance>18.96</minimumDistance>
      <maximumDistance>139.26</maximumDistance>
    </quality>
    <evaluationMode>automatic</evaluationMode>
    <creationInfo>
      <agencyURI>smi:smi-registry/organization/EMSC</agencyURI>
      <authorURI>smi:smi-registry/organization/EMSC</authorURI>
    </creationInfo>
  </origin>
  <magnitude publicID="quakeml:eu.emsc/event/20050114_0000032/origin/CA181/mag/1">
    <mag>
      <value>5.5</value>
      <uncertainty>0.3</uncertainty>
    </mag>
    <type>mb</type>
    <originID>quakeml:eu.emsc/event/20050114_0000032/origin/CA181</originID>
    <stationCount>24</stationCount>
    <creationInfo>
      <agencyURI>smi:smi-registry/organization/EMSC</agencyURI>
      <authorURI>smi:smi-registry/organization/EMSC</authorURI>
    </creationInfo>
  </magnitude>
</event>
<event publicID="quakeml:eu.emsc/event/20050114_0000065">
  <preferredOriginID>quakeml:eu.emsc/event/20050114_0000065/origin/1289564</preferredOriginID>
  <preferredMagnitudeID>quakeml:eu.emsc/event/20050114_0000065/origin/1289564/mag/2</preferredMagnitudeID>
  <creationInfo>
    <agencyURI>smi:smi-registry/organization/EMSC</agencyURI>
    <authorURI>smi:smi-registry/organization/EMSC</authorURI>
    <creationTime>2014-12-03T11:06:02.672993Z</creationTime>
  </creationInfo>
  <description>
    <text>SLOVENIA</text>
    <type>Flinn-Engdahl region</type>
  </description>
  <origin publicID="quakeml:eu.emsc/event/20050114_0000065/origin/1289564">
    <time>
      <value>2005-01-14T08:28:55.6Z</value>
      <uncertainty>0.28</uncertainty>
    </time>
    <latitude>
      <value>46.1641</value>
      <uncertainty>6.3</uncertainty>
    </latitude>
    <longitude>
      <value>13.9738</value>
      <uncertainty>2.3</uncertainty>
    </longitude>
    <depth>
      <value>24200.0</value>
      <uncertainty>3.4</uncertainty>
    </depth>
    <depthType>from location</depthType>
    <methodID>smi:eu.emsc-csem/origin_method/NA</methodID>
    <quality>
      <usedPhaseCount>11</usedPhaseCount>
      <usedStationCount>7</usedStationCount>
      <standardError>0.29</standardError>
      <azimuthalGap>166</azimuthalGap>
      <minimumDistance>0.14</minimumDistance>
      <maximumDistance>0.72</maximumDistance>
    </quality>
    <evaluationMode>manual</evaluationMode>
    <creationInfo>
      <agencyURI>smi:smi-registry/organization/EMSC</agencyURI>
      <authorURI>smi:smi-registry/organization/EMSC</authorURI>
    </creationInfo>
    <originUncertainty>
      <azimuthMaxHorizontalUncertainty>48</azimuthMaxHorizontalUncertainty>
    </originUncertainty>
  </origin>
  <magnitude publicID="quakeml:eu.emsc/event/20050114_0000065/origin/1289564/mag/2">
    <mag>
      <value>1.1</value>
    </mag>
    <type>ML</type>
    <originID>quakeml:eu.emsc/event/20050114_0000065/origin/1289564</originID>
    <creationInfo>
      <agencyURI>smi:smi-registry/organization/EMSC</agencyURI>
      <authorURI>smi:smi-registry/organization/EMSC</authorURI>
    </creationInfo>
  </magnitude>
</event>
<event publicID="quakeml:eu.emsc/event/20050114_0000031">
  <preferredOriginID>quakeml:eu.emsc/event/20050114_0000031/origin/BZ030</preferredOriginID>
  <preferredMagnitudeID>quakeml:eu.emsc/event/20050114_0000031/origin/BZ030/mag/1</preferredMagnitudeID>
  <creationInfo>
    <agencyURI>smi:smi-registry/organization/EMSC</agencyURI>
    <authorURI>smi:smi-registry/organization/OBN</authorURI>
    <creationTime>2014-12-01T14:15:25.272944Z</creationTime>
  </creationInfo>
  <description>
    <text>NEAR EAST COAST OF KAMCHATKA</text>
    <type>Flinn-Engdahl region</type>
  </description>
  <origin publicID="quakeml:eu.emsc/event/20050114_0000031/origin/BZ030">
    <time>
      <value>2005-01-14T08:08:41.8Z</value>
    </time>
    <latitude>
      <value>51.7</value>
    </latitude>
    <longitude>
      <value>158.32</value>
    </longitude>
    <depth>
      <value>50000.0</value>
    </depth>
    <depthType>from location</depthType>
    <methodID>smi:eu.emsc-csem/origin_method/GEIGER</methodID>
    <quality>
      <usedPhaseCount>7</usedPhaseCount>
      <usedStationCount>7</usedStationCount>
      <azimuthalGap>193</azimuthalGap>
      <minimumDistance>1.34</minimumDistance>
      <maximumDistance>74.36</maximumDistance>
    </quality>
    <evaluationMode>manual</evaluationMode>
    <creationInfo>
      <agencyURI>smi:smi-registry/organization/EMSC</agencyURI>
      <authorURI>smi:smi-registry/organization/OBN</authorURI>
    </creationInfo>
  </origin>
  <magnitude publicID="quakeml:eu.emsc/event/20050114_0000031/origin/BZ030/mag/1">
    <mag>
      <value>4.6</value>
    </mag>
    <type>mb</type>
    <originID>quakeml:eu.emsc/event/20050114_0000031/origin/BZ030</originID>
    <creationInfo>
      <agencyURI>smi:smi-registry/organization/EMSC</agencyURI>
      <authorURI>smi:smi-registry/organization/OBN</authorURI>
    </creationInfo>
  </magnitude>
</event>
<event publicID="quakeml:eu.emsc/event/20050114_0000030">
  <preferredOriginID>quakeml:eu.emsc/event/20050114_0000030/origin/1289567</preferredOriginID>
  <preferredMagnitudeID>quakeml:eu.emsc/event/20050114_0000030/origin/1289567/mag/1</preferredMagnitudeID>
  <creationInfo>
    <agencyURI>smi:smi-registry/organization/EMSC</agencyURI>
    <authorURI>smi:smi-registry/organization/EMSC</authorURI>
    <creationTime>2014-12-03T13:54:33.703715Z</creationTime>
  </creationInfo>
  <description>
    <text>SLOVENIA</text>
    <type>Flinn-Engdahl region</type>
  </description>
  <origin publicID="quakeml:eu.emsc/event/20050114_0000030/origin/1289567">
    <time>
      <value>2005-01-14T08:05:18.9Z</value>
      <uncertainty>0.13</uncertainty>
    </time>
    <latitude>
      <value>46.2223</value>
      <uncertainty>3.6</uncertainty>
    </latitude>
    <longitude>
      <value>14.0327</value>
      <uncertainty>2.8</uncertainty>
    </longitude>
    <depth>
      <value>8000</value>
    </depth>
    <depthType>from location</depthType>
    <methodID>smi:eu.emsc-csem/origin_method/NA</methodID>
    <quality>
      <usedPhaseCount>60</usedPhaseCount>
      <usedStationCount>40</usedStationCount>
      <standardError>0.97</standardError>
      <azimuthalGap>64</azimuthalGap>
      <minimumDistance>0.22</minimumDistance>
      <maximumDistance>7.24</maximumDistance>
    </quality>
    <evaluationMode>manual</evaluationMode>
    <creationInfo>
      <agencyURI>smi:smi-registry/organization/EMSC</agencyURI>
      <authorURI>smi:smi-registry/organization/EMSC</authorURI>
    </creationInfo>
    <originUncertainty>
      <azimuthMaxHorizontalUncertainty>61</azimuthMaxHorizontalUncertainty>
    </originUncertainty>
  </origin>
  <magnitude publicID="quakeml:eu.emsc/event/20050114_0000030/origin/1289567/mag/1">
    <mag>
      <value>4.2</value>
      <uncertainty>0.2</uncertainty>
    </mag>
    <type>ML</type>
    <originID>quakeml:eu.emsc/event/20050114_0000030/origin/1289567</originID>
    <stationCount>6</stationCount>
    <creationInfo>
      <agencyURI>smi:smi-registry/organization/EMSC</agencyURI>
      <authorURI>smi:smi-registry/organization/EMSC</authorURI>
    </creationInfo>
  </magnitude>
</event>
<event publicID="quakeml:eu.emsc/event/20050114_0000029">
  <preferredOriginID>quakeml:eu.emsc/event/20050114_0000029/origin/1289577</preferredOriginID>
  <preferredMagnitudeID>quakeml:eu.emsc/event/20050114_0000029/origin/1289577/mag/1</preferredMagnitudeID>
  <creationInfo>
    <agencyURI>smi:smi-registry/organization/EMSC</agencyURI>
    <authorURI>smi:smi-registry/organization/EMSC</authorURI>
    <creationTime>2014-12-03T15:01:45.941221Z</creationTime>
  </creationInfo>
  <description>
    <text>SLOVENIA</text>
    <type>Flinn-Engdahl region</type>
  </description>
  <origin publicID="quakeml:eu.emsc/event/20050114_0000029/origin/1289577">
    <time>
      <value>2005-01-14T07:58:11.9Z</value>
      <uncertainty>0.07</uncertainty>
    </time>
    <latitude>
      <value>46.2044</value>
      <uncertainty>1.8</uncertainty>
    </latitude>
    <longitude>
      <value>14.015</value>
      <uncertainty>1.6</uncertainty>
    </longitude>
    <depth>
      <value>10000</value>
    </depth>
    <depthType>from location</depthType>
    <methodID>smi:eu.emsc-csem/origin_method/NA</methodID>
    <quality>
      <usedPhaseCount>220</usedPhaseCount>
      <usedStationCount>159</usedStationCount>
      <standardError>1.05</standardError>
      <azimuthalGap>14</azimuthalGap>
      <minimumDistance>0.19</minimumDistance>
      <maximumDistance>11.05</maximumDistance>
    </quality>
    <evaluationMode>manual</evaluationMode>
    <creationInfo>
      <agencyURI>smi:smi-registry/organization/EMSC</agencyURI>
      <authorURI>smi:smi-registry/organization/EMSC</authorURI>
    </creationInfo>
    <originUncertainty>
      <azimuthMaxHorizontalUncertainty>9</azimuthMaxHorizontalUncertainty>
    </originUncertainty>
  </origin>
  <magnitude publicID="quakeml:eu.emsc/event/20050114_0000029/origin/1289577/mag/1">
    <mag>
      <value>4.7</value>
      <uncertainty>0.5</uncertainty>
    </mag>
    <type>ML</type>
    <originID>quakeml:eu.emsc/event/20050114_0000029/origin/1289577</originID>
    <stationCount>23</stationCount>
    <creationInfo>
      <agencyURI>smi:smi-registry/organization/EMSC</agencyURI>
      <authorURI>smi:smi-registry/organization/EMSC</authorURI>
    </creationInfo>
  </magnitude>
</event>
<event publicID="quakeml:eu.emsc/event/20050114_0000063">
  <preferredOriginID>quakeml:eu.emsc/event/20050114_0000063/origin/1288466</preferredOriginID>
  <preferredMagnitudeID>quakeml:eu.emsc/event/20050114_0000063/origin/1288466/mag/1</preferredMagnitudeID>
  <creationInfo>
    <agencyURI>smi:smi-registry/organization/EMSC</agencyURI>
    <authorURI>smi:smi-registry/organization/EMSC</authorURI>
    <creationTime>2014-12-03T11:54:35.152209Z</creationTime>
  </creationInfo>
  <description>
    <text>PYRENEES</text>
    <type>Flinn-Engdahl region</type>
  </description>
  <origin publicID="quakeml:eu.emsc/event/20050114_0000063/origin/1288466">
    <time>
      <value>2005-01-14T07:42:40.7Z</value>
      <uncertainty>0.08</uncertainty>
    </time>
    <latitude>
      <value>42.6205</value>
      <uncertainty>1.7</uncertainty>
    </latitude>
    <longitude>
      <value>0.8273</value>
      <uncertainty>1.3</uncertainty>
    </longitude>
    <depth>
      <value>15000</value>
    </depth>
    <depthType>from location</depthType>
    <methodID>smi:eu.emsc-csem/origin_method/NA</methodID>
    <quality>
      <usedPhaseCount>38</usedPhaseCount>
      <usedStationCount>19</usedStationCount>
      <standardError>0.5</standardError>
      <azimuthalGap>50</azimuthalGap>
      <minimumDistance>0.26</minimumDistance>
      <maximumDistance>2.73</maximumDistance>
    </quality>
    <evaluationMode>manual</evaluationMode>
    <creationInfo>
      <agencyURI>smi:smi-registry/organization/EMSC</agencyURI>
      <authorURI>smi:smi-registry/organization/EMSC</authorURI>
    </creationInfo>
    <originUncertainty>
      <azimuthMaxHorizontalUncertainty>179</azimuthMaxHorizontalUncertainty>
    </originUncertainty>
  </origin>
  <magnitude publicID="quakeml:eu.emsc/event/20050114_0000063/origin/1288466/mag/1">
    <mag>
      <value>2.3</value>
      <uncertainty>0.4</uncertainty>
    </mag>
    <type>ML</type>
    <originID>quakeml:eu.emsc/event/20050114_0000063/origin/1288466</originID>
    <stationCount>11</stationCount>
    <creationInfo>
      <agencyURI>smi:smi-registry/organization/EMSC</agencyURI>
      <authorURI>smi:smi-registry/organization/EMSC</authorURI>
    </creationInfo>
  </magnitude>
</event>
<event publicID="quakeml:eu.emsc/event/20050114_0000028">
  <preferredOriginID>quakeml:eu.emsc/event/20050114_0000028/origin/CA183</preferredOriginID>
  <preferredMagnitudeID>quakeml:eu.emsc/event/20050114_0000028/origin/CA183/mag/1</preferredMagnitudeID>
  <creationInfo>
    <agencyURI>smi:smi-registry/organization/EMSC</agencyURI>
    <authorURI>smi:smi-registry/organization/EMSC</authorURI>
    <creationTime>2014-12-01T13:49:28.898765Z</creationTime>
  </creationInfo>
  <description>
    <text>NEAR EAST COAST OF KAMCHATKA</text>
    <type>Flinn-Engdahl region</type>
  </description>
  <origin publicID="quakeml:eu.emsc/event/20050114_0000028/origin/CA183">
    <time>
      <value>2005-01-14T03:49:35.3Z</value>
      <uncertainty>0.34</uncertainty>
    </time>
    <latitude>
      <value>52.59</value>
    </latitude>
    <longitude>
      <value>158.55</value>
    </longitude>
    <depth>
      <value>59000.0</value>
      <uncertainty>1.4</uncertainty>
    </depth>
    <depthType>from location</depthType>
    <methodID>smi:eu.emsc-csem/origin_method/NA</methodID>
    <quality>
      <usedPhaseCount>24</usedPhaseCount>
      <usedStationCount>22</usedStationCount>
      <standardError>1.04</standardError>
      <azimuthalGap>208</azimuthalGap>
      <minimumDistance>0.44</minimumDistance>
      <maximumDistance>78.17</maximumDistance>
    </quality>
    <evaluationMode>automatic</evaluationMode>
    <creationInfo>
      <agencyURI>smi:smi-registry/organization/EMSC</agencyURI>
      <authorURI>smi:smi-registry/organization/EMSC</authorURI>
    </creationInfo>
  </origin>
  <magnitude publicID="quakeml:eu.emsc/event/20050114_0000028/origin/CA183/mag/1">
    <mag>
      <value>5.2</value>
      <uncertainty>0.4</uncertainty>
    </mag>
    <type>mb</type>
    <originID>quakeml:eu.emsc/event/20050114_0000028/origin/CA183</originID>
    <stationCount>11</stationCount>
    <creationInfo>
      <agencyURI>smi:smi-registry/organization/EMSC</agencyURI>
      <authorURI>smi:smi-registry/organization/EMSC</authorURI>
    </creationInfo>
  </magnitude>
</event>
<event publicID="quakeml:eu.emsc/event/20050114_0000062">
  <preferredOriginID>quakeml:eu.emsc/event/20050114_0000062/origin/1270565</preferredOriginID>
  <preferredMagnitudeID>quakeml:eu.emsc/event/20050114_0000062/origin/1270565/mag/2</preferredMagnitudeID>
  <creationInfo>
    <agencyURI>smi:smi-registry/organization/EMSC</agencyURI>
    <authorURI>smi:smi-registry/organization/EMSC</authorURI>
    <creationTime>2014-12-11T06:43:59.468473Z</creationTime>
  </creationInfo>
  <description>
    <text>CAUCASUS REGION, RUSSIA</text>
    <type>Flinn-Engdahl region</type>
  </description>
  <origin publicID="quakeml:eu.emsc/event/20050114_0000062/origin/1270565">
    <time>
      <value>2005-01-14T03:17:23.6Z</value>
    </time>
    <latitude>
      <value>43.251</value>
      <uncertainty>9999.9</uncertainty>
    </latitude>
    <longitude>
      <value>44.809</value>
      <uncertainty>9999.9</uncertainty>
    </longitude>
    <depth>
      <value>15000</value>
    </depth>
    <depthType>from location</depthType>
    <methodID>smi:eu.emsc-csem/origin_method/NA</methodID>
    <quality>
      <usedPhaseCount>23</usedPhaseCount>
      <usedStationCount>12</usedStationCount>
      <standardError>2.4</standardError>
      <azimuthalGap>132</azimuthalGap>
      <minimumDistance>0.82</minimumDistance>
      <maximumDistance>2.21</maximumDistance>
    </quality>
    <evaluationMode>manual</evaluationMode>
    <creationInfo>
      <agencyURI>smi:smi-registry/organization/EMSC</agencyURI>
      <authorURI>smi:smi-registry/organization/EMSC</authorURI>
    </creationInfo>
    <originUncertainty>
      <azimuthMaxHorizontalUncertainty>-99</azimuthMaxHorizontalUncertainty>
    </originUncertainty>
  </origin>
  <magnitude publicID="quakeml:eu.emsc/event/20050114_0000062/origin/1270565/mag/2">
    <mag>
      <value>4</value>
    </mag>
    <type>mb</type>
    <originID>quakeml:eu.emsc/event/20050114_0000062/origin/1270565</originID>
    <creationInfo>
      <agencyURI>smi:smi-registry/organization/EMSC</agencyURI>
      <authorURI>smi:smi-registry/organization/EMSC</authorURI>
    </creationInfo>
  </magnitude>
</event>
<event publicID="quakeml:eu.emsc/event/20050114_0000026">
  <preferredOriginID>quakeml:eu.emsc/event/20050114_0000026/origin/1289583</preferredOriginID>
  <preferredMagnitudeID>quakeml:eu.emsc/event/20050114_0000026/origin/1289583/mag/2</preferredMagnitudeID>
  <creationInfo>
    <agencyURI>smi:smi-registry/organization/EMSC</agencyURI>
    <authorURI>smi:smi-registry/organization/EMSC</authorURI>
    <creationTime>2014-12-03T13:54:33.844064Z</creationTime>
  </creationInfo>
  <description>
    <text>EASTERN TURKEY</text>
    <type>Flinn-Engdahl region</type>
  </description>
  <origin publicID="quakeml:eu.emsc/event/20050114_0000026/origin/1289583">
    <time>
      <value>2005-01-14T01:07:21.7Z</value>
      <uncertainty>0.19</uncertainty>
    </time>
    <latitude>
      <value>39.9402</value>
      <uncertainty>5.8</uncertainty>
    </latitude>
    <longitude>
      <value>40.7101</value>
      <uncertainty>4.8</uncertainty>
    </longitude>
    <depth>
      <value>5000</value>
    </depth>
    <depthType>from location</depthType>
    <methodID>smi:eu.emsc-csem/origin_method/NA</methodID>
    <quality>
      <usedPhaseCount>21</usedPhaseCount>
      <usedStationCount>20</usedStationCount>
      <standardError>0.88</standardError>
      <azimuthalGap>37</azimuthalGap>
      <minimumDistance>0.4</minimumDistance>
      <maximumDistance>12.23</maximumDistance>
    </quality>
    <evaluationMode>manual</evaluationMode>
    <creationInfo>
      <agencyURI>smi:smi-registry/organization/EMSC</agencyURI>
      <authorURI>smi:smi-registry/organization/EMSC</authorURI>
    </creationInfo>
    <originUncertainty>
      <azimuthMaxHorizontalUncertainty>167</azimuthMaxHorizontalUncertainty>
    </originUncertainty>
  </origin>
  <magnitude publicID="quakeml:eu.emsc/event/20050114_0000026/origin/1289583/mag/2">
    <mag>
      <value>3.9</value>
    </mag>
    <type>MD</type>
    <originID>quakeml:eu.emsc/event/20050114_0000026/origin/1289583</originID>
    <creationInfo>
      <agencyURI>smi:smi-registry/organization/EMSC</agencyURI>
      <authorURI>smi:smi-registry/organization/EMSC</authorURI>
    </creationInfo>
  </magnitude>
</event>
<event publicID="quakeml:eu.emsc/event/20050114_0000059">
  <preferredOriginID>quakeml:eu.emsc/event/20050114_0000059/origin/1289586</preferredOriginID>
  <preferredMagnitudeID>quakeml:eu.emsc/event/20050114_0000059/origin/1289586/mag/2</preferredMagnitudeID>
  <creationInfo>
    <agencyURI>smi:smi-registry/organization/EMSC</agencyURI>
    <authorURI>smi:smi-registry/organization/EMSC</authorURI>
    <creationTime>2014-12-03T12:05:53.643344Z</creationTime>
  </creationInfo>
  <description>
    <text>GREECE</text>
    <type>Flinn-Engdahl region</type>
  </description>
  <origin publicID="quakeml:eu.emsc/event/20050114_0000059/origin/1289586">
    <time>
      <value>2005-01-14T00:56:47.0Z</value>
      <uncertainty>0.17</uncertainty>
    </time>
    <latitude>
      <value>40.1558</value>
      <uncertainty>3.6</uncertainty>
    </latitude>
    <longitude>
      <value>23.9155</value>
      <uncertainty>3</uncertainty>
    </longitude>
    <depth>
      <value>10000</value>
    </depth>
    <depthType>from location</depthType>
    <methodID>smi:eu.emsc-csem/origin_method/NA</methodID>
    <quality>
      <usedPhaseCount>24</usedPhaseCount>
      <usedStationCount>15</usedStationCount>
      <standardError>0.79</standardError>
      <azimuthalGap>78</azimuthalGap>
      <minimumDistance>0.19</minimumDistance>
      <maximumDistance>1.67</maximumDistance>
    </quality>
    <evaluationMode>manual</evaluationMode>
    <creationInfo>
      <agencyURI>smi:smi-registry/organization/EMSC</agencyURI>
      <authorURI>smi:smi-registry/organization/EMSC</authorURI>
    </creationInfo>
    <originUncertainty>
      <azimuthMaxHorizontalUncertainty>83</azimuthMaxHorizontalUncertainty>
    </originUncertainty>
  </origin>
  <magnitude publicID="quakeml:eu.emsc/event/20050114_0000059/origin/1289586/mag/2">
    <mag>
      <value>2.4</value>
    </mag>
    <type>ML</type>
    <originID>quakeml:eu.emsc/event/20050114_0000059/origin/1289586</originID>
    <creationInfo>
      <agencyURI>smi:smi-registry/organization/EMSC</agencyURI>
      <authorURI>smi:smi-registry/organization/EMSC</authorURI>
    </creationInfo>
  </magnitude>
</event>
</eventParameters>
</q:quakeml>
