<?xml version="1.0"?>
<q:quakeml xmlns:q="http://quakeml.org/xmlns/quakeml/1.2"  xmlns="http://quakeml.org/xmlns/bed/1.2">
<eventParameters publicID="smi:eu.emsc/unid">
<event publicID="quakeml:eu.emsc/event/20050320_0000064">
  <preferredOriginID>quakeml:eu.emsc/event/20050320_0000064/origin/1285892</preferredOriginID>
  <preferredMagnitudeID>quakeml:eu.emsc/event/20050320_0000064/origin/1285892/mag/2</preferredMagnitudeID>
  <creationInfo>
    <agencyURI>smi:smi-registry/organization/EMSC</agencyURI>
    <authorURI>smi:smi-registry/organization/EMSC</authorURI>
    <creationTime>2014-12-03T12:12:00.75495Z</creationTime>
  </creationInfo>
  <description>
    <text>JAN MAYEN ISLAND REGION</text>
    <type>Flinn-Engdahl region</type>
  </description>
  <origin publicID="quakeml:eu.emsc/event/20050320_0000064/origin/1285892">
    <time>
      <value>2005-03-20T23:03:02.8Z</value>
      <uncertainty>0.21</uncertainty>
    </time>
    <latitude>
      <value>71.409</value>
      <uncertainty>9</uncertainty>
    </latitude>
    <longitude>
      <value>-11.0541</value>
      <uncertainty>4</uncertainty>
    </longitude>
    <depth>
      <value>20000</value>
    </depth>
    <depthType>from location</depthType>
    <methodID>smi:eu.emsc-csem/origin_method/NA</methodID>
    <quality>
      <usedPhaseCount>16</usedPhaseCount>
      <usedStationCount>10</usedStationCount>
      <standardError>0.63</standardError>
      <azimuthalGap>132</azimuthalGap>
      <minimumDistance>0.9</minimumDistance>
      <maximumDistance>13.62</maximumDistance>
    </quality>
    <evaluationMode>manual</evaluationMode>
    <creationInfo>
      <agencyURI>smi:smi-registry/organization/EMSC</agencyURI>
      <authorURI>smi:smi-registry/organization/EMSC</authorURI>
    </creationInfo>
    <originUncertainty>
      <azimuthMaxHorizontalUncertainty>21</azimuthMaxHorizontalUncertainty>
    </originUncertainty>
  </origin>
  <magnitude publicID="quakeml:eu.emsc/event/20050320_0000064/origin/1285892/mag/2">
    <mag>
      <value>3.3</value>
    </mag>
    <type>ML</type>
    <originID>quakeml:eu.emsc/event/20050320_0000064/origin/1285892</originID>
    <creationInfo>
      <agencyURI>smi:smi-registry/organization/EMSC</agencyURI>
      <authorURI>smi:smi-registry/organization/EMSC</authorURI>
    </creationInfo>
  </magnitude>
</event>
<event publicID="quakeml:eu.emsc/event/20050320_0000045">
  <preferredOriginID>quakeml:eu.emsc/event/20050320_0000045/origin/1267827</preferredOriginID>
  <preferredMagnitudeID>quakeml:eu.emsc/event/20050320_0000045/origin/1267827/mag/2</preferredMagnitudeID>
  <creationInfo>
    <agencyURI>smi:smi-registry/organization/EMSC</agencyURI>
    <authorURI>smi:smi-registry/organization/EMSC</authorURI>
    <creationTime>2014-12-11T08:05:59.689937Z</creationTime>
  </creationInfo>
  <description>
    <text>WESTERN TURKEY</text>
    <type>Flinn-Engdahl region</type>
  </description>
  <origin publicID="quakeml:eu.emsc/event/20050320_0000045/origin/1267827">
    <time>
      <value>2005-03-20T22:51:04.7Z</value>
    </time>
    <latitude>
      <value>36.663</value>
      <uncertainty>9999.9</uncertainty>
    </latitude>
    <longitude>
      <value>29.323</value>
      <uncertainty>9999.9</uncertainty>
    </longitude>
    <depth>
      <value>52000</value>
    </depth>
    <depthType>from location</depthType>
    <methodID>smi:eu.emsc-csem/origin_method/NA</methodID>
    <quality>
      <usedPhaseCount>6</usedPhaseCount>
      <usedStationCount>5</usedStationCount>
      <standardError>0.73</standardError>
      <azimuthalGap>182</azimuthalGap>
      <minimumDistance>0.19</minimumDistance>
      <maximumDistance>1.29</maximumDistance>
    </quality>
    <evaluationMode>manual</evaluationMode>
    <creationInfo>
      <agencyURI>smi:smi-registry/organization/EMSC</agencyURI>
      <authorURI>smi:smi-registry/organization/EMSC</authorURI>
    </creationInfo>
    <originUncertainty>
      <azimuthMaxHorizontalUncertainty>-99</azimuthMaxHorizontalUncertainty>
    </originUncertainty>
  </origin>
  <magnitude publicID="quakeml:eu.emsc/event/20050320_0000045/origin/1267827/mag/2">
    <mag>
      <value>2.9</value>
    </mag>
    <type>MD</type>
    <originID>quakeml:eu.emsc/event/20050320_0000045/origin/1267827</originID>
    <creationInfo>
      <agencyURI>smi:smi-registry/organization/EMSC</agencyURI>
      <authorURI>smi:smi-registry/organization/EMSC</authorURI>
    </creationInfo>
  </magnitude>
</event>
<event publicID="quakeml:eu.emsc/event/20050320_0000039">
  <preferredOriginID>quakeml:eu.emsc/event/20050320_0000039/origin/1267829</preferredOriginID>
  <preferredMagnitudeID>quakeml:eu.emsc/event/20050320_0000039/origin/1267829/mag/2</preferredMagnitudeID>
  <creationInfo>
    <agencyURI>smi:smi-registry/organization/EMSC</agencyURI>
    <authorURI>smi:smi-registry/organization/EMSC</authorURI>
    <creationTime>2014-12-11T08:05:55.468739Z</creationTime>
  </creationInfo>
  <description>
    <text>WESTERN TURKEY</text>
    <type>Flinn-Engdahl region</type>
  </description>
  <origin publicID="quakeml:eu.emsc/event/20050320_0000039/origin/1267829">
    <time>
      <value>2005-03-20T22:43:10.2Z</value>
    </time>
    <latitude>
      <value>36.482</value>
      <uncertainty>9999.9</uncertainty>
    </latitude>
    <longitude>
      <value>29.335</value>
      <uncertainty>9999.9</uncertainty>
    </longitude>
    <depth>
      <value>38000</value>
    </depth>
    <depthType>from location</depthType>
    <methodID>smi:eu.emsc-csem/origin_method/NA</methodID>
    <quality>
      <usedPhaseCount>10</usedPhaseCount>
      <usedStationCount>8</usedStationCount>
      <standardError>0.87</standardError>
      <azimuthalGap>230</azimuthalGap>
      <minimumDistance>0.25</minimumDistance>
      <maximumDistance>2.64</maximumDistance>
    </quality>
    <evaluationMode>manual</evaluationMode>
    <creationInfo>
      <agencyURI>smi:smi-registry/organization/EMSC</agencyURI>
      <authorURI>smi:smi-registry/organization/EMSC</authorURI>
    </creationInfo>
    <originUncertainty>
      <azimuthMaxHorizontalUncertainty>-99</azimuthMaxHorizontalUncertainty>
    </originUncertainty>
  </origin>
  <magnitude publicID="quakeml:eu.emsc/event/20050320_0000039/origin/1267829/mag/2">
    <mag>
      <value>3.1</value>
    </mag>
    <type>MD</type>
    <originID>quakeml:eu.emsc/event/20050320_0000039/origin/1267829</originID>
    <creationInfo>
      <agencyURI>smi:smi-registry/organization/EMSC</agencyURI>
      <authorURI>smi:smi-registry/organization/EMSC</authorURI>
    </creationInfo>
  </magnitude>
</event>
<event publicID="quakeml:eu.emsc/event/20050320_0000041">
  <preferredOriginID>quakeml:eu.emsc/event/20050320_0000041/origin/1267831</preferredOriginID>
  <preferredMagnitudeID>quakeml:eu.emsc/event/20050320_0000041/origin/1267831/mag/2</preferredMagnitudeID>
  <creationInfo>
    <agencyURI>smi:smi-registry/organization/EMSC</agencyURI>
    <authorURI>smi:smi-registry/organization/EMSC</authorURI>
    <creationTime>2014-12-10T17:59:05.871538Z</creationTime>
  </creationInfo>
  <description>
    <text>FRANCE-GERMANY BORDER REGION</text>
    <type>Flinn-Engdahl region</type>
  </description>
  <origin publicID="quakeml:eu.emsc/event/20050320_0000041/origin/1267831">
    <time>
      <value>2005-03-20T22:31:44.5Z</value>
    </time>
    <latitude>
      <value>47.5976</value>
      <uncertainty>9999.9</uncertainty>
    </latitude>
    <longitude>
      <value>7.3385</value>
      <uncertainty>9999.9</uncertainty>
    </longitude>
    <depth>
      <value>6000</value>
    </depth>
    <depthType>from location</depthType>
    <methodID>smi:eu.emsc-csem/origin_method/NA</methodID>
    <quality>
      <usedPhaseCount>10</usedPhaseCount>
      <usedStationCount>5</usedStationCount>
      <standardError>0.82</standardError>
      <azimuthalGap>224</azimuthalGap>
      <minimumDistance>0.39</minimumDistance>
      <maximumDistance>1.62</maximumDistance>
    </quality>
    <evaluationMode>manual</evaluationMode>
    <creationInfo>
      <agencyURI>smi:smi-registry/organization/EMSC</agencyURI>
      <authorURI>smi:smi-registry/organization/EMSC</authorURI>
    </creationInfo>
    <originUncertainty>
      <azimuthMaxHorizontalUncertainty>-99</azimuthMaxHorizontalUncertainty>
    </originUncertainty>
  </origin>
  <magnitude publicID="quakeml:eu.emsc/event/20050320_0000041/origin/1267831/mag/2">
    <mag>
      <value>1.9</value>
      <uncertainty>0.2</uncertainty>
    </mag>
    <type>ML</type>
    <originID>quakeml:eu.emsc/event/20050320_0000041/origin/1267831</originID>
    <stationCount>3</stationCount>
    <creationInfo>
      <agencyURI>smi:smi-registry/organization/EMSC</agencyURI>
      <authorURI>smi:smi-registry/organization/EMSC</authorURI>
    </creationInfo>
  </magnitude>
</event>
<event publicID="quakeml:eu.emsc/event/20050320_0000037">
  <preferredOriginID>quakeml:eu.emsc/event/20050320_0000037/origin/CZ880</preferredOriginID>
  <preferredMagnitudeID>quakeml:eu.emsc/event/20050320_0000037/origin/CZ880/mag/1</preferredMagnitudeID>
  <creationInfo>
    <agencyURI>smi:smi-registry/organization/EMSC</agencyURI>
    <authorURI>smi:smi-registry/organization/EMSC</authorURI>
    <creationTime>2014-12-01T15:28:33.42038Z</creationTime>
  </creationInfo>
  <description>
    <text>NEW BRITAIN REGION, P.N.G.</text>
    <type>Flinn-Engdahl region</type>
  </description>
  <origin publicID="quakeml:eu.emsc/event/20050320_0000037/origin/CZ880">
    <time>
      <value>2005-03-20T22:13:53.1Z</value>
      <uncertainty>0.23</uncertainty>
    </time>
    <latitude>
      <value>-5.74</value>
    </latitude>
    <longitude>
      <value>148.63</value>
    </longitude>
    <depth>
      <value>118000.0</value>
      <uncertainty>2.4</uncertainty>
    </depth>
    <depthType>from location</depthType>
    <methodID>smi:eu.emsc-csem/origin_method/NA</methodID>
    <quality>
      <usedPhaseCount>52</usedPhaseCount>
      <usedStationCount>35</usedStationCount>
      <standardError>0.86</standardError>
      <azimuthalGap>81</azimuthalGap>
      <minimumDistance>3.93</minimumDistance>
      <maximumDistance>125.60</maximumDistance>
    </quality>
    <evaluationMode>automatic</evaluationMode>
    <creationInfo>
      <agencyURI>smi:smi-registry/organization/EMSC</agencyURI>
      <authorURI>smi:smi-registry/organization/EMSC</authorURI>
    </creationInfo>
  </origin>
  <magnitude publicID="quakeml:eu.emsc/event/20050320_0000037/origin/CZ880/mag/1">
    <mag>
      <value>5.3</value>
      <uncertainty>0.5</uncertainty>
    </mag>
    <type>mb</type>
    <originID>quakeml:eu.emsc/event/20050320_0000037/origin/CZ880</originID>
    <stationCount>25</stationCount>
    <creationInfo>
      <agencyURI>smi:smi-registry/organization/EMSC</agencyURI>
      <authorURI>smi:smi-registry/organization/EMSC</authorURI>
    </creationInfo>
  </magnitude>
</event>
<event publicID="quakeml:eu.emsc/event/20050320_0000036">
  <preferredOriginID>quakeml:eu.emsc/event/20050320_0000036/origin/CZ878</preferredOriginID>
  <preferredMagnitudeID>quakeml:eu.emsc/event/20050320_0000036/origin/CZ878/mag/1</preferredMagnitudeID>
  <creationInfo>
    <agencyURI>smi:smi-registry/organization/EMSC</agencyURI>
    <authorURI>smi:smi-registry/organization/EMSC</authorURI>
    <creationTime>2014-12-01T14:36:19.495421Z</creationTime>
  </creationInfo>
  <description>
    <text>KEPULAUAN TALAUD, INDONESIA</text>
    <type>Flinn-Engdahl region</type>
  </description>
  <origin publicID="quakeml:eu.emsc/event/20050320_0000036/origin/CZ878">
    <time>
      <value>2005-03-20T20:50:52.0Z</value>
      <uncertainty>0.14</uncertainty>
    </time>
    <latitude>
      <value>3.3</value>
    </latitude>
    <longitude>
      <value>126.58</value>
    </longitude>
    <depth>
      <value>33000.0</value>
    </depth>
    <depthType>from location</depthType>
    <methodID>smi:eu.emsc-csem/origin_method/NA</methodID>
    <quality>
      <usedPhaseCount>17</usedPhaseCount>
      <usedStationCount>13</usedStationCount>
      <standardError>1.07</standardError>
      <azimuthalGap>147</azimuthalGap>
      <minimumDistance>24.32</minimumDistance>
      <maximumDistance>89.80</maximumDistance>
    </quality>
    <evaluationMode>automatic</evaluationMode>
    <creationInfo>
      <agencyURI>smi:smi-registry/organization/EMSC</agencyURI>
      <authorURI>smi:smi-registry/organization/EMSC</authorURI>
    </creationInfo>
  </origin>
  <magnitude publicID="quakeml:eu.emsc/event/20050320_0000036/origin/CZ878/mag/1">
    <mag>
      <value>5.3</value>
      <uncertainty>0.7</uncertainty>
    </mag>
    <type>mb</type>
    <originID>quakeml:eu.emsc/event/20050320_0000036/origin/CZ878</originID>
    <stationCount>8</stationCount>
    <creationInfo>
      <agencyURI>smi:smi-registry/organization/EMSC</agencyURI>
      <authorURI>smi:smi-registry/organization/EMSC</authorURI>
    </creationInfo>
  </magnitude>
</event>
<event publicID="quakeml:eu.emsc/event/20050320_0000055">
  <preferredOriginID>quakeml:eu.emsc/event/20050320_0000055/origin/1283996</preferredOriginID>
  <preferredMagnitudeID>quakeml:eu.emsc/event/20050320_0000055/origin/1283996/mag/1</preferredMagnitudeID>
  <creationInfo>
    <agencyURI>smi:smi-registry/organization/EMSC</agencyURI>
    <authorURI>smi:smi-registry/organization/EMSC</authorURI>
    <creationTime>2014-12-03T10:45:07.993413Z</creationTime>
  </creationInfo>
  <description>
    <text>PYRENEES</text>
    <type>Flinn-Engdahl region</type>
  </description>
  <origin publicID="quakeml:eu.emsc/event/20050320_0000055/origin/1283996">
    <time>
      <value>2005-03-20T19:55:39.4Z</value>
      <uncertainty>0.13</uncertainty>
    </time>
    <latitude>
      <value>42.6157</value>
      <uncertainty>2.5</uncertainty>
    </latitude>
    <longitude>
      <value>0.8125</value>
      <uncertainty>2.1</uncertainty>
    </longitude>
    <depth>
      <value>5000</value>
    </depth>
    <depthType>from location</depthType>
    <methodID>smi:eu.emsc-csem/origin_method/NA</methodID>
    <quality>
      <usedPhaseCount>20</usedPhaseCount>
      <usedStationCount>11</usedStationCount>
      <standardError>0.59</standardError>
      <azimuthalGap>75</azimuthalGap>
      <minimumDistance>0.26</minimumDistance>
      <maximumDistance>2.32</maximumDistance>
    </quality>
    <evaluationMode>manual</evaluationMode>
    <creationInfo>
      <agencyURI>smi:smi-registry/organization/EMSC</agencyURI>
      <authorURI>smi:smi-registry/organization/EMSC</authorURI>
    </creationInfo>
    <originUncertainty>
      <azimuthMaxHorizontalUncertainty>168</azimuthMaxHorizontalUncertainty>
    </originUncertainty>
  </origin>
  <magnitude publicID="quakeml:eu.emsc/event/20050320_0000055/origin/1283996/mag/1">
    <mag>
      <value>1.5</value>
      <uncertainty>0.3</uncertainty>
    </mag>
    <type>ML</type>
    <originID>quakeml:eu.emsc/event/20050320_0000055/origin/1283996</originID>
    <stationCount>6</stationCount>
    <creationInfo>
      <agencyURI>smi:smi-registry/organization/EMSC</agencyURI>
      <authorURI>smi:smi-registry/organization/EMSC</authorURI>
    </creationInfo>
  </magnitude>
</event>
<event publicID="quakeml:eu.emsc/event/20050320_0000035">
  <preferredOriginID>quakeml:eu.emsc/event/20050320_0000035/origin/1285901</preferredOriginID>
  <preferredMagnitudeID>quakeml:eu.emsc/event/20050320_0000035/origin/1285901/mag/1</preferredMagnitudeID>
  <creationInfo>
    <agencyURI>smi:smi-registry/organization/EMSC</agencyURI>
    <authorURI>smi:smi-registry/organization/EMSC</authorURI>
    <creationTime>2014-12-03T14:38:13.191714Z</creationTime>
  </creationInfo>
  <description>
    <text>SOUTHERN GREECE</text>
    <type>Flinn-Engdahl region</type>
  </description>
  <origin publicID="quakeml:eu.emsc/event/20050320_0000035/origin/1285901">
    <time>
      <value>2005-03-20T19:20:19.7Z</value>
      <uncertainty>0.21</uncertainty>
    </time>
    <latitude>
      <value>37.5461</value>
      <uncertainty>7.3</uncertainty>
    </latitude>
    <longitude>
      <value>22.1352</value>
      <uncertainty>4.3</uncertainty>
    </longitude>
    <depth>
      <value>12000</value>
    </depth>
    <depthType>from location</depthType>
    <methodID>smi:eu.emsc-csem/origin_method/NA</methodID>
    <quality>
      <usedPhaseCount>85</usedPhaseCount>
      <usedStationCount>82</usedStationCount>
      <standardError>1.2</standardError>
      <azimuthalGap>68</azimuthalGap>
      <minimumDistance>0.74</minimumDistance>
      <maximumDistance>74.41</maximumDistance>
    </quality>
    <evaluationMode>manual</evaluationMode>
    <creationInfo>
      <agencyURI>smi:smi-registry/organization/EMSC</agencyURI>
      <authorURI>smi:smi-registry/organization/EMSC</authorURI>
    </creationInfo>
    <originUncertainty>
      <azimuthMaxHorizontalUncertainty>21</azimuthMaxHorizontalUncertainty>
    </originUncertainty>
  </origin>
  <magnitude publicID="quakeml:eu.emsc/event/20050320_0000035/origin/1285901/mag/1">
    <mag>
      <value>4.2</value>
      <uncertainty>0.2</uncertainty>
    </mag>
    <type>mb</type>
    <originID>quakeml:eu.emsc/event/20050320_0000035/origin/1285901</originID>
    <stationCount>12</stationCount>
    <creationInfo>
      <agencyURI>smi:smi-registry/organization/EMSC</agencyURI>
      <authorURI>smi:smi-registry/organization/EMSC</authorURI>
    </creationInfo>
  </magnitude>
</event>
<event publicID="quakeml:eu.emsc/event/20050320_0000034">
  <preferredOriginID>quakeml:eu.emsc/event/20050320_0000034/origin/CZ955</preferredOriginID>
  <preferredMagnitudeID>quakeml:eu.emsc/event/20050320_0000034/origin/CZ955/mag/1</preferredMagnitudeID>
  <creationInfo>
    <agencyURI>smi:smi-registry/organization/EMSC</agencyURI>
    <authorURI>smi:smi-registry/organization/EMSC</authorURI>
    <creationTime>2014-12-01T14:23:12.751435Z</creationTime>
  </creationInfo>
  <description>
    <text>OFFSHORE OAXACA, MEXICO</text>
    <type>Flinn-Engdahl region</type>
  </description>
  <origin publicID="quakeml:eu.emsc/event/20050320_0000034/origin/CZ955">
    <time>
      <value>2005-03-20T19:12:32.7Z</value>
      <uncertainty>0.19</uncertainty>
    </time>
    <latitude>
      <value>15.67</value>
    </latitude>
    <longitude>
      <value>-95.54</value>
    </longitude>
    <depth>
      <value>2000.0</value>
    </depth>
    <depthType>from location</depthType>
    <methodID>smi:eu.emsc-csem/origin_method/NA</methodID>
    <quality>
      <usedPhaseCount>17</usedPhaseCount>
      <usedStationCount>15</usedStationCount>
      <standardError>0.83</standardError>
      <azimuthalGap>190</azimuthalGap>
      <minimumDistance>11.62</minimumDistance>
      <maximumDistance>94.77</maximumDistance>
    </quality>
    <evaluationMode>automatic</evaluationMode>
    <creationInfo>
      <agencyURI>smi:smi-registry/organization/EMSC</agencyURI>
      <authorURI>smi:smi-registry/organization/EMSC</authorURI>
    </creationInfo>
  </origin>
  <magnitude publicID="quakeml:eu.emsc/event/20050320_0000034/origin/CZ955/mag/1">
    <mag>
      <value>4.9</value>
      <uncertainty>0.3</uncertainty>
    </mag>
    <type>mb</type>
    <originID>quakeml:eu.emsc/event/20050320_0000034/origin/CZ955</originID>
    <stationCount>9</stationCount>
    <creationInfo>
      <agencyURI>smi:smi-registry/organization/EMSC</agencyURI>
      <authorURI>smi:smi-registry/organization/EMSC</authorURI>
    </creationInfo>
  </magnitude>
</event>
<event publicID="quakeml:eu.emsc/event/20050320_0000063">
  <preferredOriginID>quakeml:eu.emsc/event/20050320_0000063/origin/1285905</preferredOriginID>
  <preferredMagnitudeID>quakeml:eu.emsc/event/20050320_0000063/origin/1285905/mag/2</preferredMagnitudeID>
  <creationInfo>
    <agencyURI>smi:smi-registry/organization/EMSC</agencyURI>
    <authorURI>smi:smi-registry/organization/EMSC</authorURI>
    <creationTime>2014-12-03T11:44:11.921309Z</creationTime>
  </creationInfo>
  <description>
    <text>MOROCCO</text>
    <type>Flinn-Engdahl region</type>
  </description>
  <origin publicID="quakeml:eu.emsc/event/20050320_0000063/origin/1285905">
    <time>
      <value>2005-03-20T18:17:51.3Z</value>
      <uncertainty>0.97</uncertainty>
    </time>
    <latitude>
      <value>34.9674</value>
      <uncertainty>19</uncertainty>
    </latitude>
    <longitude>
      <value>-3.1272</value>
      <uncertainty>8.5</uncertainty>
    </longitude>
    <depth>
      <value>15000</value>
    </depth>
    <depthType>from location</depthType>
    <methodID>smi:eu.emsc-csem/origin_method/NA</methodID>
    <quality>
      <usedPhaseCount>18</usedPhaseCount>
      <usedStationCount>10</usedStationCount>
      <standardError>1.28</standardError>
      <azimuthalGap>250</azimuthalGap>
      <minimumDistance>0.51</minimumDistance>
      <maximumDistance>4.35</maximumDistance>
    </quality>
    <evaluationMode>manual</evaluationMode>
    <creationInfo>
      <agencyURI>smi:smi-registry/organization/EMSC</agencyURI>
      <authorURI>smi:smi-registry/organization/EMSC</authorURI>
    </creationInfo>
    <originUncertainty>
      <azimuthMaxHorizontalUncertainty>149</azimuthMaxHorizontalUncertainty>
    </originUncertainty>
  </origin>
  <magnitude publicID="quakeml:eu.emsc/event/20050320_0000063/origin/1285905/mag/2">
    <mag>
      <value>2.6</value>
    </mag>
    <type>MD</type>
    <originID>quakeml:eu.emsc/event/20050320_0000063/origin/1285905</originID>
    <creationInfo>
      <agencyURI>smi:smi-registry/organization/EMSC</agencyURI>
      <authorURI>smi:smi-registry/organization/EMSC</authorURI>
    </creationInfo>
  </magnitude>
</event>
<event publicID="quakeml:eu.emsc/event/20050320_0000061">
  <preferredOriginID>quakeml:eu.emsc/event/20050320_0000061/origin/1285909</preferredOriginID>
  <preferredMagnitudeID>quakeml:eu.emsc/event/20050320_0000061/origin/1285909/mag/2</preferredMagnitudeID>
  <creationInfo>
    <agencyURI>smi:smi-registry/organization/EMSC</agencyURI>
    <authorURI>smi:smi-registry/organization/EMSC</authorURI>
    <creationTime>2014-12-03T11:47:51.770969Z</creationTime>
  </creationInfo>
  <description>
    <text>GREECE</text>
    <type>Flinn-Engdahl region</type>
  </description>
  <origin publicID="quakeml:eu.emsc/event/20050320_0000061/origin/1285909">
    <time>
      <value>2005-03-20T17:58:20.1Z</value>
      <uncertainty>0.24</uncertainty>
    </time>
    <latitude>
      <value>39.3003</value>
      <uncertainty>5.1</uncertainty>
    </latitude>
    <longitude>
      <value>20.8549</value>
      <uncertainty>4.9</uncertainty>
    </longitude>
    <depth>
      <value>2000</value>
    </depth>
    <depthType>from location</depthType>
    <methodID>smi:eu.emsc-csem/origin_method/NA</methodID>
    <quality>
      <usedPhaseCount>17</usedPhaseCount>
      <usedStationCount>11</usedStationCount>
      <standardError>0.98</standardError>
      <azimuthalGap>106</azimuthalGap>
      <minimumDistance>0.36</minimumDistance>
      <maximumDistance>2.71</maximumDistance>
    </quality>
    <evaluationMode>manual</evaluationMode>
    <creationInfo>
      <agencyURI>smi:smi-registry/organization/EMSC</agencyURI>
      <authorURI>smi:smi-registry/organization/EMSC</authorURI>
    </creationInfo>
    <originUncertainty>
      <azimuthMaxHorizontalUncertainty>70</azimuthMaxHorizontalUncertainty>
    </originUncertainty>
  </origin>
  <magnitude publicID="quakeml:eu.emsc/event/20050320_0000061/origin/1285909/mag/2">
    <mag>
      <value>3</value>
    </mag>
    <type>ML</type>
    <originID>quakeml:eu.emsc/event/20050320_0000061/origin/1285909</originID>
    <creationInfo>
      <agencyURI>smi:smi-registry/organization/EMSC</agencyURI>
      <authorURI>smi:smi-registry/organization/EMSC</authorURI>
    </creationInfo>
  </magnitude>
</event>
<event publicID="quakeml:eu.emsc/event/20050320_0000033">
  <preferredOriginID>quakeml:eu.emsc/event/20050320_0000033/origin/CZ596</preferredOriginID>
  <preferredMagnitudeID>quakeml:eu.emsc/event/20050320_0000033/origin/CZ596/mag/1</preferredMagnitudeID>
  <creationInfo>
    <agencyURI>smi:smi-registry/organization/EMSC</agencyURI>
    <authorURI>smi:smi-registry/organization/EMSC</authorURI>
    <creationTime>2014-12-01T12:39:54.130994Z</creationTime>
  </creationInfo>
  <description>
    <text>BANDA SEA</text>
    <type>Flinn-Engdahl region</type>
  </description>
  <origin publicID="quakeml:eu.emsc/event/20050320_0000033/origin/CZ596">
    <time>
      <value>2005-03-20T17:15:03.2Z</value>
      <uncertainty>0.06</uncertainty>
    </time>
    <latitude>
      <value>-7.81</value>
    </latitude>
    <longitude>
      <value>124.75</value>
    </longitude>
    <depth>
      <value>30000.0</value>
    </depth>
    <depthType>from location</depthType>
    <methodID>smi:eu.emsc-csem/origin_method/NA</methodID>
    <quality>
      <usedPhaseCount>92</usedPhaseCount>
      <usedStationCount>70</usedStationCount>
      <standardError>1.10</standardError>
      <azimuthalGap>59</azimuthalGap>
      <minimumDistance>16.18</minimumDistance>
      <maximumDistance>164.74</maximumDistance>
    </quality>
    <evaluationMode>automatic</evaluationMode>
    <creationInfo>
      <agencyURI>smi:smi-registry/organization/EMSC</agencyURI>
      <authorURI>smi:smi-registry/organization/EMSC</authorURI>
    </creationInfo>
  </origin>
  <magnitude publicID="quakeml:eu.emsc/event/20050320_0000033/origin/CZ596/mag/1">
    <mag>
      <value>5.7</value>
      <uncertainty>0.5</uncertainty>
    </mag>
    <type>mb</type>
    <originID>quakeml:eu.emsc/event/20050320_0000033/origin/CZ596</originID>
    <stationCount>41</stationCount>
    <creationInfo>
      <agencyURI>smi:smi-registry/organization/EMSC</agencyURI>
      <authorURI>smi:smi-registry/organization/EMSC</authorURI>
    </creationInfo>
  </magnitude>
</event>
<event publicID="quakeml:eu.emsc/event/20050320_0000053">
  <preferredOriginID>quakeml:eu.emsc/event/20050320_0000053/origin/1267833</preferredOriginID>
  <preferredMagnitudeID>quakeml:eu.emsc/event/20050320_0000053/origin/1267833/mag/2</preferredMagnitudeID>
  <creationInfo>
    <agencyURI>smi:smi-registry/organization/EMSC</agencyURI>
    <authorURI>smi:smi-registry/organization/EMSC</authorURI>
    <creationTime>2014-12-11T08:05:37.15712Z</creationTime>
  </creationInfo>
  <description>
    <text>GREECE</text>
    <type>Flinn-Engdahl region</type>
  </description>
  <origin publicID="quakeml:eu.emsc/event/20050320_0000053/origin/1267833">
    <time>
      <value>2005-03-20T17:10:43.9Z</value>
    </time>
    <latitude>
      <value>38.15</value>
      <uncertainty>9999.9</uncertainty>
    </latitude>
    <longitude>
      <value>21.86</value>
      <uncertainty>9999.9</uncertainty>
    </longitude>
    <depth>
      <value>20000</value>
    </depth>
    <depthType>from location</depthType>
    <methodID>smi:eu.emsc-csem/origin_method/NA</methodID>
    <quality>
      <usedPhaseCount>4</usedPhaseCount>
      <usedStationCount>4</usedStationCount>
      <standardError>0.6</standardError>
      <azimuthalGap>179</azimuthalGap>
      <minimumDistance>0.32</minimumDistance>
      <maximumDistance>1</maximumDistance>
    </quality>
    <evaluationMode>manual</evaluationMode>
    <creationInfo>
      <agencyURI>smi:smi-registry/organization/EMSC</agencyURI>
      <authorURI>smi:smi-registry/organization/EMSC</authorURI>
    </creationInfo>
    <originUncertainty>
      <azimuthMaxHorizontalUncertainty>-99</azimuthMaxHorizontalUncertainty>
    </originUncertainty>
  </origin>
  <magnitude publicID="quakeml:eu.emsc/event/20050320_0000053/origin/1267833/mag/2">
    <mag>
      <value>2.9</value>
    </mag>
    <type>MD</type>
    <originID>quakeml:eu.emsc/event/20050320_0000053/origin/1267833</originID>
    <creationInfo>
      <agencyURI>smi:smi-registry/organization/EMSC</agencyURI>
      <authorURI>smi:smi-registry/organization/EMSC</authorURI>
    </creationInfo>
  </magnitude>
</event>
<event publicID="quakeml:eu.emsc/event/20050320_0000046">
  <preferredOriginID>quakeml:eu.emsc/event/20050320_0000046/origin/1267835</preferredOriginID>
  <preferredMagnitudeID>quakeml:eu.emsc/event/20050320_0000046/origin/1267835/mag/2</preferredMagnitudeID>
  <creationInfo>
    <agencyURI>smi:smi-registry/organization/EMSC</agencyURI>
    <authorURI>smi:smi-registry/organization/EMSC</authorURI>
    <creationTime>2014-12-10T17:59:05.351482Z</creationTime>
  </creationInfo>
  <description>
    <text>PYRENEES</text>
    <type>Flinn-Engdahl region</type>
  </description>
  <origin publicID="quakeml:eu.emsc/event/20050320_0000046/origin/1267835">
    <time>
      <value>2005-03-20T15:32:52.3Z</value>
    </time>
    <latitude>
      <value>42.9189</value>
      <uncertainty>9999.9</uncertainty>
    </latitude>
    <longitude>
      <value>0.1868</value>
      <uncertainty>9999.9</uncertainty>
    </longitude>
    <depth>
      <value>8000</value>
    </depth>
    <depthType>from location</depthType>
    <methodID>smi:eu.emsc-csem/origin_method/NA</methodID>
    <quality>
      <usedPhaseCount>6</usedPhaseCount>
      <usedStationCount>4</usedStationCount>
      <standardError>0.48</standardError>
      <azimuthalGap>194</azimuthalGap>
      <minimumDistance>0.16</minimumDistance>
      <maximumDistance>1.55</maximumDistance>
    </quality>
    <evaluationMode>manual</evaluationMode>
    <creationInfo>
      <agencyURI>smi:smi-registry/organization/EMSC</agencyURI>
      <authorURI>smi:smi-registry/organization/EMSC</authorURI>
    </creationInfo>
    <originUncertainty>
      <azimuthMaxHorizontalUncertainty>-99</azimuthMaxHorizontalUncertainty>
    </originUncertainty>
  </origin>
  <magnitude publicID="quakeml:eu.emsc/event/20050320_0000046/origin/1267835/mag/2">
    <mag>
      <value>1.4</value>
      <uncertainty>0.2</uncertainty>
    </mag>
    <type>ML</type>
    <originID>quakeml:eu.emsc/event/20050320_0000046/origin/1267835</originID>
    <stationCount>2</stationCount>
    <creationInfo>
      <agencyURI>smi:smi-registry/organization/EMSC</agencyURI>
      <authorURI>smi:smi-registry/organization/EMSC</authorURI>
    </creationInfo>
  </magnitude>
</event>
<event publicID="quakeml:eu.emsc/event/20050320_0000060">
  <preferredOriginID>quakeml:eu.emsc/event/20050320_0000060/origin/1285912</preferredOriginID>
  <preferredMagnitudeID>quakeml:eu.emsc/event/20050320_0000060/origin/1285912/mag/2</preferredMagnitudeID>
  <creationInfo>
    <agencyURI>smi:smi-registry/organization/EMSC</agencyURI>
    <authorURI>smi:smi-registry/organization/EMSC</authorURI>
    <creationTime>2014-12-03T10:47:11.854216Z</creationTime>
  </creationInfo>
  <description>
    <text>STRAIT OF GIBRALTAR</text>
    <type>Flinn-Engdahl region</type>
  </description>
  <origin publicID="quakeml:eu.emsc/event/20050320_0000060/origin/1285912">
    <time>
      <value>2005-03-20T15:05:49.9Z</value>
      <uncertainty>0.32</uncertainty>
    </time>
    <latitude>
      <value>35.273</value>
      <uncertainty>8.8</uncertainty>
    </latitude>
    <longitude>
      <value>-4.1821</value>
      <uncertainty>4.7</uncertainty>
    </longitude>
    <depth>
      <value>10000</value>
    </depth>
    <depthType>from location</depthType>
    <methodID>smi:eu.emsc-csem/origin_method/NA</methodID>
    <quality>
      <usedPhaseCount>15</usedPhaseCount>
      <usedStationCount>9</usedStationCount>
      <standardError>0.89</standardError>
      <azimuthalGap>179</azimuthalGap>
      <minimumDistance>0.2</minimumDistance>
      <maximumDistance>3.49</maximumDistance>
    </quality>
    <evaluationMode>manual</evaluationMode>
    <creationInfo>
      <agencyURI>smi:smi-registry/organization/EMSC</agencyURI>
      <authorURI>smi:smi-registry/organization/EMSC</authorURI>
    </creationInfo>
    <originUncertainty>
      <azimuthMaxHorizontalUncertainty>43</azimuthMaxHorizontalUncertainty>
    </originUncertainty>
  </origin>
  <magnitude publicID="quakeml:eu.emsc/event/20050320_0000060/origin/1285912/mag/2">
    <mag>
      <value>2.8</value>
      <uncertainty>0.4</uncertainty>
    </mag>
    <type>mb</type>
    <originID>quakeml:eu.emsc/event/20050320_0000060/origin/1285912</originID>
    <stationCount>3</stationCount>
    <creationInfo>
      <agencyURI>smi:smi-registry/organization/EMSC</agencyURI>
      <authorURI>smi:smi-registry/organization/EMSC</authorURI>
    </creationInfo>
  </magnitude>
</event>
<event publicID="quakeml:eu.emsc/event/20050320_0000054">
  <preferredOriginID>quakeml:eu.emsc/event/20050320_0000054/origin/1267837</preferredOriginID>
  <preferredMagnitudeID>quakeml:eu.emsc/event/20050320_0000054/origin/1267837/mag/2</preferredMagnitudeID>
  <creationInfo>
    <agencyURI>smi:smi-registry/organization/EMSC</agencyURI>
    <authorURI>smi:smi-registry/organization/EMSC</authorURI>
    <creationTime>2014-12-11T08:05:31.391754Z</creationTime>
  </creationInfo>
  <description>
    <text>NORTHERN ALGERIA</text>
    <type>Flinn-Engdahl region</type>
  </description>
  <origin publicID="quakeml:eu.emsc/event/20050320_0000054/origin/1267837">
    <time>
      <value>2005-03-20T15:00:53.8Z</value>
    </time>
    <latitude>
      <value>36.399</value>
      <uncertainty>9999.9</uncertainty>
    </latitude>
    <longitude>
      <value>3.33</value>
      <uncertainty>9999.9</uncertainty>
    </longitude>
    <depth>
      <value>0</value>
    </depth>
    <depthType>from location</depthType>
    <methodID>smi:eu.emsc-csem/origin_method/NA</methodID>
    <quality>
      <usedPhaseCount>4</usedPhaseCount>
      <usedStationCount>4</usedStationCount>
      <standardError>1.26</standardError>
      <azimuthalGap>141</azimuthalGap>
      <minimumDistance>0.26</minimumDistance>
      <maximumDistance>0.47</maximumDistance>
    </quality>
    <evaluationMode>manual</evaluationMode>
    <creationInfo>
      <agencyURI>smi:smi-registry/organization/EMSC</agencyURI>
      <authorURI>smi:smi-registry/organization/EMSC</authorURI>
    </creationInfo>
    <originUncertainty>
      <azimuthMaxHorizontalUncertainty>-99</azimuthMaxHorizontalUncertainty>
    </originUncertainty>
  </origin>
  <magnitude publicID="quakeml:eu.emsc/event/20050320_0000054/origin/1267837/mag/2">
    <mag>
      <value>3.1</value>
    </mag>
    <type>ML</type>
    <originID>quakeml:eu.emsc/event/20050320_0000054/origin/1267837</originID>
    <creationInfo>
      <agencyURI>smi:smi-registry/organization/EMSC</agencyURI>
      <authorURI>smi:smi-registry/organization/EMSC</authorURI>
    </creationInfo>
  </magnitude>
</event>
<event publicID="quakeml:eu.emsc/event/20050320_0000056">
  <preferredOriginID>quakeml:eu.emsc/event/20050320_0000056/origin/1283999</preferredOriginID>
  <preferredMagnitudeID>quakeml:eu.emsc/event/20050320_0000056/origin/1283999/mag/1</preferredMagnitudeID>
  <creationInfo>
    <agencyURI>smi:smi-registry/organization/EMSC</agencyURI>
    <authorURI>smi:smi-registry/organization/EMSC</authorURI>
    <creationTime>2014-12-03T12:08:27.256582Z</creationTime>
  </creationInfo>
  <description>
    <text>NEAR SOUTH COAST OF FRANCE</text>
    <type>Flinn-Engdahl region</type>
  </description>
  <origin publicID="quakeml:eu.emsc/event/20050320_0000056/origin/1283999">
    <time>
      <value>2005-03-20T14:13:42.2Z</value>
      <uncertainty>0.15</uncertainty>
    </time>
    <latitude>
      <value>43.864</value>
      <uncertainty>3.7</uncertainty>
    </latitude>
    <longitude>
      <value>5.8046</value>
      <uncertainty>2.5</uncertainty>
    </longitude>
    <depth>
      <value>15000</value>
    </depth>
    <depthType>from location</depthType>
    <methodID>smi:eu.emsc-csem/origin_method/NA</methodID>
    <quality>
      <usedPhaseCount>18</usedPhaseCount>
      <usedStationCount>10</usedStationCount>
      <standardError>0.7</standardError>
      <azimuthalGap>67</azimuthalGap>
      <minimumDistance>0.07</minimumDistance>
      <maximumDistance>1.28</maximumDistance>
    </quality>
    <evaluationMode>manual</evaluationMode>
    <creationInfo>
      <agencyURI>smi:smi-registry/organization/EMSC</agencyURI>
      <authorURI>smi:smi-registry/organization/EMSC</authorURI>
    </creationInfo>
    <originUncertainty>
      <azimuthMaxHorizontalUncertainty>42</azimuthMaxHorizontalUncertainty>
    </originUncertainty>
  </origin>
  <magnitude publicID="quakeml:eu.emsc/event/20050320_0000056/origin/1283999/mag/1">
    <mag>
      <value>1.4</value>
      <uncertainty>0.4</uncertainty>
    </mag>
    <type>ML</type>
    <originID>quakeml:eu.emsc/event/20050320_0000056/origin/1283999</originID>
    <stationCount>7</stationCount>
    <creationInfo>
      <agencyURI>smi:smi-registry/organization/EMSC</agencyURI>
      <authorURI>smi:smi-registry/organization/EMSC</authorURI>
    </creationInfo>
  </magnitude>
</event>
<event publicID="quakeml:eu.emsc/event/20050320_0000032">
  <preferredOriginID>quakeml:eu.emsc/event/20050320_0000032/origin/CY017</preferredOriginID>
  <preferredMagnitudeID>quakeml:eu.emsc/event/20050320_0000032/origin/CY017/mag/1</preferredMagnitudeID>
  <creationInfo>
    <agencyURI>smi:smi-registry/organization/EMSC</agencyURI>
    <authorURI>smi:smi-registry/organization/ISK</authorURI>
    <creationTime>2014-12-01T13:06:08.546501Z</creationTime>
  </creationInfo>
  <description>
    <text>WESTERN TURKEY</text>
    <type>Flinn-Engdahl region</type>
  </description>
  <origin publicID="quakeml:eu.emsc/event/20050320_0000032/origin/CY017">
    <time>
      <value>2005-03-20T13:04:13.6Z</value>
    </time>
    <latitude>
      <value>40.78</value>
    </latitude>
    <longitude>
      <value>27.49</value>
    </longitude>
    <depth>
      <value>26000.0</value>
    </depth>
    <depthType>from location</depthType>
    <methodID>smi:eu.emsc-csem/origin_method/GEIGER</methodID>
    <quality>
      <usedPhaseCount>7</usedPhaseCount>
      <usedStationCount>6</usedStationCount>
      <azimuthalGap>267</azimuthalGap>
      <minimumDistance>0.19</minimumDistance>
      <maximumDistance>1.65</maximumDistance>
    </quality>
    <evaluationMode>manual</evaluationMode>
    <creationInfo>
      <agencyURI>smi:smi-registry/organization/EMSC</agencyURI>
      <authorURI>smi:smi-registry/organization/ISK</authorURI>
    </creationInfo>
  </origin>
  <magnitude publicID="quakeml:eu.emsc/event/20050320_0000032/origin/CY017/mag/1">
    <mag>
      <value>2.6</value>
    </mag>
    <type>md</type>
    <originID>quakeml:eu.emsc/event/20050320_0000032/origin/CY017</originID>
    <creationInfo>
      <agencyURI>smi:smi-registry/organization/EMSC</agencyURI>
      <authorURI>smi:smi-registry/organization/ISK</authorURI>
    </creationInfo>
  </magnitude>
</event>
<event publicID="quakeml:eu.emsc/event/20050320_0000031">
  <preferredOriginID>quakeml:eu.emsc/event/20050320_0000031/origin/CY020</preferredOriginID>
  <preferredMagnitudeID>quakeml:eu.emsc/event/20050320_0000031/origin/CY020/mag/1</preferredMagnitudeID>
  <creationInfo>
    <agencyURI>smi:smi-registry/organization/EMSC</agencyURI>
    <authorURI>smi:smi-registry/organization/ISK</authorURI>
    <creationTime>2014-12-01T15:28:33.104306Z</creationTime>
  </creationInfo>
  <description>
    <text>CENTRAL TURKEY</text>
    <type>Flinn-Engdahl region</type>
  </description>
  <origin publicID="quakeml:eu.emsc/event/20050320_0000031/origin/CY020">
    <time>
      <value>2005-03-20T12:47:05.8Z</value>
    </time>
    <latitude>
      <value>37.71</value>
    </latitude>
    <longitude>
      <value>32.26</value>
    </longitude>
    <depth>
      <value>15000.0</value>
    </depth>
    <depthType>from location</depthType>
    <methodID>smi:eu.emsc-csem/origin_method/GEIGER</methodID>
    <quality>
      <usedPhaseCount>7</usedPhaseCount>
      <usedStationCount>5</usedStationCount>
      <azimuthalGap>147</azimuthalGap>
      <minimumDistance>0.25</minimumDistance>
      <maximumDistance>2.12</maximumDistance>
    </quality>
    <evaluationMode>manual</evaluationMode>
    <creationInfo>
      <agencyURI>smi:smi-registry/organization/EMSC</agencyURI>
      <authorURI>smi:smi-registry/organization/ISK</authorURI>
    </creationInfo>
  </origin>
  <magnitude publicID="quakeml:eu.emsc/event/20050320_0000031/origin/CY020/mag/1">
    <mag>
      <value>2.7</value>
    </mag>
    <type>ml</type>
    <originID>quakeml:eu.emsc/event/20050320_0000031/origin/CY020</originID>
    <creationInfo>
      <agencyURI>smi:smi-registry/organization/EMSC</agencyURI>
      <authorURI>smi:smi-registry/organization/ISK</authorURI>
    </creationInfo>
  </magnitude>
</event>
<event publicID="quakeml:eu.emsc/event/20050320_0000030">
  <preferredOriginID>quakeml:eu.emsc/event/20050320_0000030/origin/CY030</preferredOriginID>
  <preferredMagnitudeID>quakeml:eu.emsc/event/20050320_0000030/origin/CY030/mag/1</preferredMagnitudeID>
  <creationInfo>
    <agencyURI>smi:smi-registry/organization/EMSC</agencyURI>
    <authorURI>smi:smi-registry/organization/LDG</authorURI>
    <creationTime>2014-12-01T15:15:18.279715Z</creationTime>
  </creationInfo>
  <description>
    <text>FRANCE</text>
    <type>Flinn-Engdahl region</type>
  </description>
  <origin publicID="quakeml:eu.emsc/event/20050320_0000030/origin/CY030">
    <time>
      <value>2005-03-20T11:35:27.5Z</value>
      <uncertainty>0.13</uncertainty>
    </time>
    <latitude>
      <value>45.77</value>
    </latitude>
    <longitude>
      <value>6.31</value>
    </longitude>
    <depth>
      <value>2000.0</value>
    </depth>
    <depthType>from location</depthType>
    <methodID>smi:eu.emsc-csem/origin_method/GEIGER</methodID>
    <quality>
      <usedPhaseCount>32</usedPhaseCount>
      <usedStationCount>15</usedStationCount>
      <standardError>0.44</standardError>
      <azimuthalGap>117</azimuthalGap>
      <minimumDistance>0.39</minimumDistance>
      <maximumDistance>2.72</maximumDistance>
    </quality>
    <evaluationMode>automatic</evaluationMode>
    <creationInfo>
      <agencyURI>smi:smi-registry/organization/EMSC</agencyURI>
      <authorURI>smi:smi-registry/organization/LDG</authorURI>
    </creationInfo>
  </origin>
  <magnitude publicID="quakeml:eu.emsc/event/20050320_0000030/origin/CY030/mag/1">
    <mag>
      <value>2.3</value>
      <uncertainty>0.2</uncertainty>
    </mag>
    <type>ml</type>
    <originID>quakeml:eu.emsc/event/20050320_0000030/origin/CY030</originID>
    <stationCount>10</stationCount>
    <creationInfo>
      <agencyURI>smi:smi-registry/organization/EMSC</agencyURI>
      <authorURI>smi:smi-registry/organization/LDG</authorURI>
    </creationInfo>
  </magnitude>
</event>
<event publicID="quakeml:eu.emsc/event/20050320_0000062">
  <preferredOriginID>quakeml:eu.emsc/event/20050320_0000062/origin/1284002</preferredOriginID>
  <preferredMagnitudeID>quakeml:eu.emsc/event/20050320_0000062/origin/1284002/mag/1</preferredMagnitudeID>
  <creationInfo>
    <agencyURI>smi:smi-registry/organization/EMSC</agencyURI>
    <authorURI>smi:smi-registry/organization/EMSC</authorURI>
    <creationTime>2014-12-03T12:11:12.785892Z</creationTime>
  </creationInfo>
  <description>
    <text>FRANCE</text>
    <type>Flinn-Engdahl region</type>
  </description>
  <origin publicID="quakeml:eu.emsc/event/20050320_0000062/origin/1284002">
    <time>
      <value>2005-03-20T11:35:26.4Z</value>
      <uncertainty>0.12</uncertainty>
    </time>
    <latitude>
      <value>45.7844</value>
      <uncertainty>2.8</uncertainty>
    </latitude>
    <longitude>
      <value>6.3399</value>
      <uncertainty>1.9</uncertainty>
    </longitude>
    <depth>
      <value>10000</value>
    </depth>
    <depthType>from location</depthType>
    <methodID>smi:eu.emsc-csem/origin_method/NA</methodID>
    <quality>
      <usedPhaseCount>49</usedPhaseCount>
      <usedStationCount>25</usedStationCount>
      <standardError>0.78</standardError>
      <azimuthalGap>83</azimuthalGap>
      <minimumDistance>0.38</minimumDistance>
      <maximumDistance>2.71</maximumDistance>
    </quality>
    <evaluationMode>manual</evaluationMode>
    <creationInfo>
      <agencyURI>smi:smi-registry/organization/EMSC</agencyURI>
      <authorURI>smi:smi-registry/organization/EMSC</authorURI>
    </creationInfo>
    <originUncertainty>
      <azimuthMaxHorizontalUncertainty>52</azimuthMaxHorizontalUncertainty>
    </originUncertainty>
  </origin>
  <magnitude publicID="quakeml:eu.emsc/event/20050320_0000062/origin/1284002/mag/1">
    <mag>
      <value>2.1</value>
      <uncertainty>0.4</uncertainty>
    </mag>
    <type>ML</type>
    <originID>quakeml:eu.emsc/event/20050320_0000062/origin/1284002</originID>
    <stationCount>17</stationCount>
    <creationInfo>
      <agencyURI>smi:smi-registry/organization/EMSC</agencyURI>
      <authorURI>smi:smi-registry/organization/EMSC</authorURI>
    </creationInfo>
  </magnitude>
</event>
<event publicID="quakeml:eu.emsc/event/20050320_0000029">
  <preferredOriginID>quakeml:eu.emsc/event/20050320_0000029/origin/CY033</preferredOriginID>
  <preferredMagnitudeID>quakeml:eu.emsc/event/20050320_0000029/origin/CY033/mag/1</preferredMagnitudeID>
  <creationInfo>
    <agencyURI>smi:smi-registry/organization/EMSC</agencyURI>
    <authorURI>smi:smi-registry/organization/LDG</authorURI>
    <creationTime>2014-12-01T15:28:32.976381Z</creationTime>
  </creationInfo>
  <description>
    <text>FRANCE</text>
    <type>Flinn-Engdahl region</type>
  </description>
  <origin publicID="quakeml:eu.emsc/event/20050320_0000029/origin/CY033">
    <time>
      <value>2005-03-20T11:31:36.5Z</value>
      <uncertainty>0.19</uncertainty>
    </time>
    <latitude>
      <value>44.47</value>
    </latitude>
    <longitude>
      <value>2.67</value>
    </longitude>
    <depth>
      <value>10000.0</value>
    </depth>
    <depthType>from location</depthType>
    <methodID>smi:eu.emsc-csem/origin_method/GEIGER</methodID>
    <quality>
      <usedPhaseCount>28</usedPhaseCount>
      <usedStationCount>15</usedStationCount>
      <standardError>0.36</standardError>
      <azimuthalGap>82</azimuthalGap>
      <minimumDistance>0.63</minimumDistance>
      <maximumDistance>4.44</maximumDistance>
    </quality>
    <evaluationMode>automatic</evaluationMode>
    <creationInfo>
      <agencyURI>smi:smi-registry/organization/EMSC</agencyURI>
      <authorURI>smi:smi-registry/organization/LDG</authorURI>
    </creationInfo>
  </origin>
  <magnitude publicID="quakeml:eu.emsc/event/20050320_0000029/origin/CY033/mag/1">
    <mag>
      <value>2.5</value>
      <uncertainty>0.4</uncertainty>
    </mag>
    <type>ml</type>
    <originID>quakeml:eu.emsc/event/20050320_0000029/origin/CY033</originID>
    <stationCount>13</stationCount>
    <creationInfo>
      <agencyURI>smi:smi-registry/organization/EMSC</agencyURI>
      <authorURI>smi:smi-registry/organization/LDG</authorURI>
    </creationInfo>
  </magnitude>
</event>
<event publicID="quakeml:eu.emsc/event/20050320_0000040">
  <preferredOriginID>quakeml:eu.emsc/event/20050320_0000040/origin/1284005</preferredOriginID>
  <preferredMagnitudeID>quakeml:eu.emsc/event/20050320_0000040/origin/1284005/mag/1</preferredMagnitudeID>
  <creationInfo>
    <agencyURI>smi:smi-registry/organization/EMSC</agencyURI>
    <authorURI>smi:smi-registry/organization/EMSC</authorURI>
    <creationTime>2014-12-03T11:37:46.111714Z</creationTime>
  </creationInfo>
  <description>
    <text>FRANCE</text>
    <type>Flinn-Engdahl region</type>
  </description>
  <origin publicID="quakeml:eu.emsc/event/20050320_0000040/origin/1284005">
    <time>
      <value>2005-03-20T11:31:35.8Z</value>
      <uncertainty>0.11</uncertainty>
    </time>
    <latitude>
      <value>44.4434</value>
      <uncertainty>2.5</uncertainty>
    </latitude>
    <longitude>
      <value>2.6913</value>
      <uncertainty>1.9</uncertainty>
    </longitude>
    <depth>
      <value>12000</value>
    </depth>
    <depthType>from location</depthType>
    <methodID>smi:eu.emsc-csem/origin_method/NA</methodID>
    <quality>
      <usedPhaseCount>63</usedPhaseCount>
      <usedStationCount>23</usedStationCount>
      <standardError>0.91</standardError>
      <azimuthalGap>84</azimuthalGap>
      <minimumDistance>0.66</minimumDistance>
      <maximumDistance>4.44</maximumDistance>
    </quality>
    <evaluationMode>manual</evaluationMode>
    <creationInfo>
      <agencyURI>smi:smi-registry/organization/EMSC</agencyURI>
      <authorURI>smi:smi-registry/organization/EMSC</authorURI>
    </creationInfo>
    <originUncertainty>
      <azimuthMaxHorizontalUncertainty>134</azimuthMaxHorizontalUncertainty>
    </originUncertainty>
  </origin>
  <magnitude publicID="quakeml:eu.emsc/event/20050320_0000040/origin/1284005/mag/1">
    <mag>
      <value>2.3</value>
      <uncertainty>0.3</uncertainty>
    </mag>
    <type>ML</type>
    <originID>quakeml:eu.emsc/event/20050320_0000040/origin/1284005</originID>
    <stationCount>14</stationCount>
    <creationInfo>
      <agencyURI>smi:smi-registry/organization/EMSC</agencyURI>
      <authorURI>smi:smi-registry/organization/EMSC</authorURI>
    </creationInfo>
  </magnitude>
</event>
<event publicID="quakeml:eu.emsc/event/20050320_0000028">
  <preferredOriginID>quakeml:eu.emsc/event/20050320_0000028/origin/CY044</preferredOriginID>
  <preferredMagnitudeID>quakeml:eu.emsc/event/20050320_0000028/origin/CY044/mag/1</preferredMagnitudeID>
  <creationInfo>
    <agencyURI>smi:smi-registry/organization/EMSC</agencyURI>
    <authorURI>smi:smi-registry/organization/ISK</authorURI>
    <creationTime>2014-12-01T12:39:54.75408Z</creationTime>
  </creationInfo>
  <description>
    <text>EASTERN TURKEY</text>
    <type>Flinn-Engdahl region</type>
  </description>
  <origin publicID="quakeml:eu.emsc/event/20050320_0000028/origin/CY044">
    <time>
      <value>2005-03-20T10:01:48.4Z</value>
    </time>
    <latitude>
      <value>39.39</value>
    </latitude>
    <longitude>
      <value>40.75</value>
    </longitude>
    <depth>
      <value>32000.0</value>
    </depth>
    <depthType>from location</depthType>
    <methodID>smi:eu.emsc-csem/origin_method/GEIGER</methodID>
    <quality>
      <usedPhaseCount>5</usedPhaseCount>
      <usedStationCount>3</usedStationCount>
      <azimuthalGap>193</azimuthalGap>
      <minimumDistance>0.55</minimumDistance>
      <maximumDistance>0.66</maximumDistance>
    </quality>
    <evaluationMode>manual</evaluationMode>
    <creationInfo>
      <agencyURI>smi:smi-registry/organization/EMSC</agencyURI>
      <authorURI>smi:smi-registry/organization/ISK</authorURI>
    </creationInfo>
  </origin>
  <magnitude publicID="quakeml:eu.emsc/event/20050320_0000028/origin/CY044/mag/1">
    <mag>
      <value>2.8</value>
    </mag>
    <type>md</type>
    <originID>quakeml:eu.emsc/event/20050320_0000028/origin/CY044</originID>
    <creationInfo>
      <agencyURI>smi:smi-registry/organization/EMSC</agencyURI>
      <authorURI>smi:smi-registry/organization/ISK</authorURI>
    </creationInfo>
  </magnitude>
</event>
<event publicID="quakeml:eu.emsc/event/20050320_0000027">
  <preferredOriginID>quakeml:eu.emsc/event/20050320_0000027/origin/1285920</preferredOriginID>
  <preferredMagnitudeID>quakeml:eu.emsc/event/20050320_0000027/origin/1285920/mag/2</preferredMagnitudeID>
  <creationInfo>
    <agencyURI>smi:smi-registry/organization/EMSC</agencyURI>
    <authorURI>smi:smi-registry/organization/EMSC</authorURI>
    <creationTime>2014-12-03T13:17:49.535129Z</creationTime>
  </creationInfo>
  <description>
    <text>ROMANIA</text>
    <type>Flinn-Engdahl region</type>
  </description>
  <origin publicID="quakeml:eu.emsc/event/20050320_0000027/origin/1285920">
    <time>
      <value>2005-03-20T09:51:02.7Z</value>
      <uncertainty>0.21</uncertainty>
    </time>
    <latitude>
      <value>45.0899</value>
      <uncertainty>5.2</uncertainty>
    </latitude>
    <longitude>
      <value>22.7258</value>
      <uncertainty>4.7</uncertainty>
    </longitude>
    <depth>
      <value>2000</value>
    </depth>
    <depthType>from location</depthType>
    <methodID>smi:eu.emsc-csem/origin_method/NA</methodID>
    <quality>
      <usedPhaseCount>34</usedPhaseCount>
      <usedStationCount>21</usedStationCount>
      <standardError>1.22</standardError>
      <azimuthalGap>77</azimuthalGap>
      <minimumDistance>0.94</minimumDistance>
      <maximumDistance>3.91</maximumDistance>
    </quality>
    <evaluationMode>manual</evaluationMode>
    <creationInfo>
      <agencyURI>smi:smi-registry/organization/EMSC</agencyURI>
      <authorURI>smi:smi-registry/organization/EMSC</authorURI>
    </creationInfo>
    <originUncertainty>
      <azimuthMaxHorizontalUncertainty>56</azimuthMaxHorizontalUncertainty>
    </originUncertainty>
  </origin>
  <magnitude publicID="quakeml:eu.emsc/event/20050320_0000027/origin/1285920/mag/2">
    <mag>
      <value>3</value>
    </mag>
    <type>ML</type>
    <originID>quakeml:eu.emsc/event/20050320_0000027/origin/1285920</originID>
    <creationInfo>
      <agencyURI>smi:smi-registry/organization/EMSC</agencyURI>
      <authorURI>smi:smi-registry/organization/EMSC</authorURI>
    </creationInfo>
  </magnitude>
</event>
<event publicID="quakeml:eu.emsc/event/20050320_0000026">
  <preferredOriginID>quakeml:eu.emsc/event/20050320_0000026/origin/CY050</preferredOriginID>
  <preferredMagnitudeID>quakeml:eu.emsc/event/20050320_0000026/origin/CY050/mag/1</preferredMagnitudeID>
  <creationInfo>
    <agencyURI>smi:smi-registry/organization/EMSC</agencyURI>
    <authorURI>smi:smi-registry/organization/ISK</authorURI>
    <creationTime>2014-12-01T13:44:25.88329Z</creationTime>
  </creationInfo>
  <description>
    <text>CENTRAL TURKEY</text>
    <type>Flinn-Engdahl region</type>
  </description>
  <origin publicID="quakeml:eu.emsc/event/20050320_0000026/origin/CY050">
    <time>
      <value>2005-03-20T09:42:59.5Z</value>
    </time>
    <latitude>
      <value>40.35</value>
    </latitude>
    <longitude>
      <value>33.98</value>
    </longitude>
    <depth>
      <value>26000.0</value>
    </depth>
    <depthType>from location</depthType>
    <methodID>smi:eu.emsc-csem/origin_method/GEIGER</methodID>
    <quality>
      <usedPhaseCount>6</usedPhaseCount>
      <usedStationCount>5</usedStationCount>
      <azimuthalGap>122</azimuthalGap>
      <minimumDistance>0.37</minimumDistance>
      <maximumDistance>1.25</maximumDistance>
    </quality>
    <evaluationMode>manual</evaluationMode>
    <creationInfo>
      <agencyURI>smi:smi-registry/organization/EMSC</agencyURI>
      <authorURI>smi:smi-registry/organization/ISK</authorURI>
    </creationInfo>
  </origin>
  <magnitude publicID="quakeml:eu.emsc/event/20050320_0000026/origin/CY050/mag/1">
    <mag>
      <value>2.6</value>
    </mag>
    <type>md</type>
    <originID>quakeml:eu.emsc/event/20050320_0000026/origin/CY050</originID>
    <creationInfo>
      <agencyURI>smi:smi-registry/organization/EMSC</agencyURI>
      <authorURI>smi:smi-registry/organization/ISK</authorURI>
    </creationInfo>
  </magnitude>
</event>
<event publicID="quakeml:eu.emsc/event/20050320_0000025">
  <preferredOriginID>quakeml:eu.emsc/event/20050320_0000025/origin/1285926</preferredOriginID>
  <preferredMagnitudeID>quakeml:eu.emsc/event/20050320_0000025/origin/1285926/mag/2</preferredMagnitudeID>
  <creationInfo>
    <agencyURI>smi:smi-registry/organization/EMSC</agencyURI>
    <authorURI>smi:smi-registry/organization/EMSC</authorURI>
    <creationTime>2014-12-03T13:52:55.948Z</creationTime>
  </creationInfo>
  <description>
    <text>STRAIT OF GIBRALTAR</text>
    <type>Flinn-Engdahl region</type>
  </description>
  <origin publicID="quakeml:eu.emsc/event/20050320_0000025/origin/1285926">
    <time>
      <value>2005-03-20T09:22:22.5Z</value>
      <uncertainty>0.32</uncertainty>
    </time>
    <latitude>
      <value>35.0864</value>
      <uncertainty>6.8</uncertainty>
    </latitude>
    <longitude>
      <value>-2.9641</value>
      <uncertainty>4.2</uncertainty>
    </longitude>
    <depth>
      <value>15000</value>
    </depth>
    <depthType>from location</depthType>
    <methodID>smi:eu.emsc-csem/origin_method/NA</methodID>
    <quality>
      <usedPhaseCount>50</usedPhaseCount>
      <usedStationCount>30</usedStationCount>
      <standardError>1.17</standardError>
      <azimuthalGap>180</azimuthalGap>
      <minimumDistance>0.21</minimumDistance>
      <maximumDistance>7.45</maximumDistance>
    </quality>
    <evaluationMode>manual</evaluationMode>
    <creationInfo>
      <agencyURI>smi:smi-registry/organization/EMSC</agencyURI>
      <authorURI>smi:smi-registry/organization/EMSC</authorURI>
    </creationInfo>
    <originUncertainty>
      <azimuthMaxHorizontalUncertainty>141</azimuthMaxHorizontalUncertainty>
    </originUncertainty>
  </origin>
  <magnitude publicID="quakeml:eu.emsc/event/20050320_0000025/origin/1285926/mag/2">
    <mag>
      <value>3.4</value>
    </mag>
    <type>MD</type>
    <originID>quakeml:eu.emsc/event/20050320_0000025/origin/1285926</originID>
    <creationInfo>
      <agencyURI>smi:smi-registry/organization/EMSC</agencyURI>
      <authorURI>smi:smi-registry/organization/EMSC</authorURI>
    </creationInfo>
  </magnitude>
</event>
<event publicID="quakeml:eu.emsc/event/20050320_0000058">
  <preferredOriginID>quakeml:eu.emsc/event/20050320_0000058/origin/1267839</preferredOriginID>
  <preferredMagnitudeID>quakeml:eu.emsc/event/20050320_0000058/origin/1267839/mag/2</preferredMagnitudeID>
  <creationInfo>
    <agencyURI>smi:smi-registry/organization/EMSC</agencyURI>
    <authorURI>smi:smi-registry/organization/EMSC</authorURI>
    <creationTime>2014-12-10T17:59:04.84007Z</creationTime>
  </creationInfo>
  <description>
    <text>FRANCE</text>
    <type>Flinn-Engdahl region</type>
  </description>
  <origin publicID="quakeml:eu.emsc/event/20050320_0000058/origin/1267839">
    <time>
      <value>2005-03-20T08:52:07.3Z</value>
    </time>
    <latitude>
      <value>44.3368</value>
      <uncertainty>9999.9</uncertainty>
    </latitude>
    <longitude>
      <value>3.9972</value>
      <uncertainty>9999.9</uncertainty>
    </longitude>
    <depth>
      <value>10000</value>
    </depth>
    <depthType>from location</depthType>
    <methodID>smi:eu.emsc-csem/origin_method/NA</methodID>
    <quality>
      <usedPhaseCount>9</usedPhaseCount>
      <usedStationCount>5</usedStationCount>
      <standardError>0.78</standardError>
      <azimuthalGap>169</azimuthalGap>
      <minimumDistance>0.28</minimumDistance>
      <maximumDistance>1.63</maximumDistance>
    </quality>
    <evaluationMode>manual</evaluationMode>
    <creationInfo>
      <agencyURI>smi:smi-registry/organization/EMSC</agencyURI>
      <authorURI>smi:smi-registry/organization/EMSC</authorURI>
    </creationInfo>
    <originUncertainty>
      <azimuthMaxHorizontalUncertainty>-99</azimuthMaxHorizontalUncertainty>
    </originUncertainty>
  </origin>
  <magnitude publicID="quakeml:eu.emsc/event/20050320_0000058/origin/1267839/mag/2">
    <mag>
      <value>1.3</value>
      <uncertainty>0.1</uncertainty>
    </mag>
    <type>ML</type>
    <originID>quakeml:eu.emsc/event/20050320_0000058/origin/1267839</originID>
    <stationCount>3</stationCount>
    <creationInfo>
      <agencyURI>smi:smi-registry/organization/EMSC</agencyURI>
      <authorURI>smi:smi-registry/organization/EMSC</authorURI>
    </creationInfo>
  </magnitude>
</event>
<event publicID="quakeml:eu.emsc/event/20050320_0000024">
  <preferredOriginID>quakeml:eu.emsc/event/20050320_0000024/origin/CY070</preferredOriginID>
  <preferredMagnitudeID>quakeml:eu.emsc/event/20050320_0000024/origin/CY070/mag/1</preferredMagnitudeID>
  <creationInfo>
    <agencyURI>smi:smi-registry/organization/EMSC</agencyURI>
    <authorURI>smi:smi-registry/organization/GFZ</authorURI>
    <creationTime>2014-12-01T15:15:18.149136Z</creationTime>
  </creationInfo>
  <description>
    <text>CZECH REPUBLIC</text>
    <type>Flinn-Engdahl region</type>
  </description>
  <origin publicID="quakeml:eu.emsc/event/20050320_0000024/origin/CY070">
    <time>
      <value>2005-03-20T08:11:17.0Z</value>
    </time>
    <latitude>
      <value>50.0</value>
    </latitude>
    <longitude>
      <value>13.9</value>
    </longitude>
    <depth>
      <value>1000.0</value>
    </depth>
    <depthType>from location</depthType>
    <methodID>smi:eu.emsc-csem/origin_method/GEIGER</methodID>
    <quality>
      <usedPhaseCount>8</usedPhaseCount>
      <usedStationCount>8</usedStationCount>
      <azimuthalGap>125</azimuthalGap>
      <minimumDistance>1.60</minimumDistance>
      <maximumDistance>3.52</maximumDistance>
    </quality>
    <evaluationMode>automatic</evaluationMode>
    <creationInfo>
      <agencyURI>smi:smi-registry/organization/EMSC</agencyURI>
      <authorURI>smi:smi-registry/organization/GFZ</authorURI>
    </creationInfo>
  </origin>
  <magnitude publicID="quakeml:eu.emsc/event/20050320_0000024/origin/CY070/mag/1">
    <mag>
      <value>2.5</value>
    </mag>
    <type>ml</type>
    <originID>quakeml:eu.emsc/event/20050320_0000024/origin/CY070</originID>
    <creationInfo>
      <agencyURI>smi:smi-registry/organization/EMSC</agencyURI>
      <authorURI>smi:smi-registry/organization/GFZ</authorURI>
    </creationInfo>
  </magnitude>
</event>
<event publicID="quakeml:eu.emsc/event/20050320_0000023">
  <preferredOriginID>quakeml:eu.emsc/event/20050320_0000023/origin/CY047</preferredOriginID>
  <preferredMagnitudeID>quakeml:eu.emsc/event/20050320_0000023/origin/CY047/mag/1</preferredMagnitudeID>
  <creationInfo>
    <agencyURI>smi:smi-registry/organization/EMSC</agencyURI>
    <authorURI>smi:smi-registry/organization/EMSC</authorURI>
    <creationTime>2014-12-01T13:31:38.990338Z</creationTime>
  </creationInfo>
  <description>
    <text>UNIMAK ISLAND REGION, ALASKA</text>
    <type>Flinn-Engdahl region</type>
  </description>
  <origin publicID="quakeml:eu.emsc/event/20050320_0000023/origin/CY047">
    <time>
      <value>2005-03-20T08:00:01.2Z</value>
      <uncertainty>0.34</uncertainty>
    </time>
    <latitude>
      <value>54.07</value>
    </latitude>
    <longitude>
      <value>-163.99</value>
    </longitude>
    <depth>
      <value>30000.0</value>
    </depth>
    <depthType>from location</depthType>
    <methodID>smi:eu.emsc-csem/origin_method/NA</methodID>
    <quality>
      <usedPhaseCount>24</usedPhaseCount>
      <usedStationCount>22</usedStationCount>
      <standardError>0.77</standardError>
      <azimuthalGap>271</azimuthalGap>
      <minimumDistance>13.53</minimumDistance>
      <maximumDistance>79.79</maximumDistance>
    </quality>
    <evaluationMode>automatic</evaluationMode>
    <creationInfo>
      <agencyURI>smi:smi-registry/organization/EMSC</agencyURI>
      <authorURI>smi:smi-registry/organization/EMSC</authorURI>
    </creationInfo>
  </origin>
  <magnitude publicID="quakeml:eu.emsc/event/20050320_0000023/origin/CY047/mag/1">
    <mag>
      <value>5.1</value>
      <uncertainty>0.4</uncertainty>
    </mag>
    <type>mb</type>
    <originID>quakeml:eu.emsc/event/20050320_0000023/origin/CY047</originID>
    <stationCount>14</stationCount>
    <creationInfo>
      <agencyURI>smi:smi-registry/organization/EMSC</agencyURI>
      <authorURI>smi:smi-registry/organization/EMSC</authorURI>
    </creationInfo>
  </magnitude>
</event>
<event publicID="quakeml:eu.emsc/event/20050320_0000049">
  <preferredOriginID>quakeml:eu.emsc/event/20050320_0000049/origin/1267841</preferredOriginID>
  <preferredMagnitudeID>quakeml:eu.emsc/event/20050320_0000049/origin/1267841/mag/2</preferredMagnitudeID>
  <creationInfo>
    <agencyURI>smi:smi-registry/organization/EMSC</agencyURI>
    <authorURI>smi:smi-registry/organization/EMSC</authorURI>
    <creationTime>2014-12-11T08:05:12.527785Z</creationTime>
  </creationInfo>
  <description>
    <text>NORTHEASTERN IRAN</text>
    <type>Flinn-Engdahl region</type>
  </description>
  <origin publicID="quakeml:eu.emsc/event/20050320_0000049/origin/1267841">
    <time>
      <value>2005-03-20T06:24:53.2Z</value>
    </time>
    <latitude>
      <value>37.705</value>
      <uncertainty>9999.9</uncertainty>
    </latitude>
    <longitude>
      <value>57.425</value>
      <uncertainty>9999.9</uncertainty>
    </longitude>
    <depth>
      <value>23700.0</value>
    </depth>
    <depthType>from location</depthType>
    <methodID>smi:eu.emsc-csem/origin_method/NA</methodID>
    <quality>
      <usedPhaseCount>12</usedPhaseCount>
      <usedStationCount>11</usedStationCount>
      <standardError>2.7</standardError>
      <azimuthalGap>236</azimuthalGap>
      <minimumDistance>1.83</minimumDistance>
      <maximumDistance>4.94</maximumDistance>
    </quality>
    <evaluationMode>manual</evaluationMode>
    <creationInfo>
      <agencyURI>smi:smi-registry/organization/EMSC</agencyURI>
      <authorURI>smi:smi-registry/organization/EMSC</authorURI>
    </creationInfo>
    <originUncertainty>
      <azimuthMaxHorizontalUncertainty>-99</azimuthMaxHorizontalUncertainty>
    </originUncertainty>
  </origin>
  <magnitude publicID="quakeml:eu.emsc/event/20050320_0000049/origin/1267841/mag/2">
    <mag>
      <value>3.5</value>
    </mag>
    <type>ML</type>
    <originID>quakeml:eu.emsc/event/20050320_0000049/origin/1267841</originID>
    <creationInfo>
      <agencyURI>smi:smi-registry/organization/EMSC</agencyURI>
      <authorURI>smi:smi-registry/organization/EMSC</authorURI>
    </creationInfo>
  </magnitude>
</event>
<event publicID="quakeml:eu.emsc/event/20050320_0000059">
  <preferredOriginID>quakeml:eu.emsc/event/20050320_0000059/origin/1284009</preferredOriginID>
  <preferredMagnitudeID>quakeml:eu.emsc/event/20050320_0000059/origin/1284009/mag/1</preferredMagnitudeID>
  <creationInfo>
    <agencyURI>smi:smi-registry/organization/EMSC</agencyURI>
    <authorURI>smi:smi-registry/organization/EMSC</authorURI>
    <creationTime>2014-12-03T11:58:20.471846Z</creationTime>
  </creationInfo>
  <description>
    <text>PYRENEES</text>
    <type>Flinn-Engdahl region</type>
  </description>
  <origin publicID="quakeml:eu.emsc/event/20050320_0000059/origin/1284009">
    <time>
      <value>2005-03-20T06:11:35.3Z</value>
      <uncertainty>0.12</uncertainty>
    </time>
    <latitude>
      <value>42.6035</value>
      <uncertainty>2.5</uncertainty>
    </latitude>
    <longitude>
      <value>0.8518</value>
      <uncertainty>2.2</uncertainty>
    </longitude>
    <depth>
      <value>15000</value>
    </depth>
    <depthType>from location</depthType>
    <methodID>smi:eu.emsc-csem/origin_method/NA</methodID>
    <quality>
      <usedPhaseCount>39</usedPhaseCount>
      <usedStationCount>19</usedStationCount>
      <standardError>0.81</standardError>
      <azimuthalGap>50</azimuthalGap>
      <minimumDistance>0.28</minimumDistance>
      <maximumDistance>2.74</maximumDistance>
    </quality>
    <evaluationMode>manual</evaluationMode>
    <creationInfo>
      <agencyURI>smi:smi-registry/organization/EMSC</agencyURI>
      <authorURI>smi:smi-registry/organization/EMSC</authorURI>
    </creationInfo>
    <originUncertainty>
      <azimuthMaxHorizontalUncertainty>172</azimuthMaxHorizontalUncertainty>
    </originUncertainty>
  </origin>
  <magnitude publicID="quakeml:eu.emsc/event/20050320_0000059/origin/1284009/mag/1">
    <mag>
      <value>2.2</value>
      <uncertainty>0.3</uncertainty>
    </mag>
    <type>ML</type>
    <originID>quakeml:eu.emsc/event/20050320_0000059/origin/1284009</originID>
    <stationCount>14</stationCount>
    <creationInfo>
      <agencyURI>smi:smi-registry/organization/EMSC</agencyURI>
      <authorURI>smi:smi-registry/organization/EMSC</authorURI>
    </creationInfo>
  </magnitude>
</event>
<event publicID="quakeml:eu.emsc/event/20050320_0000052">
  <preferredOriginID>quakeml:eu.emsc/event/20050320_0000052/origin/1285929</preferredOriginID>
  <preferredMagnitudeID>quakeml:eu.emsc/event/20050320_0000052/origin/1285929/mag/2</preferredMagnitudeID>
  <creationInfo>
    <agencyURI>smi:smi-registry/organization/EMSC</agencyURI>
    <authorURI>smi:smi-registry/organization/EMSC</authorURI>
    <creationTime>2014-12-03T10:40:59.668838Z</creationTime>
  </creationInfo>
  <description>
    <text>GREECE</text>
    <type>Flinn-Engdahl region</type>
  </description>
  <origin publicID="quakeml:eu.emsc/event/20050320_0000052/origin/1285929">
    <time>
      <value>2005-03-20T05:51:50.0Z</value>
      <uncertainty>0.39</uncertainty>
    </time>
    <latitude>
      <value>38.2212</value>
      <uncertainty>8.8</uncertainty>
    </latitude>
    <longitude>
      <value>22.3954</value>
      <uncertainty>7.9</uncertainty>
    </longitude>
    <depth>
      <value>0</value>
      <uncertainty>3.1</uncertainty>
    </depth>
    <depthType>from location</depthType>
    <methodID>smi:eu.emsc-csem/origin_method/NA</methodID>
    <quality>
      <usedPhaseCount>16</usedPhaseCount>
      <usedStationCount>12</usedStationCount>
      <standardError>1.09</standardError>
      <azimuthalGap>60</azimuthalGap>
      <minimumDistance>0.64</minimumDistance>
      <maximumDistance>4.51</maximumDistance>
    </quality>
    <evaluationMode>manual</evaluationMode>
    <creationInfo>
      <agencyURI>smi:smi-registry/organization/EMSC</agencyURI>
      <authorURI>smi:smi-registry/organization/EMSC</authorURI>
    </creationInfo>
    <originUncertainty>
      <azimuthMaxHorizontalUncertainty>46</azimuthMaxHorizontalUncertainty>
    </originUncertainty>
  </origin>
  <magnitude publicID="quakeml:eu.emsc/event/20050320_0000052/origin/1285929/mag/2">
    <mag>
      <value>3.4</value>
    </mag>
    <type>MD</type>
    <originID>quakeml:eu.emsc/event/20050320_0000052/origin/1285929</originID>
    <creationInfo>
      <agencyURI>smi:smi-registry/organization/EMSC</agencyURI>
      <authorURI>smi:smi-registry/organization/EMSC</authorURI>
    </creationInfo>
  </magnitude>
</event>
<event publicID="quakeml:eu.emsc/event/20050320_0000022">
  <preferredOriginID>quakeml:eu.emsc/event/20050320_0000022/origin/CY110</preferredOriginID>
  <preferredMagnitudeID>quakeml:eu.emsc/event/20050320_0000022/origin/CY110/mag/1</preferredMagnitudeID>
  <creationInfo>
    <agencyURI>smi:smi-registry/organization/EMSC</agencyURI>
    <authorURI>smi:smi-registry/organization/LDG</authorURI>
    <creationTime>2014-12-01T15:28:32.717837Z</creationTime>
  </creationInfo>
  <description>
    <text>FRANCE</text>
    <type>Flinn-Engdahl region</type>
  </description>
  <origin publicID="quakeml:eu.emsc/event/20050320_0000022/origin/CY110">
    <time>
      <value>2005-03-20T05:39:48.3Z</value>
      <uncertainty>0.23</uncertainty>
    </time>
    <latitude>
      <value>46.1</value>
    </latitude>
    <longitude>
      <value>6.54</value>
    </longitude>
    <depth>
      <value>2000.0</value>
    </depth>
    <depthType>from location</depthType>
    <methodID>smi:eu.emsc-csem/origin_method/GEIGER</methodID>
    <quality>
      <usedPhaseCount>22</usedPhaseCount>
      <usedStationCount>13</usedStationCount>
      <standardError>0.53</standardError>
      <azimuthalGap>154</azimuthalGap>
      <minimumDistance>0.60</minimumDistance>
      <maximumDistance>3.36</maximumDistance>
    </quality>
    <evaluationMode>automatic</evaluationMode>
    <creationInfo>
      <agencyURI>smi:smi-registry/organization/EMSC</agencyURI>
      <authorURI>smi:smi-registry/organization/LDG</authorURI>
    </creationInfo>
  </origin>
  <magnitude publicID="quakeml:eu.emsc/event/20050320_0000022/origin/CY110/mag/1">
    <mag>
      <value>2.1</value>
      <uncertainty>0.2</uncertainty>
    </mag>
    <type>ml</type>
    <originID>quakeml:eu.emsc/event/20050320_0000022/origin/CY110</originID>
    <stationCount>8</stationCount>
    <creationInfo>
      <agencyURI>smi:smi-registry/organization/EMSC</agencyURI>
      <authorURI>smi:smi-registry/organization/LDG</authorURI>
    </creationInfo>
  </magnitude>
</event>
<event publicID="quakeml:eu.emsc/event/20050320_0000038">
  <preferredOriginID>quakeml:eu.emsc/event/20050320_0000038/origin/1284012</preferredOriginID>
  <preferredMagnitudeID>quakeml:eu.emsc/event/20050320_0000038/origin/1284012/mag/1</preferredMagnitudeID>
  <creationInfo>
    <agencyURI>smi:smi-registry/organization/EMSC</agencyURI>
    <authorURI>smi:smi-registry/organization/EMSC</authorURI>
    <creationTime>2014-12-03T11:24:48.470273Z</creationTime>
  </creationInfo>
  <description>
    <text>FRANCE</text>
    <type>Flinn-Engdahl region</type>
  </description>
  <origin publicID="quakeml:eu.emsc/event/20050320_0000038/origin/1284012">
    <time>
      <value>2005-03-20T05:39:47.7Z</value>
      <uncertainty>0.08</uncertainty>
    </time>
    <latitude>
      <value>46.0077</value>
      <uncertainty>1.8</uncertainty>
    </latitude>
    <longitude>
      <value>6.5132</value>
      <uncertainty>1.3</uncertainty>
    </longitude>
    <depth>
      <value>17300.0</value>
      <uncertainty>1</uncertainty>
    </depth>
    <depthType>from location</depthType>
    <methodID>smi:eu.emsc-csem/origin_method/NA</methodID>
    <quality>
      <usedPhaseCount>63</usedPhaseCount>
      <usedStationCount>26</usedStationCount>
      <standardError>0.67</standardError>
      <azimuthalGap>78</azimuthalGap>
      <minimumDistance>0.27</minimumDistance>
      <maximumDistance>3.31</maximumDistance>
    </quality>
    <evaluationMode>manual</evaluationMode>
    <creationInfo>
      <agencyURI>smi:smi-registry/organization/EMSC</agencyURI>
      <authorURI>smi:smi-registry/organization/EMSC</authorURI>
    </creationInfo>
    <originUncertainty>
      <azimuthMaxHorizontalUncertainty>88</azimuthMaxHorizontalUncertainty>
    </originUncertainty>
  </origin>
  <magnitude publicID="quakeml:eu.emsc/event/20050320_0000038/origin/1284012/mag/1">
    <mag>
      <value>2</value>
      <uncertainty>0.4</uncertainty>
    </mag>
    <type>ML</type>
    <originID>quakeml:eu.emsc/event/20050320_0000038/origin/1284012</originID>
    <stationCount>17</stationCount>
    <creationInfo>
      <agencyURI>smi:smi-registry/organization/EMSC</agencyURI>
      <authorURI>smi:smi-registry/organization/EMSC</authorURI>
    </creationInfo>
  </magnitude>
</event>
<event publicID="quakeml:eu.emsc/event/20050320_0000044">
  <preferredOriginID>quakeml:eu.emsc/event/20050320_0000044/origin/1285934</preferredOriginID>
  <preferredMagnitudeID>quakeml:eu.emsc/event/20050320_0000044/origin/1285934/mag/2</preferredMagnitudeID>
  <creationInfo>
    <agencyURI>smi:smi-registry/organization/EMSC</agencyURI>
    <authorURI>smi:smi-registry/organization/EMSC</authorURI>
    <creationTime>2014-12-03T11:35:39.25957Z</creationTime>
  </creationInfo>
  <description>
    <text>ALBANIA</text>
    <type>Flinn-Engdahl region</type>
  </description>
  <origin publicID="quakeml:eu.emsc/event/20050320_0000044/origin/1285934">
    <time>
      <value>2005-03-20T04:51:56.5Z</value>
      <uncertainty>0.53</uncertainty>
    </time>
    <latitude>
      <value>40.7258</value>
      <uncertainty>10.6</uncertainty>
    </latitude>
    <longitude>
      <value>20.5454</value>
      <uncertainty>3.9</uncertainty>
    </longitude>
    <depth>
      <value>10000</value>
    </depth>
    <depthType>from location</depthType>
    <methodID>smi:eu.emsc-csem/origin_method/NA</methodID>
    <quality>
      <usedPhaseCount>15</usedPhaseCount>
      <usedStationCount>8</usedStationCount>
      <standardError>0.7</standardError>
      <azimuthalGap>235</azimuthalGap>
      <minimumDistance>0.58</minimumDistance>
      <maximumDistance>1.83</maximumDistance>
    </quality>
    <evaluationMode>manual</evaluationMode>
    <creationInfo>
      <agencyURI>smi:smi-registry/organization/EMSC</agencyURI>
      <authorURI>smi:smi-registry/organization/EMSC</authorURI>
    </creationInfo>
    <originUncertainty>
      <azimuthMaxHorizontalUncertainty>125</azimuthMaxHorizontalUncertainty>
    </originUncertainty>
  </origin>
  <magnitude publicID="quakeml:eu.emsc/event/20050320_0000044/origin/1285934/mag/2">
    <mag>
      <value>2.8</value>
    </mag>
    <type>ML</type>
    <originID>quakeml:eu.emsc/event/20050320_0000044/origin/1285934</originID>
    <creationInfo>
      <agencyURI>smi:smi-registry/organization/EMSC</agencyURI>
      <authorURI>smi:smi-registry/organization/EMSC</authorURI>
    </creationInfo>
  </magnitude>
</event>
<event publicID="quakeml:eu.emsc/event/20050320_0000047">
  <preferredOriginID>quakeml:eu.emsc/event/20050320_0000047/origin/1284016</preferredOriginID>
  <preferredMagnitudeID>quakeml:eu.emsc/event/20050320_0000047/origin/1284016/mag/1</preferredMagnitudeID>
  <creationInfo>
    <agencyURI>smi:smi-registry/organization/EMSC</agencyURI>
    <authorURI>smi:smi-registry/organization/EMSC</authorURI>
    <creationTime>2014-12-03T11:12:12.218915Z</creationTime>
  </creationInfo>
  <description>
    <text>PYRENEES</text>
    <type>Flinn-Engdahl region</type>
  </description>
  <origin publicID="quakeml:eu.emsc/event/20050320_0000047/origin/1284016">
    <time>
      <value>2005-03-20T04:22:16.7Z</value>
      <uncertainty>0.12</uncertainty>
    </time>
    <latitude>
      <value>43.1077</value>
      <uncertainty>2.5</uncertainty>
    </latitude>
    <longitude>
      <value>-0.3292</value>
      <uncertainty>2</uncertainty>
    </longitude>
    <depth>
      <value>10000</value>
    </depth>
    <depthType>from location</depthType>
    <methodID>smi:eu.emsc-csem/origin_method/NA</methodID>
    <quality>
      <usedPhaseCount>31</usedPhaseCount>
      <usedStationCount>16</usedStationCount>
      <standardError>0.7</standardError>
      <azimuthalGap>104</azimuthalGap>
      <minimumDistance>0.27</minimumDistance>
      <maximumDistance>2.57</maximumDistance>
    </quality>
    <evaluationMode>manual</evaluationMode>
    <creationInfo>
      <agencyURI>smi:smi-registry/organization/EMSC</agencyURI>
      <authorURI>smi:smi-registry/organization/EMSC</authorURI>
    </creationInfo>
    <originUncertainty>
      <azimuthMaxHorizontalUncertainty>167</azimuthMaxHorizontalUncertainty>
    </originUncertainty>
  </origin>
  <magnitude publicID="quakeml:eu.emsc/event/20050320_0000047/origin/1284016/mag/1">
    <mag>
      <value>1.9</value>
      <uncertainty>0.6</uncertainty>
    </mag>
    <type>ML</type>
    <originID>quakeml:eu.emsc/event/20050320_0000047/origin/1284016</originID>
    <stationCount>12</stationCount>
    <creationInfo>
      <agencyURI>smi:smi-registry/organization/EMSC</agencyURI>
      <authorURI>smi:smi-registry/organization/EMSC</authorURI>
    </creationInfo>
  </magnitude>
</event>
<event publicID="quakeml:eu.emsc/event/20050320_0000057">
  <preferredOriginID>quakeml:eu.emsc/event/20050320_0000057/origin/1267843</preferredOriginID>
  <preferredMagnitudeID>quakeml:eu.emsc/event/20050320_0000057/origin/1267843/mag/2</preferredMagnitudeID>
  <creationInfo>
    <agencyURI>smi:smi-registry/organization/EMSC</agencyURI>
    <authorURI>smi:smi-registry/organization/EMSC</authorURI>
    <creationTime>2014-12-10T17:59:03.838687Z</creationTime>
  </creationInfo>
  <description>
    <text>NORTHERN ITALY</text>
    <type>Flinn-Engdahl region</type>
  </description>
  <origin publicID="quakeml:eu.emsc/event/20050320_0000057/origin/1267843">
    <time>
      <value>2005-03-20T03:34:11.2Z</value>
    </time>
    <latitude>
      <value>44.63</value>
      <uncertainty>9999.9</uncertainty>
    </latitude>
    <longitude>
      <value>8.1932</value>
      <uncertainty>9999.9</uncertainty>
    </longitude>
    <depth>
      <value>14900.0</value>
    </depth>
    <depthType>from location</depthType>
    <methodID>smi:eu.emsc-csem/origin_method/NA</methodID>
    <quality>
      <usedPhaseCount>22</usedPhaseCount>
      <usedStationCount>12</usedStationCount>
      <standardError>0.96</standardError>
      <azimuthalGap>99</azimuthalGap>
      <minimumDistance>0.25</minimumDistance>
      <maximumDistance>0.87</maximumDistance>
    </quality>
    <evaluationMode>manual</evaluationMode>
    <creationInfo>
      <agencyURI>smi:smi-registry/organization/EMSC</agencyURI>
      <authorURI>smi:smi-registry/organization/EMSC</authorURI>
    </creationInfo>
    <originUncertainty>
      <azimuthMaxHorizontalUncertainty>-99</azimuthMaxHorizontalUncertainty>
    </originUncertainty>
  </origin>
  <magnitude publicID="quakeml:eu.emsc/event/20050320_0000057/origin/1267843/mag/2">
    <mag>
      <value>2.3</value>
    </mag>
    <type>ML</type>
    <originID>quakeml:eu.emsc/event/20050320_0000057/origin/1267843</originID>
    <creationInfo>
      <agencyURI>smi:smi-registry/organization/EMSC</agencyURI>
      <authorURI>smi:smi-registry/organization/EMSC</authorURI>
    </creationInfo>
  </magnitude>
</event>
<event publicID="quakeml:eu.emsc/event/20050320_0000051">
  <preferredOriginID>quakeml:eu.emsc/event/20050320_0000051/origin/1285937</preferredOriginID>
  <preferredMagnitudeID>quakeml:eu.emsc/event/20050320_0000051/origin/1285937/mag/2</preferredMagnitudeID>
  <creationInfo>
    <agencyURI>smi:smi-registry/organization/EMSC</agencyURI>
    <authorURI>smi:smi-registry/organization/EMSC</authorURI>
    <creationTime>2014-12-03T10:40:59.122966Z</creationTime>
  </creationInfo>
  <description>
    <text>CENTRAL IRAN</text>
    <type>Flinn-Engdahl region</type>
  </description>
  <origin publicID="quakeml:eu.emsc/event/20050320_0000051/origin/1285937">
    <time>
      <value>2005-03-20T03:03:00.1Z</value>
      <uncertainty>0.38</uncertainty>
    </time>
    <latitude>
      <value>30.763</value>
      <uncertainty>12.1</uncertainty>
    </latitude>
    <longitude>
      <value>56.8362</value>
      <uncertainty>6.1</uncertainty>
    </longitude>
    <depth>
      <value>2000</value>
    </depth>
    <depthType>from location</depthType>
    <methodID>smi:eu.emsc-csem/origin_method/NA</methodID>
    <quality>
      <usedPhaseCount>21</usedPhaseCount>
      <usedStationCount>19</usedStationCount>
      <standardError>0.91</standardError>
      <azimuthalGap>159</azimuthalGap>
      <minimumDistance>0.78</minimumDistance>
      <maximumDistance>7.42</maximumDistance>
    </quality>
    <evaluationMode>manual</evaluationMode>
    <creationInfo>
      <agencyURI>smi:smi-registry/organization/EMSC</agencyURI>
      <authorURI>smi:smi-registry/organization/EMSC</authorURI>
    </creationInfo>
    <originUncertainty>
      <azimuthMaxHorizontalUncertainty>86</azimuthMaxHorizontalUncertainty>
    </originUncertainty>
  </origin>
  <magnitude publicID="quakeml:eu.emsc/event/20050320_0000051/origin/1285937/mag/2">
    <mag>
      <value>3.6</value>
    </mag>
    <type>ML</type>
    <originID>quakeml:eu.emsc/event/20050320_0000051/origin/1285937</originID>
    <creationInfo>
      <agencyURI>smi:smi-registry/organization/EMSC</agencyURI>
      <authorURI>smi:smi-registry/organization/EMSC</authorURI>
    </creationInfo>
  </magnitude>
</event>
<event publicID="quakeml:eu.emsc/event/20050320_0000042">
  <preferredOriginID>quakeml:eu.emsc/event/20050320_0000042/origin/1285940</preferredOriginID>
  <preferredMagnitudeID>quakeml:eu.emsc/event/20050320_0000042/origin/1285940/mag/2</preferredMagnitudeID>
  <creationInfo>
    <agencyURI>smi:smi-registry/organization/EMSC</agencyURI>
    <authorURI>smi:smi-registry/organization/EMSC</authorURI>
    <creationTime>2014-12-03T12:03:49.10799Z</creationTime>
  </creationInfo>
  <description>
    <text>SICILY, ITALY</text>
    <type>Flinn-Engdahl region</type>
  </description>
  <origin publicID="quakeml:eu.emsc/event/20050320_0000042/origin/1285940">
    <time>
      <value>2005-03-20T02:18:14.3Z</value>
      <uncertainty>1.28</uncertainty>
    </time>
    <latitude>
      <value>36.4503</value>
      <uncertainty>26.2</uncertainty>
    </latitude>
    <longitude>
      <value>14.3473</value>
      <uncertainty>5.9</uncertainty>
    </longitude>
    <depth>
      <value>4800.0</value>
      <uncertainty>3.3</uncertainty>
    </depth>
    <depthType>from location</depthType>
    <methodID>smi:eu.emsc-csem/origin_method/NA</methodID>
    <quality>
      <usedPhaseCount>10</usedPhaseCount>
      <usedStationCount>9</usedStationCount>
      <standardError>0.38</standardError>
      <azimuthalGap>280</azimuthalGap>
      <minimumDistance>0.77</minimumDistance>
      <maximumDistance>2.14</maximumDistance>
    </quality>
    <evaluationMode>manual</evaluationMode>
    <creationInfo>
      <agencyURI>smi:smi-registry/organization/EMSC</agencyURI>
      <authorURI>smi:smi-registry/organization/EMSC</authorURI>
    </creationInfo>
    <originUncertainty>
      <azimuthMaxHorizontalUncertainty>178</azimuthMaxHorizontalUncertainty>
    </originUncertainty>
  </origin>
  <magnitude publicID="quakeml:eu.emsc/event/20050320_0000042/origin/1285940/mag/2">
    <mag>
      <value>2.3</value>
    </mag>
    <type>ML</type>
    <originID>quakeml:eu.emsc/event/20050320_0000042/origin/1285940</originID>
    <stationCount>2</stationCount>
    <creationInfo>
      <agencyURI>smi:smi-registry/organization/EMSC</agencyURI>
      <authorURI>smi:smi-registry/organization/EMSC</authorURI>
    </creationInfo>
  </magnitude>
</event>
<event publicID="quakeml:eu.emsc/event/20050320_0000021">
  <preferredOriginID>quakeml:eu.emsc/event/20050320_0000021/origin/CY111</preferredOriginID>
  <preferredMagnitudeID>quakeml:eu.emsc/event/20050320_0000021/origin/CY111/mag/1</preferredMagnitudeID>
  <creationInfo>
    <agencyURI>smi:smi-registry/organization/EMSC</agencyURI>
    <authorURI>smi:smi-registry/organization/EMSC</authorURI>
    <creationTime>2014-12-01T15:15:17.809074Z</creationTime>
  </creationInfo>
  <description>
    <text>KYUSHU, JAPAN</text>
    <type>Flinn-Engdahl region</type>
  </description>
  <origin publicID="quakeml:eu.emsc/event/20050320_0000021/origin/CY111">
    <time>
      <value>2005-03-20T01:53:41.7Z</value>
      <uncertainty>0.06</uncertainty>
    </time>
    <latitude>
      <value>33.52</value>
    </latitude>
    <longitude>
      <value>130.62</value>
    </longitude>
    <depth>
      <value>10000.0</value>
    </depth>
    <depthType>from location</depthType>
    <methodID>smi:eu.emsc-csem/origin_method/NA</methodID>
    <quality>
      <usedPhaseCount>317</usedPhaseCount>
      <usedStationCount>281</usedStationCount>
      <standardError>1.12</standardError>
      <azimuthalGap>86</azimuthalGap>
      <minimumDistance>6.92</minimumDistance>
      <maximumDistance>108.51</maximumDistance>
    </quality>
    <evaluationMode>automatic</evaluationMode>
    <creationInfo>
      <agencyURI>smi:smi-registry/organization/EMSC</agencyURI>
      <authorURI>smi:smi-registry/organization/EMSC</authorURI>
    </creationInfo>
  </origin>
  <magnitude publicID="quakeml:eu.emsc/event/20050320_0000021/origin/CY111/mag/1">
    <mag>
      <value>6.5</value>
      <uncertainty>0.4</uncertainty>
    </mag>
    <type>mw</type>
    <originID>quakeml:eu.emsc/event/20050320_0000021/origin/CY111</originID>
    <stationCount>99</stationCount>
    <creationInfo>
      <agencyURI>smi:smi-registry/organization/EMSC</agencyURI>
      <authorURI>smi:smi-registry/organization/EMSC</authorURI>
    </creationInfo>
  </magnitude>
</event>
<event publicID="quakeml:eu.emsc/event/20050320_0000050">
  <preferredOriginID>quakeml:eu.emsc/event/20050320_0000050/origin/1267845</preferredOriginID>
  <preferredMagnitudeID>quakeml:eu.emsc/event/20050320_0000050/origin/1267845/mag/2</preferredMagnitudeID>
  <creationInfo>
    <agencyURI>smi:smi-registry/organization/EMSC</agencyURI>
    <authorURI>smi:smi-registry/organization/EMSC</authorURI>
    <creationTime>2014-12-11T08:04:57.271935Z</creationTime>
  </creationInfo>
  <description>
    <text>SOUTHERN GREECE</text>
    <type>Flinn-Engdahl region</type>
  </description>
  <origin publicID="quakeml:eu.emsc/event/20050320_0000050/origin/1267845">
    <time>
      <value>2005-03-20T01:18:59.0Z</value>
    </time>
    <latitude>
      <value>37.49</value>
      <uncertainty>9999.9</uncertainty>
    </latitude>
    <longitude>
      <value>21.98</value>
      <uncertainty>9999.9</uncertainty>
    </longitude>
    <depth>
      <value>4000</value>
    </depth>
    <depthType>from location</depthType>
    <methodID>smi:eu.emsc-csem/origin_method/NA</methodID>
    <quality>
      <usedPhaseCount>6</usedPhaseCount>
      <usedStationCount>5</usedStationCount>
      <standardError>0.79</standardError>
      <azimuthalGap>114</azimuthalGap>
      <minimumDistance>0.31</minimumDistance>
      <maximumDistance>1.3</maximumDistance>
    </quality>
    <evaluationMode>manual</evaluationMode>
    <creationInfo>
      <agencyURI>smi:smi-registry/organization/EMSC</agencyURI>
      <authorURI>smi:smi-registry/organization/EMSC</authorURI>
    </creationInfo>
    <originUncertainty>
      <azimuthMaxHorizontalUncertainty>-99</azimuthMaxHorizontalUncertainty>
    </originUncertainty>
  </origin>
  <magnitude publicID="quakeml:eu.emsc/event/20050320_0000050/origin/1267845/mag/2">
    <mag>
      <value>2.9</value>
    </mag>
    <type>MD</type>
    <originID>quakeml:eu.emsc/event/20050320_0000050/origin/1267845</originID>
    <creationInfo>
      <agencyURI>smi:smi-registry/organization/EMSC</agencyURI>
      <authorURI>smi:smi-registry/organization/EMSC</authorURI>
    </creationInfo>
  </magnitude>
</event>
<event publicID="quakeml:eu.emsc/event/20050320_0000048">
  <preferredOriginID>quakeml:eu.emsc/event/20050320_0000048/origin/1267847</preferredOriginID>
  <preferredMagnitudeID>quakeml:eu.emsc/event/20050320_0000048/origin/1267847/mag/2</preferredMagnitudeID>
  <creationInfo>
    <agencyURI>smi:smi-registry/organization/EMSC</agencyURI>
    <authorURI>smi:smi-registry/organization/EMSC</authorURI>
    <creationTime>2014-12-11T08:04:53.8222Z</creationTime>
  </creationInfo>
  <description>
    <text>SOUTHERN GREECE</text>
    <type>Flinn-Engdahl region</type>
  </description>
  <origin publicID="quakeml:eu.emsc/event/20050320_0000048/origin/1267847">
    <time>
      <value>2005-03-20T01:13:56.3Z</value>
    </time>
    <latitude>
      <value>37.46</value>
      <uncertainty>9999.9</uncertainty>
    </latitude>
    <longitude>
      <value>21.9</value>
      <uncertainty>9999.9</uncertainty>
    </longitude>
    <depth>
      <value>5000</value>
    </depth>
    <depthType>from location</depthType>
    <methodID>smi:eu.emsc-csem/origin_method/NA</methodID>
    <quality>
      <usedPhaseCount>6</usedPhaseCount>
      <usedStationCount>4</usedStationCount>
      <standardError>1.34</standardError>
      <azimuthalGap>161</azimuthalGap>
      <minimumDistance>0.28</minimumDistance>
      <maximumDistance>1.26</maximumDistance>
    </quality>
    <evaluationMode>manual</evaluationMode>
    <creationInfo>
      <agencyURI>smi:smi-registry/organization/EMSC</agencyURI>
      <authorURI>smi:smi-registry/organization/EMSC</authorURI>
    </creationInfo>
    <originUncertainty>
      <azimuthMaxHorizontalUncertainty>-99</azimuthMaxHorizontalUncertainty>
    </originUncertainty>
  </origin>
  <magnitude publicID="quakeml:eu.emsc/event/20050320_0000048/origin/1267847/mag/2">
    <mag>
      <value>2.9</value>
    </mag>
    <type>MD</type>
    <originID>quakeml:eu.emsc/event/20050320_0000048/origin/1267847</originID>
    <creationInfo>
      <agencyURI>smi:smi-registry/organization/EMSC</agencyURI>
      <authorURI>smi:smi-registry/organization/EMSC</authorURI>
    </creationInfo>
  </magnitude>
</event>
<event publicID="quakeml:eu.emsc/event/20050320_0000020">
  <preferredOriginID>quakeml:eu.emsc/event/20050320_0000020/origin/1285946</preferredOriginID>
  <preferredMagnitudeID>quakeml:eu.emsc/event/20050320_0000020/origin/1285946/mag/2</preferredMagnitudeID>
  <creationInfo>
    <agencyURI>smi:smi-registry/organization/EMSC</agencyURI>
    <authorURI>smi:smi-registry/organization/EMSC</authorURI>
    <creationTime>2014-12-03T13:17:16.189354Z</creationTime>
  </creationInfo>
  <description>
    <text>SOUTHERN GREECE</text>
    <type>Flinn-Engdahl region</type>
  </description>
  <origin publicID="quakeml:eu.emsc/event/20050320_0000020/origin/1285946">
    <time>
      <value>2005-03-20T00:51:02.8Z</value>
      <uncertainty>0.17</uncertainty>
    </time>
    <latitude>
      <value>37.4919</value>
      <uncertainty>5.3</uncertainty>
    </latitude>
    <longitude>
      <value>22.068</value>
      <uncertainty>3.3</uncertainty>
    </longitude>
    <depth>
      <value>10000</value>
    </depth>
    <depthType>from location</depthType>
    <methodID>smi:eu.emsc-csem/origin_method/NA</methodID>
    <quality>
      <usedPhaseCount>182</usedPhaseCount>
      <usedStationCount>170</usedStationCount>
      <standardError>1.29</standardError>
      <azimuthalGap>68</azimuthalGap>
      <minimumDistance>1.07</minimumDistance>
      <maximumDistance>74.45</maximumDistance>
    </quality>
    <evaluationMode>manual</evaluationMode>
    <creationInfo>
      <agencyURI>smi:smi-registry/organization/EMSC</agencyURI>
      <authorURI>smi:smi-registry/organization/EMSC</authorURI>
    </creationInfo>
    <originUncertainty>
      <azimuthMaxHorizontalUncertainty>16</azimuthMaxHorizontalUncertainty>
    </originUncertainty>
  </origin>
  <magnitude publicID="quakeml:eu.emsc/event/20050320_0000020/origin/1285946/mag/2">
    <mag>
      <value>4.3</value>
      <uncertainty>0.3</uncertainty>
    </mag>
    <type>mb</type>
    <originID>quakeml:eu.emsc/event/20050320_0000020/origin/1285946</originID>
    <stationCount>9</stationCount>
    <creationInfo>
      <agencyURI>smi:smi-registry/organization/EMSC</agencyURI>
      <authorURI>smi:smi-registry/organization/EMSC</authorURI>
    </creationInfo>
  </magnitude>
</event>
<event publicID="quakeml:eu.emsc/event/20050320_0000019">
  <preferredOriginID>quakeml:eu.emsc/event/20050320_0000019/origin/CZ619</preferredOriginID>
  <preferredMagnitudeID>quakeml:eu.emsc/event/20050320_0000019/origin/CZ619/mag/1</preferredMagnitudeID>
  <creationInfo>
    <agencyURI>smi:smi-registry/organization/EMSC</agencyURI>
    <authorURI>smi:smi-registry/organization/EMSC</authorURI>
    <creationTime>2014-12-01T15:15:17.638071Z</creationTime>
  </creationInfo>
  <description>
    <text>MINDANAO, PHILIPPINES</text>
    <type>Flinn-Engdahl region</type>
  </description>
  <origin publicID="quakeml:eu.emsc/event/20050320_0000019/origin/CZ619">
    <time>
      <value>2005-03-20T00:40:23.5Z</value>
      <uncertainty>0.05</uncertainty>
    </time>
    <latitude>
      <value>7.64</value>
    </latitude>
    <longitude>
      <value>126.58</value>
    </longitude>
    <depth>
      <value>80000.0</value>
    </depth>
    <depthType>from location</depthType>
    <methodID>smi:eu.emsc-csem/origin_method/NA</methodID>
    <quality>
      <usedPhaseCount>60</usedPhaseCount>
      <usedStationCount>40</usedStationCount>
      <standardError>0.98</standardError>
      <azimuthalGap>100</azimuthalGap>
      <minimumDistance>10.42</minimumDistance>
      <maximumDistance>97.53</maximumDistance>
    </quality>
    <evaluationMode>automatic</evaluationMode>
    <creationInfo>
      <agencyURI>smi:smi-registry/organization/EMSC</agencyURI>
      <authorURI>smi:smi-registry/organization/EMSC</authorURI>
    </creationInfo>
  </origin>
  <magnitude publicID="quakeml:eu.emsc/event/20050320_0000019/origin/CZ619/mag/1">
    <mag>
      <value>5.3</value>
      <uncertainty>0.4</uncertainty>
    </mag>
    <type>mb</type>
    <originID>quakeml:eu.emsc/event/20050320_0000019/origin/CZ619</originID>
    <stationCount>38</stationCount>
    <creationInfo>
      <agencyURI>smi:smi-registry/organization/EMSC</agencyURI>
      <authorURI>smi:smi-registry/organization/EMSC</authorURI>
    </creationInfo>
  </magnitude>
</event>
<event publicID="quakeml:eu.emsc/event/20050320_0000043">
  <preferredOriginID>quakeml:eu.emsc/event/20050320_0000043/origin/1267849</preferredOriginID>
  <preferredMagnitudeID>quakeml:eu.emsc/event/20050320_0000043/origin/1267849/mag/2</preferredMagnitudeID>
  <creationInfo>
    <agencyURI>smi:smi-registry/organization/EMSC</agencyURI>
    <authorURI>smi:smi-registry/organization/EMSC</authorURI>
    <creationTime>2014-12-10T17:59:03.302883Z</creationTime>
  </creationInfo>
  <description>
    <text>FRANCE</text>
    <type>Flinn-Engdahl region</type>
  </description>
  <origin publicID="quakeml:eu.emsc/event/20050320_0000043/origin/1267849">
    <time>
      <value>2005-03-20T00:08:56.1Z</value>
    </time>
    <latitude>
      <value>44.4424</value>
      <uncertainty>9999.9</uncertainty>
    </latitude>
    <longitude>
      <value>2.6946</value>
      <uncertainty>9999.9</uncertainty>
    </longitude>
    <depth>
      <value>6000</value>
    </depth>
    <depthType>from location</depthType>
    <methodID>smi:eu.emsc-csem/origin_method/NA</methodID>
    <quality>
      <usedPhaseCount>33</usedPhaseCount>
      <usedStationCount>15</usedStationCount>
      <standardError>1.67</standardError>
      <azimuthalGap>84</azimuthalGap>
      <minimumDistance>0.66</minimumDistance>
      <maximumDistance>2.94</maximumDistance>
    </quality>
    <evaluationMode>manual</evaluationMode>
    <creationInfo>
      <agencyURI>smi:smi-registry/organization/EMSC</agencyURI>
      <authorURI>smi:smi-registry/organization/EMSC</authorURI>
    </creationInfo>
    <originUncertainty>
      <azimuthMaxHorizontalUncertainty>-99</azimuthMaxHorizontalUncertainty>
    </originUncertainty>
  </origin>
  <magnitude publicID="quakeml:eu.emsc/event/20050320_0000043/origin/1267849/mag/2">
    <mag>
      <value>1.9</value>
      <uncertainty>0.2</uncertainty>
    </mag>
    <type>ML</type>
    <originID>quakeml:eu.emsc/event/20050320_0000043/origin/1267849</originID>
    <stationCount>13</stationCount>
    <creationInfo>
      <agencyURI>smi:smi-registry/organization/EMSC</agencyURI>
      <authorURI>smi:smi-registry/organization/EMSC</authorURI>
    </creationInfo>
  </magnitude>
</event>
</eventParameters>
</q:quakeml>
