<?xml version="1.0"?>
<q:quakeml xmlns:q="http://quakeml.org/xmlns/quakeml/1.2"  xmlns="http://quakeml.org/xmlns/bed/1.2">
<eventParameters publicID="smi:eu.emsc/unid">
<event publicID="quakeml:eu.emsc/event/20050115_0000035">
  <preferredOriginID>quakeml:eu.emsc/event/20050115_0000035/origin/1270503</preferredOriginID>
  <preferredMagnitudeID>quakeml:eu.emsc/event/20050115_0000035/origin/1270503/mag/2</preferredMagnitudeID>
  <creationInfo>
    <agencyURI>smi:smi-registry/organization/EMSC</agencyURI>
    <authorURI>smi:smi-registry/organization/EMSC</authorURI>
    <creationTime>2014-12-11T06:46:36.224414Z</creationTime>
  </creationInfo>
  <description>
    <text>EASTERN TURKEY</text>
    <type>Flinn-Engdahl region</type>
  </description>
  <origin publicID="quakeml:eu.emsc/event/20050115_0000035/origin/1270503">
    <time>
      <value>2005-01-15T23:50:11.4Z</value>
    </time>
    <latitude>
      <value>39.108</value>
      <uncertainty>9999.9</uncertainty>
    </latitude>
    <longitude>
      <value>40.386</value>
      <uncertainty>9999.9</uncertainty>
    </longitude>
    <depth>
      <value>5000</value>
    </depth>
    <depthType>from location</depthType>
    <methodID>smi:eu.emsc-csem/origin_method/NA</methodID>
    <quality>
      <usedPhaseCount>11</usedPhaseCount>
      <usedStationCount>9</usedStationCount>
      <standardError>0.8</standardError>
      <azimuthalGap>66</azimuthalGap>
      <minimumDistance>0.25</minimumDistance>
      <maximumDistance>1.72</maximumDistance>
    </quality>
    <evaluationMode>manual</evaluationMode>
    <creationInfo>
      <agencyURI>smi:smi-registry/organization/EMSC</agencyURI>
      <authorURI>smi:smi-registry/organization/EMSC</authorURI>
    </creationInfo>
    <originUncertainty>
      <azimuthMaxHorizontalUncertainty>-99</azimuthMaxHorizontalUncertainty>
    </originUncertainty>
  </origin>
  <magnitude publicID="quakeml:eu.emsc/event/20050115_0000035/origin/1270503/mag/2">
    <mag>
      <value>3.2</value>
    </mag>
    <type>MD</type>
    <originID>quakeml:eu.emsc/event/20050115_0000035/origin/1270503</originID>
    <creationInfo>
      <agencyURI>smi:smi-registry/organization/EMSC</agencyURI>
      <authorURI>smi:smi-registry/organization/EMSC</authorURI>
    </creationInfo>
  </magnitude>
</event>
<event publicID="quakeml:eu.emsc/event/20050115_0000038">
  <preferredOriginID>quakeml:eu.emsc/event/20050115_0000038/origin/1270505</preferredOriginID>
  <preferredMagnitudeID>quakeml:eu.emsc/event/20050115_0000038/origin/1270505/mag/2</preferredMagnitudeID>
  <creationInfo>
    <agencyURI>smi:smi-registry/organization/EMSC</agencyURI>
    <authorURI>smi:smi-registry/organization/EMSC</authorURI>
    <creationTime>2014-12-10T17:57:14.59444Z</creationTime>
  </creationInfo>
  <description>
    <text>FRANCE</text>
    <type>Flinn-Engdahl region</type>
  </description>
  <origin publicID="quakeml:eu.emsc/event/20050115_0000038/origin/1270505">
    <time>
      <value>2005-01-15T23:44:17.3Z</value>
    </time>
    <latitude>
      <value>46.4232</value>
      <uncertainty>9999.9</uncertainty>
    </latitude>
    <longitude>
      <value>1.467</value>
      <uncertainty>9999.9</uncertainty>
    </longitude>
    <depth>
      <value>2000</value>
    </depth>
    <depthType>from location</depthType>
    <methodID>smi:eu.emsc-csem/origin_method/NA</methodID>
    <quality>
      <usedPhaseCount>20</usedPhaseCount>
      <usedStationCount>10</usedStationCount>
      <standardError>0.88</standardError>
      <azimuthalGap>123</azimuthalGap>
      <minimumDistance>0.53</minimumDistance>
      <maximumDistance>1.65</maximumDistance>
    </quality>
    <evaluationMode>manual</evaluationMode>
    <creationInfo>
      <agencyURI>smi:smi-registry/organization/EMSC</agencyURI>
      <authorURI>smi:smi-registry/organization/EMSC</authorURI>
    </creationInfo>
    <originUncertainty>
      <azimuthMaxHorizontalUncertainty>-99</azimuthMaxHorizontalUncertainty>
    </originUncertainty>
  </origin>
  <magnitude publicID="quakeml:eu.emsc/event/20050115_0000038/origin/1270505/mag/2">
    <mag>
      <value>1.7</value>
      <uncertainty>0.3</uncertainty>
    </mag>
    <type>ML</type>
    <originID>quakeml:eu.emsc/event/20050115_0000038/origin/1270505</originID>
    <stationCount>9</stationCount>
    <creationInfo>
      <agencyURI>smi:smi-registry/organization/EMSC</agencyURI>
      <authorURI>smi:smi-registry/organization/EMSC</authorURI>
    </creationInfo>
  </magnitude>
</event>
<event publicID="quakeml:eu.emsc/event/20050115_0000059">
  <preferredOriginID>quakeml:eu.emsc/event/20050115_0000059/origin/1289461</preferredOriginID>
  <preferredMagnitudeID>quakeml:eu.emsc/event/20050115_0000059/origin/1289461/mag/2</preferredMagnitudeID>
  <creationInfo>
    <agencyURI>smi:smi-registry/organization/EMSC</agencyURI>
    <authorURI>smi:smi-registry/organization/EMSC</authorURI>
    <creationTime>2014-12-03T11:30:14.746049Z</creationTime>
  </creationInfo>
  <description>
    <text>SERBIA</text>
    <type>Flinn-Engdahl region</type>
  </description>
  <origin publicID="quakeml:eu.emsc/event/20050115_0000059/origin/1289461">
    <time>
      <value>2005-01-15T22:43:15.3Z</value>
      <uncertainty>0.14</uncertainty>
    </time>
    <latitude>
      <value>43.3731</value>
      <uncertainty>3.1</uncertainty>
    </latitude>
    <longitude>
      <value>20.0843</value>
      <uncertainty>2.3</uncertainty>
    </longitude>
    <depth>
      <value>2000</value>
    </depth>
    <depthType>from location</depthType>
    <methodID>smi:eu.emsc-csem/origin_method/NA</methodID>
    <quality>
      <usedPhaseCount>49</usedPhaseCount>
      <usedStationCount>29</usedStationCount>
      <standardError>1.02</standardError>
      <azimuthalGap>42</azimuthalGap>
      <minimumDistance>0.51</minimumDistance>
      <maximumDistance>7.31</maximumDistance>
    </quality>
    <evaluationMode>manual</evaluationMode>
    <creationInfo>
      <agencyURI>smi:smi-registry/organization/EMSC</agencyURI>
      <authorURI>smi:smi-registry/organization/EMSC</authorURI>
    </creationInfo>
    <originUncertainty>
      <azimuthMaxHorizontalUncertainty>106</azimuthMaxHorizontalUncertainty>
    </originUncertainty>
  </origin>
  <magnitude publicID="quakeml:eu.emsc/event/20050115_0000059/origin/1289461/mag/2">
    <mag>
      <value>2.6</value>
    </mag>
    <type>MD</type>
    <originID>quakeml:eu.emsc/event/20050115_0000059/origin/1289461</originID>
    <creationInfo>
      <agencyURI>smi:smi-registry/organization/EMSC</agencyURI>
      <authorURI>smi:smi-registry/organization/EMSC</authorURI>
    </creationInfo>
  </magnitude>
</event>
<event publicID="quakeml:eu.emsc/event/20050115_0000034">
  <preferredOriginID>quakeml:eu.emsc/event/20050115_0000034/origin/1270507</preferredOriginID>
  <preferredMagnitudeID>quakeml:eu.emsc/event/20050115_0000034/origin/1270507/mag/2</preferredMagnitudeID>
  <creationInfo>
    <agencyURI>smi:smi-registry/organization/EMSC</agencyURI>
    <authorURI>smi:smi-registry/organization/EMSC</authorURI>
    <creationTime>2014-12-11T06:46:31.416791Z</creationTime>
  </creationInfo>
  <description>
    <text>EASTERN TURKEY</text>
    <type>Flinn-Engdahl region</type>
  </description>
  <origin publicID="quakeml:eu.emsc/event/20050115_0000034/origin/1270507">
    <time>
      <value>2005-01-15T21:36:08.7Z</value>
    </time>
    <latitude>
      <value>39.056</value>
      <uncertainty>9999.9</uncertainty>
    </latitude>
    <longitude>
      <value>40.527</value>
      <uncertainty>9999.9</uncertainty>
    </longitude>
    <depth>
      <value>13000</value>
    </depth>
    <depthType>from location</depthType>
    <methodID>smi:eu.emsc-csem/origin_method/NA</methodID>
    <quality>
      <usedPhaseCount>7</usedPhaseCount>
      <usedStationCount>5</usedStationCount>
      <standardError>0.73</standardError>
      <azimuthalGap>136</azimuthalGap>
      <minimumDistance>0.18</minimumDistance>
      <maximumDistance>1.15</maximumDistance>
    </quality>
    <evaluationMode>manual</evaluationMode>
    <creationInfo>
      <agencyURI>smi:smi-registry/organization/EMSC</agencyURI>
      <authorURI>smi:smi-registry/organization/EMSC</authorURI>
    </creationInfo>
    <originUncertainty>
      <azimuthMaxHorizontalUncertainty>-99</azimuthMaxHorizontalUncertainty>
    </originUncertainty>
  </origin>
  <magnitude publicID="quakeml:eu.emsc/event/20050115_0000034/origin/1270507/mag/2">
    <mag>
      <value>2.9</value>
    </mag>
    <type>MD</type>
    <originID>quakeml:eu.emsc/event/20050115_0000034/origin/1270507</originID>
    <creationInfo>
      <agencyURI>smi:smi-registry/organization/EMSC</agencyURI>
      <authorURI>smi:smi-registry/organization/EMSC</authorURI>
    </creationInfo>
  </magnitude>
</event>
<event publicID="quakeml:eu.emsc/event/20050115_0000033">
  <preferredOriginID>quakeml:eu.emsc/event/20050115_0000033/origin/CA651</preferredOriginID>
  <preferredMagnitudeID>quakeml:eu.emsc/event/20050115_0000033/origin/CA651/mag/1</preferredMagnitudeID>
  <creationInfo>
    <agencyURI>smi:smi-registry/organization/EMSC</agencyURI>
    <authorURI>smi:smi-registry/organization/ISK</authorURI>
    <creationTime>2014-12-01T12:45:03.953828Z</creationTime>
  </creationInfo>
  <description>
    <text>WESTERN TURKEY</text>
    <type>Flinn-Engdahl region</type>
  </description>
  <origin publicID="quakeml:eu.emsc/event/20050115_0000033/origin/CA651">
    <time>
      <value>2005-01-15T20:52:06.9Z</value>
    </time>
    <latitude>
      <value>38.65</value>
    </latitude>
    <longitude>
      <value>31.29</value>
    </longitude>
    <depth>
      <value>30000.0</value>
    </depth>
    <depthType>from location</depthType>
    <methodID>smi:eu.emsc-csem/origin_method/GEIGER</methodID>
    <quality>
      <usedPhaseCount>5</usedPhaseCount>
      <usedStationCount>3</usedStationCount>
      <azimuthalGap>231</azimuthalGap>
      <minimumDistance>0.52</minimumDistance>
      <maximumDistance>1.01</maximumDistance>
    </quality>
    <evaluationMode>manual</evaluationMode>
    <creationInfo>
      <agencyURI>smi:smi-registry/organization/EMSC</agencyURI>
      <authorURI>smi:smi-registry/organization/ISK</authorURI>
    </creationInfo>
  </origin>
  <magnitude publicID="quakeml:eu.emsc/event/20050115_0000033/origin/CA651/mag/1">
    <mag>
      <value>2.7</value>
    </mag>
    <type>md</type>
    <originID>quakeml:eu.emsc/event/20050115_0000033/origin/CA651</originID>
    <creationInfo>
      <agencyURI>smi:smi-registry/organization/EMSC</agencyURI>
      <authorURI>smi:smi-registry/organization/ISK</authorURI>
    </creationInfo>
  </magnitude>
</event>
<event publicID="quakeml:eu.emsc/event/20050115_0000032">
  <preferredOriginID>quakeml:eu.emsc/event/20050115_0000032/origin/1270509</preferredOriginID>
  <preferredMagnitudeID>quakeml:eu.emsc/event/20050115_0000032/origin/1270509/mag/2</preferredMagnitudeID>
  <creationInfo>
    <agencyURI>smi:smi-registry/organization/EMSC</agencyURI>
    <authorURI>smi:smi-registry/organization/EMSC</authorURI>
    <creationTime>2014-12-11T06:46:22.81389Z</creationTime>
  </creationInfo>
  <description>
    <text>FRANCE</text>
    <type>Flinn-Engdahl region</type>
  </description>
  <origin publicID="quakeml:eu.emsc/event/20050115_0000032/origin/1270509">
    <time>
      <value>2005-01-15T20:33:49.5Z</value>
    </time>
    <latitude>
      <value>48.35</value>
      <uncertainty>9999.9</uncertainty>
    </latitude>
    <longitude>
      <value>6.66</value>
      <uncertainty>9999.9</uncertainty>
    </longitude>
    <depth>
      <value>10000</value>
    </depth>
    <depthType>from location</depthType>
    <methodID>smi:eu.emsc-csem/origin_method/NA</methodID>
    <quality>
      <usedPhaseCount>17</usedPhaseCount>
      <usedStationCount>9</usedStationCount>
      <standardError>0.45</standardError>
      <azimuthalGap>115</azimuthalGap>
      <minimumDistance>0.36</minimumDistance>
      <maximumDistance>1.38</maximumDistance>
    </quality>
    <evaluationMode>manual</evaluationMode>
    <creationInfo>
      <agencyURI>smi:smi-registry/organization/EMSC</agencyURI>
      <authorURI>smi:smi-registry/organization/EMSC</authorURI>
    </creationInfo>
    <originUncertainty>
      <azimuthMaxHorizontalUncertainty>-99</azimuthMaxHorizontalUncertainty>
    </originUncertainty>
  </origin>
  <magnitude publicID="quakeml:eu.emsc/event/20050115_0000032/origin/1270509/mag/2">
    <mag>
      <value>2.2</value>
    </mag>
    <type>ML</type>
    <originID>quakeml:eu.emsc/event/20050115_0000032/origin/1270509</originID>
    <creationInfo>
      <agencyURI>smi:smi-registry/organization/EMSC</agencyURI>
      <authorURI>smi:smi-registry/organization/EMSC</authorURI>
    </creationInfo>
  </magnitude>
</event>
<event publicID="quakeml:eu.emsc/event/20050115_0000041">
  <preferredOriginID>quakeml:eu.emsc/event/20050115_0000041/origin/1270511</preferredOriginID>
  <preferredMagnitudeID>quakeml:eu.emsc/event/20050115_0000041/origin/1270511/mag/2</preferredMagnitudeID>
  <creationInfo>
    <agencyURI>smi:smi-registry/organization/EMSC</agencyURI>
    <authorURI>smi:smi-registry/organization/EMSC</authorURI>
    <creationTime>2014-12-11T06:46:26.697111Z</creationTime>
  </creationInfo>
  <description>
    <text>GEORGIA (SAK'ART'VELO)</text>
    <type>Flinn-Engdahl region</type>
  </description>
  <origin publicID="quakeml:eu.emsc/event/20050115_0000041/origin/1270511">
    <time>
      <value>2005-01-15T19:47:04.7Z</value>
    </time>
    <latitude>
      <value>42.341</value>
      <uncertainty>9999.9</uncertainty>
    </latitude>
    <longitude>
      <value>45.463</value>
      <uncertainty>9999.9</uncertainty>
    </longitude>
    <depth>
      <value>40000</value>
    </depth>
    <depthType>from location</depthType>
    <methodID>smi:eu.emsc-csem/origin_method/NA</methodID>
    <quality>
      <usedPhaseCount>16</usedPhaseCount>
      <usedStationCount>8</usedStationCount>
      <standardError>2.49</standardError>
      <azimuthalGap>191</azimuthalGap>
      <minimumDistance>0.65</minimumDistance>
      <maximumDistance>1.31</maximumDistance>
    </quality>
    <evaluationMode>manual</evaluationMode>
    <creationInfo>
      <agencyURI>smi:smi-registry/organization/EMSC</agencyURI>
      <authorURI>smi:smi-registry/organization/EMSC</authorURI>
    </creationInfo>
    <originUncertainty>
      <azimuthMaxHorizontalUncertainty>-99</azimuthMaxHorizontalUncertainty>
    </originUncertainty>
  </origin>
  <magnitude publicID="quakeml:eu.emsc/event/20050115_0000041/origin/1270511/mag/2">
    <mag>
      <value>3.8</value>
    </mag>
    <type>mb</type>
    <originID>quakeml:eu.emsc/event/20050115_0000041/origin/1270511</originID>
    <creationInfo>
      <agencyURI>smi:smi-registry/organization/EMSC</agencyURI>
      <authorURI>smi:smi-registry/organization/EMSC</authorURI>
    </creationInfo>
  </magnitude>
</event>
<event publicID="quakeml:eu.emsc/event/20050115_0000045">
  <preferredOriginID>quakeml:eu.emsc/event/20050115_0000045/origin/1289465</preferredOriginID>
  <preferredMagnitudeID>quakeml:eu.emsc/event/20050115_0000045/origin/1289465/mag/2</preferredMagnitudeID>
  <creationInfo>
    <agencyURI>smi:smi-registry/organization/EMSC</agencyURI>
    <authorURI>smi:smi-registry/organization/EMSC</authorURI>
    <creationTime>2014-12-03T10:45:13.722371Z</creationTime>
  </creationInfo>
  <description>
    <text>SOUTHERN IRAN</text>
    <type>Flinn-Engdahl region</type>
  </description>
  <origin publicID="quakeml:eu.emsc/event/20050115_0000045/origin/1289465">
    <time>
      <value>2005-01-15T19:35:02.9Z</value>
      <uncertainty>0.33</uncertainty>
    </time>
    <latitude>
      <value>28.4632</value>
      <uncertainty>12.2</uncertainty>
    </latitude>
    <longitude>
      <value>52.4965</value>
      <uncertainty>4.7</uncertainty>
    </longitude>
    <depth>
      <value>15000</value>
    </depth>
    <depthType>from location</depthType>
    <methodID>smi:eu.emsc-csem/origin_method/NA</methodID>
    <quality>
      <usedPhaseCount>19</usedPhaseCount>
      <usedStationCount>17</usedStationCount>
      <standardError>0.65</standardError>
      <azimuthalGap>198</azimuthalGap>
      <minimumDistance>0.47</minimumDistance>
      <maximumDistance>43.97</maximumDistance>
    </quality>
    <evaluationMode>manual</evaluationMode>
    <creationInfo>
      <agencyURI>smi:smi-registry/organization/EMSC</agencyURI>
      <authorURI>smi:smi-registry/organization/EMSC</authorURI>
    </creationInfo>
    <originUncertainty>
      <azimuthMaxHorizontalUncertainty>34</azimuthMaxHorizontalUncertainty>
    </originUncertainty>
  </origin>
  <magnitude publicID="quakeml:eu.emsc/event/20050115_0000045/origin/1289465/mag/2">
    <mag>
      <value>3.8</value>
    </mag>
    <type>mb</type>
    <originID>quakeml:eu.emsc/event/20050115_0000045/origin/1289465</originID>
    <stationCount>5</stationCount>
    <creationInfo>
      <agencyURI>smi:smi-registry/organization/EMSC</agencyURI>
      <authorURI>smi:smi-registry/organization/EMSC</authorURI>
    </creationInfo>
  </magnitude>
</event>
<event publicID="quakeml:eu.emsc/event/20050115_0000057">
  <preferredOriginID>quakeml:eu.emsc/event/20050115_0000057/origin/1289474</preferredOriginID>
  <preferredMagnitudeID>quakeml:eu.emsc/event/20050115_0000057/origin/1289474/mag/2</preferredMagnitudeID>
  <creationInfo>
    <agencyURI>smi:smi-registry/organization/EMSC</agencyURI>
    <authorURI>smi:smi-registry/organization/EMSC</authorURI>
    <creationTime>2014-12-03T10:47:29.679597Z</creationTime>
  </creationInfo>
  <description>
    <text>WESTERN IRAN</text>
    <type>Flinn-Engdahl region</type>
  </description>
  <origin publicID="quakeml:eu.emsc/event/20050115_0000057/origin/1289474">
    <time>
      <value>2005-01-15T18:12:03.5Z</value>
      <uncertainty>0.6</uncertainty>
    </time>
    <latitude>
      <value>33.2402</value>
      <uncertainty>17.4</uncertainty>
    </latitude>
    <longitude>
      <value>48.3938</value>
      <uncertainty>4.8</uncertainty>
    </longitude>
    <depth>
      <value>20000</value>
    </depth>
    <depthType>from location</depthType>
    <methodID>smi:eu.emsc-csem/origin_method/NA</methodID>
    <quality>
      <usedPhaseCount>15</usedPhaseCount>
      <usedStationCount>9</usedStationCount>
      <standardError>0.79</standardError>
      <azimuthalGap>227</azimuthalGap>
      <minimumDistance>1.18</minimumDistance>
      <maximumDistance>4.33</maximumDistance>
    </quality>
    <evaluationMode>manual</evaluationMode>
    <creationInfo>
      <agencyURI>smi:smi-registry/organization/EMSC</agencyURI>
      <authorURI>smi:smi-registry/organization/EMSC</authorURI>
    </creationInfo>
    <originUncertainty>
      <azimuthMaxHorizontalUncertainty>97</azimuthMaxHorizontalUncertainty>
    </originUncertainty>
  </origin>
  <magnitude publicID="quakeml:eu.emsc/event/20050115_0000057/origin/1289474/mag/2">
    <mag>
      <value>2.9</value>
    </mag>
    <type>ML</type>
    <originID>quakeml:eu.emsc/event/20050115_0000057/origin/1289474</originID>
    <creationInfo>
      <agencyURI>smi:smi-registry/organization/EMSC</agencyURI>
      <authorURI>smi:smi-registry/organization/EMSC</authorURI>
    </creationInfo>
  </magnitude>
</event>
<event publicID="quakeml:eu.emsc/event/20050115_0000053">
  <preferredOriginID>quakeml:eu.emsc/event/20050115_0000053/origin/1270513</preferredOriginID>
  <preferredMagnitudeID>quakeml:eu.emsc/event/20050115_0000053/origin/1270513/mag/2</preferredMagnitudeID>
  <creationInfo>
    <agencyURI>smi:smi-registry/organization/EMSC</agencyURI>
    <authorURI>smi:smi-registry/organization/EMSC</authorURI>
    <creationTime>2014-12-10T17:57:13.50078Z</creationTime>
  </creationInfo>
  <description>
    <text>FRANCE</text>
    <type>Flinn-Engdahl region</type>
  </description>
  <origin publicID="quakeml:eu.emsc/event/20050115_0000053/origin/1270513">
    <time>
      <value>2005-01-15T18:06:14.6Z</value>
    </time>
    <latitude>
      <value>48.8533</value>
      <uncertainty>9999.9</uncertainty>
    </latitude>
    <longitude>
      <value>6.1023</value>
      <uncertainty>9999.9</uncertainty>
    </longitude>
    <depth>
      <value>2000</value>
    </depth>
    <depthType>from location</depthType>
    <methodID>smi:eu.emsc-csem/origin_method/NA</methodID>
    <quality>
      <usedPhaseCount>8</usedPhaseCount>
      <usedStationCount>4</usedStationCount>
      <standardError>0.63</standardError>
      <azimuthalGap>237</azimuthalGap>
      <minimumDistance>0.47</minimumDistance>
      <maximumDistance>1.15</maximumDistance>
    </quality>
    <evaluationMode>manual</evaluationMode>
    <creationInfo>
      <agencyURI>smi:smi-registry/organization/EMSC</agencyURI>
      <authorURI>smi:smi-registry/organization/EMSC</authorURI>
    </creationInfo>
    <originUncertainty>
      <azimuthMaxHorizontalUncertainty>-99</azimuthMaxHorizontalUncertainty>
    </originUncertainty>
  </origin>
  <magnitude publicID="quakeml:eu.emsc/event/20050115_0000053/origin/1270513/mag/2">
    <mag>
      <value>1.8</value>
      <uncertainty>0.4</uncertainty>
    </mag>
    <type>ML</type>
    <originID>quakeml:eu.emsc/event/20050115_0000053/origin/1270513</originID>
    <stationCount>4</stationCount>
    <creationInfo>
      <agencyURI>smi:smi-registry/organization/EMSC</agencyURI>
      <authorURI>smi:smi-registry/organization/EMSC</authorURI>
    </creationInfo>
  </magnitude>
</event>
<event publicID="quakeml:eu.emsc/event/20050115_0000055">
  <preferredOriginID>quakeml:eu.emsc/event/20050115_0000055/origin/1270515</preferredOriginID>
  <preferredMagnitudeID>quakeml:eu.emsc/event/20050115_0000055/origin/1270515/mag/2</preferredMagnitudeID>
  <creationInfo>
    <agencyURI>smi:smi-registry/organization/EMSC</agencyURI>
    <authorURI>smi:smi-registry/organization/EMSC</authorURI>
    <creationTime>2014-12-11T06:46:15.204768Z</creationTime>
  </creationInfo>
  <description>
    <text>EASTERN TURKEY</text>
    <type>Flinn-Engdahl region</type>
  </description>
  <origin publicID="quakeml:eu.emsc/event/20050115_0000055/origin/1270515">
    <time>
      <value>2005-01-15T17:13:22.2Z</value>
    </time>
    <latitude>
      <value>38.857</value>
      <uncertainty>9999.9</uncertainty>
    </latitude>
    <longitude>
      <value>40.404</value>
      <uncertainty>9999.9</uncertainty>
    </longitude>
    <depth>
      <value>28000</value>
    </depth>
    <depthType>from location</depthType>
    <methodID>smi:eu.emsc-csem/origin_method/NA</methodID>
    <quality>
      <usedPhaseCount>7</usedPhaseCount>
      <usedStationCount>5</usedStationCount>
      <standardError>0.71</standardError>
      <azimuthalGap>198</azimuthalGap>
      <minimumDistance>0.07</minimumDistance>
      <maximumDistance>1.22</maximumDistance>
    </quality>
    <evaluationMode>manual</evaluationMode>
    <creationInfo>
      <agencyURI>smi:smi-registry/organization/EMSC</agencyURI>
      <authorURI>smi:smi-registry/organization/EMSC</authorURI>
    </creationInfo>
    <originUncertainty>
      <azimuthMaxHorizontalUncertainty>-99</azimuthMaxHorizontalUncertainty>
    </originUncertainty>
  </origin>
  <magnitude publicID="quakeml:eu.emsc/event/20050115_0000055/origin/1270515/mag/2">
    <mag>
      <value>2.8</value>
    </mag>
    <type>MD</type>
    <originID>quakeml:eu.emsc/event/20050115_0000055/origin/1270515</originID>
    <creationInfo>
      <agencyURI>smi:smi-registry/organization/EMSC</agencyURI>
      <authorURI>smi:smi-registry/organization/EMSC</authorURI>
    </creationInfo>
  </magnitude>
</event>
<event publicID="quakeml:eu.emsc/event/20050115_0000030">
  <preferredOriginID>quakeml:eu.emsc/event/20050115_0000030/origin/CA140</preferredOriginID>
  <preferredMagnitudeID>quakeml:eu.emsc/event/20050115_0000030/origin/CA140/mag/1</preferredMagnitudeID>
  <creationInfo>
    <agencyURI>smi:smi-registry/organization/EMSC</agencyURI>
    <authorURI>smi:smi-registry/organization/EMSC</authorURI>
    <creationTime>2014-12-01T14:54:37.993362Z</creationTime>
  </creationInfo>
  <description>
    <text>SIMEULUE, INDONESIA</text>
    <type>Flinn-Engdahl region</type>
  </description>
  <origin publicID="quakeml:eu.emsc/event/20050115_0000030/origin/CA140">
    <time>
      <value>2005-01-15T16:44:03.2Z</value>
      <uncertainty>0.30</uncertainty>
    </time>
    <latitude>
      <value>2.81</value>
    </latitude>
    <longitude>
      <value>96.07</value>
    </longitude>
    <depth>
      <value>33000.0</value>
    </depth>
    <depthType>from location</depthType>
    <methodID>smi:eu.emsc-csem/origin_method/NA</methodID>
    <quality>
      <usedPhaseCount>32</usedPhaseCount>
      <usedStationCount>27</usedStationCount>
      <standardError>1.02</standardError>
      <azimuthalGap>144</azimuthalGap>
      <minimumDistance>43.85</minimumDistance>
      <maximumDistance>85.05</maximumDistance>
    </quality>
    <evaluationMode>automatic</evaluationMode>
    <creationInfo>
      <agencyURI>smi:smi-registry/organization/EMSC</agencyURI>
      <authorURI>smi:smi-registry/organization/EMSC</authorURI>
    </creationInfo>
  </origin>
  <magnitude publicID="quakeml:eu.emsc/event/20050115_0000030/origin/CA140/mag/1">
    <mag>
      <value>5.1</value>
      <uncertainty>0.4</uncertainty>
    </mag>
    <type>mb</type>
    <originID>quakeml:eu.emsc/event/20050115_0000030/origin/CA140</originID>
    <stationCount>17</stationCount>
    <creationInfo>
      <agencyURI>smi:smi-registry/organization/EMSC</agencyURI>
      <authorURI>smi:smi-registry/organization/EMSC</authorURI>
    </creationInfo>
  </magnitude>
</event>
<event publicID="quakeml:eu.emsc/event/20050115_0000061">
  <preferredOriginID>quakeml:eu.emsc/event/20050115_0000061/origin/1289476</preferredOriginID>
  <preferredMagnitudeID>quakeml:eu.emsc/event/20050115_0000061/origin/1289476/mag/2</preferredMagnitudeID>
  <creationInfo>
    <agencyURI>smi:smi-registry/organization/EMSC</agencyURI>
    <authorURI>smi:smi-registry/organization/EMSC</authorURI>
    <creationTime>2014-12-03T11:11:55.69154Z</creationTime>
  </creationInfo>
  <description>
    <text>SOUTHERN ITALY</text>
    <type>Flinn-Engdahl region</type>
  </description>
  <origin publicID="quakeml:eu.emsc/event/20050115_0000061/origin/1289476">
    <time>
      <value>2005-01-15T15:57:30.7Z</value>
      <uncertainty>0.16</uncertainty>
    </time>
    <latitude>
      <value>40.7535</value>
      <uncertainty>3.2</uncertainty>
    </latitude>
    <longitude>
      <value>15.5088</value>
      <uncertainty>3</uncertainty>
    </longitude>
    <depth>
      <value>2000</value>
    </depth>
    <depthType>from location</depthType>
    <methodID>smi:eu.emsc-csem/origin_method/NA</methodID>
    <quality>
      <usedPhaseCount>23</usedPhaseCount>
      <usedStationCount>16</usedStationCount>
      <standardError>1.03</standardError>
      <azimuthalGap>67</azimuthalGap>
      <minimumDistance>0.02</minimumDistance>
      <maximumDistance>1.45</maximumDistance>
    </quality>
    <evaluationMode>manual</evaluationMode>
    <creationInfo>
      <agencyURI>smi:smi-registry/organization/EMSC</agencyURI>
      <authorURI>smi:smi-registry/organization/EMSC</authorURI>
    </creationInfo>
    <originUncertainty>
      <azimuthMaxHorizontalUncertainty>147</azimuthMaxHorizontalUncertainty>
    </originUncertainty>
  </origin>
  <magnitude publicID="quakeml:eu.emsc/event/20050115_0000061/origin/1289476/mag/2">
    <mag>
      <value>2.4</value>
    </mag>
    <type>ML</type>
    <originID>quakeml:eu.emsc/event/20050115_0000061/origin/1289476</originID>
    <stationCount>4</stationCount>
    <creationInfo>
      <agencyURI>smi:smi-registry/organization/EMSC</agencyURI>
      <authorURI>smi:smi-registry/organization/EMSC</authorURI>
    </creationInfo>
  </magnitude>
</event>
<event publicID="quakeml:eu.emsc/event/20050115_0000039">
  <preferredOriginID>quakeml:eu.emsc/event/20050115_0000039/origin/1289479</preferredOriginID>
  <preferredMagnitudeID>quakeml:eu.emsc/event/20050115_0000039/origin/1289479/mag/2</preferredMagnitudeID>
  <creationInfo>
    <agencyURI>smi:smi-registry/organization/EMSC</agencyURI>
    <authorURI>smi:smi-registry/organization/EMSC</authorURI>
    <creationTime>2014-12-03T11:21:46.661376Z</creationTime>
  </creationInfo>
  <description>
    <text>GREECE</text>
    <type>Flinn-Engdahl region</type>
  </description>
  <origin publicID="quakeml:eu.emsc/event/20050115_0000039/origin/1289479">
    <time>
      <value>2005-01-15T15:22:30.3Z</value>
      <uncertainty>0.24</uncertainty>
    </time>
    <latitude>
      <value>40.3199</value>
      <uncertainty>5.7</uncertainty>
    </latitude>
    <longitude>
      <value>21.0844</value>
      <uncertainty>4.4</uncertainty>
    </longitude>
    <depth>
      <value>10000</value>
    </depth>
    <depthType>from location</depthType>
    <methodID>smi:eu.emsc-csem/origin_method/NA</methodID>
    <quality>
      <usedPhaseCount>20</usedPhaseCount>
      <usedStationCount>13</usedStationCount>
      <standardError>1.05</standardError>
      <azimuthalGap>77</azimuthalGap>
      <minimumDistance>0.38</minimumDistance>
      <maximumDistance>2.03</maximumDistance>
    </quality>
    <evaluationMode>manual</evaluationMode>
    <creationInfo>
      <agencyURI>smi:smi-registry/organization/EMSC</agencyURI>
      <authorURI>smi:smi-registry/organization/EMSC</authorURI>
    </creationInfo>
    <originUncertainty>
      <azimuthMaxHorizontalUncertainty>151</azimuthMaxHorizontalUncertainty>
    </originUncertainty>
  </origin>
  <magnitude publicID="quakeml:eu.emsc/event/20050115_0000039/origin/1289479/mag/2">
    <mag>
      <value>2.9</value>
    </mag>
    <type>ML</type>
    <originID>quakeml:eu.emsc/event/20050115_0000039/origin/1289479</originID>
    <creationInfo>
      <agencyURI>smi:smi-registry/organization/EMSC</agencyURI>
      <authorURI>smi:smi-registry/organization/EMSC</authorURI>
    </creationInfo>
  </magnitude>
</event>
<event publicID="quakeml:eu.emsc/event/20050115_0000050">
  <preferredOriginID>quakeml:eu.emsc/event/20050115_0000050/origin/1289482</preferredOriginID>
  <preferredMagnitudeID>quakeml:eu.emsc/event/20050115_0000050/origin/1289482/mag/2</preferredMagnitudeID>
  <creationInfo>
    <agencyURI>smi:smi-registry/organization/EMSC</agencyURI>
    <authorURI>smi:smi-registry/organization/EMSC</authorURI>
    <creationTime>2014-12-03T11:55:25.195727Z</creationTime>
  </creationInfo>
  <description>
    <text>GREECE</text>
    <type>Flinn-Engdahl region</type>
  </description>
  <origin publicID="quakeml:eu.emsc/event/20050115_0000050/origin/1289482">
    <time>
      <value>2005-01-15T15:10:16.2Z</value>
      <uncertainty>0.24</uncertainty>
    </time>
    <latitude>
      <value>40.4763</value>
      <uncertainty>5.2</uncertainty>
    </latitude>
    <longitude>
      <value>23.5917</value>
      <uncertainty>4.2</uncertainty>
    </longitude>
    <depth>
      <value>19700.0</value>
      <uncertainty>0.2</uncertainty>
    </depth>
    <depthType>from location</depthType>
    <methodID>smi:eu.emsc-csem/origin_method/NA</methodID>
    <quality>
      <usedPhaseCount>28</usedPhaseCount>
      <usedStationCount>19</usedStationCount>
      <standardError>0.99</standardError>
      <azimuthalGap>54</azimuthalGap>
      <minimumDistance>0.33</minimumDistance>
      <maximumDistance>2.13</maximumDistance>
    </quality>
    <evaluationMode>manual</evaluationMode>
    <creationInfo>
      <agencyURI>smi:smi-registry/organization/EMSC</agencyURI>
      <authorURI>smi:smi-registry/organization/EMSC</authorURI>
    </creationInfo>
    <originUncertainty>
      <azimuthMaxHorizontalUncertainty>64</azimuthMaxHorizontalUncertainty>
    </originUncertainty>
  </origin>
  <magnitude publicID="quakeml:eu.emsc/event/20050115_0000050/origin/1289482/mag/2">
    <mag>
      <value>2.7</value>
    </mag>
    <type>ML</type>
    <originID>quakeml:eu.emsc/event/20050115_0000050/origin/1289482</originID>
    <creationInfo>
      <agencyURI>smi:smi-registry/organization/EMSC</agencyURI>
      <authorURI>smi:smi-registry/organization/EMSC</authorURI>
    </creationInfo>
  </magnitude>
</event>
<event publicID="quakeml:eu.emsc/event/20050115_0000056">
  <preferredOriginID>quakeml:eu.emsc/event/20050115_0000056/origin/1270517</preferredOriginID>
  <preferredMagnitudeID>quakeml:eu.emsc/event/20050115_0000056/origin/1270517/mag/2</preferredMagnitudeID>
  <creationInfo>
    <agencyURI>smi:smi-registry/organization/EMSC</agencyURI>
    <authorURI>smi:smi-registry/organization/EMSC</authorURI>
    <creationTime>2014-12-11T06:46:04.578167Z</creationTime>
  </creationInfo>
  <description>
    <text>SOUTHERN GREECE</text>
    <type>Flinn-Engdahl region</type>
  </description>
  <origin publicID="quakeml:eu.emsc/event/20050115_0000056/origin/1270517">
    <time>
      <value>2005-01-15T15:00:17.1Z</value>
    </time>
    <latitude>
      <value>36.5</value>
      <uncertainty>9999.9</uncertainty>
    </latitude>
    <longitude>
      <value>24.09</value>
      <uncertainty>9999.9</uncertainty>
    </longitude>
    <depth>
      <value>14000</value>
    </depth>
    <depthType>from location</depthType>
    <methodID>smi:eu.emsc-csem/origin_method/NA</methodID>
    <quality>
      <usedPhaseCount>8</usedPhaseCount>
      <usedStationCount>8</usedStationCount>
      <standardError>1.07</standardError>
      <azimuthalGap>116</azimuthalGap>
      <minimumDistance>0.88</minimumDistance>
      <maximumDistance>2.66</maximumDistance>
    </quality>
    <evaluationMode>manual</evaluationMode>
    <creationInfo>
      <agencyURI>smi:smi-registry/organization/EMSC</agencyURI>
      <authorURI>smi:smi-registry/organization/EMSC</authorURI>
    </creationInfo>
    <originUncertainty>
      <azimuthMaxHorizontalUncertainty>-99</azimuthMaxHorizontalUncertainty>
    </originUncertainty>
  </origin>
  <magnitude publicID="quakeml:eu.emsc/event/20050115_0000056/origin/1270517/mag/2">
    <mag>
      <value>3.1</value>
    </mag>
    <type>ML</type>
    <originID>quakeml:eu.emsc/event/20050115_0000056/origin/1270517</originID>
    <creationInfo>
      <agencyURI>smi:smi-registry/organization/EMSC</agencyURI>
      <authorURI>smi:smi-registry/organization/EMSC</authorURI>
    </creationInfo>
  </magnitude>
</event>
<event publicID="quakeml:eu.emsc/event/20050115_0000062">
  <preferredOriginID>quakeml:eu.emsc/event/20050115_0000062/origin/1270519</preferredOriginID>
  <preferredMagnitudeID>quakeml:eu.emsc/event/20050115_0000062/origin/1270519/mag/2</preferredMagnitudeID>
  <creationInfo>
    <agencyURI>smi:smi-registry/organization/EMSC</agencyURI>
    <authorURI>smi:smi-registry/organization/EMSC</authorURI>
    <creationTime>2014-12-11T06:46:03.608317Z</creationTime>
  </creationInfo>
  <description>
    <text>DODECANESE ISLANDS, GREECE</text>
    <type>Flinn-Engdahl region</type>
  </description>
  <origin publicID="quakeml:eu.emsc/event/20050115_0000062/origin/1270519">
    <time>
      <value>2005-01-15T14:37:54.7Z</value>
    </time>
    <latitude>
      <value>36.978</value>
      <uncertainty>9999.9</uncertainty>
    </latitude>
    <longitude>
      <value>28.155</value>
      <uncertainty>9999.9</uncertainty>
    </longitude>
    <depth>
      <value>29000</value>
    </depth>
    <depthType>from location</depthType>
    <methodID>smi:eu.emsc-csem/origin_method/NA</methodID>
    <quality>
      <usedPhaseCount>6</usedPhaseCount>
      <usedStationCount>4</usedStationCount>
      <standardError>0.93</standardError>
      <azimuthalGap>202</azimuthalGap>
      <minimumDistance>0.44</minimumDistance>
      <maximumDistance>1.42</maximumDistance>
    </quality>
    <evaluationMode>manual</evaluationMode>
    <creationInfo>
      <agencyURI>smi:smi-registry/organization/EMSC</agencyURI>
      <authorURI>smi:smi-registry/organization/EMSC</authorURI>
    </creationInfo>
    <originUncertainty>
      <azimuthMaxHorizontalUncertainty>-99</azimuthMaxHorizontalUncertainty>
    </originUncertainty>
  </origin>
  <magnitude publicID="quakeml:eu.emsc/event/20050115_0000062/origin/1270519/mag/2">
    <mag>
      <value>2.9</value>
    </mag>
    <type>MD</type>
    <originID>quakeml:eu.emsc/event/20050115_0000062/origin/1270519</originID>
    <creationInfo>
      <agencyURI>smi:smi-registry/organization/EMSC</agencyURI>
      <authorURI>smi:smi-registry/organization/EMSC</authorURI>
    </creationInfo>
  </magnitude>
</event>
<event publicID="quakeml:eu.emsc/event/20050115_0000029">
  <preferredOriginID>quakeml:eu.emsc/event/20050115_0000029/origin/CA721</preferredOriginID>
  <preferredMagnitudeID>quakeml:eu.emsc/event/20050115_0000029/origin/CA721/mag/1</preferredMagnitudeID>
  <creationInfo>
    <agencyURI>smi:smi-registry/organization/EMSC</agencyURI>
    <authorURI>smi:smi-registry/organization/EMSC</authorURI>
    <creationTime>2014-12-01T13:36:51.249124Z</creationTime>
  </creationInfo>
  <description>
    <text>SUNDA STRAIT, INDONESIA</text>
    <type>Flinn-Engdahl region</type>
  </description>
  <origin publicID="quakeml:eu.emsc/event/20050115_0000029/origin/CA721">
    <time>
      <value>2005-01-15T13:47:04.4Z</value>
      <uncertainty>0.16</uncertainty>
    </time>
    <latitude>
      <value>-5.58</value>
    </latitude>
    <longitude>
      <value>105.23</value>
    </longitude>
    <depth>
      <value>33000.0</value>
    </depth>
    <depthType>from location</depthType>
    <methodID>smi:eu.emsc-csem/origin_method/NA</methodID>
    <quality>
      <usedPhaseCount>59</usedPhaseCount>
      <usedStationCount>57</usedStationCount>
      <standardError>1.01</standardError>
      <azimuthalGap>143</azimuthalGap>
      <minimumDistance>55.52</minimumDistance>
      <maximumDistance>151.40</maximumDistance>
    </quality>
    <evaluationMode>automatic</evaluationMode>
    <creationInfo>
      <agencyURI>smi:smi-registry/organization/EMSC</agencyURI>
      <authorURI>smi:smi-registry/organization/EMSC</authorURI>
    </creationInfo>
  </origin>
  <magnitude publicID="quakeml:eu.emsc/event/20050115_0000029/origin/CA721/mag/1">
    <mag>
      <value>5.7</value>
      <uncertainty>0.4</uncertainty>
    </mag>
    <type>mb</type>
    <originID>quakeml:eu.emsc/event/20050115_0000029/origin/CA721</originID>
    <stationCount>17</stationCount>
    <creationInfo>
      <agencyURI>smi:smi-registry/organization/EMSC</agencyURI>
      <authorURI>smi:smi-registry/organization/EMSC</authorURI>
    </creationInfo>
  </magnitude>
</event>
<event publicID="quakeml:eu.emsc/event/20050115_0000054">
  <preferredOriginID>quakeml:eu.emsc/event/20050115_0000054/origin/1270521</preferredOriginID>
  <preferredMagnitudeID>quakeml:eu.emsc/event/20050115_0000054/origin/1270521/mag/2</preferredMagnitudeID>
  <creationInfo>
    <agencyURI>smi:smi-registry/organization/EMSC</agencyURI>
    <authorURI>smi:smi-registry/organization/EMSC</authorURI>
    <creationTime>2014-12-11T06:46:00.310144Z</creationTime>
  </creationInfo>
  <description>
    <text>EASTERN TURKEY</text>
    <type>Flinn-Engdahl region</type>
  </description>
  <origin publicID="quakeml:eu.emsc/event/20050115_0000054/origin/1270521">
    <time>
      <value>2005-01-15T13:36:50.5Z</value>
    </time>
    <latitude>
      <value>40.496</value>
      <uncertainty>9999.9</uncertainty>
    </latitude>
    <longitude>
      <value>40.647</value>
      <uncertainty>9999.9</uncertainty>
    </longitude>
    <depth>
      <value>21000</value>
    </depth>
    <depthType>from location</depthType>
    <methodID>smi:eu.emsc-csem/origin_method/NA</methodID>
    <quality>
      <usedPhaseCount>6</usedPhaseCount>
      <usedStationCount>4</usedStationCount>
      <standardError>1.43</standardError>
      <azimuthalGap>245</azimuthalGap>
      <minimumDistance>0.89</minimumDistance>
      <maximumDistance>1.87</maximumDistance>
    </quality>
    <evaluationMode>manual</evaluationMode>
    <creationInfo>
      <agencyURI>smi:smi-registry/organization/EMSC</agencyURI>
      <authorURI>smi:smi-registry/organization/EMSC</authorURI>
    </creationInfo>
    <originUncertainty>
      <azimuthMaxHorizontalUncertainty>-99</azimuthMaxHorizontalUncertainty>
    </originUncertainty>
  </origin>
  <magnitude publicID="quakeml:eu.emsc/event/20050115_0000054/origin/1270521/mag/2">
    <mag>
      <value>3.3</value>
    </mag>
    <type>MD</type>
    <originID>quakeml:eu.emsc/event/20050115_0000054/origin/1270521</originID>
    <creationInfo>
      <agencyURI>smi:smi-registry/organization/EMSC</agencyURI>
      <authorURI>smi:smi-registry/organization/EMSC</authorURI>
    </creationInfo>
  </magnitude>
</event>
<event publicID="quakeml:eu.emsc/event/20050115_0000063">
  <preferredOriginID>quakeml:eu.emsc/event/20050115_0000063/origin/1289486</preferredOriginID>
  <preferredMagnitudeID>quakeml:eu.emsc/event/20050115_0000063/origin/1289486/mag/2</preferredMagnitudeID>
  <creationInfo>
    <agencyURI>smi:smi-registry/organization/EMSC</agencyURI>
    <authorURI>smi:smi-registry/organization/EMSC</authorURI>
    <creationTime>2014-12-03T10:57:34.649542Z</creationTime>
  </creationInfo>
  <description>
    <text>WESTERN IRAN</text>
    <type>Flinn-Engdahl region</type>
  </description>
  <origin publicID="quakeml:eu.emsc/event/20050115_0000063/origin/1289486">
    <time>
      <value>2005-01-15T13:28:37.3Z</value>
      <uncertainty>0.27</uncertainty>
    </time>
    <latitude>
      <value>33.3011</value>
      <uncertainty>7</uncertainty>
    </latitude>
    <longitude>
      <value>48.3432</value>
      <uncertainty>6.5</uncertainty>
    </longitude>
    <depth>
      <value>40000</value>
    </depth>
    <depthType>from location</depthType>
    <methodID>smi:eu.emsc-csem/origin_method/NA</methodID>
    <quality>
      <usedPhaseCount>22</usedPhaseCount>
      <usedStationCount>17</usedStationCount>
      <standardError>1</standardError>
      <azimuthalGap>108</azimuthalGap>
      <minimumDistance>1.25</minimumDistance>
      <maximumDistance>25.26</maximumDistance>
    </quality>
    <evaluationMode>manual</evaluationMode>
    <creationInfo>
      <agencyURI>smi:smi-registry/organization/EMSC</agencyURI>
      <authorURI>smi:smi-registry/organization/EMSC</authorURI>
    </creationInfo>
    <originUncertainty>
      <azimuthMaxHorizontalUncertainty>84</azimuthMaxHorizontalUncertainty>
    </originUncertainty>
  </origin>
  <magnitude publicID="quakeml:eu.emsc/event/20050115_0000063/origin/1289486/mag/2">
    <mag>
      <value>3.7</value>
    </mag>
    <type>ML</type>
    <originID>quakeml:eu.emsc/event/20050115_0000063/origin/1289486</originID>
    <creationInfo>
      <agencyURI>smi:smi-registry/organization/EMSC</agencyURI>
      <authorURI>smi:smi-registry/organization/EMSC</authorURI>
    </creationInfo>
  </magnitude>
</event>
<event publicID="quakeml:eu.emsc/event/20050115_0000048">
  <preferredOriginID>quakeml:eu.emsc/event/20050115_0000048/origin/1288459</preferredOriginID>
  <preferredMagnitudeID>quakeml:eu.emsc/event/20050115_0000048/origin/1288459/mag/1</preferredMagnitudeID>
  <creationInfo>
    <agencyURI>smi:smi-registry/organization/EMSC</agencyURI>
    <authorURI>smi:smi-registry/organization/EMSC</authorURI>
    <creationTime>2014-12-03T10:43:00.815999Z</creationTime>
  </creationInfo>
  <description>
    <text>PYRENEES</text>
    <type>Flinn-Engdahl region</type>
  </description>
  <origin publicID="quakeml:eu.emsc/event/20050115_0000048/origin/1288459">
    <time>
      <value>2005-01-15T13:03:02.8Z</value>
      <uncertainty>0.24</uncertainty>
    </time>
    <latitude>
      <value>42.9753</value>
      <uncertainty>5.4</uncertainty>
    </latitude>
    <longitude>
      <value>-1.814</value>
      <uncertainty>3.7</uncertainty>
    </longitude>
    <depth>
      <value>10000</value>
    </depth>
    <depthType>from location</depthType>
    <methodID>smi:eu.emsc-csem/origin_method/NA</methodID>
    <quality>
      <usedPhaseCount>43</usedPhaseCount>
      <usedStationCount>21</usedStationCount>
      <standardError>1.41</standardError>
      <azimuthalGap>119</azimuthalGap>
      <minimumDistance>0.33</minimumDistance>
      <maximumDistance>4.27</maximumDistance>
    </quality>
    <evaluationMode>manual</evaluationMode>
    <creationInfo>
      <agencyURI>smi:smi-registry/organization/EMSC</agencyURI>
      <authorURI>smi:smi-registry/organization/EMSC</authorURI>
    </creationInfo>
    <originUncertainty>
      <azimuthMaxHorizontalUncertainty>5</azimuthMaxHorizontalUncertainty>
    </originUncertainty>
  </origin>
  <magnitude publicID="quakeml:eu.emsc/event/20050115_0000048/origin/1288459/mag/1">
    <mag>
      <value>2.5</value>
      <uncertainty>0.4</uncertainty>
    </mag>
    <type>ML</type>
    <originID>quakeml:eu.emsc/event/20050115_0000048/origin/1288459</originID>
    <stationCount>19</stationCount>
    <creationInfo>
      <agencyURI>smi:smi-registry/organization/EMSC</agencyURI>
      <authorURI>smi:smi-registry/organization/EMSC</authorURI>
    </creationInfo>
  </magnitude>
</event>
<event publicID="quakeml:eu.emsc/event/20050115_0000028">
  <preferredOriginID>quakeml:eu.emsc/event/20050115_0000028/origin/CA142</preferredOriginID>
  <preferredMagnitudeID>quakeml:eu.emsc/event/20050115_0000028/origin/CA142/mag/1</preferredMagnitudeID>
  <creationInfo>
    <agencyURI>smi:smi-registry/organization/EMSC</agencyURI>
    <authorURI>smi:smi-registry/organization/EMSC</authorURI>
    <creationTime>2014-12-01T15:33:49.610857Z</creationTime>
  </creationInfo>
  <description>
    <text>ANDAMAN ISLANDS, INDIA REGION</text>
    <type>Flinn-Engdahl region</type>
  </description>
  <origin publicID="quakeml:eu.emsc/event/20050115_0000028/origin/CA142">
    <time>
      <value>2005-01-15T12:23:34.6Z</value>
      <uncertainty>0.76</uncertainty>
    </time>
    <latitude>
      <value>13.26</value>
    </latitude>
    <longitude>
      <value>92.4</value>
    </longitude>
    <depth>
      <value>33000.0</value>
    </depth>
    <depthType>from location</depthType>
    <methodID>smi:eu.emsc-csem/origin_method/NA</methodID>
    <quality>
      <usedPhaseCount>11</usedPhaseCount>
      <usedStationCount>11</usedStationCount>
      <standardError>1.05</standardError>
      <azimuthalGap>271</azimuthalGap>
      <minimumDistance>33.13</minimumDistance>
      <maximumDistance>74.32</maximumDistance>
    </quality>
    <evaluationMode>automatic</evaluationMode>
    <creationInfo>
      <agencyURI>smi:smi-registry/organization/EMSC</agencyURI>
      <authorURI>smi:smi-registry/organization/EMSC</authorURI>
    </creationInfo>
  </origin>
  <magnitude publicID="quakeml:eu.emsc/event/20050115_0000028/origin/CA142/mag/1">
    <mag>
      <value>4.8</value>
    </mag>
    <type>mb</type>
    <originID>quakeml:eu.emsc/event/20050115_0000028/origin/CA142</originID>
    <creationInfo>
      <agencyURI>smi:smi-registry/organization/EMSC</agencyURI>
      <authorURI>smi:smi-registry/organization/EMSC</authorURI>
    </creationInfo>
  </magnitude>
</event>
<event publicID="quakeml:eu.emsc/event/20050115_0000027">
  <preferredOriginID>quakeml:eu.emsc/event/20050115_0000027/origin/1270523</preferredOriginID>
  <preferredMagnitudeID>quakeml:eu.emsc/event/20050115_0000027/origin/1270523/mag/2</preferredMagnitudeID>
  <creationInfo>
    <agencyURI>smi:smi-registry/organization/EMSC</agencyURI>
    <authorURI>smi:smi-registry/organization/EMSC</authorURI>
    <creationTime>2014-12-11T06:45:54.262939Z</creationTime>
  </creationInfo>
  <description>
    <text>ICELAND REGION</text>
    <type>Flinn-Engdahl region</type>
  </description>
  <origin publicID="quakeml:eu.emsc/event/20050115_0000027/origin/1270523">
    <time>
      <value>2005-01-15T10:28:40.5Z</value>
    </time>
    <latitude>
      <value>63.7789</value>
      <uncertainty>9999.9</uncertainty>
    </latitude>
    <longitude>
      <value>-22.8895</value>
      <uncertainty>9999.9</uncertainty>
    </longitude>
    <depth>
      <value>9300.0</value>
    </depth>
    <depthType>from location</depthType>
    <methodID>smi:eu.emsc-csem/origin_method/NA</methodID>
    <quality>
      <usedPhaseCount>42</usedPhaseCount>
      <usedStationCount>23</usedStationCount>
      <standardError>1.6</standardError>
      <azimuthalGap>280</azimuthalGap>
      <minimumDistance>0.21</minimumDistance>
      <maximumDistance>2.31</maximumDistance>
    </quality>
    <evaluationMode>manual</evaluationMode>
    <creationInfo>
      <agencyURI>smi:smi-registry/organization/EMSC</agencyURI>
      <authorURI>smi:smi-registry/organization/EMSC</authorURI>
    </creationInfo>
    <originUncertainty>
      <azimuthMaxHorizontalUncertainty>-99</azimuthMaxHorizontalUncertainty>
    </originUncertainty>
  </origin>
  <magnitude publicID="quakeml:eu.emsc/event/20050115_0000027/origin/1270523/mag/2">
    <mag>
      <value>3.9</value>
    </mag>
    <type>ML</type>
    <originID>quakeml:eu.emsc/event/20050115_0000027/origin/1270523</originID>
    <creationInfo>
      <agencyURI>smi:smi-registry/organization/EMSC</agencyURI>
      <authorURI>smi:smi-registry/organization/EMSC</authorURI>
    </creationInfo>
  </magnitude>
</event>
<event publicID="quakeml:eu.emsc/event/20050115_0000052">
  <preferredOriginID>quakeml:eu.emsc/event/20050115_0000052/origin/1270525</preferredOriginID>
  <preferredMagnitudeID>quakeml:eu.emsc/event/20050115_0000052/origin/1270525/mag/2</preferredMagnitudeID>
  <creationInfo>
    <agencyURI>smi:smi-registry/organization/EMSC</agencyURI>
    <authorURI>smi:smi-registry/organization/EMSC</authorURI>
    <creationTime>2014-12-11T06:45:52.756376Z</creationTime>
  </creationInfo>
  <description>
    <text>SOUTHERN GREECE</text>
    <type>Flinn-Engdahl region</type>
  </description>
  <origin publicID="quakeml:eu.emsc/event/20050115_0000052/origin/1270525">
    <time>
      <value>2005-01-15T10:24:02.9Z</value>
    </time>
    <latitude>
      <value>37.62</value>
      <uncertainty>9999.9</uncertainty>
    </latitude>
    <longitude>
      <value>22.92</value>
      <uncertainty>9999.9</uncertainty>
    </longitude>
    <depth>
      <value>5000</value>
    </depth>
    <depthType>from location</depthType>
    <methodID>smi:eu.emsc-csem/origin_method/NA</methodID>
    <quality>
      <usedPhaseCount>5</usedPhaseCount>
      <usedStationCount>5</usedStationCount>
      <standardError>0.55</standardError>
      <azimuthalGap>217</azimuthalGap>
      <minimumDistance>0.45</minimumDistance>
      <maximumDistance>0.9</maximumDistance>
    </quality>
    <evaluationMode>manual</evaluationMode>
    <creationInfo>
      <agencyURI>smi:smi-registry/organization/EMSC</agencyURI>
      <authorURI>smi:smi-registry/organization/EMSC</authorURI>
    </creationInfo>
    <originUncertainty>
      <azimuthMaxHorizontalUncertainty>-99</azimuthMaxHorizontalUncertainty>
    </originUncertainty>
  </origin>
  <magnitude publicID="quakeml:eu.emsc/event/20050115_0000052/origin/1270525/mag/2">
    <mag>
      <value>2.9</value>
    </mag>
    <type>MD</type>
    <originID>quakeml:eu.emsc/event/20050115_0000052/origin/1270525</originID>
    <creationInfo>
      <agencyURI>smi:smi-registry/organization/EMSC</agencyURI>
      <authorURI>smi:smi-registry/organization/EMSC</authorURI>
    </creationInfo>
  </magnitude>
</event>
<event publicID="quakeml:eu.emsc/event/20050115_0000026">
  <preferredOriginID>quakeml:eu.emsc/event/20050115_0000026/origin/1270527</preferredOriginID>
  <preferredMagnitudeID>quakeml:eu.emsc/event/20050115_0000026/origin/1270527/mag/2</preferredMagnitudeID>
  <creationInfo>
    <agencyURI>smi:smi-registry/organization/EMSC</agencyURI>
    <authorURI>smi:smi-registry/organization/EMSC</authorURI>
    <creationTime>2014-12-11T06:45:50.803558Z</creationTime>
  </creationInfo>
  <description>
    <text>ICELAND REGION</text>
    <type>Flinn-Engdahl region</type>
  </description>
  <origin publicID="quakeml:eu.emsc/event/20050115_0000026/origin/1270527">
    <time>
      <value>2005-01-15T10:10:33.4Z</value>
    </time>
    <latitude>
      <value>63.7699</value>
      <uncertainty>9999.9</uncertainty>
    </latitude>
    <longitude>
      <value>-22.8755</value>
      <uncertainty>9999.9</uncertainty>
    </longitude>
    <depth>
      <value>9300.0</value>
    </depth>
    <depthType>from location</depthType>
    <methodID>smi:eu.emsc-csem/origin_method/NA</methodID>
    <quality>
      <usedPhaseCount>36</usedPhaseCount>
      <usedStationCount>20</usedStationCount>
      <standardError>1.57</standardError>
      <azimuthalGap>280</azimuthalGap>
      <minimumDistance>0.21</minimumDistance>
      <maximumDistance>2.12</maximumDistance>
    </quality>
    <evaluationMode>manual</evaluationMode>
    <creationInfo>
      <agencyURI>smi:smi-registry/organization/EMSC</agencyURI>
      <authorURI>smi:smi-registry/organization/EMSC</authorURI>
    </creationInfo>
    <originUncertainty>
      <azimuthMaxHorizontalUncertainty>-99</azimuthMaxHorizontalUncertainty>
    </originUncertainty>
  </origin>
  <magnitude publicID="quakeml:eu.emsc/event/20050115_0000026/origin/1270527/mag/2">
    <mag>
      <value>3.8</value>
    </mag>
    <type>ML</type>
    <originID>quakeml:eu.emsc/event/20050115_0000026/origin/1270527</originID>
    <creationInfo>
      <agencyURI>smi:smi-registry/organization/EMSC</agencyURI>
      <authorURI>smi:smi-registry/organization/EMSC</authorURI>
    </creationInfo>
  </magnitude>
</event>
<event publicID="quakeml:eu.emsc/event/20050115_0000047">
  <preferredOriginID>quakeml:eu.emsc/event/20050115_0000047/origin/1270529</preferredOriginID>
  <preferredMagnitudeID>quakeml:eu.emsc/event/20050115_0000047/origin/1270529/mag/2</preferredMagnitudeID>
  <creationInfo>
    <agencyURI>smi:smi-registry/organization/EMSC</agencyURI>
    <authorURI>smi:smi-registry/organization/EMSC</authorURI>
    <creationTime>2014-12-11T06:45:47.925926Z</creationTime>
  </creationInfo>
  <description>
    <text>EASTERN TURKEY</text>
    <type>Flinn-Engdahl region</type>
  </description>
  <origin publicID="quakeml:eu.emsc/event/20050115_0000047/origin/1270529">
    <time>
      <value>2005-01-15T09:57:25.8Z</value>
    </time>
    <latitude>
      <value>39.892</value>
      <uncertainty>9999.9</uncertainty>
    </latitude>
    <longitude>
      <value>38.991</value>
      <uncertainty>9999.9</uncertainty>
    </longitude>
    <depth>
      <value>5000</value>
    </depth>
    <depthType>from location</depthType>
    <methodID>smi:eu.emsc-csem/origin_method/NA</methodID>
    <quality>
      <usedPhaseCount>10</usedPhaseCount>
      <usedStationCount>7</usedStationCount>
      <standardError>1.14</standardError>
      <azimuthalGap>197</azimuthalGap>
      <minimumDistance>0.31</minimumDistance>
      <maximumDistance>2.11</maximumDistance>
    </quality>
    <evaluationMode>manual</evaluationMode>
    <creationInfo>
      <agencyURI>smi:smi-registry/organization/EMSC</agencyURI>
      <authorURI>smi:smi-registry/organization/EMSC</authorURI>
    </creationInfo>
    <originUncertainty>
      <azimuthMaxHorizontalUncertainty>-99</azimuthMaxHorizontalUncertainty>
    </originUncertainty>
  </origin>
  <magnitude publicID="quakeml:eu.emsc/event/20050115_0000047/origin/1270529/mag/2">
    <mag>
      <value>3.2</value>
    </mag>
    <type>MD</type>
    <originID>quakeml:eu.emsc/event/20050115_0000047/origin/1270529</originID>
    <creationInfo>
      <agencyURI>smi:smi-registry/organization/EMSC</agencyURI>
      <authorURI>smi:smi-registry/organization/EMSC</authorURI>
    </creationInfo>
  </magnitude>
</event>
<event publicID="quakeml:eu.emsc/event/20050115_0000037">
  <preferredOriginID>quakeml:eu.emsc/event/20050115_0000037/origin/1270531</preferredOriginID>
  <preferredMagnitudeID>quakeml:eu.emsc/event/20050115_0000037/origin/1270531/mag/2</preferredMagnitudeID>
  <creationInfo>
    <agencyURI>smi:smi-registry/organization/EMSC</agencyURI>
    <authorURI>smi:smi-registry/organization/EMSC</authorURI>
    <creationTime>2014-12-11T06:45:44.101593Z</creationTime>
  </creationInfo>
  <description>
    <text>EASTERN TURKEY</text>
    <type>Flinn-Engdahl region</type>
  </description>
  <origin publicID="quakeml:eu.emsc/event/20050115_0000037/origin/1270531">
    <time>
      <value>2005-01-15T09:10:49.1Z</value>
    </time>
    <latitude>
      <value>40.1</value>
      <uncertainty>9999.9</uncertainty>
    </latitude>
    <longitude>
      <value>40.875</value>
      <uncertainty>9999.9</uncertainty>
    </longitude>
    <depth>
      <value>79000</value>
    </depth>
    <depthType>from location</depthType>
    <methodID>smi:eu.emsc-csem/origin_method/NA</methodID>
    <quality>
      <usedPhaseCount>8</usedPhaseCount>
      <usedStationCount>5</usedStationCount>
      <standardError>1.05</standardError>
      <azimuthalGap>103</azimuthalGap>
      <minimumDistance>0.34</minimumDistance>
      <maximumDistance>1.46</maximumDistance>
    </quality>
    <evaluationMode>manual</evaluationMode>
    <creationInfo>
      <agencyURI>smi:smi-registry/organization/EMSC</agencyURI>
      <authorURI>smi:smi-registry/organization/EMSC</authorURI>
    </creationInfo>
    <originUncertainty>
      <azimuthMaxHorizontalUncertainty>-99</azimuthMaxHorizontalUncertainty>
    </originUncertainty>
  </origin>
  <magnitude publicID="quakeml:eu.emsc/event/20050115_0000037/origin/1270531/mag/2">
    <mag>
      <value>3</value>
    </mag>
    <type>MD</type>
    <originID>quakeml:eu.emsc/event/20050115_0000037/origin/1270531</originID>
    <creationInfo>
      <agencyURI>smi:smi-registry/organization/EMSC</agencyURI>
      <authorURI>smi:smi-registry/organization/EMSC</authorURI>
    </creationInfo>
  </magnitude>
</event>
<event publicID="quakeml:eu.emsc/event/20050115_0000025">
  <preferredOriginID>quakeml:eu.emsc/event/20050115_0000025/origin/1289495</preferredOriginID>
  <preferredMagnitudeID>quakeml:eu.emsc/event/20050115_0000025/origin/1289495/mag/1</preferredMagnitudeID>
  <creationInfo>
    <agencyURI>smi:smi-registry/organization/EMSC</agencyURI>
    <authorURI>smi:smi-registry/organization/EMSC</authorURI>
    <creationTime>2014-12-03T13:19:00.279963Z</creationTime>
  </creationInfo>
  <description>
    <text>SOUTHERN IRAN</text>
    <type>Flinn-Engdahl region</type>
  </description>
  <origin publicID="quakeml:eu.emsc/event/20050115_0000025/origin/1289495">
    <time>
      <value>2005-01-15T09:05:34.1Z</value>
      <uncertainty>0.18</uncertainty>
    </time>
    <latitude>
      <value>30.4512</value>
      <uncertainty>6.1</uncertainty>
    </latitude>
    <longitude>
      <value>50.5428</value>
      <uncertainty>4.1</uncertainty>
    </longitude>
    <depth>
      <value>45900.0</value>
      <uncertainty>1.6</uncertainty>
    </depth>
    <depthType>from location</depthType>
    <methodID>smi:eu.emsc-csem/origin_method/NA</methodID>
    <quality>
      <usedPhaseCount>67</usedPhaseCount>
      <usedStationCount>63</usedStationCount>
      <standardError>0.85</standardError>
      <azimuthalGap>80</azimuthalGap>
      <minimumDistance>1.9</minimumDistance>
      <maximumDistance>84.12</maximumDistance>
    </quality>
    <evaluationMode>manual</evaluationMode>
    <creationInfo>
      <agencyURI>smi:smi-registry/organization/EMSC</agencyURI>
      <authorURI>smi:smi-registry/organization/EMSC</authorURI>
    </creationInfo>
    <originUncertainty>
      <azimuthMaxHorizontalUncertainty>15</azimuthMaxHorizontalUncertainty>
    </originUncertainty>
  </origin>
  <magnitude publicID="quakeml:eu.emsc/event/20050115_0000025/origin/1289495/mag/1">
    <mag>
      <value>4.2</value>
      <uncertainty>0.4</uncertainty>
    </mag>
    <type>mb</type>
    <originID>quakeml:eu.emsc/event/20050115_0000025/origin/1289495</originID>
    <stationCount>21</stationCount>
    <creationInfo>
      <agencyURI>smi:smi-registry/organization/EMSC</agencyURI>
      <authorURI>smi:smi-registry/organization/EMSC</authorURI>
    </creationInfo>
  </magnitude>
</event>
<event publicID="quakeml:eu.emsc/event/20050115_0000036">
  <preferredOriginID>quakeml:eu.emsc/event/20050115_0000036/origin/1270533</preferredOriginID>
  <preferredMagnitudeID>quakeml:eu.emsc/event/20050115_0000036/origin/1270533/mag/2</preferredMagnitudeID>
  <creationInfo>
    <agencyURI>smi:smi-registry/organization/EMSC</agencyURI>
    <authorURI>smi:smi-registry/organization/EMSC</authorURI>
    <creationTime>2014-12-11T06:45:37.451394Z</creationTime>
  </creationInfo>
  <description>
    <text>NORTHERN ALGERIA</text>
    <type>Flinn-Engdahl region</type>
  </description>
  <origin publicID="quakeml:eu.emsc/event/20050115_0000036/origin/1270533">
    <time>
      <value>2005-01-15T08:18:37.4Z</value>
    </time>
    <latitude>
      <value>36.474</value>
      <uncertainty>9999.9</uncertainty>
    </latitude>
    <longitude>
      <value>6.924</value>
      <uncertainty>9999.9</uncertainty>
    </longitude>
    <depth>
      <value>0</value>
    </depth>
    <depthType>from location</depthType>
    <methodID>smi:eu.emsc-csem/origin_method/NA</methodID>
    <quality>
      <usedPhaseCount>9</usedPhaseCount>
      <usedStationCount>9</usedStationCount>
      <standardError>2.08</standardError>
      <azimuthalGap>111</azimuthalGap>
      <minimumDistance>0.18</minimumDistance>
      <maximumDistance>1.26</maximumDistance>
    </quality>
    <evaluationMode>manual</evaluationMode>
    <creationInfo>
      <agencyURI>smi:smi-registry/organization/EMSC</agencyURI>
      <authorURI>smi:smi-registry/organization/EMSC</authorURI>
    </creationInfo>
    <originUncertainty>
      <azimuthMaxHorizontalUncertainty>-99</azimuthMaxHorizontalUncertainty>
    </originUncertainty>
  </origin>
  <magnitude publicID="quakeml:eu.emsc/event/20050115_0000036/origin/1270533/mag/2">
    <mag>
      <value>2.9</value>
    </mag>
    <type>ML</type>
    <originID>quakeml:eu.emsc/event/20050115_0000036/origin/1270533</originID>
    <creationInfo>
      <agencyURI>smi:smi-registry/organization/EMSC</agencyURI>
      <authorURI>smi:smi-registry/organization/EMSC</authorURI>
    </creationInfo>
  </magnitude>
</event>
<event publicID="quakeml:eu.emsc/event/20050115_0000024">
  <preferredOriginID>quakeml:eu.emsc/event/20050115_0000024/origin/CA143</preferredOriginID>
  <preferredMagnitudeID>quakeml:eu.emsc/event/20050115_0000024/origin/CA143/mag/1</preferredMagnitudeID>
  <creationInfo>
    <agencyURI>smi:smi-registry/organization/EMSC</agencyURI>
    <authorURI>smi:smi-registry/organization/EMSC</authorURI>
    <creationTime>2014-12-01T13:49:40.633119Z</creationTime>
  </creationInfo>
  <description>
    <text>ANDAMAN ISLANDS, INDIA REGION</text>
    <type>Flinn-Engdahl region</type>
  </description>
  <origin publicID="quakeml:eu.emsc/event/20050115_0000024/origin/CA143">
    <time>
      <value>2005-01-15T07:46:53.6Z</value>
      <uncertainty>0.14</uncertainty>
    </time>
    <latitude>
      <value>14.71</value>
    </latitude>
    <longitude>
      <value>92.42</value>
    </longitude>
    <depth>
      <value>33000.0</value>
    </depth>
    <depthType>from location</depthType>
    <methodID>smi:eu.emsc-csem/origin_method/NA</methodID>
    <quality>
      <usedPhaseCount>98</usedPhaseCount>
      <usedStationCount>85</usedStationCount>
      <standardError>0.86</standardError>
      <azimuthalGap>175</azimuthalGap>
      <minimumDistance>31.83</minimumDistance>
      <maximumDistance>81.21</maximumDistance>
    </quality>
    <evaluationMode>automatic</evaluationMode>
    <creationInfo>
      <agencyURI>smi:smi-registry/organization/EMSC</agencyURI>
      <authorURI>smi:smi-registry/organization/EMSC</authorURI>
    </creationInfo>
  </origin>
  <magnitude publicID="quakeml:eu.emsc/event/20050115_0000024/origin/CA143/mag/1">
    <mag>
      <value>5.4</value>
      <uncertainty>0.3</uncertainty>
    </mag>
    <type>mb</type>
    <originID>quakeml:eu.emsc/event/20050115_0000024/origin/CA143</originID>
    <stationCount>43</stationCount>
    <creationInfo>
      <agencyURI>smi:smi-registry/organization/EMSC</agencyURI>
      <authorURI>smi:smi-registry/organization/EMSC</authorURI>
    </creationInfo>
  </magnitude>
</event>
<event publicID="quakeml:eu.emsc/event/20050115_0000046">
  <preferredOriginID>quakeml:eu.emsc/event/20050115_0000046/origin/1270535</preferredOriginID>
  <preferredMagnitudeID>quakeml:eu.emsc/event/20050115_0000046/origin/1270535/mag/2</preferredMagnitudeID>
  <creationInfo>
    <agencyURI>smi:smi-registry/organization/EMSC</agencyURI>
    <authorURI>smi:smi-registry/organization/EMSC</authorURI>
    <creationTime>2014-12-10T17:57:12.467419Z</creationTime>
  </creationInfo>
  <description>
    <text>SWITZERLAND</text>
    <type>Flinn-Engdahl region</type>
  </description>
  <origin publicID="quakeml:eu.emsc/event/20050115_0000046/origin/1270535">
    <time>
      <value>2005-01-15T07:16:58.3Z</value>
    </time>
    <latitude>
      <value>46.317</value>
      <uncertainty>9999.9</uncertainty>
    </latitude>
    <longitude>
      <value>7.37</value>
      <uncertainty>9999.9</uncertainty>
    </longitude>
    <depth>
      <value>3200.0</value>
    </depth>
    <depthType>from location</depthType>
    <methodID>smi:eu.emsc-csem/origin_method/NA</methodID>
    <quality>
      <usedPhaseCount>8</usedPhaseCount>
      <usedStationCount>4</usedStationCount>
      <standardError>0.4</standardError>
      <azimuthalGap>114</azimuthalGap>
      <minimumDistance>0.07</minimumDistance>
      <maximumDistance>0.24</maximumDistance>
    </quality>
    <evaluationMode>manual</evaluationMode>
    <creationInfo>
      <agencyURI>smi:smi-registry/organization/EMSC</agencyURI>
      <authorURI>smi:smi-registry/organization/EMSC</authorURI>
    </creationInfo>
    <originUncertainty>
      <azimuthMaxHorizontalUncertainty>-99</azimuthMaxHorizontalUncertainty>
    </originUncertainty>
  </origin>
  <magnitude publicID="quakeml:eu.emsc/event/20050115_0000046/origin/1270535/mag/2">
    <mag>
      <value>0.8</value>
    </mag>
    <type>ML</type>
    <originID>quakeml:eu.emsc/event/20050115_0000046/origin/1270535</originID>
    <stationCount>3</stationCount>
    <creationInfo>
      <agencyURI>smi:smi-registry/organization/EMSC</agencyURI>
      <authorURI>smi:smi-registry/organization/EMSC</authorURI>
    </creationInfo>
  </magnitude>
</event>
<event publicID="quakeml:eu.emsc/event/20050115_0000023">
  <preferredOriginID>quakeml:eu.emsc/event/20050115_0000023/origin/1289502</preferredOriginID>
  <preferredMagnitudeID>quakeml:eu.emsc/event/20050115_0000023/origin/1289502/mag/1</preferredMagnitudeID>
  <creationInfo>
    <agencyURI>smi:smi-registry/organization/EMSC</agencyURI>
    <authorURI>smi:smi-registry/organization/EMSC</authorURI>
    <creationTime>2014-12-03T14:36:44.802556Z</creationTime>
  </creationInfo>
  <description>
    <text>PYRENEES</text>
    <type>Flinn-Engdahl region</type>
  </description>
  <origin publicID="quakeml:eu.emsc/event/20050115_0000023/origin/1289502">
    <time>
      <value>2005-01-15T07:13:06.2Z</value>
      <uncertainty>0.09</uncertainty>
    </time>
    <latitude>
      <value>42.8612</value>
      <uncertainty>2.2</uncertainty>
    </latitude>
    <longitude>
      <value>0.83</value>
      <uncertainty>1.7</uncertainty>
    </longitude>
    <depth>
      <value>12000</value>
    </depth>
    <depthType>from location</depthType>
    <methodID>smi:eu.emsc-csem/origin_method/NA</methodID>
    <quality>
      <usedPhaseCount>180</usedPhaseCount>
      <usedStationCount>92</usedStationCount>
      <standardError>1.19</standardError>
      <azimuthalGap>36</azimuthalGap>
      <minimumDistance>0.05</minimumDistance>
      <maximumDistance>7.89</maximumDistance>
    </quality>
    <evaluationMode>manual</evaluationMode>
    <creationInfo>
      <agencyURI>smi:smi-registry/organization/EMSC</agencyURI>
      <authorURI>smi:smi-registry/organization/EMSC</authorURI>
    </creationInfo>
    <originUncertainty>
      <azimuthMaxHorizontalUncertainty>153</azimuthMaxHorizontalUncertainty>
    </originUncertainty>
  </origin>
  <magnitude publicID="quakeml:eu.emsc/event/20050115_0000023/origin/1289502/mag/1">
    <mag>
      <value>3.6</value>
      <uncertainty>0.4</uncertainty>
    </mag>
    <type>ML</type>
    <originID>quakeml:eu.emsc/event/20050115_0000023/origin/1289502</originID>
    <stationCount>37</stationCount>
    <creationInfo>
      <agencyURI>smi:smi-registry/organization/EMSC</agencyURI>
      <authorURI>smi:smi-registry/organization/EMSC</authorURI>
    </creationInfo>
  </magnitude>
</event>
<event publicID="quakeml:eu.emsc/event/20050115_0000051">
  <preferredOriginID>quakeml:eu.emsc/event/20050115_0000051/origin/1270537</preferredOriginID>
  <preferredMagnitudeID>quakeml:eu.emsc/event/20050115_0000051/origin/1270537/mag/2</preferredMagnitudeID>
  <creationInfo>
    <agencyURI>smi:smi-registry/organization/EMSC</agencyURI>
    <authorURI>smi:smi-registry/organization/EMSC</authorURI>
    <creationTime>2014-12-11T06:45:33.80483Z</creationTime>
  </creationInfo>
  <description>
    <text>NEAR THE COAST OF WESTERN TURKEY</text>
    <type>Flinn-Engdahl region</type>
  </description>
  <origin publicID="quakeml:eu.emsc/event/20050115_0000051/origin/1270537">
    <time>
      <value>2005-01-15T07:09:12.2Z</value>
    </time>
    <latitude>
      <value>38.638</value>
      <uncertainty>9999.9</uncertainty>
    </latitude>
    <longitude>
      <value>26.847</value>
      <uncertainty>9999.9</uncertainty>
    </longitude>
    <depth>
      <value>34000</value>
    </depth>
    <depthType>from location</depthType>
    <methodID>smi:eu.emsc-csem/origin_method/NA</methodID>
    <quality>
      <usedPhaseCount>8</usedPhaseCount>
      <usedStationCount>5</usedStationCount>
      <standardError>0.83</standardError>
      <azimuthalGap>249</azimuthalGap>
      <minimumDistance>0.3</minimumDistance>
      <maximumDistance>1.68</maximumDistance>
    </quality>
    <evaluationMode>manual</evaluationMode>
    <creationInfo>
      <agencyURI>smi:smi-registry/organization/EMSC</agencyURI>
      <authorURI>smi:smi-registry/organization/EMSC</authorURI>
    </creationInfo>
    <originUncertainty>
      <azimuthMaxHorizontalUncertainty>-99</azimuthMaxHorizontalUncertainty>
    </originUncertainty>
  </origin>
  <magnitude publicID="quakeml:eu.emsc/event/20050115_0000051/origin/1270537/mag/2">
    <mag>
      <value>2.8</value>
    </mag>
    <type>MD</type>
    <originID>quakeml:eu.emsc/event/20050115_0000051/origin/1270537</originID>
    <creationInfo>
      <agencyURI>smi:smi-registry/organization/EMSC</agencyURI>
      <authorURI>smi:smi-registry/organization/EMSC</authorURI>
    </creationInfo>
  </magnitude>
</event>
<event publicID="quakeml:eu.emsc/event/20050115_0000043">
  <preferredOriginID>quakeml:eu.emsc/event/20050115_0000043/origin/1270539</preferredOriginID>
  <preferredMagnitudeID>quakeml:eu.emsc/event/20050115_0000043/origin/1270539/mag/2</preferredMagnitudeID>
  <creationInfo>
    <agencyURI>smi:smi-registry/organization/EMSC</agencyURI>
    <authorURI>smi:smi-registry/organization/EMSC</authorURI>
    <creationTime>2014-12-11T06:45:29.804874Z</creationTime>
  </creationInfo>
  <description>
    <text>EASTERN TURKEY</text>
    <type>Flinn-Engdahl region</type>
  </description>
  <origin publicID="quakeml:eu.emsc/event/20050115_0000043/origin/1270539">
    <time>
      <value>2005-01-15T06:58:16.4Z</value>
    </time>
    <latitude>
      <value>39.203</value>
      <uncertainty>9999.9</uncertainty>
    </latitude>
    <longitude>
      <value>41.492</value>
      <uncertainty>9999.9</uncertainty>
    </longitude>
    <depth>
      <value>22000</value>
    </depth>
    <depthType>from location</depthType>
    <methodID>smi:eu.emsc-csem/origin_method/NA</methodID>
    <quality>
      <usedPhaseCount>8</usedPhaseCount>
      <usedStationCount>5</usedStationCount>
      <standardError>1.24</standardError>
      <azimuthalGap>174</azimuthalGap>
      <minimumDistance>0.08</minimumDistance>
      <maximumDistance>1.66</maximumDistance>
    </quality>
    <evaluationMode>manual</evaluationMode>
    <creationInfo>
      <agencyURI>smi:smi-registry/organization/EMSC</agencyURI>
      <authorURI>smi:smi-registry/organization/EMSC</authorURI>
    </creationInfo>
    <originUncertainty>
      <azimuthMaxHorizontalUncertainty>-99</azimuthMaxHorizontalUncertainty>
    </originUncertainty>
  </origin>
  <magnitude publicID="quakeml:eu.emsc/event/20050115_0000043/origin/1270539/mag/2">
    <mag>
      <value>2.9</value>
    </mag>
    <type>MD</type>
    <originID>quakeml:eu.emsc/event/20050115_0000043/origin/1270539</originID>
    <creationInfo>
      <agencyURI>smi:smi-registry/organization/EMSC</agencyURI>
      <authorURI>smi:smi-registry/organization/EMSC</authorURI>
    </creationInfo>
  </magnitude>
</event>
<event publicID="quakeml:eu.emsc/event/20050115_0000065">
  <preferredOriginID>quakeml:eu.emsc/event/20050115_0000065/origin/1270541</preferredOriginID>
  <preferredMagnitudeID>quakeml:eu.emsc/event/20050115_0000065/origin/1270541/mag/2</preferredMagnitudeID>
  <creationInfo>
    <agencyURI>smi:smi-registry/organization/EMSC</agencyURI>
    <authorURI>smi:smi-registry/organization/EMSC</authorURI>
    <creationTime>2014-12-11T06:45:26.936369Z</creationTime>
  </creationInfo>
  <description>
    <text>GREECE</text>
    <type>Flinn-Engdahl region</type>
  </description>
  <origin publicID="quakeml:eu.emsc/event/20050115_0000065/origin/1270541">
    <time>
      <value>2005-01-15T06:19:31.0Z</value>
    </time>
    <latitude>
      <value>38.35</value>
      <uncertainty>9999.9</uncertainty>
    </latitude>
    <longitude>
      <value>23.74</value>
      <uncertainty>9999.9</uncertainty>
    </longitude>
    <depth>
      <value>7000</value>
    </depth>
    <depthType>from location</depthType>
    <methodID>smi:eu.emsc-csem/origin_method/NA</methodID>
    <quality>
      <usedPhaseCount>4</usedPhaseCount>
      <usedStationCount>4</usedStationCount>
      <standardError>0.69</standardError>
      <azimuthalGap>314</azimuthalGap>
      <minimumDistance>0.2</minimumDistance>
      <maximumDistance>0.62</maximumDistance>
    </quality>
    <evaluationMode>manual</evaluationMode>
    <creationInfo>
      <agencyURI>smi:smi-registry/organization/EMSC</agencyURI>
      <authorURI>smi:smi-registry/organization/EMSC</authorURI>
    </creationInfo>
    <originUncertainty>
      <azimuthMaxHorizontalUncertainty>-99</azimuthMaxHorizontalUncertainty>
    </originUncertainty>
  </origin>
  <magnitude publicID="quakeml:eu.emsc/event/20050115_0000065/origin/1270541/mag/2">
    <mag>
      <value>3.1</value>
    </mag>
    <type>MD</type>
    <originID>quakeml:eu.emsc/event/20050115_0000065/origin/1270541</originID>
    <creationInfo>
      <agencyURI>smi:smi-registry/organization/EMSC</agencyURI>
      <authorURI>smi:smi-registry/organization/EMSC</authorURI>
    </creationInfo>
  </magnitude>
</event>
<event publicID="quakeml:eu.emsc/event/20050115_0000058">
  <preferredOriginID>quakeml:eu.emsc/event/20050115_0000058/origin/1289505</preferredOriginID>
  <preferredMagnitudeID>quakeml:eu.emsc/event/20050115_0000058/origin/1289505/mag/2</preferredMagnitudeID>
  <creationInfo>
    <agencyURI>smi:smi-registry/organization/EMSC</agencyURI>
    <authorURI>smi:smi-registry/organization/EMSC</authorURI>
    <creationTime>2014-12-03T10:29:07.761782Z</creationTime>
  </creationInfo>
  <description>
    <text>WESTERN IRAN</text>
    <type>Flinn-Engdahl region</type>
  </description>
  <origin publicID="quakeml:eu.emsc/event/20050115_0000058/origin/1289505">
    <time>
      <value>2005-01-15T05:46:52.0Z</value>
      <uncertainty>0.72</uncertainty>
    </time>
    <latitude>
      <value>33.3299</value>
      <uncertainty>19</uncertainty>
    </latitude>
    <longitude>
      <value>48.1053</value>
      <uncertainty>8.8</uncertainty>
    </longitude>
    <depth>
      <value>15000</value>
    </depth>
    <depthType>from location</depthType>
    <methodID>smi:eu.emsc-csem/origin_method/NA</methodID>
    <quality>
      <usedPhaseCount>14</usedPhaseCount>
      <usedStationCount>12</usedStationCount>
      <standardError>1.02</standardError>
      <azimuthalGap>186</azimuthalGap>
      <minimumDistance>1.35</minimumDistance>
      <maximumDistance>4.48</maximumDistance>
    </quality>
    <evaluationMode>manual</evaluationMode>
    <creationInfo>
      <agencyURI>smi:smi-registry/organization/EMSC</agencyURI>
      <authorURI>smi:smi-registry/organization/EMSC</authorURI>
    </creationInfo>
    <originUncertainty>
      <azimuthMaxHorizontalUncertainty>76</azimuthMaxHorizontalUncertainty>
    </originUncertainty>
  </origin>
  <magnitude publicID="quakeml:eu.emsc/event/20050115_0000058/origin/1289505/mag/2">
    <mag>
      <value>3.3</value>
    </mag>
    <type>ML</type>
    <originID>quakeml:eu.emsc/event/20050115_0000058/origin/1289505</originID>
    <creationInfo>
      <agencyURI>smi:smi-registry/organization/EMSC</agencyURI>
      <authorURI>smi:smi-registry/organization/EMSC</authorURI>
    </creationInfo>
  </magnitude>
</event>
<event publicID="quakeml:eu.emsc/event/20050115_0000022">
  <preferredOriginID>quakeml:eu.emsc/event/20050115_0000022/origin/CA144</preferredOriginID>
  <preferredMagnitudeID>quakeml:eu.emsc/event/20050115_0000022/origin/CA144/mag/1</preferredMagnitudeID>
  <creationInfo>
    <agencyURI>smi:smi-registry/organization/EMSC</agencyURI>
    <authorURI>smi:smi-registry/organization/EMSC</authorURI>
    <creationTime>2014-12-01T15:20:32.926279Z</creationTime>
  </creationInfo>
  <description>
    <text>TANZANIA</text>
    <type>Flinn-Engdahl region</type>
  </description>
  <origin publicID="quakeml:eu.emsc/event/20050115_0000022/origin/CA144">
    <time>
      <value>2005-01-15T05:13:02.6Z</value>
      <uncertainty>0.55</uncertainty>
    </time>
    <latitude>
      <value>-7.49</value>
    </latitude>
    <longitude>
      <value>39.17</value>
    </longitude>
    <depth>
      <value>33000.0</value>
    </depth>
    <depthType>from location</depthType>
    <methodID>smi:eu.emsc-csem/origin_method/NA</methodID>
    <quality>
      <usedPhaseCount>54</usedPhaseCount>
      <usedStationCount>41</usedStationCount>
      <standardError>0.61</standardError>
      <azimuthalGap>307</azimuthalGap>
      <minimumDistance>45.57</minimumDistance>
      <maximumDistance>77.42</maximumDistance>
    </quality>
    <evaluationMode>automatic</evaluationMode>
    <creationInfo>
      <agencyURI>smi:smi-registry/organization/EMSC</agencyURI>
      <authorURI>smi:smi-registry/organization/EMSC</authorURI>
    </creationInfo>
  </origin>
  <magnitude publicID="quakeml:eu.emsc/event/20050115_0000022/origin/CA144/mag/1">
    <mag>
      <value>5.3</value>
      <uncertainty>0.4</uncertainty>
    </mag>
    <type>mb</type>
    <originID>quakeml:eu.emsc/event/20050115_0000022/origin/CA144</originID>
    <stationCount>39</stationCount>
    <creationInfo>
      <agencyURI>smi:smi-registry/organization/EMSC</agencyURI>
      <authorURI>smi:smi-registry/organization/EMSC</authorURI>
    </creationInfo>
  </magnitude>
</event>
<event publicID="quakeml:eu.emsc/event/20050115_0000021">
  <preferredOriginID>quakeml:eu.emsc/event/20050115_0000021/origin/CA794</preferredOriginID>
  <preferredMagnitudeID>quakeml:eu.emsc/event/20050115_0000021/origin/CA794/mag/1</preferredMagnitudeID>
  <creationInfo>
    <agencyURI>smi:smi-registry/organization/EMSC</agencyURI>
    <authorURI>smi:smi-registry/organization/EMSC</authorURI>
    <creationTime>2014-12-01T13:11:16.398389Z</creationTime>
  </creationInfo>
  <description>
    <text>MINAHASA, SULAWESI, INDONESIA</text>
    <type>Flinn-Engdahl region</type>
  </description>
  <origin publicID="quakeml:eu.emsc/event/20050115_0000021/origin/CA794">
    <time>
      <value>2005-01-15T05:00:20.8Z</value>
      <uncertainty>0.14</uncertainty>
    </time>
    <latitude>
      <value>0.05</value>
    </latitude>
    <longitude>
      <value>123.5</value>
    </longitude>
    <depth>
      <value>33000.0</value>
    </depth>
    <depthType>from location</depthType>
    <methodID>smi:eu.emsc-csem/origin_method/NA</methodID>
    <quality>
      <usedPhaseCount>38</usedPhaseCount>
      <usedStationCount>37</usedStationCount>
      <standardError>0.98</standardError>
      <azimuthalGap>116</azimuthalGap>
      <minimumDistance>22.52</minimumDistance>
      <maximumDistance>120.71</maximumDistance>
    </quality>
    <evaluationMode>automatic</evaluationMode>
    <creationInfo>
      <agencyURI>smi:smi-registry/organization/EMSC</agencyURI>
      <authorURI>smi:smi-registry/organization/EMSC</authorURI>
    </creationInfo>
  </origin>
  <magnitude publicID="quakeml:eu.emsc/event/20050115_0000021/origin/CA794/mag/1">
    <mag>
      <value>5.6</value>
      <uncertainty>0.4</uncertainty>
    </mag>
    <type>mb</type>
    <originID>quakeml:eu.emsc/event/20050115_0000021/origin/CA794</originID>
    <stationCount>5</stationCount>
    <creationInfo>
      <agencyURI>smi:smi-registry/organization/EMSC</agencyURI>
      <authorURI>smi:smi-registry/organization/EMSC</authorURI>
    </creationInfo>
  </magnitude>
</event>
<event publicID="quakeml:eu.emsc/event/20050115_0000040">
  <preferredOriginID>quakeml:eu.emsc/event/20050115_0000040/origin/1270543</preferredOriginID>
  <preferredMagnitudeID>quakeml:eu.emsc/event/20050115_0000040/origin/1270543/mag/2</preferredMagnitudeID>
  <creationInfo>
    <agencyURI>smi:smi-registry/organization/EMSC</agencyURI>
    <authorURI>smi:smi-registry/organization/EMSC</authorURI>
    <creationTime>2014-12-11T06:45:20.291548Z</creationTime>
  </creationInfo>
  <description>
    <text>NORTHERN ALGERIA</text>
    <type>Flinn-Engdahl region</type>
  </description>
  <origin publicID="quakeml:eu.emsc/event/20050115_0000040/origin/1270543">
    <time>
      <value>2005-01-15T03:36:46.9Z</value>
    </time>
    <latitude>
      <value>36.499</value>
      <uncertainty>9999.9</uncertainty>
    </latitude>
    <longitude>
      <value>6.781</value>
      <uncertainty>9999.9</uncertainty>
    </longitude>
    <depth>
      <value>0</value>
    </depth>
    <depthType>from location</depthType>
    <methodID>smi:eu.emsc-csem/origin_method/NA</methodID>
    <quality>
      <usedPhaseCount>9</usedPhaseCount>
      <usedStationCount>9</usedStationCount>
      <standardError>6.15</standardError>
      <azimuthalGap>97</azimuthalGap>
      <minimumDistance>0.11</minimumDistance>
      <maximumDistance>1.15</maximumDistance>
    </quality>
    <evaluationMode>manual</evaluationMode>
    <creationInfo>
      <agencyURI>smi:smi-registry/organization/EMSC</agencyURI>
      <authorURI>smi:smi-registry/organization/EMSC</authorURI>
    </creationInfo>
    <originUncertainty>
      <azimuthMaxHorizontalUncertainty>-99</azimuthMaxHorizontalUncertainty>
    </originUncertainty>
  </origin>
  <magnitude publicID="quakeml:eu.emsc/event/20050115_0000040/origin/1270543/mag/2">
    <mag>
      <value>3.5</value>
    </mag>
    <type>ML</type>
    <originID>quakeml:eu.emsc/event/20050115_0000040/origin/1270543</originID>
    <creationInfo>
      <agencyURI>smi:smi-registry/organization/EMSC</agencyURI>
      <authorURI>smi:smi-registry/organization/EMSC</authorURI>
    </creationInfo>
  </magnitude>
</event>
<event publicID="quakeml:eu.emsc/event/20050115_0000042">
  <preferredOriginID>quakeml:eu.emsc/event/20050115_0000042/origin/1270545</preferredOriginID>
  <preferredMagnitudeID>quakeml:eu.emsc/event/20050115_0000042/origin/1270545/mag/2</preferredMagnitudeID>
  <creationInfo>
    <agencyURI>smi:smi-registry/organization/EMSC</agencyURI>
    <authorURI>smi:smi-registry/organization/EMSC</authorURI>
    <creationTime>2014-12-11T06:45:08.87118Z</creationTime>
  </creationInfo>
  <description>
    <text>WESTERN TURKEY</text>
    <type>Flinn-Engdahl region</type>
  </description>
  <origin publicID="quakeml:eu.emsc/event/20050115_0000042/origin/1270545">
    <time>
      <value>2005-01-15T02:19:26.8Z</value>
    </time>
    <latitude>
      <value>39.176</value>
      <uncertainty>9999.9</uncertainty>
    </latitude>
    <longitude>
      <value>27.787</value>
      <uncertainty>9999.9</uncertainty>
    </longitude>
    <depth>
      <value>12000</value>
    </depth>
    <depthType>from location</depthType>
    <methodID>smi:eu.emsc-csem/origin_method/NA</methodID>
    <quality>
      <usedPhaseCount>7</usedPhaseCount>
      <usedStationCount>4</usedStationCount>
      <standardError>1.06</standardError>
      <azimuthalGap>160</azimuthalGap>
      <minimumDistance>0.47</minimumDistance>
      <maximumDistance>1.17</maximumDistance>
    </quality>
    <evaluationMode>manual</evaluationMode>
    <creationInfo>
      <agencyURI>smi:smi-registry/organization/EMSC</agencyURI>
      <authorURI>smi:smi-registry/organization/EMSC</authorURI>
    </creationInfo>
    <originUncertainty>
      <azimuthMaxHorizontalUncertainty>-99</azimuthMaxHorizontalUncertainty>
    </originUncertainty>
  </origin>
  <magnitude publicID="quakeml:eu.emsc/event/20050115_0000042/origin/1270545/mag/2">
    <mag>
      <value>3</value>
    </mag>
    <type>MD</type>
    <originID>quakeml:eu.emsc/event/20050115_0000042/origin/1270545</originID>
    <creationInfo>
      <agencyURI>smi:smi-registry/organization/EMSC</agencyURI>
      <authorURI>smi:smi-registry/organization/EMSC</authorURI>
    </creationInfo>
  </magnitude>
</event>
<event publicID="quakeml:eu.emsc/event/20050115_0000064">
  <preferredOriginID>quakeml:eu.emsc/event/20050115_0000064/origin/1270547</preferredOriginID>
  <preferredMagnitudeID>quakeml:eu.emsc/event/20050115_0000064/origin/1270547/mag/2</preferredMagnitudeID>
  <creationInfo>
    <agencyURI>smi:smi-registry/organization/EMSC</agencyURI>
    <authorURI>smi:smi-registry/organization/EMSC</authorURI>
    <creationTime>2014-12-11T06:45:01.778096Z</creationTime>
  </creationInfo>
  <description>
    <text>FRANCE</text>
    <type>Flinn-Engdahl region</type>
  </description>
  <origin publicID="quakeml:eu.emsc/event/20050115_0000064/origin/1270547">
    <time>
      <value>2005-01-15T02:17:09.5Z</value>
    </time>
    <latitude>
      <value>48.34</value>
      <uncertainty>9999.9</uncertainty>
    </latitude>
    <longitude>
      <value>6.69</value>
      <uncertainty>9999.9</uncertainty>
    </longitude>
    <depth>
      <value>10000</value>
    </depth>
    <depthType>from location</depthType>
    <methodID>smi:eu.emsc-csem/origin_method/NA</methodID>
    <quality>
      <usedPhaseCount>9</usedPhaseCount>
      <usedStationCount>6</usedStationCount>
      <standardError>0.37</standardError>
      <azimuthalGap>151</azimuthalGap>
      <minimumDistance>0.34</minimumDistance>
      <maximumDistance>1</maximumDistance>
    </quality>
    <evaluationMode>manual</evaluationMode>
    <creationInfo>
      <agencyURI>smi:smi-registry/organization/EMSC</agencyURI>
      <authorURI>smi:smi-registry/organization/EMSC</authorURI>
    </creationInfo>
    <originUncertainty>
      <azimuthMaxHorizontalUncertainty>-99</azimuthMaxHorizontalUncertainty>
    </originUncertainty>
  </origin>
  <magnitude publicID="quakeml:eu.emsc/event/20050115_0000064/origin/1270547/mag/2">
    <mag>
      <value>2</value>
    </mag>
    <type>ML</type>
    <originID>quakeml:eu.emsc/event/20050115_0000064/origin/1270547</originID>
    <creationInfo>
      <agencyURI>smi:smi-registry/organization/EMSC</agencyURI>
      <authorURI>smi:smi-registry/organization/EMSC</authorURI>
    </creationInfo>
  </magnitude>
</event>
<event publicID="quakeml:eu.emsc/event/20050115_0000060">
  <preferredOriginID>quakeml:eu.emsc/event/20050115_0000060/origin/1270549</preferredOriginID>
  <preferredMagnitudeID>quakeml:eu.emsc/event/20050115_0000060/origin/1270549/mag/2</preferredMagnitudeID>
  <creationInfo>
    <agencyURI>smi:smi-registry/organization/EMSC</agencyURI>
    <authorURI>smi:smi-registry/organization/EMSC</authorURI>
    <creationTime>2014-12-11T06:45:04.153843Z</creationTime>
  </creationInfo>
  <description>
    <text>ROMANIA</text>
    <type>Flinn-Engdahl region</type>
  </description>
  <origin publicID="quakeml:eu.emsc/event/20050115_0000060/origin/1270549">
    <time>
      <value>2005-01-15T02:11:06.7Z</value>
    </time>
    <latitude>
      <value>45.413</value>
      <uncertainty>9999.9</uncertainty>
    </latitude>
    <longitude>
      <value>25.927</value>
      <uncertainty>9999.9</uncertainty>
    </longitude>
    <depth>
      <value>7700.0</value>
    </depth>
    <depthType>from location</depthType>
    <methodID>smi:eu.emsc-csem/origin_method/NA</methodID>
    <quality>
      <usedPhaseCount>11</usedPhaseCount>
      <usedStationCount>6</usedStationCount>
      <standardError>3.15</standardError>
      <azimuthalGap>135</azimuthalGap>
      <minimumDistance>0.08</minimumDistance>
      <maximumDistance>2.26</maximumDistance>
    </quality>
    <evaluationMode>manual</evaluationMode>
    <creationInfo>
      <agencyURI>smi:smi-registry/organization/EMSC</agencyURI>
      <authorURI>smi:smi-registry/organization/EMSC</authorURI>
    </creationInfo>
    <originUncertainty>
      <azimuthMaxHorizontalUncertainty>-99</azimuthMaxHorizontalUncertainty>
    </originUncertainty>
  </origin>
  <magnitude publicID="quakeml:eu.emsc/event/20050115_0000060/origin/1270549/mag/2">
    <mag>
      <value>3.1</value>
      <uncertainty>0.2</uncertainty>
    </mag>
    <type>MD</type>
    <originID>quakeml:eu.emsc/event/20050115_0000060/origin/1270549</originID>
    <stationCount>3</stationCount>
    <creationInfo>
      <agencyURI>smi:smi-registry/organization/EMSC</agencyURI>
      <authorURI>smi:smi-registry/organization/EMSC</authorURI>
    </creationInfo>
  </magnitude>
</event>
<event publicID="quakeml:eu.emsc/event/20050115_0000044">
  <preferredOriginID>quakeml:eu.emsc/event/20050115_0000044/origin/1289508</preferredOriginID>
  <preferredMagnitudeID>quakeml:eu.emsc/event/20050115_0000044/origin/1289508/mag/2</preferredMagnitudeID>
  <creationInfo>
    <agencyURI>smi:smi-registry/organization/EMSC</agencyURI>
    <authorURI>smi:smi-registry/organization/EMSC</authorURI>
    <creationTime>2014-12-03T11:59:10.157026Z</creationTime>
  </creationInfo>
  <description>
    <text>DODECANESE ISLANDS, GREECE</text>
    <type>Flinn-Engdahl region</type>
  </description>
  <origin publicID="quakeml:eu.emsc/event/20050115_0000044/origin/1289508">
    <time>
      <value>2005-01-15T02:06:30.4Z</value>
      <uncertainty>0.47</uncertainty>
    </time>
    <latitude>
      <value>36.961</value>
      <uncertainty>8.9</uncertainty>
    </latitude>
    <longitude>
      <value>27.8947</value>
      <uncertainty>7.7</uncertainty>
    </longitude>
    <depth>
      <value>24200.0</value>
      <uncertainty>5.3</uncertainty>
    </depth>
    <depthType>from location</depthType>
    <methodID>smi:eu.emsc-csem/origin_method/NA</methodID>
    <quality>
      <usedPhaseCount>11</usedPhaseCount>
      <usedStationCount>10</usedStationCount>
      <standardError>0.64</standardError>
      <azimuthalGap>71</azimuthalGap>
      <minimumDistance>0.35</minimumDistance>
      <maximumDistance>1.92</maximumDistance>
    </quality>
    <evaluationMode>manual</evaluationMode>
    <creationInfo>
      <agencyURI>smi:smi-registry/organization/EMSC</agencyURI>
      <authorURI>smi:smi-registry/organization/EMSC</authorURI>
    </creationInfo>
    <originUncertainty>
      <azimuthMaxHorizontalUncertainty>57</azimuthMaxHorizontalUncertainty>
    </originUncertainty>
  </origin>
  <magnitude publicID="quakeml:eu.emsc/event/20050115_0000044/origin/1289508/mag/2">
    <mag>
      <value>3.2</value>
    </mag>
    <type>MD</type>
    <originID>quakeml:eu.emsc/event/20050115_0000044/origin/1289508</originID>
    <creationInfo>
      <agencyURI>smi:smi-registry/organization/EMSC</agencyURI>
      <authorURI>smi:smi-registry/organization/EMSC</authorURI>
    </creationInfo>
  </magnitude>
</event>
<event publicID="quakeml:eu.emsc/event/20050115_0000020">
  <preferredOriginID>quakeml:eu.emsc/event/20050115_0000020/origin/CA145</preferredOriginID>
  <preferredMagnitudeID>quakeml:eu.emsc/event/20050115_0000020/origin/CA145/mag/1</preferredMagnitudeID>
  <creationInfo>
    <agencyURI>smi:smi-registry/organization/EMSC</agencyURI>
    <authorURI>smi:smi-registry/organization/EMSC</authorURI>
    <creationTime>2014-12-01T13:11:16.213855Z</creationTime>
  </creationInfo>
  <description>
    <text>OFF W COAST OF NORTHERN SUMATRA</text>
    <type>Flinn-Engdahl region</type>
  </description>
  <origin publicID="quakeml:eu.emsc/event/20050115_0000020/origin/CA145">
    <time>
      <value>2005-01-15T01:55:40.4Z</value>
      <uncertainty>2.35</uncertainty>
    </time>
    <latitude>
      <value>3.3</value>
    </latitude>
    <longitude>
      <value>93.63</value>
    </longitude>
    <depth>
      <value>60000.0</value>
    </depth>
    <depthType>from location</depthType>
    <methodID>smi:eu.emsc-csem/origin_method/NA</methodID>
    <quality>
      <usedPhaseCount>6</usedPhaseCount>
      <usedStationCount>6</usedStationCount>
      <standardError>0.74</standardError>
      <azimuthalGap>258</azimuthalGap>
      <minimumDistance>42.73</minimumDistance>
      <maximumDistance>82.59</maximumDistance>
    </quality>
    <evaluationMode>automatic</evaluationMode>
    <creationInfo>
      <agencyURI>smi:smi-registry/organization/EMSC</agencyURI>
      <authorURI>smi:smi-registry/organization/EMSC</authorURI>
    </creationInfo>
  </origin>
  <magnitude publicID="quakeml:eu.emsc/event/20050115_0000020/origin/CA145/mag/1">
    <mag>
      <value>4.9</value>
      <uncertainty>0.2</uncertainty>
    </mag>
    <type>mb</type>
    <originID>quakeml:eu.emsc/event/20050115_0000020/origin/CA145</originID>
    <stationCount>5</stationCount>
    <creationInfo>
      <agencyURI>smi:smi-registry/organization/EMSC</agencyURI>
      <authorURI>smi:smi-registry/organization/EMSC</authorURI>
    </creationInfo>
  </magnitude>
</event>
<event publicID="quakeml:eu.emsc/event/20050115_0000019">
  <preferredOriginID>quakeml:eu.emsc/event/20050115_0000019/origin/CA821</preferredOriginID>
  <preferredMagnitudeID>quakeml:eu.emsc/event/20050115_0000019/origin/CA821/mag/1</preferredMagnitudeID>
  <creationInfo>
    <agencyURI>smi:smi-registry/organization/EMSC</agencyURI>
    <authorURI>smi:smi-registry/organization/INMG</authorURI>
    <creationTime>2014-12-01T13:49:38.44872Z</creationTime>
  </creationInfo>
  <description>
    <text>WEST OF GIBRALTAR</text>
    <type>Flinn-Engdahl region</type>
  </description>
  <origin publicID="quakeml:eu.emsc/event/20050115_0000019/origin/CA821">
    <time>
      <value>2005-01-15T01:53:03.0Z</value>
    </time>
    <latitude>
      <value>36.97</value>
    </latitude>
    <longitude>
      <value>-8.7</value>
    </longitude>
    <depth>
      <value>2000.0</value>
    </depth>
    <depthType>from location</depthType>
    <methodID>smi:eu.emsc-csem/origin_method/GEIGER</methodID>
    <quality>
      <usedPhaseCount>8</usedPhaseCount>
      <usedStationCount>4</usedStationCount>
      <azimuthalGap>295</azimuthalGap>
      <minimumDistance>0.58</minimumDistance>
      <maximumDistance>1.58</maximumDistance>
    </quality>
    <evaluationMode>manual</evaluationMode>
    <creationInfo>
      <agencyURI>smi:smi-registry/organization/EMSC</agencyURI>
      <authorURI>smi:smi-registry/organization/INMG</authorURI>
    </creationInfo>
  </origin>
  <magnitude publicID="quakeml:eu.emsc/event/20050115_0000019/origin/CA821/mag/1">
    <mag>
      <value>2.1</value>
    </mag>
    <type>ml</type>
    <originID>quakeml:eu.emsc/event/20050115_0000019/origin/CA821</originID>
    <creationInfo>
      <agencyURI>smi:smi-registry/organization/EMSC</agencyURI>
      <authorURI>smi:smi-registry/organization/INMG</authorURI>
    </creationInfo>
  </magnitude>
</event>
<event publicID="quakeml:eu.emsc/event/20050115_0000049">
  <preferredOriginID>quakeml:eu.emsc/event/20050115_0000049/origin/1270551</preferredOriginID>
  <preferredMagnitudeID>quakeml:eu.emsc/event/20050115_0000049/origin/1270551/mag/2</preferredMagnitudeID>
  <creationInfo>
    <agencyURI>smi:smi-registry/organization/EMSC</agencyURI>
    <authorURI>smi:smi-registry/organization/EMSC</authorURI>
    <creationTime>2014-12-11T06:44:59.376236Z</creationTime>
  </creationInfo>
  <description>
    <text>EASTERN TURKEY</text>
    <type>Flinn-Engdahl region</type>
  </description>
  <origin publicID="quakeml:eu.emsc/event/20050115_0000049/origin/1270551">
    <time>
      <value>2005-01-15T01:39:37.5Z</value>
    </time>
    <latitude>
      <value>40.14</value>
      <uncertainty>9999.9</uncertainty>
    </latitude>
    <longitude>
      <value>40.884</value>
      <uncertainty>9999.9</uncertainty>
    </longitude>
    <depth>
      <value>43000</value>
    </depth>
    <depthType>from location</depthType>
    <methodID>smi:eu.emsc-csem/origin_method/NA</methodID>
    <quality>
      <usedPhaseCount>6</usedPhaseCount>
      <usedStationCount>5</usedStationCount>
      <standardError>1.23</standardError>
      <azimuthalGap>204</azimuthalGap>
      <minimumDistance>0.36</minimumDistance>
      <maximumDistance>1.7</maximumDistance>
    </quality>
    <evaluationMode>manual</evaluationMode>
    <creationInfo>
      <agencyURI>smi:smi-registry/organization/EMSC</agencyURI>
      <authorURI>smi:smi-registry/organization/EMSC</authorURI>
    </creationInfo>
    <originUncertainty>
      <azimuthMaxHorizontalUncertainty>-99</azimuthMaxHorizontalUncertainty>
    </originUncertainty>
  </origin>
  <magnitude publicID="quakeml:eu.emsc/event/20050115_0000049/origin/1270551/mag/2">
    <mag>
      <value>2.9</value>
    </mag>
    <type>MD</type>
    <originID>quakeml:eu.emsc/event/20050115_0000049/origin/1270551</originID>
    <creationInfo>
      <agencyURI>smi:smi-registry/organization/EMSC</agencyURI>
      <authorURI>smi:smi-registry/organization/EMSC</authorURI>
    </creationInfo>
  </magnitude>
</event>
</eventParameters>
</q:quakeml>
