<?xml version="1.0"?>
<q:quakeml xmlns:q="http://quakeml.org/xmlns/quakeml/1.2"  xmlns="http://quakeml.org/xmlns/bed/1.2">
<eventParameters publicID="smi:eu.emsc/unid">
<event publicID="quakeml:eu.emsc/event/20050211_0000044">
  <preferredOriginID>quakeml:eu.emsc/event/20050211_0000044/origin/1286260</preferredOriginID>
  <preferredMagnitudeID>quakeml:eu.emsc/event/20050211_0000044/origin/1286260/mag/2</preferredMagnitudeID>
  <creationInfo>
    <agencyURI>smi:smi-registry/organization/EMSC</agencyURI>
    <authorURI>smi:smi-registry/organization/EMSC</authorURI>
    <creationTime>2014-12-03T11:17:35.507346Z</creationTime>
  </creationInfo>
  <description>
    <text>SOUTHERN ITALY</text>
    <type>Flinn-Engdahl region</type>
  </description>
  <origin publicID="quakeml:eu.emsc/event/20050211_0000044/origin/1286260">
    <time>
      <value>2005-02-11T23:42:29.4Z</value>
      <uncertainty>0.19</uncertainty>
    </time>
    <latitude>
      <value>41.4691</value>
      <uncertainty>5.2</uncertainty>
    </latitude>
    <longitude>
      <value>14.6343</value>
      <uncertainty>3.6</uncertainty>
    </longitude>
    <depth>
      <value>10000</value>
    </depth>
    <depthType>from location</depthType>
    <methodID>smi:eu.emsc-csem/origin_method/NA</methodID>
    <quality>
      <usedPhaseCount>12</usedPhaseCount>
      <usedStationCount>10</usedStationCount>
      <standardError>0.56</standardError>
      <azimuthalGap>91</azimuthalGap>
      <minimumDistance>0.21</minimumDistance>
      <maximumDistance>1.04</maximumDistance>
    </quality>
    <evaluationMode>manual</evaluationMode>
    <creationInfo>
      <agencyURI>smi:smi-registry/organization/EMSC</agencyURI>
      <authorURI>smi:smi-registry/organization/EMSC</authorURI>
    </creationInfo>
    <originUncertainty>
      <azimuthMaxHorizontalUncertainty>11</azimuthMaxHorizontalUncertainty>
    </originUncertainty>
  </origin>
  <magnitude publicID="quakeml:eu.emsc/event/20050211_0000044/origin/1286260/mag/2">
    <mag>
      <value>1.6</value>
    </mag>
    <type>ML</type>
    <originID>quakeml:eu.emsc/event/20050211_0000044/origin/1286260</originID>
    <stationCount>2</stationCount>
    <creationInfo>
      <agencyURI>smi:smi-registry/organization/EMSC</agencyURI>
      <authorURI>smi:smi-registry/organization/EMSC</authorURI>
    </creationInfo>
  </magnitude>
</event>
<event publicID="quakeml:eu.emsc/event/20050211_0000061">
  <preferredOriginID>quakeml:eu.emsc/event/20050211_0000061/origin/1269225</preferredOriginID>
  <preferredMagnitudeID>quakeml:eu.emsc/event/20050211_0000061/origin/1269225/mag/2</preferredMagnitudeID>
  <creationInfo>
    <agencyURI>smi:smi-registry/organization/EMSC</agencyURI>
    <authorURI>smi:smi-registry/organization/EMSC</authorURI>
    <creationTime>2014-12-11T08:01:18.905263Z</creationTime>
  </creationInfo>
  <description>
    <text>WESTERN TURKEY</text>
    <type>Flinn-Engdahl region</type>
  </description>
  <origin publicID="quakeml:eu.emsc/event/20050211_0000061/origin/1269225">
    <time>
      <value>2005-02-11T23:29:11.6Z</value>
    </time>
    <latitude>
      <value>39.086</value>
      <uncertainty>9999.9</uncertainty>
    </latitude>
    <longitude>
      <value>27.877</value>
      <uncertainty>9999.9</uncertainty>
    </longitude>
    <depth>
      <value>13000</value>
    </depth>
    <depthType>from location</depthType>
    <methodID>smi:eu.emsc-csem/origin_method/NA</methodID>
    <quality>
      <usedPhaseCount>9</usedPhaseCount>
      <usedStationCount>7</usedStationCount>
      <standardError>0.73</standardError>
      <azimuthalGap>145</azimuthalGap>
      <minimumDistance>0.21</minimumDistance>
      <maximumDistance>1.27</maximumDistance>
    </quality>
    <evaluationMode>manual</evaluationMode>
    <creationInfo>
      <agencyURI>smi:smi-registry/organization/EMSC</agencyURI>
      <authorURI>smi:smi-registry/organization/EMSC</authorURI>
    </creationInfo>
    <originUncertainty>
      <azimuthMaxHorizontalUncertainty>-99</azimuthMaxHorizontalUncertainty>
    </originUncertainty>
  </origin>
  <magnitude publicID="quakeml:eu.emsc/event/20050211_0000061/origin/1269225/mag/2">
    <mag>
      <value>2.9</value>
    </mag>
    <type>MD</type>
    <originID>quakeml:eu.emsc/event/20050211_0000061/origin/1269225</originID>
    <creationInfo>
      <agencyURI>smi:smi-registry/organization/EMSC</agencyURI>
      <authorURI>smi:smi-registry/organization/EMSC</authorURI>
    </creationInfo>
  </magnitude>
</event>
<event publicID="quakeml:eu.emsc/event/20050211_0000057">
  <preferredOriginID>quakeml:eu.emsc/event/20050211_0000057/origin/1269227</preferredOriginID>
  <preferredMagnitudeID>quakeml:eu.emsc/event/20050211_0000057/origin/1269227/mag/2</preferredMagnitudeID>
  <creationInfo>
    <agencyURI>smi:smi-registry/organization/EMSC</agencyURI>
    <authorURI>smi:smi-registry/organization/EMSC</authorURI>
    <creationTime>2014-12-11T08:01:16.559505Z</creationTime>
  </creationInfo>
  <description>
    <text>SICILY, ITALY</text>
    <type>Flinn-Engdahl region</type>
  </description>
  <origin publicID="quakeml:eu.emsc/event/20050211_0000057/origin/1269227">
    <time>
      <value>2005-02-11T23:22:02.1Z</value>
    </time>
    <latitude>
      <value>37.888</value>
      <uncertainty>9999.9</uncertainty>
    </latitude>
    <longitude>
      <value>14.286</value>
      <uncertainty>9999.9</uncertainty>
    </longitude>
    <depth>
      <value>7100.0</value>
    </depth>
    <depthType>from location</depthType>
    <methodID>smi:eu.emsc-csem/origin_method/NA</methodID>
    <quality>
      <usedPhaseCount>15</usedPhaseCount>
      <usedStationCount>11</usedStationCount>
      <standardError>1.33</standardError>
      <azimuthalGap>88</azimuthalGap>
      <minimumDistance>0.15</minimumDistance>
      <maximumDistance>1.41</maximumDistance>
    </quality>
    <evaluationMode>manual</evaluationMode>
    <creationInfo>
      <agencyURI>smi:smi-registry/organization/EMSC</agencyURI>
      <authorURI>smi:smi-registry/organization/EMSC</authorURI>
    </creationInfo>
    <originUncertainty>
      <azimuthMaxHorizontalUncertainty>-99</azimuthMaxHorizontalUncertainty>
    </originUncertainty>
  </origin>
  <magnitude publicID="quakeml:eu.emsc/event/20050211_0000057/origin/1269227/mag/2">
    <mag>
      <value>2.3</value>
    </mag>
    <type>ML</type>
    <originID>quakeml:eu.emsc/event/20050211_0000057/origin/1269227</originID>
    <stationCount>4</stationCount>
    <creationInfo>
      <agencyURI>smi:smi-registry/organization/EMSC</agencyURI>
      <authorURI>smi:smi-registry/organization/EMSC</authorURI>
    </creationInfo>
  </magnitude>
</event>
<event publicID="quakeml:eu.emsc/event/20050211_0000045">
  <preferredOriginID>quakeml:eu.emsc/event/20050211_0000045/origin/1286264</preferredOriginID>
  <preferredMagnitudeID>quakeml:eu.emsc/event/20050211_0000045/origin/1286264/mag/1</preferredMagnitudeID>
  <creationInfo>
    <agencyURI>smi:smi-registry/organization/EMSC</agencyURI>
    <authorURI>smi:smi-registry/organization/EMSC</authorURI>
    <creationTime>2014-12-03T11:35:39.845807Z</creationTime>
  </creationInfo>
  <description>
    <text>CYPRUS REGION</text>
    <type>Flinn-Engdahl region</type>
  </description>
  <origin publicID="quakeml:eu.emsc/event/20050211_0000045/origin/1286264">
    <time>
      <value>2005-02-11T23:20:37.8Z</value>
      <uncertainty>0.19</uncertainty>
    </time>
    <latitude>
      <value>35.6347</value>
      <uncertainty>7.7</uncertainty>
    </latitude>
    <longitude>
      <value>31.0187</value>
      <uncertainty>4.5</uncertainty>
    </longitude>
    <depth>
      <value>30000</value>
    </depth>
    <depthType>from location</depthType>
    <methodID>smi:eu.emsc-csem/origin_method/NA</methodID>
    <quality>
      <usedPhaseCount>20</usedPhaseCount>
      <usedStationCount>19</usedStationCount>
      <standardError>0.8</standardError>
      <azimuthalGap>85</azimuthalGap>
      <minimumDistance>1.3</minimumDistance>
      <maximumDistance>7.92</maximumDistance>
    </quality>
    <evaluationMode>manual</evaluationMode>
    <creationInfo>
      <agencyURI>smi:smi-registry/organization/EMSC</agencyURI>
      <authorURI>smi:smi-registry/organization/EMSC</authorURI>
    </creationInfo>
    <originUncertainty>
      <azimuthMaxHorizontalUncertainty>76</azimuthMaxHorizontalUncertainty>
    </originUncertainty>
  </origin>
  <magnitude publicID="quakeml:eu.emsc/event/20050211_0000045/origin/1286264/mag/1">
    <mag>
      <value>3.1</value>
    </mag>
    <type>Mw</type>
    <originID>quakeml:eu.emsc/event/20050211_0000045/origin/1286264</originID>
    <creationInfo>
      <agencyURI>smi:smi-registry/organization/EMSC</agencyURI>
      <authorURI>smi:smi-registry/organization/EMSC</authorURI>
    </creationInfo>
  </magnitude>
</event>
<event publicID="quakeml:eu.emsc/event/20050211_0000037">
  <preferredOriginID>quakeml:eu.emsc/event/20050211_0000037/origin/1286253</preferredOriginID>
  <preferredMagnitudeID>quakeml:eu.emsc/event/20050211_0000037/origin/1286253/mag/2</preferredMagnitudeID>
  <creationInfo>
    <agencyURI>smi:smi-registry/organization/EMSC</agencyURI>
    <authorURI>smi:smi-registry/organization/EMSC</authorURI>
    <creationTime>2014-12-03T13:37:48.411971Z</creationTime>
  </creationInfo>
  <description>
    <text>WESTERN TURKEY</text>
    <type>Flinn-Engdahl region</type>
  </description>
  <origin publicID="quakeml:eu.emsc/event/20050211_0000037/origin/1286253">
    <time>
      <value>2005-02-11T23:18:58.4Z</value>
      <uncertainty>0.11</uncertainty>
    </time>
    <latitude>
      <value>39.0991</value>
      <uncertainty>3</uncertainty>
    </latitude>
    <longitude>
      <value>27.9473</value>
      <uncertainty>2.7</uncertainty>
    </longitude>
    <depth>
      <value>5000</value>
    </depth>
    <depthType>from location</depthType>
    <methodID>smi:eu.emsc-csem/origin_method/NA</methodID>
    <quality>
      <usedPhaseCount>49</usedPhaseCount>
      <usedStationCount>47</usedStationCount>
      <standardError>0.68</standardError>
      <azimuthalGap>47</azimuthalGap>
      <minimumDistance>0.24</minimumDistance>
      <maximumDistance>5.32</maximumDistance>
    </quality>
    <evaluationMode>manual</evaluationMode>
    <creationInfo>
      <agencyURI>smi:smi-registry/organization/EMSC</agencyURI>
      <authorURI>smi:smi-registry/organization/EMSC</authorURI>
    </creationInfo>
    <originUncertainty>
      <azimuthMaxHorizontalUncertainty>41</azimuthMaxHorizontalUncertainty>
    </originUncertainty>
  </origin>
  <magnitude publicID="quakeml:eu.emsc/event/20050211_0000037/origin/1286253/mag/2">
    <mag>
      <value>2.9</value>
    </mag>
    <type>MD</type>
    <originID>quakeml:eu.emsc/event/20050211_0000037/origin/1286253</originID>
    <creationInfo>
      <agencyURI>smi:smi-registry/organization/EMSC</agencyURI>
      <authorURI>smi:smi-registry/organization/EMSC</authorURI>
    </creationInfo>
  </magnitude>
</event>
<event publicID="quakeml:eu.emsc/event/20050211_0000036">
  <preferredOriginID>quakeml:eu.emsc/event/20050211_0000036/origin/1269229</preferredOriginID>
  <preferredMagnitudeID>quakeml:eu.emsc/event/20050211_0000036/origin/1269229/mag/2</preferredMagnitudeID>
  <creationInfo>
    <agencyURI>smi:smi-registry/organization/EMSC</agencyURI>
    <authorURI>smi:smi-registry/organization/EMSC</authorURI>
    <creationTime>2014-12-11T08:01:13.190832Z</creationTime>
  </creationInfo>
  <description>
    <text>DODECANESE ISLANDS, GREECE</text>
    <type>Flinn-Engdahl region</type>
  </description>
  <origin publicID="quakeml:eu.emsc/event/20050211_0000036/origin/1269229">
    <time>
      <value>2005-02-11T22:23:42.8Z</value>
    </time>
    <latitude>
      <value>36.995</value>
      <uncertainty>9999.9</uncertainty>
    </latitude>
    <longitude>
      <value>28.313</value>
      <uncertainty>9999.9</uncertainty>
    </longitude>
    <depth>
      <value>7000</value>
    </depth>
    <depthType>from location</depthType>
    <methodID>smi:eu.emsc-csem/origin_method/NA</methodID>
    <quality>
      <usedPhaseCount>15</usedPhaseCount>
      <usedStationCount>13</usedStationCount>
      <standardError>1.01</standardError>
      <azimuthalGap>185</azimuthalGap>
      <minimumDistance>0.14</minimumDistance>
      <maximumDistance>3.39</maximumDistance>
    </quality>
    <evaluationMode>manual</evaluationMode>
    <creationInfo>
      <agencyURI>smi:smi-registry/organization/EMSC</agencyURI>
      <authorURI>smi:smi-registry/organization/EMSC</authorURI>
    </creationInfo>
    <originUncertainty>
      <azimuthMaxHorizontalUncertainty>-99</azimuthMaxHorizontalUncertainty>
    </originUncertainty>
  </origin>
  <magnitude publicID="quakeml:eu.emsc/event/20050211_0000036/origin/1269229/mag/2">
    <mag>
      <value>3.3</value>
    </mag>
    <type>MD</type>
    <originID>quakeml:eu.emsc/event/20050211_0000036/origin/1269229</originID>
    <creationInfo>
      <agencyURI>smi:smi-registry/organization/EMSC</agencyURI>
      <authorURI>smi:smi-registry/organization/EMSC</authorURI>
    </creationInfo>
  </magnitude>
</event>
<event publicID="quakeml:eu.emsc/event/20050211_0000035">
  <preferredOriginID>quakeml:eu.emsc/event/20050211_0000035/origin/1269231</preferredOriginID>
  <preferredMagnitudeID>quakeml:eu.emsc/event/20050211_0000035/origin/1269231/mag/2</preferredMagnitudeID>
  <creationInfo>
    <agencyURI>smi:smi-registry/organization/EMSC</agencyURI>
    <authorURI>smi:smi-registry/organization/EMSC</authorURI>
    <creationTime>2014-12-11T08:01:11.182449Z</creationTime>
  </creationInfo>
  <description>
    <text>WESTERN TURKEY</text>
    <type>Flinn-Engdahl region</type>
  </description>
  <origin publicID="quakeml:eu.emsc/event/20050211_0000035/origin/1269231">
    <time>
      <value>2005-02-11T22:00:17.9Z</value>
    </time>
    <latitude>
      <value>37.16</value>
      <uncertainty>9999.9</uncertainty>
    </latitude>
    <longitude>
      <value>30.972</value>
      <uncertainty>9999.9</uncertainty>
    </longitude>
    <depth>
      <value>98000</value>
    </depth>
    <depthType>from location</depthType>
    <methodID>smi:eu.emsc-csem/origin_method/NA</methodID>
    <quality>
      <usedPhaseCount>10</usedPhaseCount>
      <usedStationCount>8</usedStationCount>
      <standardError>0.74</standardError>
      <azimuthalGap>145</azimuthalGap>
      <minimumDistance>0.43</minimumDistance>
      <maximumDistance>2.36</maximumDistance>
    </quality>
    <evaluationMode>manual</evaluationMode>
    <creationInfo>
      <agencyURI>smi:smi-registry/organization/EMSC</agencyURI>
      <authorURI>smi:smi-registry/organization/EMSC</authorURI>
    </creationInfo>
    <originUncertainty>
      <azimuthMaxHorizontalUncertainty>-99</azimuthMaxHorizontalUncertainty>
    </originUncertainty>
  </origin>
  <magnitude publicID="quakeml:eu.emsc/event/20050211_0000035/origin/1269231/mag/2">
    <mag>
      <value>3.1</value>
    </mag>
    <type>MD</type>
    <originID>quakeml:eu.emsc/event/20050211_0000035/origin/1269231</originID>
    <creationInfo>
      <agencyURI>smi:smi-registry/organization/EMSC</agencyURI>
      <authorURI>smi:smi-registry/organization/EMSC</authorURI>
    </creationInfo>
  </magnitude>
</event>
<event publicID="quakeml:eu.emsc/event/20050211_0000034">
  <preferredOriginID>quakeml:eu.emsc/event/20050211_0000034/origin/CN458</preferredOriginID>
  <preferredMagnitudeID>quakeml:eu.emsc/event/20050211_0000034/origin/CN458/mag/1</preferredMagnitudeID>
  <creationInfo>
    <agencyURI>smi:smi-registry/organization/EMSC</agencyURI>
    <authorURI>smi:smi-registry/organization/EMSC</authorURI>
    <creationTime>2014-12-01T13:40:32.121245Z</creationTime>
  </creationInfo>
  <description>
    <text>SOUTHERN YUKON TERRITORY, CANADA</text>
    <type>Flinn-Engdahl region</type>
  </description>
  <origin publicID="quakeml:eu.emsc/event/20050211_0000034/origin/CN458">
    <time>
      <value>2005-02-11T21:00:25.6Z</value>
      <uncertainty>0.03</uncertainty>
    </time>
    <latitude>
      <value>60.24</value>
    </latitude>
    <longitude>
      <value>-139.42</value>
    </longitude>
    <depth>
      <value>40000.0</value>
    </depth>
    <depthType>from location</depthType>
    <methodID>smi:eu.emsc-csem/origin_method/NA</methodID>
    <quality>
      <usedPhaseCount>205</usedPhaseCount>
      <usedStationCount>200</usedStationCount>
      <standardError>0.95</standardError>
      <azimuthalGap>111</azimuthalGap>
      <minimumDistance>3.15</minimumDistance>
      <maximumDistance>79.91</maximumDistance>
    </quality>
    <evaluationMode>automatic</evaluationMode>
    <creationInfo>
      <agencyURI>smi:smi-registry/organization/EMSC</agencyURI>
      <authorURI>smi:smi-registry/organization/EMSC</authorURI>
    </creationInfo>
  </origin>
  <magnitude publicID="quakeml:eu.emsc/event/20050211_0000034/origin/CN458/mag/1">
    <mag>
      <value>5.2</value>
      <uncertainty>0.3</uncertainty>
    </mag>
    <type>mb</type>
    <originID>quakeml:eu.emsc/event/20050211_0000034/origin/CN458</originID>
    <stationCount>99</stationCount>
    <creationInfo>
      <agencyURI>smi:smi-registry/organization/EMSC</agencyURI>
      <authorURI>smi:smi-registry/organization/EMSC</authorURI>
    </creationInfo>
  </magnitude>
</event>
<event publicID="quakeml:eu.emsc/event/20050211_0000049">
  <preferredOriginID>quakeml:eu.emsc/event/20050211_0000049/origin/1286267</preferredOriginID>
  <preferredMagnitudeID>quakeml:eu.emsc/event/20050211_0000049/origin/1286267/mag/2</preferredMagnitudeID>
  <creationInfo>
    <agencyURI>smi:smi-registry/organization/EMSC</agencyURI>
    <authorURI>smi:smi-registry/organization/EMSC</authorURI>
    <creationTime>2014-12-03T10:32:36.584105Z</creationTime>
  </creationInfo>
  <description>
    <text>SOUTHERN GREECE</text>
    <type>Flinn-Engdahl region</type>
  </description>
  <origin publicID="quakeml:eu.emsc/event/20050211_0000049/origin/1286267">
    <time>
      <value>2005-02-11T20:28:32.1Z</value>
      <uncertainty>0.2</uncertainty>
    </time>
    <latitude>
      <value>37.7854</value>
      <uncertainty>4.4</uncertainty>
    </latitude>
    <longitude>
      <value>22.9897</value>
      <uncertainty>4</uncertainty>
    </longitude>
    <depth>
      <value>10000</value>
    </depth>
    <depthType>from location</depthType>
    <methodID>smi:eu.emsc-csem/origin_method/NA</methodID>
    <quality>
      <usedPhaseCount>31</usedPhaseCount>
      <usedStationCount>22</usedStationCount>
      <standardError>0.91</standardError>
      <azimuthalGap>86</azimuthalGap>
      <minimumDistance>0.29</minimumDistance>
      <maximumDistance>3.91</maximumDistance>
    </quality>
    <evaluationMode>manual</evaluationMode>
    <creationInfo>
      <agencyURI>smi:smi-registry/organization/EMSC</agencyURI>
      <authorURI>smi:smi-registry/organization/EMSC</authorURI>
    </creationInfo>
    <originUncertainty>
      <azimuthMaxHorizontalUncertainty>79</azimuthMaxHorizontalUncertainty>
    </originUncertainty>
  </origin>
  <magnitude publicID="quakeml:eu.emsc/event/20050211_0000049/origin/1286267/mag/2">
    <mag>
      <value>3</value>
    </mag>
    <type>ML</type>
    <originID>quakeml:eu.emsc/event/20050211_0000049/origin/1286267</originID>
    <creationInfo>
      <agencyURI>smi:smi-registry/organization/EMSC</agencyURI>
      <authorURI>smi:smi-registry/organization/EMSC</authorURI>
    </creationInfo>
  </magnitude>
</event>
<event publicID="quakeml:eu.emsc/event/20050211_0000048">
  <preferredOriginID>quakeml:eu.emsc/event/20050211_0000048/origin/1269233</preferredOriginID>
  <preferredMagnitudeID>quakeml:eu.emsc/event/20050211_0000048/origin/1269233/mag/2</preferredMagnitudeID>
  <creationInfo>
    <agencyURI>smi:smi-registry/organization/EMSC</agencyURI>
    <authorURI>smi:smi-registry/organization/EMSC</authorURI>
    <creationTime>2014-12-11T08:01:10.252382Z</creationTime>
  </creationInfo>
  <description>
    <text>CENTRAL IRAN</text>
    <type>Flinn-Engdahl region</type>
  </description>
  <origin publicID="quakeml:eu.emsc/event/20050211_0000048/origin/1269233">
    <time>
      <value>2005-02-11T20:15:10.4Z</value>
    </time>
    <latitude>
      <value>34.377</value>
      <uncertainty>9999.9</uncertainty>
    </latitude>
    <longitude>
      <value>54.527</value>
      <uncertainty>9999.9</uncertainty>
    </longitude>
    <depth>
      <value>3100.0</value>
    </depth>
    <depthType>from location</depthType>
    <methodID>smi:eu.emsc-csem/origin_method/NA</methodID>
    <quality>
      <usedPhaseCount>7</usedPhaseCount>
      <usedStationCount>5</usedStationCount>
      <standardError>2.05</standardError>
      <azimuthalGap>318</azimuthalGap>
      <minimumDistance>1.89</minimumDistance>
      <maximumDistance>2.89</maximumDistance>
    </quality>
    <evaluationMode>manual</evaluationMode>
    <creationInfo>
      <agencyURI>smi:smi-registry/organization/EMSC</agencyURI>
      <authorURI>smi:smi-registry/organization/EMSC</authorURI>
    </creationInfo>
    <originUncertainty>
      <azimuthMaxHorizontalUncertainty>-99</azimuthMaxHorizontalUncertainty>
    </originUncertainty>
  </origin>
  <magnitude publicID="quakeml:eu.emsc/event/20050211_0000048/origin/1269233/mag/2">
    <mag>
      <value>3</value>
    </mag>
    <type>ML</type>
    <originID>quakeml:eu.emsc/event/20050211_0000048/origin/1269233</originID>
    <creationInfo>
      <agencyURI>smi:smi-registry/organization/EMSC</agencyURI>
      <authorURI>smi:smi-registry/organization/EMSC</authorURI>
    </creationInfo>
  </magnitude>
</event>
<event publicID="quakeml:eu.emsc/event/20050211_0000063">
  <preferredOriginID>quakeml:eu.emsc/event/20050211_0000063/origin/1269235</preferredOriginID>
  <preferredMagnitudeID>quakeml:eu.emsc/event/20050211_0000063/origin/1269235/mag/2</preferredMagnitudeID>
  <creationInfo>
    <agencyURI>smi:smi-registry/organization/EMSC</agencyURI>
    <authorURI>smi:smi-registry/organization/EMSC</authorURI>
    <creationTime>2014-12-11T08:01:09.329665Z</creationTime>
  </creationInfo>
  <description>
    <text>EGYPT</text>
    <type>Flinn-Engdahl region</type>
  </description>
  <origin publicID="quakeml:eu.emsc/event/20050211_0000063/origin/1269235">
    <time>
      <value>2005-02-11T20:04:04.6Z</value>
    </time>
    <latitude>
      <value>29.172</value>
      <uncertainty>9999.9</uncertainty>
    </latitude>
    <longitude>
      <value>34.9</value>
      <uncertainty>9999.9</uncertainty>
    </longitude>
    <depth>
      <value>2100.0</value>
    </depth>
    <depthType>from location</depthType>
    <methodID>smi:eu.emsc-csem/origin_method/NA</methodID>
    <quality>
      <usedPhaseCount>7</usedPhaseCount>
      <usedStationCount>4</usedStationCount>
      <standardError>0.95</standardError>
      <azimuthalGap>321</azimuthalGap>
      <minimumDistance>0.63</minimumDistance>
      <maximumDistance>1</maximumDistance>
    </quality>
    <evaluationMode>manual</evaluationMode>
    <creationInfo>
      <agencyURI>smi:smi-registry/organization/EMSC</agencyURI>
      <authorURI>smi:smi-registry/organization/EMSC</authorURI>
    </creationInfo>
    <originUncertainty>
      <azimuthMaxHorizontalUncertainty>-99</azimuthMaxHorizontalUncertainty>
    </originUncertainty>
  </origin>
  <magnitude publicID="quakeml:eu.emsc/event/20050211_0000063/origin/1269235/mag/2">
    <mag>
      <value>2.9</value>
    </mag>
    <type>ML</type>
    <originID>quakeml:eu.emsc/event/20050211_0000063/origin/1269235</originID>
    <creationInfo>
      <agencyURI>smi:smi-registry/organization/EMSC</agencyURI>
      <authorURI>smi:smi-registry/organization/EMSC</authorURI>
    </creationInfo>
  </magnitude>
</event>
<event publicID="quakeml:eu.emsc/event/20050211_0000046">
  <preferredOriginID>quakeml:eu.emsc/event/20050211_0000046/origin/1269237</preferredOriginID>
  <preferredMagnitudeID>quakeml:eu.emsc/event/20050211_0000046/origin/1269237/mag/2</preferredMagnitudeID>
  <creationInfo>
    <agencyURI>smi:smi-registry/organization/EMSC</agencyURI>
    <authorURI>smi:smi-registry/organization/EMSC</authorURI>
    <creationTime>2014-12-11T08:01:06.486149Z</creationTime>
  </creationInfo>
  <description>
    <text>SWEDEN</text>
    <type>Flinn-Engdahl region</type>
  </description>
  <origin publicID="quakeml:eu.emsc/event/20050211_0000046/origin/1269237">
    <time>
      <value>2005-02-11T18:29:09.8Z</value>
    </time>
    <latitude>
      <value>67.163</value>
      <uncertainty>9999.9</uncertainty>
    </latitude>
    <longitude>
      <value>20.685</value>
      <uncertainty>9999.9</uncertainty>
    </longitude>
    <depth>
      <value>0</value>
    </depth>
    <depthType>from location</depthType>
    <methodID>smi:eu.emsc-csem/origin_method/NA</methodID>
    <quality>
      <usedPhaseCount>10</usedPhaseCount>
      <usedStationCount>8</usedStationCount>
      <standardError>1.2</standardError>
      <azimuthalGap>91</azimuthalGap>
      <minimumDistance>0.06</minimumDistance>
      <maximumDistance>2.28</maximumDistance>
    </quality>
    <evaluationMode>manual</evaluationMode>
    <creationInfo>
      <agencyURI>smi:smi-registry/organization/EMSC</agencyURI>
      <authorURI>smi:smi-registry/organization/EMSC</authorURI>
    </creationInfo>
    <originUncertainty>
      <azimuthMaxHorizontalUncertainty>-99</azimuthMaxHorizontalUncertainty>
    </originUncertainty>
  </origin>
  <magnitude publicID="quakeml:eu.emsc/event/20050211_0000046/origin/1269237/mag/2">
    <mag>
      <value>2.7</value>
    </mag>
    <type>ML</type>
    <originID>quakeml:eu.emsc/event/20050211_0000046/origin/1269237</originID>
    <creationInfo>
      <agencyURI>smi:smi-registry/organization/EMSC</agencyURI>
      <authorURI>smi:smi-registry/organization/EMSC</authorURI>
    </creationInfo>
  </magnitude>
</event>
<event publicID="quakeml:eu.emsc/event/20050211_0000070">
  <preferredOriginID>quakeml:eu.emsc/event/20050211_0000070/origin/1269239</preferredOriginID>
  <preferredMagnitudeID>quakeml:eu.emsc/event/20050211_0000070/origin/1269239/mag/2</preferredMagnitudeID>
  <creationInfo>
    <agencyURI>smi:smi-registry/organization/EMSC</agencyURI>
    <authorURI>smi:smi-registry/organization/EMSC</authorURI>
    <creationTime>2014-12-11T08:01:03.1121Z</creationTime>
  </creationInfo>
  <description>
    <text>SWEDEN</text>
    <type>Flinn-Engdahl region</type>
  </description>
  <origin publicID="quakeml:eu.emsc/event/20050211_0000070/origin/1269239">
    <time>
      <value>2005-02-11T17:49:18.2Z</value>
    </time>
    <latitude>
      <value>67.174</value>
      <uncertainty>9999.9</uncertainty>
    </latitude>
    <longitude>
      <value>20.667</value>
      <uncertainty>9999.9</uncertainty>
    </longitude>
    <depth>
      <value>500.0</value>
    </depth>
    <depthType>from location</depthType>
    <methodID>smi:eu.emsc-csem/origin_method/NA</methodID>
    <quality>
      <usedPhaseCount>9</usedPhaseCount>
      <usedStationCount>7</usedStationCount>
      <standardError>0.54</standardError>
      <azimuthalGap>102</azimuthalGap>
      <minimumDistance>0.07</minimumDistance>
      <maximumDistance>1.72</maximumDistance>
    </quality>
    <evaluationMode>manual</evaluationMode>
    <creationInfo>
      <agencyURI>smi:smi-registry/organization/EMSC</agencyURI>
      <authorURI>smi:smi-registry/organization/EMSC</authorURI>
    </creationInfo>
    <originUncertainty>
      <azimuthMaxHorizontalUncertainty>-99</azimuthMaxHorizontalUncertainty>
    </originUncertainty>
  </origin>
  <magnitude publicID="quakeml:eu.emsc/event/20050211_0000070/origin/1269239/mag/2">
    <mag>
      <value>2.6</value>
    </mag>
    <type>ML</type>
    <originID>quakeml:eu.emsc/event/20050211_0000070/origin/1269239</originID>
    <creationInfo>
      <agencyURI>smi:smi-registry/organization/EMSC</agencyURI>
      <authorURI>smi:smi-registry/organization/EMSC</authorURI>
    </creationInfo>
  </magnitude>
</event>
<event publicID="quakeml:eu.emsc/event/20050211_0000060">
  <preferredOriginID>quakeml:eu.emsc/event/20050211_0000060/origin/1269241</preferredOriginID>
  <preferredMagnitudeID>quakeml:eu.emsc/event/20050211_0000060/origin/1269241/mag/2</preferredMagnitudeID>
  <creationInfo>
    <agencyURI>smi:smi-registry/organization/EMSC</agencyURI>
    <authorURI>smi:smi-registry/organization/EMSC</authorURI>
    <creationTime>2014-12-11T08:00:57.389307Z</creationTime>
  </creationInfo>
  <description>
    <text>CENTRAL ITALY</text>
    <type>Flinn-Engdahl region</type>
  </description>
  <origin publicID="quakeml:eu.emsc/event/20050211_0000060/origin/1269241">
    <time>
      <value>2005-02-11T16:23:10.0Z</value>
    </time>
    <latitude>
      <value>43.323</value>
      <uncertainty>9999.9</uncertainty>
    </latitude>
    <longitude>
      <value>13.273</value>
      <uncertainty>9999.9</uncertainty>
    </longitude>
    <depth>
      <value>10000</value>
    </depth>
    <depthType>from location</depthType>
    <methodID>smi:eu.emsc-csem/origin_method/NA</methodID>
    <quality>
      <usedPhaseCount>7</usedPhaseCount>
      <usedStationCount>4</usedStationCount>
      <standardError>1.33</standardError>
      <azimuthalGap>237</azimuthalGap>
      <minimumDistance>0.25</minimumDistance>
      <maximumDistance>0.52</maximumDistance>
    </quality>
    <evaluationMode>manual</evaluationMode>
    <creationInfo>
      <agencyURI>smi:smi-registry/organization/EMSC</agencyURI>
      <authorURI>smi:smi-registry/organization/EMSC</authorURI>
    </creationInfo>
    <originUncertainty>
      <azimuthMaxHorizontalUncertainty>-99</azimuthMaxHorizontalUncertainty>
    </originUncertainty>
  </origin>
  <magnitude publicID="quakeml:eu.emsc/event/20050211_0000060/origin/1269241/mag/2">
    <mag>
      <value>1.6</value>
    </mag>
    <type>ML</type>
    <originID>quakeml:eu.emsc/event/20050211_0000060/origin/1269241</originID>
    <stationCount>2</stationCount>
    <creationInfo>
      <agencyURI>smi:smi-registry/organization/EMSC</agencyURI>
      <authorURI>smi:smi-registry/organization/EMSC</authorURI>
    </creationInfo>
  </magnitude>
</event>
<event publicID="quakeml:eu.emsc/event/20050211_0000065">
  <preferredOriginID>quakeml:eu.emsc/event/20050211_0000065/origin/1269243</preferredOriginID>
  <preferredMagnitudeID>quakeml:eu.emsc/event/20050211_0000065/origin/1269243/mag/2</preferredMagnitudeID>
  <creationInfo>
    <agencyURI>smi:smi-registry/organization/EMSC</agencyURI>
    <authorURI>smi:smi-registry/organization/EMSC</authorURI>
    <creationTime>2014-12-11T08:00:54.517451Z</creationTime>
  </creationInfo>
  <description>
    <text>NORTHERN ALGERIA</text>
    <type>Flinn-Engdahl region</type>
  </description>
  <origin publicID="quakeml:eu.emsc/event/20050211_0000065/origin/1269243">
    <time>
      <value>2005-02-11T16:01:17.3Z</value>
    </time>
    <latitude>
      <value>35.76</value>
      <uncertainty>9999.9</uncertainty>
    </latitude>
    <longitude>
      <value>5.976</value>
      <uncertainty>9999.9</uncertainty>
    </longitude>
    <depth>
      <value>0</value>
    </depth>
    <depthType>from location</depthType>
    <methodID>smi:eu.emsc-csem/origin_method/NA</methodID>
    <quality>
      <usedPhaseCount>7</usedPhaseCount>
      <usedStationCount>7</usedStationCount>
      <standardError>3.75</standardError>
      <azimuthalGap>154</azimuthalGap>
      <minimumDistance>0.15</minimumDistance>
      <maximumDistance>0.88</maximumDistance>
    </quality>
    <evaluationMode>manual</evaluationMode>
    <creationInfo>
      <agencyURI>smi:smi-registry/organization/EMSC</agencyURI>
      <authorURI>smi:smi-registry/organization/EMSC</authorURI>
    </creationInfo>
    <originUncertainty>
      <azimuthMaxHorizontalUncertainty>-99</azimuthMaxHorizontalUncertainty>
    </originUncertainty>
  </origin>
  <magnitude publicID="quakeml:eu.emsc/event/20050211_0000065/origin/1269243/mag/2">
    <mag>
      <value>2.9</value>
    </mag>
    <type>ML</type>
    <originID>quakeml:eu.emsc/event/20050211_0000065/origin/1269243</originID>
    <creationInfo>
      <agencyURI>smi:smi-registry/organization/EMSC</agencyURI>
      <authorURI>smi:smi-registry/organization/EMSC</authorURI>
    </creationInfo>
  </magnitude>
</event>
<event publicID="quakeml:eu.emsc/event/20050211_0000030">
  <preferredOriginID>quakeml:eu.emsc/event/20050211_0000030/origin/1269245</preferredOriginID>
  <preferredMagnitudeID>quakeml:eu.emsc/event/20050211_0000030/origin/1269245/mag/2</preferredMagnitudeID>
  <creationInfo>
    <agencyURI>smi:smi-registry/organization/EMSC</agencyURI>
    <authorURI>smi:smi-registry/organization/EMSC</authorURI>
    <creationTime>2014-12-11T08:00:50.917995Z</creationTime>
  </creationInfo>
  <description>
    <text>WESTERN TURKEY</text>
    <type>Flinn-Engdahl region</type>
  </description>
  <origin publicID="quakeml:eu.emsc/event/20050211_0000030/origin/1269245">
    <time>
      <value>2005-02-11T14:54:49.1Z</value>
    </time>
    <latitude>
      <value>38.685</value>
      <uncertainty>9999.9</uncertainty>
    </latitude>
    <longitude>
      <value>30.831</value>
      <uncertainty>9999.9</uncertainty>
    </longitude>
    <depth>
      <value>23000</value>
    </depth>
    <depthType>from location</depthType>
    <methodID>smi:eu.emsc-csem/origin_method/NA</methodID>
    <quality>
      <usedPhaseCount>18</usedPhaseCount>
      <usedStationCount>15</usedStationCount>
      <standardError>1.22</standardError>
      <azimuthalGap>67</azimuthalGap>
      <minimumDistance>0.67</minimumDistance>
      <maximumDistance>2.48</maximumDistance>
    </quality>
    <evaluationMode>manual</evaluationMode>
    <creationInfo>
      <agencyURI>smi:smi-registry/organization/EMSC</agencyURI>
      <authorURI>smi:smi-registry/organization/EMSC</authorURI>
    </creationInfo>
    <originUncertainty>
      <azimuthMaxHorizontalUncertainty>-99</azimuthMaxHorizontalUncertainty>
    </originUncertainty>
  </origin>
  <magnitude publicID="quakeml:eu.emsc/event/20050211_0000030/origin/1269245/mag/2">
    <mag>
      <value>3.3</value>
    </mag>
    <type>MD</type>
    <originID>quakeml:eu.emsc/event/20050211_0000030/origin/1269245</originID>
    <creationInfo>
      <agencyURI>smi:smi-registry/organization/EMSC</agencyURI>
      <authorURI>smi:smi-registry/organization/EMSC</authorURI>
    </creationInfo>
  </magnitude>
</event>
<event publicID="quakeml:eu.emsc/event/20050211_0000062">
  <preferredOriginID>quakeml:eu.emsc/event/20050211_0000062/origin/1269247</preferredOriginID>
  <preferredMagnitudeID>quakeml:eu.emsc/event/20050211_0000062/origin/1269247/mag/2</preferredMagnitudeID>
  <creationInfo>
    <agencyURI>smi:smi-registry/organization/EMSC</agencyURI>
    <authorURI>smi:smi-registry/organization/EMSC</authorURI>
    <creationTime>2014-12-10T17:58:00.901396Z</creationTime>
  </creationInfo>
  <description>
    <text>SWITZERLAND</text>
    <type>Flinn-Engdahl region</type>
  </description>
  <origin publicID="quakeml:eu.emsc/event/20050211_0000062/origin/1269247">
    <time>
      <value>2005-02-11T14:11:56.8Z</value>
    </time>
    <latitude>
      <value>46.222</value>
      <uncertainty>9999.9</uncertainty>
    </latitude>
    <longitude>
      <value>7.023</value>
      <uncertainty>9999.9</uncertainty>
    </longitude>
    <depth>
      <value>200.0</value>
    </depth>
    <depthType>from location</depthType>
    <methodID>smi:eu.emsc-csem/origin_method/NA</methodID>
    <quality>
      <usedPhaseCount>7</usedPhaseCount>
      <usedStationCount>5</usedStationCount>
      <standardError>0.31</standardError>
      <azimuthalGap>204</azimuthalGap>
      <minimumDistance>0.07</minimumDistance>
      <maximumDistance>0.3</maximumDistance>
    </quality>
    <evaluationMode>manual</evaluationMode>
    <creationInfo>
      <agencyURI>smi:smi-registry/organization/EMSC</agencyURI>
      <authorURI>smi:smi-registry/organization/EMSC</authorURI>
    </creationInfo>
    <originUncertainty>
      <azimuthMaxHorizontalUncertainty>-99</azimuthMaxHorizontalUncertainty>
    </originUncertainty>
  </origin>
  <magnitude publicID="quakeml:eu.emsc/event/20050211_0000062/origin/1269247/mag/2">
    <mag>
      <value>0.3</value>
    </mag>
    <type>ML</type>
    <originID>quakeml:eu.emsc/event/20050211_0000062/origin/1269247</originID>
    <stationCount>4</stationCount>
    <creationInfo>
      <agencyURI>smi:smi-registry/organization/EMSC</agencyURI>
      <authorURI>smi:smi-registry/organization/EMSC</authorURI>
    </creationInfo>
  </magnitude>
</event>
<event publicID="quakeml:eu.emsc/event/20050211_0000051">
  <preferredOriginID>quakeml:eu.emsc/event/20050211_0000051/origin/1269249</preferredOriginID>
  <preferredMagnitudeID>quakeml:eu.emsc/event/20050211_0000051/origin/1269249/mag/2</preferredMagnitudeID>
  <creationInfo>
    <agencyURI>smi:smi-registry/organization/EMSC</agencyURI>
    <authorURI>smi:smi-registry/organization/EMSC</authorURI>
    <creationTime>2014-12-11T08:00:48.108773Z</creationTime>
  </creationInfo>
  <description>
    <text>SOUTHERN GREECE</text>
    <type>Flinn-Engdahl region</type>
  </description>
  <origin publicID="quakeml:eu.emsc/event/20050211_0000051/origin/1269249">
    <time>
      <value>2005-02-11T14:06:00.5Z</value>
    </time>
    <latitude>
      <value>37.77</value>
      <uncertainty>9999.9</uncertainty>
    </latitude>
    <longitude>
      <value>21.12</value>
      <uncertainty>9999.9</uncertainty>
    </longitude>
    <depth>
      <value>3000</value>
    </depth>
    <depthType>from location</depthType>
    <methodID>smi:eu.emsc-csem/origin_method/NA</methodID>
    <quality>
      <usedPhaseCount>6</usedPhaseCount>
      <usedStationCount>4</usedStationCount>
      <standardError>0.79</standardError>
      <azimuthalGap>181</azimuthalGap>
      <minimumDistance>0.4</minimumDistance>
      <maximumDistance>1.27</maximumDistance>
    </quality>
    <evaluationMode>manual</evaluationMode>
    <creationInfo>
      <agencyURI>smi:smi-registry/organization/EMSC</agencyURI>
      <authorURI>smi:smi-registry/organization/EMSC</authorURI>
    </creationInfo>
    <originUncertainty>
      <azimuthMaxHorizontalUncertainty>-99</azimuthMaxHorizontalUncertainty>
    </originUncertainty>
  </origin>
  <magnitude publicID="quakeml:eu.emsc/event/20050211_0000051/origin/1269249/mag/2">
    <mag>
      <value>3.2</value>
    </mag>
    <type>MD</type>
    <originID>quakeml:eu.emsc/event/20050211_0000051/origin/1269249</originID>
    <creationInfo>
      <agencyURI>smi:smi-registry/organization/EMSC</agencyURI>
      <authorURI>smi:smi-registry/organization/EMSC</authorURI>
    </creationInfo>
  </magnitude>
</event>
<event publicID="quakeml:eu.emsc/event/20050211_0000050">
  <preferredOriginID>quakeml:eu.emsc/event/20050211_0000050/origin/1269251</preferredOriginID>
  <preferredMagnitudeID>quakeml:eu.emsc/event/20050211_0000050/origin/1269251/mag/2</preferredMagnitudeID>
  <creationInfo>
    <agencyURI>smi:smi-registry/organization/EMSC</agencyURI>
    <authorURI>smi:smi-registry/organization/EMSC</authorURI>
    <creationTime>2014-12-11T08:00:45.158142Z</creationTime>
  </creationInfo>
  <description>
    <text>EASTERN TURKEY</text>
    <type>Flinn-Engdahl region</type>
  </description>
  <origin publicID="quakeml:eu.emsc/event/20050211_0000050/origin/1269251">
    <time>
      <value>2005-02-11T13:37:36.6Z</value>
    </time>
    <latitude>
      <value>40.886</value>
      <uncertainty>9999.9</uncertainty>
    </latitude>
    <longitude>
      <value>39.338</value>
      <uncertainty>9999.9</uncertainty>
    </longitude>
    <depth>
      <value>32000</value>
    </depth>
    <depthType>from location</depthType>
    <methodID>smi:eu.emsc-csem/origin_method/NA</methodID>
    <quality>
      <usedPhaseCount>5</usedPhaseCount>
      <usedStationCount>4</usedStationCount>
      <standardError>1.25</standardError>
      <azimuthalGap>304</azimuthalGap>
      <minimumDistance>0.44</minimumDistance>
      <maximumDistance>1.99</maximumDistance>
    </quality>
    <evaluationMode>manual</evaluationMode>
    <creationInfo>
      <agencyURI>smi:smi-registry/organization/EMSC</agencyURI>
      <authorURI>smi:smi-registry/organization/EMSC</authorURI>
    </creationInfo>
    <originUncertainty>
      <azimuthMaxHorizontalUncertainty>-99</azimuthMaxHorizontalUncertainty>
    </originUncertainty>
  </origin>
  <magnitude publicID="quakeml:eu.emsc/event/20050211_0000050/origin/1269251/mag/2">
    <mag>
      <value>3</value>
    </mag>
    <type>MD</type>
    <originID>quakeml:eu.emsc/event/20050211_0000050/origin/1269251</originID>
    <creationInfo>
      <agencyURI>smi:smi-registry/organization/EMSC</agencyURI>
      <authorURI>smi:smi-registry/organization/EMSC</authorURI>
    </creationInfo>
  </magnitude>
</event>
<event publicID="quakeml:eu.emsc/event/20050211_0000029">
  <preferredOriginID>quakeml:eu.emsc/event/20050211_0000029/origin/1269253</preferredOriginID>
  <preferredMagnitudeID>quakeml:eu.emsc/event/20050211_0000029/origin/1269253/mag/2</preferredMagnitudeID>
  <creationInfo>
    <agencyURI>smi:smi-registry/organization/EMSC</agencyURI>
    <authorURI>smi:smi-registry/organization/EMSC</authorURI>
    <creationTime>2014-12-11T08:00:39.776349Z</creationTime>
  </creationInfo>
  <description>
    <text>EASTERN TURKEY</text>
    <type>Flinn-Engdahl region</type>
  </description>
  <origin publicID="quakeml:eu.emsc/event/20050211_0000029/origin/1269253">
    <time>
      <value>2005-02-11T12:51:28.5Z</value>
    </time>
    <latitude>
      <value>39.944</value>
      <uncertainty>9999.9</uncertainty>
    </latitude>
    <longitude>
      <value>40.852</value>
      <uncertainty>9999.9</uncertainty>
    </longitude>
    <depth>
      <value>19000</value>
    </depth>
    <depthType>from location</depthType>
    <methodID>smi:eu.emsc-csem/origin_method/NA</methodID>
    <quality>
      <usedPhaseCount>10</usedPhaseCount>
      <usedStationCount>7</usedStationCount>
      <standardError>1.17</standardError>
      <azimuthalGap>161</azimuthalGap>
      <minimumDistance>0.29</minimumDistance>
      <maximumDistance>1.82</maximumDistance>
    </quality>
    <evaluationMode>manual</evaluationMode>
    <creationInfo>
      <agencyURI>smi:smi-registry/organization/EMSC</agencyURI>
      <authorURI>smi:smi-registry/organization/EMSC</authorURI>
    </creationInfo>
    <originUncertainty>
      <azimuthMaxHorizontalUncertainty>-99</azimuthMaxHorizontalUncertainty>
    </originUncertainty>
  </origin>
  <magnitude publicID="quakeml:eu.emsc/event/20050211_0000029/origin/1269253/mag/2">
    <mag>
      <value>3.3</value>
    </mag>
    <type>MD</type>
    <originID>quakeml:eu.emsc/event/20050211_0000029/origin/1269253</originID>
    <creationInfo>
      <agencyURI>smi:smi-registry/organization/EMSC</agencyURI>
      <authorURI>smi:smi-registry/organization/EMSC</authorURI>
    </creationInfo>
  </magnitude>
</event>
<event publicID="quakeml:eu.emsc/event/20050211_0000059">
  <preferredOriginID>quakeml:eu.emsc/event/20050211_0000059/origin/1269255</preferredOriginID>
  <preferredMagnitudeID>quakeml:eu.emsc/event/20050211_0000059/origin/1269255/mag/2</preferredMagnitudeID>
  <creationInfo>
    <agencyURI>smi:smi-registry/organization/EMSC</agencyURI>
    <authorURI>smi:smi-registry/organization/EMSC</authorURI>
    <creationTime>2014-12-11T08:00:37.379395Z</creationTime>
  </creationInfo>
  <description>
    <text>CENTRAL TURKEY</text>
    <type>Flinn-Engdahl region</type>
  </description>
  <origin publicID="quakeml:eu.emsc/event/20050211_0000059/origin/1269255">
    <time>
      <value>2005-02-11T12:25:27.4Z</value>
    </time>
    <latitude>
      <value>36.009</value>
      <uncertainty>9999.9</uncertainty>
    </latitude>
    <longitude>
      <value>35.933</value>
      <uncertainty>9999.9</uncertainty>
    </longitude>
    <depth>
      <value>13000</value>
    </depth>
    <depthType>from location</depthType>
    <methodID>smi:eu.emsc-csem/origin_method/NA</methodID>
    <quality>
      <usedPhaseCount>6</usedPhaseCount>
      <usedStationCount>4</usedStationCount>
      <standardError>0.92</standardError>
      <azimuthalGap>294</azimuthalGap>
      <minimumDistance>0.2</minimumDistance>
      <maximumDistance>2.73</maximumDistance>
    </quality>
    <evaluationMode>manual</evaluationMode>
    <creationInfo>
      <agencyURI>smi:smi-registry/organization/EMSC</agencyURI>
      <authorURI>smi:smi-registry/organization/EMSC</authorURI>
    </creationInfo>
    <originUncertainty>
      <azimuthMaxHorizontalUncertainty>-99</azimuthMaxHorizontalUncertainty>
    </originUncertainty>
  </origin>
  <magnitude publicID="quakeml:eu.emsc/event/20050211_0000059/origin/1269255/mag/2">
    <mag>
      <value>3.2</value>
    </mag>
    <type>MD</type>
    <originID>quakeml:eu.emsc/event/20050211_0000059/origin/1269255</originID>
    <creationInfo>
      <agencyURI>smi:smi-registry/organization/EMSC</agencyURI>
      <authorURI>smi:smi-registry/organization/EMSC</authorURI>
    </creationInfo>
  </magnitude>
</event>
<event publicID="quakeml:eu.emsc/event/20050211_0000038">
  <preferredOriginID>quakeml:eu.emsc/event/20050211_0000038/origin/1269257</preferredOriginID>
  <preferredMagnitudeID>quakeml:eu.emsc/event/20050211_0000038/origin/1269257/mag/2</preferredMagnitudeID>
  <creationInfo>
    <agencyURI>smi:smi-registry/organization/EMSC</agencyURI>
    <authorURI>smi:smi-registry/organization/EMSC</authorURI>
    <creationTime>2014-12-11T08:00:35.33768Z</creationTime>
  </creationInfo>
  <description>
    <text>WESTERN TURKEY</text>
    <type>Flinn-Engdahl region</type>
  </description>
  <origin publicID="quakeml:eu.emsc/event/20050211_0000038/origin/1269257">
    <time>
      <value>2005-02-11T12:24:41.8Z</value>
    </time>
    <latitude>
      <value>40.727</value>
      <uncertainty>9999.9</uncertainty>
    </latitude>
    <longitude>
      <value>27.373</value>
      <uncertainty>9999.9</uncertainty>
    </longitude>
    <depth>
      <value>30000</value>
    </depth>
    <depthType>from location</depthType>
    <methodID>smi:eu.emsc-csem/origin_method/NA</methodID>
    <quality>
      <usedPhaseCount>8</usedPhaseCount>
      <usedStationCount>6</usedStationCount>
      <standardError>0.75</standardError>
      <azimuthalGap>175</azimuthalGap>
      <minimumDistance>0.09</minimumDistance>
      <maximumDistance>1.22</maximumDistance>
    </quality>
    <evaluationMode>manual</evaluationMode>
    <creationInfo>
      <agencyURI>smi:smi-registry/organization/EMSC</agencyURI>
      <authorURI>smi:smi-registry/organization/EMSC</authorURI>
    </creationInfo>
    <originUncertainty>
      <azimuthMaxHorizontalUncertainty>-99</azimuthMaxHorizontalUncertainty>
    </originUncertainty>
  </origin>
  <magnitude publicID="quakeml:eu.emsc/event/20050211_0000038/origin/1269257/mag/2">
    <mag>
      <value>2.8</value>
    </mag>
    <type>MD</type>
    <originID>quakeml:eu.emsc/event/20050211_0000038/origin/1269257</originID>
    <creationInfo>
      <agencyURI>smi:smi-registry/organization/EMSC</agencyURI>
      <authorURI>smi:smi-registry/organization/EMSC</authorURI>
    </creationInfo>
  </magnitude>
</event>
<event publicID="quakeml:eu.emsc/event/20050211_0000028">
  <preferredOriginID>quakeml:eu.emsc/event/20050211_0000028/origin/CM468</preferredOriginID>
  <preferredMagnitudeID>quakeml:eu.emsc/event/20050211_0000028/origin/CM468/mag/1</preferredMagnitudeID>
  <creationInfo>
    <agencyURI>smi:smi-registry/organization/EMSC</agencyURI>
    <authorURI>smi:smi-registry/organization/NNC</authorURI>
    <creationTime>2014-12-01T14:32:23.520566Z</creationTime>
  </creationInfo>
  <description>
    <text>CENTRAL KAZAKHSTAN</text>
    <type>Flinn-Engdahl region</type>
  </description>
  <origin publicID="quakeml:eu.emsc/event/20050211_0000028/origin/CM468">
    <time>
      <value>2005-02-11T12:03:47.0Z</value>
    </time>
    <latitude>
      <value>48.76</value>
    </latitude>
    <longitude>
      <value>67.4</value>
    </longitude>
    <depth>
      <value>1000.0</value>
    </depth>
    <depthType>from location</depthType>
    <methodID>smi:eu.emsc-csem/origin_method/GEIGER</methodID>
    <quality>
      <usedPhaseCount>2</usedPhaseCount>
      <usedStationCount>1</usedStationCount>
      <azimuthalGap>360</azimuthalGap>
      <minimumDistance>10.23</minimumDistance>
      <maximumDistance>10.23</maximumDistance>
    </quality>
    <evaluationMode>automatic</evaluationMode>
    <creationInfo>
      <agencyURI>smi:smi-registry/organization/EMSC</agencyURI>
      <authorURI>smi:smi-registry/organization/NNC</authorURI>
    </creationInfo>
  </origin>
  <magnitude publicID="quakeml:eu.emsc/event/20050211_0000028/origin/CM468/mag/1">
    <mag>
      <value>3.5</value>
    </mag>
    <type>ml</type>
    <originID>quakeml:eu.emsc/event/20050211_0000028/origin/CM468</originID>
    <creationInfo>
      <agencyURI>smi:smi-registry/organization/EMSC</agencyURI>
      <authorURI>smi:smi-registry/organization/NNC</authorURI>
    </creationInfo>
  </magnitude>
</event>
<event publicID="quakeml:eu.emsc/event/20050211_0000027">
  <preferredOriginID>quakeml:eu.emsc/event/20050211_0000027/origin/1269259</preferredOriginID>
  <preferredMagnitudeID>quakeml:eu.emsc/event/20050211_0000027/origin/1269259/mag/2</preferredMagnitudeID>
  <creationInfo>
    <agencyURI>smi:smi-registry/organization/EMSC</agencyURI>
    <authorURI>smi:smi-registry/organization/EMSC</authorURI>
    <creationTime>2014-12-11T08:00:33.367974Z</creationTime>
  </creationInfo>
  <description>
    <text>EASTERN TURKEY</text>
    <type>Flinn-Engdahl region</type>
  </description>
  <origin publicID="quakeml:eu.emsc/event/20050211_0000027/origin/1269259">
    <time>
      <value>2005-02-11T11:17:58.7Z</value>
    </time>
    <latitude>
      <value>40.03</value>
      <uncertainty>9999.9</uncertainty>
    </latitude>
    <longitude>
      <value>40.895</value>
      <uncertainty>9999.9</uncertainty>
    </longitude>
    <depth>
      <value>32000</value>
    </depth>
    <depthType>from location</depthType>
    <methodID>smi:eu.emsc-csem/origin_method/NA</methodID>
    <quality>
      <usedPhaseCount>8</usedPhaseCount>
      <usedStationCount>6</usedStationCount>
      <standardError>0.77</standardError>
      <azimuthalGap>184</azimuthalGap>
      <minimumDistance>0.29</minimumDistance>
      <maximumDistance>1.63</maximumDistance>
    </quality>
    <evaluationMode>manual</evaluationMode>
    <creationInfo>
      <agencyURI>smi:smi-registry/organization/EMSC</agencyURI>
      <authorURI>smi:smi-registry/organization/EMSC</authorURI>
    </creationInfo>
    <originUncertainty>
      <azimuthMaxHorizontalUncertainty>-99</azimuthMaxHorizontalUncertainty>
    </originUncertainty>
  </origin>
  <magnitude publicID="quakeml:eu.emsc/event/20050211_0000027/origin/1269259/mag/2">
    <mag>
      <value>3.3</value>
    </mag>
    <type>MD</type>
    <originID>quakeml:eu.emsc/event/20050211_0000027/origin/1269259</originID>
    <creationInfo>
      <agencyURI>smi:smi-registry/organization/EMSC</agencyURI>
      <authorURI>smi:smi-registry/organization/EMSC</authorURI>
    </creationInfo>
  </magnitude>
</event>
<event publicID="quakeml:eu.emsc/event/20050211_0000026">
  <preferredOriginID>quakeml:eu.emsc/event/20050211_0000026/origin/1269261</preferredOriginID>
  <preferredMagnitudeID>quakeml:eu.emsc/event/20050211_0000026/origin/1269261/mag/2</preferredMagnitudeID>
  <creationInfo>
    <agencyURI>smi:smi-registry/organization/EMSC</agencyURI>
    <authorURI>smi:smi-registry/organization/EMSC</authorURI>
    <creationTime>2014-12-11T08:00:30.224068Z</creationTime>
  </creationInfo>
  <description>
    <text>WESTERN TURKEY</text>
    <type>Flinn-Engdahl region</type>
  </description>
  <origin publicID="quakeml:eu.emsc/event/20050211_0000026/origin/1269261">
    <time>
      <value>2005-02-11T09:10:23.4Z</value>
    </time>
    <latitude>
      <value>40.626</value>
      <uncertainty>9999.9</uncertainty>
    </latitude>
    <longitude>
      <value>27.708</value>
      <uncertainty>9999.9</uncertainty>
    </longitude>
    <depth>
      <value>18000</value>
    </depth>
    <depthType>from location</depthType>
    <methodID>smi:eu.emsc-csem/origin_method/NA</methodID>
    <quality>
      <usedPhaseCount>17</usedPhaseCount>
      <usedStationCount>14</usedStationCount>
      <standardError>0.59</standardError>
      <azimuthalGap>76</azimuthalGap>
      <minimumDistance>0.3</minimumDistance>
      <maximumDistance>1.75</maximumDistance>
    </quality>
    <evaluationMode>manual</evaluationMode>
    <creationInfo>
      <agencyURI>smi:smi-registry/organization/EMSC</agencyURI>
      <authorURI>smi:smi-registry/organization/EMSC</authorURI>
    </creationInfo>
    <originUncertainty>
      <azimuthMaxHorizontalUncertainty>-99</azimuthMaxHorizontalUncertainty>
    </originUncertainty>
  </origin>
  <magnitude publicID="quakeml:eu.emsc/event/20050211_0000026/origin/1269261/mag/2">
    <mag>
      <value>3.1</value>
    </mag>
    <type>MD</type>
    <originID>quakeml:eu.emsc/event/20050211_0000026/origin/1269261</originID>
    <creationInfo>
      <agencyURI>smi:smi-registry/organization/EMSC</agencyURI>
      <authorURI>smi:smi-registry/organization/EMSC</authorURI>
    </creationInfo>
  </magnitude>
</event>
<event publicID="quakeml:eu.emsc/event/20050211_0000053">
  <preferredOriginID>quakeml:eu.emsc/event/20050211_0000053/origin/1269263</preferredOriginID>
  <preferredMagnitudeID>quakeml:eu.emsc/event/20050211_0000053/origin/1269263/mag/2</preferredMagnitudeID>
  <creationInfo>
    <agencyURI>smi:smi-registry/organization/EMSC</agencyURI>
    <authorURI>smi:smi-registry/organization/EMSC</authorURI>
    <creationTime>2014-12-11T08:00:28.325837Z</creationTime>
  </creationInfo>
  <description>
    <text>WESTERN TURKEY</text>
    <type>Flinn-Engdahl region</type>
  </description>
  <origin publicID="quakeml:eu.emsc/event/20050211_0000053/origin/1269263">
    <time>
      <value>2005-02-11T08:54:13.3Z</value>
    </time>
    <latitude>
      <value>39.617</value>
      <uncertainty>9999.9</uncertainty>
    </latitude>
    <longitude>
      <value>29.41</value>
      <uncertainty>9999.9</uncertainty>
    </longitude>
    <depth>
      <value>16000</value>
    </depth>
    <depthType>from location</depthType>
    <methodID>smi:eu.emsc-csem/origin_method/NA</methodID>
    <quality>
      <usedPhaseCount>12</usedPhaseCount>
      <usedStationCount>11</usedStationCount>
      <standardError>0.69</standardError>
      <azimuthalGap>104</azimuthalGap>
      <minimumDistance>0.58</minimumDistance>
      <maximumDistance>1.7</maximumDistance>
    </quality>
    <evaluationMode>manual</evaluationMode>
    <creationInfo>
      <agencyURI>smi:smi-registry/organization/EMSC</agencyURI>
      <authorURI>smi:smi-registry/organization/EMSC</authorURI>
    </creationInfo>
    <originUncertainty>
      <azimuthMaxHorizontalUncertainty>-99</azimuthMaxHorizontalUncertainty>
    </originUncertainty>
  </origin>
  <magnitude publicID="quakeml:eu.emsc/event/20050211_0000053/origin/1269263/mag/2">
    <mag>
      <value>2.8</value>
    </mag>
    <type>MD</type>
    <originID>quakeml:eu.emsc/event/20050211_0000053/origin/1269263</originID>
    <creationInfo>
      <agencyURI>smi:smi-registry/organization/EMSC</agencyURI>
      <authorURI>smi:smi-registry/organization/EMSC</authorURI>
    </creationInfo>
  </magnitude>
</event>
<event publicID="quakeml:eu.emsc/event/20050211_0000025">
  <preferredOriginID>quakeml:eu.emsc/event/20050211_0000025/origin/1269265</preferredOriginID>
  <preferredMagnitudeID>quakeml:eu.emsc/event/20050211_0000025/origin/1269265/mag/2</preferredMagnitudeID>
  <creationInfo>
    <agencyURI>smi:smi-registry/organization/EMSC</agencyURI>
    <authorURI>smi:smi-registry/organization/EMSC</authorURI>
    <creationTime>2014-12-11T08:00:25.43153Z</creationTime>
  </creationInfo>
  <description>
    <text>AZORES ISLANDS, PORTUGAL</text>
    <type>Flinn-Engdahl region</type>
  </description>
  <origin publicID="quakeml:eu.emsc/event/20050211_0000025/origin/1269265">
    <time>
      <value>2005-02-11T08:23:03.4Z</value>
    </time>
    <latitude>
      <value>37.76</value>
      <uncertainty>9999.9</uncertainty>
    </latitude>
    <longitude>
      <value>-25.371</value>
      <uncertainty>9999.9</uncertainty>
    </longitude>
    <depth>
      <value>2300.0</value>
    </depth>
    <depthType>from location</depthType>
    <methodID>smi:eu.emsc-csem/origin_method/NA</methodID>
    <quality>
      <usedPhaseCount>10</usedPhaseCount>
      <usedStationCount>10</usedStationCount>
      <standardError>1.12</standardError>
      <azimuthalGap>120</azimuthalGap>
      <minimumDistance>0.02</minimumDistance>
      <maximumDistance>0.29</maximumDistance>
    </quality>
    <evaluationMode>manual</evaluationMode>
    <creationInfo>
      <agencyURI>smi:smi-registry/organization/EMSC</agencyURI>
      <authorURI>smi:smi-registry/organization/EMSC</authorURI>
    </creationInfo>
    <originUncertainty>
      <azimuthMaxHorizontalUncertainty>-99</azimuthMaxHorizontalUncertainty>
    </originUncertainty>
  </origin>
  <magnitude publicID="quakeml:eu.emsc/event/20050211_0000025/origin/1269265/mag/2">
    <mag>
      <value>2.7</value>
    </mag>
    <type>ML</type>
    <originID>quakeml:eu.emsc/event/20050211_0000025/origin/1269265</originID>
    <creationInfo>
      <agencyURI>smi:smi-registry/organization/EMSC</agencyURI>
      <authorURI>smi:smi-registry/organization/EMSC</authorURI>
    </creationInfo>
  </magnitude>
</event>
<event publicID="quakeml:eu.emsc/event/20050211_0000024">
  <preferredOriginID>quakeml:eu.emsc/event/20050211_0000024/origin/CN472</preferredOriginID>
  <preferredMagnitudeID>quakeml:eu.emsc/event/20050211_0000024/origin/CN472/mag/1</preferredMagnitudeID>
  <creationInfo>
    <agencyURI>smi:smi-registry/organization/EMSC</agencyURI>
    <authorURI>smi:smi-registry/organization/BGR</authorURI>
    <creationTime>2014-12-01T14:45:14.722601Z</creationTime>
  </creationInfo>
  <description>
    <text>GERMANY</text>
    <type>Flinn-Engdahl region</type>
  </description>
  <origin publicID="quakeml:eu.emsc/event/20050211_0000024/origin/CN472">
    <time>
      <value>2005-02-11T08:02:09.6Z</value>
    </time>
    <latitude>
      <value>51.63</value>
    </latitude>
    <longitude>
      <value>7.76</value>
    </longitude>
    <depth>
      <value>1000.0</value>
    </depth>
    <depthType>from location</depthType>
    <methodID>smi:eu.emsc-csem/origin_method/GEIGER</methodID>
    <quality>
      <usedPhaseCount>4</usedPhaseCount>
      <usedStationCount>4</usedStationCount>
      <azimuthalGap>121</azimuthalGap>
      <minimumDistance>0.36</minimumDistance>
      <maximumDistance>1.64</maximumDistance>
    </quality>
    <evaluationMode>manual</evaluationMode>
    <creationInfo>
      <agencyURI>smi:smi-registry/organization/EMSC</agencyURI>
      <authorURI>smi:smi-registry/organization/BGR</authorURI>
    </creationInfo>
  </origin>
  <magnitude publicID="quakeml:eu.emsc/event/20050211_0000024/origin/CN472/mag/1">
    <mag>
      <value>2.2</value>
    </mag>
    <type>m</type>
    <originID>quakeml:eu.emsc/event/20050211_0000024/origin/CN472</originID>
    <creationInfo>
      <agencyURI>smi:smi-registry/organization/EMSC</agencyURI>
      <authorURI>smi:smi-registry/organization/BGR</authorURI>
    </creationInfo>
  </magnitude>
</event>
<event publicID="quakeml:eu.emsc/event/20050211_0000023">
  <preferredOriginID>quakeml:eu.emsc/event/20050211_0000023/origin/CM423</preferredOriginID>
  <preferredMagnitudeID>quakeml:eu.emsc/event/20050211_0000023/origin/CM423/mag/1</preferredMagnitudeID>
  <creationInfo>
    <agencyURI>smi:smi-registry/organization/EMSC</agencyURI>
    <authorURI>smi:smi-registry/organization/EMSC</authorURI>
    <creationTime>2014-12-01T13:40:28.927664Z</creationTime>
  </creationInfo>
  <description>
    <text>LUZON, PHILIPPINES</text>
    <type>Flinn-Engdahl region</type>
  </description>
  <origin publicID="quakeml:eu.emsc/event/20050211_0000023/origin/CM423">
    <time>
      <value>2005-02-11T07:43:59.8Z</value>
      <uncertainty>1.04</uncertainty>
    </time>
    <latitude>
      <value>16.6</value>
    </latitude>
    <longitude>
      <value>119.67</value>
    </longitude>
    <depth>
      <value>91000.0</value>
      <uncertainty>7.6</uncertainty>
    </depth>
    <depthType>from location</depthType>
    <methodID>smi:eu.emsc-csem/origin_method/NA</methodID>
    <quality>
      <usedPhaseCount>56</usedPhaseCount>
      <usedStationCount>43</usedStationCount>
      <standardError>0.80</standardError>
      <azimuthalGap>230</azimuthalGap>
      <minimumDistance>16.49</minimumDistance>
      <maximumDistance>90.44</maximumDistance>
    </quality>
    <evaluationMode>automatic</evaluationMode>
    <creationInfo>
      <agencyURI>smi:smi-registry/organization/EMSC</agencyURI>
      <authorURI>smi:smi-registry/organization/EMSC</authorURI>
    </creationInfo>
  </origin>
  <magnitude publicID="quakeml:eu.emsc/event/20050211_0000023/origin/CM423/mag/1">
    <mag>
      <value>5.0</value>
      <uncertainty>0.5</uncertainty>
    </mag>
    <type>mb</type>
    <originID>quakeml:eu.emsc/event/20050211_0000023/origin/CM423</originID>
    <stationCount>32</stationCount>
    <creationInfo>
      <agencyURI>smi:smi-registry/organization/EMSC</agencyURI>
      <authorURI>smi:smi-registry/organization/EMSC</authorURI>
    </creationInfo>
  </magnitude>
</event>
<event publicID="quakeml:eu.emsc/event/20050211_0000058">
  <preferredOriginID>quakeml:eu.emsc/event/20050211_0000058/origin/1269267</preferredOriginID>
  <preferredMagnitudeID>quakeml:eu.emsc/event/20050211_0000058/origin/1269267/mag/2</preferredMagnitudeID>
  <creationInfo>
    <agencyURI>smi:smi-registry/organization/EMSC</agencyURI>
    <authorURI>smi:smi-registry/organization/EMSC</authorURI>
    <creationTime>2014-12-11T08:00:09.187344Z</creationTime>
  </creationInfo>
  <description>
    <text>SLOVENIA</text>
    <type>Flinn-Engdahl region</type>
  </description>
  <origin publicID="quakeml:eu.emsc/event/20050211_0000058/origin/1269267">
    <time>
      <value>2005-02-11T07:31:18.6Z</value>
    </time>
    <latitude>
      <value>45.942</value>
      <uncertainty>9999.9</uncertainty>
    </latitude>
    <longitude>
      <value>15.024</value>
      <uncertainty>9999.9</uncertainty>
    </longitude>
    <depth>
      <value>10000</value>
    </depth>
    <depthType>from location</depthType>
    <methodID>smi:eu.emsc-csem/origin_method/NA</methodID>
    <quality>
      <usedPhaseCount>9</usedPhaseCount>
      <usedStationCount>5</usedStationCount>
      <standardError>0.32</standardError>
      <azimuthalGap>242</azimuthalGap>
      <minimumDistance>0.12</minimumDistance>
      <maximumDistance>0.66</maximumDistance>
    </quality>
    <evaluationMode>manual</evaluationMode>
    <creationInfo>
      <agencyURI>smi:smi-registry/organization/EMSC</agencyURI>
      <authorURI>smi:smi-registry/organization/EMSC</authorURI>
    </creationInfo>
    <originUncertainty>
      <azimuthMaxHorizontalUncertainty>-99</azimuthMaxHorizontalUncertainty>
    </originUncertainty>
  </origin>
  <magnitude publicID="quakeml:eu.emsc/event/20050211_0000058/origin/1269267/mag/2">
    <mag>
      <value>1</value>
    </mag>
    <type>ML</type>
    <originID>quakeml:eu.emsc/event/20050211_0000058/origin/1269267</originID>
    <creationInfo>
      <agencyURI>smi:smi-registry/organization/EMSC</agencyURI>
      <authorURI>smi:smi-registry/organization/EMSC</authorURI>
    </creationInfo>
  </magnitude>
</event>
<event publicID="quakeml:eu.emsc/event/20050211_0000022">
  <preferredOriginID>quakeml:eu.emsc/event/20050211_0000022/origin/1269269</preferredOriginID>
  <preferredMagnitudeID>quakeml:eu.emsc/event/20050211_0000022/origin/1269269/mag/2</preferredMagnitudeID>
  <creationInfo>
    <agencyURI>smi:smi-registry/organization/EMSC</agencyURI>
    <authorURI>smi:smi-registry/organization/EMSC</authorURI>
    <creationTime>2014-12-11T08:00:21.300448Z</creationTime>
  </creationInfo>
  <description>
    <text>WESTERN TURKEY</text>
    <type>Flinn-Engdahl region</type>
  </description>
  <origin publicID="quakeml:eu.emsc/event/20050211_0000022/origin/1269269">
    <time>
      <value>2005-02-11T07:16:11.4Z</value>
    </time>
    <latitude>
      <value>40.786</value>
      <uncertainty>9999.9</uncertainty>
    </latitude>
    <longitude>
      <value>27.434</value>
      <uncertainty>9999.9</uncertainty>
    </longitude>
    <depth>
      <value>13000</value>
    </depth>
    <depthType>from location</depthType>
    <methodID>smi:eu.emsc-csem/origin_method/NA</methodID>
    <quality>
      <usedPhaseCount>12</usedPhaseCount>
      <usedStationCount>10</usedStationCount>
      <standardError>0.66</standardError>
      <azimuthalGap>102</azimuthalGap>
      <minimumDistance>0.12</minimumDistance>
      <maximumDistance>1.7</maximumDistance>
    </quality>
    <evaluationMode>manual</evaluationMode>
    <creationInfo>
      <agencyURI>smi:smi-registry/organization/EMSC</agencyURI>
      <authorURI>smi:smi-registry/organization/EMSC</authorURI>
    </creationInfo>
    <originUncertainty>
      <azimuthMaxHorizontalUncertainty>-99</azimuthMaxHorizontalUncertainty>
    </originUncertainty>
  </origin>
  <magnitude publicID="quakeml:eu.emsc/event/20050211_0000022/origin/1269269/mag/2">
    <mag>
      <value>2.8</value>
    </mag>
    <type>MD</type>
    <originID>quakeml:eu.emsc/event/20050211_0000022/origin/1269269</originID>
    <creationInfo>
      <agencyURI>smi:smi-registry/organization/EMSC</agencyURI>
      <authorURI>smi:smi-registry/organization/EMSC</authorURI>
    </creationInfo>
  </magnitude>
</event>
<event publicID="quakeml:eu.emsc/event/20050211_0000054">
  <preferredOriginID>quakeml:eu.emsc/event/20050211_0000054/origin/1286285</preferredOriginID>
  <preferredMagnitudeID>quakeml:eu.emsc/event/20050211_0000054/origin/1286285/mag/2</preferredMagnitudeID>
  <creationInfo>
    <agencyURI>smi:smi-registry/organization/EMSC</agencyURI>
    <authorURI>smi:smi-registry/organization/EMSC</authorURI>
    <creationTime>2014-12-03T11:35:39.99347Z</creationTime>
  </creationInfo>
  <description>
    <text>STRAIT OF GIBRALTAR</text>
    <type>Flinn-Engdahl region</type>
  </description>
  <origin publicID="quakeml:eu.emsc/event/20050211_0000054/origin/1286285">
    <time>
      <value>2005-02-11T05:24:41.6Z</value>
      <uncertainty>0.31</uncertainty>
    </time>
    <latitude>
      <value>35.0327</value>
      <uncertainty>6.5</uncertainty>
    </latitude>
    <longitude>
      <value>-3.8975</value>
      <uncertainty>6.4</uncertainty>
    </longitude>
    <depth>
      <value>0</value>
      <uncertainty>3.3</uncertainty>
    </depth>
    <depthType>from location</depthType>
    <methodID>smi:eu.emsc-csem/origin_method/NA</methodID>
    <quality>
      <usedPhaseCount>17</usedPhaseCount>
      <usedStationCount>11</usedStationCount>
      <standardError>1.09</standardError>
      <azimuthalGap>116</azimuthalGap>
      <minimumDistance>0.14</minimumDistance>
      <maximumDistance>3.78</maximumDistance>
    </quality>
    <evaluationMode>manual</evaluationMode>
    <creationInfo>
      <agencyURI>smi:smi-registry/organization/EMSC</agencyURI>
      <authorURI>smi:smi-registry/organization/EMSC</authorURI>
    </creationInfo>
    <originUncertainty>
      <azimuthMaxHorizontalUncertainty>90</azimuthMaxHorizontalUncertainty>
    </originUncertainty>
  </origin>
  <magnitude publicID="quakeml:eu.emsc/event/20050211_0000054/origin/1286285/mag/2">
    <mag>
      <value>2.9</value>
    </mag>
    <type>MD</type>
    <originID>quakeml:eu.emsc/event/20050211_0000054/origin/1286285</originID>
    <creationInfo>
      <agencyURI>smi:smi-registry/organization/EMSC</agencyURI>
      <authorURI>smi:smi-registry/organization/EMSC</authorURI>
    </creationInfo>
  </magnitude>
</event>
<event publicID="quakeml:eu.emsc/event/20050211_0000055">
  <preferredOriginID>quakeml:eu.emsc/event/20050211_0000055/origin/1287907</preferredOriginID>
  <preferredMagnitudeID>quakeml:eu.emsc/event/20050211_0000055/origin/1287907/mag/2</preferredMagnitudeID>
  <creationInfo>
    <agencyURI>smi:smi-registry/organization/EMSC</agencyURI>
    <authorURI>smi:smi-registry/organization/EMSC</authorURI>
    <creationTime>2014-12-03T11:23:44.746621Z</creationTime>
  </creationInfo>
  <description>
    <text>NORTHERN IRAN</text>
    <type>Flinn-Engdahl region</type>
  </description>
  <origin publicID="quakeml:eu.emsc/event/20050211_0000055/origin/1287907">
    <time>
      <value>2005-02-11T05:11:49.0Z</value>
      <uncertainty>0.21</uncertainty>
    </time>
    <latitude>
      <value>35.0134</value>
      <uncertainty>5.6</uncertainty>
    </latitude>
    <longitude>
      <value>53.7471</value>
      <uncertainty>4.6</uncertainty>
    </longitude>
    <depth>
      <value>2000</value>
    </depth>
    <depthType>from location</depthType>
    <methodID>smi:eu.emsc-csem/origin_method/NA</methodID>
    <quality>
      <usedPhaseCount>23</usedPhaseCount>
      <usedStationCount>19</usedStationCount>
      <standardError>1.01</standardError>
      <azimuthalGap>80</azimuthalGap>
      <minimumDistance>0.47</minimumDistance>
      <maximumDistance>5.34</maximumDistance>
    </quality>
    <evaluationMode>manual</evaluationMode>
    <creationInfo>
      <agencyURI>smi:smi-registry/organization/EMSC</agencyURI>
      <authorURI>smi:smi-registry/organization/EMSC</authorURI>
    </creationInfo>
    <originUncertainty>
      <azimuthMaxHorizontalUncertainty>15</azimuthMaxHorizontalUncertainty>
    </originUncertainty>
  </origin>
  <magnitude publicID="quakeml:eu.emsc/event/20050211_0000055/origin/1287907/mag/2">
    <mag>
      <value>3.6</value>
    </mag>
    <type>ML</type>
    <originID>quakeml:eu.emsc/event/20050211_0000055/origin/1287907</originID>
    <creationInfo>
      <agencyURI>smi:smi-registry/organization/EMSC</agencyURI>
      <authorURI>smi:smi-registry/organization/EMSC</authorURI>
    </creationInfo>
  </magnitude>
</event>
<event publicID="quakeml:eu.emsc/event/20050211_0000021">
  <preferredOriginID>quakeml:eu.emsc/event/20050211_0000021/origin/1286278</preferredOriginID>
  <preferredMagnitudeID>quakeml:eu.emsc/event/20050211_0000021/origin/1286278/mag/2</preferredMagnitudeID>
  <creationInfo>
    <agencyURI>smi:smi-registry/organization/EMSC</agencyURI>
    <authorURI>smi:smi-registry/organization/EMSC</authorURI>
    <creationTime>2014-12-03T12:52:12.423616Z</creationTime>
  </creationInfo>
  <description>
    <text>AZORES-CAPE ST. VINCENT RIDGE</text>
    <type>Flinn-Engdahl region</type>
  </description>
  <origin publicID="quakeml:eu.emsc/event/20050211_0000021/origin/1286278">
    <time>
      <value>2005-02-11T04:55:05.6Z</value>
      <uncertainty>0.46</uncertainty>
    </time>
    <latitude>
      <value>37.8337</value>
      <uncertainty>8.9</uncertainty>
    </latitude>
    <longitude>
      <value>-15.4311</value>
      <uncertainty>6.9</uncertainty>
    </longitude>
    <depth>
      <value>10000</value>
    </depth>
    <depthType>from location</depthType>
    <methodID>smi:eu.emsc-csem/origin_method/NA</methodID>
    <quality>
      <usedPhaseCount>59</usedPhaseCount>
      <usedStationCount>40</usedStationCount>
      <standardError>1.07</standardError>
      <azimuthalGap>301</azimuthalGap>
      <minimumDistance>5.02</minimumDistance>
      <maximumDistance>16.08</maximumDistance>
    </quality>
    <evaluationMode>manual</evaluationMode>
    <creationInfo>
      <agencyURI>smi:smi-registry/organization/EMSC</agencyURI>
      <authorURI>smi:smi-registry/organization/EMSC</authorURI>
    </creationInfo>
    <originUncertainty>
      <azimuthMaxHorizontalUncertainty>57</azimuthMaxHorizontalUncertainty>
    </originUncertainty>
  </origin>
  <magnitude publicID="quakeml:eu.emsc/event/20050211_0000021/origin/1286278/mag/2">
    <mag>
      <value>4.5</value>
      <uncertainty>0.1</uncertainty>
    </mag>
    <type>mb</type>
    <originID>quakeml:eu.emsc/event/20050211_0000021/origin/1286278</originID>
    <stationCount>18</stationCount>
    <creationInfo>
      <agencyURI>smi:smi-registry/organization/EMSC</agencyURI>
      <authorURI>smi:smi-registry/organization/EMSC</authorURI>
    </creationInfo>
  </magnitude>
</event>
<event publicID="quakeml:eu.emsc/event/20050211_0000020">
  <preferredOriginID>quakeml:eu.emsc/event/20050211_0000020/origin/CM570</preferredOriginID>
  <preferredMagnitudeID>quakeml:eu.emsc/event/20050211_0000020/origin/CM570/mag/1</preferredMagnitudeID>
  <creationInfo>
    <agencyURI>smi:smi-registry/organization/EMSC</agencyURI>
    <authorURI>smi:smi-registry/organization/ATH</authorURI>
    <creationTime>2014-12-01T14:06:41.944492Z</creationTime>
  </creationInfo>
  <description>
    <text>SOUTHERN GREECE</text>
    <type>Flinn-Engdahl region</type>
  </description>
  <origin publicID="quakeml:eu.emsc/event/20050211_0000020/origin/CM570">
    <time>
      <value>2005-02-11T04:40:53.0Z</value>
    </time>
    <latitude>
      <value>37.7</value>
    </latitude>
    <longitude>
      <value>23.3</value>
    </longitude>
    <depth>
      <value>1000.0</value>
    </depth>
    <depthType>from location</depthType>
    <methodID>smi:eu.emsc-csem/origin_method/GEIGER</methodID>
    <quality>
      <usedPhaseCount>4</usedPhaseCount>
      <usedStationCount>4</usedStationCount>
      <azimuthalGap>194</azimuthalGap>
      <minimumDistance>2.20</minimumDistance>
      <maximumDistance>3.85</maximumDistance>
    </quality>
    <evaluationMode>automatic</evaluationMode>
    <creationInfo>
      <agencyURI>smi:smi-registry/organization/EMSC</agencyURI>
      <authorURI>smi:smi-registry/organization/ATH</authorURI>
    </creationInfo>
  </origin>
  <magnitude publicID="quakeml:eu.emsc/event/20050211_0000020/origin/CM570/mag/1">
    <mag>
      <value>3.0</value>
    </mag>
    <type>ml</type>
    <originID>quakeml:eu.emsc/event/20050211_0000020/origin/CM570</originID>
    <creationInfo>
      <agencyURI>smi:smi-registry/organization/EMSC</agencyURI>
      <authorURI>smi:smi-registry/organization/ATH</authorURI>
    </creationInfo>
  </magnitude>
</event>
<event publicID="quakeml:eu.emsc/event/20050211_0000047">
  <preferredOriginID>quakeml:eu.emsc/event/20050211_0000047/origin/1269271</preferredOriginID>
  <preferredMagnitudeID>quakeml:eu.emsc/event/20050211_0000047/origin/1269271/mag/2</preferredMagnitudeID>
  <creationInfo>
    <agencyURI>smi:smi-registry/organization/EMSC</agencyURI>
    <authorURI>smi:smi-registry/organization/EMSC</authorURI>
    <creationTime>2014-12-11T08:00:13.541478Z</creationTime>
  </creationInfo>
  <description>
    <text>WESTERN TURKEY</text>
    <type>Flinn-Engdahl region</type>
  </description>
  <origin publicID="quakeml:eu.emsc/event/20050211_0000047/origin/1269271">
    <time>
      <value>2005-02-11T04:37:56.7Z</value>
    </time>
    <latitude>
      <value>40.422</value>
      <uncertainty>9999.9</uncertainty>
    </latitude>
    <longitude>
      <value>27.804</value>
      <uncertainty>9999.9</uncertainty>
    </longitude>
    <depth>
      <value>26000</value>
    </depth>
    <depthType>from location</depthType>
    <methodID>smi:eu.emsc-csem/origin_method/NA</methodID>
    <quality>
      <usedPhaseCount>14</usedPhaseCount>
      <usedStationCount>12</usedStationCount>
      <standardError>0.69</standardError>
      <azimuthalGap>132</azimuthalGap>
      <minimumDistance>0.09</minimumDistance>
      <maximumDistance>1.54</maximumDistance>
    </quality>
    <evaluationMode>manual</evaluationMode>
    <creationInfo>
      <agencyURI>smi:smi-registry/organization/EMSC</agencyURI>
      <authorURI>smi:smi-registry/organization/EMSC</authorURI>
    </creationInfo>
    <originUncertainty>
      <azimuthMaxHorizontalUncertainty>-99</azimuthMaxHorizontalUncertainty>
    </originUncertainty>
  </origin>
  <magnitude publicID="quakeml:eu.emsc/event/20050211_0000047/origin/1269271/mag/2">
    <mag>
      <value>2.9</value>
    </mag>
    <type>MD</type>
    <originID>quakeml:eu.emsc/event/20050211_0000047/origin/1269271</originID>
    <creationInfo>
      <agencyURI>smi:smi-registry/organization/EMSC</agencyURI>
      <authorURI>smi:smi-registry/organization/EMSC</authorURI>
    </creationInfo>
  </magnitude>
</event>
<event publicID="quakeml:eu.emsc/event/20050211_0000043">
  <preferredOriginID>quakeml:eu.emsc/event/20050211_0000043/origin/1269273</preferredOriginID>
  <preferredMagnitudeID>quakeml:eu.emsc/event/20050211_0000043/origin/1269273/mag/2</preferredMagnitudeID>
  <creationInfo>
    <agencyURI>smi:smi-registry/organization/EMSC</agencyURI>
    <authorURI>smi:smi-registry/organization/EMSC</authorURI>
    <creationTime>2014-12-11T08:00:11.626334Z</creationTime>
  </creationInfo>
  <description>
    <text>WESTERN TURKEY</text>
    <type>Flinn-Engdahl region</type>
  </description>
  <origin publicID="quakeml:eu.emsc/event/20050211_0000043/origin/1269273">
    <time>
      <value>2005-02-11T04:31:50.2Z</value>
    </time>
    <latitude>
      <value>38.115</value>
      <uncertainty>9999.9</uncertainty>
    </latitude>
    <longitude>
      <value>28.858</value>
      <uncertainty>9999.9</uncertainty>
    </longitude>
    <depth>
      <value>5000</value>
    </depth>
    <depthType>from location</depthType>
    <methodID>smi:eu.emsc-csem/origin_method/NA</methodID>
    <quality>
      <usedPhaseCount>5</usedPhaseCount>
      <usedStationCount>4</usedStationCount>
      <standardError>0.86</standardError>
      <azimuthalGap>154</azimuthalGap>
      <minimumDistance>0.39</minimumDistance>
      <maximumDistance>1.36</maximumDistance>
    </quality>
    <evaluationMode>manual</evaluationMode>
    <creationInfo>
      <agencyURI>smi:smi-registry/organization/EMSC</agencyURI>
      <authorURI>smi:smi-registry/organization/EMSC</authorURI>
    </creationInfo>
    <originUncertainty>
      <azimuthMaxHorizontalUncertainty>-99</azimuthMaxHorizontalUncertainty>
    </originUncertainty>
  </origin>
  <magnitude publicID="quakeml:eu.emsc/event/20050211_0000043/origin/1269273/mag/2">
    <mag>
      <value>2.9</value>
    </mag>
    <type>MD</type>
    <originID>quakeml:eu.emsc/event/20050211_0000043/origin/1269273</originID>
    <creationInfo>
      <agencyURI>smi:smi-registry/organization/EMSC</agencyURI>
      <authorURI>smi:smi-registry/organization/EMSC</authorURI>
    </creationInfo>
  </magnitude>
</event>
<event publicID="quakeml:eu.emsc/event/20050211_0000040">
  <preferredOriginID>quakeml:eu.emsc/event/20050211_0000040/origin/1286282</preferredOriginID>
  <preferredMagnitudeID>quakeml:eu.emsc/event/20050211_0000040/origin/1286282/mag/2</preferredMagnitudeID>
  <creationInfo>
    <agencyURI>smi:smi-registry/organization/EMSC</agencyURI>
    <authorURI>smi:smi-registry/organization/EMSC</authorURI>
    <creationTime>2014-12-03T11:03:11.67848Z</creationTime>
  </creationInfo>
  <description>
    <text>AEGEAN SEA</text>
    <type>Flinn-Engdahl region</type>
  </description>
  <origin publicID="quakeml:eu.emsc/event/20050211_0000040/origin/1286282">
    <time>
      <value>2005-02-11T03:55:14.5Z</value>
      <uncertainty>0.19</uncertainty>
    </time>
    <latitude>
      <value>40.2987</value>
      <uncertainty>5.6</uncertainty>
    </latitude>
    <longitude>
      <value>25.4951</value>
      <uncertainty>3.6</uncertainty>
    </longitude>
    <depth>
      <value>15000</value>
    </depth>
    <depthType>from location</depthType>
    <methodID>smi:eu.emsc-csem/origin_method/NA</methodID>
    <quality>
      <usedPhaseCount>21</usedPhaseCount>
      <usedStationCount>17</usedStationCount>
      <standardError>0.75</standardError>
      <azimuthalGap>99</azimuthalGap>
      <minimumDistance>0.47</minimumDistance>
      <maximumDistance>2.5</maximumDistance>
    </quality>
    <evaluationMode>manual</evaluationMode>
    <creationInfo>
      <agencyURI>smi:smi-registry/organization/EMSC</agencyURI>
      <authorURI>smi:smi-registry/organization/EMSC</authorURI>
    </creationInfo>
    <originUncertainty>
      <azimuthMaxHorizontalUncertainty>54</azimuthMaxHorizontalUncertainty>
    </originUncertainty>
  </origin>
  <magnitude publicID="quakeml:eu.emsc/event/20050211_0000040/origin/1286282/mag/2">
    <mag>
      <value>3.3</value>
    </mag>
    <type>MD</type>
    <originID>quakeml:eu.emsc/event/20050211_0000040/origin/1286282</originID>
    <creationInfo>
      <agencyURI>smi:smi-registry/organization/EMSC</agencyURI>
      <authorURI>smi:smi-registry/organization/EMSC</authorURI>
    </creationInfo>
  </magnitude>
</event>
<event publicID="quakeml:eu.emsc/event/20050211_0000042">
  <preferredOriginID>quakeml:eu.emsc/event/20050211_0000042/origin/1286289</preferredOriginID>
  <preferredMagnitudeID>quakeml:eu.emsc/event/20050211_0000042/origin/1286289/mag/2</preferredMagnitudeID>
  <creationInfo>
    <agencyURI>smi:smi-registry/organization/EMSC</agencyURI>
    <authorURI>smi:smi-registry/organization/EMSC</authorURI>
    <creationTime>2014-12-03T10:24:44.346933Z</creationTime>
  </creationInfo>
  <description>
    <text>ADRIATIC SEA</text>
    <type>Flinn-Engdahl region</type>
  </description>
  <origin publicID="quakeml:eu.emsc/event/20050211_0000042/origin/1286289">
    <time>
      <value>2005-02-11T03:42:57.5Z</value>
      <uncertainty>0.19</uncertainty>
    </time>
    <latitude>
      <value>40.1525</value>
      <uncertainty>5.4</uncertainty>
    </latitude>
    <longitude>
      <value>19.5853</value>
      <uncertainty>3.7</uncertainty>
    </longitude>
    <depth>
      <value>8000</value>
    </depth>
    <depthType>from location</depthType>
    <methodID>smi:eu.emsc-csem/origin_method/NA</methodID>
    <quality>
      <usedPhaseCount>40</usedPhaseCount>
      <usedStationCount>33</usedStationCount>
      <standardError>1</standardError>
      <azimuthalGap>111</azimuthalGap>
      <minimumDistance>0.32</minimumDistance>
      <maximumDistance>5.55</maximumDistance>
    </quality>
    <evaluationMode>manual</evaluationMode>
    <creationInfo>
      <agencyURI>smi:smi-registry/organization/EMSC</agencyURI>
      <authorURI>smi:smi-registry/organization/EMSC</authorURI>
    </creationInfo>
    <originUncertainty>
      <azimuthMaxHorizontalUncertainty>30</azimuthMaxHorizontalUncertainty>
    </originUncertainty>
  </origin>
  <magnitude publicID="quakeml:eu.emsc/event/20050211_0000042/origin/1286289/mag/2">
    <mag>
      <value>3.3</value>
    </mag>
    <type>MD</type>
    <originID>quakeml:eu.emsc/event/20050211_0000042/origin/1286289</originID>
    <creationInfo>
      <agencyURI>smi:smi-registry/organization/EMSC</agencyURI>
      <authorURI>smi:smi-registry/organization/EMSC</authorURI>
    </creationInfo>
  </magnitude>
</event>
<event publicID="quakeml:eu.emsc/event/20050211_0000064">
  <preferredOriginID>quakeml:eu.emsc/event/20050211_0000064/origin/1286173</preferredOriginID>
  <preferredMagnitudeID>quakeml:eu.emsc/event/20050211_0000064/origin/1286173/mag/1</preferredMagnitudeID>
  <creationInfo>
    <agencyURI>smi:smi-registry/organization/EMSC</agencyURI>
    <authorURI>smi:smi-registry/organization/EMSC</authorURI>
    <creationTime>2014-12-03T12:13:03.876583Z</creationTime>
  </creationInfo>
  <description>
    <text>NORTHERN ITALY</text>
    <type>Flinn-Engdahl region</type>
  </description>
  <origin publicID="quakeml:eu.emsc/event/20050211_0000064/origin/1286173">
    <time>
      <value>2005-02-11T02:42:26.2Z</value>
      <uncertainty>0.13</uncertainty>
    </time>
    <latitude>
      <value>45.9583</value>
      <uncertainty>2.7</uncertainty>
    </latitude>
    <longitude>
      <value>7.9097</value>
      <uncertainty>1.6</uncertainty>
    </longitude>
    <depth>
      <value>8000</value>
    </depth>
    <depthType>from location</depthType>
    <methodID>smi:eu.emsc-csem/origin_method/NA</methodID>
    <quality>
      <usedPhaseCount>25</usedPhaseCount>
      <usedStationCount>14</usedStationCount>
      <standardError>0.36</standardError>
      <azimuthalGap>148</azimuthalGap>
      <minimumDistance>0.1</minimumDistance>
      <maximumDistance>1.77</maximumDistance>
    </quality>
    <evaluationMode>manual</evaluationMode>
    <creationInfo>
      <agencyURI>smi:smi-registry/organization/EMSC</agencyURI>
      <authorURI>smi:smi-registry/organization/EMSC</authorURI>
    </creationInfo>
    <originUncertainty>
      <azimuthMaxHorizontalUncertainty>88</azimuthMaxHorizontalUncertainty>
    </originUncertainty>
  </origin>
  <magnitude publicID="quakeml:eu.emsc/event/20050211_0000064/origin/1286173/mag/1">
    <mag>
      <value>1.9</value>
      <uncertainty>0.1</uncertainty>
    </mag>
    <type>ML</type>
    <originID>quakeml:eu.emsc/event/20050211_0000064/origin/1286173</originID>
    <stationCount>4</stationCount>
    <creationInfo>
      <agencyURI>smi:smi-registry/organization/EMSC</agencyURI>
      <authorURI>smi:smi-registry/organization/EMSC</authorURI>
    </creationInfo>
  </magnitude>
</event>
<event publicID="quakeml:eu.emsc/event/20050211_0000041">
  <preferredOriginID>quakeml:eu.emsc/event/20050211_0000041/origin/1286292</preferredOriginID>
  <preferredMagnitudeID>quakeml:eu.emsc/event/20050211_0000041/origin/1286292/mag/2</preferredMagnitudeID>
  <creationInfo>
    <agencyURI>smi:smi-registry/organization/EMSC</agencyURI>
    <authorURI>smi:smi-registry/organization/EMSC</authorURI>
    <creationTime>2014-12-03T10:59:29.888343Z</creationTime>
  </creationInfo>
  <description>
    <text>SOUTHERN NORWAY</text>
    <type>Flinn-Engdahl region</type>
  </description>
  <origin publicID="quakeml:eu.emsc/event/20050211_0000041/origin/1286292">
    <time>
      <value>2005-02-11T02:09:40.8Z</value>
      <uncertainty>0.29</uncertainty>
    </time>
    <latitude>
      <value>59.9058</value>
      <uncertainty>6.9</uncertainty>
    </latitude>
    <longitude>
      <value>6.2716</value>
      <uncertainty>5.7</uncertainty>
    </longitude>
    <depth>
      <value>2000</value>
    </depth>
    <depthType>from location</depthType>
    <methodID>smi:eu.emsc-csem/origin_method/NA</methodID>
    <quality>
      <usedPhaseCount>24</usedPhaseCount>
      <usedStationCount>15</usedStationCount>
      <standardError>1.2</standardError>
      <azimuthalGap>88</azimuthalGap>
      <minimumDistance>0.18</minimumDistance>
      <maximumDistance>3.73</maximumDistance>
    </quality>
    <evaluationMode>manual</evaluationMode>
    <creationInfo>
      <agencyURI>smi:smi-registry/organization/EMSC</agencyURI>
      <authorURI>smi:smi-registry/organization/EMSC</authorURI>
    </creationInfo>
    <originUncertainty>
      <azimuthMaxHorizontalUncertainty>72</azimuthMaxHorizontalUncertainty>
    </originUncertainty>
  </origin>
  <magnitude publicID="quakeml:eu.emsc/event/20050211_0000041/origin/1286292/mag/2">
    <mag>
      <value>2.1</value>
    </mag>
    <type>ML</type>
    <originID>quakeml:eu.emsc/event/20050211_0000041/origin/1286292</originID>
    <creationInfo>
      <agencyURI>smi:smi-registry/organization/EMSC</agencyURI>
      <authorURI>smi:smi-registry/organization/EMSC</authorURI>
    </creationInfo>
  </magnitude>
</event>
<event publicID="quakeml:eu.emsc/event/20050211_0000019">
  <preferredOriginID>quakeml:eu.emsc/event/20050211_0000019/origin/1269275</preferredOriginID>
  <preferredMagnitudeID>quakeml:eu.emsc/event/20050211_0000019/origin/1269275/mag/2</preferredMagnitudeID>
  <creationInfo>
    <agencyURI>smi:smi-registry/organization/EMSC</agencyURI>
    <authorURI>smi:smi-registry/organization/EMSC</authorURI>
    <creationTime>2014-12-11T07:59:57.906552Z</creationTime>
  </creationInfo>
  <description>
    <text>AZORES ISLANDS, PORTUGAL</text>
    <type>Flinn-Engdahl region</type>
  </description>
  <origin publicID="quakeml:eu.emsc/event/20050211_0000019/origin/1269275">
    <time>
      <value>2005-02-11T01:34:50.2Z</value>
    </time>
    <latitude>
      <value>37.614</value>
      <uncertainty>9999.9</uncertainty>
    </latitude>
    <longitude>
      <value>-25.216</value>
      <uncertainty>9999.9</uncertainty>
    </longitude>
    <depth>
      <value>0</value>
    </depth>
    <depthType>from location</depthType>
    <methodID>smi:eu.emsc-csem/origin_method/NA</methodID>
    <quality>
      <usedPhaseCount>26</usedPhaseCount>
      <usedStationCount>20</usedStationCount>
      <standardError>4.29</standardError>
      <azimuthalGap>306</azimuthalGap>
      <minimumDistance>0.17</minimumDistance>
      <maximumDistance>1.97</maximumDistance>
    </quality>
    <evaluationMode>manual</evaluationMode>
    <creationInfo>
      <agencyURI>smi:smi-registry/organization/EMSC</agencyURI>
      <authorURI>smi:smi-registry/organization/EMSC</authorURI>
    </creationInfo>
    <originUncertainty>
      <azimuthMaxHorizontalUncertainty>-99</azimuthMaxHorizontalUncertainty>
    </originUncertainty>
  </origin>
  <magnitude publicID="quakeml:eu.emsc/event/20050211_0000019/origin/1269275/mag/2">
    <mag>
      <value>3.3</value>
    </mag>
    <type>ML</type>
    <originID>quakeml:eu.emsc/event/20050211_0000019/origin/1269275</originID>
    <creationInfo>
      <agencyURI>smi:smi-registry/organization/EMSC</agencyURI>
      <authorURI>smi:smi-registry/organization/EMSC</authorURI>
    </creationInfo>
  </magnitude>
</event>
<event publicID="quakeml:eu.emsc/event/20050211_0000039">
  <preferredOriginID>quakeml:eu.emsc/event/20050211_0000039/origin/1269277</preferredOriginID>
  <preferredMagnitudeID>quakeml:eu.emsc/event/20050211_0000039/origin/1269277/mag/2</preferredMagnitudeID>
  <creationInfo>
    <agencyURI>smi:smi-registry/organization/EMSC</agencyURI>
    <authorURI>smi:smi-registry/organization/EMSC</authorURI>
    <creationTime>2014-12-11T07:59:56.402321Z</creationTime>
  </creationInfo>
  <description>
    <text>NEAR THE COAST OF YEMEN</text>
    <type>Flinn-Engdahl region</type>
  </description>
  <origin publicID="quakeml:eu.emsc/event/20050211_0000039/origin/1269277">
    <time>
      <value>2005-02-11T01:03:58.0Z</value>
    </time>
    <latitude>
      <value>12.098</value>
      <uncertainty>9999.9</uncertainty>
    </latitude>
    <longitude>
      <value>44.199</value>
      <uncertainty>9999.9</uncertainty>
    </longitude>
    <depth>
      <value>8000</value>
    </depth>
    <depthType>from location</depthType>
    <methodID>smi:eu.emsc-csem/origin_method/NA</methodID>
    <quality>
      <usedPhaseCount>10</usedPhaseCount>
      <usedStationCount>5</usedStationCount>
      <standardError>5.55</standardError>
      <azimuthalGap>318</azimuthalGap>
      <minimumDistance>1.11</minimumDistance>
      <maximumDistance>2.46</maximumDistance>
    </quality>
    <evaluationMode>manual</evaluationMode>
    <creationInfo>
      <agencyURI>smi:smi-registry/organization/EMSC</agencyURI>
      <authorURI>smi:smi-registry/organization/EMSC</authorURI>
    </creationInfo>
    <originUncertainty>
      <azimuthMaxHorizontalUncertainty>-99</azimuthMaxHorizontalUncertainty>
    </originUncertainty>
  </origin>
  <magnitude publicID="quakeml:eu.emsc/event/20050211_0000039/origin/1269277/mag/2">
    <mag>
      <value>3.5</value>
    </mag>
    <type>ML</type>
    <originID>quakeml:eu.emsc/event/20050211_0000039/origin/1269277</originID>
    <creationInfo>
      <agencyURI>smi:smi-registry/organization/EMSC</agencyURI>
      <authorURI>smi:smi-registry/organization/EMSC</authorURI>
    </creationInfo>
  </magnitude>
</event>
<event publicID="quakeml:eu.emsc/event/20050211_0000056">
  <preferredOriginID>quakeml:eu.emsc/event/20050211_0000056/origin/1269279</preferredOriginID>
  <preferredMagnitudeID>quakeml:eu.emsc/event/20050211_0000056/origin/1269279/mag/2</preferredMagnitudeID>
  <creationInfo>
    <agencyURI>smi:smi-registry/organization/EMSC</agencyURI>
    <authorURI>smi:smi-registry/organization/EMSC</authorURI>
    <creationTime>2014-12-10T17:58:00.377885Z</creationTime>
  </creationInfo>
  <description>
    <text>FRANCE</text>
    <type>Flinn-Engdahl region</type>
  </description>
  <origin publicID="quakeml:eu.emsc/event/20050211_0000056/origin/1269279">
    <time>
      <value>2005-02-11T00:46:38.0Z</value>
    </time>
    <latitude>
      <value>45.147</value>
      <uncertainty>9999.9</uncertainty>
    </latitude>
    <longitude>
      <value>6.3634</value>
      <uncertainty>9999.9</uncertainty>
    </longitude>
    <depth>
      <value>2000</value>
    </depth>
    <depthType>from location</depthType>
    <methodID>smi:eu.emsc-csem/origin_method/NA</methodID>
    <quality>
      <usedPhaseCount>9</usedPhaseCount>
      <usedStationCount>5</usedStationCount>
      <standardError>0.99</standardError>
      <azimuthalGap>168</azimuthalGap>
      <minimumDistance>0.41</minimumDistance>
      <maximumDistance>1.3</maximumDistance>
    </quality>
    <evaluationMode>manual</evaluationMode>
    <creationInfo>
      <agencyURI>smi:smi-registry/organization/EMSC</agencyURI>
      <authorURI>smi:smi-registry/organization/EMSC</authorURI>
    </creationInfo>
    <originUncertainty>
      <azimuthMaxHorizontalUncertainty>-99</azimuthMaxHorizontalUncertainty>
    </originUncertainty>
  </origin>
  <magnitude publicID="quakeml:eu.emsc/event/20050211_0000056/origin/1269279/mag/2">
    <mag>
      <value>1.7</value>
    </mag>
    <type>ML</type>
    <originID>quakeml:eu.emsc/event/20050211_0000056/origin/1269279</originID>
    <stationCount>1</stationCount>
    <creationInfo>
      <agencyURI>smi:smi-registry/organization/EMSC</agencyURI>
      <authorURI>smi:smi-registry/organization/EMSC</authorURI>
    </creationInfo>
  </magnitude>
</event>
<event publicID="quakeml:eu.emsc/event/20050211_0000052">
  <preferredOriginID>quakeml:eu.emsc/event/20050211_0000052/origin/1286177</preferredOriginID>
  <preferredMagnitudeID>quakeml:eu.emsc/event/20050211_0000052/origin/1286177/mag/1</preferredMagnitudeID>
  <creationInfo>
    <agencyURI>smi:smi-registry/organization/EMSC</agencyURI>
    <authorURI>smi:smi-registry/organization/EMSC</authorURI>
    <creationTime>2014-12-03T10:39:00.14645Z</creationTime>
  </creationInfo>
  <description>
    <text>PYRENEES</text>
    <type>Flinn-Engdahl region</type>
  </description>
  <origin publicID="quakeml:eu.emsc/event/20050211_0000052/origin/1286177">
    <time>
      <value>2005-02-11T00:11:59.6Z</value>
      <uncertainty>0.29</uncertainty>
    </time>
    <latitude>
      <value>43.1094</value>
      <uncertainty>6.9</uncertainty>
    </latitude>
    <longitude>
      <value>-1.4254</value>
      <uncertainty>4</uncertainty>
    </longitude>
    <depth>
      <value>2000</value>
    </depth>
    <depthType>from location</depthType>
    <methodID>smi:eu.emsc-csem/origin_method/NA</methodID>
    <quality>
      <usedPhaseCount>21</usedPhaseCount>
      <usedStationCount>11</usedStationCount>
      <standardError>1.01</standardError>
      <azimuthalGap>122</azimuthalGap>
      <minimumDistance>0.13</minimumDistance>
      <maximumDistance>2.49</maximumDistance>
    </quality>
    <evaluationMode>manual</evaluationMode>
    <creationInfo>
      <agencyURI>smi:smi-registry/organization/EMSC</agencyURI>
      <authorURI>smi:smi-registry/organization/EMSC</authorURI>
    </creationInfo>
    <originUncertainty>
      <azimuthMaxHorizontalUncertainty>20</azimuthMaxHorizontalUncertainty>
    </originUncertainty>
  </origin>
  <magnitude publicID="quakeml:eu.emsc/event/20050211_0000052/origin/1286177/mag/1">
    <mag>
      <value>2.1</value>
      <uncertainty>0.4</uncertainty>
    </mag>
    <type>ML</type>
    <originID>quakeml:eu.emsc/event/20050211_0000052/origin/1286177</originID>
    <stationCount>8</stationCount>
    <creationInfo>
      <agencyURI>smi:smi-registry/organization/EMSC</agencyURI>
      <authorURI>smi:smi-registry/organization/EMSC</authorURI>
    </creationInfo>
  </magnitude>
</event>
</eventParameters>
</q:quakeml>
