<?xml version="1.0"?>
<q:quakeml xmlns:q="http://quakeml.org/xmlns/quakeml/1.2"  xmlns="http://quakeml.org/xmlns/bed/1.2">
<eventParameters publicID="smi:eu.emsc/unid">
<event publicID="quakeml:eu.emsc/event/20001130_0000014">
  <preferredOriginID>quakeml:eu.emsc/event/20001130_0000014/origin/1440527</preferredOriginID>
  <preferredMagnitudeID>quakeml:eu.emsc/event/20001130_0000014/origin/1440527/mag/2</preferredMagnitudeID>
  <creationInfo>
    <agencyURI>smi:smi-registry/organization/EMSC</agencyURI>
    <authorURI>smi:smi-registry/organization/EMSC</authorURI>
    <creationTime>2014-12-03T10:48:47.502079Z</creationTime>
  </creationInfo>
  <description>
    <text>NEAR THE COAST OF WESTERN TURKEY</text>
    <type>Flinn-Engdahl region</type>
  </description>
  <origin publicID="quakeml:eu.emsc/event/20001130_0000014/origin/1440527">
    <time>
      <value>2000-11-30T21:37:19.4Z</value>
      <uncertainty>0.29</uncertainty>
    </time>
    <latitude>
      <value>38.5834</value>
      <uncertainty>8.5</uncertainty>
    </latitude>
    <longitude>
      <value>26.0294</value>
      <uncertainty>5.8</uncertainty>
    </longitude>
    <depth>
      <value>800.0</value>
      <uncertainty>0.9</uncertainty>
    </depth>
    <depthType>from location</depthType>
    <methodID>smi:eu.emsc-csem/origin_method/NA</methodID>
    <quality>
      <usedPhaseCount>8</usedPhaseCount>
      <usedStationCount>7</usedStationCount>
      <standardError>0.55</standardError>
      <azimuthalGap>175</azimuthalGap>
      <minimumDistance>0.69</minimumDistance>
      <maximumDistance>2.46</maximumDistance>
    </quality>
    <evaluationMode>manual</evaluationMode>
    <creationInfo>
      <agencyURI>smi:smi-registry/organization/EMSC</agencyURI>
      <authorURI>smi:smi-registry/organization/EMSC</authorURI>
    </creationInfo>
    <originUncertainty>
      <azimuthMaxHorizontalUncertainty>87</azimuthMaxHorizontalUncertainty>
    </originUncertainty>
  </origin>
  <magnitude publicID="quakeml:eu.emsc/event/20001130_0000014/origin/1440527/mag/2">
    <mag>
      <value>3.1</value>
    </mag>
    <type>MD</type>
    <originID>quakeml:eu.emsc/event/20001130_0000014/origin/1440527</originID>
    <creationInfo>
      <agencyURI>smi:smi-registry/organization/EMSC</agencyURI>
      <authorURI>smi:smi-registry/organization/EMSC</authorURI>
    </creationInfo>
  </magnitude>
</event>
<event publicID="quakeml:eu.emsc/event/20001130_0000013">
  <preferredOriginID>quakeml:eu.emsc/event/20001130_0000013/origin/1440530</preferredOriginID>
  <preferredMagnitudeID>quakeml:eu.emsc/event/20001130_0000013/origin/1440530/mag/2</preferredMagnitudeID>
  <creationInfo>
    <agencyURI>smi:smi-registry/organization/EMSC</agencyURI>
    <authorURI>smi:smi-registry/organization/EMSC</authorURI>
    <creationTime>2014-12-03T11:56:12.370575Z</creationTime>
  </creationInfo>
  <description>
    <text>ROMANIA</text>
    <type>Flinn-Engdahl region</type>
  </description>
  <origin publicID="quakeml:eu.emsc/event/20001130_0000013/origin/1440530">
    <time>
      <value>2000-11-30T21:31:23.8Z</value>
      <uncertainty>0.2</uncertainty>
    </time>
    <latitude>
      <value>45.6324</value>
      <uncertainty>8.6</uncertainty>
    </latitude>
    <longitude>
      <value>26.4557</value>
      <uncertainty>7.9</uncertainty>
    </longitude>
    <depth>
      <value>133300.0</value>
      <uncertainty>2.9</uncertainty>
    </depth>
    <depthType>from location</depthType>
    <methodID>smi:eu.emsc-csem/origin_method/NA</methodID>
    <quality>
      <usedPhaseCount>33</usedPhaseCount>
      <usedStationCount>26</usedStationCount>
      <standardError>1.11</standardError>
      <azimuthalGap>46</azimuthalGap>
      <minimumDistance>0.3</minimumDistance>
      <maximumDistance>52.85</maximumDistance>
    </quality>
    <evaluationMode>manual</evaluationMode>
    <creationInfo>
      <agencyURI>smi:smi-registry/organization/EMSC</agencyURI>
      <authorURI>smi:smi-registry/organization/EMSC</authorURI>
    </creationInfo>
    <originUncertainty>
      <azimuthMaxHorizontalUncertainty>15</azimuthMaxHorizontalUncertainty>
    </originUncertainty>
  </origin>
  <magnitude publicID="quakeml:eu.emsc/event/20001130_0000013/origin/1440530/mag/2">
    <mag>
      <value>4.4</value>
    </mag>
    <type>MD</type>
    <originID>quakeml:eu.emsc/event/20001130_0000013/origin/1440530</originID>
    <stationCount>5</stationCount>
    <creationInfo>
      <agencyURI>smi:smi-registry/organization/EMSC</agencyURI>
      <authorURI>smi:smi-registry/organization/EMSC</authorURI>
    </creationInfo>
  </magnitude>
</event>
<event publicID="quakeml:eu.emsc/event/20001130_0000018">
  <preferredOriginID>quakeml:eu.emsc/event/20001130_0000018/origin/1442555</preferredOriginID>
  <preferredMagnitudeID>quakeml:eu.emsc/event/20001130_0000018/origin/1442555/mag/2</preferredMagnitudeID>
  <creationInfo>
    <agencyURI>smi:smi-registry/organization/EMSC</agencyURI>
    <authorURI>smi:smi-registry/organization/EMSC</authorURI>
    <creationTime>2014-12-10T13:15:28.382109Z</creationTime>
  </creationInfo>
  <description>
    <text>NORTHERN ITALY</text>
    <type>Flinn-Engdahl region</type>
  </description>
  <origin publicID="quakeml:eu.emsc/event/20001130_0000018/origin/1442555">
    <time>
      <value>2000-11-30T20:35:22.5Z</value>
    </time>
    <latitude>
      <value>44.5675</value>
      <uncertainty>9999.9</uncertainty>
    </latitude>
    <longitude>
      <value>7.3732</value>
      <uncertainty>9999.9</uncertainty>
    </longitude>
    <depth>
      <value>14400.0</value>
    </depth>
    <depthType>from location</depthType>
    <methodID>smi:eu.emsc-csem/origin_method/NA</methodID>
    <quality>
      <usedPhaseCount>14</usedPhaseCount>
      <usedStationCount>9</usedStationCount>
      <standardError>9.68</standardError>
      <azimuthalGap>130</azimuthalGap>
      <minimumDistance>0.2</minimumDistance>
      <maximumDistance>0.75</maximumDistance>
    </quality>
    <evaluationMode>manual</evaluationMode>
    <creationInfo>
      <agencyURI>smi:smi-registry/organization/EMSC</agencyURI>
      <authorURI>smi:smi-registry/organization/EMSC</authorURI>
    </creationInfo>
    <originUncertainty>
      <azimuthMaxHorizontalUncertainty>-99</azimuthMaxHorizontalUncertainty>
    </originUncertainty>
  </origin>
  <magnitude publicID="quakeml:eu.emsc/event/20001130_0000018/origin/1442555/mag/2">
    <mag>
      <value>1.9</value>
    </mag>
    <type>ML</type>
    <originID>quakeml:eu.emsc/event/20001130_0000018/origin/1442555</originID>
    <creationInfo>
      <agencyURI>smi:smi-registry/organization/EMSC</agencyURI>
      <authorURI>smi:smi-registry/organization/EMSC</authorURI>
    </creationInfo>
  </magnitude>
</event>
<event publicID="quakeml:eu.emsc/event/20001130_0000012">
  <preferredOriginID>quakeml:eu.emsc/event/20001130_0000012/origin/1440536</preferredOriginID>
  <preferredMagnitudeID>quakeml:eu.emsc/event/20001130_0000012/origin/1440536/mag/2</preferredMagnitudeID>
  <creationInfo>
    <agencyURI>smi:smi-registry/organization/EMSC</agencyURI>
    <authorURI>smi:smi-registry/organization/EMSC</authorURI>
    <creationTime>2014-12-03T11:31:41.282124Z</creationTime>
  </creationInfo>
  <description>
    <text>ALBANIA</text>
    <type>Flinn-Engdahl region</type>
  </description>
  <origin publicID="quakeml:eu.emsc/event/20001130_0000012/origin/1440536">
    <time>
      <value>2000-11-30T19:26:39.9Z</value>
      <uncertainty>0.13</uncertainty>
    </time>
    <latitude>
      <value>41.7908</value>
      <uncertainty>4.6</uncertainty>
    </latitude>
    <longitude>
      <value>19.8049</value>
      <uncertainty>2.8</uncertainty>
    </longitude>
    <depth>
      <value>10000</value>
    </depth>
    <depthType>from location</depthType>
    <methodID>smi:eu.emsc-csem/origin_method/NA</methodID>
    <quality>
      <usedPhaseCount>83</usedPhaseCount>
      <usedStationCount>71</usedStationCount>
      <standardError>1.21</standardError>
      <azimuthalGap>60</azimuthalGap>
      <minimumDistance>0.76</minimumDistance>
      <maximumDistance>13.07</maximumDistance>
    </quality>
    <evaluationMode>manual</evaluationMode>
    <creationInfo>
      <agencyURI>smi:smi-registry/organization/EMSC</agencyURI>
      <authorURI>smi:smi-registry/organization/EMSC</authorURI>
    </creationInfo>
    <originUncertainty>
      <azimuthMaxHorizontalUncertainty>29</azimuthMaxHorizontalUncertainty>
    </originUncertainty>
  </origin>
  <magnitude publicID="quakeml:eu.emsc/event/20001130_0000012/origin/1440536/mag/2">
    <mag>
      <value>4.8</value>
    </mag>
    <type>mb</type>
    <originID>quakeml:eu.emsc/event/20001130_0000012/origin/1440536</originID>
    <stationCount>5</stationCount>
    <creationInfo>
      <agencyURI>smi:smi-registry/organization/EMSC</agencyURI>
      <authorURI>smi:smi-registry/organization/EMSC</authorURI>
    </creationInfo>
  </magnitude>
</event>
<event publicID="quakeml:eu.emsc/event/20001130_0000017">
  <preferredOriginID>quakeml:eu.emsc/event/20001130_0000017/origin/1440063</preferredOriginID>
  <preferredMagnitudeID>quakeml:eu.emsc/event/20001130_0000017/origin/1440063/mag/1</preferredMagnitudeID>
  <creationInfo>
    <agencyURI>smi:smi-registry/organization/EMSC</agencyURI>
    <authorURI>smi:smi-registry/organization/EMSC</authorURI>
    <creationTime>2014-12-03T15:17:04.23089Z</creationTime>
  </creationInfo>
  <description>
    <text>NORTHERN ITALY</text>
    <type>Flinn-Engdahl region</type>
  </description>
  <origin publicID="quakeml:eu.emsc/event/20001130_0000017/origin/1440063">
    <time>
      <value>2000-11-30T17:43:15.7Z</value>
      <uncertainty>0.3</uncertainty>
    </time>
    <latitude>
      <value>44.0198</value>
      <uncertainty>6.1</uncertainty>
    </latitude>
    <longitude>
      <value>7.7991</value>
      <uncertainty>5.4</uncertainty>
    </longitude>
    <depth>
      <value>15000</value>
    </depth>
    <depthType>from location</depthType>
    <methodID>smi:eu.emsc-csem/origin_method/NA</methodID>
    <quality>
      <usedPhaseCount>29</usedPhaseCount>
      <usedStationCount>17</usedStationCount>
      <standardError>1.11</standardError>
      <azimuthalGap>91</azimuthalGap>
      <minimumDistance>0.07</minimumDistance>
      <maximumDistance>1.71</maximumDistance>
    </quality>
    <evaluationMode>manual</evaluationMode>
    <creationInfo>
      <agencyURI>smi:smi-registry/organization/EMSC</agencyURI>
      <authorURI>smi:smi-registry/organization/EMSC</authorURI>
    </creationInfo>
    <originUncertainty>
      <azimuthMaxHorizontalUncertainty>124</azimuthMaxHorizontalUncertainty>
    </originUncertainty>
  </origin>
  <magnitude publicID="quakeml:eu.emsc/event/20001130_0000017/origin/1440063/mag/1">
    <mag>
      <value>1.9</value>
      <uncertainty>0.4</uncertainty>
    </mag>
    <type>ML</type>
    <originID>quakeml:eu.emsc/event/20001130_0000017/origin/1440063</originID>
    <stationCount>4</stationCount>
    <creationInfo>
      <agencyURI>smi:smi-registry/organization/EMSC</agencyURI>
      <authorURI>smi:smi-registry/organization/EMSC</authorURI>
    </creationInfo>
  </magnitude>
</event>
<event publicID="quakeml:eu.emsc/event/20001130_0000019">
  <preferredOriginID>quakeml:eu.emsc/event/20001130_0000019/origin/1440067</preferredOriginID>
  <preferredMagnitudeID>quakeml:eu.emsc/event/20001130_0000019/origin/1440067/mag/1</preferredMagnitudeID>
  <creationInfo>
    <agencyURI>smi:smi-registry/organization/EMSC</agencyURI>
    <authorURI>smi:smi-registry/organization/EMSC</authorURI>
    <creationTime>2014-12-03T15:56:48.841907Z</creationTime>
  </creationInfo>
  <description>
    <text>NORTHERN ITALY</text>
    <type>Flinn-Engdahl region</type>
  </description>
  <origin publicID="quakeml:eu.emsc/event/20001130_0000019/origin/1440067">
    <time>
      <value>2000-11-30T16:07:32.7Z</value>
      <uncertainty>0.12</uncertainty>
    </time>
    <latitude>
      <value>44.0658</value>
      <uncertainty>2.7</uncertainty>
    </latitude>
    <longitude>
      <value>7.6796</value>
      <uncertainty>2.1</uncertainty>
    </longitude>
    <depth>
      <value>8000</value>
    </depth>
    <depthType>from location</depthType>
    <methodID>smi:eu.emsc-csem/origin_method/NA</methodID>
    <quality>
      <usedPhaseCount>51</usedPhaseCount>
      <usedStationCount>28</usedStationCount>
      <standardError>0.77</standardError>
      <azimuthalGap>67</azimuthalGap>
      <minimumDistance>0.06</minimumDistance>
      <maximumDistance>4.11</maximumDistance>
    </quality>
    <evaluationMode>manual</evaluationMode>
    <creationInfo>
      <agencyURI>smi:smi-registry/organization/EMSC</agencyURI>
      <authorURI>smi:smi-registry/organization/EMSC</authorURI>
    </creationInfo>
    <originUncertainty>
      <azimuthMaxHorizontalUncertainty>140</azimuthMaxHorizontalUncertainty>
    </originUncertainty>
  </origin>
  <magnitude publicID="quakeml:eu.emsc/event/20001130_0000019/origin/1440067/mag/1">
    <mag>
      <value>2.5</value>
      <uncertainty>0.4</uncertainty>
    </mag>
    <type>ML</type>
    <originID>quakeml:eu.emsc/event/20001130_0000019/origin/1440067</originID>
    <stationCount>6</stationCount>
    <creationInfo>
      <agencyURI>smi:smi-registry/organization/EMSC</agencyURI>
      <authorURI>smi:smi-registry/organization/EMSC</authorURI>
    </creationInfo>
  </magnitude>
</event>
<event publicID="quakeml:eu.emsc/event/20001130_0000011">
  <preferredOriginID>quakeml:eu.emsc/event/20001130_0000011/origin/1440540</preferredOriginID>
  <preferredMagnitudeID>quakeml:eu.emsc/event/20001130_0000011/origin/1440540/mag/2</preferredMagnitudeID>
  <creationInfo>
    <agencyURI>smi:smi-registry/organization/EMSC</agencyURI>
    <authorURI>smi:smi-registry/organization/EMSC</authorURI>
    <creationTime>2014-12-03T11:45:50.836061Z</creationTime>
  </creationInfo>
  <description>
    <text>GREECE</text>
    <type>Flinn-Engdahl region</type>
  </description>
  <origin publicID="quakeml:eu.emsc/event/20001130_0000011/origin/1440540">
    <time>
      <value>2000-11-30T15:05:58.6Z</value>
      <uncertainty>0.17</uncertainty>
    </time>
    <latitude>
      <value>40.1229</value>
      <uncertainty>4.3</uncertainty>
    </latitude>
    <longitude>
      <value>23.2041</value>
      <uncertainty>3.1</uncertainty>
    </longitude>
    <depth>
      <value>10000</value>
    </depth>
    <depthType>from location</depthType>
    <methodID>smi:eu.emsc-csem/origin_method/NA</methodID>
    <quality>
      <usedPhaseCount>24</usedPhaseCount>
      <usedStationCount>16</usedStationCount>
      <standardError>0.78</standardError>
      <azimuthalGap>47</azimuthalGap>
      <minimumDistance>0.31</minimumDistance>
      <maximumDistance>1.62</maximumDistance>
    </quality>
    <evaluationMode>manual</evaluationMode>
    <creationInfo>
      <agencyURI>smi:smi-registry/organization/EMSC</agencyURI>
      <authorURI>smi:smi-registry/organization/EMSC</authorURI>
    </creationInfo>
    <originUncertainty>
      <azimuthMaxHorizontalUncertainty>78</azimuthMaxHorizontalUncertainty>
    </originUncertainty>
  </origin>
  <magnitude publicID="quakeml:eu.emsc/event/20001130_0000011/origin/1440540/mag/2">
    <mag>
      <value>2.5</value>
    </mag>
    <type>ML</type>
    <originID>quakeml:eu.emsc/event/20001130_0000011/origin/1440540</originID>
    <creationInfo>
      <agencyURI>smi:smi-registry/organization/EMSC</agencyURI>
      <authorURI>smi:smi-registry/organization/EMSC</authorURI>
    </creationInfo>
  </magnitude>
</event>
<event publicID="quakeml:eu.emsc/event/20001130_0000010">
  <preferredOriginID>quakeml:eu.emsc/event/20001130_0000010/origin/1440543</preferredOriginID>
  <preferredMagnitudeID>quakeml:eu.emsc/event/20001130_0000010/origin/1440543/mag/1</preferredMagnitudeID>
  <creationInfo>
    <agencyURI>smi:smi-registry/organization/EMSC</agencyURI>
    <authorURI>smi:smi-registry/organization/EMSC</authorURI>
    <creationTime>2014-12-03T12:13:34.805675Z</creationTime>
  </creationInfo>
  <description>
    <text>SPAIN</text>
    <type>Flinn-Engdahl region</type>
  </description>
  <origin publicID="quakeml:eu.emsc/event/20001130_0000010/origin/1440543">
    <time>
      <value>2000-11-30T14:38:18.8Z</value>
      <uncertainty>0.28</uncertainty>
    </time>
    <latitude>
      <value>43.3041</value>
      <uncertainty>7.6</uncertainty>
    </latitude>
    <longitude>
      <value>-3.7499</value>
      <uncertainty>5.4</uncertainty>
    </longitude>
    <depth>
      <value>2000</value>
    </depth>
    <depthType>from location</depthType>
    <methodID>smi:eu.emsc-csem/origin_method/NA</methodID>
    <quality>
      <usedPhaseCount>42</usedPhaseCount>
      <usedStationCount>30</usedStationCount>
      <standardError>1.36</standardError>
      <azimuthalGap>90</azimuthalGap>
      <minimumDistance>1.15</minimumDistance>
      <maximumDistance>6.67</maximumDistance>
    </quality>
    <evaluationMode>manual</evaluationMode>
    <creationInfo>
      <agencyURI>smi:smi-registry/organization/EMSC</agencyURI>
      <authorURI>smi:smi-registry/organization/EMSC</authorURI>
    </creationInfo>
    <originUncertainty>
      <azimuthMaxHorizontalUncertainty>126</azimuthMaxHorizontalUncertainty>
    </originUncertainty>
  </origin>
  <magnitude publicID="quakeml:eu.emsc/event/20001130_0000010/origin/1440543/mag/1">
    <mag>
      <value>3.2</value>
      <uncertainty>0.3</uncertainty>
    </mag>
    <type>ML</type>
    <originID>quakeml:eu.emsc/event/20001130_0000010/origin/1440543</originID>
    <stationCount>7</stationCount>
    <creationInfo>
      <agencyURI>smi:smi-registry/organization/EMSC</agencyURI>
      <authorURI>smi:smi-registry/organization/EMSC</authorURI>
    </creationInfo>
  </magnitude>
</event>
<event publicID="quakeml:eu.emsc/event/20001130_0000009">
  <preferredOriginID>quakeml:eu.emsc/event/20001130_0000009/origin/1440547</preferredOriginID>
  <preferredMagnitudeID>quakeml:eu.emsc/event/20001130_0000009/origin/1440547/mag/2</preferredMagnitudeID>
  <creationInfo>
    <agencyURI>smi:smi-registry/organization/EMSC</agencyURI>
    <authorURI>smi:smi-registry/organization/EMSC</authorURI>
    <creationTime>2014-12-03T11:12:31.863919Z</creationTime>
  </creationInfo>
  <description>
    <text>WESTERN TURKEY</text>
    <type>Flinn-Engdahl region</type>
  </description>
  <origin publicID="quakeml:eu.emsc/event/20001130_0000009/origin/1440547">
    <time>
      <value>2000-11-30T13:46:10.3Z</value>
      <uncertainty>0.16</uncertainty>
    </time>
    <latitude>
      <value>40.7314</value>
      <uncertainty>5.1</uncertainty>
    </latitude>
    <longitude>
      <value>27.5069</value>
      <uncertainty>3</uncertainty>
    </longitude>
    <depth>
      <value>2000</value>
    </depth>
    <depthType>from location</depthType>
    <methodID>smi:eu.emsc-csem/origin_method/NA</methodID>
    <quality>
      <usedPhaseCount>34</usedPhaseCount>
      <usedStationCount>23</usedStationCount>
      <standardError>0.91</standardError>
      <azimuthalGap>106</azimuthalGap>
      <minimumDistance>0.18</minimumDistance>
      <maximumDistance>3.78</maximumDistance>
    </quality>
    <evaluationMode>manual</evaluationMode>
    <creationInfo>
      <agencyURI>smi:smi-registry/organization/EMSC</agencyURI>
      <authorURI>smi:smi-registry/organization/EMSC</authorURI>
    </creationInfo>
    <originUncertainty>
      <azimuthMaxHorizontalUncertainty>23</azimuthMaxHorizontalUncertainty>
    </originUncertainty>
  </origin>
  <magnitude publicID="quakeml:eu.emsc/event/20001130_0000009/origin/1440547/mag/2">
    <mag>
      <value>3.4</value>
    </mag>
    <type>MD</type>
    <originID>quakeml:eu.emsc/event/20001130_0000009/origin/1440547</originID>
    <creationInfo>
      <agencyURI>smi:smi-registry/organization/EMSC</agencyURI>
      <authorURI>smi:smi-registry/organization/EMSC</authorURI>
    </creationInfo>
  </magnitude>
</event>
<event publicID="quakeml:eu.emsc/event/20001130_0000008">
  <preferredOriginID>quakeml:eu.emsc/event/20001130_0000008/origin/1442557</preferredOriginID>
  <preferredMagnitudeID>quakeml:eu.emsc/event/20001130_0000008/origin/1442557/mag/2</preferredMagnitudeID>
  <creationInfo>
    <agencyURI>smi:smi-registry/organization/EMSC</agencyURI>
    <authorURI>smi:smi-registry/organization/EMSC</authorURI>
    <creationTime>2014-12-10T10:46:11.652654Z</creationTime>
  </creationInfo>
  <description>
    <text>CENTRAL TURKEY</text>
    <type>Flinn-Engdahl region</type>
  </description>
  <origin publicID="quakeml:eu.emsc/event/20001130_0000008/origin/1442557">
    <time>
      <value>2000-11-30T11:47:50.2Z</value>
    </time>
    <latitude>
      <value>41.24</value>
      <uncertainty>9999.9</uncertainty>
    </latitude>
    <longitude>
      <value>33.373</value>
      <uncertainty>9999.9</uncertainty>
    </longitude>
    <depth>
      <value>10000</value>
    </depth>
    <depthType>from location</depthType>
    <methodID>smi:eu.emsc-csem/origin_method/NA</methodID>
    <quality>
      <usedPhaseCount>7</usedPhaseCount>
      <usedStationCount>5</usedStationCount>
      <standardError>2.58</standardError>
      <azimuthalGap>138</azimuthalGap>
      <minimumDistance>0.66</minimumDistance>
      <maximumDistance>3.1</maximumDistance>
    </quality>
    <evaluationMode>manual</evaluationMode>
    <creationInfo>
      <agencyURI>smi:smi-registry/organization/EMSC</agencyURI>
      <authorURI>smi:smi-registry/organization/EMSC</authorURI>
    </creationInfo>
    <originUncertainty>
      <azimuthMaxHorizontalUncertainty>-99</azimuthMaxHorizontalUncertainty>
    </originUncertainty>
  </origin>
  <magnitude publicID="quakeml:eu.emsc/event/20001130_0000008/origin/1442557/mag/2">
    <mag>
      <value>3.1</value>
    </mag>
    <type>MD</type>
    <originID>quakeml:eu.emsc/event/20001130_0000008/origin/1442557</originID>
    <creationInfo>
      <agencyURI>smi:smi-registry/organization/EMSC</agencyURI>
      <authorURI>smi:smi-registry/organization/EMSC</authorURI>
    </creationInfo>
  </magnitude>
</event>
<event publicID="quakeml:eu.emsc/event/20001130_0000007">
  <preferredOriginID>quakeml:eu.emsc/event/20001130_0000007/origin/1442559</preferredOriginID>
  <preferredMagnitudeID>quakeml:eu.emsc/event/20001130_0000007/origin/1442559/mag/2</preferredMagnitudeID>
  <creationInfo>
    <agencyURI>smi:smi-registry/organization/EMSC</agencyURI>
    <authorURI>smi:smi-registry/organization/EMSC</authorURI>
    <creationTime>2014-12-10T10:46:09.69655Z</creationTime>
  </creationInfo>
  <description>
    <text>EASTERN TURKEY</text>
    <type>Flinn-Engdahl region</type>
  </description>
  <origin publicID="quakeml:eu.emsc/event/20001130_0000007/origin/1442559">
    <time>
      <value>2000-11-30T10:30:07.3Z</value>
    </time>
    <latitude>
      <value>38.051</value>
      <uncertainty>9999.9</uncertainty>
    </latitude>
    <longitude>
      <value>42.886</value>
      <uncertainty>9999.9</uncertainty>
    </longitude>
    <depth>
      <value>5000</value>
    </depth>
    <depthType>from location</depthType>
    <methodID>smi:eu.emsc-csem/origin_method/NA</methodID>
    <quality>
      <usedPhaseCount>5</usedPhaseCount>
      <usedStationCount>4</usedStationCount>
      <standardError>3.37</standardError>
      <azimuthalGap>236</azimuthalGap>
      <minimumDistance>0.48</minimumDistance>
      <maximumDistance>3.53</maximumDistance>
    </quality>
    <evaluationMode>manual</evaluationMode>
    <creationInfo>
      <agencyURI>smi:smi-registry/organization/EMSC</agencyURI>
      <authorURI>smi:smi-registry/organization/EMSC</authorURI>
    </creationInfo>
    <originUncertainty>
      <azimuthMaxHorizontalUncertainty>-99</azimuthMaxHorizontalUncertainty>
    </originUncertainty>
  </origin>
  <magnitude publicID="quakeml:eu.emsc/event/20001130_0000007/origin/1442559/mag/2">
    <mag>
      <value>3.7</value>
    </mag>
    <type>MD</type>
    <originID>quakeml:eu.emsc/event/20001130_0000007/origin/1442559</originID>
    <creationInfo>
      <agencyURI>smi:smi-registry/organization/EMSC</agencyURI>
      <authorURI>smi:smi-registry/organization/EMSC</authorURI>
    </creationInfo>
  </magnitude>
</event>
<event publicID="quakeml:eu.emsc/event/20001130_0000021">
  <preferredOriginID>quakeml:eu.emsc/event/20001130_0000021/origin/1442561</preferredOriginID>
  <preferredMagnitudeID>quakeml:eu.emsc/event/20001130_0000021/origin/1442561/mag/2</preferredMagnitudeID>
  <creationInfo>
    <agencyURI>smi:smi-registry/organization/EMSC</agencyURI>
    <authorURI>smi:smi-registry/organization/EMSC</authorURI>
    <creationTime>2014-12-10T13:15:27.899611Z</creationTime>
  </creationInfo>
  <description>
    <text>PYRENEES</text>
    <type>Flinn-Engdahl region</type>
  </description>
  <origin publicID="quakeml:eu.emsc/event/20001130_0000021/origin/1442561">
    <time>
      <value>2000-11-30T09:09:04.2Z</value>
    </time>
    <latitude>
      <value>42.52</value>
      <uncertainty>9999.9</uncertainty>
    </latitude>
    <longitude>
      <value>1.87</value>
      <uncertainty>9999.9</uncertainty>
    </longitude>
    <depth>
      <value>0</value>
    </depth>
    <depthType>from location</depthType>
    <methodID>smi:eu.emsc-csem/origin_method/NA</methodID>
    <quality>
      <usedPhaseCount>7</usedPhaseCount>
      <usedStationCount>4</usedStationCount>
      <standardError>2.4</standardError>
      <azimuthalGap>139</azimuthalGap>
      <minimumDistance>0.16</minimumDistance>
      <maximumDistance>0.56</maximumDistance>
    </quality>
    <evaluationMode>manual</evaluationMode>
    <creationInfo>
      <agencyURI>smi:smi-registry/organization/EMSC</agencyURI>
      <authorURI>smi:smi-registry/organization/EMSC</authorURI>
    </creationInfo>
    <originUncertainty>
      <azimuthMaxHorizontalUncertainty>-99</azimuthMaxHorizontalUncertainty>
    </originUncertainty>
  </origin>
  <magnitude publicID="quakeml:eu.emsc/event/20001130_0000021/origin/1442561/mag/2">
    <mag>
      <value>1.2</value>
    </mag>
    <type>ML</type>
    <originID>quakeml:eu.emsc/event/20001130_0000021/origin/1442561</originID>
    <creationInfo>
      <agencyURI>smi:smi-registry/organization/EMSC</agencyURI>
      <authorURI>smi:smi-registry/organization/EMSC</authorURI>
    </creationInfo>
  </magnitude>
</event>
<event publicID="quakeml:eu.emsc/event/20001130_0000016">
  <preferredOriginID>quakeml:eu.emsc/event/20001130_0000016/origin/1440070</preferredOriginID>
  <preferredMagnitudeID>quakeml:eu.emsc/event/20001130_0000016/origin/1440070/mag/2</preferredMagnitudeID>
  <creationInfo>
    <agencyURI>smi:smi-registry/organization/EMSC</agencyURI>
    <authorURI>smi:smi-registry/organization/EMSC</authorURI>
    <creationTime>2014-12-03T15:12:38.205415Z</creationTime>
  </creationInfo>
  <description>
    <text>PYRENEES</text>
    <type>Flinn-Engdahl region</type>
  </description>
  <origin publicID="quakeml:eu.emsc/event/20001130_0000016/origin/1440070">
    <time>
      <value>2000-11-30T08:53:10.6Z</value>
      <uncertainty>1.13</uncertainty>
    </time>
    <latitude>
      <value>42.2352</value>
      <uncertainty>21.8</uncertainty>
    </latitude>
    <longitude>
      <value>-0.1381</value>
      <uncertainty>9.2</uncertainty>
    </longitude>
    <depth>
      <value>2000</value>
    </depth>
    <depthType>from location</depthType>
    <methodID>smi:eu.emsc-csem/origin_method/NA</methodID>
    <quality>
      <usedPhaseCount>8</usedPhaseCount>
      <usedStationCount>5</usedStationCount>
      <standardError>0.68</standardError>
      <azimuthalGap>265</azimuthalGap>
      <minimumDistance>0.73</minimumDistance>
      <maximumDistance>2.06</maximumDistance>
    </quality>
    <evaluationMode>manual</evaluationMode>
    <creationInfo>
      <agencyURI>smi:smi-registry/organization/EMSC</agencyURI>
      <authorURI>smi:smi-registry/organization/EMSC</authorURI>
    </creationInfo>
    <originUncertainty>
      <azimuthMaxHorizontalUncertainty>24</azimuthMaxHorizontalUncertainty>
    </originUncertainty>
  </origin>
  <magnitude publicID="quakeml:eu.emsc/event/20001130_0000016/origin/1440070/mag/2">
    <mag>
      <value>2.4</value>
    </mag>
    <type>ML</type>
    <originID>quakeml:eu.emsc/event/20001130_0000016/origin/1440070</originID>
    <stationCount>2</stationCount>
    <creationInfo>
      <agencyURI>smi:smi-registry/organization/EMSC</agencyURI>
      <authorURI>smi:smi-registry/organization/EMSC</authorURI>
    </creationInfo>
  </magnitude>
</event>
<event publicID="quakeml:eu.emsc/event/20001130_0000020">
  <preferredOriginID>quakeml:eu.emsc/event/20001130_0000020/origin/1440075</preferredOriginID>
  <preferredMagnitudeID>quakeml:eu.emsc/event/20001130_0000020/origin/1440075/mag/1</preferredMagnitudeID>
  <creationInfo>
    <agencyURI>smi:smi-registry/organization/EMSC</agencyURI>
    <authorURI>smi:smi-registry/organization/EMSC</authorURI>
    <creationTime>2014-12-03T16:21:20.273126Z</creationTime>
  </creationInfo>
  <description>
    <text>SWITZERLAND</text>
    <type>Flinn-Engdahl region</type>
  </description>
  <origin publicID="quakeml:eu.emsc/event/20001130_0000020/origin/1440075">
    <time>
      <value>2000-11-30T08:34:21.5Z</value>
      <uncertainty>0.11</uncertainty>
    </time>
    <latitude>
      <value>46.551</value>
      <uncertainty>2.3</uncertainty>
    </latitude>
    <longitude>
      <value>8.3955</value>
      <uncertainty>1.9</uncertainty>
    </longitude>
    <depth>
      <value>10000</value>
    </depth>
    <depthType>from location</depthType>
    <methodID>smi:eu.emsc-csem/origin_method/NA</methodID>
    <quality>
      <usedPhaseCount>73</usedPhaseCount>
      <usedStationCount>41</usedStationCount>
      <standardError>0.94</standardError>
      <azimuthalGap>67</azimuthalGap>
      <minimumDistance>0.21</minimumDistance>
      <maximumDistance>3.83</maximumDistance>
    </quality>
    <evaluationMode>manual</evaluationMode>
    <creationInfo>
      <agencyURI>smi:smi-registry/organization/EMSC</agencyURI>
      <authorURI>smi:smi-registry/organization/EMSC</authorURI>
    </creationInfo>
    <originUncertainty>
      <azimuthMaxHorizontalUncertainty>143</azimuthMaxHorizontalUncertainty>
    </originUncertainty>
  </origin>
  <magnitude publicID="quakeml:eu.emsc/event/20001130_0000020/origin/1440075/mag/1">
    <mag>
      <value>2.6</value>
      <uncertainty>0.2</uncertainty>
    </mag>
    <type>ML</type>
    <originID>quakeml:eu.emsc/event/20001130_0000020/origin/1440075</originID>
    <stationCount>10</stationCount>
    <creationInfo>
      <agencyURI>smi:smi-registry/organization/EMSC</agencyURI>
      <authorURI>smi:smi-registry/organization/EMSC</authorURI>
    </creationInfo>
  </magnitude>
</event>
<event publicID="quakeml:eu.emsc/event/20001130_0000006">
  <preferredOriginID>quakeml:eu.emsc/event/20001130_0000006/origin/1440550</preferredOriginID>
  <preferredMagnitudeID>quakeml:eu.emsc/event/20001130_0000006/origin/1440550/mag/2</preferredMagnitudeID>
  <creationInfo>
    <agencyURI>smi:smi-registry/organization/EMSC</agencyURI>
    <authorURI>smi:smi-registry/organization/EMSC</authorURI>
    <creationTime>2014-12-03T11:42:07.55259Z</creationTime>
  </creationInfo>
  <description>
    <text>AEGEAN SEA</text>
    <type>Flinn-Engdahl region</type>
  </description>
  <origin publicID="quakeml:eu.emsc/event/20001130_0000006/origin/1440550">
    <time>
      <value>2000-11-30T05:19:27.5Z</value>
      <uncertainty>0.18</uncertainty>
    </time>
    <latitude>
      <value>40.1856</value>
      <uncertainty>4.1</uncertainty>
    </latitude>
    <longitude>
      <value>25.0583</value>
      <uncertainty>2.7</uncertainty>
    </longitude>
    <depth>
      <value>17800.0</value>
      <uncertainty>2.4</uncertainty>
    </depth>
    <depthType>from location</depthType>
    <methodID>smi:eu.emsc-csem/origin_method/NA</methodID>
    <quality>
      <usedPhaseCount>18</usedPhaseCount>
      <usedStationCount>11</usedStationCount>
      <standardError>0.57</standardError>
      <azimuthalGap>87</azimuthalGap>
      <minimumDistance>0.84</minimumDistance>
      <maximumDistance>1.91</maximumDistance>
    </quality>
    <evaluationMode>manual</evaluationMode>
    <creationInfo>
      <agencyURI>smi:smi-registry/organization/EMSC</agencyURI>
      <authorURI>smi:smi-registry/organization/EMSC</authorURI>
    </creationInfo>
    <originUncertainty>
      <azimuthMaxHorizontalUncertainty>179</azimuthMaxHorizontalUncertainty>
    </originUncertainty>
  </origin>
  <magnitude publicID="quakeml:eu.emsc/event/20001130_0000006/origin/1440550/mag/2">
    <mag>
      <value>3</value>
    </mag>
    <type>MD</type>
    <originID>quakeml:eu.emsc/event/20001130_0000006/origin/1440550</originID>
    <creationInfo>
      <agencyURI>smi:smi-registry/organization/EMSC</agencyURI>
      <authorURI>smi:smi-registry/organization/EMSC</authorURI>
    </creationInfo>
  </magnitude>
</event>
<event publicID="quakeml:eu.emsc/event/20001130_0000005">
  <preferredOriginID>quakeml:eu.emsc/event/20001130_0000005/origin/1441777</preferredOriginID>
  <preferredMagnitudeID>quakeml:eu.emsc/event/20001130_0000005/origin/1441777/mag/2</preferredMagnitudeID>
  <creationInfo>
    <agencyURI>smi:smi-registry/organization/EMSC</agencyURI>
    <authorURI>smi:smi-registry/organization/EMSC</authorURI>
    <creationTime>2014-12-03T11:57:57.325157Z</creationTime>
  </creationInfo>
  <description>
    <text>CASPIAN SEA, OFFSHORE AZERBAIJAN</text>
    <type>Flinn-Engdahl region</type>
  </description>
  <origin publicID="quakeml:eu.emsc/event/20001130_0000005/origin/1441777">
    <time>
      <value>2000-11-30T05:09:53.6Z</value>
      <uncertainty>0.19</uncertainty>
    </time>
    <latitude>
      <value>40.1078</value>
      <uncertainty>9.2</uncertainty>
    </latitude>
    <longitude>
      <value>50.1022</value>
      <uncertainty>5.1</uncertainty>
    </longitude>
    <depth>
      <value>40000</value>
    </depth>
    <depthType>from location</depthType>
    <methodID>smi:eu.emsc-csem/origin_method/NA</methodID>
    <quality>
      <usedPhaseCount>77</usedPhaseCount>
      <usedStationCount>76</usedStationCount>
      <standardError>0.86</standardError>
      <azimuthalGap>113</azimuthalGap>
      <minimumDistance>2.34</minimumDistance>
      <maximumDistance>44.96</maximumDistance>
    </quality>
    <evaluationMode>manual</evaluationMode>
    <creationInfo>
      <agencyURI>smi:smi-registry/organization/EMSC</agencyURI>
      <authorURI>smi:smi-registry/organization/EMSC</authorURI>
    </creationInfo>
    <originUncertainty>
      <azimuthMaxHorizontalUncertainty>6</azimuthMaxHorizontalUncertainty>
    </originUncertainty>
  </origin>
  <magnitude publicID="quakeml:eu.emsc/event/20001130_0000005/origin/1441777/mag/2">
    <mag>
      <value>4.6</value>
      <uncertainty>0.3</uncertainty>
    </mag>
    <type>mb</type>
    <originID>quakeml:eu.emsc/event/20001130_0000005/origin/1441777</originID>
    <stationCount>33</stationCount>
    <creationInfo>
      <agencyURI>smi:smi-registry/organization/EMSC</agencyURI>
      <authorURI>smi:smi-registry/organization/EMSC</authorURI>
    </creationInfo>
  </magnitude>
</event>
<event publicID="quakeml:eu.emsc/event/20001130_0000004">
  <preferredOriginID>quakeml:eu.emsc/event/20001130_0000004/origin/1440555</preferredOriginID>
  <preferredMagnitudeID>quakeml:eu.emsc/event/20001130_0000004/origin/1440555/mag/2</preferredMagnitudeID>
  <creationInfo>
    <agencyURI>smi:smi-registry/organization/EMSC</agencyURI>
    <authorURI>smi:smi-registry/organization/EMSC</authorURI>
    <creationTime>2014-12-03T10:43:32.219243Z</creationTime>
  </creationInfo>
  <description>
    <text>AEGEAN SEA</text>
    <type>Flinn-Engdahl region</type>
  </description>
  <origin publicID="quakeml:eu.emsc/event/20001130_0000004/origin/1440555">
    <time>
      <value>2000-11-30T03:05:03.7Z</value>
      <uncertainty>0.19</uncertainty>
    </time>
    <latitude>
      <value>40.1866</value>
      <uncertainty>4.8</uncertainty>
    </latitude>
    <longitude>
      <value>25.0645</value>
      <uncertainty>3.5</uncertainty>
    </longitude>
    <depth>
      <value>5000</value>
    </depth>
    <depthType>from location</depthType>
    <methodID>smi:eu.emsc-csem/origin_method/NA</methodID>
    <quality>
      <usedPhaseCount>39</usedPhaseCount>
      <usedStationCount>28</usedStationCount>
      <standardError>0.99</standardError>
      <azimuthalGap>86</azimuthalGap>
      <minimumDistance>0.84</minimumDistance>
      <maximumDistance>3.7</maximumDistance>
    </quality>
    <evaluationMode>manual</evaluationMode>
    <creationInfo>
      <agencyURI>smi:smi-registry/organization/EMSC</agencyURI>
      <authorURI>smi:smi-registry/organization/EMSC</authorURI>
    </creationInfo>
    <originUncertainty>
      <azimuthMaxHorizontalUncertainty>170</azimuthMaxHorizontalUncertainty>
    </originUncertainty>
  </origin>
  <magnitude publicID="quakeml:eu.emsc/event/20001130_0000004/origin/1440555/mag/2">
    <mag>
      <value>3.1</value>
    </mag>
    <type>ML</type>
    <originID>quakeml:eu.emsc/event/20001130_0000004/origin/1440555</originID>
    <creationInfo>
      <agencyURI>smi:smi-registry/organization/EMSC</agencyURI>
      <authorURI>smi:smi-registry/organization/EMSC</authorURI>
    </creationInfo>
  </magnitude>
</event>
<event publicID="quakeml:eu.emsc/event/20001130_0000003">
  <preferredOriginID>quakeml:eu.emsc/event/20001130_0000003/origin/1440559</preferredOriginID>
  <preferredMagnitudeID>quakeml:eu.emsc/event/20001130_0000003/origin/1440559/mag/1</preferredMagnitudeID>
  <creationInfo>
    <agencyURI>smi:smi-registry/organization/EMSC</agencyURI>
    <authorURI>smi:smi-registry/organization/EMSC</authorURI>
    <creationTime>2014-12-03T10:41:36.999743Z</creationTime>
  </creationInfo>
  <description>
    <text>NORTHERN ALGERIA</text>
    <type>Flinn-Engdahl region</type>
  </description>
  <origin publicID="quakeml:eu.emsc/event/20001130_0000003/origin/1440559">
    <time>
      <value>2000-11-30T02:12:02.4Z</value>
      <uncertainty>0.42</uncertainty>
    </time>
    <latitude>
      <value>36.5159</value>
      <uncertainty>9.6</uncertainty>
    </latitude>
    <longitude>
      <value>4.8777</value>
      <uncertainty>5.5</uncertainty>
    </longitude>
    <depth>
      <value>40000</value>
    </depth>
    <depthType>from location</depthType>
    <methodID>smi:eu.emsc-csem/origin_method/NA</methodID>
    <quality>
      <usedPhaseCount>54</usedPhaseCount>
      <usedStationCount>41</usedStationCount>
      <standardError>1.24</standardError>
      <azimuthalGap>128</azimuthalGap>
      <minimumDistance>3.6</minimumDistance>
      <maximumDistance>33.58</maximumDistance>
    </quality>
    <evaluationMode>manual</evaluationMode>
    <creationInfo>
      <agencyURI>smi:smi-registry/organization/EMSC</agencyURI>
      <authorURI>smi:smi-registry/organization/EMSC</authorURI>
    </creationInfo>
    <originUncertainty>
      <azimuthMaxHorizontalUncertainty>144</azimuthMaxHorizontalUncertainty>
    </originUncertainty>
  </origin>
  <magnitude publicID="quakeml:eu.emsc/event/20001130_0000003/origin/1440559/mag/1">
    <mag>
      <value>3.3</value>
      <uncertainty>0.2</uncertainty>
    </mag>
    <type>ML</type>
    <originID>quakeml:eu.emsc/event/20001130_0000003/origin/1440559</originID>
    <stationCount>6</stationCount>
    <creationInfo>
      <agencyURI>smi:smi-registry/organization/EMSC</agencyURI>
      <authorURI>smi:smi-registry/organization/EMSC</authorURI>
    </creationInfo>
  </magnitude>
</event>
<event publicID="quakeml:eu.emsc/event/20001130_0000002">
  <preferredOriginID>quakeml:eu.emsc/event/20001130_0000002/origin/1440563</preferredOriginID>
  <preferredMagnitudeID>quakeml:eu.emsc/event/20001130_0000002/origin/1440563/mag/1</preferredMagnitudeID>
  <creationInfo>
    <agencyURI>smi:smi-registry/organization/EMSC</agencyURI>
    <authorURI>smi:smi-registry/organization/EMSC</authorURI>
    <creationTime>2014-12-03T11:14:15.22911Z</creationTime>
  </creationInfo>
  <description>
    <text>NORTHERN ALGERIA</text>
    <type>Flinn-Engdahl region</type>
  </description>
  <origin publicID="quakeml:eu.emsc/event/20001130_0000002/origin/1440563">
    <time>
      <value>2000-11-30T01:44:51.1Z</value>
      <uncertainty>0.35</uncertainty>
    </time>
    <latitude>
      <value>36.5404</value>
      <uncertainty>7.8</uncertainty>
    </latitude>
    <longitude>
      <value>4.7146</value>
      <uncertainty>4.5</uncertainty>
    </longitude>
    <depth>
      <value>40000</value>
    </depth>
    <depthType>from location</depthType>
    <methodID>smi:eu.emsc-csem/origin_method/NA</methodID>
    <quality>
      <usedPhaseCount>71</usedPhaseCount>
      <usedStationCount>52</usedStationCount>
      <standardError>1.01</standardError>
      <azimuthalGap>127</azimuthalGap>
      <minimumDistance>1.38</minimumDistance>
      <maximumDistance>70.01</maximumDistance>
    </quality>
    <evaluationMode>manual</evaluationMode>
    <creationInfo>
      <agencyURI>smi:smi-registry/organization/EMSC</agencyURI>
      <authorURI>smi:smi-registry/organization/EMSC</authorURI>
    </creationInfo>
    <originUncertainty>
      <azimuthMaxHorizontalUncertainty>150</azimuthMaxHorizontalUncertainty>
    </originUncertainty>
  </origin>
  <magnitude publicID="quakeml:eu.emsc/event/20001130_0000002/origin/1440563/mag/1">
    <mag>
      <value>3.4</value>
      <uncertainty>0.3</uncertainty>
    </mag>
    <type>ML</type>
    <originID>quakeml:eu.emsc/event/20001130_0000002/origin/1440563</originID>
    <stationCount>8</stationCount>
    <creationInfo>
      <agencyURI>smi:smi-registry/organization/EMSC</agencyURI>
      <authorURI>smi:smi-registry/organization/EMSC</authorURI>
    </creationInfo>
  </magnitude>
</event>
<event publicID="quakeml:eu.emsc/event/20001130_0000001">
  <preferredOriginID>quakeml:eu.emsc/event/20001130_0000001/origin/1440566</preferredOriginID>
  <preferredMagnitudeID>quakeml:eu.emsc/event/20001130_0000001/origin/1440566/mag/2</preferredMagnitudeID>
  <creationInfo>
    <agencyURI>smi:smi-registry/organization/EMSC</agencyURI>
    <authorURI>smi:smi-registry/organization/EMSC</authorURI>
    <creationTime>2014-12-03T11:55:10.566796Z</creationTime>
  </creationInfo>
  <description>
    <text>GREECE</text>
    <type>Flinn-Engdahl region</type>
  </description>
  <origin publicID="quakeml:eu.emsc/event/20001130_0000001/origin/1440566">
    <time>
      <value>2000-11-30T00:48:13.8Z</value>
      <uncertainty>0.25</uncertainty>
    </time>
    <latitude>
      <value>41.1247</value>
      <uncertainty>5.9</uncertainty>
    </latitude>
    <longitude>
      <value>23.3112</value>
      <uncertainty>3.2</uncertainty>
    </longitude>
    <depth>
      <value>10000</value>
    </depth>
    <depthType>from location</depthType>
    <methodID>smi:eu.emsc-csem/origin_method/NA</methodID>
    <quality>
      <usedPhaseCount>15</usedPhaseCount>
      <usedStationCount>8</usedStationCount>
      <standardError>0.78</standardError>
      <azimuthalGap>162</azimuthalGap>
      <minimumDistance>0.21</minimumDistance>
      <maximumDistance>1.5</maximumDistance>
    </quality>
    <evaluationMode>manual</evaluationMode>
    <creationInfo>
      <agencyURI>smi:smi-registry/organization/EMSC</agencyURI>
      <authorURI>smi:smi-registry/organization/EMSC</authorURI>
    </creationInfo>
    <originUncertainty>
      <azimuthMaxHorizontalUncertainty>15</azimuthMaxHorizontalUncertainty>
    </originUncertainty>
  </origin>
  <magnitude publicID="quakeml:eu.emsc/event/20001130_0000001/origin/1440566/mag/2">
    <mag>
      <value>2.4</value>
    </mag>
    <type>ML</type>
    <originID>quakeml:eu.emsc/event/20001130_0000001/origin/1440566</originID>
    <creationInfo>
      <agencyURI>smi:smi-registry/organization/EMSC</agencyURI>
      <authorURI>smi:smi-registry/organization/EMSC</authorURI>
    </creationInfo>
  </magnitude>
</event>
</eventParameters>
</q:quakeml>
