<?xml version="1.0"?>
<q:quakeml xmlns:q="http://quakeml.org/xmlns/quakeml/1.2"  xmlns="http://quakeml.org/xmlns/bed/1.2">
<eventParameters publicID="smi:eu.emsc/unid">
<event publicID="quakeml:eu.emsc/event/20001009_0000010">
  <preferredOriginID>quakeml:eu.emsc/event/20001009_0000010/origin/1441620</preferredOriginID>
  <preferredMagnitudeID>quakeml:eu.emsc/event/20001009_0000010/origin/1441620/mag/2</preferredMagnitudeID>
  <creationInfo>
    <agencyURI>smi:smi-registry/organization/EMSC</agencyURI>
    <authorURI>smi:smi-registry/organization/EMSC</authorURI>
    <creationTime>2014-12-03T11:42:07.292648Z</creationTime>
  </creationInfo>
  <description>
    <text>BOSNIA AND HERZEGOVINA</text>
    <type>Flinn-Engdahl region</type>
  </description>
  <origin publicID="quakeml:eu.emsc/event/20001009_0000010/origin/1441620">
    <time>
      <value>2000-10-09T23:08:46.7Z</value>
      <uncertainty>0.18</uncertainty>
    </time>
    <latitude>
      <value>43.505</value>
      <uncertainty>4.8</uncertainty>
    </latitude>
    <longitude>
      <value>17.8799</value>
      <uncertainty>3.9</uncertainty>
    </longitude>
    <depth>
      <value>2000</value>
    </depth>
    <depthType>from location</depthType>
    <methodID>smi:eu.emsc-csem/origin_method/NA</methodID>
    <quality>
      <usedPhaseCount>87</usedPhaseCount>
      <usedStationCount>70</usedStationCount>
      <standardError>1.12</standardError>
      <azimuthalGap>42</azimuthalGap>
      <minimumDistance>1.07</minimumDistance>
      <maximumDistance>10.77</maximumDistance>
    </quality>
    <evaluationMode>manual</evaluationMode>
    <creationInfo>
      <agencyURI>smi:smi-registry/organization/EMSC</agencyURI>
      <authorURI>smi:smi-registry/organization/EMSC</authorURI>
    </creationInfo>
    <originUncertainty>
      <azimuthMaxHorizontalUncertainty>73</azimuthMaxHorizontalUncertainty>
    </originUncertainty>
  </origin>
  <magnitude publicID="quakeml:eu.emsc/event/20001009_0000010/origin/1441620/mag/2">
    <mag>
      <value>3.1</value>
    </mag>
    <type>ML</type>
    <originID>quakeml:eu.emsc/event/20001009_0000010/origin/1441620</originID>
    <stationCount>24</stationCount>
    <creationInfo>
      <agencyURI>smi:smi-registry/organization/EMSC</agencyURI>
      <authorURI>smi:smi-registry/organization/EMSC</authorURI>
    </creationInfo>
  </magnitude>
</event>
<event publicID="quakeml:eu.emsc/event/20001009_0000015">
  <preferredOriginID>quakeml:eu.emsc/event/20001009_0000015/origin/1441017</preferredOriginID>
  <preferredMagnitudeID>quakeml:eu.emsc/event/20001009_0000015/origin/1441017/mag/1</preferredMagnitudeID>
  <creationInfo>
    <agencyURI>smi:smi-registry/organization/EMSC</agencyURI>
    <authorURI>smi:smi-registry/organization/EMSC</authorURI>
    <creationTime>2014-12-03T16:29:01.88895Z</creationTime>
  </creationInfo>
  <description>
    <text>NORTHERN ITALY</text>
    <type>Flinn-Engdahl region</type>
  </description>
  <origin publicID="quakeml:eu.emsc/event/20001009_0000015/origin/1441017">
    <time>
      <value>2000-10-09T22:43:12.0Z</value>
      <uncertainty>0.14</uncertainty>
    </time>
    <latitude>
      <value>44.8704</value>
      <uncertainty>3.4</uncertainty>
    </latitude>
    <longitude>
      <value>9.4195</value>
      <uncertainty>2.3</uncertainty>
    </longitude>
    <depth>
      <value>15000</value>
    </depth>
    <depthType>from location</depthType>
    <methodID>smi:eu.emsc-csem/origin_method/NA</methodID>
    <quality>
      <usedPhaseCount>39</usedPhaseCount>
      <usedStationCount>24</usedStationCount>
      <standardError>0.67</standardError>
      <azimuthalGap>151</azimuthalGap>
      <minimumDistance>0.6</minimumDistance>
      <maximumDistance>4.55</maximumDistance>
    </quality>
    <evaluationMode>manual</evaluationMode>
    <creationInfo>
      <agencyURI>smi:smi-registry/organization/EMSC</agencyURI>
      <authorURI>smi:smi-registry/organization/EMSC</authorURI>
    </creationInfo>
    <originUncertainty>
      <azimuthMaxHorizontalUncertainty>36</azimuthMaxHorizontalUncertainty>
    </originUncertainty>
  </origin>
  <magnitude publicID="quakeml:eu.emsc/event/20001009_0000015/origin/1441017/mag/1">
    <mag>
      <value>2.4</value>
      <uncertainty>0.4</uncertainty>
    </mag>
    <type>ML</type>
    <originID>quakeml:eu.emsc/event/20001009_0000015/origin/1441017</originID>
    <stationCount>11</stationCount>
    <creationInfo>
      <agencyURI>smi:smi-registry/organization/EMSC</agencyURI>
      <authorURI>smi:smi-registry/organization/EMSC</authorURI>
    </creationInfo>
  </magnitude>
</event>
<event publicID="quakeml:eu.emsc/event/20001009_0000013">
  <preferredOriginID>quakeml:eu.emsc/event/20001009_0000013/origin/1443367</preferredOriginID>
  <preferredMagnitudeID>quakeml:eu.emsc/event/20001009_0000013/origin/1443367/mag/2</preferredMagnitudeID>
  <creationInfo>
    <agencyURI>smi:smi-registry/organization/EMSC</agencyURI>
    <authorURI>smi:smi-registry/organization/EMSC</authorURI>
    <creationTime>2014-12-10T13:14:07.260436Z</creationTime>
  </creationInfo>
  <description>
    <text>NORTHERN ITALY</text>
    <type>Flinn-Engdahl region</type>
  </description>
  <origin publicID="quakeml:eu.emsc/event/20001009_0000013/origin/1443367">
    <time>
      <value>2000-10-09T22:40:44.8Z</value>
    </time>
    <latitude>
      <value>44.8157</value>
      <uncertainty>9999.9</uncertainty>
    </latitude>
    <longitude>
      <value>8.4962</value>
      <uncertainty>9999.9</uncertainty>
    </longitude>
    <depth>
      <value>14100.0</value>
    </depth>
    <depthType>from location</depthType>
    <methodID>smi:eu.emsc-csem/origin_method/NA</methodID>
    <quality>
      <usedPhaseCount>11</usedPhaseCount>
      <usedStationCount>10</usedStationCount>
      <standardError>6.32</standardError>
      <azimuthalGap>260</azimuthalGap>
      <minimumDistance>0.28</minimumDistance>
      <maximumDistance>1.04</maximumDistance>
    </quality>
    <evaluationMode>manual</evaluationMode>
    <creationInfo>
      <agencyURI>smi:smi-registry/organization/EMSC</agencyURI>
      <authorURI>smi:smi-registry/organization/EMSC</authorURI>
    </creationInfo>
    <originUncertainty>
      <azimuthMaxHorizontalUncertainty>-99</azimuthMaxHorizontalUncertainty>
    </originUncertainty>
  </origin>
  <magnitude publicID="quakeml:eu.emsc/event/20001009_0000013/origin/1443367/mag/2">
    <mag>
      <value>2</value>
    </mag>
    <type>ML</type>
    <originID>quakeml:eu.emsc/event/20001009_0000013/origin/1443367</originID>
    <creationInfo>
      <agencyURI>smi:smi-registry/organization/EMSC</agencyURI>
      <authorURI>smi:smi-registry/organization/EMSC</authorURI>
    </creationInfo>
  </magnitude>
</event>
<event publicID="quakeml:eu.emsc/event/20001009_0000014">
  <preferredOriginID>quakeml:eu.emsc/event/20001009_0000014/origin/1441020</preferredOriginID>
  <preferredMagnitudeID>quakeml:eu.emsc/event/20001009_0000014/origin/1441020/mag/1</preferredMagnitudeID>
  <creationInfo>
    <agencyURI>smi:smi-registry/organization/EMSC</agencyURI>
    <authorURI>smi:smi-registry/organization/EMSC</authorURI>
    <creationTime>2014-12-03T16:19:22.959478Z</creationTime>
  </creationInfo>
  <description>
    <text>NEAR SOUTH COAST OF FRANCE</text>
    <type>Flinn-Engdahl region</type>
  </description>
  <origin publicID="quakeml:eu.emsc/event/20001009_0000014/origin/1441020">
    <time>
      <value>2000-10-09T22:35:11.0Z</value>
      <uncertainty>0.2</uncertainty>
    </time>
    <latitude>
      <value>43.7294</value>
      <uncertainty>4.5</uncertainty>
    </latitude>
    <longitude>
      <value>6.2781</value>
      <uncertainty>4.1</uncertainty>
    </longitude>
    <depth>
      <value>20000</value>
    </depth>
    <depthType>from location</depthType>
    <methodID>smi:eu.emsc-csem/origin_method/NA</methodID>
    <quality>
      <usedPhaseCount>13</usedPhaseCount>
      <usedStationCount>8</usedStationCount>
      <standardError>0.59</standardError>
      <azimuthalGap>76</azimuthalGap>
      <minimumDistance>0.2</minimumDistance>
      <maximumDistance>1.78</maximumDistance>
    </quality>
    <evaluationMode>manual</evaluationMode>
    <creationInfo>
      <agencyURI>smi:smi-registry/organization/EMSC</agencyURI>
      <authorURI>smi:smi-registry/organization/EMSC</authorURI>
    </creationInfo>
    <originUncertainty>
      <azimuthMaxHorizontalUncertainty>137</azimuthMaxHorizontalUncertainty>
    </originUncertainty>
  </origin>
  <magnitude publicID="quakeml:eu.emsc/event/20001009_0000014/origin/1441020/mag/1">
    <mag>
      <value>1.5</value>
      <uncertainty>0.5</uncertainty>
    </mag>
    <type>ML</type>
    <originID>quakeml:eu.emsc/event/20001009_0000014/origin/1441020</originID>
    <stationCount>4</stationCount>
    <creationInfo>
      <agencyURI>smi:smi-registry/organization/EMSC</agencyURI>
      <authorURI>smi:smi-registry/organization/EMSC</authorURI>
    </creationInfo>
  </magnitude>
</event>
<event publicID="quakeml:eu.emsc/event/20001009_0000009">
  <preferredOriginID>quakeml:eu.emsc/event/20001009_0000009/origin/1443369</preferredOriginID>
  <preferredMagnitudeID>quakeml:eu.emsc/event/20001009_0000009/origin/1443369/mag/2</preferredMagnitudeID>
  <creationInfo>
    <agencyURI>smi:smi-registry/organization/EMSC</agencyURI>
    <authorURI>smi:smi-registry/organization/EMSC</authorURI>
    <creationTime>2014-12-10T10:27:56.21241Z</creationTime>
  </creationInfo>
  <description>
    <text>WESTERN TURKEY</text>
    <type>Flinn-Engdahl region</type>
  </description>
  <origin publicID="quakeml:eu.emsc/event/20001009_0000009/origin/1443369">
    <time>
      <value>2000-10-09T19:55:31.1Z</value>
    </time>
    <latitude>
      <value>38.027</value>
      <uncertainty>9999.9</uncertainty>
    </latitude>
    <longitude>
      <value>28.899</value>
      <uncertainty>9999.9</uncertainty>
    </longitude>
    <depth>
      <value>10000</value>
    </depth>
    <depthType>from location</depthType>
    <methodID>smi:eu.emsc-csem/origin_method/NA</methodID>
    <quality>
      <usedPhaseCount>7</usedPhaseCount>
      <usedStationCount>5</usedStationCount>
      <standardError>1.75</standardError>
      <azimuthalGap>96</azimuthalGap>
      <minimumDistance>0.58</minimumDistance>
      <maximumDistance>1.59</maximumDistance>
    </quality>
    <evaluationMode>manual</evaluationMode>
    <creationInfo>
      <agencyURI>smi:smi-registry/organization/EMSC</agencyURI>
      <authorURI>smi:smi-registry/organization/EMSC</authorURI>
    </creationInfo>
    <originUncertainty>
      <azimuthMaxHorizontalUncertainty>-99</azimuthMaxHorizontalUncertainty>
    </originUncertainty>
  </origin>
  <magnitude publicID="quakeml:eu.emsc/event/20001009_0000009/origin/1443369/mag/2">
    <mag>
      <value>3</value>
    </mag>
    <type>MD</type>
    <originID>quakeml:eu.emsc/event/20001009_0000009/origin/1443369</originID>
    <creationInfo>
      <agencyURI>smi:smi-registry/organization/EMSC</agencyURI>
      <authorURI>smi:smi-registry/organization/EMSC</authorURI>
    </creationInfo>
  </magnitude>
</event>
<event publicID="quakeml:eu.emsc/event/20001009_0000012">
  <preferredOriginID>quakeml:eu.emsc/event/20001009_0000012/origin/1443371</preferredOriginID>
  <preferredMagnitudeID>quakeml:eu.emsc/event/20001009_0000012/origin/1443371/mag/2</preferredMagnitudeID>
  <creationInfo>
    <agencyURI>smi:smi-registry/organization/EMSC</agencyURI>
    <authorURI>smi:smi-registry/organization/EMSC</authorURI>
    <creationTime>2014-12-10T13:14:06.775105Z</creationTime>
  </creationInfo>
  <description>
    <text>NORTHERN ITALY</text>
    <type>Flinn-Engdahl region</type>
  </description>
  <origin publicID="quakeml:eu.emsc/event/20001009_0000012/origin/1443371">
    <time>
      <value>2000-10-09T14:52:38.3Z</value>
    </time>
    <latitude>
      <value>44.8533</value>
      <uncertainty>9999.9</uncertainty>
    </latitude>
    <longitude>
      <value>8.4983</value>
      <uncertainty>9999.9</uncertainty>
    </longitude>
    <depth>
      <value>14800.0</value>
    </depth>
    <depthType>from location</depthType>
    <methodID>smi:eu.emsc-csem/origin_method/NA</methodID>
    <quality>
      <usedPhaseCount>8</usedPhaseCount>
      <usedStationCount>5</usedStationCount>
      <standardError>5.91</standardError>
      <azimuthalGap>282</azimuthalGap>
      <minimumDistance>0.31</minimumDistance>
      <maximumDistance>1.06</maximumDistance>
    </quality>
    <evaluationMode>manual</evaluationMode>
    <creationInfo>
      <agencyURI>smi:smi-registry/organization/EMSC</agencyURI>
      <authorURI>smi:smi-registry/organization/EMSC</authorURI>
    </creationInfo>
    <originUncertainty>
      <azimuthMaxHorizontalUncertainty>-99</azimuthMaxHorizontalUncertainty>
    </originUncertainty>
  </origin>
  <magnitude publicID="quakeml:eu.emsc/event/20001009_0000012/origin/1443371/mag/2">
    <mag>
      <value>1.8</value>
    </mag>
    <type>ML</type>
    <originID>quakeml:eu.emsc/event/20001009_0000012/origin/1443371</originID>
    <creationInfo>
      <agencyURI>smi:smi-registry/organization/EMSC</agencyURI>
      <authorURI>smi:smi-registry/organization/EMSC</authorURI>
    </creationInfo>
  </magnitude>
</event>
<event publicID="quakeml:eu.emsc/event/20001009_0000008">
  <preferredOriginID>quakeml:eu.emsc/event/20001009_0000008/origin/1443373</preferredOriginID>
  <preferredMagnitudeID>quakeml:eu.emsc/event/20001009_0000008/origin/1443373/mag/2</preferredMagnitudeID>
  <creationInfo>
    <agencyURI>smi:smi-registry/organization/EMSC</agencyURI>
    <authorURI>smi:smi-registry/organization/EMSC</authorURI>
    <creationTime>2014-12-10T10:27:54.66181Z</creationTime>
  </creationInfo>
  <description>
    <text>WESTERN TURKEY</text>
    <type>Flinn-Engdahl region</type>
  </description>
  <origin publicID="quakeml:eu.emsc/event/20001009_0000008/origin/1443373">
    <time>
      <value>2000-10-09T14:49:13.4Z</value>
    </time>
    <latitude>
      <value>36.616</value>
      <uncertainty>9999.9</uncertainty>
    </latitude>
    <longitude>
      <value>29.031</value>
      <uncertainty>9999.9</uncertainty>
    </longitude>
    <depth>
      <value>33000</value>
    </depth>
    <depthType>from location</depthType>
    <methodID>smi:eu.emsc-csem/origin_method/NA</methodID>
    <quality>
      <usedPhaseCount>6</usedPhaseCount>
      <usedStationCount>4</usedStationCount>
      <standardError>3.06</standardError>
      <azimuthalGap>231</azimuthalGap>
      <minimumDistance>0.72</minimumDistance>
      <maximumDistance>1.75</maximumDistance>
    </quality>
    <evaluationMode>manual</evaluationMode>
    <creationInfo>
      <agencyURI>smi:smi-registry/organization/EMSC</agencyURI>
      <authorURI>smi:smi-registry/organization/EMSC</authorURI>
    </creationInfo>
    <originUncertainty>
      <azimuthMaxHorizontalUncertainty>-99</azimuthMaxHorizontalUncertainty>
    </originUncertainty>
  </origin>
  <magnitude publicID="quakeml:eu.emsc/event/20001009_0000008/origin/1443373/mag/2">
    <mag>
      <value>3</value>
    </mag>
    <type>MD</type>
    <originID>quakeml:eu.emsc/event/20001009_0000008/origin/1443373</originID>
    <creationInfo>
      <agencyURI>smi:smi-registry/organization/EMSC</agencyURI>
      <authorURI>smi:smi-registry/organization/EMSC</authorURI>
    </creationInfo>
  </magnitude>
</event>
<event publicID="quakeml:eu.emsc/event/20001009_0000007">
  <preferredOriginID>quakeml:eu.emsc/event/20001009_0000007/origin/1441623</preferredOriginID>
  <preferredMagnitudeID>quakeml:eu.emsc/event/20001009_0000007/origin/1441623/mag/2</preferredMagnitudeID>
  <creationInfo>
    <agencyURI>smi:smi-registry/organization/EMSC</agencyURI>
    <authorURI>smi:smi-registry/organization/EMSC</authorURI>
    <creationTime>2014-12-03T10:48:44.50597Z</creationTime>
  </creationInfo>
  <description>
    <text>NORTHERN ITALY</text>
    <type>Flinn-Engdahl region</type>
  </description>
  <origin publicID="quakeml:eu.emsc/event/20001009_0000007/origin/1441623">
    <time>
      <value>2000-10-09T13:23:15.8Z</value>
      <uncertainty>0.24</uncertainty>
    </time>
    <latitude>
      <value>44.8184</value>
      <uncertainty>4.5</uncertainty>
    </latitude>
    <longitude>
      <value>8.4646</value>
      <uncertainty>2.7</uncertainty>
    </longitude>
    <depth>
      <value>15000</value>
    </depth>
    <depthType>from location</depthType>
    <methodID>smi:eu.emsc-csem/origin_method/NA</methodID>
    <quality>
      <usedPhaseCount>12</usedPhaseCount>
      <usedStationCount>9</usedStationCount>
      <standardError>0.27</standardError>
      <azimuthalGap>256</azimuthalGap>
      <minimumDistance>0.28</minimumDistance>
      <maximumDistance>1.02</maximumDistance>
    </quality>
    <evaluationMode>manual</evaluationMode>
    <creationInfo>
      <agencyURI>smi:smi-registry/organization/EMSC</agencyURI>
      <authorURI>smi:smi-registry/organization/EMSC</authorURI>
    </creationInfo>
    <originUncertainty>
      <azimuthMaxHorizontalUncertainty>50</azimuthMaxHorizontalUncertainty>
    </originUncertainty>
  </origin>
  <magnitude publicID="quakeml:eu.emsc/event/20001009_0000007/origin/1441623/mag/2">
    <mag>
      <value>2.3</value>
    </mag>
    <type>ML</type>
    <originID>quakeml:eu.emsc/event/20001009_0000007/origin/1441623</originID>
    <creationInfo>
      <agencyURI>smi:smi-registry/organization/EMSC</agencyURI>
      <authorURI>smi:smi-registry/organization/EMSC</authorURI>
    </creationInfo>
  </magnitude>
</event>
<event publicID="quakeml:eu.emsc/event/20001009_0000006">
  <preferredOriginID>quakeml:eu.emsc/event/20001009_0000006/origin/1441627</preferredOriginID>
  <preferredMagnitudeID>quakeml:eu.emsc/event/20001009_0000006/origin/1441627/mag/1</preferredMagnitudeID>
  <creationInfo>
    <agencyURI>smi:smi-registry/organization/EMSC</agencyURI>
    <authorURI>smi:smi-registry/organization/EMSC</authorURI>
    <creationTime>2014-12-03T12:20:07.11266Z</creationTime>
  </creationInfo>
  <description>
    <text>NORTHERN ITALY</text>
    <type>Flinn-Engdahl region</type>
  </description>
  <origin publicID="quakeml:eu.emsc/event/20001009_0000006/origin/1441627">
    <time>
      <value>2000-10-09T13:16:10.3Z</value>
      <uncertainty>0.52</uncertainty>
    </time>
    <latitude>
      <value>44.1482</value>
      <uncertainty>11.4</uncertainty>
    </latitude>
    <longitude>
      <value>10.7184</value>
      <uncertainty>5.3</uncertainty>
    </longitude>
    <depth>
      <value>15000</value>
    </depth>
    <depthType>from location</depthType>
    <methodID>smi:eu.emsc-csem/origin_method/NA</methodID>
    <quality>
      <usedPhaseCount>65</usedPhaseCount>
      <usedStationCount>45</usedStationCount>
      <standardError>1.01</standardError>
      <azimuthalGap>235</azimuthalGap>
      <minimumDistance>0.23</minimumDistance>
      <maximumDistance>5.73</maximumDistance>
    </quality>
    <evaluationMode>manual</evaluationMode>
    <creationInfo>
      <agencyURI>smi:smi-registry/organization/EMSC</agencyURI>
      <authorURI>smi:smi-registry/organization/EMSC</authorURI>
    </creationInfo>
    <originUncertainty>
      <azimuthMaxHorizontalUncertainty>127</azimuthMaxHorizontalUncertainty>
    </originUncertainty>
  </origin>
  <magnitude publicID="quakeml:eu.emsc/event/20001009_0000006/origin/1441627/mag/1">
    <mag>
      <value>3</value>
      <uncertainty>0.2</uncertainty>
    </mag>
    <type>ML</type>
    <originID>quakeml:eu.emsc/event/20001009_0000006/origin/1441627</originID>
    <stationCount>8</stationCount>
    <creationInfo>
      <agencyURI>smi:smi-registry/organization/EMSC</agencyURI>
      <authorURI>smi:smi-registry/organization/EMSC</authorURI>
    </creationInfo>
  </magnitude>
</event>
<event publicID="quakeml:eu.emsc/event/20001009_0000005">
  <preferredOriginID>quakeml:eu.emsc/event/20001009_0000005/origin/1441631</preferredOriginID>
  <preferredMagnitudeID>quakeml:eu.emsc/event/20001009_0000005/origin/1441631/mag/2</preferredMagnitudeID>
  <creationInfo>
    <agencyURI>smi:smi-registry/organization/EMSC</agencyURI>
    <authorURI>smi:smi-registry/organization/EMSC</authorURI>
    <creationTime>2014-12-03T11:38:18.448968Z</creationTime>
  </creationInfo>
  <description>
    <text>WESTERN TURKEY</text>
    <type>Flinn-Engdahl region</type>
  </description>
  <origin publicID="quakeml:eu.emsc/event/20001009_0000005/origin/1441631">
    <time>
      <value>2000-10-09T08:43:09.9Z</value>
      <uncertainty>0.24</uncertainty>
    </time>
    <latitude>
      <value>36.1541</value>
      <uncertainty>10.3</uncertainty>
    </latitude>
    <longitude>
      <value>31.7816</value>
      <uncertainty>4.7</uncertainty>
    </longitude>
    <depth>
      <value>2000</value>
    </depth>
    <depthType>from location</depthType>
    <methodID>smi:eu.emsc-csem/origin_method/NA</methodID>
    <quality>
      <usedPhaseCount>12</usedPhaseCount>
      <usedStationCount>10</usedStationCount>
      <standardError>0.83</standardError>
      <azimuthalGap>122</azimuthalGap>
      <minimumDistance>1.2</minimumDistance>
      <maximumDistance>6.36</maximumDistance>
    </quality>
    <evaluationMode>manual</evaluationMode>
    <creationInfo>
      <agencyURI>smi:smi-registry/organization/EMSC</agencyURI>
      <authorURI>smi:smi-registry/organization/EMSC</authorURI>
    </creationInfo>
    <originUncertainty>
      <azimuthMaxHorizontalUncertainty>51</azimuthMaxHorizontalUncertainty>
    </originUncertainty>
  </origin>
  <magnitude publicID="quakeml:eu.emsc/event/20001009_0000005/origin/1441631/mag/2">
    <mag>
      <value>3.1</value>
    </mag>
    <type>ML</type>
    <originID>quakeml:eu.emsc/event/20001009_0000005/origin/1441631</originID>
    <creationInfo>
      <agencyURI>smi:smi-registry/organization/EMSC</agencyURI>
      <authorURI>smi:smi-registry/organization/EMSC</authorURI>
    </creationInfo>
  </magnitude>
</event>
<event publicID="quakeml:eu.emsc/event/20001009_0000004">
  <preferredOriginID>quakeml:eu.emsc/event/20001009_0000004/origin/1441730</preferredOriginID>
  <preferredMagnitudeID>quakeml:eu.emsc/event/20001009_0000004/origin/1441730/mag/2</preferredMagnitudeID>
  <creationInfo>
    <agencyURI>smi:smi-registry/organization/EMSC</agencyURI>
    <authorURI>smi:smi-registry/organization/EMSC</authorURI>
    <creationTime>2014-12-03T11:24:27.606745Z</creationTime>
  </creationInfo>
  <description>
    <text>IONIAN SEA</text>
    <type>Flinn-Engdahl region</type>
  </description>
  <origin publicID="quakeml:eu.emsc/event/20001009_0000004/origin/1441730">
    <time>
      <value>2000-10-09T04:28:47.2Z</value>
      <uncertainty>0.36</uncertainty>
    </time>
    <latitude>
      <value>37.4723</value>
      <uncertainty>11.2</uncertainty>
    </latitude>
    <longitude>
      <value>20.6056</value>
      <uncertainty>6.8</uncertainty>
    </longitude>
    <depth>
      <value>2000</value>
    </depth>
    <depthType>from location</depthType>
    <methodID>smi:eu.emsc-csem/origin_method/NA</methodID>
    <quality>
      <usedPhaseCount>21</usedPhaseCount>
      <usedStationCount>19</usedStationCount>
      <standardError>1.22</standardError>
      <azimuthalGap>145</azimuthalGap>
      <minimumDistance>1.09</minimumDistance>
      <maximumDistance>5.15</maximumDistance>
    </quality>
    <evaluationMode>manual</evaluationMode>
    <creationInfo>
      <agencyURI>smi:smi-registry/organization/EMSC</agencyURI>
      <authorURI>smi:smi-registry/organization/EMSC</authorURI>
    </creationInfo>
    <originUncertainty>
      <azimuthMaxHorizontalUncertainty>2</azimuthMaxHorizontalUncertainty>
    </originUncertainty>
  </origin>
  <magnitude publicID="quakeml:eu.emsc/event/20001009_0000004/origin/1441730/mag/2">
    <mag>
      <value>3.8</value>
    </mag>
    <type>ML</type>
    <originID>quakeml:eu.emsc/event/20001009_0000004/origin/1441730</originID>
    <creationInfo>
      <agencyURI>smi:smi-registry/organization/EMSC</agencyURI>
      <authorURI>smi:smi-registry/organization/EMSC</authorURI>
    </creationInfo>
  </magnitude>
</event>
<event publicID="quakeml:eu.emsc/event/20001009_0000003">
  <preferredOriginID>quakeml:eu.emsc/event/20001009_0000003/origin/1443375</preferredOriginID>
  <preferredMagnitudeID>quakeml:eu.emsc/event/20001009_0000003/origin/1443375/mag/2</preferredMagnitudeID>
  <creationInfo>
    <agencyURI>smi:smi-registry/organization/EMSC</agencyURI>
    <authorURI>smi:smi-registry/organization/EMSC</authorURI>
    <creationTime>2014-12-10T10:27:43.89008Z</creationTime>
  </creationInfo>
  <description>
    <text>SPAIN</text>
    <type>Flinn-Engdahl region</type>
  </description>
  <origin publicID="quakeml:eu.emsc/event/20001009_0000003/origin/1443375">
    <time>
      <value>2000-10-09T02:53:14.8Z</value>
    </time>
    <latitude>
      <value>38.2676</value>
      <uncertainty>9999.9</uncertainty>
    </latitude>
    <longitude>
      <value>-2.2678</value>
      <uncertainty>9999.9</uncertainty>
    </longitude>
    <depth>
      <value>10200.0</value>
    </depth>
    <depthType>from location</depthType>
    <methodID>smi:eu.emsc-csem/origin_method/NA</methodID>
    <quality>
      <usedPhaseCount>49</usedPhaseCount>
      <usedStationCount>21</usedStationCount>
      <standardError>1.61</standardError>
      <azimuthalGap>56</azimuthalGap>
      <minimumDistance>0.41</minimumDistance>
      <maximumDistance>4.2</maximumDistance>
    </quality>
    <evaluationMode>manual</evaluationMode>
    <creationInfo>
      <agencyURI>smi:smi-registry/organization/EMSC</agencyURI>
      <authorURI>smi:smi-registry/organization/EMSC</authorURI>
    </creationInfo>
    <originUncertainty>
      <azimuthMaxHorizontalUncertainty>-99</azimuthMaxHorizontalUncertainty>
    </originUncertainty>
  </origin>
  <magnitude publicID="quakeml:eu.emsc/event/20001009_0000003/origin/1443375/mag/2">
    <mag>
      <value>2.5</value>
      <uncertainty>0.1</uncertainty>
    </mag>
    <type>mb</type>
    <originID>quakeml:eu.emsc/event/20001009_0000003/origin/1443375</originID>
    <stationCount>23</stationCount>
    <creationInfo>
      <agencyURI>smi:smi-registry/organization/EMSC</agencyURI>
      <authorURI>smi:smi-registry/organization/EMSC</authorURI>
    </creationInfo>
  </magnitude>
</event>
<event publicID="quakeml:eu.emsc/event/20001009_0000017">
  <preferredOriginID>quakeml:eu.emsc/event/20001009_0000017/origin/1441023</preferredOriginID>
  <preferredMagnitudeID>quakeml:eu.emsc/event/20001009_0000017/origin/1441023/mag/1</preferredMagnitudeID>
  <creationInfo>
    <agencyURI>smi:smi-registry/organization/EMSC</agencyURI>
    <authorURI>smi:smi-registry/organization/EMSC</authorURI>
    <creationTime>2014-12-03T16:51:38.341757Z</creationTime>
  </creationInfo>
  <description>
    <text>FRANCE</text>
    <type>Flinn-Engdahl region</type>
  </description>
  <origin publicID="quakeml:eu.emsc/event/20001009_0000017/origin/1441023">
    <time>
      <value>2000-10-09T01:17:11.4Z</value>
      <uncertainty>0.13</uncertainty>
    </time>
    <latitude>
      <value>43.3771</value>
      <uncertainty>2.8</uncertainty>
    </latitude>
    <longitude>
      <value>2.3746</value>
      <uncertainty>2</uncertainty>
    </longitude>
    <depth>
      <value>10000</value>
    </depth>
    <depthType>from location</depthType>
    <methodID>smi:eu.emsc-csem/origin_method/NA</methodID>
    <quality>
      <usedPhaseCount>21</usedPhaseCount>
      <usedStationCount>10</usedStationCount>
      <standardError>0.6</standardError>
      <azimuthalGap>105</azimuthalGap>
      <minimumDistance>0.12</minimumDistance>
      <maximumDistance>2.22</maximumDistance>
    </quality>
    <evaluationMode>manual</evaluationMode>
    <creationInfo>
      <agencyURI>smi:smi-registry/organization/EMSC</agencyURI>
      <authorURI>smi:smi-registry/organization/EMSC</authorURI>
    </creationInfo>
    <originUncertainty>
      <azimuthMaxHorizontalUncertainty>133</azimuthMaxHorizontalUncertainty>
    </originUncertainty>
  </origin>
  <magnitude publicID="quakeml:eu.emsc/event/20001009_0000017/origin/1441023/mag/1">
    <mag>
      <value>2</value>
      <uncertainty>0.4</uncertainty>
    </mag>
    <type>ML</type>
    <originID>quakeml:eu.emsc/event/20001009_0000017/origin/1441023</originID>
    <stationCount>10</stationCount>
    <creationInfo>
      <agencyURI>smi:smi-registry/organization/EMSC</agencyURI>
      <authorURI>smi:smi-registry/organization/EMSC</authorURI>
    </creationInfo>
  </magnitude>
</event>
<event publicID="quakeml:eu.emsc/event/20001009_0000002">
  <preferredOriginID>quakeml:eu.emsc/event/20001009_0000002/origin/1441735</preferredOriginID>
  <preferredMagnitudeID>quakeml:eu.emsc/event/20001009_0000002/origin/1441735/mag/2</preferredMagnitudeID>
  <creationInfo>
    <agencyURI>smi:smi-registry/organization/EMSC</agencyURI>
    <authorURI>smi:smi-registry/organization/EMSC</authorURI>
    <creationTime>2014-12-03T10:50:51.25572Z</creationTime>
  </creationInfo>
  <description>
    <text>GREECE</text>
    <type>Flinn-Engdahl region</type>
  </description>
  <origin publicID="quakeml:eu.emsc/event/20001009_0000002/origin/1441735">
    <time>
      <value>2000-10-09T00:30:34.6Z</value>
      <uncertainty>0.25</uncertainty>
    </time>
    <latitude>
      <value>38.1701</value>
      <uncertainty>7.1</uncertainty>
    </latitude>
    <longitude>
      <value>20.3051</value>
      <uncertainty>4.6</uncertainty>
    </longitude>
    <depth>
      <value>10000</value>
    </depth>
    <depthType>from location</depthType>
    <methodID>smi:eu.emsc-csem/origin_method/NA</methodID>
    <quality>
      <usedPhaseCount>81</usedPhaseCount>
      <usedStationCount>75</usedStationCount>
      <standardError>1.24</standardError>
      <azimuthalGap>59</azimuthalGap>
      <minimumDistance>1.36</minimumDistance>
      <maximumDistance>38.77</maximumDistance>
    </quality>
    <evaluationMode>manual</evaluationMode>
    <creationInfo>
      <agencyURI>smi:smi-registry/organization/EMSC</agencyURI>
      <authorURI>smi:smi-registry/organization/EMSC</authorURI>
    </creationInfo>
    <originUncertainty>
      <azimuthMaxHorizontalUncertainty>29</azimuthMaxHorizontalUncertainty>
    </originUncertainty>
  </origin>
  <magnitude publicID="quakeml:eu.emsc/event/20001009_0000002/origin/1441735/mag/2">
    <mag>
      <value>3.5</value>
    </mag>
    <type>ML</type>
    <originID>quakeml:eu.emsc/event/20001009_0000002/origin/1441735</originID>
    <creationInfo>
      <agencyURI>smi:smi-registry/organization/EMSC</agencyURI>
      <authorURI>smi:smi-registry/organization/EMSC</authorURI>
    </creationInfo>
  </magnitude>
</event>
<event publicID="quakeml:eu.emsc/event/20001009_0000016">
  <preferredOriginID>quakeml:eu.emsc/event/20001009_0000016/origin/1447797</preferredOriginID>
  <preferredMagnitudeID>quakeml:eu.emsc/event/20001009_0000016/origin/1447797/mag/2</preferredMagnitudeID>
  <creationInfo>
    <agencyURI>smi:smi-registry/organization/EMSC</agencyURI>
    <authorURI>smi:smi-registry/organization/EMSC</authorURI>
    <creationTime>2014-12-10T13:14:06.239463Z</creationTime>
  </creationInfo>
  <description>
    <text>SWITZERLAND</text>
    <type>Flinn-Engdahl region</type>
  </description>
  <origin publicID="quakeml:eu.emsc/event/20001009_0000016/origin/1447797">
    <time>
      <value>2000-10-09T00:06:51.0Z</value>
    </time>
    <latitude>
      <value>45.965</value>
      <uncertainty>9999.9</uncertainty>
    </latitude>
    <longitude>
      <value>8.972</value>
      <uncertainty>9999.9</uncertainty>
    </longitude>
    <depth>
      <value>20600.0</value>
    </depth>
    <depthType>from location</depthType>
    <methodID>smi:eu.emsc-csem/origin_method/NA</methodID>
    <quality>
      <usedPhaseCount>13</usedPhaseCount>
      <usedStationCount>8</usedStationCount>
      <standardError>1.62</standardError>
      <azimuthalGap>243</azimuthalGap>
      <minimumDistance>0.16</minimumDistance>
      <maximumDistance>1.31</maximumDistance>
    </quality>
    <evaluationMode>manual</evaluationMode>
    <creationInfo>
      <agencyURI>smi:smi-registry/organization/EMSC</agencyURI>
      <authorURI>smi:smi-registry/organization/EMSC</authorURI>
    </creationInfo>
    <originUncertainty>
      <azimuthMaxHorizontalUncertainty>-99</azimuthMaxHorizontalUncertainty>
    </originUncertainty>
  </origin>
  <magnitude publicID="quakeml:eu.emsc/event/20001009_0000016/origin/1447797/mag/2">
    <mag>
      <value>2</value>
    </mag>
    <type>ML</type>
    <originID>quakeml:eu.emsc/event/20001009_0000016/origin/1447797</originID>
    <stationCount>3</stationCount>
    <creationInfo>
      <agencyURI>smi:smi-registry/organization/EMSC</agencyURI>
      <authorURI>smi:smi-registry/organization/EMSC</authorURI>
    </creationInfo>
  </magnitude>
</event>
<event publicID="quakeml:eu.emsc/event/20001009_0000001">
  <preferredOriginID>quakeml:eu.emsc/event/20001009_0000001/origin/1441743</preferredOriginID>
  <preferredMagnitudeID>quakeml:eu.emsc/event/20001009_0000001/origin/1441743/mag/2</preferredMagnitudeID>
  <creationInfo>
    <agencyURI>smi:smi-registry/organization/EMSC</agencyURI>
    <authorURI>smi:smi-registry/organization/EMSC</authorURI>
    <creationTime>2014-12-03T10:21:11.346777Z</creationTime>
  </creationInfo>
  <description>
    <text>GREECE</text>
    <type>Flinn-Engdahl region</type>
  </description>
  <origin publicID="quakeml:eu.emsc/event/20001009_0000001/origin/1441743">
    <time>
      <value>2000-10-09T00:02:13.8Z</value>
      <uncertainty>0.19</uncertainty>
    </time>
    <latitude>
      <value>38.2202</value>
      <uncertainty>4.8</uncertainty>
    </latitude>
    <longitude>
      <value>20.3423</value>
      <uncertainty>3.2</uncertainty>
    </longitude>
    <depth>
      <value>46200.0</value>
      <uncertainty>2.4</uncertainty>
    </depth>
    <depthType>from location</depthType>
    <methodID>smi:eu.emsc-csem/origin_method/NA</methodID>
    <quality>
      <usedPhaseCount>121</usedPhaseCount>
      <usedStationCount>110</usedStationCount>
      <standardError>0.99</standardError>
      <azimuthalGap>52</azimuthalGap>
      <minimumDistance>1.31</minimumDistance>
      <maximumDistance>45.76</maximumDistance>
    </quality>
    <evaluationMode>manual</evaluationMode>
    <creationInfo>
      <agencyURI>smi:smi-registry/organization/EMSC</agencyURI>
      <authorURI>smi:smi-registry/organization/EMSC</authorURI>
    </creationInfo>
    <originUncertainty>
      <azimuthMaxHorizontalUncertainty>12</azimuthMaxHorizontalUncertainty>
    </originUncertainty>
  </origin>
  <magnitude publicID="quakeml:eu.emsc/event/20001009_0000001/origin/1441743/mag/2">
    <mag>
      <value>4.4</value>
      <uncertainty>0.3</uncertainty>
    </mag>
    <type>mb</type>
    <originID>quakeml:eu.emsc/event/20001009_0000001/origin/1441743</originID>
    <stationCount>5</stationCount>
    <creationInfo>
      <agencyURI>smi:smi-registry/organization/EMSC</agencyURI>
      <authorURI>smi:smi-registry/organization/EMSC</authorURI>
    </creationInfo>
  </magnitude>
</event>
</eventParameters>
</q:quakeml>
