<?xml version="1.0"?>
<q:quakeml xmlns:q="http://quakeml.org/xmlns/quakeml/1.2"  xmlns="http://quakeml.org/xmlns/bed/1.2">
<eventParameters publicID="smi:eu.emsc/unid">
<event publicID="quakeml:eu.emsc/event/20001022_0000009">
  <preferredOriginID>quakeml:eu.emsc/event/20001022_0000009/origin/1443205</preferredOriginID>
  <preferredMagnitudeID>quakeml:eu.emsc/event/20001022_0000009/origin/1443205/mag/2</preferredMagnitudeID>
  <creationInfo>
    <agencyURI>smi:smi-registry/organization/EMSC</agencyURI>
    <authorURI>smi:smi-registry/organization/EMSC</authorURI>
    <creationTime>2014-12-10T10:27:21.39432Z</creationTime>
  </creationInfo>
  <description>
    <text>WESTERN TURKEY</text>
    <type>Flinn-Engdahl region</type>
  </description>
  <origin publicID="quakeml:eu.emsc/event/20001022_0000009/origin/1443205">
    <time>
      <value>2000-10-22T23:12:50.4Z</value>
    </time>
    <latitude>
      <value>40.917</value>
      <uncertainty>9999.9</uncertainty>
    </latitude>
    <longitude>
      <value>31.349</value>
      <uncertainty>9999.9</uncertainty>
    </longitude>
    <depth>
      <value>10000</value>
    </depth>
    <depthType>from location</depthType>
    <methodID>smi:eu.emsc-csem/origin_method/NA</methodID>
    <quality>
      <usedPhaseCount>10</usedPhaseCount>
      <usedStationCount>9</usedStationCount>
      <standardError>2.38</standardError>
      <azimuthalGap>159</azimuthalGap>
      <minimumDistance>0.46</minimumDistance>
      <maximumDistance>2.71</maximumDistance>
    </quality>
    <evaluationMode>manual</evaluationMode>
    <creationInfo>
      <agencyURI>smi:smi-registry/organization/EMSC</agencyURI>
      <authorURI>smi:smi-registry/organization/EMSC</authorURI>
    </creationInfo>
    <originUncertainty>
      <azimuthMaxHorizontalUncertainty>-99</azimuthMaxHorizontalUncertainty>
    </originUncertainty>
  </origin>
  <magnitude publicID="quakeml:eu.emsc/event/20001022_0000009/origin/1443205/mag/2">
    <mag>
      <value>3.5</value>
    </mag>
    <type>MD</type>
    <originID>quakeml:eu.emsc/event/20001022_0000009/origin/1443205</originID>
    <creationInfo>
      <agencyURI>smi:smi-registry/organization/EMSC</agencyURI>
      <authorURI>smi:smi-registry/organization/EMSC</authorURI>
    </creationInfo>
  </magnitude>
</event>
<event publicID="quakeml:eu.emsc/event/20001022_0000011">
  <preferredOriginID>quakeml:eu.emsc/event/20001022_0000011/origin/1973373</preferredOriginID>
  <preferredMagnitudeID>quakeml:eu.emsc/event/20001022_0000011/origin/1973373/mag/2</preferredMagnitudeID>
  <creationInfo>
    <agencyURI>smi:smi-registry/organization/EMSC</agencyURI>
    <authorURI>smi:smi-registry/organization/EMSC</authorURI>
    <creationTime>2014-12-11T09:34:01.120546Z</creationTime>
  </creationInfo>
  <description>
    <text>SOUTHERN ITALY</text>
    <type>Flinn-Engdahl region</type>
  </description>
  <origin publicID="quakeml:eu.emsc/event/20001022_0000011/origin/1973373">
    <time>
      <value>2000-10-22T22:39:17.7Z</value>
    </time>
    <latitude>
      <value>41.141</value>
      <uncertainty>9999.9</uncertainty>
    </latitude>
    <longitude>
      <value>14.964</value>
      <uncertainty>9999.9</uncertainty>
    </longitude>
    <depth>
      <value>5800.0</value>
    </depth>
    <depthType>from location</depthType>
    <methodID>smi:eu.emsc-csem/origin_method/NA</methodID>
    <quality>
      <usedPhaseCount>36</usedPhaseCount>
      <usedStationCount>23</usedStationCount>
      <standardError>1.47</standardError>
      <azimuthalGap>108</azimuthalGap>
      <minimumDistance>0.14</minimumDistance>
      <maximumDistance>3.02</maximumDistance>
    </quality>
    <evaluationMode>manual</evaluationMode>
    <creationInfo>
      <agencyURI>smi:smi-registry/organization/EMSC</agencyURI>
      <authorURI>smi:smi-registry/organization/EMSC</authorURI>
    </creationInfo>
    <originUncertainty>
      <azimuthMaxHorizontalUncertainty>-99</azimuthMaxHorizontalUncertainty>
    </originUncertainty>
  </origin>
  <magnitude publicID="quakeml:eu.emsc/event/20001022_0000011/origin/1973373/mag/2">
    <mag>
      <value>1.8</value>
    </mag>
    <type>ML</type>
    <originID>quakeml:eu.emsc/event/20001022_0000011/origin/1973373</originID>
    <stationCount>15</stationCount>
    <creationInfo>
      <agencyURI>smi:smi-registry/organization/EMSC</agencyURI>
      <authorURI>smi:smi-registry/organization/EMSC</authorURI>
    </creationInfo>
  </magnitude>
</event>
<event publicID="quakeml:eu.emsc/event/20001022_0000013">
  <preferredOriginID>quakeml:eu.emsc/event/20001022_0000013/origin/1443207</preferredOriginID>
  <preferredMagnitudeID>quakeml:eu.emsc/event/20001022_0000013/origin/1443207/mag/2</preferredMagnitudeID>
  <creationInfo>
    <agencyURI>smi:smi-registry/organization/EMSC</agencyURI>
    <authorURI>smi:smi-registry/organization/EMSC</authorURI>
    <creationTime>2014-12-10T13:14:27.444807Z</creationTime>
  </creationInfo>
  <description>
    <text>GERMANY</text>
    <type>Flinn-Engdahl region</type>
  </description>
  <origin publicID="quakeml:eu.emsc/event/20001022_0000013/origin/1443207">
    <time>
      <value>2000-10-22T19:41:03.0Z</value>
    </time>
    <latitude>
      <value>49.38</value>
      <uncertainty>9999.9</uncertainty>
    </latitude>
    <longitude>
      <value>6.96</value>
      <uncertainty>9999.9</uncertainty>
    </longitude>
    <depth>
      <value>1000</value>
    </depth>
    <depthType>from location</depthType>
    <methodID>smi:eu.emsc-csem/origin_method/NA</methodID>
    <quality>
      <usedPhaseCount>8</usedPhaseCount>
      <usedStationCount>5</usedStationCount>
      <standardError>1.95</standardError>
      <azimuthalGap>160</azimuthalGap>
      <minimumDistance>0.6</minimumDistance>
      <maximumDistance>4.46</maximumDistance>
    </quality>
    <evaluationMode>manual</evaluationMode>
    <creationInfo>
      <agencyURI>smi:smi-registry/organization/EMSC</agencyURI>
      <authorURI>smi:smi-registry/organization/EMSC</authorURI>
    </creationInfo>
    <originUncertainty>
      <azimuthMaxHorizontalUncertainty>-99</azimuthMaxHorizontalUncertainty>
    </originUncertainty>
  </origin>
  <magnitude publicID="quakeml:eu.emsc/event/20001022_0000013/origin/1443207/mag/2">
    <mag>
      <value>1.8</value>
    </mag>
    <type>ML</type>
    <originID>quakeml:eu.emsc/event/20001022_0000013/origin/1443207</originID>
    <creationInfo>
      <agencyURI>smi:smi-registry/organization/EMSC</agencyURI>
      <authorURI>smi:smi-registry/organization/EMSC</authorURI>
    </creationInfo>
  </magnitude>
</event>
<event publicID="quakeml:eu.emsc/event/20001022_0000012">
  <preferredOriginID>quakeml:eu.emsc/event/20001022_0000012/origin/1443209</preferredOriginID>
  <preferredMagnitudeID>quakeml:eu.emsc/event/20001022_0000012/origin/1443209/mag/2</preferredMagnitudeID>
  <creationInfo>
    <agencyURI>smi:smi-registry/organization/EMSC</agencyURI>
    <authorURI>smi:smi-registry/organization/EMSC</authorURI>
    <creationTime>2014-12-10T13:14:26.974812Z</creationTime>
  </creationInfo>
  <description>
    <text>NORTHERN ITALY</text>
    <type>Flinn-Engdahl region</type>
  </description>
  <origin publicID="quakeml:eu.emsc/event/20001022_0000012/origin/1443209">
    <time>
      <value>2000-10-22T18:33:38.8Z</value>
    </time>
    <latitude>
      <value>44.7218</value>
      <uncertainty>9999.9</uncertainty>
    </latitude>
    <longitude>
      <value>8.513</value>
      <uncertainty>9999.9</uncertainty>
    </longitude>
    <depth>
      <value>32000</value>
    </depth>
    <depthType>from location</depthType>
    <methodID>smi:eu.emsc-csem/origin_method/NA</methodID>
    <quality>
      <usedPhaseCount>12</usedPhaseCount>
      <usedStationCount>9</usedStationCount>
      <standardError>6.67</standardError>
      <azimuthalGap>254</azimuthalGap>
      <minimumDistance>0.18</minimumDistance>
      <maximumDistance>1.03</maximumDistance>
    </quality>
    <evaluationMode>manual</evaluationMode>
    <creationInfo>
      <agencyURI>smi:smi-registry/organization/EMSC</agencyURI>
      <authorURI>smi:smi-registry/organization/EMSC</authorURI>
    </creationInfo>
    <originUncertainty>
      <azimuthMaxHorizontalUncertainty>-99</azimuthMaxHorizontalUncertainty>
    </originUncertainty>
  </origin>
  <magnitude publicID="quakeml:eu.emsc/event/20001022_0000012/origin/1443209/mag/2">
    <mag>
      <value>2.3</value>
    </mag>
    <type>ML</type>
    <originID>quakeml:eu.emsc/event/20001022_0000012/origin/1443209</originID>
    <creationInfo>
      <agencyURI>smi:smi-registry/organization/EMSC</agencyURI>
      <authorURI>smi:smi-registry/organization/EMSC</authorURI>
    </creationInfo>
  </magnitude>
</event>
<event publicID="quakeml:eu.emsc/event/20001022_0000015">
  <preferredOriginID>quakeml:eu.emsc/event/20001022_0000015/origin/1440922</preferredOriginID>
  <preferredMagnitudeID>quakeml:eu.emsc/event/20001022_0000015/origin/1440922/mag/1</preferredMagnitudeID>
  <creationInfo>
    <agencyURI>smi:smi-registry/organization/EMSC</agencyURI>
    <authorURI>smi:smi-registry/organization/EMSC</authorURI>
    <creationTime>2014-12-03T16:32:53.716504Z</creationTime>
  </creationInfo>
  <description>
    <text>SPAIN</text>
    <type>Flinn-Engdahl region</type>
  </description>
  <origin publicID="quakeml:eu.emsc/event/20001022_0000015/origin/1440922">
    <time>
      <value>2000-10-22T16:20:42.5Z</value>
      <uncertainty>0.54</uncertainty>
    </time>
    <latitude>
      <value>41.4971</value>
      <uncertainty>9.9</uncertainty>
    </latitude>
    <longitude>
      <value>2.1878</value>
      <uncertainty>5</uncertainty>
    </longitude>
    <depth>
      <value>8000</value>
    </depth>
    <depthType>from location</depthType>
    <methodID>smi:eu.emsc-csem/origin_method/NA</methodID>
    <quality>
      <usedPhaseCount>20</usedPhaseCount>
      <usedStationCount>11</usedStationCount>
      <standardError>1.16</standardError>
      <azimuthalGap>209</azimuthalGap>
      <minimumDistance>0.32</minimumDistance>
      <maximumDistance>2.86</maximumDistance>
    </quality>
    <evaluationMode>manual</evaluationMode>
    <creationInfo>
      <agencyURI>smi:smi-registry/organization/EMSC</agencyURI>
      <authorURI>smi:smi-registry/organization/EMSC</authorURI>
    </creationInfo>
    <originUncertainty>
      <azimuthMaxHorizontalUncertainty>151</azimuthMaxHorizontalUncertainty>
    </originUncertainty>
  </origin>
  <magnitude publicID="quakeml:eu.emsc/event/20001022_0000015/origin/1440922/mag/1">
    <mag>
      <value>2.5</value>
      <uncertainty>0.3</uncertainty>
    </mag>
    <type>ML</type>
    <originID>quakeml:eu.emsc/event/20001022_0000015/origin/1440922</originID>
    <stationCount>7</stationCount>
    <creationInfo>
      <agencyURI>smi:smi-registry/organization/EMSC</agencyURI>
      <authorURI>smi:smi-registry/organization/EMSC</authorURI>
    </creationInfo>
  </magnitude>
</event>
<event publicID="quakeml:eu.emsc/event/20001022_0000007">
  <preferredOriginID>quakeml:eu.emsc/event/20001022_0000007/origin/1441640</preferredOriginID>
  <preferredMagnitudeID>quakeml:eu.emsc/event/20001022_0000007/origin/1441640/mag/2</preferredMagnitudeID>
  <creationInfo>
    <agencyURI>smi:smi-registry/organization/EMSC</agencyURI>
    <authorURI>smi:smi-registry/organization/EMSC</authorURI>
    <creationTime>2014-12-03T11:00:21.672962Z</creationTime>
  </creationInfo>
  <description>
    <text>IONIAN SEA</text>
    <type>Flinn-Engdahl region</type>
  </description>
  <origin publicID="quakeml:eu.emsc/event/20001022_0000007/origin/1441640">
    <time>
      <value>2000-10-22T16:09:26.8Z</value>
      <uncertainty>1.53</uncertainty>
    </time>
    <latitude>
      <value>37.4719</value>
      <uncertainty>40.1</uncertainty>
    </latitude>
    <longitude>
      <value>20.7566</value>
      <uncertainty>10.2</uncertainty>
    </longitude>
    <depth>
      <value>2000</value>
    </depth>
    <depthType>from location</depthType>
    <methodID>smi:eu.emsc-csem/origin_method/NA</methodID>
    <quality>
      <usedPhaseCount>12</usedPhaseCount>
      <usedStationCount>11</usedStationCount>
      <standardError>1.08</standardError>
      <azimuthalGap>236</azimuthalGap>
      <minimumDistance>0.72</minimumDistance>
      <maximumDistance>4.04</maximumDistance>
    </quality>
    <evaluationMode>manual</evaluationMode>
    <creationInfo>
      <agencyURI>smi:smi-registry/organization/EMSC</agencyURI>
      <authorURI>smi:smi-registry/organization/EMSC</authorURI>
    </creationInfo>
    <originUncertainty>
      <azimuthMaxHorizontalUncertainty>55</azimuthMaxHorizontalUncertainty>
    </originUncertainty>
  </origin>
  <magnitude publicID="quakeml:eu.emsc/event/20001022_0000007/origin/1441640/mag/2">
    <mag>
      <value>3.6</value>
    </mag>
    <type>ML</type>
    <originID>quakeml:eu.emsc/event/20001022_0000007/origin/1441640</originID>
    <creationInfo>
      <agencyURI>smi:smi-registry/organization/EMSC</agencyURI>
      <authorURI>smi:smi-registry/organization/EMSC</authorURI>
    </creationInfo>
  </magnitude>
</event>
<event publicID="quakeml:eu.emsc/event/20001022_0000006">
  <preferredOriginID>quakeml:eu.emsc/event/20001022_0000006/origin/1441645</preferredOriginID>
  <preferredMagnitudeID>quakeml:eu.emsc/event/20001022_0000006/origin/1441645/mag/1</preferredMagnitudeID>
  <creationInfo>
    <agencyURI>smi:smi-registry/organization/EMSC</agencyURI>
    <authorURI>smi:smi-registry/organization/EMSC</authorURI>
    <creationTime>2014-12-03T12:07:18.697979Z</creationTime>
  </creationInfo>
  <description>
    <text>AZORES-CAPE ST. VINCENT RIDGE</text>
    <type>Flinn-Engdahl region</type>
  </description>
  <origin publicID="quakeml:eu.emsc/event/20001022_0000006/origin/1441645">
    <time>
      <value>2000-10-22T14:41:25.6Z</value>
      <uncertainty>0.27</uncertainty>
    </time>
    <latitude>
      <value>36.902</value>
      <uncertainty>5.4</uncertainty>
    </latitude>
    <longitude>
      <value>-10.864</value>
      <uncertainty>3.3</uncertainty>
    </longitude>
    <depth>
      <value>100000</value>
    </depth>
    <depthType>from location</depthType>
    <methodID>smi:eu.emsc-csem/origin_method/NA</methodID>
    <quality>
      <usedPhaseCount>127</usedPhaseCount>
      <usedStationCount>78</usedStationCount>
      <standardError>0.82</standardError>
      <azimuthalGap>279</azimuthalGap>
      <minimumDistance>1.65</minimumDistance>
      <maximumDistance>20.44</maximumDistance>
    </quality>
    <evaluationMode>manual</evaluationMode>
    <creationInfo>
      <agencyURI>smi:smi-registry/organization/EMSC</agencyURI>
      <authorURI>smi:smi-registry/organization/EMSC</authorURI>
    </creationInfo>
    <originUncertainty>
      <azimuthMaxHorizontalUncertainty>53</azimuthMaxHorizontalUncertainty>
    </originUncertainty>
  </origin>
  <magnitude publicID="quakeml:eu.emsc/event/20001022_0000006/origin/1441645/mag/1">
    <mag>
      <value>4.4</value>
      <uncertainty>0.3</uncertainty>
    </mag>
    <type>ML</type>
    <originID>quakeml:eu.emsc/event/20001022_0000006/origin/1441645</originID>
    <stationCount>28</stationCount>
    <creationInfo>
      <agencyURI>smi:smi-registry/organization/EMSC</agencyURI>
      <authorURI>smi:smi-registry/organization/EMSC</authorURI>
    </creationInfo>
  </magnitude>
</event>
<event publicID="quakeml:eu.emsc/event/20001022_0000005">
  <preferredOriginID>quakeml:eu.emsc/event/20001022_0000005/origin/1441648</preferredOriginID>
  <preferredMagnitudeID>quakeml:eu.emsc/event/20001022_0000005/origin/1441648/mag/2</preferredMagnitudeID>
  <creationInfo>
    <agencyURI>smi:smi-registry/organization/EMSC</agencyURI>
    <authorURI>smi:smi-registry/organization/EMSC</authorURI>
    <creationTime>2014-12-03T10:18:40.436772Z</creationTime>
  </creationInfo>
  <description>
    <text>TURKEY-IRAN-IRAQ BORDER REGION</text>
    <type>Flinn-Engdahl region</type>
  </description>
  <origin publicID="quakeml:eu.emsc/event/20001022_0000005/origin/1441648">
    <time>
      <value>2000-10-22T13:18:33.0Z</value>
      <uncertainty>3.58</uncertainty>
    </time>
    <latitude>
      <value>37.9915</value>
      <uncertainty>91.8</uncertainty>
    </latitude>
    <longitude>
      <value>44.8633</value>
      <uncertainty>33</uncertainty>
    </longitude>
    <depth>
      <value>2000</value>
    </depth>
    <depthType>from location</depthType>
    <methodID>smi:eu.emsc-csem/origin_method/NA</methodID>
    <quality>
      <usedPhaseCount>8</usedPhaseCount>
      <usedStationCount>7</usedStationCount>
      <standardError>1.81</standardError>
      <azimuthalGap>252</azimuthalGap>
      <minimumDistance>1.33</minimumDistance>
      <maximumDistance>3.74</maximumDistance>
    </quality>
    <evaluationMode>manual</evaluationMode>
    <creationInfo>
      <agencyURI>smi:smi-registry/organization/EMSC</agencyURI>
      <authorURI>smi:smi-registry/organization/EMSC</authorURI>
    </creationInfo>
    <originUncertainty>
      <azimuthMaxHorizontalUncertainty>164</azimuthMaxHorizontalUncertainty>
    </originUncertainty>
  </origin>
  <magnitude publicID="quakeml:eu.emsc/event/20001022_0000005/origin/1441648/mag/2">
    <mag>
      <value>3.9</value>
    </mag>
    <type>MD</type>
    <originID>quakeml:eu.emsc/event/20001022_0000005/origin/1441648</originID>
    <creationInfo>
      <agencyURI>smi:smi-registry/organization/EMSC</agencyURI>
      <authorURI>smi:smi-registry/organization/EMSC</authorURI>
    </creationInfo>
  </magnitude>
</event>
<event publicID="quakeml:eu.emsc/event/20001022_0000004">
  <preferredOriginID>quakeml:eu.emsc/event/20001022_0000004/origin/1443211</preferredOriginID>
  <preferredMagnitudeID>quakeml:eu.emsc/event/20001022_0000004/origin/1443211/mag/2</preferredMagnitudeID>
  <creationInfo>
    <agencyURI>smi:smi-registry/organization/EMSC</agencyURI>
    <authorURI>smi:smi-registry/organization/EMSC</authorURI>
    <creationTime>2014-12-10T10:27:06.216127Z</creationTime>
  </creationInfo>
  <description>
    <text>DODECANESE ISLANDS, GREECE</text>
    <type>Flinn-Engdahl region</type>
  </description>
  <origin publicID="quakeml:eu.emsc/event/20001022_0000004/origin/1443211">
    <time>
      <value>2000-10-22T10:11:29.4Z</value>
    </time>
    <latitude>
      <value>35.12</value>
      <uncertainty>9999.9</uncertainty>
    </latitude>
    <longitude>
      <value>27.24</value>
      <uncertainty>9999.9</uncertainty>
    </longitude>
    <depth>
      <value>5000</value>
    </depth>
    <depthType>from location</depthType>
    <methodID>smi:eu.emsc-csem/origin_method/NA</methodID>
    <quality>
      <usedPhaseCount>8</usedPhaseCount>
      <usedStationCount>7</usedStationCount>
      <standardError>2.13</standardError>
      <azimuthalGap>226</azimuthalGap>
      <minimumDistance>0.43</minimumDistance>
      <maximumDistance>2.5</maximumDistance>
    </quality>
    <evaluationMode>manual</evaluationMode>
    <creationInfo>
      <agencyURI>smi:smi-registry/organization/EMSC</agencyURI>
      <authorURI>smi:smi-registry/organization/EMSC</authorURI>
    </creationInfo>
    <originUncertainty>
      <azimuthMaxHorizontalUncertainty>-99</azimuthMaxHorizontalUncertainty>
    </originUncertainty>
  </origin>
  <magnitude publicID="quakeml:eu.emsc/event/20001022_0000004/origin/1443211/mag/2">
    <mag>
      <value>3.7</value>
    </mag>
    <type>MD</type>
    <originID>quakeml:eu.emsc/event/20001022_0000004/origin/1443211</originID>
    <creationInfo>
      <agencyURI>smi:smi-registry/organization/EMSC</agencyURI>
      <authorURI>smi:smi-registry/organization/EMSC</authorURI>
    </creationInfo>
  </magnitude>
</event>
<event publicID="quakeml:eu.emsc/event/20001022_0000016">
  <preferredOriginID>quakeml:eu.emsc/event/20001022_0000016/origin/1441672</preferredOriginID>
  <preferredMagnitudeID>quakeml:eu.emsc/event/20001022_0000016/origin/1441672/mag/1</preferredMagnitudeID>
  <creationInfo>
    <agencyURI>smi:smi-registry/organization/EMSC</agencyURI>
    <authorURI>smi:smi-registry/organization/EMSC</authorURI>
    <creationTime>2014-12-03T17:03:00.2317Z</creationTime>
  </creationInfo>
  <description>
    <text>NORTHERN ITALY</text>
    <type>Flinn-Engdahl region</type>
  </description>
  <origin publicID="quakeml:eu.emsc/event/20001022_0000016/origin/1441672">
    <time>
      <value>2000-10-22T09:00:37.9Z</value>
      <uncertainty>0.31</uncertainty>
    </time>
    <latitude>
      <value>44.8212</value>
      <uncertainty>5.7</uncertainty>
    </latitude>
    <longitude>
      <value>8.3985</value>
      <uncertainty>2.9</uncertainty>
    </longitude>
    <depth>
      <value>10000</value>
    </depth>
    <depthType>from location</depthType>
    <methodID>smi:eu.emsc-csem/origin_method/NA</methodID>
    <quality>
      <usedPhaseCount>26</usedPhaseCount>
      <usedStationCount>18</usedStationCount>
      <standardError>0.67</standardError>
      <azimuthalGap>179</azimuthalGap>
      <minimumDistance>0.3</minimumDistance>
      <maximumDistance>2.02</maximumDistance>
    </quality>
    <evaluationMode>manual</evaluationMode>
    <creationInfo>
      <agencyURI>smi:smi-registry/organization/EMSC</agencyURI>
      <authorURI>smi:smi-registry/organization/EMSC</authorURI>
    </creationInfo>
    <originUncertainty>
      <azimuthMaxHorizontalUncertainty>70</azimuthMaxHorizontalUncertainty>
    </originUncertainty>
  </origin>
  <magnitude publicID="quakeml:eu.emsc/event/20001022_0000016/origin/1441672/mag/1">
    <mag>
      <value>2.2</value>
      <uncertainty>0.4</uncertainty>
    </mag>
    <type>ML</type>
    <originID>quakeml:eu.emsc/event/20001022_0000016/origin/1441672</originID>
    <stationCount>6</stationCount>
    <creationInfo>
      <agencyURI>smi:smi-registry/organization/EMSC</agencyURI>
      <authorURI>smi:smi-registry/organization/EMSC</authorURI>
    </creationInfo>
  </magnitude>
</event>
<event publicID="quakeml:eu.emsc/event/20001022_0000003">
  <preferredOriginID>quakeml:eu.emsc/event/20001022_0000003/origin/1443213</preferredOriginID>
  <preferredMagnitudeID>quakeml:eu.emsc/event/20001022_0000003/origin/1443213/mag/2</preferredMagnitudeID>
  <creationInfo>
    <agencyURI>smi:smi-registry/organization/EMSC</agencyURI>
    <authorURI>smi:smi-registry/organization/EMSC</authorURI>
    <creationTime>2014-12-10T10:27:05.459797Z</creationTime>
  </creationInfo>
  <description>
    <text>WESTERN TURKEY</text>
    <type>Flinn-Engdahl region</type>
  </description>
  <origin publicID="quakeml:eu.emsc/event/20001022_0000003/origin/1443213">
    <time>
      <value>2000-10-22T02:21:49.0Z</value>
    </time>
    <latitude>
      <value>37.856</value>
      <uncertainty>9999.9</uncertainty>
    </latitude>
    <longitude>
      <value>29.045</value>
      <uncertainty>9999.9</uncertainty>
    </longitude>
    <depth>
      <value>5000</value>
    </depth>
    <depthType>from location</depthType>
    <methodID>smi:eu.emsc-csem/origin_method/NA</methodID>
    <quality>
      <usedPhaseCount>9</usedPhaseCount>
      <usedStationCount>8</usedStationCount>
      <standardError>1.16</standardError>
      <azimuthalGap>112</azimuthalGap>
      <minimumDistance>0.6</minimumDistance>
      <maximumDistance>2.72</maximumDistance>
    </quality>
    <evaluationMode>manual</evaluationMode>
    <creationInfo>
      <agencyURI>smi:smi-registry/organization/EMSC</agencyURI>
      <authorURI>smi:smi-registry/organization/EMSC</authorURI>
    </creationInfo>
    <originUncertainty>
      <azimuthMaxHorizontalUncertainty>-99</azimuthMaxHorizontalUncertainty>
    </originUncertainty>
  </origin>
  <magnitude publicID="quakeml:eu.emsc/event/20001022_0000003/origin/1443213/mag/2">
    <mag>
      <value>3.3</value>
    </mag>
    <type>MD</type>
    <originID>quakeml:eu.emsc/event/20001022_0000003/origin/1443213</originID>
    <creationInfo>
      <agencyURI>smi:smi-registry/organization/EMSC</agencyURI>
      <authorURI>smi:smi-registry/organization/EMSC</authorURI>
    </creationInfo>
  </magnitude>
</event>
<event publicID="quakeml:eu.emsc/event/20001022_0000002">
  <preferredOriginID>quakeml:eu.emsc/event/20001022_0000002/origin/1441652</preferredOriginID>
  <preferredMagnitudeID>quakeml:eu.emsc/event/20001022_0000002/origin/1441652/mag/2</preferredMagnitudeID>
  <creationInfo>
    <agencyURI>smi:smi-registry/organization/EMSC</agencyURI>
    <authorURI>smi:smi-registry/organization/EMSC</authorURI>
    <creationTime>2014-12-03T10:38:35.555363Z</creationTime>
  </creationInfo>
  <description>
    <text>ALBANIA</text>
    <type>Flinn-Engdahl region</type>
  </description>
  <origin publicID="quakeml:eu.emsc/event/20001022_0000002/origin/1441652">
    <time>
      <value>2000-10-22T00:58:48.7Z</value>
      <uncertainty>0.24</uncertainty>
    </time>
    <latitude>
      <value>39.7806</value>
      <uncertainty>6.5</uncertainty>
    </latitude>
    <longitude>
      <value>20.1537</value>
      <uncertainty>4.4</uncertainty>
    </longitude>
    <depth>
      <value>2000</value>
    </depth>
    <depthType>from location</depthType>
    <methodID>smi:eu.emsc-csem/origin_method/NA</methodID>
    <quality>
      <usedPhaseCount>38</usedPhaseCount>
      <usedStationCount>28</usedStationCount>
      <standardError>1.03</standardError>
      <azimuthalGap>153</azimuthalGap>
      <minimumDistance>1.14</minimumDistance>
      <maximumDistance>10.46</maximumDistance>
    </quality>
    <evaluationMode>manual</evaluationMode>
    <creationInfo>
      <agencyURI>smi:smi-registry/organization/EMSC</agencyURI>
      <authorURI>smi:smi-registry/organization/EMSC</authorURI>
    </creationInfo>
    <originUncertainty>
      <azimuthMaxHorizontalUncertainty>52</azimuthMaxHorizontalUncertainty>
    </originUncertainty>
  </origin>
  <magnitude publicID="quakeml:eu.emsc/event/20001022_0000002/origin/1441652/mag/2">
    <mag>
      <value>3.3</value>
    </mag>
    <type>ML</type>
    <originID>quakeml:eu.emsc/event/20001022_0000002/origin/1441652</originID>
    <creationInfo>
      <agencyURI>smi:smi-registry/organization/EMSC</agencyURI>
      <authorURI>smi:smi-registry/organization/EMSC</authorURI>
    </creationInfo>
  </magnitude>
</event>
<event publicID="quakeml:eu.emsc/event/20001022_0000001">
  <preferredOriginID>quakeml:eu.emsc/event/20001022_0000001/origin/1443215</preferredOriginID>
  <preferredMagnitudeID>quakeml:eu.emsc/event/20001022_0000001/origin/1443215/mag/2</preferredMagnitudeID>
  <creationInfo>
    <agencyURI>smi:smi-registry/organization/EMSC</agencyURI>
    <authorURI>smi:smi-registry/organization/EMSC</authorURI>
    <creationTime>2014-12-10T10:27:02.55479Z</creationTime>
  </creationInfo>
  <description>
    <text>WESTERN TURKEY</text>
    <type>Flinn-Engdahl region</type>
  </description>
  <origin publicID="quakeml:eu.emsc/event/20001022_0000001/origin/1443215">
    <time>
      <value>2000-10-22T00:23:12.8Z</value>
    </time>
    <latitude>
      <value>39.381</value>
      <uncertainty>9999.9</uncertainty>
    </latitude>
    <longitude>
      <value>27.78</value>
      <uncertainty>9999.9</uncertainty>
    </longitude>
    <depth>
      <value>8000</value>
    </depth>
    <depthType>from location</depthType>
    <methodID>smi:eu.emsc-csem/origin_method/NA</methodID>
    <quality>
      <usedPhaseCount>6</usedPhaseCount>
      <usedStationCount>4</usedStationCount>
      <standardError>0.95</standardError>
      <azimuthalGap>183</azimuthalGap>
      <minimumDistance>0.69</minimumDistance>
      <maximumDistance>1.62</maximumDistance>
    </quality>
    <evaluationMode>manual</evaluationMode>
    <creationInfo>
      <agencyURI>smi:smi-registry/organization/EMSC</agencyURI>
      <authorURI>smi:smi-registry/organization/EMSC</authorURI>
    </creationInfo>
    <originUncertainty>
      <azimuthMaxHorizontalUncertainty>-99</azimuthMaxHorizontalUncertainty>
    </originUncertainty>
  </origin>
  <magnitude publicID="quakeml:eu.emsc/event/20001022_0000001/origin/1443215/mag/2">
    <mag>
      <value>2.9</value>
    </mag>
    <type>MD</type>
    <originID>quakeml:eu.emsc/event/20001022_0000001/origin/1443215</originID>
    <creationInfo>
      <agencyURI>smi:smi-registry/organization/EMSC</agencyURI>
      <authorURI>smi:smi-registry/organization/EMSC</authorURI>
    </creationInfo>
  </magnitude>
</event>
<event publicID="quakeml:eu.emsc/event/20001022_0000014">
  <preferredOriginID>quakeml:eu.emsc/event/20001022_0000014/origin/1443217</preferredOriginID>
  <preferredMagnitudeID>quakeml:eu.emsc/event/20001022_0000014/origin/1443217/mag/2</preferredMagnitudeID>
  <creationInfo>
    <agencyURI>smi:smi-registry/organization/EMSC</agencyURI>
    <authorURI>smi:smi-registry/organization/EMSC</authorURI>
    <creationTime>2014-12-10T13:14:26.49979Z</creationTime>
  </creationInfo>
  <description>
    <text>FRANCE</text>
    <type>Flinn-Engdahl region</type>
  </description>
  <origin publicID="quakeml:eu.emsc/event/20001022_0000014/origin/1443217">
    <time>
      <value>2000-10-22T00:03:04.6Z</value>
    </time>
    <latitude>
      <value>44.7245</value>
      <uncertainty>9999.9</uncertainty>
    </latitude>
    <longitude>
      <value>6.7128</value>
      <uncertainty>9999.9</uncertainty>
    </longitude>
    <depth>
      <value>0</value>
    </depth>
    <depthType>from location</depthType>
    <methodID>smi:eu.emsc-csem/origin_method/NA</methodID>
    <quality>
      <usedPhaseCount>8</usedPhaseCount>
      <usedStationCount>7</usedStationCount>
      <standardError>8.76</standardError>
      <azimuthalGap>237</azimuthalGap>
      <minimumDistance>0.2</minimumDistance>
      <maximumDistance>0.71</maximumDistance>
    </quality>
    <evaluationMode>manual</evaluationMode>
    <creationInfo>
      <agencyURI>smi:smi-registry/organization/EMSC</agencyURI>
      <authorURI>smi:smi-registry/organization/EMSC</authorURI>
    </creationInfo>
    <originUncertainty>
      <azimuthMaxHorizontalUncertainty>-99</azimuthMaxHorizontalUncertainty>
    </originUncertainty>
  </origin>
  <magnitude publicID="quakeml:eu.emsc/event/20001022_0000014/origin/1443217/mag/2">
    <mag>
      <value>1.9</value>
    </mag>
    <type>ML</type>
    <originID>quakeml:eu.emsc/event/20001022_0000014/origin/1443217</originID>
    <creationInfo>
      <agencyURI>smi:smi-registry/organization/EMSC</agencyURI>
      <authorURI>smi:smi-registry/organization/EMSC</authorURI>
    </creationInfo>
  </magnitude>
</event>
</eventParameters>
</q:quakeml>
