<?xml version="1.0"?>
<q:quakeml xmlns:q="http://quakeml.org/xmlns/quakeml/1.2"  xmlns="http://quakeml.org/xmlns/bed/1.2">
<eventParameters publicID="smi:eu.emsc/unid">
<event publicID="quakeml:eu.emsc/event/20001207_0000007">
  <preferredOriginID>quakeml:eu.emsc/event/20001207_0000007/origin/1439990</preferredOriginID>
  <preferredMagnitudeID>quakeml:eu.emsc/event/20001207_0000007/origin/1439990/mag/2</preferredMagnitudeID>
  <creationInfo>
    <agencyURI>smi:smi-registry/organization/EMSC</agencyURI>
    <authorURI>smi:smi-registry/organization/EMSC</authorURI>
    <creationTime>2014-12-03T11:09:39.847942Z</creationTime>
  </creationInfo>
  <description>
    <text>GREECE</text>
    <type>Flinn-Engdahl region</type>
  </description>
  <origin publicID="quakeml:eu.emsc/event/20001207_0000007/origin/1439990">
    <time>
      <value>2000-12-07T20:51:48.8Z</value>
      <uncertainty>0.52</uncertainty>
    </time>
    <latitude>
      <value>39.335</value>
      <uncertainty>22.8</uncertainty>
    </latitude>
    <longitude>
      <value>20.2442</value>
      <uncertainty>12.4</uncertainty>
    </longitude>
    <depth>
      <value>2000</value>
    </depth>
    <depthType>from location</depthType>
    <methodID>smi:eu.emsc-csem/origin_method/NA</methodID>
    <quality>
      <usedPhaseCount>5</usedPhaseCount>
      <usedStationCount>5</usedStationCount>
      <standardError>0.6</standardError>
      <azimuthalGap>151</azimuthalGap>
      <minimumDistance>0.51</minimumDistance>
      <maximumDistance>2.79</maximumDistance>
    </quality>
    <evaluationMode>manual</evaluationMode>
    <creationInfo>
      <agencyURI>smi:smi-registry/organization/EMSC</agencyURI>
      <authorURI>smi:smi-registry/organization/EMSC</authorURI>
    </creationInfo>
    <originUncertainty>
      <azimuthMaxHorizontalUncertainty>56</azimuthMaxHorizontalUncertainty>
    </originUncertainty>
  </origin>
  <magnitude publicID="quakeml:eu.emsc/event/20001207_0000007/origin/1439990/mag/2">
    <mag>
      <value>3.1</value>
    </mag>
    <type>MD</type>
    <originID>quakeml:eu.emsc/event/20001207_0000007/origin/1439990</originID>
    <creationInfo>
      <agencyURI>smi:smi-registry/organization/EMSC</agencyURI>
      <authorURI>smi:smi-registry/organization/EMSC</authorURI>
    </creationInfo>
  </magnitude>
</event>
<event publicID="quakeml:eu.emsc/event/20001207_0000006">
  <preferredOriginID>quakeml:eu.emsc/event/20001207_0000006/origin/1439993</preferredOriginID>
  <preferredMagnitudeID>quakeml:eu.emsc/event/20001207_0000006/origin/1439993/mag/2</preferredMagnitudeID>
  <creationInfo>
    <agencyURI>smi:smi-registry/organization/EMSC</agencyURI>
    <authorURI>smi:smi-registry/organization/EMSC</authorURI>
    <creationTime>2014-12-03T11:37:23.236765Z</creationTime>
  </creationInfo>
  <description>
    <text>BULGARIA</text>
    <type>Flinn-Engdahl region</type>
  </description>
  <origin publicID="quakeml:eu.emsc/event/20001207_0000006/origin/1439993">
    <time>
      <value>2000-12-07T14:38:37.8Z</value>
      <uncertainty>0.98</uncertainty>
    </time>
    <latitude>
      <value>41.6826</value>
      <uncertainty>17.8</uncertainty>
    </latitude>
    <longitude>
      <value>23.8529</value>
      <uncertainty>11.9</uncertainty>
    </longitude>
    <depth>
      <value>2000</value>
    </depth>
    <depthType>from location</depthType>
    <methodID>smi:eu.emsc-csem/origin_method/NA</methodID>
    <quality>
      <usedPhaseCount>16</usedPhaseCount>
      <usedStationCount>10</usedStationCount>
      <standardError>1.34</standardError>
      <azimuthalGap>255</azimuthalGap>
      <minimumDistance>0.6</minimumDistance>
      <maximumDistance>2.37</maximumDistance>
    </quality>
    <evaluationMode>manual</evaluationMode>
    <creationInfo>
      <agencyURI>smi:smi-registry/organization/EMSC</agencyURI>
      <authorURI>smi:smi-registry/organization/EMSC</authorURI>
    </creationInfo>
    <originUncertainty>
      <azimuthMaxHorizontalUncertainty>56</azimuthMaxHorizontalUncertainty>
    </originUncertainty>
  </origin>
  <magnitude publicID="quakeml:eu.emsc/event/20001207_0000006/origin/1439993/mag/2">
    <mag>
      <value>3</value>
    </mag>
    <type>ML</type>
    <originID>quakeml:eu.emsc/event/20001207_0000006/origin/1439993</originID>
    <creationInfo>
      <agencyURI>smi:smi-registry/organization/EMSC</agencyURI>
      <authorURI>smi:smi-registry/organization/EMSC</authorURI>
    </creationInfo>
  </magnitude>
</event>
<event publicID="quakeml:eu.emsc/event/20001207_0000005">
  <preferredOriginID>quakeml:eu.emsc/event/20001207_0000005/origin/1442467</preferredOriginID>
  <preferredMagnitudeID>quakeml:eu.emsc/event/20001207_0000005/origin/1442467/mag/2</preferredMagnitudeID>
  <creationInfo>
    <agencyURI>smi:smi-registry/organization/EMSC</agencyURI>
    <authorURI>smi:smi-registry/organization/EMSC</authorURI>
    <creationTime>2014-12-10T10:57:45.47291Z</creationTime>
  </creationInfo>
  <description>
    <text>GREECE</text>
    <type>Flinn-Engdahl region</type>
  </description>
  <origin publicID="quakeml:eu.emsc/event/20001207_0000005/origin/1442467">
    <time>
      <value>2000-12-07T13:27:47.3Z</value>
    </time>
    <latitude>
      <value>38.6</value>
      <uncertainty>9999.9</uncertainty>
    </latitude>
    <longitude>
      <value>23.88</value>
      <uncertainty>9999.9</uncertainty>
    </longitude>
    <depth>
      <value>17000</value>
    </depth>
    <depthType>from location</depthType>
    <methodID>smi:eu.emsc-csem/origin_method/NA</methodID>
    <quality>
      <usedPhaseCount>5</usedPhaseCount>
      <usedStationCount>5</usedStationCount>
      <standardError>2.18</standardError>
      <azimuthalGap>217</azimuthalGap>
      <minimumDistance>0.55</minimumDistance>
      <maximumDistance>2.02</maximumDistance>
    </quality>
    <evaluationMode>manual</evaluationMode>
    <creationInfo>
      <agencyURI>smi:smi-registry/organization/EMSC</agencyURI>
      <authorURI>smi:smi-registry/organization/EMSC</authorURI>
    </creationInfo>
    <originUncertainty>
      <azimuthMaxHorizontalUncertainty>-99</azimuthMaxHorizontalUncertainty>
    </originUncertainty>
  </origin>
  <magnitude publicID="quakeml:eu.emsc/event/20001207_0000005/origin/1442467/mag/2">
    <mag>
      <value>2.8</value>
    </mag>
    <type>ML</type>
    <originID>quakeml:eu.emsc/event/20001207_0000005/origin/1442467</originID>
    <creationInfo>
      <agencyURI>smi:smi-registry/organization/EMSC</agencyURI>
      <authorURI>smi:smi-registry/organization/EMSC</authorURI>
    </creationInfo>
  </magnitude>
</event>
<event publicID="quakeml:eu.emsc/event/20001207_0000010">
  <preferredOriginID>quakeml:eu.emsc/event/20001207_0000010/origin/1442469</preferredOriginID>
  <preferredMagnitudeID>quakeml:eu.emsc/event/20001207_0000010/origin/1442469/mag/2</preferredMagnitudeID>
  <creationInfo>
    <agencyURI>smi:smi-registry/organization/EMSC</agencyURI>
    <authorURI>smi:smi-registry/organization/EMSC</authorURI>
    <creationTime>2014-12-10T13:15:34.669258Z</creationTime>
  </creationInfo>
  <description>
    <text>NEAR SOUTH COAST OF FRANCE</text>
    <type>Flinn-Engdahl region</type>
  </description>
  <origin publicID="quakeml:eu.emsc/event/20001207_0000010/origin/1442469">
    <time>
      <value>2000-12-07T12:50:45.6Z</value>
    </time>
    <latitude>
      <value>43.9508</value>
      <uncertainty>9999.9</uncertainty>
    </latitude>
    <longitude>
      <value>7.8712</value>
      <uncertainty>9999.9</uncertainty>
    </longitude>
    <depth>
      <value>8400.0</value>
    </depth>
    <depthType>from location</depthType>
    <methodID>smi:eu.emsc-csem/origin_method/NA</methodID>
    <quality>
      <usedPhaseCount>13</usedPhaseCount>
      <usedStationCount>8</usedStationCount>
      <standardError>8.48</standardError>
      <azimuthalGap>144</azimuthalGap>
      <minimumDistance>0.04</minimumDistance>
      <maximumDistance>0.78</maximumDistance>
    </quality>
    <evaluationMode>manual</evaluationMode>
    <creationInfo>
      <agencyURI>smi:smi-registry/organization/EMSC</agencyURI>
      <authorURI>smi:smi-registry/organization/EMSC</authorURI>
    </creationInfo>
    <originUncertainty>
      <azimuthMaxHorizontalUncertainty>-99</azimuthMaxHorizontalUncertainty>
    </originUncertainty>
  </origin>
  <magnitude publicID="quakeml:eu.emsc/event/20001207_0000010/origin/1442469/mag/2">
    <mag>
      <value>1.8</value>
    </mag>
    <type>ML</type>
    <originID>quakeml:eu.emsc/event/20001207_0000010/origin/1442469</originID>
    <creationInfo>
      <agencyURI>smi:smi-registry/organization/EMSC</agencyURI>
      <authorURI>smi:smi-registry/organization/EMSC</authorURI>
    </creationInfo>
  </magnitude>
</event>
<event publicID="quakeml:eu.emsc/event/20001207_0000004">
  <preferredOriginID>quakeml:eu.emsc/event/20001207_0000004/origin/1442471</preferredOriginID>
  <preferredMagnitudeID>quakeml:eu.emsc/event/20001207_0000004/origin/1442471/mag/2</preferredMagnitudeID>
  <creationInfo>
    <agencyURI>smi:smi-registry/organization/EMSC</agencyURI>
    <authorURI>smi:smi-registry/organization/EMSC</authorURI>
    <creationTime>2014-12-10T10:57:43.37459Z</creationTime>
  </creationInfo>
  <description>
    <text>UKRAINE-ROMANIA-MOLDOVA BDR REG</text>
    <type>Flinn-Engdahl region</type>
  </description>
  <origin publicID="quakeml:eu.emsc/event/20001207_0000004/origin/1442471">
    <time>
      <value>2000-12-07T09:58:12.1Z</value>
    </time>
    <latitude>
      <value>45.152</value>
      <uncertainty>9999.9</uncertainty>
    </latitude>
    <longitude>
      <value>28.163</value>
      <uncertainty>9999.9</uncertainty>
    </longitude>
    <depth>
      <value>0</value>
    </depth>
    <depthType>from location</depthType>
    <methodID>smi:eu.emsc-csem/origin_method/NA</methodID>
    <quality>
      <usedPhaseCount>10</usedPhaseCount>
      <usedStationCount>5</usedStationCount>
      <standardError>2.07</standardError>
      <azimuthalGap>280</azimuthalGap>
      <minimumDistance>0.03</minimumDistance>
      <maximumDistance>1.6</maximumDistance>
    </quality>
    <evaluationMode>manual</evaluationMode>
    <creationInfo>
      <agencyURI>smi:smi-registry/organization/EMSC</agencyURI>
      <authorURI>smi:smi-registry/organization/EMSC</authorURI>
    </creationInfo>
    <originUncertainty>
      <azimuthMaxHorizontalUncertainty>-99</azimuthMaxHorizontalUncertainty>
    </originUncertainty>
  </origin>
  <magnitude publicID="quakeml:eu.emsc/event/20001207_0000004/origin/1442471/mag/2">
    <mag>
      <value>3.1</value>
    </mag>
    <type>MD</type>
    <originID>quakeml:eu.emsc/event/20001207_0000004/origin/1442471</originID>
    <stationCount>4</stationCount>
    <creationInfo>
      <agencyURI>smi:smi-registry/organization/EMSC</agencyURI>
      <authorURI>smi:smi-registry/organization/EMSC</authorURI>
    </creationInfo>
  </magnitude>
</event>
<event publicID="quakeml:eu.emsc/event/20001207_0000009">
  <preferredOriginID>quakeml:eu.emsc/event/20001207_0000009/origin/1447777</preferredOriginID>
  <preferredMagnitudeID>quakeml:eu.emsc/event/20001207_0000009/origin/1447777/mag/2</preferredMagnitudeID>
  <creationInfo>
    <agencyURI>smi:smi-registry/organization/EMSC</agencyURI>
    <authorURI>smi:smi-registry/organization/EMSC</authorURI>
    <creationTime>2014-12-10T13:15:34.187017Z</creationTime>
  </creationInfo>
  <description>
    <text>SWITZERLAND</text>
    <type>Flinn-Engdahl region</type>
  </description>
  <origin publicID="quakeml:eu.emsc/event/20001207_0000009/origin/1447777">
    <time>
      <value>2000-12-07T09:46:00.6Z</value>
    </time>
    <latitude>
      <value>47.161</value>
      <uncertainty>9999.9</uncertainty>
    </latitude>
    <longitude>
      <value>9.459</value>
      <uncertainty>9999.9</uncertainty>
    </longitude>
    <depth>
      <value>200.0</value>
    </depth>
    <depthType>from location</depthType>
    <methodID>smi:eu.emsc-csem/origin_method/NA</methodID>
    <quality>
      <usedPhaseCount>5</usedPhaseCount>
      <usedStationCount>5</usedStationCount>
      <standardError>0.67</standardError>
      <azimuthalGap>135</azimuthalGap>
      <minimumDistance>0.12</minimumDistance>
      <maximumDistance>1.21</maximumDistance>
    </quality>
    <evaluationMode>manual</evaluationMode>
    <creationInfo>
      <agencyURI>smi:smi-registry/organization/EMSC</agencyURI>
      <authorURI>smi:smi-registry/organization/EMSC</authorURI>
    </creationInfo>
    <originUncertainty>
      <azimuthMaxHorizontalUncertainty>-99</azimuthMaxHorizontalUncertainty>
    </originUncertainty>
  </origin>
  <magnitude publicID="quakeml:eu.emsc/event/20001207_0000009/origin/1447777/mag/2">
    <mag>
      <value>1.8</value>
    </mag>
    <type>ML</type>
    <originID>quakeml:eu.emsc/event/20001207_0000009/origin/1447777</originID>
    <stationCount>7</stationCount>
    <creationInfo>
      <agencyURI>smi:smi-registry/organization/EMSC</agencyURI>
      <authorURI>smi:smi-registry/organization/EMSC</authorURI>
    </creationInfo>
  </magnitude>
</event>
<event publicID="quakeml:eu.emsc/event/20001207_0000003">
  <preferredOriginID>quakeml:eu.emsc/event/20001207_0000003/origin/1439996</preferredOriginID>
  <preferredMagnitudeID>quakeml:eu.emsc/event/20001207_0000003/origin/1439996/mag/2</preferredMagnitudeID>
  <creationInfo>
    <agencyURI>smi:smi-registry/organization/EMSC</agencyURI>
    <authorURI>smi:smi-registry/organization/EMSC</authorURI>
    <creationTime>2014-12-03T11:29:53.482585Z</creationTime>
  </creationInfo>
  <description>
    <text>DODECANESE ISLANDS, GREECE</text>
    <type>Flinn-Engdahl region</type>
  </description>
  <origin publicID="quakeml:eu.emsc/event/20001207_0000003/origin/1439996">
    <time>
      <value>2000-12-07T09:14:37.9Z</value>
      <uncertainty>0.5</uncertainty>
    </time>
    <latitude>
      <value>36.5451</value>
      <uncertainty>15.2</uncertainty>
    </latitude>
    <longitude>
      <value>26.869</value>
      <uncertainty>12.7</uncertainty>
    </longitude>
    <depth>
      <value>2000</value>
    </depth>
    <depthType>from location</depthType>
    <methodID>smi:eu.emsc-csem/origin_method/NA</methodID>
    <quality>
      <usedPhaseCount>7</usedPhaseCount>
      <usedStationCount>7</usedStationCount>
      <standardError>1.05</standardError>
      <azimuthalGap>77</azimuthalGap>
      <minimumDistance>1.02</minimumDistance>
      <maximumDistance>1.88</maximumDistance>
    </quality>
    <evaluationMode>manual</evaluationMode>
    <creationInfo>
      <agencyURI>smi:smi-registry/organization/EMSC</agencyURI>
      <authorURI>smi:smi-registry/organization/EMSC</authorURI>
    </creationInfo>
    <originUncertainty>
      <azimuthMaxHorizontalUncertainty>84</azimuthMaxHorizontalUncertainty>
    </originUncertainty>
  </origin>
  <magnitude publicID="quakeml:eu.emsc/event/20001207_0000003/origin/1439996/mag/2">
    <mag>
      <value>3.6</value>
    </mag>
    <type>MD</type>
    <originID>quakeml:eu.emsc/event/20001207_0000003/origin/1439996</originID>
    <creationInfo>
      <agencyURI>smi:smi-registry/organization/EMSC</agencyURI>
      <authorURI>smi:smi-registry/organization/EMSC</authorURI>
    </creationInfo>
  </magnitude>
</event>
<event publicID="quakeml:eu.emsc/event/20001207_0000002">
  <preferredOriginID>quakeml:eu.emsc/event/20001207_0000002/origin/1442473</preferredOriginID>
  <preferredMagnitudeID>quakeml:eu.emsc/event/20001207_0000002/origin/1442473/mag/2</preferredMagnitudeID>
  <creationInfo>
    <agencyURI>smi:smi-registry/organization/EMSC</agencyURI>
    <authorURI>smi:smi-registry/organization/EMSC</authorURI>
    <creationTime>2014-12-10T10:57:37.524487Z</creationTime>
  </creationInfo>
  <description>
    <text>TURKMENISTAN</text>
    <type>Flinn-Engdahl region</type>
  </description>
  <origin publicID="quakeml:eu.emsc/event/20001207_0000002/origin/1442473">
    <time>
      <value>2000-12-07T04:51:56.8Z</value>
    </time>
    <latitude>
      <value>39.35</value>
      <uncertainty>9999.9</uncertainty>
    </latitude>
    <longitude>
      <value>54.751</value>
      <uncertainty>9999.9</uncertainty>
    </longitude>
    <depth>
      <value>33000</value>
    </depth>
    <depthType>from location</depthType>
    <methodID>smi:eu.emsc-csem/origin_method/NA</methodID>
    <quality>
      <usedPhaseCount>14</usedPhaseCount>
      <usedStationCount>14</usedStationCount>
      <standardError>2.6</standardError>
      <azimuthalGap>162</azimuthalGap>
      <minimumDistance>10.13</minimumDistance>
      <maximumDistance>74.83</maximumDistance>
    </quality>
    <evaluationMode>manual</evaluationMode>
    <creationInfo>
      <agencyURI>smi:smi-registry/organization/EMSC</agencyURI>
      <authorURI>smi:smi-registry/organization/EMSC</authorURI>
    </creationInfo>
    <originUncertainty>
      <azimuthMaxHorizontalUncertainty>-99</azimuthMaxHorizontalUncertainty>
    </originUncertainty>
  </origin>
  <magnitude publicID="quakeml:eu.emsc/event/20001207_0000002/origin/1442473/mag/2">
    <mag>
      <value>4</value>
    </mag>
    <type>mb</type>
    <originID>quakeml:eu.emsc/event/20001207_0000002/origin/1442473</originID>
    <stationCount>4</stationCount>
    <creationInfo>
      <agencyURI>smi:smi-registry/organization/EMSC</agencyURI>
      <authorURI>smi:smi-registry/organization/EMSC</authorURI>
    </creationInfo>
  </magnitude>
</event>
<event publicID="quakeml:eu.emsc/event/20001207_0000001">
  <preferredOriginID>quakeml:eu.emsc/event/20001207_0000001/origin/1440000</preferredOriginID>
  <preferredMagnitudeID>quakeml:eu.emsc/event/20001207_0000001/origin/1440000/mag/2</preferredMagnitudeID>
  <creationInfo>
    <agencyURI>smi:smi-registry/organization/EMSC</agencyURI>
    <authorURI>smi:smi-registry/organization/EMSC</authorURI>
    <creationTime>2014-12-03T12:00:44.622211Z</creationTime>
  </creationInfo>
  <description>
    <text>GREECE</text>
    <type>Flinn-Engdahl region</type>
  </description>
  <origin publicID="quakeml:eu.emsc/event/20001207_0000001/origin/1440000">
    <time>
      <value>2000-12-07T03:52:22.6Z</value>
      <uncertainty>0.2</uncertainty>
    </time>
    <latitude>
      <value>38.9699</value>
      <uncertainty>4.8</uncertainty>
    </latitude>
    <longitude>
      <value>22.2044</value>
      <uncertainty>4.5</uncertainty>
    </longitude>
    <depth>
      <value>10000</value>
    </depth>
    <depthType>from location</depthType>
    <methodID>smi:eu.emsc-csem/origin_method/NA</methodID>
    <quality>
      <usedPhaseCount>25</usedPhaseCount>
      <usedStationCount>21</usedStationCount>
      <standardError>1.05</standardError>
      <azimuthalGap>51</azimuthalGap>
      <minimumDistance>0.31</minimumDistance>
      <maximumDistance>3.06</maximumDistance>
    </quality>
    <evaluationMode>manual</evaluationMode>
    <creationInfo>
      <agencyURI>smi:smi-registry/organization/EMSC</agencyURI>
      <authorURI>smi:smi-registry/organization/EMSC</authorURI>
    </creationInfo>
    <originUncertainty>
      <azimuthMaxHorizontalUncertainty>147</azimuthMaxHorizontalUncertainty>
    </originUncertainty>
  </origin>
  <magnitude publicID="quakeml:eu.emsc/event/20001207_0000001/origin/1440000/mag/2">
    <mag>
      <value>3.3</value>
    </mag>
    <type>ML</type>
    <originID>quakeml:eu.emsc/event/20001207_0000001/origin/1440000</originID>
    <creationInfo>
      <agencyURI>smi:smi-registry/organization/EMSC</agencyURI>
      <authorURI>smi:smi-registry/organization/EMSC</authorURI>
    </creationInfo>
  </magnitude>
</event>
</eventParameters>
</q:quakeml>
