<?xml version="1.0"?>
<q:quakeml xmlns:q="http://quakeml.org/xmlns/quakeml/1.2"  xmlns="http://quakeml.org/xmlns/bed/1.2">
<eventParameters publicID="smi:eu.emsc/unid">
<event publicID="quakeml:eu.emsc/event/20000425_0000010">
  <preferredOriginID>quakeml:eu.emsc/event/20000425_0000010/origin/1455022</preferredOriginID>
  <preferredMagnitudeID>quakeml:eu.emsc/event/20000425_0000010/origin/1455022/mag/1</preferredMagnitudeID>
  <creationInfo>
    <agencyURI>smi:smi-registry/organization/EMSC</agencyURI>
    <authorURI>smi:smi-registry/organization/EMSC</authorURI>
    <creationTime>2014-12-03T15:55:02.47319Z</creationTime>
  </creationInfo>
  <description>
    <text>FRANCE</text>
    <type>Flinn-Engdahl region</type>
  </description>
  <origin publicID="quakeml:eu.emsc/event/20000425_0000010/origin/1455022">
    <time>
      <value>2000-04-25T20:44:56.0Z</value>
      <uncertainty>0.19</uncertainty>
    </time>
    <latitude>
      <value>48.4323</value>
      <uncertainty>4</uncertainty>
    </latitude>
    <longitude>
      <value>7.8855</value>
      <uncertainty>2.9</uncertainty>
    </longitude>
    <depth>
      <value>20000</value>
    </depth>
    <depthType>from location</depthType>
    <methodID>smi:eu.emsc-csem/origin_method/NA</methodID>
    <quality>
      <usedPhaseCount>19</usedPhaseCount>
      <usedStationCount>11</usedStationCount>
      <standardError>0.68</standardError>
      <azimuthalGap>123</azimuthalGap>
      <minimumDistance>0.35</minimumDistance>
      <maximumDistance>2.95</maximumDistance>
    </quality>
    <evaluationMode>manual</evaluationMode>
    <creationInfo>
      <agencyURI>smi:smi-registry/organization/EMSC</agencyURI>
      <authorURI>smi:smi-registry/organization/EMSC</authorURI>
    </creationInfo>
    <originUncertainty>
      <azimuthMaxHorizontalUncertainty>3</azimuthMaxHorizontalUncertainty>
    </originUncertainty>
  </origin>
  <magnitude publicID="quakeml:eu.emsc/event/20000425_0000010/origin/1455022/mag/1">
    <mag>
      <value>2</value>
      <uncertainty>0.4</uncertainty>
    </mag>
    <type>ML</type>
    <originID>quakeml:eu.emsc/event/20000425_0000010/origin/1455022</originID>
    <stationCount>4</stationCount>
    <creationInfo>
      <agencyURI>smi:smi-registry/organization/EMSC</agencyURI>
      <authorURI>smi:smi-registry/organization/EMSC</authorURI>
    </creationInfo>
  </magnitude>
</event>
<event publicID="quakeml:eu.emsc/event/20000425_0000008">
  <preferredOriginID>quakeml:eu.emsc/event/20000425_0000008/origin/1455026</preferredOriginID>
  <preferredMagnitudeID>quakeml:eu.emsc/event/20000425_0000008/origin/1455026/mag/1</preferredMagnitudeID>
  <creationInfo>
    <agencyURI>smi:smi-registry/organization/EMSC</agencyURI>
    <authorURI>smi:smi-registry/organization/EMSC</authorURI>
    <creationTime>2014-12-03T15:48:59.608767Z</creationTime>
  </creationInfo>
  <description>
    <text>SWITZERLAND</text>
    <type>Flinn-Engdahl region</type>
  </description>
  <origin publicID="quakeml:eu.emsc/event/20000425_0000008/origin/1455026">
    <time>
      <value>2000-04-25T19:37:59.2Z</value>
      <uncertainty>0.16</uncertainty>
    </time>
    <latitude>
      <value>46.4292</value>
      <uncertainty>3</uncertainty>
    </latitude>
    <longitude>
      <value>7.514</value>
      <uncertainty>2.5</uncertainty>
    </longitude>
    <depth>
      <value>2000</value>
    </depth>
    <depthType>from location</depthType>
    <methodID>smi:eu.emsc-csem/origin_method/NA</methodID>
    <quality>
      <usedPhaseCount>31</usedPhaseCount>
      <usedStationCount>19</usedStationCount>
      <standardError>0.94</standardError>
      <azimuthalGap>92</azimuthalGap>
      <minimumDistance>0.05</minimumDistance>
      <maximumDistance>2.83</maximumDistance>
    </quality>
    <evaluationMode>manual</evaluationMode>
    <creationInfo>
      <agencyURI>smi:smi-registry/organization/EMSC</agencyURI>
      <authorURI>smi:smi-registry/organization/EMSC</authorURI>
    </creationInfo>
    <originUncertainty>
      <azimuthMaxHorizontalUncertainty>83</azimuthMaxHorizontalUncertainty>
    </originUncertainty>
  </origin>
  <magnitude publicID="quakeml:eu.emsc/event/20000425_0000008/origin/1455026/mag/1">
    <mag>
      <value>2.2</value>
      <uncertainty>0.2</uncertainty>
    </mag>
    <type>ML</type>
    <originID>quakeml:eu.emsc/event/20000425_0000008/origin/1455026</originID>
    <stationCount>8</stationCount>
    <creationInfo>
      <agencyURI>smi:smi-registry/organization/EMSC</agencyURI>
      <authorURI>smi:smi-registry/organization/EMSC</authorURI>
    </creationInfo>
  </magnitude>
</event>
<event publicID="quakeml:eu.emsc/event/20000425_0000015">
  <preferredOriginID>quakeml:eu.emsc/event/20000425_0000015/origin/1446433</preferredOriginID>
  <preferredMagnitudeID>quakeml:eu.emsc/event/20000425_0000015/origin/1446433/mag/2</preferredMagnitudeID>
  <creationInfo>
    <agencyURI>smi:smi-registry/organization/EMSC</agencyURI>
    <authorURI>smi:smi-registry/organization/EMSC</authorURI>
    <creationTime>2014-12-10T13:16:15.447951Z</creationTime>
  </creationInfo>
  <description>
    <text>FRANCE</text>
    <type>Flinn-Engdahl region</type>
  </description>
  <origin publicID="quakeml:eu.emsc/event/20000425_0000015/origin/1446433">
    <time>
      <value>2000-04-25T18:19:39.9Z</value>
    </time>
    <latitude>
      <value>47.1</value>
      <uncertainty>9999.9</uncertainty>
    </latitude>
    <longitude>
      <value>-1.99</value>
      <uncertainty>9999.9</uncertainty>
    </longitude>
    <depth>
      <value>2000</value>
    </depth>
    <depthType>from location</depthType>
    <methodID>smi:eu.emsc-csem/origin_method/NA</methodID>
    <quality>
      <usedPhaseCount>8</usedPhaseCount>
      <usedStationCount>6</usedStationCount>
      <standardError>1.47</standardError>
      <azimuthalGap>327</azimuthalGap>
      <minimumDistance>0.95</minimumDistance>
      <maximumDistance>4.09</maximumDistance>
    </quality>
    <evaluationMode>manual</evaluationMode>
    <creationInfo>
      <agencyURI>smi:smi-registry/organization/EMSC</agencyURI>
      <authorURI>smi:smi-registry/organization/EMSC</authorURI>
    </creationInfo>
    <originUncertainty>
      <azimuthMaxHorizontalUncertainty>-99</azimuthMaxHorizontalUncertainty>
    </originUncertainty>
  </origin>
  <magnitude publicID="quakeml:eu.emsc/event/20000425_0000015/origin/1446433/mag/2">
    <mag>
      <value>2.9</value>
    </mag>
    <type>ML</type>
    <originID>quakeml:eu.emsc/event/20000425_0000015/origin/1446433</originID>
    <creationInfo>
      <agencyURI>smi:smi-registry/organization/EMSC</agencyURI>
      <authorURI>smi:smi-registry/organization/EMSC</authorURI>
    </creationInfo>
  </magnitude>
</event>
<event publicID="quakeml:eu.emsc/event/20000425_0000007">
  <preferredOriginID>quakeml:eu.emsc/event/20000425_0000007/origin/1446435</preferredOriginID>
  <preferredMagnitudeID>quakeml:eu.emsc/event/20000425_0000007/origin/1446435/mag/2</preferredMagnitudeID>
  <creationInfo>
    <agencyURI>smi:smi-registry/organization/EMSC</agencyURI>
    <authorURI>smi:smi-registry/organization/EMSC</authorURI>
    <creationTime>2014-12-10T13:09:07.813297Z</creationTime>
  </creationInfo>
  <description>
    <text>NORTHERN ITALY</text>
    <type>Flinn-Engdahl region</type>
  </description>
  <origin publicID="quakeml:eu.emsc/event/20000425_0000007/origin/1446435">
    <time>
      <value>2000-04-25T18:18:33.8Z</value>
    </time>
    <latitude>
      <value>44.4263</value>
      <uncertainty>9999.9</uncertainty>
    </latitude>
    <longitude>
      <value>7.2243</value>
      <uncertainty>9999.9</uncertainty>
    </longitude>
    <depth>
      <value>13000</value>
    </depth>
    <depthType>from location</depthType>
    <methodID>smi:eu.emsc-csem/origin_method/NA</methodID>
    <quality>
      <usedPhaseCount>14</usedPhaseCount>
      <usedStationCount>8</usedStationCount>
      <standardError>1.5</standardError>
      <azimuthalGap>153</azimuthalGap>
      <minimumDistance>0.12</minimumDistance>
      <maximumDistance>0.74</maximumDistance>
    </quality>
    <evaluationMode>manual</evaluationMode>
    <creationInfo>
      <agencyURI>smi:smi-registry/organization/EMSC</agencyURI>
      <authorURI>smi:smi-registry/organization/EMSC</authorURI>
    </creationInfo>
    <originUncertainty>
      <azimuthMaxHorizontalUncertainty>-99</azimuthMaxHorizontalUncertainty>
    </originUncertainty>
  </origin>
  <magnitude publicID="quakeml:eu.emsc/event/20000425_0000007/origin/1446435/mag/2">
    <mag>
      <value>1.8</value>
    </mag>
    <type>ML</type>
    <originID>quakeml:eu.emsc/event/20000425_0000007/origin/1446435</originID>
    <creationInfo>
      <agencyURI>smi:smi-registry/organization/EMSC</agencyURI>
      <authorURI>smi:smi-registry/organization/EMSC</authorURI>
    </creationInfo>
  </magnitude>
</event>
<event publicID="quakeml:eu.emsc/event/20000425_0000009">
  <preferredOriginID>quakeml:eu.emsc/event/20000425_0000009/origin/1455029</preferredOriginID>
  <preferredMagnitudeID>quakeml:eu.emsc/event/20000425_0000009/origin/1455029/mag/1</preferredMagnitudeID>
  <creationInfo>
    <agencyURI>smi:smi-registry/organization/EMSC</agencyURI>
    <authorURI>smi:smi-registry/organization/EMSC</authorURI>
    <creationTime>2014-12-03T15:48:59.773179Z</creationTime>
  </creationInfo>
  <description>
    <text>FRANCE</text>
    <type>Flinn-Engdahl region</type>
  </description>
  <origin publicID="quakeml:eu.emsc/event/20000425_0000009/origin/1455029">
    <time>
      <value>2000-04-25T17:53:27.3Z</value>
      <uncertainty>0.32</uncertainty>
    </time>
    <latitude>
      <value>47.3263</value>
      <uncertainty>6.8</uncertainty>
    </latitude>
    <longitude>
      <value>-1.7137</value>
      <uncertainty>3.9</uncertainty>
    </longitude>
    <depth>
      <value>2000</value>
    </depth>
    <depthType>from location</depthType>
    <methodID>smi:eu.emsc-csem/origin_method/NA</methodID>
    <quality>
      <usedPhaseCount>38</usedPhaseCount>
      <usedStationCount>17</usedStationCount>
      <standardError>1.49</standardError>
      <azimuthalGap>143</azimuthalGap>
      <minimumDistance>0.76</minimumDistance>
      <maximumDistance>3.86</maximumDistance>
    </quality>
    <evaluationMode>manual</evaluationMode>
    <creationInfo>
      <agencyURI>smi:smi-registry/organization/EMSC</agencyURI>
      <authorURI>smi:smi-registry/organization/EMSC</authorURI>
    </creationInfo>
    <originUncertainty>
      <azimuthMaxHorizontalUncertainty>60</azimuthMaxHorizontalUncertainty>
    </originUncertainty>
  </origin>
  <magnitude publicID="quakeml:eu.emsc/event/20000425_0000009/origin/1455029/mag/1">
    <mag>
      <value>2.7</value>
      <uncertainty>0.3</uncertainty>
    </mag>
    <type>ML</type>
    <originID>quakeml:eu.emsc/event/20000425_0000009/origin/1455029</originID>
    <stationCount>15</stationCount>
    <creationInfo>
      <agencyURI>smi:smi-registry/organization/EMSC</agencyURI>
      <authorURI>smi:smi-registry/organization/EMSC</authorURI>
    </creationInfo>
  </magnitude>
</event>
<event publicID="quakeml:eu.emsc/event/20000425_0000005">
  <preferredOriginID>quakeml:eu.emsc/event/20000425_0000005/origin/1455364</preferredOriginID>
  <preferredMagnitudeID>quakeml:eu.emsc/event/20000425_0000005/origin/1455364/mag/2</preferredMagnitudeID>
  <creationInfo>
    <agencyURI>smi:smi-registry/organization/EMSC</agencyURI>
    <authorURI>smi:smi-registry/organization/EMSC</authorURI>
    <creationTime>2014-12-03T11:06:39.382737Z</creationTime>
  </creationInfo>
  <description>
    <text>GREECE</text>
    <type>Flinn-Engdahl region</type>
  </description>
  <origin publicID="quakeml:eu.emsc/event/20000425_0000005/origin/1455364">
    <time>
      <value>2000-04-25T16:25:04.6Z</value>
      <uncertainty>0.28</uncertainty>
    </time>
    <latitude>
      <value>38.8601</value>
      <uncertainty>8</uncertainty>
    </latitude>
    <longitude>
      <value>23.6129</value>
      <uncertainty>5.3</uncertainty>
    </longitude>
    <depth>
      <value>10000</value>
    </depth>
    <depthType>from location</depthType>
    <methodID>smi:eu.emsc-csem/origin_method/NA</methodID>
    <quality>
      <usedPhaseCount>37</usedPhaseCount>
      <usedStationCount>31</usedStationCount>
      <standardError>1.32</standardError>
      <azimuthalGap>60</azimuthalGap>
      <minimumDistance>0.37</minimumDistance>
      <maximumDistance>3.74</maximumDistance>
    </quality>
    <evaluationMode>manual</evaluationMode>
    <creationInfo>
      <agencyURI>smi:smi-registry/organization/EMSC</agencyURI>
      <authorURI>smi:smi-registry/organization/EMSC</authorURI>
    </creationInfo>
    <originUncertainty>
      <azimuthMaxHorizontalUncertainty>89</azimuthMaxHorizontalUncertainty>
    </originUncertainty>
  </origin>
  <magnitude publicID="quakeml:eu.emsc/event/20000425_0000005/origin/1455364/mag/2">
    <mag>
      <value>2.8</value>
    </mag>
    <type>ML</type>
    <originID>quakeml:eu.emsc/event/20000425_0000005/origin/1455364</originID>
    <creationInfo>
      <agencyURI>smi:smi-registry/organization/EMSC</agencyURI>
      <authorURI>smi:smi-registry/organization/EMSC</authorURI>
    </creationInfo>
  </magnitude>
</event>
<event publicID="quakeml:eu.emsc/event/20000425_0000004">
  <preferredOriginID>quakeml:eu.emsc/event/20000425_0000004/origin/1455367</preferredOriginID>
  <preferredMagnitudeID>quakeml:eu.emsc/event/20000425_0000004/origin/1455367/mag/2</preferredMagnitudeID>
  <creationInfo>
    <agencyURI>smi:smi-registry/organization/EMSC</agencyURI>
    <authorURI>smi:smi-registry/organization/EMSC</authorURI>
    <creationTime>2014-12-03T11:53:19.354289Z</creationTime>
  </creationInfo>
  <description>
    <text>DODECANESE ISLANDS, GREECE</text>
    <type>Flinn-Engdahl region</type>
  </description>
  <origin publicID="quakeml:eu.emsc/event/20000425_0000004/origin/1455367">
    <time>
      <value>2000-04-25T15:26:11.3Z</value>
      <uncertainty>0.31</uncertainty>
    </time>
    <latitude>
      <value>36.5666</value>
      <uncertainty>7.4</uncertainty>
    </latitude>
    <longitude>
      <value>25.6424</value>
      <uncertainty>7.1</uncertainty>
    </longitude>
    <depth>
      <value>15000</value>
    </depth>
    <depthType>from location</depthType>
    <methodID>smi:eu.emsc-csem/origin_method/NA</methodID>
    <quality>
      <usedPhaseCount>16</usedPhaseCount>
      <usedStationCount>13</usedStationCount>
      <standardError>0.95</standardError>
      <azimuthalGap>59</azimuthalGap>
      <minimumDistance>0.51</minimumDistance>
      <maximumDistance>3.59</maximumDistance>
    </quality>
    <evaluationMode>manual</evaluationMode>
    <creationInfo>
      <agencyURI>smi:smi-registry/organization/EMSC</agencyURI>
      <authorURI>smi:smi-registry/organization/EMSC</authorURI>
    </creationInfo>
    <originUncertainty>
      <azimuthMaxHorizontalUncertainty>23</azimuthMaxHorizontalUncertainty>
    </originUncertainty>
  </origin>
  <magnitude publicID="quakeml:eu.emsc/event/20000425_0000004/origin/1455367/mag/2">
    <mag>
      <value>3.6</value>
    </mag>
    <type>ML</type>
    <originID>quakeml:eu.emsc/event/20000425_0000004/origin/1455367</originID>
    <creationInfo>
      <agencyURI>smi:smi-registry/organization/EMSC</agencyURI>
      <authorURI>smi:smi-registry/organization/EMSC</authorURI>
    </creationInfo>
  </magnitude>
</event>
<event publicID="quakeml:eu.emsc/event/20000425_0000003">
  <preferredOriginID>quakeml:eu.emsc/event/20000425_0000003/origin/1446437</preferredOriginID>
  <preferredMagnitudeID>quakeml:eu.emsc/event/20000425_0000003/origin/1446437/mag/2</preferredMagnitudeID>
  <creationInfo>
    <agencyURI>smi:smi-registry/organization/EMSC</agencyURI>
    <authorURI>smi:smi-registry/organization/EMSC</authorURI>
    <creationTime>2014-12-10T09:07:54.100776Z</creationTime>
  </creationInfo>
  <description>
    <text>DODECANESE ISLANDS, GREECE</text>
    <type>Flinn-Engdahl region</type>
  </description>
  <origin publicID="quakeml:eu.emsc/event/20000425_0000003/origin/1446437">
    <time>
      <value>2000-04-25T15:24:47.1Z</value>
    </time>
    <latitude>
      <value>36.58</value>
      <uncertainty>9999.9</uncertainty>
    </latitude>
    <longitude>
      <value>25.62</value>
      <uncertainty>9999.9</uncertainty>
    </longitude>
    <depth>
      <value>5000</value>
    </depth>
    <depthType>from location</depthType>
    <methodID>smi:eu.emsc-csem/origin_method/NA</methodID>
    <quality>
      <usedPhaseCount>9</usedPhaseCount>
      <usedStationCount>7</usedStationCount>
      <standardError>1.2</standardError>
      <azimuthalGap>88</azimuthalGap>
      <minimumDistance>0.25</minimumDistance>
      <maximumDistance>1.64</maximumDistance>
    </quality>
    <evaluationMode>manual</evaluationMode>
    <creationInfo>
      <agencyURI>smi:smi-registry/organization/EMSC</agencyURI>
      <authorURI>smi:smi-registry/organization/EMSC</authorURI>
    </creationInfo>
    <originUncertainty>
      <azimuthMaxHorizontalUncertainty>-99</azimuthMaxHorizontalUncertainty>
    </originUncertainty>
  </origin>
  <magnitude publicID="quakeml:eu.emsc/event/20000425_0000003/origin/1446437/mag/2">
    <mag>
      <value>3.7</value>
    </mag>
    <type>MD</type>
    <originID>quakeml:eu.emsc/event/20000425_0000003/origin/1446437</originID>
    <creationInfo>
      <agencyURI>smi:smi-registry/organization/EMSC</agencyURI>
      <authorURI>smi:smi-registry/organization/EMSC</authorURI>
    </creationInfo>
  </magnitude>
</event>
<event publicID="quakeml:eu.emsc/event/20000425_0000002">
  <preferredOriginID>quakeml:eu.emsc/event/20000425_0000002/origin/1455371</preferredOriginID>
  <preferredMagnitudeID>quakeml:eu.emsc/event/20000425_0000002/origin/1455371/mag/2</preferredMagnitudeID>
  <creationInfo>
    <agencyURI>smi:smi-registry/organization/EMSC</agencyURI>
    <authorURI>smi:smi-registry/organization/EMSC</authorURI>
    <creationTime>2014-12-03T11:30:41.635181Z</creationTime>
  </creationInfo>
  <description>
    <text>WESTERN TURKEY</text>
    <type>Flinn-Engdahl region</type>
  </description>
  <origin publicID="quakeml:eu.emsc/event/20000425_0000002/origin/1455371">
    <time>
      <value>2000-04-25T10:12:51.3Z</value>
      <uncertainty>0.45</uncertainty>
    </time>
    <latitude>
      <value>38.0937</value>
      <uncertainty>13.2</uncertainty>
    </latitude>
    <longitude>
      <value>27.7969</value>
      <uncertainty>10.9</uncertainty>
    </longitude>
    <depth>
      <value>5000</value>
    </depth>
    <depthType>from location</depthType>
    <methodID>smi:eu.emsc-csem/origin_method/NA</methodID>
    <quality>
      <usedPhaseCount>11</usedPhaseCount>
      <usedStationCount>10</usedStationCount>
      <standardError>1.12</standardError>
      <azimuthalGap>92</azimuthalGap>
      <minimumDistance>0.52</minimumDistance>
      <maximumDistance>3.11</maximumDistance>
    </quality>
    <evaluationMode>manual</evaluationMode>
    <creationInfo>
      <agencyURI>smi:smi-registry/organization/EMSC</agencyURI>
      <authorURI>smi:smi-registry/organization/EMSC</authorURI>
    </creationInfo>
    <originUncertainty>
      <azimuthMaxHorizontalUncertainty>140</azimuthMaxHorizontalUncertainty>
    </originUncertainty>
  </origin>
  <magnitude publicID="quakeml:eu.emsc/event/20000425_0000002/origin/1455371/mag/2">
    <mag>
      <value>3.1</value>
    </mag>
    <type>MD</type>
    <originID>quakeml:eu.emsc/event/20000425_0000002/origin/1455371</originID>
    <creationInfo>
      <agencyURI>smi:smi-registry/organization/EMSC</agencyURI>
      <authorURI>smi:smi-registry/organization/EMSC</authorURI>
    </creationInfo>
  </magnitude>
</event>
<event publicID="quakeml:eu.emsc/event/20000425_0000013">
  <preferredOriginID>quakeml:eu.emsc/event/20000425_0000013/origin/1446439</preferredOriginID>
  <preferredMagnitudeID>quakeml:eu.emsc/event/20000425_0000013/origin/1446439/mag/2</preferredMagnitudeID>
  <creationInfo>
    <agencyURI>smi:smi-registry/organization/EMSC</agencyURI>
    <authorURI>smi:smi-registry/organization/EMSC</authorURI>
    <creationTime>2014-12-10T13:09:07.254913Z</creationTime>
  </creationInfo>
  <description>
    <text>FRANCE</text>
    <type>Flinn-Engdahl region</type>
  </description>
  <origin publicID="quakeml:eu.emsc/event/20000425_0000013/origin/1446439">
    <time>
      <value>2000-04-25T10:08:25.0Z</value>
    </time>
    <latitude>
      <value>45.1895</value>
      <uncertainty>9999.9</uncertainty>
    </latitude>
    <longitude>
      <value>5.5174</value>
      <uncertainty>9999.9</uncertainty>
    </longitude>
    <depth>
      <value>2400.0</value>
    </depth>
    <depthType>from location</depthType>
    <methodID>smi:eu.emsc-csem/origin_method/NA</methodID>
    <quality>
      <usedPhaseCount>18</usedPhaseCount>
      <usedStationCount>8</usedStationCount>
      <standardError>1.79</standardError>
      <azimuthalGap>134</azimuthalGap>
      <minimumDistance>0.37</minimumDistance>
      <maximumDistance>1.99</maximumDistance>
    </quality>
    <evaluationMode>manual</evaluationMode>
    <creationInfo>
      <agencyURI>smi:smi-registry/organization/EMSC</agencyURI>
      <authorURI>smi:smi-registry/organization/EMSC</authorURI>
    </creationInfo>
    <originUncertainty>
      <azimuthMaxHorizontalUncertainty>-99</azimuthMaxHorizontalUncertainty>
    </originUncertainty>
  </origin>
  <magnitude publicID="quakeml:eu.emsc/event/20000425_0000013/origin/1446439/mag/2">
    <mag>
      <value>2.1</value>
    </mag>
    <type>ML</type>
    <originID>quakeml:eu.emsc/event/20000425_0000013/origin/1446439</originID>
    <stationCount>6</stationCount>
    <creationInfo>
      <agencyURI>smi:smi-registry/organization/EMSC</agencyURI>
      <authorURI>smi:smi-registry/organization/EMSC</authorURI>
    </creationInfo>
  </magnitude>
</event>
<event publicID="quakeml:eu.emsc/event/20000425_0000011">
  <preferredOriginID>quakeml:eu.emsc/event/20000425_0000011/origin/1446441</preferredOriginID>
  <preferredMagnitudeID>quakeml:eu.emsc/event/20000425_0000011/origin/1446441/mag/2</preferredMagnitudeID>
  <creationInfo>
    <agencyURI>smi:smi-registry/organization/EMSC</agencyURI>
    <authorURI>smi:smi-registry/organization/EMSC</authorURI>
    <creationTime>2014-12-10T13:09:06.762839Z</creationTime>
  </creationInfo>
  <description>
    <text>FRANCE</text>
    <type>Flinn-Engdahl region</type>
  </description>
  <origin publicID="quakeml:eu.emsc/event/20000425_0000011/origin/1446441">
    <time>
      <value>2000-04-25T08:14:18.8Z</value>
    </time>
    <latitude>
      <value>47.78</value>
      <uncertainty>9999.9</uncertainty>
    </latitude>
    <longitude>
      <value>6.88</value>
      <uncertainty>9999.9</uncertainty>
    </longitude>
    <depth>
      <value>5000</value>
    </depth>
    <depthType>from location</depthType>
    <methodID>smi:eu.emsc-csem/origin_method/NA</methodID>
    <quality>
      <usedPhaseCount>8</usedPhaseCount>
      <usedStationCount>6</usedStationCount>
      <standardError>0.59</standardError>
      <azimuthalGap>217</azimuthalGap>
      <minimumDistance>0.18</minimumDistance>
      <maximumDistance>1.09</maximumDistance>
    </quality>
    <evaluationMode>manual</evaluationMode>
    <creationInfo>
      <agencyURI>smi:smi-registry/organization/EMSC</agencyURI>
      <authorURI>smi:smi-registry/organization/EMSC</authorURI>
    </creationInfo>
    <originUncertainty>
      <azimuthMaxHorizontalUncertainty>-99</azimuthMaxHorizontalUncertainty>
    </originUncertainty>
  </origin>
  <magnitude publicID="quakeml:eu.emsc/event/20000425_0000011/origin/1446441/mag/2">
    <mag>
      <value>1.8</value>
    </mag>
    <type>ML</type>
    <originID>quakeml:eu.emsc/event/20000425_0000011/origin/1446441</originID>
    <creationInfo>
      <agencyURI>smi:smi-registry/organization/EMSC</agencyURI>
      <authorURI>smi:smi-registry/organization/EMSC</authorURI>
    </creationInfo>
  </magnitude>
</event>
<event publicID="quakeml:eu.emsc/event/20000425_0000012">
  <preferredOriginID>quakeml:eu.emsc/event/20000425_0000012/origin/1446443</preferredOriginID>
  <preferredMagnitudeID>quakeml:eu.emsc/event/20000425_0000012/origin/1446443/mag/2</preferredMagnitudeID>
  <creationInfo>
    <agencyURI>smi:smi-registry/organization/EMSC</agencyURI>
    <authorURI>smi:smi-registry/organization/EMSC</authorURI>
    <creationTime>2014-12-10T13:09:06.279314Z</creationTime>
  </creationInfo>
  <description>
    <text>FRANCE</text>
    <type>Flinn-Engdahl region</type>
  </description>
  <origin publicID="quakeml:eu.emsc/event/20000425_0000012/origin/1446443">
    <time>
      <value>2000-04-25T03:10:18.9Z</value>
    </time>
    <latitude>
      <value>47.4902</value>
      <uncertainty>9999.9</uncertainty>
    </latitude>
    <longitude>
      <value>-3.2933</value>
      <uncertainty>9999.9</uncertainty>
    </longitude>
    <depth>
      <value>9900.0</value>
    </depth>
    <depthType>from location</depthType>
    <methodID>smi:eu.emsc-csem/origin_method/NA</methodID>
    <quality>
      <usedPhaseCount>12</usedPhaseCount>
      <usedStationCount>6</usedStationCount>
      <standardError>1.4</standardError>
      <azimuthalGap>249</azimuthalGap>
      <minimumDistance>0.85</minimumDistance>
      <maximumDistance>2.4</maximumDistance>
    </quality>
    <evaluationMode>manual</evaluationMode>
    <creationInfo>
      <agencyURI>smi:smi-registry/organization/EMSC</agencyURI>
      <authorURI>smi:smi-registry/organization/EMSC</authorURI>
    </creationInfo>
    <originUncertainty>
      <azimuthMaxHorizontalUncertainty>-99</azimuthMaxHorizontalUncertainty>
    </originUncertainty>
  </origin>
  <magnitude publicID="quakeml:eu.emsc/event/20000425_0000012/origin/1446443/mag/2">
    <mag>
      <value>2.2</value>
    </mag>
    <type>ML</type>
    <originID>quakeml:eu.emsc/event/20000425_0000012/origin/1446443</originID>
    <stationCount>5</stationCount>
    <creationInfo>
      <agencyURI>smi:smi-registry/organization/EMSC</agencyURI>
      <authorURI>smi:smi-registry/organization/EMSC</authorURI>
    </creationInfo>
  </magnitude>
</event>
<event publicID="quakeml:eu.emsc/event/20000425_0000001">
  <preferredOriginID>quakeml:eu.emsc/event/20000425_0000001/origin/1446445</preferredOriginID>
  <preferredMagnitudeID>quakeml:eu.emsc/event/20000425_0000001/origin/1446445/mag/2</preferredMagnitudeID>
  <creationInfo>
    <agencyURI>smi:smi-registry/organization/EMSC</agencyURI>
    <authorURI>smi:smi-registry/organization/EMSC</authorURI>
    <creationTime>2014-12-10T09:07:52.201197Z</creationTime>
  </creationInfo>
  <description>
    <text>CASPIAN SEA, OFFSHORE AZERBAIJAN</text>
    <type>Flinn-Engdahl region</type>
  </description>
  <origin publicID="quakeml:eu.emsc/event/20000425_0000001/origin/1446445">
    <time>
      <value>2000-04-25T01:27:58.7Z</value>
    </time>
    <latitude>
      <value>41.021</value>
      <uncertainty>9999.9</uncertainty>
    </latitude>
    <longitude>
      <value>50.312</value>
      <uncertainty>9999.9</uncertainty>
    </longitude>
    <depth>
      <value>33000</value>
    </depth>
    <depthType>from location</depthType>
    <methodID>smi:eu.emsc-csem/origin_method/NA</methodID>
    <quality>
      <usedPhaseCount>13</usedPhaseCount>
      <usedStationCount>11</usedStationCount>
      <standardError>2.88</standardError>
      <azimuthalGap>161</azimuthalGap>
      <minimumDistance>4.25</minimumDistance>
      <maximumDistance>31.39</maximumDistance>
    </quality>
    <evaluationMode>manual</evaluationMode>
    <creationInfo>
      <agencyURI>smi:smi-registry/organization/EMSC</agencyURI>
      <authorURI>smi:smi-registry/organization/EMSC</authorURI>
    </creationInfo>
    <originUncertainty>
      <azimuthMaxHorizontalUncertainty>-99</azimuthMaxHorizontalUncertainty>
    </originUncertainty>
  </origin>
  <magnitude publicID="quakeml:eu.emsc/event/20000425_0000001/origin/1446445/mag/2">
    <mag>
      <value>3.5</value>
    </mag>
    <type>mb</type>
    <originID>quakeml:eu.emsc/event/20000425_0000001/origin/1446445</originID>
    <stationCount>3</stationCount>
    <creationInfo>
      <agencyURI>smi:smi-registry/organization/EMSC</agencyURI>
      <authorURI>smi:smi-registry/organization/EMSC</authorURI>
    </creationInfo>
  </magnitude>
</event>
</eventParameters>
</q:quakeml>
