<?xml version="1.0"?>
<q:quakeml xmlns:q="http://quakeml.org/xmlns/quakeml/1.2"  xmlns="http://quakeml.org/xmlns/bed/1.2">
<eventParameters publicID="smi:eu.emsc/unid">
<event publicID="quakeml:eu.emsc/event/20000906_0000007">
  <preferredOriginID>quakeml:eu.emsc/event/20000906_0000007/origin/1450432</preferredOriginID>
  <preferredMagnitudeID>quakeml:eu.emsc/event/20000906_0000007/origin/1450432/mag/1</preferredMagnitudeID>
  <creationInfo>
    <agencyURI>smi:smi-registry/organization/EMSC</agencyURI>
    <authorURI>smi:smi-registry/organization/EMSC</authorURI>
    <creationTime>2014-12-03T11:28:50.618526Z</creationTime>
  </creationInfo>
  <description>
    <text>MOROCCO</text>
    <type>Flinn-Engdahl region</type>
  </description>
  <origin publicID="quakeml:eu.emsc/event/20000906_0000007/origin/1450432">
    <time>
      <value>2000-09-06T23:58:16.3Z</value>
      <uncertainty>0.48</uncertainty>
    </time>
    <latitude>
      <value>34.8327</value>
      <uncertainty>9.5</uncertainty>
    </latitude>
    <longitude>
      <value>-4.0291</value>
      <uncertainty>5.5</uncertainty>
    </longitude>
    <depth>
      <value>35000</value>
    </depth>
    <depthType>from location</depthType>
    <methodID>smi:eu.emsc-csem/origin_method/NA</methodID>
    <quality>
      <usedPhaseCount>65</usedPhaseCount>
      <usedStationCount>37</usedStationCount>
      <standardError>1.1</standardError>
      <azimuthalGap>267</azimuthalGap>
      <minimumDistance>1.91</minimumDistance>
      <maximumDistance>21.46</maximumDistance>
    </quality>
    <evaluationMode>manual</evaluationMode>
    <creationInfo>
      <agencyURI>smi:smi-registry/organization/EMSC</agencyURI>
      <authorURI>smi:smi-registry/organization/EMSC</authorURI>
    </creationInfo>
    <originUncertainty>
      <azimuthMaxHorizontalUncertainty>167</azimuthMaxHorizontalUncertainty>
    </originUncertainty>
  </origin>
  <magnitude publicID="quakeml:eu.emsc/event/20000906_0000007/origin/1450432/mag/1">
    <mag>
      <value>3.2</value>
      <uncertainty>0.2</uncertainty>
    </mag>
    <type>ML</type>
    <originID>quakeml:eu.emsc/event/20000906_0000007/origin/1450432</originID>
    <stationCount>19</stationCount>
    <creationInfo>
      <agencyURI>smi:smi-registry/organization/EMSC</agencyURI>
      <authorURI>smi:smi-registry/organization/EMSC</authorURI>
    </creationInfo>
  </magnitude>
</event>
<event publicID="quakeml:eu.emsc/event/20000906_0000021">
  <preferredOriginID>quakeml:eu.emsc/event/20000906_0000021/origin/1443889</preferredOriginID>
  <preferredMagnitudeID>quakeml:eu.emsc/event/20000906_0000021/origin/1443889/mag/2</preferredMagnitudeID>
  <creationInfo>
    <agencyURI>smi:smi-registry/organization/EMSC</agencyURI>
    <authorURI>smi:smi-registry/organization/EMSC</authorURI>
    <creationTime>2014-12-10T13:13:18.517191Z</creationTime>
  </creationInfo>
  <description>
    <text>LIGURIAN SEA</text>
    <type>Flinn-Engdahl region</type>
  </description>
  <origin publicID="quakeml:eu.emsc/event/20000906_0000021/origin/1443889">
    <time>
      <value>2000-09-06T23:20:23.6Z</value>
    </time>
    <latitude>
      <value>43.9817</value>
      <uncertainty>9999.9</uncertainty>
    </latitude>
    <longitude>
      <value>8.0347</value>
      <uncertainty>9999.9</uncertainty>
    </longitude>
    <depth>
      <value>9300.0</value>
    </depth>
    <depthType>from location</depthType>
    <methodID>smi:eu.emsc-csem/origin_method/NA</methodID>
    <quality>
      <usedPhaseCount>15</usedPhaseCount>
      <usedStationCount>7</usedStationCount>
      <standardError>3.39</standardError>
      <azimuthalGap>212</azimuthalGap>
      <minimumDistance>0.13</minimumDistance>
      <maximumDistance>0.85</maximumDistance>
    </quality>
    <evaluationMode>manual</evaluationMode>
    <creationInfo>
      <agencyURI>smi:smi-registry/organization/EMSC</agencyURI>
      <authorURI>smi:smi-registry/organization/EMSC</authorURI>
    </creationInfo>
    <originUncertainty>
      <azimuthMaxHorizontalUncertainty>-99</azimuthMaxHorizontalUncertainty>
    </originUncertainty>
  </origin>
  <magnitude publicID="quakeml:eu.emsc/event/20000906_0000021/origin/1443889/mag/2">
    <mag>
      <value>2</value>
    </mag>
    <type>ML</type>
    <originID>quakeml:eu.emsc/event/20000906_0000021/origin/1443889</originID>
    <creationInfo>
      <agencyURI>smi:smi-registry/organization/EMSC</agencyURI>
      <authorURI>smi:smi-registry/organization/EMSC</authorURI>
    </creationInfo>
  </magnitude>
</event>
<event publicID="quakeml:eu.emsc/event/20000906_0000020">
  <preferredOriginID>quakeml:eu.emsc/event/20000906_0000020/origin/1443891</preferredOriginID>
  <preferredMagnitudeID>quakeml:eu.emsc/event/20000906_0000020/origin/1443891/mag/2</preferredMagnitudeID>
  <creationInfo>
    <agencyURI>smi:smi-registry/organization/EMSC</agencyURI>
    <authorURI>smi:smi-registry/organization/EMSC</authorURI>
    <creationTime>2014-12-10T13:13:18.7046Z</creationTime>
  </creationInfo>
  <description>
    <text>FRANCE</text>
    <type>Flinn-Engdahl region</type>
  </description>
  <origin publicID="quakeml:eu.emsc/event/20000906_0000020/origin/1443891">
    <time>
      <value>2000-09-06T23:17:43.0Z</value>
    </time>
    <latitude>
      <value>45.1257</value>
      <uncertainty>9999.9</uncertainty>
    </latitude>
    <longitude>
      <value>5.1713</value>
      <uncertainty>9999.9</uncertainty>
    </longitude>
    <depth>
      <value>2000</value>
    </depth>
    <depthType>from location</depthType>
    <methodID>smi:eu.emsc-csem/origin_method/NA</methodID>
    <quality>
      <usedPhaseCount>12</usedPhaseCount>
      <usedStationCount>8</usedStationCount>
      <standardError>1.8</standardError>
      <azimuthalGap>113</azimuthalGap>
      <minimumDistance>1.17</minimumDistance>
      <maximumDistance>2.21</maximumDistance>
    </quality>
    <evaluationMode>manual</evaluationMode>
    <creationInfo>
      <agencyURI>smi:smi-registry/organization/EMSC</agencyURI>
      <authorURI>smi:smi-registry/organization/EMSC</authorURI>
    </creationInfo>
    <originUncertainty>
      <azimuthMaxHorizontalUncertainty>-99</azimuthMaxHorizontalUncertainty>
    </originUncertainty>
  </origin>
  <magnitude publicID="quakeml:eu.emsc/event/20000906_0000020/origin/1443891/mag/2">
    <mag>
      <value>1.8</value>
    </mag>
    <type>ML</type>
    <originID>quakeml:eu.emsc/event/20000906_0000020/origin/1443891</originID>
    <stationCount>8</stationCount>
    <creationInfo>
      <agencyURI>smi:smi-registry/organization/EMSC</agencyURI>
      <authorURI>smi:smi-registry/organization/EMSC</authorURI>
    </creationInfo>
  </magnitude>
</event>
<event publicID="quakeml:eu.emsc/event/20000906_0000006">
  <preferredOriginID>quakeml:eu.emsc/event/20000906_0000006/origin/1450438</preferredOriginID>
  <preferredMagnitudeID>quakeml:eu.emsc/event/20000906_0000006/origin/1450438/mag/2</preferredMagnitudeID>
  <creationInfo>
    <agencyURI>smi:smi-registry/organization/EMSC</agencyURI>
    <authorURI>smi:smi-registry/organization/EMSC</authorURI>
    <creationTime>2014-12-03T10:49:44.850446Z</creationTime>
  </creationInfo>
  <description>
    <text>CRETE, GREECE</text>
    <type>Flinn-Engdahl region</type>
  </description>
  <origin publicID="quakeml:eu.emsc/event/20000906_0000006/origin/1450438">
    <time>
      <value>2000-09-06T23:14:23.7Z</value>
      <uncertainty>0.16</uncertainty>
    </time>
    <latitude>
      <value>35.948</value>
      <uncertainty>6.3</uncertainty>
    </latitude>
    <longitude>
      <value>26.2932</value>
      <uncertainty>2.7</uncertainty>
    </longitude>
    <depth>
      <value>135000</value>
      <uncertainty>2.6</uncertainty>
    </depth>
    <depthType>from location</depthType>
    <methodID>smi:eu.emsc-csem/origin_method/NA</methodID>
    <quality>
      <usedPhaseCount>28</usedPhaseCount>
      <usedStationCount>25</usedStationCount>
      <standardError>0.57</standardError>
      <azimuthalGap>107</azimuthalGap>
      <minimumDistance>0.82</minimumDistance>
      <maximumDistance>9.82</maximumDistance>
    </quality>
    <evaluationMode>manual</evaluationMode>
    <creationInfo>
      <agencyURI>smi:smi-registry/organization/EMSC</agencyURI>
      <authorURI>smi:smi-registry/organization/EMSC</authorURI>
    </creationInfo>
    <originUncertainty>
      <azimuthMaxHorizontalUncertainty>36</azimuthMaxHorizontalUncertainty>
    </originUncertainty>
  </origin>
  <magnitude publicID="quakeml:eu.emsc/event/20000906_0000006/origin/1450438/mag/2">
    <mag>
      <value>3.9</value>
    </mag>
    <type>ML</type>
    <originID>quakeml:eu.emsc/event/20000906_0000006/origin/1450438</originID>
    <creationInfo>
      <agencyURI>smi:smi-registry/organization/EMSC</agencyURI>
      <authorURI>smi:smi-registry/organization/EMSC</authorURI>
    </creationInfo>
  </magnitude>
</event>
<event publicID="quakeml:eu.emsc/event/20000906_0000005">
  <preferredOriginID>quakeml:eu.emsc/event/20000906_0000005/origin/1450442</preferredOriginID>
  <preferredMagnitudeID>quakeml:eu.emsc/event/20000906_0000005/origin/1450442/mag/2</preferredMagnitudeID>
  <creationInfo>
    <agencyURI>smi:smi-registry/organization/EMSC</agencyURI>
    <authorURI>smi:smi-registry/organization/EMSC</authorURI>
    <creationTime>2014-12-03T10:22:06.523613Z</creationTime>
  </creationInfo>
  <description>
    <text>NORTH ATLANTIC OCEAN</text>
    <type>Flinn-Engdahl region</type>
  </description>
  <origin publicID="quakeml:eu.emsc/event/20000906_0000005/origin/1450442">
    <time>
      <value>2000-09-06T23:11:08.7Z</value>
      <uncertainty>0.53</uncertainty>
    </time>
    <latitude>
      <value>40.9504</value>
      <uncertainty>10.9</uncertainty>
    </latitude>
    <longitude>
      <value>-16.9081</value>
      <uncertainty>7.5</uncertainty>
    </longitude>
    <depth>
      <value>50000</value>
    </depth>
    <depthType>from location</depthType>
    <methodID>smi:eu.emsc-csem/origin_method/NA</methodID>
    <quality>
      <usedPhaseCount>65</usedPhaseCount>
      <usedStationCount>43</usedStationCount>
      <standardError>1.07</standardError>
      <azimuthalGap>291</azimuthalGap>
      <minimumDistance>6.28</minimumDistance>
      <maximumDistance>15.89</maximumDistance>
    </quality>
    <evaluationMode>manual</evaluationMode>
    <creationInfo>
      <agencyURI>smi:smi-registry/organization/EMSC</agencyURI>
      <authorURI>smi:smi-registry/organization/EMSC</authorURI>
    </creationInfo>
    <originUncertainty>
      <azimuthMaxHorizontalUncertainty>64</azimuthMaxHorizontalUncertainty>
    </originUncertainty>
  </origin>
  <magnitude publicID="quakeml:eu.emsc/event/20000906_0000005/origin/1450442/mag/2">
    <mag>
      <value>3.3</value>
      <uncertainty>0.1</uncertainty>
    </mag>
    <type>mb</type>
    <originID>quakeml:eu.emsc/event/20000906_0000005/origin/1450442</originID>
    <stationCount>21</stationCount>
    <creationInfo>
      <agencyURI>smi:smi-registry/organization/EMSC</agencyURI>
      <authorURI>smi:smi-registry/organization/EMSC</authorURI>
    </creationInfo>
  </magnitude>
</event>
<event publicID="quakeml:eu.emsc/event/20000906_0000004">
  <preferredOriginID>quakeml:eu.emsc/event/20000906_0000004/origin/1443893</preferredOriginID>
  <preferredMagnitudeID>quakeml:eu.emsc/event/20000906_0000004/origin/1443893/mag/2</preferredMagnitudeID>
  <creationInfo>
    <agencyURI>smi:smi-registry/organization/EMSC</agencyURI>
    <authorURI>smi:smi-registry/organization/EMSC</authorURI>
    <creationTime>2014-12-10T10:16:25.274589Z</creationTime>
  </creationInfo>
  <description>
    <text>STRAIT OF GIBRALTAR</text>
    <type>Flinn-Engdahl region</type>
  </description>
  <origin publicID="quakeml:eu.emsc/event/20000906_0000004/origin/1443893">
    <time>
      <value>2000-09-06T22:40:30.9Z</value>
    </time>
    <latitude>
      <value>36.7869</value>
      <uncertainty>9999.9</uncertainty>
    </latitude>
    <longitude>
      <value>-4.4622</value>
      <uncertainty>9999.9</uncertainty>
    </longitude>
    <depth>
      <value>56300.0</value>
    </depth>
    <depthType>from location</depthType>
    <methodID>smi:eu.emsc-csem/origin_method/NA</methodID>
    <quality>
      <usedPhaseCount>40</usedPhaseCount>
      <usedStationCount>22</usedStationCount>
      <standardError>1.65</standardError>
      <azimuthalGap>114</azimuthalGap>
      <minimumDistance>0.04</minimumDistance>
      <maximumDistance>4.44</maximumDistance>
    </quality>
    <evaluationMode>manual</evaluationMode>
    <creationInfo>
      <agencyURI>smi:smi-registry/organization/EMSC</agencyURI>
      <authorURI>smi:smi-registry/organization/EMSC</authorURI>
    </creationInfo>
    <originUncertainty>
      <azimuthMaxHorizontalUncertainty>-99</azimuthMaxHorizontalUncertainty>
    </originUncertainty>
  </origin>
  <magnitude publicID="quakeml:eu.emsc/event/20000906_0000004/origin/1443893/mag/2">
    <mag>
      <value>2.4</value>
      <uncertainty>0.1</uncertainty>
    </mag>
    <type>mb</type>
    <originID>quakeml:eu.emsc/event/20000906_0000004/origin/1443893</originID>
    <stationCount>15</stationCount>
    <creationInfo>
      <agencyURI>smi:smi-registry/organization/EMSC</agencyURI>
      <authorURI>smi:smi-registry/organization/EMSC</authorURI>
    </creationInfo>
  </magnitude>
</event>
<event publicID="quakeml:eu.emsc/event/20000906_0000003">
  <preferredOriginID>quakeml:eu.emsc/event/20000906_0000003/origin/1443895</preferredOriginID>
  <preferredMagnitudeID>quakeml:eu.emsc/event/20000906_0000003/origin/1443895/mag/2</preferredMagnitudeID>
  <creationInfo>
    <agencyURI>smi:smi-registry/organization/EMSC</agencyURI>
    <authorURI>smi:smi-registry/organization/EMSC</authorURI>
    <creationTime>2014-12-10T10:16:16.320112Z</creationTime>
  </creationInfo>
  <description>
    <text>ROMANIA</text>
    <type>Flinn-Engdahl region</type>
  </description>
  <origin publicID="quakeml:eu.emsc/event/20000906_0000003/origin/1443895">
    <time>
      <value>2000-09-06T21:39:45.4Z</value>
    </time>
    <latitude>
      <value>45.607</value>
      <uncertainty>9999.9</uncertainty>
    </latitude>
    <longitude>
      <value>26.487</value>
      <uncertainty>9999.9</uncertainty>
    </longitude>
    <depth>
      <value>161400.0</value>
    </depth>
    <depthType>from location</depthType>
    <methodID>smi:eu.emsc-csem/origin_method/NA</methodID>
    <quality>
      <usedPhaseCount>7</usedPhaseCount>
      <usedStationCount>4</usedStationCount>
      <standardError>0.6</standardError>
      <azimuthalGap>143</azimuthalGap>
      <minimumDistance>0.31</minimumDistance>
      <maximumDistance>1.24</maximumDistance>
    </quality>
    <evaluationMode>manual</evaluationMode>
    <creationInfo>
      <agencyURI>smi:smi-registry/organization/EMSC</agencyURI>
      <authorURI>smi:smi-registry/organization/EMSC</authorURI>
    </creationInfo>
    <originUncertainty>
      <azimuthMaxHorizontalUncertainty>-99</azimuthMaxHorizontalUncertainty>
    </originUncertainty>
  </origin>
  <magnitude publicID="quakeml:eu.emsc/event/20000906_0000003/origin/1443895/mag/2">
    <mag>
      <value>3.3</value>
    </mag>
    <type>MD</type>
    <originID>quakeml:eu.emsc/event/20000906_0000003/origin/1443895</originID>
    <stationCount>3</stationCount>
    <creationInfo>
      <agencyURI>smi:smi-registry/organization/EMSC</agencyURI>
      <authorURI>smi:smi-registry/organization/EMSC</authorURI>
    </creationInfo>
  </magnitude>
</event>
<event publicID="quakeml:eu.emsc/event/20000906_0000011">
  <preferredOriginID>quakeml:eu.emsc/event/20000906_0000011/origin/1443897</preferredOriginID>
  <preferredMagnitudeID>quakeml:eu.emsc/event/20000906_0000011/origin/1443897/mag/2</preferredMagnitudeID>
  <creationInfo>
    <agencyURI>smi:smi-registry/organization/EMSC</agencyURI>
    <authorURI>smi:smi-registry/organization/EMSC</authorURI>
    <creationTime>2014-12-10T14:08:01.364619Z</creationTime>
  </creationInfo>
  <description>
    <text>FRANCE</text>
    <type>Flinn-Engdahl region</type>
  </description>
  <origin publicID="quakeml:eu.emsc/event/20000906_0000011/origin/1443897">
    <time>
      <value>2000-09-06T19:18:18.2Z</value>
    </time>
    <latitude>
      <value>45.0553</value>
      <uncertainty>9999.9</uncertainty>
    </latitude>
    <longitude>
      <value>5.7183</value>
      <uncertainty>9999.9</uncertainty>
    </longitude>
    <depth>
      <value>2000</value>
    </depth>
    <depthType>from location</depthType>
    <methodID>smi:eu.emsc-csem/origin_method/NA</methodID>
    <quality>
      <usedPhaseCount>22</usedPhaseCount>
      <usedStationCount>13</usedStationCount>
      <standardError>1.83</standardError>
      <azimuthalGap>78</azimuthalGap>
      <minimumDistance>0.82</minimumDistance>
      <maximumDistance>2.87</maximumDistance>
    </quality>
    <evaluationMode>manual</evaluationMode>
    <creationInfo>
      <agencyURI>smi:smi-registry/organization/EMSC</agencyURI>
      <authorURI>smi:smi-registry/organization/EMSC</authorURI>
    </creationInfo>
    <originUncertainty>
      <azimuthMaxHorizontalUncertainty>-99</azimuthMaxHorizontalUncertainty>
    </originUncertainty>
  </origin>
  <magnitude publicID="quakeml:eu.emsc/event/20000906_0000011/origin/1443897/mag/2">
    <mag>
      <value>2.5</value>
    </mag>
    <type>ML</type>
    <originID>quakeml:eu.emsc/event/20000906_0000011/origin/1443897</originID>
    <stationCount>11</stationCount>
    <creationInfo>
      <agencyURI>smi:smi-registry/organization/EMSC</agencyURI>
      <authorURI>smi:smi-registry/organization/EMSC</authorURI>
    </creationInfo>
  </magnitude>
</event>
<event publicID="quakeml:eu.emsc/event/20000906_0000016">
  <preferredOriginID>quakeml:eu.emsc/event/20000906_0000016/origin/1443899</preferredOriginID>
  <preferredMagnitudeID>quakeml:eu.emsc/event/20000906_0000016/origin/1443899/mag/2</preferredMagnitudeID>
  <creationInfo>
    <agencyURI>smi:smi-registry/organization/EMSC</agencyURI>
    <authorURI>smi:smi-registry/organization/EMSC</authorURI>
    <creationTime>2014-12-10T13:13:17.475368Z</creationTime>
  </creationInfo>
  <description>
    <text>FRANCE</text>
    <type>Flinn-Engdahl region</type>
  </description>
  <origin publicID="quakeml:eu.emsc/event/20000906_0000016/origin/1443899">
    <time>
      <value>2000-09-06T19:17:36.1Z</value>
    </time>
    <latitude>
      <value>45.056</value>
      <uncertainty>9999.9</uncertainty>
    </latitude>
    <longitude>
      <value>5.6823</value>
      <uncertainty>9999.9</uncertainty>
    </longitude>
    <depth>
      <value>2000</value>
    </depth>
    <depthType>from location</depthType>
    <methodID>smi:eu.emsc-csem/origin_method/NA</methodID>
    <quality>
      <usedPhaseCount>24</usedPhaseCount>
      <usedStationCount>12</usedStationCount>
      <standardError>1.46</standardError>
      <azimuthalGap>78</azimuthalGap>
      <minimumDistance>0.84</minimumDistance>
      <maximumDistance>2.55</maximumDistance>
    </quality>
    <evaluationMode>manual</evaluationMode>
    <creationInfo>
      <agencyURI>smi:smi-registry/organization/EMSC</agencyURI>
      <authorURI>smi:smi-registry/organization/EMSC</authorURI>
    </creationInfo>
    <originUncertainty>
      <azimuthMaxHorizontalUncertainty>-99</azimuthMaxHorizontalUncertainty>
    </originUncertainty>
  </origin>
  <magnitude publicID="quakeml:eu.emsc/event/20000906_0000016/origin/1443899/mag/2">
    <mag>
      <value>2.3</value>
    </mag>
    <type>ML</type>
    <originID>quakeml:eu.emsc/event/20000906_0000016/origin/1443899</originID>
    <stationCount>11</stationCount>
    <creationInfo>
      <agencyURI>smi:smi-registry/organization/EMSC</agencyURI>
      <authorURI>smi:smi-registry/organization/EMSC</authorURI>
    </creationInfo>
  </magnitude>
</event>
<event publicID="quakeml:eu.emsc/event/20000906_0000010">
  <preferredOriginID>quakeml:eu.emsc/event/20000906_0000010/origin/1449873</preferredOriginID>
  <preferredMagnitudeID>quakeml:eu.emsc/event/20000906_0000010/origin/1449873/mag/1</preferredMagnitudeID>
  <creationInfo>
    <agencyURI>smi:smi-registry/organization/EMSC</agencyURI>
    <authorURI>smi:smi-registry/organization/EMSC</authorURI>
    <creationTime>2014-12-03T15:31:25.894059Z</creationTime>
  </creationInfo>
  <description>
    <text>FRANCE</text>
    <type>Flinn-Engdahl region</type>
  </description>
  <origin publicID="quakeml:eu.emsc/event/20000906_0000010/origin/1449873">
    <time>
      <value>2000-09-06T15:38:48.0Z</value>
      <uncertainty>0.1</uncertainty>
    </time>
    <latitude>
      <value>43.0575</value>
      <uncertainty>2.1</uncertainty>
    </latitude>
    <longitude>
      <value>0.1554</value>
      <uncertainty>1.7</uncertainty>
    </longitude>
    <depth>
      <value>2000</value>
    </depth>
    <depthType>from location</depthType>
    <methodID>smi:eu.emsc-csem/origin_method/NA</methodID>
    <quality>
      <usedPhaseCount>26</usedPhaseCount>
      <usedStationCount>14</usedStationCount>
      <standardError>0.53</standardError>
      <azimuthalGap>99</azimuthalGap>
      <minimumDistance>0.14</minimumDistance>
      <maximumDistance>2.88</maximumDistance>
    </quality>
    <evaluationMode>manual</evaluationMode>
    <creationInfo>
      <agencyURI>smi:smi-registry/organization/EMSC</agencyURI>
      <authorURI>smi:smi-registry/organization/EMSC</authorURI>
    </creationInfo>
    <originUncertainty>
      <azimuthMaxHorizontalUncertainty>166</azimuthMaxHorizontalUncertainty>
    </originUncertainty>
  </origin>
  <magnitude publicID="quakeml:eu.emsc/event/20000906_0000010/origin/1449873/mag/1">
    <mag>
      <value>2.2</value>
      <uncertainty>0.5</uncertainty>
    </mag>
    <type>ML</type>
    <originID>quakeml:eu.emsc/event/20000906_0000010/origin/1449873</originID>
    <stationCount>6</stationCount>
    <creationInfo>
      <agencyURI>smi:smi-registry/organization/EMSC</agencyURI>
      <authorURI>smi:smi-registry/organization/EMSC</authorURI>
    </creationInfo>
  </magnitude>
</event>
<event publicID="quakeml:eu.emsc/event/20000906_0000012">
  <preferredOriginID>quakeml:eu.emsc/event/20000906_0000012/origin/1449877</preferredOriginID>
  <preferredMagnitudeID>quakeml:eu.emsc/event/20000906_0000012/origin/1449877/mag/1</preferredMagnitudeID>
  <creationInfo>
    <agencyURI>smi:smi-registry/organization/EMSC</agencyURI>
    <authorURI>smi:smi-registry/organization/EMSC</authorURI>
    <creationTime>2014-12-03T15:39:19.879337Z</creationTime>
  </creationInfo>
  <description>
    <text>NORTHERN ITALY</text>
    <type>Flinn-Engdahl region</type>
  </description>
  <origin publicID="quakeml:eu.emsc/event/20000906_0000012/origin/1449877">
    <time>
      <value>2000-09-06T15:36:43.8Z</value>
      <uncertainty>0.06</uncertainty>
    </time>
    <latitude>
      <value>44.522</value>
      <uncertainty>1.9</uncertainty>
    </latitude>
    <longitude>
      <value>7.2682</value>
      <uncertainty>1</uncertainty>
    </longitude>
    <depth>
      <value>2000</value>
    </depth>
    <depthType>from location</depthType>
    <methodID>smi:eu.emsc-csem/origin_method/NA</methodID>
    <quality>
      <usedPhaseCount>34</usedPhaseCount>
      <usedStationCount>21</usedStationCount>
      <standardError>0.39</standardError>
      <azimuthalGap>94</azimuthalGap>
      <minimumDistance>0.28</minimumDistance>
      <maximumDistance>1.06</maximumDistance>
    </quality>
    <evaluationMode>manual</evaluationMode>
    <creationInfo>
      <agencyURI>smi:smi-registry/organization/EMSC</agencyURI>
      <authorURI>smi:smi-registry/organization/EMSC</authorURI>
    </creationInfo>
    <originUncertainty>
      <azimuthMaxHorizontalUncertainty>76</azimuthMaxHorizontalUncertainty>
    </originUncertainty>
  </origin>
  <magnitude publicID="quakeml:eu.emsc/event/20000906_0000012/origin/1449877/mag/1">
    <mag>
      <value>2.1</value>
      <uncertainty>0.2</uncertainty>
    </mag>
    <type>ML</type>
    <originID>quakeml:eu.emsc/event/20000906_0000012/origin/1449877</originID>
    <stationCount>5</stationCount>
    <creationInfo>
      <agencyURI>smi:smi-registry/organization/EMSC</agencyURI>
      <authorURI>smi:smi-registry/organization/EMSC</authorURI>
    </creationInfo>
  </magnitude>
</event>
<event publicID="quakeml:eu.emsc/event/20000906_0000002">
  <preferredOriginID>quakeml:eu.emsc/event/20000906_0000002/origin/1450533</preferredOriginID>
  <preferredMagnitudeID>quakeml:eu.emsc/event/20000906_0000002/origin/1450533/mag/2</preferredMagnitudeID>
  <creationInfo>
    <agencyURI>smi:smi-registry/organization/EMSC</agencyURI>
    <authorURI>smi:smi-registry/organization/EMSC</authorURI>
    <creationTime>2014-12-03T11:43:58.833027Z</creationTime>
  </creationInfo>
  <description>
    <text>WESTERN TURKEY</text>
    <type>Flinn-Engdahl region</type>
  </description>
  <origin publicID="quakeml:eu.emsc/event/20000906_0000002/origin/1450533">
    <time>
      <value>2000-09-06T14:22:59.8Z</value>
      <uncertainty>0.14</uncertainty>
    </time>
    <latitude>
      <value>40.6258</value>
      <uncertainty>4</uncertainty>
    </latitude>
    <longitude>
      <value>29.2159</value>
      <uncertainty>3.6</uncertainty>
    </longitude>
    <depth>
      <value>10000</value>
    </depth>
    <depthType>from location</depthType>
    <methodID>smi:eu.emsc-csem/origin_method/NA</methodID>
    <quality>
      <usedPhaseCount>36</usedPhaseCount>
      <usedStationCount>35</usedStationCount>
      <standardError>0.66</standardError>
      <azimuthalGap>44</azimuthalGap>
      <minimumDistance>0.13</minimumDistance>
      <maximumDistance>36.6</maximumDistance>
    </quality>
    <evaluationMode>manual</evaluationMode>
    <creationInfo>
      <agencyURI>smi:smi-registry/organization/EMSC</agencyURI>
      <authorURI>smi:smi-registry/organization/EMSC</authorURI>
    </creationInfo>
    <originUncertainty>
      <azimuthMaxHorizontalUncertainty>50</azimuthMaxHorizontalUncertainty>
    </originUncertainty>
  </origin>
  <magnitude publicID="quakeml:eu.emsc/event/20000906_0000002/origin/1450533/mag/2">
    <mag>
      <value>3.6</value>
    </mag>
    <type>mb</type>
    <originID>quakeml:eu.emsc/event/20000906_0000002/origin/1450533</originID>
    <stationCount>1</stationCount>
    <creationInfo>
      <agencyURI>smi:smi-registry/organization/EMSC</agencyURI>
      <authorURI>smi:smi-registry/organization/EMSC</authorURI>
    </creationInfo>
  </magnitude>
</event>
<event publicID="quakeml:eu.emsc/event/20000906_0000018">
  <preferredOriginID>quakeml:eu.emsc/event/20000906_0000018/origin/1443901</preferredOriginID>
  <preferredMagnitudeID>quakeml:eu.emsc/event/20000906_0000018/origin/1443901/mag/2</preferredMagnitudeID>
  <creationInfo>
    <agencyURI>smi:smi-registry/organization/EMSC</agencyURI>
    <authorURI>smi:smi-registry/organization/EMSC</authorURI>
    <creationTime>2014-12-10T13:13:16.935807Z</creationTime>
  </creationInfo>
  <description>
    <text>GERMANY</text>
    <type>Flinn-Engdahl region</type>
  </description>
  <origin publicID="quakeml:eu.emsc/event/20000906_0000018/origin/1443901">
    <time>
      <value>2000-09-06T11:19:51.2Z</value>
    </time>
    <latitude>
      <value>50.3</value>
      <uncertainty>9999.9</uncertainty>
    </latitude>
    <longitude>
      <value>9.8</value>
      <uncertainty>9999.9</uncertainty>
    </longitude>
    <depth>
      <value>0</value>
    </depth>
    <depthType>from location</depthType>
    <methodID>smi:eu.emsc-csem/origin_method/NA</methodID>
    <quality>
      <usedPhaseCount>11</usedPhaseCount>
      <usedStationCount>7</usedStationCount>
      <standardError>1.45</standardError>
      <azimuthalGap>142</azimuthalGap>
      <minimumDistance>0.87</minimumDistance>
      <maximumDistance>2.7</maximumDistance>
    </quality>
    <evaluationMode>manual</evaluationMode>
    <creationInfo>
      <agencyURI>smi:smi-registry/organization/EMSC</agencyURI>
      <authorURI>smi:smi-registry/organization/EMSC</authorURI>
    </creationInfo>
    <originUncertainty>
      <azimuthMaxHorizontalUncertainty>-99</azimuthMaxHorizontalUncertainty>
    </originUncertainty>
  </origin>
  <magnitude publicID="quakeml:eu.emsc/event/20000906_0000018/origin/1443901/mag/2">
    <mag>
      <value>1.9</value>
    </mag>
    <type>ML</type>
    <originID>quakeml:eu.emsc/event/20000906_0000018/origin/1443901</originID>
    <creationInfo>
      <agencyURI>smi:smi-registry/organization/EMSC</agencyURI>
      <authorURI>smi:smi-registry/organization/EMSC</authorURI>
    </creationInfo>
  </magnitude>
</event>
<event publicID="quakeml:eu.emsc/event/20000906_0000001">
  <preferredOriginID>quakeml:eu.emsc/event/20000906_0000001/origin/1451733</preferredOriginID>
  <preferredMagnitudeID>quakeml:eu.emsc/event/20000906_0000001/origin/1451733/mag/2</preferredMagnitudeID>
  <creationInfo>
    <agencyURI>smi:smi-registry/organization/EMSC</agencyURI>
    <authorURI>smi:smi-registry/organization/EMSC</authorURI>
    <creationTime>2014-12-03T11:13:25.34509Z</creationTime>
  </creationInfo>
  <description>
    <text>ALBANIA</text>
    <type>Flinn-Engdahl region</type>
  </description>
  <origin publicID="quakeml:eu.emsc/event/20000906_0000001/origin/1451733">
    <time>
      <value>2000-09-06T10:47:48.9Z</value>
      <uncertainty>0.18</uncertainty>
    </time>
    <latitude>
      <value>40.4141</value>
      <uncertainty>5.2</uncertainty>
    </latitude>
    <longitude>
      <value>20.4119</value>
      <uncertainty>4</uncertainty>
    </longitude>
    <depth>
      <value>2000</value>
    </depth>
    <depthType>from location</depthType>
    <methodID>smi:eu.emsc-csem/origin_method/NA</methodID>
    <quality>
      <usedPhaseCount>48</usedPhaseCount>
      <usedStationCount>39</usedStationCount>
      <standardError>1.11</standardError>
      <azimuthalGap>31</azimuthalGap>
      <minimumDistance>0.76</minimumDistance>
      <maximumDistance>6.38</maximumDistance>
    </quality>
    <evaluationMode>manual</evaluationMode>
    <creationInfo>
      <agencyURI>smi:smi-registry/organization/EMSC</agencyURI>
      <authorURI>smi:smi-registry/organization/EMSC</authorURI>
    </creationInfo>
    <originUncertainty>
      <azimuthMaxHorizontalUncertainty>7</azimuthMaxHorizontalUncertainty>
    </originUncertainty>
  </origin>
  <magnitude publicID="quakeml:eu.emsc/event/20000906_0000001/origin/1451733/mag/2">
    <mag>
      <value>3.1</value>
    </mag>
    <type>ML</type>
    <originID>quakeml:eu.emsc/event/20000906_0000001/origin/1451733</originID>
    <creationInfo>
      <agencyURI>smi:smi-registry/organization/EMSC</agencyURI>
      <authorURI>smi:smi-registry/organization/EMSC</authorURI>
    </creationInfo>
  </magnitude>
</event>
<event publicID="quakeml:eu.emsc/event/20000906_0000009">
  <preferredOriginID>quakeml:eu.emsc/event/20000906_0000009/origin/1443903</preferredOriginID>
  <preferredMagnitudeID>quakeml:eu.emsc/event/20000906_0000009/origin/1443903/mag/2</preferredMagnitudeID>
  <creationInfo>
    <agencyURI>smi:smi-registry/organization/EMSC</agencyURI>
    <authorURI>smi:smi-registry/organization/EMSC</authorURI>
    <creationTime>2014-12-10T13:13:16.429309Z</creationTime>
  </creationInfo>
  <description>
    <text>LIGURIAN SEA</text>
    <type>Flinn-Engdahl region</type>
  </description>
  <origin publicID="quakeml:eu.emsc/event/20000906_0000009/origin/1443903">
    <time>
      <value>2000-09-06T10:14:19.1Z</value>
    </time>
    <latitude>
      <value>43.9892</value>
      <uncertainty>9999.9</uncertainty>
    </latitude>
    <longitude>
      <value>8.0263</value>
      <uncertainty>9999.9</uncertainty>
    </longitude>
    <depth>
      <value>6100.0</value>
    </depth>
    <depthType>from location</depthType>
    <methodID>smi:eu.emsc-csem/origin_method/NA</methodID>
    <quality>
      <usedPhaseCount>14</usedPhaseCount>
      <usedStationCount>8</usedStationCount>
      <standardError>3.35</standardError>
      <azimuthalGap>197</azimuthalGap>
      <minimumDistance>0.13</minimumDistance>
      <maximumDistance>0.84</maximumDistance>
    </quality>
    <evaluationMode>manual</evaluationMode>
    <creationInfo>
      <agencyURI>smi:smi-registry/organization/EMSC</agencyURI>
      <authorURI>smi:smi-registry/organization/EMSC</authorURI>
    </creationInfo>
    <originUncertainty>
      <azimuthMaxHorizontalUncertainty>-99</azimuthMaxHorizontalUncertainty>
    </originUncertainty>
  </origin>
  <magnitude publicID="quakeml:eu.emsc/event/20000906_0000009/origin/1443903/mag/2">
    <mag>
      <value>2.1</value>
    </mag>
    <type>ML</type>
    <originID>quakeml:eu.emsc/event/20000906_0000009/origin/1443903</originID>
    <creationInfo>
      <agencyURI>smi:smi-registry/organization/EMSC</agencyURI>
      <authorURI>smi:smi-registry/organization/EMSC</authorURI>
    </creationInfo>
  </magnitude>
</event>
<event publicID="quakeml:eu.emsc/event/20000906_0000013">
  <preferredOriginID>quakeml:eu.emsc/event/20000906_0000013/origin/1443905</preferredOriginID>
  <preferredMagnitudeID>quakeml:eu.emsc/event/20000906_0000013/origin/1443905/mag/2</preferredMagnitudeID>
  <creationInfo>
    <agencyURI>smi:smi-registry/organization/EMSC</agencyURI>
    <authorURI>smi:smi-registry/organization/EMSC</authorURI>
    <creationTime>2014-12-10T13:13:15.909502Z</creationTime>
  </creationInfo>
  <description>
    <text>NEAR SOUTH COAST OF FRANCE</text>
    <type>Flinn-Engdahl region</type>
  </description>
  <origin publicID="quakeml:eu.emsc/event/20000906_0000013/origin/1443905">
    <time>
      <value>2000-09-06T09:18:15.3Z</value>
    </time>
    <latitude>
      <value>43.7145</value>
      <uncertainty>9999.9</uncertainty>
    </latitude>
    <longitude>
      <value>7.791</value>
      <uncertainty>9999.9</uncertainty>
    </longitude>
    <depth>
      <value>12800.0</value>
    </depth>
    <depthType>from location</depthType>
    <methodID>smi:eu.emsc-csem/origin_method/NA</methodID>
    <quality>
      <usedPhaseCount>16</usedPhaseCount>
      <usedStationCount>9</usedStationCount>
      <standardError>7.62</standardError>
      <azimuthalGap>294</azimuthalGap>
      <minimumDistance>0.15</minimumDistance>
      <maximumDistance>1.17</maximumDistance>
    </quality>
    <evaluationMode>manual</evaluationMode>
    <creationInfo>
      <agencyURI>smi:smi-registry/organization/EMSC</agencyURI>
      <authorURI>smi:smi-registry/organization/EMSC</authorURI>
    </creationInfo>
    <originUncertainty>
      <azimuthMaxHorizontalUncertainty>-99</azimuthMaxHorizontalUncertainty>
    </originUncertainty>
  </origin>
  <magnitude publicID="quakeml:eu.emsc/event/20000906_0000013/origin/1443905/mag/2">
    <mag>
      <value>2.4</value>
    </mag>
    <type>ML</type>
    <originID>quakeml:eu.emsc/event/20000906_0000013/origin/1443905</originID>
    <creationInfo>
      <agencyURI>smi:smi-registry/organization/EMSC</agencyURI>
      <authorURI>smi:smi-registry/organization/EMSC</authorURI>
    </creationInfo>
  </magnitude>
</event>
<event publicID="quakeml:eu.emsc/event/20000906_0000019">
  <preferredOriginID>quakeml:eu.emsc/event/20000906_0000019/origin/1447825</preferredOriginID>
  <preferredMagnitudeID>quakeml:eu.emsc/event/20000906_0000019/origin/1447825/mag/2</preferredMagnitudeID>
  <creationInfo>
    <agencyURI>smi:smi-registry/organization/EMSC</agencyURI>
    <authorURI>smi:smi-registry/organization/EMSC</authorURI>
    <creationTime>2014-12-10T13:13:15.404605Z</creationTime>
  </creationInfo>
  <description>
    <text>SWITZERLAND</text>
    <type>Flinn-Engdahl region</type>
  </description>
  <origin publicID="quakeml:eu.emsc/event/20000906_0000019/origin/1447825">
    <time>
      <value>2000-09-06T07:48:44.3Z</value>
    </time>
    <latitude>
      <value>47.088</value>
      <uncertainty>9999.9</uncertainty>
    </latitude>
    <longitude>
      <value>9.35</value>
      <uncertainty>9999.9</uncertainty>
    </longitude>
    <depth>
      <value>10200.0</value>
    </depth>
    <depthType>from location</depthType>
    <methodID>smi:eu.emsc-csem/origin_method/NA</methodID>
    <quality>
      <usedPhaseCount>14</usedPhaseCount>
      <usedStationCount>8</usedStationCount>
      <standardError>0.31</standardError>
      <azimuthalGap>125</azimuthalGap>
      <minimumDistance>0.04</minimumDistance>
      <maximumDistance>0.79</maximumDistance>
    </quality>
    <evaluationMode>manual</evaluationMode>
    <creationInfo>
      <agencyURI>smi:smi-registry/organization/EMSC</agencyURI>
      <authorURI>smi:smi-registry/organization/EMSC</authorURI>
    </creationInfo>
    <originUncertainty>
      <azimuthMaxHorizontalUncertainty>-99</azimuthMaxHorizontalUncertainty>
    </originUncertainty>
  </origin>
  <magnitude publicID="quakeml:eu.emsc/event/20000906_0000019/origin/1447825/mag/2">
    <mag>
      <value>1.9</value>
    </mag>
    <type>ML</type>
    <originID>quakeml:eu.emsc/event/20000906_0000019/origin/1447825</originID>
    <stationCount>9</stationCount>
    <creationInfo>
      <agencyURI>smi:smi-registry/organization/EMSC</agencyURI>
      <authorURI>smi:smi-registry/organization/EMSC</authorURI>
    </creationInfo>
  </magnitude>
</event>
<event publicID="quakeml:eu.emsc/event/20000906_0000014">
  <preferredOriginID>quakeml:eu.emsc/event/20000906_0000014/origin/1449880</preferredOriginID>
  <preferredMagnitudeID>quakeml:eu.emsc/event/20000906_0000014/origin/1449880/mag/1</preferredMagnitudeID>
  <creationInfo>
    <agencyURI>smi:smi-registry/organization/EMSC</agencyURI>
    <authorURI>smi:smi-registry/organization/EMSC</authorURI>
    <creationTime>2014-12-03T16:13:46.626111Z</creationTime>
  </creationInfo>
  <description>
    <text>FRANCE</text>
    <type>Flinn-Engdahl region</type>
  </description>
  <origin publicID="quakeml:eu.emsc/event/20000906_0000014/origin/1449880">
    <time>
      <value>2000-09-06T04:58:23.7Z</value>
      <uncertainty>0.56</uncertainty>
    </time>
    <latitude>
      <value>47.4254</value>
      <uncertainty>9.6</uncertainty>
    </latitude>
    <longitude>
      <value>3.1753</value>
      <uncertainty>5.2</uncertainty>
    </longitude>
    <depth>
      <value>10000</value>
    </depth>
    <depthType>from location</depthType>
    <methodID>smi:eu.emsc-csem/origin_method/NA</methodID>
    <quality>
      <usedPhaseCount>19</usedPhaseCount>
      <usedStationCount>11</usedStationCount>
      <standardError>0.91</standardError>
      <azimuthalGap>217</azimuthalGap>
      <minimumDistance>0.4</minimumDistance>
      <maximumDistance>2.62</maximumDistance>
    </quality>
    <evaluationMode>manual</evaluationMode>
    <creationInfo>
      <agencyURI>smi:smi-registry/organization/EMSC</agencyURI>
      <authorURI>smi:smi-registry/organization/EMSC</authorURI>
    </creationInfo>
    <originUncertainty>
      <azimuthMaxHorizontalUncertainty>1</azimuthMaxHorizontalUncertainty>
    </originUncertainty>
  </origin>
  <magnitude publicID="quakeml:eu.emsc/event/20000906_0000014/origin/1449880/mag/1">
    <mag>
      <value>1.5</value>
      <uncertainty>0.5</uncertainty>
    </mag>
    <type>ML</type>
    <originID>quakeml:eu.emsc/event/20000906_0000014/origin/1449880</originID>
    <stationCount>7</stationCount>
    <creationInfo>
      <agencyURI>smi:smi-registry/organization/EMSC</agencyURI>
      <authorURI>smi:smi-registry/organization/EMSC</authorURI>
    </creationInfo>
  </magnitude>
</event>
<event publicID="quakeml:eu.emsc/event/20000906_0000015">
  <preferredOriginID>quakeml:eu.emsc/event/20000906_0000015/origin/1449883</preferredOriginID>
  <preferredMagnitudeID>quakeml:eu.emsc/event/20000906_0000015/origin/1449883/mag/1</preferredMagnitudeID>
  <creationInfo>
    <agencyURI>smi:smi-registry/organization/EMSC</agencyURI>
    <authorURI>smi:smi-registry/organization/EMSC</authorURI>
    <creationTime>2014-12-03T16:19:16.614513Z</creationTime>
  </creationInfo>
  <description>
    <text>FRANCE</text>
    <type>Flinn-Engdahl region</type>
  </description>
  <origin publicID="quakeml:eu.emsc/event/20000906_0000015/origin/1449883">
    <time>
      <value>2000-09-06T04:36:28.9Z</value>
      <uncertainty>0.17</uncertainty>
    </time>
    <latitude>
      <value>44.1765</value>
      <uncertainty>4.9</uncertainty>
    </latitude>
    <longitude>
      <value>6.2699</value>
      <uncertainty>2.5</uncertainty>
    </longitude>
    <depth>
      <value>2000</value>
    </depth>
    <depthType>from location</depthType>
    <methodID>smi:eu.emsc-csem/origin_method/NA</methodID>
    <quality>
      <usedPhaseCount>23</usedPhaseCount>
      <usedStationCount>13</usedStationCount>
      <standardError>0.83</standardError>
      <azimuthalGap>94</azimuthalGap>
      <minimumDistance>0.32</minimumDistance>
      <maximumDistance>1.74</maximumDistance>
    </quality>
    <evaluationMode>manual</evaluationMode>
    <creationInfo>
      <agencyURI>smi:smi-registry/organization/EMSC</agencyURI>
      <authorURI>smi:smi-registry/organization/EMSC</authorURI>
    </creationInfo>
    <originUncertainty>
      <azimuthMaxHorizontalUncertainty>116</azimuthMaxHorizontalUncertainty>
    </originUncertainty>
  </origin>
  <magnitude publicID="quakeml:eu.emsc/event/20000906_0000015/origin/1449883/mag/1">
    <mag>
      <value>1.8</value>
      <uncertainty>0.4</uncertainty>
    </mag>
    <type>ML</type>
    <originID>quakeml:eu.emsc/event/20000906_0000015/origin/1449883</originID>
    <stationCount>5</stationCount>
    <creationInfo>
      <agencyURI>smi:smi-registry/organization/EMSC</agencyURI>
      <authorURI>smi:smi-registry/organization/EMSC</authorURI>
    </creationInfo>
  </magnitude>
</event>
</eventParameters>
</q:quakeml>
