<?xml version="1.0"?>
<q:quakeml xmlns:q="http://quakeml.org/xmlns/quakeml/1.2"  xmlns="http://quakeml.org/xmlns/bed/1.2">
<eventParameters publicID="smi:eu.emsc/unid">
<event publicID="quakeml:eu.emsc/event/20001012_0000015">
  <preferredOriginID>quakeml:eu.emsc/event/20001012_0000015/origin/1440987</preferredOriginID>
  <preferredMagnitudeID>quakeml:eu.emsc/event/20001012_0000015/origin/1440987/mag/1</preferredMagnitudeID>
  <creationInfo>
    <agencyURI>smi:smi-registry/organization/EMSC</agencyURI>
    <authorURI>smi:smi-registry/organization/EMSC</authorURI>
    <creationTime>2014-12-03T15:05:40.386122Z</creationTime>
  </creationInfo>
  <description>
    <text>FRANCE</text>
    <type>Flinn-Engdahl region</type>
  </description>
  <origin publicID="quakeml:eu.emsc/event/20001012_0000015/origin/1440987">
    <time>
      <value>2000-10-12T23:05:21.1Z</value>
      <uncertainty>0.14</uncertainty>
    </time>
    <latitude>
      <value>43.084</value>
      <uncertainty>4.6</uncertainty>
    </latitude>
    <longitude>
      <value>0.2069</value>
      <uncertainty>2.4</uncertainty>
    </longitude>
    <depth>
      <value>15000</value>
    </depth>
    <depthType>from location</depthType>
    <methodID>smi:eu.emsc-csem/origin_method/NA</methodID>
    <quality>
      <usedPhaseCount>14</usedPhaseCount>
      <usedStationCount>9</usedStationCount>
      <standardError>0.5</standardError>
      <azimuthalGap>119</azimuthalGap>
      <minimumDistance>0.1</minimumDistance>
      <maximumDistance>2.83</maximumDistance>
    </quality>
    <evaluationMode>manual</evaluationMode>
    <creationInfo>
      <agencyURI>smi:smi-registry/organization/EMSC</agencyURI>
      <authorURI>smi:smi-registry/organization/EMSC</authorURI>
    </creationInfo>
    <originUncertainty>
      <azimuthMaxHorizontalUncertainty>149</azimuthMaxHorizontalUncertainty>
    </originUncertainty>
  </origin>
  <magnitude publicID="quakeml:eu.emsc/event/20001012_0000015/origin/1440987/mag/1">
    <mag>
      <value>2</value>
      <uncertainty>0.4</uncertainty>
    </mag>
    <type>ML</type>
    <originID>quakeml:eu.emsc/event/20001012_0000015/origin/1440987</originID>
    <stationCount>6</stationCount>
    <creationInfo>
      <agencyURI>smi:smi-registry/organization/EMSC</agencyURI>
      <authorURI>smi:smi-registry/organization/EMSC</authorURI>
    </creationInfo>
  </magnitude>
</event>
<event publicID="quakeml:eu.emsc/event/20001012_0000024">
  <preferredOriginID>quakeml:eu.emsc/event/20001012_0000024/origin/1440990</preferredOriginID>
  <preferredMagnitudeID>quakeml:eu.emsc/event/20001012_0000024/origin/1440990/mag/1</preferredMagnitudeID>
  <creationInfo>
    <agencyURI>smi:smi-registry/organization/EMSC</agencyURI>
    <authorURI>smi:smi-registry/organization/EMSC</authorURI>
    <creationTime>2014-12-03T16:36:51.21672Z</creationTime>
  </creationInfo>
  <description>
    <text>FRANCE</text>
    <type>Flinn-Engdahl region</type>
  </description>
  <origin publicID="quakeml:eu.emsc/event/20001012_0000024/origin/1440990">
    <time>
      <value>2000-10-12T22:46:18.5Z</value>
      <uncertainty>0.15</uncertainty>
    </time>
    <latitude>
      <value>44.741</value>
      <uncertainty>3.9</uncertainty>
    </latitude>
    <longitude>
      <value>6.688</value>
      <uncertainty>1.8</uncertainty>
    </longitude>
    <depth>
      <value>8000</value>
    </depth>
    <depthType>from location</depthType>
    <methodID>smi:eu.emsc-csem/origin_method/NA</methodID>
    <quality>
      <usedPhaseCount>22</usedPhaseCount>
      <usedStationCount>13</usedStationCount>
      <standardError>0.57</standardError>
      <azimuthalGap>171</azimuthalGap>
      <minimumDistance>0.06</minimumDistance>
      <maximumDistance>1.41</maximumDistance>
    </quality>
    <evaluationMode>manual</evaluationMode>
    <creationInfo>
      <agencyURI>smi:smi-registry/organization/EMSC</agencyURI>
      <authorURI>smi:smi-registry/organization/EMSC</authorURI>
    </creationInfo>
    <originUncertainty>
      <azimuthMaxHorizontalUncertainty>89</azimuthMaxHorizontalUncertainty>
    </originUncertainty>
  </origin>
  <magnitude publicID="quakeml:eu.emsc/event/20001012_0000024/origin/1440990/mag/1">
    <mag>
      <value>1.9</value>
      <uncertainty>0.4</uncertainty>
    </mag>
    <type>ML</type>
    <originID>quakeml:eu.emsc/event/20001012_0000024/origin/1440990</originID>
    <stationCount>6</stationCount>
    <creationInfo>
      <agencyURI>smi:smi-registry/organization/EMSC</agencyURI>
      <authorURI>smi:smi-registry/organization/EMSC</authorURI>
    </creationInfo>
  </magnitude>
</event>
<event publicID="quakeml:eu.emsc/event/20001012_0000013">
  <preferredOriginID>quakeml:eu.emsc/event/20001012_0000013/origin/1443321</preferredOriginID>
  <preferredMagnitudeID>quakeml:eu.emsc/event/20001012_0000013/origin/1443321/mag/2</preferredMagnitudeID>
  <creationInfo>
    <agencyURI>smi:smi-registry/organization/EMSC</agencyURI>
    <authorURI>smi:smi-registry/organization/EMSC</authorURI>
    <creationTime>2014-12-10T10:34:10.18582Z</creationTime>
  </creationInfo>
  <description>
    <text>WESTERN TURKEY</text>
    <type>Flinn-Engdahl region</type>
  </description>
  <origin publicID="quakeml:eu.emsc/event/20001012_0000013/origin/1443321">
    <time>
      <value>2000-10-12T20:26:33.8Z</value>
    </time>
    <latitude>
      <value>37.962</value>
      <uncertainty>9999.9</uncertainty>
    </latitude>
    <longitude>
      <value>28.936</value>
      <uncertainty>9999.9</uncertainty>
    </longitude>
    <depth>
      <value>10000</value>
    </depth>
    <depthType>from location</depthType>
    <methodID>smi:eu.emsc-csem/origin_method/NA</methodID>
    <quality>
      <usedPhaseCount>5</usedPhaseCount>
      <usedStationCount>4</usedStationCount>
      <standardError>2.13</standardError>
      <azimuthalGap>123</azimuthalGap>
      <minimumDistance>0.59</minimumDistance>
      <maximumDistance>1.4</maximumDistance>
    </quality>
    <evaluationMode>manual</evaluationMode>
    <creationInfo>
      <agencyURI>smi:smi-registry/organization/EMSC</agencyURI>
      <authorURI>smi:smi-registry/organization/EMSC</authorURI>
    </creationInfo>
    <originUncertainty>
      <azimuthMaxHorizontalUncertainty>-99</azimuthMaxHorizontalUncertainty>
    </originUncertainty>
  </origin>
  <magnitude publicID="quakeml:eu.emsc/event/20001012_0000013/origin/1443321/mag/2">
    <mag>
      <value>3.1</value>
    </mag>
    <type>MD</type>
    <originID>quakeml:eu.emsc/event/20001012_0000013/origin/1443321</originID>
    <creationInfo>
      <agencyURI>smi:smi-registry/organization/EMSC</agencyURI>
      <authorURI>smi:smi-registry/organization/EMSC</authorURI>
    </creationInfo>
  </magnitude>
</event>
<event publicID="quakeml:eu.emsc/event/20001012_0000025">
  <preferredOriginID>quakeml:eu.emsc/event/20001012_0000025/origin/1443323</preferredOriginID>
  <preferredMagnitudeID>quakeml:eu.emsc/event/20001012_0000025/origin/1443323/mag/2</preferredMagnitudeID>
  <creationInfo>
    <agencyURI>smi:smi-registry/organization/EMSC</agencyURI>
    <authorURI>smi:smi-registry/organization/EMSC</authorURI>
    <creationTime>2014-12-10T14:08:02.903088Z</creationTime>
  </creationInfo>
  <description>
    <text>NORTHERN ITALY</text>
    <type>Flinn-Engdahl region</type>
  </description>
  <origin publicID="quakeml:eu.emsc/event/20001012_0000025/origin/1443323">
    <time>
      <value>2000-10-12T20:23:07.4Z</value>
    </time>
    <latitude>
      <value>44.2683</value>
      <uncertainty>9999.9</uncertainty>
    </latitude>
    <longitude>
      <value>7.4688</value>
      <uncertainty>9999.9</uncertainty>
    </longitude>
    <depth>
      <value>10100.0</value>
    </depth>
    <depthType>from location</depthType>
    <methodID>smi:eu.emsc-csem/origin_method/NA</methodID>
    <quality>
      <usedPhaseCount>9</usedPhaseCount>
      <usedStationCount>5</usedStationCount>
      <standardError>6.1</standardError>
      <azimuthalGap>231</azimuthalGap>
      <minimumDistance>0.05</minimumDistance>
      <maximumDistance>0.58</maximumDistance>
    </quality>
    <evaluationMode>manual</evaluationMode>
    <creationInfo>
      <agencyURI>smi:smi-registry/organization/EMSC</agencyURI>
      <authorURI>smi:smi-registry/organization/EMSC</authorURI>
    </creationInfo>
    <originUncertainty>
      <azimuthMaxHorizontalUncertainty>-99</azimuthMaxHorizontalUncertainty>
    </originUncertainty>
  </origin>
  <magnitude publicID="quakeml:eu.emsc/event/20001012_0000025/origin/1443323/mag/2">
    <mag>
      <value>1.9</value>
    </mag>
    <type>ML</type>
    <originID>quakeml:eu.emsc/event/20001012_0000025/origin/1443323</originID>
    <creationInfo>
      <agencyURI>smi:smi-registry/organization/EMSC</agencyURI>
      <authorURI>smi:smi-registry/organization/EMSC</authorURI>
    </creationInfo>
  </magnitude>
</event>
<event publicID="quakeml:eu.emsc/event/20001012_0000022">
  <preferredOriginID>quakeml:eu.emsc/event/20001012_0000022/origin/1443325</preferredOriginID>
  <preferredMagnitudeID>quakeml:eu.emsc/event/20001012_0000022/origin/1443325/mag/2</preferredMagnitudeID>
  <creationInfo>
    <agencyURI>smi:smi-registry/organization/EMSC</agencyURI>
    <authorURI>smi:smi-registry/organization/EMSC</authorURI>
    <creationTime>2014-12-10T13:14:13.67696Z</creationTime>
  </creationInfo>
  <description>
    <text>NORTHERN ITALY</text>
    <type>Flinn-Engdahl region</type>
  </description>
  <origin publicID="quakeml:eu.emsc/event/20001012_0000022/origin/1443325">
    <time>
      <value>2000-10-12T20:23:00.6Z</value>
    </time>
    <latitude>
      <value>44.2403</value>
      <uncertainty>9999.9</uncertainty>
    </latitude>
    <longitude>
      <value>7.432</value>
      <uncertainty>9999.9</uncertainty>
    </longitude>
    <depth>
      <value>9900.0</value>
    </depth>
    <depthType>from location</depthType>
    <methodID>smi:eu.emsc-csem/origin_method/NA</methodID>
    <quality>
      <usedPhaseCount>16</usedPhaseCount>
      <usedStationCount>9</usedStationCount>
      <standardError>8.46</standardError>
      <azimuthalGap>77</azimuthalGap>
      <minimumDistance>0.02</minimumDistance>
      <maximumDistance>0.85</maximumDistance>
    </quality>
    <evaluationMode>manual</evaluationMode>
    <creationInfo>
      <agencyURI>smi:smi-registry/organization/EMSC</agencyURI>
      <authorURI>smi:smi-registry/organization/EMSC</authorURI>
    </creationInfo>
    <originUncertainty>
      <azimuthMaxHorizontalUncertainty>-99</azimuthMaxHorizontalUncertainty>
    </originUncertainty>
  </origin>
  <magnitude publicID="quakeml:eu.emsc/event/20001012_0000022/origin/1443325/mag/2">
    <mag>
      <value>2.1</value>
    </mag>
    <type>ML</type>
    <originID>quakeml:eu.emsc/event/20001012_0000022/origin/1443325</originID>
    <creationInfo>
      <agencyURI>smi:smi-registry/organization/EMSC</agencyURI>
      <authorURI>smi:smi-registry/organization/EMSC</authorURI>
    </creationInfo>
  </magnitude>
</event>
<event publicID="quakeml:eu.emsc/event/20001012_0000019">
  <preferredOriginID>quakeml:eu.emsc/event/20001012_0000019/origin/1443327</preferredOriginID>
  <preferredMagnitudeID>quakeml:eu.emsc/event/20001012_0000019/origin/1443327/mag/2</preferredMagnitudeID>
  <creationInfo>
    <agencyURI>smi:smi-registry/organization/EMSC</agencyURI>
    <authorURI>smi:smi-registry/organization/EMSC</authorURI>
    <creationTime>2014-12-10T13:14:13.185303Z</creationTime>
  </creationInfo>
  <description>
    <text>NORTHERN ITALY</text>
    <type>Flinn-Engdahl region</type>
  </description>
  <origin publicID="quakeml:eu.emsc/event/20001012_0000019/origin/1443327">
    <time>
      <value>2000-10-12T18:34:39.1Z</value>
    </time>
    <latitude>
      <value>44.2902</value>
      <uncertainty>9999.9</uncertainty>
    </latitude>
    <longitude>
      <value>7.464</value>
      <uncertainty>9999.9</uncertainty>
    </longitude>
    <depth>
      <value>900.0</value>
    </depth>
    <depthType>from location</depthType>
    <methodID>smi:eu.emsc-csem/origin_method/NA</methodID>
    <quality>
      <usedPhaseCount>17</usedPhaseCount>
      <usedStationCount>9</usedStationCount>
      <standardError>4.56</standardError>
      <azimuthalGap>83</azimuthalGap>
      <minimumDistance>0.07</minimumDistance>
      <maximumDistance>0.81</maximumDistance>
    </quality>
    <evaluationMode>manual</evaluationMode>
    <creationInfo>
      <agencyURI>smi:smi-registry/organization/EMSC</agencyURI>
      <authorURI>smi:smi-registry/organization/EMSC</authorURI>
    </creationInfo>
    <originUncertainty>
      <azimuthMaxHorizontalUncertainty>-99</azimuthMaxHorizontalUncertainty>
    </originUncertainty>
  </origin>
  <magnitude publicID="quakeml:eu.emsc/event/20001012_0000019/origin/1443327/mag/2">
    <mag>
      <value>2.2</value>
    </mag>
    <type>ML</type>
    <originID>quakeml:eu.emsc/event/20001012_0000019/origin/1443327</originID>
    <creationInfo>
      <agencyURI>smi:smi-registry/organization/EMSC</agencyURI>
      <authorURI>smi:smi-registry/organization/EMSC</authorURI>
    </creationInfo>
  </magnitude>
</event>
<event publicID="quakeml:eu.emsc/event/20001012_0000017">
  <preferredOriginID>quakeml:eu.emsc/event/20001012_0000017/origin/1443329</preferredOriginID>
  <preferredMagnitudeID>quakeml:eu.emsc/event/20001012_0000017/origin/1443329/mag/2</preferredMagnitudeID>
  <creationInfo>
    <agencyURI>smi:smi-registry/organization/EMSC</agencyURI>
    <authorURI>smi:smi-registry/organization/EMSC</authorURI>
    <creationTime>2014-12-10T13:14:12.690749Z</creationTime>
  </creationInfo>
  <description>
    <text>FRANCE</text>
    <type>Flinn-Engdahl region</type>
  </description>
  <origin publicID="quakeml:eu.emsc/event/20001012_0000017/origin/1443329">
    <time>
      <value>2000-10-12T18:01:14.9Z</value>
    </time>
    <latitude>
      <value>46.6807</value>
      <uncertainty>9999.9</uncertainty>
    </latitude>
    <longitude>
      <value>-0.1169</value>
      <uncertainty>9999.9</uncertainty>
    </longitude>
    <depth>
      <value>2000</value>
    </depth>
    <depthType>from location</depthType>
    <methodID>smi:eu.emsc-csem/origin_method/NA</methodID>
    <quality>
      <usedPhaseCount>15</usedPhaseCount>
      <usedStationCount>8</usedStationCount>
      <standardError>1.53</standardError>
      <azimuthalGap>149</azimuthalGap>
      <minimumDistance>0.08</minimumDistance>
      <maximumDistance>2.33</maximumDistance>
    </quality>
    <evaluationMode>manual</evaluationMode>
    <creationInfo>
      <agencyURI>smi:smi-registry/organization/EMSC</agencyURI>
      <authorURI>smi:smi-registry/organization/EMSC</authorURI>
    </creationInfo>
    <originUncertainty>
      <azimuthMaxHorizontalUncertainty>-99</azimuthMaxHorizontalUncertainty>
    </originUncertainty>
  </origin>
  <magnitude publicID="quakeml:eu.emsc/event/20001012_0000017/origin/1443329/mag/2">
    <mag>
      <value>2.2</value>
    </mag>
    <type>ML</type>
    <originID>quakeml:eu.emsc/event/20001012_0000017/origin/1443329</originID>
    <stationCount>8</stationCount>
    <creationInfo>
      <agencyURI>smi:smi-registry/organization/EMSC</agencyURI>
      <authorURI>smi:smi-registry/organization/EMSC</authorURI>
    </creationInfo>
  </magnitude>
</event>
<event publicID="quakeml:eu.emsc/event/20001012_0000012">
  <preferredOriginID>quakeml:eu.emsc/event/20001012_0000012/origin/1443331</preferredOriginID>
  <preferredMagnitudeID>quakeml:eu.emsc/event/20001012_0000012/origin/1443331/mag/2</preferredMagnitudeID>
  <creationInfo>
    <agencyURI>smi:smi-registry/organization/EMSC</agencyURI>
    <authorURI>smi:smi-registry/organization/EMSC</authorURI>
    <creationTime>2014-12-10T10:34:08.245245Z</creationTime>
  </creationInfo>
  <description>
    <text>WESTERN TURKEY</text>
    <type>Flinn-Engdahl region</type>
  </description>
  <origin publicID="quakeml:eu.emsc/event/20001012_0000012/origin/1443331">
    <time>
      <value>2000-10-12T17:56:32.3Z</value>
    </time>
    <latitude>
      <value>40.744</value>
      <uncertainty>9999.9</uncertainty>
    </latitude>
    <longitude>
      <value>27.507</value>
      <uncertainty>9999.9</uncertainty>
    </longitude>
    <depth>
      <value>8000</value>
    </depth>
    <depthType>from location</depthType>
    <methodID>smi:eu.emsc-csem/origin_method/NA</methodID>
    <quality>
      <usedPhaseCount>11</usedPhaseCount>
      <usedStationCount>8</usedStationCount>
      <standardError>0.8</standardError>
      <azimuthalGap>209</azimuthalGap>
      <minimumDistance>0.48</minimumDistance>
      <maximumDistance>1.64</maximumDistance>
    </quality>
    <evaluationMode>manual</evaluationMode>
    <creationInfo>
      <agencyURI>smi:smi-registry/organization/EMSC</agencyURI>
      <authorURI>smi:smi-registry/organization/EMSC</authorURI>
    </creationInfo>
    <originUncertainty>
      <azimuthMaxHorizontalUncertainty>-99</azimuthMaxHorizontalUncertainty>
    </originUncertainty>
  </origin>
  <magnitude publicID="quakeml:eu.emsc/event/20001012_0000012/origin/1443331/mag/2">
    <mag>
      <value>3</value>
    </mag>
    <type>MD</type>
    <originID>quakeml:eu.emsc/event/20001012_0000012/origin/1443331</originID>
    <creationInfo>
      <agencyURI>smi:smi-registry/organization/EMSC</agencyURI>
      <authorURI>smi:smi-registry/organization/EMSC</authorURI>
    </creationInfo>
  </magnitude>
</event>
<event publicID="quakeml:eu.emsc/event/20001012_0000020">
  <preferredOriginID>quakeml:eu.emsc/event/20001012_0000020/origin/1440995</preferredOriginID>
  <preferredMagnitudeID>quakeml:eu.emsc/event/20001012_0000020/origin/1440995/mag/1</preferredMagnitudeID>
  <creationInfo>
    <agencyURI>smi:smi-registry/organization/EMSC</agencyURI>
    <authorURI>smi:smi-registry/organization/EMSC</authorURI>
    <creationTime>2014-12-03T16:19:22.864822Z</creationTime>
  </creationInfo>
  <description>
    <text>PYRENEES</text>
    <type>Flinn-Engdahl region</type>
  </description>
  <origin publicID="quakeml:eu.emsc/event/20001012_0000020/origin/1440995">
    <time>
      <value>2000-10-12T17:16:09.1Z</value>
      <uncertainty>0.14</uncertainty>
    </time>
    <latitude>
      <value>42.8739</value>
      <uncertainty>3.7</uncertainty>
    </latitude>
    <longitude>
      <value>-0.2662</value>
      <uncertainty>1.9</uncertainty>
    </longitude>
    <depth>
      <value>10000</value>
    </depth>
    <depthType>from location</depthType>
    <methodID>smi:eu.emsc-csem/origin_method/NA</methodID>
    <quality>
      <usedPhaseCount>31</usedPhaseCount>
      <usedStationCount>16</usedStationCount>
      <standardError>0.67</standardError>
      <azimuthalGap>113</azimuthalGap>
      <minimumDistance>0.21</minimumDistance>
      <maximumDistance>2.65</maximumDistance>
    </quality>
    <evaluationMode>manual</evaluationMode>
    <creationInfo>
      <agencyURI>smi:smi-registry/organization/EMSC</agencyURI>
      <authorURI>smi:smi-registry/organization/EMSC</authorURI>
    </creationInfo>
    <originUncertainty>
      <azimuthMaxHorizontalUncertainty>2</azimuthMaxHorizontalUncertainty>
    </originUncertainty>
  </origin>
  <magnitude publicID="quakeml:eu.emsc/event/20001012_0000020/origin/1440995/mag/1">
    <mag>
      <value>2.1</value>
      <uncertainty>0.4</uncertainty>
    </mag>
    <type>ML</type>
    <originID>quakeml:eu.emsc/event/20001012_0000020/origin/1440995</originID>
    <stationCount>9</stationCount>
    <creationInfo>
      <agencyURI>smi:smi-registry/organization/EMSC</agencyURI>
      <authorURI>smi:smi-registry/organization/EMSC</authorURI>
    </creationInfo>
  </magnitude>
</event>
<event publicID="quakeml:eu.emsc/event/20001012_0000016">
  <preferredOriginID>quakeml:eu.emsc/event/20001012_0000016/origin/1443333</preferredOriginID>
  <preferredMagnitudeID>quakeml:eu.emsc/event/20001012_0000016/origin/1443333/mag/2</preferredMagnitudeID>
  <creationInfo>
    <agencyURI>smi:smi-registry/organization/EMSC</agencyURI>
    <authorURI>smi:smi-registry/organization/EMSC</authorURI>
    <creationTime>2014-12-10T13:14:12.199255Z</creationTime>
  </creationInfo>
  <description>
    <text>NORTHERN ITALY</text>
    <type>Flinn-Engdahl region</type>
  </description>
  <origin publicID="quakeml:eu.emsc/event/20001012_0000016/origin/1443333">
    <time>
      <value>2000-10-12T16:34:19.8Z</value>
    </time>
    <latitude>
      <value>44.2757</value>
      <uncertainty>9999.9</uncertainty>
    </latitude>
    <longitude>
      <value>7.45</value>
      <uncertainty>9999.9</uncertainty>
    </longitude>
    <depth>
      <value>3300.0</value>
    </depth>
    <depthType>from location</depthType>
    <methodID>smi:eu.emsc-csem/origin_method/NA</methodID>
    <quality>
      <usedPhaseCount>16</usedPhaseCount>
      <usedStationCount>9</usedStationCount>
      <standardError>2.71</standardError>
      <azimuthalGap>96</azimuthalGap>
      <minimumDistance>0.05</minimumDistance>
      <maximumDistance>0.57</maximumDistance>
    </quality>
    <evaluationMode>manual</evaluationMode>
    <creationInfo>
      <agencyURI>smi:smi-registry/organization/EMSC</agencyURI>
      <authorURI>smi:smi-registry/organization/EMSC</authorURI>
    </creationInfo>
    <originUncertainty>
      <azimuthMaxHorizontalUncertainty>-99</azimuthMaxHorizontalUncertainty>
    </originUncertainty>
  </origin>
  <magnitude publicID="quakeml:eu.emsc/event/20001012_0000016/origin/1443333/mag/2">
    <mag>
      <value>2.1</value>
    </mag>
    <type>ML</type>
    <originID>quakeml:eu.emsc/event/20001012_0000016/origin/1443333</originID>
    <creationInfo>
      <agencyURI>smi:smi-registry/organization/EMSC</agencyURI>
      <authorURI>smi:smi-registry/organization/EMSC</authorURI>
    </creationInfo>
  </magnitude>
</event>
<event publicID="quakeml:eu.emsc/event/20001012_0000011">
  <preferredOriginID>quakeml:eu.emsc/event/20001012_0000011/origin/1441376</preferredOriginID>
  <preferredMagnitudeID>quakeml:eu.emsc/event/20001012_0000011/origin/1441376/mag/2</preferredMagnitudeID>
  <creationInfo>
    <agencyURI>smi:smi-registry/organization/EMSC</agencyURI>
    <authorURI>smi:smi-registry/organization/EMSC</authorURI>
    <creationTime>2014-12-03T11:15:22.65586Z</creationTime>
  </creationInfo>
  <description>
    <text>STRAIT OF GIBRALTAR</text>
    <type>Flinn-Engdahl region</type>
  </description>
  <origin publicID="quakeml:eu.emsc/event/20001012_0000011/origin/1441376">
    <time>
      <value>2000-10-12T16:14:41.1Z</value>
      <uncertainty>0.1</uncertainty>
    </time>
    <latitude>
      <value>36.8718</value>
      <uncertainty>3</uncertainty>
    </latitude>
    <longitude>
      <value>-5.0658</value>
      <uncertainty>1.9</uncertainty>
    </longitude>
    <depth>
      <value>60000</value>
    </depth>
    <depthType>from location</depthType>
    <methodID>smi:eu.emsc-csem/origin_method/NA</methodID>
    <quality>
      <usedPhaseCount>8</usedPhaseCount>
      <usedStationCount>8</usedStationCount>
      <standardError>0.18</standardError>
      <azimuthalGap>126</azimuthalGap>
      <minimumDistance>0.53</minimumDistance>
      <maximumDistance>17.52</maximumDistance>
    </quality>
    <evaluationMode>manual</evaluationMode>
    <creationInfo>
      <agencyURI>smi:smi-registry/organization/EMSC</agencyURI>
      <authorURI>smi:smi-registry/organization/EMSC</authorURI>
    </creationInfo>
    <originUncertainty>
      <azimuthMaxHorizontalUncertainty>177</azimuthMaxHorizontalUncertainty>
    </originUncertainty>
  </origin>
  <magnitude publicID="quakeml:eu.emsc/event/20001012_0000011/origin/1441376/mag/2">
    <mag>
      <value>3.7</value>
      <uncertainty>0.1</uncertainty>
    </mag>
    <type>mb</type>
    <originID>quakeml:eu.emsc/event/20001012_0000011/origin/1441376</originID>
    <stationCount>3</stationCount>
    <creationInfo>
      <agencyURI>smi:smi-registry/organization/EMSC</agencyURI>
      <authorURI>smi:smi-registry/organization/EMSC</authorURI>
    </creationInfo>
  </magnitude>
</event>
<event publicID="quakeml:eu.emsc/event/20001012_0000010">
  <preferredOriginID>quakeml:eu.emsc/event/20001012_0000010/origin/1441379</preferredOriginID>
  <preferredMagnitudeID>quakeml:eu.emsc/event/20001012_0000010/origin/1441379/mag/2</preferredMagnitudeID>
  <creationInfo>
    <agencyURI>smi:smi-registry/organization/EMSC</agencyURI>
    <authorURI>smi:smi-registry/organization/EMSC</authorURI>
    <creationTime>2014-12-03T10:42:41.359707Z</creationTime>
  </creationInfo>
  <description>
    <text>ROMANIA</text>
    <type>Flinn-Engdahl region</type>
  </description>
  <origin publicID="quakeml:eu.emsc/event/20001012_0000010/origin/1441379">
    <time>
      <value>2000-10-12T14:56:41.8Z</value>
      <uncertainty>0.51</uncertainty>
    </time>
    <latitude>
      <value>45.6354</value>
      <uncertainty>10.2</uncertainty>
    </latitude>
    <longitude>
      <value>26.6062</value>
      <uncertainty>6.6</uncertainty>
    </longitude>
    <depth>
      <value>141100.0</value>
      <uncertainty>4.2</uncertainty>
    </depth>
    <depthType>from location</depthType>
    <methodID>smi:eu.emsc-csem/origin_method/NA</methodID>
    <quality>
      <usedPhaseCount>23</usedPhaseCount>
      <usedStationCount>17</usedStationCount>
      <standardError>0.77</standardError>
      <azimuthalGap>129</azimuthalGap>
      <minimumDistance>0.25</minimumDistance>
      <maximumDistance>4.55</maximumDistance>
    </quality>
    <evaluationMode>manual</evaluationMode>
    <creationInfo>
      <agencyURI>smi:smi-registry/organization/EMSC</agencyURI>
      <authorURI>smi:smi-registry/organization/EMSC</authorURI>
    </creationInfo>
    <originUncertainty>
      <azimuthMaxHorizontalUncertainty>164</azimuthMaxHorizontalUncertainty>
    </originUncertainty>
  </origin>
  <magnitude publicID="quakeml:eu.emsc/event/20001012_0000010/origin/1441379/mag/2">
    <mag>
      <value>4.2</value>
    </mag>
    <type>MD</type>
    <originID>quakeml:eu.emsc/event/20001012_0000010/origin/1441379</originID>
    <stationCount>5</stationCount>
    <creationInfo>
      <agencyURI>smi:smi-registry/organization/EMSC</agencyURI>
      <authorURI>smi:smi-registry/organization/EMSC</authorURI>
    </creationInfo>
  </magnitude>
</event>
<event publicID="quakeml:eu.emsc/event/20001012_0000008">
  <preferredOriginID>quakeml:eu.emsc/event/20001012_0000008/origin/1443335</preferredOriginID>
  <preferredMagnitudeID>quakeml:eu.emsc/event/20001012_0000008/origin/1443335/mag/2</preferredMagnitudeID>
  <creationInfo>
    <agencyURI>smi:smi-registry/organization/EMSC</agencyURI>
    <authorURI>smi:smi-registry/organization/EMSC</authorURI>
    <creationTime>2014-12-10T10:33:58.986375Z</creationTime>
  </creationInfo>
  <description>
    <text>WESTERN TURKEY</text>
    <type>Flinn-Engdahl region</type>
  </description>
  <origin publicID="quakeml:eu.emsc/event/20001012_0000008/origin/1443335">
    <time>
      <value>2000-10-12T11:48:00.4Z</value>
    </time>
    <latitude>
      <value>38.572</value>
      <uncertainty>9999.9</uncertainty>
    </latitude>
    <longitude>
      <value>28.62</value>
      <uncertainty>9999.9</uncertainty>
    </longitude>
    <depth>
      <value>6000</value>
    </depth>
    <depthType>from location</depthType>
    <methodID>smi:eu.emsc-csem/origin_method/NA</methodID>
    <quality>
      <usedPhaseCount>9</usedPhaseCount>
      <usedStationCount>7</usedStationCount>
      <standardError>0.62</standardError>
      <azimuthalGap>88</azimuthalGap>
      <minimumDistance>0.76</minimumDistance>
      <maximumDistance>1.88</maximumDistance>
    </quality>
    <evaluationMode>manual</evaluationMode>
    <creationInfo>
      <agencyURI>smi:smi-registry/organization/EMSC</agencyURI>
      <authorURI>smi:smi-registry/organization/EMSC</authorURI>
    </creationInfo>
    <originUncertainty>
      <azimuthMaxHorizontalUncertainty>-99</azimuthMaxHorizontalUncertainty>
    </originUncertainty>
  </origin>
  <magnitude publicID="quakeml:eu.emsc/event/20001012_0000008/origin/1443335/mag/2">
    <mag>
      <value>3</value>
    </mag>
    <type>MD</type>
    <originID>quakeml:eu.emsc/event/20001012_0000008/origin/1443335</originID>
    <creationInfo>
      <agencyURI>smi:smi-registry/organization/EMSC</agencyURI>
      <authorURI>smi:smi-registry/organization/EMSC</authorURI>
    </creationInfo>
  </magnitude>
</event>
<event publicID="quakeml:eu.emsc/event/20001012_0000007">
  <preferredOriginID>quakeml:eu.emsc/event/20001012_0000007/origin/1443337</preferredOriginID>
  <preferredMagnitudeID>quakeml:eu.emsc/event/20001012_0000007/origin/1443337/mag/2</preferredMagnitudeID>
  <creationInfo>
    <agencyURI>smi:smi-registry/organization/EMSC</agencyURI>
    <authorURI>smi:smi-registry/organization/EMSC</authorURI>
    <creationTime>2014-12-10T10:33:57.71Z</creationTime>
  </creationInfo>
  <description>
    <text>CANARY ISLANDS, SPAIN REGION</text>
    <type>Flinn-Engdahl region</type>
  </description>
  <origin publicID="quakeml:eu.emsc/event/20001012_0000007/origin/1443337">
    <time>
      <value>2000-10-12T09:41:43.5Z</value>
    </time>
    <latitude>
      <value>27.4821</value>
      <uncertainty>9999.9</uncertainty>
    </latitude>
    <longitude>
      <value>-15.6313</value>
      <uncertainty>9999.9</uncertainty>
    </longitude>
    <depth>
      <value>44000</value>
    </depth>
    <depthType>from location</depthType>
    <methodID>smi:eu.emsc-csem/origin_method/NA</methodID>
    <quality>
      <usedPhaseCount>10</usedPhaseCount>
      <usedStationCount>5</usedStationCount>
      <standardError>1.34</standardError>
      <azimuthalGap>221</azimuthalGap>
      <minimumDistance>1.13</minimumDistance>
      <maximumDistance>2.49</maximumDistance>
    </quality>
    <evaluationMode>manual</evaluationMode>
    <creationInfo>
      <agencyURI>smi:smi-registry/organization/EMSC</agencyURI>
      <authorURI>smi:smi-registry/organization/EMSC</authorURI>
    </creationInfo>
    <originUncertainty>
      <azimuthMaxHorizontalUncertainty>-99</azimuthMaxHorizontalUncertainty>
    </originUncertainty>
  </origin>
  <magnitude publicID="quakeml:eu.emsc/event/20001012_0000007/origin/1443337/mag/2">
    <mag>
      <value>4.2</value>
    </mag>
    <type>mb</type>
    <originID>quakeml:eu.emsc/event/20001012_0000007/origin/1443337</originID>
    <stationCount>1</stationCount>
    <creationInfo>
      <agencyURI>smi:smi-registry/organization/EMSC</agencyURI>
      <authorURI>smi:smi-registry/organization/EMSC</authorURI>
    </creationInfo>
  </magnitude>
</event>
<event publicID="quakeml:eu.emsc/event/20001012_0000006">
  <preferredOriginID>quakeml:eu.emsc/event/20001012_0000006/origin/1441384</preferredOriginID>
  <preferredMagnitudeID>quakeml:eu.emsc/event/20001012_0000006/origin/1441384/mag/2</preferredMagnitudeID>
  <creationInfo>
    <agencyURI>smi:smi-registry/organization/EMSC</agencyURI>
    <authorURI>smi:smi-registry/organization/EMSC</authorURI>
    <creationTime>2014-12-03T12:01:44.294199Z</creationTime>
  </creationInfo>
  <description>
    <text>IONIAN SEA</text>
    <type>Flinn-Engdahl region</type>
  </description>
  <origin publicID="quakeml:eu.emsc/event/20001012_0000006/origin/1441384">
    <time>
      <value>2000-10-12T06:59:03.4Z</value>
      <uncertainty>0.37</uncertainty>
    </time>
    <latitude>
      <value>37.4731</value>
      <uncertainty>8.2</uncertainty>
    </latitude>
    <longitude>
      <value>20.5917</value>
      <uncertainty>5.6</uncertainty>
    </longitude>
    <depth>
      <value>600.0</value>
      <uncertainty>1.3</uncertainty>
    </depth>
    <depthType>from location</depthType>
    <methodID>smi:eu.emsc-csem/origin_method/NA</methodID>
    <quality>
      <usedPhaseCount>34</usedPhaseCount>
      <usedStationCount>31</usedStationCount>
      <standardError>1.05</standardError>
      <azimuthalGap>142</azimuthalGap>
      <minimumDistance>0.7</minimumDistance>
      <maximumDistance>5.49</maximumDistance>
    </quality>
    <evaluationMode>manual</evaluationMode>
    <creationInfo>
      <agencyURI>smi:smi-registry/organization/EMSC</agencyURI>
      <authorURI>smi:smi-registry/organization/EMSC</authorURI>
    </creationInfo>
    <originUncertainty>
      <azimuthMaxHorizontalUncertainty>36</azimuthMaxHorizontalUncertainty>
    </originUncertainty>
  </origin>
  <magnitude publicID="quakeml:eu.emsc/event/20001012_0000006/origin/1441384/mag/2">
    <mag>
      <value>3.8</value>
    </mag>
    <type>ML</type>
    <originID>quakeml:eu.emsc/event/20001012_0000006/origin/1441384</originID>
    <creationInfo>
      <agencyURI>smi:smi-registry/organization/EMSC</agencyURI>
      <authorURI>smi:smi-registry/organization/EMSC</authorURI>
    </creationInfo>
  </magnitude>
</event>
<event publicID="quakeml:eu.emsc/event/20001012_0000023">
  <preferredOriginID>quakeml:eu.emsc/event/20001012_0000023/origin/1443339</preferredOriginID>
  <preferredMagnitudeID>quakeml:eu.emsc/event/20001012_0000023/origin/1443339/mag/2</preferredMagnitudeID>
  <creationInfo>
    <agencyURI>smi:smi-registry/organization/EMSC</agencyURI>
    <authorURI>smi:smi-registry/organization/EMSC</authorURI>
    <creationTime>2014-12-10T13:14:11.706242Z</creationTime>
  </creationInfo>
  <description>
    <text>NORTHERN ITALY</text>
    <type>Flinn-Engdahl region</type>
  </description>
  <origin publicID="quakeml:eu.emsc/event/20001012_0000023/origin/1443339">
    <time>
      <value>2000-10-12T06:35:30.2Z</value>
    </time>
    <latitude>
      <value>44.6218</value>
      <uncertainty>9999.9</uncertainty>
    </latitude>
    <longitude>
      <value>7.617</value>
      <uncertainty>9999.9</uncertainty>
    </longitude>
    <depth>
      <value>9000</value>
    </depth>
    <depthType>from location</depthType>
    <methodID>smi:eu.emsc-csem/origin_method/NA</methodID>
    <quality>
      <usedPhaseCount>13</usedPhaseCount>
      <usedStationCount>7</usedStationCount>
      <standardError>6.01</standardError>
      <azimuthalGap>179</azimuthalGap>
      <minimumDistance>0.31</minimumDistance>
      <maximumDistance>0.74</maximumDistance>
    </quality>
    <evaluationMode>manual</evaluationMode>
    <creationInfo>
      <agencyURI>smi:smi-registry/organization/EMSC</agencyURI>
      <authorURI>smi:smi-registry/organization/EMSC</authorURI>
    </creationInfo>
    <originUncertainty>
      <azimuthMaxHorizontalUncertainty>-99</azimuthMaxHorizontalUncertainty>
    </originUncertainty>
  </origin>
  <magnitude publicID="quakeml:eu.emsc/event/20001012_0000023/origin/1443339/mag/2">
    <mag>
      <value>2.1</value>
    </mag>
    <type>ML</type>
    <originID>quakeml:eu.emsc/event/20001012_0000023/origin/1443339</originID>
    <creationInfo>
      <agencyURI>smi:smi-registry/organization/EMSC</agencyURI>
      <authorURI>smi:smi-registry/organization/EMSC</authorURI>
    </creationInfo>
  </magnitude>
</event>
<event publicID="quakeml:eu.emsc/event/20001012_0000004">
  <preferredOriginID>quakeml:eu.emsc/event/20001012_0000004/origin/1441390</preferredOriginID>
  <preferredMagnitudeID>quakeml:eu.emsc/event/20001012_0000004/origin/1441390/mag/2</preferredMagnitudeID>
  <creationInfo>
    <agencyURI>smi:smi-registry/organization/EMSC</agencyURI>
    <authorURI>smi:smi-registry/organization/EMSC</authorURI>
    <creationTime>2014-12-03T12:12:48.699536Z</creationTime>
  </creationInfo>
  <description>
    <text>NORTHERN ITALY</text>
    <type>Flinn-Engdahl region</type>
  </description>
  <origin publicID="quakeml:eu.emsc/event/20001012_0000004/origin/1441390">
    <time>
      <value>2000-10-12T06:19:30.4Z</value>
      <uncertainty>0.13</uncertainty>
    </time>
    <latitude>
      <value>44.8081</value>
      <uncertainty>3.6</uncertainty>
    </latitude>
    <longitude>
      <value>8.3842</value>
      <uncertainty>2</uncertainty>
    </longitude>
    <depth>
      <value>10000</value>
    </depth>
    <depthType>from location</depthType>
    <methodID>smi:eu.emsc-csem/origin_method/NA</methodID>
    <quality>
      <usedPhaseCount>62</usedPhaseCount>
      <usedStationCount>53</usedStationCount>
      <standardError>0.83</standardError>
      <azimuthalGap>76</azimuthalGap>
      <minimumDistance>0.61</minimumDistance>
      <maximumDistance>3.69</maximumDistance>
    </quality>
    <evaluationMode>manual</evaluationMode>
    <creationInfo>
      <agencyURI>smi:smi-registry/organization/EMSC</agencyURI>
      <authorURI>smi:smi-registry/organization/EMSC</authorURI>
    </creationInfo>
    <originUncertainty>
      <azimuthMaxHorizontalUncertainty>117</azimuthMaxHorizontalUncertainty>
    </originUncertainty>
  </origin>
  <magnitude publicID="quakeml:eu.emsc/event/20001012_0000004/origin/1441390/mag/2">
    <mag>
      <value>3.2</value>
    </mag>
    <type>ML</type>
    <originID>quakeml:eu.emsc/event/20001012_0000004/origin/1441390</originID>
    <creationInfo>
      <agencyURI>smi:smi-registry/organization/EMSC</agencyURI>
      <authorURI>smi:smi-registry/organization/EMSC</authorURI>
    </creationInfo>
  </magnitude>
</event>
<event publicID="quakeml:eu.emsc/event/20001012_0000003">
  <preferredOriginID>quakeml:eu.emsc/event/20001012_0000003/origin/1441395</preferredOriginID>
  <preferredMagnitudeID>quakeml:eu.emsc/event/20001012_0000003/origin/1441395/mag/2</preferredMagnitudeID>
  <creationInfo>
    <agencyURI>smi:smi-registry/organization/EMSC</agencyURI>
    <authorURI>smi:smi-registry/organization/EMSC</authorURI>
    <creationTime>2014-12-03T10:50:46.215635Z</creationTime>
  </creationInfo>
  <description>
    <text>GREECE</text>
    <type>Flinn-Engdahl region</type>
  </description>
  <origin publicID="quakeml:eu.emsc/event/20001012_0000003/origin/1441395">
    <time>
      <value>2000-10-12T05:37:50.1Z</value>
      <uncertainty>0.23</uncertainty>
    </time>
    <latitude>
      <value>38.3852</value>
      <uncertainty>7</uncertainty>
    </latitude>
    <longitude>
      <value>21.8552</value>
      <uncertainty>4.5</uncertainty>
    </longitude>
    <depth>
      <value>2000</value>
    </depth>
    <depthType>from location</depthType>
    <methodID>smi:eu.emsc-csem/origin_method/NA</methodID>
    <quality>
      <usedPhaseCount>44</usedPhaseCount>
      <usedStationCount>32</usedStationCount>
      <standardError>1.2</standardError>
      <azimuthalGap>102</azimuthalGap>
      <minimumDistance>1</minimumDistance>
      <maximumDistance>33.2</maximumDistance>
    </quality>
    <evaluationMode>manual</evaluationMode>
    <creationInfo>
      <agencyURI>smi:smi-registry/organization/EMSC</agencyURI>
      <authorURI>smi:smi-registry/organization/EMSC</authorURI>
    </creationInfo>
    <originUncertainty>
      <azimuthMaxHorizontalUncertainty>62</azimuthMaxHorizontalUncertainty>
    </originUncertainty>
  </origin>
  <magnitude publicID="quakeml:eu.emsc/event/20001012_0000003/origin/1441395/mag/2">
    <mag>
      <value>3.8</value>
    </mag>
    <type>mb</type>
    <originID>quakeml:eu.emsc/event/20001012_0000003/origin/1441395</originID>
    <stationCount>1</stationCount>
    <creationInfo>
      <agencyURI>smi:smi-registry/organization/EMSC</agencyURI>
      <authorURI>smi:smi-registry/organization/EMSC</authorURI>
    </creationInfo>
  </magnitude>
</event>
<event publicID="quakeml:eu.emsc/event/20001012_0000001">
  <preferredOriginID>quakeml:eu.emsc/event/20001012_0000001/origin/1443341</preferredOriginID>
  <preferredMagnitudeID>quakeml:eu.emsc/event/20001012_0000001/origin/1443341/mag/2</preferredMagnitudeID>
  <creationInfo>
    <agencyURI>smi:smi-registry/organization/EMSC</agencyURI>
    <authorURI>smi:smi-registry/organization/EMSC</authorURI>
    <creationTime>2014-12-10T10:33:45.416144Z</creationTime>
  </creationInfo>
  <description>
    <text>WESTERN TURKEY</text>
    <type>Flinn-Engdahl region</type>
  </description>
  <origin publicID="quakeml:eu.emsc/event/20001012_0000001/origin/1443341">
    <time>
      <value>2000-10-12T01:39:08.4Z</value>
    </time>
    <latitude>
      <value>38.993</value>
      <uncertainty>9999.9</uncertainty>
    </latitude>
    <longitude>
      <value>29.558</value>
      <uncertainty>9999.9</uncertainty>
    </longitude>
    <depth>
      <value>9000</value>
    </depth>
    <depthType>from location</depthType>
    <methodID>smi:eu.emsc-csem/origin_method/NA</methodID>
    <quality>
      <usedPhaseCount>10</usedPhaseCount>
      <usedStationCount>9</usedStationCount>
      <standardError>0.77</standardError>
      <azimuthalGap>111</azimuthalGap>
      <minimumDistance>0.67</minimumDistance>
      <maximumDistance>1.95</maximumDistance>
    </quality>
    <evaluationMode>manual</evaluationMode>
    <creationInfo>
      <agencyURI>smi:smi-registry/organization/EMSC</agencyURI>
      <authorURI>smi:smi-registry/organization/EMSC</authorURI>
    </creationInfo>
    <originUncertainty>
      <azimuthMaxHorizontalUncertainty>-99</azimuthMaxHorizontalUncertainty>
    </originUncertainty>
  </origin>
  <magnitude publicID="quakeml:eu.emsc/event/20001012_0000001/origin/1443341/mag/2">
    <mag>
      <value>3.1</value>
    </mag>
    <type>MD</type>
    <originID>quakeml:eu.emsc/event/20001012_0000001/origin/1443341</originID>
    <creationInfo>
      <agencyURI>smi:smi-registry/organization/EMSC</agencyURI>
      <authorURI>smi:smi-registry/organization/EMSC</authorURI>
    </creationInfo>
  </magnitude>
</event>
<event publicID="quakeml:eu.emsc/event/20001012_0000021">
  <preferredOriginID>quakeml:eu.emsc/event/20001012_0000021/origin/1443343</preferredOriginID>
  <preferredMagnitudeID>quakeml:eu.emsc/event/20001012_0000021/origin/1443343/mag/2</preferredMagnitudeID>
  <creationInfo>
    <agencyURI>smi:smi-registry/organization/EMSC</agencyURI>
    <authorURI>smi:smi-registry/organization/EMSC</authorURI>
    <creationTime>2014-12-10T13:14:11.193606Z</creationTime>
  </creationInfo>
  <description>
    <text>FRANCE</text>
    <type>Flinn-Engdahl region</type>
  </description>
  <origin publicID="quakeml:eu.emsc/event/20001012_0000021/origin/1443343">
    <time>
      <value>2000-10-12T00:53:33.5Z</value>
    </time>
    <latitude>
      <value>45.5849</value>
      <uncertainty>9999.9</uncertainty>
    </latitude>
    <longitude>
      <value>3.685</value>
      <uncertainty>9999.9</uncertainty>
    </longitude>
    <depth>
      <value>2000</value>
    </depth>
    <depthType>from location</depthType>
    <methodID>smi:eu.emsc-csem/origin_method/NA</methodID>
    <quality>
      <usedPhaseCount>19</usedPhaseCount>
      <usedStationCount>10</usedStationCount>
      <standardError>0.99</standardError>
      <azimuthalGap>130</azimuthalGap>
      <minimumDistance>1.01</minimumDistance>
      <maximumDistance>1.69</maximumDistance>
    </quality>
    <evaluationMode>manual</evaluationMode>
    <creationInfo>
      <agencyURI>smi:smi-registry/organization/EMSC</agencyURI>
      <authorURI>smi:smi-registry/organization/EMSC</authorURI>
    </creationInfo>
    <originUncertainty>
      <azimuthMaxHorizontalUncertainty>-99</azimuthMaxHorizontalUncertainty>
    </originUncertainty>
  </origin>
  <magnitude publicID="quakeml:eu.emsc/event/20001012_0000021/origin/1443343/mag/2">
    <mag>
      <value>1.7</value>
    </mag>
    <type>ML</type>
    <originID>quakeml:eu.emsc/event/20001012_0000021/origin/1443343</originID>
    <stationCount>10</stationCount>
    <creationInfo>
      <agencyURI>smi:smi-registry/organization/EMSC</agencyURI>
      <authorURI>smi:smi-registry/organization/EMSC</authorURI>
    </creationInfo>
  </magnitude>
</event>
</eventParameters>
</q:quakeml>
