<?xml version="1.0"?>
<q:quakeml xmlns:q="http://quakeml.org/xmlns/quakeml/1.2"  xmlns="http://quakeml.org/xmlns/bed/1.2">
<eventParameters publicID="smi:eu.emsc/unid">
<event publicID="quakeml:eu.emsc/event/20000428_0000033">
  <preferredOriginID>quakeml:eu.emsc/event/20000428_0000033/origin/1455007</preferredOriginID>
  <preferredMagnitudeID>quakeml:eu.emsc/event/20000428_0000033/origin/1455007/mag/1</preferredMagnitudeID>
  <creationInfo>
    <agencyURI>smi:smi-registry/organization/EMSC</agencyURI>
    <authorURI>smi:smi-registry/organization/EMSC</authorURI>
    <creationTime>2014-12-03T16:34:49.54884Z</creationTime>
  </creationInfo>
  <description>
    <text>FRANCE</text>
    <type>Flinn-Engdahl region</type>
  </description>
  <origin publicID="quakeml:eu.emsc/event/20000428_0000033/origin/1455007">
    <time>
      <value>2000-04-28T21:57:46.6Z</value>
      <uncertainty>0.09</uncertainty>
    </time>
    <latitude>
      <value>45.9253</value>
      <uncertainty>1.9</uncertainty>
    </latitude>
    <longitude>
      <value>2.7438</value>
      <uncertainty>1.5</uncertainty>
    </longitude>
    <depth>
      <value>12000</value>
    </depth>
    <depthType>from location</depthType>
    <methodID>smi:eu.emsc-csem/origin_method/NA</methodID>
    <quality>
      <usedPhaseCount>28</usedPhaseCount>
      <usedStationCount>13</usedStationCount>
      <standardError>0.58</standardError>
      <azimuthalGap>55</azimuthalGap>
      <minimumDistance>0.25</minimumDistance>
      <maximumDistance>2.12</maximumDistance>
    </quality>
    <evaluationMode>manual</evaluationMode>
    <creationInfo>
      <agencyURI>smi:smi-registry/organization/EMSC</agencyURI>
      <authorURI>smi:smi-registry/organization/EMSC</authorURI>
    </creationInfo>
    <originUncertainty>
      <azimuthMaxHorizontalUncertainty>125</azimuthMaxHorizontalUncertainty>
    </originUncertainty>
  </origin>
  <magnitude publicID="quakeml:eu.emsc/event/20000428_0000033/origin/1455007/mag/1">
    <mag>
      <value>1.8</value>
      <uncertainty>0.4</uncertainty>
    </mag>
    <type>ML</type>
    <originID>quakeml:eu.emsc/event/20000428_0000033/origin/1455007</originID>
    <stationCount>9</stationCount>
    <creationInfo>
      <agencyURI>smi:smi-registry/organization/EMSC</agencyURI>
      <authorURI>smi:smi-registry/organization/EMSC</authorURI>
    </creationInfo>
  </magnitude>
</event>
<event publicID="quakeml:eu.emsc/event/20000428_0000029">
  <preferredOriginID>quakeml:eu.emsc/event/20000428_0000029/origin/1446387</preferredOriginID>
  <preferredMagnitudeID>quakeml:eu.emsc/event/20000428_0000029/origin/1446387/mag/2</preferredMagnitudeID>
  <creationInfo>
    <agencyURI>smi:smi-registry/organization/EMSC</agencyURI>
    <authorURI>smi:smi-registry/organization/EMSC</authorURI>
    <creationTime>2014-12-10T09:09:46.530919Z</creationTime>
  </creationInfo>
  <description>
    <text>WESTERN TURKEY</text>
    <type>Flinn-Engdahl region</type>
  </description>
  <origin publicID="quakeml:eu.emsc/event/20000428_0000029/origin/1446387">
    <time>
      <value>2000-04-28T20:59:53.4Z</value>
    </time>
    <latitude>
      <value>40.869</value>
      <uncertainty>9999.9</uncertainty>
    </latitude>
    <longitude>
      <value>30.935</value>
      <uncertainty>9999.9</uncertainty>
    </longitude>
    <depth>
      <value>9000</value>
    </depth>
    <depthType>from location</depthType>
    <methodID>smi:eu.emsc-csem/origin_method/NA</methodID>
    <quality>
      <usedPhaseCount>13</usedPhaseCount>
      <usedStationCount>10</usedStationCount>
      <standardError>0.77</standardError>
      <azimuthalGap>294</azimuthalGap>
      <minimumDistance>0.69</minimumDistance>
      <maximumDistance>2.55</maximumDistance>
    </quality>
    <evaluationMode>manual</evaluationMode>
    <creationInfo>
      <agencyURI>smi:smi-registry/organization/EMSC</agencyURI>
      <authorURI>smi:smi-registry/organization/EMSC</authorURI>
    </creationInfo>
    <originUncertainty>
      <azimuthMaxHorizontalUncertainty>-99</azimuthMaxHorizontalUncertainty>
    </originUncertainty>
  </origin>
  <magnitude publicID="quakeml:eu.emsc/event/20000428_0000029/origin/1446387/mag/2">
    <mag>
      <value>3.2</value>
    </mag>
    <type>MD</type>
    <originID>quakeml:eu.emsc/event/20000428_0000029/origin/1446387</originID>
    <creationInfo>
      <agencyURI>smi:smi-registry/organization/EMSC</agencyURI>
      <authorURI>smi:smi-registry/organization/EMSC</authorURI>
    </creationInfo>
  </magnitude>
</event>
<event publicID="quakeml:eu.emsc/event/20000428_0000028">
  <preferredOriginID>quakeml:eu.emsc/event/20000428_0000028/origin/1455186</preferredOriginID>
  <preferredMagnitudeID>quakeml:eu.emsc/event/20000428_0000028/origin/1455186/mag/2</preferredMagnitudeID>
  <creationInfo>
    <agencyURI>smi:smi-registry/organization/EMSC</agencyURI>
    <authorURI>smi:smi-registry/organization/EMSC</authorURI>
    <creationTime>2014-12-03T10:46:45.651067Z</creationTime>
  </creationInfo>
  <description>
    <text>CRETE, GREECE</text>
    <type>Flinn-Engdahl region</type>
  </description>
  <origin publicID="quakeml:eu.emsc/event/20000428_0000028/origin/1455186">
    <time>
      <value>2000-04-28T20:44:17.3Z</value>
      <uncertainty>0.52</uncertainty>
    </time>
    <latitude>
      <value>34.4431</value>
      <uncertainty>17.2</uncertainty>
    </latitude>
    <longitude>
      <value>23.9661</value>
      <uncertainty>10.6</uncertainty>
    </longitude>
    <depth>
      <value>80000</value>
    </depth>
    <depthType>from location</depthType>
    <methodID>smi:eu.emsc-csem/origin_method/NA</methodID>
    <quality>
      <usedPhaseCount>27</usedPhaseCount>
      <usedStationCount>27</usedStationCount>
      <standardError>1.13</standardError>
      <azimuthalGap>124</azimuthalGap>
      <minimumDistance>0.98</minimumDistance>
      <maximumDistance>46.2</maximumDistance>
    </quality>
    <evaluationMode>manual</evaluationMode>
    <creationInfo>
      <agencyURI>smi:smi-registry/organization/EMSC</agencyURI>
      <authorURI>smi:smi-registry/organization/EMSC</authorURI>
    </creationInfo>
    <originUncertainty>
      <azimuthMaxHorizontalUncertainty>1</azimuthMaxHorizontalUncertainty>
    </originUncertainty>
  </origin>
  <magnitude publicID="quakeml:eu.emsc/event/20000428_0000028/origin/1455186/mag/2">
    <mag>
      <value>4</value>
      <uncertainty>0.2</uncertainty>
    </mag>
    <type>mb</type>
    <originID>quakeml:eu.emsc/event/20000428_0000028/origin/1455186</originID>
    <stationCount>8</stationCount>
    <creationInfo>
      <agencyURI>smi:smi-registry/organization/EMSC</agencyURI>
      <authorURI>smi:smi-registry/organization/EMSC</authorURI>
    </creationInfo>
  </magnitude>
</event>
<event publicID="quakeml:eu.emsc/event/20000428_0000027">
  <preferredOriginID>quakeml:eu.emsc/event/20000428_0000027/origin/1446389</preferredOriginID>
  <preferredMagnitudeID>quakeml:eu.emsc/event/20000428_0000027/origin/1446389/mag/2</preferredMagnitudeID>
  <creationInfo>
    <agencyURI>smi:smi-registry/organization/EMSC</agencyURI>
    <authorURI>smi:smi-registry/organization/EMSC</authorURI>
    <creationTime>2014-12-10T09:09:44.3843Z</creationTime>
  </creationInfo>
  <description>
    <text>NEAR THE COAST OF NORTHERN IRAN</text>
    <type>Flinn-Engdahl region</type>
  </description>
  <origin publicID="quakeml:eu.emsc/event/20000428_0000027/origin/1446389">
    <time>
      <value>2000-04-28T20:32:51.7Z</value>
    </time>
    <latitude>
      <value>37.019</value>
      <uncertainty>9999.9</uncertainty>
    </latitude>
    <longitude>
      <value>49.568</value>
      <uncertainty>9999.9</uncertainty>
    </longitude>
    <depth>
      <value>40300.0</value>
    </depth>
    <depthType>from location</depthType>
    <methodID>smi:eu.emsc-csem/origin_method/NA</methodID>
    <quality>
      <usedPhaseCount>7</usedPhaseCount>
      <usedStationCount>6</usedStationCount>
      <standardError>4.1</standardError>
      <azimuthalGap>200</azimuthalGap>
      <minimumDistance>2.78</minimumDistance>
      <maximumDistance>29.54</maximumDistance>
    </quality>
    <evaluationMode>manual</evaluationMode>
    <creationInfo>
      <agencyURI>smi:smi-registry/organization/EMSC</agencyURI>
      <authorURI>smi:smi-registry/organization/EMSC</authorURI>
    </creationInfo>
    <originUncertainty>
      <azimuthMaxHorizontalUncertainty>-99</azimuthMaxHorizontalUncertainty>
    </originUncertainty>
  </origin>
  <magnitude publicID="quakeml:eu.emsc/event/20000428_0000027/origin/1446389/mag/2">
    <mag>
      <value>4.1</value>
    </mag>
    <type>mb</type>
    <originID>quakeml:eu.emsc/event/20000428_0000027/origin/1446389</originID>
    <stationCount>2</stationCount>
    <creationInfo>
      <agencyURI>smi:smi-registry/organization/EMSC</agencyURI>
      <authorURI>smi:smi-registry/organization/EMSC</authorURI>
    </creationInfo>
  </magnitude>
</event>
<event publicID="quakeml:eu.emsc/event/20000428_0000026">
  <preferredOriginID>quakeml:eu.emsc/event/20000428_0000026/origin/1455191</preferredOriginID>
  <preferredMagnitudeID>quakeml:eu.emsc/event/20000428_0000026/origin/1455191/mag/2</preferredMagnitudeID>
  <creationInfo>
    <agencyURI>smi:smi-registry/organization/EMSC</agencyURI>
    <authorURI>smi:smi-registry/organization/EMSC</authorURI>
    <creationTime>2014-12-03T12:03:24.814674Z</creationTime>
  </creationInfo>
  <description>
    <text>IONIAN SEA</text>
    <type>Flinn-Engdahl region</type>
  </description>
  <origin publicID="quakeml:eu.emsc/event/20000428_0000026/origin/1455191">
    <time>
      <value>2000-04-28T18:19:17.5Z</value>
      <uncertainty>0.49</uncertainty>
    </time>
    <latitude>
      <value>37.9382</value>
      <uncertainty>12.1</uncertainty>
    </latitude>
    <longitude>
      <value>19.7021</value>
      <uncertainty>7.7</uncertainty>
    </longitude>
    <depth>
      <value>2000</value>
    </depth>
    <depthType>from location</depthType>
    <methodID>smi:eu.emsc-csem/origin_method/NA</methodID>
    <quality>
      <usedPhaseCount>31</usedPhaseCount>
      <usedStationCount>29</usedStationCount>
      <standardError>1.13</standardError>
      <azimuthalGap>153</azimuthalGap>
      <minimumDistance>0.74</minimumDistance>
      <maximumDistance>24.54</maximumDistance>
    </quality>
    <evaluationMode>manual</evaluationMode>
    <creationInfo>
      <agencyURI>smi:smi-registry/organization/EMSC</agencyURI>
      <authorURI>smi:smi-registry/organization/EMSC</authorURI>
    </creationInfo>
    <originUncertainty>
      <azimuthMaxHorizontalUncertainty>10</azimuthMaxHorizontalUncertainty>
    </originUncertainty>
  </origin>
  <magnitude publicID="quakeml:eu.emsc/event/20000428_0000026/origin/1455191/mag/2">
    <mag>
      <value>4</value>
    </mag>
    <type>ML</type>
    <originID>quakeml:eu.emsc/event/20000428_0000026/origin/1455191</originID>
    <creationInfo>
      <agencyURI>smi:smi-registry/organization/EMSC</agencyURI>
      <authorURI>smi:smi-registry/organization/EMSC</authorURI>
    </creationInfo>
  </magnitude>
</event>
<event publicID="quakeml:eu.emsc/event/20000428_0000025">
  <preferredOriginID>quakeml:eu.emsc/event/20000428_0000025/origin/1455196</preferredOriginID>
  <preferredMagnitudeID>quakeml:eu.emsc/event/20000428_0000025/origin/1455196/mag/1</preferredMagnitudeID>
  <creationInfo>
    <agencyURI>smi:smi-registry/organization/EMSC</agencyURI>
    <authorURI>smi:smi-registry/organization/EMSC</authorURI>
    <creationTime>2014-12-03T12:05:15.80031Z</creationTime>
  </creationInfo>
  <description>
    <text>MOROCCO</text>
    <type>Flinn-Engdahl region</type>
  </description>
  <origin publicID="quakeml:eu.emsc/event/20000428_0000025/origin/1455196">
    <time>
      <value>2000-04-28T18:05:36.5Z</value>
      <uncertainty>0.36</uncertainty>
    </time>
    <latitude>
      <value>34.7162</value>
      <uncertainty>7.3</uncertainty>
    </latitude>
    <longitude>
      <value>-5.8385</value>
      <uncertainty>3.7</uncertainty>
    </longitude>
    <depth>
      <value>10000</value>
    </depth>
    <depthType>from location</depthType>
    <methodID>smi:eu.emsc-csem/origin_method/NA</methodID>
    <quality>
      <usedPhaseCount>82</usedPhaseCount>
      <usedStationCount>51</usedStationCount>
      <standardError>0.88</standardError>
      <azimuthalGap>264</azimuthalGap>
      <minimumDistance>1.76</minimumDistance>
      <maximumDistance>14.59</maximumDistance>
    </quality>
    <evaluationMode>manual</evaluationMode>
    <creationInfo>
      <agencyURI>smi:smi-registry/organization/EMSC</agencyURI>
      <authorURI>smi:smi-registry/organization/EMSC</authorURI>
    </creationInfo>
    <originUncertainty>
      <azimuthMaxHorizontalUncertainty>7</azimuthMaxHorizontalUncertainty>
    </originUncertainty>
  </origin>
  <magnitude publicID="quakeml:eu.emsc/event/20000428_0000025/origin/1455196/mag/1">
    <mag>
      <value>3.4</value>
      <uncertainty>0.3</uncertainty>
    </mag>
    <type>ML</type>
    <originID>quakeml:eu.emsc/event/20000428_0000025/origin/1455196</originID>
    <stationCount>14</stationCount>
    <creationInfo>
      <agencyURI>smi:smi-registry/organization/EMSC</agencyURI>
      <authorURI>smi:smi-registry/organization/EMSC</authorURI>
    </creationInfo>
  </magnitude>
</event>
<event publicID="quakeml:eu.emsc/event/20000428_0000024">
  <preferredOriginID>quakeml:eu.emsc/event/20000428_0000024/origin/1458362</preferredOriginID>
  <preferredMagnitudeID>quakeml:eu.emsc/event/20000428_0000024/origin/1458362/mag/2</preferredMagnitudeID>
  <creationInfo>
    <agencyURI>smi:smi-registry/organization/EMSC</agencyURI>
    <authorURI>smi:smi-registry/organization/EMSC</authorURI>
    <creationTime>2014-12-03T11:46:44.21037Z</creationTime>
  </creationInfo>
  <description>
    <text>IONIAN SEA</text>
    <type>Flinn-Engdahl region</type>
  </description>
  <origin publicID="quakeml:eu.emsc/event/20000428_0000024/origin/1458362">
    <time>
      <value>2000-04-28T17:40:59.3Z</value>
      <uncertainty>0.2</uncertainty>
    </time>
    <latitude>
      <value>37.5861</value>
      <uncertainty>6</uncertainty>
    </latitude>
    <longitude>
      <value>19.8307</value>
      <uncertainty>3.4</uncertainty>
    </longitude>
    <depth>
      <value>10000</value>
    </depth>
    <depthType>from location</depthType>
    <methodID>smi:eu.emsc-csem/origin_method/NA</methodID>
    <quality>
      <usedPhaseCount>131</usedPhaseCount>
      <usedStationCount>129</usedStationCount>
      <standardError>1.16</standardError>
      <azimuthalGap>149</azimuthalGap>
      <minimumDistance>1.29</minimumDistance>
      <maximumDistance>32.46</maximumDistance>
    </quality>
    <evaluationMode>manual</evaluationMode>
    <creationInfo>
      <agencyURI>smi:smi-registry/organization/EMSC</agencyURI>
      <authorURI>smi:smi-registry/organization/EMSC</authorURI>
    </creationInfo>
    <originUncertainty>
      <azimuthMaxHorizontalUncertainty>6</azimuthMaxHorizontalUncertainty>
    </originUncertainty>
  </origin>
  <magnitude publicID="quakeml:eu.emsc/event/20000428_0000024/origin/1458362/mag/2">
    <mag>
      <value>4.8</value>
    </mag>
    <type>ML</type>
    <originID>quakeml:eu.emsc/event/20000428_0000024/origin/1458362</originID>
    <creationInfo>
      <agencyURI>smi:smi-registry/organization/EMSC</agencyURI>
      <authorURI>smi:smi-registry/organization/EMSC</authorURI>
    </creationInfo>
  </magnitude>
</event>
<event publicID="quakeml:eu.emsc/event/20000428_0000023">
  <preferredOriginID>quakeml:eu.emsc/event/20000428_0000023/origin/1455201</preferredOriginID>
  <preferredMagnitudeID>quakeml:eu.emsc/event/20000428_0000023/origin/1455201/mag/1</preferredMagnitudeID>
  <creationInfo>
    <agencyURI>smi:smi-registry/organization/EMSC</agencyURI>
    <authorURI>smi:smi-registry/organization/EMSC</authorURI>
    <creationTime>2014-12-03T11:35:13.863212Z</creationTime>
  </creationInfo>
  <description>
    <text>NORTHERN ITALY</text>
    <type>Flinn-Engdahl region</type>
  </description>
  <origin publicID="quakeml:eu.emsc/event/20000428_0000023/origin/1455201">
    <time>
      <value>2000-04-28T17:10:39.1Z</value>
      <uncertainty>0.21</uncertainty>
    </time>
    <latitude>
      <value>44.2737</value>
      <uncertainty>6.4</uncertainty>
    </latitude>
    <longitude>
      <value>11.9512</value>
      <uncertainty>3.3</uncertainty>
    </longitude>
    <depth>
      <value>20000</value>
    </depth>
    <depthType>from location</depthType>
    <methodID>smi:eu.emsc-csem/origin_method/NA</methodID>
    <quality>
      <usedPhaseCount>46</usedPhaseCount>
      <usedStationCount>30</usedStationCount>
      <standardError>1.06</standardError>
      <azimuthalGap>124</azimuthalGap>
      <minimumDistance>0.5</minimumDistance>
      <maximumDistance>7.1</maximumDistance>
    </quality>
    <evaluationMode>manual</evaluationMode>
    <creationInfo>
      <agencyURI>smi:smi-registry/organization/EMSC</agencyURI>
      <authorURI>smi:smi-registry/organization/EMSC</authorURI>
    </creationInfo>
    <originUncertainty>
      <azimuthMaxHorizontalUncertainty>162</azimuthMaxHorizontalUncertainty>
    </originUncertainty>
  </origin>
  <magnitude publicID="quakeml:eu.emsc/event/20000428_0000023/origin/1455201/mag/1">
    <mag>
      <value>2.8</value>
      <uncertainty>0.1</uncertainty>
    </mag>
    <type>ML</type>
    <originID>quakeml:eu.emsc/event/20000428_0000023/origin/1455201</originID>
    <stationCount>6</stationCount>
    <creationInfo>
      <agencyURI>smi:smi-registry/organization/EMSC</agencyURI>
      <authorURI>smi:smi-registry/organization/EMSC</authorURI>
    </creationInfo>
  </magnitude>
</event>
<event publicID="quakeml:eu.emsc/event/20000428_0000021">
  <preferredOriginID>quakeml:eu.emsc/event/20000428_0000021/origin/1455207</preferredOriginID>
  <preferredMagnitudeID>quakeml:eu.emsc/event/20000428_0000021/origin/1455207/mag/1</preferredMagnitudeID>
  <creationInfo>
    <agencyURI>smi:smi-registry/organization/EMSC</agencyURI>
    <authorURI>smi:smi-registry/organization/EMSC</authorURI>
    <creationTime>2014-12-03T10:23:14.94888Z</creationTime>
  </creationInfo>
  <description>
    <text>NORTHERN ITALY</text>
    <type>Flinn-Engdahl region</type>
  </description>
  <origin publicID="quakeml:eu.emsc/event/20000428_0000021/origin/1455207">
    <time>
      <value>2000-04-28T15:15:50.3Z</value>
      <uncertainty>0.27</uncertainty>
    </time>
    <latitude>
      <value>44.3004</value>
      <uncertainty>3.5</uncertainty>
    </latitude>
    <longitude>
      <value>11.9759</value>
      <uncertainty>2.9</uncertainty>
    </longitude>
    <depth>
      <value>12600.0</value>
      <uncertainty>2.5</uncertainty>
    </depth>
    <depthType>from location</depthType>
    <methodID>smi:eu.emsc-csem/origin_method/NA</methodID>
    <quality>
      <usedPhaseCount>115</usedPhaseCount>
      <usedStationCount>89</usedStationCount>
      <standardError>1.06</standardError>
      <azimuthalGap>74</azimuthalGap>
      <minimumDistance>0.5</minimumDistance>
      <maximumDistance>7.57</maximumDistance>
    </quality>
    <evaluationMode>manual</evaluationMode>
    <creationInfo>
      <agencyURI>smi:smi-registry/organization/EMSC</agencyURI>
      <authorURI>smi:smi-registry/organization/EMSC</authorURI>
    </creationInfo>
    <originUncertainty>
      <azimuthMaxHorizontalUncertainty>157</azimuthMaxHorizontalUncertainty>
    </originUncertainty>
  </origin>
  <magnitude publicID="quakeml:eu.emsc/event/20000428_0000021/origin/1455207/mag/1">
    <mag>
      <value>3.4</value>
      <uncertainty>0.2</uncertainty>
    </mag>
    <type>ML</type>
    <originID>quakeml:eu.emsc/event/20000428_0000021/origin/1455207</originID>
    <stationCount>5</stationCount>
    <creationInfo>
      <agencyURI>smi:smi-registry/organization/EMSC</agencyURI>
      <authorURI>smi:smi-registry/organization/EMSC</authorURI>
    </creationInfo>
  </magnitude>
</event>
<event publicID="quakeml:eu.emsc/event/20000428_0000020">
  <preferredOriginID>quakeml:eu.emsc/event/20000428_0000020/origin/1455211</preferredOriginID>
  <preferredMagnitudeID>quakeml:eu.emsc/event/20000428_0000020/origin/1455211/mag/2</preferredMagnitudeID>
  <creationInfo>
    <agencyURI>smi:smi-registry/organization/EMSC</agencyURI>
    <authorURI>smi:smi-registry/organization/EMSC</authorURI>
    <creationTime>2014-12-03T11:27:00.77631Z</creationTime>
  </creationInfo>
  <description>
    <text>GREECE</text>
    <type>Flinn-Engdahl region</type>
  </description>
  <origin publicID="quakeml:eu.emsc/event/20000428_0000020/origin/1455211">
    <time>
      <value>2000-04-28T12:26:57.3Z</value>
      <uncertainty>0.3</uncertainty>
    </time>
    <latitude>
      <value>38.3554</value>
      <uncertainty>6.7</uncertainty>
    </latitude>
    <longitude>
      <value>22.0974</value>
      <uncertainty>6.2</uncertainty>
    </longitude>
    <depth>
      <value>2000</value>
    </depth>
    <depthType>from location</depthType>
    <methodID>smi:eu.emsc-csem/origin_method/NA</methodID>
    <quality>
      <usedPhaseCount>27</usedPhaseCount>
      <usedStationCount>22</usedStationCount>
      <standardError>1.2</standardError>
      <azimuthalGap>75</azimuthalGap>
      <minimumDistance>0.6</minimumDistance>
      <maximumDistance>3.65</maximumDistance>
    </quality>
    <evaluationMode>manual</evaluationMode>
    <creationInfo>
      <agencyURI>smi:smi-registry/organization/EMSC</agencyURI>
      <authorURI>smi:smi-registry/organization/EMSC</authorURI>
    </creationInfo>
    <originUncertainty>
      <azimuthMaxHorizontalUncertainty>63</azimuthMaxHorizontalUncertainty>
    </originUncertainty>
  </origin>
  <magnitude publicID="quakeml:eu.emsc/event/20000428_0000020/origin/1455211/mag/2">
    <mag>
      <value>3.2</value>
    </mag>
    <type>ML</type>
    <originID>quakeml:eu.emsc/event/20000428_0000020/origin/1455211</originID>
    <creationInfo>
      <agencyURI>smi:smi-registry/organization/EMSC</agencyURI>
      <authorURI>smi:smi-registry/organization/EMSC</authorURI>
    </creationInfo>
  </magnitude>
</event>
<event publicID="quakeml:eu.emsc/event/20000428_0000019">
  <preferredOriginID>quakeml:eu.emsc/event/20000428_0000019/origin/1446391</preferredOriginID>
  <preferredMagnitudeID>quakeml:eu.emsc/event/20000428_0000019/origin/1446391/mag/2</preferredMagnitudeID>
  <creationInfo>
    <agencyURI>smi:smi-registry/organization/EMSC</agencyURI>
    <authorURI>smi:smi-registry/organization/EMSC</authorURI>
    <creationTime>2014-12-10T09:09:25.804024Z</creationTime>
  </creationInfo>
  <description>
    <text>CYPRUS REGION</text>
    <type>Flinn-Engdahl region</type>
  </description>
  <origin publicID="quakeml:eu.emsc/event/20000428_0000019/origin/1446391">
    <time>
      <value>2000-04-28T12:12:16.2Z</value>
    </time>
    <latitude>
      <value>35.068</value>
      <uncertainty>9999.9</uncertainty>
    </latitude>
    <longitude>
      <value>32.3</value>
      <uncertainty>9999.9</uncertainty>
    </longitude>
    <depth>
      <value>20000</value>
    </depth>
    <depthType>from location</depthType>
    <methodID>smi:eu.emsc-csem/origin_method/NA</methodID>
    <quality>
      <usedPhaseCount>8</usedPhaseCount>
      <usedStationCount>5</usedStationCount>
      <standardError>2.65</standardError>
      <azimuthalGap>261</azimuthalGap>
      <minimumDistance>0.05</minimumDistance>
      <maximumDistance>1.42</maximumDistance>
    </quality>
    <evaluationMode>manual</evaluationMode>
    <creationInfo>
      <agencyURI>smi:smi-registry/organization/EMSC</agencyURI>
      <authorURI>smi:smi-registry/organization/EMSC</authorURI>
    </creationInfo>
    <originUncertainty>
      <azimuthMaxHorizontalUncertainty>-99</azimuthMaxHorizontalUncertainty>
    </originUncertainty>
  </origin>
  <magnitude publicID="quakeml:eu.emsc/event/20000428_0000019/origin/1446391/mag/2">
    <mag>
      <value>3</value>
    </mag>
    <type>ML</type>
    <originID>quakeml:eu.emsc/event/20000428_0000019/origin/1446391</originID>
    <creationInfo>
      <agencyURI>smi:smi-registry/organization/EMSC</agencyURI>
      <authorURI>smi:smi-registry/organization/EMSC</authorURI>
    </creationInfo>
  </magnitude>
</event>
<event publicID="quakeml:eu.emsc/event/20000428_0000018">
  <preferredOriginID>quakeml:eu.emsc/event/20000428_0000018/origin/1446393</preferredOriginID>
  <preferredMagnitudeID>quakeml:eu.emsc/event/20000428_0000018/origin/1446393/mag/2</preferredMagnitudeID>
  <creationInfo>
    <agencyURI>smi:smi-registry/organization/EMSC</agencyURI>
    <authorURI>smi:smi-registry/organization/EMSC</authorURI>
    <creationTime>2014-12-10T09:09:24.226513Z</creationTime>
  </creationInfo>
  <description>
    <text>GREECE</text>
    <type>Flinn-Engdahl region</type>
  </description>
  <origin publicID="quakeml:eu.emsc/event/20000428_0000018/origin/1446393">
    <time>
      <value>2000-04-28T10:59:05.4Z</value>
    </time>
    <latitude>
      <value>38.14</value>
      <uncertainty>9999.9</uncertainty>
    </latitude>
    <longitude>
      <value>21.61</value>
      <uncertainty>9999.9</uncertainty>
    </longitude>
    <depth>
      <value>44000</value>
    </depth>
    <depthType>from location</depthType>
    <methodID>smi:eu.emsc-csem/origin_method/NA</methodID>
    <quality>
      <usedPhaseCount>5</usedPhaseCount>
      <usedStationCount>5</usedStationCount>
      <standardError>1.01</standardError>
      <azimuthalGap>131</azimuthalGap>
      <minimumDistance>0.79</minimumDistance>
      <maximumDistance>1.77</maximumDistance>
    </quality>
    <evaluationMode>manual</evaluationMode>
    <creationInfo>
      <agencyURI>smi:smi-registry/organization/EMSC</agencyURI>
      <authorURI>smi:smi-registry/organization/EMSC</authorURI>
    </creationInfo>
    <originUncertainty>
      <azimuthMaxHorizontalUncertainty>-99</azimuthMaxHorizontalUncertainty>
    </originUncertainty>
  </origin>
  <magnitude publicID="quakeml:eu.emsc/event/20000428_0000018/origin/1446393/mag/2">
    <mag>
      <value>3.1</value>
    </mag>
    <type>MD</type>
    <originID>quakeml:eu.emsc/event/20000428_0000018/origin/1446393</originID>
    <creationInfo>
      <agencyURI>smi:smi-registry/organization/EMSC</agencyURI>
      <authorURI>smi:smi-registry/organization/EMSC</authorURI>
    </creationInfo>
  </magnitude>
</event>
<event publicID="quakeml:eu.emsc/event/20000428_0000017">
  <preferredOriginID>quakeml:eu.emsc/event/20000428_0000017/origin/1446395</preferredOriginID>
  <preferredMagnitudeID>quakeml:eu.emsc/event/20000428_0000017/origin/1446395/mag/2</preferredMagnitudeID>
  <creationInfo>
    <agencyURI>smi:smi-registry/organization/EMSC</agencyURI>
    <authorURI>smi:smi-registry/organization/EMSC</authorURI>
    <creationTime>2014-12-10T09:09:22.260458Z</creationTime>
  </creationInfo>
  <description>
    <text>GREECE</text>
    <type>Flinn-Engdahl region</type>
  </description>
  <origin publicID="quakeml:eu.emsc/event/20000428_0000017/origin/1446395">
    <time>
      <value>2000-04-28T10:49:38.2Z</value>
    </time>
    <latitude>
      <value>38.36</value>
      <uncertainty>9999.9</uncertainty>
    </latitude>
    <longitude>
      <value>22.09</value>
      <uncertainty>9999.9</uncertainty>
    </longitude>
    <depth>
      <value>5000</value>
    </depth>
    <depthType>from location</depthType>
    <methodID>smi:eu.emsc-csem/origin_method/NA</methodID>
    <quality>
      <usedPhaseCount>5</usedPhaseCount>
      <usedStationCount>5</usedStationCount>
      <standardError>1.92</standardError>
      <azimuthalGap>178</azimuthalGap>
      <minimumDistance>0.6</minimumDistance>
      <maximumDistance>1.77</maximumDistance>
    </quality>
    <evaluationMode>manual</evaluationMode>
    <creationInfo>
      <agencyURI>smi:smi-registry/organization/EMSC</agencyURI>
      <authorURI>smi:smi-registry/organization/EMSC</authorURI>
    </creationInfo>
    <originUncertainty>
      <azimuthMaxHorizontalUncertainty>-99</azimuthMaxHorizontalUncertainty>
    </originUncertainty>
  </origin>
  <magnitude publicID="quakeml:eu.emsc/event/20000428_0000017/origin/1446395/mag/2">
    <mag>
      <value>3</value>
    </mag>
    <type>MD</type>
    <originID>quakeml:eu.emsc/event/20000428_0000017/origin/1446395</originID>
    <creationInfo>
      <agencyURI>smi:smi-registry/organization/EMSC</agencyURI>
      <authorURI>smi:smi-registry/organization/EMSC</authorURI>
    </creationInfo>
  </magnitude>
</event>
<event publicID="quakeml:eu.emsc/event/20000428_0000016">
  <preferredOriginID>quakeml:eu.emsc/event/20000428_0000016/origin/1446397</preferredOriginID>
  <preferredMagnitudeID>quakeml:eu.emsc/event/20000428_0000016/origin/1446397/mag/2</preferredMagnitudeID>
  <creationInfo>
    <agencyURI>smi:smi-registry/organization/EMSC</agencyURI>
    <authorURI>smi:smi-registry/organization/EMSC</authorURI>
    <creationTime>2014-12-10T09:09:20.807782Z</creationTime>
  </creationInfo>
  <description>
    <text>CENTRAL TURKEY</text>
    <type>Flinn-Engdahl region</type>
  </description>
  <origin publicID="quakeml:eu.emsc/event/20000428_0000016/origin/1446397">
    <time>
      <value>2000-04-28T10:16:07.7Z</value>
    </time>
    <latitude>
      <value>39.973</value>
      <uncertainty>9999.9</uncertainty>
    </latitude>
    <longitude>
      <value>34.086</value>
      <uncertainty>9999.9</uncertainty>
    </longitude>
    <depth>
      <value>10000</value>
    </depth>
    <depthType>from location</depthType>
    <methodID>smi:eu.emsc-csem/origin_method/NA</methodID>
    <quality>
      <usedPhaseCount>6</usedPhaseCount>
      <usedStationCount>4</usedStationCount>
      <standardError>1.87</standardError>
      <azimuthalGap>279</azimuthalGap>
      <minimumDistance>1.58</minimumDistance>
      <maximumDistance>1.99</maximumDistance>
    </quality>
    <evaluationMode>manual</evaluationMode>
    <creationInfo>
      <agencyURI>smi:smi-registry/organization/EMSC</agencyURI>
      <authorURI>smi:smi-registry/organization/EMSC</authorURI>
    </creationInfo>
    <originUncertainty>
      <azimuthMaxHorizontalUncertainty>-99</azimuthMaxHorizontalUncertainty>
    </originUncertainty>
  </origin>
  <magnitude publicID="quakeml:eu.emsc/event/20000428_0000016/origin/1446397/mag/2">
    <mag>
      <value>3.3</value>
    </mag>
    <type>MD</type>
    <originID>quakeml:eu.emsc/event/20000428_0000016/origin/1446397</originID>
    <creationInfo>
      <agencyURI>smi:smi-registry/organization/EMSC</agencyURI>
      <authorURI>smi:smi-registry/organization/EMSC</authorURI>
    </creationInfo>
  </magnitude>
</event>
<event publicID="quakeml:eu.emsc/event/20000428_0000015">
  <preferredOriginID>quakeml:eu.emsc/event/20000428_0000015/origin/1455214</preferredOriginID>
  <preferredMagnitudeID>quakeml:eu.emsc/event/20000428_0000015/origin/1455214/mag/2</preferredMagnitudeID>
  <creationInfo>
    <agencyURI>smi:smi-registry/organization/EMSC</agencyURI>
    <authorURI>smi:smi-registry/organization/EMSC</authorURI>
    <creationTime>2014-12-03T11:48:34.289937Z</creationTime>
  </creationInfo>
  <description>
    <text>BALEARIC ISLANDS, SPAIN</text>
    <type>Flinn-Engdahl region</type>
  </description>
  <origin publicID="quakeml:eu.emsc/event/20000428_0000015/origin/1455214">
    <time>
      <value>2000-04-28T09:46:27.7Z</value>
      <uncertainty>0.53</uncertainty>
    </time>
    <latitude>
      <value>40.5509</value>
      <uncertainty>14.1</uncertainty>
    </latitude>
    <longitude>
      <value>1.5097</value>
      <uncertainty>9.7</uncertainty>
    </longitude>
    <depth>
      <value>2000</value>
    </depth>
    <depthType>from location</depthType>
    <methodID>smi:eu.emsc-csem/origin_method/NA</methodID>
    <quality>
      <usedPhaseCount>8</usedPhaseCount>
      <usedStationCount>6</usedStationCount>
      <standardError>1.5</standardError>
      <azimuthalGap>150</azimuthalGap>
      <minimumDistance>0.66</minimumDistance>
      <maximumDistance>2.72</maximumDistance>
    </quality>
    <evaluationMode>manual</evaluationMode>
    <creationInfo>
      <agencyURI>smi:smi-registry/organization/EMSC</agencyURI>
      <authorURI>smi:smi-registry/organization/EMSC</authorURI>
    </creationInfo>
    <originUncertainty>
      <azimuthMaxHorizontalUncertainty>18</azimuthMaxHorizontalUncertainty>
    </originUncertainty>
  </origin>
  <magnitude publicID="quakeml:eu.emsc/event/20000428_0000015/origin/1455214/mag/2">
    <mag>
      <value>3.3</value>
    </mag>
    <type>mb</type>
    <originID>quakeml:eu.emsc/event/20000428_0000015/origin/1455214</originID>
    <stationCount>4</stationCount>
    <creationInfo>
      <agencyURI>smi:smi-registry/organization/EMSC</agencyURI>
      <authorURI>smi:smi-registry/organization/EMSC</authorURI>
    </creationInfo>
  </magnitude>
</event>
<event publicID="quakeml:eu.emsc/event/20000428_0000014">
  <preferredOriginID>quakeml:eu.emsc/event/20000428_0000014/origin/1455217</preferredOriginID>
  <preferredMagnitudeID>quakeml:eu.emsc/event/20000428_0000014/origin/1455217/mag/2</preferredMagnitudeID>
  <creationInfo>
    <agencyURI>smi:smi-registry/organization/EMSC</agencyURI>
    <authorURI>smi:smi-registry/organization/EMSC</authorURI>
    <creationTime>2014-12-03T10:50:42.85915Z</creationTime>
  </creationInfo>
  <description>
    <text>GREECE</text>
    <type>Flinn-Engdahl region</type>
  </description>
  <origin publicID="quakeml:eu.emsc/event/20000428_0000014/origin/1455217">
    <time>
      <value>2000-04-28T09:19:25.8Z</value>
      <uncertainty>0.34</uncertainty>
    </time>
    <latitude>
      <value>38.4015</value>
      <uncertainty>8.4</uncertainty>
    </latitude>
    <longitude>
      <value>22.0185</value>
      <uncertainty>6.5</uncertainty>
    </longitude>
    <depth>
      <value>10000</value>
    </depth>
    <depthType>from location</depthType>
    <methodID>smi:eu.emsc-csem/origin_method/NA</methodID>
    <quality>
      <usedPhaseCount>15</usedPhaseCount>
      <usedStationCount>10</usedStationCount>
      <standardError>1.05</standardError>
      <azimuthalGap>94</azimuthalGap>
      <minimumDistance>0.67</minimumDistance>
      <maximumDistance>2.43</maximumDistance>
    </quality>
    <evaluationMode>manual</evaluationMode>
    <creationInfo>
      <agencyURI>smi:smi-registry/organization/EMSC</agencyURI>
      <authorURI>smi:smi-registry/organization/EMSC</authorURI>
    </creationInfo>
    <originUncertainty>
      <azimuthMaxHorizontalUncertainty>141</azimuthMaxHorizontalUncertainty>
    </originUncertainty>
  </origin>
  <magnitude publicID="quakeml:eu.emsc/event/20000428_0000014/origin/1455217/mag/2">
    <mag>
      <value>2.8</value>
    </mag>
    <type>ML</type>
    <originID>quakeml:eu.emsc/event/20000428_0000014/origin/1455217</originID>
    <creationInfo>
      <agencyURI>smi:smi-registry/organization/EMSC</agencyURI>
      <authorURI>smi:smi-registry/organization/EMSC</authorURI>
    </creationInfo>
  </magnitude>
</event>
<event publicID="quakeml:eu.emsc/event/20000428_0000013">
  <preferredOriginID>quakeml:eu.emsc/event/20000428_0000013/origin/1455221</preferredOriginID>
  <preferredMagnitudeID>quakeml:eu.emsc/event/20000428_0000013/origin/1455221/mag/2</preferredMagnitudeID>
  <creationInfo>
    <agencyURI>smi:smi-registry/organization/EMSC</agencyURI>
    <authorURI>smi:smi-registry/organization/EMSC</authorURI>
    <creationTime>2014-12-03T11:50:30.88048Z</creationTime>
  </creationInfo>
  <description>
    <text>GREECE</text>
    <type>Flinn-Engdahl region</type>
  </description>
  <origin publicID="quakeml:eu.emsc/event/20000428_0000013/origin/1455221">
    <time>
      <value>2000-04-28T08:37:39.3Z</value>
      <uncertainty>0.28</uncertainty>
    </time>
    <latitude>
      <value>38.3644</value>
      <uncertainty>6</uncertainty>
    </latitude>
    <longitude>
      <value>22.139</value>
      <uncertainty>5.8</uncertainty>
    </longitude>
    <depth>
      <value>2000</value>
    </depth>
    <depthType>from location</depthType>
    <methodID>smi:eu.emsc-csem/origin_method/NA</methodID>
    <quality>
      <usedPhaseCount>30</usedPhaseCount>
      <usedStationCount>23</usedStationCount>
      <standardError>1.1</standardError>
      <azimuthalGap>73</azimuthalGap>
      <minimumDistance>0.67</minimumDistance>
      <maximumDistance>3.64</maximumDistance>
    </quality>
    <evaluationMode>manual</evaluationMode>
    <creationInfo>
      <agencyURI>smi:smi-registry/organization/EMSC</agencyURI>
      <authorURI>smi:smi-registry/organization/EMSC</authorURI>
    </creationInfo>
    <originUncertainty>
      <azimuthMaxHorizontalUncertainty>162</azimuthMaxHorizontalUncertainty>
    </originUncertainty>
  </origin>
  <magnitude publicID="quakeml:eu.emsc/event/20000428_0000013/origin/1455221/mag/2">
    <mag>
      <value>3.1</value>
    </mag>
    <type>ML</type>
    <originID>quakeml:eu.emsc/event/20000428_0000013/origin/1455221</originID>
    <creationInfo>
      <agencyURI>smi:smi-registry/organization/EMSC</agencyURI>
      <authorURI>smi:smi-registry/organization/EMSC</authorURI>
    </creationInfo>
  </magnitude>
</event>
<event publicID="quakeml:eu.emsc/event/20000428_0000012">
  <preferredOriginID>quakeml:eu.emsc/event/20000428_0000012/origin/1446399</preferredOriginID>
  <preferredMagnitudeID>quakeml:eu.emsc/event/20000428_0000012/origin/1446399/mag/2</preferredMagnitudeID>
  <creationInfo>
    <agencyURI>smi:smi-registry/organization/EMSC</agencyURI>
    <authorURI>smi:smi-registry/organization/EMSC</authorURI>
    <creationTime>2014-12-10T09:09:16.273516Z</creationTime>
  </creationInfo>
  <description>
    <text>WESTERN TURKEY</text>
    <type>Flinn-Engdahl region</type>
  </description>
  <origin publicID="quakeml:eu.emsc/event/20000428_0000012/origin/1446399">
    <time>
      <value>2000-04-28T06:39:23.1Z</value>
    </time>
    <latitude>
      <value>40.793</value>
      <uncertainty>9999.9</uncertainty>
    </latitude>
    <longitude>
      <value>30.942</value>
      <uncertainty>9999.9</uncertainty>
    </longitude>
    <depth>
      <value>5000</value>
    </depth>
    <depthType>from location</depthType>
    <methodID>smi:eu.emsc-csem/origin_method/NA</methodID>
    <quality>
      <usedPhaseCount>9</usedPhaseCount>
      <usedStationCount>7</usedStationCount>
      <standardError>1.03</standardError>
      <azimuthalGap>301</azimuthalGap>
      <minimumDistance>0.69</minimumDistance>
      <maximumDistance>2.04</maximumDistance>
    </quality>
    <evaluationMode>manual</evaluationMode>
    <creationInfo>
      <agencyURI>smi:smi-registry/organization/EMSC</agencyURI>
      <authorURI>smi:smi-registry/organization/EMSC</authorURI>
    </creationInfo>
    <originUncertainty>
      <azimuthMaxHorizontalUncertainty>-99</azimuthMaxHorizontalUncertainty>
    </originUncertainty>
  </origin>
  <magnitude publicID="quakeml:eu.emsc/event/20000428_0000012/origin/1446399/mag/2">
    <mag>
      <value>3.1</value>
    </mag>
    <type>MD</type>
    <originID>quakeml:eu.emsc/event/20000428_0000012/origin/1446399</originID>
    <creationInfo>
      <agencyURI>smi:smi-registry/organization/EMSC</agencyURI>
      <authorURI>smi:smi-registry/organization/EMSC</authorURI>
    </creationInfo>
  </magnitude>
</event>
<event publicID="quakeml:eu.emsc/event/20000428_0000011">
  <preferredOriginID>quakeml:eu.emsc/event/20000428_0000011/origin/1455225</preferredOriginID>
  <preferredMagnitudeID>quakeml:eu.emsc/event/20000428_0000011/origin/1455225/mag/2</preferredMagnitudeID>
  <creationInfo>
    <agencyURI>smi:smi-registry/organization/EMSC</agencyURI>
    <authorURI>smi:smi-registry/organization/EMSC</authorURI>
    <creationTime>2014-12-03T11:24:24.32446Z</creationTime>
  </creationInfo>
  <description>
    <text>GREECE</text>
    <type>Flinn-Engdahl region</type>
  </description>
  <origin publicID="quakeml:eu.emsc/event/20000428_0000011/origin/1455225">
    <time>
      <value>2000-04-28T05:44:41.4Z</value>
      <uncertainty>0.23</uncertainty>
    </time>
    <latitude>
      <value>38.3493</value>
      <uncertainty>5.8</uncertainty>
    </latitude>
    <longitude>
      <value>22.1453</value>
      <uncertainty>4.6</uncertainty>
    </longitude>
    <depth>
      <value>2000</value>
    </depth>
    <depthType>from location</depthType>
    <methodID>smi:eu.emsc-csem/origin_method/NA</methodID>
    <quality>
      <usedPhaseCount>15</usedPhaseCount>
      <usedStationCount>10</usedStationCount>
      <standardError>1.05</standardError>
      <azimuthalGap>100</azimuthalGap>
      <minimumDistance>0.69</minimumDistance>
      <maximumDistance>2.18</maximumDistance>
    </quality>
    <evaluationMode>manual</evaluationMode>
    <creationInfo>
      <agencyURI>smi:smi-registry/organization/EMSC</agencyURI>
      <authorURI>smi:smi-registry/organization/EMSC</authorURI>
    </creationInfo>
    <originUncertainty>
      <azimuthMaxHorizontalUncertainty>111</azimuthMaxHorizontalUncertainty>
    </originUncertainty>
  </origin>
  <magnitude publicID="quakeml:eu.emsc/event/20000428_0000011/origin/1455225/mag/2">
    <mag>
      <value>2.6</value>
    </mag>
    <type>ML</type>
    <originID>quakeml:eu.emsc/event/20000428_0000011/origin/1455225</originID>
    <creationInfo>
      <agencyURI>smi:smi-registry/organization/EMSC</agencyURI>
      <authorURI>smi:smi-registry/organization/EMSC</authorURI>
    </creationInfo>
  </magnitude>
</event>
<event publicID="quakeml:eu.emsc/event/20000428_0000010">
  <preferredOriginID>quakeml:eu.emsc/event/20000428_0000010/origin/1455229</preferredOriginID>
  <preferredMagnitudeID>quakeml:eu.emsc/event/20000428_0000010/origin/1455229/mag/2</preferredMagnitudeID>
  <creationInfo>
    <agencyURI>smi:smi-registry/organization/EMSC</agencyURI>
    <authorURI>smi:smi-registry/organization/EMSC</authorURI>
    <creationTime>2014-12-03T12:18:10.190412Z</creationTime>
  </creationInfo>
  <description>
    <text>GREECE</text>
    <type>Flinn-Engdahl region</type>
  </description>
  <origin publicID="quakeml:eu.emsc/event/20000428_0000010/origin/1455229">
    <time>
      <value>2000-04-28T04:59:32.9Z</value>
      <uncertainty>0.4</uncertainty>
    </time>
    <latitude>
      <value>38.3743</value>
      <uncertainty>10.8</uncertainty>
    </latitude>
    <longitude>
      <value>22.0616</value>
      <uncertainty>8.1</uncertainty>
    </longitude>
    <depth>
      <value>2000</value>
    </depth>
    <depthType>from location</depthType>
    <methodID>smi:eu.emsc-csem/origin_method/NA</methodID>
    <quality>
      <usedPhaseCount>15</usedPhaseCount>
      <usedStationCount>11</usedStationCount>
      <standardError>1.24</standardError>
      <azimuthalGap>115</azimuthalGap>
      <minimumDistance>0.68</minimumDistance>
      <maximumDistance>3.63</maximumDistance>
    </quality>
    <evaluationMode>manual</evaluationMode>
    <creationInfo>
      <agencyURI>smi:smi-registry/organization/EMSC</agencyURI>
      <authorURI>smi:smi-registry/organization/EMSC</authorURI>
    </creationInfo>
    <originUncertainty>
      <azimuthMaxHorizontalUncertainty>103</azimuthMaxHorizontalUncertainty>
    </originUncertainty>
  </origin>
  <magnitude publicID="quakeml:eu.emsc/event/20000428_0000010/origin/1455229/mag/2">
    <mag>
      <value>2.9</value>
    </mag>
    <type>ML</type>
    <originID>quakeml:eu.emsc/event/20000428_0000010/origin/1455229</originID>
    <creationInfo>
      <agencyURI>smi:smi-registry/organization/EMSC</agencyURI>
      <authorURI>smi:smi-registry/organization/EMSC</authorURI>
    </creationInfo>
  </magnitude>
</event>
<event publicID="quakeml:eu.emsc/event/20000428_0000009">
  <preferredOriginID>quakeml:eu.emsc/event/20000428_0000009/origin/1455233</preferredOriginID>
  <preferredMagnitudeID>quakeml:eu.emsc/event/20000428_0000009/origin/1455233/mag/2</preferredMagnitudeID>
  <creationInfo>
    <agencyURI>smi:smi-registry/organization/EMSC</agencyURI>
    <authorURI>smi:smi-registry/organization/EMSC</authorURI>
    <creationTime>2014-12-03T12:12:43.21429Z</creationTime>
  </creationInfo>
  <description>
    <text>GREECE</text>
    <type>Flinn-Engdahl region</type>
  </description>
  <origin publicID="quakeml:eu.emsc/event/20000428_0000009/origin/1455233">
    <time>
      <value>2000-04-28T03:25:44.7Z</value>
      <uncertainty>0.39</uncertainty>
    </time>
    <latitude>
      <value>38.369</value>
      <uncertainty>9.3</uncertainty>
    </latitude>
    <longitude>
      <value>22.1364</value>
      <uncertainty>8.6</uncertainty>
    </longitude>
    <depth>
      <value>10000</value>
    </depth>
    <depthType>from location</depthType>
    <methodID>smi:eu.emsc-csem/origin_method/NA</methodID>
    <quality>
      <usedPhaseCount>22</usedPhaseCount>
      <usedStationCount>19</usedStationCount>
      <standardError>1.43</standardError>
      <azimuthalGap>73</azimuthalGap>
      <minimumDistance>0.67</minimumDistance>
      <maximumDistance>3.64</maximumDistance>
    </quality>
    <evaluationMode>manual</evaluationMode>
    <creationInfo>
      <agencyURI>smi:smi-registry/organization/EMSC</agencyURI>
      <authorURI>smi:smi-registry/organization/EMSC</authorURI>
    </creationInfo>
    <originUncertainty>
      <azimuthMaxHorizontalUncertainty>78</azimuthMaxHorizontalUncertainty>
    </originUncertainty>
  </origin>
  <magnitude publicID="quakeml:eu.emsc/event/20000428_0000009/origin/1455233/mag/2">
    <mag>
      <value>3</value>
    </mag>
    <type>ML</type>
    <originID>quakeml:eu.emsc/event/20000428_0000009/origin/1455233</originID>
    <creationInfo>
      <agencyURI>smi:smi-registry/organization/EMSC</agencyURI>
      <authorURI>smi:smi-registry/organization/EMSC</authorURI>
    </creationInfo>
  </magnitude>
</event>
<event publicID="quakeml:eu.emsc/event/20000428_0000008">
  <preferredOriginID>quakeml:eu.emsc/event/20000428_0000008/origin/1455236</preferredOriginID>
  <preferredMagnitudeID>quakeml:eu.emsc/event/20000428_0000008/origin/1455236/mag/2</preferredMagnitudeID>
  <creationInfo>
    <agencyURI>smi:smi-registry/organization/EMSC</agencyURI>
    <authorURI>smi:smi-registry/organization/EMSC</authorURI>
    <creationTime>2014-12-03T10:23:19.709781Z</creationTime>
  </creationInfo>
  <description>
    <text>CRETE, GREECE</text>
    <type>Flinn-Engdahl region</type>
  </description>
  <origin publicID="quakeml:eu.emsc/event/20000428_0000008/origin/1455236">
    <time>
      <value>2000-04-28T02:42:54.7Z</value>
      <uncertainty>0.7</uncertainty>
    </time>
    <latitude>
      <value>35.5862</value>
      <uncertainty>24.6</uncertainty>
    </latitude>
    <longitude>
      <value>26.8312</value>
      <uncertainty>13.5</uncertainty>
    </longitude>
    <depth>
      <value>2000</value>
    </depth>
    <depthType>from location</depthType>
    <methodID>smi:eu.emsc-csem/origin_method/NA</methodID>
    <quality>
      <usedPhaseCount>9</usedPhaseCount>
      <usedStationCount>8</usedStationCount>
      <standardError>1.4</standardError>
      <azimuthalGap>155</azimuthalGap>
      <minimumDistance>0.28</minimumDistance>
      <maximumDistance>2.75</maximumDistance>
    </quality>
    <evaluationMode>manual</evaluationMode>
    <creationInfo>
      <agencyURI>smi:smi-registry/organization/EMSC</agencyURI>
      <authorURI>smi:smi-registry/organization/EMSC</authorURI>
    </creationInfo>
    <originUncertainty>
      <azimuthMaxHorizontalUncertainty>170</azimuthMaxHorizontalUncertainty>
    </originUncertainty>
  </origin>
  <magnitude publicID="quakeml:eu.emsc/event/20000428_0000008/origin/1455236/mag/2">
    <mag>
      <value>3.7</value>
    </mag>
    <type>MD</type>
    <originID>quakeml:eu.emsc/event/20000428_0000008/origin/1455236</originID>
    <creationInfo>
      <agencyURI>smi:smi-registry/organization/EMSC</agencyURI>
      <authorURI>smi:smi-registry/organization/EMSC</authorURI>
    </creationInfo>
  </magnitude>
</event>
<event publicID="quakeml:eu.emsc/event/20000428_0000007">
  <preferredOriginID>quakeml:eu.emsc/event/20000428_0000007/origin/1455240</preferredOriginID>
  <preferredMagnitudeID>quakeml:eu.emsc/event/20000428_0000007/origin/1455240/mag/2</preferredMagnitudeID>
  <creationInfo>
    <agencyURI>smi:smi-registry/organization/EMSC</agencyURI>
    <authorURI>smi:smi-registry/organization/EMSC</authorURI>
    <creationTime>2014-12-03T10:46:45.744155Z</creationTime>
  </creationInfo>
  <description>
    <text>GREECE</text>
    <type>Flinn-Engdahl region</type>
  </description>
  <origin publicID="quakeml:eu.emsc/event/20000428_0000007/origin/1455240">
    <time>
      <value>2000-04-28T02:13:14.4Z</value>
      <uncertainty>0.2</uncertainty>
    </time>
    <latitude>
      <value>38.368</value>
      <uncertainty>4.3</uncertainty>
    </latitude>
    <longitude>
      <value>22.0526</value>
      <uncertainty>3.9</uncertainty>
    </longitude>
    <depth>
      <value>8000</value>
    </depth>
    <depthType>from location</depthType>
    <methodID>smi:eu.emsc-csem/origin_method/NA</methodID>
    <quality>
      <usedPhaseCount>16</usedPhaseCount>
      <usedStationCount>10</usedStationCount>
      <standardError>0.83</standardError>
      <azimuthalGap>76</azimuthalGap>
      <minimumDistance>0.69</minimumDistance>
      <maximumDistance>1.79</maximumDistance>
    </quality>
    <evaluationMode>manual</evaluationMode>
    <creationInfo>
      <agencyURI>smi:smi-registry/organization/EMSC</agencyURI>
      <authorURI>smi:smi-registry/organization/EMSC</authorURI>
    </creationInfo>
    <originUncertainty>
      <azimuthMaxHorizontalUncertainty>161</azimuthMaxHorizontalUncertainty>
    </originUncertainty>
  </origin>
  <magnitude publicID="quakeml:eu.emsc/event/20000428_0000007/origin/1455240/mag/2">
    <mag>
      <value>2.6</value>
    </mag>
    <type>ML</type>
    <originID>quakeml:eu.emsc/event/20000428_0000007/origin/1455240</originID>
    <creationInfo>
      <agencyURI>smi:smi-registry/organization/EMSC</agencyURI>
      <authorURI>smi:smi-registry/organization/EMSC</authorURI>
    </creationInfo>
  </magnitude>
</event>
<event publicID="quakeml:eu.emsc/event/20000428_0000006">
  <preferredOriginID>quakeml:eu.emsc/event/20000428_0000006/origin/1455244</preferredOriginID>
  <preferredMagnitudeID>quakeml:eu.emsc/event/20000428_0000006/origin/1455244/mag/2</preferredMagnitudeID>
  <creationInfo>
    <agencyURI>smi:smi-registry/organization/EMSC</agencyURI>
    <authorURI>smi:smi-registry/organization/EMSC</authorURI>
    <creationTime>2014-12-03T10:54:21.37352Z</creationTime>
  </creationInfo>
  <description>
    <text>GREECE</text>
    <type>Flinn-Engdahl region</type>
  </description>
  <origin publicID="quakeml:eu.emsc/event/20000428_0000006/origin/1455244">
    <time>
      <value>2000-04-28T01:00:27.1Z</value>
      <uncertainty>0.3</uncertainty>
    </time>
    <latitude>
      <value>38.3363</value>
      <uncertainty>6.9</uncertainty>
    </latitude>
    <longitude>
      <value>22.096</value>
      <uncertainty>6.4</uncertainty>
    </longitude>
    <depth>
      <value>2000</value>
    </depth>
    <depthType>from location</depthType>
    <methodID>smi:eu.emsc-csem/origin_method/NA</methodID>
    <quality>
      <usedPhaseCount>25</usedPhaseCount>
      <usedStationCount>20</usedStationCount>
      <standardError>1.16</standardError>
      <azimuthalGap>76</azimuthalGap>
      <minimumDistance>0.71</minimumDistance>
      <maximumDistance>3.67</maximumDistance>
    </quality>
    <evaluationMode>manual</evaluationMode>
    <creationInfo>
      <agencyURI>smi:smi-registry/organization/EMSC</agencyURI>
      <authorURI>smi:smi-registry/organization/EMSC</authorURI>
    </creationInfo>
    <originUncertainty>
      <azimuthMaxHorizontalUncertainty>75</azimuthMaxHorizontalUncertainty>
    </originUncertainty>
  </origin>
  <magnitude publicID="quakeml:eu.emsc/event/20000428_0000006/origin/1455244/mag/2">
    <mag>
      <value>3</value>
    </mag>
    <type>ML</type>
    <originID>quakeml:eu.emsc/event/20000428_0000006/origin/1455244</originID>
    <creationInfo>
      <agencyURI>smi:smi-registry/organization/EMSC</agencyURI>
      <authorURI>smi:smi-registry/organization/EMSC</authorURI>
    </creationInfo>
  </magnitude>
</event>
<event publicID="quakeml:eu.emsc/event/20000428_0000005">
  <preferredOriginID>quakeml:eu.emsc/event/20000428_0000005/origin/1455248</preferredOriginID>
  <preferredMagnitudeID>quakeml:eu.emsc/event/20000428_0000005/origin/1455248/mag/2</preferredMagnitudeID>
  <creationInfo>
    <agencyURI>smi:smi-registry/organization/EMSC</agencyURI>
    <authorURI>smi:smi-registry/organization/EMSC</authorURI>
    <creationTime>2014-12-03T11:57:56.49526Z</creationTime>
  </creationInfo>
  <description>
    <text>GREECE</text>
    <type>Flinn-Engdahl region</type>
  </description>
  <origin publicID="quakeml:eu.emsc/event/20000428_0000005/origin/1455248">
    <time>
      <value>2000-04-28T00:42:54.1Z</value>
      <uncertainty>0.39</uncertainty>
    </time>
    <latitude>
      <value>38.3583</value>
      <uncertainty>9.2</uncertainty>
    </latitude>
    <longitude>
      <value>22.1268</value>
      <uncertainty>8</uncertainty>
    </longitude>
    <depth>
      <value>2000</value>
    </depth>
    <depthType>from location</depthType>
    <methodID>smi:eu.emsc-csem/origin_method/NA</methodID>
    <quality>
      <usedPhaseCount>20</usedPhaseCount>
      <usedStationCount>16</usedStationCount>
      <standardError>1.47</standardError>
      <azimuthalGap>74</azimuthalGap>
      <minimumDistance>0.68</minimumDistance>
      <maximumDistance>3.65</maximumDistance>
    </quality>
    <evaluationMode>manual</evaluationMode>
    <creationInfo>
      <agencyURI>smi:smi-registry/organization/EMSC</agencyURI>
      <authorURI>smi:smi-registry/organization/EMSC</authorURI>
    </creationInfo>
    <originUncertainty>
      <azimuthMaxHorizontalUncertainty>57</azimuthMaxHorizontalUncertainty>
    </originUncertainty>
  </origin>
  <magnitude publicID="quakeml:eu.emsc/event/20000428_0000005/origin/1455248/mag/2">
    <mag>
      <value>3</value>
    </mag>
    <type>ML</type>
    <originID>quakeml:eu.emsc/event/20000428_0000005/origin/1455248</originID>
    <creationInfo>
      <agencyURI>smi:smi-registry/organization/EMSC</agencyURI>
      <authorURI>smi:smi-registry/organization/EMSC</authorURI>
    </creationInfo>
  </magnitude>
</event>
<event publicID="quakeml:eu.emsc/event/20000428_0000004">
  <preferredOriginID>quakeml:eu.emsc/event/20000428_0000004/origin/1455252</preferredOriginID>
  <preferredMagnitudeID>quakeml:eu.emsc/event/20000428_0000004/origin/1455252/mag/2</preferredMagnitudeID>
  <creationInfo>
    <agencyURI>smi:smi-registry/organization/EMSC</agencyURI>
    <authorURI>smi:smi-registry/organization/EMSC</authorURI>
    <creationTime>2014-12-03T11:48:35.727322Z</creationTime>
  </creationInfo>
  <description>
    <text>GREECE</text>
    <type>Flinn-Engdahl region</type>
  </description>
  <origin publicID="quakeml:eu.emsc/event/20000428_0000004/origin/1455252">
    <time>
      <value>2000-04-28T00:36:37.3Z</value>
      <uncertainty>0.18</uncertainty>
    </time>
    <latitude>
      <value>38.3656</value>
      <uncertainty>4.6</uncertainty>
    </latitude>
    <longitude>
      <value>22.0982</value>
      <uncertainty>4.5</uncertainty>
    </longitude>
    <depth>
      <value>20000</value>
    </depth>
    <depthType>from location</depthType>
    <methodID>smi:eu.emsc-csem/origin_method/NA</methodID>
    <quality>
      <usedPhaseCount>10</usedPhaseCount>
      <usedStationCount>10</usedStationCount>
      <standardError>0.44</standardError>
      <azimuthalGap>74</azimuthalGap>
      <minimumDistance>0.68</minimumDistance>
      <maximumDistance>1.8</maximumDistance>
    </quality>
    <evaluationMode>manual</evaluationMode>
    <creationInfo>
      <agencyURI>smi:smi-registry/organization/EMSC</agencyURI>
      <authorURI>smi:smi-registry/organization/EMSC</authorURI>
    </creationInfo>
    <originUncertainty>
      <azimuthMaxHorizontalUncertainty>125</azimuthMaxHorizontalUncertainty>
    </originUncertainty>
  </origin>
  <magnitude publicID="quakeml:eu.emsc/event/20000428_0000004/origin/1455252/mag/2">
    <mag>
      <value>2.9</value>
    </mag>
    <type>ML</type>
    <originID>quakeml:eu.emsc/event/20000428_0000004/origin/1455252</originID>
    <creationInfo>
      <agencyURI>smi:smi-registry/organization/EMSC</agencyURI>
      <authorURI>smi:smi-registry/organization/EMSC</authorURI>
    </creationInfo>
  </magnitude>
</event>
<event publicID="quakeml:eu.emsc/event/20000428_0000003">
  <preferredOriginID>quakeml:eu.emsc/event/20000428_0000003/origin/1455255</preferredOriginID>
  <preferredMagnitudeID>quakeml:eu.emsc/event/20000428_0000003/origin/1455255/mag/2</preferredMagnitudeID>
  <creationInfo>
    <agencyURI>smi:smi-registry/organization/EMSC</agencyURI>
    <authorURI>smi:smi-registry/organization/EMSC</authorURI>
    <creationTime>2014-12-03T11:47:38.795865Z</creationTime>
  </creationInfo>
  <description>
    <text>GREECE</text>
    <type>Flinn-Engdahl region</type>
  </description>
  <origin publicID="quakeml:eu.emsc/event/20000428_0000003/origin/1455255">
    <time>
      <value>2000-04-28T00:32:08.1Z</value>
      <uncertainty>0.19</uncertainty>
    </time>
    <latitude>
      <value>38.322</value>
      <uncertainty>4.3</uncertainty>
    </latitude>
    <longitude>
      <value>22.0747</value>
      <uncertainty>4.2</uncertainty>
    </longitude>
    <depth>
      <value>2000</value>
    </depth>
    <depthType>from location</depthType>
    <methodID>smi:eu.emsc-csem/origin_method/NA</methodID>
    <quality>
      <usedPhaseCount>15</usedPhaseCount>
      <usedStationCount>11</usedStationCount>
      <standardError>0.79</standardError>
      <azimuthalGap>77</azimuthalGap>
      <minimumDistance>0.73</minimumDistance>
      <maximumDistance>1.82</maximumDistance>
    </quality>
    <evaluationMode>manual</evaluationMode>
    <creationInfo>
      <agencyURI>smi:smi-registry/organization/EMSC</agencyURI>
      <authorURI>smi:smi-registry/organization/EMSC</authorURI>
    </creationInfo>
    <originUncertainty>
      <azimuthMaxHorizontalUncertainty>24</azimuthMaxHorizontalUncertainty>
    </originUncertainty>
  </origin>
  <magnitude publicID="quakeml:eu.emsc/event/20000428_0000003/origin/1455255/mag/2">
    <mag>
      <value>2.6</value>
    </mag>
    <type>ML</type>
    <originID>quakeml:eu.emsc/event/20000428_0000003/origin/1455255</originID>
    <creationInfo>
      <agencyURI>smi:smi-registry/organization/EMSC</agencyURI>
      <authorURI>smi:smi-registry/organization/EMSC</authorURI>
    </creationInfo>
  </magnitude>
</event>
<event publicID="quakeml:eu.emsc/event/20000428_0000002">
  <preferredOriginID>quakeml:eu.emsc/event/20000428_0000002/origin/1455258</preferredOriginID>
  <preferredMagnitudeID>quakeml:eu.emsc/event/20000428_0000002/origin/1455258/mag/2</preferredMagnitudeID>
  <creationInfo>
    <agencyURI>smi:smi-registry/organization/EMSC</agencyURI>
    <authorURI>smi:smi-registry/organization/EMSC</authorURI>
    <creationTime>2014-12-03T10:51:38.200889Z</creationTime>
  </creationInfo>
  <description>
    <text>CRETE, GREECE</text>
    <type>Flinn-Engdahl region</type>
  </description>
  <origin publicID="quakeml:eu.emsc/event/20000428_0000002/origin/1455258">
    <time>
      <value>2000-04-28T00:30:15.1Z</value>
      <uncertainty>0.93</uncertainty>
    </time>
    <latitude>
      <value>35.3861</value>
      <uncertainty>34.6</uncertainty>
    </latitude>
    <longitude>
      <value>26.8842</value>
      <uncertainty>8.2</uncertainty>
    </longitude>
    <depth>
      <value>2000</value>
    </depth>
    <depthType>from location</depthType>
    <methodID>smi:eu.emsc-csem/origin_method/NA</methodID>
    <quality>
      <usedPhaseCount>10</usedPhaseCount>
      <usedStationCount>9</usedStationCount>
      <standardError>1.05</standardError>
      <azimuthalGap>208</azimuthalGap>
      <minimumDistance>0.29</minimumDistance>
      <maximumDistance>24.77</maximumDistance>
    </quality>
    <evaluationMode>manual</evaluationMode>
    <creationInfo>
      <agencyURI>smi:smi-registry/organization/EMSC</agencyURI>
      <authorURI>smi:smi-registry/organization/EMSC</authorURI>
    </creationInfo>
    <originUncertainty>
      <azimuthMaxHorizontalUncertainty>160</azimuthMaxHorizontalUncertainty>
    </originUncertainty>
  </origin>
  <magnitude publicID="quakeml:eu.emsc/event/20000428_0000002/origin/1455258/mag/2">
    <mag>
      <value>3.8</value>
    </mag>
    <type>MD</type>
    <originID>quakeml:eu.emsc/event/20000428_0000002/origin/1455258</originID>
    <creationInfo>
      <agencyURI>smi:smi-registry/organization/EMSC</agencyURI>
      <authorURI>smi:smi-registry/organization/EMSC</authorURI>
    </creationInfo>
  </magnitude>
</event>
<event publicID="quakeml:eu.emsc/event/20000428_0000001">
  <preferredOriginID>quakeml:eu.emsc/event/20000428_0000001/origin/1446401</preferredOriginID>
  <preferredMagnitudeID>quakeml:eu.emsc/event/20000428_0000001/origin/1446401/mag/2</preferredMagnitudeID>
  <creationInfo>
    <agencyURI>smi:smi-registry/organization/EMSC</agencyURI>
    <authorURI>smi:smi-registry/organization/EMSC</authorURI>
    <creationTime>2014-12-10T09:08:59.310484Z</creationTime>
  </creationInfo>
  <description>
    <text>WESTERN TURKEY</text>
    <type>Flinn-Engdahl region</type>
  </description>
  <origin publicID="quakeml:eu.emsc/event/20000428_0000001/origin/1446401">
    <time>
      <value>2000-04-28T00:07:24.7Z</value>
    </time>
    <latitude>
      <value>40.448</value>
      <uncertainty>9999.9</uncertainty>
    </latitude>
    <longitude>
      <value>29.081</value>
      <uncertainty>9999.9</uncertainty>
    </longitude>
    <depth>
      <value>13000</value>
    </depth>
    <depthType>from location</depthType>
    <methodID>smi:eu.emsc-csem/origin_method/NA</methodID>
    <quality>
      <usedPhaseCount>16</usedPhaseCount>
      <usedStationCount>11</usedStationCount>
      <standardError>0.91</standardError>
      <azimuthalGap>60</azimuthalGap>
      <minimumDistance>0.25</minimumDistance>
      <maximumDistance>2.15</maximumDistance>
    </quality>
    <evaluationMode>manual</evaluationMode>
    <creationInfo>
      <agencyURI>smi:smi-registry/organization/EMSC</agencyURI>
      <authorURI>smi:smi-registry/organization/EMSC</authorURI>
    </creationInfo>
    <originUncertainty>
      <azimuthMaxHorizontalUncertainty>-99</azimuthMaxHorizontalUncertainty>
    </originUncertainty>
  </origin>
  <magnitude publicID="quakeml:eu.emsc/event/20000428_0000001/origin/1446401/mag/2">
    <mag>
      <value>3.3</value>
    </mag>
    <type>MD</type>
    <originID>quakeml:eu.emsc/event/20000428_0000001/origin/1446401</originID>
    <creationInfo>
      <agencyURI>smi:smi-registry/organization/EMSC</agencyURI>
      <authorURI>smi:smi-registry/organization/EMSC</authorURI>
    </creationInfo>
  </magnitude>
</event>
</eventParameters>
</q:quakeml>
