<?xml version="1.0"?>
<q:quakeml xmlns:q="http://quakeml.org/xmlns/quakeml/1.2"  xmlns="http://quakeml.org/xmlns/bed/1.2">
<eventParameters publicID="smi:eu.emsc/unid">
<event publicID="quakeml:eu.emsc/event/20000415_0000007">
  <preferredOriginID>quakeml:eu.emsc/event/20000415_0000007/origin/1455488</preferredOriginID>
  <preferredMagnitudeID>quakeml:eu.emsc/event/20000415_0000007/origin/1455488/mag/2</preferredMagnitudeID>
  <creationInfo>
    <agencyURI>smi:smi-registry/organization/EMSC</agencyURI>
    <authorURI>smi:smi-registry/organization/EMSC</authorURI>
    <creationTime>2014-12-03T11:30:43.330241Z</creationTime>
  </creationInfo>
  <description>
    <text>ADRIATIC SEA</text>
    <type>Flinn-Engdahl region</type>
  </description>
  <origin publicID="quakeml:eu.emsc/event/20000415_0000007/origin/1455488">
    <time>
      <value>2000-04-15T17:26:29.8Z</value>
      <uncertainty>0.31</uncertainty>
    </time>
    <latitude>
      <value>40.0816</value>
      <uncertainty>7</uncertainty>
    </latitude>
    <longitude>
      <value>19.7475</value>
      <uncertainty>4.6</uncertainty>
    </longitude>
    <depth>
      <value>5000</value>
    </depth>
    <depthType>from location</depthType>
    <methodID>smi:eu.emsc-csem/origin_method/NA</methodID>
    <quality>
      <usedPhaseCount>47</usedPhaseCount>
      <usedStationCount>33</usedStationCount>
      <standardError>1.07</standardError>
      <azimuthalGap>165</azimuthalGap>
      <minimumDistance>0.37</minimumDistance>
      <maximumDistance>71.4</maximumDistance>
    </quality>
    <evaluationMode>manual</evaluationMode>
    <creationInfo>
      <agencyURI>smi:smi-registry/organization/EMSC</agencyURI>
      <authorURI>smi:smi-registry/organization/EMSC</authorURI>
    </creationInfo>
    <originUncertainty>
      <azimuthMaxHorizontalUncertainty>83</azimuthMaxHorizontalUncertainty>
    </originUncertainty>
  </origin>
  <magnitude publicID="quakeml:eu.emsc/event/20000415_0000007/origin/1455488/mag/2">
    <mag>
      <value>4.2</value>
    </mag>
    <type>ML</type>
    <originID>quakeml:eu.emsc/event/20000415_0000007/origin/1455488</originID>
    <creationInfo>
      <agencyURI>smi:smi-registry/organization/EMSC</agencyURI>
      <authorURI>smi:smi-registry/organization/EMSC</authorURI>
    </creationInfo>
  </magnitude>
</event>
<event publicID="quakeml:eu.emsc/event/20000415_0000011">
  <preferredOriginID>quakeml:eu.emsc/event/20000415_0000011/origin/1458343</preferredOriginID>
  <preferredMagnitudeID>quakeml:eu.emsc/event/20000415_0000011/origin/1458343/mag/1</preferredMagnitudeID>
  <creationInfo>
    <agencyURI>smi:smi-registry/organization/EMSC</agencyURI>
    <authorURI>smi:smi-registry/organization/EMSC</authorURI>
    <creationTime>2014-12-03T16:53:22.442482Z</creationTime>
  </creationInfo>
  <description>
    <text>FRANCE</text>
    <type>Flinn-Engdahl region</type>
  </description>
  <origin publicID="quakeml:eu.emsc/event/20000415_0000011/origin/1458343">
    <time>
      <value>2000-04-15T15:12:45.9Z</value>
      <uncertainty>0.11</uncertainty>
    </time>
    <latitude>
      <value>47.9963</value>
      <uncertainty>2.7</uncertainty>
    </latitude>
    <longitude>
      <value>6.5109</value>
      <uncertainty>1.7</uncertainty>
    </longitude>
    <depth>
      <value>29200.0</value>
      <uncertainty>1.5</uncertainty>
    </depth>
    <depthType>from location</depthType>
    <methodID>smi:eu.emsc-csem/origin_method/NA</methodID>
    <quality>
      <usedPhaseCount>25</usedPhaseCount>
      <usedStationCount>13</usedStationCount>
      <standardError>0.55</standardError>
      <azimuthalGap>106</azimuthalGap>
      <minimumDistance>0.11</minimumDistance>
      <maximumDistance>2.46</maximumDistance>
    </quality>
    <evaluationMode>manual</evaluationMode>
    <creationInfo>
      <agencyURI>smi:smi-registry/organization/EMSC</agencyURI>
      <authorURI>smi:smi-registry/organization/EMSC</authorURI>
    </creationInfo>
    <originUncertainty>
      <azimuthMaxHorizontalUncertainty>154</azimuthMaxHorizontalUncertainty>
    </originUncertainty>
  </origin>
  <magnitude publicID="quakeml:eu.emsc/event/20000415_0000011/origin/1458343/mag/1">
    <mag>
      <value>1.6</value>
      <uncertainty>0.3</uncertainty>
    </mag>
    <type>ML</type>
    <originID>quakeml:eu.emsc/event/20000415_0000011/origin/1458343</originID>
    <stationCount>7</stationCount>
    <creationInfo>
      <agencyURI>smi:smi-registry/organization/EMSC</agencyURI>
      <authorURI>smi:smi-registry/organization/EMSC</authorURI>
    </creationInfo>
  </magnitude>
</event>
<event publicID="quakeml:eu.emsc/event/20000415_0000006">
  <preferredOriginID>quakeml:eu.emsc/event/20000415_0000006/origin/1455493</preferredOriginID>
  <preferredMagnitudeID>quakeml:eu.emsc/event/20000415_0000006/origin/1455493/mag/2</preferredMagnitudeID>
  <creationInfo>
    <agencyURI>smi:smi-registry/organization/EMSC</agencyURI>
    <authorURI>smi:smi-registry/organization/EMSC</authorURI>
    <creationTime>2014-12-03T10:29:52.845153Z</creationTime>
  </creationInfo>
  <description>
    <text>WESTERN TURKEY</text>
    <type>Flinn-Engdahl region</type>
  </description>
  <origin publicID="quakeml:eu.emsc/event/20000415_0000006/origin/1455493">
    <time>
      <value>2000-04-15T11:03:30.1Z</value>
      <uncertainty>0.12</uncertainty>
    </time>
    <latitude>
      <value>40.5709</value>
      <uncertainty>3.6</uncertainty>
    </latitude>
    <longitude>
      <value>28.2379</value>
      <uncertainty>2.7</uncertainty>
    </longitude>
    <depth>
      <value>5000</value>
    </depth>
    <depthType>from location</depthType>
    <methodID>smi:eu.emsc-csem/origin_method/NA</methodID>
    <quality>
      <usedPhaseCount>47</usedPhaseCount>
      <usedStationCount>40</usedStationCount>
      <standardError>0.81</standardError>
      <azimuthalGap>45</azimuthalGap>
      <minimumDistance>0.32</minimumDistance>
      <maximumDistance>5.66</maximumDistance>
    </quality>
    <evaluationMode>manual</evaluationMode>
    <creationInfo>
      <agencyURI>smi:smi-registry/organization/EMSC</agencyURI>
      <authorURI>smi:smi-registry/organization/EMSC</authorURI>
    </creationInfo>
    <originUncertainty>
      <azimuthMaxHorizontalUncertainty>2</azimuthMaxHorizontalUncertainty>
    </originUncertainty>
  </origin>
  <magnitude publicID="quakeml:eu.emsc/event/20000415_0000006/origin/1455493/mag/2">
    <mag>
      <value>3.6</value>
    </mag>
    <type>MD</type>
    <originID>quakeml:eu.emsc/event/20000415_0000006/origin/1455493</originID>
    <creationInfo>
      <agencyURI>smi:smi-registry/organization/EMSC</agencyURI>
      <authorURI>smi:smi-registry/organization/EMSC</authorURI>
    </creationInfo>
  </magnitude>
</event>
<event publicID="quakeml:eu.emsc/event/20000415_0000005">
  <preferredOriginID>quakeml:eu.emsc/event/20000415_0000005/origin/1455496</preferredOriginID>
  <preferredMagnitudeID>quakeml:eu.emsc/event/20000415_0000005/origin/1455496/mag/1</preferredMagnitudeID>
  <creationInfo>
    <agencyURI>smi:smi-registry/organization/EMSC</agencyURI>
    <authorURI>smi:smi-registry/organization/EMSC</authorURI>
    <creationTime>2014-12-03T10:57:16.81309Z</creationTime>
  </creationInfo>
  <description>
    <text>WESTERN IRAN</text>
    <type>Flinn-Engdahl region</type>
  </description>
  <origin publicID="quakeml:eu.emsc/event/20000415_0000005/origin/1455496">
    <time>
      <value>2000-04-15T09:52:14.8Z</value>
      <uncertainty>0.57</uncertainty>
    </time>
    <latitude>
      <value>32.251</value>
      <uncertainty>18.7</uncertainty>
    </latitude>
    <longitude>
      <value>49.3254</value>
      <uncertainty>9</uncertainty>
    </longitude>
    <depth>
      <value>47800.0</value>
      <uncertainty>7.7</uncertainty>
    </depth>
    <depthType>from location</depthType>
    <methodID>smi:eu.emsc-csem/origin_method/NA</methodID>
    <quality>
      <usedPhaseCount>16</usedPhaseCount>
      <usedStationCount>15</usedStationCount>
      <standardError>1.02</standardError>
      <azimuthalGap>135</azimuthalGap>
      <minimumDistance>2.93</minimumDistance>
      <maximumDistance>82.27</maximumDistance>
    </quality>
    <evaluationMode>manual</evaluationMode>
    <creationInfo>
      <agencyURI>smi:smi-registry/organization/EMSC</agencyURI>
      <authorURI>smi:smi-registry/organization/EMSC</authorURI>
    </creationInfo>
    <originUncertainty>
      <azimuthMaxHorizontalUncertainty>136</azimuthMaxHorizontalUncertainty>
    </originUncertainty>
  </origin>
  <magnitude publicID="quakeml:eu.emsc/event/20000415_0000005/origin/1455496/mag/1">
    <mag>
      <value>4.4</value>
      <uncertainty>0.2</uncertainty>
    </mag>
    <type>mb</type>
    <originID>quakeml:eu.emsc/event/20000415_0000005/origin/1455496</originID>
    <stationCount>8</stationCount>
    <creationInfo>
      <agencyURI>smi:smi-registry/organization/EMSC</agencyURI>
      <authorURI>smi:smi-registry/organization/EMSC</authorURI>
    </creationInfo>
  </magnitude>
</event>
<event publicID="quakeml:eu.emsc/event/20000415_0000004">
  <preferredOriginID>quakeml:eu.emsc/event/20000415_0000004/origin/1455498</preferredOriginID>
  <creationInfo>
    <agencyURI>smi:smi-registry/organization/EMSC</agencyURI>
    <authorURI>smi:smi-registry/organization/EMSC</authorURI>
    <creationTime>2014-12-03T11:22:26.702581Z</creationTime>
  </creationInfo>
  <description>
    <text>POLAND</text>
    <type>Flinn-Engdahl region</type>
  </description>
  <origin publicID="quakeml:eu.emsc/event/20000415_0000004/origin/1455498">
    <time>
      <value>2000-04-15T07:50:51.2Z</value>
      <uncertainty>0.66</uncertainty>
    </time>
    <latitude>
      <value>51.4029</value>
      <uncertainty>12.6</uncertainty>
    </latitude>
    <longitude>
      <value>16.1065</value>
      <uncertainty>6</uncertainty>
    </longitude>
    <depth>
      <value>10000</value>
    </depth>
    <depthType>from location</depthType>
    <methodID>smi:eu.emsc-csem/origin_method/NA</methodID>
    <quality>
      <usedPhaseCount>18</usedPhaseCount>
      <usedStationCount>9</usedStationCount>
      <standardError>1.22</standardError>
      <azimuthalGap>206</azimuthalGap>
      <minimumDistance>0.57</minimumDistance>
      <maximumDistance>3.75</maximumDistance>
    </quality>
    <evaluationMode>manual</evaluationMode>
    <creationInfo>
      <agencyURI>smi:smi-registry/organization/EMSC</agencyURI>
      <authorURI>smi:smi-registry/organization/EMSC</authorURI>
    </creationInfo>
    <originUncertainty>
      <azimuthMaxHorizontalUncertainty>13</azimuthMaxHorizontalUncertainty>
    </originUncertainty>
  </origin>
</event>
<event publicID="quakeml:eu.emsc/event/20000415_0000003">
  <preferredOriginID>quakeml:eu.emsc/event/20000415_0000003/origin/1446563</preferredOriginID>
  <preferredMagnitudeID>quakeml:eu.emsc/event/20000415_0000003/origin/1446563/mag/2</preferredMagnitudeID>
  <creationInfo>
    <agencyURI>smi:smi-registry/organization/EMSC</agencyURI>
    <authorURI>smi:smi-registry/organization/EMSC</authorURI>
    <creationTime>2014-12-10T09:06:34.844069Z</creationTime>
  </creationInfo>
  <description>
    <text>IONIAN SEA</text>
    <type>Flinn-Engdahl region</type>
  </description>
  <origin publicID="quakeml:eu.emsc/event/20000415_0000003/origin/1446563">
    <time>
      <value>2000-04-15T07:48:32.7Z</value>
    </time>
    <latitude>
      <value>37.27</value>
      <uncertainty>9999.9</uncertainty>
    </latitude>
    <longitude>
      <value>20.61</value>
      <uncertainty>9999.9</uncertainty>
    </longitude>
    <depth>
      <value>5000</value>
    </depth>
    <depthType>from location</depthType>
    <methodID>smi:eu.emsc-csem/origin_method/NA</methodID>
    <quality>
      <usedPhaseCount>7</usedPhaseCount>
      <usedStationCount>5</usedStationCount>
      <standardError>1.86</standardError>
      <azimuthalGap>242</azimuthalGap>
      <minimumDistance>0.91</minimumDistance>
      <maximumDistance>2.18</maximumDistance>
    </quality>
    <evaluationMode>manual</evaluationMode>
    <creationInfo>
      <agencyURI>smi:smi-registry/organization/EMSC</agencyURI>
      <authorURI>smi:smi-registry/organization/EMSC</authorURI>
    </creationInfo>
    <originUncertainty>
      <azimuthMaxHorizontalUncertainty>-99</azimuthMaxHorizontalUncertainty>
    </originUncertainty>
  </origin>
  <magnitude publicID="quakeml:eu.emsc/event/20000415_0000003/origin/1446563/mag/2">
    <mag>
      <value>3</value>
    </mag>
    <type>MD</type>
    <originID>quakeml:eu.emsc/event/20000415_0000003/origin/1446563</originID>
    <creationInfo>
      <agencyURI>smi:smi-registry/organization/EMSC</agencyURI>
      <authorURI>smi:smi-registry/organization/EMSC</authorURI>
    </creationInfo>
  </magnitude>
</event>
<event publicID="quakeml:eu.emsc/event/20000415_0000002">
  <preferredOriginID>quakeml:eu.emsc/event/20000415_0000002/origin/1455500</preferredOriginID>
  <preferredMagnitudeID>quakeml:eu.emsc/event/20000415_0000002/origin/1455500/mag/2</preferredMagnitudeID>
  <creationInfo>
    <agencyURI>smi:smi-registry/organization/EMSC</agencyURI>
    <authorURI>smi:smi-registry/organization/EMSC</authorURI>
    <creationTime>2014-12-03T12:10:50.804813Z</creationTime>
  </creationInfo>
  <description>
    <text>CAUCASUS REGION, RUSSIA</text>
    <type>Flinn-Engdahl region</type>
  </description>
  <origin publicID="quakeml:eu.emsc/event/20000415_0000002/origin/1455500">
    <time>
      <value>2000-04-15T07:15:20.7Z</value>
      <uncertainty>1.16</uncertainty>
    </time>
    <latitude>
      <value>43.125</value>
      <uncertainty>74.8</uncertainty>
    </latitude>
    <longitude>
      <value>47.013</value>
      <uncertainty>10.8</uncertainty>
    </longitude>
    <depth>
      <value>2000</value>
    </depth>
    <depthType>from location</depthType>
    <methodID>smi:eu.emsc-csem/origin_method/NA</methodID>
    <quality>
      <usedPhaseCount>5</usedPhaseCount>
      <usedStationCount>4</usedStationCount>
      <standardError>0.87</standardError>
      <azimuthalGap>209</azimuthalGap>
      <minimumDistance>1.46</minimumDistance>
      <maximumDistance>22.61</maximumDistance>
    </quality>
    <evaluationMode>manual</evaluationMode>
    <creationInfo>
      <agencyURI>smi:smi-registry/organization/EMSC</agencyURI>
      <authorURI>smi:smi-registry/organization/EMSC</authorURI>
    </creationInfo>
    <originUncertainty>
      <azimuthMaxHorizontalUncertainty>33</azimuthMaxHorizontalUncertainty>
    </originUncertainty>
  </origin>
  <magnitude publicID="quakeml:eu.emsc/event/20000415_0000002/origin/1455500/mag/2">
    <mag>
      <value>3.9</value>
    </mag>
    <type>mb</type>
    <originID>quakeml:eu.emsc/event/20000415_0000002/origin/1455500</originID>
    <stationCount>5</stationCount>
    <creationInfo>
      <agencyURI>smi:smi-registry/organization/EMSC</agencyURI>
      <authorURI>smi:smi-registry/organization/EMSC</authorURI>
    </creationInfo>
  </magnitude>
</event>
<event publicID="quakeml:eu.emsc/event/20000415_0000001">
  <preferredOriginID>quakeml:eu.emsc/event/20000415_0000001/origin/1446565</preferredOriginID>
  <preferredMagnitudeID>quakeml:eu.emsc/event/20000415_0000001/origin/1446565/mag/2</preferredMagnitudeID>
  <creationInfo>
    <agencyURI>smi:smi-registry/organization/EMSC</agencyURI>
    <authorURI>smi:smi-registry/organization/EMSC</authorURI>
    <creationTime>2014-12-10T09:06:26.30256Z</creationTime>
  </creationInfo>
  <description>
    <text>WESTERN TURKEY</text>
    <type>Flinn-Engdahl region</type>
  </description>
  <origin publicID="quakeml:eu.emsc/event/20000415_0000001/origin/1446565">
    <time>
      <value>2000-04-15T01:28:57.0Z</value>
    </time>
    <latitude>
      <value>40.386</value>
      <uncertainty>9999.9</uncertainty>
    </latitude>
    <longitude>
      <value>30.454</value>
      <uncertainty>9999.9</uncertainty>
    </longitude>
    <depth>
      <value>10000</value>
    </depth>
    <depthType>from location</depthType>
    <methodID>smi:eu.emsc-csem/origin_method/NA</methodID>
    <quality>
      <usedPhaseCount>11</usedPhaseCount>
      <usedStationCount>9</usedStationCount>
      <standardError>1.81</standardError>
      <azimuthalGap>135</azimuthalGap>
      <minimumDistance>0.14</minimumDistance>
      <maximumDistance>2.18</maximumDistance>
    </quality>
    <evaluationMode>manual</evaluationMode>
    <creationInfo>
      <agencyURI>smi:smi-registry/organization/EMSC</agencyURI>
      <authorURI>smi:smi-registry/organization/EMSC</authorURI>
    </creationInfo>
    <originUncertainty>
      <azimuthMaxHorizontalUncertainty>-99</azimuthMaxHorizontalUncertainty>
    </originUncertainty>
  </origin>
  <magnitude publicID="quakeml:eu.emsc/event/20000415_0000001/origin/1446565/mag/2">
    <mag>
      <value>3.1</value>
    </mag>
    <type>MD</type>
    <originID>quakeml:eu.emsc/event/20000415_0000001/origin/1446565</originID>
    <creationInfo>
      <agencyURI>smi:smi-registry/organization/EMSC</agencyURI>
      <authorURI>smi:smi-registry/organization/EMSC</authorURI>
    </creationInfo>
  </magnitude>
</event>
<event publicID="quakeml:eu.emsc/event/20000415_0000009">
  <preferredOriginID>quakeml:eu.emsc/event/20000415_0000009/origin/1446567</preferredOriginID>
  <preferredMagnitudeID>quakeml:eu.emsc/event/20000415_0000009/origin/1446567/mag/2</preferredMagnitudeID>
  <creationInfo>
    <agencyURI>smi:smi-registry/organization/EMSC</agencyURI>
    <authorURI>smi:smi-registry/organization/EMSC</authorURI>
    <creationTime>2014-12-10T13:16:14.16424Z</creationTime>
  </creationInfo>
  <description>
    <text>NORTHERN ITALY</text>
    <type>Flinn-Engdahl region</type>
  </description>
  <origin publicID="quakeml:eu.emsc/event/20000415_0000009/origin/1446567">
    <time>
      <value>2000-04-15T00:12:04.6Z</value>
    </time>
    <latitude>
      <value>44.3928</value>
      <uncertainty>9999.9</uncertainty>
    </latitude>
    <longitude>
      <value>7.197</value>
      <uncertainty>9999.9</uncertainty>
    </longitude>
    <depth>
      <value>12500.0</value>
    </depth>
    <depthType>from location</depthType>
    <methodID>smi:eu.emsc-csem/origin_method/NA</methodID>
    <quality>
      <usedPhaseCount>13</usedPhaseCount>
      <usedStationCount>7</usedStationCount>
      <standardError>9.78</standardError>
      <azimuthalGap>180</azimuthalGap>
      <minimumDistance>0.13</minimumDistance>
      <maximumDistance>0.98</maximumDistance>
    </quality>
    <evaluationMode>manual</evaluationMode>
    <creationInfo>
      <agencyURI>smi:smi-registry/organization/EMSC</agencyURI>
      <authorURI>smi:smi-registry/organization/EMSC</authorURI>
    </creationInfo>
    <originUncertainty>
      <azimuthMaxHorizontalUncertainty>-99</azimuthMaxHorizontalUncertainty>
    </originUncertainty>
  </origin>
  <magnitude publicID="quakeml:eu.emsc/event/20000415_0000009/origin/1446567/mag/2">
    <mag>
      <value>2</value>
    </mag>
    <type>ML</type>
    <originID>quakeml:eu.emsc/event/20000415_0000009/origin/1446567</originID>
    <creationInfo>
      <agencyURI>smi:smi-registry/organization/EMSC</agencyURI>
      <authorURI>smi:smi-registry/organization/EMSC</authorURI>
    </creationInfo>
  </magnitude>
</event>
<event publicID="quakeml:eu.emsc/event/20000415_0000010">
  <preferredOriginID>quakeml:eu.emsc/event/20000415_0000010/origin/1446569</preferredOriginID>
  <preferredMagnitudeID>quakeml:eu.emsc/event/20000415_0000010/origin/1446569/mag/2</preferredMagnitudeID>
  <creationInfo>
    <agencyURI>smi:smi-registry/organization/EMSC</agencyURI>
    <authorURI>smi:smi-registry/organization/EMSC</authorURI>
    <creationTime>2014-12-10T13:08:54.415881Z</creationTime>
  </creationInfo>
  <description>
    <text>NORTHERN ITALY</text>
    <type>Flinn-Engdahl region</type>
  </description>
  <origin publicID="quakeml:eu.emsc/event/20000415_0000010/origin/1446569">
    <time>
      <value>2000-04-15T00:10:31.4Z</value>
    </time>
    <latitude>
      <value>44.3992</value>
      <uncertainty>9999.9</uncertainty>
    </latitude>
    <longitude>
      <value>7.2188</value>
      <uncertainty>9999.9</uncertainty>
    </longitude>
    <depth>
      <value>13100.0</value>
    </depth>
    <depthType>from location</depthType>
    <methodID>smi:eu.emsc-csem/origin_method/NA</methodID>
    <quality>
      <usedPhaseCount>12</usedPhaseCount>
      <usedStationCount>6</usedStationCount>
      <standardError>5.93</standardError>
      <azimuthalGap>167</azimuthalGap>
      <minimumDistance>0.14</minimumDistance>
      <maximumDistance>0.74</maximumDistance>
    </quality>
    <evaluationMode>manual</evaluationMode>
    <creationInfo>
      <agencyURI>smi:smi-registry/organization/EMSC</agencyURI>
      <authorURI>smi:smi-registry/organization/EMSC</authorURI>
    </creationInfo>
    <originUncertainty>
      <azimuthMaxHorizontalUncertainty>-99</azimuthMaxHorizontalUncertainty>
    </originUncertainty>
  </origin>
  <magnitude publicID="quakeml:eu.emsc/event/20000415_0000010/origin/1446569/mag/2">
    <mag>
      <value>1.8</value>
    </mag>
    <type>ML</type>
    <originID>quakeml:eu.emsc/event/20000415_0000010/origin/1446569</originID>
    <creationInfo>
      <agencyURI>smi:smi-registry/organization/EMSC</agencyURI>
      <authorURI>smi:smi-registry/organization/EMSC</authorURI>
    </creationInfo>
  </magnitude>
</event>
</eventParameters>
</q:quakeml>
