<?xml version="1.0"?>
<q:quakeml xmlns:q="http://quakeml.org/xmlns/quakeml/1.2"  xmlns="http://quakeml.org/xmlns/bed/1.2">
<eventParameters publicID="smi:eu.emsc/unid">
<event publicID="quakeml:eu.emsc/event/20000725_0000015">
  <preferredOriginID>quakeml:eu.emsc/event/20000725_0000015/origin/1451809</preferredOriginID>
  <preferredMagnitudeID>quakeml:eu.emsc/event/20000725_0000015/origin/1451809/mag/1</preferredMagnitudeID>
  <creationInfo>
    <agencyURI>smi:smi-registry/organization/EMSC</agencyURI>
    <authorURI>smi:smi-registry/organization/EMSC</authorURI>
    <creationTime>2014-12-03T16:15:33.822505Z</creationTime>
  </creationInfo>
  <description>
    <text>PYRENEES</text>
    <type>Flinn-Engdahl region</type>
  </description>
  <origin publicID="quakeml:eu.emsc/event/20000725_0000015/origin/1451809">
    <time>
      <value>2000-07-25T22:04:26.4Z</value>
      <uncertainty>0.2</uncertainty>
    </time>
    <latitude>
      <value>42.5409</value>
      <uncertainty>4</uncertainty>
    </latitude>
    <longitude>
      <value>0.9042</value>
      <uncertainty>2.9</uncertainty>
    </longitude>
    <depth>
      <value>10000</value>
    </depth>
    <depthType>from location</depthType>
    <methodID>smi:eu.emsc-csem/origin_method/NA</methodID>
    <quality>
      <usedPhaseCount>39</usedPhaseCount>
      <usedStationCount>17</usedStationCount>
      <standardError>0.98</standardError>
      <azimuthalGap>99</azimuthalGap>
      <minimumDistance>0.13</minimumDistance>
      <maximumDistance>2.8</maximumDistance>
    </quality>
    <evaluationMode>manual</evaluationMode>
    <creationInfo>
      <agencyURI>smi:smi-registry/organization/EMSC</agencyURI>
      <authorURI>smi:smi-registry/organization/EMSC</authorURI>
    </creationInfo>
    <originUncertainty>
      <azimuthMaxHorizontalUncertainty>17</azimuthMaxHorizontalUncertainty>
    </originUncertainty>
  </origin>
  <magnitude publicID="quakeml:eu.emsc/event/20000725_0000015/origin/1451809/mag/1">
    <mag>
      <value>2.2</value>
      <uncertainty>0.3</uncertainty>
    </mag>
    <type>ML</type>
    <originID>quakeml:eu.emsc/event/20000725_0000015/origin/1451809</originID>
    <stationCount>6</stationCount>
    <creationInfo>
      <agencyURI>smi:smi-registry/organization/EMSC</agencyURI>
      <authorURI>smi:smi-registry/organization/EMSC</authorURI>
    </creationInfo>
  </magnitude>
</event>
<event publicID="quakeml:eu.emsc/event/20000725_0000010">
  <preferredOriginID>quakeml:eu.emsc/event/20000725_0000010/origin/1452257</preferredOriginID>
  <preferredMagnitudeID>quakeml:eu.emsc/event/20000725_0000010/origin/1452257/mag/2</preferredMagnitudeID>
  <creationInfo>
    <agencyURI>smi:smi-registry/organization/EMSC</agencyURI>
    <authorURI>smi:smi-registry/organization/EMSC</authorURI>
    <creationTime>2014-12-03T10:53:36.958733Z</creationTime>
  </creationInfo>
  <description>
    <text>SOUTHERN GREECE</text>
    <type>Flinn-Engdahl region</type>
  </description>
  <origin publicID="quakeml:eu.emsc/event/20000725_0000010/origin/1452257">
    <time>
      <value>2000-07-25T19:34:01.0Z</value>
      <uncertainty>0.17</uncertainty>
    </time>
    <latitude>
      <value>37.1938</value>
      <uncertainty>5.9</uncertainty>
    </latitude>
    <longitude>
      <value>21.9075</value>
      <uncertainty>3.1</uncertainty>
    </longitude>
    <depth>
      <value>60000</value>
    </depth>
    <depthType>from location</depthType>
    <methodID>smi:eu.emsc-csem/origin_method/NA</methodID>
    <quality>
      <usedPhaseCount>143</usedPhaseCount>
      <usedStationCount>140</usedStationCount>
      <standardError>1.23</standardError>
      <azimuthalGap>91</azimuthalGap>
      <minimumDistance>1.43</minimumDistance>
      <maximumDistance>38.95</maximumDistance>
    </quality>
    <evaluationMode>manual</evaluationMode>
    <creationInfo>
      <agencyURI>smi:smi-registry/organization/EMSC</agencyURI>
      <authorURI>smi:smi-registry/organization/EMSC</authorURI>
    </creationInfo>
    <originUncertainty>
      <azimuthMaxHorizontalUncertainty>34</azimuthMaxHorizontalUncertainty>
    </originUncertainty>
  </origin>
  <magnitude publicID="quakeml:eu.emsc/event/20000725_0000010/origin/1452257/mag/2">
    <mag>
      <value>4.6</value>
    </mag>
    <type>mb</type>
    <originID>quakeml:eu.emsc/event/20000725_0000010/origin/1452257</originID>
    <stationCount>68</stationCount>
    <creationInfo>
      <agencyURI>smi:smi-registry/organization/EMSC</agencyURI>
      <authorURI>smi:smi-registry/organization/EMSC</authorURI>
    </creationInfo>
  </magnitude>
</event>
<event publicID="quakeml:eu.emsc/event/20000725_0000009">
  <preferredOriginID>quakeml:eu.emsc/event/20000725_0000009/origin/1452261</preferredOriginID>
  <preferredMagnitudeID>quakeml:eu.emsc/event/20000725_0000009/origin/1452261/mag/2</preferredMagnitudeID>
  <creationInfo>
    <agencyURI>smi:smi-registry/organization/EMSC</agencyURI>
    <authorURI>smi:smi-registry/organization/EMSC</authorURI>
    <creationTime>2014-12-03T12:09:55.447276Z</creationTime>
  </creationInfo>
  <description>
    <text>DODECANESE ISLANDS, GREECE</text>
    <type>Flinn-Engdahl region</type>
  </description>
  <origin publicID="quakeml:eu.emsc/event/20000725_0000009/origin/1452261">
    <time>
      <value>2000-07-25T19:07:38.5Z</value>
      <uncertainty>0.16</uncertainty>
    </time>
    <latitude>
      <value>36.5654</value>
      <uncertainty>7.3</uncertainty>
    </latitude>
    <longitude>
      <value>28.1802</value>
      <uncertainty>3.7</uncertainty>
    </longitude>
    <depth>
      <value>80000</value>
    </depth>
    <depthType>from location</depthType>
    <methodID>smi:eu.emsc-csem/origin_method/NA</methodID>
    <quality>
      <usedPhaseCount>24</usedPhaseCount>
      <usedStationCount>21</usedStationCount>
      <standardError>0.68</standardError>
      <azimuthalGap>107</azimuthalGap>
      <minimumDistance>0.35</minimumDistance>
      <maximumDistance>9.4</maximumDistance>
    </quality>
    <evaluationMode>manual</evaluationMode>
    <creationInfo>
      <agencyURI>smi:smi-registry/organization/EMSC</agencyURI>
      <authorURI>smi:smi-registry/organization/EMSC</authorURI>
    </creationInfo>
    <originUncertainty>
      <azimuthMaxHorizontalUncertainty>72</azimuthMaxHorizontalUncertainty>
    </originUncertainty>
  </origin>
  <magnitude publicID="quakeml:eu.emsc/event/20000725_0000009/origin/1452261/mag/2">
    <mag>
      <value>3.6</value>
    </mag>
    <type>MD</type>
    <originID>quakeml:eu.emsc/event/20000725_0000009/origin/1452261</originID>
    <creationInfo>
      <agencyURI>smi:smi-registry/organization/EMSC</agencyURI>
      <authorURI>smi:smi-registry/organization/EMSC</authorURI>
    </creationInfo>
  </magnitude>
</event>
<event publicID="quakeml:eu.emsc/event/20000725_0000008">
  <preferredOriginID>quakeml:eu.emsc/event/20000725_0000008/origin/1452264</preferredOriginID>
  <preferredMagnitudeID>quakeml:eu.emsc/event/20000725_0000008/origin/1452264/mag/2</preferredMagnitudeID>
  <creationInfo>
    <agencyURI>smi:smi-registry/organization/EMSC</agencyURI>
    <authorURI>smi:smi-registry/organization/EMSC</authorURI>
    <creationTime>2014-12-03T11:47:38.50725Z</creationTime>
  </creationInfo>
  <description>
    <text>GREECE</text>
    <type>Flinn-Engdahl region</type>
  </description>
  <origin publicID="quakeml:eu.emsc/event/20000725_0000008/origin/1452264">
    <time>
      <value>2000-07-25T18:38:48.1Z</value>
      <uncertainty>0.26</uncertainty>
    </time>
    <latitude>
      <value>39.1115</value>
      <uncertainty>7.9</uncertainty>
    </latitude>
    <longitude>
      <value>22.4983</value>
      <uncertainty>4</uncertainty>
    </longitude>
    <depth>
      <value>5000</value>
    </depth>
    <depthType>from location</depthType>
    <methodID>smi:eu.emsc-csem/origin_method/NA</methodID>
    <quality>
      <usedPhaseCount>13</usedPhaseCount>
      <usedStationCount>8</usedStationCount>
      <standardError>0.95</standardError>
      <azimuthalGap>152</azimuthalGap>
      <minimumDistance>0.57</minimumDistance>
      <maximumDistance>1.76</maximumDistance>
    </quality>
    <evaluationMode>manual</evaluationMode>
    <creationInfo>
      <agencyURI>smi:smi-registry/organization/EMSC</agencyURI>
      <authorURI>smi:smi-registry/organization/EMSC</authorURI>
    </creationInfo>
    <originUncertainty>
      <azimuthMaxHorizontalUncertainty>155</azimuthMaxHorizontalUncertainty>
    </originUncertainty>
  </origin>
  <magnitude publicID="quakeml:eu.emsc/event/20000725_0000008/origin/1452264/mag/2">
    <mag>
      <value>2.7</value>
    </mag>
    <type>ML</type>
    <originID>quakeml:eu.emsc/event/20000725_0000008/origin/1452264</originID>
    <creationInfo>
      <agencyURI>smi:smi-registry/organization/EMSC</agencyURI>
      <authorURI>smi:smi-registry/organization/EMSC</authorURI>
    </creationInfo>
  </magnitude>
</event>
<event publicID="quakeml:eu.emsc/event/20000725_0000007">
  <preferredOriginID>quakeml:eu.emsc/event/20000725_0000007/origin/1452266</preferredOriginID>
  <preferredMagnitudeID>quakeml:eu.emsc/event/20000725_0000007/origin/1452266/mag/1</preferredMagnitudeID>
  <creationInfo>
    <agencyURI>smi:smi-registry/organization/EMSC</agencyURI>
    <authorURI>smi:smi-registry/organization/EMSC</authorURI>
    <creationTime>2014-12-03T11:03:54.168503Z</creationTime>
  </creationInfo>
  <description>
    <text>GULF OF ADEN</text>
    <type>Flinn-Engdahl region</type>
  </description>
  <origin publicID="quakeml:eu.emsc/event/20000725_0000007/origin/1452266">
    <time>
      <value>2000-07-25T18:15:30.0Z</value>
      <uncertainty>0.38</uncertainty>
    </time>
    <latitude>
      <value>13.4388</value>
      <uncertainty>16.9</uncertainty>
    </latitude>
    <longitude>
      <value>50.7861</value>
      <uncertainty>10</uncertainty>
    </longitude>
    <depth>
      <value>10000</value>
    </depth>
    <depthType>from location</depthType>
    <methodID>smi:eu.emsc-csem/origin_method/NA</methodID>
    <quality>
      <usedPhaseCount>33</usedPhaseCount>
      <usedStationCount>33</usedStationCount>
      <standardError>1.1</standardError>
      <azimuthalGap>133</azimuthalGap>
      <minimumDistance>5.1</minimumDistance>
      <maximumDistance>121.23</maximumDistance>
    </quality>
    <evaluationMode>manual</evaluationMode>
    <creationInfo>
      <agencyURI>smi:smi-registry/organization/EMSC</agencyURI>
      <authorURI>smi:smi-registry/organization/EMSC</authorURI>
    </creationInfo>
    <originUncertainty>
      <azimuthMaxHorizontalUncertainty>1</azimuthMaxHorizontalUncertainty>
    </originUncertainty>
  </origin>
  <magnitude publicID="quakeml:eu.emsc/event/20000725_0000007/origin/1452266/mag/1">
    <mag>
      <value>4.5</value>
      <uncertainty>0.4</uncertainty>
    </mag>
    <type>mb</type>
    <originID>quakeml:eu.emsc/event/20000725_0000007/origin/1452266</originID>
    <stationCount>5</stationCount>
    <creationInfo>
      <agencyURI>smi:smi-registry/organization/EMSC</agencyURI>
      <authorURI>smi:smi-registry/organization/EMSC</authorURI>
    </creationInfo>
  </magnitude>
</event>
<event publicID="quakeml:eu.emsc/event/20000725_0000012">
  <preferredOriginID>quakeml:eu.emsc/event/20000725_0000012/origin/1451812</preferredOriginID>
  <preferredMagnitudeID>quakeml:eu.emsc/event/20000725_0000012/origin/1451812/mag/1</preferredMagnitudeID>
  <creationInfo>
    <agencyURI>smi:smi-registry/organization/EMSC</agencyURI>
    <authorURI>smi:smi-registry/organization/EMSC</authorURI>
    <creationTime>2014-12-03T15:33:18.626027Z</creationTime>
  </creationInfo>
  <description>
    <text>NORTHERN ITALY</text>
    <type>Flinn-Engdahl region</type>
  </description>
  <origin publicID="quakeml:eu.emsc/event/20000725_0000012/origin/1451812">
    <time>
      <value>2000-07-25T13:57:07.9Z</value>
      <uncertainty>0.16</uncertainty>
    </time>
    <latitude>
      <value>44.4005</value>
      <uncertainty>3.3</uncertainty>
    </latitude>
    <longitude>
      <value>7.2938</value>
      <uncertainty>1.7</uncertainty>
    </longitude>
    <depth>
      <value>10000</value>
    </depth>
    <depthType>from location</depthType>
    <methodID>smi:eu.emsc-csem/origin_method/NA</methodID>
    <quality>
      <usedPhaseCount>47</usedPhaseCount>
      <usedStationCount>28</usedStationCount>
      <standardError>0.69</standardError>
      <azimuthalGap>174</azimuthalGap>
      <minimumDistance>0.39</minimumDistance>
      <maximumDistance>4.05</maximumDistance>
    </quality>
    <evaluationMode>manual</evaluationMode>
    <creationInfo>
      <agencyURI>smi:smi-registry/organization/EMSC</agencyURI>
      <authorURI>smi:smi-registry/organization/EMSC</authorURI>
    </creationInfo>
    <originUncertainty>
      <azimuthMaxHorizontalUncertainty>70</azimuthMaxHorizontalUncertainty>
    </originUncertainty>
  </origin>
  <magnitude publicID="quakeml:eu.emsc/event/20000725_0000012/origin/1451812/mag/1">
    <mag>
      <value>2.7</value>
      <uncertainty>0.4</uncertainty>
    </mag>
    <type>ML</type>
    <originID>quakeml:eu.emsc/event/20000725_0000012/origin/1451812</originID>
    <stationCount>9</stationCount>
    <creationInfo>
      <agencyURI>smi:smi-registry/organization/EMSC</agencyURI>
      <authorURI>smi:smi-registry/organization/EMSC</authorURI>
    </creationInfo>
  </magnitude>
</event>
<event publicID="quakeml:eu.emsc/event/20000725_0000018">
  <preferredOriginID>quakeml:eu.emsc/event/20000725_0000018/origin/1451780</preferredOriginID>
  <preferredMagnitudeID>quakeml:eu.emsc/event/20000725_0000018/origin/1451780/mag/1</preferredMagnitudeID>
  <creationInfo>
    <agencyURI>smi:smi-registry/organization/EMSC</agencyURI>
    <authorURI>smi:smi-registry/organization/EMSC</authorURI>
    <creationTime>2014-12-03T17:00:56.554722Z</creationTime>
  </creationInfo>
  <description>
    <text>SWITZERLAND</text>
    <type>Flinn-Engdahl region</type>
  </description>
  <origin publicID="quakeml:eu.emsc/event/20000725_0000018/origin/1451780">
    <time>
      <value>2000-07-25T13:14:28.3Z</value>
      <uncertainty>0.29</uncertainty>
    </time>
    <latitude>
      <value>46.164</value>
      <uncertainty>5.9</uncertainty>
    </latitude>
    <longitude>
      <value>7.6221</value>
      <uncertainty>4.1</uncertainty>
    </longitude>
    <depth>
      <value>2000</value>
    </depth>
    <depthType>from location</depthType>
    <methodID>smi:eu.emsc-csem/origin_method/NA</methodID>
    <quality>
      <usedPhaseCount>21</usedPhaseCount>
      <usedStationCount>13</usedStationCount>
      <standardError>1.12</standardError>
      <azimuthalGap>87</azimuthalGap>
      <minimumDistance>0.17</minimumDistance>
      <maximumDistance>2.45</maximumDistance>
    </quality>
    <evaluationMode>manual</evaluationMode>
    <creationInfo>
      <agencyURI>smi:smi-registry/organization/EMSC</agencyURI>
      <authorURI>smi:smi-registry/organization/EMSC</authorURI>
    </creationInfo>
    <originUncertainty>
      <azimuthMaxHorizontalUncertainty>110</azimuthMaxHorizontalUncertainty>
    </originUncertainty>
  </origin>
  <magnitude publicID="quakeml:eu.emsc/event/20000725_0000018/origin/1451780/mag/1">
    <mag>
      <value>2.3</value>
      <uncertainty>0.3</uncertainty>
    </mag>
    <type>ML</type>
    <originID>quakeml:eu.emsc/event/20000725_0000018/origin/1451780</originID>
    <stationCount>9</stationCount>
    <creationInfo>
      <agencyURI>smi:smi-registry/organization/EMSC</agencyURI>
      <authorURI>smi:smi-registry/organization/EMSC</authorURI>
    </creationInfo>
  </magnitude>
</event>
<event publicID="quakeml:eu.emsc/event/20000725_0000006">
  <preferredOriginID>quakeml:eu.emsc/event/20000725_0000006/origin/1444771</preferredOriginID>
  <preferredMagnitudeID>quakeml:eu.emsc/event/20000725_0000006/origin/1444771/mag/2</preferredMagnitudeID>
  <creationInfo>
    <agencyURI>smi:smi-registry/organization/EMSC</agencyURI>
    <authorURI>smi:smi-registry/organization/EMSC</authorURI>
    <creationTime>2014-12-10T09:56:58.366668Z</creationTime>
  </creationInfo>
  <description>
    <text>SOUTHERN GREECE</text>
    <type>Flinn-Engdahl region</type>
  </description>
  <origin publicID="quakeml:eu.emsc/event/20000725_0000006/origin/1444771">
    <time>
      <value>2000-07-25T12:45:59.8Z</value>
    </time>
    <latitude>
      <value>37.21</value>
      <uncertainty>9999.9</uncertainty>
    </latitude>
    <longitude>
      <value>21.94</value>
      <uncertainty>9999.9</uncertainty>
    </longitude>
    <depth>
      <value>5000</value>
    </depth>
    <depthType>from location</depthType>
    <methodID>smi:eu.emsc-csem/origin_method/NA</methodID>
    <quality>
      <usedPhaseCount>5</usedPhaseCount>
      <usedStationCount>5</usedStationCount>
      <standardError>1.63</standardError>
      <azimuthalGap>124</azimuthalGap>
      <minimumDistance>0.03</minimumDistance>
      <maximumDistance>1.71</maximumDistance>
    </quality>
    <evaluationMode>manual</evaluationMode>
    <creationInfo>
      <agencyURI>smi:smi-registry/organization/EMSC</agencyURI>
      <authorURI>smi:smi-registry/organization/EMSC</authorURI>
    </creationInfo>
    <originUncertainty>
      <azimuthMaxHorizontalUncertainty>-99</azimuthMaxHorizontalUncertainty>
    </originUncertainty>
  </origin>
  <magnitude publicID="quakeml:eu.emsc/event/20000725_0000006/origin/1444771/mag/2">
    <mag>
      <value>3</value>
    </mag>
    <type>MD</type>
    <originID>quakeml:eu.emsc/event/20000725_0000006/origin/1444771</originID>
    <creationInfo>
      <agencyURI>smi:smi-registry/organization/EMSC</agencyURI>
      <authorURI>smi:smi-registry/organization/EMSC</authorURI>
    </creationInfo>
  </magnitude>
</event>
<event publicID="quakeml:eu.emsc/event/20000725_0000014">
  <preferredOriginID>quakeml:eu.emsc/event/20000725_0000014/origin/1444773</preferredOriginID>
  <preferredMagnitudeID>quakeml:eu.emsc/event/20000725_0000014/origin/1444773/mag/2</preferredMagnitudeID>
  <creationInfo>
    <agencyURI>smi:smi-registry/organization/EMSC</agencyURI>
    <authorURI>smi:smi-registry/organization/EMSC</authorURI>
    <creationTime>2014-12-10T13:11:24.286364Z</creationTime>
  </creationInfo>
  <description>
    <text>FRANCE</text>
    <type>Flinn-Engdahl region</type>
  </description>
  <origin publicID="quakeml:eu.emsc/event/20000725_0000014/origin/1444773">
    <time>
      <value>2000-07-25T12:04:38.3Z</value>
    </time>
    <latitude>
      <value>48.04</value>
      <uncertainty>9999.9</uncertainty>
    </latitude>
    <longitude>
      <value>7.43</value>
      <uncertainty>9999.9</uncertainty>
    </longitude>
    <depth>
      <value>2000</value>
    </depth>
    <depthType>from location</depthType>
    <methodID>smi:eu.emsc-csem/origin_method/NA</methodID>
    <quality>
      <usedPhaseCount>13</usedPhaseCount>
      <usedStationCount>7</usedStationCount>
      <standardError>0.62</standardError>
      <azimuthalGap>120</azimuthalGap>
      <minimumDistance>0.25</minimumDistance>
      <maximumDistance>0.98</maximumDistance>
    </quality>
    <evaluationMode>manual</evaluationMode>
    <creationInfo>
      <agencyURI>smi:smi-registry/organization/EMSC</agencyURI>
      <authorURI>smi:smi-registry/organization/EMSC</authorURI>
    </creationInfo>
    <originUncertainty>
      <azimuthMaxHorizontalUncertainty>-99</azimuthMaxHorizontalUncertainty>
    </originUncertainty>
  </origin>
  <magnitude publicID="quakeml:eu.emsc/event/20000725_0000014/origin/1444773/mag/2">
    <mag>
      <value>1.9</value>
    </mag>
    <type>ML</type>
    <originID>quakeml:eu.emsc/event/20000725_0000014/origin/1444773</originID>
    <creationInfo>
      <agencyURI>smi:smi-registry/organization/EMSC</agencyURI>
      <authorURI>smi:smi-registry/organization/EMSC</authorURI>
    </creationInfo>
  </magnitude>
</event>
<event publicID="quakeml:eu.emsc/event/20000725_0000016">
  <preferredOriginID>quakeml:eu.emsc/event/20000725_0000016/origin/1444775</preferredOriginID>
  <preferredMagnitudeID>quakeml:eu.emsc/event/20000725_0000016/origin/1444775/mag/2</preferredMagnitudeID>
  <creationInfo>
    <agencyURI>smi:smi-registry/organization/EMSC</agencyURI>
    <authorURI>smi:smi-registry/organization/EMSC</authorURI>
    <creationTime>2014-12-10T13:11:23.801912Z</creationTime>
  </creationInfo>
  <description>
    <text>GERMANY</text>
    <type>Flinn-Engdahl region</type>
  </description>
  <origin publicID="quakeml:eu.emsc/event/20000725_0000016/origin/1444775">
    <time>
      <value>2000-07-25T11:34:48.1Z</value>
    </time>
    <latitude>
      <value>51.49</value>
      <uncertainty>9999.9</uncertainty>
    </latitude>
    <longitude>
      <value>6.85</value>
      <uncertainty>9999.9</uncertainty>
    </longitude>
    <depth>
      <value>1000</value>
    </depth>
    <depthType>from location</depthType>
    <methodID>smi:eu.emsc-csem/origin_method/NA</methodID>
    <quality>
      <usedPhaseCount>8</usedPhaseCount>
      <usedStationCount>4</usedStationCount>
      <standardError>0.93</standardError>
      <azimuthalGap>253</azimuthalGap>
      <minimumDistance>0.26</minimumDistance>
      <maximumDistance>2.22</maximumDistance>
    </quality>
    <evaluationMode>manual</evaluationMode>
    <creationInfo>
      <agencyURI>smi:smi-registry/organization/EMSC</agencyURI>
      <authorURI>smi:smi-registry/organization/EMSC</authorURI>
    </creationInfo>
    <originUncertainty>
      <azimuthMaxHorizontalUncertainty>-99</azimuthMaxHorizontalUncertainty>
    </originUncertainty>
  </origin>
  <magnitude publicID="quakeml:eu.emsc/event/20000725_0000016/origin/1444775/mag/2">
    <mag>
      <value>2</value>
    </mag>
    <type>ML</type>
    <originID>quakeml:eu.emsc/event/20000725_0000016/origin/1444775</originID>
    <creationInfo>
      <agencyURI>smi:smi-registry/organization/EMSC</agencyURI>
      <authorURI>smi:smi-registry/organization/EMSC</authorURI>
    </creationInfo>
  </magnitude>
</event>
<event publicID="quakeml:eu.emsc/event/20000725_0000001">
  <preferredOriginID>quakeml:eu.emsc/event/20000725_0000001/origin/1452285</preferredOriginID>
  <preferredMagnitudeID>quakeml:eu.emsc/event/20000725_0000001/origin/1452285/mag/2</preferredMagnitudeID>
  <creationInfo>
    <agencyURI>smi:smi-registry/organization/EMSC</agencyURI>
    <authorURI>smi:smi-registry/organization/EMSC</authorURI>
    <creationTime>2014-12-03T12:00:00.942979Z</creationTime>
  </creationInfo>
  <description>
    <text>GREECE</text>
    <type>Flinn-Engdahl region</type>
  </description>
  <origin publicID="quakeml:eu.emsc/event/20000725_0000001/origin/1452285">
    <time>
      <value>2000-07-25T10:08:45.8Z</value>
      <uncertainty>0.27</uncertainty>
    </time>
    <latitude>
      <value>38.3004</value>
      <uncertainty>11</uncertainty>
    </latitude>
    <longitude>
      <value>23.4522</value>
      <uncertainty>7.9</uncertainty>
    </longitude>
    <depth>
      <value>34600.0</value>
      <uncertainty>8.5</uncertainty>
    </depth>
    <depthType>from location</depthType>
    <methodID>smi:eu.emsc-csem/origin_method/NA</methodID>
    <quality>
      <usedPhaseCount>8</usedPhaseCount>
      <usedStationCount>8</usedStationCount>
      <standardError>0.45</standardError>
      <azimuthalGap>136</azimuthalGap>
      <minimumDistance>0.39</minimumDistance>
      <maximumDistance>2.24</maximumDistance>
    </quality>
    <evaluationMode>manual</evaluationMode>
    <creationInfo>
      <agencyURI>smi:smi-registry/organization/EMSC</agencyURI>
      <authorURI>smi:smi-registry/organization/EMSC</authorURI>
    </creationInfo>
    <originUncertainty>
      <azimuthMaxHorizontalUncertainty>134</azimuthMaxHorizontalUncertainty>
    </originUncertainty>
  </origin>
  <magnitude publicID="quakeml:eu.emsc/event/20000725_0000001/origin/1452285/mag/2">
    <mag>
      <value>2.8</value>
    </mag>
    <type>ML</type>
    <originID>quakeml:eu.emsc/event/20000725_0000001/origin/1452285</originID>
    <creationInfo>
      <agencyURI>smi:smi-registry/organization/EMSC</agencyURI>
      <authorURI>smi:smi-registry/organization/EMSC</authorURI>
    </creationInfo>
  </magnitude>
</event>
<event publicID="quakeml:eu.emsc/event/20000725_0000005">
  <preferredOriginID>quakeml:eu.emsc/event/20000725_0000005/origin/1452268</preferredOriginID>
  <preferredMagnitudeID>quakeml:eu.emsc/event/20000725_0000005/origin/1452268/mag/2</preferredMagnitudeID>
  <creationInfo>
    <agencyURI>smi:smi-registry/organization/EMSC</agencyURI>
    <authorURI>smi:smi-registry/organization/EMSC</authorURI>
    <creationTime>2014-12-03T11:39:17.943463Z</creationTime>
  </creationInfo>
  <description>
    <text>GREECE</text>
    <type>Flinn-Engdahl region</type>
  </description>
  <origin publicID="quakeml:eu.emsc/event/20000725_0000005/origin/1452268">
    <time>
      <value>2000-07-25T09:22:05.6Z</value>
      <uncertainty>0.09</uncertainty>
    </time>
    <latitude>
      <value>38.3888</value>
      <uncertainty>3</uncertainty>
    </latitude>
    <longitude>
      <value>21.8702</value>
      <uncertainty>2.3</uncertainty>
    </longitude>
    <depth>
      <value>5000</value>
    </depth>
    <depthType>from location</depthType>
    <methodID>smi:eu.emsc-csem/origin_method/NA</methodID>
    <quality>
      <usedPhaseCount>6</usedPhaseCount>
      <usedStationCount>6</usedStationCount>
      <standardError>0.15</standardError>
      <azimuthalGap>131</azimuthalGap>
      <minimumDistance>0.53</minimumDistance>
      <maximumDistance>1.78</maximumDistance>
    </quality>
    <evaluationMode>manual</evaluationMode>
    <creationInfo>
      <agencyURI>smi:smi-registry/organization/EMSC</agencyURI>
      <authorURI>smi:smi-registry/organization/EMSC</authorURI>
    </creationInfo>
    <originUncertainty>
      <azimuthMaxHorizontalUncertainty>122</azimuthMaxHorizontalUncertainty>
    </originUncertainty>
  </origin>
  <magnitude publicID="quakeml:eu.emsc/event/20000725_0000005/origin/1452268/mag/2">
    <mag>
      <value>2.9</value>
    </mag>
    <type>MD</type>
    <originID>quakeml:eu.emsc/event/20000725_0000005/origin/1452268</originID>
    <creationInfo>
      <agencyURI>smi:smi-registry/organization/EMSC</agencyURI>
      <authorURI>smi:smi-registry/organization/EMSC</authorURI>
    </creationInfo>
  </magnitude>
</event>
<event publicID="quakeml:eu.emsc/event/20000725_0000017">
  <preferredOriginID>quakeml:eu.emsc/event/20000725_0000017/origin/1451815</preferredOriginID>
  <preferredMagnitudeID>quakeml:eu.emsc/event/20000725_0000017/origin/1451815/mag/2</preferredMagnitudeID>
  <creationInfo>
    <agencyURI>smi:smi-registry/organization/EMSC</agencyURI>
    <authorURI>smi:smi-registry/organization/EMSC</authorURI>
    <creationTime>2014-12-03T16:42:28.414366Z</creationTime>
  </creationInfo>
  <description>
    <text>FRANCE</text>
    <type>Flinn-Engdahl region</type>
  </description>
  <origin publicID="quakeml:eu.emsc/event/20000725_0000017/origin/1451815">
    <time>
      <value>2000-07-25T09:06:43.9Z</value>
      <uncertainty>0.18</uncertainty>
    </time>
    <latitude>
      <value>48.9644</value>
      <uncertainty>4.1</uncertainty>
    </latitude>
    <longitude>
      <value>7.8579</value>
      <uncertainty>3.2</uncertainty>
    </longitude>
    <depth>
      <value>15000</value>
    </depth>
    <depthType>from location</depthType>
    <methodID>smi:eu.emsc-csem/origin_method/NA</methodID>
    <quality>
      <usedPhaseCount>23</usedPhaseCount>
      <usedStationCount>17</usedStationCount>
      <standardError>0.89</standardError>
      <azimuthalGap>83</azimuthalGap>
      <minimumDistance>0.04</minimumDistance>
      <maximumDistance>2.31</maximumDistance>
    </quality>
    <evaluationMode>manual</evaluationMode>
    <creationInfo>
      <agencyURI>smi:smi-registry/organization/EMSC</agencyURI>
      <authorURI>smi:smi-registry/organization/EMSC</authorURI>
    </creationInfo>
    <originUncertainty>
      <azimuthMaxHorizontalUncertainty>86</azimuthMaxHorizontalUncertainty>
    </originUncertainty>
  </origin>
  <magnitude publicID="quakeml:eu.emsc/event/20000725_0000017/origin/1451815/mag/2">
    <mag>
      <value>2.3</value>
    </mag>
    <type>ML</type>
    <originID>quakeml:eu.emsc/event/20000725_0000017/origin/1451815</originID>
    <creationInfo>
      <agencyURI>smi:smi-registry/organization/EMSC</agencyURI>
      <authorURI>smi:smi-registry/organization/EMSC</authorURI>
    </creationInfo>
  </magnitude>
</event>
<event publicID="quakeml:eu.emsc/event/20000725_0000003">
  <preferredOriginID>quakeml:eu.emsc/event/20000725_0000003/origin/1444777</preferredOriginID>
  <preferredMagnitudeID>quakeml:eu.emsc/event/20000725_0000003/origin/1444777/mag/2</preferredMagnitudeID>
  <creationInfo>
    <agencyURI>smi:smi-registry/organization/EMSC</agencyURI>
    <authorURI>smi:smi-registry/organization/EMSC</authorURI>
    <creationTime>2014-12-10T09:56:53.84087Z</creationTime>
  </creationInfo>
  <description>
    <text>WESTERN TURKEY</text>
    <type>Flinn-Engdahl region</type>
  </description>
  <origin publicID="quakeml:eu.emsc/event/20000725_0000003/origin/1444777">
    <time>
      <value>2000-07-25T07:05:36.7Z</value>
    </time>
    <latitude>
      <value>39.945</value>
      <uncertainty>9999.9</uncertainty>
    </latitude>
    <longitude>
      <value>29.383</value>
      <uncertainty>9999.9</uncertainty>
    </longitude>
    <depth>
      <value>10000</value>
    </depth>
    <depthType>from location</depthType>
    <methodID>smi:eu.emsc-csem/origin_method/NA</methodID>
    <quality>
      <usedPhaseCount>14</usedPhaseCount>
      <usedStationCount>11</usedStationCount>
      <standardError>1.05</standardError>
      <azimuthalGap>111</azimuthalGap>
      <minimumDistance>0.4</minimumDistance>
      <maximumDistance>1.62</maximumDistance>
    </quality>
    <evaluationMode>manual</evaluationMode>
    <creationInfo>
      <agencyURI>smi:smi-registry/organization/EMSC</agencyURI>
      <authorURI>smi:smi-registry/organization/EMSC</authorURI>
    </creationInfo>
    <originUncertainty>
      <azimuthMaxHorizontalUncertainty>-99</azimuthMaxHorizontalUncertainty>
    </originUncertainty>
  </origin>
  <magnitude publicID="quakeml:eu.emsc/event/20000725_0000003/origin/1444777/mag/2">
    <mag>
      <value>3.2</value>
    </mag>
    <type>MD</type>
    <originID>quakeml:eu.emsc/event/20000725_0000003/origin/1444777</originID>
    <creationInfo>
      <agencyURI>smi:smi-registry/organization/EMSC</agencyURI>
      <authorURI>smi:smi-registry/organization/EMSC</authorURI>
    </creationInfo>
  </magnitude>
</event>
<event publicID="quakeml:eu.emsc/event/20000725_0000002">
  <preferredOriginID>quakeml:eu.emsc/event/20000725_0000002/origin/1452272</preferredOriginID>
  <preferredMagnitudeID>quakeml:eu.emsc/event/20000725_0000002/origin/1452272/mag/2</preferredMagnitudeID>
  <creationInfo>
    <agencyURI>smi:smi-registry/organization/EMSC</agencyURI>
    <authorURI>smi:smi-registry/organization/EMSC</authorURI>
    <creationTime>2014-12-03T11:39:15.772301Z</creationTime>
  </creationInfo>
  <description>
    <text>BULGARIA</text>
    <type>Flinn-Engdahl region</type>
  </description>
  <origin publicID="quakeml:eu.emsc/event/20000725_0000002/origin/1452272">
    <time>
      <value>2000-07-25T02:52:57.7Z</value>
      <uncertainty>0.26</uncertainty>
    </time>
    <latitude>
      <value>41.8549</value>
      <uncertainty>7.1</uncertainty>
    </latitude>
    <longitude>
      <value>23.1299</value>
      <uncertainty>4.6</uncertainty>
    </longitude>
    <depth>
      <value>15000</value>
    </depth>
    <depthType>from location</depthType>
    <methodID>smi:eu.emsc-csem/origin_method/NA</methodID>
    <quality>
      <usedPhaseCount>32</usedPhaseCount>
      <usedStationCount>22</usedStationCount>
      <standardError>1.11</standardError>
      <azimuthalGap>109</azimuthalGap>
      <minimumDistance>0.68</minimumDistance>
      <maximumDistance>4.93</maximumDistance>
    </quality>
    <evaluationMode>manual</evaluationMode>
    <creationInfo>
      <agencyURI>smi:smi-registry/organization/EMSC</agencyURI>
      <authorURI>smi:smi-registry/organization/EMSC</authorURI>
    </creationInfo>
    <originUncertainty>
      <azimuthMaxHorizontalUncertainty>110</azimuthMaxHorizontalUncertainty>
    </originUncertainty>
  </origin>
  <magnitude publicID="quakeml:eu.emsc/event/20000725_0000002/origin/1452272/mag/2">
    <mag>
      <value>3.4</value>
    </mag>
    <type>ML</type>
    <originID>quakeml:eu.emsc/event/20000725_0000002/origin/1452272</originID>
    <creationInfo>
      <agencyURI>smi:smi-registry/organization/EMSC</agencyURI>
      <authorURI>smi:smi-registry/organization/EMSC</authorURI>
    </creationInfo>
  </magnitude>
</event>
</eventParameters>
</q:quakeml>
