<?xml version="1.0"?>
<q:quakeml xmlns:q="http://quakeml.org/xmlns/quakeml/1.2"  xmlns="http://quakeml.org/xmlns/bed/1.2">
<eventParameters publicID="smi:eu.emsc/unid">
<event publicID="quakeml:eu.emsc/event/20000924_0000009">
  <preferredOriginID>quakeml:eu.emsc/event/20000924_0000009/origin/1449702</preferredOriginID>
  <preferredMagnitudeID>quakeml:eu.emsc/event/20000924_0000009/origin/1449702/mag/1</preferredMagnitudeID>
  <creationInfo>
    <agencyURI>smi:smi-registry/organization/EMSC</agencyURI>
    <authorURI>smi:smi-registry/organization/EMSC</authorURI>
    <creationTime>2014-12-03T16:48:08.163643Z</creationTime>
  </creationInfo>
  <description>
    <text>NEAR SOUTH COAST OF FRANCE</text>
    <type>Flinn-Engdahl region</type>
  </description>
  <origin publicID="quakeml:eu.emsc/event/20000924_0000009/origin/1449702">
    <time>
      <value>2000-09-24T17:30:49.3Z</value>
      <uncertainty>0.07</uncertainty>
    </time>
    <latitude>
      <value>43.7358</value>
      <uncertainty>2</uncertainty>
    </latitude>
    <longitude>
      <value>7.1829</value>
      <uncertainty>1.1</uncertainty>
    </longitude>
    <depth>
      <value>15000</value>
    </depth>
    <depthType>from location</depthType>
    <methodID>smi:eu.emsc-csem/origin_method/NA</methodID>
    <quality>
      <usedPhaseCount>19</usedPhaseCount>
      <usedStationCount>10</usedStationCount>
      <standardError>0.29</standardError>
      <azimuthalGap>142</azimuthalGap>
      <minimumDistance>0.13</minimumDistance>
      <maximumDistance>1.03</maximumDistance>
    </quality>
    <evaluationMode>manual</evaluationMode>
    <creationInfo>
      <agencyURI>smi:smi-registry/organization/EMSC</agencyURI>
      <authorURI>smi:smi-registry/organization/EMSC</authorURI>
    </creationInfo>
    <originUncertainty>
      <azimuthMaxHorizontalUncertainty>140</azimuthMaxHorizontalUncertainty>
    </originUncertainty>
  </origin>
  <magnitude publicID="quakeml:eu.emsc/event/20000924_0000009/origin/1449702/mag/1">
    <mag>
      <value>1.2</value>
      <uncertainty>0.1</uncertainty>
    </mag>
    <type>ML</type>
    <originID>quakeml:eu.emsc/event/20000924_0000009/origin/1449702</originID>
    <stationCount>4</stationCount>
    <creationInfo>
      <agencyURI>smi:smi-registry/organization/EMSC</agencyURI>
      <authorURI>smi:smi-registry/organization/EMSC</authorURI>
    </creationInfo>
  </magnitude>
</event>
<event publicID="quakeml:eu.emsc/event/20000924_0000010">
  <preferredOriginID>quakeml:eu.emsc/event/20000924_0000010/origin/1443589</preferredOriginID>
  <preferredMagnitudeID>quakeml:eu.emsc/event/20000924_0000010/origin/1443589/mag/2</preferredMagnitudeID>
  <creationInfo>
    <agencyURI>smi:smi-registry/organization/EMSC</agencyURI>
    <authorURI>smi:smi-registry/organization/EMSC</authorURI>
    <creationTime>2014-12-10T13:13:52.957553Z</creationTime>
  </creationInfo>
  <description>
    <text>NEAR SOUTH COAST OF FRANCE</text>
    <type>Flinn-Engdahl region</type>
  </description>
  <origin publicID="quakeml:eu.emsc/event/20000924_0000010/origin/1443589">
    <time>
      <value>2000-09-24T16:55:46.6Z</value>
    </time>
    <latitude>
      <value>43.7927</value>
      <uncertainty>9999.9</uncertainty>
    </latitude>
    <longitude>
      <value>7.1421</value>
      <uncertainty>9999.9</uncertainty>
    </longitude>
    <depth>
      <value>2000</value>
    </depth>
    <depthType>from location</depthType>
    <methodID>smi:eu.emsc-csem/origin_method/NA</methodID>
    <quality>
      <usedPhaseCount>7</usedPhaseCount>
      <usedStationCount>4</usedStationCount>
      <standardError>0.65</standardError>
      <azimuthalGap>153</azimuthalGap>
      <minimumDistance>0.22</minimumDistance>
      <maximumDistance>0.97</maximumDistance>
    </quality>
    <evaluationMode>manual</evaluationMode>
    <creationInfo>
      <agencyURI>smi:smi-registry/organization/EMSC</agencyURI>
      <authorURI>smi:smi-registry/organization/EMSC</authorURI>
    </creationInfo>
    <originUncertainty>
      <azimuthMaxHorizontalUncertainty>-99</azimuthMaxHorizontalUncertainty>
    </originUncertainty>
  </origin>
  <magnitude publicID="quakeml:eu.emsc/event/20000924_0000010/origin/1443589/mag/2">
    <mag>
      <value>1.1</value>
    </mag>
    <type>ML</type>
    <originID>quakeml:eu.emsc/event/20000924_0000010/origin/1443589</originID>
    <stationCount>1</stationCount>
    <creationInfo>
      <agencyURI>smi:smi-registry/organization/EMSC</agencyURI>
      <authorURI>smi:smi-registry/organization/EMSC</authorURI>
    </creationInfo>
  </magnitude>
</event>
<event publicID="quakeml:eu.emsc/event/20000924_0000003">
  <preferredOriginID>quakeml:eu.emsc/event/20000924_0000003/origin/1443591</preferredOriginID>
  <preferredMagnitudeID>quakeml:eu.emsc/event/20000924_0000003/origin/1443591/mag/2</preferredMagnitudeID>
  <creationInfo>
    <agencyURI>smi:smi-registry/organization/EMSC</agencyURI>
    <authorURI>smi:smi-registry/organization/EMSC</authorURI>
    <creationTime>2014-12-10T10:19:33.515255Z</creationTime>
  </creationInfo>
  <description>
    <text>ROMANIA</text>
    <type>Flinn-Engdahl region</type>
  </description>
  <origin publicID="quakeml:eu.emsc/event/20000924_0000003/origin/1443591">
    <time>
      <value>2000-09-24T07:40:57.7Z</value>
    </time>
    <latitude>
      <value>45.526</value>
      <uncertainty>9999.9</uncertainty>
    </latitude>
    <longitude>
      <value>26.602</value>
      <uncertainty>9999.9</uncertainty>
    </longitude>
    <depth>
      <value>125800.0</value>
    </depth>
    <depthType>from location</depthType>
    <methodID>smi:eu.emsc-csem/origin_method/NA</methodID>
    <quality>
      <usedPhaseCount>12</usedPhaseCount>
      <usedStationCount>7</usedStationCount>
      <standardError>0.79</standardError>
      <azimuthalGap>108</azimuthalGap>
      <minimumDistance>0.3</minimumDistance>
      <maximumDistance>1.39</maximumDistance>
    </quality>
    <evaluationMode>manual</evaluationMode>
    <creationInfo>
      <agencyURI>smi:smi-registry/organization/EMSC</agencyURI>
      <authorURI>smi:smi-registry/organization/EMSC</authorURI>
    </creationInfo>
    <originUncertainty>
      <azimuthMaxHorizontalUncertainty>-99</azimuthMaxHorizontalUncertainty>
    </originUncertainty>
  </origin>
  <magnitude publicID="quakeml:eu.emsc/event/20000924_0000003/origin/1443591/mag/2">
    <mag>
      <value>3.1</value>
    </mag>
    <type>MD</type>
    <originID>quakeml:eu.emsc/event/20000924_0000003/origin/1443591</originID>
    <stationCount>5</stationCount>
    <creationInfo>
      <agencyURI>smi:smi-registry/organization/EMSC</agencyURI>
      <authorURI>smi:smi-registry/organization/EMSC</authorURI>
    </creationInfo>
  </magnitude>
</event>
<event publicID="quakeml:eu.emsc/event/20000924_0000002">
  <preferredOriginID>quakeml:eu.emsc/event/20000924_0000002/origin/1450273</preferredOriginID>
  <preferredMagnitudeID>quakeml:eu.emsc/event/20000924_0000002/origin/1450273/mag/2</preferredMagnitudeID>
  <creationInfo>
    <agencyURI>smi:smi-registry/organization/EMSC</agencyURI>
    <authorURI>smi:smi-registry/organization/EMSC</authorURI>
    <creationTime>2014-12-03T11:19:00.651571Z</creationTime>
  </creationInfo>
  <description>
    <text>EASTERN TURKEY</text>
    <type>Flinn-Engdahl region</type>
  </description>
  <origin publicID="quakeml:eu.emsc/event/20000924_0000002/origin/1450273">
    <time>
      <value>2000-09-24T07:12:11.7Z</value>
      <uncertainty>0.25</uncertainty>
    </time>
    <latitude>
      <value>39.3616</value>
      <uncertainty>6.3</uncertainty>
    </latitude>
    <longitude>
      <value>43.9225</value>
      <uncertainty>3.8</uncertainty>
    </longitude>
    <depth>
      <value>20000</value>
    </depth>
    <depthType>from location</depthType>
    <methodID>smi:eu.emsc-csem/origin_method/NA</methodID>
    <quality>
      <usedPhaseCount>19</usedPhaseCount>
      <usedStationCount>11</usedStationCount>
      <standardError>0.8</standardError>
      <azimuthalGap>149</azimuthalGap>
      <minimumDistance>0.72</minimumDistance>
      <maximumDistance>2.23</maximumDistance>
    </quality>
    <evaluationMode>manual</evaluationMode>
    <creationInfo>
      <agencyURI>smi:smi-registry/organization/EMSC</agencyURI>
      <authorURI>smi:smi-registry/organization/EMSC</authorURI>
    </creationInfo>
    <originUncertainty>
      <azimuthMaxHorizontalUncertainty>120</azimuthMaxHorizontalUncertainty>
    </originUncertainty>
  </origin>
  <magnitude publicID="quakeml:eu.emsc/event/20000924_0000002/origin/1450273/mag/2">
    <mag>
      <value>3.9</value>
    </mag>
    <type>ML</type>
    <originID>quakeml:eu.emsc/event/20000924_0000002/origin/1450273</originID>
    <creationInfo>
      <agencyURI>smi:smi-registry/organization/EMSC</agencyURI>
      <authorURI>smi:smi-registry/organization/EMSC</authorURI>
    </creationInfo>
  </magnitude>
</event>
<event publicID="quakeml:eu.emsc/event/20000924_0000001">
  <preferredOriginID>quakeml:eu.emsc/event/20000924_0000001/origin/1451755</preferredOriginID>
  <preferredMagnitudeID>quakeml:eu.emsc/event/20000924_0000001/origin/1451755/mag/2</preferredMagnitudeID>
  <creationInfo>
    <agencyURI>smi:smi-registry/organization/EMSC</agencyURI>
    <authorURI>smi:smi-registry/organization/EMSC</authorURI>
    <creationTime>2014-12-03T12:07:11.412144Z</creationTime>
  </creationInfo>
  <description>
    <text>CAUCASUS REGION, RUSSIA</text>
    <type>Flinn-Engdahl region</type>
  </description>
  <origin publicID="quakeml:eu.emsc/event/20000924_0000001/origin/1451755">
    <time>
      <value>2000-09-24T06:34:38.8Z</value>
      <uncertainty>0.25</uncertainty>
    </time>
    <latitude>
      <value>42.4107</value>
      <uncertainty>11.1</uncertainty>
    </latitude>
    <longitude>
      <value>47.3429</value>
      <uncertainty>6.1</uncertainty>
    </longitude>
    <depth>
      <value>11400.0</value>
    </depth>
    <depthType>from location</depthType>
    <methodID>smi:eu.emsc-csem/origin_method/NA</methodID>
    <quality>
      <usedPhaseCount>100</usedPhaseCount>
      <usedStationCount>99</usedStationCount>
      <standardError>0.93</standardError>
      <azimuthalGap>143</azimuthalGap>
      <minimumDistance>0.56</minimumDistance>
      <maximumDistance>58.1</maximumDistance>
    </quality>
    <evaluationMode>manual</evaluationMode>
    <creationInfo>
      <agencyURI>smi:smi-registry/organization/EMSC</agencyURI>
      <authorURI>smi:smi-registry/organization/EMSC</authorURI>
    </creationInfo>
    <originUncertainty>
      <azimuthMaxHorizontalUncertainty>169</azimuthMaxHorizontalUncertainty>
    </originUncertainty>
  </origin>
  <magnitude publicID="quakeml:eu.emsc/event/20000924_0000001/origin/1451755/mag/2">
    <mag>
      <value>4.6</value>
      <uncertainty>0.3</uncertainty>
    </mag>
    <type>mb</type>
    <originID>quakeml:eu.emsc/event/20000924_0000001/origin/1451755</originID>
    <stationCount>57</stationCount>
    <creationInfo>
      <agencyURI>smi:smi-registry/organization/EMSC</agencyURI>
      <authorURI>smi:smi-registry/organization/EMSC</authorURI>
    </creationInfo>
  </magnitude>
</event>
<event publicID="quakeml:eu.emsc/event/20000924_0000008">
  <preferredOriginID>quakeml:eu.emsc/event/20000924_0000008/origin/1449706</preferredOriginID>
  <preferredMagnitudeID>quakeml:eu.emsc/event/20000924_0000008/origin/1449706/mag/1</preferredMagnitudeID>
  <creationInfo>
    <agencyURI>smi:smi-registry/organization/EMSC</agencyURI>
    <authorURI>smi:smi-registry/organization/EMSC</authorURI>
    <creationTime>2014-12-03T16:44:17.217451Z</creationTime>
  </creationInfo>
  <description>
    <text>NORTHERN ITALY</text>
    <type>Flinn-Engdahl region</type>
  </description>
  <origin publicID="quakeml:eu.emsc/event/20000924_0000008/origin/1449706">
    <time>
      <value>2000-09-24T05:56:31.3Z</value>
      <uncertainty>0.15</uncertainty>
    </time>
    <latitude>
      <value>44.3374</value>
      <uncertainty>4.4</uncertainty>
    </latitude>
    <longitude>
      <value>7.2314</value>
      <uncertainty>2.6</uncertainty>
    </longitude>
    <depth>
      <value>15000</value>
    </depth>
    <depthType>from location</depthType>
    <methodID>smi:eu.emsc-csem/origin_method/NA</methodID>
    <quality>
      <usedPhaseCount>34</usedPhaseCount>
      <usedStationCount>22</usedStationCount>
      <standardError>0.87</standardError>
      <azimuthalGap>104</azimuthalGap>
      <minimumDistance>0.11</minimumDistance>
      <maximumDistance>2.2</maximumDistance>
    </quality>
    <evaluationMode>manual</evaluationMode>
    <creationInfo>
      <agencyURI>smi:smi-registry/organization/EMSC</agencyURI>
      <authorURI>smi:smi-registry/organization/EMSC</authorURI>
    </creationInfo>
    <originUncertainty>
      <azimuthMaxHorizontalUncertainty>73</azimuthMaxHorizontalUncertainty>
    </originUncertainty>
  </origin>
  <magnitude publicID="quakeml:eu.emsc/event/20000924_0000008/origin/1449706/mag/1">
    <mag>
      <value>1.6</value>
      <uncertainty>0.4</uncertainty>
    </mag>
    <type>ML</type>
    <originID>quakeml:eu.emsc/event/20000924_0000008/origin/1449706</originID>
    <stationCount>6</stationCount>
    <creationInfo>
      <agencyURI>smi:smi-registry/organization/EMSC</agencyURI>
      <authorURI>smi:smi-registry/organization/EMSC</authorURI>
    </creationInfo>
  </magnitude>
</event>
<event publicID="quakeml:eu.emsc/event/20000924_0000006">
  <preferredOriginID>quakeml:eu.emsc/event/20000924_0000006/origin/1443593</preferredOriginID>
  <preferredMagnitudeID>quakeml:eu.emsc/event/20000924_0000006/origin/1443593/mag/2</preferredMagnitudeID>
  <creationInfo>
    <agencyURI>smi:smi-registry/organization/EMSC</agencyURI>
    <authorURI>smi:smi-registry/organization/EMSC</authorURI>
    <creationTime>2014-12-10T13:13:52.49627Z</creationTime>
  </creationInfo>
  <description>
    <text>NORTHERN ITALY</text>
    <type>Flinn-Engdahl region</type>
  </description>
  <origin publicID="quakeml:eu.emsc/event/20000924_0000006/origin/1443593">
    <time>
      <value>2000-09-24T04:46:50.7Z</value>
    </time>
    <latitude>
      <value>44.3605</value>
      <uncertainty>9999.9</uncertainty>
    </latitude>
    <longitude>
      <value>7.4287</value>
      <uncertainty>9999.9</uncertainty>
    </longitude>
    <depth>
      <value>4500.0</value>
    </depth>
    <depthType>from location</depthType>
    <methodID>smi:eu.emsc-csem/origin_method/NA</methodID>
    <quality>
      <usedPhaseCount>6</usedPhaseCount>
      <usedStationCount>4</usedStationCount>
      <standardError>6.84</standardError>
      <azimuthalGap>119</azimuthalGap>
      <minimumDistance>0.13</minimumDistance>
      <maximumDistance>0.58</maximumDistance>
    </quality>
    <evaluationMode>manual</evaluationMode>
    <creationInfo>
      <agencyURI>smi:smi-registry/organization/EMSC</agencyURI>
      <authorURI>smi:smi-registry/organization/EMSC</authorURI>
    </creationInfo>
    <originUncertainty>
      <azimuthMaxHorizontalUncertainty>-99</azimuthMaxHorizontalUncertainty>
    </originUncertainty>
  </origin>
  <magnitude publicID="quakeml:eu.emsc/event/20000924_0000006/origin/1443593/mag/2">
    <mag>
      <value>2.2</value>
    </mag>
    <type>ML</type>
    <originID>quakeml:eu.emsc/event/20000924_0000006/origin/1443593</originID>
    <creationInfo>
      <agencyURI>smi:smi-registry/organization/EMSC</agencyURI>
      <authorURI>smi:smi-registry/organization/EMSC</authorURI>
    </creationInfo>
  </magnitude>
</event>
<event publicID="quakeml:eu.emsc/event/20000924_0000011">
  <preferredOriginID>quakeml:eu.emsc/event/20000924_0000011/origin/1449711</preferredOriginID>
  <preferredMagnitudeID>quakeml:eu.emsc/event/20000924_0000011/origin/1449711/mag/1</preferredMagnitudeID>
  <creationInfo>
    <agencyURI>smi:smi-registry/organization/EMSC</agencyURI>
    <authorURI>smi:smi-registry/organization/EMSC</authorURI>
    <creationTime>2014-12-03T17:00:53.998611Z</creationTime>
  </creationInfo>
  <description>
    <text>FRANCE</text>
    <type>Flinn-Engdahl region</type>
  </description>
  <origin publicID="quakeml:eu.emsc/event/20000924_0000011/origin/1449711">
    <time>
      <value>2000-09-24T02:54:24.9Z</value>
      <uncertainty>0.1</uncertainty>
    </time>
    <latitude>
      <value>43.1307</value>
      <uncertainty>1.9</uncertainty>
    </latitude>
    <longitude>
      <value>0.0777</value>
      <uncertainty>1.6</uncertainty>
    </longitude>
    <depth>
      <value>2000</value>
    </depth>
    <depthType>from location</depthType>
    <methodID>smi:eu.emsc-csem/origin_method/NA</methodID>
    <quality>
      <usedPhaseCount>71</usedPhaseCount>
      <usedStationCount>35</usedStationCount>
      <standardError>0.83</standardError>
      <azimuthalGap>85</azimuthalGap>
      <minimumDistance>0.08</minimumDistance>
      <maximumDistance>4.92</maximumDistance>
    </quality>
    <evaluationMode>manual</evaluationMode>
    <creationInfo>
      <agencyURI>smi:smi-registry/organization/EMSC</agencyURI>
      <authorURI>smi:smi-registry/organization/EMSC</authorURI>
    </creationInfo>
    <originUncertainty>
      <azimuthMaxHorizontalUncertainty>120</azimuthMaxHorizontalUncertainty>
    </originUncertainty>
  </origin>
  <magnitude publicID="quakeml:eu.emsc/event/20000924_0000011/origin/1449711/mag/1">
    <mag>
      <value>2.5</value>
      <uncertainty>0.3</uncertainty>
    </mag>
    <type>ML</type>
    <originID>quakeml:eu.emsc/event/20000924_0000011/origin/1449711</originID>
    <stationCount>21</stationCount>
    <creationInfo>
      <agencyURI>smi:smi-registry/organization/EMSC</agencyURI>
      <authorURI>smi:smi-registry/organization/EMSC</authorURI>
    </creationInfo>
  </magnitude>
</event>
</eventParameters>
</q:quakeml>
