<?xml version="1.0"?>
<q:quakeml xmlns:q="http://quakeml.org/xmlns/quakeml/1.2"  xmlns="http://quakeml.org/xmlns/bed/1.2">
<eventParameters publicID="smi:eu.emsc/unid">
<event publicID="quakeml:eu.emsc/event/20000110_0000014">
  <preferredOriginID>quakeml:eu.emsc/event/20000110_0000014/origin/1447627</preferredOriginID>
  <preferredMagnitudeID>quakeml:eu.emsc/event/20000110_0000014/origin/1447627/mag/2</preferredMagnitudeID>
  <creationInfo>
    <agencyURI>smi:smi-registry/organization/EMSC</agencyURI>
    <authorURI>smi:smi-registry/organization/EMSC</authorURI>
    <creationTime>2014-12-10T13:07:00.7964Z</creationTime>
  </creationInfo>
  <description>
    <text>PYRENEES</text>
    <type>Flinn-Engdahl region</type>
  </description>
  <origin publicID="quakeml:eu.emsc/event/20000110_0000014/origin/1447627">
    <time>
      <value>2000-01-10T20:08:47.3Z</value>
    </time>
    <latitude>
      <value>42.335</value>
      <uncertainty>9999.9</uncertainty>
    </latitude>
    <longitude>
      <value>-0.082</value>
      <uncertainty>9999.9</uncertainty>
    </longitude>
    <depth>
      <value>0</value>
    </depth>
    <depthType>from location</depthType>
    <methodID>smi:eu.emsc-csem/origin_method/NA</methodID>
    <quality>
      <usedPhaseCount>13</usedPhaseCount>
      <usedStationCount>7</usedStationCount>
      <standardError>0.98</standardError>
      <azimuthalGap>164</azimuthalGap>
      <minimumDistance>0.33</minimumDistance>
      <maximumDistance>1.97</maximumDistance>
    </quality>
    <evaluationMode>manual</evaluationMode>
    <creationInfo>
      <agencyURI>smi:smi-registry/organization/EMSC</agencyURI>
      <authorURI>smi:smi-registry/organization/EMSC</authorURI>
    </creationInfo>
    <originUncertainty>
      <azimuthMaxHorizontalUncertainty>-99</azimuthMaxHorizontalUncertainty>
    </originUncertainty>
  </origin>
  <magnitude publicID="quakeml:eu.emsc/event/20000110_0000014/origin/1447627/mag/2">
    <mag>
      <value>1.8</value>
      <uncertainty>0.1</uncertainty>
    </mag>
    <type>mb</type>
    <originID>quakeml:eu.emsc/event/20000110_0000014/origin/1447627</originID>
    <stationCount>7</stationCount>
    <creationInfo>
      <agencyURI>smi:smi-registry/organization/EMSC</agencyURI>
      <authorURI>smi:smi-registry/organization/EMSC</authorURI>
    </creationInfo>
  </magnitude>
</event>
<event publicID="quakeml:eu.emsc/event/20000110_0000006">
  <preferredOriginID>quakeml:eu.emsc/event/20000110_0000006/origin/1457842</preferredOriginID>
  <preferredMagnitudeID>quakeml:eu.emsc/event/20000110_0000006/origin/1457842/mag/2</preferredMagnitudeID>
  <creationInfo>
    <agencyURI>smi:smi-registry/organization/EMSC</agencyURI>
    <authorURI>smi:smi-registry/organization/EMSC</authorURI>
    <creationTime>2014-12-03T11:52:26.43787Z</creationTime>
  </creationInfo>
  <description>
    <text>WESTERN TURKEY</text>
    <type>Flinn-Engdahl region</type>
  </description>
  <origin publicID="quakeml:eu.emsc/event/20000110_0000006/origin/1457842">
    <time>
      <value>2000-01-10T18:54:03.9Z</value>
      <uncertainty>0.16</uncertainty>
    </time>
    <latitude>
      <value>39.1675</value>
      <uncertainty>4.7</uncertainty>
    </latitude>
    <longitude>
      <value>27.9752</value>
      <uncertainty>3</uncertainty>
    </longitude>
    <depth>
      <value>8000</value>
    </depth>
    <depthType>from location</depthType>
    <methodID>smi:eu.emsc-csem/origin_method/NA</methodID>
    <quality>
      <usedPhaseCount>17</usedPhaseCount>
      <usedStationCount>13</usedStationCount>
      <standardError>0.78</standardError>
      <azimuthalGap>87</azimuthalGap>
      <minimumDistance>0.66</minimumDistance>
      <maximumDistance>2.1</maximumDistance>
    </quality>
    <evaluationMode>manual</evaluationMode>
    <creationInfo>
      <agencyURI>smi:smi-registry/organization/EMSC</agencyURI>
      <authorURI>smi:smi-registry/organization/EMSC</authorURI>
    </creationInfo>
    <originUncertainty>
      <azimuthMaxHorizontalUncertainty>130</azimuthMaxHorizontalUncertainty>
    </originUncertainty>
  </origin>
  <magnitude publicID="quakeml:eu.emsc/event/20000110_0000006/origin/1457842/mag/2">
    <mag>
      <value>3.2</value>
    </mag>
    <type>MD</type>
    <originID>quakeml:eu.emsc/event/20000110_0000006/origin/1457842</originID>
    <creationInfo>
      <agencyURI>smi:smi-registry/organization/EMSC</agencyURI>
      <authorURI>smi:smi-registry/organization/EMSC</authorURI>
    </creationInfo>
  </magnitude>
</event>
<event publicID="quakeml:eu.emsc/event/20000110_0000011">
  <preferredOriginID>quakeml:eu.emsc/event/20000110_0000011/origin/1457564</preferredOriginID>
  <preferredMagnitudeID>quakeml:eu.emsc/event/20000110_0000011/origin/1457564/mag/1</preferredMagnitudeID>
  <creationInfo>
    <agencyURI>smi:smi-registry/organization/EMSC</agencyURI>
    <authorURI>smi:smi-registry/organization/EMSC</authorURI>
    <creationTime>2014-12-03T16:00:36.33335Z</creationTime>
  </creationInfo>
  <description>
    <text>PYRENEES</text>
    <type>Flinn-Engdahl region</type>
  </description>
  <origin publicID="quakeml:eu.emsc/event/20000110_0000011/origin/1457564">
    <time>
      <value>2000-01-10T16:31:50.9Z</value>
      <uncertainty>0.14</uncertainty>
    </time>
    <latitude>
      <value>43.1759</value>
      <uncertainty>3.3</uncertainty>
    </latitude>
    <longitude>
      <value>-0.4808</value>
      <uncertainty>1.9</uncertainty>
    </longitude>
    <depth>
      <value>10000</value>
    </depth>
    <depthType>from location</depthType>
    <methodID>smi:eu.emsc-csem/origin_method/NA</methodID>
    <quality>
      <usedPhaseCount>32</usedPhaseCount>
      <usedStationCount>16</usedStationCount>
      <standardError>0.8</standardError>
      <azimuthalGap>114</azimuthalGap>
      <minimumDistance>0.12</minimumDistance>
      <maximumDistance>3.66</maximumDistance>
    </quality>
    <evaluationMode>manual</evaluationMode>
    <creationInfo>
      <agencyURI>smi:smi-registry/organization/EMSC</agencyURI>
      <authorURI>smi:smi-registry/organization/EMSC</authorURI>
    </creationInfo>
    <originUncertainty>
      <azimuthMaxHorizontalUncertainty>177</azimuthMaxHorizontalUncertainty>
    </originUncertainty>
  </origin>
  <magnitude publicID="quakeml:eu.emsc/event/20000110_0000011/origin/1457564/mag/1">
    <mag>
      <value>2.3</value>
      <uncertainty>0.5</uncertainty>
    </mag>
    <type>ML</type>
    <originID>quakeml:eu.emsc/event/20000110_0000011/origin/1457564</originID>
    <stationCount>9</stationCount>
    <creationInfo>
      <agencyURI>smi:smi-registry/organization/EMSC</agencyURI>
      <authorURI>smi:smi-registry/organization/EMSC</authorURI>
    </creationInfo>
  </magnitude>
</event>
<event publicID="quakeml:eu.emsc/event/20000110_0000003">
  <preferredOriginID>quakeml:eu.emsc/event/20000110_0000003/origin/1447629</preferredOriginID>
  <preferredMagnitudeID>quakeml:eu.emsc/event/20000110_0000003/origin/1447629/mag/2</preferredMagnitudeID>
  <creationInfo>
    <agencyURI>smi:smi-registry/organization/EMSC</agencyURI>
    <authorURI>smi:smi-registry/organization/EMSC</authorURI>
    <creationTime>2014-12-10T08:18:32.632218Z</creationTime>
  </creationInfo>
  <description>
    <text>SPAIN</text>
    <type>Flinn-Engdahl region</type>
  </description>
  <origin publicID="quakeml:eu.emsc/event/20000110_0000003/origin/1447629">
    <time>
      <value>2000-01-10T13:31:02.5Z</value>
    </time>
    <latitude>
      <value>37.2042</value>
      <uncertainty>9999.9</uncertainty>
    </latitude>
    <longitude>
      <value>-5.5769</value>
      <uncertainty>9999.9</uncertainty>
    </longitude>
    <depth>
      <value>25500.0</value>
    </depth>
    <depthType>from location</depthType>
    <methodID>smi:eu.emsc-csem/origin_method/NA</methodID>
    <quality>
      <usedPhaseCount>6</usedPhaseCount>
      <usedStationCount>6</usedStationCount>
      <standardError>1.11</standardError>
      <azimuthalGap>257</azimuthalGap>
      <minimumDistance>0.33</minimumDistance>
      <maximumDistance>1.43</maximumDistance>
    </quality>
    <evaluationMode>manual</evaluationMode>
    <creationInfo>
      <agencyURI>smi:smi-registry/organization/EMSC</agencyURI>
      <authorURI>smi:smi-registry/organization/EMSC</authorURI>
    </creationInfo>
    <originUncertainty>
      <azimuthMaxHorizontalUncertainty>-99</azimuthMaxHorizontalUncertainty>
    </originUncertainty>
  </origin>
  <magnitude publicID="quakeml:eu.emsc/event/20000110_0000003/origin/1447629/mag/2">
    <mag>
      <value>3.7</value>
      <uncertainty>0.4</uncertainty>
    </mag>
    <type>mb</type>
    <originID>quakeml:eu.emsc/event/20000110_0000003/origin/1447629</originID>
    <stationCount>6</stationCount>
    <creationInfo>
      <agencyURI>smi:smi-registry/organization/EMSC</agencyURI>
      <authorURI>smi:smi-registry/organization/EMSC</authorURI>
    </creationInfo>
  </magnitude>
</event>
<event publicID="quakeml:eu.emsc/event/20000110_0000015">
  <preferredOriginID>quakeml:eu.emsc/event/20000110_0000015/origin/1447631</preferredOriginID>
  <preferredMagnitudeID>quakeml:eu.emsc/event/20000110_0000015/origin/1447631/mag/2</preferredMagnitudeID>
  <creationInfo>
    <agencyURI>smi:smi-registry/organization/EMSC</agencyURI>
    <authorURI>smi:smi-registry/organization/EMSC</authorURI>
    <creationTime>2014-12-10T13:16:08.82867Z</creationTime>
  </creationInfo>
  <description>
    <text>FRANCE</text>
    <type>Flinn-Engdahl region</type>
  </description>
  <origin publicID="quakeml:eu.emsc/event/20000110_0000015/origin/1447631">
    <time>
      <value>2000-01-10T12:29:13.9Z</value>
    </time>
    <latitude>
      <value>44.8747</value>
      <uncertainty>9999.9</uncertainty>
    </latitude>
    <longitude>
      <value>6.6638</value>
      <uncertainty>9999.9</uncertainty>
    </longitude>
    <depth>
      <value>8600.0</value>
    </depth>
    <depthType>from location</depthType>
    <methodID>smi:eu.emsc-csem/origin_method/NA</methodID>
    <quality>
      <usedPhaseCount>8</usedPhaseCount>
      <usedStationCount>6</usedStationCount>
      <standardError>5.16</standardError>
      <azimuthalGap>247</azimuthalGap>
      <minimumDistance>0.1</minimumDistance>
      <maximumDistance>0.79</maximumDistance>
    </quality>
    <evaluationMode>manual</evaluationMode>
    <creationInfo>
      <agencyURI>smi:smi-registry/organization/EMSC</agencyURI>
      <authorURI>smi:smi-registry/organization/EMSC</authorURI>
    </creationInfo>
    <originUncertainty>
      <azimuthMaxHorizontalUncertainty>-99</azimuthMaxHorizontalUncertainty>
    </originUncertainty>
  </origin>
  <magnitude publicID="quakeml:eu.emsc/event/20000110_0000015/origin/1447631/mag/2">
    <mag>
      <value>1.9</value>
    </mag>
    <type>ML</type>
    <originID>quakeml:eu.emsc/event/20000110_0000015/origin/1447631</originID>
    <creationInfo>
      <agencyURI>smi:smi-registry/organization/EMSC</agencyURI>
      <authorURI>smi:smi-registry/organization/EMSC</authorURI>
    </creationInfo>
  </magnitude>
</event>
<event publicID="quakeml:eu.emsc/event/20000110_0000017">
  <preferredOriginID>quakeml:eu.emsc/event/20000110_0000017/origin/1457568</preferredOriginID>
  <preferredMagnitudeID>quakeml:eu.emsc/event/20000110_0000017/origin/1457568/mag/1</preferredMagnitudeID>
  <creationInfo>
    <agencyURI>smi:smi-registry/organization/EMSC</agencyURI>
    <authorURI>smi:smi-registry/organization/EMSC</authorURI>
    <creationTime>2014-12-03T16:23:02.986711Z</creationTime>
  </creationInfo>
  <description>
    <text>PYRENEES</text>
    <type>Flinn-Engdahl region</type>
  </description>
  <origin publicID="quakeml:eu.emsc/event/20000110_0000017/origin/1457568">
    <time>
      <value>2000-01-10T12:27:55.0Z</value>
      <uncertainty>0.1</uncertainty>
    </time>
    <latitude>
      <value>42.634</value>
      <uncertainty>2.3</uncertainty>
    </latitude>
    <longitude>
      <value>0.6887</value>
      <uncertainty>1.7</uncertainty>
    </longitude>
    <depth>
      <value>2000</value>
    </depth>
    <depthType>from location</depthType>
    <methodID>smi:eu.emsc-csem/origin_method/NA</methodID>
    <quality>
      <usedPhaseCount>49</usedPhaseCount>
      <usedStationCount>28</usedStationCount>
      <standardError>0.89</standardError>
      <azimuthalGap>48</azimuthalGap>
      <minimumDistance>0.06</minimumDistance>
      <maximumDistance>4.14</maximumDistance>
    </quality>
    <evaluationMode>manual</evaluationMode>
    <creationInfo>
      <agencyURI>smi:smi-registry/organization/EMSC</agencyURI>
      <authorURI>smi:smi-registry/organization/EMSC</authorURI>
    </creationInfo>
    <originUncertainty>
      <azimuthMaxHorizontalUncertainty>14</azimuthMaxHorizontalUncertainty>
    </originUncertainty>
  </origin>
  <magnitude publicID="quakeml:eu.emsc/event/20000110_0000017/origin/1457568/mag/1">
    <mag>
      <value>2.6</value>
      <uncertainty>0.3</uncertainty>
    </mag>
    <type>ML</type>
    <originID>quakeml:eu.emsc/event/20000110_0000017/origin/1457568</originID>
    <stationCount>10</stationCount>
    <creationInfo>
      <agencyURI>smi:smi-registry/organization/EMSC</agencyURI>
      <authorURI>smi:smi-registry/organization/EMSC</authorURI>
    </creationInfo>
  </magnitude>
</event>
<event publicID="quakeml:eu.emsc/event/20000110_0000004">
  <preferredOriginID>quakeml:eu.emsc/event/20000110_0000004/origin/1447633</preferredOriginID>
  <preferredMagnitudeID>quakeml:eu.emsc/event/20000110_0000004/origin/1447633/mag/2</preferredMagnitudeID>
  <creationInfo>
    <agencyURI>smi:smi-registry/organization/EMSC</agencyURI>
    <authorURI>smi:smi-registry/organization/EMSC</authorURI>
    <creationTime>2014-12-10T08:18:33.619213Z</creationTime>
  </creationInfo>
  <description>
    <text>CYPRUS REGION</text>
    <type>Flinn-Engdahl region</type>
  </description>
  <origin publicID="quakeml:eu.emsc/event/20000110_0000004/origin/1447633">
    <time>
      <value>2000-01-10T12:15:36.1Z</value>
    </time>
    <latitude>
      <value>34.695</value>
      <uncertainty>9999.9</uncertainty>
    </latitude>
    <longitude>
      <value>33.121</value>
      <uncertainty>9999.9</uncertainty>
    </longitude>
    <depth>
      <value>10000</value>
    </depth>
    <depthType>from location</depthType>
    <methodID>smi:eu.emsc-csem/origin_method/NA</methodID>
    <quality>
      <usedPhaseCount>9</usedPhaseCount>
      <usedStationCount>6</usedStationCount>
      <standardError>0.51</standardError>
      <azimuthalGap>253</azimuthalGap>
      <minimumDistance>0.21</minimumDistance>
      <maximumDistance>0.73</maximumDistance>
    </quality>
    <evaluationMode>manual</evaluationMode>
    <creationInfo>
      <agencyURI>smi:smi-registry/organization/EMSC</agencyURI>
      <authorURI>smi:smi-registry/organization/EMSC</authorURI>
    </creationInfo>
    <originUncertainty>
      <azimuthMaxHorizontalUncertainty>-99</azimuthMaxHorizontalUncertainty>
    </originUncertainty>
  </origin>
  <magnitude publicID="quakeml:eu.emsc/event/20000110_0000004/origin/1447633/mag/2">
    <mag>
      <value>3</value>
    </mag>
    <type>ML</type>
    <originID>quakeml:eu.emsc/event/20000110_0000004/origin/1447633</originID>
    <creationInfo>
      <agencyURI>smi:smi-registry/organization/EMSC</agencyURI>
      <authorURI>smi:smi-registry/organization/EMSC</authorURI>
    </creationInfo>
  </magnitude>
</event>
<event publicID="quakeml:eu.emsc/event/20000110_0000002">
  <preferredOriginID>quakeml:eu.emsc/event/20000110_0000002/origin/1447635</preferredOriginID>
  <preferredMagnitudeID>quakeml:eu.emsc/event/20000110_0000002/origin/1447635/mag/2</preferredMagnitudeID>
  <creationInfo>
    <agencyURI>smi:smi-registry/organization/EMSC</agencyURI>
    <authorURI>smi:smi-registry/organization/EMSC</authorURI>
    <creationTime>2014-12-10T08:18:32.151786Z</creationTime>
  </creationInfo>
  <description>
    <text>SOUTHERN IRAN</text>
    <type>Flinn-Engdahl region</type>
  </description>
  <origin publicID="quakeml:eu.emsc/event/20000110_0000002/origin/1447635">
    <time>
      <value>2000-01-10T08:50:54.8Z</value>
    </time>
    <latitude>
      <value>29.565</value>
      <uncertainty>9999.9</uncertainty>
    </latitude>
    <longitude>
      <value>51.801</value>
      <uncertainty>9999.9</uncertainty>
    </longitude>
    <depth>
      <value>33000</value>
    </depth>
    <depthType>from location</depthType>
    <methodID>smi:eu.emsc-csem/origin_method/NA</methodID>
    <quality>
      <usedPhaseCount>16</usedPhaseCount>
      <usedStationCount>16</usedStationCount>
      <standardError>1.83</standardError>
      <azimuthalGap>166</azimuthalGap>
      <minimumDistance>18.68</minimumDistance>
      <maximumDistance>82.35</maximumDistance>
    </quality>
    <evaluationMode>manual</evaluationMode>
    <creationInfo>
      <agencyURI>smi:smi-registry/organization/EMSC</agencyURI>
      <authorURI>smi:smi-registry/organization/EMSC</authorURI>
    </creationInfo>
    <originUncertainty>
      <azimuthMaxHorizontalUncertainty>-99</azimuthMaxHorizontalUncertainty>
    </originUncertainty>
  </origin>
  <magnitude publicID="quakeml:eu.emsc/event/20000110_0000002/origin/1447635/mag/2">
    <mag>
      <value>4.6</value>
    </mag>
    <type>mb</type>
    <originID>quakeml:eu.emsc/event/20000110_0000002/origin/1447635</originID>
    <stationCount>7</stationCount>
    <creationInfo>
      <agencyURI>smi:smi-registry/organization/EMSC</agencyURI>
      <authorURI>smi:smi-registry/organization/EMSC</authorURI>
    </creationInfo>
  </magnitude>
</event>
<event publicID="quakeml:eu.emsc/event/20000110_0000019">
  <preferredOriginID>quakeml:eu.emsc/event/20000110_0000019/origin/1447637</preferredOriginID>
  <preferredMagnitudeID>quakeml:eu.emsc/event/20000110_0000019/origin/1447637/mag/2</preferredMagnitudeID>
  <creationInfo>
    <agencyURI>smi:smi-registry/organization/EMSC</agencyURI>
    <authorURI>smi:smi-registry/organization/EMSC</authorURI>
    <creationTime>2014-12-10T13:06:59.583793Z</creationTime>
  </creationInfo>
  <description>
    <text>FRANCE</text>
    <type>Flinn-Engdahl region</type>
  </description>
  <origin publicID="quakeml:eu.emsc/event/20000110_0000019/origin/1447637">
    <time>
      <value>2000-01-10T05:49:27.6Z</value>
    </time>
    <latitude>
      <value>45.66</value>
      <uncertainty>9999.9</uncertainty>
    </latitude>
    <longitude>
      <value>4.01</value>
      <uncertainty>9999.9</uncertainty>
    </longitude>
    <depth>
      <value>2000</value>
    </depth>
    <depthType>from location</depthType>
    <methodID>smi:eu.emsc-csem/origin_method/NA</methodID>
    <quality>
      <usedPhaseCount>7</usedPhaseCount>
      <usedStationCount>4</usedStationCount>
      <standardError>0.77</standardError>
      <azimuthalGap>272</azimuthalGap>
      <minimumDistance>0.41</minimumDistance>
      <maximumDistance>0.73</maximumDistance>
    </quality>
    <evaluationMode>manual</evaluationMode>
    <creationInfo>
      <agencyURI>smi:smi-registry/organization/EMSC</agencyURI>
      <authorURI>smi:smi-registry/organization/EMSC</authorURI>
    </creationInfo>
    <originUncertainty>
      <azimuthMaxHorizontalUncertainty>-99</azimuthMaxHorizontalUncertainty>
    </originUncertainty>
  </origin>
  <magnitude publicID="quakeml:eu.emsc/event/20000110_0000019/origin/1447637/mag/2">
    <mag>
      <value>2.4</value>
    </mag>
    <type>ML</type>
    <originID>quakeml:eu.emsc/event/20000110_0000019/origin/1447637</originID>
    <creationInfo>
      <agencyURI>smi:smi-registry/organization/EMSC</agencyURI>
      <authorURI>smi:smi-registry/organization/EMSC</authorURI>
    </creationInfo>
  </magnitude>
</event>
<event publicID="quakeml:eu.emsc/event/20000110_0000007">
  <preferredOriginID>quakeml:eu.emsc/event/20000110_0000007/origin/1457839</preferredOriginID>
  <preferredMagnitudeID>quakeml:eu.emsc/event/20000110_0000007/origin/1457839/mag/1</preferredMagnitudeID>
  <creationInfo>
    <agencyURI>smi:smi-registry/organization/EMSC</agencyURI>
    <authorURI>smi:smi-registry/organization/EMSC</authorURI>
    <creationTime>2014-12-03T11:35:17.808365Z</creationTime>
  </creationInfo>
  <description>
    <text>SWITZERLAND</text>
    <type>Flinn-Engdahl region</type>
  </description>
  <origin publicID="quakeml:eu.emsc/event/20000110_0000007/origin/1457839">
    <time>
      <value>2000-01-10T05:30:09.2Z</value>
      <uncertainty>0.08</uncertainty>
    </time>
    <latitude>
      <value>46.1333</value>
      <uncertainty>1.9</uncertainty>
    </latitude>
    <longitude>
      <value>7.3439</value>
      <uncertainty>1.5</uncertainty>
    </longitude>
    <depth>
      <value>5000</value>
    </depth>
    <depthType>from location</depthType>
    <methodID>smi:eu.emsc-csem/origin_method/NA</methodID>
    <quality>
      <usedPhaseCount>174</usedPhaseCount>
      <usedStationCount>100</usedStationCount>
      <standardError>1.1</standardError>
      <azimuthalGap>25</azimuthalGap>
      <minimumDistance>0.06</minimumDistance>
      <maximumDistance>7.56</maximumDistance>
    </quality>
    <evaluationMode>manual</evaluationMode>
    <creationInfo>
      <agencyURI>smi:smi-registry/organization/EMSC</agencyURI>
      <authorURI>smi:smi-registry/organization/EMSC</authorURI>
    </creationInfo>
    <originUncertainty>
      <azimuthMaxHorizontalUncertainty>118</azimuthMaxHorizontalUncertainty>
    </originUncertainty>
  </origin>
  <magnitude publicID="quakeml:eu.emsc/event/20000110_0000007/origin/1457839/mag/1">
    <mag>
      <value>3.4</value>
      <uncertainty>0.3</uncertainty>
    </mag>
    <type>ML</type>
    <originID>quakeml:eu.emsc/event/20000110_0000007/origin/1457839</originID>
    <stationCount>18</stationCount>
    <creationInfo>
      <agencyURI>smi:smi-registry/organization/EMSC</agencyURI>
      <authorURI>smi:smi-registry/organization/EMSC</authorURI>
    </creationInfo>
  </magnitude>
</event>
<event publicID="quakeml:eu.emsc/event/20000110_0000001">
  <preferredOriginID>quakeml:eu.emsc/event/20000110_0000001/origin/1447639</preferredOriginID>
  <preferredMagnitudeID>quakeml:eu.emsc/event/20000110_0000001/origin/1447639/mag/2</preferredMagnitudeID>
  <creationInfo>
    <agencyURI>smi:smi-registry/organization/EMSC</agencyURI>
    <authorURI>smi:smi-registry/organization/EMSC</authorURI>
    <creationTime>2014-12-10T08:18:30.45173Z</creationTime>
  </creationInfo>
  <description>
    <text>PYRENEES</text>
    <type>Flinn-Engdahl region</type>
  </description>
  <origin publicID="quakeml:eu.emsc/event/20000110_0000001/origin/1447639">
    <time>
      <value>2000-01-10T05:12:56.6Z</value>
    </time>
    <latitude>
      <value>43.0943</value>
      <uncertainty>9999.9</uncertainty>
    </latitude>
    <longitude>
      <value>-0.6024</value>
      <uncertainty>9999.9</uncertainty>
    </longitude>
    <depth>
      <value>8500.0</value>
    </depth>
    <depthType>from location</depthType>
    <methodID>smi:eu.emsc-csem/origin_method/NA</methodID>
    <quality>
      <usedPhaseCount>8</usedPhaseCount>
      <usedStationCount>5</usedStationCount>
      <standardError>0.32</standardError>
      <azimuthalGap>182</azimuthalGap>
      <minimumDistance>0.07</minimumDistance>
      <maximumDistance>1.48</maximumDistance>
    </quality>
    <evaluationMode>manual</evaluationMode>
    <creationInfo>
      <agencyURI>smi:smi-registry/organization/EMSC</agencyURI>
      <authorURI>smi:smi-registry/organization/EMSC</authorURI>
    </creationInfo>
    <originUncertainty>
      <azimuthMaxHorizontalUncertainty>-99</azimuthMaxHorizontalUncertainty>
    </originUncertainty>
  </origin>
  <magnitude publicID="quakeml:eu.emsc/event/20000110_0000001/origin/1447639/mag/2">
    <mag>
      <value>1.9</value>
      <uncertainty>0.6</uncertainty>
    </mag>
    <type>mb</type>
    <originID>quakeml:eu.emsc/event/20000110_0000001/origin/1447639</originID>
    <stationCount>2</stationCount>
    <creationInfo>
      <agencyURI>smi:smi-registry/organization/EMSC</agencyURI>
      <authorURI>smi:smi-registry/organization/EMSC</authorURI>
    </creationInfo>
  </magnitude>
</event>
<event publicID="quakeml:eu.emsc/event/20000110_0000013">
  <preferredOriginID>quakeml:eu.emsc/event/20000110_0000013/origin/1447641</preferredOriginID>
  <preferredMagnitudeID>quakeml:eu.emsc/event/20000110_0000013/origin/1447641/mag/2</preferredMagnitudeID>
  <creationInfo>
    <agencyURI>smi:smi-registry/organization/EMSC</agencyURI>
    <authorURI>smi:smi-registry/organization/EMSC</authorURI>
    <creationTime>2014-12-10T13:06:59.97255Z</creationTime>
  </creationInfo>
  <description>
    <text>NORTHERN ITALY</text>
    <type>Flinn-Engdahl region</type>
  </description>
  <origin publicID="quakeml:eu.emsc/event/20000110_0000013/origin/1447641">
    <time>
      <value>2000-01-10T03:22:40.4Z</value>
    </time>
    <latitude>
      <value>44.3337</value>
      <uncertainty>9999.9</uncertainty>
    </latitude>
    <longitude>
      <value>7.2913</value>
      <uncertainty>9999.9</uncertainty>
    </longitude>
    <depth>
      <value>12900.0</value>
    </depth>
    <depthType>from location</depthType>
    <methodID>smi:eu.emsc-csem/origin_method/NA</methodID>
    <quality>
      <usedPhaseCount>10</usedPhaseCount>
      <usedStationCount>6</usedStationCount>
      <standardError>7.77</standardError>
      <azimuthalGap>156</azimuthalGap>
      <minimumDistance>0.09</minimumDistance>
      <maximumDistance>0.5</maximumDistance>
    </quality>
    <evaluationMode>manual</evaluationMode>
    <creationInfo>
      <agencyURI>smi:smi-registry/organization/EMSC</agencyURI>
      <authorURI>smi:smi-registry/organization/EMSC</authorURI>
    </creationInfo>
    <originUncertainty>
      <azimuthMaxHorizontalUncertainty>-99</azimuthMaxHorizontalUncertainty>
    </originUncertainty>
  </origin>
  <magnitude publicID="quakeml:eu.emsc/event/20000110_0000013/origin/1447641/mag/2">
    <mag>
      <value>1.7</value>
    </mag>
    <type>ML</type>
    <originID>quakeml:eu.emsc/event/20000110_0000013/origin/1447641</originID>
    <creationInfo>
      <agencyURI>smi:smi-registry/organization/EMSC</agencyURI>
      <authorURI>smi:smi-registry/organization/EMSC</authorURI>
    </creationInfo>
  </magnitude>
</event>
<event publicID="quakeml:eu.emsc/event/20000110_0000005">
  <preferredOriginID>quakeml:eu.emsc/event/20000110_0000005/origin/1457846</preferredOriginID>
  <preferredMagnitudeID>quakeml:eu.emsc/event/20000110_0000005/origin/1457846/mag/2</preferredMagnitudeID>
  <creationInfo>
    <agencyURI>smi:smi-registry/organization/EMSC</agencyURI>
    <authorURI>smi:smi-registry/organization/EMSC</authorURI>
    <creationTime>2014-12-03T10:41:38.125626Z</creationTime>
  </creationInfo>
  <description>
    <text>WESTERN TURKEY</text>
    <type>Flinn-Engdahl region</type>
  </description>
  <origin publicID="quakeml:eu.emsc/event/20000110_0000005/origin/1457846">
    <time>
      <value>2000-01-10T02:48:15.5Z</value>
      <uncertainty>0.2</uncertainty>
    </time>
    <latitude>
      <value>40.3787</value>
      <uncertainty>6.5</uncertainty>
    </latitude>
    <longitude>
      <value>27.9745</value>
      <uncertainty>4.5</uncertainty>
    </longitude>
    <depth>
      <value>10000</value>
    </depth>
    <depthType>from location</depthType>
    <methodID>smi:eu.emsc-csem/origin_method/NA</methodID>
    <quality>
      <usedPhaseCount>30</usedPhaseCount>
      <usedStationCount>25</usedStationCount>
      <standardError>1</standardError>
      <azimuthalGap>76</azimuthalGap>
      <minimumDistance>0.05</minimumDistance>
      <maximumDistance>5.18</maximumDistance>
    </quality>
    <evaluationMode>manual</evaluationMode>
    <creationInfo>
      <agencyURI>smi:smi-registry/organization/EMSC</agencyURI>
      <authorURI>smi:smi-registry/organization/EMSC</authorURI>
    </creationInfo>
    <originUncertainty>
      <azimuthMaxHorizontalUncertainty>19</azimuthMaxHorizontalUncertainty>
    </originUncertainty>
  </origin>
  <magnitude publicID="quakeml:eu.emsc/event/20000110_0000005/origin/1457846/mag/2">
    <mag>
      <value>3.5</value>
    </mag>
    <type>MD</type>
    <originID>quakeml:eu.emsc/event/20000110_0000005/origin/1457846</originID>
    <creationInfo>
      <agencyURI>smi:smi-registry/organization/EMSC</agencyURI>
      <authorURI>smi:smi-registry/organization/EMSC</authorURI>
    </creationInfo>
  </magnitude>
</event>
<event publicID="quakeml:eu.emsc/event/20000110_0000018">
  <preferredOriginID>quakeml:eu.emsc/event/20000110_0000018/origin/1447643</preferredOriginID>
  <preferredMagnitudeID>quakeml:eu.emsc/event/20000110_0000018/origin/1447643/mag/2</preferredMagnitudeID>
  <creationInfo>
    <agencyURI>smi:smi-registry/organization/EMSC</agencyURI>
    <authorURI>smi:smi-registry/organization/EMSC</authorURI>
    <creationTime>2014-12-10T13:06:58.610983Z</creationTime>
  </creationInfo>
  <description>
    <text>NORTHERN ITALY</text>
    <type>Flinn-Engdahl region</type>
  </description>
  <origin publicID="quakeml:eu.emsc/event/20000110_0000018/origin/1447643">
    <time>
      <value>2000-01-10T02:25:15.9Z</value>
    </time>
    <latitude>
      <value>44.3487</value>
      <uncertainty>9999.9</uncertainty>
    </latitude>
    <longitude>
      <value>7.292</value>
      <uncertainty>9999.9</uncertainty>
    </longitude>
    <depth>
      <value>14200.0</value>
    </depth>
    <depthType>from location</depthType>
    <methodID>smi:eu.emsc-csem/origin_method/NA</methodID>
    <quality>
      <usedPhaseCount>12</usedPhaseCount>
      <usedStationCount>7</usedStationCount>
      <standardError>6.31</standardError>
      <azimuthalGap>151</azimuthalGap>
      <minimumDistance>0.11</minimumDistance>
      <maximumDistance>0.67</maximumDistance>
    </quality>
    <evaluationMode>manual</evaluationMode>
    <creationInfo>
      <agencyURI>smi:smi-registry/organization/EMSC</agencyURI>
      <authorURI>smi:smi-registry/organization/EMSC</authorURI>
    </creationInfo>
    <originUncertainty>
      <azimuthMaxHorizontalUncertainty>-99</azimuthMaxHorizontalUncertainty>
    </originUncertainty>
  </origin>
  <magnitude publicID="quakeml:eu.emsc/event/20000110_0000018/origin/1447643/mag/2">
    <mag>
      <value>1.8</value>
    </mag>
    <type>ML</type>
    <originID>quakeml:eu.emsc/event/20000110_0000018/origin/1447643</originID>
    <creationInfo>
      <agencyURI>smi:smi-registry/organization/EMSC</agencyURI>
      <authorURI>smi:smi-registry/organization/EMSC</authorURI>
    </creationInfo>
  </magnitude>
</event>
<event publicID="quakeml:eu.emsc/event/20000110_0000016">
  <preferredOriginID>quakeml:eu.emsc/event/20000110_0000016/origin/1447645</preferredOriginID>
  <preferredMagnitudeID>quakeml:eu.emsc/event/20000110_0000016/origin/1447645/mag/2</preferredMagnitudeID>
  <creationInfo>
    <agencyURI>smi:smi-registry/organization/EMSC</agencyURI>
    <authorURI>smi:smi-registry/organization/EMSC</authorURI>
    <creationTime>2014-12-10T13:06:58.112467Z</creationTime>
  </creationInfo>
  <description>
    <text>NORTHERN ITALY</text>
    <type>Flinn-Engdahl region</type>
  </description>
  <origin publicID="quakeml:eu.emsc/event/20000110_0000016/origin/1447645">
    <time>
      <value>2000-01-10T00:43:31.5Z</value>
    </time>
    <latitude>
      <value>44.9867</value>
      <uncertainty>9999.9</uncertainty>
    </latitude>
    <longitude>
      <value>7.0468</value>
      <uncertainty>9999.9</uncertainty>
    </longitude>
    <depth>
      <value>11300.0</value>
    </depth>
    <depthType>from location</depthType>
    <methodID>smi:eu.emsc-csem/origin_method/NA</methodID>
    <quality>
      <usedPhaseCount>13</usedPhaseCount>
      <usedStationCount>8</usedStationCount>
      <standardError>1.33</standardError>
      <azimuthalGap>118</azimuthalGap>
      <minimumDistance>0.2</minimumDistance>
      <maximumDistance>0.81</maximumDistance>
    </quality>
    <evaluationMode>manual</evaluationMode>
    <creationInfo>
      <agencyURI>smi:smi-registry/organization/EMSC</agencyURI>
      <authorURI>smi:smi-registry/organization/EMSC</authorURI>
    </creationInfo>
    <originUncertainty>
      <azimuthMaxHorizontalUncertainty>-99</azimuthMaxHorizontalUncertainty>
    </originUncertainty>
  </origin>
  <magnitude publicID="quakeml:eu.emsc/event/20000110_0000016/origin/1447645/mag/2">
    <mag>
      <value>2</value>
    </mag>
    <type>ML</type>
    <originID>quakeml:eu.emsc/event/20000110_0000016/origin/1447645</originID>
    <creationInfo>
      <agencyURI>smi:smi-registry/organization/EMSC</agencyURI>
      <authorURI>smi:smi-registry/organization/EMSC</authorURI>
    </creationInfo>
  </magnitude>
</event>
<event publicID="quakeml:eu.emsc/event/20000110_0000012">
  <preferredOriginID>quakeml:eu.emsc/event/20000110_0000012/origin/1457571</preferredOriginID>
  <preferredMagnitudeID>quakeml:eu.emsc/event/20000110_0000012/origin/1457571/mag/1</preferredMagnitudeID>
  <creationInfo>
    <agencyURI>smi:smi-registry/organization/EMSC</agencyURI>
    <authorURI>smi:smi-registry/organization/EMSC</authorURI>
    <creationTime>2014-12-03T16:04:29.863805Z</creationTime>
  </creationInfo>
  <description>
    <text>SPAIN</text>
    <type>Flinn-Engdahl region</type>
  </description>
  <origin publicID="quakeml:eu.emsc/event/20000110_0000012/origin/1457571">
    <time>
      <value>2000-01-10T00:41:14.3Z</value>
      <uncertainty>0.43</uncertainty>
    </time>
    <latitude>
      <value>41.7927</value>
      <uncertainty>7.6</uncertainty>
    </latitude>
    <longitude>
      <value>2.9211</value>
      <uncertainty>5.1</uncertainty>
    </longitude>
    <depth>
      <value>10000</value>
    </depth>
    <depthType>from location</depthType>
    <methodID>smi:eu.emsc-csem/origin_method/NA</methodID>
    <quality>
      <usedPhaseCount>35</usedPhaseCount>
      <usedStationCount>19</usedStationCount>
      <standardError>1.47</standardError>
      <azimuthalGap>185</azimuthalGap>
      <minimumDistance>0.36</minimumDistance>
      <maximumDistance>3.34</maximumDistance>
    </quality>
    <evaluationMode>manual</evaluationMode>
    <creationInfo>
      <agencyURI>smi:smi-registry/organization/EMSC</agencyURI>
      <authorURI>smi:smi-registry/organization/EMSC</authorURI>
    </creationInfo>
    <originUncertainty>
      <azimuthMaxHorizontalUncertainty>144</azimuthMaxHorizontalUncertainty>
    </originUncertainty>
  </origin>
  <magnitude publicID="quakeml:eu.emsc/event/20000110_0000012/origin/1457571/mag/1">
    <mag>
      <value>2.4</value>
      <uncertainty>0.3</uncertainty>
    </mag>
    <type>ML</type>
    <originID>quakeml:eu.emsc/event/20000110_0000012/origin/1457571</originID>
    <stationCount>10</stationCount>
    <creationInfo>
      <agencyURI>smi:smi-registry/organization/EMSC</agencyURI>
      <authorURI>smi:smi-registry/organization/EMSC</authorURI>
    </creationInfo>
  </magnitude>
</event>
</eventParameters>
</q:quakeml>
