<?xml version="1.0"?>
<q:quakeml xmlns:q="http://quakeml.org/xmlns/quakeml/1.2"  xmlns="http://quakeml.org/xmlns/bed/1.2">
<eventParameters publicID="smi:eu.emsc/unid">
<event publicID="quakeml:eu.emsc/event/20000907_0000010">
  <preferredOriginID>quakeml:eu.emsc/event/20000907_0000010/origin/1447823</preferredOriginID>
  <preferredMagnitudeID>quakeml:eu.emsc/event/20000907_0000010/origin/1447823/mag/2</preferredMagnitudeID>
  <creationInfo>
    <agencyURI>smi:smi-registry/organization/EMSC</agencyURI>
    <authorURI>smi:smi-registry/organization/EMSC</authorURI>
    <creationTime>2014-12-10T10:19:54.976494Z</creationTime>
  </creationInfo>
  <description>
    <text>FRANCE</text>
    <type>Flinn-Engdahl region</type>
  </description>
  <origin publicID="quakeml:eu.emsc/event/20000907_0000010/origin/1447823">
    <time>
      <value>2000-09-07T22:11:05.0Z</value>
    </time>
    <latitude>
      <value>47.9045</value>
      <uncertainty>9999.9</uncertainty>
    </latitude>
    <longitude>
      <value>-4.2727</value>
      <uncertainty>9999.9</uncertainty>
    </longitude>
    <depth>
      <value>18200.0</value>
    </depth>
    <depthType>from location</depthType>
    <methodID>smi:eu.emsc-csem/origin_method/NA</methodID>
    <quality>
      <usedPhaseCount>53</usedPhaseCount>
      <usedStationCount>20</usedStationCount>
      <standardError>3.58</standardError>
      <azimuthalGap>265</azimuthalGap>
      <minimumDistance>0.74</minimumDistance>
      <maximumDistance>6.83</maximumDistance>
    </quality>
    <evaluationMode>manual</evaluationMode>
    <creationInfo>
      <agencyURI>smi:smi-registry/organization/EMSC</agencyURI>
      <authorURI>smi:smi-registry/organization/EMSC</authorURI>
    </creationInfo>
    <originUncertainty>
      <azimuthMaxHorizontalUncertainty>-99</azimuthMaxHorizontalUncertainty>
    </originUncertainty>
  </origin>
  <magnitude publicID="quakeml:eu.emsc/event/20000907_0000010/origin/1447823/mag/2">
    <mag>
      <value>3.2</value>
    </mag>
    <type>ML</type>
    <originID>quakeml:eu.emsc/event/20000907_0000010/origin/1447823</originID>
    <stationCount>15</stationCount>
    <creationInfo>
      <agencyURI>smi:smi-registry/organization/EMSC</agencyURI>
      <authorURI>smi:smi-registry/organization/EMSC</authorURI>
    </creationInfo>
  </magnitude>
</event>
<event publicID="quakeml:eu.emsc/event/20000907_0000009">
  <preferredOriginID>quakeml:eu.emsc/event/20000907_0000009/origin/1450247</preferredOriginID>
  <preferredMagnitudeID>quakeml:eu.emsc/event/20000907_0000009/origin/1450247/mag/2</preferredMagnitudeID>
  <creationInfo>
    <agencyURI>smi:smi-registry/organization/EMSC</agencyURI>
    <authorURI>smi:smi-registry/organization/EMSC</authorURI>
    <creationTime>2014-12-03T10:34:52.436199Z</creationTime>
  </creationInfo>
  <description>
    <text>GREECE</text>
    <type>Flinn-Engdahl region</type>
  </description>
  <origin publicID="quakeml:eu.emsc/event/20000907_0000009/origin/1450247">
    <time>
      <value>2000-09-07T21:50:40.7Z</value>
      <uncertainty>0.27</uncertainty>
    </time>
    <latitude>
      <value>38.4458</value>
      <uncertainty>6.1</uncertainty>
    </latitude>
    <longitude>
      <value>21.607</value>
      <uncertainty>4.3</uncertainty>
    </longitude>
    <depth>
      <value>2000</value>
    </depth>
    <depthType>from location</depthType>
    <methodID>smi:eu.emsc-csem/origin_method/NA</methodID>
    <quality>
      <usedPhaseCount>21</usedPhaseCount>
      <usedStationCount>17</usedStationCount>
      <standardError>0.79</standardError>
      <azimuthalGap>101</azimuthalGap>
      <minimumDistance>0.5</minimumDistance>
      <maximumDistance>3.52</maximumDistance>
    </quality>
    <evaluationMode>manual</evaluationMode>
    <creationInfo>
      <agencyURI>smi:smi-registry/organization/EMSC</agencyURI>
      <authorURI>smi:smi-registry/organization/EMSC</authorURI>
    </creationInfo>
    <originUncertainty>
      <azimuthMaxHorizontalUncertainty>157</azimuthMaxHorizontalUncertainty>
    </originUncertainty>
  </origin>
  <magnitude publicID="quakeml:eu.emsc/event/20000907_0000009/origin/1450247/mag/2">
    <mag>
      <value>3.2</value>
    </mag>
    <type>MD</type>
    <originID>quakeml:eu.emsc/event/20000907_0000009/origin/1450247</originID>
    <creationInfo>
      <agencyURI>smi:smi-registry/organization/EMSC</agencyURI>
      <authorURI>smi:smi-registry/organization/EMSC</authorURI>
    </creationInfo>
  </magnitude>
</event>
<event publicID="quakeml:eu.emsc/event/20000907_0000008">
  <preferredOriginID>quakeml:eu.emsc/event/20000907_0000008/origin/1450257</preferredOriginID>
  <preferredMagnitudeID>quakeml:eu.emsc/event/20000907_0000008/origin/1450257/mag/2</preferredMagnitudeID>
  <creationInfo>
    <agencyURI>smi:smi-registry/organization/EMSC</agencyURI>
    <authorURI>smi:smi-registry/organization/EMSC</authorURI>
    <creationTime>2014-12-03T10:58:14.970598Z</creationTime>
  </creationInfo>
  <description>
    <text>CRETE, GREECE</text>
    <type>Flinn-Engdahl region</type>
  </description>
  <origin publicID="quakeml:eu.emsc/event/20000907_0000008/origin/1450257">
    <time>
      <value>2000-09-07T21:50:13.0Z</value>
      <uncertainty>0.36</uncertainty>
    </time>
    <latitude>
      <value>34.8411</value>
      <uncertainty>14.5</uncertainty>
    </latitude>
    <longitude>
      <value>26.3732</value>
      <uncertainty>7.8</uncertainty>
    </longitude>
    <depth>
      <value>2000</value>
    </depth>
    <depthType>from location</depthType>
    <methodID>smi:eu.emsc-csem/origin_method/NA</methodID>
    <quality>
      <usedPhaseCount>17</usedPhaseCount>
      <usedStationCount>17</usedStationCount>
      <standardError>1.23</standardError>
      <azimuthalGap>139</azimuthalGap>
      <minimumDistance>0.56</minimumDistance>
      <maximumDistance>18.36</maximumDistance>
    </quality>
    <evaluationMode>manual</evaluationMode>
    <creationInfo>
      <agencyURI>smi:smi-registry/organization/EMSC</agencyURI>
      <authorURI>smi:smi-registry/organization/EMSC</authorURI>
    </creationInfo>
    <originUncertainty>
      <azimuthMaxHorizontalUncertainty>32</azimuthMaxHorizontalUncertainty>
    </originUncertainty>
  </origin>
  <magnitude publicID="quakeml:eu.emsc/event/20000907_0000008/origin/1450257/mag/2">
    <mag>
      <value>4.3</value>
    </mag>
    <type>ML</type>
    <originID>quakeml:eu.emsc/event/20000907_0000008/origin/1450257</originID>
    <creationInfo>
      <agencyURI>smi:smi-registry/organization/EMSC</agencyURI>
      <authorURI>smi:smi-registry/organization/EMSC</authorURI>
    </creationInfo>
  </magnitude>
</event>
<event publicID="quakeml:eu.emsc/event/20000907_0000007">
  <preferredOriginID>quakeml:eu.emsc/event/20000907_0000007/origin/1443877</preferredOriginID>
  <preferredMagnitudeID>quakeml:eu.emsc/event/20000907_0000007/origin/1443877/mag/2</preferredMagnitudeID>
  <creationInfo>
    <agencyURI>smi:smi-registry/organization/EMSC</agencyURI>
    <authorURI>smi:smi-registry/organization/EMSC</authorURI>
    <creationTime>2014-12-10T10:18:13.241284Z</creationTime>
  </creationInfo>
  <description>
    <text>NEAR THE COAST OF WESTERN TURKEY</text>
    <type>Flinn-Engdahl region</type>
  </description>
  <origin publicID="quakeml:eu.emsc/event/20000907_0000007/origin/1443877">
    <time>
      <value>2000-09-07T18:27:58.1Z</value>
    </time>
    <latitude>
      <value>38.81</value>
      <uncertainty>9999.9</uncertainty>
    </latitude>
    <longitude>
      <value>26.24</value>
      <uncertainty>9999.9</uncertainty>
    </longitude>
    <depth>
      <value>9000</value>
    </depth>
    <depthType>from location</depthType>
    <methodID>smi:eu.emsc-csem/origin_method/NA</methodID>
    <quality>
      <usedPhaseCount>5</usedPhaseCount>
      <usedStationCount>5</usedStationCount>
      <standardError>2.73</standardError>
      <azimuthalGap>153</azimuthalGap>
      <minimumDistance>0.44</minimumDistance>
      <maximumDistance>2.49</maximumDistance>
    </quality>
    <evaluationMode>manual</evaluationMode>
    <creationInfo>
      <agencyURI>smi:smi-registry/organization/EMSC</agencyURI>
      <authorURI>smi:smi-registry/organization/EMSC</authorURI>
    </creationInfo>
    <originUncertainty>
      <azimuthMaxHorizontalUncertainty>-99</azimuthMaxHorizontalUncertainty>
    </originUncertainty>
  </origin>
  <magnitude publicID="quakeml:eu.emsc/event/20000907_0000007/origin/1443877/mag/2">
    <mag>
      <value>3.5</value>
    </mag>
    <type>MD</type>
    <originID>quakeml:eu.emsc/event/20000907_0000007/origin/1443877</originID>
    <creationInfo>
      <agencyURI>smi:smi-registry/organization/EMSC</agencyURI>
      <authorURI>smi:smi-registry/organization/EMSC</authorURI>
    </creationInfo>
  </magnitude>
</event>
<event publicID="quakeml:eu.emsc/event/20000907_0000006">
  <preferredOriginID>quakeml:eu.emsc/event/20000907_0000006/origin/1450327</preferredOriginID>
  <preferredMagnitudeID>quakeml:eu.emsc/event/20000907_0000006/origin/1450327/mag/2</preferredMagnitudeID>
  <creationInfo>
    <agencyURI>smi:smi-registry/organization/EMSC</agencyURI>
    <authorURI>smi:smi-registry/organization/EMSC</authorURI>
    <creationTime>2014-12-03T12:12:38.248415Z</creationTime>
  </creationInfo>
  <description>
    <text>FYR OF MACEDONIA</text>
    <type>Flinn-Engdahl region</type>
  </description>
  <origin publicID="quakeml:eu.emsc/event/20000907_0000006/origin/1450327">
    <time>
      <value>2000-09-07T16:06:12.7Z</value>
      <uncertainty>0.17</uncertainty>
    </time>
    <latitude>
      <value>41.077</value>
      <uncertainty>5</uncertainty>
    </latitude>
    <longitude>
      <value>21.0503</value>
      <uncertainty>3.1</uncertainty>
    </longitude>
    <depth>
      <value>2000</value>
    </depth>
    <depthType>from location</depthType>
    <methodID>smi:eu.emsc-csem/origin_method/NA</methodID>
    <quality>
      <usedPhaseCount>39</usedPhaseCount>
      <usedStationCount>21</usedStationCount>
      <standardError>1.12</standardError>
      <azimuthalGap>67</azimuthalGap>
      <minimumDistance>0.19</minimumDistance>
      <maximumDistance>2.61</maximumDistance>
    </quality>
    <evaluationMode>manual</evaluationMode>
    <creationInfo>
      <agencyURI>smi:smi-registry/organization/EMSC</agencyURI>
      <authorURI>smi:smi-registry/organization/EMSC</authorURI>
    </creationInfo>
    <originUncertainty>
      <azimuthMaxHorizontalUncertainty>39</azimuthMaxHorizontalUncertainty>
    </originUncertainty>
  </origin>
  <magnitude publicID="quakeml:eu.emsc/event/20000907_0000006/origin/1450327/mag/2">
    <mag>
      <value>2.5</value>
    </mag>
    <type>ML</type>
    <originID>quakeml:eu.emsc/event/20000907_0000006/origin/1450327</originID>
    <creationInfo>
      <agencyURI>smi:smi-registry/organization/EMSC</agencyURI>
      <authorURI>smi:smi-registry/organization/EMSC</authorURI>
    </creationInfo>
  </magnitude>
</event>
<event publicID="quakeml:eu.emsc/event/20000907_0000005">
  <preferredOriginID>quakeml:eu.emsc/event/20000907_0000005/origin/1443879</preferredOriginID>
  <preferredMagnitudeID>quakeml:eu.emsc/event/20000907_0000005/origin/1443879/mag/2</preferredMagnitudeID>
  <creationInfo>
    <agencyURI>smi:smi-registry/organization/EMSC</agencyURI>
    <authorURI>smi:smi-registry/organization/EMSC</authorURI>
    <creationTime>2014-12-10T10:16:49.167747Z</creationTime>
  </creationInfo>
  <description>
    <text>OWEN FRACTURE ZONE REGION</text>
    <type>Flinn-Engdahl region</type>
  </description>
  <origin publicID="quakeml:eu.emsc/event/20000907_0000005/origin/1443879">
    <time>
      <value>2000-09-07T15:50:56.5Z</value>
    </time>
    <latitude>
      <value>20.543</value>
      <uncertainty>9999.9</uncertainty>
    </latitude>
    <longitude>
      <value>61.626</value>
      <uncertainty>9999.9</uncertainty>
    </longitude>
    <depth>
      <value>10000</value>
    </depth>
    <depthType>from location</depthType>
    <methodID>smi:eu.emsc-csem/origin_method/NA</methodID>
    <quality>
      <usedPhaseCount>7</usedPhaseCount>
      <usedStationCount>7</usedStationCount>
      <standardError>2.7</standardError>
      <azimuthalGap>275</azimuthalGap>
      <minimumDistance>19.25</minimumDistance>
      <maximumDistance>53.64</maximumDistance>
    </quality>
    <evaluationMode>manual</evaluationMode>
    <creationInfo>
      <agencyURI>smi:smi-registry/organization/EMSC</agencyURI>
      <authorURI>smi:smi-registry/organization/EMSC</authorURI>
    </creationInfo>
    <originUncertainty>
      <azimuthMaxHorizontalUncertainty>-99</azimuthMaxHorizontalUncertainty>
    </originUncertainty>
  </origin>
  <magnitude publicID="quakeml:eu.emsc/event/20000907_0000005/origin/1443879/mag/2">
    <mag>
      <value>3.8</value>
    </mag>
    <type>mb</type>
    <originID>quakeml:eu.emsc/event/20000907_0000005/origin/1443879</originID>
    <stationCount>1</stationCount>
    <creationInfo>
      <agencyURI>smi:smi-registry/organization/EMSC</agencyURI>
      <authorURI>smi:smi-registry/organization/EMSC</authorURI>
    </creationInfo>
  </magnitude>
</event>
<event publicID="quakeml:eu.emsc/event/20000907_0000004">
  <preferredOriginID>quakeml:eu.emsc/event/20000907_0000004/origin/1451707</preferredOriginID>
  <preferredMagnitudeID>quakeml:eu.emsc/event/20000907_0000004/origin/1451707/mag/2</preferredMagnitudeID>
  <creationInfo>
    <agencyURI>smi:smi-registry/organization/EMSC</agencyURI>
    <authorURI>smi:smi-registry/organization/EMSC</authorURI>
    <creationTime>2014-12-03T10:36:28.355281Z</creationTime>
  </creationInfo>
  <description>
    <text>NORTHWESTERN IRAN</text>
    <type>Flinn-Engdahl region</type>
  </description>
  <origin publicID="quakeml:eu.emsc/event/20000907_0000004/origin/1451707">
    <time>
      <value>2000-09-07T07:32:34.6Z</value>
      <uncertainty>0.36</uncertainty>
    </time>
    <latitude>
      <value>38.3693</value>
      <uncertainty>15.2</uncertainty>
    </latitude>
    <longitude>
      <value>45.0894</value>
      <uncertainty>10.8</uncertainty>
    </longitude>
    <depth>
      <value>40000</value>
    </depth>
    <depthType>from location</depthType>
    <methodID>smi:eu.emsc-csem/origin_method/NA</methodID>
    <quality>
      <usedPhaseCount>15</usedPhaseCount>
      <usedStationCount>15</usedStationCount>
      <standardError>0.89</standardError>
      <azimuthalGap>91</azimuthalGap>
      <minimumDistance>1.02</minimumDistance>
      <maximumDistance>70.47</maximumDistance>
    </quality>
    <evaluationMode>manual</evaluationMode>
    <creationInfo>
      <agencyURI>smi:smi-registry/organization/EMSC</agencyURI>
      <authorURI>smi:smi-registry/organization/EMSC</authorURI>
    </creationInfo>
    <originUncertainty>
      <azimuthMaxHorizontalUncertainty>63</azimuthMaxHorizontalUncertainty>
    </originUncertainty>
  </origin>
  <magnitude publicID="quakeml:eu.emsc/event/20000907_0000004/origin/1451707/mag/2">
    <mag>
      <value>3.5</value>
    </mag>
    <type>ML</type>
    <originID>quakeml:eu.emsc/event/20000907_0000004/origin/1451707</originID>
    <creationInfo>
      <agencyURI>smi:smi-registry/organization/EMSC</agencyURI>
      <authorURI>smi:smi-registry/organization/EMSC</authorURI>
    </creationInfo>
  </magnitude>
</event>
<event publicID="quakeml:eu.emsc/event/20000907_0000003">
  <preferredOriginID>quakeml:eu.emsc/event/20000907_0000003/origin/1450423</preferredOriginID>
  <preferredMagnitudeID>quakeml:eu.emsc/event/20000907_0000003/origin/1450423/mag/2</preferredMagnitudeID>
  <creationInfo>
    <agencyURI>smi:smi-registry/organization/EMSC</agencyURI>
    <authorURI>smi:smi-registry/organization/EMSC</authorURI>
    <creationTime>2014-12-03T11:27:01.819518Z</creationTime>
  </creationInfo>
  <description>
    <text>CRETE, GREECE</text>
    <type>Flinn-Engdahl region</type>
  </description>
  <origin publicID="quakeml:eu.emsc/event/20000907_0000003/origin/1450423">
    <time>
      <value>2000-09-07T06:41:34.8Z</value>
      <uncertainty>0.31</uncertainty>
    </time>
    <latitude>
      <value>34.8178</value>
      <uncertainty>16.8</uncertainty>
    </latitude>
    <longitude>
      <value>25.3109</value>
      <uncertainty>5.7</uncertainty>
    </longitude>
    <depth>
      <value>10000</value>
    </depth>
    <depthType>from location</depthType>
    <methodID>smi:eu.emsc-csem/origin_method/NA</methodID>
    <quality>
      <usedPhaseCount>31</usedPhaseCount>
      <usedStationCount>30</usedStationCount>
      <standardError>1.59</standardError>
      <azimuthalGap>115</azimuthalGap>
      <minimumDistance>2</minimumDistance>
      <maximumDistance>30.18</maximumDistance>
    </quality>
    <evaluationMode>manual</evaluationMode>
    <creationInfo>
      <agencyURI>smi:smi-registry/organization/EMSC</agencyURI>
      <authorURI>smi:smi-registry/organization/EMSC</authorURI>
    </creationInfo>
    <originUncertainty>
      <azimuthMaxHorizontalUncertainty>45</azimuthMaxHorizontalUncertainty>
    </originUncertainty>
  </origin>
  <magnitude publicID="quakeml:eu.emsc/event/20000907_0000003/origin/1450423/mag/2">
    <mag>
      <value>4.2</value>
    </mag>
    <type>ML</type>
    <originID>quakeml:eu.emsc/event/20000907_0000003/origin/1450423</originID>
    <creationInfo>
      <agencyURI>smi:smi-registry/organization/EMSC</agencyURI>
      <authorURI>smi:smi-registry/organization/EMSC</authorURI>
    </creationInfo>
  </magnitude>
</event>
<event publicID="quakeml:eu.emsc/event/20000907_0000002">
  <preferredOriginID>quakeml:eu.emsc/event/20000907_0000002/origin/1443881</preferredOriginID>
  <preferredMagnitudeID>quakeml:eu.emsc/event/20000907_0000002/origin/1443881/mag/2</preferredMagnitudeID>
  <creationInfo>
    <agencyURI>smi:smi-registry/organization/EMSC</agencyURI>
    <authorURI>smi:smi-registry/organization/EMSC</authorURI>
    <creationTime>2014-12-10T10:16:39.326838Z</creationTime>
  </creationInfo>
  <description>
    <text>DODECANESE ISLANDS, GREECE</text>
    <type>Flinn-Engdahl region</type>
  </description>
  <origin publicID="quakeml:eu.emsc/event/20000907_0000002/origin/1443881">
    <time>
      <value>2000-09-07T04:05:01.5Z</value>
    </time>
    <latitude>
      <value>37.02</value>
      <uncertainty>9999.9</uncertainty>
    </latitude>
    <longitude>
      <value>26.84</value>
      <uncertainty>9999.9</uncertainty>
    </longitude>
    <depth>
      <value>5000</value>
    </depth>
    <depthType>from location</depthType>
    <methodID>smi:eu.emsc-csem/origin_method/NA</methodID>
    <quality>
      <usedPhaseCount>6</usedPhaseCount>
      <usedStationCount>6</usedStationCount>
      <standardError>2.98</standardError>
      <azimuthalGap>214</azimuthalGap>
      <minimumDistance>1.05</minimumDistance>
      <maximumDistance>2.02</maximumDistance>
    </quality>
    <evaluationMode>manual</evaluationMode>
    <creationInfo>
      <agencyURI>smi:smi-registry/organization/EMSC</agencyURI>
      <authorURI>smi:smi-registry/organization/EMSC</authorURI>
    </creationInfo>
    <originUncertainty>
      <azimuthMaxHorizontalUncertainty>-99</azimuthMaxHorizontalUncertainty>
    </originUncertainty>
  </origin>
  <magnitude publicID="quakeml:eu.emsc/event/20000907_0000002/origin/1443881/mag/2">
    <mag>
      <value>3.8</value>
    </mag>
    <type>MD</type>
    <originID>quakeml:eu.emsc/event/20000907_0000002/origin/1443881</originID>
    <creationInfo>
      <agencyURI>smi:smi-registry/organization/EMSC</agencyURI>
      <authorURI>smi:smi-registry/organization/EMSC</authorURI>
    </creationInfo>
  </magnitude>
</event>
<event publicID="quakeml:eu.emsc/event/20000907_0000001">
  <preferredOriginID>quakeml:eu.emsc/event/20000907_0000001/origin/1443883</preferredOriginID>
  <preferredMagnitudeID>quakeml:eu.emsc/event/20000907_0000001/origin/1443883/mag/2</preferredMagnitudeID>
  <creationInfo>
    <agencyURI>smi:smi-registry/organization/EMSC</agencyURI>
    <authorURI>smi:smi-registry/organization/EMSC</authorURI>
    <creationTime>2014-12-10T10:16:37.443067Z</creationTime>
  </creationInfo>
  <description>
    <text>CRETE, GREECE</text>
    <type>Flinn-Engdahl region</type>
  </description>
  <origin publicID="quakeml:eu.emsc/event/20000907_0000001/origin/1443883">
    <time>
      <value>2000-09-07T03:43:03.6Z</value>
    </time>
    <latitude>
      <value>35.42</value>
      <uncertainty>9999.9</uncertainty>
    </latitude>
    <longitude>
      <value>24.37</value>
      <uncertainty>9999.9</uncertainty>
    </longitude>
    <depth>
      <value>6000</value>
    </depth>
    <depthType>from location</depthType>
    <methodID>smi:eu.emsc-csem/origin_method/NA</methodID>
    <quality>
      <usedPhaseCount>5</usedPhaseCount>
      <usedStationCount>5</usedStationCount>
      <standardError>2.14</standardError>
      <azimuthalGap>166</azimuthalGap>
      <minimumDistance>0.14</minimumDistance>
      <maximumDistance>1.74</maximumDistance>
    </quality>
    <evaluationMode>manual</evaluationMode>
    <creationInfo>
      <agencyURI>smi:smi-registry/organization/EMSC</agencyURI>
      <authorURI>smi:smi-registry/organization/EMSC</authorURI>
    </creationInfo>
    <originUncertainty>
      <azimuthMaxHorizontalUncertainty>-99</azimuthMaxHorizontalUncertainty>
    </originUncertainty>
  </origin>
  <magnitude publicID="quakeml:eu.emsc/event/20000907_0000001/origin/1443883/mag/2">
    <mag>
      <value>3.3</value>
    </mag>
    <type>MD</type>
    <originID>quakeml:eu.emsc/event/20000907_0000001/origin/1443883</originID>
    <creationInfo>
      <agencyURI>smi:smi-registry/organization/EMSC</agencyURI>
      <authorURI>smi:smi-registry/organization/EMSC</authorURI>
    </creationInfo>
  </magnitude>
</event>
<event publicID="quakeml:eu.emsc/event/20000907_0000013">
  <preferredOriginID>quakeml:eu.emsc/event/20000907_0000013/origin/1443885</preferredOriginID>
  <preferredMagnitudeID>quakeml:eu.emsc/event/20000907_0000013/origin/1443885/mag/2</preferredMagnitudeID>
  <creationInfo>
    <agencyURI>smi:smi-registry/organization/EMSC</agencyURI>
    <authorURI>smi:smi-registry/organization/EMSC</authorURI>
    <creationTime>2014-12-10T13:13:19.62411Z</creationTime>
  </creationInfo>
  <description>
    <text>NORTHERN ITALY</text>
    <type>Flinn-Engdahl region</type>
  </description>
  <origin publicID="quakeml:eu.emsc/event/20000907_0000013/origin/1443885">
    <time>
      <value>2000-09-07T02:17:10.8Z</value>
    </time>
    <latitude>
      <value>44.4788</value>
      <uncertainty>9999.9</uncertainty>
    </latitude>
    <longitude>
      <value>7.2002</value>
      <uncertainty>9999.9</uncertainty>
    </longitude>
    <depth>
      <value>8500.0</value>
    </depth>
    <depthType>from location</depthType>
    <methodID>smi:eu.emsc-csem/origin_method/NA</methodID>
    <quality>
      <usedPhaseCount>7</usedPhaseCount>
      <usedStationCount>4</usedStationCount>
      <standardError>10.25</standardError>
      <azimuthalGap>204</azimuthalGap>
      <minimumDistance>0.08</minimumDistance>
      <maximumDistance>0.56</maximumDistance>
    </quality>
    <evaluationMode>manual</evaluationMode>
    <creationInfo>
      <agencyURI>smi:smi-registry/organization/EMSC</agencyURI>
      <authorURI>smi:smi-registry/organization/EMSC</authorURI>
    </creationInfo>
    <originUncertainty>
      <azimuthMaxHorizontalUncertainty>-99</azimuthMaxHorizontalUncertainty>
    </originUncertainty>
  </origin>
  <magnitude publicID="quakeml:eu.emsc/event/20000907_0000013/origin/1443885/mag/2">
    <mag>
      <value>1.5</value>
    </mag>
    <type>ML</type>
    <originID>quakeml:eu.emsc/event/20000907_0000013/origin/1443885</originID>
    <creationInfo>
      <agencyURI>smi:smi-registry/organization/EMSC</agencyURI>
      <authorURI>smi:smi-registry/organization/EMSC</authorURI>
    </creationInfo>
  </magnitude>
</event>
<event publicID="quakeml:eu.emsc/event/20000907_0000012">
  <preferredOriginID>quakeml:eu.emsc/event/20000907_0000012/origin/1443887</preferredOriginID>
  <preferredMagnitudeID>quakeml:eu.emsc/event/20000907_0000012/origin/1443887/mag/2</preferredMagnitudeID>
  <creationInfo>
    <agencyURI>smi:smi-registry/organization/EMSC</agencyURI>
    <authorURI>smi:smi-registry/organization/EMSC</authorURI>
    <creationTime>2014-12-10T13:13:18.988113Z</creationTime>
  </creationInfo>
  <description>
    <text>FRANCE</text>
    <type>Flinn-Engdahl region</type>
  </description>
  <origin publicID="quakeml:eu.emsc/event/20000907_0000012/origin/1443887">
    <time>
      <value>2000-09-07T00:55:31.9Z</value>
    </time>
    <latitude>
      <value>48.6042</value>
      <uncertainty>9999.9</uncertainty>
    </latitude>
    <longitude>
      <value>-2.3241</value>
      <uncertainty>9999.9</uncertainty>
    </longitude>
    <depth>
      <value>2000</value>
    </depth>
    <depthType>from location</depthType>
    <methodID>smi:eu.emsc-csem/origin_method/NA</methodID>
    <quality>
      <usedPhaseCount>12</usedPhaseCount>
      <usedStationCount>6</usedStationCount>
      <standardError>0.79</standardError>
      <azimuthalGap>194</azimuthalGap>
      <minimumDistance>0.38</minimumDistance>
      <maximumDistance>1.46</maximumDistance>
    </quality>
    <evaluationMode>manual</evaluationMode>
    <creationInfo>
      <agencyURI>smi:smi-registry/organization/EMSC</agencyURI>
      <authorURI>smi:smi-registry/organization/EMSC</authorURI>
    </creationInfo>
    <originUncertainty>
      <azimuthMaxHorizontalUncertainty>-99</azimuthMaxHorizontalUncertainty>
    </originUncertainty>
  </origin>
  <magnitude publicID="quakeml:eu.emsc/event/20000907_0000012/origin/1443887/mag/2">
    <mag>
      <value>1.8</value>
    </mag>
    <type>ML</type>
    <originID>quakeml:eu.emsc/event/20000907_0000012/origin/1443887</originID>
    <stationCount>4</stationCount>
    <creationInfo>
      <agencyURI>smi:smi-registry/organization/EMSC</agencyURI>
      <authorURI>smi:smi-registry/organization/EMSC</authorURI>
    </creationInfo>
  </magnitude>
</event>
</eventParameters>
</q:quakeml>
