<?xml version="1.0"?>
<q:quakeml xmlns:q="http://quakeml.org/xmlns/quakeml/1.2"  xmlns="http://quakeml.org/xmlns/bed/1.2">
<eventParameters publicID="smi:eu.emsc/unid">
<event publicID="quakeml:eu.emsc/event/20001210_0000024">
  <preferredOriginID>quakeml:eu.emsc/event/20001210_0000024/origin/1439333</preferredOriginID>
  <preferredMagnitudeID>quakeml:eu.emsc/event/20001210_0000024/origin/1439333/mag/1</preferredMagnitudeID>
  <creationInfo>
    <agencyURI>smi:smi-registry/organization/EMSC</agencyURI>
    <authorURI>smi:smi-registry/organization/EMSC</authorURI>
    <creationTime>2014-12-03T15:33:21.524859Z</creationTime>
  </creationInfo>
  <description>
    <text>FRANCE</text>
    <type>Flinn-Engdahl region</type>
  </description>
  <origin publicID="quakeml:eu.emsc/event/20001210_0000024/origin/1439333">
    <time>
      <value>2000-12-10T23:50:16.0Z</value>
      <uncertainty>0.07</uncertainty>
    </time>
    <latitude>
      <value>44.1904</value>
      <uncertainty>1.4</uncertainty>
    </latitude>
    <longitude>
      <value>6.9284</value>
      <uncertainty>1</uncertainty>
    </longitude>
    <depth>
      <value>15000</value>
    </depth>
    <depthType>from location</depthType>
    <methodID>smi:eu.emsc-csem/origin_method/NA</methodID>
    <quality>
      <usedPhaseCount>44</usedPhaseCount>
      <usedStationCount>25</usedStationCount>
      <standardError>0.44</standardError>
      <azimuthalGap>138</azimuthalGap>
      <minimumDistance>0.29</minimumDistance>
      <maximumDistance>2.23</maximumDistance>
    </quality>
    <evaluationMode>manual</evaluationMode>
    <creationInfo>
      <agencyURI>smi:smi-registry/organization/EMSC</agencyURI>
      <authorURI>smi:smi-registry/organization/EMSC</authorURI>
    </creationInfo>
    <originUncertainty>
      <azimuthMaxHorizontalUncertainty>89</azimuthMaxHorizontalUncertainty>
    </originUncertainty>
  </origin>
  <magnitude publicID="quakeml:eu.emsc/event/20001210_0000024/origin/1439333/mag/1">
    <mag>
      <value>2</value>
      <uncertainty>0.4</uncertainty>
    </mag>
    <type>ML</type>
    <originID>quakeml:eu.emsc/event/20001210_0000024/origin/1439333</originID>
    <stationCount>7</stationCount>
    <creationInfo>
      <agencyURI>smi:smi-registry/organization/EMSC</agencyURI>
      <authorURI>smi:smi-registry/organization/EMSC</authorURI>
    </creationInfo>
  </magnitude>
</event>
<event publicID="quakeml:eu.emsc/event/20001210_0000028">
  <preferredOriginID>quakeml:eu.emsc/event/20001210_0000028/origin/1442411</preferredOriginID>
  <preferredMagnitudeID>quakeml:eu.emsc/event/20001210_0000028/origin/1442411/mag/2</preferredMagnitudeID>
  <creationInfo>
    <agencyURI>smi:smi-registry/organization/EMSC</agencyURI>
    <authorURI>smi:smi-registry/organization/EMSC</authorURI>
    <creationTime>2014-12-10T13:15:40.117506Z</creationTime>
  </creationInfo>
  <description>
    <text>NORTHERN ITALY</text>
    <type>Flinn-Engdahl region</type>
  </description>
  <origin publicID="quakeml:eu.emsc/event/20001210_0000028/origin/1442411">
    <time>
      <value>2000-12-10T20:42:05.5Z</value>
    </time>
    <latitude>
      <value>44.8343</value>
      <uncertainty>9999.9</uncertainty>
    </latitude>
    <longitude>
      <value>8.4685</value>
      <uncertainty>9999.9</uncertainty>
    </longitude>
    <depth>
      <value>2000</value>
    </depth>
    <depthType>from location</depthType>
    <methodID>smi:eu.emsc-csem/origin_method/NA</methodID>
    <quality>
      <usedPhaseCount>9</usedPhaseCount>
      <usedStationCount>7</usedStationCount>
      <standardError>6.42</standardError>
      <azimuthalGap>286</azimuthalGap>
      <minimumDistance>0.65</minimumDistance>
      <maximumDistance>1.01</maximumDistance>
    </quality>
    <evaluationMode>manual</evaluationMode>
    <creationInfo>
      <agencyURI>smi:smi-registry/organization/EMSC</agencyURI>
      <authorURI>smi:smi-registry/organization/EMSC</authorURI>
    </creationInfo>
    <originUncertainty>
      <azimuthMaxHorizontalUncertainty>-99</azimuthMaxHorizontalUncertainty>
    </originUncertainty>
  </origin>
  <magnitude publicID="quakeml:eu.emsc/event/20001210_0000028/origin/1442411/mag/2">
    <mag>
      <value>2</value>
    </mag>
    <type>ML</type>
    <originID>quakeml:eu.emsc/event/20001210_0000028/origin/1442411</originID>
    <creationInfo>
      <agencyURI>smi:smi-registry/organization/EMSC</agencyURI>
      <authorURI>smi:smi-registry/organization/EMSC</authorURI>
    </creationInfo>
  </magnitude>
</event>
<event publicID="quakeml:eu.emsc/event/20001210_0000020">
  <preferredOriginID>quakeml:eu.emsc/event/20001210_0000020/origin/1442413</preferredOriginID>
  <preferredMagnitudeID>quakeml:eu.emsc/event/20001210_0000020/origin/1442413/mag/2</preferredMagnitudeID>
  <creationInfo>
    <agencyURI>smi:smi-registry/organization/EMSC</agencyURI>
    <authorURI>smi:smi-registry/organization/EMSC</authorURI>
    <creationTime>2014-12-10T10:59:34.859219Z</creationTime>
  </creationInfo>
  <description>
    <text>WESTERN TURKEY</text>
    <type>Flinn-Engdahl region</type>
  </description>
  <origin publicID="quakeml:eu.emsc/event/20001210_0000020/origin/1442413">
    <time>
      <value>2000-12-10T20:41:08.2Z</value>
    </time>
    <latitude>
      <value>39.909</value>
      <uncertainty>9999.9</uncertainty>
    </latitude>
    <longitude>
      <value>30.337</value>
      <uncertainty>9999.9</uncertainty>
    </longitude>
    <depth>
      <value>14000</value>
    </depth>
    <depthType>from location</depthType>
    <methodID>smi:eu.emsc-csem/origin_method/NA</methodID>
    <quality>
      <usedPhaseCount>11</usedPhaseCount>
      <usedStationCount>9</usedStationCount>
      <standardError>0.71</standardError>
      <azimuthalGap>151</azimuthalGap>
      <minimumDistance>0.68</minimumDistance>
      <maximumDistance>2.49</maximumDistance>
    </quality>
    <evaluationMode>manual</evaluationMode>
    <creationInfo>
      <agencyURI>smi:smi-registry/organization/EMSC</agencyURI>
      <authorURI>smi:smi-registry/organization/EMSC</authorURI>
    </creationInfo>
    <originUncertainty>
      <azimuthMaxHorizontalUncertainty>-99</azimuthMaxHorizontalUncertainty>
    </originUncertainty>
  </origin>
  <magnitude publicID="quakeml:eu.emsc/event/20001210_0000020/origin/1442413/mag/2">
    <mag>
      <value>3</value>
    </mag>
    <type>MD</type>
    <originID>quakeml:eu.emsc/event/20001210_0000020/origin/1442413</originID>
    <creationInfo>
      <agencyURI>smi:smi-registry/organization/EMSC</agencyURI>
      <authorURI>smi:smi-registry/organization/EMSC</authorURI>
    </creationInfo>
  </magnitude>
</event>
<event publicID="quakeml:eu.emsc/event/20001210_0000018">
  <preferredOriginID>quakeml:eu.emsc/event/20001210_0000018/origin/1442415</preferredOriginID>
  <preferredMagnitudeID>quakeml:eu.emsc/event/20001210_0000018/origin/1442415/mag/2</preferredMagnitudeID>
  <creationInfo>
    <agencyURI>smi:smi-registry/organization/EMSC</agencyURI>
    <authorURI>smi:smi-registry/organization/EMSC</authorURI>
    <creationTime>2014-12-10T10:59:31.814792Z</creationTime>
  </creationInfo>
  <description>
    <text>CRETE, GREECE</text>
    <type>Flinn-Engdahl region</type>
  </description>
  <origin publicID="quakeml:eu.emsc/event/20001210_0000018/origin/1442415">
    <time>
      <value>2000-12-10T18:25:15.2Z</value>
    </time>
    <latitude>
      <value>34.87</value>
      <uncertainty>9999.9</uncertainty>
    </latitude>
    <longitude>
      <value>24.73</value>
      <uncertainty>9999.9</uncertainty>
    </longitude>
    <depth>
      <value>35000</value>
    </depth>
    <depthType>from location</depthType>
    <methodID>smi:eu.emsc-csem/origin_method/NA</methodID>
    <quality>
      <usedPhaseCount>7</usedPhaseCount>
      <usedStationCount>7</usedStationCount>
      <standardError>1.63</standardError>
      <azimuthalGap>226</azimuthalGap>
      <minimumDistance>0.79</minimumDistance>
      <maximumDistance>3.08</maximumDistance>
    </quality>
    <evaluationMode>manual</evaluationMode>
    <creationInfo>
      <agencyURI>smi:smi-registry/organization/EMSC</agencyURI>
      <authorURI>smi:smi-registry/organization/EMSC</authorURI>
    </creationInfo>
    <originUncertainty>
      <azimuthMaxHorizontalUncertainty>-99</azimuthMaxHorizontalUncertainty>
    </originUncertainty>
  </origin>
  <magnitude publicID="quakeml:eu.emsc/event/20001210_0000018/origin/1442415/mag/2">
    <mag>
      <value>3.6</value>
    </mag>
    <type>MD</type>
    <originID>quakeml:eu.emsc/event/20001210_0000018/origin/1442415</originID>
    <creationInfo>
      <agencyURI>smi:smi-registry/organization/EMSC</agencyURI>
      <authorURI>smi:smi-registry/organization/EMSC</authorURI>
    </creationInfo>
  </magnitude>
</event>
<event publicID="quakeml:eu.emsc/event/20001210_0000017">
  <preferredOriginID>quakeml:eu.emsc/event/20001210_0000017/origin/1439916</preferredOriginID>
  <preferredMagnitudeID>quakeml:eu.emsc/event/20001210_0000017/origin/1439916/mag/2</preferredMagnitudeID>
  <creationInfo>
    <agencyURI>smi:smi-registry/organization/EMSC</agencyURI>
    <authorURI>smi:smi-registry/organization/EMSC</authorURI>
    <creationTime>2014-12-03T11:52:29.34211Z</creationTime>
  </creationInfo>
  <description>
    <text>TURKMENISTAN</text>
    <type>Flinn-Engdahl region</type>
  </description>
  <origin publicID="quakeml:eu.emsc/event/20001210_0000017/origin/1439916">
    <time>
      <value>2000-12-10T17:20:18.0Z</value>
      <uncertainty>0.15</uncertainty>
    </time>
    <latitude>
      <value>39.6785</value>
      <uncertainty>9.4</uncertainty>
    </latitude>
    <longitude>
      <value>54.7827</value>
      <uncertainty>4.5</uncertainty>
    </longitude>
    <depth>
      <value>30400.0</value>
    </depth>
    <depthType>from location</depthType>
    <methodID>smi:eu.emsc-csem/origin_method/NA</methodID>
    <quality>
      <usedPhaseCount>79</usedPhaseCount>
      <usedStationCount>74</usedStationCount>
      <standardError>0.77</standardError>
      <azimuthalGap>112</azimuthalGap>
      <minimumDistance>1.32</minimumDistance>
      <maximumDistance>47.47</maximumDistance>
    </quality>
    <evaluationMode>manual</evaluationMode>
    <creationInfo>
      <agencyURI>smi:smi-registry/organization/EMSC</agencyURI>
      <authorURI>smi:smi-registry/organization/EMSC</authorURI>
    </creationInfo>
    <originUncertainty>
      <azimuthMaxHorizontalUncertainty>18</azimuthMaxHorizontalUncertainty>
    </originUncertainty>
  </origin>
  <magnitude publicID="quakeml:eu.emsc/event/20001210_0000017/origin/1439916/mag/2">
    <mag>
      <value>4.6</value>
      <uncertainty>0.3</uncertainty>
    </mag>
    <type>mb</type>
    <originID>quakeml:eu.emsc/event/20001210_0000017/origin/1439916</originID>
    <stationCount>37</stationCount>
    <creationInfo>
      <agencyURI>smi:smi-registry/organization/EMSC</agencyURI>
      <authorURI>smi:smi-registry/organization/EMSC</authorURI>
    </creationInfo>
  </magnitude>
</event>
<event publicID="quakeml:eu.emsc/event/20001210_0000027">
  <preferredOriginID>quakeml:eu.emsc/event/20001210_0000027/origin/1442417</preferredOriginID>
  <preferredMagnitudeID>quakeml:eu.emsc/event/20001210_0000027/origin/1442417/mag/2</preferredMagnitudeID>
  <creationInfo>
    <agencyURI>smi:smi-registry/organization/EMSC</agencyURI>
    <authorURI>smi:smi-registry/organization/EMSC</authorURI>
    <creationTime>2014-12-10T13:15:39.645439Z</creationTime>
  </creationInfo>
  <description>
    <text>NORTHERN ITALY</text>
    <type>Flinn-Engdahl region</type>
  </description>
  <origin publicID="quakeml:eu.emsc/event/20001210_0000027/origin/1442417">
    <time>
      <value>2000-12-10T17:11:12.5Z</value>
    </time>
    <latitude>
      <value>44.7688</value>
      <uncertainty>9999.9</uncertainty>
    </latitude>
    <longitude>
      <value>7.7415</value>
      <uncertainty>9999.9</uncertainty>
    </longitude>
    <depth>
      <value>59300.0</value>
    </depth>
    <depthType>from location</depthType>
    <methodID>smi:eu.emsc-csem/origin_method/NA</methodID>
    <quality>
      <usedPhaseCount>10</usedPhaseCount>
      <usedStationCount>5</usedStationCount>
      <standardError>7.31</standardError>
      <azimuthalGap>244</azimuthalGap>
      <minimumDistance>0.32</minimumDistance>
      <maximumDistance>0.6</maximumDistance>
    </quality>
    <evaluationMode>manual</evaluationMode>
    <creationInfo>
      <agencyURI>smi:smi-registry/organization/EMSC</agencyURI>
      <authorURI>smi:smi-registry/organization/EMSC</authorURI>
    </creationInfo>
    <originUncertainty>
      <azimuthMaxHorizontalUncertainty>-99</azimuthMaxHorizontalUncertainty>
    </originUncertainty>
  </origin>
  <magnitude publicID="quakeml:eu.emsc/event/20001210_0000027/origin/1442417/mag/2">
    <mag>
      <value>2.1</value>
    </mag>
    <type>ML</type>
    <originID>quakeml:eu.emsc/event/20001210_0000027/origin/1442417</originID>
    <creationInfo>
      <agencyURI>smi:smi-registry/organization/EMSC</agencyURI>
      <authorURI>smi:smi-registry/organization/EMSC</authorURI>
    </creationInfo>
  </magnitude>
</event>
<event publicID="quakeml:eu.emsc/event/20001210_0000016">
  <preferredOriginID>quakeml:eu.emsc/event/20001210_0000016/origin/1441811</preferredOriginID>
  <preferredMagnitudeID>quakeml:eu.emsc/event/20001210_0000016/origin/1441811/mag/2</preferredMagnitudeID>
  <creationInfo>
    <agencyURI>smi:smi-registry/organization/EMSC</agencyURI>
    <authorURI>smi:smi-registry/organization/EMSC</authorURI>
    <creationTime>2014-12-03T11:44:52.198158Z</creationTime>
  </creationInfo>
  <description>
    <text>GREECE</text>
    <type>Flinn-Engdahl region</type>
  </description>
  <origin publicID="quakeml:eu.emsc/event/20001210_0000016/origin/1441811">
    <time>
      <value>2000-12-10T16:36:45.7Z</value>
      <uncertainty>0.28</uncertainty>
    </time>
    <latitude>
      <value>38.3636</value>
      <uncertainty>6.7</uncertainty>
    </latitude>
    <longitude>
      <value>21.7288</value>
      <uncertainty>5.8</uncertainty>
    </longitude>
    <depth>
      <value>2000</value>
    </depth>
    <depthType>from location</depthType>
    <methodID>smi:eu.emsc-csem/origin_method/NA</methodID>
    <quality>
      <usedPhaseCount>19</usedPhaseCount>
      <usedStationCount>17</usedStationCount>
      <standardError>0.95</standardError>
      <azimuthalGap>86</azimuthalGap>
      <minimumDistance>0.56</minimumDistance>
      <maximumDistance>2.94</maximumDistance>
    </quality>
    <evaluationMode>manual</evaluationMode>
    <creationInfo>
      <agencyURI>smi:smi-registry/organization/EMSC</agencyURI>
      <authorURI>smi:smi-registry/organization/EMSC</authorURI>
    </creationInfo>
    <originUncertainty>
      <azimuthMaxHorizontalUncertainty>53</azimuthMaxHorizontalUncertainty>
    </originUncertainty>
  </origin>
  <magnitude publicID="quakeml:eu.emsc/event/20001210_0000016/origin/1441811/mag/2">
    <mag>
      <value>3.2</value>
    </mag>
    <type>ML</type>
    <originID>quakeml:eu.emsc/event/20001210_0000016/origin/1441811</originID>
    <creationInfo>
      <agencyURI>smi:smi-registry/organization/EMSC</agencyURI>
      <authorURI>smi:smi-registry/organization/EMSC</authorURI>
    </creationInfo>
  </magnitude>
</event>
<event publicID="quakeml:eu.emsc/event/20001210_0000015">
  <preferredOriginID>quakeml:eu.emsc/event/20001210_0000015/origin/1439920</preferredOriginID>
  <preferredMagnitudeID>quakeml:eu.emsc/event/20001210_0000015/origin/1439920/mag/2</preferredMagnitudeID>
  <creationInfo>
    <agencyURI>smi:smi-registry/organization/EMSC</agencyURI>
    <authorURI>smi:smi-registry/organization/EMSC</authorURI>
    <creationTime>2014-12-03T10:34:25.977076Z</creationTime>
  </creationInfo>
  <description>
    <text>WESTERN TURKEY</text>
    <type>Flinn-Engdahl region</type>
  </description>
  <origin publicID="quakeml:eu.emsc/event/20001210_0000015/origin/1439920">
    <time>
      <value>2000-12-10T14:31:45.6Z</value>
      <uncertainty>0.23</uncertainty>
    </time>
    <latitude>
      <value>37.9951</value>
      <uncertainty>6.5</uncertainty>
    </latitude>
    <longitude>
      <value>27.8074</value>
      <uncertainty>4.2</uncertainty>
    </longitude>
    <depth>
      <value>5000</value>
    </depth>
    <depthType>from location</depthType>
    <methodID>smi:eu.emsc-csem/origin_method/NA</methodID>
    <quality>
      <usedPhaseCount>8</usedPhaseCount>
      <usedStationCount>6</usedStationCount>
      <standardError>0.54</standardError>
      <azimuthalGap>122</azimuthalGap>
      <minimumDistance>0.59</minimumDistance>
      <maximumDistance>2.03</maximumDistance>
    </quality>
    <evaluationMode>manual</evaluationMode>
    <creationInfo>
      <agencyURI>smi:smi-registry/organization/EMSC</agencyURI>
      <authorURI>smi:smi-registry/organization/EMSC</authorURI>
    </creationInfo>
    <originUncertainty>
      <azimuthMaxHorizontalUncertainty>44</azimuthMaxHorizontalUncertainty>
    </originUncertainty>
  </origin>
  <magnitude publicID="quakeml:eu.emsc/event/20001210_0000015/origin/1439920/mag/2">
    <mag>
      <value>2.9</value>
    </mag>
    <type>MD</type>
    <originID>quakeml:eu.emsc/event/20001210_0000015/origin/1439920</originID>
    <creationInfo>
      <agencyURI>smi:smi-registry/organization/EMSC</agencyURI>
      <authorURI>smi:smi-registry/organization/EMSC</authorURI>
    </creationInfo>
  </magnitude>
</event>
<event publicID="quakeml:eu.emsc/event/20001210_0000014">
  <preferredOriginID>quakeml:eu.emsc/event/20001210_0000014/origin/1442419</preferredOriginID>
  <preferredMagnitudeID>quakeml:eu.emsc/event/20001210_0000014/origin/1442419/mag/2</preferredMagnitudeID>
  <creationInfo>
    <agencyURI>smi:smi-registry/organization/EMSC</agencyURI>
    <authorURI>smi:smi-registry/organization/EMSC</authorURI>
    <creationTime>2014-12-10T10:59:24.136075Z</creationTime>
  </creationInfo>
  <description>
    <text>TURKEY-IRAQ BORDER REGION</text>
    <type>Flinn-Engdahl region</type>
  </description>
  <origin publicID="quakeml:eu.emsc/event/20001210_0000014/origin/1442419">
    <time>
      <value>2000-12-10T12:55:10.9Z</value>
    </time>
    <latitude>
      <value>37.964</value>
      <uncertainty>9999.9</uncertainty>
    </latitude>
    <longitude>
      <value>43.057</value>
      <uncertainty>9999.9</uncertainty>
    </longitude>
    <depth>
      <value>9000</value>
    </depth>
    <depthType>from location</depthType>
    <methodID>smi:eu.emsc-csem/origin_method/NA</methodID>
    <quality>
      <usedPhaseCount>6</usedPhaseCount>
      <usedStationCount>4</usedStationCount>
      <standardError>19.96</standardError>
      <azimuthalGap>257</azimuthalGap>
      <minimumDistance>0.48</minimumDistance>
      <maximumDistance>3.67</maximumDistance>
    </quality>
    <evaluationMode>manual</evaluationMode>
    <creationInfo>
      <agencyURI>smi:smi-registry/organization/EMSC</agencyURI>
      <authorURI>smi:smi-registry/organization/EMSC</authorURI>
    </creationInfo>
    <originUncertainty>
      <azimuthMaxHorizontalUncertainty>-99</azimuthMaxHorizontalUncertainty>
    </originUncertainty>
  </origin>
  <magnitude publicID="quakeml:eu.emsc/event/20001210_0000014/origin/1442419/mag/2">
    <mag>
      <value>3.9</value>
    </mag>
    <type>MD</type>
    <originID>quakeml:eu.emsc/event/20001210_0000014/origin/1442419</originID>
    <creationInfo>
      <agencyURI>smi:smi-registry/organization/EMSC</agencyURI>
      <authorURI>smi:smi-registry/organization/EMSC</authorURI>
    </creationInfo>
  </magnitude>
</event>
<event publicID="quakeml:eu.emsc/event/20001210_0000013">
  <preferredOriginID>quakeml:eu.emsc/event/20001210_0000013/origin/1442421</preferredOriginID>
  <preferredMagnitudeID>quakeml:eu.emsc/event/20001210_0000013/origin/1442421/mag/2</preferredMagnitudeID>
  <creationInfo>
    <agencyURI>smi:smi-registry/organization/EMSC</agencyURI>
    <authorURI>smi:smi-registry/organization/EMSC</authorURI>
    <creationTime>2014-12-10T10:59:22.125106Z</creationTime>
  </creationInfo>
  <description>
    <text>GREECE</text>
    <type>Flinn-Engdahl region</type>
  </description>
  <origin publicID="quakeml:eu.emsc/event/20001210_0000013/origin/1442421">
    <time>
      <value>2000-12-10T11:51:48.9Z</value>
    </time>
    <latitude>
      <value>38.38</value>
      <uncertainty>9999.9</uncertainty>
    </latitude>
    <longitude>
      <value>21.8</value>
      <uncertainty>9999.9</uncertainty>
    </longitude>
    <depth>
      <value>5000</value>
    </depth>
    <depthType>from location</depthType>
    <methodID>smi:eu.emsc-csem/origin_method/NA</methodID>
    <quality>
      <usedPhaseCount>6</usedPhaseCount>
      <usedStationCount>5</usedStationCount>
      <standardError>1.97</standardError>
      <azimuthalGap>150</azimuthalGap>
      <minimumDistance>0.54</minimumDistance>
      <maximumDistance>1.89</maximumDistance>
    </quality>
    <evaluationMode>manual</evaluationMode>
    <creationInfo>
      <agencyURI>smi:smi-registry/organization/EMSC</agencyURI>
      <authorURI>smi:smi-registry/organization/EMSC</authorURI>
    </creationInfo>
    <originUncertainty>
      <azimuthMaxHorizontalUncertainty>-99</azimuthMaxHorizontalUncertainty>
    </originUncertainty>
  </origin>
  <magnitude publicID="quakeml:eu.emsc/event/20001210_0000013/origin/1442421/mag/2">
    <mag>
      <value>2.9</value>
    </mag>
    <type>MD</type>
    <originID>quakeml:eu.emsc/event/20001210_0000013/origin/1442421</originID>
    <creationInfo>
      <agencyURI>smi:smi-registry/organization/EMSC</agencyURI>
      <authorURI>smi:smi-registry/organization/EMSC</authorURI>
    </creationInfo>
  </magnitude>
</event>
<event publicID="quakeml:eu.emsc/event/20001210_0000012">
  <preferredOriginID>quakeml:eu.emsc/event/20001210_0000012/origin/1442423</preferredOriginID>
  <preferredMagnitudeID>quakeml:eu.emsc/event/20001210_0000012/origin/1442423/mag/2</preferredMagnitudeID>
  <creationInfo>
    <agencyURI>smi:smi-registry/organization/EMSC</agencyURI>
    <authorURI>smi:smi-registry/organization/EMSC</authorURI>
    <creationTime>2014-12-10T10:59:19.99492Z</creationTime>
  </creationInfo>
  <description>
    <text>DODECANESE ISLANDS, GREECE</text>
    <type>Flinn-Engdahl region</type>
  </description>
  <origin publicID="quakeml:eu.emsc/event/20001210_0000012/origin/1442423">
    <time>
      <value>2000-12-10T09:10:46.3Z</value>
    </time>
    <latitude>
      <value>36.53</value>
      <uncertainty>9999.9</uncertainty>
    </latitude>
    <longitude>
      <value>25.54</value>
      <uncertainty>9999.9</uncertainty>
    </longitude>
    <depth>
      <value>7000</value>
    </depth>
    <depthType>from location</depthType>
    <methodID>smi:eu.emsc-csem/origin_method/NA</methodID>
    <quality>
      <usedPhaseCount>15</usedPhaseCount>
      <usedStationCount>14</usedStationCount>
      <standardError>1.24</standardError>
      <azimuthalGap>86</azimuthalGap>
      <minimumDistance>0.54</minimumDistance>
      <maximumDistance>3.8</maximumDistance>
    </quality>
    <evaluationMode>manual</evaluationMode>
    <creationInfo>
      <agencyURI>smi:smi-registry/organization/EMSC</agencyURI>
      <authorURI>smi:smi-registry/organization/EMSC</authorURI>
    </creationInfo>
    <originUncertainty>
      <azimuthMaxHorizontalUncertainty>-99</azimuthMaxHorizontalUncertainty>
    </originUncertainty>
  </origin>
  <magnitude publicID="quakeml:eu.emsc/event/20001210_0000012/origin/1442423/mag/2">
    <mag>
      <value>3.7</value>
    </mag>
    <type>ML</type>
    <originID>quakeml:eu.emsc/event/20001210_0000012/origin/1442423</originID>
    <creationInfo>
      <agencyURI>smi:smi-registry/organization/EMSC</agencyURI>
      <authorURI>smi:smi-registry/organization/EMSC</authorURI>
    </creationInfo>
  </magnitude>
</event>
<event publicID="quakeml:eu.emsc/event/20001210_0000011">
  <preferredOriginID>quakeml:eu.emsc/event/20001210_0000011/origin/1439923</preferredOriginID>
  <preferredMagnitudeID>quakeml:eu.emsc/event/20001210_0000011/origin/1439923/mag/2</preferredMagnitudeID>
  <creationInfo>
    <agencyURI>smi:smi-registry/organization/EMSC</agencyURI>
    <authorURI>smi:smi-registry/organization/EMSC</authorURI>
    <creationTime>2014-12-03T10:42:39.889348Z</creationTime>
  </creationInfo>
  <description>
    <text>CENTRAL TURKEY</text>
    <type>Flinn-Engdahl region</type>
  </description>
  <origin publicID="quakeml:eu.emsc/event/20001210_0000011/origin/1439923">
    <time>
      <value>2000-12-10T09:09:50.0Z</value>
      <uncertainty>0.29</uncertainty>
    </time>
    <latitude>
      <value>36.3864</value>
      <uncertainty>7.1</uncertainty>
    </latitude>
    <longitude>
      <value>35.2652</value>
      <uncertainty>5.1</uncertainty>
    </longitude>
    <depth>
      <value>2000</value>
    </depth>
    <depthType>from location</depthType>
    <methodID>smi:eu.emsc-csem/origin_method/NA</methodID>
    <quality>
      <usedPhaseCount>17</usedPhaseCount>
      <usedStationCount>12</usedStationCount>
      <standardError>0.95</standardError>
      <azimuthalGap>147</azimuthalGap>
      <minimumDistance>0.75</minimumDistance>
      <maximumDistance>3.18</maximumDistance>
    </quality>
    <evaluationMode>manual</evaluationMode>
    <creationInfo>
      <agencyURI>smi:smi-registry/organization/EMSC</agencyURI>
      <authorURI>smi:smi-registry/organization/EMSC</authorURI>
    </creationInfo>
    <originUncertainty>
      <azimuthMaxHorizontalUncertainty>1</azimuthMaxHorizontalUncertainty>
    </originUncertainty>
  </origin>
  <magnitude publicID="quakeml:eu.emsc/event/20001210_0000011/origin/1439923/mag/2">
    <mag>
      <value>3.8</value>
    </mag>
    <type>MD</type>
    <originID>quakeml:eu.emsc/event/20001210_0000011/origin/1439923</originID>
    <creationInfo>
      <agencyURI>smi:smi-registry/organization/EMSC</agencyURI>
      <authorURI>smi:smi-registry/organization/EMSC</authorURI>
    </creationInfo>
  </magnitude>
</event>
<event publicID="quakeml:eu.emsc/event/20001210_0000025">
  <preferredOriginID>quakeml:eu.emsc/event/20001210_0000025/origin/1442425</preferredOriginID>
  <preferredMagnitudeID>quakeml:eu.emsc/event/20001210_0000025/origin/1442425/mag/2</preferredMagnitudeID>
  <creationInfo>
    <agencyURI>smi:smi-registry/organization/EMSC</agencyURI>
    <authorURI>smi:smi-registry/organization/EMSC</authorURI>
    <creationTime>2014-12-10T13:15:39.13637Z</creationTime>
  </creationInfo>
  <description>
    <text>PYRENEES</text>
    <type>Flinn-Engdahl region</type>
  </description>
  <origin publicID="quakeml:eu.emsc/event/20001210_0000025/origin/1442425">
    <time>
      <value>2000-12-10T07:48:47.9Z</value>
    </time>
    <latitude>
      <value>43.0935</value>
      <uncertainty>9999.9</uncertainty>
    </latitude>
    <longitude>
      <value>-1.5375</value>
      <uncertainty>9999.9</uncertainty>
    </longitude>
    <depth>
      <value>4900.0</value>
    </depth>
    <depthType>from location</depthType>
    <methodID>smi:eu.emsc-csem/origin_method/NA</methodID>
    <quality>
      <usedPhaseCount>30</usedPhaseCount>
      <usedStationCount>13</usedStationCount>
      <standardError>1.14</standardError>
      <azimuthalGap>129</azimuthalGap>
      <minimumDistance>0.07</minimumDistance>
      <maximumDistance>2.55</maximumDistance>
    </quality>
    <evaluationMode>manual</evaluationMode>
    <creationInfo>
      <agencyURI>smi:smi-registry/organization/EMSC</agencyURI>
      <authorURI>smi:smi-registry/organization/EMSC</authorURI>
    </creationInfo>
    <originUncertainty>
      <azimuthMaxHorizontalUncertainty>-99</azimuthMaxHorizontalUncertainty>
    </originUncertainty>
  </origin>
  <magnitude publicID="quakeml:eu.emsc/event/20001210_0000025/origin/1442425/mag/2">
    <mag>
      <value>2.2</value>
      <uncertainty>0.2</uncertainty>
    </mag>
    <type>mb</type>
    <originID>quakeml:eu.emsc/event/20001210_0000025/origin/1442425</originID>
    <stationCount>8</stationCount>
    <creationInfo>
      <agencyURI>smi:smi-registry/organization/EMSC</agencyURI>
      <authorURI>smi:smi-registry/organization/EMSC</authorURI>
    </creationInfo>
  </magnitude>
</event>
<event publicID="quakeml:eu.emsc/event/20001210_0000010">
  <preferredOriginID>quakeml:eu.emsc/event/20001210_0000010/origin/1442427</preferredOriginID>
  <preferredMagnitudeID>quakeml:eu.emsc/event/20001210_0000010/origin/1442427/mag/2</preferredMagnitudeID>
  <creationInfo>
    <agencyURI>smi:smi-registry/organization/EMSC</agencyURI>
    <authorURI>smi:smi-registry/organization/EMSC</authorURI>
    <creationTime>2014-12-10T10:59:15.820354Z</creationTime>
  </creationInfo>
  <description>
    <text>SOUTHERN GREECE</text>
    <type>Flinn-Engdahl region</type>
  </description>
  <origin publicID="quakeml:eu.emsc/event/20001210_0000010/origin/1442427">
    <time>
      <value>2000-12-10T07:00:12.2Z</value>
    </time>
    <latitude>
      <value>36.36</value>
      <uncertainty>9999.9</uncertainty>
    </latitude>
    <longitude>
      <value>22.44</value>
      <uncertainty>9999.9</uncertainty>
    </longitude>
    <depth>
      <value>5000</value>
    </depth>
    <depthType>from location</depthType>
    <methodID>smi:eu.emsc-csem/origin_method/NA</methodID>
    <quality>
      <usedPhaseCount>7</usedPhaseCount>
      <usedStationCount>7</usedStationCount>
      <standardError>2.27</standardError>
      <azimuthalGap>222</azimuthalGap>
      <minimumDistance>0.49</minimumDistance>
      <maximumDistance>2.34</maximumDistance>
    </quality>
    <evaluationMode>manual</evaluationMode>
    <creationInfo>
      <agencyURI>smi:smi-registry/organization/EMSC</agencyURI>
      <authorURI>smi:smi-registry/organization/EMSC</authorURI>
    </creationInfo>
    <originUncertainty>
      <azimuthMaxHorizontalUncertainty>-99</azimuthMaxHorizontalUncertainty>
    </originUncertainty>
  </origin>
  <magnitude publicID="quakeml:eu.emsc/event/20001210_0000010/origin/1442427/mag/2">
    <mag>
      <value>3.4</value>
    </mag>
    <type>ML</type>
    <originID>quakeml:eu.emsc/event/20001210_0000010/origin/1442427</originID>
    <creationInfo>
      <agencyURI>smi:smi-registry/organization/EMSC</agencyURI>
      <authorURI>smi:smi-registry/organization/EMSC</authorURI>
    </creationInfo>
  </magnitude>
</event>
<event publicID="quakeml:eu.emsc/event/20001210_0000009">
  <preferredOriginID>quakeml:eu.emsc/event/20001210_0000009/origin/1439926</preferredOriginID>
  <preferredMagnitudeID>quakeml:eu.emsc/event/20001210_0000009/origin/1439926/mag/2</preferredMagnitudeID>
  <creationInfo>
    <agencyURI>smi:smi-registry/organization/EMSC</agencyURI>
    <authorURI>smi:smi-registry/organization/EMSC</authorURI>
    <creationTime>2014-12-03T11:17:15.769623Z</creationTime>
  </creationInfo>
  <description>
    <text>IONIAN SEA</text>
    <type>Flinn-Engdahl region</type>
  </description>
  <origin publicID="quakeml:eu.emsc/event/20001210_0000009/origin/1439926">
    <time>
      <value>2000-12-10T06:33:12.5Z</value>
      <uncertainty>1.3</uncertainty>
    </time>
    <latitude>
      <value>37.5299</value>
      <uncertainty>38.2</uncertainty>
    </latitude>
    <longitude>
      <value>20.6392</value>
      <uncertainty>10.2</uncertainty>
    </longitude>
    <depth>
      <value>8000</value>
    </depth>
    <depthType>from location</depthType>
    <methodID>smi:eu.emsc-csem/origin_method/NA</methodID>
    <quality>
      <usedPhaseCount>11</usedPhaseCount>
      <usedStationCount>8</usedStationCount>
      <standardError>1.23</standardError>
      <azimuthalGap>221</azimuthalGap>
      <minimumDistance>0.65</minimumDistance>
      <maximumDistance>4.07</maximumDistance>
    </quality>
    <evaluationMode>manual</evaluationMode>
    <creationInfo>
      <agencyURI>smi:smi-registry/organization/EMSC</agencyURI>
      <authorURI>smi:smi-registry/organization/EMSC</authorURI>
    </creationInfo>
    <originUncertainty>
      <azimuthMaxHorizontalUncertainty>58</azimuthMaxHorizontalUncertainty>
    </originUncertainty>
  </origin>
  <magnitude publicID="quakeml:eu.emsc/event/20001210_0000009/origin/1439926/mag/2">
    <mag>
      <value>3.3</value>
    </mag>
    <type>MD</type>
    <originID>quakeml:eu.emsc/event/20001210_0000009/origin/1439926</originID>
    <creationInfo>
      <agencyURI>smi:smi-registry/organization/EMSC</agencyURI>
      <authorURI>smi:smi-registry/organization/EMSC</authorURI>
    </creationInfo>
  </magnitude>
</event>
<event publicID="quakeml:eu.emsc/event/20001210_0000026">
  <preferredOriginID>quakeml:eu.emsc/event/20001210_0000026/origin/1442429</preferredOriginID>
  <preferredMagnitudeID>quakeml:eu.emsc/event/20001210_0000026/origin/1442429/mag/2</preferredMagnitudeID>
  <creationInfo>
    <agencyURI>smi:smi-registry/organization/EMSC</agencyURI>
    <authorURI>smi:smi-registry/organization/EMSC</authorURI>
    <creationTime>2014-12-10T13:15:38.621779Z</creationTime>
  </creationInfo>
  <description>
    <text>LIGURIAN SEA</text>
    <type>Flinn-Engdahl region</type>
  </description>
  <origin publicID="quakeml:eu.emsc/event/20001210_0000026/origin/1442429">
    <time>
      <value>2000-12-10T06:23:00.3Z</value>
    </time>
    <latitude>
      <value>43.9815</value>
      <uncertainty>9999.9</uncertainty>
    </latitude>
    <longitude>
      <value>8.0303</value>
      <uncertainty>9999.9</uncertainty>
    </longitude>
    <depth>
      <value>11800.0</value>
    </depth>
    <depthType>from location</depthType>
    <methodID>smi:eu.emsc-csem/origin_method/NA</methodID>
    <quality>
      <usedPhaseCount>15</usedPhaseCount>
      <usedStationCount>9</usedStationCount>
      <standardError>4.68</standardError>
      <azimuthalGap>201</azimuthalGap>
      <minimumDistance>0.12</minimumDistance>
      <maximumDistance>0.67</maximumDistance>
    </quality>
    <evaluationMode>manual</evaluationMode>
    <creationInfo>
      <agencyURI>smi:smi-registry/organization/EMSC</agencyURI>
      <authorURI>smi:smi-registry/organization/EMSC</authorURI>
    </creationInfo>
    <originUncertainty>
      <azimuthMaxHorizontalUncertainty>-99</azimuthMaxHorizontalUncertainty>
    </originUncertainty>
  </origin>
  <magnitude publicID="quakeml:eu.emsc/event/20001210_0000026/origin/1442429/mag/2">
    <mag>
      <value>1.9</value>
    </mag>
    <type>ML</type>
    <originID>quakeml:eu.emsc/event/20001210_0000026/origin/1442429</originID>
    <creationInfo>
      <agencyURI>smi:smi-registry/organization/EMSC</agencyURI>
      <authorURI>smi:smi-registry/organization/EMSC</authorURI>
    </creationInfo>
  </magnitude>
</event>
<event publicID="quakeml:eu.emsc/event/20001210_0000008">
  <preferredOriginID>quakeml:eu.emsc/event/20001210_0000008/origin/1442431</preferredOriginID>
  <preferredMagnitudeID>quakeml:eu.emsc/event/20001210_0000008/origin/1442431/mag/2</preferredMagnitudeID>
  <creationInfo>
    <agencyURI>smi:smi-registry/organization/EMSC</agencyURI>
    <authorURI>smi:smi-registry/organization/EMSC</authorURI>
    <creationTime>2014-12-10T10:59:10.662981Z</creationTime>
  </creationInfo>
  <description>
    <text>GREECE</text>
    <type>Flinn-Engdahl region</type>
  </description>
  <origin publicID="quakeml:eu.emsc/event/20001210_0000008/origin/1442431">
    <time>
      <value>2000-12-10T06:16:16.7Z</value>
    </time>
    <latitude>
      <value>38.32</value>
      <uncertainty>9999.9</uncertainty>
    </latitude>
    <longitude>
      <value>21.44</value>
      <uncertainty>9999.9</uncertainty>
    </longitude>
    <depth>
      <value>38000</value>
    </depth>
    <depthType>from location</depthType>
    <methodID>smi:eu.emsc-csem/origin_method/NA</methodID>
    <quality>
      <usedPhaseCount>7</usedPhaseCount>
      <usedStationCount>5</usedStationCount>
      <standardError>1.6</standardError>
      <azimuthalGap>127</azimuthalGap>
      <minimumDistance>0.66</minimumDistance>
      <maximumDistance>1.99</maximumDistance>
    </quality>
    <evaluationMode>manual</evaluationMode>
    <creationInfo>
      <agencyURI>smi:smi-registry/organization/EMSC</agencyURI>
      <authorURI>smi:smi-registry/organization/EMSC</authorURI>
    </creationInfo>
    <originUncertainty>
      <azimuthMaxHorizontalUncertainty>-99</azimuthMaxHorizontalUncertainty>
    </originUncertainty>
  </origin>
  <magnitude publicID="quakeml:eu.emsc/event/20001210_0000008/origin/1442431/mag/2">
    <mag>
      <value>2.9</value>
    </mag>
    <type>MD</type>
    <originID>quakeml:eu.emsc/event/20001210_0000008/origin/1442431</originID>
    <creationInfo>
      <agencyURI>smi:smi-registry/organization/EMSC</agencyURI>
      <authorURI>smi:smi-registry/organization/EMSC</authorURI>
    </creationInfo>
  </magnitude>
</event>
<event publicID="quakeml:eu.emsc/event/20001210_0000007">
  <preferredOriginID>quakeml:eu.emsc/event/20001210_0000007/origin/1442433</preferredOriginID>
  <preferredMagnitudeID>quakeml:eu.emsc/event/20001210_0000007/origin/1442433/mag/2</preferredMagnitudeID>
  <creationInfo>
    <agencyURI>smi:smi-registry/organization/EMSC</agencyURI>
    <authorURI>smi:smi-registry/organization/EMSC</authorURI>
    <creationTime>2014-12-10T10:59:06.500213Z</creationTime>
  </creationInfo>
  <description>
    <text>TURKMENISTAN</text>
    <type>Flinn-Engdahl region</type>
  </description>
  <origin publicID="quakeml:eu.emsc/event/20001210_0000007/origin/1442433">
    <time>
      <value>2000-12-10T05:23:38.7Z</value>
    </time>
    <latitude>
      <value>38.773</value>
      <uncertainty>9999.9</uncertainty>
    </latitude>
    <longitude>
      <value>55.799</value>
      <uncertainty>9999.9</uncertainty>
    </longitude>
    <depth>
      <value>10000</value>
    </depth>
    <depthType>from location</depthType>
    <methodID>smi:eu.emsc-csem/origin_method/NA</methodID>
    <quality>
      <usedPhaseCount>6</usedPhaseCount>
      <usedStationCount>5</usedStationCount>
      <standardError>4.44</standardError>
      <azimuthalGap>190</azimuthalGap>
      <minimumDistance>2.17</minimumDistance>
      <maximumDistance>24.88</maximumDistance>
    </quality>
    <evaluationMode>manual</evaluationMode>
    <creationInfo>
      <agencyURI>smi:smi-registry/organization/EMSC</agencyURI>
      <authorURI>smi:smi-registry/organization/EMSC</authorURI>
    </creationInfo>
    <originUncertainty>
      <azimuthMaxHorizontalUncertainty>-99</azimuthMaxHorizontalUncertainty>
    </originUncertainty>
  </origin>
  <magnitude publicID="quakeml:eu.emsc/event/20001210_0000007/origin/1442433/mag/2">
    <mag>
      <value>3.8</value>
    </mag>
    <type>mb</type>
    <originID>quakeml:eu.emsc/event/20001210_0000007/origin/1442433</originID>
    <stationCount>1</stationCount>
    <creationInfo>
      <agencyURI>smi:smi-registry/organization/EMSC</agencyURI>
      <authorURI>smi:smi-registry/organization/EMSC</authorURI>
    </creationInfo>
  </magnitude>
</event>
<event publicID="quakeml:eu.emsc/event/20001210_0000006">
  <preferredOriginID>quakeml:eu.emsc/event/20001210_0000006/origin/1442435</preferredOriginID>
  <preferredMagnitudeID>quakeml:eu.emsc/event/20001210_0000006/origin/1442435/mag/2</preferredMagnitudeID>
  <creationInfo>
    <agencyURI>smi:smi-registry/organization/EMSC</agencyURI>
    <authorURI>smi:smi-registry/organization/EMSC</authorURI>
    <creationTime>2014-12-10T10:59:05.500017Z</creationTime>
  </creationInfo>
  <description>
    <text>EASTERN TURKEY</text>
    <type>Flinn-Engdahl region</type>
  </description>
  <origin publicID="quakeml:eu.emsc/event/20001210_0000006/origin/1442435">
    <time>
      <value>2000-12-10T03:57:22.9Z</value>
    </time>
    <latitude>
      <value>38.074</value>
      <uncertainty>9999.9</uncertainty>
    </latitude>
    <longitude>
      <value>42.915</value>
      <uncertainty>9999.9</uncertainty>
    </longitude>
    <depth>
      <value>10000</value>
    </depth>
    <depthType>from location</depthType>
    <methodID>smi:eu.emsc-csem/origin_method/NA</methodID>
    <quality>
      <usedPhaseCount>6</usedPhaseCount>
      <usedStationCount>5</usedStationCount>
      <standardError>3.81</standardError>
      <azimuthalGap>237</azimuthalGap>
      <minimumDistance>0.44</minimumDistance>
      <maximumDistance>3.55</maximumDistance>
    </quality>
    <evaluationMode>manual</evaluationMode>
    <creationInfo>
      <agencyURI>smi:smi-registry/organization/EMSC</agencyURI>
      <authorURI>smi:smi-registry/organization/EMSC</authorURI>
    </creationInfo>
    <originUncertainty>
      <azimuthMaxHorizontalUncertainty>-99</azimuthMaxHorizontalUncertainty>
    </originUncertainty>
  </origin>
  <magnitude publicID="quakeml:eu.emsc/event/20001210_0000006/origin/1442435/mag/2">
    <mag>
      <value>3.9</value>
    </mag>
    <type>MD</type>
    <originID>quakeml:eu.emsc/event/20001210_0000006/origin/1442435</originID>
    <creationInfo>
      <agencyURI>smi:smi-registry/organization/EMSC</agencyURI>
      <authorURI>smi:smi-registry/organization/EMSC</authorURI>
    </creationInfo>
  </magnitude>
</event>
<event publicID="quakeml:eu.emsc/event/20001210_0000005">
  <preferredOriginID>quakeml:eu.emsc/event/20001210_0000005/origin/1442437</preferredOriginID>
  <preferredMagnitudeID>quakeml:eu.emsc/event/20001210_0000005/origin/1442437/mag/2</preferredMagnitudeID>
  <creationInfo>
    <agencyURI>smi:smi-registry/organization/EMSC</agencyURI>
    <authorURI>smi:smi-registry/organization/EMSC</authorURI>
    <creationTime>2014-12-10T10:59:02.846434Z</creationTime>
  </creationInfo>
  <description>
    <text>TURKEY-IRAQ BORDER REGION</text>
    <type>Flinn-Engdahl region</type>
  </description>
  <origin publicID="quakeml:eu.emsc/event/20001210_0000005/origin/1442437">
    <time>
      <value>2000-12-10T03:46:07.6Z</value>
    </time>
    <latitude>
      <value>37.876</value>
      <uncertainty>9999.9</uncertainty>
    </latitude>
    <longitude>
      <value>43.096</value>
      <uncertainty>9999.9</uncertainty>
    </longitude>
    <depth>
      <value>10000</value>
    </depth>
    <depthType>from location</depthType>
    <methodID>smi:eu.emsc-csem/origin_method/NA</methodID>
    <quality>
      <usedPhaseCount>6</usedPhaseCount>
      <usedStationCount>5</usedStationCount>
      <standardError>2.5</standardError>
      <azimuthalGap>264</azimuthalGap>
      <minimumDistance>0.56</minimumDistance>
      <maximumDistance>3.71</maximumDistance>
    </quality>
    <evaluationMode>manual</evaluationMode>
    <creationInfo>
      <agencyURI>smi:smi-registry/organization/EMSC</agencyURI>
      <authorURI>smi:smi-registry/organization/EMSC</authorURI>
    </creationInfo>
    <originUncertainty>
      <azimuthMaxHorizontalUncertainty>-99</azimuthMaxHorizontalUncertainty>
    </originUncertainty>
  </origin>
  <magnitude publicID="quakeml:eu.emsc/event/20001210_0000005/origin/1442437/mag/2">
    <mag>
      <value>3.9</value>
    </mag>
    <type>MD</type>
    <originID>quakeml:eu.emsc/event/20001210_0000005/origin/1442437</originID>
    <creationInfo>
      <agencyURI>smi:smi-registry/organization/EMSC</agencyURI>
      <authorURI>smi:smi-registry/organization/EMSC</authorURI>
    </creationInfo>
  </magnitude>
</event>
<event publicID="quakeml:eu.emsc/event/20001210_0000003">
  <preferredOriginID>quakeml:eu.emsc/event/20001210_0000003/origin/1442439</preferredOriginID>
  <preferredMagnitudeID>quakeml:eu.emsc/event/20001210_0000003/origin/1442439/mag/2</preferredMagnitudeID>
  <creationInfo>
    <agencyURI>smi:smi-registry/organization/EMSC</agencyURI>
    <authorURI>smi:smi-registry/organization/EMSC</authorURI>
    <creationTime>2014-12-10T10:58:58.793877Z</creationTime>
  </creationInfo>
  <description>
    <text>WESTERN TURKEY</text>
    <type>Flinn-Engdahl region</type>
  </description>
  <origin publicID="quakeml:eu.emsc/event/20001210_0000003/origin/1442439">
    <time>
      <value>2000-12-10T00:40:40.8Z</value>
    </time>
    <latitude>
      <value>39.161</value>
      <uncertainty>9999.9</uncertainty>
    </latitude>
    <longitude>
      <value>27.835</value>
      <uncertainty>9999.9</uncertainty>
    </longitude>
    <depth>
      <value>10000</value>
    </depth>
    <depthType>from location</depthType>
    <methodID>smi:eu.emsc-csem/origin_method/NA</methodID>
    <quality>
      <usedPhaseCount>9</usedPhaseCount>
      <usedStationCount>8</usedStationCount>
      <standardError>1.9</standardError>
      <azimuthalGap>156</azimuthalGap>
      <minimumDistance>0.75</minimumDistance>
      <maximumDistance>1.72</maximumDistance>
    </quality>
    <evaluationMode>manual</evaluationMode>
    <creationInfo>
      <agencyURI>smi:smi-registry/organization/EMSC</agencyURI>
      <authorURI>smi:smi-registry/organization/EMSC</authorURI>
    </creationInfo>
    <originUncertainty>
      <azimuthMaxHorizontalUncertainty>-99</azimuthMaxHorizontalUncertainty>
    </originUncertainty>
  </origin>
  <magnitude publicID="quakeml:eu.emsc/event/20001210_0000003/origin/1442439/mag/2">
    <mag>
      <value>2.9</value>
    </mag>
    <type>MD</type>
    <originID>quakeml:eu.emsc/event/20001210_0000003/origin/1442439</originID>
    <creationInfo>
      <agencyURI>smi:smi-registry/organization/EMSC</agencyURI>
      <authorURI>smi:smi-registry/organization/EMSC</authorURI>
    </creationInfo>
  </magnitude>
</event>
<event publicID="quakeml:eu.emsc/event/20001210_0000002">
  <preferredOriginID>quakeml:eu.emsc/event/20001210_0000002/origin/1439929</preferredOriginID>
  <preferredMagnitudeID>quakeml:eu.emsc/event/20001210_0000002/origin/1439929/mag/2</preferredMagnitudeID>
  <creationInfo>
    <agencyURI>smi:smi-registry/organization/EMSC</agencyURI>
    <authorURI>smi:smi-registry/organization/EMSC</authorURI>
    <creationTime>2014-12-03T10:54:26.250307Z</creationTime>
  </creationInfo>
  <description>
    <text>GREECE</text>
    <type>Flinn-Engdahl region</type>
  </description>
  <origin publicID="quakeml:eu.emsc/event/20001210_0000002/origin/1439929">
    <time>
      <value>2000-12-10T00:33:29.4Z</value>
      <uncertainty>0.57</uncertainty>
    </time>
    <latitude>
      <value>39.9403</value>
      <uncertainty>15.5</uncertainty>
    </latitude>
    <longitude>
      <value>22.5533</value>
      <uncertainty>14.4</uncertainty>
    </longitude>
    <depth>
      <value>2000</value>
    </depth>
    <depthType>from location</depthType>
    <methodID>smi:eu.emsc-csem/origin_method/NA</methodID>
    <quality>
      <usedPhaseCount>10</usedPhaseCount>
      <usedStationCount>9</usedStationCount>
      <standardError>1.35</standardError>
      <azimuthalGap>97</azimuthalGap>
      <minimumDistance>0.7</minimumDistance>
      <maximumDistance>2.4</maximumDistance>
    </quality>
    <evaluationMode>manual</evaluationMode>
    <creationInfo>
      <agencyURI>smi:smi-registry/organization/EMSC</agencyURI>
      <authorURI>smi:smi-registry/organization/EMSC</authorURI>
    </creationInfo>
    <originUncertainty>
      <azimuthMaxHorizontalUncertainty>121</azimuthMaxHorizontalUncertainty>
    </originUncertainty>
  </origin>
  <magnitude publicID="quakeml:eu.emsc/event/20001210_0000002/origin/1439929/mag/2">
    <mag>
      <value>3.2</value>
    </mag>
    <type>MD</type>
    <originID>quakeml:eu.emsc/event/20001210_0000002/origin/1439929</originID>
    <creationInfo>
      <agencyURI>smi:smi-registry/organization/EMSC</agencyURI>
      <authorURI>smi:smi-registry/organization/EMSC</authorURI>
    </creationInfo>
  </magnitude>
</event>
<event publicID="quakeml:eu.emsc/event/20001210_0000001">
  <preferredOriginID>quakeml:eu.emsc/event/20001210_0000001/origin/1439932</preferredOriginID>
  <preferredMagnitudeID>quakeml:eu.emsc/event/20001210_0000001/origin/1439932/mag/2</preferredMagnitudeID>
  <creationInfo>
    <agencyURI>smi:smi-registry/organization/EMSC</agencyURI>
    <authorURI>smi:smi-registry/organization/EMSC</authorURI>
    <creationTime>2014-12-03T11:37:23.291558Z</creationTime>
  </creationInfo>
  <description>
    <text>GREECE</text>
    <type>Flinn-Engdahl region</type>
  </description>
  <origin publicID="quakeml:eu.emsc/event/20001210_0000001/origin/1439932">
    <time>
      <value>2000-12-10T00:07:37.4Z</value>
      <uncertainty>0.58</uncertainty>
    </time>
    <latitude>
      <value>39.8759</value>
      <uncertainty>15.2</uncertainty>
    </latitude>
    <longitude>
      <value>22.5301</value>
      <uncertainty>12.9</uncertainty>
    </longitude>
    <depth>
      <value>10000</value>
    </depth>
    <depthType>from location</depthType>
    <methodID>smi:eu.emsc-csem/origin_method/NA</methodID>
    <quality>
      <usedPhaseCount>7</usedPhaseCount>
      <usedStationCount>7</usedStationCount>
      <standardError>0.94</standardError>
      <azimuthalGap>135</azimuthalGap>
      <minimumDistance>0.72</minimumDistance>
      <maximumDistance>2.27</maximumDistance>
    </quality>
    <evaluationMode>manual</evaluationMode>
    <creationInfo>
      <agencyURI>smi:smi-registry/organization/EMSC</agencyURI>
      <authorURI>smi:smi-registry/organization/EMSC</authorURI>
    </creationInfo>
    <originUncertainty>
      <azimuthMaxHorizontalUncertainty>53</azimuthMaxHorizontalUncertainty>
    </originUncertainty>
  </origin>
  <magnitude publicID="quakeml:eu.emsc/event/20001210_0000001/origin/1439932/mag/2">
    <mag>
      <value>3</value>
    </mag>
    <type>MD</type>
    <originID>quakeml:eu.emsc/event/20001210_0000001/origin/1439932</originID>
    <creationInfo>
      <agencyURI>smi:smi-registry/organization/EMSC</agencyURI>
      <authorURI>smi:smi-registry/organization/EMSC</authorURI>
    </creationInfo>
  </magnitude>
</event>
</eventParameters>
</q:quakeml>
