<?xml version="1.0"?>
<q:quakeml xmlns:q="http://quakeml.org/xmlns/quakeml/1.2"  xmlns="http://quakeml.org/xmlns/bed/1.2">
<eventParameters publicID="smi:eu.emsc/unid">
<event publicID="quakeml:eu.emsc/event/20000326_0000018">
  <preferredOriginID>quakeml:eu.emsc/event/20000326_0000018/origin/1458265</preferredOriginID>
  <preferredMagnitudeID>quakeml:eu.emsc/event/20000326_0000018/origin/1458265/mag/1</preferredMagnitudeID>
  <creationInfo>
    <agencyURI>smi:smi-registry/organization/EMSC</agencyURI>
    <authorURI>smi:smi-registry/organization/EMSC</authorURI>
    <creationTime>2014-12-03T16:48:04.338321Z</creationTime>
  </creationInfo>
  <description>
    <text>FRANCE</text>
    <type>Flinn-Engdahl region</type>
  </description>
  <origin publicID="quakeml:eu.emsc/event/20000326_0000018/origin/1458265">
    <time>
      <value>2000-03-26T21:08:54.8Z</value>
      <uncertainty>0.22</uncertainty>
    </time>
    <latitude>
      <value>46.2527</value>
      <uncertainty>4.6</uncertainty>
    </latitude>
    <longitude>
      <value>1.3655</value>
      <uncertainty>3</uncertainty>
    </longitude>
    <depth>
      <value>30000</value>
    </depth>
    <depthType>from location</depthType>
    <methodID>smi:eu.emsc-csem/origin_method/NA</methodID>
    <quality>
      <usedPhaseCount>23</usedPhaseCount>
      <usedStationCount>12</usedStationCount>
      <standardError>0.71</standardError>
      <azimuthalGap>129</azimuthalGap>
      <minimumDistance>0.59</minimumDistance>
      <maximumDistance>1.99</maximumDistance>
    </quality>
    <evaluationMode>manual</evaluationMode>
    <creationInfo>
      <agencyURI>smi:smi-registry/organization/EMSC</agencyURI>
      <authorURI>smi:smi-registry/organization/EMSC</authorURI>
    </creationInfo>
    <originUncertainty>
      <azimuthMaxHorizontalUncertainty>151</azimuthMaxHorizontalUncertainty>
    </originUncertainty>
  </origin>
  <magnitude publicID="quakeml:eu.emsc/event/20000326_0000018/origin/1458265/mag/1">
    <mag>
      <value>2</value>
      <uncertainty>0.4</uncertainty>
    </mag>
    <type>ML</type>
    <originID>quakeml:eu.emsc/event/20000326_0000018/origin/1458265</originID>
    <stationCount>9</stationCount>
    <creationInfo>
      <agencyURI>smi:smi-registry/organization/EMSC</agencyURI>
      <authorURI>smi:smi-registry/organization/EMSC</authorURI>
    </creationInfo>
  </magnitude>
</event>
<event publicID="quakeml:eu.emsc/event/20000326_0000014">
  <preferredOriginID>quakeml:eu.emsc/event/20000326_0000014/origin/1446795</preferredOriginID>
  <preferredMagnitudeID>quakeml:eu.emsc/event/20000326_0000014/origin/1446795/mag/2</preferredMagnitudeID>
  <creationInfo>
    <agencyURI>smi:smi-registry/organization/EMSC</agencyURI>
    <authorURI>smi:smi-registry/organization/EMSC</authorURI>
    <creationTime>2014-12-10T08:49:22.16977Z</creationTime>
  </creationInfo>
  <description>
    <text>WESTERN TURKEY</text>
    <type>Flinn-Engdahl region</type>
  </description>
  <origin publicID="quakeml:eu.emsc/event/20000326_0000014/origin/1446795">
    <time>
      <value>2000-03-26T19:19:11.0Z</value>
    </time>
    <latitude>
      <value>40.736</value>
      <uncertainty>9999.9</uncertainty>
    </latitude>
    <longitude>
      <value>29.926</value>
      <uncertainty>9999.9</uncertainty>
    </longitude>
    <depth>
      <value>5000</value>
    </depth>
    <depthType>from location</depthType>
    <methodID>smi:eu.emsc-csem/origin_method/NA</methodID>
    <quality>
      <usedPhaseCount>20</usedPhaseCount>
      <usedStationCount>12</usedStationCount>
      <standardError>1.07</standardError>
      <azimuthalGap>167</azimuthalGap>
      <minimumDistance>0.21</minimumDistance>
      <maximumDistance>1.78</maximumDistance>
    </quality>
    <evaluationMode>manual</evaluationMode>
    <creationInfo>
      <agencyURI>smi:smi-registry/organization/EMSC</agencyURI>
      <authorURI>smi:smi-registry/organization/EMSC</authorURI>
    </creationInfo>
    <originUncertainty>
      <azimuthMaxHorizontalUncertainty>-99</azimuthMaxHorizontalUncertainty>
    </originUncertainty>
  </origin>
  <magnitude publicID="quakeml:eu.emsc/event/20000326_0000014/origin/1446795/mag/2">
    <mag>
      <value>2.9</value>
    </mag>
    <type>MD</type>
    <originID>quakeml:eu.emsc/event/20000326_0000014/origin/1446795</originID>
    <creationInfo>
      <agencyURI>smi:smi-registry/organization/EMSC</agencyURI>
      <authorURI>smi:smi-registry/organization/EMSC</authorURI>
    </creationInfo>
  </magnitude>
</event>
<event publicID="quakeml:eu.emsc/event/20000326_0000011">
  <preferredOriginID>quakeml:eu.emsc/event/20000326_0000011/origin/1456418</preferredOriginID>
  <preferredMagnitudeID>quakeml:eu.emsc/event/20000326_0000011/origin/1456418/mag/2</preferredMagnitudeID>
  <creationInfo>
    <agencyURI>smi:smi-registry/organization/EMSC</agencyURI>
    <authorURI>smi:smi-registry/organization/EMSC</authorURI>
    <creationTime>2014-12-03T12:14:31.532424Z</creationTime>
  </creationInfo>
  <description>
    <text>NEAR THE COAST OF WESTERN TURKEY</text>
    <type>Flinn-Engdahl region</type>
  </description>
  <origin publicID="quakeml:eu.emsc/event/20000326_0000011/origin/1456418">
    <time>
      <value>2000-03-26T14:36:37.1Z</value>
      <uncertainty>0.46</uncertainty>
    </time>
    <latitude>
      <value>39.5567</value>
      <uncertainty>12.1</uncertainty>
    </latitude>
    <longitude>
      <value>26.0279</value>
      <uncertainty>9.5</uncertainty>
    </longitude>
    <depth>
      <value>19400.0</value>
      <uncertainty>0.9</uncertainty>
    </depth>
    <depthType>from location</depthType>
    <methodID>smi:eu.emsc-csem/origin_method/NA</methodID>
    <quality>
      <usedPhaseCount>15</usedPhaseCount>
      <usedStationCount>13</usedStationCount>
      <standardError>1.13</standardError>
      <azimuthalGap>132</azimuthalGap>
      <minimumDistance>0.35</minimumDistance>
      <maximumDistance>2.76</maximumDistance>
    </quality>
    <evaluationMode>manual</evaluationMode>
    <creationInfo>
      <agencyURI>smi:smi-registry/organization/EMSC</agencyURI>
      <authorURI>smi:smi-registry/organization/EMSC</authorURI>
    </creationInfo>
    <originUncertainty>
      <azimuthMaxHorizontalUncertainty>87</azimuthMaxHorizontalUncertainty>
    </originUncertainty>
  </origin>
  <magnitude publicID="quakeml:eu.emsc/event/20000326_0000011/origin/1456418/mag/2">
    <mag>
      <value>3.3</value>
    </mag>
    <type>MD</type>
    <originID>quakeml:eu.emsc/event/20000326_0000011/origin/1456418</originID>
    <creationInfo>
      <agencyURI>smi:smi-registry/organization/EMSC</agencyURI>
      <authorURI>smi:smi-registry/organization/EMSC</authorURI>
    </creationInfo>
  </magnitude>
</event>
<event publicID="quakeml:eu.emsc/event/20000326_0000013">
  <preferredOriginID>quakeml:eu.emsc/event/20000326_0000013/origin/1446797</preferredOriginID>
  <preferredMagnitudeID>quakeml:eu.emsc/event/20000326_0000013/origin/1446797/mag/2</preferredMagnitudeID>
  <creationInfo>
    <agencyURI>smi:smi-registry/organization/EMSC</agencyURI>
    <authorURI>smi:smi-registry/organization/EMSC</authorURI>
    <creationTime>2014-12-10T08:49:04.947946Z</creationTime>
  </creationInfo>
  <description>
    <text>CRETE, GREECE</text>
    <type>Flinn-Engdahl region</type>
  </description>
  <origin publicID="quakeml:eu.emsc/event/20000326_0000013/origin/1446797">
    <time>
      <value>2000-03-26T14:29:02.2Z</value>
    </time>
    <latitude>
      <value>35.14</value>
      <uncertainty>9999.9</uncertainty>
    </latitude>
    <longitude>
      <value>26.43</value>
      <uncertainty>9999.9</uncertainty>
    </longitude>
    <depth>
      <value>33000</value>
    </depth>
    <depthType>from location</depthType>
    <methodID>smi:eu.emsc-csem/origin_method/NA</methodID>
    <quality>
      <usedPhaseCount>6</usedPhaseCount>
      <usedStationCount>6</usedStationCount>
      <standardError>1.65</standardError>
      <azimuthalGap>223</azimuthalGap>
      <minimumDistance>0.68</minimumDistance>
      <maximumDistance>3.24</maximumDistance>
    </quality>
    <evaluationMode>manual</evaluationMode>
    <creationInfo>
      <agencyURI>smi:smi-registry/organization/EMSC</agencyURI>
      <authorURI>smi:smi-registry/organization/EMSC</authorURI>
    </creationInfo>
    <originUncertainty>
      <azimuthMaxHorizontalUncertainty>-99</azimuthMaxHorizontalUncertainty>
    </originUncertainty>
  </origin>
  <magnitude publicID="quakeml:eu.emsc/event/20000326_0000013/origin/1446797/mag/2">
    <mag>
      <value>3.9</value>
    </mag>
    <type>MD</type>
    <originID>quakeml:eu.emsc/event/20000326_0000013/origin/1446797</originID>
    <creationInfo>
      <agencyURI>smi:smi-registry/organization/EMSC</agencyURI>
      <authorURI>smi:smi-registry/organization/EMSC</authorURI>
    </creationInfo>
  </magnitude>
</event>
<event publicID="quakeml:eu.emsc/event/20000326_0000016">
  <preferredOriginID>quakeml:eu.emsc/event/20000326_0000016/origin/1446799</preferredOriginID>
  <preferredMagnitudeID>quakeml:eu.emsc/event/20000326_0000016/origin/1446799/mag/2</preferredMagnitudeID>
  <creationInfo>
    <agencyURI>smi:smi-registry/organization/EMSC</agencyURI>
    <authorURI>smi:smi-registry/organization/EMSC</authorURI>
    <creationTime>2014-12-10T13:08:32.48899Z</creationTime>
  </creationInfo>
  <description>
    <text>SWITZERLAND</text>
    <type>Flinn-Engdahl region</type>
  </description>
  <origin publicID="quakeml:eu.emsc/event/20000326_0000016/origin/1446799">
    <time>
      <value>2000-03-26T13:11:44.4Z</value>
    </time>
    <latitude>
      <value>46.281</value>
      <uncertainty>9999.9</uncertainty>
    </latitude>
    <longitude>
      <value>7.285</value>
      <uncertainty>9999.9</uncertainty>
    </longitude>
    <depth>
      <value>2100.0</value>
    </depth>
    <depthType>from location</depthType>
    <methodID>smi:eu.emsc-csem/origin_method/NA</methodID>
    <quality>
      <usedPhaseCount>14</usedPhaseCount>
      <usedStationCount>8</usedStationCount>
      <standardError>0.69</standardError>
      <azimuthalGap>126</azimuthalGap>
      <minimumDistance>0.17</minimumDistance>
      <maximumDistance>1.82</maximumDistance>
    </quality>
    <evaluationMode>manual</evaluationMode>
    <creationInfo>
      <agencyURI>smi:smi-registry/organization/EMSC</agencyURI>
      <authorURI>smi:smi-registry/organization/EMSC</authorURI>
    </creationInfo>
    <originUncertainty>
      <azimuthMaxHorizontalUncertainty>-99</azimuthMaxHorizontalUncertainty>
    </originUncertainty>
  </origin>
  <magnitude publicID="quakeml:eu.emsc/event/20000326_0000016/origin/1446799/mag/2">
    <mag>
      <value>1.6</value>
    </mag>
    <type>ML</type>
    <originID>quakeml:eu.emsc/event/20000326_0000016/origin/1446799</originID>
    <stationCount>9</stationCount>
    <creationInfo>
      <agencyURI>smi:smi-registry/organization/EMSC</agencyURI>
      <authorURI>smi:smi-registry/organization/EMSC</authorURI>
    </creationInfo>
  </magnitude>
</event>
<event publicID="quakeml:eu.emsc/event/20000326_0000009">
  <preferredOriginID>quakeml:eu.emsc/event/20000326_0000009/origin/1458319</preferredOriginID>
  <preferredMagnitudeID>quakeml:eu.emsc/event/20000326_0000009/origin/1458319/mag/1</preferredMagnitudeID>
  <creationInfo>
    <agencyURI>smi:smi-registry/organization/EMSC</agencyURI>
    <authorURI>smi:smi-registry/organization/EMSC</authorURI>
    <creationTime>2014-12-03T11:03:47.968247Z</creationTime>
  </creationInfo>
  <description>
    <text>WEST OF GIBRALTAR</text>
    <type>Flinn-Engdahl region</type>
  </description>
  <origin publicID="quakeml:eu.emsc/event/20000326_0000009/origin/1458319">
    <time>
      <value>2000-03-26T12:57:32.1Z</value>
      <uncertainty>0.28</uncertainty>
    </time>
    <latitude>
      <value>36.7574</value>
      <uncertainty>6.2</uncertainty>
    </latitude>
    <longitude>
      <value>-9.3206</value>
      <uncertainty>3.7</uncertainty>
    </longitude>
    <depth>
      <value>80000</value>
    </depth>
    <depthType>from location</depthType>
    <methodID>smi:eu.emsc-csem/origin_method/NA</methodID>
    <quality>
      <usedPhaseCount>148</usedPhaseCount>
      <usedStationCount>105</usedStationCount>
      <standardError>1.06</standardError>
      <azimuthalGap>198</azimuthalGap>
      <minimumDistance>0.54</minimumDistance>
      <maximumDistance>76.28</maximumDistance>
    </quality>
    <evaluationMode>manual</evaluationMode>
    <creationInfo>
      <agencyURI>smi:smi-registry/organization/EMSC</agencyURI>
      <authorURI>smi:smi-registry/organization/EMSC</authorURI>
    </creationInfo>
    <originUncertainty>
      <azimuthMaxHorizontalUncertainty>39</azimuthMaxHorizontalUncertainty>
    </originUncertainty>
  </origin>
  <magnitude publicID="quakeml:eu.emsc/event/20000326_0000009/origin/1458319/mag/1">
    <mag>
      <value>4.9</value>
      <uncertainty>0.4</uncertainty>
    </mag>
    <type>ML</type>
    <originID>quakeml:eu.emsc/event/20000326_0000009/origin/1458319</originID>
    <stationCount>20</stationCount>
    <creationInfo>
      <agencyURI>smi:smi-registry/organization/EMSC</agencyURI>
      <authorURI>smi:smi-registry/organization/EMSC</authorURI>
    </creationInfo>
  </magnitude>
</event>
<event publicID="quakeml:eu.emsc/event/20000326_0000010">
  <preferredOriginID>quakeml:eu.emsc/event/20000326_0000010/origin/1446801</preferredOriginID>
  <preferredMagnitudeID>quakeml:eu.emsc/event/20000326_0000010/origin/1446801/mag/2</preferredMagnitudeID>
  <creationInfo>
    <agencyURI>smi:smi-registry/organization/EMSC</agencyURI>
    <authorURI>smi:smi-registry/organization/EMSC</authorURI>
    <creationTime>2014-12-10T08:46:48.879964Z</creationTime>
  </creationInfo>
  <description>
    <text>CENTRAL TURKEY</text>
    <type>Flinn-Engdahl region</type>
  </description>
  <origin publicID="quakeml:eu.emsc/event/20000326_0000010/origin/1446801">
    <time>
      <value>2000-03-26T10:04:29.6Z</value>
    </time>
    <latitude>
      <value>41.302</value>
      <uncertainty>9999.9</uncertainty>
    </latitude>
    <longitude>
      <value>32.601</value>
      <uncertainty>9999.9</uncertainty>
    </longitude>
    <depth>
      <value>10000</value>
    </depth>
    <depthType>from location</depthType>
    <methodID>smi:eu.emsc-csem/origin_method/NA</methodID>
    <quality>
      <usedPhaseCount>5</usedPhaseCount>
      <usedStationCount>4</usedStationCount>
      <standardError>2.59</standardError>
      <azimuthalGap>168</azimuthalGap>
      <minimumDistance>1.24</minimumDistance>
      <maximumDistance>2.56</maximumDistance>
    </quality>
    <evaluationMode>manual</evaluationMode>
    <creationInfo>
      <agencyURI>smi:smi-registry/organization/EMSC</agencyURI>
      <authorURI>smi:smi-registry/organization/EMSC</authorURI>
    </creationInfo>
    <originUncertainty>
      <azimuthMaxHorizontalUncertainty>-99</azimuthMaxHorizontalUncertainty>
    </originUncertainty>
  </origin>
  <magnitude publicID="quakeml:eu.emsc/event/20000326_0000010/origin/1446801/mag/2">
    <mag>
      <value>3.1</value>
    </mag>
    <type>MD</type>
    <originID>quakeml:eu.emsc/event/20000326_0000010/origin/1446801</originID>
    <creationInfo>
      <agencyURI>smi:smi-registry/organization/EMSC</agencyURI>
      <authorURI>smi:smi-registry/organization/EMSC</authorURI>
    </creationInfo>
  </magnitude>
</event>
<event publicID="quakeml:eu.emsc/event/20000326_0000007">
  <preferredOriginID>quakeml:eu.emsc/event/20000326_0000007/origin/1446803</preferredOriginID>
  <preferredMagnitudeID>quakeml:eu.emsc/event/20000326_0000007/origin/1446803/mag/2</preferredMagnitudeID>
  <creationInfo>
    <agencyURI>smi:smi-registry/organization/EMSC</agencyURI>
    <authorURI>smi:smi-registry/organization/EMSC</authorURI>
    <creationTime>2014-12-10T08:45:39.254045Z</creationTime>
  </creationInfo>
  <description>
    <text>AZORES ISLANDS REGION</text>
    <type>Flinn-Engdahl region</type>
  </description>
  <origin publicID="quakeml:eu.emsc/event/20000326_0000007/origin/1446803">
    <time>
      <value>2000-03-26T09:37:09.3Z</value>
    </time>
    <latitude>
      <value>40.487</value>
      <uncertainty>9999.9</uncertainty>
    </latitude>
    <longitude>
      <value>-29.903</value>
      <uncertainty>9999.9</uncertainty>
    </longitude>
    <depth>
      <value>10000</value>
    </depth>
    <depthType>from location</depthType>
    <methodID>smi:eu.emsc-csem/origin_method/NA</methodID>
    <quality>
      <usedPhaseCount>10</usedPhaseCount>
      <usedStationCount>10</usedStationCount>
      <standardError>2.26</standardError>
      <azimuthalGap>200</azimuthalGap>
      <minimumDistance>19.85</minimumDistance>
      <maximumDistance>65.35</maximumDistance>
    </quality>
    <evaluationMode>manual</evaluationMode>
    <creationInfo>
      <agencyURI>smi:smi-registry/organization/EMSC</agencyURI>
      <authorURI>smi:smi-registry/organization/EMSC</authorURI>
    </creationInfo>
    <originUncertainty>
      <azimuthMaxHorizontalUncertainty>-99</azimuthMaxHorizontalUncertainty>
    </originUncertainty>
  </origin>
  <magnitude publicID="quakeml:eu.emsc/event/20000326_0000007/origin/1446803/mag/2">
    <mag>
      <value>4.4</value>
    </mag>
    <type>mb</type>
    <originID>quakeml:eu.emsc/event/20000326_0000007/origin/1446803</originID>
    <stationCount>6</stationCount>
    <creationInfo>
      <agencyURI>smi:smi-registry/organization/EMSC</agencyURI>
      <authorURI>smi:smi-registry/organization/EMSC</authorURI>
    </creationInfo>
  </magnitude>
</event>
<event publicID="quakeml:eu.emsc/event/20000326_0000008">
  <preferredOriginID>quakeml:eu.emsc/event/20000326_0000008/origin/1446805</preferredOriginID>
  <preferredMagnitudeID>quakeml:eu.emsc/event/20000326_0000008/origin/1446805/mag/2</preferredMagnitudeID>
  <creationInfo>
    <agencyURI>smi:smi-registry/organization/EMSC</agencyURI>
    <authorURI>smi:smi-registry/organization/EMSC</authorURI>
    <creationTime>2014-12-10T08:45:42.557283Z</creationTime>
  </creationInfo>
  <description>
    <text>CYPRUS REGION</text>
    <type>Flinn-Engdahl region</type>
  </description>
  <origin publicID="quakeml:eu.emsc/event/20000326_0000008/origin/1446805">
    <time>
      <value>2000-03-26T09:13:04.7Z</value>
    </time>
    <latitude>
      <value>34.781</value>
      <uncertainty>9999.9</uncertainty>
    </latitude>
    <longitude>
      <value>33.011</value>
      <uncertainty>9999.9</uncertainty>
    </longitude>
    <depth>
      <value>15000</value>
    </depth>
    <depthType>from location</depthType>
    <methodID>smi:eu.emsc-csem/origin_method/NA</methodID>
    <quality>
      <usedPhaseCount>9</usedPhaseCount>
      <usedStationCount>7</usedStationCount>
      <standardError>0.73</standardError>
      <azimuthalGap>181</azimuthalGap>
      <minimumDistance>0.11</minimumDistance>
      <maximumDistance>0.87</maximumDistance>
    </quality>
    <evaluationMode>manual</evaluationMode>
    <creationInfo>
      <agencyURI>smi:smi-registry/organization/EMSC</agencyURI>
      <authorURI>smi:smi-registry/organization/EMSC</authorURI>
    </creationInfo>
    <originUncertainty>
      <azimuthMaxHorizontalUncertainty>-99</azimuthMaxHorizontalUncertainty>
    </originUncertainty>
  </origin>
  <magnitude publicID="quakeml:eu.emsc/event/20000326_0000008/origin/1446805/mag/2">
    <mag>
      <value>3</value>
    </mag>
    <type>ML</type>
    <originID>quakeml:eu.emsc/event/20000326_0000008/origin/1446805</originID>
    <creationInfo>
      <agencyURI>smi:smi-registry/organization/EMSC</agencyURI>
      <authorURI>smi:smi-registry/organization/EMSC</authorURI>
    </creationInfo>
  </magnitude>
</event>
<event publicID="quakeml:eu.emsc/event/20000326_0000006">
  <preferredOriginID>quakeml:eu.emsc/event/20000326_0000006/origin/1456536</preferredOriginID>
  <preferredMagnitudeID>quakeml:eu.emsc/event/20000326_0000006/origin/1456536/mag/2</preferredMagnitudeID>
  <creationInfo>
    <agencyURI>smi:smi-registry/organization/EMSC</agencyURI>
    <authorURI>smi:smi-registry/organization/EMSC</authorURI>
    <creationTime>2014-12-03T10:23:13.603465Z</creationTime>
  </creationInfo>
  <description>
    <text>JAN MAYEN ISLAND REGION</text>
    <type>Flinn-Engdahl region</type>
  </description>
  <origin publicID="quakeml:eu.emsc/event/20000326_0000006/origin/1456536">
    <time>
      <value>2000-03-26T08:27:46.0Z</value>
      <uncertainty>0.33</uncertainty>
    </time>
    <latitude>
      <value>70.9612</value>
      <uncertainty>15.8</uncertainty>
    </latitude>
    <longitude>
      <value>-13.0985</value>
      <uncertainty>9.1</uncertainty>
    </longitude>
    <depth>
      <value>2000</value>
    </depth>
    <depthType>from location</depthType>
    <methodID>smi:eu.emsc-csem/origin_method/NA</methodID>
    <quality>
      <usedPhaseCount>16</usedPhaseCount>
      <usedStationCount>16</usedStationCount>
      <standardError>0.93</standardError>
      <azimuthalGap>131</azimuthalGap>
      <minimumDistance>1.43</minimumDistance>
      <maximumDistance>58.86</maximumDistance>
    </quality>
    <evaluationMode>manual</evaluationMode>
    <creationInfo>
      <agencyURI>smi:smi-registry/organization/EMSC</agencyURI>
      <authorURI>smi:smi-registry/organization/EMSC</authorURI>
    </creationInfo>
    <originUncertainty>
      <azimuthMaxHorizontalUncertainty>34</azimuthMaxHorizontalUncertainty>
    </originUncertainty>
  </origin>
  <magnitude publicID="quakeml:eu.emsc/event/20000326_0000006/origin/1456536/mag/2">
    <mag>
      <value>4</value>
    </mag>
    <type>mb</type>
    <originID>quakeml:eu.emsc/event/20000326_0000006/origin/1456536</originID>
    <stationCount>2</stationCount>
    <creationInfo>
      <agencyURI>smi:smi-registry/organization/EMSC</agencyURI>
      <authorURI>smi:smi-registry/organization/EMSC</authorURI>
    </creationInfo>
  </magnitude>
</event>
<event publicID="quakeml:eu.emsc/event/20000326_0000019">
  <preferredOriginID>quakeml:eu.emsc/event/20000326_0000019/origin/1455949</preferredOriginID>
  <preferredMagnitudeID>quakeml:eu.emsc/event/20000326_0000019/origin/1455949/mag/1</preferredMagnitudeID>
  <creationInfo>
    <agencyURI>smi:smi-registry/organization/EMSC</agencyURI>
    <authorURI>smi:smi-registry/organization/EMSC</authorURI>
    <creationTime>2014-12-03T17:07:00.660143Z</creationTime>
  </creationInfo>
  <description>
    <text>FRANCE</text>
    <type>Flinn-Engdahl region</type>
  </description>
  <origin publicID="quakeml:eu.emsc/event/20000326_0000019/origin/1455949">
    <time>
      <value>2000-03-26T06:10:17.2Z</value>
      <uncertainty>0.13</uncertainty>
    </time>
    <latitude>
      <value>46.3997</value>
      <uncertainty>3</uncertainty>
    </latitude>
    <longitude>
      <value>1.7579</value>
      <uncertainty>2</uncertainty>
    </longitude>
    <depth>
      <value>10000</value>
    </depth>
    <depthType>from location</depthType>
    <methodID>smi:eu.emsc-csem/origin_method/NA</methodID>
    <quality>
      <usedPhaseCount>24</usedPhaseCount>
      <usedStationCount>11</usedStationCount>
      <standardError>0.56</standardError>
      <azimuthalGap>138</azimuthalGap>
      <minimumDistance>0.33</minimumDistance>
      <maximumDistance>1.68</maximumDistance>
    </quality>
    <evaluationMode>manual</evaluationMode>
    <creationInfo>
      <agencyURI>smi:smi-registry/organization/EMSC</agencyURI>
      <authorURI>smi:smi-registry/organization/EMSC</authorURI>
    </creationInfo>
    <originUncertainty>
      <azimuthMaxHorizontalUncertainty>171</azimuthMaxHorizontalUncertainty>
    </originUncertainty>
  </origin>
  <magnitude publicID="quakeml:eu.emsc/event/20000326_0000019/origin/1455949/mag/1">
    <mag>
      <value>1.9</value>
      <uncertainty>0.4</uncertainty>
    </mag>
    <type>ML</type>
    <originID>quakeml:eu.emsc/event/20000326_0000019/origin/1455949</originID>
    <stationCount>8</stationCount>
    <creationInfo>
      <agencyURI>smi:smi-registry/organization/EMSC</agencyURI>
      <authorURI>smi:smi-registry/organization/EMSC</authorURI>
    </creationInfo>
  </magnitude>
</event>
<event publicID="quakeml:eu.emsc/event/20000326_0000003">
  <preferredOriginID>quakeml:eu.emsc/event/20000326_0000003/origin/1456542</preferredOriginID>
  <preferredMagnitudeID>quakeml:eu.emsc/event/20000326_0000003/origin/1456542/mag/1</preferredMagnitudeID>
  <creationInfo>
    <agencyURI>smi:smi-registry/organization/EMSC</agencyURI>
    <authorURI>smi:smi-registry/organization/EMSC</authorURI>
    <creationTime>2014-12-03T11:48:33.126903Z</creationTime>
  </creationInfo>
  <description>
    <text>SWITZERLAND</text>
    <type>Flinn-Engdahl region</type>
  </description>
  <origin publicID="quakeml:eu.emsc/event/20000326_0000003/origin/1456542">
    <time>
      <value>2000-03-26T05:13:30.0Z</value>
      <uncertainty>0.08</uncertainty>
    </time>
    <latitude>
      <value>46.3199</value>
      <uncertainty>2</uncertainty>
    </latitude>
    <longitude>
      <value>7.3614</value>
      <uncertainty>1.6</uncertainty>
    </longitude>
    <depth>
      <value>2000</value>
    </depth>
    <depthType>from location</depthType>
    <methodID>smi:eu.emsc-csem/origin_method/NA</methodID>
    <quality>
      <usedPhaseCount>171</usedPhaseCount>
      <usedStationCount>102</usedStationCount>
      <standardError>1.11</standardError>
      <azimuthalGap>31</azimuthalGap>
      <minimumDistance>0.1</minimumDistance>
      <maximumDistance>7.5</maximumDistance>
    </quality>
    <evaluationMode>manual</evaluationMode>
    <creationInfo>
      <agencyURI>smi:smi-registry/organization/EMSC</agencyURI>
      <authorURI>smi:smi-registry/organization/EMSC</authorURI>
    </creationInfo>
    <originUncertainty>
      <azimuthMaxHorizontalUncertainty>136</azimuthMaxHorizontalUncertainty>
    </originUncertainty>
  </origin>
  <magnitude publicID="quakeml:eu.emsc/event/20000326_0000003/origin/1456542/mag/1">
    <mag>
      <value>3.1</value>
      <uncertainty>0.3</uncertainty>
    </mag>
    <type>ML</type>
    <originID>quakeml:eu.emsc/event/20000326_0000003/origin/1456542</originID>
    <stationCount>24</stationCount>
    <creationInfo>
      <agencyURI>smi:smi-registry/organization/EMSC</agencyURI>
      <authorURI>smi:smi-registry/organization/EMSC</authorURI>
    </creationInfo>
  </magnitude>
</event>
<event publicID="quakeml:eu.emsc/event/20000326_0000017">
  <preferredOriginID>quakeml:eu.emsc/event/20000326_0000017/origin/1446807</preferredOriginID>
  <preferredMagnitudeID>quakeml:eu.emsc/event/20000326_0000017/origin/1446807/mag/2</preferredMagnitudeID>
  <creationInfo>
    <agencyURI>smi:smi-registry/organization/EMSC</agencyURI>
    <authorURI>smi:smi-registry/organization/EMSC</authorURI>
    <creationTime>2014-12-10T13:08:31.516703Z</creationTime>
  </creationInfo>
  <description>
    <text>FRANCE</text>
    <type>Flinn-Engdahl region</type>
  </description>
  <origin publicID="quakeml:eu.emsc/event/20000326_0000017/origin/1446807">
    <time>
      <value>2000-03-26T04:40:50.5Z</value>
    </time>
    <latitude>
      <value>45.416</value>
      <uncertainty>9999.9</uncertainty>
    </latitude>
    <longitude>
      <value>6.5007</value>
      <uncertainty>9999.9</uncertainty>
    </longitude>
    <depth>
      <value>2000</value>
    </depth>
    <depthType>from location</depthType>
    <methodID>smi:eu.emsc-csem/origin_method/NA</methodID>
    <quality>
      <usedPhaseCount>27</usedPhaseCount>
      <usedStationCount>14</usedStationCount>
      <standardError>1.7</standardError>
      <azimuthalGap>91</azimuthalGap>
      <minimumDistance>0.19</minimumDistance>
      <maximumDistance>3.12</maximumDistance>
    </quality>
    <evaluationMode>manual</evaluationMode>
    <creationInfo>
      <agencyURI>smi:smi-registry/organization/EMSC</agencyURI>
      <authorURI>smi:smi-registry/organization/EMSC</authorURI>
    </creationInfo>
    <originUncertainty>
      <azimuthMaxHorizontalUncertainty>-99</azimuthMaxHorizontalUncertainty>
    </originUncertainty>
  </origin>
  <magnitude publicID="quakeml:eu.emsc/event/20000326_0000017/origin/1446807/mag/2">
    <mag>
      <value>2</value>
      <uncertainty>0.2</uncertainty>
    </mag>
    <type>ML</type>
    <originID>quakeml:eu.emsc/event/20000326_0000017/origin/1446807</originID>
    <stationCount>11</stationCount>
    <creationInfo>
      <agencyURI>smi:smi-registry/organization/EMSC</agencyURI>
      <authorURI>smi:smi-registry/organization/EMSC</authorURI>
    </creationInfo>
  </magnitude>
</event>
<event publicID="quakeml:eu.emsc/event/20000326_0000005">
  <preferredOriginID>quakeml:eu.emsc/event/20000326_0000005/origin/1446809</preferredOriginID>
  <preferredMagnitudeID>quakeml:eu.emsc/event/20000326_0000005/origin/1446809/mag/2</preferredMagnitudeID>
  <creationInfo>
    <agencyURI>smi:smi-registry/organization/EMSC</agencyURI>
    <authorURI>smi:smi-registry/organization/EMSC</authorURI>
    <creationTime>2014-12-10T08:45:33.866405Z</creationTime>
  </creationInfo>
  <description>
    <text>SOUTHERN GREECE</text>
    <type>Flinn-Engdahl region</type>
  </description>
  <origin publicID="quakeml:eu.emsc/event/20000326_0000005/origin/1446809">
    <time>
      <value>2000-03-26T03:08:17.9Z</value>
    </time>
    <latitude>
      <value>37.25</value>
      <uncertainty>9999.9</uncertainty>
    </latitude>
    <longitude>
      <value>21.07</value>
      <uncertainty>9999.9</uncertainty>
    </longitude>
    <depth>
      <value>5000</value>
    </depth>
    <depthType>from location</depthType>
    <methodID>smi:eu.emsc-csem/origin_method/NA</methodID>
    <quality>
      <usedPhaseCount>8</usedPhaseCount>
      <usedStationCount>7</usedStationCount>
      <standardError>2.32</standardError>
      <azimuthalGap>216</azimuthalGap>
      <minimumDistance>0.69</minimumDistance>
      <maximumDistance>2.65</maximumDistance>
    </quality>
    <evaluationMode>manual</evaluationMode>
    <creationInfo>
      <agencyURI>smi:smi-registry/organization/EMSC</agencyURI>
      <authorURI>smi:smi-registry/organization/EMSC</authorURI>
    </creationInfo>
    <originUncertainty>
      <azimuthMaxHorizontalUncertainty>-99</azimuthMaxHorizontalUncertainty>
    </originUncertainty>
  </origin>
  <magnitude publicID="quakeml:eu.emsc/event/20000326_0000005/origin/1446809/mag/2">
    <mag>
      <value>3.1</value>
    </mag>
    <type>MD</type>
    <originID>quakeml:eu.emsc/event/20000326_0000005/origin/1446809</originID>
    <creationInfo>
      <agencyURI>smi:smi-registry/organization/EMSC</agencyURI>
      <authorURI>smi:smi-registry/organization/EMSC</authorURI>
    </creationInfo>
  </magnitude>
</event>
<event publicID="quakeml:eu.emsc/event/20000326_0000004">
  <preferredOriginID>quakeml:eu.emsc/event/20000326_0000004/origin/1446811</preferredOriginID>
  <preferredMagnitudeID>quakeml:eu.emsc/event/20000326_0000004/origin/1446811/mag/2</preferredMagnitudeID>
  <creationInfo>
    <agencyURI>smi:smi-registry/organization/EMSC</agencyURI>
    <authorURI>smi:smi-registry/organization/EMSC</authorURI>
    <creationTime>2014-12-10T08:45:29.914416Z</creationTime>
  </creationInfo>
  <description>
    <text>WESTERN TURKEY</text>
    <type>Flinn-Engdahl region</type>
  </description>
  <origin publicID="quakeml:eu.emsc/event/20000326_0000004/origin/1446811">
    <time>
      <value>2000-03-26T00:55:07.1Z</value>
    </time>
    <latitude>
      <value>38.835</value>
      <uncertainty>9999.9</uncertainty>
    </latitude>
    <longitude>
      <value>27.301</value>
      <uncertainty>9999.9</uncertainty>
    </longitude>
    <depth>
      <value>10000</value>
    </depth>
    <depthType>from location</depthType>
    <methodID>smi:eu.emsc-csem/origin_method/NA</methodID>
    <quality>
      <usedPhaseCount>6</usedPhaseCount>
      <usedStationCount>5</usedStationCount>
      <standardError>1.13</standardError>
      <azimuthalGap>191</azimuthalGap>
      <minimumDistance>0.44</minimumDistance>
      <maximumDistance>2.35</maximumDistance>
    </quality>
    <evaluationMode>manual</evaluationMode>
    <creationInfo>
      <agencyURI>smi:smi-registry/organization/EMSC</agencyURI>
      <authorURI>smi:smi-registry/organization/EMSC</authorURI>
    </creationInfo>
    <originUncertainty>
      <azimuthMaxHorizontalUncertainty>-99</azimuthMaxHorizontalUncertainty>
    </originUncertainty>
  </origin>
  <magnitude publicID="quakeml:eu.emsc/event/20000326_0000004/origin/1446811/mag/2">
    <mag>
      <value>2.9</value>
    </mag>
    <type>MD</type>
    <originID>quakeml:eu.emsc/event/20000326_0000004/origin/1446811</originID>
    <creationInfo>
      <agencyURI>smi:smi-registry/organization/EMSC</agencyURI>
      <authorURI>smi:smi-registry/organization/EMSC</authorURI>
    </creationInfo>
  </magnitude>
</event>
<event publicID="quakeml:eu.emsc/event/20000326_0000002">
  <preferredOriginID>quakeml:eu.emsc/event/20000326_0000002/origin/1456546</preferredOriginID>
  <preferredMagnitudeID>quakeml:eu.emsc/event/20000326_0000002/origin/1456546/mag/2</preferredMagnitudeID>
  <creationInfo>
    <agencyURI>smi:smi-registry/organization/EMSC</agencyURI>
    <authorURI>smi:smi-registry/organization/EMSC</authorURI>
    <creationTime>2014-12-03T11:13:21.842195Z</creationTime>
  </creationInfo>
  <description>
    <text>CRETE, GREECE</text>
    <type>Flinn-Engdahl region</type>
  </description>
  <origin publicID="quakeml:eu.emsc/event/20000326_0000002/origin/1456546">
    <time>
      <value>2000-03-26T00:08:59.5Z</value>
      <uncertainty>0.32</uncertainty>
    </time>
    <latitude>
      <value>34.5006</value>
      <uncertainty>12.4</uncertainty>
    </latitude>
    <longitude>
      <value>24.3264</value>
      <uncertainty>5</uncertainty>
    </longitude>
    <depth>
      <value>80000</value>
    </depth>
    <depthType>from location</depthType>
    <methodID>smi:eu.emsc-csem/origin_method/NA</methodID>
    <quality>
      <usedPhaseCount>23</usedPhaseCount>
      <usedStationCount>22</usedStationCount>
      <standardError>0.79</standardError>
      <azimuthalGap>196</azimuthalGap>
      <minimumDistance>1.3</minimumDistance>
      <maximumDistance>35.09</maximumDistance>
    </quality>
    <evaluationMode>manual</evaluationMode>
    <creationInfo>
      <agencyURI>smi:smi-registry/organization/EMSC</agencyURI>
      <authorURI>smi:smi-registry/organization/EMSC</authorURI>
    </creationInfo>
    <originUncertainty>
      <azimuthMaxHorizontalUncertainty>50</azimuthMaxHorizontalUncertainty>
    </originUncertainty>
  </origin>
  <magnitude publicID="quakeml:eu.emsc/event/20000326_0000002/origin/1456546/mag/2">
    <mag>
      <value>3.6</value>
    </mag>
    <type>MD</type>
    <originID>quakeml:eu.emsc/event/20000326_0000002/origin/1456546</originID>
    <creationInfo>
      <agencyURI>smi:smi-registry/organization/EMSC</agencyURI>
      <authorURI>smi:smi-registry/organization/EMSC</authorURI>
    </creationInfo>
  </magnitude>
</event>
</eventParameters>
</q:quakeml>
