<?xml version="1.0"?>
<q:quakeml xmlns:q="http://quakeml.org/xmlns/quakeml/1.2"  xmlns="http://quakeml.org/xmlns/bed/1.2">
<eventParameters publicID="smi:eu.emsc/unid">
<event publicID="quakeml:eu.emsc/event/20000922_0000013">
  <preferredOriginID>quakeml:eu.emsc/event/20000922_0000013/origin/1449721</preferredOriginID>
  <preferredMagnitudeID>quakeml:eu.emsc/event/20000922_0000013/origin/1449721/mag/1</preferredMagnitudeID>
  <creationInfo>
    <agencyURI>smi:smi-registry/organization/EMSC</agencyURI>
    <authorURI>smi:smi-registry/organization/EMSC</authorURI>
    <creationTime>2014-12-03T16:00:37.227221Z</creationTime>
  </creationInfo>
  <description>
    <text>FRANCE</text>
    <type>Flinn-Engdahl region</type>
  </description>
  <origin publicID="quakeml:eu.emsc/event/20000922_0000013/origin/1449721">
    <time>
      <value>2000-09-22T23:39:39.5Z</value>
      <uncertainty>0.3</uncertainty>
    </time>
    <latitude>
      <value>46.1526</value>
      <uncertainty>7.7</uncertainty>
    </latitude>
    <longitude>
      <value>6.3431</value>
      <uncertainty>3.4</uncertainty>
    </longitude>
    <depth>
      <value>10000</value>
    </depth>
    <depthType>from location</depthType>
    <methodID>smi:eu.emsc-csem/origin_method/NA</methodID>
    <quality>
      <usedPhaseCount>24</usedPhaseCount>
      <usedStationCount>12</usedStationCount>
      <standardError>1</standardError>
      <azimuthalGap>144</azimuthalGap>
      <minimumDistance>0.49</minimumDistance>
      <maximumDistance>2.16</maximumDistance>
    </quality>
    <evaluationMode>manual</evaluationMode>
    <creationInfo>
      <agencyURI>smi:smi-registry/organization/EMSC</agencyURI>
      <authorURI>smi:smi-registry/organization/EMSC</authorURI>
    </creationInfo>
    <originUncertainty>
      <azimuthMaxHorizontalUncertainty>54</azimuthMaxHorizontalUncertainty>
    </originUncertainty>
  </origin>
  <magnitude publicID="quakeml:eu.emsc/event/20000922_0000013/origin/1449721/mag/1">
    <mag>
      <value>1.8</value>
      <uncertainty>0.3</uncertainty>
    </mag>
    <type>ML</type>
    <originID>quakeml:eu.emsc/event/20000922_0000013/origin/1449721</originID>
    <stationCount>10</stationCount>
    <creationInfo>
      <agencyURI>smi:smi-registry/organization/EMSC</agencyURI>
      <authorURI>smi:smi-registry/organization/EMSC</authorURI>
    </creationInfo>
  </magnitude>
</event>
<event publicID="quakeml:eu.emsc/event/20000922_0000006">
  <preferredOriginID>quakeml:eu.emsc/event/20000922_0000006/origin/1443605</preferredOriginID>
  <preferredMagnitudeID>quakeml:eu.emsc/event/20000922_0000006/origin/1443605/mag/2</preferredMagnitudeID>
  <creationInfo>
    <agencyURI>smi:smi-registry/organization/EMSC</agencyURI>
    <authorURI>smi:smi-registry/organization/EMSC</authorURI>
    <creationTime>2014-12-10T10:19:16.607638Z</creationTime>
  </creationInfo>
  <description>
    <text>CRETE, GREECE</text>
    <type>Flinn-Engdahl region</type>
  </description>
  <origin publicID="quakeml:eu.emsc/event/20000922_0000006/origin/1443605">
    <time>
      <value>2000-09-22T20:17:00.1Z</value>
    </time>
    <latitude>
      <value>34.8</value>
      <uncertainty>9999.9</uncertainty>
    </latitude>
    <longitude>
      <value>25.34</value>
      <uncertainty>9999.9</uncertainty>
    </longitude>
    <depth>
      <value>5000</value>
    </depth>
    <depthType>from location</depthType>
    <methodID>smi:eu.emsc-csem/origin_method/NA</methodID>
    <quality>
      <usedPhaseCount>5</usedPhaseCount>
      <usedStationCount>4</usedStationCount>
      <standardError>1.52</standardError>
      <azimuthalGap>227</azimuthalGap>
      <minimumDistance>0.3</minimumDistance>
      <maximumDistance>1.68</maximumDistance>
    </quality>
    <evaluationMode>manual</evaluationMode>
    <creationInfo>
      <agencyURI>smi:smi-registry/organization/EMSC</agencyURI>
      <authorURI>smi:smi-registry/organization/EMSC</authorURI>
    </creationInfo>
    <originUncertainty>
      <azimuthMaxHorizontalUncertainty>-99</azimuthMaxHorizontalUncertainty>
    </originUncertainty>
  </origin>
  <magnitude publicID="quakeml:eu.emsc/event/20000922_0000006/origin/1443605/mag/2">
    <mag>
      <value>3.6</value>
    </mag>
    <type>MD</type>
    <originID>quakeml:eu.emsc/event/20000922_0000006/origin/1443605</originID>
    <creationInfo>
      <agencyURI>smi:smi-registry/organization/EMSC</agencyURI>
      <authorURI>smi:smi-registry/organization/EMSC</authorURI>
    </creationInfo>
  </magnitude>
</event>
<event publicID="quakeml:eu.emsc/event/20000922_0000012">
  <preferredOriginID>quakeml:eu.emsc/event/20000922_0000012/origin/1449725</preferredOriginID>
  <preferredMagnitudeID>quakeml:eu.emsc/event/20000922_0000012/origin/1449725/mag/1</preferredMagnitudeID>
  <creationInfo>
    <agencyURI>smi:smi-registry/organization/EMSC</agencyURI>
    <authorURI>smi:smi-registry/organization/EMSC</authorURI>
    <creationTime>2014-12-03T15:58:38.95092Z</creationTime>
  </creationInfo>
  <description>
    <text>FRANCE-GERMANY BORDER REGION</text>
    <type>Flinn-Engdahl region</type>
  </description>
  <origin publicID="quakeml:eu.emsc/event/20000922_0000012/origin/1449725">
    <time>
      <value>2000-09-22T20:12:47.7Z</value>
      <uncertainty>0.15</uncertainty>
    </time>
    <latitude>
      <value>47.9834</value>
      <uncertainty>3.7</uncertainty>
    </latitude>
    <longitude>
      <value>7.751</value>
      <uncertainty>2.5</uncertainty>
    </longitude>
    <depth>
      <value>20000</value>
    </depth>
    <depthType>from location</depthType>
    <methodID>smi:eu.emsc-csem/origin_method/NA</methodID>
    <quality>
      <usedPhaseCount>20</usedPhaseCount>
      <usedStationCount>13</usedStationCount>
      <standardError>0.91</standardError>
      <azimuthalGap>79</azimuthalGap>
      <minimumDistance>0.2</minimumDistance>
      <maximumDistance>2.98</maximumDistance>
    </quality>
    <evaluationMode>manual</evaluationMode>
    <creationInfo>
      <agencyURI>smi:smi-registry/organization/EMSC</agencyURI>
      <authorURI>smi:smi-registry/organization/EMSC</authorURI>
    </creationInfo>
    <originUncertainty>
      <azimuthMaxHorizontalUncertainty>172</azimuthMaxHorizontalUncertainty>
    </originUncertainty>
  </origin>
  <magnitude publicID="quakeml:eu.emsc/event/20000922_0000012/origin/1449725/mag/1">
    <mag>
      <value>1.8</value>
      <uncertainty>0.2</uncertainty>
    </mag>
    <type>ML</type>
    <originID>quakeml:eu.emsc/event/20000922_0000012/origin/1449725</originID>
    <stationCount>4</stationCount>
    <creationInfo>
      <agencyURI>smi:smi-registry/organization/EMSC</agencyURI>
      <authorURI>smi:smi-registry/organization/EMSC</authorURI>
    </creationInfo>
  </magnitude>
</event>
<event publicID="quakeml:eu.emsc/event/20000922_0000014">
  <preferredOriginID>quakeml:eu.emsc/event/20000922_0000014/origin/1449729</preferredOriginID>
  <preferredMagnitudeID>quakeml:eu.emsc/event/20000922_0000014/origin/1449729/mag/1</preferredMagnitudeID>
  <creationInfo>
    <agencyURI>smi:smi-registry/organization/EMSC</agencyURI>
    <authorURI>smi:smi-registry/organization/EMSC</authorURI>
    <creationTime>2014-12-03T16:11:52.470387Z</creationTime>
  </creationInfo>
  <description>
    <text>PYRENEES</text>
    <type>Flinn-Engdahl region</type>
  </description>
  <origin publicID="quakeml:eu.emsc/event/20000922_0000014/origin/1449729">
    <time>
      <value>2000-09-22T15:35:05.0Z</value>
      <uncertainty>0.18</uncertainty>
    </time>
    <latitude>
      <value>42.8536</value>
      <uncertainty>4.4</uncertainty>
    </latitude>
    <longitude>
      <value>1.8269</value>
      <uncertainty>2.9</uncertainty>
    </longitude>
    <depth>
      <value>12000</value>
    </depth>
    <depthType>from location</depthType>
    <methodID>smi:eu.emsc-csem/origin_method/NA</methodID>
    <quality>
      <usedPhaseCount>24</usedPhaseCount>
      <usedStationCount>13</usedStationCount>
      <standardError>0.82</standardError>
      <azimuthalGap>110</azimuthalGap>
      <minimumDistance>0.11</minimumDistance>
      <maximumDistance>5.4</maximumDistance>
    </quality>
    <evaluationMode>manual</evaluationMode>
    <creationInfo>
      <agencyURI>smi:smi-registry/organization/EMSC</agencyURI>
      <authorURI>smi:smi-registry/organization/EMSC</authorURI>
    </creationInfo>
    <originUncertainty>
      <azimuthMaxHorizontalUncertainty>162</azimuthMaxHorizontalUncertainty>
    </originUncertainty>
  </origin>
  <magnitude publicID="quakeml:eu.emsc/event/20000922_0000014/origin/1449729/mag/1">
    <mag>
      <value>2.1</value>
      <uncertainty>0.3</uncertainty>
    </mag>
    <type>ML</type>
    <originID>quakeml:eu.emsc/event/20000922_0000014/origin/1449729</originID>
    <stationCount>7</stationCount>
    <creationInfo>
      <agencyURI>smi:smi-registry/organization/EMSC</agencyURI>
      <authorURI>smi:smi-registry/organization/EMSC</authorURI>
    </creationInfo>
  </magnitude>
</event>
<event publicID="quakeml:eu.emsc/event/20000922_0000005">
  <preferredOriginID>quakeml:eu.emsc/event/20000922_0000005/origin/1450279</preferredOriginID>
  <preferredMagnitudeID>quakeml:eu.emsc/event/20000922_0000005/origin/1450279/mag/2</preferredMagnitudeID>
  <creationInfo>
    <agencyURI>smi:smi-registry/organization/EMSC</agencyURI>
    <authorURI>smi:smi-registry/organization/EMSC</authorURI>
    <creationTime>2014-12-03T12:14:37.923687Z</creationTime>
  </creationInfo>
  <description>
    <text>DODECANESE ISLANDS, GREECE</text>
    <type>Flinn-Engdahl region</type>
  </description>
  <origin publicID="quakeml:eu.emsc/event/20000922_0000005/origin/1450279">
    <time>
      <value>2000-09-22T14:50:59.9Z</value>
      <uncertainty>0.18</uncertainty>
    </time>
    <latitude>
      <value>35.299</value>
      <uncertainty>8.3</uncertainty>
    </latitude>
    <longitude>
      <value>27.2828</value>
      <uncertainty>4.3</uncertainty>
    </longitude>
    <depth>
      <value>30000</value>
    </depth>
    <depthType>from location</depthType>
    <methodID>smi:eu.emsc-csem/origin_method/NA</methodID>
    <quality>
      <usedPhaseCount>10</usedPhaseCount>
      <usedStationCount>10</usedStationCount>
      <standardError>0.43</standardError>
      <azimuthalGap>127</azimuthalGap>
      <minimumDistance>1.37</minimumDistance>
      <maximumDistance>7.18</maximumDistance>
    </quality>
    <evaluationMode>manual</evaluationMode>
    <creationInfo>
      <agencyURI>smi:smi-registry/organization/EMSC</agencyURI>
      <authorURI>smi:smi-registry/organization/EMSC</authorURI>
    </creationInfo>
    <originUncertainty>
      <azimuthMaxHorizontalUncertainty>36</azimuthMaxHorizontalUncertainty>
    </originUncertainty>
  </origin>
  <magnitude publicID="quakeml:eu.emsc/event/20000922_0000005/origin/1450279/mag/2">
    <mag>
      <value>4</value>
    </mag>
    <type>MD</type>
    <originID>quakeml:eu.emsc/event/20000922_0000005/origin/1450279</originID>
    <creationInfo>
      <agencyURI>smi:smi-registry/organization/EMSC</agencyURI>
      <authorURI>smi:smi-registry/organization/EMSC</authorURI>
    </creationInfo>
  </magnitude>
</event>
<event publicID="quakeml:eu.emsc/event/20000922_0000009">
  <preferredOriginID>quakeml:eu.emsc/event/20000922_0000009/origin/1443607</preferredOriginID>
  <preferredMagnitudeID>quakeml:eu.emsc/event/20000922_0000009/origin/1443607/mag/2</preferredMagnitudeID>
  <creationInfo>
    <agencyURI>smi:smi-registry/organization/EMSC</agencyURI>
    <authorURI>smi:smi-registry/organization/EMSC</authorURI>
    <creationTime>2014-12-10T13:13:50.570251Z</creationTime>
  </creationInfo>
  <description>
    <text>GERMANY</text>
    <type>Flinn-Engdahl region</type>
  </description>
  <origin publicID="quakeml:eu.emsc/event/20000922_0000009/origin/1443607">
    <time>
      <value>2000-09-22T11:07:28.5Z</value>
    </time>
    <latitude>
      <value>51.16</value>
      <uncertainty>9999.9</uncertainty>
    </latitude>
    <longitude>
      <value>9.28</value>
      <uncertainty>9999.9</uncertainty>
    </longitude>
    <depth>
      <value>0</value>
    </depth>
    <depthType>from location</depthType>
    <methodID>smi:eu.emsc-csem/origin_method/NA</methodID>
    <quality>
      <usedPhaseCount>11</usedPhaseCount>
      <usedStationCount>6</usedStationCount>
      <standardError>0.67</standardError>
      <azimuthalGap>83</azimuthalGap>
      <minimumDistance>0.97</minimumDistance>
      <maximumDistance>1.92</maximumDistance>
    </quality>
    <evaluationMode>manual</evaluationMode>
    <creationInfo>
      <agencyURI>smi:smi-registry/organization/EMSC</agencyURI>
      <authorURI>smi:smi-registry/organization/EMSC</authorURI>
    </creationInfo>
    <originUncertainty>
      <azimuthMaxHorizontalUncertainty>-99</azimuthMaxHorizontalUncertainty>
    </originUncertainty>
  </origin>
  <magnitude publicID="quakeml:eu.emsc/event/20000922_0000009/origin/1443607/mag/2">
    <mag>
      <value>1.8</value>
    </mag>
    <type>ML</type>
    <originID>quakeml:eu.emsc/event/20000922_0000009/origin/1443607</originID>
    <creationInfo>
      <agencyURI>smi:smi-registry/organization/EMSC</agencyURI>
      <authorURI>smi:smi-registry/organization/EMSC</authorURI>
    </creationInfo>
  </magnitude>
</event>
<event publicID="quakeml:eu.emsc/event/20000922_0000003">
  <preferredOriginID>quakeml:eu.emsc/event/20000922_0000003/origin/1450282</preferredOriginID>
  <preferredMagnitudeID>quakeml:eu.emsc/event/20000922_0000003/origin/1450282/mag/2</preferredMagnitudeID>
  <creationInfo>
    <agencyURI>smi:smi-registry/organization/EMSC</agencyURI>
    <authorURI>smi:smi-registry/organization/EMSC</authorURI>
    <creationTime>2014-12-03T11:04:14.357646Z</creationTime>
  </creationInfo>
  <description>
    <text>CENTRAL TURKEY</text>
    <type>Flinn-Engdahl region</type>
  </description>
  <origin publicID="quakeml:eu.emsc/event/20000922_0000003/origin/1450282">
    <time>
      <value>2000-09-22T10:41:54.9Z</value>
      <uncertainty>0.28</uncertainty>
    </time>
    <latitude>
      <value>37.0297</value>
      <uncertainty>8.6</uncertainty>
    </latitude>
    <longitude>
      <value>33.0856</value>
      <uncertainty>4.1</uncertainty>
    </longitude>
    <depth>
      <value>2000</value>
    </depth>
    <depthType>from location</depthType>
    <methodID>smi:eu.emsc-csem/origin_method/NA</methodID>
    <quality>
      <usedPhaseCount>15</usedPhaseCount>
      <usedStationCount>13</usedStationCount>
      <standardError>0.67</standardError>
      <azimuthalGap>177</azimuthalGap>
      <minimumDistance>0.93</minimumDistance>
      <maximumDistance>2.62</maximumDistance>
    </quality>
    <evaluationMode>manual</evaluationMode>
    <creationInfo>
      <agencyURI>smi:smi-registry/organization/EMSC</agencyURI>
      <authorURI>smi:smi-registry/organization/EMSC</authorURI>
    </creationInfo>
    <originUncertainty>
      <azimuthMaxHorizontalUncertainty>40</azimuthMaxHorizontalUncertainty>
    </originUncertainty>
  </origin>
  <magnitude publicID="quakeml:eu.emsc/event/20000922_0000003/origin/1450282/mag/2">
    <mag>
      <value>3.8</value>
    </mag>
    <type>MD</type>
    <originID>quakeml:eu.emsc/event/20000922_0000003/origin/1450282</originID>
    <creationInfo>
      <agencyURI>smi:smi-registry/organization/EMSC</agencyURI>
      <authorURI>smi:smi-registry/organization/EMSC</authorURI>
    </creationInfo>
  </magnitude>
</event>
<event publicID="quakeml:eu.emsc/event/20000922_0000008">
  <preferredOriginID>quakeml:eu.emsc/event/20000922_0000008/origin/1449732</preferredOriginID>
  <preferredMagnitudeID>quakeml:eu.emsc/event/20000922_0000008/origin/1449732/mag/2</preferredMagnitudeID>
  <creationInfo>
    <agencyURI>smi:smi-registry/organization/EMSC</agencyURI>
    <authorURI>smi:smi-registry/organization/EMSC</authorURI>
    <creationTime>2014-12-03T15:23:14.189011Z</creationTime>
  </creationInfo>
  <description>
    <text>GERMANY</text>
    <type>Flinn-Engdahl region</type>
  </description>
  <origin publicID="quakeml:eu.emsc/event/20000922_0000008/origin/1449732">
    <time>
      <value>2000-09-22T07:32:24.1Z</value>
      <uncertainty>0.12</uncertainty>
    </time>
    <latitude>
      <value>48.3127</value>
      <uncertainty>2.6</uncertainty>
    </latitude>
    <longitude>
      <value>9.233</value>
      <uncertainty>1.9</uncertainty>
    </longitude>
    <depth>
      <value>20000</value>
    </depth>
    <depthType>from location</depthType>
    <methodID>smi:eu.emsc-csem/origin_method/NA</methodID>
    <quality>
      <usedPhaseCount>51</usedPhaseCount>
      <usedStationCount>26</usedStationCount>
      <standardError>0.84</standardError>
      <azimuthalGap>61</azimuthalGap>
      <minimumDistance>0.25</minimumDistance>
      <maximumDistance>3.01</maximumDistance>
    </quality>
    <evaluationMode>manual</evaluationMode>
    <creationInfo>
      <agencyURI>smi:smi-registry/organization/EMSC</agencyURI>
      <authorURI>smi:smi-registry/organization/EMSC</authorURI>
    </creationInfo>
    <originUncertainty>
      <azimuthMaxHorizontalUncertainty>144</azimuthMaxHorizontalUncertainty>
    </originUncertainty>
  </origin>
  <magnitude publicID="quakeml:eu.emsc/event/20000922_0000008/origin/1449732/mag/2">
    <mag>
      <value>2.2</value>
    </mag>
    <type>ML</type>
    <originID>quakeml:eu.emsc/event/20000922_0000008/origin/1449732</originID>
    <creationInfo>
      <agencyURI>smi:smi-registry/organization/EMSC</agencyURI>
      <authorURI>smi:smi-registry/organization/EMSC</authorURI>
    </creationInfo>
  </magnitude>
</event>
<event publicID="quakeml:eu.emsc/event/20000922_0000011">
  <preferredOriginID>quakeml:eu.emsc/event/20000922_0000011/origin/1447803</preferredOriginID>
  <preferredMagnitudeID>quakeml:eu.emsc/event/20000922_0000011/origin/1447803/mag/2</preferredMagnitudeID>
  <creationInfo>
    <agencyURI>smi:smi-registry/organization/EMSC</agencyURI>
    <authorURI>smi:smi-registry/organization/EMSC</authorURI>
    <creationTime>2014-12-10T13:13:50.91569Z</creationTime>
  </creationInfo>
  <description>
    <text>GERMANY</text>
    <type>Flinn-Engdahl region</type>
  </description>
  <origin publicID="quakeml:eu.emsc/event/20000922_0000011/origin/1447803">
    <time>
      <value>2000-09-22T06:37:17.4Z</value>
    </time>
    <latitude>
      <value>48.3</value>
      <uncertainty>9999.9</uncertainty>
    </latitude>
    <longitude>
      <value>9.24</value>
      <uncertainty>9999.9</uncertainty>
    </longitude>
    <depth>
      <value>12000</value>
    </depth>
    <depthType>from location</depthType>
    <methodID>smi:eu.emsc-csem/origin_method/NA</methodID>
    <quality>
      <usedPhaseCount>15</usedPhaseCount>
      <usedStationCount>9</usedStationCount>
      <standardError>0.57</standardError>
      <azimuthalGap>134</azimuthalGap>
      <minimumDistance>0.24</minimumDistance>
      <maximumDistance>1.26</maximumDistance>
    </quality>
    <evaluationMode>manual</evaluationMode>
    <creationInfo>
      <agencyURI>smi:smi-registry/organization/EMSC</agencyURI>
      <authorURI>smi:smi-registry/organization/EMSC</authorURI>
    </creationInfo>
    <originUncertainty>
      <azimuthMaxHorizontalUncertainty>-99</azimuthMaxHorizontalUncertainty>
    </originUncertainty>
  </origin>
  <magnitude publicID="quakeml:eu.emsc/event/20000922_0000011/origin/1447803/mag/2">
    <mag>
      <value>1.8</value>
    </mag>
    <type>ML</type>
    <originID>quakeml:eu.emsc/event/20000922_0000011/origin/1447803</originID>
    <creationInfo>
      <agencyURI>smi:smi-registry/organization/EMSC</agencyURI>
      <authorURI>smi:smi-registry/organization/EMSC</authorURI>
    </creationInfo>
  </magnitude>
</event>
<event publicID="quakeml:eu.emsc/event/20000922_0000002">
  <preferredOriginID>quakeml:eu.emsc/event/20000922_0000002/origin/1450285</preferredOriginID>
  <preferredMagnitudeID>quakeml:eu.emsc/event/20000922_0000002/origin/1450285/mag/2</preferredMagnitudeID>
  <creationInfo>
    <agencyURI>smi:smi-registry/organization/EMSC</agencyURI>
    <authorURI>smi:smi-registry/organization/EMSC</authorURI>
    <creationTime>2014-12-03T10:39:35.744061Z</creationTime>
  </creationInfo>
  <description>
    <text>GREECE</text>
    <type>Flinn-Engdahl region</type>
  </description>
  <origin publicID="quakeml:eu.emsc/event/20000922_0000002/origin/1450285">
    <time>
      <value>2000-09-22T04:37:27.0Z</value>
      <uncertainty>0.66</uncertainty>
    </time>
    <latitude>
      <value>38.0446</value>
      <uncertainty>19.5</uncertainty>
    </latitude>
    <longitude>
      <value>20.2941</value>
      <uncertainty>7</uncertainty>
    </longitude>
    <depth>
      <value>20000</value>
    </depth>
    <depthType>from location</depthType>
    <methodID>smi:eu.emsc-csem/origin_method/NA</methodID>
    <quality>
      <usedPhaseCount>27</usedPhaseCount>
      <usedStationCount>24</usedStationCount>
      <standardError>1.31</standardError>
      <azimuthalGap>215</azimuthalGap>
      <minimumDistance>1.47</minimumDistance>
      <maximumDistance>5.32</maximumDistance>
    </quality>
    <evaluationMode>manual</evaluationMode>
    <creationInfo>
      <agencyURI>smi:smi-registry/organization/EMSC</agencyURI>
      <authorURI>smi:smi-registry/organization/EMSC</authorURI>
    </creationInfo>
    <originUncertainty>
      <azimuthMaxHorizontalUncertainty>51</azimuthMaxHorizontalUncertainty>
    </originUncertainty>
  </origin>
  <magnitude publicID="quakeml:eu.emsc/event/20000922_0000002/origin/1450285/mag/2">
    <mag>
      <value>3.5</value>
    </mag>
    <type>MD</type>
    <originID>quakeml:eu.emsc/event/20000922_0000002/origin/1450285</originID>
    <creationInfo>
      <agencyURI>smi:smi-registry/organization/EMSC</agencyURI>
      <authorURI>smi:smi-registry/organization/EMSC</authorURI>
    </creationInfo>
  </magnitude>
</event>
<event publicID="quakeml:eu.emsc/event/20000922_0000001">
  <preferredOriginID>quakeml:eu.emsc/event/20000922_0000001/origin/1450287</preferredOriginID>
  <preferredMagnitudeID>quakeml:eu.emsc/event/20000922_0000001/origin/1450287/mag/2</preferredMagnitudeID>
  <creationInfo>
    <agencyURI>smi:smi-registry/organization/EMSC</agencyURI>
    <authorURI>smi:smi-registry/organization/EMSC</authorURI>
    <creationTime>2014-12-03T11:52:28.238445Z</creationTime>
  </creationInfo>
  <description>
    <text>CAUCASUS REGION, RUSSIA</text>
    <type>Flinn-Engdahl region</type>
  </description>
  <origin publicID="quakeml:eu.emsc/event/20000922_0000001/origin/1450287">
    <time>
      <value>2000-09-22T02:27:31.4Z</value>
      <uncertainty>0.54</uncertainty>
    </time>
    <latitude>
      <value>43.2235</value>
      <uncertainty>15.6</uncertainty>
    </latitude>
    <longitude>
      <value>47.4104</value>
      <uncertainty>13.7</uncertainty>
    </longitude>
    <depth>
      <value>15000</value>
    </depth>
    <depthType>from location</depthType>
    <methodID>smi:eu.emsc-csem/origin_method/NA</methodID>
    <quality>
      <usedPhaseCount>17</usedPhaseCount>
      <usedStationCount>14</usedStationCount>
      <standardError>1.28</standardError>
      <azimuthalGap>154</azimuthalGap>
      <minimumDistance>2.47</minimumDistance>
      <maximumDistance>58.46</maximumDistance>
    </quality>
    <evaluationMode>manual</evaluationMode>
    <creationInfo>
      <agencyURI>smi:smi-registry/organization/EMSC</agencyURI>
      <authorURI>smi:smi-registry/organization/EMSC</authorURI>
    </creationInfo>
    <originUncertainty>
      <azimuthMaxHorizontalUncertainty>112</azimuthMaxHorizontalUncertainty>
    </originUncertainty>
  </origin>
  <magnitude publicID="quakeml:eu.emsc/event/20000922_0000001/origin/1450287/mag/2">
    <mag>
      <value>4.4</value>
    </mag>
    <type>mb</type>
    <originID>quakeml:eu.emsc/event/20000922_0000001/origin/1450287</originID>
    <stationCount>2</stationCount>
    <creationInfo>
      <agencyURI>smi:smi-registry/organization/EMSC</agencyURI>
      <authorURI>smi:smi-registry/organization/EMSC</authorURI>
    </creationInfo>
  </magnitude>
</event>
<event publicID="quakeml:eu.emsc/event/20000922_0000010">
  <preferredOriginID>quakeml:eu.emsc/event/20000922_0000010/origin/1449735</preferredOriginID>
  <preferredMagnitudeID>quakeml:eu.emsc/event/20000922_0000010/origin/1449735/mag/1</preferredMagnitudeID>
  <creationInfo>
    <agencyURI>smi:smi-registry/organization/EMSC</agencyURI>
    <authorURI>smi:smi-registry/organization/EMSC</authorURI>
    <creationTime>2014-12-03T15:45:17.19086Z</creationTime>
  </creationInfo>
  <description>
    <text>PYRENEES</text>
    <type>Flinn-Engdahl region</type>
  </description>
  <origin publicID="quakeml:eu.emsc/event/20000922_0000010/origin/1449735">
    <time>
      <value>2000-09-22T00:05:58.1Z</value>
      <uncertainty>0.17</uncertainty>
    </time>
    <latitude>
      <value>42.743</value>
      <uncertainty>3.9</uncertainty>
    </latitude>
    <longitude>
      <value>-0.4009</value>
      <uncertainty>3.2</uncertainty>
    </longitude>
    <depth>
      <value>10000</value>
    </depth>
    <depthType>from location</depthType>
    <methodID>smi:eu.emsc-csem/origin_method/NA</methodID>
    <quality>
      <usedPhaseCount>37</usedPhaseCount>
      <usedStationCount>18</usedStationCount>
      <standardError>1.21</standardError>
      <azimuthalGap>51</azimuthalGap>
      <minimumDistance>0.19</minimumDistance>
      <maximumDistance>4.08</maximumDistance>
    </quality>
    <evaluationMode>manual</evaluationMode>
    <creationInfo>
      <agencyURI>smi:smi-registry/organization/EMSC</agencyURI>
      <authorURI>smi:smi-registry/organization/EMSC</authorURI>
    </creationInfo>
    <originUncertainty>
      <azimuthMaxHorizontalUncertainty>151</azimuthMaxHorizontalUncertainty>
    </originUncertainty>
  </origin>
  <magnitude publicID="quakeml:eu.emsc/event/20000922_0000010/origin/1449735/mag/1">
    <mag>
      <value>2.6</value>
      <uncertainty>0.4</uncertainty>
    </mag>
    <type>ML</type>
    <originID>quakeml:eu.emsc/event/20000922_0000010/origin/1449735</originID>
    <stationCount>17</stationCount>
    <creationInfo>
      <agencyURI>smi:smi-registry/organization/EMSC</agencyURI>
      <authorURI>smi:smi-registry/organization/EMSC</authorURI>
    </creationInfo>
  </magnitude>
</event>
</eventParameters>
</q:quakeml>
