<?xml version="1.0"?>
<q:quakeml xmlns:q="http://quakeml.org/xmlns/quakeml/1.2"  xmlns="http://quakeml.org/xmlns/bed/1.2">
<eventParameters publicID="smi:eu.emsc/unid">
<event publicID="quakeml:eu.emsc/event/20000227_0000002">
  <preferredOriginID>quakeml:eu.emsc/event/20000227_0000002/origin/1457234</preferredOriginID>
  <preferredMagnitudeID>quakeml:eu.emsc/event/20000227_0000002/origin/1457234/mag/2</preferredMagnitudeID>
  <creationInfo>
    <agencyURI>smi:smi-registry/organization/EMSC</agencyURI>
    <authorURI>smi:smi-registry/organization/EMSC</authorURI>
    <creationTime>2014-12-03T11:19:44.763254Z</creationTime>
  </creationInfo>
  <description>
    <text>PYRENEES</text>
    <type>Flinn-Engdahl region</type>
  </description>
  <origin publicID="quakeml:eu.emsc/event/20000227_0000002/origin/1457234">
    <time>
      <value>2000-02-27T15:59:05.1Z</value>
      <uncertainty>0.13</uncertainty>
    </time>
    <latitude>
      <value>43.1447</value>
      <uncertainty>3.4</uncertainty>
    </latitude>
    <longitude>
      <value>-0.6503</value>
      <uncertainty>1.9</uncertainty>
    </longitude>
    <depth>
      <value>15000</value>
    </depth>
    <depthType>from location</depthType>
    <methodID>smi:eu.emsc-csem/origin_method/NA</methodID>
    <quality>
      <usedPhaseCount>22</usedPhaseCount>
      <usedStationCount>15</usedStationCount>
      <standardError>0.51</standardError>
      <azimuthalGap>106</azimuthalGap>
      <minimumDistance>0.07</minimumDistance>
      <maximumDistance>2.72</maximumDistance>
    </quality>
    <evaluationMode>manual</evaluationMode>
    <creationInfo>
      <agencyURI>smi:smi-registry/organization/EMSC</agencyURI>
      <authorURI>smi:smi-registry/organization/EMSC</authorURI>
    </creationInfo>
    <originUncertainty>
      <azimuthMaxHorizontalUncertainty>10</azimuthMaxHorizontalUncertainty>
    </originUncertainty>
  </origin>
  <magnitude publicID="quakeml:eu.emsc/event/20000227_0000002/origin/1457234/mag/2">
    <mag>
      <value>3.2</value>
      <uncertainty>0.4</uncertainty>
    </mag>
    <type>mb</type>
    <originID>quakeml:eu.emsc/event/20000227_0000002/origin/1457234</originID>
    <stationCount>5</stationCount>
    <creationInfo>
      <agencyURI>smi:smi-registry/organization/EMSC</agencyURI>
      <authorURI>smi:smi-registry/organization/EMSC</authorURI>
    </creationInfo>
  </magnitude>
</event>
<event publicID="quakeml:eu.emsc/event/20000227_0000006">
  <preferredOriginID>quakeml:eu.emsc/event/20000227_0000006/origin/1456671</preferredOriginID>
  <preferredMagnitudeID>quakeml:eu.emsc/event/20000227_0000006/origin/1456671/mag/1</preferredMagnitudeID>
  <creationInfo>
    <agencyURI>smi:smi-registry/organization/EMSC</agencyURI>
    <authorURI>smi:smi-registry/organization/EMSC</authorURI>
    <creationTime>2014-12-03T16:06:30.838703Z</creationTime>
  </creationInfo>
  <description>
    <text>NEAR SOUTH COAST OF FRANCE</text>
    <type>Flinn-Engdahl region</type>
  </description>
  <origin publicID="quakeml:eu.emsc/event/20000227_0000006/origin/1456671">
    <time>
      <value>2000-02-27T14:12:18.1Z</value>
      <uncertainty>0.19</uncertainty>
    </time>
    <latitude>
      <value>43.8648</value>
      <uncertainty>3.9</uncertainty>
    </latitude>
    <longitude>
      <value>7.4576</value>
      <uncertainty>2</uncertainty>
    </longitude>
    <depth>
      <value>2000</value>
    </depth>
    <depthType>from location</depthType>
    <methodID>smi:eu.emsc-csem/origin_method/NA</methodID>
    <quality>
      <usedPhaseCount>21</usedPhaseCount>
      <usedStationCount>12</usedStationCount>
      <standardError>0.56</standardError>
      <azimuthalGap>177</azimuthalGap>
      <minimumDistance>0.02</minimumDistance>
      <maximumDistance>1.55</maximumDistance>
    </quality>
    <evaluationMode>manual</evaluationMode>
    <creationInfo>
      <agencyURI>smi:smi-registry/organization/EMSC</agencyURI>
      <authorURI>smi:smi-registry/organization/EMSC</authorURI>
    </creationInfo>
    <originUncertainty>
      <azimuthMaxHorizontalUncertainty>115</azimuthMaxHorizontalUncertainty>
    </originUncertainty>
  </origin>
  <magnitude publicID="quakeml:eu.emsc/event/20000227_0000006/origin/1456671/mag/1">
    <mag>
      <value>1.6</value>
      <uncertainty>0.4</uncertainty>
    </mag>
    <type>ML</type>
    <originID>quakeml:eu.emsc/event/20000227_0000006/origin/1456671</originID>
    <stationCount>5</stationCount>
    <creationInfo>
      <agencyURI>smi:smi-registry/organization/EMSC</agencyURI>
      <authorURI>smi:smi-registry/organization/EMSC</authorURI>
    </creationInfo>
  </magnitude>
</event>
<event publicID="quakeml:eu.emsc/event/20000227_0000001">
  <preferredOriginID>quakeml:eu.emsc/event/20000227_0000001/origin/1457238</preferredOriginID>
  <preferredMagnitudeID>quakeml:eu.emsc/event/20000227_0000001/origin/1457238/mag/1</preferredMagnitudeID>
  <creationInfo>
    <agencyURI>smi:smi-registry/organization/EMSC</agencyURI>
    <authorURI>smi:smi-registry/organization/EMSC</authorURI>
    <creationTime>2014-12-03T11:18:53.493749Z</creationTime>
  </creationInfo>
  <description>
    <text>CROATIA</text>
    <type>Flinn-Engdahl region</type>
  </description>
  <origin publicID="quakeml:eu.emsc/event/20000227_0000001/origin/1457238">
    <time>
      <value>2000-02-27T09:19:59.8Z</value>
      <uncertainty>0.27</uncertainty>
    </time>
    <latitude>
      <value>44.6757</value>
      <uncertainty>5.9</uncertainty>
    </latitude>
    <longitude>
      <value>15.1752</value>
      <uncertainty>4.1</uncertainty>
    </longitude>
    <depth>
      <value>2000</value>
    </depth>
    <depthType>from location</depthType>
    <methodID>smi:eu.emsc-csem/origin_method/NA</methodID>
    <quality>
      <usedPhaseCount>30</usedPhaseCount>
      <usedStationCount>18</usedStationCount>
      <standardError>0.96</standardError>
      <azimuthalGap>121</azimuthalGap>
      <minimumDistance>0.83</minimumDistance>
      <maximumDistance>2.84</maximumDistance>
    </quality>
    <evaluationMode>manual</evaluationMode>
    <creationInfo>
      <agencyURI>smi:smi-registry/organization/EMSC</agencyURI>
      <authorURI>smi:smi-registry/organization/EMSC</authorURI>
    </creationInfo>
    <originUncertainty>
      <azimuthMaxHorizontalUncertainty>107</azimuthMaxHorizontalUncertainty>
    </originUncertainty>
  </origin>
  <magnitude publicID="quakeml:eu.emsc/event/20000227_0000001/origin/1457238/mag/1">
    <mag>
      <value>3.2</value>
      <uncertainty>0.1</uncertainty>
    </mag>
    <type>ML</type>
    <originID>quakeml:eu.emsc/event/20000227_0000001/origin/1457238</originID>
    <stationCount>4</stationCount>
    <creationInfo>
      <agencyURI>smi:smi-registry/organization/EMSC</agencyURI>
      <authorURI>smi:smi-registry/organization/EMSC</authorURI>
    </creationInfo>
  </magnitude>
</event>
<event publicID="quakeml:eu.emsc/event/20000227_0000008">
  <preferredOriginID>quakeml:eu.emsc/event/20000227_0000008/origin/1456675</preferredOriginID>
  <preferredMagnitudeID>quakeml:eu.emsc/event/20000227_0000008/origin/1456675/mag/2</preferredMagnitudeID>
  <creationInfo>
    <agencyURI>smi:smi-registry/organization/EMSC</agencyURI>
    <authorURI>smi:smi-registry/organization/EMSC</authorURI>
    <creationTime>2014-12-03T16:38:39.938485Z</creationTime>
  </creationInfo>
  <description>
    <text>PYRENEES</text>
    <type>Flinn-Engdahl region</type>
  </description>
  <origin publicID="quakeml:eu.emsc/event/20000227_0000008/origin/1456675">
    <time>
      <value>2000-02-27T08:48:54.4Z</value>
      <uncertainty>0.33</uncertainty>
    </time>
    <latitude>
      <value>42.807</value>
      <uncertainty>8.6</uncertainty>
    </latitude>
    <longitude>
      <value>0.8548</value>
      <uncertainty>6.8</uncertainty>
    </longitude>
    <depth>
      <value>2000</value>
    </depth>
    <depthType>from location</depthType>
    <methodID>smi:eu.emsc-csem/origin_method/NA</methodID>
    <quality>
      <usedPhaseCount>9</usedPhaseCount>
      <usedStationCount>4</usedStationCount>
      <standardError>0.86</standardError>
      <azimuthalGap>147</azimuthalGap>
      <minimumDistance>0.1</minimumDistance>
      <maximumDistance>0.73</maximumDistance>
    </quality>
    <evaluationMode>manual</evaluationMode>
    <creationInfo>
      <agencyURI>smi:smi-registry/organization/EMSC</agencyURI>
      <authorURI>smi:smi-registry/organization/EMSC</authorURI>
    </creationInfo>
    <originUncertainty>
      <azimuthMaxHorizontalUncertainty>161</azimuthMaxHorizontalUncertainty>
    </originUncertainty>
  </origin>
  <magnitude publicID="quakeml:eu.emsc/event/20000227_0000008/origin/1456675/mag/2">
    <mag>
      <value>2.2</value>
    </mag>
    <type>ML</type>
    <originID>quakeml:eu.emsc/event/20000227_0000008/origin/1456675</originID>
    <creationInfo>
      <agencyURI>smi:smi-registry/organization/EMSC</agencyURI>
      <authorURI>smi:smi-registry/organization/EMSC</authorURI>
    </creationInfo>
  </magnitude>
</event>
<event publicID="quakeml:eu.emsc/event/20000227_0000007">
  <preferredOriginID>quakeml:eu.emsc/event/20000227_0000007/origin/1456678</preferredOriginID>
  <preferredMagnitudeID>quakeml:eu.emsc/event/20000227_0000007/origin/1456678/mag/1</preferredMagnitudeID>
  <creationInfo>
    <agencyURI>smi:smi-registry/organization/EMSC</agencyURI>
    <authorURI>smi:smi-registry/organization/EMSC</authorURI>
    <creationTime>2014-12-03T16:24:57.884803Z</creationTime>
  </creationInfo>
  <description>
    <text>FRANCE</text>
    <type>Flinn-Engdahl region</type>
  </description>
  <origin publicID="quakeml:eu.emsc/event/20000227_0000007/origin/1456678">
    <time>
      <value>2000-02-27T04:40:31.5Z</value>
      <uncertainty>0.16</uncertainty>
    </time>
    <latitude>
      <value>45.0803</value>
      <uncertainty>4</uncertainty>
    </latitude>
    <longitude>
      <value>3.3421</value>
      <uncertainty>2.4</uncertainty>
    </longitude>
    <depth>
      <value>15000</value>
    </depth>
    <depthType>from location</depthType>
    <methodID>smi:eu.emsc-csem/origin_method/NA</methodID>
    <quality>
      <usedPhaseCount>21</usedPhaseCount>
      <usedStationCount>12</usedStationCount>
      <standardError>0.61</standardError>
      <azimuthalGap>120</azimuthalGap>
      <minimumDistance>0.17</minimumDistance>
      <maximumDistance>2.22</maximumDistance>
    </quality>
    <evaluationMode>manual</evaluationMode>
    <creationInfo>
      <agencyURI>smi:smi-registry/organization/EMSC</agencyURI>
      <authorURI>smi:smi-registry/organization/EMSC</authorURI>
    </creationInfo>
    <originUncertainty>
      <azimuthMaxHorizontalUncertainty>65</azimuthMaxHorizontalUncertainty>
    </originUncertainty>
  </origin>
  <magnitude publicID="quakeml:eu.emsc/event/20000227_0000007/origin/1456678/mag/1">
    <mag>
      <value>1.6</value>
      <uncertainty>0.3</uncertainty>
    </mag>
    <type>ML</type>
    <originID>quakeml:eu.emsc/event/20000227_0000007/origin/1456678</originID>
    <stationCount>9</stationCount>
    <creationInfo>
      <agencyURI>smi:smi-registry/organization/EMSC</agencyURI>
      <authorURI>smi:smi-registry/organization/EMSC</authorURI>
    </creationInfo>
  </magnitude>
</event>
</eventParameters>
</q:quakeml>
