<?xml version="1.0"?>
<q:quakeml xmlns:q="http://quakeml.org/xmlns/quakeml/1.2"  xmlns="http://quakeml.org/xmlns/bed/1.2">
<eventParameters publicID="smi:eu.emsc/unid">
<event publicID="quakeml:eu.emsc/event/20000604_0000031">
  <preferredOriginID>quakeml:eu.emsc/event/20000604_0000031/origin/1445633</preferredOriginID>
  <preferredMagnitudeID>quakeml:eu.emsc/event/20000604_0000031/origin/1445633/mag/2</preferredMagnitudeID>
  <creationInfo>
    <agencyURI>smi:smi-registry/organization/EMSC</agencyURI>
    <authorURI>smi:smi-registry/organization/EMSC</authorURI>
    <creationTime>2014-12-10T09:35:10.674491Z</creationTime>
  </creationInfo>
  <description>
    <text>SOUTHERN GREECE</text>
    <type>Flinn-Engdahl region</type>
  </description>
  <origin publicID="quakeml:eu.emsc/event/20000604_0000031/origin/1445633">
    <time>
      <value>2000-06-04T23:49:42.6Z</value>
    </time>
    <latitude>
      <value>36.28</value>
      <uncertainty>9999.9</uncertainty>
    </latitude>
    <longitude>
      <value>22.47</value>
      <uncertainty>9999.9</uncertainty>
    </longitude>
    <depth>
      <value>5000</value>
    </depth>
    <depthType>from location</depthType>
    <methodID>smi:eu.emsc-csem/origin_method/NA</methodID>
    <quality>
      <usedPhaseCount>7</usedPhaseCount>
      <usedStationCount>6</usedStationCount>
      <standardError>2.43</standardError>
      <azimuthalGap>212</azimuthalGap>
      <minimumDistance>0.46</minimumDistance>
      <maximumDistance>2.68</maximumDistance>
    </quality>
    <evaluationMode>manual</evaluationMode>
    <creationInfo>
      <agencyURI>smi:smi-registry/organization/EMSC</agencyURI>
      <authorURI>smi:smi-registry/organization/EMSC</authorURI>
    </creationInfo>
    <originUncertainty>
      <azimuthMaxHorizontalUncertainty>-99</azimuthMaxHorizontalUncertainty>
    </originUncertainty>
  </origin>
  <magnitude publicID="quakeml:eu.emsc/event/20000604_0000031/origin/1445633/mag/2">
    <mag>
      <value>3.5</value>
    </mag>
    <type>MD</type>
    <originID>quakeml:eu.emsc/event/20000604_0000031/origin/1445633</originID>
    <creationInfo>
      <agencyURI>smi:smi-registry/organization/EMSC</agencyURI>
      <authorURI>smi:smi-registry/organization/EMSC</authorURI>
    </creationInfo>
  </magnitude>
</event>
<event publicID="quakeml:eu.emsc/event/20000604_0000030">
  <preferredOriginID>quakeml:eu.emsc/event/20000604_0000030/origin/1445635</preferredOriginID>
  <preferredMagnitudeID>quakeml:eu.emsc/event/20000604_0000030/origin/1445635/mag/2</preferredMagnitudeID>
  <creationInfo>
    <agencyURI>smi:smi-registry/organization/EMSC</agencyURI>
    <authorURI>smi:smi-registry/organization/EMSC</authorURI>
    <creationTime>2014-12-10T09:35:08.791264Z</creationTime>
  </creationInfo>
  <description>
    <text>WESTERN TURKEY</text>
    <type>Flinn-Engdahl region</type>
  </description>
  <origin publicID="quakeml:eu.emsc/event/20000604_0000030/origin/1445635">
    <time>
      <value>2000-06-04T22:55:09.8Z</value>
    </time>
    <latitude>
      <value>37.949</value>
      <uncertainty>9999.9</uncertainty>
    </latitude>
    <longitude>
      <value>29.04</value>
      <uncertainty>9999.9</uncertainty>
    </longitude>
    <depth>
      <value>10000</value>
    </depth>
    <depthType>from location</depthType>
    <methodID>smi:eu.emsc-csem/origin_method/NA</methodID>
    <quality>
      <usedPhaseCount>7</usedPhaseCount>
      <usedStationCount>5</usedStationCount>
      <standardError>1.42</standardError>
      <azimuthalGap>117</azimuthalGap>
      <minimumDistance>0.54</minimumDistance>
      <maximumDistance>1.47</maximumDistance>
    </quality>
    <evaluationMode>manual</evaluationMode>
    <creationInfo>
      <agencyURI>smi:smi-registry/organization/EMSC</agencyURI>
      <authorURI>smi:smi-registry/organization/EMSC</authorURI>
    </creationInfo>
    <originUncertainty>
      <azimuthMaxHorizontalUncertainty>-99</azimuthMaxHorizontalUncertainty>
    </originUncertainty>
  </origin>
  <magnitude publicID="quakeml:eu.emsc/event/20000604_0000030/origin/1445635/mag/2">
    <mag>
      <value>3.1</value>
    </mag>
    <type>MD</type>
    <originID>quakeml:eu.emsc/event/20000604_0000030/origin/1445635</originID>
    <creationInfo>
      <agencyURI>smi:smi-registry/organization/EMSC</agencyURI>
      <authorURI>smi:smi-registry/organization/EMSC</authorURI>
    </creationInfo>
  </magnitude>
</event>
<event publicID="quakeml:eu.emsc/event/20000604_0000029">
  <preferredOriginID>quakeml:eu.emsc/event/20000604_0000029/origin/1453475</preferredOriginID>
  <preferredMagnitudeID>quakeml:eu.emsc/event/20000604_0000029/origin/1453475/mag/2</preferredMagnitudeID>
  <creationInfo>
    <agencyURI>smi:smi-registry/organization/EMSC</agencyURI>
    <authorURI>smi:smi-registry/organization/EMSC</authorURI>
    <creationTime>2014-12-03T11:39:10.741993Z</creationTime>
  </creationInfo>
  <description>
    <text>WESTERN TURKEY</text>
    <type>Flinn-Engdahl region</type>
  </description>
  <origin publicID="quakeml:eu.emsc/event/20000604_0000029/origin/1453475">
    <time>
      <value>2000-06-04T22:43:20.9Z</value>
      <uncertainty>0.29</uncertainty>
    </time>
    <latitude>
      <value>37.9048</value>
      <uncertainty>9.4</uncertainty>
    </latitude>
    <longitude>
      <value>29.1234</value>
      <uncertainty>6.8</uncertainty>
    </longitude>
    <depth>
      <value>2000</value>
    </depth>
    <depthType>from location</depthType>
    <methodID>smi:eu.emsc-csem/origin_method/NA</methodID>
    <quality>
      <usedPhaseCount>13</usedPhaseCount>
      <usedStationCount>12</usedStationCount>
      <standardError>0.92</standardError>
      <azimuthalGap>73</azimuthalGap>
      <minimumDistance>0.53</minimumDistance>
      <maximumDistance>3.03</maximumDistance>
    </quality>
    <evaluationMode>manual</evaluationMode>
    <creationInfo>
      <agencyURI>smi:smi-registry/organization/EMSC</agencyURI>
      <authorURI>smi:smi-registry/organization/EMSC</authorURI>
    </creationInfo>
    <originUncertainty>
      <azimuthMaxHorizontalUncertainty>119</azimuthMaxHorizontalUncertainty>
    </originUncertainty>
  </origin>
  <magnitude publicID="quakeml:eu.emsc/event/20000604_0000029/origin/1453475/mag/2">
    <mag>
      <value>3.6</value>
    </mag>
    <type>MD</type>
    <originID>quakeml:eu.emsc/event/20000604_0000029/origin/1453475</originID>
    <creationInfo>
      <agencyURI>smi:smi-registry/organization/EMSC</agencyURI>
      <authorURI>smi:smi-registry/organization/EMSC</authorURI>
    </creationInfo>
  </magnitude>
</event>
<event publicID="quakeml:eu.emsc/event/20000604_0000028">
  <preferredOriginID>quakeml:eu.emsc/event/20000604_0000028/origin/1453478</preferredOriginID>
  <preferredMagnitudeID>quakeml:eu.emsc/event/20000604_0000028/origin/1453478/mag/2</preferredMagnitudeID>
  <creationInfo>
    <agencyURI>smi:smi-registry/organization/EMSC</agencyURI>
    <authorURI>smi:smi-registry/organization/EMSC</authorURI>
    <creationTime>2014-12-03T10:23:16.948613Z</creationTime>
  </creationInfo>
  <description>
    <text>SPAIN</text>
    <type>Flinn-Engdahl region</type>
  </description>
  <origin publicID="quakeml:eu.emsc/event/20000604_0000028/origin/1453478">
    <time>
      <value>2000-06-04T22:41:37.0Z</value>
      <uncertainty>0.84</uncertainty>
    </time>
    <latitude>
      <value>38.6207</value>
      <uncertainty>20</uncertainty>
    </latitude>
    <longitude>
      <value>-0.9063</value>
      <uncertainty>13.7</uncertainty>
    </longitude>
    <depth>
      <value>2000</value>
    </depth>
    <depthType>from location</depthType>
    <methodID>smi:eu.emsc-csem/origin_method/NA</methodID>
    <quality>
      <usedPhaseCount>15</usedPhaseCount>
      <usedStationCount>9</usedStationCount>
      <standardError>1.21</standardError>
      <azimuthalGap>133</azimuthalGap>
      <minimumDistance>0.4</minimumDistance>
      <maximumDistance>13</maximumDistance>
    </quality>
    <evaluationMode>manual</evaluationMode>
    <creationInfo>
      <agencyURI>smi:smi-registry/organization/EMSC</agencyURI>
      <authorURI>smi:smi-registry/organization/EMSC</authorURI>
    </creationInfo>
    <originUncertainty>
      <azimuthMaxHorizontalUncertainty>173</azimuthMaxHorizontalUncertainty>
    </originUncertainty>
  </origin>
  <magnitude publicID="quakeml:eu.emsc/event/20000604_0000028/origin/1453478/mag/2">
    <mag>
      <value>2.8</value>
    </mag>
    <type>mb</type>
    <originID>quakeml:eu.emsc/event/20000604_0000028/origin/1453478</originID>
    <stationCount>3</stationCount>
    <creationInfo>
      <agencyURI>smi:smi-registry/organization/EMSC</agencyURI>
      <authorURI>smi:smi-registry/organization/EMSC</authorURI>
    </creationInfo>
  </magnitude>
</event>
<event publicID="quakeml:eu.emsc/event/20000604_0000027">
  <preferredOriginID>quakeml:eu.emsc/event/20000604_0000027/origin/1445637</preferredOriginID>
  <preferredMagnitudeID>quakeml:eu.emsc/event/20000604_0000027/origin/1445637/mag/2</preferredMagnitudeID>
  <creationInfo>
    <agencyURI>smi:smi-registry/organization/EMSC</agencyURI>
    <authorURI>smi:smi-registry/organization/EMSC</authorURI>
    <creationTime>2014-12-10T09:35:04.526854Z</creationTime>
  </creationInfo>
  <description>
    <text>WESTERN TURKEY</text>
    <type>Flinn-Engdahl region</type>
  </description>
  <origin publicID="quakeml:eu.emsc/event/20000604_0000027/origin/1445637">
    <time>
      <value>2000-06-04T21:24:17.2Z</value>
    </time>
    <latitude>
      <value>37.907</value>
      <uncertainty>9999.9</uncertainty>
    </latitude>
    <longitude>
      <value>29.285</value>
      <uncertainty>9999.9</uncertainty>
    </longitude>
    <depth>
      <value>10000</value>
    </depth>
    <depthType>from location</depthType>
    <methodID>smi:eu.emsc-csem/origin_method/NA</methodID>
    <quality>
      <usedPhaseCount>7</usedPhaseCount>
      <usedStationCount>7</usedStationCount>
      <standardError>1.99</standardError>
      <azimuthalGap>88</azimuthalGap>
      <minimumDistance>0.46</minimumDistance>
      <maximumDistance>2.68</maximumDistance>
    </quality>
    <evaluationMode>manual</evaluationMode>
    <creationInfo>
      <agencyURI>smi:smi-registry/organization/EMSC</agencyURI>
      <authorURI>smi:smi-registry/organization/EMSC</authorURI>
    </creationInfo>
    <originUncertainty>
      <azimuthMaxHorizontalUncertainty>-99</azimuthMaxHorizontalUncertainty>
    </originUncertainty>
  </origin>
  <magnitude publicID="quakeml:eu.emsc/event/20000604_0000027/origin/1445637/mag/2">
    <mag>
      <value>3.2</value>
    </mag>
    <type>MD</type>
    <originID>quakeml:eu.emsc/event/20000604_0000027/origin/1445637</originID>
    <creationInfo>
      <agencyURI>smi:smi-registry/organization/EMSC</agencyURI>
      <authorURI>smi:smi-registry/organization/EMSC</authorURI>
    </creationInfo>
  </magnitude>
</event>
<event publicID="quakeml:eu.emsc/event/20000604_0000034">
  <preferredOriginID>quakeml:eu.emsc/event/20000604_0000034/origin/1445639</preferredOriginID>
  <preferredMagnitudeID>quakeml:eu.emsc/event/20000604_0000034/origin/1445639/mag/2</preferredMagnitudeID>
  <creationInfo>
    <agencyURI>smi:smi-registry/organization/EMSC</agencyURI>
    <authorURI>smi:smi-registry/organization/EMSC</authorURI>
    <creationTime>2014-12-10T13:10:22.560683Z</creationTime>
  </creationInfo>
  <description>
    <text>NORTHERN ITALY</text>
    <type>Flinn-Engdahl region</type>
  </description>
  <origin publicID="quakeml:eu.emsc/event/20000604_0000034/origin/1445639">
    <time>
      <value>2000-06-04T20:51:44.6Z</value>
    </time>
    <latitude>
      <value>44.4053</value>
      <uncertainty>9999.9</uncertainty>
    </latitude>
    <longitude>
      <value>8.6502</value>
      <uncertainty>9999.9</uncertainty>
    </longitude>
    <depth>
      <value>6100.0</value>
    </depth>
    <depthType>from location</depthType>
    <methodID>smi:eu.emsc-csem/origin_method/NA</methodID>
    <quality>
      <usedPhaseCount>12</usedPhaseCount>
      <usedStationCount>9</usedStationCount>
      <standardError>6.64</standardError>
      <azimuthalGap>256</azimuthalGap>
      <minimumDistance>0.16</minimumDistance>
      <maximumDistance>1.11</maximumDistance>
    </quality>
    <evaluationMode>manual</evaluationMode>
    <creationInfo>
      <agencyURI>smi:smi-registry/organization/EMSC</agencyURI>
      <authorURI>smi:smi-registry/organization/EMSC</authorURI>
    </creationInfo>
    <originUncertainty>
      <azimuthMaxHorizontalUncertainty>-99</azimuthMaxHorizontalUncertainty>
    </originUncertainty>
  </origin>
  <magnitude publicID="quakeml:eu.emsc/event/20000604_0000034/origin/1445639/mag/2">
    <mag>
      <value>2.1</value>
    </mag>
    <type>ML</type>
    <originID>quakeml:eu.emsc/event/20000604_0000034/origin/1445639</originID>
    <creationInfo>
      <agencyURI>smi:smi-registry/organization/EMSC</agencyURI>
      <authorURI>smi:smi-registry/organization/EMSC</authorURI>
    </creationInfo>
  </magnitude>
</event>
<event publicID="quakeml:eu.emsc/event/20000604_0000026">
  <preferredOriginID>quakeml:eu.emsc/event/20000604_0000026/origin/1453483</preferredOriginID>
  <preferredMagnitudeID>quakeml:eu.emsc/event/20000604_0000026/origin/1453483/mag/1</preferredMagnitudeID>
  <creationInfo>
    <agencyURI>smi:smi-registry/organization/EMSC</agencyURI>
    <authorURI>smi:smi-registry/organization/EMSC</authorURI>
    <creationTime>2014-12-03T10:52:29.938616Z</creationTime>
  </creationInfo>
  <description>
    <text>FRANCE</text>
    <type>Flinn-Engdahl region</type>
  </description>
  <origin publicID="quakeml:eu.emsc/event/20000604_0000026/origin/1453483">
    <time>
      <value>2000-06-04T20:38:16.9Z</value>
      <uncertainty>0.12</uncertainty>
    </time>
    <latitude>
      <value>43.1175</value>
      <uncertainty>2.5</uncertainty>
    </latitude>
    <longitude>
      <value>0.1404</value>
      <uncertainty>2.4</uncertainty>
    </longitude>
    <depth>
      <value>5000</value>
    </depth>
    <depthType>from location</depthType>
    <methodID>smi:eu.emsc-csem/origin_method/NA</methodID>
    <quality>
      <usedPhaseCount>87</usedPhaseCount>
      <usedStationCount>47</usedStationCount>
      <standardError>1.23</standardError>
      <azimuthalGap>57</azimuthalGap>
      <minimumDistance>0.09</minimumDistance>
      <maximumDistance>5.74</maximumDistance>
    </quality>
    <evaluationMode>manual</evaluationMode>
    <creationInfo>
      <agencyURI>smi:smi-registry/organization/EMSC</agencyURI>
      <authorURI>smi:smi-registry/organization/EMSC</authorURI>
    </creationInfo>
    <originUncertainty>
      <azimuthMaxHorizontalUncertainty>5</azimuthMaxHorizontalUncertainty>
    </originUncertainty>
  </origin>
  <magnitude publicID="quakeml:eu.emsc/event/20000604_0000026/origin/1453483/mag/1">
    <mag>
      <value>3.1</value>
      <uncertainty>0.3</uncertainty>
    </mag>
    <type>ML</type>
    <originID>quakeml:eu.emsc/event/20000604_0000026/origin/1453483</originID>
    <stationCount>19</stationCount>
    <creationInfo>
      <agencyURI>smi:smi-registry/organization/EMSC</agencyURI>
      <authorURI>smi:smi-registry/organization/EMSC</authorURI>
    </creationInfo>
  </magnitude>
</event>
<event publicID="quakeml:eu.emsc/event/20000604_0000024">
  <preferredOriginID>quakeml:eu.emsc/event/20000604_0000024/origin/1445641</preferredOriginID>
  <preferredMagnitudeID>quakeml:eu.emsc/event/20000604_0000024/origin/1445641/mag/2</preferredMagnitudeID>
  <creationInfo>
    <agencyURI>smi:smi-registry/organization/EMSC</agencyURI>
    <authorURI>smi:smi-registry/organization/EMSC</authorURI>
    <creationTime>2014-12-10T09:35:01.133483Z</creationTime>
  </creationInfo>
  <description>
    <text>WESTERN TURKEY</text>
    <type>Flinn-Engdahl region</type>
  </description>
  <origin publicID="quakeml:eu.emsc/event/20000604_0000024/origin/1445641">
    <time>
      <value>2000-06-04T18:03:06.4Z</value>
    </time>
    <latitude>
      <value>37.813</value>
      <uncertainty>9999.9</uncertainty>
    </latitude>
    <longitude>
      <value>29.21</value>
      <uncertainty>9999.9</uncertainty>
    </longitude>
    <depth>
      <value>6000</value>
    </depth>
    <depthType>from location</depthType>
    <methodID>smi:eu.emsc-csem/origin_method/NA</methodID>
    <quality>
      <usedPhaseCount>5</usedPhaseCount>
      <usedStationCount>4</usedStationCount>
      <standardError>0.95</standardError>
      <azimuthalGap>201</azimuthalGap>
      <minimumDistance>0.57</minimumDistance>
      <maximumDistance>1.85</maximumDistance>
    </quality>
    <evaluationMode>manual</evaluationMode>
    <creationInfo>
      <agencyURI>smi:smi-registry/organization/EMSC</agencyURI>
      <authorURI>smi:smi-registry/organization/EMSC</authorURI>
    </creationInfo>
    <originUncertainty>
      <azimuthMaxHorizontalUncertainty>-99</azimuthMaxHorizontalUncertainty>
    </originUncertainty>
  </origin>
  <magnitude publicID="quakeml:eu.emsc/event/20000604_0000024/origin/1445641/mag/2">
    <mag>
      <value>3</value>
    </mag>
    <type>MD</type>
    <originID>quakeml:eu.emsc/event/20000604_0000024/origin/1445641</originID>
    <creationInfo>
      <agencyURI>smi:smi-registry/organization/EMSC</agencyURI>
      <authorURI>smi:smi-registry/organization/EMSC</authorURI>
    </creationInfo>
  </magnitude>
</event>
<event publicID="quakeml:eu.emsc/event/20000604_0000022">
  <preferredOriginID>quakeml:eu.emsc/event/20000604_0000022/origin/1445643</preferredOriginID>
  <preferredMagnitudeID>quakeml:eu.emsc/event/20000604_0000022/origin/1445643/mag/2</preferredMagnitudeID>
  <creationInfo>
    <agencyURI>smi:smi-registry/organization/EMSC</agencyURI>
    <authorURI>smi:smi-registry/organization/EMSC</authorURI>
    <creationTime>2014-12-10T09:34:58.122138Z</creationTime>
  </creationInfo>
  <description>
    <text>SOUTHERN GREECE</text>
    <type>Flinn-Engdahl region</type>
  </description>
  <origin publicID="quakeml:eu.emsc/event/20000604_0000022/origin/1445643">
    <time>
      <value>2000-06-04T16:30:56.8Z</value>
    </time>
    <latitude>
      <value>36.14</value>
      <uncertainty>9999.9</uncertainty>
    </latitude>
    <longitude>
      <value>22.25</value>
      <uncertainty>9999.9</uncertainty>
    </longitude>
    <depth>
      <value>5000</value>
    </depth>
    <depthType>from location</depthType>
    <methodID>smi:eu.emsc-csem/origin_method/NA</methodID>
    <quality>
      <usedPhaseCount>6</usedPhaseCount>
      <usedStationCount>5</usedStationCount>
      <standardError>1.3</standardError>
      <azimuthalGap>231</azimuthalGap>
      <minimumDistance>0.65</minimumDistance>
      <maximumDistance>1.81</maximumDistance>
    </quality>
    <evaluationMode>manual</evaluationMode>
    <creationInfo>
      <agencyURI>smi:smi-registry/organization/EMSC</agencyURI>
      <authorURI>smi:smi-registry/organization/EMSC</authorURI>
    </creationInfo>
    <originUncertainty>
      <azimuthMaxHorizontalUncertainty>-99</azimuthMaxHorizontalUncertainty>
    </originUncertainty>
  </origin>
  <magnitude publicID="quakeml:eu.emsc/event/20000604_0000022/origin/1445643/mag/2">
    <mag>
      <value>3.3</value>
    </mag>
    <type>MD</type>
    <originID>quakeml:eu.emsc/event/20000604_0000022/origin/1445643</originID>
    <creationInfo>
      <agencyURI>smi:smi-registry/organization/EMSC</agencyURI>
      <authorURI>smi:smi-registry/organization/EMSC</authorURI>
    </creationInfo>
  </magnitude>
</event>
<event publicID="quakeml:eu.emsc/event/20000604_0000021">
  <preferredOriginID>quakeml:eu.emsc/event/20000604_0000021/origin/1445645</preferredOriginID>
  <preferredMagnitudeID>quakeml:eu.emsc/event/20000604_0000021/origin/1445645/mag/2</preferredMagnitudeID>
  <creationInfo>
    <agencyURI>smi:smi-registry/organization/EMSC</agencyURI>
    <authorURI>smi:smi-registry/organization/EMSC</authorURI>
    <creationTime>2014-12-10T09:34:56.106232Z</creationTime>
  </creationInfo>
  <description>
    <text>WESTERN TURKEY</text>
    <type>Flinn-Engdahl region</type>
  </description>
  <origin publicID="quakeml:eu.emsc/event/20000604_0000021/origin/1445645">
    <time>
      <value>2000-06-04T15:46:04.8Z</value>
    </time>
    <latitude>
      <value>37.802</value>
      <uncertainty>9999.9</uncertainty>
    </latitude>
    <longitude>
      <value>29.086</value>
      <uncertainty>9999.9</uncertainty>
    </longitude>
    <depth>
      <value>10000</value>
    </depth>
    <depthType>from location</depthType>
    <methodID>smi:eu.emsc-csem/origin_method/NA</methodID>
    <quality>
      <usedPhaseCount>6</usedPhaseCount>
      <usedStationCount>4</usedStationCount>
      <standardError>0.82</standardError>
      <azimuthalGap>190</azimuthalGap>
      <minimumDistance>0.63</minimumDistance>
      <maximumDistance>1.84</maximumDistance>
    </quality>
    <evaluationMode>manual</evaluationMode>
    <creationInfo>
      <agencyURI>smi:smi-registry/organization/EMSC</agencyURI>
      <authorURI>smi:smi-registry/organization/EMSC</authorURI>
    </creationInfo>
    <originUncertainty>
      <azimuthMaxHorizontalUncertainty>-99</azimuthMaxHorizontalUncertainty>
    </originUncertainty>
  </origin>
  <magnitude publicID="quakeml:eu.emsc/event/20000604_0000021/origin/1445645/mag/2">
    <mag>
      <value>3</value>
    </mag>
    <type>MD</type>
    <originID>quakeml:eu.emsc/event/20000604_0000021/origin/1445645</originID>
    <creationInfo>
      <agencyURI>smi:smi-registry/organization/EMSC</agencyURI>
      <authorURI>smi:smi-registry/organization/EMSC</authorURI>
    </creationInfo>
  </magnitude>
</event>
<event publicID="quakeml:eu.emsc/event/20000604_0000020">
  <preferredOriginID>quakeml:eu.emsc/event/20000604_0000020/origin/1445647</preferredOriginID>
  <preferredMagnitudeID>quakeml:eu.emsc/event/20000604_0000020/origin/1445647/mag/2</preferredMagnitudeID>
  <creationInfo>
    <agencyURI>smi:smi-registry/organization/EMSC</agencyURI>
    <authorURI>smi:smi-registry/organization/EMSC</authorURI>
    <creationTime>2014-12-10T09:34:53.562623Z</creationTime>
  </creationInfo>
  <description>
    <text>SOUTHERN GREECE</text>
    <type>Flinn-Engdahl region</type>
  </description>
  <origin publicID="quakeml:eu.emsc/event/20000604_0000020/origin/1445647">
    <time>
      <value>2000-06-04T15:35:40.7Z</value>
    </time>
    <latitude>
      <value>36.01</value>
      <uncertainty>9999.9</uncertainty>
    </latitude>
    <longitude>
      <value>23.36</value>
      <uncertainty>9999.9</uncertainty>
    </longitude>
    <depth>
      <value>5000</value>
    </depth>
    <depthType>from location</depthType>
    <methodID>smi:eu.emsc-csem/origin_method/NA</methodID>
    <quality>
      <usedPhaseCount>6</usedPhaseCount>
      <usedStationCount>5</usedStationCount>
      <standardError>1.29</standardError>
      <azimuthalGap>184</azimuthalGap>
      <minimumDistance>0.38</minimumDistance>
      <maximumDistance>1.64</maximumDistance>
    </quality>
    <evaluationMode>manual</evaluationMode>
    <creationInfo>
      <agencyURI>smi:smi-registry/organization/EMSC</agencyURI>
      <authorURI>smi:smi-registry/organization/EMSC</authorURI>
    </creationInfo>
    <originUncertainty>
      <azimuthMaxHorizontalUncertainty>-99</azimuthMaxHorizontalUncertainty>
    </originUncertainty>
  </origin>
  <magnitude publicID="quakeml:eu.emsc/event/20000604_0000020/origin/1445647/mag/2">
    <mag>
      <value>3</value>
    </mag>
    <type>MD</type>
    <originID>quakeml:eu.emsc/event/20000604_0000020/origin/1445647</originID>
    <creationInfo>
      <agencyURI>smi:smi-registry/organization/EMSC</agencyURI>
      <authorURI>smi:smi-registry/organization/EMSC</authorURI>
    </creationInfo>
  </magnitude>
</event>
<event publicID="quakeml:eu.emsc/event/20000604_0000039">
  <preferredOriginID>quakeml:eu.emsc/event/20000604_0000039/origin/1445649</preferredOriginID>
  <preferredMagnitudeID>quakeml:eu.emsc/event/20000604_0000039/origin/1445649/mag/2</preferredMagnitudeID>
  <creationInfo>
    <agencyURI>smi:smi-registry/organization/EMSC</agencyURI>
    <authorURI>smi:smi-registry/organization/EMSC</authorURI>
    <creationTime>2014-12-10T13:10:21.577152Z</creationTime>
  </creationInfo>
  <description>
    <text>FRANCE</text>
    <type>Flinn-Engdahl region</type>
  </description>
  <origin publicID="quakeml:eu.emsc/event/20000604_0000039/origin/1445649">
    <time>
      <value>2000-06-04T15:26:12.8Z</value>
    </time>
    <latitude>
      <value>47.3454</value>
      <uncertainty>9999.9</uncertainty>
    </latitude>
    <longitude>
      <value>2.6406</value>
      <uncertainty>9999.9</uncertainty>
    </longitude>
    <depth>
      <value>3000</value>
    </depth>
    <depthType>from location</depthType>
    <methodID>smi:eu.emsc-csem/origin_method/NA</methodID>
    <quality>
      <usedPhaseCount>10</usedPhaseCount>
      <usedStationCount>5</usedStationCount>
      <standardError>1.04</standardError>
      <azimuthalGap>259</azimuthalGap>
      <minimumDistance>0.65</minimumDistance>
      <maximumDistance>1.1</maximumDistance>
    </quality>
    <evaluationMode>manual</evaluationMode>
    <creationInfo>
      <agencyURI>smi:smi-registry/organization/EMSC</agencyURI>
      <authorURI>smi:smi-registry/organization/EMSC</authorURI>
    </creationInfo>
    <originUncertainty>
      <azimuthMaxHorizontalUncertainty>-99</azimuthMaxHorizontalUncertainty>
    </originUncertainty>
  </origin>
  <magnitude publicID="quakeml:eu.emsc/event/20000604_0000039/origin/1445649/mag/2">
    <mag>
      <value>1.8</value>
    </mag>
    <type>ML</type>
    <originID>quakeml:eu.emsc/event/20000604_0000039/origin/1445649</originID>
    <stationCount>2</stationCount>
    <creationInfo>
      <agencyURI>smi:smi-registry/organization/EMSC</agencyURI>
      <authorURI>smi:smi-registry/organization/EMSC</authorURI>
    </creationInfo>
  </magnitude>
</event>
<event publicID="quakeml:eu.emsc/event/20000604_0000036">
  <preferredOriginID>quakeml:eu.emsc/event/20000604_0000036/origin/1445651</preferredOriginID>
  <preferredMagnitudeID>quakeml:eu.emsc/event/20000604_0000036/origin/1445651/mag/2</preferredMagnitudeID>
  <creationInfo>
    <agencyURI>smi:smi-registry/organization/EMSC</agencyURI>
    <authorURI>smi:smi-registry/organization/EMSC</authorURI>
    <creationTime>2014-12-10T13:10:21.91773Z</creationTime>
  </creationInfo>
  <description>
    <text>NORTHERN ITALY</text>
    <type>Flinn-Engdahl region</type>
  </description>
  <origin publicID="quakeml:eu.emsc/event/20000604_0000036/origin/1445651">
    <time>
      <value>2000-06-04T14:56:47.8Z</value>
    </time>
    <latitude>
      <value>44.8383</value>
      <uncertainty>9999.9</uncertainty>
    </latitude>
    <longitude>
      <value>7.198</value>
      <uncertainty>9999.9</uncertainty>
    </longitude>
    <depth>
      <value>9600.0</value>
    </depth>
    <depthType>from location</depthType>
    <methodID>smi:eu.emsc-csem/origin_method/NA</methodID>
    <quality>
      <usedPhaseCount>8</usedPhaseCount>
      <usedStationCount>4</usedStationCount>
      <standardError>8.24</standardError>
      <azimuthalGap>99</azimuthalGap>
      <minimumDistance>0.08</minimumDistance>
      <maximumDistance>0.34</maximumDistance>
    </quality>
    <evaluationMode>manual</evaluationMode>
    <creationInfo>
      <agencyURI>smi:smi-registry/organization/EMSC</agencyURI>
      <authorURI>smi:smi-registry/organization/EMSC</authorURI>
    </creationInfo>
    <originUncertainty>
      <azimuthMaxHorizontalUncertainty>-99</azimuthMaxHorizontalUncertainty>
    </originUncertainty>
  </origin>
  <magnitude publicID="quakeml:eu.emsc/event/20000604_0000036/origin/1445651/mag/2">
    <mag>
      <value>1.7</value>
    </mag>
    <type>ML</type>
    <originID>quakeml:eu.emsc/event/20000604_0000036/origin/1445651</originID>
    <creationInfo>
      <agencyURI>smi:smi-registry/organization/EMSC</agencyURI>
      <authorURI>smi:smi-registry/organization/EMSC</authorURI>
    </creationInfo>
  </magnitude>
</event>
<event publicID="quakeml:eu.emsc/event/20000604_0000019">
  <preferredOriginID>quakeml:eu.emsc/event/20000604_0000019/origin/1445653</preferredOriginID>
  <preferredMagnitudeID>quakeml:eu.emsc/event/20000604_0000019/origin/1445653/mag/2</preferredMagnitudeID>
  <creationInfo>
    <agencyURI>smi:smi-registry/organization/EMSC</agencyURI>
    <authorURI>smi:smi-registry/organization/EMSC</authorURI>
    <creationTime>2014-12-10T09:34:52.5374Z</creationTime>
  </creationInfo>
  <description>
    <text>WESTERN TURKEY</text>
    <type>Flinn-Engdahl region</type>
  </description>
  <origin publicID="quakeml:eu.emsc/event/20000604_0000019/origin/1445653">
    <time>
      <value>2000-06-04T14:37:33.0Z</value>
    </time>
    <latitude>
      <value>37.884</value>
      <uncertainty>9999.9</uncertainty>
    </latitude>
    <longitude>
      <value>29.055</value>
      <uncertainty>9999.9</uncertainty>
    </longitude>
    <depth>
      <value>10000</value>
    </depth>
    <depthType>from location</depthType>
    <methodID>smi:eu.emsc-csem/origin_method/NA</methodID>
    <quality>
      <usedPhaseCount>6</usedPhaseCount>
      <usedStationCount>6</usedStationCount>
      <standardError>2.08</standardError>
      <azimuthalGap>70</azimuthalGap>
      <minimumDistance>0.58</minimumDistance>
      <maximumDistance>1.75</maximumDistance>
    </quality>
    <evaluationMode>manual</evaluationMode>
    <creationInfo>
      <agencyURI>smi:smi-registry/organization/EMSC</agencyURI>
      <authorURI>smi:smi-registry/organization/EMSC</authorURI>
    </creationInfo>
    <originUncertainty>
      <azimuthMaxHorizontalUncertainty>-99</azimuthMaxHorizontalUncertainty>
    </originUncertainty>
  </origin>
  <magnitude publicID="quakeml:eu.emsc/event/20000604_0000019/origin/1445653/mag/2">
    <mag>
      <value>3.1</value>
    </mag>
    <type>MD</type>
    <originID>quakeml:eu.emsc/event/20000604_0000019/origin/1445653</originID>
    <creationInfo>
      <agencyURI>smi:smi-registry/organization/EMSC</agencyURI>
      <authorURI>smi:smi-registry/organization/EMSC</authorURI>
    </creationInfo>
  </magnitude>
</event>
<event publicID="quakeml:eu.emsc/event/20000604_0000018">
  <preferredOriginID>quakeml:eu.emsc/event/20000604_0000018/origin/1445655</preferredOriginID>
  <preferredMagnitudeID>quakeml:eu.emsc/event/20000604_0000018/origin/1445655/mag/2</preferredMagnitudeID>
  <creationInfo>
    <agencyURI>smi:smi-registry/organization/EMSC</agencyURI>
    <authorURI>smi:smi-registry/organization/EMSC</authorURI>
    <creationTime>2014-12-10T09:34:51.64731Z</creationTime>
  </creationInfo>
  <description>
    <text>SOUTHERN GREECE</text>
    <type>Flinn-Engdahl region</type>
  </description>
  <origin publicID="quakeml:eu.emsc/event/20000604_0000018/origin/1445655">
    <time>
      <value>2000-06-04T13:15:44.9Z</value>
    </time>
    <latitude>
      <value>36.06</value>
      <uncertainty>9999.9</uncertainty>
    </latitude>
    <longitude>
      <value>22.18</value>
      <uncertainty>9999.9</uncertainty>
    </longitude>
    <depth>
      <value>5000</value>
    </depth>
    <depthType>from location</depthType>
    <methodID>smi:eu.emsc-csem/origin_method/NA</methodID>
    <quality>
      <usedPhaseCount>7</usedPhaseCount>
      <usedStationCount>5</usedStationCount>
      <standardError>1.62</standardError>
      <azimuthalGap>238</azimuthalGap>
      <minimumDistance>0.73</minimumDistance>
      <maximumDistance>1.89</maximumDistance>
    </quality>
    <evaluationMode>manual</evaluationMode>
    <creationInfo>
      <agencyURI>smi:smi-registry/organization/EMSC</agencyURI>
      <authorURI>smi:smi-registry/organization/EMSC</authorURI>
    </creationInfo>
    <originUncertainty>
      <azimuthMaxHorizontalUncertainty>-99</azimuthMaxHorizontalUncertainty>
    </originUncertainty>
  </origin>
  <magnitude publicID="quakeml:eu.emsc/event/20000604_0000018/origin/1445655/mag/2">
    <mag>
      <value>3.2</value>
    </mag>
    <type>MD</type>
    <originID>quakeml:eu.emsc/event/20000604_0000018/origin/1445655</originID>
    <creationInfo>
      <agencyURI>smi:smi-registry/organization/EMSC</agencyURI>
      <authorURI>smi:smi-registry/organization/EMSC</authorURI>
    </creationInfo>
  </magnitude>
</event>
<event publicID="quakeml:eu.emsc/event/20000604_0000016">
  <preferredOriginID>quakeml:eu.emsc/event/20000604_0000016/origin/1458851</preferredOriginID>
  <preferredMagnitudeID>quakeml:eu.emsc/event/20000604_0000016/origin/1458851/mag/2</preferredMagnitudeID>
  <creationInfo>
    <agencyURI>smi:smi-registry/organization/EMSC</agencyURI>
    <authorURI>smi:smi-registry/organization/EMSC</authorURI>
    <creationTime>2014-12-03T11:52:27.45267Z</creationTime>
  </creationInfo>
  <description>
    <text>SOUTHERN GREECE</text>
    <type>Flinn-Engdahl region</type>
  </description>
  <origin publicID="quakeml:eu.emsc/event/20000604_0000016/origin/1458851">
    <time>
      <value>2000-06-04T13:11:51.2Z</value>
      <uncertainty>0.24</uncertainty>
    </time>
    <latitude>
      <value>36.042</value>
      <uncertainty>7</uncertainty>
    </latitude>
    <longitude>
      <value>21.9799</value>
      <uncertainty>4.5</uncertainty>
    </longitude>
    <depth>
      <value>10000</value>
    </depth>
    <depthType>from location</depthType>
    <methodID>smi:eu.emsc-csem/origin_method/NA</methodID>
    <quality>
      <usedPhaseCount>99</usedPhaseCount>
      <usedStationCount>98</usedStationCount>
      <standardError>1.1</standardError>
      <azimuthalGap>92</azimuthalGap>
      <minimumDistance>1.03</minimumDistance>
      <maximumDistance>42.31</maximumDistance>
    </quality>
    <evaluationMode>manual</evaluationMode>
    <creationInfo>
      <agencyURI>smi:smi-registry/organization/EMSC</agencyURI>
      <authorURI>smi:smi-registry/organization/EMSC</authorURI>
    </creationInfo>
    <originUncertainty>
      <azimuthMaxHorizontalUncertainty>174</azimuthMaxHorizontalUncertainty>
    </originUncertainty>
  </origin>
  <magnitude publicID="quakeml:eu.emsc/event/20000604_0000016/origin/1458851/mag/2">
    <mag>
      <value>4.7</value>
      <uncertainty>0.1</uncertainty>
    </mag>
    <type>mb</type>
    <originID>quakeml:eu.emsc/event/20000604_0000016/origin/1458851</originID>
    <stationCount>4</stationCount>
    <creationInfo>
      <agencyURI>smi:smi-registry/organization/EMSC</agencyURI>
      <authorURI>smi:smi-registry/organization/EMSC</authorURI>
    </creationInfo>
  </magnitude>
</event>
<event publicID="quakeml:eu.emsc/event/20000604_0000015">
  <preferredOriginID>quakeml:eu.emsc/event/20000604_0000015/origin/1453486</preferredOriginID>
  <preferredMagnitudeID>quakeml:eu.emsc/event/20000604_0000015/origin/1453486/mag/2</preferredMagnitudeID>
  <creationInfo>
    <agencyURI>smi:smi-registry/organization/EMSC</agencyURI>
    <authorURI>smi:smi-registry/organization/EMSC</authorURI>
    <creationTime>2014-12-03T11:35:22.117757Z</creationTime>
  </creationInfo>
  <description>
    <text>NEAR THE COAST OF WESTERN TURKEY</text>
    <type>Flinn-Engdahl region</type>
  </description>
  <origin publicID="quakeml:eu.emsc/event/20000604_0000015/origin/1453486">
    <time>
      <value>2000-06-04T12:13:16.9Z</value>
      <uncertainty>0.16</uncertainty>
    </time>
    <latitude>
      <value>38.8037</value>
      <uncertainty>6.7</uncertainty>
    </latitude>
    <longitude>
      <value>26.5445</value>
      <uncertainty>3.1</uncertainty>
    </longitude>
    <depth>
      <value>5000</value>
    </depth>
    <depthType>from location</depthType>
    <methodID>smi:eu.emsc-csem/origin_method/NA</methodID>
    <quality>
      <usedPhaseCount>25</usedPhaseCount>
      <usedStationCount>25</usedStationCount>
      <standardError>0.63</standardError>
      <azimuthalGap>137</azimuthalGap>
      <minimumDistance>0.49</minimumDistance>
      <maximumDistance>4.55</maximumDistance>
    </quality>
    <evaluationMode>manual</evaluationMode>
    <creationInfo>
      <agencyURI>smi:smi-registry/organization/EMSC</agencyURI>
      <authorURI>smi:smi-registry/organization/EMSC</authorURI>
    </creationInfo>
    <originUncertainty>
      <azimuthMaxHorizontalUncertainty>48</azimuthMaxHorizontalUncertainty>
    </originUncertainty>
  </origin>
  <magnitude publicID="quakeml:eu.emsc/event/20000604_0000015/origin/1453486/mag/2">
    <mag>
      <value>3.9</value>
    </mag>
    <type>ML</type>
    <originID>quakeml:eu.emsc/event/20000604_0000015/origin/1453486</originID>
    <creationInfo>
      <agencyURI>smi:smi-registry/organization/EMSC</agencyURI>
      <authorURI>smi:smi-registry/organization/EMSC</authorURI>
    </creationInfo>
  </magnitude>
</event>
<event publicID="quakeml:eu.emsc/event/20000604_0000014">
  <preferredOriginID>quakeml:eu.emsc/event/20000604_0000014/origin/1453490</preferredOriginID>
  <preferredMagnitudeID>quakeml:eu.emsc/event/20000604_0000014/origin/1453490/mag/2</preferredMagnitudeID>
  <creationInfo>
    <agencyURI>smi:smi-registry/organization/EMSC</agencyURI>
    <authorURI>smi:smi-registry/organization/EMSC</authorURI>
    <creationTime>2014-12-03T11:35:55.39666Z</creationTime>
  </creationInfo>
  <description>
    <text>SOUTHERN GREECE</text>
    <type>Flinn-Engdahl region</type>
  </description>
  <origin publicID="quakeml:eu.emsc/event/20000604_0000014/origin/1453490">
    <time>
      <value>2000-06-04T12:07:21.5Z</value>
      <uncertainty>0.46</uncertainty>
    </time>
    <latitude>
      <value>36.0595</value>
      <uncertainty>13.3</uncertainty>
    </latitude>
    <longitude>
      <value>22.1194</value>
      <uncertainty>6.5</uncertainty>
    </longitude>
    <depth>
      <value>2000</value>
    </depth>
    <depthType>from location</depthType>
    <methodID>smi:eu.emsc-csem/origin_method/NA</methodID>
    <quality>
      <usedPhaseCount>44</usedPhaseCount>
      <usedStationCount>44</usedStationCount>
      <standardError>1.31</standardError>
      <azimuthalGap>170</azimuthalGap>
      <minimumDistance>0.93</minimumDistance>
      <maximumDistance>20.91</maximumDistance>
    </quality>
    <evaluationMode>manual</evaluationMode>
    <creationInfo>
      <agencyURI>smi:smi-registry/organization/EMSC</agencyURI>
      <authorURI>smi:smi-registry/organization/EMSC</authorURI>
    </creationInfo>
    <originUncertainty>
      <azimuthMaxHorizontalUncertainty>13</azimuthMaxHorizontalUncertainty>
    </originUncertainty>
  </origin>
  <magnitude publicID="quakeml:eu.emsc/event/20000604_0000014/origin/1453490/mag/2">
    <mag>
      <value>3.8</value>
    </mag>
    <type>ML</type>
    <originID>quakeml:eu.emsc/event/20000604_0000014/origin/1453490</originID>
    <creationInfo>
      <agencyURI>smi:smi-registry/organization/EMSC</agencyURI>
      <authorURI>smi:smi-registry/organization/EMSC</authorURI>
    </creationInfo>
  </magnitude>
</event>
<event publicID="quakeml:eu.emsc/event/20000604_0000013">
  <preferredOriginID>quakeml:eu.emsc/event/20000604_0000013/origin/1453493</preferredOriginID>
  <preferredMagnitudeID>quakeml:eu.emsc/event/20000604_0000013/origin/1453493/mag/2</preferredMagnitudeID>
  <creationInfo>
    <agencyURI>smi:smi-registry/organization/EMSC</agencyURI>
    <authorURI>smi:smi-registry/organization/EMSC</authorURI>
    <creationTime>2014-12-03T11:29:53.315429Z</creationTime>
  </creationInfo>
  <description>
    <text>WESTERN TURKEY</text>
    <type>Flinn-Engdahl region</type>
  </description>
  <origin publicID="quakeml:eu.emsc/event/20000604_0000013/origin/1453493">
    <time>
      <value>2000-06-04T11:47:25.5Z</value>
      <uncertainty>0.16</uncertainty>
    </time>
    <latitude>
      <value>38.3201</value>
      <uncertainty>4.6</uncertainty>
    </latitude>
    <longitude>
      <value>27.0282</value>
      <uncertainty>3.5</uncertainty>
    </longitude>
    <depth>
      <value>2000</value>
    </depth>
    <depthType>from location</depthType>
    <methodID>smi:eu.emsc-csem/origin_method/NA</methodID>
    <quality>
      <usedPhaseCount>10</usedPhaseCount>
      <usedStationCount>8</usedStationCount>
      <standardError>0.49</standardError>
      <azimuthalGap>103</azimuthalGap>
      <minimumDistance>0.2</minimumDistance>
      <maximumDistance>2.28</maximumDistance>
    </quality>
    <evaluationMode>manual</evaluationMode>
    <creationInfo>
      <agencyURI>smi:smi-registry/organization/EMSC</agencyURI>
      <authorURI>smi:smi-registry/organization/EMSC</authorURI>
    </creationInfo>
    <originUncertainty>
      <azimuthMaxHorizontalUncertainty>103</azimuthMaxHorizontalUncertainty>
    </originUncertainty>
  </origin>
  <magnitude publicID="quakeml:eu.emsc/event/20000604_0000013/origin/1453493/mag/2">
    <mag>
      <value>3.7</value>
    </mag>
    <type>MD</type>
    <originID>quakeml:eu.emsc/event/20000604_0000013/origin/1453493</originID>
    <creationInfo>
      <agencyURI>smi:smi-registry/organization/EMSC</agencyURI>
      <authorURI>smi:smi-registry/organization/EMSC</authorURI>
    </creationInfo>
  </magnitude>
</event>
<event publicID="quakeml:eu.emsc/event/20000604_0000012">
  <preferredOriginID>quakeml:eu.emsc/event/20000604_0000012/origin/1453496</preferredOriginID>
  <preferredMagnitudeID>quakeml:eu.emsc/event/20000604_0000012/origin/1453496/mag/2</preferredMagnitudeID>
  <creationInfo>
    <agencyURI>smi:smi-registry/organization/EMSC</agencyURI>
    <authorURI>smi:smi-registry/organization/EMSC</authorURI>
    <creationTime>2014-12-03T11:41:12.643558Z</creationTime>
  </creationInfo>
  <description>
    <text>NEAR THE COAST OF WESTERN TURKEY</text>
    <type>Flinn-Engdahl region</type>
  </description>
  <origin publicID="quakeml:eu.emsc/event/20000604_0000012/origin/1453496">
    <time>
      <value>2000-06-04T11:30:19.0Z</value>
      <uncertainty>0.32</uncertainty>
    </time>
    <latitude>
      <value>38.3905</value>
      <uncertainty>10.7</uncertainty>
    </latitude>
    <longitude>
      <value>26.8962</value>
      <uncertainty>7.8</uncertainty>
    </longitude>
    <depth>
      <value>15000</value>
    </depth>
    <depthType>from location</depthType>
    <methodID>smi:eu.emsc-csem/origin_method/NA</methodID>
    <quality>
      <usedPhaseCount>17</usedPhaseCount>
      <usedStationCount>17</usedStationCount>
      <standardError>1.15</standardError>
      <azimuthalGap>91</azimuthalGap>
      <minimumDistance>0.29</minimumDistance>
      <maximumDistance>4.14</maximumDistance>
    </quality>
    <evaluationMode>manual</evaluationMode>
    <creationInfo>
      <agencyURI>smi:smi-registry/organization/EMSC</agencyURI>
      <authorURI>smi:smi-registry/organization/EMSC</authorURI>
    </creationInfo>
    <originUncertainty>
      <azimuthMaxHorizontalUncertainty>44</azimuthMaxHorizontalUncertainty>
    </originUncertainty>
  </origin>
  <magnitude publicID="quakeml:eu.emsc/event/20000604_0000012/origin/1453496/mag/2">
    <mag>
      <value>3.5</value>
    </mag>
    <type>MD</type>
    <originID>quakeml:eu.emsc/event/20000604_0000012/origin/1453496</originID>
    <creationInfo>
      <agencyURI>smi:smi-registry/organization/EMSC</agencyURI>
      <authorURI>smi:smi-registry/organization/EMSC</authorURI>
    </creationInfo>
  </magnitude>
</event>
<event publicID="quakeml:eu.emsc/event/20000604_0000011">
  <preferredOriginID>quakeml:eu.emsc/event/20000604_0000011/origin/1453498</preferredOriginID>
  <preferredMagnitudeID>quakeml:eu.emsc/event/20000604_0000011/origin/1453498/mag/2</preferredMagnitudeID>
  <creationInfo>
    <agencyURI>smi:smi-registry/organization/EMSC</agencyURI>
    <authorURI>smi:smi-registry/organization/EMSC</authorURI>
    <creationTime>2014-12-03T11:43:01.953868Z</creationTime>
  </creationInfo>
  <description>
    <text>WESTERN TURKEY</text>
    <type>Flinn-Engdahl region</type>
  </description>
  <origin publicID="quakeml:eu.emsc/event/20000604_0000011/origin/1453498">
    <time>
      <value>2000-06-04T11:19:50.2Z</value>
      <uncertainty>1.12</uncertainty>
    </time>
    <latitude>
      <value>37.7469</value>
      <uncertainty>39.4</uncertainty>
    </latitude>
    <longitude>
      <value>29.0508</value>
      <uncertainty>28.3</uncertainty>
    </longitude>
    <depth>
      <value>2000</value>
    </depth>
    <depthType>from location</depthType>
    <methodID>smi:eu.emsc-csem/origin_method/NA</methodID>
    <quality>
      <usedPhaseCount>6</usedPhaseCount>
      <usedStationCount>5</usedStationCount>
      <standardError>1.95</standardError>
      <azimuthalGap>122</azimuthalGap>
      <minimumDistance>0.69</minimumDistance>
      <maximumDistance>12.42</maximumDistance>
    </quality>
    <evaluationMode>manual</evaluationMode>
    <creationInfo>
      <agencyURI>smi:smi-registry/organization/EMSC</agencyURI>
      <authorURI>smi:smi-registry/organization/EMSC</authorURI>
    </creationInfo>
    <originUncertainty>
      <azimuthMaxHorizontalUncertainty>143</azimuthMaxHorizontalUncertainty>
    </originUncertainty>
  </origin>
  <magnitude publicID="quakeml:eu.emsc/event/20000604_0000011/origin/1453498/mag/2">
    <mag>
      <value>3.1</value>
    </mag>
    <type>MD</type>
    <originID>quakeml:eu.emsc/event/20000604_0000011/origin/1453498</originID>
    <creationInfo>
      <agencyURI>smi:smi-registry/organization/EMSC</agencyURI>
      <authorURI>smi:smi-registry/organization/EMSC</authorURI>
    </creationInfo>
  </magnitude>
</event>
<event publicID="quakeml:eu.emsc/event/20000604_0000010">
  <preferredOriginID>quakeml:eu.emsc/event/20000604_0000010/origin/1445657</preferredOriginID>
  <preferredMagnitudeID>quakeml:eu.emsc/event/20000604_0000010/origin/1445657/mag/2</preferredMagnitudeID>
  <creationInfo>
    <agencyURI>smi:smi-registry/organization/EMSC</agencyURI>
    <authorURI>smi:smi-registry/organization/EMSC</authorURI>
    <creationTime>2014-12-10T09:34:33.259511Z</creationTime>
  </creationInfo>
  <description>
    <text>WESTERN TURKEY</text>
    <type>Flinn-Engdahl region</type>
  </description>
  <origin publicID="quakeml:eu.emsc/event/20000604_0000010/origin/1445657">
    <time>
      <value>2000-06-04T11:19:03.5Z</value>
    </time>
    <latitude>
      <value>37.87</value>
      <uncertainty>9999.9</uncertainty>
    </latitude>
    <longitude>
      <value>29.101</value>
      <uncertainty>9999.9</uncertainty>
    </longitude>
    <depth>
      <value>6000</value>
    </depth>
    <depthType>from location</depthType>
    <methodID>smi:eu.emsc-csem/origin_method/NA</methodID>
    <quality>
      <usedPhaseCount>6</usedPhaseCount>
      <usedStationCount>5</usedStationCount>
      <standardError>1.11</standardError>
      <azimuthalGap>106</azimuthalGap>
      <minimumDistance>0.57</minimumDistance>
      <maximumDistance>1.54</maximumDistance>
    </quality>
    <evaluationMode>manual</evaluationMode>
    <creationInfo>
      <agencyURI>smi:smi-registry/organization/EMSC</agencyURI>
      <authorURI>smi:smi-registry/organization/EMSC</authorURI>
    </creationInfo>
    <originUncertainty>
      <azimuthMaxHorizontalUncertainty>-99</azimuthMaxHorizontalUncertainty>
    </originUncertainty>
  </origin>
  <magnitude publicID="quakeml:eu.emsc/event/20000604_0000010/origin/1445657/mag/2">
    <mag>
      <value>3.3</value>
    </mag>
    <type>MD</type>
    <originID>quakeml:eu.emsc/event/20000604_0000010/origin/1445657</originID>
    <creationInfo>
      <agencyURI>smi:smi-registry/organization/EMSC</agencyURI>
      <authorURI>smi:smi-registry/organization/EMSC</authorURI>
    </creationInfo>
  </magnitude>
</event>
<event publicID="quakeml:eu.emsc/event/20000604_0000009">
  <preferredOriginID>quakeml:eu.emsc/event/20000604_0000009/origin/1453502</preferredOriginID>
  <preferredMagnitudeID>quakeml:eu.emsc/event/20000604_0000009/origin/1453502/mag/2</preferredMagnitudeID>
  <creationInfo>
    <agencyURI>smi:smi-registry/organization/EMSC</agencyURI>
    <authorURI>smi:smi-registry/organization/EMSC</authorURI>
    <creationTime>2014-12-03T10:52:30.12886Z</creationTime>
  </creationInfo>
  <description>
    <text>CENTRAL MEDITERRANEAN SEA</text>
    <type>Flinn-Engdahl region</type>
  </description>
  <origin publicID="quakeml:eu.emsc/event/20000604_0000009/origin/1453502">
    <time>
      <value>2000-06-04T10:52:52.6Z</value>
      <uncertainty>0.42</uncertainty>
    </time>
    <latitude>
      <value>35.951</value>
      <uncertainty>11.2</uncertainty>
    </latitude>
    <longitude>
      <value>22.0782</value>
      <uncertainty>7.4</uncertainty>
    </longitude>
    <depth>
      <value>2000</value>
    </depth>
    <depthType>from location</depthType>
    <methodID>smi:eu.emsc-csem/origin_method/NA</methodID>
    <quality>
      <usedPhaseCount>39</usedPhaseCount>
      <usedStationCount>34</usedStationCount>
      <standardError>1.4</standardError>
      <azimuthalGap>100</azimuthalGap>
      <minimumDistance>1.23</minimumDistance>
      <maximumDistance>30.81</maximumDistance>
    </quality>
    <evaluationMode>manual</evaluationMode>
    <creationInfo>
      <agencyURI>smi:smi-registry/organization/EMSC</agencyURI>
      <authorURI>smi:smi-registry/organization/EMSC</authorURI>
    </creationInfo>
    <originUncertainty>
      <azimuthMaxHorizontalUncertainty>18</azimuthMaxHorizontalUncertainty>
    </originUncertainty>
  </origin>
  <magnitude publicID="quakeml:eu.emsc/event/20000604_0000009/origin/1453502/mag/2">
    <mag>
      <value>3.9</value>
    </mag>
    <type>ML</type>
    <originID>quakeml:eu.emsc/event/20000604_0000009/origin/1453502</originID>
    <creationInfo>
      <agencyURI>smi:smi-registry/organization/EMSC</agencyURI>
      <authorURI>smi:smi-registry/organization/EMSC</authorURI>
    </creationInfo>
  </magnitude>
</event>
<event publicID="quakeml:eu.emsc/event/20000604_0000008">
  <preferredOriginID>quakeml:eu.emsc/event/20000604_0000008/origin/1445659</preferredOriginID>
  <preferredMagnitudeID>quakeml:eu.emsc/event/20000604_0000008/origin/1445659/mag/2</preferredMagnitudeID>
  <creationInfo>
    <agencyURI>smi:smi-registry/organization/EMSC</agencyURI>
    <authorURI>smi:smi-registry/organization/EMSC</authorURI>
    <creationTime>2014-12-10T09:34:29.316375Z</creationTime>
  </creationInfo>
  <description>
    <text>SOUTHERN GREECE</text>
    <type>Flinn-Engdahl region</type>
  </description>
  <origin publicID="quakeml:eu.emsc/event/20000604_0000008/origin/1445659">
    <time>
      <value>2000-06-04T10:44:12.8Z</value>
    </time>
    <latitude>
      <value>36.22</value>
      <uncertainty>9999.9</uncertainty>
    </latitude>
    <longitude>
      <value>22.25</value>
      <uncertainty>9999.9</uncertainty>
    </longitude>
    <depth>
      <value>5000</value>
    </depth>
    <depthType>from location</depthType>
    <methodID>smi:eu.emsc-csem/origin_method/NA</methodID>
    <quality>
      <usedPhaseCount>5</usedPhaseCount>
      <usedStationCount>5</usedStationCount>
      <standardError>1.28</standardError>
      <azimuthalGap>228</azimuthalGap>
      <minimumDistance>0.64</minimumDistance>
      <maximumDistance>1.79</maximumDistance>
    </quality>
    <evaluationMode>manual</evaluationMode>
    <creationInfo>
      <agencyURI>smi:smi-registry/organization/EMSC</agencyURI>
      <authorURI>smi:smi-registry/organization/EMSC</authorURI>
    </creationInfo>
    <originUncertainty>
      <azimuthMaxHorizontalUncertainty>-99</azimuthMaxHorizontalUncertainty>
    </originUncertainty>
  </origin>
  <magnitude publicID="quakeml:eu.emsc/event/20000604_0000008/origin/1445659/mag/2">
    <mag>
      <value>3.3</value>
    </mag>
    <type>MD</type>
    <originID>quakeml:eu.emsc/event/20000604_0000008/origin/1445659</originID>
    <creationInfo>
      <agencyURI>smi:smi-registry/organization/EMSC</agencyURI>
      <authorURI>smi:smi-registry/organization/EMSC</authorURI>
    </creationInfo>
  </magnitude>
</event>
<event publicID="quakeml:eu.emsc/event/20000604_0000007">
  <preferredOriginID>quakeml:eu.emsc/event/20000604_0000007/origin/1445661</preferredOriginID>
  <preferredMagnitudeID>quakeml:eu.emsc/event/20000604_0000007/origin/1445661/mag/2</preferredMagnitudeID>
  <creationInfo>
    <agencyURI>smi:smi-registry/organization/EMSC</agencyURI>
    <authorURI>smi:smi-registry/organization/EMSC</authorURI>
    <creationTime>2014-12-10T09:34:25.802896Z</creationTime>
  </creationInfo>
  <description>
    <text>WESTERN TURKEY</text>
    <type>Flinn-Engdahl region</type>
  </description>
  <origin publicID="quakeml:eu.emsc/event/20000604_0000007/origin/1445661">
    <time>
      <value>2000-06-04T08:56:45.1Z</value>
    </time>
    <latitude>
      <value>37.922</value>
      <uncertainty>9999.9</uncertainty>
    </latitude>
    <longitude>
      <value>29.043</value>
      <uncertainty>9999.9</uncertainty>
    </longitude>
    <depth>
      <value>10000</value>
    </depth>
    <depthType>from location</depthType>
    <methodID>smi:eu.emsc-csem/origin_method/NA</methodID>
    <quality>
      <usedPhaseCount>6</usedPhaseCount>
      <usedStationCount>4</usedStationCount>
      <standardError>2</standardError>
      <azimuthalGap>185</azimuthalGap>
      <minimumDistance>0.56</minimumDistance>
      <maximumDistance>1.36</maximumDistance>
    </quality>
    <evaluationMode>manual</evaluationMode>
    <creationInfo>
      <agencyURI>smi:smi-registry/organization/EMSC</agencyURI>
      <authorURI>smi:smi-registry/organization/EMSC</authorURI>
    </creationInfo>
    <originUncertainty>
      <azimuthMaxHorizontalUncertainty>-99</azimuthMaxHorizontalUncertainty>
    </originUncertainty>
  </origin>
  <magnitude publicID="quakeml:eu.emsc/event/20000604_0000007/origin/1445661/mag/2">
    <mag>
      <value>3.1</value>
    </mag>
    <type>MD</type>
    <originID>quakeml:eu.emsc/event/20000604_0000007/origin/1445661</originID>
    <creationInfo>
      <agencyURI>smi:smi-registry/organization/EMSC</agencyURI>
      <authorURI>smi:smi-registry/organization/EMSC</authorURI>
    </creationInfo>
  </magnitude>
</event>
<event publicID="quakeml:eu.emsc/event/20000604_0000006">
  <preferredOriginID>quakeml:eu.emsc/event/20000604_0000006/origin/1445663</preferredOriginID>
  <preferredMagnitudeID>quakeml:eu.emsc/event/20000604_0000006/origin/1445663/mag/2</preferredMagnitudeID>
  <creationInfo>
    <agencyURI>smi:smi-registry/organization/EMSC</agencyURI>
    <authorURI>smi:smi-registry/organization/EMSC</authorURI>
    <creationTime>2014-12-10T09:34:22.792432Z</creationTime>
  </creationInfo>
  <description>
    <text>WESTERN TURKEY</text>
    <type>Flinn-Engdahl region</type>
  </description>
  <origin publicID="quakeml:eu.emsc/event/20000604_0000006/origin/1445663">
    <time>
      <value>2000-06-04T08:40:41.0Z</value>
    </time>
    <latitude>
      <value>37.947</value>
      <uncertainty>9999.9</uncertainty>
    </latitude>
    <longitude>
      <value>29.07</value>
      <uncertainty>9999.9</uncertainty>
    </longitude>
    <depth>
      <value>10000</value>
    </depth>
    <depthType>from location</depthType>
    <methodID>smi:eu.emsc-csem/origin_method/NA</methodID>
    <quality>
      <usedPhaseCount>5</usedPhaseCount>
      <usedStationCount>4</usedStationCount>
      <standardError>1.89</standardError>
      <azimuthalGap>137</azimuthalGap>
      <minimumDistance>0.52</minimumDistance>
      <maximumDistance>1.49</maximumDistance>
    </quality>
    <evaluationMode>manual</evaluationMode>
    <creationInfo>
      <agencyURI>smi:smi-registry/organization/EMSC</agencyURI>
      <authorURI>smi:smi-registry/organization/EMSC</authorURI>
    </creationInfo>
    <originUncertainty>
      <azimuthMaxHorizontalUncertainty>-99</azimuthMaxHorizontalUncertainty>
    </originUncertainty>
  </origin>
  <magnitude publicID="quakeml:eu.emsc/event/20000604_0000006/origin/1445663/mag/2">
    <mag>
      <value>3.3</value>
    </mag>
    <type>MD</type>
    <originID>quakeml:eu.emsc/event/20000604_0000006/origin/1445663</originID>
    <creationInfo>
      <agencyURI>smi:smi-registry/organization/EMSC</agencyURI>
      <authorURI>smi:smi-registry/organization/EMSC</authorURI>
    </creationInfo>
  </magnitude>
</event>
<event publicID="quakeml:eu.emsc/event/20000604_0000005">
  <preferredOriginID>quakeml:eu.emsc/event/20000604_0000005/origin/1453504</preferredOriginID>
  <preferredMagnitudeID>quakeml:eu.emsc/event/20000604_0000005/origin/1453504/mag/2</preferredMagnitudeID>
  <creationInfo>
    <agencyURI>smi:smi-registry/organization/EMSC</agencyURI>
    <authorURI>smi:smi-registry/organization/EMSC</authorURI>
    <creationTime>2014-12-03T10:29:54.177622Z</creationTime>
  </creationInfo>
  <description>
    <text>WESTERN TURKEY</text>
    <type>Flinn-Engdahl region</type>
  </description>
  <origin publicID="quakeml:eu.emsc/event/20000604_0000005/origin/1453504">
    <time>
      <value>2000-06-04T07:54:42.0Z</value>
      <uncertainty>0.15</uncertainty>
    </time>
    <latitude>
      <value>40.669</value>
      <uncertainty>5.8</uncertainty>
    </latitude>
    <longitude>
      <value>27.6617</value>
      <uncertainty>3.3</uncertainty>
    </longitude>
    <depth>
      <value>12000</value>
    </depth>
    <depthType>from location</depthType>
    <methodID>smi:eu.emsc-csem/origin_method/NA</methodID>
    <quality>
      <usedPhaseCount>16</usedPhaseCount>
      <usedStationCount>14</usedStationCount>
      <standardError>0.68</standardError>
      <azimuthalGap>98</azimuthalGap>
      <minimumDistance>0.36</minimumDistance>
      <maximumDistance>3.85</maximumDistance>
    </quality>
    <evaluationMode>manual</evaluationMode>
    <creationInfo>
      <agencyURI>smi:smi-registry/organization/EMSC</agencyURI>
      <authorURI>smi:smi-registry/organization/EMSC</authorURI>
    </creationInfo>
    <originUncertainty>
      <azimuthMaxHorizontalUncertainty>35</azimuthMaxHorizontalUncertainty>
    </originUncertainty>
  </origin>
  <magnitude publicID="quakeml:eu.emsc/event/20000604_0000005/origin/1453504/mag/2">
    <mag>
      <value>3.5</value>
    </mag>
    <type>MD</type>
    <originID>quakeml:eu.emsc/event/20000604_0000005/origin/1453504</originID>
    <creationInfo>
      <agencyURI>smi:smi-registry/organization/EMSC</agencyURI>
      <authorURI>smi:smi-registry/organization/EMSC</authorURI>
    </creationInfo>
  </magnitude>
</event>
<event publicID="quakeml:eu.emsc/event/20000604_0000004">
  <preferredOriginID>quakeml:eu.emsc/event/20000604_0000004/origin/1445665</preferredOriginID>
  <preferredMagnitudeID>quakeml:eu.emsc/event/20000604_0000004/origin/1445665/mag/2</preferredMagnitudeID>
  <creationInfo>
    <agencyURI>smi:smi-registry/organization/EMSC</agencyURI>
    <authorURI>smi:smi-registry/organization/EMSC</authorURI>
    <creationTime>2014-12-10T09:34:18.262097Z</creationTime>
  </creationInfo>
  <description>
    <text>NORTHEASTERN IRAN</text>
    <type>Flinn-Engdahl region</type>
  </description>
  <origin publicID="quakeml:eu.emsc/event/20000604_0000004/origin/1445665">
    <time>
      <value>2000-06-04T07:32:27.1Z</value>
    </time>
    <latitude>
      <value>36.385</value>
      <uncertainty>9999.9</uncertainty>
    </latitude>
    <longitude>
      <value>56.496</value>
      <uncertainty>9999.9</uncertainty>
    </longitude>
    <depth>
      <value>33000</value>
    </depth>
    <depthType>from location</depthType>
    <methodID>smi:eu.emsc-csem/origin_method/NA</methodID>
    <quality>
      <usedPhaseCount>10</usedPhaseCount>
      <usedStationCount>8</usedStationCount>
      <standardError>2.43</standardError>
      <azimuthalGap>250</azimuthalGap>
      <minimumDistance>2.15</minimumDistance>
      <maximumDistance>36.5</maximumDistance>
    </quality>
    <evaluationMode>manual</evaluationMode>
    <creationInfo>
      <agencyURI>smi:smi-registry/organization/EMSC</agencyURI>
      <authorURI>smi:smi-registry/organization/EMSC</authorURI>
    </creationInfo>
    <originUncertainty>
      <azimuthMaxHorizontalUncertainty>-99</azimuthMaxHorizontalUncertainty>
    </originUncertainty>
  </origin>
  <magnitude publicID="quakeml:eu.emsc/event/20000604_0000004/origin/1445665/mag/2">
    <mag>
      <value>4.4</value>
    </mag>
    <type>mb</type>
    <originID>quakeml:eu.emsc/event/20000604_0000004/origin/1445665</originID>
    <stationCount>4</stationCount>
    <creationInfo>
      <agencyURI>smi:smi-registry/organization/EMSC</agencyURI>
      <authorURI>smi:smi-registry/organization/EMSC</authorURI>
    </creationInfo>
  </magnitude>
</event>
<event publicID="quakeml:eu.emsc/event/20000604_0000038">
  <preferredOriginID>quakeml:eu.emsc/event/20000604_0000038/origin/1452960</preferredOriginID>
  <preferredMagnitudeID>quakeml:eu.emsc/event/20000604_0000038/origin/1452960/mag/1</preferredMagnitudeID>
  <creationInfo>
    <agencyURI>smi:smi-registry/organization/EMSC</agencyURI>
    <authorURI>smi:smi-registry/organization/EMSC</authorURI>
    <creationTime>2014-12-03T16:34:52.398919Z</creationTime>
  </creationInfo>
  <description>
    <text>FRANCE</text>
    <type>Flinn-Engdahl region</type>
  </description>
  <origin publicID="quakeml:eu.emsc/event/20000604_0000038/origin/1452960">
    <time>
      <value>2000-06-04T06:44:03.3Z</value>
      <uncertainty>0.08</uncertainty>
    </time>
    <latitude>
      <value>44.6045</value>
      <uncertainty>2</uncertainty>
    </latitude>
    <longitude>
      <value>6.7539</value>
      <uncertainty>1.3</uncertainty>
    </longitude>
    <depth>
      <value>10000</value>
    </depth>
    <depthType>from location</depthType>
    <methodID>smi:eu.emsc-csem/origin_method/NA</methodID>
    <quality>
      <usedPhaseCount>59</usedPhaseCount>
      <usedStationCount>33</usedStationCount>
      <standardError>0.65</standardError>
      <azimuthalGap>71</azimuthalGap>
      <minimumDistance>0.13</minimumDistance>
      <maximumDistance>3.37</maximumDistance>
    </quality>
    <evaluationMode>manual</evaluationMode>
    <creationInfo>
      <agencyURI>smi:smi-registry/organization/EMSC</agencyURI>
      <authorURI>smi:smi-registry/organization/EMSC</authorURI>
    </creationInfo>
    <originUncertainty>
      <azimuthMaxHorizontalUncertainty>51</azimuthMaxHorizontalUncertainty>
    </originUncertainty>
  </origin>
  <magnitude publicID="quakeml:eu.emsc/event/20000604_0000038/origin/1452960/mag/1">
    <mag>
      <value>2.3</value>
      <uncertainty>0.2</uncertainty>
    </mag>
    <type>ML</type>
    <originID>quakeml:eu.emsc/event/20000604_0000038/origin/1452960</originID>
    <stationCount>7</stationCount>
    <creationInfo>
      <agencyURI>smi:smi-registry/organization/EMSC</agencyURI>
      <authorURI>smi:smi-registry/organization/EMSC</authorURI>
    </creationInfo>
  </magnitude>
</event>
<event publicID="quakeml:eu.emsc/event/20000604_0000033">
  <preferredOriginID>quakeml:eu.emsc/event/20000604_0000033/origin/1445667</preferredOriginID>
  <preferredMagnitudeID>quakeml:eu.emsc/event/20000604_0000033/origin/1445667/mag/2</preferredMagnitudeID>
  <creationInfo>
    <agencyURI>smi:smi-registry/organization/EMSC</agencyURI>
    <authorURI>smi:smi-registry/organization/EMSC</authorURI>
    <creationTime>2014-12-10T13:10:20.59636Z</creationTime>
  </creationInfo>
  <description>
    <text>FRANCE</text>
    <type>Flinn-Engdahl region</type>
  </description>
  <origin publicID="quakeml:eu.emsc/event/20000604_0000033/origin/1445667">
    <time>
      <value>2000-06-04T05:32:27.1Z</value>
    </time>
    <latitude>
      <value>48.4867</value>
      <uncertainty>9999.9</uncertainty>
    </latitude>
    <longitude>
      <value>-2.7043</value>
      <uncertainty>9999.9</uncertainty>
    </longitude>
    <depth>
      <value>2000</value>
    </depth>
    <depthType>from location</depthType>
    <methodID>smi:eu.emsc-csem/origin_method/NA</methodID>
    <quality>
      <usedPhaseCount>12</usedPhaseCount>
      <usedStationCount>6</usedStationCount>
      <standardError>1.3</standardError>
      <azimuthalGap>189</azimuthalGap>
      <minimumDistance>0.25</minimumDistance>
      <maximumDistance>2.56</maximumDistance>
    </quality>
    <evaluationMode>manual</evaluationMode>
    <creationInfo>
      <agencyURI>smi:smi-registry/organization/EMSC</agencyURI>
      <authorURI>smi:smi-registry/organization/EMSC</authorURI>
    </creationInfo>
    <originUncertainty>
      <azimuthMaxHorizontalUncertainty>-99</azimuthMaxHorizontalUncertainty>
    </originUncertainty>
  </origin>
  <magnitude publicID="quakeml:eu.emsc/event/20000604_0000033/origin/1445667/mag/2">
    <mag>
      <value>2.1</value>
    </mag>
    <type>ML</type>
    <originID>quakeml:eu.emsc/event/20000604_0000033/origin/1445667</originID>
    <stationCount>3</stationCount>
    <creationInfo>
      <agencyURI>smi:smi-registry/organization/EMSC</agencyURI>
      <authorURI>smi:smi-registry/organization/EMSC</authorURI>
    </creationInfo>
  </magnitude>
</event>
<event publicID="quakeml:eu.emsc/event/20000604_0000003">
  <preferredOriginID>quakeml:eu.emsc/event/20000604_0000003/origin/1453508</preferredOriginID>
  <preferredMagnitudeID>quakeml:eu.emsc/event/20000604_0000003/origin/1453508/mag/1</preferredMagnitudeID>
  <creationInfo>
    <agencyURI>smi:smi-registry/organization/EMSC</agencyURI>
    <authorURI>smi:smi-registry/organization/EMSC</authorURI>
    <creationTime>2014-12-03T11:22:28.757166Z</creationTime>
  </creationInfo>
  <description>
    <text>NORTHERN ALGERIA</text>
    <type>Flinn-Engdahl region</type>
  </description>
  <origin publicID="quakeml:eu.emsc/event/20000604_0000003/origin/1453508">
    <time>
      <value>2000-06-04T04:59:14.0Z</value>
      <uncertainty>0.46</uncertainty>
    </time>
    <latitude>
      <value>35.909</value>
      <uncertainty>9.8</uncertainty>
    </latitude>
    <longitude>
      <value>-1.8256</value>
      <uncertainty>5.3</uncertainty>
    </longitude>
    <depth>
      <value>10000</value>
    </depth>
    <depthType>from location</depthType>
    <methodID>smi:eu.emsc-csem/origin_method/NA</methodID>
    <quality>
      <usedPhaseCount>54</usedPhaseCount>
      <usedStationCount>36</usedStationCount>
      <standardError>1.09</standardError>
      <azimuthalGap>233</azimuthalGap>
      <minimumDistance>1.1</minimumDistance>
      <maximumDistance>12.04</maximumDistance>
    </quality>
    <evaluationMode>manual</evaluationMode>
    <creationInfo>
      <agencyURI>smi:smi-registry/organization/EMSC</agencyURI>
      <authorURI>smi:smi-registry/organization/EMSC</authorURI>
    </creationInfo>
    <originUncertainty>
      <azimuthMaxHorizontalUncertainty>169</azimuthMaxHorizontalUncertainty>
    </originUncertainty>
  </origin>
  <magnitude publicID="quakeml:eu.emsc/event/20000604_0000003/origin/1453508/mag/1">
    <mag>
      <value>3.5</value>
      <uncertainty>0.4</uncertainty>
    </mag>
    <type>ML</type>
    <originID>quakeml:eu.emsc/event/20000604_0000003/origin/1453508</originID>
    <stationCount>11</stationCount>
    <creationInfo>
      <agencyURI>smi:smi-registry/organization/EMSC</agencyURI>
      <authorURI>smi:smi-registry/organization/EMSC</authorURI>
    </creationInfo>
  </magnitude>
</event>
<event publicID="quakeml:eu.emsc/event/20000604_0000002">
  <preferredOriginID>quakeml:eu.emsc/event/20000604_0000002/origin/1445669</preferredOriginID>
  <preferredMagnitudeID>quakeml:eu.emsc/event/20000604_0000002/origin/1445669/mag/2</preferredMagnitudeID>
  <creationInfo>
    <agencyURI>smi:smi-registry/organization/EMSC</agencyURI>
    <authorURI>smi:smi-registry/organization/EMSC</authorURI>
    <creationTime>2014-12-10T09:34:14.654309Z</creationTime>
  </creationInfo>
  <description>
    <text>SOUTHERN GREECE</text>
    <type>Flinn-Engdahl region</type>
  </description>
  <origin publicID="quakeml:eu.emsc/event/20000604_0000002/origin/1445669">
    <time>
      <value>2000-06-04T04:57:56.4Z</value>
    </time>
    <latitude>
      <value>36.28</value>
      <uncertainty>9999.9</uncertainty>
    </latitude>
    <longitude>
      <value>22.26</value>
      <uncertainty>9999.9</uncertainty>
    </longitude>
    <depth>
      <value>8000</value>
    </depth>
    <depthType>from location</depthType>
    <methodID>smi:eu.emsc-csem/origin_method/NA</methodID>
    <quality>
      <usedPhaseCount>5</usedPhaseCount>
      <usedStationCount>5</usedStationCount>
      <standardError>1.81</standardError>
      <azimuthalGap>225</azimuthalGap>
      <minimumDistance>0.63</minimumDistance>
      <maximumDistance>1.8</maximumDistance>
    </quality>
    <evaluationMode>manual</evaluationMode>
    <creationInfo>
      <agencyURI>smi:smi-registry/organization/EMSC</agencyURI>
      <authorURI>smi:smi-registry/organization/EMSC</authorURI>
    </creationInfo>
    <originUncertainty>
      <azimuthMaxHorizontalUncertainty>-99</azimuthMaxHorizontalUncertainty>
    </originUncertainty>
  </origin>
  <magnitude publicID="quakeml:eu.emsc/event/20000604_0000002/origin/1445669/mag/2">
    <mag>
      <value>3.3</value>
    </mag>
    <type>MD</type>
    <originID>quakeml:eu.emsc/event/20000604_0000002/origin/1445669</originID>
    <creationInfo>
      <agencyURI>smi:smi-registry/organization/EMSC</agencyURI>
      <authorURI>smi:smi-registry/organization/EMSC</authorURI>
    </creationInfo>
  </magnitude>
</event>
<event publicID="quakeml:eu.emsc/event/20000604_0000035">
  <preferredOriginID>quakeml:eu.emsc/event/20000604_0000035/origin/1452963</preferredOriginID>
  <preferredMagnitudeID>quakeml:eu.emsc/event/20000604_0000035/origin/1452963/mag/2</preferredMagnitudeID>
  <creationInfo>
    <agencyURI>smi:smi-registry/organization/EMSC</agencyURI>
    <authorURI>smi:smi-registry/organization/EMSC</authorURI>
    <creationTime>2014-12-03T15:45:07.456176Z</creationTime>
  </creationInfo>
  <description>
    <text>PYRENEES</text>
    <type>Flinn-Engdahl region</type>
  </description>
  <origin publicID="quakeml:eu.emsc/event/20000604_0000035/origin/1452963">
    <time>
      <value>2000-06-04T04:38:28.6Z</value>
      <uncertainty>0.34</uncertainty>
    </time>
    <latitude>
      <value>43.0966</value>
      <uncertainty>10.9</uncertainty>
    </latitude>
    <longitude>
      <value>-0.1694</value>
      <uncertainty>5</uncertainty>
    </longitude>
    <depth>
      <value>2000</value>
    </depth>
    <depthType>from location</depthType>
    <methodID>smi:eu.emsc-csem/origin_method/NA</methodID>
    <quality>
      <usedPhaseCount>9</usedPhaseCount>
      <usedStationCount>4</usedStationCount>
      <standardError>0.6</standardError>
      <azimuthalGap>204</azimuthalGap>
      <minimumDistance>0.17</minimumDistance>
      <maximumDistance>1.39</maximumDistance>
    </quality>
    <evaluationMode>manual</evaluationMode>
    <creationInfo>
      <agencyURI>smi:smi-registry/organization/EMSC</agencyURI>
      <authorURI>smi:smi-registry/organization/EMSC</authorURI>
    </creationInfo>
    <originUncertainty>
      <azimuthMaxHorizontalUncertainty>23</azimuthMaxHorizontalUncertainty>
    </originUncertainty>
  </origin>
  <magnitude publicID="quakeml:eu.emsc/event/20000604_0000035/origin/1452963/mag/2">
    <mag>
      <value>2.2</value>
    </mag>
    <type>ML</type>
    <originID>quakeml:eu.emsc/event/20000604_0000035/origin/1452963</originID>
    <creationInfo>
      <agencyURI>smi:smi-registry/organization/EMSC</agencyURI>
      <authorURI>smi:smi-registry/organization/EMSC</authorURI>
    </creationInfo>
  </magnitude>
</event>
<event publicID="quakeml:eu.emsc/event/20000604_0000001">
  <preferredOriginID>quakeml:eu.emsc/event/20000604_0000001/origin/1445671</preferredOriginID>
  <preferredMagnitudeID>quakeml:eu.emsc/event/20000604_0000001/origin/1445671/mag/2</preferredMagnitudeID>
  <creationInfo>
    <agencyURI>smi:smi-registry/organization/EMSC</agencyURI>
    <authorURI>smi:smi-registry/organization/EMSC</authorURI>
    <creationTime>2014-12-10T09:34:13.95591Z</creationTime>
  </creationInfo>
  <description>
    <text>DODECANESE ISLANDS, GREECE</text>
    <type>Flinn-Engdahl region</type>
  </description>
  <origin publicID="quakeml:eu.emsc/event/20000604_0000001/origin/1445671">
    <time>
      <value>2000-06-04T01:33:44.4Z</value>
    </time>
    <latitude>
      <value>36.63</value>
      <uncertainty>9999.9</uncertainty>
    </latitude>
    <longitude>
      <value>26.13</value>
      <uncertainty>9999.9</uncertainty>
    </longitude>
    <depth>
      <value>34000</value>
    </depth>
    <depthType>from location</depthType>
    <methodID>smi:eu.emsc-csem/origin_method/NA</methodID>
    <quality>
      <usedPhaseCount>6</usedPhaseCount>
      <usedStationCount>6</usedStationCount>
      <standardError>0.61</standardError>
      <azimuthalGap>114</azimuthalGap>
      <minimumDistance>1.22</minimumDistance>
      <maximumDistance>2.34</maximumDistance>
    </quality>
    <evaluationMode>manual</evaluationMode>
    <creationInfo>
      <agencyURI>smi:smi-registry/organization/EMSC</agencyURI>
      <authorURI>smi:smi-registry/organization/EMSC</authorURI>
    </creationInfo>
    <originUncertainty>
      <azimuthMaxHorizontalUncertainty>-99</azimuthMaxHorizontalUncertainty>
    </originUncertainty>
  </origin>
  <magnitude publicID="quakeml:eu.emsc/event/20000604_0000001/origin/1445671/mag/2">
    <mag>
      <value>3.8</value>
    </mag>
    <type>ML</type>
    <originID>quakeml:eu.emsc/event/20000604_0000001/origin/1445671</originID>
    <creationInfo>
      <agencyURI>smi:smi-registry/organization/EMSC</agencyURI>
      <authorURI>smi:smi-registry/organization/EMSC</authorURI>
    </creationInfo>
  </magnitude>
</event>
</eventParameters>
</q:quakeml>
