<?xml version="1.0"?>
<q:quakeml xmlns:q="http://quakeml.org/xmlns/quakeml/1.2"  xmlns="http://quakeml.org/xmlns/bed/1.2">
<eventParameters publicID="smi:eu.emsc/unid">
<event publicID="quakeml:eu.emsc/event/20000721_0000010">
  <preferredOriginID>quakeml:eu.emsc/event/20000721_0000010/origin/1444815</preferredOriginID>
  <preferredMagnitudeID>quakeml:eu.emsc/event/20000721_0000010/origin/1444815/mag/2</preferredMagnitudeID>
  <creationInfo>
    <agencyURI>smi:smi-registry/organization/EMSC</agencyURI>
    <authorURI>smi:smi-registry/organization/EMSC</authorURI>
    <creationTime>2014-12-10T13:11:19.423522Z</creationTime>
  </creationInfo>
  <description>
    <text>NEAR SOUTH COAST OF FRANCE</text>
    <type>Flinn-Engdahl region</type>
  </description>
  <origin publicID="quakeml:eu.emsc/event/20000721_0000010/origin/1444815">
    <time>
      <value>2000-07-21T23:43:27.1Z</value>
    </time>
    <latitude>
      <value>43.9956</value>
      <uncertainty>9999.9</uncertainty>
    </latitude>
    <longitude>
      <value>7.4883</value>
      <uncertainty>9999.9</uncertainty>
    </longitude>
    <depth>
      <value>3000</value>
    </depth>
    <depthType>from location</depthType>
    <methodID>smi:eu.emsc-csem/origin_method/NA</methodID>
    <quality>
      <usedPhaseCount>10</usedPhaseCount>
      <usedStationCount>5</usedStationCount>
      <standardError>0.68</standardError>
      <azimuthalGap>231</azimuthalGap>
      <minimumDistance>0.14</minimumDistance>
      <maximumDistance>1.48</maximumDistance>
    </quality>
    <evaluationMode>manual</evaluationMode>
    <creationInfo>
      <agencyURI>smi:smi-registry/organization/EMSC</agencyURI>
      <authorURI>smi:smi-registry/organization/EMSC</authorURI>
    </creationInfo>
    <originUncertainty>
      <azimuthMaxHorizontalUncertainty>-99</azimuthMaxHorizontalUncertainty>
    </originUncertainty>
  </origin>
  <magnitude publicID="quakeml:eu.emsc/event/20000721_0000010/origin/1444815/mag/2">
    <mag>
      <value>1.9</value>
    </mag>
    <type>ML</type>
    <originID>quakeml:eu.emsc/event/20000721_0000010/origin/1444815</originID>
    <stationCount>4</stationCount>
    <creationInfo>
      <agencyURI>smi:smi-registry/organization/EMSC</agencyURI>
      <authorURI>smi:smi-registry/organization/EMSC</authorURI>
    </creationInfo>
  </magnitude>
</event>
<event publicID="quakeml:eu.emsc/event/20000721_0000005">
  <preferredOriginID>quakeml:eu.emsc/event/20000721_0000005/origin/1444817</preferredOriginID>
  <preferredMagnitudeID>quakeml:eu.emsc/event/20000721_0000005/origin/1444817/mag/2</preferredMagnitudeID>
  <creationInfo>
    <agencyURI>smi:smi-registry/organization/EMSC</agencyURI>
    <authorURI>smi:smi-registry/organization/EMSC</authorURI>
    <creationTime>2014-12-10T09:53:31.968807Z</creationTime>
  </creationInfo>
  <description>
    <text>SOUTHERN GREECE</text>
    <type>Flinn-Engdahl region</type>
  </description>
  <origin publicID="quakeml:eu.emsc/event/20000721_0000005/origin/1444817">
    <time>
      <value>2000-07-21T20:03:57.0Z</value>
    </time>
    <latitude>
      <value>37.66</value>
      <uncertainty>9999.9</uncertainty>
    </latitude>
    <longitude>
      <value>21.77</value>
      <uncertainty>9999.9</uncertainty>
    </longitude>
    <depth>
      <value>5000</value>
    </depth>
    <depthType>from location</depthType>
    <methodID>smi:eu.emsc-csem/origin_method/NA</methodID>
    <quality>
      <usedPhaseCount>5</usedPhaseCount>
      <usedStationCount>5</usedStationCount>
      <standardError>1.09</standardError>
      <azimuthalGap>133</azimuthalGap>
      <minimumDistance>0.5</minimumDistance>
      <maximumDistance>1.71</maximumDistance>
    </quality>
    <evaluationMode>manual</evaluationMode>
    <creationInfo>
      <agencyURI>smi:smi-registry/organization/EMSC</agencyURI>
      <authorURI>smi:smi-registry/organization/EMSC</authorURI>
    </creationInfo>
    <originUncertainty>
      <azimuthMaxHorizontalUncertainty>-99</azimuthMaxHorizontalUncertainty>
    </originUncertainty>
  </origin>
  <magnitude publicID="quakeml:eu.emsc/event/20000721_0000005/origin/1444817/mag/2">
    <mag>
      <value>3</value>
    </mag>
    <type>MD</type>
    <originID>quakeml:eu.emsc/event/20000721_0000005/origin/1444817</originID>
    <creationInfo>
      <agencyURI>smi:smi-registry/organization/EMSC</agencyURI>
      <authorURI>smi:smi-registry/organization/EMSC</authorURI>
    </creationInfo>
  </magnitude>
</event>
<event publicID="quakeml:eu.emsc/event/20000721_0000004">
  <preferredOriginID>quakeml:eu.emsc/event/20000721_0000004/origin/1444819</preferredOriginID>
  <preferredMagnitudeID>quakeml:eu.emsc/event/20000721_0000004/origin/1444819/mag/2</preferredMagnitudeID>
  <creationInfo>
    <agencyURI>smi:smi-registry/organization/EMSC</agencyURI>
    <authorURI>smi:smi-registry/organization/EMSC</authorURI>
    <creationTime>2014-12-10T09:53:24.955813Z</creationTime>
  </creationInfo>
  <description>
    <text>ROMANIA</text>
    <type>Flinn-Engdahl region</type>
  </description>
  <origin publicID="quakeml:eu.emsc/event/20000721_0000004/origin/1444819">
    <time>
      <value>2000-07-21T09:30:03.5Z</value>
    </time>
    <latitude>
      <value>45.499</value>
      <uncertainty>9999.9</uncertainty>
    </latitude>
    <longitude>
      <value>26.473</value>
      <uncertainty>9999.9</uncertainty>
    </longitude>
    <depth>
      <value>132600.0</value>
    </depth>
    <depthType>from location</depthType>
    <methodID>smi:eu.emsc-csem/origin_method/NA</methodID>
    <quality>
      <usedPhaseCount>13</usedPhaseCount>
      <usedStationCount>7</usedStationCount>
      <standardError>0.81</standardError>
      <azimuthalGap>116</azimuthalGap>
      <minimumDistance>0.37</minimumDistance>
      <maximumDistance>1.22</maximumDistance>
    </quality>
    <evaluationMode>manual</evaluationMode>
    <creationInfo>
      <agencyURI>smi:smi-registry/organization/EMSC</agencyURI>
      <authorURI>smi:smi-registry/organization/EMSC</authorURI>
    </creationInfo>
    <originUncertainty>
      <azimuthMaxHorizontalUncertainty>-99</azimuthMaxHorizontalUncertainty>
    </originUncertainty>
  </origin>
  <magnitude publicID="quakeml:eu.emsc/event/20000721_0000004/origin/1444819/mag/2">
    <mag>
      <value>3.3</value>
    </mag>
    <type>MD</type>
    <originID>quakeml:eu.emsc/event/20000721_0000004/origin/1444819</originID>
    <stationCount>4</stationCount>
    <creationInfo>
      <agencyURI>smi:smi-registry/organization/EMSC</agencyURI>
      <authorURI>smi:smi-registry/organization/EMSC</authorURI>
    </creationInfo>
  </magnitude>
</event>
<event publicID="quakeml:eu.emsc/event/20000721_0000003">
  <preferredOriginID>quakeml:eu.emsc/event/20000721_0000003/origin/1444821</preferredOriginID>
  <preferredMagnitudeID>quakeml:eu.emsc/event/20000721_0000003/origin/1444821/mag/2</preferredMagnitudeID>
  <creationInfo>
    <agencyURI>smi:smi-registry/organization/EMSC</agencyURI>
    <authorURI>smi:smi-registry/organization/EMSC</authorURI>
    <creationTime>2014-12-10T09:53:19.789752Z</creationTime>
  </creationInfo>
  <description>
    <text>FINLAND-RUSSIA BORDER REGION</text>
    <type>Flinn-Engdahl region</type>
  </description>
  <origin publicID="quakeml:eu.emsc/event/20000721_0000003/origin/1444821">
    <time>
      <value>2000-07-21T08:59:55.0Z</value>
    </time>
    <latitude>
      <value>64.741</value>
      <uncertainty>9999.9</uncertainty>
    </latitude>
    <longitude>
      <value>30.435</value>
      <uncertainty>9999.9</uncertainty>
    </longitude>
    <depth>
      <value>0</value>
    </depth>
    <depthType>from location</depthType>
    <methodID>smi:eu.emsc-csem/origin_method/NA</methodID>
    <quality>
      <usedPhaseCount>22</usedPhaseCount>
      <usedStationCount>12</usedStationCount>
      <standardError>3.56</standardError>
      <azimuthalGap>194</azimuthalGap>
      <minimumDistance>1.31</minimumDistance>
      <maximumDistance>5.21</maximumDistance>
    </quality>
    <evaluationMode>manual</evaluationMode>
    <creationInfo>
      <agencyURI>smi:smi-registry/organization/EMSC</agencyURI>
      <authorURI>smi:smi-registry/organization/EMSC</authorURI>
    </creationInfo>
    <originUncertainty>
      <azimuthMaxHorizontalUncertainty>-99</azimuthMaxHorizontalUncertainty>
    </originUncertainty>
  </origin>
  <magnitude publicID="quakeml:eu.emsc/event/20000721_0000003/origin/1444821/mag/2">
    <mag>
      <value>2.1</value>
    </mag>
    <type>ML</type>
    <originID>quakeml:eu.emsc/event/20000721_0000003/origin/1444821</originID>
    <creationInfo>
      <agencyURI>smi:smi-registry/organization/EMSC</agencyURI>
      <authorURI>smi:smi-registry/organization/EMSC</authorURI>
    </creationInfo>
  </magnitude>
</event>
<event publicID="quakeml:eu.emsc/event/20000721_0000009">
  <preferredOriginID>quakeml:eu.emsc/event/20000721_0000009/origin/1444823</preferredOriginID>
  <preferredMagnitudeID>quakeml:eu.emsc/event/20000721_0000009/origin/1444823/mag/2</preferredMagnitudeID>
  <creationInfo>
    <agencyURI>smi:smi-registry/organization/EMSC</agencyURI>
    <authorURI>smi:smi-registry/organization/EMSC</authorURI>
    <creationTime>2014-12-10T13:11:18.925417Z</creationTime>
  </creationInfo>
  <description>
    <text>SWITZERLAND</text>
    <type>Flinn-Engdahl region</type>
  </description>
  <origin publicID="quakeml:eu.emsc/event/20000721_0000009/origin/1444823">
    <time>
      <value>2000-07-21T08:35:17.9Z</value>
    </time>
    <latitude>
      <value>47.128</value>
      <uncertainty>9999.9</uncertainty>
    </latitude>
    <longitude>
      <value>9.175</value>
      <uncertainty>9999.9</uncertainty>
    </longitude>
    <depth>
      <value>200.0</value>
    </depth>
    <depthType>from location</depthType>
    <methodID>smi:eu.emsc-csem/origin_method/NA</methodID>
    <quality>
      <usedPhaseCount>13</usedPhaseCount>
      <usedStationCount>6</usedStationCount>
      <standardError>1.81</standardError>
      <azimuthalGap>86</azimuthalGap>
      <minimumDistance>0.16</minimumDistance>
      <maximumDistance>0.4</maximumDistance>
    </quality>
    <evaluationMode>manual</evaluationMode>
    <creationInfo>
      <agencyURI>smi:smi-registry/organization/EMSC</agencyURI>
      <authorURI>smi:smi-registry/organization/EMSC</authorURI>
    </creationInfo>
    <originUncertainty>
      <azimuthMaxHorizontalUncertainty>-99</azimuthMaxHorizontalUncertainty>
    </originUncertainty>
  </origin>
  <magnitude publicID="quakeml:eu.emsc/event/20000721_0000009/origin/1444823/mag/2">
    <mag>
      <value>1.6</value>
    </mag>
    <type>ML</type>
    <originID>quakeml:eu.emsc/event/20000721_0000009/origin/1444823</originID>
    <stationCount>4</stationCount>
    <creationInfo>
      <agencyURI>smi:smi-registry/organization/EMSC</agencyURI>
      <authorURI>smi:smi-registry/organization/EMSC</authorURI>
    </creationInfo>
  </magnitude>
</event>
<event publicID="quakeml:eu.emsc/event/20000721_0000002">
  <preferredOriginID>quakeml:eu.emsc/event/20000721_0000002/origin/1452763</preferredOriginID>
  <preferredMagnitudeID>quakeml:eu.emsc/event/20000721_0000002/origin/1452763/mag/2</preferredMagnitudeID>
  <creationInfo>
    <agencyURI>smi:smi-registry/organization/EMSC</agencyURI>
    <authorURI>smi:smi-registry/organization/EMSC</authorURI>
    <creationTime>2014-12-03T12:04:24.377Z</creationTime>
  </creationInfo>
  <description>
    <text>EASTERN MEDITERRANEAN SEA</text>
    <type>Flinn-Engdahl region</type>
  </description>
  <origin publicID="quakeml:eu.emsc/event/20000721_0000002/origin/1452763">
    <time>
      <value>2000-07-21T07:06:32.3Z</value>
      <uncertainty>0.45</uncertainty>
    </time>
    <latitude>
      <value>33.7164</value>
      <uncertainty>21.9</uncertainty>
    </latitude>
    <longitude>
      <value>25.2215</value>
      <uncertainty>5.6</uncertainty>
    </longitude>
    <depth>
      <value>30000</value>
    </depth>
    <depthType>from location</depthType>
    <methodID>smi:eu.emsc-csem/origin_method/NA</methodID>
    <quality>
      <usedPhaseCount>11</usedPhaseCount>
      <usedStationCount>11</usedStationCount>
      <standardError>0.51</standardError>
      <azimuthalGap>200</azimuthalGap>
      <minimumDistance>1.58</minimumDistance>
      <maximumDistance>9.02</maximumDistance>
    </quality>
    <evaluationMode>manual</evaluationMode>
    <creationInfo>
      <agencyURI>smi:smi-registry/organization/EMSC</agencyURI>
      <authorURI>smi:smi-registry/organization/EMSC</authorURI>
    </creationInfo>
    <originUncertainty>
      <azimuthMaxHorizontalUncertainty>58</azimuthMaxHorizontalUncertainty>
    </originUncertainty>
  </origin>
  <magnitude publicID="quakeml:eu.emsc/event/20000721_0000002/origin/1452763/mag/2">
    <mag>
      <value>4</value>
    </mag>
    <type>ML</type>
    <originID>quakeml:eu.emsc/event/20000721_0000002/origin/1452763</originID>
    <creationInfo>
      <agencyURI>smi:smi-registry/organization/EMSC</agencyURI>
      <authorURI>smi:smi-registry/organization/EMSC</authorURI>
    </creationInfo>
  </magnitude>
</event>
<event publicID="quakeml:eu.emsc/event/20000721_0000007">
  <preferredOriginID>quakeml:eu.emsc/event/20000721_0000007/origin/1451846</preferredOriginID>
  <preferredMagnitudeID>quakeml:eu.emsc/event/20000721_0000007/origin/1451846/mag/1</preferredMagnitudeID>
  <creationInfo>
    <agencyURI>smi:smi-registry/organization/EMSC</agencyURI>
    <authorURI>smi:smi-registry/organization/EMSC</authorURI>
    <creationTime>2014-12-03T15:05:48.86825Z</creationTime>
  </creationInfo>
  <description>
    <text>FRANCE</text>
    <type>Flinn-Engdahl region</type>
  </description>
  <origin publicID="quakeml:eu.emsc/event/20000721_0000007/origin/1451846">
    <time>
      <value>2000-07-21T03:57:47.9Z</value>
      <uncertainty>0.16</uncertainty>
    </time>
    <latitude>
      <value>44.5109</value>
      <uncertainty>3.5</uncertainty>
    </latitude>
    <longitude>
      <value>6.7638</value>
      <uncertainty>2.4</uncertainty>
    </longitude>
    <depth>
      <value>2000</value>
    </depth>
    <depthType>from location</depthType>
    <methodID>smi:eu.emsc-csem/origin_method/NA</methodID>
    <quality>
      <usedPhaseCount>28</usedPhaseCount>
      <usedStationCount>18</usedStationCount>
      <standardError>0.82</standardError>
      <azimuthalGap>130</azimuthalGap>
      <minimumDistance>0.22</minimumDistance>
      <maximumDistance>2.15</maximumDistance>
    </quality>
    <evaluationMode>manual</evaluationMode>
    <creationInfo>
      <agencyURI>smi:smi-registry/organization/EMSC</agencyURI>
      <authorURI>smi:smi-registry/organization/EMSC</authorURI>
    </creationInfo>
    <originUncertainty>
      <azimuthMaxHorizontalUncertainty>59</azimuthMaxHorizontalUncertainty>
    </originUncertainty>
  </origin>
  <magnitude publicID="quakeml:eu.emsc/event/20000721_0000007/origin/1451846/mag/1">
    <mag>
      <value>2.1</value>
      <uncertainty>0.6</uncertainty>
    </mag>
    <type>ML</type>
    <originID>quakeml:eu.emsc/event/20000721_0000007/origin/1451846</originID>
    <stationCount>7</stationCount>
    <creationInfo>
      <agencyURI>smi:smi-registry/organization/EMSC</agencyURI>
      <authorURI>smi:smi-registry/organization/EMSC</authorURI>
    </creationInfo>
  </magnitude>
</event>
<event publicID="quakeml:eu.emsc/event/20000721_0000011">
  <preferredOriginID>quakeml:eu.emsc/event/20000721_0000011/origin/1444825</preferredOriginID>
  <preferredMagnitudeID>quakeml:eu.emsc/event/20000721_0000011/origin/1444825/mag/2</preferredMagnitudeID>
  <creationInfo>
    <agencyURI>smi:smi-registry/organization/EMSC</agencyURI>
    <authorURI>smi:smi-registry/organization/EMSC</authorURI>
    <creationTime>2014-12-10T13:11:18.443545Z</creationTime>
  </creationInfo>
  <description>
    <text>GERMANY</text>
    <type>Flinn-Engdahl region</type>
  </description>
  <origin publicID="quakeml:eu.emsc/event/20000721_0000011/origin/1444825">
    <time>
      <value>2000-07-21T01:09:02.3Z</value>
    </time>
    <latitude>
      <value>51.5</value>
      <uncertainty>9999.9</uncertainty>
    </latitude>
    <longitude>
      <value>6.81</value>
      <uncertainty>9999.9</uncertainty>
    </longitude>
    <depth>
      <value>1000</value>
    </depth>
    <depthType>from location</depthType>
    <methodID>smi:eu.emsc-csem/origin_method/NA</methodID>
    <quality>
      <usedPhaseCount>8</usedPhaseCount>
      <usedStationCount>4</usedStationCount>
      <standardError>1.21</standardError>
      <azimuthalGap>202</azimuthalGap>
      <minimumDistance>0.29</minimumDistance>
      <maximumDistance>1.88</maximumDistance>
    </quality>
    <evaluationMode>manual</evaluationMode>
    <creationInfo>
      <agencyURI>smi:smi-registry/organization/EMSC</agencyURI>
      <authorURI>smi:smi-registry/organization/EMSC</authorURI>
    </creationInfo>
    <originUncertainty>
      <azimuthMaxHorizontalUncertainty>-99</azimuthMaxHorizontalUncertainty>
    </originUncertainty>
  </origin>
  <magnitude publicID="quakeml:eu.emsc/event/20000721_0000011/origin/1444825/mag/2">
    <mag>
      <value>2</value>
    </mag>
    <type>ML</type>
    <originID>quakeml:eu.emsc/event/20000721_0000011/origin/1444825</originID>
    <creationInfo>
      <agencyURI>smi:smi-registry/organization/EMSC</agencyURI>
      <authorURI>smi:smi-registry/organization/EMSC</authorURI>
    </creationInfo>
  </magnitude>
</event>
</eventParameters>
</q:quakeml>
