<?xml version="1.0"?>
<q:quakeml xmlns:q="http://quakeml.org/xmlns/quakeml/1.2"  xmlns="http://quakeml.org/xmlns/bed/1.2">
<eventParameters publicID="smi:eu.emsc/unid">
<event publicID="quakeml:eu.emsc/event/20001125_0000018">
  <preferredOriginID>quakeml:eu.emsc/event/20001125_0000018/origin/1441847</preferredOriginID>
  <preferredMagnitudeID>quakeml:eu.emsc/event/20001125_0000018/origin/1441847/mag/2</preferredMagnitudeID>
  <creationInfo>
    <agencyURI>smi:smi-registry/organization/EMSC</agencyURI>
    <authorURI>smi:smi-registry/organization/EMSC</authorURI>
    <creationTime>2014-12-03T11:33:29.329475Z</creationTime>
  </creationInfo>
  <description>
    <text>CASPIAN SEA, OFFSHORE AZERBAIJAN</text>
    <type>Flinn-Engdahl region</type>
  </description>
  <origin publicID="quakeml:eu.emsc/event/20001125_0000018/origin/1441847">
    <time>
      <value>2000-11-25T22:15:07.1Z</value>
      <uncertainty>0.31</uncertainty>
    </time>
    <latitude>
      <value>40.2671</value>
      <uncertainty>17.4</uncertainty>
    </latitude>
    <longitude>
      <value>49.9389</value>
      <uncertainty>6.9</uncertainty>
    </longitude>
    <depth>
      <value>30000</value>
    </depth>
    <depthType>from location</depthType>
    <methodID>smi:eu.emsc-csem/origin_method/NA</methodID>
    <quality>
      <usedPhaseCount>15</usedPhaseCount>
      <usedStationCount>13</usedStationCount>
      <standardError>0.97</standardError>
      <azimuthalGap>112</azimuthalGap>
      <minimumDistance>2.14</minimumDistance>
      <maximumDistance>44.98</maximumDistance>
    </quality>
    <evaluationMode>manual</evaluationMode>
    <creationInfo>
      <agencyURI>smi:smi-registry/organization/EMSC</agencyURI>
      <authorURI>smi:smi-registry/organization/EMSC</authorURI>
    </creationInfo>
    <originUncertainty>
      <azimuthMaxHorizontalUncertainty>25</azimuthMaxHorizontalUncertainty>
    </originUncertainty>
  </origin>
  <magnitude publicID="quakeml:eu.emsc/event/20001125_0000018/origin/1441847/mag/2">
    <mag>
      <value>3.4</value>
    </mag>
    <type>mb</type>
    <originID>quakeml:eu.emsc/event/20001125_0000018/origin/1441847</originID>
    <stationCount>1</stationCount>
    <creationInfo>
      <agencyURI>smi:smi-registry/organization/EMSC</agencyURI>
      <authorURI>smi:smi-registry/organization/EMSC</authorURI>
    </creationInfo>
  </magnitude>
</event>
<event publicID="quakeml:eu.emsc/event/20001125_0000022">
  <preferredOriginID>quakeml:eu.emsc/event/20001125_0000022/origin/1442655</preferredOriginID>
  <preferredMagnitudeID>quakeml:eu.emsc/event/20001125_0000022/origin/1442655/mag/2</preferredMagnitudeID>
  <creationInfo>
    <agencyURI>smi:smi-registry/organization/EMSC</agencyURI>
    <authorURI>smi:smi-registry/organization/EMSC</authorURI>
    <creationTime>2014-12-10T13:15:16.76325Z</creationTime>
  </creationInfo>
  <description>
    <text>GERMANY</text>
    <type>Flinn-Engdahl region</type>
  </description>
  <origin publicID="quakeml:eu.emsc/event/20001125_0000022/origin/1442655">
    <time>
      <value>2000-11-25T21:47:34.1Z</value>
    </time>
    <latitude>
      <value>49.34</value>
      <uncertainty>9999.9</uncertainty>
    </latitude>
    <longitude>
      <value>6.89</value>
      <uncertainty>9999.9</uncertainty>
    </longitude>
    <depth>
      <value>0</value>
    </depth>
    <depthType>from location</depthType>
    <methodID>smi:eu.emsc-csem/origin_method/NA</methodID>
    <quality>
      <usedPhaseCount>6</usedPhaseCount>
      <usedStationCount>4</usedStationCount>
      <standardError>0.95</standardError>
      <azimuthalGap>168</azimuthalGap>
      <minimumDistance>0.58</minimumDistance>
      <maximumDistance>4.5</maximumDistance>
    </quality>
    <evaluationMode>manual</evaluationMode>
    <creationInfo>
      <agencyURI>smi:smi-registry/organization/EMSC</agencyURI>
      <authorURI>smi:smi-registry/organization/EMSC</authorURI>
    </creationInfo>
    <originUncertainty>
      <azimuthMaxHorizontalUncertainty>-99</azimuthMaxHorizontalUncertainty>
    </originUncertainty>
  </origin>
  <magnitude publicID="quakeml:eu.emsc/event/20001125_0000022/origin/1442655/mag/2">
    <mag>
      <value>1.7</value>
    </mag>
    <type>ML</type>
    <originID>quakeml:eu.emsc/event/20001125_0000022/origin/1442655</originID>
    <creationInfo>
      <agencyURI>smi:smi-registry/organization/EMSC</agencyURI>
      <authorURI>smi:smi-registry/organization/EMSC</authorURI>
    </creationInfo>
  </magnitude>
</event>
<event publicID="quakeml:eu.emsc/event/20001125_0000017">
  <preferredOriginID>quakeml:eu.emsc/event/20001125_0000017/origin/1440246</preferredOriginID>
  <preferredMagnitudeID>quakeml:eu.emsc/event/20001125_0000017/origin/1440246/mag/2</preferredMagnitudeID>
  <creationInfo>
    <agencyURI>smi:smi-registry/organization/EMSC</agencyURI>
    <authorURI>smi:smi-registry/organization/EMSC</authorURI>
    <creationTime>2014-12-03T10:26:40.92341Z</creationTime>
  </creationInfo>
  <description>
    <text>SVALBARD REGION</text>
    <type>Flinn-Engdahl region</type>
  </description>
  <origin publicID="quakeml:eu.emsc/event/20001125_0000017/origin/1440246">
    <time>
      <value>2000-11-25T21:09:35.1Z</value>
      <uncertainty>1.07</uncertainty>
    </time>
    <latitude>
      <value>76.5319</value>
      <uncertainty>55.2</uncertainty>
    </latitude>
    <longitude>
      <value>24.3309</value>
      <uncertainty>9.8</uncertainty>
    </longitude>
    <depth>
      <value>10000</value>
    </depth>
    <depthType>from location</depthType>
    <methodID>smi:eu.emsc-csem/origin_method/NA</methodID>
    <quality>
      <usedPhaseCount>12</usedPhaseCount>
      <usedStationCount>12</usedStationCount>
      <standardError>0.66</standardError>
      <azimuthalGap>209</azimuthalGap>
      <minimumDistance>2.41</minimumDistance>
      <maximumDistance>15.17</maximumDistance>
    </quality>
    <evaluationMode>manual</evaluationMode>
    <creationInfo>
      <agencyURI>smi:smi-registry/organization/EMSC</agencyURI>
      <authorURI>smi:smi-registry/organization/EMSC</authorURI>
    </creationInfo>
    <originUncertainty>
      <azimuthMaxHorizontalUncertainty>62</azimuthMaxHorizontalUncertainty>
    </originUncertainty>
  </origin>
  <magnitude publicID="quakeml:eu.emsc/event/20001125_0000017/origin/1440246/mag/2">
    <mag>
      <value>3.4</value>
    </mag>
    <type>ML</type>
    <originID>quakeml:eu.emsc/event/20001125_0000017/origin/1440246</originID>
    <creationInfo>
      <agencyURI>smi:smi-registry/organization/EMSC</agencyURI>
      <authorURI>smi:smi-registry/organization/EMSC</authorURI>
    </creationInfo>
  </magnitude>
</event>
<event publicID="quakeml:eu.emsc/event/20001125_0000016">
  <preferredOriginID>quakeml:eu.emsc/event/20001125_0000016/origin/1440248</preferredOriginID>
  <preferredMagnitudeID>quakeml:eu.emsc/event/20001125_0000016/origin/1440248/mag/1</preferredMagnitudeID>
  <creationInfo>
    <agencyURI>smi:smi-registry/organization/EMSC</agencyURI>
    <authorURI>smi:smi-registry/organization/EMSC</authorURI>
    <creationTime>2014-12-03T12:16:26.358685Z</creationTime>
  </creationInfo>
  <description>
    <text>CASPIAN SEA, OFFSHORE AZERBAIJAN</text>
    <type>Flinn-Engdahl region</type>
  </description>
  <origin publicID="quakeml:eu.emsc/event/20001125_0000016/origin/1440248">
    <time>
      <value>2000-11-25T18:49:15.7Z</value>
      <uncertainty>0.46</uncertainty>
    </time>
    <latitude>
      <value>40.1262</value>
      <uncertainty>10.3</uncertainty>
    </latitude>
    <longitude>
      <value>50.1349</value>
      <uncertainty>5.7</uncertainty>
    </longitude>
    <depth>
      <value>53600.0</value>
      <uncertainty>4.5</uncertainty>
    </depth>
    <depthType>from location</depthType>
    <methodID>smi:eu.emsc-csem/origin_method/NA</methodID>
    <quality>
      <usedPhaseCount>47</usedPhaseCount>
      <usedStationCount>47</usedStationCount>
      <standardError>0.78</standardError>
      <azimuthalGap>152</azimuthalGap>
      <minimumDistance>4.13</minimumDistance>
      <maximumDistance>59.4</maximumDistance>
    </quality>
    <evaluationMode>manual</evaluationMode>
    <creationInfo>
      <agencyURI>smi:smi-registry/organization/EMSC</agencyURI>
      <authorURI>smi:smi-registry/organization/EMSC</authorURI>
    </creationInfo>
    <originUncertainty>
      <azimuthMaxHorizontalUncertainty>174</azimuthMaxHorizontalUncertainty>
    </originUncertainty>
  </origin>
  <magnitude publicID="quakeml:eu.emsc/event/20001125_0000016/origin/1440248/mag/1">
    <mag>
      <value>4.5</value>
      <uncertainty>0.3</uncertainty>
    </mag>
    <type>mb</type>
    <originID>quakeml:eu.emsc/event/20001125_0000016/origin/1440248</originID>
    <stationCount>16</stationCount>
    <creationInfo>
      <agencyURI>smi:smi-registry/organization/EMSC</agencyURI>
      <authorURI>smi:smi-registry/organization/EMSC</authorURI>
    </creationInfo>
  </magnitude>
</event>
<event publicID="quakeml:eu.emsc/event/20001125_0000015">
  <preferredOriginID>quakeml:eu.emsc/event/20001125_0000015/origin/1442657</preferredOriginID>
  <preferredMagnitudeID>quakeml:eu.emsc/event/20001125_0000015/origin/1442657/mag/2</preferredMagnitudeID>
  <creationInfo>
    <agencyURI>smi:smi-registry/organization/EMSC</agencyURI>
    <authorURI>smi:smi-registry/organization/EMSC</authorURI>
    <creationTime>2014-12-10T10:56:42.52632Z</creationTime>
  </creationInfo>
  <description>
    <text>CASPIAN SEA, OFFSHORE AZERBAIJAN</text>
    <type>Flinn-Engdahl region</type>
  </description>
  <origin publicID="quakeml:eu.emsc/event/20001125_0000015/origin/1442657">
    <time>
      <value>2000-11-25T18:47:44.3Z</value>
    </time>
    <latitude>
      <value>40.304</value>
      <uncertainty>9999.9</uncertainty>
    </latitude>
    <longitude>
      <value>49.952</value>
      <uncertainty>9999.9</uncertainty>
    </longitude>
    <depth>
      <value>33000</value>
    </depth>
    <depthType>from location</depthType>
    <methodID>smi:eu.emsc-csem/origin_method/NA</methodID>
    <quality>
      <usedPhaseCount>17</usedPhaseCount>
      <usedStationCount>17</usedStationCount>
      <standardError>2.66</standardError>
      <azimuthalGap>194</azimuthalGap>
      <minimumDistance>2.11</minimumDistance>
      <maximumDistance>37.71</maximumDistance>
    </quality>
    <evaluationMode>manual</evaluationMode>
    <creationInfo>
      <agencyURI>smi:smi-registry/organization/EMSC</agencyURI>
      <authorURI>smi:smi-registry/organization/EMSC</authorURI>
    </creationInfo>
    <originUncertainty>
      <azimuthMaxHorizontalUncertainty>-99</azimuthMaxHorizontalUncertainty>
    </originUncertainty>
  </origin>
  <magnitude publicID="quakeml:eu.emsc/event/20001125_0000015/origin/1442657/mag/2">
    <mag>
      <value>3.6</value>
    </mag>
    <type>mb</type>
    <originID>quakeml:eu.emsc/event/20001125_0000015/origin/1442657</originID>
    <stationCount>1</stationCount>
    <creationInfo>
      <agencyURI>smi:smi-registry/organization/EMSC</agencyURI>
      <authorURI>smi:smi-registry/organization/EMSC</authorURI>
    </creationInfo>
  </magnitude>
</event>
<event publicID="quakeml:eu.emsc/event/20001125_0000013">
  <preferredOriginID>quakeml:eu.emsc/event/20001125_0000013/origin/1441862</preferredOriginID>
  <preferredMagnitudeID>quakeml:eu.emsc/event/20001125_0000013/origin/1441862/mag/3</preferredMagnitudeID>
  <creationInfo>
    <agencyURI>smi:smi-registry/organization/EMSC</agencyURI>
    <authorURI>smi:smi-registry/organization/EMSC</authorURI>
    <creationTime>2014-12-03T11:18:58.690903Z</creationTime>
  </creationInfo>
  <description>
    <text>CASPIAN SEA, OFFSHORE AZERBAIJAN</text>
    <type>Flinn-Engdahl region</type>
  </description>
  <origin publicID="quakeml:eu.emsc/event/20001125_0000013/origin/1441862">
    <time>
      <value>2000-11-25T18:10:48.5Z</value>
      <uncertainty>0.13</uncertainty>
    </time>
    <latitude>
      <value>40.1906</value>
      <uncertainty>7.7</uncertainty>
    </latitude>
    <longitude>
      <value>49.9629</value>
      <uncertainty>3.3</uncertainty>
    </longitude>
    <depth>
      <value>30000</value>
    </depth>
    <depthType>from location</depthType>
    <methodID>smi:eu.emsc-csem/origin_method/NA</methodID>
    <quality>
      <usedPhaseCount>244</usedPhaseCount>
      <usedStationCount>239</usedStationCount>
      <standardError>0.88</standardError>
      <azimuthalGap>78</azimuthalGap>
      <minimumDistance>6.59</minimumDistance>
      <maximumDistance>96.87</maximumDistance>
    </quality>
    <evaluationMode>manual</evaluationMode>
    <creationInfo>
      <agencyURI>smi:smi-registry/organization/EMSC</agencyURI>
      <authorURI>smi:smi-registry/organization/EMSC</authorURI>
    </creationInfo>
    <originUncertainty>
      <azimuthMaxHorizontalUncertainty>178</azimuthMaxHorizontalUncertainty>
    </originUncertainty>
  </origin>
  <magnitude publicID="quakeml:eu.emsc/event/20001125_0000013/origin/1441862/mag/3">
    <mag>
      <value>6.3</value>
      <uncertainty>0.3</uncertainty>
    </mag>
    <type>mb</type>
    <originID>quakeml:eu.emsc/event/20001125_0000013/origin/1441862</originID>
    <stationCount>62</stationCount>
    <creationInfo>
      <agencyURI>smi:smi-registry/organization/EMSC</agencyURI>
      <authorURI>smi:smi-registry/organization/EMSC</authorURI>
    </creationInfo>
  </magnitude>
</event>
<event publicID="quakeml:eu.emsc/event/20001125_0000012">
  <preferredOriginID>quakeml:eu.emsc/event/20001125_0000012/origin/1441904</preferredOriginID>
  <preferredMagnitudeID>quakeml:eu.emsc/event/20001125_0000012/origin/1441904/mag/2</preferredMagnitudeID>
  <creationInfo>
    <agencyURI>smi:smi-registry/organization/EMSC</agencyURI>
    <authorURI>smi:smi-registry/organization/EMSC</authorURI>
    <creationTime>2014-12-03T10:23:21.232677Z</creationTime>
  </creationInfo>
  <description>
    <text>CASPIAN SEA, OFFSHORE AZERBAIJAN</text>
    <type>Flinn-Engdahl region</type>
  </description>
  <origin publicID="quakeml:eu.emsc/event/20001125_0000012/origin/1441904">
    <time>
      <value>2000-11-25T18:09:10.3Z</value>
      <uncertainty>0.1</uncertainty>
    </time>
    <latitude>
      <value>40.1722</value>
      <uncertainty>4</uncertainty>
    </latitude>
    <longitude>
      <value>49.9714</value>
      <uncertainty>3</uncertainty>
    </longitude>
    <depth>
      <value>30000</value>
    </depth>
    <depthType>from location</depthType>
    <methodID>smi:eu.emsc-csem/origin_method/NA</methodID>
    <quality>
      <usedPhaseCount>424</usedPhaseCount>
      <usedStationCount>410</usedStationCount>
      <standardError>0.98</standardError>
      <azimuthalGap>58</azimuthalGap>
      <minimumDistance>3.53</minimumDistance>
      <maximumDistance>81.62</maximumDistance>
    </quality>
    <evaluationMode>manual</evaluationMode>
    <creationInfo>
      <agencyURI>smi:smi-registry/organization/EMSC</agencyURI>
      <authorURI>smi:smi-registry/organization/EMSC</authorURI>
    </creationInfo>
    <originUncertainty>
      <azimuthMaxHorizontalUncertainty>172</azimuthMaxHorizontalUncertainty>
    </originUncertainty>
  </origin>
  <magnitude publicID="quakeml:eu.emsc/event/20001125_0000012/origin/1441904/mag/2">
    <mag>
      <value>5.8</value>
      <uncertainty>0.4</uncertainty>
    </mag>
    <type>mb</type>
    <originID>quakeml:eu.emsc/event/20001125_0000012/origin/1441904</originID>
    <stationCount>99</stationCount>
    <creationInfo>
      <agencyURI>smi:smi-registry/organization/EMSC</agencyURI>
      <authorURI>smi:smi-registry/organization/EMSC</authorURI>
    </creationInfo>
  </magnitude>
</event>
<event publicID="quakeml:eu.emsc/event/20001125_0000025">
  <preferredOriginID>quakeml:eu.emsc/event/20001125_0000025/origin/1442659</preferredOriginID>
  <preferredMagnitudeID>quakeml:eu.emsc/event/20001125_0000025/origin/1442659/mag/2</preferredMagnitudeID>
  <creationInfo>
    <agencyURI>smi:smi-registry/organization/EMSC</agencyURI>
    <authorURI>smi:smi-registry/organization/EMSC</authorURI>
    <creationTime>2014-12-10T13:15:16.300159Z</creationTime>
  </creationInfo>
  <description>
    <text>NEAR SOUTH COAST OF FRANCE</text>
    <type>Flinn-Engdahl region</type>
  </description>
  <origin publicID="quakeml:eu.emsc/event/20001125_0000025/origin/1442659">
    <time>
      <value>2000-11-25T17:33:54.7Z</value>
    </time>
    <latitude>
      <value>43.87</value>
      <uncertainty>9999.9</uncertainty>
    </latitude>
    <longitude>
      <value>7.57</value>
      <uncertainty>9999.9</uncertainty>
    </longitude>
    <depth>
      <value>4000</value>
    </depth>
    <depthType>from location</depthType>
    <methodID>smi:eu.emsc-csem/origin_method/NA</methodID>
    <quality>
      <usedPhaseCount>9</usedPhaseCount>
      <usedStationCount>6</usedStationCount>
      <standardError>0.45</standardError>
      <azimuthalGap>233</azimuthalGap>
      <minimumDistance>0.12</minimumDistance>
      <maximumDistance>0.3</maximumDistance>
    </quality>
    <evaluationMode>manual</evaluationMode>
    <creationInfo>
      <agencyURI>smi:smi-registry/organization/EMSC</agencyURI>
      <authorURI>smi:smi-registry/organization/EMSC</authorURI>
    </creationInfo>
    <originUncertainty>
      <azimuthMaxHorizontalUncertainty>-99</azimuthMaxHorizontalUncertainty>
    </originUncertainty>
  </origin>
  <magnitude publicID="quakeml:eu.emsc/event/20001125_0000025/origin/1442659/mag/2">
    <mag>
      <value>1.9</value>
    </mag>
    <type>ML</type>
    <originID>quakeml:eu.emsc/event/20001125_0000025/origin/1442659</originID>
    <creationInfo>
      <agencyURI>smi:smi-registry/organization/EMSC</agencyURI>
      <authorURI>smi:smi-registry/organization/EMSC</authorURI>
    </creationInfo>
  </magnitude>
</event>
<event publicID="quakeml:eu.emsc/event/20001125_0000023">
  <preferredOriginID>quakeml:eu.emsc/event/20001125_0000023/origin/1442661</preferredOriginID>
  <preferredMagnitudeID>quakeml:eu.emsc/event/20001125_0000023/origin/1442661/mag/2</preferredMagnitudeID>
  <creationInfo>
    <agencyURI>smi:smi-registry/organization/EMSC</agencyURI>
    <authorURI>smi:smi-registry/organization/EMSC</authorURI>
    <creationTime>2014-12-10T13:15:15.365012Z</creationTime>
  </creationInfo>
  <description>
    <text>NEAR SOUTH COAST OF FRANCE</text>
    <type>Flinn-Engdahl region</type>
  </description>
  <origin publicID="quakeml:eu.emsc/event/20001125_0000023/origin/1442661">
    <time>
      <value>2000-11-25T17:31:29.0Z</value>
    </time>
    <latitude>
      <value>43.86</value>
      <uncertainty>9999.9</uncertainty>
    </latitude>
    <longitude>
      <value>7.55</value>
      <uncertainty>9999.9</uncertainty>
    </longitude>
    <depth>
      <value>8000</value>
    </depth>
    <depthType>from location</depthType>
    <methodID>smi:eu.emsc-csem/origin_method/NA</methodID>
    <quality>
      <usedPhaseCount>9</usedPhaseCount>
      <usedStationCount>5</usedStationCount>
      <standardError>0.84</standardError>
      <azimuthalGap>226</azimuthalGap>
      <minimumDistance>0.13</minimumDistance>
      <maximumDistance>0.27</maximumDistance>
    </quality>
    <evaluationMode>manual</evaluationMode>
    <creationInfo>
      <agencyURI>smi:smi-registry/organization/EMSC</agencyURI>
      <authorURI>smi:smi-registry/organization/EMSC</authorURI>
    </creationInfo>
    <originUncertainty>
      <azimuthMaxHorizontalUncertainty>-99</azimuthMaxHorizontalUncertainty>
    </originUncertainty>
  </origin>
  <magnitude publicID="quakeml:eu.emsc/event/20001125_0000023/origin/1442661/mag/2">
    <mag>
      <value>2.1</value>
    </mag>
    <type>ML</type>
    <originID>quakeml:eu.emsc/event/20001125_0000023/origin/1442661</originID>
    <creationInfo>
      <agencyURI>smi:smi-registry/organization/EMSC</agencyURI>
      <authorURI>smi:smi-registry/organization/EMSC</authorURI>
    </creationInfo>
  </magnitude>
</event>
<event publicID="quakeml:eu.emsc/event/20001125_0000011">
  <preferredOriginID>quakeml:eu.emsc/event/20001125_0000011/origin/1440252</preferredOriginID>
  <preferredMagnitudeID>quakeml:eu.emsc/event/20001125_0000011/origin/1440252/mag/2</preferredMagnitudeID>
  <creationInfo>
    <agencyURI>smi:smi-registry/organization/EMSC</agencyURI>
    <authorURI>smi:smi-registry/organization/EMSC</authorURI>
    <creationTime>2014-12-03T10:40:34.957846Z</creationTime>
  </creationInfo>
  <description>
    <text>GREECE</text>
    <type>Flinn-Engdahl region</type>
  </description>
  <origin publicID="quakeml:eu.emsc/event/20001125_0000011/origin/1440252">
    <time>
      <value>2000-11-25T14:46:36.2Z</value>
      <uncertainty>0.16</uncertainty>
    </time>
    <latitude>
      <value>40.6859</value>
      <uncertainty>3.6</uncertainty>
    </latitude>
    <longitude>
      <value>22.81</value>
      <uncertainty>3.3</uncertainty>
    </longitude>
    <depth>
      <value>8000</value>
    </depth>
    <depthType>from location</depthType>
    <methodID>smi:eu.emsc-csem/origin_method/NA</methodID>
    <quality>
      <usedPhaseCount>32</usedPhaseCount>
      <usedStationCount>24</usedStationCount>
      <standardError>0.87</standardError>
      <azimuthalGap>39</azimuthalGap>
      <minimumDistance>0.13</minimumDistance>
      <maximumDistance>2.19</maximumDistance>
    </quality>
    <evaluationMode>manual</evaluationMode>
    <creationInfo>
      <agencyURI>smi:smi-registry/organization/EMSC</agencyURI>
      <authorURI>smi:smi-registry/organization/EMSC</authorURI>
    </creationInfo>
    <originUncertainty>
      <azimuthMaxHorizontalUncertainty>115</azimuthMaxHorizontalUncertainty>
    </originUncertainty>
  </origin>
  <magnitude publicID="quakeml:eu.emsc/event/20001125_0000011/origin/1440252/mag/2">
    <mag>
      <value>3</value>
    </mag>
    <type>ML</type>
    <originID>quakeml:eu.emsc/event/20001125_0000011/origin/1440252</originID>
    <creationInfo>
      <agencyURI>smi:smi-registry/organization/EMSC</agencyURI>
      <authorURI>smi:smi-registry/organization/EMSC</authorURI>
    </creationInfo>
  </magnitude>
</event>
<event publicID="quakeml:eu.emsc/event/20001125_0000009">
  <preferredOriginID>quakeml:eu.emsc/event/20001125_0000009/origin/1440255</preferredOriginID>
  <preferredMagnitudeID>quakeml:eu.emsc/event/20001125_0000009/origin/1440255/mag/2</preferredMagnitudeID>
  <creationInfo>
    <agencyURI>smi:smi-registry/organization/EMSC</agencyURI>
    <authorURI>smi:smi-registry/organization/EMSC</authorURI>
    <creationTime>2014-12-03T12:05:22.441701Z</creationTime>
  </creationInfo>
  <description>
    <text>SOUTHERN IRAN</text>
    <type>Flinn-Engdahl region</type>
  </description>
  <origin publicID="quakeml:eu.emsc/event/20001125_0000009/origin/1440255">
    <time>
      <value>2000-11-25T06:35:39.7Z</value>
      <uncertainty>1.07</uncertainty>
    </time>
    <latitude>
      <value>28.2181</value>
      <uncertainty>23.9</uncertainty>
    </latitude>
    <longitude>
      <value>57.6486</value>
      <uncertainty>17.5</uncertainty>
    </longitude>
    <depth>
      <value>48200.0</value>
      <uncertainty>9.6</uncertainty>
    </depth>
    <depthType>from location</depthType>
    <methodID>smi:eu.emsc-csem/origin_method/NA</methodID>
    <quality>
      <usedPhaseCount>19</usedPhaseCount>
      <usedStationCount>19</usedStationCount>
      <standardError>0.9</standardError>
      <azimuthalGap>154</azimuthalGap>
      <minimumDistance>8.58</minimumDistance>
      <maximumDistance>95.94</maximumDistance>
    </quality>
    <evaluationMode>manual</evaluationMode>
    <creationInfo>
      <agencyURI>smi:smi-registry/organization/EMSC</agencyURI>
      <authorURI>smi:smi-registry/organization/EMSC</authorURI>
    </creationInfo>
    <originUncertainty>
      <azimuthMaxHorizontalUncertainty>164</azimuthMaxHorizontalUncertainty>
    </originUncertainty>
  </origin>
  <magnitude publicID="quakeml:eu.emsc/event/20001125_0000009/origin/1440255/mag/2">
    <mag>
      <value>3.8</value>
    </mag>
    <type>mb</type>
    <originID>quakeml:eu.emsc/event/20001125_0000009/origin/1440255</originID>
    <stationCount>1</stationCount>
    <creationInfo>
      <agencyURI>smi:smi-registry/organization/EMSC</agencyURI>
      <authorURI>smi:smi-registry/organization/EMSC</authorURI>
    </creationInfo>
  </magnitude>
</event>
<event publicID="quakeml:eu.emsc/event/20001125_0000008">
  <preferredOriginID>quakeml:eu.emsc/event/20001125_0000008/origin/1442663</preferredOriginID>
  <preferredMagnitudeID>quakeml:eu.emsc/event/20001125_0000008/origin/1442663/mag/2</preferredMagnitudeID>
  <creationInfo>
    <agencyURI>smi:smi-registry/organization/EMSC</agencyURI>
    <authorURI>smi:smi-registry/organization/EMSC</authorURI>
    <creationTime>2014-12-10T10:56:27.972389Z</creationTime>
  </creationInfo>
  <description>
    <text>IONIAN SEA</text>
    <type>Flinn-Engdahl region</type>
  </description>
  <origin publicID="quakeml:eu.emsc/event/20001125_0000008/origin/1442663">
    <time>
      <value>2000-11-25T06:30:31.4Z</value>
    </time>
    <latitude>
      <value>37.24</value>
      <uncertainty>9999.9</uncertainty>
    </latitude>
    <longitude>
      <value>20.42</value>
      <uncertainty>9999.9</uncertainty>
    </longitude>
    <depth>
      <value>5000</value>
    </depth>
    <depthType>from location</depthType>
    <methodID>smi:eu.emsc-csem/origin_method/NA</methodID>
    <quality>
      <usedPhaseCount>6</usedPhaseCount>
      <usedStationCount>5</usedStationCount>
      <standardError>2.68</standardError>
      <azimuthalGap>254</azimuthalGap>
      <minimumDistance>0.95</minimumDistance>
      <maximumDistance>2.31</maximumDistance>
    </quality>
    <evaluationMode>manual</evaluationMode>
    <creationInfo>
      <agencyURI>smi:smi-registry/organization/EMSC</agencyURI>
      <authorURI>smi:smi-registry/organization/EMSC</authorURI>
    </creationInfo>
    <originUncertainty>
      <azimuthMaxHorizontalUncertainty>-99</azimuthMaxHorizontalUncertainty>
    </originUncertainty>
  </origin>
  <magnitude publicID="quakeml:eu.emsc/event/20001125_0000008/origin/1442663/mag/2">
    <mag>
      <value>3.2</value>
    </mag>
    <type>MD</type>
    <originID>quakeml:eu.emsc/event/20001125_0000008/origin/1442663</originID>
    <creationInfo>
      <agencyURI>smi:smi-registry/organization/EMSC</agencyURI>
      <authorURI>smi:smi-registry/organization/EMSC</authorURI>
    </creationInfo>
  </magnitude>
</event>
<event publicID="quakeml:eu.emsc/event/20001125_0000020">
  <preferredOriginID>quakeml:eu.emsc/event/20001125_0000020/origin/1442665</preferredOriginID>
  <preferredMagnitudeID>quakeml:eu.emsc/event/20001125_0000020/origin/1442665/mag/2</preferredMagnitudeID>
  <creationInfo>
    <agencyURI>smi:smi-registry/organization/EMSC</agencyURI>
    <authorURI>smi:smi-registry/organization/EMSC</authorURI>
    <creationTime>2014-12-10T13:15:14.885394Z</creationTime>
  </creationInfo>
  <description>
    <text>NEAR SOUTH COAST OF FRANCE</text>
    <type>Flinn-Engdahl region</type>
  </description>
  <origin publicID="quakeml:eu.emsc/event/20001125_0000020/origin/1442665">
    <time>
      <value>2000-11-25T05:13:35.6Z</value>
    </time>
    <latitude>
      <value>43.78</value>
      <uncertainty>9999.9</uncertainty>
    </latitude>
    <longitude>
      <value>7.43</value>
      <uncertainty>9999.9</uncertainty>
    </longitude>
    <depth>
      <value>5000</value>
    </depth>
    <depthType>from location</depthType>
    <methodID>smi:eu.emsc-csem/origin_method/NA</methodID>
    <quality>
      <usedPhaseCount>13</usedPhaseCount>
      <usedStationCount>7</usedStationCount>
      <standardError>0.64</standardError>
      <azimuthalGap>204</azimuthalGap>
      <minimumDistance>0.06</minimumDistance>
      <maximumDistance>0.39</maximumDistance>
    </quality>
    <evaluationMode>manual</evaluationMode>
    <creationInfo>
      <agencyURI>smi:smi-registry/organization/EMSC</agencyURI>
      <authorURI>smi:smi-registry/organization/EMSC</authorURI>
    </creationInfo>
    <originUncertainty>
      <azimuthMaxHorizontalUncertainty>-99</azimuthMaxHorizontalUncertainty>
    </originUncertainty>
  </origin>
  <magnitude publicID="quakeml:eu.emsc/event/20001125_0000020/origin/1442665/mag/2">
    <mag>
      <value>2.3</value>
    </mag>
    <type>ML</type>
    <originID>quakeml:eu.emsc/event/20001125_0000020/origin/1442665</originID>
    <creationInfo>
      <agencyURI>smi:smi-registry/organization/EMSC</agencyURI>
      <authorURI>smi:smi-registry/organization/EMSC</authorURI>
    </creationInfo>
  </magnitude>
</event>
<event publicID="quakeml:eu.emsc/event/20001125_0000007">
  <preferredOriginID>quakeml:eu.emsc/event/20001125_0000007/origin/1442667</preferredOriginID>
  <preferredMagnitudeID>quakeml:eu.emsc/event/20001125_0000007/origin/1442667/mag/2</preferredMagnitudeID>
  <creationInfo>
    <agencyURI>smi:smi-registry/organization/EMSC</agencyURI>
    <authorURI>smi:smi-registry/organization/EMSC</authorURI>
    <creationTime>2014-12-10T10:56:26.21716Z</creationTime>
  </creationInfo>
  <description>
    <text>WESTERN TURKEY</text>
    <type>Flinn-Engdahl region</type>
  </description>
  <origin publicID="quakeml:eu.emsc/event/20001125_0000007/origin/1442667">
    <time>
      <value>2000-11-25T04:51:57.9Z</value>
    </time>
    <latitude>
      <value>37.288</value>
      <uncertainty>9999.9</uncertainty>
    </latitude>
    <longitude>
      <value>28.269</value>
      <uncertainty>9999.9</uncertainty>
    </longitude>
    <depth>
      <value>5000</value>
    </depth>
    <depthType>from location</depthType>
    <methodID>smi:eu.emsc-csem/origin_method/NA</methodID>
    <quality>
      <usedPhaseCount>6</usedPhaseCount>
      <usedStationCount>5</usedStationCount>
      <standardError>0.66</standardError>
      <azimuthalGap>148</azimuthalGap>
      <minimumDistance>0.15</minimumDistance>
      <maximumDistance>1.86</maximumDistance>
    </quality>
    <evaluationMode>manual</evaluationMode>
    <creationInfo>
      <agencyURI>smi:smi-registry/organization/EMSC</agencyURI>
      <authorURI>smi:smi-registry/organization/EMSC</authorURI>
    </creationInfo>
    <originUncertainty>
      <azimuthMaxHorizontalUncertainty>-99</azimuthMaxHorizontalUncertainty>
    </originUncertainty>
  </origin>
  <magnitude publicID="quakeml:eu.emsc/event/20001125_0000007/origin/1442667/mag/2">
    <mag>
      <value>3</value>
    </mag>
    <type>MD</type>
    <originID>quakeml:eu.emsc/event/20001125_0000007/origin/1442667</originID>
    <creationInfo>
      <agencyURI>smi:smi-registry/organization/EMSC</agencyURI>
      <authorURI>smi:smi-registry/organization/EMSC</authorURI>
    </creationInfo>
  </magnitude>
</event>
<event publicID="quakeml:eu.emsc/event/20001125_0000005">
  <preferredOriginID>quakeml:eu.emsc/event/20001125_0000005/origin/1442669</preferredOriginID>
  <preferredMagnitudeID>quakeml:eu.emsc/event/20001125_0000005/origin/1442669/mag/2</preferredMagnitudeID>
  <creationInfo>
    <agencyURI>smi:smi-registry/organization/EMSC</agencyURI>
    <authorURI>smi:smi-registry/organization/EMSC</authorURI>
    <creationTime>2014-12-10T10:56:23.183298Z</creationTime>
  </creationInfo>
  <description>
    <text>CARLSBERG RIDGE</text>
    <type>Flinn-Engdahl region</type>
  </description>
  <origin publicID="quakeml:eu.emsc/event/20001125_0000005/origin/1442669">
    <time>
      <value>2000-11-25T03:25:37.2Z</value>
    </time>
    <latitude>
      <value>10.122</value>
      <uncertainty>9999.9</uncertainty>
    </latitude>
    <longitude>
      <value>56.648</value>
      <uncertainty>9999.9</uncertainty>
    </longitude>
    <depth>
      <value>10000</value>
    </depth>
    <depthType>from location</depthType>
    <methodID>smi:eu.emsc-csem/origin_method/NA</methodID>
    <quality>
      <usedPhaseCount>14</usedPhaseCount>
      <usedStationCount>14</usedStationCount>
      <standardError>2.3</standardError>
      <azimuthalGap>163</azimuthalGap>
      <minimumDistance>22.31</minimumDistance>
      <maximumDistance>69.04</maximumDistance>
    </quality>
    <evaluationMode>manual</evaluationMode>
    <creationInfo>
      <agencyURI>smi:smi-registry/organization/EMSC</agencyURI>
      <authorURI>smi:smi-registry/organization/EMSC</authorURI>
    </creationInfo>
    <originUncertainty>
      <azimuthMaxHorizontalUncertainty>-99</azimuthMaxHorizontalUncertainty>
    </originUncertainty>
  </origin>
  <magnitude publicID="quakeml:eu.emsc/event/20001125_0000005/origin/1442669/mag/2">
    <mag>
      <value>4.5</value>
    </mag>
    <type>mb</type>
    <originID>quakeml:eu.emsc/event/20001125_0000005/origin/1442669</originID>
    <stationCount>1</stationCount>
    <creationInfo>
      <agencyURI>smi:smi-registry/organization/EMSC</agencyURI>
      <authorURI>smi:smi-registry/organization/EMSC</authorURI>
    </creationInfo>
  </magnitude>
</event>
<event publicID="quakeml:eu.emsc/event/20001125_0000002">
  <preferredOriginID>quakeml:eu.emsc/event/20001125_0000002/origin/1442671</preferredOriginID>
  <preferredMagnitudeID>quakeml:eu.emsc/event/20001125_0000002/origin/1442671/mag/2</preferredMagnitudeID>
  <creationInfo>
    <agencyURI>smi:smi-registry/organization/EMSC</agencyURI>
    <authorURI>smi:smi-registry/organization/EMSC</authorURI>
    <creationTime>2014-12-10T10:56:19.793255Z</creationTime>
  </creationInfo>
  <description>
    <text>EASTERN TURKEY</text>
    <type>Flinn-Engdahl region</type>
  </description>
  <origin publicID="quakeml:eu.emsc/event/20001125_0000002/origin/1442671">
    <time>
      <value>2000-11-25T00:59:11.3Z</value>
    </time>
    <latitude>
      <value>38.239</value>
      <uncertainty>9999.9</uncertainty>
    </latitude>
    <longitude>
      <value>43.092</value>
      <uncertainty>9999.9</uncertainty>
    </longitude>
    <depth>
      <value>10000</value>
    </depth>
    <depthType>from location</depthType>
    <methodID>smi:eu.emsc-csem/origin_method/NA</methodID>
    <quality>
      <usedPhaseCount>8</usedPhaseCount>
      <usedStationCount>5</usedStationCount>
      <standardError>3.36</standardError>
      <azimuthalGap>231</azimuthalGap>
      <minimumDistance>0.23</minimumDistance>
      <maximumDistance>3.67</maximumDistance>
    </quality>
    <evaluationMode>manual</evaluationMode>
    <creationInfo>
      <agencyURI>smi:smi-registry/organization/EMSC</agencyURI>
      <authorURI>smi:smi-registry/organization/EMSC</authorURI>
    </creationInfo>
    <originUncertainty>
      <azimuthMaxHorizontalUncertainty>-99</azimuthMaxHorizontalUncertainty>
    </originUncertainty>
  </origin>
  <magnitude publicID="quakeml:eu.emsc/event/20001125_0000002/origin/1442671/mag/2">
    <mag>
      <value>3.8</value>
    </mag>
    <type>MD</type>
    <originID>quakeml:eu.emsc/event/20001125_0000002/origin/1442671</originID>
    <creationInfo>
      <agencyURI>smi:smi-registry/organization/EMSC</agencyURI>
      <authorURI>smi:smi-registry/organization/EMSC</authorURI>
    </creationInfo>
  </magnitude>
</event>
<event publicID="quakeml:eu.emsc/event/20001125_0000001">
  <preferredOriginID>quakeml:eu.emsc/event/20001125_0000001/origin/1442673</preferredOriginID>
  <preferredMagnitudeID>quakeml:eu.emsc/event/20001125_0000001/origin/1442673/mag/2</preferredMagnitudeID>
  <creationInfo>
    <agencyURI>smi:smi-registry/organization/EMSC</agencyURI>
    <authorURI>smi:smi-registry/organization/EMSC</authorURI>
    <creationTime>2014-12-10T10:56:16.466548Z</creationTime>
  </creationInfo>
  <description>
    <text>NORTHWESTERN IRAN</text>
    <type>Flinn-Engdahl region</type>
  </description>
  <origin publicID="quakeml:eu.emsc/event/20001125_0000001/origin/1442673">
    <time>
      <value>2000-11-25T00:25:58.8Z</value>
    </time>
    <latitude>
      <value>39.208</value>
      <uncertainty>9999.9</uncertainty>
    </latitude>
    <longitude>
      <value>48.102</value>
      <uncertainty>9999.9</uncertainty>
    </longitude>
    <depth>
      <value>33000</value>
    </depth>
    <depthType>from location</depthType>
    <methodID>smi:eu.emsc-csem/origin_method/NA</methodID>
    <quality>
      <usedPhaseCount>8</usedPhaseCount>
      <usedStationCount>8</usedStationCount>
      <standardError>1.95</standardError>
      <azimuthalGap>121</azimuthalGap>
      <minimumDistance>9.48</minimumDistance>
      <maximumDistance>44.5</maximumDistance>
    </quality>
    <evaluationMode>manual</evaluationMode>
    <creationInfo>
      <agencyURI>smi:smi-registry/organization/EMSC</agencyURI>
      <authorURI>smi:smi-registry/organization/EMSC</authorURI>
    </creationInfo>
    <originUncertainty>
      <azimuthMaxHorizontalUncertainty>-99</azimuthMaxHorizontalUncertainty>
    </originUncertainty>
  </origin>
  <magnitude publicID="quakeml:eu.emsc/event/20001125_0000001/origin/1442673/mag/2">
    <mag>
      <value>4.4</value>
    </mag>
    <type>mb</type>
    <originID>quakeml:eu.emsc/event/20001125_0000001/origin/1442673</originID>
    <creationInfo>
      <agencyURI>smi:smi-registry/organization/EMSC</agencyURI>
      <authorURI>smi:smi-registry/organization/EMSC</authorURI>
    </creationInfo>
  </magnitude>
</event>
</eventParameters>
</q:quakeml>
