<?xml version="1.0"?>
<q:quakeml xmlns:q="http://quakeml.org/xmlns/quakeml/1.2"  xmlns="http://quakeml.org/xmlns/bed/1.2">
<eventParameters publicID="smi:eu.emsc/unid">
<event publicID="quakeml:eu.emsc/event/20000718_0000015">
  <preferredOriginID>quakeml:eu.emsc/event/20000718_0000015/origin/1452334</preferredOriginID>
  <preferredMagnitudeID>quakeml:eu.emsc/event/20000718_0000015/origin/1452334/mag/1</preferredMagnitudeID>
  <creationInfo>
    <agencyURI>smi:smi-registry/organization/EMSC</agencyURI>
    <authorURI>smi:smi-registry/organization/EMSC</authorURI>
    <creationTime>2014-12-03T11:24:31.677824Z</creationTime>
  </creationInfo>
  <description>
    <text>SOUTHERN IRAN</text>
    <type>Flinn-Engdahl region</type>
  </description>
  <origin publicID="quakeml:eu.emsc/event/20000718_0000015/origin/1452334">
    <time>
      <value>2000-07-18T21:14:06.6Z</value>
      <uncertainty>0.3</uncertainty>
    </time>
    <latitude>
      <value>27.9861</value>
      <uncertainty>18.5</uncertainty>
    </latitude>
    <longitude>
      <value>56.2977</value>
      <uncertainty>6.1</uncertainty>
    </longitude>
    <depth>
      <value>40000</value>
    </depth>
    <depthType>from location</depthType>
    <methodID>smi:eu.emsc-csem/origin_method/NA</methodID>
    <quality>
      <usedPhaseCount>23</usedPhaseCount>
      <usedStationCount>23</usedStationCount>
      <standardError>0.74</standardError>
      <azimuthalGap>83</azimuthalGap>
      <minimumDistance>7.69</minimumDistance>
      <maximumDistance>120.48</maximumDistance>
    </quality>
    <evaluationMode>manual</evaluationMode>
    <creationInfo>
      <agencyURI>smi:smi-registry/organization/EMSC</agencyURI>
      <authorURI>smi:smi-registry/organization/EMSC</authorURI>
    </creationInfo>
    <originUncertainty>
      <azimuthMaxHorizontalUncertainty>2</azimuthMaxHorizontalUncertainty>
    </originUncertainty>
  </origin>
  <magnitude publicID="quakeml:eu.emsc/event/20000718_0000015/origin/1452334/mag/1">
    <mag>
      <value>4.2</value>
      <uncertainty>0.3</uncertainty>
    </mag>
    <type>mb</type>
    <originID>quakeml:eu.emsc/event/20000718_0000015/origin/1452334</originID>
    <stationCount>6</stationCount>
    <creationInfo>
      <agencyURI>smi:smi-registry/organization/EMSC</agencyURI>
      <authorURI>smi:smi-registry/organization/EMSC</authorURI>
    </creationInfo>
  </magnitude>
</event>
<event publicID="quakeml:eu.emsc/event/20000718_0000018">
  <preferredOriginID>quakeml:eu.emsc/event/20000718_0000018/origin/1447855</preferredOriginID>
  <preferredMagnitudeID>quakeml:eu.emsc/event/20000718_0000018/origin/1447855/mag/2</preferredMagnitudeID>
  <creationInfo>
    <agencyURI>smi:smi-registry/organization/EMSC</agencyURI>
    <authorURI>smi:smi-registry/organization/EMSC</authorURI>
    <creationTime>2014-12-10T13:11:16.966524Z</creationTime>
  </creationInfo>
  <description>
    <text>SWITZERLAND</text>
    <type>Flinn-Engdahl region</type>
  </description>
  <origin publicID="quakeml:eu.emsc/event/20000718_0000018/origin/1447855">
    <time>
      <value>2000-07-18T16:28:33.4Z</value>
    </time>
    <latitude>
      <value>46.964</value>
      <uncertainty>9999.9</uncertainty>
    </latitude>
    <longitude>
      <value>9.123</value>
      <uncertainty>9999.9</uncertainty>
    </longitude>
    <depth>
      <value>23200.0</value>
    </depth>
    <depthType>from location</depthType>
    <methodID>smi:eu.emsc-csem/origin_method/NA</methodID>
    <quality>
      <usedPhaseCount>9</usedPhaseCount>
      <usedStationCount>5</usedStationCount>
      <standardError>0.46</standardError>
      <azimuthalGap>157</azimuthalGap>
      <minimumDistance>0.13</minimumDistance>
      <maximumDistance>0.33</maximumDistance>
    </quality>
    <evaluationMode>manual</evaluationMode>
    <creationInfo>
      <agencyURI>smi:smi-registry/organization/EMSC</agencyURI>
      <authorURI>smi:smi-registry/organization/EMSC</authorURI>
    </creationInfo>
    <originUncertainty>
      <azimuthMaxHorizontalUncertainty>-99</azimuthMaxHorizontalUncertainty>
    </originUncertainty>
  </origin>
  <magnitude publicID="quakeml:eu.emsc/event/20000718_0000018/origin/1447855/mag/2">
    <mag>
      <value>1.2</value>
    </mag>
    <type>ML</type>
    <originID>quakeml:eu.emsc/event/20000718_0000018/origin/1447855</originID>
    <stationCount>4</stationCount>
    <creationInfo>
      <agencyURI>smi:smi-registry/organization/EMSC</agencyURI>
      <authorURI>smi:smi-registry/organization/EMSC</authorURI>
    </creationInfo>
  </magnitude>
</event>
<event publicID="quakeml:eu.emsc/event/20000718_0000019">
  <preferredOriginID>quakeml:eu.emsc/event/20000718_0000019/origin/1444847</preferredOriginID>
  <preferredMagnitudeID>quakeml:eu.emsc/event/20000718_0000019/origin/1444847/mag/2</preferredMagnitudeID>
  <creationInfo>
    <agencyURI>smi:smi-registry/organization/EMSC</agencyURI>
    <authorURI>smi:smi-registry/organization/EMSC</authorURI>
    <creationTime>2014-12-10T13:11:16.485233Z</creationTime>
  </creationInfo>
  <description>
    <text>SWITZERLAND</text>
    <type>Flinn-Engdahl region</type>
  </description>
  <origin publicID="quakeml:eu.emsc/event/20000718_0000019/origin/1444847">
    <time>
      <value>2000-07-18T15:43:41.0Z</value>
    </time>
    <latitude>
      <value>46.168</value>
      <uncertainty>9999.9</uncertainty>
    </latitude>
    <longitude>
      <value>7.042</value>
      <uncertainty>9999.9</uncertainty>
    </longitude>
    <depth>
      <value>4500.0</value>
    </depth>
    <depthType>from location</depthType>
    <methodID>smi:eu.emsc-csem/origin_method/NA</methodID>
    <quality>
      <usedPhaseCount>12</usedPhaseCount>
      <usedStationCount>6</usedStationCount>
      <standardError>0.44</standardError>
      <azimuthalGap>117</azimuthalGap>
      <minimumDistance>0.12</minimumDistance>
      <maximumDistance>0.46</maximumDistance>
    </quality>
    <evaluationMode>manual</evaluationMode>
    <creationInfo>
      <agencyURI>smi:smi-registry/organization/EMSC</agencyURI>
      <authorURI>smi:smi-registry/organization/EMSC</authorURI>
    </creationInfo>
    <originUncertainty>
      <azimuthMaxHorizontalUncertainty>-99</azimuthMaxHorizontalUncertainty>
    </originUncertainty>
  </origin>
  <magnitude publicID="quakeml:eu.emsc/event/20000718_0000019/origin/1444847/mag/2">
    <mag>
      <value>1.4</value>
    </mag>
    <type>ML</type>
    <originID>quakeml:eu.emsc/event/20000718_0000019/origin/1444847</originID>
    <stationCount>6</stationCount>
    <creationInfo>
      <agencyURI>smi:smi-registry/organization/EMSC</agencyURI>
      <authorURI>smi:smi-registry/organization/EMSC</authorURI>
    </creationInfo>
  </magnitude>
</event>
<event publicID="quakeml:eu.emsc/event/20000718_0000014">
  <preferredOriginID>quakeml:eu.emsc/event/20000718_0000014/origin/1452336</preferredOriginID>
  <preferredMagnitudeID>quakeml:eu.emsc/event/20000718_0000014/origin/1452336/mag/2</preferredMagnitudeID>
  <creationInfo>
    <agencyURI>smi:smi-registry/organization/EMSC</agencyURI>
    <authorURI>smi:smi-registry/organization/EMSC</authorURI>
    <creationTime>2014-12-03T12:14:38.997817Z</creationTime>
  </creationInfo>
  <description>
    <text>CYPRUS REGION</text>
    <type>Flinn-Engdahl region</type>
  </description>
  <origin publicID="quakeml:eu.emsc/event/20000718_0000014/origin/1452336">
    <time>
      <value>2000-07-18T15:08:23.7Z</value>
      <uncertainty>1.23</uncertainty>
    </time>
    <latitude>
      <value>35.3372</value>
      <uncertainty>38</uncertainty>
    </latitude>
    <longitude>
      <value>33.5108</value>
      <uncertainty>11.1</uncertainty>
    </longitude>
    <depth>
      <value>8000</value>
    </depth>
    <depthType>from location</depthType>
    <methodID>smi:eu.emsc-csem/origin_method/NA</methodID>
    <quality>
      <usedPhaseCount>7</usedPhaseCount>
      <usedStationCount>6</usedStationCount>
      <standardError>0.78</standardError>
      <azimuthalGap>231</azimuthalGap>
      <minimumDistance>0.06</minimumDistance>
      <maximumDistance>1.02</maximumDistance>
    </quality>
    <evaluationMode>manual</evaluationMode>
    <creationInfo>
      <agencyURI>smi:smi-registry/organization/EMSC</agencyURI>
      <authorURI>smi:smi-registry/organization/EMSC</authorURI>
    </creationInfo>
    <originUncertainty>
      <azimuthMaxHorizontalUncertainty>10</azimuthMaxHorizontalUncertainty>
    </originUncertainty>
  </origin>
  <magnitude publicID="quakeml:eu.emsc/event/20000718_0000014/origin/1452336/mag/2">
    <mag>
      <value>2.9</value>
    </mag>
    <type>ML</type>
    <originID>quakeml:eu.emsc/event/20000718_0000014/origin/1452336</originID>
    <creationInfo>
      <agencyURI>smi:smi-registry/organization/EMSC</agencyURI>
      <authorURI>smi:smi-registry/organization/EMSC</authorURI>
    </creationInfo>
  </magnitude>
</event>
<event publicID="quakeml:eu.emsc/event/20000718_0000013">
  <preferredOriginID>quakeml:eu.emsc/event/20000718_0000013/origin/1444849</preferredOriginID>
  <preferredMagnitudeID>quakeml:eu.emsc/event/20000718_0000013/origin/1444849/mag/2</preferredMagnitudeID>
  <creationInfo>
    <agencyURI>smi:smi-registry/organization/EMSC</agencyURI>
    <authorURI>smi:smi-registry/organization/EMSC</authorURI>
    <creationTime>2014-12-10T09:55:08.45425Z</creationTime>
  </creationInfo>
  <description>
    <text>WESTERN TURKEY</text>
    <type>Flinn-Engdahl region</type>
  </description>
  <origin publicID="quakeml:eu.emsc/event/20000718_0000013/origin/1444849">
    <time>
      <value>2000-07-18T14:19:06.6Z</value>
    </time>
    <latitude>
      <value>39.284</value>
      <uncertainty>9999.9</uncertainty>
    </latitude>
    <longitude>
      <value>27.986</value>
      <uncertainty>9999.9</uncertainty>
    </longitude>
    <depth>
      <value>10000</value>
    </depth>
    <depthType>from location</depthType>
    <methodID>smi:eu.emsc-csem/origin_method/NA</methodID>
    <quality>
      <usedPhaseCount>7</usedPhaseCount>
      <usedStationCount>5</usedStationCount>
      <standardError>1.86</standardError>
      <azimuthalGap>165</azimuthalGap>
      <minimumDistance>0.59</minimumDistance>
      <maximumDistance>2.01</maximumDistance>
    </quality>
    <evaluationMode>manual</evaluationMode>
    <creationInfo>
      <agencyURI>smi:smi-registry/organization/EMSC</agencyURI>
      <authorURI>smi:smi-registry/organization/EMSC</authorURI>
    </creationInfo>
    <originUncertainty>
      <azimuthMaxHorizontalUncertainty>-99</azimuthMaxHorizontalUncertainty>
    </originUncertainty>
  </origin>
  <magnitude publicID="quakeml:eu.emsc/event/20000718_0000013/origin/1444849/mag/2">
    <mag>
      <value>2.9</value>
    </mag>
    <type>MD</type>
    <originID>quakeml:eu.emsc/event/20000718_0000013/origin/1444849</originID>
    <creationInfo>
      <agencyURI>smi:smi-registry/organization/EMSC</agencyURI>
      <authorURI>smi:smi-registry/organization/EMSC</authorURI>
    </creationInfo>
  </magnitude>
</event>
<event publicID="quakeml:eu.emsc/event/20000718_0000012">
  <preferredOriginID>quakeml:eu.emsc/event/20000718_0000012/origin/1452339</preferredOriginID>
  <preferredMagnitudeID>quakeml:eu.emsc/event/20000718_0000012/origin/1452339/mag/2</preferredMagnitudeID>
  <creationInfo>
    <agencyURI>smi:smi-registry/organization/EMSC</agencyURI>
    <authorURI>smi:smi-registry/organization/EMSC</authorURI>
    <creationTime>2014-12-03T10:27:44.85933Z</creationTime>
  </creationInfo>
  <description>
    <text>SERBIA</text>
    <type>Flinn-Engdahl region</type>
  </description>
  <origin publicID="quakeml:eu.emsc/event/20000718_0000012/origin/1452339">
    <time>
      <value>2000-07-18T13:54:05.2Z</value>
      <uncertainty>0.18</uncertainty>
    </time>
    <latitude>
      <value>44.4637</value>
      <uncertainty>4.9</uncertainty>
    </latitude>
    <longitude>
      <value>22.364</value>
      <uncertainty>3.8</uncertainty>
    </longitude>
    <depth>
      <value>10000</value>
    </depth>
    <depthType>from location</depthType>
    <methodID>smi:eu.emsc-csem/origin_method/NA</methodID>
    <quality>
      <usedPhaseCount>23</usedPhaseCount>
      <usedStationCount>16</usedStationCount>
      <standardError>0.8</standardError>
      <azimuthalGap>86</azimuthalGap>
      <minimumDistance>0.2</minimumDistance>
      <maximumDistance>3.59</maximumDistance>
    </quality>
    <evaluationMode>manual</evaluationMode>
    <creationInfo>
      <agencyURI>smi:smi-registry/organization/EMSC</agencyURI>
      <authorURI>smi:smi-registry/organization/EMSC</authorURI>
    </creationInfo>
    <originUncertainty>
      <azimuthMaxHorizontalUncertainty>38</azimuthMaxHorizontalUncertainty>
    </originUncertainty>
  </origin>
  <magnitude publicID="quakeml:eu.emsc/event/20000718_0000012/origin/1452339/mag/2">
    <mag>
      <value>3.6</value>
    </mag>
    <type>MD</type>
    <originID>quakeml:eu.emsc/event/20000718_0000012/origin/1452339</originID>
    <stationCount>4</stationCount>
    <creationInfo>
      <agencyURI>smi:smi-registry/organization/EMSC</agencyURI>
      <authorURI>smi:smi-registry/organization/EMSC</authorURI>
    </creationInfo>
  </magnitude>
</event>
<event publicID="quakeml:eu.emsc/event/20000718_0000010">
  <preferredOriginID>quakeml:eu.emsc/event/20000718_0000010/origin/1452341</preferredOriginID>
  <preferredMagnitudeID>quakeml:eu.emsc/event/20000718_0000010/origin/1452341/mag/2</preferredMagnitudeID>
  <creationInfo>
    <agencyURI>smi:smi-registry/organization/EMSC</agencyURI>
    <authorURI>smi:smi-registry/organization/EMSC</authorURI>
    <creationTime>2014-12-03T11:33:31.771827Z</creationTime>
  </creationInfo>
  <description>
    <text>GREECE</text>
    <type>Flinn-Engdahl region</type>
  </description>
  <origin publicID="quakeml:eu.emsc/event/20000718_0000010/origin/1452341">
    <time>
      <value>2000-07-18T10:59:30.1Z</value>
      <uncertainty>0.73</uncertainty>
    </time>
    <latitude>
      <value>38.8743</value>
      <uncertainty>23.1</uncertainty>
    </latitude>
    <longitude>
      <value>20.6029</value>
      <uncertainty>17.2</uncertainty>
    </longitude>
    <depth>
      <value>2000</value>
    </depth>
    <depthType>from location</depthType>
    <methodID>smi:eu.emsc-csem/origin_method/NA</methodID>
    <quality>
      <usedPhaseCount>7</usedPhaseCount>
      <usedStationCount>7</usedStationCount>
      <standardError>1.35</standardError>
      <azimuthalGap>142</azimuthalGap>
      <minimumDistance>0.17</minimumDistance>
      <maximumDistance>2.24</maximumDistance>
    </quality>
    <evaluationMode>manual</evaluationMode>
    <creationInfo>
      <agencyURI>smi:smi-registry/organization/EMSC</agencyURI>
      <authorURI>smi:smi-registry/organization/EMSC</authorURI>
    </creationInfo>
    <originUncertainty>
      <azimuthMaxHorizontalUncertainty>71</azimuthMaxHorizontalUncertainty>
    </originUncertainty>
  </origin>
  <magnitude publicID="quakeml:eu.emsc/event/20000718_0000010/origin/1452341/mag/2">
    <mag>
      <value>3</value>
    </mag>
    <type>MD</type>
    <originID>quakeml:eu.emsc/event/20000718_0000010/origin/1452341</originID>
    <creationInfo>
      <agencyURI>smi:smi-registry/organization/EMSC</agencyURI>
      <authorURI>smi:smi-registry/organization/EMSC</authorURI>
    </creationInfo>
  </magnitude>
</event>
<event publicID="quakeml:eu.emsc/event/20000718_0000001">
  <preferredOriginID>quakeml:eu.emsc/event/20000718_0000001/origin/1452361</preferredOriginID>
  <preferredMagnitudeID>quakeml:eu.emsc/event/20000718_0000001/origin/1452361/mag/2</preferredMagnitudeID>
  <creationInfo>
    <agencyURI>smi:smi-registry/organization/EMSC</agencyURI>
    <authorURI>smi:smi-registry/organization/EMSC</authorURI>
    <creationTime>2014-12-03T10:56:19.78951Z</creationTime>
  </creationInfo>
  <description>
    <text>GREECE</text>
    <type>Flinn-Engdahl region</type>
  </description>
  <origin publicID="quakeml:eu.emsc/event/20000718_0000001/origin/1452361">
    <time>
      <value>2000-07-18T10:51:28.4Z</value>
      <uncertainty>0.8</uncertainty>
    </time>
    <latitude>
      <value>38.8539</value>
      <uncertainty>28.1</uncertainty>
    </latitude>
    <longitude>
      <value>20.479</value>
      <uncertainty>17.5</uncertainty>
    </longitude>
    <depth>
      <value>10000</value>
    </depth>
    <depthType>from location</depthType>
    <methodID>smi:eu.emsc-csem/origin_method/NA</methodID>
    <quality>
      <usedPhaseCount>8</usedPhaseCount>
      <usedStationCount>8</usedStationCount>
      <standardError>1.34</standardError>
      <azimuthalGap>155</azimuthalGap>
      <minimumDistance>0.2</minimumDistance>
      <maximumDistance>2.27</maximumDistance>
    </quality>
    <evaluationMode>manual</evaluationMode>
    <creationInfo>
      <agencyURI>smi:smi-registry/organization/EMSC</agencyURI>
      <authorURI>smi:smi-registry/organization/EMSC</authorURI>
    </creationInfo>
    <originUncertainty>
      <azimuthMaxHorizontalUncertainty>80</azimuthMaxHorizontalUncertainty>
    </originUncertainty>
  </origin>
  <magnitude publicID="quakeml:eu.emsc/event/20000718_0000001/origin/1452361/mag/2">
    <mag>
      <value>3</value>
    </mag>
    <type>MD</type>
    <originID>quakeml:eu.emsc/event/20000718_0000001/origin/1452361</originID>
    <creationInfo>
      <agencyURI>smi:smi-registry/organization/EMSC</agencyURI>
      <authorURI>smi:smi-registry/organization/EMSC</authorURI>
    </creationInfo>
  </magnitude>
</event>
<event publicID="quakeml:eu.emsc/event/20000718_0000008">
  <preferredOriginID>quakeml:eu.emsc/event/20000718_0000008/origin/1444851</preferredOriginID>
  <preferredMagnitudeID>quakeml:eu.emsc/event/20000718_0000008/origin/1444851/mag/2</preferredMagnitudeID>
  <creationInfo>
    <agencyURI>smi:smi-registry/organization/EMSC</agencyURI>
    <authorURI>smi:smi-registry/organization/EMSC</authorURI>
    <creationTime>2014-12-10T09:54:55.600859Z</creationTime>
  </creationInfo>
  <description>
    <text>ROMANIA</text>
    <type>Flinn-Engdahl region</type>
  </description>
  <origin publicID="quakeml:eu.emsc/event/20000718_0000008/origin/1444851">
    <time>
      <value>2000-07-18T10:22:25.2Z</value>
    </time>
    <latitude>
      <value>44.87</value>
      <uncertainty>9999.9</uncertainty>
    </latitude>
    <longitude>
      <value>26.442</value>
      <uncertainty>9999.9</uncertainty>
    </longitude>
    <depth>
      <value>14200.0</value>
    </depth>
    <depthType>from location</depthType>
    <methodID>smi:eu.emsc-csem/origin_method/NA</methodID>
    <quality>
      <usedPhaseCount>15</usedPhaseCount>
      <usedStationCount>8</usedStationCount>
      <standardError>1.61</standardError>
      <azimuthalGap>106</azimuthalGap>
      <minimumDistance>0.26</minimumDistance>
      <maximumDistance>1.24</maximumDistance>
    </quality>
    <evaluationMode>manual</evaluationMode>
    <creationInfo>
      <agencyURI>smi:smi-registry/organization/EMSC</agencyURI>
      <authorURI>smi:smi-registry/organization/EMSC</authorURI>
    </creationInfo>
    <originUncertainty>
      <azimuthMaxHorizontalUncertainty>-99</azimuthMaxHorizontalUncertainty>
    </originUncertainty>
  </origin>
  <magnitude publicID="quakeml:eu.emsc/event/20000718_0000008/origin/1444851/mag/2">
    <mag>
      <value>3.4</value>
    </mag>
    <type>MD</type>
    <originID>quakeml:eu.emsc/event/20000718_0000008/origin/1444851</originID>
    <stationCount>4</stationCount>
    <creationInfo>
      <agencyURI>smi:smi-registry/organization/EMSC</agencyURI>
      <authorURI>smi:smi-registry/organization/EMSC</authorURI>
    </creationInfo>
  </magnitude>
</event>
<event publicID="quakeml:eu.emsc/event/20000718_0000007">
  <preferredOriginID>quakeml:eu.emsc/event/20000718_0000007/origin/1444853</preferredOriginID>
  <preferredMagnitudeID>quakeml:eu.emsc/event/20000718_0000007/origin/1444853/mag/2</preferredMagnitudeID>
  <creationInfo>
    <agencyURI>smi:smi-registry/organization/EMSC</agencyURI>
    <authorURI>smi:smi-registry/organization/EMSC</authorURI>
    <creationTime>2014-12-10T09:54:52.997735Z</creationTime>
  </creationInfo>
  <description>
    <text>CENTRAL TURKEY</text>
    <type>Flinn-Engdahl region</type>
  </description>
  <origin publicID="quakeml:eu.emsc/event/20000718_0000007/origin/1444853">
    <time>
      <value>2000-07-18T06:29:31.4Z</value>
    </time>
    <latitude>
      <value>40.793</value>
      <uncertainty>9999.9</uncertainty>
    </latitude>
    <longitude>
      <value>32.917</value>
      <uncertainty>9999.9</uncertainty>
    </longitude>
    <depth>
      <value>6000</value>
    </depth>
    <depthType>from location</depthType>
    <methodID>smi:eu.emsc-csem/origin_method/NA</methodID>
    <quality>
      <usedPhaseCount>6</usedPhaseCount>
      <usedStationCount>4</usedStationCount>
      <standardError>1.11</standardError>
      <azimuthalGap>174</azimuthalGap>
      <minimumDistance>1.34</minimumDistance>
      <maximumDistance>2.39</maximumDistance>
    </quality>
    <evaluationMode>manual</evaluationMode>
    <creationInfo>
      <agencyURI>smi:smi-registry/organization/EMSC</agencyURI>
      <authorURI>smi:smi-registry/organization/EMSC</authorURI>
    </creationInfo>
    <originUncertainty>
      <azimuthMaxHorizontalUncertainty>-99</azimuthMaxHorizontalUncertainty>
    </originUncertainty>
  </origin>
  <magnitude publicID="quakeml:eu.emsc/event/20000718_0000007/origin/1444853/mag/2">
    <mag>
      <value>3.2</value>
    </mag>
    <type>MD</type>
    <originID>quakeml:eu.emsc/event/20000718_0000007/origin/1444853</originID>
    <creationInfo>
      <agencyURI>smi:smi-registry/organization/EMSC</agencyURI>
      <authorURI>smi:smi-registry/organization/EMSC</authorURI>
    </creationInfo>
  </magnitude>
</event>
<event publicID="quakeml:eu.emsc/event/20000718_0000006">
  <preferredOriginID>quakeml:eu.emsc/event/20000718_0000006/origin/1444855</preferredOriginID>
  <preferredMagnitudeID>quakeml:eu.emsc/event/20000718_0000006/origin/1444855/mag/2</preferredMagnitudeID>
  <creationInfo>
    <agencyURI>smi:smi-registry/organization/EMSC</agencyURI>
    <authorURI>smi:smi-registry/organization/EMSC</authorURI>
    <creationTime>2014-12-10T09:54:51.503595Z</creationTime>
  </creationInfo>
  <description>
    <text>AEGEAN SEA</text>
    <type>Flinn-Engdahl region</type>
  </description>
  <origin publicID="quakeml:eu.emsc/event/20000718_0000006/origin/1444855">
    <time>
      <value>2000-07-18T04:58:11.4Z</value>
    </time>
    <latitude>
      <value>38.27</value>
      <uncertainty>9999.9</uncertainty>
    </latitude>
    <longitude>
      <value>25.22</value>
      <uncertainty>9999.9</uncertainty>
    </longitude>
    <depth>
      <value>27000</value>
    </depth>
    <depthType>from location</depthType>
    <methodID>smi:eu.emsc-csem/origin_method/NA</methodID>
    <quality>
      <usedPhaseCount>7</usedPhaseCount>
      <usedStationCount>6</usedStationCount>
      <standardError>0.71</standardError>
      <azimuthalGap>141</azimuthalGap>
      <minimumDistance>1.09</minimumDistance>
      <maximumDistance>1.71</maximumDistance>
    </quality>
    <evaluationMode>manual</evaluationMode>
    <creationInfo>
      <agencyURI>smi:smi-registry/organization/EMSC</agencyURI>
      <authorURI>smi:smi-registry/organization/EMSC</authorURI>
    </creationInfo>
    <originUncertainty>
      <azimuthMaxHorizontalUncertainty>-99</azimuthMaxHorizontalUncertainty>
    </originUncertainty>
  </origin>
  <magnitude publicID="quakeml:eu.emsc/event/20000718_0000006/origin/1444855/mag/2">
    <mag>
      <value>3.2</value>
    </mag>
    <type>ML</type>
    <originID>quakeml:eu.emsc/event/20000718_0000006/origin/1444855</originID>
    <creationInfo>
      <agencyURI>smi:smi-registry/organization/EMSC</agencyURI>
      <authorURI>smi:smi-registry/organization/EMSC</authorURI>
    </creationInfo>
  </magnitude>
</event>
<event publicID="quakeml:eu.emsc/event/20000718_0000005">
  <preferredOriginID>quakeml:eu.emsc/event/20000718_0000005/origin/1452343</preferredOriginID>
  <preferredMagnitudeID>quakeml:eu.emsc/event/20000718_0000005/origin/1452343/mag/2</preferredMagnitudeID>
  <creationInfo>
    <agencyURI>smi:smi-registry/organization/EMSC</agencyURI>
    <authorURI>smi:smi-registry/organization/EMSC</authorURI>
    <creationTime>2014-12-03T11:31:41.618679Z</creationTime>
  </creationInfo>
  <description>
    <text>AEGEAN SEA</text>
    <type>Flinn-Engdahl region</type>
  </description>
  <origin publicID="quakeml:eu.emsc/event/20000718_0000005/origin/1452343">
    <time>
      <value>2000-07-18T04:50:50.2Z</value>
      <uncertainty>0.4</uncertainty>
    </time>
    <latitude>
      <value>38.2084</value>
      <uncertainty>11</uncertainty>
    </latitude>
    <longitude>
      <value>25.2316</value>
      <uncertainty>9.9</uncertainty>
    </longitude>
    <depth>
      <value>2000</value>
    </depth>
    <depthType>from location</depthType>
    <methodID>smi:eu.emsc-csem/origin_method/NA</methodID>
    <quality>
      <usedPhaseCount>8</usedPhaseCount>
      <usedStationCount>7</usedStationCount>
      <standardError>1.03</standardError>
      <azimuthalGap>73</azimuthalGap>
      <minimumDistance>1.09</minimumDistance>
      <maximumDistance>2.1</maximumDistance>
    </quality>
    <evaluationMode>manual</evaluationMode>
    <creationInfo>
      <agencyURI>smi:smi-registry/organization/EMSC</agencyURI>
      <authorURI>smi:smi-registry/organization/EMSC</authorURI>
    </creationInfo>
    <originUncertainty>
      <azimuthMaxHorizontalUncertainty>115</azimuthMaxHorizontalUncertainty>
    </originUncertainty>
  </origin>
  <magnitude publicID="quakeml:eu.emsc/event/20000718_0000005/origin/1452343/mag/2">
    <mag>
      <value>3.3</value>
    </mag>
    <type>ML</type>
    <originID>quakeml:eu.emsc/event/20000718_0000005/origin/1452343</originID>
    <creationInfo>
      <agencyURI>smi:smi-registry/organization/EMSC</agencyURI>
      <authorURI>smi:smi-registry/organization/EMSC</authorURI>
    </creationInfo>
  </magnitude>
</event>
<event publicID="quakeml:eu.emsc/event/20000718_0000017">
  <preferredOriginID>quakeml:eu.emsc/event/20000718_0000017/origin/1451860</preferredOriginID>
  <preferredMagnitudeID>quakeml:eu.emsc/event/20000718_0000017/origin/1451860/mag/1</preferredMagnitudeID>
  <creationInfo>
    <agencyURI>smi:smi-registry/organization/EMSC</agencyURI>
    <authorURI>smi:smi-registry/organization/EMSC</authorURI>
    <creationTime>2014-12-03T15:51:05.798277Z</creationTime>
  </creationInfo>
  <description>
    <text>FRANCE</text>
    <type>Flinn-Engdahl region</type>
  </description>
  <origin publicID="quakeml:eu.emsc/event/20000718_0000017/origin/1451860">
    <time>
      <value>2000-07-18T04:42:15.9Z</value>
      <uncertainty>0.08</uncertainty>
    </time>
    <latitude>
      <value>45.8707</value>
      <uncertainty>1.9</uncertainty>
    </latitude>
    <longitude>
      <value>3.0068</value>
      <uncertainty>1.3</uncertainty>
    </longitude>
    <depth>
      <value>20000</value>
    </depth>
    <depthType>from location</depthType>
    <methodID>smi:eu.emsc-csem/origin_method/NA</methodID>
    <quality>
      <usedPhaseCount>18</usedPhaseCount>
      <usedStationCount>9</usedStationCount>
      <standardError>0.29</standardError>
      <azimuthalGap>127</azimuthalGap>
      <minimumDistance>0.12</minimumDistance>
      <maximumDistance>1.24</maximumDistance>
    </quality>
    <evaluationMode>manual</evaluationMode>
    <creationInfo>
      <agencyURI>smi:smi-registry/organization/EMSC</agencyURI>
      <authorURI>smi:smi-registry/organization/EMSC</authorURI>
    </creationInfo>
    <originUncertainty>
      <azimuthMaxHorizontalUncertainty>86</azimuthMaxHorizontalUncertainty>
    </originUncertainty>
  </origin>
  <magnitude publicID="quakeml:eu.emsc/event/20000718_0000017/origin/1451860/mag/1">
    <mag>
      <value>1.4</value>
      <uncertainty>0.1</uncertainty>
    </mag>
    <type>ML</type>
    <originID>quakeml:eu.emsc/event/20000718_0000017/origin/1451860</originID>
    <stationCount>5</stationCount>
    <creationInfo>
      <agencyURI>smi:smi-registry/organization/EMSC</agencyURI>
      <authorURI>smi:smi-registry/organization/EMSC</authorURI>
    </creationInfo>
  </magnitude>
</event>
<event publicID="quakeml:eu.emsc/event/20000718_0000004">
  <preferredOriginID>quakeml:eu.emsc/event/20000718_0000004/origin/1444857</preferredOriginID>
  <preferredMagnitudeID>quakeml:eu.emsc/event/20000718_0000004/origin/1444857/mag/2</preferredMagnitudeID>
  <creationInfo>
    <agencyURI>smi:smi-registry/organization/EMSC</agencyURI>
    <authorURI>smi:smi-registry/organization/EMSC</authorURI>
    <creationTime>2014-12-10T09:54:44.969738Z</creationTime>
  </creationInfo>
  <description>
    <text>WESTERN TURKEY</text>
    <type>Flinn-Engdahl region</type>
  </description>
  <origin publicID="quakeml:eu.emsc/event/20000718_0000004/origin/1444857">
    <time>
      <value>2000-07-18T03:59:01.7Z</value>
    </time>
    <latitude>
      <value>37.921</value>
      <uncertainty>9999.9</uncertainty>
    </latitude>
    <longitude>
      <value>29.47</value>
      <uncertainty>9999.9</uncertainty>
    </longitude>
    <depth>
      <value>10000</value>
    </depth>
    <depthType>from location</depthType>
    <methodID>smi:eu.emsc-csem/origin_method/NA</methodID>
    <quality>
      <usedPhaseCount>7</usedPhaseCount>
      <usedStationCount>6</usedStationCount>
      <standardError>1.97</standardError>
      <azimuthalGap>122</azimuthalGap>
      <minimumDistance>0.41</minimumDistance>
      <maximumDistance>2.41</maximumDistance>
    </quality>
    <evaluationMode>manual</evaluationMode>
    <creationInfo>
      <agencyURI>smi:smi-registry/organization/EMSC</agencyURI>
      <authorURI>smi:smi-registry/organization/EMSC</authorURI>
    </creationInfo>
    <originUncertainty>
      <azimuthMaxHorizontalUncertainty>-99</azimuthMaxHorizontalUncertainty>
    </originUncertainty>
  </origin>
  <magnitude publicID="quakeml:eu.emsc/event/20000718_0000004/origin/1444857/mag/2">
    <mag>
      <value>3.3</value>
    </mag>
    <type>MD</type>
    <originID>quakeml:eu.emsc/event/20000718_0000004/origin/1444857</originID>
    <creationInfo>
      <agencyURI>smi:smi-registry/organization/EMSC</agencyURI>
      <authorURI>smi:smi-registry/organization/EMSC</authorURI>
    </creationInfo>
  </magnitude>
</event>
<event publicID="quakeml:eu.emsc/event/20000718_0000002">
  <preferredOriginID>quakeml:eu.emsc/event/20000718_0000002/origin/1452355</preferredOriginID>
  <preferredMagnitudeID>quakeml:eu.emsc/event/20000718_0000002/origin/1452355/mag/2</preferredMagnitudeID>
  <creationInfo>
    <agencyURI>smi:smi-registry/organization/EMSC</agencyURI>
    <authorURI>smi:smi-registry/organization/EMSC</authorURI>
    <creationTime>2014-12-03T12:12:49.128537Z</creationTime>
  </creationInfo>
  <description>
    <text>JAN MAYEN ISLAND REGION</text>
    <type>Flinn-Engdahl region</type>
  </description>
  <origin publicID="quakeml:eu.emsc/event/20000718_0000002/origin/1452355">
    <time>
      <value>2000-07-18T01:56:41.4Z</value>
      <uncertainty>0.31</uncertainty>
    </time>
    <latitude>
      <value>70.9577</value>
      <uncertainty>12</uncertainty>
    </latitude>
    <longitude>
      <value>-12.839</value>
      <uncertainty>7.9</uncertainty>
    </longitude>
    <depth>
      <value>10000</value>
    </depth>
    <depthType>from location</depthType>
    <methodID>smi:eu.emsc-csem/origin_method/NA</methodID>
    <quality>
      <usedPhaseCount>61</usedPhaseCount>
      <usedStationCount>58</usedStationCount>
      <standardError>1.12</standardError>
      <azimuthalGap>141</azimuthalGap>
      <minimumDistance>6.07</minimumDistance>
      <maximumDistance>40.92</maximumDistance>
    </quality>
    <evaluationMode>manual</evaluationMode>
    <creationInfo>
      <agencyURI>smi:smi-registry/organization/EMSC</agencyURI>
      <authorURI>smi:smi-registry/organization/EMSC</authorURI>
    </creationInfo>
    <originUncertainty>
      <azimuthMaxHorizontalUncertainty>89</azimuthMaxHorizontalUncertainty>
    </originUncertainty>
  </origin>
  <magnitude publicID="quakeml:eu.emsc/event/20000718_0000002/origin/1452355/mag/2">
    <mag>
      <value>4.4</value>
      <uncertainty>0.2</uncertainty>
    </mag>
    <type>mb</type>
    <originID>quakeml:eu.emsc/event/20000718_0000002/origin/1452355</originID>
    <stationCount>27</stationCount>
    <creationInfo>
      <agencyURI>smi:smi-registry/organization/EMSC</agencyURI>
      <authorURI>smi:smi-registry/organization/EMSC</authorURI>
    </creationInfo>
  </magnitude>
</event>
</eventParameters>
</q:quakeml>
