<?xml version="1.0"?>
<q:quakeml xmlns:q="http://quakeml.org/xmlns/quakeml/1.2"  xmlns="http://quakeml.org/xmlns/bed/1.2">
<eventParameters publicID="smi:eu.emsc/unid">
<event publicID="quakeml:eu.emsc/event/20000211_0000014">
  <preferredOriginID>quakeml:eu.emsc/event/20000211_0000014/origin/1456947</preferredOriginID>
  <preferredMagnitudeID>quakeml:eu.emsc/event/20000211_0000014/origin/1456947/mag/2</preferredMagnitudeID>
  <creationInfo>
    <agencyURI>smi:smi-registry/organization/EMSC</agencyURI>
    <authorURI>smi:smi-registry/organization/EMSC</authorURI>
    <creationTime>2014-12-03T12:09:55.984027Z</creationTime>
  </creationInfo>
  <description>
    <text>PYRENEES</text>
    <type>Flinn-Engdahl region</type>
  </description>
  <origin publicID="quakeml:eu.emsc/event/20000211_0000014/origin/1456947">
    <time>
      <value>2000-02-11T19:26:07.1Z</value>
      <uncertainty>0.17</uncertainty>
    </time>
    <latitude>
      <value>43.1555</value>
      <uncertainty>5.8</uncertainty>
    </latitude>
    <longitude>
      <value>-1.1872</value>
      <uncertainty>3.2</uncertainty>
    </longitude>
    <depth>
      <value>10000</value>
    </depth>
    <depthType>from location</depthType>
    <methodID>smi:eu.emsc-csem/origin_method/NA</methodID>
    <quality>
      <usedPhaseCount>11</usedPhaseCount>
      <usedStationCount>7</usedStationCount>
      <standardError>0.55</standardError>
      <azimuthalGap>110</azimuthalGap>
      <minimumDistance>0.11</minimumDistance>
      <maximumDistance>1.47</maximumDistance>
    </quality>
    <evaluationMode>manual</evaluationMode>
    <creationInfo>
      <agencyURI>smi:smi-registry/organization/EMSC</agencyURI>
      <authorURI>smi:smi-registry/organization/EMSC</authorURI>
    </creationInfo>
    <originUncertainty>
      <azimuthMaxHorizontalUncertainty>13</azimuthMaxHorizontalUncertainty>
    </originUncertainty>
  </origin>
  <magnitude publicID="quakeml:eu.emsc/event/20000211_0000014/origin/1456947/mag/2">
    <mag>
      <value>2.4</value>
      <uncertainty>0.2</uncertainty>
    </mag>
    <type>mb</type>
    <originID>quakeml:eu.emsc/event/20000211_0000014/origin/1456947</originID>
    <stationCount>3</stationCount>
    <creationInfo>
      <agencyURI>smi:smi-registry/organization/EMSC</agencyURI>
      <authorURI>smi:smi-registry/organization/EMSC</authorURI>
    </creationInfo>
  </magnitude>
</event>
<event publicID="quakeml:eu.emsc/event/20000211_0000021">
  <preferredOriginID>quakeml:eu.emsc/event/20000211_0000021/origin/1447237</preferredOriginID>
  <preferredMagnitudeID>quakeml:eu.emsc/event/20000211_0000021/origin/1447237/mag/2</preferredMagnitudeID>
  <creationInfo>
    <agencyURI>smi:smi-registry/organization/EMSC</agencyURI>
    <authorURI>smi:smi-registry/organization/EMSC</authorURI>
    <creationTime>2014-12-10T13:07:33.773287Z</creationTime>
  </creationInfo>
  <description>
    <text>FRANCE</text>
    <type>Flinn-Engdahl region</type>
  </description>
  <origin publicID="quakeml:eu.emsc/event/20000211_0000021/origin/1447237">
    <time>
      <value>2000-02-11T17:47:48.1Z</value>
    </time>
    <latitude>
      <value>45.3101</value>
      <uncertainty>9999.9</uncertainty>
    </latitude>
    <longitude>
      <value>6.67</value>
      <uncertainty>9999.9</uncertainty>
    </longitude>
    <depth>
      <value>11900.0</value>
    </depth>
    <depthType>from location</depthType>
    <methodID>smi:eu.emsc-csem/origin_method/NA</methodID>
    <quality>
      <usedPhaseCount>9</usedPhaseCount>
      <usedStationCount>5</usedStationCount>
      <standardError>0.89</standardError>
      <azimuthalGap>155</azimuthalGap>
      <minimumDistance>0.2</minimumDistance>
      <maximumDistance>1.49</maximumDistance>
    </quality>
    <evaluationMode>manual</evaluationMode>
    <creationInfo>
      <agencyURI>smi:smi-registry/organization/EMSC</agencyURI>
      <authorURI>smi:smi-registry/organization/EMSC</authorURI>
    </creationInfo>
    <originUncertainty>
      <azimuthMaxHorizontalUncertainty>-99</azimuthMaxHorizontalUncertainty>
    </originUncertainty>
  </origin>
  <magnitude publicID="quakeml:eu.emsc/event/20000211_0000021/origin/1447237/mag/2">
    <mag>
      <value>1.7</value>
    </mag>
    <type>ML</type>
    <originID>quakeml:eu.emsc/event/20000211_0000021/origin/1447237</originID>
    <stationCount>2</stationCount>
    <creationInfo>
      <agencyURI>smi:smi-registry/organization/EMSC</agencyURI>
      <authorURI>smi:smi-registry/organization/EMSC</authorURI>
    </creationInfo>
  </magnitude>
</event>
<event publicID="quakeml:eu.emsc/event/20000211_0000013">
  <preferredOriginID>quakeml:eu.emsc/event/20000211_0000013/origin/1456950</preferredOriginID>
  <preferredMagnitudeID>quakeml:eu.emsc/event/20000211_0000013/origin/1456950/mag/2</preferredMagnitudeID>
  <creationInfo>
    <agencyURI>smi:smi-registry/organization/EMSC</agencyURI>
    <authorURI>smi:smi-registry/organization/EMSC</authorURI>
    <creationTime>2014-12-03T11:31:37.12792Z</creationTime>
  </creationInfo>
  <description>
    <text>AEGEAN SEA</text>
    <type>Flinn-Engdahl region</type>
  </description>
  <origin publicID="quakeml:eu.emsc/event/20000211_0000013/origin/1456950">
    <time>
      <value>2000-02-11T17:29:12.6Z</value>
      <uncertainty>0.27</uncertainty>
    </time>
    <latitude>
      <value>39.9239</value>
      <uncertainty>7</uncertainty>
    </latitude>
    <longitude>
      <value>24.5658</value>
      <uncertainty>5.5</uncertainty>
    </longitude>
    <depth>
      <value>5000</value>
    </depth>
    <depthType>from location</depthType>
    <methodID>smi:eu.emsc-csem/origin_method/NA</methodID>
    <quality>
      <usedPhaseCount>25</usedPhaseCount>
      <usedStationCount>23</usedStationCount>
      <standardError>1.13</standardError>
      <azimuthalGap>62</azimuthalGap>
      <minimumDistance>0.4</minimumDistance>
      <maximumDistance>3.43</maximumDistance>
    </quality>
    <evaluationMode>manual</evaluationMode>
    <creationInfo>
      <agencyURI>smi:smi-registry/organization/EMSC</agencyURI>
      <authorURI>smi:smi-registry/organization/EMSC</authorURI>
    </creationInfo>
    <originUncertainty>
      <azimuthMaxHorizontalUncertainty>16</azimuthMaxHorizontalUncertainty>
    </originUncertainty>
  </origin>
  <magnitude publicID="quakeml:eu.emsc/event/20000211_0000013/origin/1456950/mag/2">
    <mag>
      <value>3.2</value>
    </mag>
    <type>ML</type>
    <originID>quakeml:eu.emsc/event/20000211_0000013/origin/1456950</originID>
    <creationInfo>
      <agencyURI>smi:smi-registry/organization/EMSC</agencyURI>
      <authorURI>smi:smi-registry/organization/EMSC</authorURI>
    </creationInfo>
  </magnitude>
</event>
<event publicID="quakeml:eu.emsc/event/20000211_0000012">
  <preferredOriginID>quakeml:eu.emsc/event/20000211_0000012/origin/1456952</preferredOriginID>
  <preferredMagnitudeID>quakeml:eu.emsc/event/20000211_0000012/origin/1456952/mag/2</preferredMagnitudeID>
  <creationInfo>
    <agencyURI>smi:smi-registry/organization/EMSC</agencyURI>
    <authorURI>smi:smi-registry/organization/EMSC</authorURI>
    <creationTime>2014-12-03T11:11:34.960216Z</creationTime>
  </creationInfo>
  <description>
    <text>GREECE</text>
    <type>Flinn-Engdahl region</type>
  </description>
  <origin publicID="quakeml:eu.emsc/event/20000211_0000012/origin/1456952">
    <time>
      <value>2000-02-11T16:46:35.5Z</value>
      <uncertainty>0.49</uncertainty>
    </time>
    <latitude>
      <value>38.0753</value>
      <uncertainty>20.4</uncertainty>
    </latitude>
    <longitude>
      <value>21.3942</value>
      <uncertainty>10.6</uncertainty>
    </longitude>
    <depth>
      <value>2000</value>
    </depth>
    <depthType>from location</depthType>
    <methodID>smi:eu.emsc-csem/origin_method/NA</methodID>
    <quality>
      <usedPhaseCount>7</usedPhaseCount>
      <usedStationCount>7</usedStationCount>
      <standardError>0.93</standardError>
      <azimuthalGap>124</azimuthalGap>
      <minimumDistance>0.64</minimumDistance>
      <maximumDistance>12.41</maximumDistance>
    </quality>
    <evaluationMode>manual</evaluationMode>
    <creationInfo>
      <agencyURI>smi:smi-registry/organization/EMSC</agencyURI>
      <authorURI>smi:smi-registry/organization/EMSC</authorURI>
    </creationInfo>
    <originUncertainty>
      <azimuthMaxHorizontalUncertainty>57</azimuthMaxHorizontalUncertainty>
    </originUncertainty>
  </origin>
  <magnitude publicID="quakeml:eu.emsc/event/20000211_0000012/origin/1456952/mag/2">
    <mag>
      <value>3.2</value>
    </mag>
    <type>MD</type>
    <originID>quakeml:eu.emsc/event/20000211_0000012/origin/1456952</originID>
    <creationInfo>
      <agencyURI>smi:smi-registry/organization/EMSC</agencyURI>
      <authorURI>smi:smi-registry/organization/EMSC</authorURI>
    </creationInfo>
  </magnitude>
</event>
<event publicID="quakeml:eu.emsc/event/20000211_0000011">
  <preferredOriginID>quakeml:eu.emsc/event/20000211_0000011/origin/1456957</preferredOriginID>
  <preferredMagnitudeID>quakeml:eu.emsc/event/20000211_0000011/origin/1456957/mag/1</preferredMagnitudeID>
  <creationInfo>
    <agencyURI>smi:smi-registry/organization/EMSC</agencyURI>
    <authorURI>smi:smi-registry/organization/EMSC</authorURI>
    <creationTime>2014-12-03T10:36:28.5514Z</creationTime>
  </creationInfo>
  <description>
    <text>PYRENEES</text>
    <type>Flinn-Engdahl region</type>
  </description>
  <origin publicID="quakeml:eu.emsc/event/20000211_0000011/origin/1456957">
    <time>
      <value>2000-02-11T16:16:28.8Z</value>
      <uncertainty>0.14</uncertainty>
    </time>
    <latitude>
      <value>42.5388</value>
      <uncertainty>2.8</uncertainty>
    </latitude>
    <longitude>
      <value>2.0782</value>
      <uncertainty>2.6</uncertainty>
    </longitude>
    <depth>
      <value>10000</value>
    </depth>
    <depthType>from location</depthType>
    <methodID>smi:eu.emsc-csem/origin_method/NA</methodID>
    <quality>
      <usedPhaseCount>56</usedPhaseCount>
      <usedStationCount>34</usedStationCount>
      <standardError>1.03</standardError>
      <azimuthalGap>46</azimuthalGap>
      <minimumDistance>0.1</minimumDistance>
      <maximumDistance>4.36</maximumDistance>
    </quality>
    <evaluationMode>manual</evaluationMode>
    <creationInfo>
      <agencyURI>smi:smi-registry/organization/EMSC</agencyURI>
      <authorURI>smi:smi-registry/organization/EMSC</authorURI>
    </creationInfo>
    <originUncertainty>
      <azimuthMaxHorizontalUncertainty>173</azimuthMaxHorizontalUncertainty>
    </originUncertainty>
  </origin>
  <magnitude publicID="quakeml:eu.emsc/event/20000211_0000011/origin/1456957/mag/1">
    <mag>
      <value>2.8</value>
      <uncertainty>0.3</uncertainty>
    </mag>
    <type>ML</type>
    <originID>quakeml:eu.emsc/event/20000211_0000011/origin/1456957</originID>
    <stationCount>11</stationCount>
    <creationInfo>
      <agencyURI>smi:smi-registry/organization/EMSC</agencyURI>
      <authorURI>smi:smi-registry/organization/EMSC</authorURI>
    </creationInfo>
  </magnitude>
</event>
<event publicID="quakeml:eu.emsc/event/20000211_0000008">
  <preferredOriginID>quakeml:eu.emsc/event/20000211_0000008/origin/1456963</preferredOriginID>
  <preferredMagnitudeID>quakeml:eu.emsc/event/20000211_0000008/origin/1456963/mag/1</preferredMagnitudeID>
  <creationInfo>
    <agencyURI>smi:smi-registry/organization/EMSC</agencyURI>
    <authorURI>smi:smi-registry/organization/EMSC</authorURI>
    <creationTime>2014-12-03T11:27:56.541515Z</creationTime>
  </creationInfo>
  <description>
    <text>NORTHERN ITALY</text>
    <type>Flinn-Engdahl region</type>
  </description>
  <origin publicID="quakeml:eu.emsc/event/20000211_0000008/origin/1456963">
    <time>
      <value>2000-02-11T14:18:14.1Z</value>
      <uncertainty>0.09</uncertainty>
    </time>
    <latitude>
      <value>44.4311</value>
      <uncertainty>2.1</uncertainty>
    </latitude>
    <longitude>
      <value>7.2826</value>
      <uncertainty>1.7</uncertainty>
    </longitude>
    <depth>
      <value>12000</value>
    </depth>
    <depthType>from location</depthType>
    <methodID>smi:eu.emsc-csem/origin_method/NA</methodID>
    <quality>
      <usedPhaseCount>71</usedPhaseCount>
      <usedStationCount>48</usedStationCount>
      <standardError>0.75</standardError>
      <azimuthalGap>60</azimuthalGap>
      <minimumDistance>0.15</minimumDistance>
      <maximumDistance>4.03</maximumDistance>
    </quality>
    <evaluationMode>manual</evaluationMode>
    <creationInfo>
      <agencyURI>smi:smi-registry/organization/EMSC</agencyURI>
      <authorURI>smi:smi-registry/organization/EMSC</authorURI>
    </creationInfo>
    <originUncertainty>
      <azimuthMaxHorizontalUncertainty>66</azimuthMaxHorizontalUncertainty>
    </originUncertainty>
  </origin>
  <magnitude publicID="quakeml:eu.emsc/event/20000211_0000008/origin/1456963/mag/1">
    <mag>
      <value>2.9</value>
      <uncertainty>0.4</uncertainty>
    </mag>
    <type>ML</type>
    <originID>quakeml:eu.emsc/event/20000211_0000008/origin/1456963</originID>
    <stationCount>10</stationCount>
    <creationInfo>
      <agencyURI>smi:smi-registry/organization/EMSC</agencyURI>
      <authorURI>smi:smi-registry/organization/EMSC</authorURI>
    </creationInfo>
  </magnitude>
</event>
<event publicID="quakeml:eu.emsc/event/20000211_0000010">
  <preferredOriginID>quakeml:eu.emsc/event/20000211_0000010/origin/1447239</preferredOriginID>
  <preferredMagnitudeID>quakeml:eu.emsc/event/20000211_0000010/origin/1447239/mag/2</preferredMagnitudeID>
  <creationInfo>
    <agencyURI>smi:smi-registry/organization/EMSC</agencyURI>
    <authorURI>smi:smi-registry/organization/EMSC</authorURI>
    <creationTime>2014-12-10T08:39:55.548429Z</creationTime>
  </creationInfo>
  <description>
    <text>DODECANESE ISLANDS, GREECE</text>
    <type>Flinn-Engdahl region</type>
  </description>
  <origin publicID="quakeml:eu.emsc/event/20000211_0000010/origin/1447239">
    <time>
      <value>2000-02-11T13:51:08.0Z</value>
    </time>
    <latitude>
      <value>36.69</value>
      <uncertainty>9999.9</uncertainty>
    </latitude>
    <longitude>
      <value>25.79</value>
      <uncertainty>9999.9</uncertainty>
    </longitude>
    <depth>
      <value>5000</value>
    </depth>
    <depthType>from location</depthType>
    <methodID>smi:eu.emsc-csem/origin_method/NA</methodID>
    <quality>
      <usedPhaseCount>11</usedPhaseCount>
      <usedStationCount>11</usedStationCount>
      <standardError>3.06</standardError>
      <azimuthalGap>82</azimuthalGap>
      <minimumDistance>0.43</minimumDistance>
      <maximumDistance>3.13</maximumDistance>
    </quality>
    <evaluationMode>manual</evaluationMode>
    <creationInfo>
      <agencyURI>smi:smi-registry/organization/EMSC</agencyURI>
      <authorURI>smi:smi-registry/organization/EMSC</authorURI>
    </creationInfo>
    <originUncertainty>
      <azimuthMaxHorizontalUncertainty>-99</azimuthMaxHorizontalUncertainty>
    </originUncertainty>
  </origin>
  <magnitude publicID="quakeml:eu.emsc/event/20000211_0000010/origin/1447239/mag/2">
    <mag>
      <value>3.6</value>
    </mag>
    <type>MD</type>
    <originID>quakeml:eu.emsc/event/20000211_0000010/origin/1447239</originID>
    <creationInfo>
      <agencyURI>smi:smi-registry/organization/EMSC</agencyURI>
      <authorURI>smi:smi-registry/organization/EMSC</authorURI>
    </creationInfo>
  </magnitude>
</event>
<event publicID="quakeml:eu.emsc/event/20000211_0000009">
  <preferredOriginID>quakeml:eu.emsc/event/20000211_0000009/origin/1447241</preferredOriginID>
  <preferredMagnitudeID>quakeml:eu.emsc/event/20000211_0000009/origin/1447241/mag/2</preferredMagnitudeID>
  <creationInfo>
    <agencyURI>smi:smi-registry/organization/EMSC</agencyURI>
    <authorURI>smi:smi-registry/organization/EMSC</authorURI>
    <creationTime>2014-12-10T08:39:53.585025Z</creationTime>
  </creationInfo>
  <description>
    <text>WESTERN TURKEY</text>
    <type>Flinn-Engdahl region</type>
  </description>
  <origin publicID="quakeml:eu.emsc/event/20000211_0000009/origin/1447241">
    <time>
      <value>2000-02-11T12:22:31.4Z</value>
    </time>
    <latitude>
      <value>37.3</value>
      <uncertainty>9999.9</uncertainty>
    </latitude>
    <longitude>
      <value>28.572</value>
      <uncertainty>9999.9</uncertainty>
    </longitude>
    <depth>
      <value>10000</value>
    </depth>
    <depthType>from location</depthType>
    <methodID>smi:eu.emsc-csem/origin_method/NA</methodID>
    <quality>
      <usedPhaseCount>7</usedPhaseCount>
      <usedStationCount>6</usedStationCount>
      <standardError>1.86</standardError>
      <azimuthalGap>117</azimuthalGap>
      <minimumDistance>0.28</minimumDistance>
      <maximumDistance>2.13</maximumDistance>
    </quality>
    <evaluationMode>manual</evaluationMode>
    <creationInfo>
      <agencyURI>smi:smi-registry/organization/EMSC</agencyURI>
      <authorURI>smi:smi-registry/organization/EMSC</authorURI>
    </creationInfo>
    <originUncertainty>
      <azimuthMaxHorizontalUncertainty>-99</azimuthMaxHorizontalUncertainty>
    </originUncertainty>
  </origin>
  <magnitude publicID="quakeml:eu.emsc/event/20000211_0000009/origin/1447241/mag/2">
    <mag>
      <value>3.2</value>
    </mag>
    <type>MD</type>
    <originID>quakeml:eu.emsc/event/20000211_0000009/origin/1447241</originID>
    <creationInfo>
      <agencyURI>smi:smi-registry/organization/EMSC</agencyURI>
      <authorURI>smi:smi-registry/organization/EMSC</authorURI>
    </creationInfo>
  </magnitude>
</event>
<event publicID="quakeml:eu.emsc/event/20000211_0000005">
  <preferredOriginID>quakeml:eu.emsc/event/20000211_0000005/origin/1456968</preferredOriginID>
  <preferredMagnitudeID>quakeml:eu.emsc/event/20000211_0000005/origin/1456968/mag/1</preferredMagnitudeID>
  <creationInfo>
    <agencyURI>smi:smi-registry/organization/EMSC</agencyURI>
    <authorURI>smi:smi-registry/organization/EMSC</authorURI>
    <creationTime>2014-12-03T11:56:08.458934Z</creationTime>
  </creationInfo>
  <description>
    <text>MOROCCO</text>
    <type>Flinn-Engdahl region</type>
  </description>
  <origin publicID="quakeml:eu.emsc/event/20000211_0000005/origin/1456968">
    <time>
      <value>2000-02-11T10:39:22.3Z</value>
      <uncertainty>0.2</uncertainty>
    </time>
    <latitude>
      <value>30.9172</value>
      <uncertainty>9.4</uncertainty>
    </latitude>
    <longitude>
      <value>-7.0694</value>
      <uncertainty>3.9</uncertainty>
    </longitude>
    <depth>
      <value>40000</value>
    </depth>
    <depthType>from location</depthType>
    <methodID>smi:eu.emsc-csem/origin_method/NA</methodID>
    <quality>
      <usedPhaseCount>39</usedPhaseCount>
      <usedStationCount>27</usedStationCount>
      <standardError>0.73</standardError>
      <azimuthalGap>142</azimuthalGap>
      <minimumDistance>0.17</minimumDistance>
      <maximumDistance>24.64</maximumDistance>
    </quality>
    <evaluationMode>manual</evaluationMode>
    <creationInfo>
      <agencyURI>smi:smi-registry/organization/EMSC</agencyURI>
      <authorURI>smi:smi-registry/organization/EMSC</authorURI>
    </creationInfo>
    <originUncertainty>
      <azimuthMaxHorizontalUncertainty>97</azimuthMaxHorizontalUncertainty>
    </originUncertainty>
  </origin>
  <magnitude publicID="quakeml:eu.emsc/event/20000211_0000005/origin/1456968/mag/1">
    <mag>
      <value>3.7</value>
      <uncertainty>0.3</uncertainty>
    </mag>
    <type>ML</type>
    <originID>quakeml:eu.emsc/event/20000211_0000005/origin/1456968</originID>
    <stationCount>9</stationCount>
    <creationInfo>
      <agencyURI>smi:smi-registry/organization/EMSC</agencyURI>
      <authorURI>smi:smi-registry/organization/EMSC</authorURI>
    </creationInfo>
  </magnitude>
</event>
<event publicID="quakeml:eu.emsc/event/20000211_0000020">
  <preferredOriginID>quakeml:eu.emsc/event/20000211_0000020/origin/1447243</preferredOriginID>
  <preferredMagnitudeID>quakeml:eu.emsc/event/20000211_0000020/origin/1447243/mag/2</preferredMagnitudeID>
  <creationInfo>
    <agencyURI>smi:smi-registry/organization/EMSC</agencyURI>
    <authorURI>smi:smi-registry/organization/EMSC</authorURI>
    <creationTime>2014-12-10T13:07:33.277375Z</creationTime>
  </creationInfo>
  <description>
    <text>NORTHERN ITALY</text>
    <type>Flinn-Engdahl region</type>
  </description>
  <origin publicID="quakeml:eu.emsc/event/20000211_0000020/origin/1447243">
    <time>
      <value>2000-02-11T09:58:45.4Z</value>
    </time>
    <latitude>
      <value>44.837</value>
      <uncertainty>9999.9</uncertainty>
    </latitude>
    <longitude>
      <value>7.4815</value>
      <uncertainty>9999.9</uncertainty>
    </longitude>
    <depth>
      <value>1300.0</value>
    </depth>
    <depthType>from location</depthType>
    <methodID>smi:eu.emsc-csem/origin_method/NA</methodID>
    <quality>
      <usedPhaseCount>8</usedPhaseCount>
      <usedStationCount>5</usedStationCount>
      <standardError>0.55</standardError>
      <azimuthalGap>210</azimuthalGap>
      <minimumDistance>0.12</minimumDistance>
      <maximumDistance>0.61</maximumDistance>
    </quality>
    <evaluationMode>manual</evaluationMode>
    <creationInfo>
      <agencyURI>smi:smi-registry/organization/EMSC</agencyURI>
      <authorURI>smi:smi-registry/organization/EMSC</authorURI>
    </creationInfo>
    <originUncertainty>
      <azimuthMaxHorizontalUncertainty>-99</azimuthMaxHorizontalUncertainty>
    </originUncertainty>
  </origin>
  <magnitude publicID="quakeml:eu.emsc/event/20000211_0000020/origin/1447243/mag/2">
    <mag>
      <value>1.9</value>
    </mag>
    <type>ML</type>
    <originID>quakeml:eu.emsc/event/20000211_0000020/origin/1447243</originID>
    <creationInfo>
      <agencyURI>smi:smi-registry/organization/EMSC</agencyURI>
      <authorURI>smi:smi-registry/organization/EMSC</authorURI>
    </creationInfo>
  </magnitude>
</event>
<event publicID="quakeml:eu.emsc/event/20000211_0000004">
  <preferredOriginID>quakeml:eu.emsc/event/20000211_0000004/origin/1447245</preferredOriginID>
  <preferredMagnitudeID>quakeml:eu.emsc/event/20000211_0000004/origin/1447245/mag/2</preferredMagnitudeID>
  <creationInfo>
    <agencyURI>smi:smi-registry/organization/EMSC</agencyURI>
    <authorURI>smi:smi-registry/organization/EMSC</authorURI>
    <creationTime>2014-12-10T08:39:39.614906Z</creationTime>
  </creationInfo>
  <description>
    <text>WESTERN TURKEY</text>
    <type>Flinn-Engdahl region</type>
  </description>
  <origin publicID="quakeml:eu.emsc/event/20000211_0000004/origin/1447245">
    <time>
      <value>2000-02-11T04:22:25.3Z</value>
    </time>
    <latitude>
      <value>40.813</value>
      <uncertainty>9999.9</uncertainty>
    </latitude>
    <longitude>
      <value>30.663</value>
      <uncertainty>9999.9</uncertainty>
    </longitude>
    <depth>
      <value>6000</value>
    </depth>
    <depthType>from location</depthType>
    <methodID>smi:eu.emsc-csem/origin_method/NA</methodID>
    <quality>
      <usedPhaseCount>8</usedPhaseCount>
      <usedStationCount>5</usedStationCount>
      <standardError>0.97</standardError>
      <azimuthalGap>207</azimuthalGap>
      <minimumDistance>0.54</minimumDistance>
      <maximumDistance>2.18</maximumDistance>
    </quality>
    <evaluationMode>manual</evaluationMode>
    <creationInfo>
      <agencyURI>smi:smi-registry/organization/EMSC</agencyURI>
      <authorURI>smi:smi-registry/organization/EMSC</authorURI>
    </creationInfo>
    <originUncertainty>
      <azimuthMaxHorizontalUncertainty>-99</azimuthMaxHorizontalUncertainty>
    </originUncertainty>
  </origin>
  <magnitude publicID="quakeml:eu.emsc/event/20000211_0000004/origin/1447245/mag/2">
    <mag>
      <value>3</value>
    </mag>
    <type>MD</type>
    <originID>quakeml:eu.emsc/event/20000211_0000004/origin/1447245</originID>
    <creationInfo>
      <agencyURI>smi:smi-registry/organization/EMSC</agencyURI>
      <authorURI>smi:smi-registry/organization/EMSC</authorURI>
    </creationInfo>
  </magnitude>
</event>
<event publicID="quakeml:eu.emsc/event/20000211_0000017">
  <preferredOriginID>quakeml:eu.emsc/event/20000211_0000017/origin/1456796</preferredOriginID>
  <preferredMagnitudeID>quakeml:eu.emsc/event/20000211_0000017/origin/1456796/mag/2</preferredMagnitudeID>
  <creationInfo>
    <agencyURI>smi:smi-registry/organization/EMSC</agencyURI>
    <authorURI>smi:smi-registry/organization/EMSC</authorURI>
    <creationTime>2014-12-03T15:17:03.277013Z</creationTime>
  </creationInfo>
  <description>
    <text>PYRENEES</text>
    <type>Flinn-Engdahl region</type>
  </description>
  <origin publicID="quakeml:eu.emsc/event/20000211_0000017/origin/1456796">
    <time>
      <value>2000-02-11T03:38:47.8Z</value>
      <uncertainty>0.13</uncertainty>
    </time>
    <latitude>
      <value>42.7096</value>
      <uncertainty>2.5</uncertainty>
    </latitude>
    <longitude>
      <value>1.0329</value>
      <uncertainty>2</uncertainty>
    </longitude>
    <depth>
      <value>5000</value>
    </depth>
    <depthType>from location</depthType>
    <methodID>smi:eu.emsc-csem/origin_method/NA</methodID>
    <quality>
      <usedPhaseCount>29</usedPhaseCount>
      <usedStationCount>15</usedStationCount>
      <standardError>0.59</standardError>
      <azimuthalGap>61</azimuthalGap>
      <minimumDistance>0.13</minimumDistance>
      <maximumDistance>1.41</maximumDistance>
    </quality>
    <evaluationMode>manual</evaluationMode>
    <creationInfo>
      <agencyURI>smi:smi-registry/organization/EMSC</agencyURI>
      <authorURI>smi:smi-registry/organization/EMSC</authorURI>
    </creationInfo>
    <originUncertainty>
      <azimuthMaxHorizontalUncertainty>148</azimuthMaxHorizontalUncertainty>
    </originUncertainty>
  </origin>
  <magnitude publicID="quakeml:eu.emsc/event/20000211_0000017/origin/1456796/mag/2">
    <mag>
      <value>1.8</value>
    </mag>
    <type>mb</type>
    <originID>quakeml:eu.emsc/event/20000211_0000017/origin/1456796</originID>
    <stationCount>2</stationCount>
    <creationInfo>
      <agencyURI>smi:smi-registry/organization/EMSC</agencyURI>
      <authorURI>smi:smi-registry/organization/EMSC</authorURI>
    </creationInfo>
  </magnitude>
</event>
<event publicID="quakeml:eu.emsc/event/20000211_0000001">
  <preferredOriginID>quakeml:eu.emsc/event/20000211_0000001/origin/1458219</preferredOriginID>
  <preferredMagnitudeID>quakeml:eu.emsc/event/20000211_0000001/origin/1458219/mag/2</preferredMagnitudeID>
  <creationInfo>
    <agencyURI>smi:smi-registry/organization/EMSC</agencyURI>
    <authorURI>smi:smi-registry/organization/EMSC</authorURI>
    <creationTime>2014-12-03T11:29:02.732814Z</creationTime>
  </creationInfo>
  <description>
    <text>GREECE</text>
    <type>Flinn-Engdahl region</type>
  </description>
  <origin publicID="quakeml:eu.emsc/event/20000211_0000001/origin/1458219">
    <time>
      <value>2000-02-11T03:21:35.5Z</value>
      <uncertainty>0.13</uncertainty>
    </time>
    <latitude>
      <value>40.9867</value>
      <uncertainty>3.3</uncertainty>
    </latitude>
    <longitude>
      <value>22.8023</value>
      <uncertainty>2.5</uncertainty>
    </longitude>
    <depth>
      <value>8000</value>
    </depth>
    <depthType>from location</depthType>
    <methodID>smi:eu.emsc-csem/origin_method/NA</methodID>
    <quality>
      <usedPhaseCount>16</usedPhaseCount>
      <usedStationCount>11</usedStationCount>
      <standardError>0.59</standardError>
      <azimuthalGap>69</azimuthalGap>
      <minimumDistance>0.19</minimumDistance>
      <maximumDistance>4.53</maximumDistance>
    </quality>
    <evaluationMode>manual</evaluationMode>
    <creationInfo>
      <agencyURI>smi:smi-registry/organization/EMSC</agencyURI>
      <authorURI>smi:smi-registry/organization/EMSC</authorURI>
    </creationInfo>
    <originUncertainty>
      <azimuthMaxHorizontalUncertainty>41</azimuthMaxHorizontalUncertainty>
    </originUncertainty>
  </origin>
  <magnitude publicID="quakeml:eu.emsc/event/20000211_0000001/origin/1458219/mag/2">
    <mag>
      <value>2.3</value>
    </mag>
    <type>ML</type>
    <originID>quakeml:eu.emsc/event/20000211_0000001/origin/1458219</originID>
    <creationInfo>
      <agencyURI>smi:smi-registry/organization/EMSC</agencyURI>
      <authorURI>smi:smi-registry/organization/EMSC</authorURI>
    </creationInfo>
  </magnitude>
</event>
<event publicID="quakeml:eu.emsc/event/20000211_0000002">
  <preferredOriginID>quakeml:eu.emsc/event/20000211_0000002/origin/1447247</preferredOriginID>
  <preferredMagnitudeID>quakeml:eu.emsc/event/20000211_0000002/origin/1447247/mag/2</preferredMagnitudeID>
  <creationInfo>
    <agencyURI>smi:smi-registry/organization/EMSC</agencyURI>
    <authorURI>smi:smi-registry/organization/EMSC</authorURI>
    <creationTime>2014-12-10T08:39:32.811733Z</creationTime>
  </creationInfo>
  <description>
    <text>WESTERN TURKEY</text>
    <type>Flinn-Engdahl region</type>
  </description>
  <origin publicID="quakeml:eu.emsc/event/20000211_0000002/origin/1447247">
    <time>
      <value>2000-02-11T02:56:42.2Z</value>
    </time>
    <latitude>
      <value>37.203</value>
      <uncertainty>9999.9</uncertainty>
    </latitude>
    <longitude>
      <value>28.338</value>
      <uncertainty>9999.9</uncertainty>
    </longitude>
    <depth>
      <value>10000</value>
    </depth>
    <depthType>from location</depthType>
    <methodID>smi:eu.emsc-csem/origin_method/NA</methodID>
    <quality>
      <usedPhaseCount>5</usedPhaseCount>
      <usedStationCount>5</usedStationCount>
      <standardError>1.97</standardError>
      <azimuthalGap>111</azimuthalGap>
      <minimumDistance>0.08</minimumDistance>
      <maximumDistance>1.81</maximumDistance>
    </quality>
    <evaluationMode>manual</evaluationMode>
    <creationInfo>
      <agencyURI>smi:smi-registry/organization/EMSC</agencyURI>
      <authorURI>smi:smi-registry/organization/EMSC</authorURI>
    </creationInfo>
    <originUncertainty>
      <azimuthMaxHorizontalUncertainty>-99</azimuthMaxHorizontalUncertainty>
    </originUncertainty>
  </origin>
  <magnitude publicID="quakeml:eu.emsc/event/20000211_0000002/origin/1447247/mag/2">
    <mag>
      <value>3.1</value>
    </mag>
    <type>MD</type>
    <originID>quakeml:eu.emsc/event/20000211_0000002/origin/1447247</originID>
    <creationInfo>
      <agencyURI>smi:smi-registry/organization/EMSC</agencyURI>
      <authorURI>smi:smi-registry/organization/EMSC</authorURI>
    </creationInfo>
  </magnitude>
</event>
<event publicID="quakeml:eu.emsc/event/20000211_0000015">
  <preferredOriginID>quakeml:eu.emsc/event/20000211_0000015/origin/1447249</preferredOriginID>
  <preferredMagnitudeID>quakeml:eu.emsc/event/20000211_0000015/origin/1447249/mag/2</preferredMagnitudeID>
  <creationInfo>
    <agencyURI>smi:smi-registry/organization/EMSC</agencyURI>
    <authorURI>smi:smi-registry/organization/EMSC</authorURI>
    <creationTime>2014-12-10T08:42:32.944626Z</creationTime>
  </creationInfo>
  <description>
    <text>AEGEAN SEA</text>
    <type>Flinn-Engdahl region</type>
  </description>
  <origin publicID="quakeml:eu.emsc/event/20000211_0000015/origin/1447249">
    <time>
      <value>2000-02-11T02:23:00.9Z</value>
    </time>
    <latitude>
      <value>38.36</value>
      <uncertainty>9999.9</uncertainty>
    </latitude>
    <longitude>
      <value>25.91</value>
      <uncertainty>9999.9</uncertainty>
    </longitude>
    <depth>
      <value>5000</value>
    </depth>
    <depthType>from location</depthType>
    <methodID>smi:eu.emsc-csem/origin_method/NA</methodID>
    <quality>
      <usedPhaseCount>8</usedPhaseCount>
      <usedStationCount>6</usedStationCount>
      <standardError>2.67</standardError>
      <azimuthalGap>113</azimuthalGap>
      <minimumDistance>0.93</minimumDistance>
      <maximumDistance>2.8</maximumDistance>
    </quality>
    <evaluationMode>manual</evaluationMode>
    <creationInfo>
      <agencyURI>smi:smi-registry/organization/EMSC</agencyURI>
      <authorURI>smi:smi-registry/organization/EMSC</authorURI>
    </creationInfo>
    <originUncertainty>
      <azimuthMaxHorizontalUncertainty>-99</azimuthMaxHorizontalUncertainty>
    </originUncertainty>
  </origin>
  <magnitude publicID="quakeml:eu.emsc/event/20000211_0000015/origin/1447249/mag/2">
    <mag>
      <value>3.3</value>
    </mag>
    <type>ML</type>
    <originID>quakeml:eu.emsc/event/20000211_0000015/origin/1447249</originID>
    <creationInfo>
      <agencyURI>smi:smi-registry/organization/EMSC</agencyURI>
      <authorURI>smi:smi-registry/organization/EMSC</authorURI>
    </creationInfo>
  </magnitude>
</event>
</eventParameters>
</q:quakeml>
