<?xml version="1.0"?>
<q:quakeml xmlns:q="http://quakeml.org/xmlns/quakeml/1.2"  xmlns="http://quakeml.org/xmlns/bed/1.2">
<eventParameters publicID="smi:eu.emsc/unid">
<event publicID="quakeml:eu.emsc/event/20030927_0000014">
  <preferredOriginID>quakeml:eu.emsc/event/20030927_0000014/origin/1354504</preferredOriginID>
  <preferredMagnitudeID>quakeml:eu.emsc/event/20030927_0000014/origin/1354504/mag/2</preferredMagnitudeID>
  <creationInfo>
    <agencyURI>smi:smi-registry/organization/EMSC</agencyURI>
    <authorURI>smi:smi-registry/organization/EMSC</authorURI>
    <creationTime>2014-12-10T23:08:52.234308Z</creationTime>
  </creationInfo>
  <description>
    <text>WESTERN TURKEY</text>
    <type>Flinn-Engdahl region</type>
  </description>
  <origin publicID="quakeml:eu.emsc/event/20030927_0000014/origin/1354504">
    <time>
      <value>2003-09-27T23:17:33.7Z</value>
    </time>
    <latitude>
      <value>39.024</value>
      <uncertainty>9999.9</uncertainty>
    </latitude>
    <longitude>
      <value>29.72</value>
      <uncertainty>9999.9</uncertainty>
    </longitude>
    <depth>
      <value>11000</value>
    </depth>
    <depthType>from location</depthType>
    <methodID>smi:eu.emsc-csem/origin_method/NA</methodID>
    <quality>
      <usedPhaseCount>25</usedPhaseCount>
      <usedStationCount>24</usedStationCount>
      <standardError>1.03</standardError>
      <azimuthalGap>75</azimuthalGap>
      <minimumDistance>0.71</minimumDistance>
      <maximumDistance>4.39</maximumDistance>
    </quality>
    <evaluationMode>manual</evaluationMode>
    <creationInfo>
      <agencyURI>smi:smi-registry/organization/EMSC</agencyURI>
      <authorURI>smi:smi-registry/organization/EMSC</authorURI>
    </creationInfo>
    <originUncertainty>
      <azimuthMaxHorizontalUncertainty>-99</azimuthMaxHorizontalUncertainty>
    </originUncertainty>
  </origin>
  <magnitude publicID="quakeml:eu.emsc/event/20030927_0000014/origin/1354504/mag/2">
    <mag>
      <value>3.5</value>
    </mag>
    <type>MD</type>
    <originID>quakeml:eu.emsc/event/20030927_0000014/origin/1354504</originID>
    <creationInfo>
      <agencyURI>smi:smi-registry/organization/EMSC</agencyURI>
      <authorURI>smi:smi-registry/organization/EMSC</authorURI>
    </creationInfo>
  </magnitude>
</event>
<event publicID="quakeml:eu.emsc/event/20030927_0000024">
  <preferredOriginID>quakeml:eu.emsc/event/20030927_0000024/origin/1361238</preferredOriginID>
  <preferredMagnitudeID>quakeml:eu.emsc/event/20030927_0000024/origin/1361238/mag/1</preferredMagnitudeID>
  <creationInfo>
    <agencyURI>smi:smi-registry/organization/EMSC</agencyURI>
    <authorURI>smi:smi-registry/organization/EMSC</authorURI>
    <creationTime>2014-12-03T16:02:33.306209Z</creationTime>
  </creationInfo>
  <description>
    <text>FRANCE</text>
    <type>Flinn-Engdahl region</type>
  </description>
  <origin publicID="quakeml:eu.emsc/event/20030927_0000024/origin/1361238">
    <time>
      <value>2003-09-27T23:10:25.4Z</value>
      <uncertainty>0.06</uncertainty>
    </time>
    <latitude>
      <value>44.4483</value>
      <uncertainty>1.5</uncertainty>
    </latitude>
    <longitude>
      <value>6.7858</value>
      <uncertainty>1</uncertainty>
    </longitude>
    <depth>
      <value>12000</value>
    </depth>
    <depthType>from location</depthType>
    <methodID>smi:eu.emsc-csem/origin_method/NA</methodID>
    <quality>
      <usedPhaseCount>49</usedPhaseCount>
      <usedStationCount>25</usedStationCount>
      <standardError>0.47</standardError>
      <azimuthalGap>51</azimuthalGap>
      <minimumDistance>0.23</minimumDistance>
      <maximumDistance>2.49</maximumDistance>
    </quality>
    <evaluationMode>manual</evaluationMode>
    <creationInfo>
      <agencyURI>smi:smi-registry/organization/EMSC</agencyURI>
      <authorURI>smi:smi-registry/organization/EMSC</authorURI>
    </creationInfo>
    <originUncertainty>
      <azimuthMaxHorizontalUncertainty>71</azimuthMaxHorizontalUncertainty>
    </originUncertainty>
  </origin>
  <magnitude publicID="quakeml:eu.emsc/event/20030927_0000024/origin/1361238/mag/1">
    <mag>
      <value>1.8</value>
      <uncertainty>0.4</uncertainty>
    </mag>
    <type>ML</type>
    <originID>quakeml:eu.emsc/event/20030927_0000024/origin/1361238</originID>
    <stationCount>11</stationCount>
    <creationInfo>
      <agencyURI>smi:smi-registry/organization/EMSC</agencyURI>
      <authorURI>smi:smi-registry/organization/EMSC</authorURI>
    </creationInfo>
  </magnitude>
</event>
<event publicID="quakeml:eu.emsc/event/20030927_0000022">
  <preferredOriginID>quakeml:eu.emsc/event/20030927_0000022/origin/1361242</preferredOriginID>
  <preferredMagnitudeID>quakeml:eu.emsc/event/20030927_0000022/origin/1361242/mag/1</preferredMagnitudeID>
  <creationInfo>
    <agencyURI>smi:smi-registry/organization/EMSC</agencyURI>
    <authorURI>smi:smi-registry/organization/EMSC</authorURI>
    <creationTime>2014-12-03T15:56:50.848157Z</creationTime>
  </creationInfo>
  <description>
    <text>FRANCE</text>
    <type>Flinn-Engdahl region</type>
  </description>
  <origin publicID="quakeml:eu.emsc/event/20030927_0000022/origin/1361242">
    <time>
      <value>2003-09-27T23:06:37.9Z</value>
      <uncertainty>0.06</uncertainty>
    </time>
    <latitude>
      <value>44.454</value>
      <uncertainty>1.4</uncertainty>
    </latitude>
    <longitude>
      <value>6.7969</value>
      <uncertainty>1.2</uncertainty>
    </longitude>
    <depth>
      <value>12000</value>
    </depth>
    <depthType>from location</depthType>
    <methodID>smi:eu.emsc-csem/origin_method/NA</methodID>
    <quality>
      <usedPhaseCount>51</usedPhaseCount>
      <usedStationCount>30</usedStationCount>
      <standardError>0.46</standardError>
      <azimuthalGap>50</azimuthalGap>
      <minimumDistance>0.22</minimumDistance>
      <maximumDistance>2.49</maximumDistance>
    </quality>
    <evaluationMode>manual</evaluationMode>
    <creationInfo>
      <agencyURI>smi:smi-registry/organization/EMSC</agencyURI>
      <authorURI>smi:smi-registry/organization/EMSC</authorURI>
    </creationInfo>
    <originUncertainty>
      <azimuthMaxHorizontalUncertainty>75</azimuthMaxHorizontalUncertainty>
    </originUncertainty>
  </origin>
  <magnitude publicID="quakeml:eu.emsc/event/20030927_0000022/origin/1361242/mag/1">
    <mag>
      <value>2.4</value>
      <uncertainty>0.4</uncertainty>
    </mag>
    <type>ML</type>
    <originID>quakeml:eu.emsc/event/20030927_0000022/origin/1361242</originID>
    <stationCount>10</stationCount>
    <creationInfo>
      <agencyURI>smi:smi-registry/organization/EMSC</agencyURI>
      <authorURI>smi:smi-registry/organization/EMSC</authorURI>
    </creationInfo>
  </magnitude>
</event>
<event publicID="quakeml:eu.emsc/event/20030927_0000017">
  <preferredOriginID>quakeml:eu.emsc/event/20030927_0000017/origin/1361247</preferredOriginID>
  <preferredMagnitudeID>quakeml:eu.emsc/event/20030927_0000017/origin/1361247/mag/1</preferredMagnitudeID>
  <creationInfo>
    <agencyURI>smi:smi-registry/organization/EMSC</agencyURI>
    <authorURI>smi:smi-registry/organization/EMSC</authorURI>
    <creationTime>2014-12-03T15:19:02.203276Z</creationTime>
  </creationInfo>
  <description>
    <text>FRANCE</text>
    <type>Flinn-Engdahl region</type>
  </description>
  <origin publicID="quakeml:eu.emsc/event/20030927_0000017/origin/1361247">
    <time>
      <value>2003-09-27T23:00:34.4Z</value>
      <uncertainty>0.06</uncertainty>
    </time>
    <latitude>
      <value>44.4529</value>
      <uncertainty>1.4</uncertainty>
    </latitude>
    <longitude>
      <value>6.8083</value>
      <uncertainty>1.3</uncertainty>
    </longitude>
    <depth>
      <value>15000</value>
    </depth>
    <depthType>from location</depthType>
    <methodID>smi:eu.emsc-csem/origin_method/NA</methodID>
    <quality>
      <usedPhaseCount>67</usedPhaseCount>
      <usedStationCount>37</usedStationCount>
      <standardError>0.62</standardError>
      <azimuthalGap>45</azimuthalGap>
      <minimumDistance>0.03</minimumDistance>
      <maximumDistance>3.5</maximumDistance>
    </quality>
    <evaluationMode>manual</evaluationMode>
    <creationInfo>
      <agencyURI>smi:smi-registry/organization/EMSC</agencyURI>
      <authorURI>smi:smi-registry/organization/EMSC</authorURI>
    </creationInfo>
    <originUncertainty>
      <azimuthMaxHorizontalUncertainty>66</azimuthMaxHorizontalUncertainty>
    </originUncertainty>
  </origin>
  <magnitude publicID="quakeml:eu.emsc/event/20030927_0000017/origin/1361247/mag/1">
    <mag>
      <value>2.4</value>
      <uncertainty>0.4</uncertainty>
    </mag>
    <type>ML</type>
    <originID>quakeml:eu.emsc/event/20030927_0000017/origin/1361247</originID>
    <stationCount>12</stationCount>
    <creationInfo>
      <agencyURI>smi:smi-registry/organization/EMSC</agencyURI>
      <authorURI>smi:smi-registry/organization/EMSC</authorURI>
    </creationInfo>
  </magnitude>
</event>
<event publicID="quakeml:eu.emsc/event/20030927_0000013">
  <preferredOriginID>quakeml:eu.emsc/event/20030927_0000013/origin/1354506</preferredOriginID>
  <preferredMagnitudeID>quakeml:eu.emsc/event/20030927_0000013/origin/1354506/mag/2</preferredMagnitudeID>
  <creationInfo>
    <agencyURI>smi:smi-registry/organization/EMSC</agencyURI>
    <authorURI>smi:smi-registry/organization/EMSC</authorURI>
    <creationTime>2014-12-10T23:08:49.862255Z</creationTime>
  </creationInfo>
  <description>
    <text>EASTERN TURKEY</text>
    <type>Flinn-Engdahl region</type>
  </description>
  <origin publicID="quakeml:eu.emsc/event/20030927_0000013/origin/1354506">
    <time>
      <value>2003-09-27T22:54:16.2Z</value>
    </time>
    <latitude>
      <value>39.602</value>
      <uncertainty>9999.9</uncertainty>
    </latitude>
    <longitude>
      <value>40.19</value>
      <uncertainty>9999.9</uncertainty>
    </longitude>
    <depth>
      <value>16000</value>
    </depth>
    <depthType>from location</depthType>
    <methodID>smi:eu.emsc-csem/origin_method/NA</methodID>
    <quality>
      <usedPhaseCount>9</usedPhaseCount>
      <usedStationCount>8</usedStationCount>
      <standardError>1.12</standardError>
      <azimuthalGap>146</azimuthalGap>
      <minimumDistance>0.76</minimumDistance>
      <maximumDistance>3.46</maximumDistance>
    </quality>
    <evaluationMode>manual</evaluationMode>
    <creationInfo>
      <agencyURI>smi:smi-registry/organization/EMSC</agencyURI>
      <authorURI>smi:smi-registry/organization/EMSC</authorURI>
    </creationInfo>
    <originUncertainty>
      <azimuthMaxHorizontalUncertainty>-99</azimuthMaxHorizontalUncertainty>
    </originUncertainty>
  </origin>
  <magnitude publicID="quakeml:eu.emsc/event/20030927_0000013/origin/1354506/mag/2">
    <mag>
      <value>3.4</value>
    </mag>
    <type>MD</type>
    <originID>quakeml:eu.emsc/event/20030927_0000013/origin/1354506</originID>
    <creationInfo>
      <agencyURI>smi:smi-registry/organization/EMSC</agencyURI>
      <authorURI>smi:smi-registry/organization/EMSC</authorURI>
    </creationInfo>
  </magnitude>
</event>
<event publicID="quakeml:eu.emsc/event/20030927_0000020">
  <preferredOriginID>quakeml:eu.emsc/event/20030927_0000020/origin/1354508</preferredOriginID>
  <preferredMagnitudeID>quakeml:eu.emsc/event/20030927_0000020/origin/1354508/mag/2</preferredMagnitudeID>
  <creationInfo>
    <agencyURI>smi:smi-registry/organization/EMSC</agencyURI>
    <authorURI>smi:smi-registry/organization/EMSC</authorURI>
    <creationTime>2014-12-10T18:53:49.414583Z</creationTime>
  </creationInfo>
  <description>
    <text>FRANCE</text>
    <type>Flinn-Engdahl region</type>
  </description>
  <origin publicID="quakeml:eu.emsc/event/20030927_0000020/origin/1354508">
    <time>
      <value>2003-09-27T20:35:11.6Z</value>
    </time>
    <latitude>
      <value>45.2282</value>
      <uncertainty>9999.9</uncertainty>
    </latitude>
    <longitude>
      <value>6.0481</value>
      <uncertainty>9999.9</uncertainty>
    </longitude>
    <depth>
      <value>2000</value>
    </depth>
    <depthType>from location</depthType>
    <methodID>smi:eu.emsc-csem/origin_method/NA</methodID>
    <quality>
      <usedPhaseCount>10</usedPhaseCount>
      <usedStationCount>5</usedStationCount>
      <standardError>0.36</standardError>
      <azimuthalGap>169</azimuthalGap>
      <minimumDistance>0.33</minimumDistance>
      <maximumDistance>1.04</maximumDistance>
    </quality>
    <evaluationMode>manual</evaluationMode>
    <creationInfo>
      <agencyURI>smi:smi-registry/organization/EMSC</agencyURI>
      <authorURI>smi:smi-registry/organization/EMSC</authorURI>
    </creationInfo>
    <originUncertainty>
      <azimuthMaxHorizontalUncertainty>-99</azimuthMaxHorizontalUncertainty>
    </originUncertainty>
  </origin>
  <magnitude publicID="quakeml:eu.emsc/event/20030927_0000020/origin/1354508/mag/2">
    <mag>
      <value>2.1</value>
    </mag>
    <type>ML</type>
    <originID>quakeml:eu.emsc/event/20030927_0000020/origin/1354508</originID>
    <stationCount>1</stationCount>
    <creationInfo>
      <agencyURI>smi:smi-registry/organization/EMSC</agencyURI>
      <authorURI>smi:smi-registry/organization/EMSC</authorURI>
    </creationInfo>
  </magnitude>
</event>
<event publicID="quakeml:eu.emsc/event/20030927_0000026">
  <preferredOriginID>quakeml:eu.emsc/event/20030927_0000026/origin/1354510</preferredOriginID>
  <preferredMagnitudeID>quakeml:eu.emsc/event/20030927_0000026/origin/1354510/mag/2</preferredMagnitudeID>
  <creationInfo>
    <agencyURI>smi:smi-registry/organization/EMSC</agencyURI>
    <authorURI>smi:smi-registry/organization/EMSC</authorURI>
    <creationTime>2014-12-10T18:53:48.943394Z</creationTime>
  </creationInfo>
  <description>
    <text>SWITZERLAND</text>
    <type>Flinn-Engdahl region</type>
  </description>
  <origin publicID="quakeml:eu.emsc/event/20030927_0000026/origin/1354510">
    <time>
      <value>2003-09-27T20:14:55.8Z</value>
    </time>
    <latitude>
      <value>46.31</value>
      <uncertainty>9999.9</uncertainty>
    </latitude>
    <longitude>
      <value>7.332</value>
      <uncertainty>9999.9</uncertainty>
    </longitude>
    <depth>
      <value>2600.0</value>
    </depth>
    <depthType>from location</depthType>
    <methodID>smi:eu.emsc-csem/origin_method/NA</methodID>
    <quality>
      <usedPhaseCount>6</usedPhaseCount>
      <usedStationCount>4</usedStationCount>
      <standardError>0.41</standardError>
      <azimuthalGap>179</azimuthalGap>
      <minimumDistance>0.06</minimumDistance>
      <maximumDistance>0.26</maximumDistance>
    </quality>
    <evaluationMode>manual</evaluationMode>
    <creationInfo>
      <agencyURI>smi:smi-registry/organization/EMSC</agencyURI>
      <authorURI>smi:smi-registry/organization/EMSC</authorURI>
    </creationInfo>
    <originUncertainty>
      <azimuthMaxHorizontalUncertainty>-99</azimuthMaxHorizontalUncertainty>
    </originUncertainty>
  </origin>
  <magnitude publicID="quakeml:eu.emsc/event/20030927_0000026/origin/1354510/mag/2">
    <mag>
      <value>0.5</value>
    </mag>
    <type>ML</type>
    <originID>quakeml:eu.emsc/event/20030927_0000026/origin/1354510</originID>
    <stationCount>2</stationCount>
    <creationInfo>
      <agencyURI>smi:smi-registry/organization/EMSC</agencyURI>
      <authorURI>smi:smi-registry/organization/EMSC</authorURI>
    </creationInfo>
  </magnitude>
</event>
<event publicID="quakeml:eu.emsc/event/20030927_0000011">
  <preferredOriginID>quakeml:eu.emsc/event/20030927_0000011/origin/1361606</preferredOriginID>
  <preferredMagnitudeID>quakeml:eu.emsc/event/20030927_0000011/origin/1361606/mag/1</preferredMagnitudeID>
  <creationInfo>
    <agencyURI>smi:smi-registry/organization/EMSC</agencyURI>
    <authorURI>smi:smi-registry/organization/EMSC</authorURI>
    <creationTime>2014-12-03T11:29:58.938154Z</creationTime>
  </creationInfo>
  <description>
    <text>CENTRAL TURKEY</text>
    <type>Flinn-Engdahl region</type>
  </description>
  <origin publicID="quakeml:eu.emsc/event/20030927_0000011/origin/1361606">
    <time>
      <value>2003-09-27T19:34:23.1Z</value>
      <uncertainty>0.15</uncertainty>
    </time>
    <latitude>
      <value>40.5546</value>
      <uncertainty>5.3</uncertainty>
    </latitude>
    <longitude>
      <value>35.814</value>
      <uncertainty>4</uncertainty>
    </longitude>
    <depth>
      <value>2000</value>
    </depth>
    <depthType>from location</depthType>
    <methodID>smi:eu.emsc-csem/origin_method/NA</methodID>
    <quality>
      <usedPhaseCount>49</usedPhaseCount>
      <usedStationCount>48</usedStationCount>
      <standardError>0.86</standardError>
      <azimuthalGap>72</azimuthalGap>
      <minimumDistance>0.55</minimumDistance>
      <maximumDistance>28.64</maximumDistance>
    </quality>
    <evaluationMode>manual</evaluationMode>
    <creationInfo>
      <agencyURI>smi:smi-registry/organization/EMSC</agencyURI>
      <authorURI>smi:smi-registry/organization/EMSC</authorURI>
    </creationInfo>
    <originUncertainty>
      <azimuthMaxHorizontalUncertainty>42</azimuthMaxHorizontalUncertainty>
    </originUncertainty>
  </origin>
  <magnitude publicID="quakeml:eu.emsc/event/20030927_0000011/origin/1361606/mag/1">
    <mag>
      <value>4</value>
      <uncertainty>0.3</uncertainty>
    </mag>
    <type>mb</type>
    <originID>quakeml:eu.emsc/event/20030927_0000011/origin/1361606</originID>
    <stationCount>26</stationCount>
    <creationInfo>
      <agencyURI>smi:smi-registry/organization/EMSC</agencyURI>
      <authorURI>smi:smi-registry/organization/EMSC</authorURI>
    </creationInfo>
  </magnitude>
</event>
<event publicID="quakeml:eu.emsc/event/20030927_0000016">
  <preferredOriginID>quakeml:eu.emsc/event/20030927_0000016/origin/1361251</preferredOriginID>
  <preferredMagnitudeID>quakeml:eu.emsc/event/20030927_0000016/origin/1361251/mag/1</preferredMagnitudeID>
  <creationInfo>
    <agencyURI>smi:smi-registry/organization/EMSC</agencyURI>
    <authorURI>smi:smi-registry/organization/EMSC</authorURI>
    <creationTime>2014-12-03T15:10:30.999565Z</creationTime>
  </creationInfo>
  <description>
    <text>FRANCE</text>
    <type>Flinn-Engdahl region</type>
  </description>
  <origin publicID="quakeml:eu.emsc/event/20030927_0000016/origin/1361251">
    <time>
      <value>2003-09-27T18:43:15.8Z</value>
      <uncertainty>0.08</uncertainty>
    </time>
    <latitude>
      <value>44.4741</value>
      <uncertainty>2</uncertainty>
    </latitude>
    <longitude>
      <value>6.7295</value>
      <uncertainty>1.3</uncertainty>
    </longitude>
    <depth>
      <value>15000</value>
    </depth>
    <depthType>from location</depthType>
    <methodID>smi:eu.emsc-csem/origin_method/NA</methodID>
    <quality>
      <usedPhaseCount>38</usedPhaseCount>
      <usedStationCount>21</usedStationCount>
      <standardError>0.55</standardError>
      <azimuthalGap>53</azimuthalGap>
      <minimumDistance>0.25</minimumDistance>
      <maximumDistance>1.52</maximumDistance>
    </quality>
    <evaluationMode>manual</evaluationMode>
    <creationInfo>
      <agencyURI>smi:smi-registry/organization/EMSC</agencyURI>
      <authorURI>smi:smi-registry/organization/EMSC</authorURI>
    </creationInfo>
    <originUncertainty>
      <azimuthMaxHorizontalUncertainty>67</azimuthMaxHorizontalUncertainty>
    </originUncertainty>
  </origin>
  <magnitude publicID="quakeml:eu.emsc/event/20030927_0000016/origin/1361251/mag/1">
    <mag>
      <value>1.5</value>
      <uncertainty>0.5</uncertainty>
    </mag>
    <type>ML</type>
    <originID>quakeml:eu.emsc/event/20030927_0000016/origin/1361251</originID>
    <stationCount>9</stationCount>
    <creationInfo>
      <agencyURI>smi:smi-registry/organization/EMSC</agencyURI>
      <authorURI>smi:smi-registry/organization/EMSC</authorURI>
    </creationInfo>
  </magnitude>
</event>
<event publicID="quakeml:eu.emsc/event/20030927_0000010">
  <preferredOriginID>quakeml:eu.emsc/event/20030927_0000010/origin/1361609</preferredOriginID>
  <preferredMagnitudeID>quakeml:eu.emsc/event/20030927_0000010/origin/1361609/mag/2</preferredMagnitudeID>
  <creationInfo>
    <agencyURI>smi:smi-registry/organization/EMSC</agencyURI>
    <authorURI>smi:smi-registry/organization/EMSC</authorURI>
    <creationTime>2014-12-03T12:18:24.203102Z</creationTime>
  </creationInfo>
  <description>
    <text>CENTRAL ITALY</text>
    <type>Flinn-Engdahl region</type>
  </description>
  <origin publicID="quakeml:eu.emsc/event/20030927_0000010/origin/1361609">
    <time>
      <value>2003-09-27T17:36:48.2Z</value>
      <uncertainty>0.14</uncertainty>
    </time>
    <latitude>
      <value>42.2308</value>
      <uncertainty>5.3</uncertainty>
    </latitude>
    <longitude>
      <value>13.2194</value>
      <uncertainty>2.9</uncertainty>
    </longitude>
    <depth>
      <value>5000</value>
    </depth>
    <depthType>from location</depthType>
    <methodID>smi:eu.emsc-csem/origin_method/NA</methodID>
    <quality>
      <usedPhaseCount>41</usedPhaseCount>
      <usedStationCount>34</usedStationCount>
      <standardError>1.01</standardError>
      <azimuthalGap>65</azimuthalGap>
      <minimumDistance>0.18</minimumDistance>
      <maximumDistance>7.54</maximumDistance>
    </quality>
    <evaluationMode>manual</evaluationMode>
    <creationInfo>
      <agencyURI>smi:smi-registry/organization/EMSC</agencyURI>
      <authorURI>smi:smi-registry/organization/EMSC</authorURI>
    </creationInfo>
    <originUncertainty>
      <azimuthMaxHorizontalUncertainty>44</azimuthMaxHorizontalUncertainty>
    </originUncertainty>
  </origin>
  <magnitude publicID="quakeml:eu.emsc/event/20030927_0000010/origin/1361609/mag/2">
    <mag>
      <value>3.2</value>
      <uncertainty>0.2</uncertainty>
    </mag>
    <type>ML</type>
    <originID>quakeml:eu.emsc/event/20030927_0000010/origin/1361609</originID>
    <stationCount>5</stationCount>
    <creationInfo>
      <agencyURI>smi:smi-registry/organization/EMSC</agencyURI>
      <authorURI>smi:smi-registry/organization/EMSC</authorURI>
    </creationInfo>
  </magnitude>
</event>
<event publicID="quakeml:eu.emsc/event/20030927_0000005">
  <preferredOriginID>quakeml:eu.emsc/event/20030927_0000005/origin/1361612</preferredOriginID>
  <preferredMagnitudeID>quakeml:eu.emsc/event/20030927_0000005/origin/1361612/mag/2</preferredMagnitudeID>
  <creationInfo>
    <agencyURI>smi:smi-registry/organization/EMSC</agencyURI>
    <authorURI>smi:smi-registry/organization/EMSC</authorURI>
    <creationTime>2014-12-03T10:23:27.85862Z</creationTime>
  </creationInfo>
  <description>
    <text>NORTHERN ITALY</text>
    <type>Flinn-Engdahl region</type>
  </description>
  <origin publicID="quakeml:eu.emsc/event/20030927_0000005/origin/1361612">
    <time>
      <value>2003-09-27T17:01:21.5Z</value>
      <uncertainty>0.24</uncertainty>
    </time>
    <latitude>
      <value>46.5141</value>
      <uncertainty>11</uncertainty>
    </latitude>
    <longitude>
      <value>13.0603</value>
      <uncertainty>3.8</uncertainty>
    </longitude>
    <depth>
      <value>10000</value>
    </depth>
    <depthType>from location</depthType>
    <methodID>smi:eu.emsc-csem/origin_method/NA</methodID>
    <quality>
      <usedPhaseCount>19</usedPhaseCount>
      <usedStationCount>13</usedStationCount>
      <standardError>1.3</standardError>
      <azimuthalGap>146</azimuthalGap>
      <minimumDistance>0.23</minimumDistance>
      <maximumDistance>5.78</maximumDistance>
    </quality>
    <evaluationMode>manual</evaluationMode>
    <creationInfo>
      <agencyURI>smi:smi-registry/organization/EMSC</agencyURI>
      <authorURI>smi:smi-registry/organization/EMSC</authorURI>
    </creationInfo>
    <originUncertainty>
      <azimuthMaxHorizontalUncertainty>29</azimuthMaxHorizontalUncertainty>
    </originUncertainty>
  </origin>
  <magnitude publicID="quakeml:eu.emsc/event/20030927_0000005/origin/1361612/mag/2">
    <mag>
      <value>3</value>
      <uncertainty>0.1</uncertainty>
    </mag>
    <type>ML</type>
    <originID>quakeml:eu.emsc/event/20030927_0000005/origin/1361612</originID>
    <stationCount>3</stationCount>
    <creationInfo>
      <agencyURI>smi:smi-registry/organization/EMSC</agencyURI>
      <authorURI>smi:smi-registry/organization/EMSC</authorURI>
    </creationInfo>
  </magnitude>
</event>
<event publicID="quakeml:eu.emsc/event/20030927_0000009">
  <preferredOriginID>quakeml:eu.emsc/event/20030927_0000009/origin/1354512</preferredOriginID>
  <preferredMagnitudeID>quakeml:eu.emsc/event/20030927_0000009/origin/1354512/mag/2</preferredMagnitudeID>
  <creationInfo>
    <agencyURI>smi:smi-registry/organization/EMSC</agencyURI>
    <authorURI>smi:smi-registry/organization/EMSC</authorURI>
    <creationTime>2014-12-10T23:08:37.178714Z</creationTime>
  </creationInfo>
  <description>
    <text>WESTERN TURKEY</text>
    <type>Flinn-Engdahl region</type>
  </description>
  <origin publicID="quakeml:eu.emsc/event/20030927_0000009/origin/1354512">
    <time>
      <value>2003-09-27T14:51:53.2Z</value>
    </time>
    <latitude>
      <value>39.023</value>
      <uncertainty>9999.9</uncertainty>
    </latitude>
    <longitude>
      <value>29.696</value>
      <uncertainty>9999.9</uncertainty>
    </longitude>
    <depth>
      <value>4000</value>
    </depth>
    <depthType>from location</depthType>
    <methodID>smi:eu.emsc-csem/origin_method/NA</methodID>
    <quality>
      <usedPhaseCount>7</usedPhaseCount>
      <usedStationCount>6</usedStationCount>
      <standardError>0.81</standardError>
      <azimuthalGap>102</azimuthalGap>
      <minimumDistance>0.71</minimumDistance>
      <maximumDistance>1.71</maximumDistance>
    </quality>
    <evaluationMode>manual</evaluationMode>
    <creationInfo>
      <agencyURI>smi:smi-registry/organization/EMSC</agencyURI>
      <authorURI>smi:smi-registry/organization/EMSC</authorURI>
    </creationInfo>
    <originUncertainty>
      <azimuthMaxHorizontalUncertainty>-99</azimuthMaxHorizontalUncertainty>
    </originUncertainty>
  </origin>
  <magnitude publicID="quakeml:eu.emsc/event/20030927_0000009/origin/1354512/mag/2">
    <mag>
      <value>2.9</value>
    </mag>
    <type>MD</type>
    <originID>quakeml:eu.emsc/event/20030927_0000009/origin/1354512</originID>
    <creationInfo>
      <agencyURI>smi:smi-registry/organization/EMSC</agencyURI>
      <authorURI>smi:smi-registry/organization/EMSC</authorURI>
    </creationInfo>
  </magnitude>
</event>
<event publicID="quakeml:eu.emsc/event/20030927_0000008">
  <preferredOriginID>quakeml:eu.emsc/event/20030927_0000008/origin/1354514</preferredOriginID>
  <preferredMagnitudeID>quakeml:eu.emsc/event/20030927_0000008/origin/1354514/mag/2</preferredMagnitudeID>
  <creationInfo>
    <agencyURI>smi:smi-registry/organization/EMSC</agencyURI>
    <authorURI>smi:smi-registry/organization/EMSC</authorURI>
    <creationTime>2014-12-10T23:08:32.890779Z</creationTime>
  </creationInfo>
  <description>
    <text>CRETE, GREECE</text>
    <type>Flinn-Engdahl region</type>
  </description>
  <origin publicID="quakeml:eu.emsc/event/20030927_0000008/origin/1354514">
    <time>
      <value>2003-09-27T12:39:02.2Z</value>
    </time>
    <latitude>
      <value>34.69</value>
      <uncertainty>9999.9</uncertainty>
    </latitude>
    <longitude>
      <value>24.68</value>
      <uncertainty>9999.9</uncertainty>
    </longitude>
    <depth>
      <value>33000</value>
    </depth>
    <depthType>from location</depthType>
    <methodID>smi:eu.emsc-csem/origin_method/NA</methodID>
    <quality>
      <usedPhaseCount>5</usedPhaseCount>
      <usedStationCount>5</usedStationCount>
      <standardError>1.48</standardError>
      <azimuthalGap>253</azimuthalGap>
      <minimumDistance>0.82</minimumDistance>
      <maximumDistance>2.47</maximumDistance>
    </quality>
    <evaluationMode>manual</evaluationMode>
    <creationInfo>
      <agencyURI>smi:smi-registry/organization/EMSC</agencyURI>
      <authorURI>smi:smi-registry/organization/EMSC</authorURI>
    </creationInfo>
    <originUncertainty>
      <azimuthMaxHorizontalUncertainty>-99</azimuthMaxHorizontalUncertainty>
    </originUncertainty>
  </origin>
  <magnitude publicID="quakeml:eu.emsc/event/20030927_0000008/origin/1354514/mag/2">
    <mag>
      <value>3.7</value>
    </mag>
    <type>MD</type>
    <originID>quakeml:eu.emsc/event/20030927_0000008/origin/1354514</originID>
    <creationInfo>
      <agencyURI>smi:smi-registry/organization/EMSC</agencyURI>
      <authorURI>smi:smi-registry/organization/EMSC</authorURI>
    </creationInfo>
  </magnitude>
</event>
<event publicID="quakeml:eu.emsc/event/20030927_0000018">
  <preferredOriginID>quakeml:eu.emsc/event/20030927_0000018/origin/1361255</preferredOriginID>
  <preferredMagnitudeID>quakeml:eu.emsc/event/20030927_0000018/origin/1361255/mag/1</preferredMagnitudeID>
  <creationInfo>
    <agencyURI>smi:smi-registry/organization/EMSC</agencyURI>
    <authorURI>smi:smi-registry/organization/EMSC</authorURI>
    <creationTime>2014-12-03T15:25:27.603084Z</creationTime>
  </creationInfo>
  <description>
    <text>FRANCE</text>
    <type>Flinn-Engdahl region</type>
  </description>
  <origin publicID="quakeml:eu.emsc/event/20030927_0000018/origin/1361255">
    <time>
      <value>2003-09-27T10:39:37.1Z</value>
      <uncertainty>0.07</uncertainty>
    </time>
    <latitude>
      <value>44.4733</value>
      <uncertainty>1.6</uncertainty>
    </latitude>
    <longitude>
      <value>6.7497</value>
      <uncertainty>1.1</uncertainty>
    </longitude>
    <depth>
      <value>15000</value>
    </depth>
    <depthType>from location</depthType>
    <methodID>smi:eu.emsc-csem/origin_method/NA</methodID>
    <quality>
      <usedPhaseCount>38</usedPhaseCount>
      <usedStationCount>24</usedStationCount>
      <standardError>0.51</standardError>
      <azimuthalGap>53</azimuthalGap>
      <minimumDistance>0.25</minimumDistance>
      <maximumDistance>1.53</maximumDistance>
    </quality>
    <evaluationMode>manual</evaluationMode>
    <creationInfo>
      <agencyURI>smi:smi-registry/organization/EMSC</agencyURI>
      <authorURI>smi:smi-registry/organization/EMSC</authorURI>
    </creationInfo>
    <originUncertainty>
      <azimuthMaxHorizontalUncertainty>68</azimuthMaxHorizontalUncertainty>
    </originUncertainty>
  </origin>
  <magnitude publicID="quakeml:eu.emsc/event/20030927_0000018/origin/1361255/mag/1">
    <mag>
      <value>1.8</value>
      <uncertainty>0.4</uncertainty>
    </mag>
    <type>ML</type>
    <originID>quakeml:eu.emsc/event/20030927_0000018/origin/1361255</originID>
    <stationCount>8</stationCount>
    <creationInfo>
      <agencyURI>smi:smi-registry/organization/EMSC</agencyURI>
      <authorURI>smi:smi-registry/organization/EMSC</authorURI>
    </creationInfo>
  </magnitude>
</event>
<event publicID="quakeml:eu.emsc/event/20030927_0000007">
  <preferredOriginID>quakeml:eu.emsc/event/20030927_0000007/origin/1354516</preferredOriginID>
  <preferredMagnitudeID>quakeml:eu.emsc/event/20030927_0000007/origin/1354516/mag/2</preferredMagnitudeID>
  <creationInfo>
    <agencyURI>smi:smi-registry/organization/EMSC</agencyURI>
    <authorURI>smi:smi-registry/organization/EMSC</authorURI>
    <creationTime>2014-12-10T23:08:29.576971Z</creationTime>
  </creationInfo>
  <description>
    <text>WESTERN TURKEY</text>
    <type>Flinn-Engdahl region</type>
  </description>
  <origin publicID="quakeml:eu.emsc/event/20030927_0000007/origin/1354516">
    <time>
      <value>2003-09-27T10:12:54.1Z</value>
    </time>
    <latitude>
      <value>38.097</value>
      <uncertainty>9999.9</uncertainty>
    </latitude>
    <longitude>
      <value>28.913</value>
      <uncertainty>9999.9</uncertainty>
    </longitude>
    <depth>
      <value>13000</value>
    </depth>
    <depthType>from location</depthType>
    <methodID>smi:eu.emsc-csem/origin_method/NA</methodID>
    <quality>
      <usedPhaseCount>7</usedPhaseCount>
      <usedStationCount>5</usedStationCount>
      <standardError>0.8</standardError>
      <azimuthalGap>119</azimuthalGap>
      <minimumDistance>0.36</minimumDistance>
      <maximumDistance>1.95</maximumDistance>
    </quality>
    <evaluationMode>manual</evaluationMode>
    <creationInfo>
      <agencyURI>smi:smi-registry/organization/EMSC</agencyURI>
      <authorURI>smi:smi-registry/organization/EMSC</authorURI>
    </creationInfo>
    <originUncertainty>
      <azimuthMaxHorizontalUncertainty>-99</azimuthMaxHorizontalUncertainty>
    </originUncertainty>
  </origin>
  <magnitude publicID="quakeml:eu.emsc/event/20030927_0000007/origin/1354516/mag/2">
    <mag>
      <value>3.1</value>
    </mag>
    <type>MD</type>
    <originID>quakeml:eu.emsc/event/20030927_0000007/origin/1354516</originID>
    <creationInfo>
      <agencyURI>smi:smi-registry/organization/EMSC</agencyURI>
      <authorURI>smi:smi-registry/organization/EMSC</authorURI>
    </creationInfo>
  </magnitude>
</event>
<event publicID="quakeml:eu.emsc/event/20030927_0000004">
  <preferredOriginID>quakeml:eu.emsc/event/20030927_0000004/origin/1361615</preferredOriginID>
  <preferredMagnitudeID>quakeml:eu.emsc/event/20030927_0000004/origin/1361615/mag/1</preferredMagnitudeID>
  <creationInfo>
    <agencyURI>smi:smi-registry/organization/EMSC</agencyURI>
    <authorURI>smi:smi-registry/organization/EMSC</authorURI>
    <creationTime>2014-12-03T11:15:30.133066Z</creationTime>
  </creationInfo>
  <description>
    <text>NORTH SEA</text>
    <type>Flinn-Engdahl region</type>
  </description>
  <origin publicID="quakeml:eu.emsc/event/20030927_0000004/origin/1361615">
    <time>
      <value>2003-09-27T04:57:27.1Z</value>
      <uncertainty>0.69</uncertainty>
    </time>
    <latitude>
      <value>53.1504</value>
      <uncertainty>10</uncertainty>
    </latitude>
    <longitude>
      <value>2.6212</value>
      <uncertainty>7.4</uncertainty>
    </longitude>
    <depth>
      <value>14000</value>
    </depth>
    <depthType>from location</depthType>
    <methodID>smi:eu.emsc-csem/origin_method/NA</methodID>
    <quality>
      <usedPhaseCount>32</usedPhaseCount>
      <usedStationCount>17</usedStationCount>
      <standardError>1.37</standardError>
      <azimuthalGap>276</azimuthalGap>
      <minimumDistance>0.99</minimumDistance>
      <maximumDistance>8.41</maximumDistance>
    </quality>
    <evaluationMode>manual</evaluationMode>
    <creationInfo>
      <agencyURI>smi:smi-registry/organization/EMSC</agencyURI>
      <authorURI>smi:smi-registry/organization/EMSC</authorURI>
    </creationInfo>
    <originUncertainty>
      <azimuthMaxHorizontalUncertainty>14</azimuthMaxHorizontalUncertainty>
    </originUncertainty>
  </origin>
  <magnitude publicID="quakeml:eu.emsc/event/20030927_0000004/origin/1361615/mag/1">
    <mag>
      <value>3.5</value>
      <uncertainty>0.1</uncertainty>
    </mag>
    <type>ML</type>
    <originID>quakeml:eu.emsc/event/20030927_0000004/origin/1361615</originID>
    <stationCount>11</stationCount>
    <creationInfo>
      <agencyURI>smi:smi-registry/organization/EMSC</agencyURI>
      <authorURI>smi:smi-registry/organization/EMSC</authorURI>
    </creationInfo>
  </magnitude>
</event>
<event publicID="quakeml:eu.emsc/event/20030927_0000002">
  <preferredOriginID>quakeml:eu.emsc/event/20030927_0000002/origin/1361617</preferredOriginID>
  <preferredMagnitudeID>quakeml:eu.emsc/event/20030927_0000002/origin/1361617/mag/2</preferredMagnitudeID>
  <creationInfo>
    <agencyURI>smi:smi-registry/organization/EMSC</agencyURI>
    <authorURI>smi:smi-registry/organization/EMSC</authorURI>
    <creationTime>2014-12-03T10:40:50.189017Z</creationTime>
  </creationInfo>
  <description>
    <text>GREECE</text>
    <type>Flinn-Engdahl region</type>
  </description>
  <origin publicID="quakeml:eu.emsc/event/20030927_0000002/origin/1361617">
    <time>
      <value>2003-09-27T04:49:22.4Z</value>
      <uncertainty>0.36</uncertainty>
    </time>
    <latitude>
      <value>39.1174</value>
      <uncertainty>10.1</uncertainty>
    </latitude>
    <longitude>
      <value>20.6133</value>
      <uncertainty>7.2</uncertainty>
    </longitude>
    <depth>
      <value>15000</value>
    </depth>
    <depthType>from location</depthType>
    <methodID>smi:eu.emsc-csem/origin_method/NA</methodID>
    <quality>
      <usedPhaseCount>18</usedPhaseCount>
      <usedStationCount>15</usedStationCount>
      <standardError>1.14</standardError>
      <azimuthalGap>132</azimuthalGap>
      <minimumDistance>0.41</minimumDistance>
      <maximumDistance>2.87</maximumDistance>
    </quality>
    <evaluationMode>manual</evaluationMode>
    <creationInfo>
      <agencyURI>smi:smi-registry/organization/EMSC</agencyURI>
      <authorURI>smi:smi-registry/organization/EMSC</authorURI>
    </creationInfo>
    <originUncertainty>
      <azimuthMaxHorizontalUncertainty>62</azimuthMaxHorizontalUncertainty>
    </originUncertainty>
  </origin>
  <magnitude publicID="quakeml:eu.emsc/event/20030927_0000002/origin/1361617/mag/2">
    <mag>
      <value>3.3</value>
    </mag>
    <type>MD</type>
    <originID>quakeml:eu.emsc/event/20030927_0000002/origin/1361617</originID>
    <creationInfo>
      <agencyURI>smi:smi-registry/organization/EMSC</agencyURI>
      <authorURI>smi:smi-registry/organization/EMSC</authorURI>
    </creationInfo>
  </magnitude>
</event>
<event publicID="quakeml:eu.emsc/event/20030927_0000019">
  <preferredOriginID>quakeml:eu.emsc/event/20030927_0000019/origin/1354518</preferredOriginID>
  <preferredMagnitudeID>quakeml:eu.emsc/event/20030927_0000019/origin/1354518/mag/2</preferredMagnitudeID>
  <creationInfo>
    <agencyURI>smi:smi-registry/organization/EMSC</agencyURI>
    <authorURI>smi:smi-registry/organization/EMSC</authorURI>
    <creationTime>2014-12-10T18:53:48.42901Z</creationTime>
  </creationInfo>
  <description>
    <text>FRANCE</text>
    <type>Flinn-Engdahl region</type>
  </description>
  <origin publicID="quakeml:eu.emsc/event/20030927_0000019/origin/1354518">
    <time>
      <value>2003-09-27T04:40:15.0Z</value>
    </time>
    <latitude>
      <value>46.778</value>
      <uncertainty>9999.9</uncertainty>
    </latitude>
    <longitude>
      <value>0.5193</value>
      <uncertainty>9999.9</uncertainty>
    </longitude>
    <depth>
      <value>3000</value>
    </depth>
    <depthType>from location</depthType>
    <methodID>smi:eu.emsc-csem/origin_method/NA</methodID>
    <quality>
      <usedPhaseCount>28</usedPhaseCount>
      <usedStationCount>15</usedStationCount>
      <standardError>1.51</standardError>
      <azimuthalGap>89</azimuthalGap>
      <minimumDistance>0.49</minimumDistance>
      <maximumDistance>2.75</maximumDistance>
    </quality>
    <evaluationMode>manual</evaluationMode>
    <creationInfo>
      <agencyURI>smi:smi-registry/organization/EMSC</agencyURI>
      <authorURI>smi:smi-registry/organization/EMSC</authorURI>
    </creationInfo>
    <originUncertainty>
      <azimuthMaxHorizontalUncertainty>-99</azimuthMaxHorizontalUncertainty>
    </originUncertainty>
  </origin>
  <magnitude publicID="quakeml:eu.emsc/event/20030927_0000019/origin/1354518/mag/2">
    <mag>
      <value>2</value>
      <uncertainty>0.2</uncertainty>
    </mag>
    <type>ML</type>
    <originID>quakeml:eu.emsc/event/20030927_0000019/origin/1354518</originID>
    <stationCount>15</stationCount>
    <creationInfo>
      <agencyURI>smi:smi-registry/organization/EMSC</agencyURI>
      <authorURI>smi:smi-registry/organization/EMSC</authorURI>
    </creationInfo>
  </magnitude>
</event>
<event publicID="quakeml:eu.emsc/event/20030927_0000003">
  <preferredOriginID>quakeml:eu.emsc/event/20030927_0000003/origin/1354520</preferredOriginID>
  <preferredMagnitudeID>quakeml:eu.emsc/event/20030927_0000003/origin/1354520/mag/2</preferredMagnitudeID>
  <creationInfo>
    <agencyURI>smi:smi-registry/organization/EMSC</agencyURI>
    <authorURI>smi:smi-registry/organization/EMSC</authorURI>
    <creationTime>2014-12-10T23:08:17.911254Z</creationTime>
  </creationInfo>
  <description>
    <text>WESTERN TURKEY</text>
    <type>Flinn-Engdahl region</type>
  </description>
  <origin publicID="quakeml:eu.emsc/event/20030927_0000003/origin/1354520">
    <time>
      <value>2003-09-27T04:21:09.8Z</value>
    </time>
    <latitude>
      <value>40.714</value>
      <uncertainty>9999.9</uncertainty>
    </latitude>
    <longitude>
      <value>30.59</value>
      <uncertainty>9999.9</uncertainty>
    </longitude>
    <depth>
      <value>3000</value>
    </depth>
    <depthType>from location</depthType>
    <methodID>smi:eu.emsc-csem/origin_method/NA</methodID>
    <quality>
      <usedPhaseCount>8</usedPhaseCount>
      <usedStationCount>7</usedStationCount>
      <standardError>0.86</standardError>
      <azimuthalGap>143</azimuthalGap>
      <minimumDistance>0.47</minimumDistance>
      <maximumDistance>1.69</maximumDistance>
    </quality>
    <evaluationMode>manual</evaluationMode>
    <creationInfo>
      <agencyURI>smi:smi-registry/organization/EMSC</agencyURI>
      <authorURI>smi:smi-registry/organization/EMSC</authorURI>
    </creationInfo>
    <originUncertainty>
      <azimuthMaxHorizontalUncertainty>-99</azimuthMaxHorizontalUncertainty>
    </originUncertainty>
  </origin>
  <magnitude publicID="quakeml:eu.emsc/event/20030927_0000003/origin/1354520/mag/2">
    <mag>
      <value>2.9</value>
    </mag>
    <type>MD</type>
    <originID>quakeml:eu.emsc/event/20030927_0000003/origin/1354520</originID>
    <creationInfo>
      <agencyURI>smi:smi-registry/organization/EMSC</agencyURI>
      <authorURI>smi:smi-registry/organization/EMSC</authorURI>
    </creationInfo>
  </magnitude>
</event>
<event publicID="quakeml:eu.emsc/event/20030927_0000025">
  <preferredOriginID>quakeml:eu.emsc/event/20030927_0000025/origin/1361258</preferredOriginID>
  <preferredMagnitudeID>quakeml:eu.emsc/event/20030927_0000025/origin/1361258/mag/1</preferredMagnitudeID>
  <creationInfo>
    <agencyURI>smi:smi-registry/organization/EMSC</agencyURI>
    <authorURI>smi:smi-registry/organization/EMSC</authorURI>
    <creationTime>2014-12-03T16:27:03.287627Z</creationTime>
  </creationInfo>
  <description>
    <text>NEAR SOUTH COAST OF FRANCE</text>
    <type>Flinn-Engdahl region</type>
  </description>
  <origin publicID="quakeml:eu.emsc/event/20030927_0000025/origin/1361258">
    <time>
      <value>2003-09-27T02:38:46.7Z</value>
      <uncertainty>0.1</uncertainty>
    </time>
    <latitude>
      <value>43.7891</value>
      <uncertainty>2.1</uncertainty>
    </latitude>
    <longitude>
      <value>6.3903</value>
      <uncertainty>1.5</uncertainty>
    </longitude>
    <depth>
      <value>15000</value>
    </depth>
    <depthType>from location</depthType>
    <methodID>smi:eu.emsc-csem/origin_method/NA</methodID>
    <quality>
      <usedPhaseCount>32</usedPhaseCount>
      <usedStationCount>15</usedStationCount>
      <standardError>0.5</standardError>
      <azimuthalGap>110</azimuthalGap>
      <minimumDistance>0.29</minimumDistance>
      <maximumDistance>2.28</maximumDistance>
    </quality>
    <evaluationMode>manual</evaluationMode>
    <creationInfo>
      <agencyURI>smi:smi-registry/organization/EMSC</agencyURI>
      <authorURI>smi:smi-registry/organization/EMSC</authorURI>
    </creationInfo>
    <originUncertainty>
      <azimuthMaxHorizontalUncertainty>33</azimuthMaxHorizontalUncertainty>
    </originUncertainty>
  </origin>
  <magnitude publicID="quakeml:eu.emsc/event/20030927_0000025/origin/1361258/mag/1">
    <mag>
      <value>1.4</value>
      <uncertainty>0.3</uncertainty>
    </mag>
    <type>ML</type>
    <originID>quakeml:eu.emsc/event/20030927_0000025/origin/1361258</originID>
    <stationCount>10</stationCount>
    <creationInfo>
      <agencyURI>smi:smi-registry/organization/EMSC</agencyURI>
      <authorURI>smi:smi-registry/organization/EMSC</authorURI>
    </creationInfo>
  </magnitude>
</event>
</eventParameters>
</q:quakeml>
