<?xml version="1.0"?>
<q:quakeml xmlns:q="http://quakeml.org/xmlns/quakeml/1.2"  xmlns="http://quakeml.org/xmlns/bed/1.2">
<eventParameters publicID="smi:eu.emsc/unid">
<event publicID="quakeml:eu.emsc/event/20031001_0000023">
  <preferredOriginID>quakeml:eu.emsc/event/20031001_0000023/origin/1354410</preferredOriginID>
  <preferredMagnitudeID>quakeml:eu.emsc/event/20031001_0000023/origin/1354410/mag/2</preferredMagnitudeID>
  <creationInfo>
    <agencyURI>smi:smi-registry/organization/EMSC</agencyURI>
    <authorURI>smi:smi-registry/organization/EMSC</authorURI>
    <creationTime>2014-12-10T18:53:56.188604Z</creationTime>
  </creationInfo>
  <description>
    <text>NEAR SOUTH COAST OF FRANCE</text>
    <type>Flinn-Engdahl region</type>
  </description>
  <origin publicID="quakeml:eu.emsc/event/20031001_0000023/origin/1354410">
    <time>
      <value>2003-10-01T18:51:41.0Z</value>
    </time>
    <latitude>
      <value>43.8445</value>
      <uncertainty>9999.9</uncertainty>
    </latitude>
    <longitude>
      <value>7.9693</value>
      <uncertainty>9999.9</uncertainty>
    </longitude>
    <depth>
      <value>5000</value>
    </depth>
    <depthType>from location</depthType>
    <methodID>smi:eu.emsc-csem/origin_method/NA</methodID>
    <quality>
      <usedPhaseCount>18</usedPhaseCount>
      <usedStationCount>10</usedStationCount>
      <standardError>4.89</standardError>
      <azimuthalGap>240</azimuthalGap>
      <minimumDistance>0.09</minimumDistance>
      <maximumDistance>0.91</maximumDistance>
    </quality>
    <evaluationMode>manual</evaluationMode>
    <creationInfo>
      <agencyURI>smi:smi-registry/organization/EMSC</agencyURI>
      <authorURI>smi:smi-registry/organization/EMSC</authorURI>
    </creationInfo>
    <originUncertainty>
      <azimuthMaxHorizontalUncertainty>-99</azimuthMaxHorizontalUncertainty>
    </originUncertainty>
  </origin>
  <magnitude publicID="quakeml:eu.emsc/event/20031001_0000023/origin/1354410/mag/2">
    <mag>
      <value>1.9</value>
    </mag>
    <type>ML</type>
    <originID>quakeml:eu.emsc/event/20031001_0000023/origin/1354410</originID>
    <creationInfo>
      <agencyURI>smi:smi-registry/organization/EMSC</agencyURI>
      <authorURI>smi:smi-registry/organization/EMSC</authorURI>
    </creationInfo>
  </magnitude>
</event>
<event publicID="quakeml:eu.emsc/event/20031001_0000015">
  <preferredOriginID>quakeml:eu.emsc/event/20031001_0000015/origin/1354412</preferredOriginID>
  <preferredMagnitudeID>quakeml:eu.emsc/event/20031001_0000015/origin/1354412/mag/2</preferredMagnitudeID>
  <creationInfo>
    <agencyURI>smi:smi-registry/organization/EMSC</agencyURI>
    <authorURI>smi:smi-registry/organization/EMSC</authorURI>
    <creationTime>2014-12-10T18:15:46.114613Z</creationTime>
  </creationInfo>
  <description>
    <text>SOUTHERN GREECE</text>
    <type>Flinn-Engdahl region</type>
  </description>
  <origin publicID="quakeml:eu.emsc/event/20031001_0000015/origin/1354412">
    <time>
      <value>2003-10-01T16:20:48.2Z</value>
    </time>
    <latitude>
      <value>37.89</value>
      <uncertainty>9999.9</uncertainty>
    </latitude>
    <longitude>
      <value>21.73</value>
      <uncertainty>9999.9</uncertainty>
    </longitude>
    <depth>
      <value>33000</value>
    </depth>
    <depthType>from location</depthType>
    <methodID>smi:eu.emsc-csem/origin_method/NA</methodID>
    <quality>
      <usedPhaseCount>7</usedPhaseCount>
      <usedStationCount>6</usedStationCount>
      <standardError>1.68</standardError>
      <azimuthalGap>120</azimuthalGap>
      <minimumDistance>0.27</minimumDistance>
      <maximumDistance>1.51</maximumDistance>
    </quality>
    <evaluationMode>manual</evaluationMode>
    <creationInfo>
      <agencyURI>smi:smi-registry/organization/EMSC</agencyURI>
      <authorURI>smi:smi-registry/organization/EMSC</authorURI>
    </creationInfo>
    <originUncertainty>
      <azimuthMaxHorizontalUncertainty>-99</azimuthMaxHorizontalUncertainty>
    </originUncertainty>
  </origin>
  <magnitude publicID="quakeml:eu.emsc/event/20031001_0000015/origin/1354412/mag/2">
    <mag>
      <value>3.3</value>
    </mag>
    <type>MD</type>
    <originID>quakeml:eu.emsc/event/20031001_0000015/origin/1354412</originID>
    <creationInfo>
      <agencyURI>smi:smi-registry/organization/EMSC</agencyURI>
      <authorURI>smi:smi-registry/organization/EMSC</authorURI>
    </creationInfo>
  </magnitude>
</event>
<event publicID="quakeml:eu.emsc/event/20031001_0000014">
  <preferredOriginID>quakeml:eu.emsc/event/20031001_0000014/origin/1354414</preferredOriginID>
  <preferredMagnitudeID>quakeml:eu.emsc/event/20031001_0000014/origin/1354414/mag/2</preferredMagnitudeID>
  <creationInfo>
    <agencyURI>smi:smi-registry/organization/EMSC</agencyURI>
    <authorURI>smi:smi-registry/organization/EMSC</authorURI>
    <creationTime>2014-12-10T18:15:44.650726Z</creationTime>
  </creationInfo>
  <description>
    <text>SPAIN</text>
    <type>Flinn-Engdahl region</type>
  </description>
  <origin publicID="quakeml:eu.emsc/event/20031001_0000014/origin/1354414">
    <time>
      <value>2003-10-01T15:53:31.4Z</value>
    </time>
    <latitude>
      <value>38.218</value>
      <uncertainty>9999.9</uncertainty>
    </latitude>
    <longitude>
      <value>-1.4574</value>
      <uncertainty>9999.9</uncertainty>
    </longitude>
    <depth>
      <value>10600.0</value>
    </depth>
    <depthType>from location</depthType>
    <methodID>smi:eu.emsc-csem/origin_method/NA</methodID>
    <quality>
      <usedPhaseCount>34</usedPhaseCount>
      <usedStationCount>14</usedStationCount>
      <standardError>1.68</standardError>
      <azimuthalGap>86</azimuthalGap>
      <minimumDistance>0.41</minimumDistance>
      <maximumDistance>3.02</maximumDistance>
    </quality>
    <evaluationMode>manual</evaluationMode>
    <creationInfo>
      <agencyURI>smi:smi-registry/organization/EMSC</agencyURI>
      <authorURI>smi:smi-registry/organization/EMSC</authorURI>
    </creationInfo>
    <originUncertainty>
      <azimuthMaxHorizontalUncertainty>-99</azimuthMaxHorizontalUncertainty>
    </originUncertainty>
  </origin>
  <magnitude publicID="quakeml:eu.emsc/event/20031001_0000014/origin/1354414/mag/2">
    <mag>
      <value>3.7</value>
      <uncertainty>0.2</uncertainty>
    </mag>
    <type>mb</type>
    <originID>quakeml:eu.emsc/event/20031001_0000014/origin/1354414</originID>
    <stationCount>12</stationCount>
    <creationInfo>
      <agencyURI>smi:smi-registry/organization/EMSC</agencyURI>
      <authorURI>smi:smi-registry/organization/EMSC</authorURI>
    </creationInfo>
  </magnitude>
</event>
<event publicID="quakeml:eu.emsc/event/20031001_0000027">
  <preferredOriginID>quakeml:eu.emsc/event/20031001_0000027/origin/1351609</preferredOriginID>
  <preferredMagnitudeID>quakeml:eu.emsc/event/20031001_0000027/origin/1351609/mag/1</preferredMagnitudeID>
  <creationInfo>
    <agencyURI>smi:smi-registry/organization/EMSC</agencyURI>
    <authorURI>smi:smi-registry/organization/EMSC</authorURI>
    <creationTime>2014-12-03T17:04:59.110157Z</creationTime>
  </creationInfo>
  <description>
    <text>FRANCE-GERMANY BORDER REGION</text>
    <type>Flinn-Engdahl region</type>
  </description>
  <origin publicID="quakeml:eu.emsc/event/20031001_0000027/origin/1351609">
    <time>
      <value>2003-10-01T15:23:06.7Z</value>
      <uncertainty>0.08</uncertainty>
    </time>
    <latitude>
      <value>47.8899</value>
      <uncertainty>1.9</uncertainty>
    </latitude>
    <longitude>
      <value>7.7058</value>
      <uncertainty>1.4</uncertainty>
    </longitude>
    <depth>
      <value>15000</value>
    </depth>
    <depthType>from location</depthType>
    <methodID>smi:eu.emsc-csem/origin_method/NA</methodID>
    <quality>
      <usedPhaseCount>64</usedPhaseCount>
      <usedStationCount>37</usedStationCount>
      <standardError>0.76</standardError>
      <azimuthalGap>38</azimuthalGap>
      <minimumDistance>0.15</minimumDistance>
      <maximumDistance>2.97</maximumDistance>
    </quality>
    <evaluationMode>manual</evaluationMode>
    <creationInfo>
      <agencyURI>smi:smi-registry/organization/EMSC</agencyURI>
      <authorURI>smi:smi-registry/organization/EMSC</authorURI>
    </creationInfo>
    <originUncertainty>
      <azimuthMaxHorizontalUncertainty>171</azimuthMaxHorizontalUncertainty>
    </originUncertainty>
  </origin>
  <magnitude publicID="quakeml:eu.emsc/event/20031001_0000027/origin/1351609/mag/1">
    <mag>
      <value>2.3</value>
      <uncertainty>0.5</uncertainty>
    </mag>
    <type>ML</type>
    <originID>quakeml:eu.emsc/event/20031001_0000027/origin/1351609</originID>
    <stationCount>11</stationCount>
    <creationInfo>
      <agencyURI>smi:smi-registry/organization/EMSC</agencyURI>
      <authorURI>smi:smi-registry/organization/EMSC</authorURI>
    </creationInfo>
  </magnitude>
</event>
<event publicID="quakeml:eu.emsc/event/20031001_0000013">
  <preferredOriginID>quakeml:eu.emsc/event/20031001_0000013/origin/1354416</preferredOriginID>
  <preferredMagnitudeID>quakeml:eu.emsc/event/20031001_0000013/origin/1354416/mag/2</preferredMagnitudeID>
  <creationInfo>
    <agencyURI>smi:smi-registry/organization/EMSC</agencyURI>
    <authorURI>smi:smi-registry/organization/EMSC</authorURI>
    <creationTime>2014-12-10T18:15:42.569898Z</creationTime>
  </creationInfo>
  <description>
    <text>GREECE</text>
    <type>Flinn-Engdahl region</type>
  </description>
  <origin publicID="quakeml:eu.emsc/event/20031001_0000013/origin/1354416">
    <time>
      <value>2003-10-01T14:58:51.2Z</value>
    </time>
    <latitude>
      <value>38.68</value>
      <uncertainty>9999.9</uncertainty>
    </latitude>
    <longitude>
      <value>20.5</value>
      <uncertainty>9999.9</uncertainty>
    </longitude>
    <depth>
      <value>5000</value>
    </depth>
    <depthType>from location</depthType>
    <methodID>smi:eu.emsc-csem/origin_method/NA</methodID>
    <quality>
      <usedPhaseCount>6</usedPhaseCount>
      <usedStationCount>5</usedStationCount>
      <standardError>2.06</standardError>
      <azimuthalGap>160</azimuthalGap>
      <minimumDistance>0.51</minimumDistance>
      <maximumDistance>1.88</maximumDistance>
    </quality>
    <evaluationMode>manual</evaluationMode>
    <creationInfo>
      <agencyURI>smi:smi-registry/organization/EMSC</agencyURI>
      <authorURI>smi:smi-registry/organization/EMSC</authorURI>
    </creationInfo>
    <originUncertainty>
      <azimuthMaxHorizontalUncertainty>-99</azimuthMaxHorizontalUncertainty>
    </originUncertainty>
  </origin>
  <magnitude publicID="quakeml:eu.emsc/event/20031001_0000013/origin/1354416/mag/2">
    <mag>
      <value>3.2</value>
    </mag>
    <type>MD</type>
    <originID>quakeml:eu.emsc/event/20031001_0000013/origin/1354416</originID>
    <creationInfo>
      <agencyURI>smi:smi-registry/organization/EMSC</agencyURI>
      <authorURI>smi:smi-registry/organization/EMSC</authorURI>
    </creationInfo>
  </magnitude>
</event>
<event publicID="quakeml:eu.emsc/event/20031001_0000024">
  <preferredOriginID>quakeml:eu.emsc/event/20031001_0000024/origin/1354418</preferredOriginID>
  <preferredMagnitudeID>quakeml:eu.emsc/event/20031001_0000024/origin/1354418/mag/2</preferredMagnitudeID>
  <creationInfo>
    <agencyURI>smi:smi-registry/organization/EMSC</agencyURI>
    <authorURI>smi:smi-registry/organization/EMSC</authorURI>
    <creationTime>2014-12-10T18:53:55.690637Z</creationTime>
  </creationInfo>
  <description>
    <text>SWITZERLAND</text>
    <type>Flinn-Engdahl region</type>
  </description>
  <origin publicID="quakeml:eu.emsc/event/20031001_0000024/origin/1354418">
    <time>
      <value>2003-10-01T14:56:12.1Z</value>
    </time>
    <latitude>
      <value>47.202</value>
      <uncertainty>9999.9</uncertainty>
    </latitude>
    <longitude>
      <value>9.216</value>
      <uncertainty>9999.9</uncertainty>
    </longitude>
    <depth>
      <value>12300.0</value>
    </depth>
    <depthType>from location</depthType>
    <methodID>smi:eu.emsc-csem/origin_method/NA</methodID>
    <quality>
      <usedPhaseCount>8</usedPhaseCount>
      <usedStationCount>6</usedStationCount>
      <standardError>1.1</standardError>
      <azimuthalGap>105</azimuthalGap>
      <minimumDistance>0.19</minimumDistance>
      <maximumDistance>0.75</maximumDistance>
    </quality>
    <evaluationMode>manual</evaluationMode>
    <creationInfo>
      <agencyURI>smi:smi-registry/organization/EMSC</agencyURI>
      <authorURI>smi:smi-registry/organization/EMSC</authorURI>
    </creationInfo>
    <originUncertainty>
      <azimuthMaxHorizontalUncertainty>-99</azimuthMaxHorizontalUncertainty>
    </originUncertainty>
  </origin>
  <magnitude publicID="quakeml:eu.emsc/event/20031001_0000024/origin/1354418/mag/2">
    <mag>
      <value>1.3</value>
    </mag>
    <type>ML</type>
    <originID>quakeml:eu.emsc/event/20031001_0000024/origin/1354418</originID>
    <stationCount>6</stationCount>
    <creationInfo>
      <agencyURI>smi:smi-registry/organization/EMSC</agencyURI>
      <authorURI>smi:smi-registry/organization/EMSC</authorURI>
    </creationInfo>
  </magnitude>
</event>
<event publicID="quakeml:eu.emsc/event/20031001_0000017">
  <preferredOriginID>quakeml:eu.emsc/event/20031001_0000017/origin/1351614</preferredOriginID>
  <preferredMagnitudeID>quakeml:eu.emsc/event/20031001_0000017/origin/1351614/mag/1</preferredMagnitudeID>
  <creationInfo>
    <agencyURI>smi:smi-registry/organization/EMSC</agencyURI>
    <authorURI>smi:smi-registry/organization/EMSC</authorURI>
    <creationTime>2014-12-03T15:39:16.710631Z</creationTime>
  </creationInfo>
  <description>
    <text>FRANCE-GERMANY BORDER REGION</text>
    <type>Flinn-Engdahl region</type>
  </description>
  <origin publicID="quakeml:eu.emsc/event/20031001_0000017/origin/1351614">
    <time>
      <value>2003-10-01T14:22:48.3Z</value>
      <uncertainty>0.1</uncertainty>
    </time>
    <latitude>
      <value>47.871</value>
      <uncertainty>2.4</uncertainty>
    </latitude>
    <longitude>
      <value>7.6942</value>
      <uncertainty>1.7</uncertainty>
    </longitude>
    <depth>
      <value>5000</value>
    </depth>
    <depthType>from location</depthType>
    <methodID>smi:eu.emsc-csem/origin_method/NA</methodID>
    <quality>
      <usedPhaseCount>65</usedPhaseCount>
      <usedStationCount>35</usedStationCount>
      <standardError>0.91</standardError>
      <azimuthalGap>51</azimuthalGap>
      <minimumDistance>0.17</minimumDistance>
      <maximumDistance>4.07</maximumDistance>
    </quality>
    <evaluationMode>manual</evaluationMode>
    <creationInfo>
      <agencyURI>smi:smi-registry/organization/EMSC</agencyURI>
      <authorURI>smi:smi-registry/organization/EMSC</authorURI>
    </creationInfo>
    <originUncertainty>
      <azimuthMaxHorizontalUncertainty>175</azimuthMaxHorizontalUncertainty>
    </originUncertainty>
  </origin>
  <magnitude publicID="quakeml:eu.emsc/event/20031001_0000017/origin/1351614/mag/1">
    <mag>
      <value>2.6</value>
      <uncertainty>0.3</uncertainty>
    </mag>
    <type>ML</type>
    <originID>quakeml:eu.emsc/event/20031001_0000017/origin/1351614</originID>
    <stationCount>10</stationCount>
    <creationInfo>
      <agencyURI>smi:smi-registry/organization/EMSC</agencyURI>
      <authorURI>smi:smi-registry/organization/EMSC</authorURI>
    </creationInfo>
  </magnitude>
</event>
<event publicID="quakeml:eu.emsc/event/20031001_0000025">
  <preferredOriginID>quakeml:eu.emsc/event/20031001_0000025/origin/1354420</preferredOriginID>
  <preferredMagnitudeID>quakeml:eu.emsc/event/20031001_0000025/origin/1354420/mag/2</preferredMagnitudeID>
  <creationInfo>
    <agencyURI>smi:smi-registry/organization/EMSC</agencyURI>
    <authorURI>smi:smi-registry/organization/EMSC</authorURI>
    <creationTime>2014-12-10T18:53:55.215802Z</creationTime>
  </creationInfo>
  <description>
    <text>SWITZERLAND</text>
    <type>Flinn-Engdahl region</type>
  </description>
  <origin publicID="quakeml:eu.emsc/event/20031001_0000025/origin/1354420">
    <time>
      <value>2003-10-01T14:07:00.7Z</value>
    </time>
    <latitude>
      <value>46.932</value>
      <uncertainty>9999.9</uncertainty>
    </latitude>
    <longitude>
      <value>8.582</value>
      <uncertainty>9999.9</uncertainty>
    </longitude>
    <depth>
      <value>0</value>
    </depth>
    <depthType>from location</depthType>
    <methodID>smi:eu.emsc-csem/origin_method/NA</methodID>
    <quality>
      <usedPhaseCount>8</usedPhaseCount>
      <usedStationCount>5</usedStationCount>
      <standardError>1.55</standardError>
      <azimuthalGap>137</azimuthalGap>
      <minimumDistance>0.05</minimumDistance>
      <maximumDistance>0.34</maximumDistance>
    </quality>
    <evaluationMode>manual</evaluationMode>
    <creationInfo>
      <agencyURI>smi:smi-registry/organization/EMSC</agencyURI>
      <authorURI>smi:smi-registry/organization/EMSC</authorURI>
    </creationInfo>
    <originUncertainty>
      <azimuthMaxHorizontalUncertainty>-99</azimuthMaxHorizontalUncertainty>
    </originUncertainty>
  </origin>
  <magnitude publicID="quakeml:eu.emsc/event/20031001_0000025/origin/1354420/mag/2">
    <mag>
      <value>1.2</value>
    </mag>
    <type>ML</type>
    <originID>quakeml:eu.emsc/event/20031001_0000025/origin/1354420</originID>
    <stationCount>5</stationCount>
    <creationInfo>
      <agencyURI>smi:smi-registry/organization/EMSC</agencyURI>
      <authorURI>smi:smi-registry/organization/EMSC</authorURI>
    </creationInfo>
  </magnitude>
</event>
<event publicID="quakeml:eu.emsc/event/20031001_0000012">
  <preferredOriginID>quakeml:eu.emsc/event/20031001_0000012/origin/1354422</preferredOriginID>
  <preferredMagnitudeID>quakeml:eu.emsc/event/20031001_0000012/origin/1354422/mag/2</preferredMagnitudeID>
  <creationInfo>
    <agencyURI>smi:smi-registry/organization/EMSC</agencyURI>
    <authorURI>smi:smi-registry/organization/EMSC</authorURI>
    <creationTime>2014-12-10T18:15:40.618347Z</creationTime>
  </creationInfo>
  <description>
    <text>TURKEY-SYRIA-IRAQ BORDER REGION</text>
    <type>Flinn-Engdahl region</type>
  </description>
  <origin publicID="quakeml:eu.emsc/event/20031001_0000012/origin/1354422">
    <time>
      <value>2003-10-01T13:13:56.8Z</value>
    </time>
    <latitude>
      <value>37.85</value>
      <uncertainty>9999.9</uncertainty>
    </latitude>
    <longitude>
      <value>42.734</value>
      <uncertainty>9999.9</uncertainty>
    </longitude>
    <depth>
      <value>5000</value>
    </depth>
    <depthType>from location</depthType>
    <methodID>smi:eu.emsc-csem/origin_method/NA</methodID>
    <quality>
      <usedPhaseCount>9</usedPhaseCount>
      <usedStationCount>6</usedStationCount>
      <standardError>2.71</standardError>
      <azimuthalGap>243</azimuthalGap>
      <minimumDistance>0.71</minimumDistance>
      <maximumDistance>3.43</maximumDistance>
    </quality>
    <evaluationMode>manual</evaluationMode>
    <creationInfo>
      <agencyURI>smi:smi-registry/organization/EMSC</agencyURI>
      <authorURI>smi:smi-registry/organization/EMSC</authorURI>
    </creationInfo>
    <originUncertainty>
      <azimuthMaxHorizontalUncertainty>-99</azimuthMaxHorizontalUncertainty>
    </originUncertainty>
  </origin>
  <magnitude publicID="quakeml:eu.emsc/event/20031001_0000012/origin/1354422/mag/2">
    <mag>
      <value>3.1</value>
    </mag>
    <type>MD</type>
    <originID>quakeml:eu.emsc/event/20031001_0000012/origin/1354422</originID>
    <creationInfo>
      <agencyURI>smi:smi-registry/organization/EMSC</agencyURI>
      <authorURI>smi:smi-registry/organization/EMSC</authorURI>
    </creationInfo>
  </magnitude>
</event>
<event publicID="quakeml:eu.emsc/event/20031001_0000019">
  <preferredOriginID>quakeml:eu.emsc/event/20031001_0000019/origin/1354424</preferredOriginID>
  <preferredMagnitudeID>quakeml:eu.emsc/event/20031001_0000019/origin/1354424/mag/2</preferredMagnitudeID>
  <creationInfo>
    <agencyURI>smi:smi-registry/organization/EMSC</agencyURI>
    <authorURI>smi:smi-registry/organization/EMSC</authorURI>
    <creationTime>2014-12-10T18:53:54.741456Z</creationTime>
  </creationInfo>
  <description>
    <text>SWITZERLAND</text>
    <type>Flinn-Engdahl region</type>
  </description>
  <origin publicID="quakeml:eu.emsc/event/20031001_0000019/origin/1354424">
    <time>
      <value>2003-10-01T11:47:32.3Z</value>
    </time>
    <latitude>
      <value>46.232</value>
      <uncertainty>9999.9</uncertainty>
    </latitude>
    <longitude>
      <value>7.012</value>
      <uncertainty>9999.9</uncertainty>
    </longitude>
    <depth>
      <value>0</value>
    </depth>
    <depthType>from location</depthType>
    <methodID>smi:eu.emsc-csem/origin_method/NA</methodID>
    <quality>
      <usedPhaseCount>9</usedPhaseCount>
      <usedStationCount>5</usedStationCount>
      <standardError>0.81</standardError>
      <azimuthalGap>134</azimuthalGap>
      <minimumDistance>0.07</minimumDistance>
      <maximumDistance>0.24</maximumDistance>
    </quality>
    <evaluationMode>manual</evaluationMode>
    <creationInfo>
      <agencyURI>smi:smi-registry/organization/EMSC</agencyURI>
      <authorURI>smi:smi-registry/organization/EMSC</authorURI>
    </creationInfo>
    <originUncertainty>
      <azimuthMaxHorizontalUncertainty>-99</azimuthMaxHorizontalUncertainty>
    </originUncertainty>
  </origin>
  <magnitude publicID="quakeml:eu.emsc/event/20031001_0000019/origin/1354424/mag/2">
    <mag>
      <value>0.7</value>
    </mag>
    <type>ML</type>
    <originID>quakeml:eu.emsc/event/20031001_0000019/origin/1354424</originID>
    <stationCount>5</stationCount>
    <creationInfo>
      <agencyURI>smi:smi-registry/organization/EMSC</agencyURI>
      <authorURI>smi:smi-registry/organization/EMSC</authorURI>
    </creationInfo>
  </magnitude>
</event>
<event publicID="quakeml:eu.emsc/event/20031001_0000026">
  <preferredOriginID>quakeml:eu.emsc/event/20031001_0000026/origin/1354426</preferredOriginID>
  <preferredMagnitudeID>quakeml:eu.emsc/event/20031001_0000026/origin/1354426/mag/2</preferredMagnitudeID>
  <creationInfo>
    <agencyURI>smi:smi-registry/organization/EMSC</agencyURI>
    <authorURI>smi:smi-registry/organization/EMSC</authorURI>
    <creationTime>2014-12-10T18:53:54.267836Z</creationTime>
  </creationInfo>
  <description>
    <text>SWITZERLAND</text>
    <type>Flinn-Engdahl region</type>
  </description>
  <origin publicID="quakeml:eu.emsc/event/20031001_0000026/origin/1354426">
    <time>
      <value>2003-10-01T11:13:23.2Z</value>
    </time>
    <latitude>
      <value>46.228</value>
      <uncertainty>9999.9</uncertainty>
    </latitude>
    <longitude>
      <value>6.989</value>
      <uncertainty>9999.9</uncertainty>
    </longitude>
    <depth>
      <value>0</value>
    </depth>
    <depthType>from location</depthType>
    <methodID>smi:eu.emsc-csem/origin_method/NA</methodID>
    <quality>
      <usedPhaseCount>9</usedPhaseCount>
      <usedStationCount>5</usedStationCount>
      <standardError>0.93</standardError>
      <azimuthalGap>147</azimuthalGap>
      <minimumDistance>0.08</minimumDistance>
      <maximumDistance>0.25</maximumDistance>
    </quality>
    <evaluationMode>manual</evaluationMode>
    <creationInfo>
      <agencyURI>smi:smi-registry/organization/EMSC</agencyURI>
      <authorURI>smi:smi-registry/organization/EMSC</authorURI>
    </creationInfo>
    <originUncertainty>
      <azimuthMaxHorizontalUncertainty>-99</azimuthMaxHorizontalUncertainty>
    </originUncertainty>
  </origin>
  <magnitude publicID="quakeml:eu.emsc/event/20031001_0000026/origin/1354426/mag/2">
    <mag>
      <value>1</value>
    </mag>
    <type>ML</type>
    <originID>quakeml:eu.emsc/event/20031001_0000026/origin/1354426</originID>
    <stationCount>5</stationCount>
    <creationInfo>
      <agencyURI>smi:smi-registry/organization/EMSC</agencyURI>
      <authorURI>smi:smi-registry/organization/EMSC</authorURI>
    </creationInfo>
  </magnitude>
</event>
<event publicID="quakeml:eu.emsc/event/20031001_0000011">
  <preferredOriginID>quakeml:eu.emsc/event/20031001_0000011/origin/1354428</preferredOriginID>
  <preferredMagnitudeID>quakeml:eu.emsc/event/20031001_0000011/origin/1354428/mag/2</preferredMagnitudeID>
  <creationInfo>
    <agencyURI>smi:smi-registry/organization/EMSC</agencyURI>
    <authorURI>smi:smi-registry/organization/EMSC</authorURI>
    <creationTime>2014-12-10T18:15:38.118724Z</creationTime>
  </creationInfo>
  <description>
    <text>WESTERN TURKEY</text>
    <type>Flinn-Engdahl region</type>
  </description>
  <origin publicID="quakeml:eu.emsc/event/20031001_0000011/origin/1354428">
    <time>
      <value>2003-10-01T10:50:42.3Z</value>
    </time>
    <latitude>
      <value>40.284</value>
      <uncertainty>9999.9</uncertainty>
    </latitude>
    <longitude>
      <value>29.209</value>
      <uncertainty>9999.9</uncertainty>
    </longitude>
    <depth>
      <value>10000</value>
    </depth>
    <depthType>from location</depthType>
    <methodID>smi:eu.emsc-csem/origin_method/NA</methodID>
    <quality>
      <usedPhaseCount>18</usedPhaseCount>
      <usedStationCount>15</usedStationCount>
      <standardError>0.91</standardError>
      <azimuthalGap>124</azimuthalGap>
      <minimumDistance>0.34</minimumDistance>
      <maximumDistance>1.87</maximumDistance>
    </quality>
    <evaluationMode>manual</evaluationMode>
    <creationInfo>
      <agencyURI>smi:smi-registry/organization/EMSC</agencyURI>
      <authorURI>smi:smi-registry/organization/EMSC</authorURI>
    </creationInfo>
    <originUncertainty>
      <azimuthMaxHorizontalUncertainty>-99</azimuthMaxHorizontalUncertainty>
    </originUncertainty>
  </origin>
  <magnitude publicID="quakeml:eu.emsc/event/20031001_0000011/origin/1354428/mag/2">
    <mag>
      <value>2.9</value>
    </mag>
    <type>MD</type>
    <originID>quakeml:eu.emsc/event/20031001_0000011/origin/1354428</originID>
    <creationInfo>
      <agencyURI>smi:smi-registry/organization/EMSC</agencyURI>
      <authorURI>smi:smi-registry/organization/EMSC</authorURI>
    </creationInfo>
  </magnitude>
</event>
<event publicID="quakeml:eu.emsc/event/20031001_0000010">
  <preferredOriginID>quakeml:eu.emsc/event/20031001_0000010/origin/1354430</preferredOriginID>
  <preferredMagnitudeID>quakeml:eu.emsc/event/20031001_0000010/origin/1354430/mag/2</preferredMagnitudeID>
  <creationInfo>
    <agencyURI>smi:smi-registry/organization/EMSC</agencyURI>
    <authorURI>smi:smi-registry/organization/EMSC</authorURI>
    <creationTime>2014-12-10T18:15:36.613886Z</creationTime>
  </creationInfo>
  <description>
    <text>CENTRAL MEDITERRANEAN SEA</text>
    <type>Flinn-Engdahl region</type>
  </description>
  <origin publicID="quakeml:eu.emsc/event/20031001_0000010/origin/1354430">
    <time>
      <value>2003-10-01T08:38:31.9Z</value>
    </time>
    <latitude>
      <value>35.95</value>
      <uncertainty>9999.9</uncertainty>
    </latitude>
    <longitude>
      <value>21.62</value>
      <uncertainty>9999.9</uncertainty>
    </longitude>
    <depth>
      <value>5000</value>
    </depth>
    <depthType>from location</depthType>
    <methodID>smi:eu.emsc-csem/origin_method/NA</methodID>
    <quality>
      <usedPhaseCount>6</usedPhaseCount>
      <usedStationCount>6</usedStationCount>
      <standardError>2.5</standardError>
      <azimuthalGap>236</azimuthalGap>
      <minimumDistance>1.19</minimumDistance>
      <maximumDistance>2.97</maximumDistance>
    </quality>
    <evaluationMode>manual</evaluationMode>
    <creationInfo>
      <agencyURI>smi:smi-registry/organization/EMSC</agencyURI>
      <authorURI>smi:smi-registry/organization/EMSC</authorURI>
    </creationInfo>
    <originUncertainty>
      <azimuthMaxHorizontalUncertainty>-99</azimuthMaxHorizontalUncertainty>
    </originUncertainty>
  </origin>
  <magnitude publicID="quakeml:eu.emsc/event/20031001_0000010/origin/1354430/mag/2">
    <mag>
      <value>3.6</value>
    </mag>
    <type>MD</type>
    <originID>quakeml:eu.emsc/event/20031001_0000010/origin/1354430</originID>
    <creationInfo>
      <agencyURI>smi:smi-registry/organization/EMSC</agencyURI>
      <authorURI>smi:smi-registry/organization/EMSC</authorURI>
    </creationInfo>
  </magnitude>
</event>
<event publicID="quakeml:eu.emsc/event/20031001_0000008">
  <preferredOriginID>quakeml:eu.emsc/event/20031001_0000008/origin/1352264</preferredOriginID>
  <preferredMagnitudeID>quakeml:eu.emsc/event/20031001_0000008/origin/1352264/mag/2</preferredMagnitudeID>
  <creationInfo>
    <agencyURI>smi:smi-registry/organization/EMSC</agencyURI>
    <authorURI>smi:smi-registry/organization/EMSC</authorURI>
    <creationTime>2014-12-03T12:00:10.111443Z</creationTime>
  </creationInfo>
  <description>
    <text>CENTRAL MEDITERRANEAN SEA</text>
    <type>Flinn-Engdahl region</type>
  </description>
  <origin publicID="quakeml:eu.emsc/event/20031001_0000008/origin/1352264">
    <time>
      <value>2003-10-01T08:26:29.1Z</value>
      <uncertainty>0.6</uncertainty>
    </time>
    <latitude>
      <value>35.711</value>
      <uncertainty>14.4</uncertainty>
    </latitude>
    <longitude>
      <value>21.6687</value>
      <uncertainty>5.1</uncertainty>
    </longitude>
    <depth>
      <value>2000</value>
    </depth>
    <depthType>from location</depthType>
    <methodID>smi:eu.emsc-csem/origin_method/NA</methodID>
    <quality>
      <usedPhaseCount>28</usedPhaseCount>
      <usedStationCount>28</usedStationCount>
      <standardError>0.77</standardError>
      <azimuthalGap>242</azimuthalGap>
      <minimumDistance>1.25</minimumDistance>
      <maximumDistance>6.22</maximumDistance>
    </quality>
    <evaluationMode>manual</evaluationMode>
    <creationInfo>
      <agencyURI>smi:smi-registry/organization/EMSC</agencyURI>
      <authorURI>smi:smi-registry/organization/EMSC</authorURI>
    </creationInfo>
    <originUncertainty>
      <azimuthMaxHorizontalUncertainty>38</azimuthMaxHorizontalUncertainty>
    </originUncertainty>
  </origin>
  <magnitude publicID="quakeml:eu.emsc/event/20031001_0000008/origin/1352264/mag/2">
    <mag>
      <value>4.2</value>
    </mag>
    <type>ML</type>
    <originID>quakeml:eu.emsc/event/20031001_0000008/origin/1352264</originID>
    <creationInfo>
      <agencyURI>smi:smi-registry/organization/EMSC</agencyURI>
      <authorURI>smi:smi-registry/organization/EMSC</authorURI>
    </creationInfo>
  </magnitude>
</event>
<event publicID="quakeml:eu.emsc/event/20031001_0000007">
  <preferredOriginID>quakeml:eu.emsc/event/20031001_0000007/origin/1352269</preferredOriginID>
  <preferredMagnitudeID>quakeml:eu.emsc/event/20031001_0000007/origin/1352269/mag/1</preferredMagnitudeID>
  <creationInfo>
    <agencyURI>smi:smi-registry/organization/EMSC</agencyURI>
    <authorURI>smi:smi-registry/organization/EMSC</authorURI>
    <creationTime>2014-12-03T11:48:46.306196Z</creationTime>
  </creationInfo>
  <description>
    <text>SWITZERLAND</text>
    <type>Flinn-Engdahl region</type>
  </description>
  <origin publicID="quakeml:eu.emsc/event/20031001_0000007/origin/1352269">
    <time>
      <value>2003-10-01T07:31:04.7Z</value>
      <uncertainty>0.12</uncertainty>
    </time>
    <latitude>
      <value>47.1999</value>
      <uncertainty>2.4</uncertainty>
    </latitude>
    <longitude>
      <value>9.1973</value>
      <uncertainty>1.9</uncertainty>
    </longitude>
    <depth>
      <value>15000</value>
    </depth>
    <depthType>from location</depthType>
    <methodID>smi:eu.emsc-csem/origin_method/NA</methodID>
    <quality>
      <usedPhaseCount>159</usedPhaseCount>
      <usedStationCount>85</usedStationCount>
      <standardError>1.2</standardError>
      <azimuthalGap>38</azimuthalGap>
      <minimumDistance>0.22</minimumDistance>
      <maximumDistance>4.89</maximumDistance>
    </quality>
    <evaluationMode>manual</evaluationMode>
    <creationInfo>
      <agencyURI>smi:smi-registry/organization/EMSC</agencyURI>
      <authorURI>smi:smi-registry/organization/EMSC</authorURI>
    </creationInfo>
    <originUncertainty>
      <azimuthMaxHorizontalUncertainty>125</azimuthMaxHorizontalUncertainty>
    </originUncertainty>
  </origin>
  <magnitude publicID="quakeml:eu.emsc/event/20031001_0000007/origin/1352269/mag/1">
    <mag>
      <value>3.4</value>
      <uncertainty>0.3</uncertainty>
    </mag>
    <type>ML</type>
    <originID>quakeml:eu.emsc/event/20031001_0000007/origin/1352269</originID>
    <stationCount>21</stationCount>
    <creationInfo>
      <agencyURI>smi:smi-registry/organization/EMSC</agencyURI>
      <authorURI>smi:smi-registry/organization/EMSC</authorURI>
    </creationInfo>
  </magnitude>
</event>
<event publicID="quakeml:eu.emsc/event/20031001_0000006">
  <preferredOriginID>quakeml:eu.emsc/event/20031001_0000006/origin/1354432</preferredOriginID>
  <preferredMagnitudeID>quakeml:eu.emsc/event/20031001_0000006/origin/1354432/mag/2</preferredMagnitudeID>
  <creationInfo>
    <agencyURI>smi:smi-registry/organization/EMSC</agencyURI>
    <authorURI>smi:smi-registry/organization/EMSC</authorURI>
    <creationTime>2014-12-10T18:15:26.145145Z</creationTime>
  </creationInfo>
  <description>
    <text>GREECE</text>
    <type>Flinn-Engdahl region</type>
  </description>
  <origin publicID="quakeml:eu.emsc/event/20031001_0000006/origin/1354432">
    <time>
      <value>2003-10-01T07:16:28.6Z</value>
    </time>
    <latitude>
      <value>39.05</value>
      <uncertainty>9999.9</uncertainty>
    </latitude>
    <longitude>
      <value>21.73</value>
      <uncertainty>9999.9</uncertainty>
    </longitude>
    <depth>
      <value>5000</value>
    </depth>
    <depthType>from location</depthType>
    <methodID>smi:eu.emsc-csem/origin_method/NA</methodID>
    <quality>
      <usedPhaseCount>7</usedPhaseCount>
      <usedStationCount>6</usedStationCount>
      <standardError>1.9</standardError>
      <azimuthalGap>245</azimuthalGap>
      <minimumDistance>0.15</minimumDistance>
      <maximumDistance>2.52</maximumDistance>
    </quality>
    <evaluationMode>manual</evaluationMode>
    <creationInfo>
      <agencyURI>smi:smi-registry/organization/EMSC</agencyURI>
      <authorURI>smi:smi-registry/organization/EMSC</authorURI>
    </creationInfo>
    <originUncertainty>
      <azimuthMaxHorizontalUncertainty>-99</azimuthMaxHorizontalUncertainty>
    </originUncertainty>
  </origin>
  <magnitude publicID="quakeml:eu.emsc/event/20031001_0000006/origin/1354432/mag/2">
    <mag>
      <value>3.2</value>
    </mag>
    <type>MD</type>
    <originID>quakeml:eu.emsc/event/20031001_0000006/origin/1354432</originID>
    <creationInfo>
      <agencyURI>smi:smi-registry/organization/EMSC</agencyURI>
      <authorURI>smi:smi-registry/organization/EMSC</authorURI>
    </creationInfo>
  </magnitude>
</event>
<event publicID="quakeml:eu.emsc/event/20031001_0000005">
  <preferredOriginID>quakeml:eu.emsc/event/20031001_0000005/origin/1352272</preferredOriginID>
  <preferredMagnitudeID>quakeml:eu.emsc/event/20031001_0000005/origin/1352272/mag/2</preferredMagnitudeID>
  <creationInfo>
    <agencyURI>smi:smi-registry/organization/EMSC</agencyURI>
    <authorURI>smi:smi-registry/organization/EMSC</authorURI>
    <creationTime>2014-12-03T11:09:43.912926Z</creationTime>
  </creationInfo>
  <description>
    <text>SOUTHERN IRAN</text>
    <type>Flinn-Engdahl region</type>
  </description>
  <origin publicID="quakeml:eu.emsc/event/20031001_0000005/origin/1352272">
    <time>
      <value>2003-10-01T07:14:06.5Z</value>
      <uncertainty>0.42</uncertainty>
    </time>
    <latitude>
      <value>27.8776</value>
      <uncertainty>27.1</uncertainty>
    </latitude>
    <longitude>
      <value>57.0917</value>
      <uncertainty>4.3</uncertainty>
    </longitude>
    <depth>
      <value>60000</value>
    </depth>
    <depthType>from location</depthType>
    <methodID>smi:eu.emsc-csem/origin_method/NA</methodID>
    <quality>
      <usedPhaseCount>35</usedPhaseCount>
      <usedStationCount>34</usedStationCount>
      <standardError>0.74</standardError>
      <azimuthalGap>207</azimuthalGap>
      <minimumDistance>4.28</minimumDistance>
      <maximumDistance>48.91</maximumDistance>
    </quality>
    <evaluationMode>manual</evaluationMode>
    <creationInfo>
      <agencyURI>smi:smi-registry/organization/EMSC</agencyURI>
      <authorURI>smi:smi-registry/organization/EMSC</authorURI>
    </creationInfo>
    <originUncertainty>
      <azimuthMaxHorizontalUncertainty>69</azimuthMaxHorizontalUncertainty>
    </originUncertainty>
  </origin>
  <magnitude publicID="quakeml:eu.emsc/event/20031001_0000005/origin/1352272/mag/2">
    <mag>
      <value>4.8</value>
      <uncertainty>0.2</uncertainty>
    </mag>
    <type>mb</type>
    <originID>quakeml:eu.emsc/event/20031001_0000005/origin/1352272</originID>
    <stationCount>23</stationCount>
    <creationInfo>
      <agencyURI>smi:smi-registry/organization/EMSC</agencyURI>
      <authorURI>smi:smi-registry/organization/EMSC</authorURI>
    </creationInfo>
  </magnitude>
</event>
<event publicID="quakeml:eu.emsc/event/20031001_0000022">
  <preferredOriginID>quakeml:eu.emsc/event/20031001_0000022/origin/1351619</preferredOriginID>
  <preferredMagnitudeID>quakeml:eu.emsc/event/20031001_0000022/origin/1351619/mag/1</preferredMagnitudeID>
  <creationInfo>
    <agencyURI>smi:smi-registry/organization/EMSC</agencyURI>
    <authorURI>smi:smi-registry/organization/EMSC</authorURI>
    <creationTime>2014-12-03T16:21:24.913621Z</creationTime>
  </creationInfo>
  <description>
    <text>SWITZERLAND</text>
    <type>Flinn-Engdahl region</type>
  </description>
  <origin publicID="quakeml:eu.emsc/event/20031001_0000022/origin/1351619">
    <time>
      <value>2003-10-01T06:03:10.2Z</value>
      <uncertainty>0.17</uncertainty>
    </time>
    <latitude>
      <value>47.2231</value>
      <uncertainty>3.5</uncertainty>
    </latitude>
    <longitude>
      <value>9.1924</value>
      <uncertainty>2.7</uncertainty>
    </longitude>
    <depth>
      <value>15000</value>
    </depth>
    <depthType>from location</depthType>
    <methodID>smi:eu.emsc-csem/origin_method/NA</methodID>
    <quality>
      <usedPhaseCount>48</usedPhaseCount>
      <usedStationCount>29</usedStationCount>
      <standardError>0.97</standardError>
      <azimuthalGap>88</azimuthalGap>
      <minimumDistance>0.21</minimumDistance>
      <maximumDistance>3.71</maximumDistance>
    </quality>
    <evaluationMode>manual</evaluationMode>
    <creationInfo>
      <agencyURI>smi:smi-registry/organization/EMSC</agencyURI>
      <authorURI>smi:smi-registry/organization/EMSC</authorURI>
    </creationInfo>
    <originUncertainty>
      <azimuthMaxHorizontalUncertainty>38</azimuthMaxHorizontalUncertainty>
    </originUncertainty>
  </origin>
  <magnitude publicID="quakeml:eu.emsc/event/20031001_0000022/origin/1351619/mag/1">
    <mag>
      <value>2.2</value>
      <uncertainty>0.6</uncertainty>
    </mag>
    <type>ML</type>
    <originID>quakeml:eu.emsc/event/20031001_0000022/origin/1351619</originID>
    <stationCount>10</stationCount>
    <creationInfo>
      <agencyURI>smi:smi-registry/organization/EMSC</agencyURI>
      <authorURI>smi:smi-registry/organization/EMSC</authorURI>
    </creationInfo>
  </magnitude>
</event>
<event publicID="quakeml:eu.emsc/event/20031001_0000004">
  <preferredOriginID>quakeml:eu.emsc/event/20031001_0000004/origin/1352275</preferredOriginID>
  <preferredMagnitudeID>quakeml:eu.emsc/event/20031001_0000004/origin/1352275/mag/2</preferredMagnitudeID>
  <creationInfo>
    <agencyURI>smi:smi-registry/organization/EMSC</agencyURI>
    <authorURI>smi:smi-registry/organization/EMSC</authorURI>
    <creationTime>2014-12-03T11:43:09.743863Z</creationTime>
  </creationInfo>
  <description>
    <text>CENTRAL ITALY</text>
    <type>Flinn-Engdahl region</type>
  </description>
  <origin publicID="quakeml:eu.emsc/event/20031001_0000004/origin/1352275">
    <time>
      <value>2003-10-01T05:35:55.9Z</value>
      <uncertainty>0.56</uncertainty>
    </time>
    <latitude>
      <value>43.1261</value>
      <uncertainty>14.5</uncertainty>
    </latitude>
    <longitude>
      <value>13.5231</value>
      <uncertainty>6.5</uncertainty>
    </longitude>
    <depth>
      <value>10000</value>
    </depth>
    <depthType>from location</depthType>
    <methodID>smi:eu.emsc-csem/origin_method/NA</methodID>
    <quality>
      <usedPhaseCount>24</usedPhaseCount>
      <usedStationCount>20</usedStationCount>
      <standardError>1.08</standardError>
      <azimuthalGap>196</azimuthalGap>
      <minimumDistance>0.45</minimumDistance>
      <maximumDistance>7.98</maximumDistance>
    </quality>
    <evaluationMode>manual</evaluationMode>
    <creationInfo>
      <agencyURI>smi:smi-registry/organization/EMSC</agencyURI>
      <authorURI>smi:smi-registry/organization/EMSC</authorURI>
    </creationInfo>
    <originUncertainty>
      <azimuthMaxHorizontalUncertainty>68</azimuthMaxHorizontalUncertainty>
    </originUncertainty>
  </origin>
  <magnitude publicID="quakeml:eu.emsc/event/20031001_0000004/origin/1352275/mag/2">
    <mag>
      <value>3.4</value>
      <uncertainty>0.2</uncertainty>
    </mag>
    <type>ML</type>
    <originID>quakeml:eu.emsc/event/20031001_0000004/origin/1352275</originID>
    <stationCount>4</stationCount>
    <creationInfo>
      <agencyURI>smi:smi-registry/organization/EMSC</agencyURI>
      <authorURI>smi:smi-registry/organization/EMSC</authorURI>
    </creationInfo>
  </magnitude>
</event>
<event publicID="quakeml:eu.emsc/event/20031001_0000003">
  <preferredOriginID>quakeml:eu.emsc/event/20031001_0000003/origin/1354434</preferredOriginID>
  <preferredMagnitudeID>quakeml:eu.emsc/event/20031001_0000003/origin/1354434/mag/2</preferredMagnitudeID>
  <creationInfo>
    <agencyURI>smi:smi-registry/organization/EMSC</agencyURI>
    <authorURI>smi:smi-registry/organization/EMSC</authorURI>
    <creationTime>2014-12-10T18:15:16.990085Z</creationTime>
  </creationInfo>
  <description>
    <text>WESTERN TURKEY</text>
    <type>Flinn-Engdahl region</type>
  </description>
  <origin publicID="quakeml:eu.emsc/event/20031001_0000003/origin/1354434">
    <time>
      <value>2003-10-01T04:25:32.3Z</value>
    </time>
    <latitude>
      <value>37.504</value>
      <uncertainty>9999.9</uncertainty>
    </latitude>
    <longitude>
      <value>29.801</value>
      <uncertainty>9999.9</uncertainty>
    </longitude>
    <depth>
      <value>10000</value>
    </depth>
    <depthType>from location</depthType>
    <methodID>smi:eu.emsc-csem/origin_method/NA</methodID>
    <quality>
      <usedPhaseCount>10</usedPhaseCount>
      <usedStationCount>6</usedStationCount>
      <standardError>1.83</standardError>
      <azimuthalGap>186</azimuthalGap>
      <minimumDistance>0.65</minimumDistance>
      <maximumDistance>2.14</maximumDistance>
    </quality>
    <evaluationMode>manual</evaluationMode>
    <creationInfo>
      <agencyURI>smi:smi-registry/organization/EMSC</agencyURI>
      <authorURI>smi:smi-registry/organization/EMSC</authorURI>
    </creationInfo>
    <originUncertainty>
      <azimuthMaxHorizontalUncertainty>-99</azimuthMaxHorizontalUncertainty>
    </originUncertainty>
  </origin>
  <magnitude publicID="quakeml:eu.emsc/event/20031001_0000003/origin/1354434/mag/2">
    <mag>
      <value>3.3</value>
    </mag>
    <type>MD</type>
    <originID>quakeml:eu.emsc/event/20031001_0000003/origin/1354434</originID>
    <creationInfo>
      <agencyURI>smi:smi-registry/organization/EMSC</agencyURI>
      <authorURI>smi:smi-registry/organization/EMSC</authorURI>
    </creationInfo>
  </magnitude>
</event>
<event publicID="quakeml:eu.emsc/event/20031001_0000002">
  <preferredOriginID>quakeml:eu.emsc/event/20031001_0000002/origin/1352278</preferredOriginID>
  <preferredMagnitudeID>quakeml:eu.emsc/event/20031001_0000002/origin/1352278/mag/2</preferredMagnitudeID>
  <creationInfo>
    <agencyURI>smi:smi-registry/organization/EMSC</agencyURI>
    <authorURI>smi:smi-registry/organization/EMSC</authorURI>
    <creationTime>2014-12-03T11:07:46.443555Z</creationTime>
  </creationInfo>
  <description>
    <text>GREECE</text>
    <type>Flinn-Engdahl region</type>
  </description>
  <origin publicID="quakeml:eu.emsc/event/20031001_0000002/origin/1352278">
    <time>
      <value>2003-10-01T02:45:41.3Z</value>
      <uncertainty>0.26</uncertainty>
    </time>
    <latitude>
      <value>38.3331</value>
      <uncertainty>5.7</uncertainty>
    </latitude>
    <longitude>
      <value>21.6871</value>
      <uncertainty>5.1</uncertainty>
    </longitude>
    <depth>
      <value>15000</value>
    </depth>
    <depthType>from location</depthType>
    <methodID>smi:eu.emsc-csem/origin_method/NA</methodID>
    <quality>
      <usedPhaseCount>26</usedPhaseCount>
      <usedStationCount>20</usedStationCount>
      <standardError>1.04</standardError>
      <azimuthalGap>89</azimuthalGap>
      <minimumDistance>0.59</minimumDistance>
      <maximumDistance>3.64</maximumDistance>
    </quality>
    <evaluationMode>manual</evaluationMode>
    <creationInfo>
      <agencyURI>smi:smi-registry/organization/EMSC</agencyURI>
      <authorURI>smi:smi-registry/organization/EMSC</authorURI>
    </creationInfo>
    <originUncertainty>
      <azimuthMaxHorizontalUncertainty>166</azimuthMaxHorizontalUncertainty>
    </originUncertainty>
  </origin>
  <magnitude publicID="quakeml:eu.emsc/event/20031001_0000002/origin/1352278/mag/2">
    <mag>
      <value>3.3</value>
    </mag>
    <type>ML</type>
    <originID>quakeml:eu.emsc/event/20031001_0000002/origin/1352278</originID>
    <creationInfo>
      <agencyURI>smi:smi-registry/organization/EMSC</agencyURI>
      <authorURI>smi:smi-registry/organization/EMSC</authorURI>
    </creationInfo>
  </magnitude>
</event>
<event publicID="quakeml:eu.emsc/event/20031001_0000021">
  <preferredOriginID>quakeml:eu.emsc/event/20031001_0000021/origin/1351622</preferredOriginID>
  <preferredMagnitudeID>quakeml:eu.emsc/event/20031001_0000021/origin/1351622/mag/2</preferredMagnitudeID>
  <creationInfo>
    <agencyURI>smi:smi-registry/organization/EMSC</agencyURI>
    <authorURI>smi:smi-registry/organization/EMSC</authorURI>
    <creationTime>2014-12-03T16:11:55.130595Z</creationTime>
  </creationInfo>
  <description>
    <text>GERMANY</text>
    <type>Flinn-Engdahl region</type>
  </description>
  <origin publicID="quakeml:eu.emsc/event/20031001_0000021/origin/1351622">
    <time>
      <value>2003-10-01T02:15:43.9Z</value>
      <uncertainty>0.05</uncertainty>
    </time>
    <latitude>
      <value>48.3542</value>
      <uncertainty>1.1</uncertainty>
    </latitude>
    <longitude>
      <value>8.9811</value>
      <uncertainty>0.8</uncertainty>
    </longitude>
    <depth>
      <value>15900.0</value>
      <uncertainty>0.7</uncertainty>
    </depth>
    <depthType>from location</depthType>
    <methodID>smi:eu.emsc-csem/origin_method/NA</methodID>
    <quality>
      <usedPhaseCount>20</usedPhaseCount>
      <usedStationCount>11</usedStationCount>
      <standardError>0.21</standardError>
      <azimuthalGap>97</azimuthalGap>
      <minimumDistance>0.27</minimumDistance>
      <maximumDistance>1.08</maximumDistance>
    </quality>
    <evaluationMode>manual</evaluationMode>
    <creationInfo>
      <agencyURI>smi:smi-registry/organization/EMSC</agencyURI>
      <authorURI>smi:smi-registry/organization/EMSC</authorURI>
    </creationInfo>
    <originUncertainty>
      <azimuthMaxHorizontalUncertainty>123</azimuthMaxHorizontalUncertainty>
    </originUncertainty>
  </origin>
  <magnitude publicID="quakeml:eu.emsc/event/20031001_0000021/origin/1351622/mag/2">
    <mag>
      <value>1.8</value>
    </mag>
    <type>ML</type>
    <originID>quakeml:eu.emsc/event/20031001_0000021/origin/1351622</originID>
    <creationInfo>
      <agencyURI>smi:smi-registry/organization/EMSC</agencyURI>
      <authorURI>smi:smi-registry/organization/EMSC</authorURI>
    </creationInfo>
  </magnitude>
</event>
<event publicID="quakeml:eu.emsc/event/20031001_0000001">
  <preferredOriginID>quakeml:eu.emsc/event/20031001_0000001/origin/1352281</preferredOriginID>
  <preferredMagnitudeID>quakeml:eu.emsc/event/20031001_0000001/origin/1352281/mag/1</preferredMagnitudeID>
  <creationInfo>
    <agencyURI>smi:smi-registry/organization/EMSC</agencyURI>
    <authorURI>smi:smi-registry/organization/EMSC</authorURI>
    <creationTime>2014-12-03T10:44:50.500778Z</creationTime>
  </creationInfo>
  <description>
    <text>NORTHERN ITALY</text>
    <type>Flinn-Engdahl region</type>
  </description>
  <origin publicID="quakeml:eu.emsc/event/20031001_0000001/origin/1352281">
    <time>
      <value>2003-10-01T01:44:44.2Z</value>
      <uncertainty>0.17</uncertainty>
    </time>
    <latitude>
      <value>44.1634</value>
      <uncertainty>5.7</uncertainty>
    </latitude>
    <longitude>
      <value>10.4856</value>
      <uncertainty>3.1</uncertainty>
    </longitude>
    <depth>
      <value>15000</value>
    </depth>
    <depthType>from location</depthType>
    <methodID>smi:eu.emsc-csem/origin_method/NA</methodID>
    <quality>
      <usedPhaseCount>49</usedPhaseCount>
      <usedStationCount>30</usedStationCount>
      <standardError>1.24</standardError>
      <azimuthalGap>47</azimuthalGap>
      <minimumDistance>0.13</minimumDistance>
      <maximumDistance>6.07</maximumDistance>
    </quality>
    <evaluationMode>manual</evaluationMode>
    <creationInfo>
      <agencyURI>smi:smi-registry/organization/EMSC</agencyURI>
      <authorURI>smi:smi-registry/organization/EMSC</authorURI>
    </creationInfo>
    <originUncertainty>
      <azimuthMaxHorizontalUncertainty>25</azimuthMaxHorizontalUncertainty>
    </originUncertainty>
  </origin>
  <magnitude publicID="quakeml:eu.emsc/event/20031001_0000001/origin/1352281/mag/1">
    <mag>
      <value>3</value>
      <uncertainty>0.2</uncertainty>
    </mag>
    <type>ML</type>
    <originID>quakeml:eu.emsc/event/20031001_0000001/origin/1352281</originID>
    <stationCount>11</stationCount>
    <creationInfo>
      <agencyURI>smi:smi-registry/organization/EMSC</agencyURI>
      <authorURI>smi:smi-registry/organization/EMSC</authorURI>
    </creationInfo>
  </magnitude>
</event>
<event publicID="quakeml:eu.emsc/event/20031001_0000018">
  <preferredOriginID>quakeml:eu.emsc/event/20031001_0000018/origin/1351625</preferredOriginID>
  <preferredMagnitudeID>quakeml:eu.emsc/event/20031001_0000018/origin/1351625/mag/1</preferredMagnitudeID>
  <creationInfo>
    <agencyURI>smi:smi-registry/organization/EMSC</agencyURI>
    <authorURI>smi:smi-registry/organization/EMSC</authorURI>
    <creationTime>2014-12-03T15:43:07.944849Z</creationTime>
  </creationInfo>
  <description>
    <text>NORTHERN ITALY</text>
    <type>Flinn-Engdahl region</type>
  </description>
  <origin publicID="quakeml:eu.emsc/event/20031001_0000018/origin/1351625">
    <time>
      <value>2003-10-01T00:33:16.5Z</value>
      <uncertainty>0.19</uncertainty>
    </time>
    <latitude>
      <value>44.7123</value>
      <uncertainty>3.9</uncertainty>
    </latitude>
    <longitude>
      <value>8.1203</value>
      <uncertainty>2.7</uncertainty>
    </longitude>
    <depth>
      <value>19300.0</value>
      <uncertainty>0.1</uncertainty>
    </depth>
    <depthType>from location</depthType>
    <methodID>smi:eu.emsc-csem/origin_method/NA</methodID>
    <quality>
      <usedPhaseCount>31</usedPhaseCount>
      <usedStationCount>18</usedStationCount>
      <standardError>0.82</standardError>
      <azimuthalGap>100</azimuthalGap>
      <minimumDistance>0.21</minimumDistance>
      <maximumDistance>1.8</maximumDistance>
    </quality>
    <evaluationMode>manual</evaluationMode>
    <creationInfo>
      <agencyURI>smi:smi-registry/organization/EMSC</agencyURI>
      <authorURI>smi:smi-registry/organization/EMSC</authorURI>
    </creationInfo>
    <originUncertainty>
      <azimuthMaxHorizontalUncertainty>67</azimuthMaxHorizontalUncertainty>
    </originUncertainty>
  </origin>
  <magnitude publicID="quakeml:eu.emsc/event/20031001_0000018/origin/1351625/mag/1">
    <mag>
      <value>1.8</value>
      <uncertainty>0.3</uncertainty>
    </mag>
    <type>ML</type>
    <originID>quakeml:eu.emsc/event/20031001_0000018/origin/1351625</originID>
    <stationCount>7</stationCount>
    <creationInfo>
      <agencyURI>smi:smi-registry/organization/EMSC</agencyURI>
      <authorURI>smi:smi-registry/organization/EMSC</authorURI>
    </creationInfo>
  </magnitude>
</event>
</eventParameters>
</q:quakeml>
