<?xml version="1.0"?>
<q:quakeml xmlns:q="http://quakeml.org/xmlns/quakeml/1.2"  xmlns="http://quakeml.org/xmlns/bed/1.2">
<eventParameters publicID="smi:eu.emsc/unid">
<event publicID="quakeml:eu.emsc/event/20030713_0000025">
  <preferredOriginID>quakeml:eu.emsc/event/20030713_0000025/origin/1365703</preferredOriginID>
  <preferredMagnitudeID>quakeml:eu.emsc/event/20030713_0000025/origin/1365703/mag/2</preferredMagnitudeID>
  <creationInfo>
    <agencyURI>smi:smi-registry/organization/EMSC</agencyURI>
    <authorURI>smi:smi-registry/organization/EMSC</authorURI>
    <creationTime>2014-12-03T11:10:51.414531Z</creationTime>
  </creationInfo>
  <description>
    <text>CENTRAL TURKEY</text>
    <type>Flinn-Engdahl region</type>
  </description>
  <origin publicID="quakeml:eu.emsc/event/20030713_0000025/origin/1365703">
    <time>
      <value>2003-07-13T23:45:56.6Z</value>
      <uncertainty>0.51</uncertainty>
    </time>
    <latitude>
      <value>37.0088</value>
      <uncertainty>22.6</uncertainty>
    </latitude>
    <longitude>
      <value>35.7746</value>
      <uncertainty>13.4</uncertainty>
    </longitude>
    <depth>
      <value>2000</value>
    </depth>
    <depthType>from location</depthType>
    <methodID>smi:eu.emsc-csem/origin_method/NA</methodID>
    <quality>
      <usedPhaseCount>10</usedPhaseCount>
      <usedStationCount>8</usedStationCount>
      <standardError>1.66</standardError>
      <azimuthalGap>121</azimuthalGap>
      <minimumDistance>0.02</minimumDistance>
      <maximumDistance>21.68</maximumDistance>
    </quality>
    <evaluationMode>manual</evaluationMode>
    <creationInfo>
      <agencyURI>smi:smi-registry/organization/EMSC</agencyURI>
      <authorURI>smi:smi-registry/organization/EMSC</authorURI>
    </creationInfo>
    <originUncertainty>
      <azimuthMaxHorizontalUncertainty>45</azimuthMaxHorizontalUncertainty>
    </originUncertainty>
  </origin>
  <magnitude publicID="quakeml:eu.emsc/event/20030713_0000025/origin/1365703/mag/2">
    <mag>
      <value>3.1</value>
    </mag>
    <type>MD</type>
    <originID>quakeml:eu.emsc/event/20030713_0000025/origin/1365703</originID>
    <creationInfo>
      <agencyURI>smi:smi-registry/organization/EMSC</agencyURI>
      <authorURI>smi:smi-registry/organization/EMSC</authorURI>
    </creationInfo>
  </magnitude>
</event>
<event publicID="quakeml:eu.emsc/event/20030713_0000024">
  <preferredOriginID>quakeml:eu.emsc/event/20030713_0000024/origin/1356296</preferredOriginID>
  <preferredMagnitudeID>quakeml:eu.emsc/event/20030713_0000024/origin/1356296/mag/2</preferredMagnitudeID>
  <creationInfo>
    <agencyURI>smi:smi-registry/organization/EMSC</agencyURI>
    <authorURI>smi:smi-registry/organization/EMSC</authorURI>
    <creationTime>2014-12-10T21:54:49.976093Z</creationTime>
  </creationInfo>
  <description>
    <text>EASTERN TURKEY</text>
    <type>Flinn-Engdahl region</type>
  </description>
  <origin publicID="quakeml:eu.emsc/event/20030713_0000024/origin/1356296">
    <time>
      <value>2003-07-13T23:08:06.5Z</value>
    </time>
    <latitude>
      <value>38.378</value>
      <uncertainty>9999.9</uncertainty>
    </latitude>
    <longitude>
      <value>38.908</value>
      <uncertainty>9999.9</uncertainty>
    </longitude>
    <depth>
      <value>6000</value>
    </depth>
    <depthType>from location</depthType>
    <methodID>smi:eu.emsc-csem/origin_method/NA</methodID>
    <quality>
      <usedPhaseCount>8</usedPhaseCount>
      <usedStationCount>7</usedStationCount>
      <standardError>0.78</standardError>
      <azimuthalGap>114</azimuthalGap>
      <minimumDistance>0.38</minimumDistance>
      <maximumDistance>2.44</maximumDistance>
    </quality>
    <evaluationMode>manual</evaluationMode>
    <creationInfo>
      <agencyURI>smi:smi-registry/organization/EMSC</agencyURI>
      <authorURI>smi:smi-registry/organization/EMSC</authorURI>
    </creationInfo>
    <originUncertainty>
      <azimuthMaxHorizontalUncertainty>-99</azimuthMaxHorizontalUncertainty>
    </originUncertainty>
  </origin>
  <magnitude publicID="quakeml:eu.emsc/event/20030713_0000024/origin/1356296/mag/2">
    <mag>
      <value>3.6</value>
    </mag>
    <type>MD</type>
    <originID>quakeml:eu.emsc/event/20030713_0000024/origin/1356296</originID>
    <creationInfo>
      <agencyURI>smi:smi-registry/organization/EMSC</agencyURI>
      <authorURI>smi:smi-registry/organization/EMSC</authorURI>
    </creationInfo>
  </magnitude>
</event>
<event publicID="quakeml:eu.emsc/event/20030713_0000023">
  <preferredOriginID>quakeml:eu.emsc/event/20030713_0000023/origin/1368777</preferredOriginID>
  <preferredMagnitudeID>quakeml:eu.emsc/event/20030713_0000023/origin/1368777/mag/2</preferredMagnitudeID>
  <creationInfo>
    <agencyURI>smi:smi-registry/organization/EMSC</agencyURI>
    <authorURI>smi:smi-registry/organization/EMSC</authorURI>
    <creationTime>2014-12-03T11:45:05.357128Z</creationTime>
  </creationInfo>
  <description>
    <text>GREECE</text>
    <type>Flinn-Engdahl region</type>
  </description>
  <origin publicID="quakeml:eu.emsc/event/20030713_0000023/origin/1368777">
    <time>
      <value>2003-07-13T22:55:47.4Z</value>
      <uncertainty>0.45</uncertainty>
    </time>
    <latitude>
      <value>38.5782</value>
      <uncertainty>9.7</uncertainty>
    </latitude>
    <longitude>
      <value>23.8875</value>
      <uncertainty>8</uncertainty>
    </longitude>
    <depth>
      <value>5000</value>
    </depth>
    <depthType>from location</depthType>
    <methodID>smi:eu.emsc-csem/origin_method/NA</methodID>
    <quality>
      <usedPhaseCount>26</usedPhaseCount>
      <usedStationCount>20</usedStationCount>
      <standardError>1.23</standardError>
      <azimuthalGap>119</azimuthalGap>
      <minimumDistance>0.96</minimumDistance>
      <maximumDistance>2.93</maximumDistance>
    </quality>
    <evaluationMode>manual</evaluationMode>
    <creationInfo>
      <agencyURI>smi:smi-registry/organization/EMSC</agencyURI>
      <authorURI>smi:smi-registry/organization/EMSC</authorURI>
    </creationInfo>
    <originUncertainty>
      <azimuthMaxHorizontalUncertainty>166</azimuthMaxHorizontalUncertainty>
    </originUncertainty>
  </origin>
  <magnitude publicID="quakeml:eu.emsc/event/20030713_0000023/origin/1368777/mag/2">
    <mag>
      <value>2.7</value>
    </mag>
    <type>ML</type>
    <originID>quakeml:eu.emsc/event/20030713_0000023/origin/1368777</originID>
    <creationInfo>
      <agencyURI>smi:smi-registry/organization/EMSC</agencyURI>
      <authorURI>smi:smi-registry/organization/EMSC</authorURI>
    </creationInfo>
  </magnitude>
</event>
<event publicID="quakeml:eu.emsc/event/20030713_0000022">
  <preferredOriginID>quakeml:eu.emsc/event/20030713_0000022/origin/1368782</preferredOriginID>
  <preferredMagnitudeID>quakeml:eu.emsc/event/20030713_0000022/origin/1368782/mag/1</preferredMagnitudeID>
  <creationInfo>
    <agencyURI>smi:smi-registry/organization/EMSC</agencyURI>
    <authorURI>smi:smi-registry/organization/EMSC</authorURI>
    <creationTime>2014-12-03T11:40:22.140342Z</creationTime>
  </creationInfo>
  <description>
    <text>AZORES-CAPE ST. VINCENT RIDGE</text>
    <type>Flinn-Engdahl region</type>
  </description>
  <origin publicID="quakeml:eu.emsc/event/20030713_0000022/origin/1368782">
    <time>
      <value>2003-07-13T21:35:26.9Z</value>
      <uncertainty>0.41</uncertainty>
    </time>
    <latitude>
      <value>36.4325</value>
      <uncertainty>8.3</uncertainty>
    </latitude>
    <longitude>
      <value>-10.2031</value>
      <uncertainty>4.6</uncertainty>
    </longitude>
    <depth>
      <value>10000</value>
    </depth>
    <depthType>from location</depthType>
    <methodID>smi:eu.emsc-csem/origin_method/NA</methodID>
    <quality>
      <usedPhaseCount>87</usedPhaseCount>
      <usedStationCount>56</usedStationCount>
      <standardError>1.1</standardError>
      <azimuthalGap>278</azimuthalGap>
      <minimumDistance>1.62</minimumDistance>
      <maximumDistance>144.93</maximumDistance>
    </quality>
    <evaluationMode>manual</evaluationMode>
    <creationInfo>
      <agencyURI>smi:smi-registry/organization/EMSC</agencyURI>
      <authorURI>smi:smi-registry/organization/EMSC</authorURI>
    </creationInfo>
    <originUncertainty>
      <azimuthMaxHorizontalUncertainty>45</azimuthMaxHorizontalUncertainty>
    </originUncertainty>
  </origin>
  <magnitude publicID="quakeml:eu.emsc/event/20030713_0000022/origin/1368782/mag/1">
    <mag>
      <value>4.2</value>
      <uncertainty>0.4</uncertainty>
    </mag>
    <type>ML</type>
    <originID>quakeml:eu.emsc/event/20030713_0000022/origin/1368782</originID>
    <stationCount>29</stationCount>
    <creationInfo>
      <agencyURI>smi:smi-registry/organization/EMSC</agencyURI>
      <authorURI>smi:smi-registry/organization/EMSC</authorURI>
    </creationInfo>
  </magnitude>
</event>
<event publicID="quakeml:eu.emsc/event/20030713_0000021">
  <preferredOriginID>quakeml:eu.emsc/event/20030713_0000021/origin/1365706</preferredOriginID>
  <preferredMagnitudeID>quakeml:eu.emsc/event/20030713_0000021/origin/1365706/mag/2</preferredMagnitudeID>
  <creationInfo>
    <agencyURI>smi:smi-registry/organization/EMSC</agencyURI>
    <authorURI>smi:smi-registry/organization/EMSC</authorURI>
    <creationTime>2014-12-03T11:57:25.720237Z</creationTime>
  </creationInfo>
  <description>
    <text>SYRIA</text>
    <type>Flinn-Engdahl region</type>
  </description>
  <origin publicID="quakeml:eu.emsc/event/20030713_0000021/origin/1365706">
    <time>
      <value>2003-07-13T17:03:54.8Z</value>
      <uncertainty>0.26</uncertainty>
    </time>
    <latitude>
      <value>35.8772</value>
      <uncertainty>9.4</uncertainty>
    </latitude>
    <longitude>
      <value>36.3577</value>
      <uncertainty>5.5</uncertainty>
    </longitude>
    <depth>
      <value>15000</value>
    </depth>
    <depthType>from location</depthType>
    <methodID>smi:eu.emsc-csem/origin_method/NA</methodID>
    <quality>
      <usedPhaseCount>9</usedPhaseCount>
      <usedStationCount>7</usedStationCount>
      <standardError>0.68</standardError>
      <azimuthalGap>158</azimuthalGap>
      <minimumDistance>0.3</minimumDistance>
      <maximumDistance>2.95</maximumDistance>
    </quality>
    <evaluationMode>manual</evaluationMode>
    <creationInfo>
      <agencyURI>smi:smi-registry/organization/EMSC</agencyURI>
      <authorURI>smi:smi-registry/organization/EMSC</authorURI>
    </creationInfo>
    <originUncertainty>
      <azimuthMaxHorizontalUncertainty>94</azimuthMaxHorizontalUncertainty>
    </originUncertainty>
  </origin>
  <magnitude publicID="quakeml:eu.emsc/event/20030713_0000021/origin/1365706/mag/2">
    <mag>
      <value>3.6</value>
    </mag>
    <type>MD</type>
    <originID>quakeml:eu.emsc/event/20030713_0000021/origin/1365706</originID>
    <creationInfo>
      <agencyURI>smi:smi-registry/organization/EMSC</agencyURI>
      <authorURI>smi:smi-registry/organization/EMSC</authorURI>
    </creationInfo>
  </magnitude>
</event>
<event publicID="quakeml:eu.emsc/event/20030713_0000020">
  <preferredOriginID>quakeml:eu.emsc/event/20030713_0000020/origin/1365708</preferredOriginID>
  <preferredMagnitudeID>quakeml:eu.emsc/event/20030713_0000020/origin/1365708/mag/2</preferredMagnitudeID>
  <creationInfo>
    <agencyURI>smi:smi-registry/organization/EMSC</agencyURI>
    <authorURI>smi:smi-registry/organization/EMSC</authorURI>
    <creationTime>2014-12-03T10:48:55.340445Z</creationTime>
  </creationInfo>
  <description>
    <text>DODECANESE ISLANDS, GREECE</text>
    <type>Flinn-Engdahl region</type>
  </description>
  <origin publicID="quakeml:eu.emsc/event/20030713_0000020/origin/1365708">
    <time>
      <value>2003-07-13T17:02:31.0Z</value>
      <uncertainty>0.89</uncertainty>
    </time>
    <latitude>
      <value>37.9094</value>
      <uncertainty>24</uncertainty>
    </latitude>
    <longitude>
      <value>26.8136</value>
      <uncertainty>17.6</uncertainty>
    </longitude>
    <depth>
      <value>10000</value>
    </depth>
    <depthType>from location</depthType>
    <methodID>smi:eu.emsc-csem/origin_method/NA</methodID>
    <quality>
      <usedPhaseCount>10</usedPhaseCount>
      <usedStationCount>10</usedStationCount>
      <standardError>1.04</standardError>
      <azimuthalGap>187</azimuthalGap>
      <minimumDistance>1.92</minimumDistance>
      <maximumDistance>8.21</maximumDistance>
    </quality>
    <evaluationMode>manual</evaluationMode>
    <creationInfo>
      <agencyURI>smi:smi-registry/organization/EMSC</agencyURI>
      <authorURI>smi:smi-registry/organization/EMSC</authorURI>
    </creationInfo>
    <originUncertainty>
      <azimuthMaxHorizontalUncertainty>34</azimuthMaxHorizontalUncertainty>
    </originUncertainty>
  </origin>
  <magnitude publicID="quakeml:eu.emsc/event/20030713_0000020/origin/1365708/mag/2">
    <mag>
      <value>3</value>
    </mag>
    <type>MD</type>
    <originID>quakeml:eu.emsc/event/20030713_0000020/origin/1365708</originID>
    <creationInfo>
      <agencyURI>smi:smi-registry/organization/EMSC</agencyURI>
      <authorURI>smi:smi-registry/organization/EMSC</authorURI>
    </creationInfo>
  </magnitude>
</event>
<event publicID="quakeml:eu.emsc/event/20030713_0000028">
  <preferredOriginID>quakeml:eu.emsc/event/20030713_0000028/origin/1356298</preferredOriginID>
  <preferredMagnitudeID>quakeml:eu.emsc/event/20030713_0000028/origin/1356298/mag/2</preferredMagnitudeID>
  <creationInfo>
    <agencyURI>smi:smi-registry/organization/EMSC</agencyURI>
    <authorURI>smi:smi-registry/organization/EMSC</authorURI>
    <creationTime>2014-12-10T18:50:06.70853Z</creationTime>
  </creationInfo>
  <description>
    <text>FRANCE</text>
    <type>Flinn-Engdahl region</type>
  </description>
  <origin publicID="quakeml:eu.emsc/event/20030713_0000028/origin/1356298">
    <time>
      <value>2003-07-13T16:32:28.8Z</value>
    </time>
    <latitude>
      <value>45.5013</value>
      <uncertainty>9999.9</uncertainty>
    </latitude>
    <longitude>
      <value>6.7385</value>
      <uncertainty>9999.9</uncertainty>
    </longitude>
    <depth>
      <value>15000</value>
    </depth>
    <depthType>from location</depthType>
    <methodID>smi:eu.emsc-csem/origin_method/NA</methodID>
    <quality>
      <usedPhaseCount>12</usedPhaseCount>
      <usedStationCount>6</usedStationCount>
      <standardError>0.58</standardError>
      <azimuthalGap>127</azimuthalGap>
      <minimumDistance>0.01</minimumDistance>
      <maximumDistance>1.6</maximumDistance>
    </quality>
    <evaluationMode>manual</evaluationMode>
    <creationInfo>
      <agencyURI>smi:smi-registry/organization/EMSC</agencyURI>
      <authorURI>smi:smi-registry/organization/EMSC</authorURI>
    </creationInfo>
    <originUncertainty>
      <azimuthMaxHorizontalUncertainty>-99</azimuthMaxHorizontalUncertainty>
    </originUncertainty>
  </origin>
  <magnitude publicID="quakeml:eu.emsc/event/20030713_0000028/origin/1356298/mag/2">
    <mag>
      <value>1.8</value>
    </mag>
    <type>ML</type>
    <originID>quakeml:eu.emsc/event/20030713_0000028/origin/1356298</originID>
    <stationCount>2</stationCount>
    <creationInfo>
      <agencyURI>smi:smi-registry/organization/EMSC</agencyURI>
      <authorURI>smi:smi-registry/organization/EMSC</authorURI>
    </creationInfo>
  </magnitude>
</event>
<event publicID="quakeml:eu.emsc/event/20030713_0000018">
  <preferredOriginID>quakeml:eu.emsc/event/20030713_0000018/origin/1365712</preferredOriginID>
  <preferredMagnitudeID>quakeml:eu.emsc/event/20030713_0000018/origin/1365712/mag/2</preferredMagnitudeID>
  <creationInfo>
    <agencyURI>smi:smi-registry/organization/EMSC</agencyURI>
    <authorURI>smi:smi-registry/organization/EMSC</authorURI>
    <creationTime>2014-12-03T10:43:57.269074Z</creationTime>
  </creationInfo>
  <description>
    <text>AEGEAN SEA</text>
    <type>Flinn-Engdahl region</type>
  </description>
  <origin publicID="quakeml:eu.emsc/event/20030713_0000018/origin/1365712">
    <time>
      <value>2003-07-13T15:17:36.8Z</value>
      <uncertainty>0.31</uncertainty>
    </time>
    <latitude>
      <value>38.4736</value>
      <uncertainty>7.7</uncertainty>
    </latitude>
    <longitude>
      <value>24.0101</value>
      <uncertainty>5.9</uncertainty>
    </longitude>
    <depth>
      <value>2000</value>
    </depth>
    <depthType>from location</depthType>
    <methodID>smi:eu.emsc-csem/origin_method/NA</methodID>
    <quality>
      <usedPhaseCount>26</usedPhaseCount>
      <usedStationCount>20</usedStationCount>
      <standardError>1.24</standardError>
      <azimuthalGap>66</azimuthalGap>
      <minimumDistance>0.55</minimumDistance>
      <maximumDistance>3.08</maximumDistance>
    </quality>
    <evaluationMode>manual</evaluationMode>
    <creationInfo>
      <agencyURI>smi:smi-registry/organization/EMSC</agencyURI>
      <authorURI>smi:smi-registry/organization/EMSC</authorURI>
    </creationInfo>
    <originUncertainty>
      <azimuthMaxHorizontalUncertainty>76</azimuthMaxHorizontalUncertainty>
    </originUncertainty>
  </origin>
  <magnitude publicID="quakeml:eu.emsc/event/20030713_0000018/origin/1365712/mag/2">
    <mag>
      <value>3.3</value>
    </mag>
    <type>ML</type>
    <originID>quakeml:eu.emsc/event/20030713_0000018/origin/1365712</originID>
    <creationInfo>
      <agencyURI>smi:smi-registry/organization/EMSC</agencyURI>
      <authorURI>smi:smi-registry/organization/EMSC</authorURI>
    </creationInfo>
  </magnitude>
</event>
<event publicID="quakeml:eu.emsc/event/20030713_0000027">
  <preferredOriginID>quakeml:eu.emsc/event/20030713_0000027/origin/1356300</preferredOriginID>
  <preferredMagnitudeID>quakeml:eu.emsc/event/20030713_0000027/origin/1356300/mag/2</preferredMagnitudeID>
  <creationInfo>
    <agencyURI>smi:smi-registry/organization/EMSC</agencyURI>
    <authorURI>smi:smi-registry/organization/EMSC</authorURI>
    <creationTime>2014-12-10T18:50:06.227128Z</creationTime>
  </creationInfo>
  <description>
    <text>NORTHERN ITALY</text>
    <type>Flinn-Engdahl region</type>
  </description>
  <origin publicID="quakeml:eu.emsc/event/20030713_0000027/origin/1356300">
    <time>
      <value>2003-07-13T11:18:38.1Z</value>
    </time>
    <latitude>
      <value>44.4968</value>
      <uncertainty>9999.9</uncertainty>
    </latitude>
    <longitude>
      <value>7.1573</value>
      <uncertainty>9999.9</uncertainty>
    </longitude>
    <depth>
      <value>6100.0</value>
    </depth>
    <depthType>from location</depthType>
    <methodID>smi:eu.emsc-csem/origin_method/NA</methodID>
    <quality>
      <usedPhaseCount>10</usedPhaseCount>
      <usedStationCount>5</usedStationCount>
      <standardError>8.09</standardError>
      <azimuthalGap>127</azimuthalGap>
      <minimumDistance>0.04</minimumDistance>
      <maximumDistance>0.36</maximumDistance>
    </quality>
    <evaluationMode>manual</evaluationMode>
    <creationInfo>
      <agencyURI>smi:smi-registry/organization/EMSC</agencyURI>
      <authorURI>smi:smi-registry/organization/EMSC</authorURI>
    </creationInfo>
    <originUncertainty>
      <azimuthMaxHorizontalUncertainty>-99</azimuthMaxHorizontalUncertainty>
    </originUncertainty>
  </origin>
  <magnitude publicID="quakeml:eu.emsc/event/20030713_0000027/origin/1356300/mag/2">
    <mag>
      <value>1.7</value>
    </mag>
    <type>ML</type>
    <originID>quakeml:eu.emsc/event/20030713_0000027/origin/1356300</originID>
    <creationInfo>
      <agencyURI>smi:smi-registry/organization/EMSC</agencyURI>
      <authorURI>smi:smi-registry/organization/EMSC</authorURI>
    </creationInfo>
  </magnitude>
</event>
<event publicID="quakeml:eu.emsc/event/20030713_0000016">
  <preferredOriginID>quakeml:eu.emsc/event/20030713_0000016/origin/1365717</preferredOriginID>
  <preferredMagnitudeID>quakeml:eu.emsc/event/20030713_0000016/origin/1365717/mag/1</preferredMagnitudeID>
  <creationInfo>
    <agencyURI>smi:smi-registry/organization/EMSC</agencyURI>
    <authorURI>smi:smi-registry/organization/EMSC</authorURI>
    <creationTime>2014-12-03T10:22:28.361492Z</creationTime>
  </creationInfo>
  <description>
    <text>SOUTHERN IRAN</text>
    <type>Flinn-Engdahl region</type>
  </description>
  <origin publicID="quakeml:eu.emsc/event/20030713_0000016/origin/1365717">
    <time>
      <value>2003-07-13T09:33:29.8Z</value>
      <uncertainty>0.12</uncertainty>
    </time>
    <latitude>
      <value>28.3454</value>
      <uncertainty>7.7</uncertainty>
    </latitude>
    <longitude>
      <value>54.0937</value>
      <uncertainty>3.5</uncertainty>
    </longitude>
    <depth>
      <value>12600.0</value>
      <uncertainty>0.3</uncertainty>
    </depth>
    <depthType>from location</depthType>
    <methodID>smi:eu.emsc-csem/origin_method/NA</methodID>
    <quality>
      <usedPhaseCount>44</usedPhaseCount>
      <usedStationCount>43</usedStationCount>
      <standardError>0.71</standardError>
      <azimuthalGap>119</azimuthalGap>
      <minimumDistance>5.45</minimumDistance>
      <maximumDistance>91.13</maximumDistance>
    </quality>
    <evaluationMode>manual</evaluationMode>
    <creationInfo>
      <agencyURI>smi:smi-registry/organization/EMSC</agencyURI>
      <authorURI>smi:smi-registry/organization/EMSC</authorURI>
    </creationInfo>
    <originUncertainty>
      <azimuthMaxHorizontalUncertainty>62</azimuthMaxHorizontalUncertainty>
    </originUncertainty>
  </origin>
  <magnitude publicID="quakeml:eu.emsc/event/20030713_0000016/origin/1365717/mag/1">
    <mag>
      <value>4.2</value>
      <uncertainty>0.2</uncertainty>
    </mag>
    <type>mb</type>
    <originID>quakeml:eu.emsc/event/20030713_0000016/origin/1365717</originID>
    <stationCount>14</stationCount>
    <creationInfo>
      <agencyURI>smi:smi-registry/organization/EMSC</agencyURI>
      <authorURI>smi:smi-registry/organization/EMSC</authorURI>
    </creationInfo>
  </magnitude>
</event>
<event publicID="quakeml:eu.emsc/event/20030713_0000029">
  <preferredOriginID>quakeml:eu.emsc/event/20030713_0000029/origin/1364562</preferredOriginID>
  <preferredMagnitudeID>quakeml:eu.emsc/event/20030713_0000029/origin/1364562/mag/1</preferredMagnitudeID>
  <creationInfo>
    <agencyURI>smi:smi-registry/organization/EMSC</agencyURI>
    <authorURI>smi:smi-registry/organization/EMSC</authorURI>
    <creationTime>2014-12-03T15:56:55.218882Z</creationTime>
  </creationInfo>
  <description>
    <text>FRANCE</text>
    <type>Flinn-Engdahl region</type>
  </description>
  <origin publicID="quakeml:eu.emsc/event/20030713_0000029/origin/1364562">
    <time>
      <value>2003-07-13T09:05:28.0Z</value>
      <uncertainty>0.13</uncertainty>
    </time>
    <latitude>
      <value>44.434</value>
      <uncertainty>2.8</uncertainty>
    </latitude>
    <longitude>
      <value>6.7444</value>
      <uncertainty>1.7</uncertainty>
    </longitude>
    <depth>
      <value>2000</value>
    </depth>
    <depthType>from location</depthType>
    <methodID>smi:eu.emsc-csem/origin_method/NA</methodID>
    <quality>
      <usedPhaseCount>27</usedPhaseCount>
      <usedStationCount>18</usedStationCount>
      <standardError>0.52</standardError>
      <azimuthalGap>66</azimuthalGap>
      <minimumDistance>0.27</minimumDistance>
      <maximumDistance>1.08</maximumDistance>
    </quality>
    <evaluationMode>manual</evaluationMode>
    <creationInfo>
      <agencyURI>smi:smi-registry/organization/EMSC</agencyURI>
      <authorURI>smi:smi-registry/organization/EMSC</authorURI>
    </creationInfo>
    <originUncertainty>
      <azimuthMaxHorizontalUncertainty>63</azimuthMaxHorizontalUncertainty>
    </originUncertainty>
  </origin>
  <magnitude publicID="quakeml:eu.emsc/event/20030713_0000029/origin/1364562/mag/1">
    <mag>
      <value>1.4</value>
      <uncertainty>0.4</uncertainty>
    </mag>
    <type>ML</type>
    <originID>quakeml:eu.emsc/event/20030713_0000029/origin/1364562</originID>
    <stationCount>6</stationCount>
    <creationInfo>
      <agencyURI>smi:smi-registry/organization/EMSC</agencyURI>
      <authorURI>smi:smi-registry/organization/EMSC</authorURI>
    </creationInfo>
  </magnitude>
</event>
<event publicID="quakeml:eu.emsc/event/20030713_0000031">
  <preferredOriginID>quakeml:eu.emsc/event/20030713_0000031/origin/1364312</preferredOriginID>
  <preferredMagnitudeID>quakeml:eu.emsc/event/20030713_0000031/origin/1364312/mag/1</preferredMagnitudeID>
  <creationInfo>
    <agencyURI>smi:smi-registry/organization/EMSC</agencyURI>
    <authorURI>smi:smi-registry/organization/EMSC</authorURI>
    <creationTime>2014-12-03T16:13:49.409256Z</creationTime>
  </creationInfo>
  <description>
    <text>LIGURIAN SEA</text>
    <type>Flinn-Engdahl region</type>
  </description>
  <origin publicID="quakeml:eu.emsc/event/20030713_0000031/origin/1364312">
    <time>
      <value>2003-07-13T08:00:08.5Z</value>
      <uncertainty>0.36</uncertainty>
    </time>
    <latitude>
      <value>43.8478</value>
      <uncertainty>5.8</uncertainty>
    </latitude>
    <longitude>
      <value>8.4275</value>
      <uncertainty>5.3</uncertainty>
    </longitude>
    <depth>
      <value>12000</value>
    </depth>
    <depthType>from location</depthType>
    <methodID>smi:eu.emsc-csem/origin_method/NA</methodID>
    <quality>
      <usedPhaseCount>27</usedPhaseCount>
      <usedStationCount>15</usedStationCount>
      <standardError>0.91</standardError>
      <azimuthalGap>155</azimuthalGap>
      <minimumDistance>0.39</minimumDistance>
      <maximumDistance>2.07</maximumDistance>
    </quality>
    <evaluationMode>manual</evaluationMode>
    <creationInfo>
      <agencyURI>smi:smi-registry/organization/EMSC</agencyURI>
      <authorURI>smi:smi-registry/organization/EMSC</authorURI>
    </creationInfo>
    <originUncertainty>
      <azimuthMaxHorizontalUncertainty>49</azimuthMaxHorizontalUncertainty>
    </originUncertainty>
  </origin>
  <magnitude publicID="quakeml:eu.emsc/event/20030713_0000031/origin/1364312/mag/1">
    <mag>
      <value>1.9</value>
      <uncertainty>0.5</uncertainty>
    </mag>
    <type>ML</type>
    <originID>quakeml:eu.emsc/event/20030713_0000031/origin/1364312</originID>
    <stationCount>4</stationCount>
    <creationInfo>
      <agencyURI>smi:smi-registry/organization/EMSC</agencyURI>
      <authorURI>smi:smi-registry/organization/EMSC</authorURI>
    </creationInfo>
  </magnitude>
</event>
<event publicID="quakeml:eu.emsc/event/20030713_0000015">
  <preferredOriginID>quakeml:eu.emsc/event/20030713_0000015/origin/1365722</preferredOriginID>
  <preferredMagnitudeID>quakeml:eu.emsc/event/20030713_0000015/origin/1365722/mag/2</preferredMagnitudeID>
  <creationInfo>
    <agencyURI>smi:smi-registry/organization/EMSC</agencyURI>
    <authorURI>smi:smi-registry/organization/EMSC</authorURI>
    <creationTime>2014-12-03T11:53:42.973923Z</creationTime>
  </creationInfo>
  <description>
    <text>AEGEAN SEA</text>
    <type>Flinn-Engdahl region</type>
  </description>
  <origin publicID="quakeml:eu.emsc/event/20030713_0000015/origin/1365722">
    <time>
      <value>2003-07-13T06:32:08.4Z</value>
      <uncertainty>0.15</uncertainty>
    </time>
    <latitude>
      <value>40.3452</value>
      <uncertainty>4.9</uncertainty>
    </latitude>
    <longitude>
      <value>25.9043</value>
      <uncertainty>3.5</uncertainty>
    </longitude>
    <depth>
      <value>10000</value>
    </depth>
    <depthType>from location</depthType>
    <methodID>smi:eu.emsc-csem/origin_method/NA</methodID>
    <quality>
      <usedPhaseCount>70</usedPhaseCount>
      <usedStationCount>59</usedStationCount>
      <standardError>1.22</standardError>
      <azimuthalGap>44</azimuthalGap>
      <minimumDistance>0.56</minimumDistance>
      <maximumDistance>12.15</maximumDistance>
    </quality>
    <evaluationMode>manual</evaluationMode>
    <creationInfo>
      <agencyURI>smi:smi-registry/organization/EMSC</agencyURI>
      <authorURI>smi:smi-registry/organization/EMSC</authorURI>
    </creationInfo>
    <originUncertainty>
      <azimuthMaxHorizontalUncertainty>171</azimuthMaxHorizontalUncertainty>
    </originUncertainty>
  </origin>
  <magnitude publicID="quakeml:eu.emsc/event/20030713_0000015/origin/1365722/mag/2">
    <mag>
      <value>3.9</value>
    </mag>
    <type>ML</type>
    <originID>quakeml:eu.emsc/event/20030713_0000015/origin/1365722</originID>
    <creationInfo>
      <agencyURI>smi:smi-registry/organization/EMSC</agencyURI>
      <authorURI>smi:smi-registry/organization/EMSC</authorURI>
    </creationInfo>
  </magnitude>
</event>
<event publicID="quakeml:eu.emsc/event/20030713_0000014">
  <preferredOriginID>quakeml:eu.emsc/event/20030713_0000014/origin/1365726</preferredOriginID>
  <preferredMagnitudeID>quakeml:eu.emsc/event/20030713_0000014/origin/1365726/mag/2</preferredMagnitudeID>
  <creationInfo>
    <agencyURI>smi:smi-registry/organization/EMSC</agencyURI>
    <authorURI>smi:smi-registry/organization/EMSC</authorURI>
    <creationTime>2014-12-03T11:31:06.760696Z</creationTime>
  </creationInfo>
  <description>
    <text>AEGEAN SEA</text>
    <type>Flinn-Engdahl region</type>
  </description>
  <origin publicID="quakeml:eu.emsc/event/20030713_0000014/origin/1365726">
    <time>
      <value>2003-07-13T06:20:16.2Z</value>
      <uncertainty>0.19</uncertainty>
    </time>
    <latitude>
      <value>40.4168</value>
      <uncertainty>6</uncertainty>
    </latitude>
    <longitude>
      <value>25.9201</value>
      <uncertainty>4.1</uncertainty>
    </longitude>
    <depth>
      <value>15000</value>
    </depth>
    <depthType>from location</depthType>
    <methodID>smi:eu.emsc-csem/origin_method/NA</methodID>
    <quality>
      <usedPhaseCount>21</usedPhaseCount>
      <usedStationCount>18</usedStationCount>
      <standardError>0.8</standardError>
      <azimuthalGap>79</azimuthalGap>
      <minimumDistance>0.49</minimumDistance>
      <maximumDistance>2.41</maximumDistance>
    </quality>
    <evaluationMode>manual</evaluationMode>
    <creationInfo>
      <agencyURI>smi:smi-registry/organization/EMSC</agencyURI>
      <authorURI>smi:smi-registry/organization/EMSC</authorURI>
    </creationInfo>
    <originUncertainty>
      <azimuthMaxHorizontalUncertainty>172</azimuthMaxHorizontalUncertainty>
    </originUncertainty>
  </origin>
  <magnitude publicID="quakeml:eu.emsc/event/20030713_0000014/origin/1365726/mag/2">
    <mag>
      <value>3.4</value>
    </mag>
    <type>MD</type>
    <originID>quakeml:eu.emsc/event/20030713_0000014/origin/1365726</originID>
    <creationInfo>
      <agencyURI>smi:smi-registry/organization/EMSC</agencyURI>
      <authorURI>smi:smi-registry/organization/EMSC</authorURI>
    </creationInfo>
  </magnitude>
</event>
<event publicID="quakeml:eu.emsc/event/20030713_0000013">
  <preferredOriginID>quakeml:eu.emsc/event/20030713_0000013/origin/1368787</preferredOriginID>
  <preferredMagnitudeID>quakeml:eu.emsc/event/20030713_0000013/origin/1368787/mag/2</preferredMagnitudeID>
  <creationInfo>
    <agencyURI>smi:smi-registry/organization/EMSC</agencyURI>
    <authorURI>smi:smi-registry/organization/EMSC</authorURI>
    <creationTime>2014-12-03T11:39:26.249746Z</creationTime>
  </creationInfo>
  <description>
    <text>WESTERN TURKEY</text>
    <type>Flinn-Engdahl region</type>
  </description>
  <origin publicID="quakeml:eu.emsc/event/20030713_0000013/origin/1368787">
    <time>
      <value>2003-07-13T05:09:50.3Z</value>
      <uncertainty>0.12</uncertainty>
    </time>
    <latitude>
      <value>40.752</value>
      <uncertainty>4.5</uncertainty>
    </latitude>
    <longitude>
      <value>27.4679</value>
      <uncertainty>2.9</uncertainty>
    </longitude>
    <depth>
      <value>20000</value>
    </depth>
    <depthType>from location</depthType>
    <methodID>smi:eu.emsc-csem/origin_method/NA</methodID>
    <quality>
      <usedPhaseCount>61</usedPhaseCount>
      <usedStationCount>60</usedStationCount>
      <standardError>0.82</standardError>
      <azimuthalGap>68</azimuthalGap>
      <minimumDistance>0.5</minimumDistance>
      <maximumDistance>21.05</maximumDistance>
    </quality>
    <evaluationMode>manual</evaluationMode>
    <creationInfo>
      <agencyURI>smi:smi-registry/organization/EMSC</agencyURI>
      <authorURI>smi:smi-registry/organization/EMSC</authorURI>
    </creationInfo>
    <originUncertainty>
      <azimuthMaxHorizontalUncertainty>21</azimuthMaxHorizontalUncertainty>
    </originUncertainty>
  </origin>
  <magnitude publicID="quakeml:eu.emsc/event/20030713_0000013/origin/1368787/mag/2">
    <mag>
      <value>3.7</value>
    </mag>
    <type>mb</type>
    <originID>quakeml:eu.emsc/event/20030713_0000013/origin/1368787</originID>
    <stationCount>12</stationCount>
    <creationInfo>
      <agencyURI>smi:smi-registry/organization/EMSC</agencyURI>
      <authorURI>smi:smi-registry/organization/EMSC</authorURI>
    </creationInfo>
  </magnitude>
</event>
<event publicID="quakeml:eu.emsc/event/20030713_0000012">
  <preferredOriginID>quakeml:eu.emsc/event/20030713_0000012/origin/1365731</preferredOriginID>
  <preferredMagnitudeID>quakeml:eu.emsc/event/20030713_0000012/origin/1365731/mag/1</preferredMagnitudeID>
  <creationInfo>
    <agencyURI>smi:smi-registry/organization/EMSC</agencyURI>
    <authorURI>smi:smi-registry/organization/EMSC</authorURI>
    <creationTime>2014-12-03T11:47:59.455622Z</creationTime>
  </creationInfo>
  <description>
    <text>SWITZERLAND</text>
    <type>Flinn-Engdahl region</type>
  </description>
  <origin publicID="quakeml:eu.emsc/event/20030713_0000012/origin/1365731">
    <time>
      <value>2003-07-13T04:51:50.9Z</value>
      <uncertainty>0.07</uncertainty>
    </time>
    <latitude>
      <value>46.8192</value>
      <uncertainty>1.7</uncertainty>
    </latitude>
    <longitude>
      <value>6.7357</value>
      <uncertainty>1.2</uncertainty>
    </longitude>
    <depth>
      <value>12000</value>
    </depth>
    <depthType>from location</depthType>
    <methodID>smi:eu.emsc-csem/origin_method/NA</methodID>
    <quality>
      <usedPhaseCount>95</usedPhaseCount>
      <usedStationCount>40</usedStationCount>
      <standardError>0.71</standardError>
      <azimuthalGap>64</azimuthalGap>
      <minimumDistance>0.16</minimumDistance>
      <maximumDistance>4.74</maximumDistance>
    </quality>
    <evaluationMode>manual</evaluationMode>
    <creationInfo>
      <agencyURI>smi:smi-registry/organization/EMSC</agencyURI>
      <authorURI>smi:smi-registry/organization/EMSC</authorURI>
    </creationInfo>
    <originUncertainty>
      <azimuthMaxHorizontalUncertainty>96</azimuthMaxHorizontalUncertainty>
    </originUncertainty>
  </origin>
  <magnitude publicID="quakeml:eu.emsc/event/20030713_0000012/origin/1365731/mag/1">
    <mag>
      <value>2.3</value>
      <uncertainty>0.4</uncertainty>
    </mag>
    <type>ML</type>
    <originID>quakeml:eu.emsc/event/20030713_0000012/origin/1365731</originID>
    <stationCount>21</stationCount>
    <creationInfo>
      <agencyURI>smi:smi-registry/organization/EMSC</agencyURI>
      <authorURI>smi:smi-registry/organization/EMSC</authorURI>
    </creationInfo>
  </magnitude>
</event>
<event publicID="quakeml:eu.emsc/event/20030713_0000011">
  <preferredOriginID>quakeml:eu.emsc/event/20030713_0000011/origin/1365735</preferredOriginID>
  <preferredMagnitudeID>quakeml:eu.emsc/event/20030713_0000011/origin/1365735/mag/2</preferredMagnitudeID>
  <creationInfo>
    <agencyURI>smi:smi-registry/organization/EMSC</agencyURI>
    <authorURI>smi:smi-registry/organization/EMSC</authorURI>
    <creationTime>2014-12-03T10:34:34.648254Z</creationTime>
  </creationInfo>
  <description>
    <text>SOUTHERN GREECE</text>
    <type>Flinn-Engdahl region</type>
  </description>
  <origin publicID="quakeml:eu.emsc/event/20030713_0000011/origin/1365735">
    <time>
      <value>2003-07-13T04:09:42.6Z</value>
      <uncertainty>0.52</uncertainty>
    </time>
    <latitude>
      <value>36.5633</value>
      <uncertainty>7.6</uncertainty>
    </latitude>
    <longitude>
      <value>22.256</value>
      <uncertainty>4.2</uncertainty>
    </longitude>
    <depth>
      <value>24700.0</value>
      <uncertainty>5</uncertainty>
    </depth>
    <depthType>from location</depthType>
    <methodID>smi:eu.emsc-csem/origin_method/NA</methodID>
    <quality>
      <usedPhaseCount>29</usedPhaseCount>
      <usedStationCount>28</usedStationCount>
      <standardError>0.76</standardError>
      <azimuthalGap>148</azimuthalGap>
      <minimumDistance>0.57</minimumDistance>
      <maximumDistance>6.36</maximumDistance>
    </quality>
    <evaluationMode>manual</evaluationMode>
    <creationInfo>
      <agencyURI>smi:smi-registry/organization/EMSC</agencyURI>
      <authorURI>smi:smi-registry/organization/EMSC</authorURI>
    </creationInfo>
    <originUncertainty>
      <azimuthMaxHorizontalUncertainty>33</azimuthMaxHorizontalUncertainty>
    </originUncertainty>
  </origin>
  <magnitude publicID="quakeml:eu.emsc/event/20030713_0000011/origin/1365735/mag/2">
    <mag>
      <value>3.3</value>
    </mag>
    <type>ML</type>
    <originID>quakeml:eu.emsc/event/20030713_0000011/origin/1365735</originID>
    <creationInfo>
      <agencyURI>smi:smi-registry/organization/EMSC</agencyURI>
      <authorURI>smi:smi-registry/organization/EMSC</authorURI>
    </creationInfo>
  </magnitude>
</event>
<event publicID="quakeml:eu.emsc/event/20030713_0000010">
  <preferredOriginID>quakeml:eu.emsc/event/20030713_0000010/origin/1365739</preferredOriginID>
  <preferredMagnitudeID>quakeml:eu.emsc/event/20030713_0000010/origin/1365739/mag/1</preferredMagnitudeID>
  <creationInfo>
    <agencyURI>smi:smi-registry/organization/EMSC</agencyURI>
    <authorURI>smi:smi-registry/organization/EMSC</authorURI>
    <creationTime>2014-12-03T12:12:06.666331Z</creationTime>
  </creationInfo>
  <description>
    <text>IRAN-IRAQ BORDER REGION</text>
    <type>Flinn-Engdahl region</type>
  </description>
  <origin publicID="quakeml:eu.emsc/event/20030713_0000010/origin/1365739">
    <time>
      <value>2003-07-13T03:40:03.6Z</value>
      <uncertainty>0.48</uncertainty>
    </time>
    <latitude>
      <value>32.2207</value>
      <uncertainty>20.5</uncertainty>
    </latitude>
    <longitude>
      <value>47.5816</value>
      <uncertainty>7.5</uncertainty>
    </longitude>
    <depth>
      <value>10000</value>
    </depth>
    <depthType>from location</depthType>
    <methodID>smi:eu.emsc-csem/origin_method/NA</methodID>
    <quality>
      <usedPhaseCount>37</usedPhaseCount>
      <usedStationCount>37</usedStationCount>
      <standardError>0.68</standardError>
      <azimuthalGap>207</azimuthalGap>
      <minimumDistance>9.64</minimumDistance>
      <maximumDistance>82.67</maximumDistance>
    </quality>
    <evaluationMode>manual</evaluationMode>
    <creationInfo>
      <agencyURI>smi:smi-registry/organization/EMSC</agencyURI>
      <authorURI>smi:smi-registry/organization/EMSC</authorURI>
    </creationInfo>
    <originUncertainty>
      <azimuthMaxHorizontalUncertainty>168</azimuthMaxHorizontalUncertainty>
    </originUncertainty>
  </origin>
  <magnitude publicID="quakeml:eu.emsc/event/20030713_0000010/origin/1365739/mag/1">
    <mag>
      <value>4.3</value>
      <uncertainty>0.4</uncertainty>
    </mag>
    <type>mb</type>
    <originID>quakeml:eu.emsc/event/20030713_0000010/origin/1365739</originID>
    <stationCount>21</stationCount>
    <creationInfo>
      <agencyURI>smi:smi-registry/organization/EMSC</agencyURI>
      <authorURI>smi:smi-registry/organization/EMSC</authorURI>
    </creationInfo>
  </magnitude>
</event>
<event publicID="quakeml:eu.emsc/event/20030713_0000009">
  <preferredOriginID>quakeml:eu.emsc/event/20030713_0000009/origin/1356302</preferredOriginID>
  <preferredMagnitudeID>quakeml:eu.emsc/event/20030713_0000009/origin/1356302/mag/2</preferredMagnitudeID>
  <creationInfo>
    <agencyURI>smi:smi-registry/organization/EMSC</agencyURI>
    <authorURI>smi:smi-registry/organization/EMSC</authorURI>
    <creationTime>2014-12-10T21:54:00.588159Z</creationTime>
  </creationInfo>
  <description>
    <text>EASTERN TURKEY</text>
    <type>Flinn-Engdahl region</type>
  </description>
  <origin publicID="quakeml:eu.emsc/event/20030713_0000009/origin/1356302">
    <time>
      <value>2003-07-13T03:07:22.5Z</value>
    </time>
    <latitude>
      <value>38.313</value>
      <uncertainty>9999.9</uncertainty>
    </latitude>
    <longitude>
      <value>39.012</value>
      <uncertainty>9999.9</uncertainty>
    </longitude>
    <depth>
      <value>8000</value>
    </depth>
    <depthType>from location</depthType>
    <methodID>smi:eu.emsc-csem/origin_method/NA</methodID>
    <quality>
      <usedPhaseCount>8</usedPhaseCount>
      <usedStationCount>6</usedStationCount>
      <standardError>1</standardError>
      <azimuthalGap>118</azimuthalGap>
      <minimumDistance>0.46</minimumDistance>
      <maximumDistance>1.95</maximumDistance>
    </quality>
    <evaluationMode>manual</evaluationMode>
    <creationInfo>
      <agencyURI>smi:smi-registry/organization/EMSC</agencyURI>
      <authorURI>smi:smi-registry/organization/EMSC</authorURI>
    </creationInfo>
    <originUncertainty>
      <azimuthMaxHorizontalUncertainty>-99</azimuthMaxHorizontalUncertainty>
    </originUncertainty>
  </origin>
  <magnitude publicID="quakeml:eu.emsc/event/20030713_0000009/origin/1356302/mag/2">
    <mag>
      <value>3.4</value>
    </mag>
    <type>MD</type>
    <originID>quakeml:eu.emsc/event/20030713_0000009/origin/1356302</originID>
    <creationInfo>
      <agencyURI>smi:smi-registry/organization/EMSC</agencyURI>
      <authorURI>smi:smi-registry/organization/EMSC</authorURI>
    </creationInfo>
  </magnitude>
</event>
<event publicID="quakeml:eu.emsc/event/20030713_0000008">
  <preferredOriginID>quakeml:eu.emsc/event/20030713_0000008/origin/1365742</preferredOriginID>
  <preferredMagnitudeID>quakeml:eu.emsc/event/20030713_0000008/origin/1365742/mag/1</preferredMagnitudeID>
  <creationInfo>
    <agencyURI>smi:smi-registry/organization/EMSC</agencyURI>
    <authorURI>smi:smi-registry/organization/EMSC</authorURI>
    <creationTime>2014-12-03T11:38:42.575522Z</creationTime>
  </creationInfo>
  <description>
    <text>SOUTHERN IRAN</text>
    <type>Flinn-Engdahl region</type>
  </description>
  <origin publicID="quakeml:eu.emsc/event/20030713_0000008/origin/1365742">
    <time>
      <value>2003-07-13T03:00:16.8Z</value>
      <uncertainty>1.45</uncertainty>
    </time>
    <latitude>
      <value>27.855</value>
      <uncertainty>60.2</uncertainty>
    </latitude>
    <longitude>
      <value>54.1066</value>
      <uncertainty>17.3</uncertainty>
    </longitude>
    <depth>
      <value>33000</value>
    </depth>
    <depthType>from location</depthType>
    <methodID>smi:eu.emsc-csem/origin_method/NA</methodID>
    <quality>
      <usedPhaseCount>31</usedPhaseCount>
      <usedStationCount>31</usedStationCount>
      <standardError>0.81</standardError>
      <azimuthalGap>262</azimuthalGap>
      <minimumDistance>29.08</minimumDistance>
      <maximumDistance>46.74</maximumDistance>
    </quality>
    <evaluationMode>manual</evaluationMode>
    <creationInfo>
      <agencyURI>smi:smi-registry/organization/EMSC</agencyURI>
      <authorURI>smi:smi-registry/organization/EMSC</authorURI>
    </creationInfo>
    <originUncertainty>
      <azimuthMaxHorizontalUncertainty>163</azimuthMaxHorizontalUncertainty>
    </originUncertainty>
  </origin>
  <magnitude publicID="quakeml:eu.emsc/event/20030713_0000008/origin/1365742/mag/1">
    <mag>
      <value>4.2</value>
      <uncertainty>0.3</uncertainty>
    </mag>
    <type>mb</type>
    <originID>quakeml:eu.emsc/event/20030713_0000008/origin/1365742</originID>
    <stationCount>18</stationCount>
    <creationInfo>
      <agencyURI>smi:smi-registry/organization/EMSC</agencyURI>
      <authorURI>smi:smi-registry/organization/EMSC</authorURI>
    </creationInfo>
  </magnitude>
</event>
<event publicID="quakeml:eu.emsc/event/20030713_0000007">
  <preferredOriginID>quakeml:eu.emsc/event/20030713_0000007/origin/1356304</preferredOriginID>
  <preferredMagnitudeID>quakeml:eu.emsc/event/20030713_0000007/origin/1356304/mag/2</preferredMagnitudeID>
  <creationInfo>
    <agencyURI>smi:smi-registry/organization/EMSC</agencyURI>
    <authorURI>smi:smi-registry/organization/EMSC</authorURI>
    <creationTime>2014-12-10T21:53:55.593954Z</creationTime>
  </creationInfo>
  <description>
    <text>SOUTHERN GREECE</text>
    <type>Flinn-Engdahl region</type>
  </description>
  <origin publicID="quakeml:eu.emsc/event/20030713_0000007/origin/1356304">
    <time>
      <value>2003-07-13T02:55:15.6Z</value>
    </time>
    <latitude>
      <value>37.03</value>
      <uncertainty>9999.9</uncertainty>
    </latitude>
    <longitude>
      <value>21.3</value>
      <uncertainty>9999.9</uncertainty>
    </longitude>
    <depth>
      <value>36000</value>
    </depth>
    <depthType>from location</depthType>
    <methodID>smi:eu.emsc-csem/origin_method/NA</methodID>
    <quality>
      <usedPhaseCount>5</usedPhaseCount>
      <usedStationCount>5</usedStationCount>
      <standardError>2.26</standardError>
      <azimuthalGap>216</azimuthalGap>
      <minimumDistance>0.52</minimumDistance>
      <maximumDistance>1.58</maximumDistance>
    </quality>
    <evaluationMode>manual</evaluationMode>
    <creationInfo>
      <agencyURI>smi:smi-registry/organization/EMSC</agencyURI>
      <authorURI>smi:smi-registry/organization/EMSC</authorURI>
    </creationInfo>
    <originUncertainty>
      <azimuthMaxHorizontalUncertainty>-99</azimuthMaxHorizontalUncertainty>
    </originUncertainty>
  </origin>
  <magnitude publicID="quakeml:eu.emsc/event/20030713_0000007/origin/1356304/mag/2">
    <mag>
      <value>3.2</value>
    </mag>
    <type>MD</type>
    <originID>quakeml:eu.emsc/event/20030713_0000007/origin/1356304</originID>
    <creationInfo>
      <agencyURI>smi:smi-registry/organization/EMSC</agencyURI>
      <authorURI>smi:smi-registry/organization/EMSC</authorURI>
    </creationInfo>
  </magnitude>
</event>
<event publicID="quakeml:eu.emsc/event/20030713_0000006">
  <preferredOriginID>quakeml:eu.emsc/event/20030713_0000006/origin/1365745</preferredOriginID>
  <preferredMagnitudeID>quakeml:eu.emsc/event/20030713_0000006/origin/1365745/mag/2</preferredMagnitudeID>
  <creationInfo>
    <agencyURI>smi:smi-registry/organization/EMSC</agencyURI>
    <authorURI>smi:smi-registry/organization/EMSC</authorURI>
    <creationTime>2014-12-03T10:43:58.33978Z</creationTime>
  </creationInfo>
  <description>
    <text>HUNGARY</text>
    <type>Flinn-Engdahl region</type>
  </description>
  <origin publicID="quakeml:eu.emsc/event/20030713_0000006/origin/1365745">
    <time>
      <value>2003-07-13T02:29:09.0Z</value>
      <uncertainty>0.36</uncertainty>
    </time>
    <latitude>
      <value>47.8951</value>
      <uncertainty>7.6</uncertainty>
    </latitude>
    <longitude>
      <value>20.7885</value>
      <uncertainty>4.4</uncertainty>
    </longitude>
    <depth>
      <value>8000</value>
    </depth>
    <depthType>from location</depthType>
    <methodID>smi:eu.emsc-csem/origin_method/NA</methodID>
    <quality>
      <usedPhaseCount>34</usedPhaseCount>
      <usedStationCount>23</usedStationCount>
      <standardError>0.82</standardError>
      <azimuthalGap>176</azimuthalGap>
      <minimumDistance>0.6</minimumDistance>
      <maximumDistance>6.22</maximumDistance>
    </quality>
    <evaluationMode>manual</evaluationMode>
    <creationInfo>
      <agencyURI>smi:smi-registry/organization/EMSC</agencyURI>
      <authorURI>smi:smi-registry/organization/EMSC</authorURI>
    </creationInfo>
    <originUncertainty>
      <azimuthMaxHorizontalUncertainty>122</azimuthMaxHorizontalUncertainty>
    </originUncertainty>
  </origin>
  <magnitude publicID="quakeml:eu.emsc/event/20030713_0000006/origin/1365745/mag/2">
    <mag>
      <value>3</value>
    </mag>
    <type>ML</type>
    <originID>quakeml:eu.emsc/event/20030713_0000006/origin/1365745</originID>
    <stationCount>3</stationCount>
    <creationInfo>
      <agencyURI>smi:smi-registry/organization/EMSC</agencyURI>
      <authorURI>smi:smi-registry/organization/EMSC</authorURI>
    </creationInfo>
  </magnitude>
</event>
<event publicID="quakeml:eu.emsc/event/20030713_0000032">
  <preferredOriginID>quakeml:eu.emsc/event/20030713_0000032/origin/1364568</preferredOriginID>
  <preferredMagnitudeID>quakeml:eu.emsc/event/20030713_0000032/origin/1364568/mag/1</preferredMagnitudeID>
  <creationInfo>
    <agencyURI>smi:smi-registry/organization/EMSC</agencyURI>
    <authorURI>smi:smi-registry/organization/EMSC</authorURI>
    <creationTime>2014-12-03T16:55:21.272739Z</creationTime>
  </creationInfo>
  <description>
    <text>NORTHERN ITALY</text>
    <type>Flinn-Engdahl region</type>
  </description>
  <origin publicID="quakeml:eu.emsc/event/20030713_0000032/origin/1364568">
    <time>
      <value>2003-07-13T02:22:47.6Z</value>
      <uncertainty>0.08</uncertainty>
    </time>
    <latitude>
      <value>45.8071</value>
      <uncertainty>2.1</uncertainty>
    </latitude>
    <longitude>
      <value>7.1553</value>
      <uncertainty>1.5</uncertainty>
    </longitude>
    <depth>
      <value>5000</value>
    </depth>
    <depthType>from location</depthType>
    <methodID>smi:eu.emsc-csem/origin_method/NA</methodID>
    <quality>
      <usedPhaseCount>128</usedPhaseCount>
      <usedStationCount>70</usedStationCount>
      <standardError>0.98</standardError>
      <azimuthalGap>27</azimuthalGap>
      <minimumDistance>0.31</minimumDistance>
      <maximumDistance>7.38</maximumDistance>
    </quality>
    <evaluationMode>manual</evaluationMode>
    <creationInfo>
      <agencyURI>smi:smi-registry/organization/EMSC</agencyURI>
      <authorURI>smi:smi-registry/organization/EMSC</authorURI>
    </creationInfo>
    <originUncertainty>
      <azimuthMaxHorizontalUncertainty>83</azimuthMaxHorizontalUncertainty>
    </originUncertainty>
  </origin>
  <magnitude publicID="quakeml:eu.emsc/event/20030713_0000032/origin/1364568/mag/1">
    <mag>
      <value>2.6</value>
      <uncertainty>0.4</uncertainty>
    </mag>
    <type>ML</type>
    <originID>quakeml:eu.emsc/event/20030713_0000032/origin/1364568</originID>
    <stationCount>23</stationCount>
    <creationInfo>
      <agencyURI>smi:smi-registry/organization/EMSC</agencyURI>
      <authorURI>smi:smi-registry/organization/EMSC</authorURI>
    </creationInfo>
  </magnitude>
</event>
<event publicID="quakeml:eu.emsc/event/20030713_0000005">
  <preferredOriginID>quakeml:eu.emsc/event/20030713_0000005/origin/1356306</preferredOriginID>
  <preferredMagnitudeID>quakeml:eu.emsc/event/20030713_0000005/origin/1356306/mag/2</preferredMagnitudeID>
  <creationInfo>
    <agencyURI>smi:smi-registry/organization/EMSC</agencyURI>
    <authorURI>smi:smi-registry/organization/EMSC</authorURI>
    <creationTime>2014-12-10T21:53:48.408659Z</creationTime>
  </creationInfo>
  <description>
    <text>WESTERN TURKEY</text>
    <type>Flinn-Engdahl region</type>
  </description>
  <origin publicID="quakeml:eu.emsc/event/20030713_0000005/origin/1356306">
    <time>
      <value>2003-07-13T02:06:40.2Z</value>
    </time>
    <latitude>
      <value>40.394</value>
      <uncertainty>9999.9</uncertainty>
    </latitude>
    <longitude>
      <value>26.124</value>
      <uncertainty>9999.9</uncertainty>
    </longitude>
    <depth>
      <value>12000</value>
    </depth>
    <depthType>from location</depthType>
    <methodID>smi:eu.emsc-csem/origin_method/NA</methodID>
    <quality>
      <usedPhaseCount>8</usedPhaseCount>
      <usedStationCount>7</usedStationCount>
      <standardError>23.18</standardError>
      <azimuthalGap>212</azimuthalGap>
      <minimumDistance>0.49</minimumDistance>
      <maximumDistance>2.15</maximumDistance>
    </quality>
    <evaluationMode>manual</evaluationMode>
    <creationInfo>
      <agencyURI>smi:smi-registry/organization/EMSC</agencyURI>
      <authorURI>smi:smi-registry/organization/EMSC</authorURI>
    </creationInfo>
    <originUncertainty>
      <azimuthMaxHorizontalUncertainty>-99</azimuthMaxHorizontalUncertainty>
    </originUncertainty>
  </origin>
  <magnitude publicID="quakeml:eu.emsc/event/20030713_0000005/origin/1356306/mag/2">
    <mag>
      <value>3.3</value>
    </mag>
    <type>MD</type>
    <originID>quakeml:eu.emsc/event/20030713_0000005/origin/1356306</originID>
    <creationInfo>
      <agencyURI>smi:smi-registry/organization/EMSC</agencyURI>
      <authorURI>smi:smi-registry/organization/EMSC</authorURI>
    </creationInfo>
  </magnitude>
</event>
<event publicID="quakeml:eu.emsc/event/20030713_0000001">
  <preferredOriginID>quakeml:eu.emsc/event/20030713_0000001/origin/1368813</preferredOriginID>
  <preferredMagnitudeID>quakeml:eu.emsc/event/20030713_0000001/origin/1368813/mag/3</preferredMagnitudeID>
  <creationInfo>
    <agencyURI>smi:smi-registry/organization/EMSC</agencyURI>
    <authorURI>smi:smi-registry/organization/EMSC</authorURI>
    <creationTime>2014-12-03T10:50:53.625757Z</creationTime>
  </creationInfo>
  <description>
    <text>EASTERN TURKEY</text>
    <type>Flinn-Engdahl region</type>
  </description>
  <origin publicID="quakeml:eu.emsc/event/20030713_0000001/origin/1368813">
    <time>
      <value>2003-07-13T01:48:23.2Z</value>
      <uncertainty>0.12</uncertainty>
    </time>
    <latitude>
      <value>38.3222</value>
      <uncertainty>3.5</uncertainty>
    </latitude>
    <longitude>
      <value>39.0356</value>
      <uncertainty>3.1</uncertainty>
    </longitude>
    <depth>
      <value>10000</value>
    </depth>
    <depthType>from location</depthType>
    <methodID>smi:eu.emsc-csem/origin_method/NA</methodID>
    <quality>
      <usedPhaseCount>424</usedPhaseCount>
      <usedStationCount>409</usedStationCount>
      <standardError>1</standardError>
      <azimuthalGap>88</azimuthalGap>
      <minimumDistance>0.48</minimumDistance>
      <maximumDistance>44.92</maximumDistance>
    </quality>
    <evaluationMode>manual</evaluationMode>
    <creationInfo>
      <agencyURI>smi:smi-registry/organization/EMSC</agencyURI>
      <authorURI>smi:smi-registry/organization/EMSC</authorURI>
    </creationInfo>
    <originUncertainty>
      <azimuthMaxHorizontalUncertainty>107</azimuthMaxHorizontalUncertainty>
    </originUncertainty>
  </origin>
  <magnitude publicID="quakeml:eu.emsc/event/20030713_0000001/origin/1368813/mag/3">
    <mag>
      <value>5.4</value>
      <uncertainty>0.3</uncertainty>
    </mag>
    <type>mb</type>
    <originID>quakeml:eu.emsc/event/20030713_0000001/origin/1368813</originID>
    <stationCount>81</stationCount>
    <creationInfo>
      <agencyURI>smi:smi-registry/organization/EMSC</agencyURI>
      <authorURI>smi:smi-registry/organization/EMSC</authorURI>
    </creationInfo>
  </magnitude>
</event>
<event publicID="quakeml:eu.emsc/event/20030713_0000004">
  <preferredOriginID>quakeml:eu.emsc/event/20030713_0000004/origin/1365749</preferredOriginID>
  <preferredMagnitudeID>quakeml:eu.emsc/event/20030713_0000004/origin/1365749/mag/2</preferredMagnitudeID>
  <creationInfo>
    <agencyURI>smi:smi-registry/organization/EMSC</agencyURI>
    <authorURI>smi:smi-registry/organization/EMSC</authorURI>
    <creationTime>2014-12-03T11:08:56.873285Z</creationTime>
  </creationInfo>
  <description>
    <text>GREECE</text>
    <type>Flinn-Engdahl region</type>
  </description>
  <origin publicID="quakeml:eu.emsc/event/20030713_0000004/origin/1365749">
    <time>
      <value>2003-07-13T01:43:18.2Z</value>
      <uncertainty>0.43</uncertainty>
    </time>
    <latitude>
      <value>38.3629</value>
      <uncertainty>11</uncertainty>
    </latitude>
    <longitude>
      <value>21.8691</value>
      <uncertainty>6.8</uncertainty>
    </longitude>
    <depth>
      <value>2000</value>
    </depth>
    <depthType>from location</depthType>
    <methodID>smi:eu.emsc-csem/origin_method/NA</methodID>
    <quality>
      <usedPhaseCount>12</usedPhaseCount>
      <usedStationCount>10</usedStationCount>
      <standardError>0.96</standardError>
      <azimuthalGap>149</azimuthalGap>
      <minimumDistance>0.44</minimumDistance>
      <maximumDistance>2.45</maximumDistance>
    </quality>
    <evaluationMode>manual</evaluationMode>
    <creationInfo>
      <agencyURI>smi:smi-registry/organization/EMSC</agencyURI>
      <authorURI>smi:smi-registry/organization/EMSC</authorURI>
    </creationInfo>
    <originUncertainty>
      <azimuthMaxHorizontalUncertainty>122</azimuthMaxHorizontalUncertainty>
    </originUncertainty>
  </origin>
  <magnitude publicID="quakeml:eu.emsc/event/20030713_0000004/origin/1365749/mag/2">
    <mag>
      <value>3.3</value>
    </mag>
    <type>MD</type>
    <originID>quakeml:eu.emsc/event/20030713_0000004/origin/1365749</originID>
    <creationInfo>
      <agencyURI>smi:smi-registry/organization/EMSC</agencyURI>
      <authorURI>smi:smi-registry/organization/EMSC</authorURI>
    </creationInfo>
  </magnitude>
</event>
<event publicID="quakeml:eu.emsc/event/20030713_0000003">
  <preferredOriginID>quakeml:eu.emsc/event/20030713_0000003/origin/1368792</preferredOriginID>
  <preferredMagnitudeID>quakeml:eu.emsc/event/20030713_0000003/origin/1368792/mag/1</preferredMagnitudeID>
  <creationInfo>
    <agencyURI>smi:smi-registry/organization/EMSC</agencyURI>
    <authorURI>smi:smi-registry/organization/EMSC</authorURI>
    <creationTime>2014-12-03T11:30:02.180797Z</creationTime>
  </creationInfo>
  <description>
    <text>SOUTHERN IRAN</text>
    <type>Flinn-Engdahl region</type>
  </description>
  <origin publicID="quakeml:eu.emsc/event/20030713_0000003/origin/1368792">
    <time>
      <value>2003-07-13T01:15:56.6Z</value>
      <uncertainty>0.16</uncertainty>
    </time>
    <latitude>
      <value>28.3043</value>
      <uncertainty>10.2</uncertainty>
    </latitude>
    <longitude>
      <value>54.0521</value>
      <uncertainty>5.1</uncertainty>
    </longitude>
    <depth>
      <value>40000</value>
    </depth>
    <depthType>from location</depthType>
    <methodID>smi:eu.emsc-csem/origin_method/NA</methodID>
    <quality>
      <usedPhaseCount>70</usedPhaseCount>
      <usedStationCount>70</usedStationCount>
      <standardError>1.03</standardError>
      <azimuthalGap>95</azimuthalGap>
      <minimumDistance>5.42</minimumDistance>
      <maximumDistance>48.01</maximumDistance>
    </quality>
    <evaluationMode>manual</evaluationMode>
    <creationInfo>
      <agencyURI>smi:smi-registry/organization/EMSC</agencyURI>
      <authorURI>smi:smi-registry/organization/EMSC</authorURI>
    </creationInfo>
    <originUncertainty>
      <azimuthMaxHorizontalUncertainty>55</azimuthMaxHorizontalUncertainty>
    </originUncertainty>
  </origin>
  <magnitude publicID="quakeml:eu.emsc/event/20030713_0000003/origin/1368792/mag/1">
    <mag>
      <value>4.1</value>
      <uncertainty>0.3</uncertainty>
    </mag>
    <type>mb</type>
    <originID>quakeml:eu.emsc/event/20030713_0000003/origin/1368792</originID>
    <stationCount>30</stationCount>
    <creationInfo>
      <agencyURI>smi:smi-registry/organization/EMSC</agencyURI>
      <authorURI>smi:smi-registry/organization/EMSC</authorURI>
    </creationInfo>
  </magnitude>
</event>
<event publicID="quakeml:eu.emsc/event/20030713_0000002">
  <preferredOriginID>quakeml:eu.emsc/event/20030713_0000002/origin/1368795</preferredOriginID>
  <preferredMagnitudeID>quakeml:eu.emsc/event/20030713_0000002/origin/1368795/mag/2</preferredMagnitudeID>
  <creationInfo>
    <agencyURI>smi:smi-registry/organization/EMSC</agencyURI>
    <authorURI>smi:smi-registry/organization/EMSC</authorURI>
    <creationTime>2014-12-03T12:13:49.936545Z</creationTime>
  </creationInfo>
  <description>
    <text>CYPRUS REGION</text>
    <type>Flinn-Engdahl region</type>
  </description>
  <origin publicID="quakeml:eu.emsc/event/20030713_0000002/origin/1368795">
    <time>
      <value>2003-07-13T01:13:54.1Z</value>
      <uncertainty>1.22</uncertainty>
    </time>
    <latitude>
      <value>34.4724</value>
      <uncertainty>24.6</uncertainty>
    </latitude>
    <longitude>
      <value>32.093</value>
      <uncertainty>12.7</uncertainty>
    </longitude>
    <depth>
      <value>20000</value>
    </depth>
    <depthType>from location</depthType>
    <methodID>smi:eu.emsc-csem/origin_method/NA</methodID>
    <quality>
      <usedPhaseCount>14</usedPhaseCount>
      <usedStationCount>11</usedStationCount>
      <standardError>1.08</standardError>
      <azimuthalGap>286</azimuthalGap>
      <minimumDistance>0.46</minimumDistance>
      <maximumDistance>3.19</maximumDistance>
    </quality>
    <evaluationMode>manual</evaluationMode>
    <creationInfo>
      <agencyURI>smi:smi-registry/organization/EMSC</agencyURI>
      <authorURI>smi:smi-registry/organization/EMSC</authorURI>
    </creationInfo>
    <originUncertainty>
      <azimuthMaxHorizontalUncertainty>63</azimuthMaxHorizontalUncertainty>
    </originUncertainty>
  </origin>
  <magnitude publicID="quakeml:eu.emsc/event/20030713_0000002/origin/1368795/mag/2">
    <mag>
      <value>3.4</value>
    </mag>
    <type>ML</type>
    <originID>quakeml:eu.emsc/event/20030713_0000002/origin/1368795</originID>
    <creationInfo>
      <agencyURI>smi:smi-registry/organization/EMSC</agencyURI>
      <authorURI>smi:smi-registry/organization/EMSC</authorURI>
    </creationInfo>
  </magnitude>
</event>
</eventParameters>
</q:quakeml>
