<?xml version="1.0"?>
<q:quakeml xmlns:q="http://quakeml.org/xmlns/quakeml/1.2"  xmlns="http://quakeml.org/xmlns/bed/1.2">
<eventParameters publicID="smi:eu.emsc/unid">
<event publicID="quakeml:eu.emsc/event/20031016_0000014">
  <preferredOriginID>quakeml:eu.emsc/event/20031016_0000014/origin/1354100</preferredOriginID>
  <preferredMagnitudeID>quakeml:eu.emsc/event/20031016_0000014/origin/1354100/mag/2</preferredMagnitudeID>
  <creationInfo>
    <agencyURI>smi:smi-registry/organization/EMSC</agencyURI>
    <authorURI>smi:smi-registry/organization/EMSC</authorURI>
    <creationTime>2014-12-10T18:25:20.619934Z</creationTime>
  </creationInfo>
  <description>
    <text>CENTRAL TURKEY</text>
    <type>Flinn-Engdahl region</type>
  </description>
  <origin publicID="quakeml:eu.emsc/event/20031016_0000014/origin/1354100">
    <time>
      <value>2003-10-16T23:55:30.1Z</value>
    </time>
    <latitude>
      <value>39.786</value>
      <uncertainty>9999.9</uncertainty>
    </latitude>
    <longitude>
      <value>32.468</value>
      <uncertainty>9999.9</uncertainty>
    </longitude>
    <depth>
      <value>8000</value>
    </depth>
    <depthType>from location</depthType>
    <methodID>smi:eu.emsc-csem/origin_method/NA</methodID>
    <quality>
      <usedPhaseCount>9</usedPhaseCount>
      <usedStationCount>8</usedStationCount>
      <standardError>1.02</standardError>
      <azimuthalGap>97</azimuthalGap>
      <minimumDistance>0.25</minimumDistance>
      <maximumDistance>2.2</maximumDistance>
    </quality>
    <evaluationMode>manual</evaluationMode>
    <creationInfo>
      <agencyURI>smi:smi-registry/organization/EMSC</agencyURI>
      <authorURI>smi:smi-registry/organization/EMSC</authorURI>
    </creationInfo>
    <originUncertainty>
      <azimuthMaxHorizontalUncertainty>-99</azimuthMaxHorizontalUncertainty>
    </originUncertainty>
  </origin>
  <magnitude publicID="quakeml:eu.emsc/event/20031016_0000014/origin/1354100/mag/2">
    <mag>
      <value>3</value>
    </mag>
    <type>MD</type>
    <originID>quakeml:eu.emsc/event/20031016_0000014/origin/1354100</originID>
    <creationInfo>
      <agencyURI>smi:smi-registry/organization/EMSC</agencyURI>
      <authorURI>smi:smi-registry/organization/EMSC</authorURI>
    </creationInfo>
  </magnitude>
</event>
<event publicID="quakeml:eu.emsc/event/20031016_0000019">
  <preferredOriginID>quakeml:eu.emsc/event/20031016_0000019/origin/1351425</preferredOriginID>
  <preferredMagnitudeID>quakeml:eu.emsc/event/20031016_0000019/origin/1351425/mag/1</preferredMagnitudeID>
  <creationInfo>
    <agencyURI>smi:smi-registry/organization/EMSC</agencyURI>
    <authorURI>smi:smi-registry/organization/EMSC</authorURI>
    <creationTime>2014-12-03T15:17:08.116503Z</creationTime>
  </creationInfo>
  <description>
    <text>FRANCE</text>
    <type>Flinn-Engdahl region</type>
  </description>
  <origin publicID="quakeml:eu.emsc/event/20031016_0000019/origin/1351425">
    <time>
      <value>2003-10-16T23:45:03.3Z</value>
      <uncertainty>0.07</uncertainty>
    </time>
    <latitude>
      <value>44.4511</value>
      <uncertainty>1.5</uncertainty>
    </latitude>
    <longitude>
      <value>6.7757</value>
      <uncertainty>1.1</uncertainty>
    </longitude>
    <depth>
      <value>12000</value>
    </depth>
    <depthType>from location</depthType>
    <methodID>smi:eu.emsc-csem/origin_method/NA</methodID>
    <quality>
      <usedPhaseCount>50</usedPhaseCount>
      <usedStationCount>26</usedStationCount>
      <standardError>0.51</standardError>
      <azimuthalGap>51</azimuthalGap>
      <minimumDistance>0.24</minimumDistance>
      <maximumDistance>1.55</maximumDistance>
    </quality>
    <evaluationMode>manual</evaluationMode>
    <creationInfo>
      <agencyURI>smi:smi-registry/organization/EMSC</agencyURI>
      <authorURI>smi:smi-registry/organization/EMSC</authorURI>
    </creationInfo>
    <originUncertainty>
      <azimuthMaxHorizontalUncertainty>63</azimuthMaxHorizontalUncertainty>
    </originUncertainty>
  </origin>
  <magnitude publicID="quakeml:eu.emsc/event/20031016_0000019/origin/1351425/mag/1">
    <mag>
      <value>1.9</value>
      <uncertainty>0.5</uncertainty>
    </mag>
    <type>ML</type>
    <originID>quakeml:eu.emsc/event/20031016_0000019/origin/1351425</originID>
    <stationCount>9</stationCount>
    <creationInfo>
      <agencyURI>smi:smi-registry/organization/EMSC</agencyURI>
      <authorURI>smi:smi-registry/organization/EMSC</authorURI>
    </creationInfo>
  </magnitude>
</event>
<event publicID="quakeml:eu.emsc/event/20031016_0000013">
  <preferredOriginID>quakeml:eu.emsc/event/20031016_0000013/origin/1351893</preferredOriginID>
  <preferredMagnitudeID>quakeml:eu.emsc/event/20031016_0000013/origin/1351893/mag/2</preferredMagnitudeID>
  <creationInfo>
    <agencyURI>smi:smi-registry/organization/EMSC</agencyURI>
    <authorURI>smi:smi-registry/organization/EMSC</authorURI>
    <creationTime>2014-12-03T10:50:56.87127Z</creationTime>
  </creationInfo>
  <description>
    <text>SOUTHERN GREECE</text>
    <type>Flinn-Engdahl region</type>
  </description>
  <origin publicID="quakeml:eu.emsc/event/20031016_0000013/origin/1351893">
    <time>
      <value>2003-10-16T22:44:42.3Z</value>
      <uncertainty>0.12</uncertainty>
    </time>
    <latitude>
      <value>36.3919</value>
      <uncertainty>4.3</uncertainty>
    </latitude>
    <longitude>
      <value>23.0948</value>
      <uncertainty>2.7</uncertainty>
    </longitude>
    <depth>
      <value>33000</value>
    </depth>
    <depthType>from location</depthType>
    <methodID>smi:eu.emsc-csem/origin_method/NA</methodID>
    <quality>
      <usedPhaseCount>193</usedPhaseCount>
      <usedStationCount>185</usedStationCount>
      <standardError>1.01</standardError>
      <azimuthalGap>106</azimuthalGap>
      <minimumDistance>1.22</minimumDistance>
      <maximumDistance>97.45</maximumDistance>
    </quality>
    <evaluationMode>manual</evaluationMode>
    <creationInfo>
      <agencyURI>smi:smi-registry/organization/EMSC</agencyURI>
      <authorURI>smi:smi-registry/organization/EMSC</authorURI>
    </creationInfo>
    <originUncertainty>
      <azimuthMaxHorizontalUncertainty>19</azimuthMaxHorizontalUncertainty>
    </originUncertainty>
  </origin>
  <magnitude publicID="quakeml:eu.emsc/event/20031016_0000013/origin/1351893/mag/2">
    <mag>
      <value>4.5</value>
      <uncertainty>0.4</uncertainty>
    </mag>
    <type>mb</type>
    <originID>quakeml:eu.emsc/event/20031016_0000013/origin/1351893</originID>
    <stationCount>37</stationCount>
    <creationInfo>
      <agencyURI>smi:smi-registry/organization/EMSC</agencyURI>
      <authorURI>smi:smi-registry/organization/EMSC</authorURI>
    </creationInfo>
  </magnitude>
</event>
<event publicID="quakeml:eu.emsc/event/20031016_0000021">
  <preferredOriginID>quakeml:eu.emsc/event/20031016_0000021/origin/1354102</preferredOriginID>
  <preferredMagnitudeID>quakeml:eu.emsc/event/20031016_0000021/origin/1354102/mag/2</preferredMagnitudeID>
  <creationInfo>
    <agencyURI>smi:smi-registry/organization/EMSC</agencyURI>
    <authorURI>smi:smi-registry/organization/EMSC</authorURI>
    <creationTime>2014-12-10T18:54:36.419512Z</creationTime>
  </creationInfo>
  <description>
    <text>NORTHERN ITALY</text>
    <type>Flinn-Engdahl region</type>
  </description>
  <origin publicID="quakeml:eu.emsc/event/20031016_0000021/origin/1354102">
    <time>
      <value>2003-10-16T22:33:06.7Z</value>
    </time>
    <latitude>
      <value>44.6133</value>
      <uncertainty>9999.9</uncertainty>
    </latitude>
    <longitude>
      <value>7.0259</value>
      <uncertainty>9999.9</uncertainty>
    </longitude>
    <depth>
      <value>2000</value>
    </depth>
    <depthType>from location</depthType>
    <methodID>smi:eu.emsc-csem/origin_method/NA</methodID>
    <quality>
      <usedPhaseCount>16</usedPhaseCount>
      <usedStationCount>8</usedStationCount>
      <standardError>0.7</standardError>
      <azimuthalGap>170</azimuthalGap>
      <minimumDistance>0.21</minimumDistance>
      <maximumDistance>1.33</maximumDistance>
    </quality>
    <evaluationMode>manual</evaluationMode>
    <creationInfo>
      <agencyURI>smi:smi-registry/organization/EMSC</agencyURI>
      <authorURI>smi:smi-registry/organization/EMSC</authorURI>
    </creationInfo>
    <originUncertainty>
      <azimuthMaxHorizontalUncertainty>-99</azimuthMaxHorizontalUncertainty>
    </originUncertainty>
  </origin>
  <magnitude publicID="quakeml:eu.emsc/event/20031016_0000021/origin/1354102/mag/2">
    <mag>
      <value>1.8</value>
      <uncertainty>0.1</uncertainty>
    </mag>
    <type>ML</type>
    <originID>quakeml:eu.emsc/event/20031016_0000021/origin/1354102</originID>
    <stationCount>6</stationCount>
    <creationInfo>
      <agencyURI>smi:smi-registry/organization/EMSC</agencyURI>
      <authorURI>smi:smi-registry/organization/EMSC</authorURI>
    </creationInfo>
  </magnitude>
</event>
<event publicID="quakeml:eu.emsc/event/20031016_0000025">
  <preferredOriginID>quakeml:eu.emsc/event/20031016_0000025/origin/1351428</preferredOriginID>
  <preferredMagnitudeID>quakeml:eu.emsc/event/20031016_0000025/origin/1351428/mag/1</preferredMagnitudeID>
  <creationInfo>
    <agencyURI>smi:smi-registry/organization/EMSC</agencyURI>
    <authorURI>smi:smi-registry/organization/EMSC</authorURI>
    <creationTime>2014-12-03T16:11:54.132473Z</creationTime>
  </creationInfo>
  <description>
    <text>FRANCE</text>
    <type>Flinn-Engdahl region</type>
  </description>
  <origin publicID="quakeml:eu.emsc/event/20031016_0000025/origin/1351428">
    <time>
      <value>2003-10-16T22:00:17.1Z</value>
      <uncertainty>0.2</uncertainty>
    </time>
    <latitude>
      <value>45.9507</value>
      <uncertainty>5</uncertainty>
    </latitude>
    <longitude>
      <value>2.8112</value>
      <uncertainty>3.2</uncertainty>
    </longitude>
    <depth>
      <value>4000</value>
    </depth>
    <depthType>from location</depthType>
    <methodID>smi:eu.emsc-csem/origin_method/NA</methodID>
    <quality>
      <usedPhaseCount>24</usedPhaseCount>
      <usedStationCount>12</usedStationCount>
      <standardError>0.81</standardError>
      <azimuthalGap>80</azimuthalGap>
      <minimumDistance>0.24</minimumDistance>
      <maximumDistance>1.77</maximumDistance>
    </quality>
    <evaluationMode>manual</evaluationMode>
    <creationInfo>
      <agencyURI>smi:smi-registry/organization/EMSC</agencyURI>
      <authorURI>smi:smi-registry/organization/EMSC</authorURI>
    </creationInfo>
    <originUncertainty>
      <azimuthMaxHorizontalUncertainty>109</azimuthMaxHorizontalUncertainty>
    </originUncertainty>
  </origin>
  <magnitude publicID="quakeml:eu.emsc/event/20031016_0000025/origin/1351428/mag/1">
    <mag>
      <value>1.6</value>
      <uncertainty>0.4</uncertainty>
    </mag>
    <type>ML</type>
    <originID>quakeml:eu.emsc/event/20031016_0000025/origin/1351428</originID>
    <stationCount>8</stationCount>
    <creationInfo>
      <agencyURI>smi:smi-registry/organization/EMSC</agencyURI>
      <authorURI>smi:smi-registry/organization/EMSC</authorURI>
    </creationInfo>
  </magnitude>
</event>
<event publicID="quakeml:eu.emsc/event/20031016_0000031">
  <preferredOriginID>quakeml:eu.emsc/event/20031016_0000031/origin/1354104</preferredOriginID>
  <preferredMagnitudeID>quakeml:eu.emsc/event/20031016_0000031/origin/1354104/mag/2</preferredMagnitudeID>
  <creationInfo>
    <agencyURI>smi:smi-registry/organization/EMSC</agencyURI>
    <authorURI>smi:smi-registry/organization/EMSC</authorURI>
    <creationTime>2014-12-10T18:54:35.915694Z</creationTime>
  </creationInfo>
  <description>
    <text>NORTHERN ITALY</text>
    <type>Flinn-Engdahl region</type>
  </description>
  <origin publicID="quakeml:eu.emsc/event/20031016_0000031/origin/1354104">
    <time>
      <value>2003-10-16T20:05:03.5Z</value>
    </time>
    <latitude>
      <value>44.6122</value>
      <uncertainty>9999.9</uncertainty>
    </latitude>
    <longitude>
      <value>7.0169</value>
      <uncertainty>9999.9</uncertainty>
    </longitude>
    <depth>
      <value>2000</value>
    </depth>
    <depthType>from location</depthType>
    <methodID>smi:eu.emsc-csem/origin_method/NA</methodID>
    <quality>
      <usedPhaseCount>13</usedPhaseCount>
      <usedStationCount>7</usedStationCount>
      <standardError>0.53</standardError>
      <azimuthalGap>169</azimuthalGap>
      <minimumDistance>0.21</minimumDistance>
      <maximumDistance>1.22</maximumDistance>
    </quality>
    <evaluationMode>manual</evaluationMode>
    <creationInfo>
      <agencyURI>smi:smi-registry/organization/EMSC</agencyURI>
      <authorURI>smi:smi-registry/organization/EMSC</authorURI>
    </creationInfo>
    <originUncertainty>
      <azimuthMaxHorizontalUncertainty>-99</azimuthMaxHorizontalUncertainty>
    </originUncertainty>
  </origin>
  <magnitude publicID="quakeml:eu.emsc/event/20031016_0000031/origin/1354104/mag/2">
    <mag>
      <value>1.5</value>
      <uncertainty>0.2</uncertainty>
    </mag>
    <type>ML</type>
    <originID>quakeml:eu.emsc/event/20031016_0000031/origin/1354104</originID>
    <stationCount>5</stationCount>
    <creationInfo>
      <agencyURI>smi:smi-registry/organization/EMSC</agencyURI>
      <authorURI>smi:smi-registry/organization/EMSC</authorURI>
    </creationInfo>
  </magnitude>
</event>
<event publicID="quakeml:eu.emsc/event/20031016_0000033">
  <preferredOriginID>quakeml:eu.emsc/event/20031016_0000033/origin/1351431</preferredOriginID>
  <preferredMagnitudeID>quakeml:eu.emsc/event/20031016_0000033/origin/1351431/mag/1</preferredMagnitudeID>
  <creationInfo>
    <agencyURI>smi:smi-registry/organization/EMSC</agencyURI>
    <authorURI>smi:smi-registry/organization/EMSC</authorURI>
    <creationTime>2014-12-03T16:40:39.948756Z</creationTime>
  </creationInfo>
  <description>
    <text>FRANCE</text>
    <type>Flinn-Engdahl region</type>
  </description>
  <origin publicID="quakeml:eu.emsc/event/20031016_0000033/origin/1351431">
    <time>
      <value>2003-10-16T19:42:35.5Z</value>
      <uncertainty>0.1</uncertainty>
    </time>
    <latitude>
      <value>44.4643</value>
      <uncertainty>2.1</uncertainty>
    </latitude>
    <longitude>
      <value>6.7686</value>
      <uncertainty>1.6</uncertainty>
    </longitude>
    <depth>
      <value>10000</value>
    </depth>
    <depthType>from location</depthType>
    <methodID>smi:eu.emsc-csem/origin_method/NA</methodID>
    <quality>
      <usedPhaseCount>34</usedPhaseCount>
      <usedStationCount>22</usedStationCount>
      <standardError>0.58</standardError>
      <azimuthalGap>52</azimuthalGap>
      <minimumDistance>0.24</minimumDistance>
      <maximumDistance>1.55</maximumDistance>
    </quality>
    <evaluationMode>manual</evaluationMode>
    <creationInfo>
      <agencyURI>smi:smi-registry/organization/EMSC</agencyURI>
      <authorURI>smi:smi-registry/organization/EMSC</authorURI>
    </creationInfo>
    <originUncertainty>
      <azimuthMaxHorizontalUncertainty>64</azimuthMaxHorizontalUncertainty>
    </originUncertainty>
  </origin>
  <magnitude publicID="quakeml:eu.emsc/event/20031016_0000033/origin/1351431/mag/1">
    <mag>
      <value>1.8</value>
      <uncertainty>0.4</uncertainty>
    </mag>
    <type>ML</type>
    <originID>quakeml:eu.emsc/event/20031016_0000033/origin/1351431</originID>
    <stationCount>8</stationCount>
    <creationInfo>
      <agencyURI>smi:smi-registry/organization/EMSC</agencyURI>
      <authorURI>smi:smi-registry/organization/EMSC</authorURI>
    </creationInfo>
  </magnitude>
</event>
<event publicID="quakeml:eu.emsc/event/20031016_0000026">
  <preferredOriginID>quakeml:eu.emsc/event/20031016_0000026/origin/1354106</preferredOriginID>
  <preferredMagnitudeID>quakeml:eu.emsc/event/20031016_0000026/origin/1354106/mag/2</preferredMagnitudeID>
  <creationInfo>
    <agencyURI>smi:smi-registry/organization/EMSC</agencyURI>
    <authorURI>smi:smi-registry/organization/EMSC</authorURI>
    <creationTime>2014-12-10T18:54:35.402421Z</creationTime>
  </creationInfo>
  <description>
    <text>NORTHERN ITALY</text>
    <type>Flinn-Engdahl region</type>
  </description>
  <origin publicID="quakeml:eu.emsc/event/20031016_0000026/origin/1354106">
    <time>
      <value>2003-10-16T18:49:01.4Z</value>
    </time>
    <latitude>
      <value>44.6092</value>
      <uncertainty>9999.9</uncertainty>
    </latitude>
    <longitude>
      <value>7.0361</value>
      <uncertainty>9999.9</uncertainty>
    </longitude>
    <depth>
      <value>2000</value>
    </depth>
    <depthType>from location</depthType>
    <methodID>smi:eu.emsc-csem/origin_method/NA</methodID>
    <quality>
      <usedPhaseCount>19</usedPhaseCount>
      <usedStationCount>9</usedStationCount>
      <standardError>0.74</standardError>
      <azimuthalGap>171</azimuthalGap>
      <minimumDistance>0.22</minimumDistance>
      <maximumDistance>1.7</maximumDistance>
    </quality>
    <evaluationMode>manual</evaluationMode>
    <creationInfo>
      <agencyURI>smi:smi-registry/organization/EMSC</agencyURI>
      <authorURI>smi:smi-registry/organization/EMSC</authorURI>
    </creationInfo>
    <originUncertainty>
      <azimuthMaxHorizontalUncertainty>-99</azimuthMaxHorizontalUncertainty>
    </originUncertainty>
  </origin>
  <magnitude publicID="quakeml:eu.emsc/event/20031016_0000026/origin/1354106/mag/2">
    <mag>
      <value>1.6</value>
      <uncertainty>0.1</uncertainty>
    </mag>
    <type>ML</type>
    <originID>quakeml:eu.emsc/event/20031016_0000026/origin/1354106</originID>
    <stationCount>6</stationCount>
    <creationInfo>
      <agencyURI>smi:smi-registry/organization/EMSC</agencyURI>
      <authorURI>smi:smi-registry/organization/EMSC</authorURI>
    </creationInfo>
  </magnitude>
</event>
<event publicID="quakeml:eu.emsc/event/20031016_0000018">
  <preferredOriginID>quakeml:eu.emsc/event/20031016_0000018/origin/1351435</preferredOriginID>
  <preferredMagnitudeID>quakeml:eu.emsc/event/20031016_0000018/origin/1351435/mag/1</preferredMagnitudeID>
  <creationInfo>
    <agencyURI>smi:smi-registry/organization/EMSC</agencyURI>
    <authorURI>smi:smi-registry/organization/EMSC</authorURI>
    <creationTime>2014-12-03T15:14:49.797008Z</creationTime>
  </creationInfo>
  <description>
    <text>NORTHERN ITALY</text>
    <type>Flinn-Engdahl region</type>
  </description>
  <origin publicID="quakeml:eu.emsc/event/20031016_0000018/origin/1351435">
    <time>
      <value>2003-10-16T16:55:37.2Z</value>
      <uncertainty>0.05</uncertainty>
    </time>
    <latitude>
      <value>44.601</value>
      <uncertainty>1.3</uncertainty>
    </latitude>
    <longitude>
      <value>7.0046</value>
      <uncertainty>0.8</uncertainty>
    </longitude>
    <depth>
      <value>10000</value>
    </depth>
    <depthType>from location</depthType>
    <methodID>smi:eu.emsc-csem/origin_method/NA</methodID>
    <quality>
      <usedPhaseCount>44</usedPhaseCount>
      <usedStationCount>25</usedStationCount>
      <standardError>0.37</standardError>
      <azimuthalGap>49</azimuthalGap>
      <minimumDistance>0.12</minimumDistance>
      <maximumDistance>1.68</maximumDistance>
    </quality>
    <evaluationMode>manual</evaluationMode>
    <creationInfo>
      <agencyURI>smi:smi-registry/organization/EMSC</agencyURI>
      <authorURI>smi:smi-registry/organization/EMSC</authorURI>
    </creationInfo>
    <originUncertainty>
      <azimuthMaxHorizontalUncertainty>58</azimuthMaxHorizontalUncertainty>
    </originUncertainty>
  </origin>
  <magnitude publicID="quakeml:eu.emsc/event/20031016_0000018/origin/1351435/mag/1">
    <mag>
      <value>1.9</value>
      <uncertainty>0.2</uncertainty>
    </mag>
    <type>ML</type>
    <originID>quakeml:eu.emsc/event/20031016_0000018/origin/1351435</originID>
    <stationCount>9</stationCount>
    <creationInfo>
      <agencyURI>smi:smi-registry/organization/EMSC</agencyURI>
      <authorURI>smi:smi-registry/organization/EMSC</authorURI>
    </creationInfo>
  </magnitude>
</event>
<event publicID="quakeml:eu.emsc/event/20031016_0000027">
  <preferredOriginID>quakeml:eu.emsc/event/20031016_0000027/origin/1351438</preferredOriginID>
  <preferredMagnitudeID>quakeml:eu.emsc/event/20031016_0000027/origin/1351438/mag/1</preferredMagnitudeID>
  <creationInfo>
    <agencyURI>smi:smi-registry/organization/EMSC</agencyURI>
    <authorURI>smi:smi-registry/organization/EMSC</authorURI>
    <creationTime>2014-12-03T16:23:07.973522Z</creationTime>
  </creationInfo>
  <description>
    <text>NORTHERN ITALY</text>
    <type>Flinn-Engdahl region</type>
  </description>
  <origin publicID="quakeml:eu.emsc/event/20031016_0000027/origin/1351438">
    <time>
      <value>2003-10-16T16:25:26.0Z</value>
      <uncertainty>0.07</uncertainty>
    </time>
    <latitude>
      <value>44.6114</value>
      <uncertainty>2</uncertainty>
    </latitude>
    <longitude>
      <value>7.0162</value>
      <uncertainty>1.1</uncertainty>
    </longitude>
    <depth>
      <value>10000</value>
    </depth>
    <depthType>from location</depthType>
    <methodID>smi:eu.emsc-csem/origin_method/NA</methodID>
    <quality>
      <usedPhaseCount>24</usedPhaseCount>
      <usedStationCount>12</usedStationCount>
      <standardError>0.34</standardError>
      <azimuthalGap>96</azimuthalGap>
      <minimumDistance>0.12</minimumDistance>
      <maximumDistance>1.08</maximumDistance>
    </quality>
    <evaluationMode>manual</evaluationMode>
    <creationInfo>
      <agencyURI>smi:smi-registry/organization/EMSC</agencyURI>
      <authorURI>smi:smi-registry/organization/EMSC</authorURI>
    </creationInfo>
    <originUncertainty>
      <azimuthMaxHorizontalUncertainty>57</azimuthMaxHorizontalUncertainty>
    </originUncertainty>
  </origin>
  <magnitude publicID="quakeml:eu.emsc/event/20031016_0000027/origin/1351438/mag/1">
    <mag>
      <value>1.6</value>
      <uncertainty>0.2</uncertainty>
    </mag>
    <type>ML</type>
    <originID>quakeml:eu.emsc/event/20031016_0000027/origin/1351438</originID>
    <stationCount>6</stationCount>
    <creationInfo>
      <agencyURI>smi:smi-registry/organization/EMSC</agencyURI>
      <authorURI>smi:smi-registry/organization/EMSC</authorURI>
    </creationInfo>
  </magnitude>
</event>
<event publicID="quakeml:eu.emsc/event/20031016_0000016">
  <preferredOriginID>quakeml:eu.emsc/event/20031016_0000016/origin/1351169</preferredOriginID>
  <preferredMagnitudeID>quakeml:eu.emsc/event/20031016_0000016/origin/1351169/mag/1</preferredMagnitudeID>
  <creationInfo>
    <agencyURI>smi:smi-registry/organization/EMSC</agencyURI>
    <authorURI>smi:smi-registry/organization/EMSC</authorURI>
    <creationTime>2014-12-03T15:08:09.848922Z</creationTime>
  </creationInfo>
  <description>
    <text>NORTHERN ITALY</text>
    <type>Flinn-Engdahl region</type>
  </description>
  <origin publicID="quakeml:eu.emsc/event/20031016_0000016/origin/1351169">
    <time>
      <value>2003-10-16T16:24:18.1Z</value>
      <uncertainty>0.06</uncertainty>
    </time>
    <latitude>
      <value>44.6161</value>
      <uncertainty>1.7</uncertainty>
    </latitude>
    <longitude>
      <value>7.0213</value>
      <uncertainty>1</uncertainty>
    </longitude>
    <depth>
      <value>8000</value>
    </depth>
    <depthType>from location</depthType>
    <methodID>smi:eu.emsc-csem/origin_method/NA</methodID>
    <quality>
      <usedPhaseCount>20</usedPhaseCount>
      <usedStationCount>10</usedStationCount>
      <standardError>0.28</standardError>
      <azimuthalGap>92</azimuthalGap>
      <minimumDistance>0.12</minimumDistance>
      <maximumDistance>1.22</maximumDistance>
    </quality>
    <evaluationMode>manual</evaluationMode>
    <creationInfo>
      <agencyURI>smi:smi-registry/organization/EMSC</agencyURI>
      <authorURI>smi:smi-registry/organization/EMSC</authorURI>
    </creationInfo>
    <originUncertainty>
      <azimuthMaxHorizontalUncertainty>53</azimuthMaxHorizontalUncertainty>
    </originUncertainty>
  </origin>
  <magnitude publicID="quakeml:eu.emsc/event/20031016_0000016/origin/1351169/mag/1">
    <mag>
      <value>2.4</value>
      <uncertainty>0.2</uncertainty>
    </mag>
    <type>ML</type>
    <originID>quakeml:eu.emsc/event/20031016_0000016/origin/1351169</originID>
    <stationCount>5</stationCount>
    <creationInfo>
      <agencyURI>smi:smi-registry/organization/EMSC</agencyURI>
      <authorURI>smi:smi-registry/organization/EMSC</authorURI>
    </creationInfo>
  </magnitude>
</event>
<event publicID="quakeml:eu.emsc/event/20031016_0000012">
  <preferredOriginID>quakeml:eu.emsc/event/20031016_0000012/origin/1352331</preferredOriginID>
  <preferredMagnitudeID>quakeml:eu.emsc/event/20031016_0000012/origin/1352331/mag/1</preferredMagnitudeID>
  <creationInfo>
    <agencyURI>smi:smi-registry/organization/EMSC</agencyURI>
    <authorURI>smi:smi-registry/organization/EMSC</authorURI>
    <creationTime>2014-12-03T11:02:13.5683Z</creationTime>
  </creationInfo>
  <description>
    <text>NORTHERN ITALY</text>
    <type>Flinn-Engdahl region</type>
  </description>
  <origin publicID="quakeml:eu.emsc/event/20031016_0000012/origin/1352331">
    <time>
      <value>2003-10-16T16:23:25.9Z</value>
      <uncertainty>0.1</uncertainty>
    </time>
    <latitude>
      <value>44.5963</value>
      <uncertainty>2.8</uncertainty>
    </latitude>
    <longitude>
      <value>7.0326</value>
      <uncertainty>2.1</uncertainty>
    </longitude>
    <depth>
      <value>5000</value>
    </depth>
    <depthType>from location</depthType>
    <methodID>smi:eu.emsc-csem/origin_method/NA</methodID>
    <quality>
      <usedPhaseCount>114</usedPhaseCount>
      <usedStationCount>83</usedStationCount>
      <standardError>1.17</standardError>
      <azimuthalGap>44</azimuthalGap>
      <minimumDistance>0.1</minimumDistance>
      <maximumDistance>6.64</maximumDistance>
    </quality>
    <evaluationMode>manual</evaluationMode>
    <creationInfo>
      <agencyURI>smi:smi-registry/organization/EMSC</agencyURI>
      <authorURI>smi:smi-registry/organization/EMSC</authorURI>
    </creationInfo>
    <originUncertainty>
      <azimuthMaxHorizontalUncertainty>66</azimuthMaxHorizontalUncertainty>
    </originUncertainty>
  </origin>
  <magnitude publicID="quakeml:eu.emsc/event/20031016_0000012/origin/1352331/mag/1">
    <mag>
      <value>3.4</value>
      <uncertainty>0.4</uncertainty>
    </mag>
    <type>ML</type>
    <originID>quakeml:eu.emsc/event/20031016_0000012/origin/1352331</originID>
    <stationCount>18</stationCount>
    <creationInfo>
      <agencyURI>smi:smi-registry/organization/EMSC</agencyURI>
      <authorURI>smi:smi-registry/organization/EMSC</authorURI>
    </creationInfo>
  </magnitude>
</event>
<event publicID="quakeml:eu.emsc/event/20031016_0000011">
  <preferredOriginID>quakeml:eu.emsc/event/20031016_0000011/origin/1351900</preferredOriginID>
  <preferredMagnitudeID>quakeml:eu.emsc/event/20031016_0000011/origin/1351900/mag/1</preferredMagnitudeID>
  <creationInfo>
    <agencyURI>smi:smi-registry/organization/EMSC</agencyURI>
    <authorURI>smi:smi-registry/organization/EMSC</authorURI>
    <creationTime>2014-12-03T11:41:23.859773Z</creationTime>
  </creationInfo>
  <description>
    <text>FRANCE</text>
    <type>Flinn-Engdahl region</type>
  </description>
  <origin publicID="quakeml:eu.emsc/event/20031016_0000011/origin/1351900">
    <time>
      <value>2003-10-16T16:12:41.2Z</value>
      <uncertainty>0.12</uncertainty>
    </time>
    <latitude>
      <value>44.4452</value>
      <uncertainty>2.8</uncertainty>
    </latitude>
    <longitude>
      <value>6.7375</value>
      <uncertainty>2.4</uncertainty>
    </longitude>
    <depth>
      <value>2000</value>
    </depth>
    <depthType>from location</depthType>
    <methodID>smi:eu.emsc-csem/origin_method/NA</methodID>
    <quality>
      <usedPhaseCount>123</usedPhaseCount>
      <usedStationCount>89</usedStationCount>
      <standardError>1.34</standardError>
      <azimuthalGap>28</azimuthalGap>
      <minimumDistance>0.27</minimumDistance>
      <maximumDistance>5.92</maximumDistance>
    </quality>
    <evaluationMode>manual</evaluationMode>
    <creationInfo>
      <agencyURI>smi:smi-registry/organization/EMSC</agencyURI>
      <authorURI>smi:smi-registry/organization/EMSC</authorURI>
    </creationInfo>
    <originUncertainty>
      <azimuthMaxHorizontalUncertainty>57</azimuthMaxHorizontalUncertainty>
    </originUncertainty>
  </origin>
  <magnitude publicID="quakeml:eu.emsc/event/20031016_0000011/origin/1351900/mag/1">
    <mag>
      <value>3.3</value>
      <uncertainty>0.3</uncertainty>
    </mag>
    <type>ML</type>
    <originID>quakeml:eu.emsc/event/20031016_0000011/origin/1351900</originID>
    <stationCount>16</stationCount>
    <creationInfo>
      <agencyURI>smi:smi-registry/organization/EMSC</agencyURI>
      <authorURI>smi:smi-registry/organization/EMSC</authorURI>
    </creationInfo>
  </magnitude>
</event>
<event publicID="quakeml:eu.emsc/event/20031016_0000022">
  <preferredOriginID>quakeml:eu.emsc/event/20031016_0000022/origin/1351173</preferredOriginID>
  <preferredMagnitudeID>quakeml:eu.emsc/event/20031016_0000022/origin/1351173/mag/1</preferredMagnitudeID>
  <creationInfo>
    <agencyURI>smi:smi-registry/organization/EMSC</agencyURI>
    <authorURI>smi:smi-registry/organization/EMSC</authorURI>
    <creationTime>2014-12-03T15:53:02.503518Z</creationTime>
  </creationInfo>
  <description>
    <text>NORTHERN ITALY</text>
    <type>Flinn-Engdahl region</type>
  </description>
  <origin publicID="quakeml:eu.emsc/event/20031016_0000022/origin/1351173">
    <time>
      <value>2003-10-16T15:46:41.8Z</value>
      <uncertainty>0.09</uncertainty>
    </time>
    <latitude>
      <value>44.6143</value>
      <uncertainty>2.3</uncertainty>
    </latitude>
    <longitude>
      <value>7.0315</value>
      <uncertainty>1.4</uncertainty>
    </longitude>
    <depth>
      <value>10000</value>
    </depth>
    <depthType>from location</depthType>
    <methodID>smi:eu.emsc-csem/origin_method/NA</methodID>
    <quality>
      <usedPhaseCount>65</usedPhaseCount>
      <usedStationCount>39</usedStationCount>
      <standardError>0.77</standardError>
      <azimuthalGap>51</azimuthalGap>
      <minimumDistance>0.12</minimumDistance>
      <maximumDistance>3.7</maximumDistance>
    </quality>
    <evaluationMode>manual</evaluationMode>
    <creationInfo>
      <agencyURI>smi:smi-registry/organization/EMSC</agencyURI>
      <authorURI>smi:smi-registry/organization/EMSC</authorURI>
    </creationInfo>
    <originUncertainty>
      <azimuthMaxHorizontalUncertainty>57</azimuthMaxHorizontalUncertainty>
    </originUncertainty>
  </origin>
  <magnitude publicID="quakeml:eu.emsc/event/20031016_0000022/origin/1351173/mag/1">
    <mag>
      <value>2.7</value>
      <uncertainty>0.4</uncertainty>
    </mag>
    <type>ML</type>
    <originID>quakeml:eu.emsc/event/20031016_0000022/origin/1351173</originID>
    <stationCount>14</stationCount>
    <creationInfo>
      <agencyURI>smi:smi-registry/organization/EMSC</agencyURI>
      <authorURI>smi:smi-registry/organization/EMSC</authorURI>
    </creationInfo>
  </magnitude>
</event>
<event publicID="quakeml:eu.emsc/event/20031016_0000017">
  <preferredOriginID>quakeml:eu.emsc/event/20031016_0000017/origin/1354108</preferredOriginID>
  <preferredMagnitudeID>quakeml:eu.emsc/event/20031016_0000017/origin/1354108/mag/2</preferredMagnitudeID>
  <creationInfo>
    <agencyURI>smi:smi-registry/organization/EMSC</agencyURI>
    <authorURI>smi:smi-registry/organization/EMSC</authorURI>
    <creationTime>2014-12-10T18:54:34.892747Z</creationTime>
  </creationInfo>
  <description>
    <text>NORTHERN ITALY</text>
    <type>Flinn-Engdahl region</type>
  </description>
  <origin publicID="quakeml:eu.emsc/event/20031016_0000017/origin/1354108">
    <time>
      <value>2003-10-16T15:45:52.0Z</value>
    </time>
    <latitude>
      <value>44.601</value>
      <uncertainty>9999.9</uncertainty>
    </latitude>
    <longitude>
      <value>7.0518</value>
      <uncertainty>9999.9</uncertainty>
    </longitude>
    <depth>
      <value>11600.0</value>
    </depth>
    <depthType>from location</depthType>
    <methodID>smi:eu.emsc-csem/origin_method/NA</methodID>
    <quality>
      <usedPhaseCount>7</usedPhaseCount>
      <usedStationCount>5</usedStationCount>
      <standardError>9.34</standardError>
      <azimuthalGap>238</azimuthalGap>
      <minimumDistance>0.1</minimumDistance>
      <maximumDistance>0.46</maximumDistance>
    </quality>
    <evaluationMode>manual</evaluationMode>
    <creationInfo>
      <agencyURI>smi:smi-registry/organization/EMSC</agencyURI>
      <authorURI>smi:smi-registry/organization/EMSC</authorURI>
    </creationInfo>
    <originUncertainty>
      <azimuthMaxHorizontalUncertainty>-99</azimuthMaxHorizontalUncertainty>
    </originUncertainty>
  </origin>
  <magnitude publicID="quakeml:eu.emsc/event/20031016_0000017/origin/1354108/mag/2">
    <mag>
      <value>1.4</value>
    </mag>
    <type>ML</type>
    <originID>quakeml:eu.emsc/event/20031016_0000017/origin/1354108</originID>
    <creationInfo>
      <agencyURI>smi:smi-registry/organization/EMSC</agencyURI>
      <authorURI>smi:smi-registry/organization/EMSC</authorURI>
    </creationInfo>
  </magnitude>
</event>
<event publicID="quakeml:eu.emsc/event/20031016_0000032">
  <preferredOriginID>quakeml:eu.emsc/event/20031016_0000032/origin/1351177</preferredOriginID>
  <preferredMagnitudeID>quakeml:eu.emsc/event/20031016_0000032/origin/1351177/mag/1</preferredMagnitudeID>
  <creationInfo>
    <agencyURI>smi:smi-registry/organization/EMSC</agencyURI>
    <authorURI>smi:smi-registry/organization/EMSC</authorURI>
    <creationTime>2014-12-03T16:38:43.563017Z</creationTime>
  </creationInfo>
  <description>
    <text>NORTHERN ITALY</text>
    <type>Flinn-Engdahl region</type>
  </description>
  <origin publicID="quakeml:eu.emsc/event/20031016_0000032/origin/1351177">
    <time>
      <value>2003-10-16T15:44:34.8Z</value>
      <uncertainty>0.06</uncertainty>
    </time>
    <latitude>
      <value>44.6031</value>
      <uncertainty>1.5</uncertainty>
    </latitude>
    <longitude>
      <value>7.0186</value>
      <uncertainty>1</uncertainty>
    </longitude>
    <depth>
      <value>10000</value>
    </depth>
    <depthType>from location</depthType>
    <methodID>smi:eu.emsc-csem/origin_method/NA</methodID>
    <quality>
      <usedPhaseCount>40</usedPhaseCount>
      <usedStationCount>23</usedStationCount>
      <standardError>0.39</standardError>
      <azimuthalGap>51</azimuthalGap>
      <minimumDistance>0.11</minimumDistance>
      <maximumDistance>1.69</maximumDistance>
    </quality>
    <evaluationMode>manual</evaluationMode>
    <creationInfo>
      <agencyURI>smi:smi-registry/organization/EMSC</agencyURI>
      <authorURI>smi:smi-registry/organization/EMSC</authorURI>
    </creationInfo>
    <originUncertainty>
      <azimuthMaxHorizontalUncertainty>63</azimuthMaxHorizontalUncertainty>
    </originUncertainty>
  </origin>
  <magnitude publicID="quakeml:eu.emsc/event/20031016_0000032/origin/1351177/mag/1">
    <mag>
      <value>2</value>
      <uncertainty>0.3</uncertainty>
    </mag>
    <type>ML</type>
    <originID>quakeml:eu.emsc/event/20031016_0000032/origin/1351177</originID>
    <stationCount>7</stationCount>
    <creationInfo>
      <agencyURI>smi:smi-registry/organization/EMSC</agencyURI>
      <authorURI>smi:smi-registry/organization/EMSC</authorURI>
    </creationInfo>
  </magnitude>
</event>
<event publicID="quakeml:eu.emsc/event/20031016_0000023">
  <preferredOriginID>quakeml:eu.emsc/event/20031016_0000023/origin/1354110</preferredOriginID>
  <preferredMagnitudeID>quakeml:eu.emsc/event/20031016_0000023/origin/1354110/mag/2</preferredMagnitudeID>
  <creationInfo>
    <agencyURI>smi:smi-registry/organization/EMSC</agencyURI>
    <authorURI>smi:smi-registry/organization/EMSC</authorURI>
    <creationTime>2014-12-10T18:54:34.392502Z</creationTime>
  </creationInfo>
  <description>
    <text>NORTHERN ITALY</text>
    <type>Flinn-Engdahl region</type>
  </description>
  <origin publicID="quakeml:eu.emsc/event/20031016_0000023/origin/1354110">
    <time>
      <value>2003-10-16T15:43:20.5Z</value>
    </time>
    <latitude>
      <value>44.6179</value>
      <uncertainty>9999.9</uncertainty>
    </latitude>
    <longitude>
      <value>7.0312</value>
      <uncertainty>9999.9</uncertainty>
    </longitude>
    <depth>
      <value>2000</value>
    </depth>
    <depthType>from location</depthType>
    <methodID>smi:eu.emsc-csem/origin_method/NA</methodID>
    <quality>
      <usedPhaseCount>14</usedPhaseCount>
      <usedStationCount>8</usedStationCount>
      <standardError>0.76</standardError>
      <azimuthalGap>171</azimuthalGap>
      <minimumDistance>0.22</minimumDistance>
      <maximumDistance>1.7</maximumDistance>
    </quality>
    <evaluationMode>manual</evaluationMode>
    <creationInfo>
      <agencyURI>smi:smi-registry/organization/EMSC</agencyURI>
      <authorURI>smi:smi-registry/organization/EMSC</authorURI>
    </creationInfo>
    <originUncertainty>
      <azimuthMaxHorizontalUncertainty>-99</azimuthMaxHorizontalUncertainty>
    </originUncertainty>
  </origin>
  <magnitude publicID="quakeml:eu.emsc/event/20031016_0000023/origin/1354110/mag/2">
    <mag>
      <value>1.7</value>
      <uncertainty>0.2</uncertainty>
    </mag>
    <type>ML</type>
    <originID>quakeml:eu.emsc/event/20031016_0000023/origin/1354110</originID>
    <stationCount>5</stationCount>
    <creationInfo>
      <agencyURI>smi:smi-registry/organization/EMSC</agencyURI>
      <authorURI>smi:smi-registry/organization/EMSC</authorURI>
    </creationInfo>
  </magnitude>
</event>
<event publicID="quakeml:eu.emsc/event/20031016_0000037">
  <preferredOriginID>quakeml:eu.emsc/event/20031016_0000037/origin/1354112</preferredOriginID>
  <preferredMagnitudeID>quakeml:eu.emsc/event/20031016_0000037/origin/1354112/mag/2</preferredMagnitudeID>
  <creationInfo>
    <agencyURI>smi:smi-registry/organization/EMSC</agencyURI>
    <authorURI>smi:smi-registry/organization/EMSC</authorURI>
    <creationTime>2014-12-10T18:54:33.879483Z</creationTime>
  </creationInfo>
  <description>
    <text>NORTHERN ITALY</text>
    <type>Flinn-Engdahl region</type>
  </description>
  <origin publicID="quakeml:eu.emsc/event/20031016_0000037/origin/1354112">
    <time>
      <value>2003-10-16T15:31:49.0Z</value>
    </time>
    <latitude>
      <value>44.611</value>
      <uncertainty>9999.9</uncertainty>
    </latitude>
    <longitude>
      <value>7.012</value>
      <uncertainty>9999.9</uncertainty>
    </longitude>
    <depth>
      <value>2000</value>
    </depth>
    <depthType>from location</depthType>
    <methodID>smi:eu.emsc-csem/origin_method/NA</methodID>
    <quality>
      <usedPhaseCount>11</usedPhaseCount>
      <usedStationCount>6</usedStationCount>
      <standardError>0.51</standardError>
      <azimuthalGap>169</azimuthalGap>
      <minimumDistance>0.21</minimumDistance>
      <maximumDistance>1.08</maximumDistance>
    </quality>
    <evaluationMode>manual</evaluationMode>
    <creationInfo>
      <agencyURI>smi:smi-registry/organization/EMSC</agencyURI>
      <authorURI>smi:smi-registry/organization/EMSC</authorURI>
    </creationInfo>
    <originUncertainty>
      <azimuthMaxHorizontalUncertainty>-99</azimuthMaxHorizontalUncertainty>
    </originUncertainty>
  </origin>
  <magnitude publicID="quakeml:eu.emsc/event/20031016_0000037/origin/1354112/mag/2">
    <mag>
      <value>1.4</value>
      <uncertainty>0.2</uncertainty>
    </mag>
    <type>ML</type>
    <originID>quakeml:eu.emsc/event/20031016_0000037/origin/1354112</originID>
    <stationCount>3</stationCount>
    <creationInfo>
      <agencyURI>smi:smi-registry/organization/EMSC</agencyURI>
      <authorURI>smi:smi-registry/organization/EMSC</authorURI>
    </creationInfo>
  </magnitude>
</event>
<event publicID="quakeml:eu.emsc/event/20031016_0000028">
  <preferredOriginID>quakeml:eu.emsc/event/20031016_0000028/origin/1354114</preferredOriginID>
  <preferredMagnitudeID>quakeml:eu.emsc/event/20031016_0000028/origin/1354114/mag/2</preferredMagnitudeID>
  <creationInfo>
    <agencyURI>smi:smi-registry/organization/EMSC</agencyURI>
    <authorURI>smi:smi-registry/organization/EMSC</authorURI>
    <creationTime>2014-12-10T18:54:33.372491Z</creationTime>
  </creationInfo>
  <description>
    <text>NORTHERN ITALY</text>
    <type>Flinn-Engdahl region</type>
  </description>
  <origin publicID="quakeml:eu.emsc/event/20031016_0000028/origin/1354114">
    <time>
      <value>2003-10-16T15:28:55.3Z</value>
    </time>
    <latitude>
      <value>44.6161</value>
      <uncertainty>9999.9</uncertainty>
    </latitude>
    <longitude>
      <value>7.0295</value>
      <uncertainty>9999.9</uncertainty>
    </longitude>
    <depth>
      <value>2000</value>
    </depth>
    <depthType>from location</depthType>
    <methodID>smi:eu.emsc-csem/origin_method/NA</methodID>
    <quality>
      <usedPhaseCount>12</usedPhaseCount>
      <usedStationCount>7</usedStationCount>
      <standardError>0.73</standardError>
      <azimuthalGap>157</azimuthalGap>
      <minimumDistance>0.21</minimumDistance>
      <maximumDistance>2.51</maximumDistance>
    </quality>
    <evaluationMode>manual</evaluationMode>
    <creationInfo>
      <agencyURI>smi:smi-registry/organization/EMSC</agencyURI>
      <authorURI>smi:smi-registry/organization/EMSC</authorURI>
    </creationInfo>
    <originUncertainty>
      <azimuthMaxHorizontalUncertainty>-99</azimuthMaxHorizontalUncertainty>
    </originUncertainty>
  </origin>
  <magnitude publicID="quakeml:eu.emsc/event/20031016_0000028/origin/1354114/mag/2">
    <mag>
      <value>1.7</value>
      <uncertainty>0.3</uncertainty>
    </mag>
    <type>ML</type>
    <originID>quakeml:eu.emsc/event/20031016_0000028/origin/1354114</originID>
    <stationCount>3</stationCount>
    <creationInfo>
      <agencyURI>smi:smi-registry/organization/EMSC</agencyURI>
      <authorURI>smi:smi-registry/organization/EMSC</authorURI>
    </creationInfo>
  </magnitude>
</event>
<event publicID="quakeml:eu.emsc/event/20031016_0000009">
  <preferredOriginID>quakeml:eu.emsc/event/20031016_0000009/origin/1351910</preferredOriginID>
  <preferredMagnitudeID>quakeml:eu.emsc/event/20031016_0000009/origin/1351910/mag/2</preferredMagnitudeID>
  <creationInfo>
    <agencyURI>smi:smi-registry/organization/EMSC</agencyURI>
    <authorURI>smi:smi-registry/organization/EMSC</authorURI>
    <creationTime>2014-12-03T10:47:04.431978Z</creationTime>
  </creationInfo>
  <description>
    <text>STRAIT OF GIBRALTAR</text>
    <type>Flinn-Engdahl region</type>
  </description>
  <origin publicID="quakeml:eu.emsc/event/20031016_0000009/origin/1351910">
    <time>
      <value>2003-10-16T15:27:05.1Z</value>
      <uncertainty>0.52</uncertainty>
    </time>
    <latitude>
      <value>35.3196</value>
      <uncertainty>11.9</uncertainty>
    </latitude>
    <longitude>
      <value>-4.653</value>
      <uncertainty>5.4</uncertainty>
    </longitude>
    <depth>
      <value>87500.0</value>
      <uncertainty>6.9</uncertainty>
    </depth>
    <depthType>from location</depthType>
    <methodID>smi:eu.emsc-csem/origin_method/NA</methodID>
    <quality>
      <usedPhaseCount>48</usedPhaseCount>
      <usedStationCount>34</usedStationCount>
      <standardError>0.96</standardError>
      <azimuthalGap>255</azimuthalGap>
      <minimumDistance>1.31</minimumDistance>
      <maximumDistance>13.05</maximumDistance>
    </quality>
    <evaluationMode>manual</evaluationMode>
    <creationInfo>
      <agencyURI>smi:smi-registry/organization/EMSC</agencyURI>
      <authorURI>smi:smi-registry/organization/EMSC</authorURI>
    </creationInfo>
    <originUncertainty>
      <azimuthMaxHorizontalUncertainty>178</azimuthMaxHorizontalUncertainty>
    </originUncertainty>
  </origin>
  <magnitude publicID="quakeml:eu.emsc/event/20031016_0000009/origin/1351910/mag/2">
    <mag>
      <value>4</value>
      <uncertainty>0.1</uncertainty>
    </mag>
    <type>mb</type>
    <originID>quakeml:eu.emsc/event/20031016_0000009/origin/1351910</originID>
    <stationCount>16</stationCount>
    <creationInfo>
      <agencyURI>smi:smi-registry/organization/EMSC</agencyURI>
      <authorURI>smi:smi-registry/organization/EMSC</authorURI>
    </creationInfo>
  </magnitude>
</event>
<event publicID="quakeml:eu.emsc/event/20031016_0000038">
  <preferredOriginID>quakeml:eu.emsc/event/20031016_0000038/origin/1354116</preferredOriginID>
  <preferredMagnitudeID>quakeml:eu.emsc/event/20031016_0000038/origin/1354116/mag/2</preferredMagnitudeID>
  <creationInfo>
    <agencyURI>smi:smi-registry/organization/EMSC</agencyURI>
    <authorURI>smi:smi-registry/organization/EMSC</authorURI>
    <creationTime>2014-12-10T18:59:11.104133Z</creationTime>
  </creationInfo>
  <description>
    <text>NORTHERN ITALY</text>
    <type>Flinn-Engdahl region</type>
  </description>
  <origin publicID="quakeml:eu.emsc/event/20031016_0000038/origin/1354116">
    <time>
      <value>2003-10-16T15:22:58.6Z</value>
    </time>
    <latitude>
      <value>44.6092</value>
      <uncertainty>9999.9</uncertainty>
    </latitude>
    <longitude>
      <value>7.0125</value>
      <uncertainty>9999.9</uncertainty>
    </longitude>
    <depth>
      <value>2000</value>
    </depth>
    <depthType>from location</depthType>
    <methodID>smi:eu.emsc-csem/origin_method/NA</methodID>
    <quality>
      <usedPhaseCount>12</usedPhaseCount>
      <usedStationCount>7</usedStationCount>
      <standardError>0.45</standardError>
      <azimuthalGap>169</azimuthalGap>
      <minimumDistance>0.21</minimumDistance>
      <maximumDistance>1.33</maximumDistance>
    </quality>
    <evaluationMode>manual</evaluationMode>
    <creationInfo>
      <agencyURI>smi:smi-registry/organization/EMSC</agencyURI>
      <authorURI>smi:smi-registry/organization/EMSC</authorURI>
    </creationInfo>
    <originUncertainty>
      <azimuthMaxHorizontalUncertainty>-99</azimuthMaxHorizontalUncertainty>
    </originUncertainty>
  </origin>
  <magnitude publicID="quakeml:eu.emsc/event/20031016_0000038/origin/1354116/mag/2">
    <mag>
      <value>1.6</value>
      <uncertainty>0.3</uncertainty>
    </mag>
    <type>ML</type>
    <originID>quakeml:eu.emsc/event/20031016_0000038/origin/1354116</originID>
    <stationCount>4</stationCount>
    <creationInfo>
      <agencyURI>smi:smi-registry/organization/EMSC</agencyURI>
      <authorURI>smi:smi-registry/organization/EMSC</authorURI>
    </creationInfo>
  </magnitude>
</event>
<event publicID="quakeml:eu.emsc/event/20031016_0000024">
  <preferredOriginID>quakeml:eu.emsc/event/20031016_0000024/origin/1351180</preferredOriginID>
  <preferredMagnitudeID>quakeml:eu.emsc/event/20031016_0000024/origin/1351180/mag/1</preferredMagnitudeID>
  <creationInfo>
    <agencyURI>smi:smi-registry/organization/EMSC</agencyURI>
    <authorURI>smi:smi-registry/organization/EMSC</authorURI>
    <creationTime>2014-12-03T16:02:33.948475Z</creationTime>
  </creationInfo>
  <description>
    <text>NORTHERN ITALY</text>
    <type>Flinn-Engdahl region</type>
  </description>
  <origin publicID="quakeml:eu.emsc/event/20031016_0000024/origin/1351180">
    <time>
      <value>2003-10-16T15:22:14.6Z</value>
      <uncertainty>0.06</uncertainty>
    </time>
    <latitude>
      <value>44.6142</value>
      <uncertainty>1.5</uncertainty>
    </latitude>
    <longitude>
      <value>7.0184</value>
      <uncertainty>0.9</uncertainty>
    </longitude>
    <depth>
      <value>8000</value>
    </depth>
    <depthType>from location</depthType>
    <methodID>smi:eu.emsc-csem/origin_method/NA</methodID>
    <quality>
      <usedPhaseCount>23</usedPhaseCount>
      <usedStationCount>14</usedStationCount>
      <standardError>0.26</standardError>
      <azimuthalGap>74</azimuthalGap>
      <minimumDistance>0.12</minimumDistance>
      <maximumDistance>2.33</maximumDistance>
    </quality>
    <evaluationMode>manual</evaluationMode>
    <creationInfo>
      <agencyURI>smi:smi-registry/organization/EMSC</agencyURI>
      <authorURI>smi:smi-registry/organization/EMSC</authorURI>
    </creationInfo>
    <originUncertainty>
      <azimuthMaxHorizontalUncertainty>51</azimuthMaxHorizontalUncertainty>
    </originUncertainty>
  </origin>
  <magnitude publicID="quakeml:eu.emsc/event/20031016_0000024/origin/1351180/mag/1">
    <mag>
      <value>1.7</value>
      <uncertainty>0.3</uncertainty>
    </mag>
    <type>ML</type>
    <originID>quakeml:eu.emsc/event/20031016_0000024/origin/1351180</originID>
    <stationCount>6</stationCount>
    <creationInfo>
      <agencyURI>smi:smi-registry/organization/EMSC</agencyURI>
      <authorURI>smi:smi-registry/organization/EMSC</authorURI>
    </creationInfo>
  </magnitude>
</event>
<event publicID="quakeml:eu.emsc/event/20031016_0000035">
  <preferredOriginID>quakeml:eu.emsc/event/20031016_0000035/origin/1351442</preferredOriginID>
  <preferredMagnitudeID>quakeml:eu.emsc/event/20031016_0000035/origin/1351442/mag/1</preferredMagnitudeID>
  <creationInfo>
    <agencyURI>smi:smi-registry/organization/EMSC</agencyURI>
    <authorURI>smi:smi-registry/organization/EMSC</authorURI>
    <creationTime>2014-12-03T16:46:09.869718Z</creationTime>
  </creationInfo>
  <description>
    <text>NORTHERN ITALY</text>
    <type>Flinn-Engdahl region</type>
  </description>
  <origin publicID="quakeml:eu.emsc/event/20031016_0000035/origin/1351442">
    <time>
      <value>2003-10-16T15:21:47.4Z</value>
      <uncertainty>0.06</uncertainty>
    </time>
    <latitude>
      <value>44.6079</value>
      <uncertainty>1.6</uncertainty>
    </latitude>
    <longitude>
      <value>7.0231</value>
      <uncertainty>1.1</uncertainty>
    </longitude>
    <depth>
      <value>12000</value>
    </depth>
    <depthType>from location</depthType>
    <methodID>smi:eu.emsc-csem/origin_method/NA</methodID>
    <quality>
      <usedPhaseCount>46</usedPhaseCount>
      <usedStationCount>27</usedStationCount>
      <standardError>0.45</standardError>
      <azimuthalGap>51</azimuthalGap>
      <minimumDistance>0.12</minimumDistance>
      <maximumDistance>3.55</maximumDistance>
    </quality>
    <evaluationMode>manual</evaluationMode>
    <creationInfo>
      <agencyURI>smi:smi-registry/organization/EMSC</agencyURI>
      <authorURI>smi:smi-registry/organization/EMSC</authorURI>
    </creationInfo>
    <originUncertainty>
      <azimuthMaxHorizontalUncertainty>54</azimuthMaxHorizontalUncertainty>
    </originUncertainty>
  </origin>
  <magnitude publicID="quakeml:eu.emsc/event/20031016_0000035/origin/1351442/mag/1">
    <mag>
      <value>2.2</value>
      <uncertainty>0.2</uncertainty>
    </mag>
    <type>ML</type>
    <originID>quakeml:eu.emsc/event/20031016_0000035/origin/1351442</originID>
    <stationCount>7</stationCount>
    <creationInfo>
      <agencyURI>smi:smi-registry/organization/EMSC</agencyURI>
      <authorURI>smi:smi-registry/organization/EMSC</authorURI>
    </creationInfo>
  </magnitude>
</event>
<event publicID="quakeml:eu.emsc/event/20031016_0000020">
  <preferredOriginID>quakeml:eu.emsc/event/20031016_0000020/origin/1354118</preferredOriginID>
  <preferredMagnitudeID>quakeml:eu.emsc/event/20031016_0000020/origin/1354118/mag/2</preferredMagnitudeID>
  <creationInfo>
    <agencyURI>smi:smi-registry/organization/EMSC</agencyURI>
    <authorURI>smi:smi-registry/organization/EMSC</authorURI>
    <creationTime>2014-12-10T18:54:32.850696Z</creationTime>
  </creationInfo>
  <description>
    <text>NORTHERN ITALY</text>
    <type>Flinn-Engdahl region</type>
  </description>
  <origin publicID="quakeml:eu.emsc/event/20031016_0000020/origin/1354118">
    <time>
      <value>2003-10-16T15:04:15.9Z</value>
    </time>
    <latitude>
      <value>44.5982</value>
      <uncertainty>9999.9</uncertainty>
    </latitude>
    <longitude>
      <value>7.0052</value>
      <uncertainty>9999.9</uncertainty>
    </longitude>
    <depth>
      <value>2000</value>
    </depth>
    <depthType>from location</depthType>
    <methodID>smi:eu.emsc-csem/origin_method/NA</methodID>
    <quality>
      <usedPhaseCount>9</usedPhaseCount>
      <usedStationCount>5</usedStationCount>
      <standardError>0.57</standardError>
      <azimuthalGap>209</azimuthalGap>
      <minimumDistance>0.21</minimumDistance>
      <maximumDistance>1.31</maximumDistance>
    </quality>
    <evaluationMode>manual</evaluationMode>
    <creationInfo>
      <agencyURI>smi:smi-registry/organization/EMSC</agencyURI>
      <authorURI>smi:smi-registry/organization/EMSC</authorURI>
    </creationInfo>
    <originUncertainty>
      <azimuthMaxHorizontalUncertainty>-99</azimuthMaxHorizontalUncertainty>
    </originUncertainty>
  </origin>
  <magnitude publicID="quakeml:eu.emsc/event/20031016_0000020/origin/1354118/mag/2">
    <mag>
      <value>1.6</value>
      <uncertainty>0.3</uncertainty>
    </mag>
    <type>ML</type>
    <originID>quakeml:eu.emsc/event/20031016_0000020/origin/1354118</originID>
    <stationCount>3</stationCount>
    <creationInfo>
      <agencyURI>smi:smi-registry/organization/EMSC</agencyURI>
      <authorURI>smi:smi-registry/organization/EMSC</authorURI>
    </creationInfo>
  </magnitude>
</event>
<event publicID="quakeml:eu.emsc/event/20031016_0000039">
  <preferredOriginID>quakeml:eu.emsc/event/20031016_0000039/origin/1354120</preferredOriginID>
  <preferredMagnitudeID>quakeml:eu.emsc/event/20031016_0000039/origin/1354120/mag/2</preferredMagnitudeID>
  <creationInfo>
    <agencyURI>smi:smi-registry/organization/EMSC</agencyURI>
    <authorURI>smi:smi-registry/organization/EMSC</authorURI>
    <creationTime>2014-12-10T18:54:32.329172Z</creationTime>
  </creationInfo>
  <description>
    <text>NORTHERN ITALY</text>
    <type>Flinn-Engdahl region</type>
  </description>
  <origin publicID="quakeml:eu.emsc/event/20031016_0000039/origin/1354120">
    <time>
      <value>2003-10-16T14:45:29.4Z</value>
    </time>
    <latitude>
      <value>44.6094</value>
      <uncertainty>9999.9</uncertainty>
    </latitude>
    <longitude>
      <value>7.0121</value>
      <uncertainty>9999.9</uncertainty>
    </longitude>
    <depth>
      <value>2000</value>
    </depth>
    <depthType>from location</depthType>
    <methodID>smi:eu.emsc-csem/origin_method/NA</methodID>
    <quality>
      <usedPhaseCount>12</usedPhaseCount>
      <usedStationCount>7</usedStationCount>
      <standardError>0.51</standardError>
      <azimuthalGap>169</azimuthalGap>
      <minimumDistance>0.21</minimumDistance>
      <maximumDistance>1.33</maximumDistance>
    </quality>
    <evaluationMode>manual</evaluationMode>
    <creationInfo>
      <agencyURI>smi:smi-registry/organization/EMSC</agencyURI>
      <authorURI>smi:smi-registry/organization/EMSC</authorURI>
    </creationInfo>
    <originUncertainty>
      <azimuthMaxHorizontalUncertainty>-99</azimuthMaxHorizontalUncertainty>
    </originUncertainty>
  </origin>
  <magnitude publicID="quakeml:eu.emsc/event/20031016_0000039/origin/1354120/mag/2">
    <mag>
      <value>1.6</value>
      <uncertainty>0.3</uncertainty>
    </mag>
    <type>ML</type>
    <originID>quakeml:eu.emsc/event/20031016_0000039/origin/1354120</originID>
    <stationCount>4</stationCount>
    <creationInfo>
      <agencyURI>smi:smi-registry/organization/EMSC</agencyURI>
      <authorURI>smi:smi-registry/organization/EMSC</authorURI>
    </creationInfo>
  </magnitude>
</event>
<event publicID="quakeml:eu.emsc/event/20031016_0000034">
  <preferredOriginID>quakeml:eu.emsc/event/20031016_0000034/origin/1354122</preferredOriginID>
  <preferredMagnitudeID>quakeml:eu.emsc/event/20031016_0000034/origin/1354122/mag/2</preferredMagnitudeID>
  <creationInfo>
    <agencyURI>smi:smi-registry/organization/EMSC</agencyURI>
    <authorURI>smi:smi-registry/organization/EMSC</authorURI>
    <creationTime>2014-12-10T18:54:31.83952Z</creationTime>
  </creationInfo>
  <description>
    <text>NORTHERN ITALY</text>
    <type>Flinn-Engdahl region</type>
  </description>
  <origin publicID="quakeml:eu.emsc/event/20031016_0000034/origin/1354122">
    <time>
      <value>2003-10-16T14:39:39.1Z</value>
    </time>
    <latitude>
      <value>44.6087</value>
      <uncertainty>9999.9</uncertainty>
    </latitude>
    <longitude>
      <value>7.0128</value>
      <uncertainty>9999.9</uncertainty>
    </longitude>
    <depth>
      <value>2000</value>
    </depth>
    <depthType>from location</depthType>
    <methodID>smi:eu.emsc-csem/origin_method/NA</methodID>
    <quality>
      <usedPhaseCount>12</usedPhaseCount>
      <usedStationCount>6</usedStationCount>
      <standardError>0.58</standardError>
      <azimuthalGap>169</azimuthalGap>
      <minimumDistance>0.21</minimumDistance>
      <maximumDistance>1.33</maximumDistance>
    </quality>
    <evaluationMode>manual</evaluationMode>
    <creationInfo>
      <agencyURI>smi:smi-registry/organization/EMSC</agencyURI>
      <authorURI>smi:smi-registry/organization/EMSC</authorURI>
    </creationInfo>
    <originUncertainty>
      <azimuthMaxHorizontalUncertainty>-99</azimuthMaxHorizontalUncertainty>
    </originUncertainty>
  </origin>
  <magnitude publicID="quakeml:eu.emsc/event/20031016_0000034/origin/1354122/mag/2">
    <mag>
      <value>1.2</value>
      <uncertainty>0.3</uncertainty>
    </mag>
    <type>ML</type>
    <originID>quakeml:eu.emsc/event/20031016_0000034/origin/1354122</originID>
    <stationCount>4</stationCount>
    <creationInfo>
      <agencyURI>smi:smi-registry/organization/EMSC</agencyURI>
      <authorURI>smi:smi-registry/organization/EMSC</authorURI>
    </creationInfo>
  </magnitude>
</event>
<event publicID="quakeml:eu.emsc/event/20031016_0000036">
  <preferredOriginID>quakeml:eu.emsc/event/20031016_0000036/origin/1351183</preferredOriginID>
  <preferredMagnitudeID>quakeml:eu.emsc/event/20031016_0000036/origin/1351183/mag/1</preferredMagnitudeID>
  <creationInfo>
    <agencyURI>smi:smi-registry/organization/EMSC</agencyURI>
    <authorURI>smi:smi-registry/organization/EMSC</authorURI>
    <creationTime>2014-12-03T16:49:55.119591Z</creationTime>
  </creationInfo>
  <description>
    <text>NORTHERN ITALY</text>
    <type>Flinn-Engdahl region</type>
  </description>
  <origin publicID="quakeml:eu.emsc/event/20031016_0000036/origin/1351183">
    <time>
      <value>2003-10-16T14:38:21.5Z</value>
      <uncertainty>0.06</uncertainty>
    </time>
    <latitude>
      <value>44.6013</value>
      <uncertainty>1.5</uncertainty>
    </latitude>
    <longitude>
      <value>7.0238</value>
      <uncertainty>0.9</uncertainty>
    </longitude>
    <depth>
      <value>10000</value>
    </depth>
    <depthType>from location</depthType>
    <methodID>smi:eu.emsc-csem/origin_method/NA</methodID>
    <quality>
      <usedPhaseCount>31</usedPhaseCount>
      <usedStationCount>19</usedStationCount>
      <standardError>0.35</standardError>
      <azimuthalGap>73</azimuthalGap>
      <minimumDistance>0.11</minimumDistance>
      <maximumDistance>1.7</maximumDistance>
    </quality>
    <evaluationMode>manual</evaluationMode>
    <creationInfo>
      <agencyURI>smi:smi-registry/organization/EMSC</agencyURI>
      <authorURI>smi:smi-registry/organization/EMSC</authorURI>
    </creationInfo>
    <originUncertainty>
      <azimuthMaxHorizontalUncertainty>60</azimuthMaxHorizontalUncertainty>
    </originUncertainty>
  </origin>
  <magnitude publicID="quakeml:eu.emsc/event/20031016_0000036/origin/1351183/mag/1">
    <mag>
      <value>1.9</value>
      <uncertainty>0.2</uncertainty>
    </mag>
    <type>ML</type>
    <originID>quakeml:eu.emsc/event/20031016_0000036/origin/1351183</originID>
    <stationCount>8</stationCount>
    <creationInfo>
      <agencyURI>smi:smi-registry/organization/EMSC</agencyURI>
      <authorURI>smi:smi-registry/organization/EMSC</authorURI>
    </creationInfo>
  </magnitude>
</event>
<event publicID="quakeml:eu.emsc/event/20031016_0000008">
  <preferredOriginID>quakeml:eu.emsc/event/20031016_0000008/origin/1351916</preferredOriginID>
  <preferredMagnitudeID>quakeml:eu.emsc/event/20031016_0000008/origin/1351916/mag/1</preferredMagnitudeID>
  <creationInfo>
    <agencyURI>smi:smi-registry/organization/EMSC</agencyURI>
    <authorURI>smi:smi-registry/organization/EMSC</authorURI>
    <creationTime>2014-12-03T11:02:13.210015Z</creationTime>
  </creationInfo>
  <description>
    <text>NORTHERN ITALY</text>
    <type>Flinn-Engdahl region</type>
  </description>
  <origin publicID="quakeml:eu.emsc/event/20031016_0000008/origin/1351916">
    <time>
      <value>2003-10-16T14:37:17.2Z</value>
      <uncertainty>0.07</uncertainty>
    </time>
    <latitude>
      <value>44.6092</value>
      <uncertainty>1.7</uncertainty>
    </latitude>
    <longitude>
      <value>7.0375</value>
      <uncertainty>1.2</uncertainty>
    </longitude>
    <depth>
      <value>12000</value>
    </depth>
    <depthType>from location</depthType>
    <methodID>smi:eu.emsc-csem/origin_method/NA</methodID>
    <quality>
      <usedPhaseCount>74</usedPhaseCount>
      <usedStationCount>45</usedStationCount>
      <standardError>0.66</standardError>
      <azimuthalGap>52</azimuthalGap>
      <minimumDistance>0.11</minimumDistance>
      <maximumDistance>3.7</maximumDistance>
    </quality>
    <evaluationMode>manual</evaluationMode>
    <creationInfo>
      <agencyURI>smi:smi-registry/organization/EMSC</agencyURI>
      <authorURI>smi:smi-registry/organization/EMSC</authorURI>
    </creationInfo>
    <originUncertainty>
      <azimuthMaxHorizontalUncertainty>52</azimuthMaxHorizontalUncertainty>
    </originUncertainty>
  </origin>
  <magnitude publicID="quakeml:eu.emsc/event/20031016_0000008/origin/1351916/mag/1">
    <mag>
      <value>3</value>
      <uncertainty>0.3</uncertainty>
    </mag>
    <type>ML</type>
    <originID>quakeml:eu.emsc/event/20031016_0000008/origin/1351916</originID>
    <stationCount>11</stationCount>
    <creationInfo>
      <agencyURI>smi:smi-registry/organization/EMSC</agencyURI>
      <authorURI>smi:smi-registry/organization/EMSC</authorURI>
    </creationInfo>
  </magnitude>
</event>
<event publicID="quakeml:eu.emsc/event/20031016_0000030">
  <preferredOriginID>quakeml:eu.emsc/event/20031016_0000030/origin/1351446</preferredOriginID>
  <preferredMagnitudeID>quakeml:eu.emsc/event/20031016_0000030/origin/1351446/mag/1</preferredMagnitudeID>
  <creationInfo>
    <agencyURI>smi:smi-registry/organization/EMSC</agencyURI>
    <authorURI>smi:smi-registry/organization/EMSC</authorURI>
    <creationTime>2014-12-03T16:31:00.13075Z</creationTime>
  </creationInfo>
  <description>
    <text>NORTHERN ITALY</text>
    <type>Flinn-Engdahl region</type>
  </description>
  <origin publicID="quakeml:eu.emsc/event/20031016_0000030/origin/1351446">
    <time>
      <value>2003-10-16T14:31:56.2Z</value>
      <uncertainty>0.08</uncertainty>
    </time>
    <latitude>
      <value>44.6094</value>
      <uncertainty>2.1</uncertainty>
    </latitude>
    <longitude>
      <value>7.0154</value>
      <uncertainty>1</uncertainty>
    </longitude>
    <depth>
      <value>19100.0</value>
      <uncertainty>0.1</uncertainty>
    </depth>
    <depthType>from location</depthType>
    <methodID>smi:eu.emsc-csem/origin_method/NA</methodID>
    <quality>
      <usedPhaseCount>39</usedPhaseCount>
      <usedStationCount>22</usedStationCount>
      <standardError>0.38</standardError>
      <azimuthalGap>50</azimuthalGap>
      <minimumDistance>0.21</minimumDistance>
      <maximumDistance>1.69</maximumDistance>
    </quality>
    <evaluationMode>manual</evaluationMode>
    <creationInfo>
      <agencyURI>smi:smi-registry/organization/EMSC</agencyURI>
      <authorURI>smi:smi-registry/organization/EMSC</authorURI>
    </creationInfo>
    <originUncertainty>
      <azimuthMaxHorizontalUncertainty>67</azimuthMaxHorizontalUncertainty>
    </originUncertainty>
  </origin>
  <magnitude publicID="quakeml:eu.emsc/event/20031016_0000030/origin/1351446/mag/1">
    <mag>
      <value>2</value>
      <uncertainty>0.2</uncertainty>
    </mag>
    <type>ML</type>
    <originID>quakeml:eu.emsc/event/20031016_0000030/origin/1351446</originID>
    <stationCount>8</stationCount>
    <creationInfo>
      <agencyURI>smi:smi-registry/organization/EMSC</agencyURI>
      <authorURI>smi:smi-registry/organization/EMSC</authorURI>
    </creationInfo>
  </magnitude>
</event>
<event publicID="quakeml:eu.emsc/event/20031016_0000029">
  <preferredOriginID>quakeml:eu.emsc/event/20031016_0000029/origin/1351450</preferredOriginID>
  <preferredMagnitudeID>quakeml:eu.emsc/event/20031016_0000029/origin/1351450/mag/1</preferredMagnitudeID>
  <creationInfo>
    <agencyURI>smi:smi-registry/organization/EMSC</agencyURI>
    <authorURI>smi:smi-registry/organization/EMSC</authorURI>
    <creationTime>2014-12-03T16:25:01.146655Z</creationTime>
  </creationInfo>
  <description>
    <text>NORTHERN ITALY</text>
    <type>Flinn-Engdahl region</type>
  </description>
  <origin publicID="quakeml:eu.emsc/event/20031016_0000029/origin/1351450">
    <time>
      <value>2003-10-16T14:29:58.3Z</value>
      <uncertainty>0.06</uncertainty>
    </time>
    <latitude>
      <value>44.6061</value>
      <uncertainty>1.4</uncertainty>
    </latitude>
    <longitude>
      <value>7.0178</value>
      <uncertainty>0.9</uncertainty>
    </longitude>
    <depth>
      <value>12000</value>
    </depth>
    <depthType>from location</depthType>
    <methodID>smi:eu.emsc-csem/origin_method/NA</methodID>
    <quality>
      <usedPhaseCount>43</usedPhaseCount>
      <usedStationCount>22</usedStationCount>
      <standardError>0.41</standardError>
      <azimuthalGap>52</azimuthalGap>
      <minimumDistance>0.12</minimumDistance>
      <maximumDistance>1.32</maximumDistance>
    </quality>
    <evaluationMode>manual</evaluationMode>
    <creationInfo>
      <agencyURI>smi:smi-registry/organization/EMSC</agencyURI>
      <authorURI>smi:smi-registry/organization/EMSC</authorURI>
    </creationInfo>
    <originUncertainty>
      <azimuthMaxHorizontalUncertainty>65</azimuthMaxHorizontalUncertainty>
    </originUncertainty>
  </origin>
  <magnitude publicID="quakeml:eu.emsc/event/20031016_0000029/origin/1351450/mag/1">
    <mag>
      <value>2</value>
      <uncertainty>0.2</uncertainty>
    </mag>
    <type>ML</type>
    <originID>quakeml:eu.emsc/event/20031016_0000029/origin/1351450</originID>
    <stationCount>7</stationCount>
    <creationInfo>
      <agencyURI>smi:smi-registry/organization/EMSC</agencyURI>
      <authorURI>smi:smi-registry/organization/EMSC</authorURI>
    </creationInfo>
  </magnitude>
</event>
<event publicID="quakeml:eu.emsc/event/20031016_0000007">
  <preferredOriginID>quakeml:eu.emsc/event/20031016_0000007/origin/1352552</preferredOriginID>
  <preferredMagnitudeID>quakeml:eu.emsc/event/20031016_0000007/origin/1352552/mag/2</preferredMagnitudeID>
  <creationInfo>
    <agencyURI>smi:smi-registry/organization/EMSC</agencyURI>
    <authorURI>smi:smi-registry/organization/EMSC</authorURI>
    <creationTime>2014-12-10T18:25:02.916376Z</creationTime>
  </creationInfo>
  <description>
    <text>WESTERN TURKEY</text>
    <type>Flinn-Engdahl region</type>
  </description>
  <origin publicID="quakeml:eu.emsc/event/20031016_0000007/origin/1352552">
    <time>
      <value>2003-10-16T12:41:51.6Z</value>
    </time>
    <latitude>
      <value>38.378</value>
      <uncertainty>9999.9</uncertainty>
    </latitude>
    <longitude>
      <value>31.455</value>
      <uncertainty>9999.9</uncertainty>
    </longitude>
    <depth>
      <value>14000</value>
    </depth>
    <depthType>from location</depthType>
    <methodID>smi:eu.emsc-csem/origin_method/NA</methodID>
    <quality>
      <usedPhaseCount>6</usedPhaseCount>
      <usedStationCount>5</usedStationCount>
      <standardError>0.66</standardError>
      <azimuthalGap>160</azimuthalGap>
      <minimumDistance>0.6</minimumDistance>
      <maximumDistance>2.02</maximumDistance>
    </quality>
    <evaluationMode>manual</evaluationMode>
    <creationInfo>
      <agencyURI>smi:smi-registry/organization/EMSC</agencyURI>
      <authorURI>smi:smi-registry/organization/EMSC</authorURI>
    </creationInfo>
    <originUncertainty>
      <azimuthMaxHorizontalUncertainty>-99</azimuthMaxHorizontalUncertainty>
    </originUncertainty>
  </origin>
  <magnitude publicID="quakeml:eu.emsc/event/20031016_0000007/origin/1352552/mag/2">
    <mag>
      <value>3</value>
    </mag>
    <type>MD</type>
    <originID>quakeml:eu.emsc/event/20031016_0000007/origin/1352552</originID>
    <creationInfo>
      <agencyURI>smi:smi-registry/organization/EMSC</agencyURI>
      <authorURI>smi:smi-registry/organization/EMSC</authorURI>
    </creationInfo>
  </magnitude>
</event>
<event publicID="quakeml:eu.emsc/event/20031016_0000006">
  <preferredOriginID>quakeml:eu.emsc/event/20031016_0000006/origin/1351922</preferredOriginID>
  <preferredMagnitudeID>quakeml:eu.emsc/event/20031016_0000006/origin/1351922/mag/2</preferredMagnitudeID>
  <creationInfo>
    <agencyURI>smi:smi-registry/organization/EMSC</agencyURI>
    <authorURI>smi:smi-registry/organization/EMSC</authorURI>
    <creationTime>2014-12-03T10:18:59.522138Z</creationTime>
  </creationInfo>
  <description>
    <text>SERBIA</text>
    <type>Flinn-Engdahl region</type>
  </description>
  <origin publicID="quakeml:eu.emsc/event/20031016_0000006/origin/1351922">
    <time>
      <value>2003-10-16T11:28:09.5Z</value>
      <uncertainty>0.12</uncertainty>
    </time>
    <latitude>
      <value>43.3556</value>
      <uncertainty>3.3</uncertainty>
    </latitude>
    <longitude>
      <value>19.961</value>
      <uncertainty>2.7</uncertainty>
    </longitude>
    <depth>
      <value>2000</value>
    </depth>
    <depthType>from location</depthType>
    <methodID>smi:eu.emsc-csem/origin_method/NA</methodID>
    <quality>
      <usedPhaseCount>88</usedPhaseCount>
      <usedStationCount>70</usedStationCount>
      <standardError>1.08</standardError>
      <azimuthalGap>61</azimuthalGap>
      <minimumDistance>0.41</minimumDistance>
      <maximumDistance>7.4</maximumDistance>
    </quality>
    <evaluationMode>manual</evaluationMode>
    <creationInfo>
      <agencyURI>smi:smi-registry/organization/EMSC</agencyURI>
      <authorURI>smi:smi-registry/organization/EMSC</authorURI>
    </creationInfo>
    <originUncertainty>
      <azimuthMaxHorizontalUncertainty>64</azimuthMaxHorizontalUncertainty>
    </originUncertainty>
  </origin>
  <magnitude publicID="quakeml:eu.emsc/event/20031016_0000006/origin/1351922/mag/2">
    <mag>
      <value>3.7</value>
    </mag>
    <type>ML</type>
    <originID>quakeml:eu.emsc/event/20031016_0000006/origin/1351922</originID>
    <creationInfo>
      <agencyURI>smi:smi-registry/organization/EMSC</agencyURI>
      <authorURI>smi:smi-registry/organization/EMSC</authorURI>
    </creationInfo>
  </magnitude>
</event>
<event publicID="quakeml:eu.emsc/event/20031016_0000005">
  <preferredOriginID>quakeml:eu.emsc/event/20031016_0000005/origin/1351926</preferredOriginID>
  <preferredMagnitudeID>quakeml:eu.emsc/event/20031016_0000005/origin/1351926/mag/1</preferredMagnitudeID>
  <creationInfo>
    <agencyURI>smi:smi-registry/organization/EMSC</agencyURI>
    <authorURI>smi:smi-registry/organization/EMSC</authorURI>
    <creationTime>2014-12-03T10:30:07.28384Z</creationTime>
  </creationInfo>
  <description>
    <text>WESTERN MEDITERRANEAN SEA</text>
    <type>Flinn-Engdahl region</type>
  </description>
  <origin publicID="quakeml:eu.emsc/event/20031016_0000005/origin/1351926">
    <time>
      <value>2003-10-16T10:05:27.7Z</value>
      <uncertainty>0.47</uncertainty>
    </time>
    <latitude>
      <value>42.4661</value>
      <uncertainty>7.1</uncertainty>
    </latitude>
    <longitude>
      <value>5.4531</value>
      <uncertainty>4.5</uncertainty>
    </longitude>
    <depth>
      <value>16700.0</value>
      <uncertainty>2.4</uncertainty>
    </depth>
    <depthType>from location</depthType>
    <methodID>smi:eu.emsc-csem/origin_method/NA</methodID>
    <quality>
      <usedPhaseCount>40</usedPhaseCount>
      <usedStationCount>22</usedStationCount>
      <standardError>1.09</standardError>
      <azimuthalGap>165</azimuthalGap>
      <minimumDistance>0.86</minimumDistance>
      <maximumDistance>4.45</maximumDistance>
    </quality>
    <evaluationMode>manual</evaluationMode>
    <creationInfo>
      <agencyURI>smi:smi-registry/organization/EMSC</agencyURI>
      <authorURI>smi:smi-registry/organization/EMSC</authorURI>
    </creationInfo>
    <originUncertainty>
      <azimuthMaxHorizontalUncertainty>157</azimuthMaxHorizontalUncertainty>
    </originUncertainty>
  </origin>
  <magnitude publicID="quakeml:eu.emsc/event/20031016_0000005/origin/1351926/mag/1">
    <mag>
      <value>2.9</value>
      <uncertainty>0.3</uncertainty>
    </mag>
    <type>ML</type>
    <originID>quakeml:eu.emsc/event/20031016_0000005/origin/1351926</originID>
    <stationCount>12</stationCount>
    <creationInfo>
      <agencyURI>smi:smi-registry/organization/EMSC</agencyURI>
      <authorURI>smi:smi-registry/organization/EMSC</authorURI>
    </creationInfo>
  </magnitude>
</event>
<event publicID="quakeml:eu.emsc/event/20031016_0000004">
  <preferredOriginID>quakeml:eu.emsc/event/20031016_0000004/origin/1351931</preferredOriginID>
  <preferredMagnitudeID>quakeml:eu.emsc/event/20031016_0000004/origin/1351931/mag/1</preferredMagnitudeID>
  <creationInfo>
    <agencyURI>smi:smi-registry/organization/EMSC</agencyURI>
    <authorURI>smi:smi-registry/organization/EMSC</authorURI>
    <creationTime>2014-12-03T11:09:49.78064Z</creationTime>
  </creationInfo>
  <description>
    <text>NORTHERN ALGERIA</text>
    <type>Flinn-Engdahl region</type>
  </description>
  <origin publicID="quakeml:eu.emsc/event/20031016_0000004/origin/1351931">
    <time>
      <value>2003-10-16T06:38:16.3Z</value>
      <uncertainty>0.58</uncertainty>
    </time>
    <latitude>
      <value>36.9588</value>
      <uncertainty>13.3</uncertainty>
    </latitude>
    <longitude>
      <value>3.1886</value>
      <uncertainty>5.9</uncertainty>
    </longitude>
    <depth>
      <value>60000</value>
    </depth>
    <depthType>from location</depthType>
    <methodID>smi:eu.emsc-csem/origin_method/NA</methodID>
    <quality>
      <usedPhaseCount>48</usedPhaseCount>
      <usedStationCount>36</usedStationCount>
      <standardError>1.27</standardError>
      <azimuthalGap>223</azimuthalGap>
      <minimumDistance>2.53</minimumDistance>
      <maximumDistance>11.83</maximumDistance>
    </quality>
    <evaluationMode>manual</evaluationMode>
    <creationInfo>
      <agencyURI>smi:smi-registry/organization/EMSC</agencyURI>
      <authorURI>smi:smi-registry/organization/EMSC</authorURI>
    </creationInfo>
    <originUncertainty>
      <azimuthMaxHorizontalUncertainty>149</azimuthMaxHorizontalUncertainty>
    </originUncertainty>
  </origin>
  <magnitude publicID="quakeml:eu.emsc/event/20031016_0000004/origin/1351931/mag/1">
    <mag>
      <value>3.6</value>
      <uncertainty>0.4</uncertainty>
    </mag>
    <type>ML</type>
    <originID>quakeml:eu.emsc/event/20031016_0000004/origin/1351931</originID>
    <stationCount>11</stationCount>
    <creationInfo>
      <agencyURI>smi:smi-registry/organization/EMSC</agencyURI>
      <authorURI>smi:smi-registry/organization/EMSC</authorURI>
    </creationInfo>
  </magnitude>
</event>
<event publicID="quakeml:eu.emsc/event/20031016_0000003">
  <preferredOriginID>quakeml:eu.emsc/event/20031016_0000003/origin/1351937</preferredOriginID>
  <preferredMagnitudeID>quakeml:eu.emsc/event/20031016_0000003/origin/1351937/mag/1</preferredMagnitudeID>
  <creationInfo>
    <agencyURI>smi:smi-registry/organization/EMSC</agencyURI>
    <authorURI>smi:smi-registry/organization/EMSC</authorURI>
    <creationTime>2014-12-03T11:12:45.247775Z</creationTime>
  </creationInfo>
  <description>
    <text>IONIAN SEA</text>
    <type>Flinn-Engdahl region</type>
  </description>
  <origin publicID="quakeml:eu.emsc/event/20031016_0000003/origin/1351937">
    <time>
      <value>2003-10-16T04:40:05.0Z</value>
      <uncertainty>0.33</uncertainty>
    </time>
    <latitude>
      <value>37.2325</value>
      <uncertainty>8.9</uncertainty>
    </latitude>
    <longitude>
      <value>17.0017</value>
      <uncertainty>4.2</uncertainty>
    </longitude>
    <depth>
      <value>40000</value>
    </depth>
    <depthType>from location</depthType>
    <methodID>smi:eu.emsc-csem/origin_method/NA</methodID>
    <quality>
      <usedPhaseCount>78</usedPhaseCount>
      <usedStationCount>70</usedStationCount>
      <standardError>1.17</standardError>
      <azimuthalGap>154</azimuthalGap>
      <minimumDistance>1.13</minimumDistance>
      <maximumDistance>23.02</maximumDistance>
    </quality>
    <evaluationMode>manual</evaluationMode>
    <creationInfo>
      <agencyURI>smi:smi-registry/organization/EMSC</agencyURI>
      <authorURI>smi:smi-registry/organization/EMSC</authorURI>
    </creationInfo>
    <originUncertainty>
      <azimuthMaxHorizontalUncertainty>174</azimuthMaxHorizontalUncertainty>
    </originUncertainty>
  </origin>
  <magnitude publicID="quakeml:eu.emsc/event/20031016_0000003/origin/1351937/mag/1">
    <mag>
      <value>2.5</value>
    </mag>
    <type>Ms</type>
    <originID>quakeml:eu.emsc/event/20031016_0000003/origin/1351937</originID>
    <creationInfo>
      <agencyURI>smi:smi-registry/organization/EMSC</agencyURI>
      <authorURI>smi:smi-registry/organization/EMSC</authorURI>
    </creationInfo>
  </magnitude>
</event>
<event publicID="quakeml:eu.emsc/event/20031016_0000002">
  <preferredOriginID>quakeml:eu.emsc/event/20031016_0000002/origin/1351941</preferredOriginID>
  <preferredMagnitudeID>quakeml:eu.emsc/event/20031016_0000002/origin/1351941/mag/2</preferredMagnitudeID>
  <creationInfo>
    <agencyURI>smi:smi-registry/organization/EMSC</agencyURI>
    <authorURI>smi:smi-registry/organization/EMSC</authorURI>
    <creationTime>2014-12-03T12:07:22.264429Z</creationTime>
  </creationInfo>
  <description>
    <text>CYPRUS REGION</text>
    <type>Flinn-Engdahl region</type>
  </description>
  <origin publicID="quakeml:eu.emsc/event/20031016_0000002/origin/1351941">
    <time>
      <value>2003-10-16T01:52:17.8Z</value>
      <uncertainty>0.26</uncertainty>
    </time>
    <latitude>
      <value>35.6799</value>
      <uncertainty>10.1</uncertainty>
    </latitude>
    <longitude>
      <value>31.337</value>
      <uncertainty>4.5</uncertainty>
    </longitude>
    <depth>
      <value>30000</value>
    </depth>
    <depthType>from location</depthType>
    <methodID>smi:eu.emsc-csem/origin_method/NA</methodID>
    <quality>
      <usedPhaseCount>15</usedPhaseCount>
      <usedStationCount>15</usedStationCount>
      <standardError>0.54</standardError>
      <azimuthalGap>167</azimuthalGap>
      <minimumDistance>1.04</minimumDistance>
      <maximumDistance>4.14</maximumDistance>
    </quality>
    <evaluationMode>manual</evaluationMode>
    <creationInfo>
      <agencyURI>smi:smi-registry/organization/EMSC</agencyURI>
      <authorURI>smi:smi-registry/organization/EMSC</authorURI>
    </creationInfo>
    <originUncertainty>
      <azimuthMaxHorizontalUncertainty>46</azimuthMaxHorizontalUncertainty>
    </originUncertainty>
  </origin>
  <magnitude publicID="quakeml:eu.emsc/event/20031016_0000002/origin/1351941/mag/2">
    <mag>
      <value>3.3</value>
    </mag>
    <type>MD</type>
    <originID>quakeml:eu.emsc/event/20031016_0000002/origin/1351941</originID>
    <creationInfo>
      <agencyURI>smi:smi-registry/organization/EMSC</agencyURI>
      <authorURI>smi:smi-registry/organization/EMSC</authorURI>
    </creationInfo>
  </magnitude>
</event>
<event publicID="quakeml:eu.emsc/event/20031016_0000001">
  <preferredOriginID>quakeml:eu.emsc/event/20031016_0000001/origin/1351945</preferredOriginID>
  <preferredMagnitudeID>quakeml:eu.emsc/event/20031016_0000001/origin/1351945/mag/2</preferredMagnitudeID>
  <creationInfo>
    <agencyURI>smi:smi-registry/organization/EMSC</agencyURI>
    <authorURI>smi:smi-registry/organization/EMSC</authorURI>
    <creationTime>2014-12-03T10:47:02.658773Z</creationTime>
  </creationInfo>
  <description>
    <text>ALBANIA</text>
    <type>Flinn-Engdahl region</type>
  </description>
  <origin publicID="quakeml:eu.emsc/event/20031016_0000001/origin/1351945">
    <time>
      <value>2003-10-16T00:58:57.1Z</value>
      <uncertainty>0.15</uncertainty>
    </time>
    <latitude>
      <value>42.2599</value>
      <uncertainty>4.3</uncertainty>
    </latitude>
    <longitude>
      <value>19.5505</value>
      <uncertainty>2.7</uncertainty>
    </longitude>
    <depth>
      <value>2000</value>
    </depth>
    <depthType>from location</depthType>
    <methodID>smi:eu.emsc-csem/origin_method/NA</methodID>
    <quality>
      <usedPhaseCount>35</usedPhaseCount>
      <usedStationCount>21</usedStationCount>
      <standardError>1.04</standardError>
      <azimuthalGap>66</azimuthalGap>
      <minimumDistance>0.27</minimumDistance>
      <maximumDistance>3.86</maximumDistance>
    </quality>
    <evaluationMode>manual</evaluationMode>
    <creationInfo>
      <agencyURI>smi:smi-registry/organization/EMSC</agencyURI>
      <authorURI>smi:smi-registry/organization/EMSC</authorURI>
    </creationInfo>
    <originUncertainty>
      <azimuthMaxHorizontalUncertainty>51</azimuthMaxHorizontalUncertainty>
    </originUncertainty>
  </origin>
  <magnitude publicID="quakeml:eu.emsc/event/20031016_0000001/origin/1351945/mag/2">
    <mag>
      <value>3.4</value>
    </mag>
    <type>ML</type>
    <originID>quakeml:eu.emsc/event/20031016_0000001/origin/1351945</originID>
    <creationInfo>
      <agencyURI>smi:smi-registry/organization/EMSC</agencyURI>
      <authorURI>smi:smi-registry/organization/EMSC</authorURI>
    </creationInfo>
  </magnitude>
</event>
</eventParameters>
</q:quakeml>
