<?xml version="1.0"?>
<q:quakeml xmlns:q="http://quakeml.org/xmlns/quakeml/1.2"  xmlns="http://quakeml.org/xmlns/bed/1.2">
<eventParameters publicID="smi:eu.emsc/unid">
<event publicID="quakeml:eu.emsc/event/20030409_0000025">
  <preferredOriginID>quakeml:eu.emsc/event/20030409_0000025/origin/1373035</preferredOriginID>
  <preferredMagnitudeID>quakeml:eu.emsc/event/20030409_0000025/origin/1373035/mag/1</preferredMagnitudeID>
  <creationInfo>
    <agencyURI>smi:smi-registry/organization/EMSC</agencyURI>
    <authorURI>smi:smi-registry/organization/EMSC</authorURI>
    <creationTime>2014-12-03T15:10:31.385791Z</creationTime>
  </creationInfo>
  <description>
    <text>FRANCE</text>
    <type>Flinn-Engdahl region</type>
  </description>
  <origin publicID="quakeml:eu.emsc/event/20030409_0000025/origin/1373035">
    <time>
      <value>2003-04-09T23:10:11.3Z</value>
      <uncertainty>0.11</uncertainty>
    </time>
    <latitude>
      <value>44.7571</value>
      <uncertainty>2.5</uncertainty>
    </latitude>
    <longitude>
      <value>6.7893</value>
      <uncertainty>1.9</uncertainty>
    </longitude>
    <depth>
      <value>5000</value>
    </depth>
    <depthType>from location</depthType>
    <methodID>smi:eu.emsc-csem/origin_method/NA</methodID>
    <quality>
      <usedPhaseCount>51</usedPhaseCount>
      <usedStationCount>32</usedStationCount>
      <standardError>0.72</standardError>
      <azimuthalGap>45</azimuthalGap>
      <minimumDistance>0.03</minimumDistance>
      <maximumDistance>3.37</maximumDistance>
    </quality>
    <evaluationMode>manual</evaluationMode>
    <creationInfo>
      <agencyURI>smi:smi-registry/organization/EMSC</agencyURI>
      <authorURI>smi:smi-registry/organization/EMSC</authorURI>
    </creationInfo>
    <originUncertainty>
      <azimuthMaxHorizontalUncertainty>67</azimuthMaxHorizontalUncertainty>
    </originUncertainty>
  </origin>
  <magnitude publicID="quakeml:eu.emsc/event/20030409_0000025/origin/1373035/mag/1">
    <mag>
      <value>2.2</value>
      <uncertainty>0.2</uncertainty>
    </mag>
    <type>ML</type>
    <originID>quakeml:eu.emsc/event/20030409_0000025/origin/1373035</originID>
    <stationCount>9</stationCount>
    <creationInfo>
      <agencyURI>smi:smi-registry/organization/EMSC</agencyURI>
      <authorURI>smi:smi-registry/organization/EMSC</authorURI>
    </creationInfo>
  </magnitude>
</event>
<event publicID="quakeml:eu.emsc/event/20030409_0000023">
  <preferredOriginID>quakeml:eu.emsc/event/20030409_0000023/origin/1373632</preferredOriginID>
  <preferredMagnitudeID>quakeml:eu.emsc/event/20030409_0000023/origin/1373632/mag/2</preferredMagnitudeID>
  <creationInfo>
    <agencyURI>smi:smi-registry/organization/EMSC</agencyURI>
    <authorURI>smi:smi-registry/organization/EMSC</authorURI>
    <creationTime>2014-12-03T11:51:52.406429Z</creationTime>
  </creationInfo>
  <description>
    <text>CRETE, GREECE</text>
    <type>Flinn-Engdahl region</type>
  </description>
  <origin publicID="quakeml:eu.emsc/event/20030409_0000023/origin/1373632">
    <time>
      <value>2003-04-09T22:46:41.8Z</value>
      <uncertainty>0.28</uncertainty>
    </time>
    <latitude>
      <value>34.9115</value>
      <uncertainty>8.9</uncertainty>
    </latitude>
    <longitude>
      <value>26.3871</value>
      <uncertainty>5.8</uncertainty>
    </longitude>
    <depth>
      <value>38700.0</value>
    </depth>
    <depthType>from location</depthType>
    <methodID>smi:eu.emsc-csem/origin_method/NA</methodID>
    <quality>
      <usedPhaseCount>39</usedPhaseCount>
      <usedStationCount>37</usedStationCount>
      <standardError>1.12</standardError>
      <azimuthalGap>145</azimuthalGap>
      <minimumDistance>0.73</minimumDistance>
      <maximumDistance>77.99</maximumDistance>
    </quality>
    <evaluationMode>manual</evaluationMode>
    <creationInfo>
      <agencyURI>smi:smi-registry/organization/EMSC</agencyURI>
      <authorURI>smi:smi-registry/organization/EMSC</authorURI>
    </creationInfo>
    <originUncertainty>
      <azimuthMaxHorizontalUncertainty>31</azimuthMaxHorizontalUncertainty>
    </originUncertainty>
  </origin>
  <magnitude publicID="quakeml:eu.emsc/event/20030409_0000023/origin/1373632/mag/2">
    <mag>
      <value>4.1</value>
    </mag>
    <type>ML</type>
    <originID>quakeml:eu.emsc/event/20030409_0000023/origin/1373632</originID>
    <creationInfo>
      <agencyURI>smi:smi-registry/organization/EMSC</agencyURI>
      <authorURI>smi:smi-registry/organization/EMSC</authorURI>
    </creationInfo>
  </magnitude>
</event>
<event publicID="quakeml:eu.emsc/event/20030409_0000032">
  <preferredOriginID>quakeml:eu.emsc/event/20030409_0000032/origin/1359212</preferredOriginID>
  <preferredMagnitudeID>quakeml:eu.emsc/event/20030409_0000032/origin/1359212/mag/2</preferredMagnitudeID>
  <creationInfo>
    <agencyURI>smi:smi-registry/organization/EMSC</agencyURI>
    <authorURI>smi:smi-registry/organization/EMSC</authorURI>
    <creationTime>2014-12-10T18:46:04.714758Z</creationTime>
  </creationInfo>
  <description>
    <text>NORTHERN ITALY</text>
    <type>Flinn-Engdahl region</type>
  </description>
  <origin publicID="quakeml:eu.emsc/event/20030409_0000032/origin/1359212">
    <time>
      <value>2003-04-09T22:43:59.3Z</value>
    </time>
    <latitude>
      <value>44.3373</value>
      <uncertainty>9999.9</uncertainty>
    </latitude>
    <longitude>
      <value>7.3125</value>
      <uncertainty>9999.9</uncertainty>
    </longitude>
    <depth>
      <value>10400.0</value>
    </depth>
    <depthType>from location</depthType>
    <methodID>smi:eu.emsc-csem/origin_method/NA</methodID>
    <quality>
      <usedPhaseCount>6</usedPhaseCount>
      <usedStationCount>4</usedStationCount>
      <standardError>7.77</standardError>
      <azimuthalGap>173</azimuthalGap>
      <minimumDistance>0.14</minimumDistance>
      <maximumDistance>0.41</maximumDistance>
    </quality>
    <evaluationMode>manual</evaluationMode>
    <creationInfo>
      <agencyURI>smi:smi-registry/organization/EMSC</agencyURI>
      <authorURI>smi:smi-registry/organization/EMSC</authorURI>
    </creationInfo>
    <originUncertainty>
      <azimuthMaxHorizontalUncertainty>-99</azimuthMaxHorizontalUncertainty>
    </originUncertainty>
  </origin>
  <magnitude publicID="quakeml:eu.emsc/event/20030409_0000032/origin/1359212/mag/2">
    <mag>
      <value>1.5</value>
    </mag>
    <type>ML</type>
    <originID>quakeml:eu.emsc/event/20030409_0000032/origin/1359212</originID>
    <creationInfo>
      <agencyURI>smi:smi-registry/organization/EMSC</agencyURI>
      <authorURI>smi:smi-registry/organization/EMSC</authorURI>
    </creationInfo>
  </magnitude>
</event>
<event publicID="quakeml:eu.emsc/event/20030409_0000022">
  <preferredOriginID>quakeml:eu.emsc/event/20030409_0000022/origin/1373635</preferredOriginID>
  <preferredMagnitudeID>quakeml:eu.emsc/event/20030409_0000022/origin/1373635/mag/2</preferredMagnitudeID>
  <creationInfo>
    <agencyURI>smi:smi-registry/organization/EMSC</agencyURI>
    <authorURI>smi:smi-registry/organization/EMSC</authorURI>
    <creationTime>2014-12-03T12:14:02.79809Z</creationTime>
  </creationInfo>
  <description>
    <text>DODECANESE ISLANDS, GREECE</text>
    <type>Flinn-Engdahl region</type>
  </description>
  <origin publicID="quakeml:eu.emsc/event/20030409_0000022/origin/1373635">
    <time>
      <value>2003-04-09T22:24:58.3Z</value>
      <uncertainty>0.18</uncertainty>
    </time>
    <latitude>
      <value>37.3599</value>
      <uncertainty>5.2</uncertainty>
    </latitude>
    <longitude>
      <value>26.8131</value>
      <uncertainty>4.3</uncertainty>
    </longitude>
    <depth>
      <value>2000</value>
    </depth>
    <depthType>from location</depthType>
    <methodID>smi:eu.emsc-csem/origin_method/NA</methodID>
    <quality>
      <usedPhaseCount>25</usedPhaseCount>
      <usedStationCount>23</usedStationCount>
      <standardError>0.77</standardError>
      <azimuthalGap>48</azimuthalGap>
      <minimumDistance>0.35</minimumDistance>
      <maximumDistance>4.27</maximumDistance>
    </quality>
    <evaluationMode>manual</evaluationMode>
    <creationInfo>
      <agencyURI>smi:smi-registry/organization/EMSC</agencyURI>
      <authorURI>smi:smi-registry/organization/EMSC</authorURI>
    </creationInfo>
    <originUncertainty>
      <azimuthMaxHorizontalUncertainty>115</azimuthMaxHorizontalUncertainty>
    </originUncertainty>
  </origin>
  <magnitude publicID="quakeml:eu.emsc/event/20030409_0000022/origin/1373635/mag/2">
    <mag>
      <value>3.8</value>
    </mag>
    <type>ML</type>
    <originID>quakeml:eu.emsc/event/20030409_0000022/origin/1373635</originID>
    <creationInfo>
      <agencyURI>smi:smi-registry/organization/EMSC</agencyURI>
      <authorURI>smi:smi-registry/organization/EMSC</authorURI>
    </creationInfo>
  </magnitude>
</event>
<event publicID="quakeml:eu.emsc/event/20030409_0000021">
  <preferredOriginID>quakeml:eu.emsc/event/20030409_0000021/origin/1359214</preferredOriginID>
  <preferredMagnitudeID>quakeml:eu.emsc/event/20030409_0000021/origin/1359214/mag/2</preferredMagnitudeID>
  <creationInfo>
    <agencyURI>smi:smi-registry/organization/EMSC</agencyURI>
    <authorURI>smi:smi-registry/organization/EMSC</authorURI>
    <creationTime>2014-12-10T19:51:36.57401Z</creationTime>
  </creationInfo>
  <description>
    <text>TURKEY-IRAN-IRAQ BORDER REGION</text>
    <type>Flinn-Engdahl region</type>
  </description>
  <origin publicID="quakeml:eu.emsc/event/20030409_0000021/origin/1359214">
    <time>
      <value>2003-04-09T21:06:11.7Z</value>
    </time>
    <latitude>
      <value>37.431</value>
      <uncertainty>9999.9</uncertainty>
    </latitude>
    <longitude>
      <value>44.029</value>
      <uncertainty>9999.9</uncertainty>
    </longitude>
    <depth>
      <value>12000</value>
    </depth>
    <depthType>from location</depthType>
    <methodID>smi:eu.emsc-csem/origin_method/NA</methodID>
    <quality>
      <usedPhaseCount>5</usedPhaseCount>
      <usedStationCount>5</usedStationCount>
      <standardError>1.96</standardError>
      <azimuthalGap>311</azimuthalGap>
      <minimumDistance>1.16</minimumDistance>
      <maximumDistance>4.52</maximumDistance>
    </quality>
    <evaluationMode>manual</evaluationMode>
    <creationInfo>
      <agencyURI>smi:smi-registry/organization/EMSC</agencyURI>
      <authorURI>smi:smi-registry/organization/EMSC</authorURI>
    </creationInfo>
    <originUncertainty>
      <azimuthMaxHorizontalUncertainty>-99</azimuthMaxHorizontalUncertainty>
    </originUncertainty>
  </origin>
  <magnitude publicID="quakeml:eu.emsc/event/20030409_0000021/origin/1359214/mag/2">
    <mag>
      <value>3.4</value>
    </mag>
    <type>MD</type>
    <originID>quakeml:eu.emsc/event/20030409_0000021/origin/1359214</originID>
    <creationInfo>
      <agencyURI>smi:smi-registry/organization/EMSC</agencyURI>
      <authorURI>smi:smi-registry/organization/EMSC</authorURI>
    </creationInfo>
  </magnitude>
</event>
<event publicID="quakeml:eu.emsc/event/20030409_0000020">
  <preferredOriginID>quakeml:eu.emsc/event/20030409_0000020/origin/1359216</preferredOriginID>
  <preferredMagnitudeID>quakeml:eu.emsc/event/20030409_0000020/origin/1359216/mag/2</preferredMagnitudeID>
  <creationInfo>
    <agencyURI>smi:smi-registry/organization/EMSC</agencyURI>
    <authorURI>smi:smi-registry/organization/EMSC</authorURI>
    <creationTime>2014-12-10T19:51:32.532843Z</creationTime>
  </creationInfo>
  <description>
    <text>SOUTHERN GREECE</text>
    <type>Flinn-Engdahl region</type>
  </description>
  <origin publicID="quakeml:eu.emsc/event/20030409_0000020/origin/1359216">
    <time>
      <value>2003-04-09T19:17:39.1Z</value>
    </time>
    <latitude>
      <value>37.82</value>
      <uncertainty>9999.9</uncertainty>
    </latitude>
    <longitude>
      <value>21.12</value>
      <uncertainty>9999.9</uncertainty>
    </longitude>
    <depth>
      <value>4000</value>
    </depth>
    <depthType>from location</depthType>
    <methodID>smi:eu.emsc-csem/origin_method/NA</methodID>
    <quality>
      <usedPhaseCount>5</usedPhaseCount>
      <usedStationCount>4</usedStationCount>
      <standardError>1.22</standardError>
      <azimuthalGap>175</azimuthalGap>
      <minimumDistance>0.55</minimumDistance>
      <maximumDistance>1.82</maximumDistance>
    </quality>
    <evaluationMode>manual</evaluationMode>
    <creationInfo>
      <agencyURI>smi:smi-registry/organization/EMSC</agencyURI>
      <authorURI>smi:smi-registry/organization/EMSC</authorURI>
    </creationInfo>
    <originUncertainty>
      <azimuthMaxHorizontalUncertainty>-99</azimuthMaxHorizontalUncertainty>
    </originUncertainty>
  </origin>
  <magnitude publicID="quakeml:eu.emsc/event/20030409_0000020/origin/1359216/mag/2">
    <mag>
      <value>3.3</value>
    </mag>
    <type>MD</type>
    <originID>quakeml:eu.emsc/event/20030409_0000020/origin/1359216</originID>
    <creationInfo>
      <agencyURI>smi:smi-registry/organization/EMSC</agencyURI>
      <authorURI>smi:smi-registry/organization/EMSC</authorURI>
    </creationInfo>
  </magnitude>
</event>
<event publicID="quakeml:eu.emsc/event/20030409_0000019">
  <preferredOriginID>quakeml:eu.emsc/event/20030409_0000019/origin/1359218</preferredOriginID>
  <preferredMagnitudeID>quakeml:eu.emsc/event/20030409_0000019/origin/1359218/mag/2</preferredMagnitudeID>
  <creationInfo>
    <agencyURI>smi:smi-registry/organization/EMSC</agencyURI>
    <authorURI>smi:smi-registry/organization/EMSC</authorURI>
    <creationTime>2014-12-10T19:51:30.610849Z</creationTime>
  </creationInfo>
  <description>
    <text>WESTERN TURKEY</text>
    <type>Flinn-Engdahl region</type>
  </description>
  <origin publicID="quakeml:eu.emsc/event/20030409_0000019/origin/1359218">
    <time>
      <value>2003-04-09T19:15:13.2Z</value>
    </time>
    <latitude>
      <value>38.521</value>
      <uncertainty>9999.9</uncertainty>
    </latitude>
    <longitude>
      <value>31.352</value>
      <uncertainty>9999.9</uncertainty>
    </longitude>
    <depth>
      <value>5000</value>
    </depth>
    <depthType>from location</depthType>
    <methodID>smi:eu.emsc-csem/origin_method/NA</methodID>
    <quality>
      <usedPhaseCount>7</usedPhaseCount>
      <usedStationCount>4</usedStationCount>
      <standardError>1.11</standardError>
      <azimuthalGap>174</azimuthalGap>
      <minimumDistance>0.55</minimumDistance>
      <maximumDistance>1.11</maximumDistance>
    </quality>
    <evaluationMode>manual</evaluationMode>
    <creationInfo>
      <agencyURI>smi:smi-registry/organization/EMSC</agencyURI>
      <authorURI>smi:smi-registry/organization/EMSC</authorURI>
    </creationInfo>
    <originUncertainty>
      <azimuthMaxHorizontalUncertainty>-99</azimuthMaxHorizontalUncertainty>
    </originUncertainty>
  </origin>
  <magnitude publicID="quakeml:eu.emsc/event/20030409_0000019/origin/1359218/mag/2">
    <mag>
      <value>2.9</value>
    </mag>
    <type>MD</type>
    <originID>quakeml:eu.emsc/event/20030409_0000019/origin/1359218</originID>
    <creationInfo>
      <agencyURI>smi:smi-registry/organization/EMSC</agencyURI>
      <authorURI>smi:smi-registry/organization/EMSC</authorURI>
    </creationInfo>
  </magnitude>
</event>
<event publicID="quakeml:eu.emsc/event/20030409_0000018">
  <preferredOriginID>quakeml:eu.emsc/event/20030409_0000018/origin/1374252</preferredOriginID>
  <preferredMagnitudeID>quakeml:eu.emsc/event/20030409_0000018/origin/1374252/mag/2</preferredMagnitudeID>
  <creationInfo>
    <agencyURI>smi:smi-registry/organization/EMSC</agencyURI>
    <authorURI>smi:smi-registry/organization/EMSC</authorURI>
    <creationTime>2014-12-03T10:27:16.538277Z</creationTime>
  </creationInfo>
  <description>
    <text>WESTERN TURKEY</text>
    <type>Flinn-Engdahl region</type>
  </description>
  <origin publicID="quakeml:eu.emsc/event/20030409_0000018/origin/1374252">
    <time>
      <value>2003-04-09T17:19:42.9Z</value>
      <uncertainty>0.08</uncertainty>
    </time>
    <latitude>
      <value>36.6062</value>
      <uncertainty>4.3</uncertainty>
    </latitude>
    <longitude>
      <value>30.9287</value>
      <uncertainty>2.1</uncertainty>
    </longitude>
    <depth>
      <value>106500.0</value>
    </depth>
    <depthType>from location</depthType>
    <methodID>smi:eu.emsc-csem/origin_method/NA</methodID>
    <quality>
      <usedPhaseCount>216</usedPhaseCount>
      <usedStationCount>211</usedStationCount>
      <standardError>0.92</standardError>
      <azimuthalGap>115</azimuthalGap>
      <minimumDistance>1.9</minimumDistance>
      <maximumDistance>36.62</maximumDistance>
    </quality>
    <evaluationMode>manual</evaluationMode>
    <creationInfo>
      <agencyURI>smi:smi-registry/organization/EMSC</agencyURI>
      <authorURI>smi:smi-registry/organization/EMSC</authorURI>
    </creationInfo>
    <originUncertainty>
      <azimuthMaxHorizontalUncertainty>39</azimuthMaxHorizontalUncertainty>
    </originUncertainty>
  </origin>
  <magnitude publicID="quakeml:eu.emsc/event/20030409_0000018/origin/1374252/mag/2">
    <mag>
      <value>4.3</value>
      <uncertainty>0.2</uncertainty>
    </mag>
    <type>mb</type>
    <originID>quakeml:eu.emsc/event/20030409_0000018/origin/1374252</originID>
    <stationCount>28</stationCount>
    <creationInfo>
      <agencyURI>smi:smi-registry/organization/EMSC</agencyURI>
      <authorURI>smi:smi-registry/organization/EMSC</authorURI>
    </creationInfo>
  </magnitude>
</event>
<event publicID="quakeml:eu.emsc/event/20030409_0000017">
  <preferredOriginID>quakeml:eu.emsc/event/20030409_0000017/origin/1359220</preferredOriginID>
  <preferredMagnitudeID>quakeml:eu.emsc/event/20030409_0000017/origin/1359220/mag/2</preferredMagnitudeID>
  <creationInfo>
    <agencyURI>smi:smi-registry/organization/EMSC</agencyURI>
    <authorURI>smi:smi-registry/organization/EMSC</authorURI>
    <creationTime>2014-12-10T19:51:25.630638Z</creationTime>
  </creationInfo>
  <description>
    <text>WESTERN TURKEY</text>
    <type>Flinn-Engdahl region</type>
  </description>
  <origin publicID="quakeml:eu.emsc/event/20030409_0000017/origin/1359220">
    <time>
      <value>2003-04-09T15:29:50.1Z</value>
    </time>
    <latitude>
      <value>37.596</value>
      <uncertainty>9999.9</uncertainty>
    </latitude>
    <longitude>
      <value>29.379</value>
      <uncertainty>9999.9</uncertainty>
    </longitude>
    <depth>
      <value>17000</value>
    </depth>
    <depthType>from location</depthType>
    <methodID>smi:eu.emsc-csem/origin_method/NA</methodID>
    <quality>
      <usedPhaseCount>7</usedPhaseCount>
      <usedStationCount>6</usedStationCount>
      <standardError>0.74</standardError>
      <azimuthalGap>131</azimuthalGap>
      <minimumDistance>0.32</minimumDistance>
      <maximumDistance>2.09</maximumDistance>
    </quality>
    <evaluationMode>manual</evaluationMode>
    <creationInfo>
      <agencyURI>smi:smi-registry/organization/EMSC</agencyURI>
      <authorURI>smi:smi-registry/organization/EMSC</authorURI>
    </creationInfo>
    <originUncertainty>
      <azimuthMaxHorizontalUncertainty>-99</azimuthMaxHorizontalUncertainty>
    </originUncertainty>
  </origin>
  <magnitude publicID="quakeml:eu.emsc/event/20030409_0000017/origin/1359220/mag/2">
    <mag>
      <value>2.9</value>
    </mag>
    <type>MD</type>
    <originID>quakeml:eu.emsc/event/20030409_0000017/origin/1359220</originID>
    <creationInfo>
      <agencyURI>smi:smi-registry/organization/EMSC</agencyURI>
      <authorURI>smi:smi-registry/organization/EMSC</authorURI>
    </creationInfo>
  </magnitude>
</event>
<event publicID="quakeml:eu.emsc/event/20030409_0000016">
  <preferredOriginID>quakeml:eu.emsc/event/20030409_0000016/origin/1374141</preferredOriginID>
  <preferredMagnitudeID>quakeml:eu.emsc/event/20030409_0000016/origin/1374141/mag/1</preferredMagnitudeID>
  <creationInfo>
    <agencyURI>smi:smi-registry/organization/EMSC</agencyURI>
    <authorURI>smi:smi-registry/organization/EMSC</authorURI>
    <creationTime>2014-12-03T10:42:08.295009Z</creationTime>
  </creationInfo>
  <description>
    <text>NORTHERN ITALY</text>
    <type>Flinn-Engdahl region</type>
  </description>
  <origin publicID="quakeml:eu.emsc/event/20030409_0000016/origin/1374141">
    <time>
      <value>2003-04-09T14:09:52.2Z</value>
      <uncertainty>0.1</uncertainty>
    </time>
    <latitude>
      <value>44.4258</value>
      <uncertainty>2.7</uncertainty>
    </latitude>
    <longitude>
      <value>8.355</value>
      <uncertainty>2</uncertainty>
    </longitude>
    <depth>
      <value>15000</value>
    </depth>
    <depthType>from location</depthType>
    <methodID>smi:eu.emsc-csem/origin_method/NA</methodID>
    <quality>
      <usedPhaseCount>134</usedPhaseCount>
      <usedStationCount>95</usedStationCount>
      <standardError>1.16</standardError>
      <azimuthalGap>52</azimuthalGap>
      <minimumDistance>0.18</minimumDistance>
      <maximumDistance>5.75</maximumDistance>
    </quality>
    <evaluationMode>manual</evaluationMode>
    <creationInfo>
      <agencyURI>smi:smi-registry/organization/EMSC</agencyURI>
      <authorURI>smi:smi-registry/organization/EMSC</authorURI>
    </creationInfo>
    <originUncertainty>
      <azimuthMaxHorizontalUncertainty>152</azimuthMaxHorizontalUncertainty>
    </originUncertainty>
  </origin>
  <magnitude publicID="quakeml:eu.emsc/event/20030409_0000016/origin/1374141/mag/1">
    <mag>
      <value>3.5</value>
      <uncertainty>0.5</uncertainty>
    </mag>
    <type>ML</type>
    <originID>quakeml:eu.emsc/event/20030409_0000016/origin/1374141</originID>
    <stationCount>21</stationCount>
    <creationInfo>
      <agencyURI>smi:smi-registry/organization/EMSC</agencyURI>
      <authorURI>smi:smi-registry/organization/EMSC</authorURI>
    </creationInfo>
  </magnitude>
</event>
<event publicID="quakeml:eu.emsc/event/20030409_0000015">
  <preferredOriginID>quakeml:eu.emsc/event/20030409_0000015/origin/1359222</preferredOriginID>
  <preferredMagnitudeID>quakeml:eu.emsc/event/20030409_0000015/origin/1359222/mag/2</preferredMagnitudeID>
  <creationInfo>
    <agencyURI>smi:smi-registry/organization/EMSC</agencyURI>
    <authorURI>smi:smi-registry/organization/EMSC</authorURI>
    <creationTime>2014-12-10T19:51:22.112338Z</creationTime>
  </creationInfo>
  <description>
    <text>WESTERN TURKEY</text>
    <type>Flinn-Engdahl region</type>
  </description>
  <origin publicID="quakeml:eu.emsc/event/20030409_0000015/origin/1359222">
    <time>
      <value>2003-04-09T13:57:53.1Z</value>
    </time>
    <latitude>
      <value>40.493</value>
      <uncertainty>9999.9</uncertainty>
    </latitude>
    <longitude>
      <value>29.309</value>
      <uncertainty>9999.9</uncertainty>
    </longitude>
    <depth>
      <value>8000</value>
    </depth>
    <depthType>from location</depthType>
    <methodID>smi:eu.emsc-csem/origin_method/NA</methodID>
    <quality>
      <usedPhaseCount>6</usedPhaseCount>
      <usedStationCount>6</usedStationCount>
      <standardError>0.61</standardError>
      <azimuthalGap>171</azimuthalGap>
      <minimumDistance>0.09</minimumDistance>
      <maximumDistance>1.31</maximumDistance>
    </quality>
    <evaluationMode>manual</evaluationMode>
    <creationInfo>
      <agencyURI>smi:smi-registry/organization/EMSC</agencyURI>
      <authorURI>smi:smi-registry/organization/EMSC</authorURI>
    </creationInfo>
    <originUncertainty>
      <azimuthMaxHorizontalUncertainty>-99</azimuthMaxHorizontalUncertainty>
    </originUncertainty>
  </origin>
  <magnitude publicID="quakeml:eu.emsc/event/20030409_0000015/origin/1359222/mag/2">
    <mag>
      <value>2.9</value>
    </mag>
    <type>MD</type>
    <originID>quakeml:eu.emsc/event/20030409_0000015/origin/1359222</originID>
    <creationInfo>
      <agencyURI>smi:smi-registry/organization/EMSC</agencyURI>
      <authorURI>smi:smi-registry/organization/EMSC</authorURI>
    </creationInfo>
  </magnitude>
</event>
<event publicID="quakeml:eu.emsc/event/20030409_0000014">
  <preferredOriginID>quakeml:eu.emsc/event/20030409_0000014/origin/1373638</preferredOriginID>
  <preferredMagnitudeID>quakeml:eu.emsc/event/20030409_0000014/origin/1373638/mag/2</preferredMagnitudeID>
  <creationInfo>
    <agencyURI>smi:smi-registry/organization/EMSC</agencyURI>
    <authorURI>smi:smi-registry/organization/EMSC</authorURI>
    <creationTime>2014-12-03T10:25:52.26852Z</creationTime>
  </creationInfo>
  <description>
    <text>JAN MAYEN ISLAND REGION</text>
    <type>Flinn-Engdahl region</type>
  </description>
  <origin publicID="quakeml:eu.emsc/event/20030409_0000014/origin/1373638">
    <time>
      <value>2003-04-09T12:39:59.9Z</value>
      <uncertainty>0.32</uncertainty>
    </time>
    <latitude>
      <value>70.7435</value>
      <uncertainty>12.8</uncertainty>
    </latitude>
    <longitude>
      <value>-6.6667</value>
      <uncertainty>7.7</uncertainty>
    </longitude>
    <depth>
      <value>40000</value>
    </depth>
    <depthType>from location</depthType>
    <methodID>smi:eu.emsc-csem/origin_method/NA</methodID>
    <quality>
      <usedPhaseCount>17</usedPhaseCount>
      <usedStationCount>16</usedStationCount>
      <standardError>1.08</standardError>
      <azimuthalGap>137</azimuthalGap>
      <minimumDistance>0.59</minimumDistance>
      <maximumDistance>15.97</maximumDistance>
    </quality>
    <evaluationMode>manual</evaluationMode>
    <creationInfo>
      <agencyURI>smi:smi-registry/organization/EMSC</agencyURI>
      <authorURI>smi:smi-registry/organization/EMSC</authorURI>
    </creationInfo>
    <originUncertainty>
      <azimuthMaxHorizontalUncertainty>33</azimuthMaxHorizontalUncertainty>
    </originUncertainty>
  </origin>
  <magnitude publicID="quakeml:eu.emsc/event/20030409_0000014/origin/1373638/mag/2">
    <mag>
      <value>3</value>
    </mag>
    <type>ML</type>
    <originID>quakeml:eu.emsc/event/20030409_0000014/origin/1373638</originID>
    <creationInfo>
      <agencyURI>smi:smi-registry/organization/EMSC</agencyURI>
      <authorURI>smi:smi-registry/organization/EMSC</authorURI>
    </creationInfo>
  </magnitude>
</event>
<event publicID="quakeml:eu.emsc/event/20030409_0000035">
  <preferredOriginID>quakeml:eu.emsc/event/20030409_0000035/origin/1359224</preferredOriginID>
  <preferredMagnitudeID>quakeml:eu.emsc/event/20030409_0000035/origin/1359224/mag/2</preferredMagnitudeID>
  <creationInfo>
    <agencyURI>smi:smi-registry/organization/EMSC</agencyURI>
    <authorURI>smi:smi-registry/organization/EMSC</authorURI>
    <creationTime>2014-12-10T18:46:04.228939Z</creationTime>
  </creationInfo>
  <description>
    <text>SPAIN</text>
    <type>Flinn-Engdahl region</type>
  </description>
  <origin publicID="quakeml:eu.emsc/event/20030409_0000035/origin/1359224">
    <time>
      <value>2003-04-09T12:31:27.0Z</value>
    </time>
    <latitude>
      <value>41.4187</value>
      <uncertainty>9999.9</uncertainty>
    </latitude>
    <longitude>
      <value>2.3277</value>
      <uncertainty>9999.9</uncertainty>
    </longitude>
    <depth>
      <value>0</value>
    </depth>
    <depthType>from location</depthType>
    <methodID>smi:eu.emsc-csem/origin_method/NA</methodID>
    <quality>
      <usedPhaseCount>8</usedPhaseCount>
      <usedStationCount>4</usedStationCount>
      <standardError>1.12</standardError>
      <azimuthalGap>244</azimuthalGap>
      <minimumDistance>0.78</minimumDistance>
      <maximumDistance>2.12</maximumDistance>
    </quality>
    <evaluationMode>manual</evaluationMode>
    <creationInfo>
      <agencyURI>smi:smi-registry/organization/EMSC</agencyURI>
      <authorURI>smi:smi-registry/organization/EMSC</authorURI>
    </creationInfo>
    <originUncertainty>
      <azimuthMaxHorizontalUncertainty>-99</azimuthMaxHorizontalUncertainty>
    </originUncertainty>
  </origin>
  <magnitude publicID="quakeml:eu.emsc/event/20030409_0000035/origin/1359224/mag/2">
    <mag>
      <value>1.4</value>
    </mag>
    <type>ML</type>
    <originID>quakeml:eu.emsc/event/20030409_0000035/origin/1359224</originID>
    <creationInfo>
      <agencyURI>smi:smi-registry/organization/EMSC</agencyURI>
      <authorURI>smi:smi-registry/organization/EMSC</authorURI>
    </creationInfo>
  </magnitude>
</event>
<event publicID="quakeml:eu.emsc/event/20030409_0000036">
  <preferredOriginID>quakeml:eu.emsc/event/20030409_0000036/origin/1364187</preferredOriginID>
  <preferredMagnitudeID>quakeml:eu.emsc/event/20030409_0000036/origin/1364187/mag/2</preferredMagnitudeID>
  <creationInfo>
    <agencyURI>smi:smi-registry/organization/EMSC</agencyURI>
    <authorURI>smi:smi-registry/organization/EMSC</authorURI>
    <creationTime>2014-12-10T18:46:03.729016Z</creationTime>
  </creationInfo>
  <description>
    <text>NORTHERN ITALY</text>
    <type>Flinn-Engdahl region</type>
  </description>
  <origin publicID="quakeml:eu.emsc/event/20030409_0000036/origin/1364187">
    <time>
      <value>2003-04-09T12:19:36.5Z</value>
    </time>
    <latitude>
      <value>46.101</value>
      <uncertainty>9999.9</uncertainty>
    </latitude>
    <longitude>
      <value>8.306</value>
      <uncertainty>9999.9</uncertainty>
    </longitude>
    <depth>
      <value>0</value>
    </depth>
    <depthType>from location</depthType>
    <methodID>smi:eu.emsc-csem/origin_method/NA</methodID>
    <quality>
      <usedPhaseCount>6</usedPhaseCount>
      <usedStationCount>3</usedStationCount>
      <standardError>1.89</standardError>
      <azimuthalGap>149</azimuthalGap>
      <minimumDistance>0.24</minimumDistance>
      <maximumDistance>0.9</maximumDistance>
    </quality>
    <evaluationMode>manual</evaluationMode>
    <creationInfo>
      <agencyURI>smi:smi-registry/organization/EMSC</agencyURI>
      <authorURI>smi:smi-registry/organization/EMSC</authorURI>
    </creationInfo>
    <originUncertainty>
      <azimuthMaxHorizontalUncertainty>-99</azimuthMaxHorizontalUncertainty>
    </originUncertainty>
  </origin>
  <magnitude publicID="quakeml:eu.emsc/event/20030409_0000036/origin/1364187/mag/2">
    <mag>
      <value>1.5</value>
    </mag>
    <type>ML</type>
    <originID>quakeml:eu.emsc/event/20030409_0000036/origin/1364187</originID>
    <stationCount>4</stationCount>
    <creationInfo>
      <agencyURI>smi:smi-registry/organization/EMSC</agencyURI>
      <authorURI>smi:smi-registry/organization/EMSC</authorURI>
    </creationInfo>
  </magnitude>
</event>
<event publicID="quakeml:eu.emsc/event/20030409_0000013">
  <preferredOriginID>quakeml:eu.emsc/event/20030409_0000013/origin/1373643</preferredOriginID>
  <preferredMagnitudeID>quakeml:eu.emsc/event/20030409_0000013/origin/1373643/mag/1</preferredMagnitudeID>
  <creationInfo>
    <agencyURI>smi:smi-registry/organization/EMSC</agencyURI>
    <authorURI>smi:smi-registry/organization/EMSC</authorURI>
    <creationTime>2014-12-03T11:28:09.207703Z</creationTime>
  </creationInfo>
  <description>
    <text>PYRENEES</text>
    <type>Flinn-Engdahl region</type>
  </description>
  <origin publicID="quakeml:eu.emsc/event/20030409_0000013/origin/1373643">
    <time>
      <value>2003-04-09T11:43:32.4Z</value>
      <uncertainty>0.1</uncertainty>
    </time>
    <latitude>
      <value>42.5849</value>
      <uncertainty>1.9</uncertainty>
    </latitude>
    <longitude>
      <value>0.9834</value>
      <uncertainty>1.8</uncertainty>
    </longitude>
    <depth>
      <value>10000</value>
    </depth>
    <depthType>from location</depthType>
    <methodID>smi:eu.emsc-csem/origin_method/NA</methodID>
    <quality>
      <usedPhaseCount>101</usedPhaseCount>
      <usedStationCount>49</usedStationCount>
      <standardError>1.1</standardError>
      <azimuthalGap>37</azimuthalGap>
      <minimumDistance>0.23</minimumDistance>
      <maximumDistance>5.92</maximumDistance>
    </quality>
    <evaluationMode>manual</evaluationMode>
    <creationInfo>
      <agencyURI>smi:smi-registry/organization/EMSC</agencyURI>
      <authorURI>smi:smi-registry/organization/EMSC</authorURI>
    </creationInfo>
    <originUncertainty>
      <azimuthMaxHorizontalUncertainty>178</azimuthMaxHorizontalUncertainty>
    </originUncertainty>
  </origin>
  <magnitude publicID="quakeml:eu.emsc/event/20030409_0000013/origin/1373643/mag/1">
    <mag>
      <value>3.1</value>
      <uncertainty>0.3</uncertainty>
    </mag>
    <type>ML</type>
    <originID>quakeml:eu.emsc/event/20030409_0000013/origin/1373643</originID>
    <stationCount>21</stationCount>
    <creationInfo>
      <agencyURI>smi:smi-registry/organization/EMSC</agencyURI>
      <authorURI>smi:smi-registry/organization/EMSC</authorURI>
    </creationInfo>
  </magnitude>
</event>
<event publicID="quakeml:eu.emsc/event/20030409_0000012">
  <preferredOriginID>quakeml:eu.emsc/event/20030409_0000012/origin/1359226</preferredOriginID>
  <preferredMagnitudeID>quakeml:eu.emsc/event/20030409_0000012/origin/1359226/mag/2</preferredMagnitudeID>
  <creationInfo>
    <agencyURI>smi:smi-registry/organization/EMSC</agencyURI>
    <authorURI>smi:smi-registry/organization/EMSC</authorURI>
    <creationTime>2014-12-10T19:51:13.579608Z</creationTime>
  </creationInfo>
  <description>
    <text>WESTERN TURKEY</text>
    <type>Flinn-Engdahl region</type>
  </description>
  <origin publicID="quakeml:eu.emsc/event/20030409_0000012/origin/1359226">
    <time>
      <value>2003-04-09T11:20:22.3Z</value>
    </time>
    <latitude>
      <value>39.943</value>
      <uncertainty>9999.9</uncertainty>
    </latitude>
    <longitude>
      <value>31.71</value>
      <uncertainty>9999.9</uncertainty>
    </longitude>
    <depth>
      <value>8000</value>
    </depth>
    <depthType>from location</depthType>
    <methodID>smi:eu.emsc-csem/origin_method/NA</methodID>
    <quality>
      <usedPhaseCount>6</usedPhaseCount>
      <usedStationCount>5</usedStationCount>
      <standardError>0.91</standardError>
      <azimuthalGap>208</azimuthalGap>
      <minimumDistance>0.65</minimumDistance>
      <maximumDistance>1.52</maximumDistance>
    </quality>
    <evaluationMode>manual</evaluationMode>
    <creationInfo>
      <agencyURI>smi:smi-registry/organization/EMSC</agencyURI>
      <authorURI>smi:smi-registry/organization/EMSC</authorURI>
    </creationInfo>
    <originUncertainty>
      <azimuthMaxHorizontalUncertainty>-99</azimuthMaxHorizontalUncertainty>
    </originUncertainty>
  </origin>
  <magnitude publicID="quakeml:eu.emsc/event/20030409_0000012/origin/1359226/mag/2">
    <mag>
      <value>2.9</value>
    </mag>
    <type>MD</type>
    <originID>quakeml:eu.emsc/event/20030409_0000012/origin/1359226</originID>
    <creationInfo>
      <agencyURI>smi:smi-registry/organization/EMSC</agencyURI>
      <authorURI>smi:smi-registry/organization/EMSC</authorURI>
    </creationInfo>
  </magnitude>
</event>
<event publicID="quakeml:eu.emsc/event/20030409_0000011">
  <preferredOriginID>quakeml:eu.emsc/event/20030409_0000011/origin/1374145</preferredOriginID>
  <preferredMagnitudeID>quakeml:eu.emsc/event/20030409_0000011/origin/1374145/mag/1</preferredMagnitudeID>
  <creationInfo>
    <agencyURI>smi:smi-registry/organization/EMSC</agencyURI>
    <authorURI>smi:smi-registry/organization/EMSC</authorURI>
    <creationTime>2014-12-03T11:05:53.65516Z</creationTime>
  </creationInfo>
  <description>
    <text>SPAIN</text>
    <type>Flinn-Engdahl region</type>
  </description>
  <origin publicID="quakeml:eu.emsc/event/20030409_0000011/origin/1374145">
    <time>
      <value>2003-04-09T10:04:05.2Z</value>
      <uncertainty>0.2</uncertainty>
    </time>
    <latitude>
      <value>39.0771</value>
      <uncertainty>5.3</uncertainty>
    </latitude>
    <longitude>
      <value>0.1104</value>
      <uncertainty>3.2</uncertainty>
    </longitude>
    <depth>
      <value>10000</value>
    </depth>
    <depthType>from location</depthType>
    <methodID>smi:eu.emsc-csem/origin_method/NA</methodID>
    <quality>
      <usedPhaseCount>35</usedPhaseCount>
      <usedStationCount>23</usedStationCount>
      <standardError>0.86</standardError>
      <azimuthalGap>122</azimuthalGap>
      <minimumDistance>0.46</minimumDistance>
      <maximumDistance>7.58</maximumDistance>
    </quality>
    <evaluationMode>manual</evaluationMode>
    <creationInfo>
      <agencyURI>smi:smi-registry/organization/EMSC</agencyURI>
      <authorURI>smi:smi-registry/organization/EMSC</authorURI>
    </creationInfo>
    <originUncertainty>
      <azimuthMaxHorizontalUncertainty>138</azimuthMaxHorizontalUncertainty>
    </originUncertainty>
  </origin>
  <magnitude publicID="quakeml:eu.emsc/event/20030409_0000011/origin/1374145/mag/1">
    <mag>
      <value>2.9</value>
      <uncertainty>0.2</uncertainty>
    </mag>
    <type>ML</type>
    <originID>quakeml:eu.emsc/event/20030409_0000011/origin/1374145</originID>
    <stationCount>4</stationCount>
    <creationInfo>
      <agencyURI>smi:smi-registry/organization/EMSC</agencyURI>
      <authorURI>smi:smi-registry/organization/EMSC</authorURI>
    </creationInfo>
  </magnitude>
</event>
<event publicID="quakeml:eu.emsc/event/20030409_0000010">
  <preferredOriginID>quakeml:eu.emsc/event/20030409_0000010/origin/1373647</preferredOriginID>
  <preferredMagnitudeID>quakeml:eu.emsc/event/20030409_0000010/origin/1373647/mag/1</preferredMagnitudeID>
  <creationInfo>
    <agencyURI>smi:smi-registry/organization/EMSC</agencyURI>
    <authorURI>smi:smi-registry/organization/EMSC</authorURI>
    <creationTime>2014-12-03T11:05:55.189069Z</creationTime>
  </creationInfo>
  <description>
    <text>SPAIN</text>
    <type>Flinn-Engdahl region</type>
  </description>
  <origin publicID="quakeml:eu.emsc/event/20030409_0000010/origin/1373647">
    <time>
      <value>2003-04-09T09:58:05.8Z</value>
      <uncertainty>0.19</uncertainty>
    </time>
    <latitude>
      <value>39.0835</value>
      <uncertainty>4.9</uncertainty>
    </latitude>
    <longitude>
      <value>0.0994</value>
      <uncertainty>3</uncertainty>
    </longitude>
    <depth>
      <value>8000</value>
    </depth>
    <depthType>from location</depthType>
    <methodID>smi:eu.emsc-csem/origin_method/NA</methodID>
    <quality>
      <usedPhaseCount>45</usedPhaseCount>
      <usedStationCount>28</usedStationCount>
      <standardError>0.94</standardError>
      <azimuthalGap>120</azimuthalGap>
      <minimumDistance>0.46</minimumDistance>
      <maximumDistance>7.58</maximumDistance>
    </quality>
    <evaluationMode>manual</evaluationMode>
    <creationInfo>
      <agencyURI>smi:smi-registry/organization/EMSC</agencyURI>
      <authorURI>smi:smi-registry/organization/EMSC</authorURI>
    </creationInfo>
    <originUncertainty>
      <azimuthMaxHorizontalUncertainty>141</azimuthMaxHorizontalUncertainty>
    </originUncertainty>
  </origin>
  <magnitude publicID="quakeml:eu.emsc/event/20030409_0000010/origin/1373647/mag/1">
    <mag>
      <value>3.1</value>
      <uncertainty>0.2</uncertainty>
    </mag>
    <type>ML</type>
    <originID>quakeml:eu.emsc/event/20030409_0000010/origin/1373647</originID>
    <stationCount>6</stationCount>
    <creationInfo>
      <agencyURI>smi:smi-registry/organization/EMSC</agencyURI>
      <authorURI>smi:smi-registry/organization/EMSC</authorURI>
    </creationInfo>
  </magnitude>
</event>
<event publicID="quakeml:eu.emsc/event/20030409_0000009">
  <preferredOriginID>quakeml:eu.emsc/event/20030409_0000009/origin/1364189</preferredOriginID>
  <preferredMagnitudeID>quakeml:eu.emsc/event/20030409_0000009/origin/1364189/mag/2</preferredMagnitudeID>
  <creationInfo>
    <agencyURI>smi:smi-registry/organization/EMSC</agencyURI>
    <authorURI>smi:smi-registry/organization/EMSC</authorURI>
    <creationTime>2014-12-10T19:51:03.840339Z</creationTime>
  </creationInfo>
  <description>
    <text>SPAIN</text>
    <type>Flinn-Engdahl region</type>
  </description>
  <origin publicID="quakeml:eu.emsc/event/20030409_0000009/origin/1364189">
    <time>
      <value>2003-04-09T09:41:54.0Z</value>
    </time>
    <latitude>
      <value>39.0035</value>
      <uncertainty>9999.9</uncertainty>
    </latitude>
    <longitude>
      <value>0.1567</value>
      <uncertainty>9999.9</uncertainty>
    </longitude>
    <depth>
      <value>25800.0</value>
    </depth>
    <depthType>from location</depthType>
    <methodID>smi:eu.emsc-csem/origin_method/NA</methodID>
    <quality>
      <usedPhaseCount>11</usedPhaseCount>
      <usedStationCount>5</usedStationCount>
      <standardError>0.94</standardError>
      <azimuthalGap>136</azimuthalGap>
      <minimumDistance>0.42</minimumDistance>
      <maximumDistance>1.44</maximumDistance>
    </quality>
    <evaluationMode>manual</evaluationMode>
    <creationInfo>
      <agencyURI>smi:smi-registry/organization/EMSC</agencyURI>
      <authorURI>smi:smi-registry/organization/EMSC</authorURI>
    </creationInfo>
    <originUncertainty>
      <azimuthMaxHorizontalUncertainty>-99</azimuthMaxHorizontalUncertainty>
    </originUncertainty>
  </origin>
  <magnitude publicID="quakeml:eu.emsc/event/20030409_0000009/origin/1364189/mag/2">
    <mag>
      <value>4</value>
      <uncertainty>0.5</uncertainty>
    </mag>
    <type>mb</type>
    <originID>quakeml:eu.emsc/event/20030409_0000009/origin/1364189</originID>
    <stationCount>5</stationCount>
    <creationInfo>
      <agencyURI>smi:smi-registry/organization/EMSC</agencyURI>
      <authorURI>smi:smi-registry/organization/EMSC</authorURI>
    </creationInfo>
  </magnitude>
</event>
<event publicID="quakeml:eu.emsc/event/20030409_0000008">
  <preferredOriginID>quakeml:eu.emsc/event/20030409_0000008/origin/1364191</preferredOriginID>
  <preferredMagnitudeID>quakeml:eu.emsc/event/20030409_0000008/origin/1364191/mag/2</preferredMagnitudeID>
  <creationInfo>
    <agencyURI>smi:smi-registry/organization/EMSC</agencyURI>
    <authorURI>smi:smi-registry/organization/EMSC</authorURI>
    <creationTime>2014-12-10T19:51:00.771452Z</creationTime>
  </creationInfo>
  <description>
    <text>SPAIN</text>
    <type>Flinn-Engdahl region</type>
  </description>
  <origin publicID="quakeml:eu.emsc/event/20030409_0000008/origin/1364191">
    <time>
      <value>2003-04-09T06:42:08.7Z</value>
    </time>
    <latitude>
      <value>39.0385</value>
      <uncertainty>9999.9</uncertainty>
    </latitude>
    <longitude>
      <value>0.1543</value>
      <uncertainty>9999.9</uncertainty>
    </longitude>
    <depth>
      <value>16500.0</value>
    </depth>
    <depthType>from location</depthType>
    <methodID>smi:eu.emsc-csem/origin_method/NA</methodID>
    <quality>
      <usedPhaseCount>11</usedPhaseCount>
      <usedStationCount>5</usedStationCount>
      <standardError>1.75</standardError>
      <azimuthalGap>131</azimuthalGap>
      <minimumDistance>0.45</minimumDistance>
      <maximumDistance>1.41</maximumDistance>
    </quality>
    <evaluationMode>manual</evaluationMode>
    <creationInfo>
      <agencyURI>smi:smi-registry/organization/EMSC</agencyURI>
      <authorURI>smi:smi-registry/organization/EMSC</authorURI>
    </creationInfo>
    <originUncertainty>
      <azimuthMaxHorizontalUncertainty>-99</azimuthMaxHorizontalUncertainty>
    </originUncertainty>
  </origin>
  <magnitude publicID="quakeml:eu.emsc/event/20030409_0000008/origin/1364191/mag/2">
    <mag>
      <value>2.5</value>
      <uncertainty>0.1</uncertainty>
    </mag>
    <type>mb</type>
    <originID>quakeml:eu.emsc/event/20030409_0000008/origin/1364191</originID>
    <stationCount>5</stationCount>
    <creationInfo>
      <agencyURI>smi:smi-registry/organization/EMSC</agencyURI>
      <authorURI>smi:smi-registry/organization/EMSC</authorURI>
    </creationInfo>
  </magnitude>
</event>
<event publicID="quakeml:eu.emsc/event/20030409_0000007">
  <preferredOriginID>quakeml:eu.emsc/event/20030409_0000007/origin/1374150</preferredOriginID>
  <preferredMagnitudeID>quakeml:eu.emsc/event/20030409_0000007/origin/1374150/mag/1</preferredMagnitudeID>
  <creationInfo>
    <agencyURI>smi:smi-registry/organization/EMSC</agencyURI>
    <authorURI>smi:smi-registry/organization/EMSC</authorURI>
    <creationTime>2014-12-03T10:32:26.274467Z</creationTime>
  </creationInfo>
  <description>
    <text>SPAIN</text>
    <type>Flinn-Engdahl region</type>
  </description>
  <origin publicID="quakeml:eu.emsc/event/20030409_0000007/origin/1374150">
    <time>
      <value>2003-04-09T05:48:50.8Z</value>
      <uncertainty>0.17</uncertainty>
    </time>
    <latitude>
      <value>37.929</value>
      <uncertainty>4.4</uncertainty>
    </latitude>
    <longitude>
      <value>-1.9048</value>
      <uncertainty>2.9</uncertainty>
    </longitude>
    <depth>
      <value>2000</value>
    </depth>
    <depthType>from location</depthType>
    <methodID>smi:eu.emsc-csem/origin_method/NA</methodID>
    <quality>
      <usedPhaseCount>65</usedPhaseCount>
      <usedStationCount>45</usedStationCount>
      <standardError>1.25</standardError>
      <azimuthalGap>78</azimuthalGap>
      <minimumDistance>0.53</minimumDistance>
      <maximumDistance>10.45</maximumDistance>
    </quality>
    <evaluationMode>manual</evaluationMode>
    <creationInfo>
      <agencyURI>smi:smi-registry/organization/EMSC</agencyURI>
      <authorURI>smi:smi-registry/organization/EMSC</authorURI>
    </creationInfo>
    <originUncertainty>
      <azimuthMaxHorizontalUncertainty>152</azimuthMaxHorizontalUncertainty>
    </originUncertainty>
  </origin>
  <magnitude publicID="quakeml:eu.emsc/event/20030409_0000007/origin/1374150/mag/1">
    <mag>
      <value>3.8</value>
      <uncertainty>0.3</uncertainty>
    </mag>
    <type>ML</type>
    <originID>quakeml:eu.emsc/event/20030409_0000007/origin/1374150</originID>
    <stationCount>8</stationCount>
    <creationInfo>
      <agencyURI>smi:smi-registry/organization/EMSC</agencyURI>
      <authorURI>smi:smi-registry/organization/EMSC</authorURI>
    </creationInfo>
  </magnitude>
</event>
<event publicID="quakeml:eu.emsc/event/20030409_0000006">
  <preferredOriginID>quakeml:eu.emsc/event/20030409_0000006/origin/1359228</preferredOriginID>
  <preferredMagnitudeID>quakeml:eu.emsc/event/20030409_0000006/origin/1359228/mag/2</preferredMagnitudeID>
  <creationInfo>
    <agencyURI>smi:smi-registry/organization/EMSC</agencyURI>
    <authorURI>smi:smi-registry/organization/EMSC</authorURI>
    <creationTime>2014-12-10T19:50:53.621061Z</creationTime>
  </creationInfo>
  <description>
    <text>GREECE</text>
    <type>Flinn-Engdahl region</type>
  </description>
  <origin publicID="quakeml:eu.emsc/event/20030409_0000006/origin/1359228">
    <time>
      <value>2003-04-09T05:48:05.5Z</value>
    </time>
    <latitude>
      <value>39.42</value>
      <uncertainty>9999.9</uncertainty>
    </latitude>
    <longitude>
      <value>20.89</value>
      <uncertainty>9999.9</uncertainty>
    </longitude>
    <depth>
      <value>28000</value>
    </depth>
    <depthType>from location</depthType>
    <methodID>smi:eu.emsc-csem/origin_method/NA</methodID>
    <quality>
      <usedPhaseCount>6</usedPhaseCount>
      <usedStationCount>3</usedStationCount>
      <standardError>2.2</standardError>
      <azimuthalGap>195</azimuthalGap>
      <minimumDistance>0.87</minimumDistance>
      <maximumDistance>1.26</maximumDistance>
    </quality>
    <evaluationMode>manual</evaluationMode>
    <creationInfo>
      <agencyURI>smi:smi-registry/organization/EMSC</agencyURI>
      <authorURI>smi:smi-registry/organization/EMSC</authorURI>
    </creationInfo>
    <originUncertainty>
      <azimuthMaxHorizontalUncertainty>-99</azimuthMaxHorizontalUncertainty>
    </originUncertainty>
  </origin>
  <magnitude publicID="quakeml:eu.emsc/event/20030409_0000006/origin/1359228/mag/2">
    <mag>
      <value>3</value>
    </mag>
    <type>MD</type>
    <originID>quakeml:eu.emsc/event/20030409_0000006/origin/1359228</originID>
    <creationInfo>
      <agencyURI>smi:smi-registry/organization/EMSC</agencyURI>
      <authorURI>smi:smi-registry/organization/EMSC</authorURI>
    </creationInfo>
  </magnitude>
</event>
<event publicID="quakeml:eu.emsc/event/20030409_0000004">
  <preferredOriginID>quakeml:eu.emsc/event/20030409_0000004/origin/1359230</preferredOriginID>
  <preferredMagnitudeID>quakeml:eu.emsc/event/20030409_0000004/origin/1359230/mag/2</preferredMagnitudeID>
  <creationInfo>
    <agencyURI>smi:smi-registry/organization/EMSC</agencyURI>
    <authorURI>smi:smi-registry/organization/EMSC</authorURI>
    <creationTime>2014-12-10T19:50:49.72625Z</creationTime>
  </creationInfo>
  <description>
    <text>GREECE</text>
    <type>Flinn-Engdahl region</type>
  </description>
  <origin publicID="quakeml:eu.emsc/event/20030409_0000004/origin/1359230">
    <time>
      <value>2003-04-09T04:28:15.2Z</value>
    </time>
    <latitude>
      <value>38.36</value>
      <uncertainty>9999.9</uncertainty>
    </latitude>
    <longitude>
      <value>20.48</value>
      <uncertainty>9999.9</uncertainty>
    </longitude>
    <depth>
      <value>5000</value>
    </depth>
    <depthType>from location</depthType>
    <methodID>smi:eu.emsc-csem/origin_method/NA</methodID>
    <quality>
      <usedPhaseCount>6</usedPhaseCount>
      <usedStationCount>6</usedStationCount>
      <standardError>0.86</standardError>
      <azimuthalGap>184</azimuthalGap>
      <minimumDistance>0.2</minimumDistance>
      <maximumDistance>2.55</maximumDistance>
    </quality>
    <evaluationMode>manual</evaluationMode>
    <creationInfo>
      <agencyURI>smi:smi-registry/organization/EMSC</agencyURI>
      <authorURI>smi:smi-registry/organization/EMSC</authorURI>
    </creationInfo>
    <originUncertainty>
      <azimuthMaxHorizontalUncertainty>-99</azimuthMaxHorizontalUncertainty>
    </originUncertainty>
  </origin>
  <magnitude publicID="quakeml:eu.emsc/event/20030409_0000004/origin/1359230/mag/2">
    <mag>
      <value>3.5</value>
    </mag>
    <type>MD</type>
    <originID>quakeml:eu.emsc/event/20030409_0000004/origin/1359230</originID>
    <creationInfo>
      <agencyURI>smi:smi-registry/organization/EMSC</agencyURI>
      <authorURI>smi:smi-registry/organization/EMSC</authorURI>
    </creationInfo>
  </magnitude>
</event>
<event publicID="quakeml:eu.emsc/event/20030409_0000033">
  <preferredOriginID>quakeml:eu.emsc/event/20030409_0000033/origin/1359232</preferredOriginID>
  <preferredMagnitudeID>quakeml:eu.emsc/event/20030409_0000033/origin/1359232/mag/2</preferredMagnitudeID>
  <creationInfo>
    <agencyURI>smi:smi-registry/organization/EMSC</agencyURI>
    <authorURI>smi:smi-registry/organization/EMSC</authorURI>
    <creationTime>2014-12-10T18:46:03.230455Z</creationTime>
  </creationInfo>
  <description>
    <text>FRANCE</text>
    <type>Flinn-Engdahl region</type>
  </description>
  <origin publicID="quakeml:eu.emsc/event/20030409_0000033/origin/1359232">
    <time>
      <value>2003-04-09T03:57:52.6Z</value>
    </time>
    <latitude>
      <value>46.1339</value>
      <uncertainty>9999.9</uncertainty>
    </latitude>
    <longitude>
      <value>4.5497</value>
      <uncertainty>9999.9</uncertainty>
    </longitude>
    <depth>
      <value>15000</value>
    </depth>
    <depthType>from location</depthType>
    <methodID>smi:eu.emsc-csem/origin_method/NA</methodID>
    <quality>
      <usedPhaseCount>15</usedPhaseCount>
      <usedStationCount>8</usedStationCount>
      <standardError>0.82</standardError>
      <azimuthalGap>110</azimuthalGap>
      <minimumDistance>0.71</minimumDistance>
      <maximumDistance>1.63</maximumDistance>
    </quality>
    <evaluationMode>manual</evaluationMode>
    <creationInfo>
      <agencyURI>smi:smi-registry/organization/EMSC</agencyURI>
      <authorURI>smi:smi-registry/organization/EMSC</authorURI>
    </creationInfo>
    <originUncertainty>
      <azimuthMaxHorizontalUncertainty>-99</azimuthMaxHorizontalUncertainty>
    </originUncertainty>
  </origin>
  <magnitude publicID="quakeml:eu.emsc/event/20030409_0000033/origin/1359232/mag/2">
    <mag>
      <value>2.1</value>
      <uncertainty>0.2</uncertainty>
    </mag>
    <type>ML</type>
    <originID>quakeml:eu.emsc/event/20030409_0000033/origin/1359232</originID>
    <stationCount>8</stationCount>
    <creationInfo>
      <agencyURI>smi:smi-registry/organization/EMSC</agencyURI>
      <authorURI>smi:smi-registry/organization/EMSC</authorURI>
    </creationInfo>
  </magnitude>
</event>
<event publicID="quakeml:eu.emsc/event/20030409_0000003">
  <preferredOriginID>quakeml:eu.emsc/event/20030409_0000003/origin/1359234</preferredOriginID>
  <preferredMagnitudeID>quakeml:eu.emsc/event/20030409_0000003/origin/1359234/mag/2</preferredMagnitudeID>
  <creationInfo>
    <agencyURI>smi:smi-registry/organization/EMSC</agencyURI>
    <authorURI>smi:smi-registry/organization/EMSC</authorURI>
    <creationTime>2014-12-10T19:50:48.76626Z</creationTime>
  </creationInfo>
  <description>
    <text>CENTRAL TURKEY</text>
    <type>Flinn-Engdahl region</type>
  </description>
  <origin publicID="quakeml:eu.emsc/event/20030409_0000003/origin/1359234">
    <time>
      <value>2003-04-09T03:26:32.2Z</value>
    </time>
    <latitude>
      <value>38.648</value>
      <uncertainty>9999.9</uncertainty>
    </latitude>
    <longitude>
      <value>32.614</value>
      <uncertainty>9999.9</uncertainty>
    </longitude>
    <depth>
      <value>1000</value>
    </depth>
    <depthType>from location</depthType>
    <methodID>smi:eu.emsc-csem/origin_method/NA</methodID>
    <quality>
      <usedPhaseCount>6</usedPhaseCount>
      <usedStationCount>5</usedStationCount>
      <standardError>1.51</standardError>
      <azimuthalGap>132</azimuthalGap>
      <minimumDistance>0.62</minimumDistance>
      <maximumDistance>2.33</maximumDistance>
    </quality>
    <evaluationMode>manual</evaluationMode>
    <creationInfo>
      <agencyURI>smi:smi-registry/organization/EMSC</agencyURI>
      <authorURI>smi:smi-registry/organization/EMSC</authorURI>
    </creationInfo>
    <originUncertainty>
      <azimuthMaxHorizontalUncertainty>-99</azimuthMaxHorizontalUncertainty>
    </originUncertainty>
  </origin>
  <magnitude publicID="quakeml:eu.emsc/event/20030409_0000003/origin/1359234/mag/2">
    <mag>
      <value>2.9</value>
    </mag>
    <type>MD</type>
    <originID>quakeml:eu.emsc/event/20030409_0000003/origin/1359234</originID>
    <creationInfo>
      <agencyURI>smi:smi-registry/organization/EMSC</agencyURI>
      <authorURI>smi:smi-registry/organization/EMSC</authorURI>
    </creationInfo>
  </magnitude>
</event>
<event publicID="quakeml:eu.emsc/event/20030409_0000031">
  <preferredOriginID>quakeml:eu.emsc/event/20030409_0000031/origin/1359236</preferredOriginID>
  <preferredMagnitudeID>quakeml:eu.emsc/event/20030409_0000031/origin/1359236/mag/2</preferredMagnitudeID>
  <creationInfo>
    <agencyURI>smi:smi-registry/organization/EMSC</agencyURI>
    <authorURI>smi:smi-registry/organization/EMSC</authorURI>
    <creationTime>2014-12-10T18:58:12.195039Z</creationTime>
  </creationInfo>
  <description>
    <text>PYRENEES</text>
    <type>Flinn-Engdahl region</type>
  </description>
  <origin publicID="quakeml:eu.emsc/event/20030409_0000031/origin/1359236">
    <time>
      <value>2003-04-09T02:20:57.2Z</value>
    </time>
    <latitude>
      <value>42.3097</value>
      <uncertainty>9999.9</uncertainty>
    </latitude>
    <longitude>
      <value>2.2396</value>
      <uncertainty>9999.9</uncertainty>
    </longitude>
    <depth>
      <value>0</value>
    </depth>
    <depthType>from location</depthType>
    <methodID>smi:eu.emsc-csem/origin_method/NA</methodID>
    <quality>
      <usedPhaseCount>18</usedPhaseCount>
      <usedStationCount>11</usedStationCount>
      <standardError>0.99</standardError>
      <azimuthalGap>122</azimuthalGap>
      <minimumDistance>0.05</minimumDistance>
      <maximumDistance>2.1</maximumDistance>
    </quality>
    <evaluationMode>manual</evaluationMode>
    <creationInfo>
      <agencyURI>smi:smi-registry/organization/EMSC</agencyURI>
      <authorURI>smi:smi-registry/organization/EMSC</authorURI>
    </creationInfo>
    <originUncertainty>
      <azimuthMaxHorizontalUncertainty>-99</azimuthMaxHorizontalUncertainty>
    </originUncertainty>
  </origin>
  <magnitude publicID="quakeml:eu.emsc/event/20030409_0000031/origin/1359236/mag/2">
    <mag>
      <value>1.6</value>
    </mag>
    <type>ML</type>
    <originID>quakeml:eu.emsc/event/20030409_0000031/origin/1359236</originID>
    <creationInfo>
      <agencyURI>smi:smi-registry/organization/EMSC</agencyURI>
      <authorURI>smi:smi-registry/organization/EMSC</authorURI>
    </creationInfo>
  </magnitude>
</event>
<event publicID="quakeml:eu.emsc/event/20030409_0000027">
  <preferredOriginID>quakeml:eu.emsc/event/20030409_0000027/origin/1373039</preferredOriginID>
  <preferredMagnitudeID>quakeml:eu.emsc/event/20030409_0000027/origin/1373039/mag/1</preferredMagnitudeID>
  <creationInfo>
    <agencyURI>smi:smi-registry/organization/EMSC</agencyURI>
    <authorURI>smi:smi-registry/organization/EMSC</authorURI>
    <creationTime>2014-12-03T15:14:49.473083Z</creationTime>
  </creationInfo>
  <description>
    <text>SWITZERLAND</text>
    <type>Flinn-Engdahl region</type>
  </description>
  <origin publicID="quakeml:eu.emsc/event/20030409_0000027/origin/1373039">
    <time>
      <value>2003-04-09T02:02:42.3Z</value>
      <uncertainty>0.12</uncertainty>
    </time>
    <latitude>
      <value>46.3267</value>
      <uncertainty>2.4</uncertainty>
    </latitude>
    <longitude>
      <value>7.6777</value>
      <uncertainty>1.7</uncertainty>
    </longitude>
    <depth>
      <value>10000</value>
    </depth>
    <depthType>from location</depthType>
    <methodID>smi:eu.emsc-csem/origin_method/NA</methodID>
    <quality>
      <usedPhaseCount>45</usedPhaseCount>
      <usedStationCount>28</usedStationCount>
      <standardError>0.77</standardError>
      <azimuthalGap>64</azimuthalGap>
      <minimumDistance>0.07</minimumDistance>
      <maximumDistance>2.96</maximumDistance>
    </quality>
    <evaluationMode>manual</evaluationMode>
    <creationInfo>
      <agencyURI>smi:smi-registry/organization/EMSC</agencyURI>
      <authorURI>smi:smi-registry/organization/EMSC</authorURI>
    </creationInfo>
    <originUncertainty>
      <azimuthMaxHorizontalUncertainty>121</azimuthMaxHorizontalUncertainty>
    </originUncertainty>
  </origin>
  <magnitude publicID="quakeml:eu.emsc/event/20030409_0000027/origin/1373039/mag/1">
    <mag>
      <value>2.1</value>
      <uncertainty>0.4</uncertainty>
    </mag>
    <type>ML</type>
    <originID>quakeml:eu.emsc/event/20030409_0000027/origin/1373039</originID>
    <stationCount>13</stationCount>
    <creationInfo>
      <agencyURI>smi:smi-registry/organization/EMSC</agencyURI>
      <authorURI>smi:smi-registry/organization/EMSC</authorURI>
    </creationInfo>
  </magnitude>
</event>
<event publicID="quakeml:eu.emsc/event/20030409_0000029">
  <preferredOriginID>quakeml:eu.emsc/event/20030409_0000029/origin/1373042</preferredOriginID>
  <preferredMagnitudeID>quakeml:eu.emsc/event/20030409_0000029/origin/1373042/mag/1</preferredMagnitudeID>
  <creationInfo>
    <agencyURI>smi:smi-registry/organization/EMSC</agencyURI>
    <authorURI>smi:smi-registry/organization/EMSC</authorURI>
    <creationTime>2014-12-03T15:37:21.988751Z</creationTime>
  </creationInfo>
  <description>
    <text>PYRENEES</text>
    <type>Flinn-Engdahl region</type>
  </description>
  <origin publicID="quakeml:eu.emsc/event/20030409_0000029/origin/1373042">
    <time>
      <value>2003-04-09T02:00:33.0Z</value>
      <uncertainty>0.13</uncertainty>
    </time>
    <latitude>
      <value>42.2964</value>
      <uncertainty>2.4</uncertainty>
    </latitude>
    <longitude>
      <value>2.202</value>
      <uncertainty>2.1</uncertainty>
    </longitude>
    <depth>
      <value>8000</value>
    </depth>
    <depthType>from location</depthType>
    <methodID>smi:eu.emsc-csem/origin_method/NA</methodID>
    <quality>
      <usedPhaseCount>36</usedPhaseCount>
      <usedStationCount>20</usedStationCount>
      <standardError>0.74</standardError>
      <azimuthalGap>60</azimuthalGap>
      <minimumDistance>0.02</minimumDistance>
      <maximumDistance>2.79</maximumDistance>
    </quality>
    <evaluationMode>manual</evaluationMode>
    <creationInfo>
      <agencyURI>smi:smi-registry/organization/EMSC</agencyURI>
      <authorURI>smi:smi-registry/organization/EMSC</authorURI>
    </creationInfo>
    <originUncertainty>
      <azimuthMaxHorizontalUncertainty>130</azimuthMaxHorizontalUncertainty>
    </originUncertainty>
  </origin>
  <magnitude publicID="quakeml:eu.emsc/event/20030409_0000029/origin/1373042/mag/1">
    <mag>
      <value>2.1</value>
      <uncertainty>0.4</uncertainty>
    </mag>
    <type>ML</type>
    <originID>quakeml:eu.emsc/event/20030409_0000029/origin/1373042</originID>
    <stationCount>13</stationCount>
    <creationInfo>
      <agencyURI>smi:smi-registry/organization/EMSC</agencyURI>
      <authorURI>smi:smi-registry/organization/EMSC</authorURI>
    </creationInfo>
  </magnitude>
</event>
<event publicID="quakeml:eu.emsc/event/20030409_0000034">
  <preferredOriginID>quakeml:eu.emsc/event/20030409_0000034/origin/1359238</preferredOriginID>
  <creationInfo>
    <agencyURI>smi:smi-registry/organization/EMSC</agencyURI>
    <authorURI>smi:smi-registry/organization/EMSC</authorURI>
    <creationTime>2014-12-10T18:58:11.658546Z</creationTime>
  </creationInfo>
  <description>
    <text>PYRENEES</text>
    <type>Flinn-Engdahl region</type>
  </description>
  <origin publicID="quakeml:eu.emsc/event/20030409_0000034/origin/1359238">
    <time>
      <value>2003-04-09T01:55:50.2Z</value>
    </time>
    <latitude>
      <value>42.3017</value>
      <uncertainty>9999.9</uncertainty>
    </latitude>
    <longitude>
      <value>2.2316</value>
      <uncertainty>9999.9</uncertainty>
    </longitude>
    <depth>
      <value>0</value>
    </depth>
    <depthType>from location</depthType>
    <methodID>smi:eu.emsc-csem/origin_method/NA</methodID>
    <quality>
      <usedPhaseCount>22</usedPhaseCount>
      <usedStationCount>11</usedStationCount>
      <standardError>1.13</standardError>
      <azimuthalGap>119</azimuthalGap>
      <minimumDistance>0.04</minimumDistance>
      <maximumDistance>1.96</maximumDistance>
    </quality>
    <evaluationMode>manual</evaluationMode>
    <creationInfo>
      <agencyURI>smi:smi-registry/organization/EMSC</agencyURI>
      <authorURI>smi:smi-registry/organization/EMSC</authorURI>
    </creationInfo>
    <originUncertainty>
      <azimuthMaxHorizontalUncertainty>-99</azimuthMaxHorizontalUncertainty>
    </originUncertainty>
  </origin>
</event>
<event publicID="quakeml:eu.emsc/event/20030409_0000030">
  <preferredOriginID>quakeml:eu.emsc/event/20030409_0000030/origin/1359240</preferredOriginID>
  <preferredMagnitudeID>quakeml:eu.emsc/event/20030409_0000030/origin/1359240/mag/2</preferredMagnitudeID>
  <creationInfo>
    <agencyURI>smi:smi-registry/organization/EMSC</agencyURI>
    <authorURI>smi:smi-registry/organization/EMSC</authorURI>
    <creationTime>2014-12-10T18:46:02.723456Z</creationTime>
  </creationInfo>
  <description>
    <text>FRANCE</text>
    <type>Flinn-Engdahl region</type>
  </description>
  <origin publicID="quakeml:eu.emsc/event/20030409_0000030/origin/1359240">
    <time>
      <value>2003-04-09T01:43:39.5Z</value>
    </time>
    <latitude>
      <value>48.33</value>
      <uncertainty>9999.9</uncertainty>
    </latitude>
    <longitude>
      <value>6.66</value>
      <uncertainty>9999.9</uncertainty>
    </longitude>
    <depth>
      <value>5000</value>
    </depth>
    <depthType>from location</depthType>
    <methodID>smi:eu.emsc-csem/origin_method/NA</methodID>
    <quality>
      <usedPhaseCount>12</usedPhaseCount>
      <usedStationCount>7</usedStationCount>
      <standardError>0.36</standardError>
      <azimuthalGap>151</azimuthalGap>
      <minimumDistance>0.35</minimumDistance>
      <maximumDistance>1.06</maximumDistance>
    </quality>
    <evaluationMode>manual</evaluationMode>
    <creationInfo>
      <agencyURI>smi:smi-registry/organization/EMSC</agencyURI>
      <authorURI>smi:smi-registry/organization/EMSC</authorURI>
    </creationInfo>
    <originUncertainty>
      <azimuthMaxHorizontalUncertainty>-99</azimuthMaxHorizontalUncertainty>
    </originUncertainty>
  </origin>
  <magnitude publicID="quakeml:eu.emsc/event/20030409_0000030/origin/1359240/mag/2">
    <mag>
      <value>1.9</value>
    </mag>
    <type>ML</type>
    <originID>quakeml:eu.emsc/event/20030409_0000030/origin/1359240</originID>
    <creationInfo>
      <agencyURI>smi:smi-registry/organization/EMSC</agencyURI>
      <authorURI>smi:smi-registry/organization/EMSC</authorURI>
    </creationInfo>
  </magnitude>
</event>
<event publicID="quakeml:eu.emsc/event/20030409_0000002">
  <preferredOriginID>quakeml:eu.emsc/event/20030409_0000002/origin/1359242</preferredOriginID>
  <preferredMagnitudeID>quakeml:eu.emsc/event/20030409_0000002/origin/1359242/mag/2</preferredMagnitudeID>
  <creationInfo>
    <agencyURI>smi:smi-registry/organization/EMSC</agencyURI>
    <authorURI>smi:smi-registry/organization/EMSC</authorURI>
    <creationTime>2014-12-10T19:50:46.571194Z</creationTime>
  </creationInfo>
  <description>
    <text>SOUTHERN GREECE</text>
    <type>Flinn-Engdahl region</type>
  </description>
  <origin publicID="quakeml:eu.emsc/event/20030409_0000002/origin/1359242">
    <time>
      <value>2003-04-09T00:43:55.2Z</value>
    </time>
    <latitude>
      <value>37.97</value>
      <uncertainty>9999.9</uncertainty>
    </latitude>
    <longitude>
      <value>21.26</value>
      <uncertainty>9999.9</uncertainty>
    </longitude>
    <depth>
      <value>58000</value>
    </depth>
    <depthType>from location</depthType>
    <methodID>smi:eu.emsc-csem/origin_method/NA</methodID>
    <quality>
      <usedPhaseCount>5</usedPhaseCount>
      <usedStationCount>4</usedStationCount>
      <standardError>0.79</standardError>
      <azimuthalGap>145</azimuthalGap>
      <minimumDistance>0.19</minimumDistance>
      <maximumDistance>1.04</maximumDistance>
    </quality>
    <evaluationMode>manual</evaluationMode>
    <creationInfo>
      <agencyURI>smi:smi-registry/organization/EMSC</agencyURI>
      <authorURI>smi:smi-registry/organization/EMSC</authorURI>
    </creationInfo>
    <originUncertainty>
      <azimuthMaxHorizontalUncertainty>-99</azimuthMaxHorizontalUncertainty>
    </originUncertainty>
  </origin>
  <magnitude publicID="quakeml:eu.emsc/event/20030409_0000002/origin/1359242/mag/2">
    <mag>
      <value>3.1</value>
    </mag>
    <type>MD</type>
    <originID>quakeml:eu.emsc/event/20030409_0000002/origin/1359242</originID>
    <creationInfo>
      <agencyURI>smi:smi-registry/organization/EMSC</agencyURI>
      <authorURI>smi:smi-registry/organization/EMSC</authorURI>
    </creationInfo>
  </magnitude>
</event>
<event publicID="quakeml:eu.emsc/event/20030409_0000001">
  <preferredOriginID>quakeml:eu.emsc/event/20030409_0000001/origin/1403496</preferredOriginID>
  <preferredMagnitudeID>quakeml:eu.emsc/event/20030409_0000001/origin/1403496/mag/2</preferredMagnitudeID>
  <creationInfo>
    <agencyURI>smi:smi-registry/organization/EMSC</agencyURI>
    <authorURI>smi:smi-registry/organization/EMSC</authorURI>
    <creationTime>2014-12-03T10:36:37.167534Z</creationTime>
  </creationInfo>
  <description>
    <text>ADRIATIC SEA</text>
    <type>Flinn-Engdahl region</type>
  </description>
  <origin publicID="quakeml:eu.emsc/event/20030409_0000001/origin/1403496">
    <time>
      <value>2003-04-09T00:39:00.6Z</value>
      <uncertainty>0.23</uncertainty>
    </time>
    <latitude>
      <value>43.1268</value>
      <uncertainty>6.5</uncertainty>
    </latitude>
    <longitude>
      <value>15.3056</value>
      <uncertainty>3.5</uncertainty>
    </longitude>
    <depth>
      <value>10000</value>
    </depth>
    <depthType>from location</depthType>
    <methodID>smi:eu.emsc-csem/origin_method/NA</methodID>
    <quality>
      <usedPhaseCount>45</usedPhaseCount>
      <usedStationCount>39</usedStationCount>
      <standardError>0.81</standardError>
      <azimuthalGap>154</azimuthalGap>
      <minimumDistance>1.33</minimumDistance>
      <maximumDistance>9.23</maximumDistance>
    </quality>
    <evaluationMode>manual</evaluationMode>
    <creationInfo>
      <agencyURI>smi:smi-registry/organization/EMSC</agencyURI>
      <authorURI>smi:smi-registry/organization/EMSC</authorURI>
    </creationInfo>
    <originUncertainty>
      <azimuthMaxHorizontalUncertainty>103</azimuthMaxHorizontalUncertainty>
    </originUncertainty>
  </origin>
  <magnitude publicID="quakeml:eu.emsc/event/20030409_0000001/origin/1403496/mag/2">
    <mag>
      <value>3.4</value>
    </mag>
    <type>ML</type>
    <originID>quakeml:eu.emsc/event/20030409_0000001/origin/1403496</originID>
    <creationInfo>
      <agencyURI>smi:smi-registry/organization/EMSC</agencyURI>
      <authorURI>smi:smi-registry/organization/EMSC</authorURI>
    </creationInfo>
  </magnitude>
</event>
</eventParameters>
</q:quakeml>
