<?xml version="1.0"?>
<q:quakeml xmlns:q="http://quakeml.org/xmlns/quakeml/1.2"  xmlns="http://quakeml.org/xmlns/bed/1.2">
<eventParameters publicID="smi:eu.emsc/unid">
<event publicID="quakeml:eu.emsc/event/20030206_0000019">
  <preferredOriginID>quakeml:eu.emsc/event/20030206_0000019/origin/1376018</preferredOriginID>
  <creationInfo>
    <agencyURI>smi:smi-registry/organization/EMSC</agencyURI>
    <authorURI>smi:smi-registry/organization/EMSC</authorURI>
    <creationTime>2014-12-03T12:15:53.857012Z</creationTime>
  </creationInfo>
  <description>
    <text>POLAND</text>
    <type>Flinn-Engdahl region</type>
  </description>
  <origin publicID="quakeml:eu.emsc/event/20030206_0000019/origin/1376018">
    <time>
      <value>2003-02-06T22:33:00.5Z</value>
      <uncertainty>0.24</uncertainty>
    </time>
    <latitude>
      <value>51.5236</value>
      <uncertainty>4.4</uncertainty>
    </latitude>
    <longitude>
      <value>16.1496</value>
      <uncertainty>3.5</uncertainty>
    </longitude>
    <depth>
      <value>2000</value>
    </depth>
    <depthType>from location</depthType>
    <methodID>smi:eu.emsc-csem/origin_method/NA</methodID>
    <quality>
      <usedPhaseCount>44</usedPhaseCount>
      <usedStationCount>22</usedStationCount>
      <standardError>0.96</standardError>
      <azimuthalGap>129</azimuthalGap>
      <minimumDistance>0.69</minimumDistance>
      <maximumDistance>5.89</maximumDistance>
    </quality>
    <evaluationMode>manual</evaluationMode>
    <creationInfo>
      <agencyURI>smi:smi-registry/organization/EMSC</agencyURI>
      <authorURI>smi:smi-registry/organization/EMSC</authorURI>
    </creationInfo>
    <originUncertainty>
      <azimuthMaxHorizontalUncertainty>22</azimuthMaxHorizontalUncertainty>
    </originUncertainty>
  </origin>
</event>
<event publicID="quakeml:eu.emsc/event/20030206_0000018">
  <preferredOriginID>quakeml:eu.emsc/event/20030206_0000018/origin/1360468</preferredOriginID>
  <preferredMagnitudeID>quakeml:eu.emsc/event/20030206_0000018/origin/1360468/mag/2</preferredMagnitudeID>
  <creationInfo>
    <agencyURI>smi:smi-registry/organization/EMSC</agencyURI>
    <authorURI>smi:smi-registry/organization/EMSC</authorURI>
    <creationTime>2014-12-10T19:38:02.27112Z</creationTime>
  </creationInfo>
  <description>
    <text>EASTERN TURKEY</text>
    <type>Flinn-Engdahl region</type>
  </description>
  <origin publicID="quakeml:eu.emsc/event/20030206_0000018/origin/1360468">
    <time>
      <value>2003-02-06T21:45:50.5Z</value>
    </time>
    <latitude>
      <value>39.56</value>
      <uncertainty>9999.9</uncertainty>
    </latitude>
    <longitude>
      <value>39.741</value>
      <uncertainty>9999.9</uncertainty>
    </longitude>
    <depth>
      <value>5000</value>
    </depth>
    <depthType>from location</depthType>
    <methodID>smi:eu.emsc-csem/origin_method/NA</methodID>
    <quality>
      <usedPhaseCount>8</usedPhaseCount>
      <usedStationCount>6</usedStationCount>
      <standardError>0.79</standardError>
      <azimuthalGap>146</azimuthalGap>
      <minimumDistance>0.36</minimumDistance>
      <maximumDistance>1.93</maximumDistance>
    </quality>
    <evaluationMode>manual</evaluationMode>
    <creationInfo>
      <agencyURI>smi:smi-registry/organization/EMSC</agencyURI>
      <authorURI>smi:smi-registry/organization/EMSC</authorURI>
    </creationInfo>
    <originUncertainty>
      <azimuthMaxHorizontalUncertainty>-99</azimuthMaxHorizontalUncertainty>
    </originUncertainty>
  </origin>
  <magnitude publicID="quakeml:eu.emsc/event/20030206_0000018/origin/1360468/mag/2">
    <mag>
      <value>3.5</value>
    </mag>
    <type>MD</type>
    <originID>quakeml:eu.emsc/event/20030206_0000018/origin/1360468</originID>
    <creationInfo>
      <agencyURI>smi:smi-registry/organization/EMSC</agencyURI>
      <authorURI>smi:smi-registry/organization/EMSC</authorURI>
    </creationInfo>
  </magnitude>
</event>
<event publicID="quakeml:eu.emsc/event/20030206_0000026">
  <preferredOriginID>quakeml:eu.emsc/event/20030206_0000026/origin/1375805</preferredOriginID>
  <preferredMagnitudeID>quakeml:eu.emsc/event/20030206_0000026/origin/1375805/mag/1</preferredMagnitudeID>
  <creationInfo>
    <agencyURI>smi:smi-registry/organization/EMSC</agencyURI>
    <authorURI>smi:smi-registry/organization/EMSC</authorURI>
    <creationTime>2014-12-03T16:44:27.667585Z</creationTime>
  </creationInfo>
  <description>
    <text>FRANCE</text>
    <type>Flinn-Engdahl region</type>
  </description>
  <origin publicID="quakeml:eu.emsc/event/20030206_0000026/origin/1375805">
    <time>
      <value>2003-02-06T19:05:01.7Z</value>
      <uncertainty>0.07</uncertainty>
    </time>
    <latitude>
      <value>44.8722</value>
      <uncertainty>1.6</uncertainty>
    </latitude>
    <longitude>
      <value>6.6559</value>
      <uncertainty>1.4</uncertainty>
    </longitude>
    <depth>
      <value>5000</value>
    </depth>
    <depthType>from location</depthType>
    <methodID>smi:eu.emsc-csem/origin_method/NA</methodID>
    <quality>
      <usedPhaseCount>19</usedPhaseCount>
      <usedStationCount>11</usedStationCount>
      <standardError>0.32</standardError>
      <azimuthalGap>89</azimuthalGap>
      <minimumDistance>0.1</minimumDistance>
      <maximumDistance>1.41</maximumDistance>
    </quality>
    <evaluationMode>manual</evaluationMode>
    <creationInfo>
      <agencyURI>smi:smi-registry/organization/EMSC</agencyURI>
      <authorURI>smi:smi-registry/organization/EMSC</authorURI>
    </creationInfo>
    <originUncertainty>
      <azimuthMaxHorizontalUncertainty>122</azimuthMaxHorizontalUncertainty>
    </originUncertainty>
  </origin>
  <magnitude publicID="quakeml:eu.emsc/event/20030206_0000026/origin/1375805/mag/1">
    <mag>
      <value>1.1</value>
      <uncertainty>0.4</uncertainty>
    </mag>
    <type>ML</type>
    <originID>quakeml:eu.emsc/event/20030206_0000026/origin/1375805</originID>
    <stationCount>5</stationCount>
    <creationInfo>
      <agencyURI>smi:smi-registry/organization/EMSC</agencyURI>
      <authorURI>smi:smi-registry/organization/EMSC</authorURI>
    </creationInfo>
  </magnitude>
</event>
<event publicID="quakeml:eu.emsc/event/20030206_0000016">
  <preferredOriginID>quakeml:eu.emsc/event/20030206_0000016/origin/1376020</preferredOriginID>
  <preferredMagnitudeID>quakeml:eu.emsc/event/20030206_0000016/origin/1376020/mag/2</preferredMagnitudeID>
  <creationInfo>
    <agencyURI>smi:smi-registry/organization/EMSC</agencyURI>
    <authorURI>smi:smi-registry/organization/EMSC</authorURI>
    <creationTime>2014-12-03T10:42:48.883092Z</creationTime>
  </creationInfo>
  <description>
    <text>IONIAN SEA</text>
    <type>Flinn-Engdahl region</type>
  </description>
  <origin publicID="quakeml:eu.emsc/event/20030206_0000016/origin/1376020">
    <time>
      <value>2003-02-06T19:02:41.0Z</value>
      <uncertainty>0.44</uncertainty>
    </time>
    <latitude>
      <value>37.5781</value>
      <uncertainty>11.9</uncertainty>
    </latitude>
    <longitude>
      <value>20.5472</value>
      <uncertainty>5.5</uncertainty>
    </longitude>
    <depth>
      <value>42600.0</value>
      <uncertainty>6.4</uncertainty>
    </depth>
    <depthType>from location</depthType>
    <methodID>smi:eu.emsc-csem/origin_method/NA</methodID>
    <quality>
      <usedPhaseCount>5</usedPhaseCount>
      <usedStationCount>3</usedStationCount>
      <standardError>0.14</standardError>
      <azimuthalGap>253</azimuthalGap>
      <minimumDistance>0.6</minimumDistance>
      <maximumDistance>2.01</maximumDistance>
    </quality>
    <evaluationMode>manual</evaluationMode>
    <creationInfo>
      <agencyURI>smi:smi-registry/organization/EMSC</agencyURI>
      <authorURI>smi:smi-registry/organization/EMSC</authorURI>
    </creationInfo>
    <originUncertainty>
      <azimuthMaxHorizontalUncertainty>78</azimuthMaxHorizontalUncertainty>
    </originUncertainty>
  </origin>
  <magnitude publicID="quakeml:eu.emsc/event/20030206_0000016/origin/1376020/mag/2">
    <mag>
      <value>3.2</value>
    </mag>
    <type>MD</type>
    <originID>quakeml:eu.emsc/event/20030206_0000016/origin/1376020</originID>
    <creationInfo>
      <agencyURI>smi:smi-registry/organization/EMSC</agencyURI>
      <authorURI>smi:smi-registry/organization/EMSC</authorURI>
    </creationInfo>
  </magnitude>
</event>
<event publicID="quakeml:eu.emsc/event/20030206_0000015">
  <preferredOriginID>quakeml:eu.emsc/event/20030206_0000015/origin/1360470</preferredOriginID>
  <preferredMagnitudeID>quakeml:eu.emsc/event/20030206_0000015/origin/1360470/mag/2</preferredMagnitudeID>
  <creationInfo>
    <agencyURI>smi:smi-registry/organization/EMSC</agencyURI>
    <authorURI>smi:smi-registry/organization/EMSC</authorURI>
    <creationTime>2014-12-10T19:37:53.3608Z</creationTime>
  </creationInfo>
  <description>
    <text>CANARY ISLANDS, SPAIN REGION</text>
    <type>Flinn-Engdahl region</type>
  </description>
  <origin publicID="quakeml:eu.emsc/event/20030206_0000015/origin/1360470">
    <time>
      <value>2003-02-06T18:58:46.1Z</value>
    </time>
    <latitude>
      <value>28.0672</value>
      <uncertainty>9999.9</uncertainty>
    </latitude>
    <longitude>
      <value>-16.0945</value>
      <uncertainty>9999.9</uncertainty>
    </longitude>
    <depth>
      <value>0</value>
    </depth>
    <depthType>from location</depthType>
    <methodID>smi:eu.emsc-csem/origin_method/NA</methodID>
    <quality>
      <usedPhaseCount>10</usedPhaseCount>
      <usedStationCount>5</usedStationCount>
      <standardError>2.98</standardError>
      <azimuthalGap>199</azimuthalGap>
      <minimumDistance>0.44</minimumDistance>
      <maximumDistance>1.81</maximumDistance>
    </quality>
    <evaluationMode>manual</evaluationMode>
    <creationInfo>
      <agencyURI>smi:smi-registry/organization/EMSC</agencyURI>
      <authorURI>smi:smi-registry/organization/EMSC</authorURI>
    </creationInfo>
    <originUncertainty>
      <azimuthMaxHorizontalUncertainty>-99</azimuthMaxHorizontalUncertainty>
    </originUncertainty>
  </origin>
  <magnitude publicID="quakeml:eu.emsc/event/20030206_0000015/origin/1360470/mag/2">
    <mag>
      <value>2.9</value>
      <uncertainty>0.1</uncertainty>
    </mag>
    <type>mb</type>
    <originID>quakeml:eu.emsc/event/20030206_0000015/origin/1360470</originID>
    <stationCount>5</stationCount>
    <creationInfo>
      <agencyURI>smi:smi-registry/organization/EMSC</agencyURI>
      <authorURI>smi:smi-registry/organization/EMSC</authorURI>
    </creationInfo>
  </magnitude>
</event>
<event publicID="quakeml:eu.emsc/event/20030206_0000013">
  <preferredOriginID>quakeml:eu.emsc/event/20030206_0000013/origin/1360472</preferredOriginID>
  <preferredMagnitudeID>quakeml:eu.emsc/event/20030206_0000013/origin/1360472/mag/2</preferredMagnitudeID>
  <creationInfo>
    <agencyURI>smi:smi-registry/organization/EMSC</agencyURI>
    <authorURI>smi:smi-registry/organization/EMSC</authorURI>
    <creationTime>2014-12-10T19:37:47.128096Z</creationTime>
  </creationInfo>
  <description>
    <text>SPAIN</text>
    <type>Flinn-Engdahl region</type>
  </description>
  <origin publicID="quakeml:eu.emsc/event/20030206_0000013/origin/1360472">
    <time>
      <value>2003-02-06T17:56:50.0Z</value>
    </time>
    <latitude>
      <value>38.2715</value>
      <uncertainty>9999.9</uncertainty>
    </latitude>
    <longitude>
      <value>-1.0331</value>
      <uncertainty>9999.9</uncertainty>
    </longitude>
    <depth>
      <value>0</value>
    </depth>
    <depthType>from location</depthType>
    <methodID>smi:eu.emsc-csem/origin_method/NA</methodID>
    <quality>
      <usedPhaseCount>14</usedPhaseCount>
      <usedStationCount>7</usedStationCount>
      <standardError>0.9</standardError>
      <azimuthalGap>145</azimuthalGap>
      <minimumDistance>0.46</minimumDistance>
      <maximumDistance>2.66</maximumDistance>
    </quality>
    <evaluationMode>manual</evaluationMode>
    <creationInfo>
      <agencyURI>smi:smi-registry/organization/EMSC</agencyURI>
      <authorURI>smi:smi-registry/organization/EMSC</authorURI>
    </creationInfo>
    <originUncertainty>
      <azimuthMaxHorizontalUncertainty>-99</azimuthMaxHorizontalUncertainty>
    </originUncertainty>
  </origin>
  <magnitude publicID="quakeml:eu.emsc/event/20030206_0000013/origin/1360472/mag/2">
    <mag>
      <value>2.2</value>
      <uncertainty>0.2</uncertainty>
    </mag>
    <type>mb</type>
    <originID>quakeml:eu.emsc/event/20030206_0000013/origin/1360472</originID>
    <stationCount>7</stationCount>
    <creationInfo>
      <agencyURI>smi:smi-registry/organization/EMSC</agencyURI>
      <authorURI>smi:smi-registry/organization/EMSC</authorURI>
    </creationInfo>
  </magnitude>
</event>
<event publicID="quakeml:eu.emsc/event/20030206_0000022">
  <preferredOriginID>quakeml:eu.emsc/event/20030206_0000022/origin/1375808</preferredOriginID>
  <preferredMagnitudeID>quakeml:eu.emsc/event/20030206_0000022/origin/1375808/mag/1</preferredMagnitudeID>
  <creationInfo>
    <agencyURI>smi:smi-registry/organization/EMSC</agencyURI>
    <authorURI>smi:smi-registry/organization/EMSC</authorURI>
    <creationTime>2014-12-03T15:35:28.447036Z</creationTime>
  </creationInfo>
  <description>
    <text>FRANCE</text>
    <type>Flinn-Engdahl region</type>
  </description>
  <origin publicID="quakeml:eu.emsc/event/20030206_0000022/origin/1375808">
    <time>
      <value>2003-02-06T17:27:34.7Z</value>
      <uncertainty>0.09</uncertainty>
    </time>
    <latitude>
      <value>44.4702</value>
      <uncertainty>2.2</uncertainty>
    </latitude>
    <longitude>
      <value>6.7684</value>
      <uncertainty>1.5</uncertainty>
    </longitude>
    <depth>
      <value>10000</value>
    </depth>
    <depthType>from location</depthType>
    <methodID>smi:eu.emsc-csem/origin_method/NA</methodID>
    <quality>
      <usedPhaseCount>34</usedPhaseCount>
      <usedStationCount>18</usedStationCount>
      <standardError>0.59</standardError>
      <azimuthalGap>58</azimuthalGap>
      <minimumDistance>0.03</minimumDistance>
      <maximumDistance>2.13</maximumDistance>
    </quality>
    <evaluationMode>manual</evaluationMode>
    <creationInfo>
      <agencyURI>smi:smi-registry/organization/EMSC</agencyURI>
      <authorURI>smi:smi-registry/organization/EMSC</authorURI>
    </creationInfo>
    <originUncertainty>
      <azimuthMaxHorizontalUncertainty>62</azimuthMaxHorizontalUncertainty>
    </originUncertainty>
  </origin>
  <magnitude publicID="quakeml:eu.emsc/event/20030206_0000022/origin/1375808/mag/1">
    <mag>
      <value>2.5</value>
      <uncertainty>0.4</uncertainty>
    </mag>
    <type>ML</type>
    <originID>quakeml:eu.emsc/event/20030206_0000022/origin/1375808</originID>
    <stationCount>9</stationCount>
    <creationInfo>
      <agencyURI>smi:smi-registry/organization/EMSC</agencyURI>
      <authorURI>smi:smi-registry/organization/EMSC</authorURI>
    </creationInfo>
  </magnitude>
</event>
<event publicID="quakeml:eu.emsc/event/20030206_0000024">
  <preferredOriginID>quakeml:eu.emsc/event/20030206_0000024/origin/1375811</preferredOriginID>
  <preferredMagnitudeID>quakeml:eu.emsc/event/20030206_0000024/origin/1375811/mag/2</preferredMagnitudeID>
  <creationInfo>
    <agencyURI>smi:smi-registry/organization/EMSC</agencyURI>
    <authorURI>smi:smi-registry/organization/EMSC</authorURI>
    <creationTime>2014-12-03T15:53:11.71624Z</creationTime>
  </creationInfo>
  <description>
    <text>PYRENEES</text>
    <type>Flinn-Engdahl region</type>
  </description>
  <origin publicID="quakeml:eu.emsc/event/20030206_0000024/origin/1375811">
    <time>
      <value>2003-02-06T14:33:03.3Z</value>
      <uncertainty>0.16</uncertainty>
    </time>
    <latitude>
      <value>42.9891</value>
      <uncertainty>7.4</uncertainty>
    </latitude>
    <longitude>
      <value>-0.2078</value>
      <uncertainty>2.3</uncertainty>
    </longitude>
    <depth>
      <value>15000</value>
    </depth>
    <depthType>from location</depthType>
    <methodID>smi:eu.emsc-csem/origin_method/NA</methodID>
    <quality>
      <usedPhaseCount>9</usedPhaseCount>
      <usedStationCount>5</usedStationCount>
      <standardError>0.41</standardError>
      <azimuthalGap>183</azimuthalGap>
      <minimumDistance>0.2</minimumDistance>
      <maximumDistance>1.81</maximumDistance>
    </quality>
    <evaluationMode>manual</evaluationMode>
    <creationInfo>
      <agencyURI>smi:smi-registry/organization/EMSC</agencyURI>
      <authorURI>smi:smi-registry/organization/EMSC</authorURI>
    </creationInfo>
    <originUncertainty>
      <azimuthMaxHorizontalUncertainty>167</azimuthMaxHorizontalUncertainty>
    </originUncertainty>
  </origin>
  <magnitude publicID="quakeml:eu.emsc/event/20030206_0000024/origin/1375811/mag/2">
    <mag>
      <value>2.3</value>
    </mag>
    <type>ML</type>
    <originID>quakeml:eu.emsc/event/20030206_0000024/origin/1375811</originID>
    <creationInfo>
      <agencyURI>smi:smi-registry/organization/EMSC</agencyURI>
      <authorURI>smi:smi-registry/organization/EMSC</authorURI>
    </creationInfo>
  </magnitude>
</event>
<event publicID="quakeml:eu.emsc/event/20030206_0000011">
  <preferredOriginID>quakeml:eu.emsc/event/20030206_0000011/origin/1376027</preferredOriginID>
  <preferredMagnitudeID>quakeml:eu.emsc/event/20030206_0000011/origin/1376027/mag/2</preferredMagnitudeID>
  <creationInfo>
    <agencyURI>smi:smi-registry/organization/EMSC</agencyURI>
    <authorURI>smi:smi-registry/organization/EMSC</authorURI>
    <creationTime>2014-12-03T10:53:39.104415Z</creationTime>
  </creationInfo>
  <description>
    <text>SOUTHERN GREECE</text>
    <type>Flinn-Engdahl region</type>
  </description>
  <origin publicID="quakeml:eu.emsc/event/20030206_0000011/origin/1376027">
    <time>
      <value>2003-02-06T13:43:29.3Z</value>
      <uncertainty>0.61</uncertainty>
    </time>
    <latitude>
      <value>36.6461</value>
      <uncertainty>23.3</uncertainty>
    </latitude>
    <longitude>
      <value>21.9703</value>
      <uncertainty>8.9</uncertainty>
    </longitude>
    <depth>
      <value>80000</value>
    </depth>
    <depthType>from location</depthType>
    <methodID>smi:eu.emsc-csem/origin_method/NA</methodID>
    <quality>
      <usedPhaseCount>15</usedPhaseCount>
      <usedStationCount>15</usedStationCount>
      <standardError>0.86</standardError>
      <azimuthalGap>200</azimuthalGap>
      <minimumDistance>0.78</minimumDistance>
      <maximumDistance>75.22</maximumDistance>
    </quality>
    <evaluationMode>manual</evaluationMode>
    <creationInfo>
      <agencyURI>smi:smi-registry/organization/EMSC</agencyURI>
      <authorURI>smi:smi-registry/organization/EMSC</authorURI>
    </creationInfo>
    <originUncertainty>
      <azimuthMaxHorizontalUncertainty>47</azimuthMaxHorizontalUncertainty>
    </originUncertainty>
  </origin>
  <magnitude publicID="quakeml:eu.emsc/event/20030206_0000011/origin/1376027/mag/2">
    <mag>
      <value>3.4</value>
    </mag>
    <type>ML</type>
    <originID>quakeml:eu.emsc/event/20030206_0000011/origin/1376027</originID>
    <creationInfo>
      <agencyURI>smi:smi-registry/organization/EMSC</agencyURI>
      <authorURI>smi:smi-registry/organization/EMSC</authorURI>
    </creationInfo>
  </magnitude>
</event>
<event publicID="quakeml:eu.emsc/event/20030206_0000010">
  <preferredOriginID>quakeml:eu.emsc/event/20030206_0000010/origin/1376030</preferredOriginID>
  <preferredMagnitudeID>quakeml:eu.emsc/event/20030206_0000010/origin/1376030/mag/2</preferredMagnitudeID>
  <creationInfo>
    <agencyURI>smi:smi-registry/organization/EMSC</agencyURI>
    <authorURI>smi:smi-registry/organization/EMSC</authorURI>
    <creationTime>2014-12-03T11:30:00.700644Z</creationTime>
  </creationInfo>
  <description>
    <text>SOUTHERN GREECE</text>
    <type>Flinn-Engdahl region</type>
  </description>
  <origin publicID="quakeml:eu.emsc/event/20030206_0000010/origin/1376030">
    <time>
      <value>2003-02-06T13:41:03.3Z</value>
      <uncertainty>1.8</uncertainty>
    </time>
    <latitude>
      <value>36.4576</value>
      <uncertainty>57</uncertainty>
    </latitude>
    <longitude>
      <value>21.2838</value>
      <uncertainty>14.4</uncertainty>
    </longitude>
    <depth>
      <value>46400.0</value>
      <uncertainty>8.9</uncertainty>
    </depth>
    <depthType>from location</depthType>
    <methodID>smi:eu.emsc-csem/origin_method/NA</methodID>
    <quality>
      <usedPhaseCount>12</usedPhaseCount>
      <usedStationCount>12</usedStationCount>
      <standardError>1.07</standardError>
      <azimuthalGap>229</azimuthalGap>
      <minimumDistance>0.89</minimumDistance>
      <maximumDistance>46.39</maximumDistance>
    </quality>
    <evaluationMode>manual</evaluationMode>
    <creationInfo>
      <agencyURI>smi:smi-registry/organization/EMSC</agencyURI>
      <authorURI>smi:smi-registry/organization/EMSC</authorURI>
    </creationInfo>
    <originUncertainty>
      <azimuthMaxHorizontalUncertainty>49</azimuthMaxHorizontalUncertainty>
    </originUncertainty>
  </origin>
  <magnitude publicID="quakeml:eu.emsc/event/20030206_0000010/origin/1376030/mag/2">
    <mag>
      <value>3.4</value>
    </mag>
    <type>MD</type>
    <originID>quakeml:eu.emsc/event/20030206_0000010/origin/1376030</originID>
    <creationInfo>
      <agencyURI>smi:smi-registry/organization/EMSC</agencyURI>
      <authorURI>smi:smi-registry/organization/EMSC</authorURI>
    </creationInfo>
  </magnitude>
</event>
<event publicID="quakeml:eu.emsc/event/20030206_0000007">
  <preferredOriginID>quakeml:eu.emsc/event/20030206_0000007/origin/1376033</preferredOriginID>
  <preferredMagnitudeID>quakeml:eu.emsc/event/20030206_0000007/origin/1376033/mag/2</preferredMagnitudeID>
  <creationInfo>
    <agencyURI>smi:smi-registry/organization/EMSC</agencyURI>
    <authorURI>smi:smi-registry/organization/EMSC</authorURI>
    <creationTime>2014-12-03T11:37:35.9512Z</creationTime>
  </creationInfo>
  <description>
    <text>GREECE</text>
    <type>Flinn-Engdahl region</type>
  </description>
  <origin publicID="quakeml:eu.emsc/event/20030206_0000007/origin/1376033">
    <time>
      <value>2003-02-06T11:57:12.1Z</value>
      <uncertainty>0.48</uncertainty>
    </time>
    <latitude>
      <value>38.3036</value>
      <uncertainty>15.6</uncertainty>
    </latitude>
    <longitude>
      <value>22.3359</value>
      <uncertainty>14.4</uncertainty>
    </longitude>
    <depth>
      <value>1800.0</value>
      <uncertainty>6</uncertainty>
    </depth>
    <depthType>from location</depthType>
    <methodID>smi:eu.emsc-csem/origin_method/NA</methodID>
    <quality>
      <usedPhaseCount>7</usedPhaseCount>
      <usedStationCount>5</usedStationCount>
      <standardError>1.12</standardError>
      <azimuthalGap>140</azimuthalGap>
      <minimumDistance>0.63</minimumDistance>
      <maximumDistance>1.38</maximumDistance>
    </quality>
    <evaluationMode>manual</evaluationMode>
    <creationInfo>
      <agencyURI>smi:smi-registry/organization/EMSC</agencyURI>
      <authorURI>smi:smi-registry/organization/EMSC</authorURI>
    </creationInfo>
    <originUncertainty>
      <azimuthMaxHorizontalUncertainty>58</azimuthMaxHorizontalUncertainty>
    </originUncertainty>
  </origin>
  <magnitude publicID="quakeml:eu.emsc/event/20030206_0000007/origin/1376033/mag/2">
    <mag>
      <value>3</value>
    </mag>
    <type>MD</type>
    <originID>quakeml:eu.emsc/event/20030206_0000007/origin/1376033</originID>
    <creationInfo>
      <agencyURI>smi:smi-registry/organization/EMSC</agencyURI>
      <authorURI>smi:smi-registry/organization/EMSC</authorURI>
    </creationInfo>
  </magnitude>
</event>
<event publicID="quakeml:eu.emsc/event/20030206_0000023">
  <preferredOriginID>quakeml:eu.emsc/event/20030206_0000023/origin/1360474</preferredOriginID>
  <preferredMagnitudeID>quakeml:eu.emsc/event/20030206_0000023/origin/1360474/mag/2</preferredMagnitudeID>
  <creationInfo>
    <agencyURI>smi:smi-registry/organization/EMSC</agencyURI>
    <authorURI>smi:smi-registry/organization/EMSC</authorURI>
    <creationTime>2014-12-10T18:43:19.698641Z</creationTime>
  </creationInfo>
  <description>
    <text>FRANCE</text>
    <type>Flinn-Engdahl region</type>
  </description>
  <origin publicID="quakeml:eu.emsc/event/20030206_0000023/origin/1360474">
    <time>
      <value>2003-02-06T10:43:28.1Z</value>
    </time>
    <latitude>
      <value>47.0666</value>
      <uncertainty>9999.9</uncertainty>
    </latitude>
    <longitude>
      <value>0.6614</value>
      <uncertainty>9999.9</uncertainty>
    </longitude>
    <depth>
      <value>4000</value>
    </depth>
    <depthType>from location</depthType>
    <methodID>smi:eu.emsc-csem/origin_method/NA</methodID>
    <quality>
      <usedPhaseCount>36</usedPhaseCount>
      <usedStationCount>14</usedStationCount>
      <standardError>1.6</standardError>
      <azimuthalGap>102</azimuthalGap>
      <minimumDistance>0.72</minimumDistance>
      <maximumDistance>2.95</maximumDistance>
    </quality>
    <evaluationMode>manual</evaluationMode>
    <creationInfo>
      <agencyURI>smi:smi-registry/organization/EMSC</agencyURI>
      <authorURI>smi:smi-registry/organization/EMSC</authorURI>
    </creationInfo>
    <originUncertainty>
      <azimuthMaxHorizontalUncertainty>-99</azimuthMaxHorizontalUncertainty>
    </originUncertainty>
  </origin>
  <magnitude publicID="quakeml:eu.emsc/event/20030206_0000023/origin/1360474/mag/2">
    <mag>
      <value>2.6</value>
      <uncertainty>0.2</uncertainty>
    </mag>
    <type>ML</type>
    <originID>quakeml:eu.emsc/event/20030206_0000023/origin/1360474</originID>
    <stationCount>14</stationCount>
    <creationInfo>
      <agencyURI>smi:smi-registry/organization/EMSC</agencyURI>
      <authorURI>smi:smi-registry/organization/EMSC</authorURI>
    </creationInfo>
  </magnitude>
</event>
<event publicID="quakeml:eu.emsc/event/20030206_0000006">
  <preferredOriginID>quakeml:eu.emsc/event/20030206_0000006/origin/1376038</preferredOriginID>
  <preferredMagnitudeID>quakeml:eu.emsc/event/20030206_0000006/origin/1376038/mag/1</preferredMagnitudeID>
  <creationInfo>
    <agencyURI>smi:smi-registry/organization/EMSC</agencyURI>
    <authorURI>smi:smi-registry/organization/EMSC</authorURI>
    <creationTime>2014-12-03T12:00:05.747748Z</creationTime>
  </creationInfo>
  <description>
    <text>BALEARIC ISLANDS, SPAIN</text>
    <type>Flinn-Engdahl region</type>
  </description>
  <origin publicID="quakeml:eu.emsc/event/20030206_0000006/origin/1376038">
    <time>
      <value>2003-02-06T10:34:36.9Z</value>
      <uncertainty>0.28</uncertainty>
    </time>
    <latitude>
      <value>40.8382</value>
      <uncertainty>5.1</uncertainty>
    </latitude>
    <longitude>
      <value>1.7344</value>
      <uncertainty>4</uncertainty>
    </longitude>
    <depth>
      <value>2000</value>
    </depth>
    <depthType>from location</depthType>
    <methodID>smi:eu.emsc-csem/origin_method/NA</methodID>
    <quality>
      <usedPhaseCount>50</usedPhaseCount>
      <usedStationCount>29</usedStationCount>
      <standardError>1.04</standardError>
      <azimuthalGap>113</azimuthalGap>
      <minimumDistance>0.64</minimumDistance>
      <maximumDistance>6.06</maximumDistance>
    </quality>
    <evaluationMode>manual</evaluationMode>
    <creationInfo>
      <agencyURI>smi:smi-registry/organization/EMSC</agencyURI>
      <authorURI>smi:smi-registry/organization/EMSC</authorURI>
    </creationInfo>
    <originUncertainty>
      <azimuthMaxHorizontalUncertainty>154</azimuthMaxHorizontalUncertainty>
    </originUncertainty>
  </origin>
  <magnitude publicID="quakeml:eu.emsc/event/20030206_0000006/origin/1376038/mag/1">
    <mag>
      <value>3.3</value>
      <uncertainty>0.5</uncertainty>
    </mag>
    <type>ML</type>
    <originID>quakeml:eu.emsc/event/20030206_0000006/origin/1376038</originID>
    <stationCount>15</stationCount>
    <creationInfo>
      <agencyURI>smi:smi-registry/organization/EMSC</agencyURI>
      <authorURI>smi:smi-registry/organization/EMSC</authorURI>
    </creationInfo>
  </magnitude>
</event>
<event publicID="quakeml:eu.emsc/event/20030206_0000025">
  <preferredOriginID>quakeml:eu.emsc/event/20030206_0000025/origin/1360476</preferredOriginID>
  <preferredMagnitudeID>quakeml:eu.emsc/event/20030206_0000025/origin/1360476/mag/2</preferredMagnitudeID>
  <creationInfo>
    <agencyURI>smi:smi-registry/organization/EMSC</agencyURI>
    <authorURI>smi:smi-registry/organization/EMSC</authorURI>
    <creationTime>2014-12-10T18:43:18.658819Z</creationTime>
  </creationInfo>
  <description>
    <text>SWITZERLAND</text>
    <type>Flinn-Engdahl region</type>
  </description>
  <origin publicID="quakeml:eu.emsc/event/20030206_0000025/origin/1360476">
    <time>
      <value>2003-02-06T10:10:41.4Z</value>
    </time>
    <latitude>
      <value>46.573</value>
      <uncertainty>9999.9</uncertainty>
    </latitude>
    <longitude>
      <value>8.05</value>
      <uncertainty>9999.9</uncertainty>
    </longitude>
    <depth>
      <value>8100.0</value>
    </depth>
    <depthType>from location</depthType>
    <methodID>smi:eu.emsc-csem/origin_method/NA</methodID>
    <quality>
      <usedPhaseCount>9</usedPhaseCount>
      <usedStationCount>5</usedStationCount>
      <standardError>0.2</standardError>
      <azimuthalGap>143</azimuthalGap>
      <minimumDistance>0.2</minimumDistance>
      <maximumDistance>0.52</maximumDistance>
    </quality>
    <evaluationMode>manual</evaluationMode>
    <creationInfo>
      <agencyURI>smi:smi-registry/organization/EMSC</agencyURI>
      <authorURI>smi:smi-registry/organization/EMSC</authorURI>
    </creationInfo>
    <originUncertainty>
      <azimuthMaxHorizontalUncertainty>-99</azimuthMaxHorizontalUncertainty>
    </originUncertainty>
  </origin>
  <magnitude publicID="quakeml:eu.emsc/event/20030206_0000025/origin/1360476/mag/2">
    <mag>
      <value>1.1</value>
    </mag>
    <type>ML</type>
    <originID>quakeml:eu.emsc/event/20030206_0000025/origin/1360476</originID>
    <stationCount>4</stationCount>
    <creationInfo>
      <agencyURI>smi:smi-registry/organization/EMSC</agencyURI>
      <authorURI>smi:smi-registry/organization/EMSC</authorURI>
    </creationInfo>
  </magnitude>
</event>
<event publicID="quakeml:eu.emsc/event/20030206_0000005">
  <preferredOriginID>quakeml:eu.emsc/event/20030206_0000005/origin/1376043</preferredOriginID>
  <preferredMagnitudeID>quakeml:eu.emsc/event/20030206_0000005/origin/1376043/mag/1</preferredMagnitudeID>
  <creationInfo>
    <agencyURI>smi:smi-registry/organization/EMSC</agencyURI>
    <authorURI>smi:smi-registry/organization/EMSC</authorURI>
    <creationTime>2014-12-03T11:27:27.855198Z</creationTime>
  </creationInfo>
  <description>
    <text>FRANCE</text>
    <type>Flinn-Engdahl region</type>
  </description>
  <origin publicID="quakeml:eu.emsc/event/20030206_0000005/origin/1376043">
    <time>
      <value>2003-02-06T09:23:39.0Z</value>
      <uncertainty>0.08</uncertainty>
    </time>
    <latitude>
      <value>44.4704</value>
      <uncertainty>1.7</uncertainty>
    </latitude>
    <longitude>
      <value>6.7889</value>
      <uncertainty>1.4</uncertainty>
    </longitude>
    <depth>
      <value>10000</value>
    </depth>
    <depthType>from location</depthType>
    <methodID>smi:eu.emsc-csem/origin_method/NA</methodID>
    <quality>
      <usedPhaseCount>79</usedPhaseCount>
      <usedStationCount>46</usedStationCount>
      <standardError>0.81</standardError>
      <azimuthalGap>31</azimuthalGap>
      <minimumDistance>0.02</minimumDistance>
      <maximumDistance>3.47</maximumDistance>
    </quality>
    <evaluationMode>manual</evaluationMode>
    <creationInfo>
      <agencyURI>smi:smi-registry/organization/EMSC</agencyURI>
      <authorURI>smi:smi-registry/organization/EMSC</authorURI>
    </creationInfo>
    <originUncertainty>
      <azimuthMaxHorizontalUncertainty>64</azimuthMaxHorizontalUncertainty>
    </originUncertainty>
  </origin>
  <magnitude publicID="quakeml:eu.emsc/event/20030206_0000005/origin/1376043/mag/1">
    <mag>
      <value>2.8</value>
      <uncertainty>0.4</uncertainty>
    </mag>
    <type>ML</type>
    <originID>quakeml:eu.emsc/event/20030206_0000005/origin/1376043</originID>
    <stationCount>11</stationCount>
    <creationInfo>
      <agencyURI>smi:smi-registry/organization/EMSC</agencyURI>
      <authorURI>smi:smi-registry/organization/EMSC</authorURI>
    </creationInfo>
  </magnitude>
</event>
<event publicID="quakeml:eu.emsc/event/20030206_0000004">
  <preferredOriginID>quakeml:eu.emsc/event/20030206_0000004/origin/1376046</preferredOriginID>
  <preferredMagnitudeID>quakeml:eu.emsc/event/20030206_0000004/origin/1376046/mag/1</preferredMagnitudeID>
  <creationInfo>
    <agencyURI>smi:smi-registry/organization/EMSC</agencyURI>
    <authorURI>smi:smi-registry/organization/EMSC</authorURI>
    <creationTime>2014-12-03T12:06:32.78015Z</creationTime>
  </creationInfo>
  <description>
    <text>MOROCCO</text>
    <type>Flinn-Engdahl region</type>
  </description>
  <origin publicID="quakeml:eu.emsc/event/20030206_0000004/origin/1376046">
    <time>
      <value>2003-02-06T08:43:59.1Z</value>
      <uncertainty>0.52</uncertainty>
    </time>
    <latitude>
      <value>32.5904</value>
      <uncertainty>11.2</uncertainty>
    </latitude>
    <longitude>
      <value>-6.4207</value>
      <uncertainty>9.5</uncertainty>
    </longitude>
    <depth>
      <value>2000</value>
    </depth>
    <depthType>from location</depthType>
    <methodID>smi:eu.emsc-csem/origin_method/NA</methodID>
    <quality>
      <usedPhaseCount>28</usedPhaseCount>
      <usedStationCount>17</usedStationCount>
      <standardError>0.75</standardError>
      <azimuthalGap>317</azimuthalGap>
      <minimumDistance>4.29</minimumDistance>
      <maximumDistance>9.35</maximumDistance>
    </quality>
    <evaluationMode>manual</evaluationMode>
    <creationInfo>
      <agencyURI>smi:smi-registry/organization/EMSC</agencyURI>
      <authorURI>smi:smi-registry/organization/EMSC</authorURI>
    </creationInfo>
    <originUncertainty>
      <azimuthMaxHorizontalUncertainty>95</azimuthMaxHorizontalUncertainty>
    </originUncertainty>
  </origin>
  <magnitude publicID="quakeml:eu.emsc/event/20030206_0000004/origin/1376046/mag/1">
    <mag>
      <value>3.5</value>
      <uncertainty>0.4</uncertainty>
    </mag>
    <type>ML</type>
    <originID>quakeml:eu.emsc/event/20030206_0000004/origin/1376046</originID>
    <stationCount>8</stationCount>
    <creationInfo>
      <agencyURI>smi:smi-registry/organization/EMSC</agencyURI>
      <authorURI>smi:smi-registry/organization/EMSC</authorURI>
    </creationInfo>
  </magnitude>
</event>
<event publicID="quakeml:eu.emsc/event/20030206_0000003">
  <preferredOriginID>quakeml:eu.emsc/event/20030206_0000003/origin/1376050</preferredOriginID>
  <preferredMagnitudeID>quakeml:eu.emsc/event/20030206_0000003/origin/1376050/mag/2</preferredMagnitudeID>
  <creationInfo>
    <agencyURI>smi:smi-registry/organization/EMSC</agencyURI>
    <authorURI>smi:smi-registry/organization/EMSC</authorURI>
    <creationTime>2014-12-03T11:11:09.997333Z</creationTime>
  </creationInfo>
  <description>
    <text>STRAIT OF GIBRALTAR</text>
    <type>Flinn-Engdahl region</type>
  </description>
  <origin publicID="quakeml:eu.emsc/event/20030206_0000003/origin/1376050">
    <time>
      <value>2003-02-06T06:47:57.9Z</value>
      <uncertainty>0.48</uncertainty>
    </time>
    <latitude>
      <value>36.5763</value>
      <uncertainty>12.4</uncertainty>
    </latitude>
    <longitude>
      <value>-5.4887</value>
      <uncertainty>9.1</uncertainty>
    </longitude>
    <depth>
      <value>15000</value>
    </depth>
    <depthType>from location</depthType>
    <methodID>smi:eu.emsc-csem/origin_method/NA</methodID>
    <quality>
      <usedPhaseCount>16</usedPhaseCount>
      <usedStationCount>13</usedStationCount>
      <standardError>1.35</standardError>
      <azimuthalGap>105</azimuthalGap>
      <minimumDistance>0.14</minimumDistance>
      <maximumDistance>2.29</maximumDistance>
    </quality>
    <evaluationMode>manual</evaluationMode>
    <creationInfo>
      <agencyURI>smi:smi-registry/organization/EMSC</agencyURI>
      <authorURI>smi:smi-registry/organization/EMSC</authorURI>
    </creationInfo>
    <originUncertainty>
      <azimuthMaxHorizontalUncertainty>159</azimuthMaxHorizontalUncertainty>
    </originUncertainty>
  </origin>
  <magnitude publicID="quakeml:eu.emsc/event/20030206_0000003/origin/1376050/mag/2">
    <mag>
      <value>2.3</value>
      <uncertainty>0.1</uncertainty>
    </mag>
    <type>mb</type>
    <originID>quakeml:eu.emsc/event/20030206_0000003/origin/1376050</originID>
    <stationCount>7</stationCount>
    <creationInfo>
      <agencyURI>smi:smi-registry/organization/EMSC</agencyURI>
      <authorURI>smi:smi-registry/organization/EMSC</authorURI>
    </creationInfo>
  </magnitude>
</event>
<event publicID="quakeml:eu.emsc/event/20030206_0000002">
  <preferredOriginID>quakeml:eu.emsc/event/20030206_0000002/origin/1376054</preferredOriginID>
  <preferredMagnitudeID>quakeml:eu.emsc/event/20030206_0000002/origin/1376054/mag/2</preferredMagnitudeID>
  <creationInfo>
    <agencyURI>smi:smi-registry/organization/EMSC</agencyURI>
    <authorURI>smi:smi-registry/organization/EMSC</authorURI>
    <creationTime>2014-12-03T11:27:33.269116Z</creationTime>
  </creationInfo>
  <description>
    <text>GREECE</text>
    <type>Flinn-Engdahl region</type>
  </description>
  <origin publicID="quakeml:eu.emsc/event/20030206_0000002/origin/1376054">
    <time>
      <value>2003-02-06T05:14:40.2Z</value>
      <uncertainty>0.44</uncertainty>
    </time>
    <latitude>
      <value>39.3015</value>
      <uncertainty>9.4</uncertainty>
    </latitude>
    <longitude>
      <value>20.3152</value>
      <uncertainty>7.6</uncertainty>
    </longitude>
    <depth>
      <value>2000</value>
    </depth>
    <depthType>from location</depthType>
    <methodID>smi:eu.emsc-csem/origin_method/NA</methodID>
    <quality>
      <usedPhaseCount>14</usedPhaseCount>
      <usedStationCount>9</usedStationCount>
      <standardError>0.98</standardError>
      <azimuthalGap>146</azimuthalGap>
      <minimumDistance>0.55</minimumDistance>
      <maximumDistance>2.3</maximumDistance>
    </quality>
    <evaluationMode>manual</evaluationMode>
    <creationInfo>
      <agencyURI>smi:smi-registry/organization/EMSC</agencyURI>
      <authorURI>smi:smi-registry/organization/EMSC</authorURI>
    </creationInfo>
    <originUncertainty>
      <azimuthMaxHorizontalUncertainty>38</azimuthMaxHorizontalUncertainty>
    </originUncertainty>
  </origin>
  <magnitude publicID="quakeml:eu.emsc/event/20030206_0000002/origin/1376054/mag/2">
    <mag>
      <value>3</value>
    </mag>
    <type>MD</type>
    <originID>quakeml:eu.emsc/event/20030206_0000002/origin/1376054</originID>
    <creationInfo>
      <agencyURI>smi:smi-registry/organization/EMSC</agencyURI>
      <authorURI>smi:smi-registry/organization/EMSC</authorURI>
    </creationInfo>
  </magnitude>
</event>
<event publicID="quakeml:eu.emsc/event/20030206_0000001">
  <preferredOriginID>quakeml:eu.emsc/event/20030206_0000001/origin/1360478</preferredOriginID>
  <preferredMagnitudeID>quakeml:eu.emsc/event/20030206_0000001/origin/1360478/mag/2</preferredMagnitudeID>
  <creationInfo>
    <agencyURI>smi:smi-registry/organization/EMSC</agencyURI>
    <authorURI>smi:smi-registry/organization/EMSC</authorURI>
    <creationTime>2014-12-10T19:37:17.142262Z</creationTime>
  </creationInfo>
  <description>
    <text>WESTERN TURKEY</text>
    <type>Flinn-Engdahl region</type>
  </description>
  <origin publicID="quakeml:eu.emsc/event/20030206_0000001/origin/1360478">
    <time>
      <value>2003-02-06T03:46:29.0Z</value>
    </time>
    <latitude>
      <value>40.423</value>
      <uncertainty>9999.9</uncertainty>
    </latitude>
    <longitude>
      <value>27.077</value>
      <uncertainty>9999.9</uncertainty>
    </longitude>
    <depth>
      <value>4000</value>
    </depth>
    <depthType>from location</depthType>
    <methodID>smi:eu.emsc-csem/origin_method/NA</methodID>
    <quality>
      <usedPhaseCount>8</usedPhaseCount>
      <usedStationCount>6</usedStationCount>
      <standardError>1.28</standardError>
      <azimuthalGap>190</azimuthalGap>
      <minimumDistance>0.43</minimumDistance>
      <maximumDistance>1.44</maximumDistance>
    </quality>
    <evaluationMode>manual</evaluationMode>
    <creationInfo>
      <agencyURI>smi:smi-registry/organization/EMSC</agencyURI>
      <authorURI>smi:smi-registry/organization/EMSC</authorURI>
    </creationInfo>
    <originUncertainty>
      <azimuthMaxHorizontalUncertainty>-99</azimuthMaxHorizontalUncertainty>
    </originUncertainty>
  </origin>
  <magnitude publicID="quakeml:eu.emsc/event/20030206_0000001/origin/1360478/mag/2">
    <mag>
      <value>2.9</value>
    </mag>
    <type>MD</type>
    <originID>quakeml:eu.emsc/event/20030206_0000001/origin/1360478</originID>
    <creationInfo>
      <agencyURI>smi:smi-registry/organization/EMSC</agencyURI>
      <authorURI>smi:smi-registry/organization/EMSC</authorURI>
    </creationInfo>
  </magnitude>
</event>
</eventParameters>
</q:quakeml>
