<?xml version="1.0"?>
<q:quakeml xmlns:q="http://quakeml.org/xmlns/quakeml/1.2"  xmlns="http://quakeml.org/xmlns/bed/1.2">
<eventParameters publicID="smi:eu.emsc/unid">
<event publicID="quakeml:eu.emsc/event/20030207_0000027">
  <preferredOriginID>quakeml:eu.emsc/event/20030207_0000027/origin/1375796</preferredOriginID>
  <preferredMagnitudeID>quakeml:eu.emsc/event/20030207_0000027/origin/1375796/mag/1</preferredMagnitudeID>
  <creationInfo>
    <agencyURI>smi:smi-registry/organization/EMSC</agencyURI>
    <authorURI>smi:smi-registry/organization/EMSC</authorURI>
    <creationTime>2014-12-03T15:41:11.189529Z</creationTime>
  </creationInfo>
  <description>
    <text>SPAIN</text>
    <type>Flinn-Engdahl region</type>
  </description>
  <origin publicID="quakeml:eu.emsc/event/20030207_0000027/origin/1375796">
    <time>
      <value>2003-02-07T23:27:58.8Z</value>
      <uncertainty>0.16</uncertainty>
    </time>
    <latitude>
      <value>41.5794</value>
      <uncertainty>4.5</uncertainty>
    </latitude>
    <longitude>
      <value>-5.9296</value>
      <uncertainty>2.3</uncertainty>
    </longitude>
    <depth>
      <value>2000</value>
    </depth>
    <depthType>from location</depthType>
    <methodID>smi:eu.emsc-csem/origin_method/NA</methodID>
    <quality>
      <usedPhaseCount>29</usedPhaseCount>
      <usedStationCount>14</usedStationCount>
      <standardError>0.93</standardError>
      <azimuthalGap>116</azimuthalGap>
      <minimumDistance>0.65</minimumDistance>
      <maximumDistance>3.02</maximumDistance>
    </quality>
    <evaluationMode>manual</evaluationMode>
    <creationInfo>
      <agencyURI>smi:smi-registry/organization/EMSC</agencyURI>
      <authorURI>smi:smi-registry/organization/EMSC</authorURI>
    </creationInfo>
    <originUncertainty>
      <azimuthMaxHorizontalUncertainty>25</azimuthMaxHorizontalUncertainty>
    </originUncertainty>
  </origin>
  <magnitude publicID="quakeml:eu.emsc/event/20030207_0000027/origin/1375796/mag/1">
    <mag>
      <value>2.5</value>
      <uncertainty>0.3</uncertainty>
    </mag>
    <type>ML</type>
    <originID>quakeml:eu.emsc/event/20030207_0000027/origin/1375796</originID>
    <stationCount>14</stationCount>
    <creationInfo>
      <agencyURI>smi:smi-registry/organization/EMSC</agencyURI>
      <authorURI>smi:smi-registry/organization/EMSC</authorURI>
    </creationInfo>
  </magnitude>
</event>
<event publicID="quakeml:eu.emsc/event/20030207_0000021">
  <preferredOriginID>quakeml:eu.emsc/event/20030207_0000021/origin/1375974</preferredOriginID>
  <preferredMagnitudeID>quakeml:eu.emsc/event/20030207_0000021/origin/1375974/mag/2</preferredMagnitudeID>
  <creationInfo>
    <agencyURI>smi:smi-registry/organization/EMSC</agencyURI>
    <authorURI>smi:smi-registry/organization/EMSC</authorURI>
    <creationTime>2014-12-03T11:09:49.46319Z</creationTime>
  </creationInfo>
  <description>
    <text>IONIAN SEA</text>
    <type>Flinn-Engdahl region</type>
  </description>
  <origin publicID="quakeml:eu.emsc/event/20030207_0000021/origin/1375974">
    <time>
      <value>2003-02-07T22:51:37.1Z</value>
      <uncertainty>1.29</uncertainty>
    </time>
    <latitude>
      <value>37.6186</value>
      <uncertainty>34.7</uncertainty>
    </latitude>
    <longitude>
      <value>20.964</value>
      <uncertainty>12.5</uncertainty>
    </longitude>
    <depth>
      <value>2000</value>
    </depth>
    <depthType>from location</depthType>
    <methodID>smi:eu.emsc-csem/origin_method/NA</methodID>
    <quality>
      <usedPhaseCount>8</usedPhaseCount>
      <usedStationCount>5</usedStationCount>
      <standardError>1.39</standardError>
      <azimuthalGap>212</azimuthalGap>
      <minimumDistance>0.63</minimumDistance>
      <maximumDistance>1.91</maximumDistance>
    </quality>
    <evaluationMode>manual</evaluationMode>
    <creationInfo>
      <agencyURI>smi:smi-registry/organization/EMSC</agencyURI>
      <authorURI>smi:smi-registry/organization/EMSC</authorURI>
    </creationInfo>
    <originUncertainty>
      <azimuthMaxHorizontalUncertainty>46</azimuthMaxHorizontalUncertainty>
    </originUncertainty>
  </origin>
  <magnitude publicID="quakeml:eu.emsc/event/20030207_0000021/origin/1375974/mag/2">
    <mag>
      <value>3.5</value>
    </mag>
    <type>MD</type>
    <originID>quakeml:eu.emsc/event/20030207_0000021/origin/1375974</originID>
    <creationInfo>
      <agencyURI>smi:smi-registry/organization/EMSC</agencyURI>
      <authorURI>smi:smi-registry/organization/EMSC</authorURI>
    </creationInfo>
  </magnitude>
</event>
<event publicID="quakeml:eu.emsc/event/20030207_0000019">
  <preferredOriginID>quakeml:eu.emsc/event/20030207_0000019/origin/1403442</preferredOriginID>
  <preferredMagnitudeID>quakeml:eu.emsc/event/20030207_0000019/origin/1403442/mag/2</preferredMagnitudeID>
  <creationInfo>
    <agencyURI>smi:smi-registry/organization/EMSC</agencyURI>
    <authorURI>smi:smi-registry/organization/EMSC</authorURI>
    <creationTime>2014-12-03T12:07:19.89603Z</creationTime>
  </creationInfo>
  <description>
    <text>SICILY, ITALY</text>
    <type>Flinn-Engdahl region</type>
  </description>
  <origin publicID="quakeml:eu.emsc/event/20030207_0000019/origin/1403442">
    <time>
      <value>2003-02-07T20:20:34.0Z</value>
      <uncertainty>0.17</uncertainty>
    </time>
    <latitude>
      <value>38.4313</value>
      <uncertainty>4.9</uncertainty>
    </latitude>
    <longitude>
      <value>13.6606</value>
      <uncertainty>3.2</uncertainty>
    </longitude>
    <depth>
      <value>15000</value>
    </depth>
    <depthType>from location</depthType>
    <methodID>smi:eu.emsc-csem/origin_method/NA</methodID>
    <quality>
      <usedPhaseCount>32</usedPhaseCount>
      <usedStationCount>23</usedStationCount>
      <standardError>0.97</standardError>
      <azimuthalGap>92</azimuthalGap>
      <minimumDistance>0.36</minimumDistance>
      <maximumDistance>8.71</maximumDistance>
    </quality>
    <evaluationMode>manual</evaluationMode>
    <creationInfo>
      <agencyURI>smi:smi-registry/organization/EMSC</agencyURI>
      <authorURI>smi:smi-registry/organization/EMSC</authorURI>
    </creationInfo>
    <originUncertainty>
      <azimuthMaxHorizontalUncertainty>50</azimuthMaxHorizontalUncertainty>
    </originUncertainty>
  </origin>
  <magnitude publicID="quakeml:eu.emsc/event/20030207_0000019/origin/1403442/mag/2">
    <mag>
      <value>3.3</value>
    </mag>
    <type>ML</type>
    <originID>quakeml:eu.emsc/event/20030207_0000019/origin/1403442</originID>
    <creationInfo>
      <agencyURI>smi:smi-registry/organization/EMSC</agencyURI>
      <authorURI>smi:smi-registry/organization/EMSC</authorURI>
    </creationInfo>
  </magnitude>
</event>
<event publicID="quakeml:eu.emsc/event/20030207_0000018">
  <preferredOriginID>quakeml:eu.emsc/event/20030207_0000018/origin/1375981</preferredOriginID>
  <preferredMagnitudeID>quakeml:eu.emsc/event/20030207_0000018/origin/1375981/mag/2</preferredMagnitudeID>
  <creationInfo>
    <agencyURI>smi:smi-registry/organization/EMSC</agencyURI>
    <authorURI>smi:smi-registry/organization/EMSC</authorURI>
    <creationTime>2014-12-03T11:48:01.24502Z</creationTime>
  </creationInfo>
  <description>
    <text>EASTERN TURKEY</text>
    <type>Flinn-Engdahl region</type>
  </description>
  <origin publicID="quakeml:eu.emsc/event/20030207_0000018/origin/1375981">
    <time>
      <value>2003-02-07T19:34:16.8Z</value>
      <uncertainty>0.15</uncertainty>
    </time>
    <latitude>
      <value>39.4978</value>
      <uncertainty>4.6</uncertainty>
    </latitude>
    <longitude>
      <value>39.7392</value>
      <uncertainty>3.8</uncertainty>
    </longitude>
    <depth>
      <value>2000</value>
    </depth>
    <depthType>from location</depthType>
    <methodID>smi:eu.emsc-csem/origin_method/NA</methodID>
    <quality>
      <usedPhaseCount>19</usedPhaseCount>
      <usedStationCount>17</usedStationCount>
      <standardError>0.87</standardError>
      <azimuthalGap>54</azimuthalGap>
      <minimumDistance>0.39</minimumDistance>
      <maximumDistance>26.31</maximumDistance>
    </quality>
    <evaluationMode>manual</evaluationMode>
    <creationInfo>
      <agencyURI>smi:smi-registry/organization/EMSC</agencyURI>
      <authorURI>smi:smi-registry/organization/EMSC</authorURI>
    </creationInfo>
    <originUncertainty>
      <azimuthMaxHorizontalUncertainty>51</azimuthMaxHorizontalUncertainty>
    </originUncertainty>
  </origin>
  <magnitude publicID="quakeml:eu.emsc/event/20030207_0000018/origin/1375981/mag/2">
    <mag>
      <value>3.7</value>
    </mag>
    <type>MD</type>
    <originID>quakeml:eu.emsc/event/20030207_0000018/origin/1375981</originID>
    <creationInfo>
      <agencyURI>smi:smi-registry/organization/EMSC</agencyURI>
      <authorURI>smi:smi-registry/organization/EMSC</authorURI>
    </creationInfo>
  </magnitude>
</event>
<event publicID="quakeml:eu.emsc/event/20030207_0000028">
  <preferredOriginID>quakeml:eu.emsc/event/20030207_0000028/origin/1375799</preferredOriginID>
  <preferredMagnitudeID>quakeml:eu.emsc/event/20030207_0000028/origin/1375799/mag/1</preferredMagnitudeID>
  <creationInfo>
    <agencyURI>smi:smi-registry/organization/EMSC</agencyURI>
    <authorURI>smi:smi-registry/organization/EMSC</authorURI>
    <creationTime>2014-12-03T15:43:14.582533Z</creationTime>
  </creationInfo>
  <description>
    <text>FRANCE</text>
    <type>Flinn-Engdahl region</type>
  </description>
  <origin publicID="quakeml:eu.emsc/event/20030207_0000028/origin/1375799">
    <time>
      <value>2003-02-07T18:08:03.1Z</value>
      <uncertainty>0.15</uncertainty>
    </time>
    <latitude>
      <value>45.431</value>
      <uncertainty>3.1</uncertainty>
    </latitude>
    <longitude>
      <value>6.4943</value>
      <uncertainty>2.4</uncertainty>
    </longitude>
    <depth>
      <value>15000</value>
    </depth>
    <depthType>from location</depthType>
    <methodID>smi:eu.emsc-csem/origin_method/NA</methodID>
    <quality>
      <usedPhaseCount>31</usedPhaseCount>
      <usedStationCount>17</usedStationCount>
      <standardError>0.67</standardError>
      <azimuthalGap>86</azimuthalGap>
      <minimumDistance>0.19</minimumDistance>
      <maximumDistance>3.11</maximumDistance>
    </quality>
    <evaluationMode>manual</evaluationMode>
    <creationInfo>
      <agencyURI>smi:smi-registry/organization/EMSC</agencyURI>
      <authorURI>smi:smi-registry/organization/EMSC</authorURI>
    </creationInfo>
    <originUncertainty>
      <azimuthMaxHorizontalUncertainty>83</azimuthMaxHorizontalUncertainty>
    </originUncertainty>
  </origin>
  <magnitude publicID="quakeml:eu.emsc/event/20030207_0000028/origin/1375799/mag/1">
    <mag>
      <value>2</value>
      <uncertainty>0.4</uncertainty>
    </mag>
    <type>ML</type>
    <originID>quakeml:eu.emsc/event/20030207_0000028/origin/1375799</originID>
    <stationCount>13</stationCount>
    <creationInfo>
      <agencyURI>smi:smi-registry/organization/EMSC</agencyURI>
      <authorURI>smi:smi-registry/organization/EMSC</authorURI>
    </creationInfo>
  </magnitude>
</event>
<event publicID="quakeml:eu.emsc/event/20030207_0000017">
  <preferredOriginID>quakeml:eu.emsc/event/20030207_0000017/origin/1360460</preferredOriginID>
  <preferredMagnitudeID>quakeml:eu.emsc/event/20030207_0000017/origin/1360460/mag/2</preferredMagnitudeID>
  <creationInfo>
    <agencyURI>smi:smi-registry/organization/EMSC</agencyURI>
    <authorURI>smi:smi-registry/organization/EMSC</authorURI>
    <creationTime>2014-12-10T19:38:40.515816Z</creationTime>
  </creationInfo>
  <description>
    <text>IONIAN SEA</text>
    <type>Flinn-Engdahl region</type>
  </description>
  <origin publicID="quakeml:eu.emsc/event/20030207_0000017/origin/1360460">
    <time>
      <value>2003-02-07T17:46:13.8Z</value>
    </time>
    <latitude>
      <value>37.68</value>
      <uncertainty>9999.9</uncertainty>
    </latitude>
    <longitude>
      <value>20.87</value>
      <uncertainty>9999.9</uncertainty>
    </longitude>
    <depth>
      <value>6000</value>
    </depth>
    <depthType>from location</depthType>
    <methodID>smi:eu.emsc-csem/origin_method/NA</methodID>
    <quality>
      <usedPhaseCount>11</usedPhaseCount>
      <usedStationCount>8</usedStationCount>
      <standardError>1.41</standardError>
      <azimuthalGap>215</azimuthalGap>
      <minimumDistance>0.54</minimumDistance>
      <maximumDistance>2.2</maximumDistance>
    </quality>
    <evaluationMode>manual</evaluationMode>
    <creationInfo>
      <agencyURI>smi:smi-registry/organization/EMSC</agencyURI>
      <authorURI>smi:smi-registry/organization/EMSC</authorURI>
    </creationInfo>
    <originUncertainty>
      <azimuthMaxHorizontalUncertainty>-99</azimuthMaxHorizontalUncertainty>
    </originUncertainty>
  </origin>
  <magnitude publicID="quakeml:eu.emsc/event/20030207_0000017/origin/1360460/mag/2">
    <mag>
      <value>3.6</value>
    </mag>
    <type>MD</type>
    <originID>quakeml:eu.emsc/event/20030207_0000017/origin/1360460</originID>
    <creationInfo>
      <agencyURI>smi:smi-registry/organization/EMSC</agencyURI>
      <authorURI>smi:smi-registry/organization/EMSC</authorURI>
    </creationInfo>
  </magnitude>
</event>
<event publicID="quakeml:eu.emsc/event/20030207_0000016">
  <preferredOriginID>quakeml:eu.emsc/event/20030207_0000016/origin/1375984</preferredOriginID>
  <preferredMagnitudeID>quakeml:eu.emsc/event/20030207_0000016/origin/1375984/mag/2</preferredMagnitudeID>
  <creationInfo>
    <agencyURI>smi:smi-registry/organization/EMSC</agencyURI>
    <authorURI>smi:smi-registry/organization/EMSC</authorURI>
    <creationTime>2014-12-03T12:05:27.679112Z</creationTime>
  </creationInfo>
  <description>
    <text>SOUTHERN GREECE</text>
    <type>Flinn-Engdahl region</type>
  </description>
  <origin publicID="quakeml:eu.emsc/event/20030207_0000016/origin/1375984">
    <time>
      <value>2003-02-07T17:43:30.4Z</value>
      <uncertainty>0.98</uncertainty>
    </time>
    <latitude>
      <value>36.8708</value>
      <uncertainty>27.6</uncertainty>
    </latitude>
    <longitude>
      <value>21.8979</value>
      <uncertainty>8.9</uncertainty>
    </longitude>
    <depth>
      <value>3500.0</value>
      <uncertainty>5.1</uncertainty>
    </depth>
    <depthType>from location</depthType>
    <methodID>smi:eu.emsc-csem/origin_method/NA</methodID>
    <quality>
      <usedPhaseCount>5</usedPhaseCount>
      <usedStationCount>4</usedStationCount>
      <standardError>0.32</standardError>
      <azimuthalGap>243</azimuthalGap>
      <minimumDistance>0.31</minimumDistance>
      <maximumDistance>2.17</maximumDistance>
    </quality>
    <evaluationMode>manual</evaluationMode>
    <creationInfo>
      <agencyURI>smi:smi-registry/organization/EMSC</agencyURI>
      <authorURI>smi:smi-registry/organization/EMSC</authorURI>
    </creationInfo>
    <originUncertainty>
      <azimuthMaxHorizontalUncertainty>49</azimuthMaxHorizontalUncertainty>
    </originUncertainty>
  </origin>
  <magnitude publicID="quakeml:eu.emsc/event/20030207_0000016/origin/1375984/mag/2">
    <mag>
      <value>3.4</value>
    </mag>
    <type>MD</type>
    <originID>quakeml:eu.emsc/event/20030207_0000016/origin/1375984</originID>
    <creationInfo>
      <agencyURI>smi:smi-registry/organization/EMSC</agencyURI>
      <authorURI>smi:smi-registry/organization/EMSC</authorURI>
    </creationInfo>
  </magnitude>
</event>
<event publicID="quakeml:eu.emsc/event/20030207_0000015">
  <preferredOriginID>quakeml:eu.emsc/event/20030207_0000015/origin/1375987</preferredOriginID>
  <preferredMagnitudeID>quakeml:eu.emsc/event/20030207_0000015/origin/1375987/mag/2</preferredMagnitudeID>
  <creationInfo>
    <agencyURI>smi:smi-registry/organization/EMSC</agencyURI>
    <authorURI>smi:smi-registry/organization/EMSC</authorURI>
    <creationTime>2014-12-03T11:09:46.625888Z</creationTime>
  </creationInfo>
  <description>
    <text>SOUTHERN GREECE</text>
    <type>Flinn-Engdahl region</type>
  </description>
  <origin publicID="quakeml:eu.emsc/event/20030207_0000015/origin/1375987">
    <time>
      <value>2003-02-07T17:08:46.0Z</value>
      <uncertainty>1.04</uncertainty>
    </time>
    <latitude>
      <value>36.9234</value>
      <uncertainty>32.8</uncertainty>
    </latitude>
    <longitude>
      <value>22.0828</value>
      <uncertainty>12.2</uncertainty>
    </longitude>
    <depth>
      <value>2000</value>
    </depth>
    <depthType>from location</depthType>
    <methodID>smi:eu.emsc-csem/origin_method/NA</methodID>
    <quality>
      <usedPhaseCount>8</usedPhaseCount>
      <usedStationCount>6</usedStationCount>
      <standardError>1.34</standardError>
      <azimuthalGap>204</azimuthalGap>
      <minimumDistance>0.28</minimumDistance>
      <maximumDistance>2.1</maximumDistance>
    </quality>
    <evaluationMode>manual</evaluationMode>
    <creationInfo>
      <agencyURI>smi:smi-registry/organization/EMSC</agencyURI>
      <authorURI>smi:smi-registry/organization/EMSC</authorURI>
    </creationInfo>
    <originUncertainty>
      <azimuthMaxHorizontalUncertainty>49</azimuthMaxHorizontalUncertainty>
    </originUncertainty>
  </origin>
  <magnitude publicID="quakeml:eu.emsc/event/20030207_0000015/origin/1375987/mag/2">
    <mag>
      <value>3.4</value>
    </mag>
    <type>ML</type>
    <originID>quakeml:eu.emsc/event/20030207_0000015/origin/1375987</originID>
    <creationInfo>
      <agencyURI>smi:smi-registry/organization/EMSC</agencyURI>
      <authorURI>smi:smi-registry/organization/EMSC</authorURI>
    </creationInfo>
  </magnitude>
</event>
<event publicID="quakeml:eu.emsc/event/20030207_0000014">
  <preferredOriginID>quakeml:eu.emsc/event/20030207_0000014/origin/1375991</preferredOriginID>
  <preferredMagnitudeID>quakeml:eu.emsc/event/20030207_0000014/origin/1375991/mag/2</preferredMagnitudeID>
  <creationInfo>
    <agencyURI>smi:smi-registry/organization/EMSC</agencyURI>
    <authorURI>smi:smi-registry/organization/EMSC</authorURI>
    <creationTime>2014-12-03T10:22:32.734169Z</creationTime>
  </creationInfo>
  <description>
    <text>SOUTHERN GREECE</text>
    <type>Flinn-Engdahl region</type>
  </description>
  <origin publicID="quakeml:eu.emsc/event/20030207_0000014/origin/1375991">
    <time>
      <value>2003-02-07T17:03:42.4Z</value>
      <uncertainty>0.24</uncertainty>
    </time>
    <latitude>
      <value>37.016</value>
      <uncertainty>6.8</uncertainty>
    </latitude>
    <longitude>
      <value>22.2255</value>
      <uncertainty>5.5</uncertainty>
    </longitude>
    <depth>
      <value>40000</value>
    </depth>
    <depthType>from location</depthType>
    <methodID>smi:eu.emsc-csem/origin_method/NA</methodID>
    <quality>
      <usedPhaseCount>57</usedPhaseCount>
      <usedStationCount>51</usedStationCount>
      <standardError>0.98</standardError>
      <azimuthalGap>144</azimuthalGap>
      <minimumDistance>0.64</minimumDistance>
      <maximumDistance>78.19</maximumDistance>
    </quality>
    <evaluationMode>manual</evaluationMode>
    <creationInfo>
      <agencyURI>smi:smi-registry/organization/EMSC</agencyURI>
      <authorURI>smi:smi-registry/organization/EMSC</authorURI>
    </creationInfo>
    <originUncertainty>
      <azimuthMaxHorizontalUncertainty>30</azimuthMaxHorizontalUncertainty>
    </originUncertainty>
  </origin>
  <magnitude publicID="quakeml:eu.emsc/event/20030207_0000014/origin/1375991/mag/2">
    <mag>
      <value>4</value>
    </mag>
    <type>ML</type>
    <originID>quakeml:eu.emsc/event/20030207_0000014/origin/1375991</originID>
    <creationInfo>
      <agencyURI>smi:smi-registry/organization/EMSC</agencyURI>
      <authorURI>smi:smi-registry/organization/EMSC</authorURI>
    </creationInfo>
  </magnitude>
</event>
<event publicID="quakeml:eu.emsc/event/20030207_0000013">
  <preferredOriginID>quakeml:eu.emsc/event/20030207_0000013/origin/1375994</preferredOriginID>
  <preferredMagnitudeID>quakeml:eu.emsc/event/20030207_0000013/origin/1375994/mag/2</preferredMagnitudeID>
  <creationInfo>
    <agencyURI>smi:smi-registry/organization/EMSC</agencyURI>
    <authorURI>smi:smi-registry/organization/EMSC</authorURI>
    <creationTime>2014-12-03T11:33:36.106036Z</creationTime>
  </creationInfo>
  <description>
    <text>SOUTHERN GREECE</text>
    <type>Flinn-Engdahl region</type>
  </description>
  <origin publicID="quakeml:eu.emsc/event/20030207_0000013/origin/1375994">
    <time>
      <value>2003-02-07T16:53:43.3Z</value>
      <uncertainty>3.61</uncertainty>
    </time>
    <latitude>
      <value>36.9597</value>
      <uncertainty>136.2</uncertainty>
    </latitude>
    <longitude>
      <value>21.9978</value>
      <uncertainty>12.4</uncertainty>
    </longitude>
    <depth>
      <value>2000</value>
    </depth>
    <depthType>from location</depthType>
    <methodID>smi:eu.emsc-csem/origin_method/NA</methodID>
    <quality>
      <usedPhaseCount>5</usedPhaseCount>
      <usedStationCount>4</usedStationCount>
      <standardError>0.58</standardError>
      <azimuthalGap>238</azimuthalGap>
      <minimumDistance>0.23</minimumDistance>
      <maximumDistance>2.08</maximumDistance>
    </quality>
    <evaluationMode>manual</evaluationMode>
    <creationInfo>
      <agencyURI>smi:smi-registry/organization/EMSC</agencyURI>
      <authorURI>smi:smi-registry/organization/EMSC</authorURI>
    </creationInfo>
    <originUncertainty>
      <azimuthMaxHorizontalUncertainty>49</azimuthMaxHorizontalUncertainty>
    </originUncertainty>
  </origin>
  <magnitude publicID="quakeml:eu.emsc/event/20030207_0000013/origin/1375994/mag/2">
    <mag>
      <value>3.5</value>
    </mag>
    <type>MD</type>
    <originID>quakeml:eu.emsc/event/20030207_0000013/origin/1375994</originID>
    <creationInfo>
      <agencyURI>smi:smi-registry/organization/EMSC</agencyURI>
      <authorURI>smi:smi-registry/organization/EMSC</authorURI>
    </creationInfo>
  </magnitude>
</event>
<event publicID="quakeml:eu.emsc/event/20030207_0000012">
  <preferredOriginID>quakeml:eu.emsc/event/20030207_0000012/origin/1375998</preferredOriginID>
  <preferredMagnitudeID>quakeml:eu.emsc/event/20030207_0000012/origin/1375998/mag/1</preferredMagnitudeID>
  <creationInfo>
    <agencyURI>smi:smi-registry/organization/EMSC</agencyURI>
    <authorURI>smi:smi-registry/organization/EMSC</authorURI>
    <creationTime>2014-12-03T11:26:16.270609Z</creationTime>
  </creationInfo>
  <description>
    <text>SPAIN</text>
    <type>Flinn-Engdahl region</type>
  </description>
  <origin publicID="quakeml:eu.emsc/event/20030207_0000012/origin/1375998">
    <time>
      <value>2003-02-07T16:47:05.1Z</value>
      <uncertainty>0.17</uncertainty>
    </time>
    <latitude>
      <value>38.337</value>
      <uncertainty>4.4</uncertainty>
    </latitude>
    <longitude>
      <value>-0.8529</value>
      <uncertainty>2.2</uncertainty>
    </longitude>
    <depth>
      <value>5000</value>
    </depth>
    <depthType>from location</depthType>
    <methodID>smi:eu.emsc-csem/origin_method/NA</methodID>
    <quality>
      <usedPhaseCount>68</usedPhaseCount>
      <usedStationCount>37</usedStationCount>
      <standardError>1</standardError>
      <azimuthalGap>149</azimuthalGap>
      <minimumDistance>0.58</minimumDistance>
      <maximumDistance>6.55</maximumDistance>
    </quality>
    <evaluationMode>manual</evaluationMode>
    <creationInfo>
      <agencyURI>smi:smi-registry/organization/EMSC</agencyURI>
      <authorURI>smi:smi-registry/organization/EMSC</authorURI>
    </creationInfo>
    <originUncertainty>
      <azimuthMaxHorizontalUncertainty>132</azimuthMaxHorizontalUncertainty>
    </originUncertainty>
  </origin>
  <magnitude publicID="quakeml:eu.emsc/event/20030207_0000012/origin/1375998/mag/1">
    <mag>
      <value>3</value>
      <uncertainty>0.4</uncertainty>
    </mag>
    <type>ML</type>
    <originID>quakeml:eu.emsc/event/20030207_0000012/origin/1375998</originID>
    <stationCount>17</stationCount>
    <creationInfo>
      <agencyURI>smi:smi-registry/organization/EMSC</agencyURI>
      <authorURI>smi:smi-registry/organization/EMSC</authorURI>
    </creationInfo>
  </magnitude>
</event>
<event publicID="quakeml:eu.emsc/event/20030207_0000011">
  <preferredOriginID>quakeml:eu.emsc/event/20030207_0000011/origin/1376001</preferredOriginID>
  <preferredMagnitudeID>quakeml:eu.emsc/event/20030207_0000011/origin/1376001/mag/2</preferredMagnitudeID>
  <creationInfo>
    <agencyURI>smi:smi-registry/organization/EMSC</agencyURI>
    <authorURI>smi:smi-registry/organization/EMSC</authorURI>
    <creationTime>2014-12-03T11:52:36.218817Z</creationTime>
  </creationInfo>
  <description>
    <text>SOUTHERN GREECE</text>
    <type>Flinn-Engdahl region</type>
  </description>
  <origin publicID="quakeml:eu.emsc/event/20030207_0000011/origin/1376001">
    <time>
      <value>2003-02-07T15:51:30.5Z</value>
      <uncertainty>0.36</uncertainty>
    </time>
    <latitude>
      <value>37.1269</value>
      <uncertainty>9.8</uncertainty>
    </latitude>
    <longitude>
      <value>22.1259</value>
      <uncertainty>6.1</uncertainty>
    </longitude>
    <depth>
      <value>2000</value>
    </depth>
    <depthType>from location</depthType>
    <methodID>smi:eu.emsc-csem/origin_method/NA</methodID>
    <quality>
      <usedPhaseCount>34</usedPhaseCount>
      <usedStationCount>30</usedStationCount>
      <standardError>1.2</standardError>
      <azimuthalGap>149</azimuthalGap>
      <minimumDistance>0.17</minimumDistance>
      <maximumDistance>78.07</maximumDistance>
    </quality>
    <evaluationMode>manual</evaluationMode>
    <creationInfo>
      <agencyURI>smi:smi-registry/organization/EMSC</agencyURI>
      <authorURI>smi:smi-registry/organization/EMSC</authorURI>
    </creationInfo>
    <originUncertainty>
      <azimuthMaxHorizontalUncertainty>48</azimuthMaxHorizontalUncertainty>
    </originUncertainty>
  </origin>
  <magnitude publicID="quakeml:eu.emsc/event/20030207_0000011/origin/1376001/mag/2">
    <mag>
      <value>3.9</value>
    </mag>
    <type>ML</type>
    <originID>quakeml:eu.emsc/event/20030207_0000011/origin/1376001</originID>
    <creationInfo>
      <agencyURI>smi:smi-registry/organization/EMSC</agencyURI>
      <authorURI>smi:smi-registry/organization/EMSC</authorURI>
    </creationInfo>
  </magnitude>
</event>
<event publicID="quakeml:eu.emsc/event/20030207_0000010">
  <preferredOriginID>quakeml:eu.emsc/event/20030207_0000010/origin/1376004</preferredOriginID>
  <preferredMagnitudeID>quakeml:eu.emsc/event/20030207_0000010/origin/1376004/mag/2</preferredMagnitudeID>
  <creationInfo>
    <agencyURI>smi:smi-registry/organization/EMSC</agencyURI>
    <authorURI>smi:smi-registry/organization/EMSC</authorURI>
    <creationTime>2014-12-03T11:10:50.919531Z</creationTime>
  </creationInfo>
  <description>
    <text>SOUTHERN GREECE</text>
    <type>Flinn-Engdahl region</type>
  </description>
  <origin publicID="quakeml:eu.emsc/event/20030207_0000010/origin/1376004">
    <time>
      <value>2003-02-07T15:02:25.2Z</value>
      <uncertainty>0.49</uncertainty>
    </time>
    <latitude>
      <value>37.1089</value>
      <uncertainty>15.6</uncertainty>
    </latitude>
    <longitude>
      <value>22.1179</value>
      <uncertainty>8.3</uncertainty>
    </longitude>
    <depth>
      <value>2000</value>
    </depth>
    <depthType>from location</depthType>
    <methodID>smi:eu.emsc-csem/origin_method/NA</methodID>
    <quality>
      <usedPhaseCount>10</usedPhaseCount>
      <usedStationCount>8</usedStationCount>
      <standardError>1.22</standardError>
      <azimuthalGap>156</azimuthalGap>
      <minimumDistance>0.17</minimumDistance>
      <maximumDistance>1.92</maximumDistance>
    </quality>
    <evaluationMode>manual</evaluationMode>
    <creationInfo>
      <agencyURI>smi:smi-registry/organization/EMSC</agencyURI>
      <authorURI>smi:smi-registry/organization/EMSC</authorURI>
    </creationInfo>
    <originUncertainty>
      <azimuthMaxHorizontalUncertainty>37</azimuthMaxHorizontalUncertainty>
    </originUncertainty>
  </origin>
  <magnitude publicID="quakeml:eu.emsc/event/20030207_0000010/origin/1376004/mag/2">
    <mag>
      <value>3.4</value>
    </mag>
    <type>ML</type>
    <originID>quakeml:eu.emsc/event/20030207_0000010/origin/1376004</originID>
    <creationInfo>
      <agencyURI>smi:smi-registry/organization/EMSC</agencyURI>
      <authorURI>smi:smi-registry/organization/EMSC</authorURI>
    </creationInfo>
  </magnitude>
</event>
<event publicID="quakeml:eu.emsc/event/20030207_0000023">
  <preferredOriginID>quakeml:eu.emsc/event/20030207_0000023/origin/1364243</preferredOriginID>
  <preferredMagnitudeID>quakeml:eu.emsc/event/20030207_0000023/origin/1364243/mag/2</preferredMagnitudeID>
  <creationInfo>
    <agencyURI>smi:smi-registry/organization/EMSC</agencyURI>
    <authorURI>smi:smi-registry/organization/EMSC</authorURI>
    <creationTime>2014-12-10T18:43:21.640871Z</creationTime>
  </creationInfo>
  <description>
    <text>SWITZERLAND</text>
    <type>Flinn-Engdahl region</type>
  </description>
  <origin publicID="quakeml:eu.emsc/event/20030207_0000023/origin/1364243">
    <time>
      <value>2003-02-07T14:42:28.3Z</value>
    </time>
    <latitude>
      <value>47.045</value>
      <uncertainty>9999.9</uncertainty>
    </latitude>
    <longitude>
      <value>8.624</value>
      <uncertainty>9999.9</uncertainty>
    </longitude>
    <depth>
      <value>0</value>
    </depth>
    <depthType>from location</depthType>
    <methodID>smi:eu.emsc-csem/origin_method/NA</methodID>
    <quality>
      <usedPhaseCount>5</usedPhaseCount>
      <usedStationCount>4</usedStationCount>
      <standardError>0.88</standardError>
      <azimuthalGap>283</azimuthalGap>
      <minimumDistance>0.08</minimumDistance>
      <maximumDistance>0.73</maximumDistance>
    </quality>
    <evaluationMode>manual</evaluationMode>
    <creationInfo>
      <agencyURI>smi:smi-registry/organization/EMSC</agencyURI>
      <authorURI>smi:smi-registry/organization/EMSC</authorURI>
    </creationInfo>
    <originUncertainty>
      <azimuthMaxHorizontalUncertainty>-99</azimuthMaxHorizontalUncertainty>
    </originUncertainty>
  </origin>
  <magnitude publicID="quakeml:eu.emsc/event/20030207_0000023/origin/1364243/mag/2">
    <mag>
      <value>0.8</value>
    </mag>
    <type>ML</type>
    <originID>quakeml:eu.emsc/event/20030207_0000023/origin/1364243</originID>
    <stationCount>4</stationCount>
    <creationInfo>
      <agencyURI>smi:smi-registry/organization/EMSC</agencyURI>
      <authorURI>smi:smi-registry/organization/EMSC</authorURI>
    </creationInfo>
  </magnitude>
</event>
<event publicID="quakeml:eu.emsc/event/20030207_0000009">
  <preferredOriginID>quakeml:eu.emsc/event/20030207_0000009/origin/1376007</preferredOriginID>
  <preferredMagnitudeID>quakeml:eu.emsc/event/20030207_0000009/origin/1376007/mag/2</preferredMagnitudeID>
  <creationInfo>
    <agencyURI>smi:smi-registry/organization/EMSC</agencyURI>
    <authorURI>smi:smi-registry/organization/EMSC</authorURI>
    <creationTime>2014-12-03T10:56:26.538922Z</creationTime>
  </creationInfo>
  <description>
    <text>GREECE</text>
    <type>Flinn-Engdahl region</type>
  </description>
  <origin publicID="quakeml:eu.emsc/event/20030207_0000009/origin/1376007">
    <time>
      <value>2003-02-07T13:06:52.6Z</value>
      <uncertainty>0.27</uncertainty>
    </time>
    <latitude>
      <value>38.7174</value>
      <uncertainty>7.4</uncertainty>
    </latitude>
    <longitude>
      <value>22.8241</value>
      <uncertainty>6.7</uncertainty>
    </longitude>
    <depth>
      <value>12000</value>
    </depth>
    <depthType>from location</depthType>
    <methodID>smi:eu.emsc-csem/origin_method/NA</methodID>
    <quality>
      <usedPhaseCount>12</usedPhaseCount>
      <usedStationCount>9</usedStationCount>
      <standardError>0.83</standardError>
      <azimuthalGap>88</azimuthalGap>
      <minimumDistance>0.15</minimumDistance>
      <maximumDistance>2</maximumDistance>
    </quality>
    <evaluationMode>manual</evaluationMode>
    <creationInfo>
      <agencyURI>smi:smi-registry/organization/EMSC</agencyURI>
      <authorURI>smi:smi-registry/organization/EMSC</authorURI>
    </creationInfo>
    <originUncertainty>
      <azimuthMaxHorizontalUncertainty>71</azimuthMaxHorizontalUncertainty>
    </originUncertainty>
  </origin>
  <magnitude publicID="quakeml:eu.emsc/event/20030207_0000009/origin/1376007/mag/2">
    <mag>
      <value>3.2</value>
    </mag>
    <type>ML</type>
    <originID>quakeml:eu.emsc/event/20030207_0000009/origin/1376007</originID>
    <creationInfo>
      <agencyURI>smi:smi-registry/organization/EMSC</agencyURI>
      <authorURI>smi:smi-registry/organization/EMSC</authorURI>
    </creationInfo>
  </magnitude>
</event>
<event publicID="quakeml:eu.emsc/event/20030207_0000026">
  <preferredOriginID>quakeml:eu.emsc/event/20030207_0000026/origin/1360462</preferredOriginID>
  <preferredMagnitudeID>quakeml:eu.emsc/event/20030207_0000026/origin/1360462/mag/2</preferredMagnitudeID>
  <creationInfo>
    <agencyURI>smi:smi-registry/organization/EMSC</agencyURI>
    <authorURI>smi:smi-registry/organization/EMSC</authorURI>
    <creationTime>2014-12-10T18:43:20.709874Z</creationTime>
  </creationInfo>
  <description>
    <text>NEAR SOUTH COAST OF FRANCE</text>
    <type>Flinn-Engdahl region</type>
  </description>
  <origin publicID="quakeml:eu.emsc/event/20030207_0000026/origin/1360462">
    <time>
      <value>2003-02-07T09:42:13.0Z</value>
    </time>
    <latitude>
      <value>43.77</value>
      <uncertainty>9999.9</uncertainty>
    </latitude>
    <longitude>
      <value>7.42</value>
      <uncertainty>9999.9</uncertainty>
    </longitude>
    <depth>
      <value>10000</value>
    </depth>
    <depthType>from location</depthType>
    <methodID>smi:eu.emsc-csem/origin_method/NA</methodID>
    <quality>
      <usedPhaseCount>6</usedPhaseCount>
      <usedStationCount>4</usedStationCount>
      <standardError>0.86</standardError>
      <azimuthalGap>301</azimuthalGap>
      <minimumDistance>0.14</minimumDistance>
      <maximumDistance>0.27</maximumDistance>
    </quality>
    <evaluationMode>manual</evaluationMode>
    <creationInfo>
      <agencyURI>smi:smi-registry/organization/EMSC</agencyURI>
      <authorURI>smi:smi-registry/organization/EMSC</authorURI>
    </creationInfo>
    <originUncertainty>
      <azimuthMaxHorizontalUncertainty>-99</azimuthMaxHorizontalUncertainty>
    </originUncertainty>
  </origin>
  <magnitude publicID="quakeml:eu.emsc/event/20030207_0000026/origin/1360462/mag/2">
    <mag>
      <value>2.1</value>
    </mag>
    <type>ML</type>
    <originID>quakeml:eu.emsc/event/20030207_0000026/origin/1360462</originID>
    <creationInfo>
      <agencyURI>smi:smi-registry/organization/EMSC</agencyURI>
      <authorURI>smi:smi-registry/organization/EMSC</authorURI>
    </creationInfo>
  </magnitude>
</event>
<event publicID="quakeml:eu.emsc/event/20030207_0000004">
  <preferredOriginID>quakeml:eu.emsc/event/20030207_0000004/origin/1376011</preferredOriginID>
  <preferredMagnitudeID>quakeml:eu.emsc/event/20030207_0000004/origin/1376011/mag/1</preferredMagnitudeID>
  <creationInfo>
    <agencyURI>smi:smi-registry/organization/EMSC</agencyURI>
    <authorURI>smi:smi-registry/organization/EMSC</authorURI>
    <creationTime>2014-12-03T11:16:29.19478Z</creationTime>
  </creationInfo>
  <description>
    <text>CENTRAL ITALY</text>
    <type>Flinn-Engdahl region</type>
  </description>
  <origin publicID="quakeml:eu.emsc/event/20030207_0000004/origin/1376011">
    <time>
      <value>2003-02-07T05:26:29.9Z</value>
      <uncertainty>0.15</uncertainty>
    </time>
    <latitude>
      <value>43.8344</value>
      <uncertainty>4.2</uncertainty>
    </latitude>
    <longitude>
      <value>11.9637</value>
      <uncertainty>2.9</uncertainty>
    </longitude>
    <depth>
      <value>12000</value>
    </depth>
    <depthType>from location</depthType>
    <methodID>smi:eu.emsc-csem/origin_method/NA</methodID>
    <quality>
      <usedPhaseCount>63</usedPhaseCount>
      <usedStationCount>46</usedStationCount>
      <standardError>1.04</standardError>
      <azimuthalGap>53</azimuthalGap>
      <minimumDistance>0.11</minimumDistance>
      <maximumDistance>7.33</maximumDistance>
    </quality>
    <evaluationMode>manual</evaluationMode>
    <creationInfo>
      <agencyURI>smi:smi-registry/organization/EMSC</agencyURI>
      <authorURI>smi:smi-registry/organization/EMSC</authorURI>
    </creationInfo>
    <originUncertainty>
      <azimuthMaxHorizontalUncertainty>170</azimuthMaxHorizontalUncertainty>
    </originUncertainty>
  </origin>
  <magnitude publicID="quakeml:eu.emsc/event/20030207_0000004/origin/1376011/mag/1">
    <mag>
      <value>3.2</value>
      <uncertainty>0.4</uncertainty>
    </mag>
    <type>ML</type>
    <originID>quakeml:eu.emsc/event/20030207_0000004/origin/1376011</originID>
    <stationCount>6</stationCount>
    <creationInfo>
      <agencyURI>smi:smi-registry/organization/EMSC</agencyURI>
      <authorURI>smi:smi-registry/organization/EMSC</authorURI>
    </creationInfo>
  </magnitude>
</event>
<event publicID="quakeml:eu.emsc/event/20030207_0000030">
  <preferredOriginID>quakeml:eu.emsc/event/20030207_0000030/origin/1360464</preferredOriginID>
  <preferredMagnitudeID>quakeml:eu.emsc/event/20030207_0000030/origin/1360464/mag/2</preferredMagnitudeID>
  <creationInfo>
    <agencyURI>smi:smi-registry/organization/EMSC</agencyURI>
    <authorURI>smi:smi-registry/organization/EMSC</authorURI>
    <creationTime>2014-12-10T18:43:20.234568Z</creationTime>
  </creationInfo>
  <description>
    <text>SPAIN</text>
    <type>Flinn-Engdahl region</type>
  </description>
  <origin publicID="quakeml:eu.emsc/event/20030207_0000030/origin/1360464">
    <time>
      <value>2003-02-07T04:16:58.7Z</value>
    </time>
    <latitude>
      <value>41.6955</value>
      <uncertainty>9999.9</uncertainty>
    </latitude>
    <longitude>
      <value>2.5123</value>
      <uncertainty>9999.9</uncertainty>
    </longitude>
    <depth>
      <value>1900.0</value>
    </depth>
    <depthType>from location</depthType>
    <methodID>smi:eu.emsc-csem/origin_method/NA</methodID>
    <quality>
      <usedPhaseCount>18</usedPhaseCount>
      <usedStationCount>11</usedStationCount>
      <standardError>4.53</standardError>
      <azimuthalGap>263</azimuthalGap>
      <minimumDistance>0.09</minimumDistance>
      <maximumDistance>2.62</maximumDistance>
    </quality>
    <evaluationMode>manual</evaluationMode>
    <creationInfo>
      <agencyURI>smi:smi-registry/organization/EMSC</agencyURI>
      <authorURI>smi:smi-registry/organization/EMSC</authorURI>
    </creationInfo>
    <originUncertainty>
      <azimuthMaxHorizontalUncertainty>-99</azimuthMaxHorizontalUncertainty>
    </originUncertainty>
  </origin>
  <magnitude publicID="quakeml:eu.emsc/event/20030207_0000030/origin/1360464/mag/2">
    <mag>
      <value>1.4</value>
      <uncertainty>0.1</uncertainty>
    </mag>
    <type>mb</type>
    <originID>quakeml:eu.emsc/event/20030207_0000030/origin/1360464</originID>
    <stationCount>7</stationCount>
    <creationInfo>
      <agencyURI>smi:smi-registry/organization/EMSC</agencyURI>
      <authorURI>smi:smi-registry/organization/EMSC</authorURI>
    </creationInfo>
  </magnitude>
</event>
<event publicID="quakeml:eu.emsc/event/20030207_0000025">
  <preferredOriginID>quakeml:eu.emsc/event/20030207_0000025/origin/1375802</preferredOriginID>
  <preferredMagnitudeID>quakeml:eu.emsc/event/20030207_0000025/origin/1375802/mag/1</preferredMagnitudeID>
  <creationInfo>
    <agencyURI>smi:smi-registry/organization/EMSC</agencyURI>
    <authorURI>smi:smi-registry/organization/EMSC</authorURI>
    <creationTime>2014-12-03T15:33:30.422262Z</creationTime>
  </creationInfo>
  <description>
    <text>FRANCE</text>
    <type>Flinn-Engdahl region</type>
  </description>
  <origin publicID="quakeml:eu.emsc/event/20030207_0000025/origin/1375802">
    <time>
      <value>2003-02-07T03:45:39.2Z</value>
      <uncertainty>0.11</uncertainty>
    </time>
    <latitude>
      <value>46.0036</value>
      <uncertainty>2.3</uncertainty>
    </latitude>
    <longitude>
      <value>2.927</value>
      <uncertainty>2.2</uncertainty>
    </longitude>
    <depth>
      <value>12000</value>
    </depth>
    <depthType>from location</depthType>
    <methodID>smi:eu.emsc-csem/origin_method/NA</methodID>
    <quality>
      <usedPhaseCount>76</usedPhaseCount>
      <usedStationCount>31</usedStationCount>
      <standardError>1.1</standardError>
      <azimuthalGap>50</azimuthalGap>
      <minimumDistance>0.15</minimumDistance>
      <maximumDistance>4.83</maximumDistance>
    </quality>
    <evaluationMode>manual</evaluationMode>
    <creationInfo>
      <agencyURI>smi:smi-registry/organization/EMSC</agencyURI>
      <authorURI>smi:smi-registry/organization/EMSC</authorURI>
    </creationInfo>
    <originUncertainty>
      <azimuthMaxHorizontalUncertainty>5</azimuthMaxHorizontalUncertainty>
    </originUncertainty>
  </origin>
  <magnitude publicID="quakeml:eu.emsc/event/20030207_0000025/origin/1375802/mag/1">
    <mag>
      <value>2.7</value>
      <uncertainty>0.4</uncertainty>
    </mag>
    <type>ML</type>
    <originID>quakeml:eu.emsc/event/20030207_0000025/origin/1375802</originID>
    <stationCount>24</stationCount>
    <creationInfo>
      <agencyURI>smi:smi-registry/organization/EMSC</agencyURI>
      <authorURI>smi:smi-registry/organization/EMSC</authorURI>
    </creationInfo>
  </magnitude>
</event>
<event publicID="quakeml:eu.emsc/event/20030207_0000002">
  <preferredOriginID>quakeml:eu.emsc/event/20030207_0000002/origin/1376016</preferredOriginID>
  <preferredMagnitudeID>quakeml:eu.emsc/event/20030207_0000002/origin/1376016/mag/1</preferredMagnitudeID>
  <creationInfo>
    <agencyURI>smi:smi-registry/organization/EMSC</agencyURI>
    <authorURI>smi:smi-registry/organization/EMSC</authorURI>
    <creationTime>2014-12-03T10:48:11.3668Z</creationTime>
  </creationInfo>
  <description>
    <text>CENTRAL ITALY</text>
    <type>Flinn-Engdahl region</type>
  </description>
  <origin publicID="quakeml:eu.emsc/event/20030207_0000002/origin/1376016">
    <time>
      <value>2003-02-07T02:17:20.3Z</value>
      <uncertainty>0.15</uncertainty>
    </time>
    <latitude>
      <value>43.8269</value>
      <uncertainty>4.2</uncertainty>
    </latitude>
    <longitude>
      <value>11.972</value>
      <uncertainty>3.1</uncertainty>
    </longitude>
    <depth>
      <value>15000</value>
    </depth>
    <depthType>from location</depthType>
    <methodID>smi:eu.emsc-csem/origin_method/NA</methodID>
    <quality>
      <usedPhaseCount>78</usedPhaseCount>
      <usedStationCount>55</usedStationCount>
      <standardError>1.21</standardError>
      <azimuthalGap>42</azimuthalGap>
      <minimumDistance>0.12</minimumDistance>
      <maximumDistance>19.53</maximumDistance>
    </quality>
    <evaluationMode>manual</evaluationMode>
    <creationInfo>
      <agencyURI>smi:smi-registry/organization/EMSC</agencyURI>
      <authorURI>smi:smi-registry/organization/EMSC</authorURI>
    </creationInfo>
    <originUncertainty>
      <azimuthMaxHorizontalUncertainty>174</azimuthMaxHorizontalUncertainty>
    </originUncertainty>
  </origin>
  <magnitude publicID="quakeml:eu.emsc/event/20030207_0000002/origin/1376016/mag/1">
    <mag>
      <value>3.5</value>
      <uncertainty>0.4</uncertainty>
    </mag>
    <type>ML</type>
    <originID>quakeml:eu.emsc/event/20030207_0000002/origin/1376016</originID>
    <stationCount>14</stationCount>
    <creationInfo>
      <agencyURI>smi:smi-registry/organization/EMSC</agencyURI>
      <authorURI>smi:smi-registry/organization/EMSC</authorURI>
    </creationInfo>
  </magnitude>
</event>
<event publicID="quakeml:eu.emsc/event/20030207_0000001">
  <preferredOriginID>quakeml:eu.emsc/event/20030207_0000001/origin/1360466</preferredOriginID>
  <preferredMagnitudeID>quakeml:eu.emsc/event/20030207_0000001/origin/1360466/mag/2</preferredMagnitudeID>
  <creationInfo>
    <agencyURI>smi:smi-registry/organization/EMSC</agencyURI>
    <authorURI>smi:smi-registry/organization/EMSC</authorURI>
    <creationTime>2014-12-10T19:38:06.647255Z</creationTime>
  </creationInfo>
  <description>
    <text>CRETE, GREECE</text>
    <type>Flinn-Engdahl region</type>
  </description>
  <origin publicID="quakeml:eu.emsc/event/20030207_0000001/origin/1360466">
    <time>
      <value>2003-02-07T00:47:36.3Z</value>
    </time>
    <latitude>
      <value>35.04</value>
      <uncertainty>9999.9</uncertainty>
    </latitude>
    <longitude>
      <value>24.65</value>
      <uncertainty>9999.9</uncertainty>
    </longitude>
    <depth>
      <value>5000</value>
    </depth>
    <depthType>from location</depthType>
    <methodID>smi:eu.emsc-csem/origin_method/NA</methodID>
    <quality>
      <usedPhaseCount>5</usedPhaseCount>
      <usedStationCount>5</usedStationCount>
      <standardError>2.3</standardError>
      <azimuthalGap>239</azimuthalGap>
      <minimumDistance>0.52</minimumDistance>
      <maximumDistance>2.18</maximumDistance>
    </quality>
    <evaluationMode>manual</evaluationMode>
    <creationInfo>
      <agencyURI>smi:smi-registry/organization/EMSC</agencyURI>
      <authorURI>smi:smi-registry/organization/EMSC</authorURI>
    </creationInfo>
    <originUncertainty>
      <azimuthMaxHorizontalUncertainty>-99</azimuthMaxHorizontalUncertainty>
    </originUncertainty>
  </origin>
  <magnitude publicID="quakeml:eu.emsc/event/20030207_0000001/origin/1360466/mag/2">
    <mag>
      <value>3.3</value>
    </mag>
    <type>MD</type>
    <originID>quakeml:eu.emsc/event/20030207_0000001/origin/1360466</originID>
    <creationInfo>
      <agencyURI>smi:smi-registry/organization/EMSC</agencyURI>
      <authorURI>smi:smi-registry/organization/EMSC</authorURI>
    </creationInfo>
  </magnitude>
</event>
</eventParameters>
</q:quakeml>
