<?xml version="1.0"?>
<q:quakeml xmlns:q="http://quakeml.org/xmlns/quakeml/1.2"  xmlns="http://quakeml.org/xmlns/bed/1.2">
<eventParameters publicID="smi:eu.emsc/unid">
<event publicID="quakeml:eu.emsc/event/20030827_0000013">
  <preferredOriginID>quakeml:eu.emsc/event/20030827_0000013/origin/1362774</preferredOriginID>
  <preferredMagnitudeID>quakeml:eu.emsc/event/20030827_0000013/origin/1362774/mag/3</preferredMagnitudeID>
  <creationInfo>
    <agencyURI>smi:smi-registry/organization/EMSC</agencyURI>
    <authorURI>smi:smi-registry/organization/EMSC</authorURI>
    <creationTime>2014-12-03T11:20:51.444432Z</creationTime>
  </creationInfo>
  <description>
    <text>OWEN FRACTURE ZONE REGION</text>
    <type>Flinn-Engdahl region</type>
  </description>
  <origin publicID="quakeml:eu.emsc/event/20030827_0000013/origin/1362774">
    <time>
      <value>2003-08-27T21:18:45.4Z</value>
      <uncertainty>0.29</uncertainty>
    </time>
    <latitude>
      <value>11.1182</value>
      <uncertainty>11.1</uncertainty>
    </latitude>
    <longitude>
      <value>57.6487</value>
      <uncertainty>7.6</uncertainty>
    </longitude>
    <depth>
      <value>11200.0</value>
    </depth>
    <depthType>from location</depthType>
    <methodID>smi:eu.emsc-csem/origin_method/NA</methodID>
    <quality>
      <usedPhaseCount>225</usedPhaseCount>
      <usedStationCount>218</usedStationCount>
      <standardError>1.21</standardError>
      <azimuthalGap>147</azimuthalGap>
      <minimumDistance>7.5</minimumDistance>
      <maximumDistance>71.31</maximumDistance>
    </quality>
    <evaluationMode>manual</evaluationMode>
    <creationInfo>
      <agencyURI>smi:smi-registry/organization/EMSC</agencyURI>
      <authorURI>smi:smi-registry/organization/EMSC</authorURI>
    </creationInfo>
    <originUncertainty>
      <azimuthMaxHorizontalUncertainty>148</azimuthMaxHorizontalUncertainty>
    </originUncertainty>
  </origin>
  <magnitude publicID="quakeml:eu.emsc/event/20030827_0000013/origin/1362774/mag/3">
    <mag>
      <value>5.4</value>
      <uncertainty>0.3</uncertainty>
    </mag>
    <type>mb</type>
    <originID>quakeml:eu.emsc/event/20030827_0000013/origin/1362774</originID>
    <stationCount>91</stationCount>
    <creationInfo>
      <agencyURI>smi:smi-registry/organization/EMSC</agencyURI>
      <authorURI>smi:smi-registry/organization/EMSC</authorURI>
    </creationInfo>
  </magnitude>
</event>
<event publicID="quakeml:eu.emsc/event/20030827_0000011">
  <preferredOriginID>quakeml:eu.emsc/event/20030827_0000011/origin/1362777</preferredOriginID>
  <preferredMagnitudeID>quakeml:eu.emsc/event/20030827_0000011/origin/1362777/mag/2</preferredMagnitudeID>
  <creationInfo>
    <agencyURI>smi:smi-registry/organization/EMSC</agencyURI>
    <authorURI>smi:smi-registry/organization/EMSC</authorURI>
    <creationTime>2014-12-03T12:14:47.311406Z</creationTime>
  </creationInfo>
  <description>
    <text>WESTERN TURKEY</text>
    <type>Flinn-Engdahl region</type>
  </description>
  <origin publicID="quakeml:eu.emsc/event/20030827_0000011/origin/1362777">
    <time>
      <value>2003-08-27T17:28:45.3Z</value>
      <uncertainty>0.18</uncertainty>
    </time>
    <latitude>
      <value>40.3939</value>
      <uncertainty>5.8</uncertainty>
    </latitude>
    <longitude>
      <value>26.1094</value>
      <uncertainty>3.6</uncertainty>
    </longitude>
    <depth>
      <value>10000</value>
    </depth>
    <depthType>from location</depthType>
    <methodID>smi:eu.emsc-csem/origin_method/NA</methodID>
    <quality>
      <usedPhaseCount>23</usedPhaseCount>
      <usedStationCount>22</usedStationCount>
      <standardError>0.69</standardError>
      <azimuthalGap>66</azimuthalGap>
      <minimumDistance>0.5</minimumDistance>
      <maximumDistance>3.09</maximumDistance>
    </quality>
    <evaluationMode>manual</evaluationMode>
    <creationInfo>
      <agencyURI>smi:smi-registry/organization/EMSC</agencyURI>
      <authorURI>smi:smi-registry/organization/EMSC</authorURI>
    </creationInfo>
    <originUncertainty>
      <azimuthMaxHorizontalUncertainty>21</azimuthMaxHorizontalUncertainty>
    </originUncertainty>
  </origin>
  <magnitude publicID="quakeml:eu.emsc/event/20030827_0000011/origin/1362777/mag/2">
    <mag>
      <value>3.1</value>
    </mag>
    <type>MD</type>
    <originID>quakeml:eu.emsc/event/20030827_0000011/origin/1362777</originID>
    <creationInfo>
      <agencyURI>smi:smi-registry/organization/EMSC</agencyURI>
      <authorURI>smi:smi-registry/organization/EMSC</authorURI>
    </creationInfo>
  </magnitude>
</event>
<event publicID="quakeml:eu.emsc/event/20030827_0000017">
  <preferredOriginID>quakeml:eu.emsc/event/20030827_0000017/origin/1362142</preferredOriginID>
  <preferredMagnitudeID>quakeml:eu.emsc/event/20030827_0000017/origin/1362142/mag/1</preferredMagnitudeID>
  <creationInfo>
    <agencyURI>smi:smi-registry/organization/EMSC</agencyURI>
    <authorURI>smi:smi-registry/organization/EMSC</authorURI>
    <creationTime>2014-12-03T16:06:29.760522Z</creationTime>
  </creationInfo>
  <description>
    <text>FRANCE</text>
    <type>Flinn-Engdahl region</type>
  </description>
  <origin publicID="quakeml:eu.emsc/event/20030827_0000017/origin/1362142">
    <time>
      <value>2003-08-27T17:17:43.4Z</value>
      <uncertainty>0.15</uncertainty>
    </time>
    <latitude>
      <value>45.9894</value>
      <uncertainty>2.8</uncertainty>
    </latitude>
    <longitude>
      <value>2.7742</value>
      <uncertainty>2.1</uncertainty>
    </longitude>
    <depth>
      <value>19300.0</value>
      <uncertainty>0.1</uncertainty>
    </depth>
    <depthType>from location</depthType>
    <methodID>smi:eu.emsc-csem/origin_method/NA</methodID>
    <quality>
      <usedPhaseCount>19</usedPhaseCount>
      <usedStationCount>10</usedStationCount>
      <standardError>0.44</standardError>
      <azimuthalGap>77</azimuthalGap>
      <minimumDistance>0.26</minimumDistance>
      <maximumDistance>1.75</maximumDistance>
    </quality>
    <evaluationMode>manual</evaluationMode>
    <creationInfo>
      <agencyURI>smi:smi-registry/organization/EMSC</agencyURI>
      <authorURI>smi:smi-registry/organization/EMSC</authorURI>
    </creationInfo>
    <originUncertainty>
      <azimuthMaxHorizontalUncertainty>103</azimuthMaxHorizontalUncertainty>
    </originUncertainty>
  </origin>
  <magnitude publicID="quakeml:eu.emsc/event/20030827_0000017/origin/1362142/mag/1">
    <mag>
      <value>2.2</value>
      <uncertainty>0.2</uncertainty>
    </mag>
    <type>ML</type>
    <originID>quakeml:eu.emsc/event/20030827_0000017/origin/1362142</originID>
    <stationCount>6</stationCount>
    <creationInfo>
      <agencyURI>smi:smi-registry/organization/EMSC</agencyURI>
      <authorURI>smi:smi-registry/organization/EMSC</authorURI>
    </creationInfo>
  </magnitude>
</event>
<event publicID="quakeml:eu.emsc/event/20030827_0000020">
  <preferredOriginID>quakeml:eu.emsc/event/20030827_0000020/origin/1362145</preferredOriginID>
  <preferredMagnitudeID>quakeml:eu.emsc/event/20030827_0000020/origin/1362145/mag/1</preferredMagnitudeID>
  <creationInfo>
    <agencyURI>smi:smi-registry/organization/EMSC</agencyURI>
    <authorURI>smi:smi-registry/organization/EMSC</authorURI>
    <creationTime>2014-12-03T16:40:36.694472Z</creationTime>
  </creationInfo>
  <description>
    <text>FRANCE</text>
    <type>Flinn-Engdahl region</type>
  </description>
  <origin publicID="quakeml:eu.emsc/event/20030827_0000020/origin/1362145">
    <time>
      <value>2003-08-27T16:30:40.3Z</value>
      <uncertainty>0.07</uncertainty>
    </time>
    <latitude>
      <value>45.9736</value>
      <uncertainty>1.4</uncertainty>
    </latitude>
    <longitude>
      <value>2.7947</value>
      <uncertainty>0.9</uncertainty>
    </longitude>
    <depth>
      <value>19100.0</value>
    </depth>
    <depthType>from location</depthType>
    <methodID>smi:eu.emsc-csem/origin_method/NA</methodID>
    <quality>
      <usedPhaseCount>24</usedPhaseCount>
      <usedStationCount>13</usedStationCount>
      <standardError>0.25</standardError>
      <azimuthalGap>74</azimuthalGap>
      <minimumDistance>0.25</minimumDistance>
      <maximumDistance>2.66</maximumDistance>
    </quality>
    <evaluationMode>manual</evaluationMode>
    <creationInfo>
      <agencyURI>smi:smi-registry/organization/EMSC</agencyURI>
      <authorURI>smi:smi-registry/organization/EMSC</authorURI>
    </creationInfo>
    <originUncertainty>
      <azimuthMaxHorizontalUncertainty>101</azimuthMaxHorizontalUncertainty>
    </originUncertainty>
  </origin>
  <magnitude publicID="quakeml:eu.emsc/event/20030827_0000020/origin/1362145/mag/1">
    <mag>
      <value>2.2</value>
      <uncertainty>0.4</uncertainty>
    </mag>
    <type>ML</type>
    <originID>quakeml:eu.emsc/event/20030827_0000020/origin/1362145</originID>
    <stationCount>9</stationCount>
    <creationInfo>
      <agencyURI>smi:smi-registry/organization/EMSC</agencyURI>
      <authorURI>smi:smi-registry/organization/EMSC</authorURI>
    </creationInfo>
  </magnitude>
</event>
<event publicID="quakeml:eu.emsc/event/20030827_0000010">
  <preferredOriginID>quakeml:eu.emsc/event/20030827_0000010/origin/1355154</preferredOriginID>
  <preferredMagnitudeID>quakeml:eu.emsc/event/20030827_0000010/origin/1355154/mag/2</preferredMagnitudeID>
  <creationInfo>
    <agencyURI>smi:smi-registry/organization/EMSC</agencyURI>
    <authorURI>smi:smi-registry/organization/EMSC</authorURI>
    <creationTime>2014-12-10T22:53:02.775948Z</creationTime>
  </creationInfo>
  <description>
    <text>CANARY ISLANDS, SPAIN REGION</text>
    <type>Flinn-Engdahl region</type>
  </description>
  <origin publicID="quakeml:eu.emsc/event/20030827_0000010/origin/1355154">
    <time>
      <value>2003-08-27T15:02:17.0Z</value>
    </time>
    <latitude>
      <value>29.9689</value>
      <uncertainty>9999.9</uncertainty>
    </latitude>
    <longitude>
      <value>-18.4001</value>
      <uncertainty>9999.9</uncertainty>
    </longitude>
    <depth>
      <value>0</value>
    </depth>
    <depthType>from location</depthType>
    <methodID>smi:eu.emsc-csem/origin_method/NA</methodID>
    <quality>
      <usedPhaseCount>7</usedPhaseCount>
      <usedStationCount>5</usedStationCount>
      <standardError>5.75</standardError>
      <azimuthalGap>314</azimuthalGap>
      <minimumDistance>2.08</minimumDistance>
      <maximumDistance>2.39</maximumDistance>
    </quality>
    <evaluationMode>manual</evaluationMode>
    <creationInfo>
      <agencyURI>smi:smi-registry/organization/EMSC</agencyURI>
      <authorURI>smi:smi-registry/organization/EMSC</authorURI>
    </creationInfo>
    <originUncertainty>
      <azimuthMaxHorizontalUncertainty>-99</azimuthMaxHorizontalUncertainty>
    </originUncertainty>
  </origin>
  <magnitude publicID="quakeml:eu.emsc/event/20030827_0000010/origin/1355154/mag/2">
    <mag>
      <value>4.5</value>
      <uncertainty>0.4</uncertainty>
    </mag>
    <type>mb</type>
    <originID>quakeml:eu.emsc/event/20030827_0000010/origin/1355154</originID>
    <stationCount>2</stationCount>
    <creationInfo>
      <agencyURI>smi:smi-registry/organization/EMSC</agencyURI>
      <authorURI>smi:smi-registry/organization/EMSC</authorURI>
    </creationInfo>
  </magnitude>
</event>
<event publicID="quakeml:eu.emsc/event/20030827_0000009">
  <preferredOriginID>quakeml:eu.emsc/event/20030827_0000009/origin/1362781</preferredOriginID>
  <preferredMagnitudeID>quakeml:eu.emsc/event/20030827_0000009/origin/1362781/mag/3</preferredMagnitudeID>
  <creationInfo>
    <agencyURI>smi:smi-registry/organization/EMSC</agencyURI>
    <authorURI>smi:smi-registry/organization/EMSC</authorURI>
    <creationTime>2014-12-03T11:35:28.457639Z</creationTime>
  </creationInfo>
  <description>
    <text>NORTHERN MID-ATLANTIC RIDGE</text>
    <type>Flinn-Engdahl region</type>
  </description>
  <origin publicID="quakeml:eu.emsc/event/20030827_0000009/origin/1362781">
    <time>
      <value>2003-08-27T14:40:44.2Z</value>
      <uncertainty>0.11</uncertainty>
    </time>
    <latitude>
      <value>43.8481</value>
      <uncertainty>9.3</uncertainty>
    </latitude>
    <longitude>
      <value>-28.8591</value>
      <uncertainty>2.5</uncertainty>
    </longitude>
    <depth>
      <value>10000</value>
    </depth>
    <depthType>from location</depthType>
    <methodID>smi:eu.emsc-csem/origin_method/NA</methodID>
    <quality>
      <usedPhaseCount>152</usedPhaseCount>
      <usedStationCount>149</usedStationCount>
      <standardError>0.8</standardError>
      <azimuthalGap>76</azimuthalGap>
      <minimumDistance>15.38</minimumDistance>
      <maximumDistance>71.2</maximumDistance>
    </quality>
    <evaluationMode>manual</evaluationMode>
    <creationInfo>
      <agencyURI>smi:smi-registry/organization/EMSC</agencyURI>
      <authorURI>smi:smi-registry/organization/EMSC</authorURI>
    </creationInfo>
    <originUncertainty>
      <azimuthMaxHorizontalUncertainty>1</azimuthMaxHorizontalUncertainty>
    </originUncertainty>
  </origin>
  <magnitude publicID="quakeml:eu.emsc/event/20030827_0000009/origin/1362781/mag/3">
    <mag>
      <value>5.1</value>
      <uncertainty>0.3</uncertainty>
    </mag>
    <type>mb</type>
    <originID>quakeml:eu.emsc/event/20030827_0000009/origin/1362781</originID>
    <stationCount>51</stationCount>
    <creationInfo>
      <agencyURI>smi:smi-registry/organization/EMSC</agencyURI>
      <authorURI>smi:smi-registry/organization/EMSC</authorURI>
    </creationInfo>
  </magnitude>
</event>
<event publicID="quakeml:eu.emsc/event/20030827_0000008">
  <preferredOriginID>quakeml:eu.emsc/event/20030827_0000008/origin/1362784</preferredOriginID>
  <preferredMagnitudeID>quakeml:eu.emsc/event/20030827_0000008/origin/1362784/mag/2</preferredMagnitudeID>
  <creationInfo>
    <agencyURI>smi:smi-registry/organization/EMSC</agencyURI>
    <authorURI>smi:smi-registry/organization/EMSC</authorURI>
    <creationTime>2014-12-03T12:16:32.668268Z</creationTime>
  </creationInfo>
  <description>
    <text>WESTERN TURKEY</text>
    <type>Flinn-Engdahl region</type>
  </description>
  <origin publicID="quakeml:eu.emsc/event/20030827_0000008/origin/1362784">
    <time>
      <value>2003-08-27T13:44:27.3Z</value>
      <uncertainty>0.18</uncertainty>
    </time>
    <latitude>
      <value>40.4087</value>
      <uncertainty>4.9</uncertainty>
    </latitude>
    <longitude>
      <value>26.0811</value>
      <uncertainty>3.7</uncertainty>
    </longitude>
    <depth>
      <value>5000</value>
    </depth>
    <depthType>from location</depthType>
    <methodID>smi:eu.emsc-csem/origin_method/NA</methodID>
    <quality>
      <usedPhaseCount>17</usedPhaseCount>
      <usedStationCount>14</usedStationCount>
      <standardError>0.66</standardError>
      <azimuthalGap>61</azimuthalGap>
      <minimumDistance>0.49</minimumDistance>
      <maximumDistance>2.11</maximumDistance>
    </quality>
    <evaluationMode>manual</evaluationMode>
    <creationInfo>
      <agencyURI>smi:smi-registry/organization/EMSC</agencyURI>
      <authorURI>smi:smi-registry/organization/EMSC</authorURI>
    </creationInfo>
    <originUncertainty>
      <azimuthMaxHorizontalUncertainty>10</azimuthMaxHorizontalUncertainty>
    </originUncertainty>
  </origin>
  <magnitude publicID="quakeml:eu.emsc/event/20030827_0000008/origin/1362784/mag/2">
    <mag>
      <value>2.9</value>
    </mag>
    <type>MD</type>
    <originID>quakeml:eu.emsc/event/20030827_0000008/origin/1362784</originID>
    <creationInfo>
      <agencyURI>smi:smi-registry/organization/EMSC</agencyURI>
      <authorURI>smi:smi-registry/organization/EMSC</authorURI>
    </creationInfo>
  </magnitude>
</event>
<event publicID="quakeml:eu.emsc/event/20030827_0000007">
  <preferredOriginID>quakeml:eu.emsc/event/20030827_0000007/origin/1355156</preferredOriginID>
  <preferredMagnitudeID>quakeml:eu.emsc/event/20030827_0000007/origin/1355156/mag/2</preferredMagnitudeID>
  <creationInfo>
    <agencyURI>smi:smi-registry/organization/EMSC</agencyURI>
    <authorURI>smi:smi-registry/organization/EMSC</authorURI>
    <creationTime>2014-12-10T22:52:58.804075Z</creationTime>
  </creationInfo>
  <description>
    <text>ROMANIA</text>
    <type>Flinn-Engdahl region</type>
  </description>
  <origin publicID="quakeml:eu.emsc/event/20030827_0000007/origin/1355156">
    <time>
      <value>2003-08-27T13:15:38.9Z</value>
    </time>
    <latitude>
      <value>45.605</value>
      <uncertainty>9999.9</uncertainty>
    </latitude>
    <longitude>
      <value>26.457</value>
      <uncertainty>9999.9</uncertainty>
    </longitude>
    <depth>
      <value>150600.0</value>
    </depth>
    <depthType>from location</depthType>
    <methodID>smi:eu.emsc-csem/origin_method/NA</methodID>
    <quality>
      <usedPhaseCount>15</usedPhaseCount>
      <usedStationCount>8</usedStationCount>
      <standardError>0.66</standardError>
      <azimuthalGap>143</azimuthalGap>
      <minimumDistance>0.32</minimumDistance>
      <maximumDistance>1.39</maximumDistance>
    </quality>
    <evaluationMode>manual</evaluationMode>
    <creationInfo>
      <agencyURI>smi:smi-registry/organization/EMSC</agencyURI>
      <authorURI>smi:smi-registry/organization/EMSC</authorURI>
    </creationInfo>
    <originUncertainty>
      <azimuthMaxHorizontalUncertainty>-99</azimuthMaxHorizontalUncertainty>
    </originUncertainty>
  </origin>
  <magnitude publicID="quakeml:eu.emsc/event/20030827_0000007/origin/1355156/mag/2">
    <mag>
      <value>4</value>
      <uncertainty>0.1</uncertainty>
    </mag>
    <type>MD</type>
    <originID>quakeml:eu.emsc/event/20030827_0000007/origin/1355156</originID>
    <stationCount>4</stationCount>
    <creationInfo>
      <agencyURI>smi:smi-registry/organization/EMSC</agencyURI>
      <authorURI>smi:smi-registry/organization/EMSC</authorURI>
    </creationInfo>
  </magnitude>
</event>
<event publicID="quakeml:eu.emsc/event/20030827_0000006">
  <preferredOriginID>quakeml:eu.emsc/event/20030827_0000006/origin/1355158</preferredOriginID>
  <preferredMagnitudeID>quakeml:eu.emsc/event/20030827_0000006/origin/1355158/mag/2</preferredMagnitudeID>
  <creationInfo>
    <agencyURI>smi:smi-registry/organization/EMSC</agencyURI>
    <authorURI>smi:smi-registry/organization/EMSC</authorURI>
    <creationTime>2014-12-10T22:52:57.418402Z</creationTime>
  </creationInfo>
  <description>
    <text>ROMANIA</text>
    <type>Flinn-Engdahl region</type>
  </description>
  <origin publicID="quakeml:eu.emsc/event/20030827_0000006/origin/1355158">
    <time>
      <value>2003-08-27T12:05:36.4Z</value>
    </time>
    <latitude>
      <value>44.021</value>
      <uncertainty>9999.9</uncertainty>
    </latitude>
    <longitude>
      <value>25.979</value>
      <uncertainty>9999.9</uncertainty>
    </longitude>
    <depth>
      <value>56800.0</value>
    </depth>
    <depthType>from location</depthType>
    <methodID>smi:eu.emsc-csem/origin_method/NA</methodID>
    <quality>
      <usedPhaseCount>6</usedPhaseCount>
      <usedStationCount>4</usedStationCount>
      <standardError>0.87</standardError>
      <azimuthalGap>295</azimuthalGap>
      <minimumDistance>0.33</minimumDistance>
      <maximumDistance>1.93</maximumDistance>
    </quality>
    <evaluationMode>manual</evaluationMode>
    <creationInfo>
      <agencyURI>smi:smi-registry/organization/EMSC</agencyURI>
      <authorURI>smi:smi-registry/organization/EMSC</authorURI>
    </creationInfo>
    <originUncertainty>
      <azimuthMaxHorizontalUncertainty>-99</azimuthMaxHorizontalUncertainty>
    </originUncertainty>
  </origin>
  <magnitude publicID="quakeml:eu.emsc/event/20030827_0000006/origin/1355158/mag/2">
    <mag>
      <value>3</value>
    </mag>
    <type>MD</type>
    <originID>quakeml:eu.emsc/event/20030827_0000006/origin/1355158</originID>
    <stationCount>3</stationCount>
    <creationInfo>
      <agencyURI>smi:smi-registry/organization/EMSC</agencyURI>
      <authorURI>smi:smi-registry/organization/EMSC</authorURI>
    </creationInfo>
  </magnitude>
</event>
<event publicID="quakeml:eu.emsc/event/20030827_0000005">
  <preferredOriginID>quakeml:eu.emsc/event/20030827_0000005/origin/1355160</preferredOriginID>
  <preferredMagnitudeID>quakeml:eu.emsc/event/20030827_0000005/origin/1355160/mag/2</preferredMagnitudeID>
  <creationInfo>
    <agencyURI>smi:smi-registry/organization/EMSC</agencyURI>
    <authorURI>smi:smi-registry/organization/EMSC</authorURI>
    <creationTime>2014-12-10T22:52:55.36235Z</creationTime>
  </creationInfo>
  <description>
    <text>CENTRAL TURKEY</text>
    <type>Flinn-Engdahl region</type>
  </description>
  <origin publicID="quakeml:eu.emsc/event/20030827_0000005/origin/1355160">
    <time>
      <value>2003-08-27T11:31:17.5Z</value>
    </time>
    <latitude>
      <value>39.105</value>
      <uncertainty>9999.9</uncertainty>
    </latitude>
    <longitude>
      <value>34.267</value>
      <uncertainty>9999.9</uncertainty>
    </longitude>
    <depth>
      <value>5000</value>
    </depth>
    <depthType>from location</depthType>
    <methodID>smi:eu.emsc-csem/origin_method/NA</methodID>
    <quality>
      <usedPhaseCount>8</usedPhaseCount>
      <usedStationCount>7</usedStationCount>
      <standardError>0.69</standardError>
      <azimuthalGap>162</azimuthalGap>
      <minimumDistance>0.5</minimumDistance>
      <maximumDistance>1.94</maximumDistance>
    </quality>
    <evaluationMode>manual</evaluationMode>
    <creationInfo>
      <agencyURI>smi:smi-registry/organization/EMSC</agencyURI>
      <authorURI>smi:smi-registry/organization/EMSC</authorURI>
    </creationInfo>
    <originUncertainty>
      <azimuthMaxHorizontalUncertainty>-99</azimuthMaxHorizontalUncertainty>
    </originUncertainty>
  </origin>
  <magnitude publicID="quakeml:eu.emsc/event/20030827_0000005/origin/1355160/mag/2">
    <mag>
      <value>3.2</value>
    </mag>
    <type>MD</type>
    <originID>quakeml:eu.emsc/event/20030827_0000005/origin/1355160</originID>
    <creationInfo>
      <agencyURI>smi:smi-registry/organization/EMSC</agencyURI>
      <authorURI>smi:smi-registry/organization/EMSC</authorURI>
    </creationInfo>
  </magnitude>
</event>
<event publicID="quakeml:eu.emsc/event/20030827_0000021">
  <preferredOriginID>quakeml:eu.emsc/event/20030827_0000021/origin/1362149</preferredOriginID>
  <preferredMagnitudeID>quakeml:eu.emsc/event/20030827_0000021/origin/1362149/mag/1</preferredMagnitudeID>
  <creationInfo>
    <agencyURI>smi:smi-registry/organization/EMSC</agencyURI>
    <authorURI>smi:smi-registry/organization/EMSC</authorURI>
    <creationTime>2014-12-03T16:49:55.2023Z</creationTime>
  </creationInfo>
  <description>
    <text>PYRENEES</text>
    <type>Flinn-Engdahl region</type>
  </description>
  <origin publicID="quakeml:eu.emsc/event/20030827_0000021/origin/1362149">
    <time>
      <value>2003-08-27T10:19:39.2Z</value>
      <uncertainty>0.13</uncertainty>
    </time>
    <latitude>
      <value>43.0837</value>
      <uncertainty>3.1</uncertainty>
    </latitude>
    <longitude>
      <value>-0.3988</value>
      <uncertainty>1.8</uncertainty>
    </longitude>
    <depth>
      <value>12000</value>
    </depth>
    <depthType>from location</depthType>
    <methodID>smi:eu.emsc-csem/origin_method/NA</methodID>
    <quality>
      <usedPhaseCount>29</usedPhaseCount>
      <usedStationCount>15</usedStationCount>
      <standardError>0.59</standardError>
      <azimuthalGap>103</azimuthalGap>
      <minimumDistance>0.01</minimumDistance>
      <maximumDistance>2.05</maximumDistance>
    </quality>
    <evaluationMode>manual</evaluationMode>
    <creationInfo>
      <agencyURI>smi:smi-registry/organization/EMSC</agencyURI>
      <authorURI>smi:smi-registry/organization/EMSC</authorURI>
    </creationInfo>
    <originUncertainty>
      <azimuthMaxHorizontalUncertainty>1</azimuthMaxHorizontalUncertainty>
    </originUncertainty>
  </origin>
  <magnitude publicID="quakeml:eu.emsc/event/20030827_0000021/origin/1362149/mag/1">
    <mag>
      <value>2</value>
      <uncertainty>0.4</uncertainty>
    </mag>
    <type>ML</type>
    <originID>quakeml:eu.emsc/event/20030827_0000021/origin/1362149</originID>
    <stationCount>8</stationCount>
    <creationInfo>
      <agencyURI>smi:smi-registry/organization/EMSC</agencyURI>
      <authorURI>smi:smi-registry/organization/EMSC</authorURI>
    </creationInfo>
  </magnitude>
</event>
<event publicID="quakeml:eu.emsc/event/20030827_0000004">
  <preferredOriginID>quakeml:eu.emsc/event/20030827_0000004/origin/1362789</preferredOriginID>
  <preferredMagnitudeID>quakeml:eu.emsc/event/20030827_0000004/origin/1362789/mag/1</preferredMagnitudeID>
  <creationInfo>
    <agencyURI>smi:smi-registry/organization/EMSC</agencyURI>
    <authorURI>smi:smi-registry/organization/EMSC</authorURI>
    <creationTime>2014-12-03T12:12:49.89435Z</creationTime>
  </creationInfo>
  <description>
    <text>PYRENEES</text>
    <type>Flinn-Engdahl region</type>
  </description>
  <origin publicID="quakeml:eu.emsc/event/20030827_0000004/origin/1362789">
    <time>
      <value>2003-08-27T09:34:11.3Z</value>
      <uncertainty>0.1</uncertainty>
    </time>
    <latitude>
      <value>43.1594</value>
      <uncertainty>2.2</uncertainty>
    </latitude>
    <longitude>
      <value>-0.3972</value>
      <uncertainty>1.8</uncertainty>
    </longitude>
    <depth>
      <value>10000</value>
    </depth>
    <depthType>from location</depthType>
    <methodID>smi:eu.emsc-csem/origin_method/NA</methodID>
    <quality>
      <usedPhaseCount>90</usedPhaseCount>
      <usedStationCount>41</usedStationCount>
      <standardError>0.94</standardError>
      <azimuthalGap>77</azimuthalGap>
      <minimumDistance>0.09</minimumDistance>
      <maximumDistance>5.91</maximumDistance>
    </quality>
    <evaluationMode>manual</evaluationMode>
    <creationInfo>
      <agencyURI>smi:smi-registry/organization/EMSC</agencyURI>
      <authorURI>smi:smi-registry/organization/EMSC</authorURI>
    </creationInfo>
  </origin>
  <magnitude publicID="quakeml:eu.emsc/event/20030827_0000004/origin/1362789/mag/1">
    <mag>
      <value>3.2</value>
      <uncertainty>0.4</uncertainty>
    </mag>
    <type>ML</type>
    <originID>quakeml:eu.emsc/event/20030827_0000004/origin/1362789</originID>
    <stationCount>21</stationCount>
    <creationInfo>
      <agencyURI>smi:smi-registry/organization/EMSC</agencyURI>
      <authorURI>smi:smi-registry/organization/EMSC</authorURI>
    </creationInfo>
  </magnitude>
</event>
<event publicID="quakeml:eu.emsc/event/20030827_0000003">
  <preferredOriginID>quakeml:eu.emsc/event/20030827_0000003/origin/1362792</preferredOriginID>
  <preferredMagnitudeID>quakeml:eu.emsc/event/20030827_0000003/origin/1362792/mag/2</preferredMagnitudeID>
  <creationInfo>
    <agencyURI>smi:smi-registry/organization/EMSC</agencyURI>
    <authorURI>smi:smi-registry/organization/EMSC</authorURI>
    <creationTime>2014-12-03T11:33:23.443394Z</creationTime>
  </creationInfo>
  <description>
    <text>GREECE</text>
    <type>Flinn-Engdahl region</type>
  </description>
  <origin publicID="quakeml:eu.emsc/event/20030827_0000003/origin/1362792">
    <time>
      <value>2003-08-27T08:06:52.6Z</value>
      <uncertainty>0.29</uncertainty>
    </time>
    <latitude>
      <value>39.5432</value>
      <uncertainty>7</uncertainty>
    </latitude>
    <longitude>
      <value>20.5078</value>
      <uncertainty>5.6</uncertainty>
    </longitude>
    <depth>
      <value>2000</value>
    </depth>
    <depthType>from location</depthType>
    <methodID>smi:eu.emsc-csem/origin_method/NA</methodID>
    <quality>
      <usedPhaseCount>22</usedPhaseCount>
      <usedStationCount>16</usedStationCount>
      <standardError>1.23</standardError>
      <azimuthalGap>88</azimuthalGap>
      <minimumDistance>0.14</minimumDistance>
      <maximumDistance>2.79</maximumDistance>
    </quality>
    <evaluationMode>manual</evaluationMode>
    <creationInfo>
      <agencyURI>smi:smi-registry/organization/EMSC</agencyURI>
      <authorURI>smi:smi-registry/organization/EMSC</authorURI>
    </creationInfo>
    <originUncertainty>
      <azimuthMaxHorizontalUncertainty>1</azimuthMaxHorizontalUncertainty>
    </originUncertainty>
  </origin>
  <magnitude publicID="quakeml:eu.emsc/event/20030827_0000003/origin/1362792/mag/2">
    <mag>
      <value>3</value>
    </mag>
    <type>ML</type>
    <originID>quakeml:eu.emsc/event/20030827_0000003/origin/1362792</originID>
    <creationInfo>
      <agencyURI>smi:smi-registry/organization/EMSC</agencyURI>
      <authorURI>smi:smi-registry/organization/EMSC</authorURI>
    </creationInfo>
  </magnitude>
</event>
<event publicID="quakeml:eu.emsc/event/20030827_0000015">
  <preferredOriginID>quakeml:eu.emsc/event/20030827_0000015/origin/1355162</preferredOriginID>
  <preferredMagnitudeID>quakeml:eu.emsc/event/20030827_0000015/origin/1355162/mag/2</preferredMagnitudeID>
  <creationInfo>
    <agencyURI>smi:smi-registry/organization/EMSC</agencyURI>
    <authorURI>smi:smi-registry/organization/EMSC</authorURI>
    <creationTime>2014-12-10T18:52:31.188869Z</creationTime>
  </creationInfo>
  <description>
    <text>PYRENEES</text>
    <type>Flinn-Engdahl region</type>
  </description>
  <origin publicID="quakeml:eu.emsc/event/20030827_0000015/origin/1355162">
    <time>
      <value>2003-08-27T06:57:39.3Z</value>
    </time>
    <latitude>
      <value>42.3398</value>
      <uncertainty>9999.9</uncertainty>
    </latitude>
    <longitude>
      <value>2.3243</value>
      <uncertainty>9999.9</uncertainty>
    </longitude>
    <depth>
      <value>5500.0</value>
    </depth>
    <depthType>from location</depthType>
    <methodID>smi:eu.emsc-csem/origin_method/NA</methodID>
    <quality>
      <usedPhaseCount>25</usedPhaseCount>
      <usedStationCount>13</usedStationCount>
      <standardError>0.94</standardError>
      <azimuthalGap>76</azimuthalGap>
      <minimumDistance>0.12</minimumDistance>
      <maximumDistance>1.65</maximumDistance>
    </quality>
    <evaluationMode>manual</evaluationMode>
    <creationInfo>
      <agencyURI>smi:smi-registry/organization/EMSC</agencyURI>
      <authorURI>smi:smi-registry/organization/EMSC</authorURI>
    </creationInfo>
    <originUncertainty>
      <azimuthMaxHorizontalUncertainty>-99</azimuthMaxHorizontalUncertainty>
    </originUncertainty>
  </origin>
  <magnitude publicID="quakeml:eu.emsc/event/20030827_0000015/origin/1355162/mag/2">
    <mag>
      <value>1.5</value>
    </mag>
    <type>ML</type>
    <originID>quakeml:eu.emsc/event/20030827_0000015/origin/1355162</originID>
    <creationInfo>
      <agencyURI>smi:smi-registry/organization/EMSC</agencyURI>
      <authorURI>smi:smi-registry/organization/EMSC</authorURI>
    </creationInfo>
  </magnitude>
</event>
<event publicID="quakeml:eu.emsc/event/20030827_0000016">
  <preferredOriginID>quakeml:eu.emsc/event/20030827_0000016/origin/1355164</preferredOriginID>
  <preferredMagnitudeID>quakeml:eu.emsc/event/20030827_0000016/origin/1355164/mag/2</preferredMagnitudeID>
  <creationInfo>
    <agencyURI>smi:smi-registry/organization/EMSC</agencyURI>
    <authorURI>smi:smi-registry/organization/EMSC</authorURI>
    <creationTime>2014-12-10T18:52:30.688163Z</creationTime>
  </creationInfo>
  <description>
    <text>SWITZERLAND</text>
    <type>Flinn-Engdahl region</type>
  </description>
  <origin publicID="quakeml:eu.emsc/event/20030827_0000016/origin/1355164">
    <time>
      <value>2003-08-27T06:04:52.4Z</value>
    </time>
    <latitude>
      <value>46.723</value>
      <uncertainty>9999.9</uncertainty>
    </latitude>
    <longitude>
      <value>9.832</value>
      <uncertainty>9999.9</uncertainty>
    </longitude>
    <depth>
      <value>6000</value>
    </depth>
    <depthType>from location</depthType>
    <methodID>smi:eu.emsc-csem/origin_method/NA</methodID>
    <quality>
      <usedPhaseCount>6</usedPhaseCount>
      <usedStationCount>4</usedStationCount>
      <standardError>0.22</standardError>
      <azimuthalGap>162</azimuthalGap>
      <minimumDistance>0.07</minimumDistance>
      <maximumDistance>0.34</maximumDistance>
    </quality>
    <evaluationMode>manual</evaluationMode>
    <creationInfo>
      <agencyURI>smi:smi-registry/organization/EMSC</agencyURI>
      <authorURI>smi:smi-registry/organization/EMSC</authorURI>
    </creationInfo>
    <originUncertainty>
      <azimuthMaxHorizontalUncertainty>-99</azimuthMaxHorizontalUncertainty>
    </originUncertainty>
  </origin>
  <magnitude publicID="quakeml:eu.emsc/event/20030827_0000016/origin/1355164/mag/2">
    <mag>
      <value>1</value>
    </mag>
    <type>ML</type>
    <originID>quakeml:eu.emsc/event/20030827_0000016/origin/1355164</originID>
    <stationCount>3</stationCount>
    <creationInfo>
      <agencyURI>smi:smi-registry/organization/EMSC</agencyURI>
      <authorURI>smi:smi-registry/organization/EMSC</authorURI>
    </creationInfo>
  </magnitude>
</event>
<event publicID="quakeml:eu.emsc/event/20030827_0000002">
  <preferredOriginID>quakeml:eu.emsc/event/20030827_0000002/origin/1355166</preferredOriginID>
  <preferredMagnitudeID>quakeml:eu.emsc/event/20030827_0000002/origin/1355166/mag/2</preferredMagnitudeID>
  <creationInfo>
    <agencyURI>smi:smi-registry/organization/EMSC</agencyURI>
    <authorURI>smi:smi-registry/organization/EMSC</authorURI>
    <creationTime>2014-12-10T22:52:50.330733Z</creationTime>
  </creationInfo>
  <description>
    <text>WESTERN TURKEY</text>
    <type>Flinn-Engdahl region</type>
  </description>
  <origin publicID="quakeml:eu.emsc/event/20030827_0000002/origin/1355166">
    <time>
      <value>2003-08-27T05:06:47.7Z</value>
    </time>
    <latitude>
      <value>36.163</value>
      <uncertainty>9999.9</uncertainty>
    </latitude>
    <longitude>
      <value>31.495</value>
      <uncertainty>9999.9</uncertainty>
    </longitude>
    <depth>
      <value>5000</value>
    </depth>
    <depthType>from location</depthType>
    <methodID>smi:eu.emsc-csem/origin_method/NA</methodID>
    <quality>
      <usedPhaseCount>5</usedPhaseCount>
      <usedStationCount>5</usedStationCount>
      <standardError>0.99</standardError>
      <azimuthalGap>162</azimuthalGap>
      <minimumDistance>1.41</minimumDistance>
      <maximumDistance>2.73</maximumDistance>
    </quality>
    <evaluationMode>manual</evaluationMode>
    <creationInfo>
      <agencyURI>smi:smi-registry/organization/EMSC</agencyURI>
      <authorURI>smi:smi-registry/organization/EMSC</authorURI>
    </creationInfo>
    <originUncertainty>
      <azimuthMaxHorizontalUncertainty>-99</azimuthMaxHorizontalUncertainty>
    </originUncertainty>
  </origin>
  <magnitude publicID="quakeml:eu.emsc/event/20030827_0000002/origin/1355166/mag/2">
    <mag>
      <value>3.4</value>
    </mag>
    <type>MD</type>
    <originID>quakeml:eu.emsc/event/20030827_0000002/origin/1355166</originID>
    <creationInfo>
      <agencyURI>smi:smi-registry/organization/EMSC</agencyURI>
      <authorURI>smi:smi-registry/organization/EMSC</authorURI>
    </creationInfo>
  </magnitude>
</event>
<event publicID="quakeml:eu.emsc/event/20030827_0000018">
  <preferredOriginID>quakeml:eu.emsc/event/20030827_0000018/origin/1362153</preferredOriginID>
  <preferredMagnitudeID>quakeml:eu.emsc/event/20030827_0000018/origin/1362153/mag/1</preferredMagnitudeID>
  <creationInfo>
    <agencyURI>smi:smi-registry/organization/EMSC</agencyURI>
    <authorURI>smi:smi-registry/organization/EMSC</authorURI>
    <creationTime>2014-12-03T16:11:53.961724Z</creationTime>
  </creationInfo>
  <description>
    <text>PYRENEES</text>
    <type>Flinn-Engdahl region</type>
  </description>
  <origin publicID="quakeml:eu.emsc/event/20030827_0000018/origin/1362153">
    <time>
      <value>2003-08-27T04:34:37.3Z</value>
      <uncertainty>0.11</uncertainty>
    </time>
    <latitude>
      <value>43.0367</value>
      <uncertainty>3.2</uncertainty>
    </latitude>
    <longitude>
      <value>-0.1658</value>
      <uncertainty>1.6</uncertainty>
    </longitude>
    <depth>
      <value>19300.0</value>
      <uncertainty>0.1</uncertainty>
    </depth>
    <depthType>from location</depthType>
    <methodID>smi:eu.emsc-csem/origin_method/NA</methodID>
    <quality>
      <usedPhaseCount>23</usedPhaseCount>
      <usedStationCount>13</usedStationCount>
      <standardError>0.41</standardError>
      <azimuthalGap>157</azimuthalGap>
      <minimumDistance>0.17</minimumDistance>
      <maximumDistance>1.77</maximumDistance>
    </quality>
    <evaluationMode>manual</evaluationMode>
    <creationInfo>
      <agencyURI>smi:smi-registry/organization/EMSC</agencyURI>
      <authorURI>smi:smi-registry/organization/EMSC</authorURI>
    </creationInfo>
    <originUncertainty>
      <azimuthMaxHorizontalUncertainty>4</azimuthMaxHorizontalUncertainty>
    </originUncertainty>
  </origin>
  <magnitude publicID="quakeml:eu.emsc/event/20030827_0000018/origin/1362153/mag/1">
    <mag>
      <value>1.9</value>
      <uncertainty>0.7</uncertainty>
    </mag>
    <type>ML</type>
    <originID>quakeml:eu.emsc/event/20030827_0000018/origin/1362153</originID>
    <stationCount>6</stationCount>
    <creationInfo>
      <agencyURI>smi:smi-registry/organization/EMSC</agencyURI>
      <authorURI>smi:smi-registry/organization/EMSC</authorURI>
    </creationInfo>
  </magnitude>
</event>
</eventParameters>
</q:quakeml>
