<?xml version="1.0"?>
<q:quakeml xmlns:q="http://quakeml.org/xmlns/quakeml/1.2"  xmlns="http://quakeml.org/xmlns/bed/1.2">
<eventParameters publicID="smi:eu.emsc/unid">
<event publicID="quakeml:eu.emsc/event/20030314_0000018">
  <preferredOriginID>quakeml:eu.emsc/event/20030314_0000018/origin/1359754</preferredOriginID>
  <preferredMagnitudeID>quakeml:eu.emsc/event/20030314_0000018/origin/1359754/mag/2</preferredMagnitudeID>
  <creationInfo>
    <agencyURI>smi:smi-registry/organization/EMSC</agencyURI>
    <authorURI>smi:smi-registry/organization/EMSC</authorURI>
    <creationTime>2014-12-10T18:45:05.947769Z</creationTime>
  </creationInfo>
  <description>
    <text>FRANCE</text>
    <type>Flinn-Engdahl region</type>
  </description>
  <origin publicID="quakeml:eu.emsc/event/20030314_0000018/origin/1359754">
    <time>
      <value>2003-03-14T23:37:18.8Z</value>
    </time>
    <latitude>
      <value>48.33</value>
      <uncertainty>9999.9</uncertainty>
    </latitude>
    <longitude>
      <value>6.68</value>
      <uncertainty>9999.9</uncertainty>
    </longitude>
    <depth>
      <value>10000</value>
    </depth>
    <depthType>from location</depthType>
    <methodID>smi:eu.emsc-csem/origin_method/NA</methodID>
    <quality>
      <usedPhaseCount>9</usedPhaseCount>
      <usedStationCount>6</usedStationCount>
      <standardError>0.5</standardError>
      <azimuthalGap>150</azimuthalGap>
      <minimumDistance>0.34</minimumDistance>
      <maximumDistance>1.05</maximumDistance>
    </quality>
    <evaluationMode>manual</evaluationMode>
    <creationInfo>
      <agencyURI>smi:smi-registry/organization/EMSC</agencyURI>
      <authorURI>smi:smi-registry/organization/EMSC</authorURI>
    </creationInfo>
    <originUncertainty>
      <azimuthMaxHorizontalUncertainty>-99</azimuthMaxHorizontalUncertainty>
    </originUncertainty>
  </origin>
  <magnitude publicID="quakeml:eu.emsc/event/20030314_0000018/origin/1359754/mag/2">
    <mag>
      <value>2.1</value>
    </mag>
    <type>ML</type>
    <originID>quakeml:eu.emsc/event/20030314_0000018/origin/1359754</originID>
    <creationInfo>
      <agencyURI>smi:smi-registry/organization/EMSC</agencyURI>
      <authorURI>smi:smi-registry/organization/EMSC</authorURI>
    </creationInfo>
  </magnitude>
</event>
<event publicID="quakeml:eu.emsc/event/20030314_0000016">
  <preferredOriginID>quakeml:eu.emsc/event/20030314_0000016/origin/1359756</preferredOriginID>
  <preferredMagnitudeID>quakeml:eu.emsc/event/20030314_0000016/origin/1359756/mag/2</preferredMagnitudeID>
  <creationInfo>
    <agencyURI>smi:smi-registry/organization/EMSC</agencyURI>
    <authorURI>smi:smi-registry/organization/EMSC</authorURI>
    <creationTime>2014-12-10T19:22:28.772909Z</creationTime>
  </creationInfo>
  <description>
    <text>EASTERN TURKEY</text>
    <type>Flinn-Engdahl region</type>
  </description>
  <origin publicID="quakeml:eu.emsc/event/20030314_0000016/origin/1359756">
    <time>
      <value>2003-03-14T21:31:35.9Z</value>
    </time>
    <latitude>
      <value>38.58</value>
      <uncertainty>9999.9</uncertainty>
    </latitude>
    <longitude>
      <value>39.563</value>
      <uncertainty>9999.9</uncertainty>
    </longitude>
    <depth>
      <value>6000</value>
    </depth>
    <depthType>from location</depthType>
    <methodID>smi:eu.emsc-csem/origin_method/NA</methodID>
    <quality>
      <usedPhaseCount>6</usedPhaseCount>
      <usedStationCount>6</usedStationCount>
      <standardError>0.42</standardError>
      <azimuthalGap>97</azimuthalGap>
      <minimumDistance>0.78</minimumDistance>
      <maximumDistance>2.33</maximumDistance>
    </quality>
    <evaluationMode>manual</evaluationMode>
    <creationInfo>
      <agencyURI>smi:smi-registry/organization/EMSC</agencyURI>
      <authorURI>smi:smi-registry/organization/EMSC</authorURI>
    </creationInfo>
    <originUncertainty>
      <azimuthMaxHorizontalUncertainty>-99</azimuthMaxHorizontalUncertainty>
    </originUncertainty>
  </origin>
  <magnitude publicID="quakeml:eu.emsc/event/20030314_0000016/origin/1359756/mag/2">
    <mag>
      <value>3.4</value>
    </mag>
    <type>MD</type>
    <originID>quakeml:eu.emsc/event/20030314_0000016/origin/1359756</originID>
    <creationInfo>
      <agencyURI>smi:smi-registry/organization/EMSC</agencyURI>
      <authorURI>smi:smi-registry/organization/EMSC</authorURI>
    </creationInfo>
  </magnitude>
</event>
<event publicID="quakeml:eu.emsc/event/20030314_0000024">
  <preferredOriginID>quakeml:eu.emsc/event/20030314_0000024/origin/1374489</preferredOriginID>
  <preferredMagnitudeID>quakeml:eu.emsc/event/20030314_0000024/origin/1374489/mag/1</preferredMagnitudeID>
  <creationInfo>
    <agencyURI>smi:smi-registry/organization/EMSC</agencyURI>
    <authorURI>smi:smi-registry/organization/EMSC</authorURI>
    <creationTime>2014-12-03T16:51:42.94773Z</creationTime>
  </creationInfo>
  <description>
    <text>NORTHERN ITALY</text>
    <type>Flinn-Engdahl region</type>
  </description>
  <origin publicID="quakeml:eu.emsc/event/20030314_0000024/origin/1374489">
    <time>
      <value>2003-03-14T21:13:04.7Z</value>
      <uncertainty>0.17</uncertainty>
    </time>
    <latitude>
      <value>44.8159</value>
      <uncertainty>4.5</uncertainty>
    </latitude>
    <longitude>
      <value>7.5749</value>
      <uncertainty>2.8</uncertainty>
    </longitude>
    <depth>
      <value>19600.0</value>
      <uncertainty>0.1</uncertainty>
    </depth>
    <depthType>from location</depthType>
    <methodID>smi:eu.emsc-csem/origin_method/NA</methodID>
    <quality>
      <usedPhaseCount>42</usedPhaseCount>
      <usedStationCount>25</usedStationCount>
      <standardError>0.91</standardError>
      <azimuthalGap>67</azimuthalGap>
      <minimumDistance>0.19</minimumDistance>
      <maximumDistance>2.07</maximumDistance>
    </quality>
    <evaluationMode>manual</evaluationMode>
    <creationInfo>
      <agencyURI>smi:smi-registry/organization/EMSC</agencyURI>
      <authorURI>smi:smi-registry/organization/EMSC</authorURI>
    </creationInfo>
    <originUncertainty>
      <azimuthMaxHorizontalUncertainty>58</azimuthMaxHorizontalUncertainty>
    </originUncertainty>
  </origin>
  <magnitude publicID="quakeml:eu.emsc/event/20030314_0000024/origin/1374489/mag/1">
    <mag>
      <value>2.3</value>
      <uncertainty>0.1</uncertainty>
    </mag>
    <type>ML</type>
    <originID>quakeml:eu.emsc/event/20030314_0000024/origin/1374489</originID>
    <stationCount>9</stationCount>
    <creationInfo>
      <agencyURI>smi:smi-registry/organization/EMSC</agencyURI>
      <authorURI>smi:smi-registry/organization/EMSC</authorURI>
    </creationInfo>
  </magnitude>
</event>
<event publicID="quakeml:eu.emsc/event/20030314_0000022">
  <preferredOriginID>quakeml:eu.emsc/event/20030314_0000022/origin/1374492</preferredOriginID>
  <preferredMagnitudeID>quakeml:eu.emsc/event/20030314_0000022/origin/1374492/mag/1</preferredMagnitudeID>
  <creationInfo>
    <agencyURI>smi:smi-registry/organization/EMSC</agencyURI>
    <authorURI>smi:smi-registry/organization/EMSC</authorURI>
    <creationTime>2014-12-03T16:38:45.73179Z</creationTime>
  </creationInfo>
  <description>
    <text>FRANCE</text>
    <type>Flinn-Engdahl region</type>
  </description>
  <origin publicID="quakeml:eu.emsc/event/20030314_0000022/origin/1374492">
    <time>
      <value>2003-03-14T20:55:02.0Z</value>
      <uncertainty>0.1</uncertainty>
    </time>
    <latitude>
      <value>44.718</value>
      <uncertainty>2.3</uncertainty>
    </latitude>
    <longitude>
      <value>6.7901</value>
      <uncertainty>1.5</uncertainty>
    </longitude>
    <depth>
      <value>10000</value>
    </depth>
    <depthType>from location</depthType>
    <methodID>smi:eu.emsc-csem/origin_method/NA</methodID>
    <quality>
      <usedPhaseCount>32</usedPhaseCount>
      <usedStationCount>20</usedStationCount>
      <standardError>0.58</standardError>
      <azimuthalGap>87</azimuthalGap>
      <minimumDistance>0.02</minimumDistance>
      <maximumDistance>1.51</maximumDistance>
    </quality>
    <evaluationMode>manual</evaluationMode>
    <creationInfo>
      <agencyURI>smi:smi-registry/organization/EMSC</agencyURI>
      <authorURI>smi:smi-registry/organization/EMSC</authorURI>
    </creationInfo>
    <originUncertainty>
      <azimuthMaxHorizontalUncertainty>68</azimuthMaxHorizontalUncertainty>
    </originUncertainty>
  </origin>
  <magnitude publicID="quakeml:eu.emsc/event/20030314_0000022/origin/1374492/mag/1">
    <mag>
      <value>1.7</value>
      <uncertainty>0.2</uncertainty>
    </mag>
    <type>ML</type>
    <originID>quakeml:eu.emsc/event/20030314_0000022/origin/1374492</originID>
    <stationCount>7</stationCount>
    <creationInfo>
      <agencyURI>smi:smi-registry/organization/EMSC</agencyURI>
      <authorURI>smi:smi-registry/organization/EMSC</authorURI>
    </creationInfo>
  </magnitude>
</event>
<event publicID="quakeml:eu.emsc/event/20030314_0000015">
  <preferredOriginID>quakeml:eu.emsc/event/20030314_0000015/origin/1359758</preferredOriginID>
  <preferredMagnitudeID>quakeml:eu.emsc/event/20030314_0000015/origin/1359758/mag/2</preferredMagnitudeID>
  <creationInfo>
    <agencyURI>smi:smi-registry/organization/EMSC</agencyURI>
    <authorURI>smi:smi-registry/organization/EMSC</authorURI>
    <creationTime>2014-12-10T19:22:24.650714Z</creationTime>
  </creationInfo>
  <description>
    <text>WESTERN TURKEY</text>
    <type>Flinn-Engdahl region</type>
  </description>
  <origin publicID="quakeml:eu.emsc/event/20030314_0000015/origin/1359758">
    <time>
      <value>2003-03-14T19:22:56.0Z</value>
    </time>
    <latitude>
      <value>40.661</value>
      <uncertainty>9999.9</uncertainty>
    </latitude>
    <longitude>
      <value>30.56</value>
      <uncertainty>9999.9</uncertainty>
    </longitude>
    <depth>
      <value>13000</value>
    </depth>
    <depthType>from location</depthType>
    <methodID>smi:eu.emsc-csem/origin_method/NA</methodID>
    <quality>
      <usedPhaseCount>17</usedPhaseCount>
      <usedStationCount>16</usedStationCount>
      <standardError>0.76</standardError>
      <azimuthalGap>139</azimuthalGap>
      <minimumDistance>0.34</minimumDistance>
      <maximumDistance>2.74</maximumDistance>
    </quality>
    <evaluationMode>manual</evaluationMode>
    <creationInfo>
      <agencyURI>smi:smi-registry/organization/EMSC</agencyURI>
      <authorURI>smi:smi-registry/organization/EMSC</authorURI>
    </creationInfo>
    <originUncertainty>
      <azimuthMaxHorizontalUncertainty>-99</azimuthMaxHorizontalUncertainty>
    </originUncertainty>
  </origin>
  <magnitude publicID="quakeml:eu.emsc/event/20030314_0000015/origin/1359758/mag/2">
    <mag>
      <value>3.3</value>
    </mag>
    <type>MD</type>
    <originID>quakeml:eu.emsc/event/20030314_0000015/origin/1359758</originID>
    <creationInfo>
      <agencyURI>smi:smi-registry/organization/EMSC</agencyURI>
      <authorURI>smi:smi-registry/organization/EMSC</authorURI>
    </creationInfo>
  </magnitude>
</event>
<event publicID="quakeml:eu.emsc/event/20030314_0000014">
  <preferredOriginID>quakeml:eu.emsc/event/20030314_0000014/origin/1374836</preferredOriginID>
  <preferredMagnitudeID>quakeml:eu.emsc/event/20030314_0000014/origin/1374836/mag/2</preferredMagnitudeID>
  <creationInfo>
    <agencyURI>smi:smi-registry/organization/EMSC</agencyURI>
    <authorURI>smi:smi-registry/organization/EMSC</authorURI>
    <creationTime>2014-12-03T11:38:43.710302Z</creationTime>
  </creationInfo>
  <description>
    <text>GREECE</text>
    <type>Flinn-Engdahl region</type>
  </description>
  <origin publicID="quakeml:eu.emsc/event/20030314_0000014/origin/1374836">
    <time>
      <value>2003-03-14T18:59:19.1Z</value>
      <uncertainty>0.42</uncertainty>
    </time>
    <latitude>
      <value>38.9312</value>
      <uncertainty>12</uncertainty>
    </latitude>
    <longitude>
      <value>21.1748</value>
      <uncertainty>6.8</uncertainty>
    </longitude>
    <depth>
      <value>2000</value>
    </depth>
    <depthType>from location</depthType>
    <methodID>smi:eu.emsc-csem/origin_method/NA</methodID>
    <quality>
      <usedPhaseCount>11</usedPhaseCount>
      <usedStationCount>7</usedStationCount>
      <standardError>1.09</standardError>
      <azimuthalGap>150</azimuthalGap>
      <minimumDistance>0.47</minimumDistance>
      <maximumDistance>2.59</maximumDistance>
    </quality>
    <evaluationMode>manual</evaluationMode>
    <creationInfo>
      <agencyURI>smi:smi-registry/organization/EMSC</agencyURI>
      <authorURI>smi:smi-registry/organization/EMSC</authorURI>
    </creationInfo>
    <originUncertainty>
      <azimuthMaxHorizontalUncertainty>1</azimuthMaxHorizontalUncertainty>
    </originUncertainty>
  </origin>
  <magnitude publicID="quakeml:eu.emsc/event/20030314_0000014/origin/1374836/mag/2">
    <mag>
      <value>3</value>
    </mag>
    <type>MD</type>
    <originID>quakeml:eu.emsc/event/20030314_0000014/origin/1374836</originID>
    <creationInfo>
      <agencyURI>smi:smi-registry/organization/EMSC</agencyURI>
      <authorURI>smi:smi-registry/organization/EMSC</authorURI>
    </creationInfo>
  </magnitude>
</event>
<event publicID="quakeml:eu.emsc/event/20030314_0000012">
  <preferredOriginID>quakeml:eu.emsc/event/20030314_0000012/origin/1359760</preferredOriginID>
  <preferredMagnitudeID>quakeml:eu.emsc/event/20030314_0000012/origin/1359760/mag/2</preferredMagnitudeID>
  <creationInfo>
    <agencyURI>smi:smi-registry/organization/EMSC</agencyURI>
    <authorURI>smi:smi-registry/organization/EMSC</authorURI>
    <creationTime>2014-12-10T19:22:17.44739Z</creationTime>
  </creationInfo>
  <description>
    <text>WESTERN TURKEY</text>
    <type>Flinn-Engdahl region</type>
  </description>
  <origin publicID="quakeml:eu.emsc/event/20030314_0000012/origin/1359760">
    <time>
      <value>2003-03-14T11:34:13.5Z</value>
    </time>
    <latitude>
      <value>37.128</value>
      <uncertainty>9999.9</uncertainty>
    </latitude>
    <longitude>
      <value>30.582</value>
      <uncertainty>9999.9</uncertainty>
    </longitude>
    <depth>
      <value>27000</value>
    </depth>
    <depthType>from location</depthType>
    <methodID>smi:eu.emsc-csem/origin_method/NA</methodID>
    <quality>
      <usedPhaseCount>12</usedPhaseCount>
      <usedStationCount>10</usedStationCount>
      <standardError>1.13</standardError>
      <azimuthalGap>98</azimuthalGap>
      <minimumDistance>0.66</minimumDistance>
      <maximumDistance>3.33</maximumDistance>
    </quality>
    <evaluationMode>manual</evaluationMode>
    <creationInfo>
      <agencyURI>smi:smi-registry/organization/EMSC</agencyURI>
      <authorURI>smi:smi-registry/organization/EMSC</authorURI>
    </creationInfo>
    <originUncertainty>
      <azimuthMaxHorizontalUncertainty>-99</azimuthMaxHorizontalUncertainty>
    </originUncertainty>
  </origin>
  <magnitude publicID="quakeml:eu.emsc/event/20030314_0000012/origin/1359760/mag/2">
    <mag>
      <value>3.6</value>
    </mag>
    <type>MD</type>
    <originID>quakeml:eu.emsc/event/20030314_0000012/origin/1359760</originID>
    <creationInfo>
      <agencyURI>smi:smi-registry/organization/EMSC</agencyURI>
      <authorURI>smi:smi-registry/organization/EMSC</authorURI>
    </creationInfo>
  </magnitude>
</event>
<event publicID="quakeml:eu.emsc/event/20030314_0000011">
  <preferredOriginID>quakeml:eu.emsc/event/20030314_0000011/origin/1359762</preferredOriginID>
  <preferredMagnitudeID>quakeml:eu.emsc/event/20030314_0000011/origin/1359762/mag/2</preferredMagnitudeID>
  <creationInfo>
    <agencyURI>smi:smi-registry/organization/EMSC</agencyURI>
    <authorURI>smi:smi-registry/organization/EMSC</authorURI>
    <creationTime>2014-12-10T19:22:13.920699Z</creationTime>
  </creationInfo>
  <description>
    <text>EASTERN TURKEY</text>
    <type>Flinn-Engdahl region</type>
  </description>
  <origin publicID="quakeml:eu.emsc/event/20030314_0000011/origin/1359762">
    <time>
      <value>2003-03-14T10:31:13.9Z</value>
    </time>
    <latitude>
      <value>38.682</value>
      <uncertainty>9999.9</uncertainty>
    </latitude>
    <longitude>
      <value>39.133</value>
      <uncertainty>9999.9</uncertainty>
    </longitude>
    <depth>
      <value>7000</value>
    </depth>
    <depthType>from location</depthType>
    <methodID>smi:eu.emsc-csem/origin_method/NA</methodID>
    <quality>
      <usedPhaseCount>13</usedPhaseCount>
      <usedStationCount>11</usedStationCount>
      <standardError>1.2</standardError>
      <azimuthalGap>91</azimuthalGap>
      <minimumDistance>0.66</minimumDistance>
      <maximumDistance>4.58</maximumDistance>
    </quality>
    <evaluationMode>manual</evaluationMode>
    <creationInfo>
      <agencyURI>smi:smi-registry/organization/EMSC</agencyURI>
      <authorURI>smi:smi-registry/organization/EMSC</authorURI>
    </creationInfo>
    <originUncertainty>
      <azimuthMaxHorizontalUncertainty>-99</azimuthMaxHorizontalUncertainty>
    </originUncertainty>
  </origin>
  <magnitude publicID="quakeml:eu.emsc/event/20030314_0000011/origin/1359762/mag/2">
    <mag>
      <value>3.9</value>
    </mag>
    <type>MD</type>
    <originID>quakeml:eu.emsc/event/20030314_0000011/origin/1359762</originID>
    <creationInfo>
      <agencyURI>smi:smi-registry/organization/EMSC</agencyURI>
      <authorURI>smi:smi-registry/organization/EMSC</authorURI>
    </creationInfo>
  </magnitude>
</event>
<event publicID="quakeml:eu.emsc/event/20030314_0000010">
  <preferredOriginID>quakeml:eu.emsc/event/20030314_0000010/origin/1374840</preferredOriginID>
  <preferredMagnitudeID>quakeml:eu.emsc/event/20030314_0000010/origin/1374840/mag/2</preferredMagnitudeID>
  <creationInfo>
    <agencyURI>smi:smi-registry/organization/EMSC</agencyURI>
    <authorURI>smi:smi-registry/organization/EMSC</authorURI>
    <creationTime>2014-12-03T12:13:52.585569Z</creationTime>
  </creationInfo>
  <description>
    <text>AEGEAN SEA</text>
    <type>Flinn-Engdahl region</type>
  </description>
  <origin publicID="quakeml:eu.emsc/event/20030314_0000010/origin/1374840">
    <time>
      <value>2003-03-14T09:19:32.7Z</value>
      <uncertainty>0.26</uncertainty>
    </time>
    <latitude>
      <value>39.2567</value>
      <uncertainty>5.9</uncertainty>
    </latitude>
    <longitude>
      <value>23.8148</value>
      <uncertainty>4.9</uncertainty>
    </longitude>
    <depth>
      <value>15000</value>
    </depth>
    <depthType>from location</depthType>
    <methodID>smi:eu.emsc-csem/origin_method/NA</methodID>
    <quality>
      <usedPhaseCount>28</usedPhaseCount>
      <usedStationCount>20</usedStationCount>
      <standardError>0.91</standardError>
      <azimuthalGap>60</azimuthalGap>
      <minimumDistance>0.1</minimumDistance>
      <maximumDistance>3.26</maximumDistance>
    </quality>
    <evaluationMode>manual</evaluationMode>
    <creationInfo>
      <agencyURI>smi:smi-registry/organization/EMSC</agencyURI>
      <authorURI>smi:smi-registry/organization/EMSC</authorURI>
    </creationInfo>
    <originUncertainty>
      <azimuthMaxHorizontalUncertainty>98</azimuthMaxHorizontalUncertainty>
    </originUncertainty>
  </origin>
  <magnitude publicID="quakeml:eu.emsc/event/20030314_0000010/origin/1374840/mag/2">
    <mag>
      <value>3.1</value>
    </mag>
    <type>ML</type>
    <originID>quakeml:eu.emsc/event/20030314_0000010/origin/1374840</originID>
    <creationInfo>
      <agencyURI>smi:smi-registry/organization/EMSC</agencyURI>
      <authorURI>smi:smi-registry/organization/EMSC</authorURI>
    </creationInfo>
  </magnitude>
</event>
<event publicID="quakeml:eu.emsc/event/20030314_0000009">
  <preferredOriginID>quakeml:eu.emsc/event/20030314_0000009/origin/1374846</preferredOriginID>
  <preferredMagnitudeID>quakeml:eu.emsc/event/20030314_0000009/origin/1374846/mag/1</preferredMagnitudeID>
  <creationInfo>
    <agencyURI>smi:smi-registry/organization/EMSC</agencyURI>
    <authorURI>smi:smi-registry/organization/EMSC</authorURI>
    <creationTime>2014-12-03T11:55:29.87067Z</creationTime>
  </creationInfo>
  <description>
    <text>FRANCE</text>
    <type>Flinn-Engdahl region</type>
  </description>
  <origin publicID="quakeml:eu.emsc/event/20030314_0000009/origin/1374846">
    <time>
      <value>2003-03-14T08:23:37.8Z</value>
      <uncertainty>0.06</uncertainty>
    </time>
    <latitude>
      <value>44.4706</value>
      <uncertainty>1.4</uncertainty>
    </latitude>
    <longitude>
      <value>6.7949</value>
      <uncertainty>1.3</uncertainty>
    </longitude>
    <depth>
      <value>10000</value>
    </depth>
    <depthType>from location</depthType>
    <methodID>smi:eu.emsc-csem/origin_method/NA</methodID>
    <quality>
      <usedPhaseCount>97</usedPhaseCount>
      <usedStationCount>63</usedStationCount>
      <standardError>0.73</standardError>
      <azimuthalGap>30</azimuthalGap>
      <minimumDistance>0.02</minimumDistance>
      <maximumDistance>3.96</maximumDistance>
    </quality>
    <evaluationMode>manual</evaluationMode>
    <creationInfo>
      <agencyURI>smi:smi-registry/organization/EMSC</agencyURI>
      <authorURI>smi:smi-registry/organization/EMSC</authorURI>
    </creationInfo>
    <originUncertainty>
      <azimuthMaxHorizontalUncertainty>46</azimuthMaxHorizontalUncertainty>
    </originUncertainty>
  </origin>
  <magnitude publicID="quakeml:eu.emsc/event/20030314_0000009/origin/1374846/mag/1">
    <mag>
      <value>3</value>
      <uncertainty>0.3</uncertainty>
    </mag>
    <type>ML</type>
    <originID>quakeml:eu.emsc/event/20030314_0000009/origin/1374846</originID>
    <stationCount>13</stationCount>
    <creationInfo>
      <agencyURI>smi:smi-registry/organization/EMSC</agencyURI>
      <authorURI>smi:smi-registry/organization/EMSC</authorURI>
    </creationInfo>
  </magnitude>
</event>
<event publicID="quakeml:eu.emsc/event/20030314_0000023">
  <preferredOriginID>quakeml:eu.emsc/event/20030314_0000023/origin/1359764</preferredOriginID>
  <preferredMagnitudeID>quakeml:eu.emsc/event/20030314_0000023/origin/1359764/mag/2</preferredMagnitudeID>
  <creationInfo>
    <agencyURI>smi:smi-registry/organization/EMSC</agencyURI>
    <authorURI>smi:smi-registry/organization/EMSC</authorURI>
    <creationTime>2014-12-10T18:45:05.477994Z</creationTime>
  </creationInfo>
  <description>
    <text>PYRENEES</text>
    <type>Flinn-Engdahl region</type>
  </description>
  <origin publicID="quakeml:eu.emsc/event/20030314_0000023/origin/1359764">
    <time>
      <value>2003-03-14T08:09:14.5Z</value>
    </time>
    <latitude>
      <value>43.08</value>
      <uncertainty>9999.9</uncertainty>
    </latitude>
    <longitude>
      <value>-0.62</value>
      <uncertainty>9999.9</uncertainty>
    </longitude>
    <depth>
      <value>5000</value>
    </depth>
    <depthType>from location</depthType>
    <methodID>smi:eu.emsc-csem/origin_method/NA</methodID>
    <quality>
      <usedPhaseCount>9</usedPhaseCount>
      <usedStationCount>5</usedStationCount>
      <standardError>0.73</standardError>
      <azimuthalGap>153</azimuthalGap>
      <minimumDistance>0.17</minimumDistance>
      <maximumDistance>0.51</maximumDistance>
    </quality>
    <evaluationMode>manual</evaluationMode>
    <creationInfo>
      <agencyURI>smi:smi-registry/organization/EMSC</agencyURI>
      <authorURI>smi:smi-registry/organization/EMSC</authorURI>
    </creationInfo>
    <originUncertainty>
      <azimuthMaxHorizontalUncertainty>-99</azimuthMaxHorizontalUncertainty>
    </originUncertainty>
  </origin>
  <magnitude publicID="quakeml:eu.emsc/event/20030314_0000023/origin/1359764/mag/2">
    <mag>
      <value>2.3</value>
    </mag>
    <type>ML</type>
    <originID>quakeml:eu.emsc/event/20030314_0000023/origin/1359764</originID>
    <creationInfo>
      <agencyURI>smi:smi-registry/organization/EMSC</agencyURI>
      <authorURI>smi:smi-registry/organization/EMSC</authorURI>
    </creationInfo>
  </magnitude>
</event>
<event publicID="quakeml:eu.emsc/event/20030314_0000007">
  <preferredOriginID>quakeml:eu.emsc/event/20030314_0000007/origin/1374850</preferredOriginID>
  <preferredMagnitudeID>quakeml:eu.emsc/event/20030314_0000007/origin/1374850/mag/2</preferredMagnitudeID>
  <creationInfo>
    <agencyURI>smi:smi-registry/organization/EMSC</agencyURI>
    <authorURI>smi:smi-registry/organization/EMSC</authorURI>
    <creationTime>2014-12-03T11:55:29.142297Z</creationTime>
  </creationInfo>
  <description>
    <text>AEGEAN SEA</text>
    <type>Flinn-Engdahl region</type>
  </description>
  <origin publicID="quakeml:eu.emsc/event/20030314_0000007/origin/1374850">
    <time>
      <value>2003-03-14T07:31:28.9Z</value>
      <uncertainty>0.27</uncertainty>
    </time>
    <latitude>
      <value>39.2914</value>
      <uncertainty>6.1</uncertainty>
    </latitude>
    <longitude>
      <value>23.8372</value>
      <uncertainty>4.4</uncertainty>
    </longitude>
    <depth>
      <value>15000</value>
    </depth>
    <depthType>from location</depthType>
    <methodID>smi:eu.emsc-csem/origin_method/NA</methodID>
    <quality>
      <usedPhaseCount>31</usedPhaseCount>
      <usedStationCount>18</usedStationCount>
      <standardError>1</standardError>
      <azimuthalGap>105</azimuthalGap>
      <minimumDistance>0.13</minimumDistance>
      <maximumDistance>2.41</maximumDistance>
    </quality>
    <evaluationMode>manual</evaluationMode>
    <creationInfo>
      <agencyURI>smi:smi-registry/organization/EMSC</agencyURI>
      <authorURI>smi:smi-registry/organization/EMSC</authorURI>
    </creationInfo>
    <originUncertainty>
      <azimuthMaxHorizontalUncertainty>104</azimuthMaxHorizontalUncertainty>
    </originUncertainty>
  </origin>
  <magnitude publicID="quakeml:eu.emsc/event/20030314_0000007/origin/1374850/mag/2">
    <mag>
      <value>3.1</value>
    </mag>
    <type>ML</type>
    <originID>quakeml:eu.emsc/event/20030314_0000007/origin/1374850</originID>
    <creationInfo>
      <agencyURI>smi:smi-registry/organization/EMSC</agencyURI>
      <authorURI>smi:smi-registry/organization/EMSC</authorURI>
    </creationInfo>
  </magnitude>
</event>
<event publicID="quakeml:eu.emsc/event/20030314_0000006">
  <preferredOriginID>quakeml:eu.emsc/event/20030314_0000006/origin/1359766</preferredOriginID>
  <preferredMagnitudeID>quakeml:eu.emsc/event/20030314_0000006/origin/1359766/mag/2</preferredMagnitudeID>
  <creationInfo>
    <agencyURI>smi:smi-registry/organization/EMSC</agencyURI>
    <authorURI>smi:smi-registry/organization/EMSC</authorURI>
    <creationTime>2014-12-10T19:22:04.11385Z</creationTime>
  </creationInfo>
  <description>
    <text>GREECE</text>
    <type>Flinn-Engdahl region</type>
  </description>
  <origin publicID="quakeml:eu.emsc/event/20030314_0000006/origin/1359766">
    <time>
      <value>2003-03-14T07:11:27.1Z</value>
    </time>
    <latitude>
      <value>38.89</value>
      <uncertainty>9999.9</uncertainty>
    </latitude>
    <longitude>
      <value>20.57</value>
      <uncertainty>9999.9</uncertainty>
    </longitude>
    <depth>
      <value>33000</value>
    </depth>
    <depthType>from location</depthType>
    <methodID>smi:eu.emsc-csem/origin_method/NA</methodID>
    <quality>
      <usedPhaseCount>5</usedPhaseCount>
      <usedStationCount>5</usedStationCount>
      <standardError>1.55</standardError>
      <azimuthalGap>145</azimuthalGap>
      <minimumDistance>0.71</minimumDistance>
      <maximumDistance>1.09</maximumDistance>
    </quality>
    <evaluationMode>manual</evaluationMode>
    <creationInfo>
      <agencyURI>smi:smi-registry/organization/EMSC</agencyURI>
      <authorURI>smi:smi-registry/organization/EMSC</authorURI>
    </creationInfo>
    <originUncertainty>
      <azimuthMaxHorizontalUncertainty>-99</azimuthMaxHorizontalUncertainty>
    </originUncertainty>
  </origin>
  <magnitude publicID="quakeml:eu.emsc/event/20030314_0000006/origin/1359766/mag/2">
    <mag>
      <value>3.2</value>
    </mag>
    <type>MD</type>
    <originID>quakeml:eu.emsc/event/20030314_0000006/origin/1359766</originID>
    <creationInfo>
      <agencyURI>smi:smi-registry/organization/EMSC</agencyURI>
      <authorURI>smi:smi-registry/organization/EMSC</authorURI>
    </creationInfo>
  </magnitude>
</event>
<event publicID="quakeml:eu.emsc/event/20030314_0000019">
  <preferredOriginID>quakeml:eu.emsc/event/20030314_0000019/origin/1359768</preferredOriginID>
  <preferredMagnitudeID>quakeml:eu.emsc/event/20030314_0000019/origin/1359768/mag/2</preferredMagnitudeID>
  <creationInfo>
    <agencyURI>smi:smi-registry/organization/EMSC</agencyURI>
    <authorURI>smi:smi-registry/organization/EMSC</authorURI>
    <creationTime>2014-12-10T18:45:04.972991Z</creationTime>
  </creationInfo>
  <description>
    <text>FRANCE</text>
    <type>Flinn-Engdahl region</type>
  </description>
  <origin publicID="quakeml:eu.emsc/event/20030314_0000019/origin/1359768">
    <time>
      <value>2003-03-14T03:38:17.1Z</value>
    </time>
    <latitude>
      <value>45.6006</value>
      <uncertainty>9999.9</uncertainty>
    </latitude>
    <longitude>
      <value>6.812</value>
      <uncertainty>9999.9</uncertainty>
    </longitude>
    <depth>
      <value>2000</value>
    </depth>
    <depthType>from location</depthType>
    <methodID>smi:eu.emsc-csem/origin_method/NA</methodID>
    <quality>
      <usedPhaseCount>8</usedPhaseCount>
      <usedStationCount>4</usedStationCount>
      <standardError>0.25</standardError>
      <azimuthalGap>317</azimuthalGap>
      <minimumDistance>0.1</minimumDistance>
      <maximumDistance>0.95</maximumDistance>
    </quality>
    <evaluationMode>manual</evaluationMode>
    <creationInfo>
      <agencyURI>smi:smi-registry/organization/EMSC</agencyURI>
      <authorURI>smi:smi-registry/organization/EMSC</authorURI>
    </creationInfo>
    <originUncertainty>
      <azimuthMaxHorizontalUncertainty>-99</azimuthMaxHorizontalUncertainty>
    </originUncertainty>
  </origin>
  <magnitude publicID="quakeml:eu.emsc/event/20030314_0000019/origin/1359768/mag/2">
    <mag>
      <value>1.4</value>
    </mag>
    <type>ML</type>
    <originID>quakeml:eu.emsc/event/20030314_0000019/origin/1359768</originID>
    <stationCount>2</stationCount>
    <creationInfo>
      <agencyURI>smi:smi-registry/organization/EMSC</agencyURI>
      <authorURI>smi:smi-registry/organization/EMSC</authorURI>
    </creationInfo>
  </magnitude>
</event>
<event publicID="quakeml:eu.emsc/event/20030314_0000005">
  <preferredOriginID>quakeml:eu.emsc/event/20030314_0000005/origin/1374853</preferredOriginID>
  <preferredMagnitudeID>quakeml:eu.emsc/event/20030314_0000005/origin/1374853/mag/2</preferredMagnitudeID>
  <creationInfo>
    <agencyURI>smi:smi-registry/organization/EMSC</agencyURI>
    <authorURI>smi:smi-registry/organization/EMSC</authorURI>
    <creationTime>2014-12-03T11:36:36.997421Z</creationTime>
  </creationInfo>
  <description>
    <text>CRETE, GREECE</text>
    <type>Flinn-Engdahl region</type>
  </description>
  <origin publicID="quakeml:eu.emsc/event/20030314_0000005/origin/1374853">
    <time>
      <value>2003-03-14T03:35:35.1Z</value>
      <uncertainty>1.53</uncertainty>
    </time>
    <latitude>
      <value>34.9244</value>
      <uncertainty>37.6</uncertainty>
    </latitude>
    <longitude>
      <value>24.1412</value>
      <uncertainty>11.9</uncertainty>
    </longitude>
    <depth>
      <value>24000</value>
      <uncertainty>7.3</uncertainty>
    </depth>
    <depthType>from location</depthType>
    <methodID>smi:eu.emsc-csem/origin_method/NA</methodID>
    <quality>
      <usedPhaseCount>12</usedPhaseCount>
      <usedStationCount>12</usedStationCount>
      <standardError>0.94</standardError>
      <azimuthalGap>215</azimuthalGap>
      <minimumDistance>1.25</minimumDistance>
      <maximumDistance>44.6</maximumDistance>
    </quality>
    <evaluationMode>manual</evaluationMode>
    <creationInfo>
      <agencyURI>smi:smi-registry/organization/EMSC</agencyURI>
      <authorURI>smi:smi-registry/organization/EMSC</authorURI>
    </creationInfo>
    <originUncertainty>
      <azimuthMaxHorizontalUncertainty>21</azimuthMaxHorizontalUncertainty>
    </originUncertainty>
  </origin>
  <magnitude publicID="quakeml:eu.emsc/event/20030314_0000005/origin/1374853/mag/2">
    <mag>
      <value>3.7</value>
    </mag>
    <type>mb</type>
    <originID>quakeml:eu.emsc/event/20030314_0000005/origin/1374853</originID>
    <stationCount>1</stationCount>
    <creationInfo>
      <agencyURI>smi:smi-registry/organization/EMSC</agencyURI>
      <authorURI>smi:smi-registry/organization/EMSC</authorURI>
    </creationInfo>
  </magnitude>
</event>
<event publicID="quakeml:eu.emsc/event/20030314_0000004">
  <preferredOriginID>quakeml:eu.emsc/event/20030314_0000004/origin/1374856</preferredOriginID>
  <preferredMagnitudeID>quakeml:eu.emsc/event/20030314_0000004/origin/1374856/mag/2</preferredMagnitudeID>
  <creationInfo>
    <agencyURI>smi:smi-registry/organization/EMSC</agencyURI>
    <authorURI>smi:smi-registry/organization/EMSC</authorURI>
    <creationTime>2014-12-03T10:22:42.81951Z</creationTime>
  </creationInfo>
  <description>
    <text>SOUTHERN GREECE</text>
    <type>Flinn-Engdahl region</type>
  </description>
  <origin publicID="quakeml:eu.emsc/event/20030314_0000004/origin/1374856">
    <time>
      <value>2003-03-14T03:00:33.2Z</value>
      <uncertainty>0.24</uncertainty>
    </time>
    <latitude>
      <value>36.625</value>
      <uncertainty>10.8</uncertainty>
    </latitude>
    <longitude>
      <value>22.2711</value>
      <uncertainty>4.2</uncertainty>
    </longitude>
    <depth>
      <value>60000</value>
    </depth>
    <depthType>from location</depthType>
    <methodID>smi:eu.emsc-csem/origin_method/NA</methodID>
    <quality>
      <usedPhaseCount>24</usedPhaseCount>
      <usedStationCount>24</usedStationCount>
      <standardError>0.64</standardError>
      <azimuthalGap>159</azimuthalGap>
      <minimumDistance>0.54</minimumDistance>
      <maximumDistance>7.5</maximumDistance>
    </quality>
    <evaluationMode>manual</evaluationMode>
    <creationInfo>
      <agencyURI>smi:smi-registry/organization/EMSC</agencyURI>
      <authorURI>smi:smi-registry/organization/EMSC</authorURI>
    </creationInfo>
    <originUncertainty>
      <azimuthMaxHorizontalUncertainty>22</azimuthMaxHorizontalUncertainty>
    </originUncertainty>
  </origin>
  <magnitude publicID="quakeml:eu.emsc/event/20030314_0000004/origin/1374856/mag/2">
    <mag>
      <value>3.4</value>
    </mag>
    <type>ML</type>
    <originID>quakeml:eu.emsc/event/20030314_0000004/origin/1374856</originID>
    <creationInfo>
      <agencyURI>smi:smi-registry/organization/EMSC</agencyURI>
      <authorURI>smi:smi-registry/organization/EMSC</authorURI>
    </creationInfo>
  </magnitude>
</event>
<event publicID="quakeml:eu.emsc/event/20030314_0000021">
  <preferredOriginID>quakeml:eu.emsc/event/20030314_0000021/origin/1359770</preferredOriginID>
  <preferredMagnitudeID>quakeml:eu.emsc/event/20030314_0000021/origin/1359770/mag/2</preferredMagnitudeID>
  <creationInfo>
    <agencyURI>smi:smi-registry/organization/EMSC</agencyURI>
    <authorURI>smi:smi-registry/organization/EMSC</authorURI>
    <creationTime>2014-12-10T18:45:04.494818Z</creationTime>
  </creationInfo>
  <description>
    <text>GERMANY</text>
    <type>Flinn-Engdahl region</type>
  </description>
  <origin publicID="quakeml:eu.emsc/event/20030314_0000021/origin/1359770">
    <time>
      <value>2003-03-14T02:05:24.6Z</value>
    </time>
    <latitude>
      <value>51.6252</value>
      <uncertainty>9999.9</uncertainty>
    </latitude>
    <longitude>
      <value>7.7022</value>
      <uncertainty>9999.9</uncertainty>
    </longitude>
    <depth>
      <value>1000</value>
    </depth>
    <depthType>from location</depthType>
    <methodID>smi:eu.emsc-csem/origin_method/NA</methodID>
    <quality>
      <usedPhaseCount>7</usedPhaseCount>
      <usedStationCount>4</usedStationCount>
      <standardError>1.19</standardError>
      <azimuthalGap>204</azimuthalGap>
      <minimumDistance>0.33</minimumDistance>
      <maximumDistance>3.32</maximumDistance>
    </quality>
    <evaluationMode>manual</evaluationMode>
    <creationInfo>
      <agencyURI>smi:smi-registry/organization/EMSC</agencyURI>
      <authorURI>smi:smi-registry/organization/EMSC</authorURI>
    </creationInfo>
    <originUncertainty>
      <azimuthMaxHorizontalUncertainty>-99</azimuthMaxHorizontalUncertainty>
    </originUncertainty>
  </origin>
  <magnitude publicID="quakeml:eu.emsc/event/20030314_0000021/origin/1359770/mag/2">
    <mag>
      <value>1.8</value>
    </mag>
    <type>ML</type>
    <originID>quakeml:eu.emsc/event/20030314_0000021/origin/1359770</originID>
    <creationInfo>
      <agencyURI>smi:smi-registry/organization/EMSC</agencyURI>
      <authorURI>smi:smi-registry/organization/EMSC</authorURI>
    </creationInfo>
  </magnitude>
</event>
<event publicID="quakeml:eu.emsc/event/20030314_0000003">
  <preferredOriginID>quakeml:eu.emsc/event/20030314_0000003/origin/1374859</preferredOriginID>
  <preferredMagnitudeID>quakeml:eu.emsc/event/20030314_0000003/origin/1374859/mag/2</preferredMagnitudeID>
  <creationInfo>
    <agencyURI>smi:smi-registry/organization/EMSC</agencyURI>
    <authorURI>smi:smi-registry/organization/EMSC</authorURI>
    <creationTime>2014-12-03T12:17:36.548158Z</creationTime>
  </creationInfo>
  <description>
    <text>SOUTHERN GREECE</text>
    <type>Flinn-Engdahl region</type>
  </description>
  <origin publicID="quakeml:eu.emsc/event/20030314_0000003/origin/1374859">
    <time>
      <value>2003-03-14T01:38:33.4Z</value>
      <uncertainty>1.85</uncertainty>
    </time>
    <latitude>
      <value>36.0022</value>
      <uncertainty>46.6</uncertainty>
    </latitude>
    <longitude>
      <value>22.1105</value>
      <uncertainty>25.8</uncertainty>
    </longitude>
    <depth>
      <value>2000</value>
    </depth>
    <depthType>from location</depthType>
    <methodID>smi:eu.emsc-csem/origin_method/NA</methodID>
    <quality>
      <usedPhaseCount>7</usedPhaseCount>
      <usedStationCount>5</usedStationCount>
      <standardError>1.61</standardError>
      <azimuthalGap>244</azimuthalGap>
      <minimumDistance>0.8</minimumDistance>
      <maximumDistance>2.92</maximumDistance>
    </quality>
    <evaluationMode>manual</evaluationMode>
    <creationInfo>
      <agencyURI>smi:smi-registry/organization/EMSC</agencyURI>
      <authorURI>smi:smi-registry/organization/EMSC</authorURI>
    </creationInfo>
    <originUncertainty>
      <azimuthMaxHorizontalUncertainty>49</azimuthMaxHorizontalUncertainty>
    </originUncertainty>
  </origin>
  <magnitude publicID="quakeml:eu.emsc/event/20030314_0000003/origin/1374859/mag/2">
    <mag>
      <value>3.4</value>
    </mag>
    <type>MD</type>
    <originID>quakeml:eu.emsc/event/20030314_0000003/origin/1374859</originID>
    <creationInfo>
      <agencyURI>smi:smi-registry/organization/EMSC</agencyURI>
      <authorURI>smi:smi-registry/organization/EMSC</authorURI>
    </creationInfo>
  </magnitude>
</event>
<event publicID="quakeml:eu.emsc/event/20030314_0000001">
  <preferredOriginID>quakeml:eu.emsc/event/20030314_0000001/origin/1359772</preferredOriginID>
  <preferredMagnitudeID>quakeml:eu.emsc/event/20030314_0000001/origin/1359772/mag/2</preferredMagnitudeID>
  <creationInfo>
    <agencyURI>smi:smi-registry/organization/EMSC</agencyURI>
    <authorURI>smi:smi-registry/organization/EMSC</authorURI>
    <creationTime>2014-12-10T19:21:53.280454Z</creationTime>
  </creationInfo>
  <description>
    <text>WESTERN TURKEY</text>
    <type>Flinn-Engdahl region</type>
  </description>
  <origin publicID="quakeml:eu.emsc/event/20030314_0000001/origin/1359772">
    <time>
      <value>2003-03-14T00:10:06.7Z</value>
    </time>
    <latitude>
      <value>40.642</value>
      <uncertainty>9999.9</uncertainty>
    </latitude>
    <longitude>
      <value>30.554</value>
      <uncertainty>9999.9</uncertainty>
    </longitude>
    <depth>
      <value>10000</value>
    </depth>
    <depthType>from location</depthType>
    <methodID>smi:eu.emsc-csem/origin_method/NA</methodID>
    <quality>
      <usedPhaseCount>10</usedPhaseCount>
      <usedStationCount>10</usedStationCount>
      <standardError>1.78</standardError>
      <azimuthalGap>138</azimuthalGap>
      <minimumDistance>0.34</minimumDistance>
      <maximumDistance>1.81</maximumDistance>
    </quality>
    <evaluationMode>manual</evaluationMode>
    <creationInfo>
      <agencyURI>smi:smi-registry/organization/EMSC</agencyURI>
      <authorURI>smi:smi-registry/organization/EMSC</authorURI>
    </creationInfo>
    <originUncertainty>
      <azimuthMaxHorizontalUncertainty>-99</azimuthMaxHorizontalUncertainty>
    </originUncertainty>
  </origin>
  <magnitude publicID="quakeml:eu.emsc/event/20030314_0000001/origin/1359772/mag/2">
    <mag>
      <value>2.9</value>
    </mag>
    <type>MD</type>
    <originID>quakeml:eu.emsc/event/20030314_0000001/origin/1359772</originID>
    <creationInfo>
      <agencyURI>smi:smi-registry/organization/EMSC</agencyURI>
      <authorURI>smi:smi-registry/organization/EMSC</authorURI>
    </creationInfo>
  </magnitude>
</event>
</eventParameters>
</q:quakeml>
