<?xml version="1.0"?>
<q:quakeml xmlns:q="http://quakeml.org/xmlns/quakeml/1.2"  xmlns="http://quakeml.org/xmlns/bed/1.2">
<eventParameters publicID="smi:eu.emsc/unid">
<event publicID="quakeml:eu.emsc/event/20030104_0000019">
  <preferredOriginID>quakeml:eu.emsc/event/20030104_0000019/origin/1361122</preferredOriginID>
  <preferredMagnitudeID>quakeml:eu.emsc/event/20030104_0000019/origin/1361122/mag/2</preferredMagnitudeID>
  <creationInfo>
    <agencyURI>smi:smi-registry/organization/EMSC</agencyURI>
    <authorURI>smi:smi-registry/organization/EMSC</authorURI>
    <creationTime>2014-12-10T18:50:04.266027Z</creationTime>
  </creationInfo>
  <description>
    <text>CYPRUS REGION</text>
    <type>Flinn-Engdahl region</type>
  </description>
  <origin publicID="quakeml:eu.emsc/event/20030104_0000019/origin/1361122">
    <time>
      <value>2003-01-04T23:57:28.8Z</value>
    </time>
    <latitude>
      <value>35.93</value>
      <uncertainty>9999.9</uncertainty>
    </latitude>
    <longitude>
      <value>31.131</value>
      <uncertainty>9999.9</uncertainty>
    </longitude>
    <depth>
      <value>9000</value>
    </depth>
    <depthType>from location</depthType>
    <methodID>smi:eu.emsc-csem/origin_method/NA</methodID>
    <quality>
      <usedPhaseCount>8</usedPhaseCount>
      <usedStationCount>7</usedStationCount>
      <standardError>1.08</standardError>
      <azimuthalGap>179</azimuthalGap>
      <minimumDistance>1.28</minimumDistance>
      <maximumDistance>3</maximumDistance>
    </quality>
    <evaluationMode>manual</evaluationMode>
    <creationInfo>
      <agencyURI>smi:smi-registry/organization/EMSC</agencyURI>
      <authorURI>smi:smi-registry/organization/EMSC</authorURI>
    </creationInfo>
    <originUncertainty>
      <azimuthMaxHorizontalUncertainty>-99</azimuthMaxHorizontalUncertainty>
    </originUncertainty>
  </origin>
  <magnitude publicID="quakeml:eu.emsc/event/20030104_0000019/origin/1361122/mag/2">
    <mag>
      <value>3.2</value>
    </mag>
    <type>MD</type>
    <originID>quakeml:eu.emsc/event/20030104_0000019/origin/1361122</originID>
    <creationInfo>
      <agencyURI>smi:smi-registry/organization/EMSC</agencyURI>
      <authorURI>smi:smi-registry/organization/EMSC</authorURI>
    </creationInfo>
  </magnitude>
</event>
<event publicID="quakeml:eu.emsc/event/20030104_0000018">
  <preferredOriginID>quakeml:eu.emsc/event/20030104_0000018/origin/1377617</preferredOriginID>
  <preferredMagnitudeID>quakeml:eu.emsc/event/20030104_0000018/origin/1377617/mag/2</preferredMagnitudeID>
  <creationInfo>
    <agencyURI>smi:smi-registry/organization/EMSC</agencyURI>
    <authorURI>smi:smi-registry/organization/EMSC</authorURI>
    <creationTime>2014-12-03T10:24:53.958285Z</creationTime>
  </creationInfo>
  <description>
    <text>WEST OF GIBRALTAR</text>
    <type>Flinn-Engdahl region</type>
  </description>
  <origin publicID="quakeml:eu.emsc/event/20030104_0000018/origin/1377617">
    <time>
      <value>2003-01-04T21:04:52.1Z</value>
      <uncertainty>0.31</uncertainty>
    </time>
    <latitude>
      <value>36.6837</value>
      <uncertainty>6.7</uncertainty>
    </latitude>
    <longitude>
      <value>-8.2562</value>
      <uncertainty>3.1</uncertainty>
    </longitude>
    <depth>
      <value>60000</value>
    </depth>
    <depthType>from location</depthType>
    <methodID>smi:eu.emsc-csem/origin_method/NA</methodID>
    <quality>
      <usedPhaseCount>42</usedPhaseCount>
      <usedStationCount>26</usedStationCount>
      <standardError>0.7</standardError>
      <azimuthalGap>252</azimuthalGap>
      <minimumDistance>0.94</minimumDistance>
      <maximumDistance>7.12</maximumDistance>
    </quality>
    <evaluationMode>manual</evaluationMode>
    <creationInfo>
      <agencyURI>smi:smi-registry/organization/EMSC</agencyURI>
      <authorURI>smi:smi-registry/organization/EMSC</authorURI>
    </creationInfo>
    <originUncertainty>
      <azimuthMaxHorizontalUncertainty>29</azimuthMaxHorizontalUncertainty>
    </originUncertainty>
  </origin>
  <magnitude publicID="quakeml:eu.emsc/event/20030104_0000018/origin/1377617/mag/2">
    <mag>
      <value>2.6</value>
      <uncertainty>0.1</uncertainty>
    </mag>
    <type>mb</type>
    <originID>quakeml:eu.emsc/event/20030104_0000018/origin/1377617</originID>
    <stationCount>17</stationCount>
    <creationInfo>
      <agencyURI>smi:smi-registry/organization/EMSC</agencyURI>
      <authorURI>smi:smi-registry/organization/EMSC</authorURI>
    </creationInfo>
  </magnitude>
</event>
<event publicID="quakeml:eu.emsc/event/20030104_0000017">
  <preferredOriginID>quakeml:eu.emsc/event/20030104_0000017/origin/1361124</preferredOriginID>
  <preferredMagnitudeID>quakeml:eu.emsc/event/20030104_0000017/origin/1361124/mag/2</preferredMagnitudeID>
  <creationInfo>
    <agencyURI>smi:smi-registry/organization/EMSC</agencyURI>
    <authorURI>smi:smi-registry/organization/EMSC</authorURI>
    <creationTime>2014-12-10T18:49:58.628122Z</creationTime>
  </creationInfo>
  <description>
    <text>CENTRAL TURKEY</text>
    <type>Flinn-Engdahl region</type>
  </description>
  <origin publicID="quakeml:eu.emsc/event/20030104_0000017/origin/1361124">
    <time>
      <value>2003-01-04T20:21:44.7Z</value>
    </time>
    <latitude>
      <value>40.615</value>
      <uncertainty>9999.9</uncertainty>
    </latitude>
    <longitude>
      <value>32.984</value>
      <uncertainty>9999.9</uncertainty>
    </longitude>
    <depth>
      <value>9000</value>
    </depth>
    <depthType>from location</depthType>
    <methodID>smi:eu.emsc-csem/origin_method/NA</methodID>
    <quality>
      <usedPhaseCount>9</usedPhaseCount>
      <usedStationCount>7</usedStationCount>
      <standardError>1.08</standardError>
      <azimuthalGap>76</azimuthalGap>
      <minimumDistance>0.48</minimumDistance>
      <maximumDistance>1.93</maximumDistance>
    </quality>
    <evaluationMode>manual</evaluationMode>
    <creationInfo>
      <agencyURI>smi:smi-registry/organization/EMSC</agencyURI>
      <authorURI>smi:smi-registry/organization/EMSC</authorURI>
    </creationInfo>
    <originUncertainty>
      <azimuthMaxHorizontalUncertainty>-99</azimuthMaxHorizontalUncertainty>
    </originUncertainty>
  </origin>
  <magnitude publicID="quakeml:eu.emsc/event/20030104_0000017/origin/1361124/mag/2">
    <mag>
      <value>3</value>
    </mag>
    <type>MD</type>
    <originID>quakeml:eu.emsc/event/20030104_0000017/origin/1361124</originID>
    <creationInfo>
      <agencyURI>smi:smi-registry/organization/EMSC</agencyURI>
      <authorURI>smi:smi-registry/organization/EMSC</authorURI>
    </creationInfo>
  </magnitude>
</event>
<event publicID="quakeml:eu.emsc/event/20030104_0000016">
  <preferredOriginID>quakeml:eu.emsc/event/20030104_0000016/origin/1377621</preferredOriginID>
  <preferredMagnitudeID>quakeml:eu.emsc/event/20030104_0000016/origin/1377621/mag/2</preferredMagnitudeID>
  <creationInfo>
    <agencyURI>smi:smi-registry/organization/EMSC</agencyURI>
    <authorURI>smi:smi-registry/organization/EMSC</authorURI>
    <creationTime>2014-12-03T10:21:14.58932Z</creationTime>
  </creationInfo>
  <description>
    <text>SOUTHERN GREECE</text>
    <type>Flinn-Engdahl region</type>
  </description>
  <origin publicID="quakeml:eu.emsc/event/20030104_0000016/origin/1377621">
    <time>
      <value>2003-01-04T20:00:37.8Z</value>
      <uncertainty>0.19</uncertainty>
    </time>
    <latitude>
      <value>37.8441</value>
      <uncertainty>5.3</uncertainty>
    </latitude>
    <longitude>
      <value>21.0913</value>
      <uncertainty>3.5</uncertainty>
    </longitude>
    <depth>
      <value>54700.0</value>
      <uncertainty>2.7</uncertainty>
    </depth>
    <depthType>from location</depthType>
    <methodID>smi:eu.emsc-csem/origin_method/NA</methodID>
    <quality>
      <usedPhaseCount>53</usedPhaseCount>
      <usedStationCount>46</usedStationCount>
      <standardError>0.89</standardError>
      <azimuthalGap>139</azimuthalGap>
      <minimumDistance>1.53</minimumDistance>
      <maximumDistance>72.47</maximumDistance>
    </quality>
    <evaluationMode>manual</evaluationMode>
    <creationInfo>
      <agencyURI>smi:smi-registry/organization/EMSC</agencyURI>
      <authorURI>smi:smi-registry/organization/EMSC</authorURI>
    </creationInfo>
    <originUncertainty>
      <azimuthMaxHorizontalUncertainty>9</azimuthMaxHorizontalUncertainty>
    </originUncertainty>
  </origin>
  <magnitude publicID="quakeml:eu.emsc/event/20030104_0000016/origin/1377621/mag/2">
    <mag>
      <value>3.9</value>
    </mag>
    <type>ML</type>
    <originID>quakeml:eu.emsc/event/20030104_0000016/origin/1377621</originID>
    <creationInfo>
      <agencyURI>smi:smi-registry/organization/EMSC</agencyURI>
      <authorURI>smi:smi-registry/organization/EMSC</authorURI>
    </creationInfo>
  </magnitude>
</event>
<event publicID="quakeml:eu.emsc/event/20030104_0000024">
  <preferredOriginID>quakeml:eu.emsc/event/20030104_0000024/origin/1361126</preferredOriginID>
  <preferredMagnitudeID>quakeml:eu.emsc/event/20030104_0000024/origin/1361126/mag/2</preferredMagnitudeID>
  <creationInfo>
    <agencyURI>smi:smi-registry/organization/EMSC</agencyURI>
    <authorURI>smi:smi-registry/organization/EMSC</authorURI>
    <creationTime>2014-12-10T18:42:34.183258Z</creationTime>
  </creationInfo>
  <description>
    <text>SWITZERLAND</text>
    <type>Flinn-Engdahl region</type>
  </description>
  <origin publicID="quakeml:eu.emsc/event/20030104_0000024/origin/1361126">
    <time>
      <value>2003-01-04T19:46:20.0Z</value>
    </time>
    <latitude>
      <value>46.513</value>
      <uncertainty>9999.9</uncertainty>
    </latitude>
    <longitude>
      <value>9.106</value>
      <uncertainty>9999.9</uncertainty>
    </longitude>
    <depth>
      <value>9400.0</value>
    </depth>
    <depthType>from location</depthType>
    <methodID>smi:eu.emsc-csem/origin_method/NA</methodID>
    <quality>
      <usedPhaseCount>23</usedPhaseCount>
      <usedStationCount>12</usedStationCount>
      <standardError>0.51</standardError>
      <azimuthalGap>85</azimuthalGap>
      <minimumDistance>0.25</minimumDistance>
      <maximumDistance>1.32</maximumDistance>
    </quality>
    <evaluationMode>manual</evaluationMode>
    <creationInfo>
      <agencyURI>smi:smi-registry/organization/EMSC</agencyURI>
      <authorURI>smi:smi-registry/organization/EMSC</authorURI>
    </creationInfo>
    <originUncertainty>
      <azimuthMaxHorizontalUncertainty>-99</azimuthMaxHorizontalUncertainty>
    </originUncertainty>
  </origin>
  <magnitude publicID="quakeml:eu.emsc/event/20030104_0000024/origin/1361126/mag/2">
    <mag>
      <value>1.8</value>
    </mag>
    <type>ML</type>
    <originID>quakeml:eu.emsc/event/20030104_0000024/origin/1361126</originID>
    <stationCount>10</stationCount>
    <creationInfo>
      <agencyURI>smi:smi-registry/organization/EMSC</agencyURI>
      <authorURI>smi:smi-registry/organization/EMSC</authorURI>
    </creationInfo>
  </magnitude>
</event>
<event publicID="quakeml:eu.emsc/event/20030104_0000028">
  <preferredOriginID>quakeml:eu.emsc/event/20030104_0000028/origin/1377976</preferredOriginID>
  <preferredMagnitudeID>quakeml:eu.emsc/event/20030104_0000028/origin/1377976/mag/1</preferredMagnitudeID>
  <creationInfo>
    <agencyURI>smi:smi-registry/organization/EMSC</agencyURI>
    <authorURI>smi:smi-registry/organization/EMSC</authorURI>
    <creationTime>2014-12-03T16:15:34.231419Z</creationTime>
  </creationInfo>
  <description>
    <text>PYRENEES</text>
    <type>Flinn-Engdahl region</type>
  </description>
  <origin publicID="quakeml:eu.emsc/event/20030104_0000028/origin/1377976">
    <time>
      <value>2003-01-04T18:47:33.2Z</value>
      <uncertainty>0.62</uncertainty>
    </time>
    <latitude>
      <value>42.6937</value>
      <uncertainty>13.3</uncertainty>
    </latitude>
    <longitude>
      <value>-0.1549</value>
      <uncertainty>4.8</uncertainty>
    </longitude>
    <depth>
      <value>2000</value>
    </depth>
    <depthType>from location</depthType>
    <methodID>smi:eu.emsc-csem/origin_method/NA</methodID>
    <quality>
      <usedPhaseCount>14</usedPhaseCount>
      <usedStationCount>7</usedStationCount>
      <standardError>1.02</standardError>
      <azimuthalGap>223</azimuthalGap>
      <minimumDistance>0.23</minimumDistance>
      <maximumDistance>2.34</maximumDistance>
    </quality>
    <evaluationMode>manual</evaluationMode>
    <creationInfo>
      <agencyURI>smi:smi-registry/organization/EMSC</agencyURI>
      <authorURI>smi:smi-registry/organization/EMSC</authorURI>
    </creationInfo>
    <originUncertainty>
      <azimuthMaxHorizontalUncertainty>179</azimuthMaxHorizontalUncertainty>
    </originUncertainty>
  </origin>
  <magnitude publicID="quakeml:eu.emsc/event/20030104_0000028/origin/1377976/mag/1">
    <mag>
      <value>1.8</value>
      <uncertainty>0.5</uncertainty>
    </mag>
    <type>ML</type>
    <originID>quakeml:eu.emsc/event/20030104_0000028/origin/1377976</originID>
    <stationCount>5</stationCount>
    <creationInfo>
      <agencyURI>smi:smi-registry/organization/EMSC</agencyURI>
      <authorURI>smi:smi-registry/organization/EMSC</authorURI>
    </creationInfo>
  </magnitude>
</event>
<event publicID="quakeml:eu.emsc/event/20030104_0000020">
  <preferredOriginID>quakeml:eu.emsc/event/20030104_0000020/origin/1377066</preferredOriginID>
  <preferredMagnitudeID>quakeml:eu.emsc/event/20030104_0000020/origin/1377066/mag/2</preferredMagnitudeID>
  <creationInfo>
    <agencyURI>smi:smi-registry/organization/EMSC</agencyURI>
    <authorURI>smi:smi-registry/organization/EMSC</authorURI>
    <creationTime>2014-12-03T11:11:09.371154Z</creationTime>
  </creationInfo>
  <description>
    <text>IONIAN SEA</text>
    <type>Flinn-Engdahl region</type>
  </description>
  <origin publicID="quakeml:eu.emsc/event/20030104_0000020/origin/1377066">
    <time>
      <value>2003-01-04T17:25:40.9Z</value>
      <uncertainty>0.19</uncertainty>
    </time>
    <latitude>
      <value>37.8158</value>
      <uncertainty>5.8</uncertainty>
    </latitude>
    <longitude>
      <value>16.1949</value>
      <uncertainty>3.4</uncertainty>
    </longitude>
    <depth>
      <value>60000</value>
    </depth>
    <depthType>from location</depthType>
    <methodID>smi:eu.emsc-csem/origin_method/NA</methodID>
    <quality>
      <usedPhaseCount>46</usedPhaseCount>
      <usedStationCount>35</usedStationCount>
      <standardError>0.83</standardError>
      <azimuthalGap>158</azimuthalGap>
      <minimumDistance>0.28</minimumDistance>
      <maximumDistance>6.56</maximumDistance>
    </quality>
    <evaluationMode>manual</evaluationMode>
    <creationInfo>
      <agencyURI>smi:smi-registry/organization/EMSC</agencyURI>
      <authorURI>smi:smi-registry/organization/EMSC</authorURI>
    </creationInfo>
    <originUncertainty>
      <azimuthMaxHorizontalUncertainty>157</azimuthMaxHorizontalUncertainty>
    </originUncertainty>
  </origin>
  <magnitude publicID="quakeml:eu.emsc/event/20030104_0000020/origin/1377066/mag/2">
    <mag>
      <value>3.2</value>
    </mag>
    <type>ML</type>
    <originID>quakeml:eu.emsc/event/20030104_0000020/origin/1377066</originID>
    <creationInfo>
      <agencyURI>smi:smi-registry/organization/EMSC</agencyURI>
      <authorURI>smi:smi-registry/organization/EMSC</authorURI>
    </creationInfo>
  </magnitude>
</event>
<event publicID="quakeml:eu.emsc/event/20030104_0000032">
  <preferredOriginID>quakeml:eu.emsc/event/20030104_0000032/origin/1361128</preferredOriginID>
  <preferredMagnitudeID>quakeml:eu.emsc/event/20030104_0000032/origin/1361128/mag/2</preferredMagnitudeID>
  <creationInfo>
    <agencyURI>smi:smi-registry/organization/EMSC</agencyURI>
    <authorURI>smi:smi-registry/organization/EMSC</authorURI>
    <creationTime>2014-12-10T18:42:33.60529Z</creationTime>
  </creationInfo>
  <description>
    <text>NORTHERN ITALY</text>
    <type>Flinn-Engdahl region</type>
  </description>
  <origin publicID="quakeml:eu.emsc/event/20030104_0000032/origin/1361128">
    <time>
      <value>2003-01-04T15:23:46.5Z</value>
    </time>
    <latitude>
      <value>44.1117</value>
      <uncertainty>9999.9</uncertainty>
    </latitude>
    <longitude>
      <value>8.0447</value>
      <uncertainty>9999.9</uncertainty>
    </longitude>
    <depth>
      <value>300.0</value>
    </depth>
    <depthType>from location</depthType>
    <methodID>smi:eu.emsc-csem/origin_method/NA</methodID>
    <quality>
      <usedPhaseCount>11</usedPhaseCount>
      <usedStationCount>6</usedStationCount>
      <standardError>1</standardError>
      <azimuthalGap>120</azimuthalGap>
      <minimumDistance>0.02</minimumDistance>
      <maximumDistance>0.46</maximumDistance>
    </quality>
    <evaluationMode>manual</evaluationMode>
    <creationInfo>
      <agencyURI>smi:smi-registry/organization/EMSC</agencyURI>
      <authorURI>smi:smi-registry/organization/EMSC</authorURI>
    </creationInfo>
    <originUncertainty>
      <azimuthMaxHorizontalUncertainty>-99</azimuthMaxHorizontalUncertainty>
    </originUncertainty>
  </origin>
  <magnitude publicID="quakeml:eu.emsc/event/20030104_0000032/origin/1361128/mag/2">
    <mag>
      <value>1.7</value>
    </mag>
    <type>ML</type>
    <originID>quakeml:eu.emsc/event/20030104_0000032/origin/1361128</originID>
    <creationInfo>
      <agencyURI>smi:smi-registry/organization/EMSC</agencyURI>
      <authorURI>smi:smi-registry/organization/EMSC</authorURI>
    </creationInfo>
  </magnitude>
</event>
<event publicID="quakeml:eu.emsc/event/20030104_0000015">
  <preferredOriginID>quakeml:eu.emsc/event/20030104_0000015/origin/1361130</preferredOriginID>
  <preferredMagnitudeID>quakeml:eu.emsc/event/20030104_0000015/origin/1361130/mag/2</preferredMagnitudeID>
  <creationInfo>
    <agencyURI>smi:smi-registry/organization/EMSC</agencyURI>
    <authorURI>smi:smi-registry/organization/EMSC</authorURI>
    <creationTime>2014-12-10T18:49:53.105918Z</creationTime>
  </creationInfo>
  <description>
    <text>SOUTHERN GREECE</text>
    <type>Flinn-Engdahl region</type>
  </description>
  <origin publicID="quakeml:eu.emsc/event/20030104_0000015/origin/1361130">
    <time>
      <value>2003-01-04T14:53:31.2Z</value>
    </time>
    <latitude>
      <value>37.53</value>
      <uncertainty>9999.9</uncertainty>
    </latitude>
    <longitude>
      <value>21.05</value>
      <uncertainty>9999.9</uncertainty>
    </longitude>
    <depth>
      <value>17000</value>
    </depth>
    <depthType>from location</depthType>
    <methodID>smi:eu.emsc-csem/origin_method/NA</methodID>
    <quality>
      <usedPhaseCount>5</usedPhaseCount>
      <usedStationCount>4</usedStationCount>
      <standardError>2.25</standardError>
      <azimuthalGap>213</azimuthalGap>
      <minimumDistance>0.74</minimumDistance>
      <maximumDistance>1.71</maximumDistance>
    </quality>
    <evaluationMode>manual</evaluationMode>
    <creationInfo>
      <agencyURI>smi:smi-registry/organization/EMSC</agencyURI>
      <authorURI>smi:smi-registry/organization/EMSC</authorURI>
    </creationInfo>
    <originUncertainty>
      <azimuthMaxHorizontalUncertainty>-99</azimuthMaxHorizontalUncertainty>
    </originUncertainty>
  </origin>
  <magnitude publicID="quakeml:eu.emsc/event/20030104_0000015/origin/1361130/mag/2">
    <mag>
      <value>3.3</value>
    </mag>
    <type>MD</type>
    <originID>quakeml:eu.emsc/event/20030104_0000015/origin/1361130</originID>
    <creationInfo>
      <agencyURI>smi:smi-registry/organization/EMSC</agencyURI>
      <authorURI>smi:smi-registry/organization/EMSC</authorURI>
    </creationInfo>
  </magnitude>
</event>
<event publicID="quakeml:eu.emsc/event/20030104_0000014">
  <preferredOriginID>quakeml:eu.emsc/event/20030104_0000014/origin/1377626</preferredOriginID>
  <preferredMagnitudeID>quakeml:eu.emsc/event/20030104_0000014/origin/1377626/mag/2</preferredMagnitudeID>
  <creationInfo>
    <agencyURI>smi:smi-registry/organization/EMSC</agencyURI>
    <authorURI>smi:smi-registry/organization/EMSC</authorURI>
    <creationTime>2014-12-03T11:28:08.491056Z</creationTime>
  </creationInfo>
  <description>
    <text>ALBANIA</text>
    <type>Flinn-Engdahl region</type>
  </description>
  <origin publicID="quakeml:eu.emsc/event/20030104_0000014/origin/1377626">
    <time>
      <value>2003-01-04T14:42:21.4Z</value>
      <uncertainty>0.15</uncertainty>
    </time>
    <latitude>
      <value>41.2356</value>
      <uncertainty>4.4</uncertainty>
    </latitude>
    <longitude>
      <value>20.0399</value>
      <uncertainty>2.9</uncertainty>
    </longitude>
    <depth>
      <value>2000</value>
    </depth>
    <depthType>from location</depthType>
    <methodID>smi:eu.emsc-csem/origin_method/NA</methodID>
    <quality>
      <usedPhaseCount>56</usedPhaseCount>
      <usedStationCount>38</usedStationCount>
      <standardError>1.24</standardError>
      <azimuthalGap>52</azimuthalGap>
      <minimumDistance>0.17</minimumDistance>
      <maximumDistance>5.79</maximumDistance>
    </quality>
    <evaluationMode>manual</evaluationMode>
    <creationInfo>
      <agencyURI>smi:smi-registry/organization/EMSC</agencyURI>
      <authorURI>smi:smi-registry/organization/EMSC</authorURI>
    </creationInfo>
    <originUncertainty>
      <azimuthMaxHorizontalUncertainty>42</azimuthMaxHorizontalUncertainty>
    </originUncertainty>
  </origin>
  <magnitude publicID="quakeml:eu.emsc/event/20030104_0000014/origin/1377626/mag/2">
    <mag>
      <value>2.9</value>
    </mag>
    <type>ML</type>
    <originID>quakeml:eu.emsc/event/20030104_0000014/origin/1377626</originID>
    <creationInfo>
      <agencyURI>smi:smi-registry/organization/EMSC</agencyURI>
      <authorURI>smi:smi-registry/organization/EMSC</authorURI>
    </creationInfo>
  </magnitude>
</event>
<event publicID="quakeml:eu.emsc/event/20030104_0000013">
  <preferredOriginID>quakeml:eu.emsc/event/20030104_0000013/origin/1361132</preferredOriginID>
  <preferredMagnitudeID>quakeml:eu.emsc/event/20030104_0000013/origin/1361132/mag/2</preferredMagnitudeID>
  <creationInfo>
    <agencyURI>smi:smi-registry/organization/EMSC</agencyURI>
    <authorURI>smi:smi-registry/organization/EMSC</authorURI>
    <creationTime>2014-12-10T18:49:49.218018Z</creationTime>
  </creationInfo>
  <description>
    <text>ROMANIA</text>
    <type>Flinn-Engdahl region</type>
  </description>
  <origin publicID="quakeml:eu.emsc/event/20030104_0000013/origin/1361132">
    <time>
      <value>2003-01-04T13:38:37.0Z</value>
    </time>
    <latitude>
      <value>45.449</value>
      <uncertainty>9999.9</uncertainty>
    </latitude>
    <longitude>
      <value>26.214</value>
      <uncertainty>9999.9</uncertainty>
    </longitude>
    <depth>
      <value>119400.0</value>
    </depth>
    <depthType>from location</depthType>
    <methodID>smi:eu.emsc-csem/origin_method/NA</methodID>
    <quality>
      <usedPhaseCount>11</usedPhaseCount>
      <usedStationCount>7</usedStationCount>
      <standardError>0.79</standardError>
      <azimuthalGap>118</azimuthalGap>
      <minimumDistance>0.19</minimumDistance>
      <maximumDistance>1.43</maximumDistance>
    </quality>
    <evaluationMode>manual</evaluationMode>
    <creationInfo>
      <agencyURI>smi:smi-registry/organization/EMSC</agencyURI>
      <authorURI>smi:smi-registry/organization/EMSC</authorURI>
    </creationInfo>
    <originUncertainty>
      <azimuthMaxHorizontalUncertainty>-99</azimuthMaxHorizontalUncertainty>
    </originUncertainty>
  </origin>
  <magnitude publicID="quakeml:eu.emsc/event/20030104_0000013/origin/1361132/mag/2">
    <mag>
      <value>3.4</value>
      <uncertainty>0.2</uncertainty>
    </mag>
    <type>MD</type>
    <originID>quakeml:eu.emsc/event/20030104_0000013/origin/1361132</originID>
    <stationCount>5</stationCount>
    <creationInfo>
      <agencyURI>smi:smi-registry/organization/EMSC</agencyURI>
      <authorURI>smi:smi-registry/organization/EMSC</authorURI>
    </creationInfo>
  </magnitude>
</event>
<event publicID="quakeml:eu.emsc/event/20030104_0000011">
  <preferredOriginID>quakeml:eu.emsc/event/20030104_0000011/origin/1377634</preferredOriginID>
  <preferredMagnitudeID>quakeml:eu.emsc/event/20030104_0000011/origin/1377634/mag/2</preferredMagnitudeID>
  <creationInfo>
    <agencyURI>smi:smi-registry/organization/EMSC</agencyURI>
    <authorURI>smi:smi-registry/organization/EMSC</authorURI>
    <creationTime>2014-12-03T11:31:08.158032Z</creationTime>
  </creationInfo>
  <description>
    <text>CROATIA</text>
    <type>Flinn-Engdahl region</type>
  </description>
  <origin publicID="quakeml:eu.emsc/event/20030104_0000011/origin/1377634">
    <time>
      <value>2003-01-04T12:44:28.1Z</value>
      <uncertainty>0.2</uncertainty>
    </time>
    <latitude>
      <value>45.5337</value>
      <uncertainty>3.4</uncertainty>
    </latitude>
    <longitude>
      <value>14.5803</value>
      <uncertainty>3</uncertainty>
    </longitude>
    <depth>
      <value>16900.0</value>
      <uncertainty>1.9</uncertainty>
    </depth>
    <depthType>from location</depthType>
    <methodID>smi:eu.emsc-csem/origin_method/NA</methodID>
    <quality>
      <usedPhaseCount>66</usedPhaseCount>
      <usedStationCount>49</usedStationCount>
      <standardError>0.98</standardError>
      <azimuthalGap>74</azimuthalGap>
      <minimumDistance>0.48</minimumDistance>
      <maximumDistance>7.9</maximumDistance>
    </quality>
    <evaluationMode>manual</evaluationMode>
    <creationInfo>
      <agencyURI>smi:smi-registry/organization/EMSC</agencyURI>
      <authorURI>smi:smi-registry/organization/EMSC</authorURI>
    </creationInfo>
    <originUncertainty>
      <azimuthMaxHorizontalUncertainty>158</azimuthMaxHorizontalUncertainty>
    </originUncertainty>
  </origin>
  <magnitude publicID="quakeml:eu.emsc/event/20030104_0000011/origin/1377634/mag/2">
    <mag>
      <value>3.2</value>
    </mag>
    <type>ML</type>
    <originID>quakeml:eu.emsc/event/20030104_0000011/origin/1377634</originID>
    <creationInfo>
      <agencyURI>smi:smi-registry/organization/EMSC</agencyURI>
      <authorURI>smi:smi-registry/organization/EMSC</authorURI>
    </creationInfo>
  </magnitude>
</event>
<event publicID="quakeml:eu.emsc/event/20030104_0000010">
  <preferredOriginID>quakeml:eu.emsc/event/20030104_0000010/origin/1377637</preferredOriginID>
  <preferredMagnitudeID>quakeml:eu.emsc/event/20030104_0000010/origin/1377637/mag/2</preferredMagnitudeID>
  <creationInfo>
    <agencyURI>smi:smi-registry/organization/EMSC</agencyURI>
    <authorURI>smi:smi-registry/organization/EMSC</authorURI>
    <creationTime>2014-12-03T10:31:32.494095Z</creationTime>
  </creationInfo>
  <description>
    <text>CRETE, GREECE</text>
    <type>Flinn-Engdahl region</type>
  </description>
  <origin publicID="quakeml:eu.emsc/event/20030104_0000010/origin/1377637">
    <time>
      <value>2003-01-04T12:43:41.7Z</value>
      <uncertainty>0.42</uncertainty>
    </time>
    <latitude>
      <value>35.6851</value>
      <uncertainty>11</uncertainty>
    </latitude>
    <longitude>
      <value>23.2464</value>
      <uncertainty>6.9</uncertainty>
    </longitude>
    <depth>
      <value>52900.0</value>
      <uncertainty>3.6</uncertainty>
    </depth>
    <depthType>from location</depthType>
    <methodID>smi:eu.emsc-csem/origin_method/NA</methodID>
    <quality>
      <usedPhaseCount>49</usedPhaseCount>
      <usedStationCount>49</usedStationCount>
      <standardError>1.05</standardError>
      <azimuthalGap>118</azimuthalGap>
      <minimumDistance>0.83</minimumDistance>
      <maximumDistance>86.13</maximumDistance>
    </quality>
    <evaluationMode>manual</evaluationMode>
    <creationInfo>
      <agencyURI>smi:smi-registry/organization/EMSC</agencyURI>
      <authorURI>smi:smi-registry/organization/EMSC</authorURI>
    </creationInfo>
    <originUncertainty>
      <azimuthMaxHorizontalUncertainty>36</azimuthMaxHorizontalUncertainty>
    </originUncertainty>
  </origin>
  <magnitude publicID="quakeml:eu.emsc/event/20030104_0000010/origin/1377637/mag/2">
    <mag>
      <value>3.6</value>
    </mag>
    <type>ML</type>
    <originID>quakeml:eu.emsc/event/20030104_0000010/origin/1377637</originID>
    <creationInfo>
      <agencyURI>smi:smi-registry/organization/EMSC</agencyURI>
      <authorURI>smi:smi-registry/organization/EMSC</authorURI>
    </creationInfo>
  </magnitude>
</event>
<event publicID="quakeml:eu.emsc/event/20030104_0000009">
  <preferredOriginID>quakeml:eu.emsc/event/20030104_0000009/origin/1377906</preferredOriginID>
  <preferredMagnitudeID>quakeml:eu.emsc/event/20030104_0000009/origin/1377906/mag/2</preferredMagnitudeID>
  <creationInfo>
    <agencyURI>smi:smi-registry/organization/EMSC</agencyURI>
    <authorURI>smi:smi-registry/organization/EMSC</authorURI>
    <creationTime>2014-12-03T10:44:54.648219Z</creationTime>
  </creationInfo>
  <description>
    <text>GREECE</text>
    <type>Flinn-Engdahl region</type>
  </description>
  <origin publicID="quakeml:eu.emsc/event/20030104_0000009/origin/1377906">
    <time>
      <value>2003-01-04T10:34:06.6Z</value>
      <uncertainty>0.13</uncertainty>
    </time>
    <latitude>
      <value>38.0948</value>
      <uncertainty>5.2</uncertainty>
    </latitude>
    <longitude>
      <value>23.6703</value>
      <uncertainty>2.5</uncertainty>
    </longitude>
    <depth>
      <value>10000</value>
    </depth>
    <depthType>from location</depthType>
    <methodID>smi:eu.emsc-csem/origin_method/NA</methodID>
    <quality>
      <usedPhaseCount>20</usedPhaseCount>
      <usedStationCount>14</usedStationCount>
      <standardError>0.61</standardError>
      <azimuthalGap>115</azimuthalGap>
      <minimumDistance>0.13</minimumDistance>
      <maximumDistance>3.12</maximumDistance>
    </quality>
    <evaluationMode>manual</evaluationMode>
    <creationInfo>
      <agencyURI>smi:smi-registry/organization/EMSC</agencyURI>
      <authorURI>smi:smi-registry/organization/EMSC</authorURI>
    </creationInfo>
    <originUncertainty>
      <azimuthMaxHorizontalUncertainty>80</azimuthMaxHorizontalUncertainty>
    </originUncertainty>
  </origin>
  <magnitude publicID="quakeml:eu.emsc/event/20030104_0000009/origin/1377906/mag/2">
    <mag>
      <value>3.2</value>
    </mag>
    <type>ML</type>
    <originID>quakeml:eu.emsc/event/20030104_0000009/origin/1377906</originID>
    <creationInfo>
      <agencyURI>smi:smi-registry/organization/EMSC</agencyURI>
      <authorURI>smi:smi-registry/organization/EMSC</authorURI>
    </creationInfo>
  </magnitude>
</event>
<event publicID="quakeml:eu.emsc/event/20030104_0000027">
  <preferredOriginID>quakeml:eu.emsc/event/20030104_0000027/origin/1376974</preferredOriginID>
  <preferredMagnitudeID>quakeml:eu.emsc/event/20030104_0000027/origin/1376974/mag/1</preferredMagnitudeID>
  <creationInfo>
    <agencyURI>smi:smi-registry/organization/EMSC</agencyURI>
    <authorURI>smi:smi-registry/organization/EMSC</authorURI>
    <creationTime>2014-12-03T15:53:11.651456Z</creationTime>
  </creationInfo>
  <description>
    <text>NORTHERN ITALY</text>
    <type>Flinn-Engdahl region</type>
  </description>
  <origin publicID="quakeml:eu.emsc/event/20030104_0000027/origin/1376974">
    <time>
      <value>2003-01-04T08:51:35.1Z</value>
      <uncertainty>0.14</uncertainty>
    </time>
    <latitude>
      <value>44.3513</value>
      <uncertainty>5.2</uncertainty>
    </latitude>
    <longitude>
      <value>9.6349</value>
      <uncertainty>2.7</uncertainty>
    </longitude>
    <depth>
      <value>20000</value>
    </depth>
    <depthType>from location</depthType>
    <methodID>smi:eu.emsc-csem/origin_method/NA</methodID>
    <quality>
      <usedPhaseCount>19</usedPhaseCount>
      <usedStationCount>13</usedStationCount>
      <standardError>0.47</standardError>
      <azimuthalGap>124</azimuthalGap>
      <minimumDistance>0.34</minimumDistance>
      <maximumDistance>2.95</maximumDistance>
    </quality>
    <evaluationMode>manual</evaluationMode>
    <creationInfo>
      <agencyURI>smi:smi-registry/organization/EMSC</agencyURI>
      <authorURI>smi:smi-registry/organization/EMSC</authorURI>
    </creationInfo>
    <originUncertainty>
      <azimuthMaxHorizontalUncertainty>6</azimuthMaxHorizontalUncertainty>
    </originUncertainty>
  </origin>
  <magnitude publicID="quakeml:eu.emsc/event/20030104_0000027/origin/1376974/mag/1">
    <mag>
      <value>2.1</value>
      <uncertainty>0.2</uncertainty>
    </mag>
    <type>ML</type>
    <originID>quakeml:eu.emsc/event/20030104_0000027/origin/1376974</originID>
    <stationCount>4</stationCount>
    <creationInfo>
      <agencyURI>smi:smi-registry/organization/EMSC</agencyURI>
      <authorURI>smi:smi-registry/organization/EMSC</authorURI>
    </creationInfo>
  </magnitude>
</event>
<event publicID="quakeml:eu.emsc/event/20030104_0000030">
  <preferredOriginID>quakeml:eu.emsc/event/20030104_0000030/origin/1361134</preferredOriginID>
  <preferredMagnitudeID>quakeml:eu.emsc/event/20030104_0000030/origin/1361134/mag/2</preferredMagnitudeID>
  <creationInfo>
    <agencyURI>smi:smi-registry/organization/EMSC</agencyURI>
    <authorURI>smi:smi-registry/organization/EMSC</authorURI>
    <creationTime>2014-12-10T18:58:53.32133Z</creationTime>
  </creationInfo>
  <description>
    <text>NORTHERN ITALY</text>
    <type>Flinn-Engdahl region</type>
  </description>
  <origin publicID="quakeml:eu.emsc/event/20030104_0000030/origin/1361134">
    <time>
      <value>2003-01-04T08:49:55.4Z</value>
    </time>
    <latitude>
      <value>45.966</value>
      <uncertainty>9999.9</uncertainty>
    </latitude>
    <longitude>
      <value>9.269</value>
      <uncertainty>9999.9</uncertainty>
    </longitude>
    <depth>
      <value>10000</value>
    </depth>
    <depthType>from location</depthType>
    <methodID>smi:eu.emsc-csem/origin_method/NA</methodID>
    <quality>
      <usedPhaseCount>6</usedPhaseCount>
      <usedStationCount>6</usedStationCount>
      <standardError>0.77</standardError>
      <azimuthalGap>227</azimuthalGap>
      <minimumDistance>0.16</minimumDistance>
      <maximumDistance>1.09</maximumDistance>
    </quality>
    <evaluationMode>manual</evaluationMode>
    <creationInfo>
      <agencyURI>smi:smi-registry/organization/EMSC</agencyURI>
      <authorURI>smi:smi-registry/organization/EMSC</authorURI>
    </creationInfo>
    <originUncertainty>
      <azimuthMaxHorizontalUncertainty>-99</azimuthMaxHorizontalUncertainty>
    </originUncertainty>
  </origin>
  <magnitude publicID="quakeml:eu.emsc/event/20030104_0000030/origin/1361134/mag/2">
    <mag>
      <value>1.7</value>
    </mag>
    <type>ML</type>
    <originID>quakeml:eu.emsc/event/20030104_0000030/origin/1361134</originID>
    <stationCount>3</stationCount>
    <creationInfo>
      <agencyURI>smi:smi-registry/organization/EMSC</agencyURI>
      <authorURI>smi:smi-registry/organization/EMSC</authorURI>
    </creationInfo>
  </magnitude>
</event>
<event publicID="quakeml:eu.emsc/event/20030104_0000025">
  <preferredOriginID>quakeml:eu.emsc/event/20030104_0000025/origin/1376977</preferredOriginID>
  <preferredMagnitudeID>quakeml:eu.emsc/event/20030104_0000025/origin/1376977/mag/1</preferredMagnitudeID>
  <creationInfo>
    <agencyURI>smi:smi-registry/organization/EMSC</agencyURI>
    <authorURI>smi:smi-registry/organization/EMSC</authorURI>
    <creationTime>2014-12-03T15:33:31.44819Z</creationTime>
  </creationInfo>
  <description>
    <text>NORTHERN ITALY</text>
    <type>Flinn-Engdahl region</type>
  </description>
  <origin publicID="quakeml:eu.emsc/event/20030104_0000025/origin/1376977">
    <time>
      <value>2003-01-04T08:49:35.3Z</value>
      <uncertainty>0.16</uncertainty>
    </time>
    <latitude>
      <value>44.3673</value>
      <uncertainty>6</uncertainty>
    </latitude>
    <longitude>
      <value>9.5292</value>
      <uncertainty>2.9</uncertainty>
    </longitude>
    <depth>
      <value>15000</value>
    </depth>
    <depthType>from location</depthType>
    <methodID>smi:eu.emsc-csem/origin_method/NA</methodID>
    <quality>
      <usedPhaseCount>28</usedPhaseCount>
      <usedStationCount>16</usedStationCount>
      <standardError>0.77</standardError>
      <azimuthalGap>130</azimuthalGap>
      <minimumDistance>0.4</minimumDistance>
      <maximumDistance>5.19</maximumDistance>
    </quality>
    <evaluationMode>manual</evaluationMode>
    <creationInfo>
      <agencyURI>smi:smi-registry/organization/EMSC</agencyURI>
      <authorURI>smi:smi-registry/organization/EMSC</authorURI>
    </creationInfo>
    <originUncertainty>
      <azimuthMaxHorizontalUncertainty>11</azimuthMaxHorizontalUncertainty>
    </originUncertainty>
  </origin>
  <magnitude publicID="quakeml:eu.emsc/event/20030104_0000025/origin/1376977/mag/1">
    <mag>
      <value>2.3</value>
      <uncertainty>0.2</uncertainty>
    </mag>
    <type>ML</type>
    <originID>quakeml:eu.emsc/event/20030104_0000025/origin/1376977</originID>
    <stationCount>9</stationCount>
    <creationInfo>
      <agencyURI>smi:smi-registry/organization/EMSC</agencyURI>
      <authorURI>smi:smi-registry/organization/EMSC</authorURI>
    </creationInfo>
  </magnitude>
</event>
<event publicID="quakeml:eu.emsc/event/20030104_0000023">
  <preferredOriginID>quakeml:eu.emsc/event/20030104_0000023/origin/1361136</preferredOriginID>
  <preferredMagnitudeID>quakeml:eu.emsc/event/20030104_0000023/origin/1361136/mag/2</preferredMagnitudeID>
  <creationInfo>
    <agencyURI>smi:smi-registry/organization/EMSC</agencyURI>
    <authorURI>smi:smi-registry/organization/EMSC</authorURI>
    <creationTime>2014-12-10T18:42:33.112423Z</creationTime>
  </creationInfo>
  <description>
    <text>NORTHERN ITALY</text>
    <type>Flinn-Engdahl region</type>
  </description>
  <origin publicID="quakeml:eu.emsc/event/20030104_0000023/origin/1361136">
    <time>
      <value>2003-01-04T08:29:03.9Z</value>
    </time>
    <latitude>
      <value>44.7307</value>
      <uncertainty>9999.9</uncertainty>
    </latitude>
    <longitude>
      <value>9.5222</value>
      <uncertainty>9999.9</uncertainty>
    </longitude>
    <depth>
      <value>4000</value>
    </depth>
    <depthType>from location</depthType>
    <methodID>smi:eu.emsc-csem/origin_method/NA</methodID>
    <quality>
      <usedPhaseCount>9</usedPhaseCount>
      <usedStationCount>5</usedStationCount>
      <standardError>1.59</standardError>
      <azimuthalGap>302</azimuthalGap>
      <minimumDistance>0.33</minimumDistance>
      <maximumDistance>1.07</maximumDistance>
    </quality>
    <evaluationMode>manual</evaluationMode>
    <creationInfo>
      <agencyURI>smi:smi-registry/organization/EMSC</agencyURI>
      <authorURI>smi:smi-registry/organization/EMSC</authorURI>
    </creationInfo>
    <originUncertainty>
      <azimuthMaxHorizontalUncertainty>-99</azimuthMaxHorizontalUncertainty>
    </originUncertainty>
  </origin>
  <magnitude publicID="quakeml:eu.emsc/event/20030104_0000023/origin/1361136/mag/2">
    <mag>
      <value>2</value>
    </mag>
    <type>ML</type>
    <originID>quakeml:eu.emsc/event/20030104_0000023/origin/1361136</originID>
    <creationInfo>
      <agencyURI>smi:smi-registry/organization/EMSC</agencyURI>
      <authorURI>smi:smi-registry/organization/EMSC</authorURI>
    </creationInfo>
  </magnitude>
</event>
<event publicID="quakeml:eu.emsc/event/20030104_0000034">
  <preferredOriginID>quakeml:eu.emsc/event/20030104_0000034/origin/1361138</preferredOriginID>
  <preferredMagnitudeID>quakeml:eu.emsc/event/20030104_0000034/origin/1361138/mag/2</preferredMagnitudeID>
  <creationInfo>
    <agencyURI>smi:smi-registry/organization/EMSC</agencyURI>
    <authorURI>smi:smi-registry/organization/EMSC</authorURI>
    <creationTime>2014-12-10T18:42:32.569756Z</creationTime>
  </creationInfo>
  <description>
    <text>NORTHERN ITALY</text>
    <type>Flinn-Engdahl region</type>
  </description>
  <origin publicID="quakeml:eu.emsc/event/20030104_0000034/origin/1361138">
    <time>
      <value>2003-01-04T07:45:33.0Z</value>
    </time>
    <latitude>
      <value>44.6423</value>
      <uncertainty>9999.9</uncertainty>
    </latitude>
    <longitude>
      <value>9.4967</value>
      <uncertainty>9999.9</uncertainty>
    </longitude>
    <depth>
      <value>22200.0</value>
    </depth>
    <depthType>from location</depthType>
    <methodID>smi:eu.emsc-csem/origin_method/NA</methodID>
    <quality>
      <usedPhaseCount>8</usedPhaseCount>
      <usedStationCount>5</usedStationCount>
      <standardError>1.78</standardError>
      <azimuthalGap>296</azimuthalGap>
      <minimumDistance>0.24</minimumDistance>
      <maximumDistance>1.02</maximumDistance>
    </quality>
    <evaluationMode>manual</evaluationMode>
    <creationInfo>
      <agencyURI>smi:smi-registry/organization/EMSC</agencyURI>
      <authorURI>smi:smi-registry/organization/EMSC</authorURI>
    </creationInfo>
    <originUncertainty>
      <azimuthMaxHorizontalUncertainty>-99</azimuthMaxHorizontalUncertainty>
    </originUncertainty>
  </origin>
  <magnitude publicID="quakeml:eu.emsc/event/20030104_0000034/origin/1361138/mag/2">
    <mag>
      <value>1.9</value>
    </mag>
    <type>ML</type>
    <originID>quakeml:eu.emsc/event/20030104_0000034/origin/1361138</originID>
    <creationInfo>
      <agencyURI>smi:smi-registry/organization/EMSC</agencyURI>
      <authorURI>smi:smi-registry/organization/EMSC</authorURI>
    </creationInfo>
  </magnitude>
</event>
<event publicID="quakeml:eu.emsc/event/20030104_0000008">
  <preferredOriginID>quakeml:eu.emsc/event/20030104_0000008/origin/1361140</preferredOriginID>
  <preferredMagnitudeID>quakeml:eu.emsc/event/20030104_0000008/origin/1361140/mag/2</preferredMagnitudeID>
  <creationInfo>
    <agencyURI>smi:smi-registry/organization/EMSC</agencyURI>
    <authorURI>smi:smi-registry/organization/EMSC</authorURI>
    <creationTime>2014-12-10T18:49:38.194607Z</creationTime>
  </creationInfo>
  <description>
    <text>GREECE</text>
    <type>Flinn-Engdahl region</type>
  </description>
  <origin publicID="quakeml:eu.emsc/event/20030104_0000008/origin/1361140">
    <time>
      <value>2003-01-04T07:39:45.4Z</value>
    </time>
    <latitude>
      <value>38.5</value>
      <uncertainty>9999.9</uncertainty>
    </latitude>
    <longitude>
      <value>21.6</value>
      <uncertainty>9999.9</uncertainty>
    </longitude>
    <depth>
      <value>5000</value>
    </depth>
    <depthType>from location</depthType>
    <methodID>smi:eu.emsc-csem/origin_method/NA</methodID>
    <quality>
      <usedPhaseCount>6</usedPhaseCount>
      <usedStationCount>5</usedStationCount>
      <standardError>0.87</standardError>
      <azimuthalGap>99</azimuthalGap>
      <minimumDistance>0.45</minimumDistance>
      <maximumDistance>2.07</maximumDistance>
    </quality>
    <evaluationMode>manual</evaluationMode>
    <creationInfo>
      <agencyURI>smi:smi-registry/organization/EMSC</agencyURI>
      <authorURI>smi:smi-registry/organization/EMSC</authorURI>
    </creationInfo>
    <originUncertainty>
      <azimuthMaxHorizontalUncertainty>-99</azimuthMaxHorizontalUncertainty>
    </originUncertainty>
  </origin>
  <magnitude publicID="quakeml:eu.emsc/event/20030104_0000008/origin/1361140/mag/2">
    <mag>
      <value>3.3</value>
    </mag>
    <type>MD</type>
    <originID>quakeml:eu.emsc/event/20030104_0000008/origin/1361140</originID>
    <creationInfo>
      <agencyURI>smi:smi-registry/organization/EMSC</agencyURI>
      <authorURI>smi:smi-registry/organization/EMSC</authorURI>
    </creationInfo>
  </magnitude>
</event>
<event publicID="quakeml:eu.emsc/event/20030104_0000007">
  <preferredOriginID>quakeml:eu.emsc/event/20030104_0000007/origin/1377922</preferredOriginID>
  <preferredMagnitudeID>quakeml:eu.emsc/event/20030104_0000007/origin/1377922/mag/2</preferredMagnitudeID>
  <creationInfo>
    <agencyURI>smi:smi-registry/organization/EMSC</agencyURI>
    <authorURI>smi:smi-registry/organization/EMSC</authorURI>
    <creationTime>2014-12-03T11:19:59.86153Z</creationTime>
  </creationInfo>
  <description>
    <text>CENTRAL TURKEY</text>
    <type>Flinn-Engdahl region</type>
  </description>
  <origin publicID="quakeml:eu.emsc/event/20030104_0000007/origin/1377922">
    <time>
      <value>2003-01-04T06:48:24.0Z</value>
      <uncertainty>0.19</uncertainty>
    </time>
    <latitude>
      <value>40.696</value>
      <uncertainty>5.1</uncertainty>
    </latitude>
    <longitude>
      <value>33.0588</value>
      <uncertainty>4.1</uncertainty>
    </longitude>
    <depth>
      <value>10000</value>
    </depth>
    <depthType>from location</depthType>
    <methodID>smi:eu.emsc-csem/origin_method/NA</methodID>
    <quality>
      <usedPhaseCount>9</usedPhaseCount>
      <usedStationCount>6</usedStationCount>
      <standardError>0.6</standardError>
      <azimuthalGap>92</azimuthalGap>
      <minimumDistance>0.44</minimumDistance>
      <maximumDistance>16.14</maximumDistance>
    </quality>
    <evaluationMode>manual</evaluationMode>
    <creationInfo>
      <agencyURI>smi:smi-registry/organization/EMSC</agencyURI>
      <authorURI>smi:smi-registry/organization/EMSC</authorURI>
    </creationInfo>
    <originUncertainty>
      <azimuthMaxHorizontalUncertainty>12</azimuthMaxHorizontalUncertainty>
    </originUncertainty>
  </origin>
  <magnitude publicID="quakeml:eu.emsc/event/20030104_0000007/origin/1377922/mag/2">
    <mag>
      <value>3.2</value>
    </mag>
    <type>MD</type>
    <originID>quakeml:eu.emsc/event/20030104_0000007/origin/1377922</originID>
    <creationInfo>
      <agencyURI>smi:smi-registry/organization/EMSC</agencyURI>
      <authorURI>smi:smi-registry/organization/EMSC</authorURI>
    </creationInfo>
  </magnitude>
</event>
<event publicID="quakeml:eu.emsc/event/20030104_0000006">
  <preferredOriginID>quakeml:eu.emsc/event/20030104_0000006/origin/1361142</preferredOriginID>
  <preferredMagnitudeID>quakeml:eu.emsc/event/20030104_0000006/origin/1361142/mag/2</preferredMagnitudeID>
  <creationInfo>
    <agencyURI>smi:smi-registry/organization/EMSC</agencyURI>
    <authorURI>smi:smi-registry/organization/EMSC</authorURI>
    <creationTime>2014-12-10T18:49:32.799682Z</creationTime>
  </creationInfo>
  <description>
    <text>EASTERN TURKEY</text>
    <type>Flinn-Engdahl region</type>
  </description>
  <origin publicID="quakeml:eu.emsc/event/20030104_0000006/origin/1361142">
    <time>
      <value>2003-01-04T06:09:05.6Z</value>
    </time>
    <latitude>
      <value>39.018</value>
      <uncertainty>9999.9</uncertainty>
    </latitude>
    <longitude>
      <value>38.647</value>
      <uncertainty>9999.9</uncertainty>
    </longitude>
    <depth>
      <value>10000</value>
    </depth>
    <depthType>from location</depthType>
    <methodID>smi:eu.emsc-csem/origin_method/NA</methodID>
    <quality>
      <usedPhaseCount>7</usedPhaseCount>
      <usedStationCount>6</usedStationCount>
      <standardError>2.3</standardError>
      <azimuthalGap>99</azimuthalGap>
      <minimumDistance>0.71</minimumDistance>
      <maximumDistance>2.19</maximumDistance>
    </quality>
    <evaluationMode>manual</evaluationMode>
    <creationInfo>
      <agencyURI>smi:smi-registry/organization/EMSC</agencyURI>
      <authorURI>smi:smi-registry/organization/EMSC</authorURI>
    </creationInfo>
    <originUncertainty>
      <azimuthMaxHorizontalUncertainty>-99</azimuthMaxHorizontalUncertainty>
    </originUncertainty>
  </origin>
  <magnitude publicID="quakeml:eu.emsc/event/20030104_0000006/origin/1361142/mag/2">
    <mag>
      <value>3.4</value>
    </mag>
    <type>MD</type>
    <originID>quakeml:eu.emsc/event/20030104_0000006/origin/1361142</originID>
    <creationInfo>
      <agencyURI>smi:smi-registry/organization/EMSC</agencyURI>
      <authorURI>smi:smi-registry/organization/EMSC</authorURI>
    </creationInfo>
  </magnitude>
</event>
<event publicID="quakeml:eu.emsc/event/20030104_0000005">
  <preferredOriginID>quakeml:eu.emsc/event/20030104_0000005/origin/1361144</preferredOriginID>
  <preferredMagnitudeID>quakeml:eu.emsc/event/20030104_0000005/origin/1361144/mag/2</preferredMagnitudeID>
  <creationInfo>
    <agencyURI>smi:smi-registry/organization/EMSC</agencyURI>
    <authorURI>smi:smi-registry/organization/EMSC</authorURI>
    <creationTime>2014-12-10T18:49:30.831811Z</creationTime>
  </creationInfo>
  <description>
    <text>EASTERN TURKEY</text>
    <type>Flinn-Engdahl region</type>
  </description>
  <origin publicID="quakeml:eu.emsc/event/20030104_0000005/origin/1361144">
    <time>
      <value>2003-01-04T05:47:19.8Z</value>
    </time>
    <latitude>
      <value>39.024</value>
      <uncertainty>9999.9</uncertainty>
    </latitude>
    <longitude>
      <value>38.657</value>
      <uncertainty>9999.9</uncertainty>
    </longitude>
    <depth>
      <value>10000</value>
    </depth>
    <depthType>from location</depthType>
    <methodID>smi:eu.emsc-csem/origin_method/NA</methodID>
    <quality>
      <usedPhaseCount>6</usedPhaseCount>
      <usedStationCount>5</usedStationCount>
      <standardError>2.27</standardError>
      <azimuthalGap>99</azimuthalGap>
      <minimumDistance>0.72</minimumDistance>
      <maximumDistance>2.2</maximumDistance>
    </quality>
    <evaluationMode>manual</evaluationMode>
    <creationInfo>
      <agencyURI>smi:smi-registry/organization/EMSC</agencyURI>
      <authorURI>smi:smi-registry/organization/EMSC</authorURI>
    </creationInfo>
    <originUncertainty>
      <azimuthMaxHorizontalUncertainty>-99</azimuthMaxHorizontalUncertainty>
    </originUncertainty>
  </origin>
  <magnitude publicID="quakeml:eu.emsc/event/20030104_0000005/origin/1361144/mag/2">
    <mag>
      <value>3.2</value>
    </mag>
    <type>MD</type>
    <originID>quakeml:eu.emsc/event/20030104_0000005/origin/1361144</originID>
    <creationInfo>
      <agencyURI>smi:smi-registry/organization/EMSC</agencyURI>
      <authorURI>smi:smi-registry/organization/EMSC</authorURI>
    </creationInfo>
  </magnitude>
</event>
<event publicID="quakeml:eu.emsc/event/20030104_0000004">
  <preferredOriginID>quakeml:eu.emsc/event/20030104_0000004/origin/1361146</preferredOriginID>
  <preferredMagnitudeID>quakeml:eu.emsc/event/20030104_0000004/origin/1361146/mag/2</preferredMagnitudeID>
  <creationInfo>
    <agencyURI>smi:smi-registry/organization/EMSC</agencyURI>
    <authorURI>smi:smi-registry/organization/EMSC</authorURI>
    <creationTime>2014-12-10T18:49:28.390192Z</creationTime>
  </creationInfo>
  <description>
    <text>WESTERN TURKEY</text>
    <type>Flinn-Engdahl region</type>
  </description>
  <origin publicID="quakeml:eu.emsc/event/20030104_0000004/origin/1361146">
    <time>
      <value>2003-01-04T02:24:27.0Z</value>
    </time>
    <latitude>
      <value>40.823</value>
      <uncertainty>9999.9</uncertainty>
    </latitude>
    <longitude>
      <value>31.67</value>
      <uncertainty>9999.9</uncertainty>
    </longitude>
    <depth>
      <value>10000</value>
    </depth>
    <depthType>from location</depthType>
    <methodID>smi:eu.emsc-csem/origin_method/NA</methodID>
    <quality>
      <usedPhaseCount>16</usedPhaseCount>
      <usedStationCount>15</usedStationCount>
      <standardError>2.42</standardError>
      <azimuthalGap>143</azimuthalGap>
      <minimumDistance>0.5</minimumDistance>
      <maximumDistance>3.77</maximumDistance>
    </quality>
    <evaluationMode>manual</evaluationMode>
    <creationInfo>
      <agencyURI>smi:smi-registry/organization/EMSC</agencyURI>
      <authorURI>smi:smi-registry/organization/EMSC</authorURI>
    </creationInfo>
    <originUncertainty>
      <azimuthMaxHorizontalUncertainty>-99</azimuthMaxHorizontalUncertainty>
    </originUncertainty>
  </origin>
  <magnitude publicID="quakeml:eu.emsc/event/20030104_0000004/origin/1361146/mag/2">
    <mag>
      <value>3.2</value>
    </mag>
    <type>MD</type>
    <originID>quakeml:eu.emsc/event/20030104_0000004/origin/1361146</originID>
    <creationInfo>
      <agencyURI>smi:smi-registry/organization/EMSC</agencyURI>
      <authorURI>smi:smi-registry/organization/EMSC</authorURI>
    </creationInfo>
  </magnitude>
</event>
<event publicID="quakeml:eu.emsc/event/20030104_0000003">
  <preferredOriginID>quakeml:eu.emsc/event/20030104_0000003/origin/1361148</preferredOriginID>
  <preferredMagnitudeID>quakeml:eu.emsc/event/20030104_0000003/origin/1361148/mag/2</preferredMagnitudeID>
  <creationInfo>
    <agencyURI>smi:smi-registry/organization/EMSC</agencyURI>
    <authorURI>smi:smi-registry/organization/EMSC</authorURI>
    <creationTime>2014-12-10T18:49:25.622436Z</creationTime>
  </creationInfo>
  <description>
    <text>EASTERN TURKEY</text>
    <type>Flinn-Engdahl region</type>
  </description>
  <origin publicID="quakeml:eu.emsc/event/20030104_0000003/origin/1361148">
    <time>
      <value>2003-01-04T01:46:11.5Z</value>
    </time>
    <latitude>
      <value>38.359</value>
      <uncertainty>9999.9</uncertainty>
    </latitude>
    <longitude>
      <value>40.684</value>
      <uncertainty>9999.9</uncertainty>
    </longitude>
    <depth>
      <value>10000</value>
    </depth>
    <depthType>from location</depthType>
    <methodID>smi:eu.emsc-csem/origin_method/NA</methodID>
    <quality>
      <usedPhaseCount>5</usedPhaseCount>
      <usedStationCount>4</usedStationCount>
      <standardError>1.01</standardError>
      <azimuthalGap>120</azimuthalGap>
      <minimumDistance>0.54</minimumDistance>
      <maximumDistance>1.78</maximumDistance>
    </quality>
    <evaluationMode>manual</evaluationMode>
    <creationInfo>
      <agencyURI>smi:smi-registry/organization/EMSC</agencyURI>
      <authorURI>smi:smi-registry/organization/EMSC</authorURI>
    </creationInfo>
    <originUncertainty>
      <azimuthMaxHorizontalUncertainty>-99</azimuthMaxHorizontalUncertainty>
    </originUncertainty>
  </origin>
  <magnitude publicID="quakeml:eu.emsc/event/20030104_0000003/origin/1361148/mag/2">
    <mag>
      <value>3.1</value>
    </mag>
    <type>MD</type>
    <originID>quakeml:eu.emsc/event/20030104_0000003/origin/1361148</originID>
    <creationInfo>
      <agencyURI>smi:smi-registry/organization/EMSC</agencyURI>
      <authorURI>smi:smi-registry/organization/EMSC</authorURI>
    </creationInfo>
  </magnitude>
</event>
<event publicID="quakeml:eu.emsc/event/20030104_0000026">
  <preferredOriginID>quakeml:eu.emsc/event/20030104_0000026/origin/1361150</preferredOriginID>
  <preferredMagnitudeID>quakeml:eu.emsc/event/20030104_0000026/origin/1361150/mag/2</preferredMagnitudeID>
  <creationInfo>
    <agencyURI>smi:smi-registry/organization/EMSC</agencyURI>
    <authorURI>smi:smi-registry/organization/EMSC</authorURI>
    <creationTime>2014-12-10T18:42:32.63624Z</creationTime>
  </creationInfo>
  <description>
    <text>NORTHERN ITALY</text>
    <type>Flinn-Engdahl region</type>
  </description>
  <origin publicID="quakeml:eu.emsc/event/20030104_0000026/origin/1361150">
    <time>
      <value>2003-01-04T01:29:23.9Z</value>
    </time>
    <latitude>
      <value>44.2942</value>
      <uncertainty>9999.9</uncertainty>
    </latitude>
    <longitude>
      <value>7.385</value>
      <uncertainty>9999.9</uncertainty>
    </longitude>
    <depth>
      <value>11300.0</value>
    </depth>
    <depthType>from location</depthType>
    <methodID>smi:eu.emsc-csem/origin_method/NA</methodID>
    <quality>
      <usedPhaseCount>9</usedPhaseCount>
      <usedStationCount>5</usedStationCount>
      <standardError>9.99</standardError>
      <azimuthalGap>156</azimuthalGap>
      <minimumDistance>0.07</minimumDistance>
      <maximumDistance>0.54</maximumDistance>
    </quality>
    <evaluationMode>manual</evaluationMode>
    <creationInfo>
      <agencyURI>smi:smi-registry/organization/EMSC</agencyURI>
      <authorURI>smi:smi-registry/organization/EMSC</authorURI>
    </creationInfo>
    <originUncertainty>
      <azimuthMaxHorizontalUncertainty>-99</azimuthMaxHorizontalUncertainty>
    </originUncertainty>
  </origin>
  <magnitude publicID="quakeml:eu.emsc/event/20030104_0000026/origin/1361150/mag/2">
    <mag>
      <value>1.6</value>
    </mag>
    <type>ML</type>
    <originID>quakeml:eu.emsc/event/20030104_0000026/origin/1361150</originID>
    <creationInfo>
      <agencyURI>smi:smi-registry/organization/EMSC</agencyURI>
      <authorURI>smi:smi-registry/organization/EMSC</authorURI>
    </creationInfo>
  </magnitude>
</event>
<event publicID="quakeml:eu.emsc/event/20030104_0000036">
  <preferredOriginID>quakeml:eu.emsc/event/20030104_0000036/origin/1376982</preferredOriginID>
  <preferredMagnitudeID>quakeml:eu.emsc/event/20030104_0000036/origin/1376982/mag/1</preferredMagnitudeID>
  <creationInfo>
    <agencyURI>smi:smi-registry/organization/EMSC</agencyURI>
    <authorURI>smi:smi-registry/organization/EMSC</authorURI>
    <creationTime>2014-12-03T17:01:04.962474Z</creationTime>
  </creationInfo>
  <description>
    <text>SWITZERLAND</text>
    <type>Flinn-Engdahl region</type>
  </description>
  <origin publicID="quakeml:eu.emsc/event/20030104_0000036/origin/1376982">
    <time>
      <value>2003-01-04T01:20:19.1Z</value>
      <uncertainty>0.1</uncertainty>
    </time>
    <latitude>
      <value>45.9751</value>
      <uncertainty>2</uncertainty>
    </latitude>
    <longitude>
      <value>7.8649</value>
      <uncertainty>1.8</uncertainty>
    </longitude>
    <depth>
      <value>8000</value>
    </depth>
    <depthType>from location</depthType>
    <methodID>smi:eu.emsc-csem/origin_method/NA</methodID>
    <quality>
      <usedPhaseCount>71</usedPhaseCount>
      <usedStationCount>42</usedStationCount>
      <standardError>0.8</standardError>
      <azimuthalGap>65</azimuthalGap>
      <minimumDistance>0.09</minimumDistance>
      <maximumDistance>3.53</maximumDistance>
    </quality>
    <evaluationMode>manual</evaluationMode>
    <creationInfo>
      <agencyURI>smi:smi-registry/organization/EMSC</agencyURI>
      <authorURI>smi:smi-registry/organization/EMSC</authorURI>
    </creationInfo>
    <originUncertainty>
      <azimuthMaxHorizontalUncertainty>91</azimuthMaxHorizontalUncertainty>
    </originUncertainty>
  </origin>
  <magnitude publicID="quakeml:eu.emsc/event/20030104_0000036/origin/1376982/mag/1">
    <mag>
      <value>2.5</value>
      <uncertainty>0.1</uncertainty>
    </mag>
    <type>ML</type>
    <originID>quakeml:eu.emsc/event/20030104_0000036/origin/1376982</originID>
    <stationCount>12</stationCount>
    <creationInfo>
      <agencyURI>smi:smi-registry/organization/EMSC</agencyURI>
      <authorURI>smi:smi-registry/organization/EMSC</authorURI>
    </creationInfo>
  </magnitude>
</event>
<event publicID="quakeml:eu.emsc/event/20030104_0000002">
  <preferredOriginID>quakeml:eu.emsc/event/20030104_0000002/origin/1377640</preferredOriginID>
  <preferredMagnitudeID>quakeml:eu.emsc/event/20030104_0000002/origin/1377640/mag/2</preferredMagnitudeID>
  <creationInfo>
    <agencyURI>smi:smi-registry/organization/EMSC</agencyURI>
    <authorURI>smi:smi-registry/organization/EMSC</authorURI>
    <creationTime>2014-12-03T12:00:05.983918Z</creationTime>
  </creationInfo>
  <description>
    <text>KERKIRA REGION, GREECE</text>
    <type>Flinn-Engdahl region</type>
  </description>
  <origin publicID="quakeml:eu.emsc/event/20030104_0000002/origin/1377640">
    <time>
      <value>2003-01-04T00:56:37.4Z</value>
      <uncertainty>0.39</uncertainty>
    </time>
    <latitude>
      <value>39.9926</value>
      <uncertainty>10.9</uncertainty>
    </latitude>
    <longitude>
      <value>19.8967</value>
      <uncertainty>8.6</uncertainty>
    </longitude>
    <depth>
      <value>2000</value>
    </depth>
    <depthType>from location</depthType>
    <methodID>smi:eu.emsc-csem/origin_method/NA</methodID>
    <quality>
      <usedPhaseCount>19</usedPhaseCount>
      <usedStationCount>18</usedStationCount>
      <standardError>1.43</standardError>
      <azimuthalGap>77</azimuthalGap>
      <minimumDistance>0.14</minimumDistance>
      <maximumDistance>3.56</maximumDistance>
    </quality>
    <evaluationMode>manual</evaluationMode>
    <creationInfo>
      <agencyURI>smi:smi-registry/organization/EMSC</agencyURI>
      <authorURI>smi:smi-registry/organization/EMSC</authorURI>
    </creationInfo>
    <originUncertainty>
      <azimuthMaxHorizontalUncertainty>49</azimuthMaxHorizontalUncertainty>
    </originUncertainty>
  </origin>
  <magnitude publicID="quakeml:eu.emsc/event/20030104_0000002/origin/1377640/mag/2">
    <mag>
      <value>3.4</value>
    </mag>
    <type>MD</type>
    <originID>quakeml:eu.emsc/event/20030104_0000002/origin/1377640</originID>
    <creationInfo>
      <agencyURI>smi:smi-registry/organization/EMSC</agencyURI>
      <authorURI>smi:smi-registry/organization/EMSC</authorURI>
    </creationInfo>
  </magnitude>
</event>
<event publicID="quakeml:eu.emsc/event/20030104_0000031">
  <preferredOriginID>quakeml:eu.emsc/event/20030104_0000031/origin/1376985</preferredOriginID>
  <preferredMagnitudeID>quakeml:eu.emsc/event/20030104_0000031/origin/1376985/mag/1</preferredMagnitudeID>
  <creationInfo>
    <agencyURI>smi:smi-registry/organization/EMSC</agencyURI>
    <authorURI>smi:smi-registry/organization/EMSC</authorURI>
    <creationTime>2014-12-03T16:33:05.85545Z</creationTime>
  </creationInfo>
  <description>
    <text>SWITZERLAND</text>
    <type>Flinn-Engdahl region</type>
  </description>
  <origin publicID="quakeml:eu.emsc/event/20030104_0000031/origin/1376985">
    <time>
      <value>2003-01-04T00:31:32.8Z</value>
      <uncertainty>0.13</uncertainty>
    </time>
    <latitude>
      <value>46.3142</value>
      <uncertainty>3</uncertainty>
    </latitude>
    <longitude>
      <value>7.3714</value>
      <uncertainty>2.2</uncertainty>
    </longitude>
    <depth>
      <value>8000</value>
    </depth>
    <depthType>from location</depthType>
    <methodID>smi:eu.emsc-csem/origin_method/NA</methodID>
    <quality>
      <usedPhaseCount>46</usedPhaseCount>
      <usedStationCount>25</usedStationCount>
      <standardError>0.93</standardError>
      <azimuthalGap>72</azimuthalGap>
      <minimumDistance>0.07</minimumDistance>
      <maximumDistance>3.14</maximumDistance>
    </quality>
    <evaluationMode>manual</evaluationMode>
    <creationInfo>
      <agencyURI>smi:smi-registry/organization/EMSC</agencyURI>
      <authorURI>smi:smi-registry/organization/EMSC</authorURI>
    </creationInfo>
    <originUncertainty>
      <azimuthMaxHorizontalUncertainty>142</azimuthMaxHorizontalUncertainty>
    </originUncertainty>
  </origin>
  <magnitude publicID="quakeml:eu.emsc/event/20030104_0000031/origin/1376985/mag/1">
    <mag>
      <value>2.3</value>
      <uncertainty>0.3</uncertainty>
    </mag>
    <type>ML</type>
    <originID>quakeml:eu.emsc/event/20030104_0000031/origin/1376985</originID>
    <stationCount>10</stationCount>
    <creationInfo>
      <agencyURI>smi:smi-registry/organization/EMSC</agencyURI>
      <authorURI>smi:smi-registry/organization/EMSC</authorURI>
    </creationInfo>
  </magnitude>
</event>
<event publicID="quakeml:eu.emsc/event/20030104_0000035">
  <preferredOriginID>quakeml:eu.emsc/event/20030104_0000035/origin/1361152</preferredOriginID>
  <preferredMagnitudeID>quakeml:eu.emsc/event/20030104_0000035/origin/1361152/mag/2</preferredMagnitudeID>
  <creationInfo>
    <agencyURI>smi:smi-registry/organization/EMSC</agencyURI>
    <authorURI>smi:smi-registry/organization/EMSC</authorURI>
    <creationTime>2014-12-10T18:42:31.566632Z</creationTime>
  </creationInfo>
  <description>
    <text>NORTHERN ITALY</text>
    <type>Flinn-Engdahl region</type>
  </description>
  <origin publicID="quakeml:eu.emsc/event/20030104_0000035/origin/1361152">
    <time>
      <value>2003-01-04T00:04:42.4Z</value>
    </time>
    <latitude>
      <value>44.2943</value>
      <uncertainty>9999.9</uncertainty>
    </latitude>
    <longitude>
      <value>7.3907</value>
      <uncertainty>9999.9</uncertainty>
    </longitude>
    <depth>
      <value>3300.0</value>
    </depth>
    <depthType>from location</depthType>
    <methodID>smi:eu.emsc-csem/origin_method/NA</methodID>
    <quality>
      <usedPhaseCount>10</usedPhaseCount>
      <usedStationCount>6</usedStationCount>
      <standardError>8.98</standardError>
      <azimuthalGap>153</azimuthalGap>
      <minimumDistance>0.07</minimumDistance>
      <maximumDistance>0.54</maximumDistance>
    </quality>
    <evaluationMode>manual</evaluationMode>
    <creationInfo>
      <agencyURI>smi:smi-registry/organization/EMSC</agencyURI>
      <authorURI>smi:smi-registry/organization/EMSC</authorURI>
    </creationInfo>
    <originUncertainty>
      <azimuthMaxHorizontalUncertainty>-99</azimuthMaxHorizontalUncertainty>
    </originUncertainty>
  </origin>
  <magnitude publicID="quakeml:eu.emsc/event/20030104_0000035/origin/1361152/mag/2">
    <mag>
      <value>1.7</value>
    </mag>
    <type>ML</type>
    <originID>quakeml:eu.emsc/event/20030104_0000035/origin/1361152</originID>
    <creationInfo>
      <agencyURI>smi:smi-registry/organization/EMSC</agencyURI>
      <authorURI>smi:smi-registry/organization/EMSC</authorURI>
    </creationInfo>
  </magnitude>
</event>
</eventParameters>
</q:quakeml>
