<?xml version="1.0"?>
<q:quakeml xmlns:q="http://quakeml.org/xmlns/quakeml/1.2"  xmlns="http://quakeml.org/xmlns/bed/1.2">
<eventParameters publicID="smi:eu.emsc/unid">
<event publicID="quakeml:eu.emsc/event/20031210_0000013">
  <preferredOriginID>quakeml:eu.emsc/event/20031210_0000013/origin/1353010</preferredOriginID>
  <preferredMagnitudeID>quakeml:eu.emsc/event/20031210_0000013/origin/1353010/mag/2</preferredMagnitudeID>
  <creationInfo>
    <agencyURI>smi:smi-registry/organization/EMSC</agencyURI>
    <authorURI>smi:smi-registry/organization/EMSC</authorURI>
    <creationTime>2014-12-10T22:26:34.319219Z</creationTime>
  </creationInfo>
  <description>
    <text>GREECE</text>
    <type>Flinn-Engdahl region</type>
  </description>
  <origin publicID="quakeml:eu.emsc/event/20031210_0000013/origin/1353010">
    <time>
      <value>2003-12-10T23:40:46.3Z</value>
    </time>
    <latitude>
      <value>38.13</value>
      <uncertainty>9999.9</uncertainty>
    </latitude>
    <longitude>
      <value>22.65</value>
      <uncertainty>9999.9</uncertainty>
    </longitude>
    <depth>
      <value>22000</value>
    </depth>
    <depthType>from location</depthType>
    <methodID>smi:eu.emsc-csem/origin_method/NA</methodID>
    <quality>
      <usedPhaseCount>11</usedPhaseCount>
      <usedStationCount>7</usedStationCount>
      <standardError>1.69</standardError>
      <azimuthalGap>72</azimuthalGap>
      <minimumDistance>0.59</minimumDistance>
      <maximumDistance>1.43</maximumDistance>
    </quality>
    <evaluationMode>manual</evaluationMode>
    <creationInfo>
      <agencyURI>smi:smi-registry/organization/EMSC</agencyURI>
      <authorURI>smi:smi-registry/organization/EMSC</authorURI>
    </creationInfo>
    <originUncertainty>
      <azimuthMaxHorizontalUncertainty>-99</azimuthMaxHorizontalUncertainty>
    </originUncertainty>
  </origin>
  <magnitude publicID="quakeml:eu.emsc/event/20031210_0000013/origin/1353010/mag/2">
    <mag>
      <value>3</value>
    </mag>
    <type>ML</type>
    <originID>quakeml:eu.emsc/event/20031210_0000013/origin/1353010</originID>
    <creationInfo>
      <agencyURI>smi:smi-registry/organization/EMSC</agencyURI>
      <authorURI>smi:smi-registry/organization/EMSC</authorURI>
    </creationInfo>
  </magnitude>
</event>
<event publicID="quakeml:eu.emsc/event/20031210_0000012">
  <preferredOriginID>quakeml:eu.emsc/event/20031210_0000012/origin/1350293</preferredOriginID>
  <preferredMagnitudeID>quakeml:eu.emsc/event/20031210_0000012/origin/1350293/mag/1</preferredMagnitudeID>
  <creationInfo>
    <agencyURI>smi:smi-registry/organization/EMSC</agencyURI>
    <authorURI>smi:smi-registry/organization/EMSC</authorURI>
    <creationTime>2014-12-03T11:47:25.211152Z</creationTime>
  </creationInfo>
  <description>
    <text>CENTRAL ITALY</text>
    <type>Flinn-Engdahl region</type>
  </description>
  <origin publicID="quakeml:eu.emsc/event/20031210_0000012/origin/1350293">
    <time>
      <value>2003-12-10T22:22:10.2Z</value>
      <uncertainty>0.15</uncertainty>
    </time>
    <latitude>
      <value>43.6194</value>
      <uncertainty>3.8</uncertainty>
    </latitude>
    <longitude>
      <value>11.0285</value>
      <uncertainty>2.8</uncertainty>
    </longitude>
    <depth>
      <value>12000</value>
    </depth>
    <depthType>from location</depthType>
    <methodID>smi:eu.emsc-csem/origin_method/NA</methodID>
    <quality>
      <usedPhaseCount>83</usedPhaseCount>
      <usedStationCount>59</usedStationCount>
      <standardError>1.07</standardError>
      <azimuthalGap>50</azimuthalGap>
      <minimumDistance>0.24</minimumDistance>
      <maximumDistance>6.49</maximumDistance>
    </quality>
    <evaluationMode>manual</evaluationMode>
    <creationInfo>
      <agencyURI>smi:smi-registry/organization/EMSC</agencyURI>
      <authorURI>smi:smi-registry/organization/EMSC</authorURI>
    </creationInfo>
    <originUncertainty>
      <azimuthMaxHorizontalUncertainty>8</azimuthMaxHorizontalUncertainty>
    </originUncertainty>
  </origin>
  <magnitude publicID="quakeml:eu.emsc/event/20031210_0000012/origin/1350293/mag/1">
    <mag>
      <value>2.8</value>
      <uncertainty>0.4</uncertainty>
    </mag>
    <type>ML</type>
    <originID>quakeml:eu.emsc/event/20031210_0000012/origin/1350293</originID>
    <stationCount>6</stationCount>
    <creationInfo>
      <agencyURI>smi:smi-registry/organization/EMSC</agencyURI>
      <authorURI>smi:smi-registry/organization/EMSC</authorURI>
    </creationInfo>
  </magnitude>
</event>
<event publicID="quakeml:eu.emsc/event/20031210_0000011">
  <preferredOriginID>quakeml:eu.emsc/event/20031210_0000011/origin/1363737</preferredOriginID>
  <preferredMagnitudeID>quakeml:eu.emsc/event/20031210_0000011/origin/1363737/mag/2</preferredMagnitudeID>
  <creationInfo>
    <agencyURI>smi:smi-registry/organization/EMSC</agencyURI>
    <authorURI>smi:smi-registry/organization/EMSC</authorURI>
    <creationTime>2014-12-10T22:26:29.680945Z</creationTime>
  </creationInfo>
  <description>
    <text>CRETE, GREECE</text>
    <type>Flinn-Engdahl region</type>
  </description>
  <origin publicID="quakeml:eu.emsc/event/20031210_0000011/origin/1363737">
    <time>
      <value>2003-12-10T17:47:48.6Z</value>
    </time>
    <latitude>
      <value>34.18</value>
      <uncertainty>9999.9</uncertainty>
    </latitude>
    <longitude>
      <value>25.03</value>
      <uncertainty>9999.9</uncertainty>
    </longitude>
    <depth>
      <value>21000</value>
    </depth>
    <depthType>from location</depthType>
    <methodID>smi:eu.emsc-csem/origin_method/NA</methodID>
    <quality>
      <usedPhaseCount>9</usedPhaseCount>
      <usedStationCount>8</usedStationCount>
      <standardError>2.48</standardError>
      <azimuthalGap>275</azimuthalGap>
      <minimumDistance>0.88</minimumDistance>
      <maximumDistance>86.04</maximumDistance>
    </quality>
    <evaluationMode>manual</evaluationMode>
    <creationInfo>
      <agencyURI>smi:smi-registry/organization/EMSC</agencyURI>
      <authorURI>smi:smi-registry/organization/EMSC</authorURI>
    </creationInfo>
    <originUncertainty>
      <azimuthMaxHorizontalUncertainty>-99</azimuthMaxHorizontalUncertainty>
    </originUncertainty>
  </origin>
  <magnitude publicID="quakeml:eu.emsc/event/20031210_0000011/origin/1363737/mag/2">
    <mag>
      <value>3.8</value>
    </mag>
    <type>MD</type>
    <originID>quakeml:eu.emsc/event/20031210_0000011/origin/1363737</originID>
    <creationInfo>
      <agencyURI>smi:smi-registry/organization/EMSC</agencyURI>
      <authorURI>smi:smi-registry/organization/EMSC</authorURI>
    </creationInfo>
  </magnitude>
</event>
<event publicID="quakeml:eu.emsc/event/20031210_0000010">
  <preferredOriginID>quakeml:eu.emsc/event/20031210_0000010/origin/1353012</preferredOriginID>
  <preferredMagnitudeID>quakeml:eu.emsc/event/20031210_0000010/origin/1353012/mag/2</preferredMagnitudeID>
  <creationInfo>
    <agencyURI>smi:smi-registry/organization/EMSC</agencyURI>
    <authorURI>smi:smi-registry/organization/EMSC</authorURI>
    <creationTime>2014-12-10T22:26:26.820182Z</creationTime>
  </creationInfo>
  <description>
    <text>CENTRAL TURKEY</text>
    <type>Flinn-Engdahl region</type>
  </description>
  <origin publicID="quakeml:eu.emsc/event/20031210_0000010/origin/1353012">
    <time>
      <value>2003-12-10T16:54:48.9Z</value>
    </time>
    <latitude>
      <value>39.601</value>
      <uncertainty>9999.9</uncertainty>
    </latitude>
    <longitude>
      <value>33.377</value>
      <uncertainty>9999.9</uncertainty>
    </longitude>
    <depth>
      <value>5000</value>
    </depth>
    <depthType>from location</depthType>
    <methodID>smi:eu.emsc-csem/origin_method/NA</methodID>
    <quality>
      <usedPhaseCount>9</usedPhaseCount>
      <usedStationCount>7</usedStationCount>
      <standardError>1.09</standardError>
      <azimuthalGap>107</azimuthalGap>
      <minimumDistance>0.35</minimumDistance>
      <maximumDistance>2.81</maximumDistance>
    </quality>
    <evaluationMode>manual</evaluationMode>
    <creationInfo>
      <agencyURI>smi:smi-registry/organization/EMSC</agencyURI>
      <authorURI>smi:smi-registry/organization/EMSC</authorURI>
    </creationInfo>
    <originUncertainty>
      <azimuthMaxHorizontalUncertainty>-99</azimuthMaxHorizontalUncertainty>
    </originUncertainty>
  </origin>
  <magnitude publicID="quakeml:eu.emsc/event/20031210_0000010/origin/1353012/mag/2">
    <mag>
      <value>3</value>
    </mag>
    <type>MD</type>
    <originID>quakeml:eu.emsc/event/20031210_0000010/origin/1353012</originID>
    <creationInfo>
      <agencyURI>smi:smi-registry/organization/EMSC</agencyURI>
      <authorURI>smi:smi-registry/organization/EMSC</authorURI>
    </creationInfo>
  </magnitude>
</event>
<event publicID="quakeml:eu.emsc/event/20031210_0000009">
  <preferredOriginID>quakeml:eu.emsc/event/20031210_0000009/origin/1350297</preferredOriginID>
  <preferredMagnitudeID>quakeml:eu.emsc/event/20031210_0000009/origin/1350297/mag/2</preferredMagnitudeID>
  <creationInfo>
    <agencyURI>smi:smi-registry/organization/EMSC</agencyURI>
    <authorURI>smi:smi-registry/organization/EMSC</authorURI>
    <creationTime>2014-12-03T10:27:59.730365Z</creationTime>
  </creationInfo>
  <description>
    <text>EASTERN MEDITERRANEAN SEA</text>
    <type>Flinn-Engdahl region</type>
  </description>
  <origin publicID="quakeml:eu.emsc/event/20031210_0000009/origin/1350297">
    <time>
      <value>2003-12-10T14:14:58.9Z</value>
      <uncertainty>0.22</uncertainty>
    </time>
    <latitude>
      <value>35.8945</value>
      <uncertainty>8.1</uncertainty>
    </latitude>
    <longitude>
      <value>28.3694</value>
      <uncertainty>5</uncertainty>
    </longitude>
    <depth>
      <value>44900.0</value>
      <uncertainty>8.2</uncertainty>
    </depth>
    <depthType>from location</depthType>
    <methodID>smi:eu.emsc-csem/origin_method/NA</methodID>
    <quality>
      <usedPhaseCount>19</usedPhaseCount>
      <usedStationCount>15</usedStationCount>
      <standardError>0.7</standardError>
      <azimuthalGap>139</azimuthalGap>
      <minimumDistance>0.38</minimumDistance>
      <maximumDistance>4.32</maximumDistance>
    </quality>
    <evaluationMode>manual</evaluationMode>
    <creationInfo>
      <agencyURI>smi:smi-registry/organization/EMSC</agencyURI>
      <authorURI>smi:smi-registry/organization/EMSC</authorURI>
    </creationInfo>
    <originUncertainty>
      <azimuthMaxHorizontalUncertainty>13</azimuthMaxHorizontalUncertainty>
    </originUncertainty>
  </origin>
  <magnitude publicID="quakeml:eu.emsc/event/20031210_0000009/origin/1350297/mag/2">
    <mag>
      <value>3.8</value>
    </mag>
    <type>MD</type>
    <originID>quakeml:eu.emsc/event/20031210_0000009/origin/1350297</originID>
    <creationInfo>
      <agencyURI>smi:smi-registry/organization/EMSC</agencyURI>
      <authorURI>smi:smi-registry/organization/EMSC</authorURI>
    </creationInfo>
  </magnitude>
</event>
<event publicID="quakeml:eu.emsc/event/20031210_0000023">
  <preferredOriginID>quakeml:eu.emsc/event/20031210_0000023/origin/1353014</preferredOriginID>
  <preferredMagnitudeID>quakeml:eu.emsc/event/20031210_0000023/origin/1353014/mag/2</preferredMagnitudeID>
  <creationInfo>
    <agencyURI>smi:smi-registry/organization/EMSC</agencyURI>
    <authorURI>smi:smi-registry/organization/EMSC</authorURI>
    <creationTime>2014-12-10T18:57:02.98041Z</creationTime>
  </creationInfo>
  <description>
    <text>SWITZERLAND</text>
    <type>Flinn-Engdahl region</type>
  </description>
  <origin publicID="quakeml:eu.emsc/event/20031210_0000023/origin/1353014">
    <time>
      <value>2003-12-10T12:17:15.4Z</value>
    </time>
    <latitude>
      <value>46.242</value>
      <uncertainty>9999.9</uncertainty>
    </latitude>
    <longitude>
      <value>6.983</value>
      <uncertainty>9999.9</uncertainty>
    </longitude>
    <depth>
      <value>0</value>
    </depth>
    <depthType>from location</depthType>
    <methodID>smi:eu.emsc-csem/origin_method/NA</methodID>
    <quality>
      <usedPhaseCount>7</usedPhaseCount>
      <usedStationCount>4</usedStationCount>
      <standardError>0.87</standardError>
      <azimuthalGap>164</azimuthalGap>
      <minimumDistance>0.09</minimumDistance>
      <maximumDistance>0.25</maximumDistance>
    </quality>
    <evaluationMode>manual</evaluationMode>
    <creationInfo>
      <agencyURI>smi:smi-registry/organization/EMSC</agencyURI>
      <authorURI>smi:smi-registry/organization/EMSC</authorURI>
    </creationInfo>
    <originUncertainty>
      <azimuthMaxHorizontalUncertainty>-99</azimuthMaxHorizontalUncertainty>
    </originUncertainty>
  </origin>
  <magnitude publicID="quakeml:eu.emsc/event/20031210_0000023/origin/1353014/mag/2">
    <mag>
      <value>0.6</value>
    </mag>
    <type>ML</type>
    <originID>quakeml:eu.emsc/event/20031210_0000023/origin/1353014</originID>
    <stationCount>3</stationCount>
    <creationInfo>
      <agencyURI>smi:smi-registry/organization/EMSC</agencyURI>
      <authorURI>smi:smi-registry/organization/EMSC</authorURI>
    </creationInfo>
  </magnitude>
</event>
<event publicID="quakeml:eu.emsc/event/20031210_0000008">
  <preferredOriginID>quakeml:eu.emsc/event/20031210_0000008/origin/1353016</preferredOriginID>
  <preferredMagnitudeID>quakeml:eu.emsc/event/20031210_0000008/origin/1353016/mag/2</preferredMagnitudeID>
  <creationInfo>
    <agencyURI>smi:smi-registry/organization/EMSC</agencyURI>
    <authorURI>smi:smi-registry/organization/EMSC</authorURI>
    <creationTime>2014-12-10T22:26:20.881971Z</creationTime>
  </creationInfo>
  <description>
    <text>GREECE</text>
    <type>Flinn-Engdahl region</type>
  </description>
  <origin publicID="quakeml:eu.emsc/event/20031210_0000008/origin/1353016">
    <time>
      <value>2003-12-10T12:13:14.7Z</value>
    </time>
    <latitude>
      <value>38.1</value>
      <uncertainty>9999.9</uncertainty>
    </latitude>
    <longitude>
      <value>20.36</value>
      <uncertainty>9999.9</uncertainty>
    </longitude>
    <depth>
      <value>14000</value>
    </depth>
    <depthType>from location</depthType>
    <methodID>smi:eu.emsc-csem/origin_method/NA</methodID>
    <quality>
      <usedPhaseCount>5</usedPhaseCount>
      <usedStationCount>4</usedStationCount>
      <standardError>0.53</standardError>
      <azimuthalGap>252</azimuthalGap>
      <minimumDistance>0.2</minimumDistance>
      <maximumDistance>1.67</maximumDistance>
    </quality>
    <evaluationMode>manual</evaluationMode>
    <creationInfo>
      <agencyURI>smi:smi-registry/organization/EMSC</agencyURI>
      <authorURI>smi:smi-registry/organization/EMSC</authorURI>
    </creationInfo>
    <originUncertainty>
      <azimuthMaxHorizontalUncertainty>-99</azimuthMaxHorizontalUncertainty>
    </originUncertainty>
  </origin>
  <magnitude publicID="quakeml:eu.emsc/event/20031210_0000008/origin/1353016/mag/2">
    <mag>
      <value>3.3</value>
    </mag>
    <type>MD</type>
    <originID>quakeml:eu.emsc/event/20031210_0000008/origin/1353016</originID>
    <creationInfo>
      <agencyURI>smi:smi-registry/organization/EMSC</agencyURI>
      <authorURI>smi:smi-registry/organization/EMSC</authorURI>
    </creationInfo>
  </magnitude>
</event>
<event publicID="quakeml:eu.emsc/event/20031210_0000021">
  <preferredOriginID>quakeml:eu.emsc/event/20031210_0000021/origin/1353018</preferredOriginID>
  <preferredMagnitudeID>quakeml:eu.emsc/event/20031210_0000021/origin/1353018/mag/2</preferredMagnitudeID>
  <creationInfo>
    <agencyURI>smi:smi-registry/organization/EMSC</agencyURI>
    <authorURI>smi:smi-registry/organization/EMSC</authorURI>
    <creationTime>2014-12-10T18:57:01.617888Z</creationTime>
  </creationInfo>
  <description>
    <text>SWITZERLAND</text>
    <type>Flinn-Engdahl region</type>
  </description>
  <origin publicID="quakeml:eu.emsc/event/20031210_0000021/origin/1353018">
    <time>
      <value>2003-12-10T11:02:53.5Z</value>
    </time>
    <latitude>
      <value>46.843</value>
      <uncertainty>9999.9</uncertainty>
    </latitude>
    <longitude>
      <value>8.624</value>
      <uncertainty>9999.9</uncertainty>
    </longitude>
    <depth>
      <value>0</value>
    </depth>
    <depthType>from location</depthType>
    <methodID>smi:eu.emsc-csem/origin_method/NA</methodID>
    <quality>
      <usedPhaseCount>9</usedPhaseCount>
      <usedStationCount>6</usedStationCount>
      <standardError>1.57</standardError>
      <azimuthalGap>91</azimuthalGap>
      <minimumDistance>0.13</minimumDistance>
      <maximumDistance>0.39</maximumDistance>
    </quality>
    <evaluationMode>manual</evaluationMode>
    <creationInfo>
      <agencyURI>smi:smi-registry/organization/EMSC</agencyURI>
      <authorURI>smi:smi-registry/organization/EMSC</authorURI>
    </creationInfo>
    <originUncertainty>
      <azimuthMaxHorizontalUncertainty>-99</azimuthMaxHorizontalUncertainty>
    </originUncertainty>
  </origin>
  <magnitude publicID="quakeml:eu.emsc/event/20031210_0000021/origin/1353018/mag/2">
    <mag>
      <value>0.9</value>
    </mag>
    <type>ML</type>
    <originID>quakeml:eu.emsc/event/20031210_0000021/origin/1353018</originID>
    <stationCount>5</stationCount>
    <creationInfo>
      <agencyURI>smi:smi-registry/organization/EMSC</agencyURI>
      <authorURI>smi:smi-registry/organization/EMSC</authorURI>
    </creationInfo>
  </magnitude>
</event>
<event publicID="quakeml:eu.emsc/event/20031210_0000024">
  <preferredOriginID>quakeml:eu.emsc/event/20031210_0000024/origin/1353020</preferredOriginID>
  <preferredMagnitudeID>quakeml:eu.emsc/event/20031210_0000024/origin/1353020/mag/2</preferredMagnitudeID>
  <creationInfo>
    <agencyURI>smi:smi-registry/organization/EMSC</agencyURI>
    <authorURI>smi:smi-registry/organization/EMSC</authorURI>
    <creationTime>2014-12-10T18:57:01.122478Z</creationTime>
  </creationInfo>
  <description>
    <text>SWITZERLAND</text>
    <type>Flinn-Engdahl region</type>
  </description>
  <origin publicID="quakeml:eu.emsc/event/20031210_0000024/origin/1353020">
    <time>
      <value>2003-12-10T10:45:13.1Z</value>
    </time>
    <latitude>
      <value>46.203</value>
      <uncertainty>9999.9</uncertainty>
    </latitude>
    <longitude>
      <value>6.984</value>
      <uncertainty>9999.9</uncertainty>
    </longitude>
    <depth>
      <value>0</value>
    </depth>
    <depthType>from location</depthType>
    <methodID>smi:eu.emsc-csem/origin_method/NA</methodID>
    <quality>
      <usedPhaseCount>7</usedPhaseCount>
      <usedStationCount>4</usedStationCount>
      <standardError>0.84</standardError>
      <azimuthalGap>148</azimuthalGap>
      <minimumDistance>0.06</minimumDistance>
      <maximumDistance>0.15</maximumDistance>
    </quality>
    <evaluationMode>manual</evaluationMode>
    <creationInfo>
      <agencyURI>smi:smi-registry/organization/EMSC</agencyURI>
      <authorURI>smi:smi-registry/organization/EMSC</authorURI>
    </creationInfo>
    <originUncertainty>
      <azimuthMaxHorizontalUncertainty>-99</azimuthMaxHorizontalUncertainty>
    </originUncertainty>
  </origin>
  <magnitude publicID="quakeml:eu.emsc/event/20031210_0000024/origin/1353020/mag/2">
    <mag>
      <value>0.8</value>
    </mag>
    <type>ML</type>
    <originID>quakeml:eu.emsc/event/20031210_0000024/origin/1353020</originID>
    <stationCount>3</stationCount>
    <creationInfo>
      <agencyURI>smi:smi-registry/organization/EMSC</agencyURI>
      <authorURI>smi:smi-registry/organization/EMSC</authorURI>
    </creationInfo>
  </magnitude>
</event>
<event publicID="quakeml:eu.emsc/event/20031210_0000007">
  <preferredOriginID>quakeml:eu.emsc/event/20031210_0000007/origin/1352548</preferredOriginID>
  <preferredMagnitudeID>quakeml:eu.emsc/event/20031210_0000007/origin/1352548/mag/2</preferredMagnitudeID>
  <creationInfo>
    <agencyURI>smi:smi-registry/organization/EMSC</agencyURI>
    <authorURI>smi:smi-registry/organization/EMSC</authorURI>
    <creationTime>2014-12-03T12:12:57.562529Z</creationTime>
  </creationInfo>
  <description>
    <text>BULGARIA</text>
    <type>Flinn-Engdahl region</type>
  </description>
  <origin publicID="quakeml:eu.emsc/event/20031210_0000007/origin/1352548">
    <time>
      <value>2003-12-10T10:22:54.6Z</value>
      <uncertainty>0.23</uncertainty>
    </time>
    <latitude>
      <value>41.8709</value>
      <uncertainty>6.5</uncertainty>
    </latitude>
    <longitude>
      <value>23.105</value>
      <uncertainty>5.5</uncertainty>
    </longitude>
    <depth>
      <value>20000</value>
    </depth>
    <depthType>from location</depthType>
    <methodID>smi:eu.emsc-csem/origin_method/NA</methodID>
    <quality>
      <usedPhaseCount>13</usedPhaseCount>
      <usedStationCount>10</usedStationCount>
      <standardError>0.63</standardError>
      <azimuthalGap>94</azimuthalGap>
      <minimumDistance>0.68</minimumDistance>
      <maximumDistance>2.13</maximumDistance>
    </quality>
    <evaluationMode>manual</evaluationMode>
    <creationInfo>
      <agencyURI>smi:smi-registry/organization/EMSC</agencyURI>
      <authorURI>smi:smi-registry/organization/EMSC</authorURI>
    </creationInfo>
    <originUncertainty>
      <azimuthMaxHorizontalUncertainty>168</azimuthMaxHorizontalUncertainty>
    </originUncertainty>
  </origin>
  <magnitude publicID="quakeml:eu.emsc/event/20031210_0000007/origin/1352548/mag/2">
    <mag>
      <value>3.5</value>
    </mag>
    <type>MD</type>
    <originID>quakeml:eu.emsc/event/20031210_0000007/origin/1352548</originID>
    <creationInfo>
      <agencyURI>smi:smi-registry/organization/EMSC</agencyURI>
      <authorURI>smi:smi-registry/organization/EMSC</authorURI>
    </creationInfo>
  </magnitude>
</event>
<event publicID="quakeml:eu.emsc/event/20031210_0000006">
  <preferredOriginID>quakeml:eu.emsc/event/20031210_0000006/origin/1350300</preferredOriginID>
  <preferredMagnitudeID>quakeml:eu.emsc/event/20031210_0000006/origin/1350300/mag/1</preferredMagnitudeID>
  <creationInfo>
    <agencyURI>smi:smi-registry/organization/EMSC</agencyURI>
    <authorURI>smi:smi-registry/organization/EMSC</authorURI>
    <creationTime>2014-12-03T12:06:26.450391Z</creationTime>
  </creationInfo>
  <description>
    <text>AZORES-CAPE ST. VINCENT RIDGE</text>
    <type>Flinn-Engdahl region</type>
  </description>
  <origin publicID="quakeml:eu.emsc/event/20031210_0000006/origin/1350300">
    <time>
      <value>2003-12-10T08:44:53.0Z</value>
      <uncertainty>0.71</uncertainty>
    </time>
    <latitude>
      <value>37.2495</value>
      <uncertainty>14.4</uncertainty>
    </latitude>
    <longitude>
      <value>-12.9375</value>
      <uncertainty>9.1</uncertainty>
    </longitude>
    <depth>
      <value>10000</value>
    </depth>
    <depthType>from location</depthType>
    <methodID>smi:eu.emsc-csem/origin_method/NA</methodID>
    <quality>
      <usedPhaseCount>28</usedPhaseCount>
      <usedStationCount>17</usedStationCount>
      <standardError>1.04</standardError>
      <azimuthalGap>295</azimuthalGap>
      <minimumDistance>3.37</minimumDistance>
      <maximumDistance>8.45</maximumDistance>
    </quality>
    <evaluationMode>manual</evaluationMode>
    <creationInfo>
      <agencyURI>smi:smi-registry/organization/EMSC</agencyURI>
      <authorURI>smi:smi-registry/organization/EMSC</authorURI>
    </creationInfo>
    <originUncertainty>
      <azimuthMaxHorizontalUncertainty>40</azimuthMaxHorizontalUncertainty>
    </originUncertainty>
  </origin>
  <magnitude publicID="quakeml:eu.emsc/event/20031210_0000006/origin/1350300/mag/1">
    <mag>
      <value>3.8</value>
      <uncertainty>0.4</uncertainty>
    </mag>
    <type>ML</type>
    <originID>quakeml:eu.emsc/event/20031210_0000006/origin/1350300</originID>
    <stationCount>6</stationCount>
    <creationInfo>
      <agencyURI>smi:smi-registry/organization/EMSC</agencyURI>
      <authorURI>smi:smi-registry/organization/EMSC</authorURI>
    </creationInfo>
  </magnitude>
</event>
<event publicID="quakeml:eu.emsc/event/20031210_0000017">
  <preferredOriginID>quakeml:eu.emsc/event/20031210_0000017/origin/1363739</preferredOriginID>
  <preferredMagnitudeID>quakeml:eu.emsc/event/20031210_0000017/origin/1363739/mag/2</preferredMagnitudeID>
  <creationInfo>
    <agencyURI>smi:smi-registry/organization/EMSC</agencyURI>
    <authorURI>smi:smi-registry/organization/EMSC</authorURI>
    <creationTime>2014-12-10T18:57:00.648909Z</creationTime>
  </creationInfo>
  <description>
    <text>SWITZERLAND</text>
    <type>Flinn-Engdahl region</type>
  </description>
  <origin publicID="quakeml:eu.emsc/event/20031210_0000017/origin/1363739">
    <time>
      <value>2003-12-10T08:26:20.2Z</value>
    </time>
    <latitude>
      <value>46.87</value>
      <uncertainty>9999.9</uncertainty>
    </latitude>
    <longitude>
      <value>9.502</value>
      <uncertainty>9999.9</uncertainty>
    </longitude>
    <depth>
      <value>0</value>
    </depth>
    <depthType>from location</depthType>
    <methodID>smi:eu.emsc-csem/origin_method/NA</methodID>
    <quality>
      <usedPhaseCount>5</usedPhaseCount>
      <usedStationCount>3</usedStationCount>
      <standardError>1.36</standardError>
      <azimuthalGap>161</azimuthalGap>
      <minimumDistance>0.2</minimumDistance>
      <maximumDistance>0.71</maximumDistance>
    </quality>
    <evaluationMode>manual</evaluationMode>
    <creationInfo>
      <agencyURI>smi:smi-registry/organization/EMSC</agencyURI>
      <authorURI>smi:smi-registry/organization/EMSC</authorURI>
    </creationInfo>
    <originUncertainty>
      <azimuthMaxHorizontalUncertainty>-99</azimuthMaxHorizontalUncertainty>
    </originUncertainty>
  </origin>
  <magnitude publicID="quakeml:eu.emsc/event/20031210_0000017/origin/1363739/mag/2">
    <mag>
      <value>1.1</value>
    </mag>
    <type>ML</type>
    <originID>quakeml:eu.emsc/event/20031210_0000017/origin/1363739</originID>
    <stationCount>4</stationCount>
    <creationInfo>
      <agencyURI>smi:smi-registry/organization/EMSC</agencyURI>
      <authorURI>smi:smi-registry/organization/EMSC</authorURI>
    </creationInfo>
  </magnitude>
</event>
<event publicID="quakeml:eu.emsc/event/20031210_0000005">
  <preferredOriginID>quakeml:eu.emsc/event/20031210_0000005/origin/1363741</preferredOriginID>
  <preferredMagnitudeID>quakeml:eu.emsc/event/20031210_0000005/origin/1363741/mag/2</preferredMagnitudeID>
  <creationInfo>
    <agencyURI>smi:smi-registry/organization/EMSC</agencyURI>
    <authorURI>smi:smi-registry/organization/EMSC</authorURI>
    <creationTime>2014-12-10T22:26:14.60573Z</creationTime>
  </creationInfo>
  <description>
    <text>SOUTHERN GREECE</text>
    <type>Flinn-Engdahl region</type>
  </description>
  <origin publicID="quakeml:eu.emsc/event/20031210_0000005/origin/1363741">
    <time>
      <value>2003-12-10T07:56:29.9Z</value>
    </time>
    <latitude>
      <value>37.01</value>
      <uncertainty>9999.9</uncertainty>
    </latitude>
    <longitude>
      <value>23.71</value>
      <uncertainty>9999.9</uncertainty>
    </longitude>
    <depth>
      <value>97000</value>
    </depth>
    <depthType>from location</depthType>
    <methodID>smi:eu.emsc-csem/origin_method/NA</methodID>
    <quality>
      <usedPhaseCount>17</usedPhaseCount>
      <usedStationCount>13</usedStationCount>
      <standardError>0.97</standardError>
      <azimuthalGap>86</azimuthalGap>
      <minimumDistance>0.68</minimumDistance>
      <maximumDistance>85.05</maximumDistance>
    </quality>
    <evaluationMode>manual</evaluationMode>
    <creationInfo>
      <agencyURI>smi:smi-registry/organization/EMSC</agencyURI>
      <authorURI>smi:smi-registry/organization/EMSC</authorURI>
    </creationInfo>
    <originUncertainty>
      <azimuthMaxHorizontalUncertainty>-99</azimuthMaxHorizontalUncertainty>
    </originUncertainty>
  </origin>
  <magnitude publicID="quakeml:eu.emsc/event/20031210_0000005/origin/1363741/mag/2">
    <mag>
      <value>3.2</value>
    </mag>
    <type>ML</type>
    <originID>quakeml:eu.emsc/event/20031210_0000005/origin/1363741</originID>
    <creationInfo>
      <agencyURI>smi:smi-registry/organization/EMSC</agencyURI>
      <authorURI>smi:smi-registry/organization/EMSC</authorURI>
    </creationInfo>
  </magnitude>
</event>
<event publicID="quakeml:eu.emsc/event/20031210_0000004">
  <preferredOriginID>quakeml:eu.emsc/event/20031210_0000004/origin/1350303</preferredOriginID>
  <preferredMagnitudeID>quakeml:eu.emsc/event/20031210_0000004/origin/1350303/mag/1</preferredMagnitudeID>
  <creationInfo>
    <agencyURI>smi:smi-registry/organization/EMSC</agencyURI>
    <authorURI>smi:smi-registry/organization/EMSC</authorURI>
    <creationTime>2014-12-03T11:45:05.80196Z</creationTime>
  </creationInfo>
  <description>
    <text>PORTUGAL</text>
    <type>Flinn-Engdahl region</type>
  </description>
  <origin publicID="quakeml:eu.emsc/event/20031210_0000004/origin/1350303">
    <time>
      <value>2003-12-10T07:13:49.6Z</value>
      <uncertainty>0.23</uncertainty>
    </time>
    <latitude>
      <value>38.3512</value>
      <uncertainty>5.4</uncertainty>
    </latitude>
    <longitude>
      <value>-7.2679</value>
      <uncertainty>3.4</uncertainty>
    </longitude>
    <depth>
      <value>2000</value>
    </depth>
    <depthType>from location</depthType>
    <methodID>smi:eu.emsc-csem/origin_method/NA</methodID>
    <quality>
      <usedPhaseCount>41</usedPhaseCount>
      <usedStationCount>26</usedStationCount>
      <standardError>0.87</standardError>
      <azimuthalGap>152</azimuthalGap>
      <minimumDistance>0.75</minimumDistance>
      <maximumDistance>10.47</maximumDistance>
    </quality>
    <evaluationMode>manual</evaluationMode>
    <creationInfo>
      <agencyURI>smi:smi-registry/organization/EMSC</agencyURI>
      <authorURI>smi:smi-registry/organization/EMSC</authorURI>
    </creationInfo>
    <originUncertainty>
      <azimuthMaxHorizontalUncertainty>74</azimuthMaxHorizontalUncertainty>
    </originUncertainty>
  </origin>
  <magnitude publicID="quakeml:eu.emsc/event/20031210_0000004/origin/1350303/mag/1">
    <mag>
      <value>3</value>
      <uncertainty>0.4</uncertainty>
    </mag>
    <type>ML</type>
    <originID>quakeml:eu.emsc/event/20031210_0000004/origin/1350303</originID>
    <stationCount>9</stationCount>
    <creationInfo>
      <agencyURI>smi:smi-registry/organization/EMSC</agencyURI>
      <authorURI>smi:smi-registry/organization/EMSC</authorURI>
    </creationInfo>
  </magnitude>
</event>
<event publicID="quakeml:eu.emsc/event/20031210_0000003">
  <preferredOriginID>quakeml:eu.emsc/event/20031210_0000003/origin/1353022</preferredOriginID>
  <preferredMagnitudeID>quakeml:eu.emsc/event/20031210_0000003/origin/1353022/mag/2</preferredMagnitudeID>
  <creationInfo>
    <agencyURI>smi:smi-registry/organization/EMSC</agencyURI>
    <authorURI>smi:smi-registry/organization/EMSC</authorURI>
    <creationTime>2014-12-10T22:26:07.906466Z</creationTime>
  </creationInfo>
  <description>
    <text>CANARY ISLANDS, SPAIN REGION</text>
    <type>Flinn-Engdahl region</type>
  </description>
  <origin publicID="quakeml:eu.emsc/event/20031210_0000003/origin/1353022">
    <time>
      <value>2003-12-10T07:01:09.0Z</value>
    </time>
    <latitude>
      <value>28.0416</value>
      <uncertainty>9999.9</uncertainty>
    </latitude>
    <longitude>
      <value>-16.1742</value>
      <uncertainty>9999.9</uncertainty>
    </longitude>
    <depth>
      <value>16900.0</value>
    </depth>
    <depthType>from location</depthType>
    <methodID>smi:eu.emsc-csem/origin_method/NA</methodID>
    <quality>
      <usedPhaseCount>11</usedPhaseCount>
      <usedStationCount>6</usedStationCount>
      <standardError>2.86</standardError>
      <azimuthalGap>190</azimuthalGap>
      <minimumDistance>0.42</minimumDistance>
      <maximumDistance>1.88</maximumDistance>
    </quality>
    <evaluationMode>manual</evaluationMode>
    <creationInfo>
      <agencyURI>smi:smi-registry/organization/EMSC</agencyURI>
      <authorURI>smi:smi-registry/organization/EMSC</authorURI>
    </creationInfo>
    <originUncertainty>
      <azimuthMaxHorizontalUncertainty>-99</azimuthMaxHorizontalUncertainty>
    </originUncertainty>
  </origin>
  <magnitude publicID="quakeml:eu.emsc/event/20031210_0000003/origin/1353022/mag/2">
    <mag>
      <value>3.4</value>
      <uncertainty>0.3</uncertainty>
    </mag>
    <type>mb</type>
    <originID>quakeml:eu.emsc/event/20031210_0000003/origin/1353022</originID>
    <stationCount>5</stationCount>
    <creationInfo>
      <agencyURI>smi:smi-registry/organization/EMSC</agencyURI>
      <authorURI>smi:smi-registry/organization/EMSC</authorURI>
    </creationInfo>
  </magnitude>
</event>
<event publicID="quakeml:eu.emsc/event/20031210_0000015">
  <preferredOriginID>quakeml:eu.emsc/event/20031210_0000015/origin/1353024</preferredOriginID>
  <preferredMagnitudeID>quakeml:eu.emsc/event/20031210_0000015/origin/1353024/mag/2</preferredMagnitudeID>
  <creationInfo>
    <agencyURI>smi:smi-registry/organization/EMSC</agencyURI>
    <authorURI>smi:smi-registry/organization/EMSC</authorURI>
    <creationTime>2014-12-10T18:57:00.169664Z</creationTime>
  </creationInfo>
  <description>
    <text>FRANCE</text>
    <type>Flinn-Engdahl region</type>
  </description>
  <origin publicID="quakeml:eu.emsc/event/20031210_0000015/origin/1353024">
    <time>
      <value>2003-12-10T06:51:37.2Z</value>
    </time>
    <latitude>
      <value>44.8827</value>
      <uncertainty>9999.9</uncertainty>
    </latitude>
    <longitude>
      <value>6.612</value>
      <uncertainty>9999.9</uncertainty>
    </longitude>
    <depth>
      <value>2000</value>
    </depth>
    <depthType>from location</depthType>
    <methodID>smi:eu.emsc-csem/origin_method/NA</methodID>
    <quality>
      <usedPhaseCount>9</usedPhaseCount>
      <usedStationCount>6</usedStationCount>
      <standardError>0.36</standardError>
      <azimuthalGap>134</azimuthalGap>
      <minimumDistance>0.19</minimumDistance>
      <maximumDistance>1.38</maximumDistance>
    </quality>
    <evaluationMode>manual</evaluationMode>
    <creationInfo>
      <agencyURI>smi:smi-registry/organization/EMSC</agencyURI>
      <authorURI>smi:smi-registry/organization/EMSC</authorURI>
    </creationInfo>
    <originUncertainty>
      <azimuthMaxHorizontalUncertainty>-99</azimuthMaxHorizontalUncertainty>
    </originUncertainty>
  </origin>
  <magnitude publicID="quakeml:eu.emsc/event/20031210_0000015/origin/1353024/mag/2">
    <mag>
      <value>1.5</value>
      <uncertainty>0.1</uncertainty>
    </mag>
    <type>ML</type>
    <originID>quakeml:eu.emsc/event/20031210_0000015/origin/1353024</originID>
    <stationCount>2</stationCount>
    <creationInfo>
      <agencyURI>smi:smi-registry/organization/EMSC</agencyURI>
      <authorURI>smi:smi-registry/organization/EMSC</authorURI>
    </creationInfo>
  </magnitude>
</event>
<event publicID="quakeml:eu.emsc/event/20031210_0000019">
  <preferredOriginID>quakeml:eu.emsc/event/20031210_0000019/origin/1353026</preferredOriginID>
  <preferredMagnitudeID>quakeml:eu.emsc/event/20031210_0000019/origin/1353026/mag/2</preferredMagnitudeID>
  <creationInfo>
    <agencyURI>smi:smi-registry/organization/EMSC</agencyURI>
    <authorURI>smi:smi-registry/organization/EMSC</authorURI>
    <creationTime>2014-12-10T18:59:19.475635Z</creationTime>
  </creationInfo>
  <description>
    <text>FRANCE</text>
    <type>Flinn-Engdahl region</type>
  </description>
  <origin publicID="quakeml:eu.emsc/event/20031210_0000019/origin/1353026">
    <time>
      <value>2003-12-10T06:19:18.3Z</value>
    </time>
    <latitude>
      <value>48.35</value>
      <uncertainty>9999.9</uncertainty>
    </latitude>
    <longitude>
      <value>6.64</value>
      <uncertainty>9999.9</uncertainty>
    </longitude>
    <depth>
      <value>5000</value>
    </depth>
    <depthType>from location</depthType>
    <methodID>smi:eu.emsc-csem/origin_method/NA</methodID>
    <quality>
      <usedPhaseCount>8</usedPhaseCount>
      <usedStationCount>5</usedStationCount>
      <standardError>0.29</standardError>
      <azimuthalGap>187</azimuthalGap>
      <minimumDistance>0.37</minimumDistance>
      <maximumDistance>1.03</maximumDistance>
    </quality>
    <evaluationMode>manual</evaluationMode>
    <creationInfo>
      <agencyURI>smi:smi-registry/organization/EMSC</agencyURI>
      <authorURI>smi:smi-registry/organization/EMSC</authorURI>
    </creationInfo>
    <originUncertainty>
      <azimuthMaxHorizontalUncertainty>-99</azimuthMaxHorizontalUncertainty>
    </originUncertainty>
  </origin>
  <magnitude publicID="quakeml:eu.emsc/event/20031210_0000019/origin/1353026/mag/2">
    <mag>
      <value>1.5</value>
    </mag>
    <type>ML</type>
    <originID>quakeml:eu.emsc/event/20031210_0000019/origin/1353026</originID>
    <creationInfo>
      <agencyURI>smi:smi-registry/organization/EMSC</agencyURI>
      <authorURI>smi:smi-registry/organization/EMSC</authorURI>
    </creationInfo>
  </magnitude>
</event>
<event publicID="quakeml:eu.emsc/event/20031210_0000022">
  <preferredOriginID>quakeml:eu.emsc/event/20031210_0000022/origin/1349904</preferredOriginID>
  <preferredMagnitudeID>quakeml:eu.emsc/event/20031210_0000022/origin/1349904/mag/1</preferredMagnitudeID>
  <creationInfo>
    <agencyURI>smi:smi-registry/organization/EMSC</agencyURI>
    <authorURI>smi:smi-registry/organization/EMSC</authorURI>
    <creationTime>2014-12-03T16:46:11.29545Z</creationTime>
  </creationInfo>
  <description>
    <text>PYRENEES</text>
    <type>Flinn-Engdahl region</type>
  </description>
  <origin publicID="quakeml:eu.emsc/event/20031210_0000022/origin/1349904">
    <time>
      <value>2003-12-10T06:17:40.9Z</value>
      <uncertainty>0.11</uncertainty>
    </time>
    <latitude>
      <value>43.0707</value>
      <uncertainty>2.4</uncertainty>
    </latitude>
    <longitude>
      <value>-0.0708</value>
      <uncertainty>1.7</uncertainty>
    </longitude>
    <depth>
      <value>10000</value>
    </depth>
    <depthType>from location</depthType>
    <methodID>smi:eu.emsc-csem/origin_method/NA</methodID>
    <quality>
      <usedPhaseCount>63</usedPhaseCount>
      <usedStationCount>32</usedStationCount>
      <standardError>0.85</standardError>
      <azimuthalGap>76</azimuthalGap>
      <minimumDistance>0.11</minimumDistance>
      <maximumDistance>4.06</maximumDistance>
    </quality>
    <evaluationMode>manual</evaluationMode>
    <creationInfo>
      <agencyURI>smi:smi-registry/organization/EMSC</agencyURI>
      <authorURI>smi:smi-registry/organization/EMSC</authorURI>
    </creationInfo>
    <originUncertainty>
      <azimuthMaxHorizontalUncertainty>7</azimuthMaxHorizontalUncertainty>
    </originUncertainty>
  </origin>
  <magnitude publicID="quakeml:eu.emsc/event/20031210_0000022/origin/1349904/mag/1">
    <mag>
      <value>2.6</value>
      <uncertainty>0.4</uncertainty>
    </mag>
    <type>ML</type>
    <originID>quakeml:eu.emsc/event/20031210_0000022/origin/1349904</originID>
    <stationCount>23</stationCount>
    <creationInfo>
      <agencyURI>smi:smi-registry/organization/EMSC</agencyURI>
      <authorURI>smi:smi-registry/organization/EMSC</authorURI>
    </creationInfo>
  </magnitude>
</event>
<event publicID="quakeml:eu.emsc/event/20031210_0000002">
  <preferredOriginID>quakeml:eu.emsc/event/20031210_0000002/origin/1364281</preferredOriginID>
  <preferredMagnitudeID>quakeml:eu.emsc/event/20031210_0000002/origin/1364281/mag/1</preferredMagnitudeID>
  <creationInfo>
    <agencyURI>smi:smi-registry/organization/EMSC</agencyURI>
    <authorURI>smi:smi-registry/organization/EMSC</authorURI>
    <creationTime>2014-12-03T11:05:55.629607Z</creationTime>
  </creationInfo>
  <description>
    <text>CRETE, GREECE</text>
    <type>Flinn-Engdahl region</type>
  </description>
  <origin publicID="quakeml:eu.emsc/event/20031210_0000002/origin/1364281">
    <time>
      <value>2003-12-10T05:42:24.3Z</value>
      <uncertainty>0.31</uncertainty>
    </time>
    <latitude>
      <value>34.7756</value>
      <uncertainty>10.8</uncertainty>
    </latitude>
    <longitude>
      <value>25.9774</value>
      <uncertainty>4.7</uncertainty>
    </longitude>
    <depth>
      <value>10000</value>
    </depth>
    <depthType>from location</depthType>
    <methodID>smi:eu.emsc-csem/origin_method/NA</methodID>
    <quality>
      <usedPhaseCount>63</usedPhaseCount>
      <usedStationCount>63</usedStationCount>
      <standardError>1.02</standardError>
      <azimuthalGap>144</azimuthalGap>
      <minimumDistance>1.24</minimumDistance>
      <maximumDistance>40.3</maximumDistance>
    </quality>
    <evaluationMode>manual</evaluationMode>
    <creationInfo>
      <agencyURI>smi:smi-registry/organization/EMSC</agencyURI>
      <authorURI>smi:smi-registry/organization/EMSC</authorURI>
    </creationInfo>
    <originUncertainty>
      <azimuthMaxHorizontalUncertainty>2</azimuthMaxHorizontalUncertainty>
    </originUncertainty>
  </origin>
  <magnitude publicID="quakeml:eu.emsc/event/20031210_0000002/origin/1364281/mag/1">
    <mag>
      <value>4.4</value>
      <uncertainty>0.1</uncertainty>
    </mag>
    <type>mb</type>
    <originID>quakeml:eu.emsc/event/20031210_0000002/origin/1364281</originID>
    <stationCount>7</stationCount>
    <creationInfo>
      <agencyURI>smi:smi-registry/organization/EMSC</agencyURI>
      <authorURI>smi:smi-registry/organization/EMSC</authorURI>
    </creationInfo>
  </magnitude>
</event>
<event publicID="quakeml:eu.emsc/event/20031210_0000001">
  <preferredOriginID>quakeml:eu.emsc/event/20031210_0000001/origin/1350305</preferredOriginID>
  <preferredMagnitudeID>quakeml:eu.emsc/event/20031210_0000001/origin/1350305/mag/2</preferredMagnitudeID>
  <creationInfo>
    <agencyURI>smi:smi-registry/organization/EMSC</agencyURI>
    <authorURI>smi:smi-registry/organization/EMSC</authorURI>
    <creationTime>2014-12-03T11:12:49.243824Z</creationTime>
  </creationInfo>
  <description>
    <text>CRETE, GREECE</text>
    <type>Flinn-Engdahl region</type>
  </description>
  <origin publicID="quakeml:eu.emsc/event/20031210_0000001/origin/1350305">
    <time>
      <value>2003-12-10T01:49:05.6Z</value>
      <uncertainty>1.33</uncertainty>
    </time>
    <latitude>
      <value>34.9828</value>
      <uncertainty>37.8</uncertainty>
    </latitude>
    <longitude>
      <value>25.0745</value>
      <uncertainty>15.7</uncertainty>
    </longitude>
    <depth>
      <value>2000</value>
    </depth>
    <depthType>from location</depthType>
    <methodID>smi:eu.emsc-csem/origin_method/NA</methodID>
    <quality>
      <usedPhaseCount>9</usedPhaseCount>
      <usedStationCount>9</usedStationCount>
      <standardError>1.52</standardError>
      <azimuthalGap>199</azimuthalGap>
      <minimumDistance>0.52</minimumDistance>
      <maximumDistance>3.84</maximumDistance>
    </quality>
    <evaluationMode>manual</evaluationMode>
    <creationInfo>
      <agencyURI>smi:smi-registry/organization/EMSC</agencyURI>
      <authorURI>smi:smi-registry/organization/EMSC</authorURI>
    </creationInfo>
    <originUncertainty>
      <azimuthMaxHorizontalUncertainty>14</azimuthMaxHorizontalUncertainty>
    </originUncertainty>
  </origin>
  <magnitude publicID="quakeml:eu.emsc/event/20031210_0000001/origin/1350305/mag/2">
    <mag>
      <value>3.7</value>
    </mag>
    <type>MD</type>
    <originID>quakeml:eu.emsc/event/20031210_0000001/origin/1350305</originID>
    <creationInfo>
      <agencyURI>smi:smi-registry/organization/EMSC</agencyURI>
      <authorURI>smi:smi-registry/organization/EMSC</authorURI>
    </creationInfo>
  </magnitude>
</event>
</eventParameters>
</q:quakeml>
