<?xml version="1.0"?>
<q:quakeml xmlns:q="http://quakeml.org/xmlns/quakeml/1.2"  xmlns="http://quakeml.org/xmlns/bed/1.2">
<eventParameters publicID="smi:eu.emsc/unid">
<event publicID="quakeml:eu.emsc/event/20030302_0000018">
  <preferredOriginID>quakeml:eu.emsc/event/20030302_0000018/origin/1359966</preferredOriginID>
  <preferredMagnitudeID>quakeml:eu.emsc/event/20030302_0000018/origin/1359966/mag/2</preferredMagnitudeID>
  <creationInfo>
    <agencyURI>smi:smi-registry/organization/EMSC</agencyURI>
    <authorURI>smi:smi-registry/organization/EMSC</authorURI>
    <creationTime>2014-12-10T18:58:06.165159Z</creationTime>
  </creationInfo>
  <description>
    <text>PYRENEES</text>
    <type>Flinn-Engdahl region</type>
  </description>
  <origin publicID="quakeml:eu.emsc/event/20030302_0000018/origin/1359966">
    <time>
      <value>2003-03-02T23:33:22.7Z</value>
    </time>
    <latitude>
      <value>42.848</value>
      <uncertainty>9999.9</uncertainty>
    </latitude>
    <longitude>
      <value>-1.3439</value>
      <uncertainty>9999.9</uncertainty>
    </longitude>
    <depth>
      <value>19000</value>
    </depth>
    <depthType>from location</depthType>
    <methodID>smi:eu.emsc-csem/origin_method/NA</methodID>
    <quality>
      <usedPhaseCount>10</usedPhaseCount>
      <usedStationCount>5</usedStationCount>
      <standardError>2.07</standardError>
      <azimuthalGap>169</azimuthalGap>
      <minimumDistance>0.34</minimumDistance>
      <maximumDistance>2.57</maximumDistance>
    </quality>
    <evaluationMode>manual</evaluationMode>
    <creationInfo>
      <agencyURI>smi:smi-registry/organization/EMSC</agencyURI>
      <authorURI>smi:smi-registry/organization/EMSC</authorURI>
    </creationInfo>
    <originUncertainty>
      <azimuthMaxHorizontalUncertainty>-99</azimuthMaxHorizontalUncertainty>
    </originUncertainty>
  </origin>
  <magnitude publicID="quakeml:eu.emsc/event/20030302_0000018/origin/1359966/mag/2">
    <mag>
      <value>1.7</value>
    </mag>
    <type>ML</type>
    <originID>quakeml:eu.emsc/event/20030302_0000018/origin/1359966</originID>
    <creationInfo>
      <agencyURI>smi:smi-registry/organization/EMSC</agencyURI>
      <authorURI>smi:smi-registry/organization/EMSC</authorURI>
    </creationInfo>
  </magnitude>
</event>
<event publicID="quakeml:eu.emsc/event/20030302_0000015">
  <preferredOriginID>quakeml:eu.emsc/event/20030302_0000015/origin/1375503</preferredOriginID>
  <preferredMagnitudeID>quakeml:eu.emsc/event/20030302_0000015/origin/1375503/mag/2</preferredMagnitudeID>
  <creationInfo>
    <agencyURI>smi:smi-registry/organization/EMSC</agencyURI>
    <authorURI>smi:smi-registry/organization/EMSC</authorURI>
    <creationTime>2014-12-03T11:11:09.56136Z</creationTime>
  </creationInfo>
  <description>
    <text>GREECE</text>
    <type>Flinn-Engdahl region</type>
  </description>
  <origin publicID="quakeml:eu.emsc/event/20030302_0000015/origin/1375503">
    <time>
      <value>2003-03-02T23:04:13.9Z</value>
      <uncertainty>1.07</uncertainty>
    </time>
    <latitude>
      <value>39.5868</value>
      <uncertainty>26.3</uncertainty>
    </latitude>
    <longitude>
      <value>20.4679</value>
      <uncertainty>19.1</uncertainty>
    </longitude>
    <depth>
      <value>54700.0</value>
      <uncertainty>15.7</uncertainty>
    </depth>
    <depthType>from location</depthType>
    <methodID>smi:eu.emsc-csem/origin_method/NA</methodID>
    <quality>
      <usedPhaseCount>9</usedPhaseCount>
      <usedStationCount>6</usedStationCount>
      <standardError>1.56</standardError>
      <azimuthalGap>107</azimuthalGap>
      <minimumDistance>0.3</minimumDistance>
      <maximumDistance>10.64</maximumDistance>
    </quality>
    <evaluationMode>manual</evaluationMode>
    <creationInfo>
      <agencyURI>smi:smi-registry/organization/EMSC</agencyURI>
      <authorURI>smi:smi-registry/organization/EMSC</authorURI>
    </creationInfo>
    <originUncertainty>
      <azimuthMaxHorizontalUncertainty>72</azimuthMaxHorizontalUncertainty>
    </originUncertainty>
  </origin>
  <magnitude publicID="quakeml:eu.emsc/event/20030302_0000015/origin/1375503/mag/2">
    <mag>
      <value>3.1</value>
    </mag>
    <type>MD</type>
    <originID>quakeml:eu.emsc/event/20030302_0000015/origin/1375503</originID>
    <creationInfo>
      <agencyURI>smi:smi-registry/organization/EMSC</agencyURI>
      <authorURI>smi:smi-registry/organization/EMSC</authorURI>
    </creationInfo>
  </magnitude>
</event>
<event publicID="quakeml:eu.emsc/event/20030302_0000013">
  <preferredOriginID>quakeml:eu.emsc/event/20030302_0000013/origin/1359968</preferredOriginID>
  <preferredMagnitudeID>quakeml:eu.emsc/event/20030302_0000013/origin/1359968/mag/2</preferredMagnitudeID>
  <creationInfo>
    <agencyURI>smi:smi-registry/organization/EMSC</agencyURI>
    <authorURI>smi:smi-registry/organization/EMSC</authorURI>
    <creationTime>2014-12-10T19:10:50.104456Z</creationTime>
  </creationInfo>
  <description>
    <text>EASTERN TURKEY</text>
    <type>Flinn-Engdahl region</type>
  </description>
  <origin publicID="quakeml:eu.emsc/event/20030302_0000013/origin/1359968">
    <time>
      <value>2003-03-02T22:14:43.3Z</value>
    </time>
    <latitude>
      <value>38.551</value>
      <uncertainty>9999.9</uncertainty>
    </latitude>
    <longitude>
      <value>43.65</value>
      <uncertainty>9999.9</uncertainty>
    </longitude>
    <depth>
      <value>10000</value>
    </depth>
    <depthType>from location</depthType>
    <methodID>smi:eu.emsc-csem/origin_method/NA</methodID>
    <quality>
      <usedPhaseCount>5</usedPhaseCount>
      <usedStationCount>5</usedStationCount>
      <standardError>3.07</standardError>
      <azimuthalGap>272</azimuthalGap>
      <minimumDistance>0.33</minimumDistance>
      <maximumDistance>2.77</maximumDistance>
    </quality>
    <evaluationMode>manual</evaluationMode>
    <creationInfo>
      <agencyURI>smi:smi-registry/organization/EMSC</agencyURI>
      <authorURI>smi:smi-registry/organization/EMSC</authorURI>
    </creationInfo>
    <originUncertainty>
      <azimuthMaxHorizontalUncertainty>-99</azimuthMaxHorizontalUncertainty>
    </originUncertainty>
  </origin>
  <magnitude publicID="quakeml:eu.emsc/event/20030302_0000013/origin/1359968/mag/2">
    <mag>
      <value>3.4</value>
    </mag>
    <type>MD</type>
    <originID>quakeml:eu.emsc/event/20030302_0000013/origin/1359968</originID>
    <creationInfo>
      <agencyURI>smi:smi-registry/organization/EMSC</agencyURI>
      <authorURI>smi:smi-registry/organization/EMSC</authorURI>
    </creationInfo>
  </magnitude>
</event>
<event publicID="quakeml:eu.emsc/event/20030302_0000012">
  <preferredOriginID>quakeml:eu.emsc/event/20030302_0000012/origin/1359970</preferredOriginID>
  <preferredMagnitudeID>quakeml:eu.emsc/event/20030302_0000012/origin/1359970/mag/2</preferredMagnitudeID>
  <creationInfo>
    <agencyURI>smi:smi-registry/organization/EMSC</agencyURI>
    <authorURI>smi:smi-registry/organization/EMSC</authorURI>
    <creationTime>2014-12-10T19:10:48.57076Z</creationTime>
  </creationInfo>
  <description>
    <text>NEAR THE COAST OF WESTERN TURKEY</text>
    <type>Flinn-Engdahl region</type>
  </description>
  <origin publicID="quakeml:eu.emsc/event/20030302_0000012/origin/1359970">
    <time>
      <value>2003-03-02T22:02:38.2Z</value>
    </time>
    <latitude>
      <value>38.97</value>
      <uncertainty>9999.9</uncertainty>
    </latitude>
    <longitude>
      <value>26.33</value>
      <uncertainty>9999.9</uncertainty>
    </longitude>
    <depth>
      <value>21000</value>
    </depth>
    <depthType>from location</depthType>
    <methodID>smi:eu.emsc-csem/origin_method/NA</methodID>
    <quality>
      <usedPhaseCount>6</usedPhaseCount>
      <usedStationCount>4</usedStationCount>
      <standardError>2.04</standardError>
      <azimuthalGap>171</azimuthalGap>
      <minimumDistance>0.28</minimumDistance>
      <maximumDistance>2.26</maximumDistance>
    </quality>
    <evaluationMode>manual</evaluationMode>
    <creationInfo>
      <agencyURI>smi:smi-registry/organization/EMSC</agencyURI>
      <authorURI>smi:smi-registry/organization/EMSC</authorURI>
    </creationInfo>
    <originUncertainty>
      <azimuthMaxHorizontalUncertainty>-99</azimuthMaxHorizontalUncertainty>
    </originUncertainty>
  </origin>
  <magnitude publicID="quakeml:eu.emsc/event/20030302_0000012/origin/1359970/mag/2">
    <mag>
      <value>3.1</value>
    </mag>
    <type>MD</type>
    <originID>quakeml:eu.emsc/event/20030302_0000012/origin/1359970</originID>
    <creationInfo>
      <agencyURI>smi:smi-registry/organization/EMSC</agencyURI>
      <authorURI>smi:smi-registry/organization/EMSC</authorURI>
    </creationInfo>
  </magnitude>
</event>
<event publicID="quakeml:eu.emsc/event/20030302_0000011">
  <preferredOriginID>quakeml:eu.emsc/event/20030302_0000011/origin/1359972</preferredOriginID>
  <preferredMagnitudeID>quakeml:eu.emsc/event/20030302_0000011/origin/1359972/mag/2</preferredMagnitudeID>
  <creationInfo>
    <agencyURI>smi:smi-registry/organization/EMSC</agencyURI>
    <authorURI>smi:smi-registry/organization/EMSC</authorURI>
    <creationTime>2014-12-10T19:10:45.12917Z</creationTime>
  </creationInfo>
  <description>
    <text>SPAIN</text>
    <type>Flinn-Engdahl region</type>
  </description>
  <origin publicID="quakeml:eu.emsc/event/20030302_0000011/origin/1359972">
    <time>
      <value>2003-03-02T19:44:15.8Z</value>
    </time>
    <latitude>
      <value>39.1838</value>
      <uncertainty>9999.9</uncertainty>
    </latitude>
    <longitude>
      <value>-0.7414</value>
      <uncertainty>9999.9</uncertainty>
    </longitude>
    <depth>
      <value>10400.0</value>
    </depth>
    <depthType>from location</depthType>
    <methodID>smi:eu.emsc-csem/origin_method/NA</methodID>
    <quality>
      <usedPhaseCount>15</usedPhaseCount>
      <usedStationCount>9</usedStationCount>
      <standardError>1.17</standardError>
      <azimuthalGap>129</azimuthalGap>
      <minimumDistance>0.44</minimumDistance>
      <maximumDistance>2.29</maximumDistance>
    </quality>
    <evaluationMode>manual</evaluationMode>
    <creationInfo>
      <agencyURI>smi:smi-registry/organization/EMSC</agencyURI>
      <authorURI>smi:smi-registry/organization/EMSC</authorURI>
    </creationInfo>
    <originUncertainty>
      <azimuthMaxHorizontalUncertainty>-99</azimuthMaxHorizontalUncertainty>
    </originUncertainty>
  </origin>
  <magnitude publicID="quakeml:eu.emsc/event/20030302_0000011/origin/1359972/mag/2">
    <mag>
      <value>2.1</value>
      <uncertainty>0.1</uncertainty>
    </mag>
    <type>mb</type>
    <originID>quakeml:eu.emsc/event/20030302_0000011/origin/1359972</originID>
    <stationCount>11</stationCount>
    <creationInfo>
      <agencyURI>smi:smi-registry/organization/EMSC</agencyURI>
      <authorURI>smi:smi-registry/organization/EMSC</authorURI>
    </creationInfo>
  </magnitude>
</event>
<event publicID="quakeml:eu.emsc/event/20030302_0000010">
  <preferredOriginID>quakeml:eu.emsc/event/20030302_0000010/origin/1536573</preferredOriginID>
  <preferredMagnitudeID>quakeml:eu.emsc/event/20030302_0000010/origin/1536573/mag/1</preferredMagnitudeID>
  <creationInfo>
    <agencyURI>smi:smi-registry/organization/EMSC</agencyURI>
    <authorURI>smi:smi-registry/organization/EMSC</authorURI>
    <creationTime>2014-12-03T12:04:56.916167Z</creationTime>
  </creationInfo>
  <description>
    <text>THE NETHERLANDS</text>
    <type>Flinn-Engdahl region</type>
  </description>
  <origin publicID="quakeml:eu.emsc/event/20030302_0000010/origin/1536573">
    <time>
      <value>2003-03-02T17:44:21.9Z</value>
      <uncertainty>0.17</uncertainty>
    </time>
    <latitude>
      <value>50.9703</value>
      <uncertainty>3.4</uncertainty>
    </latitude>
    <longitude>
      <value>5.875</value>
      <uncertainty>2.6</uncertainty>
    </longitude>
    <depth>
      <value>15000</value>
    </depth>
    <depthType>from location</depthType>
    <methodID>smi:eu.emsc-csem/origin_method/NA</methodID>
    <quality>
      <usedPhaseCount>89</usedPhaseCount>
      <usedStationCount>42</usedStationCount>
      <standardError>1.24</standardError>
      <azimuthalGap>129</azimuthalGap>
      <minimumDistance>0.21</minimumDistance>
      <maximumDistance>6.64</maximumDistance>
    </quality>
    <evaluationMode>manual</evaluationMode>
    <creationInfo>
      <agencyURI>smi:smi-registry/organization/EMSC</agencyURI>
      <authorURI>smi:smi-registry/organization/EMSC</authorURI>
    </creationInfo>
    <originUncertainty>
      <azimuthMaxHorizontalUncertainty>150</azimuthMaxHorizontalUncertainty>
    </originUncertainty>
  </origin>
  <magnitude publicID="quakeml:eu.emsc/event/20030302_0000010/origin/1536573/mag/1">
    <mag>
      <value>3</value>
      <uncertainty>0.4</uncertainty>
    </mag>
    <type>ML</type>
    <originID>quakeml:eu.emsc/event/20030302_0000010/origin/1536573</originID>
    <stationCount>12</stationCount>
    <creationInfo>
      <agencyURI>smi:smi-registry/organization/EMSC</agencyURI>
      <authorURI>smi:smi-registry/organization/EMSC</authorURI>
    </creationInfo>
  </magnitude>
</event>
<event publicID="quakeml:eu.emsc/event/20030302_0000023">
  <preferredOriginID>quakeml:eu.emsc/event/20030302_0000023/origin/1359974</preferredOriginID>
  <preferredMagnitudeID>quakeml:eu.emsc/event/20030302_0000023/origin/1359974/mag/2</preferredMagnitudeID>
  <creationInfo>
    <agencyURI>smi:smi-registry/organization/EMSC</agencyURI>
    <authorURI>smi:smi-registry/organization/EMSC</authorURI>
    <creationTime>2014-12-10T18:44:38.444701Z</creationTime>
  </creationInfo>
  <description>
    <text>SWITZERLAND</text>
    <type>Flinn-Engdahl region</type>
  </description>
  <origin publicID="quakeml:eu.emsc/event/20030302_0000023/origin/1359974">
    <time>
      <value>2003-03-02T16:35:44.0Z</value>
    </time>
    <latitude>
      <value>46.285</value>
      <uncertainty>9999.9</uncertainty>
    </latitude>
    <longitude>
      <value>7.275</value>
      <uncertainty>9999.9</uncertainty>
    </longitude>
    <depth>
      <value>6000</value>
    </depth>
    <depthType>from location</depthType>
    <methodID>smi:eu.emsc-csem/origin_method/NA</methodID>
    <quality>
      <usedPhaseCount>7</usedPhaseCount>
      <usedStationCount>5</usedStationCount>
      <standardError>0.3</standardError>
      <azimuthalGap>143</azimuthalGap>
      <minimumDistance>0.08</minimumDistance>
      <maximumDistance>0.34</maximumDistance>
    </quality>
    <evaluationMode>manual</evaluationMode>
    <creationInfo>
      <agencyURI>smi:smi-registry/organization/EMSC</agencyURI>
      <authorURI>smi:smi-registry/organization/EMSC</authorURI>
    </creationInfo>
    <originUncertainty>
      <azimuthMaxHorizontalUncertainty>-99</azimuthMaxHorizontalUncertainty>
    </originUncertainty>
  </origin>
  <magnitude publicID="quakeml:eu.emsc/event/20030302_0000023/origin/1359974/mag/2">
    <mag>
      <value>0.6</value>
    </mag>
    <type>ML</type>
    <originID>quakeml:eu.emsc/event/20030302_0000023/origin/1359974</originID>
    <stationCount>2</stationCount>
    <creationInfo>
      <agencyURI>smi:smi-registry/organization/EMSC</agencyURI>
      <authorURI>smi:smi-registry/organization/EMSC</authorURI>
    </creationInfo>
  </magnitude>
</event>
<event publicID="quakeml:eu.emsc/event/20030302_0000024">
  <preferredOriginID>quakeml:eu.emsc/event/20030302_0000024/origin/1359976</preferredOriginID>
  <preferredMagnitudeID>quakeml:eu.emsc/event/20030302_0000024/origin/1359976/mag/2</preferredMagnitudeID>
  <creationInfo>
    <agencyURI>smi:smi-registry/organization/EMSC</agencyURI>
    <authorURI>smi:smi-registry/organization/EMSC</authorURI>
    <creationTime>2014-12-10T18:44:37.9743Z</creationTime>
  </creationInfo>
  <description>
    <text>SWITZERLAND</text>
    <type>Flinn-Engdahl region</type>
  </description>
  <origin publicID="quakeml:eu.emsc/event/20030302_0000024/origin/1359976">
    <time>
      <value>2003-03-02T15:45:34.3Z</value>
    </time>
    <latitude>
      <value>46.282</value>
      <uncertainty>9999.9</uncertainty>
    </latitude>
    <longitude>
      <value>7.277</value>
      <uncertainty>9999.9</uncertainty>
    </longitude>
    <depth>
      <value>5100.0</value>
    </depth>
    <depthType>from location</depthType>
    <methodID>smi:eu.emsc-csem/origin_method/NA</methodID>
    <quality>
      <usedPhaseCount>11</usedPhaseCount>
      <usedStationCount>6</usedStationCount>
      <standardError>0.33</standardError>
      <azimuthalGap>144</azimuthalGap>
      <minimumDistance>0.08</minimumDistance>
      <maximumDistance>0.34</maximumDistance>
    </quality>
    <evaluationMode>manual</evaluationMode>
    <creationInfo>
      <agencyURI>smi:smi-registry/organization/EMSC</agencyURI>
      <authorURI>smi:smi-registry/organization/EMSC</authorURI>
    </creationInfo>
    <originUncertainty>
      <azimuthMaxHorizontalUncertainty>-99</azimuthMaxHorizontalUncertainty>
    </originUncertainty>
  </origin>
  <magnitude publicID="quakeml:eu.emsc/event/20030302_0000024/origin/1359976/mag/2">
    <mag>
      <value>0.7</value>
    </mag>
    <type>ML</type>
    <originID>quakeml:eu.emsc/event/20030302_0000024/origin/1359976</originID>
    <stationCount>4</stationCount>
    <creationInfo>
      <agencyURI>smi:smi-registry/organization/EMSC</agencyURI>
      <authorURI>smi:smi-registry/organization/EMSC</authorURI>
    </creationInfo>
  </magnitude>
</event>
<event publicID="quakeml:eu.emsc/event/20030302_0000008">
  <preferredOriginID>quakeml:eu.emsc/event/20030302_0000008/origin/1375515</preferredOriginID>
  <preferredMagnitudeID>quakeml:eu.emsc/event/20030302_0000008/origin/1375515/mag/2</preferredMagnitudeID>
  <creationInfo>
    <agencyURI>smi:smi-registry/organization/EMSC</agencyURI>
    <authorURI>smi:smi-registry/organization/EMSC</authorURI>
    <creationTime>2014-12-03T10:57:43.239028Z</creationTime>
  </creationInfo>
  <description>
    <text>GREECE</text>
    <type>Flinn-Engdahl region</type>
  </description>
  <origin publicID="quakeml:eu.emsc/event/20030302_0000008/origin/1375515">
    <time>
      <value>2003-03-02T13:04:03.9Z</value>
      <uncertainty>0.26</uncertainty>
    </time>
    <latitude>
      <value>38.7431</value>
      <uncertainty>5.9</uncertainty>
    </latitude>
    <longitude>
      <value>22.7974</value>
      <uncertainty>4.2</uncertainty>
    </longitude>
    <depth>
      <value>10000</value>
    </depth>
    <depthType>from location</depthType>
    <methodID>smi:eu.emsc-csem/origin_method/NA</methodID>
    <quality>
      <usedPhaseCount>15</usedPhaseCount>
      <usedStationCount>10</usedStationCount>
      <standardError>1.1</standardError>
      <azimuthalGap>100</azimuthalGap>
      <minimumDistance>0.18</minimumDistance>
      <maximumDistance>1.6</maximumDistance>
    </quality>
    <evaluationMode>manual</evaluationMode>
    <creationInfo>
      <agencyURI>smi:smi-registry/organization/EMSC</agencyURI>
      <authorURI>smi:smi-registry/organization/EMSC</authorURI>
    </creationInfo>
    <originUncertainty>
      <azimuthMaxHorizontalUncertainty>44</azimuthMaxHorizontalUncertainty>
    </originUncertainty>
  </origin>
  <magnitude publicID="quakeml:eu.emsc/event/20030302_0000008/origin/1375515/mag/2">
    <mag>
      <value>3</value>
    </mag>
    <type>ML</type>
    <originID>quakeml:eu.emsc/event/20030302_0000008/origin/1375515</originID>
    <creationInfo>
      <agencyURI>smi:smi-registry/organization/EMSC</agencyURI>
      <authorURI>smi:smi-registry/organization/EMSC</authorURI>
    </creationInfo>
  </magnitude>
</event>
<event publicID="quakeml:eu.emsc/event/20030302_0000021">
  <preferredOriginID>quakeml:eu.emsc/event/20030302_0000021/origin/1374611</preferredOriginID>
  <preferredMagnitudeID>quakeml:eu.emsc/event/20030302_0000021/origin/1374611/mag/1</preferredMagnitudeID>
  <creationInfo>
    <agencyURI>smi:smi-registry/organization/EMSC</agencyURI>
    <authorURI>smi:smi-registry/organization/EMSC</authorURI>
    <creationTime>2014-12-03T15:47:12.893368Z</creationTime>
  </creationInfo>
  <description>
    <text>FRANCE</text>
    <type>Flinn-Engdahl region</type>
  </description>
  <origin publicID="quakeml:eu.emsc/event/20030302_0000021/origin/1374611">
    <time>
      <value>2003-03-02T12:21:55.4Z</value>
      <uncertainty>0.08</uncertainty>
    </time>
    <latitude>
      <value>44.4685</value>
      <uncertainty>1.7</uncertainty>
    </latitude>
    <longitude>
      <value>6.7459</value>
      <uncertainty>1.3</uncertainty>
    </longitude>
    <depth>
      <value>12000</value>
    </depth>
    <depthType>from location</depthType>
    <methodID>smi:eu.emsc-csem/origin_method/NA</methodID>
    <quality>
      <usedPhaseCount>50</usedPhaseCount>
      <usedStationCount>29</usedStationCount>
      <standardError>0.63</standardError>
      <azimuthalGap>53</azimuthalGap>
      <minimumDistance>0.26</minimumDistance>
      <maximumDistance>2.52</maximumDistance>
    </quality>
    <evaluationMode>manual</evaluationMode>
    <creationInfo>
      <agencyURI>smi:smi-registry/organization/EMSC</agencyURI>
      <authorURI>smi:smi-registry/organization/EMSC</authorURI>
    </creationInfo>
    <originUncertainty>
      <azimuthMaxHorizontalUncertainty>65</azimuthMaxHorizontalUncertainty>
    </originUncertainty>
  </origin>
  <magnitude publicID="quakeml:eu.emsc/event/20030302_0000021/origin/1374611/mag/1">
    <mag>
      <value>1.9</value>
      <uncertainty>0.3</uncertainty>
    </mag>
    <type>ML</type>
    <originID>quakeml:eu.emsc/event/20030302_0000021/origin/1374611</originID>
    <stationCount>9</stationCount>
    <creationInfo>
      <agencyURI>smi:smi-registry/organization/EMSC</agencyURI>
      <authorURI>smi:smi-registry/organization/EMSC</authorURI>
    </creationInfo>
  </magnitude>
</event>
<event publicID="quakeml:eu.emsc/event/20030302_0000022">
  <preferredOriginID>quakeml:eu.emsc/event/20030302_0000022/origin/1374614</preferredOriginID>
  <preferredMagnitudeID>quakeml:eu.emsc/event/20030302_0000022/origin/1374614/mag/1</preferredMagnitudeID>
  <creationInfo>
    <agencyURI>smi:smi-registry/organization/EMSC</agencyURI>
    <authorURI>smi:smi-registry/organization/EMSC</authorURI>
    <creationTime>2014-12-03T15:53:11.560969Z</creationTime>
  </creationInfo>
  <description>
    <text>SWITZERLAND</text>
    <type>Flinn-Engdahl region</type>
  </description>
  <origin publicID="quakeml:eu.emsc/event/20030302_0000022/origin/1374614">
    <time>
      <value>2003-03-02T11:06:36.7Z</value>
      <uncertainty>0.27</uncertainty>
    </time>
    <latitude>
      <value>46.7322</value>
      <uncertainty>5.2</uncertainty>
    </latitude>
    <longitude>
      <value>7.0874</value>
      <uncertainty>4.5</uncertainty>
    </longitude>
    <depth>
      <value>19300.0</value>
      <uncertainty>0.1</uncertainty>
    </depth>
    <depthType>from location</depthType>
    <methodID>smi:eu.emsc-csem/origin_method/NA</methodID>
    <quality>
      <usedPhaseCount>22</usedPhaseCount>
      <usedStationCount>13</usedStationCount>
      <standardError>0.89</standardError>
      <azimuthalGap>77</azimuthalGap>
      <minimumDistance>0.1</minimumDistance>
      <maximumDistance>2.27</maximumDistance>
    </quality>
    <evaluationMode>manual</evaluationMode>
    <creationInfo>
      <agencyURI>smi:smi-registry/organization/EMSC</agencyURI>
      <authorURI>smi:smi-registry/organization/EMSC</authorURI>
    </creationInfo>
    <originUncertainty>
      <azimuthMaxHorizontalUncertainty>118</azimuthMaxHorizontalUncertainty>
    </originUncertainty>
  </origin>
  <magnitude publicID="quakeml:eu.emsc/event/20030302_0000022/origin/1374614/mag/1">
    <mag>
      <value>1.7</value>
      <uncertainty>0.5</uncertainty>
    </mag>
    <type>ML</type>
    <originID>quakeml:eu.emsc/event/20030302_0000022/origin/1374614</originID>
    <stationCount>8</stationCount>
    <creationInfo>
      <agencyURI>smi:smi-registry/organization/EMSC</agencyURI>
      <authorURI>smi:smi-registry/organization/EMSC</authorURI>
    </creationInfo>
  </magnitude>
</event>
<event publicID="quakeml:eu.emsc/event/20030302_0000005">
  <preferredOriginID>quakeml:eu.emsc/event/20030302_0000005/origin/1359978</preferredOriginID>
  <preferredMagnitudeID>quakeml:eu.emsc/event/20030302_0000005/origin/1359978/mag/2</preferredMagnitudeID>
  <creationInfo>
    <agencyURI>smi:smi-registry/organization/EMSC</agencyURI>
    <authorURI>smi:smi-registry/organization/EMSC</authorURI>
    <creationTime>2014-12-10T19:10:31.969508Z</creationTime>
  </creationInfo>
  <description>
    <text>DODECANESE ISLANDS, GREECE</text>
    <type>Flinn-Engdahl region</type>
  </description>
  <origin publicID="quakeml:eu.emsc/event/20030302_0000005/origin/1359978">
    <time>
      <value>2003-03-02T08:34:36.0Z</value>
    </time>
    <latitude>
      <value>36.09</value>
      <uncertainty>9999.9</uncertainty>
    </latitude>
    <longitude>
      <value>26.98</value>
      <uncertainty>9999.9</uncertainty>
    </longitude>
    <depth>
      <value>29000</value>
    </depth>
    <depthType>from location</depthType>
    <methodID>smi:eu.emsc-csem/origin_method/NA</methodID>
    <quality>
      <usedPhaseCount>6</usedPhaseCount>
      <usedStationCount>4</usedStationCount>
      <standardError>1.77</standardError>
      <azimuthalGap>131</azimuthalGap>
      <minimumDistance>0.56</minimumDistance>
      <maximumDistance>1.52</maximumDistance>
    </quality>
    <evaluationMode>manual</evaluationMode>
    <creationInfo>
      <agencyURI>smi:smi-registry/organization/EMSC</agencyURI>
      <authorURI>smi:smi-registry/organization/EMSC</authorURI>
    </creationInfo>
    <originUncertainty>
      <azimuthMaxHorizontalUncertainty>-99</azimuthMaxHorizontalUncertainty>
    </originUncertainty>
  </origin>
  <magnitude publicID="quakeml:eu.emsc/event/20030302_0000005/origin/1359978/mag/2">
    <mag>
      <value>3</value>
    </mag>
    <type>MD</type>
    <originID>quakeml:eu.emsc/event/20030302_0000005/origin/1359978</originID>
    <creationInfo>
      <agencyURI>smi:smi-registry/organization/EMSC</agencyURI>
      <authorURI>smi:smi-registry/organization/EMSC</authorURI>
    </creationInfo>
  </magnitude>
</event>
<event publicID="quakeml:eu.emsc/event/20030302_0000019">
  <preferredOriginID>quakeml:eu.emsc/event/20030302_0000019/origin/1374618</preferredOriginID>
  <preferredMagnitudeID>quakeml:eu.emsc/event/20030302_0000019/origin/1374618/mag/1</preferredMagnitudeID>
  <creationInfo>
    <agencyURI>smi:smi-registry/organization/EMSC</agencyURI>
    <authorURI>smi:smi-registry/organization/EMSC</authorURI>
    <creationTime>2014-12-03T15:19:12.1065Z</creationTime>
  </creationInfo>
  <description>
    <text>FRANCE</text>
    <type>Flinn-Engdahl region</type>
  </description>
  <origin publicID="quakeml:eu.emsc/event/20030302_0000019/origin/1374618">
    <time>
      <value>2003-03-02T04:48:08.3Z</value>
      <uncertainty>0.07</uncertainty>
    </time>
    <latitude>
      <value>44.4698</value>
      <uncertainty>1.5</uncertainty>
    </latitude>
    <longitude>
      <value>6.7529</value>
      <uncertainty>1.1</uncertainty>
    </longitude>
    <depth>
      <value>12000</value>
    </depth>
    <depthType>from location</depthType>
    <methodID>smi:eu.emsc-csem/origin_method/NA</methodID>
    <quality>
      <usedPhaseCount>55</usedPhaseCount>
      <usedStationCount>31</usedStationCount>
      <standardError>0.55</standardError>
      <azimuthalGap>53</azimuthalGap>
      <minimumDistance>0.25</minimumDistance>
      <maximumDistance>2.52</maximumDistance>
    </quality>
    <evaluationMode>manual</evaluationMode>
    <creationInfo>
      <agencyURI>smi:smi-registry/organization/EMSC</agencyURI>
      <authorURI>smi:smi-registry/organization/EMSC</authorURI>
    </creationInfo>
    <originUncertainty>
      <azimuthMaxHorizontalUncertainty>63</azimuthMaxHorizontalUncertainty>
    </originUncertainty>
  </origin>
  <magnitude publicID="quakeml:eu.emsc/event/20030302_0000019/origin/1374618/mag/1">
    <mag>
      <value>2.1</value>
      <uncertainty>0.3</uncertainty>
    </mag>
    <type>ML</type>
    <originID>quakeml:eu.emsc/event/20030302_0000019/origin/1374618</originID>
    <stationCount>9</stationCount>
    <creationInfo>
      <agencyURI>smi:smi-registry/organization/EMSC</agencyURI>
      <authorURI>smi:smi-registry/organization/EMSC</authorURI>
    </creationInfo>
  </magnitude>
</event>
<event publicID="quakeml:eu.emsc/event/20030302_0000020">
  <preferredOriginID>quakeml:eu.emsc/event/20030302_0000020/origin/1374621</preferredOriginID>
  <preferredMagnitudeID>quakeml:eu.emsc/event/20030302_0000020/origin/1374621/mag/1</preferredMagnitudeID>
  <creationInfo>
    <agencyURI>smi:smi-registry/organization/EMSC</agencyURI>
    <authorURI>smi:smi-registry/organization/EMSC</authorURI>
    <creationTime>2014-12-03T15:31:30.720681Z</creationTime>
  </creationInfo>
  <description>
    <text>NORTHERN ITALY</text>
    <type>Flinn-Engdahl region</type>
  </description>
  <origin publicID="quakeml:eu.emsc/event/20030302_0000020/origin/1374621">
    <time>
      <value>2003-03-02T03:02:50.4Z</value>
      <uncertainty>0.13</uncertainty>
    </time>
    <latitude>
      <value>44.3421</value>
      <uncertainty>2.9</uncertainty>
    </latitude>
    <longitude>
      <value>7.5309</value>
      <uncertainty>2.1</uncertainty>
    </longitude>
    <depth>
      <value>5000</value>
    </depth>
    <depthType>from location</depthType>
    <methodID>smi:eu.emsc-csem/origin_method/NA</methodID>
    <quality>
      <usedPhaseCount>41</usedPhaseCount>
      <usedStationCount>24</usedStationCount>
      <standardError>0.84</standardError>
      <azimuthalGap>62</azimuthalGap>
      <minimumDistance>0.14</minimumDistance>
      <maximumDistance>2.11</maximumDistance>
    </quality>
    <evaluationMode>manual</evaluationMode>
    <creationInfo>
      <agencyURI>smi:smi-registry/organization/EMSC</agencyURI>
      <authorURI>smi:smi-registry/organization/EMSC</authorURI>
    </creationInfo>
    <originUncertainty>
      <azimuthMaxHorizontalUncertainty>61</azimuthMaxHorizontalUncertainty>
    </originUncertainty>
  </origin>
  <magnitude publicID="quakeml:eu.emsc/event/20030302_0000020/origin/1374621/mag/1">
    <mag>
      <value>2.1</value>
      <uncertainty>0.4</uncertainty>
    </mag>
    <type>ML</type>
    <originID>quakeml:eu.emsc/event/20030302_0000020/origin/1374621</originID>
    <stationCount>9</stationCount>
    <creationInfo>
      <agencyURI>smi:smi-registry/organization/EMSC</agencyURI>
      <authorURI>smi:smi-registry/organization/EMSC</authorURI>
    </creationInfo>
  </magnitude>
</event>
<event publicID="quakeml:eu.emsc/event/20030302_0000003">
  <preferredOriginID>quakeml:eu.emsc/event/20030302_0000003/origin/1375518</preferredOriginID>
  <preferredMagnitudeID>quakeml:eu.emsc/event/20030302_0000003/origin/1375518/mag/2</preferredMagnitudeID>
  <creationInfo>
    <agencyURI>smi:smi-registry/organization/EMSC</agencyURI>
    <authorURI>smi:smi-registry/organization/EMSC</authorURI>
    <creationTime>2014-12-03T10:29:08.813974Z</creationTime>
  </creationInfo>
  <description>
    <text>WESTERN TURKEY</text>
    <type>Flinn-Engdahl region</type>
  </description>
  <origin publicID="quakeml:eu.emsc/event/20030302_0000003/origin/1375518">
    <time>
      <value>2003-03-02T01:41:18.6Z</value>
      <uncertainty>0.13</uncertainty>
    </time>
    <latitude>
      <value>38.6793</value>
      <uncertainty>4.4</uncertainty>
    </latitude>
    <longitude>
      <value>30.8537</value>
      <uncertainty>3.4</uncertainty>
    </longitude>
    <depth>
      <value>40000</value>
    </depth>
    <depthType>from location</depthType>
    <methodID>smi:eu.emsc-csem/origin_method/NA</methodID>
    <quality>
      <usedPhaseCount>23</usedPhaseCount>
      <usedStationCount>23</usedStationCount>
      <standardError>0.75</standardError>
      <azimuthalGap>48</azimuthalGap>
      <minimumDistance>1.1</minimumDistance>
      <maximumDistance>75.41</maximumDistance>
    </quality>
    <evaluationMode>manual</evaluationMode>
    <creationInfo>
      <agencyURI>smi:smi-registry/organization/EMSC</agencyURI>
      <authorURI>smi:smi-registry/organization/EMSC</authorURI>
    </creationInfo>
    <originUncertainty>
      <azimuthMaxHorizontalUncertainty>55</azimuthMaxHorizontalUncertainty>
    </originUncertainty>
  </origin>
  <magnitude publicID="quakeml:eu.emsc/event/20030302_0000003/origin/1375518/mag/2">
    <mag>
      <value>3.7</value>
    </mag>
    <type>MD</type>
    <originID>quakeml:eu.emsc/event/20030302_0000003/origin/1375518</originID>
    <creationInfo>
      <agencyURI>smi:smi-registry/organization/EMSC</agencyURI>
      <authorURI>smi:smi-registry/organization/EMSC</authorURI>
    </creationInfo>
  </magnitude>
</event>
<event publicID="quakeml:eu.emsc/event/20030302_0000002">
  <preferredOriginID>quakeml:eu.emsc/event/20030302_0000002/origin/1375522</preferredOriginID>
  <preferredMagnitudeID>quakeml:eu.emsc/event/20030302_0000002/origin/1375522/mag/2</preferredMagnitudeID>
  <creationInfo>
    <agencyURI>smi:smi-registry/organization/EMSC</agencyURI>
    <authorURI>smi:smi-registry/organization/EMSC</authorURI>
    <creationTime>2014-12-03T11:29:06.369749Z</creationTime>
  </creationInfo>
  <description>
    <text>DODECANESE ISLANDS, GREECE</text>
    <type>Flinn-Engdahl region</type>
  </description>
  <origin publicID="quakeml:eu.emsc/event/20030302_0000002/origin/1375522">
    <time>
      <value>2003-03-02T00:11:44.9Z</value>
      <uncertainty>0.36</uncertainty>
    </time>
    <latitude>
      <value>36.1394</value>
      <uncertainty>9.4</uncertainty>
    </latitude>
    <longitude>
      <value>27.6584</value>
      <uncertainty>8.9</uncertainty>
    </longitude>
    <depth>
      <value>76500.0</value>
      <uncertainty>8.6</uncertainty>
    </depth>
    <depthType>from location</depthType>
    <methodID>smi:eu.emsc-csem/origin_method/NA</methodID>
    <quality>
      <usedPhaseCount>20</usedPhaseCount>
      <usedStationCount>19</usedStationCount>
      <standardError>1.12</standardError>
      <azimuthalGap>79</azimuthalGap>
      <minimumDistance>0.39</minimumDistance>
      <maximumDistance>8.79</maximumDistance>
    </quality>
    <evaluationMode>manual</evaluationMode>
    <creationInfo>
      <agencyURI>smi:smi-registry/organization/EMSC</agencyURI>
      <authorURI>smi:smi-registry/organization/EMSC</authorURI>
    </creationInfo>
    <originUncertainty>
      <azimuthMaxHorizontalUncertainty>63</azimuthMaxHorizontalUncertainty>
    </originUncertainty>
  </origin>
  <magnitude publicID="quakeml:eu.emsc/event/20030302_0000002/origin/1375522/mag/2">
    <mag>
      <value>3.3</value>
    </mag>
    <type>MD</type>
    <originID>quakeml:eu.emsc/event/20030302_0000002/origin/1375522</originID>
    <creationInfo>
      <agencyURI>smi:smi-registry/organization/EMSC</agencyURI>
      <authorURI>smi:smi-registry/organization/EMSC</authorURI>
    </creationInfo>
  </magnitude>
</event>
<event publicID="quakeml:eu.emsc/event/20030302_0000001">
  <preferredOriginID>quakeml:eu.emsc/event/20030302_0000001/origin/1359980</preferredOriginID>
  <preferredMagnitudeID>quakeml:eu.emsc/event/20030302_0000001/origin/1359980/mag/2</preferredMagnitudeID>
  <creationInfo>
    <agencyURI>smi:smi-registry/organization/EMSC</agencyURI>
    <authorURI>smi:smi-registry/organization/EMSC</authorURI>
    <creationTime>2014-12-10T19:10:25.374077Z</creationTime>
  </creationInfo>
  <description>
    <text>CANARY ISLANDS, SPAIN REGION</text>
    <type>Flinn-Engdahl region</type>
  </description>
  <origin publicID="quakeml:eu.emsc/event/20030302_0000001/origin/1359980">
    <time>
      <value>2003-03-02T00:07:46.2Z</value>
    </time>
    <latitude>
      <value>27.9926</value>
      <uncertainty>9999.9</uncertainty>
    </latitude>
    <longitude>
      <value>-16.1637</value>
      <uncertainty>9999.9</uncertainty>
    </longitude>
    <depth>
      <value>31000</value>
    </depth>
    <depthType>from location</depthType>
    <methodID>smi:eu.emsc-csem/origin_method/NA</methodID>
    <quality>
      <usedPhaseCount>13</usedPhaseCount>
      <usedStationCount>7</usedStationCount>
      <standardError>2.44</standardError>
      <azimuthalGap>210</azimuthalGap>
      <minimumDistance>0.45</minimumDistance>
      <maximumDistance>1.88</maximumDistance>
    </quality>
    <evaluationMode>manual</evaluationMode>
    <creationInfo>
      <agencyURI>smi:smi-registry/organization/EMSC</agencyURI>
      <authorURI>smi:smi-registry/organization/EMSC</authorURI>
    </creationInfo>
    <originUncertainty>
      <azimuthMaxHorizontalUncertainty>-99</azimuthMaxHorizontalUncertainty>
    </originUncertainty>
  </origin>
  <magnitude publicID="quakeml:eu.emsc/event/20030302_0000001/origin/1359980/mag/2">
    <mag>
      <value>3.7</value>
      <uncertainty>0.2</uncertainty>
    </mag>
    <type>mb</type>
    <originID>quakeml:eu.emsc/event/20030302_0000001/origin/1359980</originID>
    <stationCount>5</stationCount>
    <creationInfo>
      <agencyURI>smi:smi-registry/organization/EMSC</agencyURI>
      <authorURI>smi:smi-registry/organization/EMSC</authorURI>
    </creationInfo>
  </magnitude>
</event>
<event publicID="quakeml:eu.emsc/event/20030302_0000017">
  <preferredOriginID>quakeml:eu.emsc/event/20030302_0000017/origin/1359982</preferredOriginID>
  <preferredMagnitudeID>quakeml:eu.emsc/event/20030302_0000017/origin/1359982/mag/2</preferredMagnitudeID>
  <creationInfo>
    <agencyURI>smi:smi-registry/organization/EMSC</agencyURI>
    <authorURI>smi:smi-registry/organization/EMSC</authorURI>
    <creationTime>2014-12-10T18:44:37.479037Z</creationTime>
  </creationInfo>
  <description>
    <text>FRANCE</text>
    <type>Flinn-Engdahl region</type>
  </description>
  <origin publicID="quakeml:eu.emsc/event/20030302_0000017/origin/1359982">
    <time>
      <value>2003-03-02T00:04:55.7Z</value>
    </time>
    <latitude>
      <value>47.0336</value>
      <uncertainty>9999.9</uncertainty>
    </latitude>
    <longitude>
      <value>6.5679</value>
      <uncertainty>9999.9</uncertainty>
    </longitude>
    <depth>
      <value>3000</value>
    </depth>
    <depthType>from location</depthType>
    <methodID>smi:eu.emsc-csem/origin_method/NA</methodID>
    <quality>
      <usedPhaseCount>24</usedPhaseCount>
      <usedStationCount>11</usedStationCount>
      <standardError>1.26</standardError>
      <azimuthalGap>156</azimuthalGap>
      <minimumDistance>0.54</minimumDistance>
      <maximumDistance>1.91</maximumDistance>
    </quality>
    <evaluationMode>manual</evaluationMode>
    <creationInfo>
      <agencyURI>smi:smi-registry/organization/EMSC</agencyURI>
      <authorURI>smi:smi-registry/organization/EMSC</authorURI>
    </creationInfo>
    <originUncertainty>
      <azimuthMaxHorizontalUncertainty>-99</azimuthMaxHorizontalUncertainty>
    </originUncertainty>
  </origin>
  <magnitude publicID="quakeml:eu.emsc/event/20030302_0000017/origin/1359982/mag/2">
    <mag>
      <value>1.5</value>
      <uncertainty>0.4</uncertainty>
    </mag>
    <type>ML</type>
    <originID>quakeml:eu.emsc/event/20030302_0000017/origin/1359982</originID>
    <stationCount>10</stationCount>
    <creationInfo>
      <agencyURI>smi:smi-registry/organization/EMSC</agencyURI>
      <authorURI>smi:smi-registry/organization/EMSC</authorURI>
    </creationInfo>
  </magnitude>
</event>
</eventParameters>
</q:quakeml>
