<?xml version="1.0"?>
<q:quakeml xmlns:q="http://quakeml.org/xmlns/quakeml/1.2"  xmlns="http://quakeml.org/xmlns/bed/1.2">
<eventParameters publicID="smi:eu.emsc/unid">
<event publicID="quakeml:eu.emsc/event/20030828_0000027">
  <preferredOriginID>quakeml:eu.emsc/event/20030828_0000027/origin/1355128</preferredOriginID>
  <preferredMagnitudeID>quakeml:eu.emsc/event/20030828_0000027/origin/1355128/mag/2</preferredMagnitudeID>
  <creationInfo>
    <agencyURI>smi:smi-registry/organization/EMSC</agencyURI>
    <authorURI>smi:smi-registry/organization/EMSC</authorURI>
    <creationTime>2014-12-10T18:52:33.233801Z</creationTime>
  </creationInfo>
  <description>
    <text>NORTHERN ITALY</text>
    <type>Flinn-Engdahl region</type>
  </description>
  <origin publicID="quakeml:eu.emsc/event/20030828_0000027/origin/1355128">
    <time>
      <value>2003-08-28T22:40:26.4Z</value>
    </time>
    <latitude>
      <value>44.0525</value>
      <uncertainty>9999.9</uncertainty>
    </latitude>
    <longitude>
      <value>8.692</value>
      <uncertainty>9999.9</uncertainty>
    </longitude>
    <depth>
      <value>5600.0</value>
    </depth>
    <depthType>from location</depthType>
    <methodID>smi:eu.emsc-csem/origin_method/NA</methodID>
    <quality>
      <usedPhaseCount>23</usedPhaseCount>
      <usedStationCount>15</usedStationCount>
      <standardError>1.04</standardError>
      <azimuthalGap>171</azimuthalGap>
      <minimumDistance>0.38</minimumDistance>
      <maximumDistance>1.26</maximumDistance>
    </quality>
    <evaluationMode>manual</evaluationMode>
    <creationInfo>
      <agencyURI>smi:smi-registry/organization/EMSC</agencyURI>
      <authorURI>smi:smi-registry/organization/EMSC</authorURI>
    </creationInfo>
    <originUncertainty>
      <azimuthMaxHorizontalUncertainty>-99</azimuthMaxHorizontalUncertainty>
    </originUncertainty>
  </origin>
  <magnitude publicID="quakeml:eu.emsc/event/20030828_0000027/origin/1355128/mag/2">
    <mag>
      <value>2.1</value>
    </mag>
    <type>ML</type>
    <originID>quakeml:eu.emsc/event/20030828_0000027/origin/1355128</originID>
    <creationInfo>
      <agencyURI>smi:smi-registry/organization/EMSC</agencyURI>
      <authorURI>smi:smi-registry/organization/EMSC</authorURI>
    </creationInfo>
  </magnitude>
</event>
<event publicID="quakeml:eu.emsc/event/20030828_0000020">
  <preferredOriginID>quakeml:eu.emsc/event/20030828_0000020/origin/1355130</preferredOriginID>
  <preferredMagnitudeID>quakeml:eu.emsc/event/20030828_0000020/origin/1355130/mag/2</preferredMagnitudeID>
  <creationInfo>
    <agencyURI>smi:smi-registry/organization/EMSC</agencyURI>
    <authorURI>smi:smi-registry/organization/EMSC</authorURI>
    <creationTime>2014-12-10T22:52:46.782157Z</creationTime>
  </creationInfo>
  <description>
    <text>EASTERN TURKEY</text>
    <type>Flinn-Engdahl region</type>
  </description>
  <origin publicID="quakeml:eu.emsc/event/20030828_0000020/origin/1355130">
    <time>
      <value>2003-08-28T21:33:38.8Z</value>
    </time>
    <latitude>
      <value>38.399</value>
      <uncertainty>9999.9</uncertainty>
    </latitude>
    <longitude>
      <value>38.995</value>
      <uncertainty>9999.9</uncertainty>
    </longitude>
    <depth>
      <value>10000</value>
    </depth>
    <depthType>from location</depthType>
    <methodID>smi:eu.emsc-csem/origin_method/NA</methodID>
    <quality>
      <usedPhaseCount>10</usedPhaseCount>
      <usedStationCount>10</usedStationCount>
      <standardError>2.01</standardError>
      <azimuthalGap>108</azimuthalGap>
      <minimumDistance>0.45</minimumDistance>
      <maximumDistance>3.22</maximumDistance>
    </quality>
    <evaluationMode>manual</evaluationMode>
    <creationInfo>
      <agencyURI>smi:smi-registry/organization/EMSC</agencyURI>
      <authorURI>smi:smi-registry/organization/EMSC</authorURI>
    </creationInfo>
    <originUncertainty>
      <azimuthMaxHorizontalUncertainty>-99</azimuthMaxHorizontalUncertainty>
    </originUncertainty>
  </origin>
  <magnitude publicID="quakeml:eu.emsc/event/20030828_0000020/origin/1355130/mag/2">
    <mag>
      <value>3.6</value>
    </mag>
    <type>MD</type>
    <originID>quakeml:eu.emsc/event/20030828_0000020/origin/1355130</originID>
    <creationInfo>
      <agencyURI>smi:smi-registry/organization/EMSC</agencyURI>
      <authorURI>smi:smi-registry/organization/EMSC</authorURI>
    </creationInfo>
  </magnitude>
</event>
<event publicID="quakeml:eu.emsc/event/20030828_0000019">
  <preferredOriginID>quakeml:eu.emsc/event/20030828_0000019/origin/1355132</preferredOriginID>
  <preferredMagnitudeID>quakeml:eu.emsc/event/20030828_0000019/origin/1355132/mag/2</preferredMagnitudeID>
  <creationInfo>
    <agencyURI>smi:smi-registry/organization/EMSC</agencyURI>
    <authorURI>smi:smi-registry/organization/EMSC</authorURI>
    <creationTime>2014-12-10T22:52:45.864438Z</creationTime>
  </creationInfo>
  <description>
    <text>EASTERN TURKEY</text>
    <type>Flinn-Engdahl region</type>
  </description>
  <origin publicID="quakeml:eu.emsc/event/20030828_0000019/origin/1355132">
    <time>
      <value>2003-08-28T19:59:24.6Z</value>
    </time>
    <latitude>
      <value>37.705</value>
      <uncertainty>9999.9</uncertainty>
    </latitude>
    <longitude>
      <value>41.982</value>
      <uncertainty>9999.9</uncertainty>
    </longitude>
    <depth>
      <value>5000</value>
    </depth>
    <depthType>from location</depthType>
    <methodID>smi:eu.emsc-csem/origin_method/NA</methodID>
    <quality>
      <usedPhaseCount>7</usedPhaseCount>
      <usedStationCount>5</usedStationCount>
      <standardError>1.91</standardError>
      <azimuthalGap>223</azimuthalGap>
      <minimumDistance>0.62</minimumDistance>
      <maximumDistance>2.88</maximumDistance>
    </quality>
    <evaluationMode>manual</evaluationMode>
    <creationInfo>
      <agencyURI>smi:smi-registry/organization/EMSC</agencyURI>
      <authorURI>smi:smi-registry/organization/EMSC</authorURI>
    </creationInfo>
    <originUncertainty>
      <azimuthMaxHorizontalUncertainty>-99</azimuthMaxHorizontalUncertainty>
    </originUncertainty>
  </origin>
  <magnitude publicID="quakeml:eu.emsc/event/20030828_0000019/origin/1355132/mag/2">
    <mag>
      <value>3.3</value>
    </mag>
    <type>MD</type>
    <originID>quakeml:eu.emsc/event/20030828_0000019/origin/1355132</originID>
    <creationInfo>
      <agencyURI>smi:smi-registry/organization/EMSC</agencyURI>
      <authorURI>smi:smi-registry/organization/EMSC</authorURI>
    </creationInfo>
  </magnitude>
</event>
<event publicID="quakeml:eu.emsc/event/20030828_0000018">
  <preferredOriginID>quakeml:eu.emsc/event/20030828_0000018/origin/1355134</preferredOriginID>
  <preferredMagnitudeID>quakeml:eu.emsc/event/20030828_0000018/origin/1355134/mag/2</preferredMagnitudeID>
  <creationInfo>
    <agencyURI>smi:smi-registry/organization/EMSC</agencyURI>
    <authorURI>smi:smi-registry/organization/EMSC</authorURI>
    <creationTime>2014-12-10T22:52:43.525177Z</creationTime>
  </creationInfo>
  <description>
    <text>IONIAN SEA</text>
    <type>Flinn-Engdahl region</type>
  </description>
  <origin publicID="quakeml:eu.emsc/event/20030828_0000018/origin/1355134">
    <time>
      <value>2003-08-28T19:56:48.5Z</value>
    </time>
    <latitude>
      <value>37.28</value>
      <uncertainty>9999.9</uncertainty>
    </latitude>
    <longitude>
      <value>20.75</value>
      <uncertainty>9999.9</uncertainty>
    </longitude>
    <depth>
      <value>15000</value>
    </depth>
    <depthType>from location</depthType>
    <methodID>smi:eu.emsc-csem/origin_method/NA</methodID>
    <quality>
      <usedPhaseCount>5</usedPhaseCount>
      <usedStationCount>5</usedStationCount>
      <standardError>1.83</standardError>
      <azimuthalGap>244</azimuthalGap>
      <minimumDistance>0.9</minimumDistance>
      <maximumDistance>1.84</maximumDistance>
    </quality>
    <evaluationMode>manual</evaluationMode>
    <creationInfo>
      <agencyURI>smi:smi-registry/organization/EMSC</agencyURI>
      <authorURI>smi:smi-registry/organization/EMSC</authorURI>
    </creationInfo>
    <originUncertainty>
      <azimuthMaxHorizontalUncertainty>-99</azimuthMaxHorizontalUncertainty>
    </originUncertainty>
  </origin>
  <magnitude publicID="quakeml:eu.emsc/event/20030828_0000018/origin/1355134/mag/2">
    <mag>
      <value>3.3</value>
    </mag>
    <type>MD</type>
    <originID>quakeml:eu.emsc/event/20030828_0000018/origin/1355134</originID>
    <creationInfo>
      <agencyURI>smi:smi-registry/organization/EMSC</agencyURI>
      <authorURI>smi:smi-registry/organization/EMSC</authorURI>
    </creationInfo>
  </magnitude>
</event>
<event publicID="quakeml:eu.emsc/event/20030828_0000016">
  <preferredOriginID>quakeml:eu.emsc/event/20030828_0000016/origin/1362798</preferredOriginID>
  <preferredMagnitudeID>quakeml:eu.emsc/event/20030828_0000016/origin/1362798/mag/1</preferredMagnitudeID>
  <creationInfo>
    <agencyURI>smi:smi-registry/organization/EMSC</agencyURI>
    <authorURI>smi:smi-registry/organization/EMSC</authorURI>
    <creationTime>2014-12-03T10:27:54.396737Z</creationTime>
  </creationInfo>
  <description>
    <text>SOUTHERN IRAN</text>
    <type>Flinn-Engdahl region</type>
  </description>
  <origin publicID="quakeml:eu.emsc/event/20030828_0000016/origin/1362798">
    <time>
      <value>2003-08-28T18:31:56.1Z</value>
      <uncertainty>0.12</uncertainty>
    </time>
    <latitude>
      <value>28.4419</value>
      <uncertainty>6.3</uncertainty>
    </latitude>
    <longitude>
      <value>54.0697</value>
      <uncertainty>4</uncertainty>
    </longitude>
    <depth>
      <value>10000</value>
    </depth>
    <depthType>from location</depthType>
    <methodID>smi:eu.emsc-csem/origin_method/NA</methodID>
    <quality>
      <usedPhaseCount>151</usedPhaseCount>
      <usedStationCount>148</usedStationCount>
      <standardError>0.95</standardError>
      <azimuthalGap>46</azimuthalGap>
      <minimumDistance>5.54</minimumDistance>
      <maximumDistance>91.18</maximumDistance>
    </quality>
    <evaluationMode>manual</evaluationMode>
    <creationInfo>
      <agencyURI>smi:smi-registry/organization/EMSC</agencyURI>
      <authorURI>smi:smi-registry/organization/EMSC</authorURI>
    </creationInfo>
    <originUncertainty>
      <azimuthMaxHorizontalUncertainty>47</azimuthMaxHorizontalUncertainty>
    </originUncertainty>
  </origin>
  <magnitude publicID="quakeml:eu.emsc/event/20030828_0000016/origin/1362798/mag/1">
    <mag>
      <value>4.9</value>
      <uncertainty>0.4</uncertainty>
    </mag>
    <type>mb</type>
    <originID>quakeml:eu.emsc/event/20030828_0000016/origin/1362798</originID>
    <stationCount>60</stationCount>
    <creationInfo>
      <agencyURI>smi:smi-registry/organization/EMSC</agencyURI>
      <authorURI>smi:smi-registry/organization/EMSC</authorURI>
    </creationInfo>
  </magnitude>
</event>
<event publicID="quakeml:eu.emsc/event/20030828_0000015">
  <preferredOriginID>quakeml:eu.emsc/event/20030828_0000015/origin/1355136</preferredOriginID>
  <preferredMagnitudeID>quakeml:eu.emsc/event/20030828_0000015/origin/1355136/mag/2</preferredMagnitudeID>
  <creationInfo>
    <agencyURI>smi:smi-registry/organization/EMSC</agencyURI>
    <authorURI>smi:smi-registry/organization/EMSC</authorURI>
    <creationTime>2014-12-10T22:52:39.671071Z</creationTime>
  </creationInfo>
  <description>
    <text>WESTERN TURKEY</text>
    <type>Flinn-Engdahl region</type>
  </description>
  <origin publicID="quakeml:eu.emsc/event/20030828_0000015/origin/1355136">
    <time>
      <value>2003-08-28T17:15:16.9Z</value>
    </time>
    <latitude>
      <value>40.454</value>
      <uncertainty>9999.9</uncertainty>
    </latitude>
    <longitude>
      <value>26.017</value>
      <uncertainty>9999.9</uncertainty>
    </longitude>
    <depth>
      <value>13000</value>
    </depth>
    <depthType>from location</depthType>
    <methodID>smi:eu.emsc-csem/origin_method/NA</methodID>
    <quality>
      <usedPhaseCount>6</usedPhaseCount>
      <usedStationCount>5</usedStationCount>
      <standardError>0.66</standardError>
      <azimuthalGap>287</azimuthalGap>
      <minimumDistance>0.98</minimumDistance>
      <maximumDistance>1.96</maximumDistance>
    </quality>
    <evaluationMode>manual</evaluationMode>
    <creationInfo>
      <agencyURI>smi:smi-registry/organization/EMSC</agencyURI>
      <authorURI>smi:smi-registry/organization/EMSC</authorURI>
    </creationInfo>
    <originUncertainty>
      <azimuthMaxHorizontalUncertainty>-99</azimuthMaxHorizontalUncertainty>
    </originUncertainty>
  </origin>
  <magnitude publicID="quakeml:eu.emsc/event/20030828_0000015/origin/1355136/mag/2">
    <mag>
      <value>2.9</value>
    </mag>
    <type>MD</type>
    <originID>quakeml:eu.emsc/event/20030828_0000015/origin/1355136</originID>
    <creationInfo>
      <agencyURI>smi:smi-registry/organization/EMSC</agencyURI>
      <authorURI>smi:smi-registry/organization/EMSC</authorURI>
    </creationInfo>
  </magnitude>
</event>
<event publicID="quakeml:eu.emsc/event/20030828_0000028">
  <preferredOriginID>quakeml:eu.emsc/event/20030828_0000028/origin/1355138</preferredOriginID>
  <preferredMagnitudeID>quakeml:eu.emsc/event/20030828_0000028/origin/1355138/mag/2</preferredMagnitudeID>
  <creationInfo>
    <agencyURI>smi:smi-registry/organization/EMSC</agencyURI>
    <authorURI>smi:smi-registry/organization/EMSC</authorURI>
    <creationTime>2014-12-10T18:52:32.717284Z</creationTime>
  </creationInfo>
  <description>
    <text>PYRENEES</text>
    <type>Flinn-Engdahl region</type>
  </description>
  <origin publicID="quakeml:eu.emsc/event/20030828_0000028/origin/1355138">
    <time>
      <value>2003-08-28T16:41:04.3Z</value>
    </time>
    <latitude>
      <value>42.4227</value>
      <uncertainty>9999.9</uncertainty>
    </latitude>
    <longitude>
      <value>1.7802</value>
      <uncertainty>9999.9</uncertainty>
    </longitude>
    <depth>
      <value>10500.0</value>
    </depth>
    <depthType>from location</depthType>
    <methodID>smi:eu.emsc-csem/origin_method/NA</methodID>
    <quality>
      <usedPhaseCount>22</usedPhaseCount>
      <usedStationCount>12</usedStationCount>
      <standardError>0.79</standardError>
      <azimuthalGap>99</azimuthalGap>
      <minimumDistance>0.15</minimumDistance>
      <maximumDistance>1.24</maximumDistance>
    </quality>
    <evaluationMode>manual</evaluationMode>
    <creationInfo>
      <agencyURI>smi:smi-registry/organization/EMSC</agencyURI>
      <authorURI>smi:smi-registry/organization/EMSC</authorURI>
    </creationInfo>
    <originUncertainty>
      <azimuthMaxHorizontalUncertainty>-99</azimuthMaxHorizontalUncertainty>
    </originUncertainty>
  </origin>
  <magnitude publicID="quakeml:eu.emsc/event/20030828_0000028/origin/1355138/mag/2">
    <mag>
      <value>1.1</value>
    </mag>
    <type>ML</type>
    <originID>quakeml:eu.emsc/event/20030828_0000028/origin/1355138</originID>
    <creationInfo>
      <agencyURI>smi:smi-registry/organization/EMSC</agencyURI>
      <authorURI>smi:smi-registry/organization/EMSC</authorURI>
    </creationInfo>
  </magnitude>
</event>
<event publicID="quakeml:eu.emsc/event/20030828_0000014">
  <preferredOriginID>quakeml:eu.emsc/event/20030828_0000014/origin/1362802</preferredOriginID>
  <preferredMagnitudeID>quakeml:eu.emsc/event/20030828_0000014/origin/1362802/mag/2</preferredMagnitudeID>
  <creationInfo>
    <agencyURI>smi:smi-registry/organization/EMSC</agencyURI>
    <authorURI>smi:smi-registry/organization/EMSC</authorURI>
    <creationTime>2014-12-03T11:50:39.729256Z</creationTime>
  </creationInfo>
  <description>
    <text>SOUTHERN GREECE</text>
    <type>Flinn-Engdahl region</type>
  </description>
  <origin publicID="quakeml:eu.emsc/event/20030828_0000014/origin/1362802">
    <time>
      <value>2003-08-28T16:13:35.2Z</value>
      <uncertainty>0.33</uncertainty>
    </time>
    <latitude>
      <value>36.6959</value>
      <uncertainty>10.1</uncertainty>
    </latitude>
    <longitude>
      <value>21.3531</value>
      <uncertainty>5.9</uncertainty>
    </longitude>
    <depth>
      <value>55900.0</value>
      <uncertainty>4.8</uncertainty>
    </depth>
    <depthType>from location</depthType>
    <methodID>smi:eu.emsc-csem/origin_method/NA</methodID>
    <quality>
      <usedPhaseCount>40</usedPhaseCount>
      <usedStationCount>38</usedStationCount>
      <standardError>1.07</standardError>
      <azimuthalGap>146</azimuthalGap>
      <minimumDistance>1.27</minimumDistance>
      <maximumDistance>45.53</maximumDistance>
    </quality>
    <evaluationMode>manual</evaluationMode>
    <creationInfo>
      <agencyURI>smi:smi-registry/organization/EMSC</agencyURI>
      <authorURI>smi:smi-registry/organization/EMSC</authorURI>
    </creationInfo>
    <originUncertainty>
      <azimuthMaxHorizontalUncertainty>21</azimuthMaxHorizontalUncertainty>
    </originUncertainty>
  </origin>
  <magnitude publicID="quakeml:eu.emsc/event/20030828_0000014/origin/1362802/mag/2">
    <mag>
      <value>3.5</value>
    </mag>
    <type>ML</type>
    <originID>quakeml:eu.emsc/event/20030828_0000014/origin/1362802</originID>
    <creationInfo>
      <agencyURI>smi:smi-registry/organization/EMSC</agencyURI>
      <authorURI>smi:smi-registry/organization/EMSC</authorURI>
    </creationInfo>
  </magnitude>
</event>
<event publicID="quakeml:eu.emsc/event/20030828_0000025">
  <preferredOriginID>quakeml:eu.emsc/event/20030828_0000025/origin/1362135</preferredOriginID>
  <preferredMagnitudeID>quakeml:eu.emsc/event/20030828_0000025/origin/1362135/mag/1</preferredMagnitudeID>
  <creationInfo>
    <agencyURI>smi:smi-registry/organization/EMSC</agencyURI>
    <authorURI>smi:smi-registry/organization/EMSC</authorURI>
    <creationTime>2014-12-03T15:29:22.624115Z</creationTime>
  </creationInfo>
  <description>
    <text>NEAR SOUTH COAST OF FRANCE</text>
    <type>Flinn-Engdahl region</type>
  </description>
  <origin publicID="quakeml:eu.emsc/event/20030828_0000025/origin/1362135">
    <time>
      <value>2003-08-28T16:12:35.2Z</value>
      <uncertainty>0.16</uncertainty>
    </time>
    <latitude>
      <value>43.9468</value>
      <uncertainty>3.3</uncertainty>
    </latitude>
    <longitude>
      <value>7.8421</value>
      <uncertainty>2.7</uncertainty>
    </longitude>
    <depth>
      <value>12000</value>
    </depth>
    <depthType>from location</depthType>
    <methodID>smi:eu.emsc-csem/origin_method/NA</methodID>
    <quality>
      <usedPhaseCount>32</usedPhaseCount>
      <usedStationCount>18</usedStationCount>
      <standardError>0.85</standardError>
      <azimuthalGap>91</azimuthalGap>
      <minimumDistance>0.05</minimumDistance>
      <maximumDistance>1.76</maximumDistance>
    </quality>
    <evaluationMode>manual</evaluationMode>
    <creationInfo>
      <agencyURI>smi:smi-registry/organization/EMSC</agencyURI>
      <authorURI>smi:smi-registry/organization/EMSC</authorURI>
    </creationInfo>
    <originUncertainty>
      <azimuthMaxHorizontalUncertainty>139</azimuthMaxHorizontalUncertainty>
    </originUncertainty>
  </origin>
  <magnitude publicID="quakeml:eu.emsc/event/20030828_0000025/origin/1362135/mag/1">
    <mag>
      <value>2.1</value>
      <uncertainty>0.3</uncertainty>
    </mag>
    <type>ML</type>
    <originID>quakeml:eu.emsc/event/20030828_0000025/origin/1362135</originID>
    <stationCount>6</stationCount>
    <creationInfo>
      <agencyURI>smi:smi-registry/organization/EMSC</agencyURI>
      <authorURI>smi:smi-registry/organization/EMSC</authorURI>
    </creationInfo>
  </magnitude>
</event>
<event publicID="quakeml:eu.emsc/event/20030828_0000013">
  <preferredOriginID>quakeml:eu.emsc/event/20030828_0000013/origin/1362805</preferredOriginID>
  <preferredMagnitudeID>quakeml:eu.emsc/event/20030828_0000013/origin/1362805/mag/2</preferredMagnitudeID>
  <creationInfo>
    <agencyURI>smi:smi-registry/organization/EMSC</agencyURI>
    <authorURI>smi:smi-registry/organization/EMSC</authorURI>
    <creationTime>2014-12-03T11:47:04.48014Z</creationTime>
  </creationInfo>
  <description>
    <text>GREECE</text>
    <type>Flinn-Engdahl region</type>
  </description>
  <origin publicID="quakeml:eu.emsc/event/20030828_0000013/origin/1362805">
    <time>
      <value>2003-08-28T14:20:56.1Z</value>
      <uncertainty>0.32</uncertainty>
    </time>
    <latitude>
      <value>39.0969</value>
      <uncertainty>10.3</uncertainty>
    </latitude>
    <longitude>
      <value>20.6552</value>
      <uncertainty>6.3</uncertainty>
    </longitude>
    <depth>
      <value>10000</value>
    </depth>
    <depthType>from location</depthType>
    <methodID>smi:eu.emsc-csem/origin_method/NA</methodID>
    <quality>
      <usedPhaseCount>13</usedPhaseCount>
      <usedStationCount>10</usedStationCount>
      <standardError>1.11</standardError>
      <azimuthalGap>129</azimuthalGap>
      <minimumDistance>0.39</minimumDistance>
      <maximumDistance>1.99</maximumDistance>
    </quality>
    <evaluationMode>manual</evaluationMode>
    <creationInfo>
      <agencyURI>smi:smi-registry/organization/EMSC</agencyURI>
      <authorURI>smi:smi-registry/organization/EMSC</authorURI>
    </creationInfo>
    <originUncertainty>
      <azimuthMaxHorizontalUncertainty>71</azimuthMaxHorizontalUncertainty>
    </originUncertainty>
  </origin>
  <magnitude publicID="quakeml:eu.emsc/event/20030828_0000013/origin/1362805/mag/2">
    <mag>
      <value>2.6</value>
    </mag>
    <type>ML</type>
    <originID>quakeml:eu.emsc/event/20030828_0000013/origin/1362805</originID>
    <creationInfo>
      <agencyURI>smi:smi-registry/organization/EMSC</agencyURI>
      <authorURI>smi:smi-registry/organization/EMSC</authorURI>
    </creationInfo>
  </magnitude>
</event>
<event publicID="quakeml:eu.emsc/event/20030828_0000026">
  <preferredOriginID>quakeml:eu.emsc/event/20030828_0000026/origin/1355140</preferredOriginID>
  <preferredMagnitudeID>quakeml:eu.emsc/event/20030828_0000026/origin/1355140/mag/2</preferredMagnitudeID>
  <creationInfo>
    <agencyURI>smi:smi-registry/organization/EMSC</agencyURI>
    <authorURI>smi:smi-registry/organization/EMSC</authorURI>
    <creationTime>2014-12-10T18:52:32.207929Z</creationTime>
  </creationInfo>
  <description>
    <text>SWITZERLAND</text>
    <type>Flinn-Engdahl region</type>
  </description>
  <origin publicID="quakeml:eu.emsc/event/20030828_0000026/origin/1355140">
    <time>
      <value>2003-08-28T13:32:36.2Z</value>
    </time>
    <latitude>
      <value>46.255</value>
      <uncertainty>9999.9</uncertainty>
    </latitude>
    <longitude>
      <value>6.959</value>
      <uncertainty>9999.9</uncertainty>
    </longitude>
    <depth>
      <value>0</value>
    </depth>
    <depthType>from location</depthType>
    <methodID>smi:eu.emsc-csem/origin_method/NA</methodID>
    <quality>
      <usedPhaseCount>7</usedPhaseCount>
      <usedStationCount>4</usedStationCount>
      <standardError>1.05</standardError>
      <azimuthalGap>232</azimuthalGap>
      <minimumDistance>0.11</minimumDistance>
      <maximumDistance>0.26</maximumDistance>
    </quality>
    <evaluationMode>manual</evaluationMode>
    <creationInfo>
      <agencyURI>smi:smi-registry/organization/EMSC</agencyURI>
      <authorURI>smi:smi-registry/organization/EMSC</authorURI>
    </creationInfo>
    <originUncertainty>
      <azimuthMaxHorizontalUncertainty>-99</azimuthMaxHorizontalUncertainty>
    </originUncertainty>
  </origin>
  <magnitude publicID="quakeml:eu.emsc/event/20030828_0000026/origin/1355140/mag/2">
    <mag>
      <value>0.9</value>
    </mag>
    <type>ML</type>
    <originID>quakeml:eu.emsc/event/20030828_0000026/origin/1355140</originID>
    <stationCount>4</stationCount>
    <creationInfo>
      <agencyURI>smi:smi-registry/organization/EMSC</agencyURI>
      <authorURI>smi:smi-registry/organization/EMSC</authorURI>
    </creationInfo>
  </magnitude>
</event>
<event publicID="quakeml:eu.emsc/event/20030828_0000012">
  <preferredOriginID>quakeml:eu.emsc/event/20030828_0000012/origin/1362809</preferredOriginID>
  <preferredMagnitudeID>quakeml:eu.emsc/event/20030828_0000012/origin/1362809/mag/2</preferredMagnitudeID>
  <creationInfo>
    <agencyURI>smi:smi-registry/organization/EMSC</agencyURI>
    <authorURI>smi:smi-registry/organization/EMSC</authorURI>
    <creationTime>2014-12-03T11:58:07.492274Z</creationTime>
  </creationInfo>
  <description>
    <text>GREECE</text>
    <type>Flinn-Engdahl region</type>
  </description>
  <origin publicID="quakeml:eu.emsc/event/20030828_0000012/origin/1362809">
    <time>
      <value>2003-08-28T12:01:52.2Z</value>
      <uncertainty>0.32</uncertainty>
    </time>
    <latitude>
      <value>38.3902</value>
      <uncertainty>7.9</uncertainty>
    </latitude>
    <longitude>
      <value>22.0463</value>
      <uncertainty>6.3</uncertainty>
    </longitude>
    <depth>
      <value>2000</value>
    </depth>
    <depthType>from location</depthType>
    <methodID>smi:eu.emsc-csem/origin_method/NA</methodID>
    <quality>
      <usedPhaseCount>26</usedPhaseCount>
      <usedStationCount>19</usedStationCount>
      <standardError>1.4</standardError>
      <azimuthalGap>86</azimuthalGap>
      <minimumDistance>0.56</minimumDistance>
      <maximumDistance>3.88</maximumDistance>
    </quality>
    <evaluationMode>manual</evaluationMode>
    <creationInfo>
      <agencyURI>smi:smi-registry/organization/EMSC</agencyURI>
      <authorURI>smi:smi-registry/organization/EMSC</authorURI>
    </creationInfo>
    <originUncertainty>
      <azimuthMaxHorizontalUncertainty>138</azimuthMaxHorizontalUncertainty>
    </originUncertainty>
  </origin>
  <magnitude publicID="quakeml:eu.emsc/event/20030828_0000012/origin/1362809/mag/2">
    <mag>
      <value>3.2</value>
    </mag>
    <type>ML</type>
    <originID>quakeml:eu.emsc/event/20030828_0000012/origin/1362809</originID>
    <creationInfo>
      <agencyURI>smi:smi-registry/organization/EMSC</agencyURI>
      <authorURI>smi:smi-registry/organization/EMSC</authorURI>
    </creationInfo>
  </magnitude>
</event>
<event publicID="quakeml:eu.emsc/event/20030828_0000021">
  <preferredOriginID>quakeml:eu.emsc/event/20030828_0000021/origin/1362680</preferredOriginID>
  <preferredMagnitudeID>quakeml:eu.emsc/event/20030828_0000021/origin/1362680/mag/2</preferredMagnitudeID>
  <creationInfo>
    <agencyURI>smi:smi-registry/organization/EMSC</agencyURI>
    <authorURI>smi:smi-registry/organization/EMSC</authorURI>
    <creationTime>2014-12-03T11:58:59.6723Z</creationTime>
  </creationInfo>
  <description>
    <text>GULF OF ADEN</text>
    <type>Flinn-Engdahl region</type>
  </description>
  <origin publicID="quakeml:eu.emsc/event/20030828_0000021/origin/1362680">
    <time>
      <value>2003-08-28T11:44:53.7Z</value>
      <uncertainty>0.48</uncertainty>
    </time>
    <latitude>
      <value>13.4173</value>
      <uncertainty>20.3</uncertainty>
    </latitude>
    <longitude>
      <value>50.2205</value>
      <uncertainty>13.6</uncertainty>
    </longitude>
    <depth>
      <value>20000</value>
    </depth>
    <depthType>from location</depthType>
    <methodID>smi:eu.emsc-csem/origin_method/NA</methodID>
    <quality>
      <usedPhaseCount>9</usedPhaseCount>
      <usedStationCount>8</usedStationCount>
      <standardError>0.81</standardError>
      <azimuthalGap>179</azimuthalGap>
      <minimumDistance>1.45</minimumDistance>
      <maximumDistance>45.12</maximumDistance>
    </quality>
    <evaluationMode>manual</evaluationMode>
    <creationInfo>
      <agencyURI>smi:smi-registry/organization/EMSC</agencyURI>
      <authorURI>smi:smi-registry/organization/EMSC</authorURI>
    </creationInfo>
    <originUncertainty>
      <azimuthMaxHorizontalUncertainty>152</azimuthMaxHorizontalUncertainty>
    </originUncertainty>
  </origin>
  <magnitude publicID="quakeml:eu.emsc/event/20030828_0000021/origin/1362680/mag/2">
    <mag>
      <value>3.4</value>
    </mag>
    <type>ML</type>
    <originID>quakeml:eu.emsc/event/20030828_0000021/origin/1362680</originID>
    <creationInfo>
      <agencyURI>smi:smi-registry/organization/EMSC</agencyURI>
      <authorURI>smi:smi-registry/organization/EMSC</authorURI>
    </creationInfo>
  </magnitude>
</event>
<event publicID="quakeml:eu.emsc/event/20030828_0000023">
  <preferredOriginID>quakeml:eu.emsc/event/20030828_0000023/origin/1363608</preferredOriginID>
  <preferredMagnitudeID>quakeml:eu.emsc/event/20030828_0000023/origin/1363608/mag/1</preferredMagnitudeID>
  <creationInfo>
    <agencyURI>smi:smi-registry/organization/EMSC</agencyURI>
    <authorURI>smi:smi-registry/organization/EMSC</authorURI>
    <creationTime>2014-12-03T15:03:19.733024Z</creationTime>
  </creationInfo>
  <description>
    <text>FRANCE</text>
    <type>Flinn-Engdahl region</type>
  </description>
  <origin publicID="quakeml:eu.emsc/event/20030828_0000023/origin/1363608">
    <time>
      <value>2003-08-28T11:24:01.6Z</value>
      <uncertainty>0.09</uncertainty>
    </time>
    <latitude>
      <value>44.4393</value>
      <uncertainty>2</uncertainty>
    </latitude>
    <longitude>
      <value>6.7585</value>
      <uncertainty>1.2</uncertainty>
    </longitude>
    <depth>
      <value>10000</value>
    </depth>
    <depthType>from location</depthType>
    <methodID>smi:eu.emsc-csem/origin_method/NA</methodID>
    <quality>
      <usedPhaseCount>37</usedPhaseCount>
      <usedStationCount>20</usedStationCount>
      <standardError>0.51</standardError>
      <azimuthalGap>97</azimuthalGap>
      <minimumDistance>0.25</minimumDistance>
      <maximumDistance>2.5</maximumDistance>
    </quality>
    <evaluationMode>manual</evaluationMode>
    <creationInfo>
      <agencyURI>smi:smi-registry/organization/EMSC</agencyURI>
      <authorURI>smi:smi-registry/organization/EMSC</authorURI>
    </creationInfo>
    <originUncertainty>
      <azimuthMaxHorizontalUncertainty>70</azimuthMaxHorizontalUncertainty>
    </originUncertainty>
  </origin>
  <magnitude publicID="quakeml:eu.emsc/event/20030828_0000023/origin/1363608/mag/1">
    <mag>
      <value>2.2</value>
      <uncertainty>0.5</uncertainty>
    </mag>
    <type>ML</type>
    <originID>quakeml:eu.emsc/event/20030828_0000023/origin/1363608</originID>
    <stationCount>7</stationCount>
    <creationInfo>
      <agencyURI>smi:smi-registry/organization/EMSC</agencyURI>
      <authorURI>smi:smi-registry/organization/EMSC</authorURI>
    </creationInfo>
  </magnitude>
</event>
<event publicID="quakeml:eu.emsc/event/20030828_0000029">
  <preferredOriginID>quakeml:eu.emsc/event/20030828_0000029/origin/1362139</preferredOriginID>
  <preferredMagnitudeID>quakeml:eu.emsc/event/20030828_0000029/origin/1362139/mag/1</preferredMagnitudeID>
  <creationInfo>
    <agencyURI>smi:smi-registry/organization/EMSC</agencyURI>
    <authorURI>smi:smi-registry/organization/EMSC</authorURI>
    <creationTime>2014-12-03T16:42:32.657171Z</creationTime>
  </creationInfo>
  <description>
    <text>FRANCE</text>
    <type>Flinn-Engdahl region</type>
  </description>
  <origin publicID="quakeml:eu.emsc/event/20030828_0000029/origin/1362139">
    <time>
      <value>2003-08-28T08:37:15.5Z</value>
      <uncertainty>0.06</uncertainty>
    </time>
    <latitude>
      <value>44.4422</value>
      <uncertainty>1.3</uncertainty>
    </latitude>
    <longitude>
      <value>6.7838</value>
      <uncertainty>0.9</uncertainty>
    </longitude>
    <depth>
      <value>15000</value>
    </depth>
    <depthType>from location</depthType>
    <methodID>smi:eu.emsc-csem/origin_method/NA</methodID>
    <quality>
      <usedPhaseCount>39</usedPhaseCount>
      <usedStationCount>22</usedStationCount>
      <standardError>0.31</standardError>
      <azimuthalGap>95</azimuthalGap>
      <minimumDistance>0.24</minimumDistance>
      <maximumDistance>2.49</maximumDistance>
    </quality>
    <evaluationMode>manual</evaluationMode>
    <creationInfo>
      <agencyURI>smi:smi-registry/organization/EMSC</agencyURI>
      <authorURI>smi:smi-registry/organization/EMSC</authorURI>
    </creationInfo>
    <originUncertainty>
      <azimuthMaxHorizontalUncertainty>68</azimuthMaxHorizontalUncertainty>
    </originUncertainty>
  </origin>
  <magnitude publicID="quakeml:eu.emsc/event/20030828_0000029/origin/1362139/mag/1">
    <mag>
      <value>2.3</value>
      <uncertainty>0.6</uncertainty>
    </mag>
    <type>ML</type>
    <originID>quakeml:eu.emsc/event/20030828_0000029/origin/1362139</originID>
    <stationCount>5</stationCount>
    <creationInfo>
      <agencyURI>smi:smi-registry/organization/EMSC</agencyURI>
      <authorURI>smi:smi-registry/organization/EMSC</authorURI>
    </creationInfo>
  </magnitude>
</event>
<event publicID="quakeml:eu.emsc/event/20030828_0000011">
  <preferredOriginID>quakeml:eu.emsc/event/20030828_0000011/origin/1362811</preferredOriginID>
  <preferredMagnitudeID>quakeml:eu.emsc/event/20030828_0000011/origin/1362811/mag/2</preferredMagnitudeID>
  <creationInfo>
    <agencyURI>smi:smi-registry/organization/EMSC</agencyURI>
    <authorURI>smi:smi-registry/organization/EMSC</authorURI>
    <creationTime>2014-12-03T10:23:33.923433Z</creationTime>
  </creationInfo>
  <description>
    <text>AEGEAN SEA</text>
    <type>Flinn-Engdahl region</type>
  </description>
  <origin publicID="quakeml:eu.emsc/event/20030828_0000011/origin/1362811">
    <time>
      <value>2003-08-28T08:17:16.1Z</value>
      <uncertainty>0.3</uncertainty>
    </time>
    <latitude>
      <value>38.4649</value>
      <uncertainty>8.8</uncertainty>
    </latitude>
    <longitude>
      <value>25.4458</value>
      <uncertainty>7.1</uncertainty>
    </longitude>
    <depth>
      <value>10000</value>
    </depth>
    <depthType>from location</depthType>
    <methodID>smi:eu.emsc-csem/origin_method/NA</methodID>
    <quality>
      <usedPhaseCount>12</usedPhaseCount>
      <usedStationCount>11</usedStationCount>
      <standardError>0.94</standardError>
      <azimuthalGap>78</azimuthalGap>
      <minimumDistance>1.01</minimumDistance>
      <maximumDistance>2.71</maximumDistance>
    </quality>
    <evaluationMode>manual</evaluationMode>
    <creationInfo>
      <agencyURI>smi:smi-registry/organization/EMSC</agencyURI>
      <authorURI>smi:smi-registry/organization/EMSC</authorURI>
    </creationInfo>
    <originUncertainty>
      <azimuthMaxHorizontalUncertainty>101</azimuthMaxHorizontalUncertainty>
    </originUncertainty>
  </origin>
  <magnitude publicID="quakeml:eu.emsc/event/20030828_0000011/origin/1362811/mag/2">
    <mag>
      <value>3.1</value>
    </mag>
    <type>ML</type>
    <originID>quakeml:eu.emsc/event/20030828_0000011/origin/1362811</originID>
    <creationInfo>
      <agencyURI>smi:smi-registry/organization/EMSC</agencyURI>
      <authorURI>smi:smi-registry/organization/EMSC</authorURI>
    </creationInfo>
  </magnitude>
</event>
<event publicID="quakeml:eu.emsc/event/20030828_0000024">
  <preferredOriginID>quakeml:eu.emsc/event/20030828_0000024/origin/1355142</preferredOriginID>
  <preferredMagnitudeID>quakeml:eu.emsc/event/20030828_0000024/origin/1355142/mag/2</preferredMagnitudeID>
  <creationInfo>
    <agencyURI>smi:smi-registry/organization/EMSC</agencyURI>
    <authorURI>smi:smi-registry/organization/EMSC</authorURI>
    <creationTime>2014-12-10T18:52:31.70832Z</creationTime>
  </creationInfo>
  <description>
    <text>FRANCE</text>
    <type>Flinn-Engdahl region</type>
  </description>
  <origin publicID="quakeml:eu.emsc/event/20030828_0000024/origin/1355142">
    <time>
      <value>2003-08-28T06:38:34.2Z</value>
    </time>
    <latitude>
      <value>46.3048</value>
      <uncertainty>9999.9</uncertainty>
    </latitude>
    <longitude>
      <value>1.5038</value>
      <uncertainty>9999.9</uncertainty>
    </longitude>
    <depth>
      <value>2000</value>
    </depth>
    <depthType>from location</depthType>
    <methodID>smi:eu.emsc-csem/origin_method/NA</methodID>
    <quality>
      <usedPhaseCount>24</usedPhaseCount>
      <usedStationCount>10</usedStationCount>
      <standardError>1.63</standardError>
      <azimuthalGap>133</azimuthalGap>
      <minimumDistance>0.49</minimumDistance>
      <maximumDistance>3.01</maximumDistance>
    </quality>
    <evaluationMode>manual</evaluationMode>
    <creationInfo>
      <agencyURI>smi:smi-registry/organization/EMSC</agencyURI>
      <authorURI>smi:smi-registry/organization/EMSC</authorURI>
    </creationInfo>
    <originUncertainty>
      <azimuthMaxHorizontalUncertainty>-99</azimuthMaxHorizontalUncertainty>
    </originUncertainty>
  </origin>
  <magnitude publicID="quakeml:eu.emsc/event/20030828_0000024/origin/1355142/mag/2">
    <mag>
      <value>2.3</value>
      <uncertainty>0.2</uncertainty>
    </mag>
    <type>ML</type>
    <originID>quakeml:eu.emsc/event/20030828_0000024/origin/1355142</originID>
    <stationCount>9</stationCount>
    <creationInfo>
      <agencyURI>smi:smi-registry/organization/EMSC</agencyURI>
      <authorURI>smi:smi-registry/organization/EMSC</authorURI>
    </creationInfo>
  </magnitude>
</event>
<event publicID="quakeml:eu.emsc/event/20030828_0000010">
  <preferredOriginID>quakeml:eu.emsc/event/20030828_0000010/origin/1355144</preferredOriginID>
  <preferredMagnitudeID>quakeml:eu.emsc/event/20030828_0000010/origin/1355144/mag/2</preferredMagnitudeID>
  <creationInfo>
    <agencyURI>smi:smi-registry/organization/EMSC</agencyURI>
    <authorURI>smi:smi-registry/organization/EMSC</authorURI>
    <creationTime>2014-12-10T22:52:29.897857Z</creationTime>
  </creationInfo>
  <description>
    <text>GREECE</text>
    <type>Flinn-Engdahl region</type>
  </description>
  <origin publicID="quakeml:eu.emsc/event/20030828_0000010/origin/1355144">
    <time>
      <value>2003-08-28T05:47:59.8Z</value>
    </time>
    <latitude>
      <value>38.36</value>
      <uncertainty>9999.9</uncertainty>
    </latitude>
    <longitude>
      <value>20.26</value>
      <uncertainty>9999.9</uncertainty>
    </longitude>
    <depth>
      <value>11000</value>
    </depth>
    <depthType>from location</depthType>
    <methodID>smi:eu.emsc-csem/origin_method/NA</methodID>
    <quality>
      <usedPhaseCount>5</usedPhaseCount>
      <usedStationCount>4</usedStationCount>
      <standardError>1.12</standardError>
      <azimuthalGap>293</azimuthalGap>
      <minimumDistance>0.32</minimumDistance>
      <maximumDistance>1.77</maximumDistance>
    </quality>
    <evaluationMode>manual</evaluationMode>
    <creationInfo>
      <agencyURI>smi:smi-registry/organization/EMSC</agencyURI>
      <authorURI>smi:smi-registry/organization/EMSC</authorURI>
    </creationInfo>
    <originUncertainty>
      <azimuthMaxHorizontalUncertainty>-99</azimuthMaxHorizontalUncertainty>
    </originUncertainty>
  </origin>
  <magnitude publicID="quakeml:eu.emsc/event/20030828_0000010/origin/1355144/mag/2">
    <mag>
      <value>3.5</value>
    </mag>
    <type>MD</type>
    <originID>quakeml:eu.emsc/event/20030828_0000010/origin/1355144</originID>
    <creationInfo>
      <agencyURI>smi:smi-registry/organization/EMSC</agencyURI>
      <authorURI>smi:smi-registry/organization/EMSC</authorURI>
    </creationInfo>
  </magnitude>
</event>
<event publicID="quakeml:eu.emsc/event/20030828_0000008">
  <preferredOriginID>quakeml:eu.emsc/event/20030828_0000008/origin/1362814</preferredOriginID>
  <preferredMagnitudeID>quakeml:eu.emsc/event/20030828_0000008/origin/1362814/mag/1</preferredMagnitudeID>
  <creationInfo>
    <agencyURI>smi:smi-registry/organization/EMSC</agencyURI>
    <authorURI>smi:smi-registry/organization/EMSC</authorURI>
    <creationTime>2014-12-03T11:44:01.184403Z</creationTime>
  </creationInfo>
  <description>
    <text>AZORES-CAPE ST. VINCENT RIDGE</text>
    <type>Flinn-Engdahl region</type>
  </description>
  <origin publicID="quakeml:eu.emsc/event/20030828_0000008/origin/1362814">
    <time>
      <value>2003-08-28T04:34:29.7Z</value>
      <uncertainty>0.52</uncertainty>
    </time>
    <latitude>
      <value>36.9003</value>
      <uncertainty>9.9</uncertainty>
    </latitude>
    <longitude>
      <value>-12.1955</value>
      <uncertainty>7.4</uncertainty>
    </longitude>
    <depth>
      <value>35000</value>
    </depth>
    <depthType>from location</depthType>
    <methodID>smi:eu.emsc-csem/origin_method/NA</methodID>
    <quality>
      <usedPhaseCount>25</usedPhaseCount>
      <usedStationCount>17</usedStationCount>
      <standardError>0.83</standardError>
      <azimuthalGap>292</azimuthalGap>
      <minimumDistance>2.84</minimumDistance>
      <maximumDistance>6.57</maximumDistance>
    </quality>
    <evaluationMode>manual</evaluationMode>
    <creationInfo>
      <agencyURI>smi:smi-registry/organization/EMSC</agencyURI>
      <authorURI>smi:smi-registry/organization/EMSC</authorURI>
    </creationInfo>
    <originUncertainty>
      <azimuthMaxHorizontalUncertainty>44</azimuthMaxHorizontalUncertainty>
    </originUncertainty>
  </origin>
  <magnitude publicID="quakeml:eu.emsc/event/20030828_0000008/origin/1362814/mag/1">
    <mag>
      <value>2.8</value>
      <uncertainty>0.5</uncertainty>
    </mag>
    <type>ML</type>
    <originID>quakeml:eu.emsc/event/20030828_0000008/origin/1362814</originID>
    <stationCount>8</stationCount>
    <creationInfo>
      <agencyURI>smi:smi-registry/organization/EMSC</agencyURI>
      <authorURI>smi:smi-registry/organization/EMSC</authorURI>
    </creationInfo>
  </magnitude>
</event>
<event publicID="quakeml:eu.emsc/event/20030828_0000007">
  <preferredOriginID>quakeml:eu.emsc/event/20030828_0000007/origin/1355146</preferredOriginID>
  <preferredMagnitudeID>quakeml:eu.emsc/event/20030828_0000007/origin/1355146/mag/2</preferredMagnitudeID>
  <creationInfo>
    <agencyURI>smi:smi-registry/organization/EMSC</agencyURI>
    <authorURI>smi:smi-registry/organization/EMSC</authorURI>
    <creationTime>2014-12-10T22:52:24.637822Z</creationTime>
  </creationInfo>
  <description>
    <text>CENTRAL TURKEY</text>
    <type>Flinn-Engdahl region</type>
  </description>
  <origin publicID="quakeml:eu.emsc/event/20030828_0000007/origin/1355146">
    <time>
      <value>2003-08-28T03:38:01.3Z</value>
    </time>
    <latitude>
      <value>40.465</value>
      <uncertainty>9999.9</uncertainty>
    </latitude>
    <longitude>
      <value>33.046</value>
      <uncertainty>9999.9</uncertainty>
    </longitude>
    <depth>
      <value>9000</value>
    </depth>
    <depthType>from location</depthType>
    <methodID>smi:eu.emsc-csem/origin_method/NA</methodID>
    <quality>
      <usedPhaseCount>8</usedPhaseCount>
      <usedStationCount>7</usedStationCount>
      <standardError>0.63</standardError>
      <azimuthalGap>71</azimuthalGap>
      <minimumDistance>0.46</minimumDistance>
      <maximumDistance>1.93</maximumDistance>
    </quality>
    <evaluationMode>manual</evaluationMode>
    <creationInfo>
      <agencyURI>smi:smi-registry/organization/EMSC</agencyURI>
      <authorURI>smi:smi-registry/organization/EMSC</authorURI>
    </creationInfo>
    <originUncertainty>
      <azimuthMaxHorizontalUncertainty>-99</azimuthMaxHorizontalUncertainty>
    </originUncertainty>
  </origin>
  <magnitude publicID="quakeml:eu.emsc/event/20030828_0000007/origin/1355146/mag/2">
    <mag>
      <value>2.9</value>
    </mag>
    <type>MD</type>
    <originID>quakeml:eu.emsc/event/20030828_0000007/origin/1355146</originID>
    <creationInfo>
      <agencyURI>smi:smi-registry/organization/EMSC</agencyURI>
      <authorURI>smi:smi-registry/organization/EMSC</authorURI>
    </creationInfo>
  </magnitude>
</event>
<event publicID="quakeml:eu.emsc/event/20030828_0000030">
  <preferredOriginID>quakeml:eu.emsc/event/20030828_0000030/origin/1363612</preferredOriginID>
  <preferredMagnitudeID>quakeml:eu.emsc/event/20030828_0000030/origin/1363612/mag/1</preferredMagnitudeID>
  <creationInfo>
    <agencyURI>smi:smi-registry/organization/EMSC</agencyURI>
    <authorURI>smi:smi-registry/organization/EMSC</authorURI>
    <creationTime>2014-12-03T16:55:20.945561Z</creationTime>
  </creationInfo>
  <description>
    <text>FRANCE</text>
    <type>Flinn-Engdahl region</type>
  </description>
  <origin publicID="quakeml:eu.emsc/event/20030828_0000030/origin/1363612">
    <time>
      <value>2003-08-28T03:10:31.2Z</value>
      <uncertainty>0.05</uncertainty>
    </time>
    <latitude>
      <value>44.295</value>
      <uncertainty>1.4</uncertainty>
    </latitude>
    <longitude>
      <value>6.9382</value>
      <uncertainty>0.8</uncertainty>
    </longitude>
    <depth>
      <value>15000</value>
    </depth>
    <depthType>from location</depthType>
    <methodID>smi:eu.emsc-csem/origin_method/NA</methodID>
    <quality>
      <usedPhaseCount>44</usedPhaseCount>
      <usedStationCount>24</usedStationCount>
      <standardError>0.38</standardError>
      <azimuthalGap>91</azimuthalGap>
      <minimumDistance>0.24</minimumDistance>
      <maximumDistance>2.3</maximumDistance>
    </quality>
    <evaluationMode>manual</evaluationMode>
    <creationInfo>
      <agencyURI>smi:smi-registry/organization/EMSC</agencyURI>
      <authorURI>smi:smi-registry/organization/EMSC</authorURI>
    </creationInfo>
    <originUncertainty>
      <azimuthMaxHorizontalUncertainty>75</azimuthMaxHorizontalUncertainty>
    </originUncertainty>
  </origin>
  <magnitude publicID="quakeml:eu.emsc/event/20030828_0000030/origin/1363612/mag/1">
    <mag>
      <value>2</value>
      <uncertainty>0.3</uncertainty>
    </mag>
    <type>ML</type>
    <originID>quakeml:eu.emsc/event/20030828_0000030/origin/1363612</originID>
    <stationCount>7</stationCount>
    <creationInfo>
      <agencyURI>smi:smi-registry/organization/EMSC</agencyURI>
      <authorURI>smi:smi-registry/organization/EMSC</authorURI>
    </creationInfo>
  </magnitude>
</event>
<event publicID="quakeml:eu.emsc/event/20030828_0000006">
  <preferredOriginID>quakeml:eu.emsc/event/20030828_0000006/origin/1362818</preferredOriginID>
  <preferredMagnitudeID>quakeml:eu.emsc/event/20030828_0000006/origin/1362818/mag/2</preferredMagnitudeID>
  <creationInfo>
    <agencyURI>smi:smi-registry/organization/EMSC</agencyURI>
    <authorURI>smi:smi-registry/organization/EMSC</authorURI>
    <creationTime>2014-12-03T11:33:35.318299Z</creationTime>
  </creationInfo>
  <description>
    <text>GREECE</text>
    <type>Flinn-Engdahl region</type>
  </description>
  <origin publicID="quakeml:eu.emsc/event/20030828_0000006/origin/1362818">
    <time>
      <value>2003-08-28T03:00:44.0Z</value>
      <uncertainty>0.25</uncertainty>
    </time>
    <latitude>
      <value>38.9519</value>
      <uncertainty>6.3</uncertainty>
    </latitude>
    <longitude>
      <value>23.2901</value>
      <uncertainty>5</uncertainty>
    </longitude>
    <depth>
      <value>2000</value>
    </depth>
    <depthType>from location</depthType>
    <methodID>smi:eu.emsc-csem/origin_method/NA</methodID>
    <quality>
      <usedPhaseCount>15</usedPhaseCount>
      <usedStationCount>10</usedStationCount>
      <standardError>0.87</standardError>
      <azimuthalGap>89</azimuthalGap>
      <minimumDistance>0.36</minimumDistance>
      <maximumDistance>4.16</maximumDistance>
    </quality>
    <evaluationMode>manual</evaluationMode>
    <creationInfo>
      <agencyURI>smi:smi-registry/organization/EMSC</agencyURI>
      <authorURI>smi:smi-registry/organization/EMSC</authorURI>
    </creationInfo>
    <originUncertainty>
      <azimuthMaxHorizontalUncertainty>82</azimuthMaxHorizontalUncertainty>
    </originUncertainty>
  </origin>
  <magnitude publicID="quakeml:eu.emsc/event/20030828_0000006/origin/1362818/mag/2">
    <mag>
      <value>2.4</value>
    </mag>
    <type>ML</type>
    <originID>quakeml:eu.emsc/event/20030828_0000006/origin/1362818</originID>
    <creationInfo>
      <agencyURI>smi:smi-registry/organization/EMSC</agencyURI>
      <authorURI>smi:smi-registry/organization/EMSC</authorURI>
    </creationInfo>
  </magnitude>
</event>
<event publicID="quakeml:eu.emsc/event/20030828_0000005">
  <preferredOriginID>quakeml:eu.emsc/event/20030828_0000005/origin/1355148</preferredOriginID>
  <preferredMagnitudeID>quakeml:eu.emsc/event/20030828_0000005/origin/1355148/mag/2</preferredMagnitudeID>
  <creationInfo>
    <agencyURI>smi:smi-registry/organization/EMSC</agencyURI>
    <authorURI>smi:smi-registry/organization/EMSC</authorURI>
    <creationTime>2014-12-10T22:52:18.298108Z</creationTime>
  </creationInfo>
  <description>
    <text>WESTERN TURKEY</text>
    <type>Flinn-Engdahl region</type>
  </description>
  <origin publicID="quakeml:eu.emsc/event/20030828_0000005/origin/1355148">
    <time>
      <value>2003-08-28T02:38:38.6Z</value>
    </time>
    <latitude>
      <value>40.122</value>
      <uncertainty>9999.9</uncertainty>
    </latitude>
    <longitude>
      <value>29.259</value>
      <uncertainty>9999.9</uncertainty>
    </longitude>
    <depth>
      <value>8000</value>
    </depth>
    <depthType>from location</depthType>
    <methodID>smi:eu.emsc-csem/origin_method/NA</methodID>
    <quality>
      <usedPhaseCount>25</usedPhaseCount>
      <usedStationCount>22</usedStationCount>
      <standardError>1.06</standardError>
      <azimuthalGap>41</azimuthalGap>
      <minimumDistance>0.54</minimumDistance>
      <maximumDistance>3.52</maximumDistance>
    </quality>
    <evaluationMode>manual</evaluationMode>
    <creationInfo>
      <agencyURI>smi:smi-registry/organization/EMSC</agencyURI>
      <authorURI>smi:smi-registry/organization/EMSC</authorURI>
    </creationInfo>
    <originUncertainty>
      <azimuthMaxHorizontalUncertainty>-99</azimuthMaxHorizontalUncertainty>
    </originUncertainty>
  </origin>
  <magnitude publicID="quakeml:eu.emsc/event/20030828_0000005/origin/1355148/mag/2">
    <mag>
      <value>3.1</value>
    </mag>
    <type>MD</type>
    <originID>quakeml:eu.emsc/event/20030828_0000005/origin/1355148</originID>
    <creationInfo>
      <agencyURI>smi:smi-registry/organization/EMSC</agencyURI>
      <authorURI>smi:smi-registry/organization/EMSC</authorURI>
    </creationInfo>
  </magnitude>
</event>
<event publicID="quakeml:eu.emsc/event/20030828_0000004">
  <preferredOriginID>quakeml:eu.emsc/event/20030828_0000004/origin/1355150</preferredOriginID>
  <preferredMagnitudeID>quakeml:eu.emsc/event/20030828_0000004/origin/1355150/mag/2</preferredMagnitudeID>
  <creationInfo>
    <agencyURI>smi:smi-registry/organization/EMSC</agencyURI>
    <authorURI>smi:smi-registry/organization/EMSC</authorURI>
    <creationTime>2014-12-10T22:52:15.882302Z</creationTime>
  </creationInfo>
  <description>
    <text>WESTERN TURKEY</text>
    <type>Flinn-Engdahl region</type>
  </description>
  <origin publicID="quakeml:eu.emsc/event/20030828_0000004/origin/1355150">
    <time>
      <value>2003-08-28T02:18:05.0Z</value>
    </time>
    <latitude>
      <value>40.075</value>
      <uncertainty>9999.9</uncertainty>
    </latitude>
    <longitude>
      <value>29.377</value>
      <uncertainty>9999.9</uncertainty>
    </longitude>
    <depth>
      <value>9000</value>
    </depth>
    <depthType>from location</depthType>
    <methodID>smi:eu.emsc-csem/origin_method/NA</methodID>
    <quality>
      <usedPhaseCount>18</usedPhaseCount>
      <usedStationCount>15</usedStationCount>
      <standardError>0.8</standardError>
      <azimuthalGap>110</azimuthalGap>
      <minimumDistance>0.63</minimumDistance>
      <maximumDistance>2.28</maximumDistance>
    </quality>
    <evaluationMode>manual</evaluationMode>
    <creationInfo>
      <agencyURI>smi:smi-registry/organization/EMSC</agencyURI>
      <authorURI>smi:smi-registry/organization/EMSC</authorURI>
    </creationInfo>
    <originUncertainty>
      <azimuthMaxHorizontalUncertainty>-99</azimuthMaxHorizontalUncertainty>
    </originUncertainty>
  </origin>
  <magnitude publicID="quakeml:eu.emsc/event/20030828_0000004/origin/1355150/mag/2">
    <mag>
      <value>3.1</value>
    </mag>
    <type>MD</type>
    <originID>quakeml:eu.emsc/event/20030828_0000004/origin/1355150</originID>
    <creationInfo>
      <agencyURI>smi:smi-registry/organization/EMSC</agencyURI>
      <authorURI>smi:smi-registry/organization/EMSC</authorURI>
    </creationInfo>
  </magnitude>
</event>
<event publicID="quakeml:eu.emsc/event/20030828_0000003">
  <preferredOriginID>quakeml:eu.emsc/event/20030828_0000003/origin/1355152</preferredOriginID>
  <preferredMagnitudeID>quakeml:eu.emsc/event/20030828_0000003/origin/1355152/mag/2</preferredMagnitudeID>
  <creationInfo>
    <agencyURI>smi:smi-registry/organization/EMSC</agencyURI>
    <authorURI>smi:smi-registry/organization/EMSC</authorURI>
    <creationTime>2014-12-10T22:52:12.128051Z</creationTime>
  </creationInfo>
  <description>
    <text>ROMANIA</text>
    <type>Flinn-Engdahl region</type>
  </description>
  <origin publicID="quakeml:eu.emsc/event/20030828_0000003/origin/1355152">
    <time>
      <value>2003-08-28T02:06:07.1Z</value>
    </time>
    <latitude>
      <value>45.661</value>
      <uncertainty>9999.9</uncertainty>
    </latitude>
    <longitude>
      <value>26.787</value>
      <uncertainty>9999.9</uncertainty>
    </longitude>
    <depth>
      <value>102200.0</value>
    </depth>
    <depthType>from location</depthType>
    <methodID>smi:eu.emsc-csem/origin_method/NA</methodID>
    <quality>
      <usedPhaseCount>10</usedPhaseCount>
      <usedStationCount>6</usedStationCount>
      <standardError>0.72</standardError>
      <azimuthalGap>127</azimuthalGap>
      <minimumDistance>0.21</minimumDistance>
      <maximumDistance>1.26</maximumDistance>
    </quality>
    <evaluationMode>manual</evaluationMode>
    <creationInfo>
      <agencyURI>smi:smi-registry/organization/EMSC</agencyURI>
      <authorURI>smi:smi-registry/organization/EMSC</authorURI>
    </creationInfo>
    <originUncertainty>
      <azimuthMaxHorizontalUncertainty>-99</azimuthMaxHorizontalUncertainty>
    </originUncertainty>
  </origin>
  <magnitude publicID="quakeml:eu.emsc/event/20030828_0000003/origin/1355152/mag/2">
    <mag>
      <value>3</value>
      <uncertainty>0.1</uncertainty>
    </mag>
    <type>MD</type>
    <originID>quakeml:eu.emsc/event/20030828_0000003/origin/1355152</originID>
    <stationCount>4</stationCount>
    <creationInfo>
      <agencyURI>smi:smi-registry/organization/EMSC</agencyURI>
      <authorURI>smi:smi-registry/organization/EMSC</authorURI>
    </creationInfo>
  </magnitude>
</event>
<event publicID="quakeml:eu.emsc/event/20030828_0000002">
  <preferredOriginID>quakeml:eu.emsc/event/20030828_0000002/origin/1363637</preferredOriginID>
  <preferredMagnitudeID>quakeml:eu.emsc/event/20030828_0000002/origin/1363637/mag/2</preferredMagnitudeID>
  <creationInfo>
    <agencyURI>smi:smi-registry/organization/EMSC</agencyURI>
    <authorURI>smi:smi-registry/organization/EMSC</authorURI>
    <creationTime>2014-12-03T10:21:13.645981Z</creationTime>
  </creationInfo>
  <description>
    <text>GREECE</text>
    <type>Flinn-Engdahl region</type>
  </description>
  <origin publicID="quakeml:eu.emsc/event/20030828_0000002/origin/1363637">
    <time>
      <value>2003-08-28T01:16:32.5Z</value>
      <uncertainty>0.17</uncertainty>
    </time>
    <latitude>
      <value>39.1604</value>
      <uncertainty>5.5</uncertainty>
    </latitude>
    <longitude>
      <value>20.5952</value>
      <uncertainty>3.1</uncertainty>
    </longitude>
    <depth>
      <value>40000</value>
    </depth>
    <depthType>from location</depthType>
    <methodID>smi:eu.emsc-csem/origin_method/NA</methodID>
    <quality>
      <usedPhaseCount>97</usedPhaseCount>
      <usedStationCount>94</usedStationCount>
      <standardError>1.04</standardError>
      <azimuthalGap>102</azimuthalGap>
      <minimumDistance>1.36</minimumDistance>
      <maximumDistance>44.99</maximumDistance>
    </quality>
    <evaluationMode>manual</evaluationMode>
    <creationInfo>
      <agencyURI>smi:smi-registry/organization/EMSC</agencyURI>
      <authorURI>smi:smi-registry/organization/EMSC</authorURI>
    </creationInfo>
    <originUncertainty>
      <azimuthMaxHorizontalUncertainty>11</azimuthMaxHorizontalUncertainty>
    </originUncertainty>
  </origin>
  <magnitude publicID="quakeml:eu.emsc/event/20030828_0000002/origin/1363637/mag/2">
    <mag>
      <value>3.8</value>
    </mag>
    <type>ML</type>
    <originID>quakeml:eu.emsc/event/20030828_0000002/origin/1363637</originID>
    <creationInfo>
      <agencyURI>smi:smi-registry/organization/EMSC</agencyURI>
      <authorURI>smi:smi-registry/organization/EMSC</authorURI>
    </creationInfo>
  </magnitude>
</event>
<event publicID="quakeml:eu.emsc/event/20030828_0000001">
  <preferredOriginID>quakeml:eu.emsc/event/20030828_0000001/origin/1362821</preferredOriginID>
  <preferredMagnitudeID>quakeml:eu.emsc/event/20030828_0000001/origin/1362821/mag/2</preferredMagnitudeID>
  <creationInfo>
    <agencyURI>smi:smi-registry/organization/EMSC</agencyURI>
    <authorURI>smi:smi-registry/organization/EMSC</authorURI>
    <creationTime>2014-12-03T11:30:00.69076Z</creationTime>
  </creationInfo>
  <description>
    <text>OWEN FRACTURE ZONE REGION</text>
    <type>Flinn-Engdahl region</type>
  </description>
  <origin publicID="quakeml:eu.emsc/event/20030828_0000001/origin/1362821">
    <time>
      <value>2003-08-28T00:27:09.6Z</value>
      <uncertainty>0.87</uncertainty>
    </time>
    <latitude>
      <value>14.6343</value>
      <uncertainty>24.6</uncertainty>
    </latitude>
    <longitude>
      <value>55.8209</value>
      <uncertainty>21.4</uncertainty>
    </longitude>
    <depth>
      <value>30000</value>
    </depth>
    <depthType>from location</depthType>
    <methodID>smi:eu.emsc-csem/origin_method/NA</methodID>
    <quality>
      <usedPhaseCount>9</usedPhaseCount>
      <usedStationCount>8</usedStationCount>
      <standardError>0.73</standardError>
      <azimuthalGap>294</azimuthalGap>
      <minimumDistance>3.25</minimumDistance>
      <maximumDistance>58.07</maximumDistance>
    </quality>
    <evaluationMode>manual</evaluationMode>
    <creationInfo>
      <agencyURI>smi:smi-registry/organization/EMSC</agencyURI>
      <authorURI>smi:smi-registry/organization/EMSC</authorURI>
    </creationInfo>
    <originUncertainty>
      <azimuthMaxHorizontalUncertainty>177</azimuthMaxHorizontalUncertainty>
    </originUncertainty>
  </origin>
  <magnitude publicID="quakeml:eu.emsc/event/20030828_0000001/origin/1362821/mag/2">
    <mag>
      <value>4.1</value>
    </mag>
    <type>mb</type>
    <originID>quakeml:eu.emsc/event/20030828_0000001/origin/1362821</originID>
    <stationCount>1</stationCount>
    <creationInfo>
      <agencyURI>smi:smi-registry/organization/EMSC</agencyURI>
      <authorURI>smi:smi-registry/organization/EMSC</authorURI>
    </creationInfo>
  </magnitude>
</event>
</eventParameters>
</q:quakeml>
