<?xml version="1.0"?>
<q:quakeml xmlns:q="http://quakeml.org/xmlns/quakeml/1.2"  xmlns="http://quakeml.org/xmlns/bed/1.2">
<eventParameters publicID="smi:eu.emsc/unid">
<event publicID="quakeml:eu.emsc/event/20030221_0000016">
  <preferredOriginID>quakeml:eu.emsc/event/20030221_0000016/origin/1376630</preferredOriginID>
  <creationInfo>
    <agencyURI>smi:smi-registry/organization/EMSC</agencyURI>
    <authorURI>smi:smi-registry/organization/EMSC</authorURI>
    <creationTime>2014-12-03T11:11:47.729749Z</creationTime>
  </creationInfo>
  <description>
    <text>CROATIA</text>
    <type>Flinn-Engdahl region</type>
  </description>
  <origin publicID="quakeml:eu.emsc/event/20030221_0000016/origin/1376630">
    <time>
      <value>2003-02-21T21:53:37.8Z</value>
      <uncertainty>0.21</uncertainty>
    </time>
    <latitude>
      <value>45.475</value>
      <uncertainty>5.1</uncertainty>
    </latitude>
    <longitude>
      <value>16.1701</value>
      <uncertainty>3.1</uncertainty>
    </longitude>
    <depth>
      <value>12000</value>
    </depth>
    <depthType>from location</depthType>
    <methodID>smi:eu.emsc-csem/origin_method/NA</methodID>
    <quality>
      <usedPhaseCount>37</usedPhaseCount>
      <usedStationCount>21</usedStationCount>
      <standardError>1.07</standardError>
      <azimuthalGap>134</azimuthalGap>
      <minimumDistance>0.14</minimumDistance>
      <maximumDistance>5.38</maximumDistance>
    </quality>
    <evaluationMode>manual</evaluationMode>
    <creationInfo>
      <agencyURI>smi:smi-registry/organization/EMSC</agencyURI>
      <authorURI>smi:smi-registry/organization/EMSC</authorURI>
    </creationInfo>
    <originUncertainty>
      <azimuthMaxHorizontalUncertainty>9</azimuthMaxHorizontalUncertainty>
    </originUncertainty>
  </origin>
</event>
<event publicID="quakeml:eu.emsc/event/20030221_0000021">
  <preferredOriginID>quakeml:eu.emsc/event/20030221_0000021/origin/1375691</preferredOriginID>
  <preferredMagnitudeID>quakeml:eu.emsc/event/20030221_0000021/origin/1375691/mag/2</preferredMagnitudeID>
  <creationInfo>
    <agencyURI>smi:smi-registry/organization/EMSC</agencyURI>
    <authorURI>smi:smi-registry/organization/EMSC</authorURI>
    <creationTime>2014-12-03T16:26:58.675116Z</creationTime>
  </creationInfo>
  <description>
    <text>PYRENEES</text>
    <type>Flinn-Engdahl region</type>
  </description>
  <origin publicID="quakeml:eu.emsc/event/20030221_0000021/origin/1375691">
    <time>
      <value>2003-02-21T19:53:51.9Z</value>
      <uncertainty>0.12</uncertainty>
    </time>
    <latitude>
      <value>42.9963</value>
      <uncertainty>6.4</uncertainty>
    </latitude>
    <longitude>
      <value>0.2925</value>
      <uncertainty>1.7</uncertainty>
    </longitude>
    <depth>
      <value>19100.0</value>
      <uncertainty>0.1</uncertainty>
    </depth>
    <depthType>from location</depthType>
    <methodID>smi:eu.emsc-csem/origin_method/NA</methodID>
    <quality>
      <usedPhaseCount>11</usedPhaseCount>
      <usedStationCount>6</usedStationCount>
      <standardError>0.3</standardError>
      <azimuthalGap>130</azimuthalGap>
      <minimumDistance>0.05</minimumDistance>
      <maximumDistance>2.47</maximumDistance>
    </quality>
    <evaluationMode>manual</evaluationMode>
    <creationInfo>
      <agencyURI>smi:smi-registry/organization/EMSC</agencyURI>
      <authorURI>smi:smi-registry/organization/EMSC</authorURI>
    </creationInfo>
    <originUncertainty>
      <azimuthMaxHorizontalUncertainty>177</azimuthMaxHorizontalUncertainty>
    </originUncertainty>
  </origin>
  <magnitude publicID="quakeml:eu.emsc/event/20030221_0000021/origin/1375691/mag/2">
    <mag>
      <value>2.2</value>
    </mag>
    <type>ML</type>
    <originID>quakeml:eu.emsc/event/20030221_0000021/origin/1375691</originID>
    <creationInfo>
      <agencyURI>smi:smi-registry/organization/EMSC</agencyURI>
      <authorURI>smi:smi-registry/organization/EMSC</authorURI>
    </creationInfo>
  </magnitude>
</event>
<event publicID="quakeml:eu.emsc/event/20030221_0000019">
  <preferredOriginID>quakeml:eu.emsc/event/20030221_0000019/origin/1360240</preferredOriginID>
  <preferredMagnitudeID>quakeml:eu.emsc/event/20030221_0000019/origin/1360240/mag/2</preferredMagnitudeID>
  <creationInfo>
    <agencyURI>smi:smi-registry/organization/EMSC</agencyURI>
    <authorURI>smi:smi-registry/organization/EMSC</authorURI>
    <creationTime>2014-12-10T18:58:02.360258Z</creationTime>
  </creationInfo>
  <description>
    <text>NORTHERN ITALY</text>
    <type>Flinn-Engdahl region</type>
  </description>
  <origin publicID="quakeml:eu.emsc/event/20030221_0000019/origin/1360240">
    <time>
      <value>2003-02-21T19:35:18.7Z</value>
    </time>
    <latitude>
      <value>44.507</value>
      <uncertainty>9999.9</uncertainty>
    </latitude>
    <longitude>
      <value>7.205</value>
      <uncertainty>9999.9</uncertainty>
    </longitude>
    <depth>
      <value>11100.0</value>
    </depth>
    <depthType>from location</depthType>
    <methodID>smi:eu.emsc-csem/origin_method/NA</methodID>
    <quality>
      <usedPhaseCount>7</usedPhaseCount>
      <usedStationCount>4</usedStationCount>
      <standardError>5.51</standardError>
      <azimuthalGap>124</azimuthalGap>
      <minimumDistance>0.07</minimumDistance>
      <maximumDistance>0.58</maximumDistance>
    </quality>
    <evaluationMode>manual</evaluationMode>
    <creationInfo>
      <agencyURI>smi:smi-registry/organization/EMSC</agencyURI>
      <authorURI>smi:smi-registry/organization/EMSC</authorURI>
    </creationInfo>
    <originUncertainty>
      <azimuthMaxHorizontalUncertainty>-99</azimuthMaxHorizontalUncertainty>
    </originUncertainty>
  </origin>
  <magnitude publicID="quakeml:eu.emsc/event/20030221_0000019/origin/1360240/mag/2">
    <mag>
      <value>1.2</value>
    </mag>
    <type>ML</type>
    <originID>quakeml:eu.emsc/event/20030221_0000019/origin/1360240</originID>
    <creationInfo>
      <agencyURI>smi:smi-registry/organization/EMSC</agencyURI>
      <authorURI>smi:smi-registry/organization/EMSC</authorURI>
    </creationInfo>
  </magnitude>
</event>
<event publicID="quakeml:eu.emsc/event/20030221_0000020">
  <preferredOriginID>quakeml:eu.emsc/event/20030221_0000020/origin/1360242</preferredOriginID>
  <preferredMagnitudeID>quakeml:eu.emsc/event/20030221_0000020/origin/1360242/mag/2</preferredMagnitudeID>
  <creationInfo>
    <agencyURI>smi:smi-registry/organization/EMSC</agencyURI>
    <authorURI>smi:smi-registry/organization/EMSC</authorURI>
    <creationTime>2014-12-10T18:43:47.365433Z</creationTime>
  </creationInfo>
  <description>
    <text>NORTHERN ITALY</text>
    <type>Flinn-Engdahl region</type>
  </description>
  <origin publicID="quakeml:eu.emsc/event/20030221_0000020/origin/1360242">
    <time>
      <value>2003-02-21T19:35:15.8Z</value>
    </time>
    <latitude>
      <value>44.4978</value>
      <uncertainty>9999.9</uncertainty>
    </latitude>
    <longitude>
      <value>7.1672</value>
      <uncertainty>9999.9</uncertainty>
    </longitude>
    <depth>
      <value>14100.0</value>
    </depth>
    <depthType>from location</depthType>
    <methodID>smi:eu.emsc-csem/origin_method/NA</methodID>
    <quality>
      <usedPhaseCount>8</usedPhaseCount>
      <usedStationCount>4</usedStationCount>
      <standardError>8.27</standardError>
      <azimuthalGap>132</azimuthalGap>
      <minimumDistance>0.05</minimumDistance>
      <maximumDistance>0.59</maximumDistance>
    </quality>
    <evaluationMode>manual</evaluationMode>
    <creationInfo>
      <agencyURI>smi:smi-registry/organization/EMSC</agencyURI>
      <authorURI>smi:smi-registry/organization/EMSC</authorURI>
    </creationInfo>
    <originUncertainty>
      <azimuthMaxHorizontalUncertainty>-99</azimuthMaxHorizontalUncertainty>
    </originUncertainty>
  </origin>
  <magnitude publicID="quakeml:eu.emsc/event/20030221_0000020/origin/1360242/mag/2">
    <mag>
      <value>1.3</value>
    </mag>
    <type>ML</type>
    <originID>quakeml:eu.emsc/event/20030221_0000020/origin/1360242</originID>
    <creationInfo>
      <agencyURI>smi:smi-registry/organization/EMSC</agencyURI>
      <authorURI>smi:smi-registry/organization/EMSC</authorURI>
    </creationInfo>
  </magnitude>
</event>
<event publicID="quakeml:eu.emsc/event/20030221_0000015">
  <preferredOriginID>quakeml:eu.emsc/event/20030221_0000015/origin/1376633</preferredOriginID>
  <preferredMagnitudeID>quakeml:eu.emsc/event/20030221_0000015/origin/1376633/mag/2</preferredMagnitudeID>
  <creationInfo>
    <agencyURI>smi:smi-registry/organization/EMSC</agencyURI>
    <authorURI>smi:smi-registry/organization/EMSC</authorURI>
    <creationTime>2014-12-03T11:28:10.335413Z</creationTime>
  </creationInfo>
  <description>
    <text>WESTERN TURKEY</text>
    <type>Flinn-Engdahl region</type>
  </description>
  <origin publicID="quakeml:eu.emsc/event/20030221_0000015/origin/1376633">
    <time>
      <value>2003-02-21T18:32:29.3Z</value>
      <uncertainty>0.15</uncertainty>
    </time>
    <latitude>
      <value>38.7605</value>
      <uncertainty>4.6</uncertainty>
    </latitude>
    <longitude>
      <value>30.5541</value>
      <uncertainty>3.7</uncertainty>
    </longitude>
    <depth>
      <value>2000</value>
    </depth>
    <depthType>from location</depthType>
    <methodID>smi:eu.emsc-csem/origin_method/NA</methodID>
    <quality>
      <usedPhaseCount>29</usedPhaseCount>
      <usedStationCount>28</usedStationCount>
      <standardError>0.67</standardError>
      <azimuthalGap>66</azimuthalGap>
      <minimumDistance>0.91</minimumDistance>
      <maximumDistance>38.22</maximumDistance>
    </quality>
    <evaluationMode>manual</evaluationMode>
    <creationInfo>
      <agencyURI>smi:smi-registry/organization/EMSC</agencyURI>
      <authorURI>smi:smi-registry/organization/EMSC</authorURI>
    </creationInfo>
    <originUncertainty>
      <azimuthMaxHorizontalUncertainty>49</azimuthMaxHorizontalUncertainty>
    </originUncertainty>
  </origin>
  <magnitude publicID="quakeml:eu.emsc/event/20030221_0000015/origin/1376633/mag/2">
    <mag>
      <value>3.6</value>
    </mag>
    <type>MD</type>
    <originID>quakeml:eu.emsc/event/20030221_0000015/origin/1376633</originID>
    <creationInfo>
      <agencyURI>smi:smi-registry/organization/EMSC</agencyURI>
      <authorURI>smi:smi-registry/organization/EMSC</authorURI>
    </creationInfo>
  </magnitude>
</event>
<event publicID="quakeml:eu.emsc/event/20030221_0000024">
  <preferredOriginID>quakeml:eu.emsc/event/20030221_0000024/origin/1375694</preferredOriginID>
  <preferredMagnitudeID>quakeml:eu.emsc/event/20030221_0000024/origin/1375694/mag/1</preferredMagnitudeID>
  <creationInfo>
    <agencyURI>smi:smi-registry/organization/EMSC</agencyURI>
    <authorURI>smi:smi-registry/organization/EMSC</authorURI>
    <creationTime>2014-12-03T17:00:58.700011Z</creationTime>
  </creationInfo>
  <description>
    <text>FRANCE</text>
    <type>Flinn-Engdahl region</type>
  </description>
  <origin publicID="quakeml:eu.emsc/event/20030221_0000024/origin/1375694">
    <time>
      <value>2003-02-21T13:52:24.4Z</value>
      <uncertainty>0.14</uncertainty>
    </time>
    <latitude>
      <value>46.487</value>
      <uncertainty>2.9</uncertainty>
    </latitude>
    <longitude>
      <value>2.6932</value>
      <uncertainty>2.6</uncertainty>
    </longitude>
    <depth>
      <value>19700.0</value>
      <uncertainty>0.2</uncertainty>
    </depth>
    <depthType>from location</depthType>
    <methodID>smi:eu.emsc-csem/origin_method/NA</methodID>
    <quality>
      <usedPhaseCount>14</usedPhaseCount>
      <usedStationCount>7</usedStationCount>
      <standardError>0.42</standardError>
      <azimuthalGap>164</azimuthalGap>
      <minimumDistance>0.13</minimumDistance>
      <maximumDistance>1.12</maximumDistance>
    </quality>
    <evaluationMode>manual</evaluationMode>
    <creationInfo>
      <agencyURI>smi:smi-registry/organization/EMSC</agencyURI>
      <authorURI>smi:smi-registry/organization/EMSC</authorURI>
    </creationInfo>
    <originUncertainty>
      <azimuthMaxHorizontalUncertainty>126</azimuthMaxHorizontalUncertainty>
    </originUncertainty>
  </origin>
  <magnitude publicID="quakeml:eu.emsc/event/20030221_0000024/origin/1375694/mag/1">
    <mag>
      <value>1.4</value>
      <uncertainty>0.4</uncertainty>
    </mag>
    <type>ML</type>
    <originID>quakeml:eu.emsc/event/20030221_0000024/origin/1375694</originID>
    <stationCount>5</stationCount>
    <creationInfo>
      <agencyURI>smi:smi-registry/organization/EMSC</agencyURI>
      <authorURI>smi:smi-registry/organization/EMSC</authorURI>
    </creationInfo>
  </magnitude>
</event>
<event publicID="quakeml:eu.emsc/event/20030221_0000013">
  <preferredOriginID>quakeml:eu.emsc/event/20030221_0000013/origin/1376298</preferredOriginID>
  <preferredMagnitudeID>quakeml:eu.emsc/event/20030221_0000013/origin/1376298/mag/1</preferredMagnitudeID>
  <creationInfo>
    <agencyURI>smi:smi-registry/organization/EMSC</agencyURI>
    <authorURI>smi:smi-registry/organization/EMSC</authorURI>
    <creationTime>2014-12-03T10:25:01.782105Z</creationTime>
  </creationInfo>
  <description>
    <text>PORTUGAL</text>
    <type>Flinn-Engdahl region</type>
  </description>
  <origin publicID="quakeml:eu.emsc/event/20030221_0000013/origin/1376298">
    <time>
      <value>2003-02-21T13:39:54.1Z</value>
      <uncertainty>0.36</uncertainty>
    </time>
    <latitude>
      <value>39.3323</value>
      <uncertainty>8.3</uncertainty>
    </latitude>
    <longitude>
      <value>-9.3744</value>
      <uncertainty>3.3</uncertainty>
    </longitude>
    <depth>
      <value>15000</value>
    </depth>
    <depthType>from location</depthType>
    <methodID>smi:eu.emsc-csem/origin_method/NA</methodID>
    <quality>
      <usedPhaseCount>46</usedPhaseCount>
      <usedStationCount>27</usedStationCount>
      <standardError>1.12</standardError>
      <azimuthalGap>200</azimuthalGap>
      <minimumDistance>0.3</minimumDistance>
      <maximumDistance>10.98</maximumDistance>
    </quality>
    <evaluationMode>manual</evaluationMode>
    <creationInfo>
      <agencyURI>smi:smi-registry/organization/EMSC</agencyURI>
      <authorURI>smi:smi-registry/organization/EMSC</authorURI>
    </creationInfo>
    <originUncertainty>
      <azimuthMaxHorizontalUncertainty>88</azimuthMaxHorizontalUncertainty>
    </originUncertainty>
  </origin>
  <magnitude publicID="quakeml:eu.emsc/event/20030221_0000013/origin/1376298/mag/1">
    <mag>
      <value>3.5</value>
      <uncertainty>0.4</uncertainty>
    </mag>
    <type>ML</type>
    <originID>quakeml:eu.emsc/event/20030221_0000013/origin/1376298</originID>
    <stationCount>5</stationCount>
    <creationInfo>
      <agencyURI>smi:smi-registry/organization/EMSC</agencyURI>
      <authorURI>smi:smi-registry/organization/EMSC</authorURI>
    </creationInfo>
  </magnitude>
</event>
<event publicID="quakeml:eu.emsc/event/20030221_0000011">
  <preferredOriginID>quakeml:eu.emsc/event/20030221_0000011/origin/1376304</preferredOriginID>
  <preferredMagnitudeID>quakeml:eu.emsc/event/20030221_0000011/origin/1376304/mag/1</preferredMagnitudeID>
  <creationInfo>
    <agencyURI>smi:smi-registry/organization/EMSC</agencyURI>
    <authorURI>smi:smi-registry/organization/EMSC</authorURI>
    <creationTime>2014-12-03T10:22:42.916584Z</creationTime>
  </creationInfo>
  <description>
    <text>STRAIT OF GIBRALTAR</text>
    <type>Flinn-Engdahl region</type>
  </description>
  <origin publicID="quakeml:eu.emsc/event/20030221_0000011/origin/1376304">
    <time>
      <value>2003-02-21T12:06:51.7Z</value>
      <uncertainty>0.29</uncertainty>
    </time>
    <latitude>
      <value>35.8602</value>
      <uncertainty>6.8</uncertainty>
    </latitude>
    <longitude>
      <value>-3.6447</value>
      <uncertainty>4.2</uncertainty>
    </longitude>
    <depth>
      <value>2000</value>
    </depth>
    <depthType>from location</depthType>
    <methodID>smi:eu.emsc-csem/origin_method/NA</methodID>
    <quality>
      <usedPhaseCount>44</usedPhaseCount>
      <usedStationCount>36</usedStationCount>
      <standardError>0.95</standardError>
      <azimuthalGap>158</azimuthalGap>
      <minimumDistance>0.81</minimumDistance>
      <maximumDistance>12.47</maximumDistance>
    </quality>
    <evaluationMode>manual</evaluationMode>
    <creationInfo>
      <agencyURI>smi:smi-registry/organization/EMSC</agencyURI>
      <authorURI>smi:smi-registry/organization/EMSC</authorURI>
    </creationInfo>
    <originUncertainty>
      <azimuthMaxHorizontalUncertainty>10</azimuthMaxHorizontalUncertainty>
    </originUncertainty>
  </origin>
  <magnitude publicID="quakeml:eu.emsc/event/20030221_0000011/origin/1376304/mag/1">
    <mag>
      <value>3.8</value>
      <uncertainty>0.2</uncertainty>
    </mag>
    <type>ML</type>
    <originID>quakeml:eu.emsc/event/20030221_0000011/origin/1376304</originID>
    <stationCount>5</stationCount>
    <creationInfo>
      <agencyURI>smi:smi-registry/organization/EMSC</agencyURI>
      <authorURI>smi:smi-registry/organization/EMSC</authorURI>
    </creationInfo>
  </magnitude>
</event>
<event publicID="quakeml:eu.emsc/event/20030221_0000008">
  <preferredOriginID>quakeml:eu.emsc/event/20030221_0000008/origin/1376311</preferredOriginID>
  <preferredMagnitudeID>quakeml:eu.emsc/event/20030221_0000008/origin/1376311/mag/1</preferredMagnitudeID>
  <creationInfo>
    <agencyURI>smi:smi-registry/organization/EMSC</agencyURI>
    <authorURI>smi:smi-registry/organization/EMSC</authorURI>
    <creationTime>2014-12-03T11:34:47.568064Z</creationTime>
  </creationInfo>
  <description>
    <text>STRAIT OF GIBRALTAR</text>
    <type>Flinn-Engdahl region</type>
  </description>
  <origin publicID="quakeml:eu.emsc/event/20030221_0000008/origin/1376311">
    <time>
      <value>2003-02-21T11:46:41.5Z</value>
      <uncertainty>0.24</uncertainty>
    </time>
    <latitude>
      <value>35.8508</value>
      <uncertainty>6.6</uncertainty>
    </latitude>
    <longitude>
      <value>-3.4943</value>
      <uncertainty>4.1</uncertainty>
    </longitude>
    <depth>
      <value>20000</value>
    </depth>
    <depthType>from location</depthType>
    <methodID>smi:eu.emsc-csem/origin_method/NA</methodID>
    <quality>
      <usedPhaseCount>78</usedPhaseCount>
      <usedStationCount>65</usedStationCount>
      <standardError>1.24</standardError>
      <azimuthalGap>101</azimuthalGap>
      <minimumDistance>0.72</minimumDistance>
      <maximumDistance>67.63</maximumDistance>
    </quality>
    <evaluationMode>manual</evaluationMode>
    <creationInfo>
      <agencyURI>smi:smi-registry/organization/EMSC</agencyURI>
      <authorURI>smi:smi-registry/organization/EMSC</authorURI>
    </creationInfo>
    <originUncertainty>
      <azimuthMaxHorizontalUncertainty>12</azimuthMaxHorizontalUncertainty>
    </originUncertainty>
  </origin>
  <magnitude publicID="quakeml:eu.emsc/event/20030221_0000008/origin/1376311/mag/1">
    <mag>
      <value>4.4</value>
      <uncertainty>0.4</uncertainty>
    </mag>
    <type>ML</type>
    <originID>quakeml:eu.emsc/event/20030221_0000008/origin/1376311</originID>
    <stationCount>8</stationCount>
    <creationInfo>
      <agencyURI>smi:smi-registry/organization/EMSC</agencyURI>
      <authorURI>smi:smi-registry/organization/EMSC</authorURI>
    </creationInfo>
  </magnitude>
</event>
<event publicID="quakeml:eu.emsc/event/20030221_0000022">
  <preferredOriginID>quakeml:eu.emsc/event/20030221_0000022/origin/1360244</preferredOriginID>
  <preferredMagnitudeID>quakeml:eu.emsc/event/20030221_0000022/origin/1360244/mag/2</preferredMagnitudeID>
  <creationInfo>
    <agencyURI>smi:smi-registry/organization/EMSC</agencyURI>
    <authorURI>smi:smi-registry/organization/EMSC</authorURI>
    <creationTime>2014-12-10T18:43:46.859505Z</creationTime>
  </creationInfo>
  <description>
    <text>GERMANY</text>
    <type>Flinn-Engdahl region</type>
  </description>
  <origin publicID="quakeml:eu.emsc/event/20030221_0000022/origin/1360244">
    <time>
      <value>2003-02-21T08:57:38.9Z</value>
    </time>
    <latitude>
      <value>48.93</value>
      <uncertainty>9999.9</uncertainty>
    </latitude>
    <longitude>
      <value>9.41</value>
      <uncertainty>9999.9</uncertainty>
    </longitude>
    <depth>
      <value>0</value>
    </depth>
    <depthType>from location</depthType>
    <methodID>smi:eu.emsc-csem/origin_method/NA</methodID>
    <quality>
      <usedPhaseCount>7</usedPhaseCount>
      <usedStationCount>4</usedStationCount>
      <standardError>0.57</standardError>
      <azimuthalGap>165</azimuthalGap>
      <minimumDistance>0.21</minimumDistance>
      <maximumDistance>1.44</maximumDistance>
    </quality>
    <evaluationMode>manual</evaluationMode>
    <creationInfo>
      <agencyURI>smi:smi-registry/organization/EMSC</agencyURI>
      <authorURI>smi:smi-registry/organization/EMSC</authorURI>
    </creationInfo>
    <originUncertainty>
      <azimuthMaxHorizontalUncertainty>-99</azimuthMaxHorizontalUncertainty>
    </originUncertainty>
  </origin>
  <magnitude publicID="quakeml:eu.emsc/event/20030221_0000022/origin/1360244/mag/2">
    <mag>
      <value>2</value>
    </mag>
    <type>ML</type>
    <originID>quakeml:eu.emsc/event/20030221_0000022/origin/1360244</originID>
    <creationInfo>
      <agencyURI>smi:smi-registry/organization/EMSC</agencyURI>
      <authorURI>smi:smi-registry/organization/EMSC</authorURI>
    </creationInfo>
  </magnitude>
</event>
<event publicID="quakeml:eu.emsc/event/20030221_0000006">
  <preferredOriginID>quakeml:eu.emsc/event/20030221_0000006/origin/1360246</preferredOriginID>
  <preferredMagnitudeID>quakeml:eu.emsc/event/20030221_0000006/origin/1360246/mag/2</preferredMagnitudeID>
  <creationInfo>
    <agencyURI>smi:smi-registry/organization/EMSC</agencyURI>
    <authorURI>smi:smi-registry/organization/EMSC</authorURI>
    <creationTime>2014-12-10T19:32:17.672073Z</creationTime>
  </creationInfo>
  <description>
    <text>WESTERN TURKEY</text>
    <type>Flinn-Engdahl region</type>
  </description>
  <origin publicID="quakeml:eu.emsc/event/20030221_0000006/origin/1360246">
    <time>
      <value>2003-02-21T08:47:42.7Z</value>
    </time>
    <latitude>
      <value>40.836</value>
      <uncertainty>9999.9</uncertainty>
    </latitude>
    <longitude>
      <value>30.894</value>
      <uncertainty>9999.9</uncertainty>
    </longitude>
    <depth>
      <value>9000</value>
    </depth>
    <depthType>from location</depthType>
    <methodID>smi:eu.emsc-csem/origin_method/NA</methodID>
    <quality>
      <usedPhaseCount>11</usedPhaseCount>
      <usedStationCount>10</usedStationCount>
      <standardError>0.79</standardError>
      <azimuthalGap>147</azimuthalGap>
      <minimumDistance>0.44</minimumDistance>
      <maximumDistance>2.1</maximumDistance>
    </quality>
    <evaluationMode>manual</evaluationMode>
    <creationInfo>
      <agencyURI>smi:smi-registry/organization/EMSC</agencyURI>
      <authorURI>smi:smi-registry/organization/EMSC</authorURI>
    </creationInfo>
    <originUncertainty>
      <azimuthMaxHorizontalUncertainty>-99</azimuthMaxHorizontalUncertainty>
    </originUncertainty>
  </origin>
  <magnitude publicID="quakeml:eu.emsc/event/20030221_0000006/origin/1360246/mag/2">
    <mag>
      <value>3.3</value>
    </mag>
    <type>MD</type>
    <originID>quakeml:eu.emsc/event/20030221_0000006/origin/1360246</originID>
    <creationInfo>
      <agencyURI>smi:smi-registry/organization/EMSC</agencyURI>
      <authorURI>smi:smi-registry/organization/EMSC</authorURI>
    </creationInfo>
  </magnitude>
</event>
<event publicID="quakeml:eu.emsc/event/20030221_0000005">
  <preferredOriginID>quakeml:eu.emsc/event/20030221_0000005/origin/1360248</preferredOriginID>
  <preferredMagnitudeID>quakeml:eu.emsc/event/20030221_0000005/origin/1360248/mag/2</preferredMagnitudeID>
  <creationInfo>
    <agencyURI>smi:smi-registry/organization/EMSC</agencyURI>
    <authorURI>smi:smi-registry/organization/EMSC</authorURI>
    <creationTime>2014-12-10T19:32:14.188892Z</creationTime>
  </creationInfo>
  <description>
    <text>WESTERN UZBEKISTAN</text>
    <type>Flinn-Engdahl region</type>
  </description>
  <origin publicID="quakeml:eu.emsc/event/20030221_0000005/origin/1360248">
    <time>
      <value>2003-02-21T05:16:20.9Z</value>
    </time>
    <latitude>
      <value>40.587</value>
      <uncertainty>9999.9</uncertainty>
    </latitude>
    <longitude>
      <value>63.35</value>
      <uncertainty>9999.9</uncertainty>
    </longitude>
    <depth>
      <value>33000</value>
    </depth>
    <depthType>from location</depthType>
    <methodID>smi:eu.emsc-csem/origin_method/NA</methodID>
    <quality>
      <usedPhaseCount>21</usedPhaseCount>
      <usedStationCount>21</usedStationCount>
      <standardError>2.95</standardError>
      <azimuthalGap>146</azimuthalGap>
      <minimumDistance>12.95</minimumDistance>
      <maximumDistance>77.26</maximumDistance>
    </quality>
    <evaluationMode>manual</evaluationMode>
    <creationInfo>
      <agencyURI>smi:smi-registry/organization/EMSC</agencyURI>
      <authorURI>smi:smi-registry/organization/EMSC</authorURI>
    </creationInfo>
    <originUncertainty>
      <azimuthMaxHorizontalUncertainty>-99</azimuthMaxHorizontalUncertainty>
    </originUncertainty>
  </origin>
  <magnitude publicID="quakeml:eu.emsc/event/20030221_0000005/origin/1360248/mag/2">
    <mag>
      <value>4.2</value>
    </mag>
    <type>mb</type>
    <originID>quakeml:eu.emsc/event/20030221_0000005/origin/1360248</originID>
    <stationCount>10</stationCount>
    <creationInfo>
      <agencyURI>smi:smi-registry/organization/EMSC</agencyURI>
      <authorURI>smi:smi-registry/organization/EMSC</authorURI>
    </creationInfo>
  </magnitude>
</event>
<event publicID="quakeml:eu.emsc/event/20030221_0000023">
  <preferredOriginID>quakeml:eu.emsc/event/20030221_0000023/origin/1360250</preferredOriginID>
  <preferredMagnitudeID>quakeml:eu.emsc/event/20030221_0000023/origin/1360250/mag/2</preferredMagnitudeID>
  <creationInfo>
    <agencyURI>smi:smi-registry/organization/EMSC</agencyURI>
    <authorURI>smi:smi-registry/organization/EMSC</authorURI>
    <creationTime>2014-12-10T18:43:46.318306Z</creationTime>
  </creationInfo>
  <description>
    <text>NORTHERN ITALY</text>
    <type>Flinn-Engdahl region</type>
  </description>
  <origin publicID="quakeml:eu.emsc/event/20030221_0000023/origin/1360250">
    <time>
      <value>2003-02-21T04:03:43.0Z</value>
    </time>
    <latitude>
      <value>44.2162</value>
      <uncertainty>9999.9</uncertainty>
    </latitude>
    <longitude>
      <value>8.6347</value>
      <uncertainty>9999.9</uncertainty>
    </longitude>
    <depth>
      <value>3400.0</value>
    </depth>
    <depthType>from location</depthType>
    <methodID>smi:eu.emsc-csem/origin_method/NA</methodID>
    <quality>
      <usedPhaseCount>17</usedPhaseCount>
      <usedStationCount>14</usedStationCount>
      <standardError>1.39</standardError>
      <azimuthalGap>154</azimuthalGap>
      <minimumDistance>0.31</minimumDistance>
      <maximumDistance>1.17</maximumDistance>
    </quality>
    <evaluationMode>manual</evaluationMode>
    <creationInfo>
      <agencyURI>smi:smi-registry/organization/EMSC</agencyURI>
      <authorURI>smi:smi-registry/organization/EMSC</authorURI>
    </creationInfo>
    <originUncertainty>
      <azimuthMaxHorizontalUncertainty>-99</azimuthMaxHorizontalUncertainty>
    </originUncertainty>
  </origin>
  <magnitude publicID="quakeml:eu.emsc/event/20030221_0000023/origin/1360250/mag/2">
    <mag>
      <value>2.2</value>
    </mag>
    <type>ML</type>
    <originID>quakeml:eu.emsc/event/20030221_0000023/origin/1360250</originID>
    <creationInfo>
      <agencyURI>smi:smi-registry/organization/EMSC</agencyURI>
      <authorURI>smi:smi-registry/organization/EMSC</authorURI>
    </creationInfo>
  </magnitude>
</event>
<event publicID="quakeml:eu.emsc/event/20030221_0000004">
  <preferredOriginID>quakeml:eu.emsc/event/20030221_0000004/origin/1364235</preferredOriginID>
  <preferredMagnitudeID>quakeml:eu.emsc/event/20030221_0000004/origin/1364235/mag/2</preferredMagnitudeID>
  <creationInfo>
    <agencyURI>smi:smi-registry/organization/EMSC</agencyURI>
    <authorURI>smi:smi-registry/organization/EMSC</authorURI>
    <creationTime>2014-12-10T19:32:12.711411Z</creationTime>
  </creationInfo>
  <description>
    <text>DODECANESE ISLANDS, GREECE</text>
    <type>Flinn-Engdahl region</type>
  </description>
  <origin publicID="quakeml:eu.emsc/event/20030221_0000004/origin/1364235">
    <time>
      <value>2003-02-21T02:16:38.9Z</value>
    </time>
    <latitude>
      <value>36.64</value>
      <uncertainty>9999.9</uncertainty>
    </latitude>
    <longitude>
      <value>25.7</value>
      <uncertainty>9999.9</uncertainty>
    </longitude>
    <depth>
      <value>5000</value>
    </depth>
    <depthType>from location</depthType>
    <methodID>smi:eu.emsc-csem/origin_method/NA</methodID>
    <quality>
      <usedPhaseCount>9</usedPhaseCount>
      <usedStationCount>7</usedStationCount>
      <standardError>1.18</standardError>
      <azimuthalGap>91</azimuthalGap>
      <minimumDistance>0.45</minimumDistance>
      <maximumDistance>84.06</maximumDistance>
    </quality>
    <evaluationMode>manual</evaluationMode>
    <creationInfo>
      <agencyURI>smi:smi-registry/organization/EMSC</agencyURI>
      <authorURI>smi:smi-registry/organization/EMSC</authorURI>
    </creationInfo>
    <originUncertainty>
      <azimuthMaxHorizontalUncertainty>-99</azimuthMaxHorizontalUncertainty>
    </originUncertainty>
  </origin>
  <magnitude publicID="quakeml:eu.emsc/event/20030221_0000004/origin/1364235/mag/2">
    <mag>
      <value>3.5</value>
    </mag>
    <type>ML</type>
    <originID>quakeml:eu.emsc/event/20030221_0000004/origin/1364235</originID>
    <creationInfo>
      <agencyURI>smi:smi-registry/organization/EMSC</agencyURI>
      <authorURI>smi:smi-registry/organization/EMSC</authorURI>
    </creationInfo>
  </magnitude>
</event>
<event publicID="quakeml:eu.emsc/event/20030221_0000003">
  <preferredOriginID>quakeml:eu.emsc/event/20030221_0000003/origin/1360252</preferredOriginID>
  <preferredMagnitudeID>quakeml:eu.emsc/event/20030221_0000003/origin/1360252/mag/2</preferredMagnitudeID>
  <creationInfo>
    <agencyURI>smi:smi-registry/organization/EMSC</agencyURI>
    <authorURI>smi:smi-registry/organization/EMSC</authorURI>
    <creationTime>2014-12-10T19:32:10.409509Z</creationTime>
  </creationInfo>
  <description>
    <text>AEGEAN SEA</text>
    <type>Flinn-Engdahl region</type>
  </description>
  <origin publicID="quakeml:eu.emsc/event/20030221_0000003/origin/1360252">
    <time>
      <value>2003-02-21T00:36:49.9Z</value>
    </time>
    <latitude>
      <value>39.16</value>
      <uncertainty>9999.9</uncertainty>
    </latitude>
    <longitude>
      <value>24.16</value>
      <uncertainty>9999.9</uncertainty>
    </longitude>
    <depth>
      <value>29000</value>
    </depth>
    <depthType>from location</depthType>
    <methodID>smi:eu.emsc-csem/origin_method/NA</methodID>
    <quality>
      <usedPhaseCount>7</usedPhaseCount>
      <usedStationCount>7</usedStationCount>
      <standardError>1.55</standardError>
      <azimuthalGap>110</azimuthalGap>
      <minimumDistance>0.74</minimumDistance>
      <maximumDistance>2.25</maximumDistance>
    </quality>
    <evaluationMode>manual</evaluationMode>
    <creationInfo>
      <agencyURI>smi:smi-registry/organization/EMSC</agencyURI>
      <authorURI>smi:smi-registry/organization/EMSC</authorURI>
    </creationInfo>
    <originUncertainty>
      <azimuthMaxHorizontalUncertainty>-99</azimuthMaxHorizontalUncertainty>
    </originUncertainty>
  </origin>
  <magnitude publicID="quakeml:eu.emsc/event/20030221_0000003/origin/1360252/mag/2">
    <mag>
      <value>3.1</value>
    </mag>
    <type>ML</type>
    <originID>quakeml:eu.emsc/event/20030221_0000003/origin/1360252</originID>
    <creationInfo>
      <agencyURI>smi:smi-registry/organization/EMSC</agencyURI>
      <authorURI>smi:smi-registry/organization/EMSC</authorURI>
    </creationInfo>
  </magnitude>
</event>
<event publicID="quakeml:eu.emsc/event/20030221_0000002">
  <preferredOriginID>quakeml:eu.emsc/event/20030221_0000002/origin/1376317</preferredOriginID>
  <preferredMagnitudeID>quakeml:eu.emsc/event/20030221_0000002/origin/1376317/mag/2</preferredMagnitudeID>
  <creationInfo>
    <agencyURI>smi:smi-registry/organization/EMSC</agencyURI>
    <authorURI>smi:smi-registry/organization/EMSC</authorURI>
    <creationTime>2014-12-03T11:51:53.192416Z</creationTime>
  </creationInfo>
  <description>
    <text>AEGEAN SEA</text>
    <type>Flinn-Engdahl region</type>
  </description>
  <origin publicID="quakeml:eu.emsc/event/20030221_0000002/origin/1376317">
    <time>
      <value>2003-02-21T00:30:45.5Z</value>
      <uncertainty>0.12</uncertainty>
    </time>
    <latitude>
      <value>39.1482</value>
      <uncertainty>3.6</uncertainty>
    </latitude>
    <longitude>
      <value>24.2322</value>
      <uncertainty>2.8</uncertainty>
    </longitude>
    <depth>
      <value>10000</value>
    </depth>
    <depthType>from location</depthType>
    <methodID>smi:eu.emsc-csem/origin_method/NA</methodID>
    <quality>
      <usedPhaseCount>149</usedPhaseCount>
      <usedStationCount>139</usedStationCount>
      <standardError>1.12</standardError>
      <azimuthalGap>21</azimuthalGap>
      <minimumDistance>0.8</minimumDistance>
      <maximumDistance>42.08</maximumDistance>
    </quality>
    <evaluationMode>manual</evaluationMode>
    <creationInfo>
      <agencyURI>smi:smi-registry/organization/EMSC</agencyURI>
      <authorURI>smi:smi-registry/organization/EMSC</authorURI>
    </creationInfo>
    <originUncertainty>
      <azimuthMaxHorizontalUncertainty>13</azimuthMaxHorizontalUncertainty>
    </originUncertainty>
  </origin>
  <magnitude publicID="quakeml:eu.emsc/event/20030221_0000002/origin/1376317/mag/2">
    <mag>
      <value>4.1</value>
      <uncertainty>0.3</uncertainty>
    </mag>
    <type>mb</type>
    <originID>quakeml:eu.emsc/event/20030221_0000002/origin/1376317</originID>
    <stationCount>4</stationCount>
    <creationInfo>
      <agencyURI>smi:smi-registry/organization/EMSC</agencyURI>
      <authorURI>smi:smi-registry/organization/EMSC</authorURI>
    </creationInfo>
  </magnitude>
</event>
</eventParameters>
</q:quakeml>
