<?xml version="1.0"?>
<q:quakeml xmlns:q="http://quakeml.org/xmlns/quakeml/1.2"  xmlns="http://quakeml.org/xmlns/bed/1.2">
<eventParameters publicID="smi:eu.emsc/unid">
<event publicID="quakeml:eu.emsc/event/20030203_0000026">
  <preferredOriginID>quakeml:eu.emsc/event/20030203_0000026/origin/1360506</preferredOriginID>
  <preferredMagnitudeID>quakeml:eu.emsc/event/20030203_0000026/origin/1360506/mag/2</preferredMagnitudeID>
  <creationInfo>
    <agencyURI>smi:smi-registry/organization/EMSC</agencyURI>
    <authorURI>smi:smi-registry/organization/EMSC</authorURI>
    <creationTime>2014-12-10T19:36:03.951271Z</creationTime>
  </creationInfo>
  <description>
    <text>GREECE</text>
    <type>Flinn-Engdahl region</type>
  </description>
  <origin publicID="quakeml:eu.emsc/event/20030203_0000026/origin/1360506">
    <time>
      <value>2003-02-03T21:51:27.1Z</value>
    </time>
    <latitude>
      <value>38.37</value>
      <uncertainty>9999.9</uncertainty>
    </latitude>
    <longitude>
      <value>22.02</value>
      <uncertainty>9999.9</uncertainty>
    </longitude>
    <depth>
      <value>22000</value>
    </depth>
    <depthType>from location</depthType>
    <methodID>smi:eu.emsc-csem/origin_method/NA</methodID>
    <quality>
      <usedPhaseCount>5</usedPhaseCount>
      <usedStationCount>4</usedStationCount>
      <standardError>2.4</standardError>
      <azimuthalGap>111</azimuthalGap>
      <minimumDistance>0.57</minimumDistance>
      <maximumDistance>1.8</maximumDistance>
    </quality>
    <evaluationMode>manual</evaluationMode>
    <creationInfo>
      <agencyURI>smi:smi-registry/organization/EMSC</agencyURI>
      <authorURI>smi:smi-registry/organization/EMSC</authorURI>
    </creationInfo>
    <originUncertainty>
      <azimuthMaxHorizontalUncertainty>-99</azimuthMaxHorizontalUncertainty>
    </originUncertainty>
  </origin>
  <magnitude publicID="quakeml:eu.emsc/event/20030203_0000026/origin/1360506/mag/2">
    <mag>
      <value>3.1</value>
    </mag>
    <type>MD</type>
    <originID>quakeml:eu.emsc/event/20030203_0000026/origin/1360506</originID>
    <creationInfo>
      <agencyURI>smi:smi-registry/organization/EMSC</agencyURI>
      <authorURI>smi:smi-registry/organization/EMSC</authorURI>
    </creationInfo>
  </magnitude>
</event>
<event publicID="quakeml:eu.emsc/event/20030203_0000025">
  <preferredOriginID>quakeml:eu.emsc/event/20030203_0000025/origin/1376106</preferredOriginID>
  <preferredMagnitudeID>quakeml:eu.emsc/event/20030203_0000025/origin/1376106/mag/2</preferredMagnitudeID>
  <creationInfo>
    <agencyURI>smi:smi-registry/organization/EMSC</agencyURI>
    <authorURI>smi:smi-registry/organization/EMSC</authorURI>
    <creationTime>2014-12-03T11:27:22.58939Z</creationTime>
  </creationInfo>
  <description>
    <text>GREECE</text>
    <type>Flinn-Engdahl region</type>
  </description>
  <origin publicID="quakeml:eu.emsc/event/20030203_0000025/origin/1376106">
    <time>
      <value>2003-02-03T21:41:41.7Z</value>
      <uncertainty>1.09</uncertainty>
    </time>
    <latitude>
      <value>39.3466</value>
      <uncertainty>30.9</uncertainty>
    </latitude>
    <longitude>
      <value>20.6351</value>
      <uncertainty>18.3</uncertainty>
    </longitude>
    <depth>
      <value>2000</value>
    </depth>
    <depthType>from location</depthType>
    <methodID>smi:eu.emsc-csem/origin_method/NA</methodID>
    <quality>
      <usedPhaseCount>6</usedPhaseCount>
      <usedStationCount>5</usedStationCount>
      <standardError>1.29</standardError>
      <azimuthalGap>199</azimuthalGap>
      <minimumDistance>0.35</minimumDistance>
      <maximumDistance>1.54</maximumDistance>
    </quality>
    <evaluationMode>manual</evaluationMode>
    <creationInfo>
      <agencyURI>smi:smi-registry/organization/EMSC</agencyURI>
      <authorURI>smi:smi-registry/organization/EMSC</authorURI>
    </creationInfo>
    <originUncertainty>
      <azimuthMaxHorizontalUncertainty>90</azimuthMaxHorizontalUncertainty>
    </originUncertainty>
  </origin>
  <magnitude publicID="quakeml:eu.emsc/event/20030203_0000025/origin/1376106/mag/2">
    <mag>
      <value>3.2</value>
    </mag>
    <type>MD</type>
    <originID>quakeml:eu.emsc/event/20030203_0000025/origin/1376106</originID>
    <creationInfo>
      <agencyURI>smi:smi-registry/organization/EMSC</agencyURI>
      <authorURI>smi:smi-registry/organization/EMSC</authorURI>
    </creationInfo>
  </magnitude>
</event>
<event publicID="quakeml:eu.emsc/event/20030203_0000024">
  <preferredOriginID>quakeml:eu.emsc/event/20030203_0000024/origin/1376109</preferredOriginID>
  <preferredMagnitudeID>quakeml:eu.emsc/event/20030203_0000024/origin/1376109/mag/1</preferredMagnitudeID>
  <creationInfo>
    <agencyURI>smi:smi-registry/organization/EMSC</agencyURI>
    <authorURI>smi:smi-registry/organization/EMSC</authorURI>
    <creationTime>2014-12-03T12:12:03.3029Z</creationTime>
  </creationInfo>
  <description>
    <text>AUSTRIA</text>
    <type>Flinn-Engdahl region</type>
  </description>
  <origin publicID="quakeml:eu.emsc/event/20030203_0000024/origin/1376109">
    <time>
      <value>2003-02-03T19:32:45.1Z</value>
      <uncertainty>0.15</uncertainty>
    </time>
    <latitude>
      <value>47.8868</value>
      <uncertainty>3.3</uncertainty>
    </latitude>
    <longitude>
      <value>17.0577</value>
      <uncertainty>2.8</uncertainty>
    </longitude>
    <depth>
      <value>5000</value>
    </depth>
    <depthType>from location</depthType>
    <methodID>smi:eu.emsc-csem/origin_method/NA</methodID>
    <quality>
      <usedPhaseCount>66</usedPhaseCount>
      <usedStationCount>33</usedStationCount>
      <standardError>1.17</standardError>
      <azimuthalGap>65</azimuthalGap>
      <minimumDistance>0.31</minimumDistance>
      <maximumDistance>4.89</maximumDistance>
    </quality>
    <evaluationMode>manual</evaluationMode>
    <creationInfo>
      <agencyURI>smi:smi-registry/organization/EMSC</agencyURI>
      <authorURI>smi:smi-registry/organization/EMSC</authorURI>
    </creationInfo>
    <originUncertainty>
      <azimuthMaxHorizontalUncertainty>40</azimuthMaxHorizontalUncertainty>
    </originUncertainty>
  </origin>
  <magnitude publicID="quakeml:eu.emsc/event/20030203_0000024/origin/1376109/mag/1">
    <mag>
      <value>3.5</value>
      <uncertainty>0.4</uncertainty>
    </mag>
    <type>ML</type>
    <originID>quakeml:eu.emsc/event/20030203_0000024/origin/1376109</originID>
    <stationCount>10</stationCount>
    <creationInfo>
      <agencyURI>smi:smi-registry/organization/EMSC</agencyURI>
      <authorURI>smi:smi-registry/organization/EMSC</authorURI>
    </creationInfo>
  </magnitude>
</event>
<event publicID="quakeml:eu.emsc/event/20030203_0000027">
  <preferredOriginID>quakeml:eu.emsc/event/20030203_0000027/origin/1375878</preferredOriginID>
  <preferredMagnitudeID>quakeml:eu.emsc/event/20030203_0000027/origin/1375878/mag/2</preferredMagnitudeID>
  <creationInfo>
    <agencyURI>smi:smi-registry/organization/EMSC</agencyURI>
    <authorURI>smi:smi-registry/organization/EMSC</authorURI>
    <creationTime>2014-12-03T11:25:38.855386Z</creationTime>
  </creationInfo>
  <description>
    <text>WESTERN TURKEY</text>
    <type>Flinn-Engdahl region</type>
  </description>
  <origin publicID="quakeml:eu.emsc/event/20030203_0000027/origin/1375878">
    <time>
      <value>2003-02-03T19:28:32.9Z</value>
      <uncertainty>0.31</uncertainty>
    </time>
    <latitude>
      <value>37.0994</value>
      <uncertainty>8.8</uncertainty>
    </latitude>
    <longitude>
      <value>27.7649</value>
      <uncertainty>7.1</uncertainty>
    </longitude>
    <depth>
      <value>2000</value>
    </depth>
    <depthType>from location</depthType>
    <methodID>smi:eu.emsc-csem/origin_method/NA</methodID>
    <quality>
      <usedPhaseCount>10</usedPhaseCount>
      <usedStationCount>8</usedStationCount>
      <standardError>0.75</standardError>
      <azimuthalGap>134</azimuthalGap>
      <minimumDistance>0.42</minimumDistance>
      <maximumDistance>2.59</maximumDistance>
    </quality>
    <evaluationMode>manual</evaluationMode>
    <creationInfo>
      <agencyURI>smi:smi-registry/organization/EMSC</agencyURI>
      <authorURI>smi:smi-registry/organization/EMSC</authorURI>
    </creationInfo>
    <originUncertainty>
      <azimuthMaxHorizontalUncertainty>72</azimuthMaxHorizontalUncertainty>
    </originUncertainty>
  </origin>
  <magnitude publicID="quakeml:eu.emsc/event/20030203_0000027/origin/1375878/mag/2">
    <mag>
      <value>3.3</value>
    </mag>
    <type>MD</type>
    <originID>quakeml:eu.emsc/event/20030203_0000027/origin/1375878</originID>
    <creationInfo>
      <agencyURI>smi:smi-registry/organization/EMSC</agencyURI>
      <authorURI>smi:smi-registry/organization/EMSC</authorURI>
    </creationInfo>
  </magnitude>
</event>
<event publicID="quakeml:eu.emsc/event/20030203_0000023">
  <preferredOriginID>quakeml:eu.emsc/event/20030203_0000023/origin/1376112</preferredOriginID>
  <preferredMagnitudeID>quakeml:eu.emsc/event/20030203_0000023/origin/1376112/mag/2</preferredMagnitudeID>
  <creationInfo>
    <agencyURI>smi:smi-registry/organization/EMSC</agencyURI>
    <authorURI>smi:smi-registry/organization/EMSC</authorURI>
    <creationTime>2014-12-03T11:21:47.66098Z</creationTime>
  </creationInfo>
  <description>
    <text>WESTERN TURKEY</text>
    <type>Flinn-Engdahl region</type>
  </description>
  <origin publicID="quakeml:eu.emsc/event/20030203_0000023/origin/1376112">
    <time>
      <value>2003-02-03T19:18:16.5Z</value>
      <uncertainty>0.32</uncertainty>
    </time>
    <latitude>
      <value>37.127</value>
      <uncertainty>10</uncertainty>
    </latitude>
    <longitude>
      <value>27.6741</value>
      <uncertainty>6.1</uncertainty>
    </longitude>
    <depth>
      <value>2000</value>
    </depth>
    <depthType>from location</depthType>
    <methodID>smi:eu.emsc-csem/origin_method/NA</methodID>
    <quality>
      <usedPhaseCount>8</usedPhaseCount>
      <usedStationCount>6</usedStationCount>
      <standardError>0.76</standardError>
      <azimuthalGap>153</azimuthalGap>
      <minimumDistance>0.49</minimumDistance>
      <maximumDistance>1.83</maximumDistance>
    </quality>
    <evaluationMode>manual</evaluationMode>
    <creationInfo>
      <agencyURI>smi:smi-registry/organization/EMSC</agencyURI>
      <authorURI>smi:smi-registry/organization/EMSC</authorURI>
    </creationInfo>
    <originUncertainty>
      <azimuthMaxHorizontalUncertainty>43</azimuthMaxHorizontalUncertainty>
    </originUncertainty>
  </origin>
  <magnitude publicID="quakeml:eu.emsc/event/20030203_0000023/origin/1376112/mag/2">
    <mag>
      <value>3.1</value>
    </mag>
    <type>MD</type>
    <originID>quakeml:eu.emsc/event/20030203_0000023/origin/1376112</originID>
    <creationInfo>
      <agencyURI>smi:smi-registry/organization/EMSC</agencyURI>
      <authorURI>smi:smi-registry/organization/EMSC</authorURI>
    </creationInfo>
  </magnitude>
</event>
<event publicID="quakeml:eu.emsc/event/20030203_0000022">
  <preferredOriginID>quakeml:eu.emsc/event/20030203_0000022/origin/1376116</preferredOriginID>
  <preferredMagnitudeID>quakeml:eu.emsc/event/20030203_0000022/origin/1376116/mag/2</preferredMagnitudeID>
  <creationInfo>
    <agencyURI>smi:smi-registry/organization/EMSC</agencyURI>
    <authorURI>smi:smi-registry/organization/EMSC</authorURI>
    <creationTime>2014-12-03T10:23:35.129043Z</creationTime>
  </creationInfo>
  <description>
    <text>WESTERN TURKEY</text>
    <type>Flinn-Engdahl region</type>
  </description>
  <origin publicID="quakeml:eu.emsc/event/20030203_0000022/origin/1376116">
    <time>
      <value>2003-02-03T18:57:46.1Z</value>
      <uncertainty>0.21</uncertainty>
    </time>
    <latitude>
      <value>37.1484</value>
      <uncertainty>6.5</uncertainty>
    </latitude>
    <longitude>
      <value>27.7399</value>
      <uncertainty>4.6</uncertainty>
    </longitude>
    <depth>
      <value>10000</value>
    </depth>
    <depthType>from location</depthType>
    <methodID>smi:eu.emsc-csem/origin_method/NA</methodID>
    <quality>
      <usedPhaseCount>9</usedPhaseCount>
      <usedStationCount>8</usedStationCount>
      <standardError>0.51</standardError>
      <azimuthalGap>112</azimuthalGap>
      <minimumDistance>0.43</minimumDistance>
      <maximumDistance>2.39</maximumDistance>
    </quality>
    <evaluationMode>manual</evaluationMode>
    <creationInfo>
      <agencyURI>smi:smi-registry/organization/EMSC</agencyURI>
      <authorURI>smi:smi-registry/organization/EMSC</authorURI>
    </creationInfo>
    <originUncertainty>
      <azimuthMaxHorizontalUncertainty>42</azimuthMaxHorizontalUncertainty>
    </originUncertainty>
  </origin>
  <magnitude publicID="quakeml:eu.emsc/event/20030203_0000022/origin/1376116/mag/2">
    <mag>
      <value>3.2</value>
    </mag>
    <type>MD</type>
    <originID>quakeml:eu.emsc/event/20030203_0000022/origin/1376116</originID>
    <creationInfo>
      <agencyURI>smi:smi-registry/organization/EMSC</agencyURI>
      <authorURI>smi:smi-registry/organization/EMSC</authorURI>
    </creationInfo>
  </magnitude>
</event>
<event publicID="quakeml:eu.emsc/event/20030203_0000021">
  <preferredOriginID>quakeml:eu.emsc/event/20030203_0000021/origin/1376119</preferredOriginID>
  <preferredMagnitudeID>quakeml:eu.emsc/event/20030203_0000021/origin/1376119/mag/2</preferredMagnitudeID>
  <creationInfo>
    <agencyURI>smi:smi-registry/organization/EMSC</agencyURI>
    <authorURI>smi:smi-registry/organization/EMSC</authorURI>
    <creationTime>2014-12-03T11:09:47.23383Z</creationTime>
  </creationInfo>
  <description>
    <text>GREECE</text>
    <type>Flinn-Engdahl region</type>
  </description>
  <origin publicID="quakeml:eu.emsc/event/20030203_0000021/origin/1376119">
    <time>
      <value>2003-02-03T18:46:32.4Z</value>
      <uncertainty>0.6</uncertainty>
    </time>
    <latitude>
      <value>38.7315</value>
      <uncertainty>17.9</uncertainty>
    </latitude>
    <longitude>
      <value>20.5726</value>
      <uncertainty>11.8</uncertainty>
    </longitude>
    <depth>
      <value>2000</value>
    </depth>
    <depthType>from location</depthType>
    <methodID>smi:eu.emsc-csem/origin_method/NA</methodID>
    <quality>
      <usedPhaseCount>7</usedPhaseCount>
      <usedStationCount>7</usedStationCount>
      <standardError>0.92</standardError>
      <azimuthalGap>150</azimuthalGap>
      <minimumDistance>0.55</minimumDistance>
      <maximumDistance>2.02</maximumDistance>
    </quality>
    <evaluationMode>manual</evaluationMode>
    <creationInfo>
      <agencyURI>smi:smi-registry/organization/EMSC</agencyURI>
      <authorURI>smi:smi-registry/organization/EMSC</authorURI>
    </creationInfo>
    <originUncertainty>
      <azimuthMaxHorizontalUncertainty>82</azimuthMaxHorizontalUncertainty>
    </originUncertainty>
  </origin>
  <magnitude publicID="quakeml:eu.emsc/event/20030203_0000021/origin/1376119/mag/2">
    <mag>
      <value>3.5</value>
    </mag>
    <type>MD</type>
    <originID>quakeml:eu.emsc/event/20030203_0000021/origin/1376119</originID>
    <creationInfo>
      <agencyURI>smi:smi-registry/organization/EMSC</agencyURI>
      <authorURI>smi:smi-registry/organization/EMSC</authorURI>
    </creationInfo>
  </magnitude>
</event>
<event publicID="quakeml:eu.emsc/event/20030203_0000020">
  <preferredOriginID>quakeml:eu.emsc/event/20030203_0000020/origin/1376122</preferredOriginID>
  <preferredMagnitudeID>quakeml:eu.emsc/event/20030203_0000020/origin/1376122/mag/2</preferredMagnitudeID>
  <creationInfo>
    <agencyURI>smi:smi-registry/organization/EMSC</agencyURI>
    <authorURI>smi:smi-registry/organization/EMSC</authorURI>
    <creationTime>2014-12-03T11:20:46.632039Z</creationTime>
  </creationInfo>
  <description>
    <text>WESTERN TURKEY</text>
    <type>Flinn-Engdahl region</type>
  </description>
  <origin publicID="quakeml:eu.emsc/event/20030203_0000020/origin/1376122">
    <time>
      <value>2003-02-03T18:20:56.6Z</value>
      <uncertainty>0.3</uncertainty>
    </time>
    <latitude>
      <value>37.125</value>
      <uncertainty>8.4</uncertainty>
    </latitude>
    <longitude>
      <value>27.7366</value>
      <uncertainty>6.5</uncertainty>
    </longitude>
    <depth>
      <value>2000</value>
    </depth>
    <depthType>from location</depthType>
    <methodID>smi:eu.emsc-csem/origin_method/NA</methodID>
    <quality>
      <usedPhaseCount>11</usedPhaseCount>
      <usedStationCount>10</usedStationCount>
      <standardError>0.71</standardError>
      <azimuthalGap>113</azimuthalGap>
      <minimumDistance>0.44</minimumDistance>
      <maximumDistance>2.57</maximumDistance>
    </quality>
    <evaluationMode>manual</evaluationMode>
    <creationInfo>
      <agencyURI>smi:smi-registry/organization/EMSC</agencyURI>
      <authorURI>smi:smi-registry/organization/EMSC</authorURI>
    </creationInfo>
    <originUncertainty>
      <azimuthMaxHorizontalUncertainty>46</azimuthMaxHorizontalUncertainty>
    </originUncertainty>
  </origin>
  <magnitude publicID="quakeml:eu.emsc/event/20030203_0000020/origin/1376122/mag/2">
    <mag>
      <value>3.3</value>
    </mag>
    <type>MD</type>
    <originID>quakeml:eu.emsc/event/20030203_0000020/origin/1376122</originID>
    <creationInfo>
      <agencyURI>smi:smi-registry/organization/EMSC</agencyURI>
      <authorURI>smi:smi-registry/organization/EMSC</authorURI>
    </creationInfo>
  </magnitude>
</event>
<event publicID="quakeml:eu.emsc/event/20030203_0000019">
  <preferredOriginID>quakeml:eu.emsc/event/20030203_0000019/origin/1376125</preferredOriginID>
  <preferredMagnitudeID>quakeml:eu.emsc/event/20030203_0000019/origin/1376125/mag/2</preferredMagnitudeID>
  <creationInfo>
    <agencyURI>smi:smi-registry/organization/EMSC</agencyURI>
    <authorURI>smi:smi-registry/organization/EMSC</authorURI>
    <creationTime>2014-12-03T10:20:14.895531Z</creationTime>
  </creationInfo>
  <description>
    <text>AEGEAN SEA</text>
    <type>Flinn-Engdahl region</type>
  </description>
  <origin publicID="quakeml:eu.emsc/event/20030203_0000019/origin/1376125">
    <time>
      <value>2003-02-03T18:07:27.3Z</value>
      <uncertainty>0.32</uncertainty>
    </time>
    <latitude>
      <value>40.5701</value>
      <uncertainty>10.5</uncertainty>
    </latitude>
    <longitude>
      <value>25.732</value>
      <uncertainty>6.2</uncertainty>
    </longitude>
    <depth>
      <value>2000</value>
    </depth>
    <depthType>from location</depthType>
    <methodID>smi:eu.emsc-csem/origin_method/NA</methodID>
    <quality>
      <usedPhaseCount>22</usedPhaseCount>
      <usedStationCount>22</usedStationCount>
      <standardError>1.17</standardError>
      <azimuthalGap>101</azimuthalGap>
      <minimumDistance>0.59</minimumDistance>
      <maximumDistance>2.77</maximumDistance>
    </quality>
    <evaluationMode>manual</evaluationMode>
    <creationInfo>
      <agencyURI>smi:smi-registry/organization/EMSC</agencyURI>
      <authorURI>smi:smi-registry/organization/EMSC</authorURI>
    </creationInfo>
    <originUncertainty>
      <azimuthMaxHorizontalUncertainty>42</azimuthMaxHorizontalUncertainty>
    </originUncertainty>
  </origin>
  <magnitude publicID="quakeml:eu.emsc/event/20030203_0000019/origin/1376125/mag/2">
    <mag>
      <value>3.4</value>
    </mag>
    <type>MD</type>
    <originID>quakeml:eu.emsc/event/20030203_0000019/origin/1376125</originID>
    <creationInfo>
      <agencyURI>smi:smi-registry/organization/EMSC</agencyURI>
      <authorURI>smi:smi-registry/organization/EMSC</authorURI>
    </creationInfo>
  </magnitude>
</event>
<event publicID="quakeml:eu.emsc/event/20030203_0000018">
  <preferredOriginID>quakeml:eu.emsc/event/20030203_0000018/origin/1376129</preferredOriginID>
  <preferredMagnitudeID>quakeml:eu.emsc/event/20030203_0000018/origin/1376129/mag/2</preferredMagnitudeID>
  <creationInfo>
    <agencyURI>smi:smi-registry/organization/EMSC</agencyURI>
    <authorURI>smi:smi-registry/organization/EMSC</authorURI>
    <creationTime>2014-12-03T11:23:47.159275Z</creationTime>
  </creationInfo>
  <description>
    <text>WESTERN TURKEY</text>
    <type>Flinn-Engdahl region</type>
  </description>
  <origin publicID="quakeml:eu.emsc/event/20030203_0000018/origin/1376129">
    <time>
      <value>2003-02-03T17:42:08.4Z</value>
      <uncertainty>0.31</uncertainty>
    </time>
    <latitude>
      <value>37.1277</value>
      <uncertainty>9.1</uncertainty>
    </latitude>
    <longitude>
      <value>27.6714</value>
      <uncertainty>7.7</uncertainty>
    </longitude>
    <depth>
      <value>5000</value>
    </depth>
    <depthType>from location</depthType>
    <methodID>smi:eu.emsc-csem/origin_method/NA</methodID>
    <quality>
      <usedPhaseCount>13</usedPhaseCount>
      <usedStationCount>11</usedStationCount>
      <standardError>0.88</standardError>
      <azimuthalGap>74</azimuthalGap>
      <minimumDistance>0.49</minimumDistance>
      <maximumDistance>2.58</maximumDistance>
    </quality>
    <evaluationMode>manual</evaluationMode>
    <creationInfo>
      <agencyURI>smi:smi-registry/organization/EMSC</agencyURI>
      <authorURI>smi:smi-registry/organization/EMSC</authorURI>
    </creationInfo>
    <originUncertainty>
      <azimuthMaxHorizontalUncertainty>35</azimuthMaxHorizontalUncertainty>
    </originUncertainty>
  </origin>
  <magnitude publicID="quakeml:eu.emsc/event/20030203_0000018/origin/1376129/mag/2">
    <mag>
      <value>3.5</value>
    </mag>
    <type>MD</type>
    <originID>quakeml:eu.emsc/event/20030203_0000018/origin/1376129</originID>
    <creationInfo>
      <agencyURI>smi:smi-registry/organization/EMSC</agencyURI>
      <authorURI>smi:smi-registry/organization/EMSC</authorURI>
    </creationInfo>
  </magnitude>
</event>
<event publicID="quakeml:eu.emsc/event/20030203_0000029">
  <preferredOriginID>quakeml:eu.emsc/event/20030203_0000029/origin/1375825</preferredOriginID>
  <preferredMagnitudeID>quakeml:eu.emsc/event/20030203_0000029/origin/1375825/mag/1</preferredMagnitudeID>
  <creationInfo>
    <agencyURI>smi:smi-registry/organization/EMSC</agencyURI>
    <authorURI>smi:smi-registry/organization/EMSC</authorURI>
    <creationTime>2014-12-03T15:53:11.455325Z</creationTime>
  </creationInfo>
  <description>
    <text>NORTHERN ITALY</text>
    <type>Flinn-Engdahl region</type>
  </description>
  <origin publicID="quakeml:eu.emsc/event/20030203_0000029/origin/1375825">
    <time>
      <value>2003-02-03T16:18:18.7Z</value>
      <uncertainty>0.07</uncertainty>
    </time>
    <latitude>
      <value>44.6295</value>
      <uncertainty>1.8</uncertainty>
    </latitude>
    <longitude>
      <value>7.0409</value>
      <uncertainty>1.2</uncertainty>
    </longitude>
    <depth>
      <value>15000</value>
    </depth>
    <depthType>from location</depthType>
    <methodID>smi:eu.emsc-csem/origin_method/NA</methodID>
    <quality>
      <usedPhaseCount>37</usedPhaseCount>
      <usedStationCount>21</usedStationCount>
      <standardError>0.55</standardError>
      <azimuthalGap>60</azimuthalGap>
      <minimumDistance>0.22</minimumDistance>
      <maximumDistance>1.7</maximumDistance>
    </quality>
    <evaluationMode>manual</evaluationMode>
    <creationInfo>
      <agencyURI>smi:smi-registry/organization/EMSC</agencyURI>
      <authorURI>smi:smi-registry/organization/EMSC</authorURI>
    </creationInfo>
    <originUncertainty>
      <azimuthMaxHorizontalUncertainty>68</azimuthMaxHorizontalUncertainty>
    </originUncertainty>
  </origin>
  <magnitude publicID="quakeml:eu.emsc/event/20030203_0000029/origin/1375825/mag/1">
    <mag>
      <value>2.2</value>
      <uncertainty>0.3</uncertainty>
    </mag>
    <type>ML</type>
    <originID>quakeml:eu.emsc/event/20030203_0000029/origin/1375825</originID>
    <stationCount>9</stationCount>
    <creationInfo>
      <agencyURI>smi:smi-registry/organization/EMSC</agencyURI>
      <authorURI>smi:smi-registry/organization/EMSC</authorURI>
    </creationInfo>
  </magnitude>
</event>
<event publicID="quakeml:eu.emsc/event/20030203_0000017">
  <preferredOriginID>quakeml:eu.emsc/event/20030203_0000017/origin/1376133</preferredOriginID>
  <preferredMagnitudeID>quakeml:eu.emsc/event/20030203_0000017/origin/1376133/mag/2</preferredMagnitudeID>
  <creationInfo>
    <agencyURI>smi:smi-registry/organization/EMSC</agencyURI>
    <authorURI>smi:smi-registry/organization/EMSC</authorURI>
    <creationTime>2014-12-03T10:56:27.339334Z</creationTime>
  </creationInfo>
  <description>
    <text>WESTERN TURKEY</text>
    <type>Flinn-Engdahl region</type>
  </description>
  <origin publicID="quakeml:eu.emsc/event/20030203_0000017/origin/1376133">
    <time>
      <value>2003-02-03T15:55:51.4Z</value>
      <uncertainty>0.36</uncertainty>
    </time>
    <latitude>
      <value>37.1569</value>
      <uncertainty>10.4</uncertainty>
    </latitude>
    <longitude>
      <value>27.7277</value>
      <uncertainty>7.9</uncertainty>
    </longitude>
    <depth>
      <value>2000</value>
    </depth>
    <depthType>from location</depthType>
    <methodID>smi:eu.emsc-csem/origin_method/NA</methodID>
    <quality>
      <usedPhaseCount>11</usedPhaseCount>
      <usedStationCount>9</usedStationCount>
      <standardError>1</standardError>
      <azimuthalGap>76</azimuthalGap>
      <minimumDistance>0.44</minimumDistance>
      <maximumDistance>2.38</maximumDistance>
    </quality>
    <evaluationMode>manual</evaluationMode>
    <creationInfo>
      <agencyURI>smi:smi-registry/organization/EMSC</agencyURI>
      <authorURI>smi:smi-registry/organization/EMSC</authorURI>
    </creationInfo>
    <originUncertainty>
      <azimuthMaxHorizontalUncertainty>45</azimuthMaxHorizontalUncertainty>
    </originUncertainty>
  </origin>
  <magnitude publicID="quakeml:eu.emsc/event/20030203_0000017/origin/1376133/mag/2">
    <mag>
      <value>3.3</value>
    </mag>
    <type>MD</type>
    <originID>quakeml:eu.emsc/event/20030203_0000017/origin/1376133</originID>
    <creationInfo>
      <agencyURI>smi:smi-registry/organization/EMSC</agencyURI>
      <authorURI>smi:smi-registry/organization/EMSC</authorURI>
    </creationInfo>
  </magnitude>
</event>
<event publicID="quakeml:eu.emsc/event/20030203_0000016">
  <preferredOriginID>quakeml:eu.emsc/event/20030203_0000016/origin/1376137</preferredOriginID>
  <preferredMagnitudeID>quakeml:eu.emsc/event/20030203_0000016/origin/1376137/mag/2</preferredMagnitudeID>
  <creationInfo>
    <agencyURI>smi:smi-registry/organization/EMSC</agencyURI>
    <authorURI>smi:smi-registry/organization/EMSC</authorURI>
    <creationTime>2014-12-03T11:30:00.569544Z</creationTime>
  </creationInfo>
  <description>
    <text>WESTERN TURKEY</text>
    <type>Flinn-Engdahl region</type>
  </description>
  <origin publicID="quakeml:eu.emsc/event/20030203_0000016/origin/1376137">
    <time>
      <value>2003-02-03T15:33:23.0Z</value>
      <uncertainty>0.32</uncertainty>
    </time>
    <latitude>
      <value>37.0899</value>
      <uncertainty>9.7</uncertainty>
    </latitude>
    <longitude>
      <value>27.6807</value>
      <uncertainty>8</uncertainty>
    </longitude>
    <depth>
      <value>10000</value>
    </depth>
    <depthType>from location</depthType>
    <methodID>smi:eu.emsc-csem/origin_method/NA</methodID>
    <quality>
      <usedPhaseCount>12</usedPhaseCount>
      <usedStationCount>10</usedStationCount>
      <standardError>0.92</standardError>
      <azimuthalGap>74</azimuthalGap>
      <minimumDistance>0.48</minimumDistance>
      <maximumDistance>2.62</maximumDistance>
    </quality>
    <evaluationMode>manual</evaluationMode>
    <creationInfo>
      <agencyURI>smi:smi-registry/organization/EMSC</agencyURI>
      <authorURI>smi:smi-registry/organization/EMSC</authorURI>
    </creationInfo>
    <originUncertainty>
      <azimuthMaxHorizontalUncertainty>37</azimuthMaxHorizontalUncertainty>
    </originUncertainty>
  </origin>
  <magnitude publicID="quakeml:eu.emsc/event/20030203_0000016/origin/1376137/mag/2">
    <mag>
      <value>3.5</value>
    </mag>
    <type>MD</type>
    <originID>quakeml:eu.emsc/event/20030203_0000016/origin/1376137</originID>
    <creationInfo>
      <agencyURI>smi:smi-registry/organization/EMSC</agencyURI>
      <authorURI>smi:smi-registry/organization/EMSC</authorURI>
    </creationInfo>
  </magnitude>
</event>
<event publicID="quakeml:eu.emsc/event/20030203_0000015">
  <preferredOriginID>quakeml:eu.emsc/event/20030203_0000015/origin/1360508</preferredOriginID>
  <preferredMagnitudeID>quakeml:eu.emsc/event/20030203_0000015/origin/1360508/mag/2</preferredMagnitudeID>
  <creationInfo>
    <agencyURI>smi:smi-registry/organization/EMSC</agencyURI>
    <authorURI>smi:smi-registry/organization/EMSC</authorURI>
    <creationTime>2014-12-10T19:35:37.33172Z</creationTime>
  </creationInfo>
  <description>
    <text>WESTERN TURKEY</text>
    <type>Flinn-Engdahl region</type>
  </description>
  <origin publicID="quakeml:eu.emsc/event/20030203_0000015/origin/1360508">
    <time>
      <value>2003-02-03T15:16:18.2Z</value>
    </time>
    <latitude>
      <value>37.37</value>
      <uncertainty>9999.9</uncertainty>
    </latitude>
    <longitude>
      <value>28.002</value>
      <uncertainty>9999.9</uncertainty>
    </longitude>
    <depth>
      <value>7000</value>
    </depth>
    <depthType>from location</depthType>
    <methodID>smi:eu.emsc-csem/origin_method/NA</methodID>
    <quality>
      <usedPhaseCount>5</usedPhaseCount>
      <usedStationCount>4</usedStationCount>
      <standardError>0.89</standardError>
      <azimuthalGap>194</azimuthalGap>
      <minimumDistance>0.32</minimumDistance>
      <maximumDistance>1.65</maximumDistance>
    </quality>
    <evaluationMode>manual</evaluationMode>
    <creationInfo>
      <agencyURI>smi:smi-registry/organization/EMSC</agencyURI>
      <authorURI>smi:smi-registry/organization/EMSC</authorURI>
    </creationInfo>
    <originUncertainty>
      <azimuthMaxHorizontalUncertainty>-99</azimuthMaxHorizontalUncertainty>
    </originUncertainty>
  </origin>
  <magnitude publicID="quakeml:eu.emsc/event/20030203_0000015/origin/1360508/mag/2">
    <mag>
      <value>3.3</value>
    </mag>
    <type>MD</type>
    <originID>quakeml:eu.emsc/event/20030203_0000015/origin/1360508</originID>
    <creationInfo>
      <agencyURI>smi:smi-registry/organization/EMSC</agencyURI>
      <authorURI>smi:smi-registry/organization/EMSC</authorURI>
    </creationInfo>
  </magnitude>
</event>
<event publicID="quakeml:eu.emsc/event/20030203_0000014">
  <preferredOriginID>quakeml:eu.emsc/event/20030203_0000014/origin/1376140</preferredOriginID>
  <preferredMagnitudeID>quakeml:eu.emsc/event/20030203_0000014/origin/1376140/mag/2</preferredMagnitudeID>
  <creationInfo>
    <agencyURI>smi:smi-registry/organization/EMSC</agencyURI>
    <authorURI>smi:smi-registry/organization/EMSC</authorURI>
    <creationTime>2014-12-03T11:09:47.282904Z</creationTime>
  </creationInfo>
  <description>
    <text>WESTERN TURKEY</text>
    <type>Flinn-Engdahl region</type>
  </description>
  <origin publicID="quakeml:eu.emsc/event/20030203_0000014/origin/1376140">
    <time>
      <value>2003-02-03T15:10:58.4Z</value>
      <uncertainty>0.68</uncertainty>
    </time>
    <latitude>
      <value>37.1891</value>
      <uncertainty>34.1</uncertainty>
    </latitude>
    <longitude>
      <value>27.6836</value>
      <uncertainty>16.4</uncertainty>
    </longitude>
    <depth>
      <value>2000</value>
    </depth>
    <depthType>from location</depthType>
    <methodID>smi:eu.emsc-csem/origin_method/NA</methodID>
    <quality>
      <usedPhaseCount>6</usedPhaseCount>
      <usedStationCount>6</usedStationCount>
      <standardError>0.99</standardError>
      <azimuthalGap>152</azimuthalGap>
      <minimumDistance>0.85</minimumDistance>
      <maximumDistance>15.73</maximumDistance>
    </quality>
    <evaluationMode>manual</evaluationMode>
    <creationInfo>
      <agencyURI>smi:smi-registry/organization/EMSC</agencyURI>
      <authorURI>smi:smi-registry/organization/EMSC</authorURI>
    </creationInfo>
    <originUncertainty>
      <azimuthMaxHorizontalUncertainty>53</azimuthMaxHorizontalUncertainty>
    </originUncertainty>
  </origin>
  <magnitude publicID="quakeml:eu.emsc/event/20030203_0000014/origin/1376140/mag/2">
    <mag>
      <value>3.7</value>
    </mag>
    <type>MD</type>
    <originID>quakeml:eu.emsc/event/20030203_0000014/origin/1376140</originID>
    <creationInfo>
      <agencyURI>smi:smi-registry/organization/EMSC</agencyURI>
      <authorURI>smi:smi-registry/organization/EMSC</authorURI>
    </creationInfo>
  </magnitude>
</event>
<event publicID="quakeml:eu.emsc/event/20030203_0000013">
  <preferredOriginID>quakeml:eu.emsc/event/20030203_0000013/origin/1360510</preferredOriginID>
  <preferredMagnitudeID>quakeml:eu.emsc/event/20030203_0000013/origin/1360510/mag/2</preferredMagnitudeID>
  <creationInfo>
    <agencyURI>smi:smi-registry/organization/EMSC</agencyURI>
    <authorURI>smi:smi-registry/organization/EMSC</authorURI>
    <creationTime>2014-12-10T19:35:30.210918Z</creationTime>
  </creationInfo>
  <description>
    <text>WESTERN TURKEY</text>
    <type>Flinn-Engdahl region</type>
  </description>
  <origin publicID="quakeml:eu.emsc/event/20030203_0000013/origin/1360510">
    <time>
      <value>2003-02-03T14:44:43.2Z</value>
    </time>
    <latitude>
      <value>37.298</value>
      <uncertainty>9999.9</uncertainty>
    </latitude>
    <longitude>
      <value>28.49</value>
      <uncertainty>9999.9</uncertainty>
    </longitude>
    <depth>
      <value>13000</value>
    </depth>
    <depthType>from location</depthType>
    <methodID>smi:eu.emsc-csem/origin_method/NA</methodID>
    <quality>
      <usedPhaseCount>6</usedPhaseCount>
      <usedStationCount>5</usedStationCount>
      <standardError>0.51</standardError>
      <azimuthalGap>110</azimuthalGap>
      <minimumDistance>0.23</minimumDistance>
      <maximumDistance>1.47</maximumDistance>
    </quality>
    <evaluationMode>manual</evaluationMode>
    <creationInfo>
      <agencyURI>smi:smi-registry/organization/EMSC</agencyURI>
      <authorURI>smi:smi-registry/organization/EMSC</authorURI>
    </creationInfo>
    <originUncertainty>
      <azimuthMaxHorizontalUncertainty>-99</azimuthMaxHorizontalUncertainty>
    </originUncertainty>
  </origin>
  <magnitude publicID="quakeml:eu.emsc/event/20030203_0000013/origin/1360510/mag/2">
    <mag>
      <value>3.2</value>
    </mag>
    <type>MD</type>
    <originID>quakeml:eu.emsc/event/20030203_0000013/origin/1360510</originID>
    <creationInfo>
      <agencyURI>smi:smi-registry/organization/EMSC</agencyURI>
      <authorURI>smi:smi-registry/organization/EMSC</authorURI>
    </creationInfo>
  </magnitude>
</event>
<event publicID="quakeml:eu.emsc/event/20030203_0000012">
  <preferredOriginID>quakeml:eu.emsc/event/20030203_0000012/origin/1376628</preferredOriginID>
  <preferredMagnitudeID>quakeml:eu.emsc/event/20030203_0000012/origin/1376628/mag/1</preferredMagnitudeID>
  <creationInfo>
    <agencyURI>smi:smi-registry/organization/EMSC</agencyURI>
    <authorURI>smi:smi-registry/organization/EMSC</authorURI>
    <creationTime>2014-12-03T10:53:44.83087Z</creationTime>
  </creationInfo>
  <description>
    <text>SWITZERLAND</text>
    <type>Flinn-Engdahl region</type>
  </description>
  <origin publicID="quakeml:eu.emsc/event/20030203_0000012/origin/1376628">
    <time>
      <value>2003-02-03T13:11:42.2Z</value>
      <uncertainty>0.08</uncertainty>
    </time>
    <latitude>
      <value>47.0221</value>
      <uncertainty>1.9</uncertainty>
    </latitude>
    <longitude>
      <value>6.9301</value>
      <uncertainty>1.3</uncertainty>
    </longitude>
    <depth>
      <value>12000</value>
    </depth>
    <depthType>from location</depthType>
    <methodID>smi:eu.emsc-csem/origin_method/NA</methodID>
    <quality>
      <usedPhaseCount>199</usedPhaseCount>
      <usedStationCount>89</usedStationCount>
      <standardError>1.15</standardError>
      <azimuthalGap>21</azimuthalGap>
      <minimumDistance>0.25</minimumDistance>
      <maximumDistance>6.02</maximumDistance>
    </quality>
    <evaluationMode>manual</evaluationMode>
    <creationInfo>
      <agencyURI>smi:smi-registry/organization/EMSC</agencyURI>
      <authorURI>smi:smi-registry/organization/EMSC</authorURI>
    </creationInfo>
    <originUncertainty>
      <azimuthMaxHorizontalUncertainty>128</azimuthMaxHorizontalUncertainty>
    </originUncertainty>
  </origin>
  <magnitude publicID="quakeml:eu.emsc/event/20030203_0000012/origin/1376628/mag/1">
    <mag>
      <value>3.2</value>
      <uncertainty>0.5</uncertainty>
    </mag>
    <type>ML</type>
    <originID>quakeml:eu.emsc/event/20030203_0000012/origin/1376628</originID>
    <stationCount>27</stationCount>
    <creationInfo>
      <agencyURI>smi:smi-registry/organization/EMSC</agencyURI>
      <authorURI>smi:smi-registry/organization/EMSC</authorURI>
    </creationInfo>
  </magnitude>
</event>
<event publicID="quakeml:eu.emsc/event/20030203_0000011">
  <preferredOriginID>quakeml:eu.emsc/event/20030203_0000011/origin/1376144</preferredOriginID>
  <preferredMagnitudeID>quakeml:eu.emsc/event/20030203_0000011/origin/1376144/mag/2</preferredMagnitudeID>
  <creationInfo>
    <agencyURI>smi:smi-registry/organization/EMSC</agencyURI>
    <authorURI>smi:smi-registry/organization/EMSC</authorURI>
    <creationTime>2014-12-03T11:15:27.90589Z</creationTime>
  </creationInfo>
  <description>
    <text>SPAIN</text>
    <type>Flinn-Engdahl region</type>
  </description>
  <origin publicID="quakeml:eu.emsc/event/20030203_0000011/origin/1376144">
    <time>
      <value>2003-02-03T13:01:23.0Z</value>
      <uncertainty>0.4</uncertainty>
    </time>
    <latitude>
      <value>37.7406</value>
      <uncertainty>12.3</uncertainty>
    </latitude>
    <longitude>
      <value>-1.9076</value>
      <uncertainty>5.2</uncertainty>
    </longitude>
    <depth>
      <value>10000</value>
    </depth>
    <depthType>from location</depthType>
    <methodID>smi:eu.emsc-csem/origin_method/NA</methodID>
    <quality>
      <usedPhaseCount>9</usedPhaseCount>
      <usedStationCount>8</usedStationCount>
      <standardError>0.72</standardError>
      <azimuthalGap>172</azimuthalGap>
      <minimumDistance>0.4</minimumDistance>
      <maximumDistance>2.51</maximumDistance>
    </quality>
    <evaluationMode>manual</evaluationMode>
    <creationInfo>
      <agencyURI>smi:smi-registry/organization/EMSC</agencyURI>
      <authorURI>smi:smi-registry/organization/EMSC</authorURI>
    </creationInfo>
    <originUncertainty>
      <azimuthMaxHorizontalUncertainty>12</azimuthMaxHorizontalUncertainty>
    </originUncertainty>
  </origin>
  <magnitude publicID="quakeml:eu.emsc/event/20030203_0000011/origin/1376144/mag/2">
    <mag>
      <value>3.2</value>
    </mag>
    <type>mb</type>
    <originID>quakeml:eu.emsc/event/20030203_0000011/origin/1376144</originID>
    <stationCount>1</stationCount>
    <creationInfo>
      <agencyURI>smi:smi-registry/organization/EMSC</agencyURI>
      <authorURI>smi:smi-registry/organization/EMSC</authorURI>
    </creationInfo>
  </magnitude>
</event>
<event publicID="quakeml:eu.emsc/event/20030203_0000009">
  <preferredOriginID>quakeml:eu.emsc/event/20030203_0000009/origin/1376147</preferredOriginID>
  <preferredMagnitudeID>quakeml:eu.emsc/event/20030203_0000009/origin/1376147/mag/2</preferredMagnitudeID>
  <creationInfo>
    <agencyURI>smi:smi-registry/organization/EMSC</agencyURI>
    <authorURI>smi:smi-registry/organization/EMSC</authorURI>
    <creationTime>2014-12-03T12:19:23.447543Z</creationTime>
  </creationInfo>
  <description>
    <text>GREECE</text>
    <type>Flinn-Engdahl region</type>
  </description>
  <origin publicID="quakeml:eu.emsc/event/20030203_0000009/origin/1376147">
    <time>
      <value>2003-02-03T12:19:51.7Z</value>
      <uncertainty>0.45</uncertainty>
    </time>
    <latitude>
      <value>39.2134</value>
      <uncertainty>15</uncertainty>
    </latitude>
    <longitude>
      <value>21.7127</value>
      <uncertainty>10.8</uncertainty>
    </longitude>
    <depth>
      <value>20000</value>
    </depth>
    <depthType>from location</depthType>
    <methodID>smi:eu.emsc-csem/origin_method/NA</methodID>
    <quality>
      <usedPhaseCount>8</usedPhaseCount>
      <usedStationCount>7</usedStationCount>
      <standardError>1.38</standardError>
      <azimuthalGap>83</azimuthalGap>
      <minimumDistance>0.31</minimumDistance>
      <maximumDistance>1.36</maximumDistance>
    </quality>
    <evaluationMode>manual</evaluationMode>
    <creationInfo>
      <agencyURI>smi:smi-registry/organization/EMSC</agencyURI>
      <authorURI>smi:smi-registry/organization/EMSC</authorURI>
    </creationInfo>
    <originUncertainty>
      <azimuthMaxHorizontalUncertainty>48</azimuthMaxHorizontalUncertainty>
    </originUncertainty>
  </origin>
  <magnitude publicID="quakeml:eu.emsc/event/20030203_0000009/origin/1376147/mag/2">
    <mag>
      <value>3.3</value>
    </mag>
    <type>MD</type>
    <originID>quakeml:eu.emsc/event/20030203_0000009/origin/1376147</originID>
    <creationInfo>
      <agencyURI>smi:smi-registry/organization/EMSC</agencyURI>
      <authorURI>smi:smi-registry/organization/EMSC</authorURI>
    </creationInfo>
  </magnitude>
</event>
<event publicID="quakeml:eu.emsc/event/20030203_0000008">
  <preferredOriginID>quakeml:eu.emsc/event/20030203_0000008/origin/1376150</preferredOriginID>
  <creationInfo>
    <agencyURI>smi:smi-registry/organization/EMSC</agencyURI>
    <authorURI>smi:smi-registry/organization/EMSC</authorURI>
    <creationTime>2014-12-03T11:52:33.581717Z</creationTime>
  </creationInfo>
  <description>
    <text>SOUTHERN ITALY</text>
    <type>Flinn-Engdahl region</type>
  </description>
  <origin publicID="quakeml:eu.emsc/event/20030203_0000008/origin/1376150">
    <time>
      <value>2003-02-03T12:18:46.6Z</value>
      <uncertainty>0.21</uncertainty>
    </time>
    <latitude>
      <value>40.7684</value>
      <uncertainty>5</uncertainty>
    </latitude>
    <longitude>
      <value>15.6485</value>
      <uncertainty>4.4</uncertainty>
    </longitude>
    <depth>
      <value>10000</value>
    </depth>
    <depthType>from location</depthType>
    <methodID>smi:eu.emsc-csem/origin_method/NA</methodID>
    <quality>
      <usedPhaseCount>29</usedPhaseCount>
      <usedStationCount>23</usedStationCount>
      <standardError>1.04</standardError>
      <azimuthalGap>55</azimuthalGap>
      <minimumDistance>0.12</minimumDistance>
      <maximumDistance>5.79</maximumDistance>
    </quality>
    <evaluationMode>manual</evaluationMode>
    <creationInfo>
      <agencyURI>smi:smi-registry/organization/EMSC</agencyURI>
      <authorURI>smi:smi-registry/organization/EMSC</authorURI>
    </creationInfo>
    <originUncertainty>
      <azimuthMaxHorizontalUncertainty>33</azimuthMaxHorizontalUncertainty>
    </originUncertainty>
  </origin>
</event>
<event publicID="quakeml:eu.emsc/event/20030203_0000007">
  <preferredOriginID>quakeml:eu.emsc/event/20030203_0000007/origin/1360512</preferredOriginID>
  <preferredMagnitudeID>quakeml:eu.emsc/event/20030203_0000007/origin/1360512/mag/2</preferredMagnitudeID>
  <creationInfo>
    <agencyURI>smi:smi-registry/organization/EMSC</agencyURI>
    <authorURI>smi:smi-registry/organization/EMSC</authorURI>
    <creationTime>2014-12-10T19:35:12.417423Z</creationTime>
  </creationInfo>
  <description>
    <text>ROMANIA</text>
    <type>Flinn-Engdahl region</type>
  </description>
  <origin publicID="quakeml:eu.emsc/event/20030203_0000007/origin/1360512">
    <time>
      <value>2003-02-03T07:09:27.8Z</value>
    </time>
    <latitude>
      <value>45.485</value>
      <uncertainty>9999.9</uncertainty>
    </latitude>
    <longitude>
      <value>26.476</value>
      <uncertainty>9999.9</uncertainty>
    </longitude>
    <depth>
      <value>124400.0</value>
    </depth>
    <depthType>from location</depthType>
    <methodID>smi:eu.emsc-csem/origin_method/NA</methodID>
    <quality>
      <usedPhaseCount>11</usedPhaseCount>
      <usedStationCount>6</usedStationCount>
      <standardError>0.59</standardError>
      <azimuthalGap>113</azimuthalGap>
      <minimumDistance>0.37</minimumDistance>
      <maximumDistance>1.3</maximumDistance>
    </quality>
    <evaluationMode>manual</evaluationMode>
    <creationInfo>
      <agencyURI>smi:smi-registry/organization/EMSC</agencyURI>
      <authorURI>smi:smi-registry/organization/EMSC</authorURI>
    </creationInfo>
    <originUncertainty>
      <azimuthMaxHorizontalUncertainty>-99</azimuthMaxHorizontalUncertainty>
    </originUncertainty>
  </origin>
  <magnitude publicID="quakeml:eu.emsc/event/20030203_0000007/origin/1360512/mag/2">
    <mag>
      <value>3.5</value>
      <uncertainty>0.1</uncertainty>
    </mag>
    <type>MD</type>
    <originID>quakeml:eu.emsc/event/20030203_0000007/origin/1360512</originID>
    <stationCount>4</stationCount>
    <creationInfo>
      <agencyURI>smi:smi-registry/organization/EMSC</agencyURI>
      <authorURI>smi:smi-registry/organization/EMSC</authorURI>
    </creationInfo>
  </magnitude>
</event>
<event publicID="quakeml:eu.emsc/event/20030203_0000006">
  <preferredOriginID>quakeml:eu.emsc/event/20030203_0000006/origin/1360514</preferredOriginID>
  <preferredMagnitudeID>quakeml:eu.emsc/event/20030203_0000006/origin/1360514/mag/2</preferredMagnitudeID>
  <creationInfo>
    <agencyURI>smi:smi-registry/organization/EMSC</agencyURI>
    <authorURI>smi:smi-registry/organization/EMSC</authorURI>
    <creationTime>2014-12-10T19:35:07.581014Z</creationTime>
  </creationInfo>
  <description>
    <text>CENTRAL TURKEY</text>
    <type>Flinn-Engdahl region</type>
  </description>
  <origin publicID="quakeml:eu.emsc/event/20030203_0000006/origin/1360514">
    <time>
      <value>2003-02-03T06:43:16.9Z</value>
    </time>
    <latitude>
      <value>40.726</value>
      <uncertainty>9999.9</uncertainty>
    </latitude>
    <longitude>
      <value>32.907</value>
      <uncertainty>9999.9</uncertainty>
    </longitude>
    <depth>
      <value>14000</value>
    </depth>
    <depthType>from location</depthType>
    <methodID>smi:eu.emsc-csem/origin_method/NA</methodID>
    <quality>
      <usedPhaseCount>9</usedPhaseCount>
      <usedStationCount>7</usedStationCount>
      <standardError>0.93</standardError>
      <azimuthalGap>101</azimuthalGap>
      <minimumDistance>0.54</minimumDistance>
      <maximumDistance>2.01</maximumDistance>
    </quality>
    <evaluationMode>manual</evaluationMode>
    <creationInfo>
      <agencyURI>smi:smi-registry/organization/EMSC</agencyURI>
      <authorURI>smi:smi-registry/organization/EMSC</authorURI>
    </creationInfo>
    <originUncertainty>
      <azimuthMaxHorizontalUncertainty>-99</azimuthMaxHorizontalUncertainty>
    </originUncertainty>
  </origin>
  <magnitude publicID="quakeml:eu.emsc/event/20030203_0000006/origin/1360514/mag/2">
    <mag>
      <value>3.2</value>
    </mag>
    <type>MD</type>
    <originID>quakeml:eu.emsc/event/20030203_0000006/origin/1360514</originID>
    <creationInfo>
      <agencyURI>smi:smi-registry/organization/EMSC</agencyURI>
      <authorURI>smi:smi-registry/organization/EMSC</authorURI>
    </creationInfo>
  </magnitude>
</event>
<event publicID="quakeml:eu.emsc/event/20030203_0000004">
  <preferredOriginID>quakeml:eu.emsc/event/20030203_0000004/origin/1360516</preferredOriginID>
  <preferredMagnitudeID>quakeml:eu.emsc/event/20030203_0000004/origin/1360516/mag/2</preferredMagnitudeID>
  <creationInfo>
    <agencyURI>smi:smi-registry/organization/EMSC</agencyURI>
    <authorURI>smi:smi-registry/organization/EMSC</authorURI>
    <creationTime>2014-12-10T19:35:02.651345Z</creationTime>
  </creationInfo>
  <description>
    <text>SOUTHERN GREECE</text>
    <type>Flinn-Engdahl region</type>
  </description>
  <origin publicID="quakeml:eu.emsc/event/20030203_0000004/origin/1360516">
    <time>
      <value>2003-02-03T05:27:04.0Z</value>
    </time>
    <latitude>
      <value>36.42</value>
      <uncertainty>9999.9</uncertainty>
    </latitude>
    <longitude>
      <value>23.01</value>
      <uncertainty>9999.9</uncertainty>
    </longitude>
    <depth>
      <value>20000</value>
    </depth>
    <depthType>from location</depthType>
    <methodID>smi:eu.emsc-csem/origin_method/NA</methodID>
    <quality>
      <usedPhaseCount>5</usedPhaseCount>
      <usedStationCount>5</usedStationCount>
      <standardError>1.26</standardError>
      <azimuthalGap>140</azimuthalGap>
      <minimumDistance>0.14</minimumDistance>
      <maximumDistance>1.4</maximumDistance>
    </quality>
    <evaluationMode>manual</evaluationMode>
    <creationInfo>
      <agencyURI>smi:smi-registry/organization/EMSC</agencyURI>
      <authorURI>smi:smi-registry/organization/EMSC</authorURI>
    </creationInfo>
    <originUncertainty>
      <azimuthMaxHorizontalUncertainty>-99</azimuthMaxHorizontalUncertainty>
    </originUncertainty>
  </origin>
  <magnitude publicID="quakeml:eu.emsc/event/20030203_0000004/origin/1360516/mag/2">
    <mag>
      <value>3.1</value>
    </mag>
    <type>MD</type>
    <originID>quakeml:eu.emsc/event/20030203_0000004/origin/1360516</originID>
    <creationInfo>
      <agencyURI>smi:smi-registry/organization/EMSC</agencyURI>
      <authorURI>smi:smi-registry/organization/EMSC</authorURI>
    </creationInfo>
  </magnitude>
</event>
<event publicID="quakeml:eu.emsc/event/20030203_0000003">
  <preferredOriginID>quakeml:eu.emsc/event/20030203_0000003/origin/1376154</preferredOriginID>
  <preferredMagnitudeID>quakeml:eu.emsc/event/20030203_0000003/origin/1376154/mag/2</preferredMagnitudeID>
  <creationInfo>
    <agencyURI>smi:smi-registry/organization/EMSC</agencyURI>
    <authorURI>smi:smi-registry/organization/EMSC</authorURI>
    <creationTime>2014-12-03T11:57:21.988586Z</creationTime>
  </creationInfo>
  <description>
    <text>CENTRAL ITALY</text>
    <type>Flinn-Engdahl region</type>
  </description>
  <origin publicID="quakeml:eu.emsc/event/20030203_0000003/origin/1376154">
    <time>
      <value>2003-02-03T04:24:22.1Z</value>
      <uncertainty>0.17</uncertainty>
    </time>
    <latitude>
      <value>43.8447</value>
      <uncertainty>4.7</uncertainty>
    </latitude>
    <longitude>
      <value>11.9481</value>
      <uncertainty>3.4</uncertainty>
    </longitude>
    <depth>
      <value>12000</value>
    </depth>
    <depthType>from location</depthType>
    <methodID>smi:eu.emsc-csem/origin_method/NA</methodID>
    <quality>
      <usedPhaseCount>44</usedPhaseCount>
      <usedStationCount>30</usedStationCount>
      <standardError>1.22</standardError>
      <azimuthalGap>46</azimuthalGap>
      <minimumDistance>0.09</minimumDistance>
      <maximumDistance>4.61</maximumDistance>
    </quality>
    <evaluationMode>manual</evaluationMode>
    <creationInfo>
      <agencyURI>smi:smi-registry/organization/EMSC</agencyURI>
      <authorURI>smi:smi-registry/organization/EMSC</authorURI>
    </creationInfo>
    <originUncertainty>
      <azimuthMaxHorizontalUncertainty>12</azimuthMaxHorizontalUncertainty>
    </originUncertainty>
  </origin>
  <magnitude publicID="quakeml:eu.emsc/event/20030203_0000003/origin/1376154/mag/2">
    <mag>
      <value>2.8</value>
      <uncertainty>0.3</uncertainty>
    </mag>
    <type>ML</type>
    <originID>quakeml:eu.emsc/event/20030203_0000003/origin/1376154</originID>
    <stationCount>3</stationCount>
    <creationInfo>
      <agencyURI>smi:smi-registry/organization/EMSC</agencyURI>
      <authorURI>smi:smi-registry/organization/EMSC</authorURI>
    </creationInfo>
  </magnitude>
</event>
<event publicID="quakeml:eu.emsc/event/20030203_0000002">
  <preferredOriginID>quakeml:eu.emsc/event/20030203_0000002/origin/1376158</preferredOriginID>
  <preferredMagnitudeID>quakeml:eu.emsc/event/20030203_0000002/origin/1376158/mag/2</preferredMagnitudeID>
  <creationInfo>
    <agencyURI>smi:smi-registry/organization/EMSC</agencyURI>
    <authorURI>smi:smi-registry/organization/EMSC</authorURI>
    <creationTime>2014-12-03T11:58:09.822832Z</creationTime>
  </creationInfo>
  <description>
    <text>WESTERN TURKEY</text>
    <type>Flinn-Engdahl region</type>
  </description>
  <origin publicID="quakeml:eu.emsc/event/20030203_0000002/origin/1376158">
    <time>
      <value>2003-02-03T02:23:49.5Z</value>
      <uncertainty>0.48</uncertainty>
    </time>
    <latitude>
      <value>37.2025</value>
      <uncertainty>15.2</uncertainty>
    </latitude>
    <longitude>
      <value>27.6917</value>
      <uncertainty>12.6</uncertainty>
    </longitude>
    <depth>
      <value>2000</value>
    </depth>
    <depthType>from location</depthType>
    <methodID>smi:eu.emsc-csem/origin_method/NA</methodID>
    <quality>
      <usedPhaseCount>10</usedPhaseCount>
      <usedStationCount>9</usedStationCount>
      <standardError>1.18</standardError>
      <azimuthalGap>83</azimuthalGap>
      <minimumDistance>1.04</minimumDistance>
      <maximumDistance>3.78</maximumDistance>
    </quality>
    <evaluationMode>manual</evaluationMode>
    <creationInfo>
      <agencyURI>smi:smi-registry/organization/EMSC</agencyURI>
      <authorURI>smi:smi-registry/organization/EMSC</authorURI>
    </creationInfo>
    <originUncertainty>
      <azimuthMaxHorizontalUncertainty>132</azimuthMaxHorizontalUncertainty>
    </originUncertainty>
  </origin>
  <magnitude publicID="quakeml:eu.emsc/event/20030203_0000002/origin/1376158/mag/2">
    <mag>
      <value>3.3</value>
    </mag>
    <type>MD</type>
    <originID>quakeml:eu.emsc/event/20030203_0000002/origin/1376158</originID>
    <creationInfo>
      <agencyURI>smi:smi-registry/organization/EMSC</agencyURI>
      <authorURI>smi:smi-registry/organization/EMSC</authorURI>
    </creationInfo>
  </magnitude>
</event>
<event publicID="quakeml:eu.emsc/event/20030203_0000001">
  <preferredOriginID>quakeml:eu.emsc/event/20030203_0000001/origin/1376161</preferredOriginID>
  <preferredMagnitudeID>quakeml:eu.emsc/event/20030203_0000001/origin/1376161/mag/2</preferredMagnitudeID>
  <creationInfo>
    <agencyURI>smi:smi-registry/organization/EMSC</agencyURI>
    <authorURI>smi:smi-registry/organization/EMSC</authorURI>
    <creationTime>2014-12-03T10:58:30.672902Z</creationTime>
  </creationInfo>
  <description>
    <text>GREECE</text>
    <type>Flinn-Engdahl region</type>
  </description>
  <origin publicID="quakeml:eu.emsc/event/20030203_0000001/origin/1376161">
    <time>
      <value>2003-02-03T02:18:41.8Z</value>
      <uncertainty>0.77</uncertainty>
    </time>
    <latitude>
      <value>38.2906</value>
      <uncertainty>27.5</uncertainty>
    </latitude>
    <longitude>
      <value>22.0799</value>
      <uncertainty>16.9</uncertainty>
    </longitude>
    <depth>
      <value>2000</value>
    </depth>
    <depthType>from location</depthType>
    <methodID>smi:eu.emsc-csem/origin_method/NA</methodID>
    <quality>
      <usedPhaseCount>10</usedPhaseCount>
      <usedStationCount>9</usedStationCount>
      <standardError>1.54</standardError>
      <azimuthalGap>139</azimuthalGap>
      <minimumDistance>0.66</minimumDistance>
      <maximumDistance>3.05</maximumDistance>
    </quality>
    <evaluationMode>manual</evaluationMode>
    <creationInfo>
      <agencyURI>smi:smi-registry/organization/EMSC</agencyURI>
      <authorURI>smi:smi-registry/organization/EMSC</authorURI>
    </creationInfo>
    <originUncertainty>
      <azimuthMaxHorizontalUncertainty>69</azimuthMaxHorizontalUncertainty>
    </originUncertainty>
  </origin>
  <magnitude publicID="quakeml:eu.emsc/event/20030203_0000001/origin/1376161/mag/2">
    <mag>
      <value>3.5</value>
    </mag>
    <type>MD</type>
    <originID>quakeml:eu.emsc/event/20030203_0000001/origin/1376161</originID>
    <creationInfo>
      <agencyURI>smi:smi-registry/organization/EMSC</agencyURI>
      <authorURI>smi:smi-registry/organization/EMSC</authorURI>
    </creationInfo>
  </magnitude>
</event>
</eventParameters>
</q:quakeml>
