<?xml version="1.0"?>
<q:quakeml xmlns:q="http://quakeml.org/xmlns/quakeml/1.2"  xmlns="http://quakeml.org/xmlns/bed/1.2">
<eventParameters publicID="smi:eu.emsc/unid">
<event publicID="quakeml:eu.emsc/event/20030612_0000013">
  <preferredOriginID>quakeml:eu.emsc/event/20030612_0000013/origin/1416178</preferredOriginID>
  <preferredMagnitudeID>quakeml:eu.emsc/event/20030612_0000013/origin/1416178/mag/2</preferredMagnitudeID>
  <creationInfo>
    <agencyURI>smi:smi-registry/organization/EMSC</agencyURI>
    <authorURI>smi:smi-registry/organization/EMSC</authorURI>
    <creationTime>2014-12-03T11:32:36.801308Z</creationTime>
  </creationInfo>
  <description>
    <text>GREECE</text>
    <type>Flinn-Engdahl region</type>
  </description>
  <origin publicID="quakeml:eu.emsc/event/20030612_0000013/origin/1416178">
    <time>
      <value>2003-06-12T23:43:59.6Z</value>
      <uncertainty>0.23</uncertainty>
    </time>
    <latitude>
      <value>38.0274</value>
      <uncertainty>5.9</uncertainty>
    </latitude>
    <longitude>
      <value>21.7052</value>
      <uncertainty>3.5</uncertainty>
    </longitude>
    <depth>
      <value>2000</value>
    </depth>
    <depthType>from location</depthType>
    <methodID>smi:eu.emsc-csem/origin_method/NA</methodID>
    <quality>
      <usedPhaseCount>96</usedPhaseCount>
      <usedStationCount>84</usedStationCount>
      <standardError>1.01</standardError>
      <azimuthalGap>114</azimuthalGap>
      <minimumDistance>1.11</minimumDistance>
      <maximumDistance>14.52</maximumDistance>
    </quality>
    <evaluationMode>manual</evaluationMode>
    <creationInfo>
      <agencyURI>smi:smi-registry/organization/EMSC</agencyURI>
      <authorURI>smi:smi-registry/organization/EMSC</authorURI>
    </creationInfo>
    <originUncertainty>
      <azimuthMaxHorizontalUncertainty>167</azimuthMaxHorizontalUncertainty>
    </originUncertainty>
  </origin>
  <magnitude publicID="quakeml:eu.emsc/event/20030612_0000013/origin/1416178/mag/2">
    <mag>
      <value>4.2</value>
    </mag>
    <type>MD</type>
    <originID>quakeml:eu.emsc/event/20030612_0000013/origin/1416178</originID>
    <creationInfo>
      <agencyURI>smi:smi-registry/organization/EMSC</agencyURI>
      <authorURI>smi:smi-registry/organization/EMSC</authorURI>
    </creationInfo>
  </magnitude>
</event>
<event publicID="quakeml:eu.emsc/event/20030612_0000016">
  <preferredOriginID>quakeml:eu.emsc/event/20030612_0000016/origin/1369236</preferredOriginID>
  <preferredMagnitudeID>quakeml:eu.emsc/event/20030612_0000016/origin/1369236/mag/1</preferredMagnitudeID>
  <creationInfo>
    <agencyURI>smi:smi-registry/organization/EMSC</agencyURI>
    <authorURI>smi:smi-registry/organization/EMSC</authorURI>
    <creationTime>2014-12-03T15:12:49.142449Z</creationTime>
  </creationInfo>
  <description>
    <text>PYRENEES</text>
    <type>Flinn-Engdahl region</type>
  </description>
  <origin publicID="quakeml:eu.emsc/event/20030612_0000016/origin/1369236">
    <time>
      <value>2003-06-12T23:13:46.5Z</value>
      <uncertainty>0.12</uncertainty>
    </time>
    <latitude>
      <value>42.6292</value>
      <uncertainty>3.3</uncertainty>
    </latitude>
    <longitude>
      <value>0.7324</value>
      <uncertainty>1.7</uncertainty>
    </longitude>
    <depth>
      <value>10000</value>
    </depth>
    <depthType>from location</depthType>
    <methodID>smi:eu.emsc-csem/origin_method/NA</methodID>
    <quality>
      <usedPhaseCount>14</usedPhaseCount>
      <usedStationCount>8</usedStationCount>
      <standardError>0.52</standardError>
      <azimuthalGap>139</azimuthalGap>
      <minimumDistance>0.24</minimumDistance>
      <maximumDistance>1.7</maximumDistance>
    </quality>
    <evaluationMode>manual</evaluationMode>
    <creationInfo>
      <agencyURI>smi:smi-registry/organization/EMSC</agencyURI>
      <authorURI>smi:smi-registry/organization/EMSC</authorURI>
    </creationInfo>
    <originUncertainty>
      <azimuthMaxHorizontalUncertainty>118</azimuthMaxHorizontalUncertainty>
    </originUncertainty>
  </origin>
  <magnitude publicID="quakeml:eu.emsc/event/20030612_0000016/origin/1369236/mag/1">
    <mag>
      <value>2.5</value>
      <uncertainty>0.3</uncertainty>
    </mag>
    <type>ML</type>
    <originID>quakeml:eu.emsc/event/20030612_0000016/origin/1369236</originID>
    <stationCount>4</stationCount>
    <creationInfo>
      <agencyURI>smi:smi-registry/organization/EMSC</agencyURI>
      <authorURI>smi:smi-registry/organization/EMSC</authorURI>
    </creationInfo>
  </magnitude>
</event>
<event publicID="quakeml:eu.emsc/event/20030612_0000019">
  <preferredOriginID>quakeml:eu.emsc/event/20030612_0000019/origin/1369240</preferredOriginID>
  <preferredMagnitudeID>quakeml:eu.emsc/event/20030612_0000019/origin/1369240/mag/1</preferredMagnitudeID>
  <creationInfo>
    <agencyURI>smi:smi-registry/organization/EMSC</agencyURI>
    <authorURI>smi:smi-registry/organization/EMSC</authorURI>
    <creationTime>2014-12-03T15:45:17.914996Z</creationTime>
  </creationInfo>
  <description>
    <text>NORTHERN ITALY</text>
    <type>Flinn-Engdahl region</type>
  </description>
  <origin publicID="quakeml:eu.emsc/event/20030612_0000019/origin/1369240">
    <time>
      <value>2003-06-12T23:05:07.3Z</value>
      <uncertainty>0.11</uncertainty>
    </time>
    <latitude>
      <value>44.3568</value>
      <uncertainty>2.3</uncertainty>
    </latitude>
    <longitude>
      <value>7.2607</value>
      <uncertainty>1.7</uncertainty>
    </longitude>
    <depth>
      <value>12000</value>
    </depth>
    <depthType>from location</depthType>
    <methodID>smi:eu.emsc-csem/origin_method/NA</methodID>
    <quality>
      <usedPhaseCount>36</usedPhaseCount>
      <usedStationCount>18</usedStationCount>
      <standardError>0.55</standardError>
      <azimuthalGap>93</azimuthalGap>
      <minimumDistance>0.12</minimumDistance>
      <maximumDistance>1.27</maximumDistance>
    </quality>
    <evaluationMode>manual</evaluationMode>
    <creationInfo>
      <agencyURI>smi:smi-registry/organization/EMSC</agencyURI>
      <authorURI>smi:smi-registry/organization/EMSC</authorURI>
    </creationInfo>
    <originUncertainty>
      <azimuthMaxHorizontalUncertainty>49</azimuthMaxHorizontalUncertainty>
    </originUncertainty>
  </origin>
  <magnitude publicID="quakeml:eu.emsc/event/20030612_0000019/origin/1369240/mag/1">
    <mag>
      <value>1.5</value>
      <uncertainty>0.4</uncertainty>
    </mag>
    <type>ML</type>
    <originID>quakeml:eu.emsc/event/20030612_0000019/origin/1369240</originID>
    <stationCount>5</stationCount>
    <creationInfo>
      <agencyURI>smi:smi-registry/organization/EMSC</agencyURI>
      <authorURI>smi:smi-registry/organization/EMSC</authorURI>
    </creationInfo>
  </magnitude>
</event>
<event publicID="quakeml:eu.emsc/event/20030612_0000026">
  <preferredOriginID>quakeml:eu.emsc/event/20030612_0000026/origin/1369244</preferredOriginID>
  <preferredMagnitudeID>quakeml:eu.emsc/event/20030612_0000026/origin/1369244/mag/1</preferredMagnitudeID>
  <creationInfo>
    <agencyURI>smi:smi-registry/organization/EMSC</agencyURI>
    <authorURI>smi:smi-registry/organization/EMSC</authorURI>
    <creationTime>2014-12-03T16:25:02.286462Z</creationTime>
  </creationInfo>
  <description>
    <text>NORTHERN ITALY</text>
    <type>Flinn-Engdahl region</type>
  </description>
  <origin publicID="quakeml:eu.emsc/event/20030612_0000026/origin/1369244">
    <time>
      <value>2003-06-12T23:00:52.6Z</value>
      <uncertainty>0.08</uncertainty>
    </time>
    <latitude>
      <value>44.3565</value>
      <uncertainty>1.8</uncertainty>
    </latitude>
    <longitude>
      <value>7.294</value>
      <uncertainty>1.4</uncertainty>
    </longitude>
    <depth>
      <value>12000</value>
    </depth>
    <depthType>from location</depthType>
    <methodID>smi:eu.emsc-csem/origin_method/NA</methodID>
    <quality>
      <usedPhaseCount>63</usedPhaseCount>
      <usedStationCount>35</usedStationCount>
      <standardError>0.68</standardError>
      <azimuthalGap>55</azimuthalGap>
      <minimumDistance>0.11</minimumDistance>
      <maximumDistance>3.34</maximumDistance>
    </quality>
    <evaluationMode>manual</evaluationMode>
    <creationInfo>
      <agencyURI>smi:smi-registry/organization/EMSC</agencyURI>
      <authorURI>smi:smi-registry/organization/EMSC</authorURI>
    </creationInfo>
    <originUncertainty>
      <azimuthMaxHorizontalUncertainty>54</azimuthMaxHorizontalUncertainty>
    </originUncertainty>
  </origin>
  <magnitude publicID="quakeml:eu.emsc/event/20030612_0000026/origin/1369244/mag/1">
    <mag>
      <value>2.4</value>
      <uncertainty>0.5</uncertainty>
    </mag>
    <type>ML</type>
    <originID>quakeml:eu.emsc/event/20030612_0000026/origin/1369244</originID>
    <stationCount>9</stationCount>
    <creationInfo>
      <agencyURI>smi:smi-registry/organization/EMSC</agencyURI>
      <authorURI>smi:smi-registry/organization/EMSC</authorURI>
    </creationInfo>
  </magnitude>
</event>
<event publicID="quakeml:eu.emsc/event/20030612_0000021">
  <preferredOriginID>quakeml:eu.emsc/event/20030612_0000021/origin/1357056</preferredOriginID>
  <preferredMagnitudeID>quakeml:eu.emsc/event/20030612_0000021/origin/1357056/mag/2</preferredMagnitudeID>
  <creationInfo>
    <agencyURI>smi:smi-registry/organization/EMSC</agencyURI>
    <authorURI>smi:smi-registry/organization/EMSC</authorURI>
    <creationTime>2014-12-10T18:58:55.319234Z</creationTime>
  </creationInfo>
  <description>
    <text>FRANCE</text>
    <type>Flinn-Engdahl region</type>
  </description>
  <origin publicID="quakeml:eu.emsc/event/20030612_0000021/origin/1357056">
    <time>
      <value>2003-06-12T22:21:50.6Z</value>
    </time>
    <latitude>
      <value>48.44</value>
      <uncertainty>9999.9</uncertainty>
    </latitude>
    <longitude>
      <value>6.69</value>
      <uncertainty>9999.9</uncertainty>
    </longitude>
    <depth>
      <value>5000</value>
    </depth>
    <depthType>from location</depthType>
    <methodID>smi:eu.emsc-csem/origin_method/NA</methodID>
    <quality>
      <usedPhaseCount>5</usedPhaseCount>
      <usedStationCount>4</usedStationCount>
      <standardError>0.41</standardError>
      <azimuthalGap>207</azimuthalGap>
      <minimumDistance>0.38</minimumDistance>
      <maximumDistance>0.66</maximumDistance>
    </quality>
    <evaluationMode>manual</evaluationMode>
    <creationInfo>
      <agencyURI>smi:smi-registry/organization/EMSC</agencyURI>
      <authorURI>smi:smi-registry/organization/EMSC</authorURI>
    </creationInfo>
    <originUncertainty>
      <azimuthMaxHorizontalUncertainty>-99</azimuthMaxHorizontalUncertainty>
    </originUncertainty>
  </origin>
  <magnitude publicID="quakeml:eu.emsc/event/20030612_0000021/origin/1357056/mag/2">
    <mag>
      <value>1.7</value>
    </mag>
    <type>ML</type>
    <originID>quakeml:eu.emsc/event/20030612_0000021/origin/1357056</originID>
    <creationInfo>
      <agencyURI>smi:smi-registry/organization/EMSC</agencyURI>
      <authorURI>smi:smi-registry/organization/EMSC</authorURI>
    </creationInfo>
  </magnitude>
</event>
<event publicID="quakeml:eu.emsc/event/20030612_0000022">
  <preferredOriginID>quakeml:eu.emsc/event/20030612_0000022/origin/1357058</preferredOriginID>
  <preferredMagnitudeID>quakeml:eu.emsc/event/20030612_0000022/origin/1357058/mag/2</preferredMagnitudeID>
  <creationInfo>
    <agencyURI>smi:smi-registry/organization/EMSC</agencyURI>
    <authorURI>smi:smi-registry/organization/EMSC</authorURI>
    <creationTime>2014-12-10T18:48:41.133584Z</creationTime>
  </creationInfo>
  <description>
    <text>FRANCE</text>
    <type>Flinn-Engdahl region</type>
  </description>
  <origin publicID="quakeml:eu.emsc/event/20030612_0000022/origin/1357058">
    <time>
      <value>2003-06-12T22:21:21.7Z</value>
    </time>
    <latitude>
      <value>48.37</value>
      <uncertainty>9999.9</uncertainty>
    </latitude>
    <longitude>
      <value>6.67</value>
      <uncertainty>9999.9</uncertainty>
    </longitude>
    <depth>
      <value>5000</value>
    </depth>
    <depthType>from location</depthType>
    <methodID>smi:eu.emsc-csem/origin_method/NA</methodID>
    <quality>
      <usedPhaseCount>5</usedPhaseCount>
      <usedStationCount>4</usedStationCount>
      <standardError>0.33</standardError>
      <azimuthalGap>191</azimuthalGap>
      <minimumDistance>0.36</minimumDistance>
      <maximumDistance>0.6</maximumDistance>
    </quality>
    <evaluationMode>manual</evaluationMode>
    <creationInfo>
      <agencyURI>smi:smi-registry/organization/EMSC</agencyURI>
      <authorURI>smi:smi-registry/organization/EMSC</authorURI>
    </creationInfo>
    <originUncertainty>
      <azimuthMaxHorizontalUncertainty>-99</azimuthMaxHorizontalUncertainty>
    </originUncertainty>
  </origin>
  <magnitude publicID="quakeml:eu.emsc/event/20030612_0000022/origin/1357058/mag/2">
    <mag>
      <value>1.7</value>
    </mag>
    <type>ML</type>
    <originID>quakeml:eu.emsc/event/20030612_0000022/origin/1357058</originID>
    <creationInfo>
      <agencyURI>smi:smi-registry/organization/EMSC</agencyURI>
      <authorURI>smi:smi-registry/organization/EMSC</authorURI>
    </creationInfo>
  </magnitude>
</event>
<event publicID="quakeml:eu.emsc/event/20030612_0000032">
  <preferredOriginID>quakeml:eu.emsc/event/20030612_0000032/origin/1369248</preferredOriginID>
  <preferredMagnitudeID>quakeml:eu.emsc/event/20030612_0000032/origin/1369248/mag/2</preferredMagnitudeID>
  <creationInfo>
    <agencyURI>smi:smi-registry/organization/EMSC</agencyURI>
    <authorURI>smi:smi-registry/organization/EMSC</authorURI>
    <creationTime>2014-12-03T16:57:05.413872Z</creationTime>
  </creationInfo>
  <description>
    <text>NORTHERN ITALY</text>
    <type>Flinn-Engdahl region</type>
  </description>
  <origin publicID="quakeml:eu.emsc/event/20030612_0000032/origin/1369248">
    <time>
      <value>2003-06-12T22:09:43.0Z</value>
      <uncertainty>0.46</uncertainty>
    </time>
    <latitude>
      <value>44.8214</value>
      <uncertainty>8.6</uncertainty>
    </latitude>
    <longitude>
      <value>8.4966</value>
      <uncertainty>7.4</uncertainty>
    </longitude>
    <depth>
      <value>10000</value>
    </depth>
    <depthType>from location</depthType>
    <methodID>smi:eu.emsc-csem/origin_method/NA</methodID>
    <quality>
      <usedPhaseCount>31</usedPhaseCount>
      <usedStationCount>21</usedStationCount>
      <standardError>1.14</standardError>
      <azimuthalGap>184</azimuthalGap>
      <minimumDistance>0.11</minimumDistance>
      <maximumDistance>2.26</maximumDistance>
    </quality>
    <evaluationMode>manual</evaluationMode>
    <creationInfo>
      <agencyURI>smi:smi-registry/organization/EMSC</agencyURI>
      <authorURI>smi:smi-registry/organization/EMSC</authorURI>
    </creationInfo>
    <originUncertainty>
      <azimuthMaxHorizontalUncertainty>173</azimuthMaxHorizontalUncertainty>
    </originUncertainty>
  </origin>
  <magnitude publicID="quakeml:eu.emsc/event/20030612_0000032/origin/1369248/mag/2">
    <mag>
      <value>2</value>
    </mag>
    <type>ML</type>
    <originID>quakeml:eu.emsc/event/20030612_0000032/origin/1369248</originID>
    <creationInfo>
      <agencyURI>smi:smi-registry/organization/EMSC</agencyURI>
      <authorURI>smi:smi-registry/organization/EMSC</authorURI>
    </creationInfo>
  </magnitude>
</event>
<event publicID="quakeml:eu.emsc/event/20030612_0000018">
  <preferredOriginID>quakeml:eu.emsc/event/20030612_0000018/origin/1369252</preferredOriginID>
  <preferredMagnitudeID>quakeml:eu.emsc/event/20030612_0000018/origin/1369252/mag/1</preferredMagnitudeID>
  <creationInfo>
    <agencyURI>smi:smi-registry/organization/EMSC</agencyURI>
    <authorURI>smi:smi-registry/organization/EMSC</authorURI>
    <creationTime>2014-12-03T15:17:08.392841Z</creationTime>
  </creationInfo>
  <description>
    <text>PYRENEES</text>
    <type>Flinn-Engdahl region</type>
  </description>
  <origin publicID="quakeml:eu.emsc/event/20030612_0000018/origin/1369252">
    <time>
      <value>2003-06-12T19:06:27.1Z</value>
      <uncertainty>0.14</uncertainty>
    </time>
    <latitude>
      <value>42.6492</value>
      <uncertainty>2.4</uncertainty>
    </latitude>
    <longitude>
      <value>0.7221</value>
      <uncertainty>1.9</uncertainty>
    </longitude>
    <depth>
      <value>19100.0</value>
    </depth>
    <depthType>from location</depthType>
    <methodID>smi:eu.emsc-csem/origin_method/NA</methodID>
    <quality>
      <usedPhaseCount>31</usedPhaseCount>
      <usedStationCount>18</usedStationCount>
      <standardError>0.65</standardError>
      <azimuthalGap>71</azimuthalGap>
      <minimumDistance>0.23</minimumDistance>
      <maximumDistance>2.72</maximumDistance>
    </quality>
    <evaluationMode>manual</evaluationMode>
    <creationInfo>
      <agencyURI>smi:smi-registry/organization/EMSC</agencyURI>
      <authorURI>smi:smi-registry/organization/EMSC</authorURI>
    </creationInfo>
    <originUncertainty>
      <azimuthMaxHorizontalUncertainty>109</azimuthMaxHorizontalUncertainty>
    </originUncertainty>
  </origin>
  <magnitude publicID="quakeml:eu.emsc/event/20030612_0000018/origin/1369252/mag/1">
    <mag>
      <value>2.3</value>
      <uncertainty>0.5</uncertainty>
    </mag>
    <type>ML</type>
    <originID>quakeml:eu.emsc/event/20030612_0000018/origin/1369252</originID>
    <stationCount>10</stationCount>
    <creationInfo>
      <agencyURI>smi:smi-registry/organization/EMSC</agencyURI>
      <authorURI>smi:smi-registry/organization/EMSC</authorURI>
    </creationInfo>
  </magnitude>
</event>
<event publicID="quakeml:eu.emsc/event/20030612_0000011">
  <preferredOriginID>quakeml:eu.emsc/event/20030612_0000011/origin/1369750</preferredOriginID>
  <preferredMagnitudeID>quakeml:eu.emsc/event/20030612_0000011/origin/1369750/mag/1</preferredMagnitudeID>
  <creationInfo>
    <agencyURI>smi:smi-registry/organization/EMSC</agencyURI>
    <authorURI>smi:smi-registry/organization/EMSC</authorURI>
    <creationTime>2014-12-03T11:43:14.516617Z</creationTime>
  </creationInfo>
  <description>
    <text>SOUTHERN GREECE</text>
    <type>Flinn-Engdahl region</type>
  </description>
  <origin publicID="quakeml:eu.emsc/event/20030612_0000011/origin/1369750">
    <time>
      <value>2003-06-12T17:37:49.4Z</value>
      <uncertainty>0.87</uncertainty>
    </time>
    <latitude>
      <value>37.1518</value>
      <uncertainty>20.6</uncertainty>
    </latitude>
    <longitude>
      <value>23.7919</value>
      <uncertainty>8.7</uncertainty>
    </longitude>
    <depth>
      <value>121600.0</value>
      <uncertainty>3.6</uncertainty>
    </depth>
    <depthType>from location</depthType>
    <methodID>smi:eu.emsc-csem/origin_method/NA</methodID>
    <quality>
      <usedPhaseCount>71</usedPhaseCount>
      <usedStationCount>64</usedStationCount>
      <standardError>1.1</standardError>
      <azimuthalGap>247</azimuthalGap>
      <minimumDistance>2.02</minimumDistance>
      <maximumDistance>24.3</maximumDistance>
    </quality>
    <evaluationMode>manual</evaluationMode>
    <creationInfo>
      <agencyURI>smi:smi-registry/organization/EMSC</agencyURI>
      <authorURI>smi:smi-registry/organization/EMSC</authorURI>
    </creationInfo>
    <originUncertainty>
      <azimuthMaxHorizontalUncertainty>147</azimuthMaxHorizontalUncertainty>
    </originUncertainty>
  </origin>
  <magnitude publicID="quakeml:eu.emsc/event/20030612_0000011/origin/1369750/mag/1">
    <mag>
      <value>4.2</value>
      <uncertainty>0.1</uncertainty>
    </mag>
    <type>mb</type>
    <originID>quakeml:eu.emsc/event/20030612_0000011/origin/1369750</originID>
    <stationCount>6</stationCount>
    <creationInfo>
      <agencyURI>smi:smi-registry/organization/EMSC</agencyURI>
      <authorURI>smi:smi-registry/organization/EMSC</authorURI>
    </creationInfo>
  </magnitude>
</event>
<event publicID="quakeml:eu.emsc/event/20030612_0000030">
  <preferredOriginID>quakeml:eu.emsc/event/20030612_0000030/origin/1369255</preferredOriginID>
  <preferredMagnitudeID>quakeml:eu.emsc/event/20030612_0000030/origin/1369255/mag/1</preferredMagnitudeID>
  <creationInfo>
    <agencyURI>smi:smi-registry/organization/EMSC</agencyURI>
    <authorURI>smi:smi-registry/organization/EMSC</authorURI>
    <creationTime>2014-12-03T16:51:48.393182Z</creationTime>
  </creationInfo>
  <description>
    <text>NORTHERN ITALY</text>
    <type>Flinn-Engdahl region</type>
  </description>
  <origin publicID="quakeml:eu.emsc/event/20030612_0000030/origin/1369255">
    <time>
      <value>2003-06-12T16:38:03.6Z</value>
      <uncertainty>0.16</uncertainty>
    </time>
    <latitude>
      <value>44.4064</value>
      <uncertainty>5.3</uncertainty>
    </latitude>
    <longitude>
      <value>9.9613</value>
      <uncertainty>2.6</uncertainty>
    </longitude>
    <depth>
      <value>15000</value>
    </depth>
    <depthType>from location</depthType>
    <methodID>smi:eu.emsc-csem/origin_method/NA</methodID>
    <quality>
      <usedPhaseCount>32</usedPhaseCount>
      <usedStationCount>15</usedStationCount>
      <standardError>0.95</standardError>
      <azimuthalGap>132</azimuthalGap>
      <minimumDistance>0.32</minimumDistance>
      <maximumDistance>3.18</maximumDistance>
    </quality>
    <evaluationMode>manual</evaluationMode>
    <creationInfo>
      <agencyURI>smi:smi-registry/organization/EMSC</agencyURI>
      <authorURI>smi:smi-registry/organization/EMSC</authorURI>
    </creationInfo>
    <originUncertainty>
      <azimuthMaxHorizontalUncertainty>18</azimuthMaxHorizontalUncertainty>
    </originUncertainty>
  </origin>
  <magnitude publicID="quakeml:eu.emsc/event/20030612_0000030/origin/1369255/mag/1">
    <mag>
      <value>2.2</value>
      <uncertainty>0.2</uncertainty>
    </mag>
    <type>ML</type>
    <originID>quakeml:eu.emsc/event/20030612_0000030/origin/1369255</originID>
    <stationCount>6</stationCount>
    <creationInfo>
      <agencyURI>smi:smi-registry/organization/EMSC</agencyURI>
      <authorURI>smi:smi-registry/organization/EMSC</authorURI>
    </creationInfo>
  </magnitude>
</event>
<event publicID="quakeml:eu.emsc/event/20030612_0000010">
  <preferredOriginID>quakeml:eu.emsc/event/20030612_0000010/origin/1416172</preferredOriginID>
  <preferredMagnitudeID>quakeml:eu.emsc/event/20030612_0000010/origin/1416172/mag/2</preferredMagnitudeID>
  <creationInfo>
    <agencyURI>smi:smi-registry/organization/EMSC</agencyURI>
    <authorURI>smi:smi-registry/organization/EMSC</authorURI>
    <creationTime>2014-12-03T10:57:18.4661Z</creationTime>
  </creationInfo>
  <description>
    <text>ADRIATIC SEA</text>
    <type>Flinn-Engdahl region</type>
  </description>
  <origin publicID="quakeml:eu.emsc/event/20030612_0000010/origin/1416172">
    <time>
      <value>2003-06-12T16:22:24.3Z</value>
      <uncertainty>0.37</uncertainty>
    </time>
    <latitude>
      <value>43.2108</value>
      <uncertainty>10.3</uncertainty>
    </latitude>
    <longitude>
      <value>15.1728</value>
      <uncertainty>5.7</uncertainty>
    </longitude>
    <depth>
      <value>2000</value>
    </depth>
    <depthType>from location</depthType>
    <methodID>smi:eu.emsc-csem/origin_method/NA</methodID>
    <quality>
      <usedPhaseCount>33</usedPhaseCount>
      <usedStationCount>26</usedStationCount>
      <standardError>1.13</standardError>
      <azimuthalGap>166</azimuthalGap>
      <minimumDistance>1.41</minimumDistance>
      <maximumDistance>7.74</maximumDistance>
    </quality>
    <evaluationMode>manual</evaluationMode>
    <creationInfo>
      <agencyURI>smi:smi-registry/organization/EMSC</agencyURI>
      <authorURI>smi:smi-registry/organization/EMSC</authorURI>
    </creationInfo>
    <originUncertainty>
      <azimuthMaxHorizontalUncertainty>65</azimuthMaxHorizontalUncertainty>
    </originUncertainty>
  </origin>
  <magnitude publicID="quakeml:eu.emsc/event/20030612_0000010/origin/1416172/mag/2">
    <mag>
      <value>3.2</value>
    </mag>
    <type>ML</type>
    <originID>quakeml:eu.emsc/event/20030612_0000010/origin/1416172</originID>
    <creationInfo>
      <agencyURI>smi:smi-registry/organization/EMSC</agencyURI>
      <authorURI>smi:smi-registry/organization/EMSC</authorURI>
    </creationInfo>
  </magnitude>
</event>
<event publicID="quakeml:eu.emsc/event/20030612_0000009">
  <preferredOriginID>quakeml:eu.emsc/event/20030612_0000009/origin/1357060</preferredOriginID>
  <preferredMagnitudeID>quakeml:eu.emsc/event/20030612_0000009/origin/1357060/mag/2</preferredMagnitudeID>
  <creationInfo>
    <agencyURI>smi:smi-registry/organization/EMSC</agencyURI>
    <authorURI>smi:smi-registry/organization/EMSC</authorURI>
    <creationTime>2014-12-10T21:37:32.958545Z</creationTime>
  </creationInfo>
  <description>
    <text>EASTERN TURKEY</text>
    <type>Flinn-Engdahl region</type>
  </description>
  <origin publicID="quakeml:eu.emsc/event/20030612_0000009/origin/1357060">
    <time>
      <value>2003-06-12T15:53:12.5Z</value>
    </time>
    <latitude>
      <value>39.053</value>
      <uncertainty>9999.9</uncertainty>
    </latitude>
    <longitude>
      <value>40.47</value>
      <uncertainty>9999.9</uncertainty>
    </longitude>
    <depth>
      <value>10000</value>
    </depth>
    <depthType>from location</depthType>
    <methodID>smi:eu.emsc-csem/origin_method/NA</methodID>
    <quality>
      <usedPhaseCount>7</usedPhaseCount>
      <usedStationCount>5</usedStationCount>
      <standardError>0.92</standardError>
      <azimuthalGap>187</azimuthalGap>
      <minimumDistance>0.18</minimumDistance>
      <maximumDistance>1.76</maximumDistance>
    </quality>
    <evaluationMode>manual</evaluationMode>
    <creationInfo>
      <agencyURI>smi:smi-registry/organization/EMSC</agencyURI>
      <authorURI>smi:smi-registry/organization/EMSC</authorURI>
    </creationInfo>
    <originUncertainty>
      <azimuthMaxHorizontalUncertainty>-99</azimuthMaxHorizontalUncertainty>
    </originUncertainty>
  </origin>
  <magnitude publicID="quakeml:eu.emsc/event/20030612_0000009/origin/1357060/mag/2">
    <mag>
      <value>3.2</value>
    </mag>
    <type>MD</type>
    <originID>quakeml:eu.emsc/event/20030612_0000009/origin/1357060</originID>
    <creationInfo>
      <agencyURI>smi:smi-registry/organization/EMSC</agencyURI>
      <authorURI>smi:smi-registry/organization/EMSC</authorURI>
    </creationInfo>
  </magnitude>
</event>
<event publicID="quakeml:eu.emsc/event/20030612_0000008">
  <preferredOriginID>quakeml:eu.emsc/event/20030612_0000008/origin/1357062</preferredOriginID>
  <preferredMagnitudeID>quakeml:eu.emsc/event/20030612_0000008/origin/1357062/mag/2</preferredMagnitudeID>
  <creationInfo>
    <agencyURI>smi:smi-registry/organization/EMSC</agencyURI>
    <authorURI>smi:smi-registry/organization/EMSC</authorURI>
    <creationTime>2014-12-10T21:37:29.858279Z</creationTime>
  </creationInfo>
  <description>
    <text>DODECANESE ISLANDS, GREECE</text>
    <type>Flinn-Engdahl region</type>
  </description>
  <origin publicID="quakeml:eu.emsc/event/20030612_0000008/origin/1357062">
    <time>
      <value>2003-06-12T12:47:57.4Z</value>
    </time>
    <latitude>
      <value>36.706</value>
      <uncertainty>9999.9</uncertainty>
    </latitude>
    <longitude>
      <value>28.2</value>
      <uncertainty>9999.9</uncertainty>
    </longitude>
    <depth>
      <value>82000</value>
    </depth>
    <depthType>from location</depthType>
    <methodID>smi:eu.emsc-csem/origin_method/NA</methodID>
    <quality>
      <usedPhaseCount>6</usedPhaseCount>
      <usedStationCount>4</usedStationCount>
      <standardError>1.08</standardError>
      <azimuthalGap>248</azimuthalGap>
      <minimumDistance>1.24</minimumDistance>
      <maximumDistance>3.63</maximumDistance>
    </quality>
    <evaluationMode>manual</evaluationMode>
    <creationInfo>
      <agencyURI>smi:smi-registry/organization/EMSC</agencyURI>
      <authorURI>smi:smi-registry/organization/EMSC</authorURI>
    </creationInfo>
    <originUncertainty>
      <azimuthMaxHorizontalUncertainty>-99</azimuthMaxHorizontalUncertainty>
    </originUncertainty>
  </origin>
  <magnitude publicID="quakeml:eu.emsc/event/20030612_0000008/origin/1357062/mag/2">
    <mag>
      <value>3</value>
    </mag>
    <type>MD</type>
    <originID>quakeml:eu.emsc/event/20030612_0000008/origin/1357062</originID>
    <creationInfo>
      <agencyURI>smi:smi-registry/organization/EMSC</agencyURI>
      <authorURI>smi:smi-registry/organization/EMSC</authorURI>
    </creationInfo>
  </magnitude>
</event>
<event publicID="quakeml:eu.emsc/event/20030612_0000025">
  <preferredOriginID>quakeml:eu.emsc/event/20030612_0000025/origin/1357064</preferredOriginID>
  <preferredMagnitudeID>quakeml:eu.emsc/event/20030612_0000025/origin/1357064/mag/2</preferredMagnitudeID>
  <creationInfo>
    <agencyURI>smi:smi-registry/organization/EMSC</agencyURI>
    <authorURI>smi:smi-registry/organization/EMSC</authorURI>
    <creationTime>2014-12-10T18:48:40.635773Z</creationTime>
  </creationInfo>
  <description>
    <text>SWITZERLAND</text>
    <type>Flinn-Engdahl region</type>
  </description>
  <origin publicID="quakeml:eu.emsc/event/20030612_0000025/origin/1357064">
    <time>
      <value>2003-06-12T08:59:01.8Z</value>
    </time>
    <latitude>
      <value>46.265</value>
      <uncertainty>9999.9</uncertainty>
    </latitude>
    <longitude>
      <value>7.018</value>
      <uncertainty>9999.9</uncertainty>
    </longitude>
    <depth>
      <value>0</value>
    </depth>
    <depthType>from location</depthType>
    <methodID>smi:eu.emsc-csem/origin_method/NA</methodID>
    <quality>
      <usedPhaseCount>7</usedPhaseCount>
      <usedStationCount>4</usedStationCount>
      <standardError>0.8</standardError>
      <azimuthalGap>135</azimuthalGap>
      <minimumDistance>0.07</minimumDistance>
      <maximumDistance>0.22</maximumDistance>
    </quality>
    <evaluationMode>manual</evaluationMode>
    <creationInfo>
      <agencyURI>smi:smi-registry/organization/EMSC</agencyURI>
      <authorURI>smi:smi-registry/organization/EMSC</authorURI>
    </creationInfo>
    <originUncertainty>
      <azimuthMaxHorizontalUncertainty>-99</azimuthMaxHorizontalUncertainty>
    </originUncertainty>
  </origin>
  <magnitude publicID="quakeml:eu.emsc/event/20030612_0000025/origin/1357064/mag/2">
    <mag>
      <value>0.7</value>
    </mag>
    <type>ML</type>
    <originID>quakeml:eu.emsc/event/20030612_0000025/origin/1357064</originID>
    <stationCount>3</stationCount>
    <creationInfo>
      <agencyURI>smi:smi-registry/organization/EMSC</agencyURI>
      <authorURI>smi:smi-registry/organization/EMSC</authorURI>
    </creationInfo>
  </magnitude>
</event>
<event publicID="quakeml:eu.emsc/event/20030612_0000033">
  <preferredOriginID>quakeml:eu.emsc/event/20030612_0000033/origin/1357066</preferredOriginID>
  <preferredMagnitudeID>quakeml:eu.emsc/event/20030612_0000033/origin/1357066/mag/2</preferredMagnitudeID>
  <creationInfo>
    <agencyURI>smi:smi-registry/organization/EMSC</agencyURI>
    <authorURI>smi:smi-registry/organization/EMSC</authorURI>
    <creationTime>2014-12-10T18:48:40.124424Z</creationTime>
  </creationInfo>
  <description>
    <text>NORTHERN ITALY</text>
    <type>Flinn-Engdahl region</type>
  </description>
  <origin publicID="quakeml:eu.emsc/event/20030612_0000033/origin/1357066">
    <time>
      <value>2003-06-12T07:14:23.9Z</value>
    </time>
    <latitude>
      <value>45.0985</value>
      <uncertainty>9999.9</uncertainty>
    </latitude>
    <longitude>
      <value>7.1742</value>
      <uncertainty>9999.9</uncertainty>
    </longitude>
    <depth>
      <value>7300.0</value>
    </depth>
    <depthType>from location</depthType>
    <methodID>smi:eu.emsc-csem/origin_method/NA</methodID>
    <quality>
      <usedPhaseCount>8</usedPhaseCount>
      <usedStationCount>4</usedStationCount>
      <standardError>7.18</standardError>
      <azimuthalGap>170</azimuthalGap>
      <minimumDistance>0.08</minimumDistance>
      <maximumDistance>0.6</maximumDistance>
    </quality>
    <evaluationMode>manual</evaluationMode>
    <creationInfo>
      <agencyURI>smi:smi-registry/organization/EMSC</agencyURI>
      <authorURI>smi:smi-registry/organization/EMSC</authorURI>
    </creationInfo>
    <originUncertainty>
      <azimuthMaxHorizontalUncertainty>-99</azimuthMaxHorizontalUncertainty>
    </originUncertainty>
  </origin>
  <magnitude publicID="quakeml:eu.emsc/event/20030612_0000033/origin/1357066/mag/2">
    <mag>
      <value>1.6</value>
    </mag>
    <type>ML</type>
    <originID>quakeml:eu.emsc/event/20030612_0000033/origin/1357066</originID>
    <creationInfo>
      <agencyURI>smi:smi-registry/organization/EMSC</agencyURI>
      <authorURI>smi:smi-registry/organization/EMSC</authorURI>
    </creationInfo>
  </magnitude>
</event>
<event publicID="quakeml:eu.emsc/event/20030612_0000007">
  <preferredOriginID>quakeml:eu.emsc/event/20030612_0000007/origin/1357068</preferredOriginID>
  <preferredMagnitudeID>quakeml:eu.emsc/event/20030612_0000007/origin/1357068/mag/2</preferredMagnitudeID>
  <creationInfo>
    <agencyURI>smi:smi-registry/organization/EMSC</agencyURI>
    <authorURI>smi:smi-registry/organization/EMSC</authorURI>
    <creationTime>2014-12-10T21:37:28.321141Z</creationTime>
  </creationInfo>
  <description>
    <text>EASTERN TURKEY</text>
    <type>Flinn-Engdahl region</type>
  </description>
  <origin publicID="quakeml:eu.emsc/event/20030612_0000007/origin/1357068">
    <time>
      <value>2003-06-12T06:24:05.6Z</value>
    </time>
    <latitude>
      <value>38.931</value>
      <uncertainty>9999.9</uncertainty>
    </latitude>
    <longitude>
      <value>40.482</value>
      <uncertainty>9999.9</uncertainty>
    </longitude>
    <depth>
      <value>2000</value>
    </depth>
    <depthType>from location</depthType>
    <methodID>smi:eu.emsc-csem/origin_method/NA</methodID>
    <quality>
      <usedPhaseCount>7</usedPhaseCount>
      <usedStationCount>6</usedStationCount>
      <standardError>1.36</standardError>
      <azimuthalGap>192</azimuthalGap>
      <minimumDistance>0.06</minimumDistance>
      <maximumDistance>3.62</maximumDistance>
    </quality>
    <evaluationMode>manual</evaluationMode>
    <creationInfo>
      <agencyURI>smi:smi-registry/organization/EMSC</agencyURI>
      <authorURI>smi:smi-registry/organization/EMSC</authorURI>
    </creationInfo>
    <originUncertainty>
      <azimuthMaxHorizontalUncertainty>-99</azimuthMaxHorizontalUncertainty>
    </originUncertainty>
  </origin>
  <magnitude publicID="quakeml:eu.emsc/event/20030612_0000007/origin/1357068/mag/2">
    <mag>
      <value>3.7</value>
    </mag>
    <type>MD</type>
    <originID>quakeml:eu.emsc/event/20030612_0000007/origin/1357068</originID>
    <creationInfo>
      <agencyURI>smi:smi-registry/organization/EMSC</agencyURI>
      <authorURI>smi:smi-registry/organization/EMSC</authorURI>
    </creationInfo>
  </magnitude>
</event>
<event publicID="quakeml:eu.emsc/event/20030612_0000024">
  <preferredOriginID>quakeml:eu.emsc/event/20030612_0000024/origin/1369258</preferredOriginID>
  <preferredMagnitudeID>quakeml:eu.emsc/event/20030612_0000024/origin/1369258/mag/1</preferredMagnitudeID>
  <creationInfo>
    <agencyURI>smi:smi-registry/organization/EMSC</agencyURI>
    <authorURI>smi:smi-registry/organization/EMSC</authorURI>
    <creationTime>2014-12-03T16:08:15.880296Z</creationTime>
  </creationInfo>
  <description>
    <text>FRANCE</text>
    <type>Flinn-Engdahl region</type>
  </description>
  <origin publicID="quakeml:eu.emsc/event/20030612_0000024/origin/1369258">
    <time>
      <value>2003-06-12T03:31:52.0Z</value>
      <uncertainty>0.15</uncertainty>
    </time>
    <latitude>
      <value>44.0819</value>
      <uncertainty>3.5</uncertainty>
    </latitude>
    <longitude>
      <value>6.173</value>
      <uncertainty>2.1</uncertainty>
    </longitude>
    <depth>
      <value>15000</value>
    </depth>
    <depthType>from location</depthType>
    <methodID>smi:eu.emsc-csem/origin_method/NA</methodID>
    <quality>
      <usedPhaseCount>16</usedPhaseCount>
      <usedStationCount>10</usedStationCount>
      <standardError>0.55</standardError>
      <azimuthalGap>131</azimuthalGap>
      <minimumDistance>0.21</minimumDistance>
      <maximumDistance>1.49</maximumDistance>
    </quality>
    <evaluationMode>manual</evaluationMode>
    <creationInfo>
      <agencyURI>smi:smi-registry/organization/EMSC</agencyURI>
      <authorURI>smi:smi-registry/organization/EMSC</authorURI>
    </creationInfo>
    <originUncertainty>
      <azimuthMaxHorizontalUncertainty>68</azimuthMaxHorizontalUncertainty>
    </originUncertainty>
  </origin>
  <magnitude publicID="quakeml:eu.emsc/event/20030612_0000024/origin/1369258/mag/1">
    <mag>
      <value>1.3</value>
      <uncertainty>0.5</uncertainty>
    </mag>
    <type>ML</type>
    <originID>quakeml:eu.emsc/event/20030612_0000024/origin/1369258</originID>
    <stationCount>6</stationCount>
    <creationInfo>
      <agencyURI>smi:smi-registry/organization/EMSC</agencyURI>
      <authorURI>smi:smi-registry/organization/EMSC</authorURI>
    </creationInfo>
  </magnitude>
</event>
<event publicID="quakeml:eu.emsc/event/20030612_0000031">
  <preferredOriginID>quakeml:eu.emsc/event/20030612_0000031/origin/1369261</preferredOriginID>
  <preferredMagnitudeID>quakeml:eu.emsc/event/20030612_0000031/origin/1369261/mag/1</preferredMagnitudeID>
  <creationInfo>
    <agencyURI>smi:smi-registry/organization/EMSC</agencyURI>
    <authorURI>smi:smi-registry/organization/EMSC</authorURI>
    <creationTime>2014-12-03T16:55:27.69371Z</creationTime>
  </creationInfo>
  <description>
    <text>FRANCE</text>
    <type>Flinn-Engdahl region</type>
  </description>
  <origin publicID="quakeml:eu.emsc/event/20030612_0000031/origin/1369261">
    <time>
      <value>2003-06-12T03:16:21.0Z</value>
      <uncertainty>0.17</uncertainty>
    </time>
    <latitude>
      <value>44.0883</value>
      <uncertainty>4</uncertainty>
    </latitude>
    <longitude>
      <value>6.1874</value>
      <uncertainty>2.4</uncertainty>
    </longitude>
    <depth>
      <value>12000</value>
    </depth>
    <depthType>from location</depthType>
    <methodID>smi:eu.emsc-csem/origin_method/NA</methodID>
    <quality>
      <usedPhaseCount>16</usedPhaseCount>
      <usedStationCount>9</usedStationCount>
      <standardError>0.55</standardError>
      <azimuthalGap>132</azimuthalGap>
      <minimumDistance>0.22</minimumDistance>
      <maximumDistance>1.48</maximumDistance>
    </quality>
    <evaluationMode>manual</evaluationMode>
    <creationInfo>
      <agencyURI>smi:smi-registry/organization/EMSC</agencyURI>
      <authorURI>smi:smi-registry/organization/EMSC</authorURI>
    </creationInfo>
    <originUncertainty>
      <azimuthMaxHorizontalUncertainty>66</azimuthMaxHorizontalUncertainty>
    </originUncertainty>
  </origin>
  <magnitude publicID="quakeml:eu.emsc/event/20030612_0000031/origin/1369261/mag/1">
    <mag>
      <value>1.3</value>
      <uncertainty>0.5</uncertainty>
    </mag>
    <type>ML</type>
    <originID>quakeml:eu.emsc/event/20030612_0000031/origin/1369261</originID>
    <stationCount>6</stationCount>
    <creationInfo>
      <agencyURI>smi:smi-registry/organization/EMSC</agencyURI>
      <authorURI>smi:smi-registry/organization/EMSC</authorURI>
    </creationInfo>
  </magnitude>
</event>
<event publicID="quakeml:eu.emsc/event/20030612_0000004">
  <preferredOriginID>quakeml:eu.emsc/event/20030612_0000004/origin/1369760</preferredOriginID>
  <creationInfo>
    <agencyURI>smi:smi-registry/organization/EMSC</agencyURI>
    <authorURI>smi:smi-registry/organization/EMSC</authorURI>
    <creationTime>2014-12-03T11:10:53.969809Z</creationTime>
  </creationInfo>
  <description>
    <text>ADRIATIC SEA</text>
    <type>Flinn-Engdahl region</type>
  </description>
  <origin publicID="quakeml:eu.emsc/event/20030612_0000004/origin/1369760">
    <time>
      <value>2003-06-12T02:23:33.8Z</value>
      <uncertainty>0.4</uncertainty>
    </time>
    <latitude>
      <value>43.0793</value>
      <uncertainty>15.2</uncertainty>
    </latitude>
    <longitude>
      <value>15.3952</value>
      <uncertainty>6.6</uncertainty>
    </longitude>
    <depth>
      <value>10000</value>
    </depth>
    <depthType>from location</depthType>
    <methodID>smi:eu.emsc-csem/origin_method/NA</methodID>
    <quality>
      <usedPhaseCount>12</usedPhaseCount>
      <usedStationCount>10</usedStationCount>
      <standardError>0.86</standardError>
      <azimuthalGap>183</azimuthalGap>
      <minimumDistance>1.29</minimumDistance>
      <maximumDistance>4.84</maximumDistance>
    </quality>
    <evaluationMode>manual</evaluationMode>
    <creationInfo>
      <agencyURI>smi:smi-registry/organization/EMSC</agencyURI>
      <authorURI>smi:smi-registry/organization/EMSC</authorURI>
    </creationInfo>
    <originUncertainty>
      <azimuthMaxHorizontalUncertainty>86</azimuthMaxHorizontalUncertainty>
    </originUncertainty>
  </origin>
</event>
<event publicID="quakeml:eu.emsc/event/20030612_0000001">
  <preferredOriginID>quakeml:eu.emsc/event/20030612_0000001/origin/1416168</preferredOriginID>
  <preferredMagnitudeID>quakeml:eu.emsc/event/20030612_0000001/origin/1416168/mag/2</preferredMagnitudeID>
  <creationInfo>
    <agencyURI>smi:smi-registry/organization/EMSC</agencyURI>
    <authorURI>smi:smi-registry/organization/EMSC</authorURI>
    <creationTime>2014-12-03T10:26:41.724607Z</creationTime>
  </creationInfo>
  <description>
    <text>AEGEAN SEA</text>
    <type>Flinn-Engdahl region</type>
  </description>
  <origin publicID="quakeml:eu.emsc/event/20030612_0000001/origin/1416168">
    <time>
      <value>2003-06-12T00:10:38.8Z</value>
      <uncertainty>0.15</uncertainty>
    </time>
    <latitude>
      <value>40.1775</value>
      <uncertainty>4.8</uncertainty>
    </latitude>
    <longitude>
      <value>25.1023</value>
      <uncertainty>3.2</uncertainty>
    </longitude>
    <depth>
      <value>10000</value>
    </depth>
    <depthType>from location</depthType>
    <methodID>smi:eu.emsc-csem/origin_method/NA</methodID>
    <quality>
      <usedPhaseCount>92</usedPhaseCount>
      <usedStationCount>84</usedStationCount>
      <standardError>1.09</standardError>
      <azimuthalGap>44</azimuthalGap>
      <minimumDistance>0.24</minimumDistance>
      <maximumDistance>33.29</maximumDistance>
    </quality>
    <evaluationMode>manual</evaluationMode>
    <creationInfo>
      <agencyURI>smi:smi-registry/organization/EMSC</agencyURI>
      <authorURI>smi:smi-registry/organization/EMSC</authorURI>
    </creationInfo>
    <originUncertainty>
      <azimuthMaxHorizontalUncertainty>7</azimuthMaxHorizontalUncertainty>
    </originUncertainty>
  </origin>
  <magnitude publicID="quakeml:eu.emsc/event/20030612_0000001/origin/1416168/mag/2">
    <mag>
      <value>4.2</value>
    </mag>
    <type>ML</type>
    <originID>quakeml:eu.emsc/event/20030612_0000001/origin/1416168</originID>
    <creationInfo>
      <agencyURI>smi:smi-registry/organization/EMSC</agencyURI>
      <authorURI>smi:smi-registry/organization/EMSC</authorURI>
    </creationInfo>
  </magnitude>
</event>
</eventParameters>
</q:quakeml>
