<?xml version="1.0"?>
<q:quakeml xmlns:q="http://quakeml.org/xmlns/quakeml/1.2"  xmlns="http://quakeml.org/xmlns/bed/1.2">
<eventParameters publicID="smi:eu.emsc/unid">
<event publicID="quakeml:eu.emsc/event/20030202_0000014">
  <preferredOriginID>quakeml:eu.emsc/event/20030202_0000014/origin/1376163</preferredOriginID>
  <preferredMagnitudeID>quakeml:eu.emsc/event/20030202_0000014/origin/1376163/mag/2</preferredMagnitudeID>
  <creationInfo>
    <agencyURI>smi:smi-registry/organization/EMSC</agencyURI>
    <authorURI>smi:smi-registry/organization/EMSC</authorURI>
    <creationTime>2014-12-03T11:10:51.569414Z</creationTime>
  </creationInfo>
  <description>
    <text>GREECE</text>
    <type>Flinn-Engdahl region</type>
  </description>
  <origin publicID="quakeml:eu.emsc/event/20030202_0000014/origin/1376163">
    <time>
      <value>2003-02-02T22:58:13.9Z</value>
      <uncertainty>0.55</uncertainty>
    </time>
    <latitude>
      <value>38.9884</value>
      <uncertainty>17.5</uncertainty>
    </latitude>
    <longitude>
      <value>20.3856</value>
      <uncertainty>11.5</uncertainty>
    </longitude>
    <depth>
      <value>10000</value>
    </depth>
    <depthType>from location</depthType>
    <methodID>smi:eu.emsc-csem/origin_method/NA</methodID>
    <quality>
      <usedPhaseCount>6</usedPhaseCount>
      <usedStationCount>5</usedStationCount>
      <standardError>1.18</standardError>
      <azimuthalGap>159</azimuthalGap>
      <minimumDistance>0.76</minimumDistance>
      <maximumDistance>1.11</maximumDistance>
    </quality>
    <evaluationMode>manual</evaluationMode>
    <creationInfo>
      <agencyURI>smi:smi-registry/organization/EMSC</agencyURI>
      <authorURI>smi:smi-registry/organization/EMSC</authorURI>
    </creationInfo>
    <originUncertainty>
      <azimuthMaxHorizontalUncertainty>89</azimuthMaxHorizontalUncertainty>
    </originUncertainty>
  </origin>
  <magnitude publicID="quakeml:eu.emsc/event/20030202_0000014/origin/1376163/mag/2">
    <mag>
      <value>3.1</value>
    </mag>
    <type>MD</type>
    <originID>quakeml:eu.emsc/event/20030202_0000014/origin/1376163</originID>
    <creationInfo>
      <agencyURI>smi:smi-registry/organization/EMSC</agencyURI>
      <authorURI>smi:smi-registry/organization/EMSC</authorURI>
    </creationInfo>
  </magnitude>
</event>
<event publicID="quakeml:eu.emsc/event/20030202_0000013">
  <preferredOriginID>quakeml:eu.emsc/event/20030202_0000013/origin/1376165</preferredOriginID>
  <preferredMagnitudeID>quakeml:eu.emsc/event/20030202_0000013/origin/1376165/mag/2</preferredMagnitudeID>
  <creationInfo>
    <agencyURI>smi:smi-registry/organization/EMSC</agencyURI>
    <authorURI>smi:smi-registry/organization/EMSC</authorURI>
    <creationTime>2014-12-03T11:06:56.46291Z</creationTime>
  </creationInfo>
  <description>
    <text>GREECE</text>
    <type>Flinn-Engdahl region</type>
  </description>
  <origin publicID="quakeml:eu.emsc/event/20030202_0000013/origin/1376165">
    <time>
      <value>2003-02-02T22:23:17.3Z</value>
      <uncertainty>0.91</uncertainty>
    </time>
    <latitude>
      <value>39.0283</value>
      <uncertainty>27.1</uncertainty>
    </latitude>
    <longitude>
      <value>20.4884</value>
      <uncertainty>20.5</uncertainty>
    </longitude>
    <depth>
      <value>8000</value>
    </depth>
    <depthType>from location</depthType>
    <methodID>smi:eu.emsc-csem/origin_method/NA</methodID>
    <quality>
      <usedPhaseCount>6</usedPhaseCount>
      <usedStationCount>6</usedStationCount>
      <standardError>1.1</standardError>
      <azimuthalGap>147</azimuthalGap>
      <minimumDistance>0.69</minimumDistance>
      <maximumDistance>1.43</maximumDistance>
    </quality>
    <evaluationMode>manual</evaluationMode>
    <creationInfo>
      <agencyURI>smi:smi-registry/organization/EMSC</agencyURI>
      <authorURI>smi:smi-registry/organization/EMSC</authorURI>
    </creationInfo>
    <originUncertainty>
      <azimuthMaxHorizontalUncertainty>73</azimuthMaxHorizontalUncertainty>
    </originUncertainty>
  </origin>
  <magnitude publicID="quakeml:eu.emsc/event/20030202_0000013/origin/1376165/mag/2">
    <mag>
      <value>3.3</value>
    </mag>
    <type>MD</type>
    <originID>quakeml:eu.emsc/event/20030202_0000013/origin/1376165</originID>
    <creationInfo>
      <agencyURI>smi:smi-registry/organization/EMSC</agencyURI>
      <authorURI>smi:smi-registry/organization/EMSC</authorURI>
    </creationInfo>
  </magnitude>
</event>
<event publicID="quakeml:eu.emsc/event/20030202_0000012">
  <preferredOriginID>quakeml:eu.emsc/event/20030202_0000012/origin/1360518</preferredOriginID>
  <preferredMagnitudeID>quakeml:eu.emsc/event/20030202_0000012/origin/1360518/mag/2</preferredMagnitudeID>
  <creationInfo>
    <agencyURI>smi:smi-registry/organization/EMSC</agencyURI>
    <authorURI>smi:smi-registry/organization/EMSC</authorURI>
    <creationTime>2014-12-10T19:34:51.955615Z</creationTime>
  </creationInfo>
  <description>
    <text>EASTERN TURKEY</text>
    <type>Flinn-Engdahl region</type>
  </description>
  <origin publicID="quakeml:eu.emsc/event/20030202_0000012/origin/1360518">
    <time>
      <value>2003-02-02T21:06:11.4Z</value>
    </time>
    <latitude>
      <value>39.513</value>
      <uncertainty>9999.9</uncertainty>
    </latitude>
    <longitude>
      <value>39.808</value>
      <uncertainty>9999.9</uncertainty>
    </longitude>
    <depth>
      <value>9000</value>
    </depth>
    <depthType>from location</depthType>
    <methodID>smi:eu.emsc-csem/origin_method/NA</methodID>
    <quality>
      <usedPhaseCount>6</usedPhaseCount>
      <usedStationCount>4</usedStationCount>
      <standardError>0.78</standardError>
      <azimuthalGap>190</azimuthalGap>
      <minimumDistance>0.42</minimumDistance>
      <maximumDistance>1.86</maximumDistance>
    </quality>
    <evaluationMode>manual</evaluationMode>
    <creationInfo>
      <agencyURI>smi:smi-registry/organization/EMSC</agencyURI>
      <authorURI>smi:smi-registry/organization/EMSC</authorURI>
    </creationInfo>
    <originUncertainty>
      <azimuthMaxHorizontalUncertainty>-99</azimuthMaxHorizontalUncertainty>
    </originUncertainty>
  </origin>
  <magnitude publicID="quakeml:eu.emsc/event/20030202_0000012/origin/1360518/mag/2">
    <mag>
      <value>2.9</value>
    </mag>
    <type>MD</type>
    <originID>quakeml:eu.emsc/event/20030202_0000012/origin/1360518</originID>
    <creationInfo>
      <agencyURI>smi:smi-registry/organization/EMSC</agencyURI>
      <authorURI>smi:smi-registry/organization/EMSC</authorURI>
    </creationInfo>
  </magnitude>
</event>
<event publicID="quakeml:eu.emsc/event/20030202_0000011">
  <preferredOriginID>quakeml:eu.emsc/event/20030202_0000011/origin/1360520</preferredOriginID>
  <preferredMagnitudeID>quakeml:eu.emsc/event/20030202_0000011/origin/1360520/mag/2</preferredMagnitudeID>
  <creationInfo>
    <agencyURI>smi:smi-registry/organization/EMSC</agencyURI>
    <authorURI>smi:smi-registry/organization/EMSC</authorURI>
    <creationTime>2014-12-10T19:34:49.30877Z</creationTime>
  </creationInfo>
  <description>
    <text>ROMANIA</text>
    <type>Flinn-Engdahl region</type>
  </description>
  <origin publicID="quakeml:eu.emsc/event/20030202_0000011/origin/1360520">
    <time>
      <value>2003-02-02T20:49:10.1Z</value>
    </time>
    <latitude>
      <value>45.503</value>
      <uncertainty>9999.9</uncertainty>
    </latitude>
    <longitude>
      <value>26.485</value>
      <uncertainty>9999.9</uncertainty>
    </longitude>
    <depth>
      <value>124200.0</value>
    </depth>
    <depthType>from location</depthType>
    <methodID>smi:eu.emsc-csem/origin_method/NA</methodID>
    <quality>
      <usedPhaseCount>10</usedPhaseCount>
      <usedStationCount>6</usedStationCount>
      <standardError>0.6</standardError>
      <azimuthalGap>196</azimuthalGap>
      <minimumDistance>0.38</minimumDistance>
      <maximumDistance>1.31</maximumDistance>
    </quality>
    <evaluationMode>manual</evaluationMode>
    <creationInfo>
      <agencyURI>smi:smi-registry/organization/EMSC</agencyURI>
      <authorURI>smi:smi-registry/organization/EMSC</authorURI>
    </creationInfo>
    <originUncertainty>
      <azimuthMaxHorizontalUncertainty>-99</azimuthMaxHorizontalUncertainty>
    </originUncertainty>
  </origin>
  <magnitude publicID="quakeml:eu.emsc/event/20030202_0000011/origin/1360520/mag/2">
    <mag>
      <value>3</value>
    </mag>
    <type>MD</type>
    <originID>quakeml:eu.emsc/event/20030202_0000011/origin/1360520</originID>
    <stationCount>1</stationCount>
    <creationInfo>
      <agencyURI>smi:smi-registry/organization/EMSC</agencyURI>
      <authorURI>smi:smi-registry/organization/EMSC</authorURI>
    </creationInfo>
  </magnitude>
</event>
<event publicID="quakeml:eu.emsc/event/20030202_0000017">
  <preferredOriginID>quakeml:eu.emsc/event/20030202_0000017/origin/1375829</preferredOriginID>
  <preferredMagnitudeID>quakeml:eu.emsc/event/20030202_0000017/origin/1375829/mag/1</preferredMagnitudeID>
  <creationInfo>
    <agencyURI>smi:smi-registry/organization/EMSC</agencyURI>
    <authorURI>smi:smi-registry/organization/EMSC</authorURI>
    <creationTime>2014-12-03T16:40:38.488166Z</creationTime>
  </creationInfo>
  <description>
    <text>NORTHERN ITALY</text>
    <type>Flinn-Engdahl region</type>
  </description>
  <origin publicID="quakeml:eu.emsc/event/20030202_0000017/origin/1375829">
    <time>
      <value>2003-02-02T19:52:07.6Z</value>
      <uncertainty>0.11</uncertainty>
    </time>
    <latitude>
      <value>44.5167</value>
      <uncertainty>2.6</uncertainty>
    </latitude>
    <longitude>
      <value>7.2424</value>
      <uncertainty>1.6</uncertainty>
    </longitude>
    <depth>
      <value>10000</value>
    </depth>
    <depthType>from location</depthType>
    <methodID>smi:eu.emsc-csem/origin_method/NA</methodID>
    <quality>
      <usedPhaseCount>42</usedPhaseCount>
      <usedStationCount>21</usedStationCount>
      <standardError>0.78</standardError>
      <azimuthalGap>105</azimuthalGap>
      <minimumDistance>0.31</minimumDistance>
      <maximumDistance>1.86</maximumDistance>
    </quality>
    <evaluationMode>manual</evaluationMode>
    <creationInfo>
      <agencyURI>smi:smi-registry/organization/EMSC</agencyURI>
      <authorURI>smi:smi-registry/organization/EMSC</authorURI>
    </creationInfo>
    <originUncertainty>
      <azimuthMaxHorizontalUncertainty>52</azimuthMaxHorizontalUncertainty>
    </originUncertainty>
  </origin>
  <magnitude publicID="quakeml:eu.emsc/event/20030202_0000017/origin/1375829/mag/1">
    <mag>
      <value>1.5</value>
      <uncertainty>0.4</uncertainty>
    </mag>
    <type>ML</type>
    <originID>quakeml:eu.emsc/event/20030202_0000017/origin/1375829</originID>
    <stationCount>8</stationCount>
    <creationInfo>
      <agencyURI>smi:smi-registry/organization/EMSC</agencyURI>
      <authorURI>smi:smi-registry/organization/EMSC</authorURI>
    </creationInfo>
  </magnitude>
</event>
<event publicID="quakeml:eu.emsc/event/20030202_0000010">
  <preferredOriginID>quakeml:eu.emsc/event/20030202_0000010/origin/1360522</preferredOriginID>
  <preferredMagnitudeID>quakeml:eu.emsc/event/20030202_0000010/origin/1360522/mag/2</preferredMagnitudeID>
  <creationInfo>
    <agencyURI>smi:smi-registry/organization/EMSC</agencyURI>
    <authorURI>smi:smi-registry/organization/EMSC</authorURI>
    <creationTime>2014-12-10T19:34:45.685486Z</creationTime>
  </creationInfo>
  <description>
    <text>EASTERN TURKEY</text>
    <type>Flinn-Engdahl region</type>
  </description>
  <origin publicID="quakeml:eu.emsc/event/20030202_0000010/origin/1360522">
    <time>
      <value>2003-02-02T17:14:31.0Z</value>
    </time>
    <latitude>
      <value>39.454</value>
      <uncertainty>9999.9</uncertainty>
    </latitude>
    <longitude>
      <value>39.713</value>
      <uncertainty>9999.9</uncertainty>
    </longitude>
    <depth>
      <value>5000</value>
    </depth>
    <depthType>from location</depthType>
    <methodID>smi:eu.emsc-csem/origin_method/NA</methodID>
    <quality>
      <usedPhaseCount>8</usedPhaseCount>
      <usedStationCount>6</usedStationCount>
      <standardError>0.74</standardError>
      <azimuthalGap>141</azimuthalGap>
      <minimumDistance>0.41</minimumDistance>
      <maximumDistance>1.87</maximumDistance>
    </quality>
    <evaluationMode>manual</evaluationMode>
    <creationInfo>
      <agencyURI>smi:smi-registry/organization/EMSC</agencyURI>
      <authorURI>smi:smi-registry/organization/EMSC</authorURI>
    </creationInfo>
    <originUncertainty>
      <azimuthMaxHorizontalUncertainty>-99</azimuthMaxHorizontalUncertainty>
    </originUncertainty>
  </origin>
  <magnitude publicID="quakeml:eu.emsc/event/20030202_0000010/origin/1360522/mag/2">
    <mag>
      <value>3.4</value>
    </mag>
    <type>MD</type>
    <originID>quakeml:eu.emsc/event/20030202_0000010/origin/1360522</originID>
    <creationInfo>
      <agencyURI>smi:smi-registry/organization/EMSC</agencyURI>
      <authorURI>smi:smi-registry/organization/EMSC</authorURI>
    </creationInfo>
  </magnitude>
</event>
<event publicID="quakeml:eu.emsc/event/20030202_0000009">
  <preferredOriginID>quakeml:eu.emsc/event/20030202_0000009/origin/1360524</preferredOriginID>
  <preferredMagnitudeID>quakeml:eu.emsc/event/20030202_0000009/origin/1360524/mag/2</preferredMagnitudeID>
  <creationInfo>
    <agencyURI>smi:smi-registry/organization/EMSC</agencyURI>
    <authorURI>smi:smi-registry/organization/EMSC</authorURI>
    <creationTime>2014-12-10T19:34:41.566761Z</creationTime>
  </creationInfo>
  <description>
    <text>ROMANIA</text>
    <type>Flinn-Engdahl region</type>
  </description>
  <origin publicID="quakeml:eu.emsc/event/20030202_0000009/origin/1360524">
    <time>
      <value>2003-02-02T14:12:13.4Z</value>
    </time>
    <latitude>
      <value>45.664</value>
      <uncertainty>9999.9</uncertainty>
    </latitude>
    <longitude>
      <value>26.531</value>
      <uncertainty>9999.9</uncertainty>
    </longitude>
    <depth>
      <value>145600.0</value>
    </depth>
    <depthType>from location</depthType>
    <methodID>smi:eu.emsc-csem/origin_method/NA</methodID>
    <quality>
      <usedPhaseCount>7</usedPhaseCount>
      <usedStationCount>5</usedStationCount>
      <standardError>0.92</standardError>
      <azimuthalGap>225</azimuthalGap>
      <minimumDistance>0.45</minimumDistance>
      <maximumDistance>1.39</maximumDistance>
    </quality>
    <evaluationMode>manual</evaluationMode>
    <creationInfo>
      <agencyURI>smi:smi-registry/organization/EMSC</agencyURI>
      <authorURI>smi:smi-registry/organization/EMSC</authorURI>
    </creationInfo>
    <originUncertainty>
      <azimuthMaxHorizontalUncertainty>-99</azimuthMaxHorizontalUncertainty>
    </originUncertainty>
  </origin>
  <magnitude publicID="quakeml:eu.emsc/event/20030202_0000009/origin/1360524/mag/2">
    <mag>
      <value>3.2</value>
      <uncertainty>0.1</uncertainty>
    </mag>
    <type>MD</type>
    <originID>quakeml:eu.emsc/event/20030202_0000009/origin/1360524</originID>
    <stationCount>2</stationCount>
    <creationInfo>
      <agencyURI>smi:smi-registry/organization/EMSC</agencyURI>
      <authorURI>smi:smi-registry/organization/EMSC</authorURI>
    </creationInfo>
  </magnitude>
</event>
<event publicID="quakeml:eu.emsc/event/20030202_0000008">
  <preferredOriginID>quakeml:eu.emsc/event/20030202_0000008/origin/1376173</preferredOriginID>
  <preferredMagnitudeID>quakeml:eu.emsc/event/20030202_0000008/origin/1376173/mag/2</preferredMagnitudeID>
  <creationInfo>
    <agencyURI>smi:smi-registry/organization/EMSC</agencyURI>
    <authorURI>smi:smi-registry/organization/EMSC</authorURI>
    <creationTime>2014-12-03T10:21:14.393972Z</creationTime>
  </creationInfo>
  <description>
    <text>GREECE</text>
    <type>Flinn-Engdahl region</type>
  </description>
  <origin publicID="quakeml:eu.emsc/event/20030202_0000008/origin/1376173">
    <time>
      <value>2003-02-02T13:56:37.7Z</value>
      <uncertainty>0.6</uncertainty>
    </time>
    <latitude>
      <value>38.4276</value>
      <uncertainty>17</uncertainty>
    </latitude>
    <longitude>
      <value>20.4238</value>
      <uncertainty>8.6</uncertainty>
    </longitude>
    <depth>
      <value>2000</value>
    </depth>
    <depthType>from location</depthType>
    <methodID>smi:eu.emsc-csem/origin_method/NA</methodID>
    <quality>
      <usedPhaseCount>9</usedPhaseCount>
      <usedStationCount>6</usedStationCount>
      <standardError>1.04</standardError>
      <azimuthalGap>187</azimuthalGap>
      <minimumDistance>0.28</minimumDistance>
      <maximumDistance>1.61</maximumDistance>
    </quality>
    <evaluationMode>manual</evaluationMode>
    <creationInfo>
      <agencyURI>smi:smi-registry/organization/EMSC</agencyURI>
      <authorURI>smi:smi-registry/organization/EMSC</authorURI>
    </creationInfo>
    <originUncertainty>
      <azimuthMaxHorizontalUncertainty>74</azimuthMaxHorizontalUncertainty>
    </originUncertainty>
  </origin>
  <magnitude publicID="quakeml:eu.emsc/event/20030202_0000008/origin/1376173/mag/2">
    <mag>
      <value>3.1</value>
    </mag>
    <type>MD</type>
    <originID>quakeml:eu.emsc/event/20030202_0000008/origin/1376173</originID>
    <creationInfo>
      <agencyURI>smi:smi-registry/organization/EMSC</agencyURI>
      <authorURI>smi:smi-registry/organization/EMSC</authorURI>
    </creationInfo>
  </magnitude>
</event>
<event publicID="quakeml:eu.emsc/event/20030202_0000007">
  <preferredOriginID>quakeml:eu.emsc/event/20030202_0000007/origin/1376176</preferredOriginID>
  <preferredMagnitudeID>quakeml:eu.emsc/event/20030202_0000007/origin/1376176/mag/2</preferredMagnitudeID>
  <creationInfo>
    <agencyURI>smi:smi-registry/organization/EMSC</agencyURI>
    <authorURI>smi:smi-registry/organization/EMSC</authorURI>
    <creationTime>2014-12-03T11:34:40.266887Z</creationTime>
  </creationInfo>
  <description>
    <text>GREECE</text>
    <type>Flinn-Engdahl region</type>
  </description>
  <origin publicID="quakeml:eu.emsc/event/20030202_0000007/origin/1376176">
    <time>
      <value>2003-02-02T13:10:35.6Z</value>
      <uncertainty>0.77</uncertainty>
    </time>
    <latitude>
      <value>38.4469</value>
      <uncertainty>24</uncertainty>
    </latitude>
    <longitude>
      <value>20.562</value>
      <uncertainty>12.3</uncertainty>
    </longitude>
    <depth>
      <value>2000</value>
    </depth>
    <depthType>from location</depthType>
    <methodID>smi:eu.emsc-csem/origin_method/NA</methodID>
    <quality>
      <usedPhaseCount>10</usedPhaseCount>
      <usedStationCount>9</usedStationCount>
      <standardError>1.36</standardError>
      <azimuthalGap>159</azimuthalGap>
      <minimumDistance>0.27</minimumDistance>
      <maximumDistance>2.23</maximumDistance>
    </quality>
    <evaluationMode>manual</evaluationMode>
    <creationInfo>
      <agencyURI>smi:smi-registry/organization/EMSC</agencyURI>
      <authorURI>smi:smi-registry/organization/EMSC</authorURI>
    </creationInfo>
    <originUncertainty>
      <azimuthMaxHorizontalUncertainty>82</azimuthMaxHorizontalUncertainty>
    </originUncertainty>
  </origin>
  <magnitude publicID="quakeml:eu.emsc/event/20030202_0000007/origin/1376176/mag/2">
    <mag>
      <value>3.4</value>
    </mag>
    <type>MD</type>
    <originID>quakeml:eu.emsc/event/20030202_0000007/origin/1376176</originID>
    <creationInfo>
      <agencyURI>smi:smi-registry/organization/EMSC</agencyURI>
      <authorURI>smi:smi-registry/organization/EMSC</authorURI>
    </creationInfo>
  </magnitude>
</event>
<event publicID="quakeml:eu.emsc/event/20030202_0000006">
  <preferredOriginID>quakeml:eu.emsc/event/20030202_0000006/origin/1360526</preferredOriginID>
  <preferredMagnitudeID>quakeml:eu.emsc/event/20030202_0000006/origin/1360526/mag/2</preferredMagnitudeID>
  <creationInfo>
    <agencyURI>smi:smi-registry/organization/EMSC</agencyURI>
    <authorURI>smi:smi-registry/organization/EMSC</authorURI>
    <creationTime>2014-12-10T19:34:26.88615Z</creationTime>
  </creationInfo>
  <description>
    <text>FRANCE</text>
    <type>Flinn-Engdahl region</type>
  </description>
  <origin publicID="quakeml:eu.emsc/event/20030202_0000006/origin/1360526">
    <time>
      <value>2003-02-02T12:33:47.1Z</value>
    </time>
    <latitude>
      <value>49.31</value>
      <uncertainty>9999.9</uncertainty>
    </latitude>
    <longitude>
      <value>0.41</value>
      <uncertainty>9999.9</uncertainty>
    </longitude>
    <depth>
      <value>5000</value>
    </depth>
    <depthType>from location</depthType>
    <methodID>smi:eu.emsc-csem/origin_method/NA</methodID>
    <quality>
      <usedPhaseCount>8</usedPhaseCount>
      <usedStationCount>4</usedStationCount>
      <standardError>1.64</standardError>
      <azimuthalGap>247</azimuthalGap>
      <minimumDistance>1.68</minimumDistance>
      <maximumDistance>4.51</maximumDistance>
    </quality>
    <evaluationMode>manual</evaluationMode>
    <creationInfo>
      <agencyURI>smi:smi-registry/organization/EMSC</agencyURI>
      <authorURI>smi:smi-registry/organization/EMSC</authorURI>
    </creationInfo>
    <originUncertainty>
      <azimuthMaxHorizontalUncertainty>-99</azimuthMaxHorizontalUncertainty>
    </originUncertainty>
  </origin>
  <magnitude publicID="quakeml:eu.emsc/event/20030202_0000006/origin/1360526/mag/2">
    <mag>
      <value>3.2</value>
    </mag>
    <type>ML</type>
    <originID>quakeml:eu.emsc/event/20030202_0000006/origin/1360526</originID>
    <creationInfo>
      <agencyURI>smi:smi-registry/organization/EMSC</agencyURI>
      <authorURI>smi:smi-registry/organization/EMSC</authorURI>
    </creationInfo>
  </magnitude>
</event>
<event publicID="quakeml:eu.emsc/event/20030202_0000004">
  <preferredOriginID>quakeml:eu.emsc/event/20030202_0000004/origin/1376198</preferredOriginID>
  <preferredMagnitudeID>quakeml:eu.emsc/event/20030202_0000004/origin/1376198/mag/2</preferredMagnitudeID>
  <creationInfo>
    <agencyURI>smi:smi-registry/organization/EMSC</agencyURI>
    <authorURI>smi:smi-registry/organization/EMSC</authorURI>
    <creationTime>2014-12-03T10:59:00.871478Z</creationTime>
  </creationInfo>
  <description>
    <text>CRETE, GREECE</text>
    <type>Flinn-Engdahl region</type>
  </description>
  <origin publicID="quakeml:eu.emsc/event/20030202_0000004/origin/1376198">
    <time>
      <value>2003-02-02T12:25:50.4Z</value>
      <uncertainty>0.18</uncertainty>
    </time>
    <latitude>
      <value>34.2251</value>
      <uncertainty>6.7</uncertainty>
    </latitude>
    <longitude>
      <value>26.4394</value>
      <uncertainty>2.9</uncertainty>
    </longitude>
    <depth>
      <value>80000</value>
    </depth>
    <depthType>from location</depthType>
    <methodID>smi:eu.emsc-csem/origin_method/NA</methodID>
    <quality>
      <usedPhaseCount>125</usedPhaseCount>
      <usedStationCount>125</usedStationCount>
      <standardError>0.92</standardError>
      <azimuthalGap>179</azimuthalGap>
      <minimumDistance>1.24</minimumDistance>
      <maximumDistance>27.6</maximumDistance>
    </quality>
    <evaluationMode>manual</evaluationMode>
    <creationInfo>
      <agencyURI>smi:smi-registry/organization/EMSC</agencyURI>
      <authorURI>smi:smi-registry/organization/EMSC</authorURI>
    </creationInfo>
    <originUncertainty>
      <azimuthMaxHorizontalUncertainty>9</azimuthMaxHorizontalUncertainty>
    </originUncertainty>
  </origin>
  <magnitude publicID="quakeml:eu.emsc/event/20030202_0000004/origin/1376198/mag/2">
    <mag>
      <value>4.2</value>
      <uncertainty>0.2</uncertainty>
    </mag>
    <type>mb</type>
    <originID>quakeml:eu.emsc/event/20030202_0000004/origin/1376198</originID>
    <stationCount>32</stationCount>
    <creationInfo>
      <agencyURI>smi:smi-registry/organization/EMSC</agencyURI>
      <authorURI>smi:smi-registry/organization/EMSC</authorURI>
    </creationInfo>
  </magnitude>
</event>
<event publicID="quakeml:eu.emsc/event/20030202_0000003">
  <preferredOriginID>quakeml:eu.emsc/event/20030202_0000003/origin/1376201</preferredOriginID>
  <preferredMagnitudeID>quakeml:eu.emsc/event/20030202_0000003/origin/1376201/mag/2</preferredMagnitudeID>
  <creationInfo>
    <agencyURI>smi:smi-registry/organization/EMSC</agencyURI>
    <authorURI>smi:smi-registry/organization/EMSC</authorURI>
    <creationTime>2014-12-03T11:35:58.778597Z</creationTime>
  </creationInfo>
  <description>
    <text>PORTUGAL</text>
    <type>Flinn-Engdahl region</type>
  </description>
  <origin publicID="quakeml:eu.emsc/event/20030202_0000003/origin/1376201">
    <time>
      <value>2003-02-02T10:26:34.0Z</value>
      <uncertainty>0.25</uncertainty>
    </time>
    <latitude>
      <value>38.5679</value>
      <uncertainty>7.6</uncertainty>
    </latitude>
    <longitude>
      <value>-7.8943</value>
      <uncertainty>5.1</uncertainty>
    </longitude>
    <depth>
      <value>10000</value>
    </depth>
    <depthType>from location</depthType>
    <methodID>smi:eu.emsc-csem/origin_method/NA</methodID>
    <quality>
      <usedPhaseCount>10</usedPhaseCount>
      <usedStationCount>9</usedStationCount>
      <standardError>0.63</standardError>
      <azimuthalGap>94</azimuthalGap>
      <minimumDistance>0.54</minimumDistance>
      <maximumDistance>2.21</maximumDistance>
    </quality>
    <evaluationMode>manual</evaluationMode>
    <creationInfo>
      <agencyURI>smi:smi-registry/organization/EMSC</agencyURI>
      <authorURI>smi:smi-registry/organization/EMSC</authorURI>
    </creationInfo>
    <originUncertainty>
      <azimuthMaxHorizontalUncertainty>67</azimuthMaxHorizontalUncertainty>
    </originUncertainty>
  </origin>
  <magnitude publicID="quakeml:eu.emsc/event/20030202_0000003/origin/1376201/mag/2">
    <mag>
      <value>3.1</value>
      <uncertainty>0.2</uncertainty>
    </mag>
    <type>mb</type>
    <originID>quakeml:eu.emsc/event/20030202_0000003/origin/1376201</originID>
    <stationCount>3</stationCount>
    <creationInfo>
      <agencyURI>smi:smi-registry/organization/EMSC</agencyURI>
      <authorURI>smi:smi-registry/organization/EMSC</authorURI>
    </creationInfo>
  </magnitude>
</event>
<event publicID="quakeml:eu.emsc/event/20030202_0000016">
  <preferredOriginID>quakeml:eu.emsc/event/20030202_0000016/origin/1375832</preferredOriginID>
  <preferredMagnitudeID>quakeml:eu.emsc/event/20030202_0000016/origin/1375832/mag/1</preferredMagnitudeID>
  <creationInfo>
    <agencyURI>smi:smi-registry/organization/EMSC</agencyURI>
    <authorURI>smi:smi-registry/organization/EMSC</authorURI>
    <creationTime>2014-12-03T16:31:06.497681Z</creationTime>
  </creationInfo>
  <description>
    <text>SPAIN</text>
    <type>Flinn-Engdahl region</type>
  </description>
  <origin publicID="quakeml:eu.emsc/event/20030202_0000016/origin/1375832">
    <time>
      <value>2003-02-02T05:45:19.3Z</value>
      <uncertainty>0.18</uncertainty>
    </time>
    <latitude>
      <value>40.9789</value>
      <uncertainty>5.4</uncertainty>
    </latitude>
    <longitude>
      <value>-5.4566</value>
      <uncertainty>2.9</uncertainty>
    </longitude>
    <depth>
      <value>2000</value>
    </depth>
    <depthType>from location</depthType>
    <methodID>smi:eu.emsc-csem/origin_method/NA</methodID>
    <quality>
      <usedPhaseCount>23</usedPhaseCount>
      <usedStationCount>12</usedStationCount>
      <standardError>0.9</standardError>
      <azimuthalGap>95</azimuthalGap>
      <minimumDistance>1.04</minimumDistance>
      <maximumDistance>2.58</maximumDistance>
    </quality>
    <evaluationMode>manual</evaluationMode>
    <creationInfo>
      <agencyURI>smi:smi-registry/organization/EMSC</agencyURI>
      <authorURI>smi:smi-registry/organization/EMSC</authorURI>
    </creationInfo>
    <originUncertainty>
      <azimuthMaxHorizontalUncertainty>29</azimuthMaxHorizontalUncertainty>
    </originUncertainty>
  </origin>
  <magnitude publicID="quakeml:eu.emsc/event/20030202_0000016/origin/1375832/mag/1">
    <mag>
      <value>2.5</value>
      <uncertainty>0.3</uncertainty>
    </mag>
    <type>ML</type>
    <originID>quakeml:eu.emsc/event/20030202_0000016/origin/1375832</originID>
    <stationCount>10</stationCount>
    <creationInfo>
      <agencyURI>smi:smi-registry/organization/EMSC</agencyURI>
      <authorURI>smi:smi-registry/organization/EMSC</authorURI>
    </creationInfo>
  </magnitude>
</event>
<event publicID="quakeml:eu.emsc/event/20030202_0000002">
  <preferredOriginID>quakeml:eu.emsc/event/20030202_0000002/origin/1360528</preferredOriginID>
  <preferredMagnitudeID>quakeml:eu.emsc/event/20030202_0000002/origin/1360528/mag/2</preferredMagnitudeID>
  <creationInfo>
    <agencyURI>smi:smi-registry/organization/EMSC</agencyURI>
    <authorURI>smi:smi-registry/organization/EMSC</authorURI>
    <creationTime>2014-12-10T19:34:08.842921Z</creationTime>
  </creationInfo>
  <description>
    <text>EASTERN TURKEY</text>
    <type>Flinn-Engdahl region</type>
  </description>
  <origin publicID="quakeml:eu.emsc/event/20030202_0000002/origin/1360528">
    <time>
      <value>2003-02-02T03:16:16.9Z</value>
    </time>
    <latitude>
      <value>39.729</value>
      <uncertainty>9999.9</uncertainty>
    </latitude>
    <longitude>
      <value>39.75</value>
      <uncertainty>9999.9</uncertainty>
    </longitude>
    <depth>
      <value>10000</value>
    </depth>
    <depthType>from location</depthType>
    <methodID>smi:eu.emsc-csem/origin_method/NA</methodID>
    <quality>
      <usedPhaseCount>7</usedPhaseCount>
      <usedStationCount>5</usedStationCount>
      <standardError>2.24</standardError>
      <azimuthalGap>223</azimuthalGap>
      <minimumDistance>0.31</minimumDistance>
      <maximumDistance>2.05</maximumDistance>
    </quality>
    <evaluationMode>manual</evaluationMode>
    <creationInfo>
      <agencyURI>smi:smi-registry/organization/EMSC</agencyURI>
      <authorURI>smi:smi-registry/organization/EMSC</authorURI>
    </creationInfo>
    <originUncertainty>
      <azimuthMaxHorizontalUncertainty>-99</azimuthMaxHorizontalUncertainty>
    </originUncertainty>
  </origin>
  <magnitude publicID="quakeml:eu.emsc/event/20030202_0000002/origin/1360528/mag/2">
    <mag>
      <value>3.2</value>
    </mag>
    <type>MD</type>
    <originID>quakeml:eu.emsc/event/20030202_0000002/origin/1360528</originID>
    <creationInfo>
      <agencyURI>smi:smi-registry/organization/EMSC</agencyURI>
      <authorURI>smi:smi-registry/organization/EMSC</authorURI>
    </creationInfo>
  </magnitude>
</event>
<event publicID="quakeml:eu.emsc/event/20030202_0000001">
  <preferredOriginID>quakeml:eu.emsc/event/20030202_0000001/origin/1376204</preferredOriginID>
  <preferredMagnitudeID>quakeml:eu.emsc/event/20030202_0000001/origin/1376204/mag/1</preferredMagnitudeID>
  <creationInfo>
    <agencyURI>smi:smi-registry/organization/EMSC</agencyURI>
    <authorURI>smi:smi-registry/organization/EMSC</authorURI>
    <creationTime>2014-12-03T11:25:03.999689Z</creationTime>
  </creationInfo>
  <description>
    <text>SOUTHERN IRAN</text>
    <type>Flinn-Engdahl region</type>
  </description>
  <origin publicID="quakeml:eu.emsc/event/20030202_0000001/origin/1376204">
    <time>
      <value>2003-02-02T01:53:30.6Z</value>
      <uncertainty>0.54</uncertainty>
    </time>
    <latitude>
      <value>29.9819</value>
      <uncertainty>20.7</uncertainty>
    </latitude>
    <longitude>
      <value>52.8303</value>
      <uncertainty>15.3</uncertainty>
    </longitude>
    <depth>
      <value>40000</value>
    </depth>
    <depthType>from location</depthType>
    <methodID>smi:eu.emsc-csem/origin_method/NA</methodID>
    <quality>
      <usedPhaseCount>28</usedPhaseCount>
      <usedStationCount>27</usedStationCount>
      <standardError>1.29</standardError>
      <azimuthalGap>164</azimuthalGap>
      <minimumDistance>2.81</minimumDistance>
      <maximumDistance>87.3</maximumDistance>
    </quality>
    <evaluationMode>manual</evaluationMode>
    <creationInfo>
      <agencyURI>smi:smi-registry/organization/EMSC</agencyURI>
      <authorURI>smi:smi-registry/organization/EMSC</authorURI>
    </creationInfo>
    <originUncertainty>
      <azimuthMaxHorizontalUncertainty>153</azimuthMaxHorizontalUncertainty>
    </originUncertainty>
  </origin>
  <magnitude publicID="quakeml:eu.emsc/event/20030202_0000001/origin/1376204/mag/1">
    <mag>
      <value>4.5</value>
      <uncertainty>0.1</uncertainty>
    </mag>
    <type>mb</type>
    <originID>quakeml:eu.emsc/event/20030202_0000001/origin/1376204</originID>
    <stationCount>7</stationCount>
    <creationInfo>
      <agencyURI>smi:smi-registry/organization/EMSC</agencyURI>
      <authorURI>smi:smi-registry/organization/EMSC</authorURI>
    </creationInfo>
  </magnitude>
</event>
</eventParameters>
</q:quakeml>
