<?xml version="1.0"?>
<q:quakeml xmlns:q="http://quakeml.org/xmlns/quakeml/1.2"  xmlns="http://quakeml.org/xmlns/bed/1.2">
<eventParameters publicID="smi:eu.emsc/unid">
<event publicID="quakeml:eu.emsc/event/20031110_0000021">
  <preferredOriginID>quakeml:eu.emsc/event/20031110_0000021/origin/1350594</preferredOriginID>
  <preferredMagnitudeID>quakeml:eu.emsc/event/20031110_0000021/origin/1350594/mag/1</preferredMagnitudeID>
  <creationInfo>
    <agencyURI>smi:smi-registry/organization/EMSC</agencyURI>
    <authorURI>smi:smi-registry/organization/EMSC</authorURI>
    <creationTime>2014-12-03T16:59:08.476473Z</creationTime>
  </creationInfo>
  <description>
    <text>FRANCE-GERMANY BORDER REGION</text>
    <type>Flinn-Engdahl region</type>
  </description>
  <origin publicID="quakeml:eu.emsc/event/20031110_0000021/origin/1350594">
    <time>
      <value>2003-11-10T21:22:26.3Z</value>
      <uncertainty>0.08</uncertainty>
    </time>
    <latitude>
      <value>47.7207</value>
      <uncertainty>1.5</uncertainty>
    </latitude>
    <longitude>
      <value>7.8583</value>
      <uncertainty>1.3</uncertainty>
    </longitude>
    <depth>
      <value>15000</value>
    </depth>
    <depthType>from location</depthType>
    <methodID>smi:eu.emsc-csem/origin_method/NA</methodID>
    <quality>
      <usedPhaseCount>26</usedPhaseCount>
      <usedStationCount>14</usedStationCount>
      <standardError>0.37</standardError>
      <azimuthalGap>61</azimuthalGap>
      <minimumDistance>0.18</minimumDistance>
      <maximumDistance>1.96</maximumDistance>
    </quality>
    <evaluationMode>manual</evaluationMode>
    <creationInfo>
      <agencyURI>smi:smi-registry/organization/EMSC</agencyURI>
      <authorURI>smi:smi-registry/organization/EMSC</authorURI>
    </creationInfo>
    <originUncertainty>
      <azimuthMaxHorizontalUncertainty>19</azimuthMaxHorizontalUncertainty>
    </originUncertainty>
  </origin>
  <magnitude publicID="quakeml:eu.emsc/event/20031110_0000021/origin/1350594/mag/1">
    <mag>
      <value>1.4</value>
      <uncertainty>0.6</uncertainty>
    </mag>
    <type>ML</type>
    <originID>quakeml:eu.emsc/event/20031110_0000021/origin/1350594</originID>
    <stationCount>7</stationCount>
    <creationInfo>
      <agencyURI>smi:smi-registry/organization/EMSC</agencyURI>
      <authorURI>smi:smi-registry/organization/EMSC</authorURI>
    </creationInfo>
  </magnitude>
</event>
<event publicID="quakeml:eu.emsc/event/20031110_0000009">
  <preferredOriginID>quakeml:eu.emsc/event/20031110_0000009/origin/1353588</preferredOriginID>
  <preferredMagnitudeID>quakeml:eu.emsc/event/20031110_0000009/origin/1353588/mag/2</preferredMagnitudeID>
  <creationInfo>
    <agencyURI>smi:smi-registry/organization/EMSC</agencyURI>
    <authorURI>smi:smi-registry/organization/EMSC</authorURI>
    <creationTime>2014-12-10T18:34:01.803362Z</creationTime>
  </creationInfo>
  <description>
    <text>WESTERN TURKEY</text>
    <type>Flinn-Engdahl region</type>
  </description>
  <origin publicID="quakeml:eu.emsc/event/20031110_0000009/origin/1353588">
    <time>
      <value>2003-11-10T20:36:38.7Z</value>
    </time>
    <latitude>
      <value>39.01</value>
      <uncertainty>9999.9</uncertainty>
    </latitude>
    <longitude>
      <value>28.083</value>
      <uncertainty>9999.9</uncertainty>
    </longitude>
    <depth>
      <value>9000</value>
    </depth>
    <depthType>from location</depthType>
    <methodID>smi:eu.emsc-csem/origin_method/NA</methodID>
    <quality>
      <usedPhaseCount>10</usedPhaseCount>
      <usedStationCount>8</usedStationCount>
      <standardError>0.82</standardError>
      <azimuthalGap>107</azimuthalGap>
      <minimumDistance>0.25</minimumDistance>
      <maximumDistance>2.21</maximumDistance>
    </quality>
    <evaluationMode>manual</evaluationMode>
    <creationInfo>
      <agencyURI>smi:smi-registry/organization/EMSC</agencyURI>
      <authorURI>smi:smi-registry/organization/EMSC</authorURI>
    </creationInfo>
    <originUncertainty>
      <azimuthMaxHorizontalUncertainty>-99</azimuthMaxHorizontalUncertainty>
    </originUncertainty>
  </origin>
  <magnitude publicID="quakeml:eu.emsc/event/20031110_0000009/origin/1353588/mag/2">
    <mag>
      <value>2.9</value>
    </mag>
    <type>MD</type>
    <originID>quakeml:eu.emsc/event/20031110_0000009/origin/1353588</originID>
    <creationInfo>
      <agencyURI>smi:smi-registry/organization/EMSC</agencyURI>
      <authorURI>smi:smi-registry/organization/EMSC</authorURI>
    </creationInfo>
  </magnitude>
</event>
<event publicID="quakeml:eu.emsc/event/20031110_0000016">
  <preferredOriginID>quakeml:eu.emsc/event/20031110_0000016/origin/1353590</preferredOriginID>
  <preferredMagnitudeID>quakeml:eu.emsc/event/20031110_0000016/origin/1353590/mag/2</preferredMagnitudeID>
  <creationInfo>
    <agencyURI>smi:smi-registry/organization/EMSC</agencyURI>
    <authorURI>smi:smi-registry/organization/EMSC</authorURI>
    <creationTime>2014-12-10T18:55:51.16607Z</creationTime>
  </creationInfo>
  <description>
    <text>FRANCE</text>
    <type>Flinn-Engdahl region</type>
  </description>
  <origin publicID="quakeml:eu.emsc/event/20031110_0000016/origin/1353590">
    <time>
      <value>2003-11-10T20:16:43.8Z</value>
    </time>
    <latitude>
      <value>47.5159</value>
      <uncertainty>9999.9</uncertainty>
    </latitude>
    <longitude>
      <value>-1.146</value>
      <uncertainty>9999.9</uncertainty>
    </longitude>
    <depth>
      <value>4000</value>
    </depth>
    <depthType>from location</depthType>
    <methodID>smi:eu.emsc-csem/origin_method/NA</methodID>
    <quality>
      <usedPhaseCount>18</usedPhaseCount>
      <usedStationCount>7</usedStationCount>
      <standardError>1.17</standardError>
      <azimuthalGap>144</azimuthalGap>
      <minimumDistance>0.89</minimumDistance>
      <maximumDistance>1.65</maximumDistance>
    </quality>
    <evaluationMode>manual</evaluationMode>
    <creationInfo>
      <agencyURI>smi:smi-registry/organization/EMSC</agencyURI>
      <authorURI>smi:smi-registry/organization/EMSC</authorURI>
    </creationInfo>
    <originUncertainty>
      <azimuthMaxHorizontalUncertainty>-99</azimuthMaxHorizontalUncertainty>
    </originUncertainty>
  </origin>
  <magnitude publicID="quakeml:eu.emsc/event/20031110_0000016/origin/1353590/mag/2">
    <mag>
      <value>2.1</value>
      <uncertainty>0.2</uncertainty>
    </mag>
    <type>ML</type>
    <originID>quakeml:eu.emsc/event/20031110_0000016/origin/1353590</originID>
    <stationCount>7</stationCount>
    <creationInfo>
      <agencyURI>smi:smi-registry/organization/EMSC</agencyURI>
      <authorURI>smi:smi-registry/organization/EMSC</authorURI>
    </creationInfo>
  </magnitude>
</event>
<event publicID="quakeml:eu.emsc/event/20031110_0000020">
  <preferredOriginID>quakeml:eu.emsc/event/20031110_0000020/origin/1350597</preferredOriginID>
  <preferredMagnitudeID>quakeml:eu.emsc/event/20031110_0000020/origin/1350597/mag/2</preferredMagnitudeID>
  <creationInfo>
    <agencyURI>smi:smi-registry/organization/EMSC</agencyURI>
    <authorURI>smi:smi-registry/organization/EMSC</authorURI>
    <creationTime>2014-12-03T16:51:41.138029Z</creationTime>
  </creationInfo>
  <description>
    <text>PYRENEES</text>
    <type>Flinn-Engdahl region</type>
  </description>
  <origin publicID="quakeml:eu.emsc/event/20031110_0000020/origin/1350597">
    <time>
      <value>2003-11-10T18:21:00.9Z</value>
      <uncertainty>0.19</uncertainty>
    </time>
    <latitude>
      <value>43.1341</value>
      <uncertainty>3.2</uncertainty>
    </latitude>
    <longitude>
      <value>-1.0647</value>
      <uncertainty>1.8</uncertainty>
    </longitude>
    <depth>
      <value>18500.0</value>
      <uncertainty>1.5</uncertainty>
    </depth>
    <depthType>from location</depthType>
    <methodID>smi:eu.emsc-csem/origin_method/NA</methodID>
    <quality>
      <usedPhaseCount>10</usedPhaseCount>
      <usedStationCount>5</usedStationCount>
      <standardError>0.22</standardError>
      <azimuthalGap>137</azimuthalGap>
      <minimumDistance>0.12</minimumDistance>
      <maximumDistance>1.03</maximumDistance>
    </quality>
    <evaluationMode>manual</evaluationMode>
    <creationInfo>
      <agencyURI>smi:smi-registry/organization/EMSC</agencyURI>
      <authorURI>smi:smi-registry/organization/EMSC</authorURI>
    </creationInfo>
    <originUncertainty>
      <azimuthMaxHorizontalUncertainty>12</azimuthMaxHorizontalUncertainty>
    </originUncertainty>
  </origin>
  <magnitude publicID="quakeml:eu.emsc/event/20031110_0000020/origin/1350597/mag/2">
    <mag>
      <value>1.3</value>
    </mag>
    <type>ML</type>
    <originID>quakeml:eu.emsc/event/20031110_0000020/origin/1350597</originID>
    <stationCount>1</stationCount>
    <creationInfo>
      <agencyURI>smi:smi-registry/organization/EMSC</agencyURI>
      <authorURI>smi:smi-registry/organization/EMSC</authorURI>
    </creationInfo>
  </magnitude>
</event>
<event publicID="quakeml:eu.emsc/event/20031110_0000013">
  <preferredOriginID>quakeml:eu.emsc/event/20031110_0000013/origin/1350601</preferredOriginID>
  <preferredMagnitudeID>quakeml:eu.emsc/event/20031110_0000013/origin/1350601/mag/1</preferredMagnitudeID>
  <creationInfo>
    <agencyURI>smi:smi-registry/organization/EMSC</agencyURI>
    <authorURI>smi:smi-registry/organization/EMSC</authorURI>
    <creationTime>2014-12-03T16:21:24.7057Z</creationTime>
  </creationInfo>
  <description>
    <text>PYRENEES</text>
    <type>Flinn-Engdahl region</type>
  </description>
  <origin publicID="quakeml:eu.emsc/event/20031110_0000013/origin/1350601">
    <time>
      <value>2003-11-10T18:16:09.4Z</value>
      <uncertainty>0.12</uncertainty>
    </time>
    <latitude>
      <value>43.1865</value>
      <uncertainty>2.6</uncertainty>
    </latitude>
    <longitude>
      <value>-1.0186</value>
      <uncertainty>2.2</uncertainty>
    </longitude>
    <depth>
      <value>15000</value>
    </depth>
    <depthType>from location</depthType>
    <methodID>smi:eu.emsc-csem/origin_method/NA</methodID>
    <quality>
      <usedPhaseCount>80</usedPhaseCount>
      <usedStationCount>36</usedStationCount>
      <standardError>1.03</standardError>
      <azimuthalGap>78</azimuthalGap>
      <minimumDistance>0.07</minimumDistance>
      <maximumDistance>5.03</maximumDistance>
    </quality>
    <evaluationMode>manual</evaluationMode>
    <creationInfo>
      <agencyURI>smi:smi-registry/organization/EMSC</agencyURI>
      <authorURI>smi:smi-registry/organization/EMSC</authorURI>
    </creationInfo>
    <originUncertainty>
      <azimuthMaxHorizontalUncertainty>8</azimuthMaxHorizontalUncertainty>
    </originUncertainty>
  </origin>
  <magnitude publicID="quakeml:eu.emsc/event/20031110_0000013/origin/1350601/mag/1">
    <mag>
      <value>2.7</value>
      <uncertainty>0.4</uncertainty>
    </mag>
    <type>ML</type>
    <originID>quakeml:eu.emsc/event/20031110_0000013/origin/1350601</originID>
    <stationCount>20</stationCount>
    <creationInfo>
      <agencyURI>smi:smi-registry/organization/EMSC</agencyURI>
      <authorURI>smi:smi-registry/organization/EMSC</authorURI>
    </creationInfo>
  </magnitude>
</event>
<event publicID="quakeml:eu.emsc/event/20031110_0000008">
  <preferredOriginID>quakeml:eu.emsc/event/20031110_0000008/origin/1353592</preferredOriginID>
  <preferredMagnitudeID>quakeml:eu.emsc/event/20031110_0000008/origin/1353592/mag/2</preferredMagnitudeID>
  <creationInfo>
    <agencyURI>smi:smi-registry/organization/EMSC</agencyURI>
    <authorURI>smi:smi-registry/organization/EMSC</authorURI>
    <creationTime>2014-12-10T18:33:57.426934Z</creationTime>
  </creationInfo>
  <description>
    <text>SOUTHERN GREECE</text>
    <type>Flinn-Engdahl region</type>
  </description>
  <origin publicID="quakeml:eu.emsc/event/20031110_0000008/origin/1353592">
    <time>
      <value>2003-11-10T17:15:45.3Z</value>
    </time>
    <latitude>
      <value>37.3</value>
      <uncertainty>9999.9</uncertainty>
    </latitude>
    <longitude>
      <value>21.67</value>
      <uncertainty>9999.9</uncertainty>
    </longitude>
    <depth>
      <value>19000</value>
    </depth>
    <depthType>from location</depthType>
    <methodID>smi:eu.emsc-csem/origin_method/NA</methodID>
    <quality>
      <usedPhaseCount>15</usedPhaseCount>
      <usedStationCount>13</usedStationCount>
      <standardError>1.63</standardError>
      <azimuthalGap>195</azimuthalGap>
      <minimumDistance>0.24</minimumDistance>
      <maximumDistance>3.37</maximumDistance>
    </quality>
    <evaluationMode>manual</evaluationMode>
    <creationInfo>
      <agencyURI>smi:smi-registry/organization/EMSC</agencyURI>
      <authorURI>smi:smi-registry/organization/EMSC</authorURI>
    </creationInfo>
    <originUncertainty>
      <azimuthMaxHorizontalUncertainty>-99</azimuthMaxHorizontalUncertainty>
    </originUncertainty>
  </origin>
  <magnitude publicID="quakeml:eu.emsc/event/20031110_0000008/origin/1353592/mag/2">
    <mag>
      <value>3.5</value>
    </mag>
    <type>ML</type>
    <originID>quakeml:eu.emsc/event/20031110_0000008/origin/1353592</originID>
    <creationInfo>
      <agencyURI>smi:smi-registry/organization/EMSC</agencyURI>
      <authorURI>smi:smi-registry/organization/EMSC</authorURI>
    </creationInfo>
  </magnitude>
</event>
<event publicID="quakeml:eu.emsc/event/20031110_0000017">
  <preferredOriginID>quakeml:eu.emsc/event/20031110_0000017/origin/1353594</preferredOriginID>
  <preferredMagnitudeID>quakeml:eu.emsc/event/20031110_0000017/origin/1353594/mag/2</preferredMagnitudeID>
  <creationInfo>
    <agencyURI>smi:smi-registry/organization/EMSC</agencyURI>
    <authorURI>smi:smi-registry/organization/EMSC</authorURI>
    <creationTime>2014-12-10T18:55:50.518609Z</creationTime>
  </creationInfo>
  <description>
    <text>FRANCE</text>
    <type>Flinn-Engdahl region</type>
  </description>
  <origin publicID="quakeml:eu.emsc/event/20031110_0000017/origin/1353594">
    <time>
      <value>2003-11-10T15:52:54.9Z</value>
    </time>
    <latitude>
      <value>48.34</value>
      <uncertainty>9999.9</uncertainty>
    </latitude>
    <longitude>
      <value>6.67</value>
      <uncertainty>9999.9</uncertainty>
    </longitude>
    <depth>
      <value>5000</value>
    </depth>
    <depthType>from location</depthType>
    <methodID>smi:eu.emsc-csem/origin_method/NA</methodID>
    <quality>
      <usedPhaseCount>11</usedPhaseCount>
      <usedStationCount>7</usedStationCount>
      <standardError>0.29</standardError>
      <azimuthalGap>152</azimuthalGap>
      <minimumDistance>0.35</minimumDistance>
      <maximumDistance>1.01</maximumDistance>
    </quality>
    <evaluationMode>manual</evaluationMode>
    <creationInfo>
      <agencyURI>smi:smi-registry/organization/EMSC</agencyURI>
      <authorURI>smi:smi-registry/organization/EMSC</authorURI>
    </creationInfo>
    <originUncertainty>
      <azimuthMaxHorizontalUncertainty>-99</azimuthMaxHorizontalUncertainty>
    </originUncertainty>
  </origin>
  <magnitude publicID="quakeml:eu.emsc/event/20031110_0000017/origin/1353594/mag/2">
    <mag>
      <value>2.3</value>
    </mag>
    <type>ML</type>
    <originID>quakeml:eu.emsc/event/20031110_0000017/origin/1353594</originID>
    <creationInfo>
      <agencyURI>smi:smi-registry/organization/EMSC</agencyURI>
      <authorURI>smi:smi-registry/organization/EMSC</authorURI>
    </creationInfo>
  </magnitude>
</event>
<event publicID="quakeml:eu.emsc/event/20031110_0000023">
  <preferredOriginID>quakeml:eu.emsc/event/20031110_0000023/origin/1350604</preferredOriginID>
  <preferredMagnitudeID>quakeml:eu.emsc/event/20031110_0000023/origin/1350604/mag/2</preferredMagnitudeID>
  <creationInfo>
    <agencyURI>smi:smi-registry/organization/EMSC</agencyURI>
    <authorURI>smi:smi-registry/organization/EMSC</authorURI>
    <creationTime>2014-12-03T17:01:03.174599Z</creationTime>
  </creationInfo>
  <description>
    <text>FRANCE</text>
    <type>Flinn-Engdahl region</type>
  </description>
  <origin publicID="quakeml:eu.emsc/event/20031110_0000023/origin/1350604">
    <time>
      <value>2003-11-10T12:12:56.5Z</value>
      <uncertainty>0.14</uncertainty>
    </time>
    <latitude>
      <value>48.3324</value>
      <uncertainty>2.6</uncertainty>
    </latitude>
    <longitude>
      <value>6.6802</value>
      <uncertainty>2.3</uncertainty>
    </longitude>
    <depth>
      <value>10000</value>
    </depth>
    <depthType>from location</depthType>
    <methodID>smi:eu.emsc-csem/origin_method/NA</methodID>
    <quality>
      <usedPhaseCount>18</usedPhaseCount>
      <usedStationCount>11</usedStationCount>
      <standardError>0.58</standardError>
      <azimuthalGap>88</azimuthalGap>
      <minimumDistance>0.34</minimumDistance>
      <maximumDistance>2.22</maximumDistance>
    </quality>
    <evaluationMode>manual</evaluationMode>
    <creationInfo>
      <agencyURI>smi:smi-registry/organization/EMSC</agencyURI>
      <authorURI>smi:smi-registry/organization/EMSC</authorURI>
    </creationInfo>
    <originUncertainty>
      <azimuthMaxHorizontalUncertainty>70</azimuthMaxHorizontalUncertainty>
    </originUncertainty>
  </origin>
  <magnitude publicID="quakeml:eu.emsc/event/20031110_0000023/origin/1350604/mag/2">
    <mag>
      <value>2.3</value>
    </mag>
    <type>ML</type>
    <originID>quakeml:eu.emsc/event/20031110_0000023/origin/1350604</originID>
    <creationInfo>
      <agencyURI>smi:smi-registry/organization/EMSC</agencyURI>
      <authorURI>smi:smi-registry/organization/EMSC</authorURI>
    </creationInfo>
  </magnitude>
</event>
<event publicID="quakeml:eu.emsc/event/20031110_0000018">
  <preferredOriginID>quakeml:eu.emsc/event/20031110_0000018/origin/1353596</preferredOriginID>
  <preferredMagnitudeID>quakeml:eu.emsc/event/20031110_0000018/origin/1353596/mag/2</preferredMagnitudeID>
  <creationInfo>
    <agencyURI>smi:smi-registry/organization/EMSC</agencyURI>
    <authorURI>smi:smi-registry/organization/EMSC</authorURI>
    <creationTime>2014-12-10T18:55:49.986273Z</creationTime>
  </creationInfo>
  <description>
    <text>FRANCE</text>
    <type>Flinn-Engdahl region</type>
  </description>
  <origin publicID="quakeml:eu.emsc/event/20031110_0000018/origin/1353596">
    <time>
      <value>2003-11-10T11:53:38.8Z</value>
    </time>
    <latitude>
      <value>48.33</value>
      <uncertainty>9999.9</uncertainty>
    </latitude>
    <longitude>
      <value>6.67</value>
      <uncertainty>9999.9</uncertainty>
    </longitude>
    <depth>
      <value>5000</value>
    </depth>
    <depthType>from location</depthType>
    <methodID>smi:eu.emsc-csem/origin_method/NA</methodID>
    <quality>
      <usedPhaseCount>11</usedPhaseCount>
      <usedStationCount>7</usedStationCount>
      <standardError>0.3</standardError>
      <azimuthalGap>151</azimuthalGap>
      <minimumDistance>0.35</minimumDistance>
      <maximumDistance>1</maximumDistance>
    </quality>
    <evaluationMode>manual</evaluationMode>
    <creationInfo>
      <agencyURI>smi:smi-registry/organization/EMSC</agencyURI>
      <authorURI>smi:smi-registry/organization/EMSC</authorURI>
    </creationInfo>
    <originUncertainty>
      <azimuthMaxHorizontalUncertainty>-99</azimuthMaxHorizontalUncertainty>
    </originUncertainty>
  </origin>
  <magnitude publicID="quakeml:eu.emsc/event/20031110_0000018/origin/1353596/mag/2">
    <mag>
      <value>2</value>
    </mag>
    <type>ML</type>
    <originID>quakeml:eu.emsc/event/20031110_0000018/origin/1353596</originID>
    <creationInfo>
      <agencyURI>smi:smi-registry/organization/EMSC</agencyURI>
      <authorURI>smi:smi-registry/organization/EMSC</authorURI>
    </creationInfo>
  </magnitude>
</event>
<event publicID="quakeml:eu.emsc/event/20031110_0000011">
  <preferredOriginID>quakeml:eu.emsc/event/20031110_0000011/origin/1353598</preferredOriginID>
  <preferredMagnitudeID>quakeml:eu.emsc/event/20031110_0000011/origin/1353598/mag/2</preferredMagnitudeID>
  <creationInfo>
    <agencyURI>smi:smi-registry/organization/EMSC</agencyURI>
    <authorURI>smi:smi-registry/organization/EMSC</authorURI>
    <creationTime>2014-12-10T18:55:49.479551Z</creationTime>
  </creationInfo>
  <description>
    <text>NEAR SOUTH COAST OF FRANCE</text>
    <type>Flinn-Engdahl region</type>
  </description>
  <origin publicID="quakeml:eu.emsc/event/20031110_0000011/origin/1353598">
    <time>
      <value>2003-11-10T10:20:09.4Z</value>
    </time>
    <latitude>
      <value>43.8908</value>
      <uncertainty>9999.9</uncertainty>
    </latitude>
    <longitude>
      <value>5.6678</value>
      <uncertainty>9999.9</uncertainty>
    </longitude>
    <depth>
      <value>15000</value>
    </depth>
    <depthType>from location</depthType>
    <methodID>smi:eu.emsc-csem/origin_method/NA</methodID>
    <quality>
      <usedPhaseCount>7</usedPhaseCount>
      <usedStationCount>4</usedStationCount>
      <standardError>0.45</standardError>
      <azimuthalGap>189</azimuthalGap>
      <minimumDistance>0.11</minimumDistance>
      <maximumDistance>1.28</maximumDistance>
    </quality>
    <evaluationMode>manual</evaluationMode>
    <creationInfo>
      <agencyURI>smi:smi-registry/organization/EMSC</agencyURI>
      <authorURI>smi:smi-registry/organization/EMSC</authorURI>
    </creationInfo>
    <originUncertainty>
      <azimuthMaxHorizontalUncertainty>-99</azimuthMaxHorizontalUncertainty>
    </originUncertainty>
  </origin>
  <magnitude publicID="quakeml:eu.emsc/event/20031110_0000011/origin/1353598/mag/2">
    <mag>
      <value>1.6</value>
    </mag>
    <type>ML</type>
    <originID>quakeml:eu.emsc/event/20031110_0000011/origin/1353598</originID>
    <stationCount>1</stationCount>
    <creationInfo>
      <agencyURI>smi:smi-registry/organization/EMSC</agencyURI>
      <authorURI>smi:smi-registry/organization/EMSC</authorURI>
    </creationInfo>
  </magnitude>
</event>
<event publicID="quakeml:eu.emsc/event/20031110_0000006">
  <preferredOriginID>quakeml:eu.emsc/event/20031110_0000006/origin/1353600</preferredOriginID>
  <preferredMagnitudeID>quakeml:eu.emsc/event/20031110_0000006/origin/1353600/mag/2</preferredMagnitudeID>
  <creationInfo>
    <agencyURI>smi:smi-registry/organization/EMSC</agencyURI>
    <authorURI>smi:smi-registry/organization/EMSC</authorURI>
    <creationTime>2014-12-10T18:33:49.84617Z</creationTime>
  </creationInfo>
  <description>
    <text>WESTERN TURKEY</text>
    <type>Flinn-Engdahl region</type>
  </description>
  <origin publicID="quakeml:eu.emsc/event/20031110_0000006/origin/1353600">
    <time>
      <value>2003-11-10T09:55:36.5Z</value>
    </time>
    <latitude>
      <value>40.8</value>
      <uncertainty>9999.9</uncertainty>
    </latitude>
    <longitude>
      <value>27.635</value>
      <uncertainty>9999.9</uncertainty>
    </longitude>
    <depth>
      <value>13000</value>
    </depth>
    <depthType>from location</depthType>
    <methodID>smi:eu.emsc-csem/origin_method/NA</methodID>
    <quality>
      <usedPhaseCount>14</usedPhaseCount>
      <usedStationCount>12</usedStationCount>
      <standardError>0.72</standardError>
      <azimuthalGap>92</azimuthalGap>
      <minimumDistance>0.2</minimumDistance>
      <maximumDistance>1.54</maximumDistance>
    </quality>
    <evaluationMode>manual</evaluationMode>
    <creationInfo>
      <agencyURI>smi:smi-registry/organization/EMSC</agencyURI>
      <authorURI>smi:smi-registry/organization/EMSC</authorURI>
    </creationInfo>
    <originUncertainty>
      <azimuthMaxHorizontalUncertainty>-99</azimuthMaxHorizontalUncertainty>
    </originUncertainty>
  </origin>
  <magnitude publicID="quakeml:eu.emsc/event/20031110_0000006/origin/1353600/mag/2">
    <mag>
      <value>3</value>
    </mag>
    <type>MD</type>
    <originID>quakeml:eu.emsc/event/20031110_0000006/origin/1353600</originID>
    <creationInfo>
      <agencyURI>smi:smi-registry/organization/EMSC</agencyURI>
      <authorURI>smi:smi-registry/organization/EMSC</authorURI>
    </creationInfo>
  </magnitude>
</event>
<event publicID="quakeml:eu.emsc/event/20031110_0000005">
  <preferredOriginID>quakeml:eu.emsc/event/20031110_0000005/origin/1353602</preferredOriginID>
  <preferredMagnitudeID>quakeml:eu.emsc/event/20031110_0000005/origin/1353602/mag/2</preferredMagnitudeID>
  <creationInfo>
    <agencyURI>smi:smi-registry/organization/EMSC</agencyURI>
    <authorURI>smi:smi-registry/organization/EMSC</authorURI>
    <creationTime>2014-12-10T18:33:46.859872Z</creationTime>
  </creationInfo>
  <description>
    <text>CRETE, GREECE</text>
    <type>Flinn-Engdahl region</type>
  </description>
  <origin publicID="quakeml:eu.emsc/event/20031110_0000005/origin/1353602">
    <time>
      <value>2003-11-10T09:09:46.0Z</value>
    </time>
    <latitude>
      <value>34.29</value>
      <uncertainty>9999.9</uncertainty>
    </latitude>
    <longitude>
      <value>24.32</value>
      <uncertainty>9999.9</uncertainty>
    </longitude>
    <depth>
      <value>15000</value>
    </depth>
    <depthType>from location</depthType>
    <methodID>smi:eu.emsc-csem/origin_method/NA</methodID>
    <quality>
      <usedPhaseCount>6</usedPhaseCount>
      <usedStationCount>5</usedStationCount>
      <standardError>1.79</standardError>
      <azimuthalGap>285</azimuthalGap>
      <minimumDistance>1.12</minimumDistance>
      <maximumDistance>2.94</maximumDistance>
    </quality>
    <evaluationMode>manual</evaluationMode>
    <creationInfo>
      <agencyURI>smi:smi-registry/organization/EMSC</agencyURI>
      <authorURI>smi:smi-registry/organization/EMSC</authorURI>
    </creationInfo>
    <originUncertainty>
      <azimuthMaxHorizontalUncertainty>-99</azimuthMaxHorizontalUncertainty>
    </originUncertainty>
  </origin>
  <magnitude publicID="quakeml:eu.emsc/event/20031110_0000005/origin/1353602/mag/2">
    <mag>
      <value>3.7</value>
    </mag>
    <type>MD</type>
    <originID>quakeml:eu.emsc/event/20031110_0000005/origin/1353602</originID>
    <creationInfo>
      <agencyURI>smi:smi-registry/organization/EMSC</agencyURI>
      <authorURI>smi:smi-registry/organization/EMSC</authorURI>
    </creationInfo>
  </magnitude>
</event>
<event publicID="quakeml:eu.emsc/event/20031110_0000022">
  <preferredOriginID>quakeml:eu.emsc/event/20031110_0000022/origin/1353604</preferredOriginID>
  <preferredMagnitudeID>quakeml:eu.emsc/event/20031110_0000022/origin/1353604/mag/2</preferredMagnitudeID>
  <creationInfo>
    <agencyURI>smi:smi-registry/organization/EMSC</agencyURI>
    <authorURI>smi:smi-registry/organization/EMSC</authorURI>
    <creationTime>2014-12-10T18:59:14.146437Z</creationTime>
  </creationInfo>
  <description>
    <text>FRANCE</text>
    <type>Flinn-Engdahl region</type>
  </description>
  <origin publicID="quakeml:eu.emsc/event/20031110_0000022/origin/1353604">
    <time>
      <value>2003-11-10T05:56:07.1Z</value>
    </time>
    <latitude>
      <value>48.38</value>
      <uncertainty>9999.9</uncertainty>
    </latitude>
    <longitude>
      <value>6.68</value>
      <uncertainty>9999.9</uncertainty>
    </longitude>
    <depth>
      <value>5000</value>
    </depth>
    <depthType>from location</depthType>
    <methodID>smi:eu.emsc-csem/origin_method/NA</methodID>
    <quality>
      <usedPhaseCount>8</usedPhaseCount>
      <usedStationCount>4</usedStationCount>
      <standardError>0.6</standardError>
      <azimuthalGap>193</azimuthalGap>
      <minimumDistance>0.36</minimumDistance>
      <maximumDistance>0.61</maximumDistance>
    </quality>
    <evaluationMode>manual</evaluationMode>
    <creationInfo>
      <agencyURI>smi:smi-registry/organization/EMSC</agencyURI>
      <authorURI>smi:smi-registry/organization/EMSC</authorURI>
    </creationInfo>
    <originUncertainty>
      <azimuthMaxHorizontalUncertainty>-99</azimuthMaxHorizontalUncertainty>
    </originUncertainty>
  </origin>
  <magnitude publicID="quakeml:eu.emsc/event/20031110_0000022/origin/1353604/mag/2">
    <mag>
      <value>1.5</value>
    </mag>
    <type>ML</type>
    <originID>quakeml:eu.emsc/event/20031110_0000022/origin/1353604</originID>
    <creationInfo>
      <agencyURI>smi:smi-registry/organization/EMSC</agencyURI>
      <authorURI>smi:smi-registry/organization/EMSC</authorURI>
    </creationInfo>
  </magnitude>
</event>
<event publicID="quakeml:eu.emsc/event/20031110_0000024">
  <preferredOriginID>quakeml:eu.emsc/event/20031110_0000024/origin/1353606</preferredOriginID>
  <preferredMagnitudeID>quakeml:eu.emsc/event/20031110_0000024/origin/1353606/mag/2</preferredMagnitudeID>
  <creationInfo>
    <agencyURI>smi:smi-registry/organization/EMSC</agencyURI>
    <authorURI>smi:smi-registry/organization/EMSC</authorURI>
    <creationTime>2014-12-10T18:55:48.532736Z</creationTime>
  </creationInfo>
  <description>
    <text>FRANCE</text>
    <type>Flinn-Engdahl region</type>
  </description>
  <origin publicID="quakeml:eu.emsc/event/20031110_0000024/origin/1353606">
    <time>
      <value>2003-11-10T05:54:55.0Z</value>
    </time>
    <latitude>
      <value>48.4</value>
      <uncertainty>9999.9</uncertainty>
    </latitude>
    <longitude>
      <value>6.66</value>
      <uncertainty>9999.9</uncertainty>
    </longitude>
    <depth>
      <value>5000</value>
    </depth>
    <depthType>from location</depthType>
    <methodID>smi:eu.emsc-csem/origin_method/NA</methodID>
    <quality>
      <usedPhaseCount>8</usedPhaseCount>
      <usedStationCount>4</usedStationCount>
      <standardError>0.45</standardError>
      <azimuthalGap>199</azimuthalGap>
      <minimumDistance>0.38</minimumDistance>
      <maximumDistance>0.63</maximumDistance>
    </quality>
    <evaluationMode>manual</evaluationMode>
    <creationInfo>
      <agencyURI>smi:smi-registry/organization/EMSC</agencyURI>
      <authorURI>smi:smi-registry/organization/EMSC</authorURI>
    </creationInfo>
    <originUncertainty>
      <azimuthMaxHorizontalUncertainty>-99</azimuthMaxHorizontalUncertainty>
    </originUncertainty>
  </origin>
  <magnitude publicID="quakeml:eu.emsc/event/20031110_0000024/origin/1353606/mag/2">
    <mag>
      <value>1.6</value>
    </mag>
    <type>ML</type>
    <originID>quakeml:eu.emsc/event/20031110_0000024/origin/1353606</originID>
    <creationInfo>
      <agencyURI>smi:smi-registry/organization/EMSC</agencyURI>
      <authorURI>smi:smi-registry/organization/EMSC</authorURI>
    </creationInfo>
  </magnitude>
</event>
<event publicID="quakeml:eu.emsc/event/20031110_0000015">
  <preferredOriginID>quakeml:eu.emsc/event/20031110_0000015/origin/1353608</preferredOriginID>
  <preferredMagnitudeID>quakeml:eu.emsc/event/20031110_0000015/origin/1353608/mag/2</preferredMagnitudeID>
  <creationInfo>
    <agencyURI>smi:smi-registry/organization/EMSC</agencyURI>
    <authorURI>smi:smi-registry/organization/EMSC</authorURI>
    <creationTime>2014-12-10T18:55:48.57715Z</creationTime>
  </creationInfo>
  <description>
    <text>SWITZERLAND</text>
    <type>Flinn-Engdahl region</type>
  </description>
  <origin publicID="quakeml:eu.emsc/event/20031110_0000015/origin/1353608">
    <time>
      <value>2003-11-10T04:18:40.9Z</value>
    </time>
    <latitude>
      <value>47.21</value>
      <uncertainty>9999.9</uncertainty>
    </latitude>
    <longitude>
      <value>9.233</value>
      <uncertainty>9999.9</uncertainty>
    </longitude>
    <depth>
      <value>14900.0</value>
    </depth>
    <depthType>from location</depthType>
    <methodID>smi:eu.emsc-csem/origin_method/NA</methodID>
    <quality>
      <usedPhaseCount>8</usedPhaseCount>
      <usedStationCount>5</usedStationCount>
      <standardError>0.21</standardError>
      <azimuthalGap>112</azimuthalGap>
      <minimumDistance>0.19</minimumDistance>
      <maximumDistance>0.47</maximumDistance>
    </quality>
    <evaluationMode>manual</evaluationMode>
    <creationInfo>
      <agencyURI>smi:smi-registry/organization/EMSC</agencyURI>
      <authorURI>smi:smi-registry/organization/EMSC</authorURI>
    </creationInfo>
    <originUncertainty>
      <azimuthMaxHorizontalUncertainty>-99</azimuthMaxHorizontalUncertainty>
    </originUncertainty>
  </origin>
  <magnitude publicID="quakeml:eu.emsc/event/20031110_0000015/origin/1353608/mag/2">
    <mag>
      <value>0.7</value>
    </mag>
    <type>ML</type>
    <originID>quakeml:eu.emsc/event/20031110_0000015/origin/1353608</originID>
    <stationCount>5</stationCount>
    <creationInfo>
      <agencyURI>smi:smi-registry/organization/EMSC</agencyURI>
      <authorURI>smi:smi-registry/organization/EMSC</authorURI>
    </creationInfo>
  </magnitude>
</event>
<event publicID="quakeml:eu.emsc/event/20031110_0000004">
  <preferredOriginID>quakeml:eu.emsc/event/20031110_0000004/origin/1351076</preferredOriginID>
  <preferredMagnitudeID>quakeml:eu.emsc/event/20031110_0000004/origin/1351076/mag/2</preferredMagnitudeID>
  <creationInfo>
    <agencyURI>smi:smi-registry/organization/EMSC</agencyURI>
    <authorURI>smi:smi-registry/organization/EMSC</authorURI>
    <creationTime>2014-12-03T11:29:59.574682Z</creationTime>
  </creationInfo>
  <description>
    <text>SPAIN</text>
    <type>Flinn-Engdahl region</type>
  </description>
  <origin publicID="quakeml:eu.emsc/event/20031110_0000004/origin/1351076">
    <time>
      <value>2003-11-10T04:06:53.9Z</value>
      <uncertainty>0.21</uncertainty>
    </time>
    <latitude>
      <value>37.1279</value>
      <uncertainty>5.7</uncertainty>
    </latitude>
    <longitude>
      <value>-5.3196</value>
      <uncertainty>3.8</uncertainty>
    </longitude>
    <depth>
      <value>12000</value>
    </depth>
    <depthType>from location</depthType>
    <methodID>smi:eu.emsc-csem/origin_method/NA</methodID>
    <quality>
      <usedPhaseCount>33</usedPhaseCount>
      <usedStationCount>20</usedStationCount>
      <standardError>1.02</standardError>
      <azimuthalGap>94</azimuthalGap>
      <minimumDistance>0.23</minimumDistance>
      <maximumDistance>4.98</maximumDistance>
    </quality>
    <evaluationMode>manual</evaluationMode>
    <creationInfo>
      <agencyURI>smi:smi-registry/organization/EMSC</agencyURI>
      <authorURI>smi:smi-registry/organization/EMSC</authorURI>
    </creationInfo>
    <originUncertainty>
      <azimuthMaxHorizontalUncertainty>153</azimuthMaxHorizontalUncertainty>
    </originUncertainty>
  </origin>
  <magnitude publicID="quakeml:eu.emsc/event/20031110_0000004/origin/1351076/mag/2">
    <mag>
      <value>2.5</value>
      <uncertainty>0.1</uncertainty>
    </mag>
    <type>mb</type>
    <originID>quakeml:eu.emsc/event/20031110_0000004/origin/1351076</originID>
    <stationCount>16</stationCount>
    <creationInfo>
      <agencyURI>smi:smi-registry/organization/EMSC</agencyURI>
      <authorURI>smi:smi-registry/organization/EMSC</authorURI>
    </creationInfo>
  </magnitude>
</event>
<event publicID="quakeml:eu.emsc/event/20031110_0000003">
  <preferredOriginID>quakeml:eu.emsc/event/20031110_0000003/origin/1351078</preferredOriginID>
  <preferredMagnitudeID>quakeml:eu.emsc/event/20031110_0000003/origin/1351078/mag/2</preferredMagnitudeID>
  <creationInfo>
    <agencyURI>smi:smi-registry/organization/EMSC</agencyURI>
    <authorURI>smi:smi-registry/organization/EMSC</authorURI>
    <creationTime>2014-12-03T12:07:22.856669Z</creationTime>
  </creationInfo>
  <description>
    <text>SPAIN</text>
    <type>Flinn-Engdahl region</type>
  </description>
  <origin publicID="quakeml:eu.emsc/event/20031110_0000003/origin/1351078">
    <time>
      <value>2003-11-10T03:55:21.4Z</value>
      <uncertainty>0.24</uncertainty>
    </time>
    <latitude>
      <value>37.1203</value>
      <uncertainty>7.1</uncertainty>
    </latitude>
    <longitude>
      <value>-5.337</value>
      <uncertainty>4.5</uncertainty>
    </longitude>
    <depth>
      <value>10000</value>
    </depth>
    <depthType>from location</depthType>
    <methodID>smi:eu.emsc-csem/origin_method/NA</methodID>
    <quality>
      <usedPhaseCount>23</usedPhaseCount>
      <usedStationCount>17</usedStationCount>
      <standardError>0.95</standardError>
      <azimuthalGap>93</azimuthalGap>
      <minimumDistance>0.22</minimumDistance>
      <maximumDistance>3.36</maximumDistance>
    </quality>
    <evaluationMode>manual</evaluationMode>
    <creationInfo>
      <agencyURI>smi:smi-registry/organization/EMSC</agencyURI>
      <authorURI>smi:smi-registry/organization/EMSC</authorURI>
    </creationInfo>
    <originUncertainty>
      <azimuthMaxHorizontalUncertainty>151</azimuthMaxHorizontalUncertainty>
    </originUncertainty>
  </origin>
  <magnitude publicID="quakeml:eu.emsc/event/20031110_0000003/origin/1351078/mag/2">
    <mag>
      <value>2.3</value>
      <uncertainty>0.1</uncertainty>
    </mag>
    <type>mb</type>
    <originID>quakeml:eu.emsc/event/20031110_0000003/origin/1351078</originID>
    <stationCount>16</stationCount>
    <creationInfo>
      <agencyURI>smi:smi-registry/organization/EMSC</agencyURI>
      <authorURI>smi:smi-registry/organization/EMSC</authorURI>
    </creationInfo>
  </magnitude>
</event>
<event publicID="quakeml:eu.emsc/event/20031110_0000002">
  <preferredOriginID>quakeml:eu.emsc/event/20031110_0000002/origin/1351080</preferredOriginID>
  <preferredMagnitudeID>quakeml:eu.emsc/event/20031110_0000002/origin/1351080/mag/2</preferredMagnitudeID>
  <creationInfo>
    <agencyURI>smi:smi-registry/organization/EMSC</agencyURI>
    <authorURI>smi:smi-registry/organization/EMSC</authorURI>
    <creationTime>2014-12-03T10:36:43.19169Z</creationTime>
  </creationInfo>
  <description>
    <text>SPAIN</text>
    <type>Flinn-Engdahl region</type>
  </description>
  <origin publicID="quakeml:eu.emsc/event/20031110_0000002/origin/1351080">
    <time>
      <value>2003-11-10T03:49:03.8Z</value>
      <uncertainty>0.18</uncertainty>
    </time>
    <latitude>
      <value>37.1064</value>
      <uncertainty>5.4</uncertainty>
    </latitude>
    <longitude>
      <value>-5.3096</value>
      <uncertainty>3.3</uncertainty>
    </longitude>
    <depth>
      <value>8000</value>
    </depth>
    <depthType>from location</depthType>
    <methodID>smi:eu.emsc-csem/origin_method/NA</methodID>
    <quality>
      <usedPhaseCount>28</usedPhaseCount>
      <usedStationCount>19</usedStationCount>
      <standardError>0.8</standardError>
      <azimuthalGap>95</azimuthalGap>
      <minimumDistance>0.21</minimumDistance>
      <maximumDistance>3.35</maximumDistance>
    </quality>
    <evaluationMode>manual</evaluationMode>
    <creationInfo>
      <agencyURI>smi:smi-registry/organization/EMSC</agencyURI>
      <authorURI>smi:smi-registry/organization/EMSC</authorURI>
    </creationInfo>
    <originUncertainty>
      <azimuthMaxHorizontalUncertainty>156</azimuthMaxHorizontalUncertainty>
    </originUncertainty>
  </origin>
  <magnitude publicID="quakeml:eu.emsc/event/20031110_0000002/origin/1351080/mag/2">
    <mag>
      <value>2.4</value>
      <uncertainty>0.1</uncertainty>
    </mag>
    <type>mb</type>
    <originID>quakeml:eu.emsc/event/20031110_0000002/origin/1351080</originID>
    <stationCount>13</stationCount>
    <creationInfo>
      <agencyURI>smi:smi-registry/organization/EMSC</agencyURI>
      <authorURI>smi:smi-registry/organization/EMSC</authorURI>
    </creationInfo>
  </magnitude>
</event>
<event publicID="quakeml:eu.emsc/event/20031110_0000019">
  <preferredOriginID>quakeml:eu.emsc/event/20031110_0000019/origin/1350607</preferredOriginID>
  <preferredMagnitudeID>quakeml:eu.emsc/event/20031110_0000019/origin/1350607/mag/1</preferredMagnitudeID>
  <creationInfo>
    <agencyURI>smi:smi-registry/organization/EMSC</agencyURI>
    <authorURI>smi:smi-registry/organization/EMSC</authorURI>
    <creationTime>2014-12-03T16:48:06.60592Z</creationTime>
  </creationInfo>
  <description>
    <text>FRANCE</text>
    <type>Flinn-Engdahl region</type>
  </description>
  <origin publicID="quakeml:eu.emsc/event/20031110_0000019/origin/1350607">
    <time>
      <value>2003-11-10T01:48:29.9Z</value>
      <uncertainty>0.13</uncertainty>
    </time>
    <latitude>
      <value>46.079</value>
      <uncertainty>2.5</uncertainty>
    </latitude>
    <longitude>
      <value>2.88</value>
      <uncertainty>2</uncertainty>
    </longitude>
    <depth>
      <value>19200.0</value>
      <uncertainty>0.1</uncertainty>
    </depth>
    <depthType>from location</depthType>
    <methodID>smi:eu.emsc-csem/origin_method/NA</methodID>
    <quality>
      <usedPhaseCount>39</usedPhaseCount>
      <usedStationCount>17</usedStationCount>
      <standardError>0.64</standardError>
      <azimuthalGap>57</azimuthalGap>
      <minimumDistance>0.18</minimumDistance>
      <maximumDistance>2.16</maximumDistance>
    </quality>
    <evaluationMode>manual</evaluationMode>
    <creationInfo>
      <agencyURI>smi:smi-registry/organization/EMSC</agencyURI>
      <authorURI>smi:smi-registry/organization/EMSC</authorURI>
    </creationInfo>
    <originUncertainty>
      <azimuthMaxHorizontalUncertainty>87</azimuthMaxHorizontalUncertainty>
    </originUncertainty>
  </origin>
  <magnitude publicID="quakeml:eu.emsc/event/20031110_0000019/origin/1350607/mag/1">
    <mag>
      <value>2.1</value>
      <uncertainty>0.3</uncertainty>
    </mag>
    <type>ML</type>
    <originID>quakeml:eu.emsc/event/20031110_0000019/origin/1350607</originID>
    <stationCount>11</stationCount>
    <creationInfo>
      <agencyURI>smi:smi-registry/organization/EMSC</agencyURI>
      <authorURI>smi:smi-registry/organization/EMSC</authorURI>
    </creationInfo>
  </magnitude>
</event>
<event publicID="quakeml:eu.emsc/event/20031110_0000001">
  <preferredOriginID>quakeml:eu.emsc/event/20031110_0000001/origin/1351082</preferredOriginID>
  <preferredMagnitudeID>quakeml:eu.emsc/event/20031110_0000001/origin/1351082/mag/1</preferredMagnitudeID>
  <creationInfo>
    <agencyURI>smi:smi-registry/organization/EMSC</agencyURI>
    <authorURI>smi:smi-registry/organization/EMSC</authorURI>
    <creationTime>2014-12-03T10:54:38.281036Z</creationTime>
  </creationInfo>
  <description>
    <text>THE NETHERLANDS</text>
    <type>Flinn-Engdahl region</type>
  </description>
  <origin publicID="quakeml:eu.emsc/event/20031110_0000001/origin/1351082">
    <time>
      <value>2003-11-10T00:22:38.3Z</value>
      <uncertainty>0.23</uncertainty>
    </time>
    <latitude>
      <value>53.3244</value>
      <uncertainty>6.3</uncertainty>
    </latitude>
    <longitude>
      <value>6.2932</value>
      <uncertainty>4.1</uncertainty>
    </longitude>
    <depth>
      <value>15000</value>
    </depth>
    <depthType>from location</depthType>
    <methodID>smi:eu.emsc-csem/origin_method/NA</methodID>
    <quality>
      <usedPhaseCount>45</usedPhaseCount>
      <usedStationCount>27</usedStationCount>
      <standardError>1.02</standardError>
      <azimuthalGap>152</azimuthalGap>
      <minimumDistance>3.35</minimumDistance>
      <maximumDistance>9.14</maximumDistance>
    </quality>
    <evaluationMode>manual</evaluationMode>
    <creationInfo>
      <agencyURI>smi:smi-registry/organization/EMSC</agencyURI>
      <authorURI>smi:smi-registry/organization/EMSC</authorURI>
    </creationInfo>
    <originUncertainty>
      <azimuthMaxHorizontalUncertainty>107</azimuthMaxHorizontalUncertainty>
    </originUncertainty>
  </origin>
  <magnitude publicID="quakeml:eu.emsc/event/20031110_0000001/origin/1351082/mag/1">
    <mag>
      <value>3</value>
      <uncertainty>0.3</uncertainty>
    </mag>
    <type>ML</type>
    <originID>quakeml:eu.emsc/event/20031110_0000001/origin/1351082</originID>
    <stationCount>15</stationCount>
    <creationInfo>
      <agencyURI>smi:smi-registry/organization/EMSC</agencyURI>
      <authorURI>smi:smi-registry/organization/EMSC</authorURI>
    </creationInfo>
  </magnitude>
</event>
</eventParameters>
</q:quakeml>
