<?xml version="1.0"?>
<q:quakeml xmlns:q="http://quakeml.org/xmlns/quakeml/1.2"  xmlns="http://quakeml.org/xmlns/bed/1.2">
<eventParameters publicID="smi:eu.emsc/unid">
<event publicID="quakeml:eu.emsc/event/19990328_0000017">
  <preferredOriginID>quakeml:eu.emsc/event/19990328_0000017/origin/1478980</preferredOriginID>
  <preferredMagnitudeID>quakeml:eu.emsc/event/19990328_0000017/origin/1478980/mag/2</preferredMagnitudeID>
  <creationInfo>
    <agencyURI>smi:smi-registry/organization/EMSC</agencyURI>
    <authorURI>smi:smi-registry/organization/EMSC</authorURI>
    <creationTime>2014-12-03T11:12:29.763806Z</creationTime>
  </creationInfo>
  <description>
    <text>STRAIT OF GIBRALTAR</text>
    <type>Flinn-Engdahl region</type>
  </description>
  <origin publicID="quakeml:eu.emsc/event/19990328_0000017/origin/1478980">
    <time>
      <value>1999-03-28T23:38:33.4Z</value>
      <uncertainty>0.57</uncertainty>
    </time>
    <latitude>
      <value>36.6741</value>
      <uncertainty>11.2</uncertainty>
    </latitude>
    <longitude>
      <value>-2.909</value>
      <uncertainty>5.6</uncertainty>
    </longitude>
    <depth>
      <value>10000</value>
    </depth>
    <depthType>from location</depthType>
    <methodID>smi:eu.emsc-csem/origin_method/NA</methodID>
    <quality>
      <usedPhaseCount>36</usedPhaseCount>
      <usedStationCount>20</usedStationCount>
      <standardError>1.17</standardError>
      <azimuthalGap>202</azimuthalGap>
      <minimumDistance>0.55</minimumDistance>
      <maximumDistance>4.2</maximumDistance>
    </quality>
    <evaluationMode>manual</evaluationMode>
    <creationInfo>
      <agencyURI>smi:smi-registry/organization/EMSC</agencyURI>
      <authorURI>smi:smi-registry/organization/EMSC</authorURI>
    </creationInfo>
    <originUncertainty>
      <azimuthMaxHorizontalUncertainty>159</azimuthMaxHorizontalUncertainty>
    </originUncertainty>
  </origin>
  <magnitude publicID="quakeml:eu.emsc/event/19990328_0000017/origin/1478980/mag/2">
    <mag>
      <value>2.9</value>
    </mag>
    <type>mb</type>
    <originID>quakeml:eu.emsc/event/19990328_0000017/origin/1478980</originID>
    <stationCount>16</stationCount>
    <creationInfo>
      <agencyURI>smi:smi-registry/organization/EMSC</agencyURI>
      <authorURI>smi:smi-registry/organization/EMSC</authorURI>
    </creationInfo>
  </magnitude>
</event>
<event publicID="quakeml:eu.emsc/event/19990328_0000016">
  <preferredOriginID>quakeml:eu.emsc/event/19990328_0000016/origin/1478983</preferredOriginID>
  <preferredMagnitudeID>quakeml:eu.emsc/event/19990328_0000016/origin/1478983/mag/2</preferredMagnitudeID>
  <creationInfo>
    <agencyURI>smi:smi-registry/organization/EMSC</agencyURI>
    <authorURI>smi:smi-registry/organization/EMSC</authorURI>
    <creationTime>2014-12-03T11:12:30.172967Z</creationTime>
  </creationInfo>
  <description>
    <text>GREECE</text>
    <type>Flinn-Engdahl region</type>
  </description>
  <origin publicID="quakeml:eu.emsc/event/19990328_0000016/origin/1478983">
    <time>
      <value>1999-03-28T23:27:50.5Z</value>
      <uncertainty>0.64</uncertainty>
    </time>
    <latitude>
      <value>38.6945</value>
      <uncertainty>16.2</uncertainty>
    </latitude>
    <longitude>
      <value>21.624</value>
      <uncertainty>14.1</uncertainty>
    </longitude>
    <depth>
      <value>2000</value>
    </depth>
    <depthType>from location</depthType>
    <methodID>smi:eu.emsc-csem/origin_method/NA</methodID>
    <quality>
      <usedPhaseCount>8</usedPhaseCount>
      <usedStationCount>7</usedStationCount>
      <standardError>1.17</standardError>
      <azimuthalGap>124</azimuthalGap>
      <minimumDistance>0.26</minimumDistance>
      <maximumDistance>3.28</maximumDistance>
    </quality>
    <evaluationMode>manual</evaluationMode>
    <creationInfo>
      <agencyURI>smi:smi-registry/organization/EMSC</agencyURI>
      <authorURI>smi:smi-registry/organization/EMSC</authorURI>
    </creationInfo>
    <originUncertainty>
      <azimuthMaxHorizontalUncertainty>124</azimuthMaxHorizontalUncertainty>
    </originUncertainty>
  </origin>
  <magnitude publicID="quakeml:eu.emsc/event/19990328_0000016/origin/1478983/mag/2">
    <mag>
      <value>3.1</value>
    </mag>
    <type>MD</type>
    <originID>quakeml:eu.emsc/event/19990328_0000016/origin/1478983</originID>
    <creationInfo>
      <agencyURI>smi:smi-registry/organization/EMSC</agencyURI>
      <authorURI>smi:smi-registry/organization/EMSC</authorURI>
    </creationInfo>
  </magnitude>
</event>
<event publicID="quakeml:eu.emsc/event/19990328_0000015">
  <preferredOriginID>quakeml:eu.emsc/event/19990328_0000015/origin/1478986</preferredOriginID>
  <preferredMagnitudeID>quakeml:eu.emsc/event/19990328_0000015/origin/1478986/mag/2</preferredMagnitudeID>
  <creationInfo>
    <agencyURI>smi:smi-registry/organization/EMSC</agencyURI>
    <authorURI>smi:smi-registry/organization/EMSC</authorURI>
    <creationTime>2014-12-03T12:06:09.683993Z</creationTime>
  </creationInfo>
  <description>
    <text>CENTRAL TURKEY</text>
    <type>Flinn-Engdahl region</type>
  </description>
  <origin publicID="quakeml:eu.emsc/event/19990328_0000015/origin/1478986">
    <time>
      <value>1999-03-28T22:42:59.4Z</value>
      <uncertainty>0.26</uncertainty>
    </time>
    <latitude>
      <value>40.6551</value>
      <uncertainty>9.4</uncertainty>
    </latitude>
    <longitude>
      <value>33.1192</value>
      <uncertainty>5.1</uncertainty>
    </longitude>
    <depth>
      <value>2000</value>
    </depth>
    <depthType>from location</depthType>
    <methodID>smi:eu.emsc-csem/origin_method/NA</methodID>
    <quality>
      <usedPhaseCount>15</usedPhaseCount>
      <usedStationCount>12</usedStationCount>
      <standardError>0.82</standardError>
      <azimuthalGap>138</azimuthalGap>
      <minimumDistance>0.29</minimumDistance>
      <maximumDistance>2.8</maximumDistance>
    </quality>
    <evaluationMode>manual</evaluationMode>
    <creationInfo>
      <agencyURI>smi:smi-registry/organization/EMSC</agencyURI>
      <authorURI>smi:smi-registry/organization/EMSC</authorURI>
    </creationInfo>
    <originUncertainty>
      <azimuthMaxHorizontalUncertainty>170</azimuthMaxHorizontalUncertainty>
    </originUncertainty>
  </origin>
  <magnitude publicID="quakeml:eu.emsc/event/19990328_0000015/origin/1478986/mag/2">
    <mag>
      <value>3.3</value>
    </mag>
    <type>MD</type>
    <originID>quakeml:eu.emsc/event/19990328_0000015/origin/1478986</originID>
    <creationInfo>
      <agencyURI>smi:smi-registry/organization/EMSC</agencyURI>
      <authorURI>smi:smi-registry/organization/EMSC</authorURI>
    </creationInfo>
  </magnitude>
</event>
<event publicID="quakeml:eu.emsc/event/19990328_0000014">
  <preferredOriginID>quakeml:eu.emsc/event/19990328_0000014/origin/1478990</preferredOriginID>
  <preferredMagnitudeID>quakeml:eu.emsc/event/19990328_0000014/origin/1478990/mag/2</preferredMagnitudeID>
  <creationInfo>
    <agencyURI>smi:smi-registry/organization/EMSC</agencyURI>
    <authorURI>smi:smi-registry/organization/EMSC</authorURI>
    <creationTime>2014-12-03T10:55:18.464018Z</creationTime>
  </creationInfo>
  <description>
    <text>GREECE</text>
    <type>Flinn-Engdahl region</type>
  </description>
  <origin publicID="quakeml:eu.emsc/event/19990328_0000014/origin/1478990">
    <time>
      <value>1999-03-28T22:39:41.3Z</value>
      <uncertainty>0.21</uncertainty>
    </time>
    <latitude>
      <value>39.32</value>
      <uncertainty>5.4</uncertainty>
    </latitude>
    <longitude>
      <value>20.6133</value>
      <uncertainty>4.2</uncertainty>
    </longitude>
    <depth>
      <value>2000</value>
    </depth>
    <depthType>from location</depthType>
    <methodID>smi:eu.emsc-csem/origin_method/NA</methodID>
    <quality>
      <usedPhaseCount>39</usedPhaseCount>
      <usedStationCount>30</usedStationCount>
      <standardError>1.05</standardError>
      <azimuthalGap>71</azimuthalGap>
      <minimumDistance>0.3</minimumDistance>
      <maximumDistance>7.07</maximumDistance>
    </quality>
    <evaluationMode>manual</evaluationMode>
    <creationInfo>
      <agencyURI>smi:smi-registry/organization/EMSC</agencyURI>
      <authorURI>smi:smi-registry/organization/EMSC</authorURI>
    </creationInfo>
    <originUncertainty>
      <azimuthMaxHorizontalUncertainty>5</azimuthMaxHorizontalUncertainty>
    </originUncertainty>
  </origin>
  <magnitude publicID="quakeml:eu.emsc/event/19990328_0000014/origin/1478990/mag/2">
    <mag>
      <value>3.2</value>
    </mag>
    <type>ML</type>
    <originID>quakeml:eu.emsc/event/19990328_0000014/origin/1478990</originID>
    <creationInfo>
      <agencyURI>smi:smi-registry/organization/EMSC</agencyURI>
      <authorURI>smi:smi-registry/organization/EMSC</authorURI>
    </creationInfo>
  </magnitude>
</event>
<event publicID="quakeml:eu.emsc/event/19990328_0000012">
  <preferredOriginID>quakeml:eu.emsc/event/19990328_0000012/origin/14745</preferredOriginID>
  <preferredMagnitudeID>quakeml:eu.emsc/event/19990328_0000012/origin/14745/mag/2</preferredMagnitudeID>
  <creationInfo>
    <agencyURI>smi:smi-registry/organization/EMSC</agencyURI>
    <authorURI>smi:smi-registry/organization/EMSC</authorURI>
    <creationTime>2014-12-03T11:31:33.417375Z</creationTime>
  </creationInfo>
  <description>
    <text>EQUATORIAL GUINEA                       </text>
    <type>Flinn-Engdahl region</type>
  </description>
  <origin publicID="quakeml:eu.emsc/event/19990328_0000012/origin/14745">
    <time>
      <value>1999-03-28T20:38:52.4Z</value>
      <uncertainty>0.08</uncertainty>
    </time>
    <latitude>
      <value>3.8282</value>
      <uncertainty>3.5</uncertainty>
    </latitude>
    <longitude>
      <value>8.7391</value>
      <uncertainty>2.2</uncertainty>
    </longitude>
    <depth>
      <value>10000</value>
    </depth>
    <depthType>from location</depthType>
    <methodID>smi:eu.emsc-csem/origin_method/NA</methodID>
    <quality>
      <usedPhaseCount>10</usedPhaseCount>
      <usedStationCount>10</usedStationCount>
      <standardError>0.53</standardError>
      <azimuthalGap>149</azimuthalGap>
      <minimumDistance>13.66</minimumDistance>
      <maximumDistance>46.26</maximumDistance>
    </quality>
    <evaluationMode>manual</evaluationMode>
    <creationInfo>
      <agencyURI>smi:smi-registry/organization/EMSC</agencyURI>
      <authorURI>smi:smi-registry/organization/EMSC</authorURI>
    </creationInfo>
    <originUncertainty>
      <azimuthMaxHorizontalUncertainty>9</azimuthMaxHorizontalUncertainty>
    </originUncertainty>
  </origin>
  <magnitude publicID="quakeml:eu.emsc/event/19990328_0000012/origin/14745/mag/2">
    <mag>
      <value>4.9</value>
    </mag>
    <type>mb</type>
    <originID>quakeml:eu.emsc/event/19990328_0000012/origin/14745</originID>
    <creationInfo>
      <agencyURI>smi:smi-registry/organization/EMSC</agencyURI>
      <authorURI>smi:smi-registry/organization/EMSC</authorURI>
    </creationInfo>
  </magnitude>
</event>
<event publicID="quakeml:eu.emsc/event/19990328_0000021">
  <preferredOriginID>quakeml:eu.emsc/event/19990328_0000021/origin/1478704</preferredOriginID>
  <preferredMagnitudeID>quakeml:eu.emsc/event/19990328_0000021/origin/1478704/mag/1</preferredMagnitudeID>
  <creationInfo>
    <agencyURI>smi:smi-registry/organization/EMSC</agencyURI>
    <authorURI>smi:smi-registry/organization/EMSC</authorURI>
    <creationTime>2014-12-03T15:29:28.439906Z</creationTime>
  </creationInfo>
  <description>
    <text>SWITZERLAND</text>
    <type>Flinn-Engdahl region</type>
  </description>
  <origin publicID="quakeml:eu.emsc/event/19990328_0000021/origin/1478704">
    <time>
      <value>1999-03-28T20:19:45.8Z</value>
      <uncertainty>0.18</uncertainty>
    </time>
    <latitude>
      <value>46.1979</value>
      <uncertainty>4.2</uncertainty>
    </latitude>
    <longitude>
      <value>7.5276</value>
      <uncertainty>2.4</uncertainty>
    </longitude>
    <depth>
      <value>8000</value>
    </depth>
    <depthType>from location</depthType>
    <methodID>smi:eu.emsc-csem/origin_method/NA</methodID>
    <quality>
      <usedPhaseCount>24</usedPhaseCount>
      <usedStationCount>14</usedStationCount>
      <standardError>0.79</standardError>
      <azimuthalGap>95</azimuthalGap>
      <minimumDistance>0.14</minimumDistance>
      <maximumDistance>2.59</maximumDistance>
    </quality>
    <evaluationMode>manual</evaluationMode>
    <creationInfo>
      <agencyURI>smi:smi-registry/organization/EMSC</agencyURI>
      <authorURI>smi:smi-registry/organization/EMSC</authorURI>
    </creationInfo>
    <originUncertainty>
      <azimuthMaxHorizontalUncertainty>103</azimuthMaxHorizontalUncertainty>
    </originUncertainty>
  </origin>
  <magnitude publicID="quakeml:eu.emsc/event/19990328_0000021/origin/1478704/mag/1">
    <mag>
      <value>1.8</value>
      <uncertainty>0.3</uncertainty>
    </mag>
    <type>ML</type>
    <originID>quakeml:eu.emsc/event/19990328_0000021/origin/1478704</originID>
    <stationCount>11</stationCount>
    <creationInfo>
      <agencyURI>smi:smi-registry/organization/EMSC</agencyURI>
      <authorURI>smi:smi-registry/organization/EMSC</authorURI>
    </creationInfo>
  </magnitude>
</event>
<event publicID="quakeml:eu.emsc/event/19990328_0000010">
  <preferredOriginID>quakeml:eu.emsc/event/19990328_0000010/origin/1478993</preferredOriginID>
  <preferredMagnitudeID>quakeml:eu.emsc/event/19990328_0000010/origin/1478993/mag/2</preferredMagnitudeID>
  <creationInfo>
    <agencyURI>smi:smi-registry/organization/EMSC</agencyURI>
    <authorURI>smi:smi-registry/organization/EMSC</authorURI>
    <creationTime>2014-12-03T11:38:21.178944Z</creationTime>
  </creationInfo>
  <description>
    <text>WESTERN TURKEY</text>
    <type>Flinn-Engdahl region</type>
  </description>
  <origin publicID="quakeml:eu.emsc/event/19990328_0000010/origin/1478993">
    <time>
      <value>1999-03-28T19:50:02.2Z</value>
      <uncertainty>0.47</uncertainty>
    </time>
    <latitude>
      <value>40.8722</value>
      <uncertainty>10.2</uncertainty>
    </latitude>
    <longitude>
      <value>28.0556</value>
      <uncertainty>5.5</uncertainty>
    </longitude>
    <depth>
      <value>19800.0</value>
      <uncertainty>0.1</uncertainty>
    </depth>
    <depthType>from location</depthType>
    <methodID>smi:eu.emsc-csem/origin_method/NA</methodID>
    <quality>
      <usedPhaseCount>16</usedPhaseCount>
      <usedStationCount>11</usedStationCount>
      <standardError>0.74</standardError>
      <azimuthalGap>126</azimuthalGap>
      <minimumDistance>0.39</minimumDistance>
      <maximumDistance>2.12</maximumDistance>
    </quality>
    <evaluationMode>manual</evaluationMode>
    <creationInfo>
      <agencyURI>smi:smi-registry/organization/EMSC</agencyURI>
      <authorURI>smi:smi-registry/organization/EMSC</authorURI>
    </creationInfo>
    <originUncertainty>
      <azimuthMaxHorizontalUncertainty>129</azimuthMaxHorizontalUncertainty>
    </originUncertainty>
  </origin>
  <magnitude publicID="quakeml:eu.emsc/event/19990328_0000010/origin/1478993/mag/2">
    <mag>
      <value>3.1</value>
    </mag>
    <type>MD</type>
    <originID>quakeml:eu.emsc/event/19990328_0000010/origin/1478993</originID>
    <creationInfo>
      <agencyURI>smi:smi-registry/organization/EMSC</agencyURI>
      <authorURI>smi:smi-registry/organization/EMSC</authorURI>
    </creationInfo>
  </magnitude>
</event>
<event publicID="quakeml:eu.emsc/event/19990328_0000026">
  <preferredOriginID>quakeml:eu.emsc/event/19990328_0000026/origin/1973656</preferredOriginID>
  <preferredMagnitudeID>quakeml:eu.emsc/event/19990328_0000026/origin/1973656/mag/2</preferredMagnitudeID>
  <creationInfo>
    <agencyURI>smi:smi-registry/organization/EMSC</agencyURI>
    <authorURI>smi:smi-registry/organization/EMSC</authorURI>
    <creationTime>2014-12-11T09:35:10.696567Z</creationTime>
  </creationInfo>
  <description>
    <text>GREECE</text>
    <type>Flinn-Engdahl region</type>
  </description>
  <origin publicID="quakeml:eu.emsc/event/19990328_0000026/origin/1973656">
    <time>
      <value>1999-03-28T19:49:27.2Z</value>
    </time>
    <latitude>
      <value>38.85</value>
      <uncertainty>9999.9</uncertainty>
    </latitude>
    <longitude>
      <value>20.5</value>
      <uncertainty>9999.9</uncertainty>
    </longitude>
    <depth>
      <value>5000</value>
    </depth>
    <depthType>from location</depthType>
    <methodID>smi:eu.emsc-csem/origin_method/NA</methodID>
    <quality>
      <usedPhaseCount>11</usedPhaseCount>
      <usedStationCount>11</usedStationCount>
      <standardError>7.86</standardError>
      <azimuthalGap>153</azimuthalGap>
      <minimumDistance>0.68</minimumDistance>
      <maximumDistance>4.51</maximumDistance>
    </quality>
    <evaluationMode>manual</evaluationMode>
    <creationInfo>
      <agencyURI>smi:smi-registry/organization/EMSC</agencyURI>
      <authorURI>smi:smi-registry/organization/EMSC</authorURI>
    </creationInfo>
    <originUncertainty>
      <azimuthMaxHorizontalUncertainty>-99</azimuthMaxHorizontalUncertainty>
    </originUncertainty>
  </origin>
  <magnitude publicID="quakeml:eu.emsc/event/19990328_0000026/origin/1973656/mag/2">
    <mag>
      <value>3.6</value>
    </mag>
    <type>ML</type>
    <originID>quakeml:eu.emsc/event/19990328_0000026/origin/1973656</originID>
    <creationInfo>
      <agencyURI>smi:smi-registry/organization/EMSC</agencyURI>
      <authorURI>smi:smi-registry/organization/EMSC</authorURI>
    </creationInfo>
  </magnitude>
</event>
<event publicID="quakeml:eu.emsc/event/19990328_0000025">
  <preferredOriginID>quakeml:eu.emsc/event/19990328_0000025/origin/1475806</preferredOriginID>
  <preferredMagnitudeID>quakeml:eu.emsc/event/19990328_0000025/origin/1475806/mag/2</preferredMagnitudeID>
  <creationInfo>
    <agencyURI>smi:smi-registry/organization/EMSC</agencyURI>
    <authorURI>smi:smi-registry/organization/EMSC</authorURI>
    <creationTime>2014-12-10T12:59:53.878389Z</creationTime>
  </creationInfo>
  <description>
    <text>NORTHERN ITALY</text>
    <type>Flinn-Engdahl region</type>
  </description>
  <origin publicID="quakeml:eu.emsc/event/19990328_0000025/origin/1475806">
    <time>
      <value>1999-03-28T19:02:19.5Z</value>
    </time>
    <latitude>
      <value>44.3515</value>
      <uncertainty>9999.9</uncertainty>
    </latitude>
    <longitude>
      <value>7.2932</value>
      <uncertainty>9999.9</uncertainty>
    </longitude>
    <depth>
      <value>11400.0</value>
    </depth>
    <depthType>from location</depthType>
    <methodID>smi:eu.emsc-csem/origin_method/NA</methodID>
    <quality>
      <usedPhaseCount>8</usedPhaseCount>
      <usedStationCount>4</usedStationCount>
      <standardError>2.51</standardError>
      <azimuthalGap>185</azimuthalGap>
      <minimumDistance>0.11</minimumDistance>
      <maximumDistance>0.21</maximumDistance>
    </quality>
    <evaluationMode>manual</evaluationMode>
    <creationInfo>
      <agencyURI>smi:smi-registry/organization/EMSC</agencyURI>
      <authorURI>smi:smi-registry/organization/EMSC</authorURI>
    </creationInfo>
    <originUncertainty>
      <azimuthMaxHorizontalUncertainty>-99</azimuthMaxHorizontalUncertainty>
    </originUncertainty>
  </origin>
  <magnitude publicID="quakeml:eu.emsc/event/19990328_0000025/origin/1475806/mag/2">
    <mag>
      <value>1.5</value>
    </mag>
    <type>ML</type>
    <originID>quakeml:eu.emsc/event/19990328_0000025/origin/1475806</originID>
    <creationInfo>
      <agencyURI>smi:smi-registry/organization/EMSC</agencyURI>
      <authorURI>smi:smi-registry/organization/EMSC</authorURI>
    </creationInfo>
  </magnitude>
</event>
<event publicID="quakeml:eu.emsc/event/19990328_0000019">
  <preferredOriginID>quakeml:eu.emsc/event/19990328_0000019/origin/1475808</preferredOriginID>
  <preferredMagnitudeID>quakeml:eu.emsc/event/19990328_0000019/origin/1475808/mag/2</preferredMagnitudeID>
  <creationInfo>
    <agencyURI>smi:smi-registry/organization/EMSC</agencyURI>
    <authorURI>smi:smi-registry/organization/EMSC</authorURI>
    <creationTime>2014-12-10T12:59:53.401039Z</creationTime>
  </creationInfo>
  <description>
    <text>NORTHERN ITALY</text>
    <type>Flinn-Engdahl region</type>
  </description>
  <origin publicID="quakeml:eu.emsc/event/19990328_0000019/origin/1475808">
    <time>
      <value>1999-03-28T17:14:28.4Z</value>
    </time>
    <latitude>
      <value>44.3497</value>
      <uncertainty>9999.9</uncertainty>
    </latitude>
    <longitude>
      <value>7.2952</value>
      <uncertainty>9999.9</uncertainty>
    </longitude>
    <depth>
      <value>13300.0</value>
    </depth>
    <depthType>from location</depthType>
    <methodID>smi:eu.emsc-csem/origin_method/NA</methodID>
    <quality>
      <usedPhaseCount>15</usedPhaseCount>
      <usedStationCount>9</usedStationCount>
      <standardError>5.8</standardError>
      <azimuthalGap>149</azimuthalGap>
      <minimumDistance>0.11</minimumDistance>
      <maximumDistance>0.67</maximumDistance>
    </quality>
    <evaluationMode>manual</evaluationMode>
    <creationInfo>
      <agencyURI>smi:smi-registry/organization/EMSC</agencyURI>
      <authorURI>smi:smi-registry/organization/EMSC</authorURI>
    </creationInfo>
    <originUncertainty>
      <azimuthMaxHorizontalUncertainty>-99</azimuthMaxHorizontalUncertainty>
    </originUncertainty>
  </origin>
  <magnitude publicID="quakeml:eu.emsc/event/19990328_0000019/origin/1475808/mag/2">
    <mag>
      <value>2</value>
    </mag>
    <type>ML</type>
    <originID>quakeml:eu.emsc/event/19990328_0000019/origin/1475808</originID>
    <creationInfo>
      <agencyURI>smi:smi-registry/organization/EMSC</agencyURI>
      <authorURI>smi:smi-registry/organization/EMSC</authorURI>
    </creationInfo>
  </magnitude>
</event>
<event publicID="quakeml:eu.emsc/event/19990328_0000009">
  <preferredOriginID>quakeml:eu.emsc/event/19990328_0000009/origin/1478996</preferredOriginID>
  <preferredMagnitudeID>quakeml:eu.emsc/event/19990328_0000009/origin/1478996/mag/2</preferredMagnitudeID>
  <creationInfo>
    <agencyURI>smi:smi-registry/organization/EMSC</agencyURI>
    <authorURI>smi:smi-registry/organization/EMSC</authorURI>
    <creationTime>2014-12-03T11:04:46.218395Z</creationTime>
  </creationInfo>
  <description>
    <text>CRETE, GREECE</text>
    <type>Flinn-Engdahl region</type>
  </description>
  <origin publicID="quakeml:eu.emsc/event/19990328_0000009/origin/1478996">
    <time>
      <value>1999-03-28T16:24:31.3Z</value>
      <uncertainty>1.33</uncertainty>
    </time>
    <latitude>
      <value>34.5645</value>
      <uncertainty>28.1</uncertainty>
    </latitude>
    <longitude>
      <value>25.719</value>
      <uncertainty>11.9</uncertainty>
    </longitude>
    <depth>
      <value>26400.0</value>
      <uncertainty>5.3</uncertainty>
    </depth>
    <depthType>from location</depthType>
    <methodID>smi:eu.emsc-csem/origin_method/NA</methodID>
    <quality>
      <usedPhaseCount>16</usedPhaseCount>
      <usedStationCount>16</usedStationCount>
      <standardError>0.7</standardError>
      <azimuthalGap>245</azimuthalGap>
      <minimumDistance>0.31</minimumDistance>
      <maximumDistance>67.12</maximumDistance>
    </quality>
    <evaluationMode>manual</evaluationMode>
    <creationInfo>
      <agencyURI>smi:smi-registry/organization/EMSC</agencyURI>
      <authorURI>smi:smi-registry/organization/EMSC</authorURI>
    </creationInfo>
    <originUncertainty>
      <azimuthMaxHorizontalUncertainty>169</azimuthMaxHorizontalUncertainty>
    </originUncertainty>
  </origin>
  <magnitude publicID="quakeml:eu.emsc/event/19990328_0000009/origin/1478996/mag/2">
    <mag>
      <value>3.8</value>
    </mag>
    <type>MD</type>
    <originID>quakeml:eu.emsc/event/19990328_0000009/origin/1478996</originID>
    <creationInfo>
      <agencyURI>smi:smi-registry/organization/EMSC</agencyURI>
      <authorURI>smi:smi-registry/organization/EMSC</authorURI>
    </creationInfo>
  </magnitude>
</event>
<event publicID="quakeml:eu.emsc/event/19990328_0000008">
  <preferredOriginID>quakeml:eu.emsc/event/19990328_0000008/origin/1481746</preferredOriginID>
  <preferredMagnitudeID>quakeml:eu.emsc/event/19990328_0000008/origin/1481746/mag/3</preferredMagnitudeID>
  <creationInfo>
    <agencyURI>smi:smi-registry/organization/EMSC</agencyURI>
    <authorURI>smi:smi-registry/organization/EMSC</authorURI>
    <creationTime>2014-12-03T11:22:55.970979Z</creationTime>
  </creationInfo>
  <description>
    <text>CRETE, GREECE</text>
    <type>Flinn-Engdahl region</type>
  </description>
  <origin publicID="quakeml:eu.emsc/event/19990328_0000008/origin/1481746">
    <time>
      <value>1999-03-28T16:19:57.3Z</value>
      <uncertainty>0.1</uncertainty>
    </time>
    <latitude>
      <value>34.1781</value>
      <uncertainty>4.9</uncertainty>
    </latitude>
    <longitude>
      <value>25.7028</value>
      <uncertainty>2.3</uncertainty>
    </longitude>
    <depth>
      <value>12800.0</value>
    </depth>
    <depthType>from location</depthType>
    <methodID>smi:eu.emsc-csem/origin_method/NA</methodID>
    <quality>
      <usedPhaseCount>225</usedPhaseCount>
      <usedStationCount>219</usedStationCount>
      <standardError>1.02</standardError>
      <azimuthalGap>58</azimuthalGap>
      <minimumDistance>0.7</minimumDistance>
      <maximumDistance>64.22</maximumDistance>
    </quality>
    <evaluationMode>manual</evaluationMode>
    <creationInfo>
      <agencyURI>smi:smi-registry/organization/EMSC</agencyURI>
      <authorURI>smi:smi-registry/organization/EMSC</authorURI>
    </creationInfo>
    <originUncertainty>
      <azimuthMaxHorizontalUncertainty>28</azimuthMaxHorizontalUncertainty>
    </originUncertainty>
  </origin>
  <magnitude publicID="quakeml:eu.emsc/event/19990328_0000008/origin/1481746/mag/3">
    <mag>
      <value>4.7</value>
      <uncertainty>0.3</uncertainty>
    </mag>
    <type>mb</type>
    <originID>quakeml:eu.emsc/event/19990328_0000008/origin/1481746</originID>
    <stationCount>57</stationCount>
    <creationInfo>
      <agencyURI>smi:smi-registry/organization/EMSC</agencyURI>
      <authorURI>smi:smi-registry/organization/EMSC</authorURI>
    </creationInfo>
  </magnitude>
</event>
<event publicID="quakeml:eu.emsc/event/19990328_0000007">
  <preferredOriginID>quakeml:eu.emsc/event/19990328_0000007/origin/1478999</preferredOriginID>
  <preferredMagnitudeID>quakeml:eu.emsc/event/19990328_0000007/origin/1478999/mag/2</preferredMagnitudeID>
  <creationInfo>
    <agencyURI>smi:smi-registry/organization/EMSC</agencyURI>
    <authorURI>smi:smi-registry/organization/EMSC</authorURI>
    <creationTime>2014-12-03T11:08:36.952346Z</creationTime>
  </creationInfo>
  <description>
    <text>CENTRAL TURKEY</text>
    <type>Flinn-Engdahl region</type>
  </description>
  <origin publicID="quakeml:eu.emsc/event/19990328_0000007/origin/1478999">
    <time>
      <value>1999-03-28T13:53:58.1Z</value>
      <uncertainty>0.1</uncertainty>
    </time>
    <latitude>
      <value>40.6688</value>
      <uncertainty>3.7</uncertainty>
    </latitude>
    <longitude>
      <value>33.0772</value>
      <uncertainty>2.2</uncertainty>
    </longitude>
    <depth>
      <value>8000</value>
    </depth>
    <depthType>from location</depthType>
    <methodID>smi:eu.emsc-csem/origin_method/NA</methodID>
    <quality>
      <usedPhaseCount>27</usedPhaseCount>
      <usedStationCount>24</usedStationCount>
      <standardError>0.49</standardError>
      <azimuthalGap>72</azimuthalGap>
      <minimumDistance>0.32</minimumDistance>
      <maximumDistance>21.86</maximumDistance>
    </quality>
    <evaluationMode>manual</evaluationMode>
    <creationInfo>
      <agencyURI>smi:smi-registry/organization/EMSC</agencyURI>
      <authorURI>smi:smi-registry/organization/EMSC</authorURI>
    </creationInfo>
    <originUncertainty>
      <azimuthMaxHorizontalUncertainty>167</azimuthMaxHorizontalUncertainty>
    </originUncertainty>
  </origin>
  <magnitude publicID="quakeml:eu.emsc/event/19990328_0000007/origin/1478999/mag/2">
    <mag>
      <value>3.9</value>
    </mag>
    <type>mb</type>
    <originID>quakeml:eu.emsc/event/19990328_0000007/origin/1478999</originID>
    <stationCount>6</stationCount>
    <creationInfo>
      <agencyURI>smi:smi-registry/organization/EMSC</agencyURI>
      <authorURI>smi:smi-registry/organization/EMSC</authorURI>
    </creationInfo>
  </magnitude>
</event>
<event publicID="quakeml:eu.emsc/event/19990328_0000006">
  <preferredOriginID>quakeml:eu.emsc/event/19990328_0000006/origin/1479002</preferredOriginID>
  <preferredMagnitudeID>quakeml:eu.emsc/event/19990328_0000006/origin/1479002/mag/2</preferredMagnitudeID>
  <creationInfo>
    <agencyURI>smi:smi-registry/organization/EMSC</agencyURI>
    <authorURI>smi:smi-registry/organization/EMSC</authorURI>
    <creationTime>2014-12-03T10:57:15.173765Z</creationTime>
  </creationInfo>
  <description>
    <text>WESTERN TURKEY</text>
    <type>Flinn-Engdahl region</type>
  </description>
  <origin publicID="quakeml:eu.emsc/event/19990328_0000006/origin/1479002">
    <time>
      <value>1999-03-28T13:25:33.2Z</value>
      <uncertainty>0.31</uncertainty>
    </time>
    <latitude>
      <value>39.4234</value>
      <uncertainty>10.9</uncertainty>
    </latitude>
    <longitude>
      <value>27.6018</value>
      <uncertainty>5</uncertainty>
    </longitude>
    <depth>
      <value>10000</value>
    </depth>
    <depthType>from location</depthType>
    <methodID>smi:eu.emsc-csem/origin_method/NA</methodID>
    <quality>
      <usedPhaseCount>15</usedPhaseCount>
      <usedStationCount>9</usedStationCount>
      <standardError>0.98</standardError>
      <azimuthalGap>156</azimuthalGap>
      <minimumDistance>0.81</minimumDistance>
      <maximumDistance>1.83</maximumDistance>
    </quality>
    <evaluationMode>manual</evaluationMode>
    <creationInfo>
      <agencyURI>smi:smi-registry/organization/EMSC</agencyURI>
      <authorURI>smi:smi-registry/organization/EMSC</authorURI>
    </creationInfo>
    <originUncertainty>
      <azimuthMaxHorizontalUncertainty>112</azimuthMaxHorizontalUncertainty>
    </originUncertainty>
  </origin>
  <magnitude publicID="quakeml:eu.emsc/event/19990328_0000006/origin/1479002/mag/2">
    <mag>
      <value>2.8</value>
    </mag>
    <type>MD</type>
    <originID>quakeml:eu.emsc/event/19990328_0000006/origin/1479002</originID>
    <creationInfo>
      <agencyURI>smi:smi-registry/organization/EMSC</agencyURI>
      <authorURI>smi:smi-registry/organization/EMSC</authorURI>
    </creationInfo>
  </magnitude>
</event>
<event publicID="quakeml:eu.emsc/event/19990328_0000005">
  <preferredOriginID>quakeml:eu.emsc/event/19990328_0000005/origin/1479005</preferredOriginID>
  <preferredMagnitudeID>quakeml:eu.emsc/event/19990328_0000005/origin/1479005/mag/2</preferredMagnitudeID>
  <creationInfo>
    <agencyURI>smi:smi-registry/organization/EMSC</agencyURI>
    <authorURI>smi:smi-registry/organization/EMSC</authorURI>
    <creationTime>2014-12-03T11:42:10.295291Z</creationTime>
  </creationInfo>
  <description>
    <text>NORTHWESTERN RUSSIA</text>
    <type>Flinn-Engdahl region</type>
  </description>
  <origin publicID="quakeml:eu.emsc/event/19990328_0000005/origin/1479005">
    <time>
      <value>1999-03-28T13:11:16.7Z</value>
      <uncertainty>0.63</uncertainty>
    </time>
    <latitude>
      <value>67.5761</value>
      <uncertainty>15.9</uncertainty>
    </latitude>
    <longitude>
      <value>32.8307</value>
      <uncertainty>12.4</uncertainty>
    </longitude>
    <depth>
      <value>2000</value>
    </depth>
    <depthType>from location</depthType>
    <methodID>smi:eu.emsc-csem/origin_method/NA</methodID>
    <quality>
      <usedPhaseCount>10</usedPhaseCount>
      <usedStationCount>7</usedStationCount>
      <standardError>1.14</standardError>
      <azimuthalGap>124</azimuthalGap>
      <minimumDistance>0.07</minimumDistance>
      <maximumDistance>11.49</maximumDistance>
    </quality>
    <evaluationMode>manual</evaluationMode>
    <creationInfo>
      <agencyURI>smi:smi-registry/organization/EMSC</agencyURI>
      <authorURI>smi:smi-registry/organization/EMSC</authorURI>
    </creationInfo>
    <originUncertainty>
      <azimuthMaxHorizontalUncertainty>126</azimuthMaxHorizontalUncertainty>
    </originUncertainty>
  </origin>
  <magnitude publicID="quakeml:eu.emsc/event/19990328_0000005/origin/1479005/mag/2">
    <mag>
      <value>2.3</value>
    </mag>
    <type>ML</type>
    <originID>quakeml:eu.emsc/event/19990328_0000005/origin/1479005</originID>
    <creationInfo>
      <agencyURI>smi:smi-registry/organization/EMSC</agencyURI>
      <authorURI>smi:smi-registry/organization/EMSC</authorURI>
    </creationInfo>
  </magnitude>
</event>
<event publicID="quakeml:eu.emsc/event/19990328_0000004">
  <preferredOriginID>quakeml:eu.emsc/event/19990328_0000004/origin/1479010</preferredOriginID>
  <preferredMagnitudeID>quakeml:eu.emsc/event/19990328_0000004/origin/1479010/mag/2</preferredMagnitudeID>
  <creationInfo>
    <agencyURI>smi:smi-registry/organization/EMSC</agencyURI>
    <authorURI>smi:smi-registry/organization/EMSC</authorURI>
    <creationTime>2014-12-03T11:22:24.438147Z</creationTime>
  </creationInfo>
  <description>
    <text>GREECE</text>
    <type>Flinn-Engdahl region</type>
  </description>
  <origin publicID="quakeml:eu.emsc/event/19990328_0000004/origin/1479010">
    <time>
      <value>1999-03-28T12:50:58.4Z</value>
      <uncertainty>0.39</uncertainty>
    </time>
    <latitude>
      <value>38.3572</value>
      <uncertainty>8.5</uncertainty>
    </latitude>
    <longitude>
      <value>20.4371</value>
      <uncertainty>5.7</uncertainty>
    </longitude>
    <depth>
      <value>15000</value>
    </depth>
    <depthType>from location</depthType>
    <methodID>smi:eu.emsc-csem/origin_method/NA</methodID>
    <quality>
      <usedPhaseCount>52</usedPhaseCount>
      <usedStationCount>38</usedStationCount>
      <standardError>1.24</standardError>
      <azimuthalGap>171</azimuthalGap>
      <minimumDistance>1.18</minimumDistance>
      <maximumDistance>24.06</maximumDistance>
    </quality>
    <evaluationMode>manual</evaluationMode>
    <creationInfo>
      <agencyURI>smi:smi-registry/organization/EMSC</agencyURI>
      <authorURI>smi:smi-registry/organization/EMSC</authorURI>
    </creationInfo>
    <originUncertainty>
      <azimuthMaxHorizontalUncertainty>5</azimuthMaxHorizontalUncertainty>
    </originUncertainty>
  </origin>
  <magnitude publicID="quakeml:eu.emsc/event/19990328_0000004/origin/1479010/mag/2">
    <mag>
      <value>3.9</value>
    </mag>
    <type>mb</type>
    <originID>quakeml:eu.emsc/event/19990328_0000004/origin/1479010</originID>
    <stationCount>3</stationCount>
    <creationInfo>
      <agencyURI>smi:smi-registry/organization/EMSC</agencyURI>
      <authorURI>smi:smi-registry/organization/EMSC</authorURI>
    </creationInfo>
  </magnitude>
</event>
<event publicID="quakeml:eu.emsc/event/19990328_0000003">
  <preferredOriginID>quakeml:eu.emsc/event/19990328_0000003/origin/1479013</preferredOriginID>
  <preferredMagnitudeID>quakeml:eu.emsc/event/19990328_0000003/origin/1479013/mag/2</preferredMagnitudeID>
  <creationInfo>
    <agencyURI>smi:smi-registry/organization/EMSC</agencyURI>
    <authorURI>smi:smi-registry/organization/EMSC</authorURI>
    <creationTime>2014-12-03T12:02:30.992473Z</creationTime>
  </creationInfo>
  <description>
    <text>WESTERN TURKEY</text>
    <type>Flinn-Engdahl region</type>
  </description>
  <origin publicID="quakeml:eu.emsc/event/19990328_0000003/origin/1479013">
    <time>
      <value>1999-03-28T11:45:42.9Z</value>
      <uncertainty>0.26</uncertainty>
    </time>
    <latitude>
      <value>39.4153</value>
      <uncertainty>8.9</uncertainty>
    </latitude>
    <longitude>
      <value>27.6566</value>
      <uncertainty>4.3</uncertainty>
    </longitude>
    <depth>
      <value>10000</value>
    </depth>
    <depthType>from location</depthType>
    <methodID>smi:eu.emsc-csem/origin_method/NA</methodID>
    <quality>
      <usedPhaseCount>11</usedPhaseCount>
      <usedStationCount>7</usedStationCount>
      <standardError>0.91</standardError>
      <azimuthalGap>165</azimuthalGap>
      <minimumDistance>0.77</minimumDistance>
      <maximumDistance>1.67</maximumDistance>
    </quality>
    <evaluationMode>manual</evaluationMode>
    <creationInfo>
      <agencyURI>smi:smi-registry/organization/EMSC</agencyURI>
      <authorURI>smi:smi-registry/organization/EMSC</authorURI>
    </creationInfo>
    <originUncertainty>
      <azimuthMaxHorizontalUncertainty>119</azimuthMaxHorizontalUncertainty>
    </originUncertainty>
  </origin>
  <magnitude publicID="quakeml:eu.emsc/event/19990328_0000003/origin/1479013/mag/2">
    <mag>
      <value>2.7</value>
    </mag>
    <type>MD</type>
    <originID>quakeml:eu.emsc/event/19990328_0000003/origin/1479013</originID>
    <creationInfo>
      <agencyURI>smi:smi-registry/organization/EMSC</agencyURI>
      <authorURI>smi:smi-registry/organization/EMSC</authorURI>
    </creationInfo>
  </magnitude>
</event>
<event publicID="quakeml:eu.emsc/event/19990328_0000002">
  <preferredOriginID>quakeml:eu.emsc/event/19990328_0000002/origin/1479018</preferredOriginID>
  <preferredMagnitudeID>quakeml:eu.emsc/event/19990328_0000002/origin/1479018/mag/1</preferredMagnitudeID>
  <creationInfo>
    <agencyURI>smi:smi-registry/organization/EMSC</agencyURI>
    <authorURI>smi:smi-registry/organization/EMSC</authorURI>
    <creationTime>2014-12-03T11:53:24.366576Z</creationTime>
  </creationInfo>
  <description>
    <text>IONIAN SEA</text>
    <type>Flinn-Engdahl region</type>
  </description>
  <origin publicID="quakeml:eu.emsc/event/19990328_0000002/origin/1479018">
    <time>
      <value>1999-03-28T10:46:26.8Z</value>
      <uncertainty>0.31</uncertainty>
    </time>
    <latitude>
      <value>37.5468</value>
      <uncertainty>7.7</uncertainty>
    </latitude>
    <longitude>
      <value>20.0019</value>
      <uncertainty>5.3</uncertainty>
    </longitude>
    <depth>
      <value>10000</value>
    </depth>
    <depthType>from location</depthType>
    <methodID>smi:eu.emsc-csem/origin_method/NA</methodID>
    <quality>
      <usedPhaseCount>71</usedPhaseCount>
      <usedStationCount>63</usedStationCount>
      <standardError>1.18</standardError>
      <azimuthalGap>149</azimuthalGap>
      <minimumDistance>0.78</minimumDistance>
      <maximumDistance>24.9</maximumDistance>
    </quality>
    <evaluationMode>manual</evaluationMode>
    <creationInfo>
      <agencyURI>smi:smi-registry/organization/EMSC</agencyURI>
      <authorURI>smi:smi-registry/organization/EMSC</authorURI>
    </creationInfo>
    <originUncertainty>
      <azimuthMaxHorizontalUncertainty>3</azimuthMaxHorizontalUncertainty>
    </originUncertainty>
  </origin>
  <magnitude publicID="quakeml:eu.emsc/event/19990328_0000002/origin/1479018/mag/1">
    <mag>
      <value>4.1</value>
      <uncertainty>0.1</uncertainty>
    </mag>
    <type>mb</type>
    <originID>quakeml:eu.emsc/event/19990328_0000002/origin/1479018</originID>
    <stationCount>4</stationCount>
    <creationInfo>
      <agencyURI>smi:smi-registry/organization/EMSC</agencyURI>
      <authorURI>smi:smi-registry/organization/EMSC</authorURI>
    </creationInfo>
  </magnitude>
</event>
<event publicID="quakeml:eu.emsc/event/19990328_0000024">
  <preferredOriginID>quakeml:eu.emsc/event/19990328_0000024/origin/1478708</preferredOriginID>
  <preferredMagnitudeID>quakeml:eu.emsc/event/19990328_0000024/origin/1478708/mag/1</preferredMagnitudeID>
  <creationInfo>
    <agencyURI>smi:smi-registry/organization/EMSC</agencyURI>
    <authorURI>smi:smi-registry/organization/EMSC</authorURI>
    <creationTime>2014-12-03T16:13:45.235265Z</creationTime>
  </creationInfo>
  <description>
    <text>FRANCE</text>
    <type>Flinn-Engdahl region</type>
  </description>
  <origin publicID="quakeml:eu.emsc/event/19990328_0000024/origin/1478708">
    <time>
      <value>1999-03-28T04:40:03.4Z</value>
      <uncertainty>0.07</uncertainty>
    </time>
    <latitude>
      <value>44.5192</value>
      <uncertainty>1.7</uncertainty>
    </latitude>
    <longitude>
      <value>6.7954</value>
      <uncertainty>1.1</uncertainty>
    </longitude>
    <depth>
      <value>10000</value>
    </depth>
    <depthType>from location</depthType>
    <methodID>smi:eu.emsc-csem/origin_method/NA</methodID>
    <quality>
      <usedPhaseCount>45</usedPhaseCount>
      <usedStationCount>26</usedStationCount>
      <standardError>0.54</standardError>
      <azimuthalGap>93</azimuthalGap>
      <minimumDistance>0.04</minimumDistance>
      <maximumDistance>2.15</maximumDistance>
    </quality>
    <evaluationMode>manual</evaluationMode>
    <creationInfo>
      <agencyURI>smi:smi-registry/organization/EMSC</agencyURI>
      <authorURI>smi:smi-registry/organization/EMSC</authorURI>
    </creationInfo>
    <originUncertainty>
      <azimuthMaxHorizontalUncertainty>64</azimuthMaxHorizontalUncertainty>
    </originUncertainty>
  </origin>
  <magnitude publicID="quakeml:eu.emsc/event/19990328_0000024/origin/1478708/mag/1">
    <mag>
      <value>1.8</value>
      <uncertainty>0.3</uncertainty>
    </mag>
    <type>ML</type>
    <originID>quakeml:eu.emsc/event/19990328_0000024/origin/1478708</originID>
    <stationCount>6</stationCount>
    <creationInfo>
      <agencyURI>smi:smi-registry/organization/EMSC</agencyURI>
      <authorURI>smi:smi-registry/organization/EMSC</authorURI>
    </creationInfo>
  </magnitude>
</event>
<event publicID="quakeml:eu.emsc/event/19990328_0000022">
  <preferredOriginID>quakeml:eu.emsc/event/19990328_0000022/origin/1478711</preferredOriginID>
  <preferredMagnitudeID>quakeml:eu.emsc/event/19990328_0000022/origin/1478711/mag/1</preferredMagnitudeID>
  <creationInfo>
    <agencyURI>smi:smi-registry/organization/EMSC</agencyURI>
    <authorURI>smi:smi-registry/organization/EMSC</authorURI>
    <creationTime>2014-12-03T15:53:07.686407Z</creationTime>
  </creationInfo>
  <description>
    <text>NORTHERN ITALY</text>
    <type>Flinn-Engdahl region</type>
  </description>
  <origin publicID="quakeml:eu.emsc/event/19990328_0000022/origin/1478711">
    <time>
      <value>1999-03-28T04:11:55.1Z</value>
      <uncertainty>0.18</uncertainty>
    </time>
    <latitude>
      <value>45.8194</value>
      <uncertainty>3.4</uncertainty>
    </latitude>
    <longitude>
      <value>7.1015</value>
      <uncertainty>2.5</uncertainty>
    </longitude>
    <depth>
      <value>2000</value>
    </depth>
    <depthType>from location</depthType>
    <methodID>smi:eu.emsc-csem/origin_method/NA</methodID>
    <quality>
      <usedPhaseCount>36</usedPhaseCount>
      <usedStationCount>19</usedStationCount>
      <standardError>0.86</standardError>
      <azimuthalGap>123</azimuthalGap>
      <minimumDistance>0.28</minimumDistance>
      <maximumDistance>2.78</maximumDistance>
    </quality>
    <evaluationMode>manual</evaluationMode>
    <creationInfo>
      <agencyURI>smi:smi-registry/organization/EMSC</agencyURI>
      <authorURI>smi:smi-registry/organization/EMSC</authorURI>
    </creationInfo>
    <originUncertainty>
      <azimuthMaxHorizontalUncertainty>113</azimuthMaxHorizontalUncertainty>
    </originUncertainty>
  </origin>
  <magnitude publicID="quakeml:eu.emsc/event/19990328_0000022/origin/1478711/mag/1">
    <mag>
      <value>1.8</value>
      <uncertainty>0.4</uncertainty>
    </mag>
    <type>ML</type>
    <originID>quakeml:eu.emsc/event/19990328_0000022/origin/1478711</originID>
    <stationCount>16</stationCount>
    <creationInfo>
      <agencyURI>smi:smi-registry/organization/EMSC</agencyURI>
      <authorURI>smi:smi-registry/organization/EMSC</authorURI>
    </creationInfo>
  </magnitude>
</event>
<event publicID="quakeml:eu.emsc/event/19990328_0000020">
  <preferredOriginID>quakeml:eu.emsc/event/19990328_0000020/origin/1478715</preferredOriginID>
  <preferredMagnitudeID>quakeml:eu.emsc/event/19990328_0000020/origin/1478715/mag/1</preferredMagnitudeID>
  <creationInfo>
    <agencyURI>smi:smi-registry/organization/EMSC</agencyURI>
    <authorURI>smi:smi-registry/organization/EMSC</authorURI>
    <creationTime>2014-12-03T15:17:14.83136Z</creationTime>
  </creationInfo>
  <description>
    <text>SWITZERLAND</text>
    <type>Flinn-Engdahl region</type>
  </description>
  <origin publicID="quakeml:eu.emsc/event/19990328_0000020/origin/1478715">
    <time>
      <value>1999-03-28T02:12:01.2Z</value>
      <uncertainty>0.2</uncertainty>
    </time>
    <latitude>
      <value>46.2423</value>
      <uncertainty>4.6</uncertainty>
    </latitude>
    <longitude>
      <value>7.6024</value>
      <uncertainty>2.4</uncertainty>
    </longitude>
    <depth>
      <value>2000</value>
    </depth>
    <depthType>from location</depthType>
    <methodID>smi:eu.emsc-csem/origin_method/NA</methodID>
    <quality>
      <usedPhaseCount>55</usedPhaseCount>
      <usedStationCount>27</usedStationCount>
      <standardError>1</standardError>
      <azimuthalGap>105</azimuthalGap>
      <minimumDistance>0.15</minimumDistance>
      <maximumDistance>3.74</maximumDistance>
    </quality>
    <evaluationMode>manual</evaluationMode>
    <creationInfo>
      <agencyURI>smi:smi-registry/organization/EMSC</agencyURI>
      <authorURI>smi:smi-registry/organization/EMSC</authorURI>
    </creationInfo>
    <originUncertainty>
      <azimuthMaxHorizontalUncertainty>105</azimuthMaxHorizontalUncertainty>
    </originUncertainty>
  </origin>
  <magnitude publicID="quakeml:eu.emsc/event/19990328_0000020/origin/1478715/mag/1">
    <mag>
      <value>2.2</value>
      <uncertainty>0.2</uncertainty>
    </mag>
    <type>ML</type>
    <originID>quakeml:eu.emsc/event/19990328_0000020/origin/1478715</originID>
    <stationCount>13</stationCount>
    <creationInfo>
      <agencyURI>smi:smi-registry/organization/EMSC</agencyURI>
      <authorURI>smi:smi-registry/organization/EMSC</authorURI>
    </creationInfo>
  </magnitude>
</event>
<event publicID="quakeml:eu.emsc/event/19990328_0000001">
  <preferredOriginID>quakeml:eu.emsc/event/19990328_0000001/origin/1479023</preferredOriginID>
  <preferredMagnitudeID>quakeml:eu.emsc/event/19990328_0000001/origin/1479023/mag/2</preferredMagnitudeID>
  <creationInfo>
    <agencyURI>smi:smi-registry/organization/EMSC</agencyURI>
    <authorURI>smi:smi-registry/organization/EMSC</authorURI>
    <creationTime>2014-12-03T11:21:34.916525Z</creationTime>
  </creationInfo>
  <description>
    <text>CRETE, GREECE</text>
    <type>Flinn-Engdahl region</type>
  </description>
  <origin publicID="quakeml:eu.emsc/event/19990328_0000001/origin/1479023">
    <time>
      <value>1999-03-28T00:18:30.6Z</value>
      <uncertainty>0.37</uncertainty>
    </time>
    <latitude>
      <value>34.0078</value>
      <uncertainty>15.5</uncertainty>
    </latitude>
    <longitude>
      <value>26.0719</value>
      <uncertainty>6.9</uncertainty>
    </longitude>
    <depth>
      <value>46400.0</value>
      <uncertainty>6.7</uncertainty>
    </depth>
    <depthType>from location</depthType>
    <methodID>smi:eu.emsc-csem/origin_method/NA</methodID>
    <quality>
      <usedPhaseCount>45</usedPhaseCount>
      <usedStationCount>45</usedStationCount>
      <standardError>1.08</standardError>
      <azimuthalGap>157</azimuthalGap>
      <minimumDistance>2.08</minimumDistance>
      <maximumDistance>45.25</maximumDistance>
    </quality>
    <evaluationMode>manual</evaluationMode>
    <creationInfo>
      <agencyURI>smi:smi-registry/organization/EMSC</agencyURI>
      <authorURI>smi:smi-registry/organization/EMSC</authorURI>
    </creationInfo>
    <originUncertainty>
      <azimuthMaxHorizontalUncertainty>32</azimuthMaxHorizontalUncertainty>
    </originUncertainty>
  </origin>
  <magnitude publicID="quakeml:eu.emsc/event/19990328_0000001/origin/1479023/mag/2">
    <mag>
      <value>3.8</value>
    </mag>
    <type>ML</type>
    <originID>quakeml:eu.emsc/event/19990328_0000001/origin/1479023</originID>
    <creationInfo>
      <agencyURI>smi:smi-registry/organization/EMSC</agencyURI>
      <authorURI>smi:smi-registry/organization/EMSC</authorURI>
    </creationInfo>
  </magnitude>
</event>
</eventParameters>
</q:quakeml>
