<?xml version="1.0"?>
<q:quakeml xmlns:q="http://quakeml.org/xmlns/quakeml/1.2"  xmlns="http://quakeml.org/xmlns/bed/1.2">
<eventParameters publicID="smi:eu.emsc/unid">
<event publicID="quakeml:eu.emsc/event/19990316_0000013">
  <preferredOriginID>quakeml:eu.emsc/event/19990316_0000013/origin/1475954</preferredOriginID>
  <preferredMagnitudeID>quakeml:eu.emsc/event/19990316_0000013/origin/1475954/mag/2</preferredMagnitudeID>
  <creationInfo>
    <agencyURI>smi:smi-registry/organization/EMSC</agencyURI>
    <authorURI>smi:smi-registry/organization/EMSC</authorURI>
    <creationTime>2014-12-11T09:48:13.544082Z</creationTime>
  </creationInfo>
  <description>
    <text>CRETE, GREECE</text>
    <type>Flinn-Engdahl region</type>
  </description>
  <origin publicID="quakeml:eu.emsc/event/19990316_0000013/origin/1475954">
    <time>
      <value>1999-03-16T23:12:21.8Z</value>
    </time>
    <latitude>
      <value>34.94</value>
      <uncertainty>9999.9</uncertainty>
    </latitude>
    <longitude>
      <value>25.42</value>
      <uncertainty>9999.9</uncertainty>
    </longitude>
    <depth>
      <value>5000</value>
    </depth>
    <depthType>from location</depthType>
    <methodID>smi:eu.emsc-csem/origin_method/NA</methodID>
    <quality>
      <usedPhaseCount>9</usedPhaseCount>
      <usedStationCount>9</usedStationCount>
      <standardError>2.46</standardError>
      <azimuthalGap>228</azimuthalGap>
      <minimumDistance>0.36</minimumDistance>
      <maximumDistance>3.61</maximumDistance>
    </quality>
    <evaluationMode>manual</evaluationMode>
    <creationInfo>
      <agencyURI>smi:smi-registry/organization/EMSC</agencyURI>
      <authorURI>smi:smi-registry/organization/EMSC</authorURI>
    </creationInfo>
    <originUncertainty>
      <azimuthMaxHorizontalUncertainty>-99</azimuthMaxHorizontalUncertainty>
    </originUncertainty>
  </origin>
  <magnitude publicID="quakeml:eu.emsc/event/19990316_0000013/origin/1475954/mag/2">
    <mag>
      <value>3.6</value>
    </mag>
    <type>MD</type>
    <originID>quakeml:eu.emsc/event/19990316_0000013/origin/1475954</originID>
    <creationInfo>
      <agencyURI>smi:smi-registry/organization/EMSC</agencyURI>
      <authorURI>smi:smi-registry/organization/EMSC</authorURI>
    </creationInfo>
  </magnitude>
</event>
<event publicID="quakeml:eu.emsc/event/19990316_0000012">
  <preferredOriginID>quakeml:eu.emsc/event/19990316_0000012/origin/1479259</preferredOriginID>
  <preferredMagnitudeID>quakeml:eu.emsc/event/19990316_0000012/origin/1479259/mag/2</preferredMagnitudeID>
  <creationInfo>
    <agencyURI>smi:smi-registry/organization/EMSC</agencyURI>
    <authorURI>smi:smi-registry/organization/EMSC</authorURI>
    <creationTime>2014-12-03T11:08:37.167727Z</creationTime>
  </creationInfo>
  <description>
    <text>MOROCCO</text>
    <type>Flinn-Engdahl region</type>
  </description>
  <origin publicID="quakeml:eu.emsc/event/19990316_0000012/origin/1479259">
    <time>
      <value>1999-03-16T21:41:43.6Z</value>
      <uncertainty>0.23</uncertainty>
    </time>
    <latitude>
      <value>34.4153</value>
      <uncertainty>5</uncertainty>
    </latitude>
    <longitude>
      <value>-4.2905</value>
      <uncertainty>3.7</uncertainty>
    </longitude>
    <depth>
      <value>40000</value>
    </depth>
    <depthType>from location</depthType>
    <methodID>smi:eu.emsc-csem/origin_method/NA</methodID>
    <quality>
      <usedPhaseCount>77</usedPhaseCount>
      <usedStationCount>43</usedStationCount>
      <standardError>1.11</standardError>
      <azimuthalGap>141</azimuthalGap>
      <minimumDistance>1.13</minimumDistance>
      <maximumDistance>20.93</maximumDistance>
    </quality>
    <evaluationMode>manual</evaluationMode>
    <creationInfo>
      <agencyURI>smi:smi-registry/organization/EMSC</agencyURI>
      <authorURI>smi:smi-registry/organization/EMSC</authorURI>
    </creationInfo>
    <originUncertainty>
      <azimuthMaxHorizontalUncertainty>132</azimuthMaxHorizontalUncertainty>
    </originUncertainty>
  </origin>
  <magnitude publicID="quakeml:eu.emsc/event/19990316_0000012/origin/1479259/mag/2">
    <mag>
      <value>3</value>
    </mag>
    <type>mb</type>
    <originID>quakeml:eu.emsc/event/19990316_0000012/origin/1479259</originID>
    <stationCount>21</stationCount>
    <creationInfo>
      <agencyURI>smi:smi-registry/organization/EMSC</agencyURI>
      <authorURI>smi:smi-registry/organization/EMSC</authorURI>
    </creationInfo>
  </magnitude>
</event>
<event publicID="quakeml:eu.emsc/event/19990316_0000011">
  <preferredOriginID>quakeml:eu.emsc/event/19990316_0000011/origin/1479263</preferredOriginID>
  <preferredMagnitudeID>quakeml:eu.emsc/event/19990316_0000011/origin/1479263/mag/2</preferredMagnitudeID>
  <creationInfo>
    <agencyURI>smi:smi-registry/organization/EMSC</agencyURI>
    <authorURI>smi:smi-registry/organization/EMSC</authorURI>
    <creationTime>2014-12-03T12:08:08.597939Z</creationTime>
  </creationInfo>
  <description>
    <text>MOROCCO</text>
    <type>Flinn-Engdahl region</type>
  </description>
  <origin publicID="quakeml:eu.emsc/event/19990316_0000011/origin/1479263">
    <time>
      <value>1999-03-16T21:10:56.4Z</value>
      <uncertainty>0.52</uncertainty>
    </time>
    <latitude>
      <value>34.6132</value>
      <uncertainty>10.7</uncertainty>
    </latitude>
    <longitude>
      <value>-4.0614</value>
      <uncertainty>10</uncertainty>
    </longitude>
    <depth>
      <value>10000</value>
    </depth>
    <depthType>from location</depthType>
    <methodID>smi:eu.emsc-csem/origin_method/NA</methodID>
    <quality>
      <usedPhaseCount>22</usedPhaseCount>
      <usedStationCount>13</usedStationCount>
      <standardError>1.16</standardError>
      <azimuthalGap>164</azimuthalGap>
      <minimumDistance>1.37</minimumDistance>
      <maximumDistance>5.05</maximumDistance>
    </quality>
    <evaluationMode>manual</evaluationMode>
    <creationInfo>
      <agencyURI>smi:smi-registry/organization/EMSC</agencyURI>
      <authorURI>smi:smi-registry/organization/EMSC</authorURI>
    </creationInfo>
    <originUncertainty>
      <azimuthMaxHorizontalUncertainty>155</azimuthMaxHorizontalUncertainty>
    </originUncertainty>
  </origin>
  <magnitude publicID="quakeml:eu.emsc/event/19990316_0000011/origin/1479263/mag/2">
    <mag>
      <value>3.4</value>
    </mag>
    <type>MD</type>
    <originID>quakeml:eu.emsc/event/19990316_0000011/origin/1479263</originID>
    <creationInfo>
      <agencyURI>smi:smi-registry/organization/EMSC</agencyURI>
      <authorURI>smi:smi-registry/organization/EMSC</authorURI>
    </creationInfo>
  </magnitude>
</event>
<event publicID="quakeml:eu.emsc/event/19990316_0000010">
  <preferredOriginID>quakeml:eu.emsc/event/19990316_0000010/origin/1479266</preferredOriginID>
  <preferredMagnitudeID>quakeml:eu.emsc/event/19990316_0000010/origin/1479266/mag/2</preferredMagnitudeID>
  <creationInfo>
    <agencyURI>smi:smi-registry/organization/EMSC</agencyURI>
    <authorURI>smi:smi-registry/organization/EMSC</authorURI>
    <creationTime>2014-12-03T11:53:24.594863Z</creationTime>
  </creationInfo>
  <description>
    <text>GREECE</text>
    <type>Flinn-Engdahl region</type>
  </description>
  <origin publicID="quakeml:eu.emsc/event/19990316_0000010/origin/1479266">
    <time>
      <value>1999-03-16T17:13:36.2Z</value>
      <uncertainty>0.81</uncertainty>
    </time>
    <latitude>
      <value>38.7902</value>
      <uncertainty>21.3</uncertainty>
    </latitude>
    <longitude>
      <value>21.331</value>
      <uncertainty>11</uncertainty>
    </longitude>
    <depth>
      <value>2000</value>
    </depth>
    <depthType>from location</depthType>
    <methodID>smi:eu.emsc-csem/origin_method/NA</methodID>
    <quality>
      <usedPhaseCount>13</usedPhaseCount>
      <usedStationCount>11</usedStationCount>
      <standardError>1.49</standardError>
      <azimuthalGap>160</azimuthalGap>
      <minimumDistance>0.39</minimumDistance>
      <maximumDistance>3.18</maximumDistance>
    </quality>
    <evaluationMode>manual</evaluationMode>
    <creationInfo>
      <agencyURI>smi:smi-registry/organization/EMSC</agencyURI>
      <authorURI>smi:smi-registry/organization/EMSC</authorURI>
    </creationInfo>
    <originUncertainty>
      <azimuthMaxHorizontalUncertainty>20</azimuthMaxHorizontalUncertainty>
    </originUncertainty>
  </origin>
  <magnitude publicID="quakeml:eu.emsc/event/19990316_0000010/origin/1479266/mag/2">
    <mag>
      <value>3</value>
    </mag>
    <type>MD</type>
    <originID>quakeml:eu.emsc/event/19990316_0000010/origin/1479266</originID>
    <creationInfo>
      <agencyURI>smi:smi-registry/organization/EMSC</agencyURI>
      <authorURI>smi:smi-registry/organization/EMSC</authorURI>
    </creationInfo>
  </magnitude>
</event>
<event publicID="quakeml:eu.emsc/event/19990316_0000009">
  <preferredOriginID>quakeml:eu.emsc/event/19990316_0000009/origin/1479272</preferredOriginID>
  <preferredMagnitudeID>quakeml:eu.emsc/event/19990316_0000009/origin/1479272/mag/1</preferredMagnitudeID>
  <creationInfo>
    <agencyURI>smi:smi-registry/organization/EMSC</agencyURI>
    <authorURI>smi:smi-registry/organization/EMSC</authorURI>
    <creationTime>2014-12-03T11:51:29.424864Z</creationTime>
  </creationInfo>
  <description>
    <text>FRANCE</text>
    <type>Flinn-Engdahl region</type>
  </description>
  <origin publicID="quakeml:eu.emsc/event/19990316_0000009/origin/1479272">
    <time>
      <value>1999-03-16T16:39:15.9Z</value>
      <uncertainty>0.08</uncertainty>
    </time>
    <latitude>
      <value>48.2395</value>
      <uncertainty>1.8</uncertainty>
    </latitude>
    <longitude>
      <value>7.214</value>
      <uncertainty>1.4</uncertainty>
    </longitude>
    <depth>
      <value>15000</value>
    </depth>
    <depthType>from location</depthType>
    <methodID>smi:eu.emsc-csem/origin_method/NA</methodID>
    <quality>
      <usedPhaseCount>164</usedPhaseCount>
      <usedStationCount>77</usedStationCount>
      <standardError>1.04</standardError>
      <azimuthalGap>35</azimuthalGap>
      <minimumDistance>0.04</minimumDistance>
      <maximumDistance>5.55</maximumDistance>
    </quality>
    <evaluationMode>manual</evaluationMode>
    <creationInfo>
      <agencyURI>smi:smi-registry/organization/EMSC</agencyURI>
      <authorURI>smi:smi-registry/organization/EMSC</authorURI>
    </creationInfo>
    <originUncertainty>
      <azimuthMaxHorizontalUncertainty>156</azimuthMaxHorizontalUncertainty>
    </originUncertainty>
  </origin>
  <magnitude publicID="quakeml:eu.emsc/event/19990316_0000009/origin/1479272/mag/1">
    <mag>
      <value>3.5</value>
      <uncertainty>0.4</uncertainty>
    </mag>
    <type>ML</type>
    <originID>quakeml:eu.emsc/event/19990316_0000009/origin/1479272</originID>
    <stationCount>22</stationCount>
    <creationInfo>
      <agencyURI>smi:smi-registry/organization/EMSC</agencyURI>
      <authorURI>smi:smi-registry/organization/EMSC</authorURI>
    </creationInfo>
  </magnitude>
</event>
<event publicID="quakeml:eu.emsc/event/19990316_0000017">
  <preferredOriginID>quakeml:eu.emsc/event/19990316_0000017/origin/1481646</preferredOriginID>
  <preferredMagnitudeID>quakeml:eu.emsc/event/19990316_0000017/origin/1481646/mag/1</preferredMagnitudeID>
  <creationInfo>
    <agencyURI>smi:smi-registry/organization/EMSC</agencyURI>
    <authorURI>smi:smi-registry/organization/EMSC</authorURI>
    <creationTime>2014-12-03T16:30:53.115798Z</creationTime>
  </creationInfo>
  <description>
    <text>FRANCE</text>
    <type>Flinn-Engdahl region</type>
  </description>
  <origin publicID="quakeml:eu.emsc/event/19990316_0000017/origin/1481646">
    <time>
      <value>1999-03-16T16:20:41.7Z</value>
      <uncertainty>0.08</uncertainty>
    </time>
    <latitude>
      <value>48.2384</value>
      <uncertainty>1.6</uncertainty>
    </latitude>
    <longitude>
      <value>7.2259</value>
      <uncertainty>1.3</uncertainty>
    </longitude>
    <depth>
      <value>18500.0</value>
      <uncertainty>1.1</uncertainty>
    </depth>
    <depthType>from location</depthType>
    <methodID>smi:eu.emsc-csem/origin_method/NA</methodID>
    <quality>
      <usedPhaseCount>73</usedPhaseCount>
      <usedStationCount>41</usedStationCount>
      <standardError>0.82</standardError>
      <azimuthalGap>43</azimuthalGap>
      <minimumDistance>0.05</minimumDistance>
      <maximumDistance>3.93</maximumDistance>
    </quality>
    <evaluationMode>manual</evaluationMode>
    <creationInfo>
      <agencyURI>smi:smi-registry/organization/EMSC</agencyURI>
      <authorURI>smi:smi-registry/organization/EMSC</authorURI>
    </creationInfo>
    <originUncertainty>
      <azimuthMaxHorizontalUncertainty>158</azimuthMaxHorizontalUncertainty>
    </originUncertainty>
  </origin>
  <magnitude publicID="quakeml:eu.emsc/event/19990316_0000017/origin/1481646/mag/1">
    <mag>
      <value>2.8</value>
      <uncertainty>0.4</uncertainty>
    </mag>
    <type>ML</type>
    <originID>quakeml:eu.emsc/event/19990316_0000017/origin/1481646</originID>
    <stationCount>13</stationCount>
    <creationInfo>
      <agencyURI>smi:smi-registry/organization/EMSC</agencyURI>
      <authorURI>smi:smi-registry/organization/EMSC</authorURI>
    </creationInfo>
  </magnitude>
</event>
<event publicID="quakeml:eu.emsc/event/19990316_0000008">
  <preferredOriginID>quakeml:eu.emsc/event/19990316_0000008/origin/14297</preferredOriginID>
  <preferredMagnitudeID>quakeml:eu.emsc/event/19990316_0000008/origin/14297/mag/2</preferredMagnitudeID>
  <creationInfo>
    <agencyURI>smi:smi-registry/organization/EMSC</agencyURI>
    <authorURI>smi:smi-registry/organization/EMSC</authorURI>
    <creationTime>2014-12-03T11:27:51.39926Z</creationTime>
  </creationInfo>
  <description>
    <text>NORTH OF ASCENSION ISLAND               </text>
    <type>Flinn-Engdahl region</type>
  </description>
  <origin publicID="quakeml:eu.emsc/event/19990316_0000008/origin/14297">
    <time>
      <value>1999-03-16T14:43:01.8Z</value>
      <uncertainty>0.15</uncertainty>
    </time>
    <latitude>
      <value>0.0214</value>
      <uncertainty>5.6</uncertainty>
    </latitude>
    <longitude>
      <value>-16.4057</value>
      <uncertainty>4.3</uncertainty>
    </longitude>
    <depth>
      <value>60000</value>
    </depth>
    <depthType>from location</depthType>
    <methodID>smi:eu.emsc-csem/origin_method/NA</methodID>
    <quality>
      <usedPhaseCount>118</usedPhaseCount>
      <usedStationCount>115</usedStationCount>
      <standardError>0.87</standardError>
      <azimuthalGap>181</azimuthalGap>
      <minimumDistance>12.92</minimumDistance>
      <maximumDistance>76.67</maximumDistance>
    </quality>
    <evaluationMode>manual</evaluationMode>
    <creationInfo>
      <agencyURI>smi:smi-registry/organization/EMSC</agencyURI>
      <authorURI>smi:smi-registry/organization/EMSC</authorURI>
    </creationInfo>
  </origin>
  <magnitude publicID="quakeml:eu.emsc/event/19990316_0000008/origin/14297/mag/2">
    <mag>
      <value>4.9</value>
      <uncertainty>0.3</uncertainty>
    </mag>
    <type>mb</type>
    <originID>quakeml:eu.emsc/event/19990316_0000008/origin/14297</originID>
    <stationCount>62</stationCount>
    <creationInfo>
      <agencyURI>smi:smi-registry/organization/EMSC</agencyURI>
      <authorURI>smi:smi-registry/organization/EMSC</authorURI>
    </creationInfo>
  </magnitude>
</event>
<event publicID="quakeml:eu.emsc/event/19990316_0000016">
  <preferredOriginID>quakeml:eu.emsc/event/19990316_0000016/origin/1475956</preferredOriginID>
  <preferredMagnitudeID>quakeml:eu.emsc/event/19990316_0000016/origin/1475956/mag/2</preferredMagnitudeID>
  <creationInfo>
    <agencyURI>smi:smi-registry/organization/EMSC</agencyURI>
    <authorURI>smi:smi-registry/organization/EMSC</authorURI>
    <creationTime>2014-12-10T12:59:35.73822Z</creationTime>
  </creationInfo>
  <description>
    <text>NORTHERN ITALY</text>
    <type>Flinn-Engdahl region</type>
  </description>
  <origin publicID="quakeml:eu.emsc/event/19990316_0000016/origin/1475956">
    <time>
      <value>1999-03-16T14:08:12.4Z</value>
    </time>
    <latitude>
      <value>44.4399</value>
      <uncertainty>9999.9</uncertainty>
    </latitude>
    <longitude>
      <value>7.6188</value>
      <uncertainty>9999.9</uncertainty>
    </longitude>
    <depth>
      <value>2000</value>
    </depth>
    <depthType>from location</depthType>
    <methodID>smi:eu.emsc-csem/origin_method/NA</methodID>
    <quality>
      <usedPhaseCount>9</usedPhaseCount>
      <usedStationCount>5</usedStationCount>
      <standardError>0.69</standardError>
      <azimuthalGap>280</azimuthalGap>
      <minimumDistance>0.67</minimumDistance>
      <maximumDistance>1.37</maximumDistance>
    </quality>
    <evaluationMode>manual</evaluationMode>
    <creationInfo>
      <agencyURI>smi:smi-registry/organization/EMSC</agencyURI>
      <authorURI>smi:smi-registry/organization/EMSC</authorURI>
    </creationInfo>
    <originUncertainty>
      <azimuthMaxHorizontalUncertainty>-99</azimuthMaxHorizontalUncertainty>
    </originUncertainty>
  </origin>
  <magnitude publicID="quakeml:eu.emsc/event/19990316_0000016/origin/1475956/mag/2">
    <mag>
      <value>2.1</value>
    </mag>
    <type>ML</type>
    <originID>quakeml:eu.emsc/event/19990316_0000016/origin/1475956</originID>
    <stationCount>4</stationCount>
    <creationInfo>
      <agencyURI>smi:smi-registry/organization/EMSC</agencyURI>
      <authorURI>smi:smi-registry/organization/EMSC</authorURI>
    </creationInfo>
  </magnitude>
</event>
<event publicID="quakeml:eu.emsc/event/19990316_0000007">
  <preferredOriginID>quakeml:eu.emsc/event/19990316_0000007/origin/1475958</preferredOriginID>
  <preferredMagnitudeID>quakeml:eu.emsc/event/19990316_0000007/origin/1475958/mag/2</preferredMagnitudeID>
  <creationInfo>
    <agencyURI>smi:smi-registry/organization/EMSC</agencyURI>
    <authorURI>smi:smi-registry/organization/EMSC</authorURI>
    <creationTime>2014-12-11T09:46:04.13025Z</creationTime>
  </creationInfo>
  <description>
    <text>WESTERN TURKEY</text>
    <type>Flinn-Engdahl region</type>
  </description>
  <origin publicID="quakeml:eu.emsc/event/19990316_0000007/origin/1475958">
    <time>
      <value>1999-03-16T12:02:05.7Z</value>
    </time>
    <latitude>
      <value>41.109</value>
      <uncertainty>9999.9</uncertainty>
    </latitude>
    <longitude>
      <value>28.5</value>
      <uncertainty>9999.9</uncertainty>
    </longitude>
    <depth>
      <value>10000</value>
    </depth>
    <depthType>from location</depthType>
    <methodID>smi:eu.emsc-csem/origin_method/NA</methodID>
    <quality>
      <usedPhaseCount>7</usedPhaseCount>
      <usedStationCount>6</usedStationCount>
      <standardError>1.53</standardError>
      <azimuthalGap>149</azimuthalGap>
      <minimumDistance>0.07</minimumDistance>
      <maximumDistance>1.07</maximumDistance>
    </quality>
    <evaluationMode>manual</evaluationMode>
    <creationInfo>
      <agencyURI>smi:smi-registry/organization/EMSC</agencyURI>
      <authorURI>smi:smi-registry/organization/EMSC</authorURI>
    </creationInfo>
    <originUncertainty>
      <azimuthMaxHorizontalUncertainty>-99</azimuthMaxHorizontalUncertainty>
    </originUncertainty>
  </origin>
  <magnitude publicID="quakeml:eu.emsc/event/19990316_0000007/origin/1475958/mag/2">
    <mag>
      <value>2.7</value>
    </mag>
    <type>MD</type>
    <originID>quakeml:eu.emsc/event/19990316_0000007/origin/1475958</originID>
    <creationInfo>
      <agencyURI>smi:smi-registry/organization/EMSC</agencyURI>
      <authorURI>smi:smi-registry/organization/EMSC</authorURI>
    </creationInfo>
  </magnitude>
</event>
<event publicID="quakeml:eu.emsc/event/19990316_0000015">
  <preferredOriginID>quakeml:eu.emsc/event/19990316_0000015/origin/1478806</preferredOriginID>
  <preferredMagnitudeID>quakeml:eu.emsc/event/19990316_0000015/origin/1478806/mag/2</preferredMagnitudeID>
  <creationInfo>
    <agencyURI>smi:smi-registry/organization/EMSC</agencyURI>
    <authorURI>smi:smi-registry/organization/EMSC</authorURI>
    <creationTime>2014-12-03T15:12:45.165562Z</creationTime>
  </creationInfo>
  <description>
    <text>NORTHERN ITALY</text>
    <type>Flinn-Engdahl region</type>
  </description>
  <origin publicID="quakeml:eu.emsc/event/19990316_0000015/origin/1478806">
    <time>
      <value>1999-03-16T10:56:30.6Z</value>
      <uncertainty>0.6</uncertainty>
    </time>
    <latitude>
      <value>44.3907</value>
      <uncertainty>13.6</uncertainty>
    </latitude>
    <longitude>
      <value>7.6578</value>
      <uncertainty>5.4</uncertainty>
    </longitude>
    <depth>
      <value>19500.0</value>
      <uncertainty>0.2</uncertainty>
    </depth>
    <depthType>from location</depthType>
    <methodID>smi:eu.emsc-csem/origin_method/NA</methodID>
    <quality>
      <usedPhaseCount>18</usedPhaseCount>
      <usedStationCount>10</usedStationCount>
      <standardError>0.64</standardError>
      <azimuthalGap>252</azimuthalGap>
      <minimumDistance>0.41</minimumDistance>
      <maximumDistance>1.37</maximumDistance>
    </quality>
    <evaluationMode>manual</evaluationMode>
    <creationInfo>
      <agencyURI>smi:smi-registry/organization/EMSC</agencyURI>
      <authorURI>smi:smi-registry/organization/EMSC</authorURI>
    </creationInfo>
    <originUncertainty>
      <azimuthMaxHorizontalUncertainty>84</azimuthMaxHorizontalUncertainty>
    </originUncertainty>
  </origin>
  <magnitude publicID="quakeml:eu.emsc/event/19990316_0000015/origin/1478806/mag/2">
    <mag>
      <value>2.3</value>
    </mag>
    <type>ML</type>
    <originID>quakeml:eu.emsc/event/19990316_0000015/origin/1478806</originID>
    <stationCount>4</stationCount>
    <creationInfo>
      <agencyURI>smi:smi-registry/organization/EMSC</agencyURI>
      <authorURI>smi:smi-registry/organization/EMSC</authorURI>
    </creationInfo>
  </magnitude>
</event>
<event publicID="quakeml:eu.emsc/event/19990316_0000006">
  <preferredOriginID>quakeml:eu.emsc/event/19990316_0000006/origin/1475960</preferredOriginID>
  <preferredMagnitudeID>quakeml:eu.emsc/event/19990316_0000006/origin/1475960/mag/2</preferredMagnitudeID>
  <creationInfo>
    <agencyURI>smi:smi-registry/organization/EMSC</agencyURI>
    <authorURI>smi:smi-registry/organization/EMSC</authorURI>
    <creationTime>2014-12-11T09:45:40.803358Z</creationTime>
  </creationInfo>
  <description>
    <text>WESTERN TURKEY</text>
    <type>Flinn-Engdahl region</type>
  </description>
  <origin publicID="quakeml:eu.emsc/event/19990316_0000006/origin/1475960">
    <time>
      <value>1999-03-16T10:24:21.8Z</value>
    </time>
    <latitude>
      <value>39.278</value>
      <uncertainty>9999.9</uncertainty>
    </latitude>
    <longitude>
      <value>28.305</value>
      <uncertainty>9999.9</uncertainty>
    </longitude>
    <depth>
      <value>10000</value>
    </depth>
    <depthType>from location</depthType>
    <methodID>smi:eu.emsc-csem/origin_method/NA</methodID>
    <quality>
      <usedPhaseCount>7</usedPhaseCount>
      <usedStationCount>4</usedStationCount>
      <standardError>2.6</standardError>
      <azimuthalGap>183</azimuthalGap>
      <minimumDistance>1.12</minimumDistance>
      <maximumDistance>1.39</maximumDistance>
    </quality>
    <evaluationMode>manual</evaluationMode>
    <creationInfo>
      <agencyURI>smi:smi-registry/organization/EMSC</agencyURI>
      <authorURI>smi:smi-registry/organization/EMSC</authorURI>
    </creationInfo>
    <originUncertainty>
      <azimuthMaxHorizontalUncertainty>-99</azimuthMaxHorizontalUncertainty>
    </originUncertainty>
  </origin>
  <magnitude publicID="quakeml:eu.emsc/event/19990316_0000006/origin/1475960/mag/2">
    <mag>
      <value>2.7</value>
    </mag>
    <type>MD</type>
    <originID>quakeml:eu.emsc/event/19990316_0000006/origin/1475960</originID>
    <creationInfo>
      <agencyURI>smi:smi-registry/organization/EMSC</agencyURI>
      <authorURI>smi:smi-registry/organization/EMSC</authorURI>
    </creationInfo>
  </magnitude>
</event>
<event publicID="quakeml:eu.emsc/event/19990316_0000005">
  <preferredOriginID>quakeml:eu.emsc/event/19990316_0000005/origin/1479274</preferredOriginID>
  <preferredMagnitudeID>quakeml:eu.emsc/event/19990316_0000005/origin/1479274/mag/2</preferredMagnitudeID>
  <creationInfo>
    <agencyURI>smi:smi-registry/organization/EMSC</agencyURI>
    <authorURI>smi:smi-registry/organization/EMSC</authorURI>
    <creationTime>2014-12-03T11:58:58.5871Z</creationTime>
  </creationInfo>
  <description>
    <text>SOUTHERN GREECE</text>
    <type>Flinn-Engdahl region</type>
  </description>
  <origin publicID="quakeml:eu.emsc/event/19990316_0000005/origin/1479274">
    <time>
      <value>1999-03-16T07:29:45.7Z</value>
      <uncertainty>0.93</uncertainty>
    </time>
    <latitude>
      <value>36.4162</value>
      <uncertainty>25</uncertainty>
    </latitude>
    <longitude>
      <value>22.0596</value>
      <uncertainty>8.6</uncertainty>
    </longitude>
    <depth>
      <value>10000</value>
    </depth>
    <depthType>from location</depthType>
    <methodID>smi:eu.emsc-csem/origin_method/NA</methodID>
    <quality>
      <usedPhaseCount>9</usedPhaseCount>
      <usedStationCount>9</usedStationCount>
      <standardError>0.7</standardError>
      <azimuthalGap>232</azimuthalGap>
      <minimumDistance>0.77</minimumDistance>
      <maximumDistance>4.91</maximumDistance>
    </quality>
    <evaluationMode>manual</evaluationMode>
    <creationInfo>
      <agencyURI>smi:smi-registry/organization/EMSC</agencyURI>
      <authorURI>smi:smi-registry/organization/EMSC</authorURI>
    </creationInfo>
    <originUncertainty>
      <azimuthMaxHorizontalUncertainty>49</azimuthMaxHorizontalUncertainty>
    </originUncertainty>
  </origin>
  <magnitude publicID="quakeml:eu.emsc/event/19990316_0000005/origin/1479274/mag/2">
    <mag>
      <value>3.6</value>
    </mag>
    <type>ML</type>
    <originID>quakeml:eu.emsc/event/19990316_0000005/origin/1479274</originID>
    <creationInfo>
      <agencyURI>smi:smi-registry/organization/EMSC</agencyURI>
      <authorURI>smi:smi-registry/organization/EMSC</authorURI>
    </creationInfo>
  </magnitude>
</event>
<event publicID="quakeml:eu.emsc/event/19990316_0000004">
  <preferredOriginID>quakeml:eu.emsc/event/19990316_0000004/origin/1479279</preferredOriginID>
  <preferredMagnitudeID>quakeml:eu.emsc/event/19990316_0000004/origin/1479279/mag/2</preferredMagnitudeID>
  <creationInfo>
    <agencyURI>smi:smi-registry/organization/EMSC</agencyURI>
    <authorURI>smi:smi-registry/organization/EMSC</authorURI>
    <creationTime>2014-12-03T10:24:27.884399Z</creationTime>
  </creationInfo>
  <description>
    <text>CRETE, GREECE</text>
    <type>Flinn-Engdahl region</type>
  </description>
  <origin publicID="quakeml:eu.emsc/event/19990316_0000004/origin/1479279">
    <time>
      <value>1999-03-16T06:52:15.7Z</value>
      <uncertainty>0.21</uncertainty>
    </time>
    <latitude>
      <value>34.2722</value>
      <uncertainty>9.7</uncertainty>
    </latitude>
    <longitude>
      <value>25.7733</value>
      <uncertainty>4.2</uncertainty>
    </longitude>
    <depth>
      <value>8000</value>
    </depth>
    <depthType>from location</depthType>
    <methodID>smi:eu.emsc-csem/origin_method/NA</methodID>
    <quality>
      <usedPhaseCount>36</usedPhaseCount>
      <usedStationCount>35</usedStationCount>
      <standardError>1</standardError>
      <azimuthalGap>59</azimuthalGap>
      <minimumDistance>0.6</minimumDistance>
      <maximumDistance>39.42</maximumDistance>
    </quality>
    <evaluationMode>manual</evaluationMode>
    <creationInfo>
      <agencyURI>smi:smi-registry/organization/EMSC</agencyURI>
      <authorURI>smi:smi-registry/organization/EMSC</authorURI>
    </creationInfo>
    <originUncertainty>
      <azimuthMaxHorizontalUncertainty>47</azimuthMaxHorizontalUncertainty>
    </originUncertainty>
  </origin>
  <magnitude publicID="quakeml:eu.emsc/event/19990316_0000004/origin/1479279/mag/2">
    <mag>
      <value>3.9</value>
    </mag>
    <type>MD</type>
    <originID>quakeml:eu.emsc/event/19990316_0000004/origin/1479279</originID>
    <creationInfo>
      <agencyURI>smi:smi-registry/organization/EMSC</agencyURI>
      <authorURI>smi:smi-registry/organization/EMSC</authorURI>
    </creationInfo>
  </magnitude>
</event>
<event publicID="quakeml:eu.emsc/event/19990316_0000018">
  <preferredOriginID>quakeml:eu.emsc/event/19990316_0000018/origin/1475962</preferredOriginID>
  <preferredMagnitudeID>quakeml:eu.emsc/event/19990316_0000018/origin/1475962/mag/2</preferredMagnitudeID>
  <creationInfo>
    <agencyURI>smi:smi-registry/organization/EMSC</agencyURI>
    <authorURI>smi:smi-registry/organization/EMSC</authorURI>
    <creationTime>2014-12-10T12:59:35.259427Z</creationTime>
  </creationInfo>
  <description>
    <text>FRANCE</text>
    <type>Flinn-Engdahl region</type>
  </description>
  <origin publicID="quakeml:eu.emsc/event/19990316_0000018/origin/1475962">
    <time>
      <value>1999-03-16T05:39:54.0Z</value>
    </time>
    <latitude>
      <value>45.5888</value>
      <uncertainty>9999.9</uncertainty>
    </latitude>
    <longitude>
      <value>6.5313</value>
      <uncertainty>9999.9</uncertainty>
    </longitude>
    <depth>
      <value>2000</value>
    </depth>
    <depthType>from location</depthType>
    <methodID>smi:eu.emsc-csem/origin_method/NA</methodID>
    <quality>
      <usedPhaseCount>7</usedPhaseCount>
      <usedStationCount>4</usedStationCount>
      <standardError>0.53</standardError>
      <azimuthalGap>262</azimuthalGap>
      <minimumDistance>0.16</minimumDistance>
      <maximumDistance>0.88</maximumDistance>
    </quality>
    <evaluationMode>manual</evaluationMode>
    <creationInfo>
      <agencyURI>smi:smi-registry/organization/EMSC</agencyURI>
      <authorURI>smi:smi-registry/organization/EMSC</authorURI>
    </creationInfo>
    <originUncertainty>
      <azimuthMaxHorizontalUncertainty>-99</azimuthMaxHorizontalUncertainty>
    </originUncertainty>
  </origin>
  <magnitude publicID="quakeml:eu.emsc/event/19990316_0000018/origin/1475962/mag/2">
    <mag>
      <value>1.4</value>
    </mag>
    <type>ML</type>
    <originID>quakeml:eu.emsc/event/19990316_0000018/origin/1475962</originID>
    <stationCount>1</stationCount>
    <creationInfo>
      <agencyURI>smi:smi-registry/organization/EMSC</agencyURI>
      <authorURI>smi:smi-registry/organization/EMSC</authorURI>
    </creationInfo>
  </magnitude>
</event>
<event publicID="quakeml:eu.emsc/event/19990316_0000003">
  <preferredOriginID>quakeml:eu.emsc/event/19990316_0000003/origin/1475964</preferredOriginID>
  <preferredMagnitudeID>quakeml:eu.emsc/event/19990316_0000003/origin/1475964/mag/2</preferredMagnitudeID>
  <creationInfo>
    <agencyURI>smi:smi-registry/organization/EMSC</agencyURI>
    <authorURI>smi:smi-registry/organization/EMSC</authorURI>
    <creationTime>2014-12-11T09:44:35.730109Z</creationTime>
  </creationInfo>
  <description>
    <text>SOUTHERN GREECE</text>
    <type>Flinn-Engdahl region</type>
  </description>
  <origin publicID="quakeml:eu.emsc/event/19990316_0000003/origin/1475964">
    <time>
      <value>1999-03-16T00:54:50.8Z</value>
    </time>
    <latitude>
      <value>36.65</value>
      <uncertainty>9999.9</uncertainty>
    </latitude>
    <longitude>
      <value>22.87</value>
      <uncertainty>9999.9</uncertainty>
    </longitude>
    <depth>
      <value>10000</value>
    </depth>
    <depthType>from location</depthType>
    <methodID>smi:eu.emsc-csem/origin_method/NA</methodID>
    <quality>
      <usedPhaseCount>8</usedPhaseCount>
      <usedStationCount>7</usedStationCount>
      <standardError>1.68</standardError>
      <azimuthalGap>145</azimuthalGap>
      <minimumDistance>0.09</minimumDistance>
      <maximumDistance>1.64</maximumDistance>
    </quality>
    <evaluationMode>manual</evaluationMode>
    <creationInfo>
      <agencyURI>smi:smi-registry/organization/EMSC</agencyURI>
      <authorURI>smi:smi-registry/organization/EMSC</authorURI>
    </creationInfo>
    <originUncertainty>
      <azimuthMaxHorizontalUncertainty>-99</azimuthMaxHorizontalUncertainty>
    </originUncertainty>
  </origin>
  <magnitude publicID="quakeml:eu.emsc/event/19990316_0000003/origin/1475964/mag/2">
    <mag>
      <value>3</value>
    </mag>
    <type>ML</type>
    <originID>quakeml:eu.emsc/event/19990316_0000003/origin/1475964</originID>
    <creationInfo>
      <agencyURI>smi:smi-registry/organization/EMSC</agencyURI>
      <authorURI>smi:smi-registry/organization/EMSC</authorURI>
    </creationInfo>
  </magnitude>
</event>
<event publicID="quakeml:eu.emsc/event/19990316_0000002">
  <preferredOriginID>quakeml:eu.emsc/event/19990316_0000002/origin/1479282</preferredOriginID>
  <preferredMagnitudeID>quakeml:eu.emsc/event/19990316_0000002/origin/1479282/mag/2</preferredMagnitudeID>
  <creationInfo>
    <agencyURI>smi:smi-registry/organization/EMSC</agencyURI>
    <authorURI>smi:smi-registry/organization/EMSC</authorURI>
    <creationTime>2014-12-03T11:20:28.575711Z</creationTime>
  </creationInfo>
  <description>
    <text>CENTRAL MEDITERRANEAN SEA</text>
    <type>Flinn-Engdahl region</type>
  </description>
  <origin publicID="quakeml:eu.emsc/event/19990316_0000002/origin/1479282">
    <time>
      <value>1999-03-16T00:15:23.6Z</value>
      <uncertainty>1.25</uncertainty>
    </time>
    <latitude>
      <value>35.2763</value>
      <uncertainty>32.1</uncertainty>
    </latitude>
    <longitude>
      <value>21.9018</value>
      <uncertainty>12.7</uncertainty>
    </longitude>
    <depth>
      <value>20000</value>
    </depth>
    <depthType>from location</depthType>
    <methodID>smi:eu.emsc-csem/origin_method/NA</methodID>
    <quality>
      <usedPhaseCount>8</usedPhaseCount>
      <usedStationCount>8</usedStationCount>
      <standardError>0.51</standardError>
      <azimuthalGap>266</azimuthalGap>
      <minimumDistance>1.36</minimumDistance>
      <maximumDistance>6.06</maximumDistance>
    </quality>
    <evaluationMode>manual</evaluationMode>
    <creationInfo>
      <agencyURI>smi:smi-registry/organization/EMSC</agencyURI>
      <authorURI>smi:smi-registry/organization/EMSC</authorURI>
    </creationInfo>
    <originUncertainty>
      <azimuthMaxHorizontalUncertainty>36</azimuthMaxHorizontalUncertainty>
    </originUncertainty>
  </origin>
  <magnitude publicID="quakeml:eu.emsc/event/19990316_0000002/origin/1479282/mag/2">
    <mag>
      <value>3.6</value>
    </mag>
    <type>ML</type>
    <originID>quakeml:eu.emsc/event/19990316_0000002/origin/1479282</originID>
    <creationInfo>
      <agencyURI>smi:smi-registry/organization/EMSC</agencyURI>
      <authorURI>smi:smi-registry/organization/EMSC</authorURI>
    </creationInfo>
  </magnitude>
</event>
<event publicID="quakeml:eu.emsc/event/19990316_0000001">
  <preferredOriginID>quakeml:eu.emsc/event/19990316_0000001/origin/1479285</preferredOriginID>
  <preferredMagnitudeID>quakeml:eu.emsc/event/19990316_0000001/origin/1479285/mag/2</preferredMagnitudeID>
  <creationInfo>
    <agencyURI>smi:smi-registry/organization/EMSC</agencyURI>
    <authorURI>smi:smi-registry/organization/EMSC</authorURI>
    <creationTime>2014-12-03T12:10:45.829821Z</creationTime>
  </creationInfo>
  <description>
    <text>CENTRAL MEDITERRANEAN SEA</text>
    <type>Flinn-Engdahl region</type>
  </description>
  <origin publicID="quakeml:eu.emsc/event/19990316_0000001/origin/1479285">
    <time>
      <value>1999-03-16T00:00:40.3Z</value>
      <uncertainty>0.69</uncertainty>
    </time>
    <latitude>
      <value>35.1715</value>
      <uncertainty>26.9</uncertainty>
    </latitude>
    <longitude>
      <value>22.8786</value>
      <uncertainty>7</uncertainty>
    </longitude>
    <depth>
      <value>100000</value>
    </depth>
    <depthType>from location</depthType>
    <methodID>smi:eu.emsc-csem/origin_method/NA</methodID>
    <quality>
      <usedPhaseCount>17</usedPhaseCount>
      <usedStationCount>17</usedStationCount>
      <standardError>0.97</standardError>
      <azimuthalGap>213</azimuthalGap>
      <minimumDistance>1.11</minimumDistance>
      <maximumDistance>11.44</maximumDistance>
    </quality>
    <evaluationMode>manual</evaluationMode>
    <creationInfo>
      <agencyURI>smi:smi-registry/organization/EMSC</agencyURI>
      <authorURI>smi:smi-registry/organization/EMSC</authorURI>
    </creationInfo>
    <originUncertainty>
      <azimuthMaxHorizontalUncertainty>56</azimuthMaxHorizontalUncertainty>
    </originUncertainty>
  </origin>
  <magnitude publicID="quakeml:eu.emsc/event/19990316_0000001/origin/1479285/mag/2">
    <mag>
      <value>3.7</value>
    </mag>
    <type>ML</type>
    <originID>quakeml:eu.emsc/event/19990316_0000001/origin/1479285</originID>
    <creationInfo>
      <agencyURI>smi:smi-registry/organization/EMSC</agencyURI>
      <authorURI>smi:smi-registry/organization/EMSC</authorURI>
    </creationInfo>
  </magnitude>
</event>
</eventParameters>
</q:quakeml>
