<?xml version="1.0"?>
<q:quakeml xmlns:q="http://quakeml.org/xmlns/quakeml/1.2"  xmlns="http://quakeml.org/xmlns/bed/1.2">
<eventParameters publicID="smi:eu.emsc/unid">
<event publicID="quakeml:eu.emsc/event/19991216_0000019">
  <preferredOriginID>quakeml:eu.emsc/event/19991216_0000019/origin/1469818</preferredOriginID>
  <preferredMagnitudeID>quakeml:eu.emsc/event/19991216_0000019/origin/1469818/mag/2</preferredMagnitudeID>
  <creationInfo>
    <agencyURI>smi:smi-registry/organization/EMSC</agencyURI>
    <authorURI>smi:smi-registry/organization/EMSC</authorURI>
    <creationTime>2014-12-10T08:07:04.39686Z</creationTime>
  </creationInfo>
  <description>
    <text>GREECE</text>
    <type>Flinn-Engdahl region</type>
  </description>
  <origin publicID="quakeml:eu.emsc/event/19991216_0000019/origin/1469818">
    <time>
      <value>1999-12-16T18:29:52.1Z</value>
    </time>
    <latitude>
      <value>38.53</value>
      <uncertainty>9999.9</uncertainty>
    </latitude>
    <longitude>
      <value>23.52</value>
      <uncertainty>9999.9</uncertainty>
    </longitude>
    <depth>
      <value>27000</value>
    </depth>
    <depthType>from location</depthType>
    <methodID>smi:eu.emsc-csem/origin_method/NA</methodID>
    <quality>
      <usedPhaseCount>6</usedPhaseCount>
      <usedStationCount>4</usedStationCount>
      <standardError>1.53</standardError>
      <azimuthalGap>223</azimuthalGap>
      <minimumDistance>0.55</minimumDistance>
      <maximumDistance>1.87</maximumDistance>
    </quality>
    <evaluationMode>manual</evaluationMode>
    <creationInfo>
      <agencyURI>smi:smi-registry/organization/EMSC</agencyURI>
      <authorURI>smi:smi-registry/organization/EMSC</authorURI>
    </creationInfo>
    <originUncertainty>
      <azimuthMaxHorizontalUncertainty>-99</azimuthMaxHorizontalUncertainty>
    </originUncertainty>
  </origin>
  <magnitude publicID="quakeml:eu.emsc/event/19991216_0000019/origin/1469818/mag/2">
    <mag>
      <value>2.7</value>
    </mag>
    <type>ML</type>
    <originID>quakeml:eu.emsc/event/19991216_0000019/origin/1469818</originID>
    <creationInfo>
      <agencyURI>smi:smi-registry/organization/EMSC</agencyURI>
      <authorURI>smi:smi-registry/organization/EMSC</authorURI>
    </creationInfo>
  </magnitude>
</event>
<event publicID="quakeml:eu.emsc/event/19991216_0000018">
  <preferredOriginID>quakeml:eu.emsc/event/19991216_0000018/origin/1459424</preferredOriginID>
  <preferredMagnitudeID>quakeml:eu.emsc/event/19991216_0000018/origin/1459424/mag/1</preferredMagnitudeID>
  <creationInfo>
    <agencyURI>smi:smi-registry/organization/EMSC</agencyURI>
    <authorURI>smi:smi-registry/organization/EMSC</authorURI>
    <creationTime>2014-12-03T11:37:12.645674Z</creationTime>
  </creationInfo>
  <description>
    <text>FRANCE</text>
    <type>Flinn-Engdahl region</type>
  </description>
  <origin publicID="quakeml:eu.emsc/event/19991216_0000018/origin/1459424">
    <time>
      <value>1999-12-16T18:16:36.7Z</value>
      <uncertainty>0.27</uncertainty>
    </time>
    <latitude>
      <value>46.6496</value>
      <uncertainty>6.3</uncertainty>
    </latitude>
    <longitude>
      <value>-0.9903</value>
      <uncertainty>3.3</uncertainty>
    </longitude>
    <depth>
      <value>10000</value>
    </depth>
    <depthType>from location</depthType>
    <methodID>smi:eu.emsc-csem/origin_method/NA</methodID>
    <quality>
      <usedPhaseCount>44</usedPhaseCount>
      <usedStationCount>19</usedStationCount>
      <standardError>1.3</standardError>
      <azimuthalGap>169</azimuthalGap>
      <minimumDistance>0.17</minimumDistance>
      <maximumDistance>3.38</maximumDistance>
    </quality>
    <evaluationMode>manual</evaluationMode>
    <creationInfo>
      <agencyURI>smi:smi-registry/organization/EMSC</agencyURI>
      <authorURI>smi:smi-registry/organization/EMSC</authorURI>
    </creationInfo>
    <originUncertainty>
      <azimuthMaxHorizontalUncertainty>45</azimuthMaxHorizontalUncertainty>
    </originUncertainty>
  </origin>
  <magnitude publicID="quakeml:eu.emsc/event/19991216_0000018/origin/1459424/mag/1">
    <mag>
      <value>2.8</value>
      <uncertainty>0.4</uncertainty>
    </mag>
    <type>ML</type>
    <originID>quakeml:eu.emsc/event/19991216_0000018/origin/1459424</originID>
    <stationCount>13</stationCount>
    <creationInfo>
      <agencyURI>smi:smi-registry/organization/EMSC</agencyURI>
      <authorURI>smi:smi-registry/organization/EMSC</authorURI>
    </creationInfo>
  </magnitude>
</event>
<event publicID="quakeml:eu.emsc/event/19991216_0000017">
  <preferredOriginID>quakeml:eu.emsc/event/19991216_0000017/origin/1469820</preferredOriginID>
  <preferredMagnitudeID>quakeml:eu.emsc/event/19991216_0000017/origin/1469820/mag/2</preferredMagnitudeID>
  <creationInfo>
    <agencyURI>smi:smi-registry/organization/EMSC</agencyURI>
    <authorURI>smi:smi-registry/organization/EMSC</authorURI>
    <creationTime>2014-12-10T08:07:00.687614Z</creationTime>
  </creationInfo>
  <description>
    <text>WESTERN TURKEY</text>
    <type>Flinn-Engdahl region</type>
  </description>
  <origin publicID="quakeml:eu.emsc/event/19991216_0000017/origin/1469820">
    <time>
      <value>1999-12-16T17:55:53.0Z</value>
    </time>
    <latitude>
      <value>37.865</value>
      <uncertainty>9999.9</uncertainty>
    </latitude>
    <longitude>
      <value>29.066</value>
      <uncertainty>9999.9</uncertainty>
    </longitude>
    <depth>
      <value>10000</value>
    </depth>
    <depthType>from location</depthType>
    <methodID>smi:eu.emsc-csem/origin_method/NA</methodID>
    <quality>
      <usedPhaseCount>7</usedPhaseCount>
      <usedStationCount>4</usedStationCount>
      <standardError>1.43</standardError>
      <azimuthalGap>182</azimuthalGap>
      <minimumDistance>0.59</minimumDistance>
      <maximumDistance>1.52</maximumDistance>
    </quality>
    <evaluationMode>manual</evaluationMode>
    <creationInfo>
      <agencyURI>smi:smi-registry/organization/EMSC</agencyURI>
      <authorURI>smi:smi-registry/organization/EMSC</authorURI>
    </creationInfo>
    <originUncertainty>
      <azimuthMaxHorizontalUncertainty>-99</azimuthMaxHorizontalUncertainty>
    </originUncertainty>
  </origin>
  <magnitude publicID="quakeml:eu.emsc/event/19991216_0000017/origin/1469820/mag/2">
    <mag>
      <value>2.9</value>
    </mag>
    <type>MD</type>
    <originID>quakeml:eu.emsc/event/19991216_0000017/origin/1469820</originID>
    <creationInfo>
      <agencyURI>smi:smi-registry/organization/EMSC</agencyURI>
      <authorURI>smi:smi-registry/organization/EMSC</authorURI>
    </creationInfo>
  </magnitude>
</event>
<event publicID="quakeml:eu.emsc/event/19991216_0000016">
  <preferredOriginID>quakeml:eu.emsc/event/19991216_0000016/origin/1469822</preferredOriginID>
  <preferredMagnitudeID>quakeml:eu.emsc/event/19991216_0000016/origin/1469822/mag/2</preferredMagnitudeID>
  <creationInfo>
    <agencyURI>smi:smi-registry/organization/EMSC</agencyURI>
    <authorURI>smi:smi-registry/organization/EMSC</authorURI>
    <creationTime>2014-12-10T08:06:59.202087Z</creationTime>
  </creationInfo>
  <description>
    <text>WESTERN TURKEY</text>
    <type>Flinn-Engdahl region</type>
  </description>
  <origin publicID="quakeml:eu.emsc/event/19991216_0000016/origin/1469822">
    <time>
      <value>1999-12-16T17:06:48.5Z</value>
    </time>
    <latitude>
      <value>37.992</value>
      <uncertainty>9999.9</uncertainty>
    </latitude>
    <longitude>
      <value>29.006</value>
      <uncertainty>9999.9</uncertainty>
    </longitude>
    <depth>
      <value>10000</value>
    </depth>
    <depthType>from location</depthType>
    <methodID>smi:eu.emsc-csem/origin_method/NA</methodID>
    <quality>
      <usedPhaseCount>5</usedPhaseCount>
      <usedStationCount>4</usedStationCount>
      <standardError>2.38</standardError>
      <azimuthalGap>137</azimuthalGap>
      <minimumDistance>1.36</minimumDistance>
      <maximumDistance>1.43</maximumDistance>
    </quality>
    <evaluationMode>manual</evaluationMode>
    <creationInfo>
      <agencyURI>smi:smi-registry/organization/EMSC</agencyURI>
      <authorURI>smi:smi-registry/organization/EMSC</authorURI>
    </creationInfo>
    <originUncertainty>
      <azimuthMaxHorizontalUncertainty>-99</azimuthMaxHorizontalUncertainty>
    </originUncertainty>
  </origin>
  <magnitude publicID="quakeml:eu.emsc/event/19991216_0000016/origin/1469822/mag/2">
    <mag>
      <value>3.2</value>
    </mag>
    <type>MD</type>
    <originID>quakeml:eu.emsc/event/19991216_0000016/origin/1469822</originID>
    <creationInfo>
      <agencyURI>smi:smi-registry/organization/EMSC</agencyURI>
      <authorURI>smi:smi-registry/organization/EMSC</authorURI>
    </creationInfo>
  </magnitude>
</event>
<event publicID="quakeml:eu.emsc/event/19991216_0000015">
  <preferredOriginID>quakeml:eu.emsc/event/19991216_0000015/origin/1469824</preferredOriginID>
  <preferredMagnitudeID>quakeml:eu.emsc/event/19991216_0000015/origin/1469824/mag/2</preferredMagnitudeID>
  <creationInfo>
    <agencyURI>smi:smi-registry/organization/EMSC</agencyURI>
    <authorURI>smi:smi-registry/organization/EMSC</authorURI>
    <creationTime>2014-12-10T08:06:58.710525Z</creationTime>
  </creationInfo>
  <description>
    <text>SOUTHERN GREECE</text>
    <type>Flinn-Engdahl region</type>
  </description>
  <origin publicID="quakeml:eu.emsc/event/19991216_0000015/origin/1469824">
    <time>
      <value>1999-12-16T16:36:38.7Z</value>
    </time>
    <latitude>
      <value>37</value>
      <uncertainty>9999.9</uncertainty>
    </latitude>
    <longitude>
      <value>21.67</value>
      <uncertainty>9999.9</uncertainty>
    </longitude>
    <depth>
      <value>5000</value>
    </depth>
    <depthType>from location</depthType>
    <methodID>smi:eu.emsc-csem/origin_method/NA</methodID>
    <quality>
      <usedPhaseCount>6</usedPhaseCount>
      <usedStationCount>5</usedStationCount>
      <standardError>1.34</standardError>
      <azimuthalGap>201</azimuthalGap>
      <minimumDistance>0.27</minimumDistance>
      <maximumDistance>1.92</maximumDistance>
    </quality>
    <evaluationMode>manual</evaluationMode>
    <creationInfo>
      <agencyURI>smi:smi-registry/organization/EMSC</agencyURI>
      <authorURI>smi:smi-registry/organization/EMSC</authorURI>
    </creationInfo>
    <originUncertainty>
      <azimuthMaxHorizontalUncertainty>-99</azimuthMaxHorizontalUncertainty>
    </originUncertainty>
  </origin>
  <magnitude publicID="quakeml:eu.emsc/event/19991216_0000015/origin/1469824/mag/2">
    <mag>
      <value>3</value>
    </mag>
    <type>MD</type>
    <originID>quakeml:eu.emsc/event/19991216_0000015/origin/1469824</originID>
    <creationInfo>
      <agencyURI>smi:smi-registry/organization/EMSC</agencyURI>
      <authorURI>smi:smi-registry/organization/EMSC</authorURI>
    </creationInfo>
  </magnitude>
</event>
<event publicID="quakeml:eu.emsc/event/19991216_0000014">
  <preferredOriginID>quakeml:eu.emsc/event/19991216_0000014/origin/1469826</preferredOriginID>
  <preferredMagnitudeID>quakeml:eu.emsc/event/19991216_0000014/origin/1469826/mag/2</preferredMagnitudeID>
  <creationInfo>
    <agencyURI>smi:smi-registry/organization/EMSC</agencyURI>
    <authorURI>smi:smi-registry/organization/EMSC</authorURI>
    <creationTime>2014-12-10T08:06:55.692848Z</creationTime>
  </creationInfo>
  <description>
    <text>WESTERN TURKEY</text>
    <type>Flinn-Engdahl region</type>
  </description>
  <origin publicID="quakeml:eu.emsc/event/19991216_0000014/origin/1469826">
    <time>
      <value>1999-12-16T16:21:43.2Z</value>
    </time>
    <latitude>
      <value>40.812</value>
      <uncertainty>9999.9</uncertainty>
    </latitude>
    <longitude>
      <value>31.333</value>
      <uncertainty>9999.9</uncertainty>
    </longitude>
    <depth>
      <value>10000</value>
    </depth>
    <depthType>from location</depthType>
    <methodID>smi:eu.emsc-csem/origin_method/NA</methodID>
    <quality>
      <usedPhaseCount>9</usedPhaseCount>
      <usedStationCount>8</usedStationCount>
      <standardError>2.41</standardError>
      <azimuthalGap>155</azimuthalGap>
      <minimumDistance>0.36</minimumDistance>
      <maximumDistance>2.68</maximumDistance>
    </quality>
    <evaluationMode>manual</evaluationMode>
    <creationInfo>
      <agencyURI>smi:smi-registry/organization/EMSC</agencyURI>
      <authorURI>smi:smi-registry/organization/EMSC</authorURI>
    </creationInfo>
    <originUncertainty>
      <azimuthMaxHorizontalUncertainty>-99</azimuthMaxHorizontalUncertainty>
    </originUncertainty>
  </origin>
  <magnitude publicID="quakeml:eu.emsc/event/19991216_0000014/origin/1469826/mag/2">
    <mag>
      <value>3.2</value>
    </mag>
    <type>MD</type>
    <originID>quakeml:eu.emsc/event/19991216_0000014/origin/1469826</originID>
    <creationInfo>
      <agencyURI>smi:smi-registry/organization/EMSC</agencyURI>
      <authorURI>smi:smi-registry/organization/EMSC</authorURI>
    </creationInfo>
  </magnitude>
</event>
<event publicID="quakeml:eu.emsc/event/19991216_0000012">
  <preferredOriginID>quakeml:eu.emsc/event/19991216_0000012/origin/1459427</preferredOriginID>
  <preferredMagnitudeID>quakeml:eu.emsc/event/19991216_0000012/origin/1459427/mag/2</preferredMagnitudeID>
  <creationInfo>
    <agencyURI>smi:smi-registry/organization/EMSC</agencyURI>
    <authorURI>smi:smi-registry/organization/EMSC</authorURI>
    <creationTime>2014-12-03T11:27:53.727212Z</creationTime>
  </creationInfo>
  <description>
    <text>GREECE</text>
    <type>Flinn-Engdahl region</type>
  </description>
  <origin publicID="quakeml:eu.emsc/event/19991216_0000012/origin/1459427">
    <time>
      <value>1999-12-16T14:48:06.4Z</value>
      <uncertainty>0.3</uncertainty>
    </time>
    <latitude>
      <value>38.5872</value>
      <uncertainty>9.5</uncertainty>
    </latitude>
    <longitude>
      <value>23.5745</value>
      <uncertainty>5.8</uncertainty>
    </longitude>
    <depth>
      <value>6700.0</value>
      <uncertainty>2</uncertainty>
    </depth>
    <depthType>from location</depthType>
    <methodID>smi:eu.emsc-csem/origin_method/NA</methodID>
    <quality>
      <usedPhaseCount>20</usedPhaseCount>
      <usedStationCount>13</usedStationCount>
      <standardError>1.02</standardError>
      <azimuthalGap>146</azimuthalGap>
      <minimumDistance>0.58</minimumDistance>
      <maximumDistance>2.84</maximumDistance>
    </quality>
    <evaluationMode>manual</evaluationMode>
    <creationInfo>
      <agencyURI>smi:smi-registry/organization/EMSC</agencyURI>
      <authorURI>smi:smi-registry/organization/EMSC</authorURI>
    </creationInfo>
    <originUncertainty>
      <azimuthMaxHorizontalUncertainty>97</azimuthMaxHorizontalUncertainty>
    </originUncertainty>
  </origin>
  <magnitude publicID="quakeml:eu.emsc/event/19991216_0000012/origin/1459427/mag/2">
    <mag>
      <value>3.5</value>
    </mag>
    <type>ML</type>
    <originID>quakeml:eu.emsc/event/19991216_0000012/origin/1459427</originID>
    <creationInfo>
      <agencyURI>smi:smi-registry/organization/EMSC</agencyURI>
      <authorURI>smi:smi-registry/organization/EMSC</authorURI>
    </creationInfo>
  </magnitude>
</event>
<event publicID="quakeml:eu.emsc/event/19991216_0000011">
  <preferredOriginID>quakeml:eu.emsc/event/19991216_0000011/origin/1459429</preferredOriginID>
  <preferredMagnitudeID>quakeml:eu.emsc/event/19991216_0000011/origin/1459429/mag/2</preferredMagnitudeID>
  <creationInfo>
    <agencyURI>smi:smi-registry/organization/EMSC</agencyURI>
    <authorURI>smi:smi-registry/organization/EMSC</authorURI>
    <creationTime>2014-12-03T10:25:28.8945Z</creationTime>
  </creationInfo>
  <description>
    <text>SOUTHERN IRAN</text>
    <type>Flinn-Engdahl region</type>
  </description>
  <origin publicID="quakeml:eu.emsc/event/19991216_0000011/origin/1459429">
    <time>
      <value>1999-12-16T14:26:46.9Z</value>
      <uncertainty>3.11</uncertainty>
    </time>
    <latitude>
      <value>27.945</value>
      <uncertainty>41.1</uncertainty>
    </latitude>
    <longitude>
      <value>54.1448</value>
      <uncertainty>23.6</uncertainty>
    </longitude>
    <depth>
      <value>93000</value>
      <uncertainty>30.1</uncertainty>
    </depth>
    <depthType>from location</depthType>
    <methodID>smi:eu.emsc-csem/origin_method/NA</methodID>
    <quality>
      <usedPhaseCount>9</usedPhaseCount>
      <usedStationCount>8</usedStationCount>
      <standardError>0.99</standardError>
      <azimuthalGap>149</azimuthalGap>
      <minimumDistance>17.36</minimumDistance>
      <maximumDistance>89.43</maximumDistance>
    </quality>
    <evaluationMode>manual</evaluationMode>
    <creationInfo>
      <agencyURI>smi:smi-registry/organization/EMSC</agencyURI>
      <authorURI>smi:smi-registry/organization/EMSC</authorURI>
    </creationInfo>
    <originUncertainty>
      <azimuthMaxHorizontalUncertainty>179</azimuthMaxHorizontalUncertainty>
    </originUncertainty>
  </origin>
  <magnitude publicID="quakeml:eu.emsc/event/19991216_0000011/origin/1459429/mag/2">
    <mag>
      <value>3.9</value>
    </mag>
    <type>mb</type>
    <originID>quakeml:eu.emsc/event/19991216_0000011/origin/1459429</originID>
    <stationCount>1</stationCount>
    <creationInfo>
      <agencyURI>smi:smi-registry/organization/EMSC</agencyURI>
      <authorURI>smi:smi-registry/organization/EMSC</authorURI>
    </creationInfo>
  </magnitude>
</event>
<event publicID="quakeml:eu.emsc/event/19991216_0000010">
  <preferredOriginID>quakeml:eu.emsc/event/19991216_0000010/origin/1469828</preferredOriginID>
  <preferredMagnitudeID>quakeml:eu.emsc/event/19991216_0000010/origin/1469828/mag/2</preferredMagnitudeID>
  <creationInfo>
    <agencyURI>smi:smi-registry/organization/EMSC</agencyURI>
    <authorURI>smi:smi-registry/organization/EMSC</authorURI>
    <creationTime>2014-12-10T08:06:50.589061Z</creationTime>
  </creationInfo>
  <description>
    <text>SOUTHERN GREECE</text>
    <type>Flinn-Engdahl region</type>
  </description>
  <origin publicID="quakeml:eu.emsc/event/19991216_0000010/origin/1469828">
    <time>
      <value>1999-12-16T13:10:30.5Z</value>
    </time>
    <latitude>
      <value>37.02</value>
      <uncertainty>9999.9</uncertainty>
    </latitude>
    <longitude>
      <value>22.6</value>
      <uncertainty>9999.9</uncertainty>
    </longitude>
    <depth>
      <value>5000</value>
    </depth>
    <depthType>from location</depthType>
    <methodID>smi:eu.emsc-csem/origin_method/NA</methodID>
    <quality>
      <usedPhaseCount>11</usedPhaseCount>
      <usedStationCount>8</usedStationCount>
      <standardError>1.25</standardError>
      <azimuthalGap>132</azimuthalGap>
      <minimumDistance>0.4</minimumDistance>
      <maximumDistance>2.07</maximumDistance>
    </quality>
    <evaluationMode>manual</evaluationMode>
    <creationInfo>
      <agencyURI>smi:smi-registry/organization/EMSC</agencyURI>
      <authorURI>smi:smi-registry/organization/EMSC</authorURI>
    </creationInfo>
    <originUncertainty>
      <azimuthMaxHorizontalUncertainty>-99</azimuthMaxHorizontalUncertainty>
    </originUncertainty>
  </origin>
  <magnitude publicID="quakeml:eu.emsc/event/19991216_0000010/origin/1469828/mag/2">
    <mag>
      <value>3</value>
    </mag>
    <type>ML</type>
    <originID>quakeml:eu.emsc/event/19991216_0000010/origin/1469828</originID>
    <creationInfo>
      <agencyURI>smi:smi-registry/organization/EMSC</agencyURI>
      <authorURI>smi:smi-registry/organization/EMSC</authorURI>
    </creationInfo>
  </magnitude>
</event>
<event publicID="quakeml:eu.emsc/event/19991216_0000009">
  <preferredOriginID>quakeml:eu.emsc/event/19991216_0000009/origin/1459431</preferredOriginID>
  <preferredMagnitudeID>quakeml:eu.emsc/event/19991216_0000009/origin/1459431/mag/2</preferredMagnitudeID>
  <creationInfo>
    <agencyURI>smi:smi-registry/organization/EMSC</agencyURI>
    <authorURI>smi:smi-registry/organization/EMSC</authorURI>
    <creationTime>2014-12-03T11:41:10.153282Z</creationTime>
  </creationInfo>
  <description>
    <text>SOUTHERN GREECE</text>
    <type>Flinn-Engdahl region</type>
  </description>
  <origin publicID="quakeml:eu.emsc/event/19991216_0000009/origin/1459431">
    <time>
      <value>1999-12-16T13:06:27.2Z</value>
      <uncertainty>0.22</uncertainty>
    </time>
    <latitude>
      <value>37.0435</value>
      <uncertainty>6.1</uncertainty>
    </latitude>
    <longitude>
      <value>22.6226</value>
      <uncertainty>4.4</uncertainty>
    </longitude>
    <depth>
      <value>8000</value>
    </depth>
    <depthType>from location</depthType>
    <methodID>smi:eu.emsc-csem/origin_method/NA</methodID>
    <quality>
      <usedPhaseCount>12</usedPhaseCount>
      <usedStationCount>10</usedStationCount>
      <standardError>0.76</standardError>
      <azimuthalGap>127</azimuthalGap>
      <minimumDistance>0.41</minimumDistance>
      <maximumDistance>4.27</maximumDistance>
    </quality>
    <evaluationMode>manual</evaluationMode>
    <creationInfo>
      <agencyURI>smi:smi-registry/organization/EMSC</agencyURI>
      <authorURI>smi:smi-registry/organization/EMSC</authorURI>
    </creationInfo>
    <originUncertainty>
      <azimuthMaxHorizontalUncertainty>64</azimuthMaxHorizontalUncertainty>
    </originUncertainty>
  </origin>
  <magnitude publicID="quakeml:eu.emsc/event/19991216_0000009/origin/1459431/mag/2">
    <mag>
      <value>3.2</value>
    </mag>
    <type>ML</type>
    <originID>quakeml:eu.emsc/event/19991216_0000009/origin/1459431</originID>
    <creationInfo>
      <agencyURI>smi:smi-registry/organization/EMSC</agencyURI>
      <authorURI>smi:smi-registry/organization/EMSC</authorURI>
    </creationInfo>
  </magnitude>
</event>
<event publicID="quakeml:eu.emsc/event/19991216_0000008">
  <preferredOriginID>quakeml:eu.emsc/event/19991216_0000008/origin/1459433</preferredOriginID>
  <preferredMagnitudeID>quakeml:eu.emsc/event/19991216_0000008/origin/1459433/mag/2</preferredMagnitudeID>
  <creationInfo>
    <agencyURI>smi:smi-registry/organization/EMSC</agencyURI>
    <authorURI>smi:smi-registry/organization/EMSC</authorURI>
    <creationTime>2014-12-03T11:42:09.27502Z</creationTime>
  </creationInfo>
  <description>
    <text>WESTERN TURKEY</text>
    <type>Flinn-Engdahl region</type>
  </description>
  <origin publicID="quakeml:eu.emsc/event/19991216_0000008/origin/1459433">
    <time>
      <value>1999-12-16T12:32:45.2Z</value>
      <uncertainty>0.1</uncertainty>
    </time>
    <latitude>
      <value>40.7009</value>
      <uncertainty>3</uncertainty>
    </latitude>
    <longitude>
      <value>29.377</value>
      <uncertainty>2.2</uncertainty>
    </longitude>
    <depth>
      <value>8000</value>
    </depth>
    <depthType>from location</depthType>
    <methodID>smi:eu.emsc-csem/origin_method/NA</methodID>
    <quality>
      <usedPhaseCount>23</usedPhaseCount>
      <usedStationCount>22</usedStationCount>
      <standardError>0.55</standardError>
      <azimuthalGap>72</azimuthalGap>
      <minimumDistance>0.13</minimumDistance>
      <maximumDistance>4.99</maximumDistance>
    </quality>
    <evaluationMode>manual</evaluationMode>
    <creationInfo>
      <agencyURI>smi:smi-registry/organization/EMSC</agencyURI>
      <authorURI>smi:smi-registry/organization/EMSC</authorURI>
    </creationInfo>
    <originUncertainty>
      <azimuthMaxHorizontalUncertainty>62</azimuthMaxHorizontalUncertainty>
    </originUncertainty>
  </origin>
  <magnitude publicID="quakeml:eu.emsc/event/19991216_0000008/origin/1459433/mag/2">
    <mag>
      <value>3.5</value>
    </mag>
    <type>MD</type>
    <originID>quakeml:eu.emsc/event/19991216_0000008/origin/1459433</originID>
    <creationInfo>
      <agencyURI>smi:smi-registry/organization/EMSC</agencyURI>
      <authorURI>smi:smi-registry/organization/EMSC</authorURI>
    </creationInfo>
  </magnitude>
</event>
<event publicID="quakeml:eu.emsc/event/19991216_0000021">
  <preferredOriginID>quakeml:eu.emsc/event/19991216_0000021/origin/1458973</preferredOriginID>
  <preferredMagnitudeID>quakeml:eu.emsc/event/19991216_0000021/origin/1458973/mag/1</preferredMagnitudeID>
  <creationInfo>
    <agencyURI>smi:smi-registry/organization/EMSC</agencyURI>
    <authorURI>smi:smi-registry/organization/EMSC</authorURI>
    <creationTime>2014-12-03T16:55:25.129682Z</creationTime>
  </creationInfo>
  <description>
    <text>NORTHERN ITALY</text>
    <type>Flinn-Engdahl region</type>
  </description>
  <origin publicID="quakeml:eu.emsc/event/19991216_0000021/origin/1458973">
    <time>
      <value>1999-12-16T11:33:43.4Z</value>
      <uncertainty>0.17</uncertainty>
    </time>
    <latitude>
      <value>45.9322</value>
      <uncertainty>3.9</uncertainty>
    </latitude>
    <longitude>
      <value>7.9174</value>
      <uncertainty>2.2</uncertainty>
    </longitude>
    <depth>
      <value>2000</value>
    </depth>
    <depthType>from location</depthType>
    <methodID>smi:eu.emsc-csem/origin_method/NA</methodID>
    <quality>
      <usedPhaseCount>69</usedPhaseCount>
      <usedStationCount>35</usedStationCount>
      <standardError>1.01</standardError>
      <azimuthalGap>117</azimuthalGap>
      <minimumDistance>0.12</minimumDistance>
      <maximumDistance>3.28</maximumDistance>
    </quality>
    <evaluationMode>manual</evaluationMode>
    <creationInfo>
      <agencyURI>smi:smi-registry/organization/EMSC</agencyURI>
      <authorURI>smi:smi-registry/organization/EMSC</authorURI>
    </creationInfo>
    <originUncertainty>
      <azimuthMaxHorizontalUncertainty>90</azimuthMaxHorizontalUncertainty>
    </originUncertainty>
  </origin>
  <magnitude publicID="quakeml:eu.emsc/event/19991216_0000021/origin/1458973/mag/1">
    <mag>
      <value>2.4</value>
      <uncertainty>0.3</uncertainty>
    </mag>
    <type>ML</type>
    <originID>quakeml:eu.emsc/event/19991216_0000021/origin/1458973</originID>
    <stationCount>16</stationCount>
    <creationInfo>
      <agencyURI>smi:smi-registry/organization/EMSC</agencyURI>
      <authorURI>smi:smi-registry/organization/EMSC</authorURI>
    </creationInfo>
  </magnitude>
</event>
<event publicID="quakeml:eu.emsc/event/19991216_0000007">
  <preferredOriginID>quakeml:eu.emsc/event/19991216_0000007/origin/1469830</preferredOriginID>
  <preferredMagnitudeID>quakeml:eu.emsc/event/19991216_0000007/origin/1469830/mag/2</preferredMagnitudeID>
  <creationInfo>
    <agencyURI>smi:smi-registry/organization/EMSC</agencyURI>
    <authorURI>smi:smi-registry/organization/EMSC</authorURI>
    <creationTime>2014-12-10T08:06:44.527393Z</creationTime>
  </creationInfo>
  <description>
    <text>GREECE</text>
    <type>Flinn-Engdahl region</type>
  </description>
  <origin publicID="quakeml:eu.emsc/event/19991216_0000007/origin/1469830">
    <time>
      <value>1999-12-16T09:58:00.1Z</value>
    </time>
    <latitude>
      <value>38.39</value>
      <uncertainty>9999.9</uncertainty>
    </latitude>
    <longitude>
      <value>20.85</value>
      <uncertainty>9999.9</uncertainty>
    </longitude>
    <depth>
      <value>30000</value>
    </depth>
    <depthType>from location</depthType>
    <methodID>smi:eu.emsc-csem/origin_method/NA</methodID>
    <quality>
      <usedPhaseCount>8</usedPhaseCount>
      <usedStationCount>5</usedStationCount>
      <standardError>0.87</standardError>
      <azimuthalGap>135</azimuthalGap>
      <minimumDistance>0.3</minimumDistance>
      <maximumDistance>2.35</maximumDistance>
    </quality>
    <evaluationMode>manual</evaluationMode>
    <creationInfo>
      <agencyURI>smi:smi-registry/organization/EMSC</agencyURI>
      <authorURI>smi:smi-registry/organization/EMSC</authorURI>
    </creationInfo>
    <originUncertainty>
      <azimuthMaxHorizontalUncertainty>-99</azimuthMaxHorizontalUncertainty>
    </originUncertainty>
  </origin>
  <magnitude publicID="quakeml:eu.emsc/event/19991216_0000007/origin/1469830/mag/2">
    <mag>
      <value>3.1</value>
    </mag>
    <type>MD</type>
    <originID>quakeml:eu.emsc/event/19991216_0000007/origin/1469830</originID>
    <creationInfo>
      <agencyURI>smi:smi-registry/organization/EMSC</agencyURI>
      <authorURI>smi:smi-registry/organization/EMSC</authorURI>
    </creationInfo>
  </magnitude>
</event>
<event publicID="quakeml:eu.emsc/event/19991216_0000006">
  <preferredOriginID>quakeml:eu.emsc/event/19991216_0000006/origin/1459436</preferredOriginID>
  <preferredMagnitudeID>quakeml:eu.emsc/event/19991216_0000006/origin/1459436/mag/2</preferredMagnitudeID>
  <creationInfo>
    <agencyURI>smi:smi-registry/organization/EMSC</agencyURI>
    <authorURI>smi:smi-registry/organization/EMSC</authorURI>
    <creationTime>2014-12-03T12:07:09.383669Z</creationTime>
  </creationInfo>
  <description>
    <text>GREECE</text>
    <type>Flinn-Engdahl region</type>
  </description>
  <origin publicID="quakeml:eu.emsc/event/19991216_0000006/origin/1459436">
    <time>
      <value>1999-12-16T09:51:36.6Z</value>
      <uncertainty>0.47</uncertainty>
    </time>
    <latitude>
      <value>39.3063</value>
      <uncertainty>12</uncertainty>
    </latitude>
    <longitude>
      <value>22.1052</value>
      <uncertainty>9.1</uncertainty>
    </longitude>
    <depth>
      <value>2000</value>
    </depth>
    <depthType>from location</depthType>
    <methodID>smi:eu.emsc-csem/origin_method/NA</methodID>
    <quality>
      <usedPhaseCount>13</usedPhaseCount>
      <usedStationCount>8</usedStationCount>
      <standardError>1.44</standardError>
      <azimuthalGap>88</azimuthalGap>
      <minimumDistance>0.33</minimumDistance>
      <maximumDistance>2.06</maximumDistance>
    </quality>
    <evaluationMode>manual</evaluationMode>
    <creationInfo>
      <agencyURI>smi:smi-registry/organization/EMSC</agencyURI>
      <authorURI>smi:smi-registry/organization/EMSC</authorURI>
    </creationInfo>
    <originUncertainty>
      <azimuthMaxHorizontalUncertainty>101</azimuthMaxHorizontalUncertainty>
    </originUncertainty>
  </origin>
  <magnitude publicID="quakeml:eu.emsc/event/19991216_0000006/origin/1459436/mag/2">
    <mag>
      <value>2.6</value>
    </mag>
    <type>ML</type>
    <originID>quakeml:eu.emsc/event/19991216_0000006/origin/1459436</originID>
    <creationInfo>
      <agencyURI>smi:smi-registry/organization/EMSC</agencyURI>
      <authorURI>smi:smi-registry/organization/EMSC</authorURI>
    </creationInfo>
  </magnitude>
</event>
<event publicID="quakeml:eu.emsc/event/19991216_0000005">
  <preferredOriginID>quakeml:eu.emsc/event/19991216_0000005/origin/1461981</preferredOriginID>
  <preferredMagnitudeID>quakeml:eu.emsc/event/19991216_0000005/origin/1461981/mag/2</preferredMagnitudeID>
  <creationInfo>
    <agencyURI>smi:smi-registry/organization/EMSC</agencyURI>
    <authorURI>smi:smi-registry/organization/EMSC</authorURI>
    <creationTime>2014-12-03T12:09:54.666243Z</creationTime>
  </creationInfo>
  <description>
    <text>CROATIA</text>
    <type>Flinn-Engdahl region</type>
  </description>
  <origin publicID="quakeml:eu.emsc/event/19991216_0000005/origin/1461981">
    <time>
      <value>1999-12-16T07:01:00.9Z</value>
      <uncertainty>0.21</uncertainty>
    </time>
    <latitude>
      <value>45.3936</value>
      <uncertainty>4.2</uncertainty>
    </latitude>
    <longitude>
      <value>14.5813</value>
      <uncertainty>3.4</uncertainty>
    </longitude>
    <depth>
      <value>2000</value>
    </depth>
    <depthType>from location</depthType>
    <methodID>smi:eu.emsc-csem/origin_method/NA</methodID>
    <quality>
      <usedPhaseCount>82</usedPhaseCount>
      <usedStationCount>58</usedStationCount>
      <standardError>1.23</standardError>
      <azimuthalGap>126</azimuthalGap>
      <minimumDistance>0.36</minimumDistance>
      <maximumDistance>7.93</maximumDistance>
    </quality>
    <evaluationMode>manual</evaluationMode>
    <creationInfo>
      <agencyURI>smi:smi-registry/organization/EMSC</agencyURI>
      <authorURI>smi:smi-registry/organization/EMSC</authorURI>
    </creationInfo>
    <originUncertainty>
      <azimuthMaxHorizontalUncertainty>142</azimuthMaxHorizontalUncertainty>
    </originUncertainty>
  </origin>
  <magnitude publicID="quakeml:eu.emsc/event/19991216_0000005/origin/1461981/mag/2">
    <mag>
      <value>2.8</value>
    </mag>
    <type>ML</type>
    <originID>quakeml:eu.emsc/event/19991216_0000005/origin/1461981</originID>
    <creationInfo>
      <agencyURI>smi:smi-registry/organization/EMSC</agencyURI>
      <authorURI>smi:smi-registry/organization/EMSC</authorURI>
    </creationInfo>
  </magnitude>
</event>
<event publicID="quakeml:eu.emsc/event/19991216_0000004">
  <preferredOriginID>quakeml:eu.emsc/event/19991216_0000004/origin/1459439</preferredOriginID>
  <preferredMagnitudeID>quakeml:eu.emsc/event/19991216_0000004/origin/1459439/mag/2</preferredMagnitudeID>
  <creationInfo>
    <agencyURI>smi:smi-registry/organization/EMSC</agencyURI>
    <authorURI>smi:smi-registry/organization/EMSC</authorURI>
    <creationTime>2014-12-03T11:39:09.697998Z</creationTime>
  </creationInfo>
  <description>
    <text>GREECE</text>
    <type>Flinn-Engdahl region</type>
  </description>
  <origin publicID="quakeml:eu.emsc/event/19991216_0000004/origin/1459439">
    <time>
      <value>1999-12-16T02:40:54.9Z</value>
      <uncertainty>0.26</uncertainty>
    </time>
    <latitude>
      <value>38.6641</value>
      <uncertainty>8.6</uncertainty>
    </latitude>
    <longitude>
      <value>23.5567</value>
      <uncertainty>4.3</uncertainty>
    </longitude>
    <depth>
      <value>2000</value>
    </depth>
    <depthType>from location</depthType>
    <methodID>smi:eu.emsc-csem/origin_method/NA</methodID>
    <quality>
      <usedPhaseCount>16</usedPhaseCount>
      <usedStationCount>11</usedStationCount>
      <standardError>0.91</standardError>
      <azimuthalGap>147</azimuthalGap>
      <minimumDistance>0.66</minimumDistance>
      <maximumDistance>2</maximumDistance>
    </quality>
    <evaluationMode>manual</evaluationMode>
    <creationInfo>
      <agencyURI>smi:smi-registry/organization/EMSC</agencyURI>
      <authorURI>smi:smi-registry/organization/EMSC</authorURI>
    </creationInfo>
    <originUncertainty>
      <azimuthMaxHorizontalUncertainty>76</azimuthMaxHorizontalUncertainty>
    </originUncertainty>
  </origin>
  <magnitude publicID="quakeml:eu.emsc/event/19991216_0000004/origin/1459439/mag/2">
    <mag>
      <value>2.9</value>
    </mag>
    <type>ML</type>
    <originID>quakeml:eu.emsc/event/19991216_0000004/origin/1459439</originID>
    <creationInfo>
      <agencyURI>smi:smi-registry/organization/EMSC</agencyURI>
      <authorURI>smi:smi-registry/organization/EMSC</authorURI>
    </creationInfo>
  </magnitude>
</event>
<event publicID="quakeml:eu.emsc/event/19991216_0000003">
  <preferredOriginID>quakeml:eu.emsc/event/19991216_0000003/origin/1476854</preferredOriginID>
  <preferredMagnitudeID>quakeml:eu.emsc/event/19991216_0000003/origin/1476854/mag/2</preferredMagnitudeID>
  <creationInfo>
    <agencyURI>smi:smi-registry/organization/EMSC</agencyURI>
    <authorURI>smi:smi-registry/organization/EMSC</authorURI>
    <creationTime>2014-12-10T08:06:39.13646Z</creationTime>
  </creationInfo>
  <description>
    <text>WESTERN TURKEY</text>
    <type>Flinn-Engdahl region</type>
  </description>
  <origin publicID="quakeml:eu.emsc/event/19991216_0000003/origin/1476854">
    <time>
      <value>1999-12-16T01:44:42.8Z</value>
    </time>
    <latitude>
      <value>40.749</value>
      <uncertainty>9999.9</uncertainty>
    </latitude>
    <longitude>
      <value>29.354</value>
      <uncertainty>9999.9</uncertainty>
    </longitude>
    <depth>
      <value>7000</value>
    </depth>
    <depthType>from location</depthType>
    <methodID>smi:eu.emsc-csem/origin_method/NA</methodID>
    <quality>
      <usedPhaseCount>12</usedPhaseCount>
      <usedStationCount>9</usedStationCount>
      <standardError>0.68</standardError>
      <azimuthalGap>108</azimuthalGap>
      <minimumDistance>0.18</minimumDistance>
      <maximumDistance>1.79</maximumDistance>
    </quality>
    <evaluationMode>manual</evaluationMode>
    <creationInfo>
      <agencyURI>smi:smi-registry/organization/EMSC</agencyURI>
      <authorURI>smi:smi-registry/organization/EMSC</authorURI>
    </creationInfo>
    <originUncertainty>
      <azimuthMaxHorizontalUncertainty>-99</azimuthMaxHorizontalUncertainty>
    </originUncertainty>
  </origin>
  <magnitude publicID="quakeml:eu.emsc/event/19991216_0000003/origin/1476854/mag/2">
    <mag>
      <value>3</value>
    </mag>
    <type>MD</type>
    <originID>quakeml:eu.emsc/event/19991216_0000003/origin/1476854</originID>
    <creationInfo>
      <agencyURI>smi:smi-registry/organization/EMSC</agencyURI>
      <authorURI>smi:smi-registry/organization/EMSC</authorURI>
    </creationInfo>
  </magnitude>
</event>
<event publicID="quakeml:eu.emsc/event/19991216_0000002">
  <preferredOriginID>quakeml:eu.emsc/event/19991216_0000002/origin/1459441</preferredOriginID>
  <preferredMagnitudeID>quakeml:eu.emsc/event/19991216_0000002/origin/1459441/mag/2</preferredMagnitudeID>
  <creationInfo>
    <agencyURI>smi:smi-registry/organization/EMSC</agencyURI>
    <authorURI>smi:smi-registry/organization/EMSC</authorURI>
    <creationTime>2014-12-03T11:45:52.722288Z</creationTime>
  </creationInfo>
  <description>
    <text>WESTERN TURKEY</text>
    <type>Flinn-Engdahl region</type>
  </description>
  <origin publicID="quakeml:eu.emsc/event/19991216_0000002/origin/1459441">
    <time>
      <value>1999-12-16T01:38:40.4Z</value>
      <uncertainty>0.21</uncertainty>
    </time>
    <latitude>
      <value>40.6937</value>
      <uncertainty>5.1</uncertainty>
    </latitude>
    <longitude>
      <value>29.3394</value>
      <uncertainty>3.3</uncertainty>
    </longitude>
    <depth>
      <value>5800.0</value>
      <uncertainty>2.3</uncertainty>
    </depth>
    <depthType>from location</depthType>
    <methodID>smi:eu.emsc-csem/origin_method/NA</methodID>
    <quality>
      <usedPhaseCount>22</usedPhaseCount>
      <usedStationCount>21</usedStationCount>
      <standardError>0.75</standardError>
      <azimuthalGap>78</azimuthalGap>
      <minimumDistance>0.13</minimumDistance>
      <maximumDistance>4.97</maximumDistance>
    </quality>
    <evaluationMode>manual</evaluationMode>
    <creationInfo>
      <agencyURI>smi:smi-registry/organization/EMSC</agencyURI>
      <authorURI>smi:smi-registry/organization/EMSC</authorURI>
    </creationInfo>
    <originUncertainty>
      <azimuthMaxHorizontalUncertainty>61</azimuthMaxHorizontalUncertainty>
    </originUncertainty>
  </origin>
  <magnitude publicID="quakeml:eu.emsc/event/19991216_0000002/origin/1459441/mag/2">
    <mag>
      <value>3.5</value>
    </mag>
    <type>MD</type>
    <originID>quakeml:eu.emsc/event/19991216_0000002/origin/1459441</originID>
    <creationInfo>
      <agencyURI>smi:smi-registry/organization/EMSC</agencyURI>
      <authorURI>smi:smi-registry/organization/EMSC</authorURI>
    </creationInfo>
  </magnitude>
</event>
<event publicID="quakeml:eu.emsc/event/19991216_0000001">
  <preferredOriginID>quakeml:eu.emsc/event/19991216_0000001/origin/1469832</preferredOriginID>
  <preferredMagnitudeID>quakeml:eu.emsc/event/19991216_0000001/origin/1469832/mag/2</preferredMagnitudeID>
  <creationInfo>
    <agencyURI>smi:smi-registry/organization/EMSC</agencyURI>
    <authorURI>smi:smi-registry/organization/EMSC</authorURI>
    <creationTime>2014-12-10T08:06:35.587095Z</creationTime>
  </creationInfo>
  <description>
    <text>GREECE</text>
    <type>Flinn-Engdahl region</type>
  </description>
  <origin publicID="quakeml:eu.emsc/event/19991216_0000001/origin/1469832">
    <time>
      <value>1999-12-16T00:52:09.4Z</value>
    </time>
    <latitude>
      <value>38.54</value>
      <uncertainty>9999.9</uncertainty>
    </latitude>
    <longitude>
      <value>23.52</value>
      <uncertainty>9999.9</uncertainty>
    </longitude>
    <depth>
      <value>21000</value>
    </depth>
    <depthType>from location</depthType>
    <methodID>smi:eu.emsc-csem/origin_method/NA</methodID>
    <quality>
      <usedPhaseCount>9</usedPhaseCount>
      <usedStationCount>6</usedStationCount>
      <standardError>1.36</standardError>
      <azimuthalGap>152</azimuthalGap>
      <minimumDistance>0.56</minimumDistance>
      <maximumDistance>1.88</maximumDistance>
    </quality>
    <evaluationMode>manual</evaluationMode>
    <creationInfo>
      <agencyURI>smi:smi-registry/organization/EMSC</agencyURI>
      <authorURI>smi:smi-registry/organization/EMSC</authorURI>
    </creationInfo>
    <originUncertainty>
      <azimuthMaxHorizontalUncertainty>-99</azimuthMaxHorizontalUncertainty>
    </originUncertainty>
  </origin>
  <magnitude publicID="quakeml:eu.emsc/event/19991216_0000001/origin/1469832/mag/2">
    <mag>
      <value>3.1</value>
    </mag>
    <type>ML</type>
    <originID>quakeml:eu.emsc/event/19991216_0000001/origin/1469832</originID>
    <creationInfo>
      <agencyURI>smi:smi-registry/organization/EMSC</agencyURI>
      <authorURI>smi:smi-registry/organization/EMSC</authorURI>
    </creationInfo>
  </magnitude>
</event>
</eventParameters>
</q:quakeml>
