<?xml version="1.0"?>
<q:quakeml xmlns:q="http://quakeml.org/xmlns/quakeml/1.2"  xmlns="http://quakeml.org/xmlns/bed/1.2">
<eventParameters publicID="smi:eu.emsc/unid">
<event publicID="quakeml:eu.emsc/event/19990306_0000009">
  <preferredOriginID>quakeml:eu.emsc/event/19990306_0000009/origin/1476094</preferredOriginID>
  <preferredMagnitudeID>quakeml:eu.emsc/event/19990306_0000009/origin/1476094/mag/2</preferredMagnitudeID>
  <creationInfo>
    <agencyURI>smi:smi-registry/organization/EMSC</agencyURI>
    <authorURI>smi:smi-registry/organization/EMSC</authorURI>
    <creationTime>2014-12-11T08:59:30.791985Z</creationTime>
  </creationInfo>
  <description>
    <text>WESTERN TURKEY</text>
    <type>Flinn-Engdahl region</type>
  </description>
  <origin publicID="quakeml:eu.emsc/event/19990306_0000009/origin/1476094">
    <time>
      <value>1999-03-06T23:22:23.4Z</value>
    </time>
    <latitude>
      <value>39.386</value>
      <uncertainty>9999.9</uncertainty>
    </latitude>
    <longitude>
      <value>29.038</value>
      <uncertainty>9999.9</uncertainty>
    </longitude>
    <depth>
      <value>8000</value>
    </depth>
    <depthType>from location</depthType>
    <methodID>smi:eu.emsc-csem/origin_method/NA</methodID>
    <quality>
      <usedPhaseCount>8</usedPhaseCount>
      <usedStationCount>6</usedStationCount>
      <standardError>1.15</standardError>
      <azimuthalGap>140</azimuthalGap>
      <minimumDistance>0.39</minimumDistance>
      <maximumDistance>1.7</maximumDistance>
    </quality>
    <evaluationMode>manual</evaluationMode>
    <creationInfo>
      <agencyURI>smi:smi-registry/organization/EMSC</agencyURI>
      <authorURI>smi:smi-registry/organization/EMSC</authorURI>
    </creationInfo>
    <originUncertainty>
      <azimuthMaxHorizontalUncertainty>-99</azimuthMaxHorizontalUncertainty>
    </originUncertainty>
  </origin>
  <magnitude publicID="quakeml:eu.emsc/event/19990306_0000009/origin/1476094/mag/2">
    <mag>
      <value>2.8</value>
    </mag>
    <type>MD</type>
    <originID>quakeml:eu.emsc/event/19990306_0000009/origin/1476094</originID>
    <creationInfo>
      <agencyURI>smi:smi-registry/organization/EMSC</agencyURI>
      <authorURI>smi:smi-registry/organization/EMSC</authorURI>
    </creationInfo>
  </magnitude>
</event>
<event publicID="quakeml:eu.emsc/event/19990306_0000012">
  <preferredOriginID>quakeml:eu.emsc/event/19990306_0000012/origin/1477076</preferredOriginID>
  <preferredMagnitudeID>quakeml:eu.emsc/event/19990306_0000012/origin/1477076/mag/2</preferredMagnitudeID>
  <creationInfo>
    <agencyURI>smi:smi-registry/organization/EMSC</agencyURI>
    <authorURI>smi:smi-registry/organization/EMSC</authorURI>
    <creationTime>2014-12-10T12:59:17.984296Z</creationTime>
  </creationInfo>
  <description>
    <text>NORTHERN ITALY</text>
    <type>Flinn-Engdahl region</type>
  </description>
  <origin publicID="quakeml:eu.emsc/event/19990306_0000012/origin/1477076">
    <time>
      <value>1999-03-06T21:33:27.8Z</value>
    </time>
    <latitude>
      <value>44.3085</value>
      <uncertainty>9999.9</uncertainty>
    </latitude>
    <longitude>
      <value>7.3168</value>
      <uncertainty>9999.9</uncertainty>
    </longitude>
    <depth>
      <value>9800.0</value>
    </depth>
    <depthType>from location</depthType>
    <methodID>smi:eu.emsc-csem/origin_method/NA</methodID>
    <quality>
      <usedPhaseCount>16</usedPhaseCount>
      <usedStationCount>10</usedStationCount>
      <standardError>5.87</standardError>
      <azimuthalGap>146</azimuthalGap>
      <minimumDistance>0.06</minimumDistance>
      <maximumDistance>0.65</maximumDistance>
    </quality>
    <evaluationMode>manual</evaluationMode>
    <creationInfo>
      <agencyURI>smi:smi-registry/organization/EMSC</agencyURI>
      <authorURI>smi:smi-registry/organization/EMSC</authorURI>
    </creationInfo>
    <originUncertainty>
      <azimuthMaxHorizontalUncertainty>-99</azimuthMaxHorizontalUncertainty>
    </originUncertainty>
  </origin>
  <magnitude publicID="quakeml:eu.emsc/event/19990306_0000012/origin/1477076/mag/2">
    <mag>
      <value>2.1</value>
    </mag>
    <type>ML</type>
    <originID>quakeml:eu.emsc/event/19990306_0000012/origin/1477076</originID>
    <creationInfo>
      <agencyURI>smi:smi-registry/organization/EMSC</agencyURI>
      <authorURI>smi:smi-registry/organization/EMSC</authorURI>
    </creationInfo>
  </magnitude>
</event>
<event publicID="quakeml:eu.emsc/event/19990306_0000008">
  <preferredOriginID>quakeml:eu.emsc/event/19990306_0000008/origin/1479524</preferredOriginID>
  <preferredMagnitudeID>quakeml:eu.emsc/event/19990306_0000008/origin/1479524/mag/2</preferredMagnitudeID>
  <creationInfo>
    <agencyURI>smi:smi-registry/organization/EMSC</agencyURI>
    <authorURI>smi:smi-registry/organization/EMSC</authorURI>
    <creationTime>2014-12-03T11:59:53.619628Z</creationTime>
  </creationInfo>
  <description>
    <text>NORTHERN MID-ATLANTIC RIDGE</text>
    <type>Flinn-Engdahl region</type>
  </description>
  <origin publicID="quakeml:eu.emsc/event/19990306_0000008/origin/1479524">
    <time>
      <value>1999-03-06T21:00:05.5Z</value>
      <uncertainty>0.18</uncertainty>
    </time>
    <latitude>
      <value>50.2535</value>
      <uncertainty>8.2</uncertainty>
    </latitude>
    <longitude>
      <value>-28.9722</value>
      <uncertainty>5.1</uncertainty>
    </longitude>
    <depth>
      <value>10000</value>
    </depth>
    <depthType>from location</depthType>
    <methodID>smi:eu.emsc-csem/origin_method/NA</methodID>
    <quality>
      <usedPhaseCount>131</usedPhaseCount>
      <usedStationCount>130</usedStationCount>
      <standardError>0.92</standardError>
      <azimuthalGap>129</azimuthalGap>
      <minimumDistance>14.03</minimumDistance>
      <maximumDistance>52.39</maximumDistance>
    </quality>
    <evaluationMode>manual</evaluationMode>
    <creationInfo>
      <agencyURI>smi:smi-registry/organization/EMSC</agencyURI>
      <authorURI>smi:smi-registry/organization/EMSC</authorURI>
    </creationInfo>
    <originUncertainty>
      <azimuthMaxHorizontalUncertainty>17</azimuthMaxHorizontalUncertainty>
    </originUncertainty>
  </origin>
  <magnitude publicID="quakeml:eu.emsc/event/19990306_0000008/origin/1479524/mag/2">
    <mag>
      <value>4.9</value>
      <uncertainty>0.3</uncertainty>
    </mag>
    <type>mb</type>
    <originID>quakeml:eu.emsc/event/19990306_0000008/origin/1479524</originID>
    <stationCount>57</stationCount>
    <creationInfo>
      <agencyURI>smi:smi-registry/organization/EMSC</agencyURI>
      <authorURI>smi:smi-registry/organization/EMSC</authorURI>
    </creationInfo>
  </magnitude>
</event>
<event publicID="quakeml:eu.emsc/event/19990306_0000014">
  <preferredOriginID>quakeml:eu.emsc/event/19990306_0000014/origin/1477078</preferredOriginID>
  <preferredMagnitudeID>quakeml:eu.emsc/event/19990306_0000014/origin/1477078/mag/2</preferredMagnitudeID>
  <creationInfo>
    <agencyURI>smi:smi-registry/organization/EMSC</agencyURI>
    <authorURI>smi:smi-registry/organization/EMSC</authorURI>
    <creationTime>2014-12-10T12:59:17.483171Z</creationTime>
  </creationInfo>
  <description>
    <text>NORTHERN ITALY</text>
    <type>Flinn-Engdahl region</type>
  </description>
  <origin publicID="quakeml:eu.emsc/event/19990306_0000014/origin/1477078">
    <time>
      <value>1999-03-06T17:17:54.0Z</value>
    </time>
    <latitude>
      <value>44.4287</value>
      <uncertainty>9999.9</uncertainty>
    </latitude>
    <longitude>
      <value>7.2602</value>
      <uncertainty>9999.9</uncertainty>
    </longitude>
    <depth>
      <value>10900.0</value>
    </depth>
    <depthType>from location</depthType>
    <methodID>smi:eu.emsc-csem/origin_method/NA</methodID>
    <quality>
      <usedPhaseCount>16</usedPhaseCount>
      <usedStationCount>12</usedStationCount>
      <standardError>6.27</standardError>
      <azimuthalGap>137</azimuthalGap>
      <minimumDistance>0.14</minimumDistance>
      <maximumDistance>0.72</maximumDistance>
    </quality>
    <evaluationMode>manual</evaluationMode>
    <creationInfo>
      <agencyURI>smi:smi-registry/organization/EMSC</agencyURI>
      <authorURI>smi:smi-registry/organization/EMSC</authorURI>
    </creationInfo>
    <originUncertainty>
      <azimuthMaxHorizontalUncertainty>-99</azimuthMaxHorizontalUncertainty>
    </originUncertainty>
  </origin>
  <magnitude publicID="quakeml:eu.emsc/event/19990306_0000014/origin/1477078/mag/2">
    <mag>
      <value>2.4</value>
    </mag>
    <type>ML</type>
    <originID>quakeml:eu.emsc/event/19990306_0000014/origin/1477078</originID>
    <creationInfo>
      <agencyURI>smi:smi-registry/organization/EMSC</agencyURI>
      <authorURI>smi:smi-registry/organization/EMSC</authorURI>
    </creationInfo>
  </magnitude>
</event>
<event publicID="quakeml:eu.emsc/event/19990306_0000006">
  <preferredOriginID>quakeml:eu.emsc/event/19990306_0000006/origin/1479528</preferredOriginID>
  <preferredMagnitudeID>quakeml:eu.emsc/event/19990306_0000006/origin/1479528/mag/1</preferredMagnitudeID>
  <creationInfo>
    <agencyURI>smi:smi-registry/organization/EMSC</agencyURI>
    <authorURI>smi:smi-registry/organization/EMSC</authorURI>
    <creationTime>2014-12-03T11:53:35.606368Z</creationTime>
  </creationInfo>
  <description>
    <text>FRANCE</text>
    <type>Flinn-Engdahl region</type>
  </description>
  <origin publicID="quakeml:eu.emsc/event/19990306_0000006/origin/1479528">
    <time>
      <value>1999-03-06T15:30:18.1Z</value>
      <uncertainty>0.14</uncertainty>
    </time>
    <latitude>
      <value>47.7532</value>
      <uncertainty>3.2</uncertainty>
    </latitude>
    <longitude>
      <value>2.0575</value>
      <uncertainty>2.4</uncertainty>
    </longitude>
    <depth>
      <value>2000</value>
    </depth>
    <depthType>from location</depthType>
    <methodID>smi:eu.emsc-csem/origin_method/NA</methodID>
    <quality>
      <usedPhaseCount>88</usedPhaseCount>
      <usedStationCount>37</usedStationCount>
      <standardError>1.14</standardError>
      <azimuthalGap>89</azimuthalGap>
      <minimumDistance>0.63</minimumDistance>
      <maximumDistance>5.41</maximumDistance>
    </quality>
    <evaluationMode>manual</evaluationMode>
    <creationInfo>
      <agencyURI>smi:smi-registry/organization/EMSC</agencyURI>
      <authorURI>smi:smi-registry/organization/EMSC</authorURI>
    </creationInfo>
    <originUncertainty>
      <azimuthMaxHorizontalUncertainty>38</azimuthMaxHorizontalUncertainty>
    </originUncertainty>
  </origin>
  <magnitude publicID="quakeml:eu.emsc/event/19990306_0000006/origin/1479528/mag/1">
    <mag>
      <value>3.5</value>
      <uncertainty>0.3</uncertainty>
    </mag>
    <type>ML</type>
    <originID>quakeml:eu.emsc/event/19990306_0000006/origin/1479528</originID>
    <stationCount>25</stationCount>
    <creationInfo>
      <agencyURI>smi:smi-registry/organization/EMSC</agencyURI>
      <authorURI>smi:smi-registry/organization/EMSC</authorURI>
    </creationInfo>
  </magnitude>
</event>
<event publicID="quakeml:eu.emsc/event/19990306_0000005">
  <preferredOriginID>quakeml:eu.emsc/event/19990306_0000005/origin/1476096</preferredOriginID>
  <preferredMagnitudeID>quakeml:eu.emsc/event/19990306_0000005/origin/1476096/mag/2</preferredMagnitudeID>
  <creationInfo>
    <agencyURI>smi:smi-registry/organization/EMSC</agencyURI>
    <authorURI>smi:smi-registry/organization/EMSC</authorURI>
    <creationTime>2014-12-11T08:58:10.523778Z</creationTime>
  </creationInfo>
  <description>
    <text>WESTERN TURKEY</text>
    <type>Flinn-Engdahl region</type>
  </description>
  <origin publicID="quakeml:eu.emsc/event/19990306_0000005/origin/1476096">
    <time>
      <value>1999-03-06T13:48:24.8Z</value>
    </time>
    <latitude>
      <value>39.659</value>
      <uncertainty>9999.9</uncertainty>
    </latitude>
    <longitude>
      <value>29.412</value>
      <uncertainty>9999.9</uncertainty>
    </longitude>
    <depth>
      <value>10000</value>
    </depth>
    <depthType>from location</depthType>
    <methodID>smi:eu.emsc-csem/origin_method/NA</methodID>
    <quality>
      <usedPhaseCount>6</usedPhaseCount>
      <usedStationCount>5</usedStationCount>
      <standardError>2.01</standardError>
      <azimuthalGap>172</azimuthalGap>
      <minimumDistance>0.68</minimumDistance>
      <maximumDistance>1.37</maximumDistance>
    </quality>
    <evaluationMode>manual</evaluationMode>
    <creationInfo>
      <agencyURI>smi:smi-registry/organization/EMSC</agencyURI>
      <authorURI>smi:smi-registry/organization/EMSC</authorURI>
    </creationInfo>
    <originUncertainty>
      <azimuthMaxHorizontalUncertainty>-99</azimuthMaxHorizontalUncertainty>
    </originUncertainty>
  </origin>
  <magnitude publicID="quakeml:eu.emsc/event/19990306_0000005/origin/1476096/mag/2">
    <mag>
      <value>2.8</value>
    </mag>
    <type>MD</type>
    <originID>quakeml:eu.emsc/event/19990306_0000005/origin/1476096</originID>
    <creationInfo>
      <agencyURI>smi:smi-registry/organization/EMSC</agencyURI>
      <authorURI>smi:smi-registry/organization/EMSC</authorURI>
    </creationInfo>
  </magnitude>
</event>
<event publicID="quakeml:eu.emsc/event/19990306_0000011">
  <preferredOriginID>quakeml:eu.emsc/event/19990306_0000011/origin/1476098</preferredOriginID>
  <preferredMagnitudeID>quakeml:eu.emsc/event/19990306_0000011/origin/1476098/mag/2</preferredMagnitudeID>
  <creationInfo>
    <agencyURI>smi:smi-registry/organization/EMSC</agencyURI>
    <authorURI>smi:smi-registry/organization/EMSC</authorURI>
    <creationTime>2014-12-10T12:59:16.907041Z</creationTime>
  </creationInfo>
  <description>
    <text>PYRENEES</text>
    <type>Flinn-Engdahl region</type>
  </description>
  <origin publicID="quakeml:eu.emsc/event/19990306_0000011/origin/1476098">
    <time>
      <value>1999-03-06T12:55:05.0Z</value>
    </time>
    <latitude>
      <value>42.76</value>
      <uncertainty>9999.9</uncertainty>
    </latitude>
    <longitude>
      <value>0.86</value>
      <uncertainty>9999.9</uncertainty>
    </longitude>
    <depth>
      <value>8000</value>
    </depth>
    <depthType>from location</depthType>
    <methodID>smi:eu.emsc-csem/origin_method/NA</methodID>
    <quality>
      <usedPhaseCount>8</usedPhaseCount>
      <usedStationCount>4</usedStationCount>
      <standardError>0.61</standardError>
      <azimuthalGap>123</azimuthalGap>
      <minimumDistance>0.13</minimumDistance>
      <maximumDistance>0.26</maximumDistance>
    </quality>
    <evaluationMode>manual</evaluationMode>
    <creationInfo>
      <agencyURI>smi:smi-registry/organization/EMSC</agencyURI>
      <authorURI>smi:smi-registry/organization/EMSC</authorURI>
    </creationInfo>
    <originUncertainty>
      <azimuthMaxHorizontalUncertainty>-99</azimuthMaxHorizontalUncertainty>
    </originUncertainty>
  </origin>
  <magnitude publicID="quakeml:eu.emsc/event/19990306_0000011/origin/1476098/mag/2">
    <mag>
      <value>0.5</value>
    </mag>
    <type>ML</type>
    <originID>quakeml:eu.emsc/event/19990306_0000011/origin/1476098</originID>
    <creationInfo>
      <agencyURI>smi:smi-registry/organization/EMSC</agencyURI>
      <authorURI>smi:smi-registry/organization/EMSC</authorURI>
    </creationInfo>
  </magnitude>
</event>
<event publicID="quakeml:eu.emsc/event/19990306_0000013">
  <preferredOriginID>quakeml:eu.emsc/event/19990306_0000013/origin/1478881</preferredOriginID>
  <preferredMagnitudeID>quakeml:eu.emsc/event/19990306_0000013/origin/1478881/mag/1</preferredMagnitudeID>
  <creationInfo>
    <agencyURI>smi:smi-registry/organization/EMSC</agencyURI>
    <authorURI>smi:smi-registry/organization/EMSC</authorURI>
    <creationTime>2014-12-03T16:38:40.98011Z</creationTime>
  </creationInfo>
  <description>
    <text>PYRENEES</text>
    <type>Flinn-Engdahl region</type>
  </description>
  <origin publicID="quakeml:eu.emsc/event/19990306_0000013/origin/1478881">
    <time>
      <value>1999-03-06T10:25:32.3Z</value>
      <uncertainty>0.61</uncertainty>
    </time>
    <latitude>
      <value>42.8877</value>
      <uncertainty>13.1</uncertainty>
    </latitude>
    <longitude>
      <value>-1.1022</value>
      <uncertainty>4.4</uncertainty>
    </longitude>
    <depth>
      <value>19100.0</value>
      <uncertainty>0.1</uncertainty>
    </depth>
    <depthType>from location</depthType>
    <methodID>smi:eu.emsc-csem/origin_method/NA</methodID>
    <quality>
      <usedPhaseCount>13</usedPhaseCount>
      <usedStationCount>8</usedStationCount>
      <standardError>0.97</standardError>
      <azimuthalGap>250</azimuthalGap>
      <minimumDistance>0.17</minimumDistance>
      <maximumDistance>3.07</maximumDistance>
    </quality>
    <evaluationMode>manual</evaluationMode>
    <creationInfo>
      <agencyURI>smi:smi-registry/organization/EMSC</agencyURI>
      <authorURI>smi:smi-registry/organization/EMSC</authorURI>
    </creationInfo>
    <originUncertainty>
      <azimuthMaxHorizontalUncertainty>30</azimuthMaxHorizontalUncertainty>
    </originUncertainty>
  </origin>
  <magnitude publicID="quakeml:eu.emsc/event/19990306_0000013/origin/1478881/mag/1">
    <mag>
      <value>2.1</value>
      <uncertainty>0.5</uncertainty>
    </mag>
    <type>ML</type>
    <originID>quakeml:eu.emsc/event/19990306_0000013/origin/1478881</originID>
    <stationCount>5</stationCount>
    <creationInfo>
      <agencyURI>smi:smi-registry/organization/EMSC</agencyURI>
      <authorURI>smi:smi-registry/organization/EMSC</authorURI>
    </creationInfo>
  </magnitude>
</event>
<event publicID="quakeml:eu.emsc/event/19990306_0000004">
  <preferredOriginID>quakeml:eu.emsc/event/19990306_0000004/origin/1479531</preferredOriginID>
  <preferredMagnitudeID>quakeml:eu.emsc/event/19990306_0000004/origin/1479531/mag/2</preferredMagnitudeID>
  <creationInfo>
    <agencyURI>smi:smi-registry/organization/EMSC</agencyURI>
    <authorURI>smi:smi-registry/organization/EMSC</authorURI>
    <creationTime>2014-12-03T11:53:23.228331Z</creationTime>
  </creationInfo>
  <description>
    <text>ROMANIA</text>
    <type>Flinn-Engdahl region</type>
  </description>
  <origin publicID="quakeml:eu.emsc/event/19990306_0000004/origin/1479531">
    <time>
      <value>1999-03-06T10:18:44.4Z</value>
      <uncertainty>0.63</uncertainty>
    </time>
    <latitude>
      <value>45.6557</value>
      <uncertainty>13.8</uncertainty>
    </latitude>
    <longitude>
      <value>26.862</value>
      <uncertainty>7.5</uncertainty>
    </longitude>
    <depth>
      <value>125200.0</value>
      <uncertainty>4.9</uncertainty>
    </depth>
    <depthType>from location</depthType>
    <methodID>smi:eu.emsc-csem/origin_method/NA</methodID>
    <quality>
      <usedPhaseCount>10</usedPhaseCount>
      <usedStationCount>5</usedStationCount>
      <standardError>0.56</standardError>
      <azimuthalGap>141</azimuthalGap>
      <minimumDistance>0.23</minimumDistance>
      <maximumDistance>1.36</maximumDistance>
    </quality>
    <evaluationMode>manual</evaluationMode>
    <creationInfo>
      <agencyURI>smi:smi-registry/organization/EMSC</agencyURI>
      <authorURI>smi:smi-registry/organization/EMSC</authorURI>
    </creationInfo>
    <originUncertainty>
      <azimuthMaxHorizontalUncertainty>25</azimuthMaxHorizontalUncertainty>
    </originUncertainty>
  </origin>
  <magnitude publicID="quakeml:eu.emsc/event/19990306_0000004/origin/1479531/mag/2">
    <mag>
      <value>3</value>
    </mag>
    <type>MD</type>
    <originID>quakeml:eu.emsc/event/19990306_0000004/origin/1479531</originID>
    <stationCount>4</stationCount>
    <creationInfo>
      <agencyURI>smi:smi-registry/organization/EMSC</agencyURI>
      <authorURI>smi:smi-registry/organization/EMSC</authorURI>
    </creationInfo>
  </magnitude>
</event>
<event publicID="quakeml:eu.emsc/event/19990306_0000003">
  <preferredOriginID>quakeml:eu.emsc/event/19990306_0000003/origin/1479535</preferredOriginID>
  <preferredMagnitudeID>quakeml:eu.emsc/event/19990306_0000003/origin/1479535/mag/1</preferredMagnitudeID>
  <creationInfo>
    <agencyURI>smi:smi-registry/organization/EMSC</agencyURI>
    <authorURI>smi:smi-registry/organization/EMSC</authorURI>
    <creationTime>2014-12-03T11:53:23.311556Z</creationTime>
  </creationInfo>
  <description>
    <text>EGYPT</text>
    <type>Flinn-Engdahl region</type>
  </description>
  <origin publicID="quakeml:eu.emsc/event/19990306_0000003/origin/1479535">
    <time>
      <value>1999-03-06T06:35:59.3Z</value>
      <uncertainty>0.19</uncertainty>
    </time>
    <latitude>
      <value>28.9439</value>
      <uncertainty>5.2</uncertainty>
    </latitude>
    <longitude>
      <value>34.7605</value>
      <uncertainty>3.2</uncertainty>
    </longitude>
    <depth>
      <value>8000</value>
    </depth>
    <depthType>from location</depthType>
    <methodID>smi:eu.emsc-csem/origin_method/NA</methodID>
    <quality>
      <usedPhaseCount>22</usedPhaseCount>
      <usedStationCount>18</usedStationCount>
      <standardError>0.46</standardError>
      <azimuthalGap>184</azimuthalGap>
      <minimumDistance>0.15</minimumDistance>
      <maximumDistance>2.05</maximumDistance>
    </quality>
    <evaluationMode>manual</evaluationMode>
    <creationInfo>
      <agencyURI>smi:smi-registry/organization/EMSC</agencyURI>
      <authorURI>smi:smi-registry/organization/EMSC</authorURI>
    </creationInfo>
    <originUncertainty>
      <azimuthMaxHorizontalUncertainty>86</azimuthMaxHorizontalUncertainty>
    </originUncertainty>
  </origin>
  <magnitude publicID="quakeml:eu.emsc/event/19990306_0000003/origin/1479535/mag/1">
    <mag>
      <value>2.8</value>
    </mag>
    <type>Mw</type>
    <originID>quakeml:eu.emsc/event/19990306_0000003/origin/1479535</originID>
    <creationInfo>
      <agencyURI>smi:smi-registry/organization/EMSC</agencyURI>
      <authorURI>smi:smi-registry/organization/EMSC</authorURI>
    </creationInfo>
  </magnitude>
</event>
<event publicID="quakeml:eu.emsc/event/19990306_0000002">
  <preferredOriginID>quakeml:eu.emsc/event/19990306_0000002/origin/1476100</preferredOriginID>
  <preferredMagnitudeID>quakeml:eu.emsc/event/19990306_0000002/origin/1476100/mag/2</preferredMagnitudeID>
  <creationInfo>
    <agencyURI>smi:smi-registry/organization/EMSC</agencyURI>
    <authorURI>smi:smi-registry/organization/EMSC</authorURI>
    <creationTime>2014-12-11T08:57:03.116641Z</creationTime>
  </creationInfo>
  <description>
    <text>AEGEAN SEA</text>
    <type>Flinn-Engdahl region</type>
  </description>
  <origin publicID="quakeml:eu.emsc/event/19990306_0000002/origin/1476100">
    <time>
      <value>1999-03-06T02:30:38.4Z</value>
    </time>
    <latitude>
      <value>40.273</value>
      <uncertainty>9999.9</uncertainty>
    </latitude>
    <longitude>
      <value>25.799</value>
      <uncertainty>9999.9</uncertainty>
    </longitude>
    <depth>
      <value>10000</value>
    </depth>
    <depthType>from location</depthType>
    <methodID>smi:eu.emsc-csem/origin_method/NA</methodID>
    <quality>
      <usedPhaseCount>5</usedPhaseCount>
      <usedStationCount>4</usedStationCount>
      <standardError>1.35</standardError>
      <azimuthalGap>287</azimuthalGap>
      <minimumDistance>0.6</minimumDistance>
      <maximumDistance>1.62</maximumDistance>
    </quality>
    <evaluationMode>manual</evaluationMode>
    <creationInfo>
      <agencyURI>smi:smi-registry/organization/EMSC</agencyURI>
      <authorURI>smi:smi-registry/organization/EMSC</authorURI>
    </creationInfo>
    <originUncertainty>
      <azimuthMaxHorizontalUncertainty>-99</azimuthMaxHorizontalUncertainty>
    </originUncertainty>
  </origin>
  <magnitude publicID="quakeml:eu.emsc/event/19990306_0000002/origin/1476100/mag/2">
    <mag>
      <value>2.7</value>
    </mag>
    <type>MD</type>
    <originID>quakeml:eu.emsc/event/19990306_0000002/origin/1476100</originID>
    <creationInfo>
      <agencyURI>smi:smi-registry/organization/EMSC</agencyURI>
      <authorURI>smi:smi-registry/organization/EMSC</authorURI>
    </creationInfo>
  </magnitude>
</event>
<event publicID="quakeml:eu.emsc/event/19990306_0000001">
  <preferredOriginID>quakeml:eu.emsc/event/19990306_0000001/origin/1479540</preferredOriginID>
  <preferredMagnitudeID>quakeml:eu.emsc/event/19990306_0000001/origin/1479540/mag/2</preferredMagnitudeID>
  <creationInfo>
    <agencyURI>smi:smi-registry/organization/EMSC</agencyURI>
    <authorURI>smi:smi-registry/organization/EMSC</authorURI>
    <creationTime>2014-12-03T11:19:45.911445Z</creationTime>
  </creationInfo>
  <description>
    <text>GREECE</text>
    <type>Flinn-Engdahl region</type>
  </description>
  <origin publicID="quakeml:eu.emsc/event/19990306_0000001/origin/1479540">
    <time>
      <value>1999-03-06T01:26:13.4Z</value>
      <uncertainty>0.19</uncertainty>
    </time>
    <latitude>
      <value>38.0873</value>
      <uncertainty>7.2</uncertainty>
    </latitude>
    <longitude>
      <value>22.0711</value>
      <uncertainty>3.7</uncertainty>
    </longitude>
    <depth>
      <value>73300.0</value>
      <uncertainty>2.3</uncertainty>
    </depth>
    <depthType>from location</depthType>
    <methodID>smi:eu.emsc-csem/origin_method/NA</methodID>
    <quality>
      <usedPhaseCount>28</usedPhaseCount>
      <usedStationCount>27</usedStationCount>
      <standardError>0.71</standardError>
      <azimuthalGap>160</azimuthalGap>
      <minimumDistance>0.85</minimumDistance>
      <maximumDistance>59.35</maximumDistance>
    </quality>
    <evaluationMode>manual</evaluationMode>
    <creationInfo>
      <agencyURI>smi:smi-registry/organization/EMSC</agencyURI>
      <authorURI>smi:smi-registry/organization/EMSC</authorURI>
    </creationInfo>
    <originUncertainty>
      <azimuthMaxHorizontalUncertainty>64</azimuthMaxHorizontalUncertainty>
    </originUncertainty>
  </origin>
  <magnitude publicID="quakeml:eu.emsc/event/19990306_0000001/origin/1479540/mag/2">
    <mag>
      <value>3.4</value>
    </mag>
    <type>ML</type>
    <originID>quakeml:eu.emsc/event/19990306_0000001/origin/1479540</originID>
    <creationInfo>
      <agencyURI>smi:smi-registry/organization/EMSC</agencyURI>
      <authorURI>smi:smi-registry/organization/EMSC</authorURI>
    </creationInfo>
  </magnitude>
</event>
</eventParameters>
</q:quakeml>
