<?xml version="1.0"?>
<q:quakeml xmlns:q="http://quakeml.org/xmlns/quakeml/1.2"  xmlns="http://quakeml.org/xmlns/bed/1.2">
<eventParameters publicID="smi:eu.emsc/unid">
<event publicID="quakeml:eu.emsc/event/19990716_0000010">
  <preferredOriginID>quakeml:eu.emsc/event/19990716_0000010/origin/1464944</preferredOriginID>
  <preferredMagnitudeID>quakeml:eu.emsc/event/19990716_0000010/origin/1464944/mag/1</preferredMagnitudeID>
  <creationInfo>
    <agencyURI>smi:smi-registry/organization/EMSC</agencyURI>
    <authorURI>smi:smi-registry/organization/EMSC</authorURI>
    <creationTime>2014-12-03T16:08:20.376379Z</creationTime>
  </creationInfo>
  <description>
    <text>FRANCE</text>
    <type>Flinn-Engdahl region</type>
  </description>
  <origin publicID="quakeml:eu.emsc/event/19990716_0000010/origin/1464944">
    <time>
      <value>1999-07-16T19:43:40.8Z</value>
      <uncertainty>0.13</uncertainty>
    </time>
    <latitude>
      <value>48.1939</value>
      <uncertainty>2.6</uncertainty>
    </latitude>
    <longitude>
      <value>7.6843</value>
      <uncertainty>2</uncertainty>
    </longitude>
    <depth>
      <value>10000</value>
    </depth>
    <depthType>from location</depthType>
    <methodID>smi:eu.emsc-csem/origin_method/NA</methodID>
    <quality>
      <usedPhaseCount>25</usedPhaseCount>
      <usedStationCount>14</usedStationCount>
      <standardError>0.69</standardError>
      <azimuthalGap>117</azimuthalGap>
      <minimumDistance>0.28</minimumDistance>
      <maximumDistance>3.03</maximumDistance>
    </quality>
    <evaluationMode>manual</evaluationMode>
    <creationInfo>
      <agencyURI>smi:smi-registry/organization/EMSC</agencyURI>
      <authorURI>smi:smi-registry/organization/EMSC</authorURI>
    </creationInfo>
    <originUncertainty>
      <azimuthMaxHorizontalUncertainty>7</azimuthMaxHorizontalUncertainty>
    </originUncertainty>
  </origin>
  <magnitude publicID="quakeml:eu.emsc/event/19990716_0000010/origin/1464944/mag/1">
    <mag>
      <value>2</value>
      <uncertainty>0.5</uncertainty>
    </mag>
    <type>ML</type>
    <originID>quakeml:eu.emsc/event/19990716_0000010/origin/1464944</originID>
    <stationCount>5</stationCount>
    <creationInfo>
      <agencyURI>smi:smi-registry/organization/EMSC</agencyURI>
      <authorURI>smi:smi-registry/organization/EMSC</authorURI>
    </creationInfo>
  </magnitude>
</event>
<event publicID="quakeml:eu.emsc/event/19990716_0000007">
  <preferredOriginID>quakeml:eu.emsc/event/19990716_0000007/origin/1474102</preferredOriginID>
  <preferredMagnitudeID>quakeml:eu.emsc/event/19990716_0000007/origin/1474102/mag/2</preferredMagnitudeID>
  <creationInfo>
    <agencyURI>smi:smi-registry/organization/EMSC</agencyURI>
    <authorURI>smi:smi-registry/organization/EMSC</authorURI>
    <creationTime>2014-12-11T19:12:33.253623Z</creationTime>
  </creationInfo>
  <description>
    <text>CENTRAL TURKEY</text>
    <type>Flinn-Engdahl region</type>
  </description>
  <origin publicID="quakeml:eu.emsc/event/19990716_0000007/origin/1474102">
    <time>
      <value>1999-07-16T16:06:46.5Z</value>
    </time>
    <latitude>
      <value>40.76</value>
      <uncertainty>9999.9</uncertainty>
    </latitude>
    <longitude>
      <value>32.891</value>
      <uncertainty>9999.9</uncertainty>
    </longitude>
    <depth>
      <value>10000</value>
    </depth>
    <depthType>from location</depthType>
    <methodID>smi:eu.emsc-csem/origin_method/NA</methodID>
    <quality>
      <usedPhaseCount>11</usedPhaseCount>
      <usedStationCount>10</usedStationCount>
      <standardError>1.25</standardError>
      <azimuthalGap>127</azimuthalGap>
      <minimumDistance>1.46</minimumDistance>
      <maximumDistance>3.56</maximumDistance>
    </quality>
    <evaluationMode>manual</evaluationMode>
    <creationInfo>
      <agencyURI>smi:smi-registry/organization/EMSC</agencyURI>
      <authorURI>smi:smi-registry/organization/EMSC</authorURI>
    </creationInfo>
    <originUncertainty>
      <azimuthMaxHorizontalUncertainty>-99</azimuthMaxHorizontalUncertainty>
    </originUncertainty>
  </origin>
  <magnitude publicID="quakeml:eu.emsc/event/19990716_0000007/origin/1474102/mag/2">
    <mag>
      <value>3.8</value>
    </mag>
    <type>MD</type>
    <originID>quakeml:eu.emsc/event/19990716_0000007/origin/1474102</originID>
    <creationInfo>
      <agencyURI>smi:smi-registry/organization/EMSC</agencyURI>
      <authorURI>smi:smi-registry/organization/EMSC</authorURI>
    </creationInfo>
  </magnitude>
</event>
<event publicID="quakeml:eu.emsc/event/19990716_0000006">
  <preferredOriginID>quakeml:eu.emsc/event/19990716_0000006/origin/1465593</preferredOriginID>
  <preferredMagnitudeID>quakeml:eu.emsc/event/19990716_0000006/origin/1465593/mag/2</preferredMagnitudeID>
  <creationInfo>
    <agencyURI>smi:smi-registry/organization/EMSC</agencyURI>
    <authorURI>smi:smi-registry/organization/EMSC</authorURI>
    <creationTime>2014-12-03T11:05:39.338177Z</creationTime>
  </creationInfo>
  <description>
    <text>FINLAND-RUSSIA BORDER REGION</text>
    <type>Flinn-Engdahl region</type>
  </description>
  <origin publicID="quakeml:eu.emsc/event/19990716_0000006/origin/1465593">
    <time>
      <value>1999-07-16T15:17:55.0Z</value>
      <uncertainty>0.89</uncertainty>
    </time>
    <latitude>
      <value>61.0159</value>
      <uncertainty>20.3</uncertainty>
    </latitude>
    <longitude>
      <value>29.9158</value>
      <uncertainty>9.1</uncertainty>
    </longitude>
    <depth>
      <value>10000</value>
    </depth>
    <depthType>from location</depthType>
    <methodID>smi:eu.emsc-csem/origin_method/NA</methodID>
    <quality>
      <usedPhaseCount>18</usedPhaseCount>
      <usedStationCount>11</usedStationCount>
      <standardError>1.28</standardError>
      <azimuthalGap>242</azimuthalGap>
      <minimumDistance>2.02</minimumDistance>
      <maximumDistance>8.96</maximumDistance>
    </quality>
    <evaluationMode>manual</evaluationMode>
    <creationInfo>
      <agencyURI>smi:smi-registry/organization/EMSC</agencyURI>
      <authorURI>smi:smi-registry/organization/EMSC</authorURI>
    </creationInfo>
    <originUncertainty>
      <azimuthMaxHorizontalUncertainty>143</azimuthMaxHorizontalUncertainty>
    </originUncertainty>
  </origin>
  <magnitude publicID="quakeml:eu.emsc/event/19990716_0000006/origin/1465593/mag/2">
    <mag>
      <value>2.5</value>
    </mag>
    <type>ML</type>
    <originID>quakeml:eu.emsc/event/19990716_0000006/origin/1465593</originID>
    <creationInfo>
      <agencyURI>smi:smi-registry/organization/EMSC</agencyURI>
      <authorURI>smi:smi-registry/organization/EMSC</authorURI>
    </creationInfo>
  </magnitude>
</event>
<event publicID="quakeml:eu.emsc/event/19990716_0000003">
  <preferredOriginID>quakeml:eu.emsc/event/19990716_0000003/origin/1465596</preferredOriginID>
  <preferredMagnitudeID>quakeml:eu.emsc/event/19990716_0000003/origin/1465596/mag/2</preferredMagnitudeID>
  <creationInfo>
    <agencyURI>smi:smi-registry/organization/EMSC</agencyURI>
    <authorURI>smi:smi-registry/organization/EMSC</authorURI>
    <creationTime>2014-12-03T11:17:06.832329Z</creationTime>
  </creationInfo>
  <description>
    <text>SOUTHERN GREECE</text>
    <type>Flinn-Engdahl region</type>
  </description>
  <origin publicID="quakeml:eu.emsc/event/19990716_0000003/origin/1465596">
    <time>
      <value>1999-07-16T07:24:46.2Z</value>
      <uncertainty>0.83</uncertainty>
    </time>
    <latitude>
      <value>37.6661</value>
      <uncertainty>38.2</uncertainty>
    </latitude>
    <longitude>
      <value>22.9808</value>
      <uncertainty>19.1</uncertainty>
    </longitude>
    <depth>
      <value>30000</value>
    </depth>
    <depthType>from location</depthType>
    <methodID>smi:eu.emsc-csem/origin_method/NA</methodID>
    <quality>
      <usedPhaseCount>7</usedPhaseCount>
      <usedStationCount>7</usedStationCount>
      <standardError>1.38</standardError>
      <azimuthalGap>160</azimuthalGap>
      <minimumDistance>0.95</minimumDistance>
      <maximumDistance>3.83</maximumDistance>
    </quality>
    <evaluationMode>manual</evaluationMode>
    <creationInfo>
      <agencyURI>smi:smi-registry/organization/EMSC</agencyURI>
      <authorURI>smi:smi-registry/organization/EMSC</authorURI>
    </creationInfo>
    <originUncertainty>
      <azimuthMaxHorizontalUncertainty>74</azimuthMaxHorizontalUncertainty>
    </originUncertainty>
  </origin>
  <magnitude publicID="quakeml:eu.emsc/event/19990716_0000003/origin/1465596/mag/2">
    <mag>
      <value>3</value>
    </mag>
    <type>ML</type>
    <originID>quakeml:eu.emsc/event/19990716_0000003/origin/1465596</originID>
    <creationInfo>
      <agencyURI>smi:smi-registry/organization/EMSC</agencyURI>
      <authorURI>smi:smi-registry/organization/EMSC</authorURI>
    </creationInfo>
  </magnitude>
</event>
<event publicID="quakeml:eu.emsc/event/19990716_0000004">
  <preferredOriginID>quakeml:eu.emsc/event/19990716_0000004/origin/1474104</preferredOriginID>
  <preferredMagnitudeID>quakeml:eu.emsc/event/19990716_0000004/origin/1474104/mag/2</preferredMagnitudeID>
  <creationInfo>
    <agencyURI>smi:smi-registry/organization/EMSC</agencyURI>
    <authorURI>smi:smi-registry/organization/EMSC</authorURI>
    <creationTime>2014-12-11T19:11:06.821923Z</creationTime>
  </creationInfo>
  <description>
    <text>SOUTHERN GREECE</text>
    <type>Flinn-Engdahl region</type>
  </description>
  <origin publicID="quakeml:eu.emsc/event/19990716_0000004/origin/1474104">
    <time>
      <value>1999-07-16T05:57:01.8Z</value>
    </time>
    <latitude>
      <value>36.1</value>
      <uncertainty>9999.9</uncertainty>
    </latitude>
    <longitude>
      <value>21.71</value>
      <uncertainty>9999.9</uncertainty>
    </longitude>
    <depth>
      <value>5000</value>
    </depth>
    <depthType>from location</depthType>
    <methodID>smi:eu.emsc-csem/origin_method/NA</methodID>
    <quality>
      <usedPhaseCount>5</usedPhaseCount>
      <usedStationCount>5</usedStationCount>
      <standardError>2.23</standardError>
      <azimuthalGap>256</azimuthalGap>
      <minimumDistance>1.09</minimumDistance>
      <maximumDistance>2.81</maximumDistance>
    </quality>
    <evaluationMode>manual</evaluationMode>
    <creationInfo>
      <agencyURI>smi:smi-registry/organization/EMSC</agencyURI>
      <authorURI>smi:smi-registry/organization/EMSC</authorURI>
    </creationInfo>
    <originUncertainty>
      <azimuthMaxHorizontalUncertainty>-99</azimuthMaxHorizontalUncertainty>
    </originUncertainty>
  </origin>
  <magnitude publicID="quakeml:eu.emsc/event/19990716_0000004/origin/1474104/mag/2">
    <mag>
      <value>3.1</value>
    </mag>
    <type>MD</type>
    <originID>quakeml:eu.emsc/event/19990716_0000004/origin/1474104</originID>
    <creationInfo>
      <agencyURI>smi:smi-registry/organization/EMSC</agencyURI>
      <authorURI>smi:smi-registry/organization/EMSC</authorURI>
    </creationInfo>
  </magnitude>
</event>
<event publicID="quakeml:eu.emsc/event/19990716_0000002">
  <preferredOriginID>quakeml:eu.emsc/event/19990716_0000002/origin/1465812</preferredOriginID>
  <preferredMagnitudeID>quakeml:eu.emsc/event/19990716_0000002/origin/1465812/mag/1</preferredMagnitudeID>
  <creationInfo>
    <agencyURI>smi:smi-registry/organization/EMSC</agencyURI>
    <authorURI>smi:smi-registry/organization/EMSC</authorURI>
    <creationTime>2014-12-03T10:35:07.801563Z</creationTime>
  </creationInfo>
  <description>
    <text>NORTHERN ITALY</text>
    <type>Flinn-Engdahl region</type>
  </description>
  <origin publicID="quakeml:eu.emsc/event/19990716_0000002/origin/1465812">
    <time>
      <value>1999-07-16T05:24:43.3Z</value>
      <uncertainty>0.1</uncertainty>
    </time>
    <latitude>
      <value>45.5838</value>
      <uncertainty>2.4</uncertainty>
    </latitude>
    <longitude>
      <value>10.6395</value>
      <uncertainty>2.1</uncertainty>
    </longitude>
    <depth>
      <value>2000</value>
    </depth>
    <depthType>from location</depthType>
    <methodID>smi:eu.emsc-csem/origin_method/NA</methodID>
    <quality>
      <usedPhaseCount>170</usedPhaseCount>
      <usedStationCount>124</usedStationCount>
      <standardError>1.16</standardError>
      <azimuthalGap>54</azimuthalGap>
      <minimumDistance>0.08</minimumDistance>
      <maximumDistance>5.92</maximumDistance>
    </quality>
    <evaluationMode>manual</evaluationMode>
    <creationInfo>
      <agencyURI>smi:smi-registry/organization/EMSC</agencyURI>
      <authorURI>smi:smi-registry/organization/EMSC</authorURI>
    </creationInfo>
    <originUncertainty>
      <azimuthMaxHorizontalUncertainty>131</azimuthMaxHorizontalUncertainty>
    </originUncertainty>
  </origin>
  <magnitude publicID="quakeml:eu.emsc/event/19990716_0000002/origin/1465812/mag/1">
    <mag>
      <value>3.4</value>
      <uncertainty>0.3</uncertainty>
    </mag>
    <type>ML</type>
    <originID>quakeml:eu.emsc/event/19990716_0000002/origin/1465812</originID>
    <stationCount>10</stationCount>
    <creationInfo>
      <agencyURI>smi:smi-registry/organization/EMSC</agencyURI>
      <authorURI>smi:smi-registry/organization/EMSC</authorURI>
    </creationInfo>
  </magnitude>
</event>
<event publicID="quakeml:eu.emsc/event/19990716_0000009">
  <preferredOriginID>quakeml:eu.emsc/event/19990716_0000009/origin/1464947</preferredOriginID>
  <preferredMagnitudeID>quakeml:eu.emsc/event/19990716_0000009/origin/1464947/mag/1</preferredMagnitudeID>
  <creationInfo>
    <agencyURI>smi:smi-registry/organization/EMSC</agencyURI>
    <authorURI>smi:smi-registry/organization/EMSC</authorURI>
    <creationTime>2014-12-03T15:21:12.735165Z</creationTime>
  </creationInfo>
  <description>
    <text>FRANCE</text>
    <type>Flinn-Engdahl region</type>
  </description>
  <origin publicID="quakeml:eu.emsc/event/19990716_0000009/origin/1464947">
    <time>
      <value>1999-07-16T04:14:55.0Z</value>
      <uncertainty>0.14</uncertainty>
    </time>
    <latitude>
      <value>45.9493</value>
      <uncertainty>3.3</uncertainty>
    </latitude>
    <longitude>
      <value>2.9318</value>
      <uncertainty>2.3</uncertainty>
    </longitude>
    <depth>
      <value>10000</value>
    </depth>
    <depthType>from location</depthType>
    <methodID>smi:eu.emsc-csem/origin_method/NA</methodID>
    <quality>
      <usedPhaseCount>20</usedPhaseCount>
      <usedStationCount>10</usedStationCount>
      <standardError>0.55</standardError>
      <azimuthalGap>75</azimuthalGap>
      <minimumDistance>0.17</minimumDistance>
      <maximumDistance>1.19</maximumDistance>
    </quality>
    <evaluationMode>manual</evaluationMode>
    <creationInfo>
      <agencyURI>smi:smi-registry/organization/EMSC</agencyURI>
      <authorURI>smi:smi-registry/organization/EMSC</authorURI>
    </creationInfo>
    <originUncertainty>
      <azimuthMaxHorizontalUncertainty>107</azimuthMaxHorizontalUncertainty>
    </originUncertainty>
  </origin>
  <magnitude publicID="quakeml:eu.emsc/event/19990716_0000009/origin/1464947/mag/1">
    <mag>
      <value>1.7</value>
      <uncertainty>0.4</uncertainty>
    </mag>
    <type>ML</type>
    <originID>quakeml:eu.emsc/event/19990716_0000009/origin/1464947</originID>
    <stationCount>6</stationCount>
    <creationInfo>
      <agencyURI>smi:smi-registry/organization/EMSC</agencyURI>
      <authorURI>smi:smi-registry/organization/EMSC</authorURI>
    </creationInfo>
  </magnitude>
</event>
<event publicID="quakeml:eu.emsc/event/19990716_0000001">
  <preferredOriginID>quakeml:eu.emsc/event/19990716_0000001/origin/1465600</preferredOriginID>
  <preferredMagnitudeID>quakeml:eu.emsc/event/19990716_0000001/origin/1465600/mag/1</preferredMagnitudeID>
  <creationInfo>
    <agencyURI>smi:smi-registry/organization/EMSC</agencyURI>
    <authorURI>smi:smi-registry/organization/EMSC</authorURI>
    <creationTime>2014-12-03T11:25:17.245601Z</creationTime>
  </creationInfo>
  <description>
    <text>CYPRUS REGION</text>
    <type>Flinn-Engdahl region</type>
  </description>
  <origin publicID="quakeml:eu.emsc/event/19990716_0000001/origin/1465600">
    <time>
      <value>1999-07-16T01:03:12.6Z</value>
      <uncertainty>0.26</uncertainty>
    </time>
    <latitude>
      <value>34.3674</value>
      <uncertainty>7.4</uncertainty>
    </latitude>
    <longitude>
      <value>32.2805</value>
      <uncertainty>2.8</uncertainty>
    </longitude>
    <depth>
      <value>20000</value>
    </depth>
    <depthType>from location</depthType>
    <methodID>smi:eu.emsc-csem/origin_method/NA</methodID>
    <quality>
      <usedPhaseCount>39</usedPhaseCount>
      <usedStationCount>30</usedStationCount>
      <standardError>0.9</standardError>
      <azimuthalGap>210</azimuthalGap>
      <minimumDistance>0.52</minimumDistance>
      <maximumDistance>5.2</maximumDistance>
    </quality>
    <evaluationMode>manual</evaluationMode>
    <creationInfo>
      <agencyURI>smi:smi-registry/organization/EMSC</agencyURI>
      <authorURI>smi:smi-registry/organization/EMSC</authorURI>
    </creationInfo>
    <originUncertainty>
      <azimuthMaxHorizontalUncertainty>86</azimuthMaxHorizontalUncertainty>
    </originUncertainty>
  </origin>
  <magnitude publicID="quakeml:eu.emsc/event/19990716_0000001/origin/1465600/mag/1">
    <mag>
      <value>3.3</value>
    </mag>
    <type>Mw</type>
    <originID>quakeml:eu.emsc/event/19990716_0000001/origin/1465600</originID>
    <creationInfo>
      <agencyURI>smi:smi-registry/organization/EMSC</agencyURI>
      <authorURI>smi:smi-registry/organization/EMSC</authorURI>
    </creationInfo>
  </magnitude>
</event>
</eventParameters>
</q:quakeml>
