<?xml version="1.0"?>
<q:quakeml xmlns:q="http://quakeml.org/xmlns/quakeml/1.2"  xmlns="http://quakeml.org/xmlns/bed/1.2">
<eventParameters publicID="smi:eu.emsc/unid">
<event publicID="quakeml:eu.emsc/event/19990116_0000019">
  <preferredOriginID>quakeml:eu.emsc/event/19990116_0000019/origin/1480877</preferredOriginID>
  <preferredMagnitudeID>quakeml:eu.emsc/event/19990116_0000019/origin/1480877/mag/2</preferredMagnitudeID>
  <creationInfo>
    <agencyURI>smi:smi-registry/organization/EMSC</agencyURI>
    <authorURI>smi:smi-registry/organization/EMSC</authorURI>
    <creationTime>2014-12-03T15:23:13.106208Z</creationTime>
  </creationInfo>
  <description>
    <text>PYRENEES</text>
    <type>Flinn-Engdahl region</type>
  </description>
  <origin publicID="quakeml:eu.emsc/event/19990116_0000019/origin/1480877">
    <time>
      <value>1999-01-16T21:53:27.5Z</value>
      <uncertainty>0.26</uncertainty>
    </time>
    <latitude>
      <value>42.5443</value>
      <uncertainty>7.3</uncertainty>
    </latitude>
    <longitude>
      <value>1.7756</value>
      <uncertainty>3.4</uncertainty>
    </longitude>
    <depth>
      <value>12000</value>
    </depth>
    <depthType>from location</depthType>
    <methodID>smi:eu.emsc-csem/origin_method/NA</methodID>
    <quality>
      <usedPhaseCount>8</usedPhaseCount>
      <usedStationCount>4</usedStationCount>
      <standardError>0.52</standardError>
      <azimuthalGap>213</azimuthalGap>
      <minimumDistance>0.15</minimumDistance>
      <maximumDistance>1.14</maximumDistance>
    </quality>
    <evaluationMode>manual</evaluationMode>
    <creationInfo>
      <agencyURI>smi:smi-registry/organization/EMSC</agencyURI>
      <authorURI>smi:smi-registry/organization/EMSC</authorURI>
    </creationInfo>
  </origin>
  <magnitude publicID="quakeml:eu.emsc/event/19990116_0000019/origin/1480877/mag/2">
    <mag>
      <value>1.4</value>
    </mag>
    <type>ML</type>
    <originID>quakeml:eu.emsc/event/19990116_0000019/origin/1480877</originID>
    <creationInfo>
      <agencyURI>smi:smi-registry/organization/EMSC</agencyURI>
      <authorURI>smi:smi-registry/organization/EMSC</authorURI>
    </creationInfo>
  </magnitude>
</event>
<event publicID="quakeml:eu.emsc/event/19990116_0000015">
  <preferredOriginID>quakeml:eu.emsc/event/19990116_0000015/origin/1481449</preferredOriginID>
  <creationInfo>
    <agencyURI>smi:smi-registry/organization/EMSC</agencyURI>
    <authorURI>smi:smi-registry/organization/EMSC</authorURI>
    <creationTime>2014-12-03T11:24:21.849122Z</creationTime>
  </creationInfo>
  <description>
    <text>POLAND</text>
    <type>Flinn-Engdahl region</type>
  </description>
  <origin publicID="quakeml:eu.emsc/event/19990116_0000015/origin/1481449">
    <time>
      <value>1999-01-16T20:42:27.4Z</value>
      <uncertainty>0.47</uncertainty>
    </time>
    <latitude>
      <value>51.4905</value>
      <uncertainty>9.1</uncertainty>
    </latitude>
    <longitude>
      <value>16.0353</value>
      <uncertainty>4.9</uncertainty>
    </longitude>
    <depth>
      <value>2000</value>
    </depth>
    <depthType>from location</depthType>
    <methodID>smi:eu.emsc-csem/origin_method/NA</methodID>
    <quality>
      <usedPhaseCount>20</usedPhaseCount>
      <usedStationCount>10</usedStationCount>
      <standardError>1.04</standardError>
      <azimuthalGap>210</azimuthalGap>
      <minimumDistance>0.67</minimumDistance>
      <maximumDistance>3.82</maximumDistance>
    </quality>
    <evaluationMode>manual</evaluationMode>
    <creationInfo>
      <agencyURI>smi:smi-registry/organization/EMSC</agencyURI>
      <authorURI>smi:smi-registry/organization/EMSC</authorURI>
    </creationInfo>
    <originUncertainty>
      <azimuthMaxHorizontalUncertainty>5</azimuthMaxHorizontalUncertainty>
    </originUncertainty>
  </origin>
</event>
<event publicID="quakeml:eu.emsc/event/19990116_0000014">
  <preferredOriginID>quakeml:eu.emsc/event/19990116_0000014/origin/1481451</preferredOriginID>
  <preferredMagnitudeID>quakeml:eu.emsc/event/19990116_0000014/origin/1481451/mag/2</preferredMagnitudeID>
  <creationInfo>
    <agencyURI>smi:smi-registry/organization/EMSC</agencyURI>
    <authorURI>smi:smi-registry/organization/EMSC</authorURI>
    <creationTime>2014-12-03T11:06:21.5433Z</creationTime>
  </creationInfo>
  <description>
    <text>AEGEAN SEA</text>
    <type>Flinn-Engdahl region</type>
  </description>
  <origin publicID="quakeml:eu.emsc/event/19990116_0000014/origin/1481451">
    <time>
      <value>1999-01-16T20:26:50.3Z</value>
      <uncertainty>0.19</uncertainty>
    </time>
    <latitude>
      <value>40.5119</value>
      <uncertainty>3.8</uncertainty>
    </latitude>
    <longitude>
      <value>24.1079</value>
      <uncertainty>3.6</uncertainty>
    </longitude>
    <depth>
      <value>15000</value>
    </depth>
    <depthType>from location</depthType>
    <methodID>smi:eu.emsc-csem/origin_method/NA</methodID>
    <quality>
      <usedPhaseCount>25</usedPhaseCount>
      <usedStationCount>19</usedStationCount>
      <standardError>0.86</standardError>
      <azimuthalGap>84</azimuthalGap>
      <minimumDistance>0.2</minimumDistance>
      <maximumDistance>3.07</maximumDistance>
    </quality>
    <evaluationMode>manual</evaluationMode>
    <creationInfo>
      <agencyURI>smi:smi-registry/organization/EMSC</agencyURI>
      <authorURI>smi:smi-registry/organization/EMSC</authorURI>
    </creationInfo>
    <originUncertainty>
      <azimuthMaxHorizontalUncertainty>138</azimuthMaxHorizontalUncertainty>
    </originUncertainty>
  </origin>
  <magnitude publicID="quakeml:eu.emsc/event/19990116_0000014/origin/1481451/mag/2">
    <mag>
      <value>2.8</value>
    </mag>
    <type>ML</type>
    <originID>quakeml:eu.emsc/event/19990116_0000014/origin/1481451</originID>
    <creationInfo>
      <agencyURI>smi:smi-registry/organization/EMSC</agencyURI>
      <authorURI>smi:smi-registry/organization/EMSC</authorURI>
    </creationInfo>
  </magnitude>
</event>
<event publicID="quakeml:eu.emsc/event/19990116_0000013">
  <preferredOriginID>quakeml:eu.emsc/event/19990116_0000013/origin/1476686</preferredOriginID>
  <preferredMagnitudeID>quakeml:eu.emsc/event/19990116_0000013/origin/1476686/mag/2</preferredMagnitudeID>
  <creationInfo>
    <agencyURI>smi:smi-registry/organization/EMSC</agencyURI>
    <authorURI>smi:smi-registry/organization/EMSC</authorURI>
    <creationTime>2014-12-11T04:38:27.198556Z</creationTime>
  </creationInfo>
  <description>
    <text>SOUTHERN IRAN</text>
    <type>Flinn-Engdahl region</type>
  </description>
  <origin publicID="quakeml:eu.emsc/event/19990116_0000013/origin/1476686">
    <time>
      <value>1999-01-16T18:28:42.2Z</value>
    </time>
    <latitude>
      <value>27.823</value>
      <uncertainty>9999.9</uncertainty>
    </latitude>
    <longitude>
      <value>53.531</value>
      <uncertainty>9999.9</uncertainty>
    </longitude>
    <depth>
      <value>33000</value>
    </depth>
    <depthType>from location</depthType>
    <methodID>smi:eu.emsc-csem/origin_method/NA</methodID>
    <quality>
      <usedPhaseCount>13</usedPhaseCount>
      <usedStationCount>13</usedStationCount>
      <standardError>1.93</standardError>
      <azimuthalGap>115</azimuthalGap>
      <minimumDistance>17.91</minimumDistance>
      <maximumDistance>89.5</maximumDistance>
    </quality>
    <evaluationMode>manual</evaluationMode>
    <creationInfo>
      <agencyURI>smi:smi-registry/organization/EMSC</agencyURI>
      <authorURI>smi:smi-registry/organization/EMSC</authorURI>
    </creationInfo>
    <originUncertainty>
      <azimuthMaxHorizontalUncertainty>-99</azimuthMaxHorizontalUncertainty>
    </originUncertainty>
  </origin>
  <magnitude publicID="quakeml:eu.emsc/event/19990116_0000013/origin/1476686/mag/2">
    <mag>
      <value>3.9</value>
    </mag>
    <type>mb</type>
    <originID>quakeml:eu.emsc/event/19990116_0000013/origin/1476686</originID>
    <stationCount>1</stationCount>
    <creationInfo>
      <agencyURI>smi:smi-registry/organization/EMSC</agencyURI>
      <authorURI>smi:smi-registry/organization/EMSC</authorURI>
    </creationInfo>
  </magnitude>
</event>
<event publicID="quakeml:eu.emsc/event/19990116_0000021">
  <preferredOriginID>quakeml:eu.emsc/event/19990116_0000021/origin/1476688</preferredOriginID>
  <preferredMagnitudeID>quakeml:eu.emsc/event/19990116_0000021/origin/1476688/mag/2</preferredMagnitudeID>
  <creationInfo>
    <agencyURI>smi:smi-registry/organization/EMSC</agencyURI>
    <authorURI>smi:smi-registry/organization/EMSC</authorURI>
    <creationTime>2014-12-10T12:57:56.893595Z</creationTime>
  </creationInfo>
  <description>
    <text>FRANCE</text>
    <type>Flinn-Engdahl region</type>
  </description>
  <origin publicID="quakeml:eu.emsc/event/19990116_0000021/origin/1476688">
    <time>
      <value>1999-01-16T17:45:17.4Z</value>
    </time>
    <latitude>
      <value>45.0461</value>
      <uncertainty>9999.9</uncertainty>
    </latitude>
    <longitude>
      <value>5.23</value>
      <uncertainty>9999.9</uncertainty>
    </longitude>
    <depth>
      <value>2000</value>
    </depth>
    <depthType>from location</depthType>
    <methodID>smi:eu.emsc-csem/origin_method/NA</methodID>
    <quality>
      <usedPhaseCount>17</usedPhaseCount>
      <usedStationCount>11</usedStationCount>
      <standardError>0.95</standardError>
      <azimuthalGap>120</azimuthalGap>
      <minimumDistance>0.44</minimumDistance>
      <maximumDistance>2.42</maximumDistance>
    </quality>
    <evaluationMode>manual</evaluationMode>
    <creationInfo>
      <agencyURI>smi:smi-registry/organization/EMSC</agencyURI>
      <authorURI>smi:smi-registry/organization/EMSC</authorURI>
    </creationInfo>
    <originUncertainty>
      <azimuthMaxHorizontalUncertainty>-99</azimuthMaxHorizontalUncertainty>
    </originUncertainty>
  </origin>
  <magnitude publicID="quakeml:eu.emsc/event/19990116_0000021/origin/1476688/mag/2">
    <mag>
      <value>1.9</value>
    </mag>
    <type>ML</type>
    <originID>quakeml:eu.emsc/event/19990116_0000021/origin/1476688</originID>
    <stationCount>10</stationCount>
    <creationInfo>
      <agencyURI>smi:smi-registry/organization/EMSC</agencyURI>
      <authorURI>smi:smi-registry/organization/EMSC</authorURI>
    </creationInfo>
  </magnitude>
</event>
<event publicID="quakeml:eu.emsc/event/19990116_0000012">
  <preferredOriginID>quakeml:eu.emsc/event/19990116_0000012/origin/1481454</preferredOriginID>
  <preferredMagnitudeID>quakeml:eu.emsc/event/19990116_0000012/origin/1481454/mag/2</preferredMagnitudeID>
  <creationInfo>
    <agencyURI>smi:smi-registry/organization/EMSC</agencyURI>
    <authorURI>smi:smi-registry/organization/EMSC</authorURI>
    <creationTime>2014-12-03T11:35:09.740599Z</creationTime>
  </creationInfo>
  <description>
    <text>EASTERN MEDITERRANEAN SEA</text>
    <type>Flinn-Engdahl region</type>
  </description>
  <origin publicID="quakeml:eu.emsc/event/19990116_0000012/origin/1481454">
    <time>
      <value>1999-01-16T17:09:02.3Z</value>
      <uncertainty>0.7</uncertainty>
    </time>
    <latitude>
      <value>32.4288</value>
      <uncertainty>16.8</uncertainty>
    </latitude>
    <longitude>
      <value>29.4295</value>
      <uncertainty>9.6</uncertainty>
    </longitude>
    <depth>
      <value>10000</value>
    </depth>
    <depthType>from location</depthType>
    <methodID>smi:eu.emsc-csem/origin_method/NA</methodID>
    <quality>
      <usedPhaseCount>23</usedPhaseCount>
      <usedStationCount>23</usedStationCount>
      <standardError>0.91</standardError>
      <azimuthalGap>209</azimuthalGap>
      <minimumDistance>2.82</minimumDistance>
      <maximumDistance>5.26</maximumDistance>
    </quality>
    <evaluationMode>manual</evaluationMode>
    <creationInfo>
      <agencyURI>smi:smi-registry/organization/EMSC</agencyURI>
      <authorURI>smi:smi-registry/organization/EMSC</authorURI>
    </creationInfo>
    <originUncertainty>
      <azimuthMaxHorizontalUncertainty>99</azimuthMaxHorizontalUncertainty>
    </originUncertainty>
  </origin>
  <magnitude publicID="quakeml:eu.emsc/event/19990116_0000012/origin/1481454/mag/2">
    <mag>
      <value>4.4</value>
    </mag>
    <type>ML</type>
    <originID>quakeml:eu.emsc/event/19990116_0000012/origin/1481454</originID>
    <creationInfo>
      <agencyURI>smi:smi-registry/organization/EMSC</agencyURI>
      <authorURI>smi:smi-registry/organization/EMSC</authorURI>
    </creationInfo>
  </magnitude>
</event>
<event publicID="quakeml:eu.emsc/event/19990116_0000020">
  <preferredOriginID>quakeml:eu.emsc/event/19990116_0000020/origin/1480881</preferredOriginID>
  <preferredMagnitudeID>quakeml:eu.emsc/event/19990116_0000020/origin/1480881/mag/1</preferredMagnitudeID>
  <creationInfo>
    <agencyURI>smi:smi-registry/organization/EMSC</agencyURI>
    <authorURI>smi:smi-registry/organization/EMSC</authorURI>
    <creationTime>2014-12-03T15:45:06.72431Z</creationTime>
  </creationInfo>
  <description>
    <text>PYRENEES</text>
    <type>Flinn-Engdahl region</type>
  </description>
  <origin publicID="quakeml:eu.emsc/event/19990116_0000020/origin/1480881">
    <time>
      <value>1999-01-16T16:48:25.6Z</value>
      <uncertainty>0.19</uncertainty>
    </time>
    <latitude>
      <value>42.2018</value>
      <uncertainty>4.4</uncertainty>
    </latitude>
    <longitude>
      <value>1.7179</value>
      <uncertainty>2.8</uncertainty>
    </longitude>
    <depth>
      <value>15000</value>
    </depth>
    <depthType>from location</depthType>
    <methodID>smi:eu.emsc-csem/origin_method/NA</methodID>
    <quality>
      <usedPhaseCount>26</usedPhaseCount>
      <usedStationCount>17</usedStationCount>
      <standardError>0.96</standardError>
      <azimuthalGap>97</azimuthalGap>
      <minimumDistance>0.14</minimumDistance>
      <maximumDistance>3.41</maximumDistance>
    </quality>
    <evaluationMode>manual</evaluationMode>
    <creationInfo>
      <agencyURI>smi:smi-registry/organization/EMSC</agencyURI>
      <authorURI>smi:smi-registry/organization/EMSC</authorURI>
    </creationInfo>
    <originUncertainty>
      <azimuthMaxHorizontalUncertainty>160</azimuthMaxHorizontalUncertainty>
    </originUncertainty>
  </origin>
  <magnitude publicID="quakeml:eu.emsc/event/19990116_0000020/origin/1480881/mag/1">
    <mag>
      <value>2.4</value>
      <uncertainty>0.4</uncertainty>
    </mag>
    <type>ML</type>
    <originID>quakeml:eu.emsc/event/19990116_0000020/origin/1480881</originID>
    <stationCount>6</stationCount>
    <creationInfo>
      <agencyURI>smi:smi-registry/organization/EMSC</agencyURI>
      <authorURI>smi:smi-registry/organization/EMSC</authorURI>
    </creationInfo>
  </magnitude>
</event>
<event publicID="quakeml:eu.emsc/event/19990116_0000011">
  <preferredOriginID>quakeml:eu.emsc/event/19990116_0000011/origin/1481456</preferredOriginID>
  <preferredMagnitudeID>quakeml:eu.emsc/event/19990116_0000011/origin/1481456/mag/2</preferredMagnitudeID>
  <creationInfo>
    <agencyURI>smi:smi-registry/organization/EMSC</agencyURI>
    <authorURI>smi:smi-registry/organization/EMSC</authorURI>
    <creationTime>2014-12-03T10:39:33.122676Z</creationTime>
  </creationInfo>
  <description>
    <text>BULGARIA</text>
    <type>Flinn-Engdahl region</type>
  </description>
  <origin publicID="quakeml:eu.emsc/event/19990116_0000011/origin/1481456">
    <time>
      <value>1999-01-16T13:57:03.4Z</value>
      <uncertainty>0.21</uncertainty>
    </time>
    <latitude>
      <value>42.0396</value>
      <uncertainty>5.3</uncertainty>
    </latitude>
    <longitude>
      <value>23.5411</value>
      <uncertainty>3.7</uncertainty>
    </longitude>
    <depth>
      <value>2000</value>
    </depth>
    <depthType>from location</depthType>
    <methodID>smi:eu.emsc-csem/origin_method/NA</methodID>
    <quality>
      <usedPhaseCount>20</usedPhaseCount>
      <usedStationCount>14</usedStationCount>
      <standardError>0.76</standardError>
      <azimuthalGap>67</azimuthalGap>
      <minimumDistance>0.47</minimumDistance>
      <maximumDistance>1.77</maximumDistance>
    </quality>
    <evaluationMode>manual</evaluationMode>
    <creationInfo>
      <agencyURI>smi:smi-registry/organization/EMSC</agencyURI>
      <authorURI>smi:smi-registry/organization/EMSC</authorURI>
    </creationInfo>
    <originUncertainty>
      <azimuthMaxHorizontalUncertainty>113</azimuthMaxHorizontalUncertainty>
    </originUncertainty>
  </origin>
  <magnitude publicID="quakeml:eu.emsc/event/19990116_0000011/origin/1481456/mag/2">
    <mag>
      <value>2.7</value>
    </mag>
    <type>ML</type>
    <originID>quakeml:eu.emsc/event/19990116_0000011/origin/1481456</originID>
    <creationInfo>
      <agencyURI>smi:smi-registry/organization/EMSC</agencyURI>
      <authorURI>smi:smi-registry/organization/EMSC</authorURI>
    </creationInfo>
  </magnitude>
</event>
<event publicID="quakeml:eu.emsc/event/19990116_0000010">
  <preferredOriginID>quakeml:eu.emsc/event/19990116_0000010/origin/1476690</preferredOriginID>
  <preferredMagnitudeID>quakeml:eu.emsc/event/19990116_0000010/origin/1476690/mag/2</preferredMagnitudeID>
  <creationInfo>
    <agencyURI>smi:smi-registry/organization/EMSC</agencyURI>
    <authorURI>smi:smi-registry/organization/EMSC</authorURI>
    <creationTime>2014-12-11T04:37:11.613414Z</creationTime>
  </creationInfo>
  <description>
    <text>BULGARIA</text>
    <type>Flinn-Engdahl region</type>
  </description>
  <origin publicID="quakeml:eu.emsc/event/19990116_0000010/origin/1476690">
    <time>
      <value>1999-01-16T13:53:34.2Z</value>
    </time>
    <latitude>
      <value>41.473</value>
      <uncertainty>9999.9</uncertainty>
    </latitude>
    <longitude>
      <value>23.346</value>
      <uncertainty>9999.9</uncertainty>
    </longitude>
    <depth>
      <value>5000</value>
    </depth>
    <depthType>from location</depthType>
    <methodID>smi:eu.emsc-csem/origin_method/NA</methodID>
    <quality>
      <usedPhaseCount>8</usedPhaseCount>
      <usedStationCount>5</usedStationCount>
      <standardError>2.93</standardError>
      <azimuthalGap>277</azimuthalGap>
      <minimumDistance>0.4</minimumDistance>
      <maximumDistance>1.24</maximumDistance>
    </quality>
    <evaluationMode>manual</evaluationMode>
    <creationInfo>
      <agencyURI>smi:smi-registry/organization/EMSC</agencyURI>
      <authorURI>smi:smi-registry/organization/EMSC</authorURI>
    </creationInfo>
    <originUncertainty>
      <azimuthMaxHorizontalUncertainty>-99</azimuthMaxHorizontalUncertainty>
    </originUncertainty>
  </origin>
  <magnitude publicID="quakeml:eu.emsc/event/19990116_0000010/origin/1476690/mag/2">
    <mag>
      <value>3.1</value>
    </mag>
    <type>ML</type>
    <originID>quakeml:eu.emsc/event/19990116_0000010/origin/1476690</originID>
    <creationInfo>
      <agencyURI>smi:smi-registry/organization/EMSC</agencyURI>
      <authorURI>smi:smi-registry/organization/EMSC</authorURI>
    </creationInfo>
  </magnitude>
</event>
<event publicID="quakeml:eu.emsc/event/19990116_0000009">
  <preferredOriginID>quakeml:eu.emsc/event/19990116_0000009/origin/1481458</preferredOriginID>
  <preferredMagnitudeID>quakeml:eu.emsc/event/19990116_0000009/origin/1481458/mag/2</preferredMagnitudeID>
  <creationInfo>
    <agencyURI>smi:smi-registry/organization/EMSC</agencyURI>
    <authorURI>smi:smi-registry/organization/EMSC</authorURI>
    <creationTime>2014-12-03T11:17:48.524766Z</creationTime>
  </creationInfo>
  <description>
    <text>BULGARIA</text>
    <type>Flinn-Engdahl region</type>
  </description>
  <origin publicID="quakeml:eu.emsc/event/19990116_0000009/origin/1481458">
    <time>
      <value>1999-01-16T13:52:21.5Z</value>
      <uncertainty>0.3</uncertainty>
    </time>
    <latitude>
      <value>42.042</value>
      <uncertainty>7.1</uncertainty>
    </latitude>
    <longitude>
      <value>23.4696</value>
      <uncertainty>5.1</uncertainty>
    </longitude>
    <depth>
      <value>2000</value>
    </depth>
    <depthType>from location</depthType>
    <methodID>smi:eu.emsc-csem/origin_method/NA</methodID>
    <quality>
      <usedPhaseCount>25</usedPhaseCount>
      <usedStationCount>19</usedStationCount>
      <standardError>1.01</standardError>
      <azimuthalGap>72</azimuthalGap>
      <minimumDistance>0.49</minimumDistance>
      <maximumDistance>2.35</maximumDistance>
    </quality>
    <evaluationMode>manual</evaluationMode>
    <creationInfo>
      <agencyURI>smi:smi-registry/organization/EMSC</agencyURI>
      <authorURI>smi:smi-registry/organization/EMSC</authorURI>
    </creationInfo>
    <originUncertainty>
      <azimuthMaxHorizontalUncertainty>134</azimuthMaxHorizontalUncertainty>
    </originUncertainty>
  </origin>
  <magnitude publicID="quakeml:eu.emsc/event/19990116_0000009/origin/1481458/mag/2">
    <mag>
      <value>3.1</value>
    </mag>
    <type>ML</type>
    <originID>quakeml:eu.emsc/event/19990116_0000009/origin/1481458</originID>
    <creationInfo>
      <agencyURI>smi:smi-registry/organization/EMSC</agencyURI>
      <authorURI>smi:smi-registry/organization/EMSC</authorURI>
    </creationInfo>
  </magnitude>
</event>
<event publicID="quakeml:eu.emsc/event/19990116_0000008">
  <preferredOriginID>quakeml:eu.emsc/event/19990116_0000008/origin/1481460</preferredOriginID>
  <preferredMagnitudeID>quakeml:eu.emsc/event/19990116_0000008/origin/1481460/mag/2</preferredMagnitudeID>
  <creationInfo>
    <agencyURI>smi:smi-registry/organization/EMSC</agencyURI>
    <authorURI>smi:smi-registry/organization/EMSC</authorURI>
    <creationTime>2014-12-03T11:48:30.337115Z</creationTime>
  </creationInfo>
  <description>
    <text>BULGARIA</text>
    <type>Flinn-Engdahl region</type>
  </description>
  <origin publicID="quakeml:eu.emsc/event/19990116_0000008/origin/1481460">
    <time>
      <value>1999-01-16T13:41:53.5Z</value>
      <uncertainty>0.52</uncertainty>
    </time>
    <latitude>
      <value>41.9667</value>
      <uncertainty>8.8</uncertainty>
    </latitude>
    <longitude>
      <value>23.4191</value>
      <uncertainty>5.8</uncertainty>
    </longitude>
    <depth>
      <value>2000</value>
    </depth>
    <depthType>from location</depthType>
    <methodID>smi:eu.emsc-csem/origin_method/NA</methodID>
    <quality>
      <usedPhaseCount>14</usedPhaseCount>
      <usedStationCount>8</usedStationCount>
      <standardError>0.65</standardError>
      <azimuthalGap>254</azimuthalGap>
      <minimumDistance>0.86</minimumDistance>
      <maximumDistance>1.69</maximumDistance>
    </quality>
    <evaluationMode>manual</evaluationMode>
    <creationInfo>
      <agencyURI>smi:smi-registry/organization/EMSC</agencyURI>
      <authorURI>smi:smi-registry/organization/EMSC</authorURI>
    </creationInfo>
    <originUncertainty>
      <azimuthMaxHorizontalUncertainty>40</azimuthMaxHorizontalUncertainty>
    </originUncertainty>
  </origin>
  <magnitude publicID="quakeml:eu.emsc/event/19990116_0000008/origin/1481460/mag/2">
    <mag>
      <value>3</value>
    </mag>
    <type>ML</type>
    <originID>quakeml:eu.emsc/event/19990116_0000008/origin/1481460</originID>
    <creationInfo>
      <agencyURI>smi:smi-registry/organization/EMSC</agencyURI>
      <authorURI>smi:smi-registry/organization/EMSC</authorURI>
    </creationInfo>
  </magnitude>
</event>
<event publicID="quakeml:eu.emsc/event/19990116_0000007">
  <preferredOriginID>quakeml:eu.emsc/event/19990116_0000007/origin/1481462</preferredOriginID>
  <preferredMagnitudeID>quakeml:eu.emsc/event/19990116_0000007/origin/1481462/mag/2</preferredMagnitudeID>
  <creationInfo>
    <agencyURI>smi:smi-registry/organization/EMSC</agencyURI>
    <authorURI>smi:smi-registry/organization/EMSC</authorURI>
    <creationTime>2014-12-03T11:04:25.656155Z</creationTime>
  </creationInfo>
  <description>
    <text>BULGARIA</text>
    <type>Flinn-Engdahl region</type>
  </description>
  <origin publicID="quakeml:eu.emsc/event/19990116_0000007/origin/1481462">
    <time>
      <value>1999-01-16T13:38:24.2Z</value>
      <uncertainty>0.9</uncertainty>
    </time>
    <latitude>
      <value>41.9316</value>
      <uncertainty>15.4</uncertainty>
    </latitude>
    <longitude>
      <value>23.471</value>
      <uncertainty>9.8</uncertainty>
    </longitude>
    <depth>
      <value>2000</value>
    </depth>
    <depthType>from location</depthType>
    <methodID>smi:eu.emsc-csem/origin_method/NA</methodID>
    <quality>
      <usedPhaseCount>16</usedPhaseCount>
      <usedStationCount>9</usedStationCount>
      <standardError>1.17</standardError>
      <azimuthalGap>254</azimuthalGap>
      <minimumDistance>0.82</minimumDistance>
      <maximumDistance>2.17</maximumDistance>
    </quality>
    <evaluationMode>manual</evaluationMode>
    <creationInfo>
      <agencyURI>smi:smi-registry/organization/EMSC</agencyURI>
      <authorURI>smi:smi-registry/organization/EMSC</authorURI>
    </creationInfo>
    <originUncertainty>
      <azimuthMaxHorizontalUncertainty>48</azimuthMaxHorizontalUncertainty>
    </originUncertainty>
  </origin>
  <magnitude publicID="quakeml:eu.emsc/event/19990116_0000007/origin/1481462/mag/2">
    <mag>
      <value>2.9</value>
    </mag>
    <type>ML</type>
    <originID>quakeml:eu.emsc/event/19990116_0000007/origin/1481462</originID>
    <creationInfo>
      <agencyURI>smi:smi-registry/organization/EMSC</agencyURI>
      <authorURI>smi:smi-registry/organization/EMSC</authorURI>
    </creationInfo>
  </magnitude>
</event>
<event publicID="quakeml:eu.emsc/event/19990116_0000006">
  <preferredOriginID>quakeml:eu.emsc/event/19990116_0000006/origin/1481464</preferredOriginID>
  <preferredMagnitudeID>quakeml:eu.emsc/event/19990116_0000006/origin/1481464/mag/2</preferredMagnitudeID>
  <creationInfo>
    <agencyURI>smi:smi-registry/organization/EMSC</agencyURI>
    <authorURI>smi:smi-registry/organization/EMSC</authorURI>
    <creationTime>2014-12-03T11:15:14.425646Z</creationTime>
  </creationInfo>
  <description>
    <text>BULGARIA</text>
    <type>Flinn-Engdahl region</type>
  </description>
  <origin publicID="quakeml:eu.emsc/event/19990116_0000006/origin/1481464">
    <time>
      <value>1999-01-16T12:56:15.9Z</value>
      <uncertainty>0.4</uncertainty>
    </time>
    <latitude>
      <value>42.0083</value>
      <uncertainty>6.6</uncertainty>
    </latitude>
    <longitude>
      <value>23.4087</value>
      <uncertainty>4.6</uncertainty>
    </longitude>
    <depth>
      <value>2000</value>
    </depth>
    <depthType>from location</depthType>
    <methodID>smi:eu.emsc-csem/origin_method/NA</methodID>
    <quality>
      <usedPhaseCount>14</usedPhaseCount>
      <usedStationCount>8</usedStationCount>
      <standardError>0.53</standardError>
      <azimuthalGap>256</azimuthalGap>
      <minimumDistance>0.9</minimumDistance>
      <maximumDistance>1.73</maximumDistance>
    </quality>
    <evaluationMode>manual</evaluationMode>
    <creationInfo>
      <agencyURI>smi:smi-registry/organization/EMSC</agencyURI>
      <authorURI>smi:smi-registry/organization/EMSC</authorURI>
    </creationInfo>
    <originUncertainty>
      <azimuthMaxHorizontalUncertainty>39</azimuthMaxHorizontalUncertainty>
    </originUncertainty>
  </origin>
  <magnitude publicID="quakeml:eu.emsc/event/19990116_0000006/origin/1481464/mag/2">
    <mag>
      <value>2.8</value>
    </mag>
    <type>ML</type>
    <originID>quakeml:eu.emsc/event/19990116_0000006/origin/1481464</originID>
    <creationInfo>
      <agencyURI>smi:smi-registry/organization/EMSC</agencyURI>
      <authorURI>smi:smi-registry/organization/EMSC</authorURI>
    </creationInfo>
  </magnitude>
</event>
<event publicID="quakeml:eu.emsc/event/19990116_0000005">
  <preferredOriginID>quakeml:eu.emsc/event/19990116_0000005/origin/1481466</preferredOriginID>
  <preferredMagnitudeID>quakeml:eu.emsc/event/19990116_0000005/origin/1481466/mag/2</preferredMagnitudeID>
  <creationInfo>
    <agencyURI>smi:smi-registry/organization/EMSC</agencyURI>
    <authorURI>smi:smi-registry/organization/EMSC</authorURI>
    <creationTime>2014-12-03T12:12:30.671667Z</creationTime>
  </creationInfo>
  <description>
    <text>BULGARIA</text>
    <type>Flinn-Engdahl region</type>
  </description>
  <origin publicID="quakeml:eu.emsc/event/19990116_0000005/origin/1481466">
    <time>
      <value>1999-01-16T12:20:32.9Z</value>
      <uncertainty>0.48</uncertainty>
    </time>
    <latitude>
      <value>42.019</value>
      <uncertainty>6.3</uncertainty>
    </latitude>
    <longitude>
      <value>23.4331</value>
      <uncertainty>4.9</uncertainty>
    </longitude>
    <depth>
      <value>0</value>
      <uncertainty>2.1</uncertainty>
    </depth>
    <depthType>from location</depthType>
    <methodID>smi:eu.emsc-csem/origin_method/NA</methodID>
    <quality>
      <usedPhaseCount>19</usedPhaseCount>
      <usedStationCount>12</usedStationCount>
      <standardError>0.63</standardError>
      <azimuthalGap>209</azimuthalGap>
      <minimumDistance>0.91</minimumDistance>
      <maximumDistance>2.26</maximumDistance>
    </quality>
    <evaluationMode>manual</evaluationMode>
    <creationInfo>
      <agencyURI>smi:smi-registry/organization/EMSC</agencyURI>
      <authorURI>smi:smi-registry/organization/EMSC</authorURI>
    </creationInfo>
    <originUncertainty>
      <azimuthMaxHorizontalUncertainty>34</azimuthMaxHorizontalUncertainty>
    </originUncertainty>
  </origin>
  <magnitude publicID="quakeml:eu.emsc/event/19990116_0000005/origin/1481466/mag/2">
    <mag>
      <value>3.1</value>
    </mag>
    <type>ML</type>
    <originID>quakeml:eu.emsc/event/19990116_0000005/origin/1481466</originID>
    <creationInfo>
      <agencyURI>smi:smi-registry/organization/EMSC</agencyURI>
      <authorURI>smi:smi-registry/organization/EMSC</authorURI>
    </creationInfo>
  </magnitude>
</event>
<event publicID="quakeml:eu.emsc/event/19990116_0000004">
  <preferredOriginID>quakeml:eu.emsc/event/19990116_0000004/origin/1476692</preferredOriginID>
  <preferredMagnitudeID>quakeml:eu.emsc/event/19990116_0000004/origin/1476692/mag/2</preferredMagnitudeID>
  <creationInfo>
    <agencyURI>smi:smi-registry/organization/EMSC</agencyURI>
    <authorURI>smi:smi-registry/organization/EMSC</authorURI>
    <creationTime>2014-12-11T04:34:43.925608Z</creationTime>
  </creationInfo>
  <description>
    <text>JORDAN</text>
    <type>Flinn-Engdahl region</type>
  </description>
  <origin publicID="quakeml:eu.emsc/event/19990116_0000004/origin/1476692">
    <time>
      <value>1999-01-16T11:09:21.8Z</value>
    </time>
    <latitude>
      <value>30.5</value>
      <uncertainty>9999.9</uncertainty>
    </latitude>
    <longitude>
      <value>36.46</value>
      <uncertainty>9999.9</uncertainty>
    </longitude>
    <depth>
      <value>35000</value>
    </depth>
    <depthType>from location</depthType>
    <methodID>smi:eu.emsc-csem/origin_method/NA</methodID>
    <quality>
      <usedPhaseCount>7</usedPhaseCount>
      <usedStationCount>4</usedStationCount>
      <standardError>2.28</standardError>
      <azimuthalGap>328</azimuthalGap>
      <minimumDistance>1.68</minimumDistance>
      <maximumDistance>2.48</maximumDistance>
    </quality>
    <evaluationMode>manual</evaluationMode>
    <creationInfo>
      <agencyURI>smi:smi-registry/organization/EMSC</agencyURI>
      <authorURI>smi:smi-registry/organization/EMSC</authorURI>
    </creationInfo>
    <originUncertainty>
      <azimuthMaxHorizontalUncertainty>-99</azimuthMaxHorizontalUncertainty>
    </originUncertainty>
  </origin>
  <magnitude publicID="quakeml:eu.emsc/event/19990116_0000004/origin/1476692/mag/2">
    <mag>
      <value>3</value>
    </mag>
    <type>MD</type>
    <originID>quakeml:eu.emsc/event/19990116_0000004/origin/1476692</originID>
    <creationInfo>
      <agencyURI>smi:smi-registry/organization/EMSC</agencyURI>
      <authorURI>smi:smi-registry/organization/EMSC</authorURI>
    </creationInfo>
  </magnitude>
</event>
<event publicID="quakeml:eu.emsc/event/19990116_0000003">
  <preferredOriginID>quakeml:eu.emsc/event/19990116_0000003/origin/1481470</preferredOriginID>
  <preferredMagnitudeID>quakeml:eu.emsc/event/19990116_0000003/origin/1481470/mag/2</preferredMagnitudeID>
  <creationInfo>
    <agencyURI>smi:smi-registry/organization/EMSC</agencyURI>
    <authorURI>smi:smi-registry/organization/EMSC</authorURI>
    <creationTime>2014-12-03T10:25:21.603434Z</creationTime>
  </creationInfo>
  <description>
    <text>RED SEA</text>
    <type>Flinn-Engdahl region</type>
  </description>
  <origin publicID="quakeml:eu.emsc/event/19990116_0000003/origin/1481470">
    <time>
      <value>1999-01-16T09:39:14.1Z</value>
      <uncertainty>0.26</uncertainty>
    </time>
    <latitude>
      <value>27.5215</value>
      <uncertainty>6.3</uncertainty>
    </latitude>
    <longitude>
      <value>34.5903</value>
      <uncertainty>4.7</uncertainty>
    </longitude>
    <depth>
      <value>20000</value>
    </depth>
    <depthType>from location</depthType>
    <methodID>smi:eu.emsc-csem/origin_method/NA</methodID>
    <quality>
      <usedPhaseCount>23</usedPhaseCount>
      <usedStationCount>20</usedStationCount>
      <standardError>0.65</standardError>
      <azimuthalGap>179</azimuthalGap>
      <minimumDistance>0.95</minimumDistance>
      <maximumDistance>3.72</maximumDistance>
    </quality>
    <evaluationMode>manual</evaluationMode>
    <creationInfo>
      <agencyURI>smi:smi-registry/organization/EMSC</agencyURI>
      <authorURI>smi:smi-registry/organization/EMSC</authorURI>
    </creationInfo>
    <originUncertainty>
      <azimuthMaxHorizontalUncertainty>22</azimuthMaxHorizontalUncertainty>
    </originUncertainty>
  </origin>
  <magnitude publicID="quakeml:eu.emsc/event/19990116_0000003/origin/1481470/mag/2">
    <mag>
      <value>3.6</value>
    </mag>
    <type>MD</type>
    <originID>quakeml:eu.emsc/event/19990116_0000003/origin/1481470</originID>
    <creationInfo>
      <agencyURI>smi:smi-registry/organization/EMSC</agencyURI>
      <authorURI>smi:smi-registry/organization/EMSC</authorURI>
    </creationInfo>
  </magnitude>
</event>
<event publicID="quakeml:eu.emsc/event/19990116_0000022">
  <preferredOriginID>quakeml:eu.emsc/event/19990116_0000022/origin/1477132</preferredOriginID>
  <preferredMagnitudeID>quakeml:eu.emsc/event/19990116_0000022/origin/1477132/mag/2</preferredMagnitudeID>
  <creationInfo>
    <agencyURI>smi:smi-registry/organization/EMSC</agencyURI>
    <authorURI>smi:smi-registry/organization/EMSC</authorURI>
    <creationTime>2014-12-10T12:57:56.398327Z</creationTime>
  </creationInfo>
  <description>
    <text>GERMANY</text>
    <type>Flinn-Engdahl region</type>
  </description>
  <origin publicID="quakeml:eu.emsc/event/19990116_0000022/origin/1477132">
    <time>
      <value>1999-01-16T06:31:40.2Z</value>
    </time>
    <latitude>
      <value>49.14</value>
      <uncertainty>9999.9</uncertainty>
    </latitude>
    <longitude>
      <value>6.99</value>
      <uncertainty>9999.9</uncertainty>
    </longitude>
    <depth>
      <value>1000</value>
    </depth>
    <depthType>from location</depthType>
    <methodID>smi:eu.emsc-csem/origin_method/NA</methodID>
    <quality>
      <usedPhaseCount>14</usedPhaseCount>
      <usedStationCount>11</usedStationCount>
      <standardError>6.55</standardError>
      <azimuthalGap>170</azimuthalGap>
      <minimumDistance>0.56</minimumDistance>
      <maximumDistance>2.2</maximumDistance>
    </quality>
    <evaluationMode>manual</evaluationMode>
    <creationInfo>
      <agencyURI>smi:smi-registry/organization/EMSC</agencyURI>
      <authorURI>smi:smi-registry/organization/EMSC</authorURI>
    </creationInfo>
    <originUncertainty>
      <azimuthMaxHorizontalUncertainty>-99</azimuthMaxHorizontalUncertainty>
    </originUncertainty>
  </origin>
  <magnitude publicID="quakeml:eu.emsc/event/19990116_0000022/origin/1477132/mag/2">
    <mag>
      <value>2</value>
    </mag>
    <type>ML</type>
    <originID>quakeml:eu.emsc/event/19990116_0000022/origin/1477132</originID>
    <creationInfo>
      <agencyURI>smi:smi-registry/organization/EMSC</agencyURI>
      <authorURI>smi:smi-registry/organization/EMSC</authorURI>
    </creationInfo>
  </magnitude>
</event>
<event publicID="quakeml:eu.emsc/event/19990116_0000023">
  <preferredOriginID>quakeml:eu.emsc/event/19990116_0000023/origin/1480885</preferredOriginID>
  <preferredMagnitudeID>quakeml:eu.emsc/event/19990116_0000023/origin/1480885/mag/1</preferredMagnitudeID>
  <creationInfo>
    <agencyURI>smi:smi-registry/organization/EMSC</agencyURI>
    <authorURI>smi:smi-registry/organization/EMSC</authorURI>
    <creationTime>2014-12-03T16:47:56.67602Z</creationTime>
  </creationInfo>
  <description>
    <text>PYRENEES</text>
    <type>Flinn-Engdahl region</type>
  </description>
  <origin publicID="quakeml:eu.emsc/event/19990116_0000023/origin/1480885">
    <time>
      <value>1999-01-16T05:19:39.1Z</value>
      <uncertainty>0.17</uncertainty>
    </time>
    <latitude>
      <value>42.5447</value>
      <uncertainty>3.4</uncertainty>
    </latitude>
    <longitude>
      <value>1.7399</value>
      <uncertainty>3</uncertainty>
    </longitude>
    <depth>
      <value>10000</value>
    </depth>
    <depthType>from location</depthType>
    <methodID>smi:eu.emsc-csem/origin_method/NA</methodID>
    <quality>
      <usedPhaseCount>20</usedPhaseCount>
      <usedStationCount>11</usedStationCount>
      <standardError>0.81</standardError>
      <azimuthalGap>63</azimuthalGap>
      <minimumDistance>0.17</minimumDistance>
      <maximumDistance>2.76</maximumDistance>
    </quality>
    <evaluationMode>manual</evaluationMode>
    <creationInfo>
      <agencyURI>smi:smi-registry/organization/EMSC</agencyURI>
      <authorURI>smi:smi-registry/organization/EMSC</authorURI>
    </creationInfo>
    <originUncertainty>
      <azimuthMaxHorizontalUncertainty>138</azimuthMaxHorizontalUncertainty>
    </originUncertainty>
  </origin>
  <magnitude publicID="quakeml:eu.emsc/event/19990116_0000023/origin/1480885/mag/1">
    <mag>
      <value>2.1</value>
      <uncertainty>0.4</uncertainty>
    </mag>
    <type>ML</type>
    <originID>quakeml:eu.emsc/event/19990116_0000023/origin/1480885</originID>
    <stationCount>5</stationCount>
    <creationInfo>
      <agencyURI>smi:smi-registry/organization/EMSC</agencyURI>
      <authorURI>smi:smi-registry/organization/EMSC</authorURI>
    </creationInfo>
  </magnitude>
</event>
<event publicID="quakeml:eu.emsc/event/19990116_0000017">
  <preferredOriginID>quakeml:eu.emsc/event/19990116_0000017/origin/1481034</preferredOriginID>
  <preferredMagnitudeID>quakeml:eu.emsc/event/19990116_0000017/origin/1481034/mag/2</preferredMagnitudeID>
  <creationInfo>
    <agencyURI>smi:smi-registry/organization/EMSC</agencyURI>
    <authorURI>smi:smi-registry/organization/EMSC</authorURI>
    <creationTime>2014-12-03T12:17:16.834526Z</creationTime>
  </creationInfo>
  <description>
    <text>SOUTHERN ITALY</text>
    <type>Flinn-Engdahl region</type>
  </description>
  <origin publicID="quakeml:eu.emsc/event/19990116_0000017/origin/1481034">
    <time>
      <value>1999-01-16T00:19:42.9Z</value>
      <uncertainty>0.16</uncertainty>
    </time>
    <latitude>
      <value>39.9845</value>
      <uncertainty>4.5</uncertainty>
    </latitude>
    <longitude>
      <value>15.9059</value>
      <uncertainty>4.1</uncertainty>
    </longitude>
    <depth>
      <value>10000</value>
    </depth>
    <depthType>from location</depthType>
    <methodID>smi:eu.emsc-csem/origin_method/NA</methodID>
    <quality>
      <usedPhaseCount>77</usedPhaseCount>
      <usedStationCount>68</usedStationCount>
      <standardError>1.19</standardError>
      <azimuthalGap>82</azimuthalGap>
      <minimumDistance>0.42</minimumDistance>
      <maximumDistance>34.73</maximumDistance>
    </quality>
    <evaluationMode>manual</evaluationMode>
    <creationInfo>
      <agencyURI>smi:smi-registry/organization/EMSC</agencyURI>
      <authorURI>smi:smi-registry/organization/EMSC</authorURI>
    </creationInfo>
    <originUncertainty>
      <azimuthMaxHorizontalUncertainty>40</azimuthMaxHorizontalUncertainty>
    </originUncertainty>
  </origin>
  <magnitude publicID="quakeml:eu.emsc/event/19990116_0000017/origin/1481034/mag/2">
    <mag>
      <value>3</value>
    </mag>
    <type>ML</type>
    <originID>quakeml:eu.emsc/event/19990116_0000017/origin/1481034</originID>
    <stationCount>26</stationCount>
    <creationInfo>
      <agencyURI>smi:smi-registry/organization/EMSC</agencyURI>
      <authorURI>smi:smi-registry/organization/EMSC</authorURI>
    </creationInfo>
  </magnitude>
</event>
</eventParameters>
</q:quakeml>
