<?xml version="1.0"?>
<q:quakeml xmlns:q="http://quakeml.org/xmlns/quakeml/1.2"  xmlns="http://quakeml.org/xmlns/bed/1.2">
<eventParameters publicID="smi:eu.emsc/unid">
<event publicID="quakeml:eu.emsc/event/19990603_0000018">
  <preferredOriginID>quakeml:eu.emsc/event/19990603_0000018/origin/1474814</preferredOriginID>
  <preferredMagnitudeID>quakeml:eu.emsc/event/19990603_0000018/origin/1474814/mag/2</preferredMagnitudeID>
  <creationInfo>
    <agencyURI>smi:smi-registry/organization/EMSC</agencyURI>
    <authorURI>smi:smi-registry/organization/EMSC</authorURI>
    <creationTime>2014-12-11T16:16:00.784037Z</creationTime>
  </creationInfo>
  <description>
    <text>CRETE, GREECE</text>
    <type>Flinn-Engdahl region</type>
  </description>
  <origin publicID="quakeml:eu.emsc/event/19990603_0000018/origin/1474814">
    <time>
      <value>1999-06-03T21:42:28.6Z</value>
    </time>
    <latitude>
      <value>35.16</value>
      <uncertainty>9999.9</uncertainty>
    </latitude>
    <longitude>
      <value>23.04</value>
      <uncertainty>9999.9</uncertainty>
    </longitude>
    <depth>
      <value>19000</value>
    </depth>
    <depthType>from location</depthType>
    <methodID>smi:eu.emsc-csem/origin_method/NA</methodID>
    <quality>
      <usedPhaseCount>8</usedPhaseCount>
      <usedStationCount>5</usedStationCount>
      <standardError>1.54</standardError>
      <azimuthalGap>270</azimuthalGap>
      <minimumDistance>0.98</minimumDistance>
      <maximumDistance>2.11</maximumDistance>
    </quality>
    <evaluationMode>manual</evaluationMode>
    <creationInfo>
      <agencyURI>smi:smi-registry/organization/EMSC</agencyURI>
      <authorURI>smi:smi-registry/organization/EMSC</authorURI>
    </creationInfo>
    <originUncertainty>
      <azimuthMaxHorizontalUncertainty>-99</azimuthMaxHorizontalUncertainty>
    </originUncertainty>
  </origin>
  <magnitude publicID="quakeml:eu.emsc/event/19990603_0000018/origin/1474814/mag/2">
    <mag>
      <value>3.6</value>
    </mag>
    <type>MD</type>
    <originID>quakeml:eu.emsc/event/19990603_0000018/origin/1474814</originID>
    <creationInfo>
      <agencyURI>smi:smi-registry/organization/EMSC</agencyURI>
      <authorURI>smi:smi-registry/organization/EMSC</authorURI>
    </creationInfo>
  </magnitude>
</event>
<event publicID="quakeml:eu.emsc/event/19990603_0000016">
  <preferredOriginID>quakeml:eu.emsc/event/19990603_0000016/origin/1474816</preferredOriginID>
  <preferredMagnitudeID>quakeml:eu.emsc/event/19990603_0000016/origin/1474816/mag/2</preferredMagnitudeID>
  <creationInfo>
    <agencyURI>smi:smi-registry/organization/EMSC</agencyURI>
    <authorURI>smi:smi-registry/organization/EMSC</authorURI>
    <creationTime>2014-12-11T16:15:12.505442Z</creationTime>
  </creationInfo>
  <description>
    <text>WESTERN TURKEY</text>
    <type>Flinn-Engdahl region</type>
  </description>
  <origin publicID="quakeml:eu.emsc/event/19990603_0000016/origin/1474816">
    <time>
      <value>1999-06-03T18:53:01.2Z</value>
    </time>
    <latitude>
      <value>39.337</value>
      <uncertainty>9999.9</uncertainty>
    </latitude>
    <longitude>
      <value>27.367</value>
      <uncertainty>9999.9</uncertainty>
    </longitude>
    <depth>
      <value>11000</value>
    </depth>
    <depthType>from location</depthType>
    <methodID>smi:eu.emsc-csem/origin_method/NA</methodID>
    <quality>
      <usedPhaseCount>7</usedPhaseCount>
      <usedStationCount>5</usedStationCount>
      <standardError>1.07</standardError>
      <azimuthalGap>195</azimuthalGap>
      <minimumDistance>0.94</minimumDistance>
      <maximumDistance>1.97</maximumDistance>
    </quality>
    <evaluationMode>manual</evaluationMode>
    <creationInfo>
      <agencyURI>smi:smi-registry/organization/EMSC</agencyURI>
      <authorURI>smi:smi-registry/organization/EMSC</authorURI>
    </creationInfo>
    <originUncertainty>
      <azimuthMaxHorizontalUncertainty>-99</azimuthMaxHorizontalUncertainty>
    </originUncertainty>
  </origin>
  <magnitude publicID="quakeml:eu.emsc/event/19990603_0000016/origin/1474816/mag/2">
    <mag>
      <value>3</value>
    </mag>
    <type>MD</type>
    <originID>quakeml:eu.emsc/event/19990603_0000016/origin/1474816</originID>
    <creationInfo>
      <agencyURI>smi:smi-registry/organization/EMSC</agencyURI>
      <authorURI>smi:smi-registry/organization/EMSC</authorURI>
    </creationInfo>
  </magnitude>
</event>
<event publicID="quakeml:eu.emsc/event/19990603_0000015">
  <preferredOriginID>quakeml:eu.emsc/event/19990603_0000015/origin/1474818</preferredOriginID>
  <preferredMagnitudeID>quakeml:eu.emsc/event/19990603_0000015/origin/1474818/mag/2</preferredMagnitudeID>
  <creationInfo>
    <agencyURI>smi:smi-registry/organization/EMSC</agencyURI>
    <authorURI>smi:smi-registry/organization/EMSC</authorURI>
    <creationTime>2014-12-11T16:14:52.369242Z</creationTime>
  </creationInfo>
  <description>
    <text>GULF OF OMAN</text>
    <type>Flinn-Engdahl region</type>
  </description>
  <origin publicID="quakeml:eu.emsc/event/19990603_0000015/origin/1474818">
    <time>
      <value>1999-06-03T17:57:43.8Z</value>
    </time>
    <latitude>
      <value>24.777</value>
      <uncertainty>9999.9</uncertainty>
    </latitude>
    <longitude>
      <value>60.784</value>
      <uncertainty>9999.9</uncertainty>
    </longitude>
    <depth>
      <value>10000</value>
    </depth>
    <depthType>from location</depthType>
    <methodID>smi:eu.emsc-csem/origin_method/NA</methodID>
    <quality>
      <usedPhaseCount>23</usedPhaseCount>
      <usedStationCount>23</usedStationCount>
      <standardError>2.47</standardError>
      <azimuthalGap>281</azimuthalGap>
      <minimumDistance>24.18</minimumDistance>
      <maximumDistance>51.46</maximumDistance>
    </quality>
    <evaluationMode>manual</evaluationMode>
    <creationInfo>
      <agencyURI>smi:smi-registry/organization/EMSC</agencyURI>
      <authorURI>smi:smi-registry/organization/EMSC</authorURI>
    </creationInfo>
    <originUncertainty>
      <azimuthMaxHorizontalUncertainty>-99</azimuthMaxHorizontalUncertainty>
    </originUncertainty>
  </origin>
  <magnitude publicID="quakeml:eu.emsc/event/19990603_0000015/origin/1474818/mag/2">
    <mag>
      <value>4.5</value>
    </mag>
    <type>mb</type>
    <originID>quakeml:eu.emsc/event/19990603_0000015/origin/1474818</originID>
    <stationCount>16</stationCount>
    <creationInfo>
      <agencyURI>smi:smi-registry/organization/EMSC</agencyURI>
      <authorURI>smi:smi-registry/organization/EMSC</authorURI>
    </creationInfo>
  </magnitude>
</event>
<event publicID="quakeml:eu.emsc/event/19990603_0000014">
  <preferredOriginID>quakeml:eu.emsc/event/19990603_0000014/origin/1474820</preferredOriginID>
  <preferredMagnitudeID>quakeml:eu.emsc/event/19990603_0000014/origin/1474820/mag/2</preferredMagnitudeID>
  <creationInfo>
    <agencyURI>smi:smi-registry/organization/EMSC</agencyURI>
    <authorURI>smi:smi-registry/organization/EMSC</authorURI>
    <creationTime>2014-12-11T16:14:34.676623Z</creationTime>
  </creationInfo>
  <description>
    <text>WESTERN TURKEY</text>
    <type>Flinn-Engdahl region</type>
  </description>
  <origin publicID="quakeml:eu.emsc/event/19990603_0000014/origin/1474820">
    <time>
      <value>1999-06-03T14:07:00.1Z</value>
    </time>
    <latitude>
      <value>39.2</value>
      <uncertainty>9999.9</uncertainty>
    </latitude>
    <longitude>
      <value>27.014</value>
      <uncertainty>9999.9</uncertainty>
    </longitude>
    <depth>
      <value>10000</value>
    </depth>
    <depthType>from location</depthType>
    <methodID>smi:eu.emsc-csem/origin_method/NA</methodID>
    <quality>
      <usedPhaseCount>5</usedPhaseCount>
      <usedStationCount>4</usedStationCount>
      <standardError>1.21</standardError>
      <azimuthalGap>223</azimuthalGap>
      <minimumDistance>0.82</minimumDistance>
      <maximumDistance>2.21</maximumDistance>
    </quality>
    <evaluationMode>manual</evaluationMode>
    <creationInfo>
      <agencyURI>smi:smi-registry/organization/EMSC</agencyURI>
      <authorURI>smi:smi-registry/organization/EMSC</authorURI>
    </creationInfo>
    <originUncertainty>
      <azimuthMaxHorizontalUncertainty>-99</azimuthMaxHorizontalUncertainty>
    </originUncertainty>
  </origin>
  <magnitude publicID="quakeml:eu.emsc/event/19990603_0000014/origin/1474820/mag/2">
    <mag>
      <value>2.8</value>
    </mag>
    <type>MD</type>
    <originID>quakeml:eu.emsc/event/19990603_0000014/origin/1474820</originID>
    <creationInfo>
      <agencyURI>smi:smi-registry/organization/EMSC</agencyURI>
      <authorURI>smi:smi-registry/organization/EMSC</authorURI>
    </creationInfo>
  </magnitude>
</event>
<event publicID="quakeml:eu.emsc/event/19990603_0000013">
  <preferredOriginID>quakeml:eu.emsc/event/19990603_0000013/origin/1474822</preferredOriginID>
  <preferredMagnitudeID>quakeml:eu.emsc/event/19990603_0000013/origin/1474822/mag/2</preferredMagnitudeID>
  <creationInfo>
    <agencyURI>smi:smi-registry/organization/EMSC</agencyURI>
    <authorURI>smi:smi-registry/organization/EMSC</authorURI>
    <creationTime>2014-12-11T16:14:17.213701Z</creationTime>
  </creationInfo>
  <description>
    <text>WESTERN TURKEY</text>
    <type>Flinn-Engdahl region</type>
  </description>
  <origin publicID="quakeml:eu.emsc/event/19990603_0000013/origin/1474822">
    <time>
      <value>1999-06-03T12:54:33.2Z</value>
    </time>
    <latitude>
      <value>39.237</value>
      <uncertainty>9999.9</uncertainty>
    </latitude>
    <longitude>
      <value>27.194</value>
      <uncertainty>9999.9</uncertainty>
    </longitude>
    <depth>
      <value>12000</value>
    </depth>
    <depthType>from location</depthType>
    <methodID>smi:eu.emsc-csem/origin_method/NA</methodID>
    <quality>
      <usedPhaseCount>5</usedPhaseCount>
      <usedStationCount>4</usedStationCount>
      <standardError>0.96</standardError>
      <azimuthalGap>208</azimuthalGap>
      <minimumDistance>0.84</minimumDistance>
      <maximumDistance>2.07</maximumDistance>
    </quality>
    <evaluationMode>manual</evaluationMode>
    <creationInfo>
      <agencyURI>smi:smi-registry/organization/EMSC</agencyURI>
      <authorURI>smi:smi-registry/organization/EMSC</authorURI>
    </creationInfo>
    <originUncertainty>
      <azimuthMaxHorizontalUncertainty>-99</azimuthMaxHorizontalUncertainty>
    </originUncertainty>
  </origin>
  <magnitude publicID="quakeml:eu.emsc/event/19990603_0000013/origin/1474822/mag/2">
    <mag>
      <value>2.7</value>
    </mag>
    <type>MD</type>
    <originID>quakeml:eu.emsc/event/19990603_0000013/origin/1474822</originID>
    <creationInfo>
      <agencyURI>smi:smi-registry/organization/EMSC</agencyURI>
      <authorURI>smi:smi-registry/organization/EMSC</authorURI>
    </creationInfo>
  </magnitude>
</event>
<event publicID="quakeml:eu.emsc/event/19990603_0000024">
  <preferredOriginID>quakeml:eu.emsc/event/19990603_0000024/origin/1466529</preferredOriginID>
  <preferredMagnitudeID>quakeml:eu.emsc/event/19990603_0000024/origin/1466529/mag/1</preferredMagnitudeID>
  <creationInfo>
    <agencyURI>smi:smi-registry/organization/EMSC</agencyURI>
    <authorURI>smi:smi-registry/organization/EMSC</authorURI>
    <creationTime>2014-12-03T16:49:49.8488Z</creationTime>
  </creationInfo>
  <description>
    <text>FRANCE-GERMANY BORDER REGION</text>
    <type>Flinn-Engdahl region</type>
  </description>
  <origin publicID="quakeml:eu.emsc/event/19990603_0000024/origin/1466529">
    <time>
      <value>1999-06-03T12:42:31.6Z</value>
      <uncertainty>0.08</uncertainty>
    </time>
    <latitude>
      <value>47.928</value>
      <uncertainty>1.9</uncertainty>
    </latitude>
    <longitude>
      <value>7.809</value>
      <uncertainty>1.3</uncertainty>
    </longitude>
    <depth>
      <value>19500.0</value>
      <uncertainty>0.1</uncertainty>
    </depth>
    <depthType>from location</depthType>
    <methodID>smi:eu.emsc-csem/origin_method/NA</methodID>
    <quality>
      <usedPhaseCount>25</usedPhaseCount>
      <usedStationCount>13</usedStationCount>
      <standardError>0.39</standardError>
      <azimuthalGap>92</azimuthalGap>
      <minimumDistance>0.08</minimumDistance>
      <maximumDistance>1.76</maximumDistance>
    </quality>
    <evaluationMode>manual</evaluationMode>
    <creationInfo>
      <agencyURI>smi:smi-registry/organization/EMSC</agencyURI>
      <authorURI>smi:smi-registry/organization/EMSC</authorURI>
    </creationInfo>
    <originUncertainty>
      <azimuthMaxHorizontalUncertainty>2</azimuthMaxHorizontalUncertainty>
    </originUncertainty>
  </origin>
  <magnitude publicID="quakeml:eu.emsc/event/19990603_0000024/origin/1466529/mag/1">
    <mag>
      <value>2.1</value>
      <uncertainty>0.5</uncertainty>
    </mag>
    <type>ML</type>
    <originID>quakeml:eu.emsc/event/19990603_0000024/origin/1466529</originID>
    <stationCount>4</stationCount>
    <creationInfo>
      <agencyURI>smi:smi-registry/organization/EMSC</agencyURI>
      <authorURI>smi:smi-registry/organization/EMSC</authorURI>
    </creationInfo>
  </magnitude>
</event>
<event publicID="quakeml:eu.emsc/event/19990603_0000012">
  <preferredOriginID>quakeml:eu.emsc/event/19990603_0000012/origin/1474824</preferredOriginID>
  <preferredMagnitudeID>quakeml:eu.emsc/event/19990603_0000012/origin/1474824/mag/2</preferredMagnitudeID>
  <creationInfo>
    <agencyURI>smi:smi-registry/organization/EMSC</agencyURI>
    <authorURI>smi:smi-registry/organization/EMSC</authorURI>
    <creationTime>2014-12-11T16:14:00.137343Z</creationTime>
  </creationInfo>
  <description>
    <text>ROMANIA</text>
    <type>Flinn-Engdahl region</type>
  </description>
  <origin publicID="quakeml:eu.emsc/event/19990603_0000012/origin/1474824">
    <time>
      <value>1999-06-03T12:16:25.5Z</value>
    </time>
    <latitude>
      <value>45.587</value>
      <uncertainty>9999.9</uncertainty>
    </latitude>
    <longitude>
      <value>26.467</value>
      <uncertainty>9999.9</uncertainty>
    </longitude>
    <depth>
      <value>112600.0</value>
    </depth>
    <depthType>from location</depthType>
    <methodID>smi:eu.emsc-csem/origin_method/NA</methodID>
    <quality>
      <usedPhaseCount>11</usedPhaseCount>
      <usedStationCount>6</usedStationCount>
      <standardError>0.72</standardError>
      <azimuthalGap>141</azimuthalGap>
      <minimumDistance>0.33</minimumDistance>
      <maximumDistance>1.5</maximumDistance>
    </quality>
    <evaluationMode>manual</evaluationMode>
    <creationInfo>
      <agencyURI>smi:smi-registry/organization/EMSC</agencyURI>
      <authorURI>smi:smi-registry/organization/EMSC</authorURI>
    </creationInfo>
    <originUncertainty>
      <azimuthMaxHorizontalUncertainty>-99</azimuthMaxHorizontalUncertainty>
    </originUncertainty>
  </origin>
  <magnitude publicID="quakeml:eu.emsc/event/19990603_0000012/origin/1474824/mag/2">
    <mag>
      <value>3.3</value>
    </mag>
    <type>MD</type>
    <originID>quakeml:eu.emsc/event/19990603_0000012/origin/1474824</originID>
    <stationCount>5</stationCount>
    <creationInfo>
      <agencyURI>smi:smi-registry/organization/EMSC</agencyURI>
      <authorURI>smi:smi-registry/organization/EMSC</authorURI>
    </creationInfo>
  </magnitude>
</event>
<event publicID="quakeml:eu.emsc/event/19990603_0000011">
  <preferredOriginID>quakeml:eu.emsc/event/19990603_0000011/origin/1467247</preferredOriginID>
  <preferredMagnitudeID>quakeml:eu.emsc/event/19990603_0000011/origin/1467247/mag/2</preferredMagnitudeID>
  <creationInfo>
    <agencyURI>smi:smi-registry/organization/EMSC</agencyURI>
    <authorURI>smi:smi-registry/organization/EMSC</authorURI>
    <creationTime>2014-12-03T11:06:23.87769Z</creationTime>
  </creationInfo>
  <description>
    <text>WESTERN TURKEY</text>
    <type>Flinn-Engdahl region</type>
  </description>
  <origin publicID="quakeml:eu.emsc/event/19990603_0000011/origin/1467247">
    <time>
      <value>1999-06-03T12:12:19.4Z</value>
      <uncertainty>0.2</uncertainty>
    </time>
    <latitude>
      <value>39.2823</value>
      <uncertainty>5.6</uncertainty>
    </latitude>
    <longitude>
      <value>27.7702</value>
      <uncertainty>4.4</uncertainty>
    </longitude>
    <depth>
      <value>2000</value>
    </depth>
    <depthType>from location</depthType>
    <methodID>smi:eu.emsc-csem/origin_method/NA</methodID>
    <quality>
      <usedPhaseCount>23</usedPhaseCount>
      <usedStationCount>22</usedStationCount>
      <standardError>0.66</standardError>
      <azimuthalGap>80</azimuthalGap>
      <minimumDistance>0.97</minimumDistance>
      <maximumDistance>5.77</maximumDistance>
    </quality>
    <evaluationMode>manual</evaluationMode>
    <creationInfo>
      <agencyURI>smi:smi-registry/organization/EMSC</agencyURI>
      <authorURI>smi:smi-registry/organization/EMSC</authorURI>
    </creationInfo>
    <originUncertainty>
      <azimuthMaxHorizontalUncertainty>153</azimuthMaxHorizontalUncertainty>
    </originUncertainty>
  </origin>
  <magnitude publicID="quakeml:eu.emsc/event/19990603_0000011/origin/1467247/mag/2">
    <mag>
      <value>3.4</value>
    </mag>
    <type>MD</type>
    <originID>quakeml:eu.emsc/event/19990603_0000011/origin/1467247</originID>
    <creationInfo>
      <agencyURI>smi:smi-registry/organization/EMSC</agencyURI>
      <authorURI>smi:smi-registry/organization/EMSC</authorURI>
    </creationInfo>
  </magnitude>
</event>
<event publicID="quakeml:eu.emsc/event/19990603_0000010">
  <preferredOriginID>quakeml:eu.emsc/event/19990603_0000010/origin/1474826</preferredOriginID>
  <preferredMagnitudeID>quakeml:eu.emsc/event/19990603_0000010/origin/1474826/mag/2</preferredMagnitudeID>
  <creationInfo>
    <agencyURI>smi:smi-registry/organization/EMSC</agencyURI>
    <authorURI>smi:smi-registry/organization/EMSC</authorURI>
    <creationTime>2014-12-11T16:13:21.967709Z</creationTime>
  </creationInfo>
  <description>
    <text>WESTERN TURKEY</text>
    <type>Flinn-Engdahl region</type>
  </description>
  <origin publicID="quakeml:eu.emsc/event/19990603_0000010/origin/1474826">
    <time>
      <value>1999-06-03T11:50:32.9Z</value>
    </time>
    <latitude>
      <value>39.276</value>
      <uncertainty>9999.9</uncertainty>
    </latitude>
    <longitude>
      <value>27.717</value>
      <uncertainty>9999.9</uncertainty>
    </longitude>
    <depth>
      <value>9000</value>
    </depth>
    <depthType>from location</depthType>
    <methodID>smi:eu.emsc-csem/origin_method/NA</methodID>
    <quality>
      <usedPhaseCount>8</usedPhaseCount>
      <usedStationCount>7</usedStationCount>
      <standardError>0.97</standardError>
      <azimuthalGap>163</azimuthalGap>
      <minimumDistance>0.95</minimumDistance>
      <maximumDistance>1.95</maximumDistance>
    </quality>
    <evaluationMode>manual</evaluationMode>
    <creationInfo>
      <agencyURI>smi:smi-registry/organization/EMSC</agencyURI>
      <authorURI>smi:smi-registry/organization/EMSC</authorURI>
    </creationInfo>
    <originUncertainty>
      <azimuthMaxHorizontalUncertainty>-99</azimuthMaxHorizontalUncertainty>
    </originUncertainty>
  </origin>
  <magnitude publicID="quakeml:eu.emsc/event/19990603_0000010/origin/1474826/mag/2">
    <mag>
      <value>3.2</value>
    </mag>
    <type>MD</type>
    <originID>quakeml:eu.emsc/event/19990603_0000010/origin/1474826</originID>
    <creationInfo>
      <agencyURI>smi:smi-registry/organization/EMSC</agencyURI>
      <authorURI>smi:smi-registry/organization/EMSC</authorURI>
    </creationInfo>
  </magnitude>
</event>
<event publicID="quakeml:eu.emsc/event/19990603_0000009">
  <preferredOriginID>quakeml:eu.emsc/event/19990603_0000009/origin/1474828</preferredOriginID>
  <preferredMagnitudeID>quakeml:eu.emsc/event/19990603_0000009/origin/1474828/mag/2</preferredMagnitudeID>
  <creationInfo>
    <agencyURI>smi:smi-registry/organization/EMSC</agencyURI>
    <authorURI>smi:smi-registry/organization/EMSC</authorURI>
    <creationTime>2014-12-11T16:13:05.348327Z</creationTime>
  </creationInfo>
  <description>
    <text>WESTERN TURKEY</text>
    <type>Flinn-Engdahl region</type>
  </description>
  <origin publicID="quakeml:eu.emsc/event/19990603_0000009/origin/1474828">
    <time>
      <value>1999-06-03T11:48:59.0Z</value>
    </time>
    <latitude>
      <value>39.306</value>
      <uncertainty>9999.9</uncertainty>
    </latitude>
    <longitude>
      <value>27.591</value>
      <uncertainty>9999.9</uncertainty>
    </longitude>
    <depth>
      <value>9000</value>
    </depth>
    <depthType>from location</depthType>
    <methodID>smi:eu.emsc-csem/origin_method/NA</methodID>
    <quality>
      <usedPhaseCount>8</usedPhaseCount>
      <usedStationCount>6</usedStationCount>
      <standardError>1.14</standardError>
      <azimuthalGap>175</azimuthalGap>
      <minimumDistance>0.94</minimumDistance>
      <maximumDistance>1.8</maximumDistance>
    </quality>
    <evaluationMode>manual</evaluationMode>
    <creationInfo>
      <agencyURI>smi:smi-registry/organization/EMSC</agencyURI>
      <authorURI>smi:smi-registry/organization/EMSC</authorURI>
    </creationInfo>
    <originUncertainty>
      <azimuthMaxHorizontalUncertainty>-99</azimuthMaxHorizontalUncertainty>
    </originUncertainty>
  </origin>
  <magnitude publicID="quakeml:eu.emsc/event/19990603_0000009/origin/1474828/mag/2">
    <mag>
      <value>2.9</value>
    </mag>
    <type>MD</type>
    <originID>quakeml:eu.emsc/event/19990603_0000009/origin/1474828</originID>
    <creationInfo>
      <agencyURI>smi:smi-registry/organization/EMSC</agencyURI>
      <authorURI>smi:smi-registry/organization/EMSC</authorURI>
    </creationInfo>
  </magnitude>
</event>
<event publicID="quakeml:eu.emsc/event/19990603_0000008">
  <preferredOriginID>quakeml:eu.emsc/event/19990603_0000008/origin/1474830</preferredOriginID>
  <preferredMagnitudeID>quakeml:eu.emsc/event/19990603_0000008/origin/1474830/mag/2</preferredMagnitudeID>
  <creationInfo>
    <agencyURI>smi:smi-registry/organization/EMSC</agencyURI>
    <authorURI>smi:smi-registry/organization/EMSC</authorURI>
    <creationTime>2014-12-11T16:12:45.857295Z</creationTime>
  </creationInfo>
  <description>
    <text>WESTERN TURKEY</text>
    <type>Flinn-Engdahl region</type>
  </description>
  <origin publicID="quakeml:eu.emsc/event/19990603_0000008/origin/1474830">
    <time>
      <value>1999-06-03T11:30:27.2Z</value>
    </time>
    <latitude>
      <value>39.319</value>
      <uncertainty>9999.9</uncertainty>
    </latitude>
    <longitude>
      <value>27.588</value>
      <uncertainty>9999.9</uncertainty>
    </longitude>
    <depth>
      <value>5000</value>
    </depth>
    <depthType>from location</depthType>
    <methodID>smi:eu.emsc-csem/origin_method/NA</methodID>
    <quality>
      <usedPhaseCount>5</usedPhaseCount>
      <usedStationCount>4</usedStationCount>
      <standardError>0.98</standardError>
      <azimuthalGap>176</azimuthalGap>
      <minimumDistance>0.95</minimumDistance>
      <maximumDistance>1.12</maximumDistance>
    </quality>
    <evaluationMode>manual</evaluationMode>
    <creationInfo>
      <agencyURI>smi:smi-registry/organization/EMSC</agencyURI>
      <authorURI>smi:smi-registry/organization/EMSC</authorURI>
    </creationInfo>
    <originUncertainty>
      <azimuthMaxHorizontalUncertainty>-99</azimuthMaxHorizontalUncertainty>
    </originUncertainty>
  </origin>
  <magnitude publicID="quakeml:eu.emsc/event/19990603_0000008/origin/1474830/mag/2">
    <mag>
      <value>2.7</value>
    </mag>
    <type>MD</type>
    <originID>quakeml:eu.emsc/event/19990603_0000008/origin/1474830</originID>
    <creationInfo>
      <agencyURI>smi:smi-registry/organization/EMSC</agencyURI>
      <authorURI>smi:smi-registry/organization/EMSC</authorURI>
    </creationInfo>
  </magnitude>
</event>
<event publicID="quakeml:eu.emsc/event/19990603_0000007">
  <preferredOriginID>quakeml:eu.emsc/event/19990603_0000007/origin/1474832</preferredOriginID>
  <preferredMagnitudeID>quakeml:eu.emsc/event/19990603_0000007/origin/1474832/mag/2</preferredMagnitudeID>
  <creationInfo>
    <agencyURI>smi:smi-registry/organization/EMSC</agencyURI>
    <authorURI>smi:smi-registry/organization/EMSC</authorURI>
    <creationTime>2014-12-11T16:12:24.916259Z</creationTime>
  </creationInfo>
  <description>
    <text>IONIAN SEA</text>
    <type>Flinn-Engdahl region</type>
  </description>
  <origin publicID="quakeml:eu.emsc/event/19990603_0000007/origin/1474832">
    <time>
      <value>1999-06-03T08:28:16.8Z</value>
    </time>
    <latitude>
      <value>37.32</value>
      <uncertainty>9999.9</uncertainty>
    </latitude>
    <longitude>
      <value>20.78</value>
      <uncertainty>9999.9</uncertainty>
    </longitude>
    <depth>
      <value>5000</value>
    </depth>
    <depthType>from location</depthType>
    <methodID>smi:eu.emsc-csem/origin_method/NA</methodID>
    <quality>
      <usedPhaseCount>7</usedPhaseCount>
      <usedStationCount>5</usedStationCount>
      <standardError>2.1</standardError>
      <azimuthalGap>223</azimuthalGap>
      <minimumDistance>0.87</minimumDistance>
      <maximumDistance>2.51</maximumDistance>
    </quality>
    <evaluationMode>manual</evaluationMode>
    <creationInfo>
      <agencyURI>smi:smi-registry/organization/EMSC</agencyURI>
      <authorURI>smi:smi-registry/organization/EMSC</authorURI>
    </creationInfo>
    <originUncertainty>
      <azimuthMaxHorizontalUncertainty>-99</azimuthMaxHorizontalUncertainty>
    </originUncertainty>
  </origin>
  <magnitude publicID="quakeml:eu.emsc/event/19990603_0000007/origin/1474832/mag/2">
    <mag>
      <value>3.4</value>
    </mag>
    <type>MD</type>
    <originID>quakeml:eu.emsc/event/19990603_0000007/origin/1474832</originID>
    <creationInfo>
      <agencyURI>smi:smi-registry/organization/EMSC</agencyURI>
      <authorURI>smi:smi-registry/organization/EMSC</authorURI>
    </creationInfo>
  </magnitude>
</event>
<event publicID="quakeml:eu.emsc/event/19990603_0000006">
  <preferredOriginID>quakeml:eu.emsc/event/19990603_0000006/origin/1467249</preferredOriginID>
  <preferredMagnitudeID>quakeml:eu.emsc/event/19990603_0000006/origin/1467249/mag/2</preferredMagnitudeID>
  <creationInfo>
    <agencyURI>smi:smi-registry/organization/EMSC</agencyURI>
    <authorURI>smi:smi-registry/organization/EMSC</authorURI>
    <creationTime>2014-12-03T11:59:55.323518Z</creationTime>
  </creationInfo>
  <description>
    <text>WESTERN TURKEY</text>
    <type>Flinn-Engdahl region</type>
  </description>
  <origin publicID="quakeml:eu.emsc/event/19990603_0000006/origin/1467249">
    <time>
      <value>1999-06-03T08:06:25.8Z</value>
      <uncertainty>0.65</uncertainty>
    </time>
    <latitude>
      <value>37.604</value>
      <uncertainty>16.4</uncertainty>
    </latitude>
    <longitude>
      <value>27.2597</value>
      <uncertainty>10.3</uncertainty>
    </longitude>
    <depth>
      <value>2000</value>
    </depth>
    <depthType>from location</depthType>
    <methodID>smi:eu.emsc-csem/origin_method/NA</methodID>
    <quality>
      <usedPhaseCount>7</usedPhaseCount>
      <usedStationCount>5</usedStationCount>
      <standardError>0.94</standardError>
      <azimuthalGap>181</azimuthalGap>
      <minimumDistance>0.35</minimumDistance>
      <maximumDistance>1.93</maximumDistance>
    </quality>
    <evaluationMode>manual</evaluationMode>
    <creationInfo>
      <agencyURI>smi:smi-registry/organization/EMSC</agencyURI>
      <authorURI>smi:smi-registry/organization/EMSC</authorURI>
    </creationInfo>
    <originUncertainty>
      <azimuthMaxHorizontalUncertainty>151</azimuthMaxHorizontalUncertainty>
    </originUncertainty>
  </origin>
  <magnitude publicID="quakeml:eu.emsc/event/19990603_0000006/origin/1467249/mag/2">
    <mag>
      <value>3.7</value>
    </mag>
    <type>MD</type>
    <originID>quakeml:eu.emsc/event/19990603_0000006/origin/1467249</originID>
    <creationInfo>
      <agencyURI>smi:smi-registry/organization/EMSC</agencyURI>
      <authorURI>smi:smi-registry/organization/EMSC</authorURI>
    </creationInfo>
  </magnitude>
</event>
<event publicID="quakeml:eu.emsc/event/19990603_0000005">
  <preferredOriginID>quakeml:eu.emsc/event/19990603_0000005/origin/1467252</preferredOriginID>
  <preferredMagnitudeID>quakeml:eu.emsc/event/19990603_0000005/origin/1467252/mag/2</preferredMagnitudeID>
  <creationInfo>
    <agencyURI>smi:smi-registry/organization/EMSC</agencyURI>
    <authorURI>smi:smi-registry/organization/EMSC</authorURI>
    <creationTime>2014-12-03T11:21:14.990365Z</creationTime>
  </creationInfo>
  <description>
    <text>FYR OF MACEDONIA</text>
    <type>Flinn-Engdahl region</type>
  </description>
  <origin publicID="quakeml:eu.emsc/event/19990603_0000005/origin/1467252">
    <time>
      <value>1999-06-03T06:48:56.9Z</value>
      <uncertainty>0.15</uncertainty>
    </time>
    <latitude>
      <value>41.2603</value>
      <uncertainty>4.4</uncertainty>
    </latitude>
    <longitude>
      <value>20.8927</value>
      <uncertainty>2.9</uncertainty>
    </longitude>
    <depth>
      <value>2000</value>
    </depth>
    <depthType>from location</depthType>
    <methodID>smi:eu.emsc-csem/origin_method/NA</methodID>
    <quality>
      <usedPhaseCount>51</usedPhaseCount>
      <usedStationCount>32</usedStationCount>
      <standardError>1.08</standardError>
      <azimuthalGap>68</azimuthalGap>
      <minimumDistance>0.16</minimumDistance>
      <maximumDistance>3.09</maximumDistance>
    </quality>
    <evaluationMode>manual</evaluationMode>
    <creationInfo>
      <agencyURI>smi:smi-registry/organization/EMSC</agencyURI>
      <authorURI>smi:smi-registry/organization/EMSC</authorURI>
    </creationInfo>
    <originUncertainty>
      <azimuthMaxHorizontalUncertainty>32</azimuthMaxHorizontalUncertainty>
    </originUncertainty>
  </origin>
  <magnitude publicID="quakeml:eu.emsc/event/19990603_0000005/origin/1467252/mag/2">
    <mag>
      <value>3.1</value>
    </mag>
    <type>ML</type>
    <originID>quakeml:eu.emsc/event/19990603_0000005/origin/1467252</originID>
    <creationInfo>
      <agencyURI>smi:smi-registry/organization/EMSC</agencyURI>
      <authorURI>smi:smi-registry/organization/EMSC</authorURI>
    </creationInfo>
  </magnitude>
</event>
<event publicID="quakeml:eu.emsc/event/19990603_0000004">
  <preferredOriginID>quakeml:eu.emsc/event/19990603_0000004/origin/1467256</preferredOriginID>
  <preferredMagnitudeID>quakeml:eu.emsc/event/19990603_0000004/origin/1467256/mag/2</preferredMagnitudeID>
  <creationInfo>
    <agencyURI>smi:smi-registry/organization/EMSC</agencyURI>
    <authorURI>smi:smi-registry/organization/EMSC</authorURI>
    <creationTime>2014-12-03T11:12:17.659095Z</creationTime>
  </creationInfo>
  <description>
    <text>CROATIA</text>
    <type>Flinn-Engdahl region</type>
  </description>
  <origin publicID="quakeml:eu.emsc/event/19990603_0000004/origin/1467256">
    <time>
      <value>1999-06-03T05:54:18.5Z</value>
      <uncertainty>0.21</uncertainty>
    </time>
    <latitude>
      <value>44.4153</value>
      <uncertainty>5.5</uncertainty>
    </latitude>
    <longitude>
      <value>15.2851</value>
      <uncertainty>3</uncertainty>
    </longitude>
    <depth>
      <value>10000</value>
    </depth>
    <depthType>from location</depthType>
    <methodID>smi:eu.emsc-csem/origin_method/NA</methodID>
    <quality>
      <usedPhaseCount>69</usedPhaseCount>
      <usedStationCount>54</usedStationCount>
      <standardError>0.84</standardError>
      <azimuthalGap>123</azimuthalGap>
      <minimumDistance>1.09</minimumDistance>
      <maximumDistance>8.47</maximumDistance>
    </quality>
    <evaluationMode>manual</evaluationMode>
    <creationInfo>
      <agencyURI>smi:smi-registry/organization/EMSC</agencyURI>
      <authorURI>smi:smi-registry/organization/EMSC</authorURI>
    </creationInfo>
    <originUncertainty>
      <azimuthMaxHorizontalUncertainty>105</azimuthMaxHorizontalUncertainty>
    </originUncertainty>
  </origin>
  <magnitude publicID="quakeml:eu.emsc/event/19990603_0000004/origin/1467256/mag/2">
    <mag>
      <value>2.6</value>
    </mag>
    <type>ML</type>
    <originID>quakeml:eu.emsc/event/19990603_0000004/origin/1467256</originID>
    <stationCount>13</stationCount>
    <creationInfo>
      <agencyURI>smi:smi-registry/organization/EMSC</agencyURI>
      <authorURI>smi:smi-registry/organization/EMSC</authorURI>
    </creationInfo>
  </magnitude>
</event>
<event publicID="quakeml:eu.emsc/event/19990603_0000021">
  <preferredOriginID>quakeml:eu.emsc/event/19990603_0000021/origin/1466536</preferredOriginID>
  <preferredMagnitudeID>quakeml:eu.emsc/event/19990603_0000021/origin/1466536/mag/1</preferredMagnitudeID>
  <creationInfo>
    <agencyURI>smi:smi-registry/organization/EMSC</agencyURI>
    <authorURI>smi:smi-registry/organization/EMSC</authorURI>
    <creationTime>2014-12-03T15:31:20.842253Z</creationTime>
  </creationInfo>
  <description>
    <text>GERMANY</text>
    <type>Flinn-Engdahl region</type>
  </description>
  <origin publicID="quakeml:eu.emsc/event/19990603_0000021/origin/1466536">
    <time>
      <value>1999-06-03T04:45:10.6Z</value>
      <uncertainty>0.12</uncertainty>
    </time>
    <latitude>
      <value>48.3154</value>
      <uncertainty>2.5</uncertainty>
    </latitude>
    <longitude>
      <value>9.0041</value>
      <uncertainty>2.2</uncertainty>
    </longitude>
    <depth>
      <value>16900.0</value>
      <uncertainty>1.7</uncertainty>
    </depth>
    <depthType>from location</depthType>
    <methodID>smi:eu.emsc-csem/origin_method/NA</methodID>
    <quality>
      <usedPhaseCount>55</usedPhaseCount>
      <usedStationCount>33</usedStationCount>
      <standardError>0.84</standardError>
      <azimuthalGap>35</azimuthalGap>
      <minimumDistance>0.26</minimumDistance>
      <maximumDistance>3.92</maximumDistance>
    </quality>
    <evaluationMode>manual</evaluationMode>
    <creationInfo>
      <agencyURI>smi:smi-registry/organization/EMSC</agencyURI>
      <authorURI>smi:smi-registry/organization/EMSC</authorURI>
    </creationInfo>
    <originUncertainty>
      <azimuthMaxHorizontalUncertainty>137</azimuthMaxHorizontalUncertainty>
    </originUncertainty>
  </origin>
  <magnitude publicID="quakeml:eu.emsc/event/19990603_0000021/origin/1466536/mag/1">
    <mag>
      <value>2.6</value>
      <uncertainty>0.3</uncertainty>
    </mag>
    <type>ML</type>
    <originID>quakeml:eu.emsc/event/19990603_0000021/origin/1466536</originID>
    <stationCount>9</stationCount>
    <creationInfo>
      <agencyURI>smi:smi-registry/organization/EMSC</agencyURI>
      <authorURI>smi:smi-registry/organization/EMSC</authorURI>
    </creationInfo>
  </magnitude>
</event>
<event publicID="quakeml:eu.emsc/event/19990603_0000003">
  <preferredOriginID>quakeml:eu.emsc/event/19990603_0000003/origin/1467258</preferredOriginID>
  <preferredMagnitudeID>quakeml:eu.emsc/event/19990603_0000003/origin/1467258/mag/1</preferredMagnitudeID>
  <creationInfo>
    <agencyURI>smi:smi-registry/organization/EMSC</agencyURI>
    <authorURI>smi:smi-registry/organization/EMSC</authorURI>
    <creationTime>2014-12-03T11:35:12.601276Z</creationTime>
  </creationInfo>
  <description>
    <text>SOUTHERN IRAN</text>
    <type>Flinn-Engdahl region</type>
  </description>
  <origin publicID="quakeml:eu.emsc/event/19990603_0000003/origin/1467258">
    <time>
      <value>1999-06-03T03:50:39.7Z</value>
      <uncertainty>0.36</uncertainty>
    </time>
    <latitude>
      <value>29.5257</value>
      <uncertainty>15</uncertainty>
    </latitude>
    <longitude>
      <value>51.8243</value>
      <uncertainty>14</uncertainty>
    </longitude>
    <depth>
      <value>30000</value>
    </depth>
    <depthType>from location</depthType>
    <methodID>smi:eu.emsc-csem/origin_method/NA</methodID>
    <quality>
      <usedPhaseCount>20</usedPhaseCount>
      <usedStationCount>20</usedStationCount>
      <standardError>1</standardError>
      <azimuthalGap>111</azimuthalGap>
      <minimumDistance>3.54</minimumDistance>
      <maximumDistance>84.88</maximumDistance>
    </quality>
    <evaluationMode>manual</evaluationMode>
    <creationInfo>
      <agencyURI>smi:smi-registry/organization/EMSC</agencyURI>
      <authorURI>smi:smi-registry/organization/EMSC</authorURI>
    </creationInfo>
    <originUncertainty>
      <azimuthMaxHorizontalUncertainty>131</azimuthMaxHorizontalUncertainty>
    </originUncertainty>
  </origin>
  <magnitude publicID="quakeml:eu.emsc/event/19990603_0000003/origin/1467258/mag/1">
    <mag>
      <value>4.3</value>
      <uncertainty>0.1</uncertainty>
    </mag>
    <type>mb</type>
    <originID>quakeml:eu.emsc/event/19990603_0000003/origin/1467258</originID>
    <stationCount>6</stationCount>
    <creationInfo>
      <agencyURI>smi:smi-registry/organization/EMSC</agencyURI>
      <authorURI>smi:smi-registry/organization/EMSC</authorURI>
    </creationInfo>
  </magnitude>
</event>
<event publicID="quakeml:eu.emsc/event/19990603_0000002">
  <preferredOriginID>quakeml:eu.emsc/event/19990603_0000002/origin/1474834</preferredOriginID>
  <preferredMagnitudeID>quakeml:eu.emsc/event/19990603_0000002/origin/1474834/mag/2</preferredMagnitudeID>
  <creationInfo>
    <agencyURI>smi:smi-registry/organization/EMSC</agencyURI>
    <authorURI>smi:smi-registry/organization/EMSC</authorURI>
    <creationTime>2014-12-11T16:10:35.968033Z</creationTime>
  </creationInfo>
  <description>
    <text>WESTERN TURKEY</text>
    <type>Flinn-Engdahl region</type>
  </description>
  <origin publicID="quakeml:eu.emsc/event/19990603_0000002/origin/1474834">
    <time>
      <value>1999-06-03T03:46:42.9Z</value>
    </time>
    <latitude>
      <value>40.683</value>
      <uncertainty>9999.9</uncertainty>
    </latitude>
    <longitude>
      <value>29.952</value>
      <uncertainty>9999.9</uncertainty>
    </longitude>
    <depth>
      <value>10000</value>
    </depth>
    <depthType>from location</depthType>
    <methodID>smi:eu.emsc-csem/origin_method/NA</methodID>
    <quality>
      <usedPhaseCount>12</usedPhaseCount>
      <usedStationCount>8</usedStationCount>
      <standardError>1.31</standardError>
      <azimuthalGap>159</azimuthalGap>
      <minimumDistance>0.26</minimumDistance>
      <maximumDistance>2.38</maximumDistance>
    </quality>
    <evaluationMode>manual</evaluationMode>
    <creationInfo>
      <agencyURI>smi:smi-registry/organization/EMSC</agencyURI>
      <authorURI>smi:smi-registry/organization/EMSC</authorURI>
    </creationInfo>
    <originUncertainty>
      <azimuthMaxHorizontalUncertainty>-99</azimuthMaxHorizontalUncertainty>
    </originUncertainty>
  </origin>
  <magnitude publicID="quakeml:eu.emsc/event/19990603_0000002/origin/1474834/mag/2">
    <mag>
      <value>3</value>
    </mag>
    <type>MD</type>
    <originID>quakeml:eu.emsc/event/19990603_0000002/origin/1474834</originID>
    <creationInfo>
      <agencyURI>smi:smi-registry/organization/EMSC</agencyURI>
      <authorURI>smi:smi-registry/organization/EMSC</authorURI>
    </creationInfo>
  </magnitude>
</event>
<event publicID="quakeml:eu.emsc/event/19990603_0000001">
  <preferredOriginID>quakeml:eu.emsc/event/19990603_0000001/origin/1467261</preferredOriginID>
  <preferredMagnitudeID>quakeml:eu.emsc/event/19990603_0000001/origin/1467261/mag/2</preferredMagnitudeID>
  <creationInfo>
    <agencyURI>smi:smi-registry/organization/EMSC</agencyURI>
    <authorURI>smi:smi-registry/organization/EMSC</authorURI>
    <creationTime>2014-12-03T12:14:32.52066Z</creationTime>
  </creationInfo>
  <description>
    <text>SOUTHERN GREECE</text>
    <type>Flinn-Engdahl region</type>
  </description>
  <origin publicID="quakeml:eu.emsc/event/19990603_0000001/origin/1467261">
    <time>
      <value>1999-06-03T02:06:56.5Z</value>
      <uncertainty>0.54</uncertainty>
    </time>
    <latitude>
      <value>37.5335</value>
      <uncertainty>15.8</uncertainty>
    </latitude>
    <longitude>
      <value>21.0485</value>
      <uncertainty>4.8</uncertainty>
    </longitude>
    <depth>
      <value>10000</value>
    </depth>
    <depthType>from location</depthType>
    <methodID>smi:eu.emsc-csem/origin_method/NA</methodID>
    <quality>
      <usedPhaseCount>23</usedPhaseCount>
      <usedStationCount>20</usedStationCount>
      <standardError>0.98</standardError>
      <azimuthalGap>201</azimuthalGap>
      <minimumDistance>0.74</minimumDistance>
      <maximumDistance>4.44</maximumDistance>
    </quality>
    <evaluationMode>manual</evaluationMode>
    <creationInfo>
      <agencyURI>smi:smi-registry/organization/EMSC</agencyURI>
      <authorURI>smi:smi-registry/organization/EMSC</authorURI>
    </creationInfo>
    <originUncertainty>
      <azimuthMaxHorizontalUncertainty>54</azimuthMaxHorizontalUncertainty>
    </originUncertainty>
  </origin>
  <magnitude publicID="quakeml:eu.emsc/event/19990603_0000001/origin/1467261/mag/2">
    <mag>
      <value>3.5</value>
    </mag>
    <type>ML</type>
    <originID>quakeml:eu.emsc/event/19990603_0000001/origin/1467261</originID>
    <creationInfo>
      <agencyURI>smi:smi-registry/organization/EMSC</agencyURI>
      <authorURI>smi:smi-registry/organization/EMSC</authorURI>
    </creationInfo>
  </magnitude>
</event>
<event publicID="quakeml:eu.emsc/event/19990603_0000023">
  <preferredOriginID>quakeml:eu.emsc/event/19990603_0000023/origin/1466539</preferredOriginID>
  <preferredMagnitudeID>quakeml:eu.emsc/event/19990603_0000023/origin/1466539/mag/1</preferredMagnitudeID>
  <creationInfo>
    <agencyURI>smi:smi-registry/organization/EMSC</agencyURI>
    <authorURI>smi:smi-registry/organization/EMSC</authorURI>
    <creationTime>2014-12-03T15:41:02.868272Z</creationTime>
  </creationInfo>
  <description>
    <text>NEAR SOUTH COAST OF FRANCE</text>
    <type>Flinn-Engdahl region</type>
  </description>
  <origin publicID="quakeml:eu.emsc/event/19990603_0000023/origin/1466539">
    <time>
      <value>1999-06-03T00:19:21.2Z</value>
      <uncertainty>0.31</uncertainty>
    </time>
    <latitude>
      <value>43.785</value>
      <uncertainty>5.6</uncertainty>
    </latitude>
    <longitude>
      <value>7.9618</value>
      <uncertainty>4</uncertainty>
    </longitude>
    <depth>
      <value>19300.0</value>
      <uncertainty>0.1</uncertainty>
    </depth>
    <depthType>from location</depthType>
    <methodID>smi:eu.emsc-csem/origin_method/NA</methodID>
    <quality>
      <usedPhaseCount>26</usedPhaseCount>
      <usedStationCount>13</usedStationCount>
      <standardError>0.7</standardError>
      <azimuthalGap>189</azimuthalGap>
      <minimumDistance>0.36</minimumDistance>
      <maximumDistance>1.87</maximumDistance>
    </quality>
    <evaluationMode>manual</evaluationMode>
    <creationInfo>
      <agencyURI>smi:smi-registry/organization/EMSC</agencyURI>
      <authorURI>smi:smi-registry/organization/EMSC</authorURI>
    </creationInfo>
    <originUncertainty>
      <azimuthMaxHorizontalUncertainty>42</azimuthMaxHorizontalUncertainty>
    </originUncertainty>
  </origin>
  <magnitude publicID="quakeml:eu.emsc/event/19990603_0000023/origin/1466539/mag/1">
    <mag>
      <value>2.3</value>
      <uncertainty>0.3</uncertainty>
    </mag>
    <type>ML</type>
    <originID>quakeml:eu.emsc/event/19990603_0000023/origin/1466539</originID>
    <stationCount>6</stationCount>
    <creationInfo>
      <agencyURI>smi:smi-registry/organization/EMSC</agencyURI>
      <authorURI>smi:smi-registry/organization/EMSC</authorURI>
    </creationInfo>
  </magnitude>
</event>
</eventParameters>
</q:quakeml>
