<?xml version="1.0"?>
<q:quakeml xmlns:q="http://quakeml.org/xmlns/quakeml/1.2"  xmlns="http://quakeml.org/xmlns/bed/1.2">
<eventParameters publicID="smi:eu.emsc/unid">
<event publicID="quakeml:eu.emsc/event/19990713_0000012">
  <preferredOriginID>quakeml:eu.emsc/event/19990713_0000012/origin/1474132</preferredOriginID>
  <preferredMagnitudeID>quakeml:eu.emsc/event/19990713_0000012/origin/1474132/mag/2</preferredMagnitudeID>
  <creationInfo>
    <agencyURI>smi:smi-registry/organization/EMSC</agencyURI>
    <authorURI>smi:smi-registry/organization/EMSC</authorURI>
    <creationTime>2014-12-10T13:02:47.34698Z</creationTime>
  </creationInfo>
  <description>
    <text>FRANCE</text>
    <type>Flinn-Engdahl region</type>
  </description>
  <origin publicID="quakeml:eu.emsc/event/19990713_0000012/origin/1474132">
    <time>
      <value>1999-07-13T23:48:43.0Z</value>
    </time>
    <latitude>
      <value>44.4225</value>
      <uncertainty>9999.9</uncertainty>
    </latitude>
    <longitude>
      <value>6.9325</value>
      <uncertainty>9999.9</uncertainty>
    </longitude>
    <depth>
      <value>1900.0</value>
    </depth>
    <depthType>from location</depthType>
    <methodID>smi:eu.emsc-csem/origin_method/NA</methodID>
    <quality>
      <usedPhaseCount>13</usedPhaseCount>
      <usedStationCount>7</usedStationCount>
      <standardError>3.82</standardError>
      <azimuthalGap>266</azimuthalGap>
      <minimumDistance>0.15</minimumDistance>
      <maximumDistance>0.86</maximumDistance>
    </quality>
    <evaluationMode>manual</evaluationMode>
    <creationInfo>
      <agencyURI>smi:smi-registry/organization/EMSC</agencyURI>
      <authorURI>smi:smi-registry/organization/EMSC</authorURI>
    </creationInfo>
    <originUncertainty>
      <azimuthMaxHorizontalUncertainty>-99</azimuthMaxHorizontalUncertainty>
    </originUncertainty>
  </origin>
  <magnitude publicID="quakeml:eu.emsc/event/19990713_0000012/origin/1474132/mag/2">
    <mag>
      <value>1.6</value>
    </mag>
    <type>ML</type>
    <originID>quakeml:eu.emsc/event/19990713_0000012/origin/1474132</originID>
    <creationInfo>
      <agencyURI>smi:smi-registry/organization/EMSC</agencyURI>
      <authorURI>smi:smi-registry/organization/EMSC</authorURI>
    </creationInfo>
  </magnitude>
</event>
<event publicID="quakeml:eu.emsc/event/19990713_0000009">
  <preferredOriginID>quakeml:eu.emsc/event/19990713_0000009/origin/1465118</preferredOriginID>
  <preferredMagnitudeID>quakeml:eu.emsc/event/19990713_0000009/origin/1465118/mag/2</preferredMagnitudeID>
  <creationInfo>
    <agencyURI>smi:smi-registry/organization/EMSC</agencyURI>
    <authorURI>smi:smi-registry/organization/EMSC</authorURI>
    <creationTime>2014-12-03T11:39:10.581359Z</creationTime>
  </creationInfo>
  <description>
    <text>AEGEAN SEA</text>
    <type>Flinn-Engdahl region</type>
  </description>
  <origin publicID="quakeml:eu.emsc/event/19990713_0000009/origin/1465118">
    <time>
      <value>1999-07-13T23:36:26.8Z</value>
      <uncertainty>0.19</uncertainty>
    </time>
    <latitude>
      <value>40.372</value>
      <uncertainty>5.4</uncertainty>
    </latitude>
    <longitude>
      <value>25.8741</value>
      <uncertainty>4.2</uncertainty>
    </longitude>
    <depth>
      <value>20000</value>
    </depth>
    <depthType>from location</depthType>
    <methodID>smi:eu.emsc-csem/origin_method/NA</methodID>
    <quality>
      <usedPhaseCount>54</usedPhaseCount>
      <usedStationCount>42</usedStationCount>
      <standardError>1.24</standardError>
      <azimuthalGap>69</azimuthalGap>
      <minimumDistance>0.54</minimumDistance>
      <maximumDistance>5.53</maximumDistance>
    </quality>
    <evaluationMode>manual</evaluationMode>
    <creationInfo>
      <agencyURI>smi:smi-registry/organization/EMSC</agencyURI>
      <authorURI>smi:smi-registry/organization/EMSC</authorURI>
    </creationInfo>
  </origin>
  <magnitude publicID="quakeml:eu.emsc/event/19990713_0000009/origin/1465118/mag/2">
    <mag>
      <value>3.4</value>
    </mag>
    <type>ML</type>
    <originID>quakeml:eu.emsc/event/19990713_0000009/origin/1465118</originID>
    <creationInfo>
      <agencyURI>smi:smi-registry/organization/EMSC</agencyURI>
      <authorURI>smi:smi-registry/organization/EMSC</authorURI>
    </creationInfo>
  </magnitude>
</event>
<event publicID="quakeml:eu.emsc/event/19990713_0000008">
  <preferredOriginID>quakeml:eu.emsc/event/19990713_0000008/origin/1465121</preferredOriginID>
  <preferredMagnitudeID>quakeml:eu.emsc/event/19990713_0000008/origin/1465121/mag/2</preferredMagnitudeID>
  <creationInfo>
    <agencyURI>smi:smi-registry/organization/EMSC</agencyURI>
    <authorURI>smi:smi-registry/organization/EMSC</authorURI>
    <creationTime>2014-12-03T11:42:05.482443Z</creationTime>
  </creationInfo>
  <description>
    <text>CRETE, GREECE</text>
    <type>Flinn-Engdahl region</type>
  </description>
  <origin publicID="quakeml:eu.emsc/event/19990713_0000008/origin/1465121">
    <time>
      <value>1999-07-13T21:33:27.6Z</value>
      <uncertainty>0.36</uncertainty>
    </time>
    <latitude>
      <value>35.8126</value>
      <uncertainty>10.5</uncertainty>
    </latitude>
    <longitude>
      <value>26.5035</value>
      <uncertainty>7.1</uncertainty>
    </longitude>
    <depth>
      <value>2000</value>
    </depth>
    <depthType>from location</depthType>
    <methodID>smi:eu.emsc-csem/origin_method/NA</methodID>
    <quality>
      <usedPhaseCount>14</usedPhaseCount>
      <usedStationCount>13</usedStationCount>
      <standardError>0.99</standardError>
      <azimuthalGap>117</azimuthalGap>
      <minimumDistance>0.61</minimumDistance>
      <maximumDistance>3.43</maximumDistance>
    </quality>
    <evaluationMode>manual</evaluationMode>
    <creationInfo>
      <agencyURI>smi:smi-registry/organization/EMSC</agencyURI>
      <authorURI>smi:smi-registry/organization/EMSC</authorURI>
    </creationInfo>
    <originUncertainty>
      <azimuthMaxHorizontalUncertainty>175</azimuthMaxHorizontalUncertainty>
    </originUncertainty>
  </origin>
  <magnitude publicID="quakeml:eu.emsc/event/19990713_0000008/origin/1465121/mag/2">
    <mag>
      <value>3.8</value>
    </mag>
    <type>MD</type>
    <originID>quakeml:eu.emsc/event/19990713_0000008/origin/1465121</originID>
    <creationInfo>
      <agencyURI>smi:smi-registry/organization/EMSC</agencyURI>
      <authorURI>smi:smi-registry/organization/EMSC</authorURI>
    </creationInfo>
  </magnitude>
</event>
<event publicID="quakeml:eu.emsc/event/19990713_0000013">
  <preferredOriginID>quakeml:eu.emsc/event/19990713_0000013/origin/1464969</preferredOriginID>
  <preferredMagnitudeID>quakeml:eu.emsc/event/19990713_0000013/origin/1464969/mag/2</preferredMagnitudeID>
  <creationInfo>
    <agencyURI>smi:smi-registry/organization/EMSC</agencyURI>
    <authorURI>smi:smi-registry/organization/EMSC</authorURI>
    <creationTime>2014-12-03T16:38:39.692101Z</creationTime>
  </creationInfo>
  <description>
    <text>SWITZERLAND</text>
    <type>Flinn-Engdahl region</type>
  </description>
  <origin publicID="quakeml:eu.emsc/event/19990713_0000013/origin/1464969">
    <time>
      <value>1999-07-13T20:55:23.7Z</value>
      <uncertainty>0.27</uncertainty>
    </time>
    <latitude>
      <value>47.5315</value>
      <uncertainty>5</uncertainty>
    </latitude>
    <longitude>
      <value>7.7105</value>
      <uncertainty>2.7</uncertainty>
    </longitude>
    <depth>
      <value>15000</value>
    </depth>
    <depthType>from location</depthType>
    <methodID>smi:eu.emsc-csem/origin_method/NA</methodID>
    <quality>
      <usedPhaseCount>20</usedPhaseCount>
      <usedStationCount>12</usedStationCount>
      <standardError>0.63</standardError>
      <azimuthalGap>187</azimuthalGap>
      <minimumDistance>0.4</minimumDistance>
      <maximumDistance>2.21</maximumDistance>
    </quality>
    <evaluationMode>manual</evaluationMode>
    <creationInfo>
      <agencyURI>smi:smi-registry/organization/EMSC</agencyURI>
      <authorURI>smi:smi-registry/organization/EMSC</authorURI>
    </creationInfo>
    <originUncertainty>
      <azimuthMaxHorizontalUncertainty>160</azimuthMaxHorizontalUncertainty>
    </originUncertainty>
  </origin>
  <magnitude publicID="quakeml:eu.emsc/event/19990713_0000013/origin/1464969/mag/2">
    <mag>
      <value>1.6</value>
    </mag>
    <type>ML</type>
    <originID>quakeml:eu.emsc/event/19990713_0000013/origin/1464969</originID>
    <stationCount>7</stationCount>
    <creationInfo>
      <agencyURI>smi:smi-registry/organization/EMSC</agencyURI>
      <authorURI>smi:smi-registry/organization/EMSC</authorURI>
    </creationInfo>
  </magnitude>
</event>
<event publicID="quakeml:eu.emsc/event/19990713_0000006">
  <preferredOriginID>quakeml:eu.emsc/event/19990713_0000006/origin/1465126</preferredOriginID>
  <preferredMagnitudeID>quakeml:eu.emsc/event/19990713_0000006/origin/1465126/mag/1</preferredMagnitudeID>
  <creationInfo>
    <agencyURI>smi:smi-registry/organization/EMSC</agencyURI>
    <authorURI>smi:smi-registry/organization/EMSC</authorURI>
    <creationTime>2014-12-03T11:08:33.75001Z</creationTime>
  </creationInfo>
  <description>
    <text>SWITZERLAND</text>
    <type>Flinn-Engdahl region</type>
  </description>
  <origin publicID="quakeml:eu.emsc/event/19990713_0000006/origin/1465126">
    <time>
      <value>1999-07-13T20:47:00.8Z</value>
      <uncertainty>0.09</uncertainty>
    </time>
    <latitude>
      <value>47.512</value>
      <uncertainty>1.9</uncertainty>
    </latitude>
    <longitude>
      <value>7.6658</value>
      <uncertainty>1.5</uncertainty>
    </longitude>
    <depth>
      <value>19100.0</value>
    </depth>
    <depthType>from location</depthType>
    <methodID>smi:eu.emsc-csem/origin_method/NA</methodID>
    <quality>
      <usedPhaseCount>154</usedPhaseCount>
      <usedStationCount>80</usedStationCount>
      <standardError>1.02</standardError>
      <azimuthalGap>16</azimuthalGap>
      <minimumDistance>0.18</minimumDistance>
      <maximumDistance>5.79</maximumDistance>
    </quality>
    <evaluationMode>manual</evaluationMode>
    <creationInfo>
      <agencyURI>smi:smi-registry/organization/EMSC</agencyURI>
      <authorURI>smi:smi-registry/organization/EMSC</authorURI>
    </creationInfo>
    <originUncertainty>
      <azimuthMaxHorizontalUncertainty>116</azimuthMaxHorizontalUncertainty>
    </originUncertainty>
  </origin>
  <magnitude publicID="quakeml:eu.emsc/event/19990713_0000006/origin/1465126/mag/1">
    <mag>
      <value>3.2</value>
      <uncertainty>0.3</uncertainty>
    </mag>
    <type>ML</type>
    <originID>quakeml:eu.emsc/event/19990713_0000006/origin/1465126</originID>
    <stationCount>26</stationCount>
    <creationInfo>
      <agencyURI>smi:smi-registry/organization/EMSC</agencyURI>
      <authorURI>smi:smi-registry/organization/EMSC</authorURI>
    </creationInfo>
  </magnitude>
</event>
<event publicID="quakeml:eu.emsc/event/19990713_0000007">
  <preferredOriginID>quakeml:eu.emsc/event/19990713_0000007/origin/1474134</preferredOriginID>
  <preferredMagnitudeID>quakeml:eu.emsc/event/19990713_0000007/origin/1474134/mag/2</preferredMagnitudeID>
  <creationInfo>
    <agencyURI>smi:smi-registry/organization/EMSC</agencyURI>
    <authorURI>smi:smi-registry/organization/EMSC</authorURI>
    <creationTime>2014-12-11T21:16:10.727181Z</creationTime>
  </creationInfo>
  <description>
    <text>SOUTHERN ITALY</text>
    <type>Flinn-Engdahl region</type>
  </description>
  <origin publicID="quakeml:eu.emsc/event/19990713_0000007/origin/1474134">
    <time>
      <value>1999-07-13T20:10:10.1Z</value>
    </time>
    <latitude>
      <value>39.435</value>
      <uncertainty>9999.9</uncertainty>
    </latitude>
    <longitude>
      <value>16.48</value>
      <uncertainty>9999.9</uncertainty>
    </longitude>
    <depth>
      <value>5000</value>
    </depth>
    <depthType>from location</depthType>
    <methodID>smi:eu.emsc-csem/origin_method/NA</methodID>
    <quality>
      <usedPhaseCount>9</usedPhaseCount>
      <usedStationCount>7</usedStationCount>
      <standardError>1.33</standardError>
      <azimuthalGap>186</azimuthalGap>
      <minimumDistance>0.25</minimumDistance>
      <maximumDistance>1.56</maximumDistance>
    </quality>
    <evaluationMode>manual</evaluationMode>
    <creationInfo>
      <agencyURI>smi:smi-registry/organization/EMSC</agencyURI>
      <authorURI>smi:smi-registry/organization/EMSC</authorURI>
    </creationInfo>
    <originUncertainty>
      <azimuthMaxHorizontalUncertainty>-99</azimuthMaxHorizontalUncertainty>
    </originUncertainty>
  </origin>
  <magnitude publicID="quakeml:eu.emsc/event/19990713_0000007/origin/1474134/mag/2">
    <mag>
      <value>2.1</value>
    </mag>
    <type>ML</type>
    <originID>quakeml:eu.emsc/event/19990713_0000007/origin/1474134</originID>
    <stationCount>6</stationCount>
    <creationInfo>
      <agencyURI>smi:smi-registry/organization/EMSC</agencyURI>
      <authorURI>smi:smi-registry/organization/EMSC</authorURI>
    </creationInfo>
  </magnitude>
</event>
<event publicID="quakeml:eu.emsc/event/19990713_0000011">
  <preferredOriginID>quakeml:eu.emsc/event/19990713_0000011/origin/1474136</preferredOriginID>
  <preferredMagnitudeID>quakeml:eu.emsc/event/19990713_0000011/origin/1474136/mag/2</preferredMagnitudeID>
  <creationInfo>
    <agencyURI>smi:smi-registry/organization/EMSC</agencyURI>
    <authorURI>smi:smi-registry/organization/EMSC</authorURI>
    <creationTime>2014-12-10T13:02:46.46733Z</creationTime>
  </creationInfo>
  <description>
    <text>FRANCE</text>
    <type>Flinn-Engdahl region</type>
  </description>
  <origin publicID="quakeml:eu.emsc/event/19990713_0000011/origin/1474136">
    <time>
      <value>1999-07-13T18:53:47.1Z</value>
    </time>
    <latitude>
      <value>48.3164</value>
      <uncertainty>9999.9</uncertainty>
    </latitude>
    <longitude>
      <value>-3.2867</value>
      <uncertainty>9999.9</uncertainty>
    </longitude>
    <depth>
      <value>2000</value>
    </depth>
    <depthType>from location</depthType>
    <methodID>smi:eu.emsc-csem/origin_method/NA</methodID>
    <quality>
      <usedPhaseCount>13</usedPhaseCount>
      <usedStationCount>7</usedStationCount>
      <standardError>1.16</standardError>
      <azimuthalGap>215</azimuthalGap>
      <minimumDistance>0.02</minimumDistance>
      <maximumDistance>2.74</maximumDistance>
    </quality>
    <evaluationMode>manual</evaluationMode>
    <creationInfo>
      <agencyURI>smi:smi-registry/organization/EMSC</agencyURI>
      <authorURI>smi:smi-registry/organization/EMSC</authorURI>
    </creationInfo>
    <originUncertainty>
      <azimuthMaxHorizontalUncertainty>-99</azimuthMaxHorizontalUncertainty>
    </originUncertainty>
  </origin>
  <magnitude publicID="quakeml:eu.emsc/event/19990713_0000011/origin/1474136/mag/2">
    <mag>
      <value>2.5</value>
    </mag>
    <type>ML</type>
    <originID>quakeml:eu.emsc/event/19990713_0000011/origin/1474136</originID>
    <stationCount>4</stationCount>
    <creationInfo>
      <agencyURI>smi:smi-registry/organization/EMSC</agencyURI>
      <authorURI>smi:smi-registry/organization/EMSC</authorURI>
    </creationInfo>
  </magnitude>
</event>
<event publicID="quakeml:eu.emsc/event/19990713_0000004">
  <preferredOriginID>quakeml:eu.emsc/event/19990713_0000004/origin/1465130</preferredOriginID>
  <preferredMagnitudeID>quakeml:eu.emsc/event/19990713_0000004/origin/1465130/mag/2</preferredMagnitudeID>
  <creationInfo>
    <agencyURI>smi:smi-registry/organization/EMSC</agencyURI>
    <authorURI>smi:smi-registry/organization/EMSC</authorURI>
    <creationTime>2014-12-03T10:20:56.105859Z</creationTime>
  </creationInfo>
  <description>
    <text>SPAIN</text>
    <type>Flinn-Engdahl region</type>
  </description>
  <origin publicID="quakeml:eu.emsc/event/19990713_0000004/origin/1465130">
    <time>
      <value>1999-07-13T17:27:55.6Z</value>
      <uncertainty>0.26</uncertainty>
    </time>
    <latitude>
      <value>37.0126</value>
      <uncertainty>6.7</uncertainty>
    </latitude>
    <longitude>
      <value>-3.648</value>
      <uncertainty>3.9</uncertainty>
    </longitude>
    <depth>
      <value>2000</value>
    </depth>
    <depthType>from location</depthType>
    <methodID>smi:eu.emsc-csem/origin_method/NA</methodID>
    <quality>
      <usedPhaseCount>37</usedPhaseCount>
      <usedStationCount>25</usedStationCount>
      <standardError>1.18</standardError>
      <azimuthalGap>83</azimuthalGap>
      <minimumDistance>0.13</minimumDistance>
      <maximumDistance>4</maximumDistance>
    </quality>
    <evaluationMode>manual</evaluationMode>
    <creationInfo>
      <agencyURI>smi:smi-registry/organization/EMSC</agencyURI>
      <authorURI>smi:smi-registry/organization/EMSC</authorURI>
    </creationInfo>
    <originUncertainty>
      <azimuthMaxHorizontalUncertainty>143</azimuthMaxHorizontalUncertainty>
    </originUncertainty>
  </origin>
  <magnitude publicID="quakeml:eu.emsc/event/19990713_0000004/origin/1465130/mag/2">
    <mag>
      <value>2.9</value>
    </mag>
    <type>mb</type>
    <originID>quakeml:eu.emsc/event/19990713_0000004/origin/1465130</originID>
    <stationCount>21</stationCount>
    <creationInfo>
      <agencyURI>smi:smi-registry/organization/EMSC</agencyURI>
      <authorURI>smi:smi-registry/organization/EMSC</authorURI>
    </creationInfo>
  </magnitude>
</event>
<event publicID="quakeml:eu.emsc/event/19990713_0000005">
  <preferredOriginID>quakeml:eu.emsc/event/19990713_0000005/origin/1474138</preferredOriginID>
  <preferredMagnitudeID>quakeml:eu.emsc/event/19990713_0000005/origin/1474138/mag/2</preferredMagnitudeID>
  <creationInfo>
    <agencyURI>smi:smi-registry/organization/EMSC</agencyURI>
    <authorURI>smi:smi-registry/organization/EMSC</authorURI>
    <creationTime>2014-12-11T21:15:20.883Z</creationTime>
  </creationInfo>
  <description>
    <text>CHANNEL ISL. REG, UNITED KINGDOM</text>
    <type>Flinn-Engdahl region</type>
  </description>
  <origin publicID="quakeml:eu.emsc/event/19990713_0000005/origin/1474138">
    <time>
      <value>1999-07-13T16:33:41.7Z</value>
    </time>
    <latitude>
      <value>49.1801</value>
      <uncertainty>9999.9</uncertainty>
    </latitude>
    <longitude>
      <value>-2.3406</value>
      <uncertainty>9999.9</uncertainty>
    </longitude>
    <depth>
      <value>3500.0</value>
    </depth>
    <depthType>from location</depthType>
    <methodID>smi:eu.emsc-csem/origin_method/NA</methodID>
    <quality>
      <usedPhaseCount>33</usedPhaseCount>
      <usedStationCount>14</usedStationCount>
      <standardError>2.39</standardError>
      <azimuthalGap>251</azimuthalGap>
      <minimumDistance>0.94</minimumDistance>
      <maximumDistance>4.87</maximumDistance>
    </quality>
    <evaluationMode>manual</evaluationMode>
    <creationInfo>
      <agencyURI>smi:smi-registry/organization/EMSC</agencyURI>
      <authorURI>smi:smi-registry/organization/EMSC</authorURI>
    </creationInfo>
    <originUncertainty>
      <azimuthMaxHorizontalUncertainty>-99</azimuthMaxHorizontalUncertainty>
    </originUncertainty>
  </origin>
  <magnitude publicID="quakeml:eu.emsc/event/19990713_0000005/origin/1474138/mag/2">
    <mag>
      <value>3.1</value>
    </mag>
    <type>ML</type>
    <originID>quakeml:eu.emsc/event/19990713_0000005/origin/1474138</originID>
    <stationCount>15</stationCount>
    <creationInfo>
      <agencyURI>smi:smi-registry/organization/EMSC</agencyURI>
      <authorURI>smi:smi-registry/organization/EMSC</authorURI>
    </creationInfo>
  </magnitude>
</event>
<event publicID="quakeml:eu.emsc/event/19990713_0000002">
  <preferredOriginID>quakeml:eu.emsc/event/19990713_0000002/origin/1465133</preferredOriginID>
  <preferredMagnitudeID>quakeml:eu.emsc/event/19990713_0000002/origin/1465133/mag/2</preferredMagnitudeID>
  <creationInfo>
    <agencyURI>smi:smi-registry/organization/EMSC</agencyURI>
    <authorURI>smi:smi-registry/organization/EMSC</authorURI>
    <creationTime>2014-12-03T11:07:31.667659Z</creationTime>
  </creationInfo>
  <description>
    <text>ROMANIA</text>
    <type>Flinn-Engdahl region</type>
  </description>
  <origin publicID="quakeml:eu.emsc/event/19990713_0000002/origin/1465133">
    <time>
      <value>1999-07-13T13:10:58.0Z</value>
      <uncertainty>0.17</uncertainty>
    </time>
    <latitude>
      <value>45.5515</value>
      <uncertainty>6</uncertainty>
    </latitude>
    <longitude>
      <value>26.5322</value>
      <uncertainty>4.3</uncertainty>
    </longitude>
    <depth>
      <value>134100.0</value>
      <uncertainty>1.6</uncertainty>
    </depth>
    <depthType>from location</depthType>
    <methodID>smi:eu.emsc-csem/origin_method/NA</methodID>
    <quality>
      <usedPhaseCount>37</usedPhaseCount>
      <usedStationCount>27</usedStationCount>
      <standardError>0.8</standardError>
      <azimuthalGap>80</azimuthalGap>
      <minimumDistance>0.34</minimumDistance>
      <maximumDistance>50.45</maximumDistance>
    </quality>
    <evaluationMode>manual</evaluationMode>
    <creationInfo>
      <agencyURI>smi:smi-registry/organization/EMSC</agencyURI>
      <authorURI>smi:smi-registry/organization/EMSC</authorURI>
    </creationInfo>
    <originUncertainty>
      <azimuthMaxHorizontalUncertainty>140</azimuthMaxHorizontalUncertainty>
    </originUncertainty>
  </origin>
  <magnitude publicID="quakeml:eu.emsc/event/19990713_0000002/origin/1465133/mag/2">
    <mag>
      <value>4.5</value>
    </mag>
    <type>MD</type>
    <originID>quakeml:eu.emsc/event/19990713_0000002/origin/1465133</originID>
    <stationCount>8</stationCount>
    <creationInfo>
      <agencyURI>smi:smi-registry/organization/EMSC</agencyURI>
      <authorURI>smi:smi-registry/organization/EMSC</authorURI>
    </creationInfo>
  </magnitude>
</event>
<event publicID="quakeml:eu.emsc/event/19990713_0000003">
  <preferredOriginID>quakeml:eu.emsc/event/19990713_0000003/origin/1474140</preferredOriginID>
  <preferredMagnitudeID>quakeml:eu.emsc/event/19990713_0000003/origin/1474140/mag/2</preferredMagnitudeID>
  <creationInfo>
    <agencyURI>smi:smi-registry/organization/EMSC</agencyURI>
    <authorURI>smi:smi-registry/organization/EMSC</authorURI>
    <creationTime>2014-12-11T21:14:25.131438Z</creationTime>
  </creationInfo>
  <description>
    <text>ROMANIA</text>
    <type>Flinn-Engdahl region</type>
  </description>
  <origin publicID="quakeml:eu.emsc/event/19990713_0000003/origin/1474140">
    <time>
      <value>1999-07-13T10:09:24.3Z</value>
    </time>
    <latitude>
      <value>45.656</value>
      <uncertainty>9999.9</uncertainty>
    </latitude>
    <longitude>
      <value>26.821</value>
      <uncertainty>9999.9</uncertainty>
    </longitude>
    <depth>
      <value>129000</value>
    </depth>
    <depthType>from location</depthType>
    <methodID>smi:eu.emsc-csem/origin_method/NA</methodID>
    <quality>
      <usedPhaseCount>9</usedPhaseCount>
      <usedStationCount>5</usedStationCount>
      <standardError>0.51</standardError>
      <azimuthalGap>134</azimuthalGap>
      <minimumDistance>0.18</minimumDistance>
      <maximumDistance>1.04</maximumDistance>
    </quality>
    <evaluationMode>manual</evaluationMode>
    <creationInfo>
      <agencyURI>smi:smi-registry/organization/EMSC</agencyURI>
      <authorURI>smi:smi-registry/organization/EMSC</authorURI>
    </creationInfo>
    <originUncertainty>
      <azimuthMaxHorizontalUncertainty>-99</azimuthMaxHorizontalUncertainty>
    </originUncertainty>
  </origin>
  <magnitude publicID="quakeml:eu.emsc/event/19990713_0000003/origin/1474140/mag/2">
    <mag>
      <value>3.2</value>
    </mag>
    <type>MD</type>
    <originID>quakeml:eu.emsc/event/19990713_0000003/origin/1474140</originID>
    <stationCount>4</stationCount>
    <creationInfo>
      <agencyURI>smi:smi-registry/organization/EMSC</agencyURI>
      <authorURI>smi:smi-registry/organization/EMSC</authorURI>
    </creationInfo>
  </magnitude>
</event>
<event publicID="quakeml:eu.emsc/event/19990713_0000014">
  <preferredOriginID>quakeml:eu.emsc/event/19990713_0000014/origin/1476982</preferredOriginID>
  <preferredMagnitudeID>quakeml:eu.emsc/event/19990713_0000014/origin/1476982/mag/2</preferredMagnitudeID>
  <creationInfo>
    <agencyURI>smi:smi-registry/organization/EMSC</agencyURI>
    <authorURI>smi:smi-registry/organization/EMSC</authorURI>
    <creationTime>2014-12-10T13:02:45.693851Z</creationTime>
  </creationInfo>
  <description>
    <text>SWITZERLAND</text>
    <type>Flinn-Engdahl region</type>
  </description>
  <origin publicID="quakeml:eu.emsc/event/19990713_0000014/origin/1476982">
    <time>
      <value>1999-07-13T07:10:02.0Z</value>
    </time>
    <latitude>
      <value>46.388</value>
      <uncertainty>9999.9</uncertainty>
    </latitude>
    <longitude>
      <value>6.941</value>
      <uncertainty>9999.9</uncertainty>
    </longitude>
    <depth>
      <value>0</value>
    </depth>
    <depthType>from location</depthType>
    <methodID>smi:eu.emsc-csem/origin_method/NA</methodID>
    <quality>
      <usedPhaseCount>16</usedPhaseCount>
      <usedStationCount>9</usedStationCount>
      <standardError>18.19</standardError>
      <azimuthalGap>201</azimuthalGap>
      <minimumDistance>0.05</minimumDistance>
      <maximumDistance>151.02</maximumDistance>
    </quality>
    <evaluationMode>manual</evaluationMode>
    <creationInfo>
      <agencyURI>smi:smi-registry/organization/EMSC</agencyURI>
      <authorURI>smi:smi-registry/organization/EMSC</authorURI>
    </creationInfo>
    <originUncertainty>
      <azimuthMaxHorizontalUncertainty>-99</azimuthMaxHorizontalUncertainty>
    </originUncertainty>
  </origin>
  <magnitude publicID="quakeml:eu.emsc/event/19990713_0000014/origin/1476982/mag/2">
    <mag>
      <value>2</value>
    </mag>
    <type>ML</type>
    <originID>quakeml:eu.emsc/event/19990713_0000014/origin/1476982</originID>
    <stationCount>7</stationCount>
    <creationInfo>
      <agencyURI>smi:smi-registry/organization/EMSC</agencyURI>
      <authorURI>smi:smi-registry/organization/EMSC</authorURI>
    </creationInfo>
  </magnitude>
</event>
<event publicID="quakeml:eu.emsc/event/19990713_0000001">
  <preferredOriginID>quakeml:eu.emsc/event/19990713_0000001/origin/1465136</preferredOriginID>
  <preferredMagnitudeID>quakeml:eu.emsc/event/19990713_0000001/origin/1465136/mag/2</preferredMagnitudeID>
  <creationInfo>
    <agencyURI>smi:smi-registry/organization/EMSC</agencyURI>
    <authorURI>smi:smi-registry/organization/EMSC</authorURI>
    <creationTime>2014-12-03T10:53:21.31393Z</creationTime>
  </creationInfo>
  <description>
    <text>GREECE</text>
    <type>Flinn-Engdahl region</type>
  </description>
  <origin publicID="quakeml:eu.emsc/event/19990713_0000001/origin/1465136">
    <time>
      <value>1999-07-13T01:17:05.8Z</value>
      <uncertainty>0.42</uncertainty>
    </time>
    <latitude>
      <value>38.769</value>
      <uncertainty>11.2</uncertainty>
    </latitude>
    <longitude>
      <value>21.5817</value>
      <uncertainty>9.2</uncertainty>
    </longitude>
    <depth>
      <value>2000</value>
    </depth>
    <depthType>from location</depthType>
    <methodID>smi:eu.emsc-csem/origin_method/NA</methodID>
    <quality>
      <usedPhaseCount>12</usedPhaseCount>
      <usedStationCount>11</usedStationCount>
      <standardError>1.13</standardError>
      <azimuthalGap>81</azimuthalGap>
      <minimumDistance>0.23</minimumDistance>
      <maximumDistance>3.2</maximumDistance>
    </quality>
    <evaluationMode>manual</evaluationMode>
    <creationInfo>
      <agencyURI>smi:smi-registry/organization/EMSC</agencyURI>
      <authorURI>smi:smi-registry/organization/EMSC</authorURI>
    </creationInfo>
    <originUncertainty>
      <azimuthMaxHorizontalUncertainty>39</azimuthMaxHorizontalUncertainty>
    </originUncertainty>
  </origin>
  <magnitude publicID="quakeml:eu.emsc/event/19990713_0000001/origin/1465136/mag/2">
    <mag>
      <value>3.2</value>
    </mag>
    <type>ML</type>
    <originID>quakeml:eu.emsc/event/19990713_0000001/origin/1465136</originID>
    <creationInfo>
      <agencyURI>smi:smi-registry/organization/EMSC</agencyURI>
      <authorURI>smi:smi-registry/organization/EMSC</authorURI>
    </creationInfo>
  </magnitude>
</event>
</eventParameters>
</q:quakeml>
