<?xml version="1.0"?>
<q:quakeml xmlns:q="http://quakeml.org/xmlns/quakeml/1.2"  xmlns="http://quakeml.org/xmlns/bed/1.2">
<eventParameters publicID="smi:eu.emsc/unid">
<event publicID="quakeml:eu.emsc/event/19990810_0000005">
  <preferredOriginID>quakeml:eu.emsc/event/19990810_0000005/origin/1464655</preferredOriginID>
  <preferredMagnitudeID>quakeml:eu.emsc/event/19990810_0000005/origin/1464655/mag/1</preferredMagnitudeID>
  <creationInfo>
    <agencyURI>smi:smi-registry/organization/EMSC</agencyURI>
    <authorURI>smi:smi-registry/organization/EMSC</authorURI>
    <creationTime>2014-12-03T11:17:07.876502Z</creationTime>
  </creationInfo>
  <description>
    <text>CYPRUS REGION</text>
    <type>Flinn-Engdahl region</type>
  </description>
  <origin publicID="quakeml:eu.emsc/event/19990810_0000005/origin/1464655">
    <time>
      <value>1999-08-10T22:48:22.7Z</value>
      <uncertainty>0.15</uncertainty>
    </time>
    <latitude>
      <value>34.6436</value>
      <uncertainty>5.4</uncertainty>
    </latitude>
    <longitude>
      <value>33.0358</value>
      <uncertainty>3.1</uncertainty>
    </longitude>
    <depth>
      <value>10000</value>
    </depth>
    <depthType>from location</depthType>
    <methodID>smi:eu.emsc-csem/origin_method/NA</methodID>
    <quality>
      <usedPhaseCount>34</usedPhaseCount>
      <usedStationCount>29</usedStationCount>
      <standardError>1</standardError>
      <azimuthalGap>128</azimuthalGap>
      <minimumDistance>0.17</minimumDistance>
      <maximumDistance>6.28</maximumDistance>
    </quality>
    <evaluationMode>manual</evaluationMode>
    <creationInfo>
      <agencyURI>smi:smi-registry/organization/EMSC</agencyURI>
      <authorURI>smi:smi-registry/organization/EMSC</authorURI>
    </creationInfo>
    <originUncertainty>
      <azimuthMaxHorizontalUncertainty>62</azimuthMaxHorizontalUncertainty>
    </originUncertainty>
  </origin>
  <magnitude publicID="quakeml:eu.emsc/event/19990810_0000005/origin/1464655/mag/1">
    <mag>
      <value>3.3</value>
    </mag>
    <type>Mw</type>
    <originID>quakeml:eu.emsc/event/19990810_0000005/origin/1464655</originID>
    <creationInfo>
      <agencyURI>smi:smi-registry/organization/EMSC</agencyURI>
      <authorURI>smi:smi-registry/organization/EMSC</authorURI>
    </creationInfo>
  </magnitude>
</event>
<event publicID="quakeml:eu.emsc/event/19990810_0000003">
  <preferredOriginID>quakeml:eu.emsc/event/19990810_0000003/origin/1464661</preferredOriginID>
  <preferredMagnitudeID>quakeml:eu.emsc/event/19990810_0000003/origin/1464661/mag/2</preferredMagnitudeID>
  <creationInfo>
    <agencyURI>smi:smi-registry/organization/EMSC</agencyURI>
    <authorURI>smi:smi-registry/organization/EMSC</authorURI>
    <creationTime>2014-12-03T10:46:43.491602Z</creationTime>
  </creationInfo>
  <description>
    <text>SOUTHERN GREECE</text>
    <type>Flinn-Engdahl region</type>
  </description>
  <origin publicID="quakeml:eu.emsc/event/19990810_0000003/origin/1464661">
    <time>
      <value>1999-08-10T22:04:46.7Z</value>
      <uncertainty>0.72</uncertainty>
    </time>
    <latitude>
      <value>36.0654</value>
      <uncertainty>18.2</uncertainty>
    </latitude>
    <longitude>
      <value>21.6918</value>
      <uncertainty>7.6</uncertainty>
    </longitude>
    <depth>
      <value>49500.0</value>
      <uncertainty>7.6</uncertainty>
    </depth>
    <depthType>from location</depthType>
    <methodID>smi:eu.emsc-csem/origin_method/NA</methodID>
    <quality>
      <usedPhaseCount>53</usedPhaseCount>
      <usedStationCount>50</usedStationCount>
      <standardError>1.21</standardError>
      <azimuthalGap>140</azimuthalGap>
      <minimumDistance>1.11</minimumDistance>
      <maximumDistance>30.89</maximumDistance>
    </quality>
    <evaluationMode>manual</evaluationMode>
    <creationInfo>
      <agencyURI>smi:smi-registry/organization/EMSC</agencyURI>
      <authorURI>smi:smi-registry/organization/EMSC</authorURI>
    </creationInfo>
    <originUncertainty>
      <azimuthMaxHorizontalUncertainty>32</azimuthMaxHorizontalUncertainty>
    </originUncertainty>
  </origin>
  <magnitude publicID="quakeml:eu.emsc/event/19990810_0000003/origin/1464661/mag/2">
    <mag>
      <value>3.9</value>
    </mag>
    <type>ML</type>
    <originID>quakeml:eu.emsc/event/19990810_0000003/origin/1464661</originID>
    <creationInfo>
      <agencyURI>smi:smi-registry/organization/EMSC</agencyURI>
      <authorURI>smi:smi-registry/organization/EMSC</authorURI>
    </creationInfo>
  </magnitude>
</event>
<event publicID="quakeml:eu.emsc/event/19990810_0000009">
  <preferredOriginID>quakeml:eu.emsc/event/19990810_0000009/origin/1463464</preferredOriginID>
  <preferredMagnitudeID>quakeml:eu.emsc/event/19990810_0000009/origin/1463464/mag/1</preferredMagnitudeID>
  <creationInfo>
    <agencyURI>smi:smi-registry/organization/EMSC</agencyURI>
    <authorURI>smi:smi-registry/organization/EMSC</authorURI>
    <creationTime>2014-12-03T16:28:54.54102Z</creationTime>
  </creationInfo>
  <description>
    <text>NORTHERN ITALY</text>
    <type>Flinn-Engdahl region</type>
  </description>
  <origin publicID="quakeml:eu.emsc/event/19990810_0000009/origin/1463464">
    <time>
      <value>1999-08-10T21:09:46.8Z</value>
      <uncertainty>0.06</uncertainty>
    </time>
    <latitude>
      <value>44.3903</value>
      <uncertainty>1.7</uncertainty>
    </latitude>
    <longitude>
      <value>7.2994</value>
      <uncertainty>1</uncertainty>
    </longitude>
    <depth>
      <value>10000</value>
    </depth>
    <depthType>from location</depthType>
    <methodID>smi:eu.emsc-csem/origin_method/NA</methodID>
    <quality>
      <usedPhaseCount>36</usedPhaseCount>
      <usedStationCount>22</usedStationCount>
      <standardError>0.4</standardError>
      <azimuthalGap>95</azimuthalGap>
      <minimumDistance>0.19</minimumDistance>
      <maximumDistance>1.2</maximumDistance>
    </quality>
    <evaluationMode>manual</evaluationMode>
    <creationInfo>
      <agencyURI>smi:smi-registry/organization/EMSC</agencyURI>
      <authorURI>smi:smi-registry/organization/EMSC</authorURI>
    </creationInfo>
    <originUncertainty>
      <azimuthMaxHorizontalUncertainty>80</azimuthMaxHorizontalUncertainty>
    </originUncertainty>
  </origin>
  <magnitude publicID="quakeml:eu.emsc/event/19990810_0000009/origin/1463464/mag/1">
    <mag>
      <value>1.8</value>
      <uncertainty>0.5</uncertainty>
    </mag>
    <type>ML</type>
    <originID>quakeml:eu.emsc/event/19990810_0000009/origin/1463464</originID>
    <stationCount>7</stationCount>
    <creationInfo>
      <agencyURI>smi:smi-registry/organization/EMSC</agencyURI>
      <authorURI>smi:smi-registry/organization/EMSC</authorURI>
    </creationInfo>
  </magnitude>
</event>
<event publicID="quakeml:eu.emsc/event/19990810_0000004">
  <preferredOriginID>quakeml:eu.emsc/event/19990810_0000004/origin/1473696</preferredOriginID>
  <preferredMagnitudeID>quakeml:eu.emsc/event/19990810_0000004/origin/1473696/mag/2</preferredMagnitudeID>
  <creationInfo>
    <agencyURI>smi:smi-registry/organization/EMSC</agencyURI>
    <authorURI>smi:smi-registry/organization/EMSC</authorURI>
    <creationTime>2014-12-11T22:17:06.557839Z</creationTime>
  </creationInfo>
  <description>
    <text>AEGEAN SEA</text>
    <type>Flinn-Engdahl region</type>
  </description>
  <origin publicID="quakeml:eu.emsc/event/19990810_0000004/origin/1473696">
    <time>
      <value>1999-08-10T20:52:27.5Z</value>
    </time>
    <latitude>
      <value>38.87</value>
      <uncertainty>9999.9</uncertainty>
    </latitude>
    <longitude>
      <value>24.04</value>
      <uncertainty>9999.9</uncertainty>
    </longitude>
    <depth>
      <value>29000</value>
    </depth>
    <depthType>from location</depthType>
    <methodID>smi:eu.emsc-csem/origin_method/NA</methodID>
    <quality>
      <usedPhaseCount>5</usedPhaseCount>
      <usedStationCount>4</usedStationCount>
      <standardError>1.25</standardError>
      <azimuthalGap>234</azimuthalGap>
      <minimumDistance>0.83</minimumDistance>
      <maximumDistance>2.32</maximumDistance>
    </quality>
    <evaluationMode>manual</evaluationMode>
    <creationInfo>
      <agencyURI>smi:smi-registry/organization/EMSC</agencyURI>
      <authorURI>smi:smi-registry/organization/EMSC</authorURI>
    </creationInfo>
    <originUncertainty>
      <azimuthMaxHorizontalUncertainty>-99</azimuthMaxHorizontalUncertainty>
    </originUncertainty>
  </origin>
  <magnitude publicID="quakeml:eu.emsc/event/19990810_0000004/origin/1473696/mag/2">
    <mag>
      <value>2.8</value>
    </mag>
    <type>ML</type>
    <originID>quakeml:eu.emsc/event/19990810_0000004/origin/1473696</originID>
    <creationInfo>
      <agencyURI>smi:smi-registry/organization/EMSC</agencyURI>
      <authorURI>smi:smi-registry/organization/EMSC</authorURI>
    </creationInfo>
  </magnitude>
</event>
<event publicID="quakeml:eu.emsc/event/19990810_0000002">
  <preferredOriginID>quakeml:eu.emsc/event/19990810_0000002/origin/1466146</preferredOriginID>
  <preferredMagnitudeID>quakeml:eu.emsc/event/19990810_0000002/origin/1466146/mag/2</preferredMagnitudeID>
  <creationInfo>
    <agencyURI>smi:smi-registry/organization/EMSC</agencyURI>
    <authorURI>smi:smi-registry/organization/EMSC</authorURI>
    <creationTime>2014-12-03T11:27:55.94733Z</creationTime>
  </creationInfo>
  <description>
    <text>NORTHERN IRAN</text>
    <type>Flinn-Engdahl region</type>
  </description>
  <origin publicID="quakeml:eu.emsc/event/19990810_0000002/origin/1466146">
    <time>
      <value>1999-08-10T19:34:00.4Z</value>
      <uncertainty>0.29</uncertainty>
    </time>
    <latitude>
      <value>36.2801</value>
      <uncertainty>12.9</uncertainty>
    </latitude>
    <longitude>
      <value>54.6081</value>
      <uncertainty>6.9</uncertainty>
    </longitude>
    <depth>
      <value>20100.0</value>
    </depth>
    <depthType>from location</depthType>
    <methodID>smi:eu.emsc-csem/origin_method/NA</methodID>
    <quality>
      <usedPhaseCount>54</usedPhaseCount>
      <usedStationCount>52</usedStationCount>
      <standardError>0.96</standardError>
      <azimuthalGap>82</azimuthalGap>
      <minimumDistance>3.04</minimumDistance>
      <maximumDistance>61.59</maximumDistance>
    </quality>
    <evaluationMode>manual</evaluationMode>
    <creationInfo>
      <agencyURI>smi:smi-registry/organization/EMSC</agencyURI>
      <authorURI>smi:smi-registry/organization/EMSC</authorURI>
    </creationInfo>
    <originUncertainty>
      <azimuthMaxHorizontalUncertainty>172</azimuthMaxHorizontalUncertainty>
    </originUncertainty>
  </origin>
  <magnitude publicID="quakeml:eu.emsc/event/19990810_0000002/origin/1466146/mag/2">
    <mag>
      <value>4.4</value>
      <uncertainty>0.3</uncertainty>
    </mag>
    <type>mb</type>
    <originID>quakeml:eu.emsc/event/19990810_0000002/origin/1466146</originID>
    <stationCount>21</stationCount>
    <creationInfo>
      <agencyURI>smi:smi-registry/organization/EMSC</agencyURI>
      <authorURI>smi:smi-registry/organization/EMSC</authorURI>
    </creationInfo>
  </magnitude>
</event>
<event publicID="quakeml:eu.emsc/event/19990810_0000008">
  <preferredOriginID>quakeml:eu.emsc/event/19990810_0000008/origin/1473698</preferredOriginID>
  <preferredMagnitudeID>quakeml:eu.emsc/event/19990810_0000008/origin/1473698/mag/2</preferredMagnitudeID>
  <creationInfo>
    <agencyURI>smi:smi-registry/organization/EMSC</agencyURI>
    <authorURI>smi:smi-registry/organization/EMSC</authorURI>
    <creationTime>2014-12-10T13:03:31.540396Z</creationTime>
  </creationInfo>
  <description>
    <text>FRANCE</text>
    <type>Flinn-Engdahl region</type>
  </description>
  <origin publicID="quakeml:eu.emsc/event/19990810_0000008/origin/1473698">
    <time>
      <value>1999-08-10T19:29:22.2Z</value>
    </time>
    <latitude>
      <value>46.58</value>
      <uncertainty>9999.9</uncertainty>
    </latitude>
    <longitude>
      <value>2.42</value>
      <uncertainty>9999.9</uncertainty>
    </longitude>
    <depth>
      <value>2000</value>
    </depth>
    <depthType>from location</depthType>
    <methodID>smi:eu.emsc-csem/origin_method/NA</methodID>
    <quality>
      <usedPhaseCount>8</usedPhaseCount>
      <usedStationCount>4</usedStationCount>
      <standardError>1.3</standardError>
      <azimuthalGap>329</azimuthalGap>
      <minimumDistance>0.72</minimumDistance>
      <maximumDistance>1.47</maximumDistance>
    </quality>
    <evaluationMode>manual</evaluationMode>
    <creationInfo>
      <agencyURI>smi:smi-registry/organization/EMSC</agencyURI>
      <authorURI>smi:smi-registry/organization/EMSC</authorURI>
    </creationInfo>
    <originUncertainty>
      <azimuthMaxHorizontalUncertainty>-99</azimuthMaxHorizontalUncertainty>
    </originUncertainty>
  </origin>
  <magnitude publicID="quakeml:eu.emsc/event/19990810_0000008/origin/1473698/mag/2">
    <mag>
      <value>1.9</value>
    </mag>
    <type>ML</type>
    <originID>quakeml:eu.emsc/event/19990810_0000008/origin/1473698</originID>
    <creationInfo>
      <agencyURI>smi:smi-registry/organization/EMSC</agencyURI>
      <authorURI>smi:smi-registry/organization/EMSC</authorURI>
    </creationInfo>
  </magnitude>
</event>
<event publicID="quakeml:eu.emsc/event/19990810_0000001">
  <preferredOriginID>quakeml:eu.emsc/event/19990810_0000001/origin/1464663</preferredOriginID>
  <preferredMagnitudeID>quakeml:eu.emsc/event/19990810_0000001/origin/1464663/mag/2</preferredMagnitudeID>
  <creationInfo>
    <agencyURI>smi:smi-registry/organization/EMSC</agencyURI>
    <authorURI>smi:smi-registry/organization/EMSC</authorURI>
    <creationTime>2014-12-03T11:15:14.620356Z</creationTime>
  </creationInfo>
  <description>
    <text>CAUCASUS REGION, RUSSIA</text>
    <type>Flinn-Engdahl region</type>
  </description>
  <origin publicID="quakeml:eu.emsc/event/19990810_0000001/origin/1464663">
    <time>
      <value>1999-08-10T18:21:25.7Z</value>
      <uncertainty>0.32</uncertainty>
    </time>
    <latitude>
      <value>43.3111</value>
      <uncertainty>11.5</uncertainty>
    </latitude>
    <longitude>
      <value>47.1019</value>
      <uncertainty>7.6</uncertainty>
    </longitude>
    <depth>
      <value>2000</value>
    </depth>
    <depthType>from location</depthType>
    <methodID>smi:eu.emsc-csem/origin_method/NA</methodID>
    <quality>
      <usedPhaseCount>16</usedPhaseCount>
      <usedStationCount>14</usedStationCount>
      <standardError>0.99</standardError>
      <azimuthalGap>114</azimuthalGap>
      <minimumDistance>0.46</minimumDistance>
      <maximumDistance>45.65</maximumDistance>
    </quality>
    <evaluationMode>manual</evaluationMode>
    <creationInfo>
      <agencyURI>smi:smi-registry/organization/EMSC</agencyURI>
      <authorURI>smi:smi-registry/organization/EMSC</authorURI>
    </creationInfo>
    <originUncertainty>
      <azimuthMaxHorizontalUncertainty>46</azimuthMaxHorizontalUncertainty>
    </originUncertainty>
  </origin>
  <magnitude publicID="quakeml:eu.emsc/event/19990810_0000001/origin/1464663/mag/2">
    <mag>
      <value>4.3</value>
    </mag>
    <type>mb</type>
    <originID>quakeml:eu.emsc/event/19990810_0000001/origin/1464663</originID>
    <stationCount>7</stationCount>
    <creationInfo>
      <agencyURI>smi:smi-registry/organization/EMSC</agencyURI>
      <authorURI>smi:smi-registry/organization/EMSC</authorURI>
    </creationInfo>
  </magnitude>
</event>
</eventParameters>
</q:quakeml>
