<?xml version="1.0"?>
<q:quakeml xmlns:q="http://quakeml.org/xmlns/quakeml/1.2"  xmlns="http://quakeml.org/xmlns/bed/1.2">
<eventParameters publicID="smi:eu.emsc/unid">
<event publicID="quakeml:eu.emsc/event/19990803_0000016">
  <preferredOriginID>quakeml:eu.emsc/event/19990803_0000016/origin/1464769</preferredOriginID>
  <preferredMagnitudeID>quakeml:eu.emsc/event/19990803_0000016/origin/1464769/mag/2</preferredMagnitudeID>
  <creationInfo>
    <agencyURI>smi:smi-registry/organization/EMSC</agencyURI>
    <authorURI>smi:smi-registry/organization/EMSC</authorURI>
    <creationTime>2014-12-03T11:59:51.224878Z</creationTime>
  </creationInfo>
  <description>
    <text>CRETE, GREECE</text>
    <type>Flinn-Engdahl region</type>
  </description>
  <origin publicID="quakeml:eu.emsc/event/19990803_0000016/origin/1464769">
    <time>
      <value>1999-08-03T22:14:36.7Z</value>
      <uncertainty>0.48</uncertainty>
    </time>
    <latitude>
      <value>35.8602</value>
      <uncertainty>14.6</uncertainty>
    </latitude>
    <longitude>
      <value>23.6269</value>
      <uncertainty>6.9</uncertainty>
    </longitude>
    <depth>
      <value>2000</value>
    </depth>
    <depthType>from location</depthType>
    <methodID>smi:eu.emsc-csem/origin_method/NA</methodID>
    <quality>
      <usedPhaseCount>13</usedPhaseCount>
      <usedStationCount>11</usedStationCount>
      <standardError>1.09</standardError>
      <azimuthalGap>177</azimuthalGap>
      <minimumDistance>0.64</minimumDistance>
      <maximumDistance>3.7</maximumDistance>
    </quality>
    <evaluationMode>manual</evaluationMode>
    <creationInfo>
      <agencyURI>smi:smi-registry/organization/EMSC</agencyURI>
      <authorURI>smi:smi-registry/organization/EMSC</authorURI>
    </creationInfo>
    <originUncertainty>
      <azimuthMaxHorizontalUncertainty>39</azimuthMaxHorizontalUncertainty>
    </originUncertainty>
  </origin>
  <magnitude publicID="quakeml:eu.emsc/event/19990803_0000016/origin/1464769/mag/2">
    <mag>
      <value>3.4</value>
    </mag>
    <type>ML</type>
    <originID>quakeml:eu.emsc/event/19990803_0000016/origin/1464769</originID>
    <creationInfo>
      <agencyURI>smi:smi-registry/organization/EMSC</agencyURI>
      <authorURI>smi:smi-registry/organization/EMSC</authorURI>
    </creationInfo>
  </magnitude>
</event>
<event publicID="quakeml:eu.emsc/event/19990803_0000015">
  <preferredOriginID>quakeml:eu.emsc/event/19990803_0000015/origin/1464772</preferredOriginID>
  <preferredMagnitudeID>quakeml:eu.emsc/event/19990803_0000015/origin/1464772/mag/2</preferredMagnitudeID>
  <creationInfo>
    <agencyURI>smi:smi-registry/organization/EMSC</agencyURI>
    <authorURI>smi:smi-registry/organization/EMSC</authorURI>
    <creationTime>2014-12-03T10:55:18.77922Z</creationTime>
  </creationInfo>
  <description>
    <text>NEAR THE COAST OF WESTERN TURKEY</text>
    <type>Flinn-Engdahl region</type>
  </description>
  <origin publicID="quakeml:eu.emsc/event/19990803_0000015/origin/1464772">
    <time>
      <value>1999-08-03T21:56:01.6Z</value>
      <uncertainty>0.25</uncertainty>
    </time>
    <latitude>
      <value>38.0479</value>
      <uncertainty>6.7</uncertainty>
    </latitude>
    <longitude>
      <value>26.8853</value>
      <uncertainty>5.8</uncertainty>
    </longitude>
    <depth>
      <value>5000</value>
    </depth>
    <depthType>from location</depthType>
    <methodID>smi:eu.emsc-csem/origin_method/NA</methodID>
    <quality>
      <usedPhaseCount>23</usedPhaseCount>
      <usedStationCount>21</usedStationCount>
      <standardError>0.97</standardError>
      <azimuthalGap>57</azimuthalGap>
      <minimumDistance>0.34</minimumDistance>
      <maximumDistance>5.34</maximumDistance>
    </quality>
    <evaluationMode>manual</evaluationMode>
    <creationInfo>
      <agencyURI>smi:smi-registry/organization/EMSC</agencyURI>
      <authorURI>smi:smi-registry/organization/EMSC</authorURI>
    </creationInfo>
    <originUncertainty>
      <azimuthMaxHorizontalUncertainty>99</azimuthMaxHorizontalUncertainty>
    </originUncertainty>
  </origin>
  <magnitude publicID="quakeml:eu.emsc/event/19990803_0000015/origin/1464772/mag/2">
    <mag>
      <value>3.7</value>
    </mag>
    <type>ML</type>
    <originID>quakeml:eu.emsc/event/19990803_0000015/origin/1464772</originID>
    <creationInfo>
      <agencyURI>smi:smi-registry/organization/EMSC</agencyURI>
      <authorURI>smi:smi-registry/organization/EMSC</authorURI>
    </creationInfo>
  </magnitude>
</event>
<event publicID="quakeml:eu.emsc/event/19990803_0000014">
  <preferredOriginID>quakeml:eu.emsc/event/19990803_0000014/origin/1464775</preferredOriginID>
  <preferredMagnitudeID>quakeml:eu.emsc/event/19990803_0000014/origin/1464775/mag/2</preferredMagnitudeID>
  <creationInfo>
    <agencyURI>smi:smi-registry/organization/EMSC</agencyURI>
    <authorURI>smi:smi-registry/organization/EMSC</authorURI>
    <creationTime>2014-12-03T11:57:51.880488Z</creationTime>
  </creationInfo>
  <description>
    <text>NEAR THE COAST OF WESTERN TURKEY</text>
    <type>Flinn-Engdahl region</type>
  </description>
  <origin publicID="quakeml:eu.emsc/event/19990803_0000014/origin/1464775">
    <time>
      <value>1999-08-03T21:54:29.6Z</value>
      <uncertainty>0.24</uncertainty>
    </time>
    <latitude>
      <value>38.5364</value>
      <uncertainty>7.5</uncertainty>
    </latitude>
    <longitude>
      <value>26.9258</value>
      <uncertainty>4.8</uncertainty>
    </longitude>
    <depth>
      <value>5000</value>
    </depth>
    <depthType>from location</depthType>
    <methodID>smi:eu.emsc-csem/origin_method/NA</methodID>
    <quality>
      <usedPhaseCount>10</usedPhaseCount>
      <usedStationCount>8</usedStationCount>
      <standardError>0.71</standardError>
      <azimuthalGap>139</azimuthalGap>
      <minimumDistance>0.3</minimumDistance>
      <maximumDistance>2.82</maximumDistance>
    </quality>
    <evaluationMode>manual</evaluationMode>
    <creationInfo>
      <agencyURI>smi:smi-registry/organization/EMSC</agencyURI>
      <authorURI>smi:smi-registry/organization/EMSC</authorURI>
    </creationInfo>
    <originUncertainty>
      <azimuthMaxHorizontalUncertainty>73</azimuthMaxHorizontalUncertainty>
    </originUncertainty>
  </origin>
  <magnitude publicID="quakeml:eu.emsc/event/19990803_0000014/origin/1464775/mag/2">
    <mag>
      <value>3.1</value>
    </mag>
    <type>MD</type>
    <originID>quakeml:eu.emsc/event/19990803_0000014/origin/1464775</originID>
    <creationInfo>
      <agencyURI>smi:smi-registry/organization/EMSC</agencyURI>
      <authorURI>smi:smi-registry/organization/EMSC</authorURI>
    </creationInfo>
  </magnitude>
</event>
<event publicID="quakeml:eu.emsc/event/19990803_0000013">
  <preferredOriginID>quakeml:eu.emsc/event/19990803_0000013/origin/1464777</preferredOriginID>
  <preferredMagnitudeID>quakeml:eu.emsc/event/19990803_0000013/origin/1464777/mag/2</preferredMagnitudeID>
  <creationInfo>
    <agencyURI>smi:smi-registry/organization/EMSC</agencyURI>
    <authorURI>smi:smi-registry/organization/EMSC</authorURI>
    <creationTime>2014-12-03T12:12:34.83395Z</creationTime>
  </creationInfo>
  <description>
    <text>SOUTHERN GREECE</text>
    <type>Flinn-Engdahl region</type>
  </description>
  <origin publicID="quakeml:eu.emsc/event/19990803_0000013/origin/1464777">
    <time>
      <value>1999-08-03T20:52:50.2Z</value>
      <uncertainty>1.04</uncertainty>
    </time>
    <latitude>
      <value>36.0881</value>
      <uncertainty>27.2</uncertainty>
    </latitude>
    <longitude>
      <value>21.6239</value>
      <uncertainty>9.2</uncertainty>
    </longitude>
    <depth>
      <value>10000</value>
    </depth>
    <depthType>from location</depthType>
    <methodID>smi:eu.emsc-csem/origin_method/NA</methodID>
    <quality>
      <usedPhaseCount>14</usedPhaseCount>
      <usedStationCount>12</usedStationCount>
      <standardError>0.85</standardError>
      <azimuthalGap>236</azimuthalGap>
      <minimumDistance>1.12</minimumDistance>
      <maximumDistance>5.28</maximumDistance>
    </quality>
    <evaluationMode>manual</evaluationMode>
    <creationInfo>
      <agencyURI>smi:smi-registry/organization/EMSC</agencyURI>
      <authorURI>smi:smi-registry/organization/EMSC</authorURI>
    </creationInfo>
    <originUncertainty>
      <azimuthMaxHorizontalUncertainty>40</azimuthMaxHorizontalUncertainty>
    </originUncertainty>
  </origin>
  <magnitude publicID="quakeml:eu.emsc/event/19990803_0000013/origin/1464777/mag/2">
    <mag>
      <value>3.8</value>
    </mag>
    <type>ML</type>
    <originID>quakeml:eu.emsc/event/19990803_0000013/origin/1464777</originID>
    <creationInfo>
      <agencyURI>smi:smi-registry/organization/EMSC</agencyURI>
      <authorURI>smi:smi-registry/organization/EMSC</authorURI>
    </creationInfo>
  </magnitude>
</event>
<event publicID="quakeml:eu.emsc/event/19990803_0000011">
  <preferredOriginID>quakeml:eu.emsc/event/19990803_0000011/origin/1464780</preferredOriginID>
  <preferredMagnitudeID>quakeml:eu.emsc/event/19990803_0000011/origin/1464780/mag/1</preferredMagnitudeID>
  <creationInfo>
    <agencyURI>smi:smi-registry/organization/EMSC</agencyURI>
    <authorURI>smi:smi-registry/organization/EMSC</authorURI>
    <creationTime>2014-12-03T10:28:48.948511Z</creationTime>
  </creationInfo>
  <description>
    <text>SOUTHERN IRAN</text>
    <type>Flinn-Engdahl region</type>
  </description>
  <origin publicID="quakeml:eu.emsc/event/19990803_0000011/origin/1464780">
    <time>
      <value>1999-08-03T19:07:30.5Z</value>
      <uncertainty>1.15</uncertainty>
    </time>
    <latitude>
      <value>29.443</value>
      <uncertainty>54.9</uncertainty>
    </latitude>
    <longitude>
      <value>51.787</value>
      <uncertainty>12.5</uncertainty>
    </longitude>
    <depth>
      <value>33000</value>
    </depth>
    <depthType>from location</depthType>
    <methodID>smi:eu.emsc-csem/origin_method/NA</methodID>
    <quality>
      <usedPhaseCount>19</usedPhaseCount>
      <usedStationCount>19</usedStationCount>
      <standardError>0.63</standardError>
      <azimuthalGap>267</azimuthalGap>
      <minimumDistance>16.2</minimumDistance>
      <maximumDistance>87.74</maximumDistance>
    </quality>
    <evaluationMode>manual</evaluationMode>
    <creationInfo>
      <agencyURI>smi:smi-registry/organization/EMSC</agencyURI>
      <authorURI>smi:smi-registry/organization/EMSC</authorURI>
    </creationInfo>
    <originUncertainty>
      <azimuthMaxHorizontalUncertainty>172</azimuthMaxHorizontalUncertainty>
    </originUncertainty>
  </origin>
  <magnitude publicID="quakeml:eu.emsc/event/19990803_0000011/origin/1464780/mag/1">
    <mag>
      <value>4.1</value>
      <uncertainty>0.2</uncertainty>
    </mag>
    <type>mb</type>
    <originID>quakeml:eu.emsc/event/19990803_0000011/origin/1464780</originID>
    <stationCount>12</stationCount>
    <creationInfo>
      <agencyURI>smi:smi-registry/organization/EMSC</agencyURI>
      <authorURI>smi:smi-registry/organization/EMSC</authorURI>
    </creationInfo>
  </magnitude>
</event>
<event publicID="quakeml:eu.emsc/event/19990803_0000012">
  <preferredOriginID>quakeml:eu.emsc/event/19990803_0000012/origin/1473752</preferredOriginID>
  <preferredMagnitudeID>quakeml:eu.emsc/event/19990803_0000012/origin/1473752/mag/2</preferredMagnitudeID>
  <creationInfo>
    <agencyURI>smi:smi-registry/organization/EMSC</agencyURI>
    <authorURI>smi:smi-registry/organization/EMSC</authorURI>
    <creationTime>2014-12-11T21:43:31.249969Z</creationTime>
  </creationInfo>
  <description>
    <text>CENTRAL ITALY</text>
    <type>Flinn-Engdahl region</type>
  </description>
  <origin publicID="quakeml:eu.emsc/event/19990803_0000012/origin/1473752">
    <time>
      <value>1999-08-03T18:36:10.3Z</value>
    </time>
    <latitude>
      <value>42.341</value>
      <uncertainty>9999.9</uncertainty>
    </latitude>
    <longitude>
      <value>12.783</value>
      <uncertainty>9999.9</uncertainty>
    </longitude>
    <depth>
      <value>7300.0</value>
    </depth>
    <depthType>from location</depthType>
    <methodID>smi:eu.emsc-csem/origin_method/NA</methodID>
    <quality>
      <usedPhaseCount>17</usedPhaseCount>
      <usedStationCount>10</usedStationCount>
      <standardError>1.33</standardError>
      <azimuthalGap>115</azimuthalGap>
      <minimumDistance>0.09</minimumDistance>
      <maximumDistance>1.35</maximumDistance>
    </quality>
    <evaluationMode>manual</evaluationMode>
    <creationInfo>
      <agencyURI>smi:smi-registry/organization/EMSC</agencyURI>
      <authorURI>smi:smi-registry/organization/EMSC</authorURI>
    </creationInfo>
    <originUncertainty>
      <azimuthMaxHorizontalUncertainty>-99</azimuthMaxHorizontalUncertainty>
    </originUncertainty>
  </origin>
  <magnitude publicID="quakeml:eu.emsc/event/19990803_0000012/origin/1473752/mag/2">
    <mag>
      <value>2.8</value>
    </mag>
    <type>ML</type>
    <originID>quakeml:eu.emsc/event/19990803_0000012/origin/1473752</originID>
    <stationCount>1</stationCount>
    <creationInfo>
      <agencyURI>smi:smi-registry/organization/EMSC</agencyURI>
      <authorURI>smi:smi-registry/organization/EMSC</authorURI>
    </creationInfo>
  </magnitude>
</event>
<event publicID="quakeml:eu.emsc/event/19990803_0000010">
  <preferredOriginID>quakeml:eu.emsc/event/19990803_0000010/origin/1464782</preferredOriginID>
  <preferredMagnitudeID>quakeml:eu.emsc/event/19990803_0000010/origin/1464782/mag/2</preferredMagnitudeID>
  <creationInfo>
    <agencyURI>smi:smi-registry/organization/EMSC</agencyURI>
    <authorURI>smi:smi-registry/organization/EMSC</authorURI>
    <creationTime>2014-12-03T10:23:10.231995Z</creationTime>
  </creationInfo>
  <description>
    <text>GREECE</text>
    <type>Flinn-Engdahl region</type>
  </description>
  <origin publicID="quakeml:eu.emsc/event/19990803_0000010/origin/1464782">
    <time>
      <value>1999-08-03T14:43:38.1Z</value>
      <uncertainty>0.27</uncertainty>
    </time>
    <latitude>
      <value>40.8943</value>
      <uncertainty>6.3</uncertainty>
    </latitude>
    <longitude>
      <value>22.4886</value>
      <uncertainty>4.8</uncertainty>
    </longitude>
    <depth>
      <value>12000</value>
    </depth>
    <depthType>from location</depthType>
    <methodID>smi:eu.emsc-csem/origin_method/NA</methodID>
    <quality>
      <usedPhaseCount>14</usedPhaseCount>
      <usedStationCount>7</usedStationCount>
      <standardError>0.88</standardError>
      <azimuthalGap>87</azimuthalGap>
      <minimumDistance>0.09</minimumDistance>
      <maximumDistance>1.27</maximumDistance>
    </quality>
    <evaluationMode>manual</evaluationMode>
    <creationInfo>
      <agencyURI>smi:smi-registry/organization/EMSC</agencyURI>
      <authorURI>smi:smi-registry/organization/EMSC</authorURI>
    </creationInfo>
    <originUncertainty>
      <azimuthMaxHorizontalUncertainty>30</azimuthMaxHorizontalUncertainty>
    </originUncertainty>
  </origin>
  <magnitude publicID="quakeml:eu.emsc/event/19990803_0000010/origin/1464782/mag/2">
    <mag>
      <value>1.9</value>
    </mag>
    <type>ML</type>
    <originID>quakeml:eu.emsc/event/19990803_0000010/origin/1464782</originID>
    <creationInfo>
      <agencyURI>smi:smi-registry/organization/EMSC</agencyURI>
      <authorURI>smi:smi-registry/organization/EMSC</authorURI>
    </creationInfo>
  </magnitude>
</event>
<event publicID="quakeml:eu.emsc/event/19990803_0000009">
  <preferredOriginID>quakeml:eu.emsc/event/19990803_0000009/origin/1464784</preferredOriginID>
  <preferredMagnitudeID>quakeml:eu.emsc/event/19990803_0000009/origin/1464784/mag/2</preferredMagnitudeID>
  <creationInfo>
    <agencyURI>smi:smi-registry/organization/EMSC</agencyURI>
    <authorURI>smi:smi-registry/organization/EMSC</authorURI>
    <creationTime>2014-12-03T11:22:22.32796Z</creationTime>
  </creationInfo>
  <description>
    <text>GREECE</text>
    <type>Flinn-Engdahl region</type>
  </description>
  <origin publicID="quakeml:eu.emsc/event/19990803_0000009/origin/1464784">
    <time>
      <value>1999-08-03T14:42:44.3Z</value>
      <uncertainty>0.3</uncertainty>
    </time>
    <latitude>
      <value>40.9183</value>
      <uncertainty>6.6</uncertainty>
    </latitude>
    <longitude>
      <value>22.4877</value>
      <uncertainty>5.2</uncertainty>
    </longitude>
    <depth>
      <value>19000</value>
      <uncertainty>0.3</uncertainty>
    </depth>
    <depthType>from location</depthType>
    <methodID>smi:eu.emsc-csem/origin_method/NA</methodID>
    <quality>
      <usedPhaseCount>16</usedPhaseCount>
      <usedStationCount>8</usedStationCount>
      <standardError>1.02</standardError>
      <azimuthalGap>89</azimuthalGap>
      <minimumDistance>0.08</minimumDistance>
      <maximumDistance>1.34</maximumDistance>
    </quality>
    <evaluationMode>manual</evaluationMode>
    <creationInfo>
      <agencyURI>smi:smi-registry/organization/EMSC</agencyURI>
      <authorURI>smi:smi-registry/organization/EMSC</authorURI>
    </creationInfo>
    <originUncertainty>
      <azimuthMaxHorizontalUncertainty>14</azimuthMaxHorizontalUncertainty>
    </originUncertainty>
  </origin>
  <magnitude publicID="quakeml:eu.emsc/event/19990803_0000009/origin/1464784/mag/2">
    <mag>
      <value>2.1</value>
    </mag>
    <type>ML</type>
    <originID>quakeml:eu.emsc/event/19990803_0000009/origin/1464784</originID>
    <creationInfo>
      <agencyURI>smi:smi-registry/organization/EMSC</agencyURI>
      <authorURI>smi:smi-registry/organization/EMSC</authorURI>
    </creationInfo>
  </magnitude>
</event>
<event publicID="quakeml:eu.emsc/event/19990803_0000018">
  <preferredOriginID>quakeml:eu.emsc/event/19990803_0000018/origin/1476970</preferredOriginID>
  <preferredMagnitudeID>quakeml:eu.emsc/event/19990803_0000018/origin/1476970/mag/2</preferredMagnitudeID>
  <creationInfo>
    <agencyURI>smi:smi-registry/organization/EMSC</agencyURI>
    <authorURI>smi:smi-registry/organization/EMSC</authorURI>
    <creationTime>2014-12-10T13:03:26.16413Z</creationTime>
  </creationInfo>
  <description>
    <text>SWITZERLAND</text>
    <type>Flinn-Engdahl region</type>
  </description>
  <origin publicID="quakeml:eu.emsc/event/19990803_0000018/origin/1476970">
    <time>
      <value>1999-08-03T14:06:14.1Z</value>
    </time>
    <latitude>
      <value>46.979</value>
      <uncertainty>9999.9</uncertainty>
    </latitude>
    <longitude>
      <value>8.344</value>
      <uncertainty>9999.9</uncertainty>
    </longitude>
    <depth>
      <value>200.0</value>
    </depth>
    <depthType>from location</depthType>
    <methodID>smi:eu.emsc-csem/origin_method/NA</methodID>
    <quality>
      <usedPhaseCount>11</usedPhaseCount>
      <usedStationCount>6</usedStationCount>
      <standardError>2.53</standardError>
      <azimuthalGap>120</azimuthalGap>
      <minimumDistance>0.08</minimumDistance>
      <maximumDistance>0.79</maximumDistance>
    </quality>
    <evaluationMode>manual</evaluationMode>
    <creationInfo>
      <agencyURI>smi:smi-registry/organization/EMSC</agencyURI>
      <authorURI>smi:smi-registry/organization/EMSC</authorURI>
    </creationInfo>
    <originUncertainty>
      <azimuthMaxHorizontalUncertainty>-99</azimuthMaxHorizontalUncertainty>
    </originUncertainty>
  </origin>
  <magnitude publicID="quakeml:eu.emsc/event/19990803_0000018/origin/1476970/mag/2">
    <mag>
      <value>1.1</value>
    </mag>
    <type>ML</type>
    <originID>quakeml:eu.emsc/event/19990803_0000018/origin/1476970</originID>
    <stationCount>6</stationCount>
    <creationInfo>
      <agencyURI>smi:smi-registry/organization/EMSC</agencyURI>
      <authorURI>smi:smi-registry/organization/EMSC</authorURI>
    </creationInfo>
  </magnitude>
</event>
<event publicID="quakeml:eu.emsc/event/19990803_0000008">
  <preferredOriginID>quakeml:eu.emsc/event/19990803_0000008/origin/1464788</preferredOriginID>
  <preferredMagnitudeID>quakeml:eu.emsc/event/19990803_0000008/origin/1464788/mag/3</preferredMagnitudeID>
  <creationInfo>
    <agencyURI>smi:smi-registry/organization/EMSC</agencyURI>
    <authorURI>smi:smi-registry/organization/EMSC</authorURI>
    <creationTime>2014-12-03T10:35:23.36101Z</creationTime>
  </creationInfo>
  <description>
    <text>NORWEGIAN SEA</text>
    <type>Flinn-Engdahl region</type>
  </description>
  <origin publicID="quakeml:eu.emsc/event/19990803_0000008/origin/1464788">
    <time>
      <value>1999-08-03T13:55:42.8Z</value>
      <uncertainty>0.09</uncertainty>
    </time>
    <latitude>
      <value>72.2162</value>
      <uncertainty>6.8</uncertainty>
    </latitude>
    <longitude>
      <value>0.3408</value>
      <uncertainty>2.6</uncertainty>
    </longitude>
    <depth>
      <value>10000</value>
    </depth>
    <depthType>from location</depthType>
    <methodID>smi:eu.emsc-csem/origin_method/NA</methodID>
    <quality>
      <usedPhaseCount>186</usedPhaseCount>
      <usedStationCount>179</usedStationCount>
      <standardError>0.83</standardError>
      <azimuthalGap>71</azimuthalGap>
      <minimumDistance>7.22</minimumDistance>
      <maximumDistance>67.9</maximumDistance>
    </quality>
    <evaluationMode>manual</evaluationMode>
    <creationInfo>
      <agencyURI>smi:smi-registry/organization/EMSC</agencyURI>
      <authorURI>smi:smi-registry/organization/EMSC</authorURI>
    </creationInfo>
    <originUncertainty>
      <azimuthMaxHorizontalUncertainty>64</azimuthMaxHorizontalUncertainty>
    </originUncertainty>
  </origin>
  <magnitude publicID="quakeml:eu.emsc/event/19990803_0000008/origin/1464788/mag/3">
    <mag>
      <value>5</value>
      <uncertainty>0.3</uncertainty>
    </mag>
    <type>mb</type>
    <originID>quakeml:eu.emsc/event/19990803_0000008/origin/1464788</originID>
    <stationCount>70</stationCount>
    <creationInfo>
      <agencyURI>smi:smi-registry/organization/EMSC</agencyURI>
      <authorURI>smi:smi-registry/organization/EMSC</authorURI>
    </creationInfo>
  </magnitude>
</event>
<event publicID="quakeml:eu.emsc/event/19990803_0000007">
  <preferredOriginID>quakeml:eu.emsc/event/19990803_0000007/origin/1464790</preferredOriginID>
  <preferredMagnitudeID>quakeml:eu.emsc/event/19990803_0000007/origin/1464790/mag/2</preferredMagnitudeID>
  <creationInfo>
    <agencyURI>smi:smi-registry/organization/EMSC</agencyURI>
    <authorURI>smi:smi-registry/organization/EMSC</authorURI>
    <creationTime>2014-12-03T10:19:50.843153Z</creationTime>
  </creationInfo>
  <description>
    <text>CRETE, GREECE</text>
    <type>Flinn-Engdahl region</type>
  </description>
  <origin publicID="quakeml:eu.emsc/event/19990803_0000007/origin/1464790">
    <time>
      <value>1999-08-03T11:43:42.9Z</value>
      <uncertainty>0.55</uncertainty>
    </time>
    <latitude>
      <value>35.7109</value>
      <uncertainty>14.7</uncertainty>
    </latitude>
    <longitude>
      <value>25.8442</value>
      <uncertainty>9.9</uncertainty>
    </longitude>
    <depth>
      <value>10000</value>
    </depth>
    <depthType>from location</depthType>
    <methodID>smi:eu.emsc-csem/origin_method/NA</methodID>
    <quality>
      <usedPhaseCount>10</usedPhaseCount>
      <usedStationCount>8</usedStationCount>
      <standardError>1.22</standardError>
      <azimuthalGap>128</azimuthalGap>
      <minimumDistance>0.49</minimumDistance>
      <maximumDistance>4.33</maximumDistance>
    </quality>
    <evaluationMode>manual</evaluationMode>
    <creationInfo>
      <agencyURI>smi:smi-registry/organization/EMSC</agencyURI>
      <authorURI>smi:smi-registry/organization/EMSC</authorURI>
    </creationInfo>
    <originUncertainty>
      <azimuthMaxHorizontalUncertainty>107</azimuthMaxHorizontalUncertainty>
    </originUncertainty>
  </origin>
  <magnitude publicID="quakeml:eu.emsc/event/19990803_0000007/origin/1464790/mag/2">
    <mag>
      <value>3.5</value>
    </mag>
    <type>MD</type>
    <originID>quakeml:eu.emsc/event/19990803_0000007/origin/1464790</originID>
    <creationInfo>
      <agencyURI>smi:smi-registry/organization/EMSC</agencyURI>
      <authorURI>smi:smi-registry/organization/EMSC</authorURI>
    </creationInfo>
  </magnitude>
</event>
<event publicID="quakeml:eu.emsc/event/19990803_0000006">
  <preferredOriginID>quakeml:eu.emsc/event/19990803_0000006/origin/1464792</preferredOriginID>
  <preferredMagnitudeID>quakeml:eu.emsc/event/19990803_0000006/origin/1464792/mag/2</preferredMagnitudeID>
  <creationInfo>
    <agencyURI>smi:smi-registry/organization/EMSC</agencyURI>
    <authorURI>smi:smi-registry/organization/EMSC</authorURI>
    <creationTime>2014-12-03T10:53:20.249353Z</creationTime>
  </creationInfo>
  <description>
    <text>GREECE</text>
    <type>Flinn-Engdahl region</type>
  </description>
  <origin publicID="quakeml:eu.emsc/event/19990803_0000006/origin/1464792">
    <time>
      <value>1999-08-03T11:33:25.7Z</value>
      <uncertainty>0.41</uncertainty>
    </time>
    <latitude>
      <value>39.221</value>
      <uncertainty>11.7</uncertainty>
    </latitude>
    <longitude>
      <value>21.4276</value>
      <uncertainty>9.1</uncertainty>
    </longitude>
    <depth>
      <value>9100.0</value>
      <uncertainty>6</uncertainty>
    </depth>
    <depthType>from location</depthType>
    <methodID>smi:eu.emsc-csem/origin_method/NA</methodID>
    <quality>
      <usedPhaseCount>7</usedPhaseCount>
      <usedStationCount>7</usedStationCount>
      <standardError>0.57</standardError>
      <azimuthalGap>82</azimuthalGap>
      <minimumDistance>0.42</minimumDistance>
      <maximumDistance>1.89</maximumDistance>
    </quality>
    <evaluationMode>manual</evaluationMode>
    <creationInfo>
      <agencyURI>smi:smi-registry/organization/EMSC</agencyURI>
      <authorURI>smi:smi-registry/organization/EMSC</authorURI>
    </creationInfo>
    <originUncertainty>
      <azimuthMaxHorizontalUncertainty>13</azimuthMaxHorizontalUncertainty>
    </originUncertainty>
  </origin>
  <magnitude publicID="quakeml:eu.emsc/event/19990803_0000006/origin/1464792/mag/2">
    <mag>
      <value>2.7</value>
    </mag>
    <type>MD</type>
    <originID>quakeml:eu.emsc/event/19990803_0000006/origin/1464792</originID>
    <creationInfo>
      <agencyURI>smi:smi-registry/organization/EMSC</agencyURI>
      <authorURI>smi:smi-registry/organization/EMSC</authorURI>
    </creationInfo>
  </magnitude>
</event>
<event publicID="quakeml:eu.emsc/event/19990803_0000005">
  <preferredOriginID>quakeml:eu.emsc/event/19990803_0000005/origin/1464797</preferredOriginID>
  <preferredMagnitudeID>quakeml:eu.emsc/event/19990803_0000005/origin/1464797/mag/1</preferredMagnitudeID>
  <creationInfo>
    <agencyURI>smi:smi-registry/organization/EMSC</agencyURI>
    <authorURI>smi:smi-registry/organization/EMSC</authorURI>
    <creationTime>2014-12-03T10:23:14.296511Z</creationTime>
  </creationInfo>
  <description>
    <text>STRAIT OF GIBRALTAR</text>
    <type>Flinn-Engdahl region</type>
  </description>
  <origin publicID="quakeml:eu.emsc/event/19990803_0000005/origin/1464797">
    <time>
      <value>1999-08-03T09:59:05.4Z</value>
      <uncertainty>0.24</uncertainty>
    </time>
    <latitude>
      <value>35.5284</value>
      <uncertainty>5.3</uncertainty>
    </latitude>
    <longitude>
      <value>-4.8284</value>
      <uncertainty>3.8</uncertainty>
    </longitude>
    <depth>
      <value>40000</value>
    </depth>
    <depthType>from location</depthType>
    <methodID>smi:eu.emsc-csem/origin_method/NA</methodID>
    <quality>
      <usedPhaseCount>68</usedPhaseCount>
      <usedStationCount>40</usedStationCount>
      <standardError>1.08</standardError>
      <azimuthalGap>110</azimuthalGap>
      <minimumDistance>1.06</minimumDistance>
      <maximumDistance>7.09</maximumDistance>
    </quality>
    <evaluationMode>manual</evaluationMode>
    <creationInfo>
      <agencyURI>smi:smi-registry/organization/EMSC</agencyURI>
      <authorURI>smi:smi-registry/organization/EMSC</authorURI>
    </creationInfo>
    <originUncertainty>
      <azimuthMaxHorizontalUncertainty>5</azimuthMaxHorizontalUncertainty>
    </originUncertainty>
  </origin>
  <magnitude publicID="quakeml:eu.emsc/event/19990803_0000005/origin/1464797/mag/1">
    <mag>
      <value>3.3</value>
      <uncertainty>0.3</uncertainty>
    </mag>
    <type>ML</type>
    <originID>quakeml:eu.emsc/event/19990803_0000005/origin/1464797</originID>
    <stationCount>8</stationCount>
    <creationInfo>
      <agencyURI>smi:smi-registry/organization/EMSC</agencyURI>
      <authorURI>smi:smi-registry/organization/EMSC</authorURI>
    </creationInfo>
  </magnitude>
</event>
<event publicID="quakeml:eu.emsc/event/19990803_0000001">
  <preferredOriginID>quakeml:eu.emsc/event/19990803_0000001/origin/1464801</preferredOriginID>
  <preferredMagnitudeID>quakeml:eu.emsc/event/19990803_0000001/origin/1464801/mag/2</preferredMagnitudeID>
  <creationInfo>
    <agencyURI>smi:smi-registry/organization/EMSC</agencyURI>
    <authorURI>smi:smi-registry/organization/EMSC</authorURI>
    <creationTime>2014-12-03T11:51:26.337561Z</creationTime>
  </creationInfo>
  <description>
    <text>WESTERN TURKEY</text>
    <type>Flinn-Engdahl region</type>
  </description>
  <origin publicID="quakeml:eu.emsc/event/19990803_0000001/origin/1464801">
    <time>
      <value>1999-08-03T09:48:19.0Z</value>
      <uncertainty>0.16</uncertainty>
    </time>
    <latitude>
      <value>39.3471</value>
      <uncertainty>4.5</uncertainty>
    </latitude>
    <longitude>
      <value>27.8826</value>
      <uncertainty>3</uncertainty>
    </longitude>
    <depth>
      <value>5000</value>
    </depth>
    <depthType>from location</depthType>
    <methodID>smi:eu.emsc-csem/origin_method/NA</methodID>
    <quality>
      <usedPhaseCount>25</usedPhaseCount>
      <usedStationCount>19</usedStationCount>
      <standardError>0.81</standardError>
      <azimuthalGap>108</azimuthalGap>
      <minimumDistance>0.63</minimumDistance>
      <maximumDistance>3.16</maximumDistance>
    </quality>
    <evaluationMode>manual</evaluationMode>
    <creationInfo>
      <agencyURI>smi:smi-registry/organization/EMSC</agencyURI>
      <authorURI>smi:smi-registry/organization/EMSC</authorURI>
    </creationInfo>
    <originUncertainty>
      <azimuthMaxHorizontalUncertainty>135</azimuthMaxHorizontalUncertainty>
    </originUncertainty>
  </origin>
  <magnitude publicID="quakeml:eu.emsc/event/19990803_0000001/origin/1464801/mag/2">
    <mag>
      <value>3.4</value>
    </mag>
    <type>MD</type>
    <originID>quakeml:eu.emsc/event/19990803_0000001/origin/1464801</originID>
    <creationInfo>
      <agencyURI>smi:smi-registry/organization/EMSC</agencyURI>
      <authorURI>smi:smi-registry/organization/EMSC</authorURI>
    </creationInfo>
  </magnitude>
</event>
<event publicID="quakeml:eu.emsc/event/19990803_0000004">
  <preferredOriginID>quakeml:eu.emsc/event/19990803_0000004/origin/1473754</preferredOriginID>
  <preferredMagnitudeID>quakeml:eu.emsc/event/19990803_0000004/origin/1473754/mag/2</preferredMagnitudeID>
  <creationInfo>
    <agencyURI>smi:smi-registry/organization/EMSC</agencyURI>
    <authorURI>smi:smi-registry/organization/EMSC</authorURI>
    <creationTime>2014-12-11T21:39:36.738035Z</creationTime>
  </creationInfo>
  <description>
    <text>SOUTHERN GREECE</text>
    <type>Flinn-Engdahl region</type>
  </description>
  <origin publicID="quakeml:eu.emsc/event/19990803_0000004/origin/1473754">
    <time>
      <value>1999-08-03T09:43:23.8Z</value>
    </time>
    <latitude>
      <value>37.7</value>
      <uncertainty>9999.9</uncertainty>
    </latitude>
    <longitude>
      <value>23.84</value>
      <uncertainty>9999.9</uncertainty>
    </longitude>
    <depth>
      <value>37000</value>
    </depth>
    <depthType>from location</depthType>
    <methodID>smi:eu.emsc-csem/origin_method/NA</methodID>
    <quality>
      <usedPhaseCount>7</usedPhaseCount>
      <usedStationCount>7</usedStationCount>
      <standardError>1.45</standardError>
      <azimuthalGap>208</azimuthalGap>
      <minimumDistance>1.11</minimumDistance>
      <maximumDistance>2.61</maximumDistance>
    </quality>
    <evaluationMode>manual</evaluationMode>
    <creationInfo>
      <agencyURI>smi:smi-registry/organization/EMSC</agencyURI>
      <authorURI>smi:smi-registry/organization/EMSC</authorURI>
    </creationInfo>
    <originUncertainty>
      <azimuthMaxHorizontalUncertainty>-99</azimuthMaxHorizontalUncertainty>
    </originUncertainty>
  </origin>
  <magnitude publicID="quakeml:eu.emsc/event/19990803_0000004/origin/1473754/mag/2">
    <mag>
      <value>3</value>
    </mag>
    <type>MD</type>
    <originID>quakeml:eu.emsc/event/19990803_0000004/origin/1473754</originID>
    <creationInfo>
      <agencyURI>smi:smi-registry/organization/EMSC</agencyURI>
      <authorURI>smi:smi-registry/organization/EMSC</authorURI>
    </creationInfo>
  </magnitude>
</event>
<event publicID="quakeml:eu.emsc/event/19990803_0000003">
  <preferredOriginID>quakeml:eu.emsc/event/19990803_0000003/origin/1473756</preferredOriginID>
  <preferredMagnitudeID>quakeml:eu.emsc/event/19990803_0000003/origin/1473756/mag/2</preferredMagnitudeID>
  <creationInfo>
    <agencyURI>smi:smi-registry/organization/EMSC</agencyURI>
    <authorURI>smi:smi-registry/organization/EMSC</authorURI>
    <creationTime>2014-12-11T21:39:07.154766Z</creationTime>
  </creationInfo>
  <description>
    <text>ROMANIA</text>
    <type>Flinn-Engdahl region</type>
  </description>
  <origin publicID="quakeml:eu.emsc/event/19990803_0000003/origin/1473756">
    <time>
      <value>1999-08-03T08:07:05.3Z</value>
    </time>
    <latitude>
      <value>45.635</value>
      <uncertainty>9999.9</uncertainty>
    </latitude>
    <longitude>
      <value>26.501</value>
      <uncertainty>9999.9</uncertainty>
    </longitude>
    <depth>
      <value>139900.0</value>
    </depth>
    <depthType>from location</depthType>
    <methodID>smi:eu.emsc-csem/origin_method/NA</methodID>
    <quality>
      <usedPhaseCount>14</usedPhaseCount>
      <usedStationCount>7</usedStationCount>
      <standardError>0.79</standardError>
      <azimuthalGap>144</azimuthalGap>
      <minimumDistance>0.28</minimumDistance>
      <maximumDistance>1.51</maximumDistance>
    </quality>
    <evaluationMode>manual</evaluationMode>
    <creationInfo>
      <agencyURI>smi:smi-registry/organization/EMSC</agencyURI>
      <authorURI>smi:smi-registry/organization/EMSC</authorURI>
    </creationInfo>
    <originUncertainty>
      <azimuthMaxHorizontalUncertainty>-99</azimuthMaxHorizontalUncertainty>
    </originUncertainty>
  </origin>
  <magnitude publicID="quakeml:eu.emsc/event/19990803_0000003/origin/1473756/mag/2">
    <mag>
      <value>3.4</value>
    </mag>
    <type>MD</type>
    <originID>quakeml:eu.emsc/event/19990803_0000003/origin/1473756</originID>
    <stationCount>5</stationCount>
    <creationInfo>
      <agencyURI>smi:smi-registry/organization/EMSC</agencyURI>
      <authorURI>smi:smi-registry/organization/EMSC</authorURI>
    </creationInfo>
  </magnitude>
</event>
<event publicID="quakeml:eu.emsc/event/19990803_0000002">
  <preferredOriginID>quakeml:eu.emsc/event/19990803_0000002/origin/1473758</preferredOriginID>
  <preferredMagnitudeID>quakeml:eu.emsc/event/19990803_0000002/origin/1473758/mag/2</preferredMagnitudeID>
  <creationInfo>
    <agencyURI>smi:smi-registry/organization/EMSC</agencyURI>
    <authorURI>smi:smi-registry/organization/EMSC</authorURI>
    <creationTime>2014-12-11T21:38:40.20503Z</creationTime>
  </creationInfo>
  <description>
    <text>WESTERN TURKEY</text>
    <type>Flinn-Engdahl region</type>
  </description>
  <origin publicID="quakeml:eu.emsc/event/19990803_0000002/origin/1473758">
    <time>
      <value>1999-08-03T07:55:26.8Z</value>
    </time>
    <latitude>
      <value>39.346</value>
      <uncertainty>9999.9</uncertainty>
    </latitude>
    <longitude>
      <value>27.969</value>
      <uncertainty>9999.9</uncertainty>
    </longitude>
    <depth>
      <value>7000</value>
    </depth>
    <depthType>from location</depthType>
    <methodID>smi:eu.emsc-csem/origin_method/NA</methodID>
    <quality>
      <usedPhaseCount>9</usedPhaseCount>
      <usedStationCount>5</usedStationCount>
      <standardError>1.25</standardError>
      <azimuthalGap>292</azimuthalGap>
      <minimumDistance>0.57</minimumDistance>
      <maximumDistance>1.52</maximumDistance>
    </quality>
    <evaluationMode>manual</evaluationMode>
    <creationInfo>
      <agencyURI>smi:smi-registry/organization/EMSC</agencyURI>
      <authorURI>smi:smi-registry/organization/EMSC</authorURI>
    </creationInfo>
    <originUncertainty>
      <azimuthMaxHorizontalUncertainty>-99</azimuthMaxHorizontalUncertainty>
    </originUncertainty>
  </origin>
  <magnitude publicID="quakeml:eu.emsc/event/19990803_0000002/origin/1473758/mag/2">
    <mag>
      <value>2.9</value>
    </mag>
    <type>MD</type>
    <originID>quakeml:eu.emsc/event/19990803_0000002/origin/1473758</originID>
    <creationInfo>
      <agencyURI>smi:smi-registry/organization/EMSC</agencyURI>
      <authorURI>smi:smi-registry/organization/EMSC</authorURI>
    </creationInfo>
  </magnitude>
</event>
<event publicID="quakeml:eu.emsc/event/19990803_0000025">
  <preferredOriginID>quakeml:eu.emsc/event/19990803_0000025/origin/1463511</preferredOriginID>
  <preferredMagnitudeID>quakeml:eu.emsc/event/19990803_0000025/origin/1463511/mag/1</preferredMagnitudeID>
  <creationInfo>
    <agencyURI>smi:smi-registry/organization/EMSC</agencyURI>
    <authorURI>smi:smi-registry/organization/EMSC</authorURI>
    <creationTime>2014-12-03T16:46:05.336326Z</creationTime>
  </creationInfo>
  <description>
    <text>NORTHERN ITALY</text>
    <type>Flinn-Engdahl region</type>
  </description>
  <origin publicID="quakeml:eu.emsc/event/19990803_0000025/origin/1463511">
    <time>
      <value>1999-08-03T07:49:35.0Z</value>
      <uncertainty>0.44</uncertainty>
    </time>
    <latitude>
      <value>44.3233</value>
      <uncertainty>9</uncertainty>
    </latitude>
    <longitude>
      <value>7.5883</value>
      <uncertainty>2.9</uncertainty>
    </longitude>
    <depth>
      <value>10000</value>
    </depth>
    <depthType>from location</depthType>
    <methodID>smi:eu.emsc-csem/origin_method/NA</methodID>
    <quality>
      <usedPhaseCount>18</usedPhaseCount>
      <usedStationCount>11</usedStationCount>
      <standardError>0.51</standardError>
      <azimuthalGap>220</azimuthalGap>
      <minimumDistance>0.35</minimumDistance>
      <maximumDistance>1.34</maximumDistance>
    </quality>
    <evaluationMode>manual</evaluationMode>
    <creationInfo>
      <agencyURI>smi:smi-registry/organization/EMSC</agencyURI>
      <authorURI>smi:smi-registry/organization/EMSC</authorURI>
    </creationInfo>
    <originUncertainty>
      <azimuthMaxHorizontalUncertainty>81</azimuthMaxHorizontalUncertainty>
    </originUncertainty>
  </origin>
  <magnitude publicID="quakeml:eu.emsc/event/19990803_0000025/origin/1463511/mag/1">
    <mag>
      <value>1.8</value>
      <uncertainty>0.4</uncertainty>
    </mag>
    <type>ML</type>
    <originID>quakeml:eu.emsc/event/19990803_0000025/origin/1463511</originID>
    <stationCount>7</stationCount>
    <creationInfo>
      <agencyURI>smi:smi-registry/organization/EMSC</agencyURI>
      <authorURI>smi:smi-registry/organization/EMSC</authorURI>
    </creationInfo>
  </magnitude>
</event>
<event publicID="quakeml:eu.emsc/event/19990803_0000022">
  <preferredOriginID>quakeml:eu.emsc/event/19990803_0000022/origin/1473760</preferredOriginID>
  <preferredMagnitudeID>quakeml:eu.emsc/event/19990803_0000022/origin/1473760/mag/2</preferredMagnitudeID>
  <creationInfo>
    <agencyURI>smi:smi-registry/organization/EMSC</agencyURI>
    <authorURI>smi:smi-registry/organization/EMSC</authorURI>
    <creationTime>2014-12-10T13:03:24.856916Z</creationTime>
  </creationInfo>
  <description>
    <text>NEAR SOUTH COAST OF FRANCE</text>
    <type>Flinn-Engdahl region</type>
  </description>
  <origin publicID="quakeml:eu.emsc/event/19990803_0000022/origin/1473760">
    <time>
      <value>1999-08-03T07:39:10.9Z</value>
    </time>
    <latitude>
      <value>43.81</value>
      <uncertainty>9999.9</uncertainty>
    </latitude>
    <longitude>
      <value>7.4</value>
      <uncertainty>9999.9</uncertainty>
    </longitude>
    <depth>
      <value>5000</value>
    </depth>
    <depthType>from location</depthType>
    <methodID>smi:eu.emsc-csem/origin_method/NA</methodID>
    <quality>
      <usedPhaseCount>10</usedPhaseCount>
      <usedStationCount>6</usedStationCount>
      <standardError>0.63</standardError>
      <azimuthalGap>166</azimuthalGap>
      <minimumDistance>0.07</minimumDistance>
      <maximumDistance>0.37</maximumDistance>
    </quality>
    <evaluationMode>manual</evaluationMode>
    <creationInfo>
      <agencyURI>smi:smi-registry/organization/EMSC</agencyURI>
      <authorURI>smi:smi-registry/organization/EMSC</authorURI>
    </creationInfo>
    <originUncertainty>
      <azimuthMaxHorizontalUncertainty>-99</azimuthMaxHorizontalUncertainty>
    </originUncertainty>
  </origin>
  <magnitude publicID="quakeml:eu.emsc/event/19990803_0000022/origin/1473760/mag/2">
    <mag>
      <value>2</value>
    </mag>
    <type>ML</type>
    <originID>quakeml:eu.emsc/event/19990803_0000022/origin/1473760</originID>
    <creationInfo>
      <agencyURI>smi:smi-registry/organization/EMSC</agencyURI>
      <authorURI>smi:smi-registry/organization/EMSC</authorURI>
    </creationInfo>
  </magnitude>
</event>
<event publicID="quakeml:eu.emsc/event/19990803_0000023">
  <preferredOriginID>quakeml:eu.emsc/event/19990803_0000023/origin/1473762</preferredOriginID>
  <preferredMagnitudeID>quakeml:eu.emsc/event/19990803_0000023/origin/1473762/mag/2</preferredMagnitudeID>
  <creationInfo>
    <agencyURI>smi:smi-registry/organization/EMSC</agencyURI>
    <authorURI>smi:smi-registry/organization/EMSC</authorURI>
    <creationTime>2014-12-10T13:03:24.369537Z</creationTime>
  </creationInfo>
  <description>
    <text>GERMANY</text>
    <type>Flinn-Engdahl region</type>
  </description>
  <origin publicID="quakeml:eu.emsc/event/19990803_0000023/origin/1473762">
    <time>
      <value>1999-08-03T03:21:37.2Z</value>
    </time>
    <latitude>
      <value>51.7</value>
      <uncertainty>9999.9</uncertainty>
    </latitude>
    <longitude>
      <value>7.73</value>
      <uncertainty>9999.9</uncertainty>
    </longitude>
    <depth>
      <value>1000</value>
    </depth>
    <depthType>from location</depthType>
    <methodID>smi:eu.emsc-csem/origin_method/NA</methodID>
    <quality>
      <usedPhaseCount>17</usedPhaseCount>
      <usedStationCount>8</usedStationCount>
      <standardError>2.47</standardError>
      <azimuthalGap>132</azimuthalGap>
      <minimumDistance>0.39</minimumDistance>
      <maximumDistance>3.99</maximumDistance>
    </quality>
    <evaluationMode>manual</evaluationMode>
    <creationInfo>
      <agencyURI>smi:smi-registry/organization/EMSC</agencyURI>
      <authorURI>smi:smi-registry/organization/EMSC</authorURI>
    </creationInfo>
    <originUncertainty>
      <azimuthMaxHorizontalUncertainty>-99</azimuthMaxHorizontalUncertainty>
    </originUncertainty>
  </origin>
  <magnitude publicID="quakeml:eu.emsc/event/19990803_0000023/origin/1473762/mag/2">
    <mag>
      <value>2.1</value>
    </mag>
    <type>ML</type>
    <originID>quakeml:eu.emsc/event/19990803_0000023/origin/1473762</originID>
    <creationInfo>
      <agencyURI>smi:smi-registry/organization/EMSC</agencyURI>
      <authorURI>smi:smi-registry/organization/EMSC</authorURI>
    </creationInfo>
  </magnitude>
</event>
<event publicID="quakeml:eu.emsc/event/19990803_0000021">
  <preferredOriginID>quakeml:eu.emsc/event/19990803_0000021/origin/1463514</preferredOriginID>
  <preferredMagnitudeID>quakeml:eu.emsc/event/19990803_0000021/origin/1463514/mag/1</preferredMagnitudeID>
  <creationInfo>
    <agencyURI>smi:smi-registry/organization/EMSC</agencyURI>
    <authorURI>smi:smi-registry/organization/EMSC</authorURI>
    <creationTime>2014-12-03T15:45:07.394296Z</creationTime>
  </creationInfo>
  <description>
    <text>FRANCE</text>
    <type>Flinn-Engdahl region</type>
  </description>
  <origin publicID="quakeml:eu.emsc/event/19990803_0000021/origin/1463514">
    <time>
      <value>1999-08-03T02:09:33.8Z</value>
      <uncertainty>0.33</uncertainty>
    </time>
    <latitude>
      <value>44.443</value>
      <uncertainty>7.8</uncertainty>
    </latitude>
    <longitude>
      <value>6.3731</value>
      <uncertainty>3.5</uncertainty>
    </longitude>
    <depth>
      <value>15000</value>
    </depth>
    <depthType>from location</depthType>
    <methodID>smi:eu.emsc-csem/origin_method/NA</methodID>
    <quality>
      <usedPhaseCount>18</usedPhaseCount>
      <usedStationCount>12</usedStationCount>
      <standardError>0.71</standardError>
      <azimuthalGap>192</azimuthalGap>
      <minimumDistance>0.4</minimumDistance>
      <maximumDistance>1.11</maximumDistance>
    </quality>
    <evaluationMode>manual</evaluationMode>
    <creationInfo>
      <agencyURI>smi:smi-registry/organization/EMSC</agencyURI>
      <authorURI>smi:smi-registry/organization/EMSC</authorURI>
    </creationInfo>
    <originUncertainty>
      <azimuthMaxHorizontalUncertainty>92</azimuthMaxHorizontalUncertainty>
    </originUncertainty>
  </origin>
  <magnitude publicID="quakeml:eu.emsc/event/19990803_0000021/origin/1463514/mag/1">
    <mag>
      <value>2</value>
      <uncertainty>0.6</uncertainty>
    </mag>
    <type>ML</type>
    <originID>quakeml:eu.emsc/event/19990803_0000021/origin/1463514</originID>
    <stationCount>5</stationCount>
    <creationInfo>
      <agencyURI>smi:smi-registry/organization/EMSC</agencyURI>
      <authorURI>smi:smi-registry/organization/EMSC</authorURI>
    </creationInfo>
  </magnitude>
</event>
<event publicID="quakeml:eu.emsc/event/19990803_0000020">
  <preferredOriginID>quakeml:eu.emsc/event/19990803_0000020/origin/1463517</preferredOriginID>
  <preferredMagnitudeID>quakeml:eu.emsc/event/19990803_0000020/origin/1463517/mag/1</preferredMagnitudeID>
  <creationInfo>
    <agencyURI>smi:smi-registry/organization/EMSC</agencyURI>
    <authorURI>smi:smi-registry/organization/EMSC</authorURI>
    <creationTime>2014-12-03T15:14:45.277476Z</creationTime>
  </creationInfo>
  <description>
    <text>FRANCE</text>
    <type>Flinn-Engdahl region</type>
  </description>
  <origin publicID="quakeml:eu.emsc/event/19990803_0000020/origin/1463517">
    <time>
      <value>1999-08-03T02:03:06.2Z</value>
      <uncertainty>0.23</uncertainty>
    </time>
    <latitude>
      <value>44.4578</value>
      <uncertainty>5.7</uncertainty>
    </latitude>
    <longitude>
      <value>6.3531</value>
      <uncertainty>2.5</uncertainty>
    </longitude>
    <depth>
      <value>15000</value>
    </depth>
    <depthType>from location</depthType>
    <methodID>smi:eu.emsc-csem/origin_method/NA</methodID>
    <quality>
      <usedPhaseCount>16</usedPhaseCount>
      <usedStationCount>10</usedStationCount>
      <standardError>0.54</standardError>
      <azimuthalGap>194</azimuthalGap>
      <minimumDistance>0.4</minimumDistance>
      <maximumDistance>1.13</maximumDistance>
    </quality>
    <evaluationMode>manual</evaluationMode>
    <creationInfo>
      <agencyURI>smi:smi-registry/organization/EMSC</agencyURI>
      <authorURI>smi:smi-registry/organization/EMSC</authorURI>
    </creationInfo>
    <originUncertainty>
      <azimuthMaxHorizontalUncertainty>93</azimuthMaxHorizontalUncertainty>
    </originUncertainty>
  </origin>
  <magnitude publicID="quakeml:eu.emsc/event/19990803_0000020/origin/1463517/mag/1">
    <mag>
      <value>1.8</value>
      <uncertainty>0.6</uncertainty>
    </mag>
    <type>ML</type>
    <originID>quakeml:eu.emsc/event/19990803_0000020/origin/1463517</originID>
    <stationCount>5</stationCount>
    <creationInfo>
      <agencyURI>smi:smi-registry/organization/EMSC</agencyURI>
      <authorURI>smi:smi-registry/organization/EMSC</authorURI>
    </creationInfo>
  </magnitude>
</event>
</eventParameters>
</q:quakeml>
