<?xml version="1.0"?>
<q:quakeml xmlns:q="http://quakeml.org/xmlns/quakeml/1.2"  xmlns="http://quakeml.org/xmlns/bed/1.2">
<eventParameters publicID="smi:eu.emsc/unid">
<event publicID="quakeml:eu.emsc/event/19991020_0000012">
  <preferredOriginID>quakeml:eu.emsc/event/19991020_0000012/origin/1471510</preferredOriginID>
  <preferredMagnitudeID>quakeml:eu.emsc/event/19991020_0000012/origin/1471510/mag/2</preferredMagnitudeID>
  <creationInfo>
    <agencyURI>smi:smi-registry/organization/EMSC</agencyURI>
    <authorURI>smi:smi-registry/organization/EMSC</authorURI>
    <creationTime>2014-12-12T00:20:42.132211Z</creationTime>
  </creationInfo>
  <description>
    <text>WESTERN TURKEY</text>
    <type>Flinn-Engdahl region</type>
  </description>
  <origin publicID="quakeml:eu.emsc/event/19991020_0000012/origin/1471510">
    <time>
      <value>1999-10-20T23:25:25.8Z</value>
    </time>
    <latitude>
      <value>40.796</value>
      <uncertainty>9999.9</uncertainty>
    </latitude>
    <longitude>
      <value>29.041</value>
      <uncertainty>9999.9</uncertainty>
    </longitude>
    <depth>
      <value>5000</value>
    </depth>
    <depthType>from location</depthType>
    <methodID>smi:eu.emsc-csem/origin_method/NA</methodID>
    <quality>
      <usedPhaseCount>13</usedPhaseCount>
      <usedStationCount>10</usedStationCount>
      <standardError>0.66</standardError>
      <azimuthalGap>83</azimuthalGap>
      <minimumDistance>0.27</minimumDistance>
      <maximumDistance>1.34</maximumDistance>
    </quality>
    <evaluationMode>manual</evaluationMode>
    <creationInfo>
      <agencyURI>smi:smi-registry/organization/EMSC</agencyURI>
      <authorURI>smi:smi-registry/organization/EMSC</authorURI>
    </creationInfo>
    <originUncertainty>
      <azimuthMaxHorizontalUncertainty>-99</azimuthMaxHorizontalUncertainty>
    </originUncertainty>
  </origin>
  <magnitude publicID="quakeml:eu.emsc/event/19991020_0000012/origin/1471510/mag/2">
    <mag>
      <value>3</value>
    </mag>
    <type>MD</type>
    <originID>quakeml:eu.emsc/event/19991020_0000012/origin/1471510</originID>
    <creationInfo>
      <agencyURI>smi:smi-registry/organization/EMSC</agencyURI>
      <authorURI>smi:smi-registry/organization/EMSC</authorURI>
    </creationInfo>
  </magnitude>
</event>
<event publicID="quakeml:eu.emsc/event/19991020_0000011">
  <preferredOriginID>quakeml:eu.emsc/event/19991020_0000011/origin/1471512</preferredOriginID>
  <preferredMagnitudeID>quakeml:eu.emsc/event/19991020_0000011/origin/1471512/mag/2</preferredMagnitudeID>
  <creationInfo>
    <agencyURI>smi:smi-registry/organization/EMSC</agencyURI>
    <authorURI>smi:smi-registry/organization/EMSC</authorURI>
    <creationTime>2014-12-12T00:20:38.646496Z</creationTime>
  </creationInfo>
  <description>
    <text>WESTERN TURKEY</text>
    <type>Flinn-Engdahl region</type>
  </description>
  <origin publicID="quakeml:eu.emsc/event/19991020_0000011/origin/1471512">
    <time>
      <value>1999-10-20T23:11:38.3Z</value>
    </time>
    <latitude>
      <value>40.799</value>
      <uncertainty>9999.9</uncertainty>
    </latitude>
    <longitude>
      <value>29.011</value>
      <uncertainty>9999.9</uncertainty>
    </longitude>
    <depth>
      <value>5000</value>
    </depth>
    <depthType>from location</depthType>
    <methodID>smi:eu.emsc-csem/origin_method/NA</methodID>
    <quality>
      <usedPhaseCount>6</usedPhaseCount>
      <usedStationCount>5</usedStationCount>
      <standardError>0.92</standardError>
      <azimuthalGap>124</azimuthalGap>
      <minimumDistance>0.27</minimumDistance>
      <maximumDistance>0.98</maximumDistance>
    </quality>
    <evaluationMode>manual</evaluationMode>
    <creationInfo>
      <agencyURI>smi:smi-registry/organization/EMSC</agencyURI>
      <authorURI>smi:smi-registry/organization/EMSC</authorURI>
    </creationInfo>
    <originUncertainty>
      <azimuthMaxHorizontalUncertainty>-99</azimuthMaxHorizontalUncertainty>
    </originUncertainty>
  </origin>
  <magnitude publicID="quakeml:eu.emsc/event/19991020_0000011/origin/1471512/mag/2">
    <mag>
      <value>3.1</value>
    </mag>
    <type>MD</type>
    <originID>quakeml:eu.emsc/event/19991020_0000011/origin/1471512</originID>
    <creationInfo>
      <agencyURI>smi:smi-registry/organization/EMSC</agencyURI>
      <authorURI>smi:smi-registry/organization/EMSC</authorURI>
    </creationInfo>
  </magnitude>
</event>
<event publicID="quakeml:eu.emsc/event/19991020_0000010">
  <preferredOriginID>quakeml:eu.emsc/event/19991020_0000010/origin/1461383</preferredOriginID>
  <preferredMagnitudeID>quakeml:eu.emsc/event/19991020_0000010/origin/1461383/mag/2</preferredMagnitudeID>
  <creationInfo>
    <agencyURI>smi:smi-registry/organization/EMSC</agencyURI>
    <authorURI>smi:smi-registry/organization/EMSC</authorURI>
    <creationTime>2014-12-03T12:10:51.165627Z</creationTime>
  </creationInfo>
  <description>
    <text>WESTERN TURKEY</text>
    <type>Flinn-Engdahl region</type>
  </description>
  <origin publicID="quakeml:eu.emsc/event/19991020_0000010/origin/1461383">
    <time>
      <value>1999-10-20T23:08:21.3Z</value>
      <uncertainty>0.15</uncertainty>
    </time>
    <latitude>
      <value>40.761</value>
      <uncertainty>5</uncertainty>
    </latitude>
    <longitude>
      <value>28.9941</value>
      <uncertainty>3.4</uncertainty>
    </longitude>
    <depth>
      <value>2000</value>
    </depth>
    <depthType>from location</depthType>
    <methodID>smi:eu.emsc-csem/origin_method/NA</methodID>
    <quality>
      <usedPhaseCount>84</usedPhaseCount>
      <usedStationCount>77</usedStationCount>
      <standardError>1.14</standardError>
      <azimuthalGap>43</azimuthalGap>
      <minimumDistance>0.31</minimumDistance>
      <maximumDistance>41.37</maximumDistance>
    </quality>
    <evaluationMode>manual</evaluationMode>
    <creationInfo>
      <agencyURI>smi:smi-registry/organization/EMSC</agencyURI>
      <authorURI>smi:smi-registry/organization/EMSC</authorURI>
    </creationInfo>
    <originUncertainty>
      <azimuthMaxHorizontalUncertainty>24</azimuthMaxHorizontalUncertainty>
    </originUncertainty>
  </origin>
  <magnitude publicID="quakeml:eu.emsc/event/19991020_0000010/origin/1461383/mag/2">
    <mag>
      <value>4.7</value>
    </mag>
    <type>MD</type>
    <originID>quakeml:eu.emsc/event/19991020_0000010/origin/1461383</originID>
    <creationInfo>
      <agencyURI>smi:smi-registry/organization/EMSC</agencyURI>
      <authorURI>smi:smi-registry/organization/EMSC</authorURI>
    </creationInfo>
  </magnitude>
</event>
<event publicID="quakeml:eu.emsc/event/19991020_0000008">
  <preferredOriginID>quakeml:eu.emsc/event/19991020_0000008/origin/1461386</preferredOriginID>
  <preferredMagnitudeID>quakeml:eu.emsc/event/19991020_0000008/origin/1461386/mag/2</preferredMagnitudeID>
  <creationInfo>
    <agencyURI>smi:smi-registry/organization/EMSC</agencyURI>
    <authorURI>smi:smi-registry/organization/EMSC</authorURI>
    <creationTime>2014-12-03T11:18:56.529802Z</creationTime>
  </creationInfo>
  <description>
    <text>SICILY, ITALY</text>
    <type>Flinn-Engdahl region</type>
  </description>
  <origin publicID="quakeml:eu.emsc/event/19991020_0000008/origin/1461386">
    <time>
      <value>1999-10-20T22:19:11.4Z</value>
      <uncertainty>0.73</uncertainty>
    </time>
    <latitude>
      <value>37.2067</value>
      <uncertainty>16.3</uncertainty>
    </latitude>
    <longitude>
      <value>15.9266</value>
      <uncertainty>6.5</uncertainty>
    </longitude>
    <depth>
      <value>15000</value>
    </depth>
    <depthType>from location</depthType>
    <methodID>smi:eu.emsc-csem/origin_method/NA</methodID>
    <quality>
      <usedPhaseCount>32</usedPhaseCount>
      <usedStationCount>20</usedStationCount>
      <standardError>1.07</standardError>
      <azimuthalGap>249</azimuthalGap>
      <minimumDistance>0.8</minimumDistance>
      <maximumDistance>4.68</maximumDistance>
    </quality>
    <evaluationMode>manual</evaluationMode>
    <creationInfo>
      <agencyURI>smi:smi-registry/organization/EMSC</agencyURI>
      <authorURI>smi:smi-registry/organization/EMSC</authorURI>
    </creationInfo>
    <originUncertainty>
      <azimuthMaxHorizontalUncertainty>139</azimuthMaxHorizontalUncertainty>
    </originUncertainty>
  </origin>
  <magnitude publicID="quakeml:eu.emsc/event/19991020_0000008/origin/1461386/mag/2">
    <mag>
      <value>2.9</value>
    </mag>
    <type>ML</type>
    <originID>quakeml:eu.emsc/event/19991020_0000008/origin/1461386</originID>
    <stationCount>17</stationCount>
    <creationInfo>
      <agencyURI>smi:smi-registry/organization/EMSC</agencyURI>
      <authorURI>smi:smi-registry/organization/EMSC</authorURI>
    </creationInfo>
  </magnitude>
</event>
<event publicID="quakeml:eu.emsc/event/19991020_0000015">
  <preferredOriginID>quakeml:eu.emsc/event/19991020_0000015/origin/1460804</preferredOriginID>
  <preferredMagnitudeID>quakeml:eu.emsc/event/19991020_0000015/origin/1460804/mag/1</preferredMagnitudeID>
  <creationInfo>
    <agencyURI>smi:smi-registry/organization/EMSC</agencyURI>
    <authorURI>smi:smi-registry/organization/EMSC</authorURI>
    <creationTime>2014-12-03T16:06:24.194845Z</creationTime>
  </creationInfo>
  <description>
    <text>FRANCE</text>
    <type>Flinn-Engdahl region</type>
  </description>
  <origin publicID="quakeml:eu.emsc/event/19991020_0000015/origin/1460804">
    <time>
      <value>1999-10-20T21:20:10.3Z</value>
      <uncertainty>0.09</uncertainty>
    </time>
    <latitude>
      <value>44.1131</value>
      <uncertainty>2.5</uncertainty>
    </latitude>
    <longitude>
      <value>6.9433</value>
      <uncertainty>1.5</uncertainty>
    </longitude>
    <depth>
      <value>15000</value>
    </depth>
    <depthType>from location</depthType>
    <methodID>smi:eu.emsc-csem/origin_method/NA</methodID>
    <quality>
      <usedPhaseCount>18</usedPhaseCount>
      <usedStationCount>10</usedStationCount>
      <standardError>0.38</standardError>
      <azimuthalGap>111</azimuthalGap>
      <minimumDistance>0.24</minimumDistance>
      <maximumDistance>1.41</maximumDistance>
    </quality>
    <evaluationMode>manual</evaluationMode>
    <creationInfo>
      <agencyURI>smi:smi-registry/organization/EMSC</agencyURI>
      <authorURI>smi:smi-registry/organization/EMSC</authorURI>
    </creationInfo>
    <originUncertainty>
      <azimuthMaxHorizontalUncertainty>71</azimuthMaxHorizontalUncertainty>
    </originUncertainty>
  </origin>
  <magnitude publicID="quakeml:eu.emsc/event/19991020_0000015/origin/1460804/mag/1">
    <mag>
      <value>1.6</value>
      <uncertainty>0.2</uncertainty>
    </mag>
    <type>ML</type>
    <originID>quakeml:eu.emsc/event/19991020_0000015/origin/1460804</originID>
    <stationCount>7</stationCount>
    <creationInfo>
      <agencyURI>smi:smi-registry/organization/EMSC</agencyURI>
      <authorURI>smi:smi-registry/organization/EMSC</authorURI>
    </creationInfo>
  </magnitude>
</event>
<event publicID="quakeml:eu.emsc/event/19991020_0000009">
  <preferredOriginID>quakeml:eu.emsc/event/19991020_0000009/origin/1471514</preferredOriginID>
  <preferredMagnitudeID>quakeml:eu.emsc/event/19991020_0000009/origin/1471514/mag/2</preferredMagnitudeID>
  <creationInfo>
    <agencyURI>smi:smi-registry/organization/EMSC</agencyURI>
    <authorURI>smi:smi-registry/organization/EMSC</authorURI>
    <creationTime>2014-12-12T00:20:33.391338Z</creationTime>
  </creationInfo>
  <description>
    <text>CRETE, GREECE</text>
    <type>Flinn-Engdahl region</type>
  </description>
  <origin publicID="quakeml:eu.emsc/event/19991020_0000009/origin/1471514">
    <time>
      <value>1999-10-20T21:15:43.5Z</value>
    </time>
    <latitude>
      <value>35.28</value>
      <uncertainty>9999.9</uncertainty>
    </latitude>
    <longitude>
      <value>26.24</value>
      <uncertainty>9999.9</uncertainty>
    </longitude>
    <depth>
      <value>32000</value>
    </depth>
    <depthType>from location</depthType>
    <methodID>smi:eu.emsc-csem/origin_method/NA</methodID>
    <quality>
      <usedPhaseCount>8</usedPhaseCount>
      <usedStationCount>6</usedStationCount>
      <standardError>0.98</standardError>
      <azimuthalGap>197</azimuthalGap>
      <minimumDistance>0.51</minimumDistance>
      <maximumDistance>1.88</maximumDistance>
    </quality>
    <evaluationMode>manual</evaluationMode>
    <creationInfo>
      <agencyURI>smi:smi-registry/organization/EMSC</agencyURI>
      <authorURI>smi:smi-registry/organization/EMSC</authorURI>
    </creationInfo>
    <originUncertainty>
      <azimuthMaxHorizontalUncertainty>-99</azimuthMaxHorizontalUncertainty>
    </originUncertainty>
  </origin>
  <magnitude publicID="quakeml:eu.emsc/event/19991020_0000009/origin/1471514/mag/2">
    <mag>
      <value>3.5</value>
    </mag>
    <type>MD</type>
    <originID>quakeml:eu.emsc/event/19991020_0000009/origin/1471514</originID>
    <creationInfo>
      <agencyURI>smi:smi-registry/organization/EMSC</agencyURI>
      <authorURI>smi:smi-registry/organization/EMSC</authorURI>
    </creationInfo>
  </magnitude>
</event>
<event publicID="quakeml:eu.emsc/event/19991020_0000007">
  <preferredOriginID>quakeml:eu.emsc/event/19991020_0000007/origin/1461389</preferredOriginID>
  <preferredMagnitudeID>quakeml:eu.emsc/event/19991020_0000007/origin/1461389/mag/2</preferredMagnitudeID>
  <creationInfo>
    <agencyURI>smi:smi-registry/organization/EMSC</agencyURI>
    <authorURI>smi:smi-registry/organization/EMSC</authorURI>
    <creationTime>2014-12-03T11:50:28.974001Z</creationTime>
  </creationInfo>
  <description>
    <text>GREECE</text>
    <type>Flinn-Engdahl region</type>
  </description>
  <origin publicID="quakeml:eu.emsc/event/19991020_0000007/origin/1461389">
    <time>
      <value>1999-10-20T20:02:19.1Z</value>
      <uncertainty>0.24</uncertainty>
    </time>
    <latitude>
      <value>40.064</value>
      <uncertainty>5.5</uncertainty>
    </latitude>
    <longitude>
      <value>23.3026</value>
      <uncertainty>4.8</uncertainty>
    </longitude>
    <depth>
      <value>10000</value>
    </depth>
    <depthType>from location</depthType>
    <methodID>smi:eu.emsc-csem/origin_method/NA</methodID>
    <quality>
      <usedPhaseCount>22</usedPhaseCount>
      <usedStationCount>17</usedStationCount>
      <standardError>1.02</standardError>
      <azimuthalGap>71</azimuthalGap>
      <minimumDistance>0.32</minimumDistance>
      <maximumDistance>2.37</maximumDistance>
    </quality>
    <evaluationMode>manual</evaluationMode>
    <creationInfo>
      <agencyURI>smi:smi-registry/organization/EMSC</agencyURI>
      <authorURI>smi:smi-registry/organization/EMSC</authorURI>
    </creationInfo>
    <originUncertainty>
      <azimuthMaxHorizontalUncertainty>120</azimuthMaxHorizontalUncertainty>
    </originUncertainty>
  </origin>
  <magnitude publicID="quakeml:eu.emsc/event/19991020_0000007/origin/1461389/mag/2">
    <mag>
      <value>2</value>
    </mag>
    <type>ML</type>
    <originID>quakeml:eu.emsc/event/19991020_0000007/origin/1461389</originID>
    <creationInfo>
      <agencyURI>smi:smi-registry/organization/EMSC</agencyURI>
      <authorURI>smi:smi-registry/organization/EMSC</authorURI>
    </creationInfo>
  </magnitude>
</event>
<event publicID="quakeml:eu.emsc/event/19991020_0000006">
  <preferredOriginID>quakeml:eu.emsc/event/19991020_0000006/origin/1461394</preferredOriginID>
  <preferredMagnitudeID>quakeml:eu.emsc/event/19991020_0000006/origin/1461394/mag/2</preferredMagnitudeID>
  <creationInfo>
    <agencyURI>smi:smi-registry/organization/EMSC</agencyURI>
    <authorURI>smi:smi-registry/organization/EMSC</authorURI>
    <creationTime>2014-12-03T11:37:13.800347Z</creationTime>
  </creationInfo>
  <description>
    <text>CYPRUS REGION</text>
    <type>Flinn-Engdahl region</type>
  </description>
  <origin publicID="quakeml:eu.emsc/event/19991020_0000006/origin/1461394">
    <time>
      <value>1999-10-20T14:27:41.0Z</value>
      <uncertainty>0.16</uncertainty>
    </time>
    <latitude>
      <value>34.836</value>
      <uncertainty>5.2</uncertainty>
    </latitude>
    <longitude>
      <value>33.453</value>
      <uncertainty>3.6</uncertainty>
    </longitude>
    <depth>
      <value>40000</value>
    </depth>
    <depthType>from location</depthType>
    <methodID>smi:eu.emsc-csem/origin_method/NA</methodID>
    <quality>
      <usedPhaseCount>36</usedPhaseCount>
      <usedStationCount>28</usedStationCount>
      <standardError>1.12</standardError>
      <azimuthalGap>58</azimuthalGap>
      <minimumDistance>0.39</minimumDistance>
      <maximumDistance>5.52</maximumDistance>
    </quality>
    <evaluationMode>manual</evaluationMode>
    <creationInfo>
      <agencyURI>smi:smi-registry/organization/EMSC</agencyURI>
      <authorURI>smi:smi-registry/organization/EMSC</authorURI>
    </creationInfo>
    <originUncertainty>
      <azimuthMaxHorizontalUncertainty>65</azimuthMaxHorizontalUncertainty>
    </originUncertainty>
  </origin>
  <magnitude publicID="quakeml:eu.emsc/event/19991020_0000006/origin/1461394/mag/2">
    <mag>
      <value>3.5</value>
    </mag>
    <type>ML</type>
    <originID>quakeml:eu.emsc/event/19991020_0000006/origin/1461394</originID>
    <creationInfo>
      <agencyURI>smi:smi-registry/organization/EMSC</agencyURI>
      <authorURI>smi:smi-registry/organization/EMSC</authorURI>
    </creationInfo>
  </magnitude>
</event>
<event publicID="quakeml:eu.emsc/event/19991020_0000005">
  <preferredOriginID>quakeml:eu.emsc/event/19991020_0000005/origin/1461397</preferredOriginID>
  <preferredMagnitudeID>quakeml:eu.emsc/event/19991020_0000005/origin/1461397/mag/2</preferredMagnitudeID>
  <creationInfo>
    <agencyURI>smi:smi-registry/organization/EMSC</agencyURI>
    <authorURI>smi:smi-registry/organization/EMSC</authorURI>
    <creationTime>2014-12-03T11:01:56.81993Z</creationTime>
  </creationInfo>
  <description>
    <text>GREECE</text>
    <type>Flinn-Engdahl region</type>
  </description>
  <origin publicID="quakeml:eu.emsc/event/19991020_0000005/origin/1461397">
    <time>
      <value>1999-10-20T12:33:30.9Z</value>
      <uncertainty>0.19</uncertainty>
    </time>
    <latitude>
      <value>38.4126</value>
      <uncertainty>4.8</uncertainty>
    </latitude>
    <longitude>
      <value>21.7219</value>
      <uncertainty>3.6</uncertainty>
    </longitude>
    <depth>
      <value>10000</value>
    </depth>
    <depthType>from location</depthType>
    <methodID>smi:eu.emsc-csem/origin_method/NA</methodID>
    <quality>
      <usedPhaseCount>12</usedPhaseCount>
      <usedStationCount>8</usedStationCount>
      <standardError>0.73</standardError>
      <azimuthalGap>100</azimuthalGap>
      <minimumDistance>0.51</minimumDistance>
      <maximumDistance>1.95</maximumDistance>
    </quality>
    <evaluationMode>manual</evaluationMode>
    <creationInfo>
      <agencyURI>smi:smi-registry/organization/EMSC</agencyURI>
      <authorURI>smi:smi-registry/organization/EMSC</authorURI>
    </creationInfo>
    <originUncertainty>
      <azimuthMaxHorizontalUncertainty>130</azimuthMaxHorizontalUncertainty>
    </originUncertainty>
  </origin>
  <magnitude publicID="quakeml:eu.emsc/event/19991020_0000005/origin/1461397/mag/2">
    <mag>
      <value>2.7</value>
    </mag>
    <type>ML</type>
    <originID>quakeml:eu.emsc/event/19991020_0000005/origin/1461397</originID>
    <creationInfo>
      <agencyURI>smi:smi-registry/organization/EMSC</agencyURI>
      <authorURI>smi:smi-registry/organization/EMSC</authorURI>
    </creationInfo>
  </magnitude>
</event>
<event publicID="quakeml:eu.emsc/event/19991020_0000003">
  <preferredOriginID>quakeml:eu.emsc/event/19991020_0000003/origin/1461400</preferredOriginID>
  <preferredMagnitudeID>quakeml:eu.emsc/event/19991020_0000003/origin/1461400/mag/2</preferredMagnitudeID>
  <creationInfo>
    <agencyURI>smi:smi-registry/organization/EMSC</agencyURI>
    <authorURI>smi:smi-registry/organization/EMSC</authorURI>
    <creationTime>2014-12-03T11:41:08.438181Z</creationTime>
  </creationInfo>
  <description>
    <text>AEGEAN SEA</text>
    <type>Flinn-Engdahl region</type>
  </description>
  <origin publicID="quakeml:eu.emsc/event/19991020_0000003/origin/1461400">
    <time>
      <value>1999-10-20T10:46:50.7Z</value>
      <uncertainty>0.89</uncertainty>
    </time>
    <latitude>
      <value>38.0575</value>
      <uncertainty>23.4</uncertainty>
    </latitude>
    <longitude>
      <value>24.0562</value>
      <uncertainty>11.1</uncertainty>
    </longitude>
    <depth>
      <value>5000</value>
    </depth>
    <depthType>from location</depthType>
    <methodID>smi:eu.emsc-csem/origin_method/NA</methodID>
    <quality>
      <usedPhaseCount>9</usedPhaseCount>
      <usedStationCount>8</usedStationCount>
      <standardError>1.18</standardError>
      <azimuthalGap>215</azimuthalGap>
      <minimumDistance>0.15</minimumDistance>
      <maximumDistance>2.27</maximumDistance>
    </quality>
    <evaluationMode>manual</evaluationMode>
    <creationInfo>
      <agencyURI>smi:smi-registry/organization/EMSC</agencyURI>
      <authorURI>smi:smi-registry/organization/EMSC</authorURI>
    </creationInfo>
    <originUncertainty>
      <azimuthMaxHorizontalUncertainty>109</azimuthMaxHorizontalUncertainty>
    </originUncertainty>
  </origin>
  <magnitude publicID="quakeml:eu.emsc/event/19991020_0000003/origin/1461400/mag/2">
    <mag>
      <value>2.8</value>
    </mag>
    <type>ML</type>
    <originID>quakeml:eu.emsc/event/19991020_0000003/origin/1461400</originID>
    <creationInfo>
      <agencyURI>smi:smi-registry/organization/EMSC</agencyURI>
      <authorURI>smi:smi-registry/organization/EMSC</authorURI>
    </creationInfo>
  </magnitude>
</event>
<event publicID="quakeml:eu.emsc/event/19991020_0000004">
  <preferredOriginID>quakeml:eu.emsc/event/19991020_0000004/origin/1471516</preferredOriginID>
  <preferredMagnitudeID>quakeml:eu.emsc/event/19991020_0000004/origin/1471516/mag/2</preferredMagnitudeID>
  <creationInfo>
    <agencyURI>smi:smi-registry/organization/EMSC</agencyURI>
    <authorURI>smi:smi-registry/organization/EMSC</authorURI>
    <creationTime>2014-12-12T00:20:23.46899Z</creationTime>
  </creationInfo>
  <description>
    <text>JORDAN</text>
    <type>Flinn-Engdahl region</type>
  </description>
  <origin publicID="quakeml:eu.emsc/event/19991020_0000004/origin/1471516">
    <time>
      <value>1999-10-20T09:57:39.8Z</value>
    </time>
    <latitude>
      <value>30.48</value>
      <uncertainty>9999.9</uncertainty>
    </latitude>
    <longitude>
      <value>36.58</value>
      <uncertainty>9999.9</uncertainty>
    </longitude>
    <depth>
      <value>15000</value>
    </depth>
    <depthType>from location</depthType>
    <methodID>smi:eu.emsc-csem/origin_method/NA</methodID>
    <quality>
      <usedPhaseCount>9</usedPhaseCount>
      <usedStationCount>5</usedStationCount>
      <standardError>2.23</standardError>
      <azimuthalGap>332</azimuthalGap>
      <minimumDistance>1.69</minimumDistance>
      <maximumDistance>2.52</maximumDistance>
    </quality>
    <evaluationMode>manual</evaluationMode>
    <creationInfo>
      <agencyURI>smi:smi-registry/organization/EMSC</agencyURI>
      <authorURI>smi:smi-registry/organization/EMSC</authorURI>
    </creationInfo>
    <originUncertainty>
      <azimuthMaxHorizontalUncertainty>-99</azimuthMaxHorizontalUncertainty>
    </originUncertainty>
  </origin>
  <magnitude publicID="quakeml:eu.emsc/event/19991020_0000004/origin/1471516/mag/2">
    <mag>
      <value>3</value>
    </mag>
    <type>MD</type>
    <originID>quakeml:eu.emsc/event/19991020_0000004/origin/1471516</originID>
    <creationInfo>
      <agencyURI>smi:smi-registry/organization/EMSC</agencyURI>
      <authorURI>smi:smi-registry/organization/EMSC</authorURI>
    </creationInfo>
  </magnitude>
</event>
<event publicID="quakeml:eu.emsc/event/19991020_0000016">
  <preferredOriginID>quakeml:eu.emsc/event/19991020_0000016/origin/1471518</preferredOriginID>
  <preferredMagnitudeID>quakeml:eu.emsc/event/19991020_0000016/origin/1471518/mag/2</preferredMagnitudeID>
  <creationInfo>
    <agencyURI>smi:smi-registry/organization/EMSC</agencyURI>
    <authorURI>smi:smi-registry/organization/EMSC</authorURI>
    <creationTime>2014-12-10T13:05:09.428178Z</creationTime>
  </creationInfo>
  <description>
    <text>SWITZERLAND</text>
    <type>Flinn-Engdahl region</type>
  </description>
  <origin publicID="quakeml:eu.emsc/event/19991020_0000016/origin/1471518">
    <time>
      <value>1999-10-20T07:49:08.3Z</value>
    </time>
    <latitude>
      <value>47.075</value>
      <uncertainty>9999.9</uncertainty>
    </latitude>
    <longitude>
      <value>9.45</value>
      <uncertainty>9999.9</uncertainty>
    </longitude>
    <depth>
      <value>0</value>
    </depth>
    <depthType>from location</depthType>
    <methodID>smi:eu.emsc-csem/origin_method/NA</methodID>
    <quality>
      <usedPhaseCount>10</usedPhaseCount>
      <usedStationCount>5</usedStationCount>
      <standardError>0.43</standardError>
      <azimuthalGap>255</azimuthalGap>
      <minimumDistance>0.19</minimumDistance>
      <maximumDistance>0.95</maximumDistance>
    </quality>
    <evaluationMode>manual</evaluationMode>
    <creationInfo>
      <agencyURI>smi:smi-registry/organization/EMSC</agencyURI>
      <authorURI>smi:smi-registry/organization/EMSC</authorURI>
    </creationInfo>
    <originUncertainty>
      <azimuthMaxHorizontalUncertainty>-99</azimuthMaxHorizontalUncertainty>
    </originUncertainty>
  </origin>
  <magnitude publicID="quakeml:eu.emsc/event/19991020_0000016/origin/1471518/mag/2">
    <mag>
      <value>1.9</value>
    </mag>
    <type>ML</type>
    <originID>quakeml:eu.emsc/event/19991020_0000016/origin/1471518</originID>
    <stationCount>6</stationCount>
    <creationInfo>
      <agencyURI>smi:smi-registry/organization/EMSC</agencyURI>
      <authorURI>smi:smi-registry/organization/EMSC</authorURI>
    </creationInfo>
  </magnitude>
</event>
<event publicID="quakeml:eu.emsc/event/19991020_0000014">
  <preferredOriginID>quakeml:eu.emsc/event/19991020_0000014/origin/1460808</preferredOriginID>
  <preferredMagnitudeID>quakeml:eu.emsc/event/19991020_0000014/origin/1460808/mag/1</preferredMagnitudeID>
  <creationInfo>
    <agencyURI>smi:smi-registry/organization/EMSC</agencyURI>
    <authorURI>smi:smi-registry/organization/EMSC</authorURI>
    <creationTime>2014-12-03T15:05:40.50894Z</creationTime>
  </creationInfo>
  <description>
    <text>NEAR SOUTH COAST OF FRANCE</text>
    <type>Flinn-Engdahl region</type>
  </description>
  <origin publicID="quakeml:eu.emsc/event/19991020_0000014/origin/1460808">
    <time>
      <value>1999-10-20T07:00:43.0Z</value>
      <uncertainty>0.26</uncertainty>
    </time>
    <latitude>
      <value>43.8491</value>
      <uncertainty>4.9</uncertainty>
    </latitude>
    <longitude>
      <value>7.7906</value>
      <uncertainty>3.2</uncertainty>
    </longitude>
    <depth>
      <value>12000</value>
    </depth>
    <depthType>from location</depthType>
    <methodID>smi:eu.emsc-csem/origin_method/NA</methodID>
    <quality>
      <usedPhaseCount>22</usedPhaseCount>
      <usedStationCount>12</usedStationCount>
      <standardError>0.63</standardError>
      <azimuthalGap>203</azimuthalGap>
      <minimumDistance>0.06</minimumDistance>
      <maximumDistance>1.14</maximumDistance>
    </quality>
    <evaluationMode>manual</evaluationMode>
    <creationInfo>
      <agencyURI>smi:smi-registry/organization/EMSC</agencyURI>
      <authorURI>smi:smi-registry/organization/EMSC</authorURI>
    </creationInfo>
    <originUncertainty>
      <azimuthMaxHorizontalUncertainty>134</azimuthMaxHorizontalUncertainty>
    </originUncertainty>
  </origin>
  <magnitude publicID="quakeml:eu.emsc/event/19991020_0000014/origin/1460808/mag/1">
    <mag>
      <value>2.2</value>
      <uncertainty>0.3</uncertainty>
    </mag>
    <type>ML</type>
    <originID>quakeml:eu.emsc/event/19991020_0000014/origin/1460808</originID>
    <stationCount>4</stationCount>
    <creationInfo>
      <agencyURI>smi:smi-registry/organization/EMSC</agencyURI>
      <authorURI>smi:smi-registry/organization/EMSC</authorURI>
    </creationInfo>
  </magnitude>
</event>
<event publicID="quakeml:eu.emsc/event/19991020_0000001">
  <preferredOriginID>quakeml:eu.emsc/event/19991020_0000001/origin/1461402</preferredOriginID>
  <preferredMagnitudeID>quakeml:eu.emsc/event/19991020_0000001/origin/1461402/mag/2</preferredMagnitudeID>
  <creationInfo>
    <agencyURI>smi:smi-registry/organization/EMSC</agencyURI>
    <authorURI>smi:smi-registry/organization/EMSC</authorURI>
    <creationTime>2014-12-03T11:00:12.250429Z</creationTime>
  </creationInfo>
  <description>
    <text>GREECE</text>
    <type>Flinn-Engdahl region</type>
  </description>
  <origin publicID="quakeml:eu.emsc/event/19991020_0000001/origin/1461402">
    <time>
      <value>1999-10-20T02:39:00.4Z</value>
      <uncertainty>0.19</uncertainty>
    </time>
    <latitude>
      <value>38.0564</value>
      <uncertainty>6.2</uncertainty>
    </latitude>
    <longitude>
      <value>23.6231</value>
      <uncertainty>3.7</uncertainty>
    </longitude>
    <depth>
      <value>12000</value>
    </depth>
    <depthType>from location</depthType>
    <methodID>smi:eu.emsc-csem/origin_method/NA</methodID>
    <quality>
      <usedPhaseCount>14</usedPhaseCount>
      <usedStationCount>9</usedStationCount>
      <standardError>0.84</standardError>
      <azimuthalGap>106</azimuthalGap>
      <minimumDistance>0.11</minimumDistance>
      <maximumDistance>1.81</maximumDistance>
    </quality>
    <evaluationMode>manual</evaluationMode>
    <creationInfo>
      <agencyURI>smi:smi-registry/organization/EMSC</agencyURI>
      <authorURI>smi:smi-registry/organization/EMSC</authorURI>
    </creationInfo>
    <originUncertainty>
      <azimuthMaxHorizontalUncertainty>42</azimuthMaxHorizontalUncertainty>
    </originUncertainty>
  </origin>
  <magnitude publicID="quakeml:eu.emsc/event/19991020_0000001/origin/1461402/mag/2">
    <mag>
      <value>2.6</value>
    </mag>
    <type>ML</type>
    <originID>quakeml:eu.emsc/event/19991020_0000001/origin/1461402</originID>
    <creationInfo>
      <agencyURI>smi:smi-registry/organization/EMSC</agencyURI>
      <authorURI>smi:smi-registry/organization/EMSC</authorURI>
    </creationInfo>
  </magnitude>
</event>
<event publicID="quakeml:eu.emsc/event/19991020_0000002">
  <preferredOriginID>quakeml:eu.emsc/event/19991020_0000002/origin/1471520</preferredOriginID>
  <preferredMagnitudeID>quakeml:eu.emsc/event/19991020_0000002/origin/1471520/mag/2</preferredMagnitudeID>
  <creationInfo>
    <agencyURI>smi:smi-registry/organization/EMSC</agencyURI>
    <authorURI>smi:smi-registry/organization/EMSC</authorURI>
    <creationTime>2014-12-12T00:20:15.333405Z</creationTime>
  </creationInfo>
  <description>
    <text>GREECE</text>
    <type>Flinn-Engdahl region</type>
  </description>
  <origin publicID="quakeml:eu.emsc/event/19991020_0000002/origin/1471520">
    <time>
      <value>1999-10-20T00:49:58.3Z</value>
    </time>
    <latitude>
      <value>38.21</value>
      <uncertainty>9999.9</uncertainty>
    </latitude>
    <longitude>
      <value>23.6</value>
      <uncertainty>9999.9</uncertainty>
    </longitude>
    <depth>
      <value>5000</value>
    </depth>
    <depthType>from location</depthType>
    <methodID>smi:eu.emsc-csem/origin_method/NA</methodID>
    <quality>
      <usedPhaseCount>7</usedPhaseCount>
      <usedStationCount>5</usedStationCount>
      <standardError>1.09</standardError>
      <azimuthalGap>188</azimuthalGap>
      <minimumDistance>0.25</minimumDistance>
      <maximumDistance>1.91</maximumDistance>
    </quality>
    <evaluationMode>manual</evaluationMode>
    <creationInfo>
      <agencyURI>smi:smi-registry/organization/EMSC</agencyURI>
      <authorURI>smi:smi-registry/organization/EMSC</authorURI>
    </creationInfo>
    <originUncertainty>
      <azimuthMaxHorizontalUncertainty>-99</azimuthMaxHorizontalUncertainty>
    </originUncertainty>
  </origin>
  <magnitude publicID="quakeml:eu.emsc/event/19991020_0000002/origin/1471520/mag/2">
    <mag>
      <value>3</value>
    </mag>
    <type>ML</type>
    <originID>quakeml:eu.emsc/event/19991020_0000002/origin/1471520</originID>
    <creationInfo>
      <agencyURI>smi:smi-registry/organization/EMSC</agencyURI>
      <authorURI>smi:smi-registry/organization/EMSC</authorURI>
    </creationInfo>
  </magnitude>
</event>
</eventParameters>
</q:quakeml>
