<?xml version="1.0"?>
<q:quakeml xmlns:q="http://quakeml.org/xmlns/quakeml/1.2"  xmlns="http://quakeml.org/xmlns/bed/1.2">
<eventParameters publicID="smi:eu.emsc/unid">
<event publicID="quakeml:eu.emsc/event/19990423_0000010">
  <preferredOriginID>quakeml:eu.emsc/event/19990423_0000010/origin/1468921</preferredOriginID>
  <preferredMagnitudeID>quakeml:eu.emsc/event/19990423_0000010/origin/1468921/mag/2</preferredMagnitudeID>
  <creationInfo>
    <agencyURI>smi:smi-registry/organization/EMSC</agencyURI>
    <authorURI>smi:smi-registry/organization/EMSC</authorURI>
    <creationTime>2014-12-03T11:00:07.21621Z</creationTime>
  </creationInfo>
  <description>
    <text>GREECE</text>
    <type>Flinn-Engdahl region</type>
  </description>
  <origin publicID="quakeml:eu.emsc/event/19990423_0000010/origin/1468921">
    <time>
      <value>1999-04-23T22:42:49.8Z</value>
      <uncertainty>0.39</uncertainty>
    </time>
    <latitude>
      <value>38.3301</value>
      <uncertainty>12.6</uncertainty>
    </latitude>
    <longitude>
      <value>22.0369</value>
      <uncertainty>8.7</uncertainty>
    </longitude>
    <depth>
      <value>2000</value>
    </depth>
    <depthType>from location</depthType>
    <methodID>smi:eu.emsc-csem/origin_method/NA</methodID>
    <quality>
      <usedPhaseCount>9</usedPhaseCount>
      <usedStationCount>9</usedStationCount>
      <standardError>0.96</standardError>
      <azimuthalGap>92</azimuthalGap>
      <minimumDistance>0.61</minimumDistance>
      <maximumDistance>3.02</maximumDistance>
    </quality>
    <evaluationMode>manual</evaluationMode>
    <creationInfo>
      <agencyURI>smi:smi-registry/organization/EMSC</agencyURI>
      <authorURI>smi:smi-registry/organization/EMSC</authorURI>
    </creationInfo>
    <originUncertainty>
      <azimuthMaxHorizontalUncertainty>52</azimuthMaxHorizontalUncertainty>
    </originUncertainty>
  </origin>
  <magnitude publicID="quakeml:eu.emsc/event/19990423_0000010/origin/1468921/mag/2">
    <mag>
      <value>3</value>
    </mag>
    <type>ML</type>
    <originID>quakeml:eu.emsc/event/19990423_0000010/origin/1468921</originID>
    <creationInfo>
      <agencyURI>smi:smi-registry/organization/EMSC</agencyURI>
      <authorURI>smi:smi-registry/organization/EMSC</authorURI>
    </creationInfo>
  </magnitude>
</event>
<event publicID="quakeml:eu.emsc/event/19990423_0000009">
  <preferredOriginID>quakeml:eu.emsc/event/19990423_0000009/origin/1468927</preferredOriginID>
  <preferredMagnitudeID>quakeml:eu.emsc/event/19990423_0000009/origin/1468927/mag/1</preferredMagnitudeID>
  <creationInfo>
    <agencyURI>smi:smi-registry/organization/EMSC</agencyURI>
    <authorURI>smi:smi-registry/organization/EMSC</authorURI>
    <creationTime>2014-12-03T12:09:55.168513Z</creationTime>
  </creationInfo>
  <description>
    <text>CENTRAL MEDITERRANEAN SEA</text>
    <type>Flinn-Engdahl region</type>
  </description>
  <origin publicID="quakeml:eu.emsc/event/19990423_0000009/origin/1468927">
    <time>
      <value>1999-04-23T22:12:34.5Z</value>
      <uncertainty>0.3</uncertainty>
    </time>
    <latitude>
      <value>35.904</value>
      <uncertainty>7.9</uncertainty>
    </latitude>
    <longitude>
      <value>21.6462</value>
      <uncertainty>4.2</uncertainty>
    </longitude>
    <depth>
      <value>47300.0</value>
      <uncertainty>3.8</uncertainty>
    </depth>
    <depthType>from location</depthType>
    <methodID>smi:eu.emsc-csem/origin_method/NA</methodID>
    <quality>
      <usedPhaseCount>67</usedPhaseCount>
      <usedStationCount>56</usedStationCount>
      <standardError>1.1</standardError>
      <azimuthalGap>181</azimuthalGap>
      <minimumDistance>1.19</minimumDistance>
      <maximumDistance>33.75</maximumDistance>
    </quality>
    <evaluationMode>manual</evaluationMode>
    <creationInfo>
      <agencyURI>smi:smi-registry/organization/EMSC</agencyURI>
      <authorURI>smi:smi-registry/organization/EMSC</authorURI>
    </creationInfo>
    <originUncertainty>
      <azimuthMaxHorizontalUncertainty>4</azimuthMaxHorizontalUncertainty>
    </originUncertainty>
  </origin>
  <magnitude publicID="quakeml:eu.emsc/event/19990423_0000009/origin/1468927/mag/1">
    <mag>
      <value>3.8</value>
      <uncertainty>0.2</uncertainty>
    </mag>
    <type>mb</type>
    <originID>quakeml:eu.emsc/event/19990423_0000009/origin/1468927</originID>
    <stationCount>4</stationCount>
    <creationInfo>
      <agencyURI>smi:smi-registry/organization/EMSC</agencyURI>
      <authorURI>smi:smi-registry/organization/EMSC</authorURI>
    </creationInfo>
  </magnitude>
</event>
<event publicID="quakeml:eu.emsc/event/19990423_0000023">
  <preferredOriginID>quakeml:eu.emsc/event/19990423_0000023/origin/1468424</preferredOriginID>
  <preferredMagnitudeID>quakeml:eu.emsc/event/19990423_0000023/origin/1468424/mag/1</preferredMagnitudeID>
  <creationInfo>
    <agencyURI>smi:smi-registry/organization/EMSC</agencyURI>
    <authorURI>smi:smi-registry/organization/EMSC</authorURI>
    <creationTime>2014-12-03T16:56:59.571976Z</creationTime>
  </creationInfo>
  <description>
    <text>FRANCE</text>
    <type>Flinn-Engdahl region</type>
  </description>
  <origin publicID="quakeml:eu.emsc/event/19990423_0000023/origin/1468424">
    <time>
      <value>1999-04-23T18:57:09.3Z</value>
      <uncertainty>0.06</uncertainty>
    </time>
    <latitude>
      <value>44.6159</value>
      <uncertainty>1.3</uncertainty>
    </latitude>
    <longitude>
      <value>6.8104</value>
      <uncertainty>1.1</uncertainty>
    </longitude>
    <depth>
      <value>10000</value>
    </depth>
    <depthType>from location</depthType>
    <methodID>smi:eu.emsc-csem/origin_method/NA</methodID>
    <quality>
      <usedPhaseCount>76</usedPhaseCount>
      <usedStationCount>41</usedStationCount>
      <standardError>0.66</standardError>
      <azimuthalGap>34</azimuthalGap>
      <minimumDistance>0.11</minimumDistance>
      <maximumDistance>3.39</maximumDistance>
    </quality>
    <evaluationMode>manual</evaluationMode>
    <creationInfo>
      <agencyURI>smi:smi-registry/organization/EMSC</agencyURI>
      <authorURI>smi:smi-registry/organization/EMSC</authorURI>
    </creationInfo>
    <originUncertainty>
      <azimuthMaxHorizontalUncertainty>72</azimuthMaxHorizontalUncertainty>
    </originUncertainty>
  </origin>
  <magnitude publicID="quakeml:eu.emsc/event/19990423_0000023/origin/1468424/mag/1">
    <mag>
      <value>2.2</value>
      <uncertainty>0.4</uncertainty>
    </mag>
    <type>ML</type>
    <originID>quakeml:eu.emsc/event/19990423_0000023/origin/1468424</originID>
    <stationCount>14</stationCount>
    <creationInfo>
      <agencyURI>smi:smi-registry/organization/EMSC</agencyURI>
      <authorURI>smi:smi-registry/organization/EMSC</authorURI>
    </creationInfo>
  </magnitude>
</event>
<event publicID="quakeml:eu.emsc/event/19990423_0000020">
  <preferredOriginID>quakeml:eu.emsc/event/19990423_0000020/origin/1475480</preferredOriginID>
  <preferredMagnitudeID>quakeml:eu.emsc/event/19990423_0000020/origin/1475480/mag/2</preferredMagnitudeID>
  <creationInfo>
    <agencyURI>smi:smi-registry/organization/EMSC</agencyURI>
    <authorURI>smi:smi-registry/organization/EMSC</authorURI>
    <creationTime>2014-12-10T13:00:27.218442Z</creationTime>
  </creationInfo>
  <description>
    <text>NEAR SOUTH COAST OF FRANCE</text>
    <type>Flinn-Engdahl region</type>
  </description>
  <origin publicID="quakeml:eu.emsc/event/19990423_0000020/origin/1475480">
    <time>
      <value>1999-04-23T18:27:14.9Z</value>
    </time>
    <latitude>
      <value>43.42</value>
      <uncertainty>9999.9</uncertainty>
    </latitude>
    <longitude>
      <value>5.43</value>
      <uncertainty>9999.9</uncertainty>
    </longitude>
    <depth>
      <value>1000</value>
    </depth>
    <depthType>from location</depthType>
    <methodID>smi:eu.emsc-csem/origin_method/NA</methodID>
    <quality>
      <usedPhaseCount>18</usedPhaseCount>
      <usedStationCount>14</usedStationCount>
      <standardError>0.9</standardError>
      <azimuthalGap>150</azimuthalGap>
      <minimumDistance>0.04</minimumDistance>
      <maximumDistance>1.64</maximumDistance>
    </quality>
    <evaluationMode>manual</evaluationMode>
    <creationInfo>
      <agencyURI>smi:smi-registry/organization/EMSC</agencyURI>
      <authorURI>smi:smi-registry/organization/EMSC</authorURI>
    </creationInfo>
    <originUncertainty>
      <azimuthMaxHorizontalUncertainty>-99</azimuthMaxHorizontalUncertainty>
    </originUncertainty>
  </origin>
  <magnitude publicID="quakeml:eu.emsc/event/19990423_0000020/origin/1475480/mag/2">
    <mag>
      <value>2.6</value>
    </mag>
    <type>ML</type>
    <originID>quakeml:eu.emsc/event/19990423_0000020/origin/1475480</originID>
    <creationInfo>
      <agencyURI>smi:smi-registry/organization/EMSC</agencyURI>
      <authorURI>smi:smi-registry/organization/EMSC</authorURI>
    </creationInfo>
  </magnitude>
</event>
<event publicID="quakeml:eu.emsc/event/19990423_0000008">
  <preferredOriginID>quakeml:eu.emsc/event/19990423_0000008/origin/1469395</preferredOriginID>
  <preferredMagnitudeID>quakeml:eu.emsc/event/19990423_0000008/origin/1469395/mag/2</preferredMagnitudeID>
  <creationInfo>
    <agencyURI>smi:smi-registry/organization/EMSC</agencyURI>
    <authorURI>smi:smi-registry/organization/EMSC</authorURI>
    <creationTime>2014-12-03T11:17:07.456485Z</creationTime>
  </creationInfo>
  <description>
    <text>WESTERN TURKEY</text>
    <type>Flinn-Engdahl region</type>
  </description>
  <origin publicID="quakeml:eu.emsc/event/19990423_0000008/origin/1469395">
    <time>
      <value>1999-04-23T18:19:49.0Z</value>
      <uncertainty>0.09</uncertainty>
    </time>
    <latitude>
      <value>36.1759</value>
      <uncertainty>4.6</uncertainty>
    </latitude>
    <longitude>
      <value>31.2436</value>
      <uncertainty>2.1</uncertainty>
    </longitude>
    <depth>
      <value>68100.0</value>
      <uncertainty>1.9</uncertainty>
    </depth>
    <depthType>from location</depthType>
    <methodID>smi:eu.emsc-csem/origin_method/NA</methodID>
    <quality>
      <usedPhaseCount>252</usedPhaseCount>
      <usedStationCount>248</usedStationCount>
      <standardError>1.01</standardError>
      <azimuthalGap>38</azimuthalGap>
      <minimumDistance>1.22</minimumDistance>
      <maximumDistance>46.24</maximumDistance>
    </quality>
    <evaluationMode>manual</evaluationMode>
    <creationInfo>
      <agencyURI>smi:smi-registry/organization/EMSC</agencyURI>
      <authorURI>smi:smi-registry/organization/EMSC</authorURI>
    </creationInfo>
    <originUncertainty>
      <azimuthMaxHorizontalUncertainty>56</azimuthMaxHorizontalUncertainty>
    </originUncertainty>
  </origin>
  <magnitude publicID="quakeml:eu.emsc/event/19990423_0000008/origin/1469395/mag/2">
    <mag>
      <value>4.6</value>
      <uncertainty>0.3</uncertainty>
    </mag>
    <type>mb</type>
    <originID>quakeml:eu.emsc/event/19990423_0000008/origin/1469395</originID>
    <stationCount>43</stationCount>
    <creationInfo>
      <agencyURI>smi:smi-registry/organization/EMSC</agencyURI>
      <authorURI>smi:smi-registry/organization/EMSC</authorURI>
    </creationInfo>
  </magnitude>
</event>
<event publicID="quakeml:eu.emsc/event/19990423_0000015">
  <preferredOriginID>quakeml:eu.emsc/event/19990423_0000015/origin/1475482</preferredOriginID>
  <preferredMagnitudeID>quakeml:eu.emsc/event/19990423_0000015/origin/1475482/mag/2</preferredMagnitudeID>
  <creationInfo>
    <agencyURI>smi:smi-registry/organization/EMSC</agencyURI>
    <authorURI>smi:smi-registry/organization/EMSC</authorURI>
    <creationTime>2014-12-10T13:00:26.727493Z</creationTime>
  </creationInfo>
  <description>
    <text>SWITZERLAND</text>
    <type>Flinn-Engdahl region</type>
  </description>
  <origin publicID="quakeml:eu.emsc/event/19990423_0000015/origin/1475482">
    <time>
      <value>1999-04-23T16:41:30.9Z</value>
    </time>
    <latitude>
      <value>46.004</value>
      <uncertainty>9999.9</uncertainty>
    </latitude>
    <longitude>
      <value>7.838</value>
      <uncertainty>9999.9</uncertainty>
    </longitude>
    <depth>
      <value>8400.0</value>
    </depth>
    <depthType>from location</depthType>
    <methodID>smi:eu.emsc-csem/origin_method/NA</methodID>
    <quality>
      <usedPhaseCount>10</usedPhaseCount>
      <usedStationCount>4</usedStationCount>
      <standardError>0.69</standardError>
      <azimuthalGap>222</azimuthalGap>
      <minimumDistance>0.1</minimumDistance>
      <maximumDistance>0.46</maximumDistance>
    </quality>
    <evaluationMode>manual</evaluationMode>
    <creationInfo>
      <agencyURI>smi:smi-registry/organization/EMSC</agencyURI>
      <authorURI>smi:smi-registry/organization/EMSC</authorURI>
    </creationInfo>
    <originUncertainty>
      <azimuthMaxHorizontalUncertainty>-99</azimuthMaxHorizontalUncertainty>
    </originUncertainty>
  </origin>
  <magnitude publicID="quakeml:eu.emsc/event/19990423_0000015/origin/1475482/mag/2">
    <mag>
      <value>1.3</value>
    </mag>
    <type>ML</type>
    <originID>quakeml:eu.emsc/event/19990423_0000015/origin/1475482</originID>
    <stationCount>5</stationCount>
    <creationInfo>
      <agencyURI>smi:smi-registry/organization/EMSC</agencyURI>
      <authorURI>smi:smi-registry/organization/EMSC</authorURI>
    </creationInfo>
  </magnitude>
</event>
<event publicID="quakeml:eu.emsc/event/19990423_0000006">
  <preferredOriginID>quakeml:eu.emsc/event/19990423_0000006/origin/1475484</preferredOriginID>
  <preferredMagnitudeID>quakeml:eu.emsc/event/19990423_0000006/origin/1475484/mag/2</preferredMagnitudeID>
  <creationInfo>
    <agencyURI>smi:smi-registry/organization/EMSC</agencyURI>
    <authorURI>smi:smi-registry/organization/EMSC</authorURI>
    <creationTime>2014-12-11T12:32:52.750368Z</creationTime>
  </creationInfo>
  <description>
    <text>WESTERN TURKEY</text>
    <type>Flinn-Engdahl region</type>
  </description>
  <origin publicID="quakeml:eu.emsc/event/19990423_0000006/origin/1475484">
    <time>
      <value>1999-04-23T16:06:39.7Z</value>
    </time>
    <latitude>
      <value>40.005</value>
      <uncertainty>9999.9</uncertainty>
    </latitude>
    <longitude>
      <value>28.815</value>
      <uncertainty>9999.9</uncertainty>
    </longitude>
    <depth>
      <value>7000</value>
    </depth>
    <depthType>from location</depthType>
    <methodID>smi:eu.emsc-csem/origin_method/NA</methodID>
    <quality>
      <usedPhaseCount>10</usedPhaseCount>
      <usedStationCount>7</usedStationCount>
      <standardError>1.06</standardError>
      <azimuthalGap>124</azimuthalGap>
      <minimumDistance>0.43</minimumDistance>
      <maximumDistance>1.19</maximumDistance>
    </quality>
    <evaluationMode>manual</evaluationMode>
    <creationInfo>
      <agencyURI>smi:smi-registry/organization/EMSC</agencyURI>
      <authorURI>smi:smi-registry/organization/EMSC</authorURI>
    </creationInfo>
    <originUncertainty>
      <azimuthMaxHorizontalUncertainty>-99</azimuthMaxHorizontalUncertainty>
    </originUncertainty>
  </origin>
  <magnitude publicID="quakeml:eu.emsc/event/19990423_0000006/origin/1475484/mag/2">
    <mag>
      <value>2.9</value>
    </mag>
    <type>MD</type>
    <originID>quakeml:eu.emsc/event/19990423_0000006/origin/1475484</originID>
    <creationInfo>
      <agencyURI>smi:smi-registry/organization/EMSC</agencyURI>
      <authorURI>smi:smi-registry/organization/EMSC</authorURI>
    </creationInfo>
  </magnitude>
</event>
<event publicID="quakeml:eu.emsc/event/19990423_0000021">
  <preferredOriginID>quakeml:eu.emsc/event/19990423_0000021/origin/1475486</preferredOriginID>
  <preferredMagnitudeID>quakeml:eu.emsc/event/19990423_0000021/origin/1475486/mag/2</preferredMagnitudeID>
  <creationInfo>
    <agencyURI>smi:smi-registry/organization/EMSC</agencyURI>
    <authorURI>smi:smi-registry/organization/EMSC</authorURI>
    <creationTime>2014-12-10T13:00:26.247091Z</creationTime>
  </creationInfo>
  <description>
    <text>SWITZERLAND</text>
    <type>Flinn-Engdahl region</type>
  </description>
  <origin publicID="quakeml:eu.emsc/event/19990423_0000021/origin/1475486">
    <time>
      <value>1999-04-23T12:47:48.3Z</value>
    </time>
    <latitude>
      <value>46.995</value>
      <uncertainty>9999.9</uncertainty>
    </latitude>
    <longitude>
      <value>8.585</value>
      <uncertainty>9999.9</uncertainty>
    </longitude>
    <depth>
      <value>0</value>
    </depth>
    <depthType>from location</depthType>
    <methodID>smi:eu.emsc-csem/origin_method/NA</methodID>
    <quality>
      <usedPhaseCount>7</usedPhaseCount>
      <usedStationCount>4</usedStationCount>
      <standardError>0.65</standardError>
      <azimuthalGap>214</azimuthalGap>
      <minimumDistance>0.04</minimumDistance>
      <maximumDistance>0.4</maximumDistance>
    </quality>
    <evaluationMode>manual</evaluationMode>
    <creationInfo>
      <agencyURI>smi:smi-registry/organization/EMSC</agencyURI>
      <authorURI>smi:smi-registry/organization/EMSC</authorURI>
    </creationInfo>
    <originUncertainty>
      <azimuthMaxHorizontalUncertainty>-99</azimuthMaxHorizontalUncertainty>
    </originUncertainty>
  </origin>
  <magnitude publicID="quakeml:eu.emsc/event/19990423_0000021/origin/1475486/mag/2">
    <mag>
      <value>1.3</value>
    </mag>
    <type>ML</type>
    <originID>quakeml:eu.emsc/event/19990423_0000021/origin/1475486</originID>
    <stationCount>5</stationCount>
    <creationInfo>
      <agencyURI>smi:smi-registry/organization/EMSC</agencyURI>
      <authorURI>smi:smi-registry/organization/EMSC</authorURI>
    </creationInfo>
  </magnitude>
</event>
<event publicID="quakeml:eu.emsc/event/19990423_0000017">
  <preferredOriginID>quakeml:eu.emsc/event/19990423_0000017/origin/1475488</preferredOriginID>
  <preferredMagnitudeID>quakeml:eu.emsc/event/19990423_0000017/origin/1475488/mag/2</preferredMagnitudeID>
  <creationInfo>
    <agencyURI>smi:smi-registry/organization/EMSC</agencyURI>
    <authorURI>smi:smi-registry/organization/EMSC</authorURI>
    <creationTime>2014-12-10T13:00:25.756812Z</creationTime>
  </creationInfo>
  <description>
    <text>SWITZERLAND</text>
    <type>Flinn-Engdahl region</type>
  </description>
  <origin publicID="quakeml:eu.emsc/event/19990423_0000017/origin/1475488">
    <time>
      <value>1999-04-23T12:34:18.2Z</value>
    </time>
    <latitude>
      <value>47.13</value>
      <uncertainty>9999.9</uncertainty>
    </latitude>
    <longitude>
      <value>9.347</value>
      <uncertainty>9999.9</uncertainty>
    </longitude>
    <depth>
      <value>0</value>
    </depth>
    <depthType>from location</depthType>
    <methodID>smi:eu.emsc-csem/origin_method/NA</methodID>
    <quality>
      <usedPhaseCount>7</usedPhaseCount>
      <usedStationCount>5</usedStationCount>
      <standardError>1.1</standardError>
      <azimuthalGap>134</azimuthalGap>
      <minimumDistance>0.12</minimumDistance>
      <maximumDistance>1.97</maximumDistance>
    </quality>
    <evaluationMode>manual</evaluationMode>
    <creationInfo>
      <agencyURI>smi:smi-registry/organization/EMSC</agencyURI>
      <authorURI>smi:smi-registry/organization/EMSC</authorURI>
    </creationInfo>
    <originUncertainty>
      <azimuthMaxHorizontalUncertainty>-99</azimuthMaxHorizontalUncertainty>
    </originUncertainty>
  </origin>
  <magnitude publicID="quakeml:eu.emsc/event/19990423_0000017/origin/1475488/mag/2">
    <mag>
      <value>1.9</value>
    </mag>
    <type>ML</type>
    <originID>quakeml:eu.emsc/event/19990423_0000017/origin/1475488</originID>
    <stationCount>7</stationCount>
    <creationInfo>
      <agencyURI>smi:smi-registry/organization/EMSC</agencyURI>
      <authorURI>smi:smi-registry/organization/EMSC</authorURI>
    </creationInfo>
  </magnitude>
</event>
<event publicID="quakeml:eu.emsc/event/19990423_0000005">
  <preferredOriginID>quakeml:eu.emsc/event/19990423_0000005/origin/1475490</preferredOriginID>
  <preferredMagnitudeID>quakeml:eu.emsc/event/19990423_0000005/origin/1475490/mag/2</preferredMagnitudeID>
  <creationInfo>
    <agencyURI>smi:smi-registry/organization/EMSC</agencyURI>
    <authorURI>smi:smi-registry/organization/EMSC</authorURI>
    <creationTime>2014-12-11T12:32:36.567485Z</creationTime>
  </creationInfo>
  <description>
    <text>WESTERN TURKEY</text>
    <type>Flinn-Engdahl region</type>
  </description>
  <origin publicID="quakeml:eu.emsc/event/19990423_0000005/origin/1475490">
    <time>
      <value>1999-04-23T12:26:46.9Z</value>
    </time>
    <latitude>
      <value>39.035</value>
      <uncertainty>9999.9</uncertainty>
    </latitude>
    <longitude>
      <value>29.997</value>
      <uncertainty>9999.9</uncertainty>
    </longitude>
    <depth>
      <value>10000</value>
    </depth>
    <depthType>from location</depthType>
    <methodID>smi:eu.emsc-csem/origin_method/NA</methodID>
    <quality>
      <usedPhaseCount>12</usedPhaseCount>
      <usedStationCount>10</usedStationCount>
      <standardError>1.39</standardError>
      <azimuthalGap>130</azimuthalGap>
      <minimumDistance>0.8</minimumDistance>
      <maximumDistance>2.23</maximumDistance>
    </quality>
    <evaluationMode>manual</evaluationMode>
    <creationInfo>
      <agencyURI>smi:smi-registry/organization/EMSC</agencyURI>
      <authorURI>smi:smi-registry/organization/EMSC</authorURI>
    </creationInfo>
    <originUncertainty>
      <azimuthMaxHorizontalUncertainty>-99</azimuthMaxHorizontalUncertainty>
    </originUncertainty>
  </origin>
  <magnitude publicID="quakeml:eu.emsc/event/19990423_0000005/origin/1475490/mag/2">
    <mag>
      <value>3.1</value>
    </mag>
    <type>MD</type>
    <originID>quakeml:eu.emsc/event/19990423_0000005/origin/1475490</originID>
    <creationInfo>
      <agencyURI>smi:smi-registry/organization/EMSC</agencyURI>
      <authorURI>smi:smi-registry/organization/EMSC</authorURI>
    </creationInfo>
  </magnitude>
</event>
<event publicID="quakeml:eu.emsc/event/19990423_0000016">
  <preferredOriginID>quakeml:eu.emsc/event/19990423_0000016/origin/1468427</preferredOriginID>
  <preferredMagnitudeID>quakeml:eu.emsc/event/19990423_0000016/origin/1468427/mag/1</preferredMagnitudeID>
  <creationInfo>
    <agencyURI>smi:smi-registry/organization/EMSC</agencyURI>
    <authorURI>smi:smi-registry/organization/EMSC</authorURI>
    <creationTime>2014-12-03T15:39:12.939812Z</creationTime>
  </creationInfo>
  <description>
    <text>NEAR SOUTH COAST OF FRANCE</text>
    <type>Flinn-Engdahl region</type>
  </description>
  <origin publicID="quakeml:eu.emsc/event/19990423_0000016/origin/1468427">
    <time>
      <value>1999-04-23T11:36:38.6Z</value>
      <uncertainty>0.15</uncertainty>
    </time>
    <latitude>
      <value>43.9267</value>
      <uncertainty>3.3</uncertainty>
    </latitude>
    <longitude>
      <value>7.2038</value>
      <uncertainty>3</uncertainty>
    </longitude>
    <depth>
      <value>10000</value>
    </depth>
    <depthType>from location</depthType>
    <methodID>smi:eu.emsc-csem/origin_method/NA</methodID>
    <quality>
      <usedPhaseCount>29</usedPhaseCount>
      <usedStationCount>16</usedStationCount>
      <standardError>0.89</standardError>
      <azimuthalGap>73</azimuthalGap>
      <minimumDistance>0.05</minimumDistance>
      <maximumDistance>2.8</maximumDistance>
    </quality>
    <evaluationMode>manual</evaluationMode>
    <creationInfo>
      <agencyURI>smi:smi-registry/organization/EMSC</agencyURI>
      <authorURI>smi:smi-registry/organization/EMSC</authorURI>
    </creationInfo>
    <originUncertainty>
      <azimuthMaxHorizontalUncertainty>69</azimuthMaxHorizontalUncertainty>
    </originUncertainty>
  </origin>
  <magnitude publicID="quakeml:eu.emsc/event/19990423_0000016/origin/1468427/mag/1">
    <mag>
      <value>2</value>
      <uncertainty>0.3</uncertainty>
    </mag>
    <type>ML</type>
    <originID>quakeml:eu.emsc/event/19990423_0000016/origin/1468427</originID>
    <stationCount>8</stationCount>
    <creationInfo>
      <agencyURI>smi:smi-registry/organization/EMSC</agencyURI>
      <authorURI>smi:smi-registry/organization/EMSC</authorURI>
    </creationInfo>
  </magnitude>
</event>
<event publicID="quakeml:eu.emsc/event/19990423_0000018">
  <preferredOriginID>quakeml:eu.emsc/event/19990423_0000018/origin/1475492</preferredOriginID>
  <preferredMagnitudeID>quakeml:eu.emsc/event/19990423_0000018/origin/1475492/mag/2</preferredMagnitudeID>
  <creationInfo>
    <agencyURI>smi:smi-registry/organization/EMSC</agencyURI>
    <authorURI>smi:smi-registry/organization/EMSC</authorURI>
    <creationTime>2014-12-10T13:00:25.273385Z</creationTime>
  </creationInfo>
  <description>
    <text>NEAR SOUTH COAST OF FRANCE</text>
    <type>Flinn-Engdahl region</type>
  </description>
  <origin publicID="quakeml:eu.emsc/event/19990423_0000018/origin/1475492">
    <time>
      <value>1999-04-23T11:23:24.4Z</value>
    </time>
    <latitude>
      <value>43.44</value>
      <uncertainty>9999.9</uncertainty>
    </latitude>
    <longitude>
      <value>5.42</value>
      <uncertainty>9999.9</uncertainty>
    </longitude>
    <depth>
      <value>1000</value>
    </depth>
    <depthType>from location</depthType>
    <methodID>smi:eu.emsc-csem/origin_method/NA</methodID>
    <quality>
      <usedPhaseCount>17</usedPhaseCount>
      <usedStationCount>15</usedStationCount>
      <standardError>1.08</standardError>
      <azimuthalGap>145</azimuthalGap>
      <minimumDistance>0.06</minimumDistance>
      <maximumDistance>2.38</maximumDistance>
    </quality>
    <evaluationMode>manual</evaluationMode>
    <creationInfo>
      <agencyURI>smi:smi-registry/organization/EMSC</agencyURI>
      <authorURI>smi:smi-registry/organization/EMSC</authorURI>
    </creationInfo>
    <originUncertainty>
      <azimuthMaxHorizontalUncertainty>-99</azimuthMaxHorizontalUncertainty>
    </originUncertainty>
  </origin>
  <magnitude publicID="quakeml:eu.emsc/event/19990423_0000018/origin/1475492/mag/2">
    <mag>
      <value>2.7</value>
    </mag>
    <type>ML</type>
    <originID>quakeml:eu.emsc/event/19990423_0000018/origin/1475492</originID>
    <creationInfo>
      <agencyURI>smi:smi-registry/organization/EMSC</agencyURI>
      <authorURI>smi:smi-registry/organization/EMSC</authorURI>
    </creationInfo>
  </magnitude>
</event>
<event publicID="quakeml:eu.emsc/event/19990423_0000012">
  <preferredOriginID>quakeml:eu.emsc/event/19990423_0000012/origin/1535452</preferredOriginID>
  <preferredMagnitudeID>quakeml:eu.emsc/event/19990423_0000012/origin/1535452/mag/2</preferredMagnitudeID>
  <creationInfo>
    <agencyURI>smi:smi-registry/organization/EMSC</agencyURI>
    <authorURI>smi:smi-registry/organization/EMSC</authorURI>
    <creationTime>2014-12-10T21:58:31.435992Z</creationTime>
  </creationInfo>
  <description>
    <text>THE NETHERLANDS</text>
    <type>Flinn-Engdahl region</type>
  </description>
  <origin publicID="quakeml:eu.emsc/event/19990423_0000012/origin/1535452">
    <time>
      <value>1999-04-23T10:35:44.2Z</value>
    </time>
    <latitude>
      <value>50.8867</value>
      <uncertainty>9999.9</uncertainty>
    </latitude>
    <longitude>
      <value>5.8435</value>
      <uncertainty>9999.9</uncertainty>
    </longitude>
    <depth>
      <value>5500.0</value>
    </depth>
    <depthType>from location</depthType>
    <methodID>smi:eu.emsc-csem/origin_method/NA</methodID>
    <quality>
      <usedPhaseCount>14</usedPhaseCount>
      <usedStationCount>8</usedStationCount>
      <standardError>0.36</standardError>
      <azimuthalGap>264</azimuthalGap>
      <minimumDistance>0.14</minimumDistance>
      <maximumDistance>1.24</maximumDistance>
    </quality>
    <evaluationMode>manual</evaluationMode>
    <creationInfo>
      <agencyURI>smi:smi-registry/organization/EMSC</agencyURI>
      <authorURI>smi:smi-registry/organization/EMSC</authorURI>
    </creationInfo>
    <originUncertainty>
      <azimuthMaxHorizontalUncertainty>-99</azimuthMaxHorizontalUncertainty>
    </originUncertainty>
  </origin>
  <magnitude publicID="quakeml:eu.emsc/event/19990423_0000012/origin/1535452/mag/2">
    <mag>
      <value>2</value>
      <uncertainty>0.3</uncertainty>
    </mag>
    <type>ML</type>
    <originID>quakeml:eu.emsc/event/19990423_0000012/origin/1535452</originID>
    <creationInfo>
      <agencyURI>smi:smi-registry/organization/EMSC</agencyURI>
      <authorURI>smi:smi-registry/organization/EMSC</authorURI>
    </creationInfo>
  </magnitude>
</event>
<event publicID="quakeml:eu.emsc/event/19990423_0000003">
  <preferredOriginID>quakeml:eu.emsc/event/19990423_0000003/origin/1468930</preferredOriginID>
  <preferredMagnitudeID>quakeml:eu.emsc/event/19990423_0000003/origin/1468930/mag/2</preferredMagnitudeID>
  <creationInfo>
    <agencyURI>smi:smi-registry/organization/EMSC</agencyURI>
    <authorURI>smi:smi-registry/organization/EMSC</authorURI>
    <creationTime>2014-12-03T11:35:09.992647Z</creationTime>
  </creationInfo>
  <description>
    <text>CRETE, GREECE</text>
    <type>Flinn-Engdahl region</type>
  </description>
  <origin publicID="quakeml:eu.emsc/event/19990423_0000003/origin/1468930">
    <time>
      <value>1999-04-23T10:25:53.6Z</value>
      <uncertainty>0.47</uncertainty>
    </time>
    <latitude>
      <value>35.4513</value>
      <uncertainty>17.3</uncertainty>
    </latitude>
    <longitude>
      <value>26.1341</value>
      <uncertainty>7.1</uncertainty>
    </longitude>
    <depth>
      <value>5000</value>
    </depth>
    <depthType>from location</depthType>
    <methodID>smi:eu.emsc-csem/origin_method/NA</methodID>
    <quality>
      <usedPhaseCount>17</usedPhaseCount>
      <usedStationCount>16</usedStationCount>
      <standardError>1.1</standardError>
      <azimuthalGap>163</azimuthalGap>
      <minimumDistance>0.47</minimumDistance>
      <maximumDistance>24.17</maximumDistance>
    </quality>
    <evaluationMode>manual</evaluationMode>
    <creationInfo>
      <agencyURI>smi:smi-registry/organization/EMSC</agencyURI>
      <authorURI>smi:smi-registry/organization/EMSC</authorURI>
    </creationInfo>
    <originUncertainty>
      <azimuthMaxHorizontalUncertainty>167</azimuthMaxHorizontalUncertainty>
    </originUncertainty>
  </origin>
  <magnitude publicID="quakeml:eu.emsc/event/19990423_0000003/origin/1468930/mag/2">
    <mag>
      <value>3.9</value>
    </mag>
    <type>MD</type>
    <originID>quakeml:eu.emsc/event/19990423_0000003/origin/1468930</originID>
    <creationInfo>
      <agencyURI>smi:smi-registry/organization/EMSC</agencyURI>
      <authorURI>smi:smi-registry/organization/EMSC</authorURI>
    </creationInfo>
  </magnitude>
</event>
<event publicID="quakeml:eu.emsc/event/19990423_0000002">
  <preferredOriginID>quakeml:eu.emsc/event/19990423_0000002/origin/1475494</preferredOriginID>
  <preferredMagnitudeID>quakeml:eu.emsc/event/19990423_0000002/origin/1475494/mag/2</preferredMagnitudeID>
  <creationInfo>
    <agencyURI>smi:smi-registry/organization/EMSC</agencyURI>
    <authorURI>smi:smi-registry/organization/EMSC</authorURI>
    <creationTime>2014-12-11T12:31:29.516004Z</creationTime>
  </creationInfo>
  <description>
    <text>WESTERN TURKEY</text>
    <type>Flinn-Engdahl region</type>
  </description>
  <origin publicID="quakeml:eu.emsc/event/19990423_0000002/origin/1475494">
    <time>
      <value>1999-04-23T10:18:28.5Z</value>
    </time>
    <latitude>
      <value>39.626</value>
      <uncertainty>9999.9</uncertainty>
    </latitude>
    <longitude>
      <value>29.088</value>
      <uncertainty>9999.9</uncertainty>
    </longitude>
    <depth>
      <value>8000</value>
    </depth>
    <depthType>from location</depthType>
    <methodID>smi:eu.emsc-csem/origin_method/NA</methodID>
    <quality>
      <usedPhaseCount>14</usedPhaseCount>
      <usedStationCount>11</usedStationCount>
      <standardError>0.94</standardError>
      <azimuthalGap>110</azimuthalGap>
      <minimumDistance>0.36</minimumDistance>
      <maximumDistance>1.88</maximumDistance>
    </quality>
    <evaluationMode>manual</evaluationMode>
    <creationInfo>
      <agencyURI>smi:smi-registry/organization/EMSC</agencyURI>
      <authorURI>smi:smi-registry/organization/EMSC</authorURI>
    </creationInfo>
    <originUncertainty>
      <azimuthMaxHorizontalUncertainty>-99</azimuthMaxHorizontalUncertainty>
    </originUncertainty>
  </origin>
  <magnitude publicID="quakeml:eu.emsc/event/19990423_0000002/origin/1475494/mag/2">
    <mag>
      <value>3</value>
    </mag>
    <type>MD</type>
    <originID>quakeml:eu.emsc/event/19990423_0000002/origin/1475494</originID>
    <creationInfo>
      <agencyURI>smi:smi-registry/organization/EMSC</agencyURI>
      <authorURI>smi:smi-registry/organization/EMSC</authorURI>
    </creationInfo>
  </magnitude>
</event>
<event publicID="quakeml:eu.emsc/event/19990423_0000022">
  <preferredOriginID>quakeml:eu.emsc/event/19990423_0000022/origin/1475496</preferredOriginID>
  <preferredMagnitudeID>quakeml:eu.emsc/event/19990423_0000022/origin/1475496/mag/2</preferredMagnitudeID>
  <creationInfo>
    <agencyURI>smi:smi-registry/organization/EMSC</agencyURI>
    <authorURI>smi:smi-registry/organization/EMSC</authorURI>
    <creationTime>2014-12-10T13:00:24.779336Z</creationTime>
  </creationInfo>
  <description>
    <text>SWITZERLAND</text>
    <type>Flinn-Engdahl region</type>
  </description>
  <origin publicID="quakeml:eu.emsc/event/19990423_0000022/origin/1475496">
    <time>
      <value>1999-04-23T07:51:23.8Z</value>
    </time>
    <latitude>
      <value>47.133</value>
      <uncertainty>9999.9</uncertainty>
    </latitude>
    <longitude>
      <value>9.288</value>
      <uncertainty>9999.9</uncertainty>
    </longitude>
    <depth>
      <value>0</value>
    </depth>
    <depthType>from location</depthType>
    <methodID>smi:eu.emsc-csem/origin_method/NA</methodID>
    <quality>
      <usedPhaseCount>9</usedPhaseCount>
      <usedStationCount>4</usedStationCount>
      <standardError>0.47</standardError>
      <azimuthalGap>111</azimuthalGap>
      <minimumDistance>0.12</minimumDistance>
      <maximumDistance>0.46</maximumDistance>
    </quality>
    <evaluationMode>manual</evaluationMode>
    <creationInfo>
      <agencyURI>smi:smi-registry/organization/EMSC</agencyURI>
      <authorURI>smi:smi-registry/organization/EMSC</authorURI>
    </creationInfo>
    <originUncertainty>
      <azimuthMaxHorizontalUncertainty>-99</azimuthMaxHorizontalUncertainty>
    </originUncertainty>
  </origin>
  <magnitude publicID="quakeml:eu.emsc/event/19990423_0000022/origin/1475496/mag/2">
    <mag>
      <value>1.4</value>
    </mag>
    <type>ML</type>
    <originID>quakeml:eu.emsc/event/19990423_0000022/origin/1475496</originID>
    <stationCount>6</stationCount>
    <creationInfo>
      <agencyURI>smi:smi-registry/organization/EMSC</agencyURI>
      <authorURI>smi:smi-registry/organization/EMSC</authorURI>
    </creationInfo>
  </magnitude>
</event>
<event publicID="quakeml:eu.emsc/event/19990423_0000014">
  <preferredOriginID>quakeml:eu.emsc/event/19990423_0000014/origin/1475498</preferredOriginID>
  <preferredMagnitudeID>quakeml:eu.emsc/event/19990423_0000014/origin/1475498/mag/2</preferredMagnitudeID>
  <creationInfo>
    <agencyURI>smi:smi-registry/organization/EMSC</agencyURI>
    <authorURI>smi:smi-registry/organization/EMSC</authorURI>
    <creationTime>2014-12-10T13:00:24.297342Z</creationTime>
  </creationInfo>
  <description>
    <text>PYRENEES</text>
    <type>Flinn-Engdahl region</type>
  </description>
  <origin publicID="quakeml:eu.emsc/event/19990423_0000014/origin/1475498">
    <time>
      <value>1999-04-23T06:35:23.9Z</value>
    </time>
    <latitude>
      <value>43.05</value>
      <uncertainty>9999.9</uncertainty>
    </latitude>
    <longitude>
      <value>-0.22</value>
      <uncertainty>9999.9</uncertainty>
    </longitude>
    <depth>
      <value>10000</value>
    </depth>
    <depthType>from location</depthType>
    <methodID>smi:eu.emsc-csem/origin_method/NA</methodID>
    <quality>
      <usedPhaseCount>10</usedPhaseCount>
      <usedStationCount>5</usedStationCount>
      <standardError>0.54</standardError>
      <azimuthalGap>171</azimuthalGap>
      <minimumDistance>0.13</minimumDistance>
      <maximumDistance>0.35</maximumDistance>
    </quality>
    <evaluationMode>manual</evaluationMode>
    <creationInfo>
      <agencyURI>smi:smi-registry/organization/EMSC</agencyURI>
      <authorURI>smi:smi-registry/organization/EMSC</authorURI>
    </creationInfo>
    <originUncertainty>
      <azimuthMaxHorizontalUncertainty>-99</azimuthMaxHorizontalUncertainty>
    </originUncertainty>
  </origin>
  <magnitude publicID="quakeml:eu.emsc/event/19990423_0000014/origin/1475498/mag/2">
    <mag>
      <value>1</value>
    </mag>
    <type>ML</type>
    <originID>quakeml:eu.emsc/event/19990423_0000014/origin/1475498</originID>
    <creationInfo>
      <agencyURI>smi:smi-registry/organization/EMSC</agencyURI>
      <authorURI>smi:smi-registry/organization/EMSC</authorURI>
    </creationInfo>
  </magnitude>
</event>
<event publicID="quakeml:eu.emsc/event/19990423_0000019">
  <preferredOriginID>quakeml:eu.emsc/event/19990423_0000019/origin/1468430</preferredOriginID>
  <preferredMagnitudeID>quakeml:eu.emsc/event/19990423_0000019/origin/1468430/mag/1</preferredMagnitudeID>
  <creationInfo>
    <agencyURI>smi:smi-registry/organization/EMSC</agencyURI>
    <authorURI>smi:smi-registry/organization/EMSC</authorURI>
    <creationTime>2014-12-03T16:30:52.398736Z</creationTime>
  </creationInfo>
  <description>
    <text>FRANCE</text>
    <type>Flinn-Engdahl region</type>
  </description>
  <origin publicID="quakeml:eu.emsc/event/19990423_0000019/origin/1468430">
    <time>
      <value>1999-04-23T06:25:58.6Z</value>
      <uncertainty>0.14</uncertainty>
    </time>
    <latitude>
      <value>45.0594</value>
      <uncertainty>3.2</uncertainty>
    </latitude>
    <longitude>
      <value>5.7297</value>
      <uncertainty>2.3</uncertainty>
    </longitude>
    <depth>
      <value>2000</value>
    </depth>
    <depthType>from location</depthType>
    <methodID>smi:eu.emsc-csem/origin_method/NA</methodID>
    <quality>
      <usedPhaseCount>43</usedPhaseCount>
      <usedStationCount>21</usedStationCount>
      <standardError>1.08</standardError>
      <azimuthalGap>70</azimuthalGap>
      <minimumDistance>0.18</minimumDistance>
      <maximumDistance>2.98</maximumDistance>
    </quality>
    <evaluationMode>manual</evaluationMode>
    <creationInfo>
      <agencyURI>smi:smi-registry/organization/EMSC</agencyURI>
      <authorURI>smi:smi-registry/organization/EMSC</authorURI>
    </creationInfo>
    <originUncertainty>
      <azimuthMaxHorizontalUncertainty>49</azimuthMaxHorizontalUncertainty>
    </originUncertainty>
  </origin>
  <magnitude publicID="quakeml:eu.emsc/event/19990423_0000019/origin/1468430/mag/1">
    <mag>
      <value>2.5</value>
      <uncertainty>0.3</uncertainty>
    </mag>
    <type>ML</type>
    <originID>quakeml:eu.emsc/event/19990423_0000019/origin/1468430</originID>
    <stationCount>18</stationCount>
    <creationInfo>
      <agencyURI>smi:smi-registry/organization/EMSC</agencyURI>
      <authorURI>smi:smi-registry/organization/EMSC</authorURI>
    </creationInfo>
  </magnitude>
</event>
</eventParameters>
</q:quakeml>
