<?xml version="1.0"?>
<q:quakeml xmlns:q="http://quakeml.org/xmlns/quakeml/1.2"  xmlns="http://quakeml.org/xmlns/bed/1.2">
<eventParameters publicID="smi:eu.emsc/unid">
<event publicID="quakeml:eu.emsc/event/19990308_0000015">
  <preferredOriginID>quakeml:eu.emsc/event/19990308_0000015/origin/1476070</preferredOriginID>
  <preferredMagnitudeID>quakeml:eu.emsc/event/19990308_0000015/origin/1476070/mag/2</preferredMagnitudeID>
  <creationInfo>
    <agencyURI>smi:smi-registry/organization/EMSC</agencyURI>
    <authorURI>smi:smi-registry/organization/EMSC</authorURI>
    <creationTime>2014-12-11T09:06:40.804556Z</creationTime>
  </creationInfo>
  <description>
    <text>CRETE, GREECE</text>
    <type>Flinn-Engdahl region</type>
  </description>
  <origin publicID="quakeml:eu.emsc/event/19990308_0000015/origin/1476070">
    <time>
      <value>1999-03-08T22:54:14.3Z</value>
    </time>
    <latitude>
      <value>34.71</value>
      <uncertainty>9999.9</uncertainty>
    </latitude>
    <longitude>
      <value>24.83</value>
      <uncertainty>9999.9</uncertainty>
    </longitude>
    <depth>
      <value>17000</value>
    </depth>
    <depthType>from location</depthType>
    <methodID>smi:eu.emsc-csem/origin_method/NA</methodID>
    <quality>
      <usedPhaseCount>8</usedPhaseCount>
      <usedStationCount>7</usedStationCount>
      <standardError>1.86</standardError>
      <azimuthalGap>240</azimuthalGap>
      <minimumDistance>0.73</minimumDistance>
      <maximumDistance>2.53</maximumDistance>
    </quality>
    <evaluationMode>manual</evaluationMode>
    <creationInfo>
      <agencyURI>smi:smi-registry/organization/EMSC</agencyURI>
      <authorURI>smi:smi-registry/organization/EMSC</authorURI>
    </creationInfo>
    <originUncertainty>
      <azimuthMaxHorizontalUncertainty>-99</azimuthMaxHorizontalUncertainty>
    </originUncertainty>
  </origin>
  <magnitude publicID="quakeml:eu.emsc/event/19990308_0000015/origin/1476070/mag/2">
    <mag>
      <value>3.6</value>
    </mag>
    <type>MD</type>
    <originID>quakeml:eu.emsc/event/19990308_0000015/origin/1476070</originID>
    <creationInfo>
      <agencyURI>smi:smi-registry/organization/EMSC</agencyURI>
      <authorURI>smi:smi-registry/organization/EMSC</authorURI>
    </creationInfo>
  </magnitude>
</event>
<event publicID="quakeml:eu.emsc/event/19990308_0000025">
  <preferredOriginID>quakeml:eu.emsc/event/19990308_0000025/origin/1478860</preferredOriginID>
  <preferredMagnitudeID>quakeml:eu.emsc/event/19990308_0000025/origin/1478860/mag/1</preferredMagnitudeID>
  <creationInfo>
    <agencyURI>smi:smi-registry/organization/EMSC</agencyURI>
    <authorURI>smi:smi-registry/organization/EMSC</authorURI>
    <creationTime>2014-12-03T16:49:48.956212Z</creationTime>
  </creationInfo>
  <description>
    <text>NEAR SOUTH COAST OF FRANCE</text>
    <type>Flinn-Engdahl region</type>
  </description>
  <origin publicID="quakeml:eu.emsc/event/19990308_0000025/origin/1478860">
    <time>
      <value>1999-03-08T22:53:50.8Z</value>
      <uncertainty>0.28</uncertainty>
    </time>
    <latitude>
      <value>43.7711</value>
      <uncertainty>5.4</uncertainty>
    </latitude>
    <longitude>
      <value>7.7009</value>
      <uncertainty>2.9</uncertainty>
    </longitude>
    <depth>
      <value>19300.0</value>
      <uncertainty>0.1</uncertainty>
    </depth>
    <depthType>from location</depthType>
    <methodID>smi:eu.emsc-csem/origin_method/NA</methodID>
    <quality>
      <usedPhaseCount>32</usedPhaseCount>
      <usedStationCount>17</usedStationCount>
      <standardError>1.02</standardError>
      <azimuthalGap>203</azimuthalGap>
      <minimumDistance>0.24</minimumDistance>
      <maximumDistance>1.85</maximumDistance>
    </quality>
    <evaluationMode>manual</evaluationMode>
    <creationInfo>
      <agencyURI>smi:smi-registry/organization/EMSC</agencyURI>
      <authorURI>smi:smi-registry/organization/EMSC</authorURI>
    </creationInfo>
    <originUncertainty>
      <azimuthMaxHorizontalUncertainty>138</azimuthMaxHorizontalUncertainty>
    </originUncertainty>
  </origin>
  <magnitude publicID="quakeml:eu.emsc/event/19990308_0000025/origin/1478860/mag/1">
    <mag>
      <value>2.1</value>
      <uncertainty>0.2</uncertainty>
    </mag>
    <type>ML</type>
    <originID>quakeml:eu.emsc/event/19990308_0000025/origin/1478860</originID>
    <stationCount>6</stationCount>
    <creationInfo>
      <agencyURI>smi:smi-registry/organization/EMSC</agencyURI>
      <authorURI>smi:smi-registry/organization/EMSC</authorURI>
    </creationInfo>
  </magnitude>
</event>
<event publicID="quakeml:eu.emsc/event/19990308_0000014">
  <preferredOriginID>quakeml:eu.emsc/event/19990308_0000014/origin/1476072</preferredOriginID>
  <preferredMagnitudeID>quakeml:eu.emsc/event/19990308_0000014/origin/1476072/mag/2</preferredMagnitudeID>
  <creationInfo>
    <agencyURI>smi:smi-registry/organization/EMSC</agencyURI>
    <authorURI>smi:smi-registry/organization/EMSC</authorURI>
    <creationTime>2014-12-11T09:06:21.398764Z</creationTime>
  </creationInfo>
  <description>
    <text>AEGEAN SEA</text>
    <type>Flinn-Engdahl region</type>
  </description>
  <origin publicID="quakeml:eu.emsc/event/19990308_0000014/origin/1476072">
    <time>
      <value>1999-03-08T22:35:41.5Z</value>
    </time>
    <latitude>
      <value>38.28</value>
      <uncertainty>9999.9</uncertainty>
    </latitude>
    <longitude>
      <value>25.25</value>
      <uncertainty>9999.9</uncertainty>
    </longitude>
    <depth>
      <value>5000</value>
    </depth>
    <depthType>from location</depthType>
    <methodID>smi:eu.emsc-csem/origin_method/NA</methodID>
    <quality>
      <usedPhaseCount>6</usedPhaseCount>
      <usedStationCount>6</usedStationCount>
      <standardError>1.63</standardError>
      <azimuthalGap>140</azimuthalGap>
      <minimumDistance>1.12</minimumDistance>
      <maximumDistance>1.73</maximumDistance>
    </quality>
    <evaluationMode>manual</evaluationMode>
    <creationInfo>
      <agencyURI>smi:smi-registry/organization/EMSC</agencyURI>
      <authorURI>smi:smi-registry/organization/EMSC</authorURI>
    </creationInfo>
    <originUncertainty>
      <azimuthMaxHorizontalUncertainty>-99</azimuthMaxHorizontalUncertainty>
    </originUncertainty>
  </origin>
  <magnitude publicID="quakeml:eu.emsc/event/19990308_0000014/origin/1476072/mag/2">
    <mag>
      <value>3.1</value>
    </mag>
    <type>ML</type>
    <originID>quakeml:eu.emsc/event/19990308_0000014/origin/1476072</originID>
    <creationInfo>
      <agencyURI>smi:smi-registry/organization/EMSC</agencyURI>
      <authorURI>smi:smi-registry/organization/EMSC</authorURI>
    </creationInfo>
  </magnitude>
</event>
<event publicID="quakeml:eu.emsc/event/19990308_0000013">
  <preferredOriginID>quakeml:eu.emsc/event/19990308_0000013/origin/1479481</preferredOriginID>
  <preferredMagnitudeID>quakeml:eu.emsc/event/19990308_0000013/origin/1479481/mag/2</preferredMagnitudeID>
  <creationInfo>
    <agencyURI>smi:smi-registry/organization/EMSC</agencyURI>
    <authorURI>smi:smi-registry/organization/EMSC</authorURI>
    <creationTime>2014-12-03T10:40:27.282005Z</creationTime>
  </creationInfo>
  <description>
    <text>CRETE, GREECE</text>
    <type>Flinn-Engdahl region</type>
  </description>
  <origin publicID="quakeml:eu.emsc/event/19990308_0000013/origin/1479481">
    <time>
      <value>1999-03-08T20:06:02.1Z</value>
      <uncertainty>0.35</uncertainty>
    </time>
    <latitude>
      <value>34.1472</value>
      <uncertainty>14.1</uncertainty>
    </latitude>
    <longitude>
      <value>26.1994</value>
      <uncertainty>5.1</uncertainty>
    </longitude>
    <depth>
      <value>2000</value>
    </depth>
    <depthType>from location</depthType>
    <methodID>smi:eu.emsc-csem/origin_method/NA</methodID>
    <quality>
      <usedPhaseCount>20</usedPhaseCount>
      <usedStationCount>19</usedStationCount>
      <standardError>0.77</standardError>
      <azimuthalGap>172</azimuthalGap>
      <minimumDistance>0.84</minimumDistance>
      <maximumDistance>45.08</maximumDistance>
    </quality>
    <evaluationMode>manual</evaluationMode>
    <creationInfo>
      <agencyURI>smi:smi-registry/organization/EMSC</agencyURI>
      <authorURI>smi:smi-registry/organization/EMSC</authorURI>
    </creationInfo>
    <originUncertainty>
      <azimuthMaxHorizontalUncertainty>41</azimuthMaxHorizontalUncertainty>
    </originUncertainty>
  </origin>
  <magnitude publicID="quakeml:eu.emsc/event/19990308_0000013/origin/1479481/mag/2">
    <mag>
      <value>3.7</value>
    </mag>
    <type>MD</type>
    <originID>quakeml:eu.emsc/event/19990308_0000013/origin/1479481</originID>
    <creationInfo>
      <agencyURI>smi:smi-registry/organization/EMSC</agencyURI>
      <authorURI>smi:smi-registry/organization/EMSC</authorURI>
    </creationInfo>
  </magnitude>
</event>
<event publicID="quakeml:eu.emsc/event/19990308_0000011">
  <preferredOriginID>quakeml:eu.emsc/event/19990308_0000011/origin/1476074</preferredOriginID>
  <preferredMagnitudeID>quakeml:eu.emsc/event/19990308_0000011/origin/1476074/mag/2</preferredMagnitudeID>
  <creationInfo>
    <agencyURI>smi:smi-registry/organization/EMSC</agencyURI>
    <authorURI>smi:smi-registry/organization/EMSC</authorURI>
    <creationTime>2014-12-11T09:05:14.292483Z</creationTime>
  </creationInfo>
  <description>
    <text>WESTERN TURKEY</text>
    <type>Flinn-Engdahl region</type>
  </description>
  <origin publicID="quakeml:eu.emsc/event/19990308_0000011/origin/1476074">
    <time>
      <value>1999-03-08T15:25:38.2Z</value>
    </time>
    <latitude>
      <value>38.94</value>
      <uncertainty>9999.9</uncertainty>
    </latitude>
    <longitude>
      <value>28.474</value>
      <uncertainty>9999.9</uncertainty>
    </longitude>
    <depth>
      <value>10000</value>
    </depth>
    <depthType>from location</depthType>
    <methodID>smi:eu.emsc-csem/origin_method/NA</methodID>
    <quality>
      <usedPhaseCount>5</usedPhaseCount>
      <usedStationCount>4</usedStationCount>
      <standardError>2.09</standardError>
      <azimuthalGap>212</azimuthalGap>
      <minimumDistance>0.67</minimumDistance>
      <maximumDistance>1.77</maximumDistance>
    </quality>
    <evaluationMode>manual</evaluationMode>
    <creationInfo>
      <agencyURI>smi:smi-registry/organization/EMSC</agencyURI>
      <authorURI>smi:smi-registry/organization/EMSC</authorURI>
    </creationInfo>
    <originUncertainty>
      <azimuthMaxHorizontalUncertainty>-99</azimuthMaxHorizontalUncertainty>
    </originUncertainty>
  </origin>
  <magnitude publicID="quakeml:eu.emsc/event/19990308_0000011/origin/1476074/mag/2">
    <mag>
      <value>2.7</value>
    </mag>
    <type>MD</type>
    <originID>quakeml:eu.emsc/event/19990308_0000011/origin/1476074</originID>
    <creationInfo>
      <agencyURI>smi:smi-registry/organization/EMSC</agencyURI>
      <authorURI>smi:smi-registry/organization/EMSC</authorURI>
    </creationInfo>
  </magnitude>
</event>
<event publicID="quakeml:eu.emsc/event/19990308_0000010">
  <preferredOriginID>quakeml:eu.emsc/event/19990308_0000010/origin/1476076</preferredOriginID>
  <preferredMagnitudeID>quakeml:eu.emsc/event/19990308_0000010/origin/1476076/mag/2</preferredMagnitudeID>
  <creationInfo>
    <agencyURI>smi:smi-registry/organization/EMSC</agencyURI>
    <authorURI>smi:smi-registry/organization/EMSC</authorURI>
    <creationTime>2014-12-11T09:04:56.712835Z</creationTime>
  </creationInfo>
  <description>
    <text>WESTERN TURKEY</text>
    <type>Flinn-Engdahl region</type>
  </description>
  <origin publicID="quakeml:eu.emsc/event/19990308_0000010/origin/1476076">
    <time>
      <value>1999-03-08T14:42:03.1Z</value>
    </time>
    <latitude>
      <value>39.306</value>
      <uncertainty>9999.9</uncertainty>
    </latitude>
    <longitude>
      <value>27.596</value>
      <uncertainty>9999.9</uncertainty>
    </longitude>
    <depth>
      <value>10000</value>
    </depth>
    <depthType>from location</depthType>
    <methodID>smi:eu.emsc-csem/origin_method/NA</methodID>
    <quality>
      <usedPhaseCount>5</usedPhaseCount>
      <usedStationCount>4</usedStationCount>
      <standardError>1.96</standardError>
      <azimuthalGap>174</azimuthalGap>
      <minimumDistance>0.94</minimumDistance>
      <maximumDistance>1.77</maximumDistance>
    </quality>
    <evaluationMode>manual</evaluationMode>
    <creationInfo>
      <agencyURI>smi:smi-registry/organization/EMSC</agencyURI>
      <authorURI>smi:smi-registry/organization/EMSC</authorURI>
    </creationInfo>
    <originUncertainty>
      <azimuthMaxHorizontalUncertainty>-99</azimuthMaxHorizontalUncertainty>
    </originUncertainty>
  </origin>
  <magnitude publicID="quakeml:eu.emsc/event/19990308_0000010/origin/1476076/mag/2">
    <mag>
      <value>2.8</value>
    </mag>
    <type>MD</type>
    <originID>quakeml:eu.emsc/event/19990308_0000010/origin/1476076</originID>
    <creationInfo>
      <agencyURI>smi:smi-registry/organization/EMSC</agencyURI>
      <authorURI>smi:smi-registry/organization/EMSC</authorURI>
    </creationInfo>
  </magnitude>
</event>
<event publicID="quakeml:eu.emsc/event/19990308_0000009">
  <preferredOriginID>quakeml:eu.emsc/event/19990308_0000009/origin/1479485</preferredOriginID>
  <preferredMagnitudeID>quakeml:eu.emsc/event/19990308_0000009/origin/1479485/mag/2</preferredMagnitudeID>
  <creationInfo>
    <agencyURI>smi:smi-registry/organization/EMSC</agencyURI>
    <authorURI>smi:smi-registry/organization/EMSC</authorURI>
    <creationTime>2014-12-03T11:03:46.24562Z</creationTime>
  </creationInfo>
  <description>
    <text>GREECE</text>
    <type>Flinn-Engdahl region</type>
  </description>
  <origin publicID="quakeml:eu.emsc/event/19990308_0000009/origin/1479485">
    <time>
      <value>1999-03-08T14:10:39.9Z</value>
      <uncertainty>0.35</uncertainty>
    </time>
    <latitude>
      <value>39.7449</value>
      <uncertainty>8.6</uncertainty>
    </latitude>
    <longitude>
      <value>20.8271</value>
      <uncertainty>8.1</uncertainty>
    </longitude>
    <depth>
      <value>2000</value>
    </depth>
    <depthType>from location</depthType>
    <methodID>smi:eu.emsc-csem/origin_method/NA</methodID>
    <quality>
      <usedPhaseCount>20</usedPhaseCount>
      <usedStationCount>17</usedStationCount>
      <standardError>1.37</standardError>
      <azimuthalGap>54</azimuthalGap>
      <minimumDistance>0.09</minimumDistance>
      <maximumDistance>2.49</maximumDistance>
    </quality>
    <evaluationMode>manual</evaluationMode>
    <creationInfo>
      <agencyURI>smi:smi-registry/organization/EMSC</agencyURI>
      <authorURI>smi:smi-registry/organization/EMSC</authorURI>
    </creationInfo>
    <originUncertainty>
      <azimuthMaxHorizontalUncertainty>168</azimuthMaxHorizontalUncertainty>
    </originUncertainty>
  </origin>
  <magnitude publicID="quakeml:eu.emsc/event/19990308_0000009/origin/1479485/mag/2">
    <mag>
      <value>3</value>
    </mag>
    <type>MD</type>
    <originID>quakeml:eu.emsc/event/19990308_0000009/origin/1479485</originID>
    <creationInfo>
      <agencyURI>smi:smi-registry/organization/EMSC</agencyURI>
      <authorURI>smi:smi-registry/organization/EMSC</authorURI>
    </creationInfo>
  </magnitude>
</event>
<event publicID="quakeml:eu.emsc/event/19990308_0000008">
  <preferredOriginID>quakeml:eu.emsc/event/19990308_0000008/origin/1476078</preferredOriginID>
  <preferredMagnitudeID>quakeml:eu.emsc/event/19990308_0000008/origin/1476078/mag/2</preferredMagnitudeID>
  <creationInfo>
    <agencyURI>smi:smi-registry/organization/EMSC</agencyURI>
    <authorURI>smi:smi-registry/organization/EMSC</authorURI>
    <creationTime>2014-12-11T09:04:13.66554Z</creationTime>
  </creationInfo>
  <description>
    <text>WESTERN TURKEY</text>
    <type>Flinn-Engdahl region</type>
  </description>
  <origin publicID="quakeml:eu.emsc/event/19990308_0000008/origin/1476078">
    <time>
      <value>1999-03-08T13:58:16.3Z</value>
    </time>
    <latitude>
      <value>39.148</value>
      <uncertainty>9999.9</uncertainty>
    </latitude>
    <longitude>
      <value>27.345</value>
      <uncertainty>9999.9</uncertainty>
    </longitude>
    <depth>
      <value>10000</value>
    </depth>
    <depthType>from location</depthType>
    <methodID>smi:eu.emsc-csem/origin_method/NA</methodID>
    <quality>
      <usedPhaseCount>5</usedPhaseCount>
      <usedStationCount>4</usedStationCount>
      <standardError>0.91</standardError>
      <azimuthalGap>195</azimuthalGap>
      <minimumDistance>0.75</minimumDistance>
      <maximumDistance>2.11</maximumDistance>
    </quality>
    <evaluationMode>manual</evaluationMode>
    <creationInfo>
      <agencyURI>smi:smi-registry/organization/EMSC</agencyURI>
      <authorURI>smi:smi-registry/organization/EMSC</authorURI>
    </creationInfo>
    <originUncertainty>
      <azimuthMaxHorizontalUncertainty>-99</azimuthMaxHorizontalUncertainty>
    </originUncertainty>
  </origin>
  <magnitude publicID="quakeml:eu.emsc/event/19990308_0000008/origin/1476078/mag/2">
    <mag>
      <value>2.8</value>
    </mag>
    <type>MD</type>
    <originID>quakeml:eu.emsc/event/19990308_0000008/origin/1476078</originID>
    <creationInfo>
      <agencyURI>smi:smi-registry/organization/EMSC</agencyURI>
      <authorURI>smi:smi-registry/organization/EMSC</authorURI>
    </creationInfo>
  </magnitude>
</event>
<event publicID="quakeml:eu.emsc/event/19990308_0000007">
  <preferredOriginID>quakeml:eu.emsc/event/19990308_0000007/origin/1479489</preferredOriginID>
  <preferredMagnitudeID>quakeml:eu.emsc/event/19990308_0000007/origin/1479489/mag/1</preferredMagnitudeID>
  <creationInfo>
    <agencyURI>smi:smi-registry/organization/EMSC</agencyURI>
    <authorURI>smi:smi-registry/organization/EMSC</authorURI>
    <creationTime>2014-12-03T11:24:21.546081Z</creationTime>
  </creationInfo>
  <description>
    <text>CYPRUS REGION</text>
    <type>Flinn-Engdahl region</type>
  </description>
  <origin publicID="quakeml:eu.emsc/event/19990308_0000007/origin/1479489">
    <time>
      <value>1999-03-08T11:20:45.0Z</value>
      <uncertainty>0.23</uncertainty>
    </time>
    <latitude>
      <value>34.6744</value>
      <uncertainty>7.3</uncertainty>
    </latitude>
    <longitude>
      <value>32.6479</value>
      <uncertainty>4.8</uncertainty>
    </longitude>
    <depth>
      <value>80000</value>
    </depth>
    <depthType>from location</depthType>
    <methodID>smi:eu.emsc-csem/origin_method/NA</methodID>
    <quality>
      <usedPhaseCount>35</usedPhaseCount>
      <usedStationCount>29</usedStationCount>
      <standardError>0.94</standardError>
      <azimuthalGap>116</azimuthalGap>
      <minimumDistance>0.49</minimumDistance>
      <maximumDistance>6.34</maximumDistance>
    </quality>
    <evaluationMode>manual</evaluationMode>
    <creationInfo>
      <agencyURI>smi:smi-registry/organization/EMSC</agencyURI>
      <authorURI>smi:smi-registry/organization/EMSC</authorURI>
    </creationInfo>
    <originUncertainty>
      <azimuthMaxHorizontalUncertainty>75</azimuthMaxHorizontalUncertainty>
    </originUncertainty>
  </origin>
  <magnitude publicID="quakeml:eu.emsc/event/19990308_0000007/origin/1479489/mag/1">
    <mag>
      <value>3.4</value>
    </mag>
    <type>Mw</type>
    <originID>quakeml:eu.emsc/event/19990308_0000007/origin/1479489</originID>
    <creationInfo>
      <agencyURI>smi:smi-registry/organization/EMSC</agencyURI>
      <authorURI>smi:smi-registry/organization/EMSC</authorURI>
    </creationInfo>
  </magnitude>
</event>
<event publicID="quakeml:eu.emsc/event/19990308_0000022">
  <preferredOriginID>quakeml:eu.emsc/event/19990308_0000022/origin/1478863</preferredOriginID>
  <preferredMagnitudeID>quakeml:eu.emsc/event/19990308_0000022/origin/1478863/mag/1</preferredMagnitudeID>
  <creationInfo>
    <agencyURI>smi:smi-registry/organization/EMSC</agencyURI>
    <authorURI>smi:smi-registry/organization/EMSC</authorURI>
    <creationTime>2014-12-03T15:47:03.394989Z</creationTime>
  </creationInfo>
  <description>
    <text>NORTHERN ITALY</text>
    <type>Flinn-Engdahl region</type>
  </description>
  <origin publicID="quakeml:eu.emsc/event/19990308_0000022/origin/1478863">
    <time>
      <value>1999-03-08T10:52:12.6Z</value>
      <uncertainty>0.37</uncertainty>
    </time>
    <latitude>
      <value>44.3084</value>
      <uncertainty>6.7</uncertainty>
    </latitude>
    <longitude>
      <value>7.6068</value>
      <uncertainty>2.4</uncertainty>
    </longitude>
    <depth>
      <value>15000</value>
    </depth>
    <depthType>from location</depthType>
    <methodID>smi:eu.emsc-csem/origin_method/NA</methodID>
    <quality>
      <usedPhaseCount>19</usedPhaseCount>
      <usedStationCount>11</usedStationCount>
      <standardError>0.55</standardError>
      <azimuthalGap>241</azimuthalGap>
      <minimumDistance>0.32</minimumDistance>
      <maximumDistance>2.17</maximumDistance>
    </quality>
    <evaluationMode>manual</evaluationMode>
    <creationInfo>
      <agencyURI>smi:smi-registry/organization/EMSC</agencyURI>
      <authorURI>smi:smi-registry/organization/EMSC</authorURI>
    </creationInfo>
    <originUncertainty>
      <azimuthMaxHorizontalUncertainty>71</azimuthMaxHorizontalUncertainty>
    </originUncertainty>
  </origin>
  <magnitude publicID="quakeml:eu.emsc/event/19990308_0000022/origin/1478863/mag/1">
    <mag>
      <value>2</value>
      <uncertainty>0.3</uncertainty>
    </mag>
    <type>ML</type>
    <originID>quakeml:eu.emsc/event/19990308_0000022/origin/1478863</originID>
    <stationCount>6</stationCount>
    <creationInfo>
      <agencyURI>smi:smi-registry/organization/EMSC</agencyURI>
      <authorURI>smi:smi-registry/organization/EMSC</authorURI>
    </creationInfo>
  </magnitude>
</event>
<event publicID="quakeml:eu.emsc/event/19990308_0000004">
  <preferredOriginID>quakeml:eu.emsc/event/19990308_0000004/origin/1479499</preferredOriginID>
  <preferredMagnitudeID>quakeml:eu.emsc/event/19990308_0000004/origin/1479499/mag/2</preferredMagnitudeID>
  <creationInfo>
    <agencyURI>smi:smi-registry/organization/EMSC</agencyURI>
    <authorURI>smi:smi-registry/organization/EMSC</authorURI>
    <creationTime>2014-12-03T10:52:27.18866Z</creationTime>
  </creationInfo>
  <description>
    <text>SOUTHERN GREECE</text>
    <type>Flinn-Engdahl region</type>
  </description>
  <origin publicID="quakeml:eu.emsc/event/19990308_0000004/origin/1479499">
    <time>
      <value>1999-03-08T08:59:42.7Z</value>
      <uncertainty>0.23</uncertainty>
    </time>
    <latitude>
      <value>37.7765</value>
      <uncertainty>6.4</uncertainty>
    </latitude>
    <longitude>
      <value>21.7354</value>
      <uncertainty>4.5</uncertainty>
    </longitude>
    <depth>
      <value>2000</value>
    </depth>
    <depthType>from location</depthType>
    <methodID>smi:eu.emsc-csem/origin_method/NA</methodID>
    <quality>
      <usedPhaseCount>53</usedPhaseCount>
      <usedStationCount>46</usedStationCount>
      <standardError>1.14</standardError>
      <azimuthalGap>117</azimuthalGap>
      <minimumDistance>0.61</minimumDistance>
      <maximumDistance>20.12</maximumDistance>
    </quality>
    <evaluationMode>manual</evaluationMode>
    <creationInfo>
      <agencyURI>smi:smi-registry/organization/EMSC</agencyURI>
      <authorURI>smi:smi-registry/organization/EMSC</authorURI>
    </creationInfo>
    <originUncertainty>
      <azimuthMaxHorizontalUncertainty>51</azimuthMaxHorizontalUncertainty>
    </originUncertainty>
  </origin>
  <magnitude publicID="quakeml:eu.emsc/event/19990308_0000004/origin/1479499/mag/2">
    <mag>
      <value>4</value>
    </mag>
    <type>mb</type>
    <originID>quakeml:eu.emsc/event/19990308_0000004/origin/1479499</originID>
    <creationInfo>
      <agencyURI>smi:smi-registry/organization/EMSC</agencyURI>
      <authorURI>smi:smi-registry/organization/EMSC</authorURI>
    </creationInfo>
  </magnitude>
</event>
<event publicID="quakeml:eu.emsc/event/19990308_0000018">
  <preferredOriginID>quakeml:eu.emsc/event/19990308_0000018/origin/1476080</preferredOriginID>
  <preferredMagnitudeID>quakeml:eu.emsc/event/19990308_0000018/origin/1476080/mag/2</preferredMagnitudeID>
  <creationInfo>
    <agencyURI>smi:smi-registry/organization/EMSC</agencyURI>
    <authorURI>smi:smi-registry/organization/EMSC</authorURI>
    <creationTime>2014-12-10T12:59:21.450452Z</creationTime>
  </creationInfo>
  <description>
    <text>SWITZERLAND</text>
    <type>Flinn-Engdahl region</type>
  </description>
  <origin publicID="quakeml:eu.emsc/event/19990308_0000018/origin/1476080">
    <time>
      <value>1999-03-08T08:15:05.1Z</value>
    </time>
    <latitude>
      <value>46.814</value>
      <uncertainty>9999.9</uncertainty>
    </latitude>
    <longitude>
      <value>9.293</value>
      <uncertainty>9999.9</uncertainty>
    </longitude>
    <depth>
      <value>5600.0</value>
    </depth>
    <depthType>from location</depthType>
    <methodID>smi:eu.emsc-csem/origin_method/NA</methodID>
    <quality>
      <usedPhaseCount>15</usedPhaseCount>
      <usedStationCount>7</usedStationCount>
      <standardError>0.44</standardError>
      <azimuthalGap>81</azimuthalGap>
      <minimumDistance>0.2</minimumDistance>
      <maximumDistance>0.77</maximumDistance>
    </quality>
    <evaluationMode>manual</evaluationMode>
    <creationInfo>
      <agencyURI>smi:smi-registry/organization/EMSC</agencyURI>
      <authorURI>smi:smi-registry/organization/EMSC</authorURI>
    </creationInfo>
    <originUncertainty>
      <azimuthMaxHorizontalUncertainty>-99</azimuthMaxHorizontalUncertainty>
    </originUncertainty>
  </origin>
  <magnitude publicID="quakeml:eu.emsc/event/19990308_0000018/origin/1476080/mag/2">
    <mag>
      <value>1.5</value>
    </mag>
    <type>ML</type>
    <originID>quakeml:eu.emsc/event/19990308_0000018/origin/1476080</originID>
    <stationCount>7</stationCount>
    <creationInfo>
      <agencyURI>smi:smi-registry/organization/EMSC</agencyURI>
      <authorURI>smi:smi-registry/organization/EMSC</authorURI>
    </creationInfo>
  </magnitude>
</event>
<event publicID="quakeml:eu.emsc/event/19990308_0000023">
  <preferredOriginID>quakeml:eu.emsc/event/19990308_0000023/origin/1476082</preferredOriginID>
  <preferredMagnitudeID>quakeml:eu.emsc/event/19990308_0000023/origin/1476082/mag/2</preferredMagnitudeID>
  <creationInfo>
    <agencyURI>smi:smi-registry/organization/EMSC</agencyURI>
    <authorURI>smi:smi-registry/organization/EMSC</authorURI>
    <creationTime>2014-12-10T12:59:20.946451Z</creationTime>
  </creationInfo>
  <description>
    <text>FRANCE</text>
    <type>Flinn-Engdahl region</type>
  </description>
  <origin publicID="quakeml:eu.emsc/event/19990308_0000023/origin/1476082">
    <time>
      <value>1999-03-08T07:59:47.0Z</value>
    </time>
    <latitude>
      <value>47.4404</value>
      <uncertainty>9999.9</uncertainty>
    </latitude>
    <longitude>
      <value>5.0722</value>
      <uncertainty>9999.9</uncertainty>
    </longitude>
    <depth>
      <value>15000</value>
    </depth>
    <depthType>from location</depthType>
    <methodID>smi:eu.emsc-csem/origin_method/NA</methodID>
    <quality>
      <usedPhaseCount>15</usedPhaseCount>
      <usedStationCount>8</usedStationCount>
      <standardError>0.63</standardError>
      <azimuthalGap>157</azimuthalGap>
      <minimumDistance>0.84</minimumDistance>
      <maximumDistance>1.77</maximumDistance>
    </quality>
    <evaluationMode>manual</evaluationMode>
    <creationInfo>
      <agencyURI>smi:smi-registry/organization/EMSC</agencyURI>
      <authorURI>smi:smi-registry/organization/EMSC</authorURI>
    </creationInfo>
    <originUncertainty>
      <azimuthMaxHorizontalUncertainty>-99</azimuthMaxHorizontalUncertainty>
    </originUncertainty>
  </origin>
  <magnitude publicID="quakeml:eu.emsc/event/19990308_0000023/origin/1476082/mag/2">
    <mag>
      <value>2.1</value>
    </mag>
    <type>ML</type>
    <originID>quakeml:eu.emsc/event/19990308_0000023/origin/1476082</originID>
    <stationCount>7</stationCount>
    <creationInfo>
      <agencyURI>smi:smi-registry/organization/EMSC</agencyURI>
      <authorURI>smi:smi-registry/organization/EMSC</authorURI>
    </creationInfo>
  </magnitude>
</event>
<event publicID="quakeml:eu.emsc/event/19990308_0000026">
  <preferredOriginID>quakeml:eu.emsc/event/19990308_0000026/origin/1476084</preferredOriginID>
  <preferredMagnitudeID>quakeml:eu.emsc/event/19990308_0000026/origin/1476084/mag/2</preferredMagnitudeID>
  <creationInfo>
    <agencyURI>smi:smi-registry/organization/EMSC</agencyURI>
    <authorURI>smi:smi-registry/organization/EMSC</authorURI>
    <creationTime>2014-12-10T12:59:20.451013Z</creationTime>
  </creationInfo>
  <description>
    <text>NORTHERN ITALY</text>
    <type>Flinn-Engdahl region</type>
  </description>
  <origin publicID="quakeml:eu.emsc/event/19990308_0000026/origin/1476084">
    <time>
      <value>1999-03-08T06:32:51.2Z</value>
    </time>
    <latitude>
      <value>44.8308</value>
      <uncertainty>9999.9</uncertainty>
    </latitude>
    <longitude>
      <value>7.2057</value>
      <uncertainty>9999.9</uncertainty>
    </longitude>
    <depth>
      <value>10500.0</value>
    </depth>
    <depthType>from location</depthType>
    <methodID>smi:eu.emsc-csem/origin_method/NA</methodID>
    <quality>
      <usedPhaseCount>11</usedPhaseCount>
      <usedStationCount>7</usedStationCount>
      <standardError>4.64</standardError>
      <azimuthalGap>93</azimuthalGap>
      <minimumDistance>0.07</minimumDistance>
      <maximumDistance>0.62</maximumDistance>
    </quality>
    <evaluationMode>manual</evaluationMode>
    <creationInfo>
      <agencyURI>smi:smi-registry/organization/EMSC</agencyURI>
      <authorURI>smi:smi-registry/organization/EMSC</authorURI>
    </creationInfo>
    <originUncertainty>
      <azimuthMaxHorizontalUncertainty>-99</azimuthMaxHorizontalUncertainty>
    </originUncertainty>
  </origin>
  <magnitude publicID="quakeml:eu.emsc/event/19990308_0000026/origin/1476084/mag/2">
    <mag>
      <value>1.8</value>
    </mag>
    <type>ML</type>
    <originID>quakeml:eu.emsc/event/19990308_0000026/origin/1476084</originID>
    <creationInfo>
      <agencyURI>smi:smi-registry/organization/EMSC</agencyURI>
      <authorURI>smi:smi-registry/organization/EMSC</authorURI>
    </creationInfo>
  </magnitude>
</event>
<event publicID="quakeml:eu.emsc/event/19990308_0000019">
  <preferredOriginID>quakeml:eu.emsc/event/19990308_0000019/origin/1477072</preferredOriginID>
  <preferredMagnitudeID>quakeml:eu.emsc/event/19990308_0000019/origin/1477072/mag/2</preferredMagnitudeID>
  <creationInfo>
    <agencyURI>smi:smi-registry/organization/EMSC</agencyURI>
    <authorURI>smi:smi-registry/organization/EMSC</authorURI>
    <creationTime>2014-12-10T12:59:19.960519Z</creationTime>
  </creationInfo>
  <description>
    <text>NORTHERN ITALY</text>
    <type>Flinn-Engdahl region</type>
  </description>
  <origin publicID="quakeml:eu.emsc/event/19990308_0000019/origin/1477072">
    <time>
      <value>1999-03-08T05:47:15.7Z</value>
    </time>
    <latitude>
      <value>44.4905</value>
      <uncertainty>9999.9</uncertainty>
    </latitude>
    <longitude>
      <value>7.1423</value>
      <uncertainty>9999.9</uncertainty>
    </longitude>
    <depth>
      <value>14700.0</value>
    </depth>
    <depthType>from location</depthType>
    <methodID>smi:eu.emsc-csem/origin_method/NA</methodID>
    <quality>
      <usedPhaseCount>8</usedPhaseCount>
      <usedStationCount>4</usedStationCount>
      <standardError>1.64</standardError>
      <azimuthalGap>144</azimuthalGap>
      <minimumDistance>0.03</minimumDistance>
      <maximumDistance>0.36</maximumDistance>
    </quality>
    <evaluationMode>manual</evaluationMode>
    <creationInfo>
      <agencyURI>smi:smi-registry/organization/EMSC</agencyURI>
      <authorURI>smi:smi-registry/organization/EMSC</authorURI>
    </creationInfo>
    <originUncertainty>
      <azimuthMaxHorizontalUncertainty>-99</azimuthMaxHorizontalUncertainty>
    </originUncertainty>
  </origin>
  <magnitude publicID="quakeml:eu.emsc/event/19990308_0000019/origin/1477072/mag/2">
    <mag>
      <value>1.5</value>
    </mag>
    <type>ML</type>
    <originID>quakeml:eu.emsc/event/19990308_0000019/origin/1477072</originID>
    <creationInfo>
      <agencyURI>smi:smi-registry/organization/EMSC</agencyURI>
      <authorURI>smi:smi-registry/organization/EMSC</authorURI>
    </creationInfo>
  </magnitude>
</event>
<event publicID="quakeml:eu.emsc/event/19990308_0000003">
  <preferredOriginID>quakeml:eu.emsc/event/19990308_0000003/origin/1479502</preferredOriginID>
  <preferredMagnitudeID>quakeml:eu.emsc/event/19990308_0000003/origin/1479502/mag/2</preferredMagnitudeID>
  <creationInfo>
    <agencyURI>smi:smi-registry/organization/EMSC</agencyURI>
    <authorURI>smi:smi-registry/organization/EMSC</authorURI>
    <creationTime>2014-12-03T12:18:06.827856Z</creationTime>
  </creationInfo>
  <description>
    <text>GREECE</text>
    <type>Flinn-Engdahl region</type>
  </description>
  <origin publicID="quakeml:eu.emsc/event/19990308_0000003/origin/1479502">
    <time>
      <value>1999-03-08T05:32:40.0Z</value>
      <uncertainty>0.88</uncertainty>
    </time>
    <latitude>
      <value>38.807</value>
      <uncertainty>21.2</uncertainty>
    </latitude>
    <longitude>
      <value>20.5163</value>
      <uncertainty>14</uncertainty>
    </longitude>
    <depth>
      <value>2000</value>
    </depth>
    <depthType>from location</depthType>
    <methodID>smi:eu.emsc-csem/origin_method/NA</methodID>
    <quality>
      <usedPhaseCount>16</usedPhaseCount>
      <usedStationCount>12</usedStationCount>
      <standardError>1.69</standardError>
      <azimuthalGap>174</azimuthalGap>
      <minimumDistance>0.63</minimumDistance>
      <maximumDistance>3.24</maximumDistance>
    </quality>
    <evaluationMode>manual</evaluationMode>
    <creationInfo>
      <agencyURI>smi:smi-registry/organization/EMSC</agencyURI>
      <authorURI>smi:smi-registry/organization/EMSC</authorURI>
    </creationInfo>
    <originUncertainty>
      <azimuthMaxHorizontalUncertainty>75</azimuthMaxHorizontalUncertainty>
    </originUncertainty>
  </origin>
  <magnitude publicID="quakeml:eu.emsc/event/19990308_0000003/origin/1479502/mag/2">
    <mag>
      <value>2.7</value>
    </mag>
    <type>ML</type>
    <originID>quakeml:eu.emsc/event/19990308_0000003/origin/1479502</originID>
    <creationInfo>
      <agencyURI>smi:smi-registry/organization/EMSC</agencyURI>
      <authorURI>smi:smi-registry/organization/EMSC</authorURI>
    </creationInfo>
  </magnitude>
</event>
<event publicID="quakeml:eu.emsc/event/19990308_0000002">
  <preferredOriginID>quakeml:eu.emsc/event/19990308_0000002/origin/1479507</preferredOriginID>
  <preferredMagnitudeID>quakeml:eu.emsc/event/19990308_0000002/origin/1479507/mag/2</preferredMagnitudeID>
  <creationInfo>
    <agencyURI>smi:smi-registry/organization/EMSC</agencyURI>
    <authorURI>smi:smi-registry/organization/EMSC</authorURI>
    <creationTime>2014-12-03T11:48:31.593014Z</creationTime>
  </creationInfo>
  <description>
    <text>SOUTHERN GREECE</text>
    <type>Flinn-Engdahl region</type>
  </description>
  <origin publicID="quakeml:eu.emsc/event/19990308_0000002/origin/1479507">
    <time>
      <value>1999-03-08T05:10:19.5Z</value>
      <uncertainty>0.26</uncertainty>
    </time>
    <latitude>
      <value>37.6179</value>
      <uncertainty>7.2</uncertainty>
    </latitude>
    <longitude>
      <value>21.7274</value>
      <uncertainty>3.9</uncertainty>
    </longitude>
    <depth>
      <value>51900.0</value>
      <uncertainty>3.1</uncertainty>
    </depth>
    <depthType>from location</depthType>
    <methodID>smi:eu.emsc-csem/origin_method/NA</methodID>
    <quality>
      <usedPhaseCount>97</usedPhaseCount>
      <usedStationCount>90</usedStationCount>
      <standardError>1.13</standardError>
      <azimuthalGap>148</azimuthalGap>
      <minimumDistance>1.06</minimumDistance>
      <maximumDistance>32.04</maximumDistance>
    </quality>
    <evaluationMode>manual</evaluationMode>
    <creationInfo>
      <agencyURI>smi:smi-registry/organization/EMSC</agencyURI>
      <authorURI>smi:smi-registry/organization/EMSC</authorURI>
    </creationInfo>
    <originUncertainty>
      <azimuthMaxHorizontalUncertainty>21</azimuthMaxHorizontalUncertainty>
    </originUncertainty>
  </origin>
  <magnitude publicID="quakeml:eu.emsc/event/19990308_0000002/origin/1479507/mag/2">
    <mag>
      <value>4.4</value>
    </mag>
    <type>ML</type>
    <originID>quakeml:eu.emsc/event/19990308_0000002/origin/1479507</originID>
    <creationInfo>
      <agencyURI>smi:smi-registry/organization/EMSC</agencyURI>
      <authorURI>smi:smi-registry/organization/EMSC</authorURI>
    </creationInfo>
  </magnitude>
</event>
<event publicID="quakeml:eu.emsc/event/19990308_0000020">
  <preferredOriginID>quakeml:eu.emsc/event/19990308_0000020/origin/1476086</preferredOriginID>
  <preferredMagnitudeID>quakeml:eu.emsc/event/19990308_0000020/origin/1476086/mag/2</preferredMagnitudeID>
  <creationInfo>
    <agencyURI>smi:smi-registry/organization/EMSC</agencyURI>
    <authorURI>smi:smi-registry/organization/EMSC</authorURI>
    <creationTime>2014-12-10T12:59:19.482404Z</creationTime>
  </creationInfo>
  <description>
    <text>FRANCE</text>
    <type>Flinn-Engdahl region</type>
  </description>
  <origin publicID="quakeml:eu.emsc/event/19990308_0000020/origin/1476086">
    <time>
      <value>1999-03-08T00:43:49.8Z</value>
    </time>
    <latitude>
      <value>44.5503</value>
      <uncertainty>9999.9</uncertainty>
    </latitude>
    <longitude>
      <value>6.835</value>
      <uncertainty>9999.9</uncertainty>
    </longitude>
    <depth>
      <value>4000</value>
    </depth>
    <depthType>from location</depthType>
    <methodID>smi:eu.emsc-csem/origin_method/NA</methodID>
    <quality>
      <usedPhaseCount>6</usedPhaseCount>
      <usedStationCount>4</usedStationCount>
      <standardError>7</standardError>
      <azimuthalGap>278</azimuthalGap>
      <minimumDistance>0.2</minimumDistance>
      <maximumDistance>0.47</maximumDistance>
    </quality>
    <evaluationMode>manual</evaluationMode>
    <creationInfo>
      <agencyURI>smi:smi-registry/organization/EMSC</agencyURI>
      <authorURI>smi:smi-registry/organization/EMSC</authorURI>
    </creationInfo>
    <originUncertainty>
      <azimuthMaxHorizontalUncertainty>-99</azimuthMaxHorizontalUncertainty>
    </originUncertainty>
  </origin>
  <magnitude publicID="quakeml:eu.emsc/event/19990308_0000020/origin/1476086/mag/2">
    <mag>
      <value>1.6</value>
    </mag>
    <type>ML</type>
    <originID>quakeml:eu.emsc/event/19990308_0000020/origin/1476086</originID>
    <creationInfo>
      <agencyURI>smi:smi-registry/organization/EMSC</agencyURI>
      <authorURI>smi:smi-registry/organization/EMSC</authorURI>
    </creationInfo>
  </magnitude>
</event>
<event publicID="quakeml:eu.emsc/event/19990308_0000001">
  <preferredOriginID>quakeml:eu.emsc/event/19990308_0000001/origin/1476088</preferredOriginID>
  <preferredMagnitudeID>quakeml:eu.emsc/event/19990308_0000001/origin/1476088/mag/2</preferredMagnitudeID>
  <creationInfo>
    <agencyURI>smi:smi-registry/organization/EMSC</agencyURI>
    <authorURI>smi:smi-registry/organization/EMSC</authorURI>
    <creationTime>2014-12-11T09:02:16.250236Z</creationTime>
  </creationInfo>
  <description>
    <text>WESTERN TURKEY</text>
    <type>Flinn-Engdahl region</type>
  </description>
  <origin publicID="quakeml:eu.emsc/event/19990308_0000001/origin/1476088">
    <time>
      <value>1999-03-08T00:25:31.0Z</value>
    </time>
    <latitude>
      <value>39.331</value>
      <uncertainty>9999.9</uncertainty>
    </latitude>
    <longitude>
      <value>27.755</value>
      <uncertainty>9999.9</uncertainty>
    </longitude>
    <depth>
      <value>10000</value>
    </depth>
    <depthType>from location</depthType>
    <methodID>smi:eu.emsc-csem/origin_method/NA</methodID>
    <quality>
      <usedPhaseCount>9</usedPhaseCount>
      <usedStationCount>6</usedStationCount>
      <standardError>1.26</standardError>
      <azimuthalGap>143</azimuthalGap>
      <minimumDistance>0.72</minimumDistance>
      <maximumDistance>1.66</maximumDistance>
    </quality>
    <evaluationMode>manual</evaluationMode>
    <creationInfo>
      <agencyURI>smi:smi-registry/organization/EMSC</agencyURI>
      <authorURI>smi:smi-registry/organization/EMSC</authorURI>
    </creationInfo>
    <originUncertainty>
      <azimuthMaxHorizontalUncertainty>-99</azimuthMaxHorizontalUncertainty>
    </originUncertainty>
  </origin>
  <magnitude publicID="quakeml:eu.emsc/event/19990308_0000001/origin/1476088/mag/2">
    <mag>
      <value>3</value>
    </mag>
    <type>MD</type>
    <originID>quakeml:eu.emsc/event/19990308_0000001/origin/1476088</originID>
    <creationInfo>
      <agencyURI>smi:smi-registry/organization/EMSC</agencyURI>
      <authorURI>smi:smi-registry/organization/EMSC</authorURI>
    </creationInfo>
  </magnitude>
</event>
<event publicID="quakeml:eu.emsc/event/19990308_0000024">
  <preferredOriginID>quakeml:eu.emsc/event/19990308_0000024/origin/1478866</preferredOriginID>
  <preferredMagnitudeID>quakeml:eu.emsc/event/19990308_0000024/origin/1478866/mag/1</preferredMagnitudeID>
  <creationInfo>
    <agencyURI>smi:smi-registry/organization/EMSC</agencyURI>
    <authorURI>smi:smi-registry/organization/EMSC</authorURI>
    <creationTime>2014-12-03T16:30:54.7577Z</creationTime>
  </creationInfo>
  <description>
    <text>FRANCE</text>
    <type>Flinn-Engdahl region</type>
  </description>
  <origin publicID="quakeml:eu.emsc/event/19990308_0000024/origin/1478866">
    <time>
      <value>1999-03-08T00:08:53.1Z</value>
      <uncertainty>0.18</uncertainty>
    </time>
    <latitude>
      <value>47.3049</value>
      <uncertainty>3.5</uncertainty>
    </latitude>
    <longitude>
      <value>6.9109</value>
      <uncertainty>2.4</uncertainty>
    </longitude>
    <depth>
      <value>10000</value>
    </depth>
    <depthType>from location</depthType>
    <methodID>smi:eu.emsc-csem/origin_method/NA</methodID>
    <quality>
      <usedPhaseCount>25</usedPhaseCount>
      <usedStationCount>14</usedStationCount>
      <standardError>0.87</standardError>
      <azimuthalGap>117</azimuthalGap>
      <minimumDistance>0.51</minimumDistance>
      <maximumDistance>2.9</maximumDistance>
    </quality>
    <evaluationMode>manual</evaluationMode>
    <creationInfo>
      <agencyURI>smi:smi-registry/organization/EMSC</agencyURI>
      <authorURI>smi:smi-registry/organization/EMSC</authorURI>
    </creationInfo>
    <originUncertainty>
      <azimuthMaxHorizontalUncertainty>136</azimuthMaxHorizontalUncertainty>
    </originUncertainty>
  </origin>
  <magnitude publicID="quakeml:eu.emsc/event/19990308_0000024/origin/1478866/mag/1">
    <mag>
      <value>1.9</value>
      <uncertainty>0.4</uncertainty>
    </mag>
    <type>ML</type>
    <originID>quakeml:eu.emsc/event/19990308_0000024/origin/1478866</originID>
    <stationCount>10</stationCount>
    <creationInfo>
      <agencyURI>smi:smi-registry/organization/EMSC</agencyURI>
      <authorURI>smi:smi-registry/organization/EMSC</authorURI>
    </creationInfo>
  </magnitude>
</event>
</eventParameters>
</q:quakeml>
