<?xml version="1.0"?>
<q:quakeml xmlns:q="http://quakeml.org/xmlns/quakeml/1.2"  xmlns="http://quakeml.org/xmlns/bed/1.2">
<eventParameters publicID="smi:eu.emsc/unid">
<event publicID="quakeml:eu.emsc/event/19990903_0000035">
  <preferredOriginID>quakeml:eu.emsc/event/19990903_0000035/origin/1463144</preferredOriginID>
  <preferredMagnitudeID>quakeml:eu.emsc/event/19990903_0000035/origin/1463144/mag/2</preferredMagnitudeID>
  <creationInfo>
    <agencyURI>smi:smi-registry/organization/EMSC</agencyURI>
    <authorURI>smi:smi-registry/organization/EMSC</authorURI>
    <creationTime>2014-12-03T10:44:34.25614Z</creationTime>
  </creationInfo>
  <description>
    <text>SOUTHERN ITALY</text>
    <type>Flinn-Engdahl region</type>
  </description>
  <origin publicID="quakeml:eu.emsc/event/19990903_0000035/origin/1463144">
    <time>
      <value>1999-09-03T22:43:07.3Z</value>
      <uncertainty>0.13</uncertainty>
    </time>
    <latitude>
      <value>41.6624</value>
      <uncertainty>3.4</uncertainty>
    </latitude>
    <longitude>
      <value>15.7577</value>
      <uncertainty>2.6</uncertainty>
    </longitude>
    <depth>
      <value>19300.0</value>
      <uncertainty>0.2</uncertainty>
    </depth>
    <depthType>from location</depthType>
    <methodID>smi:eu.emsc-csem/origin_method/NA</methodID>
    <quality>
      <usedPhaseCount>57</usedPhaseCount>
      <usedStationCount>38</usedStationCount>
      <standardError>0.82</standardError>
      <azimuthalGap>77</azimuthalGap>
      <minimumDistance>0.14</minimumDistance>
      <maximumDistance>5.29</maximumDistance>
    </quality>
    <evaluationMode>manual</evaluationMode>
    <creationInfo>
      <agencyURI>smi:smi-registry/organization/EMSC</agencyURI>
      <authorURI>smi:smi-registry/organization/EMSC</authorURI>
    </creationInfo>
    <originUncertainty>
      <azimuthMaxHorizontalUncertainty>36</azimuthMaxHorizontalUncertainty>
    </originUncertainty>
  </origin>
  <magnitude publicID="quakeml:eu.emsc/event/19990903_0000035/origin/1463144/mag/2">
    <mag>
      <value>2.5</value>
    </mag>
    <type>ML</type>
    <originID>quakeml:eu.emsc/event/19990903_0000035/origin/1463144</originID>
    <stationCount>2</stationCount>
    <creationInfo>
      <agencyURI>smi:smi-registry/organization/EMSC</agencyURI>
      <authorURI>smi:smi-registry/organization/EMSC</authorURI>
    </creationInfo>
  </magnitude>
</event>
<event publicID="quakeml:eu.emsc/event/19990903_0000034">
  <preferredOriginID>quakeml:eu.emsc/event/19990903_0000034/origin/1472664</preferredOriginID>
  <preferredMagnitudeID>quakeml:eu.emsc/event/19990903_0000034/origin/1472664/mag/2</preferredMagnitudeID>
  <creationInfo>
    <agencyURI>smi:smi-registry/organization/EMSC</agencyURI>
    <authorURI>smi:smi-registry/organization/EMSC</authorURI>
    <creationTime>2014-12-11T23:56:39.261302Z</creationTime>
  </creationInfo>
  <description>
    <text>WESTERN TURKEY</text>
    <type>Flinn-Engdahl region</type>
  </description>
  <origin publicID="quakeml:eu.emsc/event/19990903_0000034/origin/1472664">
    <time>
      <value>1999-09-03T22:39:11.9Z</value>
    </time>
    <latitude>
      <value>40.662</value>
      <uncertainty>9999.9</uncertainty>
    </latitude>
    <longitude>
      <value>29.893</value>
      <uncertainty>9999.9</uncertainty>
    </longitude>
    <depth>
      <value>10000</value>
    </depth>
    <depthType>from location</depthType>
    <methodID>smi:eu.emsc-csem/origin_method/NA</methodID>
    <quality>
      <usedPhaseCount>11</usedPhaseCount>
      <usedStationCount>10</usedStationCount>
      <standardError>1.02</standardError>
      <azimuthalGap>147</azimuthalGap>
      <minimumDistance>0.23</minimumDistance>
      <maximumDistance>1.61</maximumDistance>
    </quality>
    <evaluationMode>manual</evaluationMode>
    <creationInfo>
      <agencyURI>smi:smi-registry/organization/EMSC</agencyURI>
      <authorURI>smi:smi-registry/organization/EMSC</authorURI>
    </creationInfo>
    <originUncertainty>
      <azimuthMaxHorizontalUncertainty>-99</azimuthMaxHorizontalUncertainty>
    </originUncertainty>
  </origin>
  <magnitude publicID="quakeml:eu.emsc/event/19990903_0000034/origin/1472664/mag/2">
    <mag>
      <value>3.2</value>
    </mag>
    <type>MD</type>
    <originID>quakeml:eu.emsc/event/19990903_0000034/origin/1472664</originID>
    <creationInfo>
      <agencyURI>smi:smi-registry/organization/EMSC</agencyURI>
      <authorURI>smi:smi-registry/organization/EMSC</authorURI>
    </creationInfo>
  </magnitude>
</event>
<event publicID="quakeml:eu.emsc/event/19990903_0000033">
  <preferredOriginID>quakeml:eu.emsc/event/19990903_0000033/origin/1472666</preferredOriginID>
  <preferredMagnitudeID>quakeml:eu.emsc/event/19990903_0000033/origin/1472666/mag/2</preferredMagnitudeID>
  <creationInfo>
    <agencyURI>smi:smi-registry/organization/EMSC</agencyURI>
    <authorURI>smi:smi-registry/organization/EMSC</authorURI>
    <creationTime>2014-12-11T23:56:38.343116Z</creationTime>
  </creationInfo>
  <description>
    <text>WESTERN TURKEY</text>
    <type>Flinn-Engdahl region</type>
  </description>
  <origin publicID="quakeml:eu.emsc/event/19990903_0000033/origin/1472666">
    <time>
      <value>1999-09-03T22:16:07.3Z</value>
    </time>
    <latitude>
      <value>40.58</value>
      <uncertainty>9999.9</uncertainty>
    </latitude>
    <longitude>
      <value>29.083</value>
      <uncertainty>9999.9</uncertainty>
    </longitude>
    <depth>
      <value>5000</value>
    </depth>
    <depthType>from location</depthType>
    <methodID>smi:eu.emsc-csem/origin_method/NA</methodID>
    <quality>
      <usedPhaseCount>13</usedPhaseCount>
      <usedStationCount>9</usedStationCount>
      <standardError>0.96</standardError>
      <azimuthalGap>102</azimuthalGap>
      <minimumDistance>0.22</minimumDistance>
      <maximumDistance>1.72</maximumDistance>
    </quality>
    <evaluationMode>manual</evaluationMode>
    <creationInfo>
      <agencyURI>smi:smi-registry/organization/EMSC</agencyURI>
      <authorURI>smi:smi-registry/organization/EMSC</authorURI>
    </creationInfo>
    <originUncertainty>
      <azimuthMaxHorizontalUncertainty>-99</azimuthMaxHorizontalUncertainty>
    </originUncertainty>
  </origin>
  <magnitude publicID="quakeml:eu.emsc/event/19990903_0000033/origin/1472666/mag/2">
    <mag>
      <value>3</value>
    </mag>
    <type>MD</type>
    <originID>quakeml:eu.emsc/event/19990903_0000033/origin/1472666</originID>
    <creationInfo>
      <agencyURI>smi:smi-registry/organization/EMSC</agencyURI>
      <authorURI>smi:smi-registry/organization/EMSC</authorURI>
    </creationInfo>
  </magnitude>
</event>
<event publicID="quakeml:eu.emsc/event/19990903_0000031">
  <preferredOriginID>quakeml:eu.emsc/event/19990903_0000031/origin/1463146</preferredOriginID>
  <preferredMagnitudeID>quakeml:eu.emsc/event/19990903_0000031/origin/1463146/mag/2</preferredMagnitudeID>
  <creationInfo>
    <agencyURI>smi:smi-registry/organization/EMSC</agencyURI>
    <authorURI>smi:smi-registry/organization/EMSC</authorURI>
    <creationTime>2014-12-03T10:56:17.417175Z</creationTime>
  </creationInfo>
  <description>
    <text>GREECE</text>
    <type>Flinn-Engdahl region</type>
  </description>
  <origin publicID="quakeml:eu.emsc/event/19990903_0000031/origin/1463146">
    <time>
      <value>1999-09-03T22:06:26.9Z</value>
      <uncertainty>0.2</uncertainty>
    </time>
    <latitude>
      <value>38.0149</value>
      <uncertainty>6.9</uncertainty>
    </latitude>
    <longitude>
      <value>21.1544</value>
      <uncertainty>3.4</uncertainty>
    </longitude>
    <depth>
      <value>18000</value>
      <uncertainty>3.2</uncertainty>
    </depth>
    <depthType>from location</depthType>
    <methodID>smi:eu.emsc-csem/origin_method/NA</methodID>
    <quality>
      <usedPhaseCount>6</usedPhaseCount>
      <usedStationCount>6</usedStationCount>
      <standardError>0.22</standardError>
      <azimuthalGap>146</azimuthalGap>
      <minimumDistance>0.47</minimumDistance>
      <maximumDistance>3.96</maximumDistance>
    </quality>
    <evaluationMode>manual</evaluationMode>
    <creationInfo>
      <agencyURI>smi:smi-registry/organization/EMSC</agencyURI>
      <authorURI>smi:smi-registry/organization/EMSC</authorURI>
    </creationInfo>
    <originUncertainty>
      <azimuthMaxHorizontalUncertainty>53</azimuthMaxHorizontalUncertainty>
    </originUncertainty>
  </origin>
  <magnitude publicID="quakeml:eu.emsc/event/19990903_0000031/origin/1463146/mag/2">
    <mag>
      <value>3</value>
    </mag>
    <type>MD</type>
    <originID>quakeml:eu.emsc/event/19990903_0000031/origin/1463146</originID>
    <creationInfo>
      <agencyURI>smi:smi-registry/organization/EMSC</agencyURI>
      <authorURI>smi:smi-registry/organization/EMSC</authorURI>
    </creationInfo>
  </magnitude>
</event>
<event publicID="quakeml:eu.emsc/event/19990903_0000030">
  <preferredOriginID>quakeml:eu.emsc/event/19990903_0000030/origin/1472668</preferredOriginID>
  <preferredMagnitudeID>quakeml:eu.emsc/event/19990903_0000030/origin/1472668/mag/2</preferredMagnitudeID>
  <creationInfo>
    <agencyURI>smi:smi-registry/organization/EMSC</agencyURI>
    <authorURI>smi:smi-registry/organization/EMSC</authorURI>
    <creationTime>2014-12-11T23:56:34.261739Z</creationTime>
  </creationInfo>
  <description>
    <text>SOUTHERN GREECE</text>
    <type>Flinn-Engdahl region</type>
  </description>
  <origin publicID="quakeml:eu.emsc/event/19990903_0000030/origin/1472668">
    <time>
      <value>1999-09-03T22:00:03.9Z</value>
    </time>
    <latitude>
      <value>37.87</value>
      <uncertainty>9999.9</uncertainty>
    </latitude>
    <longitude>
      <value>21.11</value>
      <uncertainty>9999.9</uncertainty>
    </longitude>
    <depth>
      <value>5000</value>
    </depth>
    <depthType>from location</depthType>
    <methodID>smi:eu.emsc-csem/origin_method/NA</methodID>
    <quality>
      <usedPhaseCount>6</usedPhaseCount>
      <usedStationCount>6</usedStationCount>
      <standardError>2.21</standardError>
      <azimuthalGap>170</azimuthalGap>
      <minimumDistance>0.51</minimumDistance>
      <maximumDistance>2.11</maximumDistance>
    </quality>
    <evaluationMode>manual</evaluationMode>
    <creationInfo>
      <agencyURI>smi:smi-registry/organization/EMSC</agencyURI>
      <authorURI>smi:smi-registry/organization/EMSC</authorURI>
    </creationInfo>
    <originUncertainty>
      <azimuthMaxHorizontalUncertainty>-99</azimuthMaxHorizontalUncertainty>
    </originUncertainty>
  </origin>
  <magnitude publicID="quakeml:eu.emsc/event/19990903_0000030/origin/1472668/mag/2">
    <mag>
      <value>3</value>
    </mag>
    <type>MD</type>
    <originID>quakeml:eu.emsc/event/19990903_0000030/origin/1472668</originID>
    <creationInfo>
      <agencyURI>smi:smi-registry/organization/EMSC</agencyURI>
      <authorURI>smi:smi-registry/organization/EMSC</authorURI>
    </creationInfo>
  </magnitude>
</event>
<event publicID="quakeml:eu.emsc/event/19990903_0000046">
  <preferredOriginID>quakeml:eu.emsc/event/19990903_0000046/origin/1973686</preferredOriginID>
  <preferredMagnitudeID>quakeml:eu.emsc/event/19990903_0000046/origin/1973686/mag/2</preferredMagnitudeID>
  <creationInfo>
    <agencyURI>smi:smi-registry/organization/EMSC</agencyURI>
    <authorURI>smi:smi-registry/organization/EMSC</authorURI>
    <creationTime>2014-12-11T09:35:19.34012Z</creationTime>
  </creationInfo>
  <description>
    <text>NORTHERN ITALY</text>
    <type>Flinn-Engdahl region</type>
  </description>
  <origin publicID="quakeml:eu.emsc/event/19990903_0000046/origin/1973686">
    <time>
      <value>1999-09-03T19:29:43.5Z</value>
    </time>
    <latitude>
      <value>45.76</value>
      <uncertainty>9999.9</uncertainty>
    </latitude>
    <longitude>
      <value>12.718</value>
      <uncertainty>9999.9</uncertainty>
    </longitude>
    <depth>
      <value>10000</value>
    </depth>
    <depthType>from location</depthType>
    <methodID>smi:eu.emsc-csem/origin_method/NA</methodID>
    <quality>
      <usedPhaseCount>12</usedPhaseCount>
      <usedStationCount>7</usedStationCount>
      <standardError>1.23</standardError>
      <azimuthalGap>92</azimuthalGap>
      <minimumDistance>0.73</minimumDistance>
      <maximumDistance>2.07</maximumDistance>
    </quality>
    <evaluationMode>manual</evaluationMode>
    <creationInfo>
      <agencyURI>smi:smi-registry/organization/EMSC</agencyURI>
      <authorURI>smi:smi-registry/organization/EMSC</authorURI>
    </creationInfo>
    <originUncertainty>
      <azimuthMaxHorizontalUncertainty>-99</azimuthMaxHorizontalUncertainty>
    </originUncertainty>
  </origin>
  <magnitude publicID="quakeml:eu.emsc/event/19990903_0000046/origin/1973686/mag/2">
    <mag>
      <value>2</value>
    </mag>
    <type>ML</type>
    <originID>quakeml:eu.emsc/event/19990903_0000046/origin/1973686</originID>
    <stationCount>4</stationCount>
    <creationInfo>
      <agencyURI>smi:smi-registry/organization/EMSC</agencyURI>
      <authorURI>smi:smi-registry/organization/EMSC</authorURI>
    </creationInfo>
  </magnitude>
</event>
<event publicID="quakeml:eu.emsc/event/19990903_0000028">
  <preferredOriginID>quakeml:eu.emsc/event/19990903_0000028/origin/1463149</preferredOriginID>
  <preferredMagnitudeID>quakeml:eu.emsc/event/19990903_0000028/origin/1463149/mag/1</preferredMagnitudeID>
  <creationInfo>
    <agencyURI>smi:smi-registry/organization/EMSC</agencyURI>
    <authorURI>smi:smi-registry/organization/EMSC</authorURI>
    <creationTime>2014-12-03T11:31:37.329275Z</creationTime>
  </creationInfo>
  <description>
    <text>EGYPT</text>
    <type>Flinn-Engdahl region</type>
  </description>
  <origin publicID="quakeml:eu.emsc/event/19990903_0000028/origin/1463149">
    <time>
      <value>1999-09-03T19:22:28.7Z</value>
      <uncertainty>0.39</uncertainty>
    </time>
    <latitude>
      <value>28.6377</value>
      <uncertainty>10.9</uncertainty>
    </latitude>
    <longitude>
      <value>34.6975</value>
      <uncertainty>5.7</uncertainty>
    </longitude>
    <depth>
      <value>10000</value>
    </depth>
    <depthType>from location</depthType>
    <methodID>smi:eu.emsc-csem/origin_method/NA</methodID>
    <quality>
      <usedPhaseCount>17</usedPhaseCount>
      <usedStationCount>15</usedStationCount>
      <standardError>0.8</standardError>
      <azimuthalGap>211</azimuthalGap>
      <minimumDistance>0.22</minimumDistance>
      <maximumDistance>2.41</maximumDistance>
    </quality>
    <evaluationMode>manual</evaluationMode>
    <creationInfo>
      <agencyURI>smi:smi-registry/organization/EMSC</agencyURI>
      <authorURI>smi:smi-registry/organization/EMSC</authorURI>
    </creationInfo>
    <originUncertainty>
      <azimuthMaxHorizontalUncertainty>57</azimuthMaxHorizontalUncertainty>
    </originUncertainty>
  </origin>
  <magnitude publicID="quakeml:eu.emsc/event/19990903_0000028/origin/1463149/mag/1">
    <mag>
      <value>3.2</value>
    </mag>
    <type>Mw</type>
    <originID>quakeml:eu.emsc/event/19990903_0000028/origin/1463149</originID>
    <creationInfo>
      <agencyURI>smi:smi-registry/organization/EMSC</agencyURI>
      <authorURI>smi:smi-registry/organization/EMSC</authorURI>
    </creationInfo>
  </magnitude>
</event>
<event publicID="quakeml:eu.emsc/event/19990903_0000027">
  <preferredOriginID>quakeml:eu.emsc/event/19990903_0000027/origin/1472670</preferredOriginID>
  <preferredMagnitudeID>quakeml:eu.emsc/event/19990903_0000027/origin/1472670/mag/2</preferredMagnitudeID>
  <creationInfo>
    <agencyURI>smi:smi-registry/organization/EMSC</agencyURI>
    <authorURI>smi:smi-registry/organization/EMSC</authorURI>
    <creationTime>2014-12-11T23:56:30.464846Z</creationTime>
  </creationInfo>
  <description>
    <text>WESTERN TURKEY</text>
    <type>Flinn-Engdahl region</type>
  </description>
  <origin publicID="quakeml:eu.emsc/event/19990903_0000027/origin/1472670">
    <time>
      <value>1999-09-03T16:45:46.2Z</value>
    </time>
    <latitude>
      <value>40.753</value>
      <uncertainty>9999.9</uncertainty>
    </latitude>
    <longitude>
      <value>29.744</value>
      <uncertainty>9999.9</uncertainty>
    </longitude>
    <depth>
      <value>11000</value>
    </depth>
    <depthType>from location</depthType>
    <methodID>smi:eu.emsc-csem/origin_method/NA</methodID>
    <quality>
      <usedPhaseCount>11</usedPhaseCount>
      <usedStationCount>8</usedStationCount>
      <standardError>0.77</standardError>
      <azimuthalGap>143</azimuthalGap>
      <minimumDistance>0.09</minimumDistance>
      <maximumDistance>1.45</maximumDistance>
    </quality>
    <evaluationMode>manual</evaluationMode>
    <creationInfo>
      <agencyURI>smi:smi-registry/organization/EMSC</agencyURI>
      <authorURI>smi:smi-registry/organization/EMSC</authorURI>
    </creationInfo>
    <originUncertainty>
      <azimuthMaxHorizontalUncertainty>-99</azimuthMaxHorizontalUncertainty>
    </originUncertainty>
  </origin>
  <magnitude publicID="quakeml:eu.emsc/event/19990903_0000027/origin/1472670/mag/2">
    <mag>
      <value>3</value>
    </mag>
    <type>MD</type>
    <originID>quakeml:eu.emsc/event/19990903_0000027/origin/1472670</originID>
    <creationInfo>
      <agencyURI>smi:smi-registry/organization/EMSC</agencyURI>
      <authorURI>smi:smi-registry/organization/EMSC</authorURI>
    </creationInfo>
  </magnitude>
</event>
<event publicID="quakeml:eu.emsc/event/19990903_0000025">
  <preferredOriginID>quakeml:eu.emsc/event/19990903_0000025/origin/1472672</preferredOriginID>
  <preferredMagnitudeID>quakeml:eu.emsc/event/19990903_0000025/origin/1472672/mag/2</preferredMagnitudeID>
  <creationInfo>
    <agencyURI>smi:smi-registry/organization/EMSC</agencyURI>
    <authorURI>smi:smi-registry/organization/EMSC</authorURI>
    <creationTime>2014-12-11T23:56:26.665266Z</creationTime>
  </creationInfo>
  <description>
    <text>JORDAN</text>
    <type>Flinn-Engdahl region</type>
  </description>
  <origin publicID="quakeml:eu.emsc/event/19990903_0000025/origin/1472672">
    <time>
      <value>1999-09-03T14:58:00.4Z</value>
    </time>
    <latitude>
      <value>30.06</value>
      <uncertainty>9999.9</uncertainty>
    </latitude>
    <longitude>
      <value>36.99</value>
      <uncertainty>9999.9</uncertainty>
    </longitude>
    <depth>
      <value>33000</value>
    </depth>
    <depthType>from location</depthType>
    <methodID>smi:eu.emsc-csem/origin_method/NA</methodID>
    <quality>
      <usedPhaseCount>5</usedPhaseCount>
      <usedStationCount>4</usedStationCount>
      <standardError>3.64</standardError>
      <azimuthalGap>335</azimuthalGap>
      <minimumDistance>1.47</minimumDistance>
      <maximumDistance>2.46</maximumDistance>
    </quality>
    <evaluationMode>manual</evaluationMode>
    <creationInfo>
      <agencyURI>smi:smi-registry/organization/EMSC</agencyURI>
      <authorURI>smi:smi-registry/organization/EMSC</authorURI>
    </creationInfo>
    <originUncertainty>
      <azimuthMaxHorizontalUncertainty>-99</azimuthMaxHorizontalUncertainty>
    </originUncertainty>
  </origin>
  <magnitude publicID="quakeml:eu.emsc/event/19990903_0000025/origin/1472672/mag/2">
    <mag>
      <value>3.2</value>
    </mag>
    <type>MD</type>
    <originID>quakeml:eu.emsc/event/19990903_0000025/origin/1472672</originID>
    <creationInfo>
      <agencyURI>smi:smi-registry/organization/EMSC</agencyURI>
      <authorURI>smi:smi-registry/organization/EMSC</authorURI>
    </creationInfo>
  </magnitude>
</event>
<event publicID="quakeml:eu.emsc/event/19990903_0000024">
  <preferredOriginID>quakeml:eu.emsc/event/19990903_0000024/origin/1463151</preferredOriginID>
  <preferredMagnitudeID>quakeml:eu.emsc/event/19990903_0000024/origin/1463151/mag/2</preferredMagnitudeID>
  <creationInfo>
    <agencyURI>smi:smi-registry/organization/EMSC</agencyURI>
    <authorURI>smi:smi-registry/organization/EMSC</authorURI>
    <creationTime>2014-12-03T12:12:39.139898Z</creationTime>
  </creationInfo>
  <description>
    <text>GREECE</text>
    <type>Flinn-Engdahl region</type>
  </description>
  <origin publicID="quakeml:eu.emsc/event/19990903_0000024/origin/1463151">
    <time>
      <value>1999-09-03T14:51:24.5Z</value>
      <uncertainty>0.1</uncertainty>
    </time>
    <latitude>
      <value>40.8995</value>
      <uncertainty>2.8</uncertainty>
    </latitude>
    <longitude>
      <value>22.3445</value>
      <uncertainty>1.7</uncertainty>
    </longitude>
    <depth>
      <value>13300.0</value>
      <uncertainty>1</uncertainty>
    </depth>
    <depthType>from location</depthType>
    <methodID>smi:eu.emsc-csem/origin_method/NA</methodID>
    <quality>
      <usedPhaseCount>17</usedPhaseCount>
      <usedStationCount>10</usedStationCount>
      <standardError>0.49</standardError>
      <azimuthalGap>89</azimuthalGap>
      <minimumDistance>0.07</minimumDistance>
      <maximumDistance>1.41</maximumDistance>
    </quality>
    <evaluationMode>manual</evaluationMode>
    <creationInfo>
      <agencyURI>smi:smi-registry/organization/EMSC</agencyURI>
      <authorURI>smi:smi-registry/organization/EMSC</authorURI>
    </creationInfo>
    <originUncertainty>
      <azimuthMaxHorizontalUncertainty>17</azimuthMaxHorizontalUncertainty>
    </originUncertainty>
  </origin>
  <magnitude publicID="quakeml:eu.emsc/event/19990903_0000024/origin/1463151/mag/2">
    <mag>
      <value>2</value>
    </mag>
    <type>ML</type>
    <originID>quakeml:eu.emsc/event/19990903_0000024/origin/1463151</originID>
    <creationInfo>
      <agencyURI>smi:smi-registry/organization/EMSC</agencyURI>
      <authorURI>smi:smi-registry/organization/EMSC</authorURI>
    </creationInfo>
  </magnitude>
</event>
<event publicID="quakeml:eu.emsc/event/19990903_0000023">
  <preferredOriginID>quakeml:eu.emsc/event/19990903_0000023/origin/1472674</preferredOriginID>
  <preferredMagnitudeID>quakeml:eu.emsc/event/19990903_0000023/origin/1472674/mag/2</preferredMagnitudeID>
  <creationInfo>
    <agencyURI>smi:smi-registry/organization/EMSC</agencyURI>
    <authorURI>smi:smi-registry/organization/EMSC</authorURI>
    <creationTime>2014-12-11T23:56:19.73662Z</creationTime>
  </creationInfo>
  <description>
    <text>WESTERN TURKEY</text>
    <type>Flinn-Engdahl region</type>
  </description>
  <origin publicID="quakeml:eu.emsc/event/19990903_0000023/origin/1472674">
    <time>
      <value>1999-09-03T14:22:33.2Z</value>
    </time>
    <latitude>
      <value>40.83</value>
      <uncertainty>9999.9</uncertainty>
    </latitude>
    <longitude>
      <value>30.641</value>
      <uncertainty>9999.9</uncertainty>
    </longitude>
    <depth>
      <value>13000</value>
    </depth>
    <depthType>from location</depthType>
    <methodID>smi:eu.emsc-csem/origin_method/NA</methodID>
    <quality>
      <usedPhaseCount>12</usedPhaseCount>
      <usedStationCount>9</usedStationCount>
      <standardError>0.78</standardError>
      <azimuthalGap>208</azimuthalGap>
      <minimumDistance>0.47</minimumDistance>
      <maximumDistance>2.17</maximumDistance>
    </quality>
    <evaluationMode>manual</evaluationMode>
    <creationInfo>
      <agencyURI>smi:smi-registry/organization/EMSC</agencyURI>
      <authorURI>smi:smi-registry/organization/EMSC</authorURI>
    </creationInfo>
    <originUncertainty>
      <azimuthMaxHorizontalUncertainty>-99</azimuthMaxHorizontalUncertainty>
    </originUncertainty>
  </origin>
  <magnitude publicID="quakeml:eu.emsc/event/19990903_0000023/origin/1472674/mag/2">
    <mag>
      <value>3.1</value>
    </mag>
    <type>MD</type>
    <originID>quakeml:eu.emsc/event/19990903_0000023/origin/1472674</originID>
    <creationInfo>
      <agencyURI>smi:smi-registry/organization/EMSC</agencyURI>
      <authorURI>smi:smi-registry/organization/EMSC</authorURI>
    </creationInfo>
  </magnitude>
</event>
<event publicID="quakeml:eu.emsc/event/19990903_0000022">
  <preferredOriginID>quakeml:eu.emsc/event/19990903_0000022/origin/1463154</preferredOriginID>
  <preferredMagnitudeID>quakeml:eu.emsc/event/19990903_0000022/origin/1463154/mag/2</preferredMagnitudeID>
  <creationInfo>
    <agencyURI>smi:smi-registry/organization/EMSC</agencyURI>
    <authorURI>smi:smi-registry/organization/EMSC</authorURI>
    <creationTime>2014-12-03T11:33:24.7179Z</creationTime>
  </creationInfo>
  <description>
    <text>CENTRAL MEDITERRANEAN SEA</text>
    <type>Flinn-Engdahl region</type>
  </description>
  <origin publicID="quakeml:eu.emsc/event/19990903_0000022/origin/1463154">
    <time>
      <value>1999-09-03T13:57:06.5Z</value>
      <uncertainty>1.16</uncertainty>
    </time>
    <latitude>
      <value>36.3642</value>
      <uncertainty>27.3</uncertainty>
    </latitude>
    <longitude>
      <value>20.8274</value>
      <uncertainty>10.3</uncertainty>
    </longitude>
    <depth>
      <value>19700.0</value>
      <uncertainty>0.1</uncertainty>
    </depth>
    <depthType>from location</depthType>
    <methodID>smi:eu.emsc-csem/origin_method/NA</methodID>
    <quality>
      <usedPhaseCount>23</usedPhaseCount>
      <usedStationCount>19</usedStationCount>
      <standardError>1.11</standardError>
      <azimuthalGap>254</azimuthalGap>
      <minimumDistance>1.74</minimumDistance>
      <maximumDistance>5.62</maximumDistance>
    </quality>
    <evaluationMode>manual</evaluationMode>
    <creationInfo>
      <agencyURI>smi:smi-registry/organization/EMSC</agencyURI>
      <authorURI>smi:smi-registry/organization/EMSC</authorURI>
    </creationInfo>
    <originUncertainty>
      <azimuthMaxHorizontalUncertainty>43</azimuthMaxHorizontalUncertainty>
    </originUncertainty>
  </origin>
  <magnitude publicID="quakeml:eu.emsc/event/19990903_0000022/origin/1463154/mag/2">
    <mag>
      <value>3.5</value>
    </mag>
    <type>MD</type>
    <originID>quakeml:eu.emsc/event/19990903_0000022/origin/1463154</originID>
    <creationInfo>
      <agencyURI>smi:smi-registry/organization/EMSC</agencyURI>
      <authorURI>smi:smi-registry/organization/EMSC</authorURI>
    </creationInfo>
  </magnitude>
</event>
<event publicID="quakeml:eu.emsc/event/19990903_0000021">
  <preferredOriginID>quakeml:eu.emsc/event/19990903_0000021/origin/1463157</preferredOriginID>
  <preferredMagnitudeID>quakeml:eu.emsc/event/19990903_0000021/origin/1463157/mag/2</preferredMagnitudeID>
  <creationInfo>
    <agencyURI>smi:smi-registry/organization/EMSC</agencyURI>
    <authorURI>smi:smi-registry/organization/EMSC</authorURI>
    <creationTime>2014-12-03T11:01:59.439612Z</creationTime>
  </creationInfo>
  <description>
    <text>EGYPT</text>
    <type>Flinn-Engdahl region</type>
  </description>
  <origin publicID="quakeml:eu.emsc/event/19990903_0000021/origin/1463157">
    <time>
      <value>1999-09-03T11:39:49.7Z</value>
      <uncertainty>0.13</uncertainty>
    </time>
    <latitude>
      <value>29.1395</value>
      <uncertainty>7.3</uncertainty>
    </latitude>
    <longitude>
      <value>34.8054</value>
      <uncertainty>1.8</uncertainty>
    </longitude>
    <depth>
      <value>15000</value>
    </depth>
    <depthType>from location</depthType>
    <methodID>smi:eu.emsc-csem/origin_method/NA</methodID>
    <quality>
      <usedPhaseCount>12</usedPhaseCount>
      <usedStationCount>9</usedStationCount>
      <standardError>0.29</standardError>
      <azimuthalGap>179</azimuthalGap>
      <minimumDistance>0.15</minimumDistance>
      <maximumDistance>1.22</maximumDistance>
    </quality>
    <evaluationMode>manual</evaluationMode>
    <creationInfo>
      <agencyURI>smi:smi-registry/organization/EMSC</agencyURI>
      <authorURI>smi:smi-registry/organization/EMSC</authorURI>
    </creationInfo>
    <originUncertainty>
      <azimuthMaxHorizontalUncertainty>85</azimuthMaxHorizontalUncertainty>
    </originUncertainty>
  </origin>
  <magnitude publicID="quakeml:eu.emsc/event/19990903_0000021/origin/1463157/mag/2">
    <mag>
      <value>3.1</value>
    </mag>
    <type>MD</type>
    <originID>quakeml:eu.emsc/event/19990903_0000021/origin/1463157</originID>
    <creationInfo>
      <agencyURI>smi:smi-registry/organization/EMSC</agencyURI>
      <authorURI>smi:smi-registry/organization/EMSC</authorURI>
    </creationInfo>
  </magnitude>
</event>
<event publicID="quakeml:eu.emsc/event/19990903_0000020">
  <preferredOriginID>quakeml:eu.emsc/event/19990903_0000020/origin/1472676</preferredOriginID>
  <preferredMagnitudeID>quakeml:eu.emsc/event/19990903_0000020/origin/1472676/mag/2</preferredMagnitudeID>
  <creationInfo>
    <agencyURI>smi:smi-registry/organization/EMSC</agencyURI>
    <authorURI>smi:smi-registry/organization/EMSC</authorURI>
    <creationTime>2014-12-11T23:56:09.687089Z</creationTime>
  </creationInfo>
  <description>
    <text>WESTERN TURKEY</text>
    <type>Flinn-Engdahl region</type>
  </description>
  <origin publicID="quakeml:eu.emsc/event/19990903_0000020/origin/1472676">
    <time>
      <value>1999-09-03T11:22:39.0Z</value>
    </time>
    <latitude>
      <value>37.306</value>
      <uncertainty>9999.9</uncertainty>
    </latitude>
    <longitude>
      <value>29.723</value>
      <uncertainty>9999.9</uncertainty>
    </longitude>
    <depth>
      <value>15000</value>
    </depth>
    <depthType>from location</depthType>
    <methodID>smi:eu.emsc-csem/origin_method/NA</methodID>
    <quality>
      <usedPhaseCount>5</usedPhaseCount>
      <usedStationCount>4</usedStationCount>
      <standardError>0.71</standardError>
      <azimuthalGap>96</azimuthalGap>
      <minimumDistance>0.58</minimumDistance>
      <maximumDistance>1.16</maximumDistance>
    </quality>
    <evaluationMode>manual</evaluationMode>
    <creationInfo>
      <agencyURI>smi:smi-registry/organization/EMSC</agencyURI>
      <authorURI>smi:smi-registry/organization/EMSC</authorURI>
    </creationInfo>
    <originUncertainty>
      <azimuthMaxHorizontalUncertainty>-99</azimuthMaxHorizontalUncertainty>
    </originUncertainty>
  </origin>
  <magnitude publicID="quakeml:eu.emsc/event/19990903_0000020/origin/1472676/mag/2">
    <mag>
      <value>3</value>
    </mag>
    <type>MD</type>
    <originID>quakeml:eu.emsc/event/19990903_0000020/origin/1472676</originID>
    <creationInfo>
      <agencyURI>smi:smi-registry/organization/EMSC</agencyURI>
      <authorURI>smi:smi-registry/organization/EMSC</authorURI>
    </creationInfo>
  </magnitude>
</event>
<event publicID="quakeml:eu.emsc/event/19990903_0000019">
  <preferredOriginID>quakeml:eu.emsc/event/19990903_0000019/origin/1472678</preferredOriginID>
  <preferredMagnitudeID>quakeml:eu.emsc/event/19990903_0000019/origin/1472678/mag/2</preferredMagnitudeID>
  <creationInfo>
    <agencyURI>smi:smi-registry/organization/EMSC</agencyURI>
    <authorURI>smi:smi-registry/organization/EMSC</authorURI>
    <creationTime>2014-12-11T23:56:07.648643Z</creationTime>
  </creationInfo>
  <description>
    <text>WESTERN TURKEY</text>
    <type>Flinn-Engdahl region</type>
  </description>
  <origin publicID="quakeml:eu.emsc/event/19990903_0000019/origin/1472678">
    <time>
      <value>1999-09-03T11:21:45.0Z</value>
    </time>
    <latitude>
      <value>40.634</value>
      <uncertainty>9999.9</uncertainty>
    </latitude>
    <longitude>
      <value>29.022</value>
      <uncertainty>9999.9</uncertainty>
    </longitude>
    <depth>
      <value>5000</value>
    </depth>
    <depthType>from location</depthType>
    <methodID>smi:eu.emsc-csem/origin_method/NA</methodID>
    <quality>
      <usedPhaseCount>13</usedPhaseCount>
      <usedStationCount>10</usedStationCount>
      <standardError>1.02</standardError>
      <azimuthalGap>100</azimuthalGap>
      <minimumDistance>0.28</minimumDistance>
      <maximumDistance>1.79</maximumDistance>
    </quality>
    <evaluationMode>manual</evaluationMode>
    <creationInfo>
      <agencyURI>smi:smi-registry/organization/EMSC</agencyURI>
      <authorURI>smi:smi-registry/organization/EMSC</authorURI>
    </creationInfo>
    <originUncertainty>
      <azimuthMaxHorizontalUncertainty>-99</azimuthMaxHorizontalUncertainty>
    </originUncertainty>
  </origin>
  <magnitude publicID="quakeml:eu.emsc/event/19990903_0000019/origin/1472678/mag/2">
    <mag>
      <value>3.1</value>
    </mag>
    <type>MD</type>
    <originID>quakeml:eu.emsc/event/19990903_0000019/origin/1472678</originID>
    <creationInfo>
      <agencyURI>smi:smi-registry/organization/EMSC</agencyURI>
      <authorURI>smi:smi-registry/organization/EMSC</authorURI>
    </creationInfo>
  </magnitude>
</event>
<event publicID="quakeml:eu.emsc/event/19990903_0000018">
  <preferredOriginID>quakeml:eu.emsc/event/19990903_0000018/origin/1476934</preferredOriginID>
  <preferredMagnitudeID>quakeml:eu.emsc/event/19990903_0000018/origin/1476934/mag/2</preferredMagnitudeID>
  <creationInfo>
    <agencyURI>smi:smi-registry/organization/EMSC</agencyURI>
    <authorURI>smi:smi-registry/organization/EMSC</authorURI>
    <creationTime>2014-12-11T23:56:06.12154Z</creationTime>
  </creationInfo>
  <description>
    <text>JORDAN</text>
    <type>Flinn-Engdahl region</type>
  </description>
  <origin publicID="quakeml:eu.emsc/event/19990903_0000018/origin/1476934">
    <time>
      <value>1999-09-03T11:16:47.1Z</value>
    </time>
    <latitude>
      <value>31.8</value>
      <uncertainty>9999.9</uncertainty>
    </latitude>
    <longitude>
      <value>36.6</value>
      <uncertainty>9999.9</uncertainty>
    </longitude>
    <depth>
      <value>35000</value>
    </depth>
    <depthType>from location</depthType>
    <methodID>smi:eu.emsc-csem/origin_method/NA</methodID>
    <quality>
      <usedPhaseCount>5</usedPhaseCount>
      <usedStationCount>4</usedStationCount>
      <standardError>5.35</standardError>
      <azimuthalGap>341</azimuthalGap>
      <minimumDistance>2.97</minimumDistance>
      <maximumDistance>3.52</maximumDistance>
    </quality>
    <evaluationMode>manual</evaluationMode>
    <creationInfo>
      <agencyURI>smi:smi-registry/organization/EMSC</agencyURI>
      <authorURI>smi:smi-registry/organization/EMSC</authorURI>
    </creationInfo>
    <originUncertainty>
      <azimuthMaxHorizontalUncertainty>-99</azimuthMaxHorizontalUncertainty>
    </originUncertainty>
  </origin>
  <magnitude publicID="quakeml:eu.emsc/event/19990903_0000018/origin/1476934/mag/2">
    <mag>
      <value>3.3</value>
    </mag>
    <type>MD</type>
    <originID>quakeml:eu.emsc/event/19990903_0000018/origin/1476934</originID>
    <creationInfo>
      <agencyURI>smi:smi-registry/organization/EMSC</agencyURI>
      <authorURI>smi:smi-registry/organization/EMSC</authorURI>
    </creationInfo>
  </magnitude>
</event>
<event publicID="quakeml:eu.emsc/event/19990903_0000017">
  <preferredOriginID>quakeml:eu.emsc/event/19990903_0000017/origin/1472680</preferredOriginID>
  <preferredMagnitudeID>quakeml:eu.emsc/event/19990903_0000017/origin/1472680/mag/2</preferredMagnitudeID>
  <creationInfo>
    <agencyURI>smi:smi-registry/organization/EMSC</agencyURI>
    <authorURI>smi:smi-registry/organization/EMSC</authorURI>
    <creationTime>2014-12-11T23:56:05.55158Z</creationTime>
  </creationInfo>
  <description>
    <text>WESTERN TURKEY</text>
    <type>Flinn-Engdahl region</type>
  </description>
  <origin publicID="quakeml:eu.emsc/event/19990903_0000017/origin/1472680">
    <time>
      <value>1999-09-03T11:13:28.1Z</value>
    </time>
    <latitude>
      <value>37.353</value>
      <uncertainty>9999.9</uncertainty>
    </latitude>
    <longitude>
      <value>29.717</value>
      <uncertainty>9999.9</uncertainty>
    </longitude>
    <depth>
      <value>13000</value>
    </depth>
    <depthType>from location</depthType>
    <methodID>smi:eu.emsc-csem/origin_method/NA</methodID>
    <quality>
      <usedPhaseCount>5</usedPhaseCount>
      <usedStationCount>4</usedStationCount>
      <standardError>0.73</standardError>
      <azimuthalGap>93</azimuthalGap>
      <minimumDistance>0.62</minimumDistance>
      <maximumDistance>1.17</maximumDistance>
    </quality>
    <evaluationMode>manual</evaluationMode>
    <creationInfo>
      <agencyURI>smi:smi-registry/organization/EMSC</agencyURI>
      <authorURI>smi:smi-registry/organization/EMSC</authorURI>
    </creationInfo>
    <originUncertainty>
      <azimuthMaxHorizontalUncertainty>-99</azimuthMaxHorizontalUncertainty>
    </originUncertainty>
  </origin>
  <magnitude publicID="quakeml:eu.emsc/event/19990903_0000017/origin/1472680/mag/2">
    <mag>
      <value>3.1</value>
    </mag>
    <type>MD</type>
    <originID>quakeml:eu.emsc/event/19990903_0000017/origin/1472680</originID>
    <creationInfo>
      <agencyURI>smi:smi-registry/organization/EMSC</agencyURI>
      <authorURI>smi:smi-registry/organization/EMSC</authorURI>
    </creationInfo>
  </magnitude>
</event>
<event publicID="quakeml:eu.emsc/event/19990903_0000016">
  <preferredOriginID>quakeml:eu.emsc/event/19990903_0000016/origin/1472682</preferredOriginID>
  <preferredMagnitudeID>quakeml:eu.emsc/event/19990903_0000016/origin/1472682/mag/2</preferredMagnitudeID>
  <creationInfo>
    <agencyURI>smi:smi-registry/organization/EMSC</agencyURI>
    <authorURI>smi:smi-registry/organization/EMSC</authorURI>
    <creationTime>2014-12-11T23:56:02.684806Z</creationTime>
  </creationInfo>
  <description>
    <text>JORDAN-SAUDI ARABIA BORDER REG</text>
    <type>Flinn-Engdahl region</type>
  </description>
  <origin publicID="quakeml:eu.emsc/event/19990903_0000016/origin/1472682">
    <time>
      <value>1999-09-03T11:12:42.3Z</value>
    </time>
    <latitude>
      <value>31.14</value>
      <uncertainty>9999.9</uncertainty>
    </latitude>
    <longitude>
      <value>38.02</value>
      <uncertainty>9999.9</uncertainty>
    </longitude>
    <depth>
      <value>37000</value>
    </depth>
    <depthType>from location</depthType>
    <methodID>smi:eu.emsc-csem/origin_method/NA</methodID>
    <quality>
      <usedPhaseCount>6</usedPhaseCount>
      <usedStationCount>4</usedStationCount>
      <standardError>5.05</standardError>
      <azimuthalGap>345</azimuthalGap>
      <minimumDistance>2.86</minimumDistance>
      <maximumDistance>3.84</maximumDistance>
    </quality>
    <evaluationMode>manual</evaluationMode>
    <creationInfo>
      <agencyURI>smi:smi-registry/organization/EMSC</agencyURI>
      <authorURI>smi:smi-registry/organization/EMSC</authorURI>
    </creationInfo>
    <originUncertainty>
      <azimuthMaxHorizontalUncertainty>-99</azimuthMaxHorizontalUncertainty>
    </originUncertainty>
  </origin>
  <magnitude publicID="quakeml:eu.emsc/event/19990903_0000016/origin/1472682/mag/2">
    <mag>
      <value>3.4</value>
    </mag>
    <type>MD</type>
    <originID>quakeml:eu.emsc/event/19990903_0000016/origin/1472682</originID>
    <creationInfo>
      <agencyURI>smi:smi-registry/organization/EMSC</agencyURI>
      <authorURI>smi:smi-registry/organization/EMSC</authorURI>
    </creationInfo>
  </magnitude>
</event>
<event publicID="quakeml:eu.emsc/event/19990903_0000015">
  <preferredOriginID>quakeml:eu.emsc/event/19990903_0000015/origin/1463159</preferredOriginID>
  <preferredMagnitudeID>quakeml:eu.emsc/event/19990903_0000015/origin/1463159/mag/2</preferredMagnitudeID>
  <creationInfo>
    <agencyURI>smi:smi-registry/organization/EMSC</agencyURI>
    <authorURI>smi:smi-registry/organization/EMSC</authorURI>
    <creationTime>2014-12-03T11:59:55.84129Z</creationTime>
  </creationInfo>
  <description>
    <text>WESTERN TURKEY</text>
    <type>Flinn-Engdahl region</type>
  </description>
  <origin publicID="quakeml:eu.emsc/event/19990903_0000015/origin/1463159">
    <time>
      <value>1999-09-03T11:07:17.3Z</value>
      <uncertainty>0.32</uncertainty>
    </time>
    <latitude>
      <value>40.7257</value>
      <uncertainty>13</uncertainty>
    </latitude>
    <longitude>
      <value>30.5952</value>
      <uncertainty>5.4</uncertainty>
    </longitude>
    <depth>
      <value>2000</value>
    </depth>
    <depthType>from location</depthType>
    <methodID>smi:eu.emsc-csem/origin_method/NA</methodID>
    <quality>
      <usedPhaseCount>7</usedPhaseCount>
      <usedStationCount>6</usedStationCount>
      <standardError>0.53</standardError>
      <azimuthalGap>170</azimuthalGap>
      <minimumDistance>0.39</minimumDistance>
      <maximumDistance>19.84</maximumDistance>
    </quality>
    <evaluationMode>manual</evaluationMode>
    <creationInfo>
      <agencyURI>smi:smi-registry/organization/EMSC</agencyURI>
      <authorURI>smi:smi-registry/organization/EMSC</authorURI>
    </creationInfo>
    <originUncertainty>
      <azimuthMaxHorizontalUncertainty>12</azimuthMaxHorizontalUncertainty>
    </originUncertainty>
  </origin>
  <magnitude publicID="quakeml:eu.emsc/event/19990903_0000015/origin/1463159/mag/2">
    <mag>
      <value>2.8</value>
    </mag>
    <type>MD</type>
    <originID>quakeml:eu.emsc/event/19990903_0000015/origin/1463159</originID>
    <creationInfo>
      <agencyURI>smi:smi-registry/organization/EMSC</agencyURI>
      <authorURI>smi:smi-registry/organization/EMSC</authorURI>
    </creationInfo>
  </magnitude>
</event>
<event publicID="quakeml:eu.emsc/event/19990903_0000014">
  <preferredOriginID>quakeml:eu.emsc/event/19990903_0000014/origin/1472684</preferredOriginID>
  <preferredMagnitudeID>quakeml:eu.emsc/event/19990903_0000014/origin/1472684/mag/2</preferredMagnitudeID>
  <creationInfo>
    <agencyURI>smi:smi-registry/organization/EMSC</agencyURI>
    <authorURI>smi:smi-registry/organization/EMSC</authorURI>
    <creationTime>2014-12-11T23:55:57.663631Z</creationTime>
  </creationInfo>
  <description>
    <text>WESTERN TURKEY</text>
    <type>Flinn-Engdahl region</type>
  </description>
  <origin publicID="quakeml:eu.emsc/event/19990903_0000014/origin/1472684">
    <time>
      <value>1999-09-03T10:07:45.4Z</value>
    </time>
    <latitude>
      <value>40.721</value>
      <uncertainty>9999.9</uncertainty>
    </latitude>
    <longitude>
      <value>29.177</value>
      <uncertainty>9999.9</uncertainty>
    </longitude>
    <depth>
      <value>10000</value>
    </depth>
    <depthType>from location</depthType>
    <methodID>smi:eu.emsc-csem/origin_method/NA</methodID>
    <quality>
      <usedPhaseCount>10</usedPhaseCount>
      <usedStationCount>9</usedStationCount>
      <standardError>0.98</standardError>
      <azimuthalGap>93</azimuthalGap>
      <minimumDistance>0.36</minimumDistance>
      <maximumDistance>1.81</maximumDistance>
    </quality>
    <evaluationMode>manual</evaluationMode>
    <creationInfo>
      <agencyURI>smi:smi-registry/organization/EMSC</agencyURI>
      <authorURI>smi:smi-registry/organization/EMSC</authorURI>
    </creationInfo>
    <originUncertainty>
      <azimuthMaxHorizontalUncertainty>-99</azimuthMaxHorizontalUncertainty>
    </originUncertainty>
  </origin>
  <magnitude publicID="quakeml:eu.emsc/event/19990903_0000014/origin/1472684/mag/2">
    <mag>
      <value>3.1</value>
    </mag>
    <type>MD</type>
    <originID>quakeml:eu.emsc/event/19990903_0000014/origin/1472684</originID>
    <creationInfo>
      <agencyURI>smi:smi-registry/organization/EMSC</agencyURI>
      <authorURI>smi:smi-registry/organization/EMSC</authorURI>
    </creationInfo>
  </magnitude>
</event>
<event publicID="quakeml:eu.emsc/event/19990903_0000013">
  <preferredOriginID>quakeml:eu.emsc/event/19990903_0000013/origin/1472686</preferredOriginID>
  <preferredMagnitudeID>quakeml:eu.emsc/event/19990903_0000013/origin/1472686/mag/2</preferredMagnitudeID>
  <creationInfo>
    <agencyURI>smi:smi-registry/organization/EMSC</agencyURI>
    <authorURI>smi:smi-registry/organization/EMSC</authorURI>
    <creationTime>2014-12-11T23:55:53.407592Z</creationTime>
  </creationInfo>
  <description>
    <text>JORDAN</text>
    <type>Flinn-Engdahl region</type>
  </description>
  <origin publicID="quakeml:eu.emsc/event/19990903_0000013/origin/1472686">
    <time>
      <value>1999-09-03T10:01:31.3Z</value>
    </time>
    <latitude>
      <value>31.23</value>
      <uncertainty>9999.9</uncertainty>
    </latitude>
    <longitude>
      <value>36.88</value>
      <uncertainty>9999.9</uncertainty>
    </longitude>
    <depth>
      <value>36000</value>
    </depth>
    <depthType>from location</depthType>
    <methodID>smi:eu.emsc-csem/origin_method/NA</methodID>
    <quality>
      <usedPhaseCount>5</usedPhaseCount>
      <usedStationCount>4</usedStationCount>
      <standardError>3.49</standardError>
      <azimuthalGap>339</azimuthalGap>
      <minimumDistance>2.48</minimumDistance>
      <maximumDistance>3.28</maximumDistance>
    </quality>
    <evaluationMode>manual</evaluationMode>
    <creationInfo>
      <agencyURI>smi:smi-registry/organization/EMSC</agencyURI>
      <authorURI>smi:smi-registry/organization/EMSC</authorURI>
    </creationInfo>
    <originUncertainty>
      <azimuthMaxHorizontalUncertainty>-99</azimuthMaxHorizontalUncertainty>
    </originUncertainty>
  </origin>
  <magnitude publicID="quakeml:eu.emsc/event/19990903_0000013/origin/1472686/mag/2">
    <mag>
      <value>3</value>
    </mag>
    <type>MD</type>
    <originID>quakeml:eu.emsc/event/19990903_0000013/origin/1472686</originID>
    <creationInfo>
      <agencyURI>smi:smi-registry/organization/EMSC</agencyURI>
      <authorURI>smi:smi-registry/organization/EMSC</authorURI>
    </creationInfo>
  </magnitude>
</event>
<event publicID="quakeml:eu.emsc/event/19990903_0000012">
  <preferredOriginID>quakeml:eu.emsc/event/19990903_0000012/origin/1463162</preferredOriginID>
  <preferredMagnitudeID>quakeml:eu.emsc/event/19990903_0000012/origin/1463162/mag/2</preferredMagnitudeID>
  <creationInfo>
    <agencyURI>smi:smi-registry/organization/EMSC</agencyURI>
    <authorURI>smi:smi-registry/organization/EMSC</authorURI>
    <creationTime>2014-12-03T11:57:54.826307Z</creationTime>
  </creationInfo>
  <description>
    <text>NEAR THE COAST OF WESTERN TURKEY</text>
    <type>Flinn-Engdahl region</type>
  </description>
  <origin publicID="quakeml:eu.emsc/event/19990903_0000012/origin/1463162">
    <time>
      <value>1999-09-03T10:00:03.2Z</value>
      <uncertainty>0.35</uncertainty>
    </time>
    <latitude>
      <value>38.4898</value>
      <uncertainty>10.6</uncertainty>
    </latitude>
    <longitude>
      <value>26.7335</value>
      <uncertainty>8.3</uncertainty>
    </longitude>
    <depth>
      <value>5000</value>
    </depth>
    <depthType>from location</depthType>
    <methodID>smi:eu.emsc-csem/origin_method/NA</methodID>
    <quality>
      <usedPhaseCount>18</usedPhaseCount>
      <usedStationCount>17</usedStationCount>
      <standardError>1.36</standardError>
      <azimuthalGap>93</azimuthalGap>
      <minimumDistance>0.43</minimumDistance>
      <maximumDistance>3.5</maximumDistance>
    </quality>
    <evaluationMode>manual</evaluationMode>
    <creationInfo>
      <agencyURI>smi:smi-registry/organization/EMSC</agencyURI>
      <authorURI>smi:smi-registry/organization/EMSC</authorURI>
    </creationInfo>
    <originUncertainty>
      <azimuthMaxHorizontalUncertainty>96</azimuthMaxHorizontalUncertainty>
    </originUncertainty>
  </origin>
  <magnitude publicID="quakeml:eu.emsc/event/19990903_0000012/origin/1463162/mag/2">
    <mag>
      <value>3.5</value>
    </mag>
    <type>MD</type>
    <originID>quakeml:eu.emsc/event/19990903_0000012/origin/1463162</originID>
    <creationInfo>
      <agencyURI>smi:smi-registry/organization/EMSC</agencyURI>
      <authorURI>smi:smi-registry/organization/EMSC</authorURI>
    </creationInfo>
  </magnitude>
</event>
<event publicID="quakeml:eu.emsc/event/19990903_0000011">
  <preferredOriginID>quakeml:eu.emsc/event/19990903_0000011/origin/1463164</preferredOriginID>
  <preferredMagnitudeID>quakeml:eu.emsc/event/19990903_0000011/origin/1463164/mag/2</preferredMagnitudeID>
  <creationInfo>
    <agencyURI>smi:smi-registry/organization/EMSC</agencyURI>
    <authorURI>smi:smi-registry/organization/EMSC</authorURI>
    <creationTime>2014-12-03T11:31:34.187297Z</creationTime>
  </creationInfo>
  <description>
    <text>HUNGARY</text>
    <type>Flinn-Engdahl region</type>
  </description>
  <origin publicID="quakeml:eu.emsc/event/19990903_0000011/origin/1463164">
    <time>
      <value>1999-09-03T09:38:18.8Z</value>
      <uncertainty>0.32</uncertainty>
    </time>
    <latitude>
      <value>46.5571</value>
      <uncertainty>9.9</uncertainty>
    </latitude>
    <longitude>
      <value>21.1328</value>
      <uncertainty>5.2</uncertainty>
    </longitude>
    <depth>
      <value>19000</value>
      <uncertainty>1.9</uncertainty>
    </depth>
    <depthType>from location</depthType>
    <methodID>smi:eu.emsc-csem/origin_method/NA</methodID>
    <quality>
      <usedPhaseCount>28</usedPhaseCount>
      <usedStationCount>18</usedStationCount>
      <standardError>0.98</standardError>
      <azimuthalGap>101</azimuthalGap>
      <minimumDistance>0.05</minimumDistance>
      <maximumDistance>25.43</maximumDistance>
    </quality>
    <evaluationMode>manual</evaluationMode>
    <creationInfo>
      <agencyURI>smi:smi-registry/organization/EMSC</agencyURI>
      <authorURI>smi:smi-registry/organization/EMSC</authorURI>
    </creationInfo>
    <originUncertainty>
      <azimuthMaxHorizontalUncertainty>27</azimuthMaxHorizontalUncertainty>
    </originUncertainty>
  </origin>
  <magnitude publicID="quakeml:eu.emsc/event/19990903_0000011/origin/1463164/mag/2">
    <mag>
      <value>3.4</value>
    </mag>
    <type>ML</type>
    <originID>quakeml:eu.emsc/event/19990903_0000011/origin/1463164</originID>
    <creationInfo>
      <agencyURI>smi:smi-registry/organization/EMSC</agencyURI>
      <authorURI>smi:smi-registry/organization/EMSC</authorURI>
    </creationInfo>
  </magnitude>
</event>
<event publicID="quakeml:eu.emsc/event/19990903_0000010">
  <preferredOriginID>quakeml:eu.emsc/event/19990903_0000010/origin/1463168</preferredOriginID>
  <preferredMagnitudeID>quakeml:eu.emsc/event/19990903_0000010/origin/1463168/mag/2</preferredMagnitudeID>
  <creationInfo>
    <agencyURI>smi:smi-registry/organization/EMSC</agencyURI>
    <authorURI>smi:smi-registry/organization/EMSC</authorURI>
    <creationTime>2014-12-03T12:05:12.678886Z</creationTime>
  </creationInfo>
  <description>
    <text>CYPRUS REGION</text>
    <type>Flinn-Engdahl region</type>
  </description>
  <origin publicID="quakeml:eu.emsc/event/19990903_0000010/origin/1463168">
    <time>
      <value>1999-09-03T09:36:03.5Z</value>
      <uncertainty>0.18</uncertainty>
    </time>
    <latitude>
      <value>34.6578</value>
      <uncertainty>6.5</uncertainty>
    </latitude>
    <longitude>
      <value>33.0591</value>
      <uncertainty>4</uncertainty>
    </longitude>
    <depth>
      <value>15000</value>
    </depth>
    <depthType>from location</depthType>
    <methodID>smi:eu.emsc-csem/origin_method/NA</methodID>
    <quality>
      <usedPhaseCount>24</usedPhaseCount>
      <usedStationCount>22</usedStationCount>
      <standardError>0.88</standardError>
      <azimuthalGap>102</azimuthalGap>
      <minimumDistance>0.18</minimumDistance>
      <maximumDistance>18.33</maximumDistance>
    </quality>
    <evaluationMode>manual</evaluationMode>
    <creationInfo>
      <agencyURI>smi:smi-registry/organization/EMSC</agencyURI>
      <authorURI>smi:smi-registry/organization/EMSC</authorURI>
    </creationInfo>
    <originUncertainty>
      <azimuthMaxHorizontalUncertainty>75</azimuthMaxHorizontalUncertainty>
    </originUncertainty>
  </origin>
  <magnitude publicID="quakeml:eu.emsc/event/19990903_0000010/origin/1463168/mag/2">
    <mag>
      <value>3.3</value>
    </mag>
    <type>ML</type>
    <originID>quakeml:eu.emsc/event/19990903_0000010/origin/1463168</originID>
    <creationInfo>
      <agencyURI>smi:smi-registry/organization/EMSC</agencyURI>
      <authorURI>smi:smi-registry/organization/EMSC</authorURI>
    </creationInfo>
  </magnitude>
</event>
<event publicID="quakeml:eu.emsc/event/19990903_0000009">
  <preferredOriginID>quakeml:eu.emsc/event/19990903_0000009/origin/1472688</preferredOriginID>
  <preferredMagnitudeID>quakeml:eu.emsc/event/19990903_0000009/origin/1472688/mag/2</preferredMagnitudeID>
  <creationInfo>
    <agencyURI>smi:smi-registry/organization/EMSC</agencyURI>
    <authorURI>smi:smi-registry/organization/EMSC</authorURI>
    <creationTime>2014-12-11T23:55:43.372898Z</creationTime>
  </creationInfo>
  <description>
    <text>WESTERN TURKEY</text>
    <type>Flinn-Engdahl region</type>
  </description>
  <origin publicID="quakeml:eu.emsc/event/19990903_0000009/origin/1472688">
    <time>
      <value>1999-09-03T08:52:22.9Z</value>
    </time>
    <latitude>
      <value>40.785</value>
      <uncertainty>9999.9</uncertainty>
    </latitude>
    <longitude>
      <value>30.567</value>
      <uncertainty>9999.9</uncertainty>
    </longitude>
    <depth>
      <value>6000</value>
    </depth>
    <depthType>from location</depthType>
    <methodID>smi:eu.emsc-csem/origin_method/NA</methodID>
    <quality>
      <usedPhaseCount>8</usedPhaseCount>
      <usedStationCount>6</usedStationCount>
      <standardError>0.56</standardError>
      <azimuthalGap>198</azimuthalGap>
      <minimumDistance>0.4</minimumDistance>
      <maximumDistance>1.66</maximumDistance>
    </quality>
    <evaluationMode>manual</evaluationMode>
    <creationInfo>
      <agencyURI>smi:smi-registry/organization/EMSC</agencyURI>
      <authorURI>smi:smi-registry/organization/EMSC</authorURI>
    </creationInfo>
    <originUncertainty>
      <azimuthMaxHorizontalUncertainty>-99</azimuthMaxHorizontalUncertainty>
    </originUncertainty>
  </origin>
  <magnitude publicID="quakeml:eu.emsc/event/19990903_0000009/origin/1472688/mag/2">
    <mag>
      <value>2.9</value>
    </mag>
    <type>MD</type>
    <originID>quakeml:eu.emsc/event/19990903_0000009/origin/1472688</originID>
    <creationInfo>
      <agencyURI>smi:smi-registry/organization/EMSC</agencyURI>
      <authorURI>smi:smi-registry/organization/EMSC</authorURI>
    </creationInfo>
  </magnitude>
</event>
<event publicID="quakeml:eu.emsc/event/19990903_0000007">
  <preferredOriginID>quakeml:eu.emsc/event/19990903_0000007/origin/1472690</preferredOriginID>
  <preferredMagnitudeID>quakeml:eu.emsc/event/19990903_0000007/origin/1472690/mag/2</preferredMagnitudeID>
  <creationInfo>
    <agencyURI>smi:smi-registry/organization/EMSC</agencyURI>
    <authorURI>smi:smi-registry/organization/EMSC</authorURI>
    <creationTime>2014-12-11T23:55:38.575044Z</creationTime>
  </creationInfo>
  <description>
    <text>WESTERN TURKEY</text>
    <type>Flinn-Engdahl region</type>
  </description>
  <origin publicID="quakeml:eu.emsc/event/19990903_0000007/origin/1472690">
    <time>
      <value>1999-09-03T07:26:03.1Z</value>
    </time>
    <latitude>
      <value>40.731</value>
      <uncertainty>9999.9</uncertainty>
    </latitude>
    <longitude>
      <value>30.562</value>
      <uncertainty>9999.9</uncertainty>
    </longitude>
    <depth>
      <value>7000</value>
    </depth>
    <depthType>from location</depthType>
    <methodID>smi:eu.emsc-csem/origin_method/NA</methodID>
    <quality>
      <usedPhaseCount>8</usedPhaseCount>
      <usedStationCount>5</usedStationCount>
      <standardError>0.72</standardError>
      <azimuthalGap>192</azimuthalGap>
      <minimumDistance>0.37</minimumDistance>
      <maximumDistance>1.67</maximumDistance>
    </quality>
    <evaluationMode>manual</evaluationMode>
    <creationInfo>
      <agencyURI>smi:smi-registry/organization/EMSC</agencyURI>
      <authorURI>smi:smi-registry/organization/EMSC</authorURI>
    </creationInfo>
    <originUncertainty>
      <azimuthMaxHorizontalUncertainty>-99</azimuthMaxHorizontalUncertainty>
    </originUncertainty>
  </origin>
  <magnitude publicID="quakeml:eu.emsc/event/19990903_0000007/origin/1472690/mag/2">
    <mag>
      <value>3</value>
    </mag>
    <type>MD</type>
    <originID>quakeml:eu.emsc/event/19990903_0000007/origin/1472690</originID>
    <creationInfo>
      <agencyURI>smi:smi-registry/organization/EMSC</agencyURI>
      <authorURI>smi:smi-registry/organization/EMSC</authorURI>
    </creationInfo>
  </magnitude>
</event>
<event publicID="quakeml:eu.emsc/event/19990903_0000006">
  <preferredOriginID>quakeml:eu.emsc/event/19990903_0000006/origin/1463172</preferredOriginID>
  <preferredMagnitudeID>quakeml:eu.emsc/event/19990903_0000006/origin/1463172/mag/2</preferredMagnitudeID>
  <creationInfo>
    <agencyURI>smi:smi-registry/organization/EMSC</agencyURI>
    <authorURI>smi:smi-registry/organization/EMSC</authorURI>
    <creationTime>2014-12-03T12:10:46.633144Z</creationTime>
  </creationInfo>
  <description>
    <text>EASTERN MEDITERRANEAN SEA</text>
    <type>Flinn-Engdahl region</type>
  </description>
  <origin publicID="quakeml:eu.emsc/event/19990903_0000006/origin/1463172">
    <time>
      <value>1999-09-03T07:14:50.2Z</value>
      <uncertainty>0.23</uncertainty>
    </time>
    <latitude>
      <value>34.5977</value>
      <uncertainty>10.7</uncertainty>
    </latitude>
    <longitude>
      <value>27.2929</value>
      <uncertainty>5.1</uncertainty>
    </longitude>
    <depth>
      <value>20000</value>
    </depth>
    <depthType>from location</depthType>
    <methodID>smi:eu.emsc-csem/origin_method/NA</methodID>
    <quality>
      <usedPhaseCount>25</usedPhaseCount>
      <usedStationCount>25</usedStationCount>
      <standardError>1.03</standardError>
      <azimuthalGap>141</azimuthalGap>
      <minimumDistance>0.96</minimumDistance>
      <maximumDistance>22.27</maximumDistance>
    </quality>
    <evaluationMode>manual</evaluationMode>
    <creationInfo>
      <agencyURI>smi:smi-registry/organization/EMSC</agencyURI>
      <authorURI>smi:smi-registry/organization/EMSC</authorURI>
    </creationInfo>
    <originUncertainty>
      <azimuthMaxHorizontalUncertainty>53</azimuthMaxHorizontalUncertainty>
    </originUncertainty>
  </origin>
  <magnitude publicID="quakeml:eu.emsc/event/19990903_0000006/origin/1463172/mag/2">
    <mag>
      <value>3.9</value>
    </mag>
    <type>MD</type>
    <originID>quakeml:eu.emsc/event/19990903_0000006/origin/1463172</originID>
    <creationInfo>
      <agencyURI>smi:smi-registry/organization/EMSC</agencyURI>
      <authorURI>smi:smi-registry/organization/EMSC</authorURI>
    </creationInfo>
  </magnitude>
</event>
<event publicID="quakeml:eu.emsc/event/19990903_0000005">
  <preferredOriginID>quakeml:eu.emsc/event/19990903_0000005/origin/1472692</preferredOriginID>
  <preferredMagnitudeID>quakeml:eu.emsc/event/19990903_0000005/origin/1472692/mag/2</preferredMagnitudeID>
  <creationInfo>
    <agencyURI>smi:smi-registry/organization/EMSC</agencyURI>
    <authorURI>smi:smi-registry/organization/EMSC</authorURI>
    <creationTime>2014-12-11T23:55:36.459709Z</creationTime>
  </creationInfo>
  <description>
    <text>WESTERN TURKEY</text>
    <type>Flinn-Engdahl region</type>
  </description>
  <origin publicID="quakeml:eu.emsc/event/19990903_0000005/origin/1472692">
    <time>
      <value>1999-09-03T07:04:45.5Z</value>
    </time>
    <latitude>
      <value>39.932</value>
      <uncertainty>9999.9</uncertainty>
    </latitude>
    <longitude>
      <value>29.234</value>
      <uncertainty>9999.9</uncertainty>
    </longitude>
    <depth>
      <value>7000</value>
    </depth>
    <depthType>from location</depthType>
    <methodID>smi:eu.emsc-csem/origin_method/NA</methodID>
    <quality>
      <usedPhaseCount>9</usedPhaseCount>
      <usedStationCount>8</usedStationCount>
      <standardError>0.61</standardError>
      <azimuthalGap>149</azimuthalGap>
      <minimumDistance>0.44</minimumDistance>
      <maximumDistance>1.61</maximumDistance>
    </quality>
    <evaluationMode>manual</evaluationMode>
    <creationInfo>
      <agencyURI>smi:smi-registry/organization/EMSC</agencyURI>
      <authorURI>smi:smi-registry/organization/EMSC</authorURI>
    </creationInfo>
    <originUncertainty>
      <azimuthMaxHorizontalUncertainty>-99</azimuthMaxHorizontalUncertainty>
    </originUncertainty>
  </origin>
  <magnitude publicID="quakeml:eu.emsc/event/19990903_0000005/origin/1472692/mag/2">
    <mag>
      <value>3</value>
    </mag>
    <type>MD</type>
    <originID>quakeml:eu.emsc/event/19990903_0000005/origin/1472692</originID>
    <creationInfo>
      <agencyURI>smi:smi-registry/organization/EMSC</agencyURI>
      <authorURI>smi:smi-registry/organization/EMSC</authorURI>
    </creationInfo>
  </magnitude>
</event>
<event publicID="quakeml:eu.emsc/event/19990903_0000004">
  <preferredOriginID>quakeml:eu.emsc/event/19990903_0000004/origin/1463177</preferredOriginID>
  <preferredMagnitudeID>quakeml:eu.emsc/event/19990903_0000004/origin/1463177/mag/1</preferredMagnitudeID>
  <creationInfo>
    <agencyURI>smi:smi-registry/organization/EMSC</agencyURI>
    <authorURI>smi:smi-registry/organization/EMSC</authorURI>
    <creationTime>2014-12-03T11:48:29.464138Z</creationTime>
  </creationInfo>
  <description>
    <text>NORTHERN ITALY</text>
    <type>Flinn-Engdahl region</type>
  </description>
  <origin publicID="quakeml:eu.emsc/event/19990903_0000004/origin/1463177">
    <time>
      <value>1999-09-03T06:59:52.0Z</value>
      <uncertainty>0.15</uncertainty>
    </time>
    <latitude>
      <value>45.0751</value>
      <uncertainty>4.1</uncertainty>
    </latitude>
    <longitude>
      <value>7.609</value>
      <uncertainty>2.7</uncertainty>
    </longitude>
    <depth>
      <value>15000</value>
    </depth>
    <depthType>from location</depthType>
    <methodID>smi:eu.emsc-csem/origin_method/NA</methodID>
    <quality>
      <usedPhaseCount>64</usedPhaseCount>
      <usedStationCount>47</usedStationCount>
      <standardError>1.11</standardError>
      <azimuthalGap>86</azimuthalGap>
      <minimumDistance>0.26</minimumDistance>
      <maximumDistance>3.65</maximumDistance>
    </quality>
    <evaluationMode>manual</evaluationMode>
    <creationInfo>
      <agencyURI>smi:smi-registry/organization/EMSC</agencyURI>
      <authorURI>smi:smi-registry/organization/EMSC</authorURI>
    </creationInfo>
    <originUncertainty>
      <azimuthMaxHorizontalUncertainty>87</azimuthMaxHorizontalUncertainty>
    </originUncertainty>
  </origin>
  <magnitude publicID="quakeml:eu.emsc/event/19990903_0000004/origin/1463177/mag/1">
    <mag>
      <value>2.7</value>
      <uncertainty>0.2</uncertainty>
    </mag>
    <type>ML</type>
    <originID>quakeml:eu.emsc/event/19990903_0000004/origin/1463177</originID>
    <stationCount>15</stationCount>
    <creationInfo>
      <agencyURI>smi:smi-registry/organization/EMSC</agencyURI>
      <authorURI>smi:smi-registry/organization/EMSC</authorURI>
    </creationInfo>
  </magnitude>
</event>
<event publicID="quakeml:eu.emsc/event/19990903_0000003">
  <preferredOriginID>quakeml:eu.emsc/event/19990903_0000003/origin/1463182</preferredOriginID>
  <preferredMagnitudeID>quakeml:eu.emsc/event/19990903_0000003/origin/1463182/mag/1</preferredMagnitudeID>
  <creationInfo>
    <agencyURI>smi:smi-registry/organization/EMSC</agencyURI>
    <authorURI>smi:smi-registry/organization/EMSC</authorURI>
    <creationTime>2014-12-03T10:24:25.557293Z</creationTime>
  </creationInfo>
  <description>
    <text>NORTHERN ALGERIA</text>
    <type>Flinn-Engdahl region</type>
  </description>
  <origin publicID="quakeml:eu.emsc/event/19990903_0000003/origin/1463182">
    <time>
      <value>1999-09-03T06:43:55.1Z</value>
      <uncertainty>0.55</uncertainty>
    </time>
    <latitude>
      <value>35.6514</value>
      <uncertainty>12.5</uncertainty>
    </latitude>
    <longitude>
      <value>1.0474</value>
      <uncertainty>5.2</uncertainty>
    </longitude>
    <depth>
      <value>10000</value>
    </depth>
    <depthType>from location</depthType>
    <methodID>smi:eu.emsc-csem/origin_method/NA</methodID>
    <quality>
      <usedPhaseCount>65</usedPhaseCount>
      <usedStationCount>51</usedStationCount>
      <standardError>0.99</standardError>
      <azimuthalGap>224</azimuthalGap>
      <minimumDistance>2.94</minimumDistance>
      <maximumDistance>16.31</maximumDistance>
    </quality>
    <evaluationMode>manual</evaluationMode>
    <creationInfo>
      <agencyURI>smi:smi-registry/organization/EMSC</agencyURI>
      <authorURI>smi:smi-registry/organization/EMSC</authorURI>
    </creationInfo>
    <originUncertainty>
      <azimuthMaxHorizontalUncertainty>157</azimuthMaxHorizontalUncertainty>
    </originUncertainty>
  </origin>
  <magnitude publicID="quakeml:eu.emsc/event/19990903_0000003/origin/1463182/mag/1">
    <mag>
      <value>4</value>
      <uncertainty>0.3</uncertainty>
    </mag>
    <type>ML</type>
    <originID>quakeml:eu.emsc/event/19990903_0000003/origin/1463182</originID>
    <stationCount>12</stationCount>
    <creationInfo>
      <agencyURI>smi:smi-registry/organization/EMSC</agencyURI>
      <authorURI>smi:smi-registry/organization/EMSC</authorURI>
    </creationInfo>
  </magnitude>
</event>
<event publicID="quakeml:eu.emsc/event/19990903_0000002">
  <preferredOriginID>quakeml:eu.emsc/event/19990903_0000002/origin/1472694</preferredOriginID>
  <preferredMagnitudeID>quakeml:eu.emsc/event/19990903_0000002/origin/1472694/mag/2</preferredMagnitudeID>
  <creationInfo>
    <agencyURI>smi:smi-registry/organization/EMSC</agencyURI>
    <authorURI>smi:smi-registry/organization/EMSC</authorURI>
    <creationTime>2014-12-11T23:55:29.323811Z</creationTime>
  </creationInfo>
  <description>
    <text>CYPRUS REGION</text>
    <type>Flinn-Engdahl region</type>
  </description>
  <origin publicID="quakeml:eu.emsc/event/19990903_0000002/origin/1472694">
    <time>
      <value>1999-09-03T06:12:42.6Z</value>
    </time>
    <latitude>
      <value>34.607</value>
      <uncertainty>9999.9</uncertainty>
    </latitude>
    <longitude>
      <value>33.151</value>
      <uncertainty>9999.9</uncertainty>
    </longitude>
    <depth>
      <value>10000</value>
    </depth>
    <depthType>from location</depthType>
    <methodID>smi:eu.emsc-csem/origin_method/NA</methodID>
    <quality>
      <usedPhaseCount>8</usedPhaseCount>
      <usedStationCount>6</usedStationCount>
      <standardError>0.77</standardError>
      <azimuthalGap>270</azimuthalGap>
      <minimumDistance>0.27</minimumDistance>
      <maximumDistance>0.79</maximumDistance>
    </quality>
    <evaluationMode>manual</evaluationMode>
    <creationInfo>
      <agencyURI>smi:smi-registry/organization/EMSC</agencyURI>
      <authorURI>smi:smi-registry/organization/EMSC</authorURI>
    </creationInfo>
    <originUncertainty>
      <azimuthMaxHorizontalUncertainty>-99</azimuthMaxHorizontalUncertainty>
    </originUncertainty>
  </origin>
  <magnitude publicID="quakeml:eu.emsc/event/19990903_0000002/origin/1472694/mag/2">
    <mag>
      <value>3</value>
    </mag>
    <type>ML</type>
    <originID>quakeml:eu.emsc/event/19990903_0000002/origin/1472694</originID>
    <creationInfo>
      <agencyURI>smi:smi-registry/organization/EMSC</agencyURI>
      <authorURI>smi:smi-registry/organization/EMSC</authorURI>
    </creationInfo>
  </magnitude>
</event>
<event publicID="quakeml:eu.emsc/event/19990903_0000044">
  <preferredOriginID>quakeml:eu.emsc/event/19990903_0000044/origin/1463187</preferredOriginID>
  <preferredMagnitudeID>quakeml:eu.emsc/event/19990903_0000044/origin/1463187/mag/1</preferredMagnitudeID>
  <creationInfo>
    <agencyURI>smi:smi-registry/organization/EMSC</agencyURI>
    <authorURI>smi:smi-registry/organization/EMSC</authorURI>
    <creationTime>2014-12-03T11:27:49.89507Z</creationTime>
  </creationInfo>
  <description>
    <text>GREECE</text>
    <type>Flinn-Engdahl region</type>
  </description>
  <origin publicID="quakeml:eu.emsc/event/19990903_0000044/origin/1463187">
    <time>
      <value>1999-09-03T05:29:32.8Z</value>
      <uncertainty>0.15</uncertainty>
    </time>
    <latitude>
      <value>38.3847</value>
      <uncertainty>4.7</uncertainty>
    </latitude>
    <longitude>
      <value>23.2748</value>
      <uncertainty>3.4</uncertainty>
    </longitude>
    <depth>
      <value>10000</value>
    </depth>
    <depthType>from location</depthType>
    <methodID>smi:eu.emsc-csem/origin_method/NA</methodID>
    <quality>
      <usedPhaseCount>103</usedPhaseCount>
      <usedStationCount>86</usedStationCount>
      <standardError>1.19</standardError>
      <azimuthalGap>32</azimuthalGap>
      <minimumDistance>0.54</minimumDistance>
      <maximumDistance>85.57</maximumDistance>
    </quality>
    <evaluationMode>manual</evaluationMode>
    <creationInfo>
      <agencyURI>smi:smi-registry/organization/EMSC</agencyURI>
      <authorURI>smi:smi-registry/organization/EMSC</authorURI>
    </creationInfo>
    <originUncertainty>
      <azimuthMaxHorizontalUncertainty>48</azimuthMaxHorizontalUncertainty>
    </originUncertainty>
  </origin>
  <magnitude publicID="quakeml:eu.emsc/event/19990903_0000044/origin/1463187/mag/1">
    <mag>
      <value>4.5</value>
      <uncertainty>0.3</uncertainty>
    </mag>
    <type>mb</type>
    <originID>quakeml:eu.emsc/event/19990903_0000044/origin/1463187</originID>
    <stationCount>6</stationCount>
    <creationInfo>
      <agencyURI>smi:smi-registry/organization/EMSC</agencyURI>
      <authorURI>smi:smi-registry/organization/EMSC</authorURI>
    </creationInfo>
  </magnitude>
</event>
<event publicID="quakeml:eu.emsc/event/19990903_0000042">
  <preferredOriginID>quakeml:eu.emsc/event/19990903_0000042/origin/1472696</preferredOriginID>
  <preferredMagnitudeID>quakeml:eu.emsc/event/19990903_0000042/origin/1472696/mag/2</preferredMagnitudeID>
  <creationInfo>
    <agencyURI>smi:smi-registry/organization/EMSC</agencyURI>
    <authorURI>smi:smi-registry/organization/EMSC</authorURI>
    <creationTime>2014-12-11T23:55:18.789245Z</creationTime>
  </creationInfo>
  <description>
    <text>WESTERN TURKEY</text>
    <type>Flinn-Engdahl region</type>
  </description>
  <origin publicID="quakeml:eu.emsc/event/19990903_0000042/origin/1472696">
    <time>
      <value>1999-09-03T04:18:07.2Z</value>
    </time>
    <latitude>
      <value>40.775</value>
      <uncertainty>9999.9</uncertainty>
    </latitude>
    <longitude>
      <value>28.721</value>
      <uncertainty>9999.9</uncertainty>
    </longitude>
    <depth>
      <value>5000</value>
    </depth>
    <depthType>from location</depthType>
    <methodID>smi:eu.emsc-csem/origin_method/NA</methodID>
    <quality>
      <usedPhaseCount>11</usedPhaseCount>
      <usedStationCount>9</usedStationCount>
      <standardError>0.91</standardError>
      <azimuthalGap>92</azimuthalGap>
      <minimumDistance>0.39</minimumDistance>
      <maximumDistance>1.92</maximumDistance>
    </quality>
    <evaluationMode>manual</evaluationMode>
    <creationInfo>
      <agencyURI>smi:smi-registry/organization/EMSC</agencyURI>
      <authorURI>smi:smi-registry/organization/EMSC</authorURI>
    </creationInfo>
    <originUncertainty>
      <azimuthMaxHorizontalUncertainty>-99</azimuthMaxHorizontalUncertainty>
    </originUncertainty>
  </origin>
  <magnitude publicID="quakeml:eu.emsc/event/19990903_0000042/origin/1472696/mag/2">
    <mag>
      <value>3.2</value>
    </mag>
    <type>MD</type>
    <originID>quakeml:eu.emsc/event/19990903_0000042/origin/1472696</originID>
    <creationInfo>
      <agencyURI>smi:smi-registry/organization/EMSC</agencyURI>
      <authorURI>smi:smi-registry/organization/EMSC</authorURI>
    </creationInfo>
  </magnitude>
</event>
<event publicID="quakeml:eu.emsc/event/19990903_0000041">
  <preferredOriginID>quakeml:eu.emsc/event/19990903_0000041/origin/1472698</preferredOriginID>
  <preferredMagnitudeID>quakeml:eu.emsc/event/19990903_0000041/origin/1472698/mag/2</preferredMagnitudeID>
  <creationInfo>
    <agencyURI>smi:smi-registry/organization/EMSC</agencyURI>
    <authorURI>smi:smi-registry/organization/EMSC</authorURI>
    <creationTime>2014-12-11T23:55:16.487268Z</creationTime>
  </creationInfo>
  <description>
    <text>WESTERN TURKEY</text>
    <type>Flinn-Engdahl region</type>
  </description>
  <origin publicID="quakeml:eu.emsc/event/19990903_0000041/origin/1472698">
    <time>
      <value>1999-09-03T03:37:05.5Z</value>
    </time>
    <latitude>
      <value>40.681</value>
      <uncertainty>9999.9</uncertainty>
    </latitude>
    <longitude>
      <value>30.73</value>
      <uncertainty>9999.9</uncertainty>
    </longitude>
    <depth>
      <value>8000</value>
    </depth>
    <depthType>from location</depthType>
    <methodID>smi:eu.emsc-csem/origin_method/NA</methodID>
    <quality>
      <usedPhaseCount>7</usedPhaseCount>
      <usedStationCount>4</usedStationCount>
      <standardError>1.05</standardError>
      <azimuthalGap>194</azimuthalGap>
      <minimumDistance>0.43</minimumDistance>
      <maximumDistance>1.8</maximumDistance>
    </quality>
    <evaluationMode>manual</evaluationMode>
    <creationInfo>
      <agencyURI>smi:smi-registry/organization/EMSC</agencyURI>
      <authorURI>smi:smi-registry/organization/EMSC</authorURI>
    </creationInfo>
    <originUncertainty>
      <azimuthMaxHorizontalUncertainty>-99</azimuthMaxHorizontalUncertainty>
    </originUncertainty>
  </origin>
  <magnitude publicID="quakeml:eu.emsc/event/19990903_0000041/origin/1472698/mag/2">
    <mag>
      <value>3</value>
    </mag>
    <type>MD</type>
    <originID>quakeml:eu.emsc/event/19990903_0000041/origin/1472698</originID>
    <creationInfo>
      <agencyURI>smi:smi-registry/organization/EMSC</agencyURI>
      <authorURI>smi:smi-registry/organization/EMSC</authorURI>
    </creationInfo>
  </magnitude>
</event>
<event publicID="quakeml:eu.emsc/event/19990903_0000040">
  <preferredOriginID>quakeml:eu.emsc/event/19990903_0000040/origin/1472700</preferredOriginID>
  <preferredMagnitudeID>quakeml:eu.emsc/event/19990903_0000040/origin/1472700/mag/2</preferredMagnitudeID>
  <creationInfo>
    <agencyURI>smi:smi-registry/organization/EMSC</agencyURI>
    <authorURI>smi:smi-registry/organization/EMSC</authorURI>
    <creationTime>2014-12-11T23:55:15.11207Z</creationTime>
  </creationInfo>
  <description>
    <text>WESTERN TURKEY</text>
    <type>Flinn-Engdahl region</type>
  </description>
  <origin publicID="quakeml:eu.emsc/event/19990903_0000040/origin/1472700">
    <time>
      <value>1999-09-03T03:23:41.5Z</value>
    </time>
    <latitude>
      <value>40.847</value>
      <uncertainty>9999.9</uncertainty>
    </latitude>
    <longitude>
      <value>31.216</value>
      <uncertainty>9999.9</uncertainty>
    </longitude>
    <depth>
      <value>8000</value>
    </depth>
    <depthType>from location</depthType>
    <methodID>smi:eu.emsc-csem/origin_method/NA</methodID>
    <quality>
      <usedPhaseCount>7</usedPhaseCount>
      <usedStationCount>6</usedStationCount>
      <standardError>1.12</standardError>
      <azimuthalGap>261</azimuthalGap>
      <minimumDistance>0.38</minimumDistance>
      <maximumDistance>2.6</maximumDistance>
    </quality>
    <evaluationMode>manual</evaluationMode>
    <creationInfo>
      <agencyURI>smi:smi-registry/organization/EMSC</agencyURI>
      <authorURI>smi:smi-registry/organization/EMSC</authorURI>
    </creationInfo>
    <originUncertainty>
      <azimuthMaxHorizontalUncertainty>-99</azimuthMaxHorizontalUncertainty>
    </originUncertainty>
  </origin>
  <magnitude publicID="quakeml:eu.emsc/event/19990903_0000040/origin/1472700/mag/2">
    <mag>
      <value>3.2</value>
    </mag>
    <type>MD</type>
    <originID>quakeml:eu.emsc/event/19990903_0000040/origin/1472700</originID>
    <creationInfo>
      <agencyURI>smi:smi-registry/organization/EMSC</agencyURI>
      <authorURI>smi:smi-registry/organization/EMSC</authorURI>
    </creationInfo>
  </magnitude>
</event>
<event publicID="quakeml:eu.emsc/event/19990903_0000039">
  <preferredOriginID>quakeml:eu.emsc/event/19990903_0000039/origin/1472702</preferredOriginID>
  <preferredMagnitudeID>quakeml:eu.emsc/event/19990903_0000039/origin/1472702/mag/2</preferredMagnitudeID>
  <creationInfo>
    <agencyURI>smi:smi-registry/organization/EMSC</agencyURI>
    <authorURI>smi:smi-registry/organization/EMSC</authorURI>
    <creationTime>2014-12-11T23:55:12.806751Z</creationTime>
  </creationInfo>
  <description>
    <text>WESTERN TURKEY</text>
    <type>Flinn-Engdahl region</type>
  </description>
  <origin publicID="quakeml:eu.emsc/event/19990903_0000039/origin/1472702">
    <time>
      <value>1999-09-03T02:33:26.2Z</value>
    </time>
    <latitude>
      <value>40.808</value>
      <uncertainty>9999.9</uncertainty>
    </latitude>
    <longitude>
      <value>29.844</value>
      <uncertainty>9999.9</uncertainty>
    </longitude>
    <depth>
      <value>10000</value>
    </depth>
    <depthType>from location</depthType>
    <methodID>smi:eu.emsc-csem/origin_method/NA</methodID>
    <quality>
      <usedPhaseCount>9</usedPhaseCount>
      <usedStationCount>8</usedStationCount>
      <standardError>1.25</standardError>
      <azimuthalGap>179</azimuthalGap>
      <minimumDistance>0.32</minimumDistance>
      <maximumDistance>2.49</maximumDistance>
    </quality>
    <evaluationMode>manual</evaluationMode>
    <creationInfo>
      <agencyURI>smi:smi-registry/organization/EMSC</agencyURI>
      <authorURI>smi:smi-registry/organization/EMSC</authorURI>
    </creationInfo>
    <originUncertainty>
      <azimuthMaxHorizontalUncertainty>-99</azimuthMaxHorizontalUncertainty>
    </originUncertainty>
  </origin>
  <magnitude publicID="quakeml:eu.emsc/event/19990903_0000039/origin/1472702/mag/2">
    <mag>
      <value>3.1</value>
    </mag>
    <type>MD</type>
    <originID>quakeml:eu.emsc/event/19990903_0000039/origin/1472702</originID>
    <creationInfo>
      <agencyURI>smi:smi-registry/organization/EMSC</agencyURI>
      <authorURI>smi:smi-registry/organization/EMSC</authorURI>
    </creationInfo>
  </magnitude>
</event>
<event publicID="quakeml:eu.emsc/event/19990903_0000038">
  <preferredOriginID>quakeml:eu.emsc/event/19990903_0000038/origin/1472704</preferredOriginID>
  <preferredMagnitudeID>quakeml:eu.emsc/event/19990903_0000038/origin/1472704/mag/2</preferredMagnitudeID>
  <creationInfo>
    <agencyURI>smi:smi-registry/organization/EMSC</agencyURI>
    <authorURI>smi:smi-registry/organization/EMSC</authorURI>
    <creationTime>2014-12-11T23:55:10.993Z</creationTime>
  </creationInfo>
  <description>
    <text>WESTERN TURKEY</text>
    <type>Flinn-Engdahl region</type>
  </description>
  <origin publicID="quakeml:eu.emsc/event/19990903_0000038/origin/1472704">
    <time>
      <value>1999-09-03T01:44:31.6Z</value>
    </time>
    <latitude>
      <value>40.785</value>
      <uncertainty>9999.9</uncertainty>
    </latitude>
    <longitude>
      <value>30.408</value>
      <uncertainty>9999.9</uncertainty>
    </longitude>
    <depth>
      <value>10000</value>
    </depth>
    <depthType>from location</depthType>
    <methodID>smi:eu.emsc-csem/origin_method/NA</methodID>
    <quality>
      <usedPhaseCount>10</usedPhaseCount>
      <usedStationCount>8</usedStationCount>
      <standardError>1.36</standardError>
      <azimuthalGap>192</azimuthalGap>
      <minimumDistance>0.31</minimumDistance>
      <maximumDistance>2.55</maximumDistance>
    </quality>
    <evaluationMode>manual</evaluationMode>
    <creationInfo>
      <agencyURI>smi:smi-registry/organization/EMSC</agencyURI>
      <authorURI>smi:smi-registry/organization/EMSC</authorURI>
    </creationInfo>
    <originUncertainty>
      <azimuthMaxHorizontalUncertainty>-99</azimuthMaxHorizontalUncertainty>
    </originUncertainty>
  </origin>
  <magnitude publicID="quakeml:eu.emsc/event/19990903_0000038/origin/1472704/mag/2">
    <mag>
      <value>3.2</value>
    </mag>
    <type>MD</type>
    <originID>quakeml:eu.emsc/event/19990903_0000038/origin/1472704</originID>
    <creationInfo>
      <agencyURI>smi:smi-registry/organization/EMSC</agencyURI>
      <authorURI>smi:smi-registry/organization/EMSC</authorURI>
    </creationInfo>
  </magnitude>
</event>
<event publicID="quakeml:eu.emsc/event/19990903_0000037">
  <preferredOriginID>quakeml:eu.emsc/event/19990903_0000037/origin/1463192</preferredOriginID>
  <preferredMagnitudeID>quakeml:eu.emsc/event/19990903_0000037/origin/1463192/mag/1</preferredMagnitudeID>
  <creationInfo>
    <agencyURI>smi:smi-registry/organization/EMSC</agencyURI>
    <authorURI>smi:smi-registry/organization/EMSC</authorURI>
    <creationTime>2014-12-03T10:33:14.52904Z</creationTime>
  </creationInfo>
  <description>
    <text>WEST OF GIBRALTAR</text>
    <type>Flinn-Engdahl region</type>
  </description>
  <origin publicID="quakeml:eu.emsc/event/19990903_0000037/origin/1463192">
    <time>
      <value>1999-09-03T00:55:30.5Z</value>
      <uncertainty>0.27</uncertainty>
    </time>
    <latitude>
      <value>36.0128</value>
      <uncertainty>5.3</uncertainty>
    </latitude>
    <longitude>
      <value>-9.1834</value>
      <uncertainty>3.3</uncertainty>
    </longitude>
    <depth>
      <value>80000</value>
    </depth>
    <depthType>from location</depthType>
    <methodID>smi:eu.emsc-csem/origin_method/NA</methodID>
    <quality>
      <usedPhaseCount>77</usedPhaseCount>
      <usedStationCount>41</usedStationCount>
      <standardError>0.75</standardError>
      <azimuthalGap>279</azimuthalGap>
      <minimumDistance>1.15</minimumDistance>
      <maximumDistance>10.16</maximumDistance>
    </quality>
    <evaluationMode>manual</evaluationMode>
    <creationInfo>
      <agencyURI>smi:smi-registry/organization/EMSC</agencyURI>
      <authorURI>smi:smi-registry/organization/EMSC</authorURI>
    </creationInfo>
    <originUncertainty>
      <azimuthMaxHorizontalUncertainty>40</azimuthMaxHorizontalUncertainty>
    </originUncertainty>
  </origin>
  <magnitude publicID="quakeml:eu.emsc/event/19990903_0000037/origin/1463192/mag/1">
    <mag>
      <value>2.9</value>
      <uncertainty>0.4</uncertainty>
    </mag>
    <type>ML</type>
    <originID>quakeml:eu.emsc/event/19990903_0000037/origin/1463192</originID>
    <stationCount>14</stationCount>
    <creationInfo>
      <agencyURI>smi:smi-registry/organization/EMSC</agencyURI>
      <authorURI>smi:smi-registry/organization/EMSC</authorURI>
    </creationInfo>
  </magnitude>
</event>
<event publicID="quakeml:eu.emsc/event/19990903_0000036">
  <preferredOriginID>quakeml:eu.emsc/event/19990903_0000036/origin/1463194</preferredOriginID>
  <preferredMagnitudeID>quakeml:eu.emsc/event/19990903_0000036/origin/1463194/mag/2</preferredMagnitudeID>
  <creationInfo>
    <agencyURI>smi:smi-registry/organization/EMSC</agencyURI>
    <authorURI>smi:smi-registry/organization/EMSC</authorURI>
    <creationTime>2014-12-03T10:25:27.382732Z</creationTime>
  </creationInfo>
  <description>
    <text>GREECE</text>
    <type>Flinn-Engdahl region</type>
  </description>
  <origin publicID="quakeml:eu.emsc/event/19990903_0000036/origin/1463194">
    <time>
      <value>1999-09-03T00:09:34.4Z</value>
      <uncertainty>0.09</uncertainty>
    </time>
    <latitude>
      <value>40.7722</value>
      <uncertainty>1.9</uncertainty>
    </latitude>
    <longitude>
      <value>23.0387</value>
      <uncertainty>1.7</uncertainty>
    </longitude>
    <depth>
      <value>15000</value>
    </depth>
    <depthType>from location</depthType>
    <methodID>smi:eu.emsc-csem/origin_method/NA</methodID>
    <quality>
      <usedPhaseCount>17</usedPhaseCount>
      <usedStationCount>9</usedStationCount>
      <standardError>0.46</standardError>
      <azimuthalGap>83</azimuthalGap>
      <minimumDistance>0.15</minimumDistance>
      <maximumDistance>1.41</maximumDistance>
    </quality>
    <evaluationMode>manual</evaluationMode>
    <creationInfo>
      <agencyURI>smi:smi-registry/organization/EMSC</agencyURI>
      <authorURI>smi:smi-registry/organization/EMSC</authorURI>
    </creationInfo>
    <originUncertainty>
      <azimuthMaxHorizontalUncertainty>41</azimuthMaxHorizontalUncertainty>
    </originUncertainty>
  </origin>
  <magnitude publicID="quakeml:eu.emsc/event/19990903_0000036/origin/1463194/mag/2">
    <mag>
      <value>2.1</value>
    </mag>
    <type>ML</type>
    <originID>quakeml:eu.emsc/event/19990903_0000036/origin/1463194</originID>
    <creationInfo>
      <agencyURI>smi:smi-registry/organization/EMSC</agencyURI>
      <authorURI>smi:smi-registry/organization/EMSC</authorURI>
    </creationInfo>
  </magnitude>
</event>
<event publicID="quakeml:eu.emsc/event/19990903_0000047">
  <preferredOriginID>quakeml:eu.emsc/event/19990903_0000047/origin/1462302</preferredOriginID>
  <preferredMagnitudeID>quakeml:eu.emsc/event/19990903_0000047/origin/1462302/mag/1</preferredMagnitudeID>
  <creationInfo>
    <agencyURI>smi:smi-registry/organization/EMSC</agencyURI>
    <authorURI>smi:smi-registry/organization/EMSC</authorURI>
    <creationTime>2014-12-03T16:23:03.135288Z</creationTime>
  </creationInfo>
  <description>
    <text>NORTHERN ITALY</text>
    <type>Flinn-Engdahl region</type>
  </description>
  <origin publicID="quakeml:eu.emsc/event/19990903_0000047/origin/1462302">
    <time>
      <value>1999-09-03T00:05:48.0Z</value>
      <uncertainty>0.31</uncertainty>
    </time>
    <latitude>
      <value>44.5648</value>
      <uncertainty>4.8</uncertainty>
    </latitude>
    <longitude>
      <value>7.2345</value>
      <uncertainty>1.9</uncertainty>
    </longitude>
    <depth>
      <value>17000</value>
      <uncertainty>7.2</uncertainty>
    </depth>
    <depthType>from location</depthType>
    <methodID>smi:eu.emsc-csem/origin_method/NA</methodID>
    <quality>
      <usedPhaseCount>25</usedPhaseCount>
      <usedStationCount>13</usedStationCount>
      <standardError>0.52</standardError>
      <azimuthalGap>178</azimuthalGap>
      <minimumDistance>0.37</minimumDistance>
      <maximumDistance>1.34</maximumDistance>
    </quality>
    <evaluationMode>manual</evaluationMode>
    <creationInfo>
      <agencyURI>smi:smi-registry/organization/EMSC</agencyURI>
      <authorURI>smi:smi-registry/organization/EMSC</authorURI>
    </creationInfo>
    <originUncertainty>
      <azimuthMaxHorizontalUncertainty>71</azimuthMaxHorizontalUncertainty>
    </originUncertainty>
  </origin>
  <magnitude publicID="quakeml:eu.emsc/event/19990903_0000047/origin/1462302/mag/1">
    <mag>
      <value>1.6</value>
      <uncertainty>0.3</uncertainty>
    </mag>
    <type>ML</type>
    <originID>quakeml:eu.emsc/event/19990903_0000047/origin/1462302</originID>
    <stationCount>7</stationCount>
    <creationInfo>
      <agencyURI>smi:smi-registry/organization/EMSC</agencyURI>
      <authorURI>smi:smi-registry/organization/EMSC</authorURI>
    </creationInfo>
  </magnitude>
</event>
</eventParameters>
</q:quakeml>
