<?xml version="1.0"?>
<q:quakeml xmlns:q="http://quakeml.org/xmlns/quakeml/1.2"  xmlns="http://quakeml.org/xmlns/bed/1.2">
<eventParameters publicID="smi:eu.emsc/unid">
<event publicID="quakeml:eu.emsc/event/19990103_0000011">
  <preferredOriginID>quakeml:eu.emsc/event/19990103_0000011/origin/1480984</preferredOriginID>
  <preferredMagnitudeID>quakeml:eu.emsc/event/19990103_0000011/origin/1480984/mag/2</preferredMagnitudeID>
  <creationInfo>
    <agencyURI>smi:smi-registry/organization/EMSC</agencyURI>
    <authorURI>smi:smi-registry/organization/EMSC</authorURI>
    <creationTime>2014-12-03T16:55:15.321781Z</creationTime>
  </creationInfo>
  <description>
    <text>PYRENEES</text>
    <type>Flinn-Engdahl region</type>
  </description>
  <origin publicID="quakeml:eu.emsc/event/19990103_0000011/origin/1480984">
    <time>
      <value>1999-01-03T21:35:00.9Z</value>
      <uncertainty>0.21</uncertainty>
    </time>
    <latitude>
      <value>43.1034</value>
      <uncertainty>5</uncertainty>
    </latitude>
    <longitude>
      <value>-0.982</value>
      <uncertainty>3.6</uncertainty>
    </longitude>
    <depth>
      <value>2000</value>
    </depth>
    <depthType>from location</depthType>
    <methodID>smi:eu.emsc-csem/origin_method/NA</methodID>
    <quality>
      <usedPhaseCount>14</usedPhaseCount>
      <usedStationCount>7</usedStationCount>
      <standardError>0.86</standardError>
      <azimuthalGap>77</azimuthalGap>
      <minimumDistance>0.07</minimumDistance>
      <maximumDistance>1.32</maximumDistance>
    </quality>
    <evaluationMode>manual</evaluationMode>
    <creationInfo>
      <agencyURI>smi:smi-registry/organization/EMSC</agencyURI>
      <authorURI>smi:smi-registry/organization/EMSC</authorURI>
    </creationInfo>
    <originUncertainty>
      <azimuthMaxHorizontalUncertainty>16</azimuthMaxHorizontalUncertainty>
    </originUncertainty>
  </origin>
  <magnitude publicID="quakeml:eu.emsc/event/19990103_0000011/origin/1480984/mag/2">
    <mag>
      <value>1.8</value>
    </mag>
    <type>ML</type>
    <originID>quakeml:eu.emsc/event/19990103_0000011/origin/1480984</originID>
    <creationInfo>
      <agencyURI>smi:smi-registry/organization/EMSC</agencyURI>
      <authorURI>smi:smi-registry/organization/EMSC</authorURI>
    </creationInfo>
  </magnitude>
</event>
<event publicID="quakeml:eu.emsc/event/19990103_0000012">
  <preferredOriginID>quakeml:eu.emsc/event/19990103_0000012/origin/1476814</preferredOriginID>
  <preferredMagnitudeID>quakeml:eu.emsc/event/19990103_0000012/origin/1476814/mag/2</preferredMagnitudeID>
  <creationInfo>
    <agencyURI>smi:smi-registry/organization/EMSC</agencyURI>
    <authorURI>smi:smi-registry/organization/EMSC</authorURI>
    <creationTime>2014-12-10T12:57:38.353908Z</creationTime>
  </creationInfo>
  <description>
    <text>NORTHERN ITALY</text>
    <type>Flinn-Engdahl region</type>
  </description>
  <origin publicID="quakeml:eu.emsc/event/19990103_0000012/origin/1476814">
    <time>
      <value>1999-01-03T17:02:11.0Z</value>
    </time>
    <latitude>
      <value>44.1288</value>
      <uncertainty>9999.9</uncertainty>
    </latitude>
    <longitude>
      <value>7.1468</value>
      <uncertainty>9999.9</uncertainty>
    </longitude>
    <depth>
      <value>10900.0</value>
    </depth>
    <depthType>from location</depthType>
    <methodID>smi:eu.emsc-csem/origin_method/NA</methodID>
    <quality>
      <usedPhaseCount>15</usedPhaseCount>
      <usedStationCount>7</usedStationCount>
      <standardError>5.62</standardError>
      <azimuthalGap>243</azimuthalGap>
      <minimumDistance>0.38</minimumDistance>
      <maximumDistance>1.09</maximumDistance>
    </quality>
    <evaluationMode>manual</evaluationMode>
    <creationInfo>
      <agencyURI>smi:smi-registry/organization/EMSC</agencyURI>
      <authorURI>smi:smi-registry/organization/EMSC</authorURI>
    </creationInfo>
    <originUncertainty>
      <azimuthMaxHorizontalUncertainty>-99</azimuthMaxHorizontalUncertainty>
    </originUncertainty>
  </origin>
  <magnitude publicID="quakeml:eu.emsc/event/19990103_0000012/origin/1476814/mag/2">
    <mag>
      <value>1.7</value>
    </mag>
    <type>ML</type>
    <originID>quakeml:eu.emsc/event/19990103_0000012/origin/1476814</originID>
    <creationInfo>
      <agencyURI>smi:smi-registry/organization/EMSC</agencyURI>
      <authorURI>smi:smi-registry/organization/EMSC</authorURI>
    </creationInfo>
  </magnitude>
</event>
<event publicID="quakeml:eu.emsc/event/19990103_0000010">
  <preferredOriginID>quakeml:eu.emsc/event/19990103_0000010/origin/1480988</preferredOriginID>
  <preferredMagnitudeID>quakeml:eu.emsc/event/19990103_0000010/origin/1480988/mag/1</preferredMagnitudeID>
  <creationInfo>
    <agencyURI>smi:smi-registry/organization/EMSC</agencyURI>
    <authorURI>smi:smi-registry/organization/EMSC</authorURI>
    <creationTime>2014-12-03T16:51:43.514659Z</creationTime>
  </creationInfo>
  <description>
    <text>FRANCE</text>
    <type>Flinn-Engdahl region</type>
  </description>
  <origin publicID="quakeml:eu.emsc/event/19990103_0000010/origin/1480988">
    <time>
      <value>1999-01-03T12:29:38.2Z</value>
      <uncertainty>0.1</uncertainty>
    </time>
    <latitude>
      <value>44.9927</value>
      <uncertainty>2.5</uncertainty>
    </latitude>
    <longitude>
      <value>6.7819</value>
      <uncertainty>1.5</uncertainty>
    </longitude>
    <depth>
      <value>12000</value>
    </depth>
    <depthType>from location</depthType>
    <methodID>smi:eu.emsc-csem/origin_method/NA</methodID>
    <quality>
      <usedPhaseCount>42</usedPhaseCount>
      <usedStationCount>26</usedStationCount>
      <standardError>0.71</standardError>
      <azimuthalGap>78</azimuthalGap>
      <minimumDistance>0.27</minimumDistance>
      <maximumDistance>1.69</maximumDistance>
    </quality>
    <evaluationMode>manual</evaluationMode>
    <creationInfo>
      <agencyURI>smi:smi-registry/organization/EMSC</agencyURI>
      <authorURI>smi:smi-registry/organization/EMSC</authorURI>
    </creationInfo>
    <originUncertainty>
      <azimuthMaxHorizontalUncertainty>80</azimuthMaxHorizontalUncertainty>
    </originUncertainty>
  </origin>
  <magnitude publicID="quakeml:eu.emsc/event/19990103_0000010/origin/1480988/mag/1">
    <mag>
      <value>2.1</value>
      <uncertainty>0.4</uncertainty>
    </mag>
    <type>ML</type>
    <originID>quakeml:eu.emsc/event/19990103_0000010/origin/1480988</originID>
    <stationCount>9</stationCount>
    <creationInfo>
      <agencyURI>smi:smi-registry/organization/EMSC</agencyURI>
      <authorURI>smi:smi-registry/organization/EMSC</authorURI>
    </creationInfo>
  </magnitude>
</event>
<event publicID="quakeml:eu.emsc/event/19990103_0000003">
  <preferredOriginID>quakeml:eu.emsc/event/19990103_0000003/origin/1481504</preferredOriginID>
  <preferredMagnitudeID>quakeml:eu.emsc/event/19990103_0000003/origin/1481504/mag/1</preferredMagnitudeID>
  <creationInfo>
    <agencyURI>smi:smi-registry/organization/EMSC</agencyURI>
    <authorURI>smi:smi-registry/organization/EMSC</authorURI>
    <creationTime>2014-12-03T12:18:09.68838Z</creationTime>
  </creationInfo>
  <description>
    <text>SPAIN</text>
    <type>Flinn-Engdahl region</type>
  </description>
  <origin publicID="quakeml:eu.emsc/event/19990103_0000003/origin/1481504">
    <time>
      <value>1999-01-03T11:15:46.8Z</value>
      <uncertainty>0.21</uncertainty>
    </time>
    <latitude>
      <value>39.0064</value>
      <uncertainty>5.8</uncertainty>
    </latitude>
    <longitude>
      <value>-0.1467</value>
      <uncertainty>3.3</uncertainty>
    </longitude>
    <depth>
      <value>5000</value>
    </depth>
    <depthType>from location</depthType>
    <methodID>smi:eu.emsc-csem/origin_method/NA</methodID>
    <quality>
      <usedPhaseCount>69</usedPhaseCount>
      <usedStationCount>38</usedStationCount>
      <standardError>1.19</standardError>
      <azimuthalGap>131</azimuthalGap>
      <minimumDistance>0.54</minimumDistance>
      <maximumDistance>8.87</maximumDistance>
    </quality>
    <evaluationMode>manual</evaluationMode>
    <creationInfo>
      <agencyURI>smi:smi-registry/organization/EMSC</agencyURI>
      <authorURI>smi:smi-registry/organization/EMSC</authorURI>
    </creationInfo>
    <originUncertainty>
      <azimuthMaxHorizontalUncertainty>130</azimuthMaxHorizontalUncertainty>
    </originUncertainty>
  </origin>
  <magnitude publicID="quakeml:eu.emsc/event/19990103_0000003/origin/1481504/mag/1">
    <mag>
      <value>3.5</value>
      <uncertainty>0.3</uncertainty>
    </mag>
    <type>ML</type>
    <originID>quakeml:eu.emsc/event/19990103_0000003/origin/1481504</originID>
    <stationCount>9</stationCount>
    <creationInfo>
      <agencyURI>smi:smi-registry/organization/EMSC</agencyURI>
      <authorURI>smi:smi-registry/organization/EMSC</authorURI>
    </creationInfo>
  </magnitude>
</event>
<event publicID="quakeml:eu.emsc/event/19990103_0000007">
  <preferredOriginID>quakeml:eu.emsc/event/19990103_0000007/origin/1480991</preferredOriginID>
  <preferredMagnitudeID>quakeml:eu.emsc/event/19990103_0000007/origin/1480991/mag/2</preferredMagnitudeID>
  <creationInfo>
    <agencyURI>smi:smi-registry/organization/EMSC</agencyURI>
    <authorURI>smi:smi-registry/organization/EMSC</authorURI>
    <creationTime>2014-12-03T16:02:35.594363Z</creationTime>
  </creationInfo>
  <description>
    <text>PYRENEES</text>
    <type>Flinn-Engdahl region</type>
  </description>
  <origin publicID="quakeml:eu.emsc/event/19990103_0000007/origin/1480991">
    <time>
      <value>1999-01-03T08:27:41.2Z</value>
      <uncertainty>0.17</uncertainty>
    </time>
    <latitude>
      <value>42.8769</value>
      <uncertainty>4.7</uncertainty>
    </latitude>
    <longitude>
      <value>-0.2524</value>
      <uncertainty>2.9</uncertainty>
    </longitude>
    <depth>
      <value>2000</value>
    </depth>
    <depthType>from location</depthType>
    <methodID>smi:eu.emsc-csem/origin_method/NA</methodID>
    <quality>
      <usedPhaseCount>15</usedPhaseCount>
      <usedStationCount>9</usedStationCount>
      <standardError>0.7</standardError>
      <azimuthalGap>107</azimuthalGap>
      <minimumDistance>0.2</minimumDistance>
      <maximumDistance>2.37</maximumDistance>
    </quality>
    <evaluationMode>manual</evaluationMode>
    <creationInfo>
      <agencyURI>smi:smi-registry/organization/EMSC</agencyURI>
      <authorURI>smi:smi-registry/organization/EMSC</authorURI>
    </creationInfo>
    <originUncertainty>
      <azimuthMaxHorizontalUncertainty>17</azimuthMaxHorizontalUncertainty>
    </originUncertainty>
  </origin>
  <magnitude publicID="quakeml:eu.emsc/event/19990103_0000007/origin/1480991/mag/2">
    <mag>
      <value>1</value>
    </mag>
    <type>ML</type>
    <originID>quakeml:eu.emsc/event/19990103_0000007/origin/1480991</originID>
    <creationInfo>
      <agencyURI>smi:smi-registry/organization/EMSC</agencyURI>
      <authorURI>smi:smi-registry/organization/EMSC</authorURI>
    </creationInfo>
  </magnitude>
</event>
<event publicID="quakeml:eu.emsc/event/19990103_0000008">
  <preferredOriginID>quakeml:eu.emsc/event/19990103_0000008/origin/1476816</preferredOriginID>
  <creationInfo>
    <agencyURI>smi:smi-registry/organization/EMSC</agencyURI>
    <authorURI>smi:smi-registry/organization/EMSC</authorURI>
    <creationTime>2014-12-10T12:57:37.348162Z</creationTime>
  </creationInfo>
  <description>
    <text>FRANCE</text>
    <type>Flinn-Engdahl region</type>
  </description>
  <origin publicID="quakeml:eu.emsc/event/19990103_0000008/origin/1476816">
    <time>
      <value>1999-01-03T07:38:49.5Z</value>
    </time>
    <latitude>
      <value>45.0422</value>
      <uncertainty>9999.9</uncertainty>
    </latitude>
    <longitude>
      <value>6.9213</value>
      <uncertainty>9999.9</uncertainty>
    </longitude>
    <depth>
      <value>2000</value>
    </depth>
    <depthType>from location</depthType>
    <methodID>smi:eu.emsc-csem/origin_method/NA</methodID>
    <quality>
      <usedPhaseCount>8</usedPhaseCount>
      <usedStationCount>4</usedStationCount>
      <standardError>0.27</standardError>
      <azimuthalGap>213</azimuthalGap>
      <minimumDistance>0.33</minimumDistance>
      <maximumDistance>0.75</maximumDistance>
    </quality>
    <evaluationMode>manual</evaluationMode>
    <creationInfo>
      <agencyURI>smi:smi-registry/organization/EMSC</agencyURI>
      <authorURI>smi:smi-registry/organization/EMSC</authorURI>
    </creationInfo>
    <originUncertainty>
      <azimuthMaxHorizontalUncertainty>-99</azimuthMaxHorizontalUncertainty>
    </originUncertainty>
  </origin>
</event>
<event publicID="quakeml:eu.emsc/event/19990103_0000002">
  <preferredOriginID>quakeml:eu.emsc/event/19990103_0000002/origin/1481510</preferredOriginID>
  <preferredMagnitudeID>quakeml:eu.emsc/event/19990103_0000002/origin/1481510/mag/2</preferredMagnitudeID>
  <creationInfo>
    <agencyURI>smi:smi-registry/organization/EMSC</agencyURI>
    <authorURI>smi:smi-registry/organization/EMSC</authorURI>
    <creationTime>2014-12-03T10:36:23.621517Z</creationTime>
  </creationInfo>
  <description>
    <text>FYR OF MACEDONIA</text>
    <type>Flinn-Engdahl region</type>
  </description>
  <origin publicID="quakeml:eu.emsc/event/19990103_0000002/origin/1481510">
    <time>
      <value>1999-01-03T07:33:34.5Z</value>
      <uncertainty>0.16</uncertainty>
    </time>
    <latitude>
      <value>41.8826</value>
      <uncertainty>5.8</uncertainty>
    </latitude>
    <longitude>
      <value>22.1549</value>
      <uncertainty>3.6</uncertainty>
    </longitude>
    <depth>
      <value>10000</value>
    </depth>
    <depthType>from location</depthType>
    <methodID>smi:eu.emsc-csem/origin_method/NA</methodID>
    <quality>
      <usedPhaseCount>60</usedPhaseCount>
      <usedStationCount>47</usedStationCount>
      <standardError>1.23</standardError>
      <azimuthalGap>61</azimuthalGap>
      <minimumDistance>0.69</minimumDistance>
      <maximumDistance>36.7</maximumDistance>
    </quality>
    <evaluationMode>manual</evaluationMode>
    <creationInfo>
      <agencyURI>smi:smi-registry/organization/EMSC</agencyURI>
      <authorURI>smi:smi-registry/organization/EMSC</authorURI>
    </creationInfo>
    <originUncertainty>
      <azimuthMaxHorizontalUncertainty>41</azimuthMaxHorizontalUncertainty>
    </originUncertainty>
  </origin>
  <magnitude publicID="quakeml:eu.emsc/event/19990103_0000002/origin/1481510/mag/2">
    <mag>
      <value>3.3</value>
    </mag>
    <type>ML</type>
    <originID>quakeml:eu.emsc/event/19990103_0000002/origin/1481510</originID>
    <creationInfo>
      <agencyURI>smi:smi-registry/organization/EMSC</agencyURI>
      <authorURI>smi:smi-registry/organization/EMSC</authorURI>
    </creationInfo>
  </magnitude>
</event>
<event publicID="quakeml:eu.emsc/event/19990103_0000006">
  <preferredOriginID>quakeml:eu.emsc/event/19990103_0000006/origin/1480994</preferredOriginID>
  <preferredMagnitudeID>quakeml:eu.emsc/event/19990103_0000006/origin/1480994/mag/1</preferredMagnitudeID>
  <creationInfo>
    <agencyURI>smi:smi-registry/organization/EMSC</agencyURI>
    <authorURI>smi:smi-registry/organization/EMSC</authorURI>
    <creationTime>2014-12-03T15:51:10.967253Z</creationTime>
  </creationInfo>
  <description>
    <text>FRANCE</text>
    <type>Flinn-Engdahl region</type>
  </description>
  <origin publicID="quakeml:eu.emsc/event/19990103_0000006/origin/1480994">
    <time>
      <value>1999-01-03T05:22:15.3Z</value>
      <uncertainty>0.12</uncertainty>
    </time>
    <latitude>
      <value>44.58</value>
      <uncertainty>2.9</uncertainty>
    </latitude>
    <longitude>
      <value>6.7923</value>
      <uncertainty>1.8</uncertainty>
    </longitude>
    <depth>
      <value>2000</value>
    </depth>
    <depthType>from location</depthType>
    <methodID>smi:eu.emsc-csem/origin_method/NA</methodID>
    <quality>
      <usedPhaseCount>24</usedPhaseCount>
      <usedStationCount>13</usedStationCount>
      <standardError>0.63</standardError>
      <azimuthalGap>108</azimuthalGap>
      <minimumDistance>0.15</minimumDistance>
      <maximumDistance>1.26</maximumDistance>
    </quality>
    <evaluationMode>manual</evaluationMode>
    <creationInfo>
      <agencyURI>smi:smi-registry/organization/EMSC</agencyURI>
      <authorURI>smi:smi-registry/organization/EMSC</authorURI>
    </creationInfo>
    <originUncertainty>
      <azimuthMaxHorizontalUncertainty>65</azimuthMaxHorizontalUncertainty>
    </originUncertainty>
  </origin>
  <magnitude publicID="quakeml:eu.emsc/event/19990103_0000006/origin/1480994/mag/1">
    <mag>
      <value>1.1</value>
      <uncertainty>0.4</uncertainty>
    </mag>
    <type>ML</type>
    <originID>quakeml:eu.emsc/event/19990103_0000006/origin/1480994</originID>
    <stationCount>6</stationCount>
    <creationInfo>
      <agencyURI>smi:smi-registry/organization/EMSC</agencyURI>
      <authorURI>smi:smi-registry/organization/EMSC</authorURI>
    </creationInfo>
  </magnitude>
</event>
<event publicID="quakeml:eu.emsc/event/19990103_0000013">
  <preferredOriginID>quakeml:eu.emsc/event/19990103_0000013/origin/1480997</preferredOriginID>
  <preferredMagnitudeID>quakeml:eu.emsc/event/19990103_0000013/origin/1480997/mag/1</preferredMagnitudeID>
  <creationInfo>
    <agencyURI>smi:smi-registry/organization/EMSC</agencyURI>
    <authorURI>smi:smi-registry/organization/EMSC</authorURI>
    <creationTime>2014-12-03T17:07:01.51074Z</creationTime>
  </creationInfo>
  <description>
    <text>PYRENEES</text>
    <type>Flinn-Engdahl region</type>
  </description>
  <origin publicID="quakeml:eu.emsc/event/19990103_0000013/origin/1480997">
    <time>
      <value>1999-01-03T02:49:25.7Z</value>
      <uncertainty>0.51</uncertainty>
    </time>
    <latitude>
      <value>42.7528</value>
      <uncertainty>22.9</uncertainty>
    </latitude>
    <longitude>
      <value>-1.8884</value>
      <uncertainty>8.6</uncertainty>
    </longitude>
    <depth>
      <value>19000</value>
      <uncertainty>0.3</uncertainty>
    </depth>
    <depthType>from location</depthType>
    <methodID>smi:eu.emsc-csem/origin_method/NA</methodID>
    <quality>
      <usedPhaseCount>11</usedPhaseCount>
      <usedStationCount>5</usedStationCount>
      <standardError>1.13</standardError>
      <azimuthalGap>171</azimuthalGap>
      <minimumDistance>0.48</minimumDistance>
      <maximumDistance>1.66</maximumDistance>
    </quality>
    <evaluationMode>manual</evaluationMode>
    <creationInfo>
      <agencyURI>smi:smi-registry/organization/EMSC</agencyURI>
      <authorURI>smi:smi-registry/organization/EMSC</authorURI>
    </creationInfo>
    <originUncertainty>
      <azimuthMaxHorizontalUncertainty>153</azimuthMaxHorizontalUncertainty>
    </originUncertainty>
  </origin>
  <magnitude publicID="quakeml:eu.emsc/event/19990103_0000013/origin/1480997/mag/1">
    <mag>
      <value>1.5</value>
      <uncertainty>0.3</uncertainty>
    </mag>
    <type>ML</type>
    <originID>quakeml:eu.emsc/event/19990103_0000013/origin/1480997</originID>
    <stationCount>4</stationCount>
    <creationInfo>
      <agencyURI>smi:smi-registry/organization/EMSC</agencyURI>
      <authorURI>smi:smi-registry/organization/EMSC</authorURI>
    </creationInfo>
  </magnitude>
</event>
<event publicID="quakeml:eu.emsc/event/19990103_0000001">
  <preferredOriginID>quakeml:eu.emsc/event/19990103_0000001/origin/1481512</preferredOriginID>
  <preferredMagnitudeID>quakeml:eu.emsc/event/19990103_0000001/origin/1481512/mag/2</preferredMagnitudeID>
  <creationInfo>
    <agencyURI>smi:smi-registry/organization/EMSC</agencyURI>
    <authorURI>smi:smi-registry/organization/EMSC</authorURI>
    <creationTime>2014-12-03T11:05:39.489413Z</creationTime>
  </creationInfo>
  <description>
    <text>ROMANIA</text>
    <type>Flinn-Engdahl region</type>
  </description>
  <origin publicID="quakeml:eu.emsc/event/19990103_0000001/origin/1481512">
    <time>
      <value>1999-01-03T02:49:17.8Z</value>
      <uncertainty>0.32</uncertainty>
    </time>
    <latitude>
      <value>44.6888</value>
      <uncertainty>9.6</uncertainty>
    </latitude>
    <longitude>
      <value>27.1621</value>
      <uncertainty>2.5</uncertainty>
    </longitude>
    <depth>
      <value>15000</value>
    </depth>
    <depthType>from location</depthType>
    <methodID>smi:eu.emsc-csem/origin_method/NA</methodID>
    <quality>
      <usedPhaseCount>6</usedPhaseCount>
      <usedStationCount>4</usedStationCount>
      <standardError>0.19</standardError>
      <azimuthalGap>245</azimuthalGap>
      <minimumDistance>0.62</minimumDistance>
      <maximumDistance>1.34</maximumDistance>
    </quality>
    <evaluationMode>manual</evaluationMode>
    <creationInfo>
      <agencyURI>smi:smi-registry/organization/EMSC</agencyURI>
      <authorURI>smi:smi-registry/organization/EMSC</authorURI>
    </creationInfo>
    <originUncertainty>
      <azimuthMaxHorizontalUncertainty>177</azimuthMaxHorizontalUncertainty>
    </originUncertainty>
  </origin>
  <magnitude publicID="quakeml:eu.emsc/event/19990103_0000001/origin/1481512/mag/2">
    <mag>
      <value>3</value>
    </mag>
    <type>MD</type>
    <originID>quakeml:eu.emsc/event/19990103_0000001/origin/1481512</originID>
    <stationCount>3</stationCount>
    <creationInfo>
      <agencyURI>smi:smi-registry/organization/EMSC</agencyURI>
      <authorURI>smi:smi-registry/organization/EMSC</authorURI>
    </creationInfo>
  </magnitude>
</event>
<event publicID="quakeml:eu.emsc/event/19990103_0000009">
  <preferredOriginID>quakeml:eu.emsc/event/19990103_0000009/origin/1481000</preferredOriginID>
  <preferredMagnitudeID>quakeml:eu.emsc/event/19990103_0000009/origin/1481000/mag/1</preferredMagnitudeID>
  <creationInfo>
    <agencyURI>smi:smi-registry/organization/EMSC</agencyURI>
    <authorURI>smi:smi-registry/organization/EMSC</authorURI>
    <creationTime>2014-12-03T16:42:35.759499Z</creationTime>
  </creationInfo>
  <description>
    <text>FRANCE</text>
    <type>Flinn-Engdahl region</type>
  </description>
  <origin publicID="quakeml:eu.emsc/event/19990103_0000009/origin/1481000">
    <time>
      <value>1999-01-03T00:56:34.3Z</value>
      <uncertainty>0.14</uncertainty>
    </time>
    <latitude>
      <value>46.4169</value>
      <uncertainty>2.6</uncertainty>
    </latitude>
    <longitude>
      <value>1.9511</value>
      <uncertainty>1.9</uncertainty>
    </longitude>
    <depth>
      <value>15000</value>
    </depth>
    <depthType>from location</depthType>
    <methodID>smi:eu.emsc-csem/origin_method/NA</methodID>
    <quality>
      <usedPhaseCount>28</usedPhaseCount>
      <usedStationCount>15</usedStationCount>
      <standardError>0.61</standardError>
      <azimuthalGap>110</azimuthalGap>
      <minimumDistance>0.22</minimumDistance>
      <maximumDistance>2.47</maximumDistance>
    </quality>
    <evaluationMode>manual</evaluationMode>
    <creationInfo>
      <agencyURI>smi:smi-registry/organization/EMSC</agencyURI>
      <authorURI>smi:smi-registry/organization/EMSC</authorURI>
    </creationInfo>
    <originUncertainty>
      <azimuthMaxHorizontalUncertainty>140</azimuthMaxHorizontalUncertainty>
    </originUncertainty>
  </origin>
  <magnitude publicID="quakeml:eu.emsc/event/19990103_0000009/origin/1481000/mag/1">
    <mag>
      <value>1.7</value>
      <uncertainty>0.4</uncertainty>
    </mag>
    <type>ML</type>
    <originID>quakeml:eu.emsc/event/19990103_0000009/origin/1481000</originID>
    <stationCount>11</stationCount>
    <creationInfo>
      <agencyURI>smi:smi-registry/organization/EMSC</agencyURI>
      <authorURI>smi:smi-registry/organization/EMSC</authorURI>
    </creationInfo>
  </magnitude>
</event>
</eventParameters>
</q:quakeml>
