<?xml version="1.0"?>
<q:quakeml xmlns:q="http://quakeml.org/xmlns/quakeml/1.2"  xmlns="http://quakeml.org/xmlns/bed/1.2">
<eventParameters publicID="smi:eu.emsc/unid">
<event publicID="quakeml:eu.emsc/event/19991001_0000013">
  <preferredOriginID>quakeml:eu.emsc/event/19991001_0000013/origin/1461636</preferredOriginID>
  <preferredMagnitudeID>quakeml:eu.emsc/event/19991001_0000013/origin/1461636/mag/2</preferredMagnitudeID>
  <creationInfo>
    <agencyURI>smi:smi-registry/organization/EMSC</agencyURI>
    <authorURI>smi:smi-registry/organization/EMSC</authorURI>
    <creationTime>2014-12-03T11:57:58.75516Z</creationTime>
  </creationInfo>
  <description>
    <text>GREECE</text>
    <type>Flinn-Engdahl region</type>
  </description>
  <origin publicID="quakeml:eu.emsc/event/19991001_0000013/origin/1461636">
    <time>
      <value>1999-10-01T18:55:43.3Z</value>
      <uncertainty>0.3</uncertainty>
    </time>
    <latitude>
      <value>38.0418</value>
      <uncertainty>11.8</uncertainty>
    </latitude>
    <longitude>
      <value>23.7528</value>
      <uncertainty>8</uncertainty>
    </longitude>
    <depth>
      <value>15000</value>
    </depth>
    <depthType>from location</depthType>
    <methodID>smi:eu.emsc-csem/origin_method/NA</methodID>
    <quality>
      <usedPhaseCount>11</usedPhaseCount>
      <usedStationCount>10</usedStationCount>
      <standardError>0.88</standardError>
      <azimuthalGap>93</azimuthalGap>
      <minimumDistance>0.08</minimumDistance>
      <maximumDistance>2.3</maximumDistance>
    </quality>
    <evaluationMode>manual</evaluationMode>
    <creationInfo>
      <agencyURI>smi:smi-registry/organization/EMSC</agencyURI>
      <authorURI>smi:smi-registry/organization/EMSC</authorURI>
    </creationInfo>
    <originUncertainty>
      <azimuthMaxHorizontalUncertainty>68</azimuthMaxHorizontalUncertainty>
    </originUncertainty>
  </origin>
  <magnitude publicID="quakeml:eu.emsc/event/19991001_0000013/origin/1461636/mag/2">
    <mag>
      <value>2.5</value>
    </mag>
    <type>ML</type>
    <originID>quakeml:eu.emsc/event/19991001_0000013/origin/1461636</originID>
    <creationInfo>
      <agencyURI>smi:smi-registry/organization/EMSC</agencyURI>
      <authorURI>smi:smi-registry/organization/EMSC</authorURI>
    </creationInfo>
  </magnitude>
</event>
<event publicID="quakeml:eu.emsc/event/19991001_0000012">
  <preferredOriginID>quakeml:eu.emsc/event/19991001_0000012/origin/1461640</preferredOriginID>
  <preferredMagnitudeID>quakeml:eu.emsc/event/19991001_0000012/origin/1461640/mag/2</preferredMagnitudeID>
  <creationInfo>
    <agencyURI>smi:smi-registry/organization/EMSC</agencyURI>
    <authorURI>smi:smi-registry/organization/EMSC</authorURI>
    <creationTime>2014-12-03T11:57:54.661565Z</creationTime>
  </creationInfo>
  <description>
    <text>CENTRAL MEDITERRANEAN SEA</text>
    <type>Flinn-Engdahl region</type>
  </description>
  <origin publicID="quakeml:eu.emsc/event/19991001_0000012/origin/1461640">
    <time>
      <value>1999-10-01T17:05:27.9Z</value>
      <uncertainty>0.24</uncertainty>
    </time>
    <latitude>
      <value>35.5933</value>
      <uncertainty>6.7</uncertainty>
    </latitude>
    <longitude>
      <value>21.5795</value>
      <uncertainty>5.7</uncertainty>
    </longitude>
    <depth>
      <value>40000</value>
    </depth>
    <depthType>from location</depthType>
    <methodID>smi:eu.emsc-csem/origin_method/NA</methodID>
    <quality>
      <usedPhaseCount>35</usedPhaseCount>
      <usedStationCount>31</usedStationCount>
      <standardError>0.84</standardError>
      <azimuthalGap>92</azimuthalGap>
      <minimumDistance>1.37</minimumDistance>
      <maximumDistance>69.42</maximumDistance>
    </quality>
    <evaluationMode>manual</evaluationMode>
    <creationInfo>
      <agencyURI>smi:smi-registry/organization/EMSC</agencyURI>
      <authorURI>smi:smi-registry/organization/EMSC</authorURI>
    </creationInfo>
    <originUncertainty>
      <azimuthMaxHorizontalUncertainty>65</azimuthMaxHorizontalUncertainty>
    </originUncertainty>
  </origin>
  <magnitude publicID="quakeml:eu.emsc/event/19991001_0000012/origin/1461640/mag/2">
    <mag>
      <value>4.1</value>
    </mag>
    <type>ML</type>
    <originID>quakeml:eu.emsc/event/19991001_0000012/origin/1461640</originID>
    <creationInfo>
      <agencyURI>smi:smi-registry/organization/EMSC</agencyURI>
      <authorURI>smi:smi-registry/organization/EMSC</authorURI>
    </creationInfo>
  </magnitude>
</event>
<event publicID="quakeml:eu.emsc/event/19991001_0000011">
  <preferredOriginID>quakeml:eu.emsc/event/19991001_0000011/origin/1461642</preferredOriginID>
  <preferredMagnitudeID>quakeml:eu.emsc/event/19991001_0000011/origin/1461642/mag/2</preferredMagnitudeID>
  <creationInfo>
    <agencyURI>smi:smi-registry/organization/EMSC</agencyURI>
    <authorURI>smi:smi-registry/organization/EMSC</authorURI>
    <creationTime>2014-12-03T10:40:33.610395Z</creationTime>
  </creationInfo>
  <description>
    <text>SLOVENIA</text>
    <type>Flinn-Engdahl region</type>
  </description>
  <origin publicID="quakeml:eu.emsc/event/19991001_0000011/origin/1461642">
    <time>
      <value>1999-10-01T16:45:51.3Z</value>
      <uncertainty>0.19</uncertainty>
    </time>
    <latitude>
      <value>46.3046</value>
      <uncertainty>4.5</uncertainty>
    </latitude>
    <longitude>
      <value>13.5824</value>
      <uncertainty>3.6</uncertainty>
    </longitude>
    <depth>
      <value>5000</value>
    </depth>
    <depthType>from location</depthType>
    <methodID>smi:eu.emsc-csem/origin_method/NA</methodID>
    <quality>
      <usedPhaseCount>9</usedPhaseCount>
      <usedStationCount>5</usedStationCount>
      <standardError>0.47</standardError>
      <azimuthalGap>93</azimuthalGap>
      <minimumDistance>0.14</minimumDistance>
      <maximumDistance>0.7</maximumDistance>
    </quality>
    <evaluationMode>manual</evaluationMode>
    <creationInfo>
      <agencyURI>smi:smi-registry/organization/EMSC</agencyURI>
      <authorURI>smi:smi-registry/organization/EMSC</authorURI>
    </creationInfo>
    <originUncertainty>
      <azimuthMaxHorizontalUncertainty>64</azimuthMaxHorizontalUncertainty>
    </originUncertainty>
  </origin>
  <magnitude publicID="quakeml:eu.emsc/event/19991001_0000011/origin/1461642/mag/2">
    <mag>
      <value>2</value>
    </mag>
    <type>MD</type>
    <originID>quakeml:eu.emsc/event/19991001_0000011/origin/1461642</originID>
    <creationInfo>
      <agencyURI>smi:smi-registry/organization/EMSC</agencyURI>
      <authorURI>smi:smi-registry/organization/EMSC</authorURI>
    </creationInfo>
  </magnitude>
</event>
<event publicID="quakeml:eu.emsc/event/19991001_0000009">
  <preferredOriginID>quakeml:eu.emsc/event/19991001_0000009/origin/1461645</preferredOriginID>
  <preferredMagnitudeID>quakeml:eu.emsc/event/19991001_0000009/origin/1461645/mag/2</preferredMagnitudeID>
  <creationInfo>
    <agencyURI>smi:smi-registry/organization/EMSC</agencyURI>
    <authorURI>smi:smi-registry/organization/EMSC</authorURI>
    <creationTime>2014-12-03T10:52:26.251838Z</creationTime>
  </creationInfo>
  <description>
    <text>CENTRAL MEDITERRANEAN SEA</text>
    <type>Flinn-Engdahl region</type>
  </description>
  <origin publicID="quakeml:eu.emsc/event/19991001_0000009/origin/1461645">
    <time>
      <value>1999-10-01T16:34:24.2Z</value>
      <uncertainty>0.81</uncertainty>
    </time>
    <latitude>
      <value>35.6042</value>
      <uncertainty>19.9</uncertainty>
    </latitude>
    <longitude>
      <value>21.5519</value>
      <uncertainty>7.6</uncertainty>
    </longitude>
    <depth>
      <value>2000</value>
    </depth>
    <depthType>from location</depthType>
    <methodID>smi:eu.emsc-csem/origin_method/NA</methodID>
    <quality>
      <usedPhaseCount>16</usedPhaseCount>
      <usedStationCount>14</usedStationCount>
      <standardError>0.62</standardError>
      <azimuthalGap>252</azimuthalGap>
      <minimumDistance>1.38</minimumDistance>
      <maximumDistance>5.73</maximumDistance>
    </quality>
    <evaluationMode>manual</evaluationMode>
    <creationInfo>
      <agencyURI>smi:smi-registry/organization/EMSC</agencyURI>
      <authorURI>smi:smi-registry/organization/EMSC</authorURI>
    </creationInfo>
    <originUncertainty>
      <azimuthMaxHorizontalUncertainty>38</azimuthMaxHorizontalUncertainty>
    </originUncertainty>
  </origin>
  <magnitude publicID="quakeml:eu.emsc/event/19991001_0000009/origin/1461645/mag/2">
    <mag>
      <value>3.3</value>
    </mag>
    <type>MD</type>
    <originID>quakeml:eu.emsc/event/19991001_0000009/origin/1461645</originID>
    <creationInfo>
      <agencyURI>smi:smi-registry/organization/EMSC</agencyURI>
      <authorURI>smi:smi-registry/organization/EMSC</authorURI>
    </creationInfo>
  </magnitude>
</event>
<event publicID="quakeml:eu.emsc/event/19991001_0000010">
  <preferredOriginID>quakeml:eu.emsc/event/19991001_0000010/origin/1471846</preferredOriginID>
  <preferredMagnitudeID>quakeml:eu.emsc/event/19991001_0000010/origin/1471846/mag/2</preferredMagnitudeID>
  <creationInfo>
    <agencyURI>smi:smi-registry/organization/EMSC</agencyURI>
    <authorURI>smi:smi-registry/organization/EMSC</authorURI>
    <creationTime>2014-12-12T00:14:49.50846Z</creationTime>
  </creationInfo>
  <description>
    <text>SOUTHERN GREECE</text>
    <type>Flinn-Engdahl region</type>
  </description>
  <origin publicID="quakeml:eu.emsc/event/19991001_0000010/origin/1471846">
    <time>
      <value>1999-10-01T11:40:30.6Z</value>
    </time>
    <latitude>
      <value>36.92</value>
      <uncertainty>9999.9</uncertainty>
    </latitude>
    <longitude>
      <value>21.64</value>
      <uncertainty>9999.9</uncertainty>
    </longitude>
    <depth>
      <value>5000</value>
    </depth>
    <depthType>from location</depthType>
    <methodID>smi:eu.emsc-csem/origin_method/NA</methodID>
    <quality>
      <usedPhaseCount>8</usedPhaseCount>
      <usedStationCount>8</usedStationCount>
      <standardError>1.47</standardError>
      <azimuthalGap>207</azimuthalGap>
      <minimumDistance>0.35</minimumDistance>
      <maximumDistance>3.12</maximumDistance>
    </quality>
    <evaluationMode>manual</evaluationMode>
    <creationInfo>
      <agencyURI>smi:smi-registry/organization/EMSC</agencyURI>
      <authorURI>smi:smi-registry/organization/EMSC</authorURI>
    </creationInfo>
    <originUncertainty>
      <azimuthMaxHorizontalUncertainty>-99</azimuthMaxHorizontalUncertainty>
    </originUncertainty>
  </origin>
  <magnitude publicID="quakeml:eu.emsc/event/19991001_0000010/origin/1471846/mag/2">
    <mag>
      <value>3.5</value>
    </mag>
    <type>ML</type>
    <originID>quakeml:eu.emsc/event/19991001_0000010/origin/1471846</originID>
    <creationInfo>
      <agencyURI>smi:smi-registry/organization/EMSC</agencyURI>
      <authorURI>smi:smi-registry/organization/EMSC</authorURI>
    </creationInfo>
  </magnitude>
</event>
<event publicID="quakeml:eu.emsc/event/19991001_0000008">
  <preferredOriginID>quakeml:eu.emsc/event/19991001_0000008/origin/1461648</preferredOriginID>
  <preferredMagnitudeID>quakeml:eu.emsc/event/19991001_0000008/origin/1461648/mag/2</preferredMagnitudeID>
  <creationInfo>
    <agencyURI>smi:smi-registry/organization/EMSC</agencyURI>
    <authorURI>smi:smi-registry/organization/EMSC</authorURI>
    <creationTime>2014-12-03T12:12:41.97573Z</creationTime>
  </creationInfo>
  <description>
    <text>SOUTHERN GREECE</text>
    <type>Flinn-Engdahl region</type>
  </description>
  <origin publicID="quakeml:eu.emsc/event/19991001_0000008/origin/1461648">
    <time>
      <value>1999-10-01T11:09:27.1Z</value>
      <uncertainty>0.95</uncertainty>
    </time>
    <latitude>
      <value>36.5543</value>
      <uncertainty>32.7</uncertainty>
    </latitude>
    <longitude>
      <value>22.2016</value>
      <uncertainty>17.8</uncertainty>
    </longitude>
    <depth>
      <value>0</value>
      <uncertainty>2.4</uncertainty>
    </depth>
    <depthType>from location</depthType>
    <methodID>smi:eu.emsc-csem/origin_method/NA</methodID>
    <quality>
      <usedPhaseCount>11</usedPhaseCount>
      <usedStationCount>11</usedStationCount>
      <standardError>1.36</standardError>
      <azimuthalGap>143</azimuthalGap>
      <minimumDistance>0.61</minimumDistance>
      <maximumDistance>31.42</maximumDistance>
    </quality>
    <evaluationMode>manual</evaluationMode>
    <creationInfo>
      <agencyURI>smi:smi-registry/organization/EMSC</agencyURI>
      <authorURI>smi:smi-registry/organization/EMSC</authorURI>
    </creationInfo>
    <originUncertainty>
      <azimuthMaxHorizontalUncertainty>63</azimuthMaxHorizontalUncertainty>
    </originUncertainty>
  </origin>
  <magnitude publicID="quakeml:eu.emsc/event/19991001_0000008/origin/1461648/mag/2">
    <mag>
      <value>3.7</value>
    </mag>
    <type>ML</type>
    <originID>quakeml:eu.emsc/event/19991001_0000008/origin/1461648</originID>
    <creationInfo>
      <agencyURI>smi:smi-registry/organization/EMSC</agencyURI>
      <authorURI>smi:smi-registry/organization/EMSC</authorURI>
    </creationInfo>
  </magnitude>
</event>
<event publicID="quakeml:eu.emsc/event/19991001_0000005">
  <preferredOriginID>quakeml:eu.emsc/event/19991001_0000005/origin/1461651</preferredOriginID>
  <preferredMagnitudeID>quakeml:eu.emsc/event/19991001_0000005/origin/1461651/mag/2</preferredMagnitudeID>
  <creationInfo>
    <agencyURI>smi:smi-registry/organization/EMSC</agencyURI>
    <authorURI>smi:smi-registry/organization/EMSC</authorURI>
    <creationTime>2014-12-03T11:09:34.995878Z</creationTime>
  </creationInfo>
  <description>
    <text>GREECE</text>
    <type>Flinn-Engdahl region</type>
  </description>
  <origin publicID="quakeml:eu.emsc/event/19991001_0000005/origin/1461651">
    <time>
      <value>1999-10-01T10:27:05.5Z</value>
      <uncertainty>0.23</uncertainty>
    </time>
    <latitude>
      <value>38.6419</value>
      <uncertainty>5.2</uncertainty>
    </latitude>
    <longitude>
      <value>21.2504</value>
      <uncertainty>4.2</uncertainty>
    </longitude>
    <depth>
      <value>8000</value>
    </depth>
    <depthType>from location</depthType>
    <methodID>smi:eu.emsc-csem/origin_method/NA</methodID>
    <quality>
      <usedPhaseCount>41</usedPhaseCount>
      <usedStationCount>33</usedStationCount>
      <standardError>1.05</standardError>
      <azimuthalGap>68</azimuthalGap>
      <minimumDistance>0.47</minimumDistance>
      <maximumDistance>4.38</maximumDistance>
    </quality>
    <evaluationMode>manual</evaluationMode>
    <creationInfo>
      <agencyURI>smi:smi-registry/organization/EMSC</agencyURI>
      <authorURI>smi:smi-registry/organization/EMSC</authorURI>
    </creationInfo>
    <originUncertainty>
      <azimuthMaxHorizontalUncertainty>50</azimuthMaxHorizontalUncertainty>
    </originUncertainty>
  </origin>
  <magnitude publicID="quakeml:eu.emsc/event/19991001_0000005/origin/1461651/mag/2">
    <mag>
      <value>3.3</value>
    </mag>
    <type>ML</type>
    <originID>quakeml:eu.emsc/event/19991001_0000005/origin/1461651</originID>
    <creationInfo>
      <agencyURI>smi:smi-registry/organization/EMSC</agencyURI>
      <authorURI>smi:smi-registry/organization/EMSC</authorURI>
    </creationInfo>
  </magnitude>
</event>
<event publicID="quakeml:eu.emsc/event/19991001_0000016">
  <preferredOriginID>quakeml:eu.emsc/event/19991001_0000016/origin/1471848</preferredOriginID>
  <preferredMagnitudeID>quakeml:eu.emsc/event/19991001_0000016/origin/1471848/mag/2</preferredMagnitudeID>
  <creationInfo>
    <agencyURI>smi:smi-registry/organization/EMSC</agencyURI>
    <authorURI>smi:smi-registry/organization/EMSC</authorURI>
    <creationTime>2014-12-10T13:04:42.50574Z</creationTime>
  </creationInfo>
  <description>
    <text>FRANCE</text>
    <type>Flinn-Engdahl region</type>
  </description>
  <origin publicID="quakeml:eu.emsc/event/19991001_0000016/origin/1471848">
    <time>
      <value>1999-10-01T10:15:16.9Z</value>
    </time>
    <latitude>
      <value>45.4581</value>
      <uncertainty>9999.9</uncertainty>
    </latitude>
    <longitude>
      <value>5.409</value>
      <uncertainty>9999.9</uncertainty>
    </longitude>
    <depth>
      <value>2000</value>
    </depth>
    <depthType>from location</depthType>
    <methodID>smi:eu.emsc-csem/origin_method/NA</methodID>
    <quality>
      <usedPhaseCount>29</usedPhaseCount>
      <usedStationCount>15</usedStationCount>
      <standardError>1.35</standardError>
      <azimuthalGap>71</azimuthalGap>
      <minimumDistance>0.63</minimumDistance>
      <maximumDistance>3.12</maximumDistance>
    </quality>
    <evaluationMode>manual</evaluationMode>
    <creationInfo>
      <agencyURI>smi:smi-registry/organization/EMSC</agencyURI>
      <authorURI>smi:smi-registry/organization/EMSC</authorURI>
    </creationInfo>
    <originUncertainty>
      <azimuthMaxHorizontalUncertainty>-99</azimuthMaxHorizontalUncertainty>
    </originUncertainty>
  </origin>
  <magnitude publicID="quakeml:eu.emsc/event/19991001_0000016/origin/1471848/mag/2">
    <mag>
      <value>2.4</value>
    </mag>
    <type>ML</type>
    <originID>quakeml:eu.emsc/event/19991001_0000016/origin/1471848</originID>
    <stationCount>14</stationCount>
    <creationInfo>
      <agencyURI>smi:smi-registry/organization/EMSC</agencyURI>
      <authorURI>smi:smi-registry/organization/EMSC</authorURI>
    </creationInfo>
  </magnitude>
</event>
<event publicID="quakeml:eu.emsc/event/19991001_0000007">
  <preferredOriginID>quakeml:eu.emsc/event/19991001_0000007/origin/1471850</preferredOriginID>
  <preferredMagnitudeID>quakeml:eu.emsc/event/19991001_0000007/origin/1471850/mag/2</preferredMagnitudeID>
  <creationInfo>
    <agencyURI>smi:smi-registry/organization/EMSC</agencyURI>
    <authorURI>smi:smi-registry/organization/EMSC</authorURI>
    <creationTime>2014-12-12T00:14:46.718594Z</creationTime>
  </creationInfo>
  <description>
    <text>WESTERN TURKEY</text>
    <type>Flinn-Engdahl region</type>
  </description>
  <origin publicID="quakeml:eu.emsc/event/19991001_0000007/origin/1471850">
    <time>
      <value>1999-10-01T09:26:45.7Z</value>
    </time>
    <latitude>
      <value>40.772</value>
      <uncertainty>9999.9</uncertainty>
    </latitude>
    <longitude>
      <value>30.391</value>
      <uncertainty>9999.9</uncertainty>
    </longitude>
    <depth>
      <value>10000</value>
    </depth>
    <depthType>from location</depthType>
    <methodID>smi:eu.emsc-csem/origin_method/NA</methodID>
    <quality>
      <usedPhaseCount>18</usedPhaseCount>
      <usedStationCount>14</usedStationCount>
      <standardError>2.08</standardError>
      <azimuthalGap>189</azimuthalGap>
      <minimumDistance>0.29</minimumDistance>
      <maximumDistance>3.39</maximumDistance>
    </quality>
    <evaluationMode>manual</evaluationMode>
    <creationInfo>
      <agencyURI>smi:smi-registry/organization/EMSC</agencyURI>
      <authorURI>smi:smi-registry/organization/EMSC</authorURI>
    </creationInfo>
    <originUncertainty>
      <azimuthMaxHorizontalUncertainty>-99</azimuthMaxHorizontalUncertainty>
    </originUncertainty>
  </origin>
  <magnitude publicID="quakeml:eu.emsc/event/19991001_0000007/origin/1471850/mag/2">
    <mag>
      <value>3.3</value>
    </mag>
    <type>MD</type>
    <originID>quakeml:eu.emsc/event/19991001_0000007/origin/1471850</originID>
    <creationInfo>
      <agencyURI>smi:smi-registry/organization/EMSC</agencyURI>
      <authorURI>smi:smi-registry/organization/EMSC</authorURI>
    </creationInfo>
  </magnitude>
</event>
<event publicID="quakeml:eu.emsc/event/19991001_0000006">
  <preferredOriginID>quakeml:eu.emsc/event/19991001_0000006/origin/1471852</preferredOriginID>
  <preferredMagnitudeID>quakeml:eu.emsc/event/19991001_0000006/origin/1471852/mag/2</preferredMagnitudeID>
  <creationInfo>
    <agencyURI>smi:smi-registry/organization/EMSC</agencyURI>
    <authorURI>smi:smi-registry/organization/EMSC</authorURI>
    <creationTime>2014-12-12T00:14:46.242999Z</creationTime>
  </creationInfo>
  <description>
    <text>WESTERN TURKEY</text>
    <type>Flinn-Engdahl region</type>
  </description>
  <origin publicID="quakeml:eu.emsc/event/19991001_0000006/origin/1471852">
    <time>
      <value>1999-10-01T08:12:06.1Z</value>
    </time>
    <latitude>
      <value>40.777</value>
      <uncertainty>9999.9</uncertainty>
    </latitude>
    <longitude>
      <value>29.952</value>
      <uncertainty>9999.9</uncertainty>
    </longitude>
    <depth>
      <value>10000</value>
    </depth>
    <depthType>from location</depthType>
    <methodID>smi:eu.emsc-csem/origin_method/NA</methodID>
    <quality>
      <usedPhaseCount>13</usedPhaseCount>
      <usedStationCount>12</usedStationCount>
      <standardError>1.58</standardError>
      <azimuthalGap>174</azimuthalGap>
      <minimumDistance>0.22</minimumDistance>
      <maximumDistance>2.47</maximumDistance>
    </quality>
    <evaluationMode>manual</evaluationMode>
    <creationInfo>
      <agencyURI>smi:smi-registry/organization/EMSC</agencyURI>
      <authorURI>smi:smi-registry/organization/EMSC</authorURI>
    </creationInfo>
    <originUncertainty>
      <azimuthMaxHorizontalUncertainty>-99</azimuthMaxHorizontalUncertainty>
    </originUncertainty>
  </origin>
  <magnitude publicID="quakeml:eu.emsc/event/19991001_0000006/origin/1471852/mag/2">
    <mag>
      <value>3</value>
    </mag>
    <type>MD</type>
    <originID>quakeml:eu.emsc/event/19991001_0000006/origin/1471852</originID>
    <creationInfo>
      <agencyURI>smi:smi-registry/organization/EMSC</agencyURI>
      <authorURI>smi:smi-registry/organization/EMSC</authorURI>
    </creationInfo>
  </magnitude>
</event>
<event publicID="quakeml:eu.emsc/event/19991001_0000004">
  <preferredOriginID>quakeml:eu.emsc/event/19991001_0000004/origin/1461656</preferredOriginID>
  <preferredMagnitudeID>quakeml:eu.emsc/event/19991001_0000004/origin/1461656/mag/2</preferredMagnitudeID>
  <creationInfo>
    <agencyURI>smi:smi-registry/organization/EMSC</agencyURI>
    <authorURI>smi:smi-registry/organization/EMSC</authorURI>
    <creationTime>2014-12-03T10:36:25.449204Z</creationTime>
  </creationInfo>
  <description>
    <text>SLOVENIA</text>
    <type>Flinn-Engdahl region</type>
  </description>
  <origin publicID="quakeml:eu.emsc/event/19991001_0000004/origin/1461656">
    <time>
      <value>1999-10-01T07:08:58.7Z</value>
      <uncertainty>0.13</uncertainty>
    </time>
    <latitude>
      <value>46.3168</value>
      <uncertainty>2.7</uncertainty>
    </latitude>
    <longitude>
      <value>13.6302</value>
      <uncertainty>2.1</uncertainty>
    </longitude>
    <depth>
      <value>2000</value>
    </depth>
    <depthType>from location</depthType>
    <methodID>smi:eu.emsc-csem/origin_method/NA</methodID>
    <quality>
      <usedPhaseCount>78</usedPhaseCount>
      <usedStationCount>49</usedStationCount>
      <standardError>1.19</standardError>
      <azimuthalGap>46</azimuthalGap>
      <minimumDistance>0.14</minimumDistance>
      <maximumDistance>5.01</maximumDistance>
    </quality>
    <evaluationMode>manual</evaluationMode>
    <creationInfo>
      <agencyURI>smi:smi-registry/organization/EMSC</agencyURI>
      <authorURI>smi:smi-registry/organization/EMSC</authorURI>
    </creationInfo>
    <originUncertainty>
      <azimuthMaxHorizontalUncertainty>23</azimuthMaxHorizontalUncertainty>
    </originUncertainty>
  </origin>
  <magnitude publicID="quakeml:eu.emsc/event/19991001_0000004/origin/1461656/mag/2">
    <mag>
      <value>2.4</value>
    </mag>
    <type>ML</type>
    <originID>quakeml:eu.emsc/event/19991001_0000004/origin/1461656</originID>
    <stationCount>3</stationCount>
    <creationInfo>
      <agencyURI>smi:smi-registry/organization/EMSC</agencyURI>
      <authorURI>smi:smi-registry/organization/EMSC</authorURI>
    </creationInfo>
  </magnitude>
</event>
<event publicID="quakeml:eu.emsc/event/19991001_0000003">
  <preferredOriginID>quakeml:eu.emsc/event/19991001_0000003/origin/1461658</preferredOriginID>
  <preferredMagnitudeID>quakeml:eu.emsc/event/19991001_0000003/origin/1461658/mag/2</preferredMagnitudeID>
  <creationInfo>
    <agencyURI>smi:smi-registry/organization/EMSC</agencyURI>
    <authorURI>smi:smi-registry/organization/EMSC</authorURI>
    <creationTime>2014-12-03T12:01:37.63086Z</creationTime>
  </creationInfo>
  <description>
    <text>GREECE</text>
    <type>Flinn-Engdahl region</type>
  </description>
  <origin publicID="quakeml:eu.emsc/event/19991001_0000003/origin/1461658">
    <time>
      <value>1999-10-01T06:47:23.2Z</value>
      <uncertainty>0.64</uncertainty>
    </time>
    <latitude>
      <value>38.0111</value>
      <uncertainty>15.2</uncertainty>
    </latitude>
    <longitude>
      <value>23.5423</value>
      <uncertainty>13.1</uncertainty>
    </longitude>
    <depth>
      <value>2000</value>
    </depth>
    <depthType>from location</depthType>
    <methodID>smi:eu.emsc-csem/origin_method/NA</methodID>
    <quality>
      <usedPhaseCount>8</usedPhaseCount>
      <usedStationCount>7</usedStationCount>
      <standardError>1.12</standardError>
      <azimuthalGap>124</azimuthalGap>
      <minimumDistance>0.14</minimumDistance>
      <maximumDistance>1.84</maximumDistance>
    </quality>
    <evaluationMode>manual</evaluationMode>
    <creationInfo>
      <agencyURI>smi:smi-registry/organization/EMSC</agencyURI>
      <authorURI>smi:smi-registry/organization/EMSC</authorURI>
    </creationInfo>
    <originUncertainty>
      <azimuthMaxHorizontalUncertainty>171</azimuthMaxHorizontalUncertainty>
    </originUncertainty>
  </origin>
  <magnitude publicID="quakeml:eu.emsc/event/19991001_0000003/origin/1461658/mag/2">
    <mag>
      <value>2.6</value>
    </mag>
    <type>ML</type>
    <originID>quakeml:eu.emsc/event/19991001_0000003/origin/1461658</originID>
    <creationInfo>
      <agencyURI>smi:smi-registry/organization/EMSC</agencyURI>
      <authorURI>smi:smi-registry/organization/EMSC</authorURI>
    </creationInfo>
  </magnitude>
</event>
<event publicID="quakeml:eu.emsc/event/19991001_0000001">
  <preferredOriginID>quakeml:eu.emsc/event/19991001_0000001/origin/1461661</preferredOriginID>
  <preferredMagnitudeID>quakeml:eu.emsc/event/19991001_0000001/origin/1461661/mag/2</preferredMagnitudeID>
  <creationInfo>
    <agencyURI>smi:smi-registry/organization/EMSC</agencyURI>
    <authorURI>smi:smi-registry/organization/EMSC</authorURI>
    <creationTime>2014-12-03T11:33:27.550635Z</creationTime>
  </creationInfo>
  <description>
    <text>AEGEAN SEA</text>
    <type>Flinn-Engdahl region</type>
  </description>
  <origin publicID="quakeml:eu.emsc/event/19991001_0000001/origin/1461661">
    <time>
      <value>1999-10-01T06:28:22.4Z</value>
      <uncertainty>0.51</uncertainty>
    </time>
    <latitude>
      <value>40.1669</value>
      <uncertainty>11.4</uncertainty>
    </latitude>
    <longitude>
      <value>25.3514</value>
      <uncertainty>8.4</uncertainty>
    </longitude>
    <depth>
      <value>17600.0</value>
      <uncertainty>5.2</uncertainty>
    </depth>
    <depthType>from location</depthType>
    <methodID>smi:eu.emsc-csem/origin_method/NA</methodID>
    <quality>
      <usedPhaseCount>15</usedPhaseCount>
      <usedStationCount>10</usedStationCount>
      <standardError>1.32</standardError>
      <azimuthalGap>89</azimuthalGap>
      <minimumDistance>0.31</minimumDistance>
      <maximumDistance>2.58</maximumDistance>
    </quality>
    <evaluationMode>manual</evaluationMode>
    <creationInfo>
      <agencyURI>smi:smi-registry/organization/EMSC</agencyURI>
      <authorURI>smi:smi-registry/organization/EMSC</authorURI>
    </creationInfo>
    <originUncertainty>
      <azimuthMaxHorizontalUncertainty>5</azimuthMaxHorizontalUncertainty>
    </originUncertainty>
  </origin>
  <magnitude publicID="quakeml:eu.emsc/event/19991001_0000001/origin/1461661/mag/2">
    <mag>
      <value>2.8</value>
    </mag>
    <type>ML</type>
    <originID>quakeml:eu.emsc/event/19991001_0000001/origin/1461661</originID>
    <creationInfo>
      <agencyURI>smi:smi-registry/organization/EMSC</agencyURI>
      <authorURI>smi:smi-registry/organization/EMSC</authorURI>
    </creationInfo>
  </magnitude>
</event>
<event publicID="quakeml:eu.emsc/event/19991001_0000002">
  <preferredOriginID>quakeml:eu.emsc/event/19991001_0000002/origin/1471854</preferredOriginID>
  <preferredMagnitudeID>quakeml:eu.emsc/event/19991001_0000002/origin/1471854/mag/2</preferredMagnitudeID>
  <creationInfo>
    <agencyURI>smi:smi-registry/organization/EMSC</agencyURI>
    <authorURI>smi:smi-registry/organization/EMSC</authorURI>
    <creationTime>2014-12-12T00:14:40.538283Z</creationTime>
  </creationInfo>
  <description>
    <text>WESTERN TURKEY</text>
    <type>Flinn-Engdahl region</type>
  </description>
  <origin publicID="quakeml:eu.emsc/event/19991001_0000002/origin/1471854">
    <time>
      <value>1999-10-01T06:10:24.6Z</value>
    </time>
    <latitude>
      <value>40.638</value>
      <uncertainty>9999.9</uncertainty>
    </latitude>
    <longitude>
      <value>29.14</value>
      <uncertainty>9999.9</uncertainty>
    </longitude>
    <depth>
      <value>5000</value>
    </depth>
    <depthType>from location</depthType>
    <methodID>smi:eu.emsc-csem/origin_method/NA</methodID>
    <quality>
      <usedPhaseCount>14</usedPhaseCount>
      <usedStationCount>11</usedStationCount>
      <standardError>0.92</standardError>
      <azimuthalGap>73</azimuthalGap>
      <minimumDistance>0.19</minimumDistance>
      <maximumDistance>1.59</maximumDistance>
    </quality>
    <evaluationMode>manual</evaluationMode>
    <creationInfo>
      <agencyURI>smi:smi-registry/organization/EMSC</agencyURI>
      <authorURI>smi:smi-registry/organization/EMSC</authorURI>
    </creationInfo>
    <originUncertainty>
      <azimuthMaxHorizontalUncertainty>-99</azimuthMaxHorizontalUncertainty>
    </originUncertainty>
  </origin>
  <magnitude publicID="quakeml:eu.emsc/event/19991001_0000002/origin/1471854/mag/2">
    <mag>
      <value>3.1</value>
    </mag>
    <type>MD</type>
    <originID>quakeml:eu.emsc/event/19991001_0000002/origin/1471854</originID>
    <creationInfo>
      <agencyURI>smi:smi-registry/organization/EMSC</agencyURI>
      <authorURI>smi:smi-registry/organization/EMSC</authorURI>
    </creationInfo>
  </magnitude>
</event>
</eventParameters>
</q:quakeml>
