<?xml version="1.0"?>
<q:quakeml xmlns:q="http://quakeml.org/xmlns/quakeml/1.2"  xmlns="http://quakeml.org/xmlns/bed/1.2">
<eventParameters publicID="smi:eu.emsc/unid">
<event publicID="quakeml:eu.emsc/event/19990710_0000026">
  <preferredOriginID>quakeml:eu.emsc/event/19990710_0000026/origin/1474168</preferredOriginID>
  <preferredMagnitudeID>quakeml:eu.emsc/event/19990710_0000026/origin/1474168/mag/2</preferredMagnitudeID>
  <creationInfo>
    <agencyURI>smi:smi-registry/organization/EMSC</agencyURI>
    <authorURI>smi:smi-registry/organization/EMSC</authorURI>
    <creationTime>2014-12-10T13:02:42.77375Z</creationTime>
  </creationInfo>
  <description>
    <text>NORTHERN ITALY</text>
    <type>Flinn-Engdahl region</type>
  </description>
  <origin publicID="quakeml:eu.emsc/event/19990710_0000026/origin/1474168">
    <time>
      <value>1999-07-10T20:04:20.5Z</value>
    </time>
    <latitude>
      <value>44.3372</value>
      <uncertainty>9999.9</uncertainty>
    </latitude>
    <longitude>
      <value>7.2932</value>
      <uncertainty>9999.9</uncertainty>
    </longitude>
    <depth>
      <value>11400.0</value>
    </depth>
    <depthType>from location</depthType>
    <methodID>smi:eu.emsc-csem/origin_method/NA</methodID>
    <quality>
      <usedPhaseCount>8</usedPhaseCount>
      <usedStationCount>4</usedStationCount>
      <standardError>8.22</standardError>
      <azimuthalGap>179</azimuthalGap>
      <minimumDistance>0.09</minimumDistance>
      <maximumDistance>0.22</maximumDistance>
    </quality>
    <evaluationMode>manual</evaluationMode>
    <creationInfo>
      <agencyURI>smi:smi-registry/organization/EMSC</agencyURI>
      <authorURI>smi:smi-registry/organization/EMSC</authorURI>
    </creationInfo>
    <originUncertainty>
      <azimuthMaxHorizontalUncertainty>-99</azimuthMaxHorizontalUncertainty>
    </originUncertainty>
  </origin>
  <magnitude publicID="quakeml:eu.emsc/event/19990710_0000026/origin/1474168/mag/2">
    <mag>
      <value>1.4</value>
    </mag>
    <type>ML</type>
    <originID>quakeml:eu.emsc/event/19990710_0000026/origin/1474168</originID>
    <creationInfo>
      <agencyURI>smi:smi-registry/organization/EMSC</agencyURI>
      <authorURI>smi:smi-registry/organization/EMSC</authorURI>
    </creationInfo>
  </magnitude>
</event>
<event publicID="quakeml:eu.emsc/event/19990710_0000021">
  <preferredOriginID>quakeml:eu.emsc/event/19990710_0000021/origin/1474170</preferredOriginID>
  <preferredMagnitudeID>quakeml:eu.emsc/event/19990710_0000021/origin/1474170/mag/2</preferredMagnitudeID>
  <creationInfo>
    <agencyURI>smi:smi-registry/organization/EMSC</agencyURI>
    <authorURI>smi:smi-registry/organization/EMSC</authorURI>
    <creationTime>2014-12-10T13:06:29.614814Z</creationTime>
  </creationInfo>
  <description>
    <text>NORTHERN ITALY</text>
    <type>Flinn-Engdahl region</type>
  </description>
  <origin publicID="quakeml:eu.emsc/event/19990710_0000021/origin/1474170">
    <time>
      <value>1999-07-10T19:25:20.5Z</value>
    </time>
    <latitude>
      <value>44.3368</value>
      <uncertainty>9999.9</uncertainty>
    </latitude>
    <longitude>
      <value>7.2783</value>
      <uncertainty>9999.9</uncertainty>
    </longitude>
    <depth>
      <value>10300.0</value>
    </depth>
    <depthType>from location</depthType>
    <methodID>smi:eu.emsc-csem/origin_method/NA</methodID>
    <quality>
      <usedPhaseCount>8</usedPhaseCount>
      <usedStationCount>4</usedStationCount>
      <standardError>9.12</standardError>
      <azimuthalGap>174</azimuthalGap>
      <minimumDistance>0.1</minimumDistance>
      <maximumDistance>0.21</maximumDistance>
    </quality>
    <evaluationMode>manual</evaluationMode>
    <creationInfo>
      <agencyURI>smi:smi-registry/organization/EMSC</agencyURI>
      <authorURI>smi:smi-registry/organization/EMSC</authorURI>
    </creationInfo>
    <originUncertainty>
      <azimuthMaxHorizontalUncertainty>-99</azimuthMaxHorizontalUncertainty>
    </originUncertainty>
  </origin>
  <magnitude publicID="quakeml:eu.emsc/event/19990710_0000021/origin/1474170/mag/2">
    <mag>
      <value>1.3</value>
    </mag>
    <type>ML</type>
    <originID>quakeml:eu.emsc/event/19990710_0000021/origin/1474170</originID>
    <creationInfo>
      <agencyURI>smi:smi-registry/organization/EMSC</agencyURI>
      <authorURI>smi:smi-registry/organization/EMSC</authorURI>
    </creationInfo>
  </magnitude>
</event>
<event publicID="quakeml:eu.emsc/event/19990710_0000023">
  <preferredOriginID>quakeml:eu.emsc/event/19990710_0000023/origin/1474172</preferredOriginID>
  <preferredMagnitudeID>quakeml:eu.emsc/event/19990710_0000023/origin/1474172/mag/2</preferredMagnitudeID>
  <creationInfo>
    <agencyURI>smi:smi-registry/organization/EMSC</agencyURI>
    <authorURI>smi:smi-registry/organization/EMSC</authorURI>
    <creationTime>2014-12-10T13:02:41.575242Z</creationTime>
  </creationInfo>
  <description>
    <text>NORTHERN ITALY</text>
    <type>Flinn-Engdahl region</type>
  </description>
  <origin publicID="quakeml:eu.emsc/event/19990710_0000023/origin/1474172">
    <time>
      <value>1999-07-10T19:25:06.5Z</value>
    </time>
    <latitude>
      <value>44.3337</value>
      <uncertainty>9999.9</uncertainty>
    </latitude>
    <longitude>
      <value>7.2872</value>
      <uncertainty>9999.9</uncertainty>
    </longitude>
    <depth>
      <value>12600.0</value>
    </depth>
    <depthType>from location</depthType>
    <methodID>smi:eu.emsc-csem/origin_method/NA</methodID>
    <quality>
      <usedPhaseCount>8</usedPhaseCount>
      <usedStationCount>4</usedStationCount>
      <standardError>3.49</standardError>
      <azimuthalGap>175</azimuthalGap>
      <minimumDistance>0.09</minimumDistance>
      <maximumDistance>0.22</maximumDistance>
    </quality>
    <evaluationMode>manual</evaluationMode>
    <creationInfo>
      <agencyURI>smi:smi-registry/organization/EMSC</agencyURI>
      <authorURI>smi:smi-registry/organization/EMSC</authorURI>
    </creationInfo>
    <originUncertainty>
      <azimuthMaxHorizontalUncertainty>-99</azimuthMaxHorizontalUncertainty>
    </originUncertainty>
  </origin>
  <magnitude publicID="quakeml:eu.emsc/event/19990710_0000023/origin/1474172/mag/2">
    <mag>
      <value>1.4</value>
    </mag>
    <type>ML</type>
    <originID>quakeml:eu.emsc/event/19990710_0000023/origin/1474172</originID>
    <creationInfo>
      <agencyURI>smi:smi-registry/organization/EMSC</agencyURI>
      <authorURI>smi:smi-registry/organization/EMSC</authorURI>
    </creationInfo>
  </magnitude>
</event>
<event publicID="quakeml:eu.emsc/event/19990710_0000020">
  <preferredOriginID>quakeml:eu.emsc/event/19990710_0000020/origin/1464985</preferredOriginID>
  <preferredMagnitudeID>quakeml:eu.emsc/event/19990710_0000020/origin/1464985/mag/1</preferredMagnitudeID>
  <creationInfo>
    <agencyURI>smi:smi-registry/organization/EMSC</agencyURI>
    <authorURI>smi:smi-registry/organization/EMSC</authorURI>
    <creationTime>2014-12-03T15:17:03.465523Z</creationTime>
  </creationInfo>
  <description>
    <text>FRANCE</text>
    <type>Flinn-Engdahl region</type>
  </description>
  <origin publicID="quakeml:eu.emsc/event/19990710_0000020/origin/1464985">
    <time>
      <value>1999-07-10T16:33:10.8Z</value>
      <uncertainty>0.12</uncertainty>
    </time>
    <latitude>
      <value>44.3087</value>
      <uncertainty>2.5</uncertainty>
    </latitude>
    <longitude>
      <value>6.5257</value>
      <uncertainty>2.1</uncertainty>
    </longitude>
    <depth>
      <value>16700.0</value>
      <uncertainty>1.9</uncertainty>
    </depth>
    <depthType>from location</depthType>
    <methodID>smi:eu.emsc-csem/origin_method/NA</methodID>
    <quality>
      <usedPhaseCount>52</usedPhaseCount>
      <usedStationCount>31</usedStationCount>
      <standardError>0.87</standardError>
      <azimuthalGap>65</azimuthalGap>
      <minimumDistance>0.27</minimumDistance>
      <maximumDistance>3.26</maximumDistance>
    </quality>
    <evaluationMode>manual</evaluationMode>
    <creationInfo>
      <agencyURI>smi:smi-registry/organization/EMSC</agencyURI>
      <authorURI>smi:smi-registry/organization/EMSC</authorURI>
    </creationInfo>
    <originUncertainty>
      <azimuthMaxHorizontalUncertainty>94</azimuthMaxHorizontalUncertainty>
    </originUncertainty>
  </origin>
  <magnitude publicID="quakeml:eu.emsc/event/19990710_0000020/origin/1464985/mag/1">
    <mag>
      <value>2.4</value>
      <uncertainty>0.3</uncertainty>
    </mag>
    <type>ML</type>
    <originID>quakeml:eu.emsc/event/19990710_0000020/origin/1464985</originID>
    <stationCount>12</stationCount>
    <creationInfo>
      <agencyURI>smi:smi-registry/organization/EMSC</agencyURI>
      <authorURI>smi:smi-registry/organization/EMSC</authorURI>
    </creationInfo>
  </magnitude>
</event>
<event publicID="quakeml:eu.emsc/event/19990710_0000017">
  <preferredOriginID>quakeml:eu.emsc/event/19990710_0000017/origin/1474174</preferredOriginID>
  <preferredMagnitudeID>quakeml:eu.emsc/event/19990710_0000017/origin/1474174/mag/2</preferredMagnitudeID>
  <creationInfo>
    <agencyURI>smi:smi-registry/organization/EMSC</agencyURI>
    <authorURI>smi:smi-registry/organization/EMSC</authorURI>
    <creationTime>2014-12-11T21:04:39.863625Z</creationTime>
  </creationInfo>
  <description>
    <text>SICILY, ITALY</text>
    <type>Flinn-Engdahl region</type>
  </description>
  <origin publicID="quakeml:eu.emsc/event/19990710_0000017/origin/1474174">
    <time>
      <value>1999-07-10T15:11:53.0Z</value>
    </time>
    <latitude>
      <value>38.177</value>
      <uncertainty>9999.9</uncertainty>
    </latitude>
    <longitude>
      <value>15.037</value>
      <uncertainty>9999.9</uncertainty>
    </longitude>
    <depth>
      <value>10100.0</value>
    </depth>
    <depthType>from location</depthType>
    <methodID>smi:eu.emsc-csem/origin_method/NA</methodID>
    <quality>
      <usedPhaseCount>18</usedPhaseCount>
      <usedStationCount>13</usedStationCount>
      <standardError>0.97</standardError>
      <azimuthalGap>80</azimuthalGap>
      <minimumDistance>0.36</minimumDistance>
      <maximumDistance>2.39</maximumDistance>
    </quality>
    <evaluationMode>manual</evaluationMode>
    <creationInfo>
      <agencyURI>smi:smi-registry/organization/EMSC</agencyURI>
      <authorURI>smi:smi-registry/organization/EMSC</authorURI>
    </creationInfo>
    <originUncertainty>
      <azimuthMaxHorizontalUncertainty>-99</azimuthMaxHorizontalUncertainty>
    </originUncertainty>
  </origin>
  <magnitude publicID="quakeml:eu.emsc/event/19990710_0000017/origin/1474174/mag/2">
    <mag>
      <value>2.6</value>
    </mag>
    <type>ML</type>
    <originID>quakeml:eu.emsc/event/19990710_0000017/origin/1474174</originID>
    <stationCount>7</stationCount>
    <creationInfo>
      <agencyURI>smi:smi-registry/organization/EMSC</agencyURI>
      <authorURI>smi:smi-registry/organization/EMSC</authorURI>
    </creationInfo>
  </magnitude>
</event>
<event publicID="quakeml:eu.emsc/event/19990710_0000014">
  <preferredOriginID>quakeml:eu.emsc/event/19990710_0000014/origin/1465170</preferredOriginID>
  <preferredMagnitudeID>quakeml:eu.emsc/event/19990710_0000014/origin/1465170/mag/2</preferredMagnitudeID>
  <creationInfo>
    <agencyURI>smi:smi-registry/organization/EMSC</agencyURI>
    <authorURI>smi:smi-registry/organization/EMSC</authorURI>
    <creationTime>2014-12-03T12:09:03.202739Z</creationTime>
  </creationInfo>
  <description>
    <text>SOUTHERN GREECE</text>
    <type>Flinn-Engdahl region</type>
  </description>
  <origin publicID="quakeml:eu.emsc/event/19990710_0000014/origin/1465170">
    <time>
      <value>1999-07-10T14:55:58.9Z</value>
      <uncertainty>1.3</uncertainty>
    </time>
    <latitude>
      <value>37.8291</value>
      <uncertainty>44.5</uncertainty>
    </latitude>
    <longitude>
      <value>21.4149</value>
      <uncertainty>12.5</uncertainty>
    </longitude>
    <depth>
      <value>15000</value>
    </depth>
    <depthType>from location</depthType>
    <methodID>smi:eu.emsc-csem/origin_method/NA</methodID>
    <quality>
      <usedPhaseCount>6</usedPhaseCount>
      <usedStationCount>6</usedStationCount>
      <standardError>0.86</standardError>
      <azimuthalGap>228</azimuthalGap>
      <minimumDistance>0.77</minimumDistance>
      <maximumDistance>2.42</maximumDistance>
    </quality>
    <evaluationMode>manual</evaluationMode>
    <creationInfo>
      <agencyURI>smi:smi-registry/organization/EMSC</agencyURI>
      <authorURI>smi:smi-registry/organization/EMSC</authorURI>
    </creationInfo>
    <originUncertainty>
      <azimuthMaxHorizontalUncertainty>75</azimuthMaxHorizontalUncertainty>
    </originUncertainty>
  </origin>
  <magnitude publicID="quakeml:eu.emsc/event/19990710_0000014/origin/1465170/mag/2">
    <mag>
      <value>3.1</value>
    </mag>
    <type>ML</type>
    <originID>quakeml:eu.emsc/event/19990710_0000014/origin/1465170</originID>
    <creationInfo>
      <agencyURI>smi:smi-registry/organization/EMSC</agencyURI>
      <authorURI>smi:smi-registry/organization/EMSC</authorURI>
    </creationInfo>
  </magnitude>
</event>
<event publicID="quakeml:eu.emsc/event/19990710_0000012">
  <preferredOriginID>quakeml:eu.emsc/event/19990710_0000012/origin/1465173</preferredOriginID>
  <preferredMagnitudeID>quakeml:eu.emsc/event/19990710_0000012/origin/1465173/mag/2</preferredMagnitudeID>
  <creationInfo>
    <agencyURI>smi:smi-registry/organization/EMSC</agencyURI>
    <authorURI>smi:smi-registry/organization/EMSC</authorURI>
    <creationTime>2014-12-03T11:13:24.599959Z</creationTime>
  </creationInfo>
  <description>
    <text>WESTERN TURKEY</text>
    <type>Flinn-Engdahl region</type>
  </description>
  <origin publicID="quakeml:eu.emsc/event/19990710_0000012/origin/1465173">
    <time>
      <value>1999-07-10T11:32:04.7Z</value>
      <uncertainty>0.23</uncertainty>
    </time>
    <latitude>
      <value>39.0168</value>
      <uncertainty>8.1</uncertainty>
    </latitude>
    <longitude>
      <value>27.7662</value>
      <uncertainty>4.8</uncertainty>
    </longitude>
    <depth>
      <value>10000</value>
    </depth>
    <depthType>from location</depthType>
    <methodID>smi:eu.emsc-csem/origin_method/NA</methodID>
    <quality>
      <usedPhaseCount>13</usedPhaseCount>
      <usedStationCount>12</usedStationCount>
      <standardError>0.82</standardError>
      <azimuthalGap>121</azimuthalGap>
      <minimumDistance>0.73</minimumDistance>
      <maximumDistance>2.73</maximumDistance>
    </quality>
    <evaluationMode>manual</evaluationMode>
    <creationInfo>
      <agencyURI>smi:smi-registry/organization/EMSC</agencyURI>
      <authorURI>smi:smi-registry/organization/EMSC</authorURI>
    </creationInfo>
    <originUncertainty>
      <azimuthMaxHorizontalUncertainty>130</azimuthMaxHorizontalUncertainty>
    </originUncertainty>
  </origin>
  <magnitude publicID="quakeml:eu.emsc/event/19990710_0000012/origin/1465173/mag/2">
    <mag>
      <value>3.2</value>
    </mag>
    <type>MD</type>
    <originID>quakeml:eu.emsc/event/19990710_0000012/origin/1465173</originID>
    <creationInfo>
      <agencyURI>smi:smi-registry/organization/EMSC</agencyURI>
      <authorURI>smi:smi-registry/organization/EMSC</authorURI>
    </creationInfo>
  </magnitude>
</event>
<event publicID="quakeml:eu.emsc/event/19990710_0000013">
  <preferredOriginID>quakeml:eu.emsc/event/19990710_0000013/origin/1474176</preferredOriginID>
  <preferredMagnitudeID>quakeml:eu.emsc/event/19990710_0000013/origin/1474176/mag/2</preferredMagnitudeID>
  <creationInfo>
    <agencyURI>smi:smi-registry/organization/EMSC</agencyURI>
    <authorURI>smi:smi-registry/organization/EMSC</authorURI>
    <creationTime>2014-12-11T21:02:54.158187Z</creationTime>
  </creationInfo>
  <description>
    <text>WESTERN TURKEY</text>
    <type>Flinn-Engdahl region</type>
  </description>
  <origin publicID="quakeml:eu.emsc/event/19990710_0000013/origin/1474176">
    <time>
      <value>1999-07-10T11:27:17.6Z</value>
    </time>
    <latitude>
      <value>40.678</value>
      <uncertainty>9999.9</uncertainty>
    </latitude>
    <longitude>
      <value>29.994</value>
      <uncertainty>9999.9</uncertainty>
    </longitude>
    <depth>
      <value>8000</value>
    </depth>
    <depthType>from location</depthType>
    <methodID>smi:eu.emsc-csem/origin_method/NA</methodID>
    <quality>
      <usedPhaseCount>13</usedPhaseCount>
      <usedStationCount>10</usedStationCount>
      <standardError>0.94</standardError>
      <azimuthalGap>163</azimuthalGap>
      <minimumDistance>0.49</minimumDistance>
      <maximumDistance>1.66</maximumDistance>
    </quality>
    <evaluationMode>manual</evaluationMode>
    <creationInfo>
      <agencyURI>smi:smi-registry/organization/EMSC</agencyURI>
      <authorURI>smi:smi-registry/organization/EMSC</authorURI>
    </creationInfo>
    <originUncertainty>
      <azimuthMaxHorizontalUncertainty>-99</azimuthMaxHorizontalUncertainty>
    </originUncertainty>
  </origin>
  <magnitude publicID="quakeml:eu.emsc/event/19990710_0000013/origin/1474176/mag/2">
    <mag>
      <value>3.1</value>
    </mag>
    <type>MD</type>
    <originID>quakeml:eu.emsc/event/19990710_0000013/origin/1474176</originID>
    <creationInfo>
      <agencyURI>smi:smi-registry/organization/EMSC</agencyURI>
      <authorURI>smi:smi-registry/organization/EMSC</authorURI>
    </creationInfo>
  </magnitude>
</event>
<event publicID="quakeml:eu.emsc/event/19990710_0000010">
  <preferredOriginID>quakeml:eu.emsc/event/19990710_0000010/origin/1465176</preferredOriginID>
  <preferredMagnitudeID>quakeml:eu.emsc/event/19990710_0000010/origin/1465176/mag/2</preferredMagnitudeID>
  <creationInfo>
    <agencyURI>smi:smi-registry/organization/EMSC</agencyURI>
    <authorURI>smi:smi-registry/organization/EMSC</authorURI>
    <creationTime>2014-12-03T11:22:27.740565Z</creationTime>
  </creationInfo>
  <description>
    <text>GREECE</text>
    <type>Flinn-Engdahl region</type>
  </description>
  <origin publicID="quakeml:eu.emsc/event/19990710_0000010/origin/1465176">
    <time>
      <value>1999-07-10T11:18:45.5Z</value>
      <uncertainty>0.25</uncertainty>
    </time>
    <latitude>
      <value>39.6416</value>
      <uncertainty>6.1</uncertainty>
    </latitude>
    <longitude>
      <value>20.6643</value>
      <uncertainty>3.9</uncertainty>
    </longitude>
    <depth>
      <value>15000</value>
    </depth>
    <depthType>from location</depthType>
    <methodID>smi:eu.emsc-csem/origin_method/NA</methodID>
    <quality>
      <usedPhaseCount>33</usedPhaseCount>
      <usedStationCount>20</usedStationCount>
      <standardError>0.78</standardError>
      <azimuthalGap>128</azimuthalGap>
      <minimumDistance>0.14</minimumDistance>
      <maximumDistance>3.81</maximumDistance>
    </quality>
    <evaluationMode>manual</evaluationMode>
    <creationInfo>
      <agencyURI>smi:smi-registry/organization/EMSC</agencyURI>
      <authorURI>smi:smi-registry/organization/EMSC</authorURI>
    </creationInfo>
    <originUncertainty>
      <azimuthMaxHorizontalUncertainty>25</azimuthMaxHorizontalUncertainty>
    </originUncertainty>
  </origin>
  <magnitude publicID="quakeml:eu.emsc/event/19990710_0000010/origin/1465176/mag/2">
    <mag>
      <value>3.3</value>
    </mag>
    <type>MD</type>
    <originID>quakeml:eu.emsc/event/19990710_0000010/origin/1465176</originID>
    <creationInfo>
      <agencyURI>smi:smi-registry/organization/EMSC</agencyURI>
      <authorURI>smi:smi-registry/organization/EMSC</authorURI>
    </creationInfo>
  </magnitude>
</event>
<event publicID="quakeml:eu.emsc/event/19990710_0000008">
  <preferredOriginID>quakeml:eu.emsc/event/19990710_0000008/origin/1465180</preferredOriginID>
  <preferredMagnitudeID>quakeml:eu.emsc/event/19990710_0000008/origin/1465180/mag/1</preferredMagnitudeID>
  <creationInfo>
    <agencyURI>smi:smi-registry/organization/EMSC</agencyURI>
    <authorURI>smi:smi-registry/organization/EMSC</authorURI>
    <creationTime>2014-12-03T11:18:55.975853Z</creationTime>
  </creationInfo>
  <description>
    <text>WESTERN MEDITERRANEAN SEA</text>
    <type>Flinn-Engdahl region</type>
  </description>
  <origin publicID="quakeml:eu.emsc/event/19990710_0000008/origin/1465180">
    <time>
      <value>1999-07-10T10:24:55.4Z</value>
      <uncertainty>0.29</uncertainty>
    </time>
    <latitude>
      <value>36.0328</value>
      <uncertainty>6.9</uncertainty>
    </latitude>
    <longitude>
      <value>-0.8878</value>
      <uncertainty>3.7</uncertainty>
    </longitude>
    <depth>
      <value>40000</value>
    </depth>
    <depthType>from location</depthType>
    <methodID>smi:eu.emsc-csem/origin_method/NA</methodID>
    <quality>
      <usedPhaseCount>75</usedPhaseCount>
      <usedStationCount>52</usedStationCount>
      <standardError>1.01</standardError>
      <azimuthalGap>188</azimuthalGap>
      <minimumDistance>1.42</minimumDistance>
      <maximumDistance>78.16</maximumDistance>
    </quality>
    <evaluationMode>manual</evaluationMode>
    <creationInfo>
      <agencyURI>smi:smi-registry/organization/EMSC</agencyURI>
      <authorURI>smi:smi-registry/organization/EMSC</authorURI>
    </creationInfo>
    <originUncertainty>
      <azimuthMaxHorizontalUncertainty>164</azimuthMaxHorizontalUncertainty>
    </originUncertainty>
  </origin>
  <magnitude publicID="quakeml:eu.emsc/event/19990710_0000008/origin/1465180/mag/1">
    <mag>
      <value>3.7</value>
      <uncertainty>0.3</uncertainty>
    </mag>
    <type>ML</type>
    <originID>quakeml:eu.emsc/event/19990710_0000008/origin/1465180</originID>
    <stationCount>23</stationCount>
    <creationInfo>
      <agencyURI>smi:smi-registry/organization/EMSC</agencyURI>
      <authorURI>smi:smi-registry/organization/EMSC</authorURI>
    </creationInfo>
  </magnitude>
</event>
<event publicID="quakeml:eu.emsc/event/19990710_0000009">
  <preferredOriginID>quakeml:eu.emsc/event/19990710_0000009/origin/1474178</preferredOriginID>
  <preferredMagnitudeID>quakeml:eu.emsc/event/19990710_0000009/origin/1474178/mag/2</preferredMagnitudeID>
  <creationInfo>
    <agencyURI>smi:smi-registry/organization/EMSC</agencyURI>
    <authorURI>smi:smi-registry/organization/EMSC</authorURI>
    <creationTime>2014-12-11T21:01:10.306096Z</creationTime>
  </creationInfo>
  <description>
    <text>GREECE</text>
    <type>Flinn-Engdahl region</type>
  </description>
  <origin publicID="quakeml:eu.emsc/event/19990710_0000009/origin/1474178">
    <time>
      <value>1999-07-10T08:20:06.2Z</value>
    </time>
    <latitude>
      <value>38.15</value>
      <uncertainty>9999.9</uncertainty>
    </latitude>
    <longitude>
      <value>20.48</value>
      <uncertainty>9999.9</uncertainty>
    </longitude>
    <depth>
      <value>5000</value>
    </depth>
    <depthType>from location</depthType>
    <methodID>smi:eu.emsc-csem/origin_method/NA</methodID>
    <quality>
      <usedPhaseCount>5</usedPhaseCount>
      <usedStationCount>5</usedStationCount>
      <standardError>2.33</standardError>
      <azimuthalGap>211</azimuthalGap>
      <minimumDistance>0.09</minimumDistance>
      <maximumDistance>1.65</maximumDistance>
    </quality>
    <evaluationMode>manual</evaluationMode>
    <creationInfo>
      <agencyURI>smi:smi-registry/organization/EMSC</agencyURI>
      <authorURI>smi:smi-registry/organization/EMSC</authorURI>
    </creationInfo>
    <originUncertainty>
      <azimuthMaxHorizontalUncertainty>-99</azimuthMaxHorizontalUncertainty>
    </originUncertainty>
  </origin>
  <magnitude publicID="quakeml:eu.emsc/event/19990710_0000009/origin/1474178/mag/2">
    <mag>
      <value>3</value>
    </mag>
    <type>MD</type>
    <originID>quakeml:eu.emsc/event/19990710_0000009/origin/1474178</originID>
    <creationInfo>
      <agencyURI>smi:smi-registry/organization/EMSC</agencyURI>
      <authorURI>smi:smi-registry/organization/EMSC</authorURI>
    </creationInfo>
  </magnitude>
</event>
<event publicID="quakeml:eu.emsc/event/19990710_0000005">
  <preferredOriginID>quakeml:eu.emsc/event/19990710_0000005/origin/1465186</preferredOriginID>
  <preferredMagnitudeID>quakeml:eu.emsc/event/19990710_0000005/origin/1465186/mag/1</preferredMagnitudeID>
  <creationInfo>
    <agencyURI>smi:smi-registry/organization/EMSC</agencyURI>
    <authorURI>smi:smi-registry/organization/EMSC</authorURI>
    <creationTime>2014-12-03T12:18:04.399337Z</creationTime>
  </creationInfo>
  <description>
    <text>NORTHERN ITALY</text>
    <type>Flinn-Engdahl region</type>
  </description>
  <origin publicID="quakeml:eu.emsc/event/19990710_0000005/origin/1465186">
    <time>
      <value>1999-07-10T07:56:43.2Z</value>
      <uncertainty>0.13</uncertainty>
    </time>
    <latitude>
      <value>44.2519</value>
      <uncertainty>3.4</uncertainty>
    </latitude>
    <longitude>
      <value>10.9528</value>
      <uncertainty>2.2</uncertainty>
    </longitude>
    <depth>
      <value>15000</value>
    </depth>
    <depthType>from location</depthType>
    <methodID>smi:eu.emsc-csem/origin_method/NA</methodID>
    <quality>
      <usedPhaseCount>195</usedPhaseCount>
      <usedStationCount>147</usedStationCount>
      <standardError>1.04</standardError>
      <azimuthalGap>41</azimuthalGap>
      <minimumDistance>0.67</minimumDistance>
      <maximumDistance>8</maximumDistance>
    </quality>
    <evaluationMode>manual</evaluationMode>
    <creationInfo>
      <agencyURI>smi:smi-registry/organization/EMSC</agencyURI>
      <authorURI>smi:smi-registry/organization/EMSC</authorURI>
    </creationInfo>
    <originUncertainty>
      <azimuthMaxHorizontalUncertainty>157</azimuthMaxHorizontalUncertainty>
    </originUncertainty>
  </origin>
  <magnitude publicID="quakeml:eu.emsc/event/19990710_0000005/origin/1465186/mag/1">
    <mag>
      <value>3.8</value>
      <uncertainty>0.2</uncertainty>
    </mag>
    <type>ML</type>
    <originID>quakeml:eu.emsc/event/19990710_0000005/origin/1465186</originID>
    <stationCount>9</stationCount>
    <creationInfo>
      <agencyURI>smi:smi-registry/organization/EMSC</agencyURI>
      <authorURI>smi:smi-registry/organization/EMSC</authorURI>
    </creationInfo>
  </magnitude>
</event>
<event publicID="quakeml:eu.emsc/event/19990710_0000007">
  <preferredOriginID>quakeml:eu.emsc/event/19990710_0000007/origin/1474180</preferredOriginID>
  <preferredMagnitudeID>quakeml:eu.emsc/event/19990710_0000007/origin/1474180/mag/2</preferredMagnitudeID>
  <creationInfo>
    <agencyURI>smi:smi-registry/organization/EMSC</agencyURI>
    <authorURI>smi:smi-registry/organization/EMSC</authorURI>
    <creationTime>2014-12-11T21:00:15.858622Z</creationTime>
  </creationInfo>
  <description>
    <text>CRETE, GREECE</text>
    <type>Flinn-Engdahl region</type>
  </description>
  <origin publicID="quakeml:eu.emsc/event/19990710_0000007/origin/1474180">
    <time>
      <value>1999-07-10T06:27:55.6Z</value>
    </time>
    <latitude>
      <value>35.38</value>
      <uncertainty>9999.9</uncertainty>
    </latitude>
    <longitude>
      <value>25.94</value>
      <uncertainty>9999.9</uncertainty>
    </longitude>
    <depth>
      <value>5000</value>
    </depth>
    <depthType>from location</depthType>
    <methodID>smi:eu.emsc-csem/origin_method/NA</methodID>
    <quality>
      <usedPhaseCount>7</usedPhaseCount>
      <usedStationCount>7</usedStationCount>
      <standardError>1.01</standardError>
      <azimuthalGap>166</azimuthalGap>
      <minimumDistance>0.29</minimumDistance>
      <maximumDistance>2.78</maximumDistance>
    </quality>
    <evaluationMode>manual</evaluationMode>
    <creationInfo>
      <agencyURI>smi:smi-registry/organization/EMSC</agencyURI>
      <authorURI>smi:smi-registry/organization/EMSC</authorURI>
    </creationInfo>
    <originUncertainty>
      <azimuthMaxHorizontalUncertainty>-99</azimuthMaxHorizontalUncertainty>
    </originUncertainty>
  </origin>
  <magnitude publicID="quakeml:eu.emsc/event/19990710_0000007/origin/1474180/mag/2">
    <mag>
      <value>3.5</value>
    </mag>
    <type>MD</type>
    <originID>quakeml:eu.emsc/event/19990710_0000007/origin/1474180</originID>
    <creationInfo>
      <agencyURI>smi:smi-registry/organization/EMSC</agencyURI>
      <authorURI>smi:smi-registry/organization/EMSC</authorURI>
    </creationInfo>
  </magnitude>
</event>
<event publicID="quakeml:eu.emsc/event/19990710_0000006">
  <preferredOriginID>quakeml:eu.emsc/event/19990710_0000006/origin/1474182</preferredOriginID>
  <preferredMagnitudeID>quakeml:eu.emsc/event/19990710_0000006/origin/1474182/mag/2</preferredMagnitudeID>
  <creationInfo>
    <agencyURI>smi:smi-registry/organization/EMSC</agencyURI>
    <authorURI>smi:smi-registry/organization/EMSC</authorURI>
    <creationTime>2014-12-11T20:59:43.72191Z</creationTime>
  </creationInfo>
  <description>
    <text>SOUTHERN GREECE</text>
    <type>Flinn-Engdahl region</type>
  </description>
  <origin publicID="quakeml:eu.emsc/event/19990710_0000006/origin/1474182">
    <time>
      <value>1999-07-10T05:14:52.8Z</value>
    </time>
    <latitude>
      <value>36.25</value>
      <uncertainty>9999.9</uncertainty>
    </latitude>
    <longitude>
      <value>22.18</value>
      <uncertainty>9999.9</uncertainty>
    </longitude>
    <depth>
      <value>8000</value>
    </depth>
    <depthType>from location</depthType>
    <methodID>smi:eu.emsc-csem/origin_method/NA</methodID>
    <quality>
      <usedPhaseCount>5</usedPhaseCount>
      <usedStationCount>5</usedStationCount>
      <standardError>1.94</standardError>
      <azimuthalGap>260</azimuthalGap>
      <minimumDistance>0.69</minimumDistance>
      <maximumDistance>2.68</maximumDistance>
    </quality>
    <evaluationMode>manual</evaluationMode>
    <creationInfo>
      <agencyURI>smi:smi-registry/organization/EMSC</agencyURI>
      <authorURI>smi:smi-registry/organization/EMSC</authorURI>
    </creationInfo>
    <originUncertainty>
      <azimuthMaxHorizontalUncertainty>-99</azimuthMaxHorizontalUncertainty>
    </originUncertainty>
  </origin>
  <magnitude publicID="quakeml:eu.emsc/event/19990710_0000006/origin/1474182/mag/2">
    <mag>
      <value>3.1</value>
    </mag>
    <type>MD</type>
    <originID>quakeml:eu.emsc/event/19990710_0000006/origin/1474182</originID>
    <creationInfo>
      <agencyURI>smi:smi-registry/organization/EMSC</agencyURI>
      <authorURI>smi:smi-registry/organization/EMSC</authorURI>
    </creationInfo>
  </magnitude>
</event>
<event publicID="quakeml:eu.emsc/event/19990710_0000004">
  <preferredOriginID>quakeml:eu.emsc/event/19990710_0000004/origin/1465188</preferredOriginID>
  <preferredMagnitudeID>quakeml:eu.emsc/event/19990710_0000004/origin/1465188/mag/2</preferredMagnitudeID>
  <creationInfo>
    <agencyURI>smi:smi-registry/organization/EMSC</agencyURI>
    <authorURI>smi:smi-registry/organization/EMSC</authorURI>
    <creationTime>2014-12-03T11:56:01.296495Z</creationTime>
  </creationInfo>
  <description>
    <text>GREECE</text>
    <type>Flinn-Engdahl region</type>
  </description>
  <origin publicID="quakeml:eu.emsc/event/19990710_0000004/origin/1465188">
    <time>
      <value>1999-07-10T05:13:09.3Z</value>
      <uncertainty>0.36</uncertainty>
    </time>
    <latitude>
      <value>39.3666</value>
      <uncertainty>11.9</uncertainty>
    </latitude>
    <longitude>
      <value>20.4989</value>
      <uncertainty>9.8</uncertainty>
    </longitude>
    <depth>
      <value>5000</value>
    </depth>
    <depthType>from location</depthType>
    <methodID>smi:eu.emsc-csem/origin_method/NA</methodID>
    <quality>
      <usedPhaseCount>6</usedPhaseCount>
      <usedStationCount>6</usedStationCount>
      <standardError>0.57</standardError>
      <azimuthalGap>126</azimuthalGap>
      <minimumDistance>0.4</minimumDistance>
      <maximumDistance>1.7</maximumDistance>
    </quality>
    <evaluationMode>manual</evaluationMode>
    <creationInfo>
      <agencyURI>smi:smi-registry/organization/EMSC</agencyURI>
      <authorURI>smi:smi-registry/organization/EMSC</authorURI>
    </creationInfo>
    <originUncertainty>
      <azimuthMaxHorizontalUncertainty>23</azimuthMaxHorizontalUncertainty>
    </originUncertainty>
  </origin>
  <magnitude publicID="quakeml:eu.emsc/event/19990710_0000004/origin/1465188/mag/2">
    <mag>
      <value>2.8</value>
    </mag>
    <type>MD</type>
    <originID>quakeml:eu.emsc/event/19990710_0000004/origin/1465188</originID>
    <creationInfo>
      <agencyURI>smi:smi-registry/organization/EMSC</agencyURI>
      <authorURI>smi:smi-registry/organization/EMSC</authorURI>
    </creationInfo>
  </magnitude>
</event>
<event publicID="quakeml:eu.emsc/event/19990710_0000002">
  <preferredOriginID>quakeml:eu.emsc/event/19990710_0000002/origin/1465192</preferredOriginID>
  <preferredMagnitudeID>quakeml:eu.emsc/event/19990710_0000002/origin/1465192/mag/2</preferredMagnitudeID>
  <creationInfo>
    <agencyURI>smi:smi-registry/organization/EMSC</agencyURI>
    <authorURI>smi:smi-registry/organization/EMSC</authorURI>
    <creationTime>2014-12-03T11:06:39.145869Z</creationTime>
  </creationInfo>
  <description>
    <text>WESTERN IRAN</text>
    <type>Flinn-Engdahl region</type>
  </description>
  <origin publicID="quakeml:eu.emsc/event/19990710_0000002/origin/1465192">
    <time>
      <value>1999-07-10T05:05:45.8Z</value>
      <uncertainty>0.66</uncertainty>
    </time>
    <latitude>
      <value>32.2871</value>
      <uncertainty>25.2</uncertainty>
    </latitude>
    <longitude>
      <value>48.1549</value>
      <uncertainty>8.2</uncertainty>
    </longitude>
    <depth>
      <value>40000</value>
    </depth>
    <depthType>from location</depthType>
    <methodID>smi:eu.emsc-csem/origin_method/NA</methodID>
    <quality>
      <usedPhaseCount>47</usedPhaseCount>
      <usedStationCount>46</usedStationCount>
      <standardError>0.63</standardError>
      <azimuthalGap>221</azimuthalGap>
      <minimumDistance>11.63</minimumDistance>
      <maximumDistance>50</maximumDistance>
    </quality>
    <evaluationMode>manual</evaluationMode>
    <creationInfo>
      <agencyURI>smi:smi-registry/organization/EMSC</agencyURI>
      <authorURI>smi:smi-registry/organization/EMSC</authorURI>
    </creationInfo>
    <originUncertainty>
      <azimuthMaxHorizontalUncertainty>157</azimuthMaxHorizontalUncertainty>
    </originUncertainty>
  </origin>
  <magnitude publicID="quakeml:eu.emsc/event/19990710_0000002/origin/1465192/mag/2">
    <mag>
      <value>4.5</value>
      <uncertainty>0.3</uncertainty>
    </mag>
    <type>mb</type>
    <originID>quakeml:eu.emsc/event/19990710_0000002/origin/1465192</originID>
    <stationCount>29</stationCount>
    <creationInfo>
      <agencyURI>smi:smi-registry/organization/EMSC</agencyURI>
      <authorURI>smi:smi-registry/organization/EMSC</authorURI>
    </creationInfo>
  </magnitude>
</event>
<event publicID="quakeml:eu.emsc/event/19990710_0000003">
  <preferredOriginID>quakeml:eu.emsc/event/19990710_0000003/origin/1474184</preferredOriginID>
  <preferredMagnitudeID>quakeml:eu.emsc/event/19990710_0000003/origin/1474184/mag/2</preferredMagnitudeID>
  <creationInfo>
    <agencyURI>smi:smi-registry/organization/EMSC</agencyURI>
    <authorURI>smi:smi-registry/organization/EMSC</authorURI>
    <creationTime>2014-12-11T20:58:34.680507Z</creationTime>
  </creationInfo>
  <description>
    <text>CENTRAL TURKEY</text>
    <type>Flinn-Engdahl region</type>
  </description>
  <origin publicID="quakeml:eu.emsc/event/19990710_0000003/origin/1474184">
    <time>
      <value>1999-07-10T04:18:45.5Z</value>
    </time>
    <latitude>
      <value>40.612</value>
      <uncertainty>9999.9</uncertainty>
    </latitude>
    <longitude>
      <value>33.057</value>
      <uncertainty>9999.9</uncertainty>
    </longitude>
    <depth>
      <value>7000</value>
    </depth>
    <depthType>from location</depthType>
    <methodID>smi:eu.emsc-csem/origin_method/NA</methodID>
    <quality>
      <usedPhaseCount>9</usedPhaseCount>
      <usedStationCount>7</usedStationCount>
      <standardError>1.07</standardError>
      <azimuthalGap>141</azimuthalGap>
      <minimumDistance>1.41</minimumDistance>
      <maximumDistance>2.81</maximumDistance>
    </quality>
    <evaluationMode>manual</evaluationMode>
    <creationInfo>
      <agencyURI>smi:smi-registry/organization/EMSC</agencyURI>
      <authorURI>smi:smi-registry/organization/EMSC</authorURI>
    </creationInfo>
    <originUncertainty>
      <azimuthMaxHorizontalUncertainty>-99</azimuthMaxHorizontalUncertainty>
    </originUncertainty>
  </origin>
  <magnitude publicID="quakeml:eu.emsc/event/19990710_0000003/origin/1474184/mag/2">
    <mag>
      <value>3.5</value>
    </mag>
    <type>MD</type>
    <originID>quakeml:eu.emsc/event/19990710_0000003/origin/1474184</originID>
    <creationInfo>
      <agencyURI>smi:smi-registry/organization/EMSC</agencyURI>
      <authorURI>smi:smi-registry/organization/EMSC</authorURI>
    </creationInfo>
  </magnitude>
</event>
<event publicID="quakeml:eu.emsc/event/19990710_0000001">
  <preferredOriginID>quakeml:eu.emsc/event/19990710_0000001/origin/1465195</preferredOriginID>
  <preferredMagnitudeID>quakeml:eu.emsc/event/19990710_0000001/origin/1465195/mag/2</preferredMagnitudeID>
  <creationInfo>
    <agencyURI>smi:smi-registry/organization/EMSC</agencyURI>
    <authorURI>smi:smi-registry/organization/EMSC</authorURI>
    <creationTime>2014-12-03T11:51:28.338765Z</creationTime>
  </creationInfo>
  <description>
    <text>CENTRAL TURKEY</text>
    <type>Flinn-Engdahl region</type>
  </description>
  <origin publicID="quakeml:eu.emsc/event/19990710_0000001/origin/1465195">
    <time>
      <value>1999-07-10T00:45:48.6Z</value>
      <uncertainty>0.18</uncertainty>
    </time>
    <latitude>
      <value>40.7098</value>
      <uncertainty>7.4</uncertainty>
    </latitude>
    <longitude>
      <value>33.0395</value>
      <uncertainty>4.1</uncertainty>
    </longitude>
    <depth>
      <value>15000</value>
    </depth>
    <depthType>from location</depthType>
    <methodID>smi:eu.emsc-csem/origin_method/NA</methodID>
    <quality>
      <usedPhaseCount>22</usedPhaseCount>
      <usedStationCount>20</usedStationCount>
      <standardError>0.71</standardError>
      <azimuthalGap>74</azimuthalGap>
      <minimumDistance>1.41</minimumDistance>
      <maximumDistance>37.73</maximumDistance>
    </quality>
    <evaluationMode>manual</evaluationMode>
    <creationInfo>
      <agencyURI>smi:smi-registry/organization/EMSC</agencyURI>
      <authorURI>smi:smi-registry/organization/EMSC</authorURI>
    </creationInfo>
    <originUncertainty>
      <azimuthMaxHorizontalUncertainty>160</azimuthMaxHorizontalUncertainty>
    </originUncertainty>
  </origin>
  <magnitude publicID="quakeml:eu.emsc/event/19990710_0000001/origin/1465195/mag/2">
    <mag>
      <value>4</value>
    </mag>
    <type>MD</type>
    <originID>quakeml:eu.emsc/event/19990710_0000001/origin/1465195</originID>
    <creationInfo>
      <agencyURI>smi:smi-registry/organization/EMSC</agencyURI>
      <authorURI>smi:smi-registry/organization/EMSC</authorURI>
    </creationInfo>
  </magnitude>
</event>
<event publicID="quakeml:eu.emsc/event/19990710_0000022">
  <preferredOriginID>quakeml:eu.emsc/event/19990710_0000022/origin/1474186</preferredOriginID>
  <preferredMagnitudeID>quakeml:eu.emsc/event/19990710_0000022/origin/1474186/mag/2</preferredMagnitudeID>
  <creationInfo>
    <agencyURI>smi:smi-registry/organization/EMSC</agencyURI>
    <authorURI>smi:smi-registry/organization/EMSC</authorURI>
    <creationTime>2014-12-10T13:06:29.104366Z</creationTime>
  </creationInfo>
  <description>
    <text>FRANCE</text>
    <type>Flinn-Engdahl region</type>
  </description>
  <origin publicID="quakeml:eu.emsc/event/19990710_0000022/origin/1474186">
    <time>
      <value>1999-07-10T00:10:48.0Z</value>
    </time>
    <latitude>
      <value>45.5622</value>
      <uncertainty>9999.9</uncertainty>
    </latitude>
    <longitude>
      <value>6.1352</value>
      <uncertainty>9999.9</uncertainty>
    </longitude>
    <depth>
      <value>4300.0</value>
    </depth>
    <depthType>from location</depthType>
    <methodID>smi:eu.emsc-csem/origin_method/NA</methodID>
    <quality>
      <usedPhaseCount>38</usedPhaseCount>
      <usedStationCount>17</usedStationCount>
      <standardError>1.83</standardError>
      <azimuthalGap>81</azimuthalGap>
      <minimumDistance>0.42</minimumDistance>
      <maximumDistance>2.96</maximumDistance>
    </quality>
    <evaluationMode>manual</evaluationMode>
    <creationInfo>
      <agencyURI>smi:smi-registry/organization/EMSC</agencyURI>
      <authorURI>smi:smi-registry/organization/EMSC</authorURI>
    </creationInfo>
    <originUncertainty>
      <azimuthMaxHorizontalUncertainty>-99</azimuthMaxHorizontalUncertainty>
    </originUncertainty>
  </origin>
  <magnitude publicID="quakeml:eu.emsc/event/19990710_0000022/origin/1474186/mag/2">
    <mag>
      <value>2.1</value>
    </mag>
    <type>ML</type>
    <originID>quakeml:eu.emsc/event/19990710_0000022/origin/1474186</originID>
    <stationCount>14</stationCount>
    <creationInfo>
      <agencyURI>smi:smi-registry/organization/EMSC</agencyURI>
      <authorURI>smi:smi-registry/organization/EMSC</authorURI>
    </creationInfo>
  </magnitude>
</event>
<event publicID="quakeml:eu.emsc/event/19990710_0000025">
  <preferredOriginID>quakeml:eu.emsc/event/19990710_0000025/origin/1464988</preferredOriginID>
  <preferredMagnitudeID>quakeml:eu.emsc/event/19990710_0000025/origin/1464988/mag/1</preferredMagnitudeID>
  <creationInfo>
    <agencyURI>smi:smi-registry/organization/EMSC</agencyURI>
    <authorURI>smi:smi-registry/organization/EMSC</authorURI>
    <creationTime>2014-12-03T16:51:37.688558Z</creationTime>
  </creationInfo>
  <description>
    <text>FRANCE</text>
    <type>Flinn-Engdahl region</type>
  </description>
  <origin publicID="quakeml:eu.emsc/event/19990710_0000025/origin/1464988">
    <time>
      <value>1999-07-10T00:08:58.8Z</value>
      <uncertainty>0.13</uncertainty>
    </time>
    <latitude>
      <value>46.0245</value>
      <uncertainty>2.5</uncertainty>
    </latitude>
    <longitude>
      <value>5.6274</value>
      <uncertainty>2.4</uncertainty>
    </longitude>
    <depth>
      <value>10000</value>
    </depth>
    <depthType>from location</depthType>
    <methodID>smi:eu.emsc-csem/origin_method/NA</methodID>
    <quality>
      <usedPhaseCount>45</usedPhaseCount>
      <usedStationCount>22</usedStationCount>
      <standardError>0.96</standardError>
      <azimuthalGap>94</azimuthalGap>
      <minimumDistance>0.67</minimumDistance>
      <maximumDistance>2.76</maximumDistance>
    </quality>
    <evaluationMode>manual</evaluationMode>
    <creationInfo>
      <agencyURI>smi:smi-registry/organization/EMSC</agencyURI>
      <authorURI>smi:smi-registry/organization/EMSC</authorURI>
    </creationInfo>
    <originUncertainty>
      <azimuthMaxHorizontalUncertainty>119</azimuthMaxHorizontalUncertainty>
    </originUncertainty>
  </origin>
  <magnitude publicID="quakeml:eu.emsc/event/19990710_0000025/origin/1464988/mag/1">
    <mag>
      <value>2.1</value>
      <uncertainty>0.4</uncertainty>
    </mag>
    <type>ML</type>
    <originID>quakeml:eu.emsc/event/19990710_0000025/origin/1464988</originID>
    <stationCount>14</stationCount>
    <creationInfo>
      <agencyURI>smi:smi-registry/organization/EMSC</agencyURI>
      <authorURI>smi:smi-registry/organization/EMSC</authorURI>
    </creationInfo>
  </magnitude>
</event>
</eventParameters>
</q:quakeml>
